relative_path,case_id,slide_id,label,probability,prediction
non-tumour/TCGA-4T-AA8H-01Z-00-DX1_13312_11776.jpg,TCGA-4T-AA8H,TCGA-4T-AA8H-01Z-00-DX1,0,0.21759821,0
non-tumour/TCGA-4T-AA8H-01Z-00-DX1_13312_6144.jpg,TCGA-4T-AA8H,TCGA-4T-AA8H-01Z-00-DX1,0,0.06359777,0
non-tumour/TCGA-4T-AA8H-01Z-00-DX1_13312_7168.jpg,TCGA-4T-AA8H,TCGA-4T-AA8H-01Z-00-DX1,0,0.0997875,0
non-tumour/TCGA-4T-AA8H-01Z-00-DX1_13824_10240.jpg,TCGA-4T-AA8H,TCGA-4T-AA8H-01Z-00-DX1,0,0.22914438,0
non-tumour/TCGA-4T-AA8H-01Z-00-DX1_13824_11264.jpg,TCGA-4T-AA8H,TCGA-4T-AA8H-01Z-00-DX1,0,0.01435056,0
non-tumour/TCGA-4T-AA8H-01Z-00-DX1_13824_5632.jpg,TCGA-4T-AA8H,TCGA-4T-AA8H-01Z-00-DX1,0,0.9729566,1
non-tumour/TCGA-4T-AA8H-01Z-00-DX1_13824_7168.jpg,TCGA-4T-AA8H,TCGA-4T-AA8H-01Z-00-DX1,0,0.7766499,1
non-tumour/TCGA-4T-AA8H-01Z-00-DX1_13824_8704.jpg,TCGA-4T-AA8H,TCGA-4T-AA8H-01Z-00-DX1,0,0.6768872,1
non-tumour/TCGA-4T-AA8H-01Z-00-DX1_13824_9216.jpg,TCGA-4T-AA8H,TCGA-4T-AA8H-01Z-00-DX1,0,0.42911685,0
non-tumour/TCGA-4T-AA8H-01Z-00-DX1_14336_10752.jpg,TCGA-4T-AA8H,TCGA-4T-AA8H-01Z-00-DX1,0,2.0404044e-05,0
non-tumour/TCGA-4T-AA8H-01Z-00-DX1_14336_11776.jpg,TCGA-4T-AA8H,TCGA-4T-AA8H-01Z-00-DX1,0,0.21407653,0
non-tumour/TCGA-4T-AA8H-01Z-00-DX1_14336_5120.jpg,TCGA-4T-AA8H,TCGA-4T-AA8H-01Z-00-DX1,0,0.9084584,1
non-tumour/TCGA-4T-AA8H-01Z-00-DX1_14336_6144.jpg,TCGA-4T-AA8H,TCGA-4T-AA8H-01Z-00-DX1,0,0.26715794,0
non-tumour/TCGA-4T-AA8H-01Z-00-DX1_14336_7168.jpg,TCGA-4T-AA8H,TCGA-4T-AA8H-01Z-00-DX1,0,0.8539798,1
non-tumour/TCGA-4T-AA8H-01Z-00-DX1_14336_7680.jpg,TCGA-4T-AA8H,TCGA-4T-AA8H-01Z-00-DX1,0,0.7240141,1
non-tumour/TCGA-4T-AA8H-01Z-00-DX1_14336_8192.jpg,TCGA-4T-AA8H,TCGA-4T-AA8H-01Z-00-DX1,0,0.84776443,1
non-tumour/TCGA-4T-AA8H-01Z-00-DX1_14336_8704.jpg,TCGA-4T-AA8H,TCGA-4T-AA8H-01Z-00-DX1,0,0.6234116,1
non-tumour/TCGA-4T-AA8H-01Z-00-DX1_14336_9216.jpg,TCGA-4T-AA8H,TCGA-4T-AA8H-01Z-00-DX1,0,0.09870181,0
non-tumour/TCGA-4T-AA8H-01Z-00-DX1_14336_9728.jpg,TCGA-4T-AA8H,TCGA-4T-AA8H-01Z-00-DX1,0,0.10693618,0
non-tumour/TCGA-4T-AA8H-01Z-00-DX1_14848_10240.jpg,TCGA-4T-AA8H,TCGA-4T-AA8H-01Z-00-DX1,0,0.0047200555,0
non-tumour/TCGA-4T-AA8H-01Z-00-DX1_14848_10752.jpg,TCGA-4T-AA8H,TCGA-4T-AA8H-01Z-00-DX1,0,0.022404224,0
non-tumour/TCGA-4T-AA8H-01Z-00-DX1_14848_11264.jpg,TCGA-4T-AA8H,TCGA-4T-AA8H-01Z-00-DX1,0,0.0013239091,0
non-tumour/TCGA-4T-AA8H-01Z-00-DX1_14848_5632.jpg,TCGA-4T-AA8H,TCGA-4T-AA8H-01Z-00-DX1,0,0.107321665,0
non-tumour/TCGA-4T-AA8H-01Z-00-DX1_14848_6144.jpg,TCGA-4T-AA8H,TCGA-4T-AA8H-01Z-00-DX1,0,0.1056921,0
non-tumour/TCGA-4T-AA8H-01Z-00-DX1_14848_6656.jpg,TCGA-4T-AA8H,TCGA-4T-AA8H-01Z-00-DX1,0,0.6512673,1
non-tumour/TCGA-4T-AA8H-01Z-00-DX1_14848_7168.jpg,TCGA-4T-AA8H,TCGA-4T-AA8H-01Z-00-DX1,0,0.023027178,0
non-tumour/TCGA-4T-AA8H-01Z-00-DX1_14848_7680.jpg,TCGA-4T-AA8H,TCGA-4T-AA8H-01Z-00-DX1,0,0.69373024,1
non-tumour/TCGA-4T-AA8H-01Z-00-DX1_14848_8704.jpg,TCGA-4T-AA8H,TCGA-4T-AA8H-01Z-00-DX1,0,0.64837104,1
non-tumour/TCGA-4T-AA8H-01Z-00-DX1_14848_9216.jpg,TCGA-4T-AA8H,TCGA-4T-AA8H-01Z-00-DX1,0,0.6819659,1
non-tumour/TCGA-4T-AA8H-01Z-00-DX1_14848_9728.jpg,TCGA-4T-AA8H,TCGA-4T-AA8H-01Z-00-DX1,0,0.045097854,0
non-tumour/TCGA-4T-AA8H-01Z-00-DX1_15360_10240.jpg,TCGA-4T-AA8H,TCGA-4T-AA8H-01Z-00-DX1,0,0.0006709107,0
non-tumour/TCGA-4T-AA8H-01Z-00-DX1_15360_10752.jpg,TCGA-4T-AA8H,TCGA-4T-AA8H-01Z-00-DX1,0,0.002748516,0
non-tumour/TCGA-4T-AA8H-01Z-00-DX1_15360_5632.jpg,TCGA-4T-AA8H,TCGA-4T-AA8H-01Z-00-DX1,0,0.99947566,1
non-tumour/TCGA-4T-AA8H-01Z-00-DX1_15360_6144.jpg,TCGA-4T-AA8H,TCGA-4T-AA8H-01Z-00-DX1,0,0.87769955,1
non-tumour/TCGA-4T-AA8H-01Z-00-DX1_15360_7168.jpg,TCGA-4T-AA8H,TCGA-4T-AA8H-01Z-00-DX1,0,0.75274193,1
non-tumour/TCGA-4T-AA8H-01Z-00-DX1_15360_8192.jpg,TCGA-4T-AA8H,TCGA-4T-AA8H-01Z-00-DX1,0,0.7304602,1
non-tumour/TCGA-4T-AA8H-01Z-00-DX1_15360_9728.jpg,TCGA-4T-AA8H,TCGA-4T-AA8H-01Z-00-DX1,0,0.52089703,1
non-tumour/TCGA-4T-AA8H-01Z-00-DX1_15872_10240.jpg,TCGA-4T-AA8H,TCGA-4T-AA8H-01Z-00-DX1,0,0.5374126,1
non-tumour/TCGA-4T-AA8H-01Z-00-DX1_15872_5632.jpg,TCGA-4T-AA8H,TCGA-4T-AA8H-01Z-00-DX1,0,0.011371917,0
non-tumour/TCGA-4T-AA8H-01Z-00-DX1_15872_6656.jpg,TCGA-4T-AA8H,TCGA-4T-AA8H-01Z-00-DX1,0,0.016521791,0
non-tumour/TCGA-4T-AA8H-01Z-00-DX1_15872_7168.jpg,TCGA-4T-AA8H,TCGA-4T-AA8H-01Z-00-DX1,0,0.011291177,0
non-tumour/TCGA-4T-AA8H-01Z-00-DX1_15872_7680.jpg,TCGA-4T-AA8H,TCGA-4T-AA8H-01Z-00-DX1,0,0.003435992,0
non-tumour/TCGA-4T-AA8H-01Z-00-DX1_15872_8192.jpg,TCGA-4T-AA8H,TCGA-4T-AA8H-01Z-00-DX1,0,0.10933472,0
non-tumour/TCGA-4T-AA8H-01Z-00-DX1_15872_9216.jpg,TCGA-4T-AA8H,TCGA-4T-AA8H-01Z-00-DX1,0,0.7289268,1
non-tumour/TCGA-4T-AA8H-01Z-00-DX1_16384_11776.jpg,TCGA-4T-AA8H,TCGA-4T-AA8H-01Z-00-DX1,0,0.8225796,1
non-tumour/TCGA-4T-AA8H-01Z-00-DX1_16384_7168.jpg,TCGA-4T-AA8H,TCGA-4T-AA8H-01Z-00-DX1,0,0.07729904,0
non-tumour/TCGA-4T-AA8H-01Z-00-DX1_16384_7680.jpg,TCGA-4T-AA8H,TCGA-4T-AA8H-01Z-00-DX1,0,0.0019395475,0
non-tumour/TCGA-4T-AA8H-01Z-00-DX1_16384_8192.jpg,TCGA-4T-AA8H,TCGA-4T-AA8H-01Z-00-DX1,0,0.03555471,0
non-tumour/TCGA-4T-AA8H-01Z-00-DX1_16384_8704.jpg,TCGA-4T-AA8H,TCGA-4T-AA8H-01Z-00-DX1,0,0.09312494,0
non-tumour/TCGA-4T-AA8H-01Z-00-DX1_16896_10752.jpg,TCGA-4T-AA8H,TCGA-4T-AA8H-01Z-00-DX1,0,0.0038801262,0
non-tumour/TCGA-4T-AA8H-01Z-00-DX1_17408_12288.jpg,TCGA-4T-AA8H,TCGA-4T-AA8H-01Z-00-DX1,0,0.7070967,1
non-tumour/TCGA-4T-AA8H-01Z-00-DX1_3072_35328.jpg,TCGA-4T-AA8H,TCGA-4T-AA8H-01Z-00-DX1,0,0.26342314,0
non-tumour/TCGA-4T-AA8H-01Z-00-DX1_3584_32768.jpg,TCGA-4T-AA8H,TCGA-4T-AA8H-01Z-00-DX1,0,0.52844584,1
non-tumour/TCGA-4T-AA8H-01Z-00-DX1_3584_34816.jpg,TCGA-4T-AA8H,TCGA-4T-AA8H-01Z-00-DX1,0,0.003329041,0
non-tumour/TCGA-4T-AA8H-01Z-00-DX1_3584_35328.jpg,TCGA-4T-AA8H,TCGA-4T-AA8H-01Z-00-DX1,0,0.8882012,1
non-tumour/TCGA-4T-AA8H-01Z-00-DX1_3584_35840.jpg,TCGA-4T-AA8H,TCGA-4T-AA8H-01Z-00-DX1,0,0.6685294,1
non-tumour/TCGA-4T-AA8H-01Z-00-DX1_4096_32256.jpg,TCGA-4T-AA8H,TCGA-4T-AA8H-01Z-00-DX1,0,0.9697148,1
non-tumour/TCGA-4T-AA8H-01Z-00-DX1_4096_33280.jpg,TCGA-4T-AA8H,TCGA-4T-AA8H-01Z-00-DX1,0,0.18158239,0
non-tumour/TCGA-4T-AA8H-01Z-00-DX1_4096_35328.jpg,TCGA-4T-AA8H,TCGA-4T-AA8H-01Z-00-DX1,0,0.9722235,1
non-tumour/TCGA-4T-AA8H-01Z-00-DX1_4096_36864.jpg,TCGA-4T-AA8H,TCGA-4T-AA8H-01Z-00-DX1,0,0.35300526,0
non-tumour/TCGA-4T-AA8H-01Z-00-DX1_4608_33280.jpg,TCGA-4T-AA8H,TCGA-4T-AA8H-01Z-00-DX1,0,0.76826745,1
non-tumour/TCGA-4T-AA8H-01Z-00-DX1_4608_35840.jpg,TCGA-4T-AA8H,TCGA-4T-AA8H-01Z-00-DX1,0,0.57357925,1
non-tumour/TCGA-4T-AA8H-01Z-00-DX1_4608_36864.jpg,TCGA-4T-AA8H,TCGA-4T-AA8H-01Z-00-DX1,0,0.00043628967,0
non-tumour/TCGA-4T-AA8H-01Z-00-DX1_5120_33792.jpg,TCGA-4T-AA8H,TCGA-4T-AA8H-01Z-00-DX1,0,0.5024863,1
non-tumour/TCGA-4T-AA8H-01Z-00-DX1_5120_34304.jpg,TCGA-4T-AA8H,TCGA-4T-AA8H-01Z-00-DX1,0,0.026757943,0
non-tumour/TCGA-4T-AA8H-01Z-00-DX1_5120_35840.jpg,TCGA-4T-AA8H,TCGA-4T-AA8H-01Z-00-DX1,0,0.68180335,1
non-tumour/TCGA-4T-AA8H-01Z-00-DX1_5120_36864.jpg,TCGA-4T-AA8H,TCGA-4T-AA8H-01Z-00-DX1,0,0.06731885,0
non-tumour/TCGA-4T-AA8H-01Z-00-DX1_5632_34304.jpg,TCGA-4T-AA8H,TCGA-4T-AA8H-01Z-00-DX1,0,0.7095382,1
non-tumour/TCGA-4T-AA8H-01Z-00-DX1_5632_34816.jpg,TCGA-4T-AA8H,TCGA-4T-AA8H-01Z-00-DX1,0,0.5081405,1
non-tumour/TCGA-4T-AA8H-01Z-00-DX1_5632_35328.jpg,TCGA-4T-AA8H,TCGA-4T-AA8H-01Z-00-DX1,0,0.662715,1
non-tumour/TCGA-4T-AA8H-01Z-00-DX1_5632_36864.jpg,TCGA-4T-AA8H,TCGA-4T-AA8H-01Z-00-DX1,0,0.1395485,0
non-tumour/TCGA-AD-6548-01Z-00-DX1_1024_8704.jpg,TCGA-AD-6548,TCGA-AD-6548-01Z-00-DX1,0,0.083171636,0
non-tumour/TCGA-AD-6548-01Z-00-DX1_1536_8192.jpg,TCGA-AD-6548,TCGA-AD-6548-01Z-00-DX1,0,0.06405879,0
non-tumour/TCGA-AD-6548-01Z-00-DX1_1536_9216.jpg,TCGA-AD-6548,TCGA-AD-6548-01Z-00-DX1,0,0.022832757,0
non-tumour/TCGA-AD-6548-01Z-00-DX1_1536_9728.jpg,TCGA-AD-6548,TCGA-AD-6548-01Z-00-DX1,0,0.017446548,0
non-tumour/TCGA-AD-6548-01Z-00-DX1_2048_8192.jpg,TCGA-AD-6548,TCGA-AD-6548-01Z-00-DX1,0,0.002314015,0
non-tumour/TCGA-AD-6548-01Z-00-DX1_2048_8704.jpg,TCGA-AD-6548,TCGA-AD-6548-01Z-00-DX1,0,0.00013613132,0
non-tumour/TCGA-AD-6548-01Z-00-DX1_2560_10240.jpg,TCGA-AD-6548,TCGA-AD-6548-01Z-00-DX1,0,0.035449207,0
non-tumour/TCGA-AD-6548-01Z-00-DX1_2560_10752.jpg,TCGA-AD-6548,TCGA-AD-6548-01Z-00-DX1,0,0.26246336,0
non-tumour/TCGA-AD-6548-01Z-00-DX1_2560_8704.jpg,TCGA-AD-6548,TCGA-AD-6548-01Z-00-DX1,0,0.0061647343,0
non-tumour/TCGA-AD-6548-01Z-00-DX1_3072_10240.jpg,TCGA-AD-6548,TCGA-AD-6548-01Z-00-DX1,0,0.0013296916,0
non-tumour/TCGA-AD-6548-01Z-00-DX1_3072_10752.jpg,TCGA-AD-6548,TCGA-AD-6548-01Z-00-DX1,0,0.0014509789,0
non-tumour/TCGA-AD-6548-01Z-00-DX1_3072_9216.jpg,TCGA-AD-6548,TCGA-AD-6548-01Z-00-DX1,0,0.010991929,0
non-tumour/TCGA-AD-6548-01Z-00-DX1_3072_9728.jpg,TCGA-AD-6548,TCGA-AD-6548-01Z-00-DX1,0,0.00097017054,0
non-tumour/TCGA-AD-6548-01Z-00-DX1_3584_11264.jpg,TCGA-AD-6548,TCGA-AD-6548-01Z-00-DX1,0,0.001100382,0
non-tumour/TCGA-AD-6548-01Z-00-DX1_3584_11776.jpg,TCGA-AD-6548,TCGA-AD-6548-01Z-00-DX1,0,0.19914289,0
non-tumour/TCGA-AD-6548-01Z-00-DX1_3584_12288.jpg,TCGA-AD-6548,TCGA-AD-6548-01Z-00-DX1,0,0.8921344,1
non-tumour/TCGA-AD-6548-01Z-00-DX1_4096_12800.jpg,TCGA-AD-6548,TCGA-AD-6548-01Z-00-DX1,0,0.7419858,1
non-tumour/TCGA-CA-6715-01Z-00-DX1_10240_22016.jpg,TCGA-CA-6715,TCGA-CA-6715-01Z-00-DX1,0,0.079303876,0
non-tumour/TCGA-CA-6715-01Z-00-DX1_10240_22528.jpg,TCGA-CA-6715,TCGA-CA-6715-01Z-00-DX1,0,0.20986156,0
non-tumour/TCGA-CA-6715-01Z-00-DX1_10240_24064.jpg,TCGA-CA-6715,TCGA-CA-6715-01Z-00-DX1,0,0.00013184622,0
non-tumour/TCGA-CA-6715-01Z-00-DX1_10240_24576.jpg,TCGA-CA-6715,TCGA-CA-6715-01Z-00-DX1,0,0.0020363592,0
non-tumour/TCGA-CA-6715-01Z-00-DX1_10240_26112.jpg,TCGA-CA-6715,TCGA-CA-6715-01Z-00-DX1,0,0.00962774,0
non-tumour/TCGA-CA-6715-01Z-00-DX1_10240_27136.jpg,TCGA-CA-6715,TCGA-CA-6715-01Z-00-DX1,0,0.002140241,0
non-tumour/TCGA-CA-6715-01Z-00-DX1_10240_28160.jpg,TCGA-CA-6715,TCGA-CA-6715-01Z-00-DX1,0,4.380224e-05,0
non-tumour/TCGA-CA-6715-01Z-00-DX1_10240_28672.jpg,TCGA-CA-6715,TCGA-CA-6715-01Z-00-DX1,0,0.001147436,0
non-tumour/TCGA-CA-6715-01Z-00-DX1_10240_29184.jpg,TCGA-CA-6715,TCGA-CA-6715-01Z-00-DX1,0,7.118735e-05,0
non-tumour/TCGA-CA-6715-01Z-00-DX1_10240_29696.jpg,TCGA-CA-6715,TCGA-CA-6715-01Z-00-DX1,0,0.0007465489,0
non-tumour/TCGA-CA-6715-01Z-00-DX1_10240_30208.jpg,TCGA-CA-6715,TCGA-CA-6715-01Z-00-DX1,0,0.00014046833,0
non-tumour/TCGA-CA-6715-01Z-00-DX1_10240_3072.jpg,TCGA-CA-6715,TCGA-CA-6715-01Z-00-DX1,0,0.0011527104,0
non-tumour/TCGA-CA-6715-01Z-00-DX1_1024_28160.jpg,TCGA-CA-6715,TCGA-CA-6715-01Z-00-DX1,0,0.00052673934,0
non-tumour/TCGA-CA-6715-01Z-00-DX1_10752_22528.jpg,TCGA-CA-6715,TCGA-CA-6715-01Z-00-DX1,0,0.7896106,1
non-tumour/TCGA-CA-6715-01Z-00-DX1_10752_23040.jpg,TCGA-CA-6715,TCGA-CA-6715-01Z-00-DX1,0,0.9154508,1
non-tumour/TCGA-CA-6715-01Z-00-DX1_10752_23552.jpg,TCGA-CA-6715,TCGA-CA-6715-01Z-00-DX1,0,0.02652193,0
non-tumour/TCGA-CA-6715-01Z-00-DX1_10752_24064.jpg,TCGA-CA-6715,TCGA-CA-6715-01Z-00-DX1,0,2.9995692e-05,0
non-tumour/TCGA-CA-6715-01Z-00-DX1_10752_24576.jpg,TCGA-CA-6715,TCGA-CA-6715-01Z-00-DX1,0,0.00010646287,0
non-tumour/TCGA-CA-6715-01Z-00-DX1_10752_25088.jpg,TCGA-CA-6715,TCGA-CA-6715-01Z-00-DX1,0,9.056199e-06,0
non-tumour/TCGA-CA-6715-01Z-00-DX1_10752_26112.jpg,TCGA-CA-6715,TCGA-CA-6715-01Z-00-DX1,0,0.15494253,0
non-tumour/TCGA-CA-6715-01Z-00-DX1_10752_27136.jpg,TCGA-CA-6715,TCGA-CA-6715-01Z-00-DX1,0,0.04215383,0
non-tumour/TCGA-CA-6715-01Z-00-DX1_10752_27648.jpg,TCGA-CA-6715,TCGA-CA-6715-01Z-00-DX1,0,0.0016700514,0
non-tumour/TCGA-CA-6715-01Z-00-DX1_10752_28160.jpg,TCGA-CA-6715,TCGA-CA-6715-01Z-00-DX1,0,1.3954146e-05,0
non-tumour/TCGA-CA-6715-01Z-00-DX1_10752_29184.jpg,TCGA-CA-6715,TCGA-CA-6715-01Z-00-DX1,0,0.0010150684,0
non-tumour/TCGA-CA-6715-01Z-00-DX1_10752_30208.jpg,TCGA-CA-6715,TCGA-CA-6715-01Z-00-DX1,0,0.0010826647,0
non-tumour/TCGA-CA-6715-01Z-00-DX1_10752_4096.jpg,TCGA-CA-6715,TCGA-CA-6715-01Z-00-DX1,0,0.010845425,0
non-tumour/TCGA-CA-6715-01Z-00-DX1_10752_5120.jpg,TCGA-CA-6715,TCGA-CA-6715-01Z-00-DX1,0,0.018566035,0
non-tumour/TCGA-CA-6715-01Z-00-DX1_11264_22016.jpg,TCGA-CA-6715,TCGA-CA-6715-01Z-00-DX1,0,0.7176188,1
non-tumour/TCGA-CA-6715-01Z-00-DX1_11264_23040.jpg,TCGA-CA-6715,TCGA-CA-6715-01Z-00-DX1,0,0.61843675,1
non-tumour/TCGA-CA-6715-01Z-00-DX1_11264_24064.jpg,TCGA-CA-6715,TCGA-CA-6715-01Z-00-DX1,0,0.00036745938,0
non-tumour/TCGA-CA-6715-01Z-00-DX1_11264_26624.jpg,TCGA-CA-6715,TCGA-CA-6715-01Z-00-DX1,0,0.06206712,0
non-tumour/TCGA-CA-6715-01Z-00-DX1_11264_27648.jpg,TCGA-CA-6715,TCGA-CA-6715-01Z-00-DX1,0,0.07215191,0
non-tumour/TCGA-CA-6715-01Z-00-DX1_11264_28160.jpg,TCGA-CA-6715,TCGA-CA-6715-01Z-00-DX1,0,0.0050004045,0
non-tumour/TCGA-CA-6715-01Z-00-DX1_11264_28672.jpg,TCGA-CA-6715,TCGA-CA-6715-01Z-00-DX1,0,0.000848478,0
non-tumour/TCGA-CA-6715-01Z-00-DX1_11264_29184.jpg,TCGA-CA-6715,TCGA-CA-6715-01Z-00-DX1,0,0.0070462883,0
non-tumour/TCGA-CA-6715-01Z-00-DX1_11264_30720.jpg,TCGA-CA-6715,TCGA-CA-6715-01Z-00-DX1,0,0.0074459095,0
non-tumour/TCGA-CA-6715-01Z-00-DX1_11776_23552.jpg,TCGA-CA-6715,TCGA-CA-6715-01Z-00-DX1,0,0.00043876667,0
non-tumour/TCGA-CA-6715-01Z-00-DX1_11776_24064.jpg,TCGA-CA-6715,TCGA-CA-6715-01Z-00-DX1,0,7.261796e-05,0
non-tumour/TCGA-CA-6715-01Z-00-DX1_11776_24576.jpg,TCGA-CA-6715,TCGA-CA-6715-01Z-00-DX1,0,2.9491293e-05,0
non-tumour/TCGA-CA-6715-01Z-00-DX1_11776_25600.jpg,TCGA-CA-6715,TCGA-CA-6715-01Z-00-DX1,0,3.8295155e-05,0
non-tumour/TCGA-CA-6715-01Z-00-DX1_11776_27136.jpg,TCGA-CA-6715,TCGA-CA-6715-01Z-00-DX1,0,0.0004763288,0
non-tumour/TCGA-CA-6715-01Z-00-DX1_11776_28160.jpg,TCGA-CA-6715,TCGA-CA-6715-01Z-00-DX1,0,0.42496884,0
non-tumour/TCGA-CA-6715-01Z-00-DX1_11776_28672.jpg,TCGA-CA-6715,TCGA-CA-6715-01Z-00-DX1,0,0.00037334865,0
non-tumour/TCGA-CA-6715-01Z-00-DX1_11776_29184.jpg,TCGA-CA-6715,TCGA-CA-6715-01Z-00-DX1,0,0.0032562735,0
non-tumour/TCGA-CA-6715-01Z-00-DX1_11776_29696.jpg,TCGA-CA-6715,TCGA-CA-6715-01Z-00-DX1,0,0.01483659,0
non-tumour/TCGA-CA-6715-01Z-00-DX1_12288_24064.jpg,TCGA-CA-6715,TCGA-CA-6715-01Z-00-DX1,0,0.00030871396,0
non-tumour/TCGA-CA-6715-01Z-00-DX1_12288_25088.jpg,TCGA-CA-6715,TCGA-CA-6715-01Z-00-DX1,0,0.002754173,0
non-tumour/TCGA-CA-6715-01Z-00-DX1_12288_26112.jpg,TCGA-CA-6715,TCGA-CA-6715-01Z-00-DX1,0,0.00012226783,0
non-tumour/TCGA-CA-6715-01Z-00-DX1_12288_28160.jpg,TCGA-CA-6715,TCGA-CA-6715-01Z-00-DX1,0,0.19754574,0
non-tumour/TCGA-CA-6715-01Z-00-DX1_12288_28672.jpg,TCGA-CA-6715,TCGA-CA-6715-01Z-00-DX1,0,0.0011427549,0
non-tumour/TCGA-CA-6715-01Z-00-DX1_12288_29696.jpg,TCGA-CA-6715,TCGA-CA-6715-01Z-00-DX1,0,0.0063258493,0
non-tumour/TCGA-CA-6715-01Z-00-DX1_12288_7168.jpg,TCGA-CA-6715,TCGA-CA-6715-01Z-00-DX1,0,0.28591445,0
non-tumour/TCGA-CA-6715-01Z-00-DX1_12288_7680.jpg,TCGA-CA-6715,TCGA-CA-6715-01Z-00-DX1,0,0.12740546,0
non-tumour/TCGA-CA-6715-01Z-00-DX1_12800_22528.jpg,TCGA-CA-6715,TCGA-CA-6715-01Z-00-DX1,0,0.259687,0
non-tumour/TCGA-CA-6715-01Z-00-DX1_12800_23040.jpg,TCGA-CA-6715,TCGA-CA-6715-01Z-00-DX1,0,0.0010884404,0
non-tumour/TCGA-CA-6715-01Z-00-DX1_12800_23552.jpg,TCGA-CA-6715,TCGA-CA-6715-01Z-00-DX1,0,0.0033779992,0
non-tumour/TCGA-CA-6715-01Z-00-DX1_12800_24064.jpg,TCGA-CA-6715,TCGA-CA-6715-01Z-00-DX1,0,0.0003972029,0
non-tumour/TCGA-CA-6715-01Z-00-DX1_12800_25088.jpg,TCGA-CA-6715,TCGA-CA-6715-01Z-00-DX1,0,1.4413934e-05,0
non-tumour/TCGA-CA-6715-01Z-00-DX1_12800_25600.jpg,TCGA-CA-6715,TCGA-CA-6715-01Z-00-DX1,0,0.00029724938,0
non-tumour/TCGA-CA-6715-01Z-00-DX1_12800_26112.jpg,TCGA-CA-6715,TCGA-CA-6715-01Z-00-DX1,0,9.165153e-05,0
non-tumour/TCGA-CA-6715-01Z-00-DX1_12800_26624.jpg,TCGA-CA-6715,TCGA-CA-6715-01Z-00-DX1,0,0.01362741,0
non-tumour/TCGA-CA-6715-01Z-00-DX1_12800_27136.jpg,TCGA-CA-6715,TCGA-CA-6715-01Z-00-DX1,0,5.9163223e-05,0
non-tumour/TCGA-CA-6715-01Z-00-DX1_12800_27648.jpg,TCGA-CA-6715,TCGA-CA-6715-01Z-00-DX1,0,0.024849806,0
non-tumour/TCGA-CA-6715-01Z-00-DX1_12800_28672.jpg,TCGA-CA-6715,TCGA-CA-6715-01Z-00-DX1,0,0.0041172956,0
non-tumour/TCGA-CA-6715-01Z-00-DX1_12800_29696.jpg,TCGA-CA-6715,TCGA-CA-6715-01Z-00-DX1,0,0.0009611648,0
non-tumour/TCGA-CA-6715-01Z-00-DX1_12800_7168.jpg,TCGA-CA-6715,TCGA-CA-6715-01Z-00-DX1,0,0.4234296,0
non-tumour/TCGA-CA-6715-01Z-00-DX1_13312_23040.jpg,TCGA-CA-6715,TCGA-CA-6715-01Z-00-DX1,0,1.7128224e-05,0
non-tumour/TCGA-CA-6715-01Z-00-DX1_13312_24064.jpg,TCGA-CA-6715,TCGA-CA-6715-01Z-00-DX1,0,0.0003897402,0
non-tumour/TCGA-CA-6715-01Z-00-DX1_13312_26112.jpg,TCGA-CA-6715,TCGA-CA-6715-01Z-00-DX1,0,0.0023852296,0
non-tumour/TCGA-CA-6715-01Z-00-DX1_13312_27136.jpg,TCGA-CA-6715,TCGA-CA-6715-01Z-00-DX1,0,0.08590017,0
non-tumour/TCGA-CA-6715-01Z-00-DX1_13312_27648.jpg,TCGA-CA-6715,TCGA-CA-6715-01Z-00-DX1,0,0.00036523017,0
non-tumour/TCGA-CA-6715-01Z-00-DX1_13312_28160.jpg,TCGA-CA-6715,TCGA-CA-6715-01Z-00-DX1,0,0.0014070797,0
non-tumour/TCGA-CA-6715-01Z-00-DX1_13312_29184.jpg,TCGA-CA-6715,TCGA-CA-6715-01Z-00-DX1,0,0.26948214,0
non-tumour/TCGA-CA-6715-01Z-00-DX1_13312_30208.jpg,TCGA-CA-6715,TCGA-CA-6715-01Z-00-DX1,0,0.00024767336,0
non-tumour/TCGA-CA-6715-01Z-00-DX1_13312_30720.jpg,TCGA-CA-6715,TCGA-CA-6715-01Z-00-DX1,0,0.00020288615,0
non-tumour/TCGA-CA-6715-01Z-00-DX1_13312_31232.jpg,TCGA-CA-6715,TCGA-CA-6715-01Z-00-DX1,0,3.3223856e-05,0
non-tumour/TCGA-CA-6715-01Z-00-DX1_13312_7168.jpg,TCGA-CA-6715,TCGA-CA-6715-01Z-00-DX1,0,0.035582375,0
non-tumour/TCGA-CA-6715-01Z-00-DX1_13824_23040.jpg,TCGA-CA-6715,TCGA-CA-6715-01Z-00-DX1,0,0.00017165745,0
non-tumour/TCGA-CA-6715-01Z-00-DX1_13824_23552.jpg,TCGA-CA-6715,TCGA-CA-6715-01Z-00-DX1,0,0.012659662,0
non-tumour/TCGA-CA-6715-01Z-00-DX1_13824_25600.jpg,TCGA-CA-6715,TCGA-CA-6715-01Z-00-DX1,0,0.007574979,0
non-tumour/TCGA-CA-6715-01Z-00-DX1_13824_27136.jpg,TCGA-CA-6715,TCGA-CA-6715-01Z-00-DX1,0,2.1219645e-05,0
non-tumour/TCGA-CA-6715-01Z-00-DX1_13824_30208.jpg,TCGA-CA-6715,TCGA-CA-6715-01Z-00-DX1,0,0.12215738,0
non-tumour/TCGA-CA-6715-01Z-00-DX1_13824_30720.jpg,TCGA-CA-6715,TCGA-CA-6715-01Z-00-DX1,0,8.584084e-06,0
non-tumour/TCGA-CA-6715-01Z-00-DX1_13824_31232.jpg,TCGA-CA-6715,TCGA-CA-6715-01Z-00-DX1,0,3.3173385e-06,0
non-tumour/TCGA-CA-6715-01Z-00-DX1_13824_8192.jpg,TCGA-CA-6715,TCGA-CA-6715-01Z-00-DX1,0,0.0033848141,0
non-tumour/TCGA-CA-6715-01Z-00-DX1_14336_23040.jpg,TCGA-CA-6715,TCGA-CA-6715-01Z-00-DX1,0,2.1996535e-05,0
non-tumour/TCGA-CA-6715-01Z-00-DX1_14336_23552.jpg,TCGA-CA-6715,TCGA-CA-6715-01Z-00-DX1,0,0.27993008,0
non-tumour/TCGA-CA-6715-01Z-00-DX1_14336_24064.jpg,TCGA-CA-6715,TCGA-CA-6715-01Z-00-DX1,0,0.07064141,0
non-tumour/TCGA-CA-6715-01Z-00-DX1_14336_24576.jpg,TCGA-CA-6715,TCGA-CA-6715-01Z-00-DX1,0,0.00076935714,0
non-tumour/TCGA-CA-6715-01Z-00-DX1_14336_25600.jpg,TCGA-CA-6715,TCGA-CA-6715-01Z-00-DX1,0,0.0015288427,0
non-tumour/TCGA-CA-6715-01Z-00-DX1_14336_26112.jpg,TCGA-CA-6715,TCGA-CA-6715-01Z-00-DX1,0,0.00023155345,0
non-tumour/TCGA-CA-6715-01Z-00-DX1_14336_26624.jpg,TCGA-CA-6715,TCGA-CA-6715-01Z-00-DX1,0,0.0022011173,0
non-tumour/TCGA-CA-6715-01Z-00-DX1_14336_28160.jpg,TCGA-CA-6715,TCGA-CA-6715-01Z-00-DX1,0,6.2728723e-06,0
non-tumour/TCGA-CA-6715-01Z-00-DX1_14336_28672.jpg,TCGA-CA-6715,TCGA-CA-6715-01Z-00-DX1,0,0.00035409996,0
non-tumour/TCGA-CA-6715-01Z-00-DX1_14336_30208.jpg,TCGA-CA-6715,TCGA-CA-6715-01Z-00-DX1,0,0.055388138,0
non-tumour/TCGA-CA-6715-01Z-00-DX1_14336_31232.jpg,TCGA-CA-6715,TCGA-CA-6715-01Z-00-DX1,0,0.0013259875,0
non-tumour/TCGA-CA-6715-01Z-00-DX1_14336_8192.jpg,TCGA-CA-6715,TCGA-CA-6715-01Z-00-DX1,0,0.7648167,1
non-tumour/TCGA-CA-6715-01Z-00-DX1_14848_24064.jpg,TCGA-CA-6715,TCGA-CA-6715-01Z-00-DX1,0,0.3777879,0
non-tumour/TCGA-CA-6715-01Z-00-DX1_14848_24576.jpg,TCGA-CA-6715,TCGA-CA-6715-01Z-00-DX1,0,0.012940886,0
non-tumour/TCGA-CA-6715-01Z-00-DX1_14848_25600.jpg,TCGA-CA-6715,TCGA-CA-6715-01Z-00-DX1,0,0.0014357092,0
non-tumour/TCGA-CA-6715-01Z-00-DX1_14848_26624.jpg,TCGA-CA-6715,TCGA-CA-6715-01Z-00-DX1,0,0.00067293836,0
non-tumour/TCGA-CA-6715-01Z-00-DX1_14848_28160.jpg,TCGA-CA-6715,TCGA-CA-6715-01Z-00-DX1,0,1.2202389e-05,0
non-tumour/TCGA-CA-6715-01Z-00-DX1_14848_28672.jpg,TCGA-CA-6715,TCGA-CA-6715-01Z-00-DX1,0,0.0005920587,0
non-tumour/TCGA-CA-6715-01Z-00-DX1_14848_29184.jpg,TCGA-CA-6715,TCGA-CA-6715-01Z-00-DX1,0,9.536388e-05,0
non-tumour/TCGA-CA-6715-01Z-00-DX1_14848_31232.jpg,TCGA-CA-6715,TCGA-CA-6715-01Z-00-DX1,0,0.0048010983,0
non-tumour/TCGA-CA-6715-01Z-00-DX1_14848_31744.jpg,TCGA-CA-6715,TCGA-CA-6715-01Z-00-DX1,0,3.1877826e-05,0
non-tumour/TCGA-CA-6715-01Z-00-DX1_14848_8192.jpg,TCGA-CA-6715,TCGA-CA-6715-01Z-00-DX1,0,0.19454779,0
non-tumour/TCGA-CA-6715-01Z-00-DX1_14848_8704.jpg,TCGA-CA-6715,TCGA-CA-6715-01Z-00-DX1,0,0.015218092,0
non-tumour/TCGA-CA-6715-01Z-00-DX1_15360_23552.jpg,TCGA-CA-6715,TCGA-CA-6715-01Z-00-DX1,0,7.536785e-05,0
non-tumour/TCGA-CA-6715-01Z-00-DX1_15360_24576.jpg,TCGA-CA-6715,TCGA-CA-6715-01Z-00-DX1,0,0.20541589,0
non-tumour/TCGA-CA-6715-01Z-00-DX1_15360_25600.jpg,TCGA-CA-6715,TCGA-CA-6715-01Z-00-DX1,0,0.0008921704,0
non-tumour/TCGA-CA-6715-01Z-00-DX1_15360_27136.jpg,TCGA-CA-6715,TCGA-CA-6715-01Z-00-DX1,0,0.010755326,0
non-tumour/TCGA-CA-6715-01Z-00-DX1_15360_27648.jpg,TCGA-CA-6715,TCGA-CA-6715-01Z-00-DX1,0,7.65331e-05,0
non-tumour/TCGA-CA-6715-01Z-00-DX1_15360_28672.jpg,TCGA-CA-6715,TCGA-CA-6715-01Z-00-DX1,0,0.0006866824,0
non-tumour/TCGA-CA-6715-01Z-00-DX1_15360_29696.jpg,TCGA-CA-6715,TCGA-CA-6715-01Z-00-DX1,0,0.08570091,0
non-tumour/TCGA-CA-6715-01Z-00-DX1_15360_31232.jpg,TCGA-CA-6715,TCGA-CA-6715-01Z-00-DX1,0,0.0005233555,0
non-tumour/TCGA-CA-6715-01Z-00-DX1_15360_31744.jpg,TCGA-CA-6715,TCGA-CA-6715-01Z-00-DX1,0,7.855856e-05,0
non-tumour/TCGA-CA-6715-01Z-00-DX1_15360_8192.jpg,TCGA-CA-6715,TCGA-CA-6715-01Z-00-DX1,0,0.10306259,0
non-tumour/TCGA-CA-6715-01Z-00-DX1_15360_9728.jpg,TCGA-CA-6715,TCGA-CA-6715-01Z-00-DX1,0,0.040517125,0
non-tumour/TCGA-CA-6715-01Z-00-DX1_1536_27136.jpg,TCGA-CA-6715,TCGA-CA-6715-01Z-00-DX1,0,0.000526076,0
non-tumour/TCGA-CA-6715-01Z-00-DX1_1536_28160.jpg,TCGA-CA-6715,TCGA-CA-6715-01Z-00-DX1,0,0.00017542347,0
non-tumour/TCGA-CA-6715-01Z-00-DX1_1536_28672.jpg,TCGA-CA-6715,TCGA-CA-6715-01Z-00-DX1,0,0.16949315,0
non-tumour/TCGA-CA-6715-01Z-00-DX1_1536_29696.jpg,TCGA-CA-6715,TCGA-CA-6715-01Z-00-DX1,0,0.0032236488,0
non-tumour/TCGA-CA-6715-01Z-00-DX1_15872_10240.jpg,TCGA-CA-6715,TCGA-CA-6715-01Z-00-DX1,0,0.0016590512,0
non-tumour/TCGA-CA-6715-01Z-00-DX1_15872_24064.jpg,TCGA-CA-6715,TCGA-CA-6715-01Z-00-DX1,0,0.13216773,0
non-tumour/TCGA-CA-6715-01Z-00-DX1_15872_25088.jpg,TCGA-CA-6715,TCGA-CA-6715-01Z-00-DX1,0,0.012990773,0
non-tumour/TCGA-CA-6715-01Z-00-DX1_15872_26112.jpg,TCGA-CA-6715,TCGA-CA-6715-01Z-00-DX1,0,0.0026542975,0
non-tumour/TCGA-CA-6715-01Z-00-DX1_15872_27136.jpg,TCGA-CA-6715,TCGA-CA-6715-01Z-00-DX1,0,0.0013103249,0
non-tumour/TCGA-CA-6715-01Z-00-DX1_15872_27648.jpg,TCGA-CA-6715,TCGA-CA-6715-01Z-00-DX1,0,0.00045078673,0
non-tumour/TCGA-CA-6715-01Z-00-DX1_15872_28160.jpg,TCGA-CA-6715,TCGA-CA-6715-01Z-00-DX1,0,5.7999718e-05,0
non-tumour/TCGA-CA-6715-01Z-00-DX1_15872_28672.jpg,TCGA-CA-6715,TCGA-CA-6715-01Z-00-DX1,0,0.00030509228,0
non-tumour/TCGA-CA-6715-01Z-00-DX1_15872_29184.jpg,TCGA-CA-6715,TCGA-CA-6715-01Z-00-DX1,0,0.019521393,0
non-tumour/TCGA-CA-6715-01Z-00-DX1_15872_30720.jpg,TCGA-CA-6715,TCGA-CA-6715-01Z-00-DX1,0,0.16934298,0
non-tumour/TCGA-CA-6715-01Z-00-DX1_15872_9216.jpg,TCGA-CA-6715,TCGA-CA-6715-01Z-00-DX1,0,0.14517783,0
non-tumour/TCGA-CA-6715-01Z-00-DX1_16384_10240.jpg,TCGA-CA-6715,TCGA-CA-6715-01Z-00-DX1,0,0.04292897,0
non-tumour/TCGA-CA-6715-01Z-00-DX1_16384_24576.jpg,TCGA-CA-6715,TCGA-CA-6715-01Z-00-DX1,0,0.7695521,1
non-tumour/TCGA-CA-6715-01Z-00-DX1_16384_26112.jpg,TCGA-CA-6715,TCGA-CA-6715-01Z-00-DX1,0,0.00903766,0
non-tumour/TCGA-CA-6715-01Z-00-DX1_16384_26624.jpg,TCGA-CA-6715,TCGA-CA-6715-01Z-00-DX1,0,0.0045735254,0
non-tumour/TCGA-CA-6715-01Z-00-DX1_16384_29184.jpg,TCGA-CA-6715,TCGA-CA-6715-01Z-00-DX1,0,0.00037117922,0
non-tumour/TCGA-CA-6715-01Z-00-DX1_16384_29696.jpg,TCGA-CA-6715,TCGA-CA-6715-01Z-00-DX1,0,0.0011926867,0
non-tumour/TCGA-CA-6715-01Z-00-DX1_16384_30720.jpg,TCGA-CA-6715,TCGA-CA-6715-01Z-00-DX1,0,0.0056274976,0
non-tumour/TCGA-CA-6715-01Z-00-DX1_16384_31744.jpg,TCGA-CA-6715,TCGA-CA-6715-01Z-00-DX1,0,0.0015107068,0
non-tumour/TCGA-CA-6715-01Z-00-DX1_16384_32256.jpg,TCGA-CA-6715,TCGA-CA-6715-01Z-00-DX1,0,0.00014814963,0
non-tumour/TCGA-CA-6715-01Z-00-DX1_16384_8192.jpg,TCGA-CA-6715,TCGA-CA-6715-01Z-00-DX1,0,0.014825881,0
non-tumour/TCGA-CA-6715-01Z-00-DX1_16384_9216.jpg,TCGA-CA-6715,TCGA-CA-6715-01Z-00-DX1,0,0.31710193,0
non-tumour/TCGA-CA-6715-01Z-00-DX1_16384_9728.jpg,TCGA-CA-6715,TCGA-CA-6715-01Z-00-DX1,0,0.43590254,0
non-tumour/TCGA-CA-6715-01Z-00-DX1_16896_24576.jpg,TCGA-CA-6715,TCGA-CA-6715-01Z-00-DX1,0,0.89278674,1
non-tumour/TCGA-CA-6715-01Z-00-DX1_16896_25088.jpg,TCGA-CA-6715,TCGA-CA-6715-01Z-00-DX1,0,0.19203764,0
non-tumour/TCGA-CA-6715-01Z-00-DX1_16896_26624.jpg,TCGA-CA-6715,TCGA-CA-6715-01Z-00-DX1,0,0.0030781822,0
non-tumour/TCGA-CA-6715-01Z-00-DX1_16896_27648.jpg,TCGA-CA-6715,TCGA-CA-6715-01Z-00-DX1,0,0.44274852,0
non-tumour/TCGA-CA-6715-01Z-00-DX1_16896_29696.jpg,TCGA-CA-6715,TCGA-CA-6715-01Z-00-DX1,0,0.0048867087,0
non-tumour/TCGA-CA-6715-01Z-00-DX1_16896_30720.jpg,TCGA-CA-6715,TCGA-CA-6715-01Z-00-DX1,0,0.019712256,0
non-tumour/TCGA-CA-6715-01Z-00-DX1_16896_31232.jpg,TCGA-CA-6715,TCGA-CA-6715-01Z-00-DX1,0,0.0006703991,0
non-tumour/TCGA-CA-6715-01Z-00-DX1_16896_31744.jpg,TCGA-CA-6715,TCGA-CA-6715-01Z-00-DX1,0,0.0007438053,0
non-tumour/TCGA-CA-6715-01Z-00-DX1_16896_8704.jpg,TCGA-CA-6715,TCGA-CA-6715-01Z-00-DX1,0,0.17366794,0
non-tumour/TCGA-CA-6715-01Z-00-DX1_16896_9216.jpg,TCGA-CA-6715,TCGA-CA-6715-01Z-00-DX1,0,0.6178627,1
non-tumour/TCGA-CA-6715-01Z-00-DX1_17408_25088.jpg,TCGA-CA-6715,TCGA-CA-6715-01Z-00-DX1,0,0.5299463,1
non-tumour/TCGA-CA-6715-01Z-00-DX1_17408_25600.jpg,TCGA-CA-6715,TCGA-CA-6715-01Z-00-DX1,0,0.00032509753,0
non-tumour/TCGA-CA-6715-01Z-00-DX1_17408_26112.jpg,TCGA-CA-6715,TCGA-CA-6715-01Z-00-DX1,0,0.0029099833,0
non-tumour/TCGA-CA-6715-01Z-00-DX1_17408_9216.jpg,TCGA-CA-6715,TCGA-CA-6715-01Z-00-DX1,0,0.9593471,1
non-tumour/TCGA-CA-6715-01Z-00-DX1_17408_9728.jpg,TCGA-CA-6715,TCGA-CA-6715-01Z-00-DX1,0,0.030541139,0
non-tumour/TCGA-CA-6715-01Z-00-DX1_2048_14848.jpg,TCGA-CA-6715,TCGA-CA-6715-01Z-00-DX1,0,0.0009947546,0
non-tumour/TCGA-CA-6715-01Z-00-DX1_2048_15360.jpg,TCGA-CA-6715,TCGA-CA-6715-01Z-00-DX1,0,3.2262221e-06,0
non-tumour/TCGA-CA-6715-01Z-00-DX1_2048_15872.jpg,TCGA-CA-6715,TCGA-CA-6715-01Z-00-DX1,0,4.8725455e-05,0
non-tumour/TCGA-CA-6715-01Z-00-DX1_2048_16896.jpg,TCGA-CA-6715,TCGA-CA-6715-01Z-00-DX1,0,6.0757517e-05,0
non-tumour/TCGA-CA-6715-01Z-00-DX1_2048_28160.jpg,TCGA-CA-6715,TCGA-CA-6715-01Z-00-DX1,0,0.017615573,0
non-tumour/TCGA-CA-6715-01Z-00-DX1_2048_28672.jpg,TCGA-CA-6715,TCGA-CA-6715-01Z-00-DX1,0,0.0015417602,0
non-tumour/TCGA-CA-6715-01Z-00-DX1_2048_29184.jpg,TCGA-CA-6715,TCGA-CA-6715-01Z-00-DX1,0,0.0014640876,0
non-tumour/TCGA-CA-6715-01Z-00-DX1_2048_31232.jpg,TCGA-CA-6715,TCGA-CA-6715-01Z-00-DX1,0,0.122570366,0
non-tumour/TCGA-CA-6715-01Z-00-DX1_2560_13824.jpg,TCGA-CA-6715,TCGA-CA-6715-01Z-00-DX1,0,0.015452777,0
non-tumour/TCGA-CA-6715-01Z-00-DX1_2560_15872.jpg,TCGA-CA-6715,TCGA-CA-6715-01Z-00-DX1,0,0.0006469745,0
non-tumour/TCGA-CA-6715-01Z-00-DX1_2560_25600.jpg,TCGA-CA-6715,TCGA-CA-6715-01Z-00-DX1,0,2.185677e-05,0
non-tumour/TCGA-CA-6715-01Z-00-DX1_2560_26624.jpg,TCGA-CA-6715,TCGA-CA-6715-01Z-00-DX1,0,0.0003026974,0
non-tumour/TCGA-CA-6715-01Z-00-DX1_2560_27136.jpg,TCGA-CA-6715,TCGA-CA-6715-01Z-00-DX1,0,0.00024552277,0
non-tumour/TCGA-CA-6715-01Z-00-DX1_2560_28160.jpg,TCGA-CA-6715,TCGA-CA-6715-01Z-00-DX1,0,0.0015079718,0
non-tumour/TCGA-CA-6715-01Z-00-DX1_2560_28672.jpg,TCGA-CA-6715,TCGA-CA-6715-01Z-00-DX1,0,0.00022663028,0
non-tumour/TCGA-CA-6715-01Z-00-DX1_3072_12800.jpg,TCGA-CA-6715,TCGA-CA-6715-01Z-00-DX1,0,0.0005187799,0
non-tumour/TCGA-CA-6715-01Z-00-DX1_3072_13312.jpg,TCGA-CA-6715,TCGA-CA-6715-01Z-00-DX1,0,0.0011411754,0
non-tumour/TCGA-CA-6715-01Z-00-DX1_3072_13824.jpg,TCGA-CA-6715,TCGA-CA-6715-01Z-00-DX1,0,0.00010851503,0
non-tumour/TCGA-CA-6715-01Z-00-DX1_3072_14848.jpg,TCGA-CA-6715,TCGA-CA-6715-01Z-00-DX1,0,3.6528876e-05,0
non-tumour/TCGA-CA-6715-01Z-00-DX1_3072_15872.jpg,TCGA-CA-6715,TCGA-CA-6715-01Z-00-DX1,0,0.0005453577,0
non-tumour/TCGA-CA-6715-01Z-00-DX1_3072_16384.jpg,TCGA-CA-6715,TCGA-CA-6715-01Z-00-DX1,0,0.007786097,0
non-tumour/TCGA-CA-6715-01Z-00-DX1_3072_17408.jpg,TCGA-CA-6715,TCGA-CA-6715-01Z-00-DX1,0,0.0015695468,0
non-tumour/TCGA-CA-6715-01Z-00-DX1_3072_20480.jpg,TCGA-CA-6715,TCGA-CA-6715-01Z-00-DX1,0,0.00038079644,0
non-tumour/TCGA-CA-6715-01Z-00-DX1_3072_20992.jpg,TCGA-CA-6715,TCGA-CA-6715-01Z-00-DX1,0,0.000100653895,0
non-tumour/TCGA-CA-6715-01Z-00-DX1_3072_21504.jpg,TCGA-CA-6715,TCGA-CA-6715-01Z-00-DX1,0,0.0004956465,0
non-tumour/TCGA-CA-6715-01Z-00-DX1_3072_22016.jpg,TCGA-CA-6715,TCGA-CA-6715-01Z-00-DX1,0,0.00015193825,0
non-tumour/TCGA-CA-6715-01Z-00-DX1_3072_24576.jpg,TCGA-CA-6715,TCGA-CA-6715-01Z-00-DX1,0,2.9111578e-05,0
non-tumour/TCGA-CA-6715-01Z-00-DX1_3072_25088.jpg,TCGA-CA-6715,TCGA-CA-6715-01Z-00-DX1,0,0.0003945993,0
non-tumour/TCGA-CA-6715-01Z-00-DX1_3072_25600.jpg,TCGA-CA-6715,TCGA-CA-6715-01Z-00-DX1,0,0.00018904604,0
non-tumour/TCGA-CA-6715-01Z-00-DX1_3072_26112.jpg,TCGA-CA-6715,TCGA-CA-6715-01Z-00-DX1,0,8.457475e-06,0
non-tumour/TCGA-CA-6715-01Z-00-DX1_3072_26624.jpg,TCGA-CA-6715,TCGA-CA-6715-01Z-00-DX1,0,0.00013159514,0
non-tumour/TCGA-CA-6715-01Z-00-DX1_3072_27136.jpg,TCGA-CA-6715,TCGA-CA-6715-01Z-00-DX1,0,1.4484942e-05,0
non-tumour/TCGA-CA-6715-01Z-00-DX1_3072_27648.jpg,TCGA-CA-6715,TCGA-CA-6715-01Z-00-DX1,0,0.0012253795,0
non-tumour/TCGA-CA-6715-01Z-00-DX1_3072_28160.jpg,TCGA-CA-6715,TCGA-CA-6715-01Z-00-DX1,0,0.005033593,0
non-tumour/TCGA-CA-6715-01Z-00-DX1_3072_28672.jpg,TCGA-CA-6715,TCGA-CA-6715-01Z-00-DX1,0,0.54929686,1
non-tumour/TCGA-CA-6715-01Z-00-DX1_3072_29696.jpg,TCGA-CA-6715,TCGA-CA-6715-01Z-00-DX1,0,0.033004783,0
non-tumour/TCGA-CA-6715-01Z-00-DX1_3072_30208.jpg,TCGA-CA-6715,TCGA-CA-6715-01Z-00-DX1,0,0.0116025,0
non-tumour/TCGA-CA-6715-01Z-00-DX1_3584_12288.jpg,TCGA-CA-6715,TCGA-CA-6715-01Z-00-DX1,0,7.799641e-06,0
non-tumour/TCGA-CA-6715-01Z-00-DX1_3584_13312.jpg,TCGA-CA-6715,TCGA-CA-6715-01Z-00-DX1,0,0.009979338,0
non-tumour/TCGA-CA-6715-01Z-00-DX1_3584_14848.jpg,TCGA-CA-6715,TCGA-CA-6715-01Z-00-DX1,0,0.004008863,0
non-tumour/TCGA-CA-6715-01Z-00-DX1_3584_15872.jpg,TCGA-CA-6715,TCGA-CA-6715-01Z-00-DX1,0,0.005888394,0
non-tumour/TCGA-CA-6715-01Z-00-DX1_3584_16384.jpg,TCGA-CA-6715,TCGA-CA-6715-01Z-00-DX1,0,0.00018024321,0
non-tumour/TCGA-CA-6715-01Z-00-DX1_3584_16896.jpg,TCGA-CA-6715,TCGA-CA-6715-01Z-00-DX1,0,0.0022177452,0
non-tumour/TCGA-CA-6715-01Z-00-DX1_3584_17408.jpg,TCGA-CA-6715,TCGA-CA-6715-01Z-00-DX1,0,0.00061757845,0
non-tumour/TCGA-CA-6715-01Z-00-DX1_3584_20992.jpg,TCGA-CA-6715,TCGA-CA-6715-01Z-00-DX1,0,3.424219e-05,0
non-tumour/TCGA-CA-6715-01Z-00-DX1_3584_21504.jpg,TCGA-CA-6715,TCGA-CA-6715-01Z-00-DX1,0,0.0003139506,0
non-tumour/TCGA-CA-6715-01Z-00-DX1_3584_22016.jpg,TCGA-CA-6715,TCGA-CA-6715-01Z-00-DX1,0,4.5453075e-06,0
non-tumour/TCGA-CA-6715-01Z-00-DX1_3584_22528.jpg,TCGA-CA-6715,TCGA-CA-6715-01Z-00-DX1,0,0.00021215178,0
non-tumour/TCGA-CA-6715-01Z-00-DX1_3584_23040.jpg,TCGA-CA-6715,TCGA-CA-6715-01Z-00-DX1,0,5.533167e-05,0
non-tumour/TCGA-CA-6715-01Z-00-DX1_3584_24064.jpg,TCGA-CA-6715,TCGA-CA-6715-01Z-00-DX1,0,2.9562739e-06,0
non-tumour/TCGA-CA-6715-01Z-00-DX1_3584_25600.jpg,TCGA-CA-6715,TCGA-CA-6715-01Z-00-DX1,0,0.0002708345,0
non-tumour/TCGA-CA-6715-01Z-00-DX1_3584_26624.jpg,TCGA-CA-6715,TCGA-CA-6715-01Z-00-DX1,0,2.5563675e-06,0
non-tumour/TCGA-CA-6715-01Z-00-DX1_3584_27136.jpg,TCGA-CA-6715,TCGA-CA-6715-01Z-00-DX1,0,1.391054e-05,0
non-tumour/TCGA-CA-6715-01Z-00-DX1_3584_27648.jpg,TCGA-CA-6715,TCGA-CA-6715-01Z-00-DX1,0,0.00038572698,0
non-tumour/TCGA-CA-6715-01Z-00-DX1_3584_28160.jpg,TCGA-CA-6715,TCGA-CA-6715-01Z-00-DX1,0,0.0013458334,0
non-tumour/TCGA-CA-6715-01Z-00-DX1_3584_29696.jpg,TCGA-CA-6715,TCGA-CA-6715-01Z-00-DX1,0,0.006627201,0
non-tumour/TCGA-CA-6715-01Z-00-DX1_3584_30208.jpg,TCGA-CA-6715,TCGA-CA-6715-01Z-00-DX1,0,0.008730837,0
non-tumour/TCGA-CA-6715-01Z-00-DX1_3584_30720.jpg,TCGA-CA-6715,TCGA-CA-6715-01Z-00-DX1,0,0.013413442,0
non-tumour/TCGA-CA-6715-01Z-00-DX1_3584_31232.jpg,TCGA-CA-6715,TCGA-CA-6715-01Z-00-DX1,0,0.005980163,0
non-tumour/TCGA-CA-6715-01Z-00-DX1_4096_11776.jpg,TCGA-CA-6715,TCGA-CA-6715-01Z-00-DX1,0,0.004859331,0
non-tumour/TCGA-CA-6715-01Z-00-DX1_4096_12800.jpg,TCGA-CA-6715,TCGA-CA-6715-01Z-00-DX1,0,0.1594071,0
non-tumour/TCGA-CA-6715-01Z-00-DX1_4096_13312.jpg,TCGA-CA-6715,TCGA-CA-6715-01Z-00-DX1,0,0.004324766,0
non-tumour/TCGA-CA-6715-01Z-00-DX1_4096_14336.jpg,TCGA-CA-6715,TCGA-CA-6715-01Z-00-DX1,0,0.0032792746,0
non-tumour/TCGA-CA-6715-01Z-00-DX1_4096_15360.jpg,TCGA-CA-6715,TCGA-CA-6715-01Z-00-DX1,0,0.020254781,0
non-tumour/TCGA-CA-6715-01Z-00-DX1_4096_15872.jpg,TCGA-CA-6715,TCGA-CA-6715-01Z-00-DX1,0,0.001109168,0
non-tumour/TCGA-CA-6715-01Z-00-DX1_4096_17408.jpg,TCGA-CA-6715,TCGA-CA-6715-01Z-00-DX1,0,0.001730129,0
non-tumour/TCGA-CA-6715-01Z-00-DX1_4096_20992.jpg,TCGA-CA-6715,TCGA-CA-6715-01Z-00-DX1,0,0.0010048011,0
non-tumour/TCGA-CA-6715-01Z-00-DX1_4096_21504.jpg,TCGA-CA-6715,TCGA-CA-6715-01Z-00-DX1,0,0.00058109994,0
non-tumour/TCGA-CA-6715-01Z-00-DX1_4096_22016.jpg,TCGA-CA-6715,TCGA-CA-6715-01Z-00-DX1,0,0.000124142,0
non-tumour/TCGA-CA-6715-01Z-00-DX1_4096_23040.jpg,TCGA-CA-6715,TCGA-CA-6715-01Z-00-DX1,0,7.226234e-05,0
non-tumour/TCGA-CA-6715-01Z-00-DX1_4096_24576.jpg,TCGA-CA-6715,TCGA-CA-6715-01Z-00-DX1,0,4.5301946e-05,0
non-tumour/TCGA-CA-6715-01Z-00-DX1_4096_25600.jpg,TCGA-CA-6715,TCGA-CA-6715-01Z-00-DX1,0,5.288286e-06,0
non-tumour/TCGA-CA-6715-01Z-00-DX1_4096_26112.jpg,TCGA-CA-6715,TCGA-CA-6715-01Z-00-DX1,0,2.583513e-07,0
non-tumour/TCGA-CA-6715-01Z-00-DX1_4096_26624.jpg,TCGA-CA-6715,TCGA-CA-6715-01Z-00-DX1,0,7.210309e-06,0
non-tumour/TCGA-CA-6715-01Z-00-DX1_4096_27136.jpg,TCGA-CA-6715,TCGA-CA-6715-01Z-00-DX1,0,5.3393064e-06,0
non-tumour/TCGA-CA-6715-01Z-00-DX1_4096_27648.jpg,TCGA-CA-6715,TCGA-CA-6715-01Z-00-DX1,0,6.817594e-06,0
non-tumour/TCGA-CA-6715-01Z-00-DX1_4096_29696.jpg,TCGA-CA-6715,TCGA-CA-6715-01Z-00-DX1,0,0.0003067565,0
non-tumour/TCGA-CA-6715-01Z-00-DX1_4096_30720.jpg,TCGA-CA-6715,TCGA-CA-6715-01Z-00-DX1,0,0.13157687,0
non-tumour/TCGA-CA-6715-01Z-00-DX1_4608_10240.jpg,TCGA-CA-6715,TCGA-CA-6715-01Z-00-DX1,0,5.0072e-05,0
non-tumour/TCGA-CA-6715-01Z-00-DX1_4608_11264.jpg,TCGA-CA-6715,TCGA-CA-6715-01Z-00-DX1,0,8.167717e-06,0
non-tumour/TCGA-CA-6715-01Z-00-DX1_4608_12288.jpg,TCGA-CA-6715,TCGA-CA-6715-01Z-00-DX1,0,0.014926388,0
non-tumour/TCGA-CA-6715-01Z-00-DX1_4608_13824.jpg,TCGA-CA-6715,TCGA-CA-6715-01Z-00-DX1,0,0.0009100665,0
non-tumour/TCGA-CA-6715-01Z-00-DX1_4608_14848.jpg,TCGA-CA-6715,TCGA-CA-6715-01Z-00-DX1,0,0.0009660089,0
non-tumour/TCGA-CA-6715-01Z-00-DX1_4608_15872.jpg,TCGA-CA-6715,TCGA-CA-6715-01Z-00-DX1,0,0.08430113,0
non-tumour/TCGA-CA-6715-01Z-00-DX1_4608_16896.jpg,TCGA-CA-6715,TCGA-CA-6715-01Z-00-DX1,0,0.002848009,0
non-tumour/TCGA-CA-6715-01Z-00-DX1_4608_20480.jpg,TCGA-CA-6715,TCGA-CA-6715-01Z-00-DX1,0,0.0011185197,0
non-tumour/TCGA-CA-6715-01Z-00-DX1_4608_21504.jpg,TCGA-CA-6715,TCGA-CA-6715-01Z-00-DX1,0,0.0015072476,0
non-tumour/TCGA-CA-6715-01Z-00-DX1_4608_22016.jpg,TCGA-CA-6715,TCGA-CA-6715-01Z-00-DX1,0,0.0011310526,0
non-tumour/TCGA-CA-6715-01Z-00-DX1_4608_22528.jpg,TCGA-CA-6715,TCGA-CA-6715-01Z-00-DX1,0,6.6393666e-05,0
non-tumour/TCGA-CA-6715-01Z-00-DX1_4608_23552.jpg,TCGA-CA-6715,TCGA-CA-6715-01Z-00-DX1,0,3.0800144e-05,0
non-tumour/TCGA-CA-6715-01Z-00-DX1_4608_24576.jpg,TCGA-CA-6715,TCGA-CA-6715-01Z-00-DX1,0,1.655381e-05,0
non-tumour/TCGA-CA-6715-01Z-00-DX1_4608_25088.jpg,TCGA-CA-6715,TCGA-CA-6715-01Z-00-DX1,0,2.5915037e-05,0
non-tumour/TCGA-CA-6715-01Z-00-DX1_4608_26112.jpg,TCGA-CA-6715,TCGA-CA-6715-01Z-00-DX1,0,7.4724558e-06,0
non-tumour/TCGA-CA-6715-01Z-00-DX1_4608_27136.jpg,TCGA-CA-6715,TCGA-CA-6715-01Z-00-DX1,0,8.918408e-06,0
non-tumour/TCGA-CA-6715-01Z-00-DX1_4608_27648.jpg,TCGA-CA-6715,TCGA-CA-6715-01Z-00-DX1,0,5.0821177e-06,0
non-tumour/TCGA-CA-6715-01Z-00-DX1_4608_29696.jpg,TCGA-CA-6715,TCGA-CA-6715-01Z-00-DX1,0,0.00055256794,0
non-tumour/TCGA-CA-6715-01Z-00-DX1_4608_30208.jpg,TCGA-CA-6715,TCGA-CA-6715-01Z-00-DX1,0,0.00024883932,0
non-tumour/TCGA-CA-6715-01Z-00-DX1_5120_12288.jpg,TCGA-CA-6715,TCGA-CA-6715-01Z-00-DX1,0,0.0014936094,0
non-tumour/TCGA-CA-6715-01Z-00-DX1_5120_12800.jpg,TCGA-CA-6715,TCGA-CA-6715-01Z-00-DX1,0,0.20202847,0
non-tumour/TCGA-CA-6715-01Z-00-DX1_5120_13312.jpg,TCGA-CA-6715,TCGA-CA-6715-01Z-00-DX1,0,0.04085359,0
non-tumour/TCGA-CA-6715-01Z-00-DX1_5120_13824.jpg,TCGA-CA-6715,TCGA-CA-6715-01Z-00-DX1,0,0.0009363796,0
non-tumour/TCGA-CA-6715-01Z-00-DX1_5120_14336.jpg,TCGA-CA-6715,TCGA-CA-6715-01Z-00-DX1,0,0.0012857763,0
non-tumour/TCGA-CA-6715-01Z-00-DX1_5120_14848.jpg,TCGA-CA-6715,TCGA-CA-6715-01Z-00-DX1,0,0.0775747,0
non-tumour/TCGA-CA-6715-01Z-00-DX1_5120_15872.jpg,TCGA-CA-6715,TCGA-CA-6715-01Z-00-DX1,0,0.15257242,0
non-tumour/TCGA-CA-6715-01Z-00-DX1_5120_20480.jpg,TCGA-CA-6715,TCGA-CA-6715-01Z-00-DX1,0,3.1113743e-06,0
non-tumour/TCGA-CA-6715-01Z-00-DX1_5120_21504.jpg,TCGA-CA-6715,TCGA-CA-6715-01Z-00-DX1,0,0.00063311064,0
non-tumour/TCGA-CA-6715-01Z-00-DX1_5120_23040.jpg,TCGA-CA-6715,TCGA-CA-6715-01Z-00-DX1,0,2.9858434e-06,0
non-tumour/TCGA-CA-6715-01Z-00-DX1_5120_24064.jpg,TCGA-CA-6715,TCGA-CA-6715-01Z-00-DX1,0,2.4258711e-06,0
non-tumour/TCGA-CA-6715-01Z-00-DX1_5120_24576.jpg,TCGA-CA-6715,TCGA-CA-6715-01Z-00-DX1,0,1.5331836e-05,0
non-tumour/TCGA-CA-6715-01Z-00-DX1_5120_25088.jpg,TCGA-CA-6715,TCGA-CA-6715-01Z-00-DX1,0,2.8403576e-07,0
non-tumour/TCGA-CA-6715-01Z-00-DX1_5120_25600.jpg,TCGA-CA-6715,TCGA-CA-6715-01Z-00-DX1,0,2.188948e-06,0
non-tumour/TCGA-CA-6715-01Z-00-DX1_5120_28672.jpg,TCGA-CA-6715,TCGA-CA-6715-01Z-00-DX1,0,2.6785188e-05,0
non-tumour/TCGA-CA-6715-01Z-00-DX1_5120_30720.jpg,TCGA-CA-6715,TCGA-CA-6715-01Z-00-DX1,0,0.0019332635,0
non-tumour/TCGA-CA-6715-01Z-00-DX1_5120_7168.jpg,TCGA-CA-6715,TCGA-CA-6715-01Z-00-DX1,0,0.0001323974,0
non-tumour/TCGA-CA-6715-01Z-00-DX1_5120_7680.jpg,TCGA-CA-6715,TCGA-CA-6715-01Z-00-DX1,0,0.00057974376,0
non-tumour/TCGA-CA-6715-01Z-00-DX1_5120_8192.jpg,TCGA-CA-6715,TCGA-CA-6715-01Z-00-DX1,0,0.020382434,0
non-tumour/TCGA-CA-6715-01Z-00-DX1_5632_13824.jpg,TCGA-CA-6715,TCGA-CA-6715-01Z-00-DX1,0,0.040063065,0
non-tumour/TCGA-CA-6715-01Z-00-DX1_5632_15360.jpg,TCGA-CA-6715,TCGA-CA-6715-01Z-00-DX1,0,0.0043725315,0
non-tumour/TCGA-CA-6715-01Z-00-DX1_5632_15872.jpg,TCGA-CA-6715,TCGA-CA-6715-01Z-00-DX1,0,0.005033018,0
non-tumour/TCGA-CA-6715-01Z-00-DX1_5632_19456.jpg,TCGA-CA-6715,TCGA-CA-6715-01Z-00-DX1,0,4.6848443e-05,0
non-tumour/TCGA-CA-6715-01Z-00-DX1_5632_19968.jpg,TCGA-CA-6715,TCGA-CA-6715-01Z-00-DX1,0,5.1684297e-06,0
non-tumour/TCGA-CA-6715-01Z-00-DX1_5632_20992.jpg,TCGA-CA-6715,TCGA-CA-6715-01Z-00-DX1,0,5.9649792e-05,0
non-tumour/TCGA-CA-6715-01Z-00-DX1_5632_22528.jpg,TCGA-CA-6715,TCGA-CA-6715-01Z-00-DX1,0,0.0039611296,0
non-tumour/TCGA-CA-6715-01Z-00-DX1_5632_23552.jpg,TCGA-CA-6715,TCGA-CA-6715-01Z-00-DX1,0,0.00018911455,0
non-tumour/TCGA-CA-6715-01Z-00-DX1_5632_24576.jpg,TCGA-CA-6715,TCGA-CA-6715-01Z-00-DX1,0,7.411283e-07,0
non-tumour/TCGA-CA-6715-01Z-00-DX1_5632_25088.jpg,TCGA-CA-6715,TCGA-CA-6715-01Z-00-DX1,0,9.2017144e-05,0
non-tumour/TCGA-CA-6715-01Z-00-DX1_5632_26624.jpg,TCGA-CA-6715,TCGA-CA-6715-01Z-00-DX1,0,0.00026418368,0
non-tumour/TCGA-CA-6715-01Z-00-DX1_5632_27136.jpg,TCGA-CA-6715,TCGA-CA-6715-01Z-00-DX1,0,6.236217e-05,0
non-tumour/TCGA-CA-6715-01Z-00-DX1_5632_27648.jpg,TCGA-CA-6715,TCGA-CA-6715-01Z-00-DX1,0,1.7810326e-06,0
non-tumour/TCGA-CA-6715-01Z-00-DX1_5632_28160.jpg,TCGA-CA-6715,TCGA-CA-6715-01Z-00-DX1,0,1.0341606e-06,0
non-tumour/TCGA-CA-6715-01Z-00-DX1_5632_28672.jpg,TCGA-CA-6715,TCGA-CA-6715-01Z-00-DX1,0,9.448406e-05,0
non-tumour/TCGA-CA-6715-01Z-00-DX1_5632_29696.jpg,TCGA-CA-6715,TCGA-CA-6715-01Z-00-DX1,0,0.00058830646,0
non-tumour/TCGA-CA-6715-01Z-00-DX1_5632_30208.jpg,TCGA-CA-6715,TCGA-CA-6715-01Z-00-DX1,0,0.004227254,0
non-tumour/TCGA-CA-6715-01Z-00-DX1_5632_5632.jpg,TCGA-CA-6715,TCGA-CA-6715-01Z-00-DX1,0,0.16483946,0
non-tumour/TCGA-CA-6715-01Z-00-DX1_5632_7168.jpg,TCGA-CA-6715,TCGA-CA-6715-01Z-00-DX1,0,6.360505e-05,0
non-tumour/TCGA-CA-6715-01Z-00-DX1_6144_15360.jpg,TCGA-CA-6715,TCGA-CA-6715-01Z-00-DX1,0,0.071010605,0
non-tumour/TCGA-CA-6715-01Z-00-DX1_6144_19968.jpg,TCGA-CA-6715,TCGA-CA-6715-01Z-00-DX1,0,6.983932e-05,0
non-tumour/TCGA-CA-6715-01Z-00-DX1_6144_20992.jpg,TCGA-CA-6715,TCGA-CA-6715-01Z-00-DX1,0,0.08755851,0
non-tumour/TCGA-CA-6715-01Z-00-DX1_6144_22016.jpg,TCGA-CA-6715,TCGA-CA-6715-01Z-00-DX1,0,0.00037206776,0
non-tumour/TCGA-CA-6715-01Z-00-DX1_6144_23040.jpg,TCGA-CA-6715,TCGA-CA-6715-01Z-00-DX1,0,0.0032137763,0
non-tumour/TCGA-CA-6715-01Z-00-DX1_6144_23552.jpg,TCGA-CA-6715,TCGA-CA-6715-01Z-00-DX1,0,0.0013147447,0
non-tumour/TCGA-CA-6715-01Z-00-DX1_6144_26112.jpg,TCGA-CA-6715,TCGA-CA-6715-01Z-00-DX1,0,0.0004906116,0
non-tumour/TCGA-CA-6715-01Z-00-DX1_6144_26624.jpg,TCGA-CA-6715,TCGA-CA-6715-01Z-00-DX1,0,0.00044795335,0
non-tumour/TCGA-CA-6715-01Z-00-DX1_6144_27136.jpg,TCGA-CA-6715,TCGA-CA-6715-01Z-00-DX1,0,0.00023640029,0
non-tumour/TCGA-CA-6715-01Z-00-DX1_6144_27648.jpg,TCGA-CA-6715,TCGA-CA-6715-01Z-00-DX1,0,6.884082e-05,0
non-tumour/TCGA-CA-6715-01Z-00-DX1_6144_29696.jpg,TCGA-CA-6715,TCGA-CA-6715-01Z-00-DX1,0,0.0003432612,0
non-tumour/TCGA-CA-6715-01Z-00-DX1_6144_30720.jpg,TCGA-CA-6715,TCGA-CA-6715-01Z-00-DX1,0,0.0018286443,0
non-tumour/TCGA-CA-6715-01Z-00-DX1_6144_4608.jpg,TCGA-CA-6715,TCGA-CA-6715-01Z-00-DX1,0,0.78843784,1
non-tumour/TCGA-CA-6715-01Z-00-DX1_6144_5120.jpg,TCGA-CA-6715,TCGA-CA-6715-01Z-00-DX1,0,0.18015699,0
non-tumour/TCGA-CA-6715-01Z-00-DX1_6144_5632.jpg,TCGA-CA-6715,TCGA-CA-6715-01Z-00-DX1,0,0.21282408,0
non-tumour/TCGA-CA-6715-01Z-00-DX1_6144_6144.jpg,TCGA-CA-6715,TCGA-CA-6715-01Z-00-DX1,0,0.002283772,0
non-tumour/TCGA-CA-6715-01Z-00-DX1_6656_13824.jpg,TCGA-CA-6715,TCGA-CA-6715-01Z-00-DX1,0,0.25448033,0
non-tumour/TCGA-CA-6715-01Z-00-DX1_6656_14336.jpg,TCGA-CA-6715,TCGA-CA-6715-01Z-00-DX1,0,0.14309186,0
non-tumour/TCGA-CA-6715-01Z-00-DX1_6656_19968.jpg,TCGA-CA-6715,TCGA-CA-6715-01Z-00-DX1,0,0.0011000978,0
non-tumour/TCGA-CA-6715-01Z-00-DX1_6656_20992.jpg,TCGA-CA-6715,TCGA-CA-6715-01Z-00-DX1,0,1.4709971e-05,0
non-tumour/TCGA-CA-6715-01Z-00-DX1_6656_22528.jpg,TCGA-CA-6715,TCGA-CA-6715-01Z-00-DX1,0,0.00062014296,0
non-tumour/TCGA-CA-6715-01Z-00-DX1_6656_23040.jpg,TCGA-CA-6715,TCGA-CA-6715-01Z-00-DX1,0,7.0717265e-06,0
non-tumour/TCGA-CA-6715-01Z-00-DX1_6656_24576.jpg,TCGA-CA-6715,TCGA-CA-6715-01Z-00-DX1,0,1.3678621e-06,0
non-tumour/TCGA-CA-6715-01Z-00-DX1_6656_25600.jpg,TCGA-CA-6715,TCGA-CA-6715-01Z-00-DX1,0,3.721026e-05,0
non-tumour/TCGA-CA-6715-01Z-00-DX1_6656_26624.jpg,TCGA-CA-6715,TCGA-CA-6715-01Z-00-DX1,0,0.000478256,0
non-tumour/TCGA-CA-6715-01Z-00-DX1_6656_27648.jpg,TCGA-CA-6715,TCGA-CA-6715-01Z-00-DX1,0,0.0009027847,0
non-tumour/TCGA-CA-6715-01Z-00-DX1_6656_28672.jpg,TCGA-CA-6715,TCGA-CA-6715-01Z-00-DX1,0,0.0061151288,0
non-tumour/TCGA-CA-6715-01Z-00-DX1_6656_29184.jpg,TCGA-CA-6715,TCGA-CA-6715-01Z-00-DX1,0,1.433369e-06,0
non-tumour/TCGA-CA-6715-01Z-00-DX1_6656_29696.jpg,TCGA-CA-6715,TCGA-CA-6715-01Z-00-DX1,0,4.307443e-05,0
non-tumour/TCGA-CA-6715-01Z-00-DX1_6656_30720.jpg,TCGA-CA-6715,TCGA-CA-6715-01Z-00-DX1,0,0.023417914,0
non-tumour/TCGA-CA-6715-01Z-00-DX1_6656_4096.jpg,TCGA-CA-6715,TCGA-CA-6715-01Z-00-DX1,0,0.5775394,1
non-tumour/TCGA-CA-6715-01Z-00-DX1_6656_4608.jpg,TCGA-CA-6715,TCGA-CA-6715-01Z-00-DX1,0,0.4221662,0
non-tumour/TCGA-CA-6715-01Z-00-DX1_6656_5120.jpg,TCGA-CA-6715,TCGA-CA-6715-01Z-00-DX1,0,0.041569505,0
non-tumour/TCGA-CA-6715-01Z-00-DX1_7168_13824.jpg,TCGA-CA-6715,TCGA-CA-6715-01Z-00-DX1,0,0.18571153,0
non-tumour/TCGA-CA-6715-01Z-00-DX1_7168_14336.jpg,TCGA-CA-6715,TCGA-CA-6715-01Z-00-DX1,0,0.27313092,0
non-tumour/TCGA-CA-6715-01Z-00-DX1_7168_20992.jpg,TCGA-CA-6715,TCGA-CA-6715-01Z-00-DX1,0,4.5850047e-05,0
non-tumour/TCGA-CA-6715-01Z-00-DX1_7168_21504.jpg,TCGA-CA-6715,TCGA-CA-6715-01Z-00-DX1,0,2.8597846e-05,0
non-tumour/TCGA-CA-6715-01Z-00-DX1_7168_22016.jpg,TCGA-CA-6715,TCGA-CA-6715-01Z-00-DX1,0,4.4800156e-05,0
non-tumour/TCGA-CA-6715-01Z-00-DX1_7168_22528.jpg,TCGA-CA-6715,TCGA-CA-6715-01Z-00-DX1,0,3.594981e-05,0
non-tumour/TCGA-CA-6715-01Z-00-DX1_7168_23040.jpg,TCGA-CA-6715,TCGA-CA-6715-01Z-00-DX1,0,0.00025201344,0
non-tumour/TCGA-CA-6715-01Z-00-DX1_7168_24576.jpg,TCGA-CA-6715,TCGA-CA-6715-01Z-00-DX1,0,4.307809e-05,0
non-tumour/TCGA-CA-6715-01Z-00-DX1_7168_25600.jpg,TCGA-CA-6715,TCGA-CA-6715-01Z-00-DX1,0,8.465871e-07,0
non-tumour/TCGA-CA-6715-01Z-00-DX1_7168_27136.jpg,TCGA-CA-6715,TCGA-CA-6715-01Z-00-DX1,0,0.00036994056,0
non-tumour/TCGA-CA-6715-01Z-00-DX1_7168_27648.jpg,TCGA-CA-6715,TCGA-CA-6715-01Z-00-DX1,0,0.010498048,0
non-tumour/TCGA-CA-6715-01Z-00-DX1_7168_28672.jpg,TCGA-CA-6715,TCGA-CA-6715-01Z-00-DX1,0,0.0008945615,0
non-tumour/TCGA-CA-6715-01Z-00-DX1_7168_29184.jpg,TCGA-CA-6715,TCGA-CA-6715-01Z-00-DX1,0,3.1684613e-05,0
non-tumour/TCGA-CA-6715-01Z-00-DX1_7168_4096.jpg,TCGA-CA-6715,TCGA-CA-6715-01Z-00-DX1,0,0.5693681,1
non-tumour/TCGA-CA-6715-01Z-00-DX1_7168_4608.jpg,TCGA-CA-6715,TCGA-CA-6715-01Z-00-DX1,0,0.08855593,0
non-tumour/TCGA-CA-6715-01Z-00-DX1_7680_20480.jpg,TCGA-CA-6715,TCGA-CA-6715-01Z-00-DX1,0,0.002791171,0
non-tumour/TCGA-CA-6715-01Z-00-DX1_7680_20992.jpg,TCGA-CA-6715,TCGA-CA-6715-01Z-00-DX1,0,0.014762871,0
non-tumour/TCGA-CA-6715-01Z-00-DX1_7680_22528.jpg,TCGA-CA-6715,TCGA-CA-6715-01Z-00-DX1,0,0.00016615217,0
non-tumour/TCGA-CA-6715-01Z-00-DX1_7680_23040.jpg,TCGA-CA-6715,TCGA-CA-6715-01Z-00-DX1,0,1.7116053e-06,0
non-tumour/TCGA-CA-6715-01Z-00-DX1_7680_24064.jpg,TCGA-CA-6715,TCGA-CA-6715-01Z-00-DX1,0,0.021048289,0
non-tumour/TCGA-CA-6715-01Z-00-DX1_7680_24576.jpg,TCGA-CA-6715,TCGA-CA-6715-01Z-00-DX1,0,1.4041984e-05,0
non-tumour/TCGA-CA-6715-01Z-00-DX1_7680_25088.jpg,TCGA-CA-6715,TCGA-CA-6715-01Z-00-DX1,0,0.00025658042,0
non-tumour/TCGA-CA-6715-01Z-00-DX1_7680_25600.jpg,TCGA-CA-6715,TCGA-CA-6715-01Z-00-DX1,0,0.00014776771,0
non-tumour/TCGA-CA-6715-01Z-00-DX1_7680_26112.jpg,TCGA-CA-6715,TCGA-CA-6715-01Z-00-DX1,0,3.073647e-05,0
non-tumour/TCGA-CA-6715-01Z-00-DX1_7680_29696.jpg,TCGA-CA-6715,TCGA-CA-6715-01Z-00-DX1,0,0.00019883587,0
non-tumour/TCGA-CA-6715-01Z-00-DX1_7680_3072.jpg,TCGA-CA-6715,TCGA-CA-6715-01Z-00-DX1,0,0.5454987,1
non-tumour/TCGA-CA-6715-01Z-00-DX1_7680_4096.jpg,TCGA-CA-6715,TCGA-CA-6715-01Z-00-DX1,0,0.12089767,0
non-tumour/TCGA-CA-6715-01Z-00-DX1_7680_5120.jpg,TCGA-CA-6715,TCGA-CA-6715-01Z-00-DX1,0,0.6574006,1
non-tumour/TCGA-CA-6715-01Z-00-DX1_7680_5632.jpg,TCGA-CA-6715,TCGA-CA-6715-01Z-00-DX1,0,0.80037606,1
non-tumour/TCGA-CA-6715-01Z-00-DX1_8192_22016.jpg,TCGA-CA-6715,TCGA-CA-6715-01Z-00-DX1,0,0.0023426977,0
non-tumour/TCGA-CA-6715-01Z-00-DX1_8192_22528.jpg,TCGA-CA-6715,TCGA-CA-6715-01Z-00-DX1,0,0.00011802629,0
non-tumour/TCGA-CA-6715-01Z-00-DX1_8192_24064.jpg,TCGA-CA-6715,TCGA-CA-6715-01Z-00-DX1,0,0.0362961,0
non-tumour/TCGA-CA-6715-01Z-00-DX1_8192_25088.jpg,TCGA-CA-6715,TCGA-CA-6715-01Z-00-DX1,0,0.00077954325,0
non-tumour/TCGA-CA-6715-01Z-00-DX1_8192_26624.jpg,TCGA-CA-6715,TCGA-CA-6715-01Z-00-DX1,0,0.0002057679,0
non-tumour/TCGA-CA-6715-01Z-00-DX1_8192_27136.jpg,TCGA-CA-6715,TCGA-CA-6715-01Z-00-DX1,0,0.00015362566,0
non-tumour/TCGA-CA-6715-01Z-00-DX1_8192_27648.jpg,TCGA-CA-6715,TCGA-CA-6715-01Z-00-DX1,0,1.505721e-05,0
non-tumour/TCGA-CA-6715-01Z-00-DX1_8192_29696.jpg,TCGA-CA-6715,TCGA-CA-6715-01Z-00-DX1,0,0.0021597,0
non-tumour/TCGA-CA-6715-01Z-00-DX1_8192_30208.jpg,TCGA-CA-6715,TCGA-CA-6715-01Z-00-DX1,0,0.009957296,0
non-tumour/TCGA-CA-6715-01Z-00-DX1_8192_4096.jpg,TCGA-CA-6715,TCGA-CA-6715-01Z-00-DX1,0,0.24120022,0
non-tumour/TCGA-CA-6715-01Z-00-DX1_8192_4608.jpg,TCGA-CA-6715,TCGA-CA-6715-01Z-00-DX1,0,0.05464605,0
non-tumour/TCGA-CA-6715-01Z-00-DX1_8704_20992.jpg,TCGA-CA-6715,TCGA-CA-6715-01Z-00-DX1,0,0.06371693,0
non-tumour/TCGA-CA-6715-01Z-00-DX1_8704_21504.jpg,TCGA-CA-6715,TCGA-CA-6715-01Z-00-DX1,0,0.015364419,0
non-tumour/TCGA-CA-6715-01Z-00-DX1_8704_22528.jpg,TCGA-CA-6715,TCGA-CA-6715-01Z-00-DX1,0,4.217632e-05,0
non-tumour/TCGA-CA-6715-01Z-00-DX1_8704_23040.jpg,TCGA-CA-6715,TCGA-CA-6715-01Z-00-DX1,0,6.208832e-05,0
non-tumour/TCGA-CA-6715-01Z-00-DX1_8704_23552.jpg,TCGA-CA-6715,TCGA-CA-6715-01Z-00-DX1,0,1.238768e-05,0
non-tumour/TCGA-CA-6715-01Z-00-DX1_8704_24064.jpg,TCGA-CA-6715,TCGA-CA-6715-01Z-00-DX1,0,2.0236499e-05,0
non-tumour/TCGA-CA-6715-01Z-00-DX1_8704_25088.jpg,TCGA-CA-6715,TCGA-CA-6715-01Z-00-DX1,0,2.8178154e-06,0
non-tumour/TCGA-CA-6715-01Z-00-DX1_8704_25600.jpg,TCGA-CA-6715,TCGA-CA-6715-01Z-00-DX1,0,1.7080262e-06,0
non-tumour/TCGA-CA-6715-01Z-00-DX1_8704_26112.jpg,TCGA-CA-6715,TCGA-CA-6715-01Z-00-DX1,0,7.117887e-05,0
non-tumour/TCGA-CA-6715-01Z-00-DX1_8704_28160.jpg,TCGA-CA-6715,TCGA-CA-6715-01Z-00-DX1,0,5.0447816e-06,0
non-tumour/TCGA-CA-6715-01Z-00-DX1_8704_29184.jpg,TCGA-CA-6715,TCGA-CA-6715-01Z-00-DX1,0,8.0249694e-05,0
non-tumour/TCGA-CA-6715-01Z-00-DX1_8704_29696.jpg,TCGA-CA-6715,TCGA-CA-6715-01Z-00-DX1,0,1.0490213e-05,0
non-tumour/TCGA-CA-6715-01Z-00-DX1_8704_30208.jpg,TCGA-CA-6715,TCGA-CA-6715-01Z-00-DX1,0,1.8065752e-05,0
non-tumour/TCGA-CA-6715-01Z-00-DX1_8704_4608.jpg,TCGA-CA-6715,TCGA-CA-6715-01Z-00-DX1,0,0.008824437,0
non-tumour/TCGA-CA-6715-01Z-00-DX1_8704_5632.jpg,TCGA-CA-6715,TCGA-CA-6715-01Z-00-DX1,0,0.075520046,0
non-tumour/TCGA-CA-6715-01Z-00-DX1_9216_21504.jpg,TCGA-CA-6715,TCGA-CA-6715-01Z-00-DX1,0,0.18068437,0
non-tumour/TCGA-CA-6715-01Z-00-DX1_9216_22528.jpg,TCGA-CA-6715,TCGA-CA-6715-01Z-00-DX1,0,0.041439924,0
non-tumour/TCGA-CA-6715-01Z-00-DX1_9216_23040.jpg,TCGA-CA-6715,TCGA-CA-6715-01Z-00-DX1,0,0.00025800642,0
non-tumour/TCGA-CA-6715-01Z-00-DX1_9216_23552.jpg,TCGA-CA-6715,TCGA-CA-6715-01Z-00-DX1,0,0.0004461788,0
non-tumour/TCGA-CA-6715-01Z-00-DX1_9216_24064.jpg,TCGA-CA-6715,TCGA-CA-6715-01Z-00-DX1,0,0.0008428696,0
non-tumour/TCGA-CA-6715-01Z-00-DX1_9216_24576.jpg,TCGA-CA-6715,TCGA-CA-6715-01Z-00-DX1,0,1.9934645e-05,0
non-tumour/TCGA-CA-6715-01Z-00-DX1_9216_2560.jpg,TCGA-CA-6715,TCGA-CA-6715-01Z-00-DX1,0,0.37310368,0
non-tumour/TCGA-CA-6715-01Z-00-DX1_9216_25600.jpg,TCGA-CA-6715,TCGA-CA-6715-01Z-00-DX1,0,1.203649e-05,0
non-tumour/TCGA-CA-6715-01Z-00-DX1_9216_26112.jpg,TCGA-CA-6715,TCGA-CA-6715-01Z-00-DX1,0,5.3622996e-05,0
non-tumour/TCGA-CA-6715-01Z-00-DX1_9216_26624.jpg,TCGA-CA-6715,TCGA-CA-6715-01Z-00-DX1,0,0.0012100212,0
non-tumour/TCGA-CA-6715-01Z-00-DX1_9216_27136.jpg,TCGA-CA-6715,TCGA-CA-6715-01Z-00-DX1,0,0.04096829,0
non-tumour/TCGA-CA-6715-01Z-00-DX1_9216_27648.jpg,TCGA-CA-6715,TCGA-CA-6715-01Z-00-DX1,0,0.000490257,0
non-tumour/TCGA-CA-6715-01Z-00-DX1_9216_28672.jpg,TCGA-CA-6715,TCGA-CA-6715-01Z-00-DX1,0,8.471974e-06,0
non-tumour/TCGA-CA-6715-01Z-00-DX1_9728_21504.jpg,TCGA-CA-6715,TCGA-CA-6715-01Z-00-DX1,0,0.25564858,0
non-tumour/TCGA-CA-6715-01Z-00-DX1_9728_22016.jpg,TCGA-CA-6715,TCGA-CA-6715-01Z-00-DX1,0,0.055927396,0
non-tumour/TCGA-CA-6715-01Z-00-DX1_9728_22528.jpg,TCGA-CA-6715,TCGA-CA-6715-01Z-00-DX1,0,0.93448716,1
non-tumour/TCGA-CA-6715-01Z-00-DX1_9728_24064.jpg,TCGA-CA-6715,TCGA-CA-6715-01Z-00-DX1,0,0.02359805,0
non-tumour/TCGA-CA-6715-01Z-00-DX1_9728_24576.jpg,TCGA-CA-6715,TCGA-CA-6715-01Z-00-DX1,0,7.8336976e-05,0
non-tumour/TCGA-CA-6715-01Z-00-DX1_9728_26624.jpg,TCGA-CA-6715,TCGA-CA-6715-01Z-00-DX1,0,6.20959e-05,0
non-tumour/TCGA-CA-6715-01Z-00-DX1_9728_27648.jpg,TCGA-CA-6715,TCGA-CA-6715-01Z-00-DX1,0,0.0011130616,0
non-tumour/TCGA-CA-6715-01Z-00-DX1_9728_28160.jpg,TCGA-CA-6715,TCGA-CA-6715-01Z-00-DX1,0,0.0002170087,0
non-tumour/TCGA-CA-6715-01Z-00-DX1_9728_28672.jpg,TCGA-CA-6715,TCGA-CA-6715-01Z-00-DX1,0,0.00020721559,0
non-tumour/TCGA-CA-6715-01Z-00-DX1_9728_29184.jpg,TCGA-CA-6715,TCGA-CA-6715-01Z-00-DX1,0,7.67566e-05,0
non-tumour/TCGA-CA-6715-01Z-00-DX1_9728_29696.jpg,TCGA-CA-6715,TCGA-CA-6715-01Z-00-DX1,0,0.00010416505,0
non-tumour/TCGA-CA-6715-01Z-00-DX1_9728_5120.jpg,TCGA-CA-6715,TCGA-CA-6715-01Z-00-DX1,0,0.0014815193,0
non-tumour/TCGA-CA-6715-01Z-00-DX1_9728_5632.jpg,TCGA-CA-6715,TCGA-CA-6715-01Z-00-DX1,0,0.109795846,0
non-tumour/TCGA-CA-6718-01Z-00-DX1_10240_2048.jpg,TCGA-CA-6718,TCGA-CA-6718-01Z-00-DX1,0,0.9146732,1
non-tumour/TCGA-CA-6718-01Z-00-DX1_10240_29184.jpg,TCGA-CA-6718,TCGA-CA-6718-01Z-00-DX1,0,0.94706637,1
non-tumour/TCGA-CA-6718-01Z-00-DX1_10240_29696.jpg,TCGA-CA-6718,TCGA-CA-6718-01Z-00-DX1,0,0.66862756,1
non-tumour/TCGA-CA-6718-01Z-00-DX1_10240_30208.jpg,TCGA-CA-6718,TCGA-CA-6718-01Z-00-DX1,0,0.18818752,0
non-tumour/TCGA-CA-6718-01Z-00-DX1_10240_3072.jpg,TCGA-CA-6718,TCGA-CA-6718-01Z-00-DX1,0,0.9157848,1
non-tumour/TCGA-CA-6718-01Z-00-DX1_10240_30720.jpg,TCGA-CA-6718,TCGA-CA-6718-01Z-00-DX1,0,0.0022337055,0
non-tumour/TCGA-CA-6718-01Z-00-DX1_10240_31744.jpg,TCGA-CA-6718,TCGA-CA-6718-01Z-00-DX1,0,0.08106702,0
non-tumour/TCGA-CA-6718-01Z-00-DX1_10240_3584.jpg,TCGA-CA-6718,TCGA-CA-6718-01Z-00-DX1,0,0.99301755,1
non-tumour/TCGA-CA-6718-01Z-00-DX1_10240_4096.jpg,TCGA-CA-6718,TCGA-CA-6718-01Z-00-DX1,0,0.72847825,1
non-tumour/TCGA-CA-6718-01Z-00-DX1_1024_31232.jpg,TCGA-CA-6718,TCGA-CA-6718-01Z-00-DX1,0,0.0012547056,0
non-tumour/TCGA-CA-6718-01Z-00-DX1_10752_1024.jpg,TCGA-CA-6718,TCGA-CA-6718-01Z-00-DX1,0,0.9843614,1
non-tumour/TCGA-CA-6718-01Z-00-DX1_10752_2048.jpg,TCGA-CA-6718,TCGA-CA-6718-01Z-00-DX1,0,0.9696558,1
non-tumour/TCGA-CA-6718-01Z-00-DX1_10752_30208.jpg,TCGA-CA-6718,TCGA-CA-6718-01Z-00-DX1,0,0.75783306,1
non-tumour/TCGA-CA-6718-01Z-00-DX1_10752_3072.jpg,TCGA-CA-6718,TCGA-CA-6718-01Z-00-DX1,0,0.9971348,1
non-tumour/TCGA-CA-6718-01Z-00-DX1_10752_30720.jpg,TCGA-CA-6718,TCGA-CA-6718-01Z-00-DX1,0,0.21908127,0
non-tumour/TCGA-CA-6718-01Z-00-DX1_10752_31232.jpg,TCGA-CA-6718,TCGA-CA-6718-01Z-00-DX1,0,0.013738204,0
non-tumour/TCGA-CA-6718-01Z-00-DX1_10752_31744.jpg,TCGA-CA-6718,TCGA-CA-6718-01Z-00-DX1,0,0.15615113,0
non-tumour/TCGA-CA-6718-01Z-00-DX1_10752_4096.jpg,TCGA-CA-6718,TCGA-CA-6718-01Z-00-DX1,0,0.7385932,1
non-tumour/TCGA-CA-6718-01Z-00-DX1_11264_29696.jpg,TCGA-CA-6718,TCGA-CA-6718-01Z-00-DX1,0,0.9516546,1
non-tumour/TCGA-CA-6718-01Z-00-DX1_11264_31232.jpg,TCGA-CA-6718,TCGA-CA-6718-01Z-00-DX1,0,0.19955084,0
non-tumour/TCGA-CA-6718-01Z-00-DX1_1536_30208.jpg,TCGA-CA-6718,TCGA-CA-6718-01Z-00-DX1,0,0.046689387,0
non-tumour/TCGA-CA-6718-01Z-00-DX1_1536_31744.jpg,TCGA-CA-6718,TCGA-CA-6718-01Z-00-DX1,0,0.032243498,0
non-tumour/TCGA-CA-6718-01Z-00-DX1_1536_32768.jpg,TCGA-CA-6718,TCGA-CA-6718-01Z-00-DX1,0,0.4520033,0
non-tumour/TCGA-CA-6718-01Z-00-DX1_20480_4608.jpg,TCGA-CA-6718,TCGA-CA-6718-01Z-00-DX1,0,0.59717107,1
non-tumour/TCGA-CA-6718-01Z-00-DX1_2048_24064.jpg,TCGA-CA-6718,TCGA-CA-6718-01Z-00-DX1,0,0.00073084247,0
non-tumour/TCGA-CA-6718-01Z-00-DX1_2048_25088.jpg,TCGA-CA-6718,TCGA-CA-6718-01Z-00-DX1,0,0.010393591,0
non-tumour/TCGA-CA-6718-01Z-00-DX1_2048_26112.jpg,TCGA-CA-6718,TCGA-CA-6718-01Z-00-DX1,0,0.00749907,0
non-tumour/TCGA-CA-6718-01Z-00-DX1_2048_28672.jpg,TCGA-CA-6718,TCGA-CA-6718-01Z-00-DX1,0,0.7887108,1
non-tumour/TCGA-CA-6718-01Z-00-DX1_2048_29696.jpg,TCGA-CA-6718,TCGA-CA-6718-01Z-00-DX1,0,0.88159907,1
non-tumour/TCGA-CA-6718-01Z-00-DX1_2048_30208.jpg,TCGA-CA-6718,TCGA-CA-6718-01Z-00-DX1,0,0.45265257,0
non-tumour/TCGA-CA-6718-01Z-00-DX1_2048_30720.jpg,TCGA-CA-6718,TCGA-CA-6718-01Z-00-DX1,0,0.023614671,0
non-tumour/TCGA-CA-6718-01Z-00-DX1_2048_31232.jpg,TCGA-CA-6718,TCGA-CA-6718-01Z-00-DX1,0,0.045022544,0
non-tumour/TCGA-CA-6718-01Z-00-DX1_2048_31744.jpg,TCGA-CA-6718,TCGA-CA-6718-01Z-00-DX1,0,0.22336596,0
non-tumour/TCGA-CA-6718-01Z-00-DX1_2048_32256.jpg,TCGA-CA-6718,TCGA-CA-6718-01Z-00-DX1,0,0.027802117,0
non-tumour/TCGA-CA-6718-01Z-00-DX1_20992_4608.jpg,TCGA-CA-6718,TCGA-CA-6718-01Z-00-DX1,0,0.53779644,1
non-tumour/TCGA-CA-6718-01Z-00-DX1_21504_5120.jpg,TCGA-CA-6718,TCGA-CA-6718-01Z-00-DX1,0,0.81811893,1
non-tumour/TCGA-CA-6718-01Z-00-DX1_21504_5632.jpg,TCGA-CA-6718,TCGA-CA-6718-01Z-00-DX1,0,0.89789796,1
non-tumour/TCGA-CA-6718-01Z-00-DX1_22528_6144.jpg,TCGA-CA-6718,TCGA-CA-6718-01Z-00-DX1,0,0.96085453,1
non-tumour/TCGA-CA-6718-01Z-00-DX1_23040_6144.jpg,TCGA-CA-6718,TCGA-CA-6718-01Z-00-DX1,0,0.9468326,1
non-tumour/TCGA-CA-6718-01Z-00-DX1_2560_23552.jpg,TCGA-CA-6718,TCGA-CA-6718-01Z-00-DX1,0,0.42385328,0
non-tumour/TCGA-CA-6718-01Z-00-DX1_2560_24064.jpg,TCGA-CA-6718,TCGA-CA-6718-01Z-00-DX1,0,0.044976376,0
non-tumour/TCGA-CA-6718-01Z-00-DX1_2560_24576.jpg,TCGA-CA-6718,TCGA-CA-6718-01Z-00-DX1,0,0.19085304,0
non-tumour/TCGA-CA-6718-01Z-00-DX1_2560_25088.jpg,TCGA-CA-6718,TCGA-CA-6718-01Z-00-DX1,0,0.18061025,0
non-tumour/TCGA-CA-6718-01Z-00-DX1_2560_27136.jpg,TCGA-CA-6718,TCGA-CA-6718-01Z-00-DX1,0,0.19373633,0
non-tumour/TCGA-CA-6718-01Z-00-DX1_2560_28160.jpg,TCGA-CA-6718,TCGA-CA-6718-01Z-00-DX1,0,0.4804527,0
non-tumour/TCGA-CA-6718-01Z-00-DX1_2560_29696.jpg,TCGA-CA-6718,TCGA-CA-6718-01Z-00-DX1,0,0.7702099,1
non-tumour/TCGA-CA-6718-01Z-00-DX1_2560_30720.jpg,TCGA-CA-6718,TCGA-CA-6718-01Z-00-DX1,0,0.17017506,0
non-tumour/TCGA-CA-6718-01Z-00-DX1_2560_31744.jpg,TCGA-CA-6718,TCGA-CA-6718-01Z-00-DX1,0,0.2631947,0
non-tumour/TCGA-CA-6718-01Z-00-DX1_2560_32768.jpg,TCGA-CA-6718,TCGA-CA-6718-01Z-00-DX1,0,0.037652824,0
non-tumour/TCGA-CA-6718-01Z-00-DX1_2560_33280.jpg,TCGA-CA-6718,TCGA-CA-6718-01Z-00-DX1,0,0.73001003,1
non-tumour/TCGA-CA-6718-01Z-00-DX1_3072_23552.jpg,TCGA-CA-6718,TCGA-CA-6718-01Z-00-DX1,0,0.39944315,0
non-tumour/TCGA-CA-6718-01Z-00-DX1_3072_25088.jpg,TCGA-CA-6718,TCGA-CA-6718-01Z-00-DX1,0,0.3401317,0
non-tumour/TCGA-CA-6718-01Z-00-DX1_3072_26624.jpg,TCGA-CA-6718,TCGA-CA-6718-01Z-00-DX1,0,0.008615478,0
non-tumour/TCGA-CA-6718-01Z-00-DX1_3072_27136.jpg,TCGA-CA-6718,TCGA-CA-6718-01Z-00-DX1,0,0.015877487,0
non-tumour/TCGA-CA-6718-01Z-00-DX1_3072_27648.jpg,TCGA-CA-6718,TCGA-CA-6718-01Z-00-DX1,0,0.12623562,0
non-tumour/TCGA-CA-6718-01Z-00-DX1_3072_28160.jpg,TCGA-CA-6718,TCGA-CA-6718-01Z-00-DX1,0,0.7857527,1
non-tumour/TCGA-CA-6718-01Z-00-DX1_3072_28672.jpg,TCGA-CA-6718,TCGA-CA-6718-01Z-00-DX1,0,0.3007472,0
non-tumour/TCGA-CA-6718-01Z-00-DX1_3072_29184.jpg,TCGA-CA-6718,TCGA-CA-6718-01Z-00-DX1,0,0.10726375,0
non-tumour/TCGA-CA-6718-01Z-00-DX1_3072_30720.jpg,TCGA-CA-6718,TCGA-CA-6718-01Z-00-DX1,0,0.15301943,0
non-tumour/TCGA-CA-6718-01Z-00-DX1_3072_32256.jpg,TCGA-CA-6718,TCGA-CA-6718-01Z-00-DX1,0,0.07781284,0
non-tumour/TCGA-CA-6718-01Z-00-DX1_3584_25088.jpg,TCGA-CA-6718,TCGA-CA-6718-01Z-00-DX1,0,0.3343634,0
non-tumour/TCGA-CA-6718-01Z-00-DX1_3584_26112.jpg,TCGA-CA-6718,TCGA-CA-6718-01Z-00-DX1,0,0.11662045,0
non-tumour/TCGA-CA-6718-01Z-00-DX1_3584_27136.jpg,TCGA-CA-6718,TCGA-CA-6718-01Z-00-DX1,0,0.0011527198,0
non-tumour/TCGA-CA-6718-01Z-00-DX1_3584_27648.jpg,TCGA-CA-6718,TCGA-CA-6718-01Z-00-DX1,0,0.14599198,0
non-tumour/TCGA-CA-6718-01Z-00-DX1_3584_28160.jpg,TCGA-CA-6718,TCGA-CA-6718-01Z-00-DX1,0,0.71951216,1
non-tumour/TCGA-CA-6718-01Z-00-DX1_3584_29184.jpg,TCGA-CA-6718,TCGA-CA-6718-01Z-00-DX1,0,0.0016822986,0
non-tumour/TCGA-CA-6718-01Z-00-DX1_3584_29696.jpg,TCGA-CA-6718,TCGA-CA-6718-01Z-00-DX1,0,0.89102286,1
non-tumour/TCGA-CA-6718-01Z-00-DX1_3584_30720.jpg,TCGA-CA-6718,TCGA-CA-6718-01Z-00-DX1,0,0.010883221,0
non-tumour/TCGA-CA-6718-01Z-00-DX1_3584_31232.jpg,TCGA-CA-6718,TCGA-CA-6718-01Z-00-DX1,0,0.0001872119,0
non-tumour/TCGA-CA-6718-01Z-00-DX1_3584_32256.jpg,TCGA-CA-6718,TCGA-CA-6718-01Z-00-DX1,0,0.3328391,0
non-tumour/TCGA-CA-6718-01Z-00-DX1_3584_32768.jpg,TCGA-CA-6718,TCGA-CA-6718-01Z-00-DX1,0,0.0006377958,0
non-tumour/TCGA-CA-6718-01Z-00-DX1_3584_33792.jpg,TCGA-CA-6718,TCGA-CA-6718-01Z-00-DX1,0,0.9522424,1
non-tumour/TCGA-CA-6718-01Z-00-DX1_4096_24576.jpg,TCGA-CA-6718,TCGA-CA-6718-01Z-00-DX1,0,0.49087822,0
non-tumour/TCGA-CA-6718-01Z-00-DX1_4096_25088.jpg,TCGA-CA-6718,TCGA-CA-6718-01Z-00-DX1,0,0.8708412,1
non-tumour/TCGA-CA-6718-01Z-00-DX1_4096_25600.jpg,TCGA-CA-6718,TCGA-CA-6718-01Z-00-DX1,0,0.0004620485,0
non-tumour/TCGA-CA-6718-01Z-00-DX1_4096_26624.jpg,TCGA-CA-6718,TCGA-CA-6718-01Z-00-DX1,0,0.0013294327,0
non-tumour/TCGA-CA-6718-01Z-00-DX1_4096_30208.jpg,TCGA-CA-6718,TCGA-CA-6718-01Z-00-DX1,0,0.005114906,0
non-tumour/TCGA-CA-6718-01Z-00-DX1_4096_30720.jpg,TCGA-CA-6718,TCGA-CA-6718-01Z-00-DX1,0,0.06121709,0
non-tumour/TCGA-CA-6718-01Z-00-DX1_4096_31232.jpg,TCGA-CA-6718,TCGA-CA-6718-01Z-00-DX1,0,0.001792964,0
non-tumour/TCGA-CA-6718-01Z-00-DX1_4096_31744.jpg,TCGA-CA-6718,TCGA-CA-6718-01Z-00-DX1,0,0.13711105,0
non-tumour/TCGA-CA-6718-01Z-00-DX1_4096_32256.jpg,TCGA-CA-6718,TCGA-CA-6718-01Z-00-DX1,0,0.018181954,0
non-tumour/TCGA-CA-6718-01Z-00-DX1_4096_33280.jpg,TCGA-CA-6718,TCGA-CA-6718-01Z-00-DX1,0,0.6127283,1
non-tumour/TCGA-CA-6718-01Z-00-DX1_4608_24576.jpg,TCGA-CA-6718,TCGA-CA-6718-01Z-00-DX1,0,0.012689701,0
non-tumour/TCGA-CA-6718-01Z-00-DX1_4608_25600.jpg,TCGA-CA-6718,TCGA-CA-6718-01Z-00-DX1,0,8.790913e-05,0
non-tumour/TCGA-CA-6718-01Z-00-DX1_4608_26624.jpg,TCGA-CA-6718,TCGA-CA-6718-01Z-00-DX1,0,0.0019329911,0
non-tumour/TCGA-CA-6718-01Z-00-DX1_4608_27648.jpg,TCGA-CA-6718,TCGA-CA-6718-01Z-00-DX1,0,0.0024980486,0
non-tumour/TCGA-CA-6718-01Z-00-DX1_4608_28672.jpg,TCGA-CA-6718,TCGA-CA-6718-01Z-00-DX1,0,0.5817872,1
non-tumour/TCGA-CA-6718-01Z-00-DX1_4608_30208.jpg,TCGA-CA-6718,TCGA-CA-6718-01Z-00-DX1,0,0.09942328,0
non-tumour/TCGA-CA-6718-01Z-00-DX1_4608_30720.jpg,TCGA-CA-6718,TCGA-CA-6718-01Z-00-DX1,0,0.5305083,1
non-tumour/TCGA-CA-6718-01Z-00-DX1_4608_31744.jpg,TCGA-CA-6718,TCGA-CA-6718-01Z-00-DX1,0,0.30780184,0
non-tumour/TCGA-CA-6718-01Z-00-DX1_4608_33280.jpg,TCGA-CA-6718,TCGA-CA-6718-01Z-00-DX1,0,0.56320727,1
non-tumour/TCGA-CA-6718-01Z-00-DX1_5120_25088.jpg,TCGA-CA-6718,TCGA-CA-6718-01Z-00-DX1,0,4.7943824e-05,0
non-tumour/TCGA-CA-6718-01Z-00-DX1_5120_29184.jpg,TCGA-CA-6718,TCGA-CA-6718-01Z-00-DX1,0,0.0064185895,0
non-tumour/TCGA-CA-6718-01Z-00-DX1_5120_30208.jpg,TCGA-CA-6718,TCGA-CA-6718-01Z-00-DX1,0,0.021781823,0
non-tumour/TCGA-CA-6718-01Z-00-DX1_5120_30720.jpg,TCGA-CA-6718,TCGA-CA-6718-01Z-00-DX1,0,0.90835327,1
non-tumour/TCGA-CA-6718-01Z-00-DX1_5120_31232.jpg,TCGA-CA-6718,TCGA-CA-6718-01Z-00-DX1,0,0.06478993,0
non-tumour/TCGA-CA-6718-01Z-00-DX1_5120_32256.jpg,TCGA-CA-6718,TCGA-CA-6718-01Z-00-DX1,0,0.062487755,0
non-tumour/TCGA-CA-6718-01Z-00-DX1_5120_32768.jpg,TCGA-CA-6718,TCGA-CA-6718-01Z-00-DX1,0,0.6642688,1
non-tumour/TCGA-CA-6718-01Z-00-DX1_5120_33280.jpg,TCGA-CA-6718,TCGA-CA-6718-01Z-00-DX1,0,0.32846624,0
non-tumour/TCGA-CA-6718-01Z-00-DX1_5120_33792.jpg,TCGA-CA-6718,TCGA-CA-6718-01Z-00-DX1,0,0.2479066,0
non-tumour/TCGA-CA-6718-01Z-00-DX1_5632_25088.jpg,TCGA-CA-6718,TCGA-CA-6718-01Z-00-DX1,0,0.74388725,1
non-tumour/TCGA-CA-6718-01Z-00-DX1_5632_26112.jpg,TCGA-CA-6718,TCGA-CA-6718-01Z-00-DX1,0,0.55227345,1
non-tumour/TCGA-CA-6718-01Z-00-DX1_5632_27648.jpg,TCGA-CA-6718,TCGA-CA-6718-01Z-00-DX1,0,0.70817536,1
non-tumour/TCGA-CA-6718-01Z-00-DX1_5632_28672.jpg,TCGA-CA-6718,TCGA-CA-6718-01Z-00-DX1,0,0.19500645,0
non-tumour/TCGA-CA-6718-01Z-00-DX1_5632_29696.jpg,TCGA-CA-6718,TCGA-CA-6718-01Z-00-DX1,0,0.15268081,0
non-tumour/TCGA-CA-6718-01Z-00-DX1_5632_30720.jpg,TCGA-CA-6718,TCGA-CA-6718-01Z-00-DX1,0,0.0071010627,0
non-tumour/TCGA-CA-6718-01Z-00-DX1_5632_31232.jpg,TCGA-CA-6718,TCGA-CA-6718-01Z-00-DX1,0,0.15397616,0
non-tumour/TCGA-CA-6718-01Z-00-DX1_5632_31744.jpg,TCGA-CA-6718,TCGA-CA-6718-01Z-00-DX1,0,0.006780025,0
non-tumour/TCGA-CA-6718-01Z-00-DX1_5632_32256.jpg,TCGA-CA-6718,TCGA-CA-6718-01Z-00-DX1,0,0.15100172,0
non-tumour/TCGA-CA-6718-01Z-00-DX1_5632_32768.jpg,TCGA-CA-6718,TCGA-CA-6718-01Z-00-DX1,0,0.13668239,0
non-tumour/TCGA-CA-6718-01Z-00-DX1_6144_25088.jpg,TCGA-CA-6718,TCGA-CA-6718-01Z-00-DX1,0,0.6070902,1
non-tumour/TCGA-CA-6718-01Z-00-DX1_6144_26112.jpg,TCGA-CA-6718,TCGA-CA-6718-01Z-00-DX1,0,0.0042110784,0
non-tumour/TCGA-CA-6718-01Z-00-DX1_6144_26624.jpg,TCGA-CA-6718,TCGA-CA-6718-01Z-00-DX1,0,0.36198327,0
non-tumour/TCGA-CA-6718-01Z-00-DX1_6144_27648.jpg,TCGA-CA-6718,TCGA-CA-6718-01Z-00-DX1,0,0.6461154,1
non-tumour/TCGA-CA-6718-01Z-00-DX1_6144_28160.jpg,TCGA-CA-6718,TCGA-CA-6718-01Z-00-DX1,0,0.98866963,1
non-tumour/TCGA-CA-6718-01Z-00-DX1_6144_29184.jpg,TCGA-CA-6718,TCGA-CA-6718-01Z-00-DX1,0,0.55250937,1
non-tumour/TCGA-CA-6718-01Z-00-DX1_6144_29696.jpg,TCGA-CA-6718,TCGA-CA-6718-01Z-00-DX1,0,0.3231569,0
non-tumour/TCGA-CA-6718-01Z-00-DX1_6144_31232.jpg,TCGA-CA-6718,TCGA-CA-6718-01Z-00-DX1,0,0.11171198,0
non-tumour/TCGA-CA-6718-01Z-00-DX1_6144_32256.jpg,TCGA-CA-6718,TCGA-CA-6718-01Z-00-DX1,0,0.30973792,0
non-tumour/TCGA-CA-6718-01Z-00-DX1_6144_33280.jpg,TCGA-CA-6718,TCGA-CA-6718-01Z-00-DX1,0,0.13232794,0
non-tumour/TCGA-CA-6718-01Z-00-DX1_6656_25600.jpg,TCGA-CA-6718,TCGA-CA-6718-01Z-00-DX1,0,0.20206259,0
non-tumour/TCGA-CA-6718-01Z-00-DX1_6656_26112.jpg,TCGA-CA-6718,TCGA-CA-6718-01Z-00-DX1,0,0.034878887,0
non-tumour/TCGA-CA-6718-01Z-00-DX1_6656_29184.jpg,TCGA-CA-6718,TCGA-CA-6718-01Z-00-DX1,0,0.42766717,0
non-tumour/TCGA-CA-6718-01Z-00-DX1_6656_29696.jpg,TCGA-CA-6718,TCGA-CA-6718-01Z-00-DX1,0,0.21078682,0
non-tumour/TCGA-CA-6718-01Z-00-DX1_6656_30720.jpg,TCGA-CA-6718,TCGA-CA-6718-01Z-00-DX1,0,0.006145075,0
non-tumour/TCGA-CA-6718-01Z-00-DX1_6656_31232.jpg,TCGA-CA-6718,TCGA-CA-6718-01Z-00-DX1,0,0.006733365,0
non-tumour/TCGA-CA-6718-01Z-00-DX1_6656_31744.jpg,TCGA-CA-6718,TCGA-CA-6718-01Z-00-DX1,0,0.013230178,0
non-tumour/TCGA-CA-6718-01Z-00-DX1_6656_32256.jpg,TCGA-CA-6718,TCGA-CA-6718-01Z-00-DX1,0,0.06756578,0
non-tumour/TCGA-CA-6718-01Z-00-DX1_6656_32768.jpg,TCGA-CA-6718,TCGA-CA-6718-01Z-00-DX1,0,0.1855598,0
non-tumour/TCGA-CA-6718-01Z-00-DX1_6656_33280.jpg,TCGA-CA-6718,TCGA-CA-6718-01Z-00-DX1,0,0.5033362,1
non-tumour/TCGA-CA-6718-01Z-00-DX1_7168_26112.jpg,TCGA-CA-6718,TCGA-CA-6718-01Z-00-DX1,0,0.017905468,0
non-tumour/TCGA-CA-6718-01Z-00-DX1_7168_26624.jpg,TCGA-CA-6718,TCGA-CA-6718-01Z-00-DX1,0,0.017891243,0
non-tumour/TCGA-CA-6718-01Z-00-DX1_7168_28672.jpg,TCGA-CA-6718,TCGA-CA-6718-01Z-00-DX1,0,0.037246283,0
non-tumour/TCGA-CA-6718-01Z-00-DX1_7168_29696.jpg,TCGA-CA-6718,TCGA-CA-6718-01Z-00-DX1,0,0.32074672,0
non-tumour/TCGA-CA-6718-01Z-00-DX1_7168_30720.jpg,TCGA-CA-6718,TCGA-CA-6718-01Z-00-DX1,0,0.0045657433,0
non-tumour/TCGA-CA-6718-01Z-00-DX1_7168_31232.jpg,TCGA-CA-6718,TCGA-CA-6718-01Z-00-DX1,0,0.046210192,0
non-tumour/TCGA-CA-6718-01Z-00-DX1_7168_32768.jpg,TCGA-CA-6718,TCGA-CA-6718-01Z-00-DX1,0,0.15294124,0
non-tumour/TCGA-CA-6718-01Z-00-DX1_7168_33280.jpg,TCGA-CA-6718,TCGA-CA-6718-01Z-00-DX1,0,0.04419043,0
non-tumour/TCGA-CA-6718-01Z-00-DX1_7168_33792.jpg,TCGA-CA-6718,TCGA-CA-6718-01Z-00-DX1,0,0.23143615,0
non-tumour/TCGA-CA-6718-01Z-00-DX1_7168_34304.jpg,TCGA-CA-6718,TCGA-CA-6718-01Z-00-DX1,0,0.06008121,0
non-tumour/TCGA-CA-6718-01Z-00-DX1_7680_27136.jpg,TCGA-CA-6718,TCGA-CA-6718-01Z-00-DX1,0,0.0014071722,0
non-tumour/TCGA-CA-6718-01Z-00-DX1_7680_30208.jpg,TCGA-CA-6718,TCGA-CA-6718-01Z-00-DX1,0,7.702974e-05,0
non-tumour/TCGA-CA-6718-01Z-00-DX1_7680_31744.jpg,TCGA-CA-6718,TCGA-CA-6718-01Z-00-DX1,0,0.0059431703,0
non-tumour/TCGA-CA-6718-01Z-00-DX1_7680_33792.jpg,TCGA-CA-6718,TCGA-CA-6718-01Z-00-DX1,0,0.085163325,0
non-tumour/TCGA-CA-6718-01Z-00-DX1_8192_27136.jpg,TCGA-CA-6718,TCGA-CA-6718-01Z-00-DX1,0,0.24446331,0
non-tumour/TCGA-CA-6718-01Z-00-DX1_8192_28160.jpg,TCGA-CA-6718,TCGA-CA-6718-01Z-00-DX1,0,0.8053409,1
non-tumour/TCGA-CA-6718-01Z-00-DX1_8192_29696.jpg,TCGA-CA-6718,TCGA-CA-6718-01Z-00-DX1,0,0.005716321,0
non-tumour/TCGA-CA-6718-01Z-00-DX1_8192_30208.jpg,TCGA-CA-6718,TCGA-CA-6718-01Z-00-DX1,0,0.0008315162,0
non-tumour/TCGA-CA-6718-01Z-00-DX1_8192_30720.jpg,TCGA-CA-6718,TCGA-CA-6718-01Z-00-DX1,0,0.00017445283,0
non-tumour/TCGA-CA-6718-01Z-00-DX1_8192_31744.jpg,TCGA-CA-6718,TCGA-CA-6718-01Z-00-DX1,0,0.012309178,0
non-tumour/TCGA-CA-6718-01Z-00-DX1_8192_4608.jpg,TCGA-CA-6718,TCGA-CA-6718-01Z-00-DX1,0,0.64351135,1
non-tumour/TCGA-CA-6718-01Z-00-DX1_8192_5120.jpg,TCGA-CA-6718,TCGA-CA-6718-01Z-00-DX1,0,0.38423312,0
non-tumour/TCGA-CA-6718-01Z-00-DX1_8704_27648.jpg,TCGA-CA-6718,TCGA-CA-6718-01Z-00-DX1,0,0.9408983,1
non-tumour/TCGA-CA-6718-01Z-00-DX1_8704_28672.jpg,TCGA-CA-6718,TCGA-CA-6718-01Z-00-DX1,0,0.047907814,0
non-tumour/TCGA-CA-6718-01Z-00-DX1_8704_29696.jpg,TCGA-CA-6718,TCGA-CA-6718-01Z-00-DX1,0,0.07399882,0
non-tumour/TCGA-CA-6718-01Z-00-DX1_8704_30208.jpg,TCGA-CA-6718,TCGA-CA-6718-01Z-00-DX1,0,0.0023379894,0
non-tumour/TCGA-CA-6718-01Z-00-DX1_8704_31232.jpg,TCGA-CA-6718,TCGA-CA-6718-01Z-00-DX1,0,0.024865534,0
non-tumour/TCGA-CA-6718-01Z-00-DX1_8704_32768.jpg,TCGA-CA-6718,TCGA-CA-6718-01Z-00-DX1,0,0.3003992,0
non-tumour/TCGA-CA-6718-01Z-00-DX1_8704_3584.jpg,TCGA-CA-6718,TCGA-CA-6718-01Z-00-DX1,0,0.86408615,1
non-tumour/TCGA-CA-6718-01Z-00-DX1_8704_4096.jpg,TCGA-CA-6718,TCGA-CA-6718-01Z-00-DX1,0,0.6908714,1
non-tumour/TCGA-CA-6718-01Z-00-DX1_9216_27648.jpg,TCGA-CA-6718,TCGA-CA-6718-01Z-00-DX1,0,0.93019146,1
non-tumour/TCGA-CA-6718-01Z-00-DX1_9216_28160.jpg,TCGA-CA-6718,TCGA-CA-6718-01Z-00-DX1,0,0.85975695,1
non-tumour/TCGA-CA-6718-01Z-00-DX1_9216_28672.jpg,TCGA-CA-6718,TCGA-CA-6718-01Z-00-DX1,0,0.07782187,0
non-tumour/TCGA-CA-6718-01Z-00-DX1_9216_29696.jpg,TCGA-CA-6718,TCGA-CA-6718-01Z-00-DX1,0,0.106669284,0
non-tumour/TCGA-CA-6718-01Z-00-DX1_9216_3072.jpg,TCGA-CA-6718,TCGA-CA-6718-01Z-00-DX1,0,0.038859,0
non-tumour/TCGA-CA-6718-01Z-00-DX1_9216_30720.jpg,TCGA-CA-6718,TCGA-CA-6718-01Z-00-DX1,0,0.00075669494,0
non-tumour/TCGA-CA-6718-01Z-00-DX1_9216_31232.jpg,TCGA-CA-6718,TCGA-CA-6718-01Z-00-DX1,0,0.017194105,0
non-tumour/TCGA-CA-6718-01Z-00-DX1_9216_32256.jpg,TCGA-CA-6718,TCGA-CA-6718-01Z-00-DX1,0,0.012578498,0
non-tumour/TCGA-CA-6718-01Z-00-DX1_9216_3584.jpg,TCGA-CA-6718,TCGA-CA-6718-01Z-00-DX1,0,0.79743606,1
non-tumour/TCGA-CA-6718-01Z-00-DX1_9216_4096.jpg,TCGA-CA-6718,TCGA-CA-6718-01Z-00-DX1,0,0.6821225,1
non-tumour/TCGA-CA-6718-01Z-00-DX1_9216_4608.jpg,TCGA-CA-6718,TCGA-CA-6718-01Z-00-DX1,0,0.93780893,1
non-tumour/TCGA-CA-6718-01Z-00-DX1_9728_2560.jpg,TCGA-CA-6718,TCGA-CA-6718-01Z-00-DX1,0,0.7680573,1
non-tumour/TCGA-CA-6718-01Z-00-DX1_9728_28672.jpg,TCGA-CA-6718,TCGA-CA-6718-01Z-00-DX1,0,0.010691417,0
non-tumour/TCGA-CA-6718-01Z-00-DX1_9728_29696.jpg,TCGA-CA-6718,TCGA-CA-6718-01Z-00-DX1,0,0.30308488,0
non-tumour/TCGA-CA-6718-01Z-00-DX1_9728_3072.jpg,TCGA-CA-6718,TCGA-CA-6718-01Z-00-DX1,0,0.9880585,1
non-tumour/TCGA-CA-6718-01Z-00-DX1_9728_30720.jpg,TCGA-CA-6718,TCGA-CA-6718-01Z-00-DX1,0,0.034008574,0
non-tumour/TCGA-CA-6718-01Z-00-DX1_9728_32256.jpg,TCGA-CA-6718,TCGA-CA-6718-01Z-00-DX1,0,0.020797204,0
non-tumour/TCGA-CA-6718-01Z-00-DX1_9728_4096.jpg,TCGA-CA-6718,TCGA-CA-6718-01Z-00-DX1,0,0.9953265,1
non-tumour/TCGA-CA-6718-01Z-00-DX1_9728_4608.jpg,TCGA-CA-6718,TCGA-CA-6718-01Z-00-DX1,0,0.9991021,1
non-tumour/TCGA-NH-A5IV-01Z-00-DX1_22016_31232.jpg,TCGA-NH-A5IV,TCGA-NH-A5IV-01Z-00-DX1,0,0.03371532,0
non-tumour/TCGA-NH-A5IV-01Z-00-DX1_22528_31232.jpg,TCGA-NH-A5IV,TCGA-NH-A5IV-01Z-00-DX1,0,0.04080685,0
non-tumour/TCGA-NH-A5IV-01Z-00-DX1_23552_31232.jpg,TCGA-NH-A5IV,TCGA-NH-A5IV-01Z-00-DX1,0,0.00023035622,0
non-tumour/TCGA-NH-A5IV-01Z-00-DX1_24576_30720.jpg,TCGA-NH-A5IV,TCGA-NH-A5IV-01Z-00-DX1,0,0.10315661,0
non-tumour/TCGA-NH-A5IV-01Z-00-DX1_24576_31232.jpg,TCGA-NH-A5IV,TCGA-NH-A5IV-01Z-00-DX1,0,0.013354759,0
non-tumour/TCGA-NH-A5IV-01Z-00-DX1_25088_30720.jpg,TCGA-NH-A5IV,TCGA-NH-A5IV-01Z-00-DX1,0,7.751571e-05,0
non-tumour/TCGA-NH-A5IV-01Z-00-DX1_25600_30720.jpg,TCGA-NH-A5IV,TCGA-NH-A5IV-01Z-00-DX1,0,3.2747091e-06,0
non-tumour/TCGA-NH-A5IV-01Z-00-DX1_26112_29696.jpg,TCGA-NH-A5IV,TCGA-NH-A5IV-01Z-00-DX1,0,0.0016880543,0
non-tumour/TCGA-NH-A5IV-01Z-00-DX1_26112_30720.jpg,TCGA-NH-A5IV,TCGA-NH-A5IV-01Z-00-DX1,0,0.46860465,0
non-tumour/TCGA-NH-A5IV-01Z-00-DX1_26624_30208.jpg,TCGA-NH-A5IV,TCGA-NH-A5IV-01Z-00-DX1,0,0.0133803105,0
non-tumour/TCGA-NH-A5IV-01Z-00-DX1_27136_28672.jpg,TCGA-NH-A5IV,TCGA-NH-A5IV-01Z-00-DX1,0,0.0010468434,0
non-tumour/TCGA-NH-A5IV-01Z-00-DX1_27136_29184.jpg,TCGA-NH-A5IV,TCGA-NH-A5IV-01Z-00-DX1,0,0.0065499577,0
non-tumour/TCGA-NH-A5IV-01Z-00-DX1_27136_30208.jpg,TCGA-NH-A5IV,TCGA-NH-A5IV-01Z-00-DX1,0,0.012517294,0
non-tumour/TCGA-NH-A5IV-01Z-00-DX1_27648_28160.jpg,TCGA-NH-A5IV,TCGA-NH-A5IV-01Z-00-DX1,0,0.0011464789,0
non-tumour/TCGA-NH-A5IV-01Z-00-DX1_28672_27648.jpg,TCGA-NH-A5IV,TCGA-NH-A5IV-01Z-00-DX1,0,0.006308707,0
non-tumour/TCGA-NH-A5IV-01Z-00-DX1_29184_27648.jpg,TCGA-NH-A5IV,TCGA-NH-A5IV-01Z-00-DX1,0,0.22215657,0
non-tumour/TCGA-NH-A5IV-01Z-00-DX1_29184_28672.jpg,TCGA-NH-A5IV,TCGA-NH-A5IV-01Z-00-DX1,0,0.17817713,0
non-tumour/TCGA-NH-A5IV-01Z-00-DX1_29696_26624.jpg,TCGA-NH-A5IV,TCGA-NH-A5IV-01Z-00-DX1,0,0.1027887,0
non-tumour/TCGA-NH-A5IV-01Z-00-DX1_29696_28160.jpg,TCGA-NH-A5IV,TCGA-NH-A5IV-01Z-00-DX1,0,0.025323978,0
non-tumour/TCGA-NH-A5IV-01Z-00-DX1_30208_27136.jpg,TCGA-NH-A5IV,TCGA-NH-A5IV-01Z-00-DX1,0,0.028914757,0
non-tumour/TCGA-NH-A5IV-01Z-00-DX1_31232_26624.jpg,TCGA-NH-A5IV,TCGA-NH-A5IV-01Z-00-DX1,0,0.11045962,0
non-tumour/TCGA-NH-A5IV-01Z-00-DX1_31232_27136.jpg,TCGA-NH-A5IV,TCGA-NH-A5IV-01Z-00-DX1,0,0.019421903,0
non-tumour/TCGA-NH-A5IV-01Z-00-DX1_31232_27648.jpg,TCGA-NH-A5IV,TCGA-NH-A5IV-01Z-00-DX1,0,0.4616958,0
non-tumour/TCGA-NH-A5IV-01Z-00-DX1_31744_27136.jpg,TCGA-NH-A5IV,TCGA-NH-A5IV-01Z-00-DX1,0,0.0043465854,0
non-tumour/TCGA-NH-A5IV-01Z-00-DX1_32256_26624.jpg,TCGA-NH-A5IV,TCGA-NH-A5IV-01Z-00-DX1,0,0.1721021,0
non-tumour/TCGA-NH-A5IV-01Z-00-DX1_32768_25600.jpg,TCGA-NH-A5IV,TCGA-NH-A5IV-01Z-00-DX1,0,0.32096043,0
non-tumour/TCGA-NH-A5IV-01Z-00-DX1_32768_26624.jpg,TCGA-NH-A5IV,TCGA-NH-A5IV-01Z-00-DX1,0,0.0037957104,0
non-tumour/TCGA-NH-A5IV-01Z-00-DX1_33280_25600.jpg,TCGA-NH-A5IV,TCGA-NH-A5IV-01Z-00-DX1,0,0.5846754,1
non-tumour/TCGA-NH-A5IV-01Z-00-DX1_33280_26112.jpg,TCGA-NH-A5IV,TCGA-NH-A5IV-01Z-00-DX1,0,0.17853113,0
non-tumour/TCGA-NH-A5IV-01Z-00-DX1_33792_26112.jpg,TCGA-NH-A5IV,TCGA-NH-A5IV-01Z-00-DX1,0,0.07629755,0
non-tumour/TCGA-NH-A5IV-01Z-00-DX1_34816_24064.jpg,TCGA-NH-A5IV,TCGA-NH-A5IV-01Z-00-DX1,0,0.5555662,1
non-tumour/TCGA-NH-A5IV-01Z-00-DX1_34816_24576.jpg,TCGA-NH-A5IV,TCGA-NH-A5IV-01Z-00-DX1,0,0.029537808,0
non-tumour/TCGA-NH-A5IV-01Z-00-DX1_34816_8704.jpg,TCGA-NH-A5IV,TCGA-NH-A5IV-01Z-00-DX1,0,0.011326091,0
non-tumour/TCGA-NH-A5IV-01Z-00-DX1_35328_24576.jpg,TCGA-NH-A5IV,TCGA-NH-A5IV-01Z-00-DX1,0,0.44903558,0
non-tumour/TCGA-NH-A5IV-01Z-00-DX1_35328_25088.jpg,TCGA-NH-A5IV,TCGA-NH-A5IV-01Z-00-DX1,0,0.7200146,1
non-tumour/TCGA-NH-A5IV-01Z-00-DX1_35328_8704.jpg,TCGA-NH-A5IV,TCGA-NH-A5IV-01Z-00-DX1,0,0.0055876994,0
non-tumour/TCGA-NH-A5IV-01Z-00-DX1_35328_9216.jpg,TCGA-NH-A5IV,TCGA-NH-A5IV-01Z-00-DX1,0,0.0015665479,0
non-tumour/TCGA-NH-A5IV-01Z-00-DX1_35840_22528.jpg,TCGA-NH-A5IV,TCGA-NH-A5IV-01Z-00-DX1,0,0.57227004,1
non-tumour/TCGA-NH-A5IV-01Z-00-DX1_35840_8704.jpg,TCGA-NH-A5IV,TCGA-NH-A5IV-01Z-00-DX1,0,0.010201945,0
non-tumour/TCGA-NH-A5IV-01Z-00-DX1_35840_9216.jpg,TCGA-NH-A5IV,TCGA-NH-A5IV-01Z-00-DX1,0,0.04489078,0
non-tumour/TCGA-NH-A5IV-01Z-00-DX1_36352_11264.jpg,TCGA-NH-A5IV,TCGA-NH-A5IV-01Z-00-DX1,0,0.037479762,0
non-tumour/TCGA-NH-A5IV-01Z-00-DX1_36352_21504.jpg,TCGA-NH-A5IV,TCGA-NH-A5IV-01Z-00-DX1,0,0.95337105,1
non-tumour/TCGA-NH-A5IV-01Z-00-DX1_36352_22016.jpg,TCGA-NH-A5IV,TCGA-NH-A5IV-01Z-00-DX1,0,0.10698603,0
non-tumour/TCGA-NH-A5IV-01Z-00-DX1_36352_22528.jpg,TCGA-NH-A5IV,TCGA-NH-A5IV-01Z-00-DX1,0,0.0009960391,0
non-tumour/TCGA-NH-A5IV-01Z-00-DX1_36352_23040.jpg,TCGA-NH-A5IV,TCGA-NH-A5IV-01Z-00-DX1,0,0.006943276,0
non-tumour/TCGA-NH-A5IV-01Z-00-DX1_36352_24064.jpg,TCGA-NH-A5IV,TCGA-NH-A5IV-01Z-00-DX1,0,0.19335757,0
non-tumour/TCGA-NH-A5IV-01Z-00-DX1_36352_9216.jpg,TCGA-NH-A5IV,TCGA-NH-A5IV-01Z-00-DX1,0,0.03226293,0
non-tumour/TCGA-NH-A5IV-01Z-00-DX1_36352_9728.jpg,TCGA-NH-A5IV,TCGA-NH-A5IV-01Z-00-DX1,0,0.477794,0
non-tumour/TCGA-NH-A5IV-01Z-00-DX1_36864_10240.jpg,TCGA-NH-A5IV,TCGA-NH-A5IV-01Z-00-DX1,0,0.008687045,0
non-tumour/TCGA-NH-A5IV-01Z-00-DX1_36864_11264.jpg,TCGA-NH-A5IV,TCGA-NH-A5IV-01Z-00-DX1,0,0.010172259,0
non-tumour/TCGA-NH-A5IV-01Z-00-DX1_36864_12800.jpg,TCGA-NH-A5IV,TCGA-NH-A5IV-01Z-00-DX1,0,0.14435306,0
non-tumour/TCGA-NH-A5IV-01Z-00-DX1_36864_13824.jpg,TCGA-NH-A5IV,TCGA-NH-A5IV-01Z-00-DX1,0,0.0003881938,0
non-tumour/TCGA-NH-A5IV-01Z-00-DX1_36864_20992.jpg,TCGA-NH-A5IV,TCGA-NH-A5IV-01Z-00-DX1,0,0.24526978,0
non-tumour/TCGA-NH-A5IV-01Z-00-DX1_36864_21504.jpg,TCGA-NH-A5IV,TCGA-NH-A5IV-01Z-00-DX1,0,0.0031393315,0
non-tumour/TCGA-NH-A5IV-01Z-00-DX1_36864_23040.jpg,TCGA-NH-A5IV,TCGA-NH-A5IV-01Z-00-DX1,0,0.0013686332,0
non-tumour/TCGA-NH-A5IV-01Z-00-DX1_36864_9216.jpg,TCGA-NH-A5IV,TCGA-NH-A5IV-01Z-00-DX1,0,0.705608,1
non-tumour/TCGA-NH-A5IV-01Z-00-DX1_36864_9728.jpg,TCGA-NH-A5IV,TCGA-NH-A5IV-01Z-00-DX1,0,0.794719,1
non-tumour/TCGA-NH-A5IV-01Z-00-DX1_37376_11264.jpg,TCGA-NH-A5IV,TCGA-NH-A5IV-01Z-00-DX1,0,0.0051261797,0
non-tumour/TCGA-NH-A5IV-01Z-00-DX1_37376_13824.jpg,TCGA-NH-A5IV,TCGA-NH-A5IV-01Z-00-DX1,0,0.33356452,0
non-tumour/TCGA-NH-A5IV-01Z-00-DX1_37376_14848.jpg,TCGA-NH-A5IV,TCGA-NH-A5IV-01Z-00-DX1,0,0.0027128197,0
non-tumour/TCGA-NH-A5IV-01Z-00-DX1_37376_16384.jpg,TCGA-NH-A5IV,TCGA-NH-A5IV-01Z-00-DX1,0,0.069239214,0
non-tumour/TCGA-NH-A5IV-01Z-00-DX1_37376_22016.jpg,TCGA-NH-A5IV,TCGA-NH-A5IV-01Z-00-DX1,0,0.13483612,0
non-tumour/TCGA-NH-A5IV-01Z-00-DX1_37376_22528.jpg,TCGA-NH-A5IV,TCGA-NH-A5IV-01Z-00-DX1,0,0.006149902,0
non-tumour/TCGA-NH-A5IV-01Z-00-DX1_37376_23040.jpg,TCGA-NH-A5IV,TCGA-NH-A5IV-01Z-00-DX1,0,0.040298264,0
non-tumour/TCGA-NH-A5IV-01Z-00-DX1_37376_23552.jpg,TCGA-NH-A5IV,TCGA-NH-A5IV-01Z-00-DX1,0,0.005651769,0
non-tumour/TCGA-NH-A5IV-01Z-00-DX1_37376_24064.jpg,TCGA-NH-A5IV,TCGA-NH-A5IV-01Z-00-DX1,0,0.0209597,0
non-tumour/TCGA-NH-A5IV-01Z-00-DX1_37376_9728.jpg,TCGA-NH-A5IV,TCGA-NH-A5IV-01Z-00-DX1,0,0.2201857,0
non-tumour/TCGA-NH-A5IV-01Z-00-DX1_37888_13824.jpg,TCGA-NH-A5IV,TCGA-NH-A5IV-01Z-00-DX1,0,0.016868385,0
non-tumour/TCGA-NH-A5IV-01Z-00-DX1_37888_14336.jpg,TCGA-NH-A5IV,TCGA-NH-A5IV-01Z-00-DX1,0,0.016121257,0
non-tumour/TCGA-NH-A5IV-01Z-00-DX1_37888_15360.jpg,TCGA-NH-A5IV,TCGA-NH-A5IV-01Z-00-DX1,0,0.013904531,0
non-tumour/TCGA-NH-A5IV-01Z-00-DX1_37888_15872.jpg,TCGA-NH-A5IV,TCGA-NH-A5IV-01Z-00-DX1,0,0.10875053,0
non-tumour/TCGA-NH-A5IV-01Z-00-DX1_37888_16384.jpg,TCGA-NH-A5IV,TCGA-NH-A5IV-01Z-00-DX1,0,0.019886753,0
non-tumour/TCGA-NH-A5IV-01Z-00-DX1_37888_17408.jpg,TCGA-NH-A5IV,TCGA-NH-A5IV-01Z-00-DX1,0,0.09270115,0
non-tumour/TCGA-NH-A5IV-01Z-00-DX1_37888_17920.jpg,TCGA-NH-A5IV,TCGA-NH-A5IV-01Z-00-DX1,0,0.20986694,0
non-tumour/TCGA-NH-A5IV-01Z-00-DX1_37888_18944.jpg,TCGA-NH-A5IV,TCGA-NH-A5IV-01Z-00-DX1,0,0.026480323,0
non-tumour/TCGA-NH-A5IV-01Z-00-DX1_37888_19456.jpg,TCGA-NH-A5IV,TCGA-NH-A5IV-01Z-00-DX1,0,0.1326874,0
non-tumour/TCGA-NH-A5IV-01Z-00-DX1_37888_19968.jpg,TCGA-NH-A5IV,TCGA-NH-A5IV-01Z-00-DX1,0,0.23618741,0
non-tumour/TCGA-NH-A5IV-01Z-00-DX1_37888_20480.jpg,TCGA-NH-A5IV,TCGA-NH-A5IV-01Z-00-DX1,0,0.06554532,0
non-tumour/TCGA-NH-A5IV-01Z-00-DX1_37888_21504.jpg,TCGA-NH-A5IV,TCGA-NH-A5IV-01Z-00-DX1,0,0.012372976,0
non-tumour/TCGA-NH-A5IV-01Z-00-DX1_37888_22016.jpg,TCGA-NH-A5IV,TCGA-NH-A5IV-01Z-00-DX1,0,0.020870633,0
non-tumour/TCGA-NH-A5IV-01Z-00-DX1_37888_23552.jpg,TCGA-NH-A5IV,TCGA-NH-A5IV-01Z-00-DX1,0,0.63128,1
non-tumour/TCGA-NH-A5IV-01Z-00-DX1_38400_16384.jpg,TCGA-NH-A5IV,TCGA-NH-A5IV-01Z-00-DX1,0,0.14505042,0
non-tumour/TCGA-NH-A5IV-01Z-00-DX1_38400_18432.jpg,TCGA-NH-A5IV,TCGA-NH-A5IV-01Z-00-DX1,0,0.041736662,0
non-tumour/TCGA-NH-A5IV-01Z-00-DX1_38400_19456.jpg,TCGA-NH-A5IV,TCGA-NH-A5IV-01Z-00-DX1,0,0.031794038,0
non-tumour/TCGA-NH-A5IV-01Z-00-DX1_38400_20480.jpg,TCGA-NH-A5IV,TCGA-NH-A5IV-01Z-00-DX1,0,0.0012520679,0
non-tumour/TCGA-NH-A5IV-01Z-00-DX1_38400_20992.jpg,TCGA-NH-A5IV,TCGA-NH-A5IV-01Z-00-DX1,0,0.00071946235,0
non-tumour/TCGA-NH-A5IV-01Z-00-DX1_38400_21504.jpg,TCGA-NH-A5IV,TCGA-NH-A5IV-01Z-00-DX1,0,0.0043682326,0
non-tumour/TCGA-NH-A5IV-01Z-00-DX1_38400_23040.jpg,TCGA-NH-A5IV,TCGA-NH-A5IV-01Z-00-DX1,0,0.071285345,0
non-tumour/TCGA-NH-A5IV-01Z-00-DX1_38912_16384.jpg,TCGA-NH-A5IV,TCGA-NH-A5IV-01Z-00-DX1,0,0.4287293,0
non-tumour/TCGA-NH-A5IV-01Z-00-DX1_38912_16896.jpg,TCGA-NH-A5IV,TCGA-NH-A5IV-01Z-00-DX1,0,0.031086227,0
non-tumour/TCGA-NH-A5IV-01Z-00-DX1_38912_17408.jpg,TCGA-NH-A5IV,TCGA-NH-A5IV-01Z-00-DX1,0,0.13324031,0
non-tumour/TCGA-NH-A5IV-01Z-00-DX1_38912_17920.jpg,TCGA-NH-A5IV,TCGA-NH-A5IV-01Z-00-DX1,0,0.024447938,0
non-tumour/TCGA-NH-A5IV-01Z-00-DX1_38912_18432.jpg,TCGA-NH-A5IV,TCGA-NH-A5IV-01Z-00-DX1,0,0.0031178943,0
non-tumour/TCGA-NH-A5IV-01Z-00-DX1_38912_18944.jpg,TCGA-NH-A5IV,TCGA-NH-A5IV-01Z-00-DX1,0,0.0050959946,0
non-tumour/TCGA-NH-A5IV-01Z-00-DX1_38912_19456.jpg,TCGA-NH-A5IV,TCGA-NH-A5IV-01Z-00-DX1,0,0.0011085189,0
non-tumour/TCGA-NH-A5IV-01Z-00-DX1_38912_19968.jpg,TCGA-NH-A5IV,TCGA-NH-A5IV-01Z-00-DX1,0,0.0025552036,0
non-tumour/TCGA-NH-A5IV-01Z-00-DX1_38912_23040.jpg,TCGA-NH-A5IV,TCGA-NH-A5IV-01Z-00-DX1,0,0.31176227,0
non-tumour/TCGA-NH-A5IV-01Z-00-DX1_38912_23552.jpg,TCGA-NH-A5IV,TCGA-NH-A5IV-01Z-00-DX1,0,0.31439623,0
non-tumour/TCGA-NH-A5IV-01Z-00-DX1_39424_17920.jpg,TCGA-NH-A5IV,TCGA-NH-A5IV-01Z-00-DX1,0,0.11551209,0
non-tumour/TCGA-NH-A5IV-01Z-00-DX1_39424_19456.jpg,TCGA-NH-A5IV,TCGA-NH-A5IV-01Z-00-DX1,0,0.006813505,0
non-tumour/TCGA-NH-A5IV-01Z-00-DX1_39424_20480.jpg,TCGA-NH-A5IV,TCGA-NH-A5IV-01Z-00-DX1,0,0.0017484997,0
non-tumour/TCGA-NH-A5IV-01Z-00-DX1_39424_20992.jpg,TCGA-NH-A5IV,TCGA-NH-A5IV-01Z-00-DX1,0,0.007955189,0
non-tumour/TCGA-NH-A5IV-01Z-00-DX1_39936_17920.jpg,TCGA-NH-A5IV,TCGA-NH-A5IV-01Z-00-DX1,0,0.003023195,0
non-tumour/TCGA-NH-A5IV-01Z-00-DX1_39936_18432.jpg,TCGA-NH-A5IV,TCGA-NH-A5IV-01Z-00-DX1,0,0.030611446,0
non-tumour/TCGA-NH-A5IV-01Z-00-DX1_39936_22016.jpg,TCGA-NH-A5IV,TCGA-NH-A5IV-01Z-00-DX1,0,0.124737546,0
non-tumour/TCGA-NH-A5IV-01Z-00-DX1_39936_22528.jpg,TCGA-NH-A5IV,TCGA-NH-A5IV-01Z-00-DX1,0,0.035945654,0
non-tumour/TCGA-NH-A5IV-01Z-00-DX1_40448_17920.jpg,TCGA-NH-A5IV,TCGA-NH-A5IV-01Z-00-DX1,0,0.00061407965,0
non-tumour/TCGA-NH-A5IV-01Z-00-DX1_40448_18432.jpg,TCGA-NH-A5IV,TCGA-NH-A5IV-01Z-00-DX1,0,0.0011838198,0
non-tumour/TCGA-NH-A5IV-01Z-00-DX1_40448_18944.jpg,TCGA-NH-A5IV,TCGA-NH-A5IV-01Z-00-DX1,0,0.016772715,0
non-tumour/TCGA-NH-A5IV-01Z-00-DX1_40448_19456.jpg,TCGA-NH-A5IV,TCGA-NH-A5IV-01Z-00-DX1,0,0.11977934,0
non-tumour/TCGA-NH-A5IV-01Z-00-DX1_40448_20992.jpg,TCGA-NH-A5IV,TCGA-NH-A5IV-01Z-00-DX1,0,0.010856341,0
non-tumour/TCGA-NH-A5IV-01Z-00-DX1_40448_21504.jpg,TCGA-NH-A5IV,TCGA-NH-A5IV-01Z-00-DX1,0,0.4958969,0
non-tumour/TCGA-NH-A5IV-01Z-00-DX1_40448_22016.jpg,TCGA-NH-A5IV,TCGA-NH-A5IV-01Z-00-DX1,0,9.815078e-05,0
non-tumour/TCGA-NH-A5IV-01Z-00-DX1_40960_18432.jpg,TCGA-NH-A5IV,TCGA-NH-A5IV-01Z-00-DX1,0,0.11302418,0
non-tumour/TCGA-NH-A5IV-01Z-00-DX1_40960_18944.jpg,TCGA-NH-A5IV,TCGA-NH-A5IV-01Z-00-DX1,0,0.48167333,0
non-tumour/TCGA-NH-A5IV-01Z-00-DX1_40960_19968.jpg,TCGA-NH-A5IV,TCGA-NH-A5IV-01Z-00-DX1,0,0.006244191,0
non-tumour/TCGA-NH-A5IV-01Z-00-DX1_41472_17408.jpg,TCGA-NH-A5IV,TCGA-NH-A5IV-01Z-00-DX1,0,0.026473656,0
non-tumour/TCGA-NH-A5IV-01Z-00-DX1_41472_18944.jpg,TCGA-NH-A5IV,TCGA-NH-A5IV-01Z-00-DX1,0,0.26016465,0
non-tumour/TCGA-NH-A5IV-01Z-00-DX1_41472_19456.jpg,TCGA-NH-A5IV,TCGA-NH-A5IV-01Z-00-DX1,0,0.11644642,0
non-tumour/TCGA-NH-A5IV-01Z-00-DX1_41472_19968.jpg,TCGA-NH-A5IV,TCGA-NH-A5IV-01Z-00-DX1,0,6.834448e-05,0
non-tumour/TCGA-NH-A5IV-01Z-00-DX1_41472_20480.jpg,TCGA-NH-A5IV,TCGA-NH-A5IV-01Z-00-DX1,0,0.0005699663,0
non-tumour/TCGA-NH-A5IV-01Z-00-DX1_41472_20992.jpg,TCGA-NH-A5IV,TCGA-NH-A5IV-01Z-00-DX1,0,0.01854409,0
non-tumour/TCGA-NH-A5IV-01Z-00-DX1_41984_17408.jpg,TCGA-NH-A5IV,TCGA-NH-A5IV-01Z-00-DX1,0,0.01963474,0
non-tumour/TCGA-NH-A5IV-01Z-00-DX1_41984_17920.jpg,TCGA-NH-A5IV,TCGA-NH-A5IV-01Z-00-DX1,0,0.0048067975,0
non-tumour/TCGA-NH-A5IV-01Z-00-DX1_41984_18432.jpg,TCGA-NH-A5IV,TCGA-NH-A5IV-01Z-00-DX1,0,0.059479777,0
non-tumour/TCGA-NH-A5IV-01Z-00-DX1_41984_19968.jpg,TCGA-NH-A5IV,TCGA-NH-A5IV-01Z-00-DX1,0,0.27359238,0
non-tumour/TCGA-NH-A5IV-01Z-00-DX1_42496_17408.jpg,TCGA-NH-A5IV,TCGA-NH-A5IV-01Z-00-DX1,0,0.05087325,0
non-tumour/TCGA-NH-A5IV-01Z-00-DX1_42496_17920.jpg,TCGA-NH-A5IV,TCGA-NH-A5IV-01Z-00-DX1,0,0.09193945,0
non-tumour/TCGA-NH-A5IV-01Z-00-DX1_42496_18432.jpg,TCGA-NH-A5IV,TCGA-NH-A5IV-01Z-00-DX1,0,0.0056414325,0
non-tumour/TCGA-NH-A5IV-01Z-00-DX1_42496_18944.jpg,TCGA-NH-A5IV,TCGA-NH-A5IV-01Z-00-DX1,0,0.0045505157,0
non-tumour/TCGA-NH-A5IV-01Z-00-DX1_42496_19456.jpg,TCGA-NH-A5IV,TCGA-NH-A5IV-01Z-00-DX1,0,1.6701644e-05,0
non-tumour/TCGA-NH-A5IV-01Z-00-DX1_43008_17408.jpg,TCGA-NH-A5IV,TCGA-NH-A5IV-01Z-00-DX1,0,0.012118165,0
non-tumour/TCGA-NH-A5IV-01Z-00-DX1_43008_17920.jpg,TCGA-NH-A5IV,TCGA-NH-A5IV-01Z-00-DX1,0,0.20632933,0
non-tumour/TCGA-NH-A5IV-01Z-00-DX1_43008_18432.jpg,TCGA-NH-A5IV,TCGA-NH-A5IV-01Z-00-DX1,0,0.009366397,0
non-tumour/TCGA-QG-A5Z2-01Z-00-DX2_10240_16896.jpg,TCGA-QG-A5Z2,TCGA-QG-A5Z2-01Z-00-DX2,0,0.01822537,0
non-tumour/TCGA-QG-A5Z2-01Z-00-DX2_10240_17408.jpg,TCGA-QG-A5Z2,TCGA-QG-A5Z2-01Z-00-DX2,0,0.0012789652,0
non-tumour/TCGA-QG-A5Z2-01Z-00-DX2_10240_17920.jpg,TCGA-QG-A5Z2,TCGA-QG-A5Z2-01Z-00-DX2,0,0.0016453225,0
non-tumour/TCGA-QG-A5Z2-01Z-00-DX2_10240_18944.jpg,TCGA-QG-A5Z2,TCGA-QG-A5Z2-01Z-00-DX2,0,0.57491714,1
non-tumour/TCGA-QG-A5Z2-01Z-00-DX2_10240_20480.jpg,TCGA-QG-A5Z2,TCGA-QG-A5Z2-01Z-00-DX2,0,0.094548225,0
non-tumour/TCGA-QG-A5Z2-01Z-00-DX2_10240_20992.jpg,TCGA-QG-A5Z2,TCGA-QG-A5Z2-01Z-00-DX2,0,0.18781579,0
non-tumour/TCGA-QG-A5Z2-01Z-00-DX2_10240_22016.jpg,TCGA-QG-A5Z2,TCGA-QG-A5Z2-01Z-00-DX2,0,0.013795313,0
non-tumour/TCGA-QG-A5Z2-01Z-00-DX2_10240_24576.jpg,TCGA-QG-A5Z2,TCGA-QG-A5Z2-01Z-00-DX2,0,0.025307836,0
non-tumour/TCGA-QG-A5Z2-01Z-00-DX2_10240_25088.jpg,TCGA-QG-A5Z2,TCGA-QG-A5Z2-01Z-00-DX2,0,0.41875064,0
non-tumour/TCGA-QG-A5Z2-01Z-00-DX2_10240_26624.jpg,TCGA-QG-A5Z2,TCGA-QG-A5Z2-01Z-00-DX2,0,0.027953085,0
non-tumour/TCGA-QG-A5Z2-01Z-00-DX2_10240_27136.jpg,TCGA-QG-A5Z2,TCGA-QG-A5Z2-01Z-00-DX2,0,0.23669219,0
non-tumour/TCGA-QG-A5Z2-01Z-00-DX2_10752_16896.jpg,TCGA-QG-A5Z2,TCGA-QG-A5Z2-01Z-00-DX2,0,0.038279854,0
non-tumour/TCGA-QG-A5Z2-01Z-00-DX2_10752_17920.jpg,TCGA-QG-A5Z2,TCGA-QG-A5Z2-01Z-00-DX2,0,2.535798e-05,0
non-tumour/TCGA-QG-A5Z2-01Z-00-DX2_10752_18944.jpg,TCGA-QG-A5Z2,TCGA-QG-A5Z2-01Z-00-DX2,0,0.010599633,0
non-tumour/TCGA-QG-A5Z2-01Z-00-DX2_10752_20480.jpg,TCGA-QG-A5Z2,TCGA-QG-A5Z2-01Z-00-DX2,0,0.027092181,0
non-tumour/TCGA-QG-A5Z2-01Z-00-DX2_10752_20992.jpg,TCGA-QG-A5Z2,TCGA-QG-A5Z2-01Z-00-DX2,0,0.36014047,0
non-tumour/TCGA-QG-A5Z2-01Z-00-DX2_10752_22016.jpg,TCGA-QG-A5Z2,TCGA-QG-A5Z2-01Z-00-DX2,0,0.10228294,0
non-tumour/TCGA-QG-A5Z2-01Z-00-DX2_10752_23040.jpg,TCGA-QG-A5Z2,TCGA-QG-A5Z2-01Z-00-DX2,0,0.63783616,1
non-tumour/TCGA-QG-A5Z2-01Z-00-DX2_10752_25088.jpg,TCGA-QG-A5Z2,TCGA-QG-A5Z2-01Z-00-DX2,0,0.036308337,0
non-tumour/TCGA-QG-A5Z2-01Z-00-DX2_10752_25600.jpg,TCGA-QG-A5Z2,TCGA-QG-A5Z2-01Z-00-DX2,0,0.16462778,0
non-tumour/TCGA-QG-A5Z2-01Z-00-DX2_10752_26112.jpg,TCGA-QG-A5Z2,TCGA-QG-A5Z2-01Z-00-DX2,0,0.010650938,0
non-tumour/TCGA-QG-A5Z2-01Z-00-DX2_10752_27136.jpg,TCGA-QG-A5Z2,TCGA-QG-A5Z2-01Z-00-DX2,0,0.12708072,0
non-tumour/TCGA-QG-A5Z2-01Z-00-DX2_11264_17408.jpg,TCGA-QG-A5Z2,TCGA-QG-A5Z2-01Z-00-DX2,0,0.00014359041,0
non-tumour/TCGA-QG-A5Z2-01Z-00-DX2_11264_19456.jpg,TCGA-QG-A5Z2,TCGA-QG-A5Z2-01Z-00-DX2,0,0.00016458436,0
non-tumour/TCGA-QG-A5Z2-01Z-00-DX2_11264_20480.jpg,TCGA-QG-A5Z2,TCGA-QG-A5Z2-01Z-00-DX2,0,0.35479084,0
non-tumour/TCGA-QG-A5Z2-01Z-00-DX2_11264_21504.jpg,TCGA-QG-A5Z2,TCGA-QG-A5Z2-01Z-00-DX2,0,0.008259688,0
non-tumour/TCGA-QG-A5Z2-01Z-00-DX2_11264_22016.jpg,TCGA-QG-A5Z2,TCGA-QG-A5Z2-01Z-00-DX2,0,0.11375874,0
non-tumour/TCGA-QG-A5Z2-01Z-00-DX2_11264_22528.jpg,TCGA-QG-A5Z2,TCGA-QG-A5Z2-01Z-00-DX2,0,0.26393223,0
non-tumour/TCGA-QG-A5Z2-01Z-00-DX2_11264_24064.jpg,TCGA-QG-A5Z2,TCGA-QG-A5Z2-01Z-00-DX2,0,0.0021920998,0
non-tumour/TCGA-QG-A5Z2-01Z-00-DX2_11264_24576.jpg,TCGA-QG-A5Z2,TCGA-QG-A5Z2-01Z-00-DX2,0,0.05773727,0
non-tumour/TCGA-QG-A5Z2-01Z-00-DX2_11264_25600.jpg,TCGA-QG-A5Z2,TCGA-QG-A5Z2-01Z-00-DX2,0,0.021018563,0
non-tumour/TCGA-QG-A5Z2-01Z-00-DX2_11264_26112.jpg,TCGA-QG-A5Z2,TCGA-QG-A5Z2-01Z-00-DX2,0,0.18526082,0
non-tumour/TCGA-QG-A5Z2-01Z-00-DX2_11264_27136.jpg,TCGA-QG-A5Z2,TCGA-QG-A5Z2-01Z-00-DX2,0,0.18325764,0
non-tumour/TCGA-QG-A5Z2-01Z-00-DX2_11264_27648.jpg,TCGA-QG-A5Z2,TCGA-QG-A5Z2-01Z-00-DX2,0,0.08236931,0
non-tumour/TCGA-QG-A5Z2-01Z-00-DX2_11264_28160.jpg,TCGA-QG-A5Z2,TCGA-QG-A5Z2-01Z-00-DX2,0,0.11622447,0
non-tumour/TCGA-QG-A5Z2-01Z-00-DX2_11776_17408.jpg,TCGA-QG-A5Z2,TCGA-QG-A5Z2-01Z-00-DX2,0,0.0022186916,0
non-tumour/TCGA-QG-A5Z2-01Z-00-DX2_11776_17920.jpg,TCGA-QG-A5Z2,TCGA-QG-A5Z2-01Z-00-DX2,0,0.14376423,0
non-tumour/TCGA-QG-A5Z2-01Z-00-DX2_11776_19456.jpg,TCGA-QG-A5Z2,TCGA-QG-A5Z2-01Z-00-DX2,0,0.005358117,0
non-tumour/TCGA-QG-A5Z2-01Z-00-DX2_11776_19968.jpg,TCGA-QG-A5Z2,TCGA-QG-A5Z2-01Z-00-DX2,0,0.05412298,0
non-tumour/TCGA-QG-A5Z2-01Z-00-DX2_11776_20480.jpg,TCGA-QG-A5Z2,TCGA-QG-A5Z2-01Z-00-DX2,0,0.10965756,0
non-tumour/TCGA-QG-A5Z2-01Z-00-DX2_11776_20992.jpg,TCGA-QG-A5Z2,TCGA-QG-A5Z2-01Z-00-DX2,0,0.0060531194,0
non-tumour/TCGA-QG-A5Z2-01Z-00-DX2_11776_22016.jpg,TCGA-QG-A5Z2,TCGA-QG-A5Z2-01Z-00-DX2,0,0.0025201077,0
non-tumour/TCGA-QG-A5Z2-01Z-00-DX2_11776_22528.jpg,TCGA-QG-A5Z2,TCGA-QG-A5Z2-01Z-00-DX2,0,0.16848871,0
non-tumour/TCGA-QG-A5Z2-01Z-00-DX2_11776_24064.jpg,TCGA-QG-A5Z2,TCGA-QG-A5Z2-01Z-00-DX2,0,0.00012280625,0
non-tumour/TCGA-QG-A5Z2-01Z-00-DX2_11776_24576.jpg,TCGA-QG-A5Z2,TCGA-QG-A5Z2-01Z-00-DX2,0,0.019453855,0
non-tumour/TCGA-QG-A5Z2-01Z-00-DX2_11776_25088.jpg,TCGA-QG-A5Z2,TCGA-QG-A5Z2-01Z-00-DX2,0,0.0060016722,0
non-tumour/TCGA-QG-A5Z2-01Z-00-DX2_11776_25600.jpg,TCGA-QG-A5Z2,TCGA-QG-A5Z2-01Z-00-DX2,0,0.0005011201,0
non-tumour/TCGA-QG-A5Z2-01Z-00-DX2_11776_27136.jpg,TCGA-QG-A5Z2,TCGA-QG-A5Z2-01Z-00-DX2,0,0.04600357,0
non-tumour/TCGA-QG-A5Z2-01Z-00-DX2_11776_27648.jpg,TCGA-QG-A5Z2,TCGA-QG-A5Z2-01Z-00-DX2,0,0.09276695,0
non-tumour/TCGA-QG-A5Z2-01Z-00-DX2_11776_28672.jpg,TCGA-QG-A5Z2,TCGA-QG-A5Z2-01Z-00-DX2,0,0.0057944832,0
non-tumour/TCGA-QG-A5Z2-01Z-00-DX2_11776_29184.jpg,TCGA-QG-A5Z2,TCGA-QG-A5Z2-01Z-00-DX2,0,0.037526794,0
non-tumour/TCGA-QG-A5Z2-01Z-00-DX2_12288_16384.jpg,TCGA-QG-A5Z2,TCGA-QG-A5Z2-01Z-00-DX2,0,0.13136998,0
non-tumour/TCGA-QG-A5Z2-01Z-00-DX2_12288_16896.jpg,TCGA-QG-A5Z2,TCGA-QG-A5Z2-01Z-00-DX2,0,0.013396919,0
non-tumour/TCGA-QG-A5Z2-01Z-00-DX2_12288_17408.jpg,TCGA-QG-A5Z2,TCGA-QG-A5Z2-01Z-00-DX2,0,0.04327345,0
non-tumour/TCGA-QG-A5Z2-01Z-00-DX2_12288_17920.jpg,TCGA-QG-A5Z2,TCGA-QG-A5Z2-01Z-00-DX2,0,0.14213148,0
non-tumour/TCGA-QG-A5Z2-01Z-00-DX2_12288_18432.jpg,TCGA-QG-A5Z2,TCGA-QG-A5Z2-01Z-00-DX2,0,0.046317272,0
non-tumour/TCGA-QG-A5Z2-01Z-00-DX2_12288_18944.jpg,TCGA-QG-A5Z2,TCGA-QG-A5Z2-01Z-00-DX2,0,0.00013320429,0
non-tumour/TCGA-QG-A5Z2-01Z-00-DX2_12288_19456.jpg,TCGA-QG-A5Z2,TCGA-QG-A5Z2-01Z-00-DX2,0,1.1475046e-05,0
non-tumour/TCGA-QG-A5Z2-01Z-00-DX2_12288_19968.jpg,TCGA-QG-A5Z2,TCGA-QG-A5Z2-01Z-00-DX2,0,0.01863405,0
non-tumour/TCGA-QG-A5Z2-01Z-00-DX2_12288_20992.jpg,TCGA-QG-A5Z2,TCGA-QG-A5Z2-01Z-00-DX2,0,0.07834926,0
non-tumour/TCGA-QG-A5Z2-01Z-00-DX2_12288_23552.jpg,TCGA-QG-A5Z2,TCGA-QG-A5Z2-01Z-00-DX2,0,0.04909416,0
non-tumour/TCGA-QG-A5Z2-01Z-00-DX2_12288_24064.jpg,TCGA-QG-A5Z2,TCGA-QG-A5Z2-01Z-00-DX2,0,4.034263e-06,0
non-tumour/TCGA-QG-A5Z2-01Z-00-DX2_12288_24576.jpg,TCGA-QG-A5Z2,TCGA-QG-A5Z2-01Z-00-DX2,0,0.10845226,0
non-tumour/TCGA-QG-A5Z2-01Z-00-DX2_12288_25088.jpg,TCGA-QG-A5Z2,TCGA-QG-A5Z2-01Z-00-DX2,0,0.001413334,0
non-tumour/TCGA-QG-A5Z2-01Z-00-DX2_12288_25600.jpg,TCGA-QG-A5Z2,TCGA-QG-A5Z2-01Z-00-DX2,0,0.013620969,0
non-tumour/TCGA-QG-A5Z2-01Z-00-DX2_12288_27136.jpg,TCGA-QG-A5Z2,TCGA-QG-A5Z2-01Z-00-DX2,0,0.08203961,0
non-tumour/TCGA-QG-A5Z2-01Z-00-DX2_12288_27648.jpg,TCGA-QG-A5Z2,TCGA-QG-A5Z2-01Z-00-DX2,0,0.010293391,0
non-tumour/TCGA-QG-A5Z2-01Z-00-DX2_12288_28672.jpg,TCGA-QG-A5Z2,TCGA-QG-A5Z2-01Z-00-DX2,0,0.18520908,0
non-tumour/TCGA-QG-A5Z2-01Z-00-DX2_12288_29184.jpg,TCGA-QG-A5Z2,TCGA-QG-A5Z2-01Z-00-DX2,0,0.56162333,1
non-tumour/TCGA-QG-A5Z2-01Z-00-DX2_12288_29696.jpg,TCGA-QG-A5Z2,TCGA-QG-A5Z2-01Z-00-DX2,0,0.39992052,0
non-tumour/TCGA-QG-A5Z2-01Z-00-DX2_12800_16384.jpg,TCGA-QG-A5Z2,TCGA-QG-A5Z2-01Z-00-DX2,0,0.0017905274,0
non-tumour/TCGA-QG-A5Z2-01Z-00-DX2_12800_16896.jpg,TCGA-QG-A5Z2,TCGA-QG-A5Z2-01Z-00-DX2,0,0.004140121,0
non-tumour/TCGA-QG-A5Z2-01Z-00-DX2_12800_17920.jpg,TCGA-QG-A5Z2,TCGA-QG-A5Z2-01Z-00-DX2,0,0.4334896,0
non-tumour/TCGA-QG-A5Z2-01Z-00-DX2_12800_18944.jpg,TCGA-QG-A5Z2,TCGA-QG-A5Z2-01Z-00-DX2,0,0.00038724646,0
non-tumour/TCGA-QG-A5Z2-01Z-00-DX2_12800_20992.jpg,TCGA-QG-A5Z2,TCGA-QG-A5Z2-01Z-00-DX2,0,0.15693136,0
non-tumour/TCGA-QG-A5Z2-01Z-00-DX2_12800_21504.jpg,TCGA-QG-A5Z2,TCGA-QG-A5Z2-01Z-00-DX2,0,0.100786604,0
non-tumour/TCGA-QG-A5Z2-01Z-00-DX2_12800_23552.jpg,TCGA-QG-A5Z2,TCGA-QG-A5Z2-01Z-00-DX2,0,0.19131792,0
non-tumour/TCGA-QG-A5Z2-01Z-00-DX2_12800_24064.jpg,TCGA-QG-A5Z2,TCGA-QG-A5Z2-01Z-00-DX2,0,2.0132265e-05,0
non-tumour/TCGA-QG-A5Z2-01Z-00-DX2_12800_26112.jpg,TCGA-QG-A5Z2,TCGA-QG-A5Z2-01Z-00-DX2,0,0.07686669,0
non-tumour/TCGA-QG-A5Z2-01Z-00-DX2_12800_27136.jpg,TCGA-QG-A5Z2,TCGA-QG-A5Z2-01Z-00-DX2,0,0.00512814,0
non-tumour/TCGA-QG-A5Z2-01Z-00-DX2_12800_27648.jpg,TCGA-QG-A5Z2,TCGA-QG-A5Z2-01Z-00-DX2,0,0.17097838,0
non-tumour/TCGA-QG-A5Z2-01Z-00-DX2_12800_28160.jpg,TCGA-QG-A5Z2,TCGA-QG-A5Z2-01Z-00-DX2,0,0.07617595,0
non-tumour/TCGA-QG-A5Z2-01Z-00-DX2_12800_29184.jpg,TCGA-QG-A5Z2,TCGA-QG-A5Z2-01Z-00-DX2,0,0.30506417,0
non-tumour/TCGA-QG-A5Z2-01Z-00-DX2_13312_18432.jpg,TCGA-QG-A5Z2,TCGA-QG-A5Z2-01Z-00-DX2,0,0.024868809,0
non-tumour/TCGA-QG-A5Z2-01Z-00-DX2_13312_19968.jpg,TCGA-QG-A5Z2,TCGA-QG-A5Z2-01Z-00-DX2,0,0.03757465,0
non-tumour/TCGA-QG-A5Z2-01Z-00-DX2_13312_21504.jpg,TCGA-QG-A5Z2,TCGA-QG-A5Z2-01Z-00-DX2,0,0.26236022,0
non-tumour/TCGA-QG-A5Z2-01Z-00-DX2_13312_22016.jpg,TCGA-QG-A5Z2,TCGA-QG-A5Z2-01Z-00-DX2,0,0.12331572,0
non-tumour/TCGA-QG-A5Z2-01Z-00-DX2_13312_25600.jpg,TCGA-QG-A5Z2,TCGA-QG-A5Z2-01Z-00-DX2,0,0.01449992,0
non-tumour/TCGA-QG-A5Z2-01Z-00-DX2_13312_26624.jpg,TCGA-QG-A5Z2,TCGA-QG-A5Z2-01Z-00-DX2,0,0.09400872,0
non-tumour/TCGA-QG-A5Z2-01Z-00-DX2_13312_27136.jpg,TCGA-QG-A5Z2,TCGA-QG-A5Z2-01Z-00-DX2,0,0.07533748,0
non-tumour/TCGA-QG-A5Z2-01Z-00-DX2_13312_28672.jpg,TCGA-QG-A5Z2,TCGA-QG-A5Z2-01Z-00-DX2,0,0.12770627,0
non-tumour/TCGA-QG-A5Z2-01Z-00-DX2_13312_29184.jpg,TCGA-QG-A5Z2,TCGA-QG-A5Z2-01Z-00-DX2,0,0.0015573433,0
non-tumour/TCGA-QG-A5Z2-01Z-00-DX2_13824_16384.jpg,TCGA-QG-A5Z2,TCGA-QG-A5Z2-01Z-00-DX2,0,0.5855362,1
non-tumour/TCGA-QG-A5Z2-01Z-00-DX2_13824_16896.jpg,TCGA-QG-A5Z2,TCGA-QG-A5Z2-01Z-00-DX2,0,0.0023512624,0
non-tumour/TCGA-QG-A5Z2-01Z-00-DX2_13824_17920.jpg,TCGA-QG-A5Z2,TCGA-QG-A5Z2-01Z-00-DX2,0,0.012960433,0
non-tumour/TCGA-QG-A5Z2-01Z-00-DX2_13824_18432.jpg,TCGA-QG-A5Z2,TCGA-QG-A5Z2-01Z-00-DX2,0,0.012471222,0
non-tumour/TCGA-QG-A5Z2-01Z-00-DX2_13824_18944.jpg,TCGA-QG-A5Z2,TCGA-QG-A5Z2-01Z-00-DX2,0,0.00056591776,0
non-tumour/TCGA-QG-A5Z2-01Z-00-DX2_13824_20992.jpg,TCGA-QG-A5Z2,TCGA-QG-A5Z2-01Z-00-DX2,0,0.0044791475,0
non-tumour/TCGA-QG-A5Z2-01Z-00-DX2_13824_21504.jpg,TCGA-QG-A5Z2,TCGA-QG-A5Z2-01Z-00-DX2,0,0.017563697,0
non-tumour/TCGA-QG-A5Z2-01Z-00-DX2_13824_24064.jpg,TCGA-QG-A5Z2,TCGA-QG-A5Z2-01Z-00-DX2,0,1.7594283e-06,0
non-tumour/TCGA-QG-A5Z2-01Z-00-DX2_13824_25600.jpg,TCGA-QG-A5Z2,TCGA-QG-A5Z2-01Z-00-DX2,0,0.5659236,1
non-tumour/TCGA-QG-A5Z2-01Z-00-DX2_13824_27648.jpg,TCGA-QG-A5Z2,TCGA-QG-A5Z2-01Z-00-DX2,0,0.011902342,0
non-tumour/TCGA-QG-A5Z2-01Z-00-DX2_13824_28160.jpg,TCGA-QG-A5Z2,TCGA-QG-A5Z2-01Z-00-DX2,0,0.070873044,0
non-tumour/TCGA-QG-A5Z2-01Z-00-DX2_14336_20480.jpg,TCGA-QG-A5Z2,TCGA-QG-A5Z2-01Z-00-DX2,0,0.14157072,0
non-tumour/TCGA-QG-A5Z2-01Z-00-DX2_14336_20992.jpg,TCGA-QG-A5Z2,TCGA-QG-A5Z2-01Z-00-DX2,0,0.0059805424,0
non-tumour/TCGA-QG-A5Z2-01Z-00-DX2_14336_22528.jpg,TCGA-QG-A5Z2,TCGA-QG-A5Z2-01Z-00-DX2,0,0.04800881,0
non-tumour/TCGA-QG-A5Z2-01Z-00-DX2_14336_23040.jpg,TCGA-QG-A5Z2,TCGA-QG-A5Z2-01Z-00-DX2,0,3.4207426e-06,0
non-tumour/TCGA-QG-A5Z2-01Z-00-DX2_14336_23552.jpg,TCGA-QG-A5Z2,TCGA-QG-A5Z2-01Z-00-DX2,0,1.9762942e-06,0
non-tumour/TCGA-QG-A5Z2-01Z-00-DX2_14336_24064.jpg,TCGA-QG-A5Z2,TCGA-QG-A5Z2-01Z-00-DX2,0,4.516168e-06,0
non-tumour/TCGA-QG-A5Z2-01Z-00-DX2_14336_25600.jpg,TCGA-QG-A5Z2,TCGA-QG-A5Z2-01Z-00-DX2,0,0.1252477,0
non-tumour/TCGA-QG-A5Z2-01Z-00-DX2_14336_26624.jpg,TCGA-QG-A5Z2,TCGA-QG-A5Z2-01Z-00-DX2,0,0.014600706,0
non-tumour/TCGA-QG-A5Z2-01Z-00-DX2_14336_27136.jpg,TCGA-QG-A5Z2,TCGA-QG-A5Z2-01Z-00-DX2,0,0.04119851,0
non-tumour/TCGA-QG-A5Z2-01Z-00-DX2_14336_27648.jpg,TCGA-QG-A5Z2,TCGA-QG-A5Z2-01Z-00-DX2,0,0.0059569646,0
non-tumour/TCGA-QG-A5Z2-01Z-00-DX2_14336_28672.jpg,TCGA-QG-A5Z2,TCGA-QG-A5Z2-01Z-00-DX2,0,0.014885513,0
non-tumour/TCGA-QG-A5Z2-01Z-00-DX2_14336_29696.jpg,TCGA-QG-A5Z2,TCGA-QG-A5Z2-01Z-00-DX2,0,0.19956419,0
non-tumour/TCGA-QG-A5Z2-01Z-00-DX2_14848_15872.jpg,TCGA-QG-A5Z2,TCGA-QG-A5Z2-01Z-00-DX2,0,0.025006918,0
non-tumour/TCGA-QG-A5Z2-01Z-00-DX2_14848_16384.jpg,TCGA-QG-A5Z2,TCGA-QG-A5Z2-01Z-00-DX2,0,0.010506759,0
non-tumour/TCGA-QG-A5Z2-01Z-00-DX2_14848_19456.jpg,TCGA-QG-A5Z2,TCGA-QG-A5Z2-01Z-00-DX2,0,0.00082925404,0
non-tumour/TCGA-QG-A5Z2-01Z-00-DX2_14848_22528.jpg,TCGA-QG-A5Z2,TCGA-QG-A5Z2-01Z-00-DX2,0,0.3386558,0
non-tumour/TCGA-QG-A5Z2-01Z-00-DX2_14848_23040.jpg,TCGA-QG-A5Z2,TCGA-QG-A5Z2-01Z-00-DX2,0,9.296041e-06,0
non-tumour/TCGA-QG-A5Z2-01Z-00-DX2_14848_23552.jpg,TCGA-QG-A5Z2,TCGA-QG-A5Z2-01Z-00-DX2,0,6.9722233e-07,0
non-tumour/TCGA-QG-A5Z2-01Z-00-DX2_14848_24576.jpg,TCGA-QG-A5Z2,TCGA-QG-A5Z2-01Z-00-DX2,0,9.716413e-05,0
non-tumour/TCGA-QG-A5Z2-01Z-00-DX2_14848_26624.jpg,TCGA-QG-A5Z2,TCGA-QG-A5Z2-01Z-00-DX2,0,0.014360742,0
non-tumour/TCGA-QG-A5Z2-01Z-00-DX2_14848_27648.jpg,TCGA-QG-A5Z2,TCGA-QG-A5Z2-01Z-00-DX2,0,0.03559794,0
non-tumour/TCGA-QG-A5Z2-01Z-00-DX2_14848_28160.jpg,TCGA-QG-A5Z2,TCGA-QG-A5Z2-01Z-00-DX2,0,0.0076556634,0
non-tumour/TCGA-QG-A5Z2-01Z-00-DX2_14848_28672.jpg,TCGA-QG-A5Z2,TCGA-QG-A5Z2-01Z-00-DX2,0,0.043910943,0
non-tumour/TCGA-QG-A5Z2-01Z-00-DX2_15360_15872.jpg,TCGA-QG-A5Z2,TCGA-QG-A5Z2-01Z-00-DX2,0,0.60874534,1
non-tumour/TCGA-QG-A5Z2-01Z-00-DX2_15360_16896.jpg,TCGA-QG-A5Z2,TCGA-QG-A5Z2-01Z-00-DX2,0,0.0012567473,0
non-tumour/TCGA-QG-A5Z2-01Z-00-DX2_15360_17408.jpg,TCGA-QG-A5Z2,TCGA-QG-A5Z2-01Z-00-DX2,0,0.0008669383,0
non-tumour/TCGA-QG-A5Z2-01Z-00-DX2_15360_17920.jpg,TCGA-QG-A5Z2,TCGA-QG-A5Z2-01Z-00-DX2,0,0.005038365,0
non-tumour/TCGA-QG-A5Z2-01Z-00-DX2_15360_19456.jpg,TCGA-QG-A5Z2,TCGA-QG-A5Z2-01Z-00-DX2,0,0.0015675566,0
non-tumour/TCGA-QG-A5Z2-01Z-00-DX2_15360_20480.jpg,TCGA-QG-A5Z2,TCGA-QG-A5Z2-01Z-00-DX2,0,0.9989642,1
non-tumour/TCGA-QG-A5Z2-01Z-00-DX2_15360_21504.jpg,TCGA-QG-A5Z2,TCGA-QG-A5Z2-01Z-00-DX2,0,0.002650613,0
non-tumour/TCGA-QG-A5Z2-01Z-00-DX2_15360_22528.jpg,TCGA-QG-A5Z2,TCGA-QG-A5Z2-01Z-00-DX2,0,0.106498085,0
non-tumour/TCGA-QG-A5Z2-01Z-00-DX2_15360_23552.jpg,TCGA-QG-A5Z2,TCGA-QG-A5Z2-01Z-00-DX2,0,0.0021981555,0
non-tumour/TCGA-QG-A5Z2-01Z-00-DX2_15360_24576.jpg,TCGA-QG-A5Z2,TCGA-QG-A5Z2-01Z-00-DX2,0,0.00019071785,0
non-tumour/TCGA-QG-A5Z2-01Z-00-DX2_15360_25088.jpg,TCGA-QG-A5Z2,TCGA-QG-A5Z2-01Z-00-DX2,0,8.883518e-05,0
non-tumour/TCGA-QG-A5Z2-01Z-00-DX2_15360_25600.jpg,TCGA-QG-A5Z2,TCGA-QG-A5Z2-01Z-00-DX2,0,0.0087619545,0
non-tumour/TCGA-QG-A5Z2-01Z-00-DX2_15360_28160.jpg,TCGA-QG-A5Z2,TCGA-QG-A5Z2-01Z-00-DX2,0,0.010227439,0
non-tumour/TCGA-QG-A5Z2-01Z-00-DX2_15360_28672.jpg,TCGA-QG-A5Z2,TCGA-QG-A5Z2-01Z-00-DX2,0,0.003451635,0
non-tumour/TCGA-QG-A5Z2-01Z-00-DX2_15360_29184.jpg,TCGA-QG-A5Z2,TCGA-QG-A5Z2-01Z-00-DX2,0,0.017568577,0
non-tumour/TCGA-QG-A5Z2-01Z-00-DX2_15360_29696.jpg,TCGA-QG-A5Z2,TCGA-QG-A5Z2-01Z-00-DX2,0,0.00011328104,0
non-tumour/TCGA-QG-A5Z2-01Z-00-DX2_15872_16384.jpg,TCGA-QG-A5Z2,TCGA-QG-A5Z2-01Z-00-DX2,0,0.007286732,0
non-tumour/TCGA-QG-A5Z2-01Z-00-DX2_15872_16896.jpg,TCGA-QG-A5Z2,TCGA-QG-A5Z2-01Z-00-DX2,0,0.0038659112,0
non-tumour/TCGA-QG-A5Z2-01Z-00-DX2_15872_17408.jpg,TCGA-QG-A5Z2,TCGA-QG-A5Z2-01Z-00-DX2,0,8.2846556e-05,0
non-tumour/TCGA-QG-A5Z2-01Z-00-DX2_15872_17920.jpg,TCGA-QG-A5Z2,TCGA-QG-A5Z2-01Z-00-DX2,0,0.10293827,0
non-tumour/TCGA-QG-A5Z2-01Z-00-DX2_15872_18944.jpg,TCGA-QG-A5Z2,TCGA-QG-A5Z2-01Z-00-DX2,0,0.0001018316,0
non-tumour/TCGA-QG-A5Z2-01Z-00-DX2_15872_19456.jpg,TCGA-QG-A5Z2,TCGA-QG-A5Z2-01Z-00-DX2,0,8.354231e-05,0
non-tumour/TCGA-QG-A5Z2-01Z-00-DX2_15872_20480.jpg,TCGA-QG-A5Z2,TCGA-QG-A5Z2-01Z-00-DX2,0,0.96885926,1
non-tumour/TCGA-QG-A5Z2-01Z-00-DX2_15872_20992.jpg,TCGA-QG-A5Z2,TCGA-QG-A5Z2-01Z-00-DX2,0,0.33833104,0
non-tumour/TCGA-QG-A5Z2-01Z-00-DX2_15872_22016.jpg,TCGA-QG-A5Z2,TCGA-QG-A5Z2-01Z-00-DX2,0,0.105496764,0
non-tumour/TCGA-QG-A5Z2-01Z-00-DX2_15872_23040.jpg,TCGA-QG-A5Z2,TCGA-QG-A5Z2-01Z-00-DX2,0,0.00022834683,0
non-tumour/TCGA-QG-A5Z2-01Z-00-DX2_15872_23552.jpg,TCGA-QG-A5Z2,TCGA-QG-A5Z2-01Z-00-DX2,0,0.0025644128,0
non-tumour/TCGA-QG-A5Z2-01Z-00-DX2_15872_24064.jpg,TCGA-QG-A5Z2,TCGA-QG-A5Z2-01Z-00-DX2,0,1.9055122e-05,0
non-tumour/TCGA-QG-A5Z2-01Z-00-DX2_15872_24576.jpg,TCGA-QG-A5Z2,TCGA-QG-A5Z2-01Z-00-DX2,0,9.0044814e-05,0
non-tumour/TCGA-QG-A5Z2-01Z-00-DX2_15872_25088.jpg,TCGA-QG-A5Z2,TCGA-QG-A5Z2-01Z-00-DX2,0,2.7397182e-05,0
non-tumour/TCGA-QG-A5Z2-01Z-00-DX2_15872_25600.jpg,TCGA-QG-A5Z2,TCGA-QG-A5Z2-01Z-00-DX2,0,0.00082932675,0
non-tumour/TCGA-QG-A5Z2-01Z-00-DX2_15872_26112.jpg,TCGA-QG-A5Z2,TCGA-QG-A5Z2-01Z-00-DX2,0,0.35959384,0
non-tumour/TCGA-QG-A5Z2-01Z-00-DX2_15872_26624.jpg,TCGA-QG-A5Z2,TCGA-QG-A5Z2-01Z-00-DX2,0,0.012433108,0
non-tumour/TCGA-QG-A5Z2-01Z-00-DX2_15872_27136.jpg,TCGA-QG-A5Z2,TCGA-QG-A5Z2-01Z-00-DX2,0,0.013633102,0
non-tumour/TCGA-QG-A5Z2-01Z-00-DX2_15872_28160.jpg,TCGA-QG-A5Z2,TCGA-QG-A5Z2-01Z-00-DX2,0,0.051645596,0
non-tumour/TCGA-QG-A5Z2-01Z-00-DX2_15872_29184.jpg,TCGA-QG-A5Z2,TCGA-QG-A5Z2-01Z-00-DX2,0,0.04252713,0
non-tumour/TCGA-QG-A5Z2-01Z-00-DX2_15872_29696.jpg,TCGA-QG-A5Z2,TCGA-QG-A5Z2-01Z-00-DX2,0,0.022793075,0
non-tumour/TCGA-QG-A5Z2-01Z-00-DX2_16384_15360.jpg,TCGA-QG-A5Z2,TCGA-QG-A5Z2-01Z-00-DX2,0,0.14864667,0
non-tumour/TCGA-QG-A5Z2-01Z-00-DX2_16384_15872.jpg,TCGA-QG-A5Z2,TCGA-QG-A5Z2-01Z-00-DX2,0,0.11104907,0
non-tumour/TCGA-QG-A5Z2-01Z-00-DX2_16384_16384.jpg,TCGA-QG-A5Z2,TCGA-QG-A5Z2-01Z-00-DX2,0,0.0056174845,0
non-tumour/TCGA-QG-A5Z2-01Z-00-DX2_16384_17408.jpg,TCGA-QG-A5Z2,TCGA-QG-A5Z2-01Z-00-DX2,0,0.0022301194,0
non-tumour/TCGA-QG-A5Z2-01Z-00-DX2_16384_17920.jpg,TCGA-QG-A5Z2,TCGA-QG-A5Z2-01Z-00-DX2,0,0.11481664,0
non-tumour/TCGA-QG-A5Z2-01Z-00-DX2_16384_18432.jpg,TCGA-QG-A5Z2,TCGA-QG-A5Z2-01Z-00-DX2,0,0.029580481,0
non-tumour/TCGA-QG-A5Z2-01Z-00-DX2_16384_18944.jpg,TCGA-QG-A5Z2,TCGA-QG-A5Z2-01Z-00-DX2,0,0.00041732055,0
non-tumour/TCGA-QG-A5Z2-01Z-00-DX2_16384_19968.jpg,TCGA-QG-A5Z2,TCGA-QG-A5Z2-01Z-00-DX2,0,0.14986691,0
non-tumour/TCGA-QG-A5Z2-01Z-00-DX2_16384_21504.jpg,TCGA-QG-A5Z2,TCGA-QG-A5Z2-01Z-00-DX2,0,0.3952081,0
non-tumour/TCGA-QG-A5Z2-01Z-00-DX2_16384_22016.jpg,TCGA-QG-A5Z2,TCGA-QG-A5Z2-01Z-00-DX2,0,0.91219807,1
non-tumour/TCGA-QG-A5Z2-01Z-00-DX2_16384_22528.jpg,TCGA-QG-A5Z2,TCGA-QG-A5Z2-01Z-00-DX2,0,0.987638,1
non-tumour/TCGA-QG-A5Z2-01Z-00-DX2_16384_23040.jpg,TCGA-QG-A5Z2,TCGA-QG-A5Z2-01Z-00-DX2,0,4.30008e-05,0
non-tumour/TCGA-QG-A5Z2-01Z-00-DX2_16384_23552.jpg,TCGA-QG-A5Z2,TCGA-QG-A5Z2-01Z-00-DX2,0,0.0264869,0
non-tumour/TCGA-QG-A5Z2-01Z-00-DX2_16384_24064.jpg,TCGA-QG-A5Z2,TCGA-QG-A5Z2-01Z-00-DX2,0,0.00012250157,0
non-tumour/TCGA-QG-A5Z2-01Z-00-DX2_16384_24576.jpg,TCGA-QG-A5Z2,TCGA-QG-A5Z2-01Z-00-DX2,0,0.008089558,0
non-tumour/TCGA-QG-A5Z2-01Z-00-DX2_16384_25088.jpg,TCGA-QG-A5Z2,TCGA-QG-A5Z2-01Z-00-DX2,0,0.0050343266,0
non-tumour/TCGA-QG-A5Z2-01Z-00-DX2_16384_25600.jpg,TCGA-QG-A5Z2,TCGA-QG-A5Z2-01Z-00-DX2,0,0.11053967,0
non-tumour/TCGA-QG-A5Z2-01Z-00-DX2_16384_27136.jpg,TCGA-QG-A5Z2,TCGA-QG-A5Z2-01Z-00-DX2,0,0.041259266,0
non-tumour/TCGA-QG-A5Z2-01Z-00-DX2_16384_27648.jpg,TCGA-QG-A5Z2,TCGA-QG-A5Z2-01Z-00-DX2,0,0.006515878,0
non-tumour/TCGA-QG-A5Z2-01Z-00-DX2_16384_29696.jpg,TCGA-QG-A5Z2,TCGA-QG-A5Z2-01Z-00-DX2,0,0.015166882,0
non-tumour/TCGA-QG-A5Z2-01Z-00-DX2_16896_18432.jpg,TCGA-QG-A5Z2,TCGA-QG-A5Z2-01Z-00-DX2,0,0.0074741687,0
non-tumour/TCGA-QG-A5Z2-01Z-00-DX2_16896_20480.jpg,TCGA-QG-A5Z2,TCGA-QG-A5Z2-01Z-00-DX2,0,0.08438835,0
non-tumour/TCGA-QG-A5Z2-01Z-00-DX2_16896_21504.jpg,TCGA-QG-A5Z2,TCGA-QG-A5Z2-01Z-00-DX2,0,0.44394335,0
non-tumour/TCGA-QG-A5Z2-01Z-00-DX2_16896_22016.jpg,TCGA-QG-A5Z2,TCGA-QG-A5Z2-01Z-00-DX2,0,0.96240324,1
non-tumour/TCGA-QG-A5Z2-01Z-00-DX2_16896_22528.jpg,TCGA-QG-A5Z2,TCGA-QG-A5Z2-01Z-00-DX2,0,0.000926598,0
non-tumour/TCGA-QG-A5Z2-01Z-00-DX2_16896_24064.jpg,TCGA-QG-A5Z2,TCGA-QG-A5Z2-01Z-00-DX2,0,0.00023148107,0
non-tumour/TCGA-QG-A5Z2-01Z-00-DX2_16896_24576.jpg,TCGA-QG-A5Z2,TCGA-QG-A5Z2-01Z-00-DX2,0,0.0017854219,0
non-tumour/TCGA-QG-A5Z2-01Z-00-DX2_16896_26112.jpg,TCGA-QG-A5Z2,TCGA-QG-A5Z2-01Z-00-DX2,0,7.274577e-05,0
non-tumour/TCGA-QG-A5Z2-01Z-00-DX2_16896_26624.jpg,TCGA-QG-A5Z2,TCGA-QG-A5Z2-01Z-00-DX2,0,0.0014364142,0
non-tumour/TCGA-QG-A5Z2-01Z-00-DX2_16896_27648.jpg,TCGA-QG-A5Z2,TCGA-QG-A5Z2-01Z-00-DX2,0,0.0026080466,0
non-tumour/TCGA-QG-A5Z2-01Z-00-DX2_16896_28160.jpg,TCGA-QG-A5Z2,TCGA-QG-A5Z2-01Z-00-DX2,0,0.024554808,0
non-tumour/TCGA-QG-A5Z2-01Z-00-DX2_16896_29184.jpg,TCGA-QG-A5Z2,TCGA-QG-A5Z2-01Z-00-DX2,0,0.00201423,0
non-tumour/TCGA-QG-A5Z2-01Z-00-DX2_17408_15360.jpg,TCGA-QG-A5Z2,TCGA-QG-A5Z2-01Z-00-DX2,0,0.018703572,0
non-tumour/TCGA-QG-A5Z2-01Z-00-DX2_17408_15872.jpg,TCGA-QG-A5Z2,TCGA-QG-A5Z2-01Z-00-DX2,0,0.042843916,0
non-tumour/TCGA-QG-A5Z2-01Z-00-DX2_17408_16384.jpg,TCGA-QG-A5Z2,TCGA-QG-A5Z2-01Z-00-DX2,0,0.0064802705,0
non-tumour/TCGA-QG-A5Z2-01Z-00-DX2_17408_16896.jpg,TCGA-QG-A5Z2,TCGA-QG-A5Z2-01Z-00-DX2,0,0.012998485,0
non-tumour/TCGA-QG-A5Z2-01Z-00-DX2_17408_18432.jpg,TCGA-QG-A5Z2,TCGA-QG-A5Z2-01Z-00-DX2,0,0.0025797298,0
non-tumour/TCGA-QG-A5Z2-01Z-00-DX2_17408_19968.jpg,TCGA-QG-A5Z2,TCGA-QG-A5Z2-01Z-00-DX2,0,0.074135594,0
non-tumour/TCGA-QG-A5Z2-01Z-00-DX2_17408_20480.jpg,TCGA-QG-A5Z2,TCGA-QG-A5Z2-01Z-00-DX2,0,0.25250313,0
non-tumour/TCGA-QG-A5Z2-01Z-00-DX2_17408_21504.jpg,TCGA-QG-A5Z2,TCGA-QG-A5Z2-01Z-00-DX2,0,0.09115473,0
non-tumour/TCGA-QG-A5Z2-01Z-00-DX2_17408_22016.jpg,TCGA-QG-A5Z2,TCGA-QG-A5Z2-01Z-00-DX2,0,0.08362947,0
non-tumour/TCGA-QG-A5Z2-01Z-00-DX2_17408_23040.jpg,TCGA-QG-A5Z2,TCGA-QG-A5Z2-01Z-00-DX2,0,0.005703108,0
non-tumour/TCGA-QG-A5Z2-01Z-00-DX2_17408_24576.jpg,TCGA-QG-A5Z2,TCGA-QG-A5Z2-01Z-00-DX2,0,0.000119665994,0
non-tumour/TCGA-QG-A5Z2-01Z-00-DX2_17408_25600.jpg,TCGA-QG-A5Z2,TCGA-QG-A5Z2-01Z-00-DX2,0,0.46802798,0
non-tumour/TCGA-QG-A5Z2-01Z-00-DX2_17408_26624.jpg,TCGA-QG-A5Z2,TCGA-QG-A5Z2-01Z-00-DX2,0,0.04127615,0
non-tumour/TCGA-QG-A5Z2-01Z-00-DX2_17408_27136.jpg,TCGA-QG-A5Z2,TCGA-QG-A5Z2-01Z-00-DX2,0,0.09448723,0
non-tumour/TCGA-QG-A5Z2-01Z-00-DX2_17408_27648.jpg,TCGA-QG-A5Z2,TCGA-QG-A5Z2-01Z-00-DX2,0,0.00052934955,0
non-tumour/TCGA-QG-A5Z2-01Z-00-DX2_17408_28672.jpg,TCGA-QG-A5Z2,TCGA-QG-A5Z2-01Z-00-DX2,0,0.002552139,0
non-tumour/TCGA-QG-A5Z2-01Z-00-DX2_17408_30208.jpg,TCGA-QG-A5Z2,TCGA-QG-A5Z2-01Z-00-DX2,0,2.760497e-05,0
non-tumour/TCGA-QG-A5Z2-01Z-00-DX2_17920_15360.jpg,TCGA-QG-A5Z2,TCGA-QG-A5Z2-01Z-00-DX2,0,0.02906312,0
non-tumour/TCGA-QG-A5Z2-01Z-00-DX2_17920_15872.jpg,TCGA-QG-A5Z2,TCGA-QG-A5Z2-01Z-00-DX2,0,0.026425641,0
non-tumour/TCGA-QG-A5Z2-01Z-00-DX2_17920_16896.jpg,TCGA-QG-A5Z2,TCGA-QG-A5Z2-01Z-00-DX2,0,0.0388213,0
non-tumour/TCGA-QG-A5Z2-01Z-00-DX2_17920_18944.jpg,TCGA-QG-A5Z2,TCGA-QG-A5Z2-01Z-00-DX2,0,0.0050421,0
non-tumour/TCGA-QG-A5Z2-01Z-00-DX2_17920_19456.jpg,TCGA-QG-A5Z2,TCGA-QG-A5Z2-01Z-00-DX2,0,0.0035618455,0
non-tumour/TCGA-QG-A5Z2-01Z-00-DX2_17920_20992.jpg,TCGA-QG-A5Z2,TCGA-QG-A5Z2-01Z-00-DX2,0,0.22007594,0
non-tumour/TCGA-QG-A5Z2-01Z-00-DX2_17920_22016.jpg,TCGA-QG-A5Z2,TCGA-QG-A5Z2-01Z-00-DX2,0,0.10975494,0
non-tumour/TCGA-QG-A5Z2-01Z-00-DX2_17920_22528.jpg,TCGA-QG-A5Z2,TCGA-QG-A5Z2-01Z-00-DX2,0,0.66217536,1
non-tumour/TCGA-QG-A5Z2-01Z-00-DX2_17920_23552.jpg,TCGA-QG-A5Z2,TCGA-QG-A5Z2-01Z-00-DX2,0,0.017267529,0
non-tumour/TCGA-QG-A5Z2-01Z-00-DX2_17920_25600.jpg,TCGA-QG-A5Z2,TCGA-QG-A5Z2-01Z-00-DX2,0,0.11738534,0
non-tumour/TCGA-QG-A5Z2-01Z-00-DX2_17920_26112.jpg,TCGA-QG-A5Z2,TCGA-QG-A5Z2-01Z-00-DX2,0,0.0471615,0
non-tumour/TCGA-QG-A5Z2-01Z-00-DX2_17920_26624.jpg,TCGA-QG-A5Z2,TCGA-QG-A5Z2-01Z-00-DX2,0,0.44132748,0
non-tumour/TCGA-QG-A5Z2-01Z-00-DX2_17920_29184.jpg,TCGA-QG-A5Z2,TCGA-QG-A5Z2-01Z-00-DX2,0,0.0008668726,0
non-tumour/TCGA-QG-A5Z2-01Z-00-DX2_17920_29696.jpg,TCGA-QG-A5Z2,TCGA-QG-A5Z2-01Z-00-DX2,0,0.00092660554,0
non-tumour/TCGA-QG-A5Z2-01Z-00-DX2_17920_30208.jpg,TCGA-QG-A5Z2,TCGA-QG-A5Z2-01Z-00-DX2,0,8.97834e-06,0
non-tumour/TCGA-QG-A5Z2-01Z-00-DX2_17920_30720.jpg,TCGA-QG-A5Z2,TCGA-QG-A5Z2-01Z-00-DX2,0,0.00019540789,0
non-tumour/TCGA-QG-A5Z2-01Z-00-DX2_18432_15872.jpg,TCGA-QG-A5Z2,TCGA-QG-A5Z2-01Z-00-DX2,0,0.009918445,0
non-tumour/TCGA-QG-A5Z2-01Z-00-DX2_18432_17920.jpg,TCGA-QG-A5Z2,TCGA-QG-A5Z2-01Z-00-DX2,0,0.00533839,0
non-tumour/TCGA-QG-A5Z2-01Z-00-DX2_18432_18944.jpg,TCGA-QG-A5Z2,TCGA-QG-A5Z2-01Z-00-DX2,0,0.0013088593,0
non-tumour/TCGA-QG-A5Z2-01Z-00-DX2_18432_20480.jpg,TCGA-QG-A5Z2,TCGA-QG-A5Z2-01Z-00-DX2,0,0.002893912,0
non-tumour/TCGA-QG-A5Z2-01Z-00-DX2_18432_20992.jpg,TCGA-QG-A5Z2,TCGA-QG-A5Z2-01Z-00-DX2,0,0.0030504658,0
non-tumour/TCGA-QG-A5Z2-01Z-00-DX2_18432_22016.jpg,TCGA-QG-A5Z2,TCGA-QG-A5Z2-01Z-00-DX2,0,0.6185697,1
non-tumour/TCGA-QG-A5Z2-01Z-00-DX2_18432_22528.jpg,TCGA-QG-A5Z2,TCGA-QG-A5Z2-01Z-00-DX2,0,0.060108036,0
non-tumour/TCGA-QG-A5Z2-01Z-00-DX2_18432_23040.jpg,TCGA-QG-A5Z2,TCGA-QG-A5Z2-01Z-00-DX2,0,2.6810312e-05,0
non-tumour/TCGA-QG-A5Z2-01Z-00-DX2_18432_24576.jpg,TCGA-QG-A5Z2,TCGA-QG-A5Z2-01Z-00-DX2,0,0.00056389085,0
non-tumour/TCGA-QG-A5Z2-01Z-00-DX2_18432_25088.jpg,TCGA-QG-A5Z2,TCGA-QG-A5Z2-01Z-00-DX2,0,0.037092656,0
non-tumour/TCGA-QG-A5Z2-01Z-00-DX2_18432_26112.jpg,TCGA-QG-A5Z2,TCGA-QG-A5Z2-01Z-00-DX2,0,0.3928902,0
non-tumour/TCGA-QG-A5Z2-01Z-00-DX2_18432_27136.jpg,TCGA-QG-A5Z2,TCGA-QG-A5Z2-01Z-00-DX2,0,0.11956292,0
non-tumour/TCGA-QG-A5Z2-01Z-00-DX2_18432_27648.jpg,TCGA-QG-A5Z2,TCGA-QG-A5Z2-01Z-00-DX2,0,0.004237515,0
non-tumour/TCGA-QG-A5Z2-01Z-00-DX2_18432_28160.jpg,TCGA-QG-A5Z2,TCGA-QG-A5Z2-01Z-00-DX2,0,0.4473994,0
non-tumour/TCGA-QG-A5Z2-01Z-00-DX2_18432_29184.jpg,TCGA-QG-A5Z2,TCGA-QG-A5Z2-01Z-00-DX2,0,1.2254482e-05,0
non-tumour/TCGA-QG-A5Z2-01Z-00-DX2_18432_29696.jpg,TCGA-QG-A5Z2,TCGA-QG-A5Z2-01Z-00-DX2,0,8.307844e-05,0
non-tumour/TCGA-QG-A5Z2-01Z-00-DX2_18432_30720.jpg,TCGA-QG-A5Z2,TCGA-QG-A5Z2-01Z-00-DX2,0,1.8184062e-06,0
non-tumour/TCGA-QG-A5Z2-01Z-00-DX2_18944_14848.jpg,TCGA-QG-A5Z2,TCGA-QG-A5Z2-01Z-00-DX2,0,0.006649111,0
non-tumour/TCGA-QG-A5Z2-01Z-00-DX2_18944_15360.jpg,TCGA-QG-A5Z2,TCGA-QG-A5Z2-01Z-00-DX2,0,0.0070917327,0
non-tumour/TCGA-QG-A5Z2-01Z-00-DX2_18944_15872.jpg,TCGA-QG-A5Z2,TCGA-QG-A5Z2-01Z-00-DX2,0,0.0029820986,0
non-tumour/TCGA-QG-A5Z2-01Z-00-DX2_18944_16384.jpg,TCGA-QG-A5Z2,TCGA-QG-A5Z2-01Z-00-DX2,0,0.008722917,0
non-tumour/TCGA-QG-A5Z2-01Z-00-DX2_18944_18944.jpg,TCGA-QG-A5Z2,TCGA-QG-A5Z2-01Z-00-DX2,0,4.7126658e-05,0
non-tumour/TCGA-QG-A5Z2-01Z-00-DX2_18944_19456.jpg,TCGA-QG-A5Z2,TCGA-QG-A5Z2-01Z-00-DX2,0,0.0008963844,0
non-tumour/TCGA-QG-A5Z2-01Z-00-DX2_18944_22016.jpg,TCGA-QG-A5Z2,TCGA-QG-A5Z2-01Z-00-DX2,0,0.0028826185,0
non-tumour/TCGA-QG-A5Z2-01Z-00-DX2_18944_23552.jpg,TCGA-QG-A5Z2,TCGA-QG-A5Z2-01Z-00-DX2,0,0.00013617714,0
non-tumour/TCGA-QG-A5Z2-01Z-00-DX2_18944_24576.jpg,TCGA-QG-A5Z2,TCGA-QG-A5Z2-01Z-00-DX2,0,4.1547104e-05,0
non-tumour/TCGA-QG-A5Z2-01Z-00-DX2_18944_28160.jpg,TCGA-QG-A5Z2,TCGA-QG-A5Z2-01Z-00-DX2,0,0.002134163,0
non-tumour/TCGA-QG-A5Z2-01Z-00-DX2_18944_28672.jpg,TCGA-QG-A5Z2,TCGA-QG-A5Z2-01Z-00-DX2,0,0.0013602141,0
non-tumour/TCGA-QG-A5Z2-01Z-00-DX2_18944_29696.jpg,TCGA-QG-A5Z2,TCGA-QG-A5Z2-01Z-00-DX2,0,0.004860629,0
non-tumour/TCGA-QG-A5Z2-01Z-00-DX2_19456_14336.jpg,TCGA-QG-A5Z2,TCGA-QG-A5Z2-01Z-00-DX2,0,0.00017950554,0
non-tumour/TCGA-QG-A5Z2-01Z-00-DX2_19456_15872.jpg,TCGA-QG-A5Z2,TCGA-QG-A5Z2-01Z-00-DX2,0,0.0020771755,0
non-tumour/TCGA-QG-A5Z2-01Z-00-DX2_19456_16384.jpg,TCGA-QG-A5Z2,TCGA-QG-A5Z2-01Z-00-DX2,0,0.000257523,0
non-tumour/TCGA-QG-A5Z2-01Z-00-DX2_19456_16896.jpg,TCGA-QG-A5Z2,TCGA-QG-A5Z2-01Z-00-DX2,0,0.002006141,0
non-tumour/TCGA-QG-A5Z2-01Z-00-DX2_19456_18432.jpg,TCGA-QG-A5Z2,TCGA-QG-A5Z2-01Z-00-DX2,0,9.9090634e-05,0
non-tumour/TCGA-QG-A5Z2-01Z-00-DX2_19456_18944.jpg,TCGA-QG-A5Z2,TCGA-QG-A5Z2-01Z-00-DX2,0,9.313855e-05,0
non-tumour/TCGA-QG-A5Z2-01Z-00-DX2_19456_21504.jpg,TCGA-QG-A5Z2,TCGA-QG-A5Z2-01Z-00-DX2,0,0.00017360471,0
non-tumour/TCGA-QG-A5Z2-01Z-00-DX2_19456_22528.jpg,TCGA-QG-A5Z2,TCGA-QG-A5Z2-01Z-00-DX2,0,3.4003864e-05,0
non-tumour/TCGA-QG-A5Z2-01Z-00-DX2_19456_24576.jpg,TCGA-QG-A5Z2,TCGA-QG-A5Z2-01Z-00-DX2,0,0.0001485192,0
non-tumour/TCGA-QG-A5Z2-01Z-00-DX2_19456_25088.jpg,TCGA-QG-A5Z2,TCGA-QG-A5Z2-01Z-00-DX2,0,0.08070778,0
non-tumour/TCGA-QG-A5Z2-01Z-00-DX2_19456_25600.jpg,TCGA-QG-A5Z2,TCGA-QG-A5Z2-01Z-00-DX2,0,0.024377659,0
non-tumour/TCGA-QG-A5Z2-01Z-00-DX2_19456_26112.jpg,TCGA-QG-A5Z2,TCGA-QG-A5Z2-01Z-00-DX2,0,0.0140794525,0
non-tumour/TCGA-QG-A5Z2-01Z-00-DX2_19456_26624.jpg,TCGA-QG-A5Z2,TCGA-QG-A5Z2-01Z-00-DX2,0,0.0007223977,0
non-tumour/TCGA-QG-A5Z2-01Z-00-DX2_19456_28160.jpg,TCGA-QG-A5Z2,TCGA-QG-A5Z2-01Z-00-DX2,0,8.039577e-05,0
non-tumour/TCGA-QG-A5Z2-01Z-00-DX2_19456_28672.jpg,TCGA-QG-A5Z2,TCGA-QG-A5Z2-01Z-00-DX2,0,5.5028842e-05,0
non-tumour/TCGA-QG-A5Z2-01Z-00-DX2_19456_30208.jpg,TCGA-QG-A5Z2,TCGA-QG-A5Z2-01Z-00-DX2,0,0.036470663,0
non-tumour/TCGA-QG-A5Z2-01Z-00-DX2_19968_15360.jpg,TCGA-QG-A5Z2,TCGA-QG-A5Z2-01Z-00-DX2,0,0.008281496,0
non-tumour/TCGA-QG-A5Z2-01Z-00-DX2_19968_15872.jpg,TCGA-QG-A5Z2,TCGA-QG-A5Z2-01Z-00-DX2,0,0.008859552,0
non-tumour/TCGA-QG-A5Z2-01Z-00-DX2_19968_16384.jpg,TCGA-QG-A5Z2,TCGA-QG-A5Z2-01Z-00-DX2,0,0.011042506,0
non-tumour/TCGA-QG-A5Z2-01Z-00-DX2_19968_17408.jpg,TCGA-QG-A5Z2,TCGA-QG-A5Z2-01Z-00-DX2,0,0.0027521045,0
non-tumour/TCGA-QG-A5Z2-01Z-00-DX2_19968_17920.jpg,TCGA-QG-A5Z2,TCGA-QG-A5Z2-01Z-00-DX2,0,0.0012834166,0
non-tumour/TCGA-QG-A5Z2-01Z-00-DX2_19968_18432.jpg,TCGA-QG-A5Z2,TCGA-QG-A5Z2-01Z-00-DX2,0,1.407816e-05,0
non-tumour/TCGA-QG-A5Z2-01Z-00-DX2_19968_19456.jpg,TCGA-QG-A5Z2,TCGA-QG-A5Z2-01Z-00-DX2,0,0.0002059856,0
non-tumour/TCGA-QG-A5Z2-01Z-00-DX2_19968_19968.jpg,TCGA-QG-A5Z2,TCGA-QG-A5Z2-01Z-00-DX2,0,0.0008234739,0
non-tumour/TCGA-QG-A5Z2-01Z-00-DX2_19968_20480.jpg,TCGA-QG-A5Z2,TCGA-QG-A5Z2-01Z-00-DX2,0,9.125342e-05,0
non-tumour/TCGA-QG-A5Z2-01Z-00-DX2_19968_20992.jpg,TCGA-QG-A5Z2,TCGA-QG-A5Z2-01Z-00-DX2,0,0.00017152165,0
non-tumour/TCGA-QG-A5Z2-01Z-00-DX2_19968_21504.jpg,TCGA-QG-A5Z2,TCGA-QG-A5Z2-01Z-00-DX2,0,7.513277e-05,0
non-tumour/TCGA-QG-A5Z2-01Z-00-DX2_19968_22528.jpg,TCGA-QG-A5Z2,TCGA-QG-A5Z2-01Z-00-DX2,0,3.39837e-05,0
non-tumour/TCGA-QG-A5Z2-01Z-00-DX2_19968_23040.jpg,TCGA-QG-A5Z2,TCGA-QG-A5Z2-01Z-00-DX2,0,3.9618967e-06,0
non-tumour/TCGA-QG-A5Z2-01Z-00-DX2_19968_23552.jpg,TCGA-QG-A5Z2,TCGA-QG-A5Z2-01Z-00-DX2,0,3.3503673e-07,0
non-tumour/TCGA-QG-A5Z2-01Z-00-DX2_19968_24064.jpg,TCGA-QG-A5Z2,TCGA-QG-A5Z2-01Z-00-DX2,0,2.8997997e-06,0
non-tumour/TCGA-QG-A5Z2-01Z-00-DX2_19968_24576.jpg,TCGA-QG-A5Z2,TCGA-QG-A5Z2-01Z-00-DX2,0,0.008398534,0
non-tumour/TCGA-QG-A5Z2-01Z-00-DX2_19968_25088.jpg,TCGA-QG-A5Z2,TCGA-QG-A5Z2-01Z-00-DX2,0,0.030305497,0
non-tumour/TCGA-QG-A5Z2-01Z-00-DX2_19968_25600.jpg,TCGA-QG-A5Z2,TCGA-QG-A5Z2-01Z-00-DX2,0,0.008545958,0
non-tumour/TCGA-QG-A5Z2-01Z-00-DX2_19968_26624.jpg,TCGA-QG-A5Z2,TCGA-QG-A5Z2-01Z-00-DX2,0,0.0045402395,0
non-tumour/TCGA-QG-A5Z2-01Z-00-DX2_19968_27648.jpg,TCGA-QG-A5Z2,TCGA-QG-A5Z2-01Z-00-DX2,0,0.0007946521,0
non-tumour/TCGA-QG-A5Z2-01Z-00-DX2_19968_28672.jpg,TCGA-QG-A5Z2,TCGA-QG-A5Z2-01Z-00-DX2,0,4.0730687e-05,0
non-tumour/TCGA-QG-A5Z2-01Z-00-DX2_19968_29184.jpg,TCGA-QG-A5Z2,TCGA-QG-A5Z2-01Z-00-DX2,0,0.00012005162,0
non-tumour/TCGA-QG-A5Z2-01Z-00-DX2_19968_29696.jpg,TCGA-QG-A5Z2,TCGA-QG-A5Z2-01Z-00-DX2,0,1.0009969e-05,0
non-tumour/TCGA-QG-A5Z2-01Z-00-DX2_19968_30720.jpg,TCGA-QG-A5Z2,TCGA-QG-A5Z2-01Z-00-DX2,0,0.011380985,0
non-tumour/TCGA-QG-A5Z2-01Z-00-DX2_20480_13312.jpg,TCGA-QG-A5Z2,TCGA-QG-A5Z2-01Z-00-DX2,0,4.4495178e-07,0
non-tumour/TCGA-QG-A5Z2-01Z-00-DX2_20480_13824.jpg,TCGA-QG-A5Z2,TCGA-QG-A5Z2-01Z-00-DX2,0,1.9355207e-06,0
non-tumour/TCGA-QG-A5Z2-01Z-00-DX2_20480_14336.jpg,TCGA-QG-A5Z2,TCGA-QG-A5Z2-01Z-00-DX2,0,2.0628106e-05,0
non-tumour/TCGA-QG-A5Z2-01Z-00-DX2_20480_15360.jpg,TCGA-QG-A5Z2,TCGA-QG-A5Z2-01Z-00-DX2,0,3.0640655e-05,0
non-tumour/TCGA-QG-A5Z2-01Z-00-DX2_20480_15872.jpg,TCGA-QG-A5Z2,TCGA-QG-A5Z2-01Z-00-DX2,0,0.0001965946,0
non-tumour/TCGA-QG-A5Z2-01Z-00-DX2_20480_16384.jpg,TCGA-QG-A5Z2,TCGA-QG-A5Z2-01Z-00-DX2,0,0.0011139053,0
non-tumour/TCGA-QG-A5Z2-01Z-00-DX2_20480_16896.jpg,TCGA-QG-A5Z2,TCGA-QG-A5Z2-01Z-00-DX2,0,0.187422,0
non-tumour/TCGA-QG-A5Z2-01Z-00-DX2_20480_17920.jpg,TCGA-QG-A5Z2,TCGA-QG-A5Z2-01Z-00-DX2,0,7.077358e-05,0
non-tumour/TCGA-QG-A5Z2-01Z-00-DX2_20480_18432.jpg,TCGA-QG-A5Z2,TCGA-QG-A5Z2-01Z-00-DX2,0,3.2419175e-05,0
non-tumour/TCGA-QG-A5Z2-01Z-00-DX2_20480_19968.jpg,TCGA-QG-A5Z2,TCGA-QG-A5Z2-01Z-00-DX2,0,0.00032552518,0
non-tumour/TCGA-QG-A5Z2-01Z-00-DX2_20480_20480.jpg,TCGA-QG-A5Z2,TCGA-QG-A5Z2-01Z-00-DX2,0,0.022187265,0
non-tumour/TCGA-QG-A5Z2-01Z-00-DX2_20480_22016.jpg,TCGA-QG-A5Z2,TCGA-QG-A5Z2-01Z-00-DX2,0,2.4257082e-05,0
non-tumour/TCGA-QG-A5Z2-01Z-00-DX2_20480_23552.jpg,TCGA-QG-A5Z2,TCGA-QG-A5Z2-01Z-00-DX2,0,7.8610304e-07,0
non-tumour/TCGA-QG-A5Z2-01Z-00-DX2_20480_24064.jpg,TCGA-QG-A5Z2,TCGA-QG-A5Z2-01Z-00-DX2,0,5.8143978e-05,0
non-tumour/TCGA-QG-A5Z2-01Z-00-DX2_20480_24576.jpg,TCGA-QG-A5Z2,TCGA-QG-A5Z2-01Z-00-DX2,0,0.00868953,0
non-tumour/TCGA-QG-A5Z2-01Z-00-DX2_20480_27648.jpg,TCGA-QG-A5Z2,TCGA-QG-A5Z2-01Z-00-DX2,0,2.3891771e-05,0
non-tumour/TCGA-QG-A5Z2-01Z-00-DX2_20480_30208.jpg,TCGA-QG-A5Z2,TCGA-QG-A5Z2-01Z-00-DX2,0,2.6677562e-05,0
non-tumour/TCGA-QG-A5Z2-01Z-00-DX2_20992_12800.jpg,TCGA-QG-A5Z2,TCGA-QG-A5Z2-01Z-00-DX2,0,9.423845e-06,0
non-tumour/TCGA-QG-A5Z2-01Z-00-DX2_20992_13312.jpg,TCGA-QG-A5Z2,TCGA-QG-A5Z2-01Z-00-DX2,0,2.603977e-06,0
non-tumour/TCGA-QG-A5Z2-01Z-00-DX2_20992_14336.jpg,TCGA-QG-A5Z2,TCGA-QG-A5Z2-01Z-00-DX2,0,2.8545805e-05,0
non-tumour/TCGA-QG-A5Z2-01Z-00-DX2_20992_16384.jpg,TCGA-QG-A5Z2,TCGA-QG-A5Z2-01Z-00-DX2,0,0.021515302,0
non-tumour/TCGA-QG-A5Z2-01Z-00-DX2_20992_17408.jpg,TCGA-QG-A5Z2,TCGA-QG-A5Z2-01Z-00-DX2,0,0.0017490766,0
non-tumour/TCGA-QG-A5Z2-01Z-00-DX2_20992_18944.jpg,TCGA-QG-A5Z2,TCGA-QG-A5Z2-01Z-00-DX2,0,7.346583e-05,0
non-tumour/TCGA-QG-A5Z2-01Z-00-DX2_20992_19456.jpg,TCGA-QG-A5Z2,TCGA-QG-A5Z2-01Z-00-DX2,0,7.736314e-05,0
non-tumour/TCGA-QG-A5Z2-01Z-00-DX2_20992_20480.jpg,TCGA-QG-A5Z2,TCGA-QG-A5Z2-01Z-00-DX2,0,0.002152187,0
non-tumour/TCGA-QG-A5Z2-01Z-00-DX2_20992_20992.jpg,TCGA-QG-A5Z2,TCGA-QG-A5Z2-01Z-00-DX2,0,7.7409255e-05,0
non-tumour/TCGA-QG-A5Z2-01Z-00-DX2_20992_21504.jpg,TCGA-QG-A5Z2,TCGA-QG-A5Z2-01Z-00-DX2,0,0.00051848753,0
non-tumour/TCGA-QG-A5Z2-01Z-00-DX2_20992_22528.jpg,TCGA-QG-A5Z2,TCGA-QG-A5Z2-01Z-00-DX2,0,2.6199516e-06,0
non-tumour/TCGA-QG-A5Z2-01Z-00-DX2_20992_23040.jpg,TCGA-QG-A5Z2,TCGA-QG-A5Z2-01Z-00-DX2,0,6.959004e-06,0
non-tumour/TCGA-QG-A5Z2-01Z-00-DX2_20992_23552.jpg,TCGA-QG-A5Z2,TCGA-QG-A5Z2-01Z-00-DX2,0,2.297279e-05,0
non-tumour/TCGA-QG-A5Z2-01Z-00-DX2_20992_24064.jpg,TCGA-QG-A5Z2,TCGA-QG-A5Z2-01Z-00-DX2,0,0.001392305,0
non-tumour/TCGA-QG-A5Z2-01Z-00-DX2_20992_25088.jpg,TCGA-QG-A5Z2,TCGA-QG-A5Z2-01Z-00-DX2,0,0.026130985,0
non-tumour/TCGA-QG-A5Z2-01Z-00-DX2_20992_26624.jpg,TCGA-QG-A5Z2,TCGA-QG-A5Z2-01Z-00-DX2,0,0.0026679565,0
non-tumour/TCGA-QG-A5Z2-01Z-00-DX2_20992_27136.jpg,TCGA-QG-A5Z2,TCGA-QG-A5Z2-01Z-00-DX2,0,0.0013348839,0
non-tumour/TCGA-QG-A5Z2-01Z-00-DX2_20992_28160.jpg,TCGA-QG-A5Z2,TCGA-QG-A5Z2-01Z-00-DX2,0,0.00010005876,0
non-tumour/TCGA-QG-A5Z2-01Z-00-DX2_20992_28672.jpg,TCGA-QG-A5Z2,TCGA-QG-A5Z2-01Z-00-DX2,0,2.8067258e-05,0
non-tumour/TCGA-QG-A5Z2-01Z-00-DX2_20992_29696.jpg,TCGA-QG-A5Z2,TCGA-QG-A5Z2-01Z-00-DX2,0,2.1173041e-06,0
non-tumour/TCGA-QG-A5Z2-01Z-00-DX2_20992_30208.jpg,TCGA-QG-A5Z2,TCGA-QG-A5Z2-01Z-00-DX2,0,4.9702736e-05,0
non-tumour/TCGA-QG-A5Z2-01Z-00-DX2_20992_32768.jpg,TCGA-QG-A5Z2,TCGA-QG-A5Z2-01Z-00-DX2,0,0.94227713,1
non-tumour/TCGA-QG-A5Z2-01Z-00-DX2_20992_33280.jpg,TCGA-QG-A5Z2,TCGA-QG-A5Z2-01Z-00-DX2,0,0.613449,1
non-tumour/TCGA-QG-A5Z2-01Z-00-DX2_20992_33792.jpg,TCGA-QG-A5Z2,TCGA-QG-A5Z2-01Z-00-DX2,0,0.4825293,0
non-tumour/TCGA-QG-A5Z2-01Z-00-DX2_21504_10240.jpg,TCGA-QG-A5Z2,TCGA-QG-A5Z2-01Z-00-DX2,0,3.9662034e-05,0
non-tumour/TCGA-QG-A5Z2-01Z-00-DX2_21504_13312.jpg,TCGA-QG-A5Z2,TCGA-QG-A5Z2-01Z-00-DX2,0,2.7120412e-05,0
non-tumour/TCGA-QG-A5Z2-01Z-00-DX2_21504_13824.jpg,TCGA-QG-A5Z2,TCGA-QG-A5Z2-01Z-00-DX2,0,1.98104e-05,0
non-tumour/TCGA-QG-A5Z2-01Z-00-DX2_21504_14848.jpg,TCGA-QG-A5Z2,TCGA-QG-A5Z2-01Z-00-DX2,0,2.7140723e-05,0
non-tumour/TCGA-QG-A5Z2-01Z-00-DX2_21504_15360.jpg,TCGA-QG-A5Z2,TCGA-QG-A5Z2-01Z-00-DX2,0,0.00030862863,0
non-tumour/TCGA-QG-A5Z2-01Z-00-DX2_21504_16384.jpg,TCGA-QG-A5Z2,TCGA-QG-A5Z2-01Z-00-DX2,0,0.02262046,0
non-tumour/TCGA-QG-A5Z2-01Z-00-DX2_21504_16896.jpg,TCGA-QG-A5Z2,TCGA-QG-A5Z2-01Z-00-DX2,0,0.0026211268,0
non-tumour/TCGA-QG-A5Z2-01Z-00-DX2_21504_17408.jpg,TCGA-QG-A5Z2,TCGA-QG-A5Z2-01Z-00-DX2,0,0.0010766597,0
non-tumour/TCGA-QG-A5Z2-01Z-00-DX2_21504_18432.jpg,TCGA-QG-A5Z2,TCGA-QG-A5Z2-01Z-00-DX2,0,0.00017692168,0
non-tumour/TCGA-QG-A5Z2-01Z-00-DX2_21504_19968.jpg,TCGA-QG-A5Z2,TCGA-QG-A5Z2-01Z-00-DX2,0,0.00032384097,0
non-tumour/TCGA-QG-A5Z2-01Z-00-DX2_21504_22016.jpg,TCGA-QG-A5Z2,TCGA-QG-A5Z2-01Z-00-DX2,0,4.554571e-06,0
non-tumour/TCGA-QG-A5Z2-01Z-00-DX2_21504_23552.jpg,TCGA-QG-A5Z2,TCGA-QG-A5Z2-01Z-00-DX2,0,0.006211292,0
non-tumour/TCGA-QG-A5Z2-01Z-00-DX2_21504_24064.jpg,TCGA-QG-A5Z2,TCGA-QG-A5Z2-01Z-00-DX2,0,0.008698933,0
non-tumour/TCGA-QG-A5Z2-01Z-00-DX2_21504_25600.jpg,TCGA-QG-A5Z2,TCGA-QG-A5Z2-01Z-00-DX2,0,0.0008235045,0
non-tumour/TCGA-QG-A5Z2-01Z-00-DX2_21504_26112.jpg,TCGA-QG-A5Z2,TCGA-QG-A5Z2-01Z-00-DX2,0,0.0013323379,0
non-tumour/TCGA-QG-A5Z2-01Z-00-DX2_21504_26624.jpg,TCGA-QG-A5Z2,TCGA-QG-A5Z2-01Z-00-DX2,0,0.021988533,0
non-tumour/TCGA-QG-A5Z2-01Z-00-DX2_21504_27136.jpg,TCGA-QG-A5Z2,TCGA-QG-A5Z2-01Z-00-DX2,0,0.0019836181,0
non-tumour/TCGA-QG-A5Z2-01Z-00-DX2_21504_28160.jpg,TCGA-QG-A5Z2,TCGA-QG-A5Z2-01Z-00-DX2,0,0.0001771901,0
non-tumour/TCGA-QG-A5Z2-01Z-00-DX2_21504_28672.jpg,TCGA-QG-A5Z2,TCGA-QG-A5Z2-01Z-00-DX2,0,2.9092153e-05,0
non-tumour/TCGA-QG-A5Z2-01Z-00-DX2_21504_30208.jpg,TCGA-QG-A5Z2,TCGA-QG-A5Z2-01Z-00-DX2,0,0.050326005,0
non-tumour/TCGA-QG-A5Z2-01Z-00-DX2_21504_32256.jpg,TCGA-QG-A5Z2,TCGA-QG-A5Z2-01Z-00-DX2,0,0.87867147,1
non-tumour/TCGA-QG-A5Z2-01Z-00-DX2_21504_33792.jpg,TCGA-QG-A5Z2,TCGA-QG-A5Z2-01Z-00-DX2,0,0.58949894,1
non-tumour/TCGA-QG-A5Z2-01Z-00-DX2_21504_34304.jpg,TCGA-QG-A5Z2,TCGA-QG-A5Z2-01Z-00-DX2,0,0.39663845,0
non-tumour/TCGA-QG-A5Z2-01Z-00-DX2_21504_34816.jpg,TCGA-QG-A5Z2,TCGA-QG-A5Z2-01Z-00-DX2,0,0.92527837,1
non-tumour/TCGA-QG-A5Z2-01Z-00-DX2_21504_35328.jpg,TCGA-QG-A5Z2,TCGA-QG-A5Z2-01Z-00-DX2,0,0.5191809,1
non-tumour/TCGA-QG-A5Z2-01Z-00-DX2_22016_11264.jpg,TCGA-QG-A5Z2,TCGA-QG-A5Z2-01Z-00-DX2,0,2.8284662e-06,0
non-tumour/TCGA-QG-A5Z2-01Z-00-DX2_22016_12288.jpg,TCGA-QG-A5Z2,TCGA-QG-A5Z2-01Z-00-DX2,0,4.677182e-07,0
non-tumour/TCGA-QG-A5Z2-01Z-00-DX2_22016_12800.jpg,TCGA-QG-A5Z2,TCGA-QG-A5Z2-01Z-00-DX2,0,7.240807e-06,0
non-tumour/TCGA-QG-A5Z2-01Z-00-DX2_22016_13312.jpg,TCGA-QG-A5Z2,TCGA-QG-A5Z2-01Z-00-DX2,0,9.765349e-07,0
non-tumour/TCGA-QG-A5Z2-01Z-00-DX2_22016_13824.jpg,TCGA-QG-A5Z2,TCGA-QG-A5Z2-01Z-00-DX2,0,1.196691e-06,0
non-tumour/TCGA-QG-A5Z2-01Z-00-DX2_22016_14848.jpg,TCGA-QG-A5Z2,TCGA-QG-A5Z2-01Z-00-DX2,0,4.628024e-05,0
non-tumour/TCGA-QG-A5Z2-01Z-00-DX2_22016_15360.jpg,TCGA-QG-A5Z2,TCGA-QG-A5Z2-01Z-00-DX2,0,2.3780027e-05,0
non-tumour/TCGA-QG-A5Z2-01Z-00-DX2_22016_16384.jpg,TCGA-QG-A5Z2,TCGA-QG-A5Z2-01Z-00-DX2,0,0.004750017,0
non-tumour/TCGA-QG-A5Z2-01Z-00-DX2_22016_17920.jpg,TCGA-QG-A5Z2,TCGA-QG-A5Z2-01Z-00-DX2,0,0.000402453,0
non-tumour/TCGA-QG-A5Z2-01Z-00-DX2_22016_18944.jpg,TCGA-QG-A5Z2,TCGA-QG-A5Z2-01Z-00-DX2,0,2.8078875e-05,0
non-tumour/TCGA-QG-A5Z2-01Z-00-DX2_22016_19456.jpg,TCGA-QG-A5Z2,TCGA-QG-A5Z2-01Z-00-DX2,0,1.8226481e-05,0
non-tumour/TCGA-QG-A5Z2-01Z-00-DX2_22016_21504.jpg,TCGA-QG-A5Z2,TCGA-QG-A5Z2-01Z-00-DX2,0,0.00019166179,0
non-tumour/TCGA-QG-A5Z2-01Z-00-DX2_22016_22016.jpg,TCGA-QG-A5Z2,TCGA-QG-A5Z2-01Z-00-DX2,0,5.477195e-06,0
non-tumour/TCGA-QG-A5Z2-01Z-00-DX2_22016_22528.jpg,TCGA-QG-A5Z2,TCGA-QG-A5Z2-01Z-00-DX2,0,7.040993e-06,0
non-tumour/TCGA-QG-A5Z2-01Z-00-DX2_22016_24064.jpg,TCGA-QG-A5Z2,TCGA-QG-A5Z2-01Z-00-DX2,0,0.076016866,0
non-tumour/TCGA-QG-A5Z2-01Z-00-DX2_22016_25088.jpg,TCGA-QG-A5Z2,TCGA-QG-A5Z2-01Z-00-DX2,0,0.017783854,0
non-tumour/TCGA-QG-A5Z2-01Z-00-DX2_22016_25600.jpg,TCGA-QG-A5Z2,TCGA-QG-A5Z2-01Z-00-DX2,0,0.0009530886,0
non-tumour/TCGA-QG-A5Z2-01Z-00-DX2_22016_26112.jpg,TCGA-QG-A5Z2,TCGA-QG-A5Z2-01Z-00-DX2,0,0.16717133,0
non-tumour/TCGA-QG-A5Z2-01Z-00-DX2_22016_26624.jpg,TCGA-QG-A5Z2,TCGA-QG-A5Z2-01Z-00-DX2,0,0.0019302379,0
non-tumour/TCGA-QG-A5Z2-01Z-00-DX2_22016_28160.jpg,TCGA-QG-A5Z2,TCGA-QG-A5Z2-01Z-00-DX2,0,9.750891e-06,0
non-tumour/TCGA-QG-A5Z2-01Z-00-DX2_22016_28672.jpg,TCGA-QG-A5Z2,TCGA-QG-A5Z2-01Z-00-DX2,0,0.00019547982,0
non-tumour/TCGA-QG-A5Z2-01Z-00-DX2_22016_29696.jpg,TCGA-QG-A5Z2,TCGA-QG-A5Z2-01Z-00-DX2,0,0.002165598,0
non-tumour/TCGA-QG-A5Z2-01Z-00-DX2_22016_30208.jpg,TCGA-QG-A5Z2,TCGA-QG-A5Z2-01Z-00-DX2,0,0.002383348,0
non-tumour/TCGA-QG-A5Z2-01Z-00-DX2_22016_31744.jpg,TCGA-QG-A5Z2,TCGA-QG-A5Z2-01Z-00-DX2,0,0.29451224,0
non-tumour/TCGA-QG-A5Z2-01Z-00-DX2_22016_32256.jpg,TCGA-QG-A5Z2,TCGA-QG-A5Z2-01Z-00-DX2,0,0.79313153,1
non-tumour/TCGA-QG-A5Z2-01Z-00-DX2_22016_33280.jpg,TCGA-QG-A5Z2,TCGA-QG-A5Z2-01Z-00-DX2,0,0.32258773,0
non-tumour/TCGA-QG-A5Z2-01Z-00-DX2_22016_33792.jpg,TCGA-QG-A5Z2,TCGA-QG-A5Z2-01Z-00-DX2,0,0.09312101,0
non-tumour/TCGA-QG-A5Z2-01Z-00-DX2_22016_34816.jpg,TCGA-QG-A5Z2,TCGA-QG-A5Z2-01Z-00-DX2,0,0.04063596,0
non-tumour/TCGA-QG-A5Z2-01Z-00-DX2_22016_35328.jpg,TCGA-QG-A5Z2,TCGA-QG-A5Z2-01Z-00-DX2,0,0.2033398,0
non-tumour/TCGA-QG-A5Z2-01Z-00-DX2_22016_35840.jpg,TCGA-QG-A5Z2,TCGA-QG-A5Z2-01Z-00-DX2,0,0.7064428,1
non-tumour/TCGA-QG-A5Z2-01Z-00-DX2_22528_10240.jpg,TCGA-QG-A5Z2,TCGA-QG-A5Z2-01Z-00-DX2,0,3.0145842e-05,0
non-tumour/TCGA-QG-A5Z2-01Z-00-DX2_22528_10752.jpg,TCGA-QG-A5Z2,TCGA-QG-A5Z2-01Z-00-DX2,0,9.149749e-05,0
non-tumour/TCGA-QG-A5Z2-01Z-00-DX2_22528_12800.jpg,TCGA-QG-A5Z2,TCGA-QG-A5Z2-01Z-00-DX2,0,1.0215996e-05,0
non-tumour/TCGA-QG-A5Z2-01Z-00-DX2_22528_13312.jpg,TCGA-QG-A5Z2,TCGA-QG-A5Z2-01Z-00-DX2,0,3.0678646e-06,0
non-tumour/TCGA-QG-A5Z2-01Z-00-DX2_22528_13824.jpg,TCGA-QG-A5Z2,TCGA-QG-A5Z2-01Z-00-DX2,0,0.0006002431,0
non-tumour/TCGA-QG-A5Z2-01Z-00-DX2_22528_14336.jpg,TCGA-QG-A5Z2,TCGA-QG-A5Z2-01Z-00-DX2,0,6.614799e-07,0
non-tumour/TCGA-QG-A5Z2-01Z-00-DX2_22528_15360.jpg,TCGA-QG-A5Z2,TCGA-QG-A5Z2-01Z-00-DX2,0,6.825447e-05,0
non-tumour/TCGA-QG-A5Z2-01Z-00-DX2_22528_15872.jpg,TCGA-QG-A5Z2,TCGA-QG-A5Z2-01Z-00-DX2,0,8.881891e-05,0
non-tumour/TCGA-QG-A5Z2-01Z-00-DX2_22528_16384.jpg,TCGA-QG-A5Z2,TCGA-QG-A5Z2-01Z-00-DX2,0,0.0005620361,0
non-tumour/TCGA-QG-A5Z2-01Z-00-DX2_22528_17408.jpg,TCGA-QG-A5Z2,TCGA-QG-A5Z2-01Z-00-DX2,0,0.003346663,0
non-tumour/TCGA-QG-A5Z2-01Z-00-DX2_22528_17920.jpg,TCGA-QG-A5Z2,TCGA-QG-A5Z2-01Z-00-DX2,0,0.0012059693,0
non-tumour/TCGA-QG-A5Z2-01Z-00-DX2_22528_20480.jpg,TCGA-QG-A5Z2,TCGA-QG-A5Z2-01Z-00-DX2,0,0.0027076385,0
non-tumour/TCGA-QG-A5Z2-01Z-00-DX2_22528_20992.jpg,TCGA-QG-A5Z2,TCGA-QG-A5Z2-01Z-00-DX2,0,0.00022032173,0
non-tumour/TCGA-QG-A5Z2-01Z-00-DX2_22528_22016.jpg,TCGA-QG-A5Z2,TCGA-QG-A5Z2-01Z-00-DX2,0,0.00015656558,0
non-tumour/TCGA-QG-A5Z2-01Z-00-DX2_22528_22528.jpg,TCGA-QG-A5Z2,TCGA-QG-A5Z2-01Z-00-DX2,0,1.770254e-06,0
non-tumour/TCGA-QG-A5Z2-01Z-00-DX2_22528_23040.jpg,TCGA-QG-A5Z2,TCGA-QG-A5Z2-01Z-00-DX2,0,0.013340133,0
non-tumour/TCGA-QG-A5Z2-01Z-00-DX2_22528_24064.jpg,TCGA-QG-A5Z2,TCGA-QG-A5Z2-01Z-00-DX2,0,0.0037669742,0
non-tumour/TCGA-QG-A5Z2-01Z-00-DX2_22528_24576.jpg,TCGA-QG-A5Z2,TCGA-QG-A5Z2-01Z-00-DX2,0,0.008218857,0
non-tumour/TCGA-QG-A5Z2-01Z-00-DX2_22528_26112.jpg,TCGA-QG-A5Z2,TCGA-QG-A5Z2-01Z-00-DX2,0,0.0150643615,0
non-tumour/TCGA-QG-A5Z2-01Z-00-DX2_22528_26624.jpg,TCGA-QG-A5Z2,TCGA-QG-A5Z2-01Z-00-DX2,0,0.0013432942,0
non-tumour/TCGA-QG-A5Z2-01Z-00-DX2_22528_27648.jpg,TCGA-QG-A5Z2,TCGA-QG-A5Z2-01Z-00-DX2,0,6.0590584e-05,0
non-tumour/TCGA-QG-A5Z2-01Z-00-DX2_22528_28160.jpg,TCGA-QG-A5Z2,TCGA-QG-A5Z2-01Z-00-DX2,0,9.758197e-05,0
non-tumour/TCGA-QG-A5Z2-01Z-00-DX2_22528_28672.jpg,TCGA-QG-A5Z2,TCGA-QG-A5Z2-01Z-00-DX2,0,0.00020650712,0
non-tumour/TCGA-QG-A5Z2-01Z-00-DX2_22528_29184.jpg,TCGA-QG-A5Z2,TCGA-QG-A5Z2-01Z-00-DX2,0,0.0036465742,0
non-tumour/TCGA-QG-A5Z2-01Z-00-DX2_22528_29696.jpg,TCGA-QG-A5Z2,TCGA-QG-A5Z2-01Z-00-DX2,0,0.027146865,0
non-tumour/TCGA-QG-A5Z2-01Z-00-DX2_22528_32256.jpg,TCGA-QG-A5Z2,TCGA-QG-A5Z2-01Z-00-DX2,0,0.9412634,1
non-tumour/TCGA-QG-A5Z2-01Z-00-DX2_22528_32768.jpg,TCGA-QG-A5Z2,TCGA-QG-A5Z2-01Z-00-DX2,0,0.83699954,1
non-tumour/TCGA-QG-A5Z2-01Z-00-DX2_22528_33280.jpg,TCGA-QG-A5Z2,TCGA-QG-A5Z2-01Z-00-DX2,0,0.0066890446,0
non-tumour/TCGA-QG-A5Z2-01Z-00-DX2_22528_35328.jpg,TCGA-QG-A5Z2,TCGA-QG-A5Z2-01Z-00-DX2,0,0.98915803,1
non-tumour/TCGA-QG-A5Z2-01Z-00-DX2_23040_11264.jpg,TCGA-QG-A5Z2,TCGA-QG-A5Z2-01Z-00-DX2,0,3.0819712e-05,0
non-tumour/TCGA-QG-A5Z2-01Z-00-DX2_23040_12800.jpg,TCGA-QG-A5Z2,TCGA-QG-A5Z2-01Z-00-DX2,0,7.954289e-05,0
non-tumour/TCGA-QG-A5Z2-01Z-00-DX2_23040_13824.jpg,TCGA-QG-A5Z2,TCGA-QG-A5Z2-01Z-00-DX2,0,3.8943817e-06,0
non-tumour/TCGA-QG-A5Z2-01Z-00-DX2_23040_14336.jpg,TCGA-QG-A5Z2,TCGA-QG-A5Z2-01Z-00-DX2,0,6.696336e-06,0
non-tumour/TCGA-QG-A5Z2-01Z-00-DX2_23040_14848.jpg,TCGA-QG-A5Z2,TCGA-QG-A5Z2-01Z-00-DX2,0,0.00016683944,0
non-tumour/TCGA-QG-A5Z2-01Z-00-DX2_23040_15360.jpg,TCGA-QG-A5Z2,TCGA-QG-A5Z2-01Z-00-DX2,0,6.8180765e-05,0
non-tumour/TCGA-QG-A5Z2-01Z-00-DX2_23040_15872.jpg,TCGA-QG-A5Z2,TCGA-QG-A5Z2-01Z-00-DX2,0,0.0004512885,0
non-tumour/TCGA-QG-A5Z2-01Z-00-DX2_23040_17408.jpg,TCGA-QG-A5Z2,TCGA-QG-A5Z2-01Z-00-DX2,0,0.01577572,0
non-tumour/TCGA-QG-A5Z2-01Z-00-DX2_23040_18944.jpg,TCGA-QG-A5Z2,TCGA-QG-A5Z2-01Z-00-DX2,0,0.00018285937,0
non-tumour/TCGA-QG-A5Z2-01Z-00-DX2_23040_19968.jpg,TCGA-QG-A5Z2,TCGA-QG-A5Z2-01Z-00-DX2,0,7.970948e-05,0
non-tumour/TCGA-QG-A5Z2-01Z-00-DX2_23040_20480.jpg,TCGA-QG-A5Z2,TCGA-QG-A5Z2-01Z-00-DX2,0,0.000601918,0
non-tumour/TCGA-QG-A5Z2-01Z-00-DX2_23040_22016.jpg,TCGA-QG-A5Z2,TCGA-QG-A5Z2-01Z-00-DX2,0,0.0006424684,0
non-tumour/TCGA-QG-A5Z2-01Z-00-DX2_23040_22528.jpg,TCGA-QG-A5Z2,TCGA-QG-A5Z2-01Z-00-DX2,0,0.0018511076,0
non-tumour/TCGA-QG-A5Z2-01Z-00-DX2_23040_24576.jpg,TCGA-QG-A5Z2,TCGA-QG-A5Z2-01Z-00-DX2,0,0.004069863,0
non-tumour/TCGA-QG-A5Z2-01Z-00-DX2_23040_25088.jpg,TCGA-QG-A5Z2,TCGA-QG-A5Z2-01Z-00-DX2,0,0.26974455,0
non-tumour/TCGA-QG-A5Z2-01Z-00-DX2_23040_26624.jpg,TCGA-QG-A5Z2,TCGA-QG-A5Z2-01Z-00-DX2,0,6.116743e-06,0
non-tumour/TCGA-QG-A5Z2-01Z-00-DX2_23040_27136.jpg,TCGA-QG-A5Z2,TCGA-QG-A5Z2-01Z-00-DX2,0,1.0411258e-05,0
non-tumour/TCGA-QG-A5Z2-01Z-00-DX2_23040_27648.jpg,TCGA-QG-A5Z2,TCGA-QG-A5Z2-01Z-00-DX2,0,0.00015372824,0
non-tumour/TCGA-QG-A5Z2-01Z-00-DX2_23040_28672.jpg,TCGA-QG-A5Z2,TCGA-QG-A5Z2-01Z-00-DX2,0,0.0033649586,0
non-tumour/TCGA-QG-A5Z2-01Z-00-DX2_23040_29184.jpg,TCGA-QG-A5Z2,TCGA-QG-A5Z2-01Z-00-DX2,0,0.0014257092,0
non-tumour/TCGA-QG-A5Z2-01Z-00-DX2_23040_32256.jpg,TCGA-QG-A5Z2,TCGA-QG-A5Z2-01Z-00-DX2,0,0.55862904,1
non-tumour/TCGA-QG-A5Z2-01Z-00-DX2_23040_32768.jpg,TCGA-QG-A5Z2,TCGA-QG-A5Z2-01Z-00-DX2,0,0.6724993,1
non-tumour/TCGA-QG-A5Z2-01Z-00-DX2_23040_33792.jpg,TCGA-QG-A5Z2,TCGA-QG-A5Z2-01Z-00-DX2,0,0.13983838,0
non-tumour/TCGA-QG-A5Z2-01Z-00-DX2_23040_34304.jpg,TCGA-QG-A5Z2,TCGA-QG-A5Z2-01Z-00-DX2,0,0.39992356,0
non-tumour/TCGA-QG-A5Z2-01Z-00-DX2_23040_7168.jpg,TCGA-QG-A5Z2,TCGA-QG-A5Z2-01Z-00-DX2,0,0.9849995,1
non-tumour/TCGA-QG-A5Z2-01Z-00-DX2_23040_7680.jpg,TCGA-QG-A5Z2,TCGA-QG-A5Z2-01Z-00-DX2,0,0.2799,0
non-tumour/TCGA-QG-A5Z2-01Z-00-DX2_23552_11264.jpg,TCGA-QG-A5Z2,TCGA-QG-A5Z2-01Z-00-DX2,0,4.821608e-05,0
non-tumour/TCGA-QG-A5Z2-01Z-00-DX2_23552_13312.jpg,TCGA-QG-A5Z2,TCGA-QG-A5Z2-01Z-00-DX2,0,2.3969686e-05,0
non-tumour/TCGA-QG-A5Z2-01Z-00-DX2_23552_14848.jpg,TCGA-QG-A5Z2,TCGA-QG-A5Z2-01Z-00-DX2,0,5.0927938e-05,0
non-tumour/TCGA-QG-A5Z2-01Z-00-DX2_23552_15360.jpg,TCGA-QG-A5Z2,TCGA-QG-A5Z2-01Z-00-DX2,0,1.623232e-05,0
non-tumour/TCGA-QG-A5Z2-01Z-00-DX2_23552_15872.jpg,TCGA-QG-A5Z2,TCGA-QG-A5Z2-01Z-00-DX2,0,6.969748e-05,0
non-tumour/TCGA-QG-A5Z2-01Z-00-DX2_23552_17408.jpg,TCGA-QG-A5Z2,TCGA-QG-A5Z2-01Z-00-DX2,0,0.00025561132,0
non-tumour/TCGA-QG-A5Z2-01Z-00-DX2_23552_18432.jpg,TCGA-QG-A5Z2,TCGA-QG-A5Z2-01Z-00-DX2,0,1.8617038e-05,0
non-tumour/TCGA-QG-A5Z2-01Z-00-DX2_23552_19456.jpg,TCGA-QG-A5Z2,TCGA-QG-A5Z2-01Z-00-DX2,0,0.0001442321,0
non-tumour/TCGA-QG-A5Z2-01Z-00-DX2_23552_23040.jpg,TCGA-QG-A5Z2,TCGA-QG-A5Z2-01Z-00-DX2,0,0.0012110895,0
non-tumour/TCGA-QG-A5Z2-01Z-00-DX2_23552_24064.jpg,TCGA-QG-A5Z2,TCGA-QG-A5Z2-01Z-00-DX2,0,0.0011036752,0
non-tumour/TCGA-QG-A5Z2-01Z-00-DX2_23552_25600.jpg,TCGA-QG-A5Z2,TCGA-QG-A5Z2-01Z-00-DX2,0,0.0035340202,0
non-tumour/TCGA-QG-A5Z2-01Z-00-DX2_23552_26112.jpg,TCGA-QG-A5Z2,TCGA-QG-A5Z2-01Z-00-DX2,0,2.320876e-05,0
non-tumour/TCGA-QG-A5Z2-01Z-00-DX2_23552_26624.jpg,TCGA-QG-A5Z2,TCGA-QG-A5Z2-01Z-00-DX2,0,6.6449793e-06,0
non-tumour/TCGA-QG-A5Z2-01Z-00-DX2_23552_29184.jpg,TCGA-QG-A5Z2,TCGA-QG-A5Z2-01Z-00-DX2,0,0.00049934676,0
non-tumour/TCGA-QG-A5Z2-01Z-00-DX2_23552_29696.jpg,TCGA-QG-A5Z2,TCGA-QG-A5Z2-01Z-00-DX2,0,0.0003600645,0
non-tumour/TCGA-QG-A5Z2-01Z-00-DX2_23552_32256.jpg,TCGA-QG-A5Z2,TCGA-QG-A5Z2-01Z-00-DX2,0,0.28346515,0
non-tumour/TCGA-QG-A5Z2-01Z-00-DX2_23552_32768.jpg,TCGA-QG-A5Z2,TCGA-QG-A5Z2-01Z-00-DX2,0,0.8477961,1
non-tumour/TCGA-QG-A5Z2-01Z-00-DX2_23552_6656.jpg,TCGA-QG-A5Z2,TCGA-QG-A5Z2-01Z-00-DX2,0,0.040724684,0
non-tumour/TCGA-QG-A5Z2-01Z-00-DX2_23552_7168.jpg,TCGA-QG-A5Z2,TCGA-QG-A5Z2-01Z-00-DX2,0,0.7716403,1
non-tumour/TCGA-QG-A5Z2-01Z-00-DX2_23552_8192.jpg,TCGA-QG-A5Z2,TCGA-QG-A5Z2-01Z-00-DX2,0,0.004088534,0
non-tumour/TCGA-QG-A5Z2-01Z-00-DX2_23552_9216.jpg,TCGA-QG-A5Z2,TCGA-QG-A5Z2-01Z-00-DX2,0,0.67941713,1
non-tumour/TCGA-QG-A5Z2-01Z-00-DX2_24064_11264.jpg,TCGA-QG-A5Z2,TCGA-QG-A5Z2-01Z-00-DX2,0,0.20946582,0
non-tumour/TCGA-QG-A5Z2-01Z-00-DX2_24064_12800.jpg,TCGA-QG-A5Z2,TCGA-QG-A5Z2-01Z-00-DX2,0,1.1733109e-06,0
non-tumour/TCGA-QG-A5Z2-01Z-00-DX2_24064_13312.jpg,TCGA-QG-A5Z2,TCGA-QG-A5Z2-01Z-00-DX2,0,7.709553e-06,0
non-tumour/TCGA-QG-A5Z2-01Z-00-DX2_24064_13824.jpg,TCGA-QG-A5Z2,TCGA-QG-A5Z2-01Z-00-DX2,0,9.1600405e-06,0
non-tumour/TCGA-QG-A5Z2-01Z-00-DX2_24064_14336.jpg,TCGA-QG-A5Z2,TCGA-QG-A5Z2-01Z-00-DX2,0,2.4546194e-05,0
non-tumour/TCGA-QG-A5Z2-01Z-00-DX2_24064_14848.jpg,TCGA-QG-A5Z2,TCGA-QG-A5Z2-01Z-00-DX2,0,6.840943e-06,0
non-tumour/TCGA-QG-A5Z2-01Z-00-DX2_24064_15872.jpg,TCGA-QG-A5Z2,TCGA-QG-A5Z2-01Z-00-DX2,0,0.00015849831,0
non-tumour/TCGA-QG-A5Z2-01Z-00-DX2_24064_17408.jpg,TCGA-QG-A5Z2,TCGA-QG-A5Z2-01Z-00-DX2,0,0.006646239,0
non-tumour/TCGA-QG-A5Z2-01Z-00-DX2_24064_19456.jpg,TCGA-QG-A5Z2,TCGA-QG-A5Z2-01Z-00-DX2,0,2.8867826e-05,0
non-tumour/TCGA-QG-A5Z2-01Z-00-DX2_24064_19968.jpg,TCGA-QG-A5Z2,TCGA-QG-A5Z2-01Z-00-DX2,0,0.00033725987,0
non-tumour/TCGA-QG-A5Z2-01Z-00-DX2_24064_20992.jpg,TCGA-QG-A5Z2,TCGA-QG-A5Z2-01Z-00-DX2,0,7.051274e-05,0
non-tumour/TCGA-QG-A5Z2-01Z-00-DX2_24064_21504.jpg,TCGA-QG-A5Z2,TCGA-QG-A5Z2-01Z-00-DX2,0,6.854447e-05,0
non-tumour/TCGA-QG-A5Z2-01Z-00-DX2_24064_22016.jpg,TCGA-QG-A5Z2,TCGA-QG-A5Z2-01Z-00-DX2,0,0.00024168286,0
non-tumour/TCGA-QG-A5Z2-01Z-00-DX2_24064_24576.jpg,TCGA-QG-A5Z2,TCGA-QG-A5Z2-01Z-00-DX2,0,0.008402343,0
non-tumour/TCGA-QG-A5Z2-01Z-00-DX2_24064_25600.jpg,TCGA-QG-A5Z2,TCGA-QG-A5Z2-01Z-00-DX2,0,0.00020369812,0
non-tumour/TCGA-QG-A5Z2-01Z-00-DX2_24064_26112.jpg,TCGA-QG-A5Z2,TCGA-QG-A5Z2-01Z-00-DX2,0,2.340589e-05,0
non-tumour/TCGA-QG-A5Z2-01Z-00-DX2_24064_6144.jpg,TCGA-QG-A5Z2,TCGA-QG-A5Z2-01Z-00-DX2,0,0.99940586,1
non-tumour/TCGA-QG-A5Z2-01Z-00-DX2_24064_7168.jpg,TCGA-QG-A5Z2,TCGA-QG-A5Z2-01Z-00-DX2,0,0.03558509,0
non-tumour/TCGA-QG-A5Z2-01Z-00-DX2_24064_7680.jpg,TCGA-QG-A5Z2,TCGA-QG-A5Z2-01Z-00-DX2,0,0.0032637073,0
non-tumour/TCGA-QG-A5Z2-01Z-00-DX2_24064_8704.jpg,TCGA-QG-A5Z2,TCGA-QG-A5Z2-01Z-00-DX2,0,0.21827285,0
non-tumour/TCGA-QG-A5Z2-01Z-00-DX2_24064_9216.jpg,TCGA-QG-A5Z2,TCGA-QG-A5Z2-01Z-00-DX2,0,0.25833464,0
non-tumour/TCGA-QG-A5Z2-01Z-00-DX2_24064_9728.jpg,TCGA-QG-A5Z2,TCGA-QG-A5Z2-01Z-00-DX2,0,0.4782453,0
non-tumour/TCGA-QG-A5Z2-01Z-00-DX2_24576_10240.jpg,TCGA-QG-A5Z2,TCGA-QG-A5Z2-01Z-00-DX2,0,0.1795342,0
non-tumour/TCGA-QG-A5Z2-01Z-00-DX2_24576_11264.jpg,TCGA-QG-A5Z2,TCGA-QG-A5Z2-01Z-00-DX2,0,0.0002544015,0
non-tumour/TCGA-QG-A5Z2-01Z-00-DX2_24576_12288.jpg,TCGA-QG-A5Z2,TCGA-QG-A5Z2-01Z-00-DX2,0,2.4250102e-07,0
non-tumour/TCGA-QG-A5Z2-01Z-00-DX2_24576_12800.jpg,TCGA-QG-A5Z2,TCGA-QG-A5Z2-01Z-00-DX2,0,1.3587442e-06,0
non-tumour/TCGA-QG-A5Z2-01Z-00-DX2_24576_13312.jpg,TCGA-QG-A5Z2,TCGA-QG-A5Z2-01Z-00-DX2,0,7.952939e-05,0
non-tumour/TCGA-QG-A5Z2-01Z-00-DX2_24576_13824.jpg,TCGA-QG-A5Z2,TCGA-QG-A5Z2-01Z-00-DX2,0,0.0001229689,0
non-tumour/TCGA-QG-A5Z2-01Z-00-DX2_24576_16384.jpg,TCGA-QG-A5Z2,TCGA-QG-A5Z2-01Z-00-DX2,0,0.0015237812,0
non-tumour/TCGA-QG-A5Z2-01Z-00-DX2_24576_17408.jpg,TCGA-QG-A5Z2,TCGA-QG-A5Z2-01Z-00-DX2,0,3.9979805e-05,0
non-tumour/TCGA-QG-A5Z2-01Z-00-DX2_24576_18944.jpg,TCGA-QG-A5Z2,TCGA-QG-A5Z2-01Z-00-DX2,0,3.5067736e-05,0
non-tumour/TCGA-QG-A5Z2-01Z-00-DX2_24576_19456.jpg,TCGA-QG-A5Z2,TCGA-QG-A5Z2-01Z-00-DX2,0,3.7093203e-05,0
non-tumour/TCGA-QG-A5Z2-01Z-00-DX2_24576_21504.jpg,TCGA-QG-A5Z2,TCGA-QG-A5Z2-01Z-00-DX2,0,1.4828466e-05,0
non-tumour/TCGA-QG-A5Z2-01Z-00-DX2_24576_22016.jpg,TCGA-QG-A5Z2,TCGA-QG-A5Z2-01Z-00-DX2,0,0.0006495239,0
non-tumour/TCGA-QG-A5Z2-01Z-00-DX2_24576_22528.jpg,TCGA-QG-A5Z2,TCGA-QG-A5Z2-01Z-00-DX2,0,0.28641316,0
non-tumour/TCGA-QG-A5Z2-01Z-00-DX2_24576_23552.jpg,TCGA-QG-A5Z2,TCGA-QG-A5Z2-01Z-00-DX2,0,0.05921641,0
non-tumour/TCGA-QG-A5Z2-01Z-00-DX2_24576_25088.jpg,TCGA-QG-A5Z2,TCGA-QG-A5Z2-01Z-00-DX2,0,3.3982808e-06,0
non-tumour/TCGA-QG-A5Z2-01Z-00-DX2_24576_25600.jpg,TCGA-QG-A5Z2,TCGA-QG-A5Z2-01Z-00-DX2,0,0.00078200863,0
non-tumour/TCGA-QG-A5Z2-01Z-00-DX2_24576_26624.jpg,TCGA-QG-A5Z2,TCGA-QG-A5Z2-01Z-00-DX2,0,6.6796447e-06,0
non-tumour/TCGA-QG-A5Z2-01Z-00-DX2_24576_28672.jpg,TCGA-QG-A5Z2,TCGA-QG-A5Z2-01Z-00-DX2,0,4.4494198e-05,0
non-tumour/TCGA-QG-A5Z2-01Z-00-DX2_24576_29696.jpg,TCGA-QG-A5Z2,TCGA-QG-A5Z2-01Z-00-DX2,0,5.3515767e-05,0
non-tumour/TCGA-QG-A5Z2-01Z-00-DX2_24576_30208.jpg,TCGA-QG-A5Z2,TCGA-QG-A5Z2-01Z-00-DX2,0,6.565867e-06,0
non-tumour/TCGA-QG-A5Z2-01Z-00-DX2_24576_32256.jpg,TCGA-QG-A5Z2,TCGA-QG-A5Z2-01Z-00-DX2,0,0.9014611,1
non-tumour/TCGA-QG-A5Z2-01Z-00-DX2_24576_32768.jpg,TCGA-QG-A5Z2,TCGA-QG-A5Z2-01Z-00-DX2,0,0.76708543,1
non-tumour/TCGA-QG-A5Z2-01Z-00-DX2_24576_6656.jpg,TCGA-QG-A5Z2,TCGA-QG-A5Z2-01Z-00-DX2,0,0.9699051,1
non-tumour/TCGA-QG-A5Z2-01Z-00-DX2_24576_7168.jpg,TCGA-QG-A5Z2,TCGA-QG-A5Z2-01Z-00-DX2,0,0.7092712,1
non-tumour/TCGA-QG-A5Z2-01Z-00-DX2_24576_7680.jpg,TCGA-QG-A5Z2,TCGA-QG-A5Z2-01Z-00-DX2,0,0.2714457,0
non-tumour/TCGA-QG-A5Z2-01Z-00-DX2_24576_8192.jpg,TCGA-QG-A5Z2,TCGA-QG-A5Z2-01Z-00-DX2,0,0.1236864,0
non-tumour/TCGA-QG-A5Z2-01Z-00-DX2_24576_9216.jpg,TCGA-QG-A5Z2,TCGA-QG-A5Z2-01Z-00-DX2,0,0.0040485943,0
non-tumour/TCGA-QG-A5Z2-01Z-00-DX2_24576_9728.jpg,TCGA-QG-A5Z2,TCGA-QG-A5Z2-01Z-00-DX2,0,0.20665371,0
non-tumour/TCGA-QG-A5Z2-01Z-00-DX2_25088_10240.jpg,TCGA-QG-A5Z2,TCGA-QG-A5Z2-01Z-00-DX2,0,0.8136554,1
non-tumour/TCGA-QG-A5Z2-01Z-00-DX2_25088_11776.jpg,TCGA-QG-A5Z2,TCGA-QG-A5Z2-01Z-00-DX2,0,0.0021950994,0
non-tumour/TCGA-QG-A5Z2-01Z-00-DX2_25088_13824.jpg,TCGA-QG-A5Z2,TCGA-QG-A5Z2-01Z-00-DX2,0,0.0029247997,0
non-tumour/TCGA-QG-A5Z2-01Z-00-DX2_25088_14336.jpg,TCGA-QG-A5Z2,TCGA-QG-A5Z2-01Z-00-DX2,0,1.2950736e-05,0
non-tumour/TCGA-QG-A5Z2-01Z-00-DX2_25088_15872.jpg,TCGA-QG-A5Z2,TCGA-QG-A5Z2-01Z-00-DX2,0,0.0023730937,0
non-tumour/TCGA-QG-A5Z2-01Z-00-DX2_25088_16384.jpg,TCGA-QG-A5Z2,TCGA-QG-A5Z2-01Z-00-DX2,0,0.00024150134,0
non-tumour/TCGA-QG-A5Z2-01Z-00-DX2_25088_16896.jpg,TCGA-QG-A5Z2,TCGA-QG-A5Z2-01Z-00-DX2,0,0.003954919,0
non-tumour/TCGA-QG-A5Z2-01Z-00-DX2_25088_17408.jpg,TCGA-QG-A5Z2,TCGA-QG-A5Z2-01Z-00-DX2,0,0.0014929511,0
non-tumour/TCGA-QG-A5Z2-01Z-00-DX2_25088_19968.jpg,TCGA-QG-A5Z2,TCGA-QG-A5Z2-01Z-00-DX2,0,1.3276791e-05,0
non-tumour/TCGA-QG-A5Z2-01Z-00-DX2_25088_20480.jpg,TCGA-QG-A5Z2,TCGA-QG-A5Z2-01Z-00-DX2,0,7.703995e-05,0
non-tumour/TCGA-QG-A5Z2-01Z-00-DX2_25088_22528.jpg,TCGA-QG-A5Z2,TCGA-QG-A5Z2-01Z-00-DX2,0,0.67552435,1
non-tumour/TCGA-QG-A5Z2-01Z-00-DX2_25088_23040.jpg,TCGA-QG-A5Z2,TCGA-QG-A5Z2-01Z-00-DX2,0,0.001770631,0
non-tumour/TCGA-QG-A5Z2-01Z-00-DX2_25088_24576.jpg,TCGA-QG-A5Z2,TCGA-QG-A5Z2-01Z-00-DX2,0,0.0034871786,0
non-tumour/TCGA-QG-A5Z2-01Z-00-DX2_25088_25088.jpg,TCGA-QG-A5Z2,TCGA-QG-A5Z2-01Z-00-DX2,0,9.582176e-05,0
non-tumour/TCGA-QG-A5Z2-01Z-00-DX2_25088_25600.jpg,TCGA-QG-A5Z2,TCGA-QG-A5Z2-01Z-00-DX2,0,8.216107e-05,0
non-tumour/TCGA-QG-A5Z2-01Z-00-DX2_25088_28672.jpg,TCGA-QG-A5Z2,TCGA-QG-A5Z2-01Z-00-DX2,0,6.261501e-05,0
non-tumour/TCGA-QG-A5Z2-01Z-00-DX2_25088_29696.jpg,TCGA-QG-A5Z2,TCGA-QG-A5Z2-01Z-00-DX2,0,2.1597336e-05,0
non-tumour/TCGA-QG-A5Z2-01Z-00-DX2_25088_31744.jpg,TCGA-QG-A5Z2,TCGA-QG-A5Z2-01Z-00-DX2,0,0.84420323,1
non-tumour/TCGA-QG-A5Z2-01Z-00-DX2_25088_32256.jpg,TCGA-QG-A5Z2,TCGA-QG-A5Z2-01Z-00-DX2,0,0.7971814,1
non-tumour/TCGA-QG-A5Z2-01Z-00-DX2_25088_33792.jpg,TCGA-QG-A5Z2,TCGA-QG-A5Z2-01Z-00-DX2,0,0.8900765,1
non-tumour/TCGA-QG-A5Z2-01Z-00-DX2_25088_6656.jpg,TCGA-QG-A5Z2,TCGA-QG-A5Z2-01Z-00-DX2,0,0.17565201,0
non-tumour/TCGA-QG-A5Z2-01Z-00-DX2_25088_7168.jpg,TCGA-QG-A5Z2,TCGA-QG-A5Z2-01Z-00-DX2,0,0.97579044,1
non-tumour/TCGA-QG-A5Z2-01Z-00-DX2_25088_8192.jpg,TCGA-QG-A5Z2,TCGA-QG-A5Z2-01Z-00-DX2,0,0.2020205,0
non-tumour/TCGA-QG-A5Z2-01Z-00-DX2_25088_9728.jpg,TCGA-QG-A5Z2,TCGA-QG-A5Z2-01Z-00-DX2,0,0.067611024,0
non-tumour/TCGA-QG-A5Z2-01Z-00-DX2_25600_12288.jpg,TCGA-QG-A5Z2,TCGA-QG-A5Z2-01Z-00-DX2,0,1.7307294e-06,0
non-tumour/TCGA-QG-A5Z2-01Z-00-DX2_25600_12800.jpg,TCGA-QG-A5Z2,TCGA-QG-A5Z2-01Z-00-DX2,0,9.653271e-05,0
non-tumour/TCGA-QG-A5Z2-01Z-00-DX2_25600_14336.jpg,TCGA-QG-A5Z2,TCGA-QG-A5Z2-01Z-00-DX2,0,0.00041734063,0
non-tumour/TCGA-QG-A5Z2-01Z-00-DX2_25600_16896.jpg,TCGA-QG-A5Z2,TCGA-QG-A5Z2-01Z-00-DX2,0,0.026267203,0
non-tumour/TCGA-QG-A5Z2-01Z-00-DX2_25600_18432.jpg,TCGA-QG-A5Z2,TCGA-QG-A5Z2-01Z-00-DX2,0,0.00026319415,0
non-tumour/TCGA-QG-A5Z2-01Z-00-DX2_25600_18944.jpg,TCGA-QG-A5Z2,TCGA-QG-A5Z2-01Z-00-DX2,0,4.5063075e-06,0
non-tumour/TCGA-QG-A5Z2-01Z-00-DX2_25600_19456.jpg,TCGA-QG-A5Z2,TCGA-QG-A5Z2-01Z-00-DX2,0,1.0129981e-05,0
non-tumour/TCGA-QG-A5Z2-01Z-00-DX2_25600_19968.jpg,TCGA-QG-A5Z2,TCGA-QG-A5Z2-01Z-00-DX2,0,0.010303037,0
non-tumour/TCGA-QG-A5Z2-01Z-00-DX2_25600_20480.jpg,TCGA-QG-A5Z2,TCGA-QG-A5Z2-01Z-00-DX2,0,0.0020519227,0
non-tumour/TCGA-QG-A5Z2-01Z-00-DX2_25600_22528.jpg,TCGA-QG-A5Z2,TCGA-QG-A5Z2-01Z-00-DX2,0,0.014239991,0
non-tumour/TCGA-QG-A5Z2-01Z-00-DX2_25600_24576.jpg,TCGA-QG-A5Z2,TCGA-QG-A5Z2-01Z-00-DX2,0,0.00020701259,0
non-tumour/TCGA-QG-A5Z2-01Z-00-DX2_25600_25600.jpg,TCGA-QG-A5Z2,TCGA-QG-A5Z2-01Z-00-DX2,0,5.0001905e-05,0
non-tumour/TCGA-QG-A5Z2-01Z-00-DX2_25600_26624.jpg,TCGA-QG-A5Z2,TCGA-QG-A5Z2-01Z-00-DX2,0,1.4323182e-05,0
non-tumour/TCGA-QG-A5Z2-01Z-00-DX2_25600_27648.jpg,TCGA-QG-A5Z2,TCGA-QG-A5Z2-01Z-00-DX2,0,0.00023560305,0
non-tumour/TCGA-QG-A5Z2-01Z-00-DX2_25600_28160.jpg,TCGA-QG-A5Z2,TCGA-QG-A5Z2-01Z-00-DX2,0,0.000273513,0
non-tumour/TCGA-QG-A5Z2-01Z-00-DX2_25600_28672.jpg,TCGA-QG-A5Z2,TCGA-QG-A5Z2-01Z-00-DX2,0,8.334704e-05,0
non-tumour/TCGA-QG-A5Z2-01Z-00-DX2_25600_29184.jpg,TCGA-QG-A5Z2,TCGA-QG-A5Z2-01Z-00-DX2,0,5.3731925e-05,0
non-tumour/TCGA-QG-A5Z2-01Z-00-DX2_25600_29696.jpg,TCGA-QG-A5Z2,TCGA-QG-A5Z2-01Z-00-DX2,0,0.0008111236,0
non-tumour/TCGA-QG-A5Z2-01Z-00-DX2_25600_30208.jpg,TCGA-QG-A5Z2,TCGA-QG-A5Z2-01Z-00-DX2,0,2.549724e-05,0
non-tumour/TCGA-QG-A5Z2-01Z-00-DX2_25600_32256.jpg,TCGA-QG-A5Z2,TCGA-QG-A5Z2-01Z-00-DX2,0,0.8914215,1
non-tumour/TCGA-QG-A5Z2-01Z-00-DX2_25600_33280.jpg,TCGA-QG-A5Z2,TCGA-QG-A5Z2-01Z-00-DX2,0,0.04930139,0
non-tumour/TCGA-QG-A5Z2-01Z-00-DX2_25600_33792.jpg,TCGA-QG-A5Z2,TCGA-QG-A5Z2-01Z-00-DX2,0,0.035930883,0
non-tumour/TCGA-QG-A5Z2-01Z-00-DX2_25600_7680.jpg,TCGA-QG-A5Z2,TCGA-QG-A5Z2-01Z-00-DX2,0,0.98615116,1
non-tumour/TCGA-QG-A5Z2-01Z-00-DX2_25600_9216.jpg,TCGA-QG-A5Z2,TCGA-QG-A5Z2-01Z-00-DX2,0,0.0018525973,0
non-tumour/TCGA-QG-A5Z2-01Z-00-DX2_25600_9728.jpg,TCGA-QG-A5Z2,TCGA-QG-A5Z2-01Z-00-DX2,0,0.026396697,0
non-tumour/TCGA-QG-A5Z2-01Z-00-DX2_26112_12800.jpg,TCGA-QG-A5Z2,TCGA-QG-A5Z2-01Z-00-DX2,0,8.580515e-06,0
non-tumour/TCGA-QG-A5Z2-01Z-00-DX2_26112_13312.jpg,TCGA-QG-A5Z2,TCGA-QG-A5Z2-01Z-00-DX2,0,7.165423e-05,0
non-tumour/TCGA-QG-A5Z2-01Z-00-DX2_26112_14336.jpg,TCGA-QG-A5Z2,TCGA-QG-A5Z2-01Z-00-DX2,0,0.00019108226,0
non-tumour/TCGA-QG-A5Z2-01Z-00-DX2_26112_15360.jpg,TCGA-QG-A5Z2,TCGA-QG-A5Z2-01Z-00-DX2,0,3.1729815e-05,0
non-tumour/TCGA-QG-A5Z2-01Z-00-DX2_26112_15872.jpg,TCGA-QG-A5Z2,TCGA-QG-A5Z2-01Z-00-DX2,0,0.0015843629,0
non-tumour/TCGA-QG-A5Z2-01Z-00-DX2_26112_16384.jpg,TCGA-QG-A5Z2,TCGA-QG-A5Z2-01Z-00-DX2,0,0.0018833608,0
non-tumour/TCGA-QG-A5Z2-01Z-00-DX2_26112_17920.jpg,TCGA-QG-A5Z2,TCGA-QG-A5Z2-01Z-00-DX2,0,0.10118706,0
non-tumour/TCGA-QG-A5Z2-01Z-00-DX2_26112_18432.jpg,TCGA-QG-A5Z2,TCGA-QG-A5Z2-01Z-00-DX2,0,0.017915659,0
non-tumour/TCGA-QG-A5Z2-01Z-00-DX2_26112_18944.jpg,TCGA-QG-A5Z2,TCGA-QG-A5Z2-01Z-00-DX2,0,0.0004892211,0
non-tumour/TCGA-QG-A5Z2-01Z-00-DX2_26112_19968.jpg,TCGA-QG-A5Z2,TCGA-QG-A5Z2-01Z-00-DX2,0,0.126923,0
non-tumour/TCGA-QG-A5Z2-01Z-00-DX2_26112_20480.jpg,TCGA-QG-A5Z2,TCGA-QG-A5Z2-01Z-00-DX2,0,0.010962663,0
non-tumour/TCGA-QG-A5Z2-01Z-00-DX2_26112_21504.jpg,TCGA-QG-A5Z2,TCGA-QG-A5Z2-01Z-00-DX2,0,0.005424401,0
non-tumour/TCGA-QG-A5Z2-01Z-00-DX2_26112_22016.jpg,TCGA-QG-A5Z2,TCGA-QG-A5Z2-01Z-00-DX2,0,0.02311007,0
non-tumour/TCGA-QG-A5Z2-01Z-00-DX2_26112_23040.jpg,TCGA-QG-A5Z2,TCGA-QG-A5Z2-01Z-00-DX2,0,0.0019869003,0
non-tumour/TCGA-QG-A5Z2-01Z-00-DX2_26112_23552.jpg,TCGA-QG-A5Z2,TCGA-QG-A5Z2-01Z-00-DX2,0,0.0018670646,0
non-tumour/TCGA-QG-A5Z2-01Z-00-DX2_26112_24576.jpg,TCGA-QG-A5Z2,TCGA-QG-A5Z2-01Z-00-DX2,0,0.0004011006,0
non-tumour/TCGA-QG-A5Z2-01Z-00-DX2_26112_27136.jpg,TCGA-QG-A5Z2,TCGA-QG-A5Z2-01Z-00-DX2,0,0.00016140261,0
non-tumour/TCGA-QG-A5Z2-01Z-00-DX2_26112_29696.jpg,TCGA-QG-A5Z2,TCGA-QG-A5Z2-01Z-00-DX2,0,0.0001364933,0
non-tumour/TCGA-QG-A5Z2-01Z-00-DX2_26112_30208.jpg,TCGA-QG-A5Z2,TCGA-QG-A5Z2-01Z-00-DX2,0,0.00029063568,0
non-tumour/TCGA-QG-A5Z2-01Z-00-DX2_26112_32768.jpg,TCGA-QG-A5Z2,TCGA-QG-A5Z2-01Z-00-DX2,0,0.9794886,1
non-tumour/TCGA-QG-A5Z2-01Z-00-DX2_26112_33280.jpg,TCGA-QG-A5Z2,TCGA-QG-A5Z2-01Z-00-DX2,0,0.1713678,0
non-tumour/TCGA-QG-A5Z2-01Z-00-DX2_26112_34304.jpg,TCGA-QG-A5Z2,TCGA-QG-A5Z2-01Z-00-DX2,0,0.5030911,1
non-tumour/TCGA-QG-A5Z2-01Z-00-DX2_26112_8192.jpg,TCGA-QG-A5Z2,TCGA-QG-A5Z2-01Z-00-DX2,0,0.1257182,0
non-tumour/TCGA-QG-A5Z2-01Z-00-DX2_26112_8704.jpg,TCGA-QG-A5Z2,TCGA-QG-A5Z2-01Z-00-DX2,0,0.32740837,0
non-tumour/TCGA-QG-A5Z2-01Z-00-DX2_26112_9216.jpg,TCGA-QG-A5Z2,TCGA-QG-A5Z2-01Z-00-DX2,0,0.00011198577,0
non-tumour/TCGA-QG-A5Z2-01Z-00-DX2_26624_10240.jpg,TCGA-QG-A5Z2,TCGA-QG-A5Z2-01Z-00-DX2,0,0.0038437983,0
non-tumour/TCGA-QG-A5Z2-01Z-00-DX2_26624_10752.jpg,TCGA-QG-A5Z2,TCGA-QG-A5Z2-01Z-00-DX2,0,0.03699165,0
non-tumour/TCGA-QG-A5Z2-01Z-00-DX2_26624_15872.jpg,TCGA-QG-A5Z2,TCGA-QG-A5Z2-01Z-00-DX2,0,0.027711503,0
non-tumour/TCGA-QG-A5Z2-01Z-00-DX2_26624_17408.jpg,TCGA-QG-A5Z2,TCGA-QG-A5Z2-01Z-00-DX2,0,0.25290418,0
non-tumour/TCGA-QG-A5Z2-01Z-00-DX2_26624_19968.jpg,TCGA-QG-A5Z2,TCGA-QG-A5Z2-01Z-00-DX2,0,0.026391001,0
non-tumour/TCGA-QG-A5Z2-01Z-00-DX2_26624_20480.jpg,TCGA-QG-A5Z2,TCGA-QG-A5Z2-01Z-00-DX2,0,0.050421778,0
non-tumour/TCGA-QG-A5Z2-01Z-00-DX2_26624_23040.jpg,TCGA-QG-A5Z2,TCGA-QG-A5Z2-01Z-00-DX2,0,0.0002918897,0
non-tumour/TCGA-QG-A5Z2-01Z-00-DX2_26624_25600.jpg,TCGA-QG-A5Z2,TCGA-QG-A5Z2-01Z-00-DX2,0,8.2272716e-05,0
non-tumour/TCGA-QG-A5Z2-01Z-00-DX2_26624_26112.jpg,TCGA-QG-A5Z2,TCGA-QG-A5Z2-01Z-00-DX2,0,8.901626e-06,0
non-tumour/TCGA-QG-A5Z2-01Z-00-DX2_26624_26624.jpg,TCGA-QG-A5Z2,TCGA-QG-A5Z2-01Z-00-DX2,0,8.438743e-05,0
non-tumour/TCGA-QG-A5Z2-01Z-00-DX2_26624_27648.jpg,TCGA-QG-A5Z2,TCGA-QG-A5Z2-01Z-00-DX2,0,0.0001539424,0
non-tumour/TCGA-QG-A5Z2-01Z-00-DX2_26624_28160.jpg,TCGA-QG-A5Z2,TCGA-QG-A5Z2-01Z-00-DX2,0,4.2659863e-06,0
non-tumour/TCGA-QG-A5Z2-01Z-00-DX2_26624_28672.jpg,TCGA-QG-A5Z2,TCGA-QG-A5Z2-01Z-00-DX2,0,3.764093e-05,0
non-tumour/TCGA-QG-A5Z2-01Z-00-DX2_26624_29184.jpg,TCGA-QG-A5Z2,TCGA-QG-A5Z2-01Z-00-DX2,0,1.296648e-05,0
non-tumour/TCGA-QG-A5Z2-01Z-00-DX2_26624_29696.jpg,TCGA-QG-A5Z2,TCGA-QG-A5Z2-01Z-00-DX2,0,7.571384e-05,0
non-tumour/TCGA-QG-A5Z2-01Z-00-DX2_26624_30208.jpg,TCGA-QG-A5Z2,TCGA-QG-A5Z2-01Z-00-DX2,0,0.0013371023,0
non-tumour/TCGA-QG-A5Z2-01Z-00-DX2_26624_33792.jpg,TCGA-QG-A5Z2,TCGA-QG-A5Z2-01Z-00-DX2,0,0.9211505,1
non-tumour/TCGA-QG-A5Z2-01Z-00-DX2_26624_7168.jpg,TCGA-QG-A5Z2,TCGA-QG-A5Z2-01Z-00-DX2,0,0.005603871,0
non-tumour/TCGA-QG-A5Z2-01Z-00-DX2_26624_8192.jpg,TCGA-QG-A5Z2,TCGA-QG-A5Z2-01Z-00-DX2,0,0.9722826,1
non-tumour/TCGA-QG-A5Z2-01Z-00-DX2_26624_9728.jpg,TCGA-QG-A5Z2,TCGA-QG-A5Z2-01Z-00-DX2,0,0.039885268,0
non-tumour/TCGA-QG-A5Z2-01Z-00-DX2_27136_10240.jpg,TCGA-QG-A5Z2,TCGA-QG-A5Z2-01Z-00-DX2,0,0.0010054155,0
non-tumour/TCGA-QG-A5Z2-01Z-00-DX2_27136_12800.jpg,TCGA-QG-A5Z2,TCGA-QG-A5Z2-01Z-00-DX2,0,0.0037957644,0
non-tumour/TCGA-QG-A5Z2-01Z-00-DX2_27136_13824.jpg,TCGA-QG-A5Z2,TCGA-QG-A5Z2-01Z-00-DX2,0,0.00040470986,0
non-tumour/TCGA-QG-A5Z2-01Z-00-DX2_27136_14848.jpg,TCGA-QG-A5Z2,TCGA-QG-A5Z2-01Z-00-DX2,0,0.00023064479,0
non-tumour/TCGA-QG-A5Z2-01Z-00-DX2_27136_15360.jpg,TCGA-QG-A5Z2,TCGA-QG-A5Z2-01Z-00-DX2,0,9.022187e-05,0
non-tumour/TCGA-QG-A5Z2-01Z-00-DX2_27136_17920.jpg,TCGA-QG-A5Z2,TCGA-QG-A5Z2-01Z-00-DX2,0,0.8153293,1
non-tumour/TCGA-QG-A5Z2-01Z-00-DX2_27136_19968.jpg,TCGA-QG-A5Z2,TCGA-QG-A5Z2-01Z-00-DX2,0,0.00060730247,0
non-tumour/TCGA-QG-A5Z2-01Z-00-DX2_27136_20992.jpg,TCGA-QG-A5Z2,TCGA-QG-A5Z2-01Z-00-DX2,0,0.016584823,0
non-tumour/TCGA-QG-A5Z2-01Z-00-DX2_27136_21504.jpg,TCGA-QG-A5Z2,TCGA-QG-A5Z2-01Z-00-DX2,0,0.13920553,0
non-tumour/TCGA-QG-A5Z2-01Z-00-DX2_27136_23040.jpg,TCGA-QG-A5Z2,TCGA-QG-A5Z2-01Z-00-DX2,0,0.0001301699,0
non-tumour/TCGA-QG-A5Z2-01Z-00-DX2_27136_23552.jpg,TCGA-QG-A5Z2,TCGA-QG-A5Z2-01Z-00-DX2,0,8.430996e-05,0
non-tumour/TCGA-QG-A5Z2-01Z-00-DX2_27136_25600.jpg,TCGA-QG-A5Z2,TCGA-QG-A5Z2-01Z-00-DX2,0,4.5157544e-06,0
non-tumour/TCGA-QG-A5Z2-01Z-00-DX2_27136_26112.jpg,TCGA-QG-A5Z2,TCGA-QG-A5Z2-01Z-00-DX2,0,1.0371984e-05,0
non-tumour/TCGA-QG-A5Z2-01Z-00-DX2_27136_28160.jpg,TCGA-QG-A5Z2,TCGA-QG-A5Z2-01Z-00-DX2,0,0.00083450804,0
non-tumour/TCGA-QG-A5Z2-01Z-00-DX2_27136_29184.jpg,TCGA-QG-A5Z2,TCGA-QG-A5Z2-01Z-00-DX2,0,1.0264198e-05,0
non-tumour/TCGA-QG-A5Z2-01Z-00-DX2_27136_29696.jpg,TCGA-QG-A5Z2,TCGA-QG-A5Z2-01Z-00-DX2,0,0.00042720872,0
non-tumour/TCGA-QG-A5Z2-01Z-00-DX2_27136_30208.jpg,TCGA-QG-A5Z2,TCGA-QG-A5Z2-01Z-00-DX2,0,1.9162477e-05,0
non-tumour/TCGA-QG-A5Z2-01Z-00-DX2_27136_8704.jpg,TCGA-QG-A5Z2,TCGA-QG-A5Z2-01Z-00-DX2,0,0.8750414,1
non-tumour/TCGA-QG-A5Z2-01Z-00-DX2_27136_9216.jpg,TCGA-QG-A5Z2,TCGA-QG-A5Z2-01Z-00-DX2,0,0.2258524,0
non-tumour/TCGA-QG-A5Z2-01Z-00-DX2_27648_10240.jpg,TCGA-QG-A5Z2,TCGA-QG-A5Z2-01Z-00-DX2,0,0.012008771,0
non-tumour/TCGA-QG-A5Z2-01Z-00-DX2_27648_12288.jpg,TCGA-QG-A5Z2,TCGA-QG-A5Z2-01Z-00-DX2,0,0.00015170473,0
non-tumour/TCGA-QG-A5Z2-01Z-00-DX2_27648_13824.jpg,TCGA-QG-A5Z2,TCGA-QG-A5Z2-01Z-00-DX2,0,0.00031068575,0
non-tumour/TCGA-QG-A5Z2-01Z-00-DX2_27648_14848.jpg,TCGA-QG-A5Z2,TCGA-QG-A5Z2-01Z-00-DX2,0,7.821829e-05,0
non-tumour/TCGA-QG-A5Z2-01Z-00-DX2_27648_15360.jpg,TCGA-QG-A5Z2,TCGA-QG-A5Z2-01Z-00-DX2,0,0.00055647537,0
non-tumour/TCGA-QG-A5Z2-01Z-00-DX2_27648_15872.jpg,TCGA-QG-A5Z2,TCGA-QG-A5Z2-01Z-00-DX2,0,0.06966809,0
non-tumour/TCGA-QG-A5Z2-01Z-00-DX2_27648_17408.jpg,TCGA-QG-A5Z2,TCGA-QG-A5Z2-01Z-00-DX2,0,0.9905117,1
non-tumour/TCGA-QG-A5Z2-01Z-00-DX2_27648_19456.jpg,TCGA-QG-A5Z2,TCGA-QG-A5Z2-01Z-00-DX2,0,0.0016148747,0
non-tumour/TCGA-QG-A5Z2-01Z-00-DX2_27648_19968.jpg,TCGA-QG-A5Z2,TCGA-QG-A5Z2-01Z-00-DX2,0,0.0017199641,0
non-tumour/TCGA-QG-A5Z2-01Z-00-DX2_27648_20992.jpg,TCGA-QG-A5Z2,TCGA-QG-A5Z2-01Z-00-DX2,0,0.00020741227,0
non-tumour/TCGA-QG-A5Z2-01Z-00-DX2_27648_22016.jpg,TCGA-QG-A5Z2,TCGA-QG-A5Z2-01Z-00-DX2,0,0.016414206,0
non-tumour/TCGA-QG-A5Z2-01Z-00-DX2_27648_22528.jpg,TCGA-QG-A5Z2,TCGA-QG-A5Z2-01Z-00-DX2,0,0.0004201154,0
non-tumour/TCGA-QG-A5Z2-01Z-00-DX2_27648_24064.jpg,TCGA-QG-A5Z2,TCGA-QG-A5Z2-01Z-00-DX2,0,0.00038008962,0
non-tumour/TCGA-QG-A5Z2-01Z-00-DX2_27648_25600.jpg,TCGA-QG-A5Z2,TCGA-QG-A5Z2-01Z-00-DX2,0,0.00023895029,0
non-tumour/TCGA-QG-A5Z2-01Z-00-DX2_27648_26112.jpg,TCGA-QG-A5Z2,TCGA-QG-A5Z2-01Z-00-DX2,0,6.5528366e-06,0
non-tumour/TCGA-QG-A5Z2-01Z-00-DX2_27648_26624.jpg,TCGA-QG-A5Z2,TCGA-QG-A5Z2-01Z-00-DX2,0,9.752634e-05,0
non-tumour/TCGA-QG-A5Z2-01Z-00-DX2_27648_27648.jpg,TCGA-QG-A5Z2,TCGA-QG-A5Z2-01Z-00-DX2,0,4.9431128e-05,0
non-tumour/TCGA-QG-A5Z2-01Z-00-DX2_27648_28672.jpg,TCGA-QG-A5Z2,TCGA-QG-A5Z2-01Z-00-DX2,0,0.00015219969,0
non-tumour/TCGA-QG-A5Z2-01Z-00-DX2_27648_30208.jpg,TCGA-QG-A5Z2,TCGA-QG-A5Z2-01Z-00-DX2,0,4.4968412e-05,0
non-tumour/TCGA-QG-A5Z2-01Z-00-DX2_27648_30720.jpg,TCGA-QG-A5Z2,TCGA-QG-A5Z2-01Z-00-DX2,0,8.51054e-07,0
non-tumour/TCGA-QG-A5Z2-01Z-00-DX2_27648_31232.jpg,TCGA-QG-A5Z2,TCGA-QG-A5Z2-01Z-00-DX2,0,2.6072644e-06,0
non-tumour/TCGA-QG-A5Z2-01Z-00-DX2_27648_34304.jpg,TCGA-QG-A5Z2,TCGA-QG-A5Z2-01Z-00-DX2,0,0.39241865,0
non-tumour/TCGA-QG-A5Z2-01Z-00-DX2_27648_34816.jpg,TCGA-QG-A5Z2,TCGA-QG-A5Z2-01Z-00-DX2,0,0.0021646935,0
non-tumour/TCGA-QG-A5Z2-01Z-00-DX2_27648_35328.jpg,TCGA-QG-A5Z2,TCGA-QG-A5Z2-01Z-00-DX2,0,0.7516155,1
non-tumour/TCGA-QG-A5Z2-01Z-00-DX2_27648_35840.jpg,TCGA-QG-A5Z2,TCGA-QG-A5Z2-01Z-00-DX2,0,0.36221156,0
non-tumour/TCGA-QG-A5Z2-01Z-00-DX2_27648_7168.jpg,TCGA-QG-A5Z2,TCGA-QG-A5Z2-01Z-00-DX2,0,0.38447922,0
non-tumour/TCGA-QG-A5Z2-01Z-00-DX2_27648_8192.jpg,TCGA-QG-A5Z2,TCGA-QG-A5Z2-01Z-00-DX2,0,0.15891387,0
non-tumour/TCGA-QG-A5Z2-01Z-00-DX2_27648_8704.jpg,TCGA-QG-A5Z2,TCGA-QG-A5Z2-01Z-00-DX2,0,0.8982689,1
non-tumour/TCGA-QG-A5Z2-01Z-00-DX2_28160_10240.jpg,TCGA-QG-A5Z2,TCGA-QG-A5Z2-01Z-00-DX2,0,0.0040743845,0
non-tumour/TCGA-QG-A5Z2-01Z-00-DX2_28160_12800.jpg,TCGA-QG-A5Z2,TCGA-QG-A5Z2-01Z-00-DX2,0,0.0006830023,0
non-tumour/TCGA-QG-A5Z2-01Z-00-DX2_28160_15360.jpg,TCGA-QG-A5Z2,TCGA-QG-A5Z2-01Z-00-DX2,0,0.0012689885,0
non-tumour/TCGA-QG-A5Z2-01Z-00-DX2_28160_15872.jpg,TCGA-QG-A5Z2,TCGA-QG-A5Z2-01Z-00-DX2,0,3.9041643e-05,0
non-tumour/TCGA-QG-A5Z2-01Z-00-DX2_28160_16384.jpg,TCGA-QG-A5Z2,TCGA-QG-A5Z2-01Z-00-DX2,0,0.00033307355,0
non-tumour/TCGA-QG-A5Z2-01Z-00-DX2_28160_16896.jpg,TCGA-QG-A5Z2,TCGA-QG-A5Z2-01Z-00-DX2,0,0.02564737,0
non-tumour/TCGA-QG-A5Z2-01Z-00-DX2_28160_17408.jpg,TCGA-QG-A5Z2,TCGA-QG-A5Z2-01Z-00-DX2,0,0.15670478,0
non-tumour/TCGA-QG-A5Z2-01Z-00-DX2_28160_17920.jpg,TCGA-QG-A5Z2,TCGA-QG-A5Z2-01Z-00-DX2,0,0.88861674,1
non-tumour/TCGA-QG-A5Z2-01Z-00-DX2_28160_18944.jpg,TCGA-QG-A5Z2,TCGA-QG-A5Z2-01Z-00-DX2,0,0.0018156377,0
non-tumour/TCGA-QG-A5Z2-01Z-00-DX2_28160_19456.jpg,TCGA-QG-A5Z2,TCGA-QG-A5Z2-01Z-00-DX2,0,0.0048025497,0
non-tumour/TCGA-QG-A5Z2-01Z-00-DX2_28160_19968.jpg,TCGA-QG-A5Z2,TCGA-QG-A5Z2-01Z-00-DX2,0,0.061274525,0
non-tumour/TCGA-QG-A5Z2-01Z-00-DX2_28160_20480.jpg,TCGA-QG-A5Z2,TCGA-QG-A5Z2-01Z-00-DX2,0,0.013328238,0
non-tumour/TCGA-QG-A5Z2-01Z-00-DX2_28160_22016.jpg,TCGA-QG-A5Z2,TCGA-QG-A5Z2-01Z-00-DX2,0,0.001051428,0
non-tumour/TCGA-QG-A5Z2-01Z-00-DX2_28160_24064.jpg,TCGA-QG-A5Z2,TCGA-QG-A5Z2-01Z-00-DX2,0,0.0001775478,0
non-tumour/TCGA-QG-A5Z2-01Z-00-DX2_28160_25088.jpg,TCGA-QG-A5Z2,TCGA-QG-A5Z2-01Z-00-DX2,0,0.0012234156,0
non-tumour/TCGA-QG-A5Z2-01Z-00-DX2_28160_25600.jpg,TCGA-QG-A5Z2,TCGA-QG-A5Z2-01Z-00-DX2,0,2.1513446e-05,0
non-tumour/TCGA-QG-A5Z2-01Z-00-DX2_28160_26112.jpg,TCGA-QG-A5Z2,TCGA-QG-A5Z2-01Z-00-DX2,0,0.00025762833,0
non-tumour/TCGA-QG-A5Z2-01Z-00-DX2_28160_27648.jpg,TCGA-QG-A5Z2,TCGA-QG-A5Z2-01Z-00-DX2,0,4.1922052e-05,0
non-tumour/TCGA-QG-A5Z2-01Z-00-DX2_28160_30720.jpg,TCGA-QG-A5Z2,TCGA-QG-A5Z2-01Z-00-DX2,0,0.00010638676,0
non-tumour/TCGA-QG-A5Z2-01Z-00-DX2_28160_31232.jpg,TCGA-QG-A5Z2,TCGA-QG-A5Z2-01Z-00-DX2,0,0.00024012377,0
non-tumour/TCGA-QG-A5Z2-01Z-00-DX2_28160_32256.jpg,TCGA-QG-A5Z2,TCGA-QG-A5Z2-01Z-00-DX2,0,6.350435e-06,0
non-tumour/TCGA-QG-A5Z2-01Z-00-DX2_28160_34816.jpg,TCGA-QG-A5Z2,TCGA-QG-A5Z2-01Z-00-DX2,0,0.5917315,1
non-tumour/TCGA-QG-A5Z2-01Z-00-DX2_28160_35840.jpg,TCGA-QG-A5Z2,TCGA-QG-A5Z2-01Z-00-DX2,0,0.25459543,0
non-tumour/TCGA-QG-A5Z2-01Z-00-DX2_28160_36352.jpg,TCGA-QG-A5Z2,TCGA-QG-A5Z2-01Z-00-DX2,0,0.52606916,1
non-tumour/TCGA-QG-A5Z2-01Z-00-DX2_28160_7680.jpg,TCGA-QG-A5Z2,TCGA-QG-A5Z2-01Z-00-DX2,0,0.5294814,1
non-tumour/TCGA-QG-A5Z2-01Z-00-DX2_28160_8192.jpg,TCGA-QG-A5Z2,TCGA-QG-A5Z2-01Z-00-DX2,0,0.08392381,0
non-tumour/TCGA-QG-A5Z2-01Z-00-DX2_28672_10240.jpg,TCGA-QG-A5Z2,TCGA-QG-A5Z2-01Z-00-DX2,0,0.22641963,0
non-tumour/TCGA-QG-A5Z2-01Z-00-DX2_28672_12288.jpg,TCGA-QG-A5Z2,TCGA-QG-A5Z2-01Z-00-DX2,0,0.000440194,0
non-tumour/TCGA-QG-A5Z2-01Z-00-DX2_28672_13824.jpg,TCGA-QG-A5Z2,TCGA-QG-A5Z2-01Z-00-DX2,0,4.8467973e-05,0
non-tumour/TCGA-QG-A5Z2-01Z-00-DX2_28672_14336.jpg,TCGA-QG-A5Z2,TCGA-QG-A5Z2-01Z-00-DX2,0,0.005989567,0
non-tumour/TCGA-QG-A5Z2-01Z-00-DX2_28672_16384.jpg,TCGA-QG-A5Z2,TCGA-QG-A5Z2-01Z-00-DX2,0,0.024716616,0
non-tumour/TCGA-QG-A5Z2-01Z-00-DX2_28672_18432.jpg,TCGA-QG-A5Z2,TCGA-QG-A5Z2-01Z-00-DX2,0,0.0091395965,0
non-tumour/TCGA-QG-A5Z2-01Z-00-DX2_28672_18944.jpg,TCGA-QG-A5Z2,TCGA-QG-A5Z2-01Z-00-DX2,0,0.0122343125,0
non-tumour/TCGA-QG-A5Z2-01Z-00-DX2_28672_19968.jpg,TCGA-QG-A5Z2,TCGA-QG-A5Z2-01Z-00-DX2,0,0.00629574,0
non-tumour/TCGA-QG-A5Z2-01Z-00-DX2_28672_20480.jpg,TCGA-QG-A5Z2,TCGA-QG-A5Z2-01Z-00-DX2,0,0.15484771,0
non-tumour/TCGA-QG-A5Z2-01Z-00-DX2_28672_21504.jpg,TCGA-QG-A5Z2,TCGA-QG-A5Z2-01Z-00-DX2,0,0.049587127,0
non-tumour/TCGA-QG-A5Z2-01Z-00-DX2_28672_22016.jpg,TCGA-QG-A5Z2,TCGA-QG-A5Z2-01Z-00-DX2,0,0.0012189879,0
non-tumour/TCGA-QG-A5Z2-01Z-00-DX2_28672_22528.jpg,TCGA-QG-A5Z2,TCGA-QG-A5Z2-01Z-00-DX2,0,0.00017915074,0
non-tumour/TCGA-QG-A5Z2-01Z-00-DX2_28672_23552.jpg,TCGA-QG-A5Z2,TCGA-QG-A5Z2-01Z-00-DX2,0,6.788713e-05,0
non-tumour/TCGA-QG-A5Z2-01Z-00-DX2_28672_24064.jpg,TCGA-QG-A5Z2,TCGA-QG-A5Z2-01Z-00-DX2,0,0.00019806973,0
non-tumour/TCGA-QG-A5Z2-01Z-00-DX2_28672_26624.jpg,TCGA-QG-A5Z2,TCGA-QG-A5Z2-01Z-00-DX2,0,1.3671356e-06,0
non-tumour/TCGA-QG-A5Z2-01Z-00-DX2_28672_29184.jpg,TCGA-QG-A5Z2,TCGA-QG-A5Z2-01Z-00-DX2,0,1.1431468e-06,0
non-tumour/TCGA-QG-A5Z2-01Z-00-DX2_28672_30208.jpg,TCGA-QG-A5Z2,TCGA-QG-A5Z2-01Z-00-DX2,0,4.4694484e-06,0
non-tumour/TCGA-QG-A5Z2-01Z-00-DX2_28672_32256.jpg,TCGA-QG-A5Z2,TCGA-QG-A5Z2-01Z-00-DX2,0,3.686512e-06,0
non-tumour/TCGA-QG-A5Z2-01Z-00-DX2_28672_35840.jpg,TCGA-QG-A5Z2,TCGA-QG-A5Z2-01Z-00-DX2,0,0.7857112,1
non-tumour/TCGA-QG-A5Z2-01Z-00-DX2_28672_7680.jpg,TCGA-QG-A5Z2,TCGA-QG-A5Z2-01Z-00-DX2,0,0.8725143,1
non-tumour/TCGA-QG-A5Z2-01Z-00-DX2_29184_10240.jpg,TCGA-QG-A5Z2,TCGA-QG-A5Z2-01Z-00-DX2,0,0.0065164925,0
non-tumour/TCGA-QG-A5Z2-01Z-00-DX2_29184_11264.jpg,TCGA-QG-A5Z2,TCGA-QG-A5Z2-01Z-00-DX2,0,0.010416313,0
non-tumour/TCGA-QG-A5Z2-01Z-00-DX2_29184_12288.jpg,TCGA-QG-A5Z2,TCGA-QG-A5Z2-01Z-00-DX2,0,1.3855132e-05,0
non-tumour/TCGA-QG-A5Z2-01Z-00-DX2_29184_13312.jpg,TCGA-QG-A5Z2,TCGA-QG-A5Z2-01Z-00-DX2,0,6.2109757e-06,0
non-tumour/TCGA-QG-A5Z2-01Z-00-DX2_29184_14336.jpg,TCGA-QG-A5Z2,TCGA-QG-A5Z2-01Z-00-DX2,0,2.4475346e-05,0
non-tumour/TCGA-QG-A5Z2-01Z-00-DX2_29184_15360.jpg,TCGA-QG-A5Z2,TCGA-QG-A5Z2-01Z-00-DX2,0,0.0007538764,0
non-tumour/TCGA-QG-A5Z2-01Z-00-DX2_29184_16384.jpg,TCGA-QG-A5Z2,TCGA-QG-A5Z2-01Z-00-DX2,0,0.0104358345,0
non-tumour/TCGA-QG-A5Z2-01Z-00-DX2_29184_16896.jpg,TCGA-QG-A5Z2,TCGA-QG-A5Z2-01Z-00-DX2,0,0.0036881298,0
non-tumour/TCGA-QG-A5Z2-01Z-00-DX2_29184_18944.jpg,TCGA-QG-A5Z2,TCGA-QG-A5Z2-01Z-00-DX2,0,0.006485962,0
non-tumour/TCGA-QG-A5Z2-01Z-00-DX2_29184_19456.jpg,TCGA-QG-A5Z2,TCGA-QG-A5Z2-01Z-00-DX2,0,0.049430314,0
non-tumour/TCGA-QG-A5Z2-01Z-00-DX2_29184_20480.jpg,TCGA-QG-A5Z2,TCGA-QG-A5Z2-01Z-00-DX2,0,0.012896826,0
non-tumour/TCGA-QG-A5Z2-01Z-00-DX2_29184_20992.jpg,TCGA-QG-A5Z2,TCGA-QG-A5Z2-01Z-00-DX2,0,0.00489949,0
non-tumour/TCGA-QG-A5Z2-01Z-00-DX2_29184_22016.jpg,TCGA-QG-A5Z2,TCGA-QG-A5Z2-01Z-00-DX2,0,0.0007698932,0
non-tumour/TCGA-QG-A5Z2-01Z-00-DX2_29184_22528.jpg,TCGA-QG-A5Z2,TCGA-QG-A5Z2-01Z-00-DX2,0,7.2470124e-05,0
non-tumour/TCGA-QG-A5Z2-01Z-00-DX2_29184_24064.jpg,TCGA-QG-A5Z2,TCGA-QG-A5Z2-01Z-00-DX2,0,0.008136103,0
non-tumour/TCGA-QG-A5Z2-01Z-00-DX2_29184_28672.jpg,TCGA-QG-A5Z2,TCGA-QG-A5Z2-01Z-00-DX2,0,0.0033059602,0
non-tumour/TCGA-QG-A5Z2-01Z-00-DX2_29184_29696.jpg,TCGA-QG-A5Z2,TCGA-QG-A5Z2-01Z-00-DX2,0,0.0011577245,0
non-tumour/TCGA-QG-A5Z2-01Z-00-DX2_29184_31232.jpg,TCGA-QG-A5Z2,TCGA-QG-A5Z2-01Z-00-DX2,0,5.5136393e-06,0
non-tumour/TCGA-QG-A5Z2-01Z-00-DX2_29184_31744.jpg,TCGA-QG-A5Z2,TCGA-QG-A5Z2-01Z-00-DX2,0,0.00044284298,0
non-tumour/TCGA-QG-A5Z2-01Z-00-DX2_29184_8704.jpg,TCGA-QG-A5Z2,TCGA-QG-A5Z2-01Z-00-DX2,0,0.0045574717,0
non-tumour/TCGA-QG-A5Z2-01Z-00-DX2_29184_9216.jpg,TCGA-QG-A5Z2,TCGA-QG-A5Z2-01Z-00-DX2,0,0.0035752282,0
non-tumour/TCGA-QG-A5Z2-01Z-00-DX2_29696_10752.jpg,TCGA-QG-A5Z2,TCGA-QG-A5Z2-01Z-00-DX2,0,0.2920141,0
non-tumour/TCGA-QG-A5Z2-01Z-00-DX2_29696_12800.jpg,TCGA-QG-A5Z2,TCGA-QG-A5Z2-01Z-00-DX2,0,0.0055298964,0
non-tumour/TCGA-QG-A5Z2-01Z-00-DX2_29696_13312.jpg,TCGA-QG-A5Z2,TCGA-QG-A5Z2-01Z-00-DX2,0,1.3505418e-05,0
non-tumour/TCGA-QG-A5Z2-01Z-00-DX2_29696_13824.jpg,TCGA-QG-A5Z2,TCGA-QG-A5Z2-01Z-00-DX2,0,4.2812535e-06,0
non-tumour/TCGA-QG-A5Z2-01Z-00-DX2_29696_14336.jpg,TCGA-QG-A5Z2,TCGA-QG-A5Z2-01Z-00-DX2,0,1.0350404e-05,0
non-tumour/TCGA-QG-A5Z2-01Z-00-DX2_29696_14848.jpg,TCGA-QG-A5Z2,TCGA-QG-A5Z2-01Z-00-DX2,0,1.33905205e-05,0
non-tumour/TCGA-QG-A5Z2-01Z-00-DX2_29696_15872.jpg,TCGA-QG-A5Z2,TCGA-QG-A5Z2-01Z-00-DX2,0,2.9902982e-05,0
non-tumour/TCGA-QG-A5Z2-01Z-00-DX2_29696_16384.jpg,TCGA-QG-A5Z2,TCGA-QG-A5Z2-01Z-00-DX2,0,0.00084560266,0
non-tumour/TCGA-QG-A5Z2-01Z-00-DX2_29696_16896.jpg,TCGA-QG-A5Z2,TCGA-QG-A5Z2-01Z-00-DX2,0,8.8235414e-05,0
non-tumour/TCGA-QG-A5Z2-01Z-00-DX2_29696_18432.jpg,TCGA-QG-A5Z2,TCGA-QG-A5Z2-01Z-00-DX2,0,0.00047498985,0
non-tumour/TCGA-QG-A5Z2-01Z-00-DX2_29696_18944.jpg,TCGA-QG-A5Z2,TCGA-QG-A5Z2-01Z-00-DX2,0,0.009887393,0
non-tumour/TCGA-QG-A5Z2-01Z-00-DX2_29696_20992.jpg,TCGA-QG-A5Z2,TCGA-QG-A5Z2-01Z-00-DX2,0,0.2136012,0
non-tumour/TCGA-QG-A5Z2-01Z-00-DX2_29696_21504.jpg,TCGA-QG-A5Z2,TCGA-QG-A5Z2-01Z-00-DX2,0,7.8801655e-05,0
non-tumour/TCGA-QG-A5Z2-01Z-00-DX2_29696_22528.jpg,TCGA-QG-A5Z2,TCGA-QG-A5Z2-01Z-00-DX2,0,0.00067110895,0
non-tumour/TCGA-QG-A5Z2-01Z-00-DX2_29696_23040.jpg,TCGA-QG-A5Z2,TCGA-QG-A5Z2-01Z-00-DX2,0,7.9421014e-05,0
non-tumour/TCGA-QG-A5Z2-01Z-00-DX2_29696_23552.jpg,TCGA-QG-A5Z2,TCGA-QG-A5Z2-01Z-00-DX2,0,0.0003459154,0
non-tumour/TCGA-QG-A5Z2-01Z-00-DX2_29696_24064.jpg,TCGA-QG-A5Z2,TCGA-QG-A5Z2-01Z-00-DX2,0,0.00033554935,0
non-tumour/TCGA-QG-A5Z2-01Z-00-DX2_29696_26624.jpg,TCGA-QG-A5Z2,TCGA-QG-A5Z2-01Z-00-DX2,0,0.0003011878,0
non-tumour/TCGA-QG-A5Z2-01Z-00-DX2_29696_27136.jpg,TCGA-QG-A5Z2,TCGA-QG-A5Z2-01Z-00-DX2,0,0.0022097067,0
non-tumour/TCGA-QG-A5Z2-01Z-00-DX2_29696_27648.jpg,TCGA-QG-A5Z2,TCGA-QG-A5Z2-01Z-00-DX2,0,0.0024031,0
non-tumour/TCGA-QG-A5Z2-01Z-00-DX2_29696_28672.jpg,TCGA-QG-A5Z2,TCGA-QG-A5Z2-01Z-00-DX2,0,0.00029587134,0
non-tumour/TCGA-QG-A5Z2-01Z-00-DX2_29696_29696.jpg,TCGA-QG-A5Z2,TCGA-QG-A5Z2-01Z-00-DX2,0,6.727509e-05,0
non-tumour/TCGA-QG-A5Z2-01Z-00-DX2_29696_31232.jpg,TCGA-QG-A5Z2,TCGA-QG-A5Z2-01Z-00-DX2,0,3.3322223e-05,0
non-tumour/TCGA-QG-A5Z2-01Z-00-DX2_29696_31744.jpg,TCGA-QG-A5Z2,TCGA-QG-A5Z2-01Z-00-DX2,0,7.134291e-05,0
non-tumour/TCGA-QG-A5Z2-01Z-00-DX2_29696_32256.jpg,TCGA-QG-A5Z2,TCGA-QG-A5Z2-01Z-00-DX2,0,2.8139295e-05,0
non-tumour/TCGA-QG-A5Z2-01Z-00-DX2_29696_9728.jpg,TCGA-QG-A5Z2,TCGA-QG-A5Z2-01Z-00-DX2,0,0.01864018,0
non-tumour/TCGA-QG-A5Z2-01Z-00-DX2_30208_10752.jpg,TCGA-QG-A5Z2,TCGA-QG-A5Z2-01Z-00-DX2,0,0.00040373148,0
non-tumour/TCGA-QG-A5Z2-01Z-00-DX2_30208_12800.jpg,TCGA-QG-A5Z2,TCGA-QG-A5Z2-01Z-00-DX2,0,6.742223e-05,0
non-tumour/TCGA-QG-A5Z2-01Z-00-DX2_30208_13824.jpg,TCGA-QG-A5Z2,TCGA-QG-A5Z2-01Z-00-DX2,0,5.1266684e-06,0
non-tumour/TCGA-QG-A5Z2-01Z-00-DX2_30208_17920.jpg,TCGA-QG-A5Z2,TCGA-QG-A5Z2-01Z-00-DX2,0,0.0065783937,0
non-tumour/TCGA-QG-A5Z2-01Z-00-DX2_30208_18432.jpg,TCGA-QG-A5Z2,TCGA-QG-A5Z2-01Z-00-DX2,0,0.012526747,0
non-tumour/TCGA-QG-A5Z2-01Z-00-DX2_30208_18944.jpg,TCGA-QG-A5Z2,TCGA-QG-A5Z2-01Z-00-DX2,0,0.005961439,0
non-tumour/TCGA-QG-A5Z2-01Z-00-DX2_30208_20480.jpg,TCGA-QG-A5Z2,TCGA-QG-A5Z2-01Z-00-DX2,0,0.0068715867,0
non-tumour/TCGA-QG-A5Z2-01Z-00-DX2_30208_22016.jpg,TCGA-QG-A5Z2,TCGA-QG-A5Z2-01Z-00-DX2,0,6.191868e-05,0
non-tumour/TCGA-QG-A5Z2-01Z-00-DX2_30208_24064.jpg,TCGA-QG-A5Z2,TCGA-QG-A5Z2-01Z-00-DX2,0,2.9286979e-05,0
non-tumour/TCGA-QG-A5Z2-01Z-00-DX2_30208_25088.jpg,TCGA-QG-A5Z2,TCGA-QG-A5Z2-01Z-00-DX2,0,4.261623e-06,0
non-tumour/TCGA-QG-A5Z2-01Z-00-DX2_30208_25600.jpg,TCGA-QG-A5Z2,TCGA-QG-A5Z2-01Z-00-DX2,0,1.0345599e-05,0
non-tumour/TCGA-QG-A5Z2-01Z-00-DX2_30208_26624.jpg,TCGA-QG-A5Z2,TCGA-QG-A5Z2-01Z-00-DX2,0,0.005126593,0
non-tumour/TCGA-QG-A5Z2-01Z-00-DX2_30208_27136.jpg,TCGA-QG-A5Z2,TCGA-QG-A5Z2-01Z-00-DX2,0,0.055433262,0
non-tumour/TCGA-QG-A5Z2-01Z-00-DX2_30208_28160.jpg,TCGA-QG-A5Z2,TCGA-QG-A5Z2-01Z-00-DX2,0,0.011434162,0
non-tumour/TCGA-QG-A5Z2-01Z-00-DX2_30208_28672.jpg,TCGA-QG-A5Z2,TCGA-QG-A5Z2-01Z-00-DX2,0,0.0004349117,0
non-tumour/TCGA-QG-A5Z2-01Z-00-DX2_30208_29184.jpg,TCGA-QG-A5Z2,TCGA-QG-A5Z2-01Z-00-DX2,0,0.010750243,0
non-tumour/TCGA-QG-A5Z2-01Z-00-DX2_30208_30720.jpg,TCGA-QG-A5Z2,TCGA-QG-A5Z2-01Z-00-DX2,0,0.00022685296,0
non-tumour/TCGA-QG-A5Z2-01Z-00-DX2_30208_31744.jpg,TCGA-QG-A5Z2,TCGA-QG-A5Z2-01Z-00-DX2,0,5.8630153e-06,0
non-tumour/TCGA-QG-A5Z2-01Z-00-DX2_30208_32256.jpg,TCGA-QG-A5Z2,TCGA-QG-A5Z2-01Z-00-DX2,0,0.000375787,0
non-tumour/TCGA-QG-A5Z2-01Z-00-DX2_30208_34816.jpg,TCGA-QG-A5Z2,TCGA-QG-A5Z2-01Z-00-DX2,0,0.10955453,0
non-tumour/TCGA-QG-A5Z2-01Z-00-DX2_30208_9216.jpg,TCGA-QG-A5Z2,TCGA-QG-A5Z2-01Z-00-DX2,0,0.041438043,0
non-tumour/TCGA-QG-A5Z2-01Z-00-DX2_30720_12288.jpg,TCGA-QG-A5Z2,TCGA-QG-A5Z2-01Z-00-DX2,0,3.4952915e-05,0
non-tumour/TCGA-QG-A5Z2-01Z-00-DX2_30720_12800.jpg,TCGA-QG-A5Z2,TCGA-QG-A5Z2-01Z-00-DX2,0,3.8013654e-06,0
non-tumour/TCGA-QG-A5Z2-01Z-00-DX2_30720_13312.jpg,TCGA-QG-A5Z2,TCGA-QG-A5Z2-01Z-00-DX2,0,6.6514654e-06,0
non-tumour/TCGA-QG-A5Z2-01Z-00-DX2_30720_14848.jpg,TCGA-QG-A5Z2,TCGA-QG-A5Z2-01Z-00-DX2,0,1.6066637e-05,0
non-tumour/TCGA-QG-A5Z2-01Z-00-DX2_30720_15360.jpg,TCGA-QG-A5Z2,TCGA-QG-A5Z2-01Z-00-DX2,0,0.00042410177,0
non-tumour/TCGA-QG-A5Z2-01Z-00-DX2_30720_16384.jpg,TCGA-QG-A5Z2,TCGA-QG-A5Z2-01Z-00-DX2,0,6.17259e-05,0
non-tumour/TCGA-QG-A5Z2-01Z-00-DX2_30720_16896.jpg,TCGA-QG-A5Z2,TCGA-QG-A5Z2-01Z-00-DX2,0,1.6895132e-05,0
non-tumour/TCGA-QG-A5Z2-01Z-00-DX2_30720_18432.jpg,TCGA-QG-A5Z2,TCGA-QG-A5Z2-01Z-00-DX2,0,0.0025764816,0
non-tumour/TCGA-QG-A5Z2-01Z-00-DX2_30720_19968.jpg,TCGA-QG-A5Z2,TCGA-QG-A5Z2-01Z-00-DX2,0,0.15954706,0
non-tumour/TCGA-QG-A5Z2-01Z-00-DX2_30720_23040.jpg,TCGA-QG-A5Z2,TCGA-QG-A5Z2-01Z-00-DX2,0,0.016673764,0
non-tumour/TCGA-QG-A5Z2-01Z-00-DX2_30720_23552.jpg,TCGA-QG-A5Z2,TCGA-QG-A5Z2-01Z-00-DX2,0,0.023623923,0
non-tumour/TCGA-QG-A5Z2-01Z-00-DX2_30720_24064.jpg,TCGA-QG-A5Z2,TCGA-QG-A5Z2-01Z-00-DX2,0,0.00033925034,0
non-tumour/TCGA-QG-A5Z2-01Z-00-DX2_30720_24576.jpg,TCGA-QG-A5Z2,TCGA-QG-A5Z2-01Z-00-DX2,0,2.3502696e-05,0
non-tumour/TCGA-QG-A5Z2-01Z-00-DX2_30720_25088.jpg,TCGA-QG-A5Z2,TCGA-QG-A5Z2-01Z-00-DX2,0,0.00016080198,0
non-tumour/TCGA-QG-A5Z2-01Z-00-DX2_30720_25600.jpg,TCGA-QG-A5Z2,TCGA-QG-A5Z2-01Z-00-DX2,0,7.2437015e-06,0
non-tumour/TCGA-QG-A5Z2-01Z-00-DX2_30720_26112.jpg,TCGA-QG-A5Z2,TCGA-QG-A5Z2-01Z-00-DX2,0,0.0016266351,0
non-tumour/TCGA-QG-A5Z2-01Z-00-DX2_30720_27136.jpg,TCGA-QG-A5Z2,TCGA-QG-A5Z2-01Z-00-DX2,0,0.0232966,0
non-tumour/TCGA-QG-A5Z2-01Z-00-DX2_30720_27648.jpg,TCGA-QG-A5Z2,TCGA-QG-A5Z2-01Z-00-DX2,0,0.010671393,0
non-tumour/TCGA-QG-A5Z2-01Z-00-DX2_30720_28160.jpg,TCGA-QG-A5Z2,TCGA-QG-A5Z2-01Z-00-DX2,0,0.006017418,0
non-tumour/TCGA-QG-A5Z2-01Z-00-DX2_30720_28672.jpg,TCGA-QG-A5Z2,TCGA-QG-A5Z2-01Z-00-DX2,0,0.005119902,0
non-tumour/TCGA-QG-A5Z2-01Z-00-DX2_30720_31232.jpg,TCGA-QG-A5Z2,TCGA-QG-A5Z2-01Z-00-DX2,0,1.7226988e-05,0
non-tumour/TCGA-QG-A5Z2-01Z-00-DX2_30720_9728.jpg,TCGA-QG-A5Z2,TCGA-QG-A5Z2-01Z-00-DX2,0,0.0026041612,0
non-tumour/TCGA-QG-A5Z2-01Z-00-DX2_31232_10240.jpg,TCGA-QG-A5Z2,TCGA-QG-A5Z2-01Z-00-DX2,0,5.5025695e-05,0
non-tumour/TCGA-QG-A5Z2-01Z-00-DX2_31232_12288.jpg,TCGA-QG-A5Z2,TCGA-QG-A5Z2-01Z-00-DX2,0,0.0002157432,0
non-tumour/TCGA-QG-A5Z2-01Z-00-DX2_31232_12800.jpg,TCGA-QG-A5Z2,TCGA-QG-A5Z2-01Z-00-DX2,0,1.41125865e-05,0
non-tumour/TCGA-QG-A5Z2-01Z-00-DX2_31232_13312.jpg,TCGA-QG-A5Z2,TCGA-QG-A5Z2-01Z-00-DX2,0,2.3179016e-06,0
non-tumour/TCGA-QG-A5Z2-01Z-00-DX2_31232_14336.jpg,TCGA-QG-A5Z2,TCGA-QG-A5Z2-01Z-00-DX2,0,0.00044872623,0
non-tumour/TCGA-QG-A5Z2-01Z-00-DX2_31232_14848.jpg,TCGA-QG-A5Z2,TCGA-QG-A5Z2-01Z-00-DX2,0,0.000104864775,0
non-tumour/TCGA-QG-A5Z2-01Z-00-DX2_31232_15360.jpg,TCGA-QG-A5Z2,TCGA-QG-A5Z2-01Z-00-DX2,0,5.2556006e-05,0
non-tumour/TCGA-QG-A5Z2-01Z-00-DX2_31232_15872.jpg,TCGA-QG-A5Z2,TCGA-QG-A5Z2-01Z-00-DX2,0,0.0003486508,0
non-tumour/TCGA-QG-A5Z2-01Z-00-DX2_31232_17920.jpg,TCGA-QG-A5Z2,TCGA-QG-A5Z2-01Z-00-DX2,0,0.00034202726,0
non-tumour/TCGA-QG-A5Z2-01Z-00-DX2_31232_20480.jpg,TCGA-QG-A5Z2,TCGA-QG-A5Z2-01Z-00-DX2,0,0.09141254,0
non-tumour/TCGA-QG-A5Z2-01Z-00-DX2_31232_21504.jpg,TCGA-QG-A5Z2,TCGA-QG-A5Z2-01Z-00-DX2,0,0.0014404819,0
non-tumour/TCGA-QG-A5Z2-01Z-00-DX2_31232_23040.jpg,TCGA-QG-A5Z2,TCGA-QG-A5Z2-01Z-00-DX2,0,0.0038438912,0
non-tumour/TCGA-QG-A5Z2-01Z-00-DX2_31232_24064.jpg,TCGA-QG-A5Z2,TCGA-QG-A5Z2-01Z-00-DX2,0,0.00052225543,0
non-tumour/TCGA-QG-A5Z2-01Z-00-DX2_31232_24576.jpg,TCGA-QG-A5Z2,TCGA-QG-A5Z2-01Z-00-DX2,0,0.0021664249,0
non-tumour/TCGA-QG-A5Z2-01Z-00-DX2_31232_26624.jpg,TCGA-QG-A5Z2,TCGA-QG-A5Z2-01Z-00-DX2,0,0.0066800467,0
non-tumour/TCGA-QG-A5Z2-01Z-00-DX2_31232_27136.jpg,TCGA-QG-A5Z2,TCGA-QG-A5Z2-01Z-00-DX2,0,0.008438286,0
non-tumour/TCGA-QG-A5Z2-01Z-00-DX2_31232_28672.jpg,TCGA-QG-A5Z2,TCGA-QG-A5Z2-01Z-00-DX2,0,0.00012240034,0
non-tumour/TCGA-QG-A5Z2-01Z-00-DX2_31232_30720.jpg,TCGA-QG-A5Z2,TCGA-QG-A5Z2-01Z-00-DX2,0,0.00018831364,0
non-tumour/TCGA-QG-A5Z2-01Z-00-DX2_31232_31232.jpg,TCGA-QG-A5Z2,TCGA-QG-A5Z2-01Z-00-DX2,0,6.6022236e-05,0
non-tumour/TCGA-QG-A5Z2-01Z-00-DX2_31232_31744.jpg,TCGA-QG-A5Z2,TCGA-QG-A5Z2-01Z-00-DX2,0,9.6818485e-06,0
non-tumour/TCGA-QG-A5Z2-01Z-00-DX2_31232_33792.jpg,TCGA-QG-A5Z2,TCGA-QG-A5Z2-01Z-00-DX2,0,0.27926388,0
non-tumour/TCGA-QG-A5Z2-01Z-00-DX2_31232_8192.jpg,TCGA-QG-A5Z2,TCGA-QG-A5Z2-01Z-00-DX2,0,0.65393007,1
non-tumour/TCGA-QG-A5Z2-01Z-00-DX2_31744_10240.jpg,TCGA-QG-A5Z2,TCGA-QG-A5Z2-01Z-00-DX2,0,0.0009055444,0
non-tumour/TCGA-QG-A5Z2-01Z-00-DX2_31744_12288.jpg,TCGA-QG-A5Z2,TCGA-QG-A5Z2-01Z-00-DX2,0,7.1523764e-06,0
non-tumour/TCGA-QG-A5Z2-01Z-00-DX2_31744_12800.jpg,TCGA-QG-A5Z2,TCGA-QG-A5Z2-01Z-00-DX2,0,7.990971e-06,0
non-tumour/TCGA-QG-A5Z2-01Z-00-DX2_31744_13312.jpg,TCGA-QG-A5Z2,TCGA-QG-A5Z2-01Z-00-DX2,0,0.00022041691,0
non-tumour/TCGA-QG-A5Z2-01Z-00-DX2_31744_16896.jpg,TCGA-QG-A5Z2,TCGA-QG-A5Z2-01Z-00-DX2,0,0.0007767718,0
non-tumour/TCGA-QG-A5Z2-01Z-00-DX2_31744_18944.jpg,TCGA-QG-A5Z2,TCGA-QG-A5Z2-01Z-00-DX2,0,0.0014107681,0
non-tumour/TCGA-QG-A5Z2-01Z-00-DX2_31744_22016.jpg,TCGA-QG-A5Z2,TCGA-QG-A5Z2-01Z-00-DX2,0,4.840806e-05,0
non-tumour/TCGA-QG-A5Z2-01Z-00-DX2_31744_22528.jpg,TCGA-QG-A5Z2,TCGA-QG-A5Z2-01Z-00-DX2,0,0.002680157,0
non-tumour/TCGA-QG-A5Z2-01Z-00-DX2_31744_23552.jpg,TCGA-QG-A5Z2,TCGA-QG-A5Z2-01Z-00-DX2,0,8.548318e-05,0
non-tumour/TCGA-QG-A5Z2-01Z-00-DX2_31744_24064.jpg,TCGA-QG-A5Z2,TCGA-QG-A5Z2-01Z-00-DX2,0,0.0006932304,0
non-tumour/TCGA-QG-A5Z2-01Z-00-DX2_31744_24576.jpg,TCGA-QG-A5Z2,TCGA-QG-A5Z2-01Z-00-DX2,0,0.008270678,0
non-tumour/TCGA-QG-A5Z2-01Z-00-DX2_31744_25088.jpg,TCGA-QG-A5Z2,TCGA-QG-A5Z2-01Z-00-DX2,0,0.011060315,0
non-tumour/TCGA-QG-A5Z2-01Z-00-DX2_31744_25600.jpg,TCGA-QG-A5Z2,TCGA-QG-A5Z2-01Z-00-DX2,0,0.039015114,0
non-tumour/TCGA-QG-A5Z2-01Z-00-DX2_31744_27136.jpg,TCGA-QG-A5Z2,TCGA-QG-A5Z2-01Z-00-DX2,0,0.22841133,0
non-tumour/TCGA-QG-A5Z2-01Z-00-DX2_31744_27648.jpg,TCGA-QG-A5Z2,TCGA-QG-A5Z2-01Z-00-DX2,0,0.048573676,0
non-tumour/TCGA-QG-A5Z2-01Z-00-DX2_31744_28672.jpg,TCGA-QG-A5Z2,TCGA-QG-A5Z2-01Z-00-DX2,0,3.0892217e-05,0
non-tumour/TCGA-QG-A5Z2-01Z-00-DX2_31744_29184.jpg,TCGA-QG-A5Z2,TCGA-QG-A5Z2-01Z-00-DX2,0,0.00010372219,0
non-tumour/TCGA-QG-A5Z2-01Z-00-DX2_31744_30208.jpg,TCGA-QG-A5Z2,TCGA-QG-A5Z2-01Z-00-DX2,0,0.0050277365,0
non-tumour/TCGA-QG-A5Z2-01Z-00-DX2_31744_31232.jpg,TCGA-QG-A5Z2,TCGA-QG-A5Z2-01Z-00-DX2,0,0.18174213,0
non-tumour/TCGA-QG-A5Z2-01Z-00-DX2_31744_33280.jpg,TCGA-QG-A5Z2,TCGA-QG-A5Z2-01Z-00-DX2,0,0.0053834924,0
non-tumour/TCGA-QG-A5Z2-01Z-00-DX2_31744_33792.jpg,TCGA-QG-A5Z2,TCGA-QG-A5Z2-01Z-00-DX2,0,0.4635182,0
non-tumour/TCGA-QG-A5Z2-01Z-00-DX2_31744_8704.jpg,TCGA-QG-A5Z2,TCGA-QG-A5Z2-01Z-00-DX2,0,0.00025393962,0
non-tumour/TCGA-QG-A5Z2-01Z-00-DX2_31744_9216.jpg,TCGA-QG-A5Z2,TCGA-QG-A5Z2-01Z-00-DX2,0,9.655499e-05,0
non-tumour/TCGA-QG-A5Z2-01Z-00-DX2_31744_9728.jpg,TCGA-QG-A5Z2,TCGA-QG-A5Z2-01Z-00-DX2,0,0.00014429646,0
non-tumour/TCGA-QG-A5Z2-01Z-00-DX2_32256_10240.jpg,TCGA-QG-A5Z2,TCGA-QG-A5Z2-01Z-00-DX2,0,0.05216273,0
non-tumour/TCGA-QG-A5Z2-01Z-00-DX2_32256_11776.jpg,TCGA-QG-A5Z2,TCGA-QG-A5Z2-01Z-00-DX2,0,5.9420432e-05,0
non-tumour/TCGA-QG-A5Z2-01Z-00-DX2_32256_12800.jpg,TCGA-QG-A5Z2,TCGA-QG-A5Z2-01Z-00-DX2,0,2.1003243e-06,0
non-tumour/TCGA-QG-A5Z2-01Z-00-DX2_32256_13312.jpg,TCGA-QG-A5Z2,TCGA-QG-A5Z2-01Z-00-DX2,0,5.264444e-05,0
non-tumour/TCGA-QG-A5Z2-01Z-00-DX2_32256_14848.jpg,TCGA-QG-A5Z2,TCGA-QG-A5Z2-01Z-00-DX2,0,8.697051e-05,0
non-tumour/TCGA-QG-A5Z2-01Z-00-DX2_32256_15872.jpg,TCGA-QG-A5Z2,TCGA-QG-A5Z2-01Z-00-DX2,0,2.7931346e-05,0
non-tumour/TCGA-QG-A5Z2-01Z-00-DX2_32256_16384.jpg,TCGA-QG-A5Z2,TCGA-QG-A5Z2-01Z-00-DX2,0,1.7073444e-05,0
non-tumour/TCGA-QG-A5Z2-01Z-00-DX2_32256_16896.jpg,TCGA-QG-A5Z2,TCGA-QG-A5Z2-01Z-00-DX2,0,3.7410082e-05,0
non-tumour/TCGA-QG-A5Z2-01Z-00-DX2_32256_17920.jpg,TCGA-QG-A5Z2,TCGA-QG-A5Z2-01Z-00-DX2,0,0.0015005349,0
non-tumour/TCGA-QG-A5Z2-01Z-00-DX2_32256_18944.jpg,TCGA-QG-A5Z2,TCGA-QG-A5Z2-01Z-00-DX2,0,0.00013789083,0
non-tumour/TCGA-QG-A5Z2-01Z-00-DX2_32256_19968.jpg,TCGA-QG-A5Z2,TCGA-QG-A5Z2-01Z-00-DX2,0,0.01686629,0
non-tumour/TCGA-QG-A5Z2-01Z-00-DX2_32256_20992.jpg,TCGA-QG-A5Z2,TCGA-QG-A5Z2-01Z-00-DX2,0,0.10803366,0
non-tumour/TCGA-QG-A5Z2-01Z-00-DX2_32256_22528.jpg,TCGA-QG-A5Z2,TCGA-QG-A5Z2-01Z-00-DX2,0,8.232568e-05,0
non-tumour/TCGA-QG-A5Z2-01Z-00-DX2_32256_23040.jpg,TCGA-QG-A5Z2,TCGA-QG-A5Z2-01Z-00-DX2,0,3.3911183e-05,0
non-tumour/TCGA-QG-A5Z2-01Z-00-DX2_32256_23552.jpg,TCGA-QG-A5Z2,TCGA-QG-A5Z2-01Z-00-DX2,0,6.356242e-07,0
non-tumour/TCGA-QG-A5Z2-01Z-00-DX2_32256_24576.jpg,TCGA-QG-A5Z2,TCGA-QG-A5Z2-01Z-00-DX2,0,0.00010141782,0
non-tumour/TCGA-QG-A5Z2-01Z-00-DX2_32256_25088.jpg,TCGA-QG-A5Z2,TCGA-QG-A5Z2-01Z-00-DX2,0,0.002163914,0
non-tumour/TCGA-QG-A5Z2-01Z-00-DX2_32256_25600.jpg,TCGA-QG-A5Z2,TCGA-QG-A5Z2-01Z-00-DX2,0,0.0430464,0
non-tumour/TCGA-QG-A5Z2-01Z-00-DX2_32256_26624.jpg,TCGA-QG-A5Z2,TCGA-QG-A5Z2-01Z-00-DX2,0,0.00021824456,0
non-tumour/TCGA-QG-A5Z2-01Z-00-DX2_32256_27136.jpg,TCGA-QG-A5Z2,TCGA-QG-A5Z2-01Z-00-DX2,0,3.4981294e-05,0
non-tumour/TCGA-QG-A5Z2-01Z-00-DX2_32256_28672.jpg,TCGA-QG-A5Z2,TCGA-QG-A5Z2-01Z-00-DX2,0,0.0075889463,0
non-tumour/TCGA-QG-A5Z2-01Z-00-DX2_32256_29184.jpg,TCGA-QG-A5Z2,TCGA-QG-A5Z2-01Z-00-DX2,0,7.3274896e-05,0
non-tumour/TCGA-QG-A5Z2-01Z-00-DX2_32256_29696.jpg,TCGA-QG-A5Z2,TCGA-QG-A5Z2-01Z-00-DX2,0,7.697348e-07,0
non-tumour/TCGA-QG-A5Z2-01Z-00-DX2_32256_30208.jpg,TCGA-QG-A5Z2,TCGA-QG-A5Z2-01Z-00-DX2,0,0.00015054572,0
non-tumour/TCGA-QG-A5Z2-01Z-00-DX2_32256_30720.jpg,TCGA-QG-A5Z2,TCGA-QG-A5Z2-01Z-00-DX2,0,0.0019378286,0
non-tumour/TCGA-QG-A5Z2-01Z-00-DX2_32256_31232.jpg,TCGA-QG-A5Z2,TCGA-QG-A5Z2-01Z-00-DX2,0,0.00010778488,0
non-tumour/TCGA-QG-A5Z2-01Z-00-DX2_32256_31744.jpg,TCGA-QG-A5Z2,TCGA-QG-A5Z2-01Z-00-DX2,0,9.735871e-05,0
non-tumour/TCGA-QG-A5Z2-01Z-00-DX2_32256_33792.jpg,TCGA-QG-A5Z2,TCGA-QG-A5Z2-01Z-00-DX2,0,0.004878785,0
non-tumour/TCGA-QG-A5Z2-01Z-00-DX2_32256_34304.jpg,TCGA-QG-A5Z2,TCGA-QG-A5Z2-01Z-00-DX2,0,0.00063623337,0
non-tumour/TCGA-QG-A5Z2-01Z-00-DX2_32256_9216.jpg,TCGA-QG-A5Z2,TCGA-QG-A5Z2-01Z-00-DX2,0,0.015917838,0
non-tumour/TCGA-QG-A5Z2-01Z-00-DX2_32256_9728.jpg,TCGA-QG-A5Z2,TCGA-QG-A5Z2-01Z-00-DX2,0,0.0014676724,0
non-tumour/TCGA-QG-A5Z2-01Z-00-DX2_32768_10240.jpg,TCGA-QG-A5Z2,TCGA-QG-A5Z2-01Z-00-DX2,0,0.7508045,1
non-tumour/TCGA-QG-A5Z2-01Z-00-DX2_32768_14336.jpg,TCGA-QG-A5Z2,TCGA-QG-A5Z2-01Z-00-DX2,0,0.0019201182,0
non-tumour/TCGA-QG-A5Z2-01Z-00-DX2_32768_14848.jpg,TCGA-QG-A5Z2,TCGA-QG-A5Z2-01Z-00-DX2,0,8.723697e-05,0
non-tumour/TCGA-QG-A5Z2-01Z-00-DX2_32768_16384.jpg,TCGA-QG-A5Z2,TCGA-QG-A5Z2-01Z-00-DX2,0,1.1877354e-05,0
non-tumour/TCGA-QG-A5Z2-01Z-00-DX2_32768_16896.jpg,TCGA-QG-A5Z2,TCGA-QG-A5Z2-01Z-00-DX2,0,1.0786024e-06,0
non-tumour/TCGA-QG-A5Z2-01Z-00-DX2_32768_17408.jpg,TCGA-QG-A5Z2,TCGA-QG-A5Z2-01Z-00-DX2,0,3.3531465e-05,0
non-tumour/TCGA-QG-A5Z2-01Z-00-DX2_32768_17920.jpg,TCGA-QG-A5Z2,TCGA-QG-A5Z2-01Z-00-DX2,0,0.00069007213,0
non-tumour/TCGA-QG-A5Z2-01Z-00-DX2_32768_18432.jpg,TCGA-QG-A5Z2,TCGA-QG-A5Z2-01Z-00-DX2,0,0.0001661414,0
non-tumour/TCGA-QG-A5Z2-01Z-00-DX2_32768_18944.jpg,TCGA-QG-A5Z2,TCGA-QG-A5Z2-01Z-00-DX2,0,0.00086819316,0
non-tumour/TCGA-QG-A5Z2-01Z-00-DX2_32768_19456.jpg,TCGA-QG-A5Z2,TCGA-QG-A5Z2-01Z-00-DX2,0,0.012332086,0
non-tumour/TCGA-QG-A5Z2-01Z-00-DX2_32768_20480.jpg,TCGA-QG-A5Z2,TCGA-QG-A5Z2-01Z-00-DX2,0,0.00097529555,0
non-tumour/TCGA-QG-A5Z2-01Z-00-DX2_32768_20992.jpg,TCGA-QG-A5Z2,TCGA-QG-A5Z2-01Z-00-DX2,0,0.053264968,0
non-tumour/TCGA-QG-A5Z2-01Z-00-DX2_32768_23552.jpg,TCGA-QG-A5Z2,TCGA-QG-A5Z2-01Z-00-DX2,0,3.0087942e-05,0
non-tumour/TCGA-QG-A5Z2-01Z-00-DX2_32768_24064.jpg,TCGA-QG-A5Z2,TCGA-QG-A5Z2-01Z-00-DX2,0,0.010492646,0
non-tumour/TCGA-QG-A5Z2-01Z-00-DX2_32768_24576.jpg,TCGA-QG-A5Z2,TCGA-QG-A5Z2-01Z-00-DX2,0,0.0021536928,0
non-tumour/TCGA-QG-A5Z2-01Z-00-DX2_32768_25600.jpg,TCGA-QG-A5Z2,TCGA-QG-A5Z2-01Z-00-DX2,0,7.56556e-05,0
non-tumour/TCGA-QG-A5Z2-01Z-00-DX2_32768_26624.jpg,TCGA-QG-A5Z2,TCGA-QG-A5Z2-01Z-00-DX2,0,1.9366912e-06,0
non-tumour/TCGA-QG-A5Z2-01Z-00-DX2_32768_28160.jpg,TCGA-QG-A5Z2,TCGA-QG-A5Z2-01Z-00-DX2,0,4.389117e-06,0
non-tumour/TCGA-QG-A5Z2-01Z-00-DX2_32768_28672.jpg,TCGA-QG-A5Z2,TCGA-QG-A5Z2-01Z-00-DX2,0,0.0002395836,0
non-tumour/TCGA-QG-A5Z2-01Z-00-DX2_32768_29696.jpg,TCGA-QG-A5Z2,TCGA-QG-A5Z2-01Z-00-DX2,0,9.78658e-06,0
non-tumour/TCGA-QG-A5Z2-01Z-00-DX2_32768_30208.jpg,TCGA-QG-A5Z2,TCGA-QG-A5Z2-01Z-00-DX2,0,6.520701e-05,0
non-tumour/TCGA-QG-A5Z2-01Z-00-DX2_32768_30720.jpg,TCGA-QG-A5Z2,TCGA-QG-A5Z2-01Z-00-DX2,0,0.00012425284,0
non-tumour/TCGA-QG-A5Z2-01Z-00-DX2_32768_31232.jpg,TCGA-QG-A5Z2,TCGA-QG-A5Z2-01Z-00-DX2,0,0.0003634291,0
non-tumour/TCGA-QG-A5Z2-01Z-00-DX2_32768_31744.jpg,TCGA-QG-A5Z2,TCGA-QG-A5Z2-01Z-00-DX2,0,0.00025302896,0
non-tumour/TCGA-QG-A5Z2-01Z-00-DX2_32768_33792.jpg,TCGA-QG-A5Z2,TCGA-QG-A5Z2-01Z-00-DX2,0,0.004718956,0
non-tumour/TCGA-QG-A5Z2-01Z-00-DX2_32768_8192.jpg,TCGA-QG-A5Z2,TCGA-QG-A5Z2-01Z-00-DX2,0,0.13936052,0
non-tumour/TCGA-QG-A5Z2-01Z-00-DX2_32768_9728.jpg,TCGA-QG-A5Z2,TCGA-QG-A5Z2-01Z-00-DX2,0,0.09511166,0
non-tumour/TCGA-QG-A5Z2-01Z-00-DX2_33280_14848.jpg,TCGA-QG-A5Z2,TCGA-QG-A5Z2-01Z-00-DX2,0,0.000102568374,0
non-tumour/TCGA-QG-A5Z2-01Z-00-DX2_33280_15360.jpg,TCGA-QG-A5Z2,TCGA-QG-A5Z2-01Z-00-DX2,0,2.5531697e-05,0
non-tumour/TCGA-QG-A5Z2-01Z-00-DX2_33280_17408.jpg,TCGA-QG-A5Z2,TCGA-QG-A5Z2-01Z-00-DX2,0,1.2267333e-06,0
non-tumour/TCGA-QG-A5Z2-01Z-00-DX2_33280_18944.jpg,TCGA-QG-A5Z2,TCGA-QG-A5Z2-01Z-00-DX2,0,0.0035239358,0
non-tumour/TCGA-QG-A5Z2-01Z-00-DX2_33280_19456.jpg,TCGA-QG-A5Z2,TCGA-QG-A5Z2-01Z-00-DX2,0,0.06706996,0
non-tumour/TCGA-QG-A5Z2-01Z-00-DX2_33280_22528.jpg,TCGA-QG-A5Z2,TCGA-QG-A5Z2-01Z-00-DX2,0,0.00019619855,0
non-tumour/TCGA-QG-A5Z2-01Z-00-DX2_33280_23552.jpg,TCGA-QG-A5Z2,TCGA-QG-A5Z2-01Z-00-DX2,0,2.9749868e-05,0
non-tumour/TCGA-QG-A5Z2-01Z-00-DX2_33280_24064.jpg,TCGA-QG-A5Z2,TCGA-QG-A5Z2-01Z-00-DX2,0,4.3588457e-06,0
non-tumour/TCGA-QG-A5Z2-01Z-00-DX2_33280_24576.jpg,TCGA-QG-A5Z2,TCGA-QG-A5Z2-01Z-00-DX2,0,1.411256e-05,0
non-tumour/TCGA-QG-A5Z2-01Z-00-DX2_33280_25088.jpg,TCGA-QG-A5Z2,TCGA-QG-A5Z2-01Z-00-DX2,0,5.614956e-05,0
non-tumour/TCGA-QG-A5Z2-01Z-00-DX2_33280_25600.jpg,TCGA-QG-A5Z2,TCGA-QG-A5Z2-01Z-00-DX2,0,0.00015621574,0
non-tumour/TCGA-QG-A5Z2-01Z-00-DX2_33280_29696.jpg,TCGA-QG-A5Z2,TCGA-QG-A5Z2-01Z-00-DX2,0,4.99501e-05,0
non-tumour/TCGA-QG-A5Z2-01Z-00-DX2_33280_30208.jpg,TCGA-QG-A5Z2,TCGA-QG-A5Z2-01Z-00-DX2,0,1.7565815e-05,0
non-tumour/TCGA-QG-A5Z2-01Z-00-DX2_33280_31744.jpg,TCGA-QG-A5Z2,TCGA-QG-A5Z2-01Z-00-DX2,0,0.0008710029,0
non-tumour/TCGA-QG-A5Z2-01Z-00-DX2_33280_33280.jpg,TCGA-QG-A5Z2,TCGA-QG-A5Z2-01Z-00-DX2,0,0.39985022,0
non-tumour/TCGA-QG-A5Z2-01Z-00-DX2_33280_7680.jpg,TCGA-QG-A5Z2,TCGA-QG-A5Z2-01Z-00-DX2,0,0.9406781,1
non-tumour/TCGA-QG-A5Z2-01Z-00-DX2_33280_8192.jpg,TCGA-QG-A5Z2,TCGA-QG-A5Z2-01Z-00-DX2,0,0.07240043,0
non-tumour/TCGA-QG-A5Z2-01Z-00-DX2_33280_8704.jpg,TCGA-QG-A5Z2,TCGA-QG-A5Z2-01Z-00-DX2,0,0.0009919873,0
non-tumour/TCGA-QG-A5Z2-01Z-00-DX2_33280_9216.jpg,TCGA-QG-A5Z2,TCGA-QG-A5Z2-01Z-00-DX2,0,0.03250167,0
non-tumour/TCGA-QG-A5Z2-01Z-00-DX2_33280_9728.jpg,TCGA-QG-A5Z2,TCGA-QG-A5Z2-01Z-00-DX2,0,0.038032252,0
non-tumour/TCGA-QG-A5Z2-01Z-00-DX2_33792_10240.jpg,TCGA-QG-A5Z2,TCGA-QG-A5Z2-01Z-00-DX2,0,0.5613988,1
non-tumour/TCGA-QG-A5Z2-01Z-00-DX2_33792_12800.jpg,TCGA-QG-A5Z2,TCGA-QG-A5Z2-01Z-00-DX2,0,9.692575e-05,0
non-tumour/TCGA-QG-A5Z2-01Z-00-DX2_33792_13312.jpg,TCGA-QG-A5Z2,TCGA-QG-A5Z2-01Z-00-DX2,0,5.314039e-06,0
non-tumour/TCGA-QG-A5Z2-01Z-00-DX2_33792_15360.jpg,TCGA-QG-A5Z2,TCGA-QG-A5Z2-01Z-00-DX2,0,0.00072998175,0
non-tumour/TCGA-QG-A5Z2-01Z-00-DX2_33792_15872.jpg,TCGA-QG-A5Z2,TCGA-QG-A5Z2-01Z-00-DX2,0,0.00016489744,0
non-tumour/TCGA-QG-A5Z2-01Z-00-DX2_33792_16896.jpg,TCGA-QG-A5Z2,TCGA-QG-A5Z2-01Z-00-DX2,0,0.00019727246,0
non-tumour/TCGA-QG-A5Z2-01Z-00-DX2_33792_17408.jpg,TCGA-QG-A5Z2,TCGA-QG-A5Z2-01Z-00-DX2,0,5.3503672e-06,0
non-tumour/TCGA-QG-A5Z2-01Z-00-DX2_33792_17920.jpg,TCGA-QG-A5Z2,TCGA-QG-A5Z2-01Z-00-DX2,0,0.0001240517,0
non-tumour/TCGA-QG-A5Z2-01Z-00-DX2_33792_19456.jpg,TCGA-QG-A5Z2,TCGA-QG-A5Z2-01Z-00-DX2,0,0.013862317,0
non-tumour/TCGA-QG-A5Z2-01Z-00-DX2_33792_30208.jpg,TCGA-QG-A5Z2,TCGA-QG-A5Z2-01Z-00-DX2,0,0.052287515,0
non-tumour/TCGA-QG-A5Z2-01Z-00-DX2_33792_31744.jpg,TCGA-QG-A5Z2,TCGA-QG-A5Z2-01Z-00-DX2,0,0.0061146365,0
non-tumour/TCGA-QG-A5Z2-01Z-00-DX2_34304_12800.jpg,TCGA-QG-A5Z2,TCGA-QG-A5Z2-01Z-00-DX2,0,1.0576803e-05,0
non-tumour/TCGA-QG-A5Z2-01Z-00-DX2_34304_13312.jpg,TCGA-QG-A5Z2,TCGA-QG-A5Z2-01Z-00-DX2,0,9.690634e-05,0
non-tumour/TCGA-QG-A5Z2-01Z-00-DX2_34304_13824.jpg,TCGA-QG-A5Z2,TCGA-QG-A5Z2-01Z-00-DX2,0,0.00011259159,0
non-tumour/TCGA-QG-A5Z2-01Z-00-DX2_34304_14848.jpg,TCGA-QG-A5Z2,TCGA-QG-A5Z2-01Z-00-DX2,0,8.147231e-05,0
non-tumour/TCGA-QG-A5Z2-01Z-00-DX2_34304_15360.jpg,TCGA-QG-A5Z2,TCGA-QG-A5Z2-01Z-00-DX2,0,0.00086543575,0
non-tumour/TCGA-QG-A5Z2-01Z-00-DX2_34304_16896.jpg,TCGA-QG-A5Z2,TCGA-QG-A5Z2-01Z-00-DX2,0,4.8445013e-06,0
non-tumour/TCGA-QG-A5Z2-01Z-00-DX2_34304_17408.jpg,TCGA-QG-A5Z2,TCGA-QG-A5Z2-01Z-00-DX2,0,4.0525947e-06,0
non-tumour/TCGA-QG-A5Z2-01Z-00-DX2_34304_18432.jpg,TCGA-QG-A5Z2,TCGA-QG-A5Z2-01Z-00-DX2,0,4.4747423e-05,0
non-tumour/TCGA-QG-A5Z2-01Z-00-DX2_34304_19456.jpg,TCGA-QG-A5Z2,TCGA-QG-A5Z2-01Z-00-DX2,0,0.001089293,0
non-tumour/TCGA-QG-A5Z2-01Z-00-DX2_34304_20480.jpg,TCGA-QG-A5Z2,TCGA-QG-A5Z2-01Z-00-DX2,0,0.0043648263,0
non-tumour/TCGA-QG-A5Z2-01Z-00-DX2_34304_20992.jpg,TCGA-QG-A5Z2,TCGA-QG-A5Z2-01Z-00-DX2,0,0.013528502,0
non-tumour/TCGA-QG-A5Z2-01Z-00-DX2_34304_22016.jpg,TCGA-QG-A5Z2,TCGA-QG-A5Z2-01Z-00-DX2,0,0.003594272,0
non-tumour/TCGA-QG-A5Z2-01Z-00-DX2_34304_23552.jpg,TCGA-QG-A5Z2,TCGA-QG-A5Z2-01Z-00-DX2,0,0.00613065,0
non-tumour/TCGA-QG-A5Z2-01Z-00-DX2_34304_8704.jpg,TCGA-QG-A5Z2,TCGA-QG-A5Z2-01Z-00-DX2,0,0.0013688346,0
non-tumour/TCGA-QG-A5Z2-01Z-00-DX2_34304_9216.jpg,TCGA-QG-A5Z2,TCGA-QG-A5Z2-01Z-00-DX2,0,0.028509965,0
non-tumour/TCGA-QG-A5Z2-01Z-00-DX2_34816_10240.jpg,TCGA-QG-A5Z2,TCGA-QG-A5Z2-01Z-00-DX2,0,0.776055,1
non-tumour/TCGA-QG-A5Z2-01Z-00-DX2_34816_12800.jpg,TCGA-QG-A5Z2,TCGA-QG-A5Z2-01Z-00-DX2,0,1.8267201e-05,0
non-tumour/TCGA-QG-A5Z2-01Z-00-DX2_34816_13824.jpg,TCGA-QG-A5Z2,TCGA-QG-A5Z2-01Z-00-DX2,0,0.00013917999,0
non-tumour/TCGA-QG-A5Z2-01Z-00-DX2_34816_14848.jpg,TCGA-QG-A5Z2,TCGA-QG-A5Z2-01Z-00-DX2,0,0.00049666903,0
non-tumour/TCGA-QG-A5Z2-01Z-00-DX2_34816_15360.jpg,TCGA-QG-A5Z2,TCGA-QG-A5Z2-01Z-00-DX2,0,5.0702703e-05,0
non-tumour/TCGA-QG-A5Z2-01Z-00-DX2_34816_15872.jpg,TCGA-QG-A5Z2,TCGA-QG-A5Z2-01Z-00-DX2,0,3.9326815e-06,0
non-tumour/TCGA-QG-A5Z2-01Z-00-DX2_34816_16384.jpg,TCGA-QG-A5Z2,TCGA-QG-A5Z2-01Z-00-DX2,0,1.9790517e-05,0
non-tumour/TCGA-QG-A5Z2-01Z-00-DX2_34816_17408.jpg,TCGA-QG-A5Z2,TCGA-QG-A5Z2-01Z-00-DX2,0,2.6197536e-05,0
non-tumour/TCGA-QG-A5Z2-01Z-00-DX2_34816_19456.jpg,TCGA-QG-A5Z2,TCGA-QG-A5Z2-01Z-00-DX2,0,0.032235414,0
non-tumour/TCGA-QG-A5Z2-01Z-00-DX2_34816_20992.jpg,TCGA-QG-A5Z2,TCGA-QG-A5Z2-01Z-00-DX2,0,0.036408402,0
non-tumour/TCGA-QG-A5Z2-01Z-00-DX2_34816_21504.jpg,TCGA-QG-A5Z2,TCGA-QG-A5Z2-01Z-00-DX2,0,0.0041934755,0
non-tumour/TCGA-QG-A5Z2-01Z-00-DX2_34816_22528.jpg,TCGA-QG-A5Z2,TCGA-QG-A5Z2-01Z-00-DX2,0,0.19443224,0
non-tumour/TCGA-QG-A5Z2-01Z-00-DX2_34816_23040.jpg,TCGA-QG-A5Z2,TCGA-QG-A5Z2-01Z-00-DX2,0,0.23698534,0
non-tumour/TCGA-QG-A5Z2-01Z-00-DX2_34816_23552.jpg,TCGA-QG-A5Z2,TCGA-QG-A5Z2-01Z-00-DX2,0,0.00082637725,0
non-tumour/TCGA-QG-A5Z2-01Z-00-DX2_34816_28160.jpg,TCGA-QG-A5Z2,TCGA-QG-A5Z2-01Z-00-DX2,0,0.06769217,0
non-tumour/TCGA-QG-A5Z2-01Z-00-DX2_34816_28672.jpg,TCGA-QG-A5Z2,TCGA-QG-A5Z2-01Z-00-DX2,0,0.0060012913,0
non-tumour/TCGA-QG-A5Z2-01Z-00-DX2_34816_31744.jpg,TCGA-QG-A5Z2,TCGA-QG-A5Z2-01Z-00-DX2,0,0.002907415,0
non-tumour/TCGA-QG-A5Z2-01Z-00-DX2_34816_8192.jpg,TCGA-QG-A5Z2,TCGA-QG-A5Z2-01Z-00-DX2,0,0.82019264,1
non-tumour/TCGA-QG-A5Z2-01Z-00-DX2_35328_10752.jpg,TCGA-QG-A5Z2,TCGA-QG-A5Z2-01Z-00-DX2,0,0.18053114,0
non-tumour/TCGA-QG-A5Z2-01Z-00-DX2_35328_12800.jpg,TCGA-QG-A5Z2,TCGA-QG-A5Z2-01Z-00-DX2,0,3.377331e-05,0
non-tumour/TCGA-QG-A5Z2-01Z-00-DX2_35328_14848.jpg,TCGA-QG-A5Z2,TCGA-QG-A5Z2-01Z-00-DX2,0,0.030527432,0
non-tumour/TCGA-QG-A5Z2-01Z-00-DX2_35328_16896.jpg,TCGA-QG-A5Z2,TCGA-QG-A5Z2-01Z-00-DX2,0,6.1969426e-05,0
non-tumour/TCGA-QG-A5Z2-01Z-00-DX2_35328_17408.jpg,TCGA-QG-A5Z2,TCGA-QG-A5Z2-01Z-00-DX2,0,4.874244e-06,0
non-tumour/TCGA-QG-A5Z2-01Z-00-DX2_35328_18432.jpg,TCGA-QG-A5Z2,TCGA-QG-A5Z2-01Z-00-DX2,0,1.8164621e-05,0
non-tumour/TCGA-QG-A5Z2-01Z-00-DX2_35328_18944.jpg,TCGA-QG-A5Z2,TCGA-QG-A5Z2-01Z-00-DX2,0,0.0022964429,0
non-tumour/TCGA-QG-A5Z2-01Z-00-DX2_35328_19968.jpg,TCGA-QG-A5Z2,TCGA-QG-A5Z2-01Z-00-DX2,0,5.501562e-05,0
non-tumour/TCGA-QG-A5Z2-01Z-00-DX2_35328_20480.jpg,TCGA-QG-A5Z2,TCGA-QG-A5Z2-01Z-00-DX2,0,0.010308632,0
non-tumour/TCGA-QG-A5Z2-01Z-00-DX2_35328_20992.jpg,TCGA-QG-A5Z2,TCGA-QG-A5Z2-01Z-00-DX2,0,0.00012931872,0
non-tumour/TCGA-QG-A5Z2-01Z-00-DX2_35328_21504.jpg,TCGA-QG-A5Z2,TCGA-QG-A5Z2-01Z-00-DX2,0,0.010606191,0
non-tumour/TCGA-QG-A5Z2-01Z-00-DX2_35328_23040.jpg,TCGA-QG-A5Z2,TCGA-QG-A5Z2-01Z-00-DX2,0,0.02271693,0
non-tumour/TCGA-QG-A5Z2-01Z-00-DX2_35328_25600.jpg,TCGA-QG-A5Z2,TCGA-QG-A5Z2-01Z-00-DX2,0,0.00071944896,0
non-tumour/TCGA-QG-A5Z2-01Z-00-DX2_35328_26112.jpg,TCGA-QG-A5Z2,TCGA-QG-A5Z2-01Z-00-DX2,0,0.032538407,0
non-tumour/TCGA-QG-A5Z2-01Z-00-DX2_35328_27136.jpg,TCGA-QG-A5Z2,TCGA-QG-A5Z2-01Z-00-DX2,0,0.020710208,0
non-tumour/TCGA-QG-A5Z2-01Z-00-DX2_35328_29696.jpg,TCGA-QG-A5Z2,TCGA-QG-A5Z2-01Z-00-DX2,0,0.0065457765,0
non-tumour/TCGA-QG-A5Z2-01Z-00-DX2_35328_33280.jpg,TCGA-QG-A5Z2,TCGA-QG-A5Z2-01Z-00-DX2,0,0.18478322,0
non-tumour/TCGA-QG-A5Z2-01Z-00-DX2_35328_8704.jpg,TCGA-QG-A5Z2,TCGA-QG-A5Z2-01Z-00-DX2,0,0.0019630482,0
non-tumour/TCGA-QG-A5Z2-01Z-00-DX2_35840_10240.jpg,TCGA-QG-A5Z2,TCGA-QG-A5Z2-01Z-00-DX2,0,0.8716288,1
non-tumour/TCGA-QG-A5Z2-01Z-00-DX2_35840_13824.jpg,TCGA-QG-A5Z2,TCGA-QG-A5Z2-01Z-00-DX2,0,7.264317e-05,0
non-tumour/TCGA-QG-A5Z2-01Z-00-DX2_35840_14848.jpg,TCGA-QG-A5Z2,TCGA-QG-A5Z2-01Z-00-DX2,0,0.16361381,0
non-tumour/TCGA-QG-A5Z2-01Z-00-DX2_35840_15360.jpg,TCGA-QG-A5Z2,TCGA-QG-A5Z2-01Z-00-DX2,0,2.6993666e-05,0
non-tumour/TCGA-QG-A5Z2-01Z-00-DX2_35840_22016.jpg,TCGA-QG-A5Z2,TCGA-QG-A5Z2-01Z-00-DX2,0,0.046017643,0
non-tumour/TCGA-QG-A5Z2-01Z-00-DX2_35840_23040.jpg,TCGA-QG-A5Z2,TCGA-QG-A5Z2-01Z-00-DX2,0,3.9109655e-05,0
non-tumour/TCGA-QG-A5Z2-01Z-00-DX2_35840_25088.jpg,TCGA-QG-A5Z2,TCGA-QG-A5Z2-01Z-00-DX2,0,0.46637133,0
non-tumour/TCGA-QG-A5Z2-01Z-00-DX2_35840_25600.jpg,TCGA-QG-A5Z2,TCGA-QG-A5Z2-01Z-00-DX2,0,0.008367427,0
non-tumour/TCGA-QG-A5Z2-01Z-00-DX2_35840_26112.jpg,TCGA-QG-A5Z2,TCGA-QG-A5Z2-01Z-00-DX2,0,0.0054312763,0
non-tumour/TCGA-QG-A5Z2-01Z-00-DX2_35840_26624.jpg,TCGA-QG-A5Z2,TCGA-QG-A5Z2-01Z-00-DX2,0,0.017607005,0
non-tumour/TCGA-QG-A5Z2-01Z-00-DX2_35840_27136.jpg,TCGA-QG-A5Z2,TCGA-QG-A5Z2-01Z-00-DX2,0,0.013960993,0
non-tumour/TCGA-QG-A5Z2-01Z-00-DX2_35840_27648.jpg,TCGA-QG-A5Z2,TCGA-QG-A5Z2-01Z-00-DX2,0,0.06519365,0
non-tumour/TCGA-QG-A5Z2-01Z-00-DX2_35840_29184.jpg,TCGA-QG-A5Z2,TCGA-QG-A5Z2-01Z-00-DX2,0,0.17281869,0
non-tumour/TCGA-QG-A5Z2-01Z-00-DX2_35840_30208.jpg,TCGA-QG-A5Z2,TCGA-QG-A5Z2-01Z-00-DX2,0,0.038505733,0
non-tumour/TCGA-QG-A5Z2-01Z-00-DX2_35840_33792.jpg,TCGA-QG-A5Z2,TCGA-QG-A5Z2-01Z-00-DX2,0,0.17056446,0
non-tumour/TCGA-QG-A5Z2-01Z-00-DX2_35840_8704.jpg,TCGA-QG-A5Z2,TCGA-QG-A5Z2-01Z-00-DX2,0,0.05634542,0
non-tumour/TCGA-QG-A5Z2-01Z-00-DX2_35840_9216.jpg,TCGA-QG-A5Z2,TCGA-QG-A5Z2-01Z-00-DX2,0,0.31366602,0
non-tumour/TCGA-QG-A5Z2-01Z-00-DX2_36352_10240.jpg,TCGA-QG-A5Z2,TCGA-QG-A5Z2-01Z-00-DX2,0,0.60006374,1
non-tumour/TCGA-QG-A5Z2-01Z-00-DX2_36352_12800.jpg,TCGA-QG-A5Z2,TCGA-QG-A5Z2-01Z-00-DX2,0,0.0003501364,0
non-tumour/TCGA-QG-A5Z2-01Z-00-DX2_36352_15360.jpg,TCGA-QG-A5Z2,TCGA-QG-A5Z2-01Z-00-DX2,0,6.1149003e-06,0
non-tumour/TCGA-QG-A5Z2-01Z-00-DX2_36352_15872.jpg,TCGA-QG-A5Z2,TCGA-QG-A5Z2-01Z-00-DX2,0,5.484621e-05,0
non-tumour/TCGA-QG-A5Z2-01Z-00-DX2_36352_16384.jpg,TCGA-QG-A5Z2,TCGA-QG-A5Z2-01Z-00-DX2,0,9.884564e-05,0
non-tumour/TCGA-QG-A5Z2-01Z-00-DX2_36352_16896.jpg,TCGA-QG-A5Z2,TCGA-QG-A5Z2-01Z-00-DX2,0,4.893377e-06,0
non-tumour/TCGA-QG-A5Z2-01Z-00-DX2_36352_18944.jpg,TCGA-QG-A5Z2,TCGA-QG-A5Z2-01Z-00-DX2,0,0.0033321052,0
non-tumour/TCGA-QG-A5Z2-01Z-00-DX2_36352_19456.jpg,TCGA-QG-A5Z2,TCGA-QG-A5Z2-01Z-00-DX2,0,9.471924e-05,0
non-tumour/TCGA-QG-A5Z2-01Z-00-DX2_36352_21504.jpg,TCGA-QG-A5Z2,TCGA-QG-A5Z2-01Z-00-DX2,0,0.9760134,1
non-tumour/TCGA-QG-A5Z2-01Z-00-DX2_36352_23040.jpg,TCGA-QG-A5Z2,TCGA-QG-A5Z2-01Z-00-DX2,0,3.331507e-05,0
non-tumour/TCGA-QG-A5Z2-01Z-00-DX2_36352_25088.jpg,TCGA-QG-A5Z2,TCGA-QG-A5Z2-01Z-00-DX2,0,0.817537,1
non-tumour/TCGA-QG-A5Z2-01Z-00-DX2_36352_25600.jpg,TCGA-QG-A5Z2,TCGA-QG-A5Z2-01Z-00-DX2,0,0.0036844625,0
non-tumour/TCGA-QG-A5Z2-01Z-00-DX2_36352_27648.jpg,TCGA-QG-A5Z2,TCGA-QG-A5Z2-01Z-00-DX2,0,0.0048381495,0
non-tumour/TCGA-QG-A5Z2-01Z-00-DX2_36352_33280.jpg,TCGA-QG-A5Z2,TCGA-QG-A5Z2-01Z-00-DX2,0,0.27546716,0
non-tumour/TCGA-QG-A5Z2-01Z-00-DX2_36352_33792.jpg,TCGA-QG-A5Z2,TCGA-QG-A5Z2-01Z-00-DX2,0,0.04417988,0
non-tumour/TCGA-QG-A5Z2-01Z-00-DX2_36352_9216.jpg,TCGA-QG-A5Z2,TCGA-QG-A5Z2-01Z-00-DX2,0,0.045048703,0
non-tumour/TCGA-QG-A5Z2-01Z-00-DX2_36864_10752.jpg,TCGA-QG-A5Z2,TCGA-QG-A5Z2-01Z-00-DX2,0,0.07520352,0
non-tumour/TCGA-QG-A5Z2-01Z-00-DX2_36864_13312.jpg,TCGA-QG-A5Z2,TCGA-QG-A5Z2-01Z-00-DX2,0,0.00072820095,0
non-tumour/TCGA-QG-A5Z2-01Z-00-DX2_36864_13824.jpg,TCGA-QG-A5Z2,TCGA-QG-A5Z2-01Z-00-DX2,0,0.035785712,0
non-tumour/TCGA-QG-A5Z2-01Z-00-DX2_36864_15872.jpg,TCGA-QG-A5Z2,TCGA-QG-A5Z2-01Z-00-DX2,0,0.0001416952,0
non-tumour/TCGA-QG-A5Z2-01Z-00-DX2_36864_16384.jpg,TCGA-QG-A5Z2,TCGA-QG-A5Z2-01Z-00-DX2,0,9.486974e-06,0
non-tumour/TCGA-QG-A5Z2-01Z-00-DX2_36864_17920.jpg,TCGA-QG-A5Z2,TCGA-QG-A5Z2-01Z-00-DX2,0,1.5895259e-05,0
non-tumour/TCGA-QG-A5Z2-01Z-00-DX2_36864_18432.jpg,TCGA-QG-A5Z2,TCGA-QG-A5Z2-01Z-00-DX2,0,0.0029077358,0
non-tumour/TCGA-QG-A5Z2-01Z-00-DX2_36864_20992.jpg,TCGA-QG-A5Z2,TCGA-QG-A5Z2-01Z-00-DX2,0,0.00016131322,0
non-tumour/TCGA-QG-A5Z2-01Z-00-DX2_36864_22016.jpg,TCGA-QG-A5Z2,TCGA-QG-A5Z2-01Z-00-DX2,0,3.884248e-05,0
non-tumour/TCGA-QG-A5Z2-01Z-00-DX2_36864_22528.jpg,TCGA-QG-A5Z2,TCGA-QG-A5Z2-01Z-00-DX2,0,0.014900455,0
non-tumour/TCGA-QG-A5Z2-01Z-00-DX2_36864_24576.jpg,TCGA-QG-A5Z2,TCGA-QG-A5Z2-01Z-00-DX2,0,0.8928882,1
non-tumour/TCGA-QG-A5Z2-01Z-00-DX2_36864_25088.jpg,TCGA-QG-A5Z2,TCGA-QG-A5Z2-01Z-00-DX2,0,0.08730911,0
non-tumour/TCGA-QG-A5Z2-01Z-00-DX2_36864_25600.jpg,TCGA-QG-A5Z2,TCGA-QG-A5Z2-01Z-00-DX2,0,0.017786304,0
non-tumour/TCGA-QG-A5Z2-01Z-00-DX2_36864_26112.jpg,TCGA-QG-A5Z2,TCGA-QG-A5Z2-01Z-00-DX2,0,0.1038499,0
non-tumour/TCGA-QG-A5Z2-01Z-00-DX2_36864_28160.jpg,TCGA-QG-A5Z2,TCGA-QG-A5Z2-01Z-00-DX2,0,0.008664408,0
non-tumour/TCGA-QG-A5Z2-01Z-00-DX2_36864_28672.jpg,TCGA-QG-A5Z2,TCGA-QG-A5Z2-01Z-00-DX2,0,0.1016883,0
non-tumour/TCGA-QG-A5Z2-01Z-00-DX2_36864_33280.jpg,TCGA-QG-A5Z2,TCGA-QG-A5Z2-01Z-00-DX2,0,0.6542138,1
non-tumour/TCGA-QG-A5Z2-01Z-00-DX2_36864_33792.jpg,TCGA-QG-A5Z2,TCGA-QG-A5Z2-01Z-00-DX2,0,0.961686,1
non-tumour/TCGA-QG-A5Z2-01Z-00-DX2_36864_9216.jpg,TCGA-QG-A5Z2,TCGA-QG-A5Z2-01Z-00-DX2,0,0.084663816,0
non-tumour/TCGA-QG-A5Z2-01Z-00-DX2_36864_9728.jpg,TCGA-QG-A5Z2,TCGA-QG-A5Z2-01Z-00-DX2,0,0.24199545,0
non-tumour/TCGA-QG-A5Z2-01Z-00-DX2_37376_10752.jpg,TCGA-QG-A5Z2,TCGA-QG-A5Z2-01Z-00-DX2,0,0.24899371,0
non-tumour/TCGA-QG-A5Z2-01Z-00-DX2_37376_13312.jpg,TCGA-QG-A5Z2,TCGA-QG-A5Z2-01Z-00-DX2,0,0.060307235,0
non-tumour/TCGA-QG-A5Z2-01Z-00-DX2_37376_13824.jpg,TCGA-QG-A5Z2,TCGA-QG-A5Z2-01Z-00-DX2,0,0.01813121,0
non-tumour/TCGA-QG-A5Z2-01Z-00-DX2_37376_14848.jpg,TCGA-QG-A5Z2,TCGA-QG-A5Z2-01Z-00-DX2,0,1.3801801e-05,0
non-tumour/TCGA-QG-A5Z2-01Z-00-DX2_37376_15872.jpg,TCGA-QG-A5Z2,TCGA-QG-A5Z2-01Z-00-DX2,0,4.321531e-05,0
non-tumour/TCGA-QG-A5Z2-01Z-00-DX2_37376_16384.jpg,TCGA-QG-A5Z2,TCGA-QG-A5Z2-01Z-00-DX2,0,4.3623804e-06,0
non-tumour/TCGA-QG-A5Z2-01Z-00-DX2_37376_16896.jpg,TCGA-QG-A5Z2,TCGA-QG-A5Z2-01Z-00-DX2,0,2.7671787e-05,0
non-tumour/TCGA-QG-A5Z2-01Z-00-DX2_37376_20480.jpg,TCGA-QG-A5Z2,TCGA-QG-A5Z2-01Z-00-DX2,0,0.013437316,0
non-tumour/TCGA-QG-A5Z2-01Z-00-DX2_37376_20992.jpg,TCGA-QG-A5Z2,TCGA-QG-A5Z2-01Z-00-DX2,0,1.2930065e-05,0
non-tumour/TCGA-QG-A5Z2-01Z-00-DX2_37376_22528.jpg,TCGA-QG-A5Z2,TCGA-QG-A5Z2-01Z-00-DX2,0,3.064232e-05,0
non-tumour/TCGA-QG-A5Z2-01Z-00-DX2_37376_23040.jpg,TCGA-QG-A5Z2,TCGA-QG-A5Z2-01Z-00-DX2,0,0.008145462,0
non-tumour/TCGA-QG-A5Z2-01Z-00-DX2_37376_26624.jpg,TCGA-QG-A5Z2,TCGA-QG-A5Z2-01Z-00-DX2,0,0.018972462,0
non-tumour/TCGA-QG-A5Z2-01Z-00-DX2_37376_27136.jpg,TCGA-QG-A5Z2,TCGA-QG-A5Z2-01Z-00-DX2,0,0.100823805,0
non-tumour/TCGA-QG-A5Z2-01Z-00-DX2_37376_28160.jpg,TCGA-QG-A5Z2,TCGA-QG-A5Z2-01Z-00-DX2,0,0.011828477,0
non-tumour/TCGA-QG-A5Z2-01Z-00-DX2_37376_29696.jpg,TCGA-QG-A5Z2,TCGA-QG-A5Z2-01Z-00-DX2,0,0.012753363,0
non-tumour/TCGA-QG-A5Z2-01Z-00-DX2_37376_33280.jpg,TCGA-QG-A5Z2,TCGA-QG-A5Z2-01Z-00-DX2,0,0.5452208,1
non-tumour/TCGA-QG-A5Z2-01Z-00-DX2_37376_9728.jpg,TCGA-QG-A5Z2,TCGA-QG-A5Z2-01Z-00-DX2,0,0.46486062,0
non-tumour/TCGA-QG-A5Z2-01Z-00-DX2_37888_13312.jpg,TCGA-QG-A5Z2,TCGA-QG-A5Z2-01Z-00-DX2,0,8.706528e-05,0
non-tumour/TCGA-QG-A5Z2-01Z-00-DX2_37888_15872.jpg,TCGA-QG-A5Z2,TCGA-QG-A5Z2-01Z-00-DX2,0,0.00018514469,0
non-tumour/TCGA-QG-A5Z2-01Z-00-DX2_37888_17408.jpg,TCGA-QG-A5Z2,TCGA-QG-A5Z2-01Z-00-DX2,0,8.801855e-06,0
non-tumour/TCGA-QG-A5Z2-01Z-00-DX2_37888_20992.jpg,TCGA-QG-A5Z2,TCGA-QG-A5Z2-01Z-00-DX2,0,3.1801643e-05,0
non-tumour/TCGA-QG-A5Z2-01Z-00-DX2_37888_25600.jpg,TCGA-QG-A5Z2,TCGA-QG-A5Z2-01Z-00-DX2,0,0.13345107,0
non-tumour/TCGA-QG-A5Z2-01Z-00-DX2_37888_26624.jpg,TCGA-QG-A5Z2,TCGA-QG-A5Z2-01Z-00-DX2,0,0.002937216,0
non-tumour/TCGA-QG-A5Z2-01Z-00-DX2_37888_27136.jpg,TCGA-QG-A5Z2,TCGA-QG-A5Z2-01Z-00-DX2,0,0.03451368,0
non-tumour/TCGA-QG-A5Z2-01Z-00-DX2_37888_28160.jpg,TCGA-QG-A5Z2,TCGA-QG-A5Z2-01Z-00-DX2,0,0.08825406,0
non-tumour/TCGA-QG-A5Z2-01Z-00-DX2_37888_29696.jpg,TCGA-QG-A5Z2,TCGA-QG-A5Z2-01Z-00-DX2,0,0.028587148,0
non-tumour/TCGA-QG-A5Z2-01Z-00-DX2_37888_32768.jpg,TCGA-QG-A5Z2,TCGA-QG-A5Z2-01Z-00-DX2,0,0.032005165,0
non-tumour/TCGA-QG-A5Z2-01Z-00-DX2_37888_33792.jpg,TCGA-QG-A5Z2,TCGA-QG-A5Z2-01Z-00-DX2,0,0.46352518,0
non-tumour/TCGA-QG-A5Z2-01Z-00-DX2_38400_13312.jpg,TCGA-QG-A5Z2,TCGA-QG-A5Z2-01Z-00-DX2,0,0.00020831068,0
non-tumour/TCGA-QG-A5Z2-01Z-00-DX2_38400_13824.jpg,TCGA-QG-A5Z2,TCGA-QG-A5Z2-01Z-00-DX2,0,0.002606628,0
non-tumour/TCGA-QG-A5Z2-01Z-00-DX2_38400_15360.jpg,TCGA-QG-A5Z2,TCGA-QG-A5Z2-01Z-00-DX2,0,2.8319157e-06,0
non-tumour/TCGA-QG-A5Z2-01Z-00-DX2_38400_17408.jpg,TCGA-QG-A5Z2,TCGA-QG-A5Z2-01Z-00-DX2,0,0.0014699608,0
non-tumour/TCGA-QG-A5Z2-01Z-00-DX2_38400_22016.jpg,TCGA-QG-A5Z2,TCGA-QG-A5Z2-01Z-00-DX2,0,9.835455e-05,0
non-tumour/TCGA-QG-A5Z2-01Z-00-DX2_38400_23040.jpg,TCGA-QG-A5Z2,TCGA-QG-A5Z2-01Z-00-DX2,0,0.0030606135,0
non-tumour/TCGA-QG-A5Z2-01Z-00-DX2_38400_25088.jpg,TCGA-QG-A5Z2,TCGA-QG-A5Z2-01Z-00-DX2,0,0.40596464,0
non-tumour/TCGA-QG-A5Z2-01Z-00-DX2_38400_26112.jpg,TCGA-QG-A5Z2,TCGA-QG-A5Z2-01Z-00-DX2,0,0.09249275,0
non-tumour/TCGA-QG-A5Z2-01Z-00-DX2_38400_27648.jpg,TCGA-QG-A5Z2,TCGA-QG-A5Z2-01Z-00-DX2,0,0.05708708,0
non-tumour/TCGA-QG-A5Z2-01Z-00-DX2_38400_29696.jpg,TCGA-QG-A5Z2,TCGA-QG-A5Z2-01Z-00-DX2,0,0.25459492,0
non-tumour/TCGA-QG-A5Z2-01Z-00-DX2_38400_32768.jpg,TCGA-QG-A5Z2,TCGA-QG-A5Z2-01Z-00-DX2,0,0.0018262063,0
non-tumour/TCGA-QG-A5Z2-01Z-00-DX2_38400_33280.jpg,TCGA-QG-A5Z2,TCGA-QG-A5Z2-01Z-00-DX2,0,0.44119805,0
non-tumour/TCGA-QG-A5Z2-01Z-00-DX2_38400_33792.jpg,TCGA-QG-A5Z2,TCGA-QG-A5Z2-01Z-00-DX2,0,0.26415765,0
non-tumour/TCGA-QG-A5Z2-01Z-00-DX2_38912_13824.jpg,TCGA-QG-A5Z2,TCGA-QG-A5Z2-01Z-00-DX2,0,2.4051407e-05,0
non-tumour/TCGA-QG-A5Z2-01Z-00-DX2_38912_14848.jpg,TCGA-QG-A5Z2,TCGA-QG-A5Z2-01Z-00-DX2,0,6.2508416e-06,0
non-tumour/TCGA-QG-A5Z2-01Z-00-DX2_38912_15872.jpg,TCGA-QG-A5Z2,TCGA-QG-A5Z2-01Z-00-DX2,0,2.2152788e-06,0
non-tumour/TCGA-QG-A5Z2-01Z-00-DX2_38912_16384.jpg,TCGA-QG-A5Z2,TCGA-QG-A5Z2-01Z-00-DX2,0,4.4693817e-05,0
non-tumour/TCGA-QG-A5Z2-01Z-00-DX2_38912_16896.jpg,TCGA-QG-A5Z2,TCGA-QG-A5Z2-01Z-00-DX2,0,0.0012100782,0
non-tumour/TCGA-QG-A5Z2-01Z-00-DX2_38912_22528.jpg,TCGA-QG-A5Z2,TCGA-QG-A5Z2-01Z-00-DX2,0,1.6793385e-05,0
non-tumour/TCGA-QG-A5Z2-01Z-00-DX2_38912_23040.jpg,TCGA-QG-A5Z2,TCGA-QG-A5Z2-01Z-00-DX2,0,0.0007475544,0
non-tumour/TCGA-QG-A5Z2-01Z-00-DX2_38912_26112.jpg,TCGA-QG-A5Z2,TCGA-QG-A5Z2-01Z-00-DX2,0,0.455426,0
non-tumour/TCGA-QG-A5Z2-01Z-00-DX2_38912_26624.jpg,TCGA-QG-A5Z2,TCGA-QG-A5Z2-01Z-00-DX2,0,0.24442069,0
non-tumour/TCGA-QG-A5Z2-01Z-00-DX2_38912_28672.jpg,TCGA-QG-A5Z2,TCGA-QG-A5Z2-01Z-00-DX2,0,0.29061216,0
non-tumour/TCGA-QG-A5Z2-01Z-00-DX2_38912_29696.jpg,TCGA-QG-A5Z2,TCGA-QG-A5Z2-01Z-00-DX2,0,0.057284184,0
non-tumour/TCGA-QG-A5Z2-01Z-00-DX2_38912_30720.jpg,TCGA-QG-A5Z2,TCGA-QG-A5Z2-01Z-00-DX2,0,0.01592785,0
non-tumour/TCGA-QG-A5Z2-01Z-00-DX2_38912_32256.jpg,TCGA-QG-A5Z2,TCGA-QG-A5Z2-01Z-00-DX2,0,0.01033039,0
non-tumour/TCGA-QG-A5Z2-01Z-00-DX2_38912_32768.jpg,TCGA-QG-A5Z2,TCGA-QG-A5Z2-01Z-00-DX2,0,0.42549396,0
non-tumour/TCGA-QG-A5Z2-01Z-00-DX2_38912_33792.jpg,TCGA-QG-A5Z2,TCGA-QG-A5Z2-01Z-00-DX2,0,0.5849768,1
non-tumour/TCGA-QG-A5Z2-01Z-00-DX2_39424_13824.jpg,TCGA-QG-A5Z2,TCGA-QG-A5Z2-01Z-00-DX2,0,4.91222e-06,0
non-tumour/TCGA-QG-A5Z2-01Z-00-DX2_39424_14336.jpg,TCGA-QG-A5Z2,TCGA-QG-A5Z2-01Z-00-DX2,0,0.002562394,0
non-tumour/TCGA-QG-A5Z2-01Z-00-DX2_39424_15360.jpg,TCGA-QG-A5Z2,TCGA-QG-A5Z2-01Z-00-DX2,0,0.000120928366,0
non-tumour/TCGA-QG-A5Z2-01Z-00-DX2_39424_16896.jpg,TCGA-QG-A5Z2,TCGA-QG-A5Z2-01Z-00-DX2,0,1.6691982e-06,0
non-tumour/TCGA-QG-A5Z2-01Z-00-DX2_39424_20992.jpg,TCGA-QG-A5Z2,TCGA-QG-A5Z2-01Z-00-DX2,0,7.865323e-05,0
non-tumour/TCGA-QG-A5Z2-01Z-00-DX2_39424_21504.jpg,TCGA-QG-A5Z2,TCGA-QG-A5Z2-01Z-00-DX2,0,0.00038082947,0
non-tumour/TCGA-QG-A5Z2-01Z-00-DX2_39424_22016.jpg,TCGA-QG-A5Z2,TCGA-QG-A5Z2-01Z-00-DX2,0,3.7286703e-05,0
non-tumour/TCGA-QG-A5Z2-01Z-00-DX2_39424_26624.jpg,TCGA-QG-A5Z2,TCGA-QG-A5Z2-01Z-00-DX2,0,0.28064427,0
non-tumour/TCGA-QG-A5Z2-01Z-00-DX2_39424_28160.jpg,TCGA-QG-A5Z2,TCGA-QG-A5Z2-01Z-00-DX2,0,0.009863287,0
non-tumour/TCGA-QG-A5Z2-01Z-00-DX2_39424_28672.jpg,TCGA-QG-A5Z2,TCGA-QG-A5Z2-01Z-00-DX2,0,0.026845409,0
non-tumour/TCGA-QG-A5Z2-01Z-00-DX2_39424_31232.jpg,TCGA-QG-A5Z2,TCGA-QG-A5Z2-01Z-00-DX2,0,0.9578274,1
non-tumour/TCGA-QG-A5Z2-01Z-00-DX2_39424_33280.jpg,TCGA-QG-A5Z2,TCGA-QG-A5Z2-01Z-00-DX2,0,0.3020511,0
non-tumour/TCGA-QG-A5Z2-01Z-00-DX2_39424_33792.jpg,TCGA-QG-A5Z2,TCGA-QG-A5Z2-01Z-00-DX2,0,0.028867938,0
non-tumour/TCGA-QG-A5Z2-01Z-00-DX2_39936_14336.jpg,TCGA-QG-A5Z2,TCGA-QG-A5Z2-01Z-00-DX2,0,0.013450344,0
non-tumour/TCGA-QG-A5Z2-01Z-00-DX2_39936_14848.jpg,TCGA-QG-A5Z2,TCGA-QG-A5Z2-01Z-00-DX2,0,0.016041651,0
non-tumour/TCGA-QG-A5Z2-01Z-00-DX2_39936_15360.jpg,TCGA-QG-A5Z2,TCGA-QG-A5Z2-01Z-00-DX2,0,1.7162332e-05,0
non-tumour/TCGA-QG-A5Z2-01Z-00-DX2_39936_15872.jpg,TCGA-QG-A5Z2,TCGA-QG-A5Z2-01Z-00-DX2,0,5.419296e-07,0
non-tumour/TCGA-QG-A5Z2-01Z-00-DX2_39936_22016.jpg,TCGA-QG-A5Z2,TCGA-QG-A5Z2-01Z-00-DX2,0,4.046672e-05,0
non-tumour/TCGA-QG-A5Z2-01Z-00-DX2_39936_22528.jpg,TCGA-QG-A5Z2,TCGA-QG-A5Z2-01Z-00-DX2,0,0.00029377447,0
non-tumour/TCGA-QG-A5Z2-01Z-00-DX2_39936_23040.jpg,TCGA-QG-A5Z2,TCGA-QG-A5Z2-01Z-00-DX2,0,1.6067632e-05,0
non-tumour/TCGA-QG-A5Z2-01Z-00-DX2_39936_26112.jpg,TCGA-QG-A5Z2,TCGA-QG-A5Z2-01Z-00-DX2,0,0.71215624,1
non-tumour/TCGA-QG-A5Z2-01Z-00-DX2_39936_28160.jpg,TCGA-QG-A5Z2,TCGA-QG-A5Z2-01Z-00-DX2,0,0.18430707,0
non-tumour/TCGA-QG-A5Z2-01Z-00-DX2_39936_29184.jpg,TCGA-QG-A5Z2,TCGA-QG-A5Z2-01Z-00-DX2,0,0.0044888128,0
non-tumour/TCGA-QG-A5Z2-01Z-00-DX2_39936_29696.jpg,TCGA-QG-A5Z2,TCGA-QG-A5Z2-01Z-00-DX2,0,0.21504994,0
non-tumour/TCGA-QG-A5Z2-01Z-00-DX2_39936_30720.jpg,TCGA-QG-A5Z2,TCGA-QG-A5Z2-01Z-00-DX2,0,0.016834004,0
non-tumour/TCGA-QG-A5Z2-01Z-00-DX2_39936_31232.jpg,TCGA-QG-A5Z2,TCGA-QG-A5Z2-01Z-00-DX2,0,0.009097933,0
non-tumour/TCGA-QG-A5Z2-01Z-00-DX2_39936_31744.jpg,TCGA-QG-A5Z2,TCGA-QG-A5Z2-01Z-00-DX2,0,0.0049056266,0
non-tumour/TCGA-QG-A5Z2-01Z-00-DX2_39936_33792.jpg,TCGA-QG-A5Z2,TCGA-QG-A5Z2-01Z-00-DX2,0,0.024580974,0
non-tumour/TCGA-QG-A5Z2-01Z-00-DX2_39936_34304.jpg,TCGA-QG-A5Z2,TCGA-QG-A5Z2-01Z-00-DX2,0,0.7042914,1
non-tumour/TCGA-QG-A5Z2-01Z-00-DX2_40448_21504.jpg,TCGA-QG-A5Z2,TCGA-QG-A5Z2-01Z-00-DX2,0,1.2922533e-05,0
non-tumour/TCGA-QG-A5Z2-01Z-00-DX2_40448_26624.jpg,TCGA-QG-A5Z2,TCGA-QG-A5Z2-01Z-00-DX2,0,0.2566754,0
non-tumour/TCGA-QG-A5Z2-01Z-00-DX2_40448_27648.jpg,TCGA-QG-A5Z2,TCGA-QG-A5Z2-01Z-00-DX2,0,0.0004903738,0
non-tumour/TCGA-QG-A5Z2-01Z-00-DX2_40448_28160.jpg,TCGA-QG-A5Z2,TCGA-QG-A5Z2-01Z-00-DX2,0,0.26872495,0
non-tumour/TCGA-QG-A5Z2-01Z-00-DX2_40448_28672.jpg,TCGA-QG-A5Z2,TCGA-QG-A5Z2-01Z-00-DX2,0,0.0337488,0
non-tumour/TCGA-QG-A5Z2-01Z-00-DX2_40448_29184.jpg,TCGA-QG-A5Z2,TCGA-QG-A5Z2-01Z-00-DX2,0,0.81067884,1
non-tumour/TCGA-QG-A5Z2-01Z-00-DX2_40448_29696.jpg,TCGA-QG-A5Z2,TCGA-QG-A5Z2-01Z-00-DX2,0,0.053981975,0
non-tumour/TCGA-QG-A5Z2-01Z-00-DX2_40448_31232.jpg,TCGA-QG-A5Z2,TCGA-QG-A5Z2-01Z-00-DX2,0,0.010390898,0
non-tumour/TCGA-QG-A5Z2-01Z-00-DX2_40448_32256.jpg,TCGA-QG-A5Z2,TCGA-QG-A5Z2-01Z-00-DX2,0,0.0704355,0
non-tumour/TCGA-QG-A5Z2-01Z-00-DX2_40448_32768.jpg,TCGA-QG-A5Z2,TCGA-QG-A5Z2-01Z-00-DX2,0,0.02363609,0
non-tumour/TCGA-QG-A5Z2-01Z-00-DX2_40448_33280.jpg,TCGA-QG-A5Z2,TCGA-QG-A5Z2-01Z-00-DX2,0,0.19212796,0
non-tumour/TCGA-QG-A5Z2-01Z-00-DX2_40448_34304.jpg,TCGA-QG-A5Z2,TCGA-QG-A5Z2-01Z-00-DX2,0,0.91413146,1
non-tumour/TCGA-QG-A5Z2-01Z-00-DX2_40448_34816.jpg,TCGA-QG-A5Z2,TCGA-QG-A5Z2-01Z-00-DX2,0,0.9696769,1
non-tumour/TCGA-QG-A5Z2-01Z-00-DX2_40960_25600.jpg,TCGA-QG-A5Z2,TCGA-QG-A5Z2-01Z-00-DX2,0,0.095226,0
non-tumour/TCGA-QG-A5Z2-01Z-00-DX2_40960_26112.jpg,TCGA-QG-A5Z2,TCGA-QG-A5Z2-01Z-00-DX2,0,0.074927546,0
non-tumour/TCGA-QG-A5Z2-01Z-00-DX2_40960_26624.jpg,TCGA-QG-A5Z2,TCGA-QG-A5Z2-01Z-00-DX2,0,0.112162374,0
non-tumour/TCGA-QG-A5Z2-01Z-00-DX2_40960_27136.jpg,TCGA-QG-A5Z2,TCGA-QG-A5Z2-01Z-00-DX2,0,0.06091135,0
non-tumour/TCGA-QG-A5Z2-01Z-00-DX2_40960_28160.jpg,TCGA-QG-A5Z2,TCGA-QG-A5Z2-01Z-00-DX2,0,0.073929094,0
non-tumour/TCGA-QG-A5Z2-01Z-00-DX2_40960_29184.jpg,TCGA-QG-A5Z2,TCGA-QG-A5Z2-01Z-00-DX2,0,0.58701485,1
non-tumour/TCGA-QG-A5Z2-01Z-00-DX2_40960_29696.jpg,TCGA-QG-A5Z2,TCGA-QG-A5Z2-01Z-00-DX2,0,0.25295913,0
non-tumour/TCGA-QG-A5Z2-01Z-00-DX2_40960_31744.jpg,TCGA-QG-A5Z2,TCGA-QG-A5Z2-01Z-00-DX2,0,0.0031216152,0
non-tumour/TCGA-QG-A5Z2-01Z-00-DX2_40960_33280.jpg,TCGA-QG-A5Z2,TCGA-QG-A5Z2-01Z-00-DX2,0,0.044754863,0
non-tumour/TCGA-QG-A5Z2-01Z-00-DX2_40960_35328.jpg,TCGA-QG-A5Z2,TCGA-QG-A5Z2-01Z-00-DX2,0,0.9834204,1
non-tumour/TCGA-QG-A5Z2-01Z-00-DX2_41472_28160.jpg,TCGA-QG-A5Z2,TCGA-QG-A5Z2-01Z-00-DX2,0,0.82583404,1
non-tumour/TCGA-QG-A5Z2-01Z-00-DX2_41472_30208.jpg,TCGA-QG-A5Z2,TCGA-QG-A5Z2-01Z-00-DX2,0,0.47189078,0
non-tumour/TCGA-QG-A5Z2-01Z-00-DX2_41472_34304.jpg,TCGA-QG-A5Z2,TCGA-QG-A5Z2-01Z-00-DX2,0,0.0381345,0
non-tumour/TCGA-QG-A5Z2-01Z-00-DX2_41472_34816.jpg,TCGA-QG-A5Z2,TCGA-QG-A5Z2-01Z-00-DX2,0,0.0024215416,0
non-tumour/TCGA-QG-A5Z2-01Z-00-DX2_41984_28160.jpg,TCGA-QG-A5Z2,TCGA-QG-A5Z2-01Z-00-DX2,0,0.4652114,0
non-tumour/TCGA-QG-A5Z2-01Z-00-DX2_41984_28672.jpg,TCGA-QG-A5Z2,TCGA-QG-A5Z2-01Z-00-DX2,0,0.027016181,0
non-tumour/TCGA-QG-A5Z2-01Z-00-DX2_41984_30720.jpg,TCGA-QG-A5Z2,TCGA-QG-A5Z2-01Z-00-DX2,0,0.28737038,0
non-tumour/TCGA-QG-A5Z2-01Z-00-DX2_41984_31232.jpg,TCGA-QG-A5Z2,TCGA-QG-A5Z2-01Z-00-DX2,0,0.0062267818,0
non-tumour/TCGA-QG-A5Z2-01Z-00-DX2_41984_32256.jpg,TCGA-QG-A5Z2,TCGA-QG-A5Z2-01Z-00-DX2,0,0.03729082,0
non-tumour/TCGA-QG-A5Z2-01Z-00-DX2_41984_32768.jpg,TCGA-QG-A5Z2,TCGA-QG-A5Z2-01Z-00-DX2,0,0.90730506,1
non-tumour/TCGA-QG-A5Z2-01Z-00-DX2_41984_34304.jpg,TCGA-QG-A5Z2,TCGA-QG-A5Z2-01Z-00-DX2,0,0.004528526,0
non-tumour/TCGA-QG-A5Z2-01Z-00-DX2_42496_28160.jpg,TCGA-QG-A5Z2,TCGA-QG-A5Z2-01Z-00-DX2,0,0.13092309,0
non-tumour/TCGA-QG-A5Z2-01Z-00-DX2_42496_31744.jpg,TCGA-QG-A5Z2,TCGA-QG-A5Z2-01Z-00-DX2,0,0.44721115,0
non-tumour/TCGA-QG-A5Z2-01Z-00-DX2_8192_19968.jpg,TCGA-QG-A5Z2,TCGA-QG-A5Z2-01Z-00-DX2,0,0.013302772,0
non-tumour/TCGA-QG-A5Z2-01Z-00-DX2_8192_20480.jpg,TCGA-QG-A5Z2,TCGA-QG-A5Z2-01Z-00-DX2,0,0.026369886,0
non-tumour/TCGA-QG-A5Z2-01Z-00-DX2_8192_21504.jpg,TCGA-QG-A5Z2,TCGA-QG-A5Z2-01Z-00-DX2,0,0.90740037,1
non-tumour/TCGA-QG-A5Z2-01Z-00-DX2_8704_18944.jpg,TCGA-QG-A5Z2,TCGA-QG-A5Z2-01Z-00-DX2,0,0.08390765,0
non-tumour/TCGA-QG-A5Z2-01Z-00-DX2_8704_19968.jpg,TCGA-QG-A5Z2,TCGA-QG-A5Z2-01Z-00-DX2,0,0.4779643,0
non-tumour/TCGA-QG-A5Z2-01Z-00-DX2_8704_20480.jpg,TCGA-QG-A5Z2,TCGA-QG-A5Z2-01Z-00-DX2,0,0.5234752,1
non-tumour/TCGA-QG-A5Z2-01Z-00-DX2_8704_20992.jpg,TCGA-QG-A5Z2,TCGA-QG-A5Z2-01Z-00-DX2,0,0.031494126,0
non-tumour/TCGA-QG-A5Z2-01Z-00-DX2_8704_21504.jpg,TCGA-QG-A5Z2,TCGA-QG-A5Z2-01Z-00-DX2,0,0.1920752,0
non-tumour/TCGA-QG-A5Z2-01Z-00-DX2_8704_22016.jpg,TCGA-QG-A5Z2,TCGA-QG-A5Z2-01Z-00-DX2,0,0.5862573,1
non-tumour/TCGA-QG-A5Z2-01Z-00-DX2_8704_22528.jpg,TCGA-QG-A5Z2,TCGA-QG-A5Z2-01Z-00-DX2,0,0.9961901,1
non-tumour/TCGA-QG-A5Z2-01Z-00-DX2_8704_23040.jpg,TCGA-QG-A5Z2,TCGA-QG-A5Z2-01Z-00-DX2,0,0.5509565,1
non-tumour/TCGA-QG-A5Z2-01Z-00-DX2_9216_17920.jpg,TCGA-QG-A5Z2,TCGA-QG-A5Z2-01Z-00-DX2,0,0.09012533,0
non-tumour/TCGA-QG-A5Z2-01Z-00-DX2_9216_18432.jpg,TCGA-QG-A5Z2,TCGA-QG-A5Z2-01Z-00-DX2,0,0.18521798,0
non-tumour/TCGA-QG-A5Z2-01Z-00-DX2_9216_18944.jpg,TCGA-QG-A5Z2,TCGA-QG-A5Z2-01Z-00-DX2,0,0.17139778,0
non-tumour/TCGA-QG-A5Z2-01Z-00-DX2_9216_19456.jpg,TCGA-QG-A5Z2,TCGA-QG-A5Z2-01Z-00-DX2,0,0.70378995,1
non-tumour/TCGA-QG-A5Z2-01Z-00-DX2_9216_20480.jpg,TCGA-QG-A5Z2,TCGA-QG-A5Z2-01Z-00-DX2,0,0.4140337,0
non-tumour/TCGA-QG-A5Z2-01Z-00-DX2_9216_20992.jpg,TCGA-QG-A5Z2,TCGA-QG-A5Z2-01Z-00-DX2,0,0.19889492,0
non-tumour/TCGA-QG-A5Z2-01Z-00-DX2_9216_22016.jpg,TCGA-QG-A5Z2,TCGA-QG-A5Z2-01Z-00-DX2,0,0.993292,1
non-tumour/TCGA-QG-A5Z2-01Z-00-DX2_9216_23040.jpg,TCGA-QG-A5Z2,TCGA-QG-A5Z2-01Z-00-DX2,0,0.9039292,1
non-tumour/TCGA-QG-A5Z2-01Z-00-DX2_9728_17408.jpg,TCGA-QG-A5Z2,TCGA-QG-A5Z2-01Z-00-DX2,0,0.0009937306,0
non-tumour/TCGA-QG-A5Z2-01Z-00-DX2_9728_20480.jpg,TCGA-QG-A5Z2,TCGA-QG-A5Z2-01Z-00-DX2,0,0.3969503,0
non-tumour/TCGA-QG-A5Z2-01Z-00-DX2_9728_20992.jpg,TCGA-QG-A5Z2,TCGA-QG-A5Z2-01Z-00-DX2,0,0.020415023,0
non-tumour/TCGA-QG-A5Z2-01Z-00-DX2_9728_21504.jpg,TCGA-QG-A5Z2,TCGA-QG-A5Z2-01Z-00-DX2,0,0.22544257,0
non-tumour/TCGA-QG-A5Z2-01Z-00-DX2_9728_22016.jpg,TCGA-QG-A5Z2,TCGA-QG-A5Z2-01Z-00-DX2,0,0.1761228,0
non-tumour/TCGA-QG-A5Z2-01Z-00-DX2_9728_22528.jpg,TCGA-QG-A5Z2,TCGA-QG-A5Z2-01Z-00-DX2,0,0.47644484,0
non-tumour/TCGA-QL-A97D-01Z-00-DX1_10240_29184.jpg,TCGA-QL-A97D,TCGA-QL-A97D-01Z-00-DX1,0,9.1336566e-05,0
non-tumour/TCGA-QL-A97D-01Z-00-DX1_15360_44544.jpg,TCGA-QL-A97D,TCGA-QL-A97D-01Z-00-DX1,0,0.19644673,0
non-tumour/TCGA-QL-A97D-01Z-00-DX1_15872_44032.jpg,TCGA-QL-A97D,TCGA-QL-A97D-01Z-00-DX1,0,0.0021148128,0
non-tumour/TCGA-QL-A97D-01Z-00-DX1_16384_44032.jpg,TCGA-QL-A97D,TCGA-QL-A97D-01Z-00-DX1,0,0.0021397297,0
non-tumour/TCGA-QL-A97D-01Z-00-DX1_16896_44032.jpg,TCGA-QL-A97D,TCGA-QL-A97D-01Z-00-DX1,0,0.001179593,0
non-tumour/TCGA-QL-A97D-01Z-00-DX1_16896_44544.jpg,TCGA-QL-A97D,TCGA-QL-A97D-01Z-00-DX1,0,0.22761661,0
non-tumour/TCGA-QL-A97D-01Z-00-DX1_17408_44544.jpg,TCGA-QL-A97D,TCGA-QL-A97D-01Z-00-DX1,0,0.1967506,0
non-tumour/TCGA-QL-A97D-01Z-00-DX1_17920_43520.jpg,TCGA-QL-A97D,TCGA-QL-A97D-01Z-00-DX1,0,0.006816962,0
non-tumour/TCGA-QL-A97D-01Z-00-DX1_18432_44032.jpg,TCGA-QL-A97D,TCGA-QL-A97D-01Z-00-DX1,0,0.0046969694,0
non-tumour/TCGA-QL-A97D-01Z-00-DX1_18944_43520.jpg,TCGA-QL-A97D,TCGA-QL-A97D-01Z-00-DX1,0,0.02361975,0
non-tumour/TCGA-QL-A97D-01Z-00-DX1_19456_43520.jpg,TCGA-QL-A97D,TCGA-QL-A97D-01Z-00-DX1,0,0.023400424,0
non-tumour/TCGA-QL-A97D-01Z-00-DX1_19456_44032.jpg,TCGA-QL-A97D,TCGA-QL-A97D-01Z-00-DX1,0,0.0011946936,0
non-tumour/TCGA-QL-A97D-01Z-00-DX1_20480_35840.jpg,TCGA-QL-A97D,TCGA-QL-A97D-01Z-00-DX1,0,0.0038625617,0
non-tumour/TCGA-QL-A97D-01Z-00-DX1_20480_36352.jpg,TCGA-QL-A97D,TCGA-QL-A97D-01Z-00-DX1,0,0.00057621347,0
non-tumour/TCGA-QL-A97D-01Z-00-DX1_20480_44032.jpg,TCGA-QL-A97D,TCGA-QL-A97D-01Z-00-DX1,0,0.00086882827,0
non-tumour/TCGA-QL-A97D-01Z-00-DX1_20992_44032.jpg,TCGA-QL-A97D,TCGA-QL-A97D-01Z-00-DX1,0,0.005436773,0
non-tumour/TCGA-QL-A97D-01Z-00-DX1_21504_35840.jpg,TCGA-QL-A97D,TCGA-QL-A97D-01Z-00-DX1,0,0.004654997,0
non-tumour/TCGA-QL-A97D-01Z-00-DX1_21504_36352.jpg,TCGA-QL-A97D,TCGA-QL-A97D-01Z-00-DX1,0,0.038339444,0
non-tumour/TCGA-QL-A97D-01Z-00-DX1_21504_43520.jpg,TCGA-QL-A97D,TCGA-QL-A97D-01Z-00-DX1,0,0.011593897,0
non-tumour/TCGA-QL-A97D-01Z-00-DX1_22016_35840.jpg,TCGA-QL-A97D,TCGA-QL-A97D-01Z-00-DX1,0,0.0028668111,0
non-tumour/TCGA-QL-A97D-01Z-00-DX1_22016_36352.jpg,TCGA-QL-A97D,TCGA-QL-A97D-01Z-00-DX1,0,0.04690333,0
non-tumour/TCGA-QL-A97D-01Z-00-DX1_22016_44032.jpg,TCGA-QL-A97D,TCGA-QL-A97D-01Z-00-DX1,0,0.0035078165,0
non-tumour/TCGA-QL-A97D-01Z-00-DX1_23040_43520.jpg,TCGA-QL-A97D,TCGA-QL-A97D-01Z-00-DX1,0,0.017330294,0
non-tumour/TCGA-QL-A97D-01Z-00-DX1_23040_44032.jpg,TCGA-QL-A97D,TCGA-QL-A97D-01Z-00-DX1,0,0.0009072362,0
non-tumour/TCGA-QL-A97D-01Z-00-DX1_23552_43520.jpg,TCGA-QL-A97D,TCGA-QL-A97D-01Z-00-DX1,0,0.078471206,0
non-tumour/TCGA-QL-A97D-01Z-00-DX1_24576_43520.jpg,TCGA-QL-A97D,TCGA-QL-A97D-01Z-00-DX1,0,0.01837841,0
non-tumour/TCGA-QL-A97D-01Z-00-DX1_25088_43520.jpg,TCGA-QL-A97D,TCGA-QL-A97D-01Z-00-DX1,0,0.020576222,0
non-tumour/TCGA-QL-A97D-01Z-00-DX1_25600_33280.jpg,TCGA-QL-A97D,TCGA-QL-A97D-01Z-00-DX1,0,0.19805714,0
non-tumour/TCGA-QL-A97D-01Z-00-DX1_26112_33792.jpg,TCGA-QL-A97D,TCGA-QL-A97D-01Z-00-DX1,0,0.0047513335,0
non-tumour/TCGA-QL-A97D-01Z-00-DX1_26624_33792.jpg,TCGA-QL-A97D,TCGA-QL-A97D-01Z-00-DX1,0,0.014017302,0
non-tumour/TCGA-QL-A97D-01Z-00-DX1_26624_43008.jpg,TCGA-QL-A97D,TCGA-QL-A97D-01Z-00-DX1,0,0.16849037,0
non-tumour/TCGA-QL-A97D-01Z-00-DX1_26624_43520.jpg,TCGA-QL-A97D,TCGA-QL-A97D-01Z-00-DX1,0,0.00470245,0
non-tumour/TCGA-QL-A97D-01Z-00-DX1_27136_32256.jpg,TCGA-QL-A97D,TCGA-QL-A97D-01Z-00-DX1,0,0.0029820986,0
non-tumour/TCGA-QL-A97D-01Z-00-DX1_27136_33280.jpg,TCGA-QL-A97D,TCGA-QL-A97D-01Z-00-DX1,0,0.0985314,0
non-tumour/TCGA-QL-A97D-01Z-00-DX1_27648_32768.jpg,TCGA-QL-A97D,TCGA-QL-A97D-01Z-00-DX1,0,0.0001773676,0
non-tumour/TCGA-QL-A97D-01Z-00-DX1_27648_33280.jpg,TCGA-QL-A97D,TCGA-QL-A97D-01Z-00-DX1,0,0.29499397,0
non-tumour/TCGA-QL-A97D-01Z-00-DX1_27648_43008.jpg,TCGA-QL-A97D,TCGA-QL-A97D-01Z-00-DX1,0,0.17322513,0
non-tumour/TCGA-QL-A97D-01Z-00-DX1_27648_43520.jpg,TCGA-QL-A97D,TCGA-QL-A97D-01Z-00-DX1,0,0.011980527,0
non-tumour/TCGA-QL-A97D-01Z-00-DX1_28160_32768.jpg,TCGA-QL-A97D,TCGA-QL-A97D-01Z-00-DX1,0,2.3290619e-05,0
non-tumour/TCGA-QL-A97D-01Z-00-DX1_28160_33792.jpg,TCGA-QL-A97D,TCGA-QL-A97D-01Z-00-DX1,0,0.00081614876,0
non-tumour/TCGA-QL-A97D-01Z-00-DX1_28672_32256.jpg,TCGA-QL-A97D,TCGA-QL-A97D-01Z-00-DX1,0,6.3140083e-06,0
non-tumour/TCGA-QL-A97D-01Z-00-DX1_28672_32768.jpg,TCGA-QL-A97D,TCGA-QL-A97D-01Z-00-DX1,0,0.00017793132,0
non-tumour/TCGA-QL-A97D-01Z-00-DX1_28672_33280.jpg,TCGA-QL-A97D,TCGA-QL-A97D-01Z-00-DX1,0,5.5537632e-05,0
non-tumour/TCGA-QL-A97D-01Z-00-DX1_29184_32768.jpg,TCGA-QL-A97D,TCGA-QL-A97D-01Z-00-DX1,0,0.00021202175,0
non-tumour/TCGA-QL-A97D-01Z-00-DX1_30208_31232.jpg,TCGA-QL-A97D,TCGA-QL-A97D-01Z-00-DX1,0,0.09814592,0
non-tumour/TCGA-QL-A97D-01Z-00-DX1_30208_32256.jpg,TCGA-QL-A97D,TCGA-QL-A97D-01Z-00-DX1,0,0.16967358,0
non-tumour/TCGA-QL-A97D-01Z-00-DX1_30720_31744.jpg,TCGA-QL-A97D,TCGA-QL-A97D-01Z-00-DX1,0,7.60831e-05,0
non-tumour/TCGA-QL-A97D-01Z-00-DX1_30720_32768.jpg,TCGA-QL-A97D,TCGA-QL-A97D-01Z-00-DX1,0,0.0785582,0
non-tumour/TCGA-QL-A97D-01Z-00-DX1_31232_31744.jpg,TCGA-QL-A97D,TCGA-QL-A97D-01Z-00-DX1,0,2.8624665e-05,0
non-tumour/TCGA-QL-A97D-01Z-00-DX1_31232_32768.jpg,TCGA-QL-A97D,TCGA-QL-A97D-01Z-00-DX1,0,0.009752471,0
non-tumour/TCGA-QL-A97D-01Z-00-DX1_31744_31232.jpg,TCGA-QL-A97D,TCGA-QL-A97D-01Z-00-DX1,0,2.415162e-05,0
non-tumour/TCGA-QL-A97D-01Z-00-DX1_31744_31744.jpg,TCGA-QL-A97D,TCGA-QL-A97D-01Z-00-DX1,0,0.0012383644,0
non-tumour/TCGA-QL-A97D-01Z-00-DX1_31744_32768.jpg,TCGA-QL-A97D,TCGA-QL-A97D-01Z-00-DX1,0,0.00020410251,0
non-tumour/TCGA-QL-A97D-01Z-00-DX1_32256_32256.jpg,TCGA-QL-A97D,TCGA-QL-A97D-01Z-00-DX1,0,0.0017494973,0
non-tumour/TCGA-QL-A97D-01Z-00-DX1_32256_32768.jpg,TCGA-QL-A97D,TCGA-QL-A97D-01Z-00-DX1,0,0.0076954286,0
non-tumour/TCGA-QL-A97D-01Z-00-DX1_32768_31744.jpg,TCGA-QL-A97D,TCGA-QL-A97D-01Z-00-DX1,0,0.00083109806,0
non-tumour/TCGA-QL-A97D-01Z-00-DX1_33280_31744.jpg,TCGA-QL-A97D,TCGA-QL-A97D-01Z-00-DX1,0,9.901035e-05,0
non-tumour/TCGA-QL-A97D-01Z-00-DX1_33280_32256.jpg,TCGA-QL-A97D,TCGA-QL-A97D-01Z-00-DX1,0,0.00011453601,0
non-tumour/TCGA-QL-A97D-01Z-00-DX1_33792_31744.jpg,TCGA-QL-A97D,TCGA-QL-A97D-01Z-00-DX1,0,0.0016712061,0
non-tumour/TCGA-QL-A97D-01Z-00-DX1_33792_32256.jpg,TCGA-QL-A97D,TCGA-QL-A97D-01Z-00-DX1,0,5.2138967e-06,0
non-tumour/TCGA-QL-A97D-01Z-00-DX1_39936_26112.jpg,TCGA-QL-A97D,TCGA-QL-A97D-01Z-00-DX1,0,0.001524973,0
non-tumour/TCGA-QL-A97D-01Z-00-DX1_40448_26112.jpg,TCGA-QL-A97D,TCGA-QL-A97D-01Z-00-DX1,0,0.100089245,0
non-tumour/TCGA-QL-A97D-01Z-00-DX1_40960_26624.jpg,TCGA-QL-A97D,TCGA-QL-A97D-01Z-00-DX1,0,0.5584238,1
non-tumour/TCGA-QL-A97D-01Z-00-DX1_41472_26624.jpg,TCGA-QL-A97D,TCGA-QL-A97D-01Z-00-DX1,0,0.60467476,1
non-tumour/TCGA-QL-A97D-01Z-00-DX1_8192_29184.jpg,TCGA-QL-A97D,TCGA-QL-A97D-01Z-00-DX1,0,3.2163484e-06,0
non-tumour/TCGA-QL-A97D-01Z-00-DX1_8704_28672.jpg,TCGA-QL-A97D,TCGA-QL-A97D-01Z-00-DX1,0,6.34933e-05,0
non-tumour/TCGA-QL-A97D-01Z-00-DX1_8704_29184.jpg,TCGA-QL-A97D,TCGA-QL-A97D-01Z-00-DX1,0,1.0229849e-05,0
non-tumour/TCGA-QL-A97D-01Z-00-DX1_9728_28160.jpg,TCGA-QL-A97D,TCGA-QL-A97D-01Z-00-DX1,0,7.62e-05,0
tumour/TCGA-4T-AA8H-01Z-00-DX1_10240_25600.jpg,TCGA-4T-AA8H,TCGA-4T-AA8H-01Z-00-DX1,1,0.98036057,1
tumour/TCGA-4T-AA8H-01Z-00-DX1_10240_30720.jpg,TCGA-4T-AA8H,TCGA-4T-AA8H-01Z-00-DX1,1,0.99498653,1
tumour/TCGA-4T-AA8H-01Z-00-DX1_10240_31232.jpg,TCGA-4T-AA8H,TCGA-4T-AA8H-01Z-00-DX1,1,0.9852212,1
tumour/TCGA-4T-AA8H-01Z-00-DX1_10240_32256.jpg,TCGA-4T-AA8H,TCGA-4T-AA8H-01Z-00-DX1,1,0.99265516,1
tumour/TCGA-4T-AA8H-01Z-00-DX1_10240_8192.jpg,TCGA-4T-AA8H,TCGA-4T-AA8H-01Z-00-DX1,1,0.9968636,1
tumour/TCGA-4T-AA8H-01Z-00-DX1_10240_8704.jpg,TCGA-4T-AA8H,TCGA-4T-AA8H-01Z-00-DX1,1,0.8482203,1
tumour/TCGA-4T-AA8H-01Z-00-DX1_10752_10240.jpg,TCGA-4T-AA8H,TCGA-4T-AA8H-01Z-00-DX1,1,0.99558,1
tumour/TCGA-4T-AA8H-01Z-00-DX1_10752_7680.jpg,TCGA-4T-AA8H,TCGA-4T-AA8H-01Z-00-DX1,1,0.99960536,1
tumour/TCGA-4T-AA8H-01Z-00-DX1_10752_8192.jpg,TCGA-4T-AA8H,TCGA-4T-AA8H-01Z-00-DX1,1,0.9989184,1
tumour/TCGA-4T-AA8H-01Z-00-DX1_11264_11264.jpg,TCGA-4T-AA8H,TCGA-4T-AA8H-01Z-00-DX1,1,0.99486756,1
tumour/TCGA-4T-AA8H-01Z-00-DX1_11264_12288.jpg,TCGA-4T-AA8H,TCGA-4T-AA8H-01Z-00-DX1,1,0.99991846,1
tumour/TCGA-4T-AA8H-01Z-00-DX1_11264_6656.jpg,TCGA-4T-AA8H,TCGA-4T-AA8H-01Z-00-DX1,1,0.9999417,1
tumour/TCGA-4T-AA8H-01Z-00-DX1_11264_7680.jpg,TCGA-4T-AA8H,TCGA-4T-AA8H-01Z-00-DX1,1,0.9916433,1
tumour/TCGA-4T-AA8H-01Z-00-DX1_11264_8192.jpg,TCGA-4T-AA8H,TCGA-4T-AA8H-01Z-00-DX1,1,0.9975993,1
tumour/TCGA-4T-AA8H-01Z-00-DX1_11264_8704.jpg,TCGA-4T-AA8H,TCGA-4T-AA8H-01Z-00-DX1,1,0.98550874,1
tumour/TCGA-4T-AA8H-01Z-00-DX1_11776_11264.jpg,TCGA-4T-AA8H,TCGA-4T-AA8H-01Z-00-DX1,1,0.99984825,1
tumour/TCGA-4T-AA8H-01Z-00-DX1_11776_6144.jpg,TCGA-4T-AA8H,TCGA-4T-AA8H-01Z-00-DX1,1,0.99996626,1
tumour/TCGA-4T-AA8H-01Z-00-DX1_11776_6656.jpg,TCGA-4T-AA8H,TCGA-4T-AA8H-01Z-00-DX1,1,0.98916453,1
tumour/TCGA-4T-AA8H-01Z-00-DX1_11776_7680.jpg,TCGA-4T-AA8H,TCGA-4T-AA8H-01Z-00-DX1,1,0.99991524,1
tumour/TCGA-4T-AA8H-01Z-00-DX1_11776_8192.jpg,TCGA-4T-AA8H,TCGA-4T-AA8H-01Z-00-DX1,1,0.99915385,1
tumour/TCGA-4T-AA8H-01Z-00-DX1_11776_8704.jpg,TCGA-4T-AA8H,TCGA-4T-AA8H-01Z-00-DX1,1,0.9996904,1
tumour/TCGA-4T-AA8H-01Z-00-DX1_12288_10240.jpg,TCGA-4T-AA8H,TCGA-4T-AA8H-01Z-00-DX1,1,0.99850225,1
tumour/TCGA-4T-AA8H-01Z-00-DX1_12288_11264.jpg,TCGA-4T-AA8H,TCGA-4T-AA8H-01Z-00-DX1,1,0.9997125,1
tumour/TCGA-4T-AA8H-01Z-00-DX1_12288_12288.jpg,TCGA-4T-AA8H,TCGA-4T-AA8H-01Z-00-DX1,1,0.999278,1
tumour/TCGA-4T-AA8H-01Z-00-DX1_12288_7168.jpg,TCGA-4T-AA8H,TCGA-4T-AA8H-01Z-00-DX1,1,0.9974354,1
tumour/TCGA-4T-AA8H-01Z-00-DX1_12288_7680.jpg,TCGA-4T-AA8H,TCGA-4T-AA8H-01Z-00-DX1,1,0.9999614,1
tumour/TCGA-4T-AA8H-01Z-00-DX1_12288_8704.jpg,TCGA-4T-AA8H,TCGA-4T-AA8H-01Z-00-DX1,1,0.9957064,1
tumour/TCGA-4T-AA8H-01Z-00-DX1_12288_9216.jpg,TCGA-4T-AA8H,TCGA-4T-AA8H-01Z-00-DX1,1,0.9996977,1
tumour/TCGA-4T-AA8H-01Z-00-DX1_12288_9728.jpg,TCGA-4T-AA8H,TCGA-4T-AA8H-01Z-00-DX1,1,0.9999708,1
tumour/TCGA-4T-AA8H-01Z-00-DX1_12800_10240.jpg,TCGA-4T-AA8H,TCGA-4T-AA8H-01Z-00-DX1,1,0.96336955,1
tumour/TCGA-4T-AA8H-01Z-00-DX1_12800_10752.jpg,TCGA-4T-AA8H,TCGA-4T-AA8H-01Z-00-DX1,1,0.9946701,1
tumour/TCGA-4T-AA8H-01Z-00-DX1_13312_34816.jpg,TCGA-4T-AA8H,TCGA-4T-AA8H-01Z-00-DX1,1,0.9933217,1
tumour/TCGA-4T-AA8H-01Z-00-DX1_13824_35328.jpg,TCGA-4T-AA8H,TCGA-4T-AA8H-01Z-00-DX1,1,0.9969658,1
tumour/TCGA-4T-AA8H-01Z-00-DX1_14336_35328.jpg,TCGA-4T-AA8H,TCGA-4T-AA8H-01Z-00-DX1,1,0.9597907,1
tumour/TCGA-4T-AA8H-01Z-00-DX1_14336_35840.jpg,TCGA-4T-AA8H,TCGA-4T-AA8H-01Z-00-DX1,1,0.9997898,1
tumour/TCGA-4T-AA8H-01Z-00-DX1_14848_35328.jpg,TCGA-4T-AA8H,TCGA-4T-AA8H-01Z-00-DX1,1,0.9894956,1
tumour/TCGA-4T-AA8H-01Z-00-DX1_14848_35840.jpg,TCGA-4T-AA8H,TCGA-4T-AA8H-01Z-00-DX1,1,0.994978,1
tumour/TCGA-4T-AA8H-01Z-00-DX1_15360_35328.jpg,TCGA-4T-AA8H,TCGA-4T-AA8H-01Z-00-DX1,1,0.990155,1
tumour/TCGA-4T-AA8H-01Z-00-DX1_16384_33792.jpg,TCGA-4T-AA8H,TCGA-4T-AA8H-01Z-00-DX1,1,0.9970072,1
tumour/TCGA-4T-AA8H-01Z-00-DX1_16896_33280.jpg,TCGA-4T-AA8H,TCGA-4T-AA8H-01Z-00-DX1,1,0.72729486,1
tumour/TCGA-4T-AA8H-01Z-00-DX1_16896_33792.jpg,TCGA-4T-AA8H,TCGA-4T-AA8H-01Z-00-DX1,1,0.99829847,1
tumour/TCGA-4T-AA8H-01Z-00-DX1_16896_34816.jpg,TCGA-4T-AA8H,TCGA-4T-AA8H-01Z-00-DX1,1,0.99088025,1
tumour/TCGA-4T-AA8H-01Z-00-DX1_17408_3072.jpg,TCGA-4T-AA8H,TCGA-4T-AA8H-01Z-00-DX1,1,0.9999838,1
tumour/TCGA-4T-AA8H-01Z-00-DX1_17408_33280.jpg,TCGA-4T-AA8H,TCGA-4T-AA8H-01Z-00-DX1,1,0.99901354,1
tumour/TCGA-4T-AA8H-01Z-00-DX1_17408_34816.jpg,TCGA-4T-AA8H,TCGA-4T-AA8H-01Z-00-DX1,1,0.99911064,1
tumour/TCGA-4T-AA8H-01Z-00-DX1_17408_3584.jpg,TCGA-4T-AA8H,TCGA-4T-AA8H-01Z-00-DX1,1,0.9970964,1
tumour/TCGA-4T-AA8H-01Z-00-DX1_17408_4608.jpg,TCGA-4T-AA8H,TCGA-4T-AA8H-01Z-00-DX1,1,0.99935836,1
tumour/TCGA-4T-AA8H-01Z-00-DX1_17920_2560.jpg,TCGA-4T-AA8H,TCGA-4T-AA8H-01Z-00-DX1,1,0.9998996,1
tumour/TCGA-4T-AA8H-01Z-00-DX1_17920_3072.jpg,TCGA-4T-AA8H,TCGA-4T-AA8H-01Z-00-DX1,1,0.99864334,1
tumour/TCGA-4T-AA8H-01Z-00-DX1_17920_32768.jpg,TCGA-4T-AA8H,TCGA-4T-AA8H-01Z-00-DX1,1,0.9990213,1
tumour/TCGA-4T-AA8H-01Z-00-DX1_17920_33792.jpg,TCGA-4T-AA8H,TCGA-4T-AA8H-01Z-00-DX1,1,0.9980014,1
tumour/TCGA-4T-AA8H-01Z-00-DX1_17920_34816.jpg,TCGA-4T-AA8H,TCGA-4T-AA8H-01Z-00-DX1,1,0.98534715,1
tumour/TCGA-4T-AA8H-01Z-00-DX1_17920_4096.jpg,TCGA-4T-AA8H,TCGA-4T-AA8H-01Z-00-DX1,1,0.9999671,1
tumour/TCGA-4T-AA8H-01Z-00-DX1_17920_4608.jpg,TCGA-4T-AA8H,TCGA-4T-AA8H-01Z-00-DX1,1,0.99993145,1
tumour/TCGA-4T-AA8H-01Z-00-DX1_17920_5120.jpg,TCGA-4T-AA8H,TCGA-4T-AA8H-01Z-00-DX1,1,0.9977404,1
tumour/TCGA-4T-AA8H-01Z-00-DX1_17920_6656.jpg,TCGA-4T-AA8H,TCGA-4T-AA8H-01Z-00-DX1,1,0.9854054,1
tumour/TCGA-4T-AA8H-01Z-00-DX1_17920_7168.jpg,TCGA-4T-AA8H,TCGA-4T-AA8H-01Z-00-DX1,1,0.9994578,1
tumour/TCGA-4T-AA8H-01Z-00-DX1_18432_2560.jpg,TCGA-4T-AA8H,TCGA-4T-AA8H-01Z-00-DX1,1,0.9999914,1
tumour/TCGA-4T-AA8H-01Z-00-DX1_18432_3072.jpg,TCGA-4T-AA8H,TCGA-4T-AA8H-01Z-00-DX1,1,0.9989593,1
tumour/TCGA-4T-AA8H-01Z-00-DX1_18432_33280.jpg,TCGA-4T-AA8H,TCGA-4T-AA8H-01Z-00-DX1,1,0.9954633,1
tumour/TCGA-4T-AA8H-01Z-00-DX1_18432_34304.jpg,TCGA-4T-AA8H,TCGA-4T-AA8H-01Z-00-DX1,1,0.99315107,1
tumour/TCGA-4T-AA8H-01Z-00-DX1_18432_34816.jpg,TCGA-4T-AA8H,TCGA-4T-AA8H-01Z-00-DX1,1,0.9989513,1
tumour/TCGA-4T-AA8H-01Z-00-DX1_18432_35328.jpg,TCGA-4T-AA8H,TCGA-4T-AA8H-01Z-00-DX1,1,0.9903398,1
tumour/TCGA-4T-AA8H-01Z-00-DX1_18432_4608.jpg,TCGA-4T-AA8H,TCGA-4T-AA8H-01Z-00-DX1,1,0.9970216,1
tumour/TCGA-4T-AA8H-01Z-00-DX1_18432_5120.jpg,TCGA-4T-AA8H,TCGA-4T-AA8H-01Z-00-DX1,1,0.9992792,1
tumour/TCGA-4T-AA8H-01Z-00-DX1_18432_6656.jpg,TCGA-4T-AA8H,TCGA-4T-AA8H-01Z-00-DX1,1,0.999869,1
tumour/TCGA-4T-AA8H-01Z-00-DX1_18432_8192.jpg,TCGA-4T-AA8H,TCGA-4T-AA8H-01Z-00-DX1,1,0.99729186,1
tumour/TCGA-4T-AA8H-01Z-00-DX1_18432_8704.jpg,TCGA-4T-AA8H,TCGA-4T-AA8H-01Z-00-DX1,1,0.9939255,1
tumour/TCGA-4T-AA8H-01Z-00-DX1_18432_9216.jpg,TCGA-4T-AA8H,TCGA-4T-AA8H-01Z-00-DX1,1,0.9623837,1
tumour/TCGA-4T-AA8H-01Z-00-DX1_18944_10752.jpg,TCGA-4T-AA8H,TCGA-4T-AA8H-01Z-00-DX1,1,0.98725337,1
tumour/TCGA-4T-AA8H-01Z-00-DX1_18944_11264.jpg,TCGA-4T-AA8H,TCGA-4T-AA8H-01Z-00-DX1,1,0.9999013,1
tumour/TCGA-4T-AA8H-01Z-00-DX1_18944_2560.jpg,TCGA-4T-AA8H,TCGA-4T-AA8H-01Z-00-DX1,1,0.9999976,1
tumour/TCGA-4T-AA8H-01Z-00-DX1_18944_33280.jpg,TCGA-4T-AA8H,TCGA-4T-AA8H-01Z-00-DX1,1,0.9977857,1
tumour/TCGA-4T-AA8H-01Z-00-DX1_18944_34304.jpg,TCGA-4T-AA8H,TCGA-4T-AA8H-01Z-00-DX1,1,0.9760743,1
tumour/TCGA-4T-AA8H-01Z-00-DX1_18944_3584.jpg,TCGA-4T-AA8H,TCGA-4T-AA8H-01Z-00-DX1,1,0.98953444,1
tumour/TCGA-4T-AA8H-01Z-00-DX1_19456_10240.jpg,TCGA-4T-AA8H,TCGA-4T-AA8H-01Z-00-DX1,1,0.99930954,1
tumour/TCGA-4T-AA8H-01Z-00-DX1_19456_12288.jpg,TCGA-4T-AA8H,TCGA-4T-AA8H-01Z-00-DX1,1,0.9847741,1
tumour/TCGA-4T-AA8H-01Z-00-DX1_19456_3072.jpg,TCGA-4T-AA8H,TCGA-4T-AA8H-01Z-00-DX1,1,0.9998368,1
tumour/TCGA-4T-AA8H-01Z-00-DX1_19456_33280.jpg,TCGA-4T-AA8H,TCGA-4T-AA8H-01Z-00-DX1,1,0.9983223,1
tumour/TCGA-4T-AA8H-01Z-00-DX1_19456_33792.jpg,TCGA-4T-AA8H,TCGA-4T-AA8H-01Z-00-DX1,1,0.99856645,1
tumour/TCGA-4T-AA8H-01Z-00-DX1_19456_34816.jpg,TCGA-4T-AA8H,TCGA-4T-AA8H-01Z-00-DX1,1,0.9988424,1
tumour/TCGA-4T-AA8H-01Z-00-DX1_19456_4096.jpg,TCGA-4T-AA8H,TCGA-4T-AA8H-01Z-00-DX1,1,0.99471706,1
tumour/TCGA-4T-AA8H-01Z-00-DX1_19456_4608.jpg,TCGA-4T-AA8H,TCGA-4T-AA8H-01Z-00-DX1,1,0.9995958,1
tumour/TCGA-4T-AA8H-01Z-00-DX1_19456_5120.jpg,TCGA-4T-AA8H,TCGA-4T-AA8H-01Z-00-DX1,1,0.9965815,1
tumour/TCGA-4T-AA8H-01Z-00-DX1_19456_6656.jpg,TCGA-4T-AA8H,TCGA-4T-AA8H-01Z-00-DX1,1,0.9983796,1
tumour/TCGA-4T-AA8H-01Z-00-DX1_19456_7680.jpg,TCGA-4T-AA8H,TCGA-4T-AA8H-01Z-00-DX1,1,0.99478215,1
tumour/TCGA-4T-AA8H-01Z-00-DX1_19456_8704.jpg,TCGA-4T-AA8H,TCGA-4T-AA8H-01Z-00-DX1,1,0.9950773,1
tumour/TCGA-4T-AA8H-01Z-00-DX1_19968_34304.jpg,TCGA-4T-AA8H,TCGA-4T-AA8H-01Z-00-DX1,1,0.99604046,1
tumour/TCGA-4T-AA8H-01Z-00-DX1_19968_3584.jpg,TCGA-4T-AA8H,TCGA-4T-AA8H-01Z-00-DX1,1,0.9973695,1
tumour/TCGA-4T-AA8H-01Z-00-DX1_19968_4096.jpg,TCGA-4T-AA8H,TCGA-4T-AA8H-01Z-00-DX1,1,0.99925035,1
tumour/TCGA-4T-AA8H-01Z-00-DX1_19968_4608.jpg,TCGA-4T-AA8H,TCGA-4T-AA8H-01Z-00-DX1,1,0.999665,1
tumour/TCGA-4T-AA8H-01Z-00-DX1_19968_8704.jpg,TCGA-4T-AA8H,TCGA-4T-AA8H-01Z-00-DX1,1,0.9783975,1
tumour/TCGA-4T-AA8H-01Z-00-DX1_19968_9728.jpg,TCGA-4T-AA8H,TCGA-4T-AA8H-01Z-00-DX1,1,0.9991689,1
tumour/TCGA-4T-AA8H-01Z-00-DX1_20480_10240.jpg,TCGA-4T-AA8H,TCGA-4T-AA8H-01Z-00-DX1,1,0.9994029,1
tumour/TCGA-4T-AA8H-01Z-00-DX1_20480_10752.jpg,TCGA-4T-AA8H,TCGA-4T-AA8H-01Z-00-DX1,1,0.9991437,1
tumour/TCGA-4T-AA8H-01Z-00-DX1_20480_2560.jpg,TCGA-4T-AA8H,TCGA-4T-AA8H-01Z-00-DX1,1,0.99988365,1
tumour/TCGA-4T-AA8H-01Z-00-DX1_20480_33792.jpg,TCGA-4T-AA8H,TCGA-4T-AA8H-01Z-00-DX1,1,0.99644756,1
tumour/TCGA-4T-AA8H-01Z-00-DX1_20480_37888.jpg,TCGA-4T-AA8H,TCGA-4T-AA8H-01Z-00-DX1,1,0.9969632,1
tumour/TCGA-4T-AA8H-01Z-00-DX1_20480_38400.jpg,TCGA-4T-AA8H,TCGA-4T-AA8H-01Z-00-DX1,1,0.9992244,1
tumour/TCGA-4T-AA8H-01Z-00-DX1_20480_4096.jpg,TCGA-4T-AA8H,TCGA-4T-AA8H-01Z-00-DX1,1,0.99599826,1
tumour/TCGA-4T-AA8H-01Z-00-DX1_20480_4608.jpg,TCGA-4T-AA8H,TCGA-4T-AA8H-01Z-00-DX1,1,0.99688905,1
tumour/TCGA-4T-AA8H-01Z-00-DX1_20480_9216.jpg,TCGA-4T-AA8H,TCGA-4T-AA8H-01Z-00-DX1,1,0.99669755,1
tumour/TCGA-4T-AA8H-01Z-00-DX1_20480_9728.jpg,TCGA-4T-AA8H,TCGA-4T-AA8H-01Z-00-DX1,1,0.9801932,1
tumour/TCGA-4T-AA8H-01Z-00-DX1_20992_10240.jpg,TCGA-4T-AA8H,TCGA-4T-AA8H-01Z-00-DX1,1,0.9990325,1
tumour/TCGA-4T-AA8H-01Z-00-DX1_20992_11264.jpg,TCGA-4T-AA8H,TCGA-4T-AA8H-01Z-00-DX1,1,0.99731845,1
tumour/TCGA-4T-AA8H-01Z-00-DX1_20992_3584.jpg,TCGA-4T-AA8H,TCGA-4T-AA8H-01Z-00-DX1,1,0.9997577,1
tumour/TCGA-4T-AA8H-01Z-00-DX1_20992_36864.jpg,TCGA-4T-AA8H,TCGA-4T-AA8H-01Z-00-DX1,1,0.9573193,1
tumour/TCGA-4T-AA8H-01Z-00-DX1_20992_37888.jpg,TCGA-4T-AA8H,TCGA-4T-AA8H-01Z-00-DX1,1,0.9962528,1
tumour/TCGA-4T-AA8H-01Z-00-DX1_20992_4096.jpg,TCGA-4T-AA8H,TCGA-4T-AA8H-01Z-00-DX1,1,0.99009514,1
tumour/TCGA-4T-AA8H-01Z-00-DX1_20992_9216.jpg,TCGA-4T-AA8H,TCGA-4T-AA8H-01Z-00-DX1,1,0.9998373,1
tumour/TCGA-4T-AA8H-01Z-00-DX1_21504_10752.jpg,TCGA-4T-AA8H,TCGA-4T-AA8H-01Z-00-DX1,1,0.99816895,1
tumour/TCGA-4T-AA8H-01Z-00-DX1_21504_3584.jpg,TCGA-4T-AA8H,TCGA-4T-AA8H-01Z-00-DX1,1,0.9996512,1
tumour/TCGA-4T-AA8H-01Z-00-DX1_21504_4096.jpg,TCGA-4T-AA8H,TCGA-4T-AA8H-01Z-00-DX1,1,0.96332467,1
tumour/TCGA-4T-AA8H-01Z-00-DX1_21504_6144.jpg,TCGA-4T-AA8H,TCGA-4T-AA8H-01Z-00-DX1,1,0.99948657,1
tumour/TCGA-4T-AA8H-01Z-00-DX1_21504_6656.jpg,TCGA-4T-AA8H,TCGA-4T-AA8H-01Z-00-DX1,1,0.9900503,1
tumour/TCGA-4T-AA8H-01Z-00-DX1_21504_7168.jpg,TCGA-4T-AA8H,TCGA-4T-AA8H-01Z-00-DX1,1,0.99976665,1
tumour/TCGA-4T-AA8H-01Z-00-DX1_22016_10240.jpg,TCGA-4T-AA8H,TCGA-4T-AA8H-01Z-00-DX1,1,0.9865161,1
tumour/TCGA-4T-AA8H-01Z-00-DX1_22016_6144.jpg,TCGA-4T-AA8H,TCGA-4T-AA8H-01Z-00-DX1,1,0.99887973,1
tumour/TCGA-4T-AA8H-01Z-00-DX1_22016_6656.jpg,TCGA-4T-AA8H,TCGA-4T-AA8H-01Z-00-DX1,1,0.9985536,1
tumour/TCGA-4T-AA8H-01Z-00-DX1_22016_7168.jpg,TCGA-4T-AA8H,TCGA-4T-AA8H-01Z-00-DX1,1,0.9890209,1
tumour/TCGA-4T-AA8H-01Z-00-DX1_22528_3584.jpg,TCGA-4T-AA8H,TCGA-4T-AA8H-01Z-00-DX1,1,0.99944276,1
tumour/TCGA-4T-AA8H-01Z-00-DX1_22528_4096.jpg,TCGA-4T-AA8H,TCGA-4T-AA8H-01Z-00-DX1,1,0.9778365,1
tumour/TCGA-4T-AA8H-01Z-00-DX1_22528_4608.jpg,TCGA-4T-AA8H,TCGA-4T-AA8H-01Z-00-DX1,1,0.99683386,1
tumour/TCGA-4T-AA8H-01Z-00-DX1_22528_5632.jpg,TCGA-4T-AA8H,TCGA-4T-AA8H-01Z-00-DX1,1,0.9976762,1
tumour/TCGA-4T-AA8H-01Z-00-DX1_22528_7680.jpg,TCGA-4T-AA8H,TCGA-4T-AA8H-01Z-00-DX1,1,0.98113614,1
tumour/TCGA-4T-AA8H-01Z-00-DX1_22528_8192.jpg,TCGA-4T-AA8H,TCGA-4T-AA8H-01Z-00-DX1,1,0.9746756,1
tumour/TCGA-4T-AA8H-01Z-00-DX1_23040_5120.jpg,TCGA-4T-AA8H,TCGA-4T-AA8H-01Z-00-DX1,1,0.9714036,1
tumour/TCGA-4T-AA8H-01Z-00-DX1_23040_6656.jpg,TCGA-4T-AA8H,TCGA-4T-AA8H-01Z-00-DX1,1,0.9970873,1
tumour/TCGA-4T-AA8H-01Z-00-DX1_23040_7680.jpg,TCGA-4T-AA8H,TCGA-4T-AA8H-01Z-00-DX1,1,0.9629351,1
tumour/TCGA-4T-AA8H-01Z-00-DX1_23552_36352.jpg,TCGA-4T-AA8H,TCGA-4T-AA8H-01Z-00-DX1,1,0.975662,1
tumour/TCGA-4T-AA8H-01Z-00-DX1_23552_36864.jpg,TCGA-4T-AA8H,TCGA-4T-AA8H-01Z-00-DX1,1,0.9920412,1
tumour/TCGA-4T-AA8H-01Z-00-DX1_23552_37376.jpg,TCGA-4T-AA8H,TCGA-4T-AA8H-01Z-00-DX1,1,0.9990814,1
tumour/TCGA-4T-AA8H-01Z-00-DX1_23552_5632.jpg,TCGA-4T-AA8H,TCGA-4T-AA8H-01Z-00-DX1,1,0.9947411,1
tumour/TCGA-4T-AA8H-01Z-00-DX1_23552_7168.jpg,TCGA-4T-AA8H,TCGA-4T-AA8H-01Z-00-DX1,1,0.99513185,1
tumour/TCGA-4T-AA8H-01Z-00-DX1_23552_7680.jpg,TCGA-4T-AA8H,TCGA-4T-AA8H-01Z-00-DX1,1,0.90171456,1
tumour/TCGA-4T-AA8H-01Z-00-DX1_24064_36352.jpg,TCGA-4T-AA8H,TCGA-4T-AA8H-01Z-00-DX1,1,0.99818414,1
tumour/TCGA-4T-AA8H-01Z-00-DX1_24064_36864.jpg,TCGA-4T-AA8H,TCGA-4T-AA8H-01Z-00-DX1,1,0.9982901,1
tumour/TCGA-4T-AA8H-01Z-00-DX1_24576_35328.jpg,TCGA-4T-AA8H,TCGA-4T-AA8H-01Z-00-DX1,1,0.9996474,1
tumour/TCGA-4T-AA8H-01Z-00-DX1_24576_35840.jpg,TCGA-4T-AA8H,TCGA-4T-AA8H-01Z-00-DX1,1,0.99527967,1
tumour/TCGA-4T-AA8H-01Z-00-DX1_24576_36352.jpg,TCGA-4T-AA8H,TCGA-4T-AA8H-01Z-00-DX1,1,0.5707406,1
tumour/TCGA-4T-AA8H-01Z-00-DX1_24576_37376.jpg,TCGA-4T-AA8H,TCGA-4T-AA8H-01Z-00-DX1,1,0.9195559,1
tumour/TCGA-4T-AA8H-01Z-00-DX1_24576_37888.jpg,TCGA-4T-AA8H,TCGA-4T-AA8H-01Z-00-DX1,1,0.9991716,1
tumour/TCGA-4T-AA8H-01Z-00-DX1_25088_35328.jpg,TCGA-4T-AA8H,TCGA-4T-AA8H-01Z-00-DX1,1,0.9997253,1
tumour/TCGA-4T-AA8H-01Z-00-DX1_25088_36864.jpg,TCGA-4T-AA8H,TCGA-4T-AA8H-01Z-00-DX1,1,0.9904668,1
tumour/TCGA-4T-AA8H-01Z-00-DX1_25600_36352.jpg,TCGA-4T-AA8H,TCGA-4T-AA8H-01Z-00-DX1,1,0.9787562,1
tumour/TCGA-4T-AA8H-01Z-00-DX1_26112_34816.jpg,TCGA-4T-AA8H,TCGA-4T-AA8H-01Z-00-DX1,1,0.99753785,1
tumour/TCGA-4T-AA8H-01Z-00-DX1_26112_35840.jpg,TCGA-4T-AA8H,TCGA-4T-AA8H-01Z-00-DX1,1,0.9742494,1
tumour/TCGA-4T-AA8H-01Z-00-DX1_26112_36352.jpg,TCGA-4T-AA8H,TCGA-4T-AA8H-01Z-00-DX1,1,0.9718241,1
tumour/TCGA-4T-AA8H-01Z-00-DX1_26624_35840.jpg,TCGA-4T-AA8H,TCGA-4T-AA8H-01Z-00-DX1,1,0.9958073,1
tumour/TCGA-4T-AA8H-01Z-00-DX1_28672_33792.jpg,TCGA-4T-AA8H,TCGA-4T-AA8H-01Z-00-DX1,1,0.99992,1
tumour/TCGA-4T-AA8H-01Z-00-DX1_29184_10752.jpg,TCGA-4T-AA8H,TCGA-4T-AA8H-01Z-00-DX1,1,0.99968874,1
tumour/TCGA-4T-AA8H-01Z-00-DX1_29184_11776.jpg,TCGA-4T-AA8H,TCGA-4T-AA8H-01Z-00-DX1,1,0.9997882,1
tumour/TCGA-4T-AA8H-01Z-00-DX1_29184_33792.jpg,TCGA-4T-AA8H,TCGA-4T-AA8H-01Z-00-DX1,1,0.99952435,1
tumour/TCGA-4T-AA8H-01Z-00-DX1_29184_34304.jpg,TCGA-4T-AA8H,TCGA-4T-AA8H-01Z-00-DX1,1,0.7761803,1
tumour/TCGA-4T-AA8H-01Z-00-DX1_29184_35840.jpg,TCGA-4T-AA8H,TCGA-4T-AA8H-01Z-00-DX1,1,0.9913667,1
tumour/TCGA-4T-AA8H-01Z-00-DX1_29696_11776.jpg,TCGA-4T-AA8H,TCGA-4T-AA8H-01Z-00-DX1,1,0.9993013,1
tumour/TCGA-4T-AA8H-01Z-00-DX1_29696_12288.jpg,TCGA-4T-AA8H,TCGA-4T-AA8H-01Z-00-DX1,1,0.9999155,1
tumour/TCGA-4T-AA8H-01Z-00-DX1_29696_14848.jpg,TCGA-4T-AA8H,TCGA-4T-AA8H-01Z-00-DX1,1,0.9078352,1
tumour/TCGA-4T-AA8H-01Z-00-DX1_29696_34304.jpg,TCGA-4T-AA8H,TCGA-4T-AA8H-01Z-00-DX1,1,0.99947935,1
tumour/TCGA-4T-AA8H-01Z-00-DX1_29696_34816.jpg,TCGA-4T-AA8H,TCGA-4T-AA8H-01Z-00-DX1,1,0.9968604,1
tumour/TCGA-4T-AA8H-01Z-00-DX1_29696_35328.jpg,TCGA-4T-AA8H,TCGA-4T-AA8H-01Z-00-DX1,1,0.9997185,1
tumour/TCGA-4T-AA8H-01Z-00-DX1_29696_35840.jpg,TCGA-4T-AA8H,TCGA-4T-AA8H-01Z-00-DX1,1,0.99961334,1
tumour/TCGA-4T-AA8H-01Z-00-DX1_30208_13824.jpg,TCGA-4T-AA8H,TCGA-4T-AA8H-01Z-00-DX1,1,0.9983045,1
tumour/TCGA-4T-AA8H-01Z-00-DX1_30208_33792.jpg,TCGA-4T-AA8H,TCGA-4T-AA8H-01Z-00-DX1,1,0.99990594,1
tumour/TCGA-4T-AA8H-01Z-00-DX1_30208_35328.jpg,TCGA-4T-AA8H,TCGA-4T-AA8H-01Z-00-DX1,1,0.9947172,1
tumour/TCGA-4T-AA8H-01Z-00-DX1_30208_35840.jpg,TCGA-4T-AA8H,TCGA-4T-AA8H-01Z-00-DX1,1,0.99804795,1
tumour/TCGA-4T-AA8H-01Z-00-DX1_30208_38912.jpg,TCGA-4T-AA8H,TCGA-4T-AA8H-01Z-00-DX1,1,0.99769956,1
tumour/TCGA-4T-AA8H-01Z-00-DX1_30208_39424.jpg,TCGA-4T-AA8H,TCGA-4T-AA8H-01Z-00-DX1,1,0.9973564,1
tumour/TCGA-4T-AA8H-01Z-00-DX1_30720_13312.jpg,TCGA-4T-AA8H,TCGA-4T-AA8H-01Z-00-DX1,1,0.9996662,1
tumour/TCGA-4T-AA8H-01Z-00-DX1_30720_13824.jpg,TCGA-4T-AA8H,TCGA-4T-AA8H-01Z-00-DX1,1,0.99974984,1
tumour/TCGA-4T-AA8H-01Z-00-DX1_30720_15360.jpg,TCGA-4T-AA8H,TCGA-4T-AA8H-01Z-00-DX1,1,0.99882346,1
tumour/TCGA-4T-AA8H-01Z-00-DX1_30720_34304.jpg,TCGA-4T-AA8H,TCGA-4T-AA8H-01Z-00-DX1,1,0.66563153,1
tumour/TCGA-4T-AA8H-01Z-00-DX1_30720_35328.jpg,TCGA-4T-AA8H,TCGA-4T-AA8H-01Z-00-DX1,1,0.9847075,1
tumour/TCGA-4T-AA8H-01Z-00-DX1_30720_35840.jpg,TCGA-4T-AA8H,TCGA-4T-AA8H-01Z-00-DX1,1,0.9998301,1
tumour/TCGA-4T-AA8H-01Z-00-DX1_30720_36864.jpg,TCGA-4T-AA8H,TCGA-4T-AA8H-01Z-00-DX1,1,0.96127844,1
tumour/TCGA-4T-AA8H-01Z-00-DX1_30720_37376.jpg,TCGA-4T-AA8H,TCGA-4T-AA8H-01Z-00-DX1,1,0.9768413,1
tumour/TCGA-4T-AA8H-01Z-00-DX1_30720_37888.jpg,TCGA-4T-AA8H,TCGA-4T-AA8H-01Z-00-DX1,1,0.9891571,1
tumour/TCGA-4T-AA8H-01Z-00-DX1_31232_14848.jpg,TCGA-4T-AA8H,TCGA-4T-AA8H-01Z-00-DX1,1,0.99945027,1
tumour/TCGA-4T-AA8H-01Z-00-DX1_31232_15360.jpg,TCGA-4T-AA8H,TCGA-4T-AA8H-01Z-00-DX1,1,0.9998957,1
tumour/TCGA-4T-AA8H-01Z-00-DX1_31232_34304.jpg,TCGA-4T-AA8H,TCGA-4T-AA8H-01Z-00-DX1,1,0.9963301,1
tumour/TCGA-4T-AA8H-01Z-00-DX1_31232_34816.jpg,TCGA-4T-AA8H,TCGA-4T-AA8H-01Z-00-DX1,1,0.9981316,1
tumour/TCGA-4T-AA8H-01Z-00-DX1_31232_36352.jpg,TCGA-4T-AA8H,TCGA-4T-AA8H-01Z-00-DX1,1,0.9905414,1
tumour/TCGA-4T-AA8H-01Z-00-DX1_31232_36864.jpg,TCGA-4T-AA8H,TCGA-4T-AA8H-01Z-00-DX1,1,0.8471819,1
tumour/TCGA-4T-AA8H-01Z-00-DX1_31232_37888.jpg,TCGA-4T-AA8H,TCGA-4T-AA8H-01Z-00-DX1,1,0.9660465,1
tumour/TCGA-4T-AA8H-01Z-00-DX1_31232_38912.jpg,TCGA-4T-AA8H,TCGA-4T-AA8H-01Z-00-DX1,1,0.99498874,1
tumour/TCGA-4T-AA8H-01Z-00-DX1_31232_39424.jpg,TCGA-4T-AA8H,TCGA-4T-AA8H-01Z-00-DX1,1,0.9906035,1
tumour/TCGA-4T-AA8H-01Z-00-DX1_31744_33792.jpg,TCGA-4T-AA8H,TCGA-4T-AA8H-01Z-00-DX1,1,0.99928266,1
tumour/TCGA-4T-AA8H-01Z-00-DX1_31744_34304.jpg,TCGA-4T-AA8H,TCGA-4T-AA8H-01Z-00-DX1,1,0.98972356,1
tumour/TCGA-4T-AA8H-01Z-00-DX1_31744_36864.jpg,TCGA-4T-AA8H,TCGA-4T-AA8H-01Z-00-DX1,1,0.9833667,1
tumour/TCGA-4T-AA8H-01Z-00-DX1_31744_37376.jpg,TCGA-4T-AA8H,TCGA-4T-AA8H-01Z-00-DX1,1,0.99193585,1
tumour/TCGA-4T-AA8H-01Z-00-DX1_31744_38400.jpg,TCGA-4T-AA8H,TCGA-4T-AA8H-01Z-00-DX1,1,0.99683976,1
tumour/TCGA-4T-AA8H-01Z-00-DX1_31744_39424.jpg,TCGA-4T-AA8H,TCGA-4T-AA8H-01Z-00-DX1,1,0.9911322,1
tumour/TCGA-4T-AA8H-01Z-00-DX1_32256_33792.jpg,TCGA-4T-AA8H,TCGA-4T-AA8H-01Z-00-DX1,1,0.99968696,1
tumour/TCGA-4T-AA8H-01Z-00-DX1_32256_37376.jpg,TCGA-4T-AA8H,TCGA-4T-AA8H-01Z-00-DX1,1,0.9963109,1
tumour/TCGA-4T-AA8H-01Z-00-DX1_32256_37888.jpg,TCGA-4T-AA8H,TCGA-4T-AA8H-01Z-00-DX1,1,0.99920756,1
tumour/TCGA-4T-AA8H-01Z-00-DX1_32256_38912.jpg,TCGA-4T-AA8H,TCGA-4T-AA8H-01Z-00-DX1,1,0.9576053,1
tumour/TCGA-4T-AA8H-01Z-00-DX1_32256_39424.jpg,TCGA-4T-AA8H,TCGA-4T-AA8H-01Z-00-DX1,1,0.99329656,1
tumour/TCGA-4T-AA8H-01Z-00-DX1_32768_33280.jpg,TCGA-4T-AA8H,TCGA-4T-AA8H-01Z-00-DX1,1,0.9860985,1
tumour/TCGA-4T-AA8H-01Z-00-DX1_32768_36352.jpg,TCGA-4T-AA8H,TCGA-4T-AA8H-01Z-00-DX1,1,0.99041665,1
tumour/TCGA-4T-AA8H-01Z-00-DX1_32768_38912.jpg,TCGA-4T-AA8H,TCGA-4T-AA8H-01Z-00-DX1,1,0.99865496,1
tumour/TCGA-4T-AA8H-01Z-00-DX1_33280_33792.jpg,TCGA-4T-AA8H,TCGA-4T-AA8H-01Z-00-DX1,1,0.9982527,1
tumour/TCGA-4T-AA8H-01Z-00-DX1_33280_35328.jpg,TCGA-4T-AA8H,TCGA-4T-AA8H-01Z-00-DX1,1,0.98869497,1
tumour/TCGA-4T-AA8H-01Z-00-DX1_33280_36352.jpg,TCGA-4T-AA8H,TCGA-4T-AA8H-01Z-00-DX1,1,0.99903095,1
tumour/TCGA-4T-AA8H-01Z-00-DX1_33280_36864.jpg,TCGA-4T-AA8H,TCGA-4T-AA8H-01Z-00-DX1,1,0.99761164,1
tumour/TCGA-4T-AA8H-01Z-00-DX1_33792_35840.jpg,TCGA-4T-AA8H,TCGA-4T-AA8H-01Z-00-DX1,1,0.99995136,1
tumour/TCGA-4T-AA8H-01Z-00-DX1_34816_30208.jpg,TCGA-4T-AA8H,TCGA-4T-AA8H-01Z-00-DX1,1,0.30663615,0
tumour/TCGA-4T-AA8H-01Z-00-DX1_34816_30720.jpg,TCGA-4T-AA8H,TCGA-4T-AA8H-01Z-00-DX1,1,0.9993285,1
tumour/TCGA-4T-AA8H-01Z-00-DX1_34816_31232.jpg,TCGA-4T-AA8H,TCGA-4T-AA8H-01Z-00-DX1,1,0.9786389,1
tumour/TCGA-4T-AA8H-01Z-00-DX1_35328_31232.jpg,TCGA-4T-AA8H,TCGA-4T-AA8H-01Z-00-DX1,1,0.99991596,1
tumour/TCGA-4T-AA8H-01Z-00-DX1_35328_31744.jpg,TCGA-4T-AA8H,TCGA-4T-AA8H-01Z-00-DX1,1,0.99937767,1
tumour/TCGA-4T-AA8H-01Z-00-DX1_35328_32256.jpg,TCGA-4T-AA8H,TCGA-4T-AA8H-01Z-00-DX1,1,0.9971565,1
tumour/TCGA-4T-AA8H-01Z-00-DX1_35840_29184.jpg,TCGA-4T-AA8H,TCGA-4T-AA8H-01Z-00-DX1,1,0.9950655,1
tumour/TCGA-4T-AA8H-01Z-00-DX1_35840_30720.jpg,TCGA-4T-AA8H,TCGA-4T-AA8H-01Z-00-DX1,1,0.9952549,1
tumour/TCGA-4T-AA8H-01Z-00-DX1_35840_31232.jpg,TCGA-4T-AA8H,TCGA-4T-AA8H-01Z-00-DX1,1,0.99689037,1
tumour/TCGA-4T-AA8H-01Z-00-DX1_35840_32256.jpg,TCGA-4T-AA8H,TCGA-4T-AA8H-01Z-00-DX1,1,0.99873143,1
tumour/TCGA-4T-AA8H-01Z-00-DX1_35840_33280.jpg,TCGA-4T-AA8H,TCGA-4T-AA8H-01Z-00-DX1,1,0.99958056,1
tumour/TCGA-4T-AA8H-01Z-00-DX1_36352_29184.jpg,TCGA-4T-AA8H,TCGA-4T-AA8H-01Z-00-DX1,1,0.9996418,1
tumour/TCGA-4T-AA8H-01Z-00-DX1_36352_32256.jpg,TCGA-4T-AA8H,TCGA-4T-AA8H-01Z-00-DX1,1,0.9998425,1
tumour/TCGA-4T-AA8H-01Z-00-DX1_36352_33280.jpg,TCGA-4T-AA8H,TCGA-4T-AA8H-01Z-00-DX1,1,0.9991972,1
tumour/TCGA-4T-AA8H-01Z-00-DX1_36352_33792.jpg,TCGA-4T-AA8H,TCGA-4T-AA8H-01Z-00-DX1,1,0.9997049,1
tumour/TCGA-4T-AA8H-01Z-00-DX1_36352_34304.jpg,TCGA-4T-AA8H,TCGA-4T-AA8H-01Z-00-DX1,1,0.99274534,1
tumour/TCGA-4T-AA8H-01Z-00-DX1_36352_34816.jpg,TCGA-4T-AA8H,TCGA-4T-AA8H-01Z-00-DX1,1,0.94487566,1
tumour/TCGA-4T-AA8H-01Z-00-DX1_36864_28160.jpg,TCGA-4T-AA8H,TCGA-4T-AA8H-01Z-00-DX1,1,0.99965584,1
tumour/TCGA-4T-AA8H-01Z-00-DX1_36864_29696.jpg,TCGA-4T-AA8H,TCGA-4T-AA8H-01Z-00-DX1,1,0.99855036,1
tumour/TCGA-4T-AA8H-01Z-00-DX1_36864_31744.jpg,TCGA-4T-AA8H,TCGA-4T-AA8H-01Z-00-DX1,1,0.98695636,1
tumour/TCGA-4T-AA8H-01Z-00-DX1_36864_32256.jpg,TCGA-4T-AA8H,TCGA-4T-AA8H-01Z-00-DX1,1,0.9923901,1
tumour/TCGA-4T-AA8H-01Z-00-DX1_36864_33280.jpg,TCGA-4T-AA8H,TCGA-4T-AA8H-01Z-00-DX1,1,0.9936859,1
tumour/TCGA-4T-AA8H-01Z-00-DX1_36864_34816.jpg,TCGA-4T-AA8H,TCGA-4T-AA8H-01Z-00-DX1,1,0.982225,1
tumour/TCGA-4T-AA8H-01Z-00-DX1_37376_14848.jpg,TCGA-4T-AA8H,TCGA-4T-AA8H-01Z-00-DX1,1,0.9719598,1
tumour/TCGA-4T-AA8H-01Z-00-DX1_37376_15360.jpg,TCGA-4T-AA8H,TCGA-4T-AA8H-01Z-00-DX1,1,0.9947649,1
tumour/TCGA-4T-AA8H-01Z-00-DX1_37376_29696.jpg,TCGA-4T-AA8H,TCGA-4T-AA8H-01Z-00-DX1,1,0.9967231,1
tumour/TCGA-4T-AA8H-01Z-00-DX1_37376_30208.jpg,TCGA-4T-AA8H,TCGA-4T-AA8H-01Z-00-DX1,1,0.99482924,1
tumour/TCGA-4T-AA8H-01Z-00-DX1_37376_31232.jpg,TCGA-4T-AA8H,TCGA-4T-AA8H-01Z-00-DX1,1,0.957583,1
tumour/TCGA-4T-AA8H-01Z-00-DX1_37376_31744.jpg,TCGA-4T-AA8H,TCGA-4T-AA8H-01Z-00-DX1,1,0.97956985,1
tumour/TCGA-4T-AA8H-01Z-00-DX1_37376_33280.jpg,TCGA-4T-AA8H,TCGA-4T-AA8H-01Z-00-DX1,1,0.9972529,1
tumour/TCGA-4T-AA8H-01Z-00-DX1_37376_35328.jpg,TCGA-4T-AA8H,TCGA-4T-AA8H-01Z-00-DX1,1,0.8953678,1
tumour/TCGA-4T-AA8H-01Z-00-DX1_37376_35840.jpg,TCGA-4T-AA8H,TCGA-4T-AA8H-01Z-00-DX1,1,0.98450154,1
tumour/TCGA-4T-AA8H-01Z-00-DX1_37888_30208.jpg,TCGA-4T-AA8H,TCGA-4T-AA8H-01Z-00-DX1,1,0.990616,1
tumour/TCGA-4T-AA8H-01Z-00-DX1_37888_32256.jpg,TCGA-4T-AA8H,TCGA-4T-AA8H-01Z-00-DX1,1,0.99863225,1
tumour/TCGA-4T-AA8H-01Z-00-DX1_37888_32768.jpg,TCGA-4T-AA8H,TCGA-4T-AA8H-01Z-00-DX1,1,0.78408515,1
tumour/TCGA-4T-AA8H-01Z-00-DX1_38400_30720.jpg,TCGA-4T-AA8H,TCGA-4T-AA8H-01Z-00-DX1,1,0.9981438,1
tumour/TCGA-4T-AA8H-01Z-00-DX1_38400_31232.jpg,TCGA-4T-AA8H,TCGA-4T-AA8H-01Z-00-DX1,1,0.98122394,1
tumour/TCGA-4T-AA8H-01Z-00-DX1_38400_31744.jpg,TCGA-4T-AA8H,TCGA-4T-AA8H-01Z-00-DX1,1,0.9902463,1
tumour/TCGA-4T-AA8H-01Z-00-DX1_38400_32256.jpg,TCGA-4T-AA8H,TCGA-4T-AA8H-01Z-00-DX1,1,0.9969976,1
tumour/TCGA-4T-AA8H-01Z-00-DX1_38400_32768.jpg,TCGA-4T-AA8H,TCGA-4T-AA8H-01Z-00-DX1,1,0.9995011,1
tumour/TCGA-4T-AA8H-01Z-00-DX1_38400_34816.jpg,TCGA-4T-AA8H,TCGA-4T-AA8H-01Z-00-DX1,1,0.99842155,1
tumour/TCGA-4T-AA8H-01Z-00-DX1_38400_36352.jpg,TCGA-4T-AA8H,TCGA-4T-AA8H-01Z-00-DX1,1,0.9968389,1
tumour/TCGA-4T-AA8H-01Z-00-DX1_38912_30208.jpg,TCGA-4T-AA8H,TCGA-4T-AA8H-01Z-00-DX1,1,0.97819704,1
tumour/TCGA-4T-AA8H-01Z-00-DX1_38912_31232.jpg,TCGA-4T-AA8H,TCGA-4T-AA8H-01Z-00-DX1,1,0.9991141,1
tumour/TCGA-4T-AA8H-01Z-00-DX1_38912_32256.jpg,TCGA-4T-AA8H,TCGA-4T-AA8H-01Z-00-DX1,1,0.961558,1
tumour/TCGA-4T-AA8H-01Z-00-DX1_38912_35328.jpg,TCGA-4T-AA8H,TCGA-4T-AA8H-01Z-00-DX1,1,0.9694658,1
tumour/TCGA-4T-AA8H-01Z-00-DX1_38912_36352.jpg,TCGA-4T-AA8H,TCGA-4T-AA8H-01Z-00-DX1,1,0.9839315,1
tumour/TCGA-4T-AA8H-01Z-00-DX1_39424_27648.jpg,TCGA-4T-AA8H,TCGA-4T-AA8H-01Z-00-DX1,1,0.9995072,1
tumour/TCGA-4T-AA8H-01Z-00-DX1_39424_28672.jpg,TCGA-4T-AA8H,TCGA-4T-AA8H-01Z-00-DX1,1,0.9998305,1
tumour/TCGA-4T-AA8H-01Z-00-DX1_39424_29696.jpg,TCGA-4T-AA8H,TCGA-4T-AA8H-01Z-00-DX1,1,0.99976414,1
tumour/TCGA-4T-AA8H-01Z-00-DX1_39424_31744.jpg,TCGA-4T-AA8H,TCGA-4T-AA8H-01Z-00-DX1,1,0.9327812,1
tumour/TCGA-4T-AA8H-01Z-00-DX1_39936_27648.jpg,TCGA-4T-AA8H,TCGA-4T-AA8H-01Z-00-DX1,1,0.99961406,1
tumour/TCGA-4T-AA8H-01Z-00-DX1_39936_29184.jpg,TCGA-4T-AA8H,TCGA-4T-AA8H-01Z-00-DX1,1,0.9994666,1
tumour/TCGA-4T-AA8H-01Z-00-DX1_39936_30720.jpg,TCGA-4T-AA8H,TCGA-4T-AA8H-01Z-00-DX1,1,0.9861167,1
tumour/TCGA-4T-AA8H-01Z-00-DX1_40448_27136.jpg,TCGA-4T-AA8H,TCGA-4T-AA8H-01Z-00-DX1,1,0.99522495,1
tumour/TCGA-4T-AA8H-01Z-00-DX1_40448_29184.jpg,TCGA-4T-AA8H,TCGA-4T-AA8H-01Z-00-DX1,1,0.99902165,1
tumour/TCGA-4T-AA8H-01Z-00-DX1_40448_29696.jpg,TCGA-4T-AA8H,TCGA-4T-AA8H-01Z-00-DX1,1,0.9498189,1
tumour/TCGA-4T-AA8H-01Z-00-DX1_40448_30208.jpg,TCGA-4T-AA8H,TCGA-4T-AA8H-01Z-00-DX1,1,0.9964419,1
tumour/TCGA-4T-AA8H-01Z-00-DX1_40448_30720.jpg,TCGA-4T-AA8H,TCGA-4T-AA8H-01Z-00-DX1,1,0.9952377,1
tumour/TCGA-4T-AA8H-01Z-00-DX1_40960_27136.jpg,TCGA-4T-AA8H,TCGA-4T-AA8H-01Z-00-DX1,1,0.98389035,1
tumour/TCGA-4T-AA8H-01Z-00-DX1_40960_27648.jpg,TCGA-4T-AA8H,TCGA-4T-AA8H-01Z-00-DX1,1,0.9936719,1
tumour/TCGA-4T-AA8H-01Z-00-DX1_40960_29184.jpg,TCGA-4T-AA8H,TCGA-4T-AA8H-01Z-00-DX1,1,0.9852217,1
tumour/TCGA-4T-AA8H-01Z-00-DX1_40960_29696.jpg,TCGA-4T-AA8H,TCGA-4T-AA8H-01Z-00-DX1,1,0.9896856,1
tumour/TCGA-4T-AA8H-01Z-00-DX1_40960_32768.jpg,TCGA-4T-AA8H,TCGA-4T-AA8H-01Z-00-DX1,1,0.9996063,1
tumour/TCGA-4T-AA8H-01Z-00-DX1_40960_33280.jpg,TCGA-4T-AA8H,TCGA-4T-AA8H-01Z-00-DX1,1,0.9890855,1
tumour/TCGA-4T-AA8H-01Z-00-DX1_40960_34304.jpg,TCGA-4T-AA8H,TCGA-4T-AA8H-01Z-00-DX1,1,0.9969099,1
tumour/TCGA-4T-AA8H-01Z-00-DX1_4096_25600.jpg,TCGA-4T-AA8H,TCGA-4T-AA8H-01Z-00-DX1,1,0.99983656,1
tumour/TCGA-4T-AA8H-01Z-00-DX1_4096_26112.jpg,TCGA-4T-AA8H,TCGA-4T-AA8H-01Z-00-DX1,1,0.9999677,1
tumour/TCGA-4T-AA8H-01Z-00-DX1_4096_27136.jpg,TCGA-4T-AA8H,TCGA-4T-AA8H-01Z-00-DX1,1,0.9999424,1
tumour/TCGA-4T-AA8H-01Z-00-DX1_4096_27648.jpg,TCGA-4T-AA8H,TCGA-4T-AA8H-01Z-00-DX1,1,0.9792516,1
tumour/TCGA-4T-AA8H-01Z-00-DX1_41472_29184.jpg,TCGA-4T-AA8H,TCGA-4T-AA8H-01Z-00-DX1,1,0.058481853,0
tumour/TCGA-4T-AA8H-01Z-00-DX1_41472_30720.jpg,TCGA-4T-AA8H,TCGA-4T-AA8H-01Z-00-DX1,1,0.9947179,1
tumour/TCGA-4T-AA8H-01Z-00-DX1_41472_31232.jpg,TCGA-4T-AA8H,TCGA-4T-AA8H-01Z-00-DX1,1,0.99729604,1
tumour/TCGA-4T-AA8H-01Z-00-DX1_41472_31744.jpg,TCGA-4T-AA8H,TCGA-4T-AA8H-01Z-00-DX1,1,0.9998455,1
tumour/TCGA-4T-AA8H-01Z-00-DX1_41472_32256.jpg,TCGA-4T-AA8H,TCGA-4T-AA8H-01Z-00-DX1,1,0.9969843,1
tumour/TCGA-4T-AA8H-01Z-00-DX1_41472_32768.jpg,TCGA-4T-AA8H,TCGA-4T-AA8H-01Z-00-DX1,1,0.98374707,1
tumour/TCGA-4T-AA8H-01Z-00-DX1_41472_33792.jpg,TCGA-4T-AA8H,TCGA-4T-AA8H-01Z-00-DX1,1,0.99885607,1
tumour/TCGA-4T-AA8H-01Z-00-DX1_41472_34304.jpg,TCGA-4T-AA8H,TCGA-4T-AA8H-01Z-00-DX1,1,0.99295455,1
tumour/TCGA-4T-AA8H-01Z-00-DX1_41984_33280.jpg,TCGA-4T-AA8H,TCGA-4T-AA8H-01Z-00-DX1,1,0.9997918,1
tumour/TCGA-4T-AA8H-01Z-00-DX1_42496_13312.jpg,TCGA-4T-AA8H,TCGA-4T-AA8H-01Z-00-DX1,1,0.9996195,1
tumour/TCGA-4T-AA8H-01Z-00-DX1_42496_14848.jpg,TCGA-4T-AA8H,TCGA-4T-AA8H-01Z-00-DX1,1,0.9786066,1
tumour/TCGA-4T-AA8H-01Z-00-DX1_42496_30720.jpg,TCGA-4T-AA8H,TCGA-4T-AA8H-01Z-00-DX1,1,0.99578685,1
tumour/TCGA-4T-AA8H-01Z-00-DX1_42496_31744.jpg,TCGA-4T-AA8H,TCGA-4T-AA8H-01Z-00-DX1,1,0.9998423,1
tumour/TCGA-4T-AA8H-01Z-00-DX1_42496_32256.jpg,TCGA-4T-AA8H,TCGA-4T-AA8H-01Z-00-DX1,1,0.97607464,1
tumour/TCGA-4T-AA8H-01Z-00-DX1_42496_33792.jpg,TCGA-4T-AA8H,TCGA-4T-AA8H-01Z-00-DX1,1,0.98564005,1
tumour/TCGA-4T-AA8H-01Z-00-DX1_43008_13312.jpg,TCGA-4T-AA8H,TCGA-4T-AA8H-01Z-00-DX1,1,0.9951041,1
tumour/TCGA-4T-AA8H-01Z-00-DX1_43008_13824.jpg,TCGA-4T-AA8H,TCGA-4T-AA8H-01Z-00-DX1,1,0.99821955,1
tumour/TCGA-4T-AA8H-01Z-00-DX1_43008_30720.jpg,TCGA-4T-AA8H,TCGA-4T-AA8H-01Z-00-DX1,1,0.99977845,1
tumour/TCGA-4T-AA8H-01Z-00-DX1_4608_26624.jpg,TCGA-4T-AA8H,TCGA-4T-AA8H-01Z-00-DX1,1,0.99988806,1
tumour/TCGA-4T-AA8H-01Z-00-DX1_4608_27648.jpg,TCGA-4T-AA8H,TCGA-4T-AA8H-01Z-00-DX1,1,0.9988794,1
tumour/TCGA-4T-AA8H-01Z-00-DX1_4608_28160.jpg,TCGA-4T-AA8H,TCGA-4T-AA8H-01Z-00-DX1,1,0.99031687,1
tumour/TCGA-4T-AA8H-01Z-00-DX1_5120_24064.jpg,TCGA-4T-AA8H,TCGA-4T-AA8H-01Z-00-DX1,1,0.99993336,1
tumour/TCGA-4T-AA8H-01Z-00-DX1_5120_26112.jpg,TCGA-4T-AA8H,TCGA-4T-AA8H-01Z-00-DX1,1,0.9995065,1
tumour/TCGA-4T-AA8H-01Z-00-DX1_5120_27136.jpg,TCGA-4T-AA8H,TCGA-4T-AA8H-01Z-00-DX1,1,0.9954347,1
tumour/TCGA-4T-AA8H-01Z-00-DX1_5120_27648.jpg,TCGA-4T-AA8H,TCGA-4T-AA8H-01Z-00-DX1,1,0.9402388,1
tumour/TCGA-4T-AA8H-01Z-00-DX1_5120_28672.jpg,TCGA-4T-AA8H,TCGA-4T-AA8H-01Z-00-DX1,1,0.9999087,1
tumour/TCGA-4T-AA8H-01Z-00-DX1_5120_29184.jpg,TCGA-4T-AA8H,TCGA-4T-AA8H-01Z-00-DX1,1,0.9977209,1
tumour/TCGA-4T-AA8H-01Z-00-DX1_5120_29696.jpg,TCGA-4T-AA8H,TCGA-4T-AA8H-01Z-00-DX1,1,0.9927659,1
tumour/TCGA-4T-AA8H-01Z-00-DX1_5632_24064.jpg,TCGA-4T-AA8H,TCGA-4T-AA8H-01Z-00-DX1,1,0.9373337,1
tumour/TCGA-4T-AA8H-01Z-00-DX1_5632_24576.jpg,TCGA-4T-AA8H,TCGA-4T-AA8H-01Z-00-DX1,1,0.9929263,1
tumour/TCGA-4T-AA8H-01Z-00-DX1_5632_25088.jpg,TCGA-4T-AA8H,TCGA-4T-AA8H-01Z-00-DX1,1,0.9959144,1
tumour/TCGA-4T-AA8H-01Z-00-DX1_5632_27136.jpg,TCGA-4T-AA8H,TCGA-4T-AA8H-01Z-00-DX1,1,0.9997048,1
tumour/TCGA-4T-AA8H-01Z-00-DX1_5632_28160.jpg,TCGA-4T-AA8H,TCGA-4T-AA8H-01Z-00-DX1,1,0.987546,1
tumour/TCGA-4T-AA8H-01Z-00-DX1_5632_28672.jpg,TCGA-4T-AA8H,TCGA-4T-AA8H-01Z-00-DX1,1,0.99840015,1
tumour/TCGA-4T-AA8H-01Z-00-DX1_5632_29696.jpg,TCGA-4T-AA8H,TCGA-4T-AA8H-01Z-00-DX1,1,0.9994931,1
tumour/TCGA-4T-AA8H-01Z-00-DX1_6144_24064.jpg,TCGA-4T-AA8H,TCGA-4T-AA8H-01Z-00-DX1,1,0.9993875,1
tumour/TCGA-4T-AA8H-01Z-00-DX1_6144_24576.jpg,TCGA-4T-AA8H,TCGA-4T-AA8H-01Z-00-DX1,1,0.9999356,1
tumour/TCGA-4T-AA8H-01Z-00-DX1_6144_25088.jpg,TCGA-4T-AA8H,TCGA-4T-AA8H-01Z-00-DX1,1,0.99166393,1
tumour/TCGA-4T-AA8H-01Z-00-DX1_6144_26112.jpg,TCGA-4T-AA8H,TCGA-4T-AA8H-01Z-00-DX1,1,0.9744667,1
tumour/TCGA-4T-AA8H-01Z-00-DX1_6144_27136.jpg,TCGA-4T-AA8H,TCGA-4T-AA8H-01Z-00-DX1,1,0.98215723,1
tumour/TCGA-4T-AA8H-01Z-00-DX1_6144_27648.jpg,TCGA-4T-AA8H,TCGA-4T-AA8H-01Z-00-DX1,1,0.9974033,1
tumour/TCGA-4T-AA8H-01Z-00-DX1_6144_28160.jpg,TCGA-4T-AA8H,TCGA-4T-AA8H-01Z-00-DX1,1,0.99461985,1
tumour/TCGA-4T-AA8H-01Z-00-DX1_6144_28672.jpg,TCGA-4T-AA8H,TCGA-4T-AA8H-01Z-00-DX1,1,0.9975586,1
tumour/TCGA-4T-AA8H-01Z-00-DX1_6144_29184.jpg,TCGA-4T-AA8H,TCGA-4T-AA8H-01Z-00-DX1,1,0.9889148,1
tumour/TCGA-4T-AA8H-01Z-00-DX1_6144_29696.jpg,TCGA-4T-AA8H,TCGA-4T-AA8H-01Z-00-DX1,1,0.9953047,1
tumour/TCGA-4T-AA8H-01Z-00-DX1_6144_30208.jpg,TCGA-4T-AA8H,TCGA-4T-AA8H-01Z-00-DX1,1,0.8018642,1
tumour/TCGA-4T-AA8H-01Z-00-DX1_6144_30720.jpg,TCGA-4T-AA8H,TCGA-4T-AA8H-01Z-00-DX1,1,0.9782364,1
tumour/TCGA-4T-AA8H-01Z-00-DX1_6656_23552.jpg,TCGA-4T-AA8H,TCGA-4T-AA8H-01Z-00-DX1,1,0.9995227,1
tumour/TCGA-4T-AA8H-01Z-00-DX1_6656_25088.jpg,TCGA-4T-AA8H,TCGA-4T-AA8H-01Z-00-DX1,1,0.9896994,1
tumour/TCGA-4T-AA8H-01Z-00-DX1_6656_25600.jpg,TCGA-4T-AA8H,TCGA-4T-AA8H-01Z-00-DX1,1,0.9859848,1
tumour/TCGA-4T-AA8H-01Z-00-DX1_6656_27136.jpg,TCGA-4T-AA8H,TCGA-4T-AA8H-01Z-00-DX1,1,0.99070907,1
tumour/TCGA-4T-AA8H-01Z-00-DX1_6656_28672.jpg,TCGA-4T-AA8H,TCGA-4T-AA8H-01Z-00-DX1,1,0.992826,1
tumour/TCGA-4T-AA8H-01Z-00-DX1_6656_29696.jpg,TCGA-4T-AA8H,TCGA-4T-AA8H-01Z-00-DX1,1,0.99788123,1
tumour/TCGA-4T-AA8H-01Z-00-DX1_6656_31744.jpg,TCGA-4T-AA8H,TCGA-4T-AA8H-01Z-00-DX1,1,0.9702533,1
tumour/TCGA-4T-AA8H-01Z-00-DX1_7168_24064.jpg,TCGA-4T-AA8H,TCGA-4T-AA8H-01Z-00-DX1,1,0.99870753,1
tumour/TCGA-4T-AA8H-01Z-00-DX1_7168_24576.jpg,TCGA-4T-AA8H,TCGA-4T-AA8H-01Z-00-DX1,1,0.9978948,1
tumour/TCGA-4T-AA8H-01Z-00-DX1_7168_25600.jpg,TCGA-4T-AA8H,TCGA-4T-AA8H-01Z-00-DX1,1,0.9998448,1
tumour/TCGA-4T-AA8H-01Z-00-DX1_7168_26112.jpg,TCGA-4T-AA8H,TCGA-4T-AA8H-01Z-00-DX1,1,0.9983908,1
tumour/TCGA-4T-AA8H-01Z-00-DX1_7168_26624.jpg,TCGA-4T-AA8H,TCGA-4T-AA8H-01Z-00-DX1,1,0.99794,1
tumour/TCGA-4T-AA8H-01Z-00-DX1_7168_27136.jpg,TCGA-4T-AA8H,TCGA-4T-AA8H-01Z-00-DX1,1,0.99652183,1
tumour/TCGA-4T-AA8H-01Z-00-DX1_7168_29184.jpg,TCGA-4T-AA8H,TCGA-4T-AA8H-01Z-00-DX1,1,0.94024,1
tumour/TCGA-4T-AA8H-01Z-00-DX1_7168_29696.jpg,TCGA-4T-AA8H,TCGA-4T-AA8H-01Z-00-DX1,1,0.9949155,1
tumour/TCGA-4T-AA8H-01Z-00-DX1_7168_30208.jpg,TCGA-4T-AA8H,TCGA-4T-AA8H-01Z-00-DX1,1,0.8868982,1
tumour/TCGA-4T-AA8H-01Z-00-DX1_7168_31744.jpg,TCGA-4T-AA8H,TCGA-4T-AA8H-01Z-00-DX1,1,0.9997044,1
tumour/TCGA-4T-AA8H-01Z-00-DX1_7168_8704.jpg,TCGA-4T-AA8H,TCGA-4T-AA8H-01Z-00-DX1,1,0.99893695,1
tumour/TCGA-4T-AA8H-01Z-00-DX1_7680_10240.jpg,TCGA-4T-AA8H,TCGA-4T-AA8H-01Z-00-DX1,1,0.9960846,1
tumour/TCGA-4T-AA8H-01Z-00-DX1_7680_24064.jpg,TCGA-4T-AA8H,TCGA-4T-AA8H-01Z-00-DX1,1,0.99117225,1
tumour/TCGA-4T-AA8H-01Z-00-DX1_7680_24576.jpg,TCGA-4T-AA8H,TCGA-4T-AA8H-01Z-00-DX1,1,0.9964101,1
tumour/TCGA-4T-AA8H-01Z-00-DX1_7680_26624.jpg,TCGA-4T-AA8H,TCGA-4T-AA8H-01Z-00-DX1,1,0.99645305,1
tumour/TCGA-4T-AA8H-01Z-00-DX1_7680_28672.jpg,TCGA-4T-AA8H,TCGA-4T-AA8H-01Z-00-DX1,1,0.9990434,1
tumour/TCGA-4T-AA8H-01Z-00-DX1_7680_30208.jpg,TCGA-4T-AA8H,TCGA-4T-AA8H-01Z-00-DX1,1,0.99222744,1
tumour/TCGA-4T-AA8H-01Z-00-DX1_7680_30720.jpg,TCGA-4T-AA8H,TCGA-4T-AA8H-01Z-00-DX1,1,0.467505,0
tumour/TCGA-4T-AA8H-01Z-00-DX1_7680_31744.jpg,TCGA-4T-AA8H,TCGA-4T-AA8H-01Z-00-DX1,1,0.9959092,1
tumour/TCGA-4T-AA8H-01Z-00-DX1_7680_32256.jpg,TCGA-4T-AA8H,TCGA-4T-AA8H-01Z-00-DX1,1,0.9937615,1
tumour/TCGA-4T-AA8H-01Z-00-DX1_7680_33280.jpg,TCGA-4T-AA8H,TCGA-4T-AA8H-01Z-00-DX1,1,0.9932755,1
tumour/TCGA-4T-AA8H-01Z-00-DX1_7680_7168.jpg,TCGA-4T-AA8H,TCGA-4T-AA8H-01Z-00-DX1,1,0.9999472,1
tumour/TCGA-4T-AA8H-01Z-00-DX1_7680_7680.jpg,TCGA-4T-AA8H,TCGA-4T-AA8H-01Z-00-DX1,1,0.999435,1
tumour/TCGA-4T-AA8H-01Z-00-DX1_7680_8704.jpg,TCGA-4T-AA8H,TCGA-4T-AA8H-01Z-00-DX1,1,0.99988747,1
tumour/TCGA-4T-AA8H-01Z-00-DX1_8192_24576.jpg,TCGA-4T-AA8H,TCGA-4T-AA8H-01Z-00-DX1,1,0.96815765,1
tumour/TCGA-4T-AA8H-01Z-00-DX1_8192_25088.jpg,TCGA-4T-AA8H,TCGA-4T-AA8H-01Z-00-DX1,1,0.99388725,1
tumour/TCGA-4T-AA8H-01Z-00-DX1_8192_26112.jpg,TCGA-4T-AA8H,TCGA-4T-AA8H-01Z-00-DX1,1,0.9941555,1
tumour/TCGA-4T-AA8H-01Z-00-DX1_8192_26624.jpg,TCGA-4T-AA8H,TCGA-4T-AA8H-01Z-00-DX1,1,0.988384,1
tumour/TCGA-4T-AA8H-01Z-00-DX1_8192_27136.jpg,TCGA-4T-AA8H,TCGA-4T-AA8H-01Z-00-DX1,1,0.89578223,1
tumour/TCGA-4T-AA8H-01Z-00-DX1_8192_27648.jpg,TCGA-4T-AA8H,TCGA-4T-AA8H-01Z-00-DX1,1,0.8920531,1
tumour/TCGA-4T-AA8H-01Z-00-DX1_8192_29696.jpg,TCGA-4T-AA8H,TCGA-4T-AA8H-01Z-00-DX1,1,0.96085817,1
tumour/TCGA-4T-AA8H-01Z-00-DX1_8192_30208.jpg,TCGA-4T-AA8H,TCGA-4T-AA8H-01Z-00-DX1,1,0.9742571,1
tumour/TCGA-4T-AA8H-01Z-00-DX1_8192_30720.jpg,TCGA-4T-AA8H,TCGA-4T-AA8H-01Z-00-DX1,1,0.9508593,1
tumour/TCGA-4T-AA8H-01Z-00-DX1_8192_32256.jpg,TCGA-4T-AA8H,TCGA-4T-AA8H-01Z-00-DX1,1,0.99893326,1
tumour/TCGA-4T-AA8H-01Z-00-DX1_8192_33792.jpg,TCGA-4T-AA8H,TCGA-4T-AA8H-01Z-00-DX1,1,0.9986198,1
tumour/TCGA-4T-AA8H-01Z-00-DX1_8192_7168.jpg,TCGA-4T-AA8H,TCGA-4T-AA8H-01Z-00-DX1,1,0.9954424,1
tumour/TCGA-4T-AA8H-01Z-00-DX1_8192_8192.jpg,TCGA-4T-AA8H,TCGA-4T-AA8H-01Z-00-DX1,1,0.99978155,1
tumour/TCGA-4T-AA8H-01Z-00-DX1_8704_24576.jpg,TCGA-4T-AA8H,TCGA-4T-AA8H-01Z-00-DX1,1,0.964825,1
tumour/TCGA-4T-AA8H-01Z-00-DX1_8704_25088.jpg,TCGA-4T-AA8H,TCGA-4T-AA8H-01Z-00-DX1,1,0.9964814,1
tumour/TCGA-4T-AA8H-01Z-00-DX1_8704_25600.jpg,TCGA-4T-AA8H,TCGA-4T-AA8H-01Z-00-DX1,1,0.95412815,1
tumour/TCGA-4T-AA8H-01Z-00-DX1_8704_26624.jpg,TCGA-4T-AA8H,TCGA-4T-AA8H-01Z-00-DX1,1,0.99928206,1
tumour/TCGA-4T-AA8H-01Z-00-DX1_8704_27648.jpg,TCGA-4T-AA8H,TCGA-4T-AA8H-01Z-00-DX1,1,0.9987269,1
tumour/TCGA-4T-AA8H-01Z-00-DX1_8704_28160.jpg,TCGA-4T-AA8H,TCGA-4T-AA8H-01Z-00-DX1,1,0.9997141,1
tumour/TCGA-4T-AA8H-01Z-00-DX1_8704_31232.jpg,TCGA-4T-AA8H,TCGA-4T-AA8H-01Z-00-DX1,1,0.9867307,1
tumour/TCGA-4T-AA8H-01Z-00-DX1_8704_32256.jpg,TCGA-4T-AA8H,TCGA-4T-AA8H-01Z-00-DX1,1,0.9992601,1
tumour/TCGA-4T-AA8H-01Z-00-DX1_8704_33280.jpg,TCGA-4T-AA8H,TCGA-4T-AA8H-01Z-00-DX1,1,0.9999181,1
tumour/TCGA-4T-AA8H-01Z-00-DX1_8704_9216.jpg,TCGA-4T-AA8H,TCGA-4T-AA8H-01Z-00-DX1,1,0.9988325,1
tumour/TCGA-4T-AA8H-01Z-00-DX1_9216_24576.jpg,TCGA-4T-AA8H,TCGA-4T-AA8H-01Z-00-DX1,1,0.9967282,1
tumour/TCGA-4T-AA8H-01Z-00-DX1_9216_25088.jpg,TCGA-4T-AA8H,TCGA-4T-AA8H-01Z-00-DX1,1,0.99133533,1
tumour/TCGA-4T-AA8H-01Z-00-DX1_9216_26624.jpg,TCGA-4T-AA8H,TCGA-4T-AA8H-01Z-00-DX1,1,0.9981343,1
tumour/TCGA-4T-AA8H-01Z-00-DX1_9216_27136.jpg,TCGA-4T-AA8H,TCGA-4T-AA8H-01Z-00-DX1,1,0.999663,1
tumour/TCGA-4T-AA8H-01Z-00-DX1_9216_28672.jpg,TCGA-4T-AA8H,TCGA-4T-AA8H-01Z-00-DX1,1,0.9962399,1
tumour/TCGA-4T-AA8H-01Z-00-DX1_9216_30208.jpg,TCGA-4T-AA8H,TCGA-4T-AA8H-01Z-00-DX1,1,0.9968079,1
tumour/TCGA-4T-AA8H-01Z-00-DX1_9216_30720.jpg,TCGA-4T-AA8H,TCGA-4T-AA8H-01Z-00-DX1,1,0.9753621,1
tumour/TCGA-4T-AA8H-01Z-00-DX1_9216_31232.jpg,TCGA-4T-AA8H,TCGA-4T-AA8H-01Z-00-DX1,1,0.994445,1
tumour/TCGA-4T-AA8H-01Z-00-DX1_9216_32256.jpg,TCGA-4T-AA8H,TCGA-4T-AA8H-01Z-00-DX1,1,0.9925327,1
tumour/TCGA-4T-AA8H-01Z-00-DX1_9216_32768.jpg,TCGA-4T-AA8H,TCGA-4T-AA8H-01Z-00-DX1,1,0.9998603,1
tumour/TCGA-4T-AA8H-01Z-00-DX1_9216_6656.jpg,TCGA-4T-AA8H,TCGA-4T-AA8H-01Z-00-DX1,1,0.99870217,1
tumour/TCGA-4T-AA8H-01Z-00-DX1_9216_7168.jpg,TCGA-4T-AA8H,TCGA-4T-AA8H-01Z-00-DX1,1,0.9878334,1
tumour/TCGA-4T-AA8H-01Z-00-DX1_9216_8704.jpg,TCGA-4T-AA8H,TCGA-4T-AA8H-01Z-00-DX1,1,0.96574634,1
tumour/TCGA-4T-AA8H-01Z-00-DX1_9216_9216.jpg,TCGA-4T-AA8H,TCGA-4T-AA8H-01Z-00-DX1,1,0.9989435,1
tumour/TCGA-4T-AA8H-01Z-00-DX1_9728_24576.jpg,TCGA-4T-AA8H,TCGA-4T-AA8H-01Z-00-DX1,1,0.9961164,1
tumour/TCGA-4T-AA8H-01Z-00-DX1_9728_25600.jpg,TCGA-4T-AA8H,TCGA-4T-AA8H-01Z-00-DX1,1,0.9991861,1
tumour/TCGA-4T-AA8H-01Z-00-DX1_9728_26112.jpg,TCGA-4T-AA8H,TCGA-4T-AA8H-01Z-00-DX1,1,0.9942713,1
tumour/TCGA-4T-AA8H-01Z-00-DX1_9728_26624.jpg,TCGA-4T-AA8H,TCGA-4T-AA8H-01Z-00-DX1,1,0.97502625,1
tumour/TCGA-4T-AA8H-01Z-00-DX1_9728_30720.jpg,TCGA-4T-AA8H,TCGA-4T-AA8H-01Z-00-DX1,1,0.9981774,1
tumour/TCGA-4T-AA8H-01Z-00-DX1_9728_31744.jpg,TCGA-4T-AA8H,TCGA-4T-AA8H-01Z-00-DX1,1,0.98492545,1
tumour/TCGA-4T-AA8H-01Z-00-DX1_9728_32256.jpg,TCGA-4T-AA8H,TCGA-4T-AA8H-01Z-00-DX1,1,0.9901488,1
tumour/TCGA-4T-AA8H-01Z-00-DX1_9728_32768.jpg,TCGA-4T-AA8H,TCGA-4T-AA8H-01Z-00-DX1,1,0.9981511,1
tumour/TCGA-4T-AA8H-01Z-00-DX1_9728_6656.jpg,TCGA-4T-AA8H,TCGA-4T-AA8H-01Z-00-DX1,1,0.9996308,1
tumour/TCGA-4T-AA8H-01Z-00-DX1_9728_7680.jpg,TCGA-4T-AA8H,TCGA-4T-AA8H-01Z-00-DX1,1,0.9706002,1
tumour/TCGA-4T-AA8H-01Z-00-DX1_9728_8192.jpg,TCGA-4T-AA8H,TCGA-4T-AA8H-01Z-00-DX1,1,0.99446267,1
tumour/TCGA-AD-6548-01Z-00-DX1_12288_4608.jpg,TCGA-AD-6548,TCGA-AD-6548-01Z-00-DX1,1,0.95264566,1
tumour/TCGA-AD-6548-01Z-00-DX1_12800_5120.jpg,TCGA-AD-6548,TCGA-AD-6548-01Z-00-DX1,1,0.66364396,1
tumour/TCGA-AD-6548-01Z-00-DX1_13312_4608.jpg,TCGA-AD-6548,TCGA-AD-6548-01Z-00-DX1,1,0.9978816,1
tumour/TCGA-AD-6548-01Z-00-DX1_13824_4608.jpg,TCGA-AD-6548,TCGA-AD-6548-01Z-00-DX1,1,0.9923678,1
tumour/TCGA-AD-6548-01Z-00-DX1_14848_4096.jpg,TCGA-AD-6548,TCGA-AD-6548-01Z-00-DX1,1,0.9851924,1
tumour/TCGA-AD-6548-01Z-00-DX1_14848_5120.jpg,TCGA-AD-6548,TCGA-AD-6548-01Z-00-DX1,1,0.9409079,1
tumour/TCGA-AD-6548-01Z-00-DX1_15360_3072.jpg,TCGA-AD-6548,TCGA-AD-6548-01Z-00-DX1,1,0.9996426,1
tumour/TCGA-AD-6548-01Z-00-DX1_6144_9728.jpg,TCGA-AD-6548,TCGA-AD-6548-01Z-00-DX1,1,0.99021053,1
tumour/TCGA-AD-6548-01Z-00-DX1_6656_9728.jpg,TCGA-AD-6548,TCGA-AD-6548-01Z-00-DX1,1,0.99934155,1
tumour/TCGA-AD-6548-01Z-00-DX1_7680_8192.jpg,TCGA-AD-6548,TCGA-AD-6548-01Z-00-DX1,1,0.88890207,1
tumour/TCGA-AD-6548-01Z-00-DX1_8192_8192.jpg,TCGA-AD-6548,TCGA-AD-6548-01Z-00-DX1,1,0.9999616,1
tumour/TCGA-CA-6715-01Z-00-DX1_10240_10752.jpg,TCGA-CA-6715,TCGA-CA-6715-01Z-00-DX1,1,0.9865956,1
tumour/TCGA-CA-6715-01Z-00-DX1_10240_15360.jpg,TCGA-CA-6715,TCGA-CA-6715-01Z-00-DX1,1,0.9959622,1
tumour/TCGA-CA-6715-01Z-00-DX1_10240_15872.jpg,TCGA-CA-6715,TCGA-CA-6715-01Z-00-DX1,1,0.9981293,1
tumour/TCGA-CA-6715-01Z-00-DX1_10240_7680.jpg,TCGA-CA-6715,TCGA-CA-6715-01Z-00-DX1,1,0.99689204,1
tumour/TCGA-CA-6715-01Z-00-DX1_10240_8192.jpg,TCGA-CA-6715,TCGA-CA-6715-01Z-00-DX1,1,0.98894125,1
tumour/TCGA-CA-6715-01Z-00-DX1_10240_8704.jpg,TCGA-CA-6715,TCGA-CA-6715-01Z-00-DX1,1,0.9988644,1
tumour/TCGA-CA-6715-01Z-00-DX1_10240_9216.jpg,TCGA-CA-6715,TCGA-CA-6715-01Z-00-DX1,1,0.99926156,1
tumour/TCGA-CA-6715-01Z-00-DX1_10752_11264.jpg,TCGA-CA-6715,TCGA-CA-6715-01Z-00-DX1,1,0.99986064,1
tumour/TCGA-CA-6715-01Z-00-DX1_10752_15872.jpg,TCGA-CA-6715,TCGA-CA-6715-01Z-00-DX1,1,0.97309744,1
tumour/TCGA-CA-6715-01Z-00-DX1_10752_7680.jpg,TCGA-CA-6715,TCGA-CA-6715-01Z-00-DX1,1,0.99963415,1
tumour/TCGA-CA-6715-01Z-00-DX1_10752_8192.jpg,TCGA-CA-6715,TCGA-CA-6715-01Z-00-DX1,1,0.9958276,1
tumour/TCGA-CA-6715-01Z-00-DX1_10752_8704.jpg,TCGA-CA-6715,TCGA-CA-6715-01Z-00-DX1,1,0.99902105,1
tumour/TCGA-CA-6715-01Z-00-DX1_10752_9216.jpg,TCGA-CA-6715,TCGA-CA-6715-01Z-00-DX1,1,0.99871445,1
tumour/TCGA-CA-6715-01Z-00-DX1_10752_9728.jpg,TCGA-CA-6715,TCGA-CA-6715-01Z-00-DX1,1,0.99982435,1
tumour/TCGA-CA-6715-01Z-00-DX1_11264_11264.jpg,TCGA-CA-6715,TCGA-CA-6715-01Z-00-DX1,1,0.9878491,1
tumour/TCGA-CA-6715-01Z-00-DX1_11264_11776.jpg,TCGA-CA-6715,TCGA-CA-6715-01Z-00-DX1,1,0.9993687,1
tumour/TCGA-CA-6715-01Z-00-DX1_11264_8192.jpg,TCGA-CA-6715,TCGA-CA-6715-01Z-00-DX1,1,0.9997998,1
tumour/TCGA-CA-6715-01Z-00-DX1_11264_8704.jpg,TCGA-CA-6715,TCGA-CA-6715-01Z-00-DX1,1,0.99954885,1
tumour/TCGA-CA-6715-01Z-00-DX1_11264_9728.jpg,TCGA-CA-6715,TCGA-CA-6715-01Z-00-DX1,1,0.9999794,1
tumour/TCGA-CA-6715-01Z-00-DX1_11776_10240.jpg,TCGA-CA-6715,TCGA-CA-6715-01Z-00-DX1,1,0.99663275,1
tumour/TCGA-CA-6715-01Z-00-DX1_11776_10752.jpg,TCGA-CA-6715,TCGA-CA-6715-01Z-00-DX1,1,0.6140064,1
tumour/TCGA-CA-6715-01Z-00-DX1_11776_11776.jpg,TCGA-CA-6715,TCGA-CA-6715-01Z-00-DX1,1,0.99796873,1
tumour/TCGA-CA-6715-01Z-00-DX1_11776_12288.jpg,TCGA-CA-6715,TCGA-CA-6715-01Z-00-DX1,1,0.99858993,1
tumour/TCGA-CA-6715-01Z-00-DX1_11776_13312.jpg,TCGA-CA-6715,TCGA-CA-6715-01Z-00-DX1,1,0.99934274,1
tumour/TCGA-CA-6715-01Z-00-DX1_11776_8192.jpg,TCGA-CA-6715,TCGA-CA-6715-01Z-00-DX1,1,0.99887866,1
tumour/TCGA-CA-6715-01Z-00-DX1_11776_8704.jpg,TCGA-CA-6715,TCGA-CA-6715-01Z-00-DX1,1,0.999238,1
tumour/TCGA-CA-6715-01Z-00-DX1_11776_9216.jpg,TCGA-CA-6715,TCGA-CA-6715-01Z-00-DX1,1,0.9999604,1
tumour/TCGA-CA-6715-01Z-00-DX1_12288_10752.jpg,TCGA-CA-6715,TCGA-CA-6715-01Z-00-DX1,1,0.34216312,0
tumour/TCGA-CA-6715-01Z-00-DX1_12288_11264.jpg,TCGA-CA-6715,TCGA-CA-6715-01Z-00-DX1,1,0.9937349,1
tumour/TCGA-CA-6715-01Z-00-DX1_12288_12288.jpg,TCGA-CA-6715,TCGA-CA-6715-01Z-00-DX1,1,0.99649674,1
tumour/TCGA-CA-6715-01Z-00-DX1_12288_12800.jpg,TCGA-CA-6715,TCGA-CA-6715-01Z-00-DX1,1,0.99949646,1
tumour/TCGA-CA-6715-01Z-00-DX1_12288_13312.jpg,TCGA-CA-6715,TCGA-CA-6715-01Z-00-DX1,1,0.9967745,1
tumour/TCGA-CA-6715-01Z-00-DX1_12288_13824.jpg,TCGA-CA-6715,TCGA-CA-6715-01Z-00-DX1,1,0.9995704,1
tumour/TCGA-CA-6715-01Z-00-DX1_12288_9216.jpg,TCGA-CA-6715,TCGA-CA-6715-01Z-00-DX1,1,0.99874085,1
tumour/TCGA-CA-6715-01Z-00-DX1_12800_10752.jpg,TCGA-CA-6715,TCGA-CA-6715-01Z-00-DX1,1,0.99822646,1
tumour/TCGA-CA-6715-01Z-00-DX1_12800_11264.jpg,TCGA-CA-6715,TCGA-CA-6715-01Z-00-DX1,1,0.999941,1
tumour/TCGA-CA-6715-01Z-00-DX1_12800_11776.jpg,TCGA-CA-6715,TCGA-CA-6715-01Z-00-DX1,1,0.9982242,1
tumour/TCGA-CA-6715-01Z-00-DX1_12800_14336.jpg,TCGA-CA-6715,TCGA-CA-6715-01Z-00-DX1,1,0.88875216,1
tumour/TCGA-CA-6715-01Z-00-DX1_12800_9728.jpg,TCGA-CA-6715,TCGA-CA-6715-01Z-00-DX1,1,0.9936621,1
tumour/TCGA-CA-6715-01Z-00-DX1_13312_10240.jpg,TCGA-CA-6715,TCGA-CA-6715-01Z-00-DX1,1,0.94399565,1
tumour/TCGA-CA-6715-01Z-00-DX1_13312_10752.jpg,TCGA-CA-6715,TCGA-CA-6715-01Z-00-DX1,1,0.9999311,1
tumour/TCGA-CA-6715-01Z-00-DX1_13312_11776.jpg,TCGA-CA-6715,TCGA-CA-6715-01Z-00-DX1,1,0.99989605,1
tumour/TCGA-CA-6715-01Z-00-DX1_13312_12288.jpg,TCGA-CA-6715,TCGA-CA-6715-01Z-00-DX1,1,0.999808,1
tumour/TCGA-CA-6715-01Z-00-DX1_13824_10752.jpg,TCGA-CA-6715,TCGA-CA-6715-01Z-00-DX1,1,0.9996922,1
tumour/TCGA-CA-6715-01Z-00-DX1_13824_11264.jpg,TCGA-CA-6715,TCGA-CA-6715-01Z-00-DX1,1,0.9914296,1
tumour/TCGA-CA-6715-01Z-00-DX1_13824_12800.jpg,TCGA-CA-6715,TCGA-CA-6715-01Z-00-DX1,1,0.9910416,1
tumour/TCGA-CA-6715-01Z-00-DX1_13824_9728.jpg,TCGA-CA-6715,TCGA-CA-6715-01Z-00-DX1,1,0.9788411,1
tumour/TCGA-CA-6715-01Z-00-DX1_14336_11264.jpg,TCGA-CA-6715,TCGA-CA-6715-01Z-00-DX1,1,0.9324092,1
tumour/TCGA-CA-6715-01Z-00-DX1_14336_11776.jpg,TCGA-CA-6715,TCGA-CA-6715-01Z-00-DX1,1,0.9967648,1
tumour/TCGA-CA-6715-01Z-00-DX1_14336_12288.jpg,TCGA-CA-6715,TCGA-CA-6715-01Z-00-DX1,1,0.9908488,1
tumour/TCGA-CA-6715-01Z-00-DX1_14336_12800.jpg,TCGA-CA-6715,TCGA-CA-6715-01Z-00-DX1,1,0.99983156,1
tumour/TCGA-CA-6715-01Z-00-DX1_14336_13824.jpg,TCGA-CA-6715,TCGA-CA-6715-01Z-00-DX1,1,0.99094045,1
tumour/TCGA-CA-6715-01Z-00-DX1_14848_11264.jpg,TCGA-CA-6715,TCGA-CA-6715-01Z-00-DX1,1,0.9969855,1
tumour/TCGA-CA-6715-01Z-00-DX1_15360_11264.jpg,TCGA-CA-6715,TCGA-CA-6715-01Z-00-DX1,1,0.9829358,1
tumour/TCGA-CA-6715-01Z-00-DX1_15360_13824.jpg,TCGA-CA-6715,TCGA-CA-6715-01Z-00-DX1,1,0.99920267,1
tumour/TCGA-CA-6715-01Z-00-DX1_15360_14336.jpg,TCGA-CA-6715,TCGA-CA-6715-01Z-00-DX1,1,0.9876172,1
tumour/TCGA-CA-6715-01Z-00-DX1_15360_14848.jpg,TCGA-CA-6715,TCGA-CA-6715-01Z-00-DX1,1,0.9816373,1
tumour/TCGA-CA-6715-01Z-00-DX1_15872_10752.jpg,TCGA-CA-6715,TCGA-CA-6715-01Z-00-DX1,1,0.9990717,1
tumour/TCGA-CA-6715-01Z-00-DX1_15872_11264.jpg,TCGA-CA-6715,TCGA-CA-6715-01Z-00-DX1,1,0.9997379,1
tumour/TCGA-CA-6715-01Z-00-DX1_15872_11776.jpg,TCGA-CA-6715,TCGA-CA-6715-01Z-00-DX1,1,0.95615053,1
tumour/TCGA-CA-6715-01Z-00-DX1_15872_12288.jpg,TCGA-CA-6715,TCGA-CA-6715-01Z-00-DX1,1,0.07646868,0
tumour/TCGA-CA-6715-01Z-00-DX1_15872_14336.jpg,TCGA-CA-6715,TCGA-CA-6715-01Z-00-DX1,1,0.99524397,1
tumour/TCGA-CA-6715-01Z-00-DX1_16384_12800.jpg,TCGA-CA-6715,TCGA-CA-6715-01Z-00-DX1,1,0.997598,1
tumour/TCGA-CA-6715-01Z-00-DX1_16384_14336.jpg,TCGA-CA-6715,TCGA-CA-6715-01Z-00-DX1,1,0.9988404,1
tumour/TCGA-CA-6715-01Z-00-DX1_16896_11264.jpg,TCGA-CA-6715,TCGA-CA-6715-01Z-00-DX1,1,0.9972045,1
tumour/TCGA-CA-6715-01Z-00-DX1_16896_11776.jpg,TCGA-CA-6715,TCGA-CA-6715-01Z-00-DX1,1,0.999974,1
tumour/TCGA-CA-6715-01Z-00-DX1_16896_13824.jpg,TCGA-CA-6715,TCGA-CA-6715-01Z-00-DX1,1,0.99995697,1
tumour/TCGA-CA-6715-01Z-00-DX1_16896_14336.jpg,TCGA-CA-6715,TCGA-CA-6715-01Z-00-DX1,1,0.9846603,1
tumour/TCGA-CA-6715-01Z-00-DX1_17408_13312.jpg,TCGA-CA-6715,TCGA-CA-6715-01Z-00-DX1,1,0.9979734,1
tumour/TCGA-CA-6715-01Z-00-DX1_17408_13824.jpg,TCGA-CA-6715,TCGA-CA-6715-01Z-00-DX1,1,0.99991703,1
tumour/TCGA-CA-6715-01Z-00-DX1_17408_14336.jpg,TCGA-CA-6715,TCGA-CA-6715-01Z-00-DX1,1,0.99807703,1
tumour/TCGA-CA-6715-01Z-00-DX1_17920_12800.jpg,TCGA-CA-6715,TCGA-CA-6715-01Z-00-DX1,1,0.9929016,1
tumour/TCGA-CA-6715-01Z-00-DX1_17920_13824.jpg,TCGA-CA-6715,TCGA-CA-6715-01Z-00-DX1,1,0.99999547,1
tumour/TCGA-CA-6715-01Z-00-DX1_18432_10240.jpg,TCGA-CA-6715,TCGA-CA-6715-01Z-00-DX1,1,0.97432375,1
tumour/TCGA-CA-6715-01Z-00-DX1_18432_10752.jpg,TCGA-CA-6715,TCGA-CA-6715-01Z-00-DX1,1,0.9694706,1
tumour/TCGA-CA-6715-01Z-00-DX1_18432_12288.jpg,TCGA-CA-6715,TCGA-CA-6715-01Z-00-DX1,1,0.99942374,1
tumour/TCGA-CA-6715-01Z-00-DX1_18432_13312.jpg,TCGA-CA-6715,TCGA-CA-6715-01Z-00-DX1,1,0.9984635,1
tumour/TCGA-CA-6715-01Z-00-DX1_18432_26112.jpg,TCGA-CA-6715,TCGA-CA-6715-01Z-00-DX1,1,0.9996867,1
tumour/TCGA-CA-6715-01Z-00-DX1_18432_27648.jpg,TCGA-CA-6715,TCGA-CA-6715-01Z-00-DX1,1,0.9989378,1
tumour/TCGA-CA-6715-01Z-00-DX1_18944_10240.jpg,TCGA-CA-6715,TCGA-CA-6715-01Z-00-DX1,1,0.9743959,1
tumour/TCGA-CA-6715-01Z-00-DX1_18944_11264.jpg,TCGA-CA-6715,TCGA-CA-6715-01Z-00-DX1,1,0.9974921,1
tumour/TCGA-CA-6715-01Z-00-DX1_18944_12800.jpg,TCGA-CA-6715,TCGA-CA-6715-01Z-00-DX1,1,0.9801317,1
tumour/TCGA-CA-6715-01Z-00-DX1_18944_13312.jpg,TCGA-CA-6715,TCGA-CA-6715-01Z-00-DX1,1,0.99597675,1
tumour/TCGA-CA-6715-01Z-00-DX1_18944_14336.jpg,TCGA-CA-6715,TCGA-CA-6715-01Z-00-DX1,1,0.99419135,1
tumour/TCGA-CA-6715-01Z-00-DX1_18944_25600.jpg,TCGA-CA-6715,TCGA-CA-6715-01Z-00-DX1,1,0.9994648,1
tumour/TCGA-CA-6715-01Z-00-DX1_18944_26112.jpg,TCGA-CA-6715,TCGA-CA-6715-01Z-00-DX1,1,0.9986578,1
tumour/TCGA-CA-6715-01Z-00-DX1_19456_10752.jpg,TCGA-CA-6715,TCGA-CA-6715-01Z-00-DX1,1,0.9982767,1
tumour/TCGA-CA-6715-01Z-00-DX1_19456_12288.jpg,TCGA-CA-6715,TCGA-CA-6715-01Z-00-DX1,1,0.9958566,1
tumour/TCGA-CA-6715-01Z-00-DX1_19456_12800.jpg,TCGA-CA-6715,TCGA-CA-6715-01Z-00-DX1,1,0.96726227,1
tumour/TCGA-CA-6715-01Z-00-DX1_19456_13824.jpg,TCGA-CA-6715,TCGA-CA-6715-01Z-00-DX1,1,0.9984295,1
tumour/TCGA-CA-6715-01Z-00-DX1_19456_14336.jpg,TCGA-CA-6715,TCGA-CA-6715-01Z-00-DX1,1,0.8821516,1
tumour/TCGA-CA-6715-01Z-00-DX1_19456_25600.jpg,TCGA-CA-6715,TCGA-CA-6715-01Z-00-DX1,1,0.99951136,1
tumour/TCGA-CA-6715-01Z-00-DX1_19456_26112.jpg,TCGA-CA-6715,TCGA-CA-6715-01Z-00-DX1,1,0.9987919,1
tumour/TCGA-CA-6715-01Z-00-DX1_19456_26624.jpg,TCGA-CA-6715,TCGA-CA-6715-01Z-00-DX1,1,0.99990475,1
tumour/TCGA-CA-6715-01Z-00-DX1_19456_27136.jpg,TCGA-CA-6715,TCGA-CA-6715-01Z-00-DX1,1,0.9874178,1
tumour/TCGA-CA-6715-01Z-00-DX1_19456_27648.jpg,TCGA-CA-6715,TCGA-CA-6715-01Z-00-DX1,1,0.9994299,1
tumour/TCGA-CA-6715-01Z-00-DX1_19968_11776.jpg,TCGA-CA-6715,TCGA-CA-6715-01Z-00-DX1,1,0.99989164,1
tumour/TCGA-CA-6715-01Z-00-DX1_19968_12800.jpg,TCGA-CA-6715,TCGA-CA-6715-01Z-00-DX1,1,0.9997203,1
tumour/TCGA-CA-6715-01Z-00-DX1_19968_13312.jpg,TCGA-CA-6715,TCGA-CA-6715-01Z-00-DX1,1,0.99874854,1
tumour/TCGA-CA-6715-01Z-00-DX1_19968_26112.jpg,TCGA-CA-6715,TCGA-CA-6715-01Z-00-DX1,1,0.9044415,1
tumour/TCGA-CA-6715-01Z-00-DX1_19968_28160.jpg,TCGA-CA-6715,TCGA-CA-6715-01Z-00-DX1,1,0.9987313,1
tumour/TCGA-CA-6715-01Z-00-DX1_20480_10240.jpg,TCGA-CA-6715,TCGA-CA-6715-01Z-00-DX1,1,0.99991333,1
tumour/TCGA-CA-6715-01Z-00-DX1_20480_12800.jpg,TCGA-CA-6715,TCGA-CA-6715-01Z-00-DX1,1,0.9960349,1
tumour/TCGA-CA-6715-01Z-00-DX1_20480_25088.jpg,TCGA-CA-6715,TCGA-CA-6715-01Z-00-DX1,1,0.99918276,1
tumour/TCGA-CA-6715-01Z-00-DX1_20480_26112.jpg,TCGA-CA-6715,TCGA-CA-6715-01Z-00-DX1,1,0.9971432,1
tumour/TCGA-CA-6715-01Z-00-DX1_20480_26624.jpg,TCGA-CA-6715,TCGA-CA-6715-01Z-00-DX1,1,0.94534814,1
tumour/TCGA-CA-6715-01Z-00-DX1_20480_27136.jpg,TCGA-CA-6715,TCGA-CA-6715-01Z-00-DX1,1,0.99988306,1
tumour/TCGA-CA-6715-01Z-00-DX1_20992_10752.jpg,TCGA-CA-6715,TCGA-CA-6715-01Z-00-DX1,1,0.9943336,1
tumour/TCGA-CA-6715-01Z-00-DX1_20992_12288.jpg,TCGA-CA-6715,TCGA-CA-6715-01Z-00-DX1,1,0.99977404,1
tumour/TCGA-CA-6715-01Z-00-DX1_20992_12800.jpg,TCGA-CA-6715,TCGA-CA-6715-01Z-00-DX1,1,0.99873906,1
tumour/TCGA-CA-6715-01Z-00-DX1_20992_25600.jpg,TCGA-CA-6715,TCGA-CA-6715-01Z-00-DX1,1,0.8274693,1
tumour/TCGA-CA-6715-01Z-00-DX1_20992_26624.jpg,TCGA-CA-6715,TCGA-CA-6715-01Z-00-DX1,1,0.99957246,1
tumour/TCGA-CA-6715-01Z-00-DX1_20992_27648.jpg,TCGA-CA-6715,TCGA-CA-6715-01Z-00-DX1,1,0.9999883,1
tumour/TCGA-CA-6715-01Z-00-DX1_20992_28160.jpg,TCGA-CA-6715,TCGA-CA-6715-01Z-00-DX1,1,0.99928695,1
tumour/TCGA-CA-6715-01Z-00-DX1_21504_10240.jpg,TCGA-CA-6715,TCGA-CA-6715-01Z-00-DX1,1,0.99048245,1
tumour/TCGA-CA-6715-01Z-00-DX1_21504_10752.jpg,TCGA-CA-6715,TCGA-CA-6715-01Z-00-DX1,1,0.9980178,1
tumour/TCGA-CA-6715-01Z-00-DX1_21504_24576.jpg,TCGA-CA-6715,TCGA-CA-6715-01Z-00-DX1,1,0.9974974,1
tumour/TCGA-CA-6715-01Z-00-DX1_21504_25088.jpg,TCGA-CA-6715,TCGA-CA-6715-01Z-00-DX1,1,0.99483997,1
tumour/TCGA-CA-6715-01Z-00-DX1_21504_26624.jpg,TCGA-CA-6715,TCGA-CA-6715-01Z-00-DX1,1,0.99996996,1
tumour/TCGA-CA-6715-01Z-00-DX1_21504_28160.jpg,TCGA-CA-6715,TCGA-CA-6715-01Z-00-DX1,1,0.9995003,1
tumour/TCGA-CA-6715-01Z-00-DX1_21504_28672.jpg,TCGA-CA-6715,TCGA-CA-6715-01Z-00-DX1,1,0.9987954,1
tumour/TCGA-CA-6715-01Z-00-DX1_22016_10752.jpg,TCGA-CA-6715,TCGA-CA-6715-01Z-00-DX1,1,0.9673516,1
tumour/TCGA-CA-6715-01Z-00-DX1_22016_24576.jpg,TCGA-CA-6715,TCGA-CA-6715-01Z-00-DX1,1,0.99784434,1
tumour/TCGA-CA-6715-01Z-00-DX1_22016_25088.jpg,TCGA-CA-6715,TCGA-CA-6715-01Z-00-DX1,1,0.9929798,1
tumour/TCGA-CA-6715-01Z-00-DX1_22528_10240.jpg,TCGA-CA-6715,TCGA-CA-6715-01Z-00-DX1,1,0.9997769,1
tumour/TCGA-CA-6715-01Z-00-DX1_22528_11776.jpg,TCGA-CA-6715,TCGA-CA-6715-01Z-00-DX1,1,0.9928732,1
tumour/TCGA-CA-6715-01Z-00-DX1_22528_23040.jpg,TCGA-CA-6715,TCGA-CA-6715-01Z-00-DX1,1,0.9836468,1
tumour/TCGA-CA-6715-01Z-00-DX1_22528_24064.jpg,TCGA-CA-6715,TCGA-CA-6715-01Z-00-DX1,1,0.9971089,1
tumour/TCGA-CA-6715-01Z-00-DX1_22528_24576.jpg,TCGA-CA-6715,TCGA-CA-6715-01Z-00-DX1,1,0.9979024,1
tumour/TCGA-CA-6715-01Z-00-DX1_22528_28672.jpg,TCGA-CA-6715,TCGA-CA-6715-01Z-00-DX1,1,0.993733,1
tumour/TCGA-CA-6715-01Z-00-DX1_22528_29184.jpg,TCGA-CA-6715,TCGA-CA-6715-01Z-00-DX1,1,0.99843687,1
tumour/TCGA-CA-6715-01Z-00-DX1_22528_9728.jpg,TCGA-CA-6715,TCGA-CA-6715-01Z-00-DX1,1,0.9931941,1
tumour/TCGA-CA-6715-01Z-00-DX1_23040_10240.jpg,TCGA-CA-6715,TCGA-CA-6715-01Z-00-DX1,1,0.9915244,1
tumour/TCGA-CA-6715-01Z-00-DX1_23040_11776.jpg,TCGA-CA-6715,TCGA-CA-6715-01Z-00-DX1,1,0.9999279,1
tumour/TCGA-CA-6715-01Z-00-DX1_23040_23040.jpg,TCGA-CA-6715,TCGA-CA-6715-01Z-00-DX1,1,0.99915195,1
tumour/TCGA-CA-6715-01Z-00-DX1_23040_28672.jpg,TCGA-CA-6715,TCGA-CA-6715-01Z-00-DX1,1,0.99221545,1
tumour/TCGA-CA-6715-01Z-00-DX1_23040_29184.jpg,TCGA-CA-6715,TCGA-CA-6715-01Z-00-DX1,1,0.9875606,1
tumour/TCGA-CA-6715-01Z-00-DX1_23040_9728.jpg,TCGA-CA-6715,TCGA-CA-6715-01Z-00-DX1,1,0.9844046,1
tumour/TCGA-CA-6715-01Z-00-DX1_23552_10752.jpg,TCGA-CA-6715,TCGA-CA-6715-01Z-00-DX1,1,0.99996364,1
tumour/TCGA-CA-6715-01Z-00-DX1_23552_11776.jpg,TCGA-CA-6715,TCGA-CA-6715-01Z-00-DX1,1,0.9867039,1
tumour/TCGA-CA-6715-01Z-00-DX1_23552_29184.jpg,TCGA-CA-6715,TCGA-CA-6715-01Z-00-DX1,1,0.9995347,1
tumour/TCGA-CA-6715-01Z-00-DX1_23552_29696.jpg,TCGA-CA-6715,TCGA-CA-6715-01Z-00-DX1,1,0.99665785,1
tumour/TCGA-CA-6715-01Z-00-DX1_23552_30720.jpg,TCGA-CA-6715,TCGA-CA-6715-01Z-00-DX1,1,0.99975103,1
tumour/TCGA-CA-6715-01Z-00-DX1_23552_31744.jpg,TCGA-CA-6715,TCGA-CA-6715-01Z-00-DX1,1,0.99999845,1
tumour/TCGA-CA-6715-01Z-00-DX1_23552_9728.jpg,TCGA-CA-6715,TCGA-CA-6715-01Z-00-DX1,1,0.9979942,1
tumour/TCGA-CA-6715-01Z-00-DX1_24064_10752.jpg,TCGA-CA-6715,TCGA-CA-6715-01Z-00-DX1,1,0.9997236,1
tumour/TCGA-CA-6715-01Z-00-DX1_24064_11776.jpg,TCGA-CA-6715,TCGA-CA-6715-01Z-00-DX1,1,0.99873024,1
tumour/TCGA-CA-6715-01Z-00-DX1_24064_21504.jpg,TCGA-CA-6715,TCGA-CA-6715-01Z-00-DX1,1,0.99870896,1
tumour/TCGA-CA-6715-01Z-00-DX1_24064_22016.jpg,TCGA-CA-6715,TCGA-CA-6715-01Z-00-DX1,1,0.9997849,1
tumour/TCGA-CA-6715-01Z-00-DX1_24064_29696.jpg,TCGA-CA-6715,TCGA-CA-6715-01Z-00-DX1,1,0.99994993,1
tumour/TCGA-CA-6715-01Z-00-DX1_24064_30208.jpg,TCGA-CA-6715,TCGA-CA-6715-01Z-00-DX1,1,0.998418,1
tumour/TCGA-CA-6715-01Z-00-DX1_24064_31232.jpg,TCGA-CA-6715,TCGA-CA-6715-01Z-00-DX1,1,0.9997105,1
tumour/TCGA-CA-6715-01Z-00-DX1_24064_9728.jpg,TCGA-CA-6715,TCGA-CA-6715-01Z-00-DX1,1,0.99409205,1
tumour/TCGA-CA-6715-01Z-00-DX1_24576_22528.jpg,TCGA-CA-6715,TCGA-CA-6715-01Z-00-DX1,1,0.9997718,1
tumour/TCGA-CA-6715-01Z-00-DX1_24576_29696.jpg,TCGA-CA-6715,TCGA-CA-6715-01Z-00-DX1,1,0.99992955,1
tumour/TCGA-CA-6715-01Z-00-DX1_24576_30208.jpg,TCGA-CA-6715,TCGA-CA-6715-01Z-00-DX1,1,0.99950314,1
tumour/TCGA-CA-6715-01Z-00-DX1_24576_31232.jpg,TCGA-CA-6715,TCGA-CA-6715-01Z-00-DX1,1,0.9999566,1
tumour/TCGA-CA-6715-01Z-00-DX1_24576_9728.jpg,TCGA-CA-6715,TCGA-CA-6715-01Z-00-DX1,1,0.9998198,1
tumour/TCGA-CA-6715-01Z-00-DX1_25088_11264.jpg,TCGA-CA-6715,TCGA-CA-6715-01Z-00-DX1,1,0.98977226,1
tumour/TCGA-CA-6715-01Z-00-DX1_25088_31232.jpg,TCGA-CA-6715,TCGA-CA-6715-01Z-00-DX1,1,0.99926966,1
tumour/TCGA-CA-6715-01Z-00-DX1_25600_11776.jpg,TCGA-CA-6715,TCGA-CA-6715-01Z-00-DX1,1,0.9999145,1
tumour/TCGA-CA-6715-01Z-00-DX1_25600_22016.jpg,TCGA-CA-6715,TCGA-CA-6715-01Z-00-DX1,1,0.9999386,1
tumour/TCGA-CA-6715-01Z-00-DX1_25600_22528.jpg,TCGA-CA-6715,TCGA-CA-6715-01Z-00-DX1,1,0.9999695,1
tumour/TCGA-CA-6715-01Z-00-DX1_25600_31232.jpg,TCGA-CA-6715,TCGA-CA-6715-01Z-00-DX1,1,0.99759334,1
tumour/TCGA-CA-6715-01Z-00-DX1_25600_31744.jpg,TCGA-CA-6715,TCGA-CA-6715-01Z-00-DX1,1,0.9981969,1
tumour/TCGA-CA-6715-01Z-00-DX1_26112_20480.jpg,TCGA-CA-6715,TCGA-CA-6715-01Z-00-DX1,1,0.99492973,1
tumour/TCGA-CA-6715-01Z-00-DX1_26112_20992.jpg,TCGA-CA-6715,TCGA-CA-6715-01Z-00-DX1,1,0.99536467,1
tumour/TCGA-CA-6715-01Z-00-DX1_26112_22528.jpg,TCGA-CA-6715,TCGA-CA-6715-01Z-00-DX1,1,0.9984491,1
tumour/TCGA-CA-6715-01Z-00-DX1_26112_31232.jpg,TCGA-CA-6715,TCGA-CA-6715-01Z-00-DX1,1,0.999524,1
tumour/TCGA-CA-6715-01Z-00-DX1_26112_31744.jpg,TCGA-CA-6715,TCGA-CA-6715-01Z-00-DX1,1,0.99977666,1
tumour/TCGA-CA-6715-01Z-00-DX1_26624_20992.jpg,TCGA-CA-6715,TCGA-CA-6715-01Z-00-DX1,1,0.9994686,1
tumour/TCGA-CA-6715-01Z-00-DX1_26624_21504.jpg,TCGA-CA-6715,TCGA-CA-6715-01Z-00-DX1,1,0.99970526,1
tumour/TCGA-CA-6715-01Z-00-DX1_26624_22528.jpg,TCGA-CA-6715,TCGA-CA-6715-01Z-00-DX1,1,0.99994147,1
tumour/TCGA-CA-6715-01Z-00-DX1_26624_23040.jpg,TCGA-CA-6715,TCGA-CA-6715-01Z-00-DX1,1,0.9993917,1
tumour/TCGA-CA-6715-01Z-00-DX1_26624_31232.jpg,TCGA-CA-6715,TCGA-CA-6715-01Z-00-DX1,1,0.9924508,1
tumour/TCGA-CA-6715-01Z-00-DX1_27136_19968.jpg,TCGA-CA-6715,TCGA-CA-6715-01Z-00-DX1,1,0.99868494,1
tumour/TCGA-CA-6715-01Z-00-DX1_27136_21504.jpg,TCGA-CA-6715,TCGA-CA-6715-01Z-00-DX1,1,0.99470854,1
tumour/TCGA-CA-6715-01Z-00-DX1_27136_22528.jpg,TCGA-CA-6715,TCGA-CA-6715-01Z-00-DX1,1,0.9562101,1
tumour/TCGA-CA-6715-01Z-00-DX1_27136_30720.jpg,TCGA-CA-6715,TCGA-CA-6715-01Z-00-DX1,1,0.99954283,1
tumour/TCGA-CA-6715-01Z-00-DX1_27136_31232.jpg,TCGA-CA-6715,TCGA-CA-6715-01Z-00-DX1,1,0.9797861,1
tumour/TCGA-CA-6715-01Z-00-DX1_27648_20480.jpg,TCGA-CA-6715,TCGA-CA-6715-01Z-00-DX1,1,0.93567544,1
tumour/TCGA-CA-6715-01Z-00-DX1_27648_20992.jpg,TCGA-CA-6715,TCGA-CA-6715-01Z-00-DX1,1,0.9085829,1
tumour/TCGA-CA-6715-01Z-00-DX1_28160_17920.jpg,TCGA-CA-6715,TCGA-CA-6715-01Z-00-DX1,1,0.99195474,1
tumour/TCGA-CA-6715-01Z-00-DX1_28672_17408.jpg,TCGA-CA-6715,TCGA-CA-6715-01Z-00-DX1,1,0.99794084,1
tumour/TCGA-CA-6715-01Z-00-DX1_28672_17920.jpg,TCGA-CA-6715,TCGA-CA-6715-01Z-00-DX1,1,0.99980444,1
tumour/TCGA-CA-6715-01Z-00-DX1_28672_18944.jpg,TCGA-CA-6715,TCGA-CA-6715-01Z-00-DX1,1,0.99291044,1
tumour/TCGA-CA-6715-01Z-00-DX1_28672_19968.jpg,TCGA-CA-6715,TCGA-CA-6715-01Z-00-DX1,1,0.99702924,1
tumour/TCGA-CA-6715-01Z-00-DX1_29184_17920.jpg,TCGA-CA-6715,TCGA-CA-6715-01Z-00-DX1,1,0.99998915,1
tumour/TCGA-CA-6715-01Z-00-DX1_29696_16896.jpg,TCGA-CA-6715,TCGA-CA-6715-01Z-00-DX1,1,0.9996184,1
tumour/TCGA-CA-6715-01Z-00-DX1_29696_17408.jpg,TCGA-CA-6715,TCGA-CA-6715-01Z-00-DX1,1,0.99992836,1
tumour/TCGA-CA-6715-01Z-00-DX1_29696_17920.jpg,TCGA-CA-6715,TCGA-CA-6715-01Z-00-DX1,1,0.99964607,1
tumour/TCGA-CA-6715-01Z-00-DX1_29696_18432.jpg,TCGA-CA-6715,TCGA-CA-6715-01Z-00-DX1,1,0.9959739,1
tumour/TCGA-CA-6715-01Z-00-DX1_30208_14848.jpg,TCGA-CA-6715,TCGA-CA-6715-01Z-00-DX1,1,0.9997416,1
tumour/TCGA-CA-6715-01Z-00-DX1_30208_16384.jpg,TCGA-CA-6715,TCGA-CA-6715-01Z-00-DX1,1,0.9999076,1
tumour/TCGA-CA-6715-01Z-00-DX1_30208_16896.jpg,TCGA-CA-6715,TCGA-CA-6715-01Z-00-DX1,1,0.9994448,1
tumour/TCGA-CA-6715-01Z-00-DX1_30208_17408.jpg,TCGA-CA-6715,TCGA-CA-6715-01Z-00-DX1,1,0.9997471,1
tumour/TCGA-CA-6715-01Z-00-DX1_30208_17920.jpg,TCGA-CA-6715,TCGA-CA-6715-01Z-00-DX1,1,0.99302953,1
tumour/TCGA-CA-6715-01Z-00-DX1_30208_24064.jpg,TCGA-CA-6715,TCGA-CA-6715-01Z-00-DX1,1,0.9914102,1
tumour/TCGA-CA-6715-01Z-00-DX1_30720_14336.jpg,TCGA-CA-6715,TCGA-CA-6715-01Z-00-DX1,1,0.9983432,1
tumour/TCGA-CA-6715-01Z-00-DX1_30720_15872.jpg,TCGA-CA-6715,TCGA-CA-6715-01Z-00-DX1,1,0.99802434,1
tumour/TCGA-CA-6715-01Z-00-DX1_30720_16384.jpg,TCGA-CA-6715,TCGA-CA-6715-01Z-00-DX1,1,0.99985516,1
tumour/TCGA-CA-6715-01Z-00-DX1_30720_23552.jpg,TCGA-CA-6715,TCGA-CA-6715-01Z-00-DX1,1,0.999918,1
tumour/TCGA-CA-6715-01Z-00-DX1_30720_24064.jpg,TCGA-CA-6715,TCGA-CA-6715-01Z-00-DX1,1,0.9997563,1
tumour/TCGA-CA-6715-01Z-00-DX1_31232_16896.jpg,TCGA-CA-6715,TCGA-CA-6715-01Z-00-DX1,1,0.98583233,1
tumour/TCGA-CA-6715-01Z-00-DX1_31744_13312.jpg,TCGA-CA-6715,TCGA-CA-6715-01Z-00-DX1,1,0.98199075,1
tumour/TCGA-CA-6715-01Z-00-DX1_31744_13824.jpg,TCGA-CA-6715,TCGA-CA-6715-01Z-00-DX1,1,0.9981098,1
tumour/TCGA-CA-6715-01Z-00-DX1_31744_14336.jpg,TCGA-CA-6715,TCGA-CA-6715-01Z-00-DX1,1,0.9996082,1
tumour/TCGA-CA-6715-01Z-00-DX1_31744_14848.jpg,TCGA-CA-6715,TCGA-CA-6715-01Z-00-DX1,1,0.93736196,1
tumour/TCGA-CA-6715-01Z-00-DX1_31744_15360.jpg,TCGA-CA-6715,TCGA-CA-6715-01Z-00-DX1,1,0.91133773,1
tumour/TCGA-CA-6715-01Z-00-DX1_31744_16384.jpg,TCGA-CA-6715,TCGA-CA-6715-01Z-00-DX1,1,0.8733357,1
tumour/TCGA-CA-6715-01Z-00-DX1_31744_16896.jpg,TCGA-CA-6715,TCGA-CA-6715-01Z-00-DX1,1,0.8725995,1
tumour/TCGA-CA-6715-01Z-00-DX1_31744_17408.jpg,TCGA-CA-6715,TCGA-CA-6715-01Z-00-DX1,1,0.98098606,1
tumour/TCGA-CA-6715-01Z-00-DX1_32256_12800.jpg,TCGA-CA-6715,TCGA-CA-6715-01Z-00-DX1,1,0.9974636,1
tumour/TCGA-CA-6715-01Z-00-DX1_32256_13312.jpg,TCGA-CA-6715,TCGA-CA-6715-01Z-00-DX1,1,0.99964666,1
tumour/TCGA-CA-6715-01Z-00-DX1_32256_15872.jpg,TCGA-CA-6715,TCGA-CA-6715-01Z-00-DX1,1,0.573304,1
tumour/TCGA-CA-6715-01Z-00-DX1_32768_12288.jpg,TCGA-CA-6715,TCGA-CA-6715-01Z-00-DX1,1,0.9999393,1
tumour/TCGA-CA-6715-01Z-00-DX1_33280_11776.jpg,TCGA-CA-6715,TCGA-CA-6715-01Z-00-DX1,1,0.12786332,0
tumour/TCGA-CA-6715-01Z-00-DX1_33280_12800.jpg,TCGA-CA-6715,TCGA-CA-6715-01Z-00-DX1,1,0.99123657,1
tumour/TCGA-CA-6715-01Z-00-DX1_33280_13312.jpg,TCGA-CA-6715,TCGA-CA-6715-01Z-00-DX1,1,0.99969363,1
tumour/TCGA-CA-6715-01Z-00-DX1_33280_13824.jpg,TCGA-CA-6715,TCGA-CA-6715-01Z-00-DX1,1,0.9823499,1
tumour/TCGA-CA-6715-01Z-00-DX1_5632_10240.jpg,TCGA-CA-6715,TCGA-CA-6715-01Z-00-DX1,1,0.99202865,1
tumour/TCGA-CA-6715-01Z-00-DX1_5632_10752.jpg,TCGA-CA-6715,TCGA-CA-6715-01Z-00-DX1,1,0.9906635,1
tumour/TCGA-CA-6715-01Z-00-DX1_5632_9216.jpg,TCGA-CA-6715,TCGA-CA-6715-01Z-00-DX1,1,0.9990829,1
tumour/TCGA-CA-6715-01Z-00-DX1_6144_11264.jpg,TCGA-CA-6715,TCGA-CA-6715-01Z-00-DX1,1,0.9877297,1
tumour/TCGA-CA-6715-01Z-00-DX1_6144_7680.jpg,TCGA-CA-6715,TCGA-CA-6715-01Z-00-DX1,1,0.9820694,1
tumour/TCGA-CA-6715-01Z-00-DX1_6144_8704.jpg,TCGA-CA-6715,TCGA-CA-6715-01Z-00-DX1,1,0.7194641,1
tumour/TCGA-CA-6715-01Z-00-DX1_6144_9216.jpg,TCGA-CA-6715,TCGA-CA-6715-01Z-00-DX1,1,0.9605443,1
tumour/TCGA-CA-6715-01Z-00-DX1_6144_9728.jpg,TCGA-CA-6715,TCGA-CA-6715-01Z-00-DX1,1,0.9991042,1
tumour/TCGA-CA-6715-01Z-00-DX1_6656_11264.jpg,TCGA-CA-6715,TCGA-CA-6715-01Z-00-DX1,1,0.99972266,1
tumour/TCGA-CA-6715-01Z-00-DX1_6656_7680.jpg,TCGA-CA-6715,TCGA-CA-6715-01Z-00-DX1,1,0.72958094,1
tumour/TCGA-CA-6715-01Z-00-DX1_6656_9216.jpg,TCGA-CA-6715,TCGA-CA-6715-01Z-00-DX1,1,0.9954015,1
tumour/TCGA-CA-6715-01Z-00-DX1_7168_11264.jpg,TCGA-CA-6715,TCGA-CA-6715-01Z-00-DX1,1,0.9933647,1
tumour/TCGA-CA-6715-01Z-00-DX1_7168_7680.jpg,TCGA-CA-6715,TCGA-CA-6715-01Z-00-DX1,1,0.91963905,1
tumour/TCGA-CA-6715-01Z-00-DX1_7168_8704.jpg,TCGA-CA-6715,TCGA-CA-6715-01Z-00-DX1,1,0.7941965,1
tumour/TCGA-CA-6715-01Z-00-DX1_7168_9216.jpg,TCGA-CA-6715,TCGA-CA-6715-01Z-00-DX1,1,0.8491346,1
tumour/TCGA-CA-6715-01Z-00-DX1_7680_11264.jpg,TCGA-CA-6715,TCGA-CA-6715-01Z-00-DX1,1,0.9992391,1
tumour/TCGA-CA-6715-01Z-00-DX1_7680_7680.jpg,TCGA-CA-6715,TCGA-CA-6715-01Z-00-DX1,1,0.9496702,1
tumour/TCGA-CA-6715-01Z-00-DX1_7680_8192.jpg,TCGA-CA-6715,TCGA-CA-6715-01Z-00-DX1,1,0.9999521,1
tumour/TCGA-CA-6715-01Z-00-DX1_7680_8704.jpg,TCGA-CA-6715,TCGA-CA-6715-01Z-00-DX1,1,0.9627458,1
tumour/TCGA-CA-6715-01Z-00-DX1_7680_9216.jpg,TCGA-CA-6715,TCGA-CA-6715-01Z-00-DX1,1,0.97357696,1
tumour/TCGA-CA-6715-01Z-00-DX1_8192_11776.jpg,TCGA-CA-6715,TCGA-CA-6715-01Z-00-DX1,1,0.9998902,1
tumour/TCGA-CA-6715-01Z-00-DX1_8192_12288.jpg,TCGA-CA-6715,TCGA-CA-6715-01Z-00-DX1,1,0.9998416,1
tumour/TCGA-CA-6715-01Z-00-DX1_8192_8192.jpg,TCGA-CA-6715,TCGA-CA-6715-01Z-00-DX1,1,0.9921886,1
tumour/TCGA-CA-6715-01Z-00-DX1_8192_9728.jpg,TCGA-CA-6715,TCGA-CA-6715-01Z-00-DX1,1,0.99990237,1
tumour/TCGA-CA-6715-01Z-00-DX1_8704_11776.jpg,TCGA-CA-6715,TCGA-CA-6715-01Z-00-DX1,1,0.9971571,1
tumour/TCGA-CA-6715-01Z-00-DX1_8704_12288.jpg,TCGA-CA-6715,TCGA-CA-6715-01Z-00-DX1,1,0.999688,1
tumour/TCGA-CA-6715-01Z-00-DX1_8704_13824.jpg,TCGA-CA-6715,TCGA-CA-6715-01Z-00-DX1,1,0.9981675,1
tumour/TCGA-CA-6715-01Z-00-DX1_8704_6656.jpg,TCGA-CA-6715,TCGA-CA-6715-01Z-00-DX1,1,0.9990415,1
tumour/TCGA-CA-6715-01Z-00-DX1_8704_8192.jpg,TCGA-CA-6715,TCGA-CA-6715-01Z-00-DX1,1,0.9985183,1
tumour/TCGA-CA-6715-01Z-00-DX1_8704_8704.jpg,TCGA-CA-6715,TCGA-CA-6715-01Z-00-DX1,1,0.99853134,1
tumour/TCGA-CA-6715-01Z-00-DX1_8704_9216.jpg,TCGA-CA-6715,TCGA-CA-6715-01Z-00-DX1,1,0.99849534,1
tumour/TCGA-CA-6715-01Z-00-DX1_8704_9728.jpg,TCGA-CA-6715,TCGA-CA-6715-01Z-00-DX1,1,0.99861777,1
tumour/TCGA-CA-6715-01Z-00-DX1_9216_10240.jpg,TCGA-CA-6715,TCGA-CA-6715-01Z-00-DX1,1,0.9603743,1
tumour/TCGA-CA-6715-01Z-00-DX1_9216_11264.jpg,TCGA-CA-6715,TCGA-CA-6715-01Z-00-DX1,1,0.92595357,1
tumour/TCGA-CA-6715-01Z-00-DX1_9216_11776.jpg,TCGA-CA-6715,TCGA-CA-6715-01Z-00-DX1,1,0.99674654,1
tumour/TCGA-CA-6715-01Z-00-DX1_9216_12288.jpg,TCGA-CA-6715,TCGA-CA-6715-01Z-00-DX1,1,0.9923677,1
tumour/TCGA-CA-6715-01Z-00-DX1_9216_13824.jpg,TCGA-CA-6715,TCGA-CA-6715-01Z-00-DX1,1,0.9973143,1
tumour/TCGA-CA-6715-01Z-00-DX1_9216_14336.jpg,TCGA-CA-6715,TCGA-CA-6715-01Z-00-DX1,1,0.9996952,1
tumour/TCGA-CA-6715-01Z-00-DX1_9216_14848.jpg,TCGA-CA-6715,TCGA-CA-6715-01Z-00-DX1,1,0.9832956,1
tumour/TCGA-CA-6715-01Z-00-DX1_9216_7168.jpg,TCGA-CA-6715,TCGA-CA-6715-01Z-00-DX1,1,0.9818763,1
tumour/TCGA-CA-6715-01Z-00-DX1_9216_7680.jpg,TCGA-CA-6715,TCGA-CA-6715-01Z-00-DX1,1,0.9995384,1
tumour/TCGA-CA-6715-01Z-00-DX1_9216_8192.jpg,TCGA-CA-6715,TCGA-CA-6715-01Z-00-DX1,1,0.9882605,1
tumour/TCGA-CA-6715-01Z-00-DX1_9216_9216.jpg,TCGA-CA-6715,TCGA-CA-6715-01Z-00-DX1,1,0.99972886,1
tumour/TCGA-CA-6715-01Z-00-DX1_9216_9728.jpg,TCGA-CA-6715,TCGA-CA-6715-01Z-00-DX1,1,0.9973871,1
tumour/TCGA-CA-6715-01Z-00-DX1_9728_10240.jpg,TCGA-CA-6715,TCGA-CA-6715-01Z-00-DX1,1,0.9812475,1
tumour/TCGA-CA-6715-01Z-00-DX1_9728_13824.jpg,TCGA-CA-6715,TCGA-CA-6715-01Z-00-DX1,1,0.98055696,1
tumour/TCGA-CA-6715-01Z-00-DX1_9728_14336.jpg,TCGA-CA-6715,TCGA-CA-6715-01Z-00-DX1,1,0.99733186,1
tumour/TCGA-CA-6715-01Z-00-DX1_9728_14848.jpg,TCGA-CA-6715,TCGA-CA-6715-01Z-00-DX1,1,0.99793845,1
tumour/TCGA-CA-6715-01Z-00-DX1_9728_15872.jpg,TCGA-CA-6715,TCGA-CA-6715-01Z-00-DX1,1,0.9948119,1
tumour/TCGA-CA-6715-01Z-00-DX1_9728_6656.jpg,TCGA-CA-6715,TCGA-CA-6715-01Z-00-DX1,1,0.99858934,1
tumour/TCGA-CA-6715-01Z-00-DX1_9728_7680.jpg,TCGA-CA-6715,TCGA-CA-6715-01Z-00-DX1,1,0.99624664,1
tumour/TCGA-CA-6715-01Z-00-DX1_9728_8704.jpg,TCGA-CA-6715,TCGA-CA-6715-01Z-00-DX1,1,0.99960166,1
tumour/TCGA-CA-6718-01Z-00-DX1_10240_10240.jpg,TCGA-CA-6718,TCGA-CA-6718-01Z-00-DX1,1,0.977368,1
tumour/TCGA-CA-6718-01Z-00-DX1_10240_10752.jpg,TCGA-CA-6718,TCGA-CA-6718-01Z-00-DX1,1,0.94366384,1
tumour/TCGA-CA-6718-01Z-00-DX1_10240_11264.jpg,TCGA-CA-6718,TCGA-CA-6718-01Z-00-DX1,1,0.9062399,1
tumour/TCGA-CA-6718-01Z-00-DX1_10240_12288.jpg,TCGA-CA-6718,TCGA-CA-6718-01Z-00-DX1,1,0.91709876,1
tumour/TCGA-CA-6718-01Z-00-DX1_10240_12800.jpg,TCGA-CA-6718,TCGA-CA-6718-01Z-00-DX1,1,0.8770901,1
tumour/TCGA-CA-6718-01Z-00-DX1_10240_13312.jpg,TCGA-CA-6718,TCGA-CA-6718-01Z-00-DX1,1,0.99897754,1
tumour/TCGA-CA-6718-01Z-00-DX1_10240_13824.jpg,TCGA-CA-6718,TCGA-CA-6718-01Z-00-DX1,1,0.9477579,1
tumour/TCGA-CA-6718-01Z-00-DX1_10240_14848.jpg,TCGA-CA-6718,TCGA-CA-6718-01Z-00-DX1,1,0.7983062,1
tumour/TCGA-CA-6718-01Z-00-DX1_10240_15872.jpg,TCGA-CA-6718,TCGA-CA-6718-01Z-00-DX1,1,0.8585995,1
tumour/TCGA-CA-6718-01Z-00-DX1_10240_16896.jpg,TCGA-CA-6718,TCGA-CA-6718-01Z-00-DX1,1,0.9839498,1
tumour/TCGA-CA-6718-01Z-00-DX1_10240_17920.jpg,TCGA-CA-6718,TCGA-CA-6718-01Z-00-DX1,1,0.9268533,1
tumour/TCGA-CA-6718-01Z-00-DX1_10240_18944.jpg,TCGA-CA-6718,TCGA-CA-6718-01Z-00-DX1,1,0.87866336,1
tumour/TCGA-CA-6718-01Z-00-DX1_10240_20480.jpg,TCGA-CA-6718,TCGA-CA-6718-01Z-00-DX1,1,0.24689859,0
tumour/TCGA-CA-6718-01Z-00-DX1_10240_20992.jpg,TCGA-CA-6718,TCGA-CA-6718-01Z-00-DX1,1,0.87500364,1
tumour/TCGA-CA-6718-01Z-00-DX1_10240_22016.jpg,TCGA-CA-6718,TCGA-CA-6718-01Z-00-DX1,1,0.40968195,0
tumour/TCGA-CA-6718-01Z-00-DX1_10240_22528.jpg,TCGA-CA-6718,TCGA-CA-6718-01Z-00-DX1,1,0.88202685,1
tumour/TCGA-CA-6718-01Z-00-DX1_10240_23040.jpg,TCGA-CA-6718,TCGA-CA-6718-01Z-00-DX1,1,0.9005153,1
tumour/TCGA-CA-6718-01Z-00-DX1_10240_24576.jpg,TCGA-CA-6718,TCGA-CA-6718-01Z-00-DX1,1,0.5946622,1
tumour/TCGA-CA-6718-01Z-00-DX1_10240_27136.jpg,TCGA-CA-6718,TCGA-CA-6718-01Z-00-DX1,1,0.94777995,1
tumour/TCGA-CA-6718-01Z-00-DX1_10240_32768.jpg,TCGA-CA-6718,TCGA-CA-6718-01Z-00-DX1,1,0.89074624,1
tumour/TCGA-CA-6718-01Z-00-DX1_10240_33792.jpg,TCGA-CA-6718,TCGA-CA-6718-01Z-00-DX1,1,0.3018678,0
tumour/TCGA-CA-6718-01Z-00-DX1_10240_34304.jpg,TCGA-CA-6718,TCGA-CA-6718-01Z-00-DX1,1,0.27404547,0
tumour/TCGA-CA-6718-01Z-00-DX1_10752_11264.jpg,TCGA-CA-6718,TCGA-CA-6718-01Z-00-DX1,1,0.9935616,1
tumour/TCGA-CA-6718-01Z-00-DX1_10752_11776.jpg,TCGA-CA-6718,TCGA-CA-6718-01Z-00-DX1,1,0.9919247,1
tumour/TCGA-CA-6718-01Z-00-DX1_10752_12288.jpg,TCGA-CA-6718,TCGA-CA-6718-01Z-00-DX1,1,0.7940582,1
tumour/TCGA-CA-6718-01Z-00-DX1_10752_13312.jpg,TCGA-CA-6718,TCGA-CA-6718-01Z-00-DX1,1,0.96518785,1
tumour/TCGA-CA-6718-01Z-00-DX1_10752_13824.jpg,TCGA-CA-6718,TCGA-CA-6718-01Z-00-DX1,1,0.9337457,1
tumour/TCGA-CA-6718-01Z-00-DX1_10752_14336.jpg,TCGA-CA-6718,TCGA-CA-6718-01Z-00-DX1,1,0.91112363,1
tumour/TCGA-CA-6718-01Z-00-DX1_10752_15360.jpg,TCGA-CA-6718,TCGA-CA-6718-01Z-00-DX1,1,0.83263326,1
tumour/TCGA-CA-6718-01Z-00-DX1_10752_15872.jpg,TCGA-CA-6718,TCGA-CA-6718-01Z-00-DX1,1,0.8537372,1
tumour/TCGA-CA-6718-01Z-00-DX1_10752_16384.jpg,TCGA-CA-6718,TCGA-CA-6718-01Z-00-DX1,1,0.9132068,1
tumour/TCGA-CA-6718-01Z-00-DX1_10752_19456.jpg,TCGA-CA-6718,TCGA-CA-6718-01Z-00-DX1,1,0.86891264,1
tumour/TCGA-CA-6718-01Z-00-DX1_10752_20992.jpg,TCGA-CA-6718,TCGA-CA-6718-01Z-00-DX1,1,0.6766138,1
tumour/TCGA-CA-6718-01Z-00-DX1_10752_21504.jpg,TCGA-CA-6718,TCGA-CA-6718-01Z-00-DX1,1,0.07844967,0
tumour/TCGA-CA-6718-01Z-00-DX1_10752_22016.jpg,TCGA-CA-6718,TCGA-CA-6718-01Z-00-DX1,1,0.9629853,1
tumour/TCGA-CA-6718-01Z-00-DX1_10752_23040.jpg,TCGA-CA-6718,TCGA-CA-6718-01Z-00-DX1,1,0.16735505,0
tumour/TCGA-CA-6718-01Z-00-DX1_10752_23552.jpg,TCGA-CA-6718,TCGA-CA-6718-01Z-00-DX1,1,0.8218144,1
tumour/TCGA-CA-6718-01Z-00-DX1_10752_24064.jpg,TCGA-CA-6718,TCGA-CA-6718-01Z-00-DX1,1,0.22916846,0
tumour/TCGA-CA-6718-01Z-00-DX1_10752_25088.jpg,TCGA-CA-6718,TCGA-CA-6718-01Z-00-DX1,1,0.08314015,0
tumour/TCGA-CA-6718-01Z-00-DX1_10752_26112.jpg,TCGA-CA-6718,TCGA-CA-6718-01Z-00-DX1,1,0.9200117,1
tumour/TCGA-CA-6718-01Z-00-DX1_10752_27648.jpg,TCGA-CA-6718,TCGA-CA-6718-01Z-00-DX1,1,0.97262484,1
tumour/TCGA-CA-6718-01Z-00-DX1_10752_32768.jpg,TCGA-CA-6718,TCGA-CA-6718-01Z-00-DX1,1,0.76539177,1
tumour/TCGA-CA-6718-01Z-00-DX1_10752_33792.jpg,TCGA-CA-6718,TCGA-CA-6718-01Z-00-DX1,1,0.65580326,1
tumour/TCGA-CA-6718-01Z-00-DX1_10752_5632.jpg,TCGA-CA-6718,TCGA-CA-6718-01Z-00-DX1,1,0.691011,1
tumour/TCGA-CA-6718-01Z-00-DX1_10752_6144.jpg,TCGA-CA-6718,TCGA-CA-6718-01Z-00-DX1,1,0.60521543,1
tumour/TCGA-CA-6718-01Z-00-DX1_10752_6656.jpg,TCGA-CA-6718,TCGA-CA-6718-01Z-00-DX1,1,0.84231174,1
tumour/TCGA-CA-6718-01Z-00-DX1_10752_7168.jpg,TCGA-CA-6718,TCGA-CA-6718-01Z-00-DX1,1,0.47056305,0
tumour/TCGA-CA-6718-01Z-00-DX1_10752_8704.jpg,TCGA-CA-6718,TCGA-CA-6718-01Z-00-DX1,1,0.6982785,1
tumour/TCGA-CA-6718-01Z-00-DX1_11264_10240.jpg,TCGA-CA-6718,TCGA-CA-6718-01Z-00-DX1,1,0.9891992,1
tumour/TCGA-CA-6718-01Z-00-DX1_11264_13824.jpg,TCGA-CA-6718,TCGA-CA-6718-01Z-00-DX1,1,0.9839557,1
tumour/TCGA-CA-6718-01Z-00-DX1_11264_16384.jpg,TCGA-CA-6718,TCGA-CA-6718-01Z-00-DX1,1,0.73672485,1
tumour/TCGA-CA-6718-01Z-00-DX1_11264_16896.jpg,TCGA-CA-6718,TCGA-CA-6718-01Z-00-DX1,1,0.9662911,1
tumour/TCGA-CA-6718-01Z-00-DX1_11264_17408.jpg,TCGA-CA-6718,TCGA-CA-6718-01Z-00-DX1,1,0.63298094,1
tumour/TCGA-CA-6718-01Z-00-DX1_11264_19456.jpg,TCGA-CA-6718,TCGA-CA-6718-01Z-00-DX1,1,0.37670267,0
tumour/TCGA-CA-6718-01Z-00-DX1_11264_22016.jpg,TCGA-CA-6718,TCGA-CA-6718-01Z-00-DX1,1,0.97236776,1
tumour/TCGA-CA-6718-01Z-00-DX1_11264_22528.jpg,TCGA-CA-6718,TCGA-CA-6718-01Z-00-DX1,1,0.9882908,1
tumour/TCGA-CA-6718-01Z-00-DX1_11264_24576.jpg,TCGA-CA-6718,TCGA-CA-6718-01Z-00-DX1,1,0.9522956,1
tumour/TCGA-CA-6718-01Z-00-DX1_11264_26624.jpg,TCGA-CA-6718,TCGA-CA-6718-01Z-00-DX1,1,0.9883277,1
tumour/TCGA-CA-6718-01Z-00-DX1_11264_27136.jpg,TCGA-CA-6718,TCGA-CA-6718-01Z-00-DX1,1,0.9986027,1
tumour/TCGA-CA-6718-01Z-00-DX1_11264_32768.jpg,TCGA-CA-6718,TCGA-CA-6718-01Z-00-DX1,1,0.94281346,1
tumour/TCGA-CA-6718-01Z-00-DX1_11264_4096.jpg,TCGA-CA-6718,TCGA-CA-6718-01Z-00-DX1,1,0.5959636,1
tumour/TCGA-CA-6718-01Z-00-DX1_11264_4608.jpg,TCGA-CA-6718,TCGA-CA-6718-01Z-00-DX1,1,0.65027624,1
tumour/TCGA-CA-6718-01Z-00-DX1_11264_5120.jpg,TCGA-CA-6718,TCGA-CA-6718-01Z-00-DX1,1,0.5482881,1
tumour/TCGA-CA-6718-01Z-00-DX1_11264_6656.jpg,TCGA-CA-6718,TCGA-CA-6718-01Z-00-DX1,1,0.9694298,1
tumour/TCGA-CA-6718-01Z-00-DX1_11264_7168.jpg,TCGA-CA-6718,TCGA-CA-6718-01Z-00-DX1,1,0.89622027,1
tumour/TCGA-CA-6718-01Z-00-DX1_11264_7680.jpg,TCGA-CA-6718,TCGA-CA-6718-01Z-00-DX1,1,0.7380739,1
tumour/TCGA-CA-6718-01Z-00-DX1_11264_9728.jpg,TCGA-CA-6718,TCGA-CA-6718-01Z-00-DX1,1,0.935146,1
tumour/TCGA-CA-6718-01Z-00-DX1_11776_10752.jpg,TCGA-CA-6718,TCGA-CA-6718-01Z-00-DX1,1,0.99786395,1
tumour/TCGA-CA-6718-01Z-00-DX1_11776_11264.jpg,TCGA-CA-6718,TCGA-CA-6718-01Z-00-DX1,1,0.9771234,1
tumour/TCGA-CA-6718-01Z-00-DX1_11776_12800.jpg,TCGA-CA-6718,TCGA-CA-6718-01Z-00-DX1,1,0.939646,1
tumour/TCGA-CA-6718-01Z-00-DX1_11776_13312.jpg,TCGA-CA-6718,TCGA-CA-6718-01Z-00-DX1,1,0.94192785,1
tumour/TCGA-CA-6718-01Z-00-DX1_11776_13824.jpg,TCGA-CA-6718,TCGA-CA-6718-01Z-00-DX1,1,0.97543484,1
tumour/TCGA-CA-6718-01Z-00-DX1_11776_14848.jpg,TCGA-CA-6718,TCGA-CA-6718-01Z-00-DX1,1,0.8427555,1
tumour/TCGA-CA-6718-01Z-00-DX1_11776_15360.jpg,TCGA-CA-6718,TCGA-CA-6718-01Z-00-DX1,1,0.9548795,1
tumour/TCGA-CA-6718-01Z-00-DX1_11776_16896.jpg,TCGA-CA-6718,TCGA-CA-6718-01Z-00-DX1,1,0.3053341,0
tumour/TCGA-CA-6718-01Z-00-DX1_11776_18432.jpg,TCGA-CA-6718,TCGA-CA-6718-01Z-00-DX1,1,0.23611763,0
tumour/TCGA-CA-6718-01Z-00-DX1_11776_18944.jpg,TCGA-CA-6718,TCGA-CA-6718-01Z-00-DX1,1,0.85821307,1
tumour/TCGA-CA-6718-01Z-00-DX1_11776_20992.jpg,TCGA-CA-6718,TCGA-CA-6718-01Z-00-DX1,1,0.98953015,1
tumour/TCGA-CA-6718-01Z-00-DX1_11776_22528.jpg,TCGA-CA-6718,TCGA-CA-6718-01Z-00-DX1,1,0.984559,1
tumour/TCGA-CA-6718-01Z-00-DX1_11776_23040.jpg,TCGA-CA-6718,TCGA-CA-6718-01Z-00-DX1,1,0.47003713,0
tumour/TCGA-CA-6718-01Z-00-DX1_11776_25088.jpg,TCGA-CA-6718,TCGA-CA-6718-01Z-00-DX1,1,0.9965823,1
tumour/TCGA-CA-6718-01Z-00-DX1_11776_25600.jpg,TCGA-CA-6718,TCGA-CA-6718-01Z-00-DX1,1,0.8330856,1
tumour/TCGA-CA-6718-01Z-00-DX1_11776_27136.jpg,TCGA-CA-6718,TCGA-CA-6718-01Z-00-DX1,1,0.9935621,1
tumour/TCGA-CA-6718-01Z-00-DX1_11776_28672.jpg,TCGA-CA-6718,TCGA-CA-6718-01Z-00-DX1,1,0.96405977,1
tumour/TCGA-CA-6718-01Z-00-DX1_11776_3072.jpg,TCGA-CA-6718,TCGA-CA-6718-01Z-00-DX1,1,0.9970931,1
tumour/TCGA-CA-6718-01Z-00-DX1_11776_32768.jpg,TCGA-CA-6718,TCGA-CA-6718-01Z-00-DX1,1,0.9799212,1
tumour/TCGA-CA-6718-01Z-00-DX1_11776_33280.jpg,TCGA-CA-6718,TCGA-CA-6718-01Z-00-DX1,1,0.9258603,1
tumour/TCGA-CA-6718-01Z-00-DX1_11776_4096.jpg,TCGA-CA-6718,TCGA-CA-6718-01Z-00-DX1,1,0.5140955,1
tumour/TCGA-CA-6718-01Z-00-DX1_11776_4608.jpg,TCGA-CA-6718,TCGA-CA-6718-01Z-00-DX1,1,0.43539423,0
tumour/TCGA-CA-6718-01Z-00-DX1_11776_5632.jpg,TCGA-CA-6718,TCGA-CA-6718-01Z-00-DX1,1,0.5025387,1
tumour/TCGA-CA-6718-01Z-00-DX1_11776_8192.jpg,TCGA-CA-6718,TCGA-CA-6718-01Z-00-DX1,1,0.9008616,1
tumour/TCGA-CA-6718-01Z-00-DX1_11776_8704.jpg,TCGA-CA-6718,TCGA-CA-6718-01Z-00-DX1,1,0.88424754,1
tumour/TCGA-CA-6718-01Z-00-DX1_11776_9216.jpg,TCGA-CA-6718,TCGA-CA-6718-01Z-00-DX1,1,0.9429674,1
tumour/TCGA-CA-6718-01Z-00-DX1_12288_10240.jpg,TCGA-CA-6718,TCGA-CA-6718-01Z-00-DX1,1,0.81982464,1
tumour/TCGA-CA-6718-01Z-00-DX1_12288_11776.jpg,TCGA-CA-6718,TCGA-CA-6718-01Z-00-DX1,1,0.88102436,1
tumour/TCGA-CA-6718-01Z-00-DX1_12288_12800.jpg,TCGA-CA-6718,TCGA-CA-6718-01Z-00-DX1,1,0.6302058,1
tumour/TCGA-CA-6718-01Z-00-DX1_12288_13824.jpg,TCGA-CA-6718,TCGA-CA-6718-01Z-00-DX1,1,0.99277556,1
tumour/TCGA-CA-6718-01Z-00-DX1_12288_14336.jpg,TCGA-CA-6718,TCGA-CA-6718-01Z-00-DX1,1,0.9981463,1
tumour/TCGA-CA-6718-01Z-00-DX1_12288_14848.jpg,TCGA-CA-6718,TCGA-CA-6718-01Z-00-DX1,1,0.99025273,1
tumour/TCGA-CA-6718-01Z-00-DX1_12288_15360.jpg,TCGA-CA-6718,TCGA-CA-6718-01Z-00-DX1,1,0.97194755,1
tumour/TCGA-CA-6718-01Z-00-DX1_12288_15872.jpg,TCGA-CA-6718,TCGA-CA-6718-01Z-00-DX1,1,0.6711551,1
tumour/TCGA-CA-6718-01Z-00-DX1_12288_16384.jpg,TCGA-CA-6718,TCGA-CA-6718-01Z-00-DX1,1,0.88951737,1
tumour/TCGA-CA-6718-01Z-00-DX1_12288_16896.jpg,TCGA-CA-6718,TCGA-CA-6718-01Z-00-DX1,1,0.55329025,1
tumour/TCGA-CA-6718-01Z-00-DX1_12288_17408.jpg,TCGA-CA-6718,TCGA-CA-6718-01Z-00-DX1,1,0.87523246,1
tumour/TCGA-CA-6718-01Z-00-DX1_12288_17920.jpg,TCGA-CA-6718,TCGA-CA-6718-01Z-00-DX1,1,0.846913,1
tumour/TCGA-CA-6718-01Z-00-DX1_12288_20480.jpg,TCGA-CA-6718,TCGA-CA-6718-01Z-00-DX1,1,0.45737377,0
tumour/TCGA-CA-6718-01Z-00-DX1_12288_20992.jpg,TCGA-CA-6718,TCGA-CA-6718-01Z-00-DX1,1,0.90647316,1
tumour/TCGA-CA-6718-01Z-00-DX1_12288_21504.jpg,TCGA-CA-6718,TCGA-CA-6718-01Z-00-DX1,1,0.8762847,1
tumour/TCGA-CA-6718-01Z-00-DX1_12288_22016.jpg,TCGA-CA-6718,TCGA-CA-6718-01Z-00-DX1,1,0.8114971,1
tumour/TCGA-CA-6718-01Z-00-DX1_12288_23040.jpg,TCGA-CA-6718,TCGA-CA-6718-01Z-00-DX1,1,0.6372105,1
tumour/TCGA-CA-6718-01Z-00-DX1_12288_24064.jpg,TCGA-CA-6718,TCGA-CA-6718-01Z-00-DX1,1,0.99510527,1
tumour/TCGA-CA-6718-01Z-00-DX1_12288_24576.jpg,TCGA-CA-6718,TCGA-CA-6718-01Z-00-DX1,1,0.89474523,1
tumour/TCGA-CA-6718-01Z-00-DX1_12288_2560.jpg,TCGA-CA-6718,TCGA-CA-6718-01Z-00-DX1,1,0.899584,1
tumour/TCGA-CA-6718-01Z-00-DX1_12288_25600.jpg,TCGA-CA-6718,TCGA-CA-6718-01Z-00-DX1,1,0.9733237,1
tumour/TCGA-CA-6718-01Z-00-DX1_12288_26112.jpg,TCGA-CA-6718,TCGA-CA-6718-01Z-00-DX1,1,0.6743522,1
tumour/TCGA-CA-6718-01Z-00-DX1_12288_26624.jpg,TCGA-CA-6718,TCGA-CA-6718-01Z-00-DX1,1,0.55879545,1
tumour/TCGA-CA-6718-01Z-00-DX1_12288_28672.jpg,TCGA-CA-6718,TCGA-CA-6718-01Z-00-DX1,1,0.94198465,1
tumour/TCGA-CA-6718-01Z-00-DX1_12288_32768.jpg,TCGA-CA-6718,TCGA-CA-6718-01Z-00-DX1,1,0.79479486,1
tumour/TCGA-CA-6718-01Z-00-DX1_12288_33280.jpg,TCGA-CA-6718,TCGA-CA-6718-01Z-00-DX1,1,0.7639457,1
tumour/TCGA-CA-6718-01Z-00-DX1_12288_3584.jpg,TCGA-CA-6718,TCGA-CA-6718-01Z-00-DX1,1,0.93214875,1
tumour/TCGA-CA-6718-01Z-00-DX1_12288_4608.jpg,TCGA-CA-6718,TCGA-CA-6718-01Z-00-DX1,1,0.9176065,1
tumour/TCGA-CA-6718-01Z-00-DX1_12288_5120.jpg,TCGA-CA-6718,TCGA-CA-6718-01Z-00-DX1,1,0.949535,1
tumour/TCGA-CA-6718-01Z-00-DX1_12288_5632.jpg,TCGA-CA-6718,TCGA-CA-6718-01Z-00-DX1,1,0.98008907,1
tumour/TCGA-CA-6718-01Z-00-DX1_12288_6144.jpg,TCGA-CA-6718,TCGA-CA-6718-01Z-00-DX1,1,0.97881943,1
tumour/TCGA-CA-6718-01Z-00-DX1_12288_6656.jpg,TCGA-CA-6718,TCGA-CA-6718-01Z-00-DX1,1,0.9744298,1
tumour/TCGA-CA-6718-01Z-00-DX1_12288_8704.jpg,TCGA-CA-6718,TCGA-CA-6718-01Z-00-DX1,1,0.9615159,1
tumour/TCGA-CA-6718-01Z-00-DX1_12288_9728.jpg,TCGA-CA-6718,TCGA-CA-6718-01Z-00-DX1,1,0.9922044,1
tumour/TCGA-CA-6718-01Z-00-DX1_12800_10752.jpg,TCGA-CA-6718,TCGA-CA-6718-01Z-00-DX1,1,0.73644346,1
tumour/TCGA-CA-6718-01Z-00-DX1_12800_16896.jpg,TCGA-CA-6718,TCGA-CA-6718-01Z-00-DX1,1,0.9428927,1
tumour/TCGA-CA-6718-01Z-00-DX1_12800_17408.jpg,TCGA-CA-6718,TCGA-CA-6718-01Z-00-DX1,1,0.9730517,1
tumour/TCGA-CA-6718-01Z-00-DX1_12800_17920.jpg,TCGA-CA-6718,TCGA-CA-6718-01Z-00-DX1,1,0.6432173,1
tumour/TCGA-CA-6718-01Z-00-DX1_12800_18432.jpg,TCGA-CA-6718,TCGA-CA-6718-01Z-00-DX1,1,0.50492185,1
tumour/TCGA-CA-6718-01Z-00-DX1_12800_20480.jpg,TCGA-CA-6718,TCGA-CA-6718-01Z-00-DX1,1,0.039336782,0
tumour/TCGA-CA-6718-01Z-00-DX1_12800_20992.jpg,TCGA-CA-6718,TCGA-CA-6718-01Z-00-DX1,1,0.07541861,0
tumour/TCGA-CA-6718-01Z-00-DX1_12800_22016.jpg,TCGA-CA-6718,TCGA-CA-6718-01Z-00-DX1,1,0.7272583,1
tumour/TCGA-CA-6718-01Z-00-DX1_12800_22528.jpg,TCGA-CA-6718,TCGA-CA-6718-01Z-00-DX1,1,0.9454525,1
tumour/TCGA-CA-6718-01Z-00-DX1_12800_23040.jpg,TCGA-CA-6718,TCGA-CA-6718-01Z-00-DX1,1,0.83356875,1
tumour/TCGA-CA-6718-01Z-00-DX1_12800_24064.jpg,TCGA-CA-6718,TCGA-CA-6718-01Z-00-DX1,1,0.50263697,1
tumour/TCGA-CA-6718-01Z-00-DX1_12800_24576.jpg,TCGA-CA-6718,TCGA-CA-6718-01Z-00-DX1,1,0.9901455,1
tumour/TCGA-CA-6718-01Z-00-DX1_12800_25088.jpg,TCGA-CA-6718,TCGA-CA-6718-01Z-00-DX1,1,0.99457884,1
tumour/TCGA-CA-6718-01Z-00-DX1_12800_25600.jpg,TCGA-CA-6718,TCGA-CA-6718-01Z-00-DX1,1,0.9599185,1
tumour/TCGA-CA-6718-01Z-00-DX1_12800_26112.jpg,TCGA-CA-6718,TCGA-CA-6718-01Z-00-DX1,1,0.8017062,1
tumour/TCGA-CA-6718-01Z-00-DX1_12800_26624.jpg,TCGA-CA-6718,TCGA-CA-6718-01Z-00-DX1,1,0.54356533,1
tumour/TCGA-CA-6718-01Z-00-DX1_12800_28160.jpg,TCGA-CA-6718,TCGA-CA-6718-01Z-00-DX1,1,0.95971316,1
tumour/TCGA-CA-6718-01Z-00-DX1_12800_28672.jpg,TCGA-CA-6718,TCGA-CA-6718-01Z-00-DX1,1,0.8024112,1
tumour/TCGA-CA-6718-01Z-00-DX1_12800_29696.jpg,TCGA-CA-6718,TCGA-CA-6718-01Z-00-DX1,1,0.59169865,1
tumour/TCGA-CA-6718-01Z-00-DX1_12800_30208.jpg,TCGA-CA-6718,TCGA-CA-6718-01Z-00-DX1,1,0.99022406,1
tumour/TCGA-CA-6718-01Z-00-DX1_12800_3072.jpg,TCGA-CA-6718,TCGA-CA-6718-01Z-00-DX1,1,0.99119097,1
tumour/TCGA-CA-6718-01Z-00-DX1_12800_31232.jpg,TCGA-CA-6718,TCGA-CA-6718-01Z-00-DX1,1,0.8608772,1
tumour/TCGA-CA-6718-01Z-00-DX1_12800_31744.jpg,TCGA-CA-6718,TCGA-CA-6718-01Z-00-DX1,1,0.31618452,0
tumour/TCGA-CA-6718-01Z-00-DX1_12800_4096.jpg,TCGA-CA-6718,TCGA-CA-6718-01Z-00-DX1,1,0.99634165,1
tumour/TCGA-CA-6718-01Z-00-DX1_12800_5120.jpg,TCGA-CA-6718,TCGA-CA-6718-01Z-00-DX1,1,0.9978393,1
tumour/TCGA-CA-6718-01Z-00-DX1_12800_6144.jpg,TCGA-CA-6718,TCGA-CA-6718-01Z-00-DX1,1,0.9998271,1
tumour/TCGA-CA-6718-01Z-00-DX1_12800_6656.jpg,TCGA-CA-6718,TCGA-CA-6718-01Z-00-DX1,1,0.9976834,1
tumour/TCGA-CA-6718-01Z-00-DX1_12800_8192.jpg,TCGA-CA-6718,TCGA-CA-6718-01Z-00-DX1,1,0.9641044,1
tumour/TCGA-CA-6718-01Z-00-DX1_12800_9216.jpg,TCGA-CA-6718,TCGA-CA-6718-01Z-00-DX1,1,0.9509589,1
tumour/TCGA-CA-6718-01Z-00-DX1_12800_9728.jpg,TCGA-CA-6718,TCGA-CA-6718-01Z-00-DX1,1,0.9708763,1
tumour/TCGA-CA-6718-01Z-00-DX1_13312_10240.jpg,TCGA-CA-6718,TCGA-CA-6718-01Z-00-DX1,1,0.6503285,1
tumour/TCGA-CA-6718-01Z-00-DX1_13312_10752.jpg,TCGA-CA-6718,TCGA-CA-6718-01Z-00-DX1,1,0.284919,0
tumour/TCGA-CA-6718-01Z-00-DX1_13312_11776.jpg,TCGA-CA-6718,TCGA-CA-6718-01Z-00-DX1,1,0.99386793,1
tumour/TCGA-CA-6718-01Z-00-DX1_13312_13824.jpg,TCGA-CA-6718,TCGA-CA-6718-01Z-00-DX1,1,0.9953418,1
tumour/TCGA-CA-6718-01Z-00-DX1_13312_14848.jpg,TCGA-CA-6718,TCGA-CA-6718-01Z-00-DX1,1,0.99214387,1
tumour/TCGA-CA-6718-01Z-00-DX1_13312_15872.jpg,TCGA-CA-6718,TCGA-CA-6718-01Z-00-DX1,1,0.8734642,1
tumour/TCGA-CA-6718-01Z-00-DX1_13312_16896.jpg,TCGA-CA-6718,TCGA-CA-6718-01Z-00-DX1,1,0.5578361,1
tumour/TCGA-CA-6718-01Z-00-DX1_13312_17920.jpg,TCGA-CA-6718,TCGA-CA-6718-01Z-00-DX1,1,0.8784674,1
tumour/TCGA-CA-6718-01Z-00-DX1_13312_20480.jpg,TCGA-CA-6718,TCGA-CA-6718-01Z-00-DX1,1,0.53760886,1
tumour/TCGA-CA-6718-01Z-00-DX1_13312_21504.jpg,TCGA-CA-6718,TCGA-CA-6718-01Z-00-DX1,1,0.3690165,0
tumour/TCGA-CA-6718-01Z-00-DX1_13312_23040.jpg,TCGA-CA-6718,TCGA-CA-6718-01Z-00-DX1,1,0.89069146,1
tumour/TCGA-CA-6718-01Z-00-DX1_13312_24064.jpg,TCGA-CA-6718,TCGA-CA-6718-01Z-00-DX1,1,0.97548974,1
tumour/TCGA-CA-6718-01Z-00-DX1_13312_26112.jpg,TCGA-CA-6718,TCGA-CA-6718-01Z-00-DX1,1,0.7200062,1
tumour/TCGA-CA-6718-01Z-00-DX1_13312_28160.jpg,TCGA-CA-6718,TCGA-CA-6718-01Z-00-DX1,1,0.7533768,1
tumour/TCGA-CA-6718-01Z-00-DX1_13312_30208.jpg,TCGA-CA-6718,TCGA-CA-6718-01Z-00-DX1,1,0.56428975,1
tumour/TCGA-CA-6718-01Z-00-DX1_13312_30720.jpg,TCGA-CA-6718,TCGA-CA-6718-01Z-00-DX1,1,0.9525298,1
tumour/TCGA-CA-6718-01Z-00-DX1_13312_3584.jpg,TCGA-CA-6718,TCGA-CA-6718-01Z-00-DX1,1,0.9633947,1
tumour/TCGA-CA-6718-01Z-00-DX1_13312_4096.jpg,TCGA-CA-6718,TCGA-CA-6718-01Z-00-DX1,1,0.88756466,1
tumour/TCGA-CA-6718-01Z-00-DX1_13312_4608.jpg,TCGA-CA-6718,TCGA-CA-6718-01Z-00-DX1,1,0.9864857,1
tumour/TCGA-CA-6718-01Z-00-DX1_13312_5120.jpg,TCGA-CA-6718,TCGA-CA-6718-01Z-00-DX1,1,0.9726565,1
tumour/TCGA-CA-6718-01Z-00-DX1_13312_5632.jpg,TCGA-CA-6718,TCGA-CA-6718-01Z-00-DX1,1,0.94795215,1
tumour/TCGA-CA-6718-01Z-00-DX1_13312_6144.jpg,TCGA-CA-6718,TCGA-CA-6718-01Z-00-DX1,1,0.9979475,1
tumour/TCGA-CA-6718-01Z-00-DX1_13312_6656.jpg,TCGA-CA-6718,TCGA-CA-6718-01Z-00-DX1,1,0.9888493,1
tumour/TCGA-CA-6718-01Z-00-DX1_13312_8192.jpg,TCGA-CA-6718,TCGA-CA-6718-01Z-00-DX1,1,0.9948861,1
tumour/TCGA-CA-6718-01Z-00-DX1_13312_9728.jpg,TCGA-CA-6718,TCGA-CA-6718-01Z-00-DX1,1,0.9905065,1
tumour/TCGA-CA-6718-01Z-00-DX1_13824_10240.jpg,TCGA-CA-6718,TCGA-CA-6718-01Z-00-DX1,1,0.9959978,1
tumour/TCGA-CA-6718-01Z-00-DX1_13824_11264.jpg,TCGA-CA-6718,TCGA-CA-6718-01Z-00-DX1,1,0.9737781,1
tumour/TCGA-CA-6718-01Z-00-DX1_13824_12288.jpg,TCGA-CA-6718,TCGA-CA-6718-01Z-00-DX1,1,0.96320873,1
tumour/TCGA-CA-6718-01Z-00-DX1_13824_12800.jpg,TCGA-CA-6718,TCGA-CA-6718-01Z-00-DX1,1,0.8351518,1
tumour/TCGA-CA-6718-01Z-00-DX1_13824_14336.jpg,TCGA-CA-6718,TCGA-CA-6718-01Z-00-DX1,1,0.92027104,1
tumour/TCGA-CA-6718-01Z-00-DX1_13824_14848.jpg,TCGA-CA-6718,TCGA-CA-6718-01Z-00-DX1,1,0.99862576,1
tumour/TCGA-CA-6718-01Z-00-DX1_13824_15872.jpg,TCGA-CA-6718,TCGA-CA-6718-01Z-00-DX1,1,0.56958663,1
tumour/TCGA-CA-6718-01Z-00-DX1_13824_18432.jpg,TCGA-CA-6718,TCGA-CA-6718-01Z-00-DX1,1,0.6918828,1
tumour/TCGA-CA-6718-01Z-00-DX1_13824_19456.jpg,TCGA-CA-6718,TCGA-CA-6718-01Z-00-DX1,1,0.90611404,1
tumour/TCGA-CA-6718-01Z-00-DX1_13824_21504.jpg,TCGA-CA-6718,TCGA-CA-6718-01Z-00-DX1,1,0.23632348,0
tumour/TCGA-CA-6718-01Z-00-DX1_13824_22016.jpg,TCGA-CA-6718,TCGA-CA-6718-01Z-00-DX1,1,0.5326783,1
tumour/TCGA-CA-6718-01Z-00-DX1_13824_22528.jpg,TCGA-CA-6718,TCGA-CA-6718-01Z-00-DX1,1,0.059906296,0
tumour/TCGA-CA-6718-01Z-00-DX1_13824_23552.jpg,TCGA-CA-6718,TCGA-CA-6718-01Z-00-DX1,1,0.537478,1
tumour/TCGA-CA-6718-01Z-00-DX1_13824_24064.jpg,TCGA-CA-6718,TCGA-CA-6718-01Z-00-DX1,1,0.60492903,1
tumour/TCGA-CA-6718-01Z-00-DX1_13824_25600.jpg,TCGA-CA-6718,TCGA-CA-6718-01Z-00-DX1,1,0.9498924,1
tumour/TCGA-CA-6718-01Z-00-DX1_13824_26112.jpg,TCGA-CA-6718,TCGA-CA-6718-01Z-00-DX1,1,0.940659,1
tumour/TCGA-CA-6718-01Z-00-DX1_13824_26624.jpg,TCGA-CA-6718,TCGA-CA-6718-01Z-00-DX1,1,0.6705198,1
tumour/TCGA-CA-6718-01Z-00-DX1_13824_27136.jpg,TCGA-CA-6718,TCGA-CA-6718-01Z-00-DX1,1,0.93804175,1
tumour/TCGA-CA-6718-01Z-00-DX1_13824_30208.jpg,TCGA-CA-6718,TCGA-CA-6718-01Z-00-DX1,1,0.80461013,1
tumour/TCGA-CA-6718-01Z-00-DX1_13824_30720.jpg,TCGA-CA-6718,TCGA-CA-6718-01Z-00-DX1,1,0.8998564,1
tumour/TCGA-CA-6718-01Z-00-DX1_13824_31232.jpg,TCGA-CA-6718,TCGA-CA-6718-01Z-00-DX1,1,0.95127195,1
tumour/TCGA-CA-6718-01Z-00-DX1_13824_32256.jpg,TCGA-CA-6718,TCGA-CA-6718-01Z-00-DX1,1,0.9664541,1
tumour/TCGA-CA-6718-01Z-00-DX1_13824_6656.jpg,TCGA-CA-6718,TCGA-CA-6718-01Z-00-DX1,1,0.95718724,1
tumour/TCGA-CA-6718-01Z-00-DX1_13824_7168.jpg,TCGA-CA-6718,TCGA-CA-6718-01Z-00-DX1,1,0.96160907,1
tumour/TCGA-CA-6718-01Z-00-DX1_13824_8192.jpg,TCGA-CA-6718,TCGA-CA-6718-01Z-00-DX1,1,0.9752068,1
tumour/TCGA-CA-6718-01Z-00-DX1_13824_8704.jpg,TCGA-CA-6718,TCGA-CA-6718-01Z-00-DX1,1,0.9709708,1
tumour/TCGA-CA-6718-01Z-00-DX1_14336_11776.jpg,TCGA-CA-6718,TCGA-CA-6718-01Z-00-DX1,1,0.874964,1
tumour/TCGA-CA-6718-01Z-00-DX1_14336_13312.jpg,TCGA-CA-6718,TCGA-CA-6718-01Z-00-DX1,1,0.99526274,1
tumour/TCGA-CA-6718-01Z-00-DX1_14336_13824.jpg,TCGA-CA-6718,TCGA-CA-6718-01Z-00-DX1,1,0.9880213,1
tumour/TCGA-CA-6718-01Z-00-DX1_14336_14336.jpg,TCGA-CA-6718,TCGA-CA-6718-01Z-00-DX1,1,0.99582267,1
tumour/TCGA-CA-6718-01Z-00-DX1_14336_14848.jpg,TCGA-CA-6718,TCGA-CA-6718-01Z-00-DX1,1,0.9789114,1
tumour/TCGA-CA-6718-01Z-00-DX1_14336_15872.jpg,TCGA-CA-6718,TCGA-CA-6718-01Z-00-DX1,1,0.7557935,1
tumour/TCGA-CA-6718-01Z-00-DX1_14336_16384.jpg,TCGA-CA-6718,TCGA-CA-6718-01Z-00-DX1,1,0.9071636,1
tumour/TCGA-CA-6718-01Z-00-DX1_14336_16896.jpg,TCGA-CA-6718,TCGA-CA-6718-01Z-00-DX1,1,0.356875,0
tumour/TCGA-CA-6718-01Z-00-DX1_14336_17408.jpg,TCGA-CA-6718,TCGA-CA-6718-01Z-00-DX1,1,0.83563,1
tumour/TCGA-CA-6718-01Z-00-DX1_14336_17920.jpg,TCGA-CA-6718,TCGA-CA-6718-01Z-00-DX1,1,0.7785436,1
tumour/TCGA-CA-6718-01Z-00-DX1_14336_18432.jpg,TCGA-CA-6718,TCGA-CA-6718-01Z-00-DX1,1,0.8935676,1
tumour/TCGA-CA-6718-01Z-00-DX1_14336_20480.jpg,TCGA-CA-6718,TCGA-CA-6718-01Z-00-DX1,1,0.7763105,1
tumour/TCGA-CA-6718-01Z-00-DX1_14336_21504.jpg,TCGA-CA-6718,TCGA-CA-6718-01Z-00-DX1,1,0.22503006,0
tumour/TCGA-CA-6718-01Z-00-DX1_14336_22528.jpg,TCGA-CA-6718,TCGA-CA-6718-01Z-00-DX1,1,0.36698008,0
tumour/TCGA-CA-6718-01Z-00-DX1_14336_23040.jpg,TCGA-CA-6718,TCGA-CA-6718-01Z-00-DX1,1,0.3325533,0
tumour/TCGA-CA-6718-01Z-00-DX1_14336_23552.jpg,TCGA-CA-6718,TCGA-CA-6718-01Z-00-DX1,1,0.547528,1
tumour/TCGA-CA-6718-01Z-00-DX1_14336_24064.jpg,TCGA-CA-6718,TCGA-CA-6718-01Z-00-DX1,1,0.9099482,1
tumour/TCGA-CA-6718-01Z-00-DX1_14336_25600.jpg,TCGA-CA-6718,TCGA-CA-6718-01Z-00-DX1,1,0.95511764,1
tumour/TCGA-CA-6718-01Z-00-DX1_14336_26112.jpg,TCGA-CA-6718,TCGA-CA-6718-01Z-00-DX1,1,0.7163465,1
tumour/TCGA-CA-6718-01Z-00-DX1_14336_27136.jpg,TCGA-CA-6718,TCGA-CA-6718-01Z-00-DX1,1,0.7836872,1
tumour/TCGA-CA-6718-01Z-00-DX1_14336_29696.jpg,TCGA-CA-6718,TCGA-CA-6718-01Z-00-DX1,1,0.929382,1
tumour/TCGA-CA-6718-01Z-00-DX1_14336_30208.jpg,TCGA-CA-6718,TCGA-CA-6718-01Z-00-DX1,1,0.9648448,1
tumour/TCGA-CA-6718-01Z-00-DX1_14336_30720.jpg,TCGA-CA-6718,TCGA-CA-6718-01Z-00-DX1,1,0.979397,1
tumour/TCGA-CA-6718-01Z-00-DX1_14336_5632.jpg,TCGA-CA-6718,TCGA-CA-6718-01Z-00-DX1,1,0.9918829,1
tumour/TCGA-CA-6718-01Z-00-DX1_14336_6144.jpg,TCGA-CA-6718,TCGA-CA-6718-01Z-00-DX1,1,0.9836308,1
tumour/TCGA-CA-6718-01Z-00-DX1_14336_7168.jpg,TCGA-CA-6718,TCGA-CA-6718-01Z-00-DX1,1,0.9884333,1
tumour/TCGA-CA-6718-01Z-00-DX1_14336_8704.jpg,TCGA-CA-6718,TCGA-CA-6718-01Z-00-DX1,1,0.9836985,1
tumour/TCGA-CA-6718-01Z-00-DX1_14336_9728.jpg,TCGA-CA-6718,TCGA-CA-6718-01Z-00-DX1,1,0.9940527,1
tumour/TCGA-CA-6718-01Z-00-DX1_14848_11264.jpg,TCGA-CA-6718,TCGA-CA-6718-01Z-00-DX1,1,0.95328003,1
tumour/TCGA-CA-6718-01Z-00-DX1_14848_12288.jpg,TCGA-CA-6718,TCGA-CA-6718-01Z-00-DX1,1,0.966659,1
tumour/TCGA-CA-6718-01Z-00-DX1_14848_15872.jpg,TCGA-CA-6718,TCGA-CA-6718-01Z-00-DX1,1,0.9657006,1
tumour/TCGA-CA-6718-01Z-00-DX1_14848_16896.jpg,TCGA-CA-6718,TCGA-CA-6718-01Z-00-DX1,1,0.8593715,1
tumour/TCGA-CA-6718-01Z-00-DX1_14848_17408.jpg,TCGA-CA-6718,TCGA-CA-6718-01Z-00-DX1,1,0.8650506,1
tumour/TCGA-CA-6718-01Z-00-DX1_14848_19456.jpg,TCGA-CA-6718,TCGA-CA-6718-01Z-00-DX1,1,0.6667627,1
tumour/TCGA-CA-6718-01Z-00-DX1_14848_20992.jpg,TCGA-CA-6718,TCGA-CA-6718-01Z-00-DX1,1,0.32435527,0
tumour/TCGA-CA-6718-01Z-00-DX1_14848_22528.jpg,TCGA-CA-6718,TCGA-CA-6718-01Z-00-DX1,1,0.25983348,0
tumour/TCGA-CA-6718-01Z-00-DX1_14848_24064.jpg,TCGA-CA-6718,TCGA-CA-6718-01Z-00-DX1,1,0.9614301,1
tumour/TCGA-CA-6718-01Z-00-DX1_14848_24576.jpg,TCGA-CA-6718,TCGA-CA-6718-01Z-00-DX1,1,0.49437335,0
tumour/TCGA-CA-6718-01Z-00-DX1_14848_5120.jpg,TCGA-CA-6718,TCGA-CA-6718-01Z-00-DX1,1,0.94602895,1
tumour/TCGA-CA-6718-01Z-00-DX1_14848_5632.jpg,TCGA-CA-6718,TCGA-CA-6718-01Z-00-DX1,1,0.9840004,1
tumour/TCGA-CA-6718-01Z-00-DX1_14848_6144.jpg,TCGA-CA-6718,TCGA-CA-6718-01Z-00-DX1,1,0.9739984,1
tumour/TCGA-CA-6718-01Z-00-DX1_14848_8192.jpg,TCGA-CA-6718,TCGA-CA-6718-01Z-00-DX1,1,0.99426645,1
tumour/TCGA-CA-6718-01Z-00-DX1_14848_8704.jpg,TCGA-CA-6718,TCGA-CA-6718-01Z-00-DX1,1,0.9744869,1
tumour/TCGA-CA-6718-01Z-00-DX1_14848_9216.jpg,TCGA-CA-6718,TCGA-CA-6718-01Z-00-DX1,1,0.98705894,1
tumour/TCGA-CA-6718-01Z-00-DX1_14848_9728.jpg,TCGA-CA-6718,TCGA-CA-6718-01Z-00-DX1,1,0.9070766,1
tumour/TCGA-CA-6718-01Z-00-DX1_15360_11264.jpg,TCGA-CA-6718,TCGA-CA-6718-01Z-00-DX1,1,0.9862389,1
tumour/TCGA-CA-6718-01Z-00-DX1_15360_12288.jpg,TCGA-CA-6718,TCGA-CA-6718-01Z-00-DX1,1,0.9644591,1
tumour/TCGA-CA-6718-01Z-00-DX1_15360_13312.jpg,TCGA-CA-6718,TCGA-CA-6718-01Z-00-DX1,1,0.9534638,1
tumour/TCGA-CA-6718-01Z-00-DX1_15360_14336.jpg,TCGA-CA-6718,TCGA-CA-6718-01Z-00-DX1,1,0.99085414,1
tumour/TCGA-CA-6718-01Z-00-DX1_15360_14848.jpg,TCGA-CA-6718,TCGA-CA-6718-01Z-00-DX1,1,0.9988495,1
tumour/TCGA-CA-6718-01Z-00-DX1_15360_15360.jpg,TCGA-CA-6718,TCGA-CA-6718-01Z-00-DX1,1,0.8848491,1
tumour/TCGA-CA-6718-01Z-00-DX1_15360_19968.jpg,TCGA-CA-6718,TCGA-CA-6718-01Z-00-DX1,1,0.4622499,0
tumour/TCGA-CA-6718-01Z-00-DX1_15360_20992.jpg,TCGA-CA-6718,TCGA-CA-6718-01Z-00-DX1,1,0.27968192,0
tumour/TCGA-CA-6718-01Z-00-DX1_15360_21504.jpg,TCGA-CA-6718,TCGA-CA-6718-01Z-00-DX1,1,0.30236953,0
tumour/TCGA-CA-6718-01Z-00-DX1_15360_22528.jpg,TCGA-CA-6718,TCGA-CA-6718-01Z-00-DX1,1,0.2596575,0
tumour/TCGA-CA-6718-01Z-00-DX1_15360_23552.jpg,TCGA-CA-6718,TCGA-CA-6718-01Z-00-DX1,1,0.4357107,0
tumour/TCGA-CA-6718-01Z-00-DX1_15360_24576.jpg,TCGA-CA-6718,TCGA-CA-6718-01Z-00-DX1,1,0.7109009,1
tumour/TCGA-CA-6718-01Z-00-DX1_15360_6144.jpg,TCGA-CA-6718,TCGA-CA-6718-01Z-00-DX1,1,0.9563413,1
tumour/TCGA-CA-6718-01Z-00-DX1_15360_7168.jpg,TCGA-CA-6718,TCGA-CA-6718-01Z-00-DX1,1,0.980437,1
tumour/TCGA-CA-6718-01Z-00-DX1_15360_8192.jpg,TCGA-CA-6718,TCGA-CA-6718-01Z-00-DX1,1,0.9778105,1
tumour/TCGA-CA-6718-01Z-00-DX1_15360_8704.jpg,TCGA-CA-6718,TCGA-CA-6718-01Z-00-DX1,1,0.8916906,1
tumour/TCGA-CA-6718-01Z-00-DX1_15872_10752.jpg,TCGA-CA-6718,TCGA-CA-6718-01Z-00-DX1,1,0.97263485,1
tumour/TCGA-CA-6718-01Z-00-DX1_15872_11776.jpg,TCGA-CA-6718,TCGA-CA-6718-01Z-00-DX1,1,0.99524117,1
tumour/TCGA-CA-6718-01Z-00-DX1_15872_12800.jpg,TCGA-CA-6718,TCGA-CA-6718-01Z-00-DX1,1,0.84259063,1
tumour/TCGA-CA-6718-01Z-00-DX1_15872_13824.jpg,TCGA-CA-6718,TCGA-CA-6718-01Z-00-DX1,1,0.5688978,1
tumour/TCGA-CA-6718-01Z-00-DX1_15872_14336.jpg,TCGA-CA-6718,TCGA-CA-6718-01Z-00-DX1,1,0.54640365,1
tumour/TCGA-CA-6718-01Z-00-DX1_15872_14848.jpg,TCGA-CA-6718,TCGA-CA-6718-01Z-00-DX1,1,0.9019481,1
tumour/TCGA-CA-6718-01Z-00-DX1_15872_15360.jpg,TCGA-CA-6718,TCGA-CA-6718-01Z-00-DX1,1,0.98552066,1
tumour/TCGA-CA-6718-01Z-00-DX1_15872_16384.jpg,TCGA-CA-6718,TCGA-CA-6718-01Z-00-DX1,1,0.9019122,1
tumour/TCGA-CA-6718-01Z-00-DX1_15872_16896.jpg,TCGA-CA-6718,TCGA-CA-6718-01Z-00-DX1,1,0.6067301,1
tumour/TCGA-CA-6718-01Z-00-DX1_15872_17408.jpg,TCGA-CA-6718,TCGA-CA-6718-01Z-00-DX1,1,0.72885185,1
tumour/TCGA-CA-6718-01Z-00-DX1_15872_20480.jpg,TCGA-CA-6718,TCGA-CA-6718-01Z-00-DX1,1,0.84657925,1
tumour/TCGA-CA-6718-01Z-00-DX1_15872_20992.jpg,TCGA-CA-6718,TCGA-CA-6718-01Z-00-DX1,1,0.08629233,0
tumour/TCGA-CA-6718-01Z-00-DX1_15872_21504.jpg,TCGA-CA-6718,TCGA-CA-6718-01Z-00-DX1,1,0.10180909,0
tumour/TCGA-CA-6718-01Z-00-DX1_15872_22016.jpg,TCGA-CA-6718,TCGA-CA-6718-01Z-00-DX1,1,0.004051503,0
tumour/TCGA-CA-6718-01Z-00-DX1_15872_22528.jpg,TCGA-CA-6718,TCGA-CA-6718-01Z-00-DX1,1,0.21829443,0
tumour/TCGA-CA-6718-01Z-00-DX1_15872_24064.jpg,TCGA-CA-6718,TCGA-CA-6718-01Z-00-DX1,1,0.8210793,1
tumour/TCGA-CA-6718-01Z-00-DX1_16384_11264.jpg,TCGA-CA-6718,TCGA-CA-6718-01Z-00-DX1,1,0.71065277,1
tumour/TCGA-CA-6718-01Z-00-DX1_16384_11776.jpg,TCGA-CA-6718,TCGA-CA-6718-01Z-00-DX1,1,0.98895824,1
tumour/TCGA-CA-6718-01Z-00-DX1_16384_14336.jpg,TCGA-CA-6718,TCGA-CA-6718-01Z-00-DX1,1,0.71564573,1
tumour/TCGA-CA-6718-01Z-00-DX1_16384_14848.jpg,TCGA-CA-6718,TCGA-CA-6718-01Z-00-DX1,1,0.96353835,1
tumour/TCGA-CA-6718-01Z-00-DX1_16384_16896.jpg,TCGA-CA-6718,TCGA-CA-6718-01Z-00-DX1,1,0.91378814,1
tumour/TCGA-CA-6718-01Z-00-DX1_16384_17408.jpg,TCGA-CA-6718,TCGA-CA-6718-01Z-00-DX1,1,0.7880561,1
tumour/TCGA-CA-6718-01Z-00-DX1_16384_17920.jpg,TCGA-CA-6718,TCGA-CA-6718-01Z-00-DX1,1,0.32210308,0
tumour/TCGA-CA-6718-01Z-00-DX1_16384_18432.jpg,TCGA-CA-6718,TCGA-CA-6718-01Z-00-DX1,1,0.8006847,1
tumour/TCGA-CA-6718-01Z-00-DX1_16384_18944.jpg,TCGA-CA-6718,TCGA-CA-6718-01Z-00-DX1,1,0.6544673,1
tumour/TCGA-CA-6718-01Z-00-DX1_16384_21504.jpg,TCGA-CA-6718,TCGA-CA-6718-01Z-00-DX1,1,0.36851186,0
tumour/TCGA-CA-6718-01Z-00-DX1_16384_22016.jpg,TCGA-CA-6718,TCGA-CA-6718-01Z-00-DX1,1,0.6930543,1
tumour/TCGA-CA-6718-01Z-00-DX1_16384_22528.jpg,TCGA-CA-6718,TCGA-CA-6718-01Z-00-DX1,1,0.6393185,1
tumour/TCGA-CA-6718-01Z-00-DX1_16384_23040.jpg,TCGA-CA-6718,TCGA-CA-6718-01Z-00-DX1,1,0.40814757,0
tumour/TCGA-CA-6718-01Z-00-DX1_16384_23552.jpg,TCGA-CA-6718,TCGA-CA-6718-01Z-00-DX1,1,0.46456957,0
tumour/TCGA-CA-6718-01Z-00-DX1_16384_26112.jpg,TCGA-CA-6718,TCGA-CA-6718-01Z-00-DX1,1,0.009910464,0
tumour/TCGA-CA-6718-01Z-00-DX1_16384_6144.jpg,TCGA-CA-6718,TCGA-CA-6718-01Z-00-DX1,1,0.9813927,1
tumour/TCGA-CA-6718-01Z-00-DX1_16384_7168.jpg,TCGA-CA-6718,TCGA-CA-6718-01Z-00-DX1,1,0.93025213,1
tumour/TCGA-CA-6718-01Z-00-DX1_16384_7680.jpg,TCGA-CA-6718,TCGA-CA-6718-01Z-00-DX1,1,0.9940916,1
tumour/TCGA-CA-6718-01Z-00-DX1_16896_13312.jpg,TCGA-CA-6718,TCGA-CA-6718-01Z-00-DX1,1,0.9943046,1
tumour/TCGA-CA-6718-01Z-00-DX1_16896_13824.jpg,TCGA-CA-6718,TCGA-CA-6718-01Z-00-DX1,1,0.92689127,1
tumour/TCGA-CA-6718-01Z-00-DX1_16896_14336.jpg,TCGA-CA-6718,TCGA-CA-6718-01Z-00-DX1,1,0.8919328,1
tumour/TCGA-CA-6718-01Z-00-DX1_16896_15872.jpg,TCGA-CA-6718,TCGA-CA-6718-01Z-00-DX1,1,0.64014626,1
tumour/TCGA-CA-6718-01Z-00-DX1_16896_16384.jpg,TCGA-CA-6718,TCGA-CA-6718-01Z-00-DX1,1,0.48162323,0
tumour/TCGA-CA-6718-01Z-00-DX1_16896_20480.jpg,TCGA-CA-6718,TCGA-CA-6718-01Z-00-DX1,1,0.76269805,1
tumour/TCGA-CA-6718-01Z-00-DX1_16896_22016.jpg,TCGA-CA-6718,TCGA-CA-6718-01Z-00-DX1,1,0.772324,1
tumour/TCGA-CA-6718-01Z-00-DX1_16896_24064.jpg,TCGA-CA-6718,TCGA-CA-6718-01Z-00-DX1,1,0.9726501,1
tumour/TCGA-CA-6718-01Z-00-DX1_16896_25600.jpg,TCGA-CA-6718,TCGA-CA-6718-01Z-00-DX1,1,0.26433107,0
tumour/TCGA-CA-6718-01Z-00-DX1_16896_26112.jpg,TCGA-CA-6718,TCGA-CA-6718-01Z-00-DX1,1,0.07383385,0
tumour/TCGA-CA-6718-01Z-00-DX1_16896_7680.jpg,TCGA-CA-6718,TCGA-CA-6718-01Z-00-DX1,1,0.973096,1
tumour/TCGA-CA-6718-01Z-00-DX1_16896_8192.jpg,TCGA-CA-6718,TCGA-CA-6718-01Z-00-DX1,1,0.98050094,1
tumour/TCGA-CA-6718-01Z-00-DX1_17408_13312.jpg,TCGA-CA-6718,TCGA-CA-6718-01Z-00-DX1,1,0.9884116,1
tumour/TCGA-CA-6718-01Z-00-DX1_17408_13824.jpg,TCGA-CA-6718,TCGA-CA-6718-01Z-00-DX1,1,0.9601819,1
tumour/TCGA-CA-6718-01Z-00-DX1_17408_14848.jpg,TCGA-CA-6718,TCGA-CA-6718-01Z-00-DX1,1,0.8354144,1
tumour/TCGA-CA-6718-01Z-00-DX1_17408_15872.jpg,TCGA-CA-6718,TCGA-CA-6718-01Z-00-DX1,1,0.5077818,1
tumour/TCGA-CA-6718-01Z-00-DX1_17408_18944.jpg,TCGA-CA-6718,TCGA-CA-6718-01Z-00-DX1,1,0.48219076,0
tumour/TCGA-CA-6718-01Z-00-DX1_17408_19968.jpg,TCGA-CA-6718,TCGA-CA-6718-01Z-00-DX1,1,0.2892437,0
tumour/TCGA-CA-6718-01Z-00-DX1_17408_20480.jpg,TCGA-CA-6718,TCGA-CA-6718-01Z-00-DX1,1,0.97065,1
tumour/TCGA-CA-6718-01Z-00-DX1_17408_20992.jpg,TCGA-CA-6718,TCGA-CA-6718-01Z-00-DX1,1,0.8960856,1
tumour/TCGA-CA-6718-01Z-00-DX1_17408_22016.jpg,TCGA-CA-6718,TCGA-CA-6718-01Z-00-DX1,1,0.7714617,1
tumour/TCGA-CA-6718-01Z-00-DX1_17408_23552.jpg,TCGA-CA-6718,TCGA-CA-6718-01Z-00-DX1,1,0.59282744,1
tumour/TCGA-CA-6718-01Z-00-DX1_17408_25088.jpg,TCGA-CA-6718,TCGA-CA-6718-01Z-00-DX1,1,0.52550405,1
tumour/TCGA-CA-6718-01Z-00-DX1_17408_26112.jpg,TCGA-CA-6718,TCGA-CA-6718-01Z-00-DX1,1,0.61421543,1
tumour/TCGA-CA-6718-01Z-00-DX1_17408_7168.jpg,TCGA-CA-6718,TCGA-CA-6718-01Z-00-DX1,1,0.9949949,1
tumour/TCGA-CA-6718-01Z-00-DX1_17408_8704.jpg,TCGA-CA-6718,TCGA-CA-6718-01Z-00-DX1,1,0.9889359,1
tumour/TCGA-CA-6718-01Z-00-DX1_17920_13824.jpg,TCGA-CA-6718,TCGA-CA-6718-01Z-00-DX1,1,0.94632095,1
tumour/TCGA-CA-6718-01Z-00-DX1_17920_15360.jpg,TCGA-CA-6718,TCGA-CA-6718-01Z-00-DX1,1,0.8774296,1
tumour/TCGA-CA-6718-01Z-00-DX1_17920_16384.jpg,TCGA-CA-6718,TCGA-CA-6718-01Z-00-DX1,1,0.8419022,1
tumour/TCGA-CA-6718-01Z-00-DX1_17920_16896.jpg,TCGA-CA-6718,TCGA-CA-6718-01Z-00-DX1,1,0.8517185,1
tumour/TCGA-CA-6718-01Z-00-DX1_17920_17920.jpg,TCGA-CA-6718,TCGA-CA-6718-01Z-00-DX1,1,0.91716146,1
tumour/TCGA-CA-6718-01Z-00-DX1_17920_18432.jpg,TCGA-CA-6718,TCGA-CA-6718-01Z-00-DX1,1,0.47767842,0
tumour/TCGA-CA-6718-01Z-00-DX1_17920_20992.jpg,TCGA-CA-6718,TCGA-CA-6718-01Z-00-DX1,1,0.7383014,1
tumour/TCGA-CA-6718-01Z-00-DX1_17920_21504.jpg,TCGA-CA-6718,TCGA-CA-6718-01Z-00-DX1,1,0.13541993,0
tumour/TCGA-CA-6718-01Z-00-DX1_17920_22016.jpg,TCGA-CA-6718,TCGA-CA-6718-01Z-00-DX1,1,0.27411732,0
tumour/TCGA-CA-6718-01Z-00-DX1_17920_22528.jpg,TCGA-CA-6718,TCGA-CA-6718-01Z-00-DX1,1,0.9491351,1
tumour/TCGA-CA-6718-01Z-00-DX1_17920_23040.jpg,TCGA-CA-6718,TCGA-CA-6718-01Z-00-DX1,1,0.359883,0
tumour/TCGA-CA-6718-01Z-00-DX1_17920_23552.jpg,TCGA-CA-6718,TCGA-CA-6718-01Z-00-DX1,1,0.65302896,1
tumour/TCGA-CA-6718-01Z-00-DX1_17920_5632.jpg,TCGA-CA-6718,TCGA-CA-6718-01Z-00-DX1,1,0.979166,1
tumour/TCGA-CA-6718-01Z-00-DX1_17920_6144.jpg,TCGA-CA-6718,TCGA-CA-6718-01Z-00-DX1,1,0.9816316,1
tumour/TCGA-CA-6718-01Z-00-DX1_17920_6656.jpg,TCGA-CA-6718,TCGA-CA-6718-01Z-00-DX1,1,0.98532224,1
tumour/TCGA-CA-6718-01Z-00-DX1_17920_7680.jpg,TCGA-CA-6718,TCGA-CA-6718-01Z-00-DX1,1,0.98777175,1
tumour/TCGA-CA-6718-01Z-00-DX1_17920_8192.jpg,TCGA-CA-6718,TCGA-CA-6718-01Z-00-DX1,1,0.32978722,0
tumour/TCGA-CA-6718-01Z-00-DX1_17920_8704.jpg,TCGA-CA-6718,TCGA-CA-6718-01Z-00-DX1,1,0.9351673,1
tumour/TCGA-CA-6718-01Z-00-DX1_18432_13824.jpg,TCGA-CA-6718,TCGA-CA-6718-01Z-00-DX1,1,0.5641813,1
tumour/TCGA-CA-6718-01Z-00-DX1_18432_14336.jpg,TCGA-CA-6718,TCGA-CA-6718-01Z-00-DX1,1,0.9356752,1
tumour/TCGA-CA-6718-01Z-00-DX1_18432_17920.jpg,TCGA-CA-6718,TCGA-CA-6718-01Z-00-DX1,1,0.34980407,0
tumour/TCGA-CA-6718-01Z-00-DX1_18432_18944.jpg,TCGA-CA-6718,TCGA-CA-6718-01Z-00-DX1,1,0.89666206,1
tumour/TCGA-CA-6718-01Z-00-DX1_18432_20480.jpg,TCGA-CA-6718,TCGA-CA-6718-01Z-00-DX1,1,0.7097,1
tumour/TCGA-CA-6718-01Z-00-DX1_18432_21504.jpg,TCGA-CA-6718,TCGA-CA-6718-01Z-00-DX1,1,0.90413636,1
tumour/TCGA-CA-6718-01Z-00-DX1_18432_22528.jpg,TCGA-CA-6718,TCGA-CA-6718-01Z-00-DX1,1,0.46122706,0
tumour/TCGA-CA-6718-01Z-00-DX1_18432_5632.jpg,TCGA-CA-6718,TCGA-CA-6718-01Z-00-DX1,1,0.9013267,1
tumour/TCGA-CA-6718-01Z-00-DX1_18432_6144.jpg,TCGA-CA-6718,TCGA-CA-6718-01Z-00-DX1,1,0.9967847,1
tumour/TCGA-CA-6718-01Z-00-DX1_18432_6656.jpg,TCGA-CA-6718,TCGA-CA-6718-01Z-00-DX1,1,0.9329926,1
tumour/TCGA-CA-6718-01Z-00-DX1_18432_7168.jpg,TCGA-CA-6718,TCGA-CA-6718-01Z-00-DX1,1,0.99534154,1
tumour/TCGA-CA-6718-01Z-00-DX1_18432_7680.jpg,TCGA-CA-6718,TCGA-CA-6718-01Z-00-DX1,1,0.97943443,1
tumour/TCGA-CA-6718-01Z-00-DX1_18944_14336.jpg,TCGA-CA-6718,TCGA-CA-6718-01Z-00-DX1,1,0.8808671,1
tumour/TCGA-CA-6718-01Z-00-DX1_18944_14848.jpg,TCGA-CA-6718,TCGA-CA-6718-01Z-00-DX1,1,0.9771081,1
tumour/TCGA-CA-6718-01Z-00-DX1_18944_15360.jpg,TCGA-CA-6718,TCGA-CA-6718-01Z-00-DX1,1,0.9570959,1
tumour/TCGA-CA-6718-01Z-00-DX1_18944_16384.jpg,TCGA-CA-6718,TCGA-CA-6718-01Z-00-DX1,1,0.85577697,1
tumour/TCGA-CA-6718-01Z-00-DX1_18944_16896.jpg,TCGA-CA-6718,TCGA-CA-6718-01Z-00-DX1,1,0.97614074,1
tumour/TCGA-CA-6718-01Z-00-DX1_18944_17920.jpg,TCGA-CA-6718,TCGA-CA-6718-01Z-00-DX1,1,0.64593726,1
tumour/TCGA-CA-6718-01Z-00-DX1_18944_18432.jpg,TCGA-CA-6718,TCGA-CA-6718-01Z-00-DX1,1,0.8678975,1
tumour/TCGA-CA-6718-01Z-00-DX1_18944_18944.jpg,TCGA-CA-6718,TCGA-CA-6718-01Z-00-DX1,1,0.9845227,1
tumour/TCGA-CA-6718-01Z-00-DX1_18944_19968.jpg,TCGA-CA-6718,TCGA-CA-6718-01Z-00-DX1,1,0.39561972,0
tumour/TCGA-CA-6718-01Z-00-DX1_18944_4608.jpg,TCGA-CA-6718,TCGA-CA-6718-01Z-00-DX1,1,0.71134156,1
tumour/TCGA-CA-6718-01Z-00-DX1_18944_8192.jpg,TCGA-CA-6718,TCGA-CA-6718-01Z-00-DX1,1,0.9015647,1
tumour/TCGA-CA-6718-01Z-00-DX1_18944_8704.jpg,TCGA-CA-6718,TCGA-CA-6718-01Z-00-DX1,1,0.9465789,1
tumour/TCGA-CA-6718-01Z-00-DX1_19456_14848.jpg,TCGA-CA-6718,TCGA-CA-6718-01Z-00-DX1,1,0.83042943,1
tumour/TCGA-CA-6718-01Z-00-DX1_19456_16384.jpg,TCGA-CA-6718,TCGA-CA-6718-01Z-00-DX1,1,0.9766757,1
tumour/TCGA-CA-6718-01Z-00-DX1_19456_16896.jpg,TCGA-CA-6718,TCGA-CA-6718-01Z-00-DX1,1,0.9600541,1
tumour/TCGA-CA-6718-01Z-00-DX1_19456_17920.jpg,TCGA-CA-6718,TCGA-CA-6718-01Z-00-DX1,1,0.97616005,1
tumour/TCGA-CA-6718-01Z-00-DX1_19456_18432.jpg,TCGA-CA-6718,TCGA-CA-6718-01Z-00-DX1,1,0.74058974,1
tumour/TCGA-CA-6718-01Z-00-DX1_19456_20992.jpg,TCGA-CA-6718,TCGA-CA-6718-01Z-00-DX1,1,0.78170717,1
tumour/TCGA-CA-6718-01Z-00-DX1_19456_21504.jpg,TCGA-CA-6718,TCGA-CA-6718-01Z-00-DX1,1,0.13482507,0
tumour/TCGA-CA-6718-01Z-00-DX1_19456_22016.jpg,TCGA-CA-6718,TCGA-CA-6718-01Z-00-DX1,1,0.8214093,1
tumour/TCGA-CA-6718-01Z-00-DX1_19456_6144.jpg,TCGA-CA-6718,TCGA-CA-6718-01Z-00-DX1,1,0.95918685,1
tumour/TCGA-CA-6718-01Z-00-DX1_19456_7168.jpg,TCGA-CA-6718,TCGA-CA-6718-01Z-00-DX1,1,0.96986693,1
tumour/TCGA-CA-6718-01Z-00-DX1_19456_7680.jpg,TCGA-CA-6718,TCGA-CA-6718-01Z-00-DX1,1,0.9619287,1
tumour/TCGA-CA-6718-01Z-00-DX1_19456_8192.jpg,TCGA-CA-6718,TCGA-CA-6718-01Z-00-DX1,1,0.8362391,1
tumour/TCGA-CA-6718-01Z-00-DX1_19456_8704.jpg,TCGA-CA-6718,TCGA-CA-6718-01Z-00-DX1,1,0.83705086,1
tumour/TCGA-CA-6718-01Z-00-DX1_19968_15360.jpg,TCGA-CA-6718,TCGA-CA-6718-01Z-00-DX1,1,0.4744953,0
tumour/TCGA-CA-6718-01Z-00-DX1_19968_15872.jpg,TCGA-CA-6718,TCGA-CA-6718-01Z-00-DX1,1,0.9856763,1
tumour/TCGA-CA-6718-01Z-00-DX1_19968_16384.jpg,TCGA-CA-6718,TCGA-CA-6718-01Z-00-DX1,1,0.9443602,1
tumour/TCGA-CA-6718-01Z-00-DX1_19968_16896.jpg,TCGA-CA-6718,TCGA-CA-6718-01Z-00-DX1,1,0.9908037,1
tumour/TCGA-CA-6718-01Z-00-DX1_19968_17408.jpg,TCGA-CA-6718,TCGA-CA-6718-01Z-00-DX1,1,0.99473864,1
tumour/TCGA-CA-6718-01Z-00-DX1_19968_18432.jpg,TCGA-CA-6718,TCGA-CA-6718-01Z-00-DX1,1,0.9416926,1
tumour/TCGA-CA-6718-01Z-00-DX1_19968_20480.jpg,TCGA-CA-6718,TCGA-CA-6718-01Z-00-DX1,1,0.55175525,1
tumour/TCGA-CA-6718-01Z-00-DX1_19968_21504.jpg,TCGA-CA-6718,TCGA-CA-6718-01Z-00-DX1,1,0.970053,1
tumour/TCGA-CA-6718-01Z-00-DX1_19968_6144.jpg,TCGA-CA-6718,TCGA-CA-6718-01Z-00-DX1,1,0.9721087,1
tumour/TCGA-CA-6718-01Z-00-DX1_19968_6656.jpg,TCGA-CA-6718,TCGA-CA-6718-01Z-00-DX1,1,0.9117898,1
tumour/TCGA-CA-6718-01Z-00-DX1_19968_7680.jpg,TCGA-CA-6718,TCGA-CA-6718-01Z-00-DX1,1,0.9897154,1
tumour/TCGA-CA-6718-01Z-00-DX1_19968_8704.jpg,TCGA-CA-6718,TCGA-CA-6718-01Z-00-DX1,1,0.89111906,1
tumour/TCGA-CA-6718-01Z-00-DX1_20480_16896.jpg,TCGA-CA-6718,TCGA-CA-6718-01Z-00-DX1,1,0.99062634,1
tumour/TCGA-CA-6718-01Z-00-DX1_20480_20480.jpg,TCGA-CA-6718,TCGA-CA-6718-01Z-00-DX1,1,0.83390373,1
tumour/TCGA-CA-6718-01Z-00-DX1_20480_6144.jpg,TCGA-CA-6718,TCGA-CA-6718-01Z-00-DX1,1,0.9607964,1
tumour/TCGA-CA-6718-01Z-00-DX1_20480_7168.jpg,TCGA-CA-6718,TCGA-CA-6718-01Z-00-DX1,1,0.97337645,1
tumour/TCGA-CA-6718-01Z-00-DX1_20480_8704.jpg,TCGA-CA-6718,TCGA-CA-6718-01Z-00-DX1,1,0.86472875,1
tumour/TCGA-CA-6718-01Z-00-DX1_20992_17920.jpg,TCGA-CA-6718,TCGA-CA-6718-01Z-00-DX1,1,0.9898751,1
tumour/TCGA-CA-6718-01Z-00-DX1_20992_18432.jpg,TCGA-CA-6718,TCGA-CA-6718-01Z-00-DX1,1,0.8114948,1
tumour/TCGA-CA-6718-01Z-00-DX1_20992_18944.jpg,TCGA-CA-6718,TCGA-CA-6718-01Z-00-DX1,1,0.96738005,1
tumour/TCGA-CA-6718-01Z-00-DX1_20992_6656.jpg,TCGA-CA-6718,TCGA-CA-6718-01Z-00-DX1,1,0.9260362,1
tumour/TCGA-CA-6718-01Z-00-DX1_20992_7168.jpg,TCGA-CA-6718,TCGA-CA-6718-01Z-00-DX1,1,0.78065467,1
tumour/TCGA-CA-6718-01Z-00-DX1_20992_8704.jpg,TCGA-CA-6718,TCGA-CA-6718-01Z-00-DX1,1,0.9947278,1
tumour/TCGA-CA-6718-01Z-00-DX1_20992_9216.jpg,TCGA-CA-6718,TCGA-CA-6718-01Z-00-DX1,1,0.9782461,1
tumour/TCGA-CA-6718-01Z-00-DX1_21504_20480.jpg,TCGA-CA-6718,TCGA-CA-6718-01Z-00-DX1,1,0.9593752,1
tumour/TCGA-CA-6718-01Z-00-DX1_21504_9216.jpg,TCGA-CA-6718,TCGA-CA-6718-01Z-00-DX1,1,0.9805502,1
tumour/TCGA-CA-6718-01Z-00-DX1_22016_18432.jpg,TCGA-CA-6718,TCGA-CA-6718-01Z-00-DX1,1,0.6109658,1
tumour/TCGA-CA-6718-01Z-00-DX1_22016_19456.jpg,TCGA-CA-6718,TCGA-CA-6718-01Z-00-DX1,1,0.94396436,1
tumour/TCGA-CA-6718-01Z-00-DX1_22016_6656.jpg,TCGA-CA-6718,TCGA-CA-6718-01Z-00-DX1,1,0.9365255,1
tumour/TCGA-CA-6718-01Z-00-DX1_22016_8192.jpg,TCGA-CA-6718,TCGA-CA-6718-01Z-00-DX1,1,0.99675614,1
tumour/TCGA-CA-6718-01Z-00-DX1_22528_18432.jpg,TCGA-CA-6718,TCGA-CA-6718-01Z-00-DX1,1,0.9895018,1
tumour/TCGA-CA-6718-01Z-00-DX1_22528_19456.jpg,TCGA-CA-6718,TCGA-CA-6718-01Z-00-DX1,1,0.8661124,1
tumour/TCGA-CA-6718-01Z-00-DX1_22528_6656.jpg,TCGA-CA-6718,TCGA-CA-6718-01Z-00-DX1,1,0.7553961,1
tumour/TCGA-CA-6718-01Z-00-DX1_22528_8192.jpg,TCGA-CA-6718,TCGA-CA-6718-01Z-00-DX1,1,0.9956612,1
tumour/TCGA-CA-6718-01Z-00-DX1_22528_8704.jpg,TCGA-CA-6718,TCGA-CA-6718-01Z-00-DX1,1,0.99254066,1
tumour/TCGA-CA-6718-01Z-00-DX1_22528_9728.jpg,TCGA-CA-6718,TCGA-CA-6718-01Z-00-DX1,1,0.70544523,1
tumour/TCGA-CA-6718-01Z-00-DX1_23040_19456.jpg,TCGA-CA-6718,TCGA-CA-6718-01Z-00-DX1,1,0.690774,1
tumour/TCGA-CA-6718-01Z-00-DX1_23040_7168.jpg,TCGA-CA-6718,TCGA-CA-6718-01Z-00-DX1,1,0.9706425,1
tumour/TCGA-CA-6718-01Z-00-DX1_23040_7680.jpg,TCGA-CA-6718,TCGA-CA-6718-01Z-00-DX1,1,0.76156175,1
tumour/TCGA-CA-6718-01Z-00-DX1_23040_8192.jpg,TCGA-CA-6718,TCGA-CA-6718-01Z-00-DX1,1,0.64630723,1
tumour/TCGA-CA-6718-01Z-00-DX1_23040_8704.jpg,TCGA-CA-6718,TCGA-CA-6718-01Z-00-DX1,1,0.9765379,1
tumour/TCGA-CA-6718-01Z-00-DX1_23040_9728.jpg,TCGA-CA-6718,TCGA-CA-6718-01Z-00-DX1,1,0.9386386,1
tumour/TCGA-CA-6718-01Z-00-DX1_23552_7168.jpg,TCGA-CA-6718,TCGA-CA-6718-01Z-00-DX1,1,0.69782084,1
tumour/TCGA-CA-6718-01Z-00-DX1_23552_8704.jpg,TCGA-CA-6718,TCGA-CA-6718-01Z-00-DX1,1,0.9708826,1
tumour/TCGA-CA-6718-01Z-00-DX1_23552_9216.jpg,TCGA-CA-6718,TCGA-CA-6718-01Z-00-DX1,1,0.8776862,1
tumour/TCGA-CA-6718-01Z-00-DX1_24064_7168.jpg,TCGA-CA-6718,TCGA-CA-6718-01Z-00-DX1,1,0.86558914,1
tumour/TCGA-CA-6718-01Z-00-DX1_24064_8192.jpg,TCGA-CA-6718,TCGA-CA-6718-01Z-00-DX1,1,0.7822522,1
tumour/TCGA-CA-6718-01Z-00-DX1_3072_17408.jpg,TCGA-CA-6718,TCGA-CA-6718-01Z-00-DX1,1,0.12490551,0
tumour/TCGA-CA-6718-01Z-00-DX1_3072_18944.jpg,TCGA-CA-6718,TCGA-CA-6718-01Z-00-DX1,1,0.3453538,0
tumour/TCGA-CA-6718-01Z-00-DX1_3072_19456.jpg,TCGA-CA-6718,TCGA-CA-6718-01Z-00-DX1,1,0.6145989,1
tumour/TCGA-CA-6718-01Z-00-DX1_3072_19968.jpg,TCGA-CA-6718,TCGA-CA-6718-01Z-00-DX1,1,0.9335125,1
tumour/TCGA-CA-6718-01Z-00-DX1_3584_17408.jpg,TCGA-CA-6718,TCGA-CA-6718-01Z-00-DX1,1,0.09275641,0
tumour/TCGA-CA-6718-01Z-00-DX1_3584_17920.jpg,TCGA-CA-6718,TCGA-CA-6718-01Z-00-DX1,1,0.73182124,1
tumour/TCGA-CA-6718-01Z-00-DX1_3584_18432.jpg,TCGA-CA-6718,TCGA-CA-6718-01Z-00-DX1,1,0.109836645,0
tumour/TCGA-CA-6718-01Z-00-DX1_3584_18944.jpg,TCGA-CA-6718,TCGA-CA-6718-01Z-00-DX1,1,0.3527669,0
tumour/TCGA-CA-6718-01Z-00-DX1_4096_18944.jpg,TCGA-CA-6718,TCGA-CA-6718-01Z-00-DX1,1,0.68748355,1
tumour/TCGA-CA-6718-01Z-00-DX1_4096_19456.jpg,TCGA-CA-6718,TCGA-CA-6718-01Z-00-DX1,1,0.6261005,1
tumour/TCGA-CA-6718-01Z-00-DX1_4096_19968.jpg,TCGA-CA-6718,TCGA-CA-6718-01Z-00-DX1,1,0.86036396,1
tumour/TCGA-CA-6718-01Z-00-DX1_4608_17408.jpg,TCGA-CA-6718,TCGA-CA-6718-01Z-00-DX1,1,0.24834676,0
tumour/TCGA-CA-6718-01Z-00-DX1_4608_17920.jpg,TCGA-CA-6718,TCGA-CA-6718-01Z-00-DX1,1,0.71190166,1
tumour/TCGA-CA-6718-01Z-00-DX1_4608_19968.jpg,TCGA-CA-6718,TCGA-CA-6718-01Z-00-DX1,1,0.6633452,1
tumour/TCGA-CA-6718-01Z-00-DX1_5120_17408.jpg,TCGA-CA-6718,TCGA-CA-6718-01Z-00-DX1,1,0.006378924,0
tumour/TCGA-CA-6718-01Z-00-DX1_5120_17920.jpg,TCGA-CA-6718,TCGA-CA-6718-01Z-00-DX1,1,0.3538651,0
tumour/TCGA-CA-6718-01Z-00-DX1_5120_18944.jpg,TCGA-CA-6718,TCGA-CA-6718-01Z-00-DX1,1,0.66068417,1
tumour/TCGA-CA-6718-01Z-00-DX1_5120_19968.jpg,TCGA-CA-6718,TCGA-CA-6718-01Z-00-DX1,1,0.22230744,0
tumour/TCGA-CA-6718-01Z-00-DX1_5120_22016.jpg,TCGA-CA-6718,TCGA-CA-6718-01Z-00-DX1,1,0.5985136,1
tumour/TCGA-CA-6718-01Z-00-DX1_5120_23552.jpg,TCGA-CA-6718,TCGA-CA-6718-01Z-00-DX1,1,0.71243566,1
tumour/TCGA-CA-6718-01Z-00-DX1_5632_22016.jpg,TCGA-CA-6718,TCGA-CA-6718-01Z-00-DX1,1,0.49700278,0
tumour/TCGA-CA-6718-01Z-00-DX1_5632_22528.jpg,TCGA-CA-6718,TCGA-CA-6718-01Z-00-DX1,1,0.27366838,0
tumour/TCGA-CA-6718-01Z-00-DX1_5632_23040.jpg,TCGA-CA-6718,TCGA-CA-6718-01Z-00-DX1,1,0.90728503,1
tumour/TCGA-CA-6718-01Z-00-DX1_5632_24064.jpg,TCGA-CA-6718,TCGA-CA-6718-01Z-00-DX1,1,0.89644825,1
tumour/TCGA-CA-6718-01Z-00-DX1_6144_22016.jpg,TCGA-CA-6718,TCGA-CA-6718-01Z-00-DX1,1,0.4811535,0
tumour/TCGA-CA-6718-01Z-00-DX1_6144_23040.jpg,TCGA-CA-6718,TCGA-CA-6718-01Z-00-DX1,1,0.87606895,1
tumour/TCGA-CA-6718-01Z-00-DX1_6144_24064.jpg,TCGA-CA-6718,TCGA-CA-6718-01Z-00-DX1,1,0.83019835,1
tumour/TCGA-CA-6718-01Z-00-DX1_6656_19456.jpg,TCGA-CA-6718,TCGA-CA-6718-01Z-00-DX1,1,0.46160728,0
tumour/TCGA-CA-6718-01Z-00-DX1_6656_21504.jpg,TCGA-CA-6718,TCGA-CA-6718-01Z-00-DX1,1,0.5807888,1
tumour/TCGA-CA-6718-01Z-00-DX1_6656_22528.jpg,TCGA-CA-6718,TCGA-CA-6718-01Z-00-DX1,1,0.82218564,1
tumour/TCGA-CA-6718-01Z-00-DX1_6656_24064.jpg,TCGA-CA-6718,TCGA-CA-6718-01Z-00-DX1,1,0.65416765,1
tumour/TCGA-CA-6718-01Z-00-DX1_7168_15360.jpg,TCGA-CA-6718,TCGA-CA-6718-01Z-00-DX1,1,0.052380737,0
tumour/TCGA-CA-6718-01Z-00-DX1_7168_16896.jpg,TCGA-CA-6718,TCGA-CA-6718-01Z-00-DX1,1,0.956576,1
tumour/TCGA-CA-6718-01Z-00-DX1_7168_18432.jpg,TCGA-CA-6718,TCGA-CA-6718-01Z-00-DX1,1,0.033526093,0
tumour/TCGA-CA-6718-01Z-00-DX1_7168_20992.jpg,TCGA-CA-6718,TCGA-CA-6718-01Z-00-DX1,1,0.17087047,0
tumour/TCGA-CA-6718-01Z-00-DX1_7168_21504.jpg,TCGA-CA-6718,TCGA-CA-6718-01Z-00-DX1,1,0.67569923,1
tumour/TCGA-CA-6718-01Z-00-DX1_7680_14336.jpg,TCGA-CA-6718,TCGA-CA-6718-01Z-00-DX1,1,0.92527544,1
tumour/TCGA-CA-6718-01Z-00-DX1_7680_15360.jpg,TCGA-CA-6718,TCGA-CA-6718-01Z-00-DX1,1,0.9124583,1
tumour/TCGA-CA-6718-01Z-00-DX1_7680_16384.jpg,TCGA-CA-6718,TCGA-CA-6718-01Z-00-DX1,1,0.7231527,1
tumour/TCGA-CA-6718-01Z-00-DX1_7680_17408.jpg,TCGA-CA-6718,TCGA-CA-6718-01Z-00-DX1,1,0.9919001,1
tumour/TCGA-CA-6718-01Z-00-DX1_7680_19968.jpg,TCGA-CA-6718,TCGA-CA-6718-01Z-00-DX1,1,0.12935238,0
tumour/TCGA-CA-6718-01Z-00-DX1_7680_20480.jpg,TCGA-CA-6718,TCGA-CA-6718-01Z-00-DX1,1,0.20834073,0
tumour/TCGA-CA-6718-01Z-00-DX1_7680_20992.jpg,TCGA-CA-6718,TCGA-CA-6718-01Z-00-DX1,1,0.35951856,0
tumour/TCGA-CA-6718-01Z-00-DX1_7680_21504.jpg,TCGA-CA-6718,TCGA-CA-6718-01Z-00-DX1,1,0.6086465,1
tumour/TCGA-CA-6718-01Z-00-DX1_7680_22016.jpg,TCGA-CA-6718,TCGA-CA-6718-01Z-00-DX1,1,0.37325242,0
tumour/TCGA-CA-6718-01Z-00-DX1_7680_23552.jpg,TCGA-CA-6718,TCGA-CA-6718-01Z-00-DX1,1,0.1322379,0
tumour/TCGA-CA-6718-01Z-00-DX1_7680_25600.jpg,TCGA-CA-6718,TCGA-CA-6718-01Z-00-DX1,1,0.989876,1
tumour/TCGA-CA-6718-01Z-00-DX1_8192_14336.jpg,TCGA-CA-6718,TCGA-CA-6718-01Z-00-DX1,1,0.96419144,1
tumour/TCGA-CA-6718-01Z-00-DX1_8192_14848.jpg,TCGA-CA-6718,TCGA-CA-6718-01Z-00-DX1,1,0.82700396,1
tumour/TCGA-CA-6718-01Z-00-DX1_8192_15360.jpg,TCGA-CA-6718,TCGA-CA-6718-01Z-00-DX1,1,0.90323955,1
tumour/TCGA-CA-6718-01Z-00-DX1_8192_16896.jpg,TCGA-CA-6718,TCGA-CA-6718-01Z-00-DX1,1,0.15942332,0
tumour/TCGA-CA-6718-01Z-00-DX1_8192_17408.jpg,TCGA-CA-6718,TCGA-CA-6718-01Z-00-DX1,1,0.018681793,0
tumour/TCGA-CA-6718-01Z-00-DX1_8192_18944.jpg,TCGA-CA-6718,TCGA-CA-6718-01Z-00-DX1,1,0.29702833,0
tumour/TCGA-CA-6718-01Z-00-DX1_8192_19968.jpg,TCGA-CA-6718,TCGA-CA-6718-01Z-00-DX1,1,0.21275836,0
tumour/TCGA-CA-6718-01Z-00-DX1_8192_22528.jpg,TCGA-CA-6718,TCGA-CA-6718-01Z-00-DX1,1,0.22172591,0
tumour/TCGA-CA-6718-01Z-00-DX1_8192_26112.jpg,TCGA-CA-6718,TCGA-CA-6718-01Z-00-DX1,1,0.79171056,1
tumour/TCGA-CA-6718-01Z-00-DX1_8704_10240.jpg,TCGA-CA-6718,TCGA-CA-6718-01Z-00-DX1,1,0.99176383,1
tumour/TCGA-CA-6718-01Z-00-DX1_8704_13312.jpg,TCGA-CA-6718,TCGA-CA-6718-01Z-00-DX1,1,0.9644525,1
tumour/TCGA-CA-6718-01Z-00-DX1_8704_13824.jpg,TCGA-CA-6718,TCGA-CA-6718-01Z-00-DX1,1,0.43686092,0
tumour/TCGA-CA-6718-01Z-00-DX1_8704_14848.jpg,TCGA-CA-6718,TCGA-CA-6718-01Z-00-DX1,1,0.05429149,0
tumour/TCGA-CA-6718-01Z-00-DX1_8704_20480.jpg,TCGA-CA-6718,TCGA-CA-6718-01Z-00-DX1,1,0.14648485,0
tumour/TCGA-CA-6718-01Z-00-DX1_8704_21504.jpg,TCGA-CA-6718,TCGA-CA-6718-01Z-00-DX1,1,0.90256435,1
tumour/TCGA-CA-6718-01Z-00-DX1_8704_23040.jpg,TCGA-CA-6718,TCGA-CA-6718-01Z-00-DX1,1,0.9229131,1
tumour/TCGA-CA-6718-01Z-00-DX1_8704_23552.jpg,TCGA-CA-6718,TCGA-CA-6718-01Z-00-DX1,1,0.93772954,1
tumour/TCGA-CA-6718-01Z-00-DX1_8704_25600.jpg,TCGA-CA-6718,TCGA-CA-6718-01Z-00-DX1,1,0.98435915,1
tumour/TCGA-CA-6718-01Z-00-DX1_9216_10240.jpg,TCGA-CA-6718,TCGA-CA-6718-01Z-00-DX1,1,0.9131476,1
tumour/TCGA-CA-6718-01Z-00-DX1_9216_11264.jpg,TCGA-CA-6718,TCGA-CA-6718-01Z-00-DX1,1,0.9933808,1
tumour/TCGA-CA-6718-01Z-00-DX1_9216_11776.jpg,TCGA-CA-6718,TCGA-CA-6718-01Z-00-DX1,1,0.62913376,1
tumour/TCGA-CA-6718-01Z-00-DX1_9216_14336.jpg,TCGA-CA-6718,TCGA-CA-6718-01Z-00-DX1,1,0.0051994408,0
tumour/TCGA-CA-6718-01Z-00-DX1_9216_15872.jpg,TCGA-CA-6718,TCGA-CA-6718-01Z-00-DX1,1,0.9854785,1
tumour/TCGA-CA-6718-01Z-00-DX1_9216_16896.jpg,TCGA-CA-6718,TCGA-CA-6718-01Z-00-DX1,1,0.5955156,1
tumour/TCGA-CA-6718-01Z-00-DX1_9216_17408.jpg,TCGA-CA-6718,TCGA-CA-6718-01Z-00-DX1,1,0.9635619,1
tumour/TCGA-CA-6718-01Z-00-DX1_9216_18432.jpg,TCGA-CA-6718,TCGA-CA-6718-01Z-00-DX1,1,0.19932294,0
tumour/TCGA-CA-6718-01Z-00-DX1_9216_20480.jpg,TCGA-CA-6718,TCGA-CA-6718-01Z-00-DX1,1,0.12173777,0
tumour/TCGA-CA-6718-01Z-00-DX1_9216_21504.jpg,TCGA-CA-6718,TCGA-CA-6718-01Z-00-DX1,1,0.47487566,0
tumour/TCGA-CA-6718-01Z-00-DX1_9216_22528.jpg,TCGA-CA-6718,TCGA-CA-6718-01Z-00-DX1,1,0.83308256,1
tumour/TCGA-CA-6718-01Z-00-DX1_9216_24064.jpg,TCGA-CA-6718,TCGA-CA-6718-01Z-00-DX1,1,0.28424263,0
tumour/TCGA-CA-6718-01Z-00-DX1_9216_33792.jpg,TCGA-CA-6718,TCGA-CA-6718-01Z-00-DX1,1,0.9489222,1
tumour/TCGA-CA-6718-01Z-00-DX1_9216_8704.jpg,TCGA-CA-6718,TCGA-CA-6718-01Z-00-DX1,1,0.7739346,1
tumour/TCGA-CA-6718-01Z-00-DX1_9216_9216.jpg,TCGA-CA-6718,TCGA-CA-6718-01Z-00-DX1,1,0.9242988,1
tumour/TCGA-CA-6718-01Z-00-DX1_9216_9728.jpg,TCGA-CA-6718,TCGA-CA-6718-01Z-00-DX1,1,0.9271498,1
tumour/TCGA-CA-6718-01Z-00-DX1_9728_11776.jpg,TCGA-CA-6718,TCGA-CA-6718-01Z-00-DX1,1,0.8804365,1
tumour/TCGA-CA-6718-01Z-00-DX1_9728_12800.jpg,TCGA-CA-6718,TCGA-CA-6718-01Z-00-DX1,1,0.96587366,1
tumour/TCGA-CA-6718-01Z-00-DX1_9728_13312.jpg,TCGA-CA-6718,TCGA-CA-6718-01Z-00-DX1,1,0.9835607,1
tumour/TCGA-CA-6718-01Z-00-DX1_9728_14848.jpg,TCGA-CA-6718,TCGA-CA-6718-01Z-00-DX1,1,0.41030353,0
tumour/TCGA-CA-6718-01Z-00-DX1_9728_16896.jpg,TCGA-CA-6718,TCGA-CA-6718-01Z-00-DX1,1,0.11848504,0
tumour/TCGA-CA-6718-01Z-00-DX1_9728_18432.jpg,TCGA-CA-6718,TCGA-CA-6718-01Z-00-DX1,1,0.74113595,1
tumour/TCGA-CA-6718-01Z-00-DX1_9728_20480.jpg,TCGA-CA-6718,TCGA-CA-6718-01Z-00-DX1,1,0.22338802,0
tumour/TCGA-CA-6718-01Z-00-DX1_9728_20992.jpg,TCGA-CA-6718,TCGA-CA-6718-01Z-00-DX1,1,0.8486515,1
tumour/TCGA-CA-6718-01Z-00-DX1_9728_22016.jpg,TCGA-CA-6718,TCGA-CA-6718-01Z-00-DX1,1,0.90818167,1
tumour/TCGA-CA-6718-01Z-00-DX1_9728_22528.jpg,TCGA-CA-6718,TCGA-CA-6718-01Z-00-DX1,1,0.983275,1
tumour/TCGA-CA-6718-01Z-00-DX1_9728_24064.jpg,TCGA-CA-6718,TCGA-CA-6718-01Z-00-DX1,1,0.9524157,1
tumour/TCGA-CA-6718-01Z-00-DX1_9728_25088.jpg,TCGA-CA-6718,TCGA-CA-6718-01Z-00-DX1,1,0.620708,1
tumour/TCGA-CA-6718-01Z-00-DX1_9728_33280.jpg,TCGA-CA-6718,TCGA-CA-6718-01Z-00-DX1,1,0.4647273,0
tumour/TCGA-CA-6718-01Z-00-DX1_9728_8192.jpg,TCGA-CA-6718,TCGA-CA-6718-01Z-00-DX1,1,0.8551372,1
tumour/TCGA-CA-6718-01Z-00-DX1_9728_8704.jpg,TCGA-CA-6718,TCGA-CA-6718-01Z-00-DX1,1,0.055842157,0
tumour/TCGA-CA-6718-01Z-00-DX1_9728_9216.jpg,TCGA-CA-6718,TCGA-CA-6718-01Z-00-DX1,1,0.25466332,0
tumour/TCGA-NH-A5IV-01Z-00-DX1_10240_5120.jpg,TCGA-NH-A5IV,TCGA-NH-A5IV-01Z-00-DX1,1,0.9999994,1
tumour/TCGA-NH-A5IV-01Z-00-DX1_10240_5632.jpg,TCGA-NH-A5IV,TCGA-NH-A5IV-01Z-00-DX1,1,0.9999964,1
tumour/TCGA-NH-A5IV-01Z-00-DX1_10240_6144.jpg,TCGA-NH-A5IV,TCGA-NH-A5IV-01Z-00-DX1,1,0.99996924,1
tumour/TCGA-NH-A5IV-01Z-00-DX1_10240_6656.jpg,TCGA-NH-A5IV,TCGA-NH-A5IV-01Z-00-DX1,1,0.99956137,1
tumour/TCGA-NH-A5IV-01Z-00-DX1_10752_5632.jpg,TCGA-NH-A5IV,TCGA-NH-A5IV-01Z-00-DX1,1,0.99875927,1
tumour/TCGA-NH-A5IV-01Z-00-DX1_10752_6656.jpg,TCGA-NH-A5IV,TCGA-NH-A5IV-01Z-00-DX1,1,0.99998736,1
tumour/TCGA-NH-A5IV-01Z-00-DX1_11264_5120.jpg,TCGA-NH-A5IV,TCGA-NH-A5IV-01Z-00-DX1,1,0.9999958,1
tumour/TCGA-NH-A5IV-01Z-00-DX1_11264_5632.jpg,TCGA-NH-A5IV,TCGA-NH-A5IV-01Z-00-DX1,1,0.9995957,1
tumour/TCGA-NH-A5IV-01Z-00-DX1_11776_6144.jpg,TCGA-NH-A5IV,TCGA-NH-A5IV-01Z-00-DX1,1,0.99999154,1
tumour/TCGA-NH-A5IV-01Z-00-DX1_12288_5632.jpg,TCGA-NH-A5IV,TCGA-NH-A5IV-01Z-00-DX1,1,0.99998844,1
tumour/TCGA-NH-A5IV-01Z-00-DX1_12288_6144.jpg,TCGA-NH-A5IV,TCGA-NH-A5IV-01Z-00-DX1,1,0.99999404,1
tumour/TCGA-NH-A5IV-01Z-00-DX1_12288_6656.jpg,TCGA-NH-A5IV,TCGA-NH-A5IV-01Z-00-DX1,1,0.99999726,1
tumour/TCGA-NH-A5IV-01Z-00-DX1_12288_7168.jpg,TCGA-NH-A5IV,TCGA-NH-A5IV-01Z-00-DX1,1,0.9995734,1
tumour/TCGA-NH-A5IV-01Z-00-DX1_12800_5632.jpg,TCGA-NH-A5IV,TCGA-NH-A5IV-01Z-00-DX1,1,0.999752,1
tumour/TCGA-NH-A5IV-01Z-00-DX1_12800_6656.jpg,TCGA-NH-A5IV,TCGA-NH-A5IV-01Z-00-DX1,1,0.9999944,1
tumour/TCGA-NH-A5IV-01Z-00-DX1_13824_9728.jpg,TCGA-NH-A5IV,TCGA-NH-A5IV-01Z-00-DX1,1,0.9996971,1
tumour/TCGA-NH-A5IV-01Z-00-DX1_14336_8704.jpg,TCGA-NH-A5IV,TCGA-NH-A5IV-01Z-00-DX1,1,0.9975744,1
tumour/TCGA-NH-A5IV-01Z-00-DX1_14336_9728.jpg,TCGA-NH-A5IV,TCGA-NH-A5IV-01Z-00-DX1,1,0.99831426,1
tumour/TCGA-NH-A5IV-01Z-00-DX1_14848_8192.jpg,TCGA-NH-A5IV,TCGA-NH-A5IV-01Z-00-DX1,1,0.99960524,1
tumour/TCGA-NH-A5IV-01Z-00-DX1_14848_8704.jpg,TCGA-NH-A5IV,TCGA-NH-A5IV-01Z-00-DX1,1,0.9998621,1
tumour/TCGA-NH-A5IV-01Z-00-DX1_15360_26112.jpg,TCGA-NH-A5IV,TCGA-NH-A5IV-01Z-00-DX1,1,0.998938,1
tumour/TCGA-NH-A5IV-01Z-00-DX1_15360_26624.jpg,TCGA-NH-A5IV,TCGA-NH-A5IV-01Z-00-DX1,1,0.9998596,1
tumour/TCGA-NH-A5IV-01Z-00-DX1_15360_27136.jpg,TCGA-NH-A5IV,TCGA-NH-A5IV-01Z-00-DX1,1,0.99993885,1
tumour/TCGA-NH-A5IV-01Z-00-DX1_15360_27648.jpg,TCGA-NH-A5IV,TCGA-NH-A5IV-01Z-00-DX1,1,0.9995938,1
tumour/TCGA-NH-A5IV-01Z-00-DX1_15360_7168.jpg,TCGA-NH-A5IV,TCGA-NH-A5IV-01Z-00-DX1,1,0.99699223,1
tumour/TCGA-NH-A5IV-01Z-00-DX1_15872_20480.jpg,TCGA-NH-A5IV,TCGA-NH-A5IV-01Z-00-DX1,1,0.9954515,1
tumour/TCGA-NH-A5IV-01Z-00-DX1_15872_20992.jpg,TCGA-NH-A5IV,TCGA-NH-A5IV-01Z-00-DX1,1,0.99927455,1
tumour/TCGA-NH-A5IV-01Z-00-DX1_15872_24064.jpg,TCGA-NH-A5IV,TCGA-NH-A5IV-01Z-00-DX1,1,0.9997589,1
tumour/TCGA-NH-A5IV-01Z-00-DX1_15872_25600.jpg,TCGA-NH-A5IV,TCGA-NH-A5IV-01Z-00-DX1,1,0.99449414,1
tumour/TCGA-NH-A5IV-01Z-00-DX1_15872_27136.jpg,TCGA-NH-A5IV,TCGA-NH-A5IV-01Z-00-DX1,1,0.99999833,1
tumour/TCGA-NH-A5IV-01Z-00-DX1_15872_27648.jpg,TCGA-NH-A5IV,TCGA-NH-A5IV-01Z-00-DX1,1,0.999997,1
tumour/TCGA-NH-A5IV-01Z-00-DX1_15872_6656.jpg,TCGA-NH-A5IV,TCGA-NH-A5IV-01Z-00-DX1,1,0.99989355,1
tumour/TCGA-NH-A5IV-01Z-00-DX1_15872_7680.jpg,TCGA-NH-A5IV,TCGA-NH-A5IV-01Z-00-DX1,1,0.9997336,1
tumour/TCGA-NH-A5IV-01Z-00-DX1_15872_8192.jpg,TCGA-NH-A5IV,TCGA-NH-A5IV-01Z-00-DX1,1,0.9998666,1
tumour/TCGA-NH-A5IV-01Z-00-DX1_16384_20480.jpg,TCGA-NH-A5IV,TCGA-NH-A5IV-01Z-00-DX1,1,0.99992335,1
tumour/TCGA-NH-A5IV-01Z-00-DX1_16384_21504.jpg,TCGA-NH-A5IV,TCGA-NH-A5IV-01Z-00-DX1,1,0.99865365,1
tumour/TCGA-NH-A5IV-01Z-00-DX1_16384_22016.jpg,TCGA-NH-A5IV,TCGA-NH-A5IV-01Z-00-DX1,1,0.9999738,1
tumour/TCGA-NH-A5IV-01Z-00-DX1_16384_22528.jpg,TCGA-NH-A5IV,TCGA-NH-A5IV-01Z-00-DX1,1,0.9992643,1
tumour/TCGA-NH-A5IV-01Z-00-DX1_16384_23552.jpg,TCGA-NH-A5IV,TCGA-NH-A5IV-01Z-00-DX1,1,0.99998987,1
tumour/TCGA-NH-A5IV-01Z-00-DX1_16384_24064.jpg,TCGA-NH-A5IV,TCGA-NH-A5IV-01Z-00-DX1,1,0.999871,1
tumour/TCGA-NH-A5IV-01Z-00-DX1_16384_24576.jpg,TCGA-NH-A5IV,TCGA-NH-A5IV-01Z-00-DX1,1,0.99853563,1
tumour/TCGA-NH-A5IV-01Z-00-DX1_16384_25600.jpg,TCGA-NH-A5IV,TCGA-NH-A5IV-01Z-00-DX1,1,0.9999839,1
tumour/TCGA-NH-A5IV-01Z-00-DX1_16384_26112.jpg,TCGA-NH-A5IV,TCGA-NH-A5IV-01Z-00-DX1,1,0.9999951,1
tumour/TCGA-NH-A5IV-01Z-00-DX1_16384_26624.jpg,TCGA-NH-A5IV,TCGA-NH-A5IV-01Z-00-DX1,1,0.9974171,1
tumour/TCGA-NH-A5IV-01Z-00-DX1_16384_27648.jpg,TCGA-NH-A5IV,TCGA-NH-A5IV-01Z-00-DX1,1,0.99998057,1
tumour/TCGA-NH-A5IV-01Z-00-DX1_16384_28160.jpg,TCGA-NH-A5IV,TCGA-NH-A5IV-01Z-00-DX1,1,0.99975044,1
tumour/TCGA-NH-A5IV-01Z-00-DX1_16384_28672.jpg,TCGA-NH-A5IV,TCGA-NH-A5IV-01Z-00-DX1,1,0.99996996,1
tumour/TCGA-NH-A5IV-01Z-00-DX1_16384_4096.jpg,TCGA-NH-A5IV,TCGA-NH-A5IV-01Z-00-DX1,1,0.99987864,1
tumour/TCGA-NH-A5IV-01Z-00-DX1_16384_5632.jpg,TCGA-NH-A5IV,TCGA-NH-A5IV-01Z-00-DX1,1,0.99807394,1
tumour/TCGA-NH-A5IV-01Z-00-DX1_16384_6144.jpg,TCGA-NH-A5IV,TCGA-NH-A5IV-01Z-00-DX1,1,0.9998204,1
tumour/TCGA-NH-A5IV-01Z-00-DX1_16384_6656.jpg,TCGA-NH-A5IV,TCGA-NH-A5IV-01Z-00-DX1,1,0.99886096,1
tumour/TCGA-NH-A5IV-01Z-00-DX1_16384_7168.jpg,TCGA-NH-A5IV,TCGA-NH-A5IV-01Z-00-DX1,1,0.999936,1
tumour/TCGA-NH-A5IV-01Z-00-DX1_16384_8192.jpg,TCGA-NH-A5IV,TCGA-NH-A5IV-01Z-00-DX1,1,0.9999145,1
tumour/TCGA-NH-A5IV-01Z-00-DX1_16384_8704.jpg,TCGA-NH-A5IV,TCGA-NH-A5IV-01Z-00-DX1,1,0.99986684,1
tumour/TCGA-NH-A5IV-01Z-00-DX1_16384_9216.jpg,TCGA-NH-A5IV,TCGA-NH-A5IV-01Z-00-DX1,1,0.999186,1
tumour/TCGA-NH-A5IV-01Z-00-DX1_16896_20480.jpg,TCGA-NH-A5IV,TCGA-NH-A5IV-01Z-00-DX1,1,0.99995995,1
tumour/TCGA-NH-A5IV-01Z-00-DX1_16896_22528.jpg,TCGA-NH-A5IV,TCGA-NH-A5IV-01Z-00-DX1,1,0.99986386,1
tumour/TCGA-NH-A5IV-01Z-00-DX1_16896_23040.jpg,TCGA-NH-A5IV,TCGA-NH-A5IV-01Z-00-DX1,1,0.99990153,1
tumour/TCGA-NH-A5IV-01Z-00-DX1_16896_23552.jpg,TCGA-NH-A5IV,TCGA-NH-A5IV-01Z-00-DX1,1,0.9999857,1
tumour/TCGA-NH-A5IV-01Z-00-DX1_16896_25088.jpg,TCGA-NH-A5IV,TCGA-NH-A5IV-01Z-00-DX1,1,0.9999516,1
tumour/TCGA-NH-A5IV-01Z-00-DX1_16896_26112.jpg,TCGA-NH-A5IV,TCGA-NH-A5IV-01Z-00-DX1,1,0.999358,1
tumour/TCGA-NH-A5IV-01Z-00-DX1_16896_26624.jpg,TCGA-NH-A5IV,TCGA-NH-A5IV-01Z-00-DX1,1,0.99991846,1
tumour/TCGA-NH-A5IV-01Z-00-DX1_16896_27136.jpg,TCGA-NH-A5IV,TCGA-NH-A5IV-01Z-00-DX1,1,0.9998241,1
tumour/TCGA-NH-A5IV-01Z-00-DX1_16896_4096.jpg,TCGA-NH-A5IV,TCGA-NH-A5IV-01Z-00-DX1,1,0.9998776,1
tumour/TCGA-NH-A5IV-01Z-00-DX1_16896_5120.jpg,TCGA-NH-A5IV,TCGA-NH-A5IV-01Z-00-DX1,1,0.99990296,1
tumour/TCGA-NH-A5IV-01Z-00-DX1_16896_6144.jpg,TCGA-NH-A5IV,TCGA-NH-A5IV-01Z-00-DX1,1,0.9998124,1
tumour/TCGA-NH-A5IV-01Z-00-DX1_16896_7168.jpg,TCGA-NH-A5IV,TCGA-NH-A5IV-01Z-00-DX1,1,0.99997604,1
tumour/TCGA-NH-A5IV-01Z-00-DX1_16896_9216.jpg,TCGA-NH-A5IV,TCGA-NH-A5IV-01Z-00-DX1,1,0.9998772,1
tumour/TCGA-NH-A5IV-01Z-00-DX1_17408_11264.jpg,TCGA-NH-A5IV,TCGA-NH-A5IV-01Z-00-DX1,1,0.9997882,1
tumour/TCGA-NH-A5IV-01Z-00-DX1_17408_11776.jpg,TCGA-NH-A5IV,TCGA-NH-A5IV-01Z-00-DX1,1,0.99440175,1
tumour/TCGA-NH-A5IV-01Z-00-DX1_17408_20480.jpg,TCGA-NH-A5IV,TCGA-NH-A5IV-01Z-00-DX1,1,0.9999019,1
tumour/TCGA-NH-A5IV-01Z-00-DX1_17408_21504.jpg,TCGA-NH-A5IV,TCGA-NH-A5IV-01Z-00-DX1,1,0.99962676,1
tumour/TCGA-NH-A5IV-01Z-00-DX1_17408_22528.jpg,TCGA-NH-A5IV,TCGA-NH-A5IV-01Z-00-DX1,1,0.9999747,1
tumour/TCGA-NH-A5IV-01Z-00-DX1_17408_23040.jpg,TCGA-NH-A5IV,TCGA-NH-A5IV-01Z-00-DX1,1,0.9992299,1
tumour/TCGA-NH-A5IV-01Z-00-DX1_17408_23552.jpg,TCGA-NH-A5IV,TCGA-NH-A5IV-01Z-00-DX1,1,0.999879,1
tumour/TCGA-NH-A5IV-01Z-00-DX1_17408_24064.jpg,TCGA-NH-A5IV,TCGA-NH-A5IV-01Z-00-DX1,1,0.9997508,1
tumour/TCGA-NH-A5IV-01Z-00-DX1_17408_24576.jpg,TCGA-NH-A5IV,TCGA-NH-A5IV-01Z-00-DX1,1,0.99998176,1
tumour/TCGA-NH-A5IV-01Z-00-DX1_17408_25600.jpg,TCGA-NH-A5IV,TCGA-NH-A5IV-01Z-00-DX1,1,0.99986184,1
tumour/TCGA-NH-A5IV-01Z-00-DX1_17408_27136.jpg,TCGA-NH-A5IV,TCGA-NH-A5IV-01Z-00-DX1,1,0.99997807,1
tumour/TCGA-NH-A5IV-01Z-00-DX1_17408_27648.jpg,TCGA-NH-A5IV,TCGA-NH-A5IV-01Z-00-DX1,1,0.99990666,1
tumour/TCGA-NH-A5IV-01Z-00-DX1_17408_28672.jpg,TCGA-NH-A5IV,TCGA-NH-A5IV-01Z-00-DX1,1,0.9999665,1
tumour/TCGA-NH-A5IV-01Z-00-DX1_17408_29184.jpg,TCGA-NH-A5IV,TCGA-NH-A5IV-01Z-00-DX1,1,0.99998915,1
tumour/TCGA-NH-A5IV-01Z-00-DX1_17408_3584.jpg,TCGA-NH-A5IV,TCGA-NH-A5IV-01Z-00-DX1,1,0.99997663,1
tumour/TCGA-NH-A5IV-01Z-00-DX1_17408_4096.jpg,TCGA-NH-A5IV,TCGA-NH-A5IV-01Z-00-DX1,1,0.99992585,1
tumour/TCGA-NH-A5IV-01Z-00-DX1_17408_6144.jpg,TCGA-NH-A5IV,TCGA-NH-A5IV-01Z-00-DX1,1,0.9996486,1
tumour/TCGA-NH-A5IV-01Z-00-DX1_17408_7680.jpg,TCGA-NH-A5IV,TCGA-NH-A5IV-01Z-00-DX1,1,0.999833,1
tumour/TCGA-NH-A5IV-01Z-00-DX1_17920_11264.jpg,TCGA-NH-A5IV,TCGA-NH-A5IV-01Z-00-DX1,1,0.9999808,1
tumour/TCGA-NH-A5IV-01Z-00-DX1_17920_11776.jpg,TCGA-NH-A5IV,TCGA-NH-A5IV-01Z-00-DX1,1,0.99990046,1
tumour/TCGA-NH-A5IV-01Z-00-DX1_17920_18944.jpg,TCGA-NH-A5IV,TCGA-NH-A5IV-01Z-00-DX1,1,0.99999654,1
tumour/TCGA-NH-A5IV-01Z-00-DX1_17920_19968.jpg,TCGA-NH-A5IV,TCGA-NH-A5IV-01Z-00-DX1,1,0.99995124,1
tumour/TCGA-NH-A5IV-01Z-00-DX1_17920_23552.jpg,TCGA-NH-A5IV,TCGA-NH-A5IV-01Z-00-DX1,1,0.9999902,1
tumour/TCGA-NH-A5IV-01Z-00-DX1_17920_24576.jpg,TCGA-NH-A5IV,TCGA-NH-A5IV-01Z-00-DX1,1,0.9987317,1
tumour/TCGA-NH-A5IV-01Z-00-DX1_17920_25600.jpg,TCGA-NH-A5IV,TCGA-NH-A5IV-01Z-00-DX1,1,0.9989699,1
tumour/TCGA-NH-A5IV-01Z-00-DX1_17920_26624.jpg,TCGA-NH-A5IV,TCGA-NH-A5IV-01Z-00-DX1,1,0.9985031,1
tumour/TCGA-NH-A5IV-01Z-00-DX1_17920_27648.jpg,TCGA-NH-A5IV,TCGA-NH-A5IV-01Z-00-DX1,1,0.9999944,1
tumour/TCGA-NH-A5IV-01Z-00-DX1_17920_28160.jpg,TCGA-NH-A5IV,TCGA-NH-A5IV-01Z-00-DX1,1,0.9999945,1
tumour/TCGA-NH-A5IV-01Z-00-DX1_17920_29184.jpg,TCGA-NH-A5IV,TCGA-NH-A5IV-01Z-00-DX1,1,0.9999558,1
tumour/TCGA-NH-A5IV-01Z-00-DX1_17920_29696.jpg,TCGA-NH-A5IV,TCGA-NH-A5IV-01Z-00-DX1,1,0.99998915,1
tumour/TCGA-NH-A5IV-01Z-00-DX1_17920_4096.jpg,TCGA-NH-A5IV,TCGA-NH-A5IV-01Z-00-DX1,1,0.9993255,1
tumour/TCGA-NH-A5IV-01Z-00-DX1_17920_4608.jpg,TCGA-NH-A5IV,TCGA-NH-A5IV-01Z-00-DX1,1,0.9987436,1
tumour/TCGA-NH-A5IV-01Z-00-DX1_17920_5632.jpg,TCGA-NH-A5IV,TCGA-NH-A5IV-01Z-00-DX1,1,0.99999404,1
tumour/TCGA-NH-A5IV-01Z-00-DX1_17920_6144.jpg,TCGA-NH-A5IV,TCGA-NH-A5IV-01Z-00-DX1,1,0.9998934,1
tumour/TCGA-NH-A5IV-01Z-00-DX1_17920_7680.jpg,TCGA-NH-A5IV,TCGA-NH-A5IV-01Z-00-DX1,1,0.9999044,1
tumour/TCGA-NH-A5IV-01Z-00-DX1_17920_8192.jpg,TCGA-NH-A5IV,TCGA-NH-A5IV-01Z-00-DX1,1,0.999995,1
tumour/TCGA-NH-A5IV-01Z-00-DX1_18432_10752.jpg,TCGA-NH-A5IV,TCGA-NH-A5IV-01Z-00-DX1,1,0.99986935,1
tumour/TCGA-NH-A5IV-01Z-00-DX1_18432_11264.jpg,TCGA-NH-A5IV,TCGA-NH-A5IV-01Z-00-DX1,1,0.99998474,1
tumour/TCGA-NH-A5IV-01Z-00-DX1_18432_11776.jpg,TCGA-NH-A5IV,TCGA-NH-A5IV-01Z-00-DX1,1,0.9999571,1
tumour/TCGA-NH-A5IV-01Z-00-DX1_18432_19456.jpg,TCGA-NH-A5IV,TCGA-NH-A5IV-01Z-00-DX1,1,0.99998844,1
tumour/TCGA-NH-A5IV-01Z-00-DX1_18432_20480.jpg,TCGA-NH-A5IV,TCGA-NH-A5IV-01Z-00-DX1,1,0.9998834,1
tumour/TCGA-NH-A5IV-01Z-00-DX1_18432_20992.jpg,TCGA-NH-A5IV,TCGA-NH-A5IV-01Z-00-DX1,1,0.9999976,1
tumour/TCGA-NH-A5IV-01Z-00-DX1_18432_21504.jpg,TCGA-NH-A5IV,TCGA-NH-A5IV-01Z-00-DX1,1,0.99998236,1
tumour/TCGA-NH-A5IV-01Z-00-DX1_18432_22016.jpg,TCGA-NH-A5IV,TCGA-NH-A5IV-01Z-00-DX1,1,0.9996308,1
tumour/TCGA-NH-A5IV-01Z-00-DX1_18432_23040.jpg,TCGA-NH-A5IV,TCGA-NH-A5IV-01Z-00-DX1,1,0.99995816,1
tumour/TCGA-NH-A5IV-01Z-00-DX1_18432_26112.jpg,TCGA-NH-A5IV,TCGA-NH-A5IV-01Z-00-DX1,1,0.99971956,1
tumour/TCGA-NH-A5IV-01Z-00-DX1_18432_26624.jpg,TCGA-NH-A5IV,TCGA-NH-A5IV-01Z-00-DX1,1,0.9999906,1
tumour/TCGA-NH-A5IV-01Z-00-DX1_18432_27136.jpg,TCGA-NH-A5IV,TCGA-NH-A5IV-01Z-00-DX1,1,0.99977475,1
tumour/TCGA-NH-A5IV-01Z-00-DX1_18432_27648.jpg,TCGA-NH-A5IV,TCGA-NH-A5IV-01Z-00-DX1,1,0.99619186,1
tumour/TCGA-NH-A5IV-01Z-00-DX1_18432_4096.jpg,TCGA-NH-A5IV,TCGA-NH-A5IV-01Z-00-DX1,1,0.99995375,1
tumour/TCGA-NH-A5IV-01Z-00-DX1_18432_4608.jpg,TCGA-NH-A5IV,TCGA-NH-A5IV-01Z-00-DX1,1,0.99992836,1
tumour/TCGA-NH-A5IV-01Z-00-DX1_18432_5120.jpg,TCGA-NH-A5IV,TCGA-NH-A5IV-01Z-00-DX1,1,0.9999702,1
tumour/TCGA-NH-A5IV-01Z-00-DX1_18432_6656.jpg,TCGA-NH-A5IV,TCGA-NH-A5IV-01Z-00-DX1,1,0.99984086,1
tumour/TCGA-NH-A5IV-01Z-00-DX1_18432_7680.jpg,TCGA-NH-A5IV,TCGA-NH-A5IV-01Z-00-DX1,1,0.9986304,1
tumour/TCGA-NH-A5IV-01Z-00-DX1_18432_8192.jpg,TCGA-NH-A5IV,TCGA-NH-A5IV-01Z-00-DX1,1,0.99934906,1
tumour/TCGA-NH-A5IV-01Z-00-DX1_18432_8704.jpg,TCGA-NH-A5IV,TCGA-NH-A5IV-01Z-00-DX1,1,0.99993753,1
tumour/TCGA-NH-A5IV-01Z-00-DX1_18432_9216.jpg,TCGA-NH-A5IV,TCGA-NH-A5IV-01Z-00-DX1,1,0.9997687,1
tumour/TCGA-NH-A5IV-01Z-00-DX1_18432_9728.jpg,TCGA-NH-A5IV,TCGA-NH-A5IV-01Z-00-DX1,1,0.99894184,1
tumour/TCGA-NH-A5IV-01Z-00-DX1_18944_10240.jpg,TCGA-NH-A5IV,TCGA-NH-A5IV-01Z-00-DX1,1,0.9999999,1
tumour/TCGA-NH-A5IV-01Z-00-DX1_18944_10752.jpg,TCGA-NH-A5IV,TCGA-NH-A5IV-01Z-00-DX1,1,0.9999732,1
tumour/TCGA-NH-A5IV-01Z-00-DX1_18944_11264.jpg,TCGA-NH-A5IV,TCGA-NH-A5IV-01Z-00-DX1,1,0.9999652,1
tumour/TCGA-NH-A5IV-01Z-00-DX1_18944_11776.jpg,TCGA-NH-A5IV,TCGA-NH-A5IV-01Z-00-DX1,1,0.99379855,1
tumour/TCGA-NH-A5IV-01Z-00-DX1_18944_12800.jpg,TCGA-NH-A5IV,TCGA-NH-A5IV-01Z-00-DX1,1,0.9999229,1
tumour/TCGA-NH-A5IV-01Z-00-DX1_18944_15360.jpg,TCGA-NH-A5IV,TCGA-NH-A5IV-01Z-00-DX1,1,0.9999651,1
tumour/TCGA-NH-A5IV-01Z-00-DX1_18944_20480.jpg,TCGA-NH-A5IV,TCGA-NH-A5IV-01Z-00-DX1,1,0.9999602,1
tumour/TCGA-NH-A5IV-01Z-00-DX1_18944_20992.jpg,TCGA-NH-A5IV,TCGA-NH-A5IV-01Z-00-DX1,1,0.99999595,1
tumour/TCGA-NH-A5IV-01Z-00-DX1_18944_22016.jpg,TCGA-NH-A5IV,TCGA-NH-A5IV-01Z-00-DX1,1,0.9996582,1
tumour/TCGA-NH-A5IV-01Z-00-DX1_18944_23040.jpg,TCGA-NH-A5IV,TCGA-NH-A5IV-01Z-00-DX1,1,0.99987864,1
tumour/TCGA-NH-A5IV-01Z-00-DX1_18944_24064.jpg,TCGA-NH-A5IV,TCGA-NH-A5IV-01Z-00-DX1,1,0.9998178,1
tumour/TCGA-NH-A5IV-01Z-00-DX1_18944_25600.jpg,TCGA-NH-A5IV,TCGA-NH-A5IV-01Z-00-DX1,1,0.99990094,1
tumour/TCGA-NH-A5IV-01Z-00-DX1_18944_26624.jpg,TCGA-NH-A5IV,TCGA-NH-A5IV-01Z-00-DX1,1,0.9996408,1
tumour/TCGA-NH-A5IV-01Z-00-DX1_18944_27136.jpg,TCGA-NH-A5IV,TCGA-NH-A5IV-01Z-00-DX1,1,0.9975163,1
tumour/TCGA-NH-A5IV-01Z-00-DX1_18944_28160.jpg,TCGA-NH-A5IV,TCGA-NH-A5IV-01Z-00-DX1,1,0.99987066,1
tumour/TCGA-NH-A5IV-01Z-00-DX1_18944_28672.jpg,TCGA-NH-A5IV,TCGA-NH-A5IV-01Z-00-DX1,1,0.99994886,1
tumour/TCGA-NH-A5IV-01Z-00-DX1_18944_29184.jpg,TCGA-NH-A5IV,TCGA-NH-A5IV-01Z-00-DX1,1,0.99995613,1
tumour/TCGA-NH-A5IV-01Z-00-DX1_18944_30208.jpg,TCGA-NH-A5IV,TCGA-NH-A5IV-01Z-00-DX1,1,0.9999466,1
tumour/TCGA-NH-A5IV-01Z-00-DX1_18944_4096.jpg,TCGA-NH-A5IV,TCGA-NH-A5IV-01Z-00-DX1,1,0.99999774,1
tumour/TCGA-NH-A5IV-01Z-00-DX1_18944_4608.jpg,TCGA-NH-A5IV,TCGA-NH-A5IV-01Z-00-DX1,1,0.9999398,1
tumour/TCGA-NH-A5IV-01Z-00-DX1_18944_5120.jpg,TCGA-NH-A5IV,TCGA-NH-A5IV-01Z-00-DX1,1,0.99971384,1
tumour/TCGA-NH-A5IV-01Z-00-DX1_18944_5632.jpg,TCGA-NH-A5IV,TCGA-NH-A5IV-01Z-00-DX1,1,0.9991617,1
tumour/TCGA-NH-A5IV-01Z-00-DX1_18944_6144.jpg,TCGA-NH-A5IV,TCGA-NH-A5IV-01Z-00-DX1,1,0.99928457,1
tumour/TCGA-NH-A5IV-01Z-00-DX1_18944_7168.jpg,TCGA-NH-A5IV,TCGA-NH-A5IV-01Z-00-DX1,1,0.99724126,1
tumour/TCGA-NH-A5IV-01Z-00-DX1_18944_7680.jpg,TCGA-NH-A5IV,TCGA-NH-A5IV-01Z-00-DX1,1,0.999966,1
tumour/TCGA-NH-A5IV-01Z-00-DX1_18944_9728.jpg,TCGA-NH-A5IV,TCGA-NH-A5IV-01Z-00-DX1,1,0.9999459,1
tumour/TCGA-NH-A5IV-01Z-00-DX1_19456_10240.jpg,TCGA-NH-A5IV,TCGA-NH-A5IV-01Z-00-DX1,1,0.9998778,1
tumour/TCGA-NH-A5IV-01Z-00-DX1_19456_11264.jpg,TCGA-NH-A5IV,TCGA-NH-A5IV-01Z-00-DX1,1,0.9998859,1
tumour/TCGA-NH-A5IV-01Z-00-DX1_19456_13824.jpg,TCGA-NH-A5IV,TCGA-NH-A5IV-01Z-00-DX1,1,0.9999006,1
tumour/TCGA-NH-A5IV-01Z-00-DX1_19456_20992.jpg,TCGA-NH-A5IV,TCGA-NH-A5IV-01Z-00-DX1,1,0.9998692,1
tumour/TCGA-NH-A5IV-01Z-00-DX1_19456_21504.jpg,TCGA-NH-A5IV,TCGA-NH-A5IV-01Z-00-DX1,1,0.99996126,1
tumour/TCGA-NH-A5IV-01Z-00-DX1_19456_23552.jpg,TCGA-NH-A5IV,TCGA-NH-A5IV-01Z-00-DX1,1,0.9999994,1
tumour/TCGA-NH-A5IV-01Z-00-DX1_19456_24064.jpg,TCGA-NH-A5IV,TCGA-NH-A5IV-01Z-00-DX1,1,0.9986891,1
tumour/TCGA-NH-A5IV-01Z-00-DX1_19456_26624.jpg,TCGA-NH-A5IV,TCGA-NH-A5IV-01Z-00-DX1,1,0.99988174,1
tumour/TCGA-NH-A5IV-01Z-00-DX1_19456_27648.jpg,TCGA-NH-A5IV,TCGA-NH-A5IV-01Z-00-DX1,1,0.99994946,1
tumour/TCGA-NH-A5IV-01Z-00-DX1_19456_28160.jpg,TCGA-NH-A5IV,TCGA-NH-A5IV-01Z-00-DX1,1,0.9999329,1
tumour/TCGA-NH-A5IV-01Z-00-DX1_19456_28672.jpg,TCGA-NH-A5IV,TCGA-NH-A5IV-01Z-00-DX1,1,0.99991035,1
tumour/TCGA-NH-A5IV-01Z-00-DX1_19456_29696.jpg,TCGA-NH-A5IV,TCGA-NH-A5IV-01Z-00-DX1,1,0.99999166,1
tumour/TCGA-NH-A5IV-01Z-00-DX1_19456_3072.jpg,TCGA-NH-A5IV,TCGA-NH-A5IV-01Z-00-DX1,1,0.99910235,1
tumour/TCGA-NH-A5IV-01Z-00-DX1_19456_3584.jpg,TCGA-NH-A5IV,TCGA-NH-A5IV-01Z-00-DX1,1,0.9977596,1
tumour/TCGA-NH-A5IV-01Z-00-DX1_19456_4096.jpg,TCGA-NH-A5IV,TCGA-NH-A5IV-01Z-00-DX1,1,0.9995838,1
tumour/TCGA-NH-A5IV-01Z-00-DX1_19456_4608.jpg,TCGA-NH-A5IV,TCGA-NH-A5IV-01Z-00-DX1,1,0.99622005,1
tumour/TCGA-NH-A5IV-01Z-00-DX1_19456_6144.jpg,TCGA-NH-A5IV,TCGA-NH-A5IV-01Z-00-DX1,1,0.9998185,1
tumour/TCGA-NH-A5IV-01Z-00-DX1_19456_7168.jpg,TCGA-NH-A5IV,TCGA-NH-A5IV-01Z-00-DX1,1,0.99994934,1
tumour/TCGA-NH-A5IV-01Z-00-DX1_19456_7680.jpg,TCGA-NH-A5IV,TCGA-NH-A5IV-01Z-00-DX1,1,0.9995111,1
tumour/TCGA-NH-A5IV-01Z-00-DX1_19968_12800.jpg,TCGA-NH-A5IV,TCGA-NH-A5IV-01Z-00-DX1,1,0.99992335,1
tumour/TCGA-NH-A5IV-01Z-00-DX1_19968_13824.jpg,TCGA-NH-A5IV,TCGA-NH-A5IV-01Z-00-DX1,1,0.9993617,1
tumour/TCGA-NH-A5IV-01Z-00-DX1_19968_14848.jpg,TCGA-NH-A5IV,TCGA-NH-A5IV-01Z-00-DX1,1,0.99988496,1
tumour/TCGA-NH-A5IV-01Z-00-DX1_19968_16896.jpg,TCGA-NH-A5IV,TCGA-NH-A5IV-01Z-00-DX1,1,0.9999857,1
tumour/TCGA-NH-A5IV-01Z-00-DX1_19968_22528.jpg,TCGA-NH-A5IV,TCGA-NH-A5IV-01Z-00-DX1,1,0.99962807,1
tumour/TCGA-NH-A5IV-01Z-00-DX1_19968_23552.jpg,TCGA-NH-A5IV,TCGA-NH-A5IV-01Z-00-DX1,1,0.9999635,1
tumour/TCGA-NH-A5IV-01Z-00-DX1_19968_24064.jpg,TCGA-NH-A5IV,TCGA-NH-A5IV-01Z-00-DX1,1,0.9999647,1
tumour/TCGA-NH-A5IV-01Z-00-DX1_19968_25088.jpg,TCGA-NH-A5IV,TCGA-NH-A5IV-01Z-00-DX1,1,0.98672,1
tumour/TCGA-NH-A5IV-01Z-00-DX1_19968_25600.jpg,TCGA-NH-A5IV,TCGA-NH-A5IV-01Z-00-DX1,1,0.99998295,1
tumour/TCGA-NH-A5IV-01Z-00-DX1_19968_26624.jpg,TCGA-NH-A5IV,TCGA-NH-A5IV-01Z-00-DX1,1,0.99993,1
tumour/TCGA-NH-A5IV-01Z-00-DX1_19968_27648.jpg,TCGA-NH-A5IV,TCGA-NH-A5IV-01Z-00-DX1,1,0.9563053,1
tumour/TCGA-NH-A5IV-01Z-00-DX1_19968_29184.jpg,TCGA-NH-A5IV,TCGA-NH-A5IV-01Z-00-DX1,1,0.99980444,1
tumour/TCGA-NH-A5IV-01Z-00-DX1_19968_29696.jpg,TCGA-NH-A5IV,TCGA-NH-A5IV-01Z-00-DX1,1,0.99975365,1
tumour/TCGA-NH-A5IV-01Z-00-DX1_19968_6144.jpg,TCGA-NH-A5IV,TCGA-NH-A5IV-01Z-00-DX1,1,0.99978715,1
tumour/TCGA-NH-A5IV-01Z-00-DX1_19968_9216.jpg,TCGA-NH-A5IV,TCGA-NH-A5IV-01Z-00-DX1,1,0.99944717,1
tumour/TCGA-NH-A5IV-01Z-00-DX1_19968_9728.jpg,TCGA-NH-A5IV,TCGA-NH-A5IV-01Z-00-DX1,1,0.99998856,1
tumour/TCGA-NH-A5IV-01Z-00-DX1_20480_12800.jpg,TCGA-NH-A5IV,TCGA-NH-A5IV-01Z-00-DX1,1,0.99999046,1
tumour/TCGA-NH-A5IV-01Z-00-DX1_20480_13312.jpg,TCGA-NH-A5IV,TCGA-NH-A5IV-01Z-00-DX1,1,0.99999297,1
tumour/TCGA-NH-A5IV-01Z-00-DX1_20480_13824.jpg,TCGA-NH-A5IV,TCGA-NH-A5IV-01Z-00-DX1,1,0.9995283,1
tumour/TCGA-NH-A5IV-01Z-00-DX1_20480_14848.jpg,TCGA-NH-A5IV,TCGA-NH-A5IV-01Z-00-DX1,1,0.9999682,1
tumour/TCGA-NH-A5IV-01Z-00-DX1_20480_15360.jpg,TCGA-NH-A5IV,TCGA-NH-A5IV-01Z-00-DX1,1,0.999984,1
tumour/TCGA-NH-A5IV-01Z-00-DX1_20480_15872.jpg,TCGA-NH-A5IV,TCGA-NH-A5IV-01Z-00-DX1,1,0.99984086,1
tumour/TCGA-NH-A5IV-01Z-00-DX1_20480_16896.jpg,TCGA-NH-A5IV,TCGA-NH-A5IV-01Z-00-DX1,1,0.9999329,1
tumour/TCGA-NH-A5IV-01Z-00-DX1_20480_17408.jpg,TCGA-NH-A5IV,TCGA-NH-A5IV-01Z-00-DX1,1,0.999946,1
tumour/TCGA-NH-A5IV-01Z-00-DX1_20480_18944.jpg,TCGA-NH-A5IV,TCGA-NH-A5IV-01Z-00-DX1,1,0.9999732,1
tumour/TCGA-NH-A5IV-01Z-00-DX1_20480_19456.jpg,TCGA-NH-A5IV,TCGA-NH-A5IV-01Z-00-DX1,1,0.9999976,1
tumour/TCGA-NH-A5IV-01Z-00-DX1_20480_2048.jpg,TCGA-NH-A5IV,TCGA-NH-A5IV-01Z-00-DX1,1,0.99977106,1
tumour/TCGA-NH-A5IV-01Z-00-DX1_20480_22016.jpg,TCGA-NH-A5IV,TCGA-NH-A5IV-01Z-00-DX1,1,0.9999428,1
tumour/TCGA-NH-A5IV-01Z-00-DX1_20480_23040.jpg,TCGA-NH-A5IV,TCGA-NH-A5IV-01Z-00-DX1,1,0.9975303,1
tumour/TCGA-NH-A5IV-01Z-00-DX1_20480_24064.jpg,TCGA-NH-A5IV,TCGA-NH-A5IV-01Z-00-DX1,1,0.9996444,1
tumour/TCGA-NH-A5IV-01Z-00-DX1_20480_2560.jpg,TCGA-NH-A5IV,TCGA-NH-A5IV-01Z-00-DX1,1,0.99379927,1
tumour/TCGA-NH-A5IV-01Z-00-DX1_20480_26112.jpg,TCGA-NH-A5IV,TCGA-NH-A5IV-01Z-00-DX1,1,0.99996114,1
tumour/TCGA-NH-A5IV-01Z-00-DX1_20480_26624.jpg,TCGA-NH-A5IV,TCGA-NH-A5IV-01Z-00-DX1,1,0.99986315,1
tumour/TCGA-NH-A5IV-01Z-00-DX1_20480_28160.jpg,TCGA-NH-A5IV,TCGA-NH-A5IV-01Z-00-DX1,1,0.99999285,1
tumour/TCGA-NH-A5IV-01Z-00-DX1_20480_28672.jpg,TCGA-NH-A5IV,TCGA-NH-A5IV-01Z-00-DX1,1,0.9997218,1
tumour/TCGA-NH-A5IV-01Z-00-DX1_20480_29184.jpg,TCGA-NH-A5IV,TCGA-NH-A5IV-01Z-00-DX1,1,0.9996439,1
tumour/TCGA-NH-A5IV-01Z-00-DX1_20480_29696.jpg,TCGA-NH-A5IV,TCGA-NH-A5IV-01Z-00-DX1,1,0.9996308,1
tumour/TCGA-NH-A5IV-01Z-00-DX1_20480_30208.jpg,TCGA-NH-A5IV,TCGA-NH-A5IV-01Z-00-DX1,1,0.9999325,1
tumour/TCGA-NH-A5IV-01Z-00-DX1_20480_3072.jpg,TCGA-NH-A5IV,TCGA-NH-A5IV-01Z-00-DX1,1,0.9998253,1
tumour/TCGA-NH-A5IV-01Z-00-DX1_20480_3584.jpg,TCGA-NH-A5IV,TCGA-NH-A5IV-01Z-00-DX1,1,0.99998796,1
tumour/TCGA-NH-A5IV-01Z-00-DX1_20480_4608.jpg,TCGA-NH-A5IV,TCGA-NH-A5IV-01Z-00-DX1,1,0.99972254,1
tumour/TCGA-NH-A5IV-01Z-00-DX1_20480_5632.jpg,TCGA-NH-A5IV,TCGA-NH-A5IV-01Z-00-DX1,1,0.9999603,1
tumour/TCGA-NH-A5IV-01Z-00-DX1_20480_6144.jpg,TCGA-NH-A5IV,TCGA-NH-A5IV-01Z-00-DX1,1,0.99993813,1
tumour/TCGA-NH-A5IV-01Z-00-DX1_20480_6656.jpg,TCGA-NH-A5IV,TCGA-NH-A5IV-01Z-00-DX1,1,0.99987376,1
tumour/TCGA-NH-A5IV-01Z-00-DX1_20480_9216.jpg,TCGA-NH-A5IV,TCGA-NH-A5IV-01Z-00-DX1,1,0.99814975,1
tumour/TCGA-NH-A5IV-01Z-00-DX1_20992_13312.jpg,TCGA-NH-A5IV,TCGA-NH-A5IV-01Z-00-DX1,1,0.99996483,1
tumour/TCGA-NH-A5IV-01Z-00-DX1_20992_13824.jpg,TCGA-NH-A5IV,TCGA-NH-A5IV-01Z-00-DX1,1,0.99998,1
tumour/TCGA-NH-A5IV-01Z-00-DX1_20992_14848.jpg,TCGA-NH-A5IV,TCGA-NH-A5IV-01Z-00-DX1,1,0.9997309,1
tumour/TCGA-NH-A5IV-01Z-00-DX1_20992_17408.jpg,TCGA-NH-A5IV,TCGA-NH-A5IV-01Z-00-DX1,1,0.99994874,1
tumour/TCGA-NH-A5IV-01Z-00-DX1_20992_17920.jpg,TCGA-NH-A5IV,TCGA-NH-A5IV-01Z-00-DX1,1,0.99980944,1
tumour/TCGA-NH-A5IV-01Z-00-DX1_20992_18432.jpg,TCGA-NH-A5IV,TCGA-NH-A5IV-01Z-00-DX1,1,0.99981827,1
tumour/TCGA-NH-A5IV-01Z-00-DX1_20992_22016.jpg,TCGA-NH-A5IV,TCGA-NH-A5IV-01Z-00-DX1,1,0.9999819,1
tumour/TCGA-NH-A5IV-01Z-00-DX1_20992_23552.jpg,TCGA-NH-A5IV,TCGA-NH-A5IV-01Z-00-DX1,1,0.999785,1
tumour/TCGA-NH-A5IV-01Z-00-DX1_20992_24064.jpg,TCGA-NH-A5IV,TCGA-NH-A5IV-01Z-00-DX1,1,0.99967337,1
tumour/TCGA-NH-A5IV-01Z-00-DX1_20992_24576.jpg,TCGA-NH-A5IV,TCGA-NH-A5IV-01Z-00-DX1,1,0.9999839,1
tumour/TCGA-NH-A5IV-01Z-00-DX1_20992_25600.jpg,TCGA-NH-A5IV,TCGA-NH-A5IV-01Z-00-DX1,1,0.9999919,1
tumour/TCGA-NH-A5IV-01Z-00-DX1_20992_26624.jpg,TCGA-NH-A5IV,TCGA-NH-A5IV-01Z-00-DX1,1,0.9999045,1
tumour/TCGA-NH-A5IV-01Z-00-DX1_20992_27136.jpg,TCGA-NH-A5IV,TCGA-NH-A5IV-01Z-00-DX1,1,0.9999958,1
tumour/TCGA-NH-A5IV-01Z-00-DX1_20992_28160.jpg,TCGA-NH-A5IV,TCGA-NH-A5IV-01Z-00-DX1,1,0.9824813,1
tumour/TCGA-NH-A5IV-01Z-00-DX1_20992_30208.jpg,TCGA-NH-A5IV,TCGA-NH-A5IV-01Z-00-DX1,1,0.99666613,1
tumour/TCGA-NH-A5IV-01Z-00-DX1_20992_3072.jpg,TCGA-NH-A5IV,TCGA-NH-A5IV-01Z-00-DX1,1,0.99997544,1
tumour/TCGA-NH-A5IV-01Z-00-DX1_20992_4096.jpg,TCGA-NH-A5IV,TCGA-NH-A5IV-01Z-00-DX1,1,0.9994331,1
tumour/TCGA-NH-A5IV-01Z-00-DX1_20992_5632.jpg,TCGA-NH-A5IV,TCGA-NH-A5IV-01Z-00-DX1,1,0.99966705,1
tumour/TCGA-NH-A5IV-01Z-00-DX1_20992_6144.jpg,TCGA-NH-A5IV,TCGA-NH-A5IV-01Z-00-DX1,1,0.99986696,1
tumour/TCGA-NH-A5IV-01Z-00-DX1_20992_7168.jpg,TCGA-NH-A5IV,TCGA-NH-A5IV-01Z-00-DX1,1,0.9999819,1
tumour/TCGA-NH-A5IV-01Z-00-DX1_21504_12800.jpg,TCGA-NH-A5IV,TCGA-NH-A5IV-01Z-00-DX1,1,0.9999864,1
tumour/TCGA-NH-A5IV-01Z-00-DX1_21504_13824.jpg,TCGA-NH-A5IV,TCGA-NH-A5IV-01Z-00-DX1,1,0.9999776,1
tumour/TCGA-NH-A5IV-01Z-00-DX1_21504_14848.jpg,TCGA-NH-A5IV,TCGA-NH-A5IV-01Z-00-DX1,1,0.9998878,1
tumour/TCGA-NH-A5IV-01Z-00-DX1_21504_18432.jpg,TCGA-NH-A5IV,TCGA-NH-A5IV-01Z-00-DX1,1,0.9998627,1
tumour/TCGA-NH-A5IV-01Z-00-DX1_21504_21504.jpg,TCGA-NH-A5IV,TCGA-NH-A5IV-01Z-00-DX1,1,0.99990654,1
tumour/TCGA-NH-A5IV-01Z-00-DX1_21504_22016.jpg,TCGA-NH-A5IV,TCGA-NH-A5IV-01Z-00-DX1,1,0.9995073,1
tumour/TCGA-NH-A5IV-01Z-00-DX1_21504_23552.jpg,TCGA-NH-A5IV,TCGA-NH-A5IV-01Z-00-DX1,1,0.9997143,1
tumour/TCGA-NH-A5IV-01Z-00-DX1_21504_27136.jpg,TCGA-NH-A5IV,TCGA-NH-A5IV-01Z-00-DX1,1,0.9989009,1
tumour/TCGA-NH-A5IV-01Z-00-DX1_21504_27648.jpg,TCGA-NH-A5IV,TCGA-NH-A5IV-01Z-00-DX1,1,0.9833733,1
tumour/TCGA-NH-A5IV-01Z-00-DX1_21504_28160.jpg,TCGA-NH-A5IV,TCGA-NH-A5IV-01Z-00-DX1,1,0.9999497,1
tumour/TCGA-NH-A5IV-01Z-00-DX1_21504_29184.jpg,TCGA-NH-A5IV,TCGA-NH-A5IV-01Z-00-DX1,1,0.9996507,1
tumour/TCGA-NH-A5IV-01Z-00-DX1_21504_29696.jpg,TCGA-NH-A5IV,TCGA-NH-A5IV-01Z-00-DX1,1,0.9997447,1
tumour/TCGA-NH-A5IV-01Z-00-DX1_21504_30208.jpg,TCGA-NH-A5IV,TCGA-NH-A5IV-01Z-00-DX1,1,0.9999596,1
tumour/TCGA-NH-A5IV-01Z-00-DX1_21504_3584.jpg,TCGA-NH-A5IV,TCGA-NH-A5IV-01Z-00-DX1,1,0.999982,1
tumour/TCGA-NH-A5IV-01Z-00-DX1_21504_4608.jpg,TCGA-NH-A5IV,TCGA-NH-A5IV-01Z-00-DX1,1,0.9999753,1
tumour/TCGA-NH-A5IV-01Z-00-DX1_21504_5632.jpg,TCGA-NH-A5IV,TCGA-NH-A5IV-01Z-00-DX1,1,0.9999496,1
tumour/TCGA-NH-A5IV-01Z-00-DX1_21504_6144.jpg,TCGA-NH-A5IV,TCGA-NH-A5IV-01Z-00-DX1,1,0.99991786,1
tumour/TCGA-NH-A5IV-01Z-00-DX1_21504_7168.jpg,TCGA-NH-A5IV,TCGA-NH-A5IV-01Z-00-DX1,1,0.9998783,1
tumour/TCGA-NH-A5IV-01Z-00-DX1_22016_12800.jpg,TCGA-NH-A5IV,TCGA-NH-A5IV-01Z-00-DX1,1,0.9999722,1
tumour/TCGA-NH-A5IV-01Z-00-DX1_22016_13312.jpg,TCGA-NH-A5IV,TCGA-NH-A5IV-01Z-00-DX1,1,0.99997437,1
tumour/TCGA-NH-A5IV-01Z-00-DX1_22016_14336.jpg,TCGA-NH-A5IV,TCGA-NH-A5IV-01Z-00-DX1,1,0.999696,1
tumour/TCGA-NH-A5IV-01Z-00-DX1_22016_14848.jpg,TCGA-NH-A5IV,TCGA-NH-A5IV-01Z-00-DX1,1,0.99998856,1
tumour/TCGA-NH-A5IV-01Z-00-DX1_22016_2048.jpg,TCGA-NH-A5IV,TCGA-NH-A5IV-01Z-00-DX1,1,0.9937895,1
tumour/TCGA-NH-A5IV-01Z-00-DX1_22016_25600.jpg,TCGA-NH-A5IV,TCGA-NH-A5IV-01Z-00-DX1,1,0.9999813,1
tumour/TCGA-NH-A5IV-01Z-00-DX1_22016_27648.jpg,TCGA-NH-A5IV,TCGA-NH-A5IV-01Z-00-DX1,1,0.9997135,1
tumour/TCGA-NH-A5IV-01Z-00-DX1_22016_28160.jpg,TCGA-NH-A5IV,TCGA-NH-A5IV-01Z-00-DX1,1,0.9962597,1
tumour/TCGA-NH-A5IV-01Z-00-DX1_22016_29184.jpg,TCGA-NH-A5IV,TCGA-NH-A5IV-01Z-00-DX1,1,0.9997751,1
tumour/TCGA-NH-A5IV-01Z-00-DX1_22016_29696.jpg,TCGA-NH-A5IV,TCGA-NH-A5IV-01Z-00-DX1,1,0.9998056,1
tumour/TCGA-NH-A5IV-01Z-00-DX1_22016_3072.jpg,TCGA-NH-A5IV,TCGA-NH-A5IV-01Z-00-DX1,1,0.99969447,1
tumour/TCGA-NH-A5IV-01Z-00-DX1_22016_3584.jpg,TCGA-NH-A5IV,TCGA-NH-A5IV-01Z-00-DX1,1,0.9974585,1
tumour/TCGA-NH-A5IV-01Z-00-DX1_22016_4096.jpg,TCGA-NH-A5IV,TCGA-NH-A5IV-01Z-00-DX1,1,0.9997131,1
tumour/TCGA-NH-A5IV-01Z-00-DX1_22016_6144.jpg,TCGA-NH-A5IV,TCGA-NH-A5IV-01Z-00-DX1,1,0.9999366,1
tumour/TCGA-NH-A5IV-01Z-00-DX1_22528_12800.jpg,TCGA-NH-A5IV,TCGA-NH-A5IV-01Z-00-DX1,1,0.99999416,1
tumour/TCGA-NH-A5IV-01Z-00-DX1_22528_13312.jpg,TCGA-NH-A5IV,TCGA-NH-A5IV-01Z-00-DX1,1,0.9996823,1
tumour/TCGA-NH-A5IV-01Z-00-DX1_22528_23040.jpg,TCGA-NH-A5IV,TCGA-NH-A5IV-01Z-00-DX1,1,0.99996436,1
tumour/TCGA-NH-A5IV-01Z-00-DX1_22528_25088.jpg,TCGA-NH-A5IV,TCGA-NH-A5IV-01Z-00-DX1,1,0.99889874,1
tumour/TCGA-NH-A5IV-01Z-00-DX1_22528_2560.jpg,TCGA-NH-A5IV,TCGA-NH-A5IV-01Z-00-DX1,1,0.9995771,1
tumour/TCGA-NH-A5IV-01Z-00-DX1_22528_25600.jpg,TCGA-NH-A5IV,TCGA-NH-A5IV-01Z-00-DX1,1,0.9962418,1
tumour/TCGA-NH-A5IV-01Z-00-DX1_22528_26112.jpg,TCGA-NH-A5IV,TCGA-NH-A5IV-01Z-00-DX1,1,0.9956605,1
tumour/TCGA-NH-A5IV-01Z-00-DX1_22528_26624.jpg,TCGA-NH-A5IV,TCGA-NH-A5IV-01Z-00-DX1,1,0.99664813,1
tumour/TCGA-NH-A5IV-01Z-00-DX1_22528_27136.jpg,TCGA-NH-A5IV,TCGA-NH-A5IV-01Z-00-DX1,1,0.9999186,1
tumour/TCGA-NH-A5IV-01Z-00-DX1_22528_29184.jpg,TCGA-NH-A5IV,TCGA-NH-A5IV-01Z-00-DX1,1,0.9999219,1
tumour/TCGA-NH-A5IV-01Z-00-DX1_22528_30208.jpg,TCGA-NH-A5IV,TCGA-NH-A5IV-01Z-00-DX1,1,0.99986184,1
tumour/TCGA-NH-A5IV-01Z-00-DX1_22528_3584.jpg,TCGA-NH-A5IV,TCGA-NH-A5IV-01Z-00-DX1,1,0.9964876,1
tumour/TCGA-NH-A5IV-01Z-00-DX1_22528_4608.jpg,TCGA-NH-A5IV,TCGA-NH-A5IV-01Z-00-DX1,1,0.9984793,1
tumour/TCGA-NH-A5IV-01Z-00-DX1_22528_5632.jpg,TCGA-NH-A5IV,TCGA-NH-A5IV-01Z-00-DX1,1,0.99988115,1
tumour/TCGA-NH-A5IV-01Z-00-DX1_23040_13824.jpg,TCGA-NH-A5IV,TCGA-NH-A5IV-01Z-00-DX1,1,0.99994826,1
tumour/TCGA-NH-A5IV-01Z-00-DX1_23040_16896.jpg,TCGA-NH-A5IV,TCGA-NH-A5IV-01Z-00-DX1,1,0.9999974,1
tumour/TCGA-NH-A5IV-01Z-00-DX1_23040_17408.jpg,TCGA-NH-A5IV,TCGA-NH-A5IV-01Z-00-DX1,1,0.9999995,1
tumour/TCGA-NH-A5IV-01Z-00-DX1_23040_24064.jpg,TCGA-NH-A5IV,TCGA-NH-A5IV-01Z-00-DX1,1,0.9998833,1
tumour/TCGA-NH-A5IV-01Z-00-DX1_23040_25600.jpg,TCGA-NH-A5IV,TCGA-NH-A5IV-01Z-00-DX1,1,0.9997788,1
tumour/TCGA-NH-A5IV-01Z-00-DX1_23040_26624.jpg,TCGA-NH-A5IV,TCGA-NH-A5IV-01Z-00-DX1,1,0.9999795,1
tumour/TCGA-NH-A5IV-01Z-00-DX1_23040_28160.jpg,TCGA-NH-A5IV,TCGA-NH-A5IV-01Z-00-DX1,1,0.9999975,1
tumour/TCGA-NH-A5IV-01Z-00-DX1_23040_28672.jpg,TCGA-NH-A5IV,TCGA-NH-A5IV-01Z-00-DX1,1,0.99931383,1
tumour/TCGA-NH-A5IV-01Z-00-DX1_23040_29184.jpg,TCGA-NH-A5IV,TCGA-NH-A5IV-01Z-00-DX1,1,0.99994767,1
tumour/TCGA-NH-A5IV-01Z-00-DX1_23040_29696.jpg,TCGA-NH-A5IV,TCGA-NH-A5IV-01Z-00-DX1,1,0.99994385,1
tumour/TCGA-NH-A5IV-01Z-00-DX1_23040_3072.jpg,TCGA-NH-A5IV,TCGA-NH-A5IV-01Z-00-DX1,1,0.9992348,1
tumour/TCGA-NH-A5IV-01Z-00-DX1_23040_3584.jpg,TCGA-NH-A5IV,TCGA-NH-A5IV-01Z-00-DX1,1,0.99944824,1
tumour/TCGA-NH-A5IV-01Z-00-DX1_23040_4096.jpg,TCGA-NH-A5IV,TCGA-NH-A5IV-01Z-00-DX1,1,0.9998272,1
tumour/TCGA-NH-A5IV-01Z-00-DX1_23040_4608.jpg,TCGA-NH-A5IV,TCGA-NH-A5IV-01Z-00-DX1,1,0.9999893,1
tumour/TCGA-NH-A5IV-01Z-00-DX1_23040_5120.jpg,TCGA-NH-A5IV,TCGA-NH-A5IV-01Z-00-DX1,1,0.99967325,1
tumour/TCGA-NH-A5IV-01Z-00-DX1_23040_5632.jpg,TCGA-NH-A5IV,TCGA-NH-A5IV-01Z-00-DX1,1,0.99996245,1
tumour/TCGA-NH-A5IV-01Z-00-DX1_23552_15872.jpg,TCGA-NH-A5IV,TCGA-NH-A5IV-01Z-00-DX1,1,0.99996805,1
tumour/TCGA-NH-A5IV-01Z-00-DX1_23552_16384.jpg,TCGA-NH-A5IV,TCGA-NH-A5IV-01Z-00-DX1,1,0.999987,1
tumour/TCGA-NH-A5IV-01Z-00-DX1_23552_2048.jpg,TCGA-NH-A5IV,TCGA-NH-A5IV-01Z-00-DX1,1,0.99520665,1
tumour/TCGA-NH-A5IV-01Z-00-DX1_23552_24576.jpg,TCGA-NH-A5IV,TCGA-NH-A5IV-01Z-00-DX1,1,0.9996587,1
tumour/TCGA-NH-A5IV-01Z-00-DX1_23552_25088.jpg,TCGA-NH-A5IV,TCGA-NH-A5IV-01Z-00-DX1,1,0.9998975,1
tumour/TCGA-NH-A5IV-01Z-00-DX1_23552_27648.jpg,TCGA-NH-A5IV,TCGA-NH-A5IV-01Z-00-DX1,1,0.9997788,1
tumour/TCGA-NH-A5IV-01Z-00-DX1_23552_28160.jpg,TCGA-NH-A5IV,TCGA-NH-A5IV-01Z-00-DX1,1,0.9999145,1
tumour/TCGA-NH-A5IV-01Z-00-DX1_23552_28672.jpg,TCGA-NH-A5IV,TCGA-NH-A5IV-01Z-00-DX1,1,0.99998546,1
tumour/TCGA-NH-A5IV-01Z-00-DX1_23552_3584.jpg,TCGA-NH-A5IV,TCGA-NH-A5IV-01Z-00-DX1,1,0.9998646,1
tumour/TCGA-NH-A5IV-01Z-00-DX1_23552_5120.jpg,TCGA-NH-A5IV,TCGA-NH-A5IV-01Z-00-DX1,1,0.9999062,1
tumour/TCGA-NH-A5IV-01Z-00-DX1_23552_6656.jpg,TCGA-NH-A5IV,TCGA-NH-A5IV-01Z-00-DX1,1,0.9999815,1
tumour/TCGA-NH-A5IV-01Z-00-DX1_24064_1536.jpg,TCGA-NH-A5IV,TCGA-NH-A5IV-01Z-00-DX1,1,0.9995857,1
tumour/TCGA-NH-A5IV-01Z-00-DX1_24064_2048.jpg,TCGA-NH-A5IV,TCGA-NH-A5IV-01Z-00-DX1,1,0.9992951,1
tumour/TCGA-NH-A5IV-01Z-00-DX1_24064_27648.jpg,TCGA-NH-A5IV,TCGA-NH-A5IV-01Z-00-DX1,1,0.9997154,1
tumour/TCGA-NH-A5IV-01Z-00-DX1_24064_28672.jpg,TCGA-NH-A5IV,TCGA-NH-A5IV-01Z-00-DX1,1,0.9992041,1
tumour/TCGA-NH-A5IV-01Z-00-DX1_24064_29184.jpg,TCGA-NH-A5IV,TCGA-NH-A5IV-01Z-00-DX1,1,0.9991386,1
tumour/TCGA-NH-A5IV-01Z-00-DX1_24064_4096.jpg,TCGA-NH-A5IV,TCGA-NH-A5IV-01Z-00-DX1,1,0.9995553,1
tumour/TCGA-NH-A5IV-01Z-00-DX1_24064_4608.jpg,TCGA-NH-A5IV,TCGA-NH-A5IV-01Z-00-DX1,1,0.9998789,1
tumour/TCGA-NH-A5IV-01Z-00-DX1_24064_5120.jpg,TCGA-NH-A5IV,TCGA-NH-A5IV-01Z-00-DX1,1,0.9999707,1
tumour/TCGA-NH-A5IV-01Z-00-DX1_24064_5632.jpg,TCGA-NH-A5IV,TCGA-NH-A5IV-01Z-00-DX1,1,0.99994016,1
tumour/TCGA-NH-A5IV-01Z-00-DX1_24064_6144.jpg,TCGA-NH-A5IV,TCGA-NH-A5IV-01Z-00-DX1,1,0.99999595,1
tumour/TCGA-NH-A5IV-01Z-00-DX1_24576_2048.jpg,TCGA-NH-A5IV,TCGA-NH-A5IV-01Z-00-DX1,1,0.999925,1
tumour/TCGA-NH-A5IV-01Z-00-DX1_24576_22528.jpg,TCGA-NH-A5IV,TCGA-NH-A5IV-01Z-00-DX1,1,0.99997675,1
tumour/TCGA-NH-A5IV-01Z-00-DX1_24576_23552.jpg,TCGA-NH-A5IV,TCGA-NH-A5IV-01Z-00-DX1,1,0.9998603,1
tumour/TCGA-NH-A5IV-01Z-00-DX1_24576_2560.jpg,TCGA-NH-A5IV,TCGA-NH-A5IV-01Z-00-DX1,1,0.9999199,1
tumour/TCGA-NH-A5IV-01Z-00-DX1_24576_25600.jpg,TCGA-NH-A5IV,TCGA-NH-A5IV-01Z-00-DX1,1,0.9999691,1
tumour/TCGA-NH-A5IV-01Z-00-DX1_24576_27648.jpg,TCGA-NH-A5IV,TCGA-NH-A5IV-01Z-00-DX1,1,0.99933404,1
tumour/TCGA-NH-A5IV-01Z-00-DX1_24576_28672.jpg,TCGA-NH-A5IV,TCGA-NH-A5IV-01Z-00-DX1,1,0.99999595,1
tumour/TCGA-NH-A5IV-01Z-00-DX1_24576_4608.jpg,TCGA-NH-A5IV,TCGA-NH-A5IV-01Z-00-DX1,1,0.9998634,1
tumour/TCGA-NH-A5IV-01Z-00-DX1_24576_5632.jpg,TCGA-NH-A5IV,TCGA-NH-A5IV-01Z-00-DX1,1,0.99995863,1
tumour/TCGA-NH-A5IV-01Z-00-DX1_25088_1536.jpg,TCGA-NH-A5IV,TCGA-NH-A5IV-01Z-00-DX1,1,0.9999218,1
tumour/TCGA-NH-A5IV-01Z-00-DX1_25088_2048.jpg,TCGA-NH-A5IV,TCGA-NH-A5IV-01Z-00-DX1,1,0.99917126,1
tumour/TCGA-NH-A5IV-01Z-00-DX1_25088_23040.jpg,TCGA-NH-A5IV,TCGA-NH-A5IV-01Z-00-DX1,1,0.9994809,1
tumour/TCGA-NH-A5IV-01Z-00-DX1_25088_24064.jpg,TCGA-NH-A5IV,TCGA-NH-A5IV-01Z-00-DX1,1,0.99997735,1
tumour/TCGA-NH-A5IV-01Z-00-DX1_25088_26112.jpg,TCGA-NH-A5IV,TCGA-NH-A5IV-01Z-00-DX1,1,0.9999933,1
tumour/TCGA-NH-A5IV-01Z-00-DX1_25088_27136.jpg,TCGA-NH-A5IV,TCGA-NH-A5IV-01Z-00-DX1,1,0.9999579,1
tumour/TCGA-NH-A5IV-01Z-00-DX1_25088_27648.jpg,TCGA-NH-A5IV,TCGA-NH-A5IV-01Z-00-DX1,1,0.99991226,1
tumour/TCGA-NH-A5IV-01Z-00-DX1_25088_5120.jpg,TCGA-NH-A5IV,TCGA-NH-A5IV-01Z-00-DX1,1,0.9999616,1
tumour/TCGA-NH-A5IV-01Z-00-DX1_25088_5632.jpg,TCGA-NH-A5IV,TCGA-NH-A5IV-01Z-00-DX1,1,0.9999995,1
tumour/TCGA-NH-A5IV-01Z-00-DX1_25088_6144.jpg,TCGA-NH-A5IV,TCGA-NH-A5IV-01Z-00-DX1,1,0.9999721,1
tumour/TCGA-NH-A5IV-01Z-00-DX1_25600_1536.jpg,TCGA-NH-A5IV,TCGA-NH-A5IV-01Z-00-DX1,1,0.9995665,1
tumour/TCGA-NH-A5IV-01Z-00-DX1_25600_2048.jpg,TCGA-NH-A5IV,TCGA-NH-A5IV-01Z-00-DX1,1,0.9996778,1
tumour/TCGA-NH-A5IV-01Z-00-DX1_25600_23040.jpg,TCGA-NH-A5IV,TCGA-NH-A5IV-01Z-00-DX1,1,0.99939036,1
tumour/TCGA-NH-A5IV-01Z-00-DX1_25600_24576.jpg,TCGA-NH-A5IV,TCGA-NH-A5IV-01Z-00-DX1,1,0.9999163,1
tumour/TCGA-NH-A5IV-01Z-00-DX1_25600_25088.jpg,TCGA-NH-A5IV,TCGA-NH-A5IV-01Z-00-DX1,1,0.9997484,1
tumour/TCGA-NH-A5IV-01Z-00-DX1_25600_26112.jpg,TCGA-NH-A5IV,TCGA-NH-A5IV-01Z-00-DX1,1,0.99994695,1
tumour/TCGA-NH-A5IV-01Z-00-DX1_25600_28160.jpg,TCGA-NH-A5IV,TCGA-NH-A5IV-01Z-00-DX1,1,0.9885662,1
tumour/TCGA-NH-A5IV-01Z-00-DX1_25600_3072.jpg,TCGA-NH-A5IV,TCGA-NH-A5IV-01Z-00-DX1,1,0.9993006,1
tumour/TCGA-NH-A5IV-01Z-00-DX1_25600_4608.jpg,TCGA-NH-A5IV,TCGA-NH-A5IV-01Z-00-DX1,1,0.99996746,1
tumour/TCGA-NH-A5IV-01Z-00-DX1_25600_5120.jpg,TCGA-NH-A5IV,TCGA-NH-A5IV-01Z-00-DX1,1,0.99991167,1
tumour/TCGA-NH-A5IV-01Z-00-DX1_26112_2048.jpg,TCGA-NH-A5IV,TCGA-NH-A5IV-01Z-00-DX1,1,0.99851245,1
tumour/TCGA-NH-A5IV-01Z-00-DX1_26112_22016.jpg,TCGA-NH-A5IV,TCGA-NH-A5IV-01Z-00-DX1,1,0.9999603,1
tumour/TCGA-NH-A5IV-01Z-00-DX1_26112_23040.jpg,TCGA-NH-A5IV,TCGA-NH-A5IV-01Z-00-DX1,1,0.9998636,1
tumour/TCGA-NH-A5IV-01Z-00-DX1_26112_23552.jpg,TCGA-NH-A5IV,TCGA-NH-A5IV-01Z-00-DX1,1,0.99962246,1
tumour/TCGA-NH-A5IV-01Z-00-DX1_26112_24576.jpg,TCGA-NH-A5IV,TCGA-NH-A5IV-01Z-00-DX1,1,0.9999205,1
tumour/TCGA-NH-A5IV-01Z-00-DX1_26112_2560.jpg,TCGA-NH-A5IV,TCGA-NH-A5IV-01Z-00-DX1,1,0.99998987,1
tumour/TCGA-NH-A5IV-01Z-00-DX1_26112_26112.jpg,TCGA-NH-A5IV,TCGA-NH-A5IV-01Z-00-DX1,1,0.99995375,1
tumour/TCGA-NH-A5IV-01Z-00-DX1_26112_26624.jpg,TCGA-NH-A5IV,TCGA-NH-A5IV-01Z-00-DX1,1,0.99997854,1
tumour/TCGA-NH-A5IV-01Z-00-DX1_26112_27136.jpg,TCGA-NH-A5IV,TCGA-NH-A5IV-01Z-00-DX1,1,0.999456,1
tumour/TCGA-NH-A5IV-01Z-00-DX1_26112_5120.jpg,TCGA-NH-A5IV,TCGA-NH-A5IV-01Z-00-DX1,1,0.99991846,1
tumour/TCGA-NH-A5IV-01Z-00-DX1_26112_6144.jpg,TCGA-NH-A5IV,TCGA-NH-A5IV-01Z-00-DX1,1,0.9999721,1
tumour/TCGA-NH-A5IV-01Z-00-DX1_26112_6656.jpg,TCGA-NH-A5IV,TCGA-NH-A5IV-01Z-00-DX1,1,0.9999459,1
tumour/TCGA-NH-A5IV-01Z-00-DX1_26624_10752.jpg,TCGA-NH-A5IV,TCGA-NH-A5IV-01Z-00-DX1,1,0.99996674,1
tumour/TCGA-NH-A5IV-01Z-00-DX1_26624_2048.jpg,TCGA-NH-A5IV,TCGA-NH-A5IV-01Z-00-DX1,1,0.9999442,1
tumour/TCGA-NH-A5IV-01Z-00-DX1_26624_20480.jpg,TCGA-NH-A5IV,TCGA-NH-A5IV-01Z-00-DX1,1,0.99883825,1
tumour/TCGA-NH-A5IV-01Z-00-DX1_26624_20992.jpg,TCGA-NH-A5IV,TCGA-NH-A5IV-01Z-00-DX1,1,0.99996006,1
tumour/TCGA-NH-A5IV-01Z-00-DX1_26624_21504.jpg,TCGA-NH-A5IV,TCGA-NH-A5IV-01Z-00-DX1,1,0.9999614,1
tumour/TCGA-NH-A5IV-01Z-00-DX1_26624_22528.jpg,TCGA-NH-A5IV,TCGA-NH-A5IV-01Z-00-DX1,1,0.99976796,1
tumour/TCGA-NH-A5IV-01Z-00-DX1_26624_23040.jpg,TCGA-NH-A5IV,TCGA-NH-A5IV-01Z-00-DX1,1,0.9996704,1
tumour/TCGA-NH-A5IV-01Z-00-DX1_26624_24064.jpg,TCGA-NH-A5IV,TCGA-NH-A5IV-01Z-00-DX1,1,0.99998856,1
tumour/TCGA-NH-A5IV-01Z-00-DX1_26624_24576.jpg,TCGA-NH-A5IV,TCGA-NH-A5IV-01Z-00-DX1,1,0.99998736,1
tumour/TCGA-NH-A5IV-01Z-00-DX1_26624_25088.jpg,TCGA-NH-A5IV,TCGA-NH-A5IV-01Z-00-DX1,1,0.9999988,1
tumour/TCGA-NH-A5IV-01Z-00-DX1_26624_26624.jpg,TCGA-NH-A5IV,TCGA-NH-A5IV-01Z-00-DX1,1,0.9987827,1
tumour/TCGA-NH-A5IV-01Z-00-DX1_26624_6656.jpg,TCGA-NH-A5IV,TCGA-NH-A5IV-01Z-00-DX1,1,0.9995309,1
tumour/TCGA-NH-A5IV-01Z-00-DX1_26624_7168.jpg,TCGA-NH-A5IV,TCGA-NH-A5IV-01Z-00-DX1,1,0.999987,1
tumour/TCGA-NH-A5IV-01Z-00-DX1_26624_7680.jpg,TCGA-NH-A5IV,TCGA-NH-A5IV-01Z-00-DX1,1,0.9969283,1
tumour/TCGA-NH-A5IV-01Z-00-DX1_27136_10240.jpg,TCGA-NH-A5IV,TCGA-NH-A5IV-01Z-00-DX1,1,0.999998,1
tumour/TCGA-NH-A5IV-01Z-00-DX1_27136_10752.jpg,TCGA-NH-A5IV,TCGA-NH-A5IV-01Z-00-DX1,1,0.99999356,1
tumour/TCGA-NH-A5IV-01Z-00-DX1_27136_1536.jpg,TCGA-NH-A5IV,TCGA-NH-A5IV-01Z-00-DX1,1,0.9997743,1
tumour/TCGA-NH-A5IV-01Z-00-DX1_27136_19968.jpg,TCGA-NH-A5IV,TCGA-NH-A5IV-01Z-00-DX1,1,0.9967303,1
tumour/TCGA-NH-A5IV-01Z-00-DX1_27136_2048.jpg,TCGA-NH-A5IV,TCGA-NH-A5IV-01Z-00-DX1,1,0.99990714,1
tumour/TCGA-NH-A5IV-01Z-00-DX1_27136_20480.jpg,TCGA-NH-A5IV,TCGA-NH-A5IV-01Z-00-DX1,1,0.99963033,1
tumour/TCGA-NH-A5IV-01Z-00-DX1_27136_21504.jpg,TCGA-NH-A5IV,TCGA-NH-A5IV-01Z-00-DX1,1,0.99998415,1
tumour/TCGA-NH-A5IV-01Z-00-DX1_27136_22016.jpg,TCGA-NH-A5IV,TCGA-NH-A5IV-01Z-00-DX1,1,0.99997914,1
tumour/TCGA-NH-A5IV-01Z-00-DX1_27136_23040.jpg,TCGA-NH-A5IV,TCGA-NH-A5IV-01Z-00-DX1,1,0.9997167,1
tumour/TCGA-NH-A5IV-01Z-00-DX1_27136_24064.jpg,TCGA-NH-A5IV,TCGA-NH-A5IV-01Z-00-DX1,1,0.9999292,1
tumour/TCGA-NH-A5IV-01Z-00-DX1_27136_25600.jpg,TCGA-NH-A5IV,TCGA-NH-A5IV-01Z-00-DX1,1,0.9999722,1
tumour/TCGA-NH-A5IV-01Z-00-DX1_27136_3584.jpg,TCGA-NH-A5IV,TCGA-NH-A5IV-01Z-00-DX1,1,0.9999883,1
tumour/TCGA-NH-A5IV-01Z-00-DX1_27136_6144.jpg,TCGA-NH-A5IV,TCGA-NH-A5IV-01Z-00-DX1,1,0.99999523,1
tumour/TCGA-NH-A5IV-01Z-00-DX1_27136_7680.jpg,TCGA-NH-A5IV,TCGA-NH-A5IV-01Z-00-DX1,1,0.9957223,1
tumour/TCGA-NH-A5IV-01Z-00-DX1_27136_8704.jpg,TCGA-NH-A5IV,TCGA-NH-A5IV-01Z-00-DX1,1,0.999879,1
tumour/TCGA-NH-A5IV-01Z-00-DX1_27648_10240.jpg,TCGA-NH-A5IV,TCGA-NH-A5IV-01Z-00-DX1,1,0.9999994,1
tumour/TCGA-NH-A5IV-01Z-00-DX1_27648_21504.jpg,TCGA-NH-A5IV,TCGA-NH-A5IV-01Z-00-DX1,1,0.9999807,1
tumour/TCGA-NH-A5IV-01Z-00-DX1_27648_22016.jpg,TCGA-NH-A5IV,TCGA-NH-A5IV-01Z-00-DX1,1,0.9994137,1
tumour/TCGA-NH-A5IV-01Z-00-DX1_27648_23040.jpg,TCGA-NH-A5IV,TCGA-NH-A5IV-01Z-00-DX1,1,0.9778472,1
tumour/TCGA-NH-A5IV-01Z-00-DX1_27648_23552.jpg,TCGA-NH-A5IV,TCGA-NH-A5IV-01Z-00-DX1,1,0.99967706,1
tumour/TCGA-NH-A5IV-01Z-00-DX1_27648_25088.jpg,TCGA-NH-A5IV,TCGA-NH-A5IV-01Z-00-DX1,1,0.9999411,1
tumour/TCGA-NH-A5IV-01Z-00-DX1_27648_2560.jpg,TCGA-NH-A5IV,TCGA-NH-A5IV-01Z-00-DX1,1,0.9999938,1
tumour/TCGA-NH-A5IV-01Z-00-DX1_27648_3072.jpg,TCGA-NH-A5IV,TCGA-NH-A5IV-01Z-00-DX1,1,0.9995896,1
tumour/TCGA-NH-A5IV-01Z-00-DX1_27648_3584.jpg,TCGA-NH-A5IV,TCGA-NH-A5IV-01Z-00-DX1,1,0.99997663,1
tumour/TCGA-NH-A5IV-01Z-00-DX1_27648_6656.jpg,TCGA-NH-A5IV,TCGA-NH-A5IV-01Z-00-DX1,1,0.9999713,1
tumour/TCGA-NH-A5IV-01Z-00-DX1_27648_7168.jpg,TCGA-NH-A5IV,TCGA-NH-A5IV-01Z-00-DX1,1,0.9923403,1
tumour/TCGA-NH-A5IV-01Z-00-DX1_27648_7680.jpg,TCGA-NH-A5IV,TCGA-NH-A5IV-01Z-00-DX1,1,0.8764216,1
tumour/TCGA-NH-A5IV-01Z-00-DX1_27648_8704.jpg,TCGA-NH-A5IV,TCGA-NH-A5IV-01Z-00-DX1,1,0.9999703,1
tumour/TCGA-NH-A5IV-01Z-00-DX1_27648_9216.jpg,TCGA-NH-A5IV,TCGA-NH-A5IV-01Z-00-DX1,1,0.99993,1
tumour/TCGA-NH-A5IV-01Z-00-DX1_28160_11264.jpg,TCGA-NH-A5IV,TCGA-NH-A5IV-01Z-00-DX1,1,0.99996746,1
tumour/TCGA-NH-A5IV-01Z-00-DX1_28160_11776.jpg,TCGA-NH-A5IV,TCGA-NH-A5IV-01Z-00-DX1,1,0.9987871,1
tumour/TCGA-NH-A5IV-01Z-00-DX1_28160_12288.jpg,TCGA-NH-A5IV,TCGA-NH-A5IV-01Z-00-DX1,1,0.999977,1
tumour/TCGA-NH-A5IV-01Z-00-DX1_28160_1536.jpg,TCGA-NH-A5IV,TCGA-NH-A5IV-01Z-00-DX1,1,0.939512,1
tumour/TCGA-NH-A5IV-01Z-00-DX1_28160_2048.jpg,TCGA-NH-A5IV,TCGA-NH-A5IV-01Z-00-DX1,1,0.9980546,1
tumour/TCGA-NH-A5IV-01Z-00-DX1_28160_20480.jpg,TCGA-NH-A5IV,TCGA-NH-A5IV-01Z-00-DX1,1,0.99999046,1
tumour/TCGA-NH-A5IV-01Z-00-DX1_28160_20992.jpg,TCGA-NH-A5IV,TCGA-NH-A5IV-01Z-00-DX1,1,0.99965906,1
tumour/TCGA-NH-A5IV-01Z-00-DX1_28160_22528.jpg,TCGA-NH-A5IV,TCGA-NH-A5IV-01Z-00-DX1,1,0.998727,1
tumour/TCGA-NH-A5IV-01Z-00-DX1_28160_3072.jpg,TCGA-NH-A5IV,TCGA-NH-A5IV-01Z-00-DX1,1,0.9999933,1
tumour/TCGA-NH-A5IV-01Z-00-DX1_28160_7680.jpg,TCGA-NH-A5IV,TCGA-NH-A5IV-01Z-00-DX1,1,0.99691355,1
tumour/TCGA-NH-A5IV-01Z-00-DX1_28160_8704.jpg,TCGA-NH-A5IV,TCGA-NH-A5IV-01Z-00-DX1,1,0.99973255,1
tumour/TCGA-NH-A5IV-01Z-00-DX1_28160_9216.jpg,TCGA-NH-A5IV,TCGA-NH-A5IV-01Z-00-DX1,1,0.9999708,1
tumour/TCGA-NH-A5IV-01Z-00-DX1_28672_10240.jpg,TCGA-NH-A5IV,TCGA-NH-A5IV-01Z-00-DX1,1,0.99963546,1
tumour/TCGA-NH-A5IV-01Z-00-DX1_28672_12288.jpg,TCGA-NH-A5IV,TCGA-NH-A5IV-01Z-00-DX1,1,0.9959806,1
tumour/TCGA-NH-A5IV-01Z-00-DX1_28672_13824.jpg,TCGA-NH-A5IV,TCGA-NH-A5IV-01Z-00-DX1,1,0.9998561,1
tumour/TCGA-NH-A5IV-01Z-00-DX1_28672_1536.jpg,TCGA-NH-A5IV,TCGA-NH-A5IV-01Z-00-DX1,1,0.9985599,1
tumour/TCGA-NH-A5IV-01Z-00-DX1_28672_15360.jpg,TCGA-NH-A5IV,TCGA-NH-A5IV-01Z-00-DX1,1,0.99982613,1
tumour/TCGA-NH-A5IV-01Z-00-DX1_28672_18432.jpg,TCGA-NH-A5IV,TCGA-NH-A5IV-01Z-00-DX1,1,0.9999784,1
tumour/TCGA-NH-A5IV-01Z-00-DX1_28672_18944.jpg,TCGA-NH-A5IV,TCGA-NH-A5IV-01Z-00-DX1,1,0.99998367,1
tumour/TCGA-NH-A5IV-01Z-00-DX1_28672_19456.jpg,TCGA-NH-A5IV,TCGA-NH-A5IV-01Z-00-DX1,1,0.9998198,1
tumour/TCGA-NH-A5IV-01Z-00-DX1_28672_20992.jpg,TCGA-NH-A5IV,TCGA-NH-A5IV-01Z-00-DX1,1,0.9998048,1
tumour/TCGA-NH-A5IV-01Z-00-DX1_28672_22016.jpg,TCGA-NH-A5IV,TCGA-NH-A5IV-01Z-00-DX1,1,0.9992331,1
tumour/TCGA-NH-A5IV-01Z-00-DX1_28672_22528.jpg,TCGA-NH-A5IV,TCGA-NH-A5IV-01Z-00-DX1,1,0.9999932,1
tumour/TCGA-NH-A5IV-01Z-00-DX1_28672_23040.jpg,TCGA-NH-A5IV,TCGA-NH-A5IV-01Z-00-DX1,1,0.99997926,1
tumour/TCGA-NH-A5IV-01Z-00-DX1_28672_23552.jpg,TCGA-NH-A5IV,TCGA-NH-A5IV-01Z-00-DX1,1,0.99991775,1
tumour/TCGA-NH-A5IV-01Z-00-DX1_28672_24576.jpg,TCGA-NH-A5IV,TCGA-NH-A5IV-01Z-00-DX1,1,0.9985453,1
tumour/TCGA-NH-A5IV-01Z-00-DX1_28672_25088.jpg,TCGA-NH-A5IV,TCGA-NH-A5IV-01Z-00-DX1,1,0.9996766,1
tumour/TCGA-NH-A5IV-01Z-00-DX1_28672_2560.jpg,TCGA-NH-A5IV,TCGA-NH-A5IV-01Z-00-DX1,1,0.9998678,1
tumour/TCGA-NH-A5IV-01Z-00-DX1_28672_25600.jpg,TCGA-NH-A5IV,TCGA-NH-A5IV-01Z-00-DX1,1,0.9998254,1
tumour/TCGA-NH-A5IV-01Z-00-DX1_28672_3072.jpg,TCGA-NH-A5IV,TCGA-NH-A5IV-01Z-00-DX1,1,0.99999845,1
tumour/TCGA-NH-A5IV-01Z-00-DX1_28672_4096.jpg,TCGA-NH-A5IV,TCGA-NH-A5IV-01Z-00-DX1,1,0.99560165,1
tumour/TCGA-NH-A5IV-01Z-00-DX1_28672_7168.jpg,TCGA-NH-A5IV,TCGA-NH-A5IV-01Z-00-DX1,1,0.99952674,1
tumour/TCGA-NH-A5IV-01Z-00-DX1_28672_7680.jpg,TCGA-NH-A5IV,TCGA-NH-A5IV-01Z-00-DX1,1,0.9999956,1
tumour/TCGA-NH-A5IV-01Z-00-DX1_28672_9216.jpg,TCGA-NH-A5IV,TCGA-NH-A5IV-01Z-00-DX1,1,0.9999876,1
tumour/TCGA-NH-A5IV-01Z-00-DX1_28672_9728.jpg,TCGA-NH-A5IV,TCGA-NH-A5IV-01Z-00-DX1,1,0.9997969,1
tumour/TCGA-NH-A5IV-01Z-00-DX1_29184_11776.jpg,TCGA-NH-A5IV,TCGA-NH-A5IV-01Z-00-DX1,1,0.9986089,1
tumour/TCGA-NH-A5IV-01Z-00-DX1_29184_12288.jpg,TCGA-NH-A5IV,TCGA-NH-A5IV-01Z-00-DX1,1,0.99996877,1
tumour/TCGA-NH-A5IV-01Z-00-DX1_29184_13824.jpg,TCGA-NH-A5IV,TCGA-NH-A5IV-01Z-00-DX1,1,0.999992,1
tumour/TCGA-NH-A5IV-01Z-00-DX1_29184_14336.jpg,TCGA-NH-A5IV,TCGA-NH-A5IV-01Z-00-DX1,1,0.9994617,1
tumour/TCGA-NH-A5IV-01Z-00-DX1_29184_14848.jpg,TCGA-NH-A5IV,TCGA-NH-A5IV-01Z-00-DX1,1,0.99999356,1
tumour/TCGA-NH-A5IV-01Z-00-DX1_29184_15360.jpg,TCGA-NH-A5IV,TCGA-NH-A5IV-01Z-00-DX1,1,0.9999732,1
tumour/TCGA-NH-A5IV-01Z-00-DX1_29184_18944.jpg,TCGA-NH-A5IV,TCGA-NH-A5IV-01Z-00-DX1,1,0.99967074,1
tumour/TCGA-NH-A5IV-01Z-00-DX1_29184_19456.jpg,TCGA-NH-A5IV,TCGA-NH-A5IV-01Z-00-DX1,1,0.9995259,1
tumour/TCGA-NH-A5IV-01Z-00-DX1_29184_2048.jpg,TCGA-NH-A5IV,TCGA-NH-A5IV-01Z-00-DX1,1,0.99981016,1
tumour/TCGA-NH-A5IV-01Z-00-DX1_29184_20992.jpg,TCGA-NH-A5IV,TCGA-NH-A5IV-01Z-00-DX1,1,0.9999254,1
tumour/TCGA-NH-A5IV-01Z-00-DX1_29184_22528.jpg,TCGA-NH-A5IV,TCGA-NH-A5IV-01Z-00-DX1,1,0.99983644,1
tumour/TCGA-NH-A5IV-01Z-00-DX1_29184_23040.jpg,TCGA-NH-A5IV,TCGA-NH-A5IV-01Z-00-DX1,1,0.99980646,1
tumour/TCGA-NH-A5IV-01Z-00-DX1_29184_24576.jpg,TCGA-NH-A5IV,TCGA-NH-A5IV-01Z-00-DX1,1,0.9998739,1
tumour/TCGA-NH-A5IV-01Z-00-DX1_29184_25088.jpg,TCGA-NH-A5IV,TCGA-NH-A5IV-01Z-00-DX1,1,0.99998116,1
tumour/TCGA-NH-A5IV-01Z-00-DX1_29184_2560.jpg,TCGA-NH-A5IV,TCGA-NH-A5IV-01Z-00-DX1,1,0.9993649,1
tumour/TCGA-NH-A5IV-01Z-00-DX1_29184_3072.jpg,TCGA-NH-A5IV,TCGA-NH-A5IV-01Z-00-DX1,1,0.9999989,1
tumour/TCGA-NH-A5IV-01Z-00-DX1_29184_7680.jpg,TCGA-NH-A5IV,TCGA-NH-A5IV-01Z-00-DX1,1,0.99995816,1
tumour/TCGA-NH-A5IV-01Z-00-DX1_29184_8192.jpg,TCGA-NH-A5IV,TCGA-NH-A5IV-01Z-00-DX1,1,0.9999627,1
tumour/TCGA-NH-A5IV-01Z-00-DX1_29184_8704.jpg,TCGA-NH-A5IV,TCGA-NH-A5IV-01Z-00-DX1,1,0.9999664,1
tumour/TCGA-NH-A5IV-01Z-00-DX1_29184_9216.jpg,TCGA-NH-A5IV,TCGA-NH-A5IV-01Z-00-DX1,1,0.99997807,1
tumour/TCGA-NH-A5IV-01Z-00-DX1_29184_9728.jpg,TCGA-NH-A5IV,TCGA-NH-A5IV-01Z-00-DX1,1,0.99994004,1
tumour/TCGA-NH-A5IV-01Z-00-DX1_29696_10240.jpg,TCGA-NH-A5IV,TCGA-NH-A5IV-01Z-00-DX1,1,0.9998982,1
tumour/TCGA-NH-A5IV-01Z-00-DX1_29696_13312.jpg,TCGA-NH-A5IV,TCGA-NH-A5IV-01Z-00-DX1,1,0.99411196,1
tumour/TCGA-NH-A5IV-01Z-00-DX1_29696_13824.jpg,TCGA-NH-A5IV,TCGA-NH-A5IV-01Z-00-DX1,1,0.9999459,1
tumour/TCGA-NH-A5IV-01Z-00-DX1_29696_16896.jpg,TCGA-NH-A5IV,TCGA-NH-A5IV-01Z-00-DX1,1,0.99958366,1
tumour/TCGA-NH-A5IV-01Z-00-DX1_29696_17408.jpg,TCGA-NH-A5IV,TCGA-NH-A5IV-01Z-00-DX1,1,0.99909997,1
tumour/TCGA-NH-A5IV-01Z-00-DX1_29696_19456.jpg,TCGA-NH-A5IV,TCGA-NH-A5IV-01Z-00-DX1,1,0.99998856,1
tumour/TCGA-NH-A5IV-01Z-00-DX1_29696_19968.jpg,TCGA-NH-A5IV,TCGA-NH-A5IV-01Z-00-DX1,1,0.99998116,1
tumour/TCGA-NH-A5IV-01Z-00-DX1_29696_2048.jpg,TCGA-NH-A5IV,TCGA-NH-A5IV-01Z-00-DX1,1,0.9991811,1
tumour/TCGA-NH-A5IV-01Z-00-DX1_29696_20992.jpg,TCGA-NH-A5IV,TCGA-NH-A5IV-01Z-00-DX1,1,0.9999933,1
tumour/TCGA-NH-A5IV-01Z-00-DX1_29696_21504.jpg,TCGA-NH-A5IV,TCGA-NH-A5IV-01Z-00-DX1,1,0.999964,1
tumour/TCGA-NH-A5IV-01Z-00-DX1_29696_22528.jpg,TCGA-NH-A5IV,TCGA-NH-A5IV-01Z-00-DX1,1,0.9999932,1
tumour/TCGA-NH-A5IV-01Z-00-DX1_29696_23552.jpg,TCGA-NH-A5IV,TCGA-NH-A5IV-01Z-00-DX1,1,0.99720424,1
tumour/TCGA-NH-A5IV-01Z-00-DX1_29696_24064.jpg,TCGA-NH-A5IV,TCGA-NH-A5IV-01Z-00-DX1,1,0.9999373,1
tumour/TCGA-NH-A5IV-01Z-00-DX1_29696_24576.jpg,TCGA-NH-A5IV,TCGA-NH-A5IV-01Z-00-DX1,1,0.9998745,1
tumour/TCGA-NH-A5IV-01Z-00-DX1_29696_2560.jpg,TCGA-NH-A5IV,TCGA-NH-A5IV-01Z-00-DX1,1,0.9999449,1
tumour/TCGA-NH-A5IV-01Z-00-DX1_29696_3072.jpg,TCGA-NH-A5IV,TCGA-NH-A5IV-01Z-00-DX1,1,0.9999919,1
tumour/TCGA-NH-A5IV-01Z-00-DX1_29696_3584.jpg,TCGA-NH-A5IV,TCGA-NH-A5IV-01Z-00-DX1,1,0.9999931,1
tumour/TCGA-NH-A5IV-01Z-00-DX1_29696_4096.jpg,TCGA-NH-A5IV,TCGA-NH-A5IV-01Z-00-DX1,1,0.999985,1
tumour/TCGA-NH-A5IV-01Z-00-DX1_29696_9728.jpg,TCGA-NH-A5IV,TCGA-NH-A5IV-01Z-00-DX1,1,0.9999877,1
tumour/TCGA-NH-A5IV-01Z-00-DX1_30208_10240.jpg,TCGA-NH-A5IV,TCGA-NH-A5IV-01Z-00-DX1,1,0.9999349,1
tumour/TCGA-NH-A5IV-01Z-00-DX1_30208_11264.jpg,TCGA-NH-A5IV,TCGA-NH-A5IV-01Z-00-DX1,1,0.9998951,1
tumour/TCGA-NH-A5IV-01Z-00-DX1_30208_14336.jpg,TCGA-NH-A5IV,TCGA-NH-A5IV-01Z-00-DX1,1,0.9999969,1
tumour/TCGA-NH-A5IV-01Z-00-DX1_30208_14848.jpg,TCGA-NH-A5IV,TCGA-NH-A5IV-01Z-00-DX1,1,0.99988294,1
tumour/TCGA-NH-A5IV-01Z-00-DX1_30208_1536.jpg,TCGA-NH-A5IV,TCGA-NH-A5IV-01Z-00-DX1,1,0.9666391,1
tumour/TCGA-NH-A5IV-01Z-00-DX1_30208_15360.jpg,TCGA-NH-A5IV,TCGA-NH-A5IV-01Z-00-DX1,1,0.9995696,1
tumour/TCGA-NH-A5IV-01Z-00-DX1_30208_15872.jpg,TCGA-NH-A5IV,TCGA-NH-A5IV-01Z-00-DX1,1,0.9988803,1
tumour/TCGA-NH-A5IV-01Z-00-DX1_30208_16896.jpg,TCGA-NH-A5IV,TCGA-NH-A5IV-01Z-00-DX1,1,0.99998355,1
tumour/TCGA-NH-A5IV-01Z-00-DX1_30208_17920.jpg,TCGA-NH-A5IV,TCGA-NH-A5IV-01Z-00-DX1,1,0.9999672,1
tumour/TCGA-NH-A5IV-01Z-00-DX1_30208_18432.jpg,TCGA-NH-A5IV,TCGA-NH-A5IV-01Z-00-DX1,1,0.9998996,1
tumour/TCGA-NH-A5IV-01Z-00-DX1_30208_19968.jpg,TCGA-NH-A5IV,TCGA-NH-A5IV-01Z-00-DX1,1,0.9986786,1
tumour/TCGA-NH-A5IV-01Z-00-DX1_30208_2048.jpg,TCGA-NH-A5IV,TCGA-NH-A5IV-01Z-00-DX1,1,0.9999434,1
tumour/TCGA-NH-A5IV-01Z-00-DX1_30208_20992.jpg,TCGA-NH-A5IV,TCGA-NH-A5IV-01Z-00-DX1,1,0.99998,1
tumour/TCGA-NH-A5IV-01Z-00-DX1_30208_21504.jpg,TCGA-NH-A5IV,TCGA-NH-A5IV-01Z-00-DX1,1,0.99941635,1
tumour/TCGA-NH-A5IV-01Z-00-DX1_30208_23040.jpg,TCGA-NH-A5IV,TCGA-NH-A5IV-01Z-00-DX1,1,0.9999213,1
tumour/TCGA-NH-A5IV-01Z-00-DX1_30208_24064.jpg,TCGA-NH-A5IV,TCGA-NH-A5IV-01Z-00-DX1,1,0.9997931,1
tumour/TCGA-NH-A5IV-01Z-00-DX1_30208_24576.jpg,TCGA-NH-A5IV,TCGA-NH-A5IV-01Z-00-DX1,1,0.9999918,1
tumour/TCGA-NH-A5IV-01Z-00-DX1_30208_25088.jpg,TCGA-NH-A5IV,TCGA-NH-A5IV-01Z-00-DX1,1,0.9999758,1
tumour/TCGA-NH-A5IV-01Z-00-DX1_30208_3072.jpg,TCGA-NH-A5IV,TCGA-NH-A5IV-01Z-00-DX1,1,0.9999919,1
tumour/TCGA-NH-A5IV-01Z-00-DX1_30720_11264.jpg,TCGA-NH-A5IV,TCGA-NH-A5IV-01Z-00-DX1,1,0.9978009,1
tumour/TCGA-NH-A5IV-01Z-00-DX1_30720_11776.jpg,TCGA-NH-A5IV,TCGA-NH-A5IV-01Z-00-DX1,1,0.99829346,1
tumour/TCGA-NH-A5IV-01Z-00-DX1_30720_14336.jpg,TCGA-NH-A5IV,TCGA-NH-A5IV-01Z-00-DX1,1,0.9999796,1
tumour/TCGA-NH-A5IV-01Z-00-DX1_30720_14848.jpg,TCGA-NH-A5IV,TCGA-NH-A5IV-01Z-00-DX1,1,0.99797076,1
tumour/TCGA-NH-A5IV-01Z-00-DX1_30720_15360.jpg,TCGA-NH-A5IV,TCGA-NH-A5IV-01Z-00-DX1,1,0.999954,1
tumour/TCGA-NH-A5IV-01Z-00-DX1_30720_16384.jpg,TCGA-NH-A5IV,TCGA-NH-A5IV-01Z-00-DX1,1,0.99998057,1
tumour/TCGA-NH-A5IV-01Z-00-DX1_30720_16896.jpg,TCGA-NH-A5IV,TCGA-NH-A5IV-01Z-00-DX1,1,0.99968565,1
tumour/TCGA-NH-A5IV-01Z-00-DX1_30720_2048.jpg,TCGA-NH-A5IV,TCGA-NH-A5IV-01Z-00-DX1,1,0.995275,1
tumour/TCGA-NH-A5IV-01Z-00-DX1_30720_21504.jpg,TCGA-NH-A5IV,TCGA-NH-A5IV-01Z-00-DX1,1,0.9983015,1
tumour/TCGA-NH-A5IV-01Z-00-DX1_30720_23552.jpg,TCGA-NH-A5IV,TCGA-NH-A5IV-01Z-00-DX1,1,0.99929523,1
tumour/TCGA-NH-A5IV-01Z-00-DX1_30720_25088.jpg,TCGA-NH-A5IV,TCGA-NH-A5IV-01Z-00-DX1,1,0.9998271,1
tumour/TCGA-NH-A5IV-01Z-00-DX1_30720_2560.jpg,TCGA-NH-A5IV,TCGA-NH-A5IV-01Z-00-DX1,1,0.999977,1
tumour/TCGA-NH-A5IV-01Z-00-DX1_30720_3072.jpg,TCGA-NH-A5IV,TCGA-NH-A5IV-01Z-00-DX1,1,0.99955744,1
tumour/TCGA-NH-A5IV-01Z-00-DX1_30720_4096.jpg,TCGA-NH-A5IV,TCGA-NH-A5IV-01Z-00-DX1,1,0.9999683,1
tumour/TCGA-NH-A5IV-01Z-00-DX1_31232_12288.jpg,TCGA-NH-A5IV,TCGA-NH-A5IV-01Z-00-DX1,1,0.9998783,1
tumour/TCGA-NH-A5IV-01Z-00-DX1_31232_12800.jpg,TCGA-NH-A5IV,TCGA-NH-A5IV-01Z-00-DX1,1,0.99904555,1
tumour/TCGA-NH-A5IV-01Z-00-DX1_31232_15360.jpg,TCGA-NH-A5IV,TCGA-NH-A5IV-01Z-00-DX1,1,0.99499893,1
tumour/TCGA-NH-A5IV-01Z-00-DX1_31232_15872.jpg,TCGA-NH-A5IV,TCGA-NH-A5IV-01Z-00-DX1,1,0.9999676,1
tumour/TCGA-NH-A5IV-01Z-00-DX1_31232_16384.jpg,TCGA-NH-A5IV,TCGA-NH-A5IV-01Z-00-DX1,1,0.99999607,1
tumour/TCGA-NH-A5IV-01Z-00-DX1_31232_17920.jpg,TCGA-NH-A5IV,TCGA-NH-A5IV-01Z-00-DX1,1,0.99889565,1
tumour/TCGA-NH-A5IV-01Z-00-DX1_31232_18432.jpg,TCGA-NH-A5IV,TCGA-NH-A5IV-01Z-00-DX1,1,0.99971575,1
tumour/TCGA-NH-A5IV-01Z-00-DX1_31232_19968.jpg,TCGA-NH-A5IV,TCGA-NH-A5IV-01Z-00-DX1,1,0.99989724,1
tumour/TCGA-NH-A5IV-01Z-00-DX1_31232_20480.jpg,TCGA-NH-A5IV,TCGA-NH-A5IV-01Z-00-DX1,1,0.99999034,1
tumour/TCGA-NH-A5IV-01Z-00-DX1_31232_21504.jpg,TCGA-NH-A5IV,TCGA-NH-A5IV-01Z-00-DX1,1,0.99965906,1
tumour/TCGA-NH-A5IV-01Z-00-DX1_31232_22016.jpg,TCGA-NH-A5IV,TCGA-NH-A5IV-01Z-00-DX1,1,0.9999316,1
tumour/TCGA-NH-A5IV-01Z-00-DX1_31232_22528.jpg,TCGA-NH-A5IV,TCGA-NH-A5IV-01Z-00-DX1,1,0.9999801,1
tumour/TCGA-NH-A5IV-01Z-00-DX1_31232_23552.jpg,TCGA-NH-A5IV,TCGA-NH-A5IV-01Z-00-DX1,1,0.9999304,1
tumour/TCGA-NH-A5IV-01Z-00-DX1_31232_25088.jpg,TCGA-NH-A5IV,TCGA-NH-A5IV-01Z-00-DX1,1,0.99999917,1
tumour/TCGA-NH-A5IV-01Z-00-DX1_31232_25600.jpg,TCGA-NH-A5IV,TCGA-NH-A5IV-01Z-00-DX1,1,0.99395365,1
tumour/TCGA-NH-A5IV-01Z-00-DX1_31232_3584.jpg,TCGA-NH-A5IV,TCGA-NH-A5IV-01Z-00-DX1,1,0.9999249,1
tumour/TCGA-NH-A5IV-01Z-00-DX1_31232_4096.jpg,TCGA-NH-A5IV,TCGA-NH-A5IV-01Z-00-DX1,1,0.99997985,1
tumour/TCGA-NH-A5IV-01Z-00-DX1_31232_5120.jpg,TCGA-NH-A5IV,TCGA-NH-A5IV-01Z-00-DX1,1,0.9999721,1
tumour/TCGA-NH-A5IV-01Z-00-DX1_31232_5632.jpg,TCGA-NH-A5IV,TCGA-NH-A5IV-01Z-00-DX1,1,0.99994063,1
tumour/TCGA-NH-A5IV-01Z-00-DX1_31744_13312.jpg,TCGA-NH-A5IV,TCGA-NH-A5IV-01Z-00-DX1,1,0.9998896,1
tumour/TCGA-NH-A5IV-01Z-00-DX1_31744_13824.jpg,TCGA-NH-A5IV,TCGA-NH-A5IV-01Z-00-DX1,1,0.9915581,1
tumour/TCGA-NH-A5IV-01Z-00-DX1_31744_17408.jpg,TCGA-NH-A5IV,TCGA-NH-A5IV-01Z-00-DX1,1,0.9995011,1
tumour/TCGA-NH-A5IV-01Z-00-DX1_31744_20992.jpg,TCGA-NH-A5IV,TCGA-NH-A5IV-01Z-00-DX1,1,0.9977387,1
tumour/TCGA-NH-A5IV-01Z-00-DX1_31744_22528.jpg,TCGA-NH-A5IV,TCGA-NH-A5IV-01Z-00-DX1,1,0.99981016,1
tumour/TCGA-NH-A5IV-01Z-00-DX1_31744_23552.jpg,TCGA-NH-A5IV,TCGA-NH-A5IV-01Z-00-DX1,1,0.9996321,1
tumour/TCGA-NH-A5IV-01Z-00-DX1_31744_24576.jpg,TCGA-NH-A5IV,TCGA-NH-A5IV-01Z-00-DX1,1,0.99995124,1
tumour/TCGA-NH-A5IV-01Z-00-DX1_32256_12800.jpg,TCGA-NH-A5IV,TCGA-NH-A5IV-01Z-00-DX1,1,0.9999838,1
tumour/TCGA-NH-A5IV-01Z-00-DX1_32256_14336.jpg,TCGA-NH-A5IV,TCGA-NH-A5IV-01Z-00-DX1,1,0.9970245,1
tumour/TCGA-NH-A5IV-01Z-00-DX1_32256_14848.jpg,TCGA-NH-A5IV,TCGA-NH-A5IV-01Z-00-DX1,1,0.9995758,1
tumour/TCGA-NH-A5IV-01Z-00-DX1_32256_19456.jpg,TCGA-NH-A5IV,TCGA-NH-A5IV-01Z-00-DX1,1,0.9999963,1
tumour/TCGA-NH-A5IV-01Z-00-DX1_32256_19968.jpg,TCGA-NH-A5IV,TCGA-NH-A5IV-01Z-00-DX1,1,0.9999908,1
tumour/TCGA-NH-A5IV-01Z-00-DX1_32256_2048.jpg,TCGA-NH-A5IV,TCGA-NH-A5IV-01Z-00-DX1,1,0.99854773,1
tumour/TCGA-NH-A5IV-01Z-00-DX1_32256_20992.jpg,TCGA-NH-A5IV,TCGA-NH-A5IV-01Z-00-DX1,1,0.99997556,1
tumour/TCGA-NH-A5IV-01Z-00-DX1_32256_23040.jpg,TCGA-NH-A5IV,TCGA-NH-A5IV-01Z-00-DX1,1,0.99982953,1
tumour/TCGA-NH-A5IV-01Z-00-DX1_32256_24064.jpg,TCGA-NH-A5IV,TCGA-NH-A5IV-01Z-00-DX1,1,0.99994063,1
tumour/TCGA-NH-A5IV-01Z-00-DX1_32256_25088.jpg,TCGA-NH-A5IV,TCGA-NH-A5IV-01Z-00-DX1,1,0.99223244,1
tumour/TCGA-NH-A5IV-01Z-00-DX1_32256_2560.jpg,TCGA-NH-A5IV,TCGA-NH-A5IV-01Z-00-DX1,1,0.99962914,1
tumour/TCGA-NH-A5IV-01Z-00-DX1_32256_3584.jpg,TCGA-NH-A5IV,TCGA-NH-A5IV-01Z-00-DX1,1,0.99995375,1
tumour/TCGA-NH-A5IV-01Z-00-DX1_32256_4096.jpg,TCGA-NH-A5IV,TCGA-NH-A5IV-01Z-00-DX1,1,0.9996958,1
tumour/TCGA-NH-A5IV-01Z-00-DX1_32256_5120.jpg,TCGA-NH-A5IV,TCGA-NH-A5IV-01Z-00-DX1,1,0.9999763,1
tumour/TCGA-NH-A5IV-01Z-00-DX1_32256_5632.jpg,TCGA-NH-A5IV,TCGA-NH-A5IV-01Z-00-DX1,1,0.9999478,1
tumour/TCGA-NH-A5IV-01Z-00-DX1_32256_9216.jpg,TCGA-NH-A5IV,TCGA-NH-A5IV-01Z-00-DX1,1,0.99953437,1
tumour/TCGA-NH-A5IV-01Z-00-DX1_32768_10240.jpg,TCGA-NH-A5IV,TCGA-NH-A5IV-01Z-00-DX1,1,0.99999726,1
tumour/TCGA-NH-A5IV-01Z-00-DX1_32768_13312.jpg,TCGA-NH-A5IV,TCGA-NH-A5IV-01Z-00-DX1,1,0.9997203,1
tumour/TCGA-NH-A5IV-01Z-00-DX1_32768_14336.jpg,TCGA-NH-A5IV,TCGA-NH-A5IV-01Z-00-DX1,1,0.9998611,1
tumour/TCGA-NH-A5IV-01Z-00-DX1_32768_14848.jpg,TCGA-NH-A5IV,TCGA-NH-A5IV-01Z-00-DX1,1,0.99915695,1
tumour/TCGA-NH-A5IV-01Z-00-DX1_32768_15360.jpg,TCGA-NH-A5IV,TCGA-NH-A5IV-01Z-00-DX1,1,0.9991301,1
tumour/TCGA-NH-A5IV-01Z-00-DX1_32768_15872.jpg,TCGA-NH-A5IV,TCGA-NH-A5IV-01Z-00-DX1,1,0.99998343,1
tumour/TCGA-NH-A5IV-01Z-00-DX1_32768_16896.jpg,TCGA-NH-A5IV,TCGA-NH-A5IV-01Z-00-DX1,1,0.9990085,1
tumour/TCGA-NH-A5IV-01Z-00-DX1_32768_17408.jpg,TCGA-NH-A5IV,TCGA-NH-A5IV-01Z-00-DX1,1,0.9999485,1
tumour/TCGA-NH-A5IV-01Z-00-DX1_32768_18432.jpg,TCGA-NH-A5IV,TCGA-NH-A5IV-01Z-00-DX1,1,0.99997413,1
tumour/TCGA-NH-A5IV-01Z-00-DX1_32768_19968.jpg,TCGA-NH-A5IV,TCGA-NH-A5IV-01Z-00-DX1,1,0.99943906,1
tumour/TCGA-NH-A5IV-01Z-00-DX1_32768_2048.jpg,TCGA-NH-A5IV,TCGA-NH-A5IV-01Z-00-DX1,1,0.9905077,1
tumour/TCGA-NH-A5IV-01Z-00-DX1_32768_20992.jpg,TCGA-NH-A5IV,TCGA-NH-A5IV-01Z-00-DX1,1,0.99999046,1
tumour/TCGA-NH-A5IV-01Z-00-DX1_32768_23552.jpg,TCGA-NH-A5IV,TCGA-NH-A5IV-01Z-00-DX1,1,0.999995,1
tumour/TCGA-NH-A5IV-01Z-00-DX1_32768_24064.jpg,TCGA-NH-A5IV,TCGA-NH-A5IV-01Z-00-DX1,1,0.999877,1
tumour/TCGA-NH-A5IV-01Z-00-DX1_32768_24576.jpg,TCGA-NH-A5IV,TCGA-NH-A5IV-01Z-00-DX1,1,0.99999094,1
tumour/TCGA-NH-A5IV-01Z-00-DX1_32768_2560.jpg,TCGA-NH-A5IV,TCGA-NH-A5IV-01Z-00-DX1,1,0.99971145,1
tumour/TCGA-NH-A5IV-01Z-00-DX1_32768_4608.jpg,TCGA-NH-A5IV,TCGA-NH-A5IV-01Z-00-DX1,1,0.99999654,1
tumour/TCGA-NH-A5IV-01Z-00-DX1_32768_5120.jpg,TCGA-NH-A5IV,TCGA-NH-A5IV-01Z-00-DX1,1,0.99997044,1
tumour/TCGA-NH-A5IV-01Z-00-DX1_33280_10752.jpg,TCGA-NH-A5IV,TCGA-NH-A5IV-01Z-00-DX1,1,0.9999882,1
tumour/TCGA-NH-A5IV-01Z-00-DX1_33280_14848.jpg,TCGA-NH-A5IV,TCGA-NH-A5IV-01Z-00-DX1,1,0.999765,1
tumour/TCGA-NH-A5IV-01Z-00-DX1_33280_17408.jpg,TCGA-NH-A5IV,TCGA-NH-A5IV-01Z-00-DX1,1,0.99970585,1
tumour/TCGA-NH-A5IV-01Z-00-DX1_33280_17920.jpg,TCGA-NH-A5IV,TCGA-NH-A5IV-01Z-00-DX1,1,0.9999026,1
tumour/TCGA-NH-A5IV-01Z-00-DX1_33280_2048.jpg,TCGA-NH-A5IV,TCGA-NH-A5IV-01Z-00-DX1,1,0.997398,1
tumour/TCGA-NH-A5IV-01Z-00-DX1_33280_20992.jpg,TCGA-NH-A5IV,TCGA-NH-A5IV-01Z-00-DX1,1,0.99929714,1
tumour/TCGA-NH-A5IV-01Z-00-DX1_33280_21504.jpg,TCGA-NH-A5IV,TCGA-NH-A5IV-01Z-00-DX1,1,0.9999746,1
tumour/TCGA-NH-A5IV-01Z-00-DX1_33280_22016.jpg,TCGA-NH-A5IV,TCGA-NH-A5IV-01Z-00-DX1,1,0.99996305,1
tumour/TCGA-NH-A5IV-01Z-00-DX1_33280_22528.jpg,TCGA-NH-A5IV,TCGA-NH-A5IV-01Z-00-DX1,1,0.9999175,1
tumour/TCGA-NH-A5IV-01Z-00-DX1_33280_2560.jpg,TCGA-NH-A5IV,TCGA-NH-A5IV-01Z-00-DX1,1,0.9993166,1
tumour/TCGA-NH-A5IV-01Z-00-DX1_33280_3072.jpg,TCGA-NH-A5IV,TCGA-NH-A5IV-01Z-00-DX1,1,0.9999869,1
tumour/TCGA-NH-A5IV-01Z-00-DX1_33280_3584.jpg,TCGA-NH-A5IV,TCGA-NH-A5IV-01Z-00-DX1,1,0.99994457,1
tumour/TCGA-NH-A5IV-01Z-00-DX1_33280_4608.jpg,TCGA-NH-A5IV,TCGA-NH-A5IV-01Z-00-DX1,1,0.9999821,1
tumour/TCGA-NH-A5IV-01Z-00-DX1_33280_5632.jpg,TCGA-NH-A5IV,TCGA-NH-A5IV-01Z-00-DX1,1,0.9995202,1
tumour/TCGA-NH-A5IV-01Z-00-DX1_33280_6656.jpg,TCGA-NH-A5IV,TCGA-NH-A5IV-01Z-00-DX1,1,0.999966,1
tumour/TCGA-NH-A5IV-01Z-00-DX1_33792_11264.jpg,TCGA-NH-A5IV,TCGA-NH-A5IV-01Z-00-DX1,1,0.9996061,1
tumour/TCGA-NH-A5IV-01Z-00-DX1_33792_11776.jpg,TCGA-NH-A5IV,TCGA-NH-A5IV-01Z-00-DX1,1,0.9998067,1
tumour/TCGA-NH-A5IV-01Z-00-DX1_33792_15872.jpg,TCGA-NH-A5IV,TCGA-NH-A5IV-01Z-00-DX1,1,0.9999397,1
tumour/TCGA-NH-A5IV-01Z-00-DX1_33792_16384.jpg,TCGA-NH-A5IV,TCGA-NH-A5IV-01Z-00-DX1,1,0.9999701,1
tumour/TCGA-NH-A5IV-01Z-00-DX1_33792_17408.jpg,TCGA-NH-A5IV,TCGA-NH-A5IV-01Z-00-DX1,1,0.9998659,1
tumour/TCGA-NH-A5IV-01Z-00-DX1_33792_17920.jpg,TCGA-NH-A5IV,TCGA-NH-A5IV-01Z-00-DX1,1,0.99999225,1
tumour/TCGA-NH-A5IV-01Z-00-DX1_33792_18432.jpg,TCGA-NH-A5IV,TCGA-NH-A5IV-01Z-00-DX1,1,0.98921436,1
tumour/TCGA-NH-A5IV-01Z-00-DX1_33792_19456.jpg,TCGA-NH-A5IV,TCGA-NH-A5IV-01Z-00-DX1,1,0.999813,1
tumour/TCGA-NH-A5IV-01Z-00-DX1_33792_19968.jpg,TCGA-NH-A5IV,TCGA-NH-A5IV-01Z-00-DX1,1,0.99998426,1
tumour/TCGA-NH-A5IV-01Z-00-DX1_33792_20992.jpg,TCGA-NH-A5IV,TCGA-NH-A5IV-01Z-00-DX1,1,0.9998791,1
tumour/TCGA-NH-A5IV-01Z-00-DX1_33792_3584.jpg,TCGA-NH-A5IV,TCGA-NH-A5IV-01Z-00-DX1,1,0.99993443,1
tumour/TCGA-NH-A5IV-01Z-00-DX1_33792_4096.jpg,TCGA-NH-A5IV,TCGA-NH-A5IV-01Z-00-DX1,1,0.99998045,1
tumour/TCGA-NH-A5IV-01Z-00-DX1_33792_5120.jpg,TCGA-NH-A5IV,TCGA-NH-A5IV-01Z-00-DX1,1,0.999866,1
tumour/TCGA-NH-A5IV-01Z-00-DX1_33792_5632.jpg,TCGA-NH-A5IV,TCGA-NH-A5IV-01Z-00-DX1,1,0.99991083,1
tumour/TCGA-NH-A5IV-01Z-00-DX1_33792_6144.jpg,TCGA-NH-A5IV,TCGA-NH-A5IV-01Z-00-DX1,1,0.9993734,1
tumour/TCGA-NH-A5IV-01Z-00-DX1_33792_6656.jpg,TCGA-NH-A5IV,TCGA-NH-A5IV-01Z-00-DX1,1,0.9999789,1
tumour/TCGA-NH-A5IV-01Z-00-DX1_34304_13312.jpg,TCGA-NH-A5IV,TCGA-NH-A5IV-01Z-00-DX1,1,0.9998621,1
tumour/TCGA-NH-A5IV-01Z-00-DX1_34304_14848.jpg,TCGA-NH-A5IV,TCGA-NH-A5IV-01Z-00-DX1,1,0.9999888,1
tumour/TCGA-NH-A5IV-01Z-00-DX1_34304_15360.jpg,TCGA-NH-A5IV,TCGA-NH-A5IV-01Z-00-DX1,1,0.9999037,1
tumour/TCGA-NH-A5IV-01Z-00-DX1_34304_16896.jpg,TCGA-NH-A5IV,TCGA-NH-A5IV-01Z-00-DX1,1,0.9772689,1
tumour/TCGA-NH-A5IV-01Z-00-DX1_34304_17408.jpg,TCGA-NH-A5IV,TCGA-NH-A5IV-01Z-00-DX1,1,0.99977666,1
tumour/TCGA-NH-A5IV-01Z-00-DX1_34304_18944.jpg,TCGA-NH-A5IV,TCGA-NH-A5IV-01Z-00-DX1,1,0.99993074,1
tumour/TCGA-NH-A5IV-01Z-00-DX1_34304_19456.jpg,TCGA-NH-A5IV,TCGA-NH-A5IV-01Z-00-DX1,1,0.99909174,1
tumour/TCGA-NH-A5IV-01Z-00-DX1_34304_21504.jpg,TCGA-NH-A5IV,TCGA-NH-A5IV-01Z-00-DX1,1,0.9999305,1
tumour/TCGA-NH-A5IV-01Z-00-DX1_34304_2560.jpg,TCGA-NH-A5IV,TCGA-NH-A5IV-01Z-00-DX1,1,0.9997608,1
tumour/TCGA-NH-A5IV-01Z-00-DX1_34304_3072.jpg,TCGA-NH-A5IV,TCGA-NH-A5IV-01Z-00-DX1,1,0.99990153,1
tumour/TCGA-NH-A5IV-01Z-00-DX1_34304_4096.jpg,TCGA-NH-A5IV,TCGA-NH-A5IV-01Z-00-DX1,1,0.99973756,1
tumour/TCGA-NH-A5IV-01Z-00-DX1_34304_4608.jpg,TCGA-NH-A5IV,TCGA-NH-A5IV-01Z-00-DX1,1,0.9975555,1
tumour/TCGA-NH-A5IV-01Z-00-DX1_34304_5120.jpg,TCGA-NH-A5IV,TCGA-NH-A5IV-01Z-00-DX1,1,0.9999975,1
tumour/TCGA-NH-A5IV-01Z-00-DX1_34304_5632.jpg,TCGA-NH-A5IV,TCGA-NH-A5IV-01Z-00-DX1,1,0.9999988,1
tumour/TCGA-NH-A5IV-01Z-00-DX1_34304_6656.jpg,TCGA-NH-A5IV,TCGA-NH-A5IV-01Z-00-DX1,1,0.99994814,1
tumour/TCGA-NH-A5IV-01Z-00-DX1_34816_12288.jpg,TCGA-NH-A5IV,TCGA-NH-A5IV-01Z-00-DX1,1,0.9850676,1
tumour/TCGA-NH-A5IV-01Z-00-DX1_34816_13312.jpg,TCGA-NH-A5IV,TCGA-NH-A5IV-01Z-00-DX1,1,0.99734145,1
tumour/TCGA-NH-A5IV-01Z-00-DX1_34816_15360.jpg,TCGA-NH-A5IV,TCGA-NH-A5IV-01Z-00-DX1,1,0.9998635,1
tumour/TCGA-NH-A5IV-01Z-00-DX1_34816_16896.jpg,TCGA-NH-A5IV,TCGA-NH-A5IV-01Z-00-DX1,1,0.99459213,1
tumour/TCGA-NH-A5IV-01Z-00-DX1_34816_17408.jpg,TCGA-NH-A5IV,TCGA-NH-A5IV-01Z-00-DX1,1,0.98255056,1
tumour/TCGA-NH-A5IV-01Z-00-DX1_34816_20480.jpg,TCGA-NH-A5IV,TCGA-NH-A5IV-01Z-00-DX1,1,0.99791723,1
tumour/TCGA-NH-A5IV-01Z-00-DX1_34816_20992.jpg,TCGA-NH-A5IV,TCGA-NH-A5IV-01Z-00-DX1,1,0.99998915,1
tumour/TCGA-NH-A5IV-01Z-00-DX1_34816_21504.jpg,TCGA-NH-A5IV,TCGA-NH-A5IV-01Z-00-DX1,1,0.99984825,1
tumour/TCGA-NH-A5IV-01Z-00-DX1_34816_22528.jpg,TCGA-NH-A5IV,TCGA-NH-A5IV-01Z-00-DX1,1,0.98484355,1
tumour/TCGA-NH-A5IV-01Z-00-DX1_34816_3072.jpg,TCGA-NH-A5IV,TCGA-NH-A5IV-01Z-00-DX1,1,0.99529356,1
tumour/TCGA-NH-A5IV-01Z-00-DX1_34816_3584.jpg,TCGA-NH-A5IV,TCGA-NH-A5IV-01Z-00-DX1,1,0.99992573,1
tumour/TCGA-NH-A5IV-01Z-00-DX1_34816_4608.jpg,TCGA-NH-A5IV,TCGA-NH-A5IV-01Z-00-DX1,1,0.9996927,1
tumour/TCGA-NH-A5IV-01Z-00-DX1_34816_5120.jpg,TCGA-NH-A5IV,TCGA-NH-A5IV-01Z-00-DX1,1,0.99951637,1
tumour/TCGA-NH-A5IV-01Z-00-DX1_34816_6144.jpg,TCGA-NH-A5IV,TCGA-NH-A5IV-01Z-00-DX1,1,0.99998534,1
tumour/TCGA-NH-A5IV-01Z-00-DX1_35328_15872.jpg,TCGA-NH-A5IV,TCGA-NH-A5IV-01Z-00-DX1,1,0.99999595,1
tumour/TCGA-NH-A5IV-01Z-00-DX1_35328_17408.jpg,TCGA-NH-A5IV,TCGA-NH-A5IV-01Z-00-DX1,1,0.9998778,1
tumour/TCGA-NH-A5IV-01Z-00-DX1_35328_17920.jpg,TCGA-NH-A5IV,TCGA-NH-A5IV-01Z-00-DX1,1,0.99987304,1
tumour/TCGA-NH-A5IV-01Z-00-DX1_35328_18432.jpg,TCGA-NH-A5IV,TCGA-NH-A5IV-01Z-00-DX1,1,0.99992466,1
tumour/TCGA-NH-A5IV-01Z-00-DX1_35328_18944.jpg,TCGA-NH-A5IV,TCGA-NH-A5IV-01Z-00-DX1,1,0.99993134,1
tumour/TCGA-NH-A5IV-01Z-00-DX1_35328_19968.jpg,TCGA-NH-A5IV,TCGA-NH-A5IV-01Z-00-DX1,1,0.9999733,1
tumour/TCGA-NH-A5IV-01Z-00-DX1_35328_20480.jpg,TCGA-NH-A5IV,TCGA-NH-A5IV-01Z-00-DX1,1,0.999303,1
tumour/TCGA-NH-A5IV-01Z-00-DX1_35328_22016.jpg,TCGA-NH-A5IV,TCGA-NH-A5IV-01Z-00-DX1,1,0.9997682,1
tumour/TCGA-NH-A5IV-01Z-00-DX1_35328_4608.jpg,TCGA-NH-A5IV,TCGA-NH-A5IV-01Z-00-DX1,1,0.99994767,1
tumour/TCGA-NH-A5IV-01Z-00-DX1_35328_5120.jpg,TCGA-NH-A5IV,TCGA-NH-A5IV-01Z-00-DX1,1,0.9999118,1
tumour/TCGA-NH-A5IV-01Z-00-DX1_35328_6144.jpg,TCGA-NH-A5IV,TCGA-NH-A5IV-01Z-00-DX1,1,0.99999845,1
tumour/TCGA-NH-A5IV-01Z-00-DX1_35328_6656.jpg,TCGA-NH-A5IV,TCGA-NH-A5IV-01Z-00-DX1,1,0.9999362,1
tumour/TCGA-NH-A5IV-01Z-00-DX1_35840_15360.jpg,TCGA-NH-A5IV,TCGA-NH-A5IV-01Z-00-DX1,1,0.9992343,1
tumour/TCGA-NH-A5IV-01Z-00-DX1_35840_15872.jpg,TCGA-NH-A5IV,TCGA-NH-A5IV-01Z-00-DX1,1,0.9997936,1
tumour/TCGA-NH-A5IV-01Z-00-DX1_35840_16896.jpg,TCGA-NH-A5IV,TCGA-NH-A5IV-01Z-00-DX1,1,0.9999813,1
tumour/TCGA-NH-A5IV-01Z-00-DX1_35840_18432.jpg,TCGA-NH-A5IV,TCGA-NH-A5IV-01Z-00-DX1,1,0.9995127,1
tumour/TCGA-NH-A5IV-01Z-00-DX1_35840_18944.jpg,TCGA-NH-A5IV,TCGA-NH-A5IV-01Z-00-DX1,1,0.9999944,1
tumour/TCGA-NH-A5IV-01Z-00-DX1_35840_19968.jpg,TCGA-NH-A5IV,TCGA-NH-A5IV-01Z-00-DX1,1,0.9997861,1
tumour/TCGA-NH-A5IV-01Z-00-DX1_35840_5120.jpg,TCGA-NH-A5IV,TCGA-NH-A5IV-01Z-00-DX1,1,0.9996107,1
tumour/TCGA-NH-A5IV-01Z-00-DX1_36352_15360.jpg,TCGA-NH-A5IV,TCGA-NH-A5IV-01Z-00-DX1,1,0.99853694,1
tumour/TCGA-NH-A5IV-01Z-00-DX1_36352_17408.jpg,TCGA-NH-A5IV,TCGA-NH-A5IV-01Z-00-DX1,1,0.9999682,1
tumour/TCGA-NH-A5IV-01Z-00-DX1_36352_18432.jpg,TCGA-NH-A5IV,TCGA-NH-A5IV-01Z-00-DX1,1,0.9996536,1
tumour/TCGA-NH-A5IV-01Z-00-DX1_36352_18944.jpg,TCGA-NH-A5IV,TCGA-NH-A5IV-01Z-00-DX1,1,0.9999807,1
tumour/TCGA-NH-A5IV-01Z-00-DX1_36352_19456.jpg,TCGA-NH-A5IV,TCGA-NH-A5IV-01Z-00-DX1,1,0.99989355,1
tumour/TCGA-NH-A5IV-01Z-00-DX1_36352_19968.jpg,TCGA-NH-A5IV,TCGA-NH-A5IV-01Z-00-DX1,1,0.99993956,1
tumour/TCGA-NH-A5IV-01Z-00-DX1_36352_6656.jpg,TCGA-NH-A5IV,TCGA-NH-A5IV-01Z-00-DX1,1,0.9999863,1
tumour/TCGA-NH-A5IV-01Z-00-DX1_36352_7680.jpg,TCGA-NH-A5IV,TCGA-NH-A5IV-01Z-00-DX1,1,0.9999802,1
tumour/TCGA-NH-A5IV-01Z-00-DX1_36864_2560.jpg,TCGA-NH-A5IV,TCGA-NH-A5IV-01Z-00-DX1,1,0.9996308,1
tumour/TCGA-NH-A5IV-01Z-00-DX1_36864_3072.jpg,TCGA-NH-A5IV,TCGA-NH-A5IV-01Z-00-DX1,1,0.99955815,1
tumour/TCGA-NH-A5IV-01Z-00-DX1_36864_3584.jpg,TCGA-NH-A5IV,TCGA-NH-A5IV-01Z-00-DX1,1,0.9999845,1
tumour/TCGA-NH-A5IV-01Z-00-DX1_36864_4096.jpg,TCGA-NH-A5IV,TCGA-NH-A5IV-01Z-00-DX1,1,0.9999881,1
tumour/TCGA-NH-A5IV-01Z-00-DX1_37376_2560.jpg,TCGA-NH-A5IV,TCGA-NH-A5IV-01Z-00-DX1,1,0.9993024,1
tumour/TCGA-NH-A5IV-01Z-00-DX1_37376_4096.jpg,TCGA-NH-A5IV,TCGA-NH-A5IV-01Z-00-DX1,1,0.99997187,1
tumour/TCGA-NH-A5IV-01Z-00-DX1_37376_5632.jpg,TCGA-NH-A5IV,TCGA-NH-A5IV-01Z-00-DX1,1,0.9999279,1
tumour/TCGA-NH-A5IV-01Z-00-DX1_37376_6144.jpg,TCGA-NH-A5IV,TCGA-NH-A5IV-01Z-00-DX1,1,0.9992101,1
tumour/TCGA-NH-A5IV-01Z-00-DX1_37888_3072.jpg,TCGA-NH-A5IV,TCGA-NH-A5IV-01Z-00-DX1,1,0.9984761,1
tumour/TCGA-NH-A5IV-01Z-00-DX1_37888_4096.jpg,TCGA-NH-A5IV,TCGA-NH-A5IV-01Z-00-DX1,1,0.9999962,1
tumour/TCGA-NH-A5IV-01Z-00-DX1_37888_6144.jpg,TCGA-NH-A5IV,TCGA-NH-A5IV-01Z-00-DX1,1,0.99997807,1
tumour/TCGA-NH-A5IV-01Z-00-DX1_37888_6656.jpg,TCGA-NH-A5IV,TCGA-NH-A5IV-01Z-00-DX1,1,0.9999912,1
tumour/TCGA-NH-A5IV-01Z-00-DX1_38400_3072.jpg,TCGA-NH-A5IV,TCGA-NH-A5IV-01Z-00-DX1,1,0.99956435,1
tumour/TCGA-NH-A5IV-01Z-00-DX1_38400_4608.jpg,TCGA-NH-A5IV,TCGA-NH-A5IV-01Z-00-DX1,1,0.99999654,1
tumour/TCGA-NH-A5IV-01Z-00-DX1_38400_5632.jpg,TCGA-NH-A5IV,TCGA-NH-A5IV-01Z-00-DX1,1,0.99863344,1
tumour/TCGA-NH-A5IV-01Z-00-DX1_38400_6656.jpg,TCGA-NH-A5IV,TCGA-NH-A5IV-01Z-00-DX1,1,0.98271483,1
tumour/TCGA-NH-A5IV-01Z-00-DX1_38400_7168.jpg,TCGA-NH-A5IV,TCGA-NH-A5IV-01Z-00-DX1,1,0.9995627,1
tumour/TCGA-NH-A5IV-01Z-00-DX1_38400_9216.jpg,TCGA-NH-A5IV,TCGA-NH-A5IV-01Z-00-DX1,1,0.9999801,1
tumour/TCGA-NH-A5IV-01Z-00-DX1_38912_10752.jpg,TCGA-NH-A5IV,TCGA-NH-A5IV-01Z-00-DX1,1,0.99967325,1
tumour/TCGA-NH-A5IV-01Z-00-DX1_38912_11264.jpg,TCGA-NH-A5IV,TCGA-NH-A5IV-01Z-00-DX1,1,0.99962354,1
tumour/TCGA-NH-A5IV-01Z-00-DX1_38912_12288.jpg,TCGA-NH-A5IV,TCGA-NH-A5IV-01Z-00-DX1,1,0.9999852,1
tumour/TCGA-NH-A5IV-01Z-00-DX1_38912_3584.jpg,TCGA-NH-A5IV,TCGA-NH-A5IV-01Z-00-DX1,1,0.9988501,1
tumour/TCGA-NH-A5IV-01Z-00-DX1_38912_4096.jpg,TCGA-NH-A5IV,TCGA-NH-A5IV-01Z-00-DX1,1,0.9599542,1
tumour/TCGA-NH-A5IV-01Z-00-DX1_38912_4608.jpg,TCGA-NH-A5IV,TCGA-NH-A5IV-01Z-00-DX1,1,0.99366075,1
tumour/TCGA-NH-A5IV-01Z-00-DX1_38912_6144.jpg,TCGA-NH-A5IV,TCGA-NH-A5IV-01Z-00-DX1,1,0.99995494,1
tumour/TCGA-NH-A5IV-01Z-00-DX1_38912_6656.jpg,TCGA-NH-A5IV,TCGA-NH-A5IV-01Z-00-DX1,1,0.99987066,1
tumour/TCGA-NH-A5IV-01Z-00-DX1_38912_7168.jpg,TCGA-NH-A5IV,TCGA-NH-A5IV-01Z-00-DX1,1,0.99906963,1
tumour/TCGA-NH-A5IV-01Z-00-DX1_39424_10240.jpg,TCGA-NH-A5IV,TCGA-NH-A5IV-01Z-00-DX1,1,0.9999912,1
tumour/TCGA-NH-A5IV-01Z-00-DX1_39424_11264.jpg,TCGA-NH-A5IV,TCGA-NH-A5IV-01Z-00-DX1,1,0.99999475,1
tumour/TCGA-NH-A5IV-01Z-00-DX1_39424_5120.jpg,TCGA-NH-A5IV,TCGA-NH-A5IV-01Z-00-DX1,1,0.99697876,1
tumour/TCGA-NH-A5IV-01Z-00-DX1_39424_5632.jpg,TCGA-NH-A5IV,TCGA-NH-A5IV-01Z-00-DX1,1,0.9984059,1
tumour/TCGA-NH-A5IV-01Z-00-DX1_39424_6656.jpg,TCGA-NH-A5IV,TCGA-NH-A5IV-01Z-00-DX1,1,0.9997229,1
tumour/TCGA-NH-A5IV-01Z-00-DX1_39424_7680.jpg,TCGA-NH-A5IV,TCGA-NH-A5IV-01Z-00-DX1,1,0.9998729,1
tumour/TCGA-NH-A5IV-01Z-00-DX1_39424_8192.jpg,TCGA-NH-A5IV,TCGA-NH-A5IV-01Z-00-DX1,1,0.9999913,1
tumour/TCGA-NH-A5IV-01Z-00-DX1_39424_8704.jpg,TCGA-NH-A5IV,TCGA-NH-A5IV-01Z-00-DX1,1,0.99999535,1
tumour/TCGA-NH-A5IV-01Z-00-DX1_39424_9216.jpg,TCGA-NH-A5IV,TCGA-NH-A5IV-01Z-00-DX1,1,0.9999945,1
tumour/TCGA-NH-A5IV-01Z-00-DX1_39424_9728.jpg,TCGA-NH-A5IV,TCGA-NH-A5IV-01Z-00-DX1,1,0.99998736,1
tumour/TCGA-NH-A5IV-01Z-00-DX1_39936_11264.jpg,TCGA-NH-A5IV,TCGA-NH-A5IV-01Z-00-DX1,1,0.999882,1
tumour/TCGA-NH-A5IV-01Z-00-DX1_39936_11776.jpg,TCGA-NH-A5IV,TCGA-NH-A5IV-01Z-00-DX1,1,0.9998716,1
tumour/TCGA-NH-A5IV-01Z-00-DX1_39936_12288.jpg,TCGA-NH-A5IV,TCGA-NH-A5IV-01Z-00-DX1,1,0.99880505,1
tumour/TCGA-NH-A5IV-01Z-00-DX1_39936_3584.jpg,TCGA-NH-A5IV,TCGA-NH-A5IV-01Z-00-DX1,1,0.9999666,1
tumour/TCGA-NH-A5IV-01Z-00-DX1_39936_4096.jpg,TCGA-NH-A5IV,TCGA-NH-A5IV-01Z-00-DX1,1,0.9964205,1
tumour/TCGA-NH-A5IV-01Z-00-DX1_39936_4608.jpg,TCGA-NH-A5IV,TCGA-NH-A5IV-01Z-00-DX1,1,0.9996805,1
tumour/TCGA-NH-A5IV-01Z-00-DX1_39936_8192.jpg,TCGA-NH-A5IV,TCGA-NH-A5IV-01Z-00-DX1,1,0.99998164,1
tumour/TCGA-NH-A5IV-01Z-00-DX1_39936_8704.jpg,TCGA-NH-A5IV,TCGA-NH-A5IV-01Z-00-DX1,1,0.99999726,1
tumour/TCGA-NH-A5IV-01Z-00-DX1_39936_9216.jpg,TCGA-NH-A5IV,TCGA-NH-A5IV-01Z-00-DX1,1,0.999652,1
tumour/TCGA-NH-A5IV-01Z-00-DX1_40448_10240.jpg,TCGA-NH-A5IV,TCGA-NH-A5IV-01Z-00-DX1,1,0.99996984,1
tumour/TCGA-NH-A5IV-01Z-00-DX1_40448_11776.jpg,TCGA-NH-A5IV,TCGA-NH-A5IV-01Z-00-DX1,1,0.9994498,1
tumour/TCGA-NH-A5IV-01Z-00-DX1_40448_12288.jpg,TCGA-NH-A5IV,TCGA-NH-A5IV-01Z-00-DX1,1,0.99998355,1
tumour/TCGA-NH-A5IV-01Z-00-DX1_40448_14848.jpg,TCGA-NH-A5IV,TCGA-NH-A5IV-01Z-00-DX1,1,0.9999708,1
tumour/TCGA-NH-A5IV-01Z-00-DX1_40448_5120.jpg,TCGA-NH-A5IV,TCGA-NH-A5IV-01Z-00-DX1,1,0.9965766,1
tumour/TCGA-NH-A5IV-01Z-00-DX1_40448_9216.jpg,TCGA-NH-A5IV,TCGA-NH-A5IV-01Z-00-DX1,1,0.9999505,1
tumour/TCGA-NH-A5IV-01Z-00-DX1_40448_9728.jpg,TCGA-NH-A5IV,TCGA-NH-A5IV-01Z-00-DX1,1,0.9990859,1
tumour/TCGA-NH-A5IV-01Z-00-DX1_40960_11264.jpg,TCGA-NH-A5IV,TCGA-NH-A5IV-01Z-00-DX1,1,0.9692255,1
tumour/TCGA-NH-A5IV-01Z-00-DX1_40960_11776.jpg,TCGA-NH-A5IV,TCGA-NH-A5IV-01Z-00-DX1,1,0.999438,1
tumour/TCGA-NH-A5IV-01Z-00-DX1_40960_14336.jpg,TCGA-NH-A5IV,TCGA-NH-A5IV-01Z-00-DX1,1,0.9999825,1
tumour/TCGA-NH-A5IV-01Z-00-DX1_40960_15360.jpg,TCGA-NH-A5IV,TCGA-NH-A5IV-01Z-00-DX1,1,0.9999989,1
tumour/TCGA-NH-A5IV-01Z-00-DX1_40960_15872.jpg,TCGA-NH-A5IV,TCGA-NH-A5IV-01Z-00-DX1,1,0.9999938,1
tumour/TCGA-NH-A5IV-01Z-00-DX1_40960_5632.jpg,TCGA-NH-A5IV,TCGA-NH-A5IV-01Z-00-DX1,1,0.9994923,1
tumour/TCGA-NH-A5IV-01Z-00-DX1_40960_8704.jpg,TCGA-NH-A5IV,TCGA-NH-A5IV-01Z-00-DX1,1,0.99999726,1
tumour/TCGA-NH-A5IV-01Z-00-DX1_40960_9728.jpg,TCGA-NH-A5IV,TCGA-NH-A5IV-01Z-00-DX1,1,0.9998468,1
tumour/TCGA-NH-A5IV-01Z-00-DX1_4096_5632.jpg,TCGA-NH-A5IV,TCGA-NH-A5IV-01Z-00-DX1,1,0.97084945,1
tumour/TCGA-NH-A5IV-01Z-00-DX1_4096_6144.jpg,TCGA-NH-A5IV,TCGA-NH-A5IV-01Z-00-DX1,1,0.99996376,1
tumour/TCGA-NH-A5IV-01Z-00-DX1_4096_7680.jpg,TCGA-NH-A5IV,TCGA-NH-A5IV-01Z-00-DX1,1,0.99999905,1
tumour/TCGA-NH-A5IV-01Z-00-DX1_41472_10240.jpg,TCGA-NH-A5IV,TCGA-NH-A5IV-01Z-00-DX1,1,0.99999475,1
tumour/TCGA-NH-A5IV-01Z-00-DX1_41472_13312.jpg,TCGA-NH-A5IV,TCGA-NH-A5IV-01Z-00-DX1,1,0.9999701,1
tumour/TCGA-NH-A5IV-01Z-00-DX1_41472_13824.jpg,TCGA-NH-A5IV,TCGA-NH-A5IV-01Z-00-DX1,1,0.99999046,1
tumour/TCGA-NH-A5IV-01Z-00-DX1_41472_14336.jpg,TCGA-NH-A5IV,TCGA-NH-A5IV-01Z-00-DX1,1,0.9999074,1
tumour/TCGA-NH-A5IV-01Z-00-DX1_41472_14848.jpg,TCGA-NH-A5IV,TCGA-NH-A5IV-01Z-00-DX1,1,0.9997335,1
tumour/TCGA-NH-A5IV-01Z-00-DX1_41472_15360.jpg,TCGA-NH-A5IV,TCGA-NH-A5IV-01Z-00-DX1,1,0.999519,1
tumour/TCGA-NH-A5IV-01Z-00-DX1_41472_3584.jpg,TCGA-NH-A5IV,TCGA-NH-A5IV-01Z-00-DX1,1,0.99998367,1
tumour/TCGA-NH-A5IV-01Z-00-DX1_41472_4608.jpg,TCGA-NH-A5IV,TCGA-NH-A5IV-01Z-00-DX1,1,0.9998142,1
tumour/TCGA-NH-A5IV-01Z-00-DX1_41472_5632.jpg,TCGA-NH-A5IV,TCGA-NH-A5IV-01Z-00-DX1,1,0.98644173,1
tumour/TCGA-NH-A5IV-01Z-00-DX1_41472_8192.jpg,TCGA-NH-A5IV,TCGA-NH-A5IV-01Z-00-DX1,1,0.99835014,1
tumour/TCGA-NH-A5IV-01Z-00-DX1_41472_8704.jpg,TCGA-NH-A5IV,TCGA-NH-A5IV-01Z-00-DX1,1,0.99994004,1
tumour/TCGA-NH-A5IV-01Z-00-DX1_41472_9216.jpg,TCGA-NH-A5IV,TCGA-NH-A5IV-01Z-00-DX1,1,0.99995744,1
tumour/TCGA-NH-A5IV-01Z-00-DX1_41472_9728.jpg,TCGA-NH-A5IV,TCGA-NH-A5IV-01Z-00-DX1,1,0.99971217,1
tumour/TCGA-NH-A5IV-01Z-00-DX1_41984_10240.jpg,TCGA-NH-A5IV,TCGA-NH-A5IV-01Z-00-DX1,1,0.9999989,1
tumour/TCGA-NH-A5IV-01Z-00-DX1_41984_11264.jpg,TCGA-NH-A5IV,TCGA-NH-A5IV-01Z-00-DX1,1,0.99998426,1
tumour/TCGA-NH-A5IV-01Z-00-DX1_41984_12800.jpg,TCGA-NH-A5IV,TCGA-NH-A5IV-01Z-00-DX1,1,0.9999827,1
tumour/TCGA-NH-A5IV-01Z-00-DX1_41984_13824.jpg,TCGA-NH-A5IV,TCGA-NH-A5IV-01Z-00-DX1,1,0.99986017,1
tumour/TCGA-NH-A5IV-01Z-00-DX1_41984_3584.jpg,TCGA-NH-A5IV,TCGA-NH-A5IV-01Z-00-DX1,1,0.99987805,1
tumour/TCGA-NH-A5IV-01Z-00-DX1_41984_4096.jpg,TCGA-NH-A5IV,TCGA-NH-A5IV-01Z-00-DX1,1,0.99985397,1
tumour/TCGA-NH-A5IV-01Z-00-DX1_41984_5632.jpg,TCGA-NH-A5IV,TCGA-NH-A5IV-01Z-00-DX1,1,0.9952429,1
tumour/TCGA-NH-A5IV-01Z-00-DX1_41984_6144.jpg,TCGA-NH-A5IV,TCGA-NH-A5IV-01Z-00-DX1,1,0.9999938,1
tumour/TCGA-NH-A5IV-01Z-00-DX1_41984_6656.jpg,TCGA-NH-A5IV,TCGA-NH-A5IV-01Z-00-DX1,1,0.99999917,1
tumour/TCGA-NH-A5IV-01Z-00-DX1_41984_7168.jpg,TCGA-NH-A5IV,TCGA-NH-A5IV-01Z-00-DX1,1,0.9816347,1
tumour/TCGA-NH-A5IV-01Z-00-DX1_41984_7680.jpg,TCGA-NH-A5IV,TCGA-NH-A5IV-01Z-00-DX1,1,0.99996436,1
tumour/TCGA-NH-A5IV-01Z-00-DX1_41984_9216.jpg,TCGA-NH-A5IV,TCGA-NH-A5IV-01Z-00-DX1,1,0.9999362,1
tumour/TCGA-NH-A5IV-01Z-00-DX1_41984_9728.jpg,TCGA-NH-A5IV,TCGA-NH-A5IV-01Z-00-DX1,1,0.99998486,1
tumour/TCGA-NH-A5IV-01Z-00-DX1_42496_10752.jpg,TCGA-NH-A5IV,TCGA-NH-A5IV-01Z-00-DX1,1,0.99999464,1
tumour/TCGA-NH-A5IV-01Z-00-DX1_42496_15360.jpg,TCGA-NH-A5IV,TCGA-NH-A5IV-01Z-00-DX1,1,0.99991596,1
tumour/TCGA-NH-A5IV-01Z-00-DX1_42496_16384.jpg,TCGA-NH-A5IV,TCGA-NH-A5IV-01Z-00-DX1,1,0.99994075,1
tumour/TCGA-NH-A5IV-01Z-00-DX1_42496_4096.jpg,TCGA-NH-A5IV,TCGA-NH-A5IV-01Z-00-DX1,1,0.9999243,1
tumour/TCGA-NH-A5IV-01Z-00-DX1_42496_4608.jpg,TCGA-NH-A5IV,TCGA-NH-A5IV-01Z-00-DX1,1,0.99976283,1
tumour/TCGA-NH-A5IV-01Z-00-DX1_42496_5632.jpg,TCGA-NH-A5IV,TCGA-NH-A5IV-01Z-00-DX1,1,0.9995846,1
tumour/TCGA-NH-A5IV-01Z-00-DX1_42496_6656.jpg,TCGA-NH-A5IV,TCGA-NH-A5IV-01Z-00-DX1,1,0.99999785,1
tumour/TCGA-NH-A5IV-01Z-00-DX1_42496_7680.jpg,TCGA-NH-A5IV,TCGA-NH-A5IV-01Z-00-DX1,1,0.9999931,1
tumour/TCGA-NH-A5IV-01Z-00-DX1_42496_8704.jpg,TCGA-NH-A5IV,TCGA-NH-A5IV-01Z-00-DX1,1,0.99990416,1
tumour/TCGA-NH-A5IV-01Z-00-DX1_43008_10240.jpg,TCGA-NH-A5IV,TCGA-NH-A5IV-01Z-00-DX1,1,0.99995506,1
tumour/TCGA-NH-A5IV-01Z-00-DX1_43008_10752.jpg,TCGA-NH-A5IV,TCGA-NH-A5IV-01Z-00-DX1,1,0.9999207,1
tumour/TCGA-NH-A5IV-01Z-00-DX1_43008_14336.jpg,TCGA-NH-A5IV,TCGA-NH-A5IV-01Z-00-DX1,1,0.9994579,1
tumour/TCGA-NH-A5IV-01Z-00-DX1_43008_14848.jpg,TCGA-NH-A5IV,TCGA-NH-A5IV-01Z-00-DX1,1,0.9999995,1
tumour/TCGA-NH-A5IV-01Z-00-DX1_43008_15360.jpg,TCGA-NH-A5IV,TCGA-NH-A5IV-01Z-00-DX1,1,0.997951,1
tumour/TCGA-NH-A5IV-01Z-00-DX1_43008_4096.jpg,TCGA-NH-A5IV,TCGA-NH-A5IV-01Z-00-DX1,1,0.9913618,1
tumour/TCGA-NH-A5IV-01Z-00-DX1_43008_6144.jpg,TCGA-NH-A5IV,TCGA-NH-A5IV-01Z-00-DX1,1,0.9999478,1
tumour/TCGA-NH-A5IV-01Z-00-DX1_43008_7168.jpg,TCGA-NH-A5IV,TCGA-NH-A5IV-01Z-00-DX1,1,0.9999877,1
tumour/TCGA-NH-A5IV-01Z-00-DX1_43008_7680.jpg,TCGA-NH-A5IV,TCGA-NH-A5IV-01Z-00-DX1,1,0.9999975,1
tumour/TCGA-NH-A5IV-01Z-00-DX1_43008_9216.jpg,TCGA-NH-A5IV,TCGA-NH-A5IV-01Z-00-DX1,1,0.99969125,1
tumour/TCGA-NH-A5IV-01Z-00-DX1_43008_9728.jpg,TCGA-NH-A5IV,TCGA-NH-A5IV-01Z-00-DX1,1,0.9979728,1
tumour/TCGA-NH-A5IV-01Z-00-DX1_43520_11264.jpg,TCGA-NH-A5IV,TCGA-NH-A5IV-01Z-00-DX1,1,0.9999714,1
tumour/TCGA-NH-A5IV-01Z-00-DX1_43520_11776.jpg,TCGA-NH-A5IV,TCGA-NH-A5IV-01Z-00-DX1,1,0.999995,1
tumour/TCGA-NH-A5IV-01Z-00-DX1_43520_13312.jpg,TCGA-NH-A5IV,TCGA-NH-A5IV-01Z-00-DX1,1,0.9998989,1
tumour/TCGA-NH-A5IV-01Z-00-DX1_43520_13824.jpg,TCGA-NH-A5IV,TCGA-NH-A5IV-01Z-00-DX1,1,0.9999963,1
tumour/TCGA-NH-A5IV-01Z-00-DX1_43520_14336.jpg,TCGA-NH-A5IV,TCGA-NH-A5IV-01Z-00-DX1,1,0.9998342,1
tumour/TCGA-NH-A5IV-01Z-00-DX1_43520_15360.jpg,TCGA-NH-A5IV,TCGA-NH-A5IV-01Z-00-DX1,1,0.9999658,1
tumour/TCGA-NH-A5IV-01Z-00-DX1_43520_4608.jpg,TCGA-NH-A5IV,TCGA-NH-A5IV-01Z-00-DX1,1,0.9989717,1
tumour/TCGA-NH-A5IV-01Z-00-DX1_43520_6144.jpg,TCGA-NH-A5IV,TCGA-NH-A5IV-01Z-00-DX1,1,0.99975926,1
tumour/TCGA-NH-A5IV-01Z-00-DX1_44032_10752.jpg,TCGA-NH-A5IV,TCGA-NH-A5IV-01Z-00-DX1,1,0.9999354,1
tumour/TCGA-NH-A5IV-01Z-00-DX1_44032_11264.jpg,TCGA-NH-A5IV,TCGA-NH-A5IV-01Z-00-DX1,1,0.9999994,1
tumour/TCGA-NH-A5IV-01Z-00-DX1_44032_11776.jpg,TCGA-NH-A5IV,TCGA-NH-A5IV-01Z-00-DX1,1,0.99956363,1
tumour/TCGA-NH-A5IV-01Z-00-DX1_44032_12288.jpg,TCGA-NH-A5IV,TCGA-NH-A5IV-01Z-00-DX1,1,0.99996257,1
tumour/TCGA-NH-A5IV-01Z-00-DX1_44032_12800.jpg,TCGA-NH-A5IV,TCGA-NH-A5IV-01Z-00-DX1,1,0.99983907,1
tumour/TCGA-NH-A5IV-01Z-00-DX1_44032_13824.jpg,TCGA-NH-A5IV,TCGA-NH-A5IV-01Z-00-DX1,1,0.99998164,1
tumour/TCGA-NH-A5IV-01Z-00-DX1_44032_14336.jpg,TCGA-NH-A5IV,TCGA-NH-A5IV-01Z-00-DX1,1,0.9999982,1
tumour/TCGA-NH-A5IV-01Z-00-DX1_44032_14848.jpg,TCGA-NH-A5IV,TCGA-NH-A5IV-01Z-00-DX1,1,0.99985003,1
tumour/TCGA-NH-A5IV-01Z-00-DX1_44032_6144.jpg,TCGA-NH-A5IV,TCGA-NH-A5IV-01Z-00-DX1,1,0.9999703,1
tumour/TCGA-NH-A5IV-01Z-00-DX1_44544_10240.jpg,TCGA-NH-A5IV,TCGA-NH-A5IV-01Z-00-DX1,1,0.999995,1
tumour/TCGA-NH-A5IV-01Z-00-DX1_44544_10752.jpg,TCGA-NH-A5IV,TCGA-NH-A5IV-01Z-00-DX1,1,0.99994767,1
tumour/TCGA-NH-A5IV-01Z-00-DX1_44544_11264.jpg,TCGA-NH-A5IV,TCGA-NH-A5IV-01Z-00-DX1,1,0.99964535,1
tumour/TCGA-NH-A5IV-01Z-00-DX1_44544_12288.jpg,TCGA-NH-A5IV,TCGA-NH-A5IV-01Z-00-DX1,1,0.9997645,1
tumour/TCGA-NH-A5IV-01Z-00-DX1_44544_12800.jpg,TCGA-NH-A5IV,TCGA-NH-A5IV-01Z-00-DX1,1,0.99969625,1
tumour/TCGA-NH-A5IV-01Z-00-DX1_44544_13312.jpg,TCGA-NH-A5IV,TCGA-NH-A5IV-01Z-00-DX1,1,0.9996458,1
tumour/TCGA-NH-A5IV-01Z-00-DX1_44544_13824.jpg,TCGA-NH-A5IV,TCGA-NH-A5IV-01Z-00-DX1,1,0.99999654,1
tumour/TCGA-NH-A5IV-01Z-00-DX1_44544_14336.jpg,TCGA-NH-A5IV,TCGA-NH-A5IV-01Z-00-DX1,1,0.9999715,1
tumour/TCGA-NH-A5IV-01Z-00-DX1_44544_15360.jpg,TCGA-NH-A5IV,TCGA-NH-A5IV-01Z-00-DX1,1,0.99994516,1
tumour/TCGA-NH-A5IV-01Z-00-DX1_44544_15872.jpg,TCGA-NH-A5IV,TCGA-NH-A5IV-01Z-00-DX1,1,0.99995184,1
tumour/TCGA-NH-A5IV-01Z-00-DX1_44544_5632.jpg,TCGA-NH-A5IV,TCGA-NH-A5IV-01Z-00-DX1,1,0.9995394,1
tumour/TCGA-NH-A5IV-01Z-00-DX1_44544_6144.jpg,TCGA-NH-A5IV,TCGA-NH-A5IV-01Z-00-DX1,1,0.9999335,1
tumour/TCGA-NH-A5IV-01Z-00-DX1_44544_8192.jpg,TCGA-NH-A5IV,TCGA-NH-A5IV-01Z-00-DX1,1,0.9834478,1
tumour/TCGA-NH-A5IV-01Z-00-DX1_44544_8704.jpg,TCGA-NH-A5IV,TCGA-NH-A5IV-01Z-00-DX1,1,0.99773943,1
tumour/TCGA-NH-A5IV-01Z-00-DX1_44544_9216.jpg,TCGA-NH-A5IV,TCGA-NH-A5IV-01Z-00-DX1,1,0.9999896,1
tumour/TCGA-NH-A5IV-01Z-00-DX1_45056_11264.jpg,TCGA-NH-A5IV,TCGA-NH-A5IV-01Z-00-DX1,1,0.99978906,1
tumour/TCGA-NH-A5IV-01Z-00-DX1_45056_11776.jpg,TCGA-NH-A5IV,TCGA-NH-A5IV-01Z-00-DX1,1,0.9997645,1
tumour/TCGA-NH-A5IV-01Z-00-DX1_45056_12288.jpg,TCGA-NH-A5IV,TCGA-NH-A5IV-01Z-00-DX1,1,0.99991953,1
tumour/TCGA-NH-A5IV-01Z-00-DX1_45056_14336.jpg,TCGA-NH-A5IV,TCGA-NH-A5IV-01Z-00-DX1,1,0.99997365,1
tumour/TCGA-NH-A5IV-01Z-00-DX1_45056_15872.jpg,TCGA-NH-A5IV,TCGA-NH-A5IV-01Z-00-DX1,1,0.9999124,1
tumour/TCGA-NH-A5IV-01Z-00-DX1_45056_7168.jpg,TCGA-NH-A5IV,TCGA-NH-A5IV-01Z-00-DX1,1,0.999816,1
tumour/TCGA-NH-A5IV-01Z-00-DX1_45568_11264.jpg,TCGA-NH-A5IV,TCGA-NH-A5IV-01Z-00-DX1,1,0.9798522,1
tumour/TCGA-NH-A5IV-01Z-00-DX1_45568_12288.jpg,TCGA-NH-A5IV,TCGA-NH-A5IV-01Z-00-DX1,1,0.99990976,1
tumour/TCGA-NH-A5IV-01Z-00-DX1_45568_12800.jpg,TCGA-NH-A5IV,TCGA-NH-A5IV-01Z-00-DX1,1,0.9999715,1
tumour/TCGA-NH-A5IV-01Z-00-DX1_45568_13312.jpg,TCGA-NH-A5IV,TCGA-NH-A5IV-01Z-00-DX1,1,0.9999933,1
tumour/TCGA-NH-A5IV-01Z-00-DX1_45568_14336.jpg,TCGA-NH-A5IV,TCGA-NH-A5IV-01Z-00-DX1,1,0.99998283,1
tumour/TCGA-NH-A5IV-01Z-00-DX1_45568_14848.jpg,TCGA-NH-A5IV,TCGA-NH-A5IV-01Z-00-DX1,1,0.99861455,1
tumour/TCGA-NH-A5IV-01Z-00-DX1_45568_7168.jpg,TCGA-NH-A5IV,TCGA-NH-A5IV-01Z-00-DX1,1,0.9983072,1
tumour/TCGA-NH-A5IV-01Z-00-DX1_45568_7680.jpg,TCGA-NH-A5IV,TCGA-NH-A5IV-01Z-00-DX1,1,0.9997675,1
tumour/TCGA-NH-A5IV-01Z-00-DX1_45568_8192.jpg,TCGA-NH-A5IV,TCGA-NH-A5IV-01Z-00-DX1,1,0.9997154,1
tumour/TCGA-NH-A5IV-01Z-00-DX1_46080_10240.jpg,TCGA-NH-A5IV,TCGA-NH-A5IV-01Z-00-DX1,1,0.9999273,1
tumour/TCGA-NH-A5IV-01Z-00-DX1_46080_11776.jpg,TCGA-NH-A5IV,TCGA-NH-A5IV-01Z-00-DX1,1,0.99989676,1
tumour/TCGA-NH-A5IV-01Z-00-DX1_46080_7680.jpg,TCGA-NH-A5IV,TCGA-NH-A5IV-01Z-00-DX1,1,0.9999238,1
tumour/TCGA-NH-A5IV-01Z-00-DX1_46080_8192.jpg,TCGA-NH-A5IV,TCGA-NH-A5IV-01Z-00-DX1,1,0.99995446,1
tumour/TCGA-NH-A5IV-01Z-00-DX1_46080_8704.jpg,TCGA-NH-A5IV,TCGA-NH-A5IV-01Z-00-DX1,1,0.96915483,1
tumour/TCGA-NH-A5IV-01Z-00-DX1_46080_9216.jpg,TCGA-NH-A5IV,TCGA-NH-A5IV-01Z-00-DX1,1,0.9989717,1
tumour/TCGA-NH-A5IV-01Z-00-DX1_46080_9728.jpg,TCGA-NH-A5IV,TCGA-NH-A5IV-01Z-00-DX1,1,0.99782276,1
tumour/TCGA-NH-A5IV-01Z-00-DX1_4608_6144.jpg,TCGA-NH-A5IV,TCGA-NH-A5IV-01Z-00-DX1,1,0.9999745,1
tumour/TCGA-NH-A5IV-01Z-00-DX1_4608_7168.jpg,TCGA-NH-A5IV,TCGA-NH-A5IV-01Z-00-DX1,1,0.9998616,1
tumour/TCGA-NH-A5IV-01Z-00-DX1_4608_7680.jpg,TCGA-NH-A5IV,TCGA-NH-A5IV-01Z-00-DX1,1,0.9996327,1
tumour/TCGA-NH-A5IV-01Z-00-DX1_4608_8704.jpg,TCGA-NH-A5IV,TCGA-NH-A5IV-01Z-00-DX1,1,0.9999336,1
tumour/TCGA-NH-A5IV-01Z-00-DX1_46592_11776.jpg,TCGA-NH-A5IV,TCGA-NH-A5IV-01Z-00-DX1,1,0.89393467,1
tumour/TCGA-NH-A5IV-01Z-00-DX1_46592_12288.jpg,TCGA-NH-A5IV,TCGA-NH-A5IV-01Z-00-DX1,1,0.9997036,1
tumour/TCGA-NH-A5IV-01Z-00-DX1_46592_13312.jpg,TCGA-NH-A5IV,TCGA-NH-A5IV-01Z-00-DX1,1,0.9999821,1
tumour/TCGA-NH-A5IV-01Z-00-DX1_46592_7680.jpg,TCGA-NH-A5IV,TCGA-NH-A5IV-01Z-00-DX1,1,0.9999882,1
tumour/TCGA-NH-A5IV-01Z-00-DX1_46592_8192.jpg,TCGA-NH-A5IV,TCGA-NH-A5IV-01Z-00-DX1,1,0.9999597,1
tumour/TCGA-NH-A5IV-01Z-00-DX1_46592_8704.jpg,TCGA-NH-A5IV,TCGA-NH-A5IV-01Z-00-DX1,1,0.9999037,1
tumour/TCGA-NH-A5IV-01Z-00-DX1_47104_11776.jpg,TCGA-NH-A5IV,TCGA-NH-A5IV-01Z-00-DX1,1,0.85117006,1
tumour/TCGA-NH-A5IV-01Z-00-DX1_47104_12288.jpg,TCGA-NH-A5IV,TCGA-NH-A5IV-01Z-00-DX1,1,0.79597574,1
tumour/TCGA-NH-A5IV-01Z-00-DX1_47104_12800.jpg,TCGA-NH-A5IV,TCGA-NH-A5IV-01Z-00-DX1,1,0.9752542,1
tumour/TCGA-NH-A5IV-01Z-00-DX1_47104_8192.jpg,TCGA-NH-A5IV,TCGA-NH-A5IV-01Z-00-DX1,1,0.9975401,1
tumour/TCGA-NH-A5IV-01Z-00-DX1_47104_8704.jpg,TCGA-NH-A5IV,TCGA-NH-A5IV-01Z-00-DX1,1,0.99998593,1
tumour/TCGA-NH-A5IV-01Z-00-DX1_47104_9216.jpg,TCGA-NH-A5IV,TCGA-NH-A5IV-01Z-00-DX1,1,0.99980205,1
tumour/TCGA-NH-A5IV-01Z-00-DX1_47104_9728.jpg,TCGA-NH-A5IV,TCGA-NH-A5IV-01Z-00-DX1,1,0.9999293,1
tumour/TCGA-NH-A5IV-01Z-00-DX1_47616_11776.jpg,TCGA-NH-A5IV,TCGA-NH-A5IV-01Z-00-DX1,1,0.9976023,1
tumour/TCGA-NH-A5IV-01Z-00-DX1_47616_12288.jpg,TCGA-NH-A5IV,TCGA-NH-A5IV-01Z-00-DX1,1,0.99924576,1
tumour/TCGA-NH-A5IV-01Z-00-DX1_47616_12800.jpg,TCGA-NH-A5IV,TCGA-NH-A5IV-01Z-00-DX1,1,0.99992716,1
tumour/TCGA-NH-A5IV-01Z-00-DX1_47616_8192.jpg,TCGA-NH-A5IV,TCGA-NH-A5IV-01Z-00-DX1,1,0.9999753,1
tumour/TCGA-NH-A5IV-01Z-00-DX1_47616_8704.jpg,TCGA-NH-A5IV,TCGA-NH-A5IV-01Z-00-DX1,1,0.9999664,1
tumour/TCGA-NH-A5IV-01Z-00-DX1_47616_9728.jpg,TCGA-NH-A5IV,TCGA-NH-A5IV-01Z-00-DX1,1,0.9997805,1
tumour/TCGA-NH-A5IV-01Z-00-DX1_48128_10240.jpg,TCGA-NH-A5IV,TCGA-NH-A5IV-01Z-00-DX1,1,0.9999844,1
tumour/TCGA-NH-A5IV-01Z-00-DX1_48128_11264.jpg,TCGA-NH-A5IV,TCGA-NH-A5IV-01Z-00-DX1,1,0.99874854,1
tumour/TCGA-NH-A5IV-01Z-00-DX1_48128_9728.jpg,TCGA-NH-A5IV,TCGA-NH-A5IV-01Z-00-DX1,1,0.9999082,1
tumour/TCGA-NH-A5IV-01Z-00-DX1_49152_14336.jpg,TCGA-NH-A5IV,TCGA-NH-A5IV-01Z-00-DX1,1,0.99544805,1
tumour/TCGA-NH-A5IV-01Z-00-DX1_49152_14848.jpg,TCGA-NH-A5IV,TCGA-NH-A5IV-01Z-00-DX1,1,0.9999672,1
tumour/TCGA-NH-A5IV-01Z-00-DX1_49664_14336.jpg,TCGA-NH-A5IV,TCGA-NH-A5IV-01Z-00-DX1,1,0.9999789,1
tumour/TCGA-NH-A5IV-01Z-00-DX1_50176_14336.jpg,TCGA-NH-A5IV,TCGA-NH-A5IV-01Z-00-DX1,1,0.9975223,1
tumour/TCGA-NH-A5IV-01Z-00-DX1_50176_14848.jpg,TCGA-NH-A5IV,TCGA-NH-A5IV-01Z-00-DX1,1,0.97648823,1
tumour/TCGA-NH-A5IV-01Z-00-DX1_5120_5632.jpg,TCGA-NH-A5IV,TCGA-NH-A5IV-01Z-00-DX1,1,0.99294114,1
tumour/TCGA-NH-A5IV-01Z-00-DX1_5120_6144.jpg,TCGA-NH-A5IV,TCGA-NH-A5IV-01Z-00-DX1,1,0.9998337,1
tumour/TCGA-NH-A5IV-01Z-00-DX1_5120_6656.jpg,TCGA-NH-A5IV,TCGA-NH-A5IV-01Z-00-DX1,1,0.9998087,1
tumour/TCGA-NH-A5IV-01Z-00-DX1_5120_7168.jpg,TCGA-NH-A5IV,TCGA-NH-A5IV-01Z-00-DX1,1,0.99993384,1
tumour/TCGA-NH-A5IV-01Z-00-DX1_5120_8192.jpg,TCGA-NH-A5IV,TCGA-NH-A5IV-01Z-00-DX1,1,0.9999962,1
tumour/TCGA-NH-A5IV-01Z-00-DX1_5632_7168.jpg,TCGA-NH-A5IV,TCGA-NH-A5IV-01Z-00-DX1,1,0.9993405,1
tumour/TCGA-NH-A5IV-01Z-00-DX1_6144_7680.jpg,TCGA-NH-A5IV,TCGA-NH-A5IV-01Z-00-DX1,1,0.99993694,1
tumour/TCGA-NH-A5IV-01Z-00-DX1_6656_13312.jpg,TCGA-NH-A5IV,TCGA-NH-A5IV-01Z-00-DX1,1,0.9999716,1
tumour/TCGA-NH-A5IV-01Z-00-DX1_6656_5632.jpg,TCGA-NH-A5IV,TCGA-NH-A5IV-01Z-00-DX1,1,0.99973804,1
tumour/TCGA-NH-A5IV-01Z-00-DX1_6656_6656.jpg,TCGA-NH-A5IV,TCGA-NH-A5IV-01Z-00-DX1,1,0.99998736,1
tumour/TCGA-NH-A5IV-01Z-00-DX1_7168_10240.jpg,TCGA-NH-A5IV,TCGA-NH-A5IV-01Z-00-DX1,1,0.999882,1
tumour/TCGA-NH-A5IV-01Z-00-DX1_7168_10752.jpg,TCGA-NH-A5IV,TCGA-NH-A5IV-01Z-00-DX1,1,0.99986315,1
tumour/TCGA-NH-A5IV-01Z-00-DX1_7168_11776.jpg,TCGA-NH-A5IV,TCGA-NH-A5IV-01Z-00-DX1,1,0.99910575,1
tumour/TCGA-NH-A5IV-01Z-00-DX1_7168_12800.jpg,TCGA-NH-A5IV,TCGA-NH-A5IV-01Z-00-DX1,1,0.9999989,1
tumour/TCGA-NH-A5IV-01Z-00-DX1_7168_13312.jpg,TCGA-NH-A5IV,TCGA-NH-A5IV-01Z-00-DX1,1,0.9998293,1
tumour/TCGA-NH-A5IV-01Z-00-DX1_7168_6144.jpg,TCGA-NH-A5IV,TCGA-NH-A5IV-01Z-00-DX1,1,0.99995923,1
tumour/TCGA-NH-A5IV-01Z-00-DX1_7168_7168.jpg,TCGA-NH-A5IV,TCGA-NH-A5IV-01Z-00-DX1,1,0.9999844,1
tumour/TCGA-NH-A5IV-01Z-00-DX1_7680_10240.jpg,TCGA-NH-A5IV,TCGA-NH-A5IV-01Z-00-DX1,1,0.99998605,1
tumour/TCGA-NH-A5IV-01Z-00-DX1_7680_10752.jpg,TCGA-NH-A5IV,TCGA-NH-A5IV-01Z-00-DX1,1,0.99980634,1
tumour/TCGA-NH-A5IV-01Z-00-DX1_7680_11264.jpg,TCGA-NH-A5IV,TCGA-NH-A5IV-01Z-00-DX1,1,0.99999356,1
tumour/TCGA-NH-A5IV-01Z-00-DX1_7680_11776.jpg,TCGA-NH-A5IV,TCGA-NH-A5IV-01Z-00-DX1,1,0.9999831,1
tumour/TCGA-NH-A5IV-01Z-00-DX1_7680_12800.jpg,TCGA-NH-A5IV,TCGA-NH-A5IV-01Z-00-DX1,1,0.99996877,1
tumour/TCGA-NH-A5IV-01Z-00-DX1_7680_13312.jpg,TCGA-NH-A5IV,TCGA-NH-A5IV-01Z-00-DX1,1,0.9972013,1
tumour/TCGA-NH-A5IV-01Z-00-DX1_7680_5120.jpg,TCGA-NH-A5IV,TCGA-NH-A5IV-01Z-00-DX1,1,0.784511,1
tumour/TCGA-NH-A5IV-01Z-00-DX1_7680_5632.jpg,TCGA-NH-A5IV,TCGA-NH-A5IV-01Z-00-DX1,1,0.9983133,1
tumour/TCGA-NH-A5IV-01Z-00-DX1_7680_6656.jpg,TCGA-NH-A5IV,TCGA-NH-A5IV-01Z-00-DX1,1,0.99998844,1
tumour/TCGA-NH-A5IV-01Z-00-DX1_8192_10752.jpg,TCGA-NH-A5IV,TCGA-NH-A5IV-01Z-00-DX1,1,0.99998975,1
tumour/TCGA-NH-A5IV-01Z-00-DX1_8192_11776.jpg,TCGA-NH-A5IV,TCGA-NH-A5IV-01Z-00-DX1,1,0.9994746,1
tumour/TCGA-NH-A5IV-01Z-00-DX1_8192_12800.jpg,TCGA-NH-A5IV,TCGA-NH-A5IV-01Z-00-DX1,1,0.99999595,1
tumour/TCGA-NH-A5IV-01Z-00-DX1_8192_5120.jpg,TCGA-NH-A5IV,TCGA-NH-A5IV-01Z-00-DX1,1,0.93717337,1
tumour/TCGA-NH-A5IV-01Z-00-DX1_8192_5632.jpg,TCGA-NH-A5IV,TCGA-NH-A5IV-01Z-00-DX1,1,0.9999336,1
tumour/TCGA-NH-A5IV-01Z-00-DX1_8192_7168.jpg,TCGA-NH-A5IV,TCGA-NH-A5IV-01Z-00-DX1,1,0.9998241,1
tumour/TCGA-NH-A5IV-01Z-00-DX1_8704_11264.jpg,TCGA-NH-A5IV,TCGA-NH-A5IV-01Z-00-DX1,1,0.99873203,1
tumour/TCGA-NH-A5IV-01Z-00-DX1_8704_5632.jpg,TCGA-NH-A5IV,TCGA-NH-A5IV-01Z-00-DX1,1,0.9999857,1
tumour/TCGA-NH-A5IV-01Z-00-DX1_8704_6144.jpg,TCGA-NH-A5IV,TCGA-NH-A5IV-01Z-00-DX1,1,0.999908,1
tumour/TCGA-NH-A5IV-01Z-00-DX1_8704_8192.jpg,TCGA-NH-A5IV,TCGA-NH-A5IV-01Z-00-DX1,1,0.9998846,1
tumour/TCGA-NH-A5IV-01Z-00-DX1_8704_8704.jpg,TCGA-NH-A5IV,TCGA-NH-A5IV-01Z-00-DX1,1,0.9994406,1
tumour/TCGA-NH-A5IV-01Z-00-DX1_8704_9728.jpg,TCGA-NH-A5IV,TCGA-NH-A5IV-01Z-00-DX1,1,0.99999726,1
tumour/TCGA-NH-A5IV-01Z-00-DX1_9216_11776.jpg,TCGA-NH-A5IV,TCGA-NH-A5IV-01Z-00-DX1,1,0.999699,1
tumour/TCGA-NH-A5IV-01Z-00-DX1_9216_12288.jpg,TCGA-NH-A5IV,TCGA-NH-A5IV-01Z-00-DX1,1,0.9979779,1
tumour/TCGA-NH-A5IV-01Z-00-DX1_9216_4608.jpg,TCGA-NH-A5IV,TCGA-NH-A5IV-01Z-00-DX1,1,0.9960014,1
tumour/TCGA-NH-A5IV-01Z-00-DX1_9216_5632.jpg,TCGA-NH-A5IV,TCGA-NH-A5IV-01Z-00-DX1,1,0.99994373,1
tumour/TCGA-NH-A5IV-01Z-00-DX1_9728_4608.jpg,TCGA-NH-A5IV,TCGA-NH-A5IV-01Z-00-DX1,1,0.9975737,1
tumour/TCGA-QG-A5Z2-01Z-00-DX2_10240_11776.jpg,TCGA-QG-A5Z2,TCGA-QG-A5Z2-01Z-00-DX2,1,0.63205373,1
tumour/TCGA-QG-A5Z2-01Z-00-DX2_10240_12288.jpg,TCGA-QG-A5Z2,TCGA-QG-A5Z2-01Z-00-DX2,1,0.99991655,1
tumour/TCGA-QG-A5Z2-01Z-00-DX2_10240_12800.jpg,TCGA-QG-A5Z2,TCGA-QG-A5Z2-01Z-00-DX2,1,0.9991922,1
tumour/TCGA-QG-A5Z2-01Z-00-DX2_10240_13312.jpg,TCGA-QG-A5Z2,TCGA-QG-A5Z2-01Z-00-DX2,1,0.9996401,1
tumour/TCGA-QG-A5Z2-01Z-00-DX2_10240_14848.jpg,TCGA-QG-A5Z2,TCGA-QG-A5Z2-01Z-00-DX2,1,0.9972053,1
tumour/TCGA-QG-A5Z2-01Z-00-DX2_10240_15360.jpg,TCGA-QG-A5Z2,TCGA-QG-A5Z2-01Z-00-DX2,1,0.9980636,1
tumour/TCGA-QG-A5Z2-01Z-00-DX2_10240_31744.jpg,TCGA-QG-A5Z2,TCGA-QG-A5Z2-01Z-00-DX2,1,0.9990343,1
tumour/TCGA-QG-A5Z2-01Z-00-DX2_10240_32256.jpg,TCGA-QG-A5Z2,TCGA-QG-A5Z2-01Z-00-DX2,1,0.99815613,1
tumour/TCGA-QG-A5Z2-01Z-00-DX2_10240_32768.jpg,TCGA-QG-A5Z2,TCGA-QG-A5Z2-01Z-00-DX2,1,0.9985341,1
tumour/TCGA-QG-A5Z2-01Z-00-DX2_10240_33280.jpg,TCGA-QG-A5Z2,TCGA-QG-A5Z2-01Z-00-DX2,1,0.99864775,1
tumour/TCGA-QG-A5Z2-01Z-00-DX2_10240_35328.jpg,TCGA-QG-A5Z2,TCGA-QG-A5Z2-01Z-00-DX2,1,0.9984602,1
tumour/TCGA-QG-A5Z2-01Z-00-DX2_10240_36864.jpg,TCGA-QG-A5Z2,TCGA-QG-A5Z2-01Z-00-DX2,1,0.9994036,1
tumour/TCGA-QG-A5Z2-01Z-00-DX2_10752_11776.jpg,TCGA-QG-A5Z2,TCGA-QG-A5Z2-01Z-00-DX2,1,0.9278243,1
tumour/TCGA-QG-A5Z2-01Z-00-DX2_10752_13312.jpg,TCGA-QG-A5Z2,TCGA-QG-A5Z2-01Z-00-DX2,1,0.9905991,1
tumour/TCGA-QG-A5Z2-01Z-00-DX2_10752_13824.jpg,TCGA-QG-A5Z2,TCGA-QG-A5Z2-01Z-00-DX2,1,0.99969006,1
tumour/TCGA-QG-A5Z2-01Z-00-DX2_10752_14336.jpg,TCGA-QG-A5Z2,TCGA-QG-A5Z2-01Z-00-DX2,1,0.99585223,1
tumour/TCGA-QG-A5Z2-01Z-00-DX2_10752_14848.jpg,TCGA-QG-A5Z2,TCGA-QG-A5Z2-01Z-00-DX2,1,0.99822825,1
tumour/TCGA-QG-A5Z2-01Z-00-DX2_10752_31232.jpg,TCGA-QG-A5Z2,TCGA-QG-A5Z2-01Z-00-DX2,1,0.99637574,1
tumour/TCGA-QG-A5Z2-01Z-00-DX2_10752_32256.jpg,TCGA-QG-A5Z2,TCGA-QG-A5Z2-01Z-00-DX2,1,0.9972566,1
tumour/TCGA-QG-A5Z2-01Z-00-DX2_10752_35328.jpg,TCGA-QG-A5Z2,TCGA-QG-A5Z2-01Z-00-DX2,1,0.9986124,1
tumour/TCGA-QG-A5Z2-01Z-00-DX2_10752_35840.jpg,TCGA-QG-A5Z2,TCGA-QG-A5Z2-01Z-00-DX2,1,0.99912685,1
tumour/TCGA-QG-A5Z2-01Z-00-DX2_10752_36864.jpg,TCGA-QG-A5Z2,TCGA-QG-A5Z2-01Z-00-DX2,1,0.9910444,1
tumour/TCGA-QG-A5Z2-01Z-00-DX2_11264_11776.jpg,TCGA-QG-A5Z2,TCGA-QG-A5Z2-01Z-00-DX2,1,0.99973756,1
tumour/TCGA-QG-A5Z2-01Z-00-DX2_11264_13312.jpg,TCGA-QG-A5Z2,TCGA-QG-A5Z2-01Z-00-DX2,1,0.99915993,1
tumour/TCGA-QG-A5Z2-01Z-00-DX2_11264_14336.jpg,TCGA-QG-A5Z2,TCGA-QG-A5Z2-01Z-00-DX2,1,0.99992466,1
tumour/TCGA-QG-A5Z2-01Z-00-DX2_11264_15360.jpg,TCGA-QG-A5Z2,TCGA-QG-A5Z2-01Z-00-DX2,1,0.9998684,1
tumour/TCGA-QG-A5Z2-01Z-00-DX2_11264_31744.jpg,TCGA-QG-A5Z2,TCGA-QG-A5Z2-01Z-00-DX2,1,0.99162877,1
tumour/TCGA-QG-A5Z2-01Z-00-DX2_11264_32768.jpg,TCGA-QG-A5Z2,TCGA-QG-A5Z2-01Z-00-DX2,1,0.9998306,1
tumour/TCGA-QG-A5Z2-01Z-00-DX2_11264_33280.jpg,TCGA-QG-A5Z2,TCGA-QG-A5Z2-01Z-00-DX2,1,0.99943835,1
tumour/TCGA-QG-A5Z2-01Z-00-DX2_11264_35840.jpg,TCGA-QG-A5Z2,TCGA-QG-A5Z2-01Z-00-DX2,1,0.9979354,1
tumour/TCGA-QG-A5Z2-01Z-00-DX2_11264_37376.jpg,TCGA-QG-A5Z2,TCGA-QG-A5Z2-01Z-00-DX2,1,0.9985815,1
tumour/TCGA-QG-A5Z2-01Z-00-DX2_11264_38400.jpg,TCGA-QG-A5Z2,TCGA-QG-A5Z2-01Z-00-DX2,1,0.6876657,1
tumour/TCGA-QG-A5Z2-01Z-00-DX2_11776_12288.jpg,TCGA-QG-A5Z2,TCGA-QG-A5Z2-01Z-00-DX2,1,0.9982414,1
tumour/TCGA-QG-A5Z2-01Z-00-DX2_11776_12800.jpg,TCGA-QG-A5Z2,TCGA-QG-A5Z2-01Z-00-DX2,1,0.99827516,1
tumour/TCGA-QG-A5Z2-01Z-00-DX2_11776_13312.jpg,TCGA-QG-A5Z2,TCGA-QG-A5Z2-01Z-00-DX2,1,0.9964927,1
tumour/TCGA-QG-A5Z2-01Z-00-DX2_11776_14848.jpg,TCGA-QG-A5Z2,TCGA-QG-A5Z2-01Z-00-DX2,1,0.9988073,1
tumour/TCGA-QG-A5Z2-01Z-00-DX2_11776_15360.jpg,TCGA-QG-A5Z2,TCGA-QG-A5Z2-01Z-00-DX2,1,0.9979876,1
tumour/TCGA-QG-A5Z2-01Z-00-DX2_11776_31744.jpg,TCGA-QG-A5Z2,TCGA-QG-A5Z2-01Z-00-DX2,1,0.99995244,1
tumour/TCGA-QG-A5Z2-01Z-00-DX2_11776_32768.jpg,TCGA-QG-A5Z2,TCGA-QG-A5Z2-01Z-00-DX2,1,0.98243225,1
tumour/TCGA-QG-A5Z2-01Z-00-DX2_11776_33792.jpg,TCGA-QG-A5Z2,TCGA-QG-A5Z2-01Z-00-DX2,1,0.9994006,1
tumour/TCGA-QG-A5Z2-01Z-00-DX2_11776_35328.jpg,TCGA-QG-A5Z2,TCGA-QG-A5Z2-01Z-00-DX2,1,0.9999666,1
tumour/TCGA-QG-A5Z2-01Z-00-DX2_11776_35840.jpg,TCGA-QG-A5Z2,TCGA-QG-A5Z2-01Z-00-DX2,1,0.9995828,1
tumour/TCGA-QG-A5Z2-01Z-00-DX2_11776_36352.jpg,TCGA-QG-A5Z2,TCGA-QG-A5Z2-01Z-00-DX2,1,0.9989813,1
tumour/TCGA-QG-A5Z2-01Z-00-DX2_11776_36864.jpg,TCGA-QG-A5Z2,TCGA-QG-A5Z2-01Z-00-DX2,1,0.99911076,1
tumour/TCGA-QG-A5Z2-01Z-00-DX2_11776_37376.jpg,TCGA-QG-A5Z2,TCGA-QG-A5Z2-01Z-00-DX2,1,0.9996886,1
tumour/TCGA-QG-A5Z2-01Z-00-DX2_11776_37888.jpg,TCGA-QG-A5Z2,TCGA-QG-A5Z2-01Z-00-DX2,1,0.9990345,1
tumour/TCGA-QG-A5Z2-01Z-00-DX2_11776_38400.jpg,TCGA-QG-A5Z2,TCGA-QG-A5Z2-01Z-00-DX2,1,0.9968952,1
tumour/TCGA-QG-A5Z2-01Z-00-DX2_12288_11264.jpg,TCGA-QG-A5Z2,TCGA-QG-A5Z2-01Z-00-DX2,1,0.80601966,1
tumour/TCGA-QG-A5Z2-01Z-00-DX2_12288_13312.jpg,TCGA-QG-A5Z2,TCGA-QG-A5Z2-01Z-00-DX2,1,0.996514,1
tumour/TCGA-QG-A5Z2-01Z-00-DX2_12288_13824.jpg,TCGA-QG-A5Z2,TCGA-QG-A5Z2-01Z-00-DX2,1,0.9997451,1
tumour/TCGA-QG-A5Z2-01Z-00-DX2_12288_14336.jpg,TCGA-QG-A5Z2,TCGA-QG-A5Z2-01Z-00-DX2,1,0.99968314,1
tumour/TCGA-QG-A5Z2-01Z-00-DX2_12288_32256.jpg,TCGA-QG-A5Z2,TCGA-QG-A5Z2-01Z-00-DX2,1,0.99933004,1
tumour/TCGA-QG-A5Z2-01Z-00-DX2_12288_33792.jpg,TCGA-QG-A5Z2,TCGA-QG-A5Z2-01Z-00-DX2,1,0.99558794,1
tumour/TCGA-QG-A5Z2-01Z-00-DX2_12288_34304.jpg,TCGA-QG-A5Z2,TCGA-QG-A5Z2-01Z-00-DX2,1,0.99978524,1
tumour/TCGA-QG-A5Z2-01Z-00-DX2_12288_35328.jpg,TCGA-QG-A5Z2,TCGA-QG-A5Z2-01Z-00-DX2,1,0.9974535,1
tumour/TCGA-QG-A5Z2-01Z-00-DX2_12288_35840.jpg,TCGA-QG-A5Z2,TCGA-QG-A5Z2-01Z-00-DX2,1,0.99579203,1
tumour/TCGA-QG-A5Z2-01Z-00-DX2_12288_36864.jpg,TCGA-QG-A5Z2,TCGA-QG-A5Z2-01Z-00-DX2,1,0.99957913,1
tumour/TCGA-QG-A5Z2-01Z-00-DX2_12288_37376.jpg,TCGA-QG-A5Z2,TCGA-QG-A5Z2-01Z-00-DX2,1,0.9999429,1
tumour/TCGA-QG-A5Z2-01Z-00-DX2_12800_11264.jpg,TCGA-QG-A5Z2,TCGA-QG-A5Z2-01Z-00-DX2,1,0.9971819,1
tumour/TCGA-QG-A5Z2-01Z-00-DX2_12800_11776.jpg,TCGA-QG-A5Z2,TCGA-QG-A5Z2-01Z-00-DX2,1,0.9991086,1
tumour/TCGA-QG-A5Z2-01Z-00-DX2_12800_12800.jpg,TCGA-QG-A5Z2,TCGA-QG-A5Z2-01Z-00-DX2,1,0.99974674,1
tumour/TCGA-QG-A5Z2-01Z-00-DX2_12800_13312.jpg,TCGA-QG-A5Z2,TCGA-QG-A5Z2-01Z-00-DX2,1,0.9996871,1
tumour/TCGA-QG-A5Z2-01Z-00-DX2_12800_13824.jpg,TCGA-QG-A5Z2,TCGA-QG-A5Z2-01Z-00-DX2,1,0.99988055,1
tumour/TCGA-QG-A5Z2-01Z-00-DX2_12800_14336.jpg,TCGA-QG-A5Z2,TCGA-QG-A5Z2-01Z-00-DX2,1,0.999869,1
tumour/TCGA-QG-A5Z2-01Z-00-DX2_12800_32768.jpg,TCGA-QG-A5Z2,TCGA-QG-A5Z2-01Z-00-DX2,1,0.9992797,1
tumour/TCGA-QG-A5Z2-01Z-00-DX2_12800_33792.jpg,TCGA-QG-A5Z2,TCGA-QG-A5Z2-01Z-00-DX2,1,0.99851185,1
tumour/TCGA-QG-A5Z2-01Z-00-DX2_12800_36352.jpg,TCGA-QG-A5Z2,TCGA-QG-A5Z2-01Z-00-DX2,1,0.99906343,1
tumour/TCGA-QG-A5Z2-01Z-00-DX2_12800_36864.jpg,TCGA-QG-A5Z2,TCGA-QG-A5Z2-01Z-00-DX2,1,0.99961203,1
tumour/TCGA-QG-A5Z2-01Z-00-DX2_12800_37376.jpg,TCGA-QG-A5Z2,TCGA-QG-A5Z2-01Z-00-DX2,1,0.9969796,1
tumour/TCGA-QG-A5Z2-01Z-00-DX2_12800_37888.jpg,TCGA-QG-A5Z2,TCGA-QG-A5Z2-01Z-00-DX2,1,0.99955887,1
tumour/TCGA-QG-A5Z2-01Z-00-DX2_13312_10752.jpg,TCGA-QG-A5Z2,TCGA-QG-A5Z2-01Z-00-DX2,1,0.6909829,1
tumour/TCGA-QG-A5Z2-01Z-00-DX2_13312_12288.jpg,TCGA-QG-A5Z2,TCGA-QG-A5Z2-01Z-00-DX2,1,0.99496377,1
tumour/TCGA-QG-A5Z2-01Z-00-DX2_13312_12800.jpg,TCGA-QG-A5Z2,TCGA-QG-A5Z2-01Z-00-DX2,1,0.9997882,1
tumour/TCGA-QG-A5Z2-01Z-00-DX2_13312_13824.jpg,TCGA-QG-A5Z2,TCGA-QG-A5Z2-01Z-00-DX2,1,0.99908996,1
tumour/TCGA-QG-A5Z2-01Z-00-DX2_13312_31744.jpg,TCGA-QG-A5Z2,TCGA-QG-A5Z2-01Z-00-DX2,1,0.83796465,1
tumour/TCGA-QG-A5Z2-01Z-00-DX2_13312_33280.jpg,TCGA-QG-A5Z2,TCGA-QG-A5Z2-01Z-00-DX2,1,0.9995171,1
tumour/TCGA-QG-A5Z2-01Z-00-DX2_13312_33792.jpg,TCGA-QG-A5Z2,TCGA-QG-A5Z2-01Z-00-DX2,1,0.99895084,1
tumour/TCGA-QG-A5Z2-01Z-00-DX2_13312_34816.jpg,TCGA-QG-A5Z2,TCGA-QG-A5Z2-01Z-00-DX2,1,0.9926866,1
tumour/TCGA-QG-A5Z2-01Z-00-DX2_13312_35840.jpg,TCGA-QG-A5Z2,TCGA-QG-A5Z2-01Z-00-DX2,1,0.9976592,1
tumour/TCGA-QG-A5Z2-01Z-00-DX2_13312_37888.jpg,TCGA-QG-A5Z2,TCGA-QG-A5Z2-01Z-00-DX2,1,0.99999785,1
tumour/TCGA-QG-A5Z2-01Z-00-DX2_13312_39424.jpg,TCGA-QG-A5Z2,TCGA-QG-A5Z2-01Z-00-DX2,1,0.9969593,1
tumour/TCGA-QG-A5Z2-01Z-00-DX2_13824_10752.jpg,TCGA-QG-A5Z2,TCGA-QG-A5Z2-01Z-00-DX2,1,0.9994894,1
tumour/TCGA-QG-A5Z2-01Z-00-DX2_13824_11776.jpg,TCGA-QG-A5Z2,TCGA-QG-A5Z2-01Z-00-DX2,1,0.99898976,1
tumour/TCGA-QG-A5Z2-01Z-00-DX2_13824_12288.jpg,TCGA-QG-A5Z2,TCGA-QG-A5Z2-01Z-00-DX2,1,0.9995578,1
tumour/TCGA-QG-A5Z2-01Z-00-DX2_13824_14848.jpg,TCGA-QG-A5Z2,TCGA-QG-A5Z2-01Z-00-DX2,1,0.9997217,1
tumour/TCGA-QG-A5Z2-01Z-00-DX2_13824_33280.jpg,TCGA-QG-A5Z2,TCGA-QG-A5Z2-01Z-00-DX2,1,0.99931383,1
tumour/TCGA-QG-A5Z2-01Z-00-DX2_13824_34816.jpg,TCGA-QG-A5Z2,TCGA-QG-A5Z2-01Z-00-DX2,1,0.99941504,1
tumour/TCGA-QG-A5Z2-01Z-00-DX2_13824_35840.jpg,TCGA-QG-A5Z2,TCGA-QG-A5Z2-01Z-00-DX2,1,0.99857235,1
tumour/TCGA-QG-A5Z2-01Z-00-DX2_13824_36864.jpg,TCGA-QG-A5Z2,TCGA-QG-A5Z2-01Z-00-DX2,1,0.9993629,1
tumour/TCGA-QG-A5Z2-01Z-00-DX2_13824_37888.jpg,TCGA-QG-A5Z2,TCGA-QG-A5Z2-01Z-00-DX2,1,0.6982729,1
tumour/TCGA-QG-A5Z2-01Z-00-DX2_13824_39424.jpg,TCGA-QG-A5Z2,TCGA-QG-A5Z2-01Z-00-DX2,1,0.9999795,1
tumour/TCGA-QG-A5Z2-01Z-00-DX2_14336_10752.jpg,TCGA-QG-A5Z2,TCGA-QG-A5Z2-01Z-00-DX2,1,0.99893886,1
tumour/TCGA-QG-A5Z2-01Z-00-DX2_14336_11264.jpg,TCGA-QG-A5Z2,TCGA-QG-A5Z2-01Z-00-DX2,1,0.999549,1
tumour/TCGA-QG-A5Z2-01Z-00-DX2_14336_11776.jpg,TCGA-QG-A5Z2,TCGA-QG-A5Z2-01Z-00-DX2,1,0.9996112,1
tumour/TCGA-QG-A5Z2-01Z-00-DX2_14336_12800.jpg,TCGA-QG-A5Z2,TCGA-QG-A5Z2-01Z-00-DX2,1,0.99975616,1
tumour/TCGA-QG-A5Z2-01Z-00-DX2_14336_32256.jpg,TCGA-QG-A5Z2,TCGA-QG-A5Z2-01Z-00-DX2,1,0.8478065,1
tumour/TCGA-QG-A5Z2-01Z-00-DX2_14336_33792.jpg,TCGA-QG-A5Z2,TCGA-QG-A5Z2-01Z-00-DX2,1,0.9921084,1
tumour/TCGA-QG-A5Z2-01Z-00-DX2_14336_34304.jpg,TCGA-QG-A5Z2,TCGA-QG-A5Z2-01Z-00-DX2,1,0.92882556,1
tumour/TCGA-QG-A5Z2-01Z-00-DX2_14336_36864.jpg,TCGA-QG-A5Z2,TCGA-QG-A5Z2-01Z-00-DX2,1,0.99996316,1
tumour/TCGA-QG-A5Z2-01Z-00-DX2_14336_37376.jpg,TCGA-QG-A5Z2,TCGA-QG-A5Z2-01Z-00-DX2,1,0.98486984,1
tumour/TCGA-QG-A5Z2-01Z-00-DX2_14336_37888.jpg,TCGA-QG-A5Z2,TCGA-QG-A5Z2-01Z-00-DX2,1,0.9951191,1
tumour/TCGA-QG-A5Z2-01Z-00-DX2_14848_10240.jpg,TCGA-QG-A5Z2,TCGA-QG-A5Z2-01Z-00-DX2,1,0.9966449,1
tumour/TCGA-QG-A5Z2-01Z-00-DX2_14848_12288.jpg,TCGA-QG-A5Z2,TCGA-QG-A5Z2-01Z-00-DX2,1,0.9905454,1
tumour/TCGA-QG-A5Z2-01Z-00-DX2_14848_12800.jpg,TCGA-QG-A5Z2,TCGA-QG-A5Z2-01Z-00-DX2,1,0.9995121,1
tumour/TCGA-QG-A5Z2-01Z-00-DX2_14848_13312.jpg,TCGA-QG-A5Z2,TCGA-QG-A5Z2-01Z-00-DX2,1,0.99994636,1
tumour/TCGA-QG-A5Z2-01Z-00-DX2_14848_13824.jpg,TCGA-QG-A5Z2,TCGA-QG-A5Z2-01Z-00-DX2,1,0.9985789,1
tumour/TCGA-QG-A5Z2-01Z-00-DX2_14848_14336.jpg,TCGA-QG-A5Z2,TCGA-QG-A5Z2-01Z-00-DX2,1,0.99974734,1
tumour/TCGA-QG-A5Z2-01Z-00-DX2_14848_32256.jpg,TCGA-QG-A5Z2,TCGA-QG-A5Z2-01Z-00-DX2,1,0.98041785,1
tumour/TCGA-QG-A5Z2-01Z-00-DX2_14848_33280.jpg,TCGA-QG-A5Z2,TCGA-QG-A5Z2-01Z-00-DX2,1,0.99853384,1
tumour/TCGA-QG-A5Z2-01Z-00-DX2_14848_33792.jpg,TCGA-QG-A5Z2,TCGA-QG-A5Z2-01Z-00-DX2,1,0.9954716,1
tumour/TCGA-QG-A5Z2-01Z-00-DX2_14848_34304.jpg,TCGA-QG-A5Z2,TCGA-QG-A5Z2-01Z-00-DX2,1,0.9999654,1
tumour/TCGA-QG-A5Z2-01Z-00-DX2_14848_34816.jpg,TCGA-QG-A5Z2,TCGA-QG-A5Z2-01Z-00-DX2,1,0.9993734,1
tumour/TCGA-QG-A5Z2-01Z-00-DX2_14848_36352.jpg,TCGA-QG-A5Z2,TCGA-QG-A5Z2-01Z-00-DX2,1,0.99929595,1
tumour/TCGA-QG-A5Z2-01Z-00-DX2_14848_36864.jpg,TCGA-QG-A5Z2,TCGA-QG-A5Z2-01Z-00-DX2,1,0.99900573,1
tumour/TCGA-QG-A5Z2-01Z-00-DX2_14848_38912.jpg,TCGA-QG-A5Z2,TCGA-QG-A5Z2-01Z-00-DX2,1,0.9429371,1
tumour/TCGA-QG-A5Z2-01Z-00-DX2_14848_39936.jpg,TCGA-QG-A5Z2,TCGA-QG-A5Z2-01Z-00-DX2,1,0.99997926,1
tumour/TCGA-QG-A5Z2-01Z-00-DX2_14848_8192.jpg,TCGA-QG-A5Z2,TCGA-QG-A5Z2-01Z-00-DX2,1,0.99319696,1
tumour/TCGA-QG-A5Z2-01Z-00-DX2_15360_11264.jpg,TCGA-QG-A5Z2,TCGA-QG-A5Z2-01Z-00-DX2,1,0.999828,1
tumour/TCGA-QG-A5Z2-01Z-00-DX2_15360_11776.jpg,TCGA-QG-A5Z2,TCGA-QG-A5Z2-01Z-00-DX2,1,0.9992447,1
tumour/TCGA-QG-A5Z2-01Z-00-DX2_15360_14336.jpg,TCGA-QG-A5Z2,TCGA-QG-A5Z2-01Z-00-DX2,1,0.98923373,1
tumour/TCGA-QG-A5Z2-01Z-00-DX2_15360_32768.jpg,TCGA-QG-A5Z2,TCGA-QG-A5Z2-01Z-00-DX2,1,0.99806756,1
tumour/TCGA-QG-A5Z2-01Z-00-DX2_15360_33280.jpg,TCGA-QG-A5Z2,TCGA-QG-A5Z2-01Z-00-DX2,1,0.99794406,1
tumour/TCGA-QG-A5Z2-01Z-00-DX2_15360_33792.jpg,TCGA-QG-A5Z2,TCGA-QG-A5Z2-01Z-00-DX2,1,0.9998789,1
tumour/TCGA-QG-A5Z2-01Z-00-DX2_15360_34816.jpg,TCGA-QG-A5Z2,TCGA-QG-A5Z2-01Z-00-DX2,1,0.9946662,1
tumour/TCGA-QG-A5Z2-01Z-00-DX2_15360_35840.jpg,TCGA-QG-A5Z2,TCGA-QG-A5Z2-01Z-00-DX2,1,0.99986184,1
tumour/TCGA-QG-A5Z2-01Z-00-DX2_15360_36352.jpg,TCGA-QG-A5Z2,TCGA-QG-A5Z2-01Z-00-DX2,1,0.99617356,1
tumour/TCGA-QG-A5Z2-01Z-00-DX2_15360_38400.jpg,TCGA-QG-A5Z2,TCGA-QG-A5Z2-01Z-00-DX2,1,0.99799144,1
tumour/TCGA-QG-A5Z2-01Z-00-DX2_15360_38912.jpg,TCGA-QG-A5Z2,TCGA-QG-A5Z2-01Z-00-DX2,1,0.79082364,1
tumour/TCGA-QG-A5Z2-01Z-00-DX2_15360_39424.jpg,TCGA-QG-A5Z2,TCGA-QG-A5Z2-01Z-00-DX2,1,0.98977214,1
tumour/TCGA-QG-A5Z2-01Z-00-DX2_15360_39936.jpg,TCGA-QG-A5Z2,TCGA-QG-A5Z2-01Z-00-DX2,1,0.9990884,1
tumour/TCGA-QG-A5Z2-01Z-00-DX2_15360_8192.jpg,TCGA-QG-A5Z2,TCGA-QG-A5Z2-01Z-00-DX2,1,0.9997905,1
tumour/TCGA-QG-A5Z2-01Z-00-DX2_15872_10240.jpg,TCGA-QG-A5Z2,TCGA-QG-A5Z2-01Z-00-DX2,1,0.9936559,1
tumour/TCGA-QG-A5Z2-01Z-00-DX2_15872_10752.jpg,TCGA-QG-A5Z2,TCGA-QG-A5Z2-01Z-00-DX2,1,0.9995291,1
tumour/TCGA-QG-A5Z2-01Z-00-DX2_15872_12288.jpg,TCGA-QG-A5Z2,TCGA-QG-A5Z2-01Z-00-DX2,1,0.987392,1
tumour/TCGA-QG-A5Z2-01Z-00-DX2_15872_13824.jpg,TCGA-QG-A5Z2,TCGA-QG-A5Z2-01Z-00-DX2,1,0.99985147,1
tumour/TCGA-QG-A5Z2-01Z-00-DX2_15872_14336.jpg,TCGA-QG-A5Z2,TCGA-QG-A5Z2-01Z-00-DX2,1,0.99940085,1
tumour/TCGA-QG-A5Z2-01Z-00-DX2_15872_33792.jpg,TCGA-QG-A5Z2,TCGA-QG-A5Z2-01Z-00-DX2,1,0.99452126,1
tumour/TCGA-QG-A5Z2-01Z-00-DX2_15872_35840.jpg,TCGA-QG-A5Z2,TCGA-QG-A5Z2-01Z-00-DX2,1,0.9993049,1
tumour/TCGA-QG-A5Z2-01Z-00-DX2_15872_36352.jpg,TCGA-QG-A5Z2,TCGA-QG-A5Z2-01Z-00-DX2,1,0.99974626,1
tumour/TCGA-QG-A5Z2-01Z-00-DX2_15872_37376.jpg,TCGA-QG-A5Z2,TCGA-QG-A5Z2-01Z-00-DX2,1,0.98360854,1
tumour/TCGA-QG-A5Z2-01Z-00-DX2_15872_37888.jpg,TCGA-QG-A5Z2,TCGA-QG-A5Z2-01Z-00-DX2,1,0.8902216,1
tumour/TCGA-QG-A5Z2-01Z-00-DX2_15872_39936.jpg,TCGA-QG-A5Z2,TCGA-QG-A5Z2-01Z-00-DX2,1,0.9957633,1
tumour/TCGA-QG-A5Z2-01Z-00-DX2_15872_40448.jpg,TCGA-QG-A5Z2,TCGA-QG-A5Z2-01Z-00-DX2,1,0.9596824,1
tumour/TCGA-QG-A5Z2-01Z-00-DX2_15872_8704.jpg,TCGA-QG-A5Z2,TCGA-QG-A5Z2-01Z-00-DX2,1,0.9913135,1
tumour/TCGA-QG-A5Z2-01Z-00-DX2_16384_10240.jpg,TCGA-QG-A5Z2,TCGA-QG-A5Z2-01Z-00-DX2,1,0.99924564,1
tumour/TCGA-QG-A5Z2-01Z-00-DX2_16384_10752.jpg,TCGA-QG-A5Z2,TCGA-QG-A5Z2-01Z-00-DX2,1,0.9991792,1
tumour/TCGA-QG-A5Z2-01Z-00-DX2_16384_11264.jpg,TCGA-QG-A5Z2,TCGA-QG-A5Z2-01Z-00-DX2,1,0.99999046,1
tumour/TCGA-QG-A5Z2-01Z-00-DX2_16384_12288.jpg,TCGA-QG-A5Z2,TCGA-QG-A5Z2-01Z-00-DX2,1,0.9993698,1
tumour/TCGA-QG-A5Z2-01Z-00-DX2_16384_33792.jpg,TCGA-QG-A5Z2,TCGA-QG-A5Z2-01Z-00-DX2,1,0.92426616,1
tumour/TCGA-QG-A5Z2-01Z-00-DX2_16384_35840.jpg,TCGA-QG-A5Z2,TCGA-QG-A5Z2-01Z-00-DX2,1,0.99958974,1
tumour/TCGA-QG-A5Z2-01Z-00-DX2_16384_36864.jpg,TCGA-QG-A5Z2,TCGA-QG-A5Z2-01Z-00-DX2,1,0.99272233,1
tumour/TCGA-QG-A5Z2-01Z-00-DX2_16384_37888.jpg,TCGA-QG-A5Z2,TCGA-QG-A5Z2-01Z-00-DX2,1,0.99856997,1
tumour/TCGA-QG-A5Z2-01Z-00-DX2_16384_38912.jpg,TCGA-QG-A5Z2,TCGA-QG-A5Z2-01Z-00-DX2,1,0.97891575,1
tumour/TCGA-QG-A5Z2-01Z-00-DX2_16384_39936.jpg,TCGA-QG-A5Z2,TCGA-QG-A5Z2-01Z-00-DX2,1,0.66908675,1
tumour/TCGA-QG-A5Z2-01Z-00-DX2_16384_8704.jpg,TCGA-QG-A5Z2,TCGA-QG-A5Z2-01Z-00-DX2,1,0.9791003,1
tumour/TCGA-QG-A5Z2-01Z-00-DX2_16384_9216.jpg,TCGA-QG-A5Z2,TCGA-QG-A5Z2-01Z-00-DX2,1,0.9993082,1
tumour/TCGA-QG-A5Z2-01Z-00-DX2_16896_10752.jpg,TCGA-QG-A5Z2,TCGA-QG-A5Z2-01Z-00-DX2,1,0.9997458,1
tumour/TCGA-QG-A5Z2-01Z-00-DX2_16896_11264.jpg,TCGA-QG-A5Z2,TCGA-QG-A5Z2-01Z-00-DX2,1,0.9997701,1
tumour/TCGA-QG-A5Z2-01Z-00-DX2_16896_11776.jpg,TCGA-QG-A5Z2,TCGA-QG-A5Z2-01Z-00-DX2,1,0.99995375,1
tumour/TCGA-QG-A5Z2-01Z-00-DX2_16896_12288.jpg,TCGA-QG-A5Z2,TCGA-QG-A5Z2-01Z-00-DX2,1,0.9985689,1
tumour/TCGA-QG-A5Z2-01Z-00-DX2_16896_12800.jpg,TCGA-QG-A5Z2,TCGA-QG-A5Z2-01Z-00-DX2,1,0.9961204,1
tumour/TCGA-QG-A5Z2-01Z-00-DX2_16896_38400.jpg,TCGA-QG-A5Z2,TCGA-QG-A5Z2-01Z-00-DX2,1,0.43530628,0
tumour/TCGA-QG-A5Z2-01Z-00-DX2_16896_39424.jpg,TCGA-QG-A5Z2,TCGA-QG-A5Z2-01Z-00-DX2,1,0.982333,1
tumour/TCGA-QG-A5Z2-01Z-00-DX2_16896_39936.jpg,TCGA-QG-A5Z2,TCGA-QG-A5Z2-01Z-00-DX2,1,0.99325305,1
tumour/TCGA-QG-A5Z2-01Z-00-DX2_16896_40448.jpg,TCGA-QG-A5Z2,TCGA-QG-A5Z2-01Z-00-DX2,1,0.9993957,1
tumour/TCGA-QG-A5Z2-01Z-00-DX2_16896_8704.jpg,TCGA-QG-A5Z2,TCGA-QG-A5Z2-01Z-00-DX2,1,0.9977679,1
tumour/TCGA-QG-A5Z2-01Z-00-DX2_16896_9216.jpg,TCGA-QG-A5Z2,TCGA-QG-A5Z2-01Z-00-DX2,1,0.9944794,1
tumour/TCGA-QG-A5Z2-01Z-00-DX2_17408_10240.jpg,TCGA-QG-A5Z2,TCGA-QG-A5Z2-01Z-00-DX2,1,0.9997694,1
tumour/TCGA-QG-A5Z2-01Z-00-DX2_17408_10752.jpg,TCGA-QG-A5Z2,TCGA-QG-A5Z2-01Z-00-DX2,1,0.9998735,1
tumour/TCGA-QG-A5Z2-01Z-00-DX2_17408_12288.jpg,TCGA-QG-A5Z2,TCGA-QG-A5Z2-01Z-00-DX2,1,0.9999819,1
tumour/TCGA-QG-A5Z2-01Z-00-DX2_17408_13312.jpg,TCGA-QG-A5Z2,TCGA-QG-A5Z2-01Z-00-DX2,1,0.9996314,1
tumour/TCGA-QG-A5Z2-01Z-00-DX2_17408_37376.jpg,TCGA-QG-A5Z2,TCGA-QG-A5Z2-01Z-00-DX2,1,0.9998894,1
tumour/TCGA-QG-A5Z2-01Z-00-DX2_17408_39424.jpg,TCGA-QG-A5Z2,TCGA-QG-A5Z2-01Z-00-DX2,1,0.99695504,1
tumour/TCGA-QG-A5Z2-01Z-00-DX2_17920_10240.jpg,TCGA-QG-A5Z2,TCGA-QG-A5Z2-01Z-00-DX2,1,0.9996679,1
tumour/TCGA-QG-A5Z2-01Z-00-DX2_17920_10752.jpg,TCGA-QG-A5Z2,TCGA-QG-A5Z2-01Z-00-DX2,1,0.99871266,1
tumour/TCGA-QG-A5Z2-01Z-00-DX2_17920_11776.jpg,TCGA-QG-A5Z2,TCGA-QG-A5Z2-01Z-00-DX2,1,0.99973243,1
tumour/TCGA-QG-A5Z2-01Z-00-DX2_17920_12288.jpg,TCGA-QG-A5Z2,TCGA-QG-A5Z2-01Z-00-DX2,1,0.97168005,1
tumour/TCGA-QG-A5Z2-01Z-00-DX2_17920_12800.jpg,TCGA-QG-A5Z2,TCGA-QG-A5Z2-01Z-00-DX2,1,0.99226767,1
tumour/TCGA-QG-A5Z2-01Z-00-DX2_17920_36352.jpg,TCGA-QG-A5Z2,TCGA-QG-A5Z2-01Z-00-DX2,1,0.9997336,1
tumour/TCGA-QG-A5Z2-01Z-00-DX2_17920_36864.jpg,TCGA-QG-A5Z2,TCGA-QG-A5Z2-01Z-00-DX2,1,0.9999896,1
tumour/TCGA-QG-A5Z2-01Z-00-DX2_17920_9728.jpg,TCGA-QG-A5Z2,TCGA-QG-A5Z2-01Z-00-DX2,1,0.9992576,1
tumour/TCGA-QG-A5Z2-01Z-00-DX2_18432_11264.jpg,TCGA-QG-A5Z2,TCGA-QG-A5Z2-01Z-00-DX2,1,0.9986878,1
tumour/TCGA-QG-A5Z2-01Z-00-DX2_18432_11776.jpg,TCGA-QG-A5Z2,TCGA-QG-A5Z2-01Z-00-DX2,1,0.96330726,1
tumour/TCGA-QG-A5Z2-01Z-00-DX2_18432_3072.jpg,TCGA-QG-A5Z2,TCGA-QG-A5Z2-01Z-00-DX2,1,0.9999474,1
tumour/TCGA-QG-A5Z2-01Z-00-DX2_18432_35840.jpg,TCGA-QG-A5Z2,TCGA-QG-A5Z2-01Z-00-DX2,1,0.99686545,1
tumour/TCGA-QG-A5Z2-01Z-00-DX2_18432_36352.jpg,TCGA-QG-A5Z2,TCGA-QG-A5Z2-01Z-00-DX2,1,0.9997812,1
tumour/TCGA-QG-A5Z2-01Z-00-DX2_18432_36864.jpg,TCGA-QG-A5Z2,TCGA-QG-A5Z2-01Z-00-DX2,1,0.99952567,1
tumour/TCGA-QG-A5Z2-01Z-00-DX2_18432_37888.jpg,TCGA-QG-A5Z2,TCGA-QG-A5Z2-01Z-00-DX2,1,0.9929807,1
tumour/TCGA-QG-A5Z2-01Z-00-DX2_18432_5632.jpg,TCGA-QG-A5Z2,TCGA-QG-A5Z2-01Z-00-DX2,1,0.9999964,1
tumour/TCGA-QG-A5Z2-01Z-00-DX2_18944_10240.jpg,TCGA-QG-A5Z2,TCGA-QG-A5Z2-01Z-00-DX2,1,0.9979988,1
tumour/TCGA-QG-A5Z2-01Z-00-DX2_18944_11264.jpg,TCGA-QG-A5Z2,TCGA-QG-A5Z2-01Z-00-DX2,1,0.9961506,1
tumour/TCGA-QG-A5Z2-01Z-00-DX2_18944_3072.jpg,TCGA-QG-A5Z2,TCGA-QG-A5Z2-01Z-00-DX2,1,0.99989927,1
tumour/TCGA-QG-A5Z2-01Z-00-DX2_18944_34816.jpg,TCGA-QG-A5Z2,TCGA-QG-A5Z2-01Z-00-DX2,1,0.99994767,1
tumour/TCGA-QG-A5Z2-01Z-00-DX2_18944_36864.jpg,TCGA-QG-A5Z2,TCGA-QG-A5Z2-01Z-00-DX2,1,0.9698343,1
tumour/TCGA-QG-A5Z2-01Z-00-DX2_18944_37888.jpg,TCGA-QG-A5Z2,TCGA-QG-A5Z2-01Z-00-DX2,1,0.99972564,1
tumour/TCGA-QG-A5Z2-01Z-00-DX2_18944_38400.jpg,TCGA-QG-A5Z2,TCGA-QG-A5Z2-01Z-00-DX2,1,0.9957318,1
tumour/TCGA-QG-A5Z2-01Z-00-DX2_18944_4608.jpg,TCGA-QG-A5Z2,TCGA-QG-A5Z2-01Z-00-DX2,1,0.9995565,1
tumour/TCGA-QG-A5Z2-01Z-00-DX2_18944_5120.jpg,TCGA-QG-A5Z2,TCGA-QG-A5Z2-01Z-00-DX2,1,0.9988581,1
tumour/TCGA-QG-A5Z2-01Z-00-DX2_18944_7680.jpg,TCGA-QG-A5Z2,TCGA-QG-A5Z2-01Z-00-DX2,1,0.9999064,1
tumour/TCGA-QG-A5Z2-01Z-00-DX2_19456_10240.jpg,TCGA-QG-A5Z2,TCGA-QG-A5Z2-01Z-00-DX2,1,0.9317072,1
tumour/TCGA-QG-A5Z2-01Z-00-DX2_19456_11264.jpg,TCGA-QG-A5Z2,TCGA-QG-A5Z2-01Z-00-DX2,1,0.9934075,1
tumour/TCGA-QG-A5Z2-01Z-00-DX2_19456_35840.jpg,TCGA-QG-A5Z2,TCGA-QG-A5Z2-01Z-00-DX2,1,0.9999862,1
tumour/TCGA-QG-A5Z2-01Z-00-DX2_19456_36352.jpg,TCGA-QG-A5Z2,TCGA-QG-A5Z2-01Z-00-DX2,1,0.9996669,1
tumour/TCGA-QG-A5Z2-01Z-00-DX2_19456_36864.jpg,TCGA-QG-A5Z2,TCGA-QG-A5Z2-01Z-00-DX2,1,0.9991824,1
tumour/TCGA-QG-A5Z2-01Z-00-DX2_19456_37376.jpg,TCGA-QG-A5Z2,TCGA-QG-A5Z2-01Z-00-DX2,1,0.9999001,1
tumour/TCGA-QG-A5Z2-01Z-00-DX2_19456_38400.jpg,TCGA-QG-A5Z2,TCGA-QG-A5Z2-01Z-00-DX2,1,0.99989057,1
tumour/TCGA-QG-A5Z2-01Z-00-DX2_19456_38912.jpg,TCGA-QG-A5Z2,TCGA-QG-A5Z2-01Z-00-DX2,1,0.9999182,1
tumour/TCGA-QG-A5Z2-01Z-00-DX2_19456_39424.jpg,TCGA-QG-A5Z2,TCGA-QG-A5Z2-01Z-00-DX2,1,0.99797136,1
tumour/TCGA-QG-A5Z2-01Z-00-DX2_19456_4096.jpg,TCGA-QG-A5Z2,TCGA-QG-A5Z2-01Z-00-DX2,1,0.95957613,1
tumour/TCGA-QG-A5Z2-01Z-00-DX2_19456_5120.jpg,TCGA-QG-A5Z2,TCGA-QG-A5Z2-01Z-00-DX2,1,0.9999949,1
tumour/TCGA-QG-A5Z2-01Z-00-DX2_19456_6144.jpg,TCGA-QG-A5Z2,TCGA-QG-A5Z2-01Z-00-DX2,1,0.99989104,1
tumour/TCGA-QG-A5Z2-01Z-00-DX2_19456_7168.jpg,TCGA-QG-A5Z2,TCGA-QG-A5Z2-01Z-00-DX2,1,0.99960524,1
tumour/TCGA-QG-A5Z2-01Z-00-DX2_19456_8192.jpg,TCGA-QG-A5Z2,TCGA-QG-A5Z2-01Z-00-DX2,1,0.9975171,1
tumour/TCGA-QG-A5Z2-01Z-00-DX2_19456_8704.jpg,TCGA-QG-A5Z2,TCGA-QG-A5Z2-01Z-00-DX2,1,0.9954863,1
tumour/TCGA-QG-A5Z2-01Z-00-DX2_19456_9728.jpg,TCGA-QG-A5Z2,TCGA-QG-A5Z2-01Z-00-DX2,1,0.99838245,1
tumour/TCGA-QG-A5Z2-01Z-00-DX2_19968_36352.jpg,TCGA-QG-A5Z2,TCGA-QG-A5Z2-01Z-00-DX2,1,0.9989255,1
tumour/TCGA-QG-A5Z2-01Z-00-DX2_19968_37376.jpg,TCGA-QG-A5Z2,TCGA-QG-A5Z2-01Z-00-DX2,1,0.9998977,1
tumour/TCGA-QG-A5Z2-01Z-00-DX2_19968_37888.jpg,TCGA-QG-A5Z2,TCGA-QG-A5Z2-01Z-00-DX2,1,0.9999194,1
tumour/TCGA-QG-A5Z2-01Z-00-DX2_19968_38912.jpg,TCGA-QG-A5Z2,TCGA-QG-A5Z2-01Z-00-DX2,1,0.9961707,1
tumour/TCGA-QG-A5Z2-01Z-00-DX2_19968_39424.jpg,TCGA-QG-A5Z2,TCGA-QG-A5Z2-01Z-00-DX2,1,0.9955129,1
tumour/TCGA-QG-A5Z2-01Z-00-DX2_19968_5120.jpg,TCGA-QG-A5Z2,TCGA-QG-A5Z2-01Z-00-DX2,1,0.99951255,1
tumour/TCGA-QG-A5Z2-01Z-00-DX2_19968_5632.jpg,TCGA-QG-A5Z2,TCGA-QG-A5Z2-01Z-00-DX2,1,0.99999523,1
tumour/TCGA-QG-A5Z2-01Z-00-DX2_19968_6656.jpg,TCGA-QG-A5Z2,TCGA-QG-A5Z2-01Z-00-DX2,1,0.9967781,1
tumour/TCGA-QG-A5Z2-01Z-00-DX2_19968_7680.jpg,TCGA-QG-A5Z2,TCGA-QG-A5Z2-01Z-00-DX2,1,0.9981352,1
tumour/TCGA-QG-A5Z2-01Z-00-DX2_19968_8704.jpg,TCGA-QG-A5Z2,TCGA-QG-A5Z2-01Z-00-DX2,1,0.9974285,1
tumour/TCGA-QG-A5Z2-01Z-00-DX2_19968_9216.jpg,TCGA-QG-A5Z2,TCGA-QG-A5Z2-01Z-00-DX2,1,0.9983053,1
tumour/TCGA-QG-A5Z2-01Z-00-DX2_19968_9728.jpg,TCGA-QG-A5Z2,TCGA-QG-A5Z2-01Z-00-DX2,1,0.9994802,1
tumour/TCGA-QG-A5Z2-01Z-00-DX2_20480_10240.jpg,TCGA-QG-A5Z2,TCGA-QG-A5Z2-01Z-00-DX2,1,0.9986124,1
tumour/TCGA-QG-A5Z2-01Z-00-DX2_20480_3584.jpg,TCGA-QG-A5Z2,TCGA-QG-A5Z2-01Z-00-DX2,1,0.9998517,1
tumour/TCGA-QG-A5Z2-01Z-00-DX2_20480_37888.jpg,TCGA-QG-A5Z2,TCGA-QG-A5Z2-01Z-00-DX2,1,0.99915564,1
tumour/TCGA-QG-A5Z2-01Z-00-DX2_20480_38400.jpg,TCGA-QG-A5Z2,TCGA-QG-A5Z2-01Z-00-DX2,1,0.9999058,1
tumour/TCGA-QG-A5Z2-01Z-00-DX2_20480_38912.jpg,TCGA-QG-A5Z2,TCGA-QG-A5Z2-01Z-00-DX2,1,0.99936515,1
tumour/TCGA-QG-A5Z2-01Z-00-DX2_20480_39424.jpg,TCGA-QG-A5Z2,TCGA-QG-A5Z2-01Z-00-DX2,1,0.9997303,1
tumour/TCGA-QG-A5Z2-01Z-00-DX2_20480_40448.jpg,TCGA-QG-A5Z2,TCGA-QG-A5Z2-01Z-00-DX2,1,0.99956936,1
tumour/TCGA-QG-A5Z2-01Z-00-DX2_20480_4608.jpg,TCGA-QG-A5Z2,TCGA-QG-A5Z2-01Z-00-DX2,1,0.99904174,1
tumour/TCGA-QG-A5Z2-01Z-00-DX2_20480_5120.jpg,TCGA-QG-A5Z2,TCGA-QG-A5Z2-01Z-00-DX2,1,0.99987555,1
tumour/TCGA-QG-A5Z2-01Z-00-DX2_20480_5632.jpg,TCGA-QG-A5Z2,TCGA-QG-A5Z2-01Z-00-DX2,1,0.99998057,1
tumour/TCGA-QG-A5Z2-01Z-00-DX2_20480_6144.jpg,TCGA-QG-A5Z2,TCGA-QG-A5Z2-01Z-00-DX2,1,0.996743,1
tumour/TCGA-QG-A5Z2-01Z-00-DX2_20480_6656.jpg,TCGA-QG-A5Z2,TCGA-QG-A5Z2-01Z-00-DX2,1,0.9999572,1
tumour/TCGA-QG-A5Z2-01Z-00-DX2_20480_7680.jpg,TCGA-QG-A5Z2,TCGA-QG-A5Z2-01Z-00-DX2,1,0.99996865,1
tumour/TCGA-QG-A5Z2-01Z-00-DX2_20480_8704.jpg,TCGA-QG-A5Z2,TCGA-QG-A5Z2-01Z-00-DX2,1,0.99973315,1
tumour/TCGA-QG-A5Z2-01Z-00-DX2_20992_37888.jpg,TCGA-QG-A5Z2,TCGA-QG-A5Z2-01Z-00-DX2,1,0.99521023,1
tumour/TCGA-QG-A5Z2-01Z-00-DX2_20992_38400.jpg,TCGA-QG-A5Z2,TCGA-QG-A5Z2-01Z-00-DX2,1,0.99998176,1
tumour/TCGA-QG-A5Z2-01Z-00-DX2_20992_38912.jpg,TCGA-QG-A5Z2,TCGA-QG-A5Z2-01Z-00-DX2,1,0.9992205,1
tumour/TCGA-QG-A5Z2-01Z-00-DX2_20992_39424.jpg,TCGA-QG-A5Z2,TCGA-QG-A5Z2-01Z-00-DX2,1,0.9859028,1
tumour/TCGA-QG-A5Z2-01Z-00-DX2_20992_4608.jpg,TCGA-QG-A5Z2,TCGA-QG-A5Z2-01Z-00-DX2,1,0.99982136,1
tumour/TCGA-QG-A5Z2-01Z-00-DX2_20992_6656.jpg,TCGA-QG-A5Z2,TCGA-QG-A5Z2-01Z-00-DX2,1,0.9994686,1
tumour/TCGA-QG-A5Z2-01Z-00-DX2_20992_7168.jpg,TCGA-QG-A5Z2,TCGA-QG-A5Z2-01Z-00-DX2,1,0.9991198,1
tumour/TCGA-QG-A5Z2-01Z-00-DX2_20992_7680.jpg,TCGA-QG-A5Z2,TCGA-QG-A5Z2-01Z-00-DX2,1,0.9998317,1
tumour/TCGA-QG-A5Z2-01Z-00-DX2_20992_8192.jpg,TCGA-QG-A5Z2,TCGA-QG-A5Z2-01Z-00-DX2,1,0.99876994,1
tumour/TCGA-QG-A5Z2-01Z-00-DX2_20992_8704.jpg,TCGA-QG-A5Z2,TCGA-QG-A5Z2-01Z-00-DX2,1,0.9503459,1
tumour/TCGA-QG-A5Z2-01Z-00-DX2_20992_9216.jpg,TCGA-QG-A5Z2,TCGA-QG-A5Z2-01Z-00-DX2,1,0.98847264,1
tumour/TCGA-QG-A5Z2-01Z-00-DX2_21504_3584.jpg,TCGA-QG-A5Z2,TCGA-QG-A5Z2-01Z-00-DX2,1,0.98908406,1
tumour/TCGA-QG-A5Z2-01Z-00-DX2_21504_40448.jpg,TCGA-QG-A5Z2,TCGA-QG-A5Z2-01Z-00-DX2,1,0.99676335,1
tumour/TCGA-QG-A5Z2-01Z-00-DX2_21504_4096.jpg,TCGA-QG-A5Z2,TCGA-QG-A5Z2-01Z-00-DX2,1,0.99996746,1
tumour/TCGA-QG-A5Z2-01Z-00-DX2_21504_5632.jpg,TCGA-QG-A5Z2,TCGA-QG-A5Z2-01Z-00-DX2,1,0.9999685,1
tumour/TCGA-QG-A5Z2-01Z-00-DX2_21504_7680.jpg,TCGA-QG-A5Z2,TCGA-QG-A5Z2-01Z-00-DX2,1,0.985849,1
tumour/TCGA-QG-A5Z2-01Z-00-DX2_22016_3584.jpg,TCGA-QG-A5Z2,TCGA-QG-A5Z2-01Z-00-DX2,1,0.99847895,1
tumour/TCGA-QG-A5Z2-01Z-00-DX2_22016_4608.jpg,TCGA-QG-A5Z2,TCGA-QG-A5Z2-01Z-00-DX2,1,0.9998196,1
tumour/TCGA-QG-A5Z2-01Z-00-DX2_22016_5632.jpg,TCGA-QG-A5Z2,TCGA-QG-A5Z2-01Z-00-DX2,1,0.99938107,1
tumour/TCGA-QG-A5Z2-01Z-00-DX2_22528_3584.jpg,TCGA-QG-A5Z2,TCGA-QG-A5Z2-01Z-00-DX2,1,0.99904364,1
tumour/TCGA-QG-A5Z2-01Z-00-DX2_22528_36864.jpg,TCGA-QG-A5Z2,TCGA-QG-A5Z2-01Z-00-DX2,1,0.9993205,1
tumour/TCGA-QG-A5Z2-01Z-00-DX2_22528_37376.jpg,TCGA-QG-A5Z2,TCGA-QG-A5Z2-01Z-00-DX2,1,0.998774,1
tumour/TCGA-QG-A5Z2-01Z-00-DX2_22528_37888.jpg,TCGA-QG-A5Z2,TCGA-QG-A5Z2-01Z-00-DX2,1,0.9993808,1
tumour/TCGA-QG-A5Z2-01Z-00-DX2_22528_4608.jpg,TCGA-QG-A5Z2,TCGA-QG-A5Z2-01Z-00-DX2,1,0.9978119,1
tumour/TCGA-QG-A5Z2-01Z-00-DX2_22528_5120.jpg,TCGA-QG-A5Z2,TCGA-QG-A5Z2-01Z-00-DX2,1,0.9998097,1
tumour/TCGA-QG-A5Z2-01Z-00-DX2_22528_5632.jpg,TCGA-QG-A5Z2,TCGA-QG-A5Z2-01Z-00-DX2,1,0.9999614,1
tumour/TCGA-QG-A5Z2-01Z-00-DX2_22528_6144.jpg,TCGA-QG-A5Z2,TCGA-QG-A5Z2-01Z-00-DX2,1,0.99993527,1
tumour/TCGA-QG-A5Z2-01Z-00-DX2_23040_3584.jpg,TCGA-QG-A5Z2,TCGA-QG-A5Z2-01Z-00-DX2,1,0.99869835,1
tumour/TCGA-QG-A5Z2-01Z-00-DX2_23040_36352.jpg,TCGA-QG-A5Z2,TCGA-QG-A5Z2-01Z-00-DX2,1,0.99640864,1
tumour/TCGA-QG-A5Z2-01Z-00-DX2_23040_37376.jpg,TCGA-QG-A5Z2,TCGA-QG-A5Z2-01Z-00-DX2,1,0.99893194,1
tumour/TCGA-QG-A5Z2-01Z-00-DX2_23040_37888.jpg,TCGA-QG-A5Z2,TCGA-QG-A5Z2-01Z-00-DX2,1,0.9963276,1
tumour/TCGA-QG-A5Z2-01Z-00-DX2_23040_5120.jpg,TCGA-QG-A5Z2,TCGA-QG-A5Z2-01Z-00-DX2,1,0.9998845,1
tumour/TCGA-QG-A5Z2-01Z-00-DX2_23040_5632.jpg,TCGA-QG-A5Z2,TCGA-QG-A5Z2-01Z-00-DX2,1,0.9999331,1
tumour/TCGA-QG-A5Z2-01Z-00-DX2_23552_35840.jpg,TCGA-QG-A5Z2,TCGA-QG-A5Z2-01Z-00-DX2,1,0.9999616,1
tumour/TCGA-QG-A5Z2-01Z-00-DX2_23552_37376.jpg,TCGA-QG-A5Z2,TCGA-QG-A5Z2-01Z-00-DX2,1,0.9992943,1
tumour/TCGA-QG-A5Z2-01Z-00-DX2_23552_37888.jpg,TCGA-QG-A5Z2,TCGA-QG-A5Z2-01Z-00-DX2,1,0.9798392,1
tumour/TCGA-QG-A5Z2-01Z-00-DX2_23552_4096.jpg,TCGA-QG-A5Z2,TCGA-QG-A5Z2-01Z-00-DX2,1,0.99795604,1
tumour/TCGA-QG-A5Z2-01Z-00-DX2_23552_5120.jpg,TCGA-QG-A5Z2,TCGA-QG-A5Z2-01Z-00-DX2,1,0.9956524,1
tumour/TCGA-QG-A5Z2-01Z-00-DX2_24064_36352.jpg,TCGA-QG-A5Z2,TCGA-QG-A5Z2-01Z-00-DX2,1,0.999718,1
tumour/TCGA-QG-A5Z2-01Z-00-DX2_24064_37888.jpg,TCGA-QG-A5Z2,TCGA-QG-A5Z2-01Z-00-DX2,1,0.9901799,1
tumour/TCGA-QG-A5Z2-01Z-00-DX2_24576_35840.jpg,TCGA-QG-A5Z2,TCGA-QG-A5Z2-01Z-00-DX2,1,0.99900645,1
tumour/TCGA-QG-A5Z2-01Z-00-DX2_24576_36352.jpg,TCGA-QG-A5Z2,TCGA-QG-A5Z2-01Z-00-DX2,1,0.99942976,1
tumour/TCGA-QG-A5Z2-01Z-00-DX2_24576_36864.jpg,TCGA-QG-A5Z2,TCGA-QG-A5Z2-01Z-00-DX2,1,0.99944395,1
tumour/TCGA-QG-A5Z2-01Z-00-DX2_25088_34816.jpg,TCGA-QG-A5Z2,TCGA-QG-A5Z2-01Z-00-DX2,1,0.9544001,1
tumour/TCGA-QG-A5Z2-01Z-00-DX2_25088_35840.jpg,TCGA-QG-A5Z2,TCGA-QG-A5Z2-01Z-00-DX2,1,0.9990619,1
tumour/TCGA-QG-A5Z2-01Z-00-DX2_25088_36352.jpg,TCGA-QG-A5Z2,TCGA-QG-A5Z2-01Z-00-DX2,1,0.9998846,1
tumour/TCGA-QG-A5Z2-01Z-00-DX2_25600_36352.jpg,TCGA-QG-A5Z2,TCGA-QG-A5Z2-01Z-00-DX2,1,0.99947757,1
tumour/TCGA-QG-A5Z2-01Z-00-DX2_25600_37888.jpg,TCGA-QG-A5Z2,TCGA-QG-A5Z2-01Z-00-DX2,1,0.9986015,1
tumour/TCGA-QG-A5Z2-01Z-00-DX2_26112_36864.jpg,TCGA-QG-A5Z2,TCGA-QG-A5Z2-01Z-00-DX2,1,0.99831045,1
tumour/TCGA-QG-A5Z2-01Z-00-DX2_26112_37376.jpg,TCGA-QG-A5Z2,TCGA-QG-A5Z2-01Z-00-DX2,1,0.9998325,1
tumour/TCGA-QG-A5Z2-01Z-00-DX2_26112_37888.jpg,TCGA-QG-A5Z2,TCGA-QG-A5Z2-01Z-00-DX2,1,0.9987614,1
tumour/TCGA-QG-A5Z2-01Z-00-DX2_26624_35840.jpg,TCGA-QG-A5Z2,TCGA-QG-A5Z2-01Z-00-DX2,1,0.9951296,1
tumour/TCGA-QG-A5Z2-01Z-00-DX2_26624_37376.jpg,TCGA-QG-A5Z2,TCGA-QG-A5Z2-01Z-00-DX2,1,0.97028625,1
tumour/TCGA-QG-A5Z2-01Z-00-DX2_27136_36864.jpg,TCGA-QG-A5Z2,TCGA-QG-A5Z2-01Z-00-DX2,1,0.9953609,1
tumour/TCGA-QG-A5Z2-01Z-00-DX2_27136_37376.jpg,TCGA-QG-A5Z2,TCGA-QG-A5Z2-01Z-00-DX2,1,0.98883504,1
tumour/TCGA-QG-A5Z2-01Z-00-DX2_27648_37888.jpg,TCGA-QG-A5Z2,TCGA-QG-A5Z2-01Z-00-DX2,1,0.9893835,1
tumour/TCGA-QG-A5Z2-01Z-00-DX2_27648_38400.jpg,TCGA-QG-A5Z2,TCGA-QG-A5Z2-01Z-00-DX2,1,0.9993999,1
tumour/TCGA-QG-A5Z2-01Z-00-DX2_28160_37376.jpg,TCGA-QG-A5Z2,TCGA-QG-A5Z2-01Z-00-DX2,1,0.99987483,1
tumour/TCGA-QG-A5Z2-01Z-00-DX2_28160_38400.jpg,TCGA-QG-A5Z2,TCGA-QG-A5Z2-01Z-00-DX2,1,0.99994755,1
tumour/TCGA-QG-A5Z2-01Z-00-DX2_28672_37888.jpg,TCGA-QG-A5Z2,TCGA-QG-A5Z2-01Z-00-DX2,1,0.99665594,1
tumour/TCGA-QG-A5Z2-01Z-00-DX2_28672_38400.jpg,TCGA-QG-A5Z2,TCGA-QG-A5Z2-01Z-00-DX2,1,0.99934274,1
tumour/TCGA-QG-A5Z2-01Z-00-DX2_29184_37888.jpg,TCGA-QG-A5Z2,TCGA-QG-A5Z2-01Z-00-DX2,1,0.99994826,1
tumour/TCGA-QG-A5Z2-01Z-00-DX2_29184_38400.jpg,TCGA-QG-A5Z2,TCGA-QG-A5Z2-01Z-00-DX2,1,0.9996074,1
tumour/TCGA-QG-A5Z2-01Z-00-DX2_29696_37376.jpg,TCGA-QG-A5Z2,TCGA-QG-A5Z2-01Z-00-DX2,1,0.9997199,1
tumour/TCGA-QG-A5Z2-01Z-00-DX2_29696_37888.jpg,TCGA-QG-A5Z2,TCGA-QG-A5Z2-01Z-00-DX2,1,0.9990563,1
tumour/TCGA-QG-A5Z2-01Z-00-DX2_30208_36352.jpg,TCGA-QG-A5Z2,TCGA-QG-A5Z2-01Z-00-DX2,1,0.99969745,1
tumour/TCGA-QG-A5Z2-01Z-00-DX2_31232_35840.jpg,TCGA-QG-A5Z2,TCGA-QG-A5Z2-01Z-00-DX2,1,0.9976897,1
tumour/TCGA-QG-A5Z2-01Z-00-DX2_31744_36352.jpg,TCGA-QG-A5Z2,TCGA-QG-A5Z2-01Z-00-DX2,1,0.9996123,1
tumour/TCGA-QG-A5Z2-01Z-00-DX2_31744_36864.jpg,TCGA-QG-A5Z2,TCGA-QG-A5Z2-01Z-00-DX2,1,0.9974331,1
tumour/TCGA-QG-A5Z2-01Z-00-DX2_32256_35328.jpg,TCGA-QG-A5Z2,TCGA-QG-A5Z2-01Z-00-DX2,1,0.99990904,1
tumour/TCGA-QG-A5Z2-01Z-00-DX2_32256_37376.jpg,TCGA-QG-A5Z2,TCGA-QG-A5Z2-01Z-00-DX2,1,0.998268,1
tumour/TCGA-QG-A5Z2-01Z-00-DX2_32256_37888.jpg,TCGA-QG-A5Z2,TCGA-QG-A5Z2-01Z-00-DX2,1,0.99944335,1
tumour/TCGA-QG-A5Z2-01Z-00-DX2_32768_34816.jpg,TCGA-QG-A5Z2,TCGA-QG-A5Z2-01Z-00-DX2,1,0.99995327,1
tumour/TCGA-QG-A5Z2-01Z-00-DX2_32768_37888.jpg,TCGA-QG-A5Z2,TCGA-QG-A5Z2-01Z-00-DX2,1,0.9938638,1
tumour/TCGA-QG-A5Z2-01Z-00-DX2_33280_35840.jpg,TCGA-QG-A5Z2,TCGA-QG-A5Z2-01Z-00-DX2,1,0.8627042,1
tumour/TCGA-QG-A5Z2-01Z-00-DX2_33280_36864.jpg,TCGA-QG-A5Z2,TCGA-QG-A5Z2-01Z-00-DX2,1,0.9996785,1
tumour/TCGA-QG-A5Z2-01Z-00-DX2_33280_37376.jpg,TCGA-QG-A5Z2,TCGA-QG-A5Z2-01Z-00-DX2,1,0.98496246,1
tumour/TCGA-QG-A5Z2-01Z-00-DX2_33280_38912.jpg,TCGA-QG-A5Z2,TCGA-QG-A5Z2-01Z-00-DX2,1,0.97291124,1
tumour/TCGA-QG-A5Z2-01Z-00-DX2_33280_39424.jpg,TCGA-QG-A5Z2,TCGA-QG-A5Z2-01Z-00-DX2,1,0.9908669,1
tumour/TCGA-QG-A5Z2-01Z-00-DX2_33792_34816.jpg,TCGA-QG-A5Z2,TCGA-QG-A5Z2-01Z-00-DX2,1,0.9999989,1
tumour/TCGA-QG-A5Z2-01Z-00-DX2_33792_36864.jpg,TCGA-QG-A5Z2,TCGA-QG-A5Z2-01Z-00-DX2,1,0.9877032,1
tumour/TCGA-QG-A5Z2-01Z-00-DX2_33792_38400.jpg,TCGA-QG-A5Z2,TCGA-QG-A5Z2-01Z-00-DX2,1,0.99873835,1
tumour/TCGA-QG-A5Z2-01Z-00-DX2_33792_38912.jpg,TCGA-QG-A5Z2,TCGA-QG-A5Z2-01Z-00-DX2,1,0.9954573,1
tumour/TCGA-QG-A5Z2-01Z-00-DX2_33792_39424.jpg,TCGA-QG-A5Z2,TCGA-QG-A5Z2-01Z-00-DX2,1,0.98605794,1
tumour/TCGA-QG-A5Z2-01Z-00-DX2_34304_36352.jpg,TCGA-QG-A5Z2,TCGA-QG-A5Z2-01Z-00-DX2,1,0.9996705,1
tumour/TCGA-QG-A5Z2-01Z-00-DX2_34304_37376.jpg,TCGA-QG-A5Z2,TCGA-QG-A5Z2-01Z-00-DX2,1,0.9970329,1
tumour/TCGA-QG-A5Z2-01Z-00-DX2_34304_37888.jpg,TCGA-QG-A5Z2,TCGA-QG-A5Z2-01Z-00-DX2,1,0.99897766,1
tumour/TCGA-QG-A5Z2-01Z-00-DX2_34304_38400.jpg,TCGA-QG-A5Z2,TCGA-QG-A5Z2-01Z-00-DX2,1,0.99990654,1
tumour/TCGA-QG-A5Z2-01Z-00-DX2_34304_38912.jpg,TCGA-QG-A5Z2,TCGA-QG-A5Z2-01Z-00-DX2,1,0.9995757,1
tumour/TCGA-QG-A5Z2-01Z-00-DX2_34304_39424.jpg,TCGA-QG-A5Z2,TCGA-QG-A5Z2-01Z-00-DX2,1,0.9999466,1
tumour/TCGA-QG-A5Z2-01Z-00-DX2_34304_39936.jpg,TCGA-QG-A5Z2,TCGA-QG-A5Z2-01Z-00-DX2,1,0.99991524,1
tumour/TCGA-QG-A5Z2-01Z-00-DX2_34816_35840.jpg,TCGA-QG-A5Z2,TCGA-QG-A5Z2-01Z-00-DX2,1,0.99959975,1
tumour/TCGA-QG-A5Z2-01Z-00-DX2_34816_36352.jpg,TCGA-QG-A5Z2,TCGA-QG-A5Z2-01Z-00-DX2,1,0.9999738,1
tumour/TCGA-QG-A5Z2-01Z-00-DX2_34816_36864.jpg,TCGA-QG-A5Z2,TCGA-QG-A5Z2-01Z-00-DX2,1,0.9999254,1
tumour/TCGA-QG-A5Z2-01Z-00-DX2_34816_37376.jpg,TCGA-QG-A5Z2,TCGA-QG-A5Z2-01Z-00-DX2,1,0.999652,1
tumour/TCGA-QG-A5Z2-01Z-00-DX2_34816_37888.jpg,TCGA-QG-A5Z2,TCGA-QG-A5Z2-01Z-00-DX2,1,0.9995689,1
tumour/TCGA-QG-A5Z2-01Z-00-DX2_34816_38400.jpg,TCGA-QG-A5Z2,TCGA-QG-A5Z2-01Z-00-DX2,1,0.9999536,1
tumour/TCGA-QG-A5Z2-01Z-00-DX2_34816_38912.jpg,TCGA-QG-A5Z2,TCGA-QG-A5Z2-01Z-00-DX2,1,0.99626994,1
tumour/TCGA-QG-A5Z2-01Z-00-DX2_34816_39424.jpg,TCGA-QG-A5Z2,TCGA-QG-A5Z2-01Z-00-DX2,1,0.9986584,1
tumour/TCGA-QG-A5Z2-01Z-00-DX2_35328_34816.jpg,TCGA-QG-A5Z2,TCGA-QG-A5Z2-01Z-00-DX2,1,0.99809676,1
tumour/TCGA-QG-A5Z2-01Z-00-DX2_35328_35328.jpg,TCGA-QG-A5Z2,TCGA-QG-A5Z2-01Z-00-DX2,1,0.9999503,1
tumour/TCGA-QG-A5Z2-01Z-00-DX2_35328_35840.jpg,TCGA-QG-A5Z2,TCGA-QG-A5Z2-01Z-00-DX2,1,0.9842442,1
tumour/TCGA-QG-A5Z2-01Z-00-DX2_35328_36352.jpg,TCGA-QG-A5Z2,TCGA-QG-A5Z2-01Z-00-DX2,1,0.99842274,1
tumour/TCGA-QG-A5Z2-01Z-00-DX2_35328_37376.jpg,TCGA-QG-A5Z2,TCGA-QG-A5Z2-01Z-00-DX2,1,0.9997439,1
tumour/TCGA-QG-A5Z2-01Z-00-DX2_35328_37888.jpg,TCGA-QG-A5Z2,TCGA-QG-A5Z2-01Z-00-DX2,1,0.9960567,1
tumour/TCGA-QG-A5Z2-01Z-00-DX2_35328_38400.jpg,TCGA-QG-A5Z2,TCGA-QG-A5Z2-01Z-00-DX2,1,0.99992967,1
tumour/TCGA-QG-A5Z2-01Z-00-DX2_35328_38912.jpg,TCGA-QG-A5Z2,TCGA-QG-A5Z2-01Z-00-DX2,1,0.99999774,1
tumour/TCGA-QG-A5Z2-01Z-00-DX2_35840_35840.jpg,TCGA-QG-A5Z2,TCGA-QG-A5Z2-01Z-00-DX2,1,0.9975891,1
tumour/TCGA-QG-A5Z2-01Z-00-DX2_35840_36352.jpg,TCGA-QG-A5Z2,TCGA-QG-A5Z2-01Z-00-DX2,1,0.93843925,1
tumour/TCGA-QG-A5Z2-01Z-00-DX2_35840_36864.jpg,TCGA-QG-A5Z2,TCGA-QG-A5Z2-01Z-00-DX2,1,0.98875767,1
tumour/TCGA-QG-A5Z2-01Z-00-DX2_35840_37888.jpg,TCGA-QG-A5Z2,TCGA-QG-A5Z2-01Z-00-DX2,1,0.9986035,1
tumour/TCGA-QG-A5Z2-01Z-00-DX2_35840_38400.jpg,TCGA-QG-A5Z2,TCGA-QG-A5Z2-01Z-00-DX2,1,0.9989221,1
tumour/TCGA-QG-A5Z2-01Z-00-DX2_35840_38912.jpg,TCGA-QG-A5Z2,TCGA-QG-A5Z2-01Z-00-DX2,1,0.997528,1
tumour/TCGA-QG-A5Z2-01Z-00-DX2_35840_39424.jpg,TCGA-QG-A5Z2,TCGA-QG-A5Z2-01Z-00-DX2,1,0.9970835,1
tumour/TCGA-QG-A5Z2-01Z-00-DX2_35840_39936.jpg,TCGA-QG-A5Z2,TCGA-QG-A5Z2-01Z-00-DX2,1,0.99001324,1
tumour/TCGA-QG-A5Z2-01Z-00-DX2_3584_22016.jpg,TCGA-QG-A5Z2,TCGA-QG-A5Z2-01Z-00-DX2,1,0.9998673,1
tumour/TCGA-QG-A5Z2-01Z-00-DX2_36352_34816.jpg,TCGA-QG-A5Z2,TCGA-QG-A5Z2-01Z-00-DX2,1,0.9997789,1
tumour/TCGA-QG-A5Z2-01Z-00-DX2_36352_35328.jpg,TCGA-QG-A5Z2,TCGA-QG-A5Z2-01Z-00-DX2,1,0.99586177,1
tumour/TCGA-QG-A5Z2-01Z-00-DX2_36352_35840.jpg,TCGA-QG-A5Z2,TCGA-QG-A5Z2-01Z-00-DX2,1,0.99800247,1
tumour/TCGA-QG-A5Z2-01Z-00-DX2_36352_36352.jpg,TCGA-QG-A5Z2,TCGA-QG-A5Z2-01Z-00-DX2,1,0.99947685,1
tumour/TCGA-QG-A5Z2-01Z-00-DX2_36352_39424.jpg,TCGA-QG-A5Z2,TCGA-QG-A5Z2-01Z-00-DX2,1,0.9998468,1
tumour/TCGA-QG-A5Z2-01Z-00-DX2_36352_39936.jpg,TCGA-QG-A5Z2,TCGA-QG-A5Z2-01Z-00-DX2,1,0.9995875,1
tumour/TCGA-QG-A5Z2-01Z-00-DX2_36864_35328.jpg,TCGA-QG-A5Z2,TCGA-QG-A5Z2-01Z-00-DX2,1,0.80444473,1
tumour/TCGA-QG-A5Z2-01Z-00-DX2_36864_35840.jpg,TCGA-QG-A5Z2,TCGA-QG-A5Z2-01Z-00-DX2,1,0.9984517,1
tumour/TCGA-QG-A5Z2-01Z-00-DX2_36864_36864.jpg,TCGA-QG-A5Z2,TCGA-QG-A5Z2-01Z-00-DX2,1,0.99919814,1
tumour/TCGA-QG-A5Z2-01Z-00-DX2_36864_38912.jpg,TCGA-QG-A5Z2,TCGA-QG-A5Z2-01Z-00-DX2,1,0.9732781,1
tumour/TCGA-QG-A5Z2-01Z-00-DX2_36864_39424.jpg,TCGA-QG-A5Z2,TCGA-QG-A5Z2-01Z-00-DX2,1,0.999637,1
tumour/TCGA-QG-A5Z2-01Z-00-DX2_37376_35840.jpg,TCGA-QG-A5Z2,TCGA-QG-A5Z2-01Z-00-DX2,1,0.9997098,1
tumour/TCGA-QG-A5Z2-01Z-00-DX2_37376_37888.jpg,TCGA-QG-A5Z2,TCGA-QG-A5Z2-01Z-00-DX2,1,0.99616325,1
tumour/TCGA-QG-A5Z2-01Z-00-DX2_37376_38912.jpg,TCGA-QG-A5Z2,TCGA-QG-A5Z2-01Z-00-DX2,1,0.9991867,1
tumour/TCGA-QG-A5Z2-01Z-00-DX2_37888_34816.jpg,TCGA-QG-A5Z2,TCGA-QG-A5Z2-01Z-00-DX2,1,0.9976018,1
tumour/TCGA-QG-A5Z2-01Z-00-DX2_37888_35840.jpg,TCGA-QG-A5Z2,TCGA-QG-A5Z2-01Z-00-DX2,1,0.9729124,1
tumour/TCGA-QG-A5Z2-01Z-00-DX2_37888_36352.jpg,TCGA-QG-A5Z2,TCGA-QG-A5Z2-01Z-00-DX2,1,0.9993691,1
tumour/TCGA-QG-A5Z2-01Z-00-DX2_37888_36864.jpg,TCGA-QG-A5Z2,TCGA-QG-A5Z2-01Z-00-DX2,1,0.99928683,1
tumour/TCGA-QG-A5Z2-01Z-00-DX2_37888_37376.jpg,TCGA-QG-A5Z2,TCGA-QG-A5Z2-01Z-00-DX2,1,0.99911696,1
tumour/TCGA-QG-A5Z2-01Z-00-DX2_37888_39424.jpg,TCGA-QG-A5Z2,TCGA-QG-A5Z2-01Z-00-DX2,1,0.99607664,1
tumour/TCGA-QG-A5Z2-01Z-00-DX2_37888_39936.jpg,TCGA-QG-A5Z2,TCGA-QG-A5Z2-01Z-00-DX2,1,0.9963393,1
tumour/TCGA-QG-A5Z2-01Z-00-DX2_37888_40448.jpg,TCGA-QG-A5Z2,TCGA-QG-A5Z2-01Z-00-DX2,1,0.9866317,1
tumour/TCGA-QG-A5Z2-01Z-00-DX2_37888_40960.jpg,TCGA-QG-A5Z2,TCGA-QG-A5Z2-01Z-00-DX2,1,0.9962366,1
tumour/TCGA-QG-A5Z2-01Z-00-DX2_38400_35328.jpg,TCGA-QG-A5Z2,TCGA-QG-A5Z2-01Z-00-DX2,1,0.9939856,1
tumour/TCGA-QG-A5Z2-01Z-00-DX2_38400_35840.jpg,TCGA-QG-A5Z2,TCGA-QG-A5Z2-01Z-00-DX2,1,0.9981042,1
tumour/TCGA-QG-A5Z2-01Z-00-DX2_38400_36864.jpg,TCGA-QG-A5Z2,TCGA-QG-A5Z2-01Z-00-DX2,1,0.98046905,1
tumour/TCGA-QG-A5Z2-01Z-00-DX2_38400_37376.jpg,TCGA-QG-A5Z2,TCGA-QG-A5Z2-01Z-00-DX2,1,0.9987016,1
tumour/TCGA-QG-A5Z2-01Z-00-DX2_38400_38912.jpg,TCGA-QG-A5Z2,TCGA-QG-A5Z2-01Z-00-DX2,1,0.99697554,1
tumour/TCGA-QG-A5Z2-01Z-00-DX2_38400_40960.jpg,TCGA-QG-A5Z2,TCGA-QG-A5Z2-01Z-00-DX2,1,0.9854203,1
tumour/TCGA-QG-A5Z2-01Z-00-DX2_38912_36352.jpg,TCGA-QG-A5Z2,TCGA-QG-A5Z2-01Z-00-DX2,1,0.9955354,1
tumour/TCGA-QG-A5Z2-01Z-00-DX2_38912_37376.jpg,TCGA-QG-A5Z2,TCGA-QG-A5Z2-01Z-00-DX2,1,0.9985677,1
tumour/TCGA-QG-A5Z2-01Z-00-DX2_38912_37888.jpg,TCGA-QG-A5Z2,TCGA-QG-A5Z2-01Z-00-DX2,1,0.99998355,1
tumour/TCGA-QG-A5Z2-01Z-00-DX2_38912_38912.jpg,TCGA-QG-A5Z2,TCGA-QG-A5Z2-01Z-00-DX2,1,0.9971221,1
tumour/TCGA-QG-A5Z2-01Z-00-DX2_38912_40960.jpg,TCGA-QG-A5Z2,TCGA-QG-A5Z2-01Z-00-DX2,1,0.98551,1
tumour/TCGA-QG-A5Z2-01Z-00-DX2_39424_37376.jpg,TCGA-QG-A5Z2,TCGA-QG-A5Z2-01Z-00-DX2,1,0.9929946,1
tumour/TCGA-QG-A5Z2-01Z-00-DX2_39424_38912.jpg,TCGA-QG-A5Z2,TCGA-QG-A5Z2-01Z-00-DX2,1,0.998387,1
tumour/TCGA-QG-A5Z2-01Z-00-DX2_39424_39424.jpg,TCGA-QG-A5Z2,TCGA-QG-A5Z2-01Z-00-DX2,1,0.99896514,1
tumour/TCGA-QG-A5Z2-01Z-00-DX2_39424_40448.jpg,TCGA-QG-A5Z2,TCGA-QG-A5Z2-01Z-00-DX2,1,0.9988644,1
tumour/TCGA-QG-A5Z2-01Z-00-DX2_39424_40960.jpg,TCGA-QG-A5Z2,TCGA-QG-A5Z2-01Z-00-DX2,1,0.9998374,1
tumour/TCGA-QG-A5Z2-01Z-00-DX2_39936_40960.jpg,TCGA-QG-A5Z2,TCGA-QG-A5Z2-01Z-00-DX2,1,0.9997117,1
tumour/TCGA-QG-A5Z2-01Z-00-DX2_4096_20992.jpg,TCGA-QG-A5Z2,TCGA-QG-A5Z2-01Z-00-DX2,1,0.993185,1
tumour/TCGA-QG-A5Z2-01Z-00-DX2_4096_23040.jpg,TCGA-QG-A5Z2,TCGA-QG-A5Z2-01Z-00-DX2,1,0.9983285,1
tumour/TCGA-QG-A5Z2-01Z-00-DX2_4096_24576.jpg,TCGA-QG-A5Z2,TCGA-QG-A5Z2-01Z-00-DX2,1,0.96970886,1
tumour/TCGA-QG-A5Z2-01Z-00-DX2_4096_27136.jpg,TCGA-QG-A5Z2,TCGA-QG-A5Z2-01Z-00-DX2,1,0.9981858,1
tumour/TCGA-QG-A5Z2-01Z-00-DX2_4608_18432.jpg,TCGA-QG-A5Z2,TCGA-QG-A5Z2-01Z-00-DX2,1,0.99942756,1
tumour/TCGA-QG-A5Z2-01Z-00-DX2_4608_18944.jpg,TCGA-QG-A5Z2,TCGA-QG-A5Z2-01Z-00-DX2,1,0.99886763,1
tumour/TCGA-QG-A5Z2-01Z-00-DX2_4608_19456.jpg,TCGA-QG-A5Z2,TCGA-QG-A5Z2-01Z-00-DX2,1,0.9967539,1
tumour/TCGA-QG-A5Z2-01Z-00-DX2_4608_19968.jpg,TCGA-QG-A5Z2,TCGA-QG-A5Z2-01Z-00-DX2,1,0.9911952,1
tumour/TCGA-QG-A5Z2-01Z-00-DX2_4608_20480.jpg,TCGA-QG-A5Z2,TCGA-QG-A5Z2-01Z-00-DX2,1,0.9996487,1
tumour/TCGA-QG-A5Z2-01Z-00-DX2_4608_21504.jpg,TCGA-QG-A5Z2,TCGA-QG-A5Z2-01Z-00-DX2,1,0.9970535,1
tumour/TCGA-QG-A5Z2-01Z-00-DX2_4608_22016.jpg,TCGA-QG-A5Z2,TCGA-QG-A5Z2-01Z-00-DX2,1,0.9938112,1
tumour/TCGA-QG-A5Z2-01Z-00-DX2_4608_22528.jpg,TCGA-QG-A5Z2,TCGA-QG-A5Z2-01Z-00-DX2,1,0.994875,1
tumour/TCGA-QG-A5Z2-01Z-00-DX2_4608_24064.jpg,TCGA-QG-A5Z2,TCGA-QG-A5Z2-01Z-00-DX2,1,0.99991703,1
tumour/TCGA-QG-A5Z2-01Z-00-DX2_4608_25088.jpg,TCGA-QG-A5Z2,TCGA-QG-A5Z2-01Z-00-DX2,1,0.9996549,1
tumour/TCGA-QG-A5Z2-01Z-00-DX2_4608_26624.jpg,TCGA-QG-A5Z2,TCGA-QG-A5Z2-01Z-00-DX2,1,0.99933165,1
tumour/TCGA-QG-A5Z2-01Z-00-DX2_4608_28672.jpg,TCGA-QG-A5Z2,TCGA-QG-A5Z2-01Z-00-DX2,1,0.9946456,1
tumour/TCGA-QG-A5Z2-01Z-00-DX2_4608_29184.jpg,TCGA-QG-A5Z2,TCGA-QG-A5Z2-01Z-00-DX2,1,0.9997948,1
tumour/TCGA-QG-A5Z2-01Z-00-DX2_5120_16384.jpg,TCGA-QG-A5Z2,TCGA-QG-A5Z2-01Z-00-DX2,1,0.9779869,1
tumour/TCGA-QG-A5Z2-01Z-00-DX2_5120_18432.jpg,TCGA-QG-A5Z2,TCGA-QG-A5Z2-01Z-00-DX2,1,0.9910864,1
tumour/TCGA-QG-A5Z2-01Z-00-DX2_5120_19456.jpg,TCGA-QG-A5Z2,TCGA-QG-A5Z2-01Z-00-DX2,1,0.99859685,1
tumour/TCGA-QG-A5Z2-01Z-00-DX2_5120_21504.jpg,TCGA-QG-A5Z2,TCGA-QG-A5Z2-01Z-00-DX2,1,0.9998944,1
tumour/TCGA-QG-A5Z2-01Z-00-DX2_5120_22016.jpg,TCGA-QG-A5Z2,TCGA-QG-A5Z2-01Z-00-DX2,1,0.99814844,1
tumour/TCGA-QG-A5Z2-01Z-00-DX2_5120_23040.jpg,TCGA-QG-A5Z2,TCGA-QG-A5Z2-01Z-00-DX2,1,0.99553406,1
tumour/TCGA-QG-A5Z2-01Z-00-DX2_5120_23552.jpg,TCGA-QG-A5Z2,TCGA-QG-A5Z2-01Z-00-DX2,1,0.9978174,1
tumour/TCGA-QG-A5Z2-01Z-00-DX2_5120_24064.jpg,TCGA-QG-A5Z2,TCGA-QG-A5Z2-01Z-00-DX2,1,0.99863726,1
tumour/TCGA-QG-A5Z2-01Z-00-DX2_5120_25088.jpg,TCGA-QG-A5Z2,TCGA-QG-A5Z2-01Z-00-DX2,1,0.9990502,1
tumour/TCGA-QG-A5Z2-01Z-00-DX2_5120_26624.jpg,TCGA-QG-A5Z2,TCGA-QG-A5Z2-01Z-00-DX2,1,0.9999615,1
tumour/TCGA-QG-A5Z2-01Z-00-DX2_5120_27648.jpg,TCGA-QG-A5Z2,TCGA-QG-A5Z2-01Z-00-DX2,1,0.99896574,1
tumour/TCGA-QG-A5Z2-01Z-00-DX2_5120_28672.jpg,TCGA-QG-A5Z2,TCGA-QG-A5Z2-01Z-00-DX2,1,0.99238515,1
tumour/TCGA-QG-A5Z2-01Z-00-DX2_5120_29184.jpg,TCGA-QG-A5Z2,TCGA-QG-A5Z2-01Z-00-DX2,1,0.9965653,1
tumour/TCGA-QG-A5Z2-01Z-00-DX2_5120_30208.jpg,TCGA-QG-A5Z2,TCGA-QG-A5Z2-01Z-00-DX2,1,0.98628473,1
tumour/TCGA-QG-A5Z2-01Z-00-DX2_5632_15872.jpg,TCGA-QG-A5Z2,TCGA-QG-A5Z2-01Z-00-DX2,1,0.99135745,1
tumour/TCGA-QG-A5Z2-01Z-00-DX2_5632_16896.jpg,TCGA-QG-A5Z2,TCGA-QG-A5Z2-01Z-00-DX2,1,0.99959296,1
tumour/TCGA-QG-A5Z2-01Z-00-DX2_5632_18944.jpg,TCGA-QG-A5Z2,TCGA-QG-A5Z2-01Z-00-DX2,1,0.9991928,1
tumour/TCGA-QG-A5Z2-01Z-00-DX2_5632_20992.jpg,TCGA-QG-A5Z2,TCGA-QG-A5Z2-01Z-00-DX2,1,0.98685384,1
tumour/TCGA-QG-A5Z2-01Z-00-DX2_5632_21504.jpg,TCGA-QG-A5Z2,TCGA-QG-A5Z2-01Z-00-DX2,1,0.99410856,1
tumour/TCGA-QG-A5Z2-01Z-00-DX2_5632_22016.jpg,TCGA-QG-A5Z2,TCGA-QG-A5Z2-01Z-00-DX2,1,0.9929484,1
tumour/TCGA-QG-A5Z2-01Z-00-DX2_5632_23552.jpg,TCGA-QG-A5Z2,TCGA-QG-A5Z2-01Z-00-DX2,1,0.9998412,1
tumour/TCGA-QG-A5Z2-01Z-00-DX2_5632_25088.jpg,TCGA-QG-A5Z2,TCGA-QG-A5Z2-01Z-00-DX2,1,0.9971112,1
tumour/TCGA-QG-A5Z2-01Z-00-DX2_5632_28160.jpg,TCGA-QG-A5Z2,TCGA-QG-A5Z2-01Z-00-DX2,1,0.9995148,1
tumour/TCGA-QG-A5Z2-01Z-00-DX2_5632_29184.jpg,TCGA-QG-A5Z2,TCGA-QG-A5Z2-01Z-00-DX2,1,0.99511117,1
tumour/TCGA-QG-A5Z2-01Z-00-DX2_5632_30208.jpg,TCGA-QG-A5Z2,TCGA-QG-A5Z2-01Z-00-DX2,1,0.9998833,1
tumour/TCGA-QG-A5Z2-01Z-00-DX2_6144_14848.jpg,TCGA-QG-A5Z2,TCGA-QG-A5Z2-01Z-00-DX2,1,0.9999224,1
tumour/TCGA-QG-A5Z2-01Z-00-DX2_6144_15360.jpg,TCGA-QG-A5Z2,TCGA-QG-A5Z2-01Z-00-DX2,1,0.9987494,1
tumour/TCGA-QG-A5Z2-01Z-00-DX2_6144_15872.jpg,TCGA-QG-A5Z2,TCGA-QG-A5Z2-01Z-00-DX2,1,0.9957806,1
tumour/TCGA-QG-A5Z2-01Z-00-DX2_6144_16384.jpg,TCGA-QG-A5Z2,TCGA-QG-A5Z2-01Z-00-DX2,1,0.9934284,1
tumour/TCGA-QG-A5Z2-01Z-00-DX2_6144_20480.jpg,TCGA-QG-A5Z2,TCGA-QG-A5Z2-01Z-00-DX2,1,0.9997731,1
tumour/TCGA-QG-A5Z2-01Z-00-DX2_6144_20992.jpg,TCGA-QG-A5Z2,TCGA-QG-A5Z2-01Z-00-DX2,1,0.99407625,1
tumour/TCGA-QG-A5Z2-01Z-00-DX2_6144_23040.jpg,TCGA-QG-A5Z2,TCGA-QG-A5Z2-01Z-00-DX2,1,0.99837804,1
tumour/TCGA-QG-A5Z2-01Z-00-DX2_6144_23552.jpg,TCGA-QG-A5Z2,TCGA-QG-A5Z2-01Z-00-DX2,1,0.99571866,1
tumour/TCGA-QG-A5Z2-01Z-00-DX2_6144_24064.jpg,TCGA-QG-A5Z2,TCGA-QG-A5Z2-01Z-00-DX2,1,0.99885094,1
tumour/TCGA-QG-A5Z2-01Z-00-DX2_6144_25088.jpg,TCGA-QG-A5Z2,TCGA-QG-A5Z2-01Z-00-DX2,1,0.96140176,1
tumour/TCGA-QG-A5Z2-01Z-00-DX2_6144_25600.jpg,TCGA-QG-A5Z2,TCGA-QG-A5Z2-01Z-00-DX2,1,0.99949026,1
tumour/TCGA-QG-A5Z2-01Z-00-DX2_6144_29184.jpg,TCGA-QG-A5Z2,TCGA-QG-A5Z2-01Z-00-DX2,1,0.9843286,1
tumour/TCGA-QG-A5Z2-01Z-00-DX2_6144_29696.jpg,TCGA-QG-A5Z2,TCGA-QG-A5Z2-01Z-00-DX2,1,0.999833,1
tumour/TCGA-QG-A5Z2-01Z-00-DX2_6144_30208.jpg,TCGA-QG-A5Z2,TCGA-QG-A5Z2-01Z-00-DX2,1,0.9905425,1
tumour/TCGA-QG-A5Z2-01Z-00-DX2_6144_30720.jpg,TCGA-QG-A5Z2,TCGA-QG-A5Z2-01Z-00-DX2,1,0.90716475,1
tumour/TCGA-QG-A5Z2-01Z-00-DX2_6656_14336.jpg,TCGA-QG-A5Z2,TCGA-QG-A5Z2-01Z-00-DX2,1,0.9988617,1
tumour/TCGA-QG-A5Z2-01Z-00-DX2_6656_14848.jpg,TCGA-QG-A5Z2,TCGA-QG-A5Z2-01Z-00-DX2,1,0.9992907,1
tumour/TCGA-QG-A5Z2-01Z-00-DX2_6656_15872.jpg,TCGA-QG-A5Z2,TCGA-QG-A5Z2-01Z-00-DX2,1,0.99821186,1
tumour/TCGA-QG-A5Z2-01Z-00-DX2_6656_16384.jpg,TCGA-QG-A5Z2,TCGA-QG-A5Z2-01Z-00-DX2,1,0.9973749,1
tumour/TCGA-QG-A5Z2-01Z-00-DX2_6656_16896.jpg,TCGA-QG-A5Z2,TCGA-QG-A5Z2-01Z-00-DX2,1,0.9999467,1
tumour/TCGA-QG-A5Z2-01Z-00-DX2_6656_19456.jpg,TCGA-QG-A5Z2,TCGA-QG-A5Z2-01Z-00-DX2,1,0.9971944,1
tumour/TCGA-QG-A5Z2-01Z-00-DX2_6656_19968.jpg,TCGA-QG-A5Z2,TCGA-QG-A5Z2-01Z-00-DX2,1,0.9997876,1
tumour/TCGA-QG-A5Z2-01Z-00-DX2_6656_20480.jpg,TCGA-QG-A5Z2,TCGA-QG-A5Z2-01Z-00-DX2,1,0.99935216,1
tumour/TCGA-QG-A5Z2-01Z-00-DX2_6656_24064.jpg,TCGA-QG-A5Z2,TCGA-QG-A5Z2-01Z-00-DX2,1,0.9998516,1
tumour/TCGA-QG-A5Z2-01Z-00-DX2_6656_24576.jpg,TCGA-QG-A5Z2,TCGA-QG-A5Z2-01Z-00-DX2,1,0.99998343,1
tumour/TCGA-QG-A5Z2-01Z-00-DX2_6656_25088.jpg,TCGA-QG-A5Z2,TCGA-QG-A5Z2-01Z-00-DX2,1,0.9996327,1
tumour/TCGA-QG-A5Z2-01Z-00-DX2_6656_25600.jpg,TCGA-QG-A5Z2,TCGA-QG-A5Z2-01Z-00-DX2,1,0.9855966,1
tumour/TCGA-QG-A5Z2-01Z-00-DX2_6656_26112.jpg,TCGA-QG-A5Z2,TCGA-QG-A5Z2-01Z-00-DX2,1,0.99997807,1
tumour/TCGA-QG-A5Z2-01Z-00-DX2_6656_26624.jpg,TCGA-QG-A5Z2,TCGA-QG-A5Z2-01Z-00-DX2,1,0.99911255,1
tumour/TCGA-QG-A5Z2-01Z-00-DX2_6656_27136.jpg,TCGA-QG-A5Z2,TCGA-QG-A5Z2-01Z-00-DX2,1,0.9999454,1
tumour/TCGA-QG-A5Z2-01Z-00-DX2_6656_28160.jpg,TCGA-QG-A5Z2,TCGA-QG-A5Z2-01Z-00-DX2,1,0.9990792,1
tumour/TCGA-QG-A5Z2-01Z-00-DX2_6656_28672.jpg,TCGA-QG-A5Z2,TCGA-QG-A5Z2-01Z-00-DX2,1,0.99911755,1
tumour/TCGA-QG-A5Z2-01Z-00-DX2_6656_30208.jpg,TCGA-QG-A5Z2,TCGA-QG-A5Z2-01Z-00-DX2,1,0.9957831,1
tumour/TCGA-QG-A5Z2-01Z-00-DX2_6656_33280.jpg,TCGA-QG-A5Z2,TCGA-QG-A5Z2-01Z-00-DX2,1,0.9939819,1
tumour/TCGA-QG-A5Z2-01Z-00-DX2_7168_14848.jpg,TCGA-QG-A5Z2,TCGA-QG-A5Z2-01Z-00-DX2,1,0.9987196,1
tumour/TCGA-QG-A5Z2-01Z-00-DX2_7168_15872.jpg,TCGA-QG-A5Z2,TCGA-QG-A5Z2-01Z-00-DX2,1,0.99997747,1
tumour/TCGA-QG-A5Z2-01Z-00-DX2_7168_16384.jpg,TCGA-QG-A5Z2,TCGA-QG-A5Z2-01Z-00-DX2,1,0.9905426,1
tumour/TCGA-QG-A5Z2-01Z-00-DX2_7168_16896.jpg,TCGA-QG-A5Z2,TCGA-QG-A5Z2-01Z-00-DX2,1,0.9972995,1
tumour/TCGA-QG-A5Z2-01Z-00-DX2_7168_17408.jpg,TCGA-QG-A5Z2,TCGA-QG-A5Z2-01Z-00-DX2,1,0.999571,1
tumour/TCGA-QG-A5Z2-01Z-00-DX2_7168_20480.jpg,TCGA-QG-A5Z2,TCGA-QG-A5Z2-01Z-00-DX2,1,0.99987173,1
tumour/TCGA-QG-A5Z2-01Z-00-DX2_7168_26624.jpg,TCGA-QG-A5Z2,TCGA-QG-A5Z2-01Z-00-DX2,1,0.99985814,1
tumour/TCGA-QG-A5Z2-01Z-00-DX2_7168_27136.jpg,TCGA-QG-A5Z2,TCGA-QG-A5Z2-01Z-00-DX2,1,0.9999962,1
tumour/TCGA-QG-A5Z2-01Z-00-DX2_7168_28160.jpg,TCGA-QG-A5Z2,TCGA-QG-A5Z2-01Z-00-DX2,1,0.9932433,1
tumour/TCGA-QG-A5Z2-01Z-00-DX2_7168_28672.jpg,TCGA-QG-A5Z2,TCGA-QG-A5Z2-01Z-00-DX2,1,0.9613062,1
tumour/TCGA-QG-A5Z2-01Z-00-DX2_7168_29184.jpg,TCGA-QG-A5Z2,TCGA-QG-A5Z2-01Z-00-DX2,1,0.98294246,1
tumour/TCGA-QG-A5Z2-01Z-00-DX2_7168_30208.jpg,TCGA-QG-A5Z2,TCGA-QG-A5Z2-01Z-00-DX2,1,0.98262745,1
tumour/TCGA-QG-A5Z2-01Z-00-DX2_7168_30720.jpg,TCGA-QG-A5Z2,TCGA-QG-A5Z2-01Z-00-DX2,1,0.9976801,1
tumour/TCGA-QG-A5Z2-01Z-00-DX2_7168_31744.jpg,TCGA-QG-A5Z2,TCGA-QG-A5Z2-01Z-00-DX2,1,0.99428904,1
tumour/TCGA-QG-A5Z2-01Z-00-DX2_7168_32768.jpg,TCGA-QG-A5Z2,TCGA-QG-A5Z2-01Z-00-DX2,1,0.98801374,1
tumour/TCGA-QG-A5Z2-01Z-00-DX2_7168_33792.jpg,TCGA-QG-A5Z2,TCGA-QG-A5Z2-01Z-00-DX2,1,0.9945294,1
tumour/TCGA-QG-A5Z2-01Z-00-DX2_7680_13312.jpg,TCGA-QG-A5Z2,TCGA-QG-A5Z2-01Z-00-DX2,1,0.9890949,1
tumour/TCGA-QG-A5Z2-01Z-00-DX2_7680_13824.jpg,TCGA-QG-A5Z2,TCGA-QG-A5Z2-01Z-00-DX2,1,0.99387383,1
tumour/TCGA-QG-A5Z2-01Z-00-DX2_7680_14848.jpg,TCGA-QG-A5Z2,TCGA-QG-A5Z2-01Z-00-DX2,1,0.99005556,1
tumour/TCGA-QG-A5Z2-01Z-00-DX2_7680_15360.jpg,TCGA-QG-A5Z2,TCGA-QG-A5Z2-01Z-00-DX2,1,0.9994802,1
tumour/TCGA-QG-A5Z2-01Z-00-DX2_7680_16384.jpg,TCGA-QG-A5Z2,TCGA-QG-A5Z2-01Z-00-DX2,1,0.9921909,1
tumour/TCGA-QG-A5Z2-01Z-00-DX2_7680_16896.jpg,TCGA-QG-A5Z2,TCGA-QG-A5Z2-01Z-00-DX2,1,0.9005174,1
tumour/TCGA-QG-A5Z2-01Z-00-DX2_7680_17408.jpg,TCGA-QG-A5Z2,TCGA-QG-A5Z2-01Z-00-DX2,1,0.99996126,1
tumour/TCGA-QG-A5Z2-01Z-00-DX2_7680_17920.jpg,TCGA-QG-A5Z2,TCGA-QG-A5Z2-01Z-00-DX2,1,0.99933124,1
tumour/TCGA-QG-A5Z2-01Z-00-DX2_7680_23552.jpg,TCGA-QG-A5Z2,TCGA-QG-A5Z2-01Z-00-DX2,1,0.9878829,1
tumour/TCGA-QG-A5Z2-01Z-00-DX2_7680_24064.jpg,TCGA-QG-A5Z2,TCGA-QG-A5Z2-01Z-00-DX2,1,0.9994435,1
tumour/TCGA-QG-A5Z2-01Z-00-DX2_7680_26624.jpg,TCGA-QG-A5Z2,TCGA-QG-A5Z2-01Z-00-DX2,1,0.99989295,1
tumour/TCGA-QG-A5Z2-01Z-00-DX2_7680_27648.jpg,TCGA-QG-A5Z2,TCGA-QG-A5Z2-01Z-00-DX2,1,0.9981755,1
tumour/TCGA-QG-A5Z2-01Z-00-DX2_7680_29696.jpg,TCGA-QG-A5Z2,TCGA-QG-A5Z2-01Z-00-DX2,1,0.993536,1
tumour/TCGA-QG-A5Z2-01Z-00-DX2_7680_31744.jpg,TCGA-QG-A5Z2,TCGA-QG-A5Z2-01Z-00-DX2,1,0.99991775,1
tumour/TCGA-QG-A5Z2-01Z-00-DX2_7680_32256.jpg,TCGA-QG-A5Z2,TCGA-QG-A5Z2-01Z-00-DX2,1,0.99921834,1
tumour/TCGA-QG-A5Z2-01Z-00-DX2_7680_32768.jpg,TCGA-QG-A5Z2,TCGA-QG-A5Z2-01Z-00-DX2,1,0.99945503,1
tumour/TCGA-QG-A5Z2-01Z-00-DX2_8192_12800.jpg,TCGA-QG-A5Z2,TCGA-QG-A5Z2-01Z-00-DX2,1,0.9875838,1
tumour/TCGA-QG-A5Z2-01Z-00-DX2_8192_13312.jpg,TCGA-QG-A5Z2,TCGA-QG-A5Z2-01Z-00-DX2,1,0.9987074,1
tumour/TCGA-QG-A5Z2-01Z-00-DX2_8192_14336.jpg,TCGA-QG-A5Z2,TCGA-QG-A5Z2-01Z-00-DX2,1,0.9936094,1
tumour/TCGA-QG-A5Z2-01Z-00-DX2_8192_15360.jpg,TCGA-QG-A5Z2,TCGA-QG-A5Z2-01Z-00-DX2,1,0.9997757,1
tumour/TCGA-QG-A5Z2-01Z-00-DX2_8192_24064.jpg,TCGA-QG-A5Z2,TCGA-QG-A5Z2-01Z-00-DX2,1,0.999861,1
tumour/TCGA-QG-A5Z2-01Z-00-DX2_8192_24576.jpg,TCGA-QG-A5Z2,TCGA-QG-A5Z2-01Z-00-DX2,1,0.9979144,1
tumour/TCGA-QG-A5Z2-01Z-00-DX2_8192_25088.jpg,TCGA-QG-A5Z2,TCGA-QG-A5Z2-01Z-00-DX2,1,0.99906725,1
tumour/TCGA-QG-A5Z2-01Z-00-DX2_8192_26112.jpg,TCGA-QG-A5Z2,TCGA-QG-A5Z2-01Z-00-DX2,1,0.9967616,1
tumour/TCGA-QG-A5Z2-01Z-00-DX2_8192_26624.jpg,TCGA-QG-A5Z2,TCGA-QG-A5Z2-01Z-00-DX2,1,0.9997186,1
tumour/TCGA-QG-A5Z2-01Z-00-DX2_8192_27648.jpg,TCGA-QG-A5Z2,TCGA-QG-A5Z2-01Z-00-DX2,1,0.98263276,1
tumour/TCGA-QG-A5Z2-01Z-00-DX2_8192_28160.jpg,TCGA-QG-A5Z2,TCGA-QG-A5Z2-01Z-00-DX2,1,0.99767846,1
tumour/TCGA-QG-A5Z2-01Z-00-DX2_8192_31232.jpg,TCGA-QG-A5Z2,TCGA-QG-A5Z2-01Z-00-DX2,1,0.9997178,1
tumour/TCGA-QG-A5Z2-01Z-00-DX2_8192_31744.jpg,TCGA-QG-A5Z2,TCGA-QG-A5Z2-01Z-00-DX2,1,0.99966383,1
tumour/TCGA-QG-A5Z2-01Z-00-DX2_8192_34304.jpg,TCGA-QG-A5Z2,TCGA-QG-A5Z2-01Z-00-DX2,1,0.8909447,1
tumour/TCGA-QG-A5Z2-01Z-00-DX2_8704_12288.jpg,TCGA-QG-A5Z2,TCGA-QG-A5Z2-01Z-00-DX2,1,0.972358,1
tumour/TCGA-QG-A5Z2-01Z-00-DX2_8704_12800.jpg,TCGA-QG-A5Z2,TCGA-QG-A5Z2-01Z-00-DX2,1,0.99565387,1
tumour/TCGA-QG-A5Z2-01Z-00-DX2_8704_13312.jpg,TCGA-QG-A5Z2,TCGA-QG-A5Z2-01Z-00-DX2,1,0.99908245,1
tumour/TCGA-QG-A5Z2-01Z-00-DX2_8704_24576.jpg,TCGA-QG-A5Z2,TCGA-QG-A5Z2-01Z-00-DX2,1,0.9913395,1
tumour/TCGA-QG-A5Z2-01Z-00-DX2_8704_25088.jpg,TCGA-QG-A5Z2,TCGA-QG-A5Z2-01Z-00-DX2,1,0.9994648,1
tumour/TCGA-QG-A5Z2-01Z-00-DX2_8704_28160.jpg,TCGA-QG-A5Z2,TCGA-QG-A5Z2-01Z-00-DX2,1,0.99975497,1
tumour/TCGA-QG-A5Z2-01Z-00-DX2_8704_31744.jpg,TCGA-QG-A5Z2,TCGA-QG-A5Z2-01Z-00-DX2,1,0.9999399,1
tumour/TCGA-QG-A5Z2-01Z-00-DX2_8704_34304.jpg,TCGA-QG-A5Z2,TCGA-QG-A5Z2-01Z-00-DX2,1,0.5480591,1
tumour/TCGA-QG-A5Z2-01Z-00-DX2_8704_34816.jpg,TCGA-QG-A5Z2,TCGA-QG-A5Z2-01Z-00-DX2,1,0.994484,1
tumour/TCGA-QG-A5Z2-01Z-00-DX2_9216_11776.jpg,TCGA-QG-A5Z2,TCGA-QG-A5Z2-01Z-00-DX2,1,0.9984003,1
tumour/TCGA-QG-A5Z2-01Z-00-DX2_9216_12288.jpg,TCGA-QG-A5Z2,TCGA-QG-A5Z2-01Z-00-DX2,1,0.99310243,1
tumour/TCGA-QG-A5Z2-01Z-00-DX2_9216_12800.jpg,TCGA-QG-A5Z2,TCGA-QG-A5Z2-01Z-00-DX2,1,0.9937278,1
tumour/TCGA-QG-A5Z2-01Z-00-DX2_9216_14336.jpg,TCGA-QG-A5Z2,TCGA-QG-A5Z2-01Z-00-DX2,1,0.99009305,1
tumour/TCGA-QG-A5Z2-01Z-00-DX2_9216_14848.jpg,TCGA-QG-A5Z2,TCGA-QG-A5Z2-01Z-00-DX2,1,0.99811506,1
tumour/TCGA-QG-A5Z2-01Z-00-DX2_9216_15360.jpg,TCGA-QG-A5Z2,TCGA-QG-A5Z2-01Z-00-DX2,1,0.9992005,1
tumour/TCGA-QG-A5Z2-01Z-00-DX2_9216_28672.jpg,TCGA-QG-A5Z2,TCGA-QG-A5Z2-01Z-00-DX2,1,0.99918026,1
tumour/TCGA-QG-A5Z2-01Z-00-DX2_9216_29184.jpg,TCGA-QG-A5Z2,TCGA-QG-A5Z2-01Z-00-DX2,1,0.99842846,1
tumour/TCGA-QG-A5Z2-01Z-00-DX2_9216_29696.jpg,TCGA-QG-A5Z2,TCGA-QG-A5Z2-01Z-00-DX2,1,0.9985405,1
tumour/TCGA-QG-A5Z2-01Z-00-DX2_9216_32768.jpg,TCGA-QG-A5Z2,TCGA-QG-A5Z2-01Z-00-DX2,1,0.99911445,1
tumour/TCGA-QG-A5Z2-01Z-00-DX2_9216_33792.jpg,TCGA-QG-A5Z2,TCGA-QG-A5Z2-01Z-00-DX2,1,0.99933165,1
tumour/TCGA-QG-A5Z2-01Z-00-DX2_9216_34816.jpg,TCGA-QG-A5Z2,TCGA-QG-A5Z2-01Z-00-DX2,1,0.9990645,1
tumour/TCGA-QG-A5Z2-01Z-00-DX2_9728_12288.jpg,TCGA-QG-A5Z2,TCGA-QG-A5Z2-01Z-00-DX2,1,0.99731463,1
tumour/TCGA-QG-A5Z2-01Z-00-DX2_9728_13824.jpg,TCGA-QG-A5Z2,TCGA-QG-A5Z2-01Z-00-DX2,1,0.9991026,1
tumour/TCGA-QG-A5Z2-01Z-00-DX2_9728_15872.jpg,TCGA-QG-A5Z2,TCGA-QG-A5Z2-01Z-00-DX2,1,0.99032706,1
tumour/TCGA-QG-A5Z2-01Z-00-DX2_9728_30208.jpg,TCGA-QG-A5Z2,TCGA-QG-A5Z2-01Z-00-DX2,1,0.99579585,1
tumour/TCGA-QG-A5Z2-01Z-00-DX2_9728_30720.jpg,TCGA-QG-A5Z2,TCGA-QG-A5Z2-01Z-00-DX2,1,0.9998461,1
tumour/TCGA-QG-A5Z2-01Z-00-DX2_9728_31744.jpg,TCGA-QG-A5Z2,TCGA-QG-A5Z2-01Z-00-DX2,1,0.99734807,1
tumour/TCGA-QG-A5Z2-01Z-00-DX2_9728_32256.jpg,TCGA-QG-A5Z2,TCGA-QG-A5Z2-01Z-00-DX2,1,0.9973124,1
tumour/TCGA-QG-A5Z2-01Z-00-DX2_9728_34304.jpg,TCGA-QG-A5Z2,TCGA-QG-A5Z2-01Z-00-DX2,1,0.99286276,1
tumour/TCGA-QG-A5Z2-01Z-00-DX2_9728_35328.jpg,TCGA-QG-A5Z2,TCGA-QG-A5Z2-01Z-00-DX2,1,0.9947943,1
tumour/TCGA-QG-A5Z2-01Z-00-DX2_9728_35840.jpg,TCGA-QG-A5Z2,TCGA-QG-A5Z2-01Z-00-DX2,1,0.9991424,1
tumour/TCGA-QL-A97D-01Z-00-DX1_10240_20480.jpg,TCGA-QL-A97D,TCGA-QL-A97D-01Z-00-DX1,1,0.9996556,1
tumour/TCGA-QL-A97D-01Z-00-DX1_10240_22016.jpg,TCGA-QL-A97D,TCGA-QL-A97D-01Z-00-DX1,1,0.8831962,1
tumour/TCGA-QL-A97D-01Z-00-DX1_10240_23040.jpg,TCGA-QL-A97D,TCGA-QL-A97D-01Z-00-DX1,1,0.9995764,1
tumour/TCGA-QL-A97D-01Z-00-DX1_10240_25088.jpg,TCGA-QL-A97D,TCGA-QL-A97D-01Z-00-DX1,1,0.9968844,1
tumour/TCGA-QL-A97D-01Z-00-DX1_10240_26112.jpg,TCGA-QL-A97D,TCGA-QL-A97D-01Z-00-DX1,1,0.99949753,1
tumour/TCGA-QL-A97D-01Z-00-DX1_10240_30720.jpg,TCGA-QL-A97D,TCGA-QL-A97D-01Z-00-DX1,1,0.9973572,1
tumour/TCGA-QL-A97D-01Z-00-DX1_10240_31232.jpg,TCGA-QL-A97D,TCGA-QL-A97D-01Z-00-DX1,1,0.9994505,1
tumour/TCGA-QL-A97D-01Z-00-DX1_10240_31744.jpg,TCGA-QL-A97D,TCGA-QL-A97D-01Z-00-DX1,1,0.960909,1
tumour/TCGA-QL-A97D-01Z-00-DX1_10240_32256.jpg,TCGA-QL-A97D,TCGA-QL-A97D-01Z-00-DX1,1,0.9869414,1
tumour/TCGA-QL-A97D-01Z-00-DX1_10240_33792.jpg,TCGA-QL-A97D,TCGA-QL-A97D-01Z-00-DX1,1,0.7412229,1
tumour/TCGA-QL-A97D-01Z-00-DX1_10240_36352.jpg,TCGA-QL-A97D,TCGA-QL-A97D-01Z-00-DX1,1,0.9983034,1
tumour/TCGA-QL-A97D-01Z-00-DX1_10240_36864.jpg,TCGA-QL-A97D,TCGA-QL-A97D-01Z-00-DX1,1,0.9993673,1
tumour/TCGA-QL-A97D-01Z-00-DX1_10240_40448.jpg,TCGA-QL-A97D,TCGA-QL-A97D-01Z-00-DX1,1,0.999877,1
tumour/TCGA-QL-A97D-01Z-00-DX1_10240_40960.jpg,TCGA-QL-A97D,TCGA-QL-A97D-01Z-00-DX1,1,0.9991936,1
tumour/TCGA-QL-A97D-01Z-00-DX1_10240_41472.jpg,TCGA-QL-A97D,TCGA-QL-A97D-01Z-00-DX1,1,0.9999641,1
tumour/TCGA-QL-A97D-01Z-00-DX1_10240_41984.jpg,TCGA-QL-A97D,TCGA-QL-A97D-01Z-00-DX1,1,0.9988225,1
tumour/TCGA-QL-A97D-01Z-00-DX1_10752_18432.jpg,TCGA-QL-A97D,TCGA-QL-A97D-01Z-00-DX1,1,0.99987674,1
tumour/TCGA-QL-A97D-01Z-00-DX1_10752_20992.jpg,TCGA-QL-A97D,TCGA-QL-A97D-01Z-00-DX1,1,0.99757487,1
tumour/TCGA-QL-A97D-01Z-00-DX1_10752_21504.jpg,TCGA-QL-A97D,TCGA-QL-A97D-01Z-00-DX1,1,0.99986064,1
tumour/TCGA-QL-A97D-01Z-00-DX1_10752_23552.jpg,TCGA-QL-A97D,TCGA-QL-A97D-01Z-00-DX1,1,0.9996031,1
tumour/TCGA-QL-A97D-01Z-00-DX1_10752_30208.jpg,TCGA-QL-A97D,TCGA-QL-A97D-01Z-00-DX1,1,0.99824226,1
tumour/TCGA-QL-A97D-01Z-00-DX1_10752_31232.jpg,TCGA-QL-A97D,TCGA-QL-A97D-01Z-00-DX1,1,0.9993585,1
tumour/TCGA-QL-A97D-01Z-00-DX1_10752_33280.jpg,TCGA-QL-A97D,TCGA-QL-A97D-01Z-00-DX1,1,0.99245995,1
tumour/TCGA-QL-A97D-01Z-00-DX1_10752_33792.jpg,TCGA-QL-A97D,TCGA-QL-A97D-01Z-00-DX1,1,0.99932265,1
tumour/TCGA-QL-A97D-01Z-00-DX1_10752_35840.jpg,TCGA-QL-A97D,TCGA-QL-A97D-01Z-00-DX1,1,0.99951243,1
tumour/TCGA-QL-A97D-01Z-00-DX1_10752_36864.jpg,TCGA-QL-A97D,TCGA-QL-A97D-01Z-00-DX1,1,0.9994759,1
tumour/TCGA-QL-A97D-01Z-00-DX1_10752_37888.jpg,TCGA-QL-A97D,TCGA-QL-A97D-01Z-00-DX1,1,0.996496,1
tumour/TCGA-QL-A97D-01Z-00-DX1_10752_39936.jpg,TCGA-QL-A97D,TCGA-QL-A97D-01Z-00-DX1,1,0.99896,1
tumour/TCGA-QL-A97D-01Z-00-DX1_10752_41984.jpg,TCGA-QL-A97D,TCGA-QL-A97D-01Z-00-DX1,1,0.99965787,1
tumour/TCGA-QL-A97D-01Z-00-DX1_11264_17408.jpg,TCGA-QL-A97D,TCGA-QL-A97D-01Z-00-DX1,1,0.96402174,1
tumour/TCGA-QL-A97D-01Z-00-DX1_11264_17920.jpg,TCGA-QL-A97D,TCGA-QL-A97D-01Z-00-DX1,1,0.56297946,1
tumour/TCGA-QL-A97D-01Z-00-DX1_11264_18944.jpg,TCGA-QL-A97D,TCGA-QL-A97D-01Z-00-DX1,1,0.24137604,0
tumour/TCGA-QL-A97D-01Z-00-DX1_11264_19456.jpg,TCGA-QL-A97D,TCGA-QL-A97D-01Z-00-DX1,1,0.99984324,1
tumour/TCGA-QL-A97D-01Z-00-DX1_11264_20992.jpg,TCGA-QL-A97D,TCGA-QL-A97D-01Z-00-DX1,1,0.99901974,1
tumour/TCGA-QL-A97D-01Z-00-DX1_11264_22016.jpg,TCGA-QL-A97D,TCGA-QL-A97D-01Z-00-DX1,1,0.9990163,1
tumour/TCGA-QL-A97D-01Z-00-DX1_11264_22528.jpg,TCGA-QL-A97D,TCGA-QL-A97D-01Z-00-DX1,1,0.9995852,1
tumour/TCGA-QL-A97D-01Z-00-DX1_11264_25088.jpg,TCGA-QL-A97D,TCGA-QL-A97D-01Z-00-DX1,1,0.9982186,1
tumour/TCGA-QL-A97D-01Z-00-DX1_11264_26624.jpg,TCGA-QL-A97D,TCGA-QL-A97D-01Z-00-DX1,1,0.35822707,0
tumour/TCGA-QL-A97D-01Z-00-DX1_11264_29696.jpg,TCGA-QL-A97D,TCGA-QL-A97D-01Z-00-DX1,1,0.94130635,1
tumour/TCGA-QL-A97D-01Z-00-DX1_11264_30208.jpg,TCGA-QL-A97D,TCGA-QL-A97D-01Z-00-DX1,1,0.99615943,1
tumour/TCGA-QL-A97D-01Z-00-DX1_11264_31744.jpg,TCGA-QL-A97D,TCGA-QL-A97D-01Z-00-DX1,1,0.9995598,1
tumour/TCGA-QL-A97D-01Z-00-DX1_11264_32256.jpg,TCGA-QL-A97D,TCGA-QL-A97D-01Z-00-DX1,1,0.9963665,1
tumour/TCGA-QL-A97D-01Z-00-DX1_11264_34816.jpg,TCGA-QL-A97D,TCGA-QL-A97D-01Z-00-DX1,1,0.9999753,1
tumour/TCGA-QL-A97D-01Z-00-DX1_11264_36352.jpg,TCGA-QL-A97D,TCGA-QL-A97D-01Z-00-DX1,1,0.9999919,1
tumour/TCGA-QL-A97D-01Z-00-DX1_11264_36864.jpg,TCGA-QL-A97D,TCGA-QL-A97D-01Z-00-DX1,1,0.99990594,1
tumour/TCGA-QL-A97D-01Z-00-DX1_11264_37888.jpg,TCGA-QL-A97D,TCGA-QL-A97D-01Z-00-DX1,1,0.08046166,0
tumour/TCGA-QL-A97D-01Z-00-DX1_11264_38400.jpg,TCGA-QL-A97D,TCGA-QL-A97D-01Z-00-DX1,1,0.99918514,1
tumour/TCGA-QL-A97D-01Z-00-DX1_11264_39936.jpg,TCGA-QL-A97D,TCGA-QL-A97D-01Z-00-DX1,1,0.99610966,1
tumour/TCGA-QL-A97D-01Z-00-DX1_11264_40960.jpg,TCGA-QL-A97D,TCGA-QL-A97D-01Z-00-DX1,1,0.995155,1
tumour/TCGA-QL-A97D-01Z-00-DX1_11264_41984.jpg,TCGA-QL-A97D,TCGA-QL-A97D-01Z-00-DX1,1,0.9996164,1
tumour/TCGA-QL-A97D-01Z-00-DX1_11776_14848.jpg,TCGA-QL-A97D,TCGA-QL-A97D-01Z-00-DX1,1,0.99981815,1
tumour/TCGA-QL-A97D-01Z-00-DX1_11776_17920.jpg,TCGA-QL-A97D,TCGA-QL-A97D-01Z-00-DX1,1,0.9866861,1
tumour/TCGA-QL-A97D-01Z-00-DX1_11776_18432.jpg,TCGA-QL-A97D,TCGA-QL-A97D-01Z-00-DX1,1,0.9999025,1
tumour/TCGA-QL-A97D-01Z-00-DX1_11776_20992.jpg,TCGA-QL-A97D,TCGA-QL-A97D-01Z-00-DX1,1,0.99710315,1
tumour/TCGA-QL-A97D-01Z-00-DX1_11776_22016.jpg,TCGA-QL-A97D,TCGA-QL-A97D-01Z-00-DX1,1,0.99958056,1
tumour/TCGA-QL-A97D-01Z-00-DX1_11776_22528.jpg,TCGA-QL-A97D,TCGA-QL-A97D-01Z-00-DX1,1,0.9999615,1
tumour/TCGA-QL-A97D-01Z-00-DX1_11776_24576.jpg,TCGA-QL-A97D,TCGA-QL-A97D-01Z-00-DX1,1,0.99997675,1
tumour/TCGA-QL-A97D-01Z-00-DX1_11776_26112.jpg,TCGA-QL-A97D,TCGA-QL-A97D-01Z-00-DX1,1,0.9983681,1
tumour/TCGA-QL-A97D-01Z-00-DX1_11776_26624.jpg,TCGA-QL-A97D,TCGA-QL-A97D-01Z-00-DX1,1,0.009561526,0
tumour/TCGA-QL-A97D-01Z-00-DX1_11776_31232.jpg,TCGA-QL-A97D,TCGA-QL-A97D-01Z-00-DX1,1,0.98882574,1
tumour/TCGA-QL-A97D-01Z-00-DX1_11776_31744.jpg,TCGA-QL-A97D,TCGA-QL-A97D-01Z-00-DX1,1,0.9999229,1
tumour/TCGA-QL-A97D-01Z-00-DX1_11776_35328.jpg,TCGA-QL-A97D,TCGA-QL-A97D-01Z-00-DX1,1,0.9997671,1
tumour/TCGA-QL-A97D-01Z-00-DX1_11776_35840.jpg,TCGA-QL-A97D,TCGA-QL-A97D-01Z-00-DX1,1,0.99967384,1
tumour/TCGA-QL-A97D-01Z-00-DX1_11776_36864.jpg,TCGA-QL-A97D,TCGA-QL-A97D-01Z-00-DX1,1,0.9762057,1
tumour/TCGA-QL-A97D-01Z-00-DX1_11776_38912.jpg,TCGA-QL-A97D,TCGA-QL-A97D-01Z-00-DX1,1,0.99971074,1
tumour/TCGA-QL-A97D-01Z-00-DX1_11776_41472.jpg,TCGA-QL-A97D,TCGA-QL-A97D-01Z-00-DX1,1,0.9995441,1
tumour/TCGA-QL-A97D-01Z-00-DX1_11776_41984.jpg,TCGA-QL-A97D,TCGA-QL-A97D-01Z-00-DX1,1,0.99708754,1
tumour/TCGA-QL-A97D-01Z-00-DX1_12288_17408.jpg,TCGA-QL-A97D,TCGA-QL-A97D-01Z-00-DX1,1,0.99942267,1
tumour/TCGA-QL-A97D-01Z-00-DX1_12288_20480.jpg,TCGA-QL-A97D,TCGA-QL-A97D-01Z-00-DX1,1,0.99916506,1
tumour/TCGA-QL-A97D-01Z-00-DX1_12288_20992.jpg,TCGA-QL-A97D,TCGA-QL-A97D-01Z-00-DX1,1,0.9973942,1
tumour/TCGA-QL-A97D-01Z-00-DX1_12288_21504.jpg,TCGA-QL-A97D,TCGA-QL-A97D-01Z-00-DX1,1,0.99967515,1
tumour/TCGA-QL-A97D-01Z-00-DX1_12288_23552.jpg,TCGA-QL-A97D,TCGA-QL-A97D-01Z-00-DX1,1,0.9993975,1
tumour/TCGA-QL-A97D-01Z-00-DX1_12288_24064.jpg,TCGA-QL-A97D,TCGA-QL-A97D-01Z-00-DX1,1,0.98913026,1
tumour/TCGA-QL-A97D-01Z-00-DX1_12288_30208.jpg,TCGA-QL-A97D,TCGA-QL-A97D-01Z-00-DX1,1,0.9998641,1
tumour/TCGA-QL-A97D-01Z-00-DX1_12288_31744.jpg,TCGA-QL-A97D,TCGA-QL-A97D-01Z-00-DX1,1,0.9986815,1
tumour/TCGA-QL-A97D-01Z-00-DX1_12288_33792.jpg,TCGA-QL-A97D,TCGA-QL-A97D-01Z-00-DX1,1,0.9352817,1
tumour/TCGA-QL-A97D-01Z-00-DX1_12288_34816.jpg,TCGA-QL-A97D,TCGA-QL-A97D-01Z-00-DX1,1,0.9874758,1
tumour/TCGA-QL-A97D-01Z-00-DX1_12288_35328.jpg,TCGA-QL-A97D,TCGA-QL-A97D-01Z-00-DX1,1,0.9999733,1
tumour/TCGA-QL-A97D-01Z-00-DX1_12288_35840.jpg,TCGA-QL-A97D,TCGA-QL-A97D-01Z-00-DX1,1,0.9990128,1
tumour/TCGA-QL-A97D-01Z-00-DX1_12288_36352.jpg,TCGA-QL-A97D,TCGA-QL-A97D-01Z-00-DX1,1,0.99995744,1
tumour/TCGA-QL-A97D-01Z-00-DX1_12288_36864.jpg,TCGA-QL-A97D,TCGA-QL-A97D-01Z-00-DX1,1,0.9998419,1
tumour/TCGA-QL-A97D-01Z-00-DX1_12288_37888.jpg,TCGA-QL-A97D,TCGA-QL-A97D-01Z-00-DX1,1,0.9974281,1
tumour/TCGA-QL-A97D-01Z-00-DX1_12288_38400.jpg,TCGA-QL-A97D,TCGA-QL-A97D-01Z-00-DX1,1,0.9997873,1
tumour/TCGA-QL-A97D-01Z-00-DX1_12288_38912.jpg,TCGA-QL-A97D,TCGA-QL-A97D-01Z-00-DX1,1,0.99912614,1
tumour/TCGA-QL-A97D-01Z-00-DX1_12288_40448.jpg,TCGA-QL-A97D,TCGA-QL-A97D-01Z-00-DX1,1,0.99995244,1
tumour/TCGA-QL-A97D-01Z-00-DX1_12288_42496.jpg,TCGA-QL-A97D,TCGA-QL-A97D-01Z-00-DX1,1,0.9912492,1
tumour/TCGA-QL-A97D-01Z-00-DX1_12800_12800.jpg,TCGA-QL-A97D,TCGA-QL-A97D-01Z-00-DX1,1,0.9895863,1
tumour/TCGA-QL-A97D-01Z-00-DX1_12800_13312.jpg,TCGA-QL-A97D,TCGA-QL-A97D-01Z-00-DX1,1,0.9255923,1
tumour/TCGA-QL-A97D-01Z-00-DX1_12800_14848.jpg,TCGA-QL-A97D,TCGA-QL-A97D-01Z-00-DX1,1,0.99977094,1
tumour/TCGA-QL-A97D-01Z-00-DX1_12800_20992.jpg,TCGA-QL-A97D,TCGA-QL-A97D-01Z-00-DX1,1,0.9904294,1
tumour/TCGA-QL-A97D-01Z-00-DX1_12800_22528.jpg,TCGA-QL-A97D,TCGA-QL-A97D-01Z-00-DX1,1,0.9992884,1
tumour/TCGA-QL-A97D-01Z-00-DX1_12800_23040.jpg,TCGA-QL-A97D,TCGA-QL-A97D-01Z-00-DX1,1,0.99978846,1
tumour/TCGA-QL-A97D-01Z-00-DX1_12800_23552.jpg,TCGA-QL-A97D,TCGA-QL-A97D-01Z-00-DX1,1,0.999684,1
tumour/TCGA-QL-A97D-01Z-00-DX1_12800_25600.jpg,TCGA-QL-A97D,TCGA-QL-A97D-01Z-00-DX1,1,0.9998696,1
tumour/TCGA-QL-A97D-01Z-00-DX1_12800_26112.jpg,TCGA-QL-A97D,TCGA-QL-A97D-01Z-00-DX1,1,0.9994968,1
tumour/TCGA-QL-A97D-01Z-00-DX1_12800_30208.jpg,TCGA-QL-A97D,TCGA-QL-A97D-01Z-00-DX1,1,0.9999845,1
tumour/TCGA-QL-A97D-01Z-00-DX1_12800_31232.jpg,TCGA-QL-A97D,TCGA-QL-A97D-01Z-00-DX1,1,0.9992142,1
tumour/TCGA-QL-A97D-01Z-00-DX1_12800_35328.jpg,TCGA-QL-A97D,TCGA-QL-A97D-01Z-00-DX1,1,0.99845505,1
tumour/TCGA-QL-A97D-01Z-00-DX1_12800_35840.jpg,TCGA-QL-A97D,TCGA-QL-A97D-01Z-00-DX1,1,0.9998504,1
tumour/TCGA-QL-A97D-01Z-00-DX1_12800_37376.jpg,TCGA-QL-A97D,TCGA-QL-A97D-01Z-00-DX1,1,0.9879224,1
tumour/TCGA-QL-A97D-01Z-00-DX1_12800_37888.jpg,TCGA-QL-A97D,TCGA-QL-A97D-01Z-00-DX1,1,0.9991334,1
tumour/TCGA-QL-A97D-01Z-00-DX1_12800_40960.jpg,TCGA-QL-A97D,TCGA-QL-A97D-01Z-00-DX1,1,0.9967139,1
tumour/TCGA-QL-A97D-01Z-00-DX1_12800_41472.jpg,TCGA-QL-A97D,TCGA-QL-A97D-01Z-00-DX1,1,0.99986124,1
tumour/TCGA-QL-A97D-01Z-00-DX1_13312_12288.jpg,TCGA-QL-A97D,TCGA-QL-A97D-01Z-00-DX1,1,0.9997273,1
tumour/TCGA-QL-A97D-01Z-00-DX1_13312_13312.jpg,TCGA-QL-A97D,TCGA-QL-A97D-01Z-00-DX1,1,0.99719584,1
tumour/TCGA-QL-A97D-01Z-00-DX1_13312_13824.jpg,TCGA-QL-A97D,TCGA-QL-A97D-01Z-00-DX1,1,0.9265594,1
tumour/TCGA-QL-A97D-01Z-00-DX1_13312_14848.jpg,TCGA-QL-A97D,TCGA-QL-A97D-01Z-00-DX1,1,0.999941,1
tumour/TCGA-QL-A97D-01Z-00-DX1_13312_15360.jpg,TCGA-QL-A97D,TCGA-QL-A97D-01Z-00-DX1,1,0.9999683,1
tumour/TCGA-QL-A97D-01Z-00-DX1_13312_15872.jpg,TCGA-QL-A97D,TCGA-QL-A97D-01Z-00-DX1,1,0.9997732,1
tumour/TCGA-QL-A97D-01Z-00-DX1_13312_16896.jpg,TCGA-QL-A97D,TCGA-QL-A97D-01Z-00-DX1,1,0.99665856,1
tumour/TCGA-QL-A97D-01Z-00-DX1_13312_19968.jpg,TCGA-QL-A97D,TCGA-QL-A97D-01Z-00-DX1,1,0.99439776,1
tumour/TCGA-QL-A97D-01Z-00-DX1_13312_22528.jpg,TCGA-QL-A97D,TCGA-QL-A97D-01Z-00-DX1,1,0.997718,1
tumour/TCGA-QL-A97D-01Z-00-DX1_13312_24064.jpg,TCGA-QL-A97D,TCGA-QL-A97D-01Z-00-DX1,1,0.8033616,1
tumour/TCGA-QL-A97D-01Z-00-DX1_13312_29184.jpg,TCGA-QL-A97D,TCGA-QL-A97D-01Z-00-DX1,1,0.9995714,1
tumour/TCGA-QL-A97D-01Z-00-DX1_13312_29696.jpg,TCGA-QL-A97D,TCGA-QL-A97D-01Z-00-DX1,1,0.99972564,1
tumour/TCGA-QL-A97D-01Z-00-DX1_13312_30208.jpg,TCGA-QL-A97D,TCGA-QL-A97D-01Z-00-DX1,1,0.9969416,1
tumour/TCGA-QL-A97D-01Z-00-DX1_13312_30720.jpg,TCGA-QL-A97D,TCGA-QL-A97D-01Z-00-DX1,1,0.98668253,1
tumour/TCGA-QL-A97D-01Z-00-DX1_13312_31232.jpg,TCGA-QL-A97D,TCGA-QL-A97D-01Z-00-DX1,1,0.9750421,1
tumour/TCGA-QL-A97D-01Z-00-DX1_13312_33792.jpg,TCGA-QL-A97D,TCGA-QL-A97D-01Z-00-DX1,1,0.9985966,1
tumour/TCGA-QL-A97D-01Z-00-DX1_13312_34816.jpg,TCGA-QL-A97D,TCGA-QL-A97D-01Z-00-DX1,1,0.21651642,0
tumour/TCGA-QL-A97D-01Z-00-DX1_13312_35328.jpg,TCGA-QL-A97D,TCGA-QL-A97D-01Z-00-DX1,1,0.998896,1
tumour/TCGA-QL-A97D-01Z-00-DX1_13312_35840.jpg,TCGA-QL-A97D,TCGA-QL-A97D-01Z-00-DX1,1,0.99919623,1
tumour/TCGA-QL-A97D-01Z-00-DX1_13312_37888.jpg,TCGA-QL-A97D,TCGA-QL-A97D-01Z-00-DX1,1,0.9989452,1
tumour/TCGA-QL-A97D-01Z-00-DX1_13312_38912.jpg,TCGA-QL-A97D,TCGA-QL-A97D-01Z-00-DX1,1,0.2701785,0
tumour/TCGA-QL-A97D-01Z-00-DX1_13824_10752.jpg,TCGA-QL-A97D,TCGA-QL-A97D-01Z-00-DX1,1,0.94333285,1
tumour/TCGA-QL-A97D-01Z-00-DX1_13824_11776.jpg,TCGA-QL-A97D,TCGA-QL-A97D-01Z-00-DX1,1,0.7444859,1
tumour/TCGA-QL-A97D-01Z-00-DX1_13824_12288.jpg,TCGA-QL-A97D,TCGA-QL-A97D-01Z-00-DX1,1,0.8909652,1
tumour/TCGA-QL-A97D-01Z-00-DX1_13824_14848.jpg,TCGA-QL-A97D,TCGA-QL-A97D-01Z-00-DX1,1,0.99986863,1
tumour/TCGA-QL-A97D-01Z-00-DX1_13824_15360.jpg,TCGA-QL-A97D,TCGA-QL-A97D-01Z-00-DX1,1,0.9996587,1
tumour/TCGA-QL-A97D-01Z-00-DX1_13824_16384.jpg,TCGA-QL-A97D,TCGA-QL-A97D-01Z-00-DX1,1,0.9923884,1
tumour/TCGA-QL-A97D-01Z-00-DX1_13824_16896.jpg,TCGA-QL-A97D,TCGA-QL-A97D-01Z-00-DX1,1,0.9866375,1
tumour/TCGA-QL-A97D-01Z-00-DX1_13824_17408.jpg,TCGA-QL-A97D,TCGA-QL-A97D-01Z-00-DX1,1,0.98619694,1
tumour/TCGA-QL-A97D-01Z-00-DX1_13824_20992.jpg,TCGA-QL-A97D,TCGA-QL-A97D-01Z-00-DX1,1,0.99983144,1
tumour/TCGA-QL-A97D-01Z-00-DX1_13824_23040.jpg,TCGA-QL-A97D,TCGA-QL-A97D-01Z-00-DX1,1,0.99625236,1
tumour/TCGA-QL-A97D-01Z-00-DX1_13824_28672.jpg,TCGA-QL-A97D,TCGA-QL-A97D-01Z-00-DX1,1,0.98423636,1
tumour/TCGA-QL-A97D-01Z-00-DX1_13824_29696.jpg,TCGA-QL-A97D,TCGA-QL-A97D-01Z-00-DX1,1,0.9992465,1
tumour/TCGA-QL-A97D-01Z-00-DX1_13824_31232.jpg,TCGA-QL-A97D,TCGA-QL-A97D-01Z-00-DX1,1,0.9735747,1
tumour/TCGA-QL-A97D-01Z-00-DX1_13824_31744.jpg,TCGA-QL-A97D,TCGA-QL-A97D-01Z-00-DX1,1,0.9990694,1
tumour/TCGA-QL-A97D-01Z-00-DX1_13824_34816.jpg,TCGA-QL-A97D,TCGA-QL-A97D-01Z-00-DX1,1,0.18815313,0
tumour/TCGA-QL-A97D-01Z-00-DX1_13824_35840.jpg,TCGA-QL-A97D,TCGA-QL-A97D-01Z-00-DX1,1,0.9992957,1
tumour/TCGA-QL-A97D-01Z-00-DX1_13824_36352.jpg,TCGA-QL-A97D,TCGA-QL-A97D-01Z-00-DX1,1,0.99368346,1
tumour/TCGA-QL-A97D-01Z-00-DX1_13824_36864.jpg,TCGA-QL-A97D,TCGA-QL-A97D-01Z-00-DX1,1,0.9502361,1
tumour/TCGA-QL-A97D-01Z-00-DX1_13824_37376.jpg,TCGA-QL-A97D,TCGA-QL-A97D-01Z-00-DX1,1,0.9862438,1
tumour/TCGA-QL-A97D-01Z-00-DX1_13824_39424.jpg,TCGA-QL-A97D,TCGA-QL-A97D-01Z-00-DX1,1,0.9994211,1
tumour/TCGA-QL-A97D-01Z-00-DX1_13824_39936.jpg,TCGA-QL-A97D,TCGA-QL-A97D-01Z-00-DX1,1,0.99926823,1
tumour/TCGA-QL-A97D-01Z-00-DX1_14336_10240.jpg,TCGA-QL-A97D,TCGA-QL-A97D-01Z-00-DX1,1,0.9996611,1
tumour/TCGA-QL-A97D-01Z-00-DX1_14336_12800.jpg,TCGA-QL-A97D,TCGA-QL-A97D-01Z-00-DX1,1,0.9981723,1
tumour/TCGA-QL-A97D-01Z-00-DX1_14336_13312.jpg,TCGA-QL-A97D,TCGA-QL-A97D-01Z-00-DX1,1,0.99782556,1
tumour/TCGA-QL-A97D-01Z-00-DX1_14336_13824.jpg,TCGA-QL-A97D,TCGA-QL-A97D-01Z-00-DX1,1,0.99995446,1
tumour/TCGA-QL-A97D-01Z-00-DX1_14336_14848.jpg,TCGA-QL-A97D,TCGA-QL-A97D-01Z-00-DX1,1,0.9999428,1
tumour/TCGA-QL-A97D-01Z-00-DX1_14336_16896.jpg,TCGA-QL-A97D,TCGA-QL-A97D-01Z-00-DX1,1,0.99688184,1
tumour/TCGA-QL-A97D-01Z-00-DX1_14336_17408.jpg,TCGA-QL-A97D,TCGA-QL-A97D-01Z-00-DX1,1,0.99641705,1
tumour/TCGA-QL-A97D-01Z-00-DX1_14336_19456.jpg,TCGA-QL-A97D,TCGA-QL-A97D-01Z-00-DX1,1,0.9987533,1
tumour/TCGA-QL-A97D-01Z-00-DX1_14336_20992.jpg,TCGA-QL-A97D,TCGA-QL-A97D-01Z-00-DX1,1,0.9998317,1
tumour/TCGA-QL-A97D-01Z-00-DX1_14336_22016.jpg,TCGA-QL-A97D,TCGA-QL-A97D-01Z-00-DX1,1,0.9994035,1
tumour/TCGA-QL-A97D-01Z-00-DX1_14336_22528.jpg,TCGA-QL-A97D,TCGA-QL-A97D-01Z-00-DX1,1,0.9984718,1
tumour/TCGA-QL-A97D-01Z-00-DX1_14336_23040.jpg,TCGA-QL-A97D,TCGA-QL-A97D-01Z-00-DX1,1,0.99992204,1
tumour/TCGA-QL-A97D-01Z-00-DX1_14336_24064.jpg,TCGA-QL-A97D,TCGA-QL-A97D-01Z-00-DX1,1,0.99486995,1
tumour/TCGA-QL-A97D-01Z-00-DX1_14336_28672.jpg,TCGA-QL-A97D,TCGA-QL-A97D-01Z-00-DX1,1,0.98056257,1
tumour/TCGA-QL-A97D-01Z-00-DX1_14336_29184.jpg,TCGA-QL-A97D,TCGA-QL-A97D-01Z-00-DX1,1,0.9984908,1
tumour/TCGA-QL-A97D-01Z-00-DX1_14336_30208.jpg,TCGA-QL-A97D,TCGA-QL-A97D-01Z-00-DX1,1,0.9993349,1
tumour/TCGA-QL-A97D-01Z-00-DX1_14336_30720.jpg,TCGA-QL-A97D,TCGA-QL-A97D-01Z-00-DX1,1,0.99698085,1
tumour/TCGA-QL-A97D-01Z-00-DX1_14336_31232.jpg,TCGA-QL-A97D,TCGA-QL-A97D-01Z-00-DX1,1,0.9440544,1
tumour/TCGA-QL-A97D-01Z-00-DX1_14336_31744.jpg,TCGA-QL-A97D,TCGA-QL-A97D-01Z-00-DX1,1,0.98928285,1
tumour/TCGA-QL-A97D-01Z-00-DX1_14336_33792.jpg,TCGA-QL-A97D,TCGA-QL-A97D-01Z-00-DX1,1,0.99955016,1
tumour/TCGA-QL-A97D-01Z-00-DX1_14336_35328.jpg,TCGA-QL-A97D,TCGA-QL-A97D-01Z-00-DX1,1,0.9955087,1
tumour/TCGA-QL-A97D-01Z-00-DX1_14336_35840.jpg,TCGA-QL-A97D,TCGA-QL-A97D-01Z-00-DX1,1,0.9997079,1
tumour/TCGA-QL-A97D-01Z-00-DX1_14336_36864.jpg,TCGA-QL-A97D,TCGA-QL-A97D-01Z-00-DX1,1,0.9996836,1
tumour/TCGA-QL-A97D-01Z-00-DX1_14336_38400.jpg,TCGA-QL-A97D,TCGA-QL-A97D-01Z-00-DX1,1,0.96986556,1
tumour/TCGA-QL-A97D-01Z-00-DX1_14848_10240.jpg,TCGA-QL-A97D,TCGA-QL-A97D-01Z-00-DX1,1,0.96612877,1
tumour/TCGA-QL-A97D-01Z-00-DX1_14848_11264.jpg,TCGA-QL-A97D,TCGA-QL-A97D-01Z-00-DX1,1,0.99835485,1
tumour/TCGA-QL-A97D-01Z-00-DX1_14848_11776.jpg,TCGA-QL-A97D,TCGA-QL-A97D-01Z-00-DX1,1,0.9972819,1
tumour/TCGA-QL-A97D-01Z-00-DX1_14848_12288.jpg,TCGA-QL-A97D,TCGA-QL-A97D-01Z-00-DX1,1,0.9976859,1
tumour/TCGA-QL-A97D-01Z-00-DX1_14848_12800.jpg,TCGA-QL-A97D,TCGA-QL-A97D-01Z-00-DX1,1,0.99995387,1
tumour/TCGA-QL-A97D-01Z-00-DX1_14848_13312.jpg,TCGA-QL-A97D,TCGA-QL-A97D-01Z-00-DX1,1,0.9995821,1
tumour/TCGA-QL-A97D-01Z-00-DX1_14848_14336.jpg,TCGA-QL-A97D,TCGA-QL-A97D-01Z-00-DX1,1,0.996247,1
tumour/TCGA-QL-A97D-01Z-00-DX1_14848_14848.jpg,TCGA-QL-A97D,TCGA-QL-A97D-01Z-00-DX1,1,0.9993705,1
tumour/TCGA-QL-A97D-01Z-00-DX1_14848_15360.jpg,TCGA-QL-A97D,TCGA-QL-A97D-01Z-00-DX1,1,0.9996389,1
tumour/TCGA-QL-A97D-01Z-00-DX1_14848_16384.jpg,TCGA-QL-A97D,TCGA-QL-A97D-01Z-00-DX1,1,0.99996483,1
tumour/TCGA-QL-A97D-01Z-00-DX1_14848_17920.jpg,TCGA-QL-A97D,TCGA-QL-A97D-01Z-00-DX1,1,0.9853768,1
tumour/TCGA-QL-A97D-01Z-00-DX1_14848_19968.jpg,TCGA-QL-A97D,TCGA-QL-A97D-01Z-00-DX1,1,0.99886847,1
tumour/TCGA-QL-A97D-01Z-00-DX1_14848_20992.jpg,TCGA-QL-A97D,TCGA-QL-A97D-01Z-00-DX1,1,0.9852632,1
tumour/TCGA-QL-A97D-01Z-00-DX1_14848_21504.jpg,TCGA-QL-A97D,TCGA-QL-A97D-01Z-00-DX1,1,0.9989901,1
tumour/TCGA-QL-A97D-01Z-00-DX1_14848_22016.jpg,TCGA-QL-A97D,TCGA-QL-A97D-01Z-00-DX1,1,0.9976344,1
tumour/TCGA-QL-A97D-01Z-00-DX1_14848_23040.jpg,TCGA-QL-A97D,TCGA-QL-A97D-01Z-00-DX1,1,0.99956495,1
tumour/TCGA-QL-A97D-01Z-00-DX1_14848_26112.jpg,TCGA-QL-A97D,TCGA-QL-A97D-01Z-00-DX1,1,0.99928063,1
tumour/TCGA-QL-A97D-01Z-00-DX1_14848_29184.jpg,TCGA-QL-A97D,TCGA-QL-A97D-01Z-00-DX1,1,0.97994083,1
tumour/TCGA-QL-A97D-01Z-00-DX1_14848_30208.jpg,TCGA-QL-A97D,TCGA-QL-A97D-01Z-00-DX1,1,0.99997437,1
tumour/TCGA-QL-A97D-01Z-00-DX1_14848_31232.jpg,TCGA-QL-A97D,TCGA-QL-A97D-01Z-00-DX1,1,0.99951434,1
tumour/TCGA-QL-A97D-01Z-00-DX1_14848_32768.jpg,TCGA-QL-A97D,TCGA-QL-A97D-01Z-00-DX1,1,0.99988997,1
tumour/TCGA-QL-A97D-01Z-00-DX1_14848_33280.jpg,TCGA-QL-A97D,TCGA-QL-A97D-01Z-00-DX1,1,0.9955967,1
tumour/TCGA-QL-A97D-01Z-00-DX1_14848_33792.jpg,TCGA-QL-A97D,TCGA-QL-A97D-01Z-00-DX1,1,0.99945587,1
tumour/TCGA-QL-A97D-01Z-00-DX1_14848_34304.jpg,TCGA-QL-A97D,TCGA-QL-A97D-01Z-00-DX1,1,0.9786066,1
tumour/TCGA-QL-A97D-01Z-00-DX1_14848_37376.jpg,TCGA-QL-A97D,TCGA-QL-A97D-01Z-00-DX1,1,0.9961444,1
tumour/TCGA-QL-A97D-01Z-00-DX1_14848_37888.jpg,TCGA-QL-A97D,TCGA-QL-A97D-01Z-00-DX1,1,0.9999927,1
tumour/TCGA-QL-A97D-01Z-00-DX1_14848_38400.jpg,TCGA-QL-A97D,TCGA-QL-A97D-01Z-00-DX1,1,0.99934405,1
tumour/TCGA-QL-A97D-01Z-00-DX1_14848_38912.jpg,TCGA-QL-A97D,TCGA-QL-A97D-01Z-00-DX1,1,0.9995875,1
tumour/TCGA-QL-A97D-01Z-00-DX1_14848_39424.jpg,TCGA-QL-A97D,TCGA-QL-A97D-01Z-00-DX1,1,0.9997377,1
tumour/TCGA-QL-A97D-01Z-00-DX1_14848_39936.jpg,TCGA-QL-A97D,TCGA-QL-A97D-01Z-00-DX1,1,0.99980026,1
tumour/TCGA-QL-A97D-01Z-00-DX1_14848_9216.jpg,TCGA-QL-A97D,TCGA-QL-A97D-01Z-00-DX1,1,0.95781076,1
tumour/TCGA-QL-A97D-01Z-00-DX1_14848_9728.jpg,TCGA-QL-A97D,TCGA-QL-A97D-01Z-00-DX1,1,0.8376826,1
tumour/TCGA-QL-A97D-01Z-00-DX1_15360_10240.jpg,TCGA-QL-A97D,TCGA-QL-A97D-01Z-00-DX1,1,0.97908384,1
tumour/TCGA-QL-A97D-01Z-00-DX1_15360_11776.jpg,TCGA-QL-A97D,TCGA-QL-A97D-01Z-00-DX1,1,0.99907,1
tumour/TCGA-QL-A97D-01Z-00-DX1_15360_12800.jpg,TCGA-QL-A97D,TCGA-QL-A97D-01Z-00-DX1,1,0.9997211,1
tumour/TCGA-QL-A97D-01Z-00-DX1_15360_13312.jpg,TCGA-QL-A97D,TCGA-QL-A97D-01Z-00-DX1,1,0.9996259,1
tumour/TCGA-QL-A97D-01Z-00-DX1_15360_13824.jpg,TCGA-QL-A97D,TCGA-QL-A97D-01Z-00-DX1,1,0.9940044,1
tumour/TCGA-QL-A97D-01Z-00-DX1_15360_14848.jpg,TCGA-QL-A97D,TCGA-QL-A97D-01Z-00-DX1,1,0.43996397,0
tumour/TCGA-QL-A97D-01Z-00-DX1_15360_15360.jpg,TCGA-QL-A97D,TCGA-QL-A97D-01Z-00-DX1,1,0.99392337,1
tumour/TCGA-QL-A97D-01Z-00-DX1_15360_17408.jpg,TCGA-QL-A97D,TCGA-QL-A97D-01Z-00-DX1,1,0.99976355,1
tumour/TCGA-QL-A97D-01Z-00-DX1_15360_18432.jpg,TCGA-QL-A97D,TCGA-QL-A97D-01Z-00-DX1,1,0.99971765,1
tumour/TCGA-QL-A97D-01Z-00-DX1_15360_22016.jpg,TCGA-QL-A97D,TCGA-QL-A97D-01Z-00-DX1,1,0.98238784,1
tumour/TCGA-QL-A97D-01Z-00-DX1_15360_22528.jpg,TCGA-QL-A97D,TCGA-QL-A97D-01Z-00-DX1,1,0.9993678,1
tumour/TCGA-QL-A97D-01Z-00-DX1_15360_23040.jpg,TCGA-QL-A97D,TCGA-QL-A97D-01Z-00-DX1,1,0.99628156,1
tumour/TCGA-QL-A97D-01Z-00-DX1_15360_24064.jpg,TCGA-QL-A97D,TCGA-QL-A97D-01Z-00-DX1,1,0.9994954,1
tumour/TCGA-QL-A97D-01Z-00-DX1_15360_25088.jpg,TCGA-QL-A97D,TCGA-QL-A97D-01Z-00-DX1,1,0.99799913,1
tumour/TCGA-QL-A97D-01Z-00-DX1_15360_25600.jpg,TCGA-QL-A97D,TCGA-QL-A97D-01Z-00-DX1,1,0.9999542,1
tumour/TCGA-QL-A97D-01Z-00-DX1_15360_30720.jpg,TCGA-QL-A97D,TCGA-QL-A97D-01Z-00-DX1,1,0.99936026,1
tumour/TCGA-QL-A97D-01Z-00-DX1_15360_33792.jpg,TCGA-QL-A97D,TCGA-QL-A97D-01Z-00-DX1,1,0.99998546,1
tumour/TCGA-QL-A97D-01Z-00-DX1_15360_34304.jpg,TCGA-QL-A97D,TCGA-QL-A97D-01Z-00-DX1,1,0.98488694,1
tumour/TCGA-QL-A97D-01Z-00-DX1_15360_36352.jpg,TCGA-QL-A97D,TCGA-QL-A97D-01Z-00-DX1,1,0.99974877,1
tumour/TCGA-QL-A97D-01Z-00-DX1_15360_36864.jpg,TCGA-QL-A97D,TCGA-QL-A97D-01Z-00-DX1,1,0.9988507,1
tumour/TCGA-QL-A97D-01Z-00-DX1_15360_39424.jpg,TCGA-QL-A97D,TCGA-QL-A97D-01Z-00-DX1,1,0.999509,1
tumour/TCGA-QL-A97D-01Z-00-DX1_15360_8192.jpg,TCGA-QL-A97D,TCGA-QL-A97D-01Z-00-DX1,1,0.9975381,1
tumour/TCGA-QL-A97D-01Z-00-DX1_15360_9728.jpg,TCGA-QL-A97D,TCGA-QL-A97D-01Z-00-DX1,1,0.9627367,1
tumour/TCGA-QL-A97D-01Z-00-DX1_15872_10752.jpg,TCGA-QL-A97D,TCGA-QL-A97D-01Z-00-DX1,1,0.98181754,1
tumour/TCGA-QL-A97D-01Z-00-DX1_15872_11264.jpg,TCGA-QL-A97D,TCGA-QL-A97D-01Z-00-DX1,1,0.99994135,1
tumour/TCGA-QL-A97D-01Z-00-DX1_15872_11776.jpg,TCGA-QL-A97D,TCGA-QL-A97D-01Z-00-DX1,1,0.99527353,1
tumour/TCGA-QL-A97D-01Z-00-DX1_15872_12288.jpg,TCGA-QL-A97D,TCGA-QL-A97D-01Z-00-DX1,1,0.9982039,1
tumour/TCGA-QL-A97D-01Z-00-DX1_15872_12800.jpg,TCGA-QL-A97D,TCGA-QL-A97D-01Z-00-DX1,1,0.94685715,1
tumour/TCGA-QL-A97D-01Z-00-DX1_15872_14848.jpg,TCGA-QL-A97D,TCGA-QL-A97D-01Z-00-DX1,1,0.99881774,1
tumour/TCGA-QL-A97D-01Z-00-DX1_15872_15360.jpg,TCGA-QL-A97D,TCGA-QL-A97D-01Z-00-DX1,1,0.99613994,1
tumour/TCGA-QL-A97D-01Z-00-DX1_15872_15872.jpg,TCGA-QL-A97D,TCGA-QL-A97D-01Z-00-DX1,1,0.9982387,1
tumour/TCGA-QL-A97D-01Z-00-DX1_15872_16384.jpg,TCGA-QL-A97D,TCGA-QL-A97D-01Z-00-DX1,1,0.9998425,1
tumour/TCGA-QL-A97D-01Z-00-DX1_15872_16896.jpg,TCGA-QL-A97D,TCGA-QL-A97D-01Z-00-DX1,1,0.9999777,1
tumour/TCGA-QL-A97D-01Z-00-DX1_15872_17408.jpg,TCGA-QL-A97D,TCGA-QL-A97D-01Z-00-DX1,1,0.99996877,1
tumour/TCGA-QL-A97D-01Z-00-DX1_15872_18432.jpg,TCGA-QL-A97D,TCGA-QL-A97D-01Z-00-DX1,1,0.9988691,1
tumour/TCGA-QL-A97D-01Z-00-DX1_15872_20992.jpg,TCGA-QL-A97D,TCGA-QL-A97D-01Z-00-DX1,1,0.99992585,1
tumour/TCGA-QL-A97D-01Z-00-DX1_15872_21504.jpg,TCGA-QL-A97D,TCGA-QL-A97D-01Z-00-DX1,1,0.9996568,1
tumour/TCGA-QL-A97D-01Z-00-DX1_15872_24576.jpg,TCGA-QL-A97D,TCGA-QL-A97D-01Z-00-DX1,1,0.99494606,1
tumour/TCGA-QL-A97D-01Z-00-DX1_15872_25088.jpg,TCGA-QL-A97D,TCGA-QL-A97D-01Z-00-DX1,1,0.99987936,1
tumour/TCGA-QL-A97D-01Z-00-DX1_15872_26112.jpg,TCGA-QL-A97D,TCGA-QL-A97D-01Z-00-DX1,1,0.9911514,1
tumour/TCGA-QL-A97D-01Z-00-DX1_15872_29696.jpg,TCGA-QL-A97D,TCGA-QL-A97D-01Z-00-DX1,1,0.89340734,1
tumour/TCGA-QL-A97D-01Z-00-DX1_15872_31232.jpg,TCGA-QL-A97D,TCGA-QL-A97D-01Z-00-DX1,1,0.9901799,1
tumour/TCGA-QL-A97D-01Z-00-DX1_15872_34304.jpg,TCGA-QL-A97D,TCGA-QL-A97D-01Z-00-DX1,1,0.9995639,1
tumour/TCGA-QL-A97D-01Z-00-DX1_15872_35328.jpg,TCGA-QL-A97D,TCGA-QL-A97D-01Z-00-DX1,1,0.16075423,0
tumour/TCGA-QL-A97D-01Z-00-DX1_15872_3584.jpg,TCGA-QL-A97D,TCGA-QL-A97D-01Z-00-DX1,1,0.99699485,1
tumour/TCGA-QL-A97D-01Z-00-DX1_15872_35840.jpg,TCGA-QL-A97D,TCGA-QL-A97D-01Z-00-DX1,1,0.9998004,1
tumour/TCGA-QL-A97D-01Z-00-DX1_15872_36352.jpg,TCGA-QL-A97D,TCGA-QL-A97D-01Z-00-DX1,1,0.99993646,1
tumour/TCGA-QL-A97D-01Z-00-DX1_15872_36864.jpg,TCGA-QL-A97D,TCGA-QL-A97D-01Z-00-DX1,1,0.99959546,1
tumour/TCGA-QL-A97D-01Z-00-DX1_15872_37376.jpg,TCGA-QL-A97D,TCGA-QL-A97D-01Z-00-DX1,1,0.998288,1
tumour/TCGA-QL-A97D-01Z-00-DX1_15872_37888.jpg,TCGA-QL-A97D,TCGA-QL-A97D-01Z-00-DX1,1,0.9968966,1
tumour/TCGA-QL-A97D-01Z-00-DX1_15872_38400.jpg,TCGA-QL-A97D,TCGA-QL-A97D-01Z-00-DX1,1,0.99965405,1
tumour/TCGA-QL-A97D-01Z-00-DX1_15872_38912.jpg,TCGA-QL-A97D,TCGA-QL-A97D-01Z-00-DX1,1,0.9965569,1
tumour/TCGA-QL-A97D-01Z-00-DX1_15872_4096.jpg,TCGA-QL-A97D,TCGA-QL-A97D-01Z-00-DX1,1,0.99898344,1
tumour/TCGA-QL-A97D-01Z-00-DX1_15872_4608.jpg,TCGA-QL-A97D,TCGA-QL-A97D-01Z-00-DX1,1,0.95634633,1
tumour/TCGA-QL-A97D-01Z-00-DX1_15872_6656.jpg,TCGA-QL-A97D,TCGA-QL-A97D-01Z-00-DX1,1,0.99657744,1
tumour/TCGA-QL-A97D-01Z-00-DX1_15872_7680.jpg,TCGA-QL-A97D,TCGA-QL-A97D-01Z-00-DX1,1,0.94015867,1
tumour/TCGA-QL-A97D-01Z-00-DX1_15872_8192.jpg,TCGA-QL-A97D,TCGA-QL-A97D-01Z-00-DX1,1,0.9880337,1
tumour/TCGA-QL-A97D-01Z-00-DX1_15872_8704.jpg,TCGA-QL-A97D,TCGA-QL-A97D-01Z-00-DX1,1,0.99817336,1
tumour/TCGA-QL-A97D-01Z-00-DX1_16384_10240.jpg,TCGA-QL-A97D,TCGA-QL-A97D-01Z-00-DX1,1,0.9881164,1
tumour/TCGA-QL-A97D-01Z-00-DX1_16384_10752.jpg,TCGA-QL-A97D,TCGA-QL-A97D-01Z-00-DX1,1,0.99869484,1
tumour/TCGA-QL-A97D-01Z-00-DX1_16384_11264.jpg,TCGA-QL-A97D,TCGA-QL-A97D-01Z-00-DX1,1,0.9895857,1
tumour/TCGA-QL-A97D-01Z-00-DX1_16384_11776.jpg,TCGA-QL-A97D,TCGA-QL-A97D-01Z-00-DX1,1,0.99310863,1
tumour/TCGA-QL-A97D-01Z-00-DX1_16384_12288.jpg,TCGA-QL-A97D,TCGA-QL-A97D-01Z-00-DX1,1,0.9742732,1
tumour/TCGA-QL-A97D-01Z-00-DX1_16384_12800.jpg,TCGA-QL-A97D,TCGA-QL-A97D-01Z-00-DX1,1,0.9984515,1
tumour/TCGA-QL-A97D-01Z-00-DX1_16384_13312.jpg,TCGA-QL-A97D,TCGA-QL-A97D-01Z-00-DX1,1,0.9430371,1
tumour/TCGA-QL-A97D-01Z-00-DX1_16384_14848.jpg,TCGA-QL-A97D,TCGA-QL-A97D-01Z-00-DX1,1,0.9951934,1
tumour/TCGA-QL-A97D-01Z-00-DX1_16384_15360.jpg,TCGA-QL-A97D,TCGA-QL-A97D-01Z-00-DX1,1,0.99442226,1
tumour/TCGA-QL-A97D-01Z-00-DX1_16384_16896.jpg,TCGA-QL-A97D,TCGA-QL-A97D-01Z-00-DX1,1,0.999808,1
tumour/TCGA-QL-A97D-01Z-00-DX1_16384_17408.jpg,TCGA-QL-A97D,TCGA-QL-A97D-01Z-00-DX1,1,0.9999037,1
tumour/TCGA-QL-A97D-01Z-00-DX1_16384_22016.jpg,TCGA-QL-A97D,TCGA-QL-A97D-01Z-00-DX1,1,0.99627197,1
tumour/TCGA-QL-A97D-01Z-00-DX1_16384_22528.jpg,TCGA-QL-A97D,TCGA-QL-A97D-01Z-00-DX1,1,0.99916077,1
tumour/TCGA-QL-A97D-01Z-00-DX1_16384_24576.jpg,TCGA-QL-A97D,TCGA-QL-A97D-01Z-00-DX1,1,0.99997735,1
tumour/TCGA-QL-A97D-01Z-00-DX1_16384_25600.jpg,TCGA-QL-A97D,TCGA-QL-A97D-01Z-00-DX1,1,0.99782795,1
tumour/TCGA-QL-A97D-01Z-00-DX1_16384_29696.jpg,TCGA-QL-A97D,TCGA-QL-A97D-01Z-00-DX1,1,0.99867564,1
tumour/TCGA-QL-A97D-01Z-00-DX1_16384_31232.jpg,TCGA-QL-A97D,TCGA-QL-A97D-01Z-00-DX1,1,0.050101936,0
tumour/TCGA-QL-A97D-01Z-00-DX1_16384_34304.jpg,TCGA-QL-A97D,TCGA-QL-A97D-01Z-00-DX1,1,0.99952865,1
tumour/TCGA-QL-A97D-01Z-00-DX1_16384_34816.jpg,TCGA-QL-A97D,TCGA-QL-A97D-01Z-00-DX1,1,0.92828816,1
tumour/TCGA-QL-A97D-01Z-00-DX1_16384_3584.jpg,TCGA-QL-A97D,TCGA-QL-A97D-01Z-00-DX1,1,0.9999441,1
tumour/TCGA-QL-A97D-01Z-00-DX1_16384_35840.jpg,TCGA-QL-A97D,TCGA-QL-A97D-01Z-00-DX1,1,0.999613,1
tumour/TCGA-QL-A97D-01Z-00-DX1_16384_36864.jpg,TCGA-QL-A97D,TCGA-QL-A97D-01Z-00-DX1,1,0.9973127,1
tumour/TCGA-QL-A97D-01Z-00-DX1_16384_37376.jpg,TCGA-QL-A97D,TCGA-QL-A97D-01Z-00-DX1,1,0.9963027,1
tumour/TCGA-QL-A97D-01Z-00-DX1_16384_38400.jpg,TCGA-QL-A97D,TCGA-QL-A97D-01Z-00-DX1,1,0.99903846,1
tumour/TCGA-QL-A97D-01Z-00-DX1_16384_39424.jpg,TCGA-QL-A97D,TCGA-QL-A97D-01Z-00-DX1,1,0.99893683,1
tumour/TCGA-QL-A97D-01Z-00-DX1_16384_4096.jpg,TCGA-QL-A97D,TCGA-QL-A97D-01Z-00-DX1,1,0.999926,1
tumour/TCGA-QL-A97D-01Z-00-DX1_16384_6144.jpg,TCGA-QL-A97D,TCGA-QL-A97D-01Z-00-DX1,1,0.9996226,1
tumour/TCGA-QL-A97D-01Z-00-DX1_16384_6656.jpg,TCGA-QL-A97D,TCGA-QL-A97D-01Z-00-DX1,1,0.9933468,1
tumour/TCGA-QL-A97D-01Z-00-DX1_16384_7680.jpg,TCGA-QL-A97D,TCGA-QL-A97D-01Z-00-DX1,1,0.99993086,1
tumour/TCGA-QL-A97D-01Z-00-DX1_16384_8192.jpg,TCGA-QL-A97D,TCGA-QL-A97D-01Z-00-DX1,1,0.9941683,1
tumour/TCGA-QL-A97D-01Z-00-DX1_16384_9216.jpg,TCGA-QL-A97D,TCGA-QL-A97D-01Z-00-DX1,1,0.9959629,1
tumour/TCGA-QL-A97D-01Z-00-DX1_16896_10240.jpg,TCGA-QL-A97D,TCGA-QL-A97D-01Z-00-DX1,1,0.99923253,1
tumour/TCGA-QL-A97D-01Z-00-DX1_16896_11264.jpg,TCGA-QL-A97D,TCGA-QL-A97D-01Z-00-DX1,1,0.9984493,1
tumour/TCGA-QL-A97D-01Z-00-DX1_16896_11776.jpg,TCGA-QL-A97D,TCGA-QL-A97D-01Z-00-DX1,1,0.9986129,1
tumour/TCGA-QL-A97D-01Z-00-DX1_16896_15872.jpg,TCGA-QL-A97D,TCGA-QL-A97D-01Z-00-DX1,1,0.98198545,1
tumour/TCGA-QL-A97D-01Z-00-DX1_16896_20992.jpg,TCGA-QL-A97D,TCGA-QL-A97D-01Z-00-DX1,1,0.99446845,1
tumour/TCGA-QL-A97D-01Z-00-DX1_16896_21504.jpg,TCGA-QL-A97D,TCGA-QL-A97D-01Z-00-DX1,1,0.9972283,1
tumour/TCGA-QL-A97D-01Z-00-DX1_16896_22016.jpg,TCGA-QL-A97D,TCGA-QL-A97D-01Z-00-DX1,1,0.9990398,1
tumour/TCGA-QL-A97D-01Z-00-DX1_16896_23040.jpg,TCGA-QL-A97D,TCGA-QL-A97D-01Z-00-DX1,1,0.99895835,1
tumour/TCGA-QL-A97D-01Z-00-DX1_16896_24064.jpg,TCGA-QL-A97D,TCGA-QL-A97D-01Z-00-DX1,1,0.9977648,1
tumour/TCGA-QL-A97D-01Z-00-DX1_16896_24576.jpg,TCGA-QL-A97D,TCGA-QL-A97D-01Z-00-DX1,1,0.9972378,1
tumour/TCGA-QL-A97D-01Z-00-DX1_16896_25600.jpg,TCGA-QL-A97D,TCGA-QL-A97D-01Z-00-DX1,1,0.99955434,1
tumour/TCGA-QL-A97D-01Z-00-DX1_16896_26112.jpg,TCGA-QL-A97D,TCGA-QL-A97D-01Z-00-DX1,1,0.98898554,1
tumour/TCGA-QL-A97D-01Z-00-DX1_16896_30208.jpg,TCGA-QL-A97D,TCGA-QL-A97D-01Z-00-DX1,1,0.99832195,1
tumour/TCGA-QL-A97D-01Z-00-DX1_16896_31744.jpg,TCGA-QL-A97D,TCGA-QL-A97D-01Z-00-DX1,1,0.8836207,1
tumour/TCGA-QL-A97D-01Z-00-DX1_16896_32768.jpg,TCGA-QL-A97D,TCGA-QL-A97D-01Z-00-DX1,1,0.99866164,1
tumour/TCGA-QL-A97D-01Z-00-DX1_16896_34304.jpg,TCGA-QL-A97D,TCGA-QL-A97D-01Z-00-DX1,1,0.9997651,1
tumour/TCGA-QL-A97D-01Z-00-DX1_16896_34816.jpg,TCGA-QL-A97D,TCGA-QL-A97D-01Z-00-DX1,1,0.99520135,1
tumour/TCGA-QL-A97D-01Z-00-DX1_16896_35840.jpg,TCGA-QL-A97D,TCGA-QL-A97D-01Z-00-DX1,1,0.9993498,1
tumour/TCGA-QL-A97D-01Z-00-DX1_16896_36352.jpg,TCGA-QL-A97D,TCGA-QL-A97D-01Z-00-DX1,1,0.9990693,1
tumour/TCGA-QL-A97D-01Z-00-DX1_16896_37376.jpg,TCGA-QL-A97D,TCGA-QL-A97D-01Z-00-DX1,1,0.99861026,1
tumour/TCGA-QL-A97D-01Z-00-DX1_16896_37888.jpg,TCGA-QL-A97D,TCGA-QL-A97D-01Z-00-DX1,1,0.999613,1
tumour/TCGA-QL-A97D-01Z-00-DX1_16896_38400.jpg,TCGA-QL-A97D,TCGA-QL-A97D-01Z-00-DX1,1,0.99992955,1
tumour/TCGA-QL-A97D-01Z-00-DX1_16896_38912.jpg,TCGA-QL-A97D,TCGA-QL-A97D-01Z-00-DX1,1,0.99849284,1
tumour/TCGA-QL-A97D-01Z-00-DX1_16896_4096.jpg,TCGA-QL-A97D,TCGA-QL-A97D-01Z-00-DX1,1,0.9994992,1
tumour/TCGA-QL-A97D-01Z-00-DX1_16896_7168.jpg,TCGA-QL-A97D,TCGA-QL-A97D-01Z-00-DX1,1,0.99758875,1
tumour/TCGA-QL-A97D-01Z-00-DX1_16896_7680.jpg,TCGA-QL-A97D,TCGA-QL-A97D-01Z-00-DX1,1,0.99901295,1
tumour/TCGA-QL-A97D-01Z-00-DX1_16896_9728.jpg,TCGA-QL-A97D,TCGA-QL-A97D-01Z-00-DX1,1,0.99556375,1
tumour/TCGA-QL-A97D-01Z-00-DX1_17408_10240.jpg,TCGA-QL-A97D,TCGA-QL-A97D-01Z-00-DX1,1,0.9867474,1
tumour/TCGA-QL-A97D-01Z-00-DX1_17408_11264.jpg,TCGA-QL-A97D,TCGA-QL-A97D-01Z-00-DX1,1,0.9998135,1
tumour/TCGA-QL-A97D-01Z-00-DX1_17408_12288.jpg,TCGA-QL-A97D,TCGA-QL-A97D-01Z-00-DX1,1,0.99728024,1
tumour/TCGA-QL-A97D-01Z-00-DX1_17408_12800.jpg,TCGA-QL-A97D,TCGA-QL-A97D-01Z-00-DX1,1,0.99820316,1
tumour/TCGA-QL-A97D-01Z-00-DX1_17408_13312.jpg,TCGA-QL-A97D,TCGA-QL-A97D-01Z-00-DX1,1,0.99409723,1
tumour/TCGA-QL-A97D-01Z-00-DX1_17408_13824.jpg,TCGA-QL-A97D,TCGA-QL-A97D-01Z-00-DX1,1,0.9979954,1
tumour/TCGA-QL-A97D-01Z-00-DX1_17408_14848.jpg,TCGA-QL-A97D,TCGA-QL-A97D-01Z-00-DX1,1,0.9654556,1
tumour/TCGA-QL-A97D-01Z-00-DX1_17408_15360.jpg,TCGA-QL-A97D,TCGA-QL-A97D-01Z-00-DX1,1,0.99894863,1
tumour/TCGA-QL-A97D-01Z-00-DX1_17408_20480.jpg,TCGA-QL-A97D,TCGA-QL-A97D-01Z-00-DX1,1,0.9783971,1
tumour/TCGA-QL-A97D-01Z-00-DX1_17408_20992.jpg,TCGA-QL-A97D,TCGA-QL-A97D-01Z-00-DX1,1,0.9986098,1
tumour/TCGA-QL-A97D-01Z-00-DX1_17408_21504.jpg,TCGA-QL-A97D,TCGA-QL-A97D-01Z-00-DX1,1,0.999843,1
tumour/TCGA-QL-A97D-01Z-00-DX1_17408_22528.jpg,TCGA-QL-A97D,TCGA-QL-A97D-01Z-00-DX1,1,0.9959973,1
tumour/TCGA-QL-A97D-01Z-00-DX1_17408_24576.jpg,TCGA-QL-A97D,TCGA-QL-A97D-01Z-00-DX1,1,0.9998846,1
tumour/TCGA-QL-A97D-01Z-00-DX1_17408_25600.jpg,TCGA-QL-A97D,TCGA-QL-A97D-01Z-00-DX1,1,0.9999354,1
tumour/TCGA-QL-A97D-01Z-00-DX1_17408_26624.jpg,TCGA-QL-A97D,TCGA-QL-A97D-01Z-00-DX1,1,0.9997125,1
tumour/TCGA-QL-A97D-01Z-00-DX1_17408_27136.jpg,TCGA-QL-A97D,TCGA-QL-A97D-01Z-00-DX1,1,0.95875657,1
tumour/TCGA-QL-A97D-01Z-00-DX1_17408_30208.jpg,TCGA-QL-A97D,TCGA-QL-A97D-01Z-00-DX1,1,0.9988674,1
tumour/TCGA-QL-A97D-01Z-00-DX1_17408_3072.jpg,TCGA-QL-A97D,TCGA-QL-A97D-01Z-00-DX1,1,0.9895196,1
tumour/TCGA-QL-A97D-01Z-00-DX1_17408_31744.jpg,TCGA-QL-A97D,TCGA-QL-A97D-01Z-00-DX1,1,0.99402905,1
tumour/TCGA-QL-A97D-01Z-00-DX1_17408_33280.jpg,TCGA-QL-A97D,TCGA-QL-A97D-01Z-00-DX1,1,0.9973346,1
tumour/TCGA-QL-A97D-01Z-00-DX1_17408_33792.jpg,TCGA-QL-A97D,TCGA-QL-A97D-01Z-00-DX1,1,0.9981818,1
tumour/TCGA-QL-A97D-01Z-00-DX1_17408_34816.jpg,TCGA-QL-A97D,TCGA-QL-A97D-01Z-00-DX1,1,0.99927276,1
tumour/TCGA-QL-A97D-01Z-00-DX1_17408_3584.jpg,TCGA-QL-A97D,TCGA-QL-A97D-01Z-00-DX1,1,0.99920195,1
tumour/TCGA-QL-A97D-01Z-00-DX1_17408_36352.jpg,TCGA-QL-A97D,TCGA-QL-A97D-01Z-00-DX1,1,0.99943167,1
tumour/TCGA-QL-A97D-01Z-00-DX1_17408_38400.jpg,TCGA-QL-A97D,TCGA-QL-A97D-01Z-00-DX1,1,0.9997789,1
tumour/TCGA-QL-A97D-01Z-00-DX1_17408_38912.jpg,TCGA-QL-A97D,TCGA-QL-A97D-01Z-00-DX1,1,0.9998271,1
tumour/TCGA-QL-A97D-01Z-00-DX1_17408_4608.jpg,TCGA-QL-A97D,TCGA-QL-A97D-01Z-00-DX1,1,0.9394487,1
tumour/TCGA-QL-A97D-01Z-00-DX1_17408_5632.jpg,TCGA-QL-A97D,TCGA-QL-A97D-01Z-00-DX1,1,0.99667716,1
tumour/TCGA-QL-A97D-01Z-00-DX1_17408_6656.jpg,TCGA-QL-A97D,TCGA-QL-A97D-01Z-00-DX1,1,0.98856527,1
tumour/TCGA-QL-A97D-01Z-00-DX1_17408_8192.jpg,TCGA-QL-A97D,TCGA-QL-A97D-01Z-00-DX1,1,0.9200386,1
tumour/TCGA-QL-A97D-01Z-00-DX1_17408_8704.jpg,TCGA-QL-A97D,TCGA-QL-A97D-01Z-00-DX1,1,0.9925753,1
tumour/TCGA-QL-A97D-01Z-00-DX1_17408_9728.jpg,TCGA-QL-A97D,TCGA-QL-A97D-01Z-00-DX1,1,0.99914706,1
tumour/TCGA-QL-A97D-01Z-00-DX1_17920_12288.jpg,TCGA-QL-A97D,TCGA-QL-A97D-01Z-00-DX1,1,0.99834037,1
tumour/TCGA-QL-A97D-01Z-00-DX1_17920_12800.jpg,TCGA-QL-A97D,TCGA-QL-A97D-01Z-00-DX1,1,0.99747795,1
tumour/TCGA-QL-A97D-01Z-00-DX1_17920_13824.jpg,TCGA-QL-A97D,TCGA-QL-A97D-01Z-00-DX1,1,0.9931937,1
tumour/TCGA-QL-A97D-01Z-00-DX1_17920_15360.jpg,TCGA-QL-A97D,TCGA-QL-A97D-01Z-00-DX1,1,0.99942577,1
tumour/TCGA-QL-A97D-01Z-00-DX1_17920_20480.jpg,TCGA-QL-A97D,TCGA-QL-A97D-01Z-00-DX1,1,0.9999926,1
tumour/TCGA-QL-A97D-01Z-00-DX1_17920_20992.jpg,TCGA-QL-A97D,TCGA-QL-A97D-01Z-00-DX1,1,0.9999807,1
tumour/TCGA-QL-A97D-01Z-00-DX1_17920_25600.jpg,TCGA-QL-A97D,TCGA-QL-A97D-01Z-00-DX1,1,0.99994504,1
tumour/TCGA-QL-A97D-01Z-00-DX1_17920_26112.jpg,TCGA-QL-A97D,TCGA-QL-A97D-01Z-00-DX1,1,0.9997248,1
tumour/TCGA-QL-A97D-01Z-00-DX1_17920_30208.jpg,TCGA-QL-A97D,TCGA-QL-A97D-01Z-00-DX1,1,0.99487126,1
tumour/TCGA-QL-A97D-01Z-00-DX1_17920_30720.jpg,TCGA-QL-A97D,TCGA-QL-A97D-01Z-00-DX1,1,0.9934778,1
tumour/TCGA-QL-A97D-01Z-00-DX1_17920_31744.jpg,TCGA-QL-A97D,TCGA-QL-A97D-01Z-00-DX1,1,0.99930286,1
tumour/TCGA-QL-A97D-01Z-00-DX1_17920_32256.jpg,TCGA-QL-A97D,TCGA-QL-A97D-01Z-00-DX1,1,0.99223095,1
tumour/TCGA-QL-A97D-01Z-00-DX1_17920_34816.jpg,TCGA-QL-A97D,TCGA-QL-A97D-01Z-00-DX1,1,0.9990539,1
tumour/TCGA-QL-A97D-01Z-00-DX1_17920_3584.jpg,TCGA-QL-A97D,TCGA-QL-A97D-01Z-00-DX1,1,0.9992223,1
tumour/TCGA-QL-A97D-01Z-00-DX1_17920_36352.jpg,TCGA-QL-A97D,TCGA-QL-A97D-01Z-00-DX1,1,0.99983466,1
tumour/TCGA-QL-A97D-01Z-00-DX1_17920_37376.jpg,TCGA-QL-A97D,TCGA-QL-A97D-01Z-00-DX1,1,0.9992943,1
tumour/TCGA-QL-A97D-01Z-00-DX1_17920_38912.jpg,TCGA-QL-A97D,TCGA-QL-A97D-01Z-00-DX1,1,0.9997594,1
tumour/TCGA-QL-A97D-01Z-00-DX1_17920_39936.jpg,TCGA-QL-A97D,TCGA-QL-A97D-01Z-00-DX1,1,0.99991965,1
tumour/TCGA-QL-A97D-01Z-00-DX1_17920_40448.jpg,TCGA-QL-A97D,TCGA-QL-A97D-01Z-00-DX1,1,0.9999391,1
tumour/TCGA-QL-A97D-01Z-00-DX1_17920_4608.jpg,TCGA-QL-A97D,TCGA-QL-A97D-01Z-00-DX1,1,0.92373365,1
tumour/TCGA-QL-A97D-01Z-00-DX1_17920_7680.jpg,TCGA-QL-A97D,TCGA-QL-A97D-01Z-00-DX1,1,0.9998572,1
tumour/TCGA-QL-A97D-01Z-00-DX1_17920_8192.jpg,TCGA-QL-A97D,TCGA-QL-A97D-01Z-00-DX1,1,0.99785835,1
tumour/TCGA-QL-A97D-01Z-00-DX1_17920_9216.jpg,TCGA-QL-A97D,TCGA-QL-A97D-01Z-00-DX1,1,0.94767237,1
tumour/TCGA-QL-A97D-01Z-00-DX1_18432_10752.jpg,TCGA-QL-A97D,TCGA-QL-A97D-01Z-00-DX1,1,0.99789774,1
tumour/TCGA-QL-A97D-01Z-00-DX1_18432_12800.jpg,TCGA-QL-A97D,TCGA-QL-A97D-01Z-00-DX1,1,0.97689235,1
tumour/TCGA-QL-A97D-01Z-00-DX1_18432_13312.jpg,TCGA-QL-A97D,TCGA-QL-A97D-01Z-00-DX1,1,0.9715396,1
tumour/TCGA-QL-A97D-01Z-00-DX1_18432_14336.jpg,TCGA-QL-A97D,TCGA-QL-A97D-01Z-00-DX1,1,0.99830866,1
tumour/TCGA-QL-A97D-01Z-00-DX1_18432_15360.jpg,TCGA-QL-A97D,TCGA-QL-A97D-01Z-00-DX1,1,0.99886996,1
tumour/TCGA-QL-A97D-01Z-00-DX1_18432_17408.jpg,TCGA-QL-A97D,TCGA-QL-A97D-01Z-00-DX1,1,0.99251723,1
tumour/TCGA-QL-A97D-01Z-00-DX1_18432_21504.jpg,TCGA-QL-A97D,TCGA-QL-A97D-01Z-00-DX1,1,0.9958269,1
tumour/TCGA-QL-A97D-01Z-00-DX1_18432_24064.jpg,TCGA-QL-A97D,TCGA-QL-A97D-01Z-00-DX1,1,0.9992379,1
tumour/TCGA-QL-A97D-01Z-00-DX1_18432_24576.jpg,TCGA-QL-A97D,TCGA-QL-A97D-01Z-00-DX1,1,0.99951696,1
tumour/TCGA-QL-A97D-01Z-00-DX1_18432_27136.jpg,TCGA-QL-A97D,TCGA-QL-A97D-01Z-00-DX1,1,0.9962366,1
tumour/TCGA-QL-A97D-01Z-00-DX1_18432_29696.jpg,TCGA-QL-A97D,TCGA-QL-A97D-01Z-00-DX1,1,0.99895006,1
tumour/TCGA-QL-A97D-01Z-00-DX1_18432_34816.jpg,TCGA-QL-A97D,TCGA-QL-A97D-01Z-00-DX1,1,0.9999362,1
tumour/TCGA-QL-A97D-01Z-00-DX1_18432_35328.jpg,TCGA-QL-A97D,TCGA-QL-A97D-01Z-00-DX1,1,0.9886147,1
tumour/TCGA-QL-A97D-01Z-00-DX1_18432_36352.jpg,TCGA-QL-A97D,TCGA-QL-A97D-01Z-00-DX1,1,0.8816372,1
tumour/TCGA-QL-A97D-01Z-00-DX1_18432_36864.jpg,TCGA-QL-A97D,TCGA-QL-A97D-01Z-00-DX1,1,0.99895453,1
tumour/TCGA-QL-A97D-01Z-00-DX1_18432_38912.jpg,TCGA-QL-A97D,TCGA-QL-A97D-01Z-00-DX1,1,0.99465007,1
tumour/TCGA-QL-A97D-01Z-00-DX1_18432_39424.jpg,TCGA-QL-A97D,TCGA-QL-A97D-01Z-00-DX1,1,0.9945582,1
tumour/TCGA-QL-A97D-01Z-00-DX1_18432_39936.jpg,TCGA-QL-A97D,TCGA-QL-A97D-01Z-00-DX1,1,0.99902964,1
tumour/TCGA-QL-A97D-01Z-00-DX1_18432_40448.jpg,TCGA-QL-A97D,TCGA-QL-A97D-01Z-00-DX1,1,0.9997776,1
tumour/TCGA-QL-A97D-01Z-00-DX1_18432_4096.jpg,TCGA-QL-A97D,TCGA-QL-A97D-01Z-00-DX1,1,0.9928712,1
tumour/TCGA-QL-A97D-01Z-00-DX1_18432_40960.jpg,TCGA-QL-A97D,TCGA-QL-A97D-01Z-00-DX1,1,0.99839896,1
tumour/TCGA-QL-A97D-01Z-00-DX1_18432_5632.jpg,TCGA-QL-A97D,TCGA-QL-A97D-01Z-00-DX1,1,0.9984137,1
tumour/TCGA-QL-A97D-01Z-00-DX1_18432_6144.jpg,TCGA-QL-A97D,TCGA-QL-A97D-01Z-00-DX1,1,0.987094,1
tumour/TCGA-QL-A97D-01Z-00-DX1_18432_6656.jpg,TCGA-QL-A97D,TCGA-QL-A97D-01Z-00-DX1,1,0.9978981,1
tumour/TCGA-QL-A97D-01Z-00-DX1_18432_7168.jpg,TCGA-QL-A97D,TCGA-QL-A97D-01Z-00-DX1,1,0.99931264,1
tumour/TCGA-QL-A97D-01Z-00-DX1_18432_7680.jpg,TCGA-QL-A97D,TCGA-QL-A97D-01Z-00-DX1,1,0.99992824,1
tumour/TCGA-QL-A97D-01Z-00-DX1_18432_8192.jpg,TCGA-QL-A97D,TCGA-QL-A97D-01Z-00-DX1,1,0.97739846,1
tumour/TCGA-QL-A97D-01Z-00-DX1_18432_9216.jpg,TCGA-QL-A97D,TCGA-QL-A97D-01Z-00-DX1,1,0.9810761,1
tumour/TCGA-QL-A97D-01Z-00-DX1_18944_10240.jpg,TCGA-QL-A97D,TCGA-QL-A97D-01Z-00-DX1,1,0.99847394,1
tumour/TCGA-QL-A97D-01Z-00-DX1_18944_10752.jpg,TCGA-QL-A97D,TCGA-QL-A97D-01Z-00-DX1,1,0.9911362,1
tumour/TCGA-QL-A97D-01Z-00-DX1_18944_11264.jpg,TCGA-QL-A97D,TCGA-QL-A97D-01Z-00-DX1,1,0.9913617,1
tumour/TCGA-QL-A97D-01Z-00-DX1_18944_11776.jpg,TCGA-QL-A97D,TCGA-QL-A97D-01Z-00-DX1,1,0.99936956,1
tumour/TCGA-QL-A97D-01Z-00-DX1_18944_13312.jpg,TCGA-QL-A97D,TCGA-QL-A97D-01Z-00-DX1,1,0.997682,1
tumour/TCGA-QL-A97D-01Z-00-DX1_18944_13824.jpg,TCGA-QL-A97D,TCGA-QL-A97D-01Z-00-DX1,1,0.9771593,1
tumour/TCGA-QL-A97D-01Z-00-DX1_18944_14336.jpg,TCGA-QL-A97D,TCGA-QL-A97D-01Z-00-DX1,1,0.99589586,1
tumour/TCGA-QL-A97D-01Z-00-DX1_18944_14848.jpg,TCGA-QL-A97D,TCGA-QL-A97D-01Z-00-DX1,1,0.99932194,1
tumour/TCGA-QL-A97D-01Z-00-DX1_18944_15360.jpg,TCGA-QL-A97D,TCGA-QL-A97D-01Z-00-DX1,1,0.9815229,1
tumour/TCGA-QL-A97D-01Z-00-DX1_18944_17408.jpg,TCGA-QL-A97D,TCGA-QL-A97D-01Z-00-DX1,1,0.9972619,1
tumour/TCGA-QL-A97D-01Z-00-DX1_18944_18944.jpg,TCGA-QL-A97D,TCGA-QL-A97D-01Z-00-DX1,1,0.99058855,1
tumour/TCGA-QL-A97D-01Z-00-DX1_18944_25600.jpg,TCGA-QL-A97D,TCGA-QL-A97D-01Z-00-DX1,1,0.9999813,1
tumour/TCGA-QL-A97D-01Z-00-DX1_18944_26112.jpg,TCGA-QL-A97D,TCGA-QL-A97D-01Z-00-DX1,1,0.9683446,1
tumour/TCGA-QL-A97D-01Z-00-DX1_18944_26624.jpg,TCGA-QL-A97D,TCGA-QL-A97D-01Z-00-DX1,1,0.99969065,1
tumour/TCGA-QL-A97D-01Z-00-DX1_18944_29696.jpg,TCGA-QL-A97D,TCGA-QL-A97D-01Z-00-DX1,1,0.9923248,1
tumour/TCGA-QL-A97D-01Z-00-DX1_18944_30208.jpg,TCGA-QL-A97D,TCGA-QL-A97D-01Z-00-DX1,1,0.9986021,1
tumour/TCGA-QL-A97D-01Z-00-DX1_18944_30720.jpg,TCGA-QL-A97D,TCGA-QL-A97D-01Z-00-DX1,1,0.9961224,1
tumour/TCGA-QL-A97D-01Z-00-DX1_18944_31744.jpg,TCGA-QL-A97D,TCGA-QL-A97D-01Z-00-DX1,1,0.99998033,1
tumour/TCGA-QL-A97D-01Z-00-DX1_18944_33280.jpg,TCGA-QL-A97D,TCGA-QL-A97D-01Z-00-DX1,1,0.99899286,1
tumour/TCGA-QL-A97D-01Z-00-DX1_18944_35328.jpg,TCGA-QL-A97D,TCGA-QL-A97D-01Z-00-DX1,1,0.9995665,1
tumour/TCGA-QL-A97D-01Z-00-DX1_18944_37376.jpg,TCGA-QL-A97D,TCGA-QL-A97D-01Z-00-DX1,1,0.999511,1
tumour/TCGA-QL-A97D-01Z-00-DX1_18944_37888.jpg,TCGA-QL-A97D,TCGA-QL-A97D-01Z-00-DX1,1,0.9998055,1
tumour/TCGA-QL-A97D-01Z-00-DX1_18944_38400.jpg,TCGA-QL-A97D,TCGA-QL-A97D-01Z-00-DX1,1,0.9999832,1
tumour/TCGA-QL-A97D-01Z-00-DX1_18944_38912.jpg,TCGA-QL-A97D,TCGA-QL-A97D-01Z-00-DX1,1,0.9999815,1
tumour/TCGA-QL-A97D-01Z-00-DX1_18944_40448.jpg,TCGA-QL-A97D,TCGA-QL-A97D-01Z-00-DX1,1,0.99970263,1
tumour/TCGA-QL-A97D-01Z-00-DX1_18944_40960.jpg,TCGA-QL-A97D,TCGA-QL-A97D-01Z-00-DX1,1,0.9998023,1
tumour/TCGA-QL-A97D-01Z-00-DX1_18944_5632.jpg,TCGA-QL-A97D,TCGA-QL-A97D-01Z-00-DX1,1,0.999726,1
tumour/TCGA-QL-A97D-01Z-00-DX1_18944_6656.jpg,TCGA-QL-A97D,TCGA-QL-A97D-01Z-00-DX1,1,0.9954619,1
tumour/TCGA-QL-A97D-01Z-00-DX1_18944_8192.jpg,TCGA-QL-A97D,TCGA-QL-A97D-01Z-00-DX1,1,0.99945956,1
tumour/TCGA-QL-A97D-01Z-00-DX1_18944_8704.jpg,TCGA-QL-A97D,TCGA-QL-A97D-01Z-00-DX1,1,0.99945396,1
tumour/TCGA-QL-A97D-01Z-00-DX1_19456_11264.jpg,TCGA-QL-A97D,TCGA-QL-A97D-01Z-00-DX1,1,0.99036247,1
tumour/TCGA-QL-A97D-01Z-00-DX1_19456_12288.jpg,TCGA-QL-A97D,TCGA-QL-A97D-01Z-00-DX1,1,0.9945491,1
tumour/TCGA-QL-A97D-01Z-00-DX1_19456_12800.jpg,TCGA-QL-A97D,TCGA-QL-A97D-01Z-00-DX1,1,0.98753554,1
tumour/TCGA-QL-A97D-01Z-00-DX1_19456_13312.jpg,TCGA-QL-A97D,TCGA-QL-A97D-01Z-00-DX1,1,0.9984163,1
tumour/TCGA-QL-A97D-01Z-00-DX1_19456_13824.jpg,TCGA-QL-A97D,TCGA-QL-A97D-01Z-00-DX1,1,0.99941945,1
tumour/TCGA-QL-A97D-01Z-00-DX1_19456_14848.jpg,TCGA-QL-A97D,TCGA-QL-A97D-01Z-00-DX1,1,0.9982358,1
tumour/TCGA-QL-A97D-01Z-00-DX1_19456_15360.jpg,TCGA-QL-A97D,TCGA-QL-A97D-01Z-00-DX1,1,0.6784691,1
tumour/TCGA-QL-A97D-01Z-00-DX1_19456_15872.jpg,TCGA-QL-A97D,TCGA-QL-A97D-01Z-00-DX1,1,0.99910766,1
tumour/TCGA-QL-A97D-01Z-00-DX1_19456_16384.jpg,TCGA-QL-A97D,TCGA-QL-A97D-01Z-00-DX1,1,0.9964587,1
tumour/TCGA-QL-A97D-01Z-00-DX1_19456_17920.jpg,TCGA-QL-A97D,TCGA-QL-A97D-01Z-00-DX1,1,0.9945093,1
tumour/TCGA-QL-A97D-01Z-00-DX1_19456_20992.jpg,TCGA-QL-A97D,TCGA-QL-A97D-01Z-00-DX1,1,0.9980081,1
tumour/TCGA-QL-A97D-01Z-00-DX1_19456_22016.jpg,TCGA-QL-A97D,TCGA-QL-A97D-01Z-00-DX1,1,0.9973297,1
tumour/TCGA-QL-A97D-01Z-00-DX1_19456_26112.jpg,TCGA-QL-A97D,TCGA-QL-A97D-01Z-00-DX1,1,0.90356666,1
tumour/TCGA-QL-A97D-01Z-00-DX1_19456_26624.jpg,TCGA-QL-A97D,TCGA-QL-A97D-01Z-00-DX1,1,0.99995124,1
tumour/TCGA-QL-A97D-01Z-00-DX1_19456_31744.jpg,TCGA-QL-A97D,TCGA-QL-A97D-01Z-00-DX1,1,0.99933296,1
tumour/TCGA-QL-A97D-01Z-00-DX1_19456_32256.jpg,TCGA-QL-A97D,TCGA-QL-A97D-01Z-00-DX1,1,0.99878174,1
tumour/TCGA-QL-A97D-01Z-00-DX1_19456_32768.jpg,TCGA-QL-A97D,TCGA-QL-A97D-01Z-00-DX1,1,0.999326,1
tumour/TCGA-QL-A97D-01Z-00-DX1_19456_33280.jpg,TCGA-QL-A97D,TCGA-QL-A97D-01Z-00-DX1,1,0.99970883,1
tumour/TCGA-QL-A97D-01Z-00-DX1_19456_36864.jpg,TCGA-QL-A97D,TCGA-QL-A97D-01Z-00-DX1,1,0.9915718,1
tumour/TCGA-QL-A97D-01Z-00-DX1_19456_37376.jpg,TCGA-QL-A97D,TCGA-QL-A97D-01Z-00-DX1,1,0.9997516,1
tumour/TCGA-QL-A97D-01Z-00-DX1_19456_38400.jpg,TCGA-QL-A97D,TCGA-QL-A97D-01Z-00-DX1,1,0.99995697,1
tumour/TCGA-QL-A97D-01Z-00-DX1_19456_38912.jpg,TCGA-QL-A97D,TCGA-QL-A97D-01Z-00-DX1,1,0.99758136,1
tumour/TCGA-QL-A97D-01Z-00-DX1_19456_39424.jpg,TCGA-QL-A97D,TCGA-QL-A97D-01Z-00-DX1,1,0.9987251,1
tumour/TCGA-QL-A97D-01Z-00-DX1_19456_39936.jpg,TCGA-QL-A97D,TCGA-QL-A97D-01Z-00-DX1,1,0.9994018,1
tumour/TCGA-QL-A97D-01Z-00-DX1_19456_40448.jpg,TCGA-QL-A97D,TCGA-QL-A97D-01Z-00-DX1,1,0.9997675,1
tumour/TCGA-QL-A97D-01Z-00-DX1_19456_6656.jpg,TCGA-QL-A97D,TCGA-QL-A97D-01Z-00-DX1,1,0.9828388,1
tumour/TCGA-QL-A97D-01Z-00-DX1_19456_7168.jpg,TCGA-QL-A97D,TCGA-QL-A97D-01Z-00-DX1,1,0.9812789,1
tumour/TCGA-QL-A97D-01Z-00-DX1_19456_8704.jpg,TCGA-QL-A97D,TCGA-QL-A97D-01Z-00-DX1,1,0.9904327,1
tumour/TCGA-QL-A97D-01Z-00-DX1_19456_9216.jpg,TCGA-QL-A97D,TCGA-QL-A97D-01Z-00-DX1,1,0.99971086,1
tumour/TCGA-QL-A97D-01Z-00-DX1_19968_10752.jpg,TCGA-QL-A97D,TCGA-QL-A97D-01Z-00-DX1,1,0.99973315,1
tumour/TCGA-QL-A97D-01Z-00-DX1_19968_11264.jpg,TCGA-QL-A97D,TCGA-QL-A97D-01Z-00-DX1,1,0.988529,1
tumour/TCGA-QL-A97D-01Z-00-DX1_19968_14336.jpg,TCGA-QL-A97D,TCGA-QL-A97D-01Z-00-DX1,1,0.99910694,1
tumour/TCGA-QL-A97D-01Z-00-DX1_19968_15872.jpg,TCGA-QL-A97D,TCGA-QL-A97D-01Z-00-DX1,1,0.99871075,1
tumour/TCGA-QL-A97D-01Z-00-DX1_19968_16384.jpg,TCGA-QL-A97D,TCGA-QL-A97D-01Z-00-DX1,1,0.99941814,1
tumour/TCGA-QL-A97D-01Z-00-DX1_19968_20992.jpg,TCGA-QL-A97D,TCGA-QL-A97D-01Z-00-DX1,1,0.9980355,1
tumour/TCGA-QL-A97D-01Z-00-DX1_19968_21504.jpg,TCGA-QL-A97D,TCGA-QL-A97D-01Z-00-DX1,1,0.9946115,1
tumour/TCGA-QL-A97D-01Z-00-DX1_19968_22016.jpg,TCGA-QL-A97D,TCGA-QL-A97D-01Z-00-DX1,1,0.98807275,1
tumour/TCGA-QL-A97D-01Z-00-DX1_19968_23552.jpg,TCGA-QL-A97D,TCGA-QL-A97D-01Z-00-DX1,1,0.9961265,1
tumour/TCGA-QL-A97D-01Z-00-DX1_19968_25088.jpg,TCGA-QL-A97D,TCGA-QL-A97D-01Z-00-DX1,1,0.98851144,1
tumour/TCGA-QL-A97D-01Z-00-DX1_19968_25600.jpg,TCGA-QL-A97D,TCGA-QL-A97D-01Z-00-DX1,1,0.99113584,1
tumour/TCGA-QL-A97D-01Z-00-DX1_19968_26112.jpg,TCGA-QL-A97D,TCGA-QL-A97D-01Z-00-DX1,1,0.99707234,1
tumour/TCGA-QL-A97D-01Z-00-DX1_19968_26624.jpg,TCGA-QL-A97D,TCGA-QL-A97D-01Z-00-DX1,1,0.9999753,1
tumour/TCGA-QL-A97D-01Z-00-DX1_19968_30208.jpg,TCGA-QL-A97D,TCGA-QL-A97D-01Z-00-DX1,1,0.99670523,1
tumour/TCGA-QL-A97D-01Z-00-DX1_19968_30720.jpg,TCGA-QL-A97D,TCGA-QL-A97D-01Z-00-DX1,1,0.98842156,1
tumour/TCGA-QL-A97D-01Z-00-DX1_19968_32256.jpg,TCGA-QL-A97D,TCGA-QL-A97D-01Z-00-DX1,1,0.9985707,1
tumour/TCGA-QL-A97D-01Z-00-DX1_19968_33280.jpg,TCGA-QL-A97D,TCGA-QL-A97D-01Z-00-DX1,1,0.99886453,1
tumour/TCGA-QL-A97D-01Z-00-DX1_19968_34304.jpg,TCGA-QL-A97D,TCGA-QL-A97D-01Z-00-DX1,1,0.99986994,1
tumour/TCGA-QL-A97D-01Z-00-DX1_19968_37376.jpg,TCGA-QL-A97D,TCGA-QL-A97D-01Z-00-DX1,1,0.99534744,1
tumour/TCGA-QL-A97D-01Z-00-DX1_19968_38400.jpg,TCGA-QL-A97D,TCGA-QL-A97D-01Z-00-DX1,1,0.99976724,1
tumour/TCGA-QL-A97D-01Z-00-DX1_19968_38912.jpg,TCGA-QL-A97D,TCGA-QL-A97D-01Z-00-DX1,1,0.99977547,1
tumour/TCGA-QL-A97D-01Z-00-DX1_19968_39424.jpg,TCGA-QL-A97D,TCGA-QL-A97D-01Z-00-DX1,1,0.9998696,1
tumour/TCGA-QL-A97D-01Z-00-DX1_19968_7168.jpg,TCGA-QL-A97D,TCGA-QL-A97D-01Z-00-DX1,1,0.9998367,1
tumour/TCGA-QL-A97D-01Z-00-DX1_19968_8192.jpg,TCGA-QL-A97D,TCGA-QL-A97D-01Z-00-DX1,1,0.9978248,1
tumour/TCGA-QL-A97D-01Z-00-DX1_20480_10752.jpg,TCGA-QL-A97D,TCGA-QL-A97D-01Z-00-DX1,1,0.9946308,1
tumour/TCGA-QL-A97D-01Z-00-DX1_20480_11776.jpg,TCGA-QL-A97D,TCGA-QL-A97D-01Z-00-DX1,1,0.99887675,1
tumour/TCGA-QL-A97D-01Z-00-DX1_20480_12288.jpg,TCGA-QL-A97D,TCGA-QL-A97D-01Z-00-DX1,1,0.9991135,1
tumour/TCGA-QL-A97D-01Z-00-DX1_20480_12800.jpg,TCGA-QL-A97D,TCGA-QL-A97D-01Z-00-DX1,1,0.99248976,1
tumour/TCGA-QL-A97D-01Z-00-DX1_20480_13312.jpg,TCGA-QL-A97D,TCGA-QL-A97D-01Z-00-DX1,1,0.9988387,1
tumour/TCGA-QL-A97D-01Z-00-DX1_20480_13824.jpg,TCGA-QL-A97D,TCGA-QL-A97D-01Z-00-DX1,1,0.986973,1
tumour/TCGA-QL-A97D-01Z-00-DX1_20480_16384.jpg,TCGA-QL-A97D,TCGA-QL-A97D-01Z-00-DX1,1,0.99694985,1
tumour/TCGA-QL-A97D-01Z-00-DX1_20480_18944.jpg,TCGA-QL-A97D,TCGA-QL-A97D-01Z-00-DX1,1,0.99482465,1
tumour/TCGA-QL-A97D-01Z-00-DX1_20480_23040.jpg,TCGA-QL-A97D,TCGA-QL-A97D-01Z-00-DX1,1,0.99123913,1
tumour/TCGA-QL-A97D-01Z-00-DX1_20480_23552.jpg,TCGA-QL-A97D,TCGA-QL-A97D-01Z-00-DX1,1,0.9996195,1
tumour/TCGA-QL-A97D-01Z-00-DX1_20480_24064.jpg,TCGA-QL-A97D,TCGA-QL-A97D-01Z-00-DX1,1,0.98001057,1
tumour/TCGA-QL-A97D-01Z-00-DX1_20480_24576.jpg,TCGA-QL-A97D,TCGA-QL-A97D-01Z-00-DX1,1,0.9983747,1
tumour/TCGA-QL-A97D-01Z-00-DX1_20480_25088.jpg,TCGA-QL-A97D,TCGA-QL-A97D-01Z-00-DX1,1,0.99895966,1
tumour/TCGA-QL-A97D-01Z-00-DX1_20480_25600.jpg,TCGA-QL-A97D,TCGA-QL-A97D-01Z-00-DX1,1,0.9996953,1
tumour/TCGA-QL-A97D-01Z-00-DX1_20480_26112.jpg,TCGA-QL-A97D,TCGA-QL-A97D-01Z-00-DX1,1,0.99924374,1
tumour/TCGA-QL-A97D-01Z-00-DX1_20480_26624.jpg,TCGA-QL-A97D,TCGA-QL-A97D-01Z-00-DX1,1,0.99947685,1
tumour/TCGA-QL-A97D-01Z-00-DX1_20480_30720.jpg,TCGA-QL-A97D,TCGA-QL-A97D-01Z-00-DX1,1,0.99609035,1
tumour/TCGA-QL-A97D-01Z-00-DX1_20480_31744.jpg,TCGA-QL-A97D,TCGA-QL-A97D-01Z-00-DX1,1,0.9965564,1
tumour/TCGA-QL-A97D-01Z-00-DX1_20480_32256.jpg,TCGA-QL-A97D,TCGA-QL-A97D-01Z-00-DX1,1,0.9965641,1
tumour/TCGA-QL-A97D-01Z-00-DX1_20480_32768.jpg,TCGA-QL-A97D,TCGA-QL-A97D-01Z-00-DX1,1,0.8928141,1
tumour/TCGA-QL-A97D-01Z-00-DX1_20480_33792.jpg,TCGA-QL-A97D,TCGA-QL-A97D-01Z-00-DX1,1,0.99945694,1
tumour/TCGA-QL-A97D-01Z-00-DX1_20480_38912.jpg,TCGA-QL-A97D,TCGA-QL-A97D-01Z-00-DX1,1,0.17122254,0
tumour/TCGA-QL-A97D-01Z-00-DX1_20480_4608.jpg,TCGA-QL-A97D,TCGA-QL-A97D-01Z-00-DX1,1,0.9994179,1
tumour/TCGA-QL-A97D-01Z-00-DX1_20480_5632.jpg,TCGA-QL-A97D,TCGA-QL-A97D-01Z-00-DX1,1,0.9943199,1
tumour/TCGA-QL-A97D-01Z-00-DX1_20480_7168.jpg,TCGA-QL-A97D,TCGA-QL-A97D-01Z-00-DX1,1,0.99611723,1
tumour/TCGA-QL-A97D-01Z-00-DX1_20480_7680.jpg,TCGA-QL-A97D,TCGA-QL-A97D-01Z-00-DX1,1,0.9999325,1
tumour/TCGA-QL-A97D-01Z-00-DX1_20480_8192.jpg,TCGA-QL-A97D,TCGA-QL-A97D-01Z-00-DX1,1,0.99772197,1
tumour/TCGA-QL-A97D-01Z-00-DX1_20480_8704.jpg,TCGA-QL-A97D,TCGA-QL-A97D-01Z-00-DX1,1,0.9965933,1
tumour/TCGA-QL-A97D-01Z-00-DX1_20480_9728.jpg,TCGA-QL-A97D,TCGA-QL-A97D-01Z-00-DX1,1,0.99989426,1
tumour/TCGA-QL-A97D-01Z-00-DX1_20992_11264.jpg,TCGA-QL-A97D,TCGA-QL-A97D-01Z-00-DX1,1,0.29193714,0
tumour/TCGA-QL-A97D-01Z-00-DX1_20992_14336.jpg,TCGA-QL-A97D,TCGA-QL-A97D-01Z-00-DX1,1,0.9975641,1
tumour/TCGA-QL-A97D-01Z-00-DX1_20992_15360.jpg,TCGA-QL-A97D,TCGA-QL-A97D-01Z-00-DX1,1,0.9975235,1
tumour/TCGA-QL-A97D-01Z-00-DX1_20992_15872.jpg,TCGA-QL-A97D,TCGA-QL-A97D-01Z-00-DX1,1,0.9993236,1
tumour/TCGA-QL-A97D-01Z-00-DX1_20992_17408.jpg,TCGA-QL-A97D,TCGA-QL-A97D-01Z-00-DX1,1,0.9978726,1
tumour/TCGA-QL-A97D-01Z-00-DX1_20992_18432.jpg,TCGA-QL-A97D,TCGA-QL-A97D-01Z-00-DX1,1,0.98560333,1
tumour/TCGA-QL-A97D-01Z-00-DX1_20992_18944.jpg,TCGA-QL-A97D,TCGA-QL-A97D-01Z-00-DX1,1,0.9933964,1
tumour/TCGA-QL-A97D-01Z-00-DX1_20992_20480.jpg,TCGA-QL-A97D,TCGA-QL-A97D-01Z-00-DX1,1,0.98795414,1
tumour/TCGA-QL-A97D-01Z-00-DX1_20992_20992.jpg,TCGA-QL-A97D,TCGA-QL-A97D-01Z-00-DX1,1,0.9979457,1
tumour/TCGA-QL-A97D-01Z-00-DX1_20992_23552.jpg,TCGA-QL-A97D,TCGA-QL-A97D-01Z-00-DX1,1,0.9977976,1
tumour/TCGA-QL-A97D-01Z-00-DX1_20992_24576.jpg,TCGA-QL-A97D,TCGA-QL-A97D-01Z-00-DX1,1,0.9997309,1
tumour/TCGA-QL-A97D-01Z-00-DX1_20992_25088.jpg,TCGA-QL-A97D,TCGA-QL-A97D-01Z-00-DX1,1,0.9994543,1
tumour/TCGA-QL-A97D-01Z-00-DX1_20992_25600.jpg,TCGA-QL-A97D,TCGA-QL-A97D-01Z-00-DX1,1,0.99975175,1
tumour/TCGA-QL-A97D-01Z-00-DX1_20992_26112.jpg,TCGA-QL-A97D,TCGA-QL-A97D-01Z-00-DX1,1,0.9948749,1
tumour/TCGA-QL-A97D-01Z-00-DX1_20992_26624.jpg,TCGA-QL-A97D,TCGA-QL-A97D-01Z-00-DX1,1,0.999395,1
tumour/TCGA-QL-A97D-01Z-00-DX1_20992_32768.jpg,TCGA-QL-A97D,TCGA-QL-A97D-01Z-00-DX1,1,0.98788595,1
tumour/TCGA-QL-A97D-01Z-00-DX1_20992_33280.jpg,TCGA-QL-A97D,TCGA-QL-A97D-01Z-00-DX1,1,0.99863607,1
tumour/TCGA-QL-A97D-01Z-00-DX1_20992_33792.jpg,TCGA-QL-A97D,TCGA-QL-A97D-01Z-00-DX1,1,0.99653876,1
tumour/TCGA-QL-A97D-01Z-00-DX1_20992_5632.jpg,TCGA-QL-A97D,TCGA-QL-A97D-01Z-00-DX1,1,0.9989918,1
tumour/TCGA-QL-A97D-01Z-00-DX1_20992_6656.jpg,TCGA-QL-A97D,TCGA-QL-A97D-01Z-00-DX1,1,0.9995938,1
tumour/TCGA-QL-A97D-01Z-00-DX1_20992_7680.jpg,TCGA-QL-A97D,TCGA-QL-A97D-01Z-00-DX1,1,0.9997254,1
tumour/TCGA-QL-A97D-01Z-00-DX1_20992_9216.jpg,TCGA-QL-A97D,TCGA-QL-A97D-01Z-00-DX1,1,0.9940766,1
tumour/TCGA-QL-A97D-01Z-00-DX1_20992_9728.jpg,TCGA-QL-A97D,TCGA-QL-A97D-01Z-00-DX1,1,0.9882211,1
tumour/TCGA-QL-A97D-01Z-00-DX1_21504_10240.jpg,TCGA-QL-A97D,TCGA-QL-A97D-01Z-00-DX1,1,0.27583572,0
tumour/TCGA-QL-A97D-01Z-00-DX1_21504_10752.jpg,TCGA-QL-A97D,TCGA-QL-A97D-01Z-00-DX1,1,0.26138222,0
tumour/TCGA-QL-A97D-01Z-00-DX1_21504_11264.jpg,TCGA-QL-A97D,TCGA-QL-A97D-01Z-00-DX1,1,0.33260724,0
tumour/TCGA-QL-A97D-01Z-00-DX1_21504_12288.jpg,TCGA-QL-A97D,TCGA-QL-A97D-01Z-00-DX1,1,0.7961703,1
tumour/TCGA-QL-A97D-01Z-00-DX1_21504_12800.jpg,TCGA-QL-A97D,TCGA-QL-A97D-01Z-00-DX1,1,0.98559433,1
tumour/TCGA-QL-A97D-01Z-00-DX1_21504_13312.jpg,TCGA-QL-A97D,TCGA-QL-A97D-01Z-00-DX1,1,0.9991799,1
tumour/TCGA-QL-A97D-01Z-00-DX1_21504_13824.jpg,TCGA-QL-A97D,TCGA-QL-A97D-01Z-00-DX1,1,0.99828726,1
tumour/TCGA-QL-A97D-01Z-00-DX1_21504_15360.jpg,TCGA-QL-A97D,TCGA-QL-A97D-01Z-00-DX1,1,0.9730742,1
tumour/TCGA-QL-A97D-01Z-00-DX1_21504_15872.jpg,TCGA-QL-A97D,TCGA-QL-A97D-01Z-00-DX1,1,0.99932575,1
tumour/TCGA-QL-A97D-01Z-00-DX1_21504_16384.jpg,TCGA-QL-A97D,TCGA-QL-A97D-01Z-00-DX1,1,0.98418367,1
tumour/TCGA-QL-A97D-01Z-00-DX1_21504_17408.jpg,TCGA-QL-A97D,TCGA-QL-A97D-01Z-00-DX1,1,0.9885675,1
tumour/TCGA-QL-A97D-01Z-00-DX1_21504_17920.jpg,TCGA-QL-A97D,TCGA-QL-A97D-01Z-00-DX1,1,0.9969182,1
tumour/TCGA-QL-A97D-01Z-00-DX1_21504_19968.jpg,TCGA-QL-A97D,TCGA-QL-A97D-01Z-00-DX1,1,0.99584097,1
tumour/TCGA-QL-A97D-01Z-00-DX1_21504_20480.jpg,TCGA-QL-A97D,TCGA-QL-A97D-01Z-00-DX1,1,0.99572265,1
tumour/TCGA-QL-A97D-01Z-00-DX1_21504_22528.jpg,TCGA-QL-A97D,TCGA-QL-A97D-01Z-00-DX1,1,0.9943979,1
tumour/TCGA-QL-A97D-01Z-00-DX1_21504_23040.jpg,TCGA-QL-A97D,TCGA-QL-A97D-01Z-00-DX1,1,0.9921274,1
tumour/TCGA-QL-A97D-01Z-00-DX1_21504_23552.jpg,TCGA-QL-A97D,TCGA-QL-A97D-01Z-00-DX1,1,0.9999075,1
tumour/TCGA-QL-A97D-01Z-00-DX1_21504_24064.jpg,TCGA-QL-A97D,TCGA-QL-A97D-01Z-00-DX1,1,0.99355257,1
tumour/TCGA-QL-A97D-01Z-00-DX1_21504_25088.jpg,TCGA-QL-A97D,TCGA-QL-A97D-01Z-00-DX1,1,0.9991037,1
tumour/TCGA-QL-A97D-01Z-00-DX1_21504_25600.jpg,TCGA-QL-A97D,TCGA-QL-A97D-01Z-00-DX1,1,0.99959105,1
tumour/TCGA-QL-A97D-01Z-00-DX1_21504_28160.jpg,TCGA-QL-A97D,TCGA-QL-A97D-01Z-00-DX1,1,0.9999039,1
tumour/TCGA-QL-A97D-01Z-00-DX1_21504_29696.jpg,TCGA-QL-A97D,TCGA-QL-A97D-01Z-00-DX1,1,0.9976822,1
tumour/TCGA-QL-A97D-01Z-00-DX1_21504_32768.jpg,TCGA-QL-A97D,TCGA-QL-A97D-01Z-00-DX1,1,0.9983072,1
tumour/TCGA-QL-A97D-01Z-00-DX1_21504_33280.jpg,TCGA-QL-A97D,TCGA-QL-A97D-01Z-00-DX1,1,0.99934477,1
tumour/TCGA-QL-A97D-01Z-00-DX1_21504_33792.jpg,TCGA-QL-A97D,TCGA-QL-A97D-01Z-00-DX1,1,0.99900514,1
tumour/TCGA-QL-A97D-01Z-00-DX1_21504_6144.jpg,TCGA-QL-A97D,TCGA-QL-A97D-01Z-00-DX1,1,0.9677376,1
tumour/TCGA-QL-A97D-01Z-00-DX1_21504_6656.jpg,TCGA-QL-A97D,TCGA-QL-A97D-01Z-00-DX1,1,0.7983321,1
tumour/TCGA-QL-A97D-01Z-00-DX1_21504_7680.jpg,TCGA-QL-A97D,TCGA-QL-A97D-01Z-00-DX1,1,0.50755084,1
tumour/TCGA-QL-A97D-01Z-00-DX1_21504_8192.jpg,TCGA-QL-A97D,TCGA-QL-A97D-01Z-00-DX1,1,0.018061098,0
tumour/TCGA-QL-A97D-01Z-00-DX1_21504_8704.jpg,TCGA-QL-A97D,TCGA-QL-A97D-01Z-00-DX1,1,0.0048053516,0
tumour/TCGA-QL-A97D-01Z-00-DX1_21504_9216.jpg,TCGA-QL-A97D,TCGA-QL-A97D-01Z-00-DX1,1,0.7460505,1
tumour/TCGA-QL-A97D-01Z-00-DX1_22016_10752.jpg,TCGA-QL-A97D,TCGA-QL-A97D-01Z-00-DX1,1,0.9898178,1
tumour/TCGA-QL-A97D-01Z-00-DX1_22016_11264.jpg,TCGA-QL-A97D,TCGA-QL-A97D-01Z-00-DX1,1,0.9912539,1
tumour/TCGA-QL-A97D-01Z-00-DX1_22016_11776.jpg,TCGA-QL-A97D,TCGA-QL-A97D-01Z-00-DX1,1,0.9610377,1
tumour/TCGA-QL-A97D-01Z-00-DX1_22016_13824.jpg,TCGA-QL-A97D,TCGA-QL-A97D-01Z-00-DX1,1,0.99510574,1
tumour/TCGA-QL-A97D-01Z-00-DX1_22016_14336.jpg,TCGA-QL-A97D,TCGA-QL-A97D-01Z-00-DX1,1,0.9995326,1
tumour/TCGA-QL-A97D-01Z-00-DX1_22016_15360.jpg,TCGA-QL-A97D,TCGA-QL-A97D-01Z-00-DX1,1,0.999635,1
tumour/TCGA-QL-A97D-01Z-00-DX1_22016_15872.jpg,TCGA-QL-A97D,TCGA-QL-A97D-01Z-00-DX1,1,0.99975795,1
tumour/TCGA-QL-A97D-01Z-00-DX1_22016_17408.jpg,TCGA-QL-A97D,TCGA-QL-A97D-01Z-00-DX1,1,0.9998944,1
tumour/TCGA-QL-A97D-01Z-00-DX1_22016_22016.jpg,TCGA-QL-A97D,TCGA-QL-A97D-01Z-00-DX1,1,0.9994778,1
tumour/TCGA-QL-A97D-01Z-00-DX1_22016_23040.jpg,TCGA-QL-A97D,TCGA-QL-A97D-01Z-00-DX1,1,0.9719026,1
tumour/TCGA-QL-A97D-01Z-00-DX1_22016_25088.jpg,TCGA-QL-A97D,TCGA-QL-A97D-01Z-00-DX1,1,0.9881589,1
tumour/TCGA-QL-A97D-01Z-00-DX1_22016_26624.jpg,TCGA-QL-A97D,TCGA-QL-A97D-01Z-00-DX1,1,0.9991855,1
tumour/TCGA-QL-A97D-01Z-00-DX1_22016_27136.jpg,TCGA-QL-A97D,TCGA-QL-A97D-01Z-00-DX1,1,0.99878305,1
tumour/TCGA-QL-A97D-01Z-00-DX1_22016_27648.jpg,TCGA-QL-A97D,TCGA-QL-A97D-01Z-00-DX1,1,0.99999106,1
tumour/TCGA-QL-A97D-01Z-00-DX1_22016_28160.jpg,TCGA-QL-A97D,TCGA-QL-A97D-01Z-00-DX1,1,0.9999896,1
tumour/TCGA-QL-A97D-01Z-00-DX1_22016_33792.jpg,TCGA-QL-A97D,TCGA-QL-A97D-01Z-00-DX1,1,0.99323964,1
tumour/TCGA-QL-A97D-01Z-00-DX1_22016_34304.jpg,TCGA-QL-A97D,TCGA-QL-A97D-01Z-00-DX1,1,0.999884,1
tumour/TCGA-QL-A97D-01Z-00-DX1_22016_6144.jpg,TCGA-QL-A97D,TCGA-QL-A97D-01Z-00-DX1,1,0.9961098,1
tumour/TCGA-QL-A97D-01Z-00-DX1_22016_7168.jpg,TCGA-QL-A97D,TCGA-QL-A97D-01Z-00-DX1,1,0.99913967,1
tumour/TCGA-QL-A97D-01Z-00-DX1_22016_7680.jpg,TCGA-QL-A97D,TCGA-QL-A97D-01Z-00-DX1,1,0.9988979,1
tumour/TCGA-QL-A97D-01Z-00-DX1_22016_8192.jpg,TCGA-QL-A97D,TCGA-QL-A97D-01Z-00-DX1,1,0.9984112,1
tumour/TCGA-QL-A97D-01Z-00-DX1_22016_9216.jpg,TCGA-QL-A97D,TCGA-QL-A97D-01Z-00-DX1,1,0.99784327,1
tumour/TCGA-QL-A97D-01Z-00-DX1_22016_9728.jpg,TCGA-QL-A97D,TCGA-QL-A97D-01Z-00-DX1,1,0.9998417,1
tumour/TCGA-QL-A97D-01Z-00-DX1_22528_10240.jpg,TCGA-QL-A97D,TCGA-QL-A97D-01Z-00-DX1,1,0.9845567,1
tumour/TCGA-QL-A97D-01Z-00-DX1_22528_10752.jpg,TCGA-QL-A97D,TCGA-QL-A97D-01Z-00-DX1,1,0.9998938,1
tumour/TCGA-QL-A97D-01Z-00-DX1_22528_12288.jpg,TCGA-QL-A97D,TCGA-QL-A97D-01Z-00-DX1,1,0.99374133,1
tumour/TCGA-QL-A97D-01Z-00-DX1_22528_12800.jpg,TCGA-QL-A97D,TCGA-QL-A97D-01Z-00-DX1,1,0.99576193,1
tumour/TCGA-QL-A97D-01Z-00-DX1_22528_13824.jpg,TCGA-QL-A97D,TCGA-QL-A97D-01Z-00-DX1,1,0.9528923,1
tumour/TCGA-QL-A97D-01Z-00-DX1_22528_22528.jpg,TCGA-QL-A97D,TCGA-QL-A97D-01Z-00-DX1,1,0.92097384,1
tumour/TCGA-QL-A97D-01Z-00-DX1_22528_24064.jpg,TCGA-QL-A97D,TCGA-QL-A97D-01Z-00-DX1,1,0.92148626,1
tumour/TCGA-QL-A97D-01Z-00-DX1_22528_25088.jpg,TCGA-QL-A97D,TCGA-QL-A97D-01Z-00-DX1,1,0.99840516,1
tumour/TCGA-QL-A97D-01Z-00-DX1_22528_25600.jpg,TCGA-QL-A97D,TCGA-QL-A97D-01Z-00-DX1,1,0.98998743,1
tumour/TCGA-QL-A97D-01Z-00-DX1_22528_26624.jpg,TCGA-QL-A97D,TCGA-QL-A97D-01Z-00-DX1,1,0.99419653,1
tumour/TCGA-QL-A97D-01Z-00-DX1_22528_28160.jpg,TCGA-QL-A97D,TCGA-QL-A97D-01Z-00-DX1,1,0.9992711,1
tumour/TCGA-QL-A97D-01Z-00-DX1_22528_28672.jpg,TCGA-QL-A97D,TCGA-QL-A97D-01Z-00-DX1,1,0.54514843,1
tumour/TCGA-QL-A97D-01Z-00-DX1_22528_30720.jpg,TCGA-QL-A97D,TCGA-QL-A97D-01Z-00-DX1,1,0.9996644,1
tumour/TCGA-QL-A97D-01Z-00-DX1_22528_32768.jpg,TCGA-QL-A97D,TCGA-QL-A97D-01Z-00-DX1,1,0.9424369,1
tumour/TCGA-QL-A97D-01Z-00-DX1_22528_33792.jpg,TCGA-QL-A97D,TCGA-QL-A97D-01Z-00-DX1,1,0.9997372,1
tumour/TCGA-QL-A97D-01Z-00-DX1_22528_6144.jpg,TCGA-QL-A97D,TCGA-QL-A97D-01Z-00-DX1,1,0.9977677,1
tumour/TCGA-QL-A97D-01Z-00-DX1_22528_7168.jpg,TCGA-QL-A97D,TCGA-QL-A97D-01Z-00-DX1,1,0.9977998,1
tumour/TCGA-QL-A97D-01Z-00-DX1_22528_9216.jpg,TCGA-QL-A97D,TCGA-QL-A97D-01Z-00-DX1,1,0.9982528,1
tumour/TCGA-QL-A97D-01Z-00-DX1_23040_11264.jpg,TCGA-QL-A97D,TCGA-QL-A97D-01Z-00-DX1,1,0.9825717,1
tumour/TCGA-QL-A97D-01Z-00-DX1_23040_11776.jpg,TCGA-QL-A97D,TCGA-QL-A97D-01Z-00-DX1,1,0.999642,1
tumour/TCGA-QL-A97D-01Z-00-DX1_23040_12288.jpg,TCGA-QL-A97D,TCGA-QL-A97D-01Z-00-DX1,1,0.9978587,1
tumour/TCGA-QL-A97D-01Z-00-DX1_23040_13312.jpg,TCGA-QL-A97D,TCGA-QL-A97D-01Z-00-DX1,1,0.89262617,1
tumour/TCGA-QL-A97D-01Z-00-DX1_23040_13824.jpg,TCGA-QL-A97D,TCGA-QL-A97D-01Z-00-DX1,1,0.44028437,0
tumour/TCGA-QL-A97D-01Z-00-DX1_23040_25088.jpg,TCGA-QL-A97D,TCGA-QL-A97D-01Z-00-DX1,1,0.9946461,1
tumour/TCGA-QL-A97D-01Z-00-DX1_23040_27648.jpg,TCGA-QL-A97D,TCGA-QL-A97D-01Z-00-DX1,1,0.9997491,1
tumour/TCGA-QL-A97D-01Z-00-DX1_23040_30208.jpg,TCGA-QL-A97D,TCGA-QL-A97D-01Z-00-DX1,1,0.9995695,1
tumour/TCGA-QL-A97D-01Z-00-DX1_23040_30720.jpg,TCGA-QL-A97D,TCGA-QL-A97D-01Z-00-DX1,1,0.99915147,1
tumour/TCGA-QL-A97D-01Z-00-DX1_23040_31232.jpg,TCGA-QL-A97D,TCGA-QL-A97D-01Z-00-DX1,1,0.99994814,1
tumour/TCGA-QL-A97D-01Z-00-DX1_23040_33792.jpg,TCGA-QL-A97D,TCGA-QL-A97D-01Z-00-DX1,1,0.99910223,1
tumour/TCGA-QL-A97D-01Z-00-DX1_23040_34304.jpg,TCGA-QL-A97D,TCGA-QL-A97D-01Z-00-DX1,1,0.99969566,1
tumour/TCGA-QL-A97D-01Z-00-DX1_23040_7680.jpg,TCGA-QL-A97D,TCGA-QL-A97D-01Z-00-DX1,1,0.9825111,1
tumour/TCGA-QL-A97D-01Z-00-DX1_23040_8192.jpg,TCGA-QL-A97D,TCGA-QL-A97D-01Z-00-DX1,1,0.9997009,1
tumour/TCGA-QL-A97D-01Z-00-DX1_23040_9216.jpg,TCGA-QL-A97D,TCGA-QL-A97D-01Z-00-DX1,1,0.9961815,1
tumour/TCGA-QL-A97D-01Z-00-DX1_23040_9728.jpg,TCGA-QL-A97D,TCGA-QL-A97D-01Z-00-DX1,1,0.998566,1
tumour/TCGA-QL-A97D-01Z-00-DX1_23552_11776.jpg,TCGA-QL-A97D,TCGA-QL-A97D-01Z-00-DX1,1,0.9313132,1
tumour/TCGA-QL-A97D-01Z-00-DX1_23552_22016.jpg,TCGA-QL-A97D,TCGA-QL-A97D-01Z-00-DX1,1,0.9976095,1
tumour/TCGA-QL-A97D-01Z-00-DX1_23552_22528.jpg,TCGA-QL-A97D,TCGA-QL-A97D-01Z-00-DX1,1,0.98239315,1
tumour/TCGA-QL-A97D-01Z-00-DX1_23552_23552.jpg,TCGA-QL-A97D,TCGA-QL-A97D-01Z-00-DX1,1,0.999956,1
tumour/TCGA-QL-A97D-01Z-00-DX1_23552_24064.jpg,TCGA-QL-A97D,TCGA-QL-A97D-01Z-00-DX1,1,0.9997085,1
tumour/TCGA-QL-A97D-01Z-00-DX1_23552_24576.jpg,TCGA-QL-A97D,TCGA-QL-A97D-01Z-00-DX1,1,0.99977845,1
tumour/TCGA-QL-A97D-01Z-00-DX1_23552_25088.jpg,TCGA-QL-A97D,TCGA-QL-A97D-01Z-00-DX1,1,0.99175596,1
tumour/TCGA-QL-A97D-01Z-00-DX1_23552_27648.jpg,TCGA-QL-A97D,TCGA-QL-A97D-01Z-00-DX1,1,0.99906474,1
tumour/TCGA-QL-A97D-01Z-00-DX1_23552_28160.jpg,TCGA-QL-A97D,TCGA-QL-A97D-01Z-00-DX1,1,0.9987348,1
tumour/TCGA-QL-A97D-01Z-00-DX1_23552_28672.jpg,TCGA-QL-A97D,TCGA-QL-A97D-01Z-00-DX1,1,0.9993013,1
tumour/TCGA-QL-A97D-01Z-00-DX1_23552_33792.jpg,TCGA-QL-A97D,TCGA-QL-A97D-01Z-00-DX1,1,0.99820614,1
tumour/TCGA-QL-A97D-01Z-00-DX1_23552_34304.jpg,TCGA-QL-A97D,TCGA-QL-A97D-01Z-00-DX1,1,0.9995086,1
tumour/TCGA-QL-A97D-01Z-00-DX1_23552_7168.jpg,TCGA-QL-A97D,TCGA-QL-A97D-01Z-00-DX1,1,0.9714929,1
tumour/TCGA-QL-A97D-01Z-00-DX1_23552_7680.jpg,TCGA-QL-A97D,TCGA-QL-A97D-01Z-00-DX1,1,0.9999939,1
tumour/TCGA-QL-A97D-01Z-00-DX1_23552_8704.jpg,TCGA-QL-A97D,TCGA-QL-A97D-01Z-00-DX1,1,0.99988174,1
tumour/TCGA-QL-A97D-01Z-00-DX1_23552_9216.jpg,TCGA-QL-A97D,TCGA-QL-A97D-01Z-00-DX1,1,0.99988985,1
tumour/TCGA-QL-A97D-01Z-00-DX1_23552_9728.jpg,TCGA-QL-A97D,TCGA-QL-A97D-01Z-00-DX1,1,0.99877626,1
tumour/TCGA-QL-A97D-01Z-00-DX1_24064_12800.jpg,TCGA-QL-A97D,TCGA-QL-A97D-01Z-00-DX1,1,0.9985317,1
tumour/TCGA-QL-A97D-01Z-00-DX1_24064_13312.jpg,TCGA-QL-A97D,TCGA-QL-A97D-01Z-00-DX1,1,0.9995192,1
tumour/TCGA-QL-A97D-01Z-00-DX1_24064_20992.jpg,TCGA-QL-A97D,TCGA-QL-A97D-01Z-00-DX1,1,0.9690526,1
tumour/TCGA-QL-A97D-01Z-00-DX1_24064_21504.jpg,TCGA-QL-A97D,TCGA-QL-A97D-01Z-00-DX1,1,0.9989619,1
tumour/TCGA-QL-A97D-01Z-00-DX1_24064_22016.jpg,TCGA-QL-A97D,TCGA-QL-A97D-01Z-00-DX1,1,0.9924435,1
tumour/TCGA-QL-A97D-01Z-00-DX1_24064_23552.jpg,TCGA-QL-A97D,TCGA-QL-A97D-01Z-00-DX1,1,0.99978656,1
tumour/TCGA-QL-A97D-01Z-00-DX1_24064_24064.jpg,TCGA-QL-A97D,TCGA-QL-A97D-01Z-00-DX1,1,0.99993896,1
tumour/TCGA-QL-A97D-01Z-00-DX1_24064_25088.jpg,TCGA-QL-A97D,TCGA-QL-A97D-01Z-00-DX1,1,0.99988675,1
tumour/TCGA-QL-A97D-01Z-00-DX1_24064_26624.jpg,TCGA-QL-A97D,TCGA-QL-A97D-01Z-00-DX1,1,0.99987006,1
tumour/TCGA-QL-A97D-01Z-00-DX1_24064_27136.jpg,TCGA-QL-A97D,TCGA-QL-A97D-01Z-00-DX1,1,0.9983393,1
tumour/TCGA-QL-A97D-01Z-00-DX1_24064_27648.jpg,TCGA-QL-A97D,TCGA-QL-A97D-01Z-00-DX1,1,0.9998678,1
tumour/TCGA-QL-A97D-01Z-00-DX1_24064_28672.jpg,TCGA-QL-A97D,TCGA-QL-A97D-01Z-00-DX1,1,0.9995726,1
tumour/TCGA-QL-A97D-01Z-00-DX1_24064_31232.jpg,TCGA-QL-A97D,TCGA-QL-A97D-01Z-00-DX1,1,0.9991352,1
tumour/TCGA-QL-A97D-01Z-00-DX1_24064_33792.jpg,TCGA-QL-A97D,TCGA-QL-A97D-01Z-00-DX1,1,0.99959,1
tumour/TCGA-QL-A97D-01Z-00-DX1_24064_7680.jpg,TCGA-QL-A97D,TCGA-QL-A97D-01Z-00-DX1,1,0.99994814,1
tumour/TCGA-QL-A97D-01Z-00-DX1_24064_8704.jpg,TCGA-QL-A97D,TCGA-QL-A97D-01Z-00-DX1,1,0.99980265,1
tumour/TCGA-QL-A97D-01Z-00-DX1_24064_9216.jpg,TCGA-QL-A97D,TCGA-QL-A97D-01Z-00-DX1,1,0.99776316,1
tumour/TCGA-QL-A97D-01Z-00-DX1_24064_9728.jpg,TCGA-QL-A97D,TCGA-QL-A97D-01Z-00-DX1,1,0.99928135,1
tumour/TCGA-QL-A97D-01Z-00-DX1_24576_11776.jpg,TCGA-QL-A97D,TCGA-QL-A97D-01Z-00-DX1,1,0.9006018,1
tumour/TCGA-QL-A97D-01Z-00-DX1_24576_13312.jpg,TCGA-QL-A97D,TCGA-QL-A97D-01Z-00-DX1,1,0.9998596,1
tumour/TCGA-QL-A97D-01Z-00-DX1_24576_14336.jpg,TCGA-QL-A97D,TCGA-QL-A97D-01Z-00-DX1,1,0.9357158,1
tumour/TCGA-QL-A97D-01Z-00-DX1_24576_20992.jpg,TCGA-QL-A97D,TCGA-QL-A97D-01Z-00-DX1,1,0.9967487,1
tumour/TCGA-QL-A97D-01Z-00-DX1_24576_22016.jpg,TCGA-QL-A97D,TCGA-QL-A97D-01Z-00-DX1,1,0.9898953,1
tumour/TCGA-QL-A97D-01Z-00-DX1_24576_26112.jpg,TCGA-QL-A97D,TCGA-QL-A97D-01Z-00-DX1,1,0.99972624,1
tumour/TCGA-QL-A97D-01Z-00-DX1_24576_26624.jpg,TCGA-QL-A97D,TCGA-QL-A97D-01Z-00-DX1,1,0.9979272,1
tumour/TCGA-QL-A97D-01Z-00-DX1_24576_27136.jpg,TCGA-QL-A97D,TCGA-QL-A97D-01Z-00-DX1,1,0.99929655,1
tumour/TCGA-QL-A97D-01Z-00-DX1_24576_27648.jpg,TCGA-QL-A97D,TCGA-QL-A97D-01Z-00-DX1,1,0.9944312,1
tumour/TCGA-QL-A97D-01Z-00-DX1_24576_29184.jpg,TCGA-QL-A97D,TCGA-QL-A97D-01Z-00-DX1,1,0.99803764,1
tumour/TCGA-QL-A97D-01Z-00-DX1_24576_30720.jpg,TCGA-QL-A97D,TCGA-QL-A97D-01Z-00-DX1,1,0.9966972,1
tumour/TCGA-QL-A97D-01Z-00-DX1_24576_8192.jpg,TCGA-QL-A97D,TCGA-QL-A97D-01Z-00-DX1,1,0.9999647,1
tumour/TCGA-QL-A97D-01Z-00-DX1_24576_9216.jpg,TCGA-QL-A97D,TCGA-QL-A97D-01Z-00-DX1,1,0.9743333,1
tumour/TCGA-QL-A97D-01Z-00-DX1_25088_12288.jpg,TCGA-QL-A97D,TCGA-QL-A97D-01Z-00-DX1,1,0.99252605,1
tumour/TCGA-QL-A97D-01Z-00-DX1_25088_12800.jpg,TCGA-QL-A97D,TCGA-QL-A97D-01Z-00-DX1,1,0.9999633,1
tumour/TCGA-QL-A97D-01Z-00-DX1_25088_13312.jpg,TCGA-QL-A97D,TCGA-QL-A97D-01Z-00-DX1,1,0.999987,1
tumour/TCGA-QL-A97D-01Z-00-DX1_25088_13824.jpg,TCGA-QL-A97D,TCGA-QL-A97D-01Z-00-DX1,1,0.99972636,1
tumour/TCGA-QL-A97D-01Z-00-DX1_25088_14336.jpg,TCGA-QL-A97D,TCGA-QL-A97D-01Z-00-DX1,1,0.99857163,1
tumour/TCGA-QL-A97D-01Z-00-DX1_25088_22528.jpg,TCGA-QL-A97D,TCGA-QL-A97D-01Z-00-DX1,1,0.99750525,1
tumour/TCGA-QL-A97D-01Z-00-DX1_25088_24576.jpg,TCGA-QL-A97D,TCGA-QL-A97D-01Z-00-DX1,1,0.9998485,1
tumour/TCGA-QL-A97D-01Z-00-DX1_25088_25088.jpg,TCGA-QL-A97D,TCGA-QL-A97D-01Z-00-DX1,1,0.91029435,1
tumour/TCGA-QL-A97D-01Z-00-DX1_25088_26112.jpg,TCGA-QL-A97D,TCGA-QL-A97D-01Z-00-DX1,1,0.99385756,1
tumour/TCGA-QL-A97D-01Z-00-DX1_25088_27136.jpg,TCGA-QL-A97D,TCGA-QL-A97D-01Z-00-DX1,1,0.99908257,1
tumour/TCGA-QL-A97D-01Z-00-DX1_25088_31232.jpg,TCGA-QL-A97D,TCGA-QL-A97D-01Z-00-DX1,1,0.99825305,1
tumour/TCGA-QL-A97D-01Z-00-DX1_25088_36352.jpg,TCGA-QL-A97D,TCGA-QL-A97D-01Z-00-DX1,1,0.9992636,1
tumour/TCGA-QL-A97D-01Z-00-DX1_25088_8192.jpg,TCGA-QL-A97D,TCGA-QL-A97D-01Z-00-DX1,1,0.7849255,1
tumour/TCGA-QL-A97D-01Z-00-DX1_25088_8704.jpg,TCGA-QL-A97D,TCGA-QL-A97D-01Z-00-DX1,1,0.8281578,1
tumour/TCGA-QL-A97D-01Z-00-DX1_25600_12288.jpg,TCGA-QL-A97D,TCGA-QL-A97D-01Z-00-DX1,1,0.9982999,1
tumour/TCGA-QL-A97D-01Z-00-DX1_25600_13312.jpg,TCGA-QL-A97D,TCGA-QL-A97D-01Z-00-DX1,1,0.49819586,0
tumour/TCGA-QL-A97D-01Z-00-DX1_25600_13824.jpg,TCGA-QL-A97D,TCGA-QL-A97D-01Z-00-DX1,1,0.9016914,1
tumour/TCGA-QL-A97D-01Z-00-DX1_25600_14336.jpg,TCGA-QL-A97D,TCGA-QL-A97D-01Z-00-DX1,1,0.9963025,1
tumour/TCGA-QL-A97D-01Z-00-DX1_25600_20480.jpg,TCGA-QL-A97D,TCGA-QL-A97D-01Z-00-DX1,1,0.997294,1
tumour/TCGA-QL-A97D-01Z-00-DX1_25600_20992.jpg,TCGA-QL-A97D,TCGA-QL-A97D-01Z-00-DX1,1,0.99855095,1
tumour/TCGA-QL-A97D-01Z-00-DX1_25600_22016.jpg,TCGA-QL-A97D,TCGA-QL-A97D-01Z-00-DX1,1,0.99333006,1
tumour/TCGA-QL-A97D-01Z-00-DX1_25600_22528.jpg,TCGA-QL-A97D,TCGA-QL-A97D-01Z-00-DX1,1,0.9990871,1
tumour/TCGA-QL-A97D-01Z-00-DX1_25600_23040.jpg,TCGA-QL-A97D,TCGA-QL-A97D-01Z-00-DX1,1,0.96798867,1
tumour/TCGA-QL-A97D-01Z-00-DX1_25600_24064.jpg,TCGA-QL-A97D,TCGA-QL-A97D-01Z-00-DX1,1,0.9949568,1
tumour/TCGA-QL-A97D-01Z-00-DX1_25600_25088.jpg,TCGA-QL-A97D,TCGA-QL-A97D-01Z-00-DX1,1,0.9864276,1
tumour/TCGA-QL-A97D-01Z-00-DX1_25600_26112.jpg,TCGA-QL-A97D,TCGA-QL-A97D-01Z-00-DX1,1,0.9991047,1
tumour/TCGA-QL-A97D-01Z-00-DX1_25600_27136.jpg,TCGA-QL-A97D,TCGA-QL-A97D-01Z-00-DX1,1,0.9972115,1
tumour/TCGA-QL-A97D-01Z-00-DX1_25600_28672.jpg,TCGA-QL-A97D,TCGA-QL-A97D-01Z-00-DX1,1,0.99823606,1
tumour/TCGA-QL-A97D-01Z-00-DX1_25600_29184.jpg,TCGA-QL-A97D,TCGA-QL-A97D-01Z-00-DX1,1,0.9994686,1
tumour/TCGA-QL-A97D-01Z-00-DX1_25600_29696.jpg,TCGA-QL-A97D,TCGA-QL-A97D-01Z-00-DX1,1,0.99718684,1
tumour/TCGA-QL-A97D-01Z-00-DX1_25600_36864.jpg,TCGA-QL-A97D,TCGA-QL-A97D-01Z-00-DX1,1,0.9996892,1
tumour/TCGA-QL-A97D-01Z-00-DX1_26112_14336.jpg,TCGA-QL-A97D,TCGA-QL-A97D-01Z-00-DX1,1,0.99929917,1
tumour/TCGA-QL-A97D-01Z-00-DX1_26112_20480.jpg,TCGA-QL-A97D,TCGA-QL-A97D-01Z-00-DX1,1,0.9995437,1
tumour/TCGA-QL-A97D-01Z-00-DX1_26112_20992.jpg,TCGA-QL-A97D,TCGA-QL-A97D-01Z-00-DX1,1,0.99990106,1
tumour/TCGA-QL-A97D-01Z-00-DX1_26112_22016.jpg,TCGA-QL-A97D,TCGA-QL-A97D-01Z-00-DX1,1,0.9973775,1
tumour/TCGA-QL-A97D-01Z-00-DX1_26112_22528.jpg,TCGA-QL-A97D,TCGA-QL-A97D-01Z-00-DX1,1,0.97775877,1
tumour/TCGA-QL-A97D-01Z-00-DX1_26112_23040.jpg,TCGA-QL-A97D,TCGA-QL-A97D-01Z-00-DX1,1,0.9884548,1
tumour/TCGA-QL-A97D-01Z-00-DX1_26112_25088.jpg,TCGA-QL-A97D,TCGA-QL-A97D-01Z-00-DX1,1,0.9968346,1
tumour/TCGA-QL-A97D-01Z-00-DX1_26112_26624.jpg,TCGA-QL-A97D,TCGA-QL-A97D-01Z-00-DX1,1,0.9986885,1
tumour/TCGA-QL-A97D-01Z-00-DX1_26112_27648.jpg,TCGA-QL-A97D,TCGA-QL-A97D-01Z-00-DX1,1,0.99902177,1
tumour/TCGA-QL-A97D-01Z-00-DX1_26112_29184.jpg,TCGA-QL-A97D,TCGA-QL-A97D-01Z-00-DX1,1,0.9992976,1
tumour/TCGA-QL-A97D-01Z-00-DX1_26112_36352.jpg,TCGA-QL-A97D,TCGA-QL-A97D-01Z-00-DX1,1,0.9999014,1
tumour/TCGA-QL-A97D-01Z-00-DX1_26112_36864.jpg,TCGA-QL-A97D,TCGA-QL-A97D-01Z-00-DX1,1,0.99979264,1
tumour/TCGA-QL-A97D-01Z-00-DX1_26624_36352.jpg,TCGA-QL-A97D,TCGA-QL-A97D-01Z-00-DX1,1,0.99778026,1
tumour/TCGA-QL-A97D-01Z-00-DX1_27136_37888.jpg,TCGA-QL-A97D,TCGA-QL-A97D-01Z-00-DX1,1,0.99517137,1
tumour/TCGA-QL-A97D-01Z-00-DX1_27648_36352.jpg,TCGA-QL-A97D,TCGA-QL-A97D-01Z-00-DX1,1,0.99622154,1
tumour/TCGA-QL-A97D-01Z-00-DX1_27648_36864.jpg,TCGA-QL-A97D,TCGA-QL-A97D-01Z-00-DX1,1,0.99926513,1
tumour/TCGA-QL-A97D-01Z-00-DX1_27648_37888.jpg,TCGA-QL-A97D,TCGA-QL-A97D-01Z-00-DX1,1,0.99995065,1
tumour/TCGA-QL-A97D-01Z-00-DX1_27648_38400.jpg,TCGA-QL-A97D,TCGA-QL-A97D-01Z-00-DX1,1,0.98587555,1
tumour/TCGA-QL-A97D-01Z-00-DX1_28160_35840.jpg,TCGA-QL-A97D,TCGA-QL-A97D-01Z-00-DX1,1,0.9998185,1
tumour/TCGA-QL-A97D-01Z-00-DX1_28160_36352.jpg,TCGA-QL-A97D,TCGA-QL-A97D-01Z-00-DX1,1,0.99792683,1
tumour/TCGA-QL-A97D-01Z-00-DX1_28160_36864.jpg,TCGA-QL-A97D,TCGA-QL-A97D-01Z-00-DX1,1,0.9994764,1
tumour/TCGA-QL-A97D-01Z-00-DX1_28160_37376.jpg,TCGA-QL-A97D,TCGA-QL-A97D-01Z-00-DX1,1,0.9962775,1
tumour/TCGA-QL-A97D-01Z-00-DX1_28160_37888.jpg,TCGA-QL-A97D,TCGA-QL-A97D-01Z-00-DX1,1,0.9999453,1
tumour/TCGA-QL-A97D-01Z-00-DX1_28672_36352.jpg,TCGA-QL-A97D,TCGA-QL-A97D-01Z-00-DX1,1,0.998522,1
tumour/TCGA-QL-A97D-01Z-00-DX1_28672_37888.jpg,TCGA-QL-A97D,TCGA-QL-A97D-01Z-00-DX1,1,0.9996598,1
tumour/TCGA-QL-A97D-01Z-00-DX1_29184_36864.jpg,TCGA-QL-A97D,TCGA-QL-A97D-01Z-00-DX1,1,0.9284122,1
tumour/TCGA-QL-A97D-01Z-00-DX1_29184_37376.jpg,TCGA-QL-A97D,TCGA-QL-A97D-01Z-00-DX1,1,0.4695218,0
tumour/TCGA-QL-A97D-01Z-00-DX1_5120_33280.jpg,TCGA-QL-A97D,TCGA-QL-A97D-01Z-00-DX1,1,0.9649715,1
tumour/TCGA-QL-A97D-01Z-00-DX1_5632_26624.jpg,TCGA-QL-A97D,TCGA-QL-A97D-01Z-00-DX1,1,0.998963,1
tumour/TCGA-QL-A97D-01Z-00-DX1_5632_27648.jpg,TCGA-QL-A97D,TCGA-QL-A97D-01Z-00-DX1,1,0.99993443,1
tumour/TCGA-QL-A97D-01Z-00-DX1_5632_28160.jpg,TCGA-QL-A97D,TCGA-QL-A97D-01Z-00-DX1,1,0.84005594,1
tumour/TCGA-QL-A97D-01Z-00-DX1_5632_34304.jpg,TCGA-QL-A97D,TCGA-QL-A97D-01Z-00-DX1,1,0.9987463,1
tumour/TCGA-QL-A97D-01Z-00-DX1_5632_34816.jpg,TCGA-QL-A97D,TCGA-QL-A97D-01Z-00-DX1,1,0.99790776,1
tumour/TCGA-QL-A97D-01Z-00-DX1_6144_25600.jpg,TCGA-QL-A97D,TCGA-QL-A97D-01Z-00-DX1,1,0.9991405,1
tumour/TCGA-QL-A97D-01Z-00-DX1_6144_26112.jpg,TCGA-QL-A97D,TCGA-QL-A97D-01Z-00-DX1,1,0.99548846,1
tumour/TCGA-QL-A97D-01Z-00-DX1_6144_27648.jpg,TCGA-QL-A97D,TCGA-QL-A97D-01Z-00-DX1,1,0.99970275,1
tumour/TCGA-QL-A97D-01Z-00-DX1_6144_33280.jpg,TCGA-QL-A97D,TCGA-QL-A97D-01Z-00-DX1,1,0.9976381,1
tumour/TCGA-QL-A97D-01Z-00-DX1_6144_33792.jpg,TCGA-QL-A97D,TCGA-QL-A97D-01Z-00-DX1,1,0.9998124,1
tumour/TCGA-QL-A97D-01Z-00-DX1_6144_36864.jpg,TCGA-QL-A97D,TCGA-QL-A97D-01Z-00-DX1,1,0.9961976,1
tumour/TCGA-QL-A97D-01Z-00-DX1_6656_24064.jpg,TCGA-QL-A97D,TCGA-QL-A97D-01Z-00-DX1,1,0.99900585,1
tumour/TCGA-QL-A97D-01Z-00-DX1_6656_31744.jpg,TCGA-QL-A97D,TCGA-QL-A97D-01Z-00-DX1,1,0.9427488,1
tumour/TCGA-QL-A97D-01Z-00-DX1_6656_32768.jpg,TCGA-QL-A97D,TCGA-QL-A97D-01Z-00-DX1,1,0.999087,1
tumour/TCGA-QL-A97D-01Z-00-DX1_6656_33280.jpg,TCGA-QL-A97D,TCGA-QL-A97D-01Z-00-DX1,1,0.9934794,1
tumour/TCGA-QL-A97D-01Z-00-DX1_6656_34304.jpg,TCGA-QL-A97D,TCGA-QL-A97D-01Z-00-DX1,1,0.9986216,1
tumour/TCGA-QL-A97D-01Z-00-DX1_6656_34816.jpg,TCGA-QL-A97D,TCGA-QL-A97D-01Z-00-DX1,1,0.99908626,1
tumour/TCGA-QL-A97D-01Z-00-DX1_6656_35840.jpg,TCGA-QL-A97D,TCGA-QL-A97D-01Z-00-DX1,1,0.48574436,0
tumour/TCGA-QL-A97D-01Z-00-DX1_7168_23040.jpg,TCGA-QL-A97D,TCGA-QL-A97D-01Z-00-DX1,1,0.9972052,1
tumour/TCGA-QL-A97D-01Z-00-DX1_7168_24064.jpg,TCGA-QL-A97D,TCGA-QL-A97D-01Z-00-DX1,1,0.98307014,1
tumour/TCGA-QL-A97D-01Z-00-DX1_7168_24576.jpg,TCGA-QL-A97D,TCGA-QL-A97D-01Z-00-DX1,1,0.9985751,1
tumour/TCGA-QL-A97D-01Z-00-DX1_7168_25600.jpg,TCGA-QL-A97D,TCGA-QL-A97D-01Z-00-DX1,1,0.99949074,1
tumour/TCGA-QL-A97D-01Z-00-DX1_7168_26112.jpg,TCGA-QL-A97D,TCGA-QL-A97D-01Z-00-DX1,1,0.9986939,1
tumour/TCGA-QL-A97D-01Z-00-DX1_7168_32256.jpg,TCGA-QL-A97D,TCGA-QL-A97D-01Z-00-DX1,1,0.9998946,1
tumour/TCGA-QL-A97D-01Z-00-DX1_7168_33280.jpg,TCGA-QL-A97D,TCGA-QL-A97D-01Z-00-DX1,1,0.84335065,1
tumour/TCGA-QL-A97D-01Z-00-DX1_7168_33792.jpg,TCGA-QL-A97D,TCGA-QL-A97D-01Z-00-DX1,1,0.99369794,1
tumour/TCGA-QL-A97D-01Z-00-DX1_7168_34816.jpg,TCGA-QL-A97D,TCGA-QL-A97D-01Z-00-DX1,1,0.99917907,1
tumour/TCGA-QL-A97D-01Z-00-DX1_7168_38400.jpg,TCGA-QL-A97D,TCGA-QL-A97D-01Z-00-DX1,1,0.99968493,1
tumour/TCGA-QL-A97D-01Z-00-DX1_7168_38912.jpg,TCGA-QL-A97D,TCGA-QL-A97D-01Z-00-DX1,1,0.9998369,1
tumour/TCGA-QL-A97D-01Z-00-DX1_7168_39424.jpg,TCGA-QL-A97D,TCGA-QL-A97D-01Z-00-DX1,1,0.95563334,1
tumour/TCGA-QL-A97D-01Z-00-DX1_7680_24576.jpg,TCGA-QL-A97D,TCGA-QL-A97D-01Z-00-DX1,1,0.9990854,1
tumour/TCGA-QL-A97D-01Z-00-DX1_7680_27136.jpg,TCGA-QL-A97D,TCGA-QL-A97D-01Z-00-DX1,1,0.9996427,1
tumour/TCGA-QL-A97D-01Z-00-DX1_7680_27648.jpg,TCGA-QL-A97D,TCGA-QL-A97D-01Z-00-DX1,1,0.99843687,1
tumour/TCGA-QL-A97D-01Z-00-DX1_7680_30720.jpg,TCGA-QL-A97D,TCGA-QL-A97D-01Z-00-DX1,1,0.99923086,1
tumour/TCGA-QL-A97D-01Z-00-DX1_7680_31232.jpg,TCGA-QL-A97D,TCGA-QL-A97D-01Z-00-DX1,1,0.9731607,1
tumour/TCGA-QL-A97D-01Z-00-DX1_7680_31744.jpg,TCGA-QL-A97D,TCGA-QL-A97D-01Z-00-DX1,1,0.9992574,1
tumour/TCGA-QL-A97D-01Z-00-DX1_7680_33280.jpg,TCGA-QL-A97D,TCGA-QL-A97D-01Z-00-DX1,1,0.86063814,1
tumour/TCGA-QL-A97D-01Z-00-DX1_7680_35328.jpg,TCGA-QL-A97D,TCGA-QL-A97D-01Z-00-DX1,1,0.99985254,1
tumour/TCGA-QL-A97D-01Z-00-DX1_7680_35840.jpg,TCGA-QL-A97D,TCGA-QL-A97D-01Z-00-DX1,1,0.9993274,1
tumour/TCGA-QL-A97D-01Z-00-DX1_7680_37888.jpg,TCGA-QL-A97D,TCGA-QL-A97D-01Z-00-DX1,1,0.999318,1
tumour/TCGA-QL-A97D-01Z-00-DX1_7680_38912.jpg,TCGA-QL-A97D,TCGA-QL-A97D-01Z-00-DX1,1,0.9999528,1
tumour/TCGA-QL-A97D-01Z-00-DX1_7680_40448.jpg,TCGA-QL-A97D,TCGA-QL-A97D-01Z-00-DX1,1,0.99989307,1
tumour/TCGA-QL-A97D-01Z-00-DX1_8192_22528.jpg,TCGA-QL-A97D,TCGA-QL-A97D-01Z-00-DX1,1,0.991601,1
tumour/TCGA-QL-A97D-01Z-00-DX1_8192_23552.jpg,TCGA-QL-A97D,TCGA-QL-A97D-01Z-00-DX1,1,0.9982432,1
tumour/TCGA-QL-A97D-01Z-00-DX1_8192_24064.jpg,TCGA-QL-A97D,TCGA-QL-A97D-01Z-00-DX1,1,0.84261465,1
tumour/TCGA-QL-A97D-01Z-00-DX1_8192_24576.jpg,TCGA-QL-A97D,TCGA-QL-A97D-01Z-00-DX1,1,0.99161315,1
tumour/TCGA-QL-A97D-01Z-00-DX1_8192_25088.jpg,TCGA-QL-A97D,TCGA-QL-A97D-01Z-00-DX1,1,0.97392625,1
tumour/TCGA-QL-A97D-01Z-00-DX1_8192_25600.jpg,TCGA-QL-A97D,TCGA-QL-A97D-01Z-00-DX1,1,0.9675127,1
tumour/TCGA-QL-A97D-01Z-00-DX1_8192_26112.jpg,TCGA-QL-A97D,TCGA-QL-A97D-01Z-00-DX1,1,0.99891555,1
tumour/TCGA-QL-A97D-01Z-00-DX1_8192_31232.jpg,TCGA-QL-A97D,TCGA-QL-A97D-01Z-00-DX1,1,0.9904276,1
tumour/TCGA-QL-A97D-01Z-00-DX1_8192_31744.jpg,TCGA-QL-A97D,TCGA-QL-A97D-01Z-00-DX1,1,0.9994332,1
tumour/TCGA-QL-A97D-01Z-00-DX1_8192_32256.jpg,TCGA-QL-A97D,TCGA-QL-A97D-01Z-00-DX1,1,0.98063517,1
tumour/TCGA-QL-A97D-01Z-00-DX1_8192_33280.jpg,TCGA-QL-A97D,TCGA-QL-A97D-01Z-00-DX1,1,0.9463405,1
tumour/TCGA-QL-A97D-01Z-00-DX1_8192_34304.jpg,TCGA-QL-A97D,TCGA-QL-A97D-01Z-00-DX1,1,0.9999181,1
tumour/TCGA-QL-A97D-01Z-00-DX1_8192_34816.jpg,TCGA-QL-A97D,TCGA-QL-A97D-01Z-00-DX1,1,0.9998784,1
tumour/TCGA-QL-A97D-01Z-00-DX1_8192_38912.jpg,TCGA-QL-A97D,TCGA-QL-A97D-01Z-00-DX1,1,0.99970907,1
tumour/TCGA-QL-A97D-01Z-00-DX1_8192_39424.jpg,TCGA-QL-A97D,TCGA-QL-A97D-01Z-00-DX1,1,0.99983096,1
tumour/TCGA-QL-A97D-01Z-00-DX1_8704_22016.jpg,TCGA-QL-A97D,TCGA-QL-A97D-01Z-00-DX1,1,0.99948525,1
tumour/TCGA-QL-A97D-01Z-00-DX1_8704_22528.jpg,TCGA-QL-A97D,TCGA-QL-A97D-01Z-00-DX1,1,0.99988806,1
tumour/TCGA-QL-A97D-01Z-00-DX1_8704_23040.jpg,TCGA-QL-A97D,TCGA-QL-A97D-01Z-00-DX1,1,0.9827346,1
tumour/TCGA-QL-A97D-01Z-00-DX1_8704_24576.jpg,TCGA-QL-A97D,TCGA-QL-A97D-01Z-00-DX1,1,0.9814889,1
tumour/TCGA-QL-A97D-01Z-00-DX1_8704_26624.jpg,TCGA-QL-A97D,TCGA-QL-A97D-01Z-00-DX1,1,0.99966025,1
tumour/TCGA-QL-A97D-01Z-00-DX1_8704_30720.jpg,TCGA-QL-A97D,TCGA-QL-A97D-01Z-00-DX1,1,0.9997092,1
tumour/TCGA-QL-A97D-01Z-00-DX1_8704_31232.jpg,TCGA-QL-A97D,TCGA-QL-A97D-01Z-00-DX1,1,0.999323,1
tumour/TCGA-QL-A97D-01Z-00-DX1_8704_31744.jpg,TCGA-QL-A97D,TCGA-QL-A97D-01Z-00-DX1,1,0.9987984,1
tumour/TCGA-QL-A97D-01Z-00-DX1_8704_32256.jpg,TCGA-QL-A97D,TCGA-QL-A97D-01Z-00-DX1,1,0.99888057,1
tumour/TCGA-QL-A97D-01Z-00-DX1_8704_34816.jpg,TCGA-QL-A97D,TCGA-QL-A97D-01Z-00-DX1,1,0.9520042,1
tumour/TCGA-QL-A97D-01Z-00-DX1_8704_35328.jpg,TCGA-QL-A97D,TCGA-QL-A97D-01Z-00-DX1,1,0.9995964,1
tumour/TCGA-QL-A97D-01Z-00-DX1_8704_35840.jpg,TCGA-QL-A97D,TCGA-QL-A97D-01Z-00-DX1,1,0.99893886,1
tumour/TCGA-QL-A97D-01Z-00-DX1_8704_36352.jpg,TCGA-QL-A97D,TCGA-QL-A97D-01Z-00-DX1,1,0.9993687,1
tumour/TCGA-QL-A97D-01Z-00-DX1_8704_36864.jpg,TCGA-QL-A97D,TCGA-QL-A97D-01Z-00-DX1,1,0.99987626,1
tumour/TCGA-QL-A97D-01Z-00-DX1_9216_21504.jpg,TCGA-QL-A97D,TCGA-QL-A97D-01Z-00-DX1,1,0.9999491,1
tumour/TCGA-QL-A97D-01Z-00-DX1_9216_22016.jpg,TCGA-QL-A97D,TCGA-QL-A97D-01Z-00-DX1,1,0.9974929,1
tumour/TCGA-QL-A97D-01Z-00-DX1_9216_22528.jpg,TCGA-QL-A97D,TCGA-QL-A97D-01Z-00-DX1,1,0.9948856,1
tumour/TCGA-QL-A97D-01Z-00-DX1_9216_23040.jpg,TCGA-QL-A97D,TCGA-QL-A97D-01Z-00-DX1,1,0.6544911,1
tumour/TCGA-QL-A97D-01Z-00-DX1_9216_24576.jpg,TCGA-QL-A97D,TCGA-QL-A97D-01Z-00-DX1,1,0.9992654,1
tumour/TCGA-QL-A97D-01Z-00-DX1_9216_25088.jpg,TCGA-QL-A97D,TCGA-QL-A97D-01Z-00-DX1,1,0.9974171,1
tumour/TCGA-QL-A97D-01Z-00-DX1_9216_25600.jpg,TCGA-QL-A97D,TCGA-QL-A97D-01Z-00-DX1,1,0.99991274,1
tumour/TCGA-QL-A97D-01Z-00-DX1_9216_26112.jpg,TCGA-QL-A97D,TCGA-QL-A97D-01Z-00-DX1,1,0.9995252,1
tumour/TCGA-QL-A97D-01Z-00-DX1_9216_27136.jpg,TCGA-QL-A97D,TCGA-QL-A97D-01Z-00-DX1,1,0.98844016,1
tumour/TCGA-QL-A97D-01Z-00-DX1_9216_30208.jpg,TCGA-QL-A97D,TCGA-QL-A97D-01Z-00-DX1,1,0.9991714,1
tumour/TCGA-QL-A97D-01Z-00-DX1_9216_30720.jpg,TCGA-QL-A97D,TCGA-QL-A97D-01Z-00-DX1,1,0.9992242,1
tumour/TCGA-QL-A97D-01Z-00-DX1_9216_31232.jpg,TCGA-QL-A97D,TCGA-QL-A97D-01Z-00-DX1,1,0.99974114,1
tumour/TCGA-QL-A97D-01Z-00-DX1_9216_31744.jpg,TCGA-QL-A97D,TCGA-QL-A97D-01Z-00-DX1,1,0.95202345,1
tumour/TCGA-QL-A97D-01Z-00-DX1_9216_32256.jpg,TCGA-QL-A97D,TCGA-QL-A97D-01Z-00-DX1,1,0.9988104,1
tumour/TCGA-QL-A97D-01Z-00-DX1_9216_32768.jpg,TCGA-QL-A97D,TCGA-QL-A97D-01Z-00-DX1,1,0.9768266,1
tumour/TCGA-QL-A97D-01Z-00-DX1_9216_34304.jpg,TCGA-QL-A97D,TCGA-QL-A97D-01Z-00-DX1,1,0.999783,1
tumour/TCGA-QL-A97D-01Z-00-DX1_9216_36352.jpg,TCGA-QL-A97D,TCGA-QL-A97D-01Z-00-DX1,1,0.9962914,1
tumour/TCGA-QL-A97D-01Z-00-DX1_9216_36864.jpg,TCGA-QL-A97D,TCGA-QL-A97D-01Z-00-DX1,1,0.9998241,1
tumour/TCGA-QL-A97D-01Z-00-DX1_9728_19456.jpg,TCGA-QL-A97D,TCGA-QL-A97D-01Z-00-DX1,1,0.98730916,1
tumour/TCGA-QL-A97D-01Z-00-DX1_9728_20480.jpg,TCGA-QL-A97D,TCGA-QL-A97D-01Z-00-DX1,1,0.99982435,1
tumour/TCGA-QL-A97D-01Z-00-DX1_9728_23040.jpg,TCGA-QL-A97D,TCGA-QL-A97D-01Z-00-DX1,1,0.9623172,1
tumour/TCGA-QL-A97D-01Z-00-DX1_9728_24576.jpg,TCGA-QL-A97D,TCGA-QL-A97D-01Z-00-DX1,1,0.9983929,1
tumour/TCGA-QL-A97D-01Z-00-DX1_9728_26112.jpg,TCGA-QL-A97D,TCGA-QL-A97D-01Z-00-DX1,1,0.99666023,1
tumour/TCGA-QL-A97D-01Z-00-DX1_9728_26624.jpg,TCGA-QL-A97D,TCGA-QL-A97D-01Z-00-DX1,1,0.99733305,1
tumour/TCGA-QL-A97D-01Z-00-DX1_9728_30208.jpg,TCGA-QL-A97D,TCGA-QL-A97D-01Z-00-DX1,1,0.999619,1
tumour/TCGA-QL-A97D-01Z-00-DX1_9728_30720.jpg,TCGA-QL-A97D,TCGA-QL-A97D-01Z-00-DX1,1,0.99954396,1
tumour/TCGA-QL-A97D-01Z-00-DX1_9728_31744.jpg,TCGA-QL-A97D,TCGA-QL-A97D-01Z-00-DX1,1,0.9798054,1
tumour/TCGA-QL-A97D-01Z-00-DX1_9728_32768.jpg,TCGA-QL-A97D,TCGA-QL-A97D-01Z-00-DX1,1,0.98051524,1
tumour/TCGA-QL-A97D-01Z-00-DX1_9728_35328.jpg,TCGA-QL-A97D,TCGA-QL-A97D-01Z-00-DX1,1,0.9897663,1
tumour/TCGA-QL-A97D-01Z-00-DX1_9728_35840.jpg,TCGA-QL-A97D,TCGA-QL-A97D-01Z-00-DX1,1,0.9995735,1
tumour/TCGA-QL-A97D-01Z-00-DX1_9728_36352.jpg,TCGA-QL-A97D,TCGA-QL-A97D-01Z-00-DX1,1,0.99135935,1
tumour/TCGA-QL-A97D-01Z-00-DX1_9728_37376.jpg,TCGA-QL-A97D,TCGA-QL-A97D-01Z-00-DX1,1,0.9967064,1
tumour/TCGA-QL-A97D-01Z-00-DX1_9728_39424.jpg,TCGA-QL-A97D,TCGA-QL-A97D-01Z-00-DX1,1,0.9999559,1
tumour/TCGA-QL-A97D-01Z-00-DX1_9728_39936.jpg,TCGA-QL-A97D,TCGA-QL-A97D-01Z-00-DX1,1,0.9999709,1
tumour/TCGA-QL-A97D-01Z-00-DX1_9728_40448.jpg,TCGA-QL-A97D,TCGA-QL-A97D-01Z-00-DX1,1,0.9956619,1
tumour/TCGA-QL-A97D-01Z-00-DX1_9728_40960.jpg,TCGA-QL-A97D,TCGA-QL-A97D-01Z-00-DX1,1,0.9937542,1
tumour/TCGA-QL-A97D-01Z-00-DX1_9728_41472.jpg,TCGA-QL-A97D,TCGA-QL-A97D-01Z-00-DX1,1,0.9997073,1
tumour/TCGA-QL-A97D-01Z-00-DX1_9728_41984.jpg,TCGA-QL-A97D,TCGA-QL-A97D-01Z-00-DX1,1,0.89571375,1
tumour/TCGA-QL-A97D-01Z-00-DX1_9728_42496.jpg,TCGA-QL-A97D,TCGA-QL-A97D-01Z-00-DX1,1,0.9988636,1
