relative_path,case_id,slide_id,label,probability,prediction
non-tumour/TCGA-AD-A5EJ-01Z-00-DX1_8704_6144.jpg,TCGA-AD-A5EJ,TCGA-AD-A5EJ-01Z-00-DX1,0,0.9971167,1
non-tumour/TCGA-AD-A5EJ-01Z-00-DX1_9216_6144.jpg,TCGA-AD-A5EJ,TCGA-AD-A5EJ-01Z-00-DX1,0,0.96067154,1
non-tumour/TCGA-AD-A5EJ-01Z-00-DX1_9216_7168.jpg,TCGA-AD-A5EJ,TCGA-AD-A5EJ-01Z-00-DX1,0,0.9677471,1
non-tumour/TCGA-AG-3882-01Z-00-DX1_7168_6656.jpg,TCGA-AG-3882,TCGA-AG-3882-01Z-00-DX1,0,0.2695884,0
non-tumour/TCGA-AG-3882-01Z-00-DX1_7168_7168.jpg,TCGA-AG-3882,TCGA-AG-3882-01Z-00-DX1,0,0.778923,1
non-tumour/TCGA-AG-3882-01Z-00-DX1_7680_6144.jpg,TCGA-AG-3882,TCGA-AG-3882-01Z-00-DX1,0,0.004391542,0
non-tumour/TCGA-AG-3882-01Z-00-DX1_7680_6656.jpg,TCGA-AG-3882,TCGA-AG-3882-01Z-00-DX1,0,0.0016582727,0
non-tumour/TCGA-AG-3882-01Z-00-DX1_7680_7680.jpg,TCGA-AG-3882,TCGA-AG-3882-01Z-00-DX1,0,0.0009447487,0
non-tumour/TCGA-AG-3882-01Z-00-DX1_7680_8704.jpg,TCGA-AG-3882,TCGA-AG-3882-01Z-00-DX1,0,0.002616007,0
non-tumour/TCGA-AG-3882-01Z-00-DX1_8192_6144.jpg,TCGA-AG-3882,TCGA-AG-3882-01Z-00-DX1,0,2.2869659e-05,0
non-tumour/TCGA-AG-3882-01Z-00-DX1_8192_6656.jpg,TCGA-AG-3882,TCGA-AG-3882-01Z-00-DX1,0,5.6408404e-05,0
non-tumour/TCGA-AG-3882-01Z-00-DX1_8192_7168.jpg,TCGA-AG-3882,TCGA-AG-3882-01Z-00-DX1,0,5.2842006e-05,0
non-tumour/TCGA-AG-3882-01Z-00-DX1_8192_8704.jpg,TCGA-AG-3882,TCGA-AG-3882-01Z-00-DX1,0,0.0025152063,0
non-tumour/TCGA-AG-3882-01Z-00-DX1_8192_9216.jpg,TCGA-AG-3882,TCGA-AG-3882-01Z-00-DX1,0,0.00068095006,0
non-tumour/TCGA-AG-3882-01Z-00-DX1_8704_6656.jpg,TCGA-AG-3882,TCGA-AG-3882-01Z-00-DX1,0,5.8146812e-05,0
non-tumour/TCGA-AG-3882-01Z-00-DX1_8704_7168.jpg,TCGA-AG-3882,TCGA-AG-3882-01Z-00-DX1,0,0.0015726209,0
non-tumour/TCGA-AG-3882-01Z-00-DX1_8704_7680.jpg,TCGA-AG-3882,TCGA-AG-3882-01Z-00-DX1,0,1.6273578e-05,0
non-tumour/TCGA-AG-3882-01Z-00-DX1_8704_8704.jpg,TCGA-AG-3882,TCGA-AG-3882-01Z-00-DX1,0,0.0017710826,0
non-tumour/TCGA-AG-3882-01Z-00-DX1_9216_5632.jpg,TCGA-AG-3882,TCGA-AG-3882-01Z-00-DX1,0,1.8713821e-05,0
non-tumour/TCGA-AG-3882-01Z-00-DX1_9216_6144.jpg,TCGA-AG-3882,TCGA-AG-3882-01Z-00-DX1,0,0.021372631,0
non-tumour/TCGA-AG-3882-01Z-00-DX1_9216_6656.jpg,TCGA-AG-3882,TCGA-AG-3882-01Z-00-DX1,0,0.0011692028,0
non-tumour/TCGA-AG-3882-01Z-00-DX1_9216_7680.jpg,TCGA-AG-3882,TCGA-AG-3882-01Z-00-DX1,0,0.00012339046,0
non-tumour/TCGA-AG-3882-01Z-00-DX1_9728_5632.jpg,TCGA-AG-3882,TCGA-AG-3882-01Z-00-DX1,0,0.015785072,0
non-tumour/TCGA-AG-3882-01Z-00-DX1_9728_6144.jpg,TCGA-AG-3882,TCGA-AG-3882-01Z-00-DX1,0,0.002022343,0
non-tumour/TCGA-AG-3882-01Z-00-DX1_9728_6656.jpg,TCGA-AG-3882,TCGA-AG-3882-01Z-00-DX1,0,0.0013246147,0
non-tumour/TCGA-CA-5796-01Z-00-DX1_10240_28160.jpg,TCGA-CA-5796,TCGA-CA-5796-01Z-00-DX1,0,5.7459795e-07,0
non-tumour/TCGA-CA-5796-01Z-00-DX1_10240_28672.jpg,TCGA-CA-5796,TCGA-CA-5796-01Z-00-DX1,0,0.0040301573,0
non-tumour/TCGA-CA-5796-01Z-00-DX1_10240_29184.jpg,TCGA-CA-5796,TCGA-CA-5796-01Z-00-DX1,0,0.0038519753,0
non-tumour/TCGA-CA-5796-01Z-00-DX1_10240_30720.jpg,TCGA-CA-5796,TCGA-CA-5796-01Z-00-DX1,0,6.23475e-06,0
non-tumour/TCGA-CA-5796-01Z-00-DX1_10240_31744.jpg,TCGA-CA-5796,TCGA-CA-5796-01Z-00-DX1,0,0.0014584936,0
non-tumour/TCGA-CA-5796-01Z-00-DX1_10240_32256.jpg,TCGA-CA-5796,TCGA-CA-5796-01Z-00-DX1,0,0.0011611654,0
non-tumour/TCGA-CA-5796-01Z-00-DX1_10240_32768.jpg,TCGA-CA-5796,TCGA-CA-5796-01Z-00-DX1,0,2.1502596e-05,0
non-tumour/TCGA-CA-5796-01Z-00-DX1_10240_33280.jpg,TCGA-CA-5796,TCGA-CA-5796-01Z-00-DX1,0,3.06032e-06,0
non-tumour/TCGA-CA-5796-01Z-00-DX1_10240_33792.jpg,TCGA-CA-5796,TCGA-CA-5796-01Z-00-DX1,0,9.785729e-07,0
non-tumour/TCGA-CA-5796-01Z-00-DX1_10240_34816.jpg,TCGA-CA-5796,TCGA-CA-5796-01Z-00-DX1,0,1.5164928e-05,0
non-tumour/TCGA-CA-5796-01Z-00-DX1_10240_35328.jpg,TCGA-CA-5796,TCGA-CA-5796-01Z-00-DX1,0,1.9939955e-06,0
non-tumour/TCGA-CA-5796-01Z-00-DX1_10240_36864.jpg,TCGA-CA-5796,TCGA-CA-5796-01Z-00-DX1,0,5.162311e-05,0
non-tumour/TCGA-CA-5796-01Z-00-DX1_10240_37888.jpg,TCGA-CA-5796,TCGA-CA-5796-01Z-00-DX1,0,1.0155256e-05,0
non-tumour/TCGA-CA-5796-01Z-00-DX1_10240_38400.jpg,TCGA-CA-5796,TCGA-CA-5796-01Z-00-DX1,0,1.2196292e-05,0
non-tumour/TCGA-CA-5796-01Z-00-DX1_1024_30208.jpg,TCGA-CA-5796,TCGA-CA-5796-01Z-00-DX1,0,2.651067e-07,0
non-tumour/TCGA-CA-5796-01Z-00-DX1_1024_30720.jpg,TCGA-CA-5796,TCGA-CA-5796-01Z-00-DX1,0,1.0983314e-07,0
non-tumour/TCGA-CA-5796-01Z-00-DX1_1024_31744.jpg,TCGA-CA-5796,TCGA-CA-5796-01Z-00-DX1,0,1.4152831e-05,0
non-tumour/TCGA-CA-5796-01Z-00-DX1_10752_27648.jpg,TCGA-CA-5796,TCGA-CA-5796-01Z-00-DX1,0,0.00021688787,0
non-tumour/TCGA-CA-5796-01Z-00-DX1_10752_28160.jpg,TCGA-CA-5796,TCGA-CA-5796-01Z-00-DX1,0,7.0546444e-06,0
non-tumour/TCGA-CA-5796-01Z-00-DX1_10752_29696.jpg,TCGA-CA-5796,TCGA-CA-5796-01Z-00-DX1,0,1.9438581e-05,0
non-tumour/TCGA-CA-5796-01Z-00-DX1_10752_30208.jpg,TCGA-CA-5796,TCGA-CA-5796-01Z-00-DX1,0,3.3538842e-07,0
non-tumour/TCGA-CA-5796-01Z-00-DX1_10752_31232.jpg,TCGA-CA-5796,TCGA-CA-5796-01Z-00-DX1,0,2.0901975e-06,0
non-tumour/TCGA-CA-5796-01Z-00-DX1_10752_31744.jpg,TCGA-CA-5796,TCGA-CA-5796-01Z-00-DX1,0,3.8579306e-05,0
non-tumour/TCGA-CA-5796-01Z-00-DX1_10752_33792.jpg,TCGA-CA-5796,TCGA-CA-5796-01Z-00-DX1,0,0.0003323564,0
non-tumour/TCGA-CA-5796-01Z-00-DX1_10752_35328.jpg,TCGA-CA-5796,TCGA-CA-5796-01Z-00-DX1,0,9.877513e-06,0
non-tumour/TCGA-CA-5796-01Z-00-DX1_10752_36352.jpg,TCGA-CA-5796,TCGA-CA-5796-01Z-00-DX1,0,0.00016108833,0
non-tumour/TCGA-CA-5796-01Z-00-DX1_10752_38400.jpg,TCGA-CA-5796,TCGA-CA-5796-01Z-00-DX1,0,0.007635006,0
non-tumour/TCGA-CA-5796-01Z-00-DX1_10752_38912.jpg,TCGA-CA-5796,TCGA-CA-5796-01Z-00-DX1,0,0.0007426805,0
non-tumour/TCGA-CA-5796-01Z-00-DX1_11264_27648.jpg,TCGA-CA-5796,TCGA-CA-5796-01Z-00-DX1,0,9.578928e-07,0
non-tumour/TCGA-CA-5796-01Z-00-DX1_11264_28160.jpg,TCGA-CA-5796,TCGA-CA-5796-01Z-00-DX1,0,3.9720735e-06,0
non-tumour/TCGA-CA-5796-01Z-00-DX1_11264_28672.jpg,TCGA-CA-5796,TCGA-CA-5796-01Z-00-DX1,0,8.20469e-06,0
non-tumour/TCGA-CA-5796-01Z-00-DX1_11264_29184.jpg,TCGA-CA-5796,TCGA-CA-5796-01Z-00-DX1,0,7.449916e-05,0
non-tumour/TCGA-CA-5796-01Z-00-DX1_11264_29696.jpg,TCGA-CA-5796,TCGA-CA-5796-01Z-00-DX1,0,1.4266986e-06,0
non-tumour/TCGA-CA-5796-01Z-00-DX1_11264_31232.jpg,TCGA-CA-5796,TCGA-CA-5796-01Z-00-DX1,0,1.2783635e-05,0
non-tumour/TCGA-CA-5796-01Z-00-DX1_11264_31744.jpg,TCGA-CA-5796,TCGA-CA-5796-01Z-00-DX1,0,1.3072412e-06,0
non-tumour/TCGA-CA-5796-01Z-00-DX1_11264_33792.jpg,TCGA-CA-5796,TCGA-CA-5796-01Z-00-DX1,0,6.131056e-05,0
non-tumour/TCGA-CA-5796-01Z-00-DX1_11264_35328.jpg,TCGA-CA-5796,TCGA-CA-5796-01Z-00-DX1,0,0.00044154888,0
non-tumour/TCGA-CA-5796-01Z-00-DX1_11264_35840.jpg,TCGA-CA-5796,TCGA-CA-5796-01Z-00-DX1,0,0.00034762407,0
non-tumour/TCGA-CA-5796-01Z-00-DX1_11264_37888.jpg,TCGA-CA-5796,TCGA-CA-5796-01Z-00-DX1,0,0.00010599418,0
non-tumour/TCGA-CA-5796-01Z-00-DX1_11264_39424.jpg,TCGA-CA-5796,TCGA-CA-5796-01Z-00-DX1,0,0.00040846478,0
non-tumour/TCGA-CA-5796-01Z-00-DX1_11264_40448.jpg,TCGA-CA-5796,TCGA-CA-5796-01Z-00-DX1,0,0.0040235464,0
non-tumour/TCGA-CA-5796-01Z-00-DX1_11776_28160.jpg,TCGA-CA-5796,TCGA-CA-5796-01Z-00-DX1,0,8.0675534e-05,0
non-tumour/TCGA-CA-5796-01Z-00-DX1_11776_28672.jpg,TCGA-CA-5796,TCGA-CA-5796-01Z-00-DX1,0,1.680968e-05,0
non-tumour/TCGA-CA-5796-01Z-00-DX1_11776_29696.jpg,TCGA-CA-5796,TCGA-CA-5796-01Z-00-DX1,0,3.3257295e-06,0
non-tumour/TCGA-CA-5796-01Z-00-DX1_11776_30208.jpg,TCGA-CA-5796,TCGA-CA-5796-01Z-00-DX1,0,7.743159e-07,0
non-tumour/TCGA-CA-5796-01Z-00-DX1_11776_30720.jpg,TCGA-CA-5796,TCGA-CA-5796-01Z-00-DX1,0,1.0655265e-05,0
non-tumour/TCGA-CA-5796-01Z-00-DX1_11776_31232.jpg,TCGA-CA-5796,TCGA-CA-5796-01Z-00-DX1,0,0.00042226908,0
non-tumour/TCGA-CA-5796-01Z-00-DX1_11776_31744.jpg,TCGA-CA-5796,TCGA-CA-5796-01Z-00-DX1,0,1.366941e-05,0
non-tumour/TCGA-CA-5796-01Z-00-DX1_11776_32768.jpg,TCGA-CA-5796,TCGA-CA-5796-01Z-00-DX1,0,0.0030814752,0
non-tumour/TCGA-CA-5796-01Z-00-DX1_11776_33280.jpg,TCGA-CA-5796,TCGA-CA-5796-01Z-00-DX1,0,0.00025532342,0
non-tumour/TCGA-CA-5796-01Z-00-DX1_11776_34816.jpg,TCGA-CA-5796,TCGA-CA-5796-01Z-00-DX1,0,1.44532605e-05,0
non-tumour/TCGA-CA-5796-01Z-00-DX1_11776_35328.jpg,TCGA-CA-5796,TCGA-CA-5796-01Z-00-DX1,0,8.709334e-05,0
non-tumour/TCGA-CA-5796-01Z-00-DX1_11776_36864.jpg,TCGA-CA-5796,TCGA-CA-5796-01Z-00-DX1,0,3.1250718e-06,0
non-tumour/TCGA-CA-5796-01Z-00-DX1_11776_37376.jpg,TCGA-CA-5796,TCGA-CA-5796-01Z-00-DX1,0,5.67893e-05,0
non-tumour/TCGA-CA-5796-01Z-00-DX1_11776_37888.jpg,TCGA-CA-5796,TCGA-CA-5796-01Z-00-DX1,0,0.000726112,0
non-tumour/TCGA-CA-5796-01Z-00-DX1_11776_38912.jpg,TCGA-CA-5796,TCGA-CA-5796-01Z-00-DX1,0,3.559024e-07,0
non-tumour/TCGA-CA-5796-01Z-00-DX1_11776_39424.jpg,TCGA-CA-5796,TCGA-CA-5796-01Z-00-DX1,0,0.00018052047,0
non-tumour/TCGA-CA-5796-01Z-00-DX1_12288_15872.jpg,TCGA-CA-5796,TCGA-CA-5796-01Z-00-DX1,0,0.06571049,0
non-tumour/TCGA-CA-5796-01Z-00-DX1_12288_28672.jpg,TCGA-CA-5796,TCGA-CA-5796-01Z-00-DX1,0,1.3361182e-06,0
non-tumour/TCGA-CA-5796-01Z-00-DX1_12288_29184.jpg,TCGA-CA-5796,TCGA-CA-5796-01Z-00-DX1,0,1.6244829e-06,0
non-tumour/TCGA-CA-5796-01Z-00-DX1_12288_30208.jpg,TCGA-CA-5796,TCGA-CA-5796-01Z-00-DX1,0,7.6902625e-06,0
non-tumour/TCGA-CA-5796-01Z-00-DX1_12288_30720.jpg,TCGA-CA-5796,TCGA-CA-5796-01Z-00-DX1,0,2.2512444e-05,0
non-tumour/TCGA-CA-5796-01Z-00-DX1_12288_31232.jpg,TCGA-CA-5796,TCGA-CA-5796-01Z-00-DX1,0,7.2761795e-06,0
non-tumour/TCGA-CA-5796-01Z-00-DX1_12288_31744.jpg,TCGA-CA-5796,TCGA-CA-5796-01Z-00-DX1,0,7.048733e-05,0
non-tumour/TCGA-CA-5796-01Z-00-DX1_12288_33280.jpg,TCGA-CA-5796,TCGA-CA-5796-01Z-00-DX1,0,9.557409e-05,0
non-tumour/TCGA-CA-5796-01Z-00-DX1_12288_35328.jpg,TCGA-CA-5796,TCGA-CA-5796-01Z-00-DX1,0,1.4789445e-05,0
non-tumour/TCGA-CA-5796-01Z-00-DX1_12288_35840.jpg,TCGA-CA-5796,TCGA-CA-5796-01Z-00-DX1,0,0.00012636391,0
non-tumour/TCGA-CA-5796-01Z-00-DX1_12288_36352.jpg,TCGA-CA-5796,TCGA-CA-5796-01Z-00-DX1,0,0.00021192979,0
non-tumour/TCGA-CA-5796-01Z-00-DX1_12288_37376.jpg,TCGA-CA-5796,TCGA-CA-5796-01Z-00-DX1,0,0.002913239,0
non-tumour/TCGA-CA-5796-01Z-00-DX1_12288_38400.jpg,TCGA-CA-5796,TCGA-CA-5796-01Z-00-DX1,0,0.00019997952,0
non-tumour/TCGA-CA-5796-01Z-00-DX1_12288_40448.jpg,TCGA-CA-5796,TCGA-CA-5796-01Z-00-DX1,0,0.23735766,0
non-tumour/TCGA-CA-5796-01Z-00-DX1_12800_16384.jpg,TCGA-CA-5796,TCGA-CA-5796-01Z-00-DX1,0,0.0013506938,0
non-tumour/TCGA-CA-5796-01Z-00-DX1_12800_28672.jpg,TCGA-CA-5796,TCGA-CA-5796-01Z-00-DX1,0,0.0006700548,0
non-tumour/TCGA-CA-5796-01Z-00-DX1_12800_30208.jpg,TCGA-CA-5796,TCGA-CA-5796-01Z-00-DX1,0,5.7289173e-05,0
non-tumour/TCGA-CA-5796-01Z-00-DX1_12800_31744.jpg,TCGA-CA-5796,TCGA-CA-5796-01Z-00-DX1,0,2.117916e-06,0
non-tumour/TCGA-CA-5796-01Z-00-DX1_12800_32256.jpg,TCGA-CA-5796,TCGA-CA-5796-01Z-00-DX1,0,1.6716942e-05,0
non-tumour/TCGA-CA-5796-01Z-00-DX1_12800_34304.jpg,TCGA-CA-5796,TCGA-CA-5796-01Z-00-DX1,0,8.370515e-05,0
non-tumour/TCGA-CA-5796-01Z-00-DX1_12800_34816.jpg,TCGA-CA-5796,TCGA-CA-5796-01Z-00-DX1,0,0.00013069737,0
non-tumour/TCGA-CA-5796-01Z-00-DX1_12800_36864.jpg,TCGA-CA-5796,TCGA-CA-5796-01Z-00-DX1,0,0.00010874126,0
non-tumour/TCGA-CA-5796-01Z-00-DX1_12800_37888.jpg,TCGA-CA-5796,TCGA-CA-5796-01Z-00-DX1,0,0.0009264912,0
non-tumour/TCGA-CA-5796-01Z-00-DX1_12800_38400.jpg,TCGA-CA-5796,TCGA-CA-5796-01Z-00-DX1,0,7.9670426e-05,0
non-tumour/TCGA-CA-5796-01Z-00-DX1_12800_39424.jpg,TCGA-CA-5796,TCGA-CA-5796-01Z-00-DX1,0,0.0024921529,0
non-tumour/TCGA-CA-5796-01Z-00-DX1_12800_39936.jpg,TCGA-CA-5796,TCGA-CA-5796-01Z-00-DX1,0,0.00080485485,0
non-tumour/TCGA-CA-5796-01Z-00-DX1_12800_40448.jpg,TCGA-CA-5796,TCGA-CA-5796-01Z-00-DX1,0,0.09320819,0
non-tumour/TCGA-CA-5796-01Z-00-DX1_13312_16384.jpg,TCGA-CA-5796,TCGA-CA-5796-01Z-00-DX1,0,4.3282093e-06,0
non-tumour/TCGA-CA-5796-01Z-00-DX1_13312_16896.jpg,TCGA-CA-5796,TCGA-CA-5796-01Z-00-DX1,0,1.4752807e-05,0
non-tumour/TCGA-CA-5796-01Z-00-DX1_13312_18944.jpg,TCGA-CA-5796,TCGA-CA-5796-01Z-00-DX1,0,2.7617098e-06,0
non-tumour/TCGA-CA-5796-01Z-00-DX1_13312_19968.jpg,TCGA-CA-5796,TCGA-CA-5796-01Z-00-DX1,0,6.3166167e-06,0
non-tumour/TCGA-CA-5796-01Z-00-DX1_13312_27648.jpg,TCGA-CA-5796,TCGA-CA-5796-01Z-00-DX1,0,4.2865747e-07,0
non-tumour/TCGA-CA-5796-01Z-00-DX1_13312_29184.jpg,TCGA-CA-5796,TCGA-CA-5796-01Z-00-DX1,0,5.6589168e-05,0
non-tumour/TCGA-CA-5796-01Z-00-DX1_13312_30208.jpg,TCGA-CA-5796,TCGA-CA-5796-01Z-00-DX1,0,0.005277993,0
non-tumour/TCGA-CA-5796-01Z-00-DX1_13312_30720.jpg,TCGA-CA-5796,TCGA-CA-5796-01Z-00-DX1,0,1.4721409e-05,0
non-tumour/TCGA-CA-5796-01Z-00-DX1_13312_31232.jpg,TCGA-CA-5796,TCGA-CA-5796-01Z-00-DX1,0,0.0001379395,0
non-tumour/TCGA-CA-5796-01Z-00-DX1_13312_31744.jpg,TCGA-CA-5796,TCGA-CA-5796-01Z-00-DX1,0,8.820333e-06,0
non-tumour/TCGA-CA-5796-01Z-00-DX1_13312_32256.jpg,TCGA-CA-5796,TCGA-CA-5796-01Z-00-DX1,0,2.2108877e-07,0
non-tumour/TCGA-CA-5796-01Z-00-DX1_13312_34304.jpg,TCGA-CA-5796,TCGA-CA-5796-01Z-00-DX1,0,0.025117679,0
non-tumour/TCGA-CA-5796-01Z-00-DX1_13312_36864.jpg,TCGA-CA-5796,TCGA-CA-5796-01Z-00-DX1,0,0.015671834,0
non-tumour/TCGA-CA-5796-01Z-00-DX1_13312_37376.jpg,TCGA-CA-5796,TCGA-CA-5796-01Z-00-DX1,0,9.138117e-05,0
non-tumour/TCGA-CA-5796-01Z-00-DX1_13312_37888.jpg,TCGA-CA-5796,TCGA-CA-5796-01Z-00-DX1,0,8.876938e-05,0
non-tumour/TCGA-CA-5796-01Z-00-DX1_13312_38400.jpg,TCGA-CA-5796,TCGA-CA-5796-01Z-00-DX1,0,0.00013458573,0
non-tumour/TCGA-CA-5796-01Z-00-DX1_13312_39424.jpg,TCGA-CA-5796,TCGA-CA-5796-01Z-00-DX1,0,0.00010360762,0
non-tumour/TCGA-CA-5796-01Z-00-DX1_13312_39936.jpg,TCGA-CA-5796,TCGA-CA-5796-01Z-00-DX1,0,0.0034369524,0
non-tumour/TCGA-CA-5796-01Z-00-DX1_13312_40960.jpg,TCGA-CA-5796,TCGA-CA-5796-01Z-00-DX1,0,0.8660038,1
non-tumour/TCGA-CA-5796-01Z-00-DX1_13312_41472.jpg,TCGA-CA-5796,TCGA-CA-5796-01Z-00-DX1,0,0.18818855,0
non-tumour/TCGA-CA-5796-01Z-00-DX1_13824_16896.jpg,TCGA-CA-5796,TCGA-CA-5796-01Z-00-DX1,0,0.0017901687,0
non-tumour/TCGA-CA-5796-01Z-00-DX1_13824_19968.jpg,TCGA-CA-5796,TCGA-CA-5796-01Z-00-DX1,0,0.0034758302,0
non-tumour/TCGA-CA-5796-01Z-00-DX1_13824_20480.jpg,TCGA-CA-5796,TCGA-CA-5796-01Z-00-DX1,0,0.004599997,0
non-tumour/TCGA-CA-5796-01Z-00-DX1_13824_28160.jpg,TCGA-CA-5796,TCGA-CA-5796-01Z-00-DX1,0,0.00027408884,0
non-tumour/TCGA-CA-5796-01Z-00-DX1_13824_28672.jpg,TCGA-CA-5796,TCGA-CA-5796-01Z-00-DX1,0,0.0007293834,0
non-tumour/TCGA-CA-5796-01Z-00-DX1_13824_30208.jpg,TCGA-CA-5796,TCGA-CA-5796-01Z-00-DX1,0,6.1379496e-06,0
non-tumour/TCGA-CA-5796-01Z-00-DX1_13824_30720.jpg,TCGA-CA-5796,TCGA-CA-5796-01Z-00-DX1,0,0.00025453372,0
non-tumour/TCGA-CA-5796-01Z-00-DX1_13824_31744.jpg,TCGA-CA-5796,TCGA-CA-5796-01Z-00-DX1,0,1.7244176e-06,0
non-tumour/TCGA-CA-5796-01Z-00-DX1_13824_32256.jpg,TCGA-CA-5796,TCGA-CA-5796-01Z-00-DX1,0,1.657259e-05,0
non-tumour/TCGA-CA-5796-01Z-00-DX1_13824_32768.jpg,TCGA-CA-5796,TCGA-CA-5796-01Z-00-DX1,0,5.5686705e-06,0
non-tumour/TCGA-CA-5796-01Z-00-DX1_13824_33792.jpg,TCGA-CA-5796,TCGA-CA-5796-01Z-00-DX1,0,8.58735e-06,0
non-tumour/TCGA-CA-5796-01Z-00-DX1_13824_34816.jpg,TCGA-CA-5796,TCGA-CA-5796-01Z-00-DX1,0,0.0038172056,0
non-tumour/TCGA-CA-5796-01Z-00-DX1_13824_35840.jpg,TCGA-CA-5796,TCGA-CA-5796-01Z-00-DX1,0,0.029965376,0
non-tumour/TCGA-CA-5796-01Z-00-DX1_13824_36352.jpg,TCGA-CA-5796,TCGA-CA-5796-01Z-00-DX1,0,0.011584349,0
non-tumour/TCGA-CA-5796-01Z-00-DX1_13824_37888.jpg,TCGA-CA-5796,TCGA-CA-5796-01Z-00-DX1,0,0.00030364803,0
non-tumour/TCGA-CA-5796-01Z-00-DX1_13824_38400.jpg,TCGA-CA-5796,TCGA-CA-5796-01Z-00-DX1,0,0.0012610682,0
non-tumour/TCGA-CA-5796-01Z-00-DX1_13824_38912.jpg,TCGA-CA-5796,TCGA-CA-5796-01Z-00-DX1,0,5.2991934e-05,0
non-tumour/TCGA-CA-5796-01Z-00-DX1_13824_40448.jpg,TCGA-CA-5796,TCGA-CA-5796-01Z-00-DX1,0,0.39538535,0
non-tumour/TCGA-CA-5796-01Z-00-DX1_14336_16896.jpg,TCGA-CA-5796,TCGA-CA-5796-01Z-00-DX1,0,5.5462306e-06,0
non-tumour/TCGA-CA-5796-01Z-00-DX1_14336_17408.jpg,TCGA-CA-5796,TCGA-CA-5796-01Z-00-DX1,0,5.756501e-08,0
non-tumour/TCGA-CA-5796-01Z-00-DX1_14336_18432.jpg,TCGA-CA-5796,TCGA-CA-5796-01Z-00-DX1,0,4.977519e-07,0
non-tumour/TCGA-CA-5796-01Z-00-DX1_14336_18944.jpg,TCGA-CA-5796,TCGA-CA-5796-01Z-00-DX1,0,1.2465447e-06,0
non-tumour/TCGA-CA-5796-01Z-00-DX1_14336_19456.jpg,TCGA-CA-5796,TCGA-CA-5796-01Z-00-DX1,0,8.211385e-07,0
non-tumour/TCGA-CA-5796-01Z-00-DX1_14336_19968.jpg,TCGA-CA-5796,TCGA-CA-5796-01Z-00-DX1,0,3.8284932e-05,0
non-tumour/TCGA-CA-5796-01Z-00-DX1_14336_29184.jpg,TCGA-CA-5796,TCGA-CA-5796-01Z-00-DX1,0,9.2673105e-07,0
non-tumour/TCGA-CA-5796-01Z-00-DX1_14336_29696.jpg,TCGA-CA-5796,TCGA-CA-5796-01Z-00-DX1,0,0.00011669146,0
non-tumour/TCGA-CA-5796-01Z-00-DX1_14336_30208.jpg,TCGA-CA-5796,TCGA-CA-5796-01Z-00-DX1,0,0.0003042232,0
non-tumour/TCGA-CA-5796-01Z-00-DX1_14336_32256.jpg,TCGA-CA-5796,TCGA-CA-5796-01Z-00-DX1,0,3.58702e-06,0
non-tumour/TCGA-CA-5796-01Z-00-DX1_14336_34304.jpg,TCGA-CA-5796,TCGA-CA-5796-01Z-00-DX1,0,0.0024141471,0
non-tumour/TCGA-CA-5796-01Z-00-DX1_14336_34816.jpg,TCGA-CA-5796,TCGA-CA-5796-01Z-00-DX1,0,0.010142392,0
non-tumour/TCGA-CA-5796-01Z-00-DX1_14336_35840.jpg,TCGA-CA-5796,TCGA-CA-5796-01Z-00-DX1,0,0.0012971418,0
non-tumour/TCGA-CA-5796-01Z-00-DX1_14336_36352.jpg,TCGA-CA-5796,TCGA-CA-5796-01Z-00-DX1,0,0.00012597891,0
non-tumour/TCGA-CA-5796-01Z-00-DX1_14336_37376.jpg,TCGA-CA-5796,TCGA-CA-5796-01Z-00-DX1,0,0.008849437,0
non-tumour/TCGA-CA-5796-01Z-00-DX1_14336_38400.jpg,TCGA-CA-5796,TCGA-CA-5796-01Z-00-DX1,0,0.0025701884,0
non-tumour/TCGA-CA-5796-01Z-00-DX1_14336_39424.jpg,TCGA-CA-5796,TCGA-CA-5796-01Z-00-DX1,0,7.2144703e-06,0
non-tumour/TCGA-CA-5796-01Z-00-DX1_14336_39936.jpg,TCGA-CA-5796,TCGA-CA-5796-01Z-00-DX1,0,1.4454749e-05,0
non-tumour/TCGA-CA-5796-01Z-00-DX1_14336_40960.jpg,TCGA-CA-5796,TCGA-CA-5796-01Z-00-DX1,0,0.33257273,0
non-tumour/TCGA-CA-5796-01Z-00-DX1_14336_41472.jpg,TCGA-CA-5796,TCGA-CA-5796-01Z-00-DX1,0,0.77509195,1
non-tumour/TCGA-CA-5796-01Z-00-DX1_14848_16896.jpg,TCGA-CA-5796,TCGA-CA-5796-01Z-00-DX1,0,1.143173e-06,0
non-tumour/TCGA-CA-5796-01Z-00-DX1_14848_17408.jpg,TCGA-CA-5796,TCGA-CA-5796-01Z-00-DX1,0,6.1729475e-06,0
non-tumour/TCGA-CA-5796-01Z-00-DX1_14848_17920.jpg,TCGA-CA-5796,TCGA-CA-5796-01Z-00-DX1,0,2.464463e-06,0
non-tumour/TCGA-CA-5796-01Z-00-DX1_14848_18944.jpg,TCGA-CA-5796,TCGA-CA-5796-01Z-00-DX1,0,1.1360424e-06,0
non-tumour/TCGA-CA-5796-01Z-00-DX1_14848_19456.jpg,TCGA-CA-5796,TCGA-CA-5796-01Z-00-DX1,0,8.994271e-06,0
non-tumour/TCGA-CA-5796-01Z-00-DX1_14848_28672.jpg,TCGA-CA-5796,TCGA-CA-5796-01Z-00-DX1,0,1.3543029e-06,0
non-tumour/TCGA-CA-5796-01Z-00-DX1_14848_31232.jpg,TCGA-CA-5796,TCGA-CA-5796-01Z-00-DX1,0,1.56647e-05,0
non-tumour/TCGA-CA-5796-01Z-00-DX1_14848_31744.jpg,TCGA-CA-5796,TCGA-CA-5796-01Z-00-DX1,0,2.3197208e-07,0
non-tumour/TCGA-CA-5796-01Z-00-DX1_14848_32256.jpg,TCGA-CA-5796,TCGA-CA-5796-01Z-00-DX1,0,3.9833553e-06,0
non-tumour/TCGA-CA-5796-01Z-00-DX1_14848_32768.jpg,TCGA-CA-5796,TCGA-CA-5796-01Z-00-DX1,0,4.1355484e-06,0
non-tumour/TCGA-CA-5796-01Z-00-DX1_14848_33792.jpg,TCGA-CA-5796,TCGA-CA-5796-01Z-00-DX1,0,5.5465116e-05,0
non-tumour/TCGA-CA-5796-01Z-00-DX1_14848_34304.jpg,TCGA-CA-5796,TCGA-CA-5796-01Z-00-DX1,0,0.0003003843,0
non-tumour/TCGA-CA-5796-01Z-00-DX1_14848_35328.jpg,TCGA-CA-5796,TCGA-CA-5796-01Z-00-DX1,0,1.5820649e-06,0
non-tumour/TCGA-CA-5796-01Z-00-DX1_14848_35840.jpg,TCGA-CA-5796,TCGA-CA-5796-01Z-00-DX1,0,0.0001415325,0
non-tumour/TCGA-CA-5796-01Z-00-DX1_14848_37376.jpg,TCGA-CA-5796,TCGA-CA-5796-01Z-00-DX1,0,0.0001764757,0
non-tumour/TCGA-CA-5796-01Z-00-DX1_14848_37888.jpg,TCGA-CA-5796,TCGA-CA-5796-01Z-00-DX1,0,8.152647e-05,0
non-tumour/TCGA-CA-5796-01Z-00-DX1_14848_38400.jpg,TCGA-CA-5796,TCGA-CA-5796-01Z-00-DX1,0,0.00027410476,0
non-tumour/TCGA-CA-5796-01Z-00-DX1_14848_39424.jpg,TCGA-CA-5796,TCGA-CA-5796-01Z-00-DX1,0,6.974302e-05,0
non-tumour/TCGA-CA-5796-01Z-00-DX1_14848_40960.jpg,TCGA-CA-5796,TCGA-CA-5796-01Z-00-DX1,0,0.0015673202,0
non-tumour/TCGA-CA-5796-01Z-00-DX1_15360_15360.jpg,TCGA-CA-5796,TCGA-CA-5796-01Z-00-DX1,0,0.012007955,0
non-tumour/TCGA-CA-5796-01Z-00-DX1_15360_15872.jpg,TCGA-CA-5796,TCGA-CA-5796-01Z-00-DX1,0,1.2352891e-05,0
non-tumour/TCGA-CA-5796-01Z-00-DX1_15360_16384.jpg,TCGA-CA-5796,TCGA-CA-5796-01Z-00-DX1,0,3.2949378e-05,0
non-tumour/TCGA-CA-5796-01Z-00-DX1_15360_16896.jpg,TCGA-CA-5796,TCGA-CA-5796-01Z-00-DX1,0,2.005218e-06,0
non-tumour/TCGA-CA-5796-01Z-00-DX1_15360_19968.jpg,TCGA-CA-5796,TCGA-CA-5796-01Z-00-DX1,0,1.8264669e-06,0
non-tumour/TCGA-CA-5796-01Z-00-DX1_15360_29184.jpg,TCGA-CA-5796,TCGA-CA-5796-01Z-00-DX1,0,8.730176e-07,0
non-tumour/TCGA-CA-5796-01Z-00-DX1_15360_29696.jpg,TCGA-CA-5796,TCGA-CA-5796-01Z-00-DX1,0,7.4543204e-06,0
non-tumour/TCGA-CA-5796-01Z-00-DX1_15360_30208.jpg,TCGA-CA-5796,TCGA-CA-5796-01Z-00-DX1,0,4.519519e-05,0
non-tumour/TCGA-CA-5796-01Z-00-DX1_15360_30720.jpg,TCGA-CA-5796,TCGA-CA-5796-01Z-00-DX1,0,1.6228927e-06,0
non-tumour/TCGA-CA-5796-01Z-00-DX1_15360_31232.jpg,TCGA-CA-5796,TCGA-CA-5796-01Z-00-DX1,0,6.7916524e-05,0
non-tumour/TCGA-CA-5796-01Z-00-DX1_15360_32256.jpg,TCGA-CA-5796,TCGA-CA-5796-01Z-00-DX1,0,0.001192726,0
non-tumour/TCGA-CA-5796-01Z-00-DX1_15360_33280.jpg,TCGA-CA-5796,TCGA-CA-5796-01Z-00-DX1,0,3.4027606e-05,0
non-tumour/TCGA-CA-5796-01Z-00-DX1_15360_34304.jpg,TCGA-CA-5796,TCGA-CA-5796-01Z-00-DX1,0,0.0005805696,0
non-tumour/TCGA-CA-5796-01Z-00-DX1_15360_35840.jpg,TCGA-CA-5796,TCGA-CA-5796-01Z-00-DX1,0,6.440518e-06,0
non-tumour/TCGA-CA-5796-01Z-00-DX1_15360_36352.jpg,TCGA-CA-5796,TCGA-CA-5796-01Z-00-DX1,0,1.1601212e-05,0
non-tumour/TCGA-CA-5796-01Z-00-DX1_15360_37376.jpg,TCGA-CA-5796,TCGA-CA-5796-01Z-00-DX1,0,2.3942064e-05,0
non-tumour/TCGA-CA-5796-01Z-00-DX1_15360_39424.jpg,TCGA-CA-5796,TCGA-CA-5796-01Z-00-DX1,0,5.3918295e-05,0
non-tumour/TCGA-CA-5796-01Z-00-DX1_15360_40448.jpg,TCGA-CA-5796,TCGA-CA-5796-01Z-00-DX1,0,0.0022981174,0
non-tumour/TCGA-CA-5796-01Z-00-DX1_15360_41472.jpg,TCGA-CA-5796,TCGA-CA-5796-01Z-00-DX1,0,0.12446907,0
non-tumour/TCGA-CA-5796-01Z-00-DX1_1536_28160.jpg,TCGA-CA-5796,TCGA-CA-5796-01Z-00-DX1,0,1.6384188e-06,0
non-tumour/TCGA-CA-5796-01Z-00-DX1_1536_33280.jpg,TCGA-CA-5796,TCGA-CA-5796-01Z-00-DX1,0,0.00023343948,0
non-tumour/TCGA-CA-5796-01Z-00-DX1_15872_16384.jpg,TCGA-CA-5796,TCGA-CA-5796-01Z-00-DX1,0,0.00048312848,0
non-tumour/TCGA-CA-5796-01Z-00-DX1_15872_16896.jpg,TCGA-CA-5796,TCGA-CA-5796-01Z-00-DX1,0,2.2098635e-05,0
non-tumour/TCGA-CA-5796-01Z-00-DX1_15872_17408.jpg,TCGA-CA-5796,TCGA-CA-5796-01Z-00-DX1,0,0.0033463612,0
non-tumour/TCGA-CA-5796-01Z-00-DX1_15872_17920.jpg,TCGA-CA-5796,TCGA-CA-5796-01Z-00-DX1,0,0.24943699,0
non-tumour/TCGA-CA-5796-01Z-00-DX1_15872_18432.jpg,TCGA-CA-5796,TCGA-CA-5796-01Z-00-DX1,0,0.02717673,0
non-tumour/TCGA-CA-5796-01Z-00-DX1_15872_18944.jpg,TCGA-CA-5796,TCGA-CA-5796-01Z-00-DX1,0,2.5487008e-05,0
non-tumour/TCGA-CA-5796-01Z-00-DX1_15872_19456.jpg,TCGA-CA-5796,TCGA-CA-5796-01Z-00-DX1,0,8.511835e-05,0
non-tumour/TCGA-CA-5796-01Z-00-DX1_15872_19968.jpg,TCGA-CA-5796,TCGA-CA-5796-01Z-00-DX1,0,1.0476866e-05,0
non-tumour/TCGA-CA-5796-01Z-00-DX1_15872_27648.jpg,TCGA-CA-5796,TCGA-CA-5796-01Z-00-DX1,0,0.0002566066,0
non-tumour/TCGA-CA-5796-01Z-00-DX1_15872_28672.jpg,TCGA-CA-5796,TCGA-CA-5796-01Z-00-DX1,0,1.5188156e-06,0
non-tumour/TCGA-CA-5796-01Z-00-DX1_15872_29184.jpg,TCGA-CA-5796,TCGA-CA-5796-01Z-00-DX1,0,4.954544e-06,0
non-tumour/TCGA-CA-5796-01Z-00-DX1_15872_30208.jpg,TCGA-CA-5796,TCGA-CA-5796-01Z-00-DX1,0,3.828426e-06,0
non-tumour/TCGA-CA-5796-01Z-00-DX1_15872_30720.jpg,TCGA-CA-5796,TCGA-CA-5796-01Z-00-DX1,0,4.590078e-07,0
non-tumour/TCGA-CA-5796-01Z-00-DX1_15872_32768.jpg,TCGA-CA-5796,TCGA-CA-5796-01Z-00-DX1,0,3.1894794e-07,0
non-tumour/TCGA-CA-5796-01Z-00-DX1_15872_33792.jpg,TCGA-CA-5796,TCGA-CA-5796-01Z-00-DX1,0,2.8253417e-05,0
non-tumour/TCGA-CA-5796-01Z-00-DX1_15872_35328.jpg,TCGA-CA-5796,TCGA-CA-5796-01Z-00-DX1,0,8.09518e-06,0
non-tumour/TCGA-CA-5796-01Z-00-DX1_15872_35840.jpg,TCGA-CA-5796,TCGA-CA-5796-01Z-00-DX1,0,6.265847e-06,0
non-tumour/TCGA-CA-5796-01Z-00-DX1_15872_36864.jpg,TCGA-CA-5796,TCGA-CA-5796-01Z-00-DX1,0,5.1548675e-05,0
non-tumour/TCGA-CA-5796-01Z-00-DX1_15872_37888.jpg,TCGA-CA-5796,TCGA-CA-5796-01Z-00-DX1,0,4.2786338e-05,0
non-tumour/TCGA-CA-5796-01Z-00-DX1_15872_38400.jpg,TCGA-CA-5796,TCGA-CA-5796-01Z-00-DX1,0,0.00043874848,0
non-tumour/TCGA-CA-5796-01Z-00-DX1_15872_39936.jpg,TCGA-CA-5796,TCGA-CA-5796-01Z-00-DX1,0,0.0005041711,0
non-tumour/TCGA-CA-5796-01Z-00-DX1_15872_40448.jpg,TCGA-CA-5796,TCGA-CA-5796-01Z-00-DX1,0,0.00016945535,0
non-tumour/TCGA-CA-5796-01Z-00-DX1_16384_14336.jpg,TCGA-CA-5796,TCGA-CA-5796-01Z-00-DX1,0,5.8837227e-06,0
non-tumour/TCGA-CA-5796-01Z-00-DX1_16384_14848.jpg,TCGA-CA-5796,TCGA-CA-5796-01Z-00-DX1,0,0.00024034022,0
non-tumour/TCGA-CA-5796-01Z-00-DX1_16384_15360.jpg,TCGA-CA-5796,TCGA-CA-5796-01Z-00-DX1,0,1.201627e-05,0
non-tumour/TCGA-CA-5796-01Z-00-DX1_16384_17408.jpg,TCGA-CA-5796,TCGA-CA-5796-01Z-00-DX1,0,0.00021318939,0
non-tumour/TCGA-CA-5796-01Z-00-DX1_16384_18432.jpg,TCGA-CA-5796,TCGA-CA-5796-01Z-00-DX1,0,7.163804e-06,0
non-tumour/TCGA-CA-5796-01Z-00-DX1_16384_18944.jpg,TCGA-CA-5796,TCGA-CA-5796-01Z-00-DX1,0,7.4704476e-05,0
non-tumour/TCGA-CA-5796-01Z-00-DX1_16384_19456.jpg,TCGA-CA-5796,TCGA-CA-5796-01Z-00-DX1,0,0.019745087,0
non-tumour/TCGA-CA-5796-01Z-00-DX1_16384_27648.jpg,TCGA-CA-5796,TCGA-CA-5796-01Z-00-DX1,0,7.6522394e-07,0
non-tumour/TCGA-CA-5796-01Z-00-DX1_16384_29696.jpg,TCGA-CA-5796,TCGA-CA-5796-01Z-00-DX1,0,7.1813986e-07,0
non-tumour/TCGA-CA-5796-01Z-00-DX1_16384_30720.jpg,TCGA-CA-5796,TCGA-CA-5796-01Z-00-DX1,0,1.6125346e-06,0
non-tumour/TCGA-CA-5796-01Z-00-DX1_16384_31232.jpg,TCGA-CA-5796,TCGA-CA-5796-01Z-00-DX1,0,4.4257e-07,0
non-tumour/TCGA-CA-5796-01Z-00-DX1_16384_31744.jpg,TCGA-CA-5796,TCGA-CA-5796-01Z-00-DX1,0,4.810626e-07,0
non-tumour/TCGA-CA-5796-01Z-00-DX1_16384_32256.jpg,TCGA-CA-5796,TCGA-CA-5796-01Z-00-DX1,0,4.0576647e-06,0
non-tumour/TCGA-CA-5796-01Z-00-DX1_16384_32768.jpg,TCGA-CA-5796,TCGA-CA-5796-01Z-00-DX1,0,5.9033555e-06,0
non-tumour/TCGA-CA-5796-01Z-00-DX1_16384_33280.jpg,TCGA-CA-5796,TCGA-CA-5796-01Z-00-DX1,0,1.9899967e-06,0
non-tumour/TCGA-CA-5796-01Z-00-DX1_16384_34816.jpg,TCGA-CA-5796,TCGA-CA-5796-01Z-00-DX1,0,0.00019405952,0
non-tumour/TCGA-CA-5796-01Z-00-DX1_16384_35840.jpg,TCGA-CA-5796,TCGA-CA-5796-01Z-00-DX1,0,4.710127e-06,0
non-tumour/TCGA-CA-5796-01Z-00-DX1_16384_36352.jpg,TCGA-CA-5796,TCGA-CA-5796-01Z-00-DX1,0,7.892265e-06,0
non-tumour/TCGA-CA-5796-01Z-00-DX1_16384_40448.jpg,TCGA-CA-5796,TCGA-CA-5796-01Z-00-DX1,0,0.0016191764,0
non-tumour/TCGA-CA-5796-01Z-00-DX1_16896_13824.jpg,TCGA-CA-5796,TCGA-CA-5796-01Z-00-DX1,0,0.0012589014,0
non-tumour/TCGA-CA-5796-01Z-00-DX1_16896_14336.jpg,TCGA-CA-5796,TCGA-CA-5796-01Z-00-DX1,0,0.00015347837,0
non-tumour/TCGA-CA-5796-01Z-00-DX1_16896_14848.jpg,TCGA-CA-5796,TCGA-CA-5796-01Z-00-DX1,0,0.002204272,0
non-tumour/TCGA-CA-5796-01Z-00-DX1_16896_15360.jpg,TCGA-CA-5796,TCGA-CA-5796-01Z-00-DX1,0,8.5506734e-05,0
non-tumour/TCGA-CA-5796-01Z-00-DX1_16896_15872.jpg,TCGA-CA-5796,TCGA-CA-5796-01Z-00-DX1,0,0.000117541655,0
non-tumour/TCGA-CA-5796-01Z-00-DX1_16896_16384.jpg,TCGA-CA-5796,TCGA-CA-5796-01Z-00-DX1,0,3.8160183e-06,0
non-tumour/TCGA-CA-5796-01Z-00-DX1_16896_16896.jpg,TCGA-CA-5796,TCGA-CA-5796-01Z-00-DX1,0,0.0713608,0
non-tumour/TCGA-CA-5796-01Z-00-DX1_16896_19456.jpg,TCGA-CA-5796,TCGA-CA-5796-01Z-00-DX1,0,0.00052054605,0
non-tumour/TCGA-CA-5796-01Z-00-DX1_16896_19968.jpg,TCGA-CA-5796,TCGA-CA-5796-01Z-00-DX1,0,0.133908,0
non-tumour/TCGA-CA-5796-01Z-00-DX1_16896_27648.jpg,TCGA-CA-5796,TCGA-CA-5796-01Z-00-DX1,0,4.373301e-07,0
non-tumour/TCGA-CA-5796-01Z-00-DX1_16896_28160.jpg,TCGA-CA-5796,TCGA-CA-5796-01Z-00-DX1,0,6.4181318e-06,0
non-tumour/TCGA-CA-5796-01Z-00-DX1_16896_28672.jpg,TCGA-CA-5796,TCGA-CA-5796-01Z-00-DX1,0,5.807522e-07,0
non-tumour/TCGA-CA-5796-01Z-00-DX1_16896_29184.jpg,TCGA-CA-5796,TCGA-CA-5796-01Z-00-DX1,0,3.7249105e-05,0
non-tumour/TCGA-CA-5796-01Z-00-DX1_16896_29696.jpg,TCGA-CA-5796,TCGA-CA-5796-01Z-00-DX1,0,8.182135e-05,0
non-tumour/TCGA-CA-5796-01Z-00-DX1_16896_30208.jpg,TCGA-CA-5796,TCGA-CA-5796-01Z-00-DX1,0,2.4306391e-06,0
non-tumour/TCGA-CA-5796-01Z-00-DX1_16896_31744.jpg,TCGA-CA-5796,TCGA-CA-5796-01Z-00-DX1,0,1.5378228e-05,0
non-tumour/TCGA-CA-5796-01Z-00-DX1_16896_32256.jpg,TCGA-CA-5796,TCGA-CA-5796-01Z-00-DX1,0,0.023959192,0
non-tumour/TCGA-CA-5796-01Z-00-DX1_16896_32768.jpg,TCGA-CA-5796,TCGA-CA-5796-01Z-00-DX1,0,0.013078562,0
non-tumour/TCGA-CA-5796-01Z-00-DX1_16896_33792.jpg,TCGA-CA-5796,TCGA-CA-5796-01Z-00-DX1,0,0.0002775839,0
non-tumour/TCGA-CA-5796-01Z-00-DX1_16896_35328.jpg,TCGA-CA-5796,TCGA-CA-5796-01Z-00-DX1,0,6.930136e-05,0
non-tumour/TCGA-CA-5796-01Z-00-DX1_16896_35840.jpg,TCGA-CA-5796,TCGA-CA-5796-01Z-00-DX1,0,1.9340414e-05,0
non-tumour/TCGA-CA-5796-01Z-00-DX1_16896_37888.jpg,TCGA-CA-5796,TCGA-CA-5796-01Z-00-DX1,0,1.1413701e-06,0
non-tumour/TCGA-CA-5796-01Z-00-DX1_16896_38400.jpg,TCGA-CA-5796,TCGA-CA-5796-01Z-00-DX1,0,2.8166063e-05,0
non-tumour/TCGA-CA-5796-01Z-00-DX1_16896_38912.jpg,TCGA-CA-5796,TCGA-CA-5796-01Z-00-DX1,0,2.8928289e-05,0
non-tumour/TCGA-CA-5796-01Z-00-DX1_16896_39424.jpg,TCGA-CA-5796,TCGA-CA-5796-01Z-00-DX1,0,0.0003840326,0
non-tumour/TCGA-CA-5796-01Z-00-DX1_16896_39936.jpg,TCGA-CA-5796,TCGA-CA-5796-01Z-00-DX1,0,0.008380374,0
non-tumour/TCGA-CA-5796-01Z-00-DX1_17408_13824.jpg,TCGA-CA-5796,TCGA-CA-5796-01Z-00-DX1,0,8.1178616e-05,0
non-tumour/TCGA-CA-5796-01Z-00-DX1_17408_17408.jpg,TCGA-CA-5796,TCGA-CA-5796-01Z-00-DX1,0,0.05791225,0
non-tumour/TCGA-CA-5796-01Z-00-DX1_17408_17920.jpg,TCGA-CA-5796,TCGA-CA-5796-01Z-00-DX1,0,0.0010914587,0
non-tumour/TCGA-CA-5796-01Z-00-DX1_17408_18432.jpg,TCGA-CA-5796,TCGA-CA-5796-01Z-00-DX1,0,0.0029187668,0
non-tumour/TCGA-CA-5796-01Z-00-DX1_17408_18944.jpg,TCGA-CA-5796,TCGA-CA-5796-01Z-00-DX1,0,0.012781105,0
non-tumour/TCGA-CA-5796-01Z-00-DX1_17408_19456.jpg,TCGA-CA-5796,TCGA-CA-5796-01Z-00-DX1,0,0.02415403,0
non-tumour/TCGA-CA-5796-01Z-00-DX1_17408_20480.jpg,TCGA-CA-5796,TCGA-CA-5796-01Z-00-DX1,0,6.3574394e-06,0
non-tumour/TCGA-CA-5796-01Z-00-DX1_17408_27648.jpg,TCGA-CA-5796,TCGA-CA-5796-01Z-00-DX1,0,7.947711e-06,0
non-tumour/TCGA-CA-5796-01Z-00-DX1_17408_28672.jpg,TCGA-CA-5796,TCGA-CA-5796-01Z-00-DX1,0,1.4617757e-05,0
non-tumour/TCGA-CA-5796-01Z-00-DX1_17408_29696.jpg,TCGA-CA-5796,TCGA-CA-5796-01Z-00-DX1,0,9.1865986e-05,0
non-tumour/TCGA-CA-5796-01Z-00-DX1_17408_30208.jpg,TCGA-CA-5796,TCGA-CA-5796-01Z-00-DX1,0,0.00042868443,0
non-tumour/TCGA-CA-5796-01Z-00-DX1_17408_30720.jpg,TCGA-CA-5796,TCGA-CA-5796-01Z-00-DX1,0,7.816328e-06,0
non-tumour/TCGA-CA-5796-01Z-00-DX1_17408_32256.jpg,TCGA-CA-5796,TCGA-CA-5796-01Z-00-DX1,0,0.00077691977,0
non-tumour/TCGA-CA-5796-01Z-00-DX1_17408_33792.jpg,TCGA-CA-5796,TCGA-CA-5796-01Z-00-DX1,0,4.7964906e-05,0
non-tumour/TCGA-CA-5796-01Z-00-DX1_17408_35840.jpg,TCGA-CA-5796,TCGA-CA-5796-01Z-00-DX1,0,0.00021580163,0
non-tumour/TCGA-CA-5796-01Z-00-DX1_17408_36864.jpg,TCGA-CA-5796,TCGA-CA-5796-01Z-00-DX1,0,0.0009499328,0
non-tumour/TCGA-CA-5796-01Z-00-DX1_17408_37888.jpg,TCGA-CA-5796,TCGA-CA-5796-01Z-00-DX1,0,0.00014906829,0
non-tumour/TCGA-CA-5796-01Z-00-DX1_17408_38400.jpg,TCGA-CA-5796,TCGA-CA-5796-01Z-00-DX1,0,2.7099497e-06,0
non-tumour/TCGA-CA-5796-01Z-00-DX1_17920_13824.jpg,TCGA-CA-5796,TCGA-CA-5796-01Z-00-DX1,0,0.001253812,0
non-tumour/TCGA-CA-5796-01Z-00-DX1_17920_14848.jpg,TCGA-CA-5796,TCGA-CA-5796-01Z-00-DX1,0,0.0019343605,0
non-tumour/TCGA-CA-5796-01Z-00-DX1_17920_19456.jpg,TCGA-CA-5796,TCGA-CA-5796-01Z-00-DX1,0,0.051697947,0
non-tumour/TCGA-CA-5796-01Z-00-DX1_17920_19968.jpg,TCGA-CA-5796,TCGA-CA-5796-01Z-00-DX1,0,0.16229297,0
non-tumour/TCGA-CA-5796-01Z-00-DX1_17920_20480.jpg,TCGA-CA-5796,TCGA-CA-5796-01Z-00-DX1,0,0.0059556547,0
non-tumour/TCGA-CA-5796-01Z-00-DX1_17920_27648.jpg,TCGA-CA-5796,TCGA-CA-5796-01Z-00-DX1,0,0.00023583524,0
non-tumour/TCGA-CA-5796-01Z-00-DX1_17920_28160.jpg,TCGA-CA-5796,TCGA-CA-5796-01Z-00-DX1,0,1.5674968e-05,0
non-tumour/TCGA-CA-5796-01Z-00-DX1_17920_29696.jpg,TCGA-CA-5796,TCGA-CA-5796-01Z-00-DX1,0,1.459902e-05,0
non-tumour/TCGA-CA-5796-01Z-00-DX1_17920_30208.jpg,TCGA-CA-5796,TCGA-CA-5796-01Z-00-DX1,0,1.1583505e-06,0
non-tumour/TCGA-CA-5796-01Z-00-DX1_17920_32256.jpg,TCGA-CA-5796,TCGA-CA-5796-01Z-00-DX1,0,1.1733109e-06,0
non-tumour/TCGA-CA-5796-01Z-00-DX1_17920_33280.jpg,TCGA-CA-5796,TCGA-CA-5796-01Z-00-DX1,0,9.35711e-06,0
non-tumour/TCGA-CA-5796-01Z-00-DX1_17920_33792.jpg,TCGA-CA-5796,TCGA-CA-5796-01Z-00-DX1,0,2.2235822e-06,0
non-tumour/TCGA-CA-5796-01Z-00-DX1_17920_34304.jpg,TCGA-CA-5796,TCGA-CA-5796-01Z-00-DX1,0,3.5076435e-05,0
non-tumour/TCGA-CA-5796-01Z-00-DX1_17920_34816.jpg,TCGA-CA-5796,TCGA-CA-5796-01Z-00-DX1,0,0.00022834008,0
non-tumour/TCGA-CA-5796-01Z-00-DX1_17920_36864.jpg,TCGA-CA-5796,TCGA-CA-5796-01Z-00-DX1,0,1.989459e-05,0
non-tumour/TCGA-CA-5796-01Z-00-DX1_17920_37376.jpg,TCGA-CA-5796,TCGA-CA-5796-01Z-00-DX1,0,0.0014894677,0
non-tumour/TCGA-CA-5796-01Z-00-DX1_17920_38912.jpg,TCGA-CA-5796,TCGA-CA-5796-01Z-00-DX1,0,6.342113e-06,0
non-tumour/TCGA-CA-5796-01Z-00-DX1_18432_19456.jpg,TCGA-CA-5796,TCGA-CA-5796-01Z-00-DX1,0,0.00191355,0
non-tumour/TCGA-CA-5796-01Z-00-DX1_18432_20480.jpg,TCGA-CA-5796,TCGA-CA-5796-01Z-00-DX1,0,0.04719153,0
non-tumour/TCGA-CA-5796-01Z-00-DX1_18432_27648.jpg,TCGA-CA-5796,TCGA-CA-5796-01Z-00-DX1,0,5.9442307e-05,0
non-tumour/TCGA-CA-5796-01Z-00-DX1_18432_30208.jpg,TCGA-CA-5796,TCGA-CA-5796-01Z-00-DX1,0,3.727517e-07,0
non-tumour/TCGA-CA-5796-01Z-00-DX1_18432_31744.jpg,TCGA-CA-5796,TCGA-CA-5796-01Z-00-DX1,0,0.00023635972,0
non-tumour/TCGA-CA-5796-01Z-00-DX1_18432_32768.jpg,TCGA-CA-5796,TCGA-CA-5796-01Z-00-DX1,0,0.0011380798,0
non-tumour/TCGA-CA-5796-01Z-00-DX1_18432_34816.jpg,TCGA-CA-5796,TCGA-CA-5796-01Z-00-DX1,0,1.0688653e-06,0
non-tumour/TCGA-CA-5796-01Z-00-DX1_18432_36352.jpg,TCGA-CA-5796,TCGA-CA-5796-01Z-00-DX1,0,4.887409e-05,0
non-tumour/TCGA-CA-5796-01Z-00-DX1_18432_37888.jpg,TCGA-CA-5796,TCGA-CA-5796-01Z-00-DX1,0,1.4573772e-05,0
non-tumour/TCGA-CA-5796-01Z-00-DX1_18944_18944.jpg,TCGA-CA-5796,TCGA-CA-5796-01Z-00-DX1,0,2.8928391e-06,0
non-tumour/TCGA-CA-5796-01Z-00-DX1_18944_19968.jpg,TCGA-CA-5796,TCGA-CA-5796-01Z-00-DX1,0,0.06597074,0
non-tumour/TCGA-CA-5796-01Z-00-DX1_18944_20480.jpg,TCGA-CA-5796,TCGA-CA-5796-01Z-00-DX1,0,0.013218082,0
non-tumour/TCGA-CA-5796-01Z-00-DX1_18944_20992.jpg,TCGA-CA-5796,TCGA-CA-5796-01Z-00-DX1,0,0.00061065226,0
non-tumour/TCGA-CA-5796-01Z-00-DX1_18944_28160.jpg,TCGA-CA-5796,TCGA-CA-5796-01Z-00-DX1,0,1.0609464e-05,0
non-tumour/TCGA-CA-5796-01Z-00-DX1_18944_28672.jpg,TCGA-CA-5796,TCGA-CA-5796-01Z-00-DX1,0,2.6005867e-07,0
non-tumour/TCGA-CA-5796-01Z-00-DX1_18944_29696.jpg,TCGA-CA-5796,TCGA-CA-5796-01Z-00-DX1,0,1.5777596e-05,0
non-tumour/TCGA-CA-5796-01Z-00-DX1_18944_30208.jpg,TCGA-CA-5796,TCGA-CA-5796-01Z-00-DX1,0,4.078098e-05,0
non-tumour/TCGA-CA-5796-01Z-00-DX1_18944_30720.jpg,TCGA-CA-5796,TCGA-CA-5796-01Z-00-DX1,0,1.925215e-06,0
non-tumour/TCGA-CA-5796-01Z-00-DX1_18944_31232.jpg,TCGA-CA-5796,TCGA-CA-5796-01Z-00-DX1,0,1.6175031e-06,0
non-tumour/TCGA-CA-5796-01Z-00-DX1_18944_31744.jpg,TCGA-CA-5796,TCGA-CA-5796-01Z-00-DX1,0,1.4225628e-07,0
non-tumour/TCGA-CA-5796-01Z-00-DX1_18944_32256.jpg,TCGA-CA-5796,TCGA-CA-5796-01Z-00-DX1,0,2.0587266e-05,0
non-tumour/TCGA-CA-5796-01Z-00-DX1_18944_33792.jpg,TCGA-CA-5796,TCGA-CA-5796-01Z-00-DX1,0,1.4220869e-06,0
non-tumour/TCGA-CA-5796-01Z-00-DX1_18944_34816.jpg,TCGA-CA-5796,TCGA-CA-5796-01Z-00-DX1,0,1.9477717e-05,0
non-tumour/TCGA-CA-5796-01Z-00-DX1_18944_35328.jpg,TCGA-CA-5796,TCGA-CA-5796-01Z-00-DX1,0,1.0214516e-06,0
non-tumour/TCGA-CA-5796-01Z-00-DX1_18944_36352.jpg,TCGA-CA-5796,TCGA-CA-5796-01Z-00-DX1,0,2.6464055e-05,0
non-tumour/TCGA-CA-5796-01Z-00-DX1_18944_36864.jpg,TCGA-CA-5796,TCGA-CA-5796-01Z-00-DX1,0,1.8832743e-07,0
non-tumour/TCGA-CA-5796-01Z-00-DX1_18944_37888.jpg,TCGA-CA-5796,TCGA-CA-5796-01Z-00-DX1,0,5.8036396e-05,0
non-tumour/TCGA-CA-5796-01Z-00-DX1_18944_38400.jpg,TCGA-CA-5796,TCGA-CA-5796-01Z-00-DX1,0,3.0344341e-05,0
non-tumour/TCGA-CA-5796-01Z-00-DX1_18944_38912.jpg,TCGA-CA-5796,TCGA-CA-5796-01Z-00-DX1,0,7.1404975e-06,0
non-tumour/TCGA-CA-5796-01Z-00-DX1_19456_18432.jpg,TCGA-CA-5796,TCGA-CA-5796-01Z-00-DX1,0,0.004601596,0
non-tumour/TCGA-CA-5796-01Z-00-DX1_19456_18944.jpg,TCGA-CA-5796,TCGA-CA-5796-01Z-00-DX1,0,0.0029196646,0
non-tumour/TCGA-CA-5796-01Z-00-DX1_19456_19456.jpg,TCGA-CA-5796,TCGA-CA-5796-01Z-00-DX1,0,0.08465756,0
non-tumour/TCGA-CA-5796-01Z-00-DX1_19456_19968.jpg,TCGA-CA-5796,TCGA-CA-5796-01Z-00-DX1,0,0.8665169,1
non-tumour/TCGA-CA-5796-01Z-00-DX1_19456_20480.jpg,TCGA-CA-5796,TCGA-CA-5796-01Z-00-DX1,0,0.017688885,0
non-tumour/TCGA-CA-5796-01Z-00-DX1_19456_28160.jpg,TCGA-CA-5796,TCGA-CA-5796-01Z-00-DX1,0,7.858181e-09,0
non-tumour/TCGA-CA-5796-01Z-00-DX1_19456_28672.jpg,TCGA-CA-5796,TCGA-CA-5796-01Z-00-DX1,0,5.2773335e-06,0
non-tumour/TCGA-CA-5796-01Z-00-DX1_19456_30208.jpg,TCGA-CA-5796,TCGA-CA-5796-01Z-00-DX1,0,4.310038e-08,0
non-tumour/TCGA-CA-5796-01Z-00-DX1_19456_31744.jpg,TCGA-CA-5796,TCGA-CA-5796-01Z-00-DX1,0,8.518144e-06,0
non-tumour/TCGA-CA-5796-01Z-00-DX1_19456_32256.jpg,TCGA-CA-5796,TCGA-CA-5796-01Z-00-DX1,0,2.8895113e-06,0
non-tumour/TCGA-CA-5796-01Z-00-DX1_19456_33280.jpg,TCGA-CA-5796,TCGA-CA-5796-01Z-00-DX1,0,5.099388e-07,0
non-tumour/TCGA-CA-5796-01Z-00-DX1_19456_33792.jpg,TCGA-CA-5796,TCGA-CA-5796-01Z-00-DX1,0,5.248174e-05,0
non-tumour/TCGA-CA-5796-01Z-00-DX1_19456_34816.jpg,TCGA-CA-5796,TCGA-CA-5796-01Z-00-DX1,0,4.7820834e-07,0
non-tumour/TCGA-CA-5796-01Z-00-DX1_19456_35328.jpg,TCGA-CA-5796,TCGA-CA-5796-01Z-00-DX1,0,3.7783104e-07,0
non-tumour/TCGA-CA-5796-01Z-00-DX1_19456_35840.jpg,TCGA-CA-5796,TCGA-CA-5796-01Z-00-DX1,0,2.2210156e-06,0
non-tumour/TCGA-CA-5796-01Z-00-DX1_19456_36352.jpg,TCGA-CA-5796,TCGA-CA-5796-01Z-00-DX1,0,1.672669e-06,0
non-tumour/TCGA-CA-5796-01Z-00-DX1_19456_38400.jpg,TCGA-CA-5796,TCGA-CA-5796-01Z-00-DX1,0,2.7563026e-06,0
non-tumour/TCGA-CA-5796-01Z-00-DX1_19968_19968.jpg,TCGA-CA-5796,TCGA-CA-5796-01Z-00-DX1,0,0.018248811,0
non-tumour/TCGA-CA-5796-01Z-00-DX1_19968_20480.jpg,TCGA-CA-5796,TCGA-CA-5796-01Z-00-DX1,0,0.00015483142,0
non-tumour/TCGA-CA-5796-01Z-00-DX1_19968_28160.jpg,TCGA-CA-5796,TCGA-CA-5796-01Z-00-DX1,0,0.00012285064,0
non-tumour/TCGA-CA-5796-01Z-00-DX1_19968_31232.jpg,TCGA-CA-5796,TCGA-CA-5796-01Z-00-DX1,0,2.6693635e-06,0
non-tumour/TCGA-CA-5796-01Z-00-DX1_19968_31744.jpg,TCGA-CA-5796,TCGA-CA-5796-01Z-00-DX1,0,4.3352426e-07,0
non-tumour/TCGA-CA-5796-01Z-00-DX1_19968_32256.jpg,TCGA-CA-5796,TCGA-CA-5796-01Z-00-DX1,0,2.0981943e-06,0
non-tumour/TCGA-CA-5796-01Z-00-DX1_19968_32768.jpg,TCGA-CA-5796,TCGA-CA-5796-01Z-00-DX1,0,1.4894412e-08,0
non-tumour/TCGA-CA-5796-01Z-00-DX1_19968_34816.jpg,TCGA-CA-5796,TCGA-CA-5796-01Z-00-DX1,0,0.0005124577,0
non-tumour/TCGA-CA-5796-01Z-00-DX1_19968_35840.jpg,TCGA-CA-5796,TCGA-CA-5796-01Z-00-DX1,0,9.965325e-07,0
non-tumour/TCGA-CA-5796-01Z-00-DX1_19968_36352.jpg,TCGA-CA-5796,TCGA-CA-5796-01Z-00-DX1,0,4.5023382e-05,0
non-tumour/TCGA-CA-5796-01Z-00-DX1_19968_38912.jpg,TCGA-CA-5796,TCGA-CA-5796-01Z-00-DX1,0,0.004652698,0
non-tumour/TCGA-CA-5796-01Z-00-DX1_20480_19456.jpg,TCGA-CA-5796,TCGA-CA-5796-01Z-00-DX1,0,0.85886216,1
non-tumour/TCGA-CA-5796-01Z-00-DX1_20480_19968.jpg,TCGA-CA-5796,TCGA-CA-5796-01Z-00-DX1,0,0.7447209,1
non-tumour/TCGA-CA-5796-01Z-00-DX1_20480_20992.jpg,TCGA-CA-5796,TCGA-CA-5796-01Z-00-DX1,0,0.0010499011,0
non-tumour/TCGA-CA-5796-01Z-00-DX1_20480_28672.jpg,TCGA-CA-5796,TCGA-CA-5796-01Z-00-DX1,0,5.3908702e-06,0
non-tumour/TCGA-CA-5796-01Z-00-DX1_20480_29696.jpg,TCGA-CA-5796,TCGA-CA-5796-01Z-00-DX1,0,2.746141e-06,0
non-tumour/TCGA-CA-5796-01Z-00-DX1_20480_30208.jpg,TCGA-CA-5796,TCGA-CA-5796-01Z-00-DX1,0,1.3079548e-05,0
non-tumour/TCGA-CA-5796-01Z-00-DX1_20480_30720.jpg,TCGA-CA-5796,TCGA-CA-5796-01Z-00-DX1,0,2.8353368e-06,0
non-tumour/TCGA-CA-5796-01Z-00-DX1_20480_32768.jpg,TCGA-CA-5796,TCGA-CA-5796-01Z-00-DX1,0,4.0525767e-05,0
non-tumour/TCGA-CA-5796-01Z-00-DX1_20480_33280.jpg,TCGA-CA-5796,TCGA-CA-5796-01Z-00-DX1,0,7.0844106e-07,0
non-tumour/TCGA-CA-5796-01Z-00-DX1_20480_33792.jpg,TCGA-CA-5796,TCGA-CA-5796-01Z-00-DX1,0,2.476354e-05,0
non-tumour/TCGA-CA-5796-01Z-00-DX1_20480_34304.jpg,TCGA-CA-5796,TCGA-CA-5796-01Z-00-DX1,0,1.456587e-06,0
non-tumour/TCGA-CA-5796-01Z-00-DX1_20480_36352.jpg,TCGA-CA-5796,TCGA-CA-5796-01Z-00-DX1,0,3.7876864e-06,0
non-tumour/TCGA-CA-5796-01Z-00-DX1_20480_38912.jpg,TCGA-CA-5796,TCGA-CA-5796-01Z-00-DX1,0,0.00013620689,0
non-tumour/TCGA-CA-5796-01Z-00-DX1_2048_27648.jpg,TCGA-CA-5796,TCGA-CA-5796-01Z-00-DX1,0,5.061242e-05,0
non-tumour/TCGA-CA-5796-01Z-00-DX1_2048_30720.jpg,TCGA-CA-5796,TCGA-CA-5796-01Z-00-DX1,0,0.0005501985,0
non-tumour/TCGA-CA-5796-01Z-00-DX1_2048_31232.jpg,TCGA-CA-5796,TCGA-CA-5796-01Z-00-DX1,0,0.0002851368,0
non-tumour/TCGA-CA-5796-01Z-00-DX1_2048_32256.jpg,TCGA-CA-5796,TCGA-CA-5796-01Z-00-DX1,0,1.7968082e-06,0
non-tumour/TCGA-CA-5796-01Z-00-DX1_20992_19456.jpg,TCGA-CA-5796,TCGA-CA-5796-01Z-00-DX1,0,0.3098776,0
non-tumour/TCGA-CA-5796-01Z-00-DX1_20992_19968.jpg,TCGA-CA-5796,TCGA-CA-5796-01Z-00-DX1,0,0.10243789,0
non-tumour/TCGA-CA-5796-01Z-00-DX1_20992_20480.jpg,TCGA-CA-5796,TCGA-CA-5796-01Z-00-DX1,0,0.0003200327,0
non-tumour/TCGA-CA-5796-01Z-00-DX1_20992_20992.jpg,TCGA-CA-5796,TCGA-CA-5796-01Z-00-DX1,0,0.0011316307,0
non-tumour/TCGA-CA-5796-01Z-00-DX1_20992_28672.jpg,TCGA-CA-5796,TCGA-CA-5796-01Z-00-DX1,0,1.1423203e-07,0
non-tumour/TCGA-CA-5796-01Z-00-DX1_20992_29184.jpg,TCGA-CA-5796,TCGA-CA-5796-01Z-00-DX1,0,9.1402757e-07,0
non-tumour/TCGA-CA-5796-01Z-00-DX1_20992_29696.jpg,TCGA-CA-5796,TCGA-CA-5796-01Z-00-DX1,0,1.345654e-06,0
non-tumour/TCGA-CA-5796-01Z-00-DX1_20992_30208.jpg,TCGA-CA-5796,TCGA-CA-5796-01Z-00-DX1,0,1.735579e-06,0
non-tumour/TCGA-CA-5796-01Z-00-DX1_20992_30720.jpg,TCGA-CA-5796,TCGA-CA-5796-01Z-00-DX1,0,1.2413333e-06,0
non-tumour/TCGA-CA-5796-01Z-00-DX1_20992_31744.jpg,TCGA-CA-5796,TCGA-CA-5796-01Z-00-DX1,0,2.2526832e-05,0
non-tumour/TCGA-CA-5796-01Z-00-DX1_20992_32256.jpg,TCGA-CA-5796,TCGA-CA-5796-01Z-00-DX1,0,1.5920236e-06,0
non-tumour/TCGA-CA-5796-01Z-00-DX1_20992_32768.jpg,TCGA-CA-5796,TCGA-CA-5796-01Z-00-DX1,0,6.007796e-06,0
non-tumour/TCGA-CA-5796-01Z-00-DX1_20992_34304.jpg,TCGA-CA-5796,TCGA-CA-5796-01Z-00-DX1,0,8.536147e-06,0
non-tumour/TCGA-CA-5796-01Z-00-DX1_20992_35328.jpg,TCGA-CA-5796,TCGA-CA-5796-01Z-00-DX1,0,5.238768e-05,0
non-tumour/TCGA-CA-5796-01Z-00-DX1_20992_35840.jpg,TCGA-CA-5796,TCGA-CA-5796-01Z-00-DX1,0,1.9076388e-06,0
non-tumour/TCGA-CA-5796-01Z-00-DX1_20992_36352.jpg,TCGA-CA-5796,TCGA-CA-5796-01Z-00-DX1,0,0.0014757168,0
non-tumour/TCGA-CA-5796-01Z-00-DX1_20992_38912.jpg,TCGA-CA-5796,TCGA-CA-5796-01Z-00-DX1,0,0.0014658455,0
non-tumour/TCGA-CA-5796-01Z-00-DX1_20992_41984.jpg,TCGA-CA-5796,TCGA-CA-5796-01Z-00-DX1,0,0.01749992,0
non-tumour/TCGA-CA-5796-01Z-00-DX1_21504_20480.jpg,TCGA-CA-5796,TCGA-CA-5796-01Z-00-DX1,0,0.07518873,0
non-tumour/TCGA-CA-5796-01Z-00-DX1_21504_20992.jpg,TCGA-CA-5796,TCGA-CA-5796-01Z-00-DX1,0,0.1205274,0
non-tumour/TCGA-CA-5796-01Z-00-DX1_21504_30208.jpg,TCGA-CA-5796,TCGA-CA-5796-01Z-00-DX1,0,5.504154e-07,0
non-tumour/TCGA-CA-5796-01Z-00-DX1_21504_30720.jpg,TCGA-CA-5796,TCGA-CA-5796-01Z-00-DX1,0,3.3770024e-07,0
non-tumour/TCGA-CA-5796-01Z-00-DX1_21504_32256.jpg,TCGA-CA-5796,TCGA-CA-5796-01Z-00-DX1,0,2.6993922e-07,0
non-tumour/TCGA-CA-5796-01Z-00-DX1_21504_32768.jpg,TCGA-CA-5796,TCGA-CA-5796-01Z-00-DX1,0,1.6106901e-06,0
non-tumour/TCGA-CA-5796-01Z-00-DX1_21504_33280.jpg,TCGA-CA-5796,TCGA-CA-5796-01Z-00-DX1,0,0.0007041637,0
non-tumour/TCGA-CA-5796-01Z-00-DX1_21504_34304.jpg,TCGA-CA-5796,TCGA-CA-5796-01Z-00-DX1,0,0.00011500737,0
non-tumour/TCGA-CA-5796-01Z-00-DX1_21504_35328.jpg,TCGA-CA-5796,TCGA-CA-5796-01Z-00-DX1,0,3.8062757e-05,0
non-tumour/TCGA-CA-5796-01Z-00-DX1_21504_38400.jpg,TCGA-CA-5796,TCGA-CA-5796-01Z-00-DX1,0,0.047950115,0
non-tumour/TCGA-CA-5796-01Z-00-DX1_21504_39936.jpg,TCGA-CA-5796,TCGA-CA-5796-01Z-00-DX1,0,4.052851e-05,0
non-tumour/TCGA-CA-5796-01Z-00-DX1_21504_41472.jpg,TCGA-CA-5796,TCGA-CA-5796-01Z-00-DX1,0,0.112620436,0
non-tumour/TCGA-CA-5796-01Z-00-DX1_21504_41984.jpg,TCGA-CA-5796,TCGA-CA-5796-01Z-00-DX1,0,0.03000317,0
non-tumour/TCGA-CA-5796-01Z-00-DX1_22016_20992.jpg,TCGA-CA-5796,TCGA-CA-5796-01Z-00-DX1,0,0.060365763,0
non-tumour/TCGA-CA-5796-01Z-00-DX1_22016_21504.jpg,TCGA-CA-5796,TCGA-CA-5796-01Z-00-DX1,0,0.03322872,0
non-tumour/TCGA-CA-5796-01Z-00-DX1_22016_29184.jpg,TCGA-CA-5796,TCGA-CA-5796-01Z-00-DX1,0,0.00063177856,0
non-tumour/TCGA-CA-5796-01Z-00-DX1_22016_29696.jpg,TCGA-CA-5796,TCGA-CA-5796-01Z-00-DX1,0,2.1559058e-06,0
non-tumour/TCGA-CA-5796-01Z-00-DX1_22016_31232.jpg,TCGA-CA-5796,TCGA-CA-5796-01Z-00-DX1,0,2.4431418e-07,0
non-tumour/TCGA-CA-5796-01Z-00-DX1_22016_32256.jpg,TCGA-CA-5796,TCGA-CA-5796-01Z-00-DX1,0,3.50119e-08,0
non-tumour/TCGA-CA-5796-01Z-00-DX1_22016_34816.jpg,TCGA-CA-5796,TCGA-CA-5796-01Z-00-DX1,0,1.7619554e-05,0
non-tumour/TCGA-CA-5796-01Z-00-DX1_22016_35840.jpg,TCGA-CA-5796,TCGA-CA-5796-01Z-00-DX1,0,4.8941704e-08,0
non-tumour/TCGA-CA-5796-01Z-00-DX1_22016_36864.jpg,TCGA-CA-5796,TCGA-CA-5796-01Z-00-DX1,0,3.2851553e-05,0
non-tumour/TCGA-CA-5796-01Z-00-DX1_22016_37376.jpg,TCGA-CA-5796,TCGA-CA-5796-01Z-00-DX1,0,1.3605241e-05,0
non-tumour/TCGA-CA-5796-01Z-00-DX1_22016_38400.jpg,TCGA-CA-5796,TCGA-CA-5796-01Z-00-DX1,0,0.019889453,0
non-tumour/TCGA-CA-5796-01Z-00-DX1_22528_19968.jpg,TCGA-CA-5796,TCGA-CA-5796-01Z-00-DX1,0,0.15577967,0
non-tumour/TCGA-CA-5796-01Z-00-DX1_22528_29696.jpg,TCGA-CA-5796,TCGA-CA-5796-01Z-00-DX1,0,0.5214262,1
non-tumour/TCGA-CA-5796-01Z-00-DX1_22528_30720.jpg,TCGA-CA-5796,TCGA-CA-5796-01Z-00-DX1,0,8.985064e-06,0
non-tumour/TCGA-CA-5796-01Z-00-DX1_22528_31232.jpg,TCGA-CA-5796,TCGA-CA-5796-01Z-00-DX1,0,1.3056741e-05,0
non-tumour/TCGA-CA-5796-01Z-00-DX1_22528_31744.jpg,TCGA-CA-5796,TCGA-CA-5796-01Z-00-DX1,0,1.0181595e-06,0
non-tumour/TCGA-CA-5796-01Z-00-DX1_22528_32768.jpg,TCGA-CA-5796,TCGA-CA-5796-01Z-00-DX1,0,1.1977279e-05,0
non-tumour/TCGA-CA-5796-01Z-00-DX1_22528_33280.jpg,TCGA-CA-5796,TCGA-CA-5796-01Z-00-DX1,0,4.982919e-07,0
non-tumour/TCGA-CA-5796-01Z-00-DX1_22528_33792.jpg,TCGA-CA-5796,TCGA-CA-5796-01Z-00-DX1,0,2.7814701e-06,0
non-tumour/TCGA-CA-5796-01Z-00-DX1_22528_34304.jpg,TCGA-CA-5796,TCGA-CA-5796-01Z-00-DX1,0,6.502612e-05,0
non-tumour/TCGA-CA-5796-01Z-00-DX1_22528_34816.jpg,TCGA-CA-5796,TCGA-CA-5796-01Z-00-DX1,0,1.144241e-06,0
non-tumour/TCGA-CA-5796-01Z-00-DX1_22528_38400.jpg,TCGA-CA-5796,TCGA-CA-5796-01Z-00-DX1,0,2.6553696e-05,0
non-tumour/TCGA-CA-5796-01Z-00-DX1_22528_38912.jpg,TCGA-CA-5796,TCGA-CA-5796-01Z-00-DX1,0,6.058324e-07,0
non-tumour/TCGA-CA-5796-01Z-00-DX1_22528_39424.jpg,TCGA-CA-5796,TCGA-CA-5796-01Z-00-DX1,0,0.00027961557,0
non-tumour/TCGA-CA-5796-01Z-00-DX1_22528_40960.jpg,TCGA-CA-5796,TCGA-CA-5796-01Z-00-DX1,0,1.4606345e-05,0
non-tumour/TCGA-CA-5796-01Z-00-DX1_23040_19968.jpg,TCGA-CA-5796,TCGA-CA-5796-01Z-00-DX1,0,0.62687236,1
non-tumour/TCGA-CA-5796-01Z-00-DX1_23040_30720.jpg,TCGA-CA-5796,TCGA-CA-5796-01Z-00-DX1,0,0.001817227,0
non-tumour/TCGA-CA-5796-01Z-00-DX1_23040_32768.jpg,TCGA-CA-5796,TCGA-CA-5796-01Z-00-DX1,0,4.342581e-06,0
non-tumour/TCGA-CA-5796-01Z-00-DX1_23040_33792.jpg,TCGA-CA-5796,TCGA-CA-5796-01Z-00-DX1,0,1.4270336e-06,0
non-tumour/TCGA-CA-5796-01Z-00-DX1_23040_34304.jpg,TCGA-CA-5796,TCGA-CA-5796-01Z-00-DX1,0,0.0017399613,0
non-tumour/TCGA-CA-5796-01Z-00-DX1_23040_35328.jpg,TCGA-CA-5796,TCGA-CA-5796-01Z-00-DX1,0,3.1534753e-07,0
non-tumour/TCGA-CA-5796-01Z-00-DX1_23040_35840.jpg,TCGA-CA-5796,TCGA-CA-5796-01Z-00-DX1,0,2.4435385e-06,0
non-tumour/TCGA-CA-5796-01Z-00-DX1_23040_36352.jpg,TCGA-CA-5796,TCGA-CA-5796-01Z-00-DX1,0,0.0023491257,0
non-tumour/TCGA-CA-5796-01Z-00-DX1_23040_36864.jpg,TCGA-CA-5796,TCGA-CA-5796-01Z-00-DX1,0,2.17422e-06,0
non-tumour/TCGA-CA-5796-01Z-00-DX1_23040_37376.jpg,TCGA-CA-5796,TCGA-CA-5796-01Z-00-DX1,0,2.6215635e-06,0
non-tumour/TCGA-CA-5796-01Z-00-DX1_23040_37888.jpg,TCGA-CA-5796,TCGA-CA-5796-01Z-00-DX1,0,5.0074865e-05,0
non-tumour/TCGA-CA-5796-01Z-00-DX1_23040_38912.jpg,TCGA-CA-5796,TCGA-CA-5796-01Z-00-DX1,0,2.4822555e-05,0
non-tumour/TCGA-CA-5796-01Z-00-DX1_23040_39424.jpg,TCGA-CA-5796,TCGA-CA-5796-01Z-00-DX1,0,0.00018466354,0
non-tumour/TCGA-CA-5796-01Z-00-DX1_23040_39936.jpg,TCGA-CA-5796,TCGA-CA-5796-01Z-00-DX1,0,0.00023285905,0
non-tumour/TCGA-CA-5796-01Z-00-DX1_23040_40960.jpg,TCGA-CA-5796,TCGA-CA-5796-01Z-00-DX1,0,1.1149644e-05,0
non-tumour/TCGA-CA-5796-01Z-00-DX1_23552_31744.jpg,TCGA-CA-5796,TCGA-CA-5796-01Z-00-DX1,0,3.9153234e-05,0
non-tumour/TCGA-CA-5796-01Z-00-DX1_23552_32256.jpg,TCGA-CA-5796,TCGA-CA-5796-01Z-00-DX1,0,6.379064e-08,0
non-tumour/TCGA-CA-5796-01Z-00-DX1_23552_33280.jpg,TCGA-CA-5796,TCGA-CA-5796-01Z-00-DX1,0,1.2869392e-05,0
non-tumour/TCGA-CA-5796-01Z-00-DX1_23552_33792.jpg,TCGA-CA-5796,TCGA-CA-5796-01Z-00-DX1,0,2.519266e-06,0
non-tumour/TCGA-CA-5796-01Z-00-DX1_23552_35328.jpg,TCGA-CA-5796,TCGA-CA-5796-01Z-00-DX1,0,3.3315544e-06,0
non-tumour/TCGA-CA-5796-01Z-00-DX1_23552_37888.jpg,TCGA-CA-5796,TCGA-CA-5796-01Z-00-DX1,0,0.00011787705,0
non-tumour/TCGA-CA-5796-01Z-00-DX1_23552_38912.jpg,TCGA-CA-5796,TCGA-CA-5796-01Z-00-DX1,0,5.888646e-06,0
non-tumour/TCGA-CA-5796-01Z-00-DX1_23552_39424.jpg,TCGA-CA-5796,TCGA-CA-5796-01Z-00-DX1,0,2.5068055e-05,0
non-tumour/TCGA-CA-5796-01Z-00-DX1_23552_39936.jpg,TCGA-CA-5796,TCGA-CA-5796-01Z-00-DX1,0,0.0020886073,0
non-tumour/TCGA-CA-5796-01Z-00-DX1_23552_40448.jpg,TCGA-CA-5796,TCGA-CA-5796-01Z-00-DX1,0,9.944155e-06,0
non-tumour/TCGA-CA-5796-01Z-00-DX1_23552_40960.jpg,TCGA-CA-5796,TCGA-CA-5796-01Z-00-DX1,0,0.00013906682,0
non-tumour/TCGA-CA-5796-01Z-00-DX1_23552_41984.jpg,TCGA-CA-5796,TCGA-CA-5796-01Z-00-DX1,0,0.0019298723,0
non-tumour/TCGA-CA-5796-01Z-00-DX1_24064_31744.jpg,TCGA-CA-5796,TCGA-CA-5796-01Z-00-DX1,0,7.2742787e-06,0
non-tumour/TCGA-CA-5796-01Z-00-DX1_24064_33792.jpg,TCGA-CA-5796,TCGA-CA-5796-01Z-00-DX1,0,9.761476e-07,0
non-tumour/TCGA-CA-5796-01Z-00-DX1_24064_34304.jpg,TCGA-CA-5796,TCGA-CA-5796-01Z-00-DX1,0,1.2975305e-07,0
non-tumour/TCGA-CA-5796-01Z-00-DX1_24064_34816.jpg,TCGA-CA-5796,TCGA-CA-5796-01Z-00-DX1,0,4.341333e-05,0
non-tumour/TCGA-CA-5796-01Z-00-DX1_24064_36352.jpg,TCGA-CA-5796,TCGA-CA-5796-01Z-00-DX1,0,4.739473e-05,0
non-tumour/TCGA-CA-5796-01Z-00-DX1_24064_36864.jpg,TCGA-CA-5796,TCGA-CA-5796-01Z-00-DX1,0,6.327057e-05,0
non-tumour/TCGA-CA-5796-01Z-00-DX1_24064_37376.jpg,TCGA-CA-5796,TCGA-CA-5796-01Z-00-DX1,0,0.00021874705,0
non-tumour/TCGA-CA-5796-01Z-00-DX1_24064_37888.jpg,TCGA-CA-5796,TCGA-CA-5796-01Z-00-DX1,0,7.856969e-06,0
non-tumour/TCGA-CA-5796-01Z-00-DX1_24064_38912.jpg,TCGA-CA-5796,TCGA-CA-5796-01Z-00-DX1,0,0.0015166469,0
non-tumour/TCGA-CA-5796-01Z-00-DX1_24064_40448.jpg,TCGA-CA-5796,TCGA-CA-5796-01Z-00-DX1,0,2.7644304e-05,0
non-tumour/TCGA-CA-5796-01Z-00-DX1_24064_40960.jpg,TCGA-CA-5796,TCGA-CA-5796-01Z-00-DX1,0,0.00020419498,0
non-tumour/TCGA-CA-5796-01Z-00-DX1_24576_32256.jpg,TCGA-CA-5796,TCGA-CA-5796-01Z-00-DX1,0,4.6433075e-07,0
non-tumour/TCGA-CA-5796-01Z-00-DX1_24576_34304.jpg,TCGA-CA-5796,TCGA-CA-5796-01Z-00-DX1,0,8.856991e-06,0
non-tumour/TCGA-CA-5796-01Z-00-DX1_24576_35328.jpg,TCGA-CA-5796,TCGA-CA-5796-01Z-00-DX1,0,2.1803724e-05,0
non-tumour/TCGA-CA-5796-01Z-00-DX1_24576_36352.jpg,TCGA-CA-5796,TCGA-CA-5796-01Z-00-DX1,0,8.4400635e-06,0
non-tumour/TCGA-CA-5796-01Z-00-DX1_24576_36864.jpg,TCGA-CA-5796,TCGA-CA-5796-01Z-00-DX1,0,9.221482e-06,0
non-tumour/TCGA-CA-5796-01Z-00-DX1_24576_37376.jpg,TCGA-CA-5796,TCGA-CA-5796-01Z-00-DX1,0,0.0021809808,0
non-tumour/TCGA-CA-5796-01Z-00-DX1_24576_37888.jpg,TCGA-CA-5796,TCGA-CA-5796-01Z-00-DX1,0,1.3604631e-05,0
non-tumour/TCGA-CA-5796-01Z-00-DX1_24576_40448.jpg,TCGA-CA-5796,TCGA-CA-5796-01Z-00-DX1,0,3.311576e-06,0
non-tumour/TCGA-CA-5796-01Z-00-DX1_25088_32768.jpg,TCGA-CA-5796,TCGA-CA-5796-01Z-00-DX1,0,2.298706e-06,0
non-tumour/TCGA-CA-5796-01Z-00-DX1_25088_34304.jpg,TCGA-CA-5796,TCGA-CA-5796-01Z-00-DX1,0,9.996165e-06,0
non-tumour/TCGA-CA-5796-01Z-00-DX1_25088_35328.jpg,TCGA-CA-5796,TCGA-CA-5796-01Z-00-DX1,0,7.363278e-07,0
non-tumour/TCGA-CA-5796-01Z-00-DX1_25088_35840.jpg,TCGA-CA-5796,TCGA-CA-5796-01Z-00-DX1,0,8.496735e-05,0
non-tumour/TCGA-CA-5796-01Z-00-DX1_25088_36864.jpg,TCGA-CA-5796,TCGA-CA-5796-01Z-00-DX1,0,0.000876162,0
non-tumour/TCGA-CA-5796-01Z-00-DX1_25088_38912.jpg,TCGA-CA-5796,TCGA-CA-5796-01Z-00-DX1,0,9.758221e-06,0
non-tumour/TCGA-CA-5796-01Z-00-DX1_25600_32256.jpg,TCGA-CA-5796,TCGA-CA-5796-01Z-00-DX1,0,5.925715e-07,0
non-tumour/TCGA-CA-5796-01Z-00-DX1_25600_33792.jpg,TCGA-CA-5796,TCGA-CA-5796-01Z-00-DX1,0,1.762552e-05,0
non-tumour/TCGA-CA-5796-01Z-00-DX1_25600_35328.jpg,TCGA-CA-5796,TCGA-CA-5796-01Z-00-DX1,0,1.5591957e-06,0
non-tumour/TCGA-CA-5796-01Z-00-DX1_25600_36352.jpg,TCGA-CA-5796,TCGA-CA-5796-01Z-00-DX1,0,1.5046567e-06,0
non-tumour/TCGA-CA-5796-01Z-00-DX1_25600_36864.jpg,TCGA-CA-5796,TCGA-CA-5796-01Z-00-DX1,0,6.8388754e-06,0
non-tumour/TCGA-CA-5796-01Z-00-DX1_25600_39936.jpg,TCGA-CA-5796,TCGA-CA-5796-01Z-00-DX1,0,2.0018908e-05,0
non-tumour/TCGA-CA-5796-01Z-00-DX1_25600_40448.jpg,TCGA-CA-5796,TCGA-CA-5796-01Z-00-DX1,0,6.573062e-05,0
non-tumour/TCGA-CA-5796-01Z-00-DX1_2560_27648.jpg,TCGA-CA-5796,TCGA-CA-5796-01Z-00-DX1,0,5.486598e-05,0
non-tumour/TCGA-CA-5796-01Z-00-DX1_2560_28160.jpg,TCGA-CA-5796,TCGA-CA-5796-01Z-00-DX1,0,0.0001529641,0
non-tumour/TCGA-CA-5796-01Z-00-DX1_2560_32768.jpg,TCGA-CA-5796,TCGA-CA-5796-01Z-00-DX1,0,2.3992601e-05,0
non-tumour/TCGA-CA-5796-01Z-00-DX1_2560_33280.jpg,TCGA-CA-5796,TCGA-CA-5796-01Z-00-DX1,0,4.3067513e-07,0
non-tumour/TCGA-CA-5796-01Z-00-DX1_26112_30720.jpg,TCGA-CA-5796,TCGA-CA-5796-01Z-00-DX1,0,0.15365115,0
non-tumour/TCGA-CA-5796-01Z-00-DX1_26112_31232.jpg,TCGA-CA-5796,TCGA-CA-5796-01Z-00-DX1,0,8.357796e-06,0
non-tumour/TCGA-CA-5796-01Z-00-DX1_26112_31744.jpg,TCGA-CA-5796,TCGA-CA-5796-01Z-00-DX1,0,1.7358985e-07,0
non-tumour/TCGA-CA-5796-01Z-00-DX1_26112_32256.jpg,TCGA-CA-5796,TCGA-CA-5796-01Z-00-DX1,0,5.5914985e-05,0
non-tumour/TCGA-CA-5796-01Z-00-DX1_26112_35328.jpg,TCGA-CA-5796,TCGA-CA-5796-01Z-00-DX1,0,0.0003488634,0
non-tumour/TCGA-CA-5796-01Z-00-DX1_26112_35840.jpg,TCGA-CA-5796,TCGA-CA-5796-01Z-00-DX1,0,1.577185e-05,0
non-tumour/TCGA-CA-5796-01Z-00-DX1_26112_36352.jpg,TCGA-CA-5796,TCGA-CA-5796-01Z-00-DX1,0,2.0770189e-05,0
non-tumour/TCGA-CA-5796-01Z-00-DX1_26112_36864.jpg,TCGA-CA-5796,TCGA-CA-5796-01Z-00-DX1,0,6.1263505e-05,0
non-tumour/TCGA-CA-5796-01Z-00-DX1_26112_38400.jpg,TCGA-CA-5796,TCGA-CA-5796-01Z-00-DX1,0,0.0004272926,0
non-tumour/TCGA-CA-5796-01Z-00-DX1_26112_39424.jpg,TCGA-CA-5796,TCGA-CA-5796-01Z-00-DX1,0,5.681395e-06,0
non-tumour/TCGA-CA-5796-01Z-00-DX1_26624_31744.jpg,TCGA-CA-5796,TCGA-CA-5796-01Z-00-DX1,0,1.2021989e-05,0
non-tumour/TCGA-CA-5796-01Z-00-DX1_26624_33280.jpg,TCGA-CA-5796,TCGA-CA-5796-01Z-00-DX1,0,7.767514e-07,0
non-tumour/TCGA-CA-5796-01Z-00-DX1_26624_33792.jpg,TCGA-CA-5796,TCGA-CA-5796-01Z-00-DX1,0,6.569678e-05,0
non-tumour/TCGA-CA-5796-01Z-00-DX1_26624_34304.jpg,TCGA-CA-5796,TCGA-CA-5796-01Z-00-DX1,0,7.3775864e-06,0
non-tumour/TCGA-CA-5796-01Z-00-DX1_26624_35840.jpg,TCGA-CA-5796,TCGA-CA-5796-01Z-00-DX1,0,1.9900592e-06,0
non-tumour/TCGA-CA-5796-01Z-00-DX1_26624_36352.jpg,TCGA-CA-5796,TCGA-CA-5796-01Z-00-DX1,0,8.573674e-05,0
non-tumour/TCGA-CA-5796-01Z-00-DX1_26624_36864.jpg,TCGA-CA-5796,TCGA-CA-5796-01Z-00-DX1,0,2.0965679e-06,0
non-tumour/TCGA-CA-5796-01Z-00-DX1_26624_38400.jpg,TCGA-CA-5796,TCGA-CA-5796-01Z-00-DX1,0,7.325533e-05,0
non-tumour/TCGA-CA-5796-01Z-00-DX1_26624_39424.jpg,TCGA-CA-5796,TCGA-CA-5796-01Z-00-DX1,0,0.0005852464,0
non-tumour/TCGA-CA-5796-01Z-00-DX1_27136_34304.jpg,TCGA-CA-5796,TCGA-CA-5796-01Z-00-DX1,0,0.04540333,0
non-tumour/TCGA-CA-5796-01Z-00-DX1_27136_34816.jpg,TCGA-CA-5796,TCGA-CA-5796-01Z-00-DX1,0,8.1729e-07,0
non-tumour/TCGA-CA-5796-01Z-00-DX1_27136_35328.jpg,TCGA-CA-5796,TCGA-CA-5796-01Z-00-DX1,0,5.9022906e-05,0
non-tumour/TCGA-CA-5796-01Z-00-DX1_27136_36864.jpg,TCGA-CA-5796,TCGA-CA-5796-01Z-00-DX1,0,6.9452394e-06,0
non-tumour/TCGA-CA-5796-01Z-00-DX1_27136_37376.jpg,TCGA-CA-5796,TCGA-CA-5796-01Z-00-DX1,0,8.3984005e-06,0
non-tumour/TCGA-CA-5796-01Z-00-DX1_27648_35840.jpg,TCGA-CA-5796,TCGA-CA-5796-01Z-00-DX1,0,2.4760351e-05,0
non-tumour/TCGA-CA-5796-01Z-00-DX1_27648_36864.jpg,TCGA-CA-5796,TCGA-CA-5796-01Z-00-DX1,0,1.6629996e-05,0
non-tumour/TCGA-CA-5796-01Z-00-DX1_27648_37376.jpg,TCGA-CA-5796,TCGA-CA-5796-01Z-00-DX1,0,8.0385944e-05,0
non-tumour/TCGA-CA-5796-01Z-00-DX1_3072_31744.jpg,TCGA-CA-5796,TCGA-CA-5796-01Z-00-DX1,0,0.001939856,0
non-tumour/TCGA-CA-5796-01Z-00-DX1_3072_32256.jpg,TCGA-CA-5796,TCGA-CA-5796-01Z-00-DX1,0,0.00010857237,0
non-tumour/TCGA-CA-5796-01Z-00-DX1_3072_33280.jpg,TCGA-CA-5796,TCGA-CA-5796-01Z-00-DX1,0,1.6925312e-06,0
non-tumour/TCGA-CA-5796-01Z-00-DX1_3072_33792.jpg,TCGA-CA-5796,TCGA-CA-5796-01Z-00-DX1,0,3.3102594e-06,0
non-tumour/TCGA-CA-5796-01Z-00-DX1_3584_32256.jpg,TCGA-CA-5796,TCGA-CA-5796-01Z-00-DX1,0,2.2300432e-05,0
non-tumour/TCGA-CA-5796-01Z-00-DX1_3584_33792.jpg,TCGA-CA-5796,TCGA-CA-5796-01Z-00-DX1,0,1.2461775e-06,0
non-tumour/TCGA-CA-5796-01Z-00-DX1_3584_34304.jpg,TCGA-CA-5796,TCGA-CA-5796-01Z-00-DX1,0,1.2346563e-07,0
non-tumour/TCGA-CA-5796-01Z-00-DX1_4096_32256.jpg,TCGA-CA-5796,TCGA-CA-5796-01Z-00-DX1,0,0.00021308026,0
non-tumour/TCGA-CA-5796-01Z-00-DX1_4096_33280.jpg,TCGA-CA-5796,TCGA-CA-5796-01Z-00-DX1,0,0.0001665735,0
non-tumour/TCGA-CA-5796-01Z-00-DX1_4096_33792.jpg,TCGA-CA-5796,TCGA-CA-5796-01Z-00-DX1,0,0.00037321134,0
non-tumour/TCGA-CA-5796-01Z-00-DX1_4096_34304.jpg,TCGA-CA-5796,TCGA-CA-5796-01Z-00-DX1,0,6.197587e-06,0
non-tumour/TCGA-CA-5796-01Z-00-DX1_4608_33280.jpg,TCGA-CA-5796,TCGA-CA-5796-01Z-00-DX1,0,7.211308e-07,0
non-tumour/TCGA-CA-5796-01Z-00-DX1_4608_34304.jpg,TCGA-CA-5796,TCGA-CA-5796-01Z-00-DX1,0,7.827756e-06,0
non-tumour/TCGA-CA-5796-01Z-00-DX1_5120_31232.jpg,TCGA-CA-5796,TCGA-CA-5796-01Z-00-DX1,0,5.348605e-07,0
non-tumour/TCGA-CA-5796-01Z-00-DX1_5120_31744.jpg,TCGA-CA-5796,TCGA-CA-5796-01Z-00-DX1,0,3.4203535e-07,0
non-tumour/TCGA-CA-5796-01Z-00-DX1_5120_33280.jpg,TCGA-CA-5796,TCGA-CA-5796-01Z-00-DX1,0,0.0013411094,0
non-tumour/TCGA-CA-5796-01Z-00-DX1_5120_33792.jpg,TCGA-CA-5796,TCGA-CA-5796-01Z-00-DX1,0,2.170787e-05,0
non-tumour/TCGA-CA-5796-01Z-00-DX1_5120_34304.jpg,TCGA-CA-5796,TCGA-CA-5796-01Z-00-DX1,0,5.5593637e-06,0
non-tumour/TCGA-CA-5796-01Z-00-DX1_5632_31744.jpg,TCGA-CA-5796,TCGA-CA-5796-01Z-00-DX1,0,2.4487167e-07,0
non-tumour/TCGA-CA-5796-01Z-00-DX1_5632_33280.jpg,TCGA-CA-5796,TCGA-CA-5796-01Z-00-DX1,0,0.00011385043,0
non-tumour/TCGA-CA-5796-01Z-00-DX1_5632_34304.jpg,TCGA-CA-5796,TCGA-CA-5796-01Z-00-DX1,0,4.763031e-06,0
non-tumour/TCGA-CA-5796-01Z-00-DX1_5632_34816.jpg,TCGA-CA-5796,TCGA-CA-5796-01Z-00-DX1,0,8.0563215e-05,0
non-tumour/TCGA-CA-5796-01Z-00-DX1_5632_38400.jpg,TCGA-CA-5796,TCGA-CA-5796-01Z-00-DX1,0,1.9072631e-05,0
non-tumour/TCGA-CA-5796-01Z-00-DX1_5632_38912.jpg,TCGA-CA-5796,TCGA-CA-5796-01Z-00-DX1,0,1.4367946e-06,0
non-tumour/TCGA-CA-5796-01Z-00-DX1_5632_39424.jpg,TCGA-CA-5796,TCGA-CA-5796-01Z-00-DX1,0,0.00014506059,0
non-tumour/TCGA-CA-5796-01Z-00-DX1_5632_39936.jpg,TCGA-CA-5796,TCGA-CA-5796-01Z-00-DX1,0,6.293726e-05,0
non-tumour/TCGA-CA-5796-01Z-00-DX1_6144_31232.jpg,TCGA-CA-5796,TCGA-CA-5796-01Z-00-DX1,0,0.00013181454,0
non-tumour/TCGA-CA-5796-01Z-00-DX1_6144_33280.jpg,TCGA-CA-5796,TCGA-CA-5796-01Z-00-DX1,0,2.7098877e-06,0
non-tumour/TCGA-CA-5796-01Z-00-DX1_6144_33792.jpg,TCGA-CA-5796,TCGA-CA-5796-01Z-00-DX1,0,1.2627811e-05,0
non-tumour/TCGA-CA-5796-01Z-00-DX1_6144_34304.jpg,TCGA-CA-5796,TCGA-CA-5796-01Z-00-DX1,0,1.7810726e-05,0
non-tumour/TCGA-CA-5796-01Z-00-DX1_6144_34816.jpg,TCGA-CA-5796,TCGA-CA-5796-01Z-00-DX1,0,1.811404e-05,0
non-tumour/TCGA-CA-5796-01Z-00-DX1_6144_35328.jpg,TCGA-CA-5796,TCGA-CA-5796-01Z-00-DX1,0,0.00013394697,0
non-tumour/TCGA-CA-5796-01Z-00-DX1_6144_36864.jpg,TCGA-CA-5796,TCGA-CA-5796-01Z-00-DX1,0,4.0660556e-08,0
non-tumour/TCGA-CA-5796-01Z-00-DX1_6144_37376.jpg,TCGA-CA-5796,TCGA-CA-5796-01Z-00-DX1,0,2.4763412e-07,0
non-tumour/TCGA-CA-5796-01Z-00-DX1_6144_37888.jpg,TCGA-CA-5796,TCGA-CA-5796-01Z-00-DX1,0,1.1231187e-05,0
non-tumour/TCGA-CA-5796-01Z-00-DX1_6144_38912.jpg,TCGA-CA-5796,TCGA-CA-5796-01Z-00-DX1,0,1.7086491e-05,0
non-tumour/TCGA-CA-5796-01Z-00-DX1_6144_39936.jpg,TCGA-CA-5796,TCGA-CA-5796-01Z-00-DX1,0,0.02099793,0
non-tumour/TCGA-CA-5796-01Z-00-DX1_6656_30720.jpg,TCGA-CA-5796,TCGA-CA-5796-01Z-00-DX1,0,5.526745e-07,0
non-tumour/TCGA-CA-5796-01Z-00-DX1_6656_31232.jpg,TCGA-CA-5796,TCGA-CA-5796-01Z-00-DX1,0,0.0006392307,0
non-tumour/TCGA-CA-5796-01Z-00-DX1_6656_31744.jpg,TCGA-CA-5796,TCGA-CA-5796-01Z-00-DX1,0,3.7109853e-06,0
non-tumour/TCGA-CA-5796-01Z-00-DX1_6656_32256.jpg,TCGA-CA-5796,TCGA-CA-5796-01Z-00-DX1,0,6.6414876e-05,0
non-tumour/TCGA-CA-5796-01Z-00-DX1_6656_32768.jpg,TCGA-CA-5796,TCGA-CA-5796-01Z-00-DX1,0,0.0025425425,0
non-tumour/TCGA-CA-5796-01Z-00-DX1_6656_34304.jpg,TCGA-CA-5796,TCGA-CA-5796-01Z-00-DX1,0,5.416157e-06,0
non-tumour/TCGA-CA-5796-01Z-00-DX1_6656_35840.jpg,TCGA-CA-5796,TCGA-CA-5796-01Z-00-DX1,0,1.0125741e-06,0
non-tumour/TCGA-CA-5796-01Z-00-DX1_6656_36864.jpg,TCGA-CA-5796,TCGA-CA-5796-01Z-00-DX1,0,8.4432166e-08,0
non-tumour/TCGA-CA-5796-01Z-00-DX1_6656_37376.jpg,TCGA-CA-5796,TCGA-CA-5796-01Z-00-DX1,0,1.9539743e-06,0
non-tumour/TCGA-CA-5796-01Z-00-DX1_6656_37888.jpg,TCGA-CA-5796,TCGA-CA-5796-01Z-00-DX1,0,4.755978e-06,0
non-tumour/TCGA-CA-5796-01Z-00-DX1_6656_39936.jpg,TCGA-CA-5796,TCGA-CA-5796-01Z-00-DX1,0,1.1464677e-05,0
non-tumour/TCGA-CA-5796-01Z-00-DX1_7168_30720.jpg,TCGA-CA-5796,TCGA-CA-5796-01Z-00-DX1,0,0.0021234408,0
non-tumour/TCGA-CA-5796-01Z-00-DX1_7168_31232.jpg,TCGA-CA-5796,TCGA-CA-5796-01Z-00-DX1,0,0.0019399278,0
non-tumour/TCGA-CA-5796-01Z-00-DX1_7168_31744.jpg,TCGA-CA-5796,TCGA-CA-5796-01Z-00-DX1,0,3.7885024e-05,0
non-tumour/TCGA-CA-5796-01Z-00-DX1_7168_32256.jpg,TCGA-CA-5796,TCGA-CA-5796-01Z-00-DX1,0,0.000114593684,0
non-tumour/TCGA-CA-5796-01Z-00-DX1_7168_32768.jpg,TCGA-CA-5796,TCGA-CA-5796-01Z-00-DX1,0,7.8820296e-05,0
non-tumour/TCGA-CA-5796-01Z-00-DX1_7168_33280.jpg,TCGA-CA-5796,TCGA-CA-5796-01Z-00-DX1,0,0.00016973932,0
non-tumour/TCGA-CA-5796-01Z-00-DX1_7168_34304.jpg,TCGA-CA-5796,TCGA-CA-5796-01Z-00-DX1,0,3.2991392e-07,0
non-tumour/TCGA-CA-5796-01Z-00-DX1_7168_34816.jpg,TCGA-CA-5796,TCGA-CA-5796-01Z-00-DX1,0,5.0142055e-05,0
non-tumour/TCGA-CA-5796-01Z-00-DX1_7168_35840.jpg,TCGA-CA-5796,TCGA-CA-5796-01Z-00-DX1,0,1.3939483e-06,0
non-tumour/TCGA-CA-5796-01Z-00-DX1_7168_37376.jpg,TCGA-CA-5796,TCGA-CA-5796-01Z-00-DX1,0,1.0534964e-07,0
non-tumour/TCGA-CA-5796-01Z-00-DX1_7168_38400.jpg,TCGA-CA-5796,TCGA-CA-5796-01Z-00-DX1,0,0.001215832,0
non-tumour/TCGA-CA-5796-01Z-00-DX1_7680_30208.jpg,TCGA-CA-5796,TCGA-CA-5796-01Z-00-DX1,0,0.0035570748,0
non-tumour/TCGA-CA-5796-01Z-00-DX1_7680_31232.jpg,TCGA-CA-5796,TCGA-CA-5796-01Z-00-DX1,0,3.5348025e-05,0
non-tumour/TCGA-CA-5796-01Z-00-DX1_7680_32256.jpg,TCGA-CA-5796,TCGA-CA-5796-01Z-00-DX1,0,3.649886e-05,0
non-tumour/TCGA-CA-5796-01Z-00-DX1_7680_32768.jpg,TCGA-CA-5796,TCGA-CA-5796-01Z-00-DX1,0,8.244252e-06,0
non-tumour/TCGA-CA-5796-01Z-00-DX1_7680_35328.jpg,TCGA-CA-5796,TCGA-CA-5796-01Z-00-DX1,0,6.842222e-06,0
non-tumour/TCGA-CA-5796-01Z-00-DX1_7680_37376.jpg,TCGA-CA-5796,TCGA-CA-5796-01Z-00-DX1,0,2.7027153e-07,0
non-tumour/TCGA-CA-5796-01Z-00-DX1_7680_38400.jpg,TCGA-CA-5796,TCGA-CA-5796-01Z-00-DX1,0,4.067813e-05,0
non-tumour/TCGA-CA-5796-01Z-00-DX1_7680_39424.jpg,TCGA-CA-5796,TCGA-CA-5796-01Z-00-DX1,0,0.04238686,0
non-tumour/TCGA-CA-5796-01Z-00-DX1_7680_39936.jpg,TCGA-CA-5796,TCGA-CA-5796-01Z-00-DX1,0,0.0019487564,0
non-tumour/TCGA-CA-5796-01Z-00-DX1_8192_29696.jpg,TCGA-CA-5796,TCGA-CA-5796-01Z-00-DX1,0,0.00022759258,0
non-tumour/TCGA-CA-5796-01Z-00-DX1_8192_30208.jpg,TCGA-CA-5796,TCGA-CA-5796-01Z-00-DX1,0,6.1715255e-05,0
non-tumour/TCGA-CA-5796-01Z-00-DX1_8192_31232.jpg,TCGA-CA-5796,TCGA-CA-5796-01Z-00-DX1,0,3.850417e-06,0
non-tumour/TCGA-CA-5796-01Z-00-DX1_8192_31744.jpg,TCGA-CA-5796,TCGA-CA-5796-01Z-00-DX1,0,1.9448905e-06,0
non-tumour/TCGA-CA-5796-01Z-00-DX1_8192_32256.jpg,TCGA-CA-5796,TCGA-CA-5796-01Z-00-DX1,0,0.003588784,0
non-tumour/TCGA-CA-5796-01Z-00-DX1_8192_32768.jpg,TCGA-CA-5796,TCGA-CA-5796-01Z-00-DX1,0,0.00017501012,0
non-tumour/TCGA-CA-5796-01Z-00-DX1_8192_33280.jpg,TCGA-CA-5796,TCGA-CA-5796-01Z-00-DX1,0,0.001368789,0
non-tumour/TCGA-CA-5796-01Z-00-DX1_8192_34304.jpg,TCGA-CA-5796,TCGA-CA-5796-01Z-00-DX1,0,0.00012140255,0
non-tumour/TCGA-CA-5796-01Z-00-DX1_8192_35328.jpg,TCGA-CA-5796,TCGA-CA-5796-01Z-00-DX1,0,9.926739e-07,0
non-tumour/TCGA-CA-5796-01Z-00-DX1_8192_35840.jpg,TCGA-CA-5796,TCGA-CA-5796-01Z-00-DX1,0,2.7139868e-07,0
non-tumour/TCGA-CA-5796-01Z-00-DX1_8192_36352.jpg,TCGA-CA-5796,TCGA-CA-5796-01Z-00-DX1,0,3.6378835e-05,0
non-tumour/TCGA-CA-5796-01Z-00-DX1_8192_36864.jpg,TCGA-CA-5796,TCGA-CA-5796-01Z-00-DX1,0,4.294441e-06,0
non-tumour/TCGA-CA-5796-01Z-00-DX1_8192_37376.jpg,TCGA-CA-5796,TCGA-CA-5796-01Z-00-DX1,0,5.090832e-07,0
non-tumour/TCGA-CA-5796-01Z-00-DX1_8192_37888.jpg,TCGA-CA-5796,TCGA-CA-5796-01Z-00-DX1,0,3.283572e-06,0
non-tumour/TCGA-CA-5796-01Z-00-DX1_8192_38912.jpg,TCGA-CA-5796,TCGA-CA-5796-01Z-00-DX1,0,0.0020638874,0
non-tumour/TCGA-CA-5796-01Z-00-DX1_8704_29184.jpg,TCGA-CA-5796,TCGA-CA-5796-01Z-00-DX1,0,0.0016588389,0
non-tumour/TCGA-CA-5796-01Z-00-DX1_8704_29696.jpg,TCGA-CA-5796,TCGA-CA-5796-01Z-00-DX1,0,0.00010467366,0
non-tumour/TCGA-CA-5796-01Z-00-DX1_8704_30208.jpg,TCGA-CA-5796,TCGA-CA-5796-01Z-00-DX1,0,0.00081755215,0
non-tumour/TCGA-CA-5796-01Z-00-DX1_8704_30720.jpg,TCGA-CA-5796,TCGA-CA-5796-01Z-00-DX1,0,0.005717015,0
non-tumour/TCGA-CA-5796-01Z-00-DX1_8704_31232.jpg,TCGA-CA-5796,TCGA-CA-5796-01Z-00-DX1,0,0.029916164,0
non-tumour/TCGA-CA-5796-01Z-00-DX1_8704_31744.jpg,TCGA-CA-5796,TCGA-CA-5796-01Z-00-DX1,0,0.00084803224,0
non-tumour/TCGA-CA-5796-01Z-00-DX1_8704_32256.jpg,TCGA-CA-5796,TCGA-CA-5796-01Z-00-DX1,0,0.00013482335,0
non-tumour/TCGA-CA-5796-01Z-00-DX1_8704_32768.jpg,TCGA-CA-5796,TCGA-CA-5796-01Z-00-DX1,0,0.0003562265,0
non-tumour/TCGA-CA-5796-01Z-00-DX1_8704_33280.jpg,TCGA-CA-5796,TCGA-CA-5796-01Z-00-DX1,0,0.00026695748,0
non-tumour/TCGA-CA-5796-01Z-00-DX1_8704_34816.jpg,TCGA-CA-5796,TCGA-CA-5796-01Z-00-DX1,0,7.9872784e-08,0
non-tumour/TCGA-CA-5796-01Z-00-DX1_8704_35840.jpg,TCGA-CA-5796,TCGA-CA-5796-01Z-00-DX1,0,5.3035383e-06,0
non-tumour/TCGA-CA-5796-01Z-00-DX1_8704_36352.jpg,TCGA-CA-5796,TCGA-CA-5796-01Z-00-DX1,0,5.9147762e-05,0
non-tumour/TCGA-CA-5796-01Z-00-DX1_8704_36864.jpg,TCGA-CA-5796,TCGA-CA-5796-01Z-00-DX1,0,6.192931e-06,0
non-tumour/TCGA-CA-5796-01Z-00-DX1_9216_29184.jpg,TCGA-CA-5796,TCGA-CA-5796-01Z-00-DX1,0,0.0006866287,0
non-tumour/TCGA-CA-5796-01Z-00-DX1_9216_29696.jpg,TCGA-CA-5796,TCGA-CA-5796-01Z-00-DX1,0,0.001159549,0
non-tumour/TCGA-CA-5796-01Z-00-DX1_9216_33280.jpg,TCGA-CA-5796,TCGA-CA-5796-01Z-00-DX1,0,0.0006142583,0
non-tumour/TCGA-CA-5796-01Z-00-DX1_9216_33792.jpg,TCGA-CA-5796,TCGA-CA-5796-01Z-00-DX1,0,8.754665e-05,0
non-tumour/TCGA-CA-5796-01Z-00-DX1_9216_35840.jpg,TCGA-CA-5796,TCGA-CA-5796-01Z-00-DX1,0,3.0282881e-05,0
non-tumour/TCGA-CA-5796-01Z-00-DX1_9216_36352.jpg,TCGA-CA-5796,TCGA-CA-5796-01Z-00-DX1,0,0.011703643,0
non-tumour/TCGA-CA-5796-01Z-00-DX1_9216_36864.jpg,TCGA-CA-5796,TCGA-CA-5796-01Z-00-DX1,0,1.5350652e-06,0
non-tumour/TCGA-CA-5796-01Z-00-DX1_9216_37376.jpg,TCGA-CA-5796,TCGA-CA-5796-01Z-00-DX1,0,7.569037e-06,0
non-tumour/TCGA-CA-5796-01Z-00-DX1_9216_38400.jpg,TCGA-CA-5796,TCGA-CA-5796-01Z-00-DX1,0,8.051395e-07,0
non-tumour/TCGA-CA-5796-01Z-00-DX1_9728_28672.jpg,TCGA-CA-5796,TCGA-CA-5796-01Z-00-DX1,0,0.00054909853,0
non-tumour/TCGA-CA-5796-01Z-00-DX1_9728_29696.jpg,TCGA-CA-5796,TCGA-CA-5796-01Z-00-DX1,0,2.286242e-05,0
non-tumour/TCGA-CA-5796-01Z-00-DX1_9728_30208.jpg,TCGA-CA-5796,TCGA-CA-5796-01Z-00-DX1,0,0.00018366371,0
non-tumour/TCGA-CA-5796-01Z-00-DX1_9728_30720.jpg,TCGA-CA-5796,TCGA-CA-5796-01Z-00-DX1,0,1.4409146e-08,0
non-tumour/TCGA-CA-5796-01Z-00-DX1_9728_31232.jpg,TCGA-CA-5796,TCGA-CA-5796-01Z-00-DX1,0,0.0011848339,0
non-tumour/TCGA-CA-5796-01Z-00-DX1_9728_33280.jpg,TCGA-CA-5796,TCGA-CA-5796-01Z-00-DX1,0,0.0037996506,0
non-tumour/TCGA-CA-5796-01Z-00-DX1_9728_33792.jpg,TCGA-CA-5796,TCGA-CA-5796-01Z-00-DX1,0,0.0003921117,0
non-tumour/TCGA-CA-5796-01Z-00-DX1_9728_34816.jpg,TCGA-CA-5796,TCGA-CA-5796-01Z-00-DX1,0,3.2155478e-06,0
non-tumour/TCGA-CA-5796-01Z-00-DX1_9728_35328.jpg,TCGA-CA-5796,TCGA-CA-5796-01Z-00-DX1,0,6.737337e-07,0
non-tumour/TCGA-CA-5796-01Z-00-DX1_9728_36352.jpg,TCGA-CA-5796,TCGA-CA-5796-01Z-00-DX1,0,0.11957729,0
non-tumour/TCGA-CA-5796-01Z-00-DX1_9728_36864.jpg,TCGA-CA-5796,TCGA-CA-5796-01Z-00-DX1,0,2.4936987e-06,0
non-tumour/TCGA-F4-6704-01Z-00-DX1_27648_8192.jpg,TCGA-F4-6704,TCGA-F4-6704-01Z-00-DX1,0,0.98204273,1
non-tumour/TCGA-F4-6704-01Z-00-DX1_28160_6144.jpg,TCGA-F4-6704,TCGA-F4-6704-01Z-00-DX1,0,0.79477316,1
non-tumour/TCGA-F4-6704-01Z-00-DX1_28160_7680.jpg,TCGA-F4-6704,TCGA-F4-6704-01Z-00-DX1,0,0.992157,1
non-tumour/TCGA-F4-6704-01Z-00-DX1_28672_6144.jpg,TCGA-F4-6704,TCGA-F4-6704-01Z-00-DX1,0,0.21229763,0
non-tumour/TCGA-F4-6704-01Z-00-DX1_31744_14336.jpg,TCGA-F4-6704,TCGA-F4-6704-01Z-00-DX1,0,0.18187258,0
non-tumour/TCGA-F4-6704-01Z-00-DX1_31744_14848.jpg,TCGA-F4-6704,TCGA-F4-6704-01Z-00-DX1,0,0.023603233,0
non-tumour/TCGA-F4-6704-01Z-00-DX1_32256_14336.jpg,TCGA-F4-6704,TCGA-F4-6704-01Z-00-DX1,0,0.8872666,1
non-tumour/TCGA-G4-6315-01Z-00-DX1_10240_10752.jpg,TCGA-G4-6315,TCGA-G4-6315-01Z-00-DX1,0,1.8494958e-07,0
non-tumour/TCGA-G4-6315-01Z-00-DX1_10240_11776.jpg,TCGA-G4-6315,TCGA-G4-6315-01Z-00-DX1,0,1.4937656e-08,0
non-tumour/TCGA-G4-6315-01Z-00-DX1_10240_12288.jpg,TCGA-G4-6315,TCGA-G4-6315-01Z-00-DX1,0,5.1787487e-07,0
non-tumour/TCGA-G4-6315-01Z-00-DX1_10240_12800.jpg,TCGA-G4-6315,TCGA-G4-6315-01Z-00-DX1,0,1.9085394e-06,0
non-tumour/TCGA-G4-6315-01Z-00-DX1_10240_13824.jpg,TCGA-G4-6315,TCGA-G4-6315-01Z-00-DX1,0,0.6214938,1
non-tumour/TCGA-G4-6315-01Z-00-DX1_10240_14336.jpg,TCGA-G4-6315,TCGA-G4-6315-01Z-00-DX1,0,0.36611447,0
non-tumour/TCGA-G4-6315-01Z-00-DX1_10240_14848.jpg,TCGA-G4-6315,TCGA-G4-6315-01Z-00-DX1,0,0.008731105,0
non-tumour/TCGA-G4-6315-01Z-00-DX1_10240_15360.jpg,TCGA-G4-6315,TCGA-G4-6315-01Z-00-DX1,0,0.01099575,0
non-tumour/TCGA-G4-6315-01Z-00-DX1_10240_15872.jpg,TCGA-G4-6315,TCGA-G4-6315-01Z-00-DX1,0,2.4567743e-08,0
non-tumour/TCGA-G4-6315-01Z-00-DX1_10240_16384.jpg,TCGA-G4-6315,TCGA-G4-6315-01Z-00-DX1,0,9.085172e-08,0
non-tumour/TCGA-G4-6315-01Z-00-DX1_10240_19456.jpg,TCGA-G4-6315,TCGA-G4-6315-01Z-00-DX1,0,0.00042920434,0
non-tumour/TCGA-G4-6315-01Z-00-DX1_10240_20480.jpg,TCGA-G4-6315,TCGA-G4-6315-01Z-00-DX1,0,0.0076829023,0
non-tumour/TCGA-G4-6315-01Z-00-DX1_10240_23040.jpg,TCGA-G4-6315,TCGA-G4-6315-01Z-00-DX1,0,0.0012692707,0
non-tumour/TCGA-G4-6315-01Z-00-DX1_10240_24064.jpg,TCGA-G4-6315,TCGA-G4-6315-01Z-00-DX1,0,2.9325825e-05,0
non-tumour/TCGA-G4-6315-01Z-00-DX1_10240_2560.jpg,TCGA-G4-6315,TCGA-G4-6315-01Z-00-DX1,0,8.377458e-06,0
non-tumour/TCGA-G4-6315-01Z-00-DX1_10240_27136.jpg,TCGA-G4-6315,TCGA-G4-6315-01Z-00-DX1,0,0.5112721,1
non-tumour/TCGA-G4-6315-01Z-00-DX1_10240_27648.jpg,TCGA-G4-6315,TCGA-G4-6315-01Z-00-DX1,0,0.07620794,0
non-tumour/TCGA-G4-6315-01Z-00-DX1_10240_29184.jpg,TCGA-G4-6315,TCGA-G4-6315-01Z-00-DX1,0,0.13251963,0
non-tumour/TCGA-G4-6315-01Z-00-DX1_10240_29696.jpg,TCGA-G4-6315,TCGA-G4-6315-01Z-00-DX1,0,0.13379823,0
non-tumour/TCGA-G4-6315-01Z-00-DX1_10240_3072.jpg,TCGA-G4-6315,TCGA-G4-6315-01Z-00-DX1,0,2.3126179e-06,0
non-tumour/TCGA-G4-6315-01Z-00-DX1_10240_30720.jpg,TCGA-G4-6315,TCGA-G4-6315-01Z-00-DX1,0,0.0020783471,0
non-tumour/TCGA-G4-6315-01Z-00-DX1_10240_32256.jpg,TCGA-G4-6315,TCGA-G4-6315-01Z-00-DX1,0,0.06357575,0
non-tumour/TCGA-G4-6315-01Z-00-DX1_10240_33280.jpg,TCGA-G4-6315,TCGA-G4-6315-01Z-00-DX1,0,0.00038565716,0
non-tumour/TCGA-G4-6315-01Z-00-DX1_10240_33792.jpg,TCGA-G4-6315,TCGA-G4-6315-01Z-00-DX1,0,0.0006649699,0
non-tumour/TCGA-G4-6315-01Z-00-DX1_10240_34816.jpg,TCGA-G4-6315,TCGA-G4-6315-01Z-00-DX1,0,6.807913e-07,0
non-tumour/TCGA-G4-6315-01Z-00-DX1_10240_35328.jpg,TCGA-G4-6315,TCGA-G4-6315-01Z-00-DX1,0,2.5956956e-07,0
non-tumour/TCGA-G4-6315-01Z-00-DX1_10240_35840.jpg,TCGA-G4-6315,TCGA-G4-6315-01Z-00-DX1,0,4.5284054e-08,0
non-tumour/TCGA-G4-6315-01Z-00-DX1_10240_36352.jpg,TCGA-G4-6315,TCGA-G4-6315-01Z-00-DX1,0,1.08040865e-07,0
non-tumour/TCGA-G4-6315-01Z-00-DX1_10240_37376.jpg,TCGA-G4-6315,TCGA-G4-6315-01Z-00-DX1,0,6.289472e-05,0
non-tumour/TCGA-G4-6315-01Z-00-DX1_10240_37888.jpg,TCGA-G4-6315,TCGA-G4-6315-01Z-00-DX1,0,0.100662574,0
non-tumour/TCGA-G4-6315-01Z-00-DX1_10240_6144.jpg,TCGA-G4-6315,TCGA-G4-6315-01Z-00-DX1,0,2.5387331e-08,0
non-tumour/TCGA-G4-6315-01Z-00-DX1_10240_6656.jpg,TCGA-G4-6315,TCGA-G4-6315-01Z-00-DX1,0,8.9979943e-07,0
non-tumour/TCGA-G4-6315-01Z-00-DX1_10240_8192.jpg,TCGA-G4-6315,TCGA-G4-6315-01Z-00-DX1,0,5.6361653e-08,0
non-tumour/TCGA-G4-6315-01Z-00-DX1_10240_8704.jpg,TCGA-G4-6315,TCGA-G4-6315-01Z-00-DX1,0,9.443248e-08,0
non-tumour/TCGA-G4-6315-01Z-00-DX1_10240_9216.jpg,TCGA-G4-6315,TCGA-G4-6315-01Z-00-DX1,0,5.313494e-08,0
non-tumour/TCGA-G4-6315-01Z-00-DX1_10752_10240.jpg,TCGA-G4-6315,TCGA-G4-6315-01Z-00-DX1,0,2.0784976e-08,0
non-tumour/TCGA-G4-6315-01Z-00-DX1_10752_10752.jpg,TCGA-G4-6315,TCGA-G4-6315-01Z-00-DX1,0,3.417581e-08,0
non-tumour/TCGA-G4-6315-01Z-00-DX1_10752_11776.jpg,TCGA-G4-6315,TCGA-G4-6315-01Z-00-DX1,0,4.626858e-10,0
non-tumour/TCGA-G4-6315-01Z-00-DX1_10752_12800.jpg,TCGA-G4-6315,TCGA-G4-6315-01Z-00-DX1,0,1.9777008e-05,0
non-tumour/TCGA-G4-6315-01Z-00-DX1_10752_13312.jpg,TCGA-G4-6315,TCGA-G4-6315-01Z-00-DX1,0,0.04794308,0
non-tumour/TCGA-G4-6315-01Z-00-DX1_10752_14336.jpg,TCGA-G4-6315,TCGA-G4-6315-01Z-00-DX1,0,0.026270343,0
non-tumour/TCGA-G4-6315-01Z-00-DX1_10752_14848.jpg,TCGA-G4-6315,TCGA-G4-6315-01Z-00-DX1,0,0.0004982893,0
non-tumour/TCGA-G4-6315-01Z-00-DX1_10752_1536.jpg,TCGA-G4-6315,TCGA-G4-6315-01Z-00-DX1,0,0.01279653,0
non-tumour/TCGA-G4-6315-01Z-00-DX1_10752_15872.jpg,TCGA-G4-6315,TCGA-G4-6315-01Z-00-DX1,0,1.0796544e-05,0
non-tumour/TCGA-G4-6315-01Z-00-DX1_10752_16384.jpg,TCGA-G4-6315,TCGA-G4-6315-01Z-00-DX1,0,0.0051877387,0
non-tumour/TCGA-G4-6315-01Z-00-DX1_10752_16896.jpg,TCGA-G4-6315,TCGA-G4-6315-01Z-00-DX1,0,0.012553399,0
non-tumour/TCGA-G4-6315-01Z-00-DX1_10752_17408.jpg,TCGA-G4-6315,TCGA-G4-6315-01Z-00-DX1,0,0.0015865362,0
non-tumour/TCGA-G4-6315-01Z-00-DX1_10752_19456.jpg,TCGA-G4-6315,TCGA-G4-6315-01Z-00-DX1,0,0.0300232,0
non-tumour/TCGA-G4-6315-01Z-00-DX1_10752_19968.jpg,TCGA-G4-6315,TCGA-G4-6315-01Z-00-DX1,0,0.026862357,0
non-tumour/TCGA-G4-6315-01Z-00-DX1_10752_2048.jpg,TCGA-G4-6315,TCGA-G4-6315-01Z-00-DX1,0,1.840917e-05,0
non-tumour/TCGA-G4-6315-01Z-00-DX1_10752_20992.jpg,TCGA-G4-6315,TCGA-G4-6315-01Z-00-DX1,0,0.1449626,0
non-tumour/TCGA-G4-6315-01Z-00-DX1_10752_22016.jpg,TCGA-G4-6315,TCGA-G4-6315-01Z-00-DX1,0,0.118472934,0
non-tumour/TCGA-G4-6315-01Z-00-DX1_10752_23552.jpg,TCGA-G4-6315,TCGA-G4-6315-01Z-00-DX1,0,0.009754115,0
non-tumour/TCGA-G4-6315-01Z-00-DX1_10752_24064.jpg,TCGA-G4-6315,TCGA-G4-6315-01Z-00-DX1,0,0.0045321737,0
non-tumour/TCGA-G4-6315-01Z-00-DX1_10752_24576.jpg,TCGA-G4-6315,TCGA-G4-6315-01Z-00-DX1,0,0.059262462,0
non-tumour/TCGA-G4-6315-01Z-00-DX1_10752_25088.jpg,TCGA-G4-6315,TCGA-G4-6315-01Z-00-DX1,0,0.0047707036,0
non-tumour/TCGA-G4-6315-01Z-00-DX1_10752_25600.jpg,TCGA-G4-6315,TCGA-G4-6315-01Z-00-DX1,0,0.015217414,0
non-tumour/TCGA-G4-6315-01Z-00-DX1_10752_26112.jpg,TCGA-G4-6315,TCGA-G4-6315-01Z-00-DX1,0,0.023894472,0
non-tumour/TCGA-G4-6315-01Z-00-DX1_10752_31232.jpg,TCGA-G4-6315,TCGA-G4-6315-01Z-00-DX1,0,3.8057675e-05,0
non-tumour/TCGA-G4-6315-01Z-00-DX1_10752_32768.jpg,TCGA-G4-6315,TCGA-G4-6315-01Z-00-DX1,0,4.483707e-06,0
non-tumour/TCGA-G4-6315-01Z-00-DX1_10752_33280.jpg,TCGA-G4-6315,TCGA-G4-6315-01Z-00-DX1,0,0.0016065378,0
non-tumour/TCGA-G4-6315-01Z-00-DX1_10752_33792.jpg,TCGA-G4-6315,TCGA-G4-6315-01Z-00-DX1,0,4.5597162e-07,0
non-tumour/TCGA-G4-6315-01Z-00-DX1_10752_34304.jpg,TCGA-G4-6315,TCGA-G4-6315-01Z-00-DX1,0,3.4275804e-06,0
non-tumour/TCGA-G4-6315-01Z-00-DX1_10752_34816.jpg,TCGA-G4-6315,TCGA-G4-6315-01Z-00-DX1,0,5.453701e-08,0
non-tumour/TCGA-G4-6315-01Z-00-DX1_10752_35328.jpg,TCGA-G4-6315,TCGA-G4-6315-01Z-00-DX1,0,2.2252082e-07,0
non-tumour/TCGA-G4-6315-01Z-00-DX1_10752_3584.jpg,TCGA-G4-6315,TCGA-G4-6315-01Z-00-DX1,0,0.0063655125,0
non-tumour/TCGA-G4-6315-01Z-00-DX1_10752_35840.jpg,TCGA-G4-6315,TCGA-G4-6315-01Z-00-DX1,0,2.285458e-08,0
non-tumour/TCGA-G4-6315-01Z-00-DX1_10752_36352.jpg,TCGA-G4-6315,TCGA-G4-6315-01Z-00-DX1,0,7.102013e-08,0
non-tumour/TCGA-G4-6315-01Z-00-DX1_10752_37888.jpg,TCGA-G4-6315,TCGA-G4-6315-01Z-00-DX1,0,0.0005088244,0
non-tumour/TCGA-G4-6315-01Z-00-DX1_10752_4096.jpg,TCGA-G4-6315,TCGA-G4-6315-01Z-00-DX1,0,0.018972147,0
non-tumour/TCGA-G4-6315-01Z-00-DX1_10752_5632.jpg,TCGA-G4-6315,TCGA-G4-6315-01Z-00-DX1,0,1.2846228e-08,0
non-tumour/TCGA-G4-6315-01Z-00-DX1_10752_6144.jpg,TCGA-G4-6315,TCGA-G4-6315-01Z-00-DX1,0,2.1616213e-08,0
non-tumour/TCGA-G4-6315-01Z-00-DX1_10752_6656.jpg,TCGA-G4-6315,TCGA-G4-6315-01Z-00-DX1,0,7.167412e-06,0
non-tumour/TCGA-G4-6315-01Z-00-DX1_10752_8704.jpg,TCGA-G4-6315,TCGA-G4-6315-01Z-00-DX1,0,1.6844744e-08,0
non-tumour/TCGA-G4-6315-01Z-00-DX1_10752_9728.jpg,TCGA-G4-6315,TCGA-G4-6315-01Z-00-DX1,0,5.611633e-08,0
non-tumour/TCGA-G4-6315-01Z-00-DX1_11264_10240.jpg,TCGA-G4-6315,TCGA-G4-6315-01Z-00-DX1,0,5.373483e-07,0
non-tumour/TCGA-G4-6315-01Z-00-DX1_11264_11264.jpg,TCGA-G4-6315,TCGA-G4-6315-01Z-00-DX1,0,5.2097926e-07,0
non-tumour/TCGA-G4-6315-01Z-00-DX1_11264_12800.jpg,TCGA-G4-6315,TCGA-G4-6315-01Z-00-DX1,0,0.01380419,0
non-tumour/TCGA-G4-6315-01Z-00-DX1_11264_14336.jpg,TCGA-G4-6315,TCGA-G4-6315-01Z-00-DX1,0,0.024020268,0
non-tumour/TCGA-G4-6315-01Z-00-DX1_11264_14848.jpg,TCGA-G4-6315,TCGA-G4-6315-01Z-00-DX1,0,0.012314146,0
non-tumour/TCGA-G4-6315-01Z-00-DX1_11264_15360.jpg,TCGA-G4-6315,TCGA-G4-6315-01Z-00-DX1,0,0.015086935,0
non-tumour/TCGA-G4-6315-01Z-00-DX1_11264_16384.jpg,TCGA-G4-6315,TCGA-G4-6315-01Z-00-DX1,0,0.044796593,0
non-tumour/TCGA-G4-6315-01Z-00-DX1_11264_17920.jpg,TCGA-G4-6315,TCGA-G4-6315-01Z-00-DX1,0,0.013563858,0
non-tumour/TCGA-G4-6315-01Z-00-DX1_11264_19456.jpg,TCGA-G4-6315,TCGA-G4-6315-01Z-00-DX1,0,0.027322402,0
non-tumour/TCGA-G4-6315-01Z-00-DX1_11264_2048.jpg,TCGA-G4-6315,TCGA-G4-6315-01Z-00-DX1,0,8.818915e-05,0
non-tumour/TCGA-G4-6315-01Z-00-DX1_11264_23040.jpg,TCGA-G4-6315,TCGA-G4-6315-01Z-00-DX1,0,0.011000164,0
non-tumour/TCGA-G4-6315-01Z-00-DX1_11264_24576.jpg,TCGA-G4-6315,TCGA-G4-6315-01Z-00-DX1,0,1.0287906e-06,0
non-tumour/TCGA-G4-6315-01Z-00-DX1_11264_25088.jpg,TCGA-G4-6315,TCGA-G4-6315-01Z-00-DX1,0,0.0009469106,0
non-tumour/TCGA-G4-6315-01Z-00-DX1_11264_2560.jpg,TCGA-G4-6315,TCGA-G4-6315-01Z-00-DX1,0,1.8005271e-07,0
non-tumour/TCGA-G4-6315-01Z-00-DX1_11264_25600.jpg,TCGA-G4-6315,TCGA-G4-6315-01Z-00-DX1,0,0.02688073,0
non-tumour/TCGA-G4-6315-01Z-00-DX1_11264_27648.jpg,TCGA-G4-6315,TCGA-G4-6315-01Z-00-DX1,0,0.08707336,0
non-tumour/TCGA-G4-6315-01Z-00-DX1_11264_28672.jpg,TCGA-G4-6315,TCGA-G4-6315-01Z-00-DX1,0,0.0040045073,0
non-tumour/TCGA-G4-6315-01Z-00-DX1_11264_29696.jpg,TCGA-G4-6315,TCGA-G4-6315-01Z-00-DX1,0,0.00014650615,0
non-tumour/TCGA-G4-6315-01Z-00-DX1_11264_30208.jpg,TCGA-G4-6315,TCGA-G4-6315-01Z-00-DX1,0,4.0432118e-05,0
non-tumour/TCGA-G4-6315-01Z-00-DX1_11264_3072.jpg,TCGA-G4-6315,TCGA-G4-6315-01Z-00-DX1,0,0.0002607504,0
non-tumour/TCGA-G4-6315-01Z-00-DX1_11264_30720.jpg,TCGA-G4-6315,TCGA-G4-6315-01Z-00-DX1,0,0.00081153103,0
non-tumour/TCGA-G4-6315-01Z-00-DX1_11264_31744.jpg,TCGA-G4-6315,TCGA-G4-6315-01Z-00-DX1,0,4.783119e-06,0
non-tumour/TCGA-G4-6315-01Z-00-DX1_11264_32256.jpg,TCGA-G4-6315,TCGA-G4-6315-01Z-00-DX1,0,1.5585207e-06,0
non-tumour/TCGA-G4-6315-01Z-00-DX1_11264_34816.jpg,TCGA-G4-6315,TCGA-G4-6315-01Z-00-DX1,0,1.7194732e-06,0
non-tumour/TCGA-G4-6315-01Z-00-DX1_11264_35328.jpg,TCGA-G4-6315,TCGA-G4-6315-01Z-00-DX1,0,2.6300526e-07,0
non-tumour/TCGA-G4-6315-01Z-00-DX1_11264_3584.jpg,TCGA-G4-6315,TCGA-G4-6315-01Z-00-DX1,0,0.045717668,0
non-tumour/TCGA-G4-6315-01Z-00-DX1_11264_35840.jpg,TCGA-G4-6315,TCGA-G4-6315-01Z-00-DX1,0,8.354756e-08,0
non-tumour/TCGA-G4-6315-01Z-00-DX1_11264_36864.jpg,TCGA-G4-6315,TCGA-G4-6315-01Z-00-DX1,0,1.2268464e-07,0
non-tumour/TCGA-G4-6315-01Z-00-DX1_11264_37376.jpg,TCGA-G4-6315,TCGA-G4-6315-01Z-00-DX1,0,4.360136e-05,0
non-tumour/TCGA-G4-6315-01Z-00-DX1_11264_6656.jpg,TCGA-G4-6315,TCGA-G4-6315-01Z-00-DX1,0,7.999785e-06,0
non-tumour/TCGA-G4-6315-01Z-00-DX1_11264_8704.jpg,TCGA-G4-6315,TCGA-G4-6315-01Z-00-DX1,0,4.5180442e-07,0
non-tumour/TCGA-G4-6315-01Z-00-DX1_11776_10240.jpg,TCGA-G4-6315,TCGA-G4-6315-01Z-00-DX1,0,5.055339e-08,0
non-tumour/TCGA-G4-6315-01Z-00-DX1_11776_11264.jpg,TCGA-G4-6315,TCGA-G4-6315-01Z-00-DX1,0,5.8619136e-08,0
non-tumour/TCGA-G4-6315-01Z-00-DX1_11776_15872.jpg,TCGA-G4-6315,TCGA-G4-6315-01Z-00-DX1,0,0.04210992,0
non-tumour/TCGA-G4-6315-01Z-00-DX1_11776_19456.jpg,TCGA-G4-6315,TCGA-G4-6315-01Z-00-DX1,0,0.03952508,0
non-tumour/TCGA-G4-6315-01Z-00-DX1_11776_19968.jpg,TCGA-G4-6315,TCGA-G4-6315-01Z-00-DX1,0,0.01964834,0
non-tumour/TCGA-G4-6315-01Z-00-DX1_11776_2048.jpg,TCGA-G4-6315,TCGA-G4-6315-01Z-00-DX1,0,6.644115e-07,0
non-tumour/TCGA-G4-6315-01Z-00-DX1_11776_21504.jpg,TCGA-G4-6315,TCGA-G4-6315-01Z-00-DX1,0,0.004311956,0
non-tumour/TCGA-G4-6315-01Z-00-DX1_11776_22016.jpg,TCGA-G4-6315,TCGA-G4-6315-01Z-00-DX1,0,0.011206332,0
non-tumour/TCGA-G4-6315-01Z-00-DX1_11776_22528.jpg,TCGA-G4-6315,TCGA-G4-6315-01Z-00-DX1,0,0.011261788,0
non-tumour/TCGA-G4-6315-01Z-00-DX1_11776_25600.jpg,TCGA-G4-6315,TCGA-G4-6315-01Z-00-DX1,0,0.029708652,0
non-tumour/TCGA-G4-6315-01Z-00-DX1_11776_27648.jpg,TCGA-G4-6315,TCGA-G4-6315-01Z-00-DX1,0,0.0007670552,0
non-tumour/TCGA-G4-6315-01Z-00-DX1_11776_30208.jpg,TCGA-G4-6315,TCGA-G4-6315-01Z-00-DX1,0,0.0022941881,0
non-tumour/TCGA-G4-6315-01Z-00-DX1_11776_3072.jpg,TCGA-G4-6315,TCGA-G4-6315-01Z-00-DX1,0,0.0018492083,0
non-tumour/TCGA-G4-6315-01Z-00-DX1_11776_30720.jpg,TCGA-G4-6315,TCGA-G4-6315-01Z-00-DX1,0,1.7599485e-05,0
non-tumour/TCGA-G4-6315-01Z-00-DX1_11776_31232.jpg,TCGA-G4-6315,TCGA-G4-6315-01Z-00-DX1,0,6.965026e-06,0
non-tumour/TCGA-G4-6315-01Z-00-DX1_11776_31744.jpg,TCGA-G4-6315,TCGA-G4-6315-01Z-00-DX1,0,3.4241704e-05,0
non-tumour/TCGA-G4-6315-01Z-00-DX1_11776_32256.jpg,TCGA-G4-6315,TCGA-G4-6315-01Z-00-DX1,0,0.0013179856,0
non-tumour/TCGA-G4-6315-01Z-00-DX1_11776_33792.jpg,TCGA-G4-6315,TCGA-G4-6315-01Z-00-DX1,0,0.0004920979,0
non-tumour/TCGA-G4-6315-01Z-00-DX1_11776_34304.jpg,TCGA-G4-6315,TCGA-G4-6315-01Z-00-DX1,0,0.0016232793,0
non-tumour/TCGA-G4-6315-01Z-00-DX1_11776_34816.jpg,TCGA-G4-6315,TCGA-G4-6315-01Z-00-DX1,0,0.002801998,0
non-tumour/TCGA-G4-6315-01Z-00-DX1_11776_35328.jpg,TCGA-G4-6315,TCGA-G4-6315-01Z-00-DX1,0,0.0076978575,0
non-tumour/TCGA-G4-6315-01Z-00-DX1_11776_35840.jpg,TCGA-G4-6315,TCGA-G4-6315-01Z-00-DX1,0,0.0025194054,0
non-tumour/TCGA-G4-6315-01Z-00-DX1_11776_37376.jpg,TCGA-G4-6315,TCGA-G4-6315-01Z-00-DX1,0,0.00012489418,0
non-tumour/TCGA-G4-6315-01Z-00-DX1_11776_38400.jpg,TCGA-G4-6315,TCGA-G4-6315-01Z-00-DX1,0,0.0037147384,0
non-tumour/TCGA-G4-6315-01Z-00-DX1_11776_5632.jpg,TCGA-G4-6315,TCGA-G4-6315-01Z-00-DX1,0,0.00040566505,0
non-tumour/TCGA-G4-6315-01Z-00-DX1_11776_7680.jpg,TCGA-G4-6315,TCGA-G4-6315-01Z-00-DX1,0,1.4515322e-05,0
non-tumour/TCGA-G4-6315-01Z-00-DX1_11776_8704.jpg,TCGA-G4-6315,TCGA-G4-6315-01Z-00-DX1,0,5.233519e-06,0
non-tumour/TCGA-G4-6315-01Z-00-DX1_11776_9216.jpg,TCGA-G4-6315,TCGA-G4-6315-01Z-00-DX1,0,1.056656e-07,0
non-tumour/TCGA-G4-6315-01Z-00-DX1_12288_10240.jpg,TCGA-G4-6315,TCGA-G4-6315-01Z-00-DX1,0,9.543215e-08,0
non-tumour/TCGA-G4-6315-01Z-00-DX1_12288_10752.jpg,TCGA-G4-6315,TCGA-G4-6315-01Z-00-DX1,0,2.2332438e-08,0
non-tumour/TCGA-G4-6315-01Z-00-DX1_12288_11264.jpg,TCGA-G4-6315,TCGA-G4-6315-01Z-00-DX1,0,0.004724173,0
non-tumour/TCGA-G4-6315-01Z-00-DX1_12288_12288.jpg,TCGA-G4-6315,TCGA-G4-6315-01Z-00-DX1,0,0.03969053,0
non-tumour/TCGA-G4-6315-01Z-00-DX1_12288_12800.jpg,TCGA-G4-6315,TCGA-G4-6315-01Z-00-DX1,0,0.018605513,0
non-tumour/TCGA-G4-6315-01Z-00-DX1_12288_14336.jpg,TCGA-G4-6315,TCGA-G4-6315-01Z-00-DX1,0,0.022277636,0
non-tumour/TCGA-G4-6315-01Z-00-DX1_12288_14848.jpg,TCGA-G4-6315,TCGA-G4-6315-01Z-00-DX1,0,0.03420371,0
non-tumour/TCGA-G4-6315-01Z-00-DX1_12288_15360.jpg,TCGA-G4-6315,TCGA-G4-6315-01Z-00-DX1,0,0.19451441,0
non-tumour/TCGA-G4-6315-01Z-00-DX1_12288_16384.jpg,TCGA-G4-6315,TCGA-G4-6315-01Z-00-DX1,0,0.0038095433,0
non-tumour/TCGA-G4-6315-01Z-00-DX1_12288_19968.jpg,TCGA-G4-6315,TCGA-G4-6315-01Z-00-DX1,0,0.09489149,0
non-tumour/TCGA-G4-6315-01Z-00-DX1_12288_2048.jpg,TCGA-G4-6315,TCGA-G4-6315-01Z-00-DX1,0,0.0076018353,0
non-tumour/TCGA-G4-6315-01Z-00-DX1_12288_22016.jpg,TCGA-G4-6315,TCGA-G4-6315-01Z-00-DX1,0,0.0035359783,0
non-tumour/TCGA-G4-6315-01Z-00-DX1_12288_22528.jpg,TCGA-G4-6315,TCGA-G4-6315-01Z-00-DX1,0,0.06647177,0
non-tumour/TCGA-G4-6315-01Z-00-DX1_12288_23040.jpg,TCGA-G4-6315,TCGA-G4-6315-01Z-00-DX1,0,0.0019943889,0
non-tumour/TCGA-G4-6315-01Z-00-DX1_12288_23552.jpg,TCGA-G4-6315,TCGA-G4-6315-01Z-00-DX1,0,0.0057035754,0
non-tumour/TCGA-G4-6315-01Z-00-DX1_12288_2560.jpg,TCGA-G4-6315,TCGA-G4-6315-01Z-00-DX1,0,0.0059888763,0
non-tumour/TCGA-G4-6315-01Z-00-DX1_12288_25600.jpg,TCGA-G4-6315,TCGA-G4-6315-01Z-00-DX1,0,0.0002720122,0
non-tumour/TCGA-G4-6315-01Z-00-DX1_12288_27136.jpg,TCGA-G4-6315,TCGA-G4-6315-01Z-00-DX1,0,7.305644e-05,0
non-tumour/TCGA-G4-6315-01Z-00-DX1_12288_29696.jpg,TCGA-G4-6315,TCGA-G4-6315-01Z-00-DX1,0,6.635841e-05,0
non-tumour/TCGA-G4-6315-01Z-00-DX1_12288_30208.jpg,TCGA-G4-6315,TCGA-G4-6315-01Z-00-DX1,0,0.00017658561,0
non-tumour/TCGA-G4-6315-01Z-00-DX1_12288_3072.jpg,TCGA-G4-6315,TCGA-G4-6315-01Z-00-DX1,0,0.00272645,0
non-tumour/TCGA-G4-6315-01Z-00-DX1_12288_30720.jpg,TCGA-G4-6315,TCGA-G4-6315-01Z-00-DX1,0,0.000988497,0
non-tumour/TCGA-G4-6315-01Z-00-DX1_12288_31232.jpg,TCGA-G4-6315,TCGA-G4-6315-01Z-00-DX1,0,0.11157863,0
non-tumour/TCGA-G4-6315-01Z-00-DX1_12288_33280.jpg,TCGA-G4-6315,TCGA-G4-6315-01Z-00-DX1,0,0.08746219,0
non-tumour/TCGA-G4-6315-01Z-00-DX1_12288_33792.jpg,TCGA-G4-6315,TCGA-G4-6315-01Z-00-DX1,0,0.17948693,0
non-tumour/TCGA-G4-6315-01Z-00-DX1_12288_34816.jpg,TCGA-G4-6315,TCGA-G4-6315-01Z-00-DX1,0,0.90972376,1
non-tumour/TCGA-G4-6315-01Z-00-DX1_12288_35328.jpg,TCGA-G4-6315,TCGA-G4-6315-01Z-00-DX1,0,0.5398706,1
non-tumour/TCGA-G4-6315-01Z-00-DX1_12288_3584.jpg,TCGA-G4-6315,TCGA-G4-6315-01Z-00-DX1,0,0.0018190952,0
non-tumour/TCGA-G4-6315-01Z-00-DX1_12288_36352.jpg,TCGA-G4-6315,TCGA-G4-6315-01Z-00-DX1,0,0.49080813,0
non-tumour/TCGA-G4-6315-01Z-00-DX1_12288_36864.jpg,TCGA-G4-6315,TCGA-G4-6315-01Z-00-DX1,0,0.031381793,0
non-tumour/TCGA-G4-6315-01Z-00-DX1_12288_38400.jpg,TCGA-G4-6315,TCGA-G4-6315-01Z-00-DX1,0,0.27745375,0
non-tumour/TCGA-G4-6315-01Z-00-DX1_12288_4096.jpg,TCGA-G4-6315,TCGA-G4-6315-01Z-00-DX1,0,0.006319432,0
non-tumour/TCGA-G4-6315-01Z-00-DX1_12288_6656.jpg,TCGA-G4-6315,TCGA-G4-6315-01Z-00-DX1,0,2.9926596e-06,0
non-tumour/TCGA-G4-6315-01Z-00-DX1_12288_7168.jpg,TCGA-G4-6315,TCGA-G4-6315-01Z-00-DX1,0,7.665829e-05,0
non-tumour/TCGA-G4-6315-01Z-00-DX1_12288_8704.jpg,TCGA-G4-6315,TCGA-G4-6315-01Z-00-DX1,0,8.368494e-07,0
non-tumour/TCGA-G4-6315-01Z-00-DX1_12288_9728.jpg,TCGA-G4-6315,TCGA-G4-6315-01Z-00-DX1,0,1.8054305e-08,0
non-tumour/TCGA-G4-6315-01Z-00-DX1_12800_10240.jpg,TCGA-G4-6315,TCGA-G4-6315-01Z-00-DX1,0,2.1280272e-08,0
non-tumour/TCGA-G4-6315-01Z-00-DX1_12800_11264.jpg,TCGA-G4-6315,TCGA-G4-6315-01Z-00-DX1,0,0.023637418,0
non-tumour/TCGA-G4-6315-01Z-00-DX1_12800_12800.jpg,TCGA-G4-6315,TCGA-G4-6315-01Z-00-DX1,0,0.052035578,0
non-tumour/TCGA-G4-6315-01Z-00-DX1_12800_1536.jpg,TCGA-G4-6315,TCGA-G4-6315-01Z-00-DX1,0,0.0028107879,0
non-tumour/TCGA-G4-6315-01Z-00-DX1_12800_15872.jpg,TCGA-G4-6315,TCGA-G4-6315-01Z-00-DX1,0,0.014990368,0
non-tumour/TCGA-G4-6315-01Z-00-DX1_12800_16896.jpg,TCGA-G4-6315,TCGA-G4-6315-01Z-00-DX1,0,0.0014555494,0
non-tumour/TCGA-G4-6315-01Z-00-DX1_12800_17408.jpg,TCGA-G4-6315,TCGA-G4-6315-01Z-00-DX1,0,0.01913944,0
non-tumour/TCGA-G4-6315-01Z-00-DX1_12800_19968.jpg,TCGA-G4-6315,TCGA-G4-6315-01Z-00-DX1,0,0.022107037,0
non-tumour/TCGA-G4-6315-01Z-00-DX1_12800_2048.jpg,TCGA-G4-6315,TCGA-G4-6315-01Z-00-DX1,0,0.0049094716,0
non-tumour/TCGA-G4-6315-01Z-00-DX1_12800_20992.jpg,TCGA-G4-6315,TCGA-G4-6315-01Z-00-DX1,0,0.00700346,0
non-tumour/TCGA-G4-6315-01Z-00-DX1_12800_21504.jpg,TCGA-G4-6315,TCGA-G4-6315-01Z-00-DX1,0,0.008953376,0
non-tumour/TCGA-G4-6315-01Z-00-DX1_12800_22528.jpg,TCGA-G4-6315,TCGA-G4-6315-01Z-00-DX1,0,0.0030659195,0
non-tumour/TCGA-G4-6315-01Z-00-DX1_12800_23040.jpg,TCGA-G4-6315,TCGA-G4-6315-01Z-00-DX1,0,8.9431505e-06,0
non-tumour/TCGA-G4-6315-01Z-00-DX1_12800_23552.jpg,TCGA-G4-6315,TCGA-G4-6315-01Z-00-DX1,0,1.4605026e-06,0
non-tumour/TCGA-G4-6315-01Z-00-DX1_12800_24576.jpg,TCGA-G4-6315,TCGA-G4-6315-01Z-00-DX1,0,1.531823e-05,0
non-tumour/TCGA-G4-6315-01Z-00-DX1_12800_2560.jpg,TCGA-G4-6315,TCGA-G4-6315-01Z-00-DX1,0,0.0016287931,0
non-tumour/TCGA-G4-6315-01Z-00-DX1_12800_26624.jpg,TCGA-G4-6315,TCGA-G4-6315-01Z-00-DX1,0,0.0034352296,0
non-tumour/TCGA-G4-6315-01Z-00-DX1_12800_27136.jpg,TCGA-G4-6315,TCGA-G4-6315-01Z-00-DX1,0,0.00047670945,0
non-tumour/TCGA-G4-6315-01Z-00-DX1_12800_28672.jpg,TCGA-G4-6315,TCGA-G4-6315-01Z-00-DX1,0,0.0011305102,0
non-tumour/TCGA-G4-6315-01Z-00-DX1_12800_29184.jpg,TCGA-G4-6315,TCGA-G4-6315-01Z-00-DX1,0,0.012294062,0
non-tumour/TCGA-G4-6315-01Z-00-DX1_12800_29696.jpg,TCGA-G4-6315,TCGA-G4-6315-01Z-00-DX1,0,0.10803155,0
non-tumour/TCGA-G4-6315-01Z-00-DX1_12800_30208.jpg,TCGA-G4-6315,TCGA-G4-6315-01Z-00-DX1,0,0.020985845,0
non-tumour/TCGA-G4-6315-01Z-00-DX1_12800_31744.jpg,TCGA-G4-6315,TCGA-G4-6315-01Z-00-DX1,0,0.02670731,0
non-tumour/TCGA-G4-6315-01Z-00-DX1_12800_33792.jpg,TCGA-G4-6315,TCGA-G4-6315-01Z-00-DX1,0,0.007959765,0
non-tumour/TCGA-G4-6315-01Z-00-DX1_12800_34304.jpg,TCGA-G4-6315,TCGA-G4-6315-01Z-00-DX1,0,0.022404322,0
non-tumour/TCGA-G4-6315-01Z-00-DX1_12800_35840.jpg,TCGA-G4-6315,TCGA-G4-6315-01Z-00-DX1,0,0.0017704505,0
non-tumour/TCGA-G4-6315-01Z-00-DX1_12800_37376.jpg,TCGA-G4-6315,TCGA-G4-6315-01Z-00-DX1,0,0.0889627,0
non-tumour/TCGA-G4-6315-01Z-00-DX1_12800_38400.jpg,TCGA-G4-6315,TCGA-G4-6315-01Z-00-DX1,0,0.16997258,0
non-tumour/TCGA-G4-6315-01Z-00-DX1_12800_5632.jpg,TCGA-G4-6315,TCGA-G4-6315-01Z-00-DX1,0,1.5236603e-08,0
non-tumour/TCGA-G4-6315-01Z-00-DX1_12800_6656.jpg,TCGA-G4-6315,TCGA-G4-6315-01Z-00-DX1,0,1.365193e-06,0
non-tumour/TCGA-G4-6315-01Z-00-DX1_12800_7680.jpg,TCGA-G4-6315,TCGA-G4-6315-01Z-00-DX1,0,3.0454682e-08,0
non-tumour/TCGA-G4-6315-01Z-00-DX1_12800_8192.jpg,TCGA-G4-6315,TCGA-G4-6315-01Z-00-DX1,0,8.430649e-08,0
non-tumour/TCGA-G4-6315-01Z-00-DX1_12800_8704.jpg,TCGA-G4-6315,TCGA-G4-6315-01Z-00-DX1,0,1.8914442e-07,0
non-tumour/TCGA-G4-6315-01Z-00-DX1_12800_9728.jpg,TCGA-G4-6315,TCGA-G4-6315-01Z-00-DX1,0,1.7826277e-08,0
non-tumour/TCGA-G4-6315-01Z-00-DX1_13312_11776.jpg,TCGA-G4-6315,TCGA-G4-6315-01Z-00-DX1,0,0.19728114,0
non-tumour/TCGA-G4-6315-01Z-00-DX1_13312_12288.jpg,TCGA-G4-6315,TCGA-G4-6315-01Z-00-DX1,0,0.015103226,0
non-tumour/TCGA-G4-6315-01Z-00-DX1_13312_12800.jpg,TCGA-G4-6315,TCGA-G4-6315-01Z-00-DX1,0,0.0039307373,0
non-tumour/TCGA-G4-6315-01Z-00-DX1_13312_13312.jpg,TCGA-G4-6315,TCGA-G4-6315-01Z-00-DX1,0,0.011828527,0
non-tumour/TCGA-G4-6315-01Z-00-DX1_13312_13824.jpg,TCGA-G4-6315,TCGA-G4-6315-01Z-00-DX1,0,0.05324303,0
non-tumour/TCGA-G4-6315-01Z-00-DX1_13312_15872.jpg,TCGA-G4-6315,TCGA-G4-6315-01Z-00-DX1,0,0.019056136,0
non-tumour/TCGA-G4-6315-01Z-00-DX1_13312_2048.jpg,TCGA-G4-6315,TCGA-G4-6315-01Z-00-DX1,0,0.023786351,0
non-tumour/TCGA-G4-6315-01Z-00-DX1_13312_20480.jpg,TCGA-G4-6315,TCGA-G4-6315-01Z-00-DX1,0,0.012802669,0
non-tumour/TCGA-G4-6315-01Z-00-DX1_13312_20992.jpg,TCGA-G4-6315,TCGA-G4-6315-01Z-00-DX1,0,0.006041603,0
non-tumour/TCGA-G4-6315-01Z-00-DX1_13312_22016.jpg,TCGA-G4-6315,TCGA-G4-6315-01Z-00-DX1,0,0.01021451,0
non-tumour/TCGA-G4-6315-01Z-00-DX1_13312_2560.jpg,TCGA-G4-6315,TCGA-G4-6315-01Z-00-DX1,0,0.06921417,0
non-tumour/TCGA-G4-6315-01Z-00-DX1_13312_25600.jpg,TCGA-G4-6315,TCGA-G4-6315-01Z-00-DX1,0,0.00043692335,0
non-tumour/TCGA-G4-6315-01Z-00-DX1_13312_26112.jpg,TCGA-G4-6315,TCGA-G4-6315-01Z-00-DX1,0,0.00035688744,0
non-tumour/TCGA-G4-6315-01Z-00-DX1_13312_27648.jpg,TCGA-G4-6315,TCGA-G4-6315-01Z-00-DX1,0,0.49352673,0
non-tumour/TCGA-G4-6315-01Z-00-DX1_13312_28160.jpg,TCGA-G4-6315,TCGA-G4-6315-01Z-00-DX1,0,0.65934736,1
non-tumour/TCGA-G4-6315-01Z-00-DX1_13312_29184.jpg,TCGA-G4-6315,TCGA-G4-6315-01Z-00-DX1,0,0.018562002,0
non-tumour/TCGA-G4-6315-01Z-00-DX1_13312_29696.jpg,TCGA-G4-6315,TCGA-G4-6315-01Z-00-DX1,0,0.12789358,0
non-tumour/TCGA-G4-6315-01Z-00-DX1_13312_30720.jpg,TCGA-G4-6315,TCGA-G4-6315-01Z-00-DX1,0,0.054747947,0
non-tumour/TCGA-G4-6315-01Z-00-DX1_13312_33792.jpg,TCGA-G4-6315,TCGA-G4-6315-01Z-00-DX1,0,0.0021185484,0
non-tumour/TCGA-G4-6315-01Z-00-DX1_13312_34304.jpg,TCGA-G4-6315,TCGA-G4-6315-01Z-00-DX1,0,0.00032740788,0
non-tumour/TCGA-G4-6315-01Z-00-DX1_13312_34816.jpg,TCGA-G4-6315,TCGA-G4-6315-01Z-00-DX1,0,0.0025263943,0
non-tumour/TCGA-G4-6315-01Z-00-DX1_13312_35328.jpg,TCGA-G4-6315,TCGA-G4-6315-01Z-00-DX1,0,0.004007944,0
non-tumour/TCGA-G4-6315-01Z-00-DX1_13312_7680.jpg,TCGA-G4-6315,TCGA-G4-6315-01Z-00-DX1,0,4.415519e-07,0
non-tumour/TCGA-G4-6315-01Z-00-DX1_13312_8704.jpg,TCGA-G4-6315,TCGA-G4-6315-01Z-00-DX1,0,1.1183353e-07,0
non-tumour/TCGA-G4-6315-01Z-00-DX1_13824_10240.jpg,TCGA-G4-6315,TCGA-G4-6315-01Z-00-DX1,0,0.869873,1
non-tumour/TCGA-G4-6315-01Z-00-DX1_13824_13312.jpg,TCGA-G4-6315,TCGA-G4-6315-01Z-00-DX1,0,0.022925248,0
non-tumour/TCGA-G4-6315-01Z-00-DX1_13824_13824.jpg,TCGA-G4-6315,TCGA-G4-6315-01Z-00-DX1,0,0.008664444,0
non-tumour/TCGA-G4-6315-01Z-00-DX1_13824_14336.jpg,TCGA-G4-6315,TCGA-G4-6315-01Z-00-DX1,0,0.005566957,0
non-tumour/TCGA-G4-6315-01Z-00-DX1_13824_14848.jpg,TCGA-G4-6315,TCGA-G4-6315-01Z-00-DX1,0,0.025884798,0
non-tumour/TCGA-G4-6315-01Z-00-DX1_13824_1536.jpg,TCGA-G4-6315,TCGA-G4-6315-01Z-00-DX1,0,0.037322816,0
non-tumour/TCGA-G4-6315-01Z-00-DX1_13824_15360.jpg,TCGA-G4-6315,TCGA-G4-6315-01Z-00-DX1,0,0.004950482,0
non-tumour/TCGA-G4-6315-01Z-00-DX1_13824_16896.jpg,TCGA-G4-6315,TCGA-G4-6315-01Z-00-DX1,0,0.0065744217,0
non-tumour/TCGA-G4-6315-01Z-00-DX1_13824_17920.jpg,TCGA-G4-6315,TCGA-G4-6315-01Z-00-DX1,0,0.0023845218,0
non-tumour/TCGA-G4-6315-01Z-00-DX1_13824_2048.jpg,TCGA-G4-6315,TCGA-G4-6315-01Z-00-DX1,0,0.0231434,0
non-tumour/TCGA-G4-6315-01Z-00-DX1_13824_21504.jpg,TCGA-G4-6315,TCGA-G4-6315-01Z-00-DX1,0,0.00012663435,0
non-tumour/TCGA-G4-6315-01Z-00-DX1_13824_22528.jpg,TCGA-G4-6315,TCGA-G4-6315-01Z-00-DX1,0,0.0014316501,0
non-tumour/TCGA-G4-6315-01Z-00-DX1_13824_24064.jpg,TCGA-G4-6315,TCGA-G4-6315-01Z-00-DX1,0,0.01454099,0
non-tumour/TCGA-G4-6315-01Z-00-DX1_13824_24576.jpg,TCGA-G4-6315,TCGA-G4-6315-01Z-00-DX1,0,0.050725095,0
non-tumour/TCGA-G4-6315-01Z-00-DX1_13824_25088.jpg,TCGA-G4-6315,TCGA-G4-6315-01Z-00-DX1,0,0.0013853268,0
non-tumour/TCGA-G4-6315-01Z-00-DX1_13824_26112.jpg,TCGA-G4-6315,TCGA-G4-6315-01Z-00-DX1,0,0.006274025,0
non-tumour/TCGA-G4-6315-01Z-00-DX1_13824_27136.jpg,TCGA-G4-6315,TCGA-G4-6315-01Z-00-DX1,0,0.03983229,0
non-tumour/TCGA-G4-6315-01Z-00-DX1_13824_28160.jpg,TCGA-G4-6315,TCGA-G4-6315-01Z-00-DX1,0,0.0061246203,0
non-tumour/TCGA-G4-6315-01Z-00-DX1_13824_29696.jpg,TCGA-G4-6315,TCGA-G4-6315-01Z-00-DX1,0,0.0051655886,0
non-tumour/TCGA-G4-6315-01Z-00-DX1_13824_30208.jpg,TCGA-G4-6315,TCGA-G4-6315-01Z-00-DX1,0,0.0017115183,0
non-tumour/TCGA-G4-6315-01Z-00-DX1_13824_3072.jpg,TCGA-G4-6315,TCGA-G4-6315-01Z-00-DX1,0,0.20523886,0
non-tumour/TCGA-G4-6315-01Z-00-DX1_13824_30720.jpg,TCGA-G4-6315,TCGA-G4-6315-01Z-00-DX1,0,0.0029311157,0
non-tumour/TCGA-G4-6315-01Z-00-DX1_13824_31232.jpg,TCGA-G4-6315,TCGA-G4-6315-01Z-00-DX1,0,0.00032782735,0
non-tumour/TCGA-G4-6315-01Z-00-DX1_13824_32256.jpg,TCGA-G4-6315,TCGA-G4-6315-01Z-00-DX1,0,0.00052882126,0
non-tumour/TCGA-G4-6315-01Z-00-DX1_13824_4096.jpg,TCGA-G4-6315,TCGA-G4-6315-01Z-00-DX1,0,0.33650917,0
non-tumour/TCGA-G4-6315-01Z-00-DX1_13824_5632.jpg,TCGA-G4-6315,TCGA-G4-6315-01Z-00-DX1,0,4.359792e-07,0
non-tumour/TCGA-G4-6315-01Z-00-DX1_13824_6144.jpg,TCGA-G4-6315,TCGA-G4-6315-01Z-00-DX1,0,5.146012e-05,0
non-tumour/TCGA-G4-6315-01Z-00-DX1_13824_7168.jpg,TCGA-G4-6315,TCGA-G4-6315-01Z-00-DX1,0,0.03664536,0
non-tumour/TCGA-G4-6315-01Z-00-DX1_13824_8192.jpg,TCGA-G4-6315,TCGA-G4-6315-01Z-00-DX1,0,1.7950751e-07,0
non-tumour/TCGA-G4-6315-01Z-00-DX1_13824_8704.jpg,TCGA-G4-6315,TCGA-G4-6315-01Z-00-DX1,0,1.0753302e-08,0
non-tumour/TCGA-G4-6315-01Z-00-DX1_13824_9216.jpg,TCGA-G4-6315,TCGA-G4-6315-01Z-00-DX1,0,2.5412863e-08,0
non-tumour/TCGA-G4-6315-01Z-00-DX1_13824_9728.jpg,TCGA-G4-6315,TCGA-G4-6315-01Z-00-DX1,0,0.030239286,0
non-tumour/TCGA-G4-6315-01Z-00-DX1_14336_10240.jpg,TCGA-G4-6315,TCGA-G4-6315-01Z-00-DX1,0,0.18984677,0
non-tumour/TCGA-G4-6315-01Z-00-DX1_14336_11776.jpg,TCGA-G4-6315,TCGA-G4-6315-01Z-00-DX1,0,0.02134161,0
non-tumour/TCGA-G4-6315-01Z-00-DX1_14336_12800.jpg,TCGA-G4-6315,TCGA-G4-6315-01Z-00-DX1,0,0.046203144,0
non-tumour/TCGA-G4-6315-01Z-00-DX1_14336_13312.jpg,TCGA-G4-6315,TCGA-G4-6315-01Z-00-DX1,0,0.031668145,0
non-tumour/TCGA-G4-6315-01Z-00-DX1_14336_13824.jpg,TCGA-G4-6315,TCGA-G4-6315-01Z-00-DX1,0,0.0035181688,0
non-tumour/TCGA-G4-6315-01Z-00-DX1_14336_15360.jpg,TCGA-G4-6315,TCGA-G4-6315-01Z-00-DX1,0,0.007367803,0
non-tumour/TCGA-G4-6315-01Z-00-DX1_14336_15872.jpg,TCGA-G4-6315,TCGA-G4-6315-01Z-00-DX1,0,0.004756035,0
non-tumour/TCGA-G4-6315-01Z-00-DX1_14336_16896.jpg,TCGA-G4-6315,TCGA-G4-6315-01Z-00-DX1,0,0.0018576591,0
non-tumour/TCGA-G4-6315-01Z-00-DX1_14336_17920.jpg,TCGA-G4-6315,TCGA-G4-6315-01Z-00-DX1,0,0.0010153174,0
non-tumour/TCGA-G4-6315-01Z-00-DX1_14336_18432.jpg,TCGA-G4-6315,TCGA-G4-6315-01Z-00-DX1,0,0.0043160357,0
non-tumour/TCGA-G4-6315-01Z-00-DX1_14336_22528.jpg,TCGA-G4-6315,TCGA-G4-6315-01Z-00-DX1,0,0.0065976493,0
non-tumour/TCGA-G4-6315-01Z-00-DX1_14336_23552.jpg,TCGA-G4-6315,TCGA-G4-6315-01Z-00-DX1,0,0.8331445,1
non-tumour/TCGA-G4-6315-01Z-00-DX1_14336_25600.jpg,TCGA-G4-6315,TCGA-G4-6315-01Z-00-DX1,0,0.009399079,0
non-tumour/TCGA-G4-6315-01Z-00-DX1_14336_26112.jpg,TCGA-G4-6315,TCGA-G4-6315-01Z-00-DX1,0,0.00372488,0
non-tumour/TCGA-G4-6315-01Z-00-DX1_14336_26624.jpg,TCGA-G4-6315,TCGA-G4-6315-01Z-00-DX1,0,0.0062675886,0
non-tumour/TCGA-G4-6315-01Z-00-DX1_14336_27648.jpg,TCGA-G4-6315,TCGA-G4-6315-01Z-00-DX1,0,0.026412925,0
non-tumour/TCGA-G4-6315-01Z-00-DX1_14336_28160.jpg,TCGA-G4-6315,TCGA-G4-6315-01Z-00-DX1,0,0.00093739235,0
non-tumour/TCGA-G4-6315-01Z-00-DX1_14336_28672.jpg,TCGA-G4-6315,TCGA-G4-6315-01Z-00-DX1,0,0.006286589,0
non-tumour/TCGA-G4-6315-01Z-00-DX1_14336_29184.jpg,TCGA-G4-6315,TCGA-G4-6315-01Z-00-DX1,0,0.0019244894,0
non-tumour/TCGA-G4-6315-01Z-00-DX1_14336_3072.jpg,TCGA-G4-6315,TCGA-G4-6315-01Z-00-DX1,0,0.71296126,1
non-tumour/TCGA-G4-6315-01Z-00-DX1_14336_35328.jpg,TCGA-G4-6315,TCGA-G4-6315-01Z-00-DX1,0,0.9926273,1
non-tumour/TCGA-G4-6315-01Z-00-DX1_14336_35840.jpg,TCGA-G4-6315,TCGA-G4-6315-01Z-00-DX1,0,0.24842171,0
non-tumour/TCGA-G4-6315-01Z-00-DX1_14336_4096.jpg,TCGA-G4-6315,TCGA-G4-6315-01Z-00-DX1,0,0.25068736,0
non-tumour/TCGA-G4-6315-01Z-00-DX1_14336_5632.jpg,TCGA-G4-6315,TCGA-G4-6315-01Z-00-DX1,0,0.3210477,0
non-tumour/TCGA-G4-6315-01Z-00-DX1_14336_7168.jpg,TCGA-G4-6315,TCGA-G4-6315-01Z-00-DX1,0,7.2947515e-09,0
non-tumour/TCGA-G4-6315-01Z-00-DX1_14336_8192.jpg,TCGA-G4-6315,TCGA-G4-6315-01Z-00-DX1,0,5.2947268e-08,0
non-tumour/TCGA-G4-6315-01Z-00-DX1_14336_9728.jpg,TCGA-G4-6315,TCGA-G4-6315-01Z-00-DX1,0,0.012697869,0
non-tumour/TCGA-G4-6315-01Z-00-DX1_14848_10752.jpg,TCGA-G4-6315,TCGA-G4-6315-01Z-00-DX1,0,0.010078728,0
non-tumour/TCGA-G4-6315-01Z-00-DX1_14848_12288.jpg,TCGA-G4-6315,TCGA-G4-6315-01Z-00-DX1,0,0.008251985,0
non-tumour/TCGA-G4-6315-01Z-00-DX1_14848_1536.jpg,TCGA-G4-6315,TCGA-G4-6315-01Z-00-DX1,0,0.015281063,0
non-tumour/TCGA-G4-6315-01Z-00-DX1_14848_15360.jpg,TCGA-G4-6315,TCGA-G4-6315-01Z-00-DX1,0,0.0018505774,0
non-tumour/TCGA-G4-6315-01Z-00-DX1_14848_15872.jpg,TCGA-G4-6315,TCGA-G4-6315-01Z-00-DX1,0,0.003945412,0
non-tumour/TCGA-G4-6315-01Z-00-DX1_14848_17408.jpg,TCGA-G4-6315,TCGA-G4-6315-01Z-00-DX1,0,0.0011989053,0
non-tumour/TCGA-G4-6315-01Z-00-DX1_14848_2560.jpg,TCGA-G4-6315,TCGA-G4-6315-01Z-00-DX1,0,0.6637209,1
non-tumour/TCGA-G4-6315-01Z-00-DX1_14848_3072.jpg,TCGA-G4-6315,TCGA-G4-6315-01Z-00-DX1,0,0.6209902,1
non-tumour/TCGA-G4-6315-01Z-00-DX1_14848_33280.jpg,TCGA-G4-6315,TCGA-G4-6315-01Z-00-DX1,0,0.9032745,1
non-tumour/TCGA-G4-6315-01Z-00-DX1_14848_33792.jpg,TCGA-G4-6315,TCGA-G4-6315-01Z-00-DX1,0,0.7697246,1
non-tumour/TCGA-G4-6315-01Z-00-DX1_14848_3584.jpg,TCGA-G4-6315,TCGA-G4-6315-01Z-00-DX1,0,0.5116459,1
non-tumour/TCGA-G4-6315-01Z-00-DX1_14848_35840.jpg,TCGA-G4-6315,TCGA-G4-6315-01Z-00-DX1,0,0.0013095427,0
non-tumour/TCGA-G4-6315-01Z-00-DX1_14848_36352.jpg,TCGA-G4-6315,TCGA-G4-6315-01Z-00-DX1,0,0.00024265006,0
non-tumour/TCGA-G4-6315-01Z-00-DX1_14848_36864.jpg,TCGA-G4-6315,TCGA-G4-6315-01Z-00-DX1,0,0.4835433,0
non-tumour/TCGA-G4-6315-01Z-00-DX1_14848_37376.jpg,TCGA-G4-6315,TCGA-G4-6315-01Z-00-DX1,0,0.027669286,0
non-tumour/TCGA-G4-6315-01Z-00-DX1_14848_37888.jpg,TCGA-G4-6315,TCGA-G4-6315-01Z-00-DX1,0,0.08914001,0
non-tumour/TCGA-G4-6315-01Z-00-DX1_14848_38400.jpg,TCGA-G4-6315,TCGA-G4-6315-01Z-00-DX1,0,0.8184464,1
non-tumour/TCGA-G4-6315-01Z-00-DX1_14848_38912.jpg,TCGA-G4-6315,TCGA-G4-6315-01Z-00-DX1,0,0.49281886,0
non-tumour/TCGA-G4-6315-01Z-00-DX1_14848_4096.jpg,TCGA-G4-6315,TCGA-G4-6315-01Z-00-DX1,0,0.5327023,1
non-tumour/TCGA-G4-6315-01Z-00-DX1_14848_4608.jpg,TCGA-G4-6315,TCGA-G4-6315-01Z-00-DX1,0,0.864614,1
non-tumour/TCGA-G4-6315-01Z-00-DX1_14848_6144.jpg,TCGA-G4-6315,TCGA-G4-6315-01Z-00-DX1,0,2.5349298e-08,0
non-tumour/TCGA-G4-6315-01Z-00-DX1_14848_6656.jpg,TCGA-G4-6315,TCGA-G4-6315-01Z-00-DX1,0,1.4876391e-06,0
non-tumour/TCGA-G4-6315-01Z-00-DX1_14848_7168.jpg,TCGA-G4-6315,TCGA-G4-6315-01Z-00-DX1,0,5.0414903e-09,0
non-tumour/TCGA-G4-6315-01Z-00-DX1_15360_10752.jpg,TCGA-G4-6315,TCGA-G4-6315-01Z-00-DX1,0,0.003414503,0
non-tumour/TCGA-G4-6315-01Z-00-DX1_15360_11264.jpg,TCGA-G4-6315,TCGA-G4-6315-01Z-00-DX1,0,0.028986763,0
non-tumour/TCGA-G4-6315-01Z-00-DX1_15360_11776.jpg,TCGA-G4-6315,TCGA-G4-6315-01Z-00-DX1,0,0.0003888584,0
non-tumour/TCGA-G4-6315-01Z-00-DX1_15360_12288.jpg,TCGA-G4-6315,TCGA-G4-6315-01Z-00-DX1,0,0.0035025112,0
non-tumour/TCGA-G4-6315-01Z-00-DX1_15360_12800.jpg,TCGA-G4-6315,TCGA-G4-6315-01Z-00-DX1,0,0.0034413845,0
non-tumour/TCGA-G4-6315-01Z-00-DX1_15360_15360.jpg,TCGA-G4-6315,TCGA-G4-6315-01Z-00-DX1,0,0.0014680205,0
non-tumour/TCGA-G4-6315-01Z-00-DX1_15360_15872.jpg,TCGA-G4-6315,TCGA-G4-6315-01Z-00-DX1,0,0.0048674312,0
non-tumour/TCGA-G4-6315-01Z-00-DX1_15360_17920.jpg,TCGA-G4-6315,TCGA-G4-6315-01Z-00-DX1,0,0.001469068,0
non-tumour/TCGA-G4-6315-01Z-00-DX1_15360_18432.jpg,TCGA-G4-6315,TCGA-G4-6315-01Z-00-DX1,0,0.0008586649,0
non-tumour/TCGA-G4-6315-01Z-00-DX1_15360_19456.jpg,TCGA-G4-6315,TCGA-G4-6315-01Z-00-DX1,0,0.00064736005,0
non-tumour/TCGA-G4-6315-01Z-00-DX1_15360_32256.jpg,TCGA-G4-6315,TCGA-G4-6315-01Z-00-DX1,0,0.9776163,1
non-tumour/TCGA-G4-6315-01Z-00-DX1_15360_32768.jpg,TCGA-G4-6315,TCGA-G4-6315-01Z-00-DX1,0,0.3751341,0
non-tumour/TCGA-G4-6315-01Z-00-DX1_15360_33280.jpg,TCGA-G4-6315,TCGA-G4-6315-01Z-00-DX1,0,0.010732327,0
non-tumour/TCGA-G4-6315-01Z-00-DX1_15360_33792.jpg,TCGA-G4-6315,TCGA-G4-6315-01Z-00-DX1,0,0.001001346,0
non-tumour/TCGA-G4-6315-01Z-00-DX1_15360_35328.jpg,TCGA-G4-6315,TCGA-G4-6315-01Z-00-DX1,0,0.03883007,0
non-tumour/TCGA-G4-6315-01Z-00-DX1_15360_3584.jpg,TCGA-G4-6315,TCGA-G4-6315-01Z-00-DX1,0,0.0798283,0
non-tumour/TCGA-G4-6315-01Z-00-DX1_15360_35840.jpg,TCGA-G4-6315,TCGA-G4-6315-01Z-00-DX1,0,0.0009155099,0
non-tumour/TCGA-G4-6315-01Z-00-DX1_15360_36864.jpg,TCGA-G4-6315,TCGA-G4-6315-01Z-00-DX1,0,0.20842093,0
non-tumour/TCGA-G4-6315-01Z-00-DX1_15360_37376.jpg,TCGA-G4-6315,TCGA-G4-6315-01Z-00-DX1,0,0.0035102973,0
non-tumour/TCGA-G4-6315-01Z-00-DX1_15360_37888.jpg,TCGA-G4-6315,TCGA-G4-6315-01Z-00-DX1,0,0.0005120289,0
non-tumour/TCGA-G4-6315-01Z-00-DX1_15360_38912.jpg,TCGA-G4-6315,TCGA-G4-6315-01Z-00-DX1,0,0.022404773,0
non-tumour/TCGA-G4-6315-01Z-00-DX1_15360_39424.jpg,TCGA-G4-6315,TCGA-G4-6315-01Z-00-DX1,0,0.01473818,0
non-tumour/TCGA-G4-6315-01Z-00-DX1_15360_5120.jpg,TCGA-G4-6315,TCGA-G4-6315-01Z-00-DX1,0,0.65139014,1
non-tumour/TCGA-G4-6315-01Z-00-DX1_15360_6144.jpg,TCGA-G4-6315,TCGA-G4-6315-01Z-00-DX1,0,4.498671e-07,0
non-tumour/TCGA-G4-6315-01Z-00-DX1_15360_7168.jpg,TCGA-G4-6315,TCGA-G4-6315-01Z-00-DX1,0,2.3583642e-07,0
non-tumour/TCGA-G4-6315-01Z-00-DX1_15360_8192.jpg,TCGA-G4-6315,TCGA-G4-6315-01Z-00-DX1,0,2.3513375e-07,0
non-tumour/TCGA-G4-6315-01Z-00-DX1_15360_9216.jpg,TCGA-G4-6315,TCGA-G4-6315-01Z-00-DX1,0,4.547994e-08,0
non-tumour/TCGA-G4-6315-01Z-00-DX1_15360_9728.jpg,TCGA-G4-6315,TCGA-G4-6315-01Z-00-DX1,0,0.19123776,0
non-tumour/TCGA-G4-6315-01Z-00-DX1_15872_10752.jpg,TCGA-G4-6315,TCGA-G4-6315-01Z-00-DX1,0,0.691719,1
non-tumour/TCGA-G4-6315-01Z-00-DX1_15872_12288.jpg,TCGA-G4-6315,TCGA-G4-6315-01Z-00-DX1,0,0.028851595,0
non-tumour/TCGA-G4-6315-01Z-00-DX1_15872_12800.jpg,TCGA-G4-6315,TCGA-G4-6315-01Z-00-DX1,0,0.018532569,0
non-tumour/TCGA-G4-6315-01Z-00-DX1_15872_13824.jpg,TCGA-G4-6315,TCGA-G4-6315-01Z-00-DX1,0,0.013333513,0
non-tumour/TCGA-G4-6315-01Z-00-DX1_15872_16384.jpg,TCGA-G4-6315,TCGA-G4-6315-01Z-00-DX1,0,0.0009491302,0
non-tumour/TCGA-G4-6315-01Z-00-DX1_15872_16896.jpg,TCGA-G4-6315,TCGA-G4-6315-01Z-00-DX1,0,0.0012506138,0
non-tumour/TCGA-G4-6315-01Z-00-DX1_15872_17408.jpg,TCGA-G4-6315,TCGA-G4-6315-01Z-00-DX1,0,0.00019724124,0
non-tumour/TCGA-G4-6315-01Z-00-DX1_15872_17920.jpg,TCGA-G4-6315,TCGA-G4-6315-01Z-00-DX1,0,0.000747282,0
non-tumour/TCGA-G4-6315-01Z-00-DX1_15872_18944.jpg,TCGA-G4-6315,TCGA-G4-6315-01Z-00-DX1,0,0.00091979327,0
non-tumour/TCGA-G4-6315-01Z-00-DX1_15872_19456.jpg,TCGA-G4-6315,TCGA-G4-6315-01Z-00-DX1,0,0.07226213,0
non-tumour/TCGA-G4-6315-01Z-00-DX1_15872_19968.jpg,TCGA-G4-6315,TCGA-G4-6315-01Z-00-DX1,0,0.029072471,0
non-tumour/TCGA-G4-6315-01Z-00-DX1_15872_2048.jpg,TCGA-G4-6315,TCGA-G4-6315-01Z-00-DX1,0,0.74342823,1
non-tumour/TCGA-G4-6315-01Z-00-DX1_15872_2560.jpg,TCGA-G4-6315,TCGA-G4-6315-01Z-00-DX1,0,0.84084404,1
non-tumour/TCGA-G4-6315-01Z-00-DX1_15872_3072.jpg,TCGA-G4-6315,TCGA-G4-6315-01Z-00-DX1,0,0.43275806,0
non-tumour/TCGA-G4-6315-01Z-00-DX1_15872_33280.jpg,TCGA-G4-6315,TCGA-G4-6315-01Z-00-DX1,0,0.00096763665,0
non-tumour/TCGA-G4-6315-01Z-00-DX1_15872_34304.jpg,TCGA-G4-6315,TCGA-G4-6315-01Z-00-DX1,0,0.0007017446,0
non-tumour/TCGA-G4-6315-01Z-00-DX1_15872_34816.jpg,TCGA-G4-6315,TCGA-G4-6315-01Z-00-DX1,0,0.019180432,0
non-tumour/TCGA-G4-6315-01Z-00-DX1_15872_35840.jpg,TCGA-G4-6315,TCGA-G4-6315-01Z-00-DX1,0,0.01884443,0
non-tumour/TCGA-G4-6315-01Z-00-DX1_15872_36352.jpg,TCGA-G4-6315,TCGA-G4-6315-01Z-00-DX1,0,0.31349102,0
non-tumour/TCGA-G4-6315-01Z-00-DX1_15872_36864.jpg,TCGA-G4-6315,TCGA-G4-6315-01Z-00-DX1,0,0.0406649,0
non-tumour/TCGA-G4-6315-01Z-00-DX1_15872_38400.jpg,TCGA-G4-6315,TCGA-G4-6315-01Z-00-DX1,0,0.010451594,0
non-tumour/TCGA-G4-6315-01Z-00-DX1_15872_38912.jpg,TCGA-G4-6315,TCGA-G4-6315-01Z-00-DX1,0,0.0006680231,0
non-tumour/TCGA-G4-6315-01Z-00-DX1_15872_4608.jpg,TCGA-G4-6315,TCGA-G4-6315-01Z-00-DX1,0,0.32856223,0
non-tumour/TCGA-G4-6315-01Z-00-DX1_15872_6144.jpg,TCGA-G4-6315,TCGA-G4-6315-01Z-00-DX1,0,2.1078664e-05,0
non-tumour/TCGA-G4-6315-01Z-00-DX1_15872_6656.jpg,TCGA-G4-6315,TCGA-G4-6315-01Z-00-DX1,0,4.233612e-06,0
non-tumour/TCGA-G4-6315-01Z-00-DX1_15872_7168.jpg,TCGA-G4-6315,TCGA-G4-6315-01Z-00-DX1,0,5.9524257e-07,0
non-tumour/TCGA-G4-6315-01Z-00-DX1_15872_7680.jpg,TCGA-G4-6315,TCGA-G4-6315-01Z-00-DX1,0,2.9484216e-08,0
non-tumour/TCGA-G4-6315-01Z-00-DX1_16384_10240.jpg,TCGA-G4-6315,TCGA-G4-6315-01Z-00-DX1,0,0.18895781,0
non-tumour/TCGA-G4-6315-01Z-00-DX1_16384_10752.jpg,TCGA-G4-6315,TCGA-G4-6315-01Z-00-DX1,0,0.03342151,0
non-tumour/TCGA-G4-6315-01Z-00-DX1_16384_14336.jpg,TCGA-G4-6315,TCGA-G4-6315-01Z-00-DX1,0,0.000930982,0
non-tumour/TCGA-G4-6315-01Z-00-DX1_16384_15360.jpg,TCGA-G4-6315,TCGA-G4-6315-01Z-00-DX1,0,0.00075920776,0
non-tumour/TCGA-G4-6315-01Z-00-DX1_16384_15872.jpg,TCGA-G4-6315,TCGA-G4-6315-01Z-00-DX1,0,0.00085833773,0
non-tumour/TCGA-G4-6315-01Z-00-DX1_16384_16896.jpg,TCGA-G4-6315,TCGA-G4-6315-01Z-00-DX1,0,0.00024236657,0
non-tumour/TCGA-G4-6315-01Z-00-DX1_16384_17408.jpg,TCGA-G4-6315,TCGA-G4-6315-01Z-00-DX1,0,0.0017655947,0
non-tumour/TCGA-G4-6315-01Z-00-DX1_16384_18432.jpg,TCGA-G4-6315,TCGA-G4-6315-01Z-00-DX1,0,0.00080418284,0
non-tumour/TCGA-G4-6315-01Z-00-DX1_16384_19456.jpg,TCGA-G4-6315,TCGA-G4-6315-01Z-00-DX1,0,0.32329667,0
non-tumour/TCGA-G4-6315-01Z-00-DX1_16384_19968.jpg,TCGA-G4-6315,TCGA-G4-6315-01Z-00-DX1,0,0.008703449,0
non-tumour/TCGA-G4-6315-01Z-00-DX1_16384_2048.jpg,TCGA-G4-6315,TCGA-G4-6315-01Z-00-DX1,0,0.03679327,0
non-tumour/TCGA-G4-6315-01Z-00-DX1_16384_32768.jpg,TCGA-G4-6315,TCGA-G4-6315-01Z-00-DX1,0,0.39158013,0
non-tumour/TCGA-G4-6315-01Z-00-DX1_16384_33280.jpg,TCGA-G4-6315,TCGA-G4-6315-01Z-00-DX1,0,0.9318998,1
non-tumour/TCGA-G4-6315-01Z-00-DX1_16384_33792.jpg,TCGA-G4-6315,TCGA-G4-6315-01Z-00-DX1,0,0.24542624,0
non-tumour/TCGA-G4-6315-01Z-00-DX1_16384_35840.jpg,TCGA-G4-6315,TCGA-G4-6315-01Z-00-DX1,0,0.012580577,0
non-tumour/TCGA-G4-6315-01Z-00-DX1_16384_36352.jpg,TCGA-G4-6315,TCGA-G4-6315-01Z-00-DX1,0,0.22047088,0
non-tumour/TCGA-G4-6315-01Z-00-DX1_16384_36864.jpg,TCGA-G4-6315,TCGA-G4-6315-01Z-00-DX1,0,0.014175791,0
non-tumour/TCGA-G4-6315-01Z-00-DX1_16384_38400.jpg,TCGA-G4-6315,TCGA-G4-6315-01Z-00-DX1,0,0.0077962414,0
non-tumour/TCGA-G4-6315-01Z-00-DX1_16384_4608.jpg,TCGA-G4-6315,TCGA-G4-6315-01Z-00-DX1,0,0.8274879,1
non-tumour/TCGA-G4-6315-01Z-00-DX1_16384_5120.jpg,TCGA-G4-6315,TCGA-G4-6315-01Z-00-DX1,0,0.62240875,1
non-tumour/TCGA-G4-6315-01Z-00-DX1_16384_6656.jpg,TCGA-G4-6315,TCGA-G4-6315-01Z-00-DX1,0,7.706037e-07,0
non-tumour/TCGA-G4-6315-01Z-00-DX1_16384_7680.jpg,TCGA-G4-6315,TCGA-G4-6315-01Z-00-DX1,0,1.1561935e-07,0
non-tumour/TCGA-G4-6315-01Z-00-DX1_16384_8192.jpg,TCGA-G4-6315,TCGA-G4-6315-01Z-00-DX1,0,5.0911956e-07,0
non-tumour/TCGA-G4-6315-01Z-00-DX1_16384_9728.jpg,TCGA-G4-6315,TCGA-G4-6315-01Z-00-DX1,0,0.2128593,0
non-tumour/TCGA-G4-6315-01Z-00-DX1_16896_11264.jpg,TCGA-G4-6315,TCGA-G4-6315-01Z-00-DX1,0,0.0013895432,0
non-tumour/TCGA-G4-6315-01Z-00-DX1_16896_12288.jpg,TCGA-G4-6315,TCGA-G4-6315-01Z-00-DX1,0,0.04425339,0
non-tumour/TCGA-G4-6315-01Z-00-DX1_16896_13312.jpg,TCGA-G4-6315,TCGA-G4-6315-01Z-00-DX1,0,0.0037633858,0
non-tumour/TCGA-G4-6315-01Z-00-DX1_16896_14848.jpg,TCGA-G4-6315,TCGA-G4-6315-01Z-00-DX1,0,0.0017833504,0
non-tumour/TCGA-G4-6315-01Z-00-DX1_16896_15872.jpg,TCGA-G4-6315,TCGA-G4-6315-01Z-00-DX1,0,0.0018158763,0
non-tumour/TCGA-G4-6315-01Z-00-DX1_16896_16384.jpg,TCGA-G4-6315,TCGA-G4-6315-01Z-00-DX1,0,0.0016763981,0
non-tumour/TCGA-G4-6315-01Z-00-DX1_16896_16896.jpg,TCGA-G4-6315,TCGA-G4-6315-01Z-00-DX1,0,0.00053837936,0
non-tumour/TCGA-G4-6315-01Z-00-DX1_16896_17920.jpg,TCGA-G4-6315,TCGA-G4-6315-01Z-00-DX1,0,0.0126458835,0
non-tumour/TCGA-G4-6315-01Z-00-DX1_16896_19456.jpg,TCGA-G4-6315,TCGA-G4-6315-01Z-00-DX1,0,0.014289366,0
non-tumour/TCGA-G4-6315-01Z-00-DX1_16896_33792.jpg,TCGA-G4-6315,TCGA-G4-6315-01Z-00-DX1,0,0.37530956,0
non-tumour/TCGA-G4-6315-01Z-00-DX1_16896_34816.jpg,TCGA-G4-6315,TCGA-G4-6315-01Z-00-DX1,0,0.9310589,1
non-tumour/TCGA-G4-6315-01Z-00-DX1_16896_3584.jpg,TCGA-G4-6315,TCGA-G4-6315-01Z-00-DX1,0,0.8681956,1
non-tumour/TCGA-G4-6315-01Z-00-DX1_16896_35840.jpg,TCGA-G4-6315,TCGA-G4-6315-01Z-00-DX1,0,0.80101544,1
non-tumour/TCGA-G4-6315-01Z-00-DX1_16896_36352.jpg,TCGA-G4-6315,TCGA-G4-6315-01Z-00-DX1,0,0.9908861,1
non-tumour/TCGA-G4-6315-01Z-00-DX1_16896_36864.jpg,TCGA-G4-6315,TCGA-G4-6315-01Z-00-DX1,0,0.9936659,1
non-tumour/TCGA-G4-6315-01Z-00-DX1_16896_37376.jpg,TCGA-G4-6315,TCGA-G4-6315-01Z-00-DX1,0,0.9923779,1
non-tumour/TCGA-G4-6315-01Z-00-DX1_16896_38400.jpg,TCGA-G4-6315,TCGA-G4-6315-01Z-00-DX1,0,0.8410482,1
non-tumour/TCGA-G4-6315-01Z-00-DX1_16896_5120.jpg,TCGA-G4-6315,TCGA-G4-6315-01Z-00-DX1,0,0.97555965,1
non-tumour/TCGA-G4-6315-01Z-00-DX1_16896_6656.jpg,TCGA-G4-6315,TCGA-G4-6315-01Z-00-DX1,0,0.3436786,0
non-tumour/TCGA-G4-6315-01Z-00-DX1_16896_7680.jpg,TCGA-G4-6315,TCGA-G4-6315-01Z-00-DX1,0,1.855603e-05,0
non-tumour/TCGA-G4-6315-01Z-00-DX1_16896_8704.jpg,TCGA-G4-6315,TCGA-G4-6315-01Z-00-DX1,0,0.14015044,0
non-tumour/TCGA-G4-6315-01Z-00-DX1_16896_9728.jpg,TCGA-G4-6315,TCGA-G4-6315-01Z-00-DX1,0,0.39203778,0
non-tumour/TCGA-G4-6315-01Z-00-DX1_17408_10752.jpg,TCGA-G4-6315,TCGA-G4-6315-01Z-00-DX1,0,0.007818366,0
non-tumour/TCGA-G4-6315-01Z-00-DX1_17408_11264.jpg,TCGA-G4-6315,TCGA-G4-6315-01Z-00-DX1,0,0.0063206414,0
non-tumour/TCGA-G4-6315-01Z-00-DX1_17408_12288.jpg,TCGA-G4-6315,TCGA-G4-6315-01Z-00-DX1,0,0.008000545,0
non-tumour/TCGA-G4-6315-01Z-00-DX1_17408_13824.jpg,TCGA-G4-6315,TCGA-G4-6315-01Z-00-DX1,0,0.0013817665,0
non-tumour/TCGA-G4-6315-01Z-00-DX1_17408_14336.jpg,TCGA-G4-6315,TCGA-G4-6315-01Z-00-DX1,0,0.0006430246,0
non-tumour/TCGA-G4-6315-01Z-00-DX1_17408_16384.jpg,TCGA-G4-6315,TCGA-G4-6315-01Z-00-DX1,0,0.00027394565,0
non-tumour/TCGA-G4-6315-01Z-00-DX1_17408_17408.jpg,TCGA-G4-6315,TCGA-G4-6315-01Z-00-DX1,0,0.01615749,0
non-tumour/TCGA-G4-6315-01Z-00-DX1_17408_19456.jpg,TCGA-G4-6315,TCGA-G4-6315-01Z-00-DX1,0,0.0034386904,0
non-tumour/TCGA-G4-6315-01Z-00-DX1_17408_2048.jpg,TCGA-G4-6315,TCGA-G4-6315-01Z-00-DX1,0,0.20110154,0
non-tumour/TCGA-G4-6315-01Z-00-DX1_17408_3072.jpg,TCGA-G4-6315,TCGA-G4-6315-01Z-00-DX1,0,0.12543908,0
non-tumour/TCGA-G4-6315-01Z-00-DX1_17408_33280.jpg,TCGA-G4-6315,TCGA-G4-6315-01Z-00-DX1,0,0.15982291,0
non-tumour/TCGA-G4-6315-01Z-00-DX1_17408_33792.jpg,TCGA-G4-6315,TCGA-G4-6315-01Z-00-DX1,0,0.5586388,1
non-tumour/TCGA-G4-6315-01Z-00-DX1_17408_34304.jpg,TCGA-G4-6315,TCGA-G4-6315-01Z-00-DX1,0,0.3448201,0
non-tumour/TCGA-G4-6315-01Z-00-DX1_17408_36352.jpg,TCGA-G4-6315,TCGA-G4-6315-01Z-00-DX1,0,0.9964361,1
non-tumour/TCGA-G4-6315-01Z-00-DX1_17408_37376.jpg,TCGA-G4-6315,TCGA-G4-6315-01Z-00-DX1,0,0.98531544,1
non-tumour/TCGA-G4-6315-01Z-00-DX1_17408_37888.jpg,TCGA-G4-6315,TCGA-G4-6315-01Z-00-DX1,0,0.93825126,1
non-tumour/TCGA-G4-6315-01Z-00-DX1_17408_38912.jpg,TCGA-G4-6315,TCGA-G4-6315-01Z-00-DX1,0,0.02487363,0
non-tumour/TCGA-G4-6315-01Z-00-DX1_17408_4096.jpg,TCGA-G4-6315,TCGA-G4-6315-01Z-00-DX1,0,0.9674895,1
non-tumour/TCGA-G4-6315-01Z-00-DX1_17408_5120.jpg,TCGA-G4-6315,TCGA-G4-6315-01Z-00-DX1,0,0.8669067,1
non-tumour/TCGA-G4-6315-01Z-00-DX1_17408_9728.jpg,TCGA-G4-6315,TCGA-G4-6315-01Z-00-DX1,0,0.12634034,0
non-tumour/TCGA-G4-6315-01Z-00-DX1_17920_11264.jpg,TCGA-G4-6315,TCGA-G4-6315-01Z-00-DX1,0,0.008106729,0
non-tumour/TCGA-G4-6315-01Z-00-DX1_17920_12288.jpg,TCGA-G4-6315,TCGA-G4-6315-01Z-00-DX1,0,0.004566489,0
non-tumour/TCGA-G4-6315-01Z-00-DX1_17920_14336.jpg,TCGA-G4-6315,TCGA-G4-6315-01Z-00-DX1,0,0.13948594,0
non-tumour/TCGA-G4-6315-01Z-00-DX1_17920_14848.jpg,TCGA-G4-6315,TCGA-G4-6315-01Z-00-DX1,0,0.02633174,0
non-tumour/TCGA-G4-6315-01Z-00-DX1_17920_15360.jpg,TCGA-G4-6315,TCGA-G4-6315-01Z-00-DX1,0,0.048881594,0
non-tumour/TCGA-G4-6315-01Z-00-DX1_17920_16384.jpg,TCGA-G4-6315,TCGA-G4-6315-01Z-00-DX1,0,0.82071626,1
non-tumour/TCGA-G4-6315-01Z-00-DX1_17920_17408.jpg,TCGA-G4-6315,TCGA-G4-6315-01Z-00-DX1,0,0.0021044642,0
non-tumour/TCGA-G4-6315-01Z-00-DX1_17920_18432.jpg,TCGA-G4-6315,TCGA-G4-6315-01Z-00-DX1,0,0.052876633,0
non-tumour/TCGA-G4-6315-01Z-00-DX1_17920_18944.jpg,TCGA-G4-6315,TCGA-G4-6315-01Z-00-DX1,0,0.0013924497,0
non-tumour/TCGA-G4-6315-01Z-00-DX1_17920_2560.jpg,TCGA-G4-6315,TCGA-G4-6315-01Z-00-DX1,0,0.38832667,0
non-tumour/TCGA-G4-6315-01Z-00-DX1_17920_32768.jpg,TCGA-G4-6315,TCGA-G4-6315-01Z-00-DX1,0,0.8978326,1
non-tumour/TCGA-G4-6315-01Z-00-DX1_17920_34304.jpg,TCGA-G4-6315,TCGA-G4-6315-01Z-00-DX1,0,0.02028666,0
non-tumour/TCGA-G4-6315-01Z-00-DX1_17920_35840.jpg,TCGA-G4-6315,TCGA-G4-6315-01Z-00-DX1,0,0.97376966,1
non-tumour/TCGA-G4-6315-01Z-00-DX1_17920_36352.jpg,TCGA-G4-6315,TCGA-G4-6315-01Z-00-DX1,0,0.99879754,1
non-tumour/TCGA-G4-6315-01Z-00-DX1_17920_37888.jpg,TCGA-G4-6315,TCGA-G4-6315-01Z-00-DX1,0,0.95993173,1
non-tumour/TCGA-G4-6315-01Z-00-DX1_17920_38400.jpg,TCGA-G4-6315,TCGA-G4-6315-01Z-00-DX1,0,0.46411544,0
non-tumour/TCGA-G4-6315-01Z-00-DX1_17920_38912.jpg,TCGA-G4-6315,TCGA-G4-6315-01Z-00-DX1,0,0.004086024,0
non-tumour/TCGA-G4-6315-01Z-00-DX1_17920_39424.jpg,TCGA-G4-6315,TCGA-G4-6315-01Z-00-DX1,0,0.8032474,1
non-tumour/TCGA-G4-6315-01Z-00-DX1_17920_4096.jpg,TCGA-G4-6315,TCGA-G4-6315-01Z-00-DX1,0,0.5902969,1
non-tumour/TCGA-G4-6315-01Z-00-DX1_17920_4608.jpg,TCGA-G4-6315,TCGA-G4-6315-01Z-00-DX1,0,0.8283284,1
non-tumour/TCGA-G4-6315-01Z-00-DX1_17920_5120.jpg,TCGA-G4-6315,TCGA-G4-6315-01Z-00-DX1,0,0.79995805,1
non-tumour/TCGA-G4-6315-01Z-00-DX1_17920_5632.jpg,TCGA-G4-6315,TCGA-G4-6315-01Z-00-DX1,0,0.4117877,0
non-tumour/TCGA-G4-6315-01Z-00-DX1_17920_7168.jpg,TCGA-G4-6315,TCGA-G4-6315-01Z-00-DX1,0,0.9932742,1
non-tumour/TCGA-G4-6315-01Z-00-DX1_17920_9728.jpg,TCGA-G4-6315,TCGA-G4-6315-01Z-00-DX1,0,0.6763253,1
non-tumour/TCGA-G4-6315-01Z-00-DX1_18432_10240.jpg,TCGA-G4-6315,TCGA-G4-6315-01Z-00-DX1,0,0.01999822,0
non-tumour/TCGA-G4-6315-01Z-00-DX1_18432_10752.jpg,TCGA-G4-6315,TCGA-G4-6315-01Z-00-DX1,0,0.015362665,0
non-tumour/TCGA-G4-6315-01Z-00-DX1_18432_11264.jpg,TCGA-G4-6315,TCGA-G4-6315-01Z-00-DX1,0,0.0029103553,0
non-tumour/TCGA-G4-6315-01Z-00-DX1_18432_11776.jpg,TCGA-G4-6315,TCGA-G4-6315-01Z-00-DX1,0,0.000538997,0
non-tumour/TCGA-G4-6315-01Z-00-DX1_18432_12288.jpg,TCGA-G4-6315,TCGA-G4-6315-01Z-00-DX1,0,0.093277365,0
non-tumour/TCGA-G4-6315-01Z-00-DX1_18432_12800.jpg,TCGA-G4-6315,TCGA-G4-6315-01Z-00-DX1,0,0.004765481,0
non-tumour/TCGA-G4-6315-01Z-00-DX1_18432_14336.jpg,TCGA-G4-6315,TCGA-G4-6315-01Z-00-DX1,0,0.0013433682,0
non-tumour/TCGA-G4-6315-01Z-00-DX1_18432_16384.jpg,TCGA-G4-6315,TCGA-G4-6315-01Z-00-DX1,0,0.054968096,0
non-tumour/TCGA-G4-6315-01Z-00-DX1_18432_16896.jpg,TCGA-G4-6315,TCGA-G4-6315-01Z-00-DX1,0,0.008592713,0
non-tumour/TCGA-G4-6315-01Z-00-DX1_18432_2560.jpg,TCGA-G4-6315,TCGA-G4-6315-01Z-00-DX1,0,0.8814662,1
non-tumour/TCGA-G4-6315-01Z-00-DX1_18432_33280.jpg,TCGA-G4-6315,TCGA-G4-6315-01Z-00-DX1,0,0.037379,0
non-tumour/TCGA-G4-6315-01Z-00-DX1_18432_33792.jpg,TCGA-G4-6315,TCGA-G4-6315-01Z-00-DX1,0,0.023166297,0
non-tumour/TCGA-G4-6315-01Z-00-DX1_18432_34816.jpg,TCGA-G4-6315,TCGA-G4-6315-01Z-00-DX1,0,0.16592859,0
non-tumour/TCGA-G4-6315-01Z-00-DX1_18432_3584.jpg,TCGA-G4-6315,TCGA-G4-6315-01Z-00-DX1,0,0.9580641,1
non-tumour/TCGA-G4-6315-01Z-00-DX1_18432_35840.jpg,TCGA-G4-6315,TCGA-G4-6315-01Z-00-DX1,0,0.9998734,1
non-tumour/TCGA-G4-6315-01Z-00-DX1_18432_36352.jpg,TCGA-G4-6315,TCGA-G4-6315-01Z-00-DX1,0,0.8256017,1
non-tumour/TCGA-G4-6315-01Z-00-DX1_18432_36864.jpg,TCGA-G4-6315,TCGA-G4-6315-01Z-00-DX1,0,0.9512866,1
non-tumour/TCGA-G4-6315-01Z-00-DX1_18432_37888.jpg,TCGA-G4-6315,TCGA-G4-6315-01Z-00-DX1,0,0.9482926,1
non-tumour/TCGA-G4-6315-01Z-00-DX1_18432_38400.jpg,TCGA-G4-6315,TCGA-G4-6315-01Z-00-DX1,0,0.34831545,0
non-tumour/TCGA-G4-6315-01Z-00-DX1_18432_4096.jpg,TCGA-G4-6315,TCGA-G4-6315-01Z-00-DX1,0,0.7524043,1
non-tumour/TCGA-G4-6315-01Z-00-DX1_18432_4608.jpg,TCGA-G4-6315,TCGA-G4-6315-01Z-00-DX1,0,0.85782963,1
non-tumour/TCGA-G4-6315-01Z-00-DX1_18432_5120.jpg,TCGA-G4-6315,TCGA-G4-6315-01Z-00-DX1,0,0.98094636,1
non-tumour/TCGA-G4-6315-01Z-00-DX1_18432_7168.jpg,TCGA-G4-6315,TCGA-G4-6315-01Z-00-DX1,0,0.9300036,1
non-tumour/TCGA-G4-6315-01Z-00-DX1_18432_7680.jpg,TCGA-G4-6315,TCGA-G4-6315-01Z-00-DX1,0,0.08881575,0
non-tumour/TCGA-G4-6315-01Z-00-DX1_18432_9728.jpg,TCGA-G4-6315,TCGA-G4-6315-01Z-00-DX1,0,0.054737154,0
non-tumour/TCGA-G4-6315-01Z-00-DX1_18944_10240.jpg,TCGA-G4-6315,TCGA-G4-6315-01Z-00-DX1,0,0.0033817044,0
non-tumour/TCGA-G4-6315-01Z-00-DX1_18944_12800.jpg,TCGA-G4-6315,TCGA-G4-6315-01Z-00-DX1,0,0.0034228375,0
non-tumour/TCGA-G4-6315-01Z-00-DX1_18944_13312.jpg,TCGA-G4-6315,TCGA-G4-6315-01Z-00-DX1,0,0.03739582,0
non-tumour/TCGA-G4-6315-01Z-00-DX1_18944_14336.jpg,TCGA-G4-6315,TCGA-G4-6315-01Z-00-DX1,0,0.04742179,0
non-tumour/TCGA-G4-6315-01Z-00-DX1_18944_14848.jpg,TCGA-G4-6315,TCGA-G4-6315-01Z-00-DX1,0,0.03537726,0
non-tumour/TCGA-G4-6315-01Z-00-DX1_18944_15872.jpg,TCGA-G4-6315,TCGA-G4-6315-01Z-00-DX1,0,0.71780753,1
non-tumour/TCGA-G4-6315-01Z-00-DX1_18944_16896.jpg,TCGA-G4-6315,TCGA-G4-6315-01Z-00-DX1,0,0.001671195,0
non-tumour/TCGA-G4-6315-01Z-00-DX1_18944_2560.jpg,TCGA-G4-6315,TCGA-G4-6315-01Z-00-DX1,0,0.7928056,1
non-tumour/TCGA-G4-6315-01Z-00-DX1_18944_3072.jpg,TCGA-G4-6315,TCGA-G4-6315-01Z-00-DX1,0,0.6316805,1
non-tumour/TCGA-G4-6315-01Z-00-DX1_18944_33280.jpg,TCGA-G4-6315,TCGA-G4-6315-01Z-00-DX1,0,0.024702245,0
non-tumour/TCGA-G4-6315-01Z-00-DX1_18944_33792.jpg,TCGA-G4-6315,TCGA-G4-6315-01Z-00-DX1,0,0.17170593,0
non-tumour/TCGA-G4-6315-01Z-00-DX1_18944_34304.jpg,TCGA-G4-6315,TCGA-G4-6315-01Z-00-DX1,0,0.0020748866,0
non-tumour/TCGA-G4-6315-01Z-00-DX1_18944_34816.jpg,TCGA-G4-6315,TCGA-G4-6315-01Z-00-DX1,0,0.5326835,1
non-tumour/TCGA-G4-6315-01Z-00-DX1_18944_35840.jpg,TCGA-G4-6315,TCGA-G4-6315-01Z-00-DX1,0,0.9987097,1
non-tumour/TCGA-G4-6315-01Z-00-DX1_18944_36352.jpg,TCGA-G4-6315,TCGA-G4-6315-01Z-00-DX1,0,0.9968322,1
non-tumour/TCGA-G4-6315-01Z-00-DX1_18944_37888.jpg,TCGA-G4-6315,TCGA-G4-6315-01Z-00-DX1,0,0.99879324,1
non-tumour/TCGA-G4-6315-01Z-00-DX1_18944_38400.jpg,TCGA-G4-6315,TCGA-G4-6315-01Z-00-DX1,0,0.9898554,1
non-tumour/TCGA-G4-6315-01Z-00-DX1_18944_38912.jpg,TCGA-G4-6315,TCGA-G4-6315-01Z-00-DX1,0,0.9989901,1
non-tumour/TCGA-G4-6315-01Z-00-DX1_18944_4096.jpg,TCGA-G4-6315,TCGA-G4-6315-01Z-00-DX1,0,0.9239018,1
non-tumour/TCGA-G4-6315-01Z-00-DX1_18944_5120.jpg,TCGA-G4-6315,TCGA-G4-6315-01Z-00-DX1,0,0.9563331,1
non-tumour/TCGA-G4-6315-01Z-00-DX1_18944_5632.jpg,TCGA-G4-6315,TCGA-G4-6315-01Z-00-DX1,0,0.9273907,1
non-tumour/TCGA-G4-6315-01Z-00-DX1_18944_7680.jpg,TCGA-G4-6315,TCGA-G4-6315-01Z-00-DX1,0,0.11231382,0
non-tumour/TCGA-G4-6315-01Z-00-DX1_18944_8192.jpg,TCGA-G4-6315,TCGA-G4-6315-01Z-00-DX1,0,0.030066054,0
non-tumour/TCGA-G4-6315-01Z-00-DX1_18944_8704.jpg,TCGA-G4-6315,TCGA-G4-6315-01Z-00-DX1,0,0.046100225,0
non-tumour/TCGA-G4-6315-01Z-00-DX1_18944_9216.jpg,TCGA-G4-6315,TCGA-G4-6315-01Z-00-DX1,0,0.37412366,0
non-tumour/TCGA-G4-6315-01Z-00-DX1_18944_9728.jpg,TCGA-G4-6315,TCGA-G4-6315-01Z-00-DX1,0,0.0048106173,0
non-tumour/TCGA-G4-6315-01Z-00-DX1_19456_11776.jpg,TCGA-G4-6315,TCGA-G4-6315-01Z-00-DX1,0,0.004380092,0
non-tumour/TCGA-G4-6315-01Z-00-DX1_19456_12800.jpg,TCGA-G4-6315,TCGA-G4-6315-01Z-00-DX1,0,0.4297971,0
non-tumour/TCGA-G4-6315-01Z-00-DX1_19456_13312.jpg,TCGA-G4-6315,TCGA-G4-6315-01Z-00-DX1,0,0.18765827,0
non-tumour/TCGA-G4-6315-01Z-00-DX1_19456_13824.jpg,TCGA-G4-6315,TCGA-G4-6315-01Z-00-DX1,0,0.0053831553,0
non-tumour/TCGA-G4-6315-01Z-00-DX1_19456_14336.jpg,TCGA-G4-6315,TCGA-G4-6315-01Z-00-DX1,0,0.001199514,0
non-tumour/TCGA-G4-6315-01Z-00-DX1_19456_15360.jpg,TCGA-G4-6315,TCGA-G4-6315-01Z-00-DX1,0,0.3213651,0
non-tumour/TCGA-G4-6315-01Z-00-DX1_19456_33792.jpg,TCGA-G4-6315,TCGA-G4-6315-01Z-00-DX1,0,0.09031725,0
non-tumour/TCGA-G4-6315-01Z-00-DX1_19456_34304.jpg,TCGA-G4-6315,TCGA-G4-6315-01Z-00-DX1,0,0.056061104,0
non-tumour/TCGA-G4-6315-01Z-00-DX1_19456_35328.jpg,TCGA-G4-6315,TCGA-G4-6315-01Z-00-DX1,0,0.4852312,0
non-tumour/TCGA-G4-6315-01Z-00-DX1_19456_4608.jpg,TCGA-G4-6315,TCGA-G4-6315-01Z-00-DX1,0,0.9369702,1
non-tumour/TCGA-G4-6315-01Z-00-DX1_19456_8192.jpg,TCGA-G4-6315,TCGA-G4-6315-01Z-00-DX1,0,0.035267748,0
non-tumour/TCGA-G4-6315-01Z-00-DX1_19456_8704.jpg,TCGA-G4-6315,TCGA-G4-6315-01Z-00-DX1,0,0.04032168,0
non-tumour/TCGA-G4-6315-01Z-00-DX1_19968_11264.jpg,TCGA-G4-6315,TCGA-G4-6315-01Z-00-DX1,0,0.0030582398,0
non-tumour/TCGA-G4-6315-01Z-00-DX1_19968_12288.jpg,TCGA-G4-6315,TCGA-G4-6315-01Z-00-DX1,0,0.005826472,0
non-tumour/TCGA-G4-6315-01Z-00-DX1_19968_14336.jpg,TCGA-G4-6315,TCGA-G4-6315-01Z-00-DX1,0,0.016495971,0
non-tumour/TCGA-G4-6315-01Z-00-DX1_19968_33280.jpg,TCGA-G4-6315,TCGA-G4-6315-01Z-00-DX1,0,0.70962816,1
non-tumour/TCGA-G4-6315-01Z-00-DX1_19968_34304.jpg,TCGA-G4-6315,TCGA-G4-6315-01Z-00-DX1,0,0.028461238,0
non-tumour/TCGA-G4-6315-01Z-00-DX1_19968_35328.jpg,TCGA-G4-6315,TCGA-G4-6315-01Z-00-DX1,0,0.9027555,1
non-tumour/TCGA-G4-6315-01Z-00-DX1_19968_35840.jpg,TCGA-G4-6315,TCGA-G4-6315-01Z-00-DX1,0,0.9561111,1
non-tumour/TCGA-G4-6315-01Z-00-DX1_19968_36864.jpg,TCGA-G4-6315,TCGA-G4-6315-01Z-00-DX1,0,0.99804026,1
non-tumour/TCGA-G4-6315-01Z-00-DX1_19968_5632.jpg,TCGA-G4-6315,TCGA-G4-6315-01Z-00-DX1,0,0.3075644,0
non-tumour/TCGA-G4-6315-01Z-00-DX1_19968_6144.jpg,TCGA-G4-6315,TCGA-G4-6315-01Z-00-DX1,0,0.76600134,1
non-tumour/TCGA-G4-6315-01Z-00-DX1_20480_10240.jpg,TCGA-G4-6315,TCGA-G4-6315-01Z-00-DX1,0,0.0026633954,0
non-tumour/TCGA-G4-6315-01Z-00-DX1_20480_10752.jpg,TCGA-G4-6315,TCGA-G4-6315-01Z-00-DX1,0,0.008589379,0
non-tumour/TCGA-G4-6315-01Z-00-DX1_20480_11264.jpg,TCGA-G4-6315,TCGA-G4-6315-01Z-00-DX1,0,0.0061811036,0
non-tumour/TCGA-G4-6315-01Z-00-DX1_20480_12288.jpg,TCGA-G4-6315,TCGA-G4-6315-01Z-00-DX1,0,0.0005725155,0
non-tumour/TCGA-G4-6315-01Z-00-DX1_20480_14336.jpg,TCGA-G4-6315,TCGA-G4-6315-01Z-00-DX1,0,0.06142184,0
non-tumour/TCGA-G4-6315-01Z-00-DX1_20480_14848.jpg,TCGA-G4-6315,TCGA-G4-6315-01Z-00-DX1,0,0.071238026,0
non-tumour/TCGA-G4-6315-01Z-00-DX1_20480_33280.jpg,TCGA-G4-6315,TCGA-G4-6315-01Z-00-DX1,0,0.01137582,0
non-tumour/TCGA-G4-6315-01Z-00-DX1_20480_33792.jpg,TCGA-G4-6315,TCGA-G4-6315-01Z-00-DX1,0,0.0007918771,0
non-tumour/TCGA-G4-6315-01Z-00-DX1_20480_34304.jpg,TCGA-G4-6315,TCGA-G4-6315-01Z-00-DX1,0,0.7170616,1
non-tumour/TCGA-G4-6315-01Z-00-DX1_20480_34816.jpg,TCGA-G4-6315,TCGA-G4-6315-01Z-00-DX1,0,0.5717252,1
non-tumour/TCGA-G4-6315-01Z-00-DX1_20480_36352.jpg,TCGA-G4-6315,TCGA-G4-6315-01Z-00-DX1,0,0.9998652,1
non-tumour/TCGA-G4-6315-01Z-00-DX1_20480_4608.jpg,TCGA-G4-6315,TCGA-G4-6315-01Z-00-DX1,0,0.97397524,1
non-tumour/TCGA-G4-6315-01Z-00-DX1_20480_5120.jpg,TCGA-G4-6315,TCGA-G4-6315-01Z-00-DX1,0,0.9960276,1
non-tumour/TCGA-G4-6315-01Z-00-DX1_20480_5632.jpg,TCGA-G4-6315,TCGA-G4-6315-01Z-00-DX1,0,0.92567915,1
non-tumour/TCGA-G4-6315-01Z-00-DX1_20480_6144.jpg,TCGA-G4-6315,TCGA-G4-6315-01Z-00-DX1,0,0.21774887,0
non-tumour/TCGA-G4-6315-01Z-00-DX1_20480_8704.jpg,TCGA-G4-6315,TCGA-G4-6315-01Z-00-DX1,0,0.031531386,0
non-tumour/TCGA-G4-6315-01Z-00-DX1_20480_9728.jpg,TCGA-G4-6315,TCGA-G4-6315-01Z-00-DX1,0,0.02105846,0
non-tumour/TCGA-G4-6315-01Z-00-DX1_20992_10752.jpg,TCGA-G4-6315,TCGA-G4-6315-01Z-00-DX1,0,0.0017697656,0
non-tumour/TCGA-G4-6315-01Z-00-DX1_20992_12288.jpg,TCGA-G4-6315,TCGA-G4-6315-01Z-00-DX1,0,0.00040212052,0
non-tumour/TCGA-G4-6315-01Z-00-DX1_20992_12800.jpg,TCGA-G4-6315,TCGA-G4-6315-01Z-00-DX1,0,0.010642189,0
non-tumour/TCGA-G4-6315-01Z-00-DX1_20992_13312.jpg,TCGA-G4-6315,TCGA-G4-6315-01Z-00-DX1,0,0.17934498,0
non-tumour/TCGA-G4-6315-01Z-00-DX1_20992_13824.jpg,TCGA-G4-6315,TCGA-G4-6315-01Z-00-DX1,0,0.03581917,0
non-tumour/TCGA-G4-6315-01Z-00-DX1_20992_33792.jpg,TCGA-G4-6315,TCGA-G4-6315-01Z-00-DX1,0,0.0006026958,0
non-tumour/TCGA-G4-6315-01Z-00-DX1_20992_34816.jpg,TCGA-G4-6315,TCGA-G4-6315-01Z-00-DX1,0,0.2729119,0
non-tumour/TCGA-G4-6315-01Z-00-DX1_20992_35328.jpg,TCGA-G4-6315,TCGA-G4-6315-01Z-00-DX1,0,0.9508691,1
non-tumour/TCGA-G4-6315-01Z-00-DX1_20992_35840.jpg,TCGA-G4-6315,TCGA-G4-6315-01Z-00-DX1,0,0.48319277,0
non-tumour/TCGA-G4-6315-01Z-00-DX1_20992_36352.jpg,TCGA-G4-6315,TCGA-G4-6315-01Z-00-DX1,0,0.9997279,1
non-tumour/TCGA-G4-6315-01Z-00-DX1_20992_4608.jpg,TCGA-G4-6315,TCGA-G4-6315-01Z-00-DX1,0,0.9759921,1
non-tumour/TCGA-G4-6315-01Z-00-DX1_20992_5120.jpg,TCGA-G4-6315,TCGA-G4-6315-01Z-00-DX1,0,0.94737685,1
non-tumour/TCGA-G4-6315-01Z-00-DX1_20992_5632.jpg,TCGA-G4-6315,TCGA-G4-6315-01Z-00-DX1,0,0.004982374,0
non-tumour/TCGA-G4-6315-01Z-00-DX1_20992_6656.jpg,TCGA-G4-6315,TCGA-G4-6315-01Z-00-DX1,0,0.07234516,0
non-tumour/TCGA-G4-6315-01Z-00-DX1_20992_7168.jpg,TCGA-G4-6315,TCGA-G4-6315-01Z-00-DX1,0,0.336521,0
non-tumour/TCGA-G4-6315-01Z-00-DX1_20992_8704.jpg,TCGA-G4-6315,TCGA-G4-6315-01Z-00-DX1,0,0.03683122,0
non-tumour/TCGA-G4-6315-01Z-00-DX1_20992_9216.jpg,TCGA-G4-6315,TCGA-G4-6315-01Z-00-DX1,0,0.18953282,0
non-tumour/TCGA-G4-6315-01Z-00-DX1_20992_9728.jpg,TCGA-G4-6315,TCGA-G4-6315-01Z-00-DX1,0,0.0016438531,0
non-tumour/TCGA-G4-6315-01Z-00-DX1_21504_11264.jpg,TCGA-G4-6315,TCGA-G4-6315-01Z-00-DX1,0,0.26404044,0
non-tumour/TCGA-G4-6315-01Z-00-DX1_21504_12288.jpg,TCGA-G4-6315,TCGA-G4-6315-01Z-00-DX1,0,0.037815925,0
non-tumour/TCGA-G4-6315-01Z-00-DX1_21504_13312.jpg,TCGA-G4-6315,TCGA-G4-6315-01Z-00-DX1,0,0.044895787,0
non-tumour/TCGA-G4-6315-01Z-00-DX1_21504_33280.jpg,TCGA-G4-6315,TCGA-G4-6315-01Z-00-DX1,0,0.09435628,0
non-tumour/TCGA-G4-6315-01Z-00-DX1_21504_34816.jpg,TCGA-G4-6315,TCGA-G4-6315-01Z-00-DX1,0,0.7613455,1
non-tumour/TCGA-G4-6315-01Z-00-DX1_21504_35328.jpg,TCGA-G4-6315,TCGA-G4-6315-01Z-00-DX1,0,0.7660946,1
non-tumour/TCGA-G4-6315-01Z-00-DX1_21504_5120.jpg,TCGA-G4-6315,TCGA-G4-6315-01Z-00-DX1,0,0.48768878,0
non-tumour/TCGA-G4-6315-01Z-00-DX1_21504_5632.jpg,TCGA-G4-6315,TCGA-G4-6315-01Z-00-DX1,0,0.06042616,0
non-tumour/TCGA-G4-6315-01Z-00-DX1_21504_6144.jpg,TCGA-G4-6315,TCGA-G4-6315-01Z-00-DX1,0,0.07526062,0
non-tumour/TCGA-G4-6315-01Z-00-DX1_21504_9216.jpg,TCGA-G4-6315,TCGA-G4-6315-01Z-00-DX1,0,0.017667884,0
non-tumour/TCGA-G4-6315-01Z-00-DX1_22016_10240.jpg,TCGA-G4-6315,TCGA-G4-6315-01Z-00-DX1,0,0.11055262,0
non-tumour/TCGA-G4-6315-01Z-00-DX1_22016_10752.jpg,TCGA-G4-6315,TCGA-G4-6315-01Z-00-DX1,0,0.17152919,0
non-tumour/TCGA-G4-6315-01Z-00-DX1_22016_11264.jpg,TCGA-G4-6315,TCGA-G4-6315-01Z-00-DX1,0,0.1250664,0
non-tumour/TCGA-G4-6315-01Z-00-DX1_22016_33792.jpg,TCGA-G4-6315,TCGA-G4-6315-01Z-00-DX1,0,0.0067973547,0
non-tumour/TCGA-G4-6315-01Z-00-DX1_22016_34304.jpg,TCGA-G4-6315,TCGA-G4-6315-01Z-00-DX1,0,0.72660637,1
non-tumour/TCGA-G4-6315-01Z-00-DX1_22016_35328.jpg,TCGA-G4-6315,TCGA-G4-6315-01Z-00-DX1,0,0.8620182,1
non-tumour/TCGA-G4-6315-01Z-00-DX1_22016_35840.jpg,TCGA-G4-6315,TCGA-G4-6315-01Z-00-DX1,0,0.96031785,1
non-tumour/TCGA-G4-6315-01Z-00-DX1_22016_4608.jpg,TCGA-G4-6315,TCGA-G4-6315-01Z-00-DX1,0,0.20328508,0
non-tumour/TCGA-G4-6315-01Z-00-DX1_22016_5120.jpg,TCGA-G4-6315,TCGA-G4-6315-01Z-00-DX1,0,0.20615341,0
non-tumour/TCGA-G4-6315-01Z-00-DX1_22016_5632.jpg,TCGA-G4-6315,TCGA-G4-6315-01Z-00-DX1,0,0.028558832,0
non-tumour/TCGA-G4-6315-01Z-00-DX1_22016_6656.jpg,TCGA-G4-6315,TCGA-G4-6315-01Z-00-DX1,0,0.009904908,0
non-tumour/TCGA-G4-6315-01Z-00-DX1_22016_7168.jpg,TCGA-G4-6315,TCGA-G4-6315-01Z-00-DX1,0,0.00989826,0
non-tumour/TCGA-G4-6315-01Z-00-DX1_22016_9728.jpg,TCGA-G4-6315,TCGA-G4-6315-01Z-00-DX1,0,0.0041741254,0
non-tumour/TCGA-G4-6315-01Z-00-DX1_22528_10240.jpg,TCGA-G4-6315,TCGA-G4-6315-01Z-00-DX1,0,0.07764362,0
non-tumour/TCGA-G4-6315-01Z-00-DX1_22528_10752.jpg,TCGA-G4-6315,TCGA-G4-6315-01Z-00-DX1,0,0.4153438,0
non-tumour/TCGA-G4-6315-01Z-00-DX1_22528_33280.jpg,TCGA-G4-6315,TCGA-G4-6315-01Z-00-DX1,0,0.0057314616,0
non-tumour/TCGA-G4-6315-01Z-00-DX1_22528_33792.jpg,TCGA-G4-6315,TCGA-G4-6315-01Z-00-DX1,0,0.022041317,0
non-tumour/TCGA-G4-6315-01Z-00-DX1_22528_34304.jpg,TCGA-G4-6315,TCGA-G4-6315-01Z-00-DX1,0,0.009227325,0
non-tumour/TCGA-G4-6315-01Z-00-DX1_22528_35328.jpg,TCGA-G4-6315,TCGA-G4-6315-01Z-00-DX1,0,0.8873856,1
non-tumour/TCGA-G4-6315-01Z-00-DX1_22528_5120.jpg,TCGA-G4-6315,TCGA-G4-6315-01Z-00-DX1,0,0.107610084,0
non-tumour/TCGA-G4-6315-01Z-00-DX1_22528_5632.jpg,TCGA-G4-6315,TCGA-G4-6315-01Z-00-DX1,0,0.02960876,0
non-tumour/TCGA-G4-6315-01Z-00-DX1_22528_7168.jpg,TCGA-G4-6315,TCGA-G4-6315-01Z-00-DX1,0,0.5639127,1
non-tumour/TCGA-G4-6315-01Z-00-DX1_22528_9216.jpg,TCGA-G4-6315,TCGA-G4-6315-01Z-00-DX1,0,0.19636549,0
non-tumour/TCGA-G4-6315-01Z-00-DX1_23040_33280.jpg,TCGA-G4-6315,TCGA-G4-6315-01Z-00-DX1,0,0.17927977,0
non-tumour/TCGA-G4-6315-01Z-00-DX1_23040_33792.jpg,TCGA-G4-6315,TCGA-G4-6315-01Z-00-DX1,0,0.005063005,0
non-tumour/TCGA-G4-6315-01Z-00-DX1_23040_34304.jpg,TCGA-G4-6315,TCGA-G4-6315-01Z-00-DX1,0,0.057340734,0
non-tumour/TCGA-G4-6315-01Z-00-DX1_23040_4608.jpg,TCGA-G4-6315,TCGA-G4-6315-01Z-00-DX1,0,0.0110674985,0
non-tumour/TCGA-G4-6315-01Z-00-DX1_23040_5120.jpg,TCGA-G4-6315,TCGA-G4-6315-01Z-00-DX1,0,0.011725555,0
non-tumour/TCGA-G4-6315-01Z-00-DX1_23040_6656.jpg,TCGA-G4-6315,TCGA-G4-6315-01Z-00-DX1,0,0.007431503,0
non-tumour/TCGA-G4-6315-01Z-00-DX1_23040_7168.jpg,TCGA-G4-6315,TCGA-G4-6315-01Z-00-DX1,0,0.025328627,0
non-tumour/TCGA-G4-6315-01Z-00-DX1_23040_7680.jpg,TCGA-G4-6315,TCGA-G4-6315-01Z-00-DX1,0,0.10617914,0
non-tumour/TCGA-G4-6315-01Z-00-DX1_23552_3072.jpg,TCGA-G4-6315,TCGA-G4-6315-01Z-00-DX1,0,0.01831598,0
non-tumour/TCGA-G4-6315-01Z-00-DX1_23552_32768.jpg,TCGA-G4-6315,TCGA-G4-6315-01Z-00-DX1,0,0.25725177,0
non-tumour/TCGA-G4-6315-01Z-00-DX1_23552_34304.jpg,TCGA-G4-6315,TCGA-G4-6315-01Z-00-DX1,0,0.6754759,1
non-tumour/TCGA-G4-6315-01Z-00-DX1_23552_34816.jpg,TCGA-G4-6315,TCGA-G4-6315-01Z-00-DX1,0,0.3414496,0
non-tumour/TCGA-G4-6315-01Z-00-DX1_23552_35328.jpg,TCGA-G4-6315,TCGA-G4-6315-01Z-00-DX1,0,0.23647542,0
non-tumour/TCGA-G4-6315-01Z-00-DX1_23552_4096.jpg,TCGA-G4-6315,TCGA-G4-6315-01Z-00-DX1,0,0.014879933,0
non-tumour/TCGA-G4-6315-01Z-00-DX1_23552_5632.jpg,TCGA-G4-6315,TCGA-G4-6315-01Z-00-DX1,0,0.010926259,0
non-tumour/TCGA-G4-6315-01Z-00-DX1_23552_7168.jpg,TCGA-G4-6315,TCGA-G4-6315-01Z-00-DX1,0,0.027652137,0
non-tumour/TCGA-G4-6315-01Z-00-DX1_23552_8704.jpg,TCGA-G4-6315,TCGA-G4-6315-01Z-00-DX1,0,0.63718367,1
non-tumour/TCGA-G4-6315-01Z-00-DX1_24064_3072.jpg,TCGA-G4-6315,TCGA-G4-6315-01Z-00-DX1,0,0.0110024465,0
non-tumour/TCGA-G4-6315-01Z-00-DX1_24064_32768.jpg,TCGA-G4-6315,TCGA-G4-6315-01Z-00-DX1,0,0.03274803,0
non-tumour/TCGA-G4-6315-01Z-00-DX1_24064_35328.jpg,TCGA-G4-6315,TCGA-G4-6315-01Z-00-DX1,0,0.62910753,1
non-tumour/TCGA-G4-6315-01Z-00-DX1_24064_4096.jpg,TCGA-G4-6315,TCGA-G4-6315-01Z-00-DX1,0,0.03361439,0
non-tumour/TCGA-G4-6315-01Z-00-DX1_24064_6144.jpg,TCGA-G4-6315,TCGA-G4-6315-01Z-00-DX1,0,0.0011196854,0
non-tumour/TCGA-G4-6315-01Z-00-DX1_24064_6656.jpg,TCGA-G4-6315,TCGA-G4-6315-01Z-00-DX1,0,0.016547007,0
non-tumour/TCGA-G4-6315-01Z-00-DX1_24064_7168.jpg,TCGA-G4-6315,TCGA-G4-6315-01Z-00-DX1,0,0.28970647,0
non-tumour/TCGA-G4-6315-01Z-00-DX1_24064_8704.jpg,TCGA-G4-6315,TCGA-G4-6315-01Z-00-DX1,0,0.21711014,0
non-tumour/TCGA-G4-6315-01Z-00-DX1_24576_32768.jpg,TCGA-G4-6315,TCGA-G4-6315-01Z-00-DX1,0,0.32009193,0
non-tumour/TCGA-G4-6315-01Z-00-DX1_24576_33280.jpg,TCGA-G4-6315,TCGA-G4-6315-01Z-00-DX1,0,0.008171647,0
non-tumour/TCGA-G4-6315-01Z-00-DX1_24576_33792.jpg,TCGA-G4-6315,TCGA-G4-6315-01Z-00-DX1,0,0.005530235,0
non-tumour/TCGA-G4-6315-01Z-00-DX1_24576_34816.jpg,TCGA-G4-6315,TCGA-G4-6315-01Z-00-DX1,0,0.15118344,0
non-tumour/TCGA-G4-6315-01Z-00-DX1_24576_4608.jpg,TCGA-G4-6315,TCGA-G4-6315-01Z-00-DX1,0,0.031832002,0
non-tumour/TCGA-G4-6315-01Z-00-DX1_24576_5632.jpg,TCGA-G4-6315,TCGA-G4-6315-01Z-00-DX1,0,0.15985985,0
non-tumour/TCGA-G4-6315-01Z-00-DX1_24576_6144.jpg,TCGA-G4-6315,TCGA-G4-6315-01Z-00-DX1,0,0.019015314,0
non-tumour/TCGA-G4-6315-01Z-00-DX1_24576_6656.jpg,TCGA-G4-6315,TCGA-G4-6315-01Z-00-DX1,0,0.40703702,0
non-tumour/TCGA-G4-6315-01Z-00-DX1_24576_7168.jpg,TCGA-G4-6315,TCGA-G4-6315-01Z-00-DX1,0,0.01251548,0
non-tumour/TCGA-G4-6315-01Z-00-DX1_25088_3072.jpg,TCGA-G4-6315,TCGA-G4-6315-01Z-00-DX1,0,0.0018794433,0
non-tumour/TCGA-G4-6315-01Z-00-DX1_25088_33792.jpg,TCGA-G4-6315,TCGA-G4-6315-01Z-00-DX1,0,0.0033979556,0
non-tumour/TCGA-G4-6315-01Z-00-DX1_25088_34304.jpg,TCGA-G4-6315,TCGA-G4-6315-01Z-00-DX1,0,0.03195556,0
non-tumour/TCGA-G4-6315-01Z-00-DX1_25088_34816.jpg,TCGA-G4-6315,TCGA-G4-6315-01Z-00-DX1,0,0.8298621,1
non-tumour/TCGA-G4-6315-01Z-00-DX1_25088_3584.jpg,TCGA-G4-6315,TCGA-G4-6315-01Z-00-DX1,0,0.9780124,1
non-tumour/TCGA-G4-6315-01Z-00-DX1_25088_5120.jpg,TCGA-G4-6315,TCGA-G4-6315-01Z-00-DX1,0,0.6639996,1
non-tumour/TCGA-G4-6315-01Z-00-DX1_25600_32256.jpg,TCGA-G4-6315,TCGA-G4-6315-01Z-00-DX1,0,0.3435694,0
non-tumour/TCGA-G4-6315-01Z-00-DX1_25600_33792.jpg,TCGA-G4-6315,TCGA-G4-6315-01Z-00-DX1,0,0.007487176,0
non-tumour/TCGA-G4-6315-01Z-00-DX1_25600_34304.jpg,TCGA-G4-6315,TCGA-G4-6315-01Z-00-DX1,0,0.65160495,1
non-tumour/TCGA-G4-6315-01Z-00-DX1_25600_34816.jpg,TCGA-G4-6315,TCGA-G4-6315-01Z-00-DX1,0,0.5847505,1
non-tumour/TCGA-G4-6315-01Z-00-DX1_25600_4096.jpg,TCGA-G4-6315,TCGA-G4-6315-01Z-00-DX1,0,0.078645214,0
non-tumour/TCGA-G4-6315-01Z-00-DX1_25600_4608.jpg,TCGA-G4-6315,TCGA-G4-6315-01Z-00-DX1,0,0.8237946,1
non-tumour/TCGA-G4-6315-01Z-00-DX1_26112_32768.jpg,TCGA-G4-6315,TCGA-G4-6315-01Z-00-DX1,0,0.0025207277,0
non-tumour/TCGA-G4-6315-01Z-00-DX1_26112_3584.jpg,TCGA-G4-6315,TCGA-G4-6315-01Z-00-DX1,0,0.27637783,0
non-tumour/TCGA-G4-6315-01Z-00-DX1_26112_4096.jpg,TCGA-G4-6315,TCGA-G4-6315-01Z-00-DX1,0,0.43111873,0
non-tumour/TCGA-G4-6315-01Z-00-DX1_26112_4608.jpg,TCGA-G4-6315,TCGA-G4-6315-01Z-00-DX1,0,0.103522755,0
non-tumour/TCGA-G4-6315-01Z-00-DX1_26112_5120.jpg,TCGA-G4-6315,TCGA-G4-6315-01Z-00-DX1,0,0.68438977,1
non-tumour/TCGA-G4-6315-01Z-00-DX1_26624_32768.jpg,TCGA-G4-6315,TCGA-G4-6315-01Z-00-DX1,0,0.05799962,0
non-tumour/TCGA-G4-6315-01Z-00-DX1_26624_33792.jpg,TCGA-G4-6315,TCGA-G4-6315-01Z-00-DX1,0,0.00056105986,0
non-tumour/TCGA-G4-6315-01Z-00-DX1_27136_32256.jpg,TCGA-G4-6315,TCGA-G4-6315-01Z-00-DX1,0,0.06753809,0
non-tumour/TCGA-G4-6315-01Z-00-DX1_27136_32768.jpg,TCGA-G4-6315,TCGA-G4-6315-01Z-00-DX1,0,0.0013404462,0
non-tumour/TCGA-G4-6315-01Z-00-DX1_27136_34304.jpg,TCGA-G4-6315,TCGA-G4-6315-01Z-00-DX1,0,0.4284961,0
non-tumour/TCGA-G4-6315-01Z-00-DX1_27648_32256.jpg,TCGA-G4-6315,TCGA-G4-6315-01Z-00-DX1,0,0.00917133,0
non-tumour/TCGA-G4-6315-01Z-00-DX1_27648_33792.jpg,TCGA-G4-6315,TCGA-G4-6315-01Z-00-DX1,0,4.711358e-06,0
non-tumour/TCGA-G4-6315-01Z-00-DX1_28160_33792.jpg,TCGA-G4-6315,TCGA-G4-6315-01Z-00-DX1,0,0.00019458127,0
non-tumour/TCGA-G4-6315-01Z-00-DX1_28672_33792.jpg,TCGA-G4-6315,TCGA-G4-6315-01Z-00-DX1,0,0.056415077,0
non-tumour/TCGA-G4-6315-01Z-00-DX1_29184_32256.jpg,TCGA-G4-6315,TCGA-G4-6315-01Z-00-DX1,0,0.27194476,0
non-tumour/TCGA-G4-6315-01Z-00-DX1_29184_32768.jpg,TCGA-G4-6315,TCGA-G4-6315-01Z-00-DX1,0,0.042542852,0
non-tumour/TCGA-G4-6315-01Z-00-DX1_29184_33280.jpg,TCGA-G4-6315,TCGA-G4-6315-01Z-00-DX1,0,0.026416076,0
non-tumour/TCGA-G4-6315-01Z-00-DX1_29696_32256.jpg,TCGA-G4-6315,TCGA-G4-6315-01Z-00-DX1,0,0.0047190855,0
non-tumour/TCGA-G4-6315-01Z-00-DX1_29696_32768.jpg,TCGA-G4-6315,TCGA-G4-6315-01Z-00-DX1,0,0.029905124,0
non-tumour/TCGA-G4-6315-01Z-00-DX1_29696_33280.jpg,TCGA-G4-6315,TCGA-G4-6315-01Z-00-DX1,0,0.016523046,0
non-tumour/TCGA-G4-6315-01Z-00-DX1_29696_33792.jpg,TCGA-G4-6315,TCGA-G4-6315-01Z-00-DX1,0,0.5917012,1
non-tumour/TCGA-G4-6315-01Z-00-DX1_30208_32256.jpg,TCGA-G4-6315,TCGA-G4-6315-01Z-00-DX1,0,0.019097501,0
non-tumour/TCGA-G4-6315-01Z-00-DX1_30208_32768.jpg,TCGA-G4-6315,TCGA-G4-6315-01Z-00-DX1,0,0.00023283843,0
non-tumour/TCGA-G4-6315-01Z-00-DX1_30208_33280.jpg,TCGA-G4-6315,TCGA-G4-6315-01Z-00-DX1,0,0.002167199,0
non-tumour/TCGA-G4-6315-01Z-00-DX1_30208_33792.jpg,TCGA-G4-6315,TCGA-G4-6315-01Z-00-DX1,0,0.9536162,1
non-tumour/TCGA-G4-6315-01Z-00-DX1_30720_32256.jpg,TCGA-G4-6315,TCGA-G4-6315-01Z-00-DX1,0,0.00041331846,0
non-tumour/TCGA-G4-6315-01Z-00-DX1_30720_32768.jpg,TCGA-G4-6315,TCGA-G4-6315-01Z-00-DX1,0,0.0011967507,0
non-tumour/TCGA-G4-6315-01Z-00-DX1_31744_31744.jpg,TCGA-G4-6315,TCGA-G4-6315-01Z-00-DX1,0,0.003595575,0
non-tumour/TCGA-G4-6315-01Z-00-DX1_31744_32256.jpg,TCGA-G4-6315,TCGA-G4-6315-01Z-00-DX1,0,0.0041908575,0
non-tumour/TCGA-G4-6315-01Z-00-DX1_31744_32768.jpg,TCGA-G4-6315,TCGA-G4-6315-01Z-00-DX1,0,0.06843171,0
non-tumour/TCGA-G4-6315-01Z-00-DX1_31744_33280.jpg,TCGA-G4-6315,TCGA-G4-6315-01Z-00-DX1,0,0.9944231,1
non-tumour/TCGA-G4-6315-01Z-00-DX1_32256_32256.jpg,TCGA-G4-6315,TCGA-G4-6315-01Z-00-DX1,0,0.30492607,0
non-tumour/TCGA-G4-6315-01Z-00-DX1_32256_32768.jpg,TCGA-G4-6315,TCGA-G4-6315-01Z-00-DX1,0,0.09514975,0
non-tumour/TCGA-G4-6315-01Z-00-DX1_3584_28672.jpg,TCGA-G4-6315,TCGA-G4-6315-01Z-00-DX1,0,5.0998683e-06,0
non-tumour/TCGA-G4-6315-01Z-00-DX1_3584_29696.jpg,TCGA-G4-6315,TCGA-G4-6315-01Z-00-DX1,0,0.06709915,0
non-tumour/TCGA-G4-6315-01Z-00-DX1_4096_25088.jpg,TCGA-G4-6315,TCGA-G4-6315-01Z-00-DX1,0,0.03138434,0
non-tumour/TCGA-G4-6315-01Z-00-DX1_4096_27136.jpg,TCGA-G4-6315,TCGA-G4-6315-01Z-00-DX1,0,5.9564496e-09,0
non-tumour/TCGA-G4-6315-01Z-00-DX1_4096_28672.jpg,TCGA-G4-6315,TCGA-G4-6315-01Z-00-DX1,0,7.527147e-07,0
non-tumour/TCGA-G4-6315-01Z-00-DX1_4096_29184.jpg,TCGA-G4-6315,TCGA-G4-6315-01Z-00-DX1,0,9.0121824e-07,0
non-tumour/TCGA-G4-6315-01Z-00-DX1_4096_30208.jpg,TCGA-G4-6315,TCGA-G4-6315-01Z-00-DX1,0,0.03477958,0
non-tumour/TCGA-G4-6315-01Z-00-DX1_4096_30720.jpg,TCGA-G4-6315,TCGA-G4-6315-01Z-00-DX1,0,0.017032364,0
non-tumour/TCGA-G4-6315-01Z-00-DX1_4096_32256.jpg,TCGA-G4-6315,TCGA-G4-6315-01Z-00-DX1,0,0.0057414477,0
non-tumour/TCGA-G4-6315-01Z-00-DX1_4096_5120.jpg,TCGA-G4-6315,TCGA-G4-6315-01Z-00-DX1,0,0.013338155,0
non-tumour/TCGA-G4-6315-01Z-00-DX1_4096_7680.jpg,TCGA-G4-6315,TCGA-G4-6315-01Z-00-DX1,0,8.4485225e-07,0
non-tumour/TCGA-G4-6315-01Z-00-DX1_4608_25088.jpg,TCGA-G4-6315,TCGA-G4-6315-01Z-00-DX1,0,1.2619906e-06,0
non-tumour/TCGA-G4-6315-01Z-00-DX1_4608_25600.jpg,TCGA-G4-6315,TCGA-G4-6315-01Z-00-DX1,0,1.2700431e-05,0
non-tumour/TCGA-G4-6315-01Z-00-DX1_4608_26112.jpg,TCGA-G4-6315,TCGA-G4-6315-01Z-00-DX1,0,0.004050629,0
non-tumour/TCGA-G4-6315-01Z-00-DX1_4608_27136.jpg,TCGA-G4-6315,TCGA-G4-6315-01Z-00-DX1,0,2.5245704e-08,0
non-tumour/TCGA-G4-6315-01Z-00-DX1_4608_27648.jpg,TCGA-G4-6315,TCGA-G4-6315-01Z-00-DX1,0,1.0074258e-08,0
non-tumour/TCGA-G4-6315-01Z-00-DX1_4608_28672.jpg,TCGA-G4-6315,TCGA-G4-6315-01Z-00-DX1,0,3.753808e-08,0
non-tumour/TCGA-G4-6315-01Z-00-DX1_4608_30208.jpg,TCGA-G4-6315,TCGA-G4-6315-01Z-00-DX1,0,1.8540142e-08,0
non-tumour/TCGA-G4-6315-01Z-00-DX1_4608_32256.jpg,TCGA-G4-6315,TCGA-G4-6315-01Z-00-DX1,0,2.2009633e-06,0
non-tumour/TCGA-G4-6315-01Z-00-DX1_4608_33792.jpg,TCGA-G4-6315,TCGA-G4-6315-01Z-00-DX1,0,6.537916e-08,0
non-tumour/TCGA-G4-6315-01Z-00-DX1_4608_34816.jpg,TCGA-G4-6315,TCGA-G4-6315-01Z-00-DX1,0,0.95131695,1
non-tumour/TCGA-G4-6315-01Z-00-DX1_4608_4608.jpg,TCGA-G4-6315,TCGA-G4-6315-01Z-00-DX1,0,0.0041384464,0
non-tumour/TCGA-G4-6315-01Z-00-DX1_4608_5120.jpg,TCGA-G4-6315,TCGA-G4-6315-01Z-00-DX1,0,0.9312958,1
non-tumour/TCGA-G4-6315-01Z-00-DX1_4608_6144.jpg,TCGA-G4-6315,TCGA-G4-6315-01Z-00-DX1,0,4.6937344e-05,0
non-tumour/TCGA-G4-6315-01Z-00-DX1_4608_6656.jpg,TCGA-G4-6315,TCGA-G4-6315-01Z-00-DX1,0,6.419317e-08,0
non-tumour/TCGA-G4-6315-01Z-00-DX1_4608_7168.jpg,TCGA-G4-6315,TCGA-G4-6315-01Z-00-DX1,0,4.1157946e-07,0
non-tumour/TCGA-G4-6315-01Z-00-DX1_4608_7680.jpg,TCGA-G4-6315,TCGA-G4-6315-01Z-00-DX1,0,0.031024765,0
non-tumour/TCGA-G4-6315-01Z-00-DX1_4608_8192.jpg,TCGA-G4-6315,TCGA-G4-6315-01Z-00-DX1,0,7.3918166e-08,0
non-tumour/TCGA-G4-6315-01Z-00-DX1_5120_10240.jpg,TCGA-G4-6315,TCGA-G4-6315-01Z-00-DX1,0,5.965604e-07,0
non-tumour/TCGA-G4-6315-01Z-00-DX1_5120_22016.jpg,TCGA-G4-6315,TCGA-G4-6315-01Z-00-DX1,0,0.012674983,0
non-tumour/TCGA-G4-6315-01Z-00-DX1_5120_22528.jpg,TCGA-G4-6315,TCGA-G4-6315-01Z-00-DX1,0,0.006346128,0
non-tumour/TCGA-G4-6315-01Z-00-DX1_5120_23040.jpg,TCGA-G4-6315,TCGA-G4-6315-01Z-00-DX1,0,0.0033626647,0
non-tumour/TCGA-G4-6315-01Z-00-DX1_5120_23552.jpg,TCGA-G4-6315,TCGA-G4-6315-01Z-00-DX1,0,0.04959752,0
non-tumour/TCGA-G4-6315-01Z-00-DX1_5120_24064.jpg,TCGA-G4-6315,TCGA-G4-6315-01Z-00-DX1,0,0.0006852771,0
non-tumour/TCGA-G4-6315-01Z-00-DX1_5120_25088.jpg,TCGA-G4-6315,TCGA-G4-6315-01Z-00-DX1,0,0.00014143508,0
non-tumour/TCGA-G4-6315-01Z-00-DX1_5120_27648.jpg,TCGA-G4-6315,TCGA-G4-6315-01Z-00-DX1,0,9.8603e-08,0
non-tumour/TCGA-G4-6315-01Z-00-DX1_5120_29184.jpg,TCGA-G4-6315,TCGA-G4-6315-01Z-00-DX1,0,1.3106981e-05,0
non-tumour/TCGA-G4-6315-01Z-00-DX1_5120_30720.jpg,TCGA-G4-6315,TCGA-G4-6315-01Z-00-DX1,0,7.58523e-06,0
non-tumour/TCGA-G4-6315-01Z-00-DX1_5120_31744.jpg,TCGA-G4-6315,TCGA-G4-6315-01Z-00-DX1,0,8.021289e-09,0
non-tumour/TCGA-G4-6315-01Z-00-DX1_5120_32768.jpg,TCGA-G4-6315,TCGA-G4-6315-01Z-00-DX1,0,4.3942836e-07,0
non-tumour/TCGA-G4-6315-01Z-00-DX1_5120_34816.jpg,TCGA-G4-6315,TCGA-G4-6315-01Z-00-DX1,0,0.07169448,0
non-tumour/TCGA-G4-6315-01Z-00-DX1_5120_35328.jpg,TCGA-G4-6315,TCGA-G4-6315-01Z-00-DX1,0,0.012883611,0
non-tumour/TCGA-G4-6315-01Z-00-DX1_5120_35840.jpg,TCGA-G4-6315,TCGA-G4-6315-01Z-00-DX1,0,0.7328775,1
non-tumour/TCGA-G4-6315-01Z-00-DX1_5120_4608.jpg,TCGA-G4-6315,TCGA-G4-6315-01Z-00-DX1,0,0.09310381,0
non-tumour/TCGA-G4-6315-01Z-00-DX1_5120_5120.jpg,TCGA-G4-6315,TCGA-G4-6315-01Z-00-DX1,0,0.006120582,0
non-tumour/TCGA-G4-6315-01Z-00-DX1_5120_5632.jpg,TCGA-G4-6315,TCGA-G4-6315-01Z-00-DX1,0,0.016194375,0
non-tumour/TCGA-G4-6315-01Z-00-DX1_5120_7680.jpg,TCGA-G4-6315,TCGA-G4-6315-01Z-00-DX1,0,2.2389734e-06,0
non-tumour/TCGA-G4-6315-01Z-00-DX1_5120_8192.jpg,TCGA-G4-6315,TCGA-G4-6315-01Z-00-DX1,0,5.0949584e-06,0
non-tumour/TCGA-G4-6315-01Z-00-DX1_5120_8704.jpg,TCGA-G4-6315,TCGA-G4-6315-01Z-00-DX1,0,0.029154973,0
non-tumour/TCGA-G4-6315-01Z-00-DX1_5632_10752.jpg,TCGA-G4-6315,TCGA-G4-6315-01Z-00-DX1,0,0.00014140636,0
non-tumour/TCGA-G4-6315-01Z-00-DX1_5632_11264.jpg,TCGA-G4-6315,TCGA-G4-6315-01Z-00-DX1,0,0.0011224498,0
non-tumour/TCGA-G4-6315-01Z-00-DX1_5632_11776.jpg,TCGA-G4-6315,TCGA-G4-6315-01Z-00-DX1,0,8.624553e-08,0
non-tumour/TCGA-G4-6315-01Z-00-DX1_5632_22528.jpg,TCGA-G4-6315,TCGA-G4-6315-01Z-00-DX1,0,0.027409991,0
non-tumour/TCGA-G4-6315-01Z-00-DX1_5632_23552.jpg,TCGA-G4-6315,TCGA-G4-6315-01Z-00-DX1,0,0.08948392,0
non-tumour/TCGA-G4-6315-01Z-00-DX1_5632_25088.jpg,TCGA-G4-6315,TCGA-G4-6315-01Z-00-DX1,0,0.0005238246,0
non-tumour/TCGA-G4-6315-01Z-00-DX1_5632_26112.jpg,TCGA-G4-6315,TCGA-G4-6315-01Z-00-DX1,0,4.5063913e-08,0
non-tumour/TCGA-G4-6315-01Z-00-DX1_5632_26624.jpg,TCGA-G4-6315,TCGA-G4-6315-01Z-00-DX1,0,1.7008289e-09,0
non-tumour/TCGA-G4-6315-01Z-00-DX1_5632_27136.jpg,TCGA-G4-6315,TCGA-G4-6315-01Z-00-DX1,0,6.231061e-07,0
non-tumour/TCGA-G4-6315-01Z-00-DX1_5632_27648.jpg,TCGA-G4-6315,TCGA-G4-6315-01Z-00-DX1,0,0.037620366,0
non-tumour/TCGA-G4-6315-01Z-00-DX1_5632_28160.jpg,TCGA-G4-6315,TCGA-G4-6315-01Z-00-DX1,0,3.0920157e-05,0
non-tumour/TCGA-G4-6315-01Z-00-DX1_5632_30208.jpg,TCGA-G4-6315,TCGA-G4-6315-01Z-00-DX1,0,0.060486685,0
non-tumour/TCGA-G4-6315-01Z-00-DX1_5632_30720.jpg,TCGA-G4-6315,TCGA-G4-6315-01Z-00-DX1,0,0.015171129,0
non-tumour/TCGA-G4-6315-01Z-00-DX1_5632_31232.jpg,TCGA-G4-6315,TCGA-G4-6315-01Z-00-DX1,0,0.31427166,0
non-tumour/TCGA-G4-6315-01Z-00-DX1_5632_34816.jpg,TCGA-G4-6315,TCGA-G4-6315-01Z-00-DX1,0,0.036170635,0
non-tumour/TCGA-G4-6315-01Z-00-DX1_5632_35840.jpg,TCGA-G4-6315,TCGA-G4-6315-01Z-00-DX1,0,0.04527147,0
non-tumour/TCGA-G4-6315-01Z-00-DX1_5632_36352.jpg,TCGA-G4-6315,TCGA-G4-6315-01Z-00-DX1,0,0.66991717,1
non-tumour/TCGA-G4-6315-01Z-00-DX1_5632_5120.jpg,TCGA-G4-6315,TCGA-G4-6315-01Z-00-DX1,0,0.9681829,1
non-tumour/TCGA-G4-6315-01Z-00-DX1_5632_6656.jpg,TCGA-G4-6315,TCGA-G4-6315-01Z-00-DX1,0,0.00067691447,0
non-tumour/TCGA-G4-6315-01Z-00-DX1_5632_7168.jpg,TCGA-G4-6315,TCGA-G4-6315-01Z-00-DX1,0,0.019367967,0
non-tumour/TCGA-G4-6315-01Z-00-DX1_6144_10240.jpg,TCGA-G4-6315,TCGA-G4-6315-01Z-00-DX1,0,4.1124522e-07,0
non-tumour/TCGA-G4-6315-01Z-00-DX1_6144_11776.jpg,TCGA-G4-6315,TCGA-G4-6315-01Z-00-DX1,0,2.4582947e-05,0
non-tumour/TCGA-G4-6315-01Z-00-DX1_6144_12288.jpg,TCGA-G4-6315,TCGA-G4-6315-01Z-00-DX1,0,6.560982e-05,0
non-tumour/TCGA-G4-6315-01Z-00-DX1_6144_13824.jpg,TCGA-G4-6315,TCGA-G4-6315-01Z-00-DX1,0,1.17265394e-07,0
non-tumour/TCGA-G4-6315-01Z-00-DX1_6144_19968.jpg,TCGA-G4-6315,TCGA-G4-6315-01Z-00-DX1,0,0.13121873,0
non-tumour/TCGA-G4-6315-01Z-00-DX1_6144_20992.jpg,TCGA-G4-6315,TCGA-G4-6315-01Z-00-DX1,0,0.017533625,0
non-tumour/TCGA-G4-6315-01Z-00-DX1_6144_21504.jpg,TCGA-G4-6315,TCGA-G4-6315-01Z-00-DX1,0,0.10018116,0
non-tumour/TCGA-G4-6315-01Z-00-DX1_6144_22016.jpg,TCGA-G4-6315,TCGA-G4-6315-01Z-00-DX1,0,0.04330665,0
non-tumour/TCGA-G4-6315-01Z-00-DX1_6144_25088.jpg,TCGA-G4-6315,TCGA-G4-6315-01Z-00-DX1,0,1.2581069e-06,0
non-tumour/TCGA-G4-6315-01Z-00-DX1_6144_28160.jpg,TCGA-G4-6315,TCGA-G4-6315-01Z-00-DX1,0,0.005078191,0
non-tumour/TCGA-G4-6315-01Z-00-DX1_6144_29696.jpg,TCGA-G4-6315,TCGA-G4-6315-01Z-00-DX1,0,0.33899269,0
non-tumour/TCGA-G4-6315-01Z-00-DX1_6144_30208.jpg,TCGA-G4-6315,TCGA-G4-6315-01Z-00-DX1,0,0.73679614,1
non-tumour/TCGA-G4-6315-01Z-00-DX1_6144_30720.jpg,TCGA-G4-6315,TCGA-G4-6315-01Z-00-DX1,0,0.5553967,1
non-tumour/TCGA-G4-6315-01Z-00-DX1_6144_31744.jpg,TCGA-G4-6315,TCGA-G4-6315-01Z-00-DX1,0,0.10545458,0
non-tumour/TCGA-G4-6315-01Z-00-DX1_6144_32768.jpg,TCGA-G4-6315,TCGA-G4-6315-01Z-00-DX1,0,0.026928555,0
non-tumour/TCGA-G4-6315-01Z-00-DX1_6144_33280.jpg,TCGA-G4-6315,TCGA-G4-6315-01Z-00-DX1,0,0.8494896,1
non-tumour/TCGA-G4-6315-01Z-00-DX1_6144_3584.jpg,TCGA-G4-6315,TCGA-G4-6315-01Z-00-DX1,0,2.747887e-05,0
non-tumour/TCGA-G4-6315-01Z-00-DX1_6144_4608.jpg,TCGA-G4-6315,TCGA-G4-6315-01Z-00-DX1,0,0.005007375,0
non-tumour/TCGA-G4-6315-01Z-00-DX1_6144_7680.jpg,TCGA-G4-6315,TCGA-G4-6315-01Z-00-DX1,0,0.110340066,0
non-tumour/TCGA-G4-6315-01Z-00-DX1_6144_8704.jpg,TCGA-G4-6315,TCGA-G4-6315-01Z-00-DX1,0,0.00020643842,0
non-tumour/TCGA-G4-6315-01Z-00-DX1_6656_10240.jpg,TCGA-G4-6315,TCGA-G4-6315-01Z-00-DX1,0,0.0070461747,0
non-tumour/TCGA-G4-6315-01Z-00-DX1_6656_11264.jpg,TCGA-G4-6315,TCGA-G4-6315-01Z-00-DX1,0,0.032013375,0
non-tumour/TCGA-G4-6315-01Z-00-DX1_6656_11776.jpg,TCGA-G4-6315,TCGA-G4-6315-01Z-00-DX1,0,1.4740701e-06,0
non-tumour/TCGA-G4-6315-01Z-00-DX1_6656_13824.jpg,TCGA-G4-6315,TCGA-G4-6315-01Z-00-DX1,0,5.817295e-08,0
non-tumour/TCGA-G4-6315-01Z-00-DX1_6656_14336.jpg,TCGA-G4-6315,TCGA-G4-6315-01Z-00-DX1,0,1.2337782e-07,0
non-tumour/TCGA-G4-6315-01Z-00-DX1_6656_14848.jpg,TCGA-G4-6315,TCGA-G4-6315-01Z-00-DX1,0,6.758111e-08,0
non-tumour/TCGA-G4-6315-01Z-00-DX1_6656_15360.jpg,TCGA-G4-6315,TCGA-G4-6315-01Z-00-DX1,0,1.0122815e-05,0
non-tumour/TCGA-G4-6315-01Z-00-DX1_6656_15872.jpg,TCGA-G4-6315,TCGA-G4-6315-01Z-00-DX1,0,0.00589707,0
non-tumour/TCGA-G4-6315-01Z-00-DX1_6656_16384.jpg,TCGA-G4-6315,TCGA-G4-6315-01Z-00-DX1,0,3.6734639e-06,0
non-tumour/TCGA-G4-6315-01Z-00-DX1_6656_16896.jpg,TCGA-G4-6315,TCGA-G4-6315-01Z-00-DX1,0,3.5881385e-07,0
non-tumour/TCGA-G4-6315-01Z-00-DX1_6656_17408.jpg,TCGA-G4-6315,TCGA-G4-6315-01Z-00-DX1,0,1.6038553e-07,0
non-tumour/TCGA-G4-6315-01Z-00-DX1_6656_20992.jpg,TCGA-G4-6315,TCGA-G4-6315-01Z-00-DX1,0,0.032594323,0
non-tumour/TCGA-G4-6315-01Z-00-DX1_6656_21504.jpg,TCGA-G4-6315,TCGA-G4-6315-01Z-00-DX1,0,0.070285365,0
non-tumour/TCGA-G4-6315-01Z-00-DX1_6656_22016.jpg,TCGA-G4-6315,TCGA-G4-6315-01Z-00-DX1,0,0.033064596,0
non-tumour/TCGA-G4-6315-01Z-00-DX1_6656_22528.jpg,TCGA-G4-6315,TCGA-G4-6315-01Z-00-DX1,0,0.0018251202,0
non-tumour/TCGA-G4-6315-01Z-00-DX1_6656_23040.jpg,TCGA-G4-6315,TCGA-G4-6315-01Z-00-DX1,0,4.267431e-06,0
non-tumour/TCGA-G4-6315-01Z-00-DX1_6656_23552.jpg,TCGA-G4-6315,TCGA-G4-6315-01Z-00-DX1,0,1.961966e-05,0
non-tumour/TCGA-G4-6315-01Z-00-DX1_6656_25088.jpg,TCGA-G4-6315,TCGA-G4-6315-01Z-00-DX1,0,7.5966526e-08,0
non-tumour/TCGA-G4-6315-01Z-00-DX1_6656_27648.jpg,TCGA-G4-6315,TCGA-G4-6315-01Z-00-DX1,0,1.5915501e-07,0
non-tumour/TCGA-G4-6315-01Z-00-DX1_6656_28160.jpg,TCGA-G4-6315,TCGA-G4-6315-01Z-00-DX1,0,1.7605593e-08,0
non-tumour/TCGA-G4-6315-01Z-00-DX1_6656_29184.jpg,TCGA-G4-6315,TCGA-G4-6315-01Z-00-DX1,0,0.14029631,0
non-tumour/TCGA-G4-6315-01Z-00-DX1_6656_29696.jpg,TCGA-G4-6315,TCGA-G4-6315-01Z-00-DX1,0,0.7037284,1
non-tumour/TCGA-G4-6315-01Z-00-DX1_6656_31744.jpg,TCGA-G4-6315,TCGA-G4-6315-01Z-00-DX1,0,0.12602665,0
non-tumour/TCGA-G4-6315-01Z-00-DX1_6656_32256.jpg,TCGA-G4-6315,TCGA-G4-6315-01Z-00-DX1,0,0.34443873,0
non-tumour/TCGA-G4-6315-01Z-00-DX1_6656_33792.jpg,TCGA-G4-6315,TCGA-G4-6315-01Z-00-DX1,0,0.044946913,0
non-tumour/TCGA-G4-6315-01Z-00-DX1_6656_34816.jpg,TCGA-G4-6315,TCGA-G4-6315-01Z-00-DX1,0,0.22340065,0
non-tumour/TCGA-G4-6315-01Z-00-DX1_6656_3584.jpg,TCGA-G4-6315,TCGA-G4-6315-01Z-00-DX1,0,0.0104438495,0
non-tumour/TCGA-G4-6315-01Z-00-DX1_6656_36352.jpg,TCGA-G4-6315,TCGA-G4-6315-01Z-00-DX1,0,0.0015180483,0
non-tumour/TCGA-G4-6315-01Z-00-DX1_6656_6144.jpg,TCGA-G4-6315,TCGA-G4-6315-01Z-00-DX1,0,1.0472498e-07,0
non-tumour/TCGA-G4-6315-01Z-00-DX1_6656_9728.jpg,TCGA-G4-6315,TCGA-G4-6315-01Z-00-DX1,0,1.8802208e-05,0
non-tumour/TCGA-G4-6315-01Z-00-DX1_7168_10240.jpg,TCGA-G4-6315,TCGA-G4-6315-01Z-00-DX1,0,0.003976396,0
non-tumour/TCGA-G4-6315-01Z-00-DX1_7168_11264.jpg,TCGA-G4-6315,TCGA-G4-6315-01Z-00-DX1,0,3.5820285e-05,0
non-tumour/TCGA-G4-6315-01Z-00-DX1_7168_11776.jpg,TCGA-G4-6315,TCGA-G4-6315-01Z-00-DX1,0,3.6749366e-09,0
non-tumour/TCGA-G4-6315-01Z-00-DX1_7168_12288.jpg,TCGA-G4-6315,TCGA-G4-6315-01Z-00-DX1,0,1.9099941e-08,0
non-tumour/TCGA-G4-6315-01Z-00-DX1_7168_13312.jpg,TCGA-G4-6315,TCGA-G4-6315-01Z-00-DX1,0,2.8419916e-07,0
non-tumour/TCGA-G4-6315-01Z-00-DX1_7168_13824.jpg,TCGA-G4-6315,TCGA-G4-6315-01Z-00-DX1,0,7.063997e-08,0
non-tumour/TCGA-G4-6315-01Z-00-DX1_7168_14848.jpg,TCGA-G4-6315,TCGA-G4-6315-01Z-00-DX1,0,4.736857e-07,0
non-tumour/TCGA-G4-6315-01Z-00-DX1_7168_15360.jpg,TCGA-G4-6315,TCGA-G4-6315-01Z-00-DX1,0,8.0664606e-08,0
non-tumour/TCGA-G4-6315-01Z-00-DX1_7168_15872.jpg,TCGA-G4-6315,TCGA-G4-6315-01Z-00-DX1,0,2.494117e-07,0
non-tumour/TCGA-G4-6315-01Z-00-DX1_7168_16384.jpg,TCGA-G4-6315,TCGA-G4-6315-01Z-00-DX1,0,3.5439348e-07,0
non-tumour/TCGA-G4-6315-01Z-00-DX1_7168_16896.jpg,TCGA-G4-6315,TCGA-G4-6315-01Z-00-DX1,0,1.4742893e-07,0
non-tumour/TCGA-G4-6315-01Z-00-DX1_7168_19456.jpg,TCGA-G4-6315,TCGA-G4-6315-01Z-00-DX1,0,1.5097564e-07,0
non-tumour/TCGA-G4-6315-01Z-00-DX1_7168_19968.jpg,TCGA-G4-6315,TCGA-G4-6315-01Z-00-DX1,0,2.0243118e-07,0
non-tumour/TCGA-G4-6315-01Z-00-DX1_7168_2048.jpg,TCGA-G4-6315,TCGA-G4-6315-01Z-00-DX1,0,0.03517482,0
non-tumour/TCGA-G4-6315-01Z-00-DX1_7168_20992.jpg,TCGA-G4-6315,TCGA-G4-6315-01Z-00-DX1,0,0.013297728,0
non-tumour/TCGA-G4-6315-01Z-00-DX1_7168_21504.jpg,TCGA-G4-6315,TCGA-G4-6315-01Z-00-DX1,0,0.00090594444,0
non-tumour/TCGA-G4-6315-01Z-00-DX1_7168_23040.jpg,TCGA-G4-6315,TCGA-G4-6315-01Z-00-DX1,0,3.8026346e-07,0
non-tumour/TCGA-G4-6315-01Z-00-DX1_7168_24064.jpg,TCGA-G4-6315,TCGA-G4-6315-01Z-00-DX1,0,1.01994324e-07,0
non-tumour/TCGA-G4-6315-01Z-00-DX1_7168_24576.jpg,TCGA-G4-6315,TCGA-G4-6315-01Z-00-DX1,0,2.8641963e-08,0
non-tumour/TCGA-G4-6315-01Z-00-DX1_7168_25088.jpg,TCGA-G4-6315,TCGA-G4-6315-01Z-00-DX1,0,2.7375012e-08,0
non-tumour/TCGA-G4-6315-01Z-00-DX1_7168_25600.jpg,TCGA-G4-6315,TCGA-G4-6315-01Z-00-DX1,0,3.4959592e-07,0
non-tumour/TCGA-G4-6315-01Z-00-DX1_7168_26624.jpg,TCGA-G4-6315,TCGA-G4-6315-01Z-00-DX1,0,1.106158e-08,0
non-tumour/TCGA-G4-6315-01Z-00-DX1_7168_28160.jpg,TCGA-G4-6315,TCGA-G4-6315-01Z-00-DX1,0,1.713015e-05,0
non-tumour/TCGA-G4-6315-01Z-00-DX1_7168_28672.jpg,TCGA-G4-6315,TCGA-G4-6315-01Z-00-DX1,0,0.4852327,0
non-tumour/TCGA-G4-6315-01Z-00-DX1_7168_29696.jpg,TCGA-G4-6315,TCGA-G4-6315-01Z-00-DX1,0,0.17014147,0
non-tumour/TCGA-G4-6315-01Z-00-DX1_7168_30208.jpg,TCGA-G4-6315,TCGA-G4-6315-01Z-00-DX1,0,0.30537024,0
non-tumour/TCGA-G4-6315-01Z-00-DX1_7168_3072.jpg,TCGA-G4-6315,TCGA-G4-6315-01Z-00-DX1,0,0.00023379494,0
non-tumour/TCGA-G4-6315-01Z-00-DX1_7168_31232.jpg,TCGA-G4-6315,TCGA-G4-6315-01Z-00-DX1,0,0.10692362,0
non-tumour/TCGA-G4-6315-01Z-00-DX1_7168_33280.jpg,TCGA-G4-6315,TCGA-G4-6315-01Z-00-DX1,0,0.823677,1
non-tumour/TCGA-G4-6315-01Z-00-DX1_7168_33792.jpg,TCGA-G4-6315,TCGA-G4-6315-01Z-00-DX1,0,0.2334587,0
non-tumour/TCGA-G4-6315-01Z-00-DX1_7168_34304.jpg,TCGA-G4-6315,TCGA-G4-6315-01Z-00-DX1,0,0.05541817,0
non-tumour/TCGA-G4-6315-01Z-00-DX1_7168_35328.jpg,TCGA-G4-6315,TCGA-G4-6315-01Z-00-DX1,0,0.21492879,0
non-tumour/TCGA-G4-6315-01Z-00-DX1_7168_3584.jpg,TCGA-G4-6315,TCGA-G4-6315-01Z-00-DX1,0,0.0030977656,0
non-tumour/TCGA-G4-6315-01Z-00-DX1_7168_35840.jpg,TCGA-G4-6315,TCGA-G4-6315-01Z-00-DX1,0,0.05173915,0
non-tumour/TCGA-G4-6315-01Z-00-DX1_7168_5632.jpg,TCGA-G4-6315,TCGA-G4-6315-01Z-00-DX1,0,1.0228368e-06,0
non-tumour/TCGA-G4-6315-01Z-00-DX1_7168_6144.jpg,TCGA-G4-6315,TCGA-G4-6315-01Z-00-DX1,0,4.1649013e-08,0
non-tumour/TCGA-G4-6315-01Z-00-DX1_7168_7680.jpg,TCGA-G4-6315,TCGA-G4-6315-01Z-00-DX1,0,3.060323e-08,0
non-tumour/TCGA-G4-6315-01Z-00-DX1_7168_8192.jpg,TCGA-G4-6315,TCGA-G4-6315-01Z-00-DX1,0,1.9136705e-07,0
non-tumour/TCGA-G4-6315-01Z-00-DX1_7168_8704.jpg,TCGA-G4-6315,TCGA-G4-6315-01Z-00-DX1,0,0.00017350045,0
non-tumour/TCGA-G4-6315-01Z-00-DX1_7168_9216.jpg,TCGA-G4-6315,TCGA-G4-6315-01Z-00-DX1,0,0.00024530868,0
non-tumour/TCGA-G4-6315-01Z-00-DX1_7680_10240.jpg,TCGA-G4-6315,TCGA-G4-6315-01Z-00-DX1,0,0.08018479,0
non-tumour/TCGA-G4-6315-01Z-00-DX1_7680_10752.jpg,TCGA-G4-6315,TCGA-G4-6315-01Z-00-DX1,0,0.058228765,0
non-tumour/TCGA-G4-6315-01Z-00-DX1_7680_11264.jpg,TCGA-G4-6315,TCGA-G4-6315-01Z-00-DX1,0,3.0714066e-06,0
non-tumour/TCGA-G4-6315-01Z-00-DX1_7680_13312.jpg,TCGA-G4-6315,TCGA-G4-6315-01Z-00-DX1,0,0.00038384323,0
non-tumour/TCGA-G4-6315-01Z-00-DX1_7680_14336.jpg,TCGA-G4-6315,TCGA-G4-6315-01Z-00-DX1,0,0.0029068482,0
non-tumour/TCGA-G4-6315-01Z-00-DX1_7680_1536.jpg,TCGA-G4-6315,TCGA-G4-6315-01Z-00-DX1,0,1.37218885e-05,0
non-tumour/TCGA-G4-6315-01Z-00-DX1_7680_15872.jpg,TCGA-G4-6315,TCGA-G4-6315-01Z-00-DX1,0,2.34874e-07,0
non-tumour/TCGA-G4-6315-01Z-00-DX1_7680_16384.jpg,TCGA-G4-6315,TCGA-G4-6315-01Z-00-DX1,0,8.2411407e-07,0
non-tumour/TCGA-G4-6315-01Z-00-DX1_7680_16896.jpg,TCGA-G4-6315,TCGA-G4-6315-01Z-00-DX1,0,1.3806441e-06,0
non-tumour/TCGA-G4-6315-01Z-00-DX1_7680_17408.jpg,TCGA-G4-6315,TCGA-G4-6315-01Z-00-DX1,0,2.2085338e-07,0
non-tumour/TCGA-G4-6315-01Z-00-DX1_7680_19968.jpg,TCGA-G4-6315,TCGA-G4-6315-01Z-00-DX1,0,1.43304505e-05,0
non-tumour/TCGA-G4-6315-01Z-00-DX1_7680_2048.jpg,TCGA-G4-6315,TCGA-G4-6315-01Z-00-DX1,0,1.9609111e-05,0
non-tumour/TCGA-G4-6315-01Z-00-DX1_7680_21504.jpg,TCGA-G4-6315,TCGA-G4-6315-01Z-00-DX1,0,4.8443676e-06,0
non-tumour/TCGA-G4-6315-01Z-00-DX1_7680_22016.jpg,TCGA-G4-6315,TCGA-G4-6315-01Z-00-DX1,0,2.9102166e-08,0
non-tumour/TCGA-G4-6315-01Z-00-DX1_7680_23040.jpg,TCGA-G4-6315,TCGA-G4-6315-01Z-00-DX1,0,0.00521915,0
non-tumour/TCGA-G4-6315-01Z-00-DX1_7680_23552.jpg,TCGA-G4-6315,TCGA-G4-6315-01Z-00-DX1,0,0.00027678208,0
non-tumour/TCGA-G4-6315-01Z-00-DX1_7680_24064.jpg,TCGA-G4-6315,TCGA-G4-6315-01Z-00-DX1,0,1.3395756e-07,0
non-tumour/TCGA-G4-6315-01Z-00-DX1_7680_25088.jpg,TCGA-G4-6315,TCGA-G4-6315-01Z-00-DX1,0,1.4121522e-09,0
non-tumour/TCGA-G4-6315-01Z-00-DX1_7680_25600.jpg,TCGA-G4-6315,TCGA-G4-6315-01Z-00-DX1,0,2.9866465e-06,0
non-tumour/TCGA-G4-6315-01Z-00-DX1_7680_26112.jpg,TCGA-G4-6315,TCGA-G4-6315-01Z-00-DX1,0,2.1095813e-07,0
non-tumour/TCGA-G4-6315-01Z-00-DX1_7680_27136.jpg,TCGA-G4-6315,TCGA-G4-6315-01Z-00-DX1,0,0.0005479805,0
non-tumour/TCGA-G4-6315-01Z-00-DX1_7680_27648.jpg,TCGA-G4-6315,TCGA-G4-6315-01Z-00-DX1,0,0.009252141,0
non-tumour/TCGA-G4-6315-01Z-00-DX1_7680_28160.jpg,TCGA-G4-6315,TCGA-G4-6315-01Z-00-DX1,0,0.03600737,0
non-tumour/TCGA-G4-6315-01Z-00-DX1_7680_3072.jpg,TCGA-G4-6315,TCGA-G4-6315-01Z-00-DX1,0,0.0035239407,0
non-tumour/TCGA-G4-6315-01Z-00-DX1_7680_30720.jpg,TCGA-G4-6315,TCGA-G4-6315-01Z-00-DX1,0,0.1704449,0
non-tumour/TCGA-G4-6315-01Z-00-DX1_7680_31232.jpg,TCGA-G4-6315,TCGA-G4-6315-01Z-00-DX1,0,0.598185,1
non-tumour/TCGA-G4-6315-01Z-00-DX1_7680_31744.jpg,TCGA-G4-6315,TCGA-G4-6315-01Z-00-DX1,0,0.11059818,0
non-tumour/TCGA-G4-6315-01Z-00-DX1_7680_32256.jpg,TCGA-G4-6315,TCGA-G4-6315-01Z-00-DX1,0,0.007568622,0
non-tumour/TCGA-G4-6315-01Z-00-DX1_7680_32768.jpg,TCGA-G4-6315,TCGA-G4-6315-01Z-00-DX1,0,0.0006462089,0
non-tumour/TCGA-G4-6315-01Z-00-DX1_7680_33280.jpg,TCGA-G4-6315,TCGA-G4-6315-01Z-00-DX1,0,0.01875236,0
non-tumour/TCGA-G4-6315-01Z-00-DX1_7680_34304.jpg,TCGA-G4-6315,TCGA-G4-6315-01Z-00-DX1,0,0.0042413976,0
non-tumour/TCGA-G4-6315-01Z-00-DX1_7680_34816.jpg,TCGA-G4-6315,TCGA-G4-6315-01Z-00-DX1,0,0.013116123,0
non-tumour/TCGA-G4-6315-01Z-00-DX1_7680_35840.jpg,TCGA-G4-6315,TCGA-G4-6315-01Z-00-DX1,0,0.03829909,0
non-tumour/TCGA-G4-6315-01Z-00-DX1_7680_5120.jpg,TCGA-G4-6315,TCGA-G4-6315-01Z-00-DX1,0,4.7726862e-05,0
non-tumour/TCGA-G4-6315-01Z-00-DX1_7680_5632.jpg,TCGA-G4-6315,TCGA-G4-6315-01Z-00-DX1,0,9.545796e-09,0
non-tumour/TCGA-G4-6315-01Z-00-DX1_7680_6144.jpg,TCGA-G4-6315,TCGA-G4-6315-01Z-00-DX1,0,4.300053e-08,0
non-tumour/TCGA-G4-6315-01Z-00-DX1_7680_6656.jpg,TCGA-G4-6315,TCGA-G4-6315-01Z-00-DX1,0,2.595425e-08,0
non-tumour/TCGA-G4-6315-01Z-00-DX1_7680_7680.jpg,TCGA-G4-6315,TCGA-G4-6315-01Z-00-DX1,0,1.02028366e-07,0
non-tumour/TCGA-G4-6315-01Z-00-DX1_7680_8192.jpg,TCGA-G4-6315,TCGA-G4-6315-01Z-00-DX1,0,0.0001761472,0
non-tumour/TCGA-G4-6315-01Z-00-DX1_7680_8704.jpg,TCGA-G4-6315,TCGA-G4-6315-01Z-00-DX1,0,0.002781794,0
non-tumour/TCGA-G4-6315-01Z-00-DX1_8192_10752.jpg,TCGA-G4-6315,TCGA-G4-6315-01Z-00-DX1,0,0.0010496966,0
non-tumour/TCGA-G4-6315-01Z-00-DX1_8192_12288.jpg,TCGA-G4-6315,TCGA-G4-6315-01Z-00-DX1,0,1.6196336e-05,0
non-tumour/TCGA-G4-6315-01Z-00-DX1_8192_12800.jpg,TCGA-G4-6315,TCGA-G4-6315-01Z-00-DX1,0,0.0004422136,0
non-tumour/TCGA-G4-6315-01Z-00-DX1_8192_13824.jpg,TCGA-G4-6315,TCGA-G4-6315-01Z-00-DX1,0,0.049578797,0
non-tumour/TCGA-G4-6315-01Z-00-DX1_8192_14336.jpg,TCGA-G4-6315,TCGA-G4-6315-01Z-00-DX1,0,1.9275027e-05,0
non-tumour/TCGA-G4-6315-01Z-00-DX1_8192_14848.jpg,TCGA-G4-6315,TCGA-G4-6315-01Z-00-DX1,0,1.2987834e-07,0
non-tumour/TCGA-G4-6315-01Z-00-DX1_8192_15872.jpg,TCGA-G4-6315,TCGA-G4-6315-01Z-00-DX1,0,2.1466603e-07,0
non-tumour/TCGA-G4-6315-01Z-00-DX1_8192_16384.jpg,TCGA-G4-6315,TCGA-G4-6315-01Z-00-DX1,0,1.8260806e-07,0
non-tumour/TCGA-G4-6315-01Z-00-DX1_8192_19968.jpg,TCGA-G4-6315,TCGA-G4-6315-01Z-00-DX1,0,3.460801e-06,0
non-tumour/TCGA-G4-6315-01Z-00-DX1_8192_2048.jpg,TCGA-G4-6315,TCGA-G4-6315-01Z-00-DX1,0,1.18123235e-05,0
non-tumour/TCGA-G4-6315-01Z-00-DX1_8192_21504.jpg,TCGA-G4-6315,TCGA-G4-6315-01Z-00-DX1,0,1.7038907e-07,0
non-tumour/TCGA-G4-6315-01Z-00-DX1_8192_22528.jpg,TCGA-G4-6315,TCGA-G4-6315-01Z-00-DX1,0,1.1627861e-07,0
non-tumour/TCGA-G4-6315-01Z-00-DX1_8192_24064.jpg,TCGA-G4-6315,TCGA-G4-6315-01Z-00-DX1,0,2.8864898e-08,0
non-tumour/TCGA-G4-6315-01Z-00-DX1_8192_25088.jpg,TCGA-G4-6315,TCGA-G4-6315-01Z-00-DX1,0,3.2728305e-08,0
non-tumour/TCGA-G4-6315-01Z-00-DX1_8192_2560.jpg,TCGA-G4-6315,TCGA-G4-6315-01Z-00-DX1,0,2.4329736e-05,0
non-tumour/TCGA-G4-6315-01Z-00-DX1_8192_26624.jpg,TCGA-G4-6315,TCGA-G4-6315-01Z-00-DX1,0,0.00022895898,0
non-tumour/TCGA-G4-6315-01Z-00-DX1_8192_27136.jpg,TCGA-G4-6315,TCGA-G4-6315-01Z-00-DX1,0,0.0039066453,0
non-tumour/TCGA-G4-6315-01Z-00-DX1_8192_28672.jpg,TCGA-G4-6315,TCGA-G4-6315-01Z-00-DX1,0,0.1329676,0
non-tumour/TCGA-G4-6315-01Z-00-DX1_8192_29696.jpg,TCGA-G4-6315,TCGA-G4-6315-01Z-00-DX1,0,0.058986414,0
non-tumour/TCGA-G4-6315-01Z-00-DX1_8192_30208.jpg,TCGA-G4-6315,TCGA-G4-6315-01Z-00-DX1,0,0.07930347,0
non-tumour/TCGA-G4-6315-01Z-00-DX1_8192_3072.jpg,TCGA-G4-6315,TCGA-G4-6315-01Z-00-DX1,0,0.0014761903,0
non-tumour/TCGA-G4-6315-01Z-00-DX1_8192_30720.jpg,TCGA-G4-6315,TCGA-G4-6315-01Z-00-DX1,0,0.45110852,0
non-tumour/TCGA-G4-6315-01Z-00-DX1_8192_31744.jpg,TCGA-G4-6315,TCGA-G4-6315-01Z-00-DX1,0,0.7516755,1
non-tumour/TCGA-G4-6315-01Z-00-DX1_8192_32256.jpg,TCGA-G4-6315,TCGA-G4-6315-01Z-00-DX1,0,0.07800386,0
non-tumour/TCGA-G4-6315-01Z-00-DX1_8192_32768.jpg,TCGA-G4-6315,TCGA-G4-6315-01Z-00-DX1,0,0.05312906,0
non-tumour/TCGA-G4-6315-01Z-00-DX1_8192_33280.jpg,TCGA-G4-6315,TCGA-G4-6315-01Z-00-DX1,0,0.027587797,0
non-tumour/TCGA-G4-6315-01Z-00-DX1_8192_33792.jpg,TCGA-G4-6315,TCGA-G4-6315-01Z-00-DX1,0,0.004162234,0
non-tumour/TCGA-G4-6315-01Z-00-DX1_8192_34816.jpg,TCGA-G4-6315,TCGA-G4-6315-01Z-00-DX1,0,0.039561052,0
non-tumour/TCGA-G4-6315-01Z-00-DX1_8192_3584.jpg,TCGA-G4-6315,TCGA-G4-6315-01Z-00-DX1,0,0.026534902,0
non-tumour/TCGA-G4-6315-01Z-00-DX1_8192_36864.jpg,TCGA-G4-6315,TCGA-G4-6315-01Z-00-DX1,0,0.009767194,0
non-tumour/TCGA-G4-6315-01Z-00-DX1_8192_4096.jpg,TCGA-G4-6315,TCGA-G4-6315-01Z-00-DX1,0,0.017492412,0
non-tumour/TCGA-G4-6315-01Z-00-DX1_8192_5120.jpg,TCGA-G4-6315,TCGA-G4-6315-01Z-00-DX1,0,0.0002734259,0
non-tumour/TCGA-G4-6315-01Z-00-DX1_8192_9216.jpg,TCGA-G4-6315,TCGA-G4-6315-01Z-00-DX1,0,0.0010731096,0
non-tumour/TCGA-G4-6315-01Z-00-DX1_8704_10240.jpg,TCGA-G4-6315,TCGA-G4-6315-01Z-00-DX1,0,0.0049951337,0
non-tumour/TCGA-G4-6315-01Z-00-DX1_8704_10752.jpg,TCGA-G4-6315,TCGA-G4-6315-01Z-00-DX1,0,9.07715e-06,0
non-tumour/TCGA-G4-6315-01Z-00-DX1_8704_11776.jpg,TCGA-G4-6315,TCGA-G4-6315-01Z-00-DX1,0,2.6208454e-08,0
non-tumour/TCGA-G4-6315-01Z-00-DX1_8704_12800.jpg,TCGA-G4-6315,TCGA-G4-6315-01Z-00-DX1,0,8.082755e-08,0
non-tumour/TCGA-G4-6315-01Z-00-DX1_8704_15360.jpg,TCGA-G4-6315,TCGA-G4-6315-01Z-00-DX1,0,2.9387705e-08,0
non-tumour/TCGA-G4-6315-01Z-00-DX1_8704_15872.jpg,TCGA-G4-6315,TCGA-G4-6315-01Z-00-DX1,0,3.9749318e-07,0
non-tumour/TCGA-G4-6315-01Z-00-DX1_8704_16896.jpg,TCGA-G4-6315,TCGA-G4-6315-01Z-00-DX1,0,1.8930638e-08,0
non-tumour/TCGA-G4-6315-01Z-00-DX1_8704_17408.jpg,TCGA-G4-6315,TCGA-G4-6315-01Z-00-DX1,0,8.8920316e-08,0
non-tumour/TCGA-G4-6315-01Z-00-DX1_8704_17920.jpg,TCGA-G4-6315,TCGA-G4-6315-01Z-00-DX1,0,2.6662545e-07,0
non-tumour/TCGA-G4-6315-01Z-00-DX1_8704_18944.jpg,TCGA-G4-6315,TCGA-G4-6315-01Z-00-DX1,0,4.7160594e-08,0
non-tumour/TCGA-G4-6315-01Z-00-DX1_8704_19456.jpg,TCGA-G4-6315,TCGA-G4-6315-01Z-00-DX1,0,1.1443266e-07,0
non-tumour/TCGA-G4-6315-01Z-00-DX1_8704_19968.jpg,TCGA-G4-6315,TCGA-G4-6315-01Z-00-DX1,0,8.982322e-07,0
non-tumour/TCGA-G4-6315-01Z-00-DX1_8704_20992.jpg,TCGA-G4-6315,TCGA-G4-6315-01Z-00-DX1,0,5.3567925e-07,0
non-tumour/TCGA-G4-6315-01Z-00-DX1_8704_21504.jpg,TCGA-G4-6315,TCGA-G4-6315-01Z-00-DX1,0,1.7156324e-07,0
non-tumour/TCGA-G4-6315-01Z-00-DX1_8704_22528.jpg,TCGA-G4-6315,TCGA-G4-6315-01Z-00-DX1,0,0.00020838597,0
non-tumour/TCGA-G4-6315-01Z-00-DX1_8704_23040.jpg,TCGA-G4-6315,TCGA-G4-6315-01Z-00-DX1,0,0.19297217,0
non-tumour/TCGA-G4-6315-01Z-00-DX1_8704_24064.jpg,TCGA-G4-6315,TCGA-G4-6315-01Z-00-DX1,0,2.3414022e-07,0
non-tumour/TCGA-G4-6315-01Z-00-DX1_8704_24576.jpg,TCGA-G4-6315,TCGA-G4-6315-01Z-00-DX1,0,6.475963e-06,0
non-tumour/TCGA-G4-6315-01Z-00-DX1_8704_26112.jpg,TCGA-G4-6315,TCGA-G4-6315-01Z-00-DX1,0,5.354078e-05,0
non-tumour/TCGA-G4-6315-01Z-00-DX1_8704_27136.jpg,TCGA-G4-6315,TCGA-G4-6315-01Z-00-DX1,0,0.03197598,0
non-tumour/TCGA-G4-6315-01Z-00-DX1_8704_27648.jpg,TCGA-G4-6315,TCGA-G4-6315-01Z-00-DX1,0,0.02719889,0
non-tumour/TCGA-G4-6315-01Z-00-DX1_8704_3072.jpg,TCGA-G4-6315,TCGA-G4-6315-01Z-00-DX1,0,0.004110999,0
non-tumour/TCGA-G4-6315-01Z-00-DX1_8704_30720.jpg,TCGA-G4-6315,TCGA-G4-6315-01Z-00-DX1,0,0.55366814,1
non-tumour/TCGA-G4-6315-01Z-00-DX1_8704_32256.jpg,TCGA-G4-6315,TCGA-G4-6315-01Z-00-DX1,0,0.14670041,0
non-tumour/TCGA-G4-6315-01Z-00-DX1_8704_32768.jpg,TCGA-G4-6315,TCGA-G4-6315-01Z-00-DX1,0,0.05147502,0
non-tumour/TCGA-G4-6315-01Z-00-DX1_8704_33280.jpg,TCGA-G4-6315,TCGA-G4-6315-01Z-00-DX1,0,0.0425136,0
non-tumour/TCGA-G4-6315-01Z-00-DX1_8704_35328.jpg,TCGA-G4-6315,TCGA-G4-6315-01Z-00-DX1,0,0.036849882,0
non-tumour/TCGA-G4-6315-01Z-00-DX1_8704_36864.jpg,TCGA-G4-6315,TCGA-G4-6315-01Z-00-DX1,0,0.029166963,0
non-tumour/TCGA-G4-6315-01Z-00-DX1_8704_37376.jpg,TCGA-G4-6315,TCGA-G4-6315-01Z-00-DX1,0,0.059633683,0
non-tumour/TCGA-G4-6315-01Z-00-DX1_8704_5632.jpg,TCGA-G4-6315,TCGA-G4-6315-01Z-00-DX1,0,0.0011527627,0
non-tumour/TCGA-G4-6315-01Z-00-DX1_8704_7168.jpg,TCGA-G4-6315,TCGA-G4-6315-01Z-00-DX1,0,0.025600083,0
non-tumour/TCGA-G4-6315-01Z-00-DX1_8704_8192.jpg,TCGA-G4-6315,TCGA-G4-6315-01Z-00-DX1,0,1.102307e-05,0
non-tumour/TCGA-G4-6315-01Z-00-DX1_8704_8704.jpg,TCGA-G4-6315,TCGA-G4-6315-01Z-00-DX1,0,1.0458172e-06,0
non-tumour/TCGA-G4-6315-01Z-00-DX1_9216_11264.jpg,TCGA-G4-6315,TCGA-G4-6315-01Z-00-DX1,0,7.3075217e-09,0
non-tumour/TCGA-G4-6315-01Z-00-DX1_9216_14336.jpg,TCGA-G4-6315,TCGA-G4-6315-01Z-00-DX1,0,0.0023488798,0
non-tumour/TCGA-G4-6315-01Z-00-DX1_9216_14848.jpg,TCGA-G4-6315,TCGA-G4-6315-01Z-00-DX1,0,0.0039059976,0
non-tumour/TCGA-G4-6315-01Z-00-DX1_9216_1536.jpg,TCGA-G4-6315,TCGA-G4-6315-01Z-00-DX1,0,9.640986e-06,0
non-tumour/TCGA-G4-6315-01Z-00-DX1_9216_15360.jpg,TCGA-G4-6315,TCGA-G4-6315-01Z-00-DX1,0,0.00072339247,0
non-tumour/TCGA-G4-6315-01Z-00-DX1_9216_16896.jpg,TCGA-G4-6315,TCGA-G4-6315-01Z-00-DX1,0,2.2210845e-07,0
non-tumour/TCGA-G4-6315-01Z-00-DX1_9216_17408.jpg,TCGA-G4-6315,TCGA-G4-6315-01Z-00-DX1,0,7.7816985e-08,0
non-tumour/TCGA-G4-6315-01Z-00-DX1_9216_17920.jpg,TCGA-G4-6315,TCGA-G4-6315-01Z-00-DX1,0,1.645779e-06,0
non-tumour/TCGA-G4-6315-01Z-00-DX1_9216_18944.jpg,TCGA-G4-6315,TCGA-G4-6315-01Z-00-DX1,0,2.8598664e-05,0
non-tumour/TCGA-G4-6315-01Z-00-DX1_9216_2048.jpg,TCGA-G4-6315,TCGA-G4-6315-01Z-00-DX1,0,5.70848e-06,0
non-tumour/TCGA-G4-6315-01Z-00-DX1_9216_20480.jpg,TCGA-G4-6315,TCGA-G4-6315-01Z-00-DX1,0,0.0059641493,0
non-tumour/TCGA-G4-6315-01Z-00-DX1_9216_21504.jpg,TCGA-G4-6315,TCGA-G4-6315-01Z-00-DX1,0,0.00023561294,0
non-tumour/TCGA-G4-6315-01Z-00-DX1_9216_22528.jpg,TCGA-G4-6315,TCGA-G4-6315-01Z-00-DX1,0,4.4706434e-05,0
non-tumour/TCGA-G4-6315-01Z-00-DX1_9216_24064.jpg,TCGA-G4-6315,TCGA-G4-6315-01Z-00-DX1,0,0.0175781,0
non-tumour/TCGA-G4-6315-01Z-00-DX1_9216_25088.jpg,TCGA-G4-6315,TCGA-G4-6315-01Z-00-DX1,0,1.10466566e-07,0
non-tumour/TCGA-G4-6315-01Z-00-DX1_9216_26624.jpg,TCGA-G4-6315,TCGA-G4-6315-01Z-00-DX1,0,0.02204675,0
non-tumour/TCGA-G4-6315-01Z-00-DX1_9216_27648.jpg,TCGA-G4-6315,TCGA-G4-6315-01Z-00-DX1,0,0.48222652,0
non-tumour/TCGA-G4-6315-01Z-00-DX1_9216_32256.jpg,TCGA-G4-6315,TCGA-G4-6315-01Z-00-DX1,0,0.07100513,0
non-tumour/TCGA-G4-6315-01Z-00-DX1_9216_32768.jpg,TCGA-G4-6315,TCGA-G4-6315-01Z-00-DX1,0,0.25030947,0
non-tumour/TCGA-G4-6315-01Z-00-DX1_9216_34816.jpg,TCGA-G4-6315,TCGA-G4-6315-01Z-00-DX1,0,0.048226494,0
non-tumour/TCGA-G4-6315-01Z-00-DX1_9216_35840.jpg,TCGA-G4-6315,TCGA-G4-6315-01Z-00-DX1,0,0.013264466,0
non-tumour/TCGA-G4-6315-01Z-00-DX1_9216_37376.jpg,TCGA-G4-6315,TCGA-G4-6315-01Z-00-DX1,0,0.0644408,0
non-tumour/TCGA-G4-6315-01Z-00-DX1_9216_5120.jpg,TCGA-G4-6315,TCGA-G4-6315-01Z-00-DX1,0,0.052828074,0
non-tumour/TCGA-G4-6315-01Z-00-DX1_9216_7168.jpg,TCGA-G4-6315,TCGA-G4-6315-01Z-00-DX1,0,6.599238e-06,0
non-tumour/TCGA-G4-6315-01Z-00-DX1_9216_7680.jpg,TCGA-G4-6315,TCGA-G4-6315-01Z-00-DX1,0,2.5477172e-07,0
non-tumour/TCGA-G4-6315-01Z-00-DX1_9728_10240.jpg,TCGA-G4-6315,TCGA-G4-6315-01Z-00-DX1,0,5.319811e-08,0
non-tumour/TCGA-G4-6315-01Z-00-DX1_9728_11264.jpg,TCGA-G4-6315,TCGA-G4-6315-01Z-00-DX1,0,1.1314895e-08,0
non-tumour/TCGA-G4-6315-01Z-00-DX1_9728_12288.jpg,TCGA-G4-6315,TCGA-G4-6315-01Z-00-DX1,0,5.199374e-08,0
non-tumour/TCGA-G4-6315-01Z-00-DX1_9728_13312.jpg,TCGA-G4-6315,TCGA-G4-6315-01Z-00-DX1,0,1.9848325e-07,0
non-tumour/TCGA-G4-6315-01Z-00-DX1_9728_13824.jpg,TCGA-G4-6315,TCGA-G4-6315-01Z-00-DX1,0,0.0021544287,0
non-tumour/TCGA-G4-6315-01Z-00-DX1_9728_15360.jpg,TCGA-G4-6315,TCGA-G4-6315-01Z-00-DX1,0,0.0022520712,0
non-tumour/TCGA-G4-6315-01Z-00-DX1_9728_16384.jpg,TCGA-G4-6315,TCGA-G4-6315-01Z-00-DX1,0,1.3652527e-07,0
non-tumour/TCGA-G4-6315-01Z-00-DX1_9728_2048.jpg,TCGA-G4-6315,TCGA-G4-6315-01Z-00-DX1,0,0.014699235,0
non-tumour/TCGA-G4-6315-01Z-00-DX1_9728_20480.jpg,TCGA-G4-6315,TCGA-G4-6315-01Z-00-DX1,0,0.010225034,0
non-tumour/TCGA-G4-6315-01Z-00-DX1_9728_23040.jpg,TCGA-G4-6315,TCGA-G4-6315-01Z-00-DX1,0,0.008875699,0
non-tumour/TCGA-G4-6315-01Z-00-DX1_9728_26624.jpg,TCGA-G4-6315,TCGA-G4-6315-01Z-00-DX1,0,0.030551333,0
non-tumour/TCGA-G4-6315-01Z-00-DX1_9728_27136.jpg,TCGA-G4-6315,TCGA-G4-6315-01Z-00-DX1,0,0.31700143,0
non-tumour/TCGA-G4-6315-01Z-00-DX1_9728_28160.jpg,TCGA-G4-6315,TCGA-G4-6315-01Z-00-DX1,0,0.08837423,0
non-tumour/TCGA-G4-6315-01Z-00-DX1_9728_28672.jpg,TCGA-G4-6315,TCGA-G4-6315-01Z-00-DX1,0,0.043226346,0
non-tumour/TCGA-G4-6315-01Z-00-DX1_9728_29184.jpg,TCGA-G4-6315,TCGA-G4-6315-01Z-00-DX1,0,0.17717424,0
non-tumour/TCGA-G4-6315-01Z-00-DX1_9728_30720.jpg,TCGA-G4-6315,TCGA-G4-6315-01Z-00-DX1,0,0.07160934,0
non-tumour/TCGA-G4-6315-01Z-00-DX1_9728_31232.jpg,TCGA-G4-6315,TCGA-G4-6315-01Z-00-DX1,0,0.02097026,0
non-tumour/TCGA-G4-6315-01Z-00-DX1_9728_33280.jpg,TCGA-G4-6315,TCGA-G4-6315-01Z-00-DX1,0,0.026364477,0
non-tumour/TCGA-G4-6315-01Z-00-DX1_9728_34816.jpg,TCGA-G4-6315,TCGA-G4-6315-01Z-00-DX1,0,0.0022221156,0
non-tumour/TCGA-G4-6315-01Z-00-DX1_9728_5632.jpg,TCGA-G4-6315,TCGA-G4-6315-01Z-00-DX1,0,0.004639529,0
non-tumour/TCGA-G4-6315-01Z-00-DX1_9728_6144.jpg,TCGA-G4-6315,TCGA-G4-6315-01Z-00-DX1,0,5.8676355e-06,0
non-tumour/TCGA-G4-6315-01Z-00-DX1_9728_7168.jpg,TCGA-G4-6315,TCGA-G4-6315-01Z-00-DX1,0,1.416361e-08,0
non-tumour/TCGA-G4-6315-01Z-00-DX1_9728_7680.jpg,TCGA-G4-6315,TCGA-G4-6315-01Z-00-DX1,0,8.4488555e-08,0
non-tumour/TCGA-G4-6315-01Z-00-DX1_9728_8192.jpg,TCGA-G4-6315,TCGA-G4-6315-01Z-00-DX1,0,3.6488508e-08,0
non-tumour/TCGA-SS-A7HO-01Z-00-DX1_40448_2560.jpg,TCGA-SS-A7HO,TCGA-SS-A7HO-01Z-00-DX1,0,0.49590114,0
non-tumour/TCGA-SS-A7HO-01Z-00-DX1_40448_3072.jpg,TCGA-SS-A7HO,TCGA-SS-A7HO-01Z-00-DX1,0,0.20311509,0
non-tumour/TCGA-SS-A7HO-01Z-00-DX1_40448_3584.jpg,TCGA-SS-A7HO,TCGA-SS-A7HO-01Z-00-DX1,0,0.11377099,0
non-tumour/TCGA-SS-A7HO-01Z-00-DX1_40448_5632.jpg,TCGA-SS-A7HO,TCGA-SS-A7HO-01Z-00-DX1,0,0.091529176,0
non-tumour/TCGA-SS-A7HO-01Z-00-DX1_40448_6144.jpg,TCGA-SS-A7HO,TCGA-SS-A7HO-01Z-00-DX1,0,0.5122775,1
non-tumour/TCGA-SS-A7HO-01Z-00-DX1_40448_6656.jpg,TCGA-SS-A7HO,TCGA-SS-A7HO-01Z-00-DX1,0,0.8051049,1
non-tumour/TCGA-SS-A7HO-01Z-00-DX1_40448_7168.jpg,TCGA-SS-A7HO,TCGA-SS-A7HO-01Z-00-DX1,0,0.19571373,0
non-tumour/TCGA-SS-A7HO-01Z-00-DX1_40448_7680.jpg,TCGA-SS-A7HO,TCGA-SS-A7HO-01Z-00-DX1,0,0.58817637,1
non-tumour/TCGA-SS-A7HO-01Z-00-DX1_40960_2048.jpg,TCGA-SS-A7HO,TCGA-SS-A7HO-01Z-00-DX1,0,0.3371936,0
non-tumour/TCGA-SS-A7HO-01Z-00-DX1_40960_2560.jpg,TCGA-SS-A7HO,TCGA-SS-A7HO-01Z-00-DX1,0,0.00010012663,0
non-tumour/TCGA-SS-A7HO-01Z-00-DX1_40960_3072.jpg,TCGA-SS-A7HO,TCGA-SS-A7HO-01Z-00-DX1,0,1.7213288e-06,0
non-tumour/TCGA-SS-A7HO-01Z-00-DX1_40960_3584.jpg,TCGA-SS-A7HO,TCGA-SS-A7HO-01Z-00-DX1,0,0.28734115,0
non-tumour/TCGA-SS-A7HO-01Z-00-DX1_40960_4608.jpg,TCGA-SS-A7HO,TCGA-SS-A7HO-01Z-00-DX1,0,0.98531693,1
non-tumour/TCGA-SS-A7HO-01Z-00-DX1_40960_5120.jpg,TCGA-SS-A7HO,TCGA-SS-A7HO-01Z-00-DX1,0,0.8062452,1
non-tumour/TCGA-SS-A7HO-01Z-00-DX1_40960_5632.jpg,TCGA-SS-A7HO,TCGA-SS-A7HO-01Z-00-DX1,0,0.6599534,1
non-tumour/TCGA-SS-A7HO-01Z-00-DX1_40960_7168.jpg,TCGA-SS-A7HO,TCGA-SS-A7HO-01Z-00-DX1,0,0.0021847624,0
non-tumour/TCGA-SS-A7HO-01Z-00-DX1_41472_3584.jpg,TCGA-SS-A7HO,TCGA-SS-A7HO-01Z-00-DX1,0,0.9765221,1
non-tumour/TCGA-SS-A7HO-01Z-00-DX1_41472_4608.jpg,TCGA-SS-A7HO,TCGA-SS-A7HO-01Z-00-DX1,0,0.12488287,0
non-tumour/TCGA-SS-A7HO-01Z-00-DX1_41472_5120.jpg,TCGA-SS-A7HO,TCGA-SS-A7HO-01Z-00-DX1,0,0.0031449702,0
non-tumour/TCGA-SS-A7HO-01Z-00-DX1_41472_6144.jpg,TCGA-SS-A7HO,TCGA-SS-A7HO-01Z-00-DX1,0,0.0001245298,0
non-tumour/TCGA-SS-A7HO-01Z-00-DX1_41472_6656.jpg,TCGA-SS-A7HO,TCGA-SS-A7HO-01Z-00-DX1,0,0.027171347,0
non-tumour/TCGA-SS-A7HO-01Z-00-DX1_41984_1536.jpg,TCGA-SS-A7HO,TCGA-SS-A7HO-01Z-00-DX1,0,0.42480683,0
non-tumour/TCGA-SS-A7HO-01Z-00-DX1_41984_3072.jpg,TCGA-SS-A7HO,TCGA-SS-A7HO-01Z-00-DX1,0,0.8415046,1
non-tumour/TCGA-SS-A7HO-01Z-00-DX1_41984_5632.jpg,TCGA-SS-A7HO,TCGA-SS-A7HO-01Z-00-DX1,0,0.96090674,1
non-tumour/TCGA-SS-A7HO-01Z-00-DX1_41984_6144.jpg,TCGA-SS-A7HO,TCGA-SS-A7HO-01Z-00-DX1,0,0.8339339,1
non-tumour/TCGA-SS-A7HO-01Z-00-DX1_42496_3584.jpg,TCGA-SS-A7HO,TCGA-SS-A7HO-01Z-00-DX1,0,0.82402205,1
non-tumour/TCGA-SS-A7HO-01Z-00-DX1_42496_5120.jpg,TCGA-SS-A7HO,TCGA-SS-A7HO-01Z-00-DX1,0,0.48562008,0
non-tumour/TCGA-SS-A7HO-01Z-00-DX1_43008_3072.jpg,TCGA-SS-A7HO,TCGA-SS-A7HO-01Z-00-DX1,0,0.9485296,1
non-tumour/TCGA-SS-A7HO-01Z-00-DX1_43008_4096.jpg,TCGA-SS-A7HO,TCGA-SS-A7HO-01Z-00-DX1,0,0.020226927,0
non-tumour/TCGA-SS-A7HO-01Z-00-DX1_43008_5632.jpg,TCGA-SS-A7HO,TCGA-SS-A7HO-01Z-00-DX1,0,0.5292434,1
non-tumour/TCGA-SS-A7HO-01Z-00-DX1_43008_6144.jpg,TCGA-SS-A7HO,TCGA-SS-A7HO-01Z-00-DX1,0,0.19799007,0
non-tumour/TCGA-SS-A7HO-01Z-00-DX1_43520_3072.jpg,TCGA-SS-A7HO,TCGA-SS-A7HO-01Z-00-DX1,0,0.014894234,0
non-tumour/TCGA-SS-A7HO-01Z-00-DX1_44544_3584.jpg,TCGA-SS-A7HO,TCGA-SS-A7HO-01Z-00-DX1,0,0.00801423,0
non-tumour/TCGA-SS-A7HO-01Z-00-DX1_45056_2560.jpg,TCGA-SS-A7HO,TCGA-SS-A7HO-01Z-00-DX1,0,0.7567805,1
non-tumour/TCGA-T9-A92H-01Z-00-DX3_11776_12288.jpg,TCGA-T9-A92H,TCGA-T9-A92H-01Z-00-DX3,0,0.2627036,0
non-tumour/TCGA-T9-A92H-01Z-00-DX3_12288_11776.jpg,TCGA-T9-A92H,TCGA-T9-A92H-01Z-00-DX3,0,0.9590961,1
non-tumour/TCGA-T9-A92H-01Z-00-DX3_12288_12288.jpg,TCGA-T9-A92H,TCGA-T9-A92H-01Z-00-DX3,0,0.40517783,0
non-tumour/TCGA-T9-A92H-01Z-00-DX3_12800_11264.jpg,TCGA-T9-A92H,TCGA-T9-A92H-01Z-00-DX3,0,0.0009872622,0
non-tumour/TCGA-T9-A92H-01Z-00-DX3_12800_12800.jpg,TCGA-T9-A92H,TCGA-T9-A92H-01Z-00-DX3,0,0.042430945,0
non-tumour/TCGA-T9-A92H-01Z-00-DX3_13312_11264.jpg,TCGA-T9-A92H,TCGA-T9-A92H-01Z-00-DX3,0,0.046033036,0
non-tumour/TCGA-T9-A92H-01Z-00-DX3_13312_11776.jpg,TCGA-T9-A92H,TCGA-T9-A92H-01Z-00-DX3,0,0.8689574,1
non-tumour/TCGA-T9-A92H-01Z-00-DX3_13312_12288.jpg,TCGA-T9-A92H,TCGA-T9-A92H-01Z-00-DX3,0,0.003529947,0
non-tumour/TCGA-T9-A92H-01Z-00-DX3_13312_12800.jpg,TCGA-T9-A92H,TCGA-T9-A92H-01Z-00-DX3,0,0.010907857,0
non-tumour/TCGA-T9-A92H-01Z-00-DX3_13824_11264.jpg,TCGA-T9-A92H,TCGA-T9-A92H-01Z-00-DX3,0,0.035280738,0
non-tumour/TCGA-T9-A92H-01Z-00-DX3_13824_12288.jpg,TCGA-T9-A92H,TCGA-T9-A92H-01Z-00-DX3,0,0.5710686,1
non-tumour/TCGA-T9-A92H-01Z-00-DX3_13824_12800.jpg,TCGA-T9-A92H,TCGA-T9-A92H-01Z-00-DX3,0,0.78943855,1
non-tumour/TCGA-T9-A92H-01Z-00-DX3_14336_10752.jpg,TCGA-T9-A92H,TCGA-T9-A92H-01Z-00-DX3,0,0.39721504,0
non-tumour/TCGA-T9-A92H-01Z-00-DX3_14336_11264.jpg,TCGA-T9-A92H,TCGA-T9-A92H-01Z-00-DX3,0,0.037019007,0
non-tumour/TCGA-T9-A92H-01Z-00-DX3_14336_13824.jpg,TCGA-T9-A92H,TCGA-T9-A92H-01Z-00-DX3,0,0.0689342,0
non-tumour/TCGA-T9-A92H-01Z-00-DX3_14848_11264.jpg,TCGA-T9-A92H,TCGA-T9-A92H-01Z-00-DX3,0,0.0001704323,0
non-tumour/TCGA-T9-A92H-01Z-00-DX3_14848_11776.jpg,TCGA-T9-A92H,TCGA-T9-A92H-01Z-00-DX3,0,0.04642911,0
non-tumour/TCGA-T9-A92H-01Z-00-DX3_14848_12800.jpg,TCGA-T9-A92H,TCGA-T9-A92H-01Z-00-DX3,0,0.011597138,0
non-tumour/TCGA-T9-A92H-01Z-00-DX3_15360_10752.jpg,TCGA-T9-A92H,TCGA-T9-A92H-01Z-00-DX3,0,0.00036441424,0
non-tumour/TCGA-T9-A92H-01Z-00-DX3_15360_11776.jpg,TCGA-T9-A92H,TCGA-T9-A92H-01Z-00-DX3,0,0.00048724926,0
non-tumour/TCGA-T9-A92H-01Z-00-DX3_15360_13312.jpg,TCGA-T9-A92H,TCGA-T9-A92H-01Z-00-DX3,0,0.9813348,1
non-tumour/TCGA-T9-A92H-01Z-00-DX3_15360_14336.jpg,TCGA-T9-A92H,TCGA-T9-A92H-01Z-00-DX3,0,0.51090616,1
non-tumour/TCGA-T9-A92H-01Z-00-DX3_15872_10240.jpg,TCGA-T9-A92H,TCGA-T9-A92H-01Z-00-DX3,0,1.2034376e-06,0
non-tumour/TCGA-T9-A92H-01Z-00-DX3_15872_10752.jpg,TCGA-T9-A92H,TCGA-T9-A92H-01Z-00-DX3,0,0.0056896987,0
non-tumour/TCGA-T9-A92H-01Z-00-DX3_15872_11776.jpg,TCGA-T9-A92H,TCGA-T9-A92H-01Z-00-DX3,0,0.005687201,0
non-tumour/TCGA-T9-A92H-01Z-00-DX3_15872_13824.jpg,TCGA-T9-A92H,TCGA-T9-A92H-01Z-00-DX3,0,0.14463918,0
non-tumour/TCGA-T9-A92H-01Z-00-DX3_15872_14336.jpg,TCGA-T9-A92H,TCGA-T9-A92H-01Z-00-DX3,0,0.5150403,1
non-tumour/TCGA-T9-A92H-01Z-00-DX3_15872_14848.jpg,TCGA-T9-A92H,TCGA-T9-A92H-01Z-00-DX3,0,0.41451794,0
non-tumour/TCGA-T9-A92H-01Z-00-DX3_16384_10240.jpg,TCGA-T9-A92H,TCGA-T9-A92H-01Z-00-DX3,0,0.002555167,0
non-tumour/TCGA-T9-A92H-01Z-00-DX3_16384_11776.jpg,TCGA-T9-A92H,TCGA-T9-A92H-01Z-00-DX3,0,0.0036175237,0
non-tumour/TCGA-T9-A92H-01Z-00-DX3_16384_12288.jpg,TCGA-T9-A92H,TCGA-T9-A92H-01Z-00-DX3,0,4.174652e-05,0
non-tumour/TCGA-T9-A92H-01Z-00-DX3_16384_12800.jpg,TCGA-T9-A92H,TCGA-T9-A92H-01Z-00-DX3,0,0.0011379996,0
non-tumour/TCGA-T9-A92H-01Z-00-DX3_16384_13824.jpg,TCGA-T9-A92H,TCGA-T9-A92H-01Z-00-DX3,0,0.17074949,0
non-tumour/TCGA-T9-A92H-01Z-00-DX3_16384_17408.jpg,TCGA-T9-A92H,TCGA-T9-A92H-01Z-00-DX3,0,0.0012643147,0
non-tumour/TCGA-T9-A92H-01Z-00-DX3_16384_9216.jpg,TCGA-T9-A92H,TCGA-T9-A92H-01Z-00-DX3,0,0.0035464747,0
non-tumour/TCGA-T9-A92H-01Z-00-DX3_16896_11264.jpg,TCGA-T9-A92H,TCGA-T9-A92H-01Z-00-DX3,0,5.5972025e-05,0
non-tumour/TCGA-T9-A92H-01Z-00-DX3_16896_12800.jpg,TCGA-T9-A92H,TCGA-T9-A92H-01Z-00-DX3,0,0.002033249,0
non-tumour/TCGA-T9-A92H-01Z-00-DX3_16896_13312.jpg,TCGA-T9-A92H,TCGA-T9-A92H-01Z-00-DX3,0,2.9001376e-07,0
non-tumour/TCGA-T9-A92H-01Z-00-DX3_16896_13824.jpg,TCGA-T9-A92H,TCGA-T9-A92H-01Z-00-DX3,0,9.166866e-05,0
non-tumour/TCGA-T9-A92H-01Z-00-DX3_16896_14336.jpg,TCGA-T9-A92H,TCGA-T9-A92H-01Z-00-DX3,0,0.00045502477,0
non-tumour/TCGA-T9-A92H-01Z-00-DX3_16896_14848.jpg,TCGA-T9-A92H,TCGA-T9-A92H-01Z-00-DX3,0,0.004604934,0
non-tumour/TCGA-T9-A92H-01Z-00-DX3_16896_15360.jpg,TCGA-T9-A92H,TCGA-T9-A92H-01Z-00-DX3,0,0.034621738,0
non-tumour/TCGA-T9-A92H-01Z-00-DX3_16896_16384.jpg,TCGA-T9-A92H,TCGA-T9-A92H-01Z-00-DX3,0,0.13693392,0
non-tumour/TCGA-T9-A92H-01Z-00-DX3_16896_17408.jpg,TCGA-T9-A92H,TCGA-T9-A92H-01Z-00-DX3,0,3.9828843e-05,0
non-tumour/TCGA-T9-A92H-01Z-00-DX3_16896_18944.jpg,TCGA-T9-A92H,TCGA-T9-A92H-01Z-00-DX3,0,0.7258374,1
non-tumour/TCGA-T9-A92H-01Z-00-DX3_16896_8192.jpg,TCGA-T9-A92H,TCGA-T9-A92H-01Z-00-DX3,0,1.1065346e-05,0
non-tumour/TCGA-T9-A92H-01Z-00-DX3_16896_9216.jpg,TCGA-T9-A92H,TCGA-T9-A92H-01Z-00-DX3,0,6.849866e-05,0
non-tumour/TCGA-T9-A92H-01Z-00-DX3_16896_9728.jpg,TCGA-T9-A92H,TCGA-T9-A92H-01Z-00-DX3,0,0.023441745,0
non-tumour/TCGA-T9-A92H-01Z-00-DX3_17408_10752.jpg,TCGA-T9-A92H,TCGA-T9-A92H-01Z-00-DX3,0,0.0004713613,0
non-tumour/TCGA-T9-A92H-01Z-00-DX3_17408_11264.jpg,TCGA-T9-A92H,TCGA-T9-A92H-01Z-00-DX3,0,0.0003123489,0
non-tumour/TCGA-T9-A92H-01Z-00-DX3_17408_11776.jpg,TCGA-T9-A92H,TCGA-T9-A92H-01Z-00-DX3,0,2.6995162e-05,0
non-tumour/TCGA-T9-A92H-01Z-00-DX3_17408_12288.jpg,TCGA-T9-A92H,TCGA-T9-A92H-01Z-00-DX3,0,0.0001306413,0
non-tumour/TCGA-T9-A92H-01Z-00-DX3_17408_13824.jpg,TCGA-T9-A92H,TCGA-T9-A92H-01Z-00-DX3,0,0.020721585,0
non-tumour/TCGA-T9-A92H-01Z-00-DX3_17408_14336.jpg,TCGA-T9-A92H,TCGA-T9-A92H-01Z-00-DX3,0,0.09916003,0
non-tumour/TCGA-T9-A92H-01Z-00-DX3_17408_14848.jpg,TCGA-T9-A92H,TCGA-T9-A92H-01Z-00-DX3,0,0.079836324,0
non-tumour/TCGA-T9-A92H-01Z-00-DX3_17408_15360.jpg,TCGA-T9-A92H,TCGA-T9-A92H-01Z-00-DX3,0,0.17411473,0
non-tumour/TCGA-T9-A92H-01Z-00-DX3_17408_16384.jpg,TCGA-T9-A92H,TCGA-T9-A92H-01Z-00-DX3,0,0.13566594,0
non-tumour/TCGA-T9-A92H-01Z-00-DX3_17408_17920.jpg,TCGA-T9-A92H,TCGA-T9-A92H-01Z-00-DX3,0,0.00018562088,0
non-tumour/TCGA-T9-A92H-01Z-00-DX3_17408_18944.jpg,TCGA-T9-A92H,TCGA-T9-A92H-01Z-00-DX3,0,0.8676124,1
non-tumour/TCGA-T9-A92H-01Z-00-DX3_17408_19968.jpg,TCGA-T9-A92H,TCGA-T9-A92H-01Z-00-DX3,0,0.11732972,0
non-tumour/TCGA-T9-A92H-01Z-00-DX3_17408_8192.jpg,TCGA-T9-A92H,TCGA-T9-A92H-01Z-00-DX3,0,0.00018794647,0
non-tumour/TCGA-T9-A92H-01Z-00-DX3_17408_8704.jpg,TCGA-T9-A92H,TCGA-T9-A92H-01Z-00-DX3,0,0.014131467,0
non-tumour/TCGA-T9-A92H-01Z-00-DX3_17920_10240.jpg,TCGA-T9-A92H,TCGA-T9-A92H-01Z-00-DX3,0,1.4814218e-05,0
non-tumour/TCGA-T9-A92H-01Z-00-DX3_17920_11264.jpg,TCGA-T9-A92H,TCGA-T9-A92H-01Z-00-DX3,0,0.0017002212,0
non-tumour/TCGA-T9-A92H-01Z-00-DX3_17920_12288.jpg,TCGA-T9-A92H,TCGA-T9-A92H-01Z-00-DX3,0,0.25639337,0
non-tumour/TCGA-T9-A92H-01Z-00-DX3_17920_13312.jpg,TCGA-T9-A92H,TCGA-T9-A92H-01Z-00-DX3,0,0.00021724842,0
non-tumour/TCGA-T9-A92H-01Z-00-DX3_17920_13824.jpg,TCGA-T9-A92H,TCGA-T9-A92H-01Z-00-DX3,0,0.08088966,0
non-tumour/TCGA-T9-A92H-01Z-00-DX3_17920_15360.jpg,TCGA-T9-A92H,TCGA-T9-A92H-01Z-00-DX3,0,0.0017457514,0
non-tumour/TCGA-T9-A92H-01Z-00-DX3_17920_15872.jpg,TCGA-T9-A92H,TCGA-T9-A92H-01Z-00-DX3,0,0.05430856,0
non-tumour/TCGA-T9-A92H-01Z-00-DX3_17920_16384.jpg,TCGA-T9-A92H,TCGA-T9-A92H-01Z-00-DX3,0,0.0038677591,0
non-tumour/TCGA-T9-A92H-01Z-00-DX3_17920_16896.jpg,TCGA-T9-A92H,TCGA-T9-A92H-01Z-00-DX3,0,0.0001593305,0
non-tumour/TCGA-T9-A92H-01Z-00-DX3_17920_17920.jpg,TCGA-T9-A92H,TCGA-T9-A92H-01Z-00-DX3,0,4.0294548e-05,0
non-tumour/TCGA-T9-A92H-01Z-00-DX3_17920_18432.jpg,TCGA-T9-A92H,TCGA-T9-A92H-01Z-00-DX3,0,0.08605176,0
non-tumour/TCGA-T9-A92H-01Z-00-DX3_17920_18944.jpg,TCGA-T9-A92H,TCGA-T9-A92H-01Z-00-DX3,0,0.08482718,0
non-tumour/TCGA-T9-A92H-01Z-00-DX3_17920_19456.jpg,TCGA-T9-A92H,TCGA-T9-A92H-01Z-00-DX3,0,0.004768587,0
non-tumour/TCGA-T9-A92H-01Z-00-DX3_17920_21504.jpg,TCGA-T9-A92H,TCGA-T9-A92H-01Z-00-DX3,0,0.26853365,0
non-tumour/TCGA-T9-A92H-01Z-00-DX3_17920_7168.jpg,TCGA-T9-A92H,TCGA-T9-A92H-01Z-00-DX3,0,1.4773925e-05,0
non-tumour/TCGA-T9-A92H-01Z-00-DX3_17920_8192.jpg,TCGA-T9-A92H,TCGA-T9-A92H-01Z-00-DX3,0,0.00045094572,0
non-tumour/TCGA-T9-A92H-01Z-00-DX3_17920_9216.jpg,TCGA-T9-A92H,TCGA-T9-A92H-01Z-00-DX3,0,0.073371835,0
non-tumour/TCGA-T9-A92H-01Z-00-DX3_18432_10240.jpg,TCGA-T9-A92H,TCGA-T9-A92H-01Z-00-DX3,0,3.5456836e-05,0
non-tumour/TCGA-T9-A92H-01Z-00-DX3_18432_11264.jpg,TCGA-T9-A92H,TCGA-T9-A92H-01Z-00-DX3,0,0.021481011,0
non-tumour/TCGA-T9-A92H-01Z-00-DX3_18432_11776.jpg,TCGA-T9-A92H,TCGA-T9-A92H-01Z-00-DX3,0,0.0009320937,0
non-tumour/TCGA-T9-A92H-01Z-00-DX3_18432_12800.jpg,TCGA-T9-A92H,TCGA-T9-A92H-01Z-00-DX3,0,0.004047906,0
non-tumour/TCGA-T9-A92H-01Z-00-DX3_18432_13824.jpg,TCGA-T9-A92H,TCGA-T9-A92H-01Z-00-DX3,0,0.00014366629,0
non-tumour/TCGA-T9-A92H-01Z-00-DX3_18432_14848.jpg,TCGA-T9-A92H,TCGA-T9-A92H-01Z-00-DX3,0,0.003641223,0
non-tumour/TCGA-T9-A92H-01Z-00-DX3_18432_16384.jpg,TCGA-T9-A92H,TCGA-T9-A92H-01Z-00-DX3,0,3.8683308e-07,0
non-tumour/TCGA-T9-A92H-01Z-00-DX3_18432_17408.jpg,TCGA-T9-A92H,TCGA-T9-A92H-01Z-00-DX3,0,0.0020214412,0
non-tumour/TCGA-T9-A92H-01Z-00-DX3_18432_19456.jpg,TCGA-T9-A92H,TCGA-T9-A92H-01Z-00-DX3,0,3.0472429e-05,0
non-tumour/TCGA-T9-A92H-01Z-00-DX3_18432_19968.jpg,TCGA-T9-A92H,TCGA-T9-A92H-01Z-00-DX3,0,0.0008834844,0
non-tumour/TCGA-T9-A92H-01Z-00-DX3_18432_20992.jpg,TCGA-T9-A92H,TCGA-T9-A92H-01Z-00-DX3,0,0.007777282,0
non-tumour/TCGA-T9-A92H-01Z-00-DX3_18432_21504.jpg,TCGA-T9-A92H,TCGA-T9-A92H-01Z-00-DX3,0,0.8111637,1
non-tumour/TCGA-T9-A92H-01Z-00-DX3_18432_7680.jpg,TCGA-T9-A92H,TCGA-T9-A92H-01Z-00-DX3,0,6.6459556e-06,0
non-tumour/TCGA-T9-A92H-01Z-00-DX3_18432_9216.jpg,TCGA-T9-A92H,TCGA-T9-A92H-01Z-00-DX3,0,0.0015071622,0
non-tumour/TCGA-T9-A92H-01Z-00-DX3_18432_9728.jpg,TCGA-T9-A92H,TCGA-T9-A92H-01Z-00-DX3,0,3.65116e-05,0
non-tumour/TCGA-T9-A92H-01Z-00-DX3_18944_10240.jpg,TCGA-T9-A92H,TCGA-T9-A92H-01Z-00-DX3,0,5.565183e-06,0
non-tumour/TCGA-T9-A92H-01Z-00-DX3_18944_10752.jpg,TCGA-T9-A92H,TCGA-T9-A92H-01Z-00-DX3,0,0.00011773673,0
non-tumour/TCGA-T9-A92H-01Z-00-DX3_18944_11264.jpg,TCGA-T9-A92H,TCGA-T9-A92H-01Z-00-DX3,0,0.000113937975,0
non-tumour/TCGA-T9-A92H-01Z-00-DX3_18944_12800.jpg,TCGA-T9-A92H,TCGA-T9-A92H-01Z-00-DX3,0,7.258527e-05,0
non-tumour/TCGA-T9-A92H-01Z-00-DX3_18944_13312.jpg,TCGA-T9-A92H,TCGA-T9-A92H-01Z-00-DX3,0,0.008666246,0
non-tumour/TCGA-T9-A92H-01Z-00-DX3_18944_15360.jpg,TCGA-T9-A92H,TCGA-T9-A92H-01Z-00-DX3,0,1.3666125e-05,0
non-tumour/TCGA-T9-A92H-01Z-00-DX3_18944_15872.jpg,TCGA-T9-A92H,TCGA-T9-A92H-01Z-00-DX3,0,7.5853865e-07,0
non-tumour/TCGA-T9-A92H-01Z-00-DX3_18944_16384.jpg,TCGA-T9-A92H,TCGA-T9-A92H-01Z-00-DX3,0,0.0020309417,0
non-tumour/TCGA-T9-A92H-01Z-00-DX3_18944_16896.jpg,TCGA-T9-A92H,TCGA-T9-A92H-01Z-00-DX3,0,0.0067267506,0
non-tumour/TCGA-T9-A92H-01Z-00-DX3_18944_17920.jpg,TCGA-T9-A92H,TCGA-T9-A92H-01Z-00-DX3,0,2.2908384e-06,0
non-tumour/TCGA-T9-A92H-01Z-00-DX3_18944_19968.jpg,TCGA-T9-A92H,TCGA-T9-A92H-01Z-00-DX3,0,0.004487132,0
non-tumour/TCGA-T9-A92H-01Z-00-DX3_18944_20480.jpg,TCGA-T9-A92H,TCGA-T9-A92H-01Z-00-DX3,0,0.001292402,0
non-tumour/TCGA-T9-A92H-01Z-00-DX3_18944_20992.jpg,TCGA-T9-A92H,TCGA-T9-A92H-01Z-00-DX3,0,0.001168188,0
non-tumour/TCGA-T9-A92H-01Z-00-DX3_18944_21504.jpg,TCGA-T9-A92H,TCGA-T9-A92H-01Z-00-DX3,0,0.11418119,0
non-tumour/TCGA-T9-A92H-01Z-00-DX3_18944_7168.jpg,TCGA-T9-A92H,TCGA-T9-A92H-01Z-00-DX3,0,0.0004341402,0
non-tumour/TCGA-T9-A92H-01Z-00-DX3_18944_7680.jpg,TCGA-T9-A92H,TCGA-T9-A92H-01Z-00-DX3,0,0.00038882878,0
non-tumour/TCGA-T9-A92H-01Z-00-DX3_18944_8192.jpg,TCGA-T9-A92H,TCGA-T9-A92H-01Z-00-DX3,0,0.0008322322,0
non-tumour/TCGA-T9-A92H-01Z-00-DX3_18944_9216.jpg,TCGA-T9-A92H,TCGA-T9-A92H-01Z-00-DX3,0,0.005288889,0
non-tumour/TCGA-T9-A92H-01Z-00-DX3_19456_10240.jpg,TCGA-T9-A92H,TCGA-T9-A92H-01Z-00-DX3,0,0.03576881,0
non-tumour/TCGA-T9-A92H-01Z-00-DX3_19456_10752.jpg,TCGA-T9-A92H,TCGA-T9-A92H-01Z-00-DX3,0,0.00092632126,0
non-tumour/TCGA-T9-A92H-01Z-00-DX3_19456_11776.jpg,TCGA-T9-A92H,TCGA-T9-A92H-01Z-00-DX3,0,0.0011057936,0
non-tumour/TCGA-T9-A92H-01Z-00-DX3_19456_12800.jpg,TCGA-T9-A92H,TCGA-T9-A92H-01Z-00-DX3,0,0.0074065784,0
non-tumour/TCGA-T9-A92H-01Z-00-DX3_19456_14336.jpg,TCGA-T9-A92H,TCGA-T9-A92H-01Z-00-DX3,0,0.0052377805,0
non-tumour/TCGA-T9-A92H-01Z-00-DX3_19456_14848.jpg,TCGA-T9-A92H,TCGA-T9-A92H-01Z-00-DX3,0,0.0010808896,0
non-tumour/TCGA-T9-A92H-01Z-00-DX3_19456_15872.jpg,TCGA-T9-A92H,TCGA-T9-A92H-01Z-00-DX3,0,5.3773034e-05,0
non-tumour/TCGA-T9-A92H-01Z-00-DX3_19456_18432.jpg,TCGA-T9-A92H,TCGA-T9-A92H-01Z-00-DX3,0,0.00024215408,0
non-tumour/TCGA-T9-A92H-01Z-00-DX3_19456_18944.jpg,TCGA-T9-A92H,TCGA-T9-A92H-01Z-00-DX3,0,7.557066e-05,0
non-tumour/TCGA-T9-A92H-01Z-00-DX3_19456_19456.jpg,TCGA-T9-A92H,TCGA-T9-A92H-01Z-00-DX3,0,0.0077872686,0
non-tumour/TCGA-T9-A92H-01Z-00-DX3_19456_19968.jpg,TCGA-T9-A92H,TCGA-T9-A92H-01Z-00-DX3,0,5.067341e-05,0
non-tumour/TCGA-T9-A92H-01Z-00-DX3_19456_20480.jpg,TCGA-T9-A92H,TCGA-T9-A92H-01Z-00-DX3,0,0.00057048723,0
non-tumour/TCGA-T9-A92H-01Z-00-DX3_19456_21504.jpg,TCGA-T9-A92H,TCGA-T9-A92H-01Z-00-DX3,0,0.42507523,0
non-tumour/TCGA-T9-A92H-01Z-00-DX3_19456_22016.jpg,TCGA-T9-A92H,TCGA-T9-A92H-01Z-00-DX3,0,0.14531042,0
non-tumour/TCGA-T9-A92H-01Z-00-DX3_19456_6144.jpg,TCGA-T9-A92H,TCGA-T9-A92H-01Z-00-DX3,0,0.0069553,0
non-tumour/TCGA-T9-A92H-01Z-00-DX3_19456_7680.jpg,TCGA-T9-A92H,TCGA-T9-A92H-01Z-00-DX3,0,0.0049535744,0
non-tumour/TCGA-T9-A92H-01Z-00-DX3_19456_8704.jpg,TCGA-T9-A92H,TCGA-T9-A92H-01Z-00-DX3,0,0.22141527,0
non-tumour/TCGA-T9-A92H-01Z-00-DX3_19456_9728.jpg,TCGA-T9-A92H,TCGA-T9-A92H-01Z-00-DX3,0,0.014263907,0
non-tumour/TCGA-T9-A92H-01Z-00-DX3_19968_10240.jpg,TCGA-T9-A92H,TCGA-T9-A92H-01Z-00-DX3,0,0.0031394302,0
non-tumour/TCGA-T9-A92H-01Z-00-DX3_19968_10752.jpg,TCGA-T9-A92H,TCGA-T9-A92H-01Z-00-DX3,0,0.008492885,0
non-tumour/TCGA-T9-A92H-01Z-00-DX3_19968_11264.jpg,TCGA-T9-A92H,TCGA-T9-A92H-01Z-00-DX3,0,0.10669858,0
non-tumour/TCGA-T9-A92H-01Z-00-DX3_19968_11776.jpg,TCGA-T9-A92H,TCGA-T9-A92H-01Z-00-DX3,0,0.0009088312,0
non-tumour/TCGA-T9-A92H-01Z-00-DX3_19968_13312.jpg,TCGA-T9-A92H,TCGA-T9-A92H-01Z-00-DX3,0,0.00012216398,0
non-tumour/TCGA-T9-A92H-01Z-00-DX3_19968_13824.jpg,TCGA-T9-A92H,TCGA-T9-A92H-01Z-00-DX3,0,0.0012083702,0
non-tumour/TCGA-T9-A92H-01Z-00-DX3_19968_14848.jpg,TCGA-T9-A92H,TCGA-T9-A92H-01Z-00-DX3,0,2.2248803e-06,0
non-tumour/TCGA-T9-A92H-01Z-00-DX3_19968_16896.jpg,TCGA-T9-A92H,TCGA-T9-A92H-01Z-00-DX3,0,0.057440672,0
non-tumour/TCGA-T9-A92H-01Z-00-DX3_19968_17920.jpg,TCGA-T9-A92H,TCGA-T9-A92H-01Z-00-DX3,0,0.00029649172,0
non-tumour/TCGA-T9-A92H-01Z-00-DX3_19968_18944.jpg,TCGA-T9-A92H,TCGA-T9-A92H-01Z-00-DX3,0,0.00029961977,0
non-tumour/TCGA-T9-A92H-01Z-00-DX3_19968_19456.jpg,TCGA-T9-A92H,TCGA-T9-A92H-01Z-00-DX3,0,0.016955862,0
non-tumour/TCGA-T9-A92H-01Z-00-DX3_19968_20992.jpg,TCGA-T9-A92H,TCGA-T9-A92H-01Z-00-DX3,0,0.0016439563,0
non-tumour/TCGA-T9-A92H-01Z-00-DX3_19968_21504.jpg,TCGA-T9-A92H,TCGA-T9-A92H-01Z-00-DX3,0,0.41888785,0
non-tumour/TCGA-T9-A92H-01Z-00-DX3_19968_23040.jpg,TCGA-T9-A92H,TCGA-T9-A92H-01Z-00-DX3,0,0.41990614,0
non-tumour/TCGA-T9-A92H-01Z-00-DX3_19968_5632.jpg,TCGA-T9-A92H,TCGA-T9-A92H-01Z-00-DX3,0,0.18139683,0
non-tumour/TCGA-T9-A92H-01Z-00-DX3_19968_6656.jpg,TCGA-T9-A92H,TCGA-T9-A92H-01Z-00-DX3,0,1.4284401e-05,0
non-tumour/TCGA-T9-A92H-01Z-00-DX3_19968_7168.jpg,TCGA-T9-A92H,TCGA-T9-A92H-01Z-00-DX3,0,7.4246077e-06,0
non-tumour/TCGA-T9-A92H-01Z-00-DX3_19968_7680.jpg,TCGA-T9-A92H,TCGA-T9-A92H-01Z-00-DX3,0,0.00015906365,0
non-tumour/TCGA-T9-A92H-01Z-00-DX3_19968_8704.jpg,TCGA-T9-A92H,TCGA-T9-A92H-01Z-00-DX3,0,0.046258852,0
non-tumour/TCGA-T9-A92H-01Z-00-DX3_19968_9216.jpg,TCGA-T9-A92H,TCGA-T9-A92H-01Z-00-DX3,0,0.14897148,0
non-tumour/TCGA-T9-A92H-01Z-00-DX3_19968_9728.jpg,TCGA-T9-A92H,TCGA-T9-A92H-01Z-00-DX3,0,0.0016615039,0
non-tumour/TCGA-T9-A92H-01Z-00-DX3_20480_10752.jpg,TCGA-T9-A92H,TCGA-T9-A92H-01Z-00-DX3,0,0.0071096546,0
non-tumour/TCGA-T9-A92H-01Z-00-DX3_20480_11264.jpg,TCGA-T9-A92H,TCGA-T9-A92H-01Z-00-DX3,0,0.027938647,0
non-tumour/TCGA-T9-A92H-01Z-00-DX3_20480_12288.jpg,TCGA-T9-A92H,TCGA-T9-A92H-01Z-00-DX3,0,5.974976e-05,0
non-tumour/TCGA-T9-A92H-01Z-00-DX3_20480_14336.jpg,TCGA-T9-A92H,TCGA-T9-A92H-01Z-00-DX3,0,0.00033416803,0
non-tumour/TCGA-T9-A92H-01Z-00-DX3_20480_16896.jpg,TCGA-T9-A92H,TCGA-T9-A92H-01Z-00-DX3,0,0.01538117,0
non-tumour/TCGA-T9-A92H-01Z-00-DX3_20480_19968.jpg,TCGA-T9-A92H,TCGA-T9-A92H-01Z-00-DX3,0,0.00033474038,0
non-tumour/TCGA-T9-A92H-01Z-00-DX3_20480_20480.jpg,TCGA-T9-A92H,TCGA-T9-A92H-01Z-00-DX3,0,5.9261358e-05,0
non-tumour/TCGA-T9-A92H-01Z-00-DX3_20480_20992.jpg,TCGA-T9-A92H,TCGA-T9-A92H-01Z-00-DX3,0,0.010097205,0
non-tumour/TCGA-T9-A92H-01Z-00-DX3_20480_21504.jpg,TCGA-T9-A92H,TCGA-T9-A92H-01Z-00-DX3,0,0.46600643,0
non-tumour/TCGA-T9-A92H-01Z-00-DX3_20480_22528.jpg,TCGA-T9-A92H,TCGA-T9-A92H-01Z-00-DX3,0,0.008209161,0
non-tumour/TCGA-T9-A92H-01Z-00-DX3_20480_23040.jpg,TCGA-T9-A92H,TCGA-T9-A92H-01Z-00-DX3,0,0.11666243,0
non-tumour/TCGA-T9-A92H-01Z-00-DX3_20480_24064.jpg,TCGA-T9-A92H,TCGA-T9-A92H-01Z-00-DX3,0,0.35115275,0
non-tumour/TCGA-T9-A92H-01Z-00-DX3_20480_5632.jpg,TCGA-T9-A92H,TCGA-T9-A92H-01Z-00-DX3,0,0.004670014,0
non-tumour/TCGA-T9-A92H-01Z-00-DX3_20480_6144.jpg,TCGA-T9-A92H,TCGA-T9-A92H-01Z-00-DX3,0,0.0070746494,0
non-tumour/TCGA-T9-A92H-01Z-00-DX3_20992_10240.jpg,TCGA-T9-A92H,TCGA-T9-A92H-01Z-00-DX3,0,0.0074969768,0
non-tumour/TCGA-T9-A92H-01Z-00-DX3_20992_12288.jpg,TCGA-T9-A92H,TCGA-T9-A92H-01Z-00-DX3,0,1.1233845e-05,0
non-tumour/TCGA-T9-A92H-01Z-00-DX3_20992_13312.jpg,TCGA-T9-A92H,TCGA-T9-A92H-01Z-00-DX3,0,1.6434906e-05,0
non-tumour/TCGA-T9-A92H-01Z-00-DX3_20992_14336.jpg,TCGA-T9-A92H,TCGA-T9-A92H-01Z-00-DX3,0,0.0016462808,0
non-tumour/TCGA-T9-A92H-01Z-00-DX3_20992_15360.jpg,TCGA-T9-A92H,TCGA-T9-A92H-01Z-00-DX3,0,4.558993e-05,0
non-tumour/TCGA-T9-A92H-01Z-00-DX3_20992_15872.jpg,TCGA-T9-A92H,TCGA-T9-A92H-01Z-00-DX3,0,1.8617038e-05,0
non-tumour/TCGA-T9-A92H-01Z-00-DX3_20992_17408.jpg,TCGA-T9-A92H,TCGA-T9-A92H-01Z-00-DX3,0,0.0028136107,0
non-tumour/TCGA-T9-A92H-01Z-00-DX3_20992_17920.jpg,TCGA-T9-A92H,TCGA-T9-A92H-01Z-00-DX3,0,0.022054916,0
non-tumour/TCGA-T9-A92H-01Z-00-DX3_20992_18432.jpg,TCGA-T9-A92H,TCGA-T9-A92H-01Z-00-DX3,0,0.0111647565,0
non-tumour/TCGA-T9-A92H-01Z-00-DX3_20992_18944.jpg,TCGA-T9-A92H,TCGA-T9-A92H-01Z-00-DX3,0,0.0014802458,0
non-tumour/TCGA-T9-A92H-01Z-00-DX3_20992_19456.jpg,TCGA-T9-A92H,TCGA-T9-A92H-01Z-00-DX3,0,0.0005387338,0
non-tumour/TCGA-T9-A92H-01Z-00-DX3_20992_23040.jpg,TCGA-T9-A92H,TCGA-T9-A92H-01Z-00-DX3,0,0.12227396,0
non-tumour/TCGA-T9-A92H-01Z-00-DX3_20992_23552.jpg,TCGA-T9-A92H,TCGA-T9-A92H-01Z-00-DX3,0,0.34138557,0
non-tumour/TCGA-T9-A92H-01Z-00-DX3_20992_5632.jpg,TCGA-T9-A92H,TCGA-T9-A92H-01Z-00-DX3,0,0.0059274915,0
non-tumour/TCGA-T9-A92H-01Z-00-DX3_20992_6144.jpg,TCGA-T9-A92H,TCGA-T9-A92H-01Z-00-DX3,0,0.0012446963,0
non-tumour/TCGA-T9-A92H-01Z-00-DX3_20992_7168.jpg,TCGA-T9-A92H,TCGA-T9-A92H-01Z-00-DX3,0,1.2224892e-05,0
non-tumour/TCGA-T9-A92H-01Z-00-DX3_20992_7680.jpg,TCGA-T9-A92H,TCGA-T9-A92H-01Z-00-DX3,0,0.005516764,0
non-tumour/TCGA-T9-A92H-01Z-00-DX3_20992_8192.jpg,TCGA-T9-A92H,TCGA-T9-A92H-01Z-00-DX3,0,0.30863416,0
non-tumour/TCGA-T9-A92H-01Z-00-DX3_20992_8704.jpg,TCGA-T9-A92H,TCGA-T9-A92H-01Z-00-DX3,0,0.83400744,1
non-tumour/TCGA-T9-A92H-01Z-00-DX3_20992_9728.jpg,TCGA-T9-A92H,TCGA-T9-A92H-01Z-00-DX3,0,0.02750577,0
non-tumour/TCGA-T9-A92H-01Z-00-DX3_21504_10240.jpg,TCGA-T9-A92H,TCGA-T9-A92H-01Z-00-DX3,0,0.03768852,0
non-tumour/TCGA-T9-A92H-01Z-00-DX3_21504_13824.jpg,TCGA-T9-A92H,TCGA-T9-A92H-01Z-00-DX3,0,1.0794084e-05,0
non-tumour/TCGA-T9-A92H-01Z-00-DX3_21504_15360.jpg,TCGA-T9-A92H,TCGA-T9-A92H-01Z-00-DX3,0,1.5338463e-05,0
non-tumour/TCGA-T9-A92H-01Z-00-DX3_21504_15872.jpg,TCGA-T9-A92H,TCGA-T9-A92H-01Z-00-DX3,0,0.5552322,1
non-tumour/TCGA-T9-A92H-01Z-00-DX3_21504_16384.jpg,TCGA-T9-A92H,TCGA-T9-A92H-01Z-00-DX3,0,0.028858598,0
non-tumour/TCGA-T9-A92H-01Z-00-DX3_21504_17920.jpg,TCGA-T9-A92H,TCGA-T9-A92H-01Z-00-DX3,0,0.024530977,0
non-tumour/TCGA-T9-A92H-01Z-00-DX3_21504_18432.jpg,TCGA-T9-A92H,TCGA-T9-A92H-01Z-00-DX3,0,0.0358529,0
non-tumour/TCGA-T9-A92H-01Z-00-DX3_21504_19456.jpg,TCGA-T9-A92H,TCGA-T9-A92H-01Z-00-DX3,0,0.00044320745,0
non-tumour/TCGA-T9-A92H-01Z-00-DX3_21504_19968.jpg,TCGA-T9-A92H,TCGA-T9-A92H-01Z-00-DX3,0,1.2935986e-05,0
non-tumour/TCGA-T9-A92H-01Z-00-DX3_21504_20480.jpg,TCGA-T9-A92H,TCGA-T9-A92H-01Z-00-DX3,0,0.0003067036,0
non-tumour/TCGA-T9-A92H-01Z-00-DX3_21504_20992.jpg,TCGA-T9-A92H,TCGA-T9-A92H-01Z-00-DX3,0,0.0012990074,0
non-tumour/TCGA-T9-A92H-01Z-00-DX3_21504_21504.jpg,TCGA-T9-A92H,TCGA-T9-A92H-01Z-00-DX3,0,0.38017008,0
non-tumour/TCGA-T9-A92H-01Z-00-DX3_21504_22016.jpg,TCGA-T9-A92H,TCGA-T9-A92H-01Z-00-DX3,0,0.014897523,0
non-tumour/TCGA-T9-A92H-01Z-00-DX3_21504_22528.jpg,TCGA-T9-A92H,TCGA-T9-A92H-01Z-00-DX3,0,0.026609454,0
non-tumour/TCGA-T9-A92H-01Z-00-DX3_21504_23552.jpg,TCGA-T9-A92H,TCGA-T9-A92H-01Z-00-DX3,0,0.5401033,1
non-tumour/TCGA-T9-A92H-01Z-00-DX3_21504_6144.jpg,TCGA-T9-A92H,TCGA-T9-A92H-01Z-00-DX3,0,0.018011803,0
non-tumour/TCGA-T9-A92H-01Z-00-DX3_21504_8192.jpg,TCGA-T9-A92H,TCGA-T9-A92H-01Z-00-DX3,0,0.00030912305,0
non-tumour/TCGA-T9-A92H-01Z-00-DX3_21504_9216.jpg,TCGA-T9-A92H,TCGA-T9-A92H-01Z-00-DX3,0,0.004842713,0
non-tumour/TCGA-T9-A92H-01Z-00-DX3_22016_10240.jpg,TCGA-T9-A92H,TCGA-T9-A92H-01Z-00-DX3,0,0.001495374,0
non-tumour/TCGA-T9-A92H-01Z-00-DX3_22016_11264.jpg,TCGA-T9-A92H,TCGA-T9-A92H-01Z-00-DX3,0,0.0002215604,0
non-tumour/TCGA-T9-A92H-01Z-00-DX3_22016_12800.jpg,TCGA-T9-A92H,TCGA-T9-A92H-01Z-00-DX3,0,0.1934891,0
non-tumour/TCGA-T9-A92H-01Z-00-DX3_22016_14848.jpg,TCGA-T9-A92H,TCGA-T9-A92H-01Z-00-DX3,0,0.0003717572,0
non-tumour/TCGA-T9-A92H-01Z-00-DX3_22016_15872.jpg,TCGA-T9-A92H,TCGA-T9-A92H-01Z-00-DX3,0,0.0071979202,0
non-tumour/TCGA-T9-A92H-01Z-00-DX3_22016_17408.jpg,TCGA-T9-A92H,TCGA-T9-A92H-01Z-00-DX3,0,0.0010168639,0
non-tumour/TCGA-T9-A92H-01Z-00-DX3_22016_18944.jpg,TCGA-T9-A92H,TCGA-T9-A92H-01Z-00-DX3,0,0.61811054,1
non-tumour/TCGA-T9-A92H-01Z-00-DX3_22016_19456.jpg,TCGA-T9-A92H,TCGA-T9-A92H-01Z-00-DX3,0,0.022313237,0
non-tumour/TCGA-T9-A92H-01Z-00-DX3_22016_20480.jpg,TCGA-T9-A92H,TCGA-T9-A92H-01Z-00-DX3,0,0.00081227534,0
non-tumour/TCGA-T9-A92H-01Z-00-DX3_22016_22016.jpg,TCGA-T9-A92H,TCGA-T9-A92H-01Z-00-DX3,0,0.02937393,0
non-tumour/TCGA-T9-A92H-01Z-00-DX3_22016_22528.jpg,TCGA-T9-A92H,TCGA-T9-A92H-01Z-00-DX3,0,0.053037833,0
non-tumour/TCGA-T9-A92H-01Z-00-DX3_22016_23040.jpg,TCGA-T9-A92H,TCGA-T9-A92H-01Z-00-DX3,0,0.007011693,0
non-tumour/TCGA-T9-A92H-01Z-00-DX3_22016_23552.jpg,TCGA-T9-A92H,TCGA-T9-A92H-01Z-00-DX3,0,0.36131153,0
non-tumour/TCGA-T9-A92H-01Z-00-DX3_22016_24064.jpg,TCGA-T9-A92H,TCGA-T9-A92H-01Z-00-DX3,0,0.05481774,0
non-tumour/TCGA-T9-A92H-01Z-00-DX3_22016_8704.jpg,TCGA-T9-A92H,TCGA-T9-A92H-01Z-00-DX3,0,0.0004373874,0
non-tumour/TCGA-T9-A92H-01Z-00-DX3_22016_9216.jpg,TCGA-T9-A92H,TCGA-T9-A92H-01Z-00-DX3,0,0.00066921936,0
non-tumour/TCGA-T9-A92H-01Z-00-DX3_22528_11264.jpg,TCGA-T9-A92H,TCGA-T9-A92H-01Z-00-DX3,0,0.053353176,0
non-tumour/TCGA-T9-A92H-01Z-00-DX3_22528_12800.jpg,TCGA-T9-A92H,TCGA-T9-A92H-01Z-00-DX3,0,0.001712753,0
non-tumour/TCGA-T9-A92H-01Z-00-DX3_22528_14336.jpg,TCGA-T9-A92H,TCGA-T9-A92H-01Z-00-DX3,0,0.059961546,0
non-tumour/TCGA-T9-A92H-01Z-00-DX3_22528_14848.jpg,TCGA-T9-A92H,TCGA-T9-A92H-01Z-00-DX3,0,0.84372985,1
non-tumour/TCGA-T9-A92H-01Z-00-DX3_22528_15872.jpg,TCGA-T9-A92H,TCGA-T9-A92H-01Z-00-DX3,0,0.01019473,0
non-tumour/TCGA-T9-A92H-01Z-00-DX3_22528_17920.jpg,TCGA-T9-A92H,TCGA-T9-A92H-01Z-00-DX3,0,0.0010342494,0
non-tumour/TCGA-T9-A92H-01Z-00-DX3_22528_18944.jpg,TCGA-T9-A92H,TCGA-T9-A92H-01Z-00-DX3,0,0.060517892,0
non-tumour/TCGA-T9-A92H-01Z-00-DX3_22528_22016.jpg,TCGA-T9-A92H,TCGA-T9-A92H-01Z-00-DX3,0,0.016198533,0
non-tumour/TCGA-T9-A92H-01Z-00-DX3_22528_22528.jpg,TCGA-T9-A92H,TCGA-T9-A92H-01Z-00-DX3,0,0.0049784747,0
non-tumour/TCGA-T9-A92H-01Z-00-DX3_22528_24576.jpg,TCGA-T9-A92H,TCGA-T9-A92H-01Z-00-DX3,0,0.11610407,0
non-tumour/TCGA-T9-A92H-01Z-00-DX3_22528_9216.jpg,TCGA-T9-A92H,TCGA-T9-A92H-01Z-00-DX3,0,0.0005732469,0
non-tumour/TCGA-T9-A92H-01Z-00-DX3_23040_10752.jpg,TCGA-T9-A92H,TCGA-T9-A92H-01Z-00-DX3,0,0.3751431,0
non-tumour/TCGA-T9-A92H-01Z-00-DX3_23040_11776.jpg,TCGA-T9-A92H,TCGA-T9-A92H-01Z-00-DX3,0,0.012518751,0
non-tumour/TCGA-T9-A92H-01Z-00-DX3_23040_13312.jpg,TCGA-T9-A92H,TCGA-T9-A92H-01Z-00-DX3,0,0.00050604256,0
non-tumour/TCGA-T9-A92H-01Z-00-DX3_23040_13824.jpg,TCGA-T9-A92H,TCGA-T9-A92H-01Z-00-DX3,0,0.01487417,0
non-tumour/TCGA-T9-A92H-01Z-00-DX3_23040_14848.jpg,TCGA-T9-A92H,TCGA-T9-A92H-01Z-00-DX3,0,0.00011787715,0
non-tumour/TCGA-T9-A92H-01Z-00-DX3_23040_15360.jpg,TCGA-T9-A92H,TCGA-T9-A92H-01Z-00-DX3,0,0.6302328,1
non-tumour/TCGA-T9-A92H-01Z-00-DX3_23040_16896.jpg,TCGA-T9-A92H,TCGA-T9-A92H-01Z-00-DX3,0,0.021884125,0
non-tumour/TCGA-T9-A92H-01Z-00-DX3_23040_17408.jpg,TCGA-T9-A92H,TCGA-T9-A92H-01Z-00-DX3,0,0.019818315,0
non-tumour/TCGA-T9-A92H-01Z-00-DX3_23040_17920.jpg,TCGA-T9-A92H,TCGA-T9-A92H-01Z-00-DX3,0,0.00022868281,0
non-tumour/TCGA-T9-A92H-01Z-00-DX3_23040_18432.jpg,TCGA-T9-A92H,TCGA-T9-A92H-01Z-00-DX3,0,0.0042149876,0
non-tumour/TCGA-T9-A92H-01Z-00-DX3_23040_18944.jpg,TCGA-T9-A92H,TCGA-T9-A92H-01Z-00-DX3,0,0.0073440117,0
non-tumour/TCGA-T9-A92H-01Z-00-DX3_23040_20480.jpg,TCGA-T9-A92H,TCGA-T9-A92H-01Z-00-DX3,0,3.603363e-05,0
non-tumour/TCGA-T9-A92H-01Z-00-DX3_23040_23552.jpg,TCGA-T9-A92H,TCGA-T9-A92H-01Z-00-DX3,0,0.24919987,0
non-tumour/TCGA-T9-A92H-01Z-00-DX3_23040_24064.jpg,TCGA-T9-A92H,TCGA-T9-A92H-01Z-00-DX3,0,0.31642005,0
non-tumour/TCGA-T9-A92H-01Z-00-DX3_23040_8704.jpg,TCGA-T9-A92H,TCGA-T9-A92H-01Z-00-DX3,0,0.0008784307,0
non-tumour/TCGA-T9-A92H-01Z-00-DX3_23040_9216.jpg,TCGA-T9-A92H,TCGA-T9-A92H-01Z-00-DX3,0,8.7353095e-05,0
non-tumour/TCGA-T9-A92H-01Z-00-DX3_23040_9728.jpg,TCGA-T9-A92H,TCGA-T9-A92H-01Z-00-DX3,0,0.000757612,0
non-tumour/TCGA-T9-A92H-01Z-00-DX3_23552_10752.jpg,TCGA-T9-A92H,TCGA-T9-A92H-01Z-00-DX3,0,0.00025340437,0
non-tumour/TCGA-T9-A92H-01Z-00-DX3_23552_12288.jpg,TCGA-T9-A92H,TCGA-T9-A92H-01Z-00-DX3,0,0.021498555,0
non-tumour/TCGA-T9-A92H-01Z-00-DX3_23552_12800.jpg,TCGA-T9-A92H,TCGA-T9-A92H-01Z-00-DX3,0,0.001792254,0
non-tumour/TCGA-T9-A92H-01Z-00-DX3_23552_13312.jpg,TCGA-T9-A92H,TCGA-T9-A92H-01Z-00-DX3,0,0.00016013882,0
non-tumour/TCGA-T9-A92H-01Z-00-DX3_23552_13824.jpg,TCGA-T9-A92H,TCGA-T9-A92H-01Z-00-DX3,0,0.020943204,0
non-tumour/TCGA-T9-A92H-01Z-00-DX3_23552_15360.jpg,TCGA-T9-A92H,TCGA-T9-A92H-01Z-00-DX3,0,0.031403467,0
non-tumour/TCGA-T9-A92H-01Z-00-DX3_23552_15872.jpg,TCGA-T9-A92H,TCGA-T9-A92H-01Z-00-DX3,0,0.0035106358,0
non-tumour/TCGA-T9-A92H-01Z-00-DX3_23552_16384.jpg,TCGA-T9-A92H,TCGA-T9-A92H-01Z-00-DX3,0,0.002506554,0
non-tumour/TCGA-T9-A92H-01Z-00-DX3_23552_19456.jpg,TCGA-T9-A92H,TCGA-T9-A92H-01Z-00-DX3,0,0.01658522,0
non-tumour/TCGA-T9-A92H-01Z-00-DX3_23552_19968.jpg,TCGA-T9-A92H,TCGA-T9-A92H-01Z-00-DX3,0,0.02737253,0
non-tumour/TCGA-T9-A92H-01Z-00-DX3_23552_20480.jpg,TCGA-T9-A92H,TCGA-T9-A92H-01Z-00-DX3,0,0.010342877,0
non-tumour/TCGA-T9-A92H-01Z-00-DX3_23552_21504.jpg,TCGA-T9-A92H,TCGA-T9-A92H-01Z-00-DX3,0,0.6363187,1
non-tumour/TCGA-T9-A92H-01Z-00-DX3_23552_22528.jpg,TCGA-T9-A92H,TCGA-T9-A92H-01Z-00-DX3,0,0.20613071,0
non-tumour/TCGA-T9-A92H-01Z-00-DX3_23552_23552.jpg,TCGA-T9-A92H,TCGA-T9-A92H-01Z-00-DX3,0,0.8786542,1
non-tumour/TCGA-T9-A92H-01Z-00-DX3_23552_25088.jpg,TCGA-T9-A92H,TCGA-T9-A92H-01Z-00-DX3,0,0.15978372,0
non-tumour/TCGA-T9-A92H-01Z-00-DX3_23552_9216.jpg,TCGA-T9-A92H,TCGA-T9-A92H-01Z-00-DX3,0,1.0890252e-06,0
non-tumour/TCGA-T9-A92H-01Z-00-DX3_24064_10752.jpg,TCGA-T9-A92H,TCGA-T9-A92H-01Z-00-DX3,0,2.4276938e-05,0
non-tumour/TCGA-T9-A92H-01Z-00-DX3_24064_11264.jpg,TCGA-T9-A92H,TCGA-T9-A92H-01Z-00-DX3,0,0.00021479045,0
non-tumour/TCGA-T9-A92H-01Z-00-DX3_24064_11776.jpg,TCGA-T9-A92H,TCGA-T9-A92H-01Z-00-DX3,0,0.120782845,0
non-tumour/TCGA-T9-A92H-01Z-00-DX3_24064_12288.jpg,TCGA-T9-A92H,TCGA-T9-A92H-01Z-00-DX3,0,0.0037302312,0
non-tumour/TCGA-T9-A92H-01Z-00-DX3_24064_12800.jpg,TCGA-T9-A92H,TCGA-T9-A92H-01Z-00-DX3,0,0.00014908194,0
non-tumour/TCGA-T9-A92H-01Z-00-DX3_24064_13824.jpg,TCGA-T9-A92H,TCGA-T9-A92H-01Z-00-DX3,0,0.01098357,0
non-tumour/TCGA-T9-A92H-01Z-00-DX3_24064_14336.jpg,TCGA-T9-A92H,TCGA-T9-A92H-01Z-00-DX3,0,0.020721404,0
non-tumour/TCGA-T9-A92H-01Z-00-DX3_24064_15360.jpg,TCGA-T9-A92H,TCGA-T9-A92H-01Z-00-DX3,0,0.008779159,0
non-tumour/TCGA-T9-A92H-01Z-00-DX3_24064_15872.jpg,TCGA-T9-A92H,TCGA-T9-A92H-01Z-00-DX3,0,5.103918e-05,0
non-tumour/TCGA-T9-A92H-01Z-00-DX3_24064_16896.jpg,TCGA-T9-A92H,TCGA-T9-A92H-01Z-00-DX3,0,7.7480974e-05,0
non-tumour/TCGA-T9-A92H-01Z-00-DX3_24064_17920.jpg,TCGA-T9-A92H,TCGA-T9-A92H-01Z-00-DX3,0,0.00033805936,0
non-tumour/TCGA-T9-A92H-01Z-00-DX3_24064_18432.jpg,TCGA-T9-A92H,TCGA-T9-A92H-01Z-00-DX3,0,0.00011220489,0
non-tumour/TCGA-T9-A92H-01Z-00-DX3_24064_18944.jpg,TCGA-T9-A92H,TCGA-T9-A92H-01Z-00-DX3,0,0.0051884423,0
non-tumour/TCGA-T9-A92H-01Z-00-DX3_24064_19968.jpg,TCGA-T9-A92H,TCGA-T9-A92H-01Z-00-DX3,0,0.00030866484,0
non-tumour/TCGA-T9-A92H-01Z-00-DX3_24064_20480.jpg,TCGA-T9-A92H,TCGA-T9-A92H-01Z-00-DX3,0,0.0035250764,0
non-tumour/TCGA-T9-A92H-01Z-00-DX3_24064_20992.jpg,TCGA-T9-A92H,TCGA-T9-A92H-01Z-00-DX3,0,0.06884993,0
non-tumour/TCGA-T9-A92H-01Z-00-DX3_24064_21504.jpg,TCGA-T9-A92H,TCGA-T9-A92H-01Z-00-DX3,0,0.07130012,0
non-tumour/TCGA-T9-A92H-01Z-00-DX3_24064_22528.jpg,TCGA-T9-A92H,TCGA-T9-A92H-01Z-00-DX3,0,0.021910107,0
non-tumour/TCGA-T9-A92H-01Z-00-DX3_24064_23552.jpg,TCGA-T9-A92H,TCGA-T9-A92H-01Z-00-DX3,0,0.019631162,0
non-tumour/TCGA-T9-A92H-01Z-00-DX3_24064_24576.jpg,TCGA-T9-A92H,TCGA-T9-A92H-01Z-00-DX3,0,0.40334788,0
non-tumour/TCGA-T9-A92H-01Z-00-DX3_24576_13824.jpg,TCGA-T9-A92H,TCGA-T9-A92H-01Z-00-DX3,0,0.6034237,1
non-tumour/TCGA-T9-A92H-01Z-00-DX3_24576_14336.jpg,TCGA-T9-A92H,TCGA-T9-A92H-01Z-00-DX3,0,0.04530931,0
non-tumour/TCGA-T9-A92H-01Z-00-DX3_24576_15872.jpg,TCGA-T9-A92H,TCGA-T9-A92H-01Z-00-DX3,0,0.000107905515,0
non-tumour/TCGA-T9-A92H-01Z-00-DX3_24576_16896.jpg,TCGA-T9-A92H,TCGA-T9-A92H-01Z-00-DX3,0,0.000611303,0
non-tumour/TCGA-T9-A92H-01Z-00-DX3_24576_17408.jpg,TCGA-T9-A92H,TCGA-T9-A92H-01Z-00-DX3,0,0.055366755,0
non-tumour/TCGA-T9-A92H-01Z-00-DX3_24576_17920.jpg,TCGA-T9-A92H,TCGA-T9-A92H-01Z-00-DX3,0,0.00011652768,0
non-tumour/TCGA-T9-A92H-01Z-00-DX3_24576_20992.jpg,TCGA-T9-A92H,TCGA-T9-A92H-01Z-00-DX3,0,0.025837895,0
non-tumour/TCGA-T9-A92H-01Z-00-DX3_24576_21504.jpg,TCGA-T9-A92H,TCGA-T9-A92H-01Z-00-DX3,0,0.06254726,0
non-tumour/TCGA-T9-A92H-01Z-00-DX3_24576_22016.jpg,TCGA-T9-A92H,TCGA-T9-A92H-01Z-00-DX3,0,0.034921754,0
non-tumour/TCGA-T9-A92H-01Z-00-DX3_24576_23040.jpg,TCGA-T9-A92H,TCGA-T9-A92H-01Z-00-DX3,0,0.043913625,0
non-tumour/TCGA-T9-A92H-01Z-00-DX3_24576_24064.jpg,TCGA-T9-A92H,TCGA-T9-A92H-01Z-00-DX3,0,0.030440196,0
non-tumour/TCGA-T9-A92H-01Z-00-DX3_24576_24576.jpg,TCGA-T9-A92H,TCGA-T9-A92H-01Z-00-DX3,0,0.08126146,0
non-tumour/TCGA-T9-A92H-01Z-00-DX3_25088_13824.jpg,TCGA-T9-A92H,TCGA-T9-A92H-01Z-00-DX3,0,0.025226105,0
non-tumour/TCGA-T9-A92H-01Z-00-DX3_25088_16896.jpg,TCGA-T9-A92H,TCGA-T9-A92H-01Z-00-DX3,0,0.0014784764,0
non-tumour/TCGA-T9-A92H-01Z-00-DX3_25088_17408.jpg,TCGA-T9-A92H,TCGA-T9-A92H-01Z-00-DX3,0,0.015505715,0
non-tumour/TCGA-T9-A92H-01Z-00-DX3_25088_17920.jpg,TCGA-T9-A92H,TCGA-T9-A92H-01Z-00-DX3,0,0.00017756982,0
non-tumour/TCGA-T9-A92H-01Z-00-DX3_25088_19456.jpg,TCGA-T9-A92H,TCGA-T9-A92H-01Z-00-DX3,0,0.038494185,0
non-tumour/TCGA-T9-A92H-01Z-00-DX3_25088_20992.jpg,TCGA-T9-A92H,TCGA-T9-A92H-01Z-00-DX3,0,0.5638712,1
non-tumour/TCGA-T9-A92H-01Z-00-DX3_25088_22528.jpg,TCGA-T9-A92H,TCGA-T9-A92H-01Z-00-DX3,0,0.34665966,0
non-tumour/TCGA-T9-A92H-01Z-00-DX3_25088_24576.jpg,TCGA-T9-A92H,TCGA-T9-A92H-01Z-00-DX3,0,0.1991069,0
non-tumour/TCGA-T9-A92H-01Z-00-DX3_25600_14336.jpg,TCGA-T9-A92H,TCGA-T9-A92H-01Z-00-DX3,0,0.051770695,0
non-tumour/TCGA-T9-A92H-01Z-00-DX3_25600_14848.jpg,TCGA-T9-A92H,TCGA-T9-A92H-01Z-00-DX3,0,0.008946855,0
non-tumour/TCGA-T9-A92H-01Z-00-DX3_25600_15360.jpg,TCGA-T9-A92H,TCGA-T9-A92H-01Z-00-DX3,0,0.015134112,0
non-tumour/TCGA-T9-A92H-01Z-00-DX3_25600_15872.jpg,TCGA-T9-A92H,TCGA-T9-A92H-01Z-00-DX3,0,0.00041776974,0
non-tumour/TCGA-T9-A92H-01Z-00-DX3_25600_16384.jpg,TCGA-T9-A92H,TCGA-T9-A92H-01Z-00-DX3,0,0.0007890378,0
non-tumour/TCGA-T9-A92H-01Z-00-DX3_25600_16896.jpg,TCGA-T9-A92H,TCGA-T9-A92H-01Z-00-DX3,0,8.8161316e-05,0
non-tumour/TCGA-T9-A92H-01Z-00-DX3_25600_17408.jpg,TCGA-T9-A92H,TCGA-T9-A92H-01Z-00-DX3,0,0.016172526,0
non-tumour/TCGA-T9-A92H-01Z-00-DX3_25600_18944.jpg,TCGA-T9-A92H,TCGA-T9-A92H-01Z-00-DX3,0,0.075289935,0
non-tumour/TCGA-T9-A92H-01Z-00-DX3_25600_19456.jpg,TCGA-T9-A92H,TCGA-T9-A92H-01Z-00-DX3,0,0.50526375,1
non-tumour/TCGA-T9-A92H-01Z-00-DX3_25600_19968.jpg,TCGA-T9-A92H,TCGA-T9-A92H-01Z-00-DX3,0,0.04777614,0
non-tumour/TCGA-T9-A92H-01Z-00-DX3_25600_20992.jpg,TCGA-T9-A92H,TCGA-T9-A92H-01Z-00-DX3,0,0.367781,0
non-tumour/TCGA-T9-A92H-01Z-00-DX3_25600_21504.jpg,TCGA-T9-A92H,TCGA-T9-A92H-01Z-00-DX3,0,0.31008002,0
non-tumour/TCGA-T9-A92H-01Z-00-DX3_25600_22528.jpg,TCGA-T9-A92H,TCGA-T9-A92H-01Z-00-DX3,0,0.43953463,0
non-tumour/TCGA-T9-A92H-01Z-00-DX3_25600_23552.jpg,TCGA-T9-A92H,TCGA-T9-A92H-01Z-00-DX3,0,0.038948577,0
non-tumour/TCGA-T9-A92H-01Z-00-DX3_25600_25088.jpg,TCGA-T9-A92H,TCGA-T9-A92H-01Z-00-DX3,0,0.0061562792,0
non-tumour/TCGA-T9-A92H-01Z-00-DX3_26112_12288.jpg,TCGA-T9-A92H,TCGA-T9-A92H-01Z-00-DX3,0,0.080348074,0
non-tumour/TCGA-T9-A92H-01Z-00-DX3_26112_12800.jpg,TCGA-T9-A92H,TCGA-T9-A92H-01Z-00-DX3,0,0.0019436872,0
non-tumour/TCGA-T9-A92H-01Z-00-DX3_26112_13312.jpg,TCGA-T9-A92H,TCGA-T9-A92H-01Z-00-DX3,0,4.7301444e-05,0
non-tumour/TCGA-T9-A92H-01Z-00-DX3_26112_15872.jpg,TCGA-T9-A92H,TCGA-T9-A92H-01Z-00-DX3,0,0.014386528,0
non-tumour/TCGA-T9-A92H-01Z-00-DX3_26112_19456.jpg,TCGA-T9-A92H,TCGA-T9-A92H-01Z-00-DX3,0,0.07647565,0
non-tumour/TCGA-T9-A92H-01Z-00-DX3_26112_19968.jpg,TCGA-T9-A92H,TCGA-T9-A92H-01Z-00-DX3,0,0.27059162,0
non-tumour/TCGA-T9-A92H-01Z-00-DX3_26112_22528.jpg,TCGA-T9-A92H,TCGA-T9-A92H-01Z-00-DX3,0,6.344851e-05,0
non-tumour/TCGA-T9-A92H-01Z-00-DX3_26112_23552.jpg,TCGA-T9-A92H,TCGA-T9-A92H-01Z-00-DX3,0,0.5199521,1
non-tumour/TCGA-T9-A92H-01Z-00-DX3_26112_24064.jpg,TCGA-T9-A92H,TCGA-T9-A92H-01Z-00-DX3,0,0.015126139,0
non-tumour/TCGA-T9-A92H-01Z-00-DX3_26112_24576.jpg,TCGA-T9-A92H,TCGA-T9-A92H-01Z-00-DX3,0,0.010574475,0
non-tumour/TCGA-T9-A92H-01Z-00-DX3_26624_11264.jpg,TCGA-T9-A92H,TCGA-T9-A92H-01Z-00-DX3,0,0.11540837,0
non-tumour/TCGA-T9-A92H-01Z-00-DX3_26624_12288.jpg,TCGA-T9-A92H,TCGA-T9-A92H-01Z-00-DX3,0,0.064826116,0
non-tumour/TCGA-T9-A92H-01Z-00-DX3_26624_12800.jpg,TCGA-T9-A92H,TCGA-T9-A92H-01Z-00-DX3,0,0.018367477,0
non-tumour/TCGA-T9-A92H-01Z-00-DX3_26624_13312.jpg,TCGA-T9-A92H,TCGA-T9-A92H-01Z-00-DX3,0,0.00014742052,0
non-tumour/TCGA-T9-A92H-01Z-00-DX3_26624_13824.jpg,TCGA-T9-A92H,TCGA-T9-A92H-01Z-00-DX3,0,0.011303342,0
non-tumour/TCGA-T9-A92H-01Z-00-DX3_26624_14336.jpg,TCGA-T9-A92H,TCGA-T9-A92H-01Z-00-DX3,0,0.025328368,0
non-tumour/TCGA-T9-A92H-01Z-00-DX3_26624_15360.jpg,TCGA-T9-A92H,TCGA-T9-A92H-01Z-00-DX3,0,3.280816e-05,0
non-tumour/TCGA-T9-A92H-01Z-00-DX3_26624_15872.jpg,TCGA-T9-A92H,TCGA-T9-A92H-01Z-00-DX3,0,0.00032734795,0
non-tumour/TCGA-T9-A92H-01Z-00-DX3_26624_16896.jpg,TCGA-T9-A92H,TCGA-T9-A92H-01Z-00-DX3,0,7.374877e-05,0
non-tumour/TCGA-T9-A92H-01Z-00-DX3_26624_17408.jpg,TCGA-T9-A92H,TCGA-T9-A92H-01Z-00-DX3,0,0.00016712332,0
non-tumour/TCGA-T9-A92H-01Z-00-DX3_26624_17920.jpg,TCGA-T9-A92H,TCGA-T9-A92H-01Z-00-DX3,0,0.00021435099,0
non-tumour/TCGA-T9-A92H-01Z-00-DX3_26624_18432.jpg,TCGA-T9-A92H,TCGA-T9-A92H-01Z-00-DX3,0,0.0026696878,0
non-tumour/TCGA-T9-A92H-01Z-00-DX3_26624_18944.jpg,TCGA-T9-A92H,TCGA-T9-A92H-01Z-00-DX3,0,8.677604e-06,0
non-tumour/TCGA-T9-A92H-01Z-00-DX3_26624_19456.jpg,TCGA-T9-A92H,TCGA-T9-A92H-01Z-00-DX3,0,0.045934916,0
non-tumour/TCGA-T9-A92H-01Z-00-DX3_26624_21504.jpg,TCGA-T9-A92H,TCGA-T9-A92H-01Z-00-DX3,0,0.27622098,0
non-tumour/TCGA-T9-A92H-01Z-00-DX3_26624_22016.jpg,TCGA-T9-A92H,TCGA-T9-A92H-01Z-00-DX3,0,0.16116011,0
non-tumour/TCGA-T9-A92H-01Z-00-DX3_26624_22528.jpg,TCGA-T9-A92H,TCGA-T9-A92H-01Z-00-DX3,0,0.00030019306,0
non-tumour/TCGA-T9-A92H-01Z-00-DX3_26624_23040.jpg,TCGA-T9-A92H,TCGA-T9-A92H-01Z-00-DX3,0,0.04977388,0
non-tumour/TCGA-T9-A92H-01Z-00-DX3_26624_24064.jpg,TCGA-T9-A92H,TCGA-T9-A92H-01Z-00-DX3,0,0.002560828,0
non-tumour/TCGA-T9-A92H-01Z-00-DX3_26624_24576.jpg,TCGA-T9-A92H,TCGA-T9-A92H-01Z-00-DX3,0,0.00020449093,0
non-tumour/TCGA-T9-A92H-01Z-00-DX3_27136_11264.jpg,TCGA-T9-A92H,TCGA-T9-A92H-01Z-00-DX3,0,0.0028281922,0
non-tumour/TCGA-T9-A92H-01Z-00-DX3_27136_11776.jpg,TCGA-T9-A92H,TCGA-T9-A92H-01Z-00-DX3,0,8.983093e-06,0
non-tumour/TCGA-T9-A92H-01Z-00-DX3_27136_12288.jpg,TCGA-T9-A92H,TCGA-T9-A92H-01Z-00-DX3,0,0.0014043308,0
non-tumour/TCGA-T9-A92H-01Z-00-DX3_27136_12800.jpg,TCGA-T9-A92H,TCGA-T9-A92H-01Z-00-DX3,0,0.0026888752,0
non-tumour/TCGA-T9-A92H-01Z-00-DX3_27136_13312.jpg,TCGA-T9-A92H,TCGA-T9-A92H-01Z-00-DX3,0,0.0014324405,0
non-tumour/TCGA-T9-A92H-01Z-00-DX3_27136_13824.jpg,TCGA-T9-A92H,TCGA-T9-A92H-01Z-00-DX3,0,0.020672081,0
non-tumour/TCGA-T9-A92H-01Z-00-DX3_27136_14336.jpg,TCGA-T9-A92H,TCGA-T9-A92H-01Z-00-DX3,0,0.00029233893,0
non-tumour/TCGA-T9-A92H-01Z-00-DX3_27136_15360.jpg,TCGA-T9-A92H,TCGA-T9-A92H-01Z-00-DX3,0,0.0015697194,0
non-tumour/TCGA-T9-A92H-01Z-00-DX3_27136_16384.jpg,TCGA-T9-A92H,TCGA-T9-A92H-01Z-00-DX3,0,0.00021751765,0
non-tumour/TCGA-T9-A92H-01Z-00-DX3_27136_17408.jpg,TCGA-T9-A92H,TCGA-T9-A92H-01Z-00-DX3,0,0.0040028,0
non-tumour/TCGA-T9-A92H-01Z-00-DX3_27136_18432.jpg,TCGA-T9-A92H,TCGA-T9-A92H-01Z-00-DX3,0,4.8526813e-06,0
non-tumour/TCGA-T9-A92H-01Z-00-DX3_27136_18944.jpg,TCGA-T9-A92H,TCGA-T9-A92H-01Z-00-DX3,0,1.1319134e-05,0
non-tumour/TCGA-T9-A92H-01Z-00-DX3_27136_20480.jpg,TCGA-T9-A92H,TCGA-T9-A92H-01Z-00-DX3,0,0.00023593171,0
non-tumour/TCGA-T9-A92H-01Z-00-DX3_27136_20992.jpg,TCGA-T9-A92H,TCGA-T9-A92H-01Z-00-DX3,0,0.077036545,0
non-tumour/TCGA-T9-A92H-01Z-00-DX3_27136_21504.jpg,TCGA-T9-A92H,TCGA-T9-A92H-01Z-00-DX3,0,0.0030020643,0
non-tumour/TCGA-T9-A92H-01Z-00-DX3_27136_23040.jpg,TCGA-T9-A92H,TCGA-T9-A92H-01Z-00-DX3,0,0.011139589,0
non-tumour/TCGA-T9-A92H-01Z-00-DX3_27648_11264.jpg,TCGA-T9-A92H,TCGA-T9-A92H-01Z-00-DX3,0,0.0038313714,0
non-tumour/TCGA-T9-A92H-01Z-00-DX3_27648_12800.jpg,TCGA-T9-A92H,TCGA-T9-A92H-01Z-00-DX3,0,0.0025875447,0
non-tumour/TCGA-T9-A92H-01Z-00-DX3_27648_13312.jpg,TCGA-T9-A92H,TCGA-T9-A92H-01Z-00-DX3,0,9.556443e-05,0
non-tumour/TCGA-T9-A92H-01Z-00-DX3_27648_14336.jpg,TCGA-T9-A92H,TCGA-T9-A92H-01Z-00-DX3,0,0.0005859894,0
non-tumour/TCGA-T9-A92H-01Z-00-DX3_27648_14848.jpg,TCGA-T9-A92H,TCGA-T9-A92H-01Z-00-DX3,0,4.4195258e-05,0
non-tumour/TCGA-T9-A92H-01Z-00-DX3_27648_15872.jpg,TCGA-T9-A92H,TCGA-T9-A92H-01Z-00-DX3,0,0.0031166272,0
non-tumour/TCGA-T9-A92H-01Z-00-DX3_27648_16384.jpg,TCGA-T9-A92H,TCGA-T9-A92H-01Z-00-DX3,0,0.005606045,0
non-tumour/TCGA-T9-A92H-01Z-00-DX3_27648_17408.jpg,TCGA-T9-A92H,TCGA-T9-A92H-01Z-00-DX3,0,0.014337165,0
non-tumour/TCGA-T9-A92H-01Z-00-DX3_27648_18944.jpg,TCGA-T9-A92H,TCGA-T9-A92H-01Z-00-DX3,0,0.00013073788,0
non-tumour/TCGA-T9-A92H-01Z-00-DX3_27648_19968.jpg,TCGA-T9-A92H,TCGA-T9-A92H-01Z-00-DX3,0,0.050374504,0
non-tumour/TCGA-T9-A92H-01Z-00-DX3_27648_22528.jpg,TCGA-T9-A92H,TCGA-T9-A92H-01Z-00-DX3,0,0.060316525,0
non-tumour/TCGA-T9-A92H-01Z-00-DX3_27648_23552.jpg,TCGA-T9-A92H,TCGA-T9-A92H-01Z-00-DX3,0,0.00011420512,0
non-tumour/TCGA-T9-A92H-01Z-00-DX3_27648_24064.jpg,TCGA-T9-A92H,TCGA-T9-A92H-01Z-00-DX3,0,0.0026053542,0
non-tumour/TCGA-T9-A92H-01Z-00-DX3_28160_10240.jpg,TCGA-T9-A92H,TCGA-T9-A92H-01Z-00-DX3,0,0.0012414686,0
non-tumour/TCGA-T9-A92H-01Z-00-DX3_28160_11264.jpg,TCGA-T9-A92H,TCGA-T9-A92H-01Z-00-DX3,0,0.013227601,0
non-tumour/TCGA-T9-A92H-01Z-00-DX3_28160_14848.jpg,TCGA-T9-A92H,TCGA-T9-A92H-01Z-00-DX3,0,0.00013429947,0
non-tumour/TCGA-T9-A92H-01Z-00-DX3_28160_16384.jpg,TCGA-T9-A92H,TCGA-T9-A92H-01Z-00-DX3,0,0.010036244,0
non-tumour/TCGA-T9-A92H-01Z-00-DX3_28160_16896.jpg,TCGA-T9-A92H,TCGA-T9-A92H-01Z-00-DX3,0,0.01023159,0
non-tumour/TCGA-T9-A92H-01Z-00-DX3_28160_17408.jpg,TCGA-T9-A92H,TCGA-T9-A92H-01Z-00-DX3,0,0.07793432,0
non-tumour/TCGA-T9-A92H-01Z-00-DX3_28160_17920.jpg,TCGA-T9-A92H,TCGA-T9-A92H-01Z-00-DX3,0,0.010666109,0
non-tumour/TCGA-T9-A92H-01Z-00-DX3_28160_18432.jpg,TCGA-T9-A92H,TCGA-T9-A92H-01Z-00-DX3,0,0.0003423032,0
non-tumour/TCGA-T9-A92H-01Z-00-DX3_28160_19456.jpg,TCGA-T9-A92H,TCGA-T9-A92H-01Z-00-DX3,0,0.009994614,0
non-tumour/TCGA-T9-A92H-01Z-00-DX3_28160_19968.jpg,TCGA-T9-A92H,TCGA-T9-A92H-01Z-00-DX3,0,0.022724476,0
non-tumour/TCGA-T9-A92H-01Z-00-DX3_28160_20480.jpg,TCGA-T9-A92H,TCGA-T9-A92H-01Z-00-DX3,0,0.008370019,0
non-tumour/TCGA-T9-A92H-01Z-00-DX3_28160_20992.jpg,TCGA-T9-A92H,TCGA-T9-A92H-01Z-00-DX3,0,0.0007562764,0
non-tumour/TCGA-T9-A92H-01Z-00-DX3_28672_10240.jpg,TCGA-T9-A92H,TCGA-T9-A92H-01Z-00-DX3,0,0.0028541407,0
non-tumour/TCGA-T9-A92H-01Z-00-DX3_28672_10752.jpg,TCGA-T9-A92H,TCGA-T9-A92H-01Z-00-DX3,0,0.013083536,0
non-tumour/TCGA-T9-A92H-01Z-00-DX3_28672_12288.jpg,TCGA-T9-A92H,TCGA-T9-A92H-01Z-00-DX3,0,1.3466578e-05,0
non-tumour/TCGA-T9-A92H-01Z-00-DX3_28672_15872.jpg,TCGA-T9-A92H,TCGA-T9-A92H-01Z-00-DX3,0,0.0048763086,0
non-tumour/TCGA-T9-A92H-01Z-00-DX3_28672_16384.jpg,TCGA-T9-A92H,TCGA-T9-A92H-01Z-00-DX3,0,0.0038865546,0
non-tumour/TCGA-T9-A92H-01Z-00-DX3_28672_17920.jpg,TCGA-T9-A92H,TCGA-T9-A92H-01Z-00-DX3,0,0.022242667,0
non-tumour/TCGA-T9-A92H-01Z-00-DX3_28672_18944.jpg,TCGA-T9-A92H,TCGA-T9-A92H-01Z-00-DX3,0,0.13281523,0
non-tumour/TCGA-T9-A92H-01Z-00-DX3_28672_22016.jpg,TCGA-T9-A92H,TCGA-T9-A92H-01Z-00-DX3,0,0.07424938,0
non-tumour/TCGA-T9-A92H-01Z-00-DX3_29184_11264.jpg,TCGA-T9-A92H,TCGA-T9-A92H-01Z-00-DX3,0,0.056654144,0
non-tumour/TCGA-T9-A92H-01Z-00-DX3_29184_12288.jpg,TCGA-T9-A92H,TCGA-T9-A92H-01Z-00-DX3,0,0.0002372943,0
non-tumour/TCGA-T9-A92H-01Z-00-DX3_29184_13312.jpg,TCGA-T9-A92H,TCGA-T9-A92H-01Z-00-DX3,0,0.3912322,0
non-tumour/TCGA-T9-A92H-01Z-00-DX3_29184_14848.jpg,TCGA-T9-A92H,TCGA-T9-A92H-01Z-00-DX3,0,0.008108608,0
non-tumour/TCGA-T9-A92H-01Z-00-DX3_29184_17408.jpg,TCGA-T9-A92H,TCGA-T9-A92H-01Z-00-DX3,0,0.009317787,0
non-tumour/TCGA-T9-A92H-01Z-00-DX3_29184_19968.jpg,TCGA-T9-A92H,TCGA-T9-A92H-01Z-00-DX3,0,0.010793381,0
non-tumour/TCGA-T9-A92H-01Z-00-DX3_29184_20480.jpg,TCGA-T9-A92H,TCGA-T9-A92H-01Z-00-DX3,0,0.1177618,0
non-tumour/TCGA-T9-A92H-01Z-00-DX3_29184_20992.jpg,TCGA-T9-A92H,TCGA-T9-A92H-01Z-00-DX3,0,0.2144436,0
non-tumour/TCGA-T9-A92H-01Z-00-DX3_29184_22528.jpg,TCGA-T9-A92H,TCGA-T9-A92H-01Z-00-DX3,0,0.19126116,0
non-tumour/TCGA-T9-A92H-01Z-00-DX3_29184_23040.jpg,TCGA-T9-A92H,TCGA-T9-A92H-01Z-00-DX3,0,0.12127142,0
non-tumour/TCGA-T9-A92H-01Z-00-DX3_29696_10240.jpg,TCGA-T9-A92H,TCGA-T9-A92H-01Z-00-DX3,0,0.0001466034,0
non-tumour/TCGA-T9-A92H-01Z-00-DX3_29696_11264.jpg,TCGA-T9-A92H,TCGA-T9-A92H-01Z-00-DX3,0,0.2624784,0
non-tumour/TCGA-T9-A92H-01Z-00-DX3_29696_12288.jpg,TCGA-T9-A92H,TCGA-T9-A92H-01Z-00-DX3,0,0.05095381,0
non-tumour/TCGA-T9-A92H-01Z-00-DX3_29696_13312.jpg,TCGA-T9-A92H,TCGA-T9-A92H-01Z-00-DX3,0,0.17336893,0
non-tumour/TCGA-T9-A92H-01Z-00-DX3_29696_14336.jpg,TCGA-T9-A92H,TCGA-T9-A92H-01Z-00-DX3,0,0.012334827,0
non-tumour/TCGA-T9-A92H-01Z-00-DX3_29696_14848.jpg,TCGA-T9-A92H,TCGA-T9-A92H-01Z-00-DX3,0,0.1294449,0
non-tumour/TCGA-T9-A92H-01Z-00-DX3_29696_15360.jpg,TCGA-T9-A92H,TCGA-T9-A92H-01Z-00-DX3,0,0.0036163328,0
non-tumour/TCGA-T9-A92H-01Z-00-DX3_29696_15872.jpg,TCGA-T9-A92H,TCGA-T9-A92H-01Z-00-DX3,0,0.0012740423,0
non-tumour/TCGA-T9-A92H-01Z-00-DX3_29696_16384.jpg,TCGA-T9-A92H,TCGA-T9-A92H-01Z-00-DX3,0,0.0001967238,0
non-tumour/TCGA-T9-A92H-01Z-00-DX3_29696_18944.jpg,TCGA-T9-A92H,TCGA-T9-A92H-01Z-00-DX3,0,0.101357915,0
non-tumour/TCGA-T9-A92H-01Z-00-DX3_29696_19456.jpg,TCGA-T9-A92H,TCGA-T9-A92H-01Z-00-DX3,0,0.0070176776,0
non-tumour/TCGA-T9-A92H-01Z-00-DX3_29696_20480.jpg,TCGA-T9-A92H,TCGA-T9-A92H-01Z-00-DX3,0,0.9083861,1
non-tumour/TCGA-T9-A92H-01Z-00-DX3_29696_20992.jpg,TCGA-T9-A92H,TCGA-T9-A92H-01Z-00-DX3,0,0.1288616,0
non-tumour/TCGA-T9-A92H-01Z-00-DX3_29696_21504.jpg,TCGA-T9-A92H,TCGA-T9-A92H-01Z-00-DX3,0,0.08099527,0
non-tumour/TCGA-T9-A92H-01Z-00-DX3_29696_22016.jpg,TCGA-T9-A92H,TCGA-T9-A92H-01Z-00-DX3,0,0.4259569,0
non-tumour/TCGA-T9-A92H-01Z-00-DX3_29696_22528.jpg,TCGA-T9-A92H,TCGA-T9-A92H-01Z-00-DX3,0,0.031625725,0
non-tumour/TCGA-T9-A92H-01Z-00-DX3_30208_11776.jpg,TCGA-T9-A92H,TCGA-T9-A92H-01Z-00-DX3,0,0.0010284564,0
non-tumour/TCGA-T9-A92H-01Z-00-DX3_30208_13312.jpg,TCGA-T9-A92H,TCGA-T9-A92H-01Z-00-DX3,0,0.028907007,0
non-tumour/TCGA-T9-A92H-01Z-00-DX3_30208_13824.jpg,TCGA-T9-A92H,TCGA-T9-A92H-01Z-00-DX3,0,0.0038293772,0
non-tumour/TCGA-T9-A92H-01Z-00-DX3_30208_14336.jpg,TCGA-T9-A92H,TCGA-T9-A92H-01Z-00-DX3,0,0.018078351,0
non-tumour/TCGA-T9-A92H-01Z-00-DX3_30208_14848.jpg,TCGA-T9-A92H,TCGA-T9-A92H-01Z-00-DX3,0,0.006220087,0
non-tumour/TCGA-T9-A92H-01Z-00-DX3_30208_15360.jpg,TCGA-T9-A92H,TCGA-T9-A92H-01Z-00-DX3,0,0.00070463395,0
non-tumour/TCGA-T9-A92H-01Z-00-DX3_30208_15872.jpg,TCGA-T9-A92H,TCGA-T9-A92H-01Z-00-DX3,0,0.0006777957,0
non-tumour/TCGA-T9-A92H-01Z-00-DX3_30208_17408.jpg,TCGA-T9-A92H,TCGA-T9-A92H-01Z-00-DX3,0,0.2042431,0
non-tumour/TCGA-T9-A92H-01Z-00-DX3_30208_17920.jpg,TCGA-T9-A92H,TCGA-T9-A92H-01Z-00-DX3,0,0.21885146,0
non-tumour/TCGA-T9-A92H-01Z-00-DX3_30208_18432.jpg,TCGA-T9-A92H,TCGA-T9-A92H-01Z-00-DX3,0,0.0714056,0
non-tumour/TCGA-T9-A92H-01Z-00-DX3_30208_19968.jpg,TCGA-T9-A92H,TCGA-T9-A92H-01Z-00-DX3,0,0.5751922,1
non-tumour/TCGA-T9-A92H-01Z-00-DX3_30208_20992.jpg,TCGA-T9-A92H,TCGA-T9-A92H-01Z-00-DX3,0,0.017781148,0
non-tumour/TCGA-T9-A92H-01Z-00-DX3_30208_21504.jpg,TCGA-T9-A92H,TCGA-T9-A92H-01Z-00-DX3,0,0.14607286,0
non-tumour/TCGA-T9-A92H-01Z-00-DX3_30720_10752.jpg,TCGA-T9-A92H,TCGA-T9-A92H-01Z-00-DX3,0,0.13630265,0
non-tumour/TCGA-T9-A92H-01Z-00-DX3_30720_11264.jpg,TCGA-T9-A92H,TCGA-T9-A92H-01Z-00-DX3,0,0.25118026,0
non-tumour/TCGA-T9-A92H-01Z-00-DX3_30720_11776.jpg,TCGA-T9-A92H,TCGA-T9-A92H-01Z-00-DX3,0,0.012890458,0
non-tumour/TCGA-T9-A92H-01Z-00-DX3_30720_12800.jpg,TCGA-T9-A92H,TCGA-T9-A92H-01Z-00-DX3,0,0.013541132,0
non-tumour/TCGA-T9-A92H-01Z-00-DX3_30720_13824.jpg,TCGA-T9-A92H,TCGA-T9-A92H-01Z-00-DX3,0,0.17393164,0
non-tumour/TCGA-T9-A92H-01Z-00-DX3_30720_14848.jpg,TCGA-T9-A92H,TCGA-T9-A92H-01Z-00-DX3,0,0.14628027,0
non-tumour/TCGA-T9-A92H-01Z-00-DX3_30720_15360.jpg,TCGA-T9-A92H,TCGA-T9-A92H-01Z-00-DX3,0,0.19835544,0
non-tumour/TCGA-T9-A92H-01Z-00-DX3_30720_15872.jpg,TCGA-T9-A92H,TCGA-T9-A92H-01Z-00-DX3,0,0.030725254,0
non-tumour/TCGA-T9-A92H-01Z-00-DX3_30720_16896.jpg,TCGA-T9-A92H,TCGA-T9-A92H-01Z-00-DX3,0,0.7085034,1
non-tumour/TCGA-T9-A92H-01Z-00-DX3_30720_18944.jpg,TCGA-T9-A92H,TCGA-T9-A92H-01Z-00-DX3,0,0.8783012,1
non-tumour/TCGA-T9-A92H-01Z-00-DX3_30720_19968.jpg,TCGA-T9-A92H,TCGA-T9-A92H-01Z-00-DX3,0,0.22377098,0
non-tumour/TCGA-T9-A92H-01Z-00-DX3_30720_20480.jpg,TCGA-T9-A92H,TCGA-T9-A92H-01Z-00-DX3,0,0.2482241,0
non-tumour/TCGA-T9-A92H-01Z-00-DX3_31232_11776.jpg,TCGA-T9-A92H,TCGA-T9-A92H-01Z-00-DX3,0,0.015541584,0
non-tumour/TCGA-T9-A92H-01Z-00-DX3_31232_12288.jpg,TCGA-T9-A92H,TCGA-T9-A92H-01Z-00-DX3,0,0.38084045,0
non-tumour/TCGA-T9-A92H-01Z-00-DX3_31232_13312.jpg,TCGA-T9-A92H,TCGA-T9-A92H-01Z-00-DX3,0,0.08397312,0
non-tumour/TCGA-T9-A92H-01Z-00-DX3_31232_13824.jpg,TCGA-T9-A92H,TCGA-T9-A92H-01Z-00-DX3,0,0.122935064,0
non-tumour/TCGA-T9-A92H-01Z-00-DX3_31232_15872.jpg,TCGA-T9-A92H,TCGA-T9-A92H-01Z-00-DX3,0,0.14422552,0
non-tumour/TCGA-T9-A92H-01Z-00-DX3_31232_19456.jpg,TCGA-T9-A92H,TCGA-T9-A92H-01Z-00-DX3,0,0.028333329,0
non-tumour/TCGA-T9-A92H-01Z-00-DX3_31232_19968.jpg,TCGA-T9-A92H,TCGA-T9-A92H-01Z-00-DX3,0,0.4193281,0
non-tumour/TCGA-T9-A92H-01Z-00-DX3_31744_12288.jpg,TCGA-T9-A92H,TCGA-T9-A92H-01Z-00-DX3,0,0.3528602,0
non-tumour/TCGA-T9-A92H-01Z-00-DX3_31744_12800.jpg,TCGA-T9-A92H,TCGA-T9-A92H-01Z-00-DX3,0,0.11386881,0
non-tumour/TCGA-T9-A92H-01Z-00-DX3_31744_13312.jpg,TCGA-T9-A92H,TCGA-T9-A92H-01Z-00-DX3,0,0.74741197,1
non-tumour/TCGA-T9-A92H-01Z-00-DX3_31744_13824.jpg,TCGA-T9-A92H,TCGA-T9-A92H-01Z-00-DX3,0,0.74348265,1
non-tumour/TCGA-T9-A92H-01Z-00-DX3_31744_14336.jpg,TCGA-T9-A92H,TCGA-T9-A92H-01Z-00-DX3,0,0.003526329,0
non-tumour/TCGA-T9-A92H-01Z-00-DX3_31744_16384.jpg,TCGA-T9-A92H,TCGA-T9-A92H-01Z-00-DX3,0,0.030725082,0
non-tumour/TCGA-T9-A92H-01Z-00-DX3_31744_17408.jpg,TCGA-T9-A92H,TCGA-T9-A92H-01Z-00-DX3,0,0.02854864,0
non-tumour/TCGA-T9-A92H-01Z-00-DX3_31744_17920.jpg,TCGA-T9-A92H,TCGA-T9-A92H-01Z-00-DX3,0,0.13123488,0
non-tumour/TCGA-T9-A92H-01Z-00-DX3_31744_18432.jpg,TCGA-T9-A92H,TCGA-T9-A92H-01Z-00-DX3,0,0.13054095,0
non-tumour/TCGA-T9-A92H-01Z-00-DX3_31744_18944.jpg,TCGA-T9-A92H,TCGA-T9-A92H-01Z-00-DX3,0,0.13864791,0
non-tumour/TCGA-T9-A92H-01Z-00-DX3_31744_19456.jpg,TCGA-T9-A92H,TCGA-T9-A92H-01Z-00-DX3,0,0.091092154,0
non-tumour/TCGA-T9-A92H-01Z-00-DX3_32256_13824.jpg,TCGA-T9-A92H,TCGA-T9-A92H-01Z-00-DX3,0,0.003808045,0
non-tumour/TCGA-T9-A92H-01Z-00-DX3_32256_14336.jpg,TCGA-T9-A92H,TCGA-T9-A92H-01Z-00-DX3,0,0.0062543624,0
non-tumour/TCGA-T9-A92H-01Z-00-DX3_32256_15360.jpg,TCGA-T9-A92H,TCGA-T9-A92H-01Z-00-DX3,0,0.0042069675,0
non-tumour/TCGA-T9-A92H-01Z-00-DX3_32256_15872.jpg,TCGA-T9-A92H,TCGA-T9-A92H-01Z-00-DX3,0,0.051855482,0
non-tumour/TCGA-T9-A92H-01Z-00-DX3_32256_16384.jpg,TCGA-T9-A92H,TCGA-T9-A92H-01Z-00-DX3,0,0.18093903,0
non-tumour/TCGA-T9-A92H-01Z-00-DX3_32256_16896.jpg,TCGA-T9-A92H,TCGA-T9-A92H-01Z-00-DX3,0,0.05597389,0
non-tumour/TCGA-T9-A92H-01Z-00-DX3_32256_17408.jpg,TCGA-T9-A92H,TCGA-T9-A92H-01Z-00-DX3,0,0.11687886,0
non-tumour/TCGA-T9-A92H-01Z-00-DX3_32256_17920.jpg,TCGA-T9-A92H,TCGA-T9-A92H-01Z-00-DX3,0,0.007320248,0
non-tumour/TCGA-T9-A92H-01Z-00-DX3_32256_18432.jpg,TCGA-T9-A92H,TCGA-T9-A92H-01Z-00-DX3,0,0.00086303777,0
tumour/TCGA-AD-A5EJ-01Z-00-DX1_12800_8192.jpg,TCGA-AD-A5EJ,TCGA-AD-A5EJ-01Z-00-DX1,1,0.9999981,1
tumour/TCGA-AD-A5EJ-01Z-00-DX1_13312_7680.jpg,TCGA-AD-A5EJ,TCGA-AD-A5EJ-01Z-00-DX1,1,0.9998802,1
tumour/TCGA-AD-A5EJ-01Z-00-DX1_13312_8704.jpg,TCGA-AD-A5EJ,TCGA-AD-A5EJ-01Z-00-DX1,1,0.99999845,1
tumour/TCGA-AD-A5EJ-01Z-00-DX1_13312_9216.jpg,TCGA-AD-A5EJ,TCGA-AD-A5EJ-01Z-00-DX1,1,0.9999846,1
tumour/TCGA-AD-A5EJ-01Z-00-DX1_13824_9216.jpg,TCGA-AD-A5EJ,TCGA-AD-A5EJ-01Z-00-DX1,1,0.9999982,1
tumour/TCGA-AD-A5EJ-01Z-00-DX1_13824_9728.jpg,TCGA-AD-A5EJ,TCGA-AD-A5EJ-01Z-00-DX1,1,0.99999356,1
tumour/TCGA-AD-A5EJ-01Z-00-DX1_14336_7680.jpg,TCGA-AD-A5EJ,TCGA-AD-A5EJ-01Z-00-DX1,1,0.99999917,1
tumour/TCGA-AD-A5EJ-01Z-00-DX1_14336_8704.jpg,TCGA-AD-A5EJ,TCGA-AD-A5EJ-01Z-00-DX1,1,0.9999865,1
tumour/TCGA-AD-A5EJ-01Z-00-DX1_14848_8192.jpg,TCGA-AD-A5EJ,TCGA-AD-A5EJ-01Z-00-DX1,1,0.9999454,1
tumour/TCGA-AD-A5EJ-01Z-00-DX1_3584_8704.jpg,TCGA-AD-A5EJ,TCGA-AD-A5EJ-01Z-00-DX1,1,0.9987612,1
tumour/TCGA-AD-A5EJ-01Z-00-DX1_4096_7680.jpg,TCGA-AD-A5EJ,TCGA-AD-A5EJ-01Z-00-DX1,1,0.99749917,1
tumour/TCGA-AD-A5EJ-01Z-00-DX1_4096_8192.jpg,TCGA-AD-A5EJ,TCGA-AD-A5EJ-01Z-00-DX1,1,0.9999671,1
tumour/TCGA-AD-A5EJ-01Z-00-DX1_4096_8704.jpg,TCGA-AD-A5EJ,TCGA-AD-A5EJ-01Z-00-DX1,1,0.9999846,1
tumour/TCGA-AD-A5EJ-01Z-00-DX1_4608_6144.jpg,TCGA-AD-A5EJ,TCGA-AD-A5EJ-01Z-00-DX1,1,0.9999255,1
tumour/TCGA-AD-A5EJ-01Z-00-DX1_4608_6656.jpg,TCGA-AD-A5EJ,TCGA-AD-A5EJ-01Z-00-DX1,1,0.9999732,1
tumour/TCGA-AD-A5EJ-01Z-00-DX1_4608_7168.jpg,TCGA-AD-A5EJ,TCGA-AD-A5EJ-01Z-00-DX1,1,0.99989045,1
tumour/TCGA-AD-A5EJ-01Z-00-DX1_4608_8192.jpg,TCGA-AD-A5EJ,TCGA-AD-A5EJ-01Z-00-DX1,1,0.99981374,1
tumour/TCGA-AD-A5EJ-01Z-00-DX1_5120_10240.jpg,TCGA-AD-A5EJ,TCGA-AD-A5EJ-01Z-00-DX1,1,0.99998283,1
tumour/TCGA-AD-A5EJ-01Z-00-DX1_5120_6144.jpg,TCGA-AD-A5EJ,TCGA-AD-A5EJ-01Z-00-DX1,1,0.99989915,1
tumour/TCGA-AD-A5EJ-01Z-00-DX1_5120_6656.jpg,TCGA-AD-A5EJ,TCGA-AD-A5EJ-01Z-00-DX1,1,0.99992037,1
tumour/TCGA-AD-A5EJ-01Z-00-DX1_5120_7168.jpg,TCGA-AD-A5EJ,TCGA-AD-A5EJ-01Z-00-DX1,1,0.99999154,1
tumour/TCGA-AD-A5EJ-01Z-00-DX1_5120_8192.jpg,TCGA-AD-A5EJ,TCGA-AD-A5EJ-01Z-00-DX1,1,0.99998164,1
tumour/TCGA-AD-A5EJ-01Z-00-DX1_5120_9216.jpg,TCGA-AD-A5EJ,TCGA-AD-A5EJ-01Z-00-DX1,1,0.9999763,1
tumour/TCGA-AD-A5EJ-01Z-00-DX1_5120_9728.jpg,TCGA-AD-A5EJ,TCGA-AD-A5EJ-01Z-00-DX1,1,0.99990034,1
tumour/TCGA-AD-A5EJ-01Z-00-DX1_5632_10752.jpg,TCGA-AD-A5EJ,TCGA-AD-A5EJ-01Z-00-DX1,1,0.9999994,1
tumour/TCGA-AD-A5EJ-01Z-00-DX1_5632_5632.jpg,TCGA-AD-A5EJ,TCGA-AD-A5EJ-01Z-00-DX1,1,0.999585,1
tumour/TCGA-AD-A5EJ-01Z-00-DX1_5632_7680.jpg,TCGA-AD-A5EJ,TCGA-AD-A5EJ-01Z-00-DX1,1,0.9999821,1
tumour/TCGA-AD-A5EJ-01Z-00-DX1_5632_8192.jpg,TCGA-AD-A5EJ,TCGA-AD-A5EJ-01Z-00-DX1,1,0.99993503,1
tumour/TCGA-AD-A5EJ-01Z-00-DX1_5632_8704.jpg,TCGA-AD-A5EJ,TCGA-AD-A5EJ-01Z-00-DX1,1,0.9999832,1
tumour/TCGA-AD-A5EJ-01Z-00-DX1_6144_10752.jpg,TCGA-AD-A5EJ,TCGA-AD-A5EJ-01Z-00-DX1,1,0.9995732,1
tumour/TCGA-AD-A5EJ-01Z-00-DX1_6144_6144.jpg,TCGA-AD-A5EJ,TCGA-AD-A5EJ-01Z-00-DX1,1,0.99971443,1
tumour/TCGA-AD-A5EJ-01Z-00-DX1_6144_6656.jpg,TCGA-AD-A5EJ,TCGA-AD-A5EJ-01Z-00-DX1,1,0.9980381,1
tumour/TCGA-AD-A5EJ-01Z-00-DX1_6144_8192.jpg,TCGA-AD-A5EJ,TCGA-AD-A5EJ-01Z-00-DX1,1,0.9998381,1
tumour/TCGA-AD-A5EJ-01Z-00-DX1_6144_8704.jpg,TCGA-AD-A5EJ,TCGA-AD-A5EJ-01Z-00-DX1,1,0.999998,1
tumour/TCGA-AD-A5EJ-01Z-00-DX1_6144_9728.jpg,TCGA-AD-A5EJ,TCGA-AD-A5EJ-01Z-00-DX1,1,0.9999913,1
tumour/TCGA-AD-A5EJ-01Z-00-DX1_6656_10240.jpg,TCGA-AD-A5EJ,TCGA-AD-A5EJ-01Z-00-DX1,1,0.9999957,1
tumour/TCGA-AD-A5EJ-01Z-00-DX1_6656_6144.jpg,TCGA-AD-A5EJ,TCGA-AD-A5EJ-01Z-00-DX1,1,0.99993193,1
tumour/TCGA-AD-A5EJ-01Z-00-DX1_6656_7680.jpg,TCGA-AD-A5EJ,TCGA-AD-A5EJ-01Z-00-DX1,1,0.9999987,1
tumour/TCGA-AD-A5EJ-01Z-00-DX1_6656_8704.jpg,TCGA-AD-A5EJ,TCGA-AD-A5EJ-01Z-00-DX1,1,0.9999927,1
tumour/TCGA-AD-A5EJ-01Z-00-DX1_6656_9216.jpg,TCGA-AD-A5EJ,TCGA-AD-A5EJ-01Z-00-DX1,1,0.99999416,1
tumour/TCGA-AD-A5EJ-01Z-00-DX1_7168_10240.jpg,TCGA-AD-A5EJ,TCGA-AD-A5EJ-01Z-00-DX1,1,0.9999964,1
tumour/TCGA-AD-A5EJ-01Z-00-DX1_7168_11264.jpg,TCGA-AD-A5EJ,TCGA-AD-A5EJ-01Z-00-DX1,1,0.99998367,1
tumour/TCGA-AD-A5EJ-01Z-00-DX1_7168_7680.jpg,TCGA-AD-A5EJ,TCGA-AD-A5EJ-01Z-00-DX1,1,0.99999964,1
tumour/TCGA-AD-A5EJ-01Z-00-DX1_7168_8192.jpg,TCGA-AD-A5EJ,TCGA-AD-A5EJ-01Z-00-DX1,1,0.9999211,1
tumour/TCGA-AD-A5EJ-01Z-00-DX1_7168_8704.jpg,TCGA-AD-A5EJ,TCGA-AD-A5EJ-01Z-00-DX1,1,0.99960583,1
tumour/TCGA-AD-A5EJ-01Z-00-DX1_7168_9728.jpg,TCGA-AD-A5EJ,TCGA-AD-A5EJ-01Z-00-DX1,1,0.99999774,1
tumour/TCGA-AD-A5EJ-01Z-00-DX1_7680_10240.jpg,TCGA-AD-A5EJ,TCGA-AD-A5EJ-01Z-00-DX1,1,0.9997929,1
tumour/TCGA-AD-A5EJ-01Z-00-DX1_7680_8192.jpg,TCGA-AD-A5EJ,TCGA-AD-A5EJ-01Z-00-DX1,1,0.9999908,1
tumour/TCGA-AD-A5EJ-01Z-00-DX1_7680_9216.jpg,TCGA-AD-A5EJ,TCGA-AD-A5EJ-01Z-00-DX1,1,0.99998486,1
tumour/TCGA-AD-A5EJ-01Z-00-DX1_7680_9728.jpg,TCGA-AD-A5EJ,TCGA-AD-A5EJ-01Z-00-DX1,1,0.99914944,1
tumour/TCGA-AD-A5EJ-01Z-00-DX1_8192_10240.jpg,TCGA-AD-A5EJ,TCGA-AD-A5EJ-01Z-00-DX1,1,0.9999939,1
tumour/TCGA-AD-A5EJ-01Z-00-DX1_8192_8192.jpg,TCGA-AD-A5EJ,TCGA-AD-A5EJ-01Z-00-DX1,1,0.9999505,1
tumour/TCGA-AD-A5EJ-01Z-00-DX1_8192_8704.jpg,TCGA-AD-A5EJ,TCGA-AD-A5EJ-01Z-00-DX1,1,0.99964154,1
tumour/TCGA-AD-A5EJ-01Z-00-DX1_8192_9728.jpg,TCGA-AD-A5EJ,TCGA-AD-A5EJ-01Z-00-DX1,1,0.9999982,1
tumour/TCGA-AD-A5EJ-01Z-00-DX1_9216_9216.jpg,TCGA-AD-A5EJ,TCGA-AD-A5EJ-01Z-00-DX1,1,0.99999833,1
tumour/TCGA-AG-3882-01Z-00-DX1_1536_8704.jpg,TCGA-AG-3882,TCGA-AG-3882-01Z-00-DX1,1,0.99997485,1
tumour/TCGA-AG-3882-01Z-00-DX1_1536_9728.jpg,TCGA-AG-3882,TCGA-AG-3882-01Z-00-DX1,1,0.9999155,1
tumour/TCGA-AG-3882-01Z-00-DX1_2048_10240.jpg,TCGA-AG-3882,TCGA-AG-3882-01Z-00-DX1,1,0.9762403,1
tumour/TCGA-AG-3882-01Z-00-DX1_2048_6656.jpg,TCGA-AG-3882,TCGA-AG-3882-01Z-00-DX1,1,0.99999034,1
tumour/TCGA-AG-3882-01Z-00-DX1_2048_8704.jpg,TCGA-AG-3882,TCGA-AG-3882-01Z-00-DX1,1,0.9997725,1
tumour/TCGA-AG-3882-01Z-00-DX1_2048_9216.jpg,TCGA-AG-3882,TCGA-AG-3882-01Z-00-DX1,1,0.9997998,1
tumour/TCGA-AG-3882-01Z-00-DX1_2560_10752.jpg,TCGA-AG-3882,TCGA-AG-3882-01Z-00-DX1,1,0.99827325,1
tumour/TCGA-AG-3882-01Z-00-DX1_2560_6144.jpg,TCGA-AG-3882,TCGA-AG-3882-01Z-00-DX1,1,0.9999982,1
tumour/TCGA-AG-3882-01Z-00-DX1_2560_6656.jpg,TCGA-AG-3882,TCGA-AG-3882-01Z-00-DX1,1,0.99993694,1
tumour/TCGA-AG-3882-01Z-00-DX1_2560_7168.jpg,TCGA-AG-3882,TCGA-AG-3882-01Z-00-DX1,1,0.9999931,1
tumour/TCGA-AG-3882-01Z-00-DX1_2560_7680.jpg,TCGA-AG-3882,TCGA-AG-3882-01Z-00-DX1,1,0.9999392,1
tumour/TCGA-AG-3882-01Z-00-DX1_2560_8704.jpg,TCGA-AG-3882,TCGA-AG-3882-01Z-00-DX1,1,0.9997522,1
tumour/TCGA-AG-3882-01Z-00-DX1_2560_9728.jpg,TCGA-AG-3882,TCGA-AG-3882-01Z-00-DX1,1,0.99927074,1
tumour/TCGA-AG-3882-01Z-00-DX1_3072_10752.jpg,TCGA-AG-3882,TCGA-AG-3882-01Z-00-DX1,1,0.99940133,1
tumour/TCGA-AG-3882-01Z-00-DX1_3072_5120.jpg,TCGA-AG-3882,TCGA-AG-3882-01Z-00-DX1,1,0.9999951,1
tumour/TCGA-AG-3882-01Z-00-DX1_3072_5632.jpg,TCGA-AG-3882,TCGA-AG-3882-01Z-00-DX1,1,0.99988437,1
tumour/TCGA-AG-3882-01Z-00-DX1_3072_6144.jpg,TCGA-AG-3882,TCGA-AG-3882-01Z-00-DX1,1,0.99991715,1
tumour/TCGA-AG-3882-01Z-00-DX1_3072_7680.jpg,TCGA-AG-3882,TCGA-AG-3882-01Z-00-DX1,1,0.999938,1
tumour/TCGA-AG-3882-01Z-00-DX1_3072_8192.jpg,TCGA-AG-3882,TCGA-AG-3882-01Z-00-DX1,1,0.999553,1
tumour/TCGA-AG-3882-01Z-00-DX1_3072_9728.jpg,TCGA-AG-3882,TCGA-AG-3882-01Z-00-DX1,1,0.9940036,1
tumour/TCGA-AG-3882-01Z-00-DX1_3584_11264.jpg,TCGA-AG-3882,TCGA-AG-3882-01Z-00-DX1,1,0.99551964,1
tumour/TCGA-AG-3882-01Z-00-DX1_3584_5120.jpg,TCGA-AG-3882,TCGA-AG-3882-01Z-00-DX1,1,0.9997938,1
tumour/TCGA-AG-3882-01Z-00-DX1_3584_6144.jpg,TCGA-AG-3882,TCGA-AG-3882-01Z-00-DX1,1,0.99997973,1
tumour/TCGA-AG-3882-01Z-00-DX1_3584_6656.jpg,TCGA-AG-3882,TCGA-AG-3882-01Z-00-DX1,1,0.9999751,1
tumour/TCGA-AG-3882-01Z-00-DX1_3584_7168.jpg,TCGA-AG-3882,TCGA-AG-3882-01Z-00-DX1,1,0.9996699,1
tumour/TCGA-AG-3882-01Z-00-DX1_3584_8192.jpg,TCGA-AG-3882,TCGA-AG-3882-01Z-00-DX1,1,0.9998456,1
tumour/TCGA-AG-3882-01Z-00-DX1_3584_8704.jpg,TCGA-AG-3882,TCGA-AG-3882-01Z-00-DX1,1,0.9976349,1
tumour/TCGA-AG-3882-01Z-00-DX1_4096_10752.jpg,TCGA-AG-3882,TCGA-AG-3882-01Z-00-DX1,1,0.99858713,1
tumour/TCGA-AG-3882-01Z-00-DX1_4096_13312.jpg,TCGA-AG-3882,TCGA-AG-3882-01Z-00-DX1,1,0.99993074,1
tumour/TCGA-AG-3882-01Z-00-DX1_4096_3072.jpg,TCGA-AG-3882,TCGA-AG-3882-01Z-00-DX1,1,0.9989748,1
tumour/TCGA-AG-3882-01Z-00-DX1_4096_3584.jpg,TCGA-AG-3882,TCGA-AG-3882-01Z-00-DX1,1,0.99900156,1
tumour/TCGA-AG-3882-01Z-00-DX1_4096_4096.jpg,TCGA-AG-3882,TCGA-AG-3882-01Z-00-DX1,1,0.99996984,1
tumour/TCGA-AG-3882-01Z-00-DX1_4096_5632.jpg,TCGA-AG-3882,TCGA-AG-3882-01Z-00-DX1,1,0.9994215,1
tumour/TCGA-AG-3882-01Z-00-DX1_4096_7168.jpg,TCGA-AG-3882,TCGA-AG-3882-01Z-00-DX1,1,0.9791509,1
tumour/TCGA-AG-3882-01Z-00-DX1_4096_7680.jpg,TCGA-AG-3882,TCGA-AG-3882-01Z-00-DX1,1,0.999877,1
tumour/TCGA-AG-3882-01Z-00-DX1_4096_8704.jpg,TCGA-AG-3882,TCGA-AG-3882-01Z-00-DX1,1,0.9501657,1
tumour/TCGA-AG-3882-01Z-00-DX1_4096_9216.jpg,TCGA-AG-3882,TCGA-AG-3882-01Z-00-DX1,1,0.99996483,1
tumour/TCGA-AG-3882-01Z-00-DX1_4608_10240.jpg,TCGA-AG-3882,TCGA-AG-3882-01Z-00-DX1,1,0.9999682,1
tumour/TCGA-AG-3882-01Z-00-DX1_4608_11264.jpg,TCGA-AG-3882,TCGA-AG-3882-01Z-00-DX1,1,0.99999905,1
tumour/TCGA-AG-3882-01Z-00-DX1_4608_14336.jpg,TCGA-AG-3882,TCGA-AG-3882-01Z-00-DX1,1,0.9999385,1
tumour/TCGA-AG-3882-01Z-00-DX1_4608_3072.jpg,TCGA-AG-3882,TCGA-AG-3882-01Z-00-DX1,1,0.98518735,1
tumour/TCGA-AG-3882-01Z-00-DX1_4608_5632.jpg,TCGA-AG-3882,TCGA-AG-3882-01Z-00-DX1,1,0.9865196,1
tumour/TCGA-AG-3882-01Z-00-DX1_4608_6144.jpg,TCGA-AG-3882,TCGA-AG-3882-01Z-00-DX1,1,0.99110305,1
tumour/TCGA-AG-3882-01Z-00-DX1_4608_6656.jpg,TCGA-AG-3882,TCGA-AG-3882-01Z-00-DX1,1,0.99349,1
tumour/TCGA-AG-3882-01Z-00-DX1_4608_7168.jpg,TCGA-AG-3882,TCGA-AG-3882-01Z-00-DX1,1,0.9999604,1
tumour/TCGA-AG-3882-01Z-00-DX1_4608_9728.jpg,TCGA-AG-3882,TCGA-AG-3882-01Z-00-DX1,1,0.99967074,1
tumour/TCGA-AG-3882-01Z-00-DX1_5120_10240.jpg,TCGA-AG-3882,TCGA-AG-3882-01Z-00-DX1,1,0.99976116,1
tumour/TCGA-AG-3882-01Z-00-DX1_5120_13824.jpg,TCGA-AG-3882,TCGA-AG-3882-01Z-00-DX1,1,0.99986494,1
tumour/TCGA-AG-3882-01Z-00-DX1_5120_14336.jpg,TCGA-AG-3882,TCGA-AG-3882-01Z-00-DX1,1,0.99923146,1
tumour/TCGA-AG-3882-01Z-00-DX1_5120_14848.jpg,TCGA-AG-3882,TCGA-AG-3882-01Z-00-DX1,1,0.99957365,1
tumour/TCGA-AG-3882-01Z-00-DX1_5120_15360.jpg,TCGA-AG-3882,TCGA-AG-3882-01Z-00-DX1,1,0.9956779,1
tumour/TCGA-AG-3882-01Z-00-DX1_5120_15872.jpg,TCGA-AG-3882,TCGA-AG-3882-01Z-00-DX1,1,0.9999447,1
tumour/TCGA-AG-3882-01Z-00-DX1_5120_5120.jpg,TCGA-AG-3882,TCGA-AG-3882-01Z-00-DX1,1,0.961641,1
tumour/TCGA-AG-3882-01Z-00-DX1_5120_5632.jpg,TCGA-AG-3882,TCGA-AG-3882-01Z-00-DX1,1,0.99961084,1
tumour/TCGA-AG-3882-01Z-00-DX1_5120_7680.jpg,TCGA-AG-3882,TCGA-AG-3882-01Z-00-DX1,1,0.9996325,1
tumour/TCGA-AG-3882-01Z-00-DX1_5120_8192.jpg,TCGA-AG-3882,TCGA-AG-3882-01Z-00-DX1,1,0.99992955,1
tumour/TCGA-AG-3882-01Z-00-DX1_5120_9728.jpg,TCGA-AG-3882,TCGA-AG-3882-01Z-00-DX1,1,0.8407427,1
tumour/TCGA-AG-3882-01Z-00-DX1_5632_10240.jpg,TCGA-AG-3882,TCGA-AG-3882-01Z-00-DX1,1,0.99991965,1
tumour/TCGA-AG-3882-01Z-00-DX1_5632_10752.jpg,TCGA-AG-3882,TCGA-AG-3882-01Z-00-DX1,1,0.98482066,1
tumour/TCGA-AG-3882-01Z-00-DX1_5632_11264.jpg,TCGA-AG-3882,TCGA-AG-3882-01Z-00-DX1,1,0.99905056,1
tumour/TCGA-AG-3882-01Z-00-DX1_5632_12800.jpg,TCGA-AG-3882,TCGA-AG-3882-01Z-00-DX1,1,0.9928523,1
tumour/TCGA-AG-3882-01Z-00-DX1_5632_13824.jpg,TCGA-AG-3882,TCGA-AG-3882-01Z-00-DX1,1,0.9884155,1
tumour/TCGA-AG-3882-01Z-00-DX1_5632_16384.jpg,TCGA-AG-3882,TCGA-AG-3882-01Z-00-DX1,1,0.99995863,1
tumour/TCGA-AG-3882-01Z-00-DX1_5632_3072.jpg,TCGA-AG-3882,TCGA-AG-3882-01Z-00-DX1,1,0.9999143,1
tumour/TCGA-AG-3882-01Z-00-DX1_5632_4608.jpg,TCGA-AG-3882,TCGA-AG-3882-01Z-00-DX1,1,0.22186975,0
tumour/TCGA-AG-3882-01Z-00-DX1_5632_5632.jpg,TCGA-AG-3882,TCGA-AG-3882-01Z-00-DX1,1,0.999411,1
tumour/TCGA-AG-3882-01Z-00-DX1_5632_6656.jpg,TCGA-AG-3882,TCGA-AG-3882-01Z-00-DX1,1,0.99992704,1
tumour/TCGA-AG-3882-01Z-00-DX1_5632_7680.jpg,TCGA-AG-3882,TCGA-AG-3882-01Z-00-DX1,1,0.99983394,1
tumour/TCGA-AG-3882-01Z-00-DX1_5632_8704.jpg,TCGA-AG-3882,TCGA-AG-3882-01Z-00-DX1,1,0.9996822,1
tumour/TCGA-AG-3882-01Z-00-DX1_6144_11264.jpg,TCGA-AG-3882,TCGA-AG-3882-01Z-00-DX1,1,0.99623764,1
tumour/TCGA-AG-3882-01Z-00-DX1_6144_13312.jpg,TCGA-AG-3882,TCGA-AG-3882-01Z-00-DX1,1,0.99976236,1
tumour/TCGA-AG-3882-01Z-00-DX1_6144_14336.jpg,TCGA-AG-3882,TCGA-AG-3882-01Z-00-DX1,1,0.99984515,1
tumour/TCGA-AG-3882-01Z-00-DX1_6144_14848.jpg,TCGA-AG-3882,TCGA-AG-3882-01Z-00-DX1,1,0.99832886,1
tumour/TCGA-AG-3882-01Z-00-DX1_6144_15872.jpg,TCGA-AG-3882,TCGA-AG-3882-01Z-00-DX1,1,0.99905115,1
tumour/TCGA-AG-3882-01Z-00-DX1_6144_3584.jpg,TCGA-AG-3882,TCGA-AG-3882-01Z-00-DX1,1,0.99994206,1
tumour/TCGA-AG-3882-01Z-00-DX1_6144_5120.jpg,TCGA-AG-3882,TCGA-AG-3882-01Z-00-DX1,1,0.9942228,1
tumour/TCGA-AG-3882-01Z-00-DX1_6144_6144.jpg,TCGA-AG-3882,TCGA-AG-3882-01Z-00-DX1,1,0.9981743,1
tumour/TCGA-AG-3882-01Z-00-DX1_6144_6656.jpg,TCGA-AG-3882,TCGA-AG-3882-01Z-00-DX1,1,0.9900367,1
tumour/TCGA-AG-3882-01Z-00-DX1_6144_7168.jpg,TCGA-AG-3882,TCGA-AG-3882-01Z-00-DX1,1,0.9992675,1
tumour/TCGA-AG-3882-01Z-00-DX1_6144_7680.jpg,TCGA-AG-3882,TCGA-AG-3882-01Z-00-DX1,1,0.9999988,1
tumour/TCGA-AG-3882-01Z-00-DX1_6144_8192.jpg,TCGA-AG-3882,TCGA-AG-3882-01Z-00-DX1,1,0.9992999,1
tumour/TCGA-AG-3882-01Z-00-DX1_6144_9216.jpg,TCGA-AG-3882,TCGA-AG-3882-01Z-00-DX1,1,0.99986017,1
tumour/TCGA-AG-3882-01Z-00-DX1_6656_10240.jpg,TCGA-AG-3882,TCGA-AG-3882-01Z-00-DX1,1,0.82716364,1
tumour/TCGA-AG-3882-01Z-00-DX1_6656_11776.jpg,TCGA-AG-3882,TCGA-AG-3882-01Z-00-DX1,1,0.9553334,1
tumour/TCGA-AG-3882-01Z-00-DX1_6656_13312.jpg,TCGA-AG-3882,TCGA-AG-3882-01Z-00-DX1,1,0.9981437,1
tumour/TCGA-AG-3882-01Z-00-DX1_6656_14336.jpg,TCGA-AG-3882,TCGA-AG-3882-01Z-00-DX1,1,0.999956,1
tumour/TCGA-AG-3882-01Z-00-DX1_6656_14848.jpg,TCGA-AG-3882,TCGA-AG-3882-01Z-00-DX1,1,0.9999864,1
tumour/TCGA-AG-3882-01Z-00-DX1_6656_8192.jpg,TCGA-AG-3882,TCGA-AG-3882-01Z-00-DX1,1,0.9991763,1
tumour/TCGA-AG-3882-01Z-00-DX1_6656_8704.jpg,TCGA-AG-3882,TCGA-AG-3882-01Z-00-DX1,1,0.9999995,1
tumour/TCGA-AG-3882-01Z-00-DX1_6656_9728.jpg,TCGA-AG-3882,TCGA-AG-3882-01Z-00-DX1,1,0.9997813,1
tumour/TCGA-AG-3882-01Z-00-DX1_7168_10752.jpg,TCGA-AG-3882,TCGA-AG-3882-01Z-00-DX1,1,0.9997826,1
tumour/TCGA-AG-3882-01Z-00-DX1_7168_12288.jpg,TCGA-AG-3882,TCGA-AG-3882-01Z-00-DX1,1,0.999964,1
tumour/TCGA-AG-3882-01Z-00-DX1_7168_12800.jpg,TCGA-AG-3882,TCGA-AG-3882-01Z-00-DX1,1,0.9999293,1
tumour/TCGA-AG-3882-01Z-00-DX1_7168_14336.jpg,TCGA-AG-3882,TCGA-AG-3882-01Z-00-DX1,1,0.99993825,1
tumour/TCGA-AG-3882-01Z-00-DX1_7168_14848.jpg,TCGA-AG-3882,TCGA-AG-3882-01Z-00-DX1,1,0.9999951,1
tumour/TCGA-AG-3882-01Z-00-DX1_7168_15360.jpg,TCGA-AG-3882,TCGA-AG-3882-01Z-00-DX1,1,0.9982368,1
tumour/TCGA-AG-3882-01Z-00-DX1_7168_9216.jpg,TCGA-AG-3882,TCGA-AG-3882-01Z-00-DX1,1,0.48745856,0
tumour/TCGA-AG-3882-01Z-00-DX1_7168_9728.jpg,TCGA-AG-3882,TCGA-AG-3882-01Z-00-DX1,1,0.99710935,1
tumour/TCGA-AG-3882-01Z-00-DX1_7680_14336.jpg,TCGA-AG-3882,TCGA-AG-3882-01Z-00-DX1,1,0.999923,1
tumour/TCGA-AG-3882-01Z-00-DX1_7680_9728.jpg,TCGA-AG-3882,TCGA-AG-3882-01Z-00-DX1,1,0.9805433,1
tumour/TCGA-CA-5796-01Z-00-DX1_10240_11264.jpg,TCGA-CA-5796,TCGA-CA-5796-01Z-00-DX1,1,0.98893857,1
tumour/TCGA-CA-5796-01Z-00-DX1_10240_11776.jpg,TCGA-CA-5796,TCGA-CA-5796-01Z-00-DX1,1,0.7422124,1
tumour/TCGA-CA-5796-01Z-00-DX1_10240_14336.jpg,TCGA-CA-5796,TCGA-CA-5796-01Z-00-DX1,1,0.9924561,1
tumour/TCGA-CA-5796-01Z-00-DX1_10240_15360.jpg,TCGA-CA-5796,TCGA-CA-5796-01Z-00-DX1,1,0.28082725,0
tumour/TCGA-CA-5796-01Z-00-DX1_10240_15872.jpg,TCGA-CA-5796,TCGA-CA-5796-01Z-00-DX1,1,0.049129467,0
tumour/TCGA-CA-5796-01Z-00-DX1_10240_16384.jpg,TCGA-CA-5796,TCGA-CA-5796-01Z-00-DX1,1,0.035866693,0
tumour/TCGA-CA-5796-01Z-00-DX1_10240_17408.jpg,TCGA-CA-5796,TCGA-CA-5796-01Z-00-DX1,1,0.5030073,1
tumour/TCGA-CA-5796-01Z-00-DX1_10240_19968.jpg,TCGA-CA-5796,TCGA-CA-5796-01Z-00-DX1,1,0.13050273,0
tumour/TCGA-CA-5796-01Z-00-DX1_10240_5120.jpg,TCGA-CA-5796,TCGA-CA-5796-01Z-00-DX1,1,0.96172756,1
tumour/TCGA-CA-5796-01Z-00-DX1_10240_5632.jpg,TCGA-CA-5796,TCGA-CA-5796-01Z-00-DX1,1,0.99762625,1
tumour/TCGA-CA-5796-01Z-00-DX1_10240_7168.jpg,TCGA-CA-5796,TCGA-CA-5796-01Z-00-DX1,1,0.034963574,0
tumour/TCGA-CA-5796-01Z-00-DX1_10240_7680.jpg,TCGA-CA-5796,TCGA-CA-5796-01Z-00-DX1,1,0.19298089,0
tumour/TCGA-CA-5796-01Z-00-DX1_10240_8192.jpg,TCGA-CA-5796,TCGA-CA-5796-01Z-00-DX1,1,0.13459766,0
tumour/TCGA-CA-5796-01Z-00-DX1_10240_9728.jpg,TCGA-CA-5796,TCGA-CA-5796-01Z-00-DX1,1,0.122243196,0
tumour/TCGA-CA-5796-01Z-00-DX1_10752_11776.jpg,TCGA-CA-5796,TCGA-CA-5796-01Z-00-DX1,1,0.88052344,1
tumour/TCGA-CA-5796-01Z-00-DX1_10752_12288.jpg,TCGA-CA-5796,TCGA-CA-5796-01Z-00-DX1,1,0.34674478,0
tumour/TCGA-CA-5796-01Z-00-DX1_10752_14848.jpg,TCGA-CA-5796,TCGA-CA-5796-01Z-00-DX1,1,0.92803216,1
tumour/TCGA-CA-5796-01Z-00-DX1_10752_15360.jpg,TCGA-CA-5796,TCGA-CA-5796-01Z-00-DX1,1,0.99752945,1
tumour/TCGA-CA-5796-01Z-00-DX1_10752_15872.jpg,TCGA-CA-5796,TCGA-CA-5796-01Z-00-DX1,1,0.999313,1
tumour/TCGA-CA-5796-01Z-00-DX1_10752_16896.jpg,TCGA-CA-5796,TCGA-CA-5796-01Z-00-DX1,1,0.96714693,1
tumour/TCGA-CA-5796-01Z-00-DX1_10752_17408.jpg,TCGA-CA-5796,TCGA-CA-5796-01Z-00-DX1,1,0.94786286,1
tumour/TCGA-CA-5796-01Z-00-DX1_10752_17920.jpg,TCGA-CA-5796,TCGA-CA-5796-01Z-00-DX1,1,0.9873208,1
tumour/TCGA-CA-5796-01Z-00-DX1_10752_18432.jpg,TCGA-CA-5796,TCGA-CA-5796-01Z-00-DX1,1,0.81340843,1
tumour/TCGA-CA-5796-01Z-00-DX1_10752_18944.jpg,TCGA-CA-5796,TCGA-CA-5796-01Z-00-DX1,1,0.36277258,0
tumour/TCGA-CA-5796-01Z-00-DX1_10752_20480.jpg,TCGA-CA-5796,TCGA-CA-5796-01Z-00-DX1,1,0.026670821,0
tumour/TCGA-CA-5796-01Z-00-DX1_10752_20992.jpg,TCGA-CA-5796,TCGA-CA-5796-01Z-00-DX1,1,0.21258552,0
tumour/TCGA-CA-5796-01Z-00-DX1_10752_4096.jpg,TCGA-CA-5796,TCGA-CA-5796-01Z-00-DX1,1,0.9962423,1
tumour/TCGA-CA-5796-01Z-00-DX1_10752_5120.jpg,TCGA-CA-5796,TCGA-CA-5796-01Z-00-DX1,1,0.96998715,1
tumour/TCGA-CA-5796-01Z-00-DX1_10752_5632.jpg,TCGA-CA-5796,TCGA-CA-5796-01Z-00-DX1,1,0.99856395,1
tumour/TCGA-CA-5796-01Z-00-DX1_10752_7680.jpg,TCGA-CA-5796,TCGA-CA-5796-01Z-00-DX1,1,0.30641416,0
tumour/TCGA-CA-5796-01Z-00-DX1_11264_10752.jpg,TCGA-CA-5796,TCGA-CA-5796-01Z-00-DX1,1,0.4727083,0
tumour/TCGA-CA-5796-01Z-00-DX1_11264_12800.jpg,TCGA-CA-5796,TCGA-CA-5796-01Z-00-DX1,1,0.040125992,0
tumour/TCGA-CA-5796-01Z-00-DX1_11264_15360.jpg,TCGA-CA-5796,TCGA-CA-5796-01Z-00-DX1,1,0.96026105,1
tumour/TCGA-CA-5796-01Z-00-DX1_11264_15872.jpg,TCGA-CA-5796,TCGA-CA-5796-01Z-00-DX1,1,0.6504577,1
tumour/TCGA-CA-5796-01Z-00-DX1_11264_16896.jpg,TCGA-CA-5796,TCGA-CA-5796-01Z-00-DX1,1,0.17799883,0
tumour/TCGA-CA-5796-01Z-00-DX1_11264_17408.jpg,TCGA-CA-5796,TCGA-CA-5796-01Z-00-DX1,1,0.9991584,1
tumour/TCGA-CA-5796-01Z-00-DX1_11264_17920.jpg,TCGA-CA-5796,TCGA-CA-5796-01Z-00-DX1,1,0.70514596,1
tumour/TCGA-CA-5796-01Z-00-DX1_11264_18944.jpg,TCGA-CA-5796,TCGA-CA-5796-01Z-00-DX1,1,0.5703575,1
tumour/TCGA-CA-5796-01Z-00-DX1_11264_19968.jpg,TCGA-CA-5796,TCGA-CA-5796-01Z-00-DX1,1,0.1348482,0
tumour/TCGA-CA-5796-01Z-00-DX1_11264_20480.jpg,TCGA-CA-5796,TCGA-CA-5796-01Z-00-DX1,1,0.94819057,1
tumour/TCGA-CA-5796-01Z-00-DX1_11264_4608.jpg,TCGA-CA-5796,TCGA-CA-5796-01Z-00-DX1,1,0.99856097,1
tumour/TCGA-CA-5796-01Z-00-DX1_11264_5120.jpg,TCGA-CA-5796,TCGA-CA-5796-01Z-00-DX1,1,0.9304712,1
tumour/TCGA-CA-5796-01Z-00-DX1_11264_5632.jpg,TCGA-CA-5796,TCGA-CA-5796-01Z-00-DX1,1,0.98042876,1
tumour/TCGA-CA-5796-01Z-00-DX1_11264_7168.jpg,TCGA-CA-5796,TCGA-CA-5796-01Z-00-DX1,1,0.18942934,0
tumour/TCGA-CA-5796-01Z-00-DX1_11264_8192.jpg,TCGA-CA-5796,TCGA-CA-5796-01Z-00-DX1,1,0.2557671,0
tumour/TCGA-CA-5796-01Z-00-DX1_11776_12288.jpg,TCGA-CA-5796,TCGA-CA-5796-01Z-00-DX1,1,0.0010268589,0
tumour/TCGA-CA-5796-01Z-00-DX1_11776_12800.jpg,TCGA-CA-5796,TCGA-CA-5796-01Z-00-DX1,1,0.26367116,0
tumour/TCGA-CA-5796-01Z-00-DX1_11776_13824.jpg,TCGA-CA-5796,TCGA-CA-5796-01Z-00-DX1,1,0.79966134,1
tumour/TCGA-CA-5796-01Z-00-DX1_11776_17920.jpg,TCGA-CA-5796,TCGA-CA-5796-01Z-00-DX1,1,0.58632535,1
tumour/TCGA-CA-5796-01Z-00-DX1_11776_18432.jpg,TCGA-CA-5796,TCGA-CA-5796-01Z-00-DX1,1,0.44426212,0
tumour/TCGA-CA-5796-01Z-00-DX1_11776_19456.jpg,TCGA-CA-5796,TCGA-CA-5796-01Z-00-DX1,1,0.9675827,1
tumour/TCGA-CA-5796-01Z-00-DX1_11776_19968.jpg,TCGA-CA-5796,TCGA-CA-5796-01Z-00-DX1,1,0.7940673,1
tumour/TCGA-CA-5796-01Z-00-DX1_11776_6656.jpg,TCGA-CA-5796,TCGA-CA-5796-01Z-00-DX1,1,0.0026476192,0
tumour/TCGA-CA-5796-01Z-00-DX1_11776_7168.jpg,TCGA-CA-5796,TCGA-CA-5796-01Z-00-DX1,1,0.008314068,0
tumour/TCGA-CA-5796-01Z-00-DX1_11776_8192.jpg,TCGA-CA-5796,TCGA-CA-5796-01Z-00-DX1,1,0.27551374,0
tumour/TCGA-CA-5796-01Z-00-DX1_12288_17920.jpg,TCGA-CA-5796,TCGA-CA-5796-01Z-00-DX1,1,0.88399214,1
tumour/TCGA-CA-5796-01Z-00-DX1_12288_18944.jpg,TCGA-CA-5796,TCGA-CA-5796-01Z-00-DX1,1,0.78470516,1
tumour/TCGA-CA-5796-01Z-00-DX1_12288_5632.jpg,TCGA-CA-5796,TCGA-CA-5796-01Z-00-DX1,1,0.24508154,0
tumour/TCGA-CA-5796-01Z-00-DX1_12288_6656.jpg,TCGA-CA-5796,TCGA-CA-5796-01Z-00-DX1,1,0.08329029,0
tumour/TCGA-CA-5796-01Z-00-DX1_12800_6144.jpg,TCGA-CA-5796,TCGA-CA-5796-01Z-00-DX1,1,0.92365795,1
tumour/TCGA-CA-5796-01Z-00-DX1_12800_8704.jpg,TCGA-CA-5796,TCGA-CA-5796-01Z-00-DX1,1,0.20561281,0
tumour/TCGA-CA-5796-01Z-00-DX1_13312_10240.jpg,TCGA-CA-5796,TCGA-CA-5796-01Z-00-DX1,1,0.013038488,0
tumour/TCGA-CA-5796-01Z-00-DX1_13312_10752.jpg,TCGA-CA-5796,TCGA-CA-5796-01Z-00-DX1,1,0.8666576,1
tumour/TCGA-CA-5796-01Z-00-DX1_13312_12800.jpg,TCGA-CA-5796,TCGA-CA-5796-01Z-00-DX1,1,0.9908069,1
tumour/TCGA-CA-5796-01Z-00-DX1_13312_8704.jpg,TCGA-CA-5796,TCGA-CA-5796-01Z-00-DX1,1,0.8274803,1
tumour/TCGA-CA-5796-01Z-00-DX1_13312_9728.jpg,TCGA-CA-5796,TCGA-CA-5796-01Z-00-DX1,1,0.0023418653,0
tumour/TCGA-CA-5796-01Z-00-DX1_13824_10752.jpg,TCGA-CA-5796,TCGA-CA-5796-01Z-00-DX1,1,0.062364426,0
tumour/TCGA-CA-5796-01Z-00-DX1_13824_9728.jpg,TCGA-CA-5796,TCGA-CA-5796-01Z-00-DX1,1,0.8408081,1
tumour/TCGA-CA-5796-01Z-00-DX1_14336_10240.jpg,TCGA-CA-5796,TCGA-CA-5796-01Z-00-DX1,1,0.97608644,1
tumour/TCGA-CA-5796-01Z-00-DX1_14336_11264.jpg,TCGA-CA-5796,TCGA-CA-5796-01Z-00-DX1,1,0.7988568,1
tumour/TCGA-CA-5796-01Z-00-DX1_14336_11776.jpg,TCGA-CA-5796,TCGA-CA-5796-01Z-00-DX1,1,0.567796,1
tumour/TCGA-CA-5796-01Z-00-DX1_14336_12288.jpg,TCGA-CA-5796,TCGA-CA-5796-01Z-00-DX1,1,0.16328925,0
tumour/TCGA-CA-5796-01Z-00-DX1_14336_13312.jpg,TCGA-CA-5796,TCGA-CA-5796-01Z-00-DX1,1,0.969775,1
tumour/TCGA-CA-5796-01Z-00-DX1_14336_13824.jpg,TCGA-CA-5796,TCGA-CA-5796-01Z-00-DX1,1,0.9929798,1
tumour/TCGA-CA-5796-01Z-00-DX1_14336_8704.jpg,TCGA-CA-5796,TCGA-CA-5796-01Z-00-DX1,1,0.99216324,1
tumour/TCGA-CA-5796-01Z-00-DX1_14336_9216.jpg,TCGA-CA-5796,TCGA-CA-5796-01Z-00-DX1,1,0.9808549,1
tumour/TCGA-CA-5796-01Z-00-DX1_14336_9728.jpg,TCGA-CA-5796,TCGA-CA-5796-01Z-00-DX1,1,0.07111055,0
tumour/TCGA-CA-5796-01Z-00-DX1_14848_10752.jpg,TCGA-CA-5796,TCGA-CA-5796-01Z-00-DX1,1,0.99425995,1
tumour/TCGA-CA-5796-01Z-00-DX1_14848_11264.jpg,TCGA-CA-5796,TCGA-CA-5796-01Z-00-DX1,1,0.99059707,1
tumour/TCGA-CA-5796-01Z-00-DX1_14848_11776.jpg,TCGA-CA-5796,TCGA-CA-5796-01Z-00-DX1,1,0.57457787,1
tumour/TCGA-CA-5796-01Z-00-DX1_14848_12288.jpg,TCGA-CA-5796,TCGA-CA-5796-01Z-00-DX1,1,0.05235046,0
tumour/TCGA-CA-5796-01Z-00-DX1_14848_12800.jpg,TCGA-CA-5796,TCGA-CA-5796-01Z-00-DX1,1,0.40704933,0
tumour/TCGA-CA-5796-01Z-00-DX1_14848_13312.jpg,TCGA-CA-5796,TCGA-CA-5796-01Z-00-DX1,1,0.22558118,0
tumour/TCGA-CA-5796-01Z-00-DX1_15360_10752.jpg,TCGA-CA-5796,TCGA-CA-5796-01Z-00-DX1,1,0.40229002,0
tumour/TCGA-CA-5796-01Z-00-DX1_15360_11264.jpg,TCGA-CA-5796,TCGA-CA-5796-01Z-00-DX1,1,0.22766155,0
tumour/TCGA-CA-5796-01Z-00-DX1_15360_11776.jpg,TCGA-CA-5796,TCGA-CA-5796-01Z-00-DX1,1,0.994158,1
tumour/TCGA-CA-5796-01Z-00-DX1_15360_24064.jpg,TCGA-CA-5796,TCGA-CA-5796-01Z-00-DX1,1,0.0018636475,0
tumour/TCGA-CA-5796-01Z-00-DX1_15360_5632.jpg,TCGA-CA-5796,TCGA-CA-5796-01Z-00-DX1,1,0.13722827,0
tumour/TCGA-CA-5796-01Z-00-DX1_15360_6144.jpg,TCGA-CA-5796,TCGA-CA-5796-01Z-00-DX1,1,0.55953765,1
tumour/TCGA-CA-5796-01Z-00-DX1_15360_6656.jpg,TCGA-CA-5796,TCGA-CA-5796-01Z-00-DX1,1,0.02935434,0
tumour/TCGA-CA-5796-01Z-00-DX1_15360_7680.jpg,TCGA-CA-5796,TCGA-CA-5796-01Z-00-DX1,1,0.003577332,0
tumour/TCGA-CA-5796-01Z-00-DX1_15360_8704.jpg,TCGA-CA-5796,TCGA-CA-5796-01Z-00-DX1,1,0.11765479,0
tumour/TCGA-CA-5796-01Z-00-DX1_15360_9216.jpg,TCGA-CA-5796,TCGA-CA-5796-01Z-00-DX1,1,0.3166069,0
tumour/TCGA-CA-5796-01Z-00-DX1_15360_9728.jpg,TCGA-CA-5796,TCGA-CA-5796-01Z-00-DX1,1,0.9913424,1
tumour/TCGA-CA-5796-01Z-00-DX1_15872_10240.jpg,TCGA-CA-5796,TCGA-CA-5796-01Z-00-DX1,1,0.956986,1
tumour/TCGA-CA-5796-01Z-00-DX1_15872_20992.jpg,TCGA-CA-5796,TCGA-CA-5796-01Z-00-DX1,1,0.8346688,1
tumour/TCGA-CA-5796-01Z-00-DX1_15872_24576.jpg,TCGA-CA-5796,TCGA-CA-5796-01Z-00-DX1,1,0.8160146,1
tumour/TCGA-CA-5796-01Z-00-DX1_15872_6656.jpg,TCGA-CA-5796,TCGA-CA-5796-01Z-00-DX1,1,0.019841671,0
tumour/TCGA-CA-5796-01Z-00-DX1_15872_7168.jpg,TCGA-CA-5796,TCGA-CA-5796-01Z-00-DX1,1,0.08681563,0
tumour/TCGA-CA-5796-01Z-00-DX1_15872_8192.jpg,TCGA-CA-5796,TCGA-CA-5796-01Z-00-DX1,1,0.9073735,1
tumour/TCGA-CA-5796-01Z-00-DX1_15872_8704.jpg,TCGA-CA-5796,TCGA-CA-5796-01Z-00-DX1,1,0.14917113,0
tumour/TCGA-CA-5796-01Z-00-DX1_15872_9216.jpg,TCGA-CA-5796,TCGA-CA-5796-01Z-00-DX1,1,0.59833825,1
tumour/TCGA-CA-5796-01Z-00-DX1_15872_9728.jpg,TCGA-CA-5796,TCGA-CA-5796-01Z-00-DX1,1,0.49411255,0
tumour/TCGA-CA-5796-01Z-00-DX1_16384_10752.jpg,TCGA-CA-5796,TCGA-CA-5796-01Z-00-DX1,1,0.8750767,1
tumour/TCGA-CA-5796-01Z-00-DX1_16384_11264.jpg,TCGA-CA-5796,TCGA-CA-5796-01Z-00-DX1,1,0.811016,1
tumour/TCGA-CA-5796-01Z-00-DX1_16384_11776.jpg,TCGA-CA-5796,TCGA-CA-5796-01Z-00-DX1,1,0.916857,1
tumour/TCGA-CA-5796-01Z-00-DX1_16384_21504.jpg,TCGA-CA-5796,TCGA-CA-5796-01Z-00-DX1,1,0.9554126,1
tumour/TCGA-CA-5796-01Z-00-DX1_16384_22016.jpg,TCGA-CA-5796,TCGA-CA-5796-01Z-00-DX1,1,0.9916944,1
tumour/TCGA-CA-5796-01Z-00-DX1_16384_23552.jpg,TCGA-CA-5796,TCGA-CA-5796-01Z-00-DX1,1,0.015114926,0
tumour/TCGA-CA-5796-01Z-00-DX1_16384_24064.jpg,TCGA-CA-5796,TCGA-CA-5796-01Z-00-DX1,1,0.00943669,0
tumour/TCGA-CA-5796-01Z-00-DX1_16384_24576.jpg,TCGA-CA-5796,TCGA-CA-5796-01Z-00-DX1,1,0.9590011,1
tumour/TCGA-CA-5796-01Z-00-DX1_16384_4608.jpg,TCGA-CA-5796,TCGA-CA-5796-01Z-00-DX1,1,0.22284481,0
tumour/TCGA-CA-5796-01Z-00-DX1_16384_6656.jpg,TCGA-CA-5796,TCGA-CA-5796-01Z-00-DX1,1,0.39393535,0
tumour/TCGA-CA-5796-01Z-00-DX1_16384_8704.jpg,TCGA-CA-5796,TCGA-CA-5796-01Z-00-DX1,1,0.99566734,1
tumour/TCGA-CA-5796-01Z-00-DX1_16384_9216.jpg,TCGA-CA-5796,TCGA-CA-5796-01Z-00-DX1,1,0.7136939,1
tumour/TCGA-CA-5796-01Z-00-DX1_16896_10240.jpg,TCGA-CA-5796,TCGA-CA-5796-01Z-00-DX1,1,0.08662018,0
tumour/TCGA-CA-5796-01Z-00-DX1_16896_11776.jpg,TCGA-CA-5796,TCGA-CA-5796-01Z-00-DX1,1,0.9462423,1
tumour/TCGA-CA-5796-01Z-00-DX1_16896_20992.jpg,TCGA-CA-5796,TCGA-CA-5796-01Z-00-DX1,1,0.7832007,1
tumour/TCGA-CA-5796-01Z-00-DX1_16896_23040.jpg,TCGA-CA-5796,TCGA-CA-5796-01Z-00-DX1,1,0.7471374,1
tumour/TCGA-CA-5796-01Z-00-DX1_16896_24576.jpg,TCGA-CA-5796,TCGA-CA-5796-01Z-00-DX1,1,0.032064185,0
tumour/TCGA-CA-5796-01Z-00-DX1_16896_5632.jpg,TCGA-CA-5796,TCGA-CA-5796-01Z-00-DX1,1,0.49682918,0
tumour/TCGA-CA-5796-01Z-00-DX1_16896_6144.jpg,TCGA-CA-5796,TCGA-CA-5796-01Z-00-DX1,1,0.3274065,0
tumour/TCGA-CA-5796-01Z-00-DX1_16896_6656.jpg,TCGA-CA-5796,TCGA-CA-5796-01Z-00-DX1,1,0.23751909,0
tumour/TCGA-CA-5796-01Z-00-DX1_16896_7168.jpg,TCGA-CA-5796,TCGA-CA-5796-01Z-00-DX1,1,0.86844707,1
tumour/TCGA-CA-5796-01Z-00-DX1_16896_9216.jpg,TCGA-CA-5796,TCGA-CA-5796-01Z-00-DX1,1,0.0024406302,0
tumour/TCGA-CA-5796-01Z-00-DX1_16896_9728.jpg,TCGA-CA-5796,TCGA-CA-5796-01Z-00-DX1,1,0.035150133,0
tumour/TCGA-CA-5796-01Z-00-DX1_17408_10240.jpg,TCGA-CA-5796,TCGA-CA-5796-01Z-00-DX1,1,0.06463339,0
tumour/TCGA-CA-5796-01Z-00-DX1_17408_10752.jpg,TCGA-CA-5796,TCGA-CA-5796-01Z-00-DX1,1,0.1641604,0
tumour/TCGA-CA-5796-01Z-00-DX1_17408_11264.jpg,TCGA-CA-5796,TCGA-CA-5796-01Z-00-DX1,1,0.15230595,0
tumour/TCGA-CA-5796-01Z-00-DX1_17408_11776.jpg,TCGA-CA-5796,TCGA-CA-5796-01Z-00-DX1,1,0.4573235,0
tumour/TCGA-CA-5796-01Z-00-DX1_17408_12288.jpg,TCGA-CA-5796,TCGA-CA-5796-01Z-00-DX1,1,0.77574074,1
tumour/TCGA-CA-5796-01Z-00-DX1_17408_22016.jpg,TCGA-CA-5796,TCGA-CA-5796-01Z-00-DX1,1,0.990299,1
tumour/TCGA-CA-5796-01Z-00-DX1_17408_23552.jpg,TCGA-CA-5796,TCGA-CA-5796-01Z-00-DX1,1,0.90810126,1
tumour/TCGA-CA-5796-01Z-00-DX1_17408_24064.jpg,TCGA-CA-5796,TCGA-CA-5796-01Z-00-DX1,1,0.0667288,0
tumour/TCGA-CA-5796-01Z-00-DX1_17408_25088.jpg,TCGA-CA-5796,TCGA-CA-5796-01Z-00-DX1,1,0.3879461,0
tumour/TCGA-CA-5796-01Z-00-DX1_17408_6144.jpg,TCGA-CA-5796,TCGA-CA-5796-01Z-00-DX1,1,0.5216543,1
tumour/TCGA-CA-5796-01Z-00-DX1_17408_6656.jpg,TCGA-CA-5796,TCGA-CA-5796-01Z-00-DX1,1,0.92215276,1
tumour/TCGA-CA-5796-01Z-00-DX1_17408_8704.jpg,TCGA-CA-5796,TCGA-CA-5796-01Z-00-DX1,1,0.0062695276,0
tumour/TCGA-CA-5796-01Z-00-DX1_17920_10752.jpg,TCGA-CA-5796,TCGA-CA-5796-01Z-00-DX1,1,0.9436063,1
tumour/TCGA-CA-5796-01Z-00-DX1_17920_11264.jpg,TCGA-CA-5796,TCGA-CA-5796-01Z-00-DX1,1,0.29562196,0
tumour/TCGA-CA-5796-01Z-00-DX1_17920_11776.jpg,TCGA-CA-5796,TCGA-CA-5796-01Z-00-DX1,1,0.3126467,0
tumour/TCGA-CA-5796-01Z-00-DX1_17920_12288.jpg,TCGA-CA-5796,TCGA-CA-5796-01Z-00-DX1,1,0.94585115,1
tumour/TCGA-CA-5796-01Z-00-DX1_17920_21504.jpg,TCGA-CA-5796,TCGA-CA-5796-01Z-00-DX1,1,0.89563924,1
tumour/TCGA-CA-5796-01Z-00-DX1_17920_24064.jpg,TCGA-CA-5796,TCGA-CA-5796-01Z-00-DX1,1,0.013258651,0
tumour/TCGA-CA-5796-01Z-00-DX1_17920_24576.jpg,TCGA-CA-5796,TCGA-CA-5796-01Z-00-DX1,1,0.67486084,1
tumour/TCGA-CA-5796-01Z-00-DX1_17920_25088.jpg,TCGA-CA-5796,TCGA-CA-5796-01Z-00-DX1,1,0.20830493,0
tumour/TCGA-CA-5796-01Z-00-DX1_17920_7168.jpg,TCGA-CA-5796,TCGA-CA-5796-01Z-00-DX1,1,0.9773876,1
tumour/TCGA-CA-5796-01Z-00-DX1_17920_9728.jpg,TCGA-CA-5796,TCGA-CA-5796-01Z-00-DX1,1,0.015215399,0
tumour/TCGA-CA-5796-01Z-00-DX1_18432_10752.jpg,TCGA-CA-5796,TCGA-CA-5796-01Z-00-DX1,1,0.00018617409,0
tumour/TCGA-CA-5796-01Z-00-DX1_18432_11264.jpg,TCGA-CA-5796,TCGA-CA-5796-01Z-00-DX1,1,0.025745604,0
tumour/TCGA-CA-5796-01Z-00-DX1_18432_16896.jpg,TCGA-CA-5796,TCGA-CA-5796-01Z-00-DX1,1,0.97268856,1
tumour/TCGA-CA-5796-01Z-00-DX1_18432_22528.jpg,TCGA-CA-5796,TCGA-CA-5796-01Z-00-DX1,1,0.047365885,0
tumour/TCGA-CA-5796-01Z-00-DX1_18432_23552.jpg,TCGA-CA-5796,TCGA-CA-5796-01Z-00-DX1,1,0.0073877,0
tumour/TCGA-CA-5796-01Z-00-DX1_18432_24576.jpg,TCGA-CA-5796,TCGA-CA-5796-01Z-00-DX1,1,0.8045155,1
tumour/TCGA-CA-5796-01Z-00-DX1_18432_25088.jpg,TCGA-CA-5796,TCGA-CA-5796-01Z-00-DX1,1,0.67509365,1
tumour/TCGA-CA-5796-01Z-00-DX1_18432_7680.jpg,TCGA-CA-5796,TCGA-CA-5796-01Z-00-DX1,1,0.52323693,1
tumour/TCGA-CA-5796-01Z-00-DX1_18432_8192.jpg,TCGA-CA-5796,TCGA-CA-5796-01Z-00-DX1,1,0.987422,1
tumour/TCGA-CA-5796-01Z-00-DX1_18432_8704.jpg,TCGA-CA-5796,TCGA-CA-5796-01Z-00-DX1,1,0.27675134,0
tumour/TCGA-CA-5796-01Z-00-DX1_18432_9728.jpg,TCGA-CA-5796,TCGA-CA-5796-01Z-00-DX1,1,0.08893563,0
tumour/TCGA-CA-5796-01Z-00-DX1_18944_10240.jpg,TCGA-CA-5796,TCGA-CA-5796-01Z-00-DX1,1,0.00877565,0
tumour/TCGA-CA-5796-01Z-00-DX1_18944_11264.jpg,TCGA-CA-5796,TCGA-CA-5796-01Z-00-DX1,1,0.9976509,1
tumour/TCGA-CA-5796-01Z-00-DX1_18944_14336.jpg,TCGA-CA-5796,TCGA-CA-5796-01Z-00-DX1,1,0.9013188,1
tumour/TCGA-CA-5796-01Z-00-DX1_18944_15872.jpg,TCGA-CA-5796,TCGA-CA-5796-01Z-00-DX1,1,0.6849243,1
tumour/TCGA-CA-5796-01Z-00-DX1_18944_16896.jpg,TCGA-CA-5796,TCGA-CA-5796-01Z-00-DX1,1,0.8837934,1
tumour/TCGA-CA-5796-01Z-00-DX1_18944_17408.jpg,TCGA-CA-5796,TCGA-CA-5796-01Z-00-DX1,1,0.9373214,1
tumour/TCGA-CA-5796-01Z-00-DX1_18944_23040.jpg,TCGA-CA-5796,TCGA-CA-5796-01Z-00-DX1,1,0.99221206,1
tumour/TCGA-CA-5796-01Z-00-DX1_18944_23552.jpg,TCGA-CA-5796,TCGA-CA-5796-01Z-00-DX1,1,0.47679543,0
tumour/TCGA-CA-5796-01Z-00-DX1_18944_5632.jpg,TCGA-CA-5796,TCGA-CA-5796-01Z-00-DX1,1,0.6206599,1
tumour/TCGA-CA-5796-01Z-00-DX1_18944_6656.jpg,TCGA-CA-5796,TCGA-CA-5796-01Z-00-DX1,1,0.010297666,0
tumour/TCGA-CA-5796-01Z-00-DX1_18944_8192.jpg,TCGA-CA-5796,TCGA-CA-5796-01Z-00-DX1,1,0.98177725,1
tumour/TCGA-CA-5796-01Z-00-DX1_18944_9216.jpg,TCGA-CA-5796,TCGA-CA-5796-01Z-00-DX1,1,0.011544196,0
tumour/TCGA-CA-5796-01Z-00-DX1_19456_10752.jpg,TCGA-CA-5796,TCGA-CA-5796-01Z-00-DX1,1,0.74910444,1
tumour/TCGA-CA-5796-01Z-00-DX1_19456_11264.jpg,TCGA-CA-5796,TCGA-CA-5796-01Z-00-DX1,1,0.9789338,1
tumour/TCGA-CA-5796-01Z-00-DX1_19456_11776.jpg,TCGA-CA-5796,TCGA-CA-5796-01Z-00-DX1,1,0.5205951,1
tumour/TCGA-CA-5796-01Z-00-DX1_19456_13312.jpg,TCGA-CA-5796,TCGA-CA-5796-01Z-00-DX1,1,0.82210594,1
tumour/TCGA-CA-5796-01Z-00-DX1_19456_14336.jpg,TCGA-CA-5796,TCGA-CA-5796-01Z-00-DX1,1,0.48692018,0
tumour/TCGA-CA-5796-01Z-00-DX1_19456_15872.jpg,TCGA-CA-5796,TCGA-CA-5796-01Z-00-DX1,1,0.71335846,1
tumour/TCGA-CA-5796-01Z-00-DX1_19456_5120.jpg,TCGA-CA-5796,TCGA-CA-5796-01Z-00-DX1,1,0.9270932,1
tumour/TCGA-CA-5796-01Z-00-DX1_19456_6144.jpg,TCGA-CA-5796,TCGA-CA-5796-01Z-00-DX1,1,0.21258745,0
tumour/TCGA-CA-5796-01Z-00-DX1_19456_6656.jpg,TCGA-CA-5796,TCGA-CA-5796-01Z-00-DX1,1,0.120093554,0
tumour/TCGA-CA-5796-01Z-00-DX1_19456_7168.jpg,TCGA-CA-5796,TCGA-CA-5796-01Z-00-DX1,1,0.6575294,1
tumour/TCGA-CA-5796-01Z-00-DX1_19456_9216.jpg,TCGA-CA-5796,TCGA-CA-5796-01Z-00-DX1,1,0.6988593,1
tumour/TCGA-CA-5796-01Z-00-DX1_19456_9728.jpg,TCGA-CA-5796,TCGA-CA-5796-01Z-00-DX1,1,0.0044295974,0
tumour/TCGA-CA-5796-01Z-00-DX1_19968_13312.jpg,TCGA-CA-5796,TCGA-CA-5796-01Z-00-DX1,1,0.8575806,1
tumour/TCGA-CA-5796-01Z-00-DX1_19968_13824.jpg,TCGA-CA-5796,TCGA-CA-5796-01Z-00-DX1,1,0.18222678,0
tumour/TCGA-CA-5796-01Z-00-DX1_19968_16384.jpg,TCGA-CA-5796,TCGA-CA-5796-01Z-00-DX1,1,0.8798689,1
tumour/TCGA-CA-5796-01Z-00-DX1_19968_16896.jpg,TCGA-CA-5796,TCGA-CA-5796-01Z-00-DX1,1,0.8804794,1
tumour/TCGA-CA-5796-01Z-00-DX1_19968_6144.jpg,TCGA-CA-5796,TCGA-CA-5796-01Z-00-DX1,1,0.9205406,1
tumour/TCGA-CA-5796-01Z-00-DX1_19968_6656.jpg,TCGA-CA-5796,TCGA-CA-5796-01Z-00-DX1,1,0.64694667,1
tumour/TCGA-CA-5796-01Z-00-DX1_19968_7680.jpg,TCGA-CA-5796,TCGA-CA-5796-01Z-00-DX1,1,0.8789066,1
tumour/TCGA-CA-5796-01Z-00-DX1_19968_8704.jpg,TCGA-CA-5796,TCGA-CA-5796-01Z-00-DX1,1,0.22324602,0
tumour/TCGA-CA-5796-01Z-00-DX1_19968_9728.jpg,TCGA-CA-5796,TCGA-CA-5796-01Z-00-DX1,1,0.99892247,1
tumour/TCGA-CA-5796-01Z-00-DX1_20480_10752.jpg,TCGA-CA-5796,TCGA-CA-5796-01Z-00-DX1,1,0.99449944,1
tumour/TCGA-CA-5796-01Z-00-DX1_20480_13824.jpg,TCGA-CA-5796,TCGA-CA-5796-01Z-00-DX1,1,0.0027947861,0
tumour/TCGA-CA-5796-01Z-00-DX1_20480_14336.jpg,TCGA-CA-5796,TCGA-CA-5796-01Z-00-DX1,1,0.71672326,1
tumour/TCGA-CA-5796-01Z-00-DX1_20480_17920.jpg,TCGA-CA-5796,TCGA-CA-5796-01Z-00-DX1,1,0.9907274,1
tumour/TCGA-CA-5796-01Z-00-DX1_20480_5120.jpg,TCGA-CA-5796,TCGA-CA-5796-01Z-00-DX1,1,0.88754404,1
tumour/TCGA-CA-5796-01Z-00-DX1_20480_5632.jpg,TCGA-CA-5796,TCGA-CA-5796-01Z-00-DX1,1,0.24791786,0
tumour/TCGA-CA-5796-01Z-00-DX1_20480_7168.jpg,TCGA-CA-5796,TCGA-CA-5796-01Z-00-DX1,1,0.94878614,1
tumour/TCGA-CA-5796-01Z-00-DX1_20480_8192.jpg,TCGA-CA-5796,TCGA-CA-5796-01Z-00-DX1,1,0.8565103,1
tumour/TCGA-CA-5796-01Z-00-DX1_20480_8704.jpg,TCGA-CA-5796,TCGA-CA-5796-01Z-00-DX1,1,0.8359577,1
tumour/TCGA-CA-5796-01Z-00-DX1_20480_9216.jpg,TCGA-CA-5796,TCGA-CA-5796-01Z-00-DX1,1,0.95170987,1
tumour/TCGA-CA-5796-01Z-00-DX1_20992_12288.jpg,TCGA-CA-5796,TCGA-CA-5796-01Z-00-DX1,1,0.2619328,0
tumour/TCGA-CA-5796-01Z-00-DX1_20992_13312.jpg,TCGA-CA-5796,TCGA-CA-5796-01Z-00-DX1,1,0.9725566,1
tumour/TCGA-CA-5796-01Z-00-DX1_20992_15360.jpg,TCGA-CA-5796,TCGA-CA-5796-01Z-00-DX1,1,0.9327847,1
tumour/TCGA-CA-5796-01Z-00-DX1_20992_16384.jpg,TCGA-CA-5796,TCGA-CA-5796-01Z-00-DX1,1,0.9044292,1
tumour/TCGA-CA-5796-01Z-00-DX1_20992_17408.jpg,TCGA-CA-5796,TCGA-CA-5796-01Z-00-DX1,1,0.7942258,1
tumour/TCGA-CA-5796-01Z-00-DX1_20992_17920.jpg,TCGA-CA-5796,TCGA-CA-5796-01Z-00-DX1,1,0.8680984,1
tumour/TCGA-CA-5796-01Z-00-DX1_20992_18432.jpg,TCGA-CA-5796,TCGA-CA-5796-01Z-00-DX1,1,0.5637468,1
tumour/TCGA-CA-5796-01Z-00-DX1_20992_5632.jpg,TCGA-CA-5796,TCGA-CA-5796-01Z-00-DX1,1,0.95147574,1
tumour/TCGA-CA-5796-01Z-00-DX1_20992_6656.jpg,TCGA-CA-5796,TCGA-CA-5796-01Z-00-DX1,1,0.97578514,1
tumour/TCGA-CA-5796-01Z-00-DX1_20992_8704.jpg,TCGA-CA-5796,TCGA-CA-5796-01Z-00-DX1,1,0.1101704,0
tumour/TCGA-CA-5796-01Z-00-DX1_21504_12288.jpg,TCGA-CA-5796,TCGA-CA-5796-01Z-00-DX1,1,0.12557416,0
tumour/TCGA-CA-5796-01Z-00-DX1_21504_13312.jpg,TCGA-CA-5796,TCGA-CA-5796-01Z-00-DX1,1,0.87880504,1
tumour/TCGA-CA-5796-01Z-00-DX1_21504_14336.jpg,TCGA-CA-5796,TCGA-CA-5796-01Z-00-DX1,1,0.12442209,0
tumour/TCGA-CA-5796-01Z-00-DX1_21504_14848.jpg,TCGA-CA-5796,TCGA-CA-5796-01Z-00-DX1,1,0.8452567,1
tumour/TCGA-CA-5796-01Z-00-DX1_21504_16384.jpg,TCGA-CA-5796,TCGA-CA-5796-01Z-00-DX1,1,0.99944776,1
tumour/TCGA-CA-5796-01Z-00-DX1_21504_18944.jpg,TCGA-CA-5796,TCGA-CA-5796-01Z-00-DX1,1,0.84913886,1
tumour/TCGA-CA-5796-01Z-00-DX1_21504_6144.jpg,TCGA-CA-5796,TCGA-CA-5796-01Z-00-DX1,1,0.3520006,0
tumour/TCGA-CA-5796-01Z-00-DX1_21504_7680.jpg,TCGA-CA-5796,TCGA-CA-5796-01Z-00-DX1,1,0.12886158,0
tumour/TCGA-CA-5796-01Z-00-DX1_22016_10752.jpg,TCGA-CA-5796,TCGA-CA-5796-01Z-00-DX1,1,0.66015553,1
tumour/TCGA-CA-5796-01Z-00-DX1_22016_11264.jpg,TCGA-CA-5796,TCGA-CA-5796-01Z-00-DX1,1,0.49157083,0
tumour/TCGA-CA-5796-01Z-00-DX1_22016_11776.jpg,TCGA-CA-5796,TCGA-CA-5796-01Z-00-DX1,1,0.0068518887,0
tumour/TCGA-CA-5796-01Z-00-DX1_22016_13312.jpg,TCGA-CA-5796,TCGA-CA-5796-01Z-00-DX1,1,0.7840414,1
tumour/TCGA-CA-5796-01Z-00-DX1_22016_13824.jpg,TCGA-CA-5796,TCGA-CA-5796-01Z-00-DX1,1,0.8295285,1
tumour/TCGA-CA-5796-01Z-00-DX1_22016_14336.jpg,TCGA-CA-5796,TCGA-CA-5796-01Z-00-DX1,1,0.9848298,1
tumour/TCGA-CA-5796-01Z-00-DX1_22016_14848.jpg,TCGA-CA-5796,TCGA-CA-5796-01Z-00-DX1,1,0.99898785,1
tumour/TCGA-CA-5796-01Z-00-DX1_22016_15360.jpg,TCGA-CA-5796,TCGA-CA-5796-01Z-00-DX1,1,0.9700789,1
tumour/TCGA-CA-5796-01Z-00-DX1_22016_15872.jpg,TCGA-CA-5796,TCGA-CA-5796-01Z-00-DX1,1,0.99951375,1
tumour/TCGA-CA-5796-01Z-00-DX1_22016_17408.jpg,TCGA-CA-5796,TCGA-CA-5796-01Z-00-DX1,1,0.98965794,1
tumour/TCGA-CA-5796-01Z-00-DX1_22016_17920.jpg,TCGA-CA-5796,TCGA-CA-5796-01Z-00-DX1,1,0.99168956,1
tumour/TCGA-CA-5796-01Z-00-DX1_22016_18432.jpg,TCGA-CA-5796,TCGA-CA-5796-01Z-00-DX1,1,0.5072912,1
tumour/TCGA-CA-5796-01Z-00-DX1_22016_5632.jpg,TCGA-CA-5796,TCGA-CA-5796-01Z-00-DX1,1,0.0048788865,0
tumour/TCGA-CA-5796-01Z-00-DX1_22016_9728.jpg,TCGA-CA-5796,TCGA-CA-5796-01Z-00-DX1,1,0.5476302,1
tumour/TCGA-CA-5796-01Z-00-DX1_22528_12800.jpg,TCGA-CA-5796,TCGA-CA-5796-01Z-00-DX1,1,0.8690394,1
tumour/TCGA-CA-5796-01Z-00-DX1_22528_13824.jpg,TCGA-CA-5796,TCGA-CA-5796-01Z-00-DX1,1,0.78042233,1
tumour/TCGA-CA-5796-01Z-00-DX1_22528_15872.jpg,TCGA-CA-5796,TCGA-CA-5796-01Z-00-DX1,1,0.993109,1
tumour/TCGA-CA-5796-01Z-00-DX1_22528_17408.jpg,TCGA-CA-5796,TCGA-CA-5796-01Z-00-DX1,1,0.9999938,1
tumour/TCGA-CA-5796-01Z-00-DX1_22528_17920.jpg,TCGA-CA-5796,TCGA-CA-5796-01Z-00-DX1,1,0.99301803,1
tumour/TCGA-CA-5796-01Z-00-DX1_22528_18944.jpg,TCGA-CA-5796,TCGA-CA-5796-01Z-00-DX1,1,0.61232924,1
tumour/TCGA-CA-5796-01Z-00-DX1_22528_22528.jpg,TCGA-CA-5796,TCGA-CA-5796-01Z-00-DX1,1,0.9956682,1
tumour/TCGA-CA-5796-01Z-00-DX1_22528_8192.jpg,TCGA-CA-5796,TCGA-CA-5796-01Z-00-DX1,1,0.07605228,0
tumour/TCGA-CA-5796-01Z-00-DX1_22528_9728.jpg,TCGA-CA-5796,TCGA-CA-5796-01Z-00-DX1,1,0.6086708,1
tumour/TCGA-CA-5796-01Z-00-DX1_23040_10752.jpg,TCGA-CA-5796,TCGA-CA-5796-01Z-00-DX1,1,4.2138614e-05,0
tumour/TCGA-CA-5796-01Z-00-DX1_23040_11264.jpg,TCGA-CA-5796,TCGA-CA-5796-01Z-00-DX1,1,0.38170177,0
tumour/TCGA-CA-5796-01Z-00-DX1_23040_12800.jpg,TCGA-CA-5796,TCGA-CA-5796-01Z-00-DX1,1,0.42865944,0
tumour/TCGA-CA-5796-01Z-00-DX1_23040_13312.jpg,TCGA-CA-5796,TCGA-CA-5796-01Z-00-DX1,1,0.49157837,0
tumour/TCGA-CA-5796-01Z-00-DX1_23040_13824.jpg,TCGA-CA-5796,TCGA-CA-5796-01Z-00-DX1,1,0.88670194,1
tumour/TCGA-CA-5796-01Z-00-DX1_23040_14848.jpg,TCGA-CA-5796,TCGA-CA-5796-01Z-00-DX1,1,0.9742206,1
tumour/TCGA-CA-5796-01Z-00-DX1_23040_15872.jpg,TCGA-CA-5796,TCGA-CA-5796-01Z-00-DX1,1,0.75759536,1
tumour/TCGA-CA-5796-01Z-00-DX1_23040_16896.jpg,TCGA-CA-5796,TCGA-CA-5796-01Z-00-DX1,1,0.9981882,1
tumour/TCGA-CA-5796-01Z-00-DX1_23040_17408.jpg,TCGA-CA-5796,TCGA-CA-5796-01Z-00-DX1,1,0.99643433,1
tumour/TCGA-CA-5796-01Z-00-DX1_23040_17920.jpg,TCGA-CA-5796,TCGA-CA-5796-01Z-00-DX1,1,0.9096928,1
tumour/TCGA-CA-5796-01Z-00-DX1_23040_22016.jpg,TCGA-CA-5796,TCGA-CA-5796-01Z-00-DX1,1,0.93908817,1
tumour/TCGA-CA-5796-01Z-00-DX1_23040_23040.jpg,TCGA-CA-5796,TCGA-CA-5796-01Z-00-DX1,1,0.9999318,1
tumour/TCGA-CA-5796-01Z-00-DX1_23040_8192.jpg,TCGA-CA-5796,TCGA-CA-5796-01Z-00-DX1,1,0.48484075,0
tumour/TCGA-CA-5796-01Z-00-DX1_23040_8704.jpg,TCGA-CA-5796,TCGA-CA-5796-01Z-00-DX1,1,0.9113625,1
tumour/TCGA-CA-5796-01Z-00-DX1_23040_9728.jpg,TCGA-CA-5796,TCGA-CA-5796-01Z-00-DX1,1,0.13796645,0
tumour/TCGA-CA-5796-01Z-00-DX1_23552_10752.jpg,TCGA-CA-5796,TCGA-CA-5796-01Z-00-DX1,1,0.001269657,0
tumour/TCGA-CA-5796-01Z-00-DX1_23552_11264.jpg,TCGA-CA-5796,TCGA-CA-5796-01Z-00-DX1,1,0.5348883,1
tumour/TCGA-CA-5796-01Z-00-DX1_23552_12800.jpg,TCGA-CA-5796,TCGA-CA-5796-01Z-00-DX1,1,0.29515424,0
tumour/TCGA-CA-5796-01Z-00-DX1_23552_13312.jpg,TCGA-CA-5796,TCGA-CA-5796-01Z-00-DX1,1,0.9387353,1
tumour/TCGA-CA-5796-01Z-00-DX1_23552_13824.jpg,TCGA-CA-5796,TCGA-CA-5796-01Z-00-DX1,1,0.9973072,1
tumour/TCGA-CA-5796-01Z-00-DX1_23552_15360.jpg,TCGA-CA-5796,TCGA-CA-5796-01Z-00-DX1,1,0.8458575,1
tumour/TCGA-CA-5796-01Z-00-DX1_23552_16896.jpg,TCGA-CA-5796,TCGA-CA-5796-01Z-00-DX1,1,0.9295631,1
tumour/TCGA-CA-5796-01Z-00-DX1_23552_17920.jpg,TCGA-CA-5796,TCGA-CA-5796-01Z-00-DX1,1,0.9342767,1
tumour/TCGA-CA-5796-01Z-00-DX1_23552_21504.jpg,TCGA-CA-5796,TCGA-CA-5796-01Z-00-DX1,1,0.7917483,1
tumour/TCGA-CA-5796-01Z-00-DX1_23552_23040.jpg,TCGA-CA-5796,TCGA-CA-5796-01Z-00-DX1,1,0.99758077,1
tumour/TCGA-CA-5796-01Z-00-DX1_23552_23552.jpg,TCGA-CA-5796,TCGA-CA-5796-01Z-00-DX1,1,0.9998373,1
tumour/TCGA-CA-5796-01Z-00-DX1_23552_8704.jpg,TCGA-CA-5796,TCGA-CA-5796-01Z-00-DX1,1,0.27974808,0
tumour/TCGA-CA-5796-01Z-00-DX1_23552_9728.jpg,TCGA-CA-5796,TCGA-CA-5796-01Z-00-DX1,1,0.014447024,0
tumour/TCGA-CA-5796-01Z-00-DX1_24064_10752.jpg,TCGA-CA-5796,TCGA-CA-5796-01Z-00-DX1,1,0.04211182,0
tumour/TCGA-CA-5796-01Z-00-DX1_24064_13312.jpg,TCGA-CA-5796,TCGA-CA-5796-01Z-00-DX1,1,0.95211744,1
tumour/TCGA-CA-5796-01Z-00-DX1_24064_13824.jpg,TCGA-CA-5796,TCGA-CA-5796-01Z-00-DX1,1,0.8639701,1
tumour/TCGA-CA-5796-01Z-00-DX1_24064_16896.jpg,TCGA-CA-5796,TCGA-CA-5796-01Z-00-DX1,1,0.9972915,1
tumour/TCGA-CA-5796-01Z-00-DX1_24064_17408.jpg,TCGA-CA-5796,TCGA-CA-5796-01Z-00-DX1,1,0.9879232,1
tumour/TCGA-CA-5796-01Z-00-DX1_24064_20992.jpg,TCGA-CA-5796,TCGA-CA-5796-01Z-00-DX1,1,0.95795745,1
tumour/TCGA-CA-5796-01Z-00-DX1_24064_21504.jpg,TCGA-CA-5796,TCGA-CA-5796-01Z-00-DX1,1,0.93505734,1
tumour/TCGA-CA-5796-01Z-00-DX1_24064_22016.jpg,TCGA-CA-5796,TCGA-CA-5796-01Z-00-DX1,1,0.9955422,1
tumour/TCGA-CA-5796-01Z-00-DX1_24064_22528.jpg,TCGA-CA-5796,TCGA-CA-5796-01Z-00-DX1,1,0.9699934,1
tumour/TCGA-CA-5796-01Z-00-DX1_24064_8704.jpg,TCGA-CA-5796,TCGA-CA-5796-01Z-00-DX1,1,0.09835587,0
tumour/TCGA-CA-5796-01Z-00-DX1_24064_9216.jpg,TCGA-CA-5796,TCGA-CA-5796-01Z-00-DX1,1,0.061729614,0
tumour/TCGA-CA-5796-01Z-00-DX1_24576_10240.jpg,TCGA-CA-5796,TCGA-CA-5796-01Z-00-DX1,1,0.0035576103,0
tumour/TCGA-CA-5796-01Z-00-DX1_24576_11264.jpg,TCGA-CA-5796,TCGA-CA-5796-01Z-00-DX1,1,0.026799133,0
tumour/TCGA-CA-5796-01Z-00-DX1_24576_12800.jpg,TCGA-CA-5796,TCGA-CA-5796-01Z-00-DX1,1,0.7554563,1
tumour/TCGA-CA-5796-01Z-00-DX1_24576_13824.jpg,TCGA-CA-5796,TCGA-CA-5796-01Z-00-DX1,1,0.21637711,0
tumour/TCGA-CA-5796-01Z-00-DX1_24576_14848.jpg,TCGA-CA-5796,TCGA-CA-5796-01Z-00-DX1,1,0.67883646,1
tumour/TCGA-CA-5796-01Z-00-DX1_24576_16384.jpg,TCGA-CA-5796,TCGA-CA-5796-01Z-00-DX1,1,0.9983277,1
tumour/TCGA-CA-5796-01Z-00-DX1_24576_17408.jpg,TCGA-CA-5796,TCGA-CA-5796-01Z-00-DX1,1,0.6625588,1
tumour/TCGA-CA-5796-01Z-00-DX1_24576_17920.jpg,TCGA-CA-5796,TCGA-CA-5796-01Z-00-DX1,1,0.73916984,1
tumour/TCGA-CA-5796-01Z-00-DX1_24576_18944.jpg,TCGA-CA-5796,TCGA-CA-5796-01Z-00-DX1,1,0.98804516,1
tumour/TCGA-CA-5796-01Z-00-DX1_24576_19456.jpg,TCGA-CA-5796,TCGA-CA-5796-01Z-00-DX1,1,0.8824624,1
tumour/TCGA-CA-5796-01Z-00-DX1_24576_20480.jpg,TCGA-CA-5796,TCGA-CA-5796-01Z-00-DX1,1,0.37889266,0
tumour/TCGA-CA-5796-01Z-00-DX1_24576_20992.jpg,TCGA-CA-5796,TCGA-CA-5796-01Z-00-DX1,1,0.98671407,1
tumour/TCGA-CA-5796-01Z-00-DX1_24576_22016.jpg,TCGA-CA-5796,TCGA-CA-5796-01Z-00-DX1,1,0.89731103,1
tumour/TCGA-CA-5796-01Z-00-DX1_24576_23040.jpg,TCGA-CA-5796,TCGA-CA-5796-01Z-00-DX1,1,0.998621,1
tumour/TCGA-CA-5796-01Z-00-DX1_24576_24064.jpg,TCGA-CA-5796,TCGA-CA-5796-01Z-00-DX1,1,0.99981457,1
tumour/TCGA-CA-5796-01Z-00-DX1_24576_8704.jpg,TCGA-CA-5796,TCGA-CA-5796-01Z-00-DX1,1,0.97672564,1
tumour/TCGA-CA-5796-01Z-00-DX1_24576_9216.jpg,TCGA-CA-5796,TCGA-CA-5796-01Z-00-DX1,1,0.7767972,1
tumour/TCGA-CA-5796-01Z-00-DX1_24576_9728.jpg,TCGA-CA-5796,TCGA-CA-5796-01Z-00-DX1,1,0.017268475,0
tumour/TCGA-CA-5796-01Z-00-DX1_25088_11264.jpg,TCGA-CA-5796,TCGA-CA-5796-01Z-00-DX1,1,0.15417175,0
tumour/TCGA-CA-5796-01Z-00-DX1_25088_11776.jpg,TCGA-CA-5796,TCGA-CA-5796-01Z-00-DX1,1,0.9450905,1
tumour/TCGA-CA-5796-01Z-00-DX1_25088_15872.jpg,TCGA-CA-5796,TCGA-CA-5796-01Z-00-DX1,1,0.9409361,1
tumour/TCGA-CA-5796-01Z-00-DX1_25088_17408.jpg,TCGA-CA-5796,TCGA-CA-5796-01Z-00-DX1,1,0.62883866,1
tumour/TCGA-CA-5796-01Z-00-DX1_25088_18944.jpg,TCGA-CA-5796,TCGA-CA-5796-01Z-00-DX1,1,0.9263757,1
tumour/TCGA-CA-5796-01Z-00-DX1_25088_19456.jpg,TCGA-CA-5796,TCGA-CA-5796-01Z-00-DX1,1,0.49031425,0
tumour/TCGA-CA-5796-01Z-00-DX1_25088_20992.jpg,TCGA-CA-5796,TCGA-CA-5796-01Z-00-DX1,1,0.89998245,1
tumour/TCGA-CA-5796-01Z-00-DX1_25088_22016.jpg,TCGA-CA-5796,TCGA-CA-5796-01Z-00-DX1,1,0.9999969,1
tumour/TCGA-CA-5796-01Z-00-DX1_25088_22528.jpg,TCGA-CA-5796,TCGA-CA-5796-01Z-00-DX1,1,0.983602,1
tumour/TCGA-CA-5796-01Z-00-DX1_25088_23040.jpg,TCGA-CA-5796,TCGA-CA-5796-01Z-00-DX1,1,0.9879211,1
tumour/TCGA-CA-5796-01Z-00-DX1_25088_23552.jpg,TCGA-CA-5796,TCGA-CA-5796-01Z-00-DX1,1,0.9997738,1
tumour/TCGA-CA-5796-01Z-00-DX1_25088_8192.jpg,TCGA-CA-5796,TCGA-CA-5796-01Z-00-DX1,1,0.7285047,1
tumour/TCGA-CA-5796-01Z-00-DX1_25088_9216.jpg,TCGA-CA-5796,TCGA-CA-5796-01Z-00-DX1,1,0.99336535,1
tumour/TCGA-CA-5796-01Z-00-DX1_25600_10240.jpg,TCGA-CA-5796,TCGA-CA-5796-01Z-00-DX1,1,9.345929e-05,0
tumour/TCGA-CA-5796-01Z-00-DX1_25600_14336.jpg,TCGA-CA-5796,TCGA-CA-5796-01Z-00-DX1,1,0.92518276,1
tumour/TCGA-CA-5796-01Z-00-DX1_25600_15360.jpg,TCGA-CA-5796,TCGA-CA-5796-01Z-00-DX1,1,0.9941307,1
tumour/TCGA-CA-5796-01Z-00-DX1_25600_16896.jpg,TCGA-CA-5796,TCGA-CA-5796-01Z-00-DX1,1,0.9010232,1
tumour/TCGA-CA-5796-01Z-00-DX1_25600_18432.jpg,TCGA-CA-5796,TCGA-CA-5796-01Z-00-DX1,1,0.47197127,0
tumour/TCGA-CA-5796-01Z-00-DX1_25600_20480.jpg,TCGA-CA-5796,TCGA-CA-5796-01Z-00-DX1,1,0.8080997,1
tumour/TCGA-CA-5796-01Z-00-DX1_25600_8704.jpg,TCGA-CA-5796,TCGA-CA-5796-01Z-00-DX1,1,0.7983495,1
tumour/TCGA-CA-5796-01Z-00-DX1_25600_9728.jpg,TCGA-CA-5796,TCGA-CA-5796-01Z-00-DX1,1,0.022031268,0
tumour/TCGA-CA-5796-01Z-00-DX1_2560_20992.jpg,TCGA-CA-5796,TCGA-CA-5796-01Z-00-DX1,1,0.9811777,1
tumour/TCGA-CA-5796-01Z-00-DX1_2560_21504.jpg,TCGA-CA-5796,TCGA-CA-5796-01Z-00-DX1,1,0.9774688,1
tumour/TCGA-CA-5796-01Z-00-DX1_26112_10240.jpg,TCGA-CA-5796,TCGA-CA-5796-01Z-00-DX1,1,0.6352534,1
tumour/TCGA-CA-5796-01Z-00-DX1_26112_10752.jpg,TCGA-CA-5796,TCGA-CA-5796-01Z-00-DX1,1,0.16985036,0
tumour/TCGA-CA-5796-01Z-00-DX1_26112_11264.jpg,TCGA-CA-5796,TCGA-CA-5796-01Z-00-DX1,1,0.110774264,0
tumour/TCGA-CA-5796-01Z-00-DX1_26112_14336.jpg,TCGA-CA-5796,TCGA-CA-5796-01Z-00-DX1,1,0.99662113,1
tumour/TCGA-CA-5796-01Z-00-DX1_26112_15872.jpg,TCGA-CA-5796,TCGA-CA-5796-01Z-00-DX1,1,0.95156264,1
tumour/TCGA-CA-5796-01Z-00-DX1_26112_16384.jpg,TCGA-CA-5796,TCGA-CA-5796-01Z-00-DX1,1,0.7679144,1
tumour/TCGA-CA-5796-01Z-00-DX1_26112_18944.jpg,TCGA-CA-5796,TCGA-CA-5796-01Z-00-DX1,1,0.99854374,1
tumour/TCGA-CA-5796-01Z-00-DX1_26112_21504.jpg,TCGA-CA-5796,TCGA-CA-5796-01Z-00-DX1,1,0.90620625,1
tumour/TCGA-CA-5796-01Z-00-DX1_26112_8704.jpg,TCGA-CA-5796,TCGA-CA-5796-01Z-00-DX1,1,0.29875362,0
tumour/TCGA-CA-5796-01Z-00-DX1_26624_10240.jpg,TCGA-CA-5796,TCGA-CA-5796-01Z-00-DX1,1,0.014284076,0
tumour/TCGA-CA-5796-01Z-00-DX1_26624_15872.jpg,TCGA-CA-5796,TCGA-CA-5796-01Z-00-DX1,1,0.99022245,1
tumour/TCGA-CA-5796-01Z-00-DX1_26624_16384.jpg,TCGA-CA-5796,TCGA-CA-5796-01Z-00-DX1,1,0.9924602,1
tumour/TCGA-CA-5796-01Z-00-DX1_26624_17920.jpg,TCGA-CA-5796,TCGA-CA-5796-01Z-00-DX1,1,0.7555972,1
tumour/TCGA-CA-5796-01Z-00-DX1_26624_19456.jpg,TCGA-CA-5796,TCGA-CA-5796-01Z-00-DX1,1,0.92078274,1
tumour/TCGA-CA-5796-01Z-00-DX1_26624_19968.jpg,TCGA-CA-5796,TCGA-CA-5796-01Z-00-DX1,1,0.8586086,1
tumour/TCGA-CA-5796-01Z-00-DX1_26624_21504.jpg,TCGA-CA-5796,TCGA-CA-5796-01Z-00-DX1,1,0.89432675,1
tumour/TCGA-CA-5796-01Z-00-DX1_26624_22016.jpg,TCGA-CA-5796,TCGA-CA-5796-01Z-00-DX1,1,0.94549817,1
tumour/TCGA-CA-5796-01Z-00-DX1_26624_22528.jpg,TCGA-CA-5796,TCGA-CA-5796-01Z-00-DX1,1,0.96714395,1
tumour/TCGA-CA-5796-01Z-00-DX1_26624_28160.jpg,TCGA-CA-5796,TCGA-CA-5796-01Z-00-DX1,1,0.3054859,0
tumour/TCGA-CA-5796-01Z-00-DX1_27136_15360.jpg,TCGA-CA-5796,TCGA-CA-5796-01Z-00-DX1,1,0.88445413,1
tumour/TCGA-CA-5796-01Z-00-DX1_27136_15872.jpg,TCGA-CA-5796,TCGA-CA-5796-01Z-00-DX1,1,0.96536106,1
tumour/TCGA-CA-5796-01Z-00-DX1_27136_17920.jpg,TCGA-CA-5796,TCGA-CA-5796-01Z-00-DX1,1,0.96047676,1
tumour/TCGA-CA-5796-01Z-00-DX1_27136_18944.jpg,TCGA-CA-5796,TCGA-CA-5796-01Z-00-DX1,1,0.89922196,1
tumour/TCGA-CA-5796-01Z-00-DX1_27136_19968.jpg,TCGA-CA-5796,TCGA-CA-5796-01Z-00-DX1,1,0.9917888,1
tumour/TCGA-CA-5796-01Z-00-DX1_27136_20992.jpg,TCGA-CA-5796,TCGA-CA-5796-01Z-00-DX1,1,0.99959797,1
tumour/TCGA-CA-5796-01Z-00-DX1_27136_22016.jpg,TCGA-CA-5796,TCGA-CA-5796-01Z-00-DX1,1,0.9920625,1
tumour/TCGA-CA-5796-01Z-00-DX1_27136_22528.jpg,TCGA-CA-5796,TCGA-CA-5796-01Z-00-DX1,1,0.9985916,1
tumour/TCGA-CA-5796-01Z-00-DX1_27136_27136.jpg,TCGA-CA-5796,TCGA-CA-5796-01Z-00-DX1,1,0.93106574,1
tumour/TCGA-CA-5796-01Z-00-DX1_27136_27648.jpg,TCGA-CA-5796,TCGA-CA-5796-01Z-00-DX1,1,0.3731483,0
tumour/TCGA-CA-5796-01Z-00-DX1_27648_14336.jpg,TCGA-CA-5796,TCGA-CA-5796-01Z-00-DX1,1,0.96170795,1
tumour/TCGA-CA-5796-01Z-00-DX1_27648_14848.jpg,TCGA-CA-5796,TCGA-CA-5796-01Z-00-DX1,1,0.9983506,1
tumour/TCGA-CA-5796-01Z-00-DX1_27648_15360.jpg,TCGA-CA-5796,TCGA-CA-5796-01Z-00-DX1,1,0.9142893,1
tumour/TCGA-CA-5796-01Z-00-DX1_27648_17920.jpg,TCGA-CA-5796,TCGA-CA-5796-01Z-00-DX1,1,0.9294356,1
tumour/TCGA-CA-5796-01Z-00-DX1_27648_18432.jpg,TCGA-CA-5796,TCGA-CA-5796-01Z-00-DX1,1,0.9964675,1
tumour/TCGA-CA-5796-01Z-00-DX1_27648_18944.jpg,TCGA-CA-5796,TCGA-CA-5796-01Z-00-DX1,1,0.9682675,1
tumour/TCGA-CA-5796-01Z-00-DX1_27648_19456.jpg,TCGA-CA-5796,TCGA-CA-5796-01Z-00-DX1,1,0.898961,1
tumour/TCGA-CA-5796-01Z-00-DX1_27648_19968.jpg,TCGA-CA-5796,TCGA-CA-5796-01Z-00-DX1,1,0.7337407,1
tumour/TCGA-CA-5796-01Z-00-DX1_27648_20480.jpg,TCGA-CA-5796,TCGA-CA-5796-01Z-00-DX1,1,0.88983196,1
tumour/TCGA-CA-5796-01Z-00-DX1_27648_21504.jpg,TCGA-CA-5796,TCGA-CA-5796-01Z-00-DX1,1,0.9821508,1
tumour/TCGA-CA-5796-01Z-00-DX1_27648_25600.jpg,TCGA-CA-5796,TCGA-CA-5796-01Z-00-DX1,1,0.018949687,0
tumour/TCGA-CA-5796-01Z-00-DX1_27648_30208.jpg,TCGA-CA-5796,TCGA-CA-5796-01Z-00-DX1,1,0.20184404,0
tumour/TCGA-CA-5796-01Z-00-DX1_28160_13312.jpg,TCGA-CA-5796,TCGA-CA-5796-01Z-00-DX1,1,0.9803036,1
tumour/TCGA-CA-5796-01Z-00-DX1_28160_14848.jpg,TCGA-CA-5796,TCGA-CA-5796-01Z-00-DX1,1,0.8343099,1
tumour/TCGA-CA-5796-01Z-00-DX1_28160_16896.jpg,TCGA-CA-5796,TCGA-CA-5796-01Z-00-DX1,1,0.9890316,1
tumour/TCGA-CA-5796-01Z-00-DX1_28160_19456.jpg,TCGA-CA-5796,TCGA-CA-5796-01Z-00-DX1,1,0.9960406,1
tumour/TCGA-CA-5796-01Z-00-DX1_28160_19968.jpg,TCGA-CA-5796,TCGA-CA-5796-01Z-00-DX1,1,0.9593512,1
tumour/TCGA-CA-5796-01Z-00-DX1_28160_20992.jpg,TCGA-CA-5796,TCGA-CA-5796-01Z-00-DX1,1,0.987169,1
tumour/TCGA-CA-5796-01Z-00-DX1_28160_21504.jpg,TCGA-CA-5796,TCGA-CA-5796-01Z-00-DX1,1,0.9928566,1
tumour/TCGA-CA-5796-01Z-00-DX1_28160_25088.jpg,TCGA-CA-5796,TCGA-CA-5796-01Z-00-DX1,1,0.5512862,1
tumour/TCGA-CA-5796-01Z-00-DX1_28160_26112.jpg,TCGA-CA-5796,TCGA-CA-5796-01Z-00-DX1,1,0.97078425,1
tumour/TCGA-CA-5796-01Z-00-DX1_28160_28160.jpg,TCGA-CA-5796,TCGA-CA-5796-01Z-00-DX1,1,0.936127,1
tumour/TCGA-CA-5796-01Z-00-DX1_28160_28672.jpg,TCGA-CA-5796,TCGA-CA-5796-01Z-00-DX1,1,0.8739017,1
tumour/TCGA-CA-5796-01Z-00-DX1_28160_29696.jpg,TCGA-CA-5796,TCGA-CA-5796-01Z-00-DX1,1,0.78902745,1
tumour/TCGA-CA-5796-01Z-00-DX1_28672_13312.jpg,TCGA-CA-5796,TCGA-CA-5796-01Z-00-DX1,1,0.9183036,1
tumour/TCGA-CA-5796-01Z-00-DX1_28672_15360.jpg,TCGA-CA-5796,TCGA-CA-5796-01Z-00-DX1,1,0.98539484,1
tumour/TCGA-CA-5796-01Z-00-DX1_28672_17920.jpg,TCGA-CA-5796,TCGA-CA-5796-01Z-00-DX1,1,0.9855327,1
tumour/TCGA-CA-5796-01Z-00-DX1_28672_18432.jpg,TCGA-CA-5796,TCGA-CA-5796-01Z-00-DX1,1,0.09709985,0
tumour/TCGA-CA-5796-01Z-00-DX1_28672_19456.jpg,TCGA-CA-5796,TCGA-CA-5796-01Z-00-DX1,1,0.9358054,1
tumour/TCGA-CA-5796-01Z-00-DX1_28672_19968.jpg,TCGA-CA-5796,TCGA-CA-5796-01Z-00-DX1,1,0.9925249,1
tumour/TCGA-CA-5796-01Z-00-DX1_28672_20480.jpg,TCGA-CA-5796,TCGA-CA-5796-01Z-00-DX1,1,0.9992403,1
tumour/TCGA-CA-5796-01Z-00-DX1_28672_20992.jpg,TCGA-CA-5796,TCGA-CA-5796-01Z-00-DX1,1,0.9139154,1
tumour/TCGA-CA-5796-01Z-00-DX1_28672_21504.jpg,TCGA-CA-5796,TCGA-CA-5796-01Z-00-DX1,1,0.9712592,1
tumour/TCGA-CA-5796-01Z-00-DX1_28672_24576.jpg,TCGA-CA-5796,TCGA-CA-5796-01Z-00-DX1,1,0.99861217,1
tumour/TCGA-CA-5796-01Z-00-DX1_28672_25088.jpg,TCGA-CA-5796,TCGA-CA-5796-01Z-00-DX1,1,0.9895404,1
tumour/TCGA-CA-5796-01Z-00-DX1_28672_27648.jpg,TCGA-CA-5796,TCGA-CA-5796-01Z-00-DX1,1,0.9976503,1
tumour/TCGA-CA-5796-01Z-00-DX1_28672_28672.jpg,TCGA-CA-5796,TCGA-CA-5796-01Z-00-DX1,1,0.147501,0
tumour/TCGA-CA-5796-01Z-00-DX1_28672_29184.jpg,TCGA-CA-5796,TCGA-CA-5796-01Z-00-DX1,1,0.2737329,0
tumour/TCGA-CA-5796-01Z-00-DX1_29184_14848.jpg,TCGA-CA-5796,TCGA-CA-5796-01Z-00-DX1,1,0.98912585,1
tumour/TCGA-CA-5796-01Z-00-DX1_29184_17920.jpg,TCGA-CA-5796,TCGA-CA-5796-01Z-00-DX1,1,0.9642985,1
tumour/TCGA-CA-5796-01Z-00-DX1_29184_18432.jpg,TCGA-CA-5796,TCGA-CA-5796-01Z-00-DX1,1,0.20910183,0
tumour/TCGA-CA-5796-01Z-00-DX1_29184_18944.jpg,TCGA-CA-5796,TCGA-CA-5796-01Z-00-DX1,1,0.9709495,1
tumour/TCGA-CA-5796-01Z-00-DX1_29184_19456.jpg,TCGA-CA-5796,TCGA-CA-5796-01Z-00-DX1,1,0.57539093,1
tumour/TCGA-CA-5796-01Z-00-DX1_29184_20480.jpg,TCGA-CA-5796,TCGA-CA-5796-01Z-00-DX1,1,0.91988015,1
tumour/TCGA-CA-5796-01Z-00-DX1_29184_25088.jpg,TCGA-CA-5796,TCGA-CA-5796-01Z-00-DX1,1,0.8367253,1
tumour/TCGA-CA-5796-01Z-00-DX1_29184_27648.jpg,TCGA-CA-5796,TCGA-CA-5796-01Z-00-DX1,1,0.9215779,1
tumour/TCGA-CA-5796-01Z-00-DX1_29184_30208.jpg,TCGA-CA-5796,TCGA-CA-5796-01Z-00-DX1,1,0.06945041,0
tumour/TCGA-CA-5796-01Z-00-DX1_29696_12800.jpg,TCGA-CA-5796,TCGA-CA-5796-01Z-00-DX1,1,0.08927482,0
tumour/TCGA-CA-5796-01Z-00-DX1_29696_13312.jpg,TCGA-CA-5796,TCGA-CA-5796-01Z-00-DX1,1,0.6825828,1
tumour/TCGA-CA-5796-01Z-00-DX1_29696_13824.jpg,TCGA-CA-5796,TCGA-CA-5796-01Z-00-DX1,1,0.86430115,1
tumour/TCGA-CA-5796-01Z-00-DX1_29696_14848.jpg,TCGA-CA-5796,TCGA-CA-5796-01Z-00-DX1,1,0.9609176,1
tumour/TCGA-CA-5796-01Z-00-DX1_29696_15360.jpg,TCGA-CA-5796,TCGA-CA-5796-01Z-00-DX1,1,0.31542864,0
tumour/TCGA-CA-5796-01Z-00-DX1_29696_18944.jpg,TCGA-CA-5796,TCGA-CA-5796-01Z-00-DX1,1,0.94424504,1
tumour/TCGA-CA-5796-01Z-00-DX1_29696_20480.jpg,TCGA-CA-5796,TCGA-CA-5796-01Z-00-DX1,1,0.84782094,1
tumour/TCGA-CA-5796-01Z-00-DX1_29696_24064.jpg,TCGA-CA-5796,TCGA-CA-5796-01Z-00-DX1,1,0.97606814,1
tumour/TCGA-CA-5796-01Z-00-DX1_29696_24576.jpg,TCGA-CA-5796,TCGA-CA-5796-01Z-00-DX1,1,0.9942492,1
tumour/TCGA-CA-5796-01Z-00-DX1_29696_27136.jpg,TCGA-CA-5796,TCGA-CA-5796-01Z-00-DX1,1,0.9375603,1
tumour/TCGA-CA-5796-01Z-00-DX1_29696_27648.jpg,TCGA-CA-5796,TCGA-CA-5796-01Z-00-DX1,1,0.16976292,0
tumour/TCGA-CA-5796-01Z-00-DX1_29696_29184.jpg,TCGA-CA-5796,TCGA-CA-5796-01Z-00-DX1,1,0.7088552,1
tumour/TCGA-CA-5796-01Z-00-DX1_29696_29696.jpg,TCGA-CA-5796,TCGA-CA-5796-01Z-00-DX1,1,0.4419367,0
tumour/TCGA-CA-5796-01Z-00-DX1_30208_12800.jpg,TCGA-CA-5796,TCGA-CA-5796-01Z-00-DX1,1,0.3277655,0
tumour/TCGA-CA-5796-01Z-00-DX1_30208_13824.jpg,TCGA-CA-5796,TCGA-CA-5796-01Z-00-DX1,1,0.963376,1
tumour/TCGA-CA-5796-01Z-00-DX1_30208_14336.jpg,TCGA-CA-5796,TCGA-CA-5796-01Z-00-DX1,1,0.0108581185,0
tumour/TCGA-CA-5796-01Z-00-DX1_30208_14848.jpg,TCGA-CA-5796,TCGA-CA-5796-01Z-00-DX1,1,0.33657932,0
tumour/TCGA-CA-5796-01Z-00-DX1_30208_24576.jpg,TCGA-CA-5796,TCGA-CA-5796-01Z-00-DX1,1,0.9018079,1
tumour/TCGA-CA-5796-01Z-00-DX1_30208_26624.jpg,TCGA-CA-5796,TCGA-CA-5796-01Z-00-DX1,1,0.7494174,1
tumour/TCGA-CA-5796-01Z-00-DX1_30208_27648.jpg,TCGA-CA-5796,TCGA-CA-5796-01Z-00-DX1,1,0.4905832,0
tumour/TCGA-CA-5796-01Z-00-DX1_30208_28160.jpg,TCGA-CA-5796,TCGA-CA-5796-01Z-00-DX1,1,0.7035988,1
tumour/TCGA-CA-5796-01Z-00-DX1_30208_29184.jpg,TCGA-CA-5796,TCGA-CA-5796-01Z-00-DX1,1,0.110805504,0
tumour/TCGA-CA-5796-01Z-00-DX1_30720_13824.jpg,TCGA-CA-5796,TCGA-CA-5796-01Z-00-DX1,1,0.012905989,0
tumour/TCGA-CA-5796-01Z-00-DX1_30720_23040.jpg,TCGA-CA-5796,TCGA-CA-5796-01Z-00-DX1,1,0.9996716,1
tumour/TCGA-CA-5796-01Z-00-DX1_30720_25600.jpg,TCGA-CA-5796,TCGA-CA-5796-01Z-00-DX1,1,0.94213784,1
tumour/TCGA-CA-5796-01Z-00-DX1_30720_26112.jpg,TCGA-CA-5796,TCGA-CA-5796-01Z-00-DX1,1,0.97270006,1
tumour/TCGA-CA-5796-01Z-00-DX1_30720_27136.jpg,TCGA-CA-5796,TCGA-CA-5796-01Z-00-DX1,1,0.8953586,1
tumour/TCGA-CA-5796-01Z-00-DX1_30720_28160.jpg,TCGA-CA-5796,TCGA-CA-5796-01Z-00-DX1,1,0.98413867,1
tumour/TCGA-CA-5796-01Z-00-DX1_30720_29696.jpg,TCGA-CA-5796,TCGA-CA-5796-01Z-00-DX1,1,0.82136035,1
tumour/TCGA-CA-5796-01Z-00-DX1_3072_21504.jpg,TCGA-CA-5796,TCGA-CA-5796-01Z-00-DX1,1,0.97913384,1
tumour/TCGA-CA-5796-01Z-00-DX1_3072_22016.jpg,TCGA-CA-5796,TCGA-CA-5796-01Z-00-DX1,1,0.9899951,1
tumour/TCGA-CA-5796-01Z-00-DX1_31232_20992.jpg,TCGA-CA-5796,TCGA-CA-5796-01Z-00-DX1,1,0.99554163,1
tumour/TCGA-CA-5796-01Z-00-DX1_31232_22016.jpg,TCGA-CA-5796,TCGA-CA-5796-01Z-00-DX1,1,0.99995816,1
tumour/TCGA-CA-5796-01Z-00-DX1_31232_23040.jpg,TCGA-CA-5796,TCGA-CA-5796-01Z-00-DX1,1,0.9993975,1
tumour/TCGA-CA-5796-01Z-00-DX1_31232_23552.jpg,TCGA-CA-5796,TCGA-CA-5796-01Z-00-DX1,1,0.74274397,1
tumour/TCGA-CA-5796-01Z-00-DX1_31232_25088.jpg,TCGA-CA-5796,TCGA-CA-5796-01Z-00-DX1,1,0.9743275,1
tumour/TCGA-CA-5796-01Z-00-DX1_31232_25600.jpg,TCGA-CA-5796,TCGA-CA-5796-01Z-00-DX1,1,0.89637893,1
tumour/TCGA-CA-5796-01Z-00-DX1_31232_27136.jpg,TCGA-CA-5796,TCGA-CA-5796-01Z-00-DX1,1,0.40397495,0
tumour/TCGA-CA-5796-01Z-00-DX1_31232_29184.jpg,TCGA-CA-5796,TCGA-CA-5796-01Z-00-DX1,1,0.45609972,0
tumour/TCGA-CA-5796-01Z-00-DX1_31744_18944.jpg,TCGA-CA-5796,TCGA-CA-5796-01Z-00-DX1,1,0.99881005,1
tumour/TCGA-CA-5796-01Z-00-DX1_31744_19456.jpg,TCGA-CA-5796,TCGA-CA-5796-01Z-00-DX1,1,0.99931514,1
tumour/TCGA-CA-5796-01Z-00-DX1_31744_19968.jpg,TCGA-CA-5796,TCGA-CA-5796-01Z-00-DX1,1,0.9673227,1
tumour/TCGA-CA-5796-01Z-00-DX1_31744_21504.jpg,TCGA-CA-5796,TCGA-CA-5796-01Z-00-DX1,1,0.99767286,1
tumour/TCGA-CA-5796-01Z-00-DX1_31744_23552.jpg,TCGA-CA-5796,TCGA-CA-5796-01Z-00-DX1,1,0.98718137,1
tumour/TCGA-CA-5796-01Z-00-DX1_31744_24064.jpg,TCGA-CA-5796,TCGA-CA-5796-01Z-00-DX1,1,0.99875414,1
tumour/TCGA-CA-5796-01Z-00-DX1_31744_25600.jpg,TCGA-CA-5796,TCGA-CA-5796-01Z-00-DX1,1,0.9990491,1
tumour/TCGA-CA-5796-01Z-00-DX1_31744_26112.jpg,TCGA-CA-5796,TCGA-CA-5796-01Z-00-DX1,1,0.999491,1
tumour/TCGA-CA-5796-01Z-00-DX1_32256_25088.jpg,TCGA-CA-5796,TCGA-CA-5796-01Z-00-DX1,1,0.99652416,1
tumour/TCGA-CA-5796-01Z-00-DX1_32256_25600.jpg,TCGA-CA-5796,TCGA-CA-5796-01Z-00-DX1,1,0.9988921,1
tumour/TCGA-CA-5796-01Z-00-DX1_32256_26112.jpg,TCGA-CA-5796,TCGA-CA-5796-01Z-00-DX1,1,0.99765235,1
tumour/TCGA-CA-5796-01Z-00-DX1_32256_26624.jpg,TCGA-CA-5796,TCGA-CA-5796-01Z-00-DX1,1,0.99574983,1
tumour/TCGA-CA-5796-01Z-00-DX1_3584_20992.jpg,TCGA-CA-5796,TCGA-CA-5796-01Z-00-DX1,1,0.9959745,1
tumour/TCGA-CA-5796-01Z-00-DX1_3584_21504.jpg,TCGA-CA-5796,TCGA-CA-5796-01Z-00-DX1,1,0.9987746,1
tumour/TCGA-CA-5796-01Z-00-DX1_3584_22016.jpg,TCGA-CA-5796,TCGA-CA-5796-01Z-00-DX1,1,0.9225279,1
tumour/TCGA-CA-5796-01Z-00-DX1_4096_15360.jpg,TCGA-CA-5796,TCGA-CA-5796-01Z-00-DX1,1,0.15127806,0
tumour/TCGA-CA-5796-01Z-00-DX1_4096_21504.jpg,TCGA-CA-5796,TCGA-CA-5796-01Z-00-DX1,1,0.99842846,1
tumour/TCGA-CA-5796-01Z-00-DX1_4096_23040.jpg,TCGA-CA-5796,TCGA-CA-5796-01Z-00-DX1,1,0.72298473,1
tumour/TCGA-CA-5796-01Z-00-DX1_4096_6656.jpg,TCGA-CA-5796,TCGA-CA-5796-01Z-00-DX1,1,0.9986362,1
tumour/TCGA-CA-5796-01Z-00-DX1_4096_7168.jpg,TCGA-CA-5796,TCGA-CA-5796-01Z-00-DX1,1,0.9903199,1
tumour/TCGA-CA-5796-01Z-00-DX1_4096_7680.jpg,TCGA-CA-5796,TCGA-CA-5796-01Z-00-DX1,1,0.9906384,1
tumour/TCGA-CA-5796-01Z-00-DX1_4608_15360.jpg,TCGA-CA-5796,TCGA-CA-5796-01Z-00-DX1,1,0.7832017,1
tumour/TCGA-CA-5796-01Z-00-DX1_4608_20480.jpg,TCGA-CA-5796,TCGA-CA-5796-01Z-00-DX1,1,0.92324847,1
tumour/TCGA-CA-5796-01Z-00-DX1_4608_20992.jpg,TCGA-CA-5796,TCGA-CA-5796-01Z-00-DX1,1,0.62898874,1
tumour/TCGA-CA-5796-01Z-00-DX1_4608_23040.jpg,TCGA-CA-5796,TCGA-CA-5796-01Z-00-DX1,1,0.40174425,0
tumour/TCGA-CA-5796-01Z-00-DX1_4608_24064.jpg,TCGA-CA-5796,TCGA-CA-5796-01Z-00-DX1,1,0.9820088,1
tumour/TCGA-CA-5796-01Z-00-DX1_4608_24576.jpg,TCGA-CA-5796,TCGA-CA-5796-01Z-00-DX1,1,0.7849946,1
tumour/TCGA-CA-5796-01Z-00-DX1_4608_5632.jpg,TCGA-CA-5796,TCGA-CA-5796-01Z-00-DX1,1,0.9451579,1
tumour/TCGA-CA-5796-01Z-00-DX1_4608_6144.jpg,TCGA-CA-5796,TCGA-CA-5796-01Z-00-DX1,1,0.9711925,1
tumour/TCGA-CA-5796-01Z-00-DX1_4608_6656.jpg,TCGA-CA-5796,TCGA-CA-5796-01Z-00-DX1,1,0.6492746,1
tumour/TCGA-CA-5796-01Z-00-DX1_4608_7680.jpg,TCGA-CA-5796,TCGA-CA-5796-01Z-00-DX1,1,0.5725871,1
tumour/TCGA-CA-5796-01Z-00-DX1_4608_8192.jpg,TCGA-CA-5796,TCGA-CA-5796-01Z-00-DX1,1,0.57530683,1
tumour/TCGA-CA-5796-01Z-00-DX1_4608_8704.jpg,TCGA-CA-5796,TCGA-CA-5796-01Z-00-DX1,1,0.9678537,1
tumour/TCGA-CA-5796-01Z-00-DX1_5120_12288.jpg,TCGA-CA-5796,TCGA-CA-5796-01Z-00-DX1,1,0.6682103,1
tumour/TCGA-CA-5796-01Z-00-DX1_5120_13824.jpg,TCGA-CA-5796,TCGA-CA-5796-01Z-00-DX1,1,0.96210754,1
tumour/TCGA-CA-5796-01Z-00-DX1_5120_14336.jpg,TCGA-CA-5796,TCGA-CA-5796-01Z-00-DX1,1,0.8400623,1
tumour/TCGA-CA-5796-01Z-00-DX1_5120_15360.jpg,TCGA-CA-5796,TCGA-CA-5796-01Z-00-DX1,1,0.21353759,0
tumour/TCGA-CA-5796-01Z-00-DX1_5120_19968.jpg,TCGA-CA-5796,TCGA-CA-5796-01Z-00-DX1,1,0.8736361,1
tumour/TCGA-CA-5796-01Z-00-DX1_5120_20992.jpg,TCGA-CA-5796,TCGA-CA-5796-01Z-00-DX1,1,0.85360384,1
tumour/TCGA-CA-5796-01Z-00-DX1_5120_22528.jpg,TCGA-CA-5796,TCGA-CA-5796-01Z-00-DX1,1,0.98754776,1
tumour/TCGA-CA-5796-01Z-00-DX1_5120_23552.jpg,TCGA-CA-5796,TCGA-CA-5796-01Z-00-DX1,1,0.9100188,1
tumour/TCGA-CA-5796-01Z-00-DX1_5120_24064.jpg,TCGA-CA-5796,TCGA-CA-5796-01Z-00-DX1,1,0.48737505,0
tumour/TCGA-CA-5796-01Z-00-DX1_5120_5632.jpg,TCGA-CA-5796,TCGA-CA-5796-01Z-00-DX1,1,0.91884434,1
tumour/TCGA-CA-5796-01Z-00-DX1_5120_8192.jpg,TCGA-CA-5796,TCGA-CA-5796-01Z-00-DX1,1,0.8186233,1
tumour/TCGA-CA-5796-01Z-00-DX1_5120_8704.jpg,TCGA-CA-5796,TCGA-CA-5796-01Z-00-DX1,1,0.030264592,0
tumour/TCGA-CA-5796-01Z-00-DX1_5120_9728.jpg,TCGA-CA-5796,TCGA-CA-5796-01Z-00-DX1,1,0.9936406,1
tumour/TCGA-CA-5796-01Z-00-DX1_5632_10240.jpg,TCGA-CA-5796,TCGA-CA-5796-01Z-00-DX1,1,0.9903938,1
tumour/TCGA-CA-5796-01Z-00-DX1_5632_11776.jpg,TCGA-CA-5796,TCGA-CA-5796-01Z-00-DX1,1,0.46360397,0
tumour/TCGA-CA-5796-01Z-00-DX1_5632_14848.jpg,TCGA-CA-5796,TCGA-CA-5796-01Z-00-DX1,1,0.99788314,1
tumour/TCGA-CA-5796-01Z-00-DX1_5632_16384.jpg,TCGA-CA-5796,TCGA-CA-5796-01Z-00-DX1,1,0.8720378,1
tumour/TCGA-CA-5796-01Z-00-DX1_5632_20480.jpg,TCGA-CA-5796,TCGA-CA-5796-01Z-00-DX1,1,0.12738849,0
tumour/TCGA-CA-5796-01Z-00-DX1_5632_20992.jpg,TCGA-CA-5796,TCGA-CA-5796-01Z-00-DX1,1,0.8396035,1
tumour/TCGA-CA-5796-01Z-00-DX1_5632_21504.jpg,TCGA-CA-5796,TCGA-CA-5796-01Z-00-DX1,1,0.6850184,1
tumour/TCGA-CA-5796-01Z-00-DX1_5632_23552.jpg,TCGA-CA-5796,TCGA-CA-5796-01Z-00-DX1,1,0.901145,1
tumour/TCGA-CA-5796-01Z-00-DX1_5632_5632.jpg,TCGA-CA-5796,TCGA-CA-5796-01Z-00-DX1,1,0.9879039,1
tumour/TCGA-CA-5796-01Z-00-DX1_5632_6144.jpg,TCGA-CA-5796,TCGA-CA-5796-01Z-00-DX1,1,0.061874997,0
tumour/TCGA-CA-5796-01Z-00-DX1_5632_6656.jpg,TCGA-CA-5796,TCGA-CA-5796-01Z-00-DX1,1,0.37654617,0
tumour/TCGA-CA-5796-01Z-00-DX1_5632_9216.jpg,TCGA-CA-5796,TCGA-CA-5796-01Z-00-DX1,1,0.9475378,1
tumour/TCGA-CA-5796-01Z-00-DX1_6144_11776.jpg,TCGA-CA-5796,TCGA-CA-5796-01Z-00-DX1,1,0.027397295,0
tumour/TCGA-CA-5796-01Z-00-DX1_6144_13824.jpg,TCGA-CA-5796,TCGA-CA-5796-01Z-00-DX1,1,0.543131,1
tumour/TCGA-CA-5796-01Z-00-DX1_6144_14848.jpg,TCGA-CA-5796,TCGA-CA-5796-01Z-00-DX1,1,0.44613358,0
tumour/TCGA-CA-5796-01Z-00-DX1_6144_16384.jpg,TCGA-CA-5796,TCGA-CA-5796-01Z-00-DX1,1,0.6142306,1
tumour/TCGA-CA-5796-01Z-00-DX1_6144_18432.jpg,TCGA-CA-5796,TCGA-CA-5796-01Z-00-DX1,1,0.9533746,1
tumour/TCGA-CA-5796-01Z-00-DX1_6144_19968.jpg,TCGA-CA-5796,TCGA-CA-5796-01Z-00-DX1,1,0.97485924,1
tumour/TCGA-CA-5796-01Z-00-DX1_6144_22016.jpg,TCGA-CA-5796,TCGA-CA-5796-01Z-00-DX1,1,0.99369663,1
tumour/TCGA-CA-5796-01Z-00-DX1_6144_23552.jpg,TCGA-CA-5796,TCGA-CA-5796-01Z-00-DX1,1,0.00024214947,0
tumour/TCGA-CA-5796-01Z-00-DX1_6144_24064.jpg,TCGA-CA-5796,TCGA-CA-5796-01Z-00-DX1,1,0.95501226,1
tumour/TCGA-CA-5796-01Z-00-DX1_6144_6144.jpg,TCGA-CA-5796,TCGA-CA-5796-01Z-00-DX1,1,0.9399867,1
tumour/TCGA-CA-5796-01Z-00-DX1_6144_9728.jpg,TCGA-CA-5796,TCGA-CA-5796-01Z-00-DX1,1,0.9448086,1
tumour/TCGA-CA-5796-01Z-00-DX1_6656_11264.jpg,TCGA-CA-5796,TCGA-CA-5796-01Z-00-DX1,1,0.051413767,0
tumour/TCGA-CA-5796-01Z-00-DX1_6656_11776.jpg,TCGA-CA-5796,TCGA-CA-5796-01Z-00-DX1,1,0.0045780106,0
tumour/TCGA-CA-5796-01Z-00-DX1_6656_12288.jpg,TCGA-CA-5796,TCGA-CA-5796-01Z-00-DX1,1,0.41656062,0
tumour/TCGA-CA-5796-01Z-00-DX1_6656_12800.jpg,TCGA-CA-5796,TCGA-CA-5796-01Z-00-DX1,1,0.11659483,0
tumour/TCGA-CA-5796-01Z-00-DX1_6656_15872.jpg,TCGA-CA-5796,TCGA-CA-5796-01Z-00-DX1,1,0.7287814,1
tumour/TCGA-CA-5796-01Z-00-DX1_6656_18432.jpg,TCGA-CA-5796,TCGA-CA-5796-01Z-00-DX1,1,0.069845386,0
tumour/TCGA-CA-5796-01Z-00-DX1_6656_18944.jpg,TCGA-CA-5796,TCGA-CA-5796-01Z-00-DX1,1,0.38269505,0
tumour/TCGA-CA-5796-01Z-00-DX1_6656_20992.jpg,TCGA-CA-5796,TCGA-CA-5796-01Z-00-DX1,1,0.040007453,0
tumour/TCGA-CA-5796-01Z-00-DX1_6656_21504.jpg,TCGA-CA-5796,TCGA-CA-5796-01Z-00-DX1,1,0.012566493,0
tumour/TCGA-CA-5796-01Z-00-DX1_6656_22528.jpg,TCGA-CA-5796,TCGA-CA-5796-01Z-00-DX1,1,0.9729878,1
tumour/TCGA-CA-5796-01Z-00-DX1_6656_5120.jpg,TCGA-CA-5796,TCGA-CA-5796-01Z-00-DX1,1,0.21792442,0
tumour/TCGA-CA-5796-01Z-00-DX1_6656_6144.jpg,TCGA-CA-5796,TCGA-CA-5796-01Z-00-DX1,1,0.8904919,1
tumour/TCGA-CA-5796-01Z-00-DX1_6656_8192.jpg,TCGA-CA-5796,TCGA-CA-5796-01Z-00-DX1,1,0.40554133,0
tumour/TCGA-CA-5796-01Z-00-DX1_6656_8704.jpg,TCGA-CA-5796,TCGA-CA-5796-01Z-00-DX1,1,0.45634377,0
tumour/TCGA-CA-5796-01Z-00-DX1_6656_9216.jpg,TCGA-CA-5796,TCGA-CA-5796-01Z-00-DX1,1,0.5227983,1
tumour/TCGA-CA-5796-01Z-00-DX1_7168_10752.jpg,TCGA-CA-5796,TCGA-CA-5796-01Z-00-DX1,1,0.50072,1
tumour/TCGA-CA-5796-01Z-00-DX1_7168_11264.jpg,TCGA-CA-5796,TCGA-CA-5796-01Z-00-DX1,1,0.6165607,1
tumour/TCGA-CA-5796-01Z-00-DX1_7168_11776.jpg,TCGA-CA-5796,TCGA-CA-5796-01Z-00-DX1,1,0.120224945,0
tumour/TCGA-CA-5796-01Z-00-DX1_7168_14336.jpg,TCGA-CA-5796,TCGA-CA-5796-01Z-00-DX1,1,0.9000179,1
tumour/TCGA-CA-5796-01Z-00-DX1_7168_15360.jpg,TCGA-CA-5796,TCGA-CA-5796-01Z-00-DX1,1,0.0035348784,0
tumour/TCGA-CA-5796-01Z-00-DX1_7168_15872.jpg,TCGA-CA-5796,TCGA-CA-5796-01Z-00-DX1,1,0.9882768,1
tumour/TCGA-CA-5796-01Z-00-DX1_7168_16896.jpg,TCGA-CA-5796,TCGA-CA-5796-01Z-00-DX1,1,0.085847,0
tumour/TCGA-CA-5796-01Z-00-DX1_7168_18432.jpg,TCGA-CA-5796,TCGA-CA-5796-01Z-00-DX1,1,0.022487273,0
tumour/TCGA-CA-5796-01Z-00-DX1_7168_20992.jpg,TCGA-CA-5796,TCGA-CA-5796-01Z-00-DX1,1,0.9977514,1
tumour/TCGA-CA-5796-01Z-00-DX1_7168_6656.jpg,TCGA-CA-5796,TCGA-CA-5796-01Z-00-DX1,1,0.4217222,0
tumour/TCGA-CA-5796-01Z-00-DX1_7168_7168.jpg,TCGA-CA-5796,TCGA-CA-5796-01Z-00-DX1,1,0.72129196,1
tumour/TCGA-CA-5796-01Z-00-DX1_7168_7680.jpg,TCGA-CA-5796,TCGA-CA-5796-01Z-00-DX1,1,0.7510972,1
tumour/TCGA-CA-5796-01Z-00-DX1_7168_8192.jpg,TCGA-CA-5796,TCGA-CA-5796-01Z-00-DX1,1,0.06612123,0
tumour/TCGA-CA-5796-01Z-00-DX1_7168_9216.jpg,TCGA-CA-5796,TCGA-CA-5796-01Z-00-DX1,1,0.6818359,1
tumour/TCGA-CA-5796-01Z-00-DX1_7680_10752.jpg,TCGA-CA-5796,TCGA-CA-5796-01Z-00-DX1,1,0.8554753,1
tumour/TCGA-CA-5796-01Z-00-DX1_7680_12800.jpg,TCGA-CA-5796,TCGA-CA-5796-01Z-00-DX1,1,0.00010006248,0
tumour/TCGA-CA-5796-01Z-00-DX1_7680_14336.jpg,TCGA-CA-5796,TCGA-CA-5796-01Z-00-DX1,1,0.9927551,1
tumour/TCGA-CA-5796-01Z-00-DX1_7680_14848.jpg,TCGA-CA-5796,TCGA-CA-5796-01Z-00-DX1,1,0.93650484,1
tumour/TCGA-CA-5796-01Z-00-DX1_7680_15360.jpg,TCGA-CA-5796,TCGA-CA-5796-01Z-00-DX1,1,0.39149585,0
tumour/TCGA-CA-5796-01Z-00-DX1_7680_16384.jpg,TCGA-CA-5796,TCGA-CA-5796-01Z-00-DX1,1,0.5960099,1
tumour/TCGA-CA-5796-01Z-00-DX1_7680_17408.jpg,TCGA-CA-5796,TCGA-CA-5796-01Z-00-DX1,1,0.03672694,0
tumour/TCGA-CA-5796-01Z-00-DX1_7680_18944.jpg,TCGA-CA-5796,TCGA-CA-5796-01Z-00-DX1,1,0.006140705,0
tumour/TCGA-CA-5796-01Z-00-DX1_7680_20480.jpg,TCGA-CA-5796,TCGA-CA-5796-01Z-00-DX1,1,0.29264027,0
tumour/TCGA-CA-5796-01Z-00-DX1_7680_21504.jpg,TCGA-CA-5796,TCGA-CA-5796-01Z-00-DX1,1,0.85812056,1
tumour/TCGA-CA-5796-01Z-00-DX1_7680_22016.jpg,TCGA-CA-5796,TCGA-CA-5796-01Z-00-DX1,1,0.9995036,1
tumour/TCGA-CA-5796-01Z-00-DX1_7680_22528.jpg,TCGA-CA-5796,TCGA-CA-5796-01Z-00-DX1,1,0.99617887,1
tumour/TCGA-CA-5796-01Z-00-DX1_7680_4608.jpg,TCGA-CA-5796,TCGA-CA-5796-01Z-00-DX1,1,0.42734134,0
tumour/TCGA-CA-5796-01Z-00-DX1_7680_5632.jpg,TCGA-CA-5796,TCGA-CA-5796-01Z-00-DX1,1,0.16247912,0
tumour/TCGA-CA-5796-01Z-00-DX1_7680_6656.jpg,TCGA-CA-5796,TCGA-CA-5796-01Z-00-DX1,1,0.90241677,1
tumour/TCGA-CA-5796-01Z-00-DX1_7680_7168.jpg,TCGA-CA-5796,TCGA-CA-5796-01Z-00-DX1,1,0.5939408,1
tumour/TCGA-CA-5796-01Z-00-DX1_7680_7680.jpg,TCGA-CA-5796,TCGA-CA-5796-01Z-00-DX1,1,0.122212455,0
tumour/TCGA-CA-5796-01Z-00-DX1_7680_9216.jpg,TCGA-CA-5796,TCGA-CA-5796-01Z-00-DX1,1,0.1855378,0
tumour/TCGA-CA-5796-01Z-00-DX1_7680_9728.jpg,TCGA-CA-5796,TCGA-CA-5796-01Z-00-DX1,1,0.91088957,1
tumour/TCGA-CA-5796-01Z-00-DX1_8192_11776.jpg,TCGA-CA-5796,TCGA-CA-5796-01Z-00-DX1,1,0.074302405,0
tumour/TCGA-CA-5796-01Z-00-DX1_8192_13312.jpg,TCGA-CA-5796,TCGA-CA-5796-01Z-00-DX1,1,0.6145605,1
tumour/TCGA-CA-5796-01Z-00-DX1_8192_13824.jpg,TCGA-CA-5796,TCGA-CA-5796-01Z-00-DX1,1,0.9991074,1
tumour/TCGA-CA-5796-01Z-00-DX1_8192_14336.jpg,TCGA-CA-5796,TCGA-CA-5796-01Z-00-DX1,1,0.45971474,0
tumour/TCGA-CA-5796-01Z-00-DX1_8192_14848.jpg,TCGA-CA-5796,TCGA-CA-5796-01Z-00-DX1,1,0.96012187,1
tumour/TCGA-CA-5796-01Z-00-DX1_8192_15360.jpg,TCGA-CA-5796,TCGA-CA-5796-01Z-00-DX1,1,0.43906546,0
tumour/TCGA-CA-5796-01Z-00-DX1_8192_17920.jpg,TCGA-CA-5796,TCGA-CA-5796-01Z-00-DX1,1,0.9894727,1
tumour/TCGA-CA-5796-01Z-00-DX1_8192_18944.jpg,TCGA-CA-5796,TCGA-CA-5796-01Z-00-DX1,1,0.23298655,0
tumour/TCGA-CA-5796-01Z-00-DX1_8192_20480.jpg,TCGA-CA-5796,TCGA-CA-5796-01Z-00-DX1,1,0.793446,1
tumour/TCGA-CA-5796-01Z-00-DX1_8192_21504.jpg,TCGA-CA-5796,TCGA-CA-5796-01Z-00-DX1,1,0.95591486,1
tumour/TCGA-CA-5796-01Z-00-DX1_8192_22016.jpg,TCGA-CA-5796,TCGA-CA-5796-01Z-00-DX1,1,0.9666519,1
tumour/TCGA-CA-5796-01Z-00-DX1_8192_5120.jpg,TCGA-CA-5796,TCGA-CA-5796-01Z-00-DX1,1,0.93500996,1
tumour/TCGA-CA-5796-01Z-00-DX1_8192_5632.jpg,TCGA-CA-5796,TCGA-CA-5796-01Z-00-DX1,1,0.99126786,1
tumour/TCGA-CA-5796-01Z-00-DX1_8192_7168.jpg,TCGA-CA-5796,TCGA-CA-5796-01Z-00-DX1,1,0.7806464,1
tumour/TCGA-CA-5796-01Z-00-DX1_8192_8704.jpg,TCGA-CA-5796,TCGA-CA-5796-01Z-00-DX1,1,0.88153756,1
tumour/TCGA-CA-5796-01Z-00-DX1_8192_9728.jpg,TCGA-CA-5796,TCGA-CA-5796-01Z-00-DX1,1,0.88520324,1
tumour/TCGA-CA-5796-01Z-00-DX1_8704_11264.jpg,TCGA-CA-5796,TCGA-CA-5796-01Z-00-DX1,1,0.019076303,0
tumour/TCGA-CA-5796-01Z-00-DX1_8704_13312.jpg,TCGA-CA-5796,TCGA-CA-5796-01Z-00-DX1,1,0.02758671,0
tumour/TCGA-CA-5796-01Z-00-DX1_8704_13824.jpg,TCGA-CA-5796,TCGA-CA-5796-01Z-00-DX1,1,0.17335951,0
tumour/TCGA-CA-5796-01Z-00-DX1_8704_14848.jpg,TCGA-CA-5796,TCGA-CA-5796-01Z-00-DX1,1,0.27036634,0
tumour/TCGA-CA-5796-01Z-00-DX1_8704_15360.jpg,TCGA-CA-5796,TCGA-CA-5796-01Z-00-DX1,1,0.14051342,0
tumour/TCGA-CA-5796-01Z-00-DX1_8704_17920.jpg,TCGA-CA-5796,TCGA-CA-5796-01Z-00-DX1,1,0.0021950053,0
tumour/TCGA-CA-5796-01Z-00-DX1_8704_18944.jpg,TCGA-CA-5796,TCGA-CA-5796-01Z-00-DX1,1,0.9449129,1
tumour/TCGA-CA-5796-01Z-00-DX1_8704_5120.jpg,TCGA-CA-5796,TCGA-CA-5796-01Z-00-DX1,1,0.99196315,1
tumour/TCGA-CA-5796-01Z-00-DX1_8704_5632.jpg,TCGA-CA-5796,TCGA-CA-5796-01Z-00-DX1,1,0.9903514,1
tumour/TCGA-CA-5796-01Z-00-DX1_8704_6656.jpg,TCGA-CA-5796,TCGA-CA-5796-01Z-00-DX1,1,0.9982256,1
tumour/TCGA-CA-5796-01Z-00-DX1_8704_7168.jpg,TCGA-CA-5796,TCGA-CA-5796-01Z-00-DX1,1,0.4857486,0
tumour/TCGA-CA-5796-01Z-00-DX1_8704_8704.jpg,TCGA-CA-5796,TCGA-CA-5796-01Z-00-DX1,1,0.9346975,1
tumour/TCGA-CA-5796-01Z-00-DX1_8704_9216.jpg,TCGA-CA-5796,TCGA-CA-5796-01Z-00-DX1,1,0.9879296,1
tumour/TCGA-CA-5796-01Z-00-DX1_9216_11264.jpg,TCGA-CA-5796,TCGA-CA-5796-01Z-00-DX1,1,0.97946817,1
tumour/TCGA-CA-5796-01Z-00-DX1_9216_12288.jpg,TCGA-CA-5796,TCGA-CA-5796-01Z-00-DX1,1,0.31389144,0
tumour/TCGA-CA-5796-01Z-00-DX1_9216_12800.jpg,TCGA-CA-5796,TCGA-CA-5796-01Z-00-DX1,1,0.013085088,0
tumour/TCGA-CA-5796-01Z-00-DX1_9216_13312.jpg,TCGA-CA-5796,TCGA-CA-5796-01Z-00-DX1,1,0.059617393,0
tumour/TCGA-CA-5796-01Z-00-DX1_9216_14848.jpg,TCGA-CA-5796,TCGA-CA-5796-01Z-00-DX1,1,0.0014606807,0
tumour/TCGA-CA-5796-01Z-00-DX1_9216_16896.jpg,TCGA-CA-5796,TCGA-CA-5796-01Z-00-DX1,1,0.025177462,0
tumour/TCGA-CA-5796-01Z-00-DX1_9216_17408.jpg,TCGA-CA-5796,TCGA-CA-5796-01Z-00-DX1,1,0.60619193,1
tumour/TCGA-CA-5796-01Z-00-DX1_9216_17920.jpg,TCGA-CA-5796,TCGA-CA-5796-01Z-00-DX1,1,0.2776994,0
tumour/TCGA-CA-5796-01Z-00-DX1_9216_18944.jpg,TCGA-CA-5796,TCGA-CA-5796-01Z-00-DX1,1,0.86358255,1
tumour/TCGA-CA-5796-01Z-00-DX1_9216_19456.jpg,TCGA-CA-5796,TCGA-CA-5796-01Z-00-DX1,1,0.037787985,0
tumour/TCGA-CA-5796-01Z-00-DX1_9216_4608.jpg,TCGA-CA-5796,TCGA-CA-5796-01Z-00-DX1,1,0.58190966,1
tumour/TCGA-CA-5796-01Z-00-DX1_9216_5120.jpg,TCGA-CA-5796,TCGA-CA-5796-01Z-00-DX1,1,0.98259765,1
tumour/TCGA-CA-5796-01Z-00-DX1_9216_5632.jpg,TCGA-CA-5796,TCGA-CA-5796-01Z-00-DX1,1,0.9980032,1
tumour/TCGA-CA-5796-01Z-00-DX1_9216_6144.jpg,TCGA-CA-5796,TCGA-CA-5796-01Z-00-DX1,1,0.88227284,1
tumour/TCGA-CA-5796-01Z-00-DX1_9216_8192.jpg,TCGA-CA-5796,TCGA-CA-5796-01Z-00-DX1,1,0.7401337,1
tumour/TCGA-CA-5796-01Z-00-DX1_9216_9216.jpg,TCGA-CA-5796,TCGA-CA-5796-01Z-00-DX1,1,0.85490245,1
tumour/TCGA-CA-5796-01Z-00-DX1_9728_15360.jpg,TCGA-CA-5796,TCGA-CA-5796-01Z-00-DX1,1,0.035039444,0
tumour/TCGA-CA-5796-01Z-00-DX1_9728_16384.jpg,TCGA-CA-5796,TCGA-CA-5796-01Z-00-DX1,1,0.14592545,0
tumour/TCGA-CA-5796-01Z-00-DX1_9728_17408.jpg,TCGA-CA-5796,TCGA-CA-5796-01Z-00-DX1,1,0.55995506,1
tumour/TCGA-CA-5796-01Z-00-DX1_9728_18944.jpg,TCGA-CA-5796,TCGA-CA-5796-01Z-00-DX1,1,0.39278266,0
tumour/TCGA-CA-5796-01Z-00-DX1_9728_19456.jpg,TCGA-CA-5796,TCGA-CA-5796-01Z-00-DX1,1,0.1875456,0
tumour/TCGA-CA-5796-01Z-00-DX1_9728_22528.jpg,TCGA-CA-5796,TCGA-CA-5796-01Z-00-DX1,1,0.9070716,1
tumour/TCGA-CA-5796-01Z-00-DX1_9728_5120.jpg,TCGA-CA-5796,TCGA-CA-5796-01Z-00-DX1,1,0.9913993,1
tumour/TCGA-CA-5796-01Z-00-DX1_9728_5632.jpg,TCGA-CA-5796,TCGA-CA-5796-01Z-00-DX1,1,0.9718536,1
tumour/TCGA-CA-5796-01Z-00-DX1_9728_6656.jpg,TCGA-CA-5796,TCGA-CA-5796-01Z-00-DX1,1,0.9736028,1
tumour/TCGA-F4-6704-01Z-00-DX1_12800_8704.jpg,TCGA-F4-6704,TCGA-F4-6704-01Z-00-DX1,1,0.999252,1
tumour/TCGA-F4-6704-01Z-00-DX1_13312_8192.jpg,TCGA-F4-6704,TCGA-F4-6704-01Z-00-DX1,1,0.9995023,1
tumour/TCGA-F4-6704-01Z-00-DX1_13312_8704.jpg,TCGA-F4-6704,TCGA-F4-6704-01Z-00-DX1,1,0.999178,1
tumour/TCGA-F4-6704-01Z-00-DX1_14336_8704.jpg,TCGA-F4-6704,TCGA-F4-6704-01Z-00-DX1,1,0.9999285,1
tumour/TCGA-F4-6704-01Z-00-DX1_14336_9728.jpg,TCGA-F4-6704,TCGA-F4-6704-01Z-00-DX1,1,0.9999963,1
tumour/TCGA-F4-6704-01Z-00-DX1_14848_7168.jpg,TCGA-F4-6704,TCGA-F4-6704-01Z-00-DX1,1,0.9999665,1
tumour/TCGA-F4-6704-01Z-00-DX1_14848_9216.jpg,TCGA-F4-6704,TCGA-F4-6704-01Z-00-DX1,1,0.9562981,1
tumour/TCGA-F4-6704-01Z-00-DX1_14848_9728.jpg,TCGA-F4-6704,TCGA-F4-6704-01Z-00-DX1,1,0.99971217,1
tumour/TCGA-F4-6704-01Z-00-DX1_15360_10240.jpg,TCGA-F4-6704,TCGA-F4-6704-01Z-00-DX1,1,0.99990714,1
tumour/TCGA-F4-6704-01Z-00-DX1_15360_7680.jpg,TCGA-F4-6704,TCGA-F4-6704-01Z-00-DX1,1,0.9996092,1
tumour/TCGA-F4-6704-01Z-00-DX1_15360_9728.jpg,TCGA-F4-6704,TCGA-F4-6704-01Z-00-DX1,1,0.99955934,1
tumour/TCGA-F4-6704-01Z-00-DX1_15872_10752.jpg,TCGA-F4-6704,TCGA-F4-6704-01Z-00-DX1,1,0.99982846,1
tumour/TCGA-F4-6704-01Z-00-DX1_15872_11776.jpg,TCGA-F4-6704,TCGA-F4-6704-01Z-00-DX1,1,0.9998223,1
tumour/TCGA-F4-6704-01Z-00-DX1_15872_7168.jpg,TCGA-F4-6704,TCGA-F4-6704-01Z-00-DX1,1,0.9887975,1
tumour/TCGA-F4-6704-01Z-00-DX1_15872_7680.jpg,TCGA-F4-6704,TCGA-F4-6704-01Z-00-DX1,1,0.99008,1
tumour/TCGA-F4-6704-01Z-00-DX1_15872_8192.jpg,TCGA-F4-6704,TCGA-F4-6704-01Z-00-DX1,1,0.99133694,1
tumour/TCGA-F4-6704-01Z-00-DX1_15872_9216.jpg,TCGA-F4-6704,TCGA-F4-6704-01Z-00-DX1,1,0.98726594,1
tumour/TCGA-F4-6704-01Z-00-DX1_15872_9728.jpg,TCGA-F4-6704,TCGA-F4-6704-01Z-00-DX1,1,0.9949485,1
tumour/TCGA-F4-6704-01Z-00-DX1_16384_10240.jpg,TCGA-F4-6704,TCGA-F4-6704-01Z-00-DX1,1,0.99915135,1
tumour/TCGA-F4-6704-01Z-00-DX1_16384_10752.jpg,TCGA-F4-6704,TCGA-F4-6704-01Z-00-DX1,1,0.97995687,1
tumour/TCGA-F4-6704-01Z-00-DX1_16384_11776.jpg,TCGA-F4-6704,TCGA-F4-6704-01Z-00-DX1,1,0.99998426,1
tumour/TCGA-F4-6704-01Z-00-DX1_16384_7168.jpg,TCGA-F4-6704,TCGA-F4-6704-01Z-00-DX1,1,0.9969674,1
tumour/TCGA-F4-6704-01Z-00-DX1_16384_8704.jpg,TCGA-F4-6704,TCGA-F4-6704-01Z-00-DX1,1,0.99904555,1
tumour/TCGA-F4-6704-01Z-00-DX1_16384_9728.jpg,TCGA-F4-6704,TCGA-F4-6704-01Z-00-DX1,1,0.99853945,1
tumour/TCGA-F4-6704-01Z-00-DX1_16896_6656.jpg,TCGA-F4-6704,TCGA-F4-6704-01Z-00-DX1,1,0.8688881,1
tumour/TCGA-F4-6704-01Z-00-DX1_16896_7168.jpg,TCGA-F4-6704,TCGA-F4-6704-01Z-00-DX1,1,0.9993224,1
tumour/TCGA-F4-6704-01Z-00-DX1_16896_8192.jpg,TCGA-F4-6704,TCGA-F4-6704-01Z-00-DX1,1,0.9999186,1
tumour/TCGA-F4-6704-01Z-00-DX1_16896_8704.jpg,TCGA-F4-6704,TCGA-F4-6704-01Z-00-DX1,1,0.9945872,1
tumour/TCGA-F4-6704-01Z-00-DX1_16896_9216.jpg,TCGA-F4-6704,TCGA-F4-6704-01Z-00-DX1,1,0.982927,1
tumour/TCGA-F4-6704-01Z-00-DX1_16896_9728.jpg,TCGA-F4-6704,TCGA-F4-6704-01Z-00-DX1,1,0.9997446,1
tumour/TCGA-F4-6704-01Z-00-DX1_17408_10752.jpg,TCGA-F4-6704,TCGA-F4-6704-01Z-00-DX1,1,0.9955584,1
tumour/TCGA-F4-6704-01Z-00-DX1_17408_13312.jpg,TCGA-F4-6704,TCGA-F4-6704-01Z-00-DX1,1,0.9999963,1
tumour/TCGA-F4-6704-01Z-00-DX1_17408_6144.jpg,TCGA-F4-6704,TCGA-F4-6704-01Z-00-DX1,1,0.99958044,1
tumour/TCGA-F4-6704-01Z-00-DX1_17408_6656.jpg,TCGA-F4-6704,TCGA-F4-6704-01Z-00-DX1,1,0.9998412,1
tumour/TCGA-F4-6704-01Z-00-DX1_17408_7680.jpg,TCGA-F4-6704,TCGA-F4-6704-01Z-00-DX1,1,0.9865726,1
tumour/TCGA-F4-6704-01Z-00-DX1_17408_8704.jpg,TCGA-F4-6704,TCGA-F4-6704-01Z-00-DX1,1,0.97754127,1
tumour/TCGA-F4-6704-01Z-00-DX1_17408_9216.jpg,TCGA-F4-6704,TCGA-F4-6704-01Z-00-DX1,1,0.9968933,1
tumour/TCGA-F4-6704-01Z-00-DX1_17920_10240.jpg,TCGA-F4-6704,TCGA-F4-6704-01Z-00-DX1,1,0.9999871,1
tumour/TCGA-F4-6704-01Z-00-DX1_17920_12288.jpg,TCGA-F4-6704,TCGA-F4-6704-01Z-00-DX1,1,0.9732444,1
tumour/TCGA-F4-6704-01Z-00-DX1_17920_12800.jpg,TCGA-F4-6704,TCGA-F4-6704-01Z-00-DX1,1,0.9974648,1
tumour/TCGA-F4-6704-01Z-00-DX1_17920_7680.jpg,TCGA-F4-6704,TCGA-F4-6704-01Z-00-DX1,1,0.99105376,1
tumour/TCGA-F4-6704-01Z-00-DX1_17920_8192.jpg,TCGA-F4-6704,TCGA-F4-6704-01Z-00-DX1,1,0.99685717,1
tumour/TCGA-F4-6704-01Z-00-DX1_17920_9216.jpg,TCGA-F4-6704,TCGA-F4-6704-01Z-00-DX1,1,0.98901176,1
tumour/TCGA-F4-6704-01Z-00-DX1_17920_9728.jpg,TCGA-F4-6704,TCGA-F4-6704-01Z-00-DX1,1,0.9999813,1
tumour/TCGA-F4-6704-01Z-00-DX1_18432_11264.jpg,TCGA-F4-6704,TCGA-F4-6704-01Z-00-DX1,1,0.99970824,1
tumour/TCGA-F4-6704-01Z-00-DX1_18432_11776.jpg,TCGA-F4-6704,TCGA-F4-6704-01Z-00-DX1,1,0.99835914,1
tumour/TCGA-F4-6704-01Z-00-DX1_18432_8192.jpg,TCGA-F4-6704,TCGA-F4-6704-01Z-00-DX1,1,0.9988815,1
tumour/TCGA-F4-6704-01Z-00-DX1_18432_8704.jpg,TCGA-F4-6704,TCGA-F4-6704-01Z-00-DX1,1,0.99991417,1
tumour/TCGA-F4-6704-01Z-00-DX1_18432_9216.jpg,TCGA-F4-6704,TCGA-F4-6704-01Z-00-DX1,1,0.9998702,1
tumour/TCGA-F4-6704-01Z-00-DX1_18432_9728.jpg,TCGA-F4-6704,TCGA-F4-6704-01Z-00-DX1,1,0.9998191,1
tumour/TCGA-F4-6704-01Z-00-DX1_18944_10240.jpg,TCGA-F4-6704,TCGA-F4-6704-01Z-00-DX1,1,0.9999974,1
tumour/TCGA-F4-6704-01Z-00-DX1_18944_10752.jpg,TCGA-F4-6704,TCGA-F4-6704-01Z-00-DX1,1,0.99995935,1
tumour/TCGA-F4-6704-01Z-00-DX1_18944_11264.jpg,TCGA-F4-6704,TCGA-F4-6704-01Z-00-DX1,1,0.99975604,1
tumour/TCGA-F4-6704-01Z-00-DX1_18944_11776.jpg,TCGA-F4-6704,TCGA-F4-6704-01Z-00-DX1,1,0.9987192,1
tumour/TCGA-F4-6704-01Z-00-DX1_18944_8192.jpg,TCGA-F4-6704,TCGA-F4-6704-01Z-00-DX1,1,0.99997103,1
tumour/TCGA-F4-6704-01Z-00-DX1_18944_9216.jpg,TCGA-F4-6704,TCGA-F4-6704-01Z-00-DX1,1,0.99966764,1
tumour/TCGA-F4-6704-01Z-00-DX1_18944_9728.jpg,TCGA-F4-6704,TCGA-F4-6704-01Z-00-DX1,1,0.97372603,1
tumour/TCGA-F4-6704-01Z-00-DX1_19456_10752.jpg,TCGA-F4-6704,TCGA-F4-6704-01Z-00-DX1,1,0.99997413,1
tumour/TCGA-F4-6704-01Z-00-DX1_19968_12288.jpg,TCGA-F4-6704,TCGA-F4-6704-01Z-00-DX1,1,0.9999838,1
tumour/TCGA-F4-6704-01Z-00-DX1_33792_11264.jpg,TCGA-F4-6704,TCGA-F4-6704-01Z-00-DX1,1,0.9981755,1
tumour/TCGA-F4-6704-01Z-00-DX1_33792_12800.jpg,TCGA-F4-6704,TCGA-F4-6704-01Z-00-DX1,1,0.999876,1
tumour/TCGA-F4-6704-01Z-00-DX1_34304_10240.jpg,TCGA-F4-6704,TCGA-F4-6704-01Z-00-DX1,1,0.9983255,1
tumour/TCGA-F4-6704-01Z-00-DX1_34304_12800.jpg,TCGA-F4-6704,TCGA-F4-6704-01Z-00-DX1,1,0.9999974,1
tumour/TCGA-F4-6704-01Z-00-DX1_34816_11264.jpg,TCGA-F4-6704,TCGA-F4-6704-01Z-00-DX1,1,0.99980694,1
tumour/TCGA-F4-6704-01Z-00-DX1_34816_12288.jpg,TCGA-F4-6704,TCGA-F4-6704-01Z-00-DX1,1,0.9997358,1
tumour/TCGA-F4-6704-01Z-00-DX1_34816_13824.jpg,TCGA-F4-6704,TCGA-F4-6704-01Z-00-DX1,1,0.9999957,1
tumour/TCGA-F4-6704-01Z-00-DX1_35328_10240.jpg,TCGA-F4-6704,TCGA-F4-6704-01Z-00-DX1,1,0.99999535,1
tumour/TCGA-F4-6704-01Z-00-DX1_35328_11264.jpg,TCGA-F4-6704,TCGA-F4-6704-01Z-00-DX1,1,0.9999527,1
tumour/TCGA-F4-6704-01Z-00-DX1_35328_11776.jpg,TCGA-F4-6704,TCGA-F4-6704-01Z-00-DX1,1,0.9999913,1
tumour/TCGA-F4-6704-01Z-00-DX1_35328_12800.jpg,TCGA-F4-6704,TCGA-F4-6704-01Z-00-DX1,1,0.999895,1
tumour/TCGA-F4-6704-01Z-00-DX1_35328_13312.jpg,TCGA-F4-6704,TCGA-F4-6704-01Z-00-DX1,1,0.99998677,1
tumour/TCGA-F4-6704-01Z-00-DX1_35328_13824.jpg,TCGA-F4-6704,TCGA-F4-6704-01Z-00-DX1,1,0.99999845,1
tumour/TCGA-F4-6704-01Z-00-DX1_35328_14336.jpg,TCGA-F4-6704,TCGA-F4-6704-01Z-00-DX1,1,0.9996326,1
tumour/TCGA-F4-6704-01Z-00-DX1_35328_9728.jpg,TCGA-F4-6704,TCGA-F4-6704-01Z-00-DX1,1,0.9996339,1
tumour/TCGA-F4-6704-01Z-00-DX1_35840_10240.jpg,TCGA-F4-6704,TCGA-F4-6704-01Z-00-DX1,1,0.99997437,1
tumour/TCGA-F4-6704-01Z-00-DX1_35840_11264.jpg,TCGA-F4-6704,TCGA-F4-6704-01Z-00-DX1,1,0.9983993,1
tumour/TCGA-F4-6704-01Z-00-DX1_35840_11776.jpg,TCGA-F4-6704,TCGA-F4-6704-01Z-00-DX1,1,0.9999727,1
tumour/TCGA-F4-6704-01Z-00-DX1_35840_12288.jpg,TCGA-F4-6704,TCGA-F4-6704-01Z-00-DX1,1,0.99988985,1
tumour/TCGA-F4-6704-01Z-00-DX1_35840_14336.jpg,TCGA-F4-6704,TCGA-F4-6704-01Z-00-DX1,1,0.99819404,1
tumour/TCGA-F4-6704-01Z-00-DX1_3584_12800.jpg,TCGA-F4-6704,TCGA-F4-6704-01Z-00-DX1,1,0.9992773,1
tumour/TCGA-F4-6704-01Z-00-DX1_3584_13312.jpg,TCGA-F4-6704,TCGA-F4-6704-01Z-00-DX1,1,0.64116424,1
tumour/TCGA-F4-6704-01Z-00-DX1_36352_11264.jpg,TCGA-F4-6704,TCGA-F4-6704-01Z-00-DX1,1,0.9998518,1
tumour/TCGA-F4-6704-01Z-00-DX1_36352_11776.jpg,TCGA-F4-6704,TCGA-F4-6704-01Z-00-DX1,1,0.99825567,1
tumour/TCGA-F4-6704-01Z-00-DX1_36864_10240.jpg,TCGA-F4-6704,TCGA-F4-6704-01Z-00-DX1,1,0.99999964,1
tumour/TCGA-F4-6704-01Z-00-DX1_36864_11264.jpg,TCGA-F4-6704,TCGA-F4-6704-01Z-00-DX1,1,0.99994195,1
tumour/TCGA-F4-6704-01Z-00-DX1_4096_12288.jpg,TCGA-F4-6704,TCGA-F4-6704-01Z-00-DX1,1,0.9974457,1
tumour/TCGA-F4-6704-01Z-00-DX1_4096_13824.jpg,TCGA-F4-6704,TCGA-F4-6704-01Z-00-DX1,1,0.9988986,1
tumour/TCGA-F4-6704-01Z-00-DX1_4096_14848.jpg,TCGA-F4-6704,TCGA-F4-6704-01Z-00-DX1,1,0.9998512,1
tumour/TCGA-F4-6704-01Z-00-DX1_4096_15360.jpg,TCGA-F4-6704,TCGA-F4-6704-01Z-00-DX1,1,0.99328953,1
tumour/TCGA-F4-6704-01Z-00-DX1_4096_15872.jpg,TCGA-F4-6704,TCGA-F4-6704-01Z-00-DX1,1,0.9849182,1
tumour/TCGA-F4-6704-01Z-00-DX1_4608_11776.jpg,TCGA-F4-6704,TCGA-F4-6704-01Z-00-DX1,1,0.9855958,1
tumour/TCGA-F4-6704-01Z-00-DX1_4608_12800.jpg,TCGA-F4-6704,TCGA-F4-6704-01Z-00-DX1,1,0.9984592,1
tumour/TCGA-F4-6704-01Z-00-DX1_4608_15360.jpg,TCGA-F4-6704,TCGA-F4-6704-01Z-00-DX1,1,0.96758795,1
tumour/TCGA-F4-6704-01Z-00-DX1_4608_15872.jpg,TCGA-F4-6704,TCGA-F4-6704-01Z-00-DX1,1,0.9986002,1
tumour/TCGA-F4-6704-01Z-00-DX1_5120_12288.jpg,TCGA-F4-6704,TCGA-F4-6704-01Z-00-DX1,1,0.9913892,1
tumour/TCGA-F4-6704-01Z-00-DX1_5120_12800.jpg,TCGA-F4-6704,TCGA-F4-6704-01Z-00-DX1,1,0.9937465,1
tumour/TCGA-F4-6704-01Z-00-DX1_5120_13312.jpg,TCGA-F4-6704,TCGA-F4-6704-01Z-00-DX1,1,0.9977768,1
tumour/TCGA-F4-6704-01Z-00-DX1_5120_14336.jpg,TCGA-F4-6704,TCGA-F4-6704-01Z-00-DX1,1,0.87115633,1
tumour/TCGA-F4-6704-01Z-00-DX1_5120_14848.jpg,TCGA-F4-6704,TCGA-F4-6704-01Z-00-DX1,1,0.99755496,1
tumour/TCGA-F4-6704-01Z-00-DX1_5120_15360.jpg,TCGA-F4-6704,TCGA-F4-6704-01Z-00-DX1,1,0.99942565,1
tumour/TCGA-F4-6704-01Z-00-DX1_5120_15872.jpg,TCGA-F4-6704,TCGA-F4-6704-01Z-00-DX1,1,0.99662906,1
tumour/TCGA-F4-6704-01Z-00-DX1_5120_16384.jpg,TCGA-F4-6704,TCGA-F4-6704-01Z-00-DX1,1,0.99182135,1
tumour/TCGA-F4-6704-01Z-00-DX1_5120_16896.jpg,TCGA-F4-6704,TCGA-F4-6704-01Z-00-DX1,1,0.99456906,1
tumour/TCGA-F4-6704-01Z-00-DX1_5632_12800.jpg,TCGA-F4-6704,TCGA-F4-6704-01Z-00-DX1,1,0.91191626,1
tumour/TCGA-F4-6704-01Z-00-DX1_5632_14336.jpg,TCGA-F4-6704,TCGA-F4-6704-01Z-00-DX1,1,0.87730443,1
tumour/TCGA-F4-6704-01Z-00-DX1_5632_14848.jpg,TCGA-F4-6704,TCGA-F4-6704-01Z-00-DX1,1,0.99417275,1
tumour/TCGA-F4-6704-01Z-00-DX1_5632_15872.jpg,TCGA-F4-6704,TCGA-F4-6704-01Z-00-DX1,1,0.99978465,1
tumour/TCGA-F4-6704-01Z-00-DX1_5632_16896.jpg,TCGA-F4-6704,TCGA-F4-6704-01Z-00-DX1,1,0.6438108,1
tumour/TCGA-F4-6704-01Z-00-DX1_6144_14848.jpg,TCGA-F4-6704,TCGA-F4-6704-01Z-00-DX1,1,0.99573046,1
tumour/TCGA-F4-6704-01Z-00-DX1_6144_15360.jpg,TCGA-F4-6704,TCGA-F4-6704-01Z-00-DX1,1,0.9637277,1
tumour/TCGA-F4-6704-01Z-00-DX1_6144_17408.jpg,TCGA-F4-6704,TCGA-F4-6704-01Z-00-DX1,1,0.9992101,1
tumour/TCGA-F4-6704-01Z-00-DX1_6656_15360.jpg,TCGA-F4-6704,TCGA-F4-6704-01Z-00-DX1,1,0.98428243,1
tumour/TCGA-F4-6704-01Z-00-DX1_6656_15872.jpg,TCGA-F4-6704,TCGA-F4-6704-01Z-00-DX1,1,0.9957033,1
tumour/TCGA-F4-6704-01Z-00-DX1_6656_17408.jpg,TCGA-F4-6704,TCGA-F4-6704-01Z-00-DX1,1,0.93456304,1
tumour/TCGA-F4-6704-01Z-00-DX1_7168_15360.jpg,TCGA-F4-6704,TCGA-F4-6704-01Z-00-DX1,1,0.9747215,1
tumour/TCGA-F4-6704-01Z-00-DX1_7168_15872.jpg,TCGA-F4-6704,TCGA-F4-6704-01Z-00-DX1,1,0.99963295,1
tumour/TCGA-F4-6704-01Z-00-DX1_7168_16384.jpg,TCGA-F4-6704,TCGA-F4-6704-01Z-00-DX1,1,0.9991836,1
tumour/TCGA-F4-6704-01Z-00-DX1_7168_16896.jpg,TCGA-F4-6704,TCGA-F4-6704-01Z-00-DX1,1,0.9597047,1
tumour/TCGA-F4-6704-01Z-00-DX1_7168_17920.jpg,TCGA-F4-6704,TCGA-F4-6704-01Z-00-DX1,1,0.99945194,1
tumour/TCGA-F4-6704-01Z-00-DX1_7680_16896.jpg,TCGA-F4-6704,TCGA-F4-6704-01Z-00-DX1,1,0.9199429,1
tumour/TCGA-F4-6704-01Z-00-DX1_7680_17408.jpg,TCGA-F4-6704,TCGA-F4-6704-01Z-00-DX1,1,0.98740023,1
tumour/TCGA-F4-6704-01Z-00-DX1_7680_17920.jpg,TCGA-F4-6704,TCGA-F4-6704-01Z-00-DX1,1,0.8782038,1
tumour/TCGA-F4-6704-01Z-00-DX1_8192_17920.jpg,TCGA-F4-6704,TCGA-F4-6704-01Z-00-DX1,1,0.76857775,1
tumour/TCGA-F4-6704-01Z-00-DX1_8192_18432.jpg,TCGA-F4-6704,TCGA-F4-6704-01Z-00-DX1,1,0.70515245,1
tumour/TCGA-F4-6704-01Z-00-DX1_8704_17408.jpg,TCGA-F4-6704,TCGA-F4-6704-01Z-00-DX1,1,0.9953992,1
tumour/TCGA-G4-6315-01Z-00-DX1_15360_28160.jpg,TCGA-G4-6315,TCGA-G4-6315-01Z-00-DX1,1,0.9999206,1
tumour/TCGA-G4-6315-01Z-00-DX1_15360_28672.jpg,TCGA-G4-6315,TCGA-G4-6315-01Z-00-DX1,1,0.96915394,1
tumour/TCGA-G4-6315-01Z-00-DX1_15872_26112.jpg,TCGA-G4-6315,TCGA-G4-6315-01Z-00-DX1,1,0.98439646,1
tumour/TCGA-G4-6315-01Z-00-DX1_15872_27648.jpg,TCGA-G4-6315,TCGA-G4-6315-01Z-00-DX1,1,0.99794227,1
tumour/TCGA-G4-6315-01Z-00-DX1_15872_28160.jpg,TCGA-G4-6315,TCGA-G4-6315-01Z-00-DX1,1,0.9919674,1
tumour/TCGA-G4-6315-01Z-00-DX1_16384_24576.jpg,TCGA-G4-6315,TCGA-G4-6315-01Z-00-DX1,1,0.99917465,1
tumour/TCGA-G4-6315-01Z-00-DX1_16384_25088.jpg,TCGA-G4-6315,TCGA-G4-6315-01Z-00-DX1,1,0.99553716,1
tumour/TCGA-G4-6315-01Z-00-DX1_16384_25600.jpg,TCGA-G4-6315,TCGA-G4-6315-01Z-00-DX1,1,0.9670845,1
tumour/TCGA-G4-6315-01Z-00-DX1_16384_26112.jpg,TCGA-G4-6315,TCGA-G4-6315-01Z-00-DX1,1,0.9881362,1
tumour/TCGA-G4-6315-01Z-00-DX1_16384_27136.jpg,TCGA-G4-6315,TCGA-G4-6315-01Z-00-DX1,1,0.9999279,1
tumour/TCGA-G4-6315-01Z-00-DX1_16384_27648.jpg,TCGA-G4-6315,TCGA-G4-6315-01Z-00-DX1,1,0.9974318,1
tumour/TCGA-G4-6315-01Z-00-DX1_16384_28160.jpg,TCGA-G4-6315,TCGA-G4-6315-01Z-00-DX1,1,0.99994695,1
tumour/TCGA-G4-6315-01Z-00-DX1_16384_28672.jpg,TCGA-G4-6315,TCGA-G4-6315-01Z-00-DX1,1,0.99346477,1
tumour/TCGA-G4-6315-01Z-00-DX1_16384_29696.jpg,TCGA-G4-6315,TCGA-G4-6315-01Z-00-DX1,1,0.9930025,1
tumour/TCGA-G4-6315-01Z-00-DX1_16384_30720.jpg,TCGA-G4-6315,TCGA-G4-6315-01Z-00-DX1,1,0.99798584,1
tumour/TCGA-G4-6315-01Z-00-DX1_16896_23040.jpg,TCGA-G4-6315,TCGA-G4-6315-01Z-00-DX1,1,0.9990369,1
tumour/TCGA-G4-6315-01Z-00-DX1_16896_23552.jpg,TCGA-G4-6315,TCGA-G4-6315-01Z-00-DX1,1,0.85955983,1
tumour/TCGA-G4-6315-01Z-00-DX1_16896_24064.jpg,TCGA-G4-6315,TCGA-G4-6315-01Z-00-DX1,1,0.9909083,1
tumour/TCGA-G4-6315-01Z-00-DX1_16896_25088.jpg,TCGA-G4-6315,TCGA-G4-6315-01Z-00-DX1,1,0.9997912,1
tumour/TCGA-G4-6315-01Z-00-DX1_16896_25600.jpg,TCGA-G4-6315,TCGA-G4-6315-01Z-00-DX1,1,0.9970145,1
tumour/TCGA-G4-6315-01Z-00-DX1_16896_27136.jpg,TCGA-G4-6315,TCGA-G4-6315-01Z-00-DX1,1,0.9985619,1
tumour/TCGA-G4-6315-01Z-00-DX1_16896_27648.jpg,TCGA-G4-6315,TCGA-G4-6315-01Z-00-DX1,1,0.9999591,1
tumour/TCGA-G4-6315-01Z-00-DX1_16896_28672.jpg,TCGA-G4-6315,TCGA-G4-6315-01Z-00-DX1,1,0.99906915,1
tumour/TCGA-G4-6315-01Z-00-DX1_16896_29696.jpg,TCGA-G4-6315,TCGA-G4-6315-01Z-00-DX1,1,0.99977654,1
tumour/TCGA-G4-6315-01Z-00-DX1_16896_30208.jpg,TCGA-G4-6315,TCGA-G4-6315-01Z-00-DX1,1,0.9982316,1
tumour/TCGA-G4-6315-01Z-00-DX1_16896_30720.jpg,TCGA-G4-6315,TCGA-G4-6315-01Z-00-DX1,1,0.9998197,1
tumour/TCGA-G4-6315-01Z-00-DX1_17408_20992.jpg,TCGA-G4-6315,TCGA-G4-6315-01Z-00-DX1,1,0.99989843,1
tumour/TCGA-G4-6315-01Z-00-DX1_17408_22016.jpg,TCGA-G4-6315,TCGA-G4-6315-01Z-00-DX1,1,0.998055,1
tumour/TCGA-G4-6315-01Z-00-DX1_17408_22528.jpg,TCGA-G4-6315,TCGA-G4-6315-01Z-00-DX1,1,0.9891214,1
tumour/TCGA-G4-6315-01Z-00-DX1_17408_23040.jpg,TCGA-G4-6315,TCGA-G4-6315-01Z-00-DX1,1,0.9363307,1
tumour/TCGA-G4-6315-01Z-00-DX1_17408_24064.jpg,TCGA-G4-6315,TCGA-G4-6315-01Z-00-DX1,1,0.9947901,1
tumour/TCGA-G4-6315-01Z-00-DX1_17408_24576.jpg,TCGA-G4-6315,TCGA-G4-6315-01Z-00-DX1,1,0.9985984,1
tumour/TCGA-G4-6315-01Z-00-DX1_17408_25088.jpg,TCGA-G4-6315,TCGA-G4-6315-01Z-00-DX1,1,0.9999019,1
tumour/TCGA-G4-6315-01Z-00-DX1_17408_25600.jpg,TCGA-G4-6315,TCGA-G4-6315-01Z-00-DX1,1,0.999861,1
tumour/TCGA-G4-6315-01Z-00-DX1_17408_27136.jpg,TCGA-G4-6315,TCGA-G4-6315-01Z-00-DX1,1,0.9999424,1
tumour/TCGA-G4-6315-01Z-00-DX1_17408_27648.jpg,TCGA-G4-6315,TCGA-G4-6315-01Z-00-DX1,1,0.99966717,1
tumour/TCGA-G4-6315-01Z-00-DX1_17408_29696.jpg,TCGA-G4-6315,TCGA-G4-6315-01Z-00-DX1,1,0.9999558,1
tumour/TCGA-G4-6315-01Z-00-DX1_17408_31232.jpg,TCGA-G4-6315,TCGA-G4-6315-01Z-00-DX1,1,0.99818355,1
tumour/TCGA-G4-6315-01Z-00-DX1_17920_20480.jpg,TCGA-G4-6315,TCGA-G4-6315-01Z-00-DX1,1,0.99959403,1
tumour/TCGA-G4-6315-01Z-00-DX1_17920_24064.jpg,TCGA-G4-6315,TCGA-G4-6315-01Z-00-DX1,1,0.99940896,1
tumour/TCGA-G4-6315-01Z-00-DX1_17920_24576.jpg,TCGA-G4-6315,TCGA-G4-6315-01Z-00-DX1,1,0.99939716,1
tumour/TCGA-G4-6315-01Z-00-DX1_17920_26624.jpg,TCGA-G4-6315,TCGA-G4-6315-01Z-00-DX1,1,0.99616015,1
tumour/TCGA-G4-6315-01Z-00-DX1_17920_27648.jpg,TCGA-G4-6315,TCGA-G4-6315-01Z-00-DX1,1,0.9911159,1
tumour/TCGA-G4-6315-01Z-00-DX1_17920_28672.jpg,TCGA-G4-6315,TCGA-G4-6315-01Z-00-DX1,1,0.9992805,1
tumour/TCGA-G4-6315-01Z-00-DX1_17920_29696.jpg,TCGA-G4-6315,TCGA-G4-6315-01Z-00-DX1,1,0.99958783,1
tumour/TCGA-G4-6315-01Z-00-DX1_17920_30720.jpg,TCGA-G4-6315,TCGA-G4-6315-01Z-00-DX1,1,0.98994,1
tumour/TCGA-G4-6315-01Z-00-DX1_17920_31232.jpg,TCGA-G4-6315,TCGA-G4-6315-01Z-00-DX1,1,0.8904791,1
tumour/TCGA-G4-6315-01Z-00-DX1_18432_20480.jpg,TCGA-G4-6315,TCGA-G4-6315-01Z-00-DX1,1,0.9988978,1
tumour/TCGA-G4-6315-01Z-00-DX1_18432_20992.jpg,TCGA-G4-6315,TCGA-G4-6315-01Z-00-DX1,1,0.99661773,1
tumour/TCGA-G4-6315-01Z-00-DX1_18432_21504.jpg,TCGA-G4-6315,TCGA-G4-6315-01Z-00-DX1,1,0.99190533,1
tumour/TCGA-G4-6315-01Z-00-DX1_18432_22528.jpg,TCGA-G4-6315,TCGA-G4-6315-01Z-00-DX1,1,0.99975055,1
tumour/TCGA-G4-6315-01Z-00-DX1_18432_24576.jpg,TCGA-G4-6315,TCGA-G4-6315-01Z-00-DX1,1,0.9999436,1
tumour/TCGA-G4-6315-01Z-00-DX1_18432_26624.jpg,TCGA-G4-6315,TCGA-G4-6315-01Z-00-DX1,1,0.99688774,1
tumour/TCGA-G4-6315-01Z-00-DX1_18432_27136.jpg,TCGA-G4-6315,TCGA-G4-6315-01Z-00-DX1,1,0.99802667,1
tumour/TCGA-G4-6315-01Z-00-DX1_18432_27648.jpg,TCGA-G4-6315,TCGA-G4-6315-01Z-00-DX1,1,0.99738115,1
tumour/TCGA-G4-6315-01Z-00-DX1_18432_28160.jpg,TCGA-G4-6315,TCGA-G4-6315-01Z-00-DX1,1,0.9999535,1
tumour/TCGA-G4-6315-01Z-00-DX1_18432_28672.jpg,TCGA-G4-6315,TCGA-G4-6315-01Z-00-DX1,1,0.99476296,1
tumour/TCGA-G4-6315-01Z-00-DX1_18432_30208.jpg,TCGA-G4-6315,TCGA-G4-6315-01Z-00-DX1,1,0.91906434,1
tumour/TCGA-G4-6315-01Z-00-DX1_18432_30720.jpg,TCGA-G4-6315,TCGA-G4-6315-01Z-00-DX1,1,0.9993641,1
tumour/TCGA-G4-6315-01Z-00-DX1_18944_18944.jpg,TCGA-G4-6315,TCGA-G4-6315-01Z-00-DX1,1,0.9927166,1
tumour/TCGA-G4-6315-01Z-00-DX1_18944_20480.jpg,TCGA-G4-6315,TCGA-G4-6315-01Z-00-DX1,1,0.99794,1
tumour/TCGA-G4-6315-01Z-00-DX1_18944_21504.jpg,TCGA-G4-6315,TCGA-G4-6315-01Z-00-DX1,1,0.999613,1
tumour/TCGA-G4-6315-01Z-00-DX1_18944_22016.jpg,TCGA-G4-6315,TCGA-G4-6315-01Z-00-DX1,1,0.99768996,1
tumour/TCGA-G4-6315-01Z-00-DX1_18944_23552.jpg,TCGA-G4-6315,TCGA-G4-6315-01Z-00-DX1,1,0.99490064,1
tumour/TCGA-G4-6315-01Z-00-DX1_18944_24064.jpg,TCGA-G4-6315,TCGA-G4-6315-01Z-00-DX1,1,0.9998611,1
tumour/TCGA-G4-6315-01Z-00-DX1_18944_24576.jpg,TCGA-G4-6315,TCGA-G4-6315-01Z-00-DX1,1,0.99990535,1
tumour/TCGA-G4-6315-01Z-00-DX1_18944_25600.jpg,TCGA-G4-6315,TCGA-G4-6315-01Z-00-DX1,1,0.9999825,1
tumour/TCGA-G4-6315-01Z-00-DX1_18944_26112.jpg,TCGA-G4-6315,TCGA-G4-6315-01Z-00-DX1,1,0.99861073,1
tumour/TCGA-G4-6315-01Z-00-DX1_18944_28160.jpg,TCGA-G4-6315,TCGA-G4-6315-01Z-00-DX1,1,0.97156703,1
tumour/TCGA-G4-6315-01Z-00-DX1_18944_29696.jpg,TCGA-G4-6315,TCGA-G4-6315-01Z-00-DX1,1,0.98779637,1
tumour/TCGA-G4-6315-01Z-00-DX1_18944_31232.jpg,TCGA-G4-6315,TCGA-G4-6315-01Z-00-DX1,1,0.9999168,1
tumour/TCGA-G4-6315-01Z-00-DX1_18944_31744.jpg,TCGA-G4-6315,TCGA-G4-6315-01Z-00-DX1,1,0.99966264,1
tumour/TCGA-G4-6315-01Z-00-DX1_19456_17920.jpg,TCGA-G4-6315,TCGA-G4-6315-01Z-00-DX1,1,0.996225,1
tumour/TCGA-G4-6315-01Z-00-DX1_19456_18944.jpg,TCGA-G4-6315,TCGA-G4-6315-01Z-00-DX1,1,0.99990165,1
tumour/TCGA-G4-6315-01Z-00-DX1_19456_19968.jpg,TCGA-G4-6315,TCGA-G4-6315-01Z-00-DX1,1,0.99891675,1
tumour/TCGA-G4-6315-01Z-00-DX1_19456_22016.jpg,TCGA-G4-6315,TCGA-G4-6315-01Z-00-DX1,1,0.99838924,1
tumour/TCGA-G4-6315-01Z-00-DX1_19456_22528.jpg,TCGA-G4-6315,TCGA-G4-6315-01Z-00-DX1,1,0.9994703,1
tumour/TCGA-G4-6315-01Z-00-DX1_19456_26112.jpg,TCGA-G4-6315,TCGA-G4-6315-01Z-00-DX1,1,0.9997825,1
tumour/TCGA-G4-6315-01Z-00-DX1_19456_26624.jpg,TCGA-G4-6315,TCGA-G4-6315-01Z-00-DX1,1,0.99962056,1
tumour/TCGA-G4-6315-01Z-00-DX1_19456_28672.jpg,TCGA-G4-6315,TCGA-G4-6315-01Z-00-DX1,1,0.9915826,1
tumour/TCGA-G4-6315-01Z-00-DX1_19456_29696.jpg,TCGA-G4-6315,TCGA-G4-6315-01Z-00-DX1,1,0.99843675,1
tumour/TCGA-G4-6315-01Z-00-DX1_19456_30208.jpg,TCGA-G4-6315,TCGA-G4-6315-01Z-00-DX1,1,0.9996952,1
tumour/TCGA-G4-6315-01Z-00-DX1_19456_30720.jpg,TCGA-G4-6315,TCGA-G4-6315-01Z-00-DX1,1,0.9979678,1
tumour/TCGA-G4-6315-01Z-00-DX1_19456_31232.jpg,TCGA-G4-6315,TCGA-G4-6315-01Z-00-DX1,1,0.99988675,1
tumour/TCGA-G4-6315-01Z-00-DX1_19456_31744.jpg,TCGA-G4-6315,TCGA-G4-6315-01Z-00-DX1,1,0.9956115,1
tumour/TCGA-G4-6315-01Z-00-DX1_19456_32256.jpg,TCGA-G4-6315,TCGA-G4-6315-01Z-00-DX1,1,0.99971443,1
tumour/TCGA-G4-6315-01Z-00-DX1_19968_17408.jpg,TCGA-G4-6315,TCGA-G4-6315-01Z-00-DX1,1,0.9972154,1
tumour/TCGA-G4-6315-01Z-00-DX1_19968_18432.jpg,TCGA-G4-6315,TCGA-G4-6315-01Z-00-DX1,1,0.9996898,1
tumour/TCGA-G4-6315-01Z-00-DX1_19968_19456.jpg,TCGA-G4-6315,TCGA-G4-6315-01Z-00-DX1,1,0.9988889,1
tumour/TCGA-G4-6315-01Z-00-DX1_19968_20992.jpg,TCGA-G4-6315,TCGA-G4-6315-01Z-00-DX1,1,0.9999665,1
tumour/TCGA-G4-6315-01Z-00-DX1_19968_22016.jpg,TCGA-G4-6315,TCGA-G4-6315-01Z-00-DX1,1,0.99995804,1
tumour/TCGA-G4-6315-01Z-00-DX1_19968_22528.jpg,TCGA-G4-6315,TCGA-G4-6315-01Z-00-DX1,1,0.99887997,1
tumour/TCGA-G4-6315-01Z-00-DX1_19968_23040.jpg,TCGA-G4-6315,TCGA-G4-6315-01Z-00-DX1,1,0.9998356,1
tumour/TCGA-G4-6315-01Z-00-DX1_19968_23552.jpg,TCGA-G4-6315,TCGA-G4-6315-01Z-00-DX1,1,0.9998584,1
tumour/TCGA-G4-6315-01Z-00-DX1_19968_26112.jpg,TCGA-G4-6315,TCGA-G4-6315-01Z-00-DX1,1,0.9989636,1
tumour/TCGA-G4-6315-01Z-00-DX1_19968_27648.jpg,TCGA-G4-6315,TCGA-G4-6315-01Z-00-DX1,1,0.9998523,1
tumour/TCGA-G4-6315-01Z-00-DX1_19968_28160.jpg,TCGA-G4-6315,TCGA-G4-6315-01Z-00-DX1,1,0.98637366,1
tumour/TCGA-G4-6315-01Z-00-DX1_19968_28672.jpg,TCGA-G4-6315,TCGA-G4-6315-01Z-00-DX1,1,0.9982973,1
tumour/TCGA-G4-6315-01Z-00-DX1_19968_30208.jpg,TCGA-G4-6315,TCGA-G4-6315-01Z-00-DX1,1,0.99850994,1
tumour/TCGA-G4-6315-01Z-00-DX1_19968_31232.jpg,TCGA-G4-6315,TCGA-G4-6315-01Z-00-DX1,1,0.99991906,1
tumour/TCGA-G4-6315-01Z-00-DX1_19968_31744.jpg,TCGA-G4-6315,TCGA-G4-6315-01Z-00-DX1,1,0.9926845,1
tumour/TCGA-G4-6315-01Z-00-DX1_19968_38912.jpg,TCGA-G4-6315,TCGA-G4-6315-01Z-00-DX1,1,0.9997273,1
tumour/TCGA-G4-6315-01Z-00-DX1_20480_16384.jpg,TCGA-G4-6315,TCGA-G4-6315-01Z-00-DX1,1,0.9995247,1
tumour/TCGA-G4-6315-01Z-00-DX1_20480_17408.jpg,TCGA-G4-6315,TCGA-G4-6315-01Z-00-DX1,1,0.99958163,1
tumour/TCGA-G4-6315-01Z-00-DX1_20480_17920.jpg,TCGA-G4-6315,TCGA-G4-6315-01Z-00-DX1,1,0.99517363,1
tumour/TCGA-G4-6315-01Z-00-DX1_20480_18432.jpg,TCGA-G4-6315,TCGA-G4-6315-01Z-00-DX1,1,0.9998696,1
tumour/TCGA-G4-6315-01Z-00-DX1_20480_21504.jpg,TCGA-G4-6315,TCGA-G4-6315-01Z-00-DX1,1,0.99924904,1
tumour/TCGA-G4-6315-01Z-00-DX1_20480_22016.jpg,TCGA-G4-6315,TCGA-G4-6315-01Z-00-DX1,1,0.99217355,1
tumour/TCGA-G4-6315-01Z-00-DX1_20480_22528.jpg,TCGA-G4-6315,TCGA-G4-6315-01Z-00-DX1,1,0.99988484,1
tumour/TCGA-G4-6315-01Z-00-DX1_20480_23040.jpg,TCGA-G4-6315,TCGA-G4-6315-01Z-00-DX1,1,0.9997627,1
tumour/TCGA-G4-6315-01Z-00-DX1_20480_23552.jpg,TCGA-G4-6315,TCGA-G4-6315-01Z-00-DX1,1,0.99947876,1
tumour/TCGA-G4-6315-01Z-00-DX1_20480_24064.jpg,TCGA-G4-6315,TCGA-G4-6315-01Z-00-DX1,1,0.9989278,1
tumour/TCGA-G4-6315-01Z-00-DX1_20480_26112.jpg,TCGA-G4-6315,TCGA-G4-6315-01Z-00-DX1,1,0.99994385,1
tumour/TCGA-G4-6315-01Z-00-DX1_20480_26624.jpg,TCGA-G4-6315,TCGA-G4-6315-01Z-00-DX1,1,0.99999857,1
tumour/TCGA-G4-6315-01Z-00-DX1_20480_29184.jpg,TCGA-G4-6315,TCGA-G4-6315-01Z-00-DX1,1,0.9994555,1
tumour/TCGA-G4-6315-01Z-00-DX1_20480_29696.jpg,TCGA-G4-6315,TCGA-G4-6315-01Z-00-DX1,1,0.9980558,1
tumour/TCGA-G4-6315-01Z-00-DX1_20480_30208.jpg,TCGA-G4-6315,TCGA-G4-6315-01Z-00-DX1,1,0.9868982,1
tumour/TCGA-G4-6315-01Z-00-DX1_20480_32256.jpg,TCGA-G4-6315,TCGA-G4-6315-01Z-00-DX1,1,0.9988838,1
tumour/TCGA-G4-6315-01Z-00-DX1_20480_38400.jpg,TCGA-G4-6315,TCGA-G4-6315-01Z-00-DX1,1,0.99993324,1
tumour/TCGA-G4-6315-01Z-00-DX1_20992_17408.jpg,TCGA-G4-6315,TCGA-G4-6315-01Z-00-DX1,1,0.9796138,1
tumour/TCGA-G4-6315-01Z-00-DX1_20992_17920.jpg,TCGA-G4-6315,TCGA-G4-6315-01Z-00-DX1,1,0.9999323,1
tumour/TCGA-G4-6315-01Z-00-DX1_20992_18432.jpg,TCGA-G4-6315,TCGA-G4-6315-01Z-00-DX1,1,0.9999548,1
tumour/TCGA-G4-6315-01Z-00-DX1_20992_19968.jpg,TCGA-G4-6315,TCGA-G4-6315-01Z-00-DX1,1,0.9992861,1
tumour/TCGA-G4-6315-01Z-00-DX1_20992_21504.jpg,TCGA-G4-6315,TCGA-G4-6315-01Z-00-DX1,1,0.9999722,1
tumour/TCGA-G4-6315-01Z-00-DX1_20992_25088.jpg,TCGA-G4-6315,TCGA-G4-6315-01Z-00-DX1,1,0.9996395,1
tumour/TCGA-G4-6315-01Z-00-DX1_20992_26112.jpg,TCGA-G4-6315,TCGA-G4-6315-01Z-00-DX1,1,0.9998543,1
tumour/TCGA-G4-6315-01Z-00-DX1_20992_27648.jpg,TCGA-G4-6315,TCGA-G4-6315-01Z-00-DX1,1,0.9927654,1
tumour/TCGA-G4-6315-01Z-00-DX1_20992_28160.jpg,TCGA-G4-6315,TCGA-G4-6315-01Z-00-DX1,1,0.9968003,1
tumour/TCGA-G4-6315-01Z-00-DX1_20992_28672.jpg,TCGA-G4-6315,TCGA-G4-6315-01Z-00-DX1,1,0.9970227,1
tumour/TCGA-G4-6315-01Z-00-DX1_20992_29184.jpg,TCGA-G4-6315,TCGA-G4-6315-01Z-00-DX1,1,0.99939597,1
tumour/TCGA-G4-6315-01Z-00-DX1_20992_30720.jpg,TCGA-G4-6315,TCGA-G4-6315-01Z-00-DX1,1,0.9826204,1
tumour/TCGA-G4-6315-01Z-00-DX1_20992_31232.jpg,TCGA-G4-6315,TCGA-G4-6315-01Z-00-DX1,1,0.9589404,1
tumour/TCGA-G4-6315-01Z-00-DX1_20992_38400.jpg,TCGA-G4-6315,TCGA-G4-6315-01Z-00-DX1,1,0.99993694,1
tumour/TCGA-G4-6315-01Z-00-DX1_20992_38912.jpg,TCGA-G4-6315,TCGA-G4-6315-01Z-00-DX1,1,0.9999125,1
tumour/TCGA-G4-6315-01Z-00-DX1_21504_15360.jpg,TCGA-G4-6315,TCGA-G4-6315-01Z-00-DX1,1,0.998108,1
tumour/TCGA-G4-6315-01Z-00-DX1_21504_15872.jpg,TCGA-G4-6315,TCGA-G4-6315-01Z-00-DX1,1,0.96914077,1
tumour/TCGA-G4-6315-01Z-00-DX1_21504_17408.jpg,TCGA-G4-6315,TCGA-G4-6315-01Z-00-DX1,1,0.9997968,1
tumour/TCGA-G4-6315-01Z-00-DX1_21504_23040.jpg,TCGA-G4-6315,TCGA-G4-6315-01Z-00-DX1,1,0.9913229,1
tumour/TCGA-G4-6315-01Z-00-DX1_21504_23552.jpg,TCGA-G4-6315,TCGA-G4-6315-01Z-00-DX1,1,0.9975555,1
tumour/TCGA-G4-6315-01Z-00-DX1_21504_24064.jpg,TCGA-G4-6315,TCGA-G4-6315-01Z-00-DX1,1,0.9995271,1
tumour/TCGA-G4-6315-01Z-00-DX1_21504_25600.jpg,TCGA-G4-6315,TCGA-G4-6315-01Z-00-DX1,1,0.9955752,1
tumour/TCGA-G4-6315-01Z-00-DX1_21504_26112.jpg,TCGA-G4-6315,TCGA-G4-6315-01Z-00-DX1,1,0.99062145,1
tumour/TCGA-G4-6315-01Z-00-DX1_21504_26624.jpg,TCGA-G4-6315,TCGA-G4-6315-01Z-00-DX1,1,0.9999579,1
tumour/TCGA-G4-6315-01Z-00-DX1_21504_27136.jpg,TCGA-G4-6315,TCGA-G4-6315-01Z-00-DX1,1,0.9998901,1
tumour/TCGA-G4-6315-01Z-00-DX1_21504_27648.jpg,TCGA-G4-6315,TCGA-G4-6315-01Z-00-DX1,1,0.9967873,1
tumour/TCGA-G4-6315-01Z-00-DX1_21504_29184.jpg,TCGA-G4-6315,TCGA-G4-6315-01Z-00-DX1,1,0.90376186,1
tumour/TCGA-G4-6315-01Z-00-DX1_21504_29696.jpg,TCGA-G4-6315,TCGA-G4-6315-01Z-00-DX1,1,0.99992836,1
tumour/TCGA-G4-6315-01Z-00-DX1_21504_30208.jpg,TCGA-G4-6315,TCGA-G4-6315-01Z-00-DX1,1,0.9982857,1
tumour/TCGA-G4-6315-01Z-00-DX1_21504_30720.jpg,TCGA-G4-6315,TCGA-G4-6315-01Z-00-DX1,1,0.98188007,1
tumour/TCGA-G4-6315-01Z-00-DX1_21504_32256.jpg,TCGA-G4-6315,TCGA-G4-6315-01Z-00-DX1,1,0.9989969,1
tumour/TCGA-G4-6315-01Z-00-DX1_21504_38912.jpg,TCGA-G4-6315,TCGA-G4-6315-01Z-00-DX1,1,0.99944264,1
tumour/TCGA-G4-6315-01Z-00-DX1_21504_39424.jpg,TCGA-G4-6315,TCGA-G4-6315-01Z-00-DX1,1,0.9988865,1
tumour/TCGA-G4-6315-01Z-00-DX1_22016_15872.jpg,TCGA-G4-6315,TCGA-G4-6315-01Z-00-DX1,1,0.99986935,1
tumour/TCGA-G4-6315-01Z-00-DX1_22016_16896.jpg,TCGA-G4-6315,TCGA-G4-6315-01Z-00-DX1,1,0.99969935,1
tumour/TCGA-G4-6315-01Z-00-DX1_22016_17920.jpg,TCGA-G4-6315,TCGA-G4-6315-01Z-00-DX1,1,0.99008864,1
tumour/TCGA-G4-6315-01Z-00-DX1_22016_18432.jpg,TCGA-G4-6315,TCGA-G4-6315-01Z-00-DX1,1,0.9998765,1
tumour/TCGA-G4-6315-01Z-00-DX1_22016_23552.jpg,TCGA-G4-6315,TCGA-G4-6315-01Z-00-DX1,1,0.99743736,1
tumour/TCGA-G4-6315-01Z-00-DX1_22016_24576.jpg,TCGA-G4-6315,TCGA-G4-6315-01Z-00-DX1,1,0.99759007,1
tumour/TCGA-G4-6315-01Z-00-DX1_22016_26112.jpg,TCGA-G4-6315,TCGA-G4-6315-01Z-00-DX1,1,0.9959187,1
tumour/TCGA-G4-6315-01Z-00-DX1_22016_26624.jpg,TCGA-G4-6315,TCGA-G4-6315-01Z-00-DX1,1,0.99991846,1
tumour/TCGA-G4-6315-01Z-00-DX1_22016_27648.jpg,TCGA-G4-6315,TCGA-G4-6315-01Z-00-DX1,1,0.9554799,1
tumour/TCGA-G4-6315-01Z-00-DX1_22016_28160.jpg,TCGA-G4-6315,TCGA-G4-6315-01Z-00-DX1,1,0.998228,1
tumour/TCGA-G4-6315-01Z-00-DX1_22016_29184.jpg,TCGA-G4-6315,TCGA-G4-6315-01Z-00-DX1,1,0.9999999,1
tumour/TCGA-G4-6315-01Z-00-DX1_22016_29696.jpg,TCGA-G4-6315,TCGA-G4-6315-01Z-00-DX1,1,0.9996288,1
tumour/TCGA-G4-6315-01Z-00-DX1_22016_30208.jpg,TCGA-G4-6315,TCGA-G4-6315-01Z-00-DX1,1,0.99963415,1
tumour/TCGA-G4-6315-01Z-00-DX1_22016_30720.jpg,TCGA-G4-6315,TCGA-G4-6315-01Z-00-DX1,1,0.8512008,1
tumour/TCGA-G4-6315-01Z-00-DX1_22016_31232.jpg,TCGA-G4-6315,TCGA-G4-6315-01Z-00-DX1,1,0.987035,1
tumour/TCGA-G4-6315-01Z-00-DX1_22016_31744.jpg,TCGA-G4-6315,TCGA-G4-6315-01Z-00-DX1,1,0.78982735,1
tumour/TCGA-G4-6315-01Z-00-DX1_22016_38912.jpg,TCGA-G4-6315,TCGA-G4-6315-01Z-00-DX1,1,0.9284346,1
tumour/TCGA-G4-6315-01Z-00-DX1_22528_14336.jpg,TCGA-G4-6315,TCGA-G4-6315-01Z-00-DX1,1,0.88688713,1
tumour/TCGA-G4-6315-01Z-00-DX1_22528_16896.jpg,TCGA-G4-6315,TCGA-G4-6315-01Z-00-DX1,1,0.9958698,1
tumour/TCGA-G4-6315-01Z-00-DX1_22528_18432.jpg,TCGA-G4-6315,TCGA-G4-6315-01Z-00-DX1,1,0.9975924,1
tumour/TCGA-G4-6315-01Z-00-DX1_22528_23552.jpg,TCGA-G4-6315,TCGA-G4-6315-01Z-00-DX1,1,0.99779475,1
tumour/TCGA-G4-6315-01Z-00-DX1_22528_24576.jpg,TCGA-G4-6315,TCGA-G4-6315-01Z-00-DX1,1,0.9875415,1
tumour/TCGA-G4-6315-01Z-00-DX1_22528_25088.jpg,TCGA-G4-6315,TCGA-G4-6315-01Z-00-DX1,1,0.99999714,1
tumour/TCGA-G4-6315-01Z-00-DX1_22528_25600.jpg,TCGA-G4-6315,TCGA-G4-6315-01Z-00-DX1,1,0.9974993,1
tumour/TCGA-G4-6315-01Z-00-DX1_22528_27136.jpg,TCGA-G4-6315,TCGA-G4-6315-01Z-00-DX1,1,0.23626852,0
tumour/TCGA-G4-6315-01Z-00-DX1_22528_28160.jpg,TCGA-G4-6315,TCGA-G4-6315-01Z-00-DX1,1,0.9997136,1
tumour/TCGA-G4-6315-01Z-00-DX1_22528_28672.jpg,TCGA-G4-6315,TCGA-G4-6315-01Z-00-DX1,1,0.9999826,1
tumour/TCGA-G4-6315-01Z-00-DX1_22528_29184.jpg,TCGA-G4-6315,TCGA-G4-6315-01Z-00-DX1,1,0.9999188,1
tumour/TCGA-G4-6315-01Z-00-DX1_22528_29696.jpg,TCGA-G4-6315,TCGA-G4-6315-01Z-00-DX1,1,0.8763199,1
tumour/TCGA-G4-6315-01Z-00-DX1_22528_30720.jpg,TCGA-G4-6315,TCGA-G4-6315-01Z-00-DX1,1,0.9975804,1
tumour/TCGA-G4-6315-01Z-00-DX1_22528_32256.jpg,TCGA-G4-6315,TCGA-G4-6315-01Z-00-DX1,1,0.9942457,1
tumour/TCGA-G4-6315-01Z-00-DX1_22528_39424.jpg,TCGA-G4-6315,TCGA-G4-6315-01Z-00-DX1,1,0.9636496,1
tumour/TCGA-G4-6315-01Z-00-DX1_23040_13312.jpg,TCGA-G4-6315,TCGA-G4-6315-01Z-00-DX1,1,0.9994723,1
tumour/TCGA-G4-6315-01Z-00-DX1_23040_14336.jpg,TCGA-G4-6315,TCGA-G4-6315-01Z-00-DX1,1,0.99571025,1
tumour/TCGA-G4-6315-01Z-00-DX1_23040_14848.jpg,TCGA-G4-6315,TCGA-G4-6315-01Z-00-DX1,1,0.9999975,1
tumour/TCGA-G4-6315-01Z-00-DX1_23040_15872.jpg,TCGA-G4-6315,TCGA-G4-6315-01Z-00-DX1,1,0.9957151,1
tumour/TCGA-G4-6315-01Z-00-DX1_23040_16896.jpg,TCGA-G4-6315,TCGA-G4-6315-01Z-00-DX1,1,0.9858973,1
tumour/TCGA-G4-6315-01Z-00-DX1_23040_18432.jpg,TCGA-G4-6315,TCGA-G4-6315-01Z-00-DX1,1,0.9972439,1
tumour/TCGA-G4-6315-01Z-00-DX1_23040_26624.jpg,TCGA-G4-6315,TCGA-G4-6315-01Z-00-DX1,1,0.98238784,1
tumour/TCGA-G4-6315-01Z-00-DX1_23040_27648.jpg,TCGA-G4-6315,TCGA-G4-6315-01Z-00-DX1,1,0.9873093,1
tumour/TCGA-G4-6315-01Z-00-DX1_23040_28672.jpg,TCGA-G4-6315,TCGA-G4-6315-01Z-00-DX1,1,0.9996008,1
tumour/TCGA-G4-6315-01Z-00-DX1_23040_30720.jpg,TCGA-G4-6315,TCGA-G4-6315-01Z-00-DX1,1,0.9989497,1
tumour/TCGA-G4-6315-01Z-00-DX1_23040_31744.jpg,TCGA-G4-6315,TCGA-G4-6315-01Z-00-DX1,1,0.92621714,1
tumour/TCGA-G4-6315-01Z-00-DX1_23552_16384.jpg,TCGA-G4-6315,TCGA-G4-6315-01Z-00-DX1,1,0.9998098,1
tumour/TCGA-G4-6315-01Z-00-DX1_23552_16896.jpg,TCGA-G4-6315,TCGA-G4-6315-01Z-00-DX1,1,0.9970776,1
tumour/TCGA-G4-6315-01Z-00-DX1_23552_17408.jpg,TCGA-G4-6315,TCGA-G4-6315-01Z-00-DX1,1,0.99711895,1
tumour/TCGA-G4-6315-01Z-00-DX1_23552_26624.jpg,TCGA-G4-6315,TCGA-G4-6315-01Z-00-DX1,1,0.99998164,1
tumour/TCGA-G4-6315-01Z-00-DX1_23552_28160.jpg,TCGA-G4-6315,TCGA-G4-6315-01Z-00-DX1,1,0.99810445,1
tumour/TCGA-G4-6315-01Z-00-DX1_23552_29696.jpg,TCGA-G4-6315,TCGA-G4-6315-01Z-00-DX1,1,0.9906645,1
tumour/TCGA-G4-6315-01Z-00-DX1_23552_30208.jpg,TCGA-G4-6315,TCGA-G4-6315-01Z-00-DX1,1,0.99893624,1
tumour/TCGA-G4-6315-01Z-00-DX1_23552_31232.jpg,TCGA-G4-6315,TCGA-G4-6315-01Z-00-DX1,1,0.9994491,1
tumour/TCGA-G4-6315-01Z-00-DX1_24064_13824.jpg,TCGA-G4-6315,TCGA-G4-6315-01Z-00-DX1,1,0.9998241,1
tumour/TCGA-G4-6315-01Z-00-DX1_24064_14848.jpg,TCGA-G4-6315,TCGA-G4-6315-01Z-00-DX1,1,0.9999201,1
tumour/TCGA-G4-6315-01Z-00-DX1_24064_15360.jpg,TCGA-G4-6315,TCGA-G4-6315-01Z-00-DX1,1,0.99922276,1
tumour/TCGA-G4-6315-01Z-00-DX1_24064_16384.jpg,TCGA-G4-6315,TCGA-G4-6315-01Z-00-DX1,1,0.99974734,1
tumour/TCGA-G4-6315-01Z-00-DX1_24064_17408.jpg,TCGA-G4-6315,TCGA-G4-6315-01Z-00-DX1,1,0.9976991,1
tumour/TCGA-G4-6315-01Z-00-DX1_24064_17920.jpg,TCGA-G4-6315,TCGA-G4-6315-01Z-00-DX1,1,0.9895756,1
tumour/TCGA-G4-6315-01Z-00-DX1_24064_29184.jpg,TCGA-G4-6315,TCGA-G4-6315-01Z-00-DX1,1,0.999828,1
tumour/TCGA-G4-6315-01Z-00-DX1_24064_29696.jpg,TCGA-G4-6315,TCGA-G4-6315-01Z-00-DX1,1,0.99959964,1
tumour/TCGA-G4-6315-01Z-00-DX1_24064_30208.jpg,TCGA-G4-6315,TCGA-G4-6315-01Z-00-DX1,1,0.9972843,1
tumour/TCGA-G4-6315-01Z-00-DX1_24576_11776.jpg,TCGA-G4-6315,TCGA-G4-6315-01Z-00-DX1,1,0.031440213,0
tumour/TCGA-G4-6315-01Z-00-DX1_24576_12800.jpg,TCGA-G4-6315,TCGA-G4-6315-01Z-00-DX1,1,0.9999813,1
tumour/TCGA-G4-6315-01Z-00-DX1_24576_13312.jpg,TCGA-G4-6315,TCGA-G4-6315-01Z-00-DX1,1,0.9979081,1
tumour/TCGA-G4-6315-01Z-00-DX1_24576_14336.jpg,TCGA-G4-6315,TCGA-G4-6315-01Z-00-DX1,1,0.9999951,1
tumour/TCGA-G4-6315-01Z-00-DX1_24576_15360.jpg,TCGA-G4-6315,TCGA-G4-6315-01Z-00-DX1,1,0.9945963,1
tumour/TCGA-G4-6315-01Z-00-DX1_24576_15872.jpg,TCGA-G4-6315,TCGA-G4-6315-01Z-00-DX1,1,0.99247897,1
tumour/TCGA-G4-6315-01Z-00-DX1_24576_17408.jpg,TCGA-G4-6315,TCGA-G4-6315-01Z-00-DX1,1,0.43039316,0
tumour/TCGA-G4-6315-01Z-00-DX1_24576_27648.jpg,TCGA-G4-6315,TCGA-G4-6315-01Z-00-DX1,1,0.9970504,1
tumour/TCGA-G4-6315-01Z-00-DX1_24576_28160.jpg,TCGA-G4-6315,TCGA-G4-6315-01Z-00-DX1,1,0.9999399,1
tumour/TCGA-G4-6315-01Z-00-DX1_24576_28672.jpg,TCGA-G4-6315,TCGA-G4-6315-01Z-00-DX1,1,0.99909234,1
tumour/TCGA-G4-6315-01Z-00-DX1_24576_30208.jpg,TCGA-G4-6315,TCGA-G4-6315-01Z-00-DX1,1,0.9981963,1
tumour/TCGA-G4-6315-01Z-00-DX1_24576_31232.jpg,TCGA-G4-6315,TCGA-G4-6315-01Z-00-DX1,1,0.98027897,1
tumour/TCGA-G4-6315-01Z-00-DX1_25088_12288.jpg,TCGA-G4-6315,TCGA-G4-6315-01Z-00-DX1,1,0.9933733,1
tumour/TCGA-G4-6315-01Z-00-DX1_25088_13824.jpg,TCGA-G4-6315,TCGA-G4-6315-01Z-00-DX1,1,0.98005724,1
tumour/TCGA-G4-6315-01Z-00-DX1_25088_14336.jpg,TCGA-G4-6315,TCGA-G4-6315-01Z-00-DX1,1,0.9999937,1
tumour/TCGA-G4-6315-01Z-00-DX1_25088_15360.jpg,TCGA-G4-6315,TCGA-G4-6315-01Z-00-DX1,1,0.9961045,1
tumour/TCGA-G4-6315-01Z-00-DX1_25088_16896.jpg,TCGA-G4-6315,TCGA-G4-6315-01Z-00-DX1,1,0.99559206,1
tumour/TCGA-G4-6315-01Z-00-DX1_25088_17408.jpg,TCGA-G4-6315,TCGA-G4-6315-01Z-00-DX1,1,0.983575,1
tumour/TCGA-G4-6315-01Z-00-DX1_25088_18944.jpg,TCGA-G4-6315,TCGA-G4-6315-01Z-00-DX1,1,0.9997917,1
tumour/TCGA-G4-6315-01Z-00-DX1_25088_27648.jpg,TCGA-G4-6315,TCGA-G4-6315-01Z-00-DX1,1,0.98505175,1
tumour/TCGA-G4-6315-01Z-00-DX1_25088_28160.jpg,TCGA-G4-6315,TCGA-G4-6315-01Z-00-DX1,1,0.9947166,1
tumour/TCGA-G4-6315-01Z-00-DX1_25088_29184.jpg,TCGA-G4-6315,TCGA-G4-6315-01Z-00-DX1,1,0.98062253,1
tumour/TCGA-G4-6315-01Z-00-DX1_25088_29696.jpg,TCGA-G4-6315,TCGA-G4-6315-01Z-00-DX1,1,0.9458666,1
tumour/TCGA-G4-6315-01Z-00-DX1_25088_30208.jpg,TCGA-G4-6315,TCGA-G4-6315-01Z-00-DX1,1,0.99895227,1
tumour/TCGA-G4-6315-01Z-00-DX1_25088_30720.jpg,TCGA-G4-6315,TCGA-G4-6315-01Z-00-DX1,1,0.9901355,1
tumour/TCGA-G4-6315-01Z-00-DX1_25600_11776.jpg,TCGA-G4-6315,TCGA-G4-6315-01Z-00-DX1,1,0.9967649,1
tumour/TCGA-G4-6315-01Z-00-DX1_25600_12288.jpg,TCGA-G4-6315,TCGA-G4-6315-01Z-00-DX1,1,0.9692561,1
tumour/TCGA-G4-6315-01Z-00-DX1_25600_13312.jpg,TCGA-G4-6315,TCGA-G4-6315-01Z-00-DX1,1,0.9999802,1
tumour/TCGA-G4-6315-01Z-00-DX1_25600_14336.jpg,TCGA-G4-6315,TCGA-G4-6315-01Z-00-DX1,1,0.99999475,1
tumour/TCGA-G4-6315-01Z-00-DX1_25600_15872.jpg,TCGA-G4-6315,TCGA-G4-6315-01Z-00-DX1,1,0.99200714,1
tumour/TCGA-G4-6315-01Z-00-DX1_25600_16384.jpg,TCGA-G4-6315,TCGA-G4-6315-01Z-00-DX1,1,0.9986314,1
tumour/TCGA-G4-6315-01Z-00-DX1_25600_17920.jpg,TCGA-G4-6315,TCGA-G4-6315-01Z-00-DX1,1,0.9616605,1
tumour/TCGA-G4-6315-01Z-00-DX1_25600_18944.jpg,TCGA-G4-6315,TCGA-G4-6315-01Z-00-DX1,1,0.9933007,1
tumour/TCGA-G4-6315-01Z-00-DX1_25600_29184.jpg,TCGA-G4-6315,TCGA-G4-6315-01Z-00-DX1,1,0.99474156,1
tumour/TCGA-G4-6315-01Z-00-DX1_25600_29696.jpg,TCGA-G4-6315,TCGA-G4-6315-01Z-00-DX1,1,0.9944665,1
tumour/TCGA-G4-6315-01Z-00-DX1_25600_30208.jpg,TCGA-G4-6315,TCGA-G4-6315-01Z-00-DX1,1,0.99091315,1
tumour/TCGA-G4-6315-01Z-00-DX1_26112_12288.jpg,TCGA-G4-6315,TCGA-G4-6315-01Z-00-DX1,1,0.9937443,1
tumour/TCGA-G4-6315-01Z-00-DX1_26112_13312.jpg,TCGA-G4-6315,TCGA-G4-6315-01Z-00-DX1,1,0.9993217,1
tumour/TCGA-G4-6315-01Z-00-DX1_26112_13824.jpg,TCGA-G4-6315,TCGA-G4-6315-01Z-00-DX1,1,0.99959034,1
tumour/TCGA-G4-6315-01Z-00-DX1_26112_14336.jpg,TCGA-G4-6315,TCGA-G4-6315-01Z-00-DX1,1,0.999905,1
tumour/TCGA-G4-6315-01Z-00-DX1_26112_14848.jpg,TCGA-G4-6315,TCGA-G4-6315-01Z-00-DX1,1,0.99893266,1
tumour/TCGA-G4-6315-01Z-00-DX1_26112_15872.jpg,TCGA-G4-6315,TCGA-G4-6315-01Z-00-DX1,1,0.94007397,1
tumour/TCGA-G4-6315-01Z-00-DX1_26112_17408.jpg,TCGA-G4-6315,TCGA-G4-6315-01Z-00-DX1,1,0.97189754,1
tumour/TCGA-G4-6315-01Z-00-DX1_26112_17920.jpg,TCGA-G4-6315,TCGA-G4-6315-01Z-00-DX1,1,0.9694705,1
tumour/TCGA-G4-6315-01Z-00-DX1_26112_29184.jpg,TCGA-G4-6315,TCGA-G4-6315-01Z-00-DX1,1,0.936456,1
tumour/TCGA-G4-6315-01Z-00-DX1_26112_29696.jpg,TCGA-G4-6315,TCGA-G4-6315-01Z-00-DX1,1,0.99422765,1
tumour/TCGA-G4-6315-01Z-00-DX1_26112_30208.jpg,TCGA-G4-6315,TCGA-G4-6315-01Z-00-DX1,1,0.9946794,1
tumour/TCGA-G4-6315-01Z-00-DX1_26112_31232.jpg,TCGA-G4-6315,TCGA-G4-6315-01Z-00-DX1,1,0.99995553,1
tumour/TCGA-G4-6315-01Z-00-DX1_26624_10752.jpg,TCGA-G4-6315,TCGA-G4-6315-01Z-00-DX1,1,0.96456105,1
tumour/TCGA-G4-6315-01Z-00-DX1_26624_11776.jpg,TCGA-G4-6315,TCGA-G4-6315-01Z-00-DX1,1,0.999564,1
tumour/TCGA-G4-6315-01Z-00-DX1_26624_14848.jpg,TCGA-G4-6315,TCGA-G4-6315-01Z-00-DX1,1,0.99991643,1
tumour/TCGA-G4-6315-01Z-00-DX1_26624_15360.jpg,TCGA-G4-6315,TCGA-G4-6315-01Z-00-DX1,1,0.99659073,1
tumour/TCGA-G4-6315-01Z-00-DX1_26624_16384.jpg,TCGA-G4-6315,TCGA-G4-6315-01Z-00-DX1,1,0.9965828,1
tumour/TCGA-G4-6315-01Z-00-DX1_26624_17408.jpg,TCGA-G4-6315,TCGA-G4-6315-01Z-00-DX1,1,0.99384344,1
tumour/TCGA-G4-6315-01Z-00-DX1_26624_17920.jpg,TCGA-G4-6315,TCGA-G4-6315-01Z-00-DX1,1,0.7295348,1
tumour/TCGA-G4-6315-01Z-00-DX1_26624_18432.jpg,TCGA-G4-6315,TCGA-G4-6315-01Z-00-DX1,1,0.79604685,1
tumour/TCGA-G4-6315-01Z-00-DX1_26624_30208.jpg,TCGA-G4-6315,TCGA-G4-6315-01Z-00-DX1,1,0.99476963,1
tumour/TCGA-G4-6315-01Z-00-DX1_26624_31232.jpg,TCGA-G4-6315,TCGA-G4-6315-01Z-00-DX1,1,0.99861383,1
tumour/TCGA-G4-6315-01Z-00-DX1_27136_10240.jpg,TCGA-G4-6315,TCGA-G4-6315-01Z-00-DX1,1,0.98116034,1
tumour/TCGA-G4-6315-01Z-00-DX1_27136_10752.jpg,TCGA-G4-6315,TCGA-G4-6315-01Z-00-DX1,1,0.9959921,1
tumour/TCGA-G4-6315-01Z-00-DX1_27136_11264.jpg,TCGA-G4-6315,TCGA-G4-6315-01Z-00-DX1,1,0.9999224,1
tumour/TCGA-G4-6315-01Z-00-DX1_27136_11776.jpg,TCGA-G4-6315,TCGA-G4-6315-01Z-00-DX1,1,0.99989045,1
tumour/TCGA-G4-6315-01Z-00-DX1_27136_12800.jpg,TCGA-G4-6315,TCGA-G4-6315-01Z-00-DX1,1,0.994304,1
tumour/TCGA-G4-6315-01Z-00-DX1_27136_14848.jpg,TCGA-G4-6315,TCGA-G4-6315-01Z-00-DX1,1,0.99994016,1
tumour/TCGA-G4-6315-01Z-00-DX1_27136_16384.jpg,TCGA-G4-6315,TCGA-G4-6315-01Z-00-DX1,1,0.9693284,1
tumour/TCGA-G4-6315-01Z-00-DX1_27136_16896.jpg,TCGA-G4-6315,TCGA-G4-6315-01Z-00-DX1,1,0.99937195,1
tumour/TCGA-G4-6315-01Z-00-DX1_27136_18432.jpg,TCGA-G4-6315,TCGA-G4-6315-01Z-00-DX1,1,0.99845994,1
tumour/TCGA-G4-6315-01Z-00-DX1_27136_19456.jpg,TCGA-G4-6315,TCGA-G4-6315-01Z-00-DX1,1,0.896648,1
tumour/TCGA-G4-6315-01Z-00-DX1_27136_25600.jpg,TCGA-G4-6315,TCGA-G4-6315-01Z-00-DX1,1,0.9772628,1
tumour/TCGA-G4-6315-01Z-00-DX1_27136_29696.jpg,TCGA-G4-6315,TCGA-G4-6315-01Z-00-DX1,1,0.99776626,1
tumour/TCGA-G4-6315-01Z-00-DX1_27136_30208.jpg,TCGA-G4-6315,TCGA-G4-6315-01Z-00-DX1,1,0.9934715,1
tumour/TCGA-G4-6315-01Z-00-DX1_27136_30720.jpg,TCGA-G4-6315,TCGA-G4-6315-01Z-00-DX1,1,0.9968779,1
tumour/TCGA-G4-6315-01Z-00-DX1_27136_31232.jpg,TCGA-G4-6315,TCGA-G4-6315-01Z-00-DX1,1,0.980116,1
tumour/TCGA-G4-6315-01Z-00-DX1_27648_10240.jpg,TCGA-G4-6315,TCGA-G4-6315-01Z-00-DX1,1,0.9995863,1
tumour/TCGA-G4-6315-01Z-00-DX1_27648_11776.jpg,TCGA-G4-6315,TCGA-G4-6315-01Z-00-DX1,1,0.99976367,1
tumour/TCGA-G4-6315-01Z-00-DX1_27648_12288.jpg,TCGA-G4-6315,TCGA-G4-6315-01Z-00-DX1,1,0.99999356,1
tumour/TCGA-G4-6315-01Z-00-DX1_27648_12800.jpg,TCGA-G4-6315,TCGA-G4-6315-01Z-00-DX1,1,0.99935144,1
tumour/TCGA-G4-6315-01Z-00-DX1_27648_13312.jpg,TCGA-G4-6315,TCGA-G4-6315-01Z-00-DX1,1,0.999798,1
tumour/TCGA-G4-6315-01Z-00-DX1_27648_14336.jpg,TCGA-G4-6315,TCGA-G4-6315-01Z-00-DX1,1,0.9960829,1
tumour/TCGA-G4-6315-01Z-00-DX1_27648_14848.jpg,TCGA-G4-6315,TCGA-G4-6315-01Z-00-DX1,1,0.9997774,1
tumour/TCGA-G4-6315-01Z-00-DX1_27648_17408.jpg,TCGA-G4-6315,TCGA-G4-6315-01Z-00-DX1,1,0.9995214,1
tumour/TCGA-G4-6315-01Z-00-DX1_27648_18432.jpg,TCGA-G4-6315,TCGA-G4-6315-01Z-00-DX1,1,0.9805669,1
tumour/TCGA-G4-6315-01Z-00-DX1_27648_18944.jpg,TCGA-G4-6315,TCGA-G4-6315-01Z-00-DX1,1,0.98918086,1
tumour/TCGA-G4-6315-01Z-00-DX1_27648_24064.jpg,TCGA-G4-6315,TCGA-G4-6315-01Z-00-DX1,1,0.9975631,1
tumour/TCGA-G4-6315-01Z-00-DX1_27648_25088.jpg,TCGA-G4-6315,TCGA-G4-6315-01Z-00-DX1,1,0.99446857,1
tumour/TCGA-G4-6315-01Z-00-DX1_27648_29184.jpg,TCGA-G4-6315,TCGA-G4-6315-01Z-00-DX1,1,0.99847835,1
tumour/TCGA-G4-6315-01Z-00-DX1_27648_30208.jpg,TCGA-G4-6315,TCGA-G4-6315-01Z-00-DX1,1,0.9809125,1
tumour/TCGA-G4-6315-01Z-00-DX1_27648_6656.jpg,TCGA-G4-6315,TCGA-G4-6315-01Z-00-DX1,1,0.99980396,1
tumour/TCGA-G4-6315-01Z-00-DX1_27648_9216.jpg,TCGA-G4-6315,TCGA-G4-6315-01Z-00-DX1,1,0.96037394,1
tumour/TCGA-G4-6315-01Z-00-DX1_28160_10752.jpg,TCGA-G4-6315,TCGA-G4-6315-01Z-00-DX1,1,0.9951944,1
tumour/TCGA-G4-6315-01Z-00-DX1_28160_11264.jpg,TCGA-G4-6315,TCGA-G4-6315-01Z-00-DX1,1,0.9990256,1
tumour/TCGA-G4-6315-01Z-00-DX1_28160_12800.jpg,TCGA-G4-6315,TCGA-G4-6315-01Z-00-DX1,1,0.99999166,1
tumour/TCGA-G4-6315-01Z-00-DX1_28160_13312.jpg,TCGA-G4-6315,TCGA-G4-6315-01Z-00-DX1,1,0.99843425,1
tumour/TCGA-G4-6315-01Z-00-DX1_28160_15872.jpg,TCGA-G4-6315,TCGA-G4-6315-01Z-00-DX1,1,0.997615,1
tumour/TCGA-G4-6315-01Z-00-DX1_28160_17408.jpg,TCGA-G4-6315,TCGA-G4-6315-01Z-00-DX1,1,0.9924663,1
tumour/TCGA-G4-6315-01Z-00-DX1_28160_22016.jpg,TCGA-G4-6315,TCGA-G4-6315-01Z-00-DX1,1,0.9892029,1
tumour/TCGA-G4-6315-01Z-00-DX1_28160_23040.jpg,TCGA-G4-6315,TCGA-G4-6315-01Z-00-DX1,1,0.9643254,1
tumour/TCGA-G4-6315-01Z-00-DX1_28160_24064.jpg,TCGA-G4-6315,TCGA-G4-6315-01Z-00-DX1,1,0.9883986,1
tumour/TCGA-G4-6315-01Z-00-DX1_28160_24576.jpg,TCGA-G4-6315,TCGA-G4-6315-01Z-00-DX1,1,0.9929852,1
tumour/TCGA-G4-6315-01Z-00-DX1_28160_26112.jpg,TCGA-G4-6315,TCGA-G4-6315-01Z-00-DX1,1,0.99540615,1
tumour/TCGA-G4-6315-01Z-00-DX1_28160_29184.jpg,TCGA-G4-6315,TCGA-G4-6315-01Z-00-DX1,1,0.99766016,1
tumour/TCGA-G4-6315-01Z-00-DX1_28160_30208.jpg,TCGA-G4-6315,TCGA-G4-6315-01Z-00-DX1,1,0.9969176,1
tumour/TCGA-G4-6315-01Z-00-DX1_28160_30720.jpg,TCGA-G4-6315,TCGA-G4-6315-01Z-00-DX1,1,0.9890766,1
tumour/TCGA-G4-6315-01Z-00-DX1_28160_6656.jpg,TCGA-G4-6315,TCGA-G4-6315-01Z-00-DX1,1,0.99908936,1
tumour/TCGA-G4-6315-01Z-00-DX1_28160_8704.jpg,TCGA-G4-6315,TCGA-G4-6315-01Z-00-DX1,1,0.89098823,1
tumour/TCGA-G4-6315-01Z-00-DX1_28160_9216.jpg,TCGA-G4-6315,TCGA-G4-6315-01Z-00-DX1,1,0.9959694,1
tumour/TCGA-G4-6315-01Z-00-DX1_28160_9728.jpg,TCGA-G4-6315,TCGA-G4-6315-01Z-00-DX1,1,0.99959344,1
tumour/TCGA-G4-6315-01Z-00-DX1_28672_10240.jpg,TCGA-G4-6315,TCGA-G4-6315-01Z-00-DX1,1,0.9859291,1
tumour/TCGA-G4-6315-01Z-00-DX1_28672_11264.jpg,TCGA-G4-6315,TCGA-G4-6315-01Z-00-DX1,1,0.9998093,1
tumour/TCGA-G4-6315-01Z-00-DX1_28672_12800.jpg,TCGA-G4-6315,TCGA-G4-6315-01Z-00-DX1,1,0.9995154,1
tumour/TCGA-G4-6315-01Z-00-DX1_28672_13312.jpg,TCGA-G4-6315,TCGA-G4-6315-01Z-00-DX1,1,0.9952413,1
tumour/TCGA-G4-6315-01Z-00-DX1_28672_14336.jpg,TCGA-G4-6315,TCGA-G4-6315-01Z-00-DX1,1,0.9985655,1
tumour/TCGA-G4-6315-01Z-00-DX1_28672_16384.jpg,TCGA-G4-6315,TCGA-G4-6315-01Z-00-DX1,1,0.99839455,1
tumour/TCGA-G4-6315-01Z-00-DX1_28672_16896.jpg,TCGA-G4-6315,TCGA-G4-6315-01Z-00-DX1,1,0.99808925,1
tumour/TCGA-G4-6315-01Z-00-DX1_28672_17408.jpg,TCGA-G4-6315,TCGA-G4-6315-01Z-00-DX1,1,0.98645115,1
tumour/TCGA-G4-6315-01Z-00-DX1_28672_18432.jpg,TCGA-G4-6315,TCGA-G4-6315-01Z-00-DX1,1,0.9748195,1
tumour/TCGA-G4-6315-01Z-00-DX1_28672_18944.jpg,TCGA-G4-6315,TCGA-G4-6315-01Z-00-DX1,1,0.9037713,1
tumour/TCGA-G4-6315-01Z-00-DX1_28672_21504.jpg,TCGA-G4-6315,TCGA-G4-6315-01Z-00-DX1,1,0.9967302,1
tumour/TCGA-G4-6315-01Z-00-DX1_28672_22528.jpg,TCGA-G4-6315,TCGA-G4-6315-01Z-00-DX1,1,0.9418552,1
tumour/TCGA-G4-6315-01Z-00-DX1_28672_23552.jpg,TCGA-G4-6315,TCGA-G4-6315-01Z-00-DX1,1,0.9996432,1
tumour/TCGA-G4-6315-01Z-00-DX1_28672_25088.jpg,TCGA-G4-6315,TCGA-G4-6315-01Z-00-DX1,1,0.95776796,1
tumour/TCGA-G4-6315-01Z-00-DX1_28672_25600.jpg,TCGA-G4-6315,TCGA-G4-6315-01Z-00-DX1,1,0.9974348,1
tumour/TCGA-G4-6315-01Z-00-DX1_28672_26112.jpg,TCGA-G4-6315,TCGA-G4-6315-01Z-00-DX1,1,0.5758289,1
tumour/TCGA-G4-6315-01Z-00-DX1_28672_27648.jpg,TCGA-G4-6315,TCGA-G4-6315-01Z-00-DX1,1,0.78959423,1
tumour/TCGA-G4-6315-01Z-00-DX1_28672_4608.jpg,TCGA-G4-6315,TCGA-G4-6315-01Z-00-DX1,1,0.99919075,1
tumour/TCGA-G4-6315-01Z-00-DX1_28672_6656.jpg,TCGA-G4-6315,TCGA-G4-6315-01Z-00-DX1,1,0.99988127,1
tumour/TCGA-G4-6315-01Z-00-DX1_28672_8704.jpg,TCGA-G4-6315,TCGA-G4-6315-01Z-00-DX1,1,0.9973596,1
tumour/TCGA-G4-6315-01Z-00-DX1_28672_9728.jpg,TCGA-G4-6315,TCGA-G4-6315-01Z-00-DX1,1,0.9998301,1
tumour/TCGA-G4-6315-01Z-00-DX1_29184_12288.jpg,TCGA-G4-6315,TCGA-G4-6315-01Z-00-DX1,1,0.9984389,1
tumour/TCGA-G4-6315-01Z-00-DX1_29184_13312.jpg,TCGA-G4-6315,TCGA-G4-6315-01Z-00-DX1,1,0.97462887,1
tumour/TCGA-G4-6315-01Z-00-DX1_29184_13824.jpg,TCGA-G4-6315,TCGA-G4-6315-01Z-00-DX1,1,0.85425884,1
tumour/TCGA-G4-6315-01Z-00-DX1_29184_14336.jpg,TCGA-G4-6315,TCGA-G4-6315-01Z-00-DX1,1,0.9714755,1
tumour/TCGA-G4-6315-01Z-00-DX1_29184_14848.jpg,TCGA-G4-6315,TCGA-G4-6315-01Z-00-DX1,1,0.9955819,1
tumour/TCGA-G4-6315-01Z-00-DX1_29184_15360.jpg,TCGA-G4-6315,TCGA-G4-6315-01Z-00-DX1,1,0.9995427,1
tumour/TCGA-G4-6315-01Z-00-DX1_29184_15872.jpg,TCGA-G4-6315,TCGA-G4-6315-01Z-00-DX1,1,0.9994987,1
tumour/TCGA-G4-6315-01Z-00-DX1_29184_16384.jpg,TCGA-G4-6315,TCGA-G4-6315-01Z-00-DX1,1,0.9932586,1
tumour/TCGA-G4-6315-01Z-00-DX1_29184_16896.jpg,TCGA-G4-6315,TCGA-G4-6315-01Z-00-DX1,1,0.9940957,1
tumour/TCGA-G4-6315-01Z-00-DX1_29184_17408.jpg,TCGA-G4-6315,TCGA-G4-6315-01Z-00-DX1,1,0.98427814,1
tumour/TCGA-G4-6315-01Z-00-DX1_29184_17920.jpg,TCGA-G4-6315,TCGA-G4-6315-01Z-00-DX1,1,0.80968636,1
tumour/TCGA-G4-6315-01Z-00-DX1_29184_18432.jpg,TCGA-G4-6315,TCGA-G4-6315-01Z-00-DX1,1,0.8925768,1
tumour/TCGA-G4-6315-01Z-00-DX1_29184_21504.jpg,TCGA-G4-6315,TCGA-G4-6315-01Z-00-DX1,1,0.99799466,1
tumour/TCGA-G4-6315-01Z-00-DX1_29184_24064.jpg,TCGA-G4-6315,TCGA-G4-6315-01Z-00-DX1,1,0.9993661,1
tumour/TCGA-G4-6315-01Z-00-DX1_29184_24576.jpg,TCGA-G4-6315,TCGA-G4-6315-01Z-00-DX1,1,0.9964361,1
tumour/TCGA-G4-6315-01Z-00-DX1_29184_25088.jpg,TCGA-G4-6315,TCGA-G4-6315-01Z-00-DX1,1,0.9918636,1
tumour/TCGA-G4-6315-01Z-00-DX1_29184_25600.jpg,TCGA-G4-6315,TCGA-G4-6315-01Z-00-DX1,1,0.86323386,1
tumour/TCGA-G4-6315-01Z-00-DX1_29184_26112.jpg,TCGA-G4-6315,TCGA-G4-6315-01Z-00-DX1,1,0.9695757,1
tumour/TCGA-G4-6315-01Z-00-DX1_29184_27136.jpg,TCGA-G4-6315,TCGA-G4-6315-01Z-00-DX1,1,0.7256736,1
tumour/TCGA-G4-6315-01Z-00-DX1_29184_29184.jpg,TCGA-G4-6315,TCGA-G4-6315-01Z-00-DX1,1,0.9995042,1
tumour/TCGA-G4-6315-01Z-00-DX1_29184_29696.jpg,TCGA-G4-6315,TCGA-G4-6315-01Z-00-DX1,1,0.9923504,1
tumour/TCGA-G4-6315-01Z-00-DX1_29184_30208.jpg,TCGA-G4-6315,TCGA-G4-6315-01Z-00-DX1,1,0.99778277,1
tumour/TCGA-G4-6315-01Z-00-DX1_29184_30720.jpg,TCGA-G4-6315,TCGA-G4-6315-01Z-00-DX1,1,0.9459013,1
tumour/TCGA-G4-6315-01Z-00-DX1_29184_4096.jpg,TCGA-G4-6315,TCGA-G4-6315-01Z-00-DX1,1,0.97596323,1
tumour/TCGA-G4-6315-01Z-00-DX1_29184_4608.jpg,TCGA-G4-6315,TCGA-G4-6315-01Z-00-DX1,1,0.36088,0
tumour/TCGA-G4-6315-01Z-00-DX1_29184_5120.jpg,TCGA-G4-6315,TCGA-G4-6315-01Z-00-DX1,1,0.93721724,1
tumour/TCGA-G4-6315-01Z-00-DX1_29184_6656.jpg,TCGA-G4-6315,TCGA-G4-6315-01Z-00-DX1,1,0.96875507,1
tumour/TCGA-G4-6315-01Z-00-DX1_29184_8192.jpg,TCGA-G4-6315,TCGA-G4-6315-01Z-00-DX1,1,0.9999237,1
tumour/TCGA-G4-6315-01Z-00-DX1_29184_8704.jpg,TCGA-G4-6315,TCGA-G4-6315-01Z-00-DX1,1,0.999796,1
tumour/TCGA-G4-6315-01Z-00-DX1_29184_9728.jpg,TCGA-G4-6315,TCGA-G4-6315-01Z-00-DX1,1,0.99389064,1
tumour/TCGA-G4-6315-01Z-00-DX1_29696_11264.jpg,TCGA-G4-6315,TCGA-G4-6315-01Z-00-DX1,1,0.9995167,1
tumour/TCGA-G4-6315-01Z-00-DX1_29696_11776.jpg,TCGA-G4-6315,TCGA-G4-6315-01Z-00-DX1,1,0.9979411,1
tumour/TCGA-G4-6315-01Z-00-DX1_29696_12288.jpg,TCGA-G4-6315,TCGA-G4-6315-01Z-00-DX1,1,0.99996567,1
tumour/TCGA-G4-6315-01Z-00-DX1_29696_12800.jpg,TCGA-G4-6315,TCGA-G4-6315-01Z-00-DX1,1,0.9999912,1
tumour/TCGA-G4-6315-01Z-00-DX1_29696_13312.jpg,TCGA-G4-6315,TCGA-G4-6315-01Z-00-DX1,1,0.99619824,1
tumour/TCGA-G4-6315-01Z-00-DX1_29696_14336.jpg,TCGA-G4-6315,TCGA-G4-6315-01Z-00-DX1,1,0.9996923,1
tumour/TCGA-G4-6315-01Z-00-DX1_29696_15360.jpg,TCGA-G4-6315,TCGA-G4-6315-01Z-00-DX1,1,0.9947923,1
tumour/TCGA-G4-6315-01Z-00-DX1_29696_15872.jpg,TCGA-G4-6315,TCGA-G4-6315-01Z-00-DX1,1,0.99802125,1
tumour/TCGA-G4-6315-01Z-00-DX1_29696_16896.jpg,TCGA-G4-6315,TCGA-G4-6315-01Z-00-DX1,1,0.9654789,1
tumour/TCGA-G4-6315-01Z-00-DX1_29696_17920.jpg,TCGA-G4-6315,TCGA-G4-6315-01Z-00-DX1,1,0.9969798,1
tumour/TCGA-G4-6315-01Z-00-DX1_29696_20992.jpg,TCGA-G4-6315,TCGA-G4-6315-01Z-00-DX1,1,0.98129874,1
tumour/TCGA-G4-6315-01Z-00-DX1_29696_22016.jpg,TCGA-G4-6315,TCGA-G4-6315-01Z-00-DX1,1,0.9439686,1
tumour/TCGA-G4-6315-01Z-00-DX1_29696_22528.jpg,TCGA-G4-6315,TCGA-G4-6315-01Z-00-DX1,1,0.99890673,1
tumour/TCGA-G4-6315-01Z-00-DX1_29696_24064.jpg,TCGA-G4-6315,TCGA-G4-6315-01Z-00-DX1,1,0.98952603,1
tumour/TCGA-G4-6315-01Z-00-DX1_29696_25088.jpg,TCGA-G4-6315,TCGA-G4-6315-01Z-00-DX1,1,0.97351867,1
tumour/TCGA-G4-6315-01Z-00-DX1_29696_26624.jpg,TCGA-G4-6315,TCGA-G4-6315-01Z-00-DX1,1,0.9678614,1
tumour/TCGA-G4-6315-01Z-00-DX1_29696_27136.jpg,TCGA-G4-6315,TCGA-G4-6315-01Z-00-DX1,1,0.9528139,1
tumour/TCGA-G4-6315-01Z-00-DX1_29696_29696.jpg,TCGA-G4-6315,TCGA-G4-6315-01Z-00-DX1,1,0.9987796,1
tumour/TCGA-G4-6315-01Z-00-DX1_29696_30720.jpg,TCGA-G4-6315,TCGA-G4-6315-01Z-00-DX1,1,0.81998044,1
tumour/TCGA-G4-6315-01Z-00-DX1_29696_4608.jpg,TCGA-G4-6315,TCGA-G4-6315-01Z-00-DX1,1,0.41567466,0
tumour/TCGA-G4-6315-01Z-00-DX1_29696_5120.jpg,TCGA-G4-6315,TCGA-G4-6315-01Z-00-DX1,1,0.998028,1
tumour/TCGA-G4-6315-01Z-00-DX1_29696_7680.jpg,TCGA-G4-6315,TCGA-G4-6315-01Z-00-DX1,1,0.99996436,1
tumour/TCGA-G4-6315-01Z-00-DX1_29696_8192.jpg,TCGA-G4-6315,TCGA-G4-6315-01Z-00-DX1,1,0.9999927,1
tumour/TCGA-G4-6315-01Z-00-DX1_29696_8704.jpg,TCGA-G4-6315,TCGA-G4-6315-01Z-00-DX1,1,0.99926776,1
tumour/TCGA-G4-6315-01Z-00-DX1_29696_9216.jpg,TCGA-G4-6315,TCGA-G4-6315-01Z-00-DX1,1,0.9640959,1
tumour/TCGA-G4-6315-01Z-00-DX1_29696_9728.jpg,TCGA-G4-6315,TCGA-G4-6315-01Z-00-DX1,1,0.99994457,1
tumour/TCGA-G4-6315-01Z-00-DX1_30208_12288.jpg,TCGA-G4-6315,TCGA-G4-6315-01Z-00-DX1,1,0.99943775,1
tumour/TCGA-G4-6315-01Z-00-DX1_30208_13824.jpg,TCGA-G4-6315,TCGA-G4-6315-01Z-00-DX1,1,0.99547845,1
tumour/TCGA-G4-6315-01Z-00-DX1_30208_15360.jpg,TCGA-G4-6315,TCGA-G4-6315-01Z-00-DX1,1,0.9254266,1
tumour/TCGA-G4-6315-01Z-00-DX1_30208_16384.jpg,TCGA-G4-6315,TCGA-G4-6315-01Z-00-DX1,1,0.99469674,1
tumour/TCGA-G4-6315-01Z-00-DX1_30208_17408.jpg,TCGA-G4-6315,TCGA-G4-6315-01Z-00-DX1,1,0.9954267,1
tumour/TCGA-G4-6315-01Z-00-DX1_30208_17920.jpg,TCGA-G4-6315,TCGA-G4-6315-01Z-00-DX1,1,0.99331456,1
tumour/TCGA-G4-6315-01Z-00-DX1_30208_18432.jpg,TCGA-G4-6315,TCGA-G4-6315-01Z-00-DX1,1,0.99657273,1
tumour/TCGA-G4-6315-01Z-00-DX1_30208_19968.jpg,TCGA-G4-6315,TCGA-G4-6315-01Z-00-DX1,1,0.8939524,1
tumour/TCGA-G4-6315-01Z-00-DX1_30208_22016.jpg,TCGA-G4-6315,TCGA-G4-6315-01Z-00-DX1,1,0.9897826,1
tumour/TCGA-G4-6315-01Z-00-DX1_30208_22528.jpg,TCGA-G4-6315,TCGA-G4-6315-01Z-00-DX1,1,0.9832114,1
tumour/TCGA-G4-6315-01Z-00-DX1_30208_23040.jpg,TCGA-G4-6315,TCGA-G4-6315-01Z-00-DX1,1,0.8402021,1
tumour/TCGA-G4-6315-01Z-00-DX1_30208_23552.jpg,TCGA-G4-6315,TCGA-G4-6315-01Z-00-DX1,1,0.9958878,1
tumour/TCGA-G4-6315-01Z-00-DX1_30208_24064.jpg,TCGA-G4-6315,TCGA-G4-6315-01Z-00-DX1,1,0.9872126,1
tumour/TCGA-G4-6315-01Z-00-DX1_30208_25088.jpg,TCGA-G4-6315,TCGA-G4-6315-01Z-00-DX1,1,0.9084239,1
tumour/TCGA-G4-6315-01Z-00-DX1_30208_26112.jpg,TCGA-G4-6315,TCGA-G4-6315-01Z-00-DX1,1,0.97883874,1
tumour/TCGA-G4-6315-01Z-00-DX1_30208_26624.jpg,TCGA-G4-6315,TCGA-G4-6315-01Z-00-DX1,1,0.99071115,1
tumour/TCGA-G4-6315-01Z-00-DX1_30208_27136.jpg,TCGA-G4-6315,TCGA-G4-6315-01Z-00-DX1,1,0.9951271,1
tumour/TCGA-G4-6315-01Z-00-DX1_30208_27648.jpg,TCGA-G4-6315,TCGA-G4-6315-01Z-00-DX1,1,0.9986669,1
tumour/TCGA-G4-6315-01Z-00-DX1_30208_29696.jpg,TCGA-G4-6315,TCGA-G4-6315-01Z-00-DX1,1,0.99990904,1
tumour/TCGA-G4-6315-01Z-00-DX1_30208_30208.jpg,TCGA-G4-6315,TCGA-G4-6315-01Z-00-DX1,1,0.99726874,1
tumour/TCGA-G4-6315-01Z-00-DX1_30208_4096.jpg,TCGA-G4-6315,TCGA-G4-6315-01Z-00-DX1,1,0.980796,1
tumour/TCGA-G4-6315-01Z-00-DX1_30208_4608.jpg,TCGA-G4-6315,TCGA-G4-6315-01Z-00-DX1,1,0.9801189,1
tumour/TCGA-G4-6315-01Z-00-DX1_30208_5120.jpg,TCGA-G4-6315,TCGA-G4-6315-01Z-00-DX1,1,0.9322546,1
tumour/TCGA-G4-6315-01Z-00-DX1_30208_7680.jpg,TCGA-G4-6315,TCGA-G4-6315-01Z-00-DX1,1,0.99988246,1
tumour/TCGA-G4-6315-01Z-00-DX1_30208_9216.jpg,TCGA-G4-6315,TCGA-G4-6315-01Z-00-DX1,1,0.9538146,1
tumour/TCGA-G4-6315-01Z-00-DX1_30208_9728.jpg,TCGA-G4-6315,TCGA-G4-6315-01Z-00-DX1,1,0.9989504,1
tumour/TCGA-G4-6315-01Z-00-DX1_30720_11264.jpg,TCGA-G4-6315,TCGA-G4-6315-01Z-00-DX1,1,0.99605346,1
tumour/TCGA-G4-6315-01Z-00-DX1_30720_14336.jpg,TCGA-G4-6315,TCGA-G4-6315-01Z-00-DX1,1,0.9980653,1
tumour/TCGA-G4-6315-01Z-00-DX1_30720_15360.jpg,TCGA-G4-6315,TCGA-G4-6315-01Z-00-DX1,1,0.5479143,1
tumour/TCGA-G4-6315-01Z-00-DX1_30720_16896.jpg,TCGA-G4-6315,TCGA-G4-6315-01Z-00-DX1,1,0.9954542,1
tumour/TCGA-G4-6315-01Z-00-DX1_30720_17408.jpg,TCGA-G4-6315,TCGA-G4-6315-01Z-00-DX1,1,0.93363094,1
tumour/TCGA-G4-6315-01Z-00-DX1_30720_18432.jpg,TCGA-G4-6315,TCGA-G4-6315-01Z-00-DX1,1,0.9614779,1
tumour/TCGA-G4-6315-01Z-00-DX1_30720_20480.jpg,TCGA-G4-6315,TCGA-G4-6315-01Z-00-DX1,1,0.99667954,1
tumour/TCGA-G4-6315-01Z-00-DX1_30720_20992.jpg,TCGA-G4-6315,TCGA-G4-6315-01Z-00-DX1,1,0.997905,1
tumour/TCGA-G4-6315-01Z-00-DX1_30720_21504.jpg,TCGA-G4-6315,TCGA-G4-6315-01Z-00-DX1,1,0.99351317,1
tumour/TCGA-G4-6315-01Z-00-DX1_30720_22528.jpg,TCGA-G4-6315,TCGA-G4-6315-01Z-00-DX1,1,0.99665654,1
tumour/TCGA-G4-6315-01Z-00-DX1_30720_25088.jpg,TCGA-G4-6315,TCGA-G4-6315-01Z-00-DX1,1,0.98285365,1
tumour/TCGA-G4-6315-01Z-00-DX1_30720_25600.jpg,TCGA-G4-6315,TCGA-G4-6315-01Z-00-DX1,1,0.99939716,1
tumour/TCGA-G4-6315-01Z-00-DX1_30720_26624.jpg,TCGA-G4-6315,TCGA-G4-6315-01Z-00-DX1,1,0.99957365,1
tumour/TCGA-G4-6315-01Z-00-DX1_30720_27136.jpg,TCGA-G4-6315,TCGA-G4-6315-01Z-00-DX1,1,0.9878812,1
tumour/TCGA-G4-6315-01Z-00-DX1_30720_30720.jpg,TCGA-G4-6315,TCGA-G4-6315-01Z-00-DX1,1,0.74927235,1
tumour/TCGA-G4-6315-01Z-00-DX1_30720_5120.jpg,TCGA-G4-6315,TCGA-G4-6315-01Z-00-DX1,1,0.99922,1
tumour/TCGA-G4-6315-01Z-00-DX1_30720_8192.jpg,TCGA-G4-6315,TCGA-G4-6315-01Z-00-DX1,1,0.9983883,1
tumour/TCGA-G4-6315-01Z-00-DX1_30720_8704.jpg,TCGA-G4-6315,TCGA-G4-6315-01Z-00-DX1,1,0.9976884,1
tumour/TCGA-G4-6315-01Z-00-DX1_30720_9728.jpg,TCGA-G4-6315,TCGA-G4-6315-01Z-00-DX1,1,0.99440634,1
tumour/TCGA-G4-6315-01Z-00-DX1_31232_10240.jpg,TCGA-G4-6315,TCGA-G4-6315-01Z-00-DX1,1,0.999508,1
tumour/TCGA-G4-6315-01Z-00-DX1_31232_11264.jpg,TCGA-G4-6315,TCGA-G4-6315-01Z-00-DX1,1,0.74618447,1
tumour/TCGA-G4-6315-01Z-00-DX1_31232_12800.jpg,TCGA-G4-6315,TCGA-G4-6315-01Z-00-DX1,1,0.9944541,1
tumour/TCGA-G4-6315-01Z-00-DX1_31232_13824.jpg,TCGA-G4-6315,TCGA-G4-6315-01Z-00-DX1,1,0.9975319,1
tumour/TCGA-G4-6315-01Z-00-DX1_31232_14848.jpg,TCGA-G4-6315,TCGA-G4-6315-01Z-00-DX1,1,0.99832267,1
tumour/TCGA-G4-6315-01Z-00-DX1_31232_15360.jpg,TCGA-G4-6315,TCGA-G4-6315-01Z-00-DX1,1,0.9978169,1
tumour/TCGA-G4-6315-01Z-00-DX1_31232_16384.jpg,TCGA-G4-6315,TCGA-G4-6315-01Z-00-DX1,1,0.83254856,1
tumour/TCGA-G4-6315-01Z-00-DX1_31232_16896.jpg,TCGA-G4-6315,TCGA-G4-6315-01Z-00-DX1,1,0.99138874,1
tumour/TCGA-G4-6315-01Z-00-DX1_31232_17408.jpg,TCGA-G4-6315,TCGA-G4-6315-01Z-00-DX1,1,0.8684038,1
tumour/TCGA-G4-6315-01Z-00-DX1_31232_18944.jpg,TCGA-G4-6315,TCGA-G4-6315-01Z-00-DX1,1,0.9997441,1
tumour/TCGA-G4-6315-01Z-00-DX1_31232_20480.jpg,TCGA-G4-6315,TCGA-G4-6315-01Z-00-DX1,1,0.9666482,1
tumour/TCGA-G4-6315-01Z-00-DX1_31232_22016.jpg,TCGA-G4-6315,TCGA-G4-6315-01Z-00-DX1,1,0.99986696,1
tumour/TCGA-G4-6315-01Z-00-DX1_31232_23040.jpg,TCGA-G4-6315,TCGA-G4-6315-01Z-00-DX1,1,0.9997038,1
tumour/TCGA-G4-6315-01Z-00-DX1_31232_24064.jpg,TCGA-G4-6315,TCGA-G4-6315-01Z-00-DX1,1,0.9857662,1
tumour/TCGA-G4-6315-01Z-00-DX1_31232_24576.jpg,TCGA-G4-6315,TCGA-G4-6315-01Z-00-DX1,1,0.9955551,1
tumour/TCGA-G4-6315-01Z-00-DX1_31232_25600.jpg,TCGA-G4-6315,TCGA-G4-6315-01Z-00-DX1,1,0.9914323,1
tumour/TCGA-G4-6315-01Z-00-DX1_31232_26112.jpg,TCGA-G4-6315,TCGA-G4-6315-01Z-00-DX1,1,0.97325677,1
tumour/TCGA-G4-6315-01Z-00-DX1_31232_26624.jpg,TCGA-G4-6315,TCGA-G4-6315-01Z-00-DX1,1,0.85208464,1
tumour/TCGA-G4-6315-01Z-00-DX1_31232_29184.jpg,TCGA-G4-6315,TCGA-G4-6315-01Z-00-DX1,1,0.99476445,1
tumour/TCGA-G4-6315-01Z-00-DX1_31232_30208.jpg,TCGA-G4-6315,TCGA-G4-6315-01Z-00-DX1,1,0.9986166,1
tumour/TCGA-G4-6315-01Z-00-DX1_31232_5120.jpg,TCGA-G4-6315,TCGA-G4-6315-01Z-00-DX1,1,0.9983903,1
tumour/TCGA-G4-6315-01Z-00-DX1_31232_6656.jpg,TCGA-G4-6315,TCGA-G4-6315-01Z-00-DX1,1,0.9851736,1
tumour/TCGA-G4-6315-01Z-00-DX1_31232_8192.jpg,TCGA-G4-6315,TCGA-G4-6315-01Z-00-DX1,1,0.9999007,1
tumour/TCGA-G4-6315-01Z-00-DX1_31232_9216.jpg,TCGA-G4-6315,TCGA-G4-6315-01Z-00-DX1,1,0.99631613,1
tumour/TCGA-G4-6315-01Z-00-DX1_31744_14336.jpg,TCGA-G4-6315,TCGA-G4-6315-01Z-00-DX1,1,0.79976857,1
tumour/TCGA-G4-6315-01Z-00-DX1_31744_16384.jpg,TCGA-G4-6315,TCGA-G4-6315-01Z-00-DX1,1,0.9572153,1
tumour/TCGA-G4-6315-01Z-00-DX1_31744_17920.jpg,TCGA-G4-6315,TCGA-G4-6315-01Z-00-DX1,1,0.99822825,1
tumour/TCGA-G4-6315-01Z-00-DX1_31744_22016.jpg,TCGA-G4-6315,TCGA-G4-6315-01Z-00-DX1,1,0.9908206,1
tumour/TCGA-G4-6315-01Z-00-DX1_31744_22528.jpg,TCGA-G4-6315,TCGA-G4-6315-01Z-00-DX1,1,0.99995697,1
tumour/TCGA-G4-6315-01Z-00-DX1_31744_23552.jpg,TCGA-G4-6315,TCGA-G4-6315-01Z-00-DX1,1,0.9974738,1
tumour/TCGA-G4-6315-01Z-00-DX1_31744_25600.jpg,TCGA-G4-6315,TCGA-G4-6315-01Z-00-DX1,1,0.9946365,1
tumour/TCGA-G4-6315-01Z-00-DX1_31744_26112.jpg,TCGA-G4-6315,TCGA-G4-6315-01Z-00-DX1,1,0.9890342,1
tumour/TCGA-G4-6315-01Z-00-DX1_31744_26624.jpg,TCGA-G4-6315,TCGA-G4-6315-01Z-00-DX1,1,0.9941836,1
tumour/TCGA-G4-6315-01Z-00-DX1_31744_29184.jpg,TCGA-G4-6315,TCGA-G4-6315-01Z-00-DX1,1,0.9969981,1
tumour/TCGA-G4-6315-01Z-00-DX1_31744_29696.jpg,TCGA-G4-6315,TCGA-G4-6315-01Z-00-DX1,1,0.9995647,1
tumour/TCGA-G4-6315-01Z-00-DX1_31744_8704.jpg,TCGA-G4-6315,TCGA-G4-6315-01Z-00-DX1,1,0.99887866,1
tumour/TCGA-G4-6315-01Z-00-DX1_32256_10752.jpg,TCGA-G4-6315,TCGA-G4-6315-01Z-00-DX1,1,0.99659353,1
tumour/TCGA-G4-6315-01Z-00-DX1_32256_11264.jpg,TCGA-G4-6315,TCGA-G4-6315-01Z-00-DX1,1,0.9999968,1
tumour/TCGA-G4-6315-01Z-00-DX1_32256_12288.jpg,TCGA-G4-6315,TCGA-G4-6315-01Z-00-DX1,1,0.9902013,1
tumour/TCGA-G4-6315-01Z-00-DX1_32256_13824.jpg,TCGA-G4-6315,TCGA-G4-6315-01Z-00-DX1,1,0.9731848,1
tumour/TCGA-G4-6315-01Z-00-DX1_32256_14336.jpg,TCGA-G4-6315,TCGA-G4-6315-01Z-00-DX1,1,0.99624854,1
tumour/TCGA-G4-6315-01Z-00-DX1_32256_14848.jpg,TCGA-G4-6315,TCGA-G4-6315-01Z-00-DX1,1,0.99396294,1
tumour/TCGA-G4-6315-01Z-00-DX1_32256_15360.jpg,TCGA-G4-6315,TCGA-G4-6315-01Z-00-DX1,1,0.9999651,1
tumour/TCGA-G4-6315-01Z-00-DX1_32256_15872.jpg,TCGA-G4-6315,TCGA-G4-6315-01Z-00-DX1,1,0.99831223,1
tumour/TCGA-G4-6315-01Z-00-DX1_32256_17408.jpg,TCGA-G4-6315,TCGA-G4-6315-01Z-00-DX1,1,0.99923027,1
tumour/TCGA-G4-6315-01Z-00-DX1_32256_20480.jpg,TCGA-G4-6315,TCGA-G4-6315-01Z-00-DX1,1,0.99597484,1
tumour/TCGA-G4-6315-01Z-00-DX1_32256_20992.jpg,TCGA-G4-6315,TCGA-G4-6315-01Z-00-DX1,1,0.9978302,1
tumour/TCGA-G4-6315-01Z-00-DX1_32256_21504.jpg,TCGA-G4-6315,TCGA-G4-6315-01Z-00-DX1,1,0.9325807,1
tumour/TCGA-G4-6315-01Z-00-DX1_32256_22016.jpg,TCGA-G4-6315,TCGA-G4-6315-01Z-00-DX1,1,0.9076789,1
tumour/TCGA-G4-6315-01Z-00-DX1_32256_23040.jpg,TCGA-G4-6315,TCGA-G4-6315-01Z-00-DX1,1,0.9985127,1
tumour/TCGA-G4-6315-01Z-00-DX1_32256_24576.jpg,TCGA-G4-6315,TCGA-G4-6315-01Z-00-DX1,1,0.9727613,1
tumour/TCGA-G4-6315-01Z-00-DX1_32256_26112.jpg,TCGA-G4-6315,TCGA-G4-6315-01Z-00-DX1,1,0.92769206,1
tumour/TCGA-G4-6315-01Z-00-DX1_32256_26624.jpg,TCGA-G4-6315,TCGA-G4-6315-01Z-00-DX1,1,0.9928861,1
tumour/TCGA-G4-6315-01Z-00-DX1_32256_28672.jpg,TCGA-G4-6315,TCGA-G4-6315-01Z-00-DX1,1,0.9989711,1
tumour/TCGA-G4-6315-01Z-00-DX1_32256_29184.jpg,TCGA-G4-6315,TCGA-G4-6315-01Z-00-DX1,1,0.8566986,1
tumour/TCGA-G4-6315-01Z-00-DX1_32256_4608.jpg,TCGA-G4-6315,TCGA-G4-6315-01Z-00-DX1,1,0.992008,1
tumour/TCGA-G4-6315-01Z-00-DX1_32256_5120.jpg,TCGA-G4-6315,TCGA-G4-6315-01Z-00-DX1,1,0.7014781,1
tumour/TCGA-G4-6315-01Z-00-DX1_32256_6144.jpg,TCGA-G4-6315,TCGA-G4-6315-01Z-00-DX1,1,0.99993837,1
tumour/TCGA-G4-6315-01Z-00-DX1_32256_6656.jpg,TCGA-G4-6315,TCGA-G4-6315-01Z-00-DX1,1,0.9980806,1
tumour/TCGA-G4-6315-01Z-00-DX1_32768_12288.jpg,TCGA-G4-6315,TCGA-G4-6315-01Z-00-DX1,1,0.99326384,1
tumour/TCGA-G4-6315-01Z-00-DX1_32768_14336.jpg,TCGA-G4-6315,TCGA-G4-6315-01Z-00-DX1,1,0.5238026,1
tumour/TCGA-G4-6315-01Z-00-DX1_32768_14848.jpg,TCGA-G4-6315,TCGA-G4-6315-01Z-00-DX1,1,0.7473991,1
tumour/TCGA-G4-6315-01Z-00-DX1_32768_16384.jpg,TCGA-G4-6315,TCGA-G4-6315-01Z-00-DX1,1,0.9769082,1
tumour/TCGA-G4-6315-01Z-00-DX1_32768_17920.jpg,TCGA-G4-6315,TCGA-G4-6315-01Z-00-DX1,1,0.94021654,1
tumour/TCGA-G4-6315-01Z-00-DX1_32768_18944.jpg,TCGA-G4-6315,TCGA-G4-6315-01Z-00-DX1,1,0.9993912,1
tumour/TCGA-G4-6315-01Z-00-DX1_32768_20992.jpg,TCGA-G4-6315,TCGA-G4-6315-01Z-00-DX1,1,0.98296344,1
tumour/TCGA-G4-6315-01Z-00-DX1_32768_22016.jpg,TCGA-G4-6315,TCGA-G4-6315-01Z-00-DX1,1,0.994055,1
tumour/TCGA-G4-6315-01Z-00-DX1_32768_22528.jpg,TCGA-G4-6315,TCGA-G4-6315-01Z-00-DX1,1,0.9981567,1
tumour/TCGA-G4-6315-01Z-00-DX1_32768_28672.jpg,TCGA-G4-6315,TCGA-G4-6315-01Z-00-DX1,1,0.9955147,1
tumour/TCGA-G4-6315-01Z-00-DX1_32768_29184.jpg,TCGA-G4-6315,TCGA-G4-6315-01Z-00-DX1,1,0.9933454,1
tumour/TCGA-G4-6315-01Z-00-DX1_32768_29696.jpg,TCGA-G4-6315,TCGA-G4-6315-01Z-00-DX1,1,0.99985063,1
tumour/TCGA-G4-6315-01Z-00-DX1_32768_4608.jpg,TCGA-G4-6315,TCGA-G4-6315-01Z-00-DX1,1,0.9994518,1
tumour/TCGA-G4-6315-01Z-00-DX1_32768_6144.jpg,TCGA-G4-6315,TCGA-G4-6315-01Z-00-DX1,1,0.986782,1
tumour/TCGA-G4-6315-01Z-00-DX1_32768_6656.jpg,TCGA-G4-6315,TCGA-G4-6315-01Z-00-DX1,1,0.9995042,1
tumour/TCGA-G4-6315-01Z-00-DX1_32768_7168.jpg,TCGA-G4-6315,TCGA-G4-6315-01Z-00-DX1,1,0.9997652,1
tumour/TCGA-G4-6315-01Z-00-DX1_32768_7680.jpg,TCGA-G4-6315,TCGA-G4-6315-01Z-00-DX1,1,0.9998735,1
tumour/TCGA-G4-6315-01Z-00-DX1_32768_8704.jpg,TCGA-G4-6315,TCGA-G4-6315-01Z-00-DX1,1,0.9994253,1
tumour/TCGA-G4-6315-01Z-00-DX1_32768_9216.jpg,TCGA-G4-6315,TCGA-G4-6315-01Z-00-DX1,1,0.99544144,1
tumour/TCGA-G4-6315-01Z-00-DX1_33280_10752.jpg,TCGA-G4-6315,TCGA-G4-6315-01Z-00-DX1,1,0.9943236,1
tumour/TCGA-G4-6315-01Z-00-DX1_33280_11264.jpg,TCGA-G4-6315,TCGA-G4-6315-01Z-00-DX1,1,0.7236261,1
tumour/TCGA-G4-6315-01Z-00-DX1_33280_12288.jpg,TCGA-G4-6315,TCGA-G4-6315-01Z-00-DX1,1,0.9987785,1
tumour/TCGA-G4-6315-01Z-00-DX1_33280_13312.jpg,TCGA-G4-6315,TCGA-G4-6315-01Z-00-DX1,1,0.9990386,1
tumour/TCGA-G4-6315-01Z-00-DX1_33280_13824.jpg,TCGA-G4-6315,TCGA-G4-6315-01Z-00-DX1,1,0.6211349,1
tumour/TCGA-G4-6315-01Z-00-DX1_33280_14336.jpg,TCGA-G4-6315,TCGA-G4-6315-01Z-00-DX1,1,0.96692866,1
tumour/TCGA-G4-6315-01Z-00-DX1_33280_15360.jpg,TCGA-G4-6315,TCGA-G4-6315-01Z-00-DX1,1,0.91667044,1
tumour/TCGA-G4-6315-01Z-00-DX1_33280_16384.jpg,TCGA-G4-6315,TCGA-G4-6315-01Z-00-DX1,1,0.99984777,1
tumour/TCGA-G4-6315-01Z-00-DX1_33280_17408.jpg,TCGA-G4-6315,TCGA-G4-6315-01Z-00-DX1,1,0.9983303,1
tumour/TCGA-G4-6315-01Z-00-DX1_33280_20480.jpg,TCGA-G4-6315,TCGA-G4-6315-01Z-00-DX1,1,0.9999783,1
tumour/TCGA-G4-6315-01Z-00-DX1_33280_20992.jpg,TCGA-G4-6315,TCGA-G4-6315-01Z-00-DX1,1,0.98467594,1
tumour/TCGA-G4-6315-01Z-00-DX1_33280_23040.jpg,TCGA-G4-6315,TCGA-G4-6315-01Z-00-DX1,1,0.9982906,1
tumour/TCGA-G4-6315-01Z-00-DX1_33280_24064.jpg,TCGA-G4-6315,TCGA-G4-6315-01Z-00-DX1,1,0.99995434,1
tumour/TCGA-G4-6315-01Z-00-DX1_33280_24576.jpg,TCGA-G4-6315,TCGA-G4-6315-01Z-00-DX1,1,0.857727,1
tumour/TCGA-G4-6315-01Z-00-DX1_33280_25088.jpg,TCGA-G4-6315,TCGA-G4-6315-01Z-00-DX1,1,0.9707135,1
tumour/TCGA-G4-6315-01Z-00-DX1_33280_26624.jpg,TCGA-G4-6315,TCGA-G4-6315-01Z-00-DX1,1,0.9633406,1
tumour/TCGA-G4-6315-01Z-00-DX1_33280_27648.jpg,TCGA-G4-6315,TCGA-G4-6315-01Z-00-DX1,1,0.98794353,1
tumour/TCGA-G4-6315-01Z-00-DX1_33280_29184.jpg,TCGA-G4-6315,TCGA-G4-6315-01Z-00-DX1,1,0.9907624,1
tumour/TCGA-G4-6315-01Z-00-DX1_33280_30720.jpg,TCGA-G4-6315,TCGA-G4-6315-01Z-00-DX1,1,0.99842095,1
tumour/TCGA-G4-6315-01Z-00-DX1_33280_31744.jpg,TCGA-G4-6315,TCGA-G4-6315-01Z-00-DX1,1,0.97975343,1
tumour/TCGA-G4-6315-01Z-00-DX1_33280_4608.jpg,TCGA-G4-6315,TCGA-G4-6315-01Z-00-DX1,1,0.9999014,1
tumour/TCGA-G4-6315-01Z-00-DX1_33280_5632.jpg,TCGA-G4-6315,TCGA-G4-6315-01Z-00-DX1,1,0.99971336,1
tumour/TCGA-G4-6315-01Z-00-DX1_33280_7168.jpg,TCGA-G4-6315,TCGA-G4-6315-01Z-00-DX1,1,0.9997303,1
tumour/TCGA-G4-6315-01Z-00-DX1_33280_8704.jpg,TCGA-G4-6315,TCGA-G4-6315-01Z-00-DX1,1,0.9278181,1
tumour/TCGA-G4-6315-01Z-00-DX1_33280_9216.jpg,TCGA-G4-6315,TCGA-G4-6315-01Z-00-DX1,1,0.999778,1
tumour/TCGA-G4-6315-01Z-00-DX1_33280_9728.jpg,TCGA-G4-6315,TCGA-G4-6315-01Z-00-DX1,1,0.94988376,1
tumour/TCGA-G4-6315-01Z-00-DX1_33792_11264.jpg,TCGA-G4-6315,TCGA-G4-6315-01Z-00-DX1,1,0.99684167,1
tumour/TCGA-G4-6315-01Z-00-DX1_33792_12800.jpg,TCGA-G4-6315,TCGA-G4-6315-01Z-00-DX1,1,0.9980557,1
tumour/TCGA-G4-6315-01Z-00-DX1_33792_13312.jpg,TCGA-G4-6315,TCGA-G4-6315-01Z-00-DX1,1,0.99751496,1
tumour/TCGA-G4-6315-01Z-00-DX1_33792_14848.jpg,TCGA-G4-6315,TCGA-G4-6315-01Z-00-DX1,1,0.9575174,1
tumour/TCGA-G4-6315-01Z-00-DX1_33792_16384.jpg,TCGA-G4-6315,TCGA-G4-6315-01Z-00-DX1,1,0.9993019,1
tumour/TCGA-G4-6315-01Z-00-DX1_33792_16896.jpg,TCGA-G4-6315,TCGA-G4-6315-01Z-00-DX1,1,0.9999397,1
tumour/TCGA-G4-6315-01Z-00-DX1_33792_17408.jpg,TCGA-G4-6315,TCGA-G4-6315-01Z-00-DX1,1,0.99505544,1
tumour/TCGA-G4-6315-01Z-00-DX1_33792_17920.jpg,TCGA-G4-6315,TCGA-G4-6315-01Z-00-DX1,1,0.9926246,1
tumour/TCGA-G4-6315-01Z-00-DX1_33792_20992.jpg,TCGA-G4-6315,TCGA-G4-6315-01Z-00-DX1,1,0.99606484,1
tumour/TCGA-G4-6315-01Z-00-DX1_33792_21504.jpg,TCGA-G4-6315,TCGA-G4-6315-01Z-00-DX1,1,0.9995728,1
tumour/TCGA-G4-6315-01Z-00-DX1_33792_22016.jpg,TCGA-G4-6315,TCGA-G4-6315-01Z-00-DX1,1,0.9939505,1
tumour/TCGA-G4-6315-01Z-00-DX1_33792_23040.jpg,TCGA-G4-6315,TCGA-G4-6315-01Z-00-DX1,1,0.99665725,1
tumour/TCGA-G4-6315-01Z-00-DX1_33792_24064.jpg,TCGA-G4-6315,TCGA-G4-6315-01Z-00-DX1,1,0.9886982,1
tumour/TCGA-G4-6315-01Z-00-DX1_33792_25088.jpg,TCGA-G4-6315,TCGA-G4-6315-01Z-00-DX1,1,0.080920964,0
tumour/TCGA-G4-6315-01Z-00-DX1_33792_26624.jpg,TCGA-G4-6315,TCGA-G4-6315-01Z-00-DX1,1,0.52697754,1
tumour/TCGA-G4-6315-01Z-00-DX1_33792_27136.jpg,TCGA-G4-6315,TCGA-G4-6315-01Z-00-DX1,1,0.99668723,1
tumour/TCGA-G4-6315-01Z-00-DX1_33792_28672.jpg,TCGA-G4-6315,TCGA-G4-6315-01Z-00-DX1,1,0.99982375,1
tumour/TCGA-G4-6315-01Z-00-DX1_33792_29184.jpg,TCGA-G4-6315,TCGA-G4-6315-01Z-00-DX1,1,0.9970504,1
tumour/TCGA-G4-6315-01Z-00-DX1_33792_29696.jpg,TCGA-G4-6315,TCGA-G4-6315-01Z-00-DX1,1,0.8673172,1
tumour/TCGA-G4-6315-01Z-00-DX1_33792_31232.jpg,TCGA-G4-6315,TCGA-G4-6315-01Z-00-DX1,1,0.99094385,1
tumour/TCGA-G4-6315-01Z-00-DX1_33792_31744.jpg,TCGA-G4-6315,TCGA-G4-6315-01Z-00-DX1,1,0.9991743,1
tumour/TCGA-G4-6315-01Z-00-DX1_33792_6656.jpg,TCGA-G4-6315,TCGA-G4-6315-01Z-00-DX1,1,0.993743,1
tumour/TCGA-G4-6315-01Z-00-DX1_33792_7168.jpg,TCGA-G4-6315,TCGA-G4-6315-01Z-00-DX1,1,0.9453493,1
tumour/TCGA-G4-6315-01Z-00-DX1_33792_8192.jpg,TCGA-G4-6315,TCGA-G4-6315-01Z-00-DX1,1,0.44495848,0
tumour/TCGA-G4-6315-01Z-00-DX1_33792_8704.jpg,TCGA-G4-6315,TCGA-G4-6315-01Z-00-DX1,1,0.99991024,1
tumour/TCGA-G4-6315-01Z-00-DX1_34304_10752.jpg,TCGA-G4-6315,TCGA-G4-6315-01Z-00-DX1,1,0.99966097,1
tumour/TCGA-G4-6315-01Z-00-DX1_34304_11264.jpg,TCGA-G4-6315,TCGA-G4-6315-01Z-00-DX1,1,0.98265624,1
tumour/TCGA-G4-6315-01Z-00-DX1_34304_11776.jpg,TCGA-G4-6315,TCGA-G4-6315-01Z-00-DX1,1,0.9997403,1
tumour/TCGA-G4-6315-01Z-00-DX1_34304_12288.jpg,TCGA-G4-6315,TCGA-G4-6315-01Z-00-DX1,1,0.99797684,1
tumour/TCGA-G4-6315-01Z-00-DX1_34304_13312.jpg,TCGA-G4-6315,TCGA-G4-6315-01Z-00-DX1,1,0.9956533,1
tumour/TCGA-G4-6315-01Z-00-DX1_34304_13824.jpg,TCGA-G4-6315,TCGA-G4-6315-01Z-00-DX1,1,0.98921376,1
tumour/TCGA-G4-6315-01Z-00-DX1_34304_17408.jpg,TCGA-G4-6315,TCGA-G4-6315-01Z-00-DX1,1,0.99537367,1
tumour/TCGA-G4-6315-01Z-00-DX1_34304_17920.jpg,TCGA-G4-6315,TCGA-G4-6315-01Z-00-DX1,1,0.99788374,1
tumour/TCGA-G4-6315-01Z-00-DX1_34304_18432.jpg,TCGA-G4-6315,TCGA-G4-6315-01Z-00-DX1,1,0.99433243,1
tumour/TCGA-G4-6315-01Z-00-DX1_34304_22016.jpg,TCGA-G4-6315,TCGA-G4-6315-01Z-00-DX1,1,0.9956078,1
tumour/TCGA-G4-6315-01Z-00-DX1_34304_22528.jpg,TCGA-G4-6315,TCGA-G4-6315-01Z-00-DX1,1,0.99936634,1
tumour/TCGA-G4-6315-01Z-00-DX1_34304_23040.jpg,TCGA-G4-6315,TCGA-G4-6315-01Z-00-DX1,1,0.99952245,1
tumour/TCGA-G4-6315-01Z-00-DX1_34304_23552.jpg,TCGA-G4-6315,TCGA-G4-6315-01Z-00-DX1,1,0.99512744,1
tumour/TCGA-G4-6315-01Z-00-DX1_34304_26112.jpg,TCGA-G4-6315,TCGA-G4-6315-01Z-00-DX1,1,0.99966705,1
tumour/TCGA-G4-6315-01Z-00-DX1_34304_27136.jpg,TCGA-G4-6315,TCGA-G4-6315-01Z-00-DX1,1,0.9974038,1
tumour/TCGA-G4-6315-01Z-00-DX1_34304_30208.jpg,TCGA-G4-6315,TCGA-G4-6315-01Z-00-DX1,1,0.998094,1
tumour/TCGA-G4-6315-01Z-00-DX1_34304_30720.jpg,TCGA-G4-6315,TCGA-G4-6315-01Z-00-DX1,1,0.9992866,1
tumour/TCGA-G4-6315-01Z-00-DX1_34304_31232.jpg,TCGA-G4-6315,TCGA-G4-6315-01Z-00-DX1,1,0.9986821,1
tumour/TCGA-G4-6315-01Z-00-DX1_34304_31744.jpg,TCGA-G4-6315,TCGA-G4-6315-01Z-00-DX1,1,0.54807323,1
tumour/TCGA-G4-6315-01Z-00-DX1_34304_5632.jpg,TCGA-G4-6315,TCGA-G4-6315-01Z-00-DX1,1,0.99998164,1
tumour/TCGA-G4-6315-01Z-00-DX1_34304_6144.jpg,TCGA-G4-6315,TCGA-G4-6315-01Z-00-DX1,1,0.9999927,1
tumour/TCGA-G4-6315-01Z-00-DX1_34816_11264.jpg,TCGA-G4-6315,TCGA-G4-6315-01Z-00-DX1,1,0.9999348,1
tumour/TCGA-G4-6315-01Z-00-DX1_34816_11776.jpg,TCGA-G4-6315,TCGA-G4-6315-01Z-00-DX1,1,0.99865425,1
tumour/TCGA-G4-6315-01Z-00-DX1_34816_12800.jpg,TCGA-G4-6315,TCGA-G4-6315-01Z-00-DX1,1,0.99989355,1
tumour/TCGA-G4-6315-01Z-00-DX1_34816_13312.jpg,TCGA-G4-6315,TCGA-G4-6315-01Z-00-DX1,1,0.9957307,1
tumour/TCGA-G4-6315-01Z-00-DX1_34816_17408.jpg,TCGA-G4-6315,TCGA-G4-6315-01Z-00-DX1,1,0.99428165,1
tumour/TCGA-G4-6315-01Z-00-DX1_34816_17920.jpg,TCGA-G4-6315,TCGA-G4-6315-01Z-00-DX1,1,0.998415,1
tumour/TCGA-G4-6315-01Z-00-DX1_34816_18432.jpg,TCGA-G4-6315,TCGA-G4-6315-01Z-00-DX1,1,0.99933344,1
tumour/TCGA-G4-6315-01Z-00-DX1_34816_18944.jpg,TCGA-G4-6315,TCGA-G4-6315-01Z-00-DX1,1,0.9744455,1
tumour/TCGA-G4-6315-01Z-00-DX1_34816_21504.jpg,TCGA-G4-6315,TCGA-G4-6315-01Z-00-DX1,1,0.9918035,1
tumour/TCGA-G4-6315-01Z-00-DX1_34816_22016.jpg,TCGA-G4-6315,TCGA-G4-6315-01Z-00-DX1,1,0.98906356,1
tumour/TCGA-G4-6315-01Z-00-DX1_34816_23040.jpg,TCGA-G4-6315,TCGA-G4-6315-01Z-00-DX1,1,0.99995565,1
tumour/TCGA-G4-6315-01Z-00-DX1_34816_24064.jpg,TCGA-G4-6315,TCGA-G4-6315-01Z-00-DX1,1,0.9987828,1
tumour/TCGA-G4-6315-01Z-00-DX1_34816_27648.jpg,TCGA-G4-6315,TCGA-G4-6315-01Z-00-DX1,1,0.33197722,0
tumour/TCGA-G4-6315-01Z-00-DX1_34816_28672.jpg,TCGA-G4-6315,TCGA-G4-6315-01Z-00-DX1,1,0.9811947,1
tumour/TCGA-G4-6315-01Z-00-DX1_34816_29696.jpg,TCGA-G4-6315,TCGA-G4-6315-01Z-00-DX1,1,0.98907465,1
tumour/TCGA-G4-6315-01Z-00-DX1_34816_8704.jpg,TCGA-G4-6315,TCGA-G4-6315-01Z-00-DX1,1,0.9998338,1
tumour/TCGA-G4-6315-01Z-00-DX1_34816_9216.jpg,TCGA-G4-6315,TCGA-G4-6315-01Z-00-DX1,1,0.994591,1
tumour/TCGA-G4-6315-01Z-00-DX1_34816_9728.jpg,TCGA-G4-6315,TCGA-G4-6315-01Z-00-DX1,1,0.99990964,1
tumour/TCGA-G4-6315-01Z-00-DX1_35328_10240.jpg,TCGA-G4-6315,TCGA-G4-6315-01Z-00-DX1,1,0.99898165,1
tumour/TCGA-G4-6315-01Z-00-DX1_35328_10752.jpg,TCGA-G4-6315,TCGA-G4-6315-01Z-00-DX1,1,0.99414,1
tumour/TCGA-G4-6315-01Z-00-DX1_35328_11264.jpg,TCGA-G4-6315,TCGA-G4-6315-01Z-00-DX1,1,0.99461323,1
tumour/TCGA-G4-6315-01Z-00-DX1_35328_12288.jpg,TCGA-G4-6315,TCGA-G4-6315-01Z-00-DX1,1,0.9806896,1
tumour/TCGA-G4-6315-01Z-00-DX1_35328_12800.jpg,TCGA-G4-6315,TCGA-G4-6315-01Z-00-DX1,1,0.9995098,1
tumour/TCGA-G4-6315-01Z-00-DX1_35328_13312.jpg,TCGA-G4-6315,TCGA-G4-6315-01Z-00-DX1,1,0.997361,1
tumour/TCGA-G4-6315-01Z-00-DX1_35328_13824.jpg,TCGA-G4-6315,TCGA-G4-6315-01Z-00-DX1,1,0.9958073,1
tumour/TCGA-G4-6315-01Z-00-DX1_35328_15360.jpg,TCGA-G4-6315,TCGA-G4-6315-01Z-00-DX1,1,0.999049,1
tumour/TCGA-G4-6315-01Z-00-DX1_35328_15872.jpg,TCGA-G4-6315,TCGA-G4-6315-01Z-00-DX1,1,0.99972457,1
tumour/TCGA-G4-6315-01Z-00-DX1_35328_16384.jpg,TCGA-G4-6315,TCGA-G4-6315-01Z-00-DX1,1,0.9994848,1
tumour/TCGA-G4-6315-01Z-00-DX1_35328_16896.jpg,TCGA-G4-6315,TCGA-G4-6315-01Z-00-DX1,1,0.9959288,1
tumour/TCGA-G4-6315-01Z-00-DX1_35328_18432.jpg,TCGA-G4-6315,TCGA-G4-6315-01Z-00-DX1,1,0.99985373,1
tumour/TCGA-G4-6315-01Z-00-DX1_35328_22016.jpg,TCGA-G4-6315,TCGA-G4-6315-01Z-00-DX1,1,0.964884,1
tumour/TCGA-G4-6315-01Z-00-DX1_35328_22528.jpg,TCGA-G4-6315,TCGA-G4-6315-01Z-00-DX1,1,0.9990896,1
tumour/TCGA-G4-6315-01Z-00-DX1_35328_23040.jpg,TCGA-G4-6315,TCGA-G4-6315-01Z-00-DX1,1,0.99983776,1
tumour/TCGA-G4-6315-01Z-00-DX1_35328_23552.jpg,TCGA-G4-6315,TCGA-G4-6315-01Z-00-DX1,1,0.9998839,1
tumour/TCGA-G4-6315-01Z-00-DX1_35328_26624.jpg,TCGA-G4-6315,TCGA-G4-6315-01Z-00-DX1,1,0.96386456,1
tumour/TCGA-G4-6315-01Z-00-DX1_35328_27648.jpg,TCGA-G4-6315,TCGA-G4-6315-01Z-00-DX1,1,0.9651558,1
tumour/TCGA-G4-6315-01Z-00-DX1_35328_28160.jpg,TCGA-G4-6315,TCGA-G4-6315-01Z-00-DX1,1,0.99926704,1
tumour/TCGA-G4-6315-01Z-00-DX1_35328_6144.jpg,TCGA-G4-6315,TCGA-G4-6315-01Z-00-DX1,1,0.97948384,1
tumour/TCGA-G4-6315-01Z-00-DX1_35328_8192.jpg,TCGA-G4-6315,TCGA-G4-6315-01Z-00-DX1,1,0.9995777,1
tumour/TCGA-G4-6315-01Z-00-DX1_35328_9728.jpg,TCGA-G4-6315,TCGA-G4-6315-01Z-00-DX1,1,0.9994149,1
tumour/TCGA-G4-6315-01Z-00-DX1_35840_12800.jpg,TCGA-G4-6315,TCGA-G4-6315-01Z-00-DX1,1,0.9685883,1
tumour/TCGA-G4-6315-01Z-00-DX1_35840_14336.jpg,TCGA-G4-6315,TCGA-G4-6315-01Z-00-DX1,1,0.93772286,1
tumour/TCGA-G4-6315-01Z-00-DX1_35840_15360.jpg,TCGA-G4-6315,TCGA-G4-6315-01Z-00-DX1,1,0.99296665,1
tumour/TCGA-G4-6315-01Z-00-DX1_35840_15872.jpg,TCGA-G4-6315,TCGA-G4-6315-01Z-00-DX1,1,0.9999734,1
tumour/TCGA-G4-6315-01Z-00-DX1_35840_18432.jpg,TCGA-G4-6315,TCGA-G4-6315-01Z-00-DX1,1,0.9921483,1
tumour/TCGA-G4-6315-01Z-00-DX1_35840_22528.jpg,TCGA-G4-6315,TCGA-G4-6315-01Z-00-DX1,1,0.99955076,1
tumour/TCGA-G4-6315-01Z-00-DX1_35840_23040.jpg,TCGA-G4-6315,TCGA-G4-6315-01Z-00-DX1,1,0.9996099,1
tumour/TCGA-G4-6315-01Z-00-DX1_35840_23552.jpg,TCGA-G4-6315,TCGA-G4-6315-01Z-00-DX1,1,0.98714113,1
tumour/TCGA-G4-6315-01Z-00-DX1_35840_24064.jpg,TCGA-G4-6315,TCGA-G4-6315-01Z-00-DX1,1,0.98760265,1
tumour/TCGA-G4-6315-01Z-00-DX1_35840_26624.jpg,TCGA-G4-6315,TCGA-G4-6315-01Z-00-DX1,1,0.9968593,1
tumour/TCGA-G4-6315-01Z-00-DX1_35840_27136.jpg,TCGA-G4-6315,TCGA-G4-6315-01Z-00-DX1,1,0.99963903,1
tumour/TCGA-G4-6315-01Z-00-DX1_35840_27648.jpg,TCGA-G4-6315,TCGA-G4-6315-01Z-00-DX1,1,0.95434105,1
tumour/TCGA-G4-6315-01Z-00-DX1_35840_28160.jpg,TCGA-G4-6315,TCGA-G4-6315-01Z-00-DX1,1,0.9872916,1
tumour/TCGA-G4-6315-01Z-00-DX1_35840_29696.jpg,TCGA-G4-6315,TCGA-G4-6315-01Z-00-DX1,1,0.9997482,1
tumour/TCGA-G4-6315-01Z-00-DX1_35840_30720.jpg,TCGA-G4-6315,TCGA-G4-6315-01Z-00-DX1,1,0.97828865,1
tumour/TCGA-G4-6315-01Z-00-DX1_35840_5632.jpg,TCGA-G4-6315,TCGA-G4-6315-01Z-00-DX1,1,0.99425113,1
tumour/TCGA-G4-6315-01Z-00-DX1_35840_8192.jpg,TCGA-G4-6315,TCGA-G4-6315-01Z-00-DX1,1,0.89194417,1
tumour/TCGA-G4-6315-01Z-00-DX1_36352_10752.jpg,TCGA-G4-6315,TCGA-G4-6315-01Z-00-DX1,1,0.9998165,1
tumour/TCGA-G4-6315-01Z-00-DX1_36352_12800.jpg,TCGA-G4-6315,TCGA-G4-6315-01Z-00-DX1,1,0.99971956,1
tumour/TCGA-G4-6315-01Z-00-DX1_36352_13312.jpg,TCGA-G4-6315,TCGA-G4-6315-01Z-00-DX1,1,0.9982147,1
tumour/TCGA-G4-6315-01Z-00-DX1_36352_16896.jpg,TCGA-G4-6315,TCGA-G4-6315-01Z-00-DX1,1,0.9983753,1
tumour/TCGA-G4-6315-01Z-00-DX1_36352_27648.jpg,TCGA-G4-6315,TCGA-G4-6315-01Z-00-DX1,1,0.9981831,1
tumour/TCGA-G4-6315-01Z-00-DX1_36352_29184.jpg,TCGA-G4-6315,TCGA-G4-6315-01Z-00-DX1,1,0.99772674,1
tumour/TCGA-G4-6315-01Z-00-DX1_36352_6144.jpg,TCGA-G4-6315,TCGA-G4-6315-01Z-00-DX1,1,0.97621584,1
tumour/TCGA-G4-6315-01Z-00-DX1_36352_8704.jpg,TCGA-G4-6315,TCGA-G4-6315-01Z-00-DX1,1,0.9998154,1
tumour/TCGA-G4-6315-01Z-00-DX1_36352_9728.jpg,TCGA-G4-6315,TCGA-G4-6315-01Z-00-DX1,1,0.99075377,1
tumour/TCGA-G4-6315-01Z-00-DX1_36864_10240.jpg,TCGA-G4-6315,TCGA-G4-6315-01Z-00-DX1,1,0.9838848,1
tumour/TCGA-G4-6315-01Z-00-DX1_36864_11776.jpg,TCGA-G4-6315,TCGA-G4-6315-01Z-00-DX1,1,0.99602133,1
tumour/TCGA-G4-6315-01Z-00-DX1_36864_12288.jpg,TCGA-G4-6315,TCGA-G4-6315-01Z-00-DX1,1,0.99105996,1
tumour/TCGA-G4-6315-01Z-00-DX1_36864_15360.jpg,TCGA-G4-6315,TCGA-G4-6315-01Z-00-DX1,1,0.9966762,1
tumour/TCGA-G4-6315-01Z-00-DX1_36864_15872.jpg,TCGA-G4-6315,TCGA-G4-6315-01Z-00-DX1,1,0.98679197,1
tumour/TCGA-G4-6315-01Z-00-DX1_36864_16896.jpg,TCGA-G4-6315,TCGA-G4-6315-01Z-00-DX1,1,0.9998703,1
tumour/TCGA-G4-6315-01Z-00-DX1_36864_17408.jpg,TCGA-G4-6315,TCGA-G4-6315-01Z-00-DX1,1,0.99960226,1
tumour/TCGA-G4-6315-01Z-00-DX1_36864_22016.jpg,TCGA-G4-6315,TCGA-G4-6315-01Z-00-DX1,1,0.99291575,1
tumour/TCGA-G4-6315-01Z-00-DX1_36864_24064.jpg,TCGA-G4-6315,TCGA-G4-6315-01Z-00-DX1,1,0.999313,1
tumour/TCGA-G4-6315-01Z-00-DX1_36864_24576.jpg,TCGA-G4-6315,TCGA-G4-6315-01Z-00-DX1,1,0.9996854,1
tumour/TCGA-G4-6315-01Z-00-DX1_36864_25600.jpg,TCGA-G4-6315,TCGA-G4-6315-01Z-00-DX1,1,0.89457417,1
tumour/TCGA-G4-6315-01Z-00-DX1_36864_29184.jpg,TCGA-G4-6315,TCGA-G4-6315-01Z-00-DX1,1,0.99821943,1
tumour/TCGA-G4-6315-01Z-00-DX1_36864_4608.jpg,TCGA-G4-6315,TCGA-G4-6315-01Z-00-DX1,1,0.9977859,1
tumour/TCGA-G4-6315-01Z-00-DX1_36864_8192.jpg,TCGA-G4-6315,TCGA-G4-6315-01Z-00-DX1,1,0.99999225,1
tumour/TCGA-G4-6315-01Z-00-DX1_36864_9216.jpg,TCGA-G4-6315,TCGA-G4-6315-01Z-00-DX1,1,0.9988558,1
tumour/TCGA-G4-6315-01Z-00-DX1_36864_9728.jpg,TCGA-G4-6315,TCGA-G4-6315-01Z-00-DX1,1,0.9894198,1
tumour/TCGA-G4-6315-01Z-00-DX1_37376_10752.jpg,TCGA-G4-6315,TCGA-G4-6315-01Z-00-DX1,1,0.99793494,1
tumour/TCGA-G4-6315-01Z-00-DX1_37376_11264.jpg,TCGA-G4-6315,TCGA-G4-6315-01Z-00-DX1,1,0.99724674,1
tumour/TCGA-G4-6315-01Z-00-DX1_37376_11776.jpg,TCGA-G4-6315,TCGA-G4-6315-01Z-00-DX1,1,0.98464394,1
tumour/TCGA-G4-6315-01Z-00-DX1_37376_12800.jpg,TCGA-G4-6315,TCGA-G4-6315-01Z-00-DX1,1,0.9986929,1
tumour/TCGA-G4-6315-01Z-00-DX1_37376_15872.jpg,TCGA-G4-6315,TCGA-G4-6315-01Z-00-DX1,1,0.9881293,1
tumour/TCGA-G4-6315-01Z-00-DX1_37376_16896.jpg,TCGA-G4-6315,TCGA-G4-6315-01Z-00-DX1,1,0.9973568,1
tumour/TCGA-G4-6315-01Z-00-DX1_37376_17920.jpg,TCGA-G4-6315,TCGA-G4-6315-01Z-00-DX1,1,0.9998437,1
tumour/TCGA-G4-6315-01Z-00-DX1_37376_22016.jpg,TCGA-G4-6315,TCGA-G4-6315-01Z-00-DX1,1,0.96627206,1
tumour/TCGA-G4-6315-01Z-00-DX1_37376_22528.jpg,TCGA-G4-6315,TCGA-G4-6315-01Z-00-DX1,1,0.9980737,1
tumour/TCGA-G4-6315-01Z-00-DX1_37376_23040.jpg,TCGA-G4-6315,TCGA-G4-6315-01Z-00-DX1,1,0.9996586,1
tumour/TCGA-G4-6315-01Z-00-DX1_37376_25600.jpg,TCGA-G4-6315,TCGA-G4-6315-01Z-00-DX1,1,0.9970804,1
tumour/TCGA-G4-6315-01Z-00-DX1_37376_26112.jpg,TCGA-G4-6315,TCGA-G4-6315-01Z-00-DX1,1,0.9991605,1
tumour/TCGA-G4-6315-01Z-00-DX1_37376_27648.jpg,TCGA-G4-6315,TCGA-G4-6315-01Z-00-DX1,1,0.9257301,1
tumour/TCGA-G4-6315-01Z-00-DX1_37376_28160.jpg,TCGA-G4-6315,TCGA-G4-6315-01Z-00-DX1,1,0.92350036,1
tumour/TCGA-G4-6315-01Z-00-DX1_37376_29696.jpg,TCGA-G4-6315,TCGA-G4-6315-01Z-00-DX1,1,0.9950545,1
tumour/TCGA-G4-6315-01Z-00-DX1_37376_7680.jpg,TCGA-G4-6315,TCGA-G4-6315-01Z-00-DX1,1,0.99250174,1
tumour/TCGA-G4-6315-01Z-00-DX1_37376_8192.jpg,TCGA-G4-6315,TCGA-G4-6315-01Z-00-DX1,1,0.9990113,1
tumour/TCGA-G4-6315-01Z-00-DX1_37376_8704.jpg,TCGA-G4-6315,TCGA-G4-6315-01Z-00-DX1,1,0.99603647,1
tumour/TCGA-G4-6315-01Z-00-DX1_37376_9216.jpg,TCGA-G4-6315,TCGA-G4-6315-01Z-00-DX1,1,0.99990916,1
tumour/TCGA-G4-6315-01Z-00-DX1_37376_9728.jpg,TCGA-G4-6315,TCGA-G4-6315-01Z-00-DX1,1,0.998206,1
tumour/TCGA-G4-6315-01Z-00-DX1_37888_10240.jpg,TCGA-G4-6315,TCGA-G4-6315-01Z-00-DX1,1,0.9998981,1
tumour/TCGA-G4-6315-01Z-00-DX1_37888_10752.jpg,TCGA-G4-6315,TCGA-G4-6315-01Z-00-DX1,1,0.99966145,1
tumour/TCGA-G4-6315-01Z-00-DX1_37888_11264.jpg,TCGA-G4-6315,TCGA-G4-6315-01Z-00-DX1,1,0.99986315,1
tumour/TCGA-G4-6315-01Z-00-DX1_37888_11776.jpg,TCGA-G4-6315,TCGA-G4-6315-01Z-00-DX1,1,0.99962246,1
tumour/TCGA-G4-6315-01Z-00-DX1_37888_12288.jpg,TCGA-G4-6315,TCGA-G4-6315-01Z-00-DX1,1,0.998384,1
tumour/TCGA-G4-6315-01Z-00-DX1_37888_12800.jpg,TCGA-G4-6315,TCGA-G4-6315-01Z-00-DX1,1,0.9985316,1
tumour/TCGA-G4-6315-01Z-00-DX1_37888_13312.jpg,TCGA-G4-6315,TCGA-G4-6315-01Z-00-DX1,1,0.99905545,1
tumour/TCGA-G4-6315-01Z-00-DX1_37888_14848.jpg,TCGA-G4-6315,TCGA-G4-6315-01Z-00-DX1,1,0.99957484,1
tumour/TCGA-G4-6315-01Z-00-DX1_37888_15360.jpg,TCGA-G4-6315,TCGA-G4-6315-01Z-00-DX1,1,0.87999135,1
tumour/TCGA-G4-6315-01Z-00-DX1_37888_15872.jpg,TCGA-G4-6315,TCGA-G4-6315-01Z-00-DX1,1,0.99973875,1
tumour/TCGA-G4-6315-01Z-00-DX1_37888_16384.jpg,TCGA-G4-6315,TCGA-G4-6315-01Z-00-DX1,1,0.991462,1
tumour/TCGA-G4-6315-01Z-00-DX1_37888_17920.jpg,TCGA-G4-6315,TCGA-G4-6315-01Z-00-DX1,1,0.9988187,1
tumour/TCGA-G4-6315-01Z-00-DX1_37888_22016.jpg,TCGA-G4-6315,TCGA-G4-6315-01Z-00-DX1,1,0.9964527,1
tumour/TCGA-G4-6315-01Z-00-DX1_37888_23040.jpg,TCGA-G4-6315,TCGA-G4-6315-01Z-00-DX1,1,0.9953341,1
tumour/TCGA-G4-6315-01Z-00-DX1_37888_23552.jpg,TCGA-G4-6315,TCGA-G4-6315-01Z-00-DX1,1,0.980963,1
tumour/TCGA-G4-6315-01Z-00-DX1_37888_24064.jpg,TCGA-G4-6315,TCGA-G4-6315-01Z-00-DX1,1,0.99383533,1
tumour/TCGA-G4-6315-01Z-00-DX1_37888_25088.jpg,TCGA-G4-6315,TCGA-G4-6315-01Z-00-DX1,1,0.99378246,1
tumour/TCGA-G4-6315-01Z-00-DX1_37888_27136.jpg,TCGA-G4-6315,TCGA-G4-6315-01Z-00-DX1,1,0.9898497,1
tumour/TCGA-G4-6315-01Z-00-DX1_37888_27648.jpg,TCGA-G4-6315,TCGA-G4-6315-01Z-00-DX1,1,0.8478689,1
tumour/TCGA-G4-6315-01Z-00-DX1_37888_28160.jpg,TCGA-G4-6315,TCGA-G4-6315-01Z-00-DX1,1,0.67538756,1
tumour/TCGA-G4-6315-01Z-00-DX1_37888_28672.jpg,TCGA-G4-6315,TCGA-G4-6315-01Z-00-DX1,1,0.82042855,1
tumour/TCGA-G4-6315-01Z-00-DX1_37888_29184.jpg,TCGA-G4-6315,TCGA-G4-6315-01Z-00-DX1,1,0.9987219,1
tumour/TCGA-G4-6315-01Z-00-DX1_37888_29696.jpg,TCGA-G4-6315,TCGA-G4-6315-01Z-00-DX1,1,0.91237205,1
tumour/TCGA-G4-6315-01Z-00-DX1_37888_6144.jpg,TCGA-G4-6315,TCGA-G4-6315-01Z-00-DX1,1,0.99801505,1
tumour/TCGA-G4-6315-01Z-00-DX1_37888_7168.jpg,TCGA-G4-6315,TCGA-G4-6315-01Z-00-DX1,1,0.9986584,1
tumour/TCGA-G4-6315-01Z-00-DX1_37888_8704.jpg,TCGA-G4-6315,TCGA-G4-6315-01Z-00-DX1,1,0.997012,1
tumour/TCGA-G4-6315-01Z-00-DX1_37888_9216.jpg,TCGA-G4-6315,TCGA-G4-6315-01Z-00-DX1,1,0.9754792,1
tumour/TCGA-G4-6315-01Z-00-DX1_37888_9728.jpg,TCGA-G4-6315,TCGA-G4-6315-01Z-00-DX1,1,0.99993885,1
tumour/TCGA-G4-6315-01Z-00-DX1_38400_11264.jpg,TCGA-G4-6315,TCGA-G4-6315-01Z-00-DX1,1,0.9905757,1
tumour/TCGA-G4-6315-01Z-00-DX1_38400_12288.jpg,TCGA-G4-6315,TCGA-G4-6315-01Z-00-DX1,1,0.9853887,1
tumour/TCGA-G4-6315-01Z-00-DX1_38400_13824.jpg,TCGA-G4-6315,TCGA-G4-6315-01Z-00-DX1,1,0.997396,1
tumour/TCGA-G4-6315-01Z-00-DX1_38400_15360.jpg,TCGA-G4-6315,TCGA-G4-6315-01Z-00-DX1,1,0.099837564,0
tumour/TCGA-G4-6315-01Z-00-DX1_38400_15872.jpg,TCGA-G4-6315,TCGA-G4-6315-01Z-00-DX1,1,0.9989742,1
tumour/TCGA-G4-6315-01Z-00-DX1_38400_16384.jpg,TCGA-G4-6315,TCGA-G4-6315-01Z-00-DX1,1,0.9909343,1
tumour/TCGA-G4-6315-01Z-00-DX1_38400_16896.jpg,TCGA-G4-6315,TCGA-G4-6315-01Z-00-DX1,1,0.99898654,1
tumour/TCGA-G4-6315-01Z-00-DX1_38400_18432.jpg,TCGA-G4-6315,TCGA-G4-6315-01Z-00-DX1,1,0.99984336,1
tumour/TCGA-G4-6315-01Z-00-DX1_38400_23040.jpg,TCGA-G4-6315,TCGA-G4-6315-01Z-00-DX1,1,0.9927443,1
tumour/TCGA-G4-6315-01Z-00-DX1_38400_23552.jpg,TCGA-G4-6315,TCGA-G4-6315-01Z-00-DX1,1,0.95919913,1
tumour/TCGA-G4-6315-01Z-00-DX1_38400_24576.jpg,TCGA-G4-6315,TCGA-G4-6315-01Z-00-DX1,1,0.9857656,1
tumour/TCGA-G4-6315-01Z-00-DX1_38400_25088.jpg,TCGA-G4-6315,TCGA-G4-6315-01Z-00-DX1,1,0.98930025,1
tumour/TCGA-G4-6315-01Z-00-DX1_38400_25600.jpg,TCGA-G4-6315,TCGA-G4-6315-01Z-00-DX1,1,0.9989691,1
tumour/TCGA-G4-6315-01Z-00-DX1_38400_26112.jpg,TCGA-G4-6315,TCGA-G4-6315-01Z-00-DX1,1,0.8272523,1
tumour/TCGA-G4-6315-01Z-00-DX1_38400_27136.jpg,TCGA-G4-6315,TCGA-G4-6315-01Z-00-DX1,1,0.97996545,1
tumour/TCGA-G4-6315-01Z-00-DX1_38400_28160.jpg,TCGA-G4-6315,TCGA-G4-6315-01Z-00-DX1,1,0.6283547,1
tumour/TCGA-G4-6315-01Z-00-DX1_38400_6144.jpg,TCGA-G4-6315,TCGA-G4-6315-01Z-00-DX1,1,0.9967493,1
tumour/TCGA-G4-6315-01Z-00-DX1_38400_7168.jpg,TCGA-G4-6315,TCGA-G4-6315-01Z-00-DX1,1,0.9975635,1
tumour/TCGA-G4-6315-01Z-00-DX1_38400_9728.jpg,TCGA-G4-6315,TCGA-G4-6315-01Z-00-DX1,1,0.99987423,1
tumour/TCGA-G4-6315-01Z-00-DX1_38912_16384.jpg,TCGA-G4-6315,TCGA-G4-6315-01Z-00-DX1,1,0.9964503,1
tumour/TCGA-G4-6315-01Z-00-DX1_38912_16896.jpg,TCGA-G4-6315,TCGA-G4-6315-01Z-00-DX1,1,0.9977101,1
tumour/TCGA-G4-6315-01Z-00-DX1_38912_18432.jpg,TCGA-G4-6315,TCGA-G4-6315-01Z-00-DX1,1,0.9943757,1
tumour/TCGA-G4-6315-01Z-00-DX1_38912_22528.jpg,TCGA-G4-6315,TCGA-G4-6315-01Z-00-DX1,1,0.9998103,1
tumour/TCGA-G4-6315-01Z-00-DX1_38912_23552.jpg,TCGA-G4-6315,TCGA-G4-6315-01Z-00-DX1,1,0.9999951,1
tumour/TCGA-G4-6315-01Z-00-DX1_38912_24576.jpg,TCGA-G4-6315,TCGA-G4-6315-01Z-00-DX1,1,0.9996692,1
tumour/TCGA-G4-6315-01Z-00-DX1_38912_25088.jpg,TCGA-G4-6315,TCGA-G4-6315-01Z-00-DX1,1,0.944202,1
tumour/TCGA-G4-6315-01Z-00-DX1_38912_25600.jpg,TCGA-G4-6315,TCGA-G4-6315-01Z-00-DX1,1,0.97577953,1
tumour/TCGA-G4-6315-01Z-00-DX1_38912_26112.jpg,TCGA-G4-6315,TCGA-G4-6315-01Z-00-DX1,1,0.83411545,1
tumour/TCGA-G4-6315-01Z-00-DX1_38912_6144.jpg,TCGA-G4-6315,TCGA-G4-6315-01Z-00-DX1,1,0.99937683,1
tumour/TCGA-G4-6315-01Z-00-DX1_38912_6656.jpg,TCGA-G4-6315,TCGA-G4-6315-01Z-00-DX1,1,0.9918526,1
tumour/TCGA-G4-6315-01Z-00-DX1_38912_7168.jpg,TCGA-G4-6315,TCGA-G4-6315-01Z-00-DX1,1,0.9994747,1
tumour/TCGA-G4-6315-01Z-00-DX1_38912_8192.jpg,TCGA-G4-6315,TCGA-G4-6315-01Z-00-DX1,1,0.9999604,1
tumour/TCGA-G4-6315-01Z-00-DX1_38912_8704.jpg,TCGA-G4-6315,TCGA-G4-6315-01Z-00-DX1,1,0.99522346,1
tumour/TCGA-G4-6315-01Z-00-DX1_38912_9216.jpg,TCGA-G4-6315,TCGA-G4-6315-01Z-00-DX1,1,0.9994616,1
tumour/TCGA-G4-6315-01Z-00-DX1_39424_10240.jpg,TCGA-G4-6315,TCGA-G4-6315-01Z-00-DX1,1,0.99991643,1
tumour/TCGA-G4-6315-01Z-00-DX1_39424_14848.jpg,TCGA-G4-6315,TCGA-G4-6315-01Z-00-DX1,1,0.9971993,1
tumour/TCGA-G4-6315-01Z-00-DX1_39424_15872.jpg,TCGA-G4-6315,TCGA-G4-6315-01Z-00-DX1,1,0.9992198,1
tumour/TCGA-G4-6315-01Z-00-DX1_39424_16896.jpg,TCGA-G4-6315,TCGA-G4-6315-01Z-00-DX1,1,0.99928135,1
tumour/TCGA-G4-6315-01Z-00-DX1_39424_22528.jpg,TCGA-G4-6315,TCGA-G4-6315-01Z-00-DX1,1,0.9979779,1
tumour/TCGA-G4-6315-01Z-00-DX1_39424_5632.jpg,TCGA-G4-6315,TCGA-G4-6315-01Z-00-DX1,1,0.8771259,1
tumour/TCGA-G4-6315-01Z-00-DX1_39424_7168.jpg,TCGA-G4-6315,TCGA-G4-6315-01Z-00-DX1,1,0.99920875,1
tumour/TCGA-G4-6315-01Z-00-DX1_39424_7680.jpg,TCGA-G4-6315,TCGA-G4-6315-01Z-00-DX1,1,0.9783941,1
tumour/TCGA-G4-6315-01Z-00-DX1_39424_8704.jpg,TCGA-G4-6315,TCGA-G4-6315-01Z-00-DX1,1,0.9988613,1
tumour/TCGA-G4-6315-01Z-00-DX1_39424_9728.jpg,TCGA-G4-6315,TCGA-G4-6315-01Z-00-DX1,1,0.99994886,1
tumour/TCGA-G4-6315-01Z-00-DX1_39936_10240.jpg,TCGA-G4-6315,TCGA-G4-6315-01Z-00-DX1,1,0.99972135,1
tumour/TCGA-G4-6315-01Z-00-DX1_39936_12288.jpg,TCGA-G4-6315,TCGA-G4-6315-01Z-00-DX1,1,0.99724674,1
tumour/TCGA-G4-6315-01Z-00-DX1_39936_12800.jpg,TCGA-G4-6315,TCGA-G4-6315-01Z-00-DX1,1,0.9924368,1
tumour/TCGA-G4-6315-01Z-00-DX1_39936_13824.jpg,TCGA-G4-6315,TCGA-G4-6315-01Z-00-DX1,1,0.8884254,1
tumour/TCGA-G4-6315-01Z-00-DX1_39936_16384.jpg,TCGA-G4-6315,TCGA-G4-6315-01Z-00-DX1,1,0.9996995,1
tumour/TCGA-G4-6315-01Z-00-DX1_39936_6144.jpg,TCGA-G4-6315,TCGA-G4-6315-01Z-00-DX1,1,0.9981774,1
tumour/TCGA-G4-6315-01Z-00-DX1_39936_6656.jpg,TCGA-G4-6315,TCGA-G4-6315-01Z-00-DX1,1,0.9998677,1
tumour/TCGA-G4-6315-01Z-00-DX1_39936_8192.jpg,TCGA-G4-6315,TCGA-G4-6315-01Z-00-DX1,1,0.99977356,1
tumour/TCGA-G4-6315-01Z-00-DX1_39936_8704.jpg,TCGA-G4-6315,TCGA-G4-6315-01Z-00-DX1,1,0.999951,1
tumour/TCGA-G4-6315-01Z-00-DX1_39936_9216.jpg,TCGA-G4-6315,TCGA-G4-6315-01Z-00-DX1,1,0.99646616,1
tumour/TCGA-G4-6315-01Z-00-DX1_40448_10240.jpg,TCGA-G4-6315,TCGA-G4-6315-01Z-00-DX1,1,0.9998578,1
tumour/TCGA-G4-6315-01Z-00-DX1_40448_10752.jpg,TCGA-G4-6315,TCGA-G4-6315-01Z-00-DX1,1,0.9995352,1
tumour/TCGA-G4-6315-01Z-00-DX1_40448_11776.jpg,TCGA-G4-6315,TCGA-G4-6315-01Z-00-DX1,1,0.96298605,1
tumour/TCGA-G4-6315-01Z-00-DX1_40448_13312.jpg,TCGA-G4-6315,TCGA-G4-6315-01Z-00-DX1,1,0.9859255,1
tumour/TCGA-G4-6315-01Z-00-DX1_40448_14336.jpg,TCGA-G4-6315,TCGA-G4-6315-01Z-00-DX1,1,0.75325936,1
tumour/TCGA-G4-6315-01Z-00-DX1_40448_17408.jpg,TCGA-G4-6315,TCGA-G4-6315-01Z-00-DX1,1,0.99440306,1
tumour/TCGA-G4-6315-01Z-00-DX1_40448_6144.jpg,TCGA-G4-6315,TCGA-G4-6315-01Z-00-DX1,1,0.99749506,1
tumour/TCGA-G4-6315-01Z-00-DX1_40448_7168.jpg,TCGA-G4-6315,TCGA-G4-6315-01Z-00-DX1,1,0.9989033,1
tumour/TCGA-G4-6315-01Z-00-DX1_40448_8192.jpg,TCGA-G4-6315,TCGA-G4-6315-01Z-00-DX1,1,0.9988418,1
tumour/TCGA-G4-6315-01Z-00-DX1_40448_8704.jpg,TCGA-G4-6315,TCGA-G4-6315-01Z-00-DX1,1,0.98547363,1
tumour/TCGA-G4-6315-01Z-00-DX1_40960_11776.jpg,TCGA-G4-6315,TCGA-G4-6315-01Z-00-DX1,1,0.9996656,1
tumour/TCGA-G4-6315-01Z-00-DX1_40960_12288.jpg,TCGA-G4-6315,TCGA-G4-6315-01Z-00-DX1,1,0.9988896,1
tumour/TCGA-G4-6315-01Z-00-DX1_40960_12800.jpg,TCGA-G4-6315,TCGA-G4-6315-01Z-00-DX1,1,0.99805033,1
tumour/TCGA-G4-6315-01Z-00-DX1_40960_13824.jpg,TCGA-G4-6315,TCGA-G4-6315-01Z-00-DX1,1,0.9368114,1
tumour/TCGA-G4-6315-01Z-00-DX1_40960_14848.jpg,TCGA-G4-6315,TCGA-G4-6315-01Z-00-DX1,1,0.99680555,1
tumour/TCGA-G4-6315-01Z-00-DX1_40960_15360.jpg,TCGA-G4-6315,TCGA-G4-6315-01Z-00-DX1,1,0.9997137,1
tumour/TCGA-G4-6315-01Z-00-DX1_40960_16896.jpg,TCGA-G4-6315,TCGA-G4-6315-01Z-00-DX1,1,0.9992223,1
tumour/TCGA-G4-6315-01Z-00-DX1_40960_6656.jpg,TCGA-G4-6315,TCGA-G4-6315-01Z-00-DX1,1,0.97852325,1
tumour/TCGA-G4-6315-01Z-00-DX1_40960_7680.jpg,TCGA-G4-6315,TCGA-G4-6315-01Z-00-DX1,1,0.9999974,1
tumour/TCGA-G4-6315-01Z-00-DX1_40960_8192.jpg,TCGA-G4-6315,TCGA-G4-6315-01Z-00-DX1,1,0.9862016,1
tumour/TCGA-G4-6315-01Z-00-DX1_40960_9728.jpg,TCGA-G4-6315,TCGA-G4-6315-01Z-00-DX1,1,0.9998487,1
tumour/TCGA-G4-6315-01Z-00-DX1_41472_11776.jpg,TCGA-G4-6315,TCGA-G4-6315-01Z-00-DX1,1,0.9758311,1
tumour/TCGA-G4-6315-01Z-00-DX1_41472_12800.jpg,TCGA-G4-6315,TCGA-G4-6315-01Z-00-DX1,1,0.99845755,1
tumour/TCGA-G4-6315-01Z-00-DX1_41472_13312.jpg,TCGA-G4-6315,TCGA-G4-6315-01Z-00-DX1,1,0.9974642,1
tumour/TCGA-G4-6315-01Z-00-DX1_41472_14848.jpg,TCGA-G4-6315,TCGA-G4-6315-01Z-00-DX1,1,0.9961708,1
tumour/TCGA-G4-6315-01Z-00-DX1_41472_15360.jpg,TCGA-G4-6315,TCGA-G4-6315-01Z-00-DX1,1,0.9870546,1
tumour/TCGA-G4-6315-01Z-00-DX1_41472_15872.jpg,TCGA-G4-6315,TCGA-G4-6315-01Z-00-DX1,1,0.98165375,1
tumour/TCGA-G4-6315-01Z-00-DX1_41472_16896.jpg,TCGA-G4-6315,TCGA-G4-6315-01Z-00-DX1,1,0.9996712,1
tumour/TCGA-G4-6315-01Z-00-DX1_41472_6656.jpg,TCGA-G4-6315,TCGA-G4-6315-01Z-00-DX1,1,0.9957391,1
tumour/TCGA-G4-6315-01Z-00-DX1_41472_7680.jpg,TCGA-G4-6315,TCGA-G4-6315-01Z-00-DX1,1,0.9998851,1
tumour/TCGA-SS-A7HO-01Z-00-DX1_10240_11264.jpg,TCGA-SS-A7HO,TCGA-SS-A7HO-01Z-00-DX1,1,0.999798,1
tumour/TCGA-SS-A7HO-01Z-00-DX1_10240_11776.jpg,TCGA-SS-A7HO,TCGA-SS-A7HO-01Z-00-DX1,1,0.9990695,1
tumour/TCGA-SS-A7HO-01Z-00-DX1_10240_13824.jpg,TCGA-SS-A7HO,TCGA-SS-A7HO-01Z-00-DX1,1,0.9997675,1
tumour/TCGA-SS-A7HO-01Z-00-DX1_10240_20992.jpg,TCGA-SS-A7HO,TCGA-SS-A7HO-01Z-00-DX1,1,0.99733317,1
tumour/TCGA-SS-A7HO-01Z-00-DX1_10240_21504.jpg,TCGA-SS-A7HO,TCGA-SS-A7HO-01Z-00-DX1,1,0.9996524,1
tumour/TCGA-SS-A7HO-01Z-00-DX1_10240_23040.jpg,TCGA-SS-A7HO,TCGA-SS-A7HO-01Z-00-DX1,1,0.9999949,1
tumour/TCGA-SS-A7HO-01Z-00-DX1_10240_25088.jpg,TCGA-SS-A7HO,TCGA-SS-A7HO-01Z-00-DX1,1,0.9997112,1
tumour/TCGA-SS-A7HO-01Z-00-DX1_10240_25600.jpg,TCGA-SS-A7HO,TCGA-SS-A7HO-01Z-00-DX1,1,0.99800605,1
tumour/TCGA-SS-A7HO-01Z-00-DX1_10752_11776.jpg,TCGA-SS-A7HO,TCGA-SS-A7HO-01Z-00-DX1,1,0.99942446,1
tumour/TCGA-SS-A7HO-01Z-00-DX1_10752_13312.jpg,TCGA-SS-A7HO,TCGA-SS-A7HO-01Z-00-DX1,1,0.999966,1
tumour/TCGA-SS-A7HO-01Z-00-DX1_10752_13824.jpg,TCGA-SS-A7HO,TCGA-SS-A7HO-01Z-00-DX1,1,0.999647,1
tumour/TCGA-SS-A7HO-01Z-00-DX1_10752_14336.jpg,TCGA-SS-A7HO,TCGA-SS-A7HO-01Z-00-DX1,1,0.9986451,1
tumour/TCGA-SS-A7HO-01Z-00-DX1_10752_14848.jpg,TCGA-SS-A7HO,TCGA-SS-A7HO-01Z-00-DX1,1,0.99774534,1
tumour/TCGA-SS-A7HO-01Z-00-DX1_10752_20480.jpg,TCGA-SS-A7HO,TCGA-SS-A7HO-01Z-00-DX1,1,0.9998093,1
tumour/TCGA-SS-A7HO-01Z-00-DX1_10752_20992.jpg,TCGA-SS-A7HO,TCGA-SS-A7HO-01Z-00-DX1,1,0.9998343,1
tumour/TCGA-SS-A7HO-01Z-00-DX1_10752_21504.jpg,TCGA-SS-A7HO,TCGA-SS-A7HO-01Z-00-DX1,1,0.99888414,1
tumour/TCGA-SS-A7HO-01Z-00-DX1_10752_23040.jpg,TCGA-SS-A7HO,TCGA-SS-A7HO-01Z-00-DX1,1,0.9997894,1
tumour/TCGA-SS-A7HO-01Z-00-DX1_10752_23552.jpg,TCGA-SS-A7HO,TCGA-SS-A7HO-01Z-00-DX1,1,0.9985857,1
tumour/TCGA-SS-A7HO-01Z-00-DX1_10752_24064.jpg,TCGA-SS-A7HO,TCGA-SS-A7HO-01Z-00-DX1,1,0.999936,1
tumour/TCGA-SS-A7HO-01Z-00-DX1_10752_26112.jpg,TCGA-SS-A7HO,TCGA-SS-A7HO-01Z-00-DX1,1,0.9717202,1
tumour/TCGA-SS-A7HO-01Z-00-DX1_10752_26624.jpg,TCGA-SS-A7HO,TCGA-SS-A7HO-01Z-00-DX1,1,0.9990465,1
tumour/TCGA-SS-A7HO-01Z-00-DX1_11264_13824.jpg,TCGA-SS-A7HO,TCGA-SS-A7HO-01Z-00-DX1,1,0.99986076,1
tumour/TCGA-SS-A7HO-01Z-00-DX1_11264_20480.jpg,TCGA-SS-A7HO,TCGA-SS-A7HO-01Z-00-DX1,1,0.9999876,1
tumour/TCGA-SS-A7HO-01Z-00-DX1_11264_21504.jpg,TCGA-SS-A7HO,TCGA-SS-A7HO-01Z-00-DX1,1,0.99994385,1
tumour/TCGA-SS-A7HO-01Z-00-DX1_11264_22528.jpg,TCGA-SS-A7HO,TCGA-SS-A7HO-01Z-00-DX1,1,0.9999553,1
tumour/TCGA-SS-A7HO-01Z-00-DX1_11264_23040.jpg,TCGA-SS-A7HO,TCGA-SS-A7HO-01Z-00-DX1,1,0.9989905,1
tumour/TCGA-SS-A7HO-01Z-00-DX1_11264_24576.jpg,TCGA-SS-A7HO,TCGA-SS-A7HO-01Z-00-DX1,1,0.9990196,1
tumour/TCGA-SS-A7HO-01Z-00-DX1_11264_25088.jpg,TCGA-SS-A7HO,TCGA-SS-A7HO-01Z-00-DX1,1,0.9803964,1
tumour/TCGA-SS-A7HO-01Z-00-DX1_11264_26624.jpg,TCGA-SS-A7HO,TCGA-SS-A7HO-01Z-00-DX1,1,0.99953854,1
tumour/TCGA-SS-A7HO-01Z-00-DX1_11264_27136.jpg,TCGA-SS-A7HO,TCGA-SS-A7HO-01Z-00-DX1,1,0.62813437,1
tumour/TCGA-SS-A7HO-01Z-00-DX1_11264_27648.jpg,TCGA-SS-A7HO,TCGA-SS-A7HO-01Z-00-DX1,1,0.9877,1
tumour/TCGA-SS-A7HO-01Z-00-DX1_11776_11264.jpg,TCGA-SS-A7HO,TCGA-SS-A7HO-01Z-00-DX1,1,0.9982514,1
tumour/TCGA-SS-A7HO-01Z-00-DX1_11776_19456.jpg,TCGA-SS-A7HO,TCGA-SS-A7HO-01Z-00-DX1,1,0.9801822,1
tumour/TCGA-SS-A7HO-01Z-00-DX1_11776_19968.jpg,TCGA-SS-A7HO,TCGA-SS-A7HO-01Z-00-DX1,1,0.9998024,1
tumour/TCGA-SS-A7HO-01Z-00-DX1_11776_21504.jpg,TCGA-SS-A7HO,TCGA-SS-A7HO-01Z-00-DX1,1,0.99995756,1
tumour/TCGA-SS-A7HO-01Z-00-DX1_11776_22528.jpg,TCGA-SS-A7HO,TCGA-SS-A7HO-01Z-00-DX1,1,0.99974304,1
tumour/TCGA-SS-A7HO-01Z-00-DX1_11776_23552.jpg,TCGA-SS-A7HO,TCGA-SS-A7HO-01Z-00-DX1,1,0.9997397,1
tumour/TCGA-SS-A7HO-01Z-00-DX1_11776_24064.jpg,TCGA-SS-A7HO,TCGA-SS-A7HO-01Z-00-DX1,1,0.9999945,1
tumour/TCGA-SS-A7HO-01Z-00-DX1_11776_24576.jpg,TCGA-SS-A7HO,TCGA-SS-A7HO-01Z-00-DX1,1,0.99671125,1
tumour/TCGA-SS-A7HO-01Z-00-DX1_11776_25088.jpg,TCGA-SS-A7HO,TCGA-SS-A7HO-01Z-00-DX1,1,0.9999881,1
tumour/TCGA-SS-A7HO-01Z-00-DX1_11776_25600.jpg,TCGA-SS-A7HO,TCGA-SS-A7HO-01Z-00-DX1,1,0.9998733,1
tumour/TCGA-SS-A7HO-01Z-00-DX1_11776_27136.jpg,TCGA-SS-A7HO,TCGA-SS-A7HO-01Z-00-DX1,1,0.9897634,1
tumour/TCGA-SS-A7HO-01Z-00-DX1_11776_28160.jpg,TCGA-SS-A7HO,TCGA-SS-A7HO-01Z-00-DX1,1,0.99846494,1
tumour/TCGA-SS-A7HO-01Z-00-DX1_11776_28672.jpg,TCGA-SS-A7HO,TCGA-SS-A7HO-01Z-00-DX1,1,0.99998486,1
tumour/TCGA-SS-A7HO-01Z-00-DX1_12288_10752.jpg,TCGA-SS-A7HO,TCGA-SS-A7HO-01Z-00-DX1,1,0.9996995,1
tumour/TCGA-SS-A7HO-01Z-00-DX1_12288_19456.jpg,TCGA-SS-A7HO,TCGA-SS-A7HO-01Z-00-DX1,1,0.999979,1
tumour/TCGA-SS-A7HO-01Z-00-DX1_12288_19968.jpg,TCGA-SS-A7HO,TCGA-SS-A7HO-01Z-00-DX1,1,0.9999745,1
tumour/TCGA-SS-A7HO-01Z-00-DX1_12288_20480.jpg,TCGA-SS-A7HO,TCGA-SS-A7HO-01Z-00-DX1,1,0.99973816,1
tumour/TCGA-SS-A7HO-01Z-00-DX1_12288_23040.jpg,TCGA-SS-A7HO,TCGA-SS-A7HO-01Z-00-DX1,1,0.99972254,1
tumour/TCGA-SS-A7HO-01Z-00-DX1_12288_23552.jpg,TCGA-SS-A7HO,TCGA-SS-A7HO-01Z-00-DX1,1,0.9999969,1
tumour/TCGA-SS-A7HO-01Z-00-DX1_12288_26112.jpg,TCGA-SS-A7HO,TCGA-SS-A7HO-01Z-00-DX1,1,0.99999356,1
tumour/TCGA-SS-A7HO-01Z-00-DX1_12288_26624.jpg,TCGA-SS-A7HO,TCGA-SS-A7HO-01Z-00-DX1,1,0.99916375,1
tumour/TCGA-SS-A7HO-01Z-00-DX1_12288_28160.jpg,TCGA-SS-A7HO,TCGA-SS-A7HO-01Z-00-DX1,1,0.99953365,1
tumour/TCGA-SS-A7HO-01Z-00-DX1_12288_30208.jpg,TCGA-SS-A7HO,TCGA-SS-A7HO-01Z-00-DX1,1,0.9999287,1
tumour/TCGA-SS-A7HO-01Z-00-DX1_12800_10240.jpg,TCGA-SS-A7HO,TCGA-SS-A7HO-01Z-00-DX1,1,0.98542136,1
tumour/TCGA-SS-A7HO-01Z-00-DX1_12800_11776.jpg,TCGA-SS-A7HO,TCGA-SS-A7HO-01Z-00-DX1,1,0.99357855,1
tumour/TCGA-SS-A7HO-01Z-00-DX1_12800_13312.jpg,TCGA-SS-A7HO,TCGA-SS-A7HO-01Z-00-DX1,1,0.99964595,1
tumour/TCGA-SS-A7HO-01Z-00-DX1_12800_13824.jpg,TCGA-SS-A7HO,TCGA-SS-A7HO-01Z-00-DX1,1,0.9958131,1
tumour/TCGA-SS-A7HO-01Z-00-DX1_12800_19456.jpg,TCGA-SS-A7HO,TCGA-SS-A7HO-01Z-00-DX1,1,0.99999607,1
tumour/TCGA-SS-A7HO-01Z-00-DX1_12800_22016.jpg,TCGA-SS-A7HO,TCGA-SS-A7HO-01Z-00-DX1,1,0.9999428,1
tumour/TCGA-SS-A7HO-01Z-00-DX1_12800_22528.jpg,TCGA-SS-A7HO,TCGA-SS-A7HO-01Z-00-DX1,1,0.99996984,1
tumour/TCGA-SS-A7HO-01Z-00-DX1_12800_23040.jpg,TCGA-SS-A7HO,TCGA-SS-A7HO-01Z-00-DX1,1,0.99999285,1
tumour/TCGA-SS-A7HO-01Z-00-DX1_12800_23552.jpg,TCGA-SS-A7HO,TCGA-SS-A7HO-01Z-00-DX1,1,0.99998903,1
tumour/TCGA-SS-A7HO-01Z-00-DX1_12800_24064.jpg,TCGA-SS-A7HO,TCGA-SS-A7HO-01Z-00-DX1,1,0.999987,1
tumour/TCGA-SS-A7HO-01Z-00-DX1_12800_24576.jpg,TCGA-SS-A7HO,TCGA-SS-A7HO-01Z-00-DX1,1,0.9990652,1
tumour/TCGA-SS-A7HO-01Z-00-DX1_12800_25088.jpg,TCGA-SS-A7HO,TCGA-SS-A7HO-01Z-00-DX1,1,0.8365309,1
tumour/TCGA-SS-A7HO-01Z-00-DX1_12800_26112.jpg,TCGA-SS-A7HO,TCGA-SS-A7HO-01Z-00-DX1,1,0.9997061,1
tumour/TCGA-SS-A7HO-01Z-00-DX1_12800_26624.jpg,TCGA-SS-A7HO,TCGA-SS-A7HO-01Z-00-DX1,1,0.9994185,1
tumour/TCGA-SS-A7HO-01Z-00-DX1_12800_27648.jpg,TCGA-SS-A7HO,TCGA-SS-A7HO-01Z-00-DX1,1,0.9998667,1
tumour/TCGA-SS-A7HO-01Z-00-DX1_12800_28160.jpg,TCGA-SS-A7HO,TCGA-SS-A7HO-01Z-00-DX1,1,0.999931,1
tumour/TCGA-SS-A7HO-01Z-00-DX1_12800_29184.jpg,TCGA-SS-A7HO,TCGA-SS-A7HO-01Z-00-DX1,1,0.9997323,1
tumour/TCGA-SS-A7HO-01Z-00-DX1_12800_29696.jpg,TCGA-SS-A7HO,TCGA-SS-A7HO-01Z-00-DX1,1,0.9996846,1
tumour/TCGA-SS-A7HO-01Z-00-DX1_12800_30208.jpg,TCGA-SS-A7HO,TCGA-SS-A7HO-01Z-00-DX1,1,0.9990766,1
tumour/TCGA-SS-A7HO-01Z-00-DX1_12800_9728.jpg,TCGA-SS-A7HO,TCGA-SS-A7HO-01Z-00-DX1,1,0.99856645,1
tumour/TCGA-SS-A7HO-01Z-00-DX1_13312_10240.jpg,TCGA-SS-A7HO,TCGA-SS-A7HO-01Z-00-DX1,1,0.98895824,1
tumour/TCGA-SS-A7HO-01Z-00-DX1_13312_11776.jpg,TCGA-SS-A7HO,TCGA-SS-A7HO-01Z-00-DX1,1,0.99888927,1
tumour/TCGA-SS-A7HO-01Z-00-DX1_13312_12288.jpg,TCGA-SS-A7HO,TCGA-SS-A7HO-01Z-00-DX1,1,0.9997696,1
tumour/TCGA-SS-A7HO-01Z-00-DX1_13312_13824.jpg,TCGA-SS-A7HO,TCGA-SS-A7HO-01Z-00-DX1,1,0.9997781,1
tumour/TCGA-SS-A7HO-01Z-00-DX1_13312_14336.jpg,TCGA-SS-A7HO,TCGA-SS-A7HO-01Z-00-DX1,1,0.9992513,1
tumour/TCGA-SS-A7HO-01Z-00-DX1_13312_14848.jpg,TCGA-SS-A7HO,TCGA-SS-A7HO-01Z-00-DX1,1,0.996693,1
tumour/TCGA-SS-A7HO-01Z-00-DX1_13312_16384.jpg,TCGA-SS-A7HO,TCGA-SS-A7HO-01Z-00-DX1,1,0.9989895,1
tumour/TCGA-SS-A7HO-01Z-00-DX1_13312_20992.jpg,TCGA-SS-A7HO,TCGA-SS-A7HO-01Z-00-DX1,1,0.99990785,1
tumour/TCGA-SS-A7HO-01Z-00-DX1_13312_22016.jpg,TCGA-SS-A7HO,TCGA-SS-A7HO-01Z-00-DX1,1,0.9999963,1
tumour/TCGA-SS-A7HO-01Z-00-DX1_13312_22528.jpg,TCGA-SS-A7HO,TCGA-SS-A7HO-01Z-00-DX1,1,0.99998343,1
tumour/TCGA-SS-A7HO-01Z-00-DX1_13312_23552.jpg,TCGA-SS-A7HO,TCGA-SS-A7HO-01Z-00-DX1,1,0.99486625,1
tumour/TCGA-SS-A7HO-01Z-00-DX1_13312_24576.jpg,TCGA-SS-A7HO,TCGA-SS-A7HO-01Z-00-DX1,1,0.9979632,1
tumour/TCGA-SS-A7HO-01Z-00-DX1_13312_25088.jpg,TCGA-SS-A7HO,TCGA-SS-A7HO-01Z-00-DX1,1,0.9974094,1
tumour/TCGA-SS-A7HO-01Z-00-DX1_13312_26112.jpg,TCGA-SS-A7HO,TCGA-SS-A7HO-01Z-00-DX1,1,0.9999945,1
tumour/TCGA-SS-A7HO-01Z-00-DX1_13312_26624.jpg,TCGA-SS-A7HO,TCGA-SS-A7HO-01Z-00-DX1,1,0.9999143,1
tumour/TCGA-SS-A7HO-01Z-00-DX1_13312_27648.jpg,TCGA-SS-A7HO,TCGA-SS-A7HO-01Z-00-DX1,1,0.9988772,1
tumour/TCGA-SS-A7HO-01Z-00-DX1_13312_28160.jpg,TCGA-SS-A7HO,TCGA-SS-A7HO-01Z-00-DX1,1,0.9562789,1
tumour/TCGA-SS-A7HO-01Z-00-DX1_13312_29184.jpg,TCGA-SS-A7HO,TCGA-SS-A7HO-01Z-00-DX1,1,0.9999809,1
tumour/TCGA-SS-A7HO-01Z-00-DX1_13312_31744.jpg,TCGA-SS-A7HO,TCGA-SS-A7HO-01Z-00-DX1,1,0.9998449,1
tumour/TCGA-SS-A7HO-01Z-00-DX1_13312_6656.jpg,TCGA-SS-A7HO,TCGA-SS-A7HO-01Z-00-DX1,1,0.99977165,1
tumour/TCGA-SS-A7HO-01Z-00-DX1_13312_7680.jpg,TCGA-SS-A7HO,TCGA-SS-A7HO-01Z-00-DX1,1,0.99443555,1
tumour/TCGA-SS-A7HO-01Z-00-DX1_13312_9728.jpg,TCGA-SS-A7HO,TCGA-SS-A7HO-01Z-00-DX1,1,0.9998466,1
tumour/TCGA-SS-A7HO-01Z-00-DX1_13824_10240.jpg,TCGA-SS-A7HO,TCGA-SS-A7HO-01Z-00-DX1,1,0.9988495,1
tumour/TCGA-SS-A7HO-01Z-00-DX1_13824_11264.jpg,TCGA-SS-A7HO,TCGA-SS-A7HO-01Z-00-DX1,1,0.99988043,1
tumour/TCGA-SS-A7HO-01Z-00-DX1_13824_11776.jpg,TCGA-SS-A7HO,TCGA-SS-A7HO-01Z-00-DX1,1,0.9928336,1
tumour/TCGA-SS-A7HO-01Z-00-DX1_13824_12800.jpg,TCGA-SS-A7HO,TCGA-SS-A7HO-01Z-00-DX1,1,0.99980336,1
tumour/TCGA-SS-A7HO-01Z-00-DX1_13824_13312.jpg,TCGA-SS-A7HO,TCGA-SS-A7HO-01Z-00-DX1,1,0.9993486,1
tumour/TCGA-SS-A7HO-01Z-00-DX1_13824_14848.jpg,TCGA-SS-A7HO,TCGA-SS-A7HO-01Z-00-DX1,1,0.9994816,1
tumour/TCGA-SS-A7HO-01Z-00-DX1_13824_15872.jpg,TCGA-SS-A7HO,TCGA-SS-A7HO-01Z-00-DX1,1,0.9997003,1
tumour/TCGA-SS-A7HO-01Z-00-DX1_13824_17408.jpg,TCGA-SS-A7HO,TCGA-SS-A7HO-01Z-00-DX1,1,0.99983084,1
tumour/TCGA-SS-A7HO-01Z-00-DX1_13824_17920.jpg,TCGA-SS-A7HO,TCGA-SS-A7HO-01Z-00-DX1,1,0.9996424,1
tumour/TCGA-SS-A7HO-01Z-00-DX1_13824_18432.jpg,TCGA-SS-A7HO,TCGA-SS-A7HO-01Z-00-DX1,1,0.99999464,1
tumour/TCGA-SS-A7HO-01Z-00-DX1_13824_23040.jpg,TCGA-SS-A7HO,TCGA-SS-A7HO-01Z-00-DX1,1,0.9929724,1
tumour/TCGA-SS-A7HO-01Z-00-DX1_13824_24064.jpg,TCGA-SS-A7HO,TCGA-SS-A7HO-01Z-00-DX1,1,0.999438,1
tumour/TCGA-SS-A7HO-01Z-00-DX1_13824_24576.jpg,TCGA-SS-A7HO,TCGA-SS-A7HO-01Z-00-DX1,1,0.9999901,1
tumour/TCGA-SS-A7HO-01Z-00-DX1_13824_25600.jpg,TCGA-SS-A7HO,TCGA-SS-A7HO-01Z-00-DX1,1,0.9986879,1
tumour/TCGA-SS-A7HO-01Z-00-DX1_13824_27648.jpg,TCGA-SS-A7HO,TCGA-SS-A7HO-01Z-00-DX1,1,0.9990287,1
tumour/TCGA-SS-A7HO-01Z-00-DX1_13824_28160.jpg,TCGA-SS-A7HO,TCGA-SS-A7HO-01Z-00-DX1,1,0.9997774,1
tumour/TCGA-SS-A7HO-01Z-00-DX1_13824_28672.jpg,TCGA-SS-A7HO,TCGA-SS-A7HO-01Z-00-DX1,1,0.99908626,1
tumour/TCGA-SS-A7HO-01Z-00-DX1_13824_29184.jpg,TCGA-SS-A7HO,TCGA-SS-A7HO-01Z-00-DX1,1,0.999959,1
tumour/TCGA-SS-A7HO-01Z-00-DX1_13824_29696.jpg,TCGA-SS-A7HO,TCGA-SS-A7HO-01Z-00-DX1,1,0.9893584,1
tumour/TCGA-SS-A7HO-01Z-00-DX1_13824_30208.jpg,TCGA-SS-A7HO,TCGA-SS-A7HO-01Z-00-DX1,1,0.99983275,1
tumour/TCGA-SS-A7HO-01Z-00-DX1_13824_30720.jpg,TCGA-SS-A7HO,TCGA-SS-A7HO-01Z-00-DX1,1,0.9999813,1
tumour/TCGA-SS-A7HO-01Z-00-DX1_13824_31744.jpg,TCGA-SS-A7HO,TCGA-SS-A7HO-01Z-00-DX1,1,0.99969316,1
tumour/TCGA-SS-A7HO-01Z-00-DX1_13824_5120.jpg,TCGA-SS-A7HO,TCGA-SS-A7HO-01Z-00-DX1,1,0.99439657,1
tumour/TCGA-SS-A7HO-01Z-00-DX1_13824_6656.jpg,TCGA-SS-A7HO,TCGA-SS-A7HO-01Z-00-DX1,1,0.999925,1
tumour/TCGA-SS-A7HO-01Z-00-DX1_13824_7168.jpg,TCGA-SS-A7HO,TCGA-SS-A7HO-01Z-00-DX1,1,0.9997949,1
tumour/TCGA-SS-A7HO-01Z-00-DX1_13824_8192.jpg,TCGA-SS-A7HO,TCGA-SS-A7HO-01Z-00-DX1,1,0.9996942,1
tumour/TCGA-SS-A7HO-01Z-00-DX1_13824_9216.jpg,TCGA-SS-A7HO,TCGA-SS-A7HO-01Z-00-DX1,1,0.9996061,1
tumour/TCGA-SS-A7HO-01Z-00-DX1_14336_10752.jpg,TCGA-SS-A7HO,TCGA-SS-A7HO-01Z-00-DX1,1,0.99903154,1
tumour/TCGA-SS-A7HO-01Z-00-DX1_14336_12800.jpg,TCGA-SS-A7HO,TCGA-SS-A7HO-01Z-00-DX1,1,0.9986008,1
tumour/TCGA-SS-A7HO-01Z-00-DX1_14336_13824.jpg,TCGA-SS-A7HO,TCGA-SS-A7HO-01Z-00-DX1,1,0.9996171,1
tumour/TCGA-SS-A7HO-01Z-00-DX1_14336_18432.jpg,TCGA-SS-A7HO,TCGA-SS-A7HO-01Z-00-DX1,1,0.9999968,1
tumour/TCGA-SS-A7HO-01Z-00-DX1_14336_19456.jpg,TCGA-SS-A7HO,TCGA-SS-A7HO-01Z-00-DX1,1,0.9999832,1
tumour/TCGA-SS-A7HO-01Z-00-DX1_14336_19968.jpg,TCGA-SS-A7HO,TCGA-SS-A7HO-01Z-00-DX1,1,0.9998983,1
tumour/TCGA-SS-A7HO-01Z-00-DX1_14336_20992.jpg,TCGA-SS-A7HO,TCGA-SS-A7HO-01Z-00-DX1,1,0.99765646,1
tumour/TCGA-SS-A7HO-01Z-00-DX1_14336_21504.jpg,TCGA-SS-A7HO,TCGA-SS-A7HO-01Z-00-DX1,1,0.9989489,1
tumour/TCGA-SS-A7HO-01Z-00-DX1_14336_22528.jpg,TCGA-SS-A7HO,TCGA-SS-A7HO-01Z-00-DX1,1,0.9952951,1
tumour/TCGA-SS-A7HO-01Z-00-DX1_14336_23040.jpg,TCGA-SS-A7HO,TCGA-SS-A7HO-01Z-00-DX1,1,0.9999553,1
tumour/TCGA-SS-A7HO-01Z-00-DX1_14336_23552.jpg,TCGA-SS-A7HO,TCGA-SS-A7HO-01Z-00-DX1,1,0.9949633,1
tumour/TCGA-SS-A7HO-01Z-00-DX1_14336_24064.jpg,TCGA-SS-A7HO,TCGA-SS-A7HO-01Z-00-DX1,1,0.99946886,1
tumour/TCGA-SS-A7HO-01Z-00-DX1_14336_27136.jpg,TCGA-SS-A7HO,TCGA-SS-A7HO-01Z-00-DX1,1,0.9997589,1
tumour/TCGA-SS-A7HO-01Z-00-DX1_14336_28160.jpg,TCGA-SS-A7HO,TCGA-SS-A7HO-01Z-00-DX1,1,0.9997564,1
tumour/TCGA-SS-A7HO-01Z-00-DX1_14336_28672.jpg,TCGA-SS-A7HO,TCGA-SS-A7HO-01Z-00-DX1,1,0.98707956,1
tumour/TCGA-SS-A7HO-01Z-00-DX1_14336_29696.jpg,TCGA-SS-A7HO,TCGA-SS-A7HO-01Z-00-DX1,1,0.99166065,1
tumour/TCGA-SS-A7HO-01Z-00-DX1_14336_30208.jpg,TCGA-SS-A7HO,TCGA-SS-A7HO-01Z-00-DX1,1,0.99991834,1
tumour/TCGA-SS-A7HO-01Z-00-DX1_14336_31232.jpg,TCGA-SS-A7HO,TCGA-SS-A7HO-01Z-00-DX1,1,0.99268955,1
tumour/TCGA-SS-A7HO-01Z-00-DX1_14336_31744.jpg,TCGA-SS-A7HO,TCGA-SS-A7HO-01Z-00-DX1,1,0.9998672,1
tumour/TCGA-SS-A7HO-01Z-00-DX1_14336_32256.jpg,TCGA-SS-A7HO,TCGA-SS-A7HO-01Z-00-DX1,1,0.9999881,1
tumour/TCGA-SS-A7HO-01Z-00-DX1_14336_32768.jpg,TCGA-SS-A7HO,TCGA-SS-A7HO-01Z-00-DX1,1,0.99999034,1
tumour/TCGA-SS-A7HO-01Z-00-DX1_14336_33280.jpg,TCGA-SS-A7HO,TCGA-SS-A7HO-01Z-00-DX1,1,0.9997167,1
tumour/TCGA-SS-A7HO-01Z-00-DX1_14336_5632.jpg,TCGA-SS-A7HO,TCGA-SS-A7HO-01Z-00-DX1,1,0.99969196,1
tumour/TCGA-SS-A7HO-01Z-00-DX1_14336_7168.jpg,TCGA-SS-A7HO,TCGA-SS-A7HO-01Z-00-DX1,1,0.9995511,1
tumour/TCGA-SS-A7HO-01Z-00-DX1_14336_8704.jpg,TCGA-SS-A7HO,TCGA-SS-A7HO-01Z-00-DX1,1,0.99964726,1
tumour/TCGA-SS-A7HO-01Z-00-DX1_14336_9216.jpg,TCGA-SS-A7HO,TCGA-SS-A7HO-01Z-00-DX1,1,0.87409544,1
tumour/TCGA-SS-A7HO-01Z-00-DX1_14336_9728.jpg,TCGA-SS-A7HO,TCGA-SS-A7HO-01Z-00-DX1,1,0.9998491,1
tumour/TCGA-SS-A7HO-01Z-00-DX1_14848_10240.jpg,TCGA-SS-A7HO,TCGA-SS-A7HO-01Z-00-DX1,1,0.98556584,1
tumour/TCGA-SS-A7HO-01Z-00-DX1_14848_10752.jpg,TCGA-SS-A7HO,TCGA-SS-A7HO-01Z-00-DX1,1,0.9998202,1
tumour/TCGA-SS-A7HO-01Z-00-DX1_14848_11264.jpg,TCGA-SS-A7HO,TCGA-SS-A7HO-01Z-00-DX1,1,0.99994445,1
tumour/TCGA-SS-A7HO-01Z-00-DX1_14848_12288.jpg,TCGA-SS-A7HO,TCGA-SS-A7HO-01Z-00-DX1,1,0.9996506,1
tumour/TCGA-SS-A7HO-01Z-00-DX1_14848_12800.jpg,TCGA-SS-A7HO,TCGA-SS-A7HO-01Z-00-DX1,1,0.99950075,1
tumour/TCGA-SS-A7HO-01Z-00-DX1_14848_14848.jpg,TCGA-SS-A7HO,TCGA-SS-A7HO-01Z-00-DX1,1,0.99999607,1
tumour/TCGA-SS-A7HO-01Z-00-DX1_14848_15360.jpg,TCGA-SS-A7HO,TCGA-SS-A7HO-01Z-00-DX1,1,0.99966705,1
tumour/TCGA-SS-A7HO-01Z-00-DX1_14848_15872.jpg,TCGA-SS-A7HO,TCGA-SS-A7HO-01Z-00-DX1,1,0.99935704,1
tumour/TCGA-SS-A7HO-01Z-00-DX1_14848_16896.jpg,TCGA-SS-A7HO,TCGA-SS-A7HO-01Z-00-DX1,1,0.9969291,1
tumour/TCGA-SS-A7HO-01Z-00-DX1_14848_17920.jpg,TCGA-SS-A7HO,TCGA-SS-A7HO-01Z-00-DX1,1,0.99997365,1
tumour/TCGA-SS-A7HO-01Z-00-DX1_14848_18432.jpg,TCGA-SS-A7HO,TCGA-SS-A7HO-01Z-00-DX1,1,0.9993968,1
tumour/TCGA-SS-A7HO-01Z-00-DX1_14848_18944.jpg,TCGA-SS-A7HO,TCGA-SS-A7HO-01Z-00-DX1,1,0.99997544,1
tumour/TCGA-SS-A7HO-01Z-00-DX1_14848_22528.jpg,TCGA-SS-A7HO,TCGA-SS-A7HO-01Z-00-DX1,1,0.9993493,1
tumour/TCGA-SS-A7HO-01Z-00-DX1_14848_23040.jpg,TCGA-SS-A7HO,TCGA-SS-A7HO-01Z-00-DX1,1,0.99964046,1
tumour/TCGA-SS-A7HO-01Z-00-DX1_14848_23552.jpg,TCGA-SS-A7HO,TCGA-SS-A7HO-01Z-00-DX1,1,0.99992275,1
tumour/TCGA-SS-A7HO-01Z-00-DX1_14848_24064.jpg,TCGA-SS-A7HO,TCGA-SS-A7HO-01Z-00-DX1,1,0.9986965,1
tumour/TCGA-SS-A7HO-01Z-00-DX1_14848_25088.jpg,TCGA-SS-A7HO,TCGA-SS-A7HO-01Z-00-DX1,1,0.9988086,1
tumour/TCGA-SS-A7HO-01Z-00-DX1_14848_26624.jpg,TCGA-SS-A7HO,TCGA-SS-A7HO-01Z-00-DX1,1,0.9999856,1
tumour/TCGA-SS-A7HO-01Z-00-DX1_14848_29184.jpg,TCGA-SS-A7HO,TCGA-SS-A7HO-01Z-00-DX1,1,0.9999807,1
tumour/TCGA-SS-A7HO-01Z-00-DX1_14848_30208.jpg,TCGA-SS-A7HO,TCGA-SS-A7HO-01Z-00-DX1,1,0.9989849,1
tumour/TCGA-SS-A7HO-01Z-00-DX1_14848_31232.jpg,TCGA-SS-A7HO,TCGA-SS-A7HO-01Z-00-DX1,1,0.9992174,1
tumour/TCGA-SS-A7HO-01Z-00-DX1_14848_32256.jpg,TCGA-SS-A7HO,TCGA-SS-A7HO-01Z-00-DX1,1,0.9999783,1
tumour/TCGA-SS-A7HO-01Z-00-DX1_14848_5120.jpg,TCGA-SS-A7HO,TCGA-SS-A7HO-01Z-00-DX1,1,0.99986184,1
tumour/TCGA-SS-A7HO-01Z-00-DX1_14848_6144.jpg,TCGA-SS-A7HO,TCGA-SS-A7HO-01Z-00-DX1,1,0.99999523,1
tumour/TCGA-SS-A7HO-01Z-00-DX1_14848_7168.jpg,TCGA-SS-A7HO,TCGA-SS-A7HO-01Z-00-DX1,1,0.9998996,1
tumour/TCGA-SS-A7HO-01Z-00-DX1_14848_7680.jpg,TCGA-SS-A7HO,TCGA-SS-A7HO-01Z-00-DX1,1,0.9999974,1
tumour/TCGA-SS-A7HO-01Z-00-DX1_14848_8192.jpg,TCGA-SS-A7HO,TCGA-SS-A7HO-01Z-00-DX1,1,0.9998,1
tumour/TCGA-SS-A7HO-01Z-00-DX1_14848_8704.jpg,TCGA-SS-A7HO,TCGA-SS-A7HO-01Z-00-DX1,1,0.9996339,1
tumour/TCGA-SS-A7HO-01Z-00-DX1_14848_9216.jpg,TCGA-SS-A7HO,TCGA-SS-A7HO-01Z-00-DX1,1,0.9950317,1
tumour/TCGA-SS-A7HO-01Z-00-DX1_14848_9728.jpg,TCGA-SS-A7HO,TCGA-SS-A7HO-01Z-00-DX1,1,0.9785501,1
tumour/TCGA-SS-A7HO-01Z-00-DX1_15360_10240.jpg,TCGA-SS-A7HO,TCGA-SS-A7HO-01Z-00-DX1,1,0.9999161,1
tumour/TCGA-SS-A7HO-01Z-00-DX1_15360_11776.jpg,TCGA-SS-A7HO,TCGA-SS-A7HO-01Z-00-DX1,1,0.99956876,1
tumour/TCGA-SS-A7HO-01Z-00-DX1_15360_14336.jpg,TCGA-SS-A7HO,TCGA-SS-A7HO-01Z-00-DX1,1,0.9980211,1
tumour/TCGA-SS-A7HO-01Z-00-DX1_15360_15872.jpg,TCGA-SS-A7HO,TCGA-SS-A7HO-01Z-00-DX1,1,0.9999875,1
tumour/TCGA-SS-A7HO-01Z-00-DX1_15360_16384.jpg,TCGA-SS-A7HO,TCGA-SS-A7HO-01Z-00-DX1,1,0.99998057,1
tumour/TCGA-SS-A7HO-01Z-00-DX1_15360_17408.jpg,TCGA-SS-A7HO,TCGA-SS-A7HO-01Z-00-DX1,1,0.99999917,1
tumour/TCGA-SS-A7HO-01Z-00-DX1_15360_17920.jpg,TCGA-SS-A7HO,TCGA-SS-A7HO-01Z-00-DX1,1,0.999964,1
tumour/TCGA-SS-A7HO-01Z-00-DX1_15360_18432.jpg,TCGA-SS-A7HO,TCGA-SS-A7HO-01Z-00-DX1,1,0.99690646,1
tumour/TCGA-SS-A7HO-01Z-00-DX1_15360_19456.jpg,TCGA-SS-A7HO,TCGA-SS-A7HO-01Z-00-DX1,1,0.76847875,1
tumour/TCGA-SS-A7HO-01Z-00-DX1_15360_22528.jpg,TCGA-SS-A7HO,TCGA-SS-A7HO-01Z-00-DX1,1,0.99480927,1
tumour/TCGA-SS-A7HO-01Z-00-DX1_15360_23040.jpg,TCGA-SS-A7HO,TCGA-SS-A7HO-01Z-00-DX1,1,0.9999776,1
tumour/TCGA-SS-A7HO-01Z-00-DX1_15360_24064.jpg,TCGA-SS-A7HO,TCGA-SS-A7HO-01Z-00-DX1,1,0.98847944,1
tumour/TCGA-SS-A7HO-01Z-00-DX1_15360_24576.jpg,TCGA-SS-A7HO,TCGA-SS-A7HO-01Z-00-DX1,1,0.99979216,1
tumour/TCGA-SS-A7HO-01Z-00-DX1_15360_25088.jpg,TCGA-SS-A7HO,TCGA-SS-A7HO-01Z-00-DX1,1,0.999708,1
tumour/TCGA-SS-A7HO-01Z-00-DX1_15360_25600.jpg,TCGA-SS-A7HO,TCGA-SS-A7HO-01Z-00-DX1,1,0.99991155,1
tumour/TCGA-SS-A7HO-01Z-00-DX1_15360_26112.jpg,TCGA-SS-A7HO,TCGA-SS-A7HO-01Z-00-DX1,1,0.99999535,1
tumour/TCGA-SS-A7HO-01Z-00-DX1_15360_27136.jpg,TCGA-SS-A7HO,TCGA-SS-A7HO-01Z-00-DX1,1,0.9999387,1
tumour/TCGA-SS-A7HO-01Z-00-DX1_15360_28672.jpg,TCGA-SS-A7HO,TCGA-SS-A7HO-01Z-00-DX1,1,0.9998596,1
tumour/TCGA-SS-A7HO-01Z-00-DX1_15360_30720.jpg,TCGA-SS-A7HO,TCGA-SS-A7HO-01Z-00-DX1,1,0.99999106,1
tumour/TCGA-SS-A7HO-01Z-00-DX1_15360_31744.jpg,TCGA-SS-A7HO,TCGA-SS-A7HO-01Z-00-DX1,1,0.9997348,1
tumour/TCGA-SS-A7HO-01Z-00-DX1_15360_33280.jpg,TCGA-SS-A7HO,TCGA-SS-A7HO-01Z-00-DX1,1,0.9998659,1
tumour/TCGA-SS-A7HO-01Z-00-DX1_15360_5120.jpg,TCGA-SS-A7HO,TCGA-SS-A7HO-01Z-00-DX1,1,0.99855584,1
tumour/TCGA-SS-A7HO-01Z-00-DX1_15360_7680.jpg,TCGA-SS-A7HO,TCGA-SS-A7HO-01Z-00-DX1,1,0.99993825,1
tumour/TCGA-SS-A7HO-01Z-00-DX1_15360_9728.jpg,TCGA-SS-A7HO,TCGA-SS-A7HO-01Z-00-DX1,1,0.99899584,1
tumour/TCGA-SS-A7HO-01Z-00-DX1_15872_10752.jpg,TCGA-SS-A7HO,TCGA-SS-A7HO-01Z-00-DX1,1,0.99962413,1
tumour/TCGA-SS-A7HO-01Z-00-DX1_15872_11264.jpg,TCGA-SS-A7HO,TCGA-SS-A7HO-01Z-00-DX1,1,0.99934345,1
tumour/TCGA-SS-A7HO-01Z-00-DX1_15872_11776.jpg,TCGA-SS-A7HO,TCGA-SS-A7HO-01Z-00-DX1,1,0.9990778,1
tumour/TCGA-SS-A7HO-01Z-00-DX1_15872_12800.jpg,TCGA-SS-A7HO,TCGA-SS-A7HO-01Z-00-DX1,1,0.9998617,1
tumour/TCGA-SS-A7HO-01Z-00-DX1_15872_14336.jpg,TCGA-SS-A7HO,TCGA-SS-A7HO-01Z-00-DX1,1,0.9999622,1
tumour/TCGA-SS-A7HO-01Z-00-DX1_15872_15360.jpg,TCGA-SS-A7HO,TCGA-SS-A7HO-01Z-00-DX1,1,0.99998796,1
tumour/TCGA-SS-A7HO-01Z-00-DX1_15872_15872.jpg,TCGA-SS-A7HO,TCGA-SS-A7HO-01Z-00-DX1,1,0.9999956,1
tumour/TCGA-SS-A7HO-01Z-00-DX1_15872_16384.jpg,TCGA-SS-A7HO,TCGA-SS-A7HO-01Z-00-DX1,1,0.9996735,1
tumour/TCGA-SS-A7HO-01Z-00-DX1_15872_17408.jpg,TCGA-SS-A7HO,TCGA-SS-A7HO-01Z-00-DX1,1,0.9999167,1
tumour/TCGA-SS-A7HO-01Z-00-DX1_15872_17920.jpg,TCGA-SS-A7HO,TCGA-SS-A7HO-01Z-00-DX1,1,0.9999782,1
tumour/TCGA-SS-A7HO-01Z-00-DX1_15872_20992.jpg,TCGA-SS-A7HO,TCGA-SS-A7HO-01Z-00-DX1,1,0.99957615,1
tumour/TCGA-SS-A7HO-01Z-00-DX1_15872_22016.jpg,TCGA-SS-A7HO,TCGA-SS-A7HO-01Z-00-DX1,1,0.9991345,1
tumour/TCGA-SS-A7HO-01Z-00-DX1_15872_22528.jpg,TCGA-SS-A7HO,TCGA-SS-A7HO-01Z-00-DX1,1,0.9999759,1
tumour/TCGA-SS-A7HO-01Z-00-DX1_15872_23552.jpg,TCGA-SS-A7HO,TCGA-SS-A7HO-01Z-00-DX1,1,0.9998254,1
tumour/TCGA-SS-A7HO-01Z-00-DX1_15872_24064.jpg,TCGA-SS-A7HO,TCGA-SS-A7HO-01Z-00-DX1,1,0.9995945,1
tumour/TCGA-SS-A7HO-01Z-00-DX1_15872_25600.jpg,TCGA-SS-A7HO,TCGA-SS-A7HO-01Z-00-DX1,1,0.99470276,1
tumour/TCGA-SS-A7HO-01Z-00-DX1_15872_27136.jpg,TCGA-SS-A7HO,TCGA-SS-A7HO-01Z-00-DX1,1,0.99979764,1
tumour/TCGA-SS-A7HO-01Z-00-DX1_15872_27648.jpg,TCGA-SS-A7HO,TCGA-SS-A7HO-01Z-00-DX1,1,0.99953926,1
tumour/TCGA-SS-A7HO-01Z-00-DX1_15872_28160.jpg,TCGA-SS-A7HO,TCGA-SS-A7HO-01Z-00-DX1,1,0.9999676,1
tumour/TCGA-SS-A7HO-01Z-00-DX1_15872_28672.jpg,TCGA-SS-A7HO,TCGA-SS-A7HO-01Z-00-DX1,1,0.99933136,1
tumour/TCGA-SS-A7HO-01Z-00-DX1_15872_30208.jpg,TCGA-SS-A7HO,TCGA-SS-A7HO-01Z-00-DX1,1,0.9943996,1
tumour/TCGA-SS-A7HO-01Z-00-DX1_15872_32768.jpg,TCGA-SS-A7HO,TCGA-SS-A7HO-01Z-00-DX1,1,0.9999783,1
tumour/TCGA-SS-A7HO-01Z-00-DX1_15872_33280.jpg,TCGA-SS-A7HO,TCGA-SS-A7HO-01Z-00-DX1,1,0.9998037,1
tumour/TCGA-SS-A7HO-01Z-00-DX1_15872_5120.jpg,TCGA-SS-A7HO,TCGA-SS-A7HO-01Z-00-DX1,1,0.9999721,1
tumour/TCGA-SS-A7HO-01Z-00-DX1_15872_5632.jpg,TCGA-SS-A7HO,TCGA-SS-A7HO-01Z-00-DX1,1,0.9999727,1
tumour/TCGA-SS-A7HO-01Z-00-DX1_15872_6144.jpg,TCGA-SS-A7HO,TCGA-SS-A7HO-01Z-00-DX1,1,0.9999912,1
tumour/TCGA-SS-A7HO-01Z-00-DX1_15872_6656.jpg,TCGA-SS-A7HO,TCGA-SS-A7HO-01Z-00-DX1,1,0.99999285,1
tumour/TCGA-SS-A7HO-01Z-00-DX1_15872_9216.jpg,TCGA-SS-A7HO,TCGA-SS-A7HO-01Z-00-DX1,1,0.9846064,1
tumour/TCGA-SS-A7HO-01Z-00-DX1_16384_10240.jpg,TCGA-SS-A7HO,TCGA-SS-A7HO-01Z-00-DX1,1,0.99979454,1
tumour/TCGA-SS-A7HO-01Z-00-DX1_16384_10752.jpg,TCGA-SS-A7HO,TCGA-SS-A7HO-01Z-00-DX1,1,0.999843,1
tumour/TCGA-SS-A7HO-01Z-00-DX1_16384_11264.jpg,TCGA-SS-A7HO,TCGA-SS-A7HO-01Z-00-DX1,1,0.99973756,1
tumour/TCGA-SS-A7HO-01Z-00-DX1_16384_12288.jpg,TCGA-SS-A7HO,TCGA-SS-A7HO-01Z-00-DX1,1,0.9998093,1
tumour/TCGA-SS-A7HO-01Z-00-DX1_16384_13312.jpg,TCGA-SS-A7HO,TCGA-SS-A7HO-01Z-00-DX1,1,0.9999919,1
tumour/TCGA-SS-A7HO-01Z-00-DX1_16384_14336.jpg,TCGA-SS-A7HO,TCGA-SS-A7HO-01Z-00-DX1,1,0.9999683,1
tumour/TCGA-SS-A7HO-01Z-00-DX1_16384_16384.jpg,TCGA-SS-A7HO,TCGA-SS-A7HO-01Z-00-DX1,1,0.9996828,1
tumour/TCGA-SS-A7HO-01Z-00-DX1_16384_16896.jpg,TCGA-SS-A7HO,TCGA-SS-A7HO-01Z-00-DX1,1,0.99989605,1
tumour/TCGA-SS-A7HO-01Z-00-DX1_16384_17408.jpg,TCGA-SS-A7HO,TCGA-SS-A7HO-01Z-00-DX1,1,0.9984995,1
tumour/TCGA-SS-A7HO-01Z-00-DX1_16384_18432.jpg,TCGA-SS-A7HO,TCGA-SS-A7HO-01Z-00-DX1,1,0.9999672,1
tumour/TCGA-SS-A7HO-01Z-00-DX1_16384_18944.jpg,TCGA-SS-A7HO,TCGA-SS-A7HO-01Z-00-DX1,1,0.99817526,1
tumour/TCGA-SS-A7HO-01Z-00-DX1_16384_21504.jpg,TCGA-SS-A7HO,TCGA-SS-A7HO-01Z-00-DX1,1,0.99998236,1
tumour/TCGA-SS-A7HO-01Z-00-DX1_16384_22528.jpg,TCGA-SS-A7HO,TCGA-SS-A7HO-01Z-00-DX1,1,0.9998895,1
tumour/TCGA-SS-A7HO-01Z-00-DX1_16384_23040.jpg,TCGA-SS-A7HO,TCGA-SS-A7HO-01Z-00-DX1,1,0.9999987,1
tumour/TCGA-SS-A7HO-01Z-00-DX1_16384_23552.jpg,TCGA-SS-A7HO,TCGA-SS-A7HO-01Z-00-DX1,1,0.9996574,1
tumour/TCGA-SS-A7HO-01Z-00-DX1_16384_24064.jpg,TCGA-SS-A7HO,TCGA-SS-A7HO-01Z-00-DX1,1,0.9978715,1
tumour/TCGA-SS-A7HO-01Z-00-DX1_16384_26624.jpg,TCGA-SS-A7HO,TCGA-SS-A7HO-01Z-00-DX1,1,0.99998224,1
tumour/TCGA-SS-A7HO-01Z-00-DX1_16384_27136.jpg,TCGA-SS-A7HO,TCGA-SS-A7HO-01Z-00-DX1,1,0.9999863,1
tumour/TCGA-SS-A7HO-01Z-00-DX1_16384_28160.jpg,TCGA-SS-A7HO,TCGA-SS-A7HO-01Z-00-DX1,1,0.99999034,1
tumour/TCGA-SS-A7HO-01Z-00-DX1_16384_28672.jpg,TCGA-SS-A7HO,TCGA-SS-A7HO-01Z-00-DX1,1,0.99889,1
tumour/TCGA-SS-A7HO-01Z-00-DX1_16384_30208.jpg,TCGA-SS-A7HO,TCGA-SS-A7HO-01Z-00-DX1,1,0.99974245,1
tumour/TCGA-SS-A7HO-01Z-00-DX1_16384_31744.jpg,TCGA-SS-A7HO,TCGA-SS-A7HO-01Z-00-DX1,1,0.999995,1
tumour/TCGA-SS-A7HO-01Z-00-DX1_16384_32768.jpg,TCGA-SS-A7HO,TCGA-SS-A7HO-01Z-00-DX1,1,0.99991834,1
tumour/TCGA-SS-A7HO-01Z-00-DX1_16384_5120.jpg,TCGA-SS-A7HO,TCGA-SS-A7HO-01Z-00-DX1,1,0.9873351,1
tumour/TCGA-SS-A7HO-01Z-00-DX1_16384_5632.jpg,TCGA-SS-A7HO,TCGA-SS-A7HO-01Z-00-DX1,1,0.9999763,1
tumour/TCGA-SS-A7HO-01Z-00-DX1_16384_6144.jpg,TCGA-SS-A7HO,TCGA-SS-A7HO-01Z-00-DX1,1,0.9999367,1
tumour/TCGA-SS-A7HO-01Z-00-DX1_16384_6656.jpg,TCGA-SS-A7HO,TCGA-SS-A7HO-01Z-00-DX1,1,0.99996996,1
tumour/TCGA-SS-A7HO-01Z-00-DX1_16384_8704.jpg,TCGA-SS-A7HO,TCGA-SS-A7HO-01Z-00-DX1,1,0.98402643,1
tumour/TCGA-SS-A7HO-01Z-00-DX1_16896_10240.jpg,TCGA-SS-A7HO,TCGA-SS-A7HO-01Z-00-DX1,1,0.9948146,1
tumour/TCGA-SS-A7HO-01Z-00-DX1_16896_11776.jpg,TCGA-SS-A7HO,TCGA-SS-A7HO-01Z-00-DX1,1,0.99970895,1
tumour/TCGA-SS-A7HO-01Z-00-DX1_16896_12288.jpg,TCGA-SS-A7HO,TCGA-SS-A7HO-01Z-00-DX1,1,0.9993839,1
tumour/TCGA-SS-A7HO-01Z-00-DX1_16896_15872.jpg,TCGA-SS-A7HO,TCGA-SS-A7HO-01Z-00-DX1,1,0.999696,1
tumour/TCGA-SS-A7HO-01Z-00-DX1_16896_16384.jpg,TCGA-SS-A7HO,TCGA-SS-A7HO-01Z-00-DX1,1,0.99935347,1
tumour/TCGA-SS-A7HO-01Z-00-DX1_16896_16896.jpg,TCGA-SS-A7HO,TCGA-SS-A7HO-01Z-00-DX1,1,0.9999261,1
tumour/TCGA-SS-A7HO-01Z-00-DX1_16896_20480.jpg,TCGA-SS-A7HO,TCGA-SS-A7HO-01Z-00-DX1,1,0.9999963,1
tumour/TCGA-SS-A7HO-01Z-00-DX1_16896_21504.jpg,TCGA-SS-A7HO,TCGA-SS-A7HO-01Z-00-DX1,1,0.99939656,1
tumour/TCGA-SS-A7HO-01Z-00-DX1_16896_23552.jpg,TCGA-SS-A7HO,TCGA-SS-A7HO-01Z-00-DX1,1,0.99512947,1
tumour/TCGA-SS-A7HO-01Z-00-DX1_16896_24576.jpg,TCGA-SS-A7HO,TCGA-SS-A7HO-01Z-00-DX1,1,0.9939023,1
tumour/TCGA-SS-A7HO-01Z-00-DX1_16896_25088.jpg,TCGA-SS-A7HO,TCGA-SS-A7HO-01Z-00-DX1,1,0.9995664,1
tumour/TCGA-SS-A7HO-01Z-00-DX1_16896_26112.jpg,TCGA-SS-A7HO,TCGA-SS-A7HO-01Z-00-DX1,1,0.9985702,1
tumour/TCGA-SS-A7HO-01Z-00-DX1_16896_27136.jpg,TCGA-SS-A7HO,TCGA-SS-A7HO-01Z-00-DX1,1,0.99999523,1
tumour/TCGA-SS-A7HO-01Z-00-DX1_16896_27648.jpg,TCGA-SS-A7HO,TCGA-SS-A7HO-01Z-00-DX1,1,0.9999753,1
tumour/TCGA-SS-A7HO-01Z-00-DX1_16896_28160.jpg,TCGA-SS-A7HO,TCGA-SS-A7HO-01Z-00-DX1,1,0.9999714,1
tumour/TCGA-SS-A7HO-01Z-00-DX1_16896_28672.jpg,TCGA-SS-A7HO,TCGA-SS-A7HO-01Z-00-DX1,1,0.9998485,1
tumour/TCGA-SS-A7HO-01Z-00-DX1_16896_29696.jpg,TCGA-SS-A7HO,TCGA-SS-A7HO-01Z-00-DX1,1,0.9999615,1
tumour/TCGA-SS-A7HO-01Z-00-DX1_16896_30208.jpg,TCGA-SS-A7HO,TCGA-SS-A7HO-01Z-00-DX1,1,0.9999894,1
tumour/TCGA-SS-A7HO-01Z-00-DX1_16896_30720.jpg,TCGA-SS-A7HO,TCGA-SS-A7HO-01Z-00-DX1,1,0.99999714,1
tumour/TCGA-SS-A7HO-01Z-00-DX1_16896_31232.jpg,TCGA-SS-A7HO,TCGA-SS-A7HO-01Z-00-DX1,1,0.99999905,1
tumour/TCGA-SS-A7HO-01Z-00-DX1_16896_32256.jpg,TCGA-SS-A7HO,TCGA-SS-A7HO-01Z-00-DX1,1,0.99989176,1
tumour/TCGA-SS-A7HO-01Z-00-DX1_16896_32768.jpg,TCGA-SS-A7HO,TCGA-SS-A7HO-01Z-00-DX1,1,0.99999976,1
tumour/TCGA-SS-A7HO-01Z-00-DX1_16896_5632.jpg,TCGA-SS-A7HO,TCGA-SS-A7HO-01Z-00-DX1,1,0.9999292,1
tumour/TCGA-SS-A7HO-01Z-00-DX1_16896_6144.jpg,TCGA-SS-A7HO,TCGA-SS-A7HO-01Z-00-DX1,1,0.9998343,1
tumour/TCGA-SS-A7HO-01Z-00-DX1_16896_6656.jpg,TCGA-SS-A7HO,TCGA-SS-A7HO-01Z-00-DX1,1,0.9999629,1
tumour/TCGA-SS-A7HO-01Z-00-DX1_16896_7168.jpg,TCGA-SS-A7HO,TCGA-SS-A7HO-01Z-00-DX1,1,0.9972807,1
tumour/TCGA-SS-A7HO-01Z-00-DX1_16896_8192.jpg,TCGA-SS-A7HO,TCGA-SS-A7HO-01Z-00-DX1,1,0.9919431,1
tumour/TCGA-SS-A7HO-01Z-00-DX1_16896_8704.jpg,TCGA-SS-A7HO,TCGA-SS-A7HO-01Z-00-DX1,1,0.9972193,1
tumour/TCGA-SS-A7HO-01Z-00-DX1_16896_9216.jpg,TCGA-SS-A7HO,TCGA-SS-A7HO-01Z-00-DX1,1,0.9982193,1
tumour/TCGA-SS-A7HO-01Z-00-DX1_17408_11264.jpg,TCGA-SS-A7HO,TCGA-SS-A7HO-01Z-00-DX1,1,0.9070853,1
tumour/TCGA-SS-A7HO-01Z-00-DX1_17408_11776.jpg,TCGA-SS-A7HO,TCGA-SS-A7HO-01Z-00-DX1,1,0.9980134,1
tumour/TCGA-SS-A7HO-01Z-00-DX1_17408_12288.jpg,TCGA-SS-A7HO,TCGA-SS-A7HO-01Z-00-DX1,1,0.99497116,1
tumour/TCGA-SS-A7HO-01Z-00-DX1_17408_13312.jpg,TCGA-SS-A7HO,TCGA-SS-A7HO-01Z-00-DX1,1,0.99999154,1
tumour/TCGA-SS-A7HO-01Z-00-DX1_17408_13824.jpg,TCGA-SS-A7HO,TCGA-SS-A7HO-01Z-00-DX1,1,0.99999905,1
tumour/TCGA-SS-A7HO-01Z-00-DX1_17408_14336.jpg,TCGA-SS-A7HO,TCGA-SS-A7HO-01Z-00-DX1,1,0.9999374,1
tumour/TCGA-SS-A7HO-01Z-00-DX1_17408_14848.jpg,TCGA-SS-A7HO,TCGA-SS-A7HO-01Z-00-DX1,1,0.999995,1
tumour/TCGA-SS-A7HO-01Z-00-DX1_17408_17920.jpg,TCGA-SS-A7HO,TCGA-SS-A7HO-01Z-00-DX1,1,0.99993026,1
tumour/TCGA-SS-A7HO-01Z-00-DX1_17408_18432.jpg,TCGA-SS-A7HO,TCGA-SS-A7HO-01Z-00-DX1,1,0.99998975,1
tumour/TCGA-SS-A7HO-01Z-00-DX1_17408_22528.jpg,TCGA-SS-A7HO,TCGA-SS-A7HO-01Z-00-DX1,1,0.99453306,1
tumour/TCGA-SS-A7HO-01Z-00-DX1_17408_23040.jpg,TCGA-SS-A7HO,TCGA-SS-A7HO-01Z-00-DX1,1,0.9998611,1
tumour/TCGA-SS-A7HO-01Z-00-DX1_17408_24064.jpg,TCGA-SS-A7HO,TCGA-SS-A7HO-01Z-00-DX1,1,0.9944318,1
tumour/TCGA-SS-A7HO-01Z-00-DX1_17408_25088.jpg,TCGA-SS-A7HO,TCGA-SS-A7HO-01Z-00-DX1,1,0.9998617,1
tumour/TCGA-SS-A7HO-01Z-00-DX1_17408_26624.jpg,TCGA-SS-A7HO,TCGA-SS-A7HO-01Z-00-DX1,1,0.9998828,1
tumour/TCGA-SS-A7HO-01Z-00-DX1_17408_28672.jpg,TCGA-SS-A7HO,TCGA-SS-A7HO-01Z-00-DX1,1,0.9998406,1
tumour/TCGA-SS-A7HO-01Z-00-DX1_17408_29184.jpg,TCGA-SS-A7HO,TCGA-SS-A7HO-01Z-00-DX1,1,0.9976672,1
tumour/TCGA-SS-A7HO-01Z-00-DX1_17408_29696.jpg,TCGA-SS-A7HO,TCGA-SS-A7HO-01Z-00-DX1,1,0.9950654,1
tumour/TCGA-SS-A7HO-01Z-00-DX1_17408_30720.jpg,TCGA-SS-A7HO,TCGA-SS-A7HO-01Z-00-DX1,1,0.9999547,1
tumour/TCGA-SS-A7HO-01Z-00-DX1_17408_31744.jpg,TCGA-SS-A7HO,TCGA-SS-A7HO-01Z-00-DX1,1,0.99990404,1
tumour/TCGA-SS-A7HO-01Z-00-DX1_17408_33280.jpg,TCGA-SS-A7HO,TCGA-SS-A7HO-01Z-00-DX1,1,0.9999746,1
tumour/TCGA-SS-A7HO-01Z-00-DX1_17408_33792.jpg,TCGA-SS-A7HO,TCGA-SS-A7HO-01Z-00-DX1,1,0.99744785,1
tumour/TCGA-SS-A7HO-01Z-00-DX1_17408_4608.jpg,TCGA-SS-A7HO,TCGA-SS-A7HO-01Z-00-DX1,1,0.9989279,1
tumour/TCGA-SS-A7HO-01Z-00-DX1_17408_5120.jpg,TCGA-SS-A7HO,TCGA-SS-A7HO-01Z-00-DX1,1,0.99869424,1
tumour/TCGA-SS-A7HO-01Z-00-DX1_17408_7168.jpg,TCGA-SS-A7HO,TCGA-SS-A7HO-01Z-00-DX1,1,0.99970347,1
tumour/TCGA-SS-A7HO-01Z-00-DX1_17408_7680.jpg,TCGA-SS-A7HO,TCGA-SS-A7HO-01Z-00-DX1,1,0.9588863,1
tumour/TCGA-SS-A7HO-01Z-00-DX1_17408_8704.jpg,TCGA-SS-A7HO,TCGA-SS-A7HO-01Z-00-DX1,1,0.9998006,1
tumour/TCGA-SS-A7HO-01Z-00-DX1_17408_9728.jpg,TCGA-SS-A7HO,TCGA-SS-A7HO-01Z-00-DX1,1,0.99940526,1
tumour/TCGA-SS-A7HO-01Z-00-DX1_17920_10240.jpg,TCGA-SS-A7HO,TCGA-SS-A7HO-01Z-00-DX1,1,0.9998443,1
tumour/TCGA-SS-A7HO-01Z-00-DX1_17920_10752.jpg,TCGA-SS-A7HO,TCGA-SS-A7HO-01Z-00-DX1,1,0.99962986,1
tumour/TCGA-SS-A7HO-01Z-00-DX1_17920_11264.jpg,TCGA-SS-A7HO,TCGA-SS-A7HO-01Z-00-DX1,1,0.9999459,1
tumour/TCGA-SS-A7HO-01Z-00-DX1_17920_11776.jpg,TCGA-SS-A7HO,TCGA-SS-A7HO-01Z-00-DX1,1,0.96108264,1
tumour/TCGA-SS-A7HO-01Z-00-DX1_17920_12288.jpg,TCGA-SS-A7HO,TCGA-SS-A7HO-01Z-00-DX1,1,0.85971075,1
tumour/TCGA-SS-A7HO-01Z-00-DX1_17920_12800.jpg,TCGA-SS-A7HO,TCGA-SS-A7HO-01Z-00-DX1,1,0.9991146,1
tumour/TCGA-SS-A7HO-01Z-00-DX1_17920_13312.jpg,TCGA-SS-A7HO,TCGA-SS-A7HO-01Z-00-DX1,1,0.9999776,1
tumour/TCGA-SS-A7HO-01Z-00-DX1_17920_13824.jpg,TCGA-SS-A7HO,TCGA-SS-A7HO-01Z-00-DX1,1,0.9997485,1
tumour/TCGA-SS-A7HO-01Z-00-DX1_17920_15872.jpg,TCGA-SS-A7HO,TCGA-SS-A7HO-01Z-00-DX1,1,0.99995553,1
tumour/TCGA-SS-A7HO-01Z-00-DX1_17920_16384.jpg,TCGA-SS-A7HO,TCGA-SS-A7HO-01Z-00-DX1,1,0.52104264,1
tumour/TCGA-SS-A7HO-01Z-00-DX1_17920_16896.jpg,TCGA-SS-A7HO,TCGA-SS-A7HO-01Z-00-DX1,1,0.89661634,1
tumour/TCGA-SS-A7HO-01Z-00-DX1_17920_17920.jpg,TCGA-SS-A7HO,TCGA-SS-A7HO-01Z-00-DX1,1,0.9999907,1
tumour/TCGA-SS-A7HO-01Z-00-DX1_17920_20480.jpg,TCGA-SS-A7HO,TCGA-SS-A7HO-01Z-00-DX1,1,0.9897473,1
tumour/TCGA-SS-A7HO-01Z-00-DX1_17920_21504.jpg,TCGA-SS-A7HO,TCGA-SS-A7HO-01Z-00-DX1,1,0.9978694,1
tumour/TCGA-SS-A7HO-01Z-00-DX1_17920_22016.jpg,TCGA-SS-A7HO,TCGA-SS-A7HO-01Z-00-DX1,1,0.9999503,1
tumour/TCGA-SS-A7HO-01Z-00-DX1_17920_22528.jpg,TCGA-SS-A7HO,TCGA-SS-A7HO-01Z-00-DX1,1,0.99086905,1
tumour/TCGA-SS-A7HO-01Z-00-DX1_17920_23040.jpg,TCGA-SS-A7HO,TCGA-SS-A7HO-01Z-00-DX1,1,0.99903274,1
tumour/TCGA-SS-A7HO-01Z-00-DX1_17920_23552.jpg,TCGA-SS-A7HO,TCGA-SS-A7HO-01Z-00-DX1,1,0.99205136,1
tumour/TCGA-SS-A7HO-01Z-00-DX1_17920_24064.jpg,TCGA-SS-A7HO,TCGA-SS-A7HO-01Z-00-DX1,1,0.99626666,1
tumour/TCGA-SS-A7HO-01Z-00-DX1_17920_25088.jpg,TCGA-SS-A7HO,TCGA-SS-A7HO-01Z-00-DX1,1,0.9927409,1
tumour/TCGA-SS-A7HO-01Z-00-DX1_17920_25600.jpg,TCGA-SS-A7HO,TCGA-SS-A7HO-01Z-00-DX1,1,0.99997175,1
tumour/TCGA-SS-A7HO-01Z-00-DX1_17920_26112.jpg,TCGA-SS-A7HO,TCGA-SS-A7HO-01Z-00-DX1,1,0.99999106,1
tumour/TCGA-SS-A7HO-01Z-00-DX1_17920_27136.jpg,TCGA-SS-A7HO,TCGA-SS-A7HO-01Z-00-DX1,1,0.99993086,1
tumour/TCGA-SS-A7HO-01Z-00-DX1_17920_27648.jpg,TCGA-SS-A7HO,TCGA-SS-A7HO-01Z-00-DX1,1,0.9980769,1
tumour/TCGA-SS-A7HO-01Z-00-DX1_17920_28160.jpg,TCGA-SS-A7HO,TCGA-SS-A7HO-01Z-00-DX1,1,0.99999905,1
tumour/TCGA-SS-A7HO-01Z-00-DX1_17920_28672.jpg,TCGA-SS-A7HO,TCGA-SS-A7HO-01Z-00-DX1,1,0.9999745,1
tumour/TCGA-SS-A7HO-01Z-00-DX1_17920_29696.jpg,TCGA-SS-A7HO,TCGA-SS-A7HO-01Z-00-DX1,1,0.9996301,1
tumour/TCGA-SS-A7HO-01Z-00-DX1_17920_30720.jpg,TCGA-SS-A7HO,TCGA-SS-A7HO-01Z-00-DX1,1,0.99615,1
tumour/TCGA-SS-A7HO-01Z-00-DX1_17920_31232.jpg,TCGA-SS-A7HO,TCGA-SS-A7HO-01Z-00-DX1,1,0.9999602,1
tumour/TCGA-SS-A7HO-01Z-00-DX1_17920_33280.jpg,TCGA-SS-A7HO,TCGA-SS-A7HO-01Z-00-DX1,1,0.9991072,1
tumour/TCGA-SS-A7HO-01Z-00-DX1_17920_33792.jpg,TCGA-SS-A7HO,TCGA-SS-A7HO-01Z-00-DX1,1,0.9964736,1
tumour/TCGA-SS-A7HO-01Z-00-DX1_17920_4608.jpg,TCGA-SS-A7HO,TCGA-SS-A7HO-01Z-00-DX1,1,0.9992919,1
tumour/TCGA-SS-A7HO-01Z-00-DX1_17920_5120.jpg,TCGA-SS-A7HO,TCGA-SS-A7HO-01Z-00-DX1,1,0.9997998,1
tumour/TCGA-SS-A7HO-01Z-00-DX1_17920_5632.jpg,TCGA-SS-A7HO,TCGA-SS-A7HO-01Z-00-DX1,1,0.99971,1
tumour/TCGA-SS-A7HO-01Z-00-DX1_17920_6144.jpg,TCGA-SS-A7HO,TCGA-SS-A7HO-01Z-00-DX1,1,0.99993753,1
tumour/TCGA-SS-A7HO-01Z-00-DX1_17920_7680.jpg,TCGA-SS-A7HO,TCGA-SS-A7HO-01Z-00-DX1,1,0.9950907,1
tumour/TCGA-SS-A7HO-01Z-00-DX1_17920_8704.jpg,TCGA-SS-A7HO,TCGA-SS-A7HO-01Z-00-DX1,1,0.99973744,1
tumour/TCGA-SS-A7HO-01Z-00-DX1_17920_9216.jpg,TCGA-SS-A7HO,TCGA-SS-A7HO-01Z-00-DX1,1,0.9999484,1
tumour/TCGA-SS-A7HO-01Z-00-DX1_17920_9728.jpg,TCGA-SS-A7HO,TCGA-SS-A7HO-01Z-00-DX1,1,0.99769384,1
tumour/TCGA-SS-A7HO-01Z-00-DX1_18432_10240.jpg,TCGA-SS-A7HO,TCGA-SS-A7HO-01Z-00-DX1,1,0.9995952,1
tumour/TCGA-SS-A7HO-01Z-00-DX1_18432_10752.jpg,TCGA-SS-A7HO,TCGA-SS-A7HO-01Z-00-DX1,1,0.99957556,1
tumour/TCGA-SS-A7HO-01Z-00-DX1_18432_12288.jpg,TCGA-SS-A7HO,TCGA-SS-A7HO-01Z-00-DX1,1,0.9831913,1
tumour/TCGA-SS-A7HO-01Z-00-DX1_18432_12800.jpg,TCGA-SS-A7HO,TCGA-SS-A7HO-01Z-00-DX1,1,0.9979526,1
tumour/TCGA-SS-A7HO-01Z-00-DX1_18432_13312.jpg,TCGA-SS-A7HO,TCGA-SS-A7HO-01Z-00-DX1,1,0.99765366,1
tumour/TCGA-SS-A7HO-01Z-00-DX1_18432_13824.jpg,TCGA-SS-A7HO,TCGA-SS-A7HO-01Z-00-DX1,1,0.9964719,1
tumour/TCGA-SS-A7HO-01Z-00-DX1_18432_14336.jpg,TCGA-SS-A7HO,TCGA-SS-A7HO-01Z-00-DX1,1,0.98702246,1
tumour/TCGA-SS-A7HO-01Z-00-DX1_18432_14848.jpg,TCGA-SS-A7HO,TCGA-SS-A7HO-01Z-00-DX1,1,0.9999418,1
tumour/TCGA-SS-A7HO-01Z-00-DX1_18432_16384.jpg,TCGA-SS-A7HO,TCGA-SS-A7HO-01Z-00-DX1,1,0.0687786,0
tumour/TCGA-SS-A7HO-01Z-00-DX1_18432_20992.jpg,TCGA-SS-A7HO,TCGA-SS-A7HO-01Z-00-DX1,1,0.99994016,1
tumour/TCGA-SS-A7HO-01Z-00-DX1_18432_21504.jpg,TCGA-SS-A7HO,TCGA-SS-A7HO-01Z-00-DX1,1,0.9999455,1
tumour/TCGA-SS-A7HO-01Z-00-DX1_18432_22016.jpg,TCGA-SS-A7HO,TCGA-SS-A7HO-01Z-00-DX1,1,0.9994648,1
tumour/TCGA-SS-A7HO-01Z-00-DX1_18432_23040.jpg,TCGA-SS-A7HO,TCGA-SS-A7HO-01Z-00-DX1,1,0.9972915,1
tumour/TCGA-SS-A7HO-01Z-00-DX1_18432_23552.jpg,TCGA-SS-A7HO,TCGA-SS-A7HO-01Z-00-DX1,1,0.9620001,1
tumour/TCGA-SS-A7HO-01Z-00-DX1_18432_24064.jpg,TCGA-SS-A7HO,TCGA-SS-A7HO-01Z-00-DX1,1,0.99938715,1
tumour/TCGA-SS-A7HO-01Z-00-DX1_18432_24576.jpg,TCGA-SS-A7HO,TCGA-SS-A7HO-01Z-00-DX1,1,0.99981624,1
tumour/TCGA-SS-A7HO-01Z-00-DX1_18432_25088.jpg,TCGA-SS-A7HO,TCGA-SS-A7HO-01Z-00-DX1,1,0.9999893,1
tumour/TCGA-SS-A7HO-01Z-00-DX1_18432_27136.jpg,TCGA-SS-A7HO,TCGA-SS-A7HO-01Z-00-DX1,1,0.9998667,1
tumour/TCGA-SS-A7HO-01Z-00-DX1_18432_28672.jpg,TCGA-SS-A7HO,TCGA-SS-A7HO-01Z-00-DX1,1,0.9999565,1
tumour/TCGA-SS-A7HO-01Z-00-DX1_18432_32256.jpg,TCGA-SS-A7HO,TCGA-SS-A7HO-01Z-00-DX1,1,0.99966884,1
tumour/TCGA-SS-A7HO-01Z-00-DX1_18432_32768.jpg,TCGA-SS-A7HO,TCGA-SS-A7HO-01Z-00-DX1,1,0.99849546,1
tumour/TCGA-SS-A7HO-01Z-00-DX1_18432_33280.jpg,TCGA-SS-A7HO,TCGA-SS-A7HO-01Z-00-DX1,1,0.9997482,1
tumour/TCGA-SS-A7HO-01Z-00-DX1_18432_33792.jpg,TCGA-SS-A7HO,TCGA-SS-A7HO-01Z-00-DX1,1,0.99985266,1
tumour/TCGA-SS-A7HO-01Z-00-DX1_18432_4096.jpg,TCGA-SS-A7HO,TCGA-SS-A7HO-01Z-00-DX1,1,0.99985445,1
tumour/TCGA-SS-A7HO-01Z-00-DX1_18432_5632.jpg,TCGA-SS-A7HO,TCGA-SS-A7HO-01Z-00-DX1,1,0.9939884,1
tumour/TCGA-SS-A7HO-01Z-00-DX1_18432_6656.jpg,TCGA-SS-A7HO,TCGA-SS-A7HO-01Z-00-DX1,1,0.99988496,1
tumour/TCGA-SS-A7HO-01Z-00-DX1_18432_8192.jpg,TCGA-SS-A7HO,TCGA-SS-A7HO-01Z-00-DX1,1,0.99989295,1
tumour/TCGA-SS-A7HO-01Z-00-DX1_18432_9216.jpg,TCGA-SS-A7HO,TCGA-SS-A7HO-01Z-00-DX1,1,0.99947757,1
tumour/TCGA-SS-A7HO-01Z-00-DX1_18432_9728.jpg,TCGA-SS-A7HO,TCGA-SS-A7HO-01Z-00-DX1,1,0.99999416,1
tumour/TCGA-SS-A7HO-01Z-00-DX1_18944_11264.jpg,TCGA-SS-A7HO,TCGA-SS-A7HO-01Z-00-DX1,1,0.9998648,1
tumour/TCGA-SS-A7HO-01Z-00-DX1_18944_11776.jpg,TCGA-SS-A7HO,TCGA-SS-A7HO-01Z-00-DX1,1,0.94322646,1
tumour/TCGA-SS-A7HO-01Z-00-DX1_18944_12288.jpg,TCGA-SS-A7HO,TCGA-SS-A7HO-01Z-00-DX1,1,0.9606029,1
tumour/TCGA-SS-A7HO-01Z-00-DX1_18944_14848.jpg,TCGA-SS-A7HO,TCGA-SS-A7HO-01Z-00-DX1,1,0.99989223,1
tumour/TCGA-SS-A7HO-01Z-00-DX1_18944_17408.jpg,TCGA-SS-A7HO,TCGA-SS-A7HO-01Z-00-DX1,1,0.9960693,1
tumour/TCGA-SS-A7HO-01Z-00-DX1_18944_20480.jpg,TCGA-SS-A7HO,TCGA-SS-A7HO-01Z-00-DX1,1,0.99962616,1
tumour/TCGA-SS-A7HO-01Z-00-DX1_18944_22016.jpg,TCGA-SS-A7HO,TCGA-SS-A7HO-01Z-00-DX1,1,0.9999144,1
tumour/TCGA-SS-A7HO-01Z-00-DX1_18944_22528.jpg,TCGA-SS-A7HO,TCGA-SS-A7HO-01Z-00-DX1,1,0.9987692,1
tumour/TCGA-SS-A7HO-01Z-00-DX1_18944_23040.jpg,TCGA-SS-A7HO,TCGA-SS-A7HO-01Z-00-DX1,1,0.9957302,1
tumour/TCGA-SS-A7HO-01Z-00-DX1_18944_24064.jpg,TCGA-SS-A7HO,TCGA-SS-A7HO-01Z-00-DX1,1,0.99969053,1
tumour/TCGA-SS-A7HO-01Z-00-DX1_18944_25600.jpg,TCGA-SS-A7HO,TCGA-SS-A7HO-01Z-00-DX1,1,0.9999591,1
tumour/TCGA-SS-A7HO-01Z-00-DX1_18944_26112.jpg,TCGA-SS-A7HO,TCGA-SS-A7HO-01Z-00-DX1,1,0.999567,1
tumour/TCGA-SS-A7HO-01Z-00-DX1_18944_26624.jpg,TCGA-SS-A7HO,TCGA-SS-A7HO-01Z-00-DX1,1,0.99999475,1
tumour/TCGA-SS-A7HO-01Z-00-DX1_18944_27648.jpg,TCGA-SS-A7HO,TCGA-SS-A7HO-01Z-00-DX1,1,0.9997547,1
tumour/TCGA-SS-A7HO-01Z-00-DX1_18944_29184.jpg,TCGA-SS-A7HO,TCGA-SS-A7HO-01Z-00-DX1,1,0.9999074,1
tumour/TCGA-SS-A7HO-01Z-00-DX1_18944_31232.jpg,TCGA-SS-A7HO,TCGA-SS-A7HO-01Z-00-DX1,1,0.99974555,1
tumour/TCGA-SS-A7HO-01Z-00-DX1_18944_31744.jpg,TCGA-SS-A7HO,TCGA-SS-A7HO-01Z-00-DX1,1,0.99966073,1
tumour/TCGA-SS-A7HO-01Z-00-DX1_18944_32256.jpg,TCGA-SS-A7HO,TCGA-SS-A7HO-01Z-00-DX1,1,0.99905664,1
tumour/TCGA-SS-A7HO-01Z-00-DX1_18944_32768.jpg,TCGA-SS-A7HO,TCGA-SS-A7HO-01Z-00-DX1,1,0.99997854,1
tumour/TCGA-SS-A7HO-01Z-00-DX1_18944_33792.jpg,TCGA-SS-A7HO,TCGA-SS-A7HO-01Z-00-DX1,1,0.999938,1
tumour/TCGA-SS-A7HO-01Z-00-DX1_18944_5120.jpg,TCGA-SS-A7HO,TCGA-SS-A7HO-01Z-00-DX1,1,0.99997675,1
tumour/TCGA-SS-A7HO-01Z-00-DX1_18944_5632.jpg,TCGA-SS-A7HO,TCGA-SS-A7HO-01Z-00-DX1,1,0.99954885,1
tumour/TCGA-SS-A7HO-01Z-00-DX1_18944_6656.jpg,TCGA-SS-A7HO,TCGA-SS-A7HO-01Z-00-DX1,1,0.9994831,1
tumour/TCGA-SS-A7HO-01Z-00-DX1_18944_7168.jpg,TCGA-SS-A7HO,TCGA-SS-A7HO-01Z-00-DX1,1,0.99958974,1
tumour/TCGA-SS-A7HO-01Z-00-DX1_18944_7680.jpg,TCGA-SS-A7HO,TCGA-SS-A7HO-01Z-00-DX1,1,0.99804866,1
tumour/TCGA-SS-A7HO-01Z-00-DX1_18944_9728.jpg,TCGA-SS-A7HO,TCGA-SS-A7HO-01Z-00-DX1,1,0.9999769,1
tumour/TCGA-SS-A7HO-01Z-00-DX1_19456_10240.jpg,TCGA-SS-A7HO,TCGA-SS-A7HO-01Z-00-DX1,1,0.99998677,1
tumour/TCGA-SS-A7HO-01Z-00-DX1_19456_10752.jpg,TCGA-SS-A7HO,TCGA-SS-A7HO-01Z-00-DX1,1,0.99990606,1
tumour/TCGA-SS-A7HO-01Z-00-DX1_19456_12288.jpg,TCGA-SS-A7HO,TCGA-SS-A7HO-01Z-00-DX1,1,0.9973781,1
tumour/TCGA-SS-A7HO-01Z-00-DX1_19456_12800.jpg,TCGA-SS-A7HO,TCGA-SS-A7HO-01Z-00-DX1,1,0.9985526,1
tumour/TCGA-SS-A7HO-01Z-00-DX1_19456_13312.jpg,TCGA-SS-A7HO,TCGA-SS-A7HO-01Z-00-DX1,1,0.9999964,1
tumour/TCGA-SS-A7HO-01Z-00-DX1_19456_16384.jpg,TCGA-SS-A7HO,TCGA-SS-A7HO-01Z-00-DX1,1,0.9995552,1
tumour/TCGA-SS-A7HO-01Z-00-DX1_19456_16896.jpg,TCGA-SS-A7HO,TCGA-SS-A7HO-01Z-00-DX1,1,0.9940637,1
tumour/TCGA-SS-A7HO-01Z-00-DX1_19456_17920.jpg,TCGA-SS-A7HO,TCGA-SS-A7HO-01Z-00-DX1,1,0.99568117,1
tumour/TCGA-SS-A7HO-01Z-00-DX1_19456_20480.jpg,TCGA-SS-A7HO,TCGA-SS-A7HO-01Z-00-DX1,1,0.9998965,1
tumour/TCGA-SS-A7HO-01Z-00-DX1_19456_20992.jpg,TCGA-SS-A7HO,TCGA-SS-A7HO-01Z-00-DX1,1,0.99994993,1
tumour/TCGA-SS-A7HO-01Z-00-DX1_19456_21504.jpg,TCGA-SS-A7HO,TCGA-SS-A7HO-01Z-00-DX1,1,0.9998037,1
tumour/TCGA-SS-A7HO-01Z-00-DX1_19456_22528.jpg,TCGA-SS-A7HO,TCGA-SS-A7HO-01Z-00-DX1,1,0.9999695,1
tumour/TCGA-SS-A7HO-01Z-00-DX1_19456_23040.jpg,TCGA-SS-A7HO,TCGA-SS-A7HO-01Z-00-DX1,1,0.9976223,1
tumour/TCGA-SS-A7HO-01Z-00-DX1_19456_23552.jpg,TCGA-SS-A7HO,TCGA-SS-A7HO-01Z-00-DX1,1,0.9999119,1
tumour/TCGA-SS-A7HO-01Z-00-DX1_19456_24064.jpg,TCGA-SS-A7HO,TCGA-SS-A7HO-01Z-00-DX1,1,0.9572346,1
tumour/TCGA-SS-A7HO-01Z-00-DX1_19456_25600.jpg,TCGA-SS-A7HO,TCGA-SS-A7HO-01Z-00-DX1,1,0.97158694,1
tumour/TCGA-SS-A7HO-01Z-00-DX1_19456_28160.jpg,TCGA-SS-A7HO,TCGA-SS-A7HO-01Z-00-DX1,1,0.99988914,1
tumour/TCGA-SS-A7HO-01Z-00-DX1_19456_29696.jpg,TCGA-SS-A7HO,TCGA-SS-A7HO-01Z-00-DX1,1,0.99993885,1
tumour/TCGA-SS-A7HO-01Z-00-DX1_19456_31232.jpg,TCGA-SS-A7HO,TCGA-SS-A7HO-01Z-00-DX1,1,0.99970514,1
tumour/TCGA-SS-A7HO-01Z-00-DX1_19456_33792.jpg,TCGA-SS-A7HO,TCGA-SS-A7HO-01Z-00-DX1,1,0.99998057,1
tumour/TCGA-SS-A7HO-01Z-00-DX1_19456_5120.jpg,TCGA-SS-A7HO,TCGA-SS-A7HO-01Z-00-DX1,1,0.99993074,1
tumour/TCGA-SS-A7HO-01Z-00-DX1_19456_5632.jpg,TCGA-SS-A7HO,TCGA-SS-A7HO-01Z-00-DX1,1,0.99990857,1
tumour/TCGA-SS-A7HO-01Z-00-DX1_19456_6144.jpg,TCGA-SS-A7HO,TCGA-SS-A7HO-01Z-00-DX1,1,0.9999529,1
tumour/TCGA-SS-A7HO-01Z-00-DX1_19456_6656.jpg,TCGA-SS-A7HO,TCGA-SS-A7HO-01Z-00-DX1,1,0.99490285,1
tumour/TCGA-SS-A7HO-01Z-00-DX1_19456_7168.jpg,TCGA-SS-A7HO,TCGA-SS-A7HO-01Z-00-DX1,1,0.98320884,1
tumour/TCGA-SS-A7HO-01Z-00-DX1_19456_7680.jpg,TCGA-SS-A7HO,TCGA-SS-A7HO-01Z-00-DX1,1,0.990812,1
tumour/TCGA-SS-A7HO-01Z-00-DX1_19968_10240.jpg,TCGA-SS-A7HO,TCGA-SS-A7HO-01Z-00-DX1,1,0.9999821,1
tumour/TCGA-SS-A7HO-01Z-00-DX1_19968_10752.jpg,TCGA-SS-A7HO,TCGA-SS-A7HO-01Z-00-DX1,1,0.9998845,1
tumour/TCGA-SS-A7HO-01Z-00-DX1_19968_11264.jpg,TCGA-SS-A7HO,TCGA-SS-A7HO-01Z-00-DX1,1,0.9993876,1
tumour/TCGA-SS-A7HO-01Z-00-DX1_19968_12800.jpg,TCGA-SS-A7HO,TCGA-SS-A7HO-01Z-00-DX1,1,0.99974805,1
tumour/TCGA-SS-A7HO-01Z-00-DX1_19968_13824.jpg,TCGA-SS-A7HO,TCGA-SS-A7HO-01Z-00-DX1,1,0.9999683,1
tumour/TCGA-SS-A7HO-01Z-00-DX1_19968_15360.jpg,TCGA-SS-A7HO,TCGA-SS-A7HO-01Z-00-DX1,1,0.910938,1
tumour/TCGA-SS-A7HO-01Z-00-DX1_19968_17920.jpg,TCGA-SS-A7HO,TCGA-SS-A7HO-01Z-00-DX1,1,0.99973994,1
tumour/TCGA-SS-A7HO-01Z-00-DX1_19968_26624.jpg,TCGA-SS-A7HO,TCGA-SS-A7HO-01Z-00-DX1,1,0.9994654,1
tumour/TCGA-SS-A7HO-01Z-00-DX1_19968_27648.jpg,TCGA-SS-A7HO,TCGA-SS-A7HO-01Z-00-DX1,1,0.9979286,1
tumour/TCGA-SS-A7HO-01Z-00-DX1_19968_29184.jpg,TCGA-SS-A7HO,TCGA-SS-A7HO-01Z-00-DX1,1,0.9959771,1
tumour/TCGA-SS-A7HO-01Z-00-DX1_19968_30208.jpg,TCGA-SS-A7HO,TCGA-SS-A7HO-01Z-00-DX1,1,0.99968004,1
tumour/TCGA-SS-A7HO-01Z-00-DX1_19968_31232.jpg,TCGA-SS-A7HO,TCGA-SS-A7HO-01Z-00-DX1,1,1.0,1
tumour/TCGA-SS-A7HO-01Z-00-DX1_19968_32256.jpg,TCGA-SS-A7HO,TCGA-SS-A7HO-01Z-00-DX1,1,0.9999902,1
tumour/TCGA-SS-A7HO-01Z-00-DX1_19968_33280.jpg,TCGA-SS-A7HO,TCGA-SS-A7HO-01Z-00-DX1,1,0.9999995,1
tumour/TCGA-SS-A7HO-01Z-00-DX1_19968_33792.jpg,TCGA-SS-A7HO,TCGA-SS-A7HO-01Z-00-DX1,1,0.99998033,1
tumour/TCGA-SS-A7HO-01Z-00-DX1_19968_34304.jpg,TCGA-SS-A7HO,TCGA-SS-A7HO-01Z-00-DX1,1,0.9999957,1
tumour/TCGA-SS-A7HO-01Z-00-DX1_19968_5120.jpg,TCGA-SS-A7HO,TCGA-SS-A7HO-01Z-00-DX1,1,0.9927833,1
tumour/TCGA-SS-A7HO-01Z-00-DX1_19968_5632.jpg,TCGA-SS-A7HO,TCGA-SS-A7HO-01Z-00-DX1,1,0.9956317,1
tumour/TCGA-SS-A7HO-01Z-00-DX1_19968_6144.jpg,TCGA-SS-A7HO,TCGA-SS-A7HO-01Z-00-DX1,1,0.99983597,1
tumour/TCGA-SS-A7HO-01Z-00-DX1_19968_8704.jpg,TCGA-SS-A7HO,TCGA-SS-A7HO-01Z-00-DX1,1,0.99991524,1
tumour/TCGA-SS-A7HO-01Z-00-DX1_20480_10240.jpg,TCGA-SS-A7HO,TCGA-SS-A7HO-01Z-00-DX1,1,0.99999964,1
tumour/TCGA-SS-A7HO-01Z-00-DX1_20480_15360.jpg,TCGA-SS-A7HO,TCGA-SS-A7HO-01Z-00-DX1,1,0.9919801,1
tumour/TCGA-SS-A7HO-01Z-00-DX1_20480_15872.jpg,TCGA-SS-A7HO,TCGA-SS-A7HO-01Z-00-DX1,1,0.99922884,1
tumour/TCGA-SS-A7HO-01Z-00-DX1_20480_17920.jpg,TCGA-SS-A7HO,TCGA-SS-A7HO-01Z-00-DX1,1,0.99985516,1
tumour/TCGA-SS-A7HO-01Z-00-DX1_20480_18432.jpg,TCGA-SS-A7HO,TCGA-SS-A7HO-01Z-00-DX1,1,0.99736255,1
tumour/TCGA-SS-A7HO-01Z-00-DX1_20480_20480.jpg,TCGA-SS-A7HO,TCGA-SS-A7HO-01Z-00-DX1,1,0.99959093,1
tumour/TCGA-SS-A7HO-01Z-00-DX1_20480_22016.jpg,TCGA-SS-A7HO,TCGA-SS-A7HO-01Z-00-DX1,1,0.9999497,1
tumour/TCGA-SS-A7HO-01Z-00-DX1_20480_23552.jpg,TCGA-SS-A7HO,TCGA-SS-A7HO-01Z-00-DX1,1,0.99996436,1
tumour/TCGA-SS-A7HO-01Z-00-DX1_20480_24064.jpg,TCGA-SS-A7HO,TCGA-SS-A7HO-01Z-00-DX1,1,0.9998091,1
tumour/TCGA-SS-A7HO-01Z-00-DX1_20480_25088.jpg,TCGA-SS-A7HO,TCGA-SS-A7HO-01Z-00-DX1,1,0.9975473,1
tumour/TCGA-SS-A7HO-01Z-00-DX1_20480_25600.jpg,TCGA-SS-A7HO,TCGA-SS-A7HO-01Z-00-DX1,1,0.9900575,1
tumour/TCGA-SS-A7HO-01Z-00-DX1_20480_27136.jpg,TCGA-SS-A7HO,TCGA-SS-A7HO-01Z-00-DX1,1,0.99874085,1
tumour/TCGA-SS-A7HO-01Z-00-DX1_20480_27648.jpg,TCGA-SS-A7HO,TCGA-SS-A7HO-01Z-00-DX1,1,0.99997973,1
tumour/TCGA-SS-A7HO-01Z-00-DX1_20480_28160.jpg,TCGA-SS-A7HO,TCGA-SS-A7HO-01Z-00-DX1,1,0.99930906,1
tumour/TCGA-SS-A7HO-01Z-00-DX1_20480_29184.jpg,TCGA-SS-A7HO,TCGA-SS-A7HO-01Z-00-DX1,1,0.9997663,1
tumour/TCGA-SS-A7HO-01Z-00-DX1_20480_31744.jpg,TCGA-SS-A7HO,TCGA-SS-A7HO-01Z-00-DX1,1,0.99995995,1
tumour/TCGA-SS-A7HO-01Z-00-DX1_20480_32768.jpg,TCGA-SS-A7HO,TCGA-SS-A7HO-01Z-00-DX1,1,0.99999905,1
tumour/TCGA-SS-A7HO-01Z-00-DX1_20480_33280.jpg,TCGA-SS-A7HO,TCGA-SS-A7HO-01Z-00-DX1,1,0.9999788,1
tumour/TCGA-SS-A7HO-01Z-00-DX1_20480_34304.jpg,TCGA-SS-A7HO,TCGA-SS-A7HO-01Z-00-DX1,1,0.99999285,1
tumour/TCGA-SS-A7HO-01Z-00-DX1_20480_4608.jpg,TCGA-SS-A7HO,TCGA-SS-A7HO-01Z-00-DX1,1,0.99958175,1
tumour/TCGA-SS-A7HO-01Z-00-DX1_20480_5632.jpg,TCGA-SS-A7HO,TCGA-SS-A7HO-01Z-00-DX1,1,0.9938512,1
tumour/TCGA-SS-A7HO-01Z-00-DX1_20480_6144.jpg,TCGA-SS-A7HO,TCGA-SS-A7HO-01Z-00-DX1,1,0.99914134,1
tumour/TCGA-SS-A7HO-01Z-00-DX1_20480_7168.jpg,TCGA-SS-A7HO,TCGA-SS-A7HO-01Z-00-DX1,1,0.9945246,1
tumour/TCGA-SS-A7HO-01Z-00-DX1_20480_7680.jpg,TCGA-SS-A7HO,TCGA-SS-A7HO-01Z-00-DX1,1,0.9996495,1
tumour/TCGA-SS-A7HO-01Z-00-DX1_20480_8192.jpg,TCGA-SS-A7HO,TCGA-SS-A7HO-01Z-00-DX1,1,0.9997818,1
tumour/TCGA-SS-A7HO-01Z-00-DX1_20480_9728.jpg,TCGA-SS-A7HO,TCGA-SS-A7HO-01Z-00-DX1,1,0.999808,1
tumour/TCGA-SS-A7HO-01Z-00-DX1_20992_10240.jpg,TCGA-SS-A7HO,TCGA-SS-A7HO-01Z-00-DX1,1,0.9976451,1
tumour/TCGA-SS-A7HO-01Z-00-DX1_20992_11264.jpg,TCGA-SS-A7HO,TCGA-SS-A7HO-01Z-00-DX1,1,0.99772435,1
tumour/TCGA-SS-A7HO-01Z-00-DX1_20992_14848.jpg,TCGA-SS-A7HO,TCGA-SS-A7HO-01Z-00-DX1,1,0.9989299,1
tumour/TCGA-SS-A7HO-01Z-00-DX1_20992_15360.jpg,TCGA-SS-A7HO,TCGA-SS-A7HO-01Z-00-DX1,1,0.9999219,1
tumour/TCGA-SS-A7HO-01Z-00-DX1_20992_15872.jpg,TCGA-SS-A7HO,TCGA-SS-A7HO-01Z-00-DX1,1,0.99949133,1
tumour/TCGA-SS-A7HO-01Z-00-DX1_20992_17408.jpg,TCGA-SS-A7HO,TCGA-SS-A7HO-01Z-00-DX1,1,0.99950206,1
tumour/TCGA-SS-A7HO-01Z-00-DX1_20992_18432.jpg,TCGA-SS-A7HO,TCGA-SS-A7HO-01Z-00-DX1,1,0.99983954,1
tumour/TCGA-SS-A7HO-01Z-00-DX1_20992_19968.jpg,TCGA-SS-A7HO,TCGA-SS-A7HO-01Z-00-DX1,1,0.802842,1
tumour/TCGA-SS-A7HO-01Z-00-DX1_20992_20480.jpg,TCGA-SS-A7HO,TCGA-SS-A7HO-01Z-00-DX1,1,0.99999154,1
tumour/TCGA-SS-A7HO-01Z-00-DX1_20992_20992.jpg,TCGA-SS-A7HO,TCGA-SS-A7HO-01Z-00-DX1,1,0.99980694,1
tumour/TCGA-SS-A7HO-01Z-00-DX1_20992_24064.jpg,TCGA-SS-A7HO,TCGA-SS-A7HO-01Z-00-DX1,1,0.99907994,1
tumour/TCGA-SS-A7HO-01Z-00-DX1_20992_25600.jpg,TCGA-SS-A7HO,TCGA-SS-A7HO-01Z-00-DX1,1,0.9994925,1
tumour/TCGA-SS-A7HO-01Z-00-DX1_20992_26112.jpg,TCGA-SS-A7HO,TCGA-SS-A7HO-01Z-00-DX1,1,0.99979967,1
tumour/TCGA-SS-A7HO-01Z-00-DX1_20992_28672.jpg,TCGA-SS-A7HO,TCGA-SS-A7HO-01Z-00-DX1,1,0.999111,1
tumour/TCGA-SS-A7HO-01Z-00-DX1_20992_29696.jpg,TCGA-SS-A7HO,TCGA-SS-A7HO-01Z-00-DX1,1,0.99991095,1
tumour/TCGA-SS-A7HO-01Z-00-DX1_20992_31744.jpg,TCGA-SS-A7HO,TCGA-SS-A7HO-01Z-00-DX1,1,0.9998722,1
tumour/TCGA-SS-A7HO-01Z-00-DX1_20992_32768.jpg,TCGA-SS-A7HO,TCGA-SS-A7HO-01Z-00-DX1,1,0.9999467,1
tumour/TCGA-SS-A7HO-01Z-00-DX1_20992_33280.jpg,TCGA-SS-A7HO,TCGA-SS-A7HO-01Z-00-DX1,1,0.99991417,1
tumour/TCGA-SS-A7HO-01Z-00-DX1_20992_33792.jpg,TCGA-SS-A7HO,TCGA-SS-A7HO-01Z-00-DX1,1,0.99998736,1
tumour/TCGA-SS-A7HO-01Z-00-DX1_20992_34816.jpg,TCGA-SS-A7HO,TCGA-SS-A7HO-01Z-00-DX1,1,0.9999906,1
tumour/TCGA-SS-A7HO-01Z-00-DX1_20992_7680.jpg,TCGA-SS-A7HO,TCGA-SS-A7HO-01Z-00-DX1,1,0.9999298,1
tumour/TCGA-SS-A7HO-01Z-00-DX1_20992_8192.jpg,TCGA-SS-A7HO,TCGA-SS-A7HO-01Z-00-DX1,1,0.9991677,1
tumour/TCGA-SS-A7HO-01Z-00-DX1_20992_8704.jpg,TCGA-SS-A7HO,TCGA-SS-A7HO-01Z-00-DX1,1,0.99896336,1
tumour/TCGA-SS-A7HO-01Z-00-DX1_20992_9216.jpg,TCGA-SS-A7HO,TCGA-SS-A7HO-01Z-00-DX1,1,0.99993217,1
tumour/TCGA-SS-A7HO-01Z-00-DX1_21504_12288.jpg,TCGA-SS-A7HO,TCGA-SS-A7HO-01Z-00-DX1,1,0.99919766,1
tumour/TCGA-SS-A7HO-01Z-00-DX1_21504_14336.jpg,TCGA-SS-A7HO,TCGA-SS-A7HO-01Z-00-DX1,1,0.9988267,1
tumour/TCGA-SS-A7HO-01Z-00-DX1_21504_14848.jpg,TCGA-SS-A7HO,TCGA-SS-A7HO-01Z-00-DX1,1,0.9977514,1
tumour/TCGA-SS-A7HO-01Z-00-DX1_21504_15360.jpg,TCGA-SS-A7HO,TCGA-SS-A7HO-01Z-00-DX1,1,0.9996866,1
tumour/TCGA-SS-A7HO-01Z-00-DX1_21504_15872.jpg,TCGA-SS-A7HO,TCGA-SS-A7HO-01Z-00-DX1,1,0.99958175,1
tumour/TCGA-SS-A7HO-01Z-00-DX1_21504_16384.jpg,TCGA-SS-A7HO,TCGA-SS-A7HO-01Z-00-DX1,1,0.99981946,1
tumour/TCGA-SS-A7HO-01Z-00-DX1_21504_16896.jpg,TCGA-SS-A7HO,TCGA-SS-A7HO-01Z-00-DX1,1,0.99994326,1
tumour/TCGA-SS-A7HO-01Z-00-DX1_21504_17920.jpg,TCGA-SS-A7HO,TCGA-SS-A7HO-01Z-00-DX1,1,0.99790287,1
tumour/TCGA-SS-A7HO-01Z-00-DX1_21504_18432.jpg,TCGA-SS-A7HO,TCGA-SS-A7HO-01Z-00-DX1,1,0.9905494,1
tumour/TCGA-SS-A7HO-01Z-00-DX1_21504_18944.jpg,TCGA-SS-A7HO,TCGA-SS-A7HO-01Z-00-DX1,1,0.9996823,1
tumour/TCGA-SS-A7HO-01Z-00-DX1_21504_19968.jpg,TCGA-SS-A7HO,TCGA-SS-A7HO-01Z-00-DX1,1,0.9983284,1
tumour/TCGA-SS-A7HO-01Z-00-DX1_21504_20480.jpg,TCGA-SS-A7HO,TCGA-SS-A7HO-01Z-00-DX1,1,0.99790645,1
tumour/TCGA-SS-A7HO-01Z-00-DX1_21504_20992.jpg,TCGA-SS-A7HO,TCGA-SS-A7HO-01Z-00-DX1,1,0.99998724,1
tumour/TCGA-SS-A7HO-01Z-00-DX1_21504_22016.jpg,TCGA-SS-A7HO,TCGA-SS-A7HO-01Z-00-DX1,1,0.9994863,1
tumour/TCGA-SS-A7HO-01Z-00-DX1_21504_24064.jpg,TCGA-SS-A7HO,TCGA-SS-A7HO-01Z-00-DX1,1,0.9996712,1
tumour/TCGA-SS-A7HO-01Z-00-DX1_21504_25088.jpg,TCGA-SS-A7HO,TCGA-SS-A7HO-01Z-00-DX1,1,0.9997814,1
tumour/TCGA-SS-A7HO-01Z-00-DX1_21504_25600.jpg,TCGA-SS-A7HO,TCGA-SS-A7HO-01Z-00-DX1,1,0.9993198,1
tumour/TCGA-SS-A7HO-01Z-00-DX1_21504_26624.jpg,TCGA-SS-A7HO,TCGA-SS-A7HO-01Z-00-DX1,1,0.99982196,1
tumour/TCGA-SS-A7HO-01Z-00-DX1_21504_28160.jpg,TCGA-SS-A7HO,TCGA-SS-A7HO-01Z-00-DX1,1,0.9952426,1
tumour/TCGA-SS-A7HO-01Z-00-DX1_21504_29184.jpg,TCGA-SS-A7HO,TCGA-SS-A7HO-01Z-00-DX1,1,0.99753076,1
tumour/TCGA-SS-A7HO-01Z-00-DX1_21504_30208.jpg,TCGA-SS-A7HO,TCGA-SS-A7HO-01Z-00-DX1,1,0.99842876,1
tumour/TCGA-SS-A7HO-01Z-00-DX1_21504_31232.jpg,TCGA-SS-A7HO,TCGA-SS-A7HO-01Z-00-DX1,1,0.9999337,1
tumour/TCGA-SS-A7HO-01Z-00-DX1_21504_31744.jpg,TCGA-SS-A7HO,TCGA-SS-A7HO-01Z-00-DX1,1,0.99998784,1
tumour/TCGA-SS-A7HO-01Z-00-DX1_21504_32256.jpg,TCGA-SS-A7HO,TCGA-SS-A7HO-01Z-00-DX1,1,0.9999871,1
tumour/TCGA-SS-A7HO-01Z-00-DX1_21504_32768.jpg,TCGA-SS-A7HO,TCGA-SS-A7HO-01Z-00-DX1,1,0.9995246,1
tumour/TCGA-SS-A7HO-01Z-00-DX1_21504_33280.jpg,TCGA-SS-A7HO,TCGA-SS-A7HO-01Z-00-DX1,1,0.9999722,1
tumour/TCGA-SS-A7HO-01Z-00-DX1_21504_34304.jpg,TCGA-SS-A7HO,TCGA-SS-A7HO-01Z-00-DX1,1,0.9999361,1
tumour/TCGA-SS-A7HO-01Z-00-DX1_21504_35328.jpg,TCGA-SS-A7HO,TCGA-SS-A7HO-01Z-00-DX1,1,0.99997795,1
tumour/TCGA-SS-A7HO-01Z-00-DX1_22016_12288.jpg,TCGA-SS-A7HO,TCGA-SS-A7HO-01Z-00-DX1,1,0.99994016,1
tumour/TCGA-SS-A7HO-01Z-00-DX1_22016_12800.jpg,TCGA-SS-A7HO,TCGA-SS-A7HO-01Z-00-DX1,1,0.99998426,1
tumour/TCGA-SS-A7HO-01Z-00-DX1_22016_13312.jpg,TCGA-SS-A7HO,TCGA-SS-A7HO-01Z-00-DX1,1,0.9996606,1
tumour/TCGA-SS-A7HO-01Z-00-DX1_22016_13824.jpg,TCGA-SS-A7HO,TCGA-SS-A7HO-01Z-00-DX1,1,0.99881625,1
tumour/TCGA-SS-A7HO-01Z-00-DX1_22016_15360.jpg,TCGA-SS-A7HO,TCGA-SS-A7HO-01Z-00-DX1,1,0.999551,1
tumour/TCGA-SS-A7HO-01Z-00-DX1_22016_15872.jpg,TCGA-SS-A7HO,TCGA-SS-A7HO-01Z-00-DX1,1,0.9999497,1
tumour/TCGA-SS-A7HO-01Z-00-DX1_22016_16384.jpg,TCGA-SS-A7HO,TCGA-SS-A7HO-01Z-00-DX1,1,0.99971765,1
tumour/TCGA-SS-A7HO-01Z-00-DX1_22016_19968.jpg,TCGA-SS-A7HO,TCGA-SS-A7HO-01Z-00-DX1,1,0.9999423,1
tumour/TCGA-SS-A7HO-01Z-00-DX1_22016_20480.jpg,TCGA-SS-A7HO,TCGA-SS-A7HO-01Z-00-DX1,1,0.99599576,1
tumour/TCGA-SS-A7HO-01Z-00-DX1_22016_20992.jpg,TCGA-SS-A7HO,TCGA-SS-A7HO-01Z-00-DX1,1,0.9993736,1
tumour/TCGA-SS-A7HO-01Z-00-DX1_22016_21504.jpg,TCGA-SS-A7HO,TCGA-SS-A7HO-01Z-00-DX1,1,0.99656457,1
tumour/TCGA-SS-A7HO-01Z-00-DX1_22016_22016.jpg,TCGA-SS-A7HO,TCGA-SS-A7HO-01Z-00-DX1,1,0.9998155,1
tumour/TCGA-SS-A7HO-01Z-00-DX1_22016_23040.jpg,TCGA-SS-A7HO,TCGA-SS-A7HO-01Z-00-DX1,1,0.99984217,1
tumour/TCGA-SS-A7HO-01Z-00-DX1_22016_24576.jpg,TCGA-SS-A7HO,TCGA-SS-A7HO-01Z-00-DX1,1,0.9989297,1
tumour/TCGA-SS-A7HO-01Z-00-DX1_22016_25088.jpg,TCGA-SS-A7HO,TCGA-SS-A7HO-01Z-00-DX1,1,0.99992824,1
tumour/TCGA-SS-A7HO-01Z-00-DX1_22016_26624.jpg,TCGA-SS-A7HO,TCGA-SS-A7HO-01Z-00-DX1,1,0.99978155,1
tumour/TCGA-SS-A7HO-01Z-00-DX1_22016_27648.jpg,TCGA-SS-A7HO,TCGA-SS-A7HO-01Z-00-DX1,1,0.99990904,1
tumour/TCGA-SS-A7HO-01Z-00-DX1_22016_28160.jpg,TCGA-SS-A7HO,TCGA-SS-A7HO-01Z-00-DX1,1,0.9999498,1
tumour/TCGA-SS-A7HO-01Z-00-DX1_22016_28672.jpg,TCGA-SS-A7HO,TCGA-SS-A7HO-01Z-00-DX1,1,0.9799366,1
tumour/TCGA-SS-A7HO-01Z-00-DX1_22016_29184.jpg,TCGA-SS-A7HO,TCGA-SS-A7HO-01Z-00-DX1,1,0.9874055,1
tumour/TCGA-SS-A7HO-01Z-00-DX1_22016_30720.jpg,TCGA-SS-A7HO,TCGA-SS-A7HO-01Z-00-DX1,1,0.99977726,1
tumour/TCGA-SS-A7HO-01Z-00-DX1_22016_31232.jpg,TCGA-SS-A7HO,TCGA-SS-A7HO-01Z-00-DX1,1,0.99997306,1
tumour/TCGA-SS-A7HO-01Z-00-DX1_22016_32256.jpg,TCGA-SS-A7HO,TCGA-SS-A7HO-01Z-00-DX1,1,0.9999658,1
tumour/TCGA-SS-A7HO-01Z-00-DX1_22016_32768.jpg,TCGA-SS-A7HO,TCGA-SS-A7HO-01Z-00-DX1,1,0.9972796,1
tumour/TCGA-SS-A7HO-01Z-00-DX1_22016_34816.jpg,TCGA-SS-A7HO,TCGA-SS-A7HO-01Z-00-DX1,1,0.9999794,1
tumour/TCGA-SS-A7HO-01Z-00-DX1_22016_35328.jpg,TCGA-SS-A7HO,TCGA-SS-A7HO-01Z-00-DX1,1,0.9999963,1
tumour/TCGA-SS-A7HO-01Z-00-DX1_22528_10752.jpg,TCGA-SS-A7HO,TCGA-SS-A7HO-01Z-00-DX1,1,0.99559695,1
tumour/TCGA-SS-A7HO-01Z-00-DX1_22528_11776.jpg,TCGA-SS-A7HO,TCGA-SS-A7HO-01Z-00-DX1,1,0.9995803,1
tumour/TCGA-SS-A7HO-01Z-00-DX1_22528_12288.jpg,TCGA-SS-A7HO,TCGA-SS-A7HO-01Z-00-DX1,1,0.9998964,1
tumour/TCGA-SS-A7HO-01Z-00-DX1_22528_13824.jpg,TCGA-SS-A7HO,TCGA-SS-A7HO-01Z-00-DX1,1,0.99975485,1
tumour/TCGA-SS-A7HO-01Z-00-DX1_22528_14848.jpg,TCGA-SS-A7HO,TCGA-SS-A7HO-01Z-00-DX1,1,0.999193,1
tumour/TCGA-SS-A7HO-01Z-00-DX1_22528_15360.jpg,TCGA-SS-A7HO,TCGA-SS-A7HO-01Z-00-DX1,1,0.999243,1
tumour/TCGA-SS-A7HO-01Z-00-DX1_22528_15872.jpg,TCGA-SS-A7HO,TCGA-SS-A7HO-01Z-00-DX1,1,0.9855973,1
tumour/TCGA-SS-A7HO-01Z-00-DX1_22528_16384.jpg,TCGA-SS-A7HO,TCGA-SS-A7HO-01Z-00-DX1,1,0.99974805,1
tumour/TCGA-SS-A7HO-01Z-00-DX1_22528_16896.jpg,TCGA-SS-A7HO,TCGA-SS-A7HO-01Z-00-DX1,1,0.9996062,1
tumour/TCGA-SS-A7HO-01Z-00-DX1_22528_17408.jpg,TCGA-SS-A7HO,TCGA-SS-A7HO-01Z-00-DX1,1,0.9996722,1
tumour/TCGA-SS-A7HO-01Z-00-DX1_22528_18432.jpg,TCGA-SS-A7HO,TCGA-SS-A7HO-01Z-00-DX1,1,0.9994306,1
tumour/TCGA-SS-A7HO-01Z-00-DX1_22528_19968.jpg,TCGA-SS-A7HO,TCGA-SS-A7HO-01Z-00-DX1,1,0.9994497,1
tumour/TCGA-SS-A7HO-01Z-00-DX1_22528_22016.jpg,TCGA-SS-A7HO,TCGA-SS-A7HO-01Z-00-DX1,1,0.99953043,1
tumour/TCGA-SS-A7HO-01Z-00-DX1_22528_23040.jpg,TCGA-SS-A7HO,TCGA-SS-A7HO-01Z-00-DX1,1,0.9999969,1
tumour/TCGA-SS-A7HO-01Z-00-DX1_22528_23552.jpg,TCGA-SS-A7HO,TCGA-SS-A7HO-01Z-00-DX1,1,0.99996924,1
tumour/TCGA-SS-A7HO-01Z-00-DX1_22528_25088.jpg,TCGA-SS-A7HO,TCGA-SS-A7HO-01Z-00-DX1,1,0.99943286,1
tumour/TCGA-SS-A7HO-01Z-00-DX1_22528_25600.jpg,TCGA-SS-A7HO,TCGA-SS-A7HO-01Z-00-DX1,1,0.99976,1
tumour/TCGA-SS-A7HO-01Z-00-DX1_22528_26112.jpg,TCGA-SS-A7HO,TCGA-SS-A7HO-01Z-00-DX1,1,0.9962793,1
tumour/TCGA-SS-A7HO-01Z-00-DX1_22528_28160.jpg,TCGA-SS-A7HO,TCGA-SS-A7HO-01Z-00-DX1,1,0.9949582,1
tumour/TCGA-SS-A7HO-01Z-00-DX1_22528_31744.jpg,TCGA-SS-A7HO,TCGA-SS-A7HO-01Z-00-DX1,1,0.9974922,1
tumour/TCGA-SS-A7HO-01Z-00-DX1_22528_32256.jpg,TCGA-SS-A7HO,TCGA-SS-A7HO-01Z-00-DX1,1,0.99959356,1
tumour/TCGA-SS-A7HO-01Z-00-DX1_23040_10752.jpg,TCGA-SS-A7HO,TCGA-SS-A7HO-01Z-00-DX1,1,0.99465406,1
tumour/TCGA-SS-A7HO-01Z-00-DX1_23040_13312.jpg,TCGA-SS-A7HO,TCGA-SS-A7HO-01Z-00-DX1,1,0.99980944,1
tumour/TCGA-SS-A7HO-01Z-00-DX1_23040_13824.jpg,TCGA-SS-A7HO,TCGA-SS-A7HO-01Z-00-DX1,1,0.9999707,1
tumour/TCGA-SS-A7HO-01Z-00-DX1_23040_14336.jpg,TCGA-SS-A7HO,TCGA-SS-A7HO-01Z-00-DX1,1,0.9999944,1
tumour/TCGA-SS-A7HO-01Z-00-DX1_23040_14848.jpg,TCGA-SS-A7HO,TCGA-SS-A7HO-01Z-00-DX1,1,0.999926,1
tumour/TCGA-SS-A7HO-01Z-00-DX1_23040_15872.jpg,TCGA-SS-A7HO,TCGA-SS-A7HO-01Z-00-DX1,1,0.98846996,1
tumour/TCGA-SS-A7HO-01Z-00-DX1_23040_16896.jpg,TCGA-SS-A7HO,TCGA-SS-A7HO-01Z-00-DX1,1,0.99816066,1
tumour/TCGA-SS-A7HO-01Z-00-DX1_23040_17408.jpg,TCGA-SS-A7HO,TCGA-SS-A7HO-01Z-00-DX1,1,0.9995339,1
tumour/TCGA-SS-A7HO-01Z-00-DX1_23040_18432.jpg,TCGA-SS-A7HO,TCGA-SS-A7HO-01Z-00-DX1,1,0.9982254,1
tumour/TCGA-SS-A7HO-01Z-00-DX1_23040_18944.jpg,TCGA-SS-A7HO,TCGA-SS-A7HO-01Z-00-DX1,1,0.9988011,1
tumour/TCGA-SS-A7HO-01Z-00-DX1_23040_19968.jpg,TCGA-SS-A7HO,TCGA-SS-A7HO-01Z-00-DX1,1,0.9994672,1
tumour/TCGA-SS-A7HO-01Z-00-DX1_23040_21504.jpg,TCGA-SS-A7HO,TCGA-SS-A7HO-01Z-00-DX1,1,0.99672735,1
tumour/TCGA-SS-A7HO-01Z-00-DX1_23040_23040.jpg,TCGA-SS-A7HO,TCGA-SS-A7HO-01Z-00-DX1,1,0.9999796,1
tumour/TCGA-SS-A7HO-01Z-00-DX1_23040_25600.jpg,TCGA-SS-A7HO,TCGA-SS-A7HO-01Z-00-DX1,1,0.9999893,1
tumour/TCGA-SS-A7HO-01Z-00-DX1_23040_27136.jpg,TCGA-SS-A7HO,TCGA-SS-A7HO-01Z-00-DX1,1,0.9986602,1
tumour/TCGA-SS-A7HO-01Z-00-DX1_23040_27648.jpg,TCGA-SS-A7HO,TCGA-SS-A7HO-01Z-00-DX1,1,0.9999255,1
tumour/TCGA-SS-A7HO-01Z-00-DX1_23040_29184.jpg,TCGA-SS-A7HO,TCGA-SS-A7HO-01Z-00-DX1,1,0.9999925,1
tumour/TCGA-SS-A7HO-01Z-00-DX1_23040_29696.jpg,TCGA-SS-A7HO,TCGA-SS-A7HO-01Z-00-DX1,1,0.9998553,1
tumour/TCGA-SS-A7HO-01Z-00-DX1_23040_30720.jpg,TCGA-SS-A7HO,TCGA-SS-A7HO-01Z-00-DX1,1,0.99984014,1
tumour/TCGA-SS-A7HO-01Z-00-DX1_23040_31232.jpg,TCGA-SS-A7HO,TCGA-SS-A7HO-01Z-00-DX1,1,0.9999621,1
tumour/TCGA-SS-A7HO-01Z-00-DX1_23040_32768.jpg,TCGA-SS-A7HO,TCGA-SS-A7HO-01Z-00-DX1,1,0.9995735,1
tumour/TCGA-SS-A7HO-01Z-00-DX1_23040_33280.jpg,TCGA-SS-A7HO,TCGA-SS-A7HO-01Z-00-DX1,1,0.9999914,1
tumour/TCGA-SS-A7HO-01Z-00-DX1_23552_11264.jpg,TCGA-SS-A7HO,TCGA-SS-A7HO-01Z-00-DX1,1,0.9999707,1
tumour/TCGA-SS-A7HO-01Z-00-DX1_23552_12288.jpg,TCGA-SS-A7HO,TCGA-SS-A7HO-01Z-00-DX1,1,0.9992716,1
tumour/TCGA-SS-A7HO-01Z-00-DX1_23552_12800.jpg,TCGA-SS-A7HO,TCGA-SS-A7HO-01Z-00-DX1,1,0.9998578,1
tumour/TCGA-SS-A7HO-01Z-00-DX1_23552_13312.jpg,TCGA-SS-A7HO,TCGA-SS-A7HO-01Z-00-DX1,1,0.9996952,1
tumour/TCGA-SS-A7HO-01Z-00-DX1_23552_13824.jpg,TCGA-SS-A7HO,TCGA-SS-A7HO-01Z-00-DX1,1,0.9998412,1
tumour/TCGA-SS-A7HO-01Z-00-DX1_23552_15360.jpg,TCGA-SS-A7HO,TCGA-SS-A7HO-01Z-00-DX1,1,0.9997484,1
tumour/TCGA-SS-A7HO-01Z-00-DX1_23552_15872.jpg,TCGA-SS-A7HO,TCGA-SS-A7HO-01Z-00-DX1,1,0.99996436,1
tumour/TCGA-SS-A7HO-01Z-00-DX1_23552_17920.jpg,TCGA-SS-A7HO,TCGA-SS-A7HO-01Z-00-DX1,1,0.9998653,1
tumour/TCGA-SS-A7HO-01Z-00-DX1_23552_18432.jpg,TCGA-SS-A7HO,TCGA-SS-A7HO-01Z-00-DX1,1,0.9976803,1
tumour/TCGA-SS-A7HO-01Z-00-DX1_23552_22528.jpg,TCGA-SS-A7HO,TCGA-SS-A7HO-01Z-00-DX1,1,0.99999833,1
tumour/TCGA-SS-A7HO-01Z-00-DX1_23552_23552.jpg,TCGA-SS-A7HO,TCGA-SS-A7HO-01Z-00-DX1,1,0.99985564,1
tumour/TCGA-SS-A7HO-01Z-00-DX1_23552_25088.jpg,TCGA-SS-A7HO,TCGA-SS-A7HO-01Z-00-DX1,1,0.9998777,1
tumour/TCGA-SS-A7HO-01Z-00-DX1_23552_28672.jpg,TCGA-SS-A7HO,TCGA-SS-A7HO-01Z-00-DX1,1,0.99964833,1
tumour/TCGA-SS-A7HO-01Z-00-DX1_23552_29184.jpg,TCGA-SS-A7HO,TCGA-SS-A7HO-01Z-00-DX1,1,0.9999291,1
tumour/TCGA-SS-A7HO-01Z-00-DX1_23552_30208.jpg,TCGA-SS-A7HO,TCGA-SS-A7HO-01Z-00-DX1,1,0.99999166,1
tumour/TCGA-SS-A7HO-01Z-00-DX1_23552_30720.jpg,TCGA-SS-A7HO,TCGA-SS-A7HO-01Z-00-DX1,1,0.99989855,1
tumour/TCGA-SS-A7HO-01Z-00-DX1_23552_31744.jpg,TCGA-SS-A7HO,TCGA-SS-A7HO-01Z-00-DX1,1,0.9987571,1
tumour/TCGA-SS-A7HO-01Z-00-DX1_23552_32256.jpg,TCGA-SS-A7HO,TCGA-SS-A7HO-01Z-00-DX1,1,0.99994147,1
tumour/TCGA-SS-A7HO-01Z-00-DX1_23552_33792.jpg,TCGA-SS-A7HO,TCGA-SS-A7HO-01Z-00-DX1,1,1.0,1
tumour/TCGA-SS-A7HO-01Z-00-DX1_23552_34304.jpg,TCGA-SS-A7HO,TCGA-SS-A7HO-01Z-00-DX1,1,0.99715245,1
tumour/TCGA-SS-A7HO-01Z-00-DX1_23552_34816.jpg,TCGA-SS-A7HO,TCGA-SS-A7HO-01Z-00-DX1,1,0.9999528,1
tumour/TCGA-SS-A7HO-01Z-00-DX1_23552_35328.jpg,TCGA-SS-A7HO,TCGA-SS-A7HO-01Z-00-DX1,1,0.9999974,1
tumour/TCGA-SS-A7HO-01Z-00-DX1_24064_10240.jpg,TCGA-SS-A7HO,TCGA-SS-A7HO-01Z-00-DX1,1,0.9999927,1
tumour/TCGA-SS-A7HO-01Z-00-DX1_24064_10752.jpg,TCGA-SS-A7HO,TCGA-SS-A7HO-01Z-00-DX1,1,0.99906236,1
tumour/TCGA-SS-A7HO-01Z-00-DX1_24064_11776.jpg,TCGA-SS-A7HO,TCGA-SS-A7HO-01Z-00-DX1,1,0.99996376,1
tumour/TCGA-SS-A7HO-01Z-00-DX1_24064_13824.jpg,TCGA-SS-A7HO,TCGA-SS-A7HO-01Z-00-DX1,1,0.99998295,1
tumour/TCGA-SS-A7HO-01Z-00-DX1_24064_15360.jpg,TCGA-SS-A7HO,TCGA-SS-A7HO-01Z-00-DX1,1,0.99999094,1
tumour/TCGA-SS-A7HO-01Z-00-DX1_24064_17408.jpg,TCGA-SS-A7HO,TCGA-SS-A7HO-01Z-00-DX1,1,0.9996717,1
tumour/TCGA-SS-A7HO-01Z-00-DX1_24064_18432.jpg,TCGA-SS-A7HO,TCGA-SS-A7HO-01Z-00-DX1,1,0.99982363,1
tumour/TCGA-SS-A7HO-01Z-00-DX1_24064_18944.jpg,TCGA-SS-A7HO,TCGA-SS-A7HO-01Z-00-DX1,1,0.99940825,1
tumour/TCGA-SS-A7HO-01Z-00-DX1_24064_19968.jpg,TCGA-SS-A7HO,TCGA-SS-A7HO-01Z-00-DX1,1,0.9971148,1
tumour/TCGA-SS-A7HO-01Z-00-DX1_24064_20992.jpg,TCGA-SS-A7HO,TCGA-SS-A7HO-01Z-00-DX1,1,0.99994826,1
tumour/TCGA-SS-A7HO-01Z-00-DX1_24064_22016.jpg,TCGA-SS-A7HO,TCGA-SS-A7HO-01Z-00-DX1,1,0.9998963,1
tumour/TCGA-SS-A7HO-01Z-00-DX1_24064_22528.jpg,TCGA-SS-A7HO,TCGA-SS-A7HO-01Z-00-DX1,1,0.99999714,1
tumour/TCGA-SS-A7HO-01Z-00-DX1_24064_23040.jpg,TCGA-SS-A7HO,TCGA-SS-A7HO-01Z-00-DX1,1,0.9999728,1
tumour/TCGA-SS-A7HO-01Z-00-DX1_24064_25600.jpg,TCGA-SS-A7HO,TCGA-SS-A7HO-01Z-00-DX1,1,0.9999691,1
tumour/TCGA-SS-A7HO-01Z-00-DX1_24064_26624.jpg,TCGA-SS-A7HO,TCGA-SS-A7HO-01Z-00-DX1,1,0.9683321,1
tumour/TCGA-SS-A7HO-01Z-00-DX1_24064_27136.jpg,TCGA-SS-A7HO,TCGA-SS-A7HO-01Z-00-DX1,1,0.9966354,1
tumour/TCGA-SS-A7HO-01Z-00-DX1_24064_27648.jpg,TCGA-SS-A7HO,TCGA-SS-A7HO-01Z-00-DX1,1,0.9999223,1
tumour/TCGA-SS-A7HO-01Z-00-DX1_24064_28672.jpg,TCGA-SS-A7HO,TCGA-SS-A7HO-01Z-00-DX1,1,0.9999938,1
tumour/TCGA-SS-A7HO-01Z-00-DX1_24064_31744.jpg,TCGA-SS-A7HO,TCGA-SS-A7HO-01Z-00-DX1,1,0.99999785,1
tumour/TCGA-SS-A7HO-01Z-00-DX1_24064_32256.jpg,TCGA-SS-A7HO,TCGA-SS-A7HO-01Z-00-DX1,1,0.9999932,1
tumour/TCGA-SS-A7HO-01Z-00-DX1_24064_33792.jpg,TCGA-SS-A7HO,TCGA-SS-A7HO-01Z-00-DX1,1,0.9998196,1
tumour/TCGA-SS-A7HO-01Z-00-DX1_24064_34304.jpg,TCGA-SS-A7HO,TCGA-SS-A7HO-01Z-00-DX1,1,0.9999809,1
tumour/TCGA-SS-A7HO-01Z-00-DX1_24064_35328.jpg,TCGA-SS-A7HO,TCGA-SS-A7HO-01Z-00-DX1,1,0.9994728,1
tumour/TCGA-SS-A7HO-01Z-00-DX1_24576_12288.jpg,TCGA-SS-A7HO,TCGA-SS-A7HO-01Z-00-DX1,1,0.99954945,1
tumour/TCGA-SS-A7HO-01Z-00-DX1_24576_14848.jpg,TCGA-SS-A7HO,TCGA-SS-A7HO-01Z-00-DX1,1,0.9985625,1
tumour/TCGA-SS-A7HO-01Z-00-DX1_24576_15360.jpg,TCGA-SS-A7HO,TCGA-SS-A7HO-01Z-00-DX1,1,0.98612076,1
tumour/TCGA-SS-A7HO-01Z-00-DX1_24576_18944.jpg,TCGA-SS-A7HO,TCGA-SS-A7HO-01Z-00-DX1,1,0.999451,1
tumour/TCGA-SS-A7HO-01Z-00-DX1_24576_20992.jpg,TCGA-SS-A7HO,TCGA-SS-A7HO-01Z-00-DX1,1,0.9998111,1
tumour/TCGA-SS-A7HO-01Z-00-DX1_24576_21504.jpg,TCGA-SS-A7HO,TCGA-SS-A7HO-01Z-00-DX1,1,0.9999856,1
tumour/TCGA-SS-A7HO-01Z-00-DX1_24576_22016.jpg,TCGA-SS-A7HO,TCGA-SS-A7HO-01Z-00-DX1,1,0.9999753,1
tumour/TCGA-SS-A7HO-01Z-00-DX1_24576_22528.jpg,TCGA-SS-A7HO,TCGA-SS-A7HO-01Z-00-DX1,1,0.99950325,1
tumour/TCGA-SS-A7HO-01Z-00-DX1_24576_23552.jpg,TCGA-SS-A7HO,TCGA-SS-A7HO-01Z-00-DX1,1,0.99980074,1
tumour/TCGA-SS-A7HO-01Z-00-DX1_24576_24064.jpg,TCGA-SS-A7HO,TCGA-SS-A7HO-01Z-00-DX1,1,0.9999839,1
tumour/TCGA-SS-A7HO-01Z-00-DX1_24576_24576.jpg,TCGA-SS-A7HO,TCGA-SS-A7HO-01Z-00-DX1,1,0.9999671,1
tumour/TCGA-SS-A7HO-01Z-00-DX1_24576_25088.jpg,TCGA-SS-A7HO,TCGA-SS-A7HO-01Z-00-DX1,1,0.9983552,1
tumour/TCGA-SS-A7HO-01Z-00-DX1_24576_25600.jpg,TCGA-SS-A7HO,TCGA-SS-A7HO-01Z-00-DX1,1,0.99944574,1
tumour/TCGA-SS-A7HO-01Z-00-DX1_24576_27136.jpg,TCGA-SS-A7HO,TCGA-SS-A7HO-01Z-00-DX1,1,0.99999166,1
tumour/TCGA-SS-A7HO-01Z-00-DX1_24576_28672.jpg,TCGA-SS-A7HO,TCGA-SS-A7HO-01Z-00-DX1,1,0.9999641,1
tumour/TCGA-SS-A7HO-01Z-00-DX1_24576_29184.jpg,TCGA-SS-A7HO,TCGA-SS-A7HO-01Z-00-DX1,1,0.9999554,1
tumour/TCGA-SS-A7HO-01Z-00-DX1_24576_29696.jpg,TCGA-SS-A7HO,TCGA-SS-A7HO-01Z-00-DX1,1,0.99999964,1
tumour/TCGA-SS-A7HO-01Z-00-DX1_24576_30720.jpg,TCGA-SS-A7HO,TCGA-SS-A7HO-01Z-00-DX1,1,0.9994148,1
tumour/TCGA-SS-A7HO-01Z-00-DX1_24576_31232.jpg,TCGA-SS-A7HO,TCGA-SS-A7HO-01Z-00-DX1,1,0.9999291,1
tumour/TCGA-SS-A7HO-01Z-00-DX1_24576_32768.jpg,TCGA-SS-A7HO,TCGA-SS-A7HO-01Z-00-DX1,1,0.9999989,1
tumour/TCGA-SS-A7HO-01Z-00-DX1_24576_33280.jpg,TCGA-SS-A7HO,TCGA-SS-A7HO-01Z-00-DX1,1,0.999923,1
tumour/TCGA-SS-A7HO-01Z-00-DX1_25088_12288.jpg,TCGA-SS-A7HO,TCGA-SS-A7HO-01Z-00-DX1,1,0.9998596,1
tumour/TCGA-SS-A7HO-01Z-00-DX1_25088_13312.jpg,TCGA-SS-A7HO,TCGA-SS-A7HO-01Z-00-DX1,1,0.999037,1
tumour/TCGA-SS-A7HO-01Z-00-DX1_25088_14336.jpg,TCGA-SS-A7HO,TCGA-SS-A7HO-01Z-00-DX1,1,0.9999943,1
tumour/TCGA-SS-A7HO-01Z-00-DX1_25088_14848.jpg,TCGA-SS-A7HO,TCGA-SS-A7HO-01Z-00-DX1,1,0.9967685,1
tumour/TCGA-SS-A7HO-01Z-00-DX1_25088_15872.jpg,TCGA-SS-A7HO,TCGA-SS-A7HO-01Z-00-DX1,1,0.9999788,1
tumour/TCGA-SS-A7HO-01Z-00-DX1_25088_16384.jpg,TCGA-SS-A7HO,TCGA-SS-A7HO-01Z-00-DX1,1,0.9941048,1
tumour/TCGA-SS-A7HO-01Z-00-DX1_25088_16896.jpg,TCGA-SS-A7HO,TCGA-SS-A7HO-01Z-00-DX1,1,0.9999876,1
tumour/TCGA-SS-A7HO-01Z-00-DX1_25088_20480.jpg,TCGA-SS-A7HO,TCGA-SS-A7HO-01Z-00-DX1,1,0.99994636,1
tumour/TCGA-SS-A7HO-01Z-00-DX1_25088_21504.jpg,TCGA-SS-A7HO,TCGA-SS-A7HO-01Z-00-DX1,1,0.99814856,1
tumour/TCGA-SS-A7HO-01Z-00-DX1_25088_22016.jpg,TCGA-SS-A7HO,TCGA-SS-A7HO-01Z-00-DX1,1,0.99555594,1
tumour/TCGA-SS-A7HO-01Z-00-DX1_25088_22528.jpg,TCGA-SS-A7HO,TCGA-SS-A7HO-01Z-00-DX1,1,0.9997216,1
tumour/TCGA-SS-A7HO-01Z-00-DX1_25088_24064.jpg,TCGA-SS-A7HO,TCGA-SS-A7HO-01Z-00-DX1,1,0.99999917,1
tumour/TCGA-SS-A7HO-01Z-00-DX1_25088_24576.jpg,TCGA-SS-A7HO,TCGA-SS-A7HO-01Z-00-DX1,1,0.9783402,1
tumour/TCGA-SS-A7HO-01Z-00-DX1_25088_26112.jpg,TCGA-SS-A7HO,TCGA-SS-A7HO-01Z-00-DX1,1,0.9990256,1
tumour/TCGA-SS-A7HO-01Z-00-DX1_25088_27136.jpg,TCGA-SS-A7HO,TCGA-SS-A7HO-01Z-00-DX1,1,0.99734783,1
tumour/TCGA-SS-A7HO-01Z-00-DX1_25088_28160.jpg,TCGA-SS-A7HO,TCGA-SS-A7HO-01Z-00-DX1,1,0.9999982,1
tumour/TCGA-SS-A7HO-01Z-00-DX1_25088_28672.jpg,TCGA-SS-A7HO,TCGA-SS-A7HO-01Z-00-DX1,1,0.99981636,1
tumour/TCGA-SS-A7HO-01Z-00-DX1_25088_29696.jpg,TCGA-SS-A7HO,TCGA-SS-A7HO-01Z-00-DX1,1,0.9993224,1
tumour/TCGA-SS-A7HO-01Z-00-DX1_25088_31232.jpg,TCGA-SS-A7HO,TCGA-SS-A7HO-01Z-00-DX1,1,0.9998603,1
tumour/TCGA-SS-A7HO-01Z-00-DX1_25088_32768.jpg,TCGA-SS-A7HO,TCGA-SS-A7HO-01Z-00-DX1,1,0.99997616,1
tumour/TCGA-SS-A7HO-01Z-00-DX1_25088_33792.jpg,TCGA-SS-A7HO,TCGA-SS-A7HO-01Z-00-DX1,1,0.9999877,1
tumour/TCGA-SS-A7HO-01Z-00-DX1_25088_34304.jpg,TCGA-SS-A7HO,TCGA-SS-A7HO-01Z-00-DX1,1,0.9998857,1
tumour/TCGA-SS-A7HO-01Z-00-DX1_25600_11264.jpg,TCGA-SS-A7HO,TCGA-SS-A7HO-01Z-00-DX1,1,0.997482,1
tumour/TCGA-SS-A7HO-01Z-00-DX1_25600_13824.jpg,TCGA-SS-A7HO,TCGA-SS-A7HO-01Z-00-DX1,1,0.99953294,1
tumour/TCGA-SS-A7HO-01Z-00-DX1_25600_16384.jpg,TCGA-SS-A7HO,TCGA-SS-A7HO-01Z-00-DX1,1,0.99997497,1
tumour/TCGA-SS-A7HO-01Z-00-DX1_25600_16896.jpg,TCGA-SS-A7HO,TCGA-SS-A7HO-01Z-00-DX1,1,0.99915946,1
tumour/TCGA-SS-A7HO-01Z-00-DX1_25600_17408.jpg,TCGA-SS-A7HO,TCGA-SS-A7HO-01Z-00-DX1,1,0.99959964,1
tumour/TCGA-SS-A7HO-01Z-00-DX1_25600_17920.jpg,TCGA-SS-A7HO,TCGA-SS-A7HO-01Z-00-DX1,1,0.9995061,1
tumour/TCGA-SS-A7HO-01Z-00-DX1_25600_18944.jpg,TCGA-SS-A7HO,TCGA-SS-A7HO-01Z-00-DX1,1,0.99984217,1
tumour/TCGA-SS-A7HO-01Z-00-DX1_25600_20992.jpg,TCGA-SS-A7HO,TCGA-SS-A7HO-01Z-00-DX1,1,0.9971426,1
tumour/TCGA-SS-A7HO-01Z-00-DX1_25600_21504.jpg,TCGA-SS-A7HO,TCGA-SS-A7HO-01Z-00-DX1,1,0.9985436,1
tumour/TCGA-SS-A7HO-01Z-00-DX1_25600_22016.jpg,TCGA-SS-A7HO,TCGA-SS-A7HO-01Z-00-DX1,1,0.99064857,1
tumour/TCGA-SS-A7HO-01Z-00-DX1_25600_22528.jpg,TCGA-SS-A7HO,TCGA-SS-A7HO-01Z-00-DX1,1,0.99040425,1
tumour/TCGA-SS-A7HO-01Z-00-DX1_25600_23040.jpg,TCGA-SS-A7HO,TCGA-SS-A7HO-01Z-00-DX1,1,0.99955827,1
tumour/TCGA-SS-A7HO-01Z-00-DX1_25600_24576.jpg,TCGA-SS-A7HO,TCGA-SS-A7HO-01Z-00-DX1,1,0.9998042,1
tumour/TCGA-SS-A7HO-01Z-00-DX1_25600_25088.jpg,TCGA-SS-A7HO,TCGA-SS-A7HO-01Z-00-DX1,1,0.9996799,1
tumour/TCGA-SS-A7HO-01Z-00-DX1_25600_25600.jpg,TCGA-SS-A7HO,TCGA-SS-A7HO-01Z-00-DX1,1,0.9990115,1
tumour/TCGA-SS-A7HO-01Z-00-DX1_25600_27136.jpg,TCGA-SS-A7HO,TCGA-SS-A7HO-01Z-00-DX1,1,0.99991906,1
tumour/TCGA-SS-A7HO-01Z-00-DX1_25600_28160.jpg,TCGA-SS-A7HO,TCGA-SS-A7HO-01Z-00-DX1,1,0.99968684,1
tumour/TCGA-SS-A7HO-01Z-00-DX1_25600_28672.jpg,TCGA-SS-A7HO,TCGA-SS-A7HO-01Z-00-DX1,1,0.9999776,1
tumour/TCGA-SS-A7HO-01Z-00-DX1_25600_29184.jpg,TCGA-SS-A7HO,TCGA-SS-A7HO-01Z-00-DX1,1,0.99995446,1
tumour/TCGA-SS-A7HO-01Z-00-DX1_25600_30208.jpg,TCGA-SS-A7HO,TCGA-SS-A7HO-01Z-00-DX1,1,0.9995541,1
tumour/TCGA-SS-A7HO-01Z-00-DX1_25600_30720.jpg,TCGA-SS-A7HO,TCGA-SS-A7HO-01Z-00-DX1,1,0.9996,1
tumour/TCGA-SS-A7HO-01Z-00-DX1_25600_31232.jpg,TCGA-SS-A7HO,TCGA-SS-A7HO-01Z-00-DX1,1,0.9999925,1
tumour/TCGA-SS-A7HO-01Z-00-DX1_25600_32256.jpg,TCGA-SS-A7HO,TCGA-SS-A7HO-01Z-00-DX1,1,0.99998915,1
tumour/TCGA-SS-A7HO-01Z-00-DX1_25600_32768.jpg,TCGA-SS-A7HO,TCGA-SS-A7HO-01Z-00-DX1,1,0.99968004,1
tumour/TCGA-SS-A7HO-01Z-00-DX1_26112_11264.jpg,TCGA-SS-A7HO,TCGA-SS-A7HO-01Z-00-DX1,1,0.9996464,1
tumour/TCGA-SS-A7HO-01Z-00-DX1_26112_12288.jpg,TCGA-SS-A7HO,TCGA-SS-A7HO-01Z-00-DX1,1,0.9995326,1
tumour/TCGA-SS-A7HO-01Z-00-DX1_26112_12800.jpg,TCGA-SS-A7HO,TCGA-SS-A7HO-01Z-00-DX1,1,0.98690844,1
tumour/TCGA-SS-A7HO-01Z-00-DX1_26112_13824.jpg,TCGA-SS-A7HO,TCGA-SS-A7HO-01Z-00-DX1,1,0.99922264,1
tumour/TCGA-SS-A7HO-01Z-00-DX1_26112_14336.jpg,TCGA-SS-A7HO,TCGA-SS-A7HO-01Z-00-DX1,1,0.9995547,1
tumour/TCGA-SS-A7HO-01Z-00-DX1_26112_14848.jpg,TCGA-SS-A7HO,TCGA-SS-A7HO-01Z-00-DX1,1,0.9723203,1
tumour/TCGA-SS-A7HO-01Z-00-DX1_26112_15360.jpg,TCGA-SS-A7HO,TCGA-SS-A7HO-01Z-00-DX1,1,0.998442,1
tumour/TCGA-SS-A7HO-01Z-00-DX1_26112_15872.jpg,TCGA-SS-A7HO,TCGA-SS-A7HO-01Z-00-DX1,1,0.99994516,1
tumour/TCGA-SS-A7HO-01Z-00-DX1_26112_16384.jpg,TCGA-SS-A7HO,TCGA-SS-A7HO-01Z-00-DX1,1,0.9990074,1
tumour/TCGA-SS-A7HO-01Z-00-DX1_26112_17920.jpg,TCGA-SS-A7HO,TCGA-SS-A7HO-01Z-00-DX1,1,0.99996936,1
tumour/TCGA-SS-A7HO-01Z-00-DX1_26112_20480.jpg,TCGA-SS-A7HO,TCGA-SS-A7HO-01Z-00-DX1,1,0.9997187,1
tumour/TCGA-SS-A7HO-01Z-00-DX1_26112_21504.jpg,TCGA-SS-A7HO,TCGA-SS-A7HO-01Z-00-DX1,1,0.99888486,1
tumour/TCGA-SS-A7HO-01Z-00-DX1_26112_23040.jpg,TCGA-SS-A7HO,TCGA-SS-A7HO-01Z-00-DX1,1,0.9995432,1
tumour/TCGA-SS-A7HO-01Z-00-DX1_26112_24064.jpg,TCGA-SS-A7HO,TCGA-SS-A7HO-01Z-00-DX1,1,0.9996908,1
tumour/TCGA-SS-A7HO-01Z-00-DX1_26112_24576.jpg,TCGA-SS-A7HO,TCGA-SS-A7HO-01Z-00-DX1,1,0.99993706,1
tumour/TCGA-SS-A7HO-01Z-00-DX1_26112_25600.jpg,TCGA-SS-A7HO,TCGA-SS-A7HO-01Z-00-DX1,1,0.9979679,1
tumour/TCGA-SS-A7HO-01Z-00-DX1_26112_27136.jpg,TCGA-SS-A7HO,TCGA-SS-A7HO-01Z-00-DX1,1,0.999345,1
tumour/TCGA-SS-A7HO-01Z-00-DX1_26112_28160.jpg,TCGA-SS-A7HO,TCGA-SS-A7HO-01Z-00-DX1,1,0.9999901,1
tumour/TCGA-SS-A7HO-01Z-00-DX1_26112_28672.jpg,TCGA-SS-A7HO,TCGA-SS-A7HO-01Z-00-DX1,1,0.99999547,1
tumour/TCGA-SS-A7HO-01Z-00-DX1_26112_29184.jpg,TCGA-SS-A7HO,TCGA-SS-A7HO-01Z-00-DX1,1,0.9998698,1
tumour/TCGA-SS-A7HO-01Z-00-DX1_26112_31232.jpg,TCGA-SS-A7HO,TCGA-SS-A7HO-01Z-00-DX1,1,0.99993825,1
tumour/TCGA-SS-A7HO-01Z-00-DX1_26112_32256.jpg,TCGA-SS-A7HO,TCGA-SS-A7HO-01Z-00-DX1,1,0.9999839,1
tumour/TCGA-SS-A7HO-01Z-00-DX1_26112_32768.jpg,TCGA-SS-A7HO,TCGA-SS-A7HO-01Z-00-DX1,1,0.99990845,1
tumour/TCGA-SS-A7HO-01Z-00-DX1_26112_33280.jpg,TCGA-SS-A7HO,TCGA-SS-A7HO-01Z-00-DX1,1,0.99999475,1
tumour/TCGA-SS-A7HO-01Z-00-DX1_26624_11776.jpg,TCGA-SS-A7HO,TCGA-SS-A7HO-01Z-00-DX1,1,0.99934655,1
tumour/TCGA-SS-A7HO-01Z-00-DX1_26624_13312.jpg,TCGA-SS-A7HO,TCGA-SS-A7HO-01Z-00-DX1,1,0.9967242,1
tumour/TCGA-SS-A7HO-01Z-00-DX1_26624_13824.jpg,TCGA-SS-A7HO,TCGA-SS-A7HO-01Z-00-DX1,1,0.9965699,1
tumour/TCGA-SS-A7HO-01Z-00-DX1_26624_15360.jpg,TCGA-SS-A7HO,TCGA-SS-A7HO-01Z-00-DX1,1,0.99985206,1
tumour/TCGA-SS-A7HO-01Z-00-DX1_26624_16384.jpg,TCGA-SS-A7HO,TCGA-SS-A7HO-01Z-00-DX1,1,0.9999989,1
tumour/TCGA-SS-A7HO-01Z-00-DX1_26624_16896.jpg,TCGA-SS-A7HO,TCGA-SS-A7HO-01Z-00-DX1,1,0.9998276,1
tumour/TCGA-SS-A7HO-01Z-00-DX1_26624_17408.jpg,TCGA-SS-A7HO,TCGA-SS-A7HO-01Z-00-DX1,1,0.9999883,1
tumour/TCGA-SS-A7HO-01Z-00-DX1_26624_18432.jpg,TCGA-SS-A7HO,TCGA-SS-A7HO-01Z-00-DX1,1,0.99988914,1
tumour/TCGA-SS-A7HO-01Z-00-DX1_26624_19456.jpg,TCGA-SS-A7HO,TCGA-SS-A7HO-01Z-00-DX1,1,0.9999751,1
tumour/TCGA-SS-A7HO-01Z-00-DX1_26624_21504.jpg,TCGA-SS-A7HO,TCGA-SS-A7HO-01Z-00-DX1,1,0.9999635,1
tumour/TCGA-SS-A7HO-01Z-00-DX1_26624_22528.jpg,TCGA-SS-A7HO,TCGA-SS-A7HO-01Z-00-DX1,1,0.999213,1
tumour/TCGA-SS-A7HO-01Z-00-DX1_26624_24064.jpg,TCGA-SS-A7HO,TCGA-SS-A7HO-01Z-00-DX1,1,0.99957675,1
tumour/TCGA-SS-A7HO-01Z-00-DX1_26624_25088.jpg,TCGA-SS-A7HO,TCGA-SS-A7HO-01Z-00-DX1,1,0.999874,1
tumour/TCGA-SS-A7HO-01Z-00-DX1_26624_25600.jpg,TCGA-SS-A7HO,TCGA-SS-A7HO-01Z-00-DX1,1,0.9998517,1
tumour/TCGA-SS-A7HO-01Z-00-DX1_26624_29184.jpg,TCGA-SS-A7HO,TCGA-SS-A7HO-01Z-00-DX1,1,0.99995947,1
tumour/TCGA-SS-A7HO-01Z-00-DX1_26624_29696.jpg,TCGA-SS-A7HO,TCGA-SS-A7HO-01Z-00-DX1,1,0.9980124,1
tumour/TCGA-SS-A7HO-01Z-00-DX1_26624_31744.jpg,TCGA-SS-A7HO,TCGA-SS-A7HO-01Z-00-DX1,1,0.99977237,1
tumour/TCGA-SS-A7HO-01Z-00-DX1_26624_34304.jpg,TCGA-SS-A7HO,TCGA-SS-A7HO-01Z-00-DX1,1,0.9999968,1
tumour/TCGA-SS-A7HO-01Z-00-DX1_26624_34816.jpg,TCGA-SS-A7HO,TCGA-SS-A7HO-01Z-00-DX1,1,0.999997,1
tumour/TCGA-SS-A7HO-01Z-00-DX1_26624_35840.jpg,TCGA-SS-A7HO,TCGA-SS-A7HO-01Z-00-DX1,1,0.9997131,1
tumour/TCGA-SS-A7HO-01Z-00-DX1_27136_10240.jpg,TCGA-SS-A7HO,TCGA-SS-A7HO-01Z-00-DX1,1,0.99972266,1
tumour/TCGA-SS-A7HO-01Z-00-DX1_27136_10752.jpg,TCGA-SS-A7HO,TCGA-SS-A7HO-01Z-00-DX1,1,0.91862714,1
tumour/TCGA-SS-A7HO-01Z-00-DX1_27136_11776.jpg,TCGA-SS-A7HO,TCGA-SS-A7HO-01Z-00-DX1,1,0.9933216,1
tumour/TCGA-SS-A7HO-01Z-00-DX1_27136_12288.jpg,TCGA-SS-A7HO,TCGA-SS-A7HO-01Z-00-DX1,1,0.9997743,1
tumour/TCGA-SS-A7HO-01Z-00-DX1_27136_13312.jpg,TCGA-SS-A7HO,TCGA-SS-A7HO-01Z-00-DX1,1,0.9993135,1
tumour/TCGA-SS-A7HO-01Z-00-DX1_27136_13824.jpg,TCGA-SS-A7HO,TCGA-SS-A7HO-01Z-00-DX1,1,0.9999951,1
tumour/TCGA-SS-A7HO-01Z-00-DX1_27136_14848.jpg,TCGA-SS-A7HO,TCGA-SS-A7HO-01Z-00-DX1,1,0.99636346,1
tumour/TCGA-SS-A7HO-01Z-00-DX1_27136_15872.jpg,TCGA-SS-A7HO,TCGA-SS-A7HO-01Z-00-DX1,1,0.9955167,1
tumour/TCGA-SS-A7HO-01Z-00-DX1_27136_16384.jpg,TCGA-SS-A7HO,TCGA-SS-A7HO-01Z-00-DX1,1,0.9993868,1
tumour/TCGA-SS-A7HO-01Z-00-DX1_27136_16896.jpg,TCGA-SS-A7HO,TCGA-SS-A7HO-01Z-00-DX1,1,0.99982893,1
tumour/TCGA-SS-A7HO-01Z-00-DX1_27136_17408.jpg,TCGA-SS-A7HO,TCGA-SS-A7HO-01Z-00-DX1,1,0.99998045,1
tumour/TCGA-SS-A7HO-01Z-00-DX1_27136_17920.jpg,TCGA-SS-A7HO,TCGA-SS-A7HO-01Z-00-DX1,1,0.99998784,1
tumour/TCGA-SS-A7HO-01Z-00-DX1_27136_18944.jpg,TCGA-SS-A7HO,TCGA-SS-A7HO-01Z-00-DX1,1,0.9999405,1
tumour/TCGA-SS-A7HO-01Z-00-DX1_27136_20992.jpg,TCGA-SS-A7HO,TCGA-SS-A7HO-01Z-00-DX1,1,0.9990275,1
tumour/TCGA-SS-A7HO-01Z-00-DX1_27136_22016.jpg,TCGA-SS-A7HO,TCGA-SS-A7HO-01Z-00-DX1,1,0.99991095,1
tumour/TCGA-SS-A7HO-01Z-00-DX1_27136_22528.jpg,TCGA-SS-A7HO,TCGA-SS-A7HO-01Z-00-DX1,1,0.9997923,1
tumour/TCGA-SS-A7HO-01Z-00-DX1_27136_23040.jpg,TCGA-SS-A7HO,TCGA-SS-A7HO-01Z-00-DX1,1,0.8839561,1
tumour/TCGA-SS-A7HO-01Z-00-DX1_27136_23552.jpg,TCGA-SS-A7HO,TCGA-SS-A7HO-01Z-00-DX1,1,0.9999875,1
tumour/TCGA-SS-A7HO-01Z-00-DX1_27136_24576.jpg,TCGA-SS-A7HO,TCGA-SS-A7HO-01Z-00-DX1,1,0.99988747,1
tumour/TCGA-SS-A7HO-01Z-00-DX1_27136_25088.jpg,TCGA-SS-A7HO,TCGA-SS-A7HO-01Z-00-DX1,1,0.9999968,1
tumour/TCGA-SS-A7HO-01Z-00-DX1_27136_26624.jpg,TCGA-SS-A7HO,TCGA-SS-A7HO-01Z-00-DX1,1,0.999665,1
tumour/TCGA-SS-A7HO-01Z-00-DX1_27136_27648.jpg,TCGA-SS-A7HO,TCGA-SS-A7HO-01Z-00-DX1,1,0.9999262,1
tumour/TCGA-SS-A7HO-01Z-00-DX1_27136_28672.jpg,TCGA-SS-A7HO,TCGA-SS-A7HO-01Z-00-DX1,1,0.99999976,1
tumour/TCGA-SS-A7HO-01Z-00-DX1_27136_29184.jpg,TCGA-SS-A7HO,TCGA-SS-A7HO-01Z-00-DX1,1,0.9998528,1
tumour/TCGA-SS-A7HO-01Z-00-DX1_27136_29696.jpg,TCGA-SS-A7HO,TCGA-SS-A7HO-01Z-00-DX1,1,0.9978265,1
tumour/TCGA-SS-A7HO-01Z-00-DX1_27136_31232.jpg,TCGA-SS-A7HO,TCGA-SS-A7HO-01Z-00-DX1,1,0.9999875,1
tumour/TCGA-SS-A7HO-01Z-00-DX1_27136_31744.jpg,TCGA-SS-A7HO,TCGA-SS-A7HO-01Z-00-DX1,1,0.999798,1
tumour/TCGA-SS-A7HO-01Z-00-DX1_27136_34304.jpg,TCGA-SS-A7HO,TCGA-SS-A7HO-01Z-00-DX1,1,0.9998666,1
tumour/TCGA-SS-A7HO-01Z-00-DX1_27136_34816.jpg,TCGA-SS-A7HO,TCGA-SS-A7HO-01Z-00-DX1,1,0.99966943,1
tumour/TCGA-SS-A7HO-01Z-00-DX1_27136_9728.jpg,TCGA-SS-A7HO,TCGA-SS-A7HO-01Z-00-DX1,1,0.9744454,1
tumour/TCGA-SS-A7HO-01Z-00-DX1_27648_10752.jpg,TCGA-SS-A7HO,TCGA-SS-A7HO-01Z-00-DX1,1,0.99515885,1
tumour/TCGA-SS-A7HO-01Z-00-DX1_27648_11264.jpg,TCGA-SS-A7HO,TCGA-SS-A7HO-01Z-00-DX1,1,0.99992955,1
tumour/TCGA-SS-A7HO-01Z-00-DX1_27648_12288.jpg,TCGA-SS-A7HO,TCGA-SS-A7HO-01Z-00-DX1,1,0.9998103,1
tumour/TCGA-SS-A7HO-01Z-00-DX1_27648_13312.jpg,TCGA-SS-A7HO,TCGA-SS-A7HO-01Z-00-DX1,1,0.9991073,1
tumour/TCGA-SS-A7HO-01Z-00-DX1_27648_13824.jpg,TCGA-SS-A7HO,TCGA-SS-A7HO-01Z-00-DX1,1,0.9999517,1
tumour/TCGA-SS-A7HO-01Z-00-DX1_27648_14336.jpg,TCGA-SS-A7HO,TCGA-SS-A7HO-01Z-00-DX1,1,0.9999889,1
tumour/TCGA-SS-A7HO-01Z-00-DX1_27648_15360.jpg,TCGA-SS-A7HO,TCGA-SS-A7HO-01Z-00-DX1,1,0.99983585,1
tumour/TCGA-SS-A7HO-01Z-00-DX1_27648_16896.jpg,TCGA-SS-A7HO,TCGA-SS-A7HO-01Z-00-DX1,1,0.99947304,1
tumour/TCGA-SS-A7HO-01Z-00-DX1_27648_17920.jpg,TCGA-SS-A7HO,TCGA-SS-A7HO-01Z-00-DX1,1,0.9947472,1
tumour/TCGA-SS-A7HO-01Z-00-DX1_27648_18944.jpg,TCGA-SS-A7HO,TCGA-SS-A7HO-01Z-00-DX1,1,0.8479997,1
tumour/TCGA-SS-A7HO-01Z-00-DX1_27648_22016.jpg,TCGA-SS-A7HO,TCGA-SS-A7HO-01Z-00-DX1,1,0.9999093,1
tumour/TCGA-SS-A7HO-01Z-00-DX1_27648_23040.jpg,TCGA-SS-A7HO,TCGA-SS-A7HO-01Z-00-DX1,1,0.9997801,1
tumour/TCGA-SS-A7HO-01Z-00-DX1_27648_25088.jpg,TCGA-SS-A7HO,TCGA-SS-A7HO-01Z-00-DX1,1,0.9994678,1
tumour/TCGA-SS-A7HO-01Z-00-DX1_27648_25600.jpg,TCGA-SS-A7HO,TCGA-SS-A7HO-01Z-00-DX1,1,0.9994634,1
tumour/TCGA-SS-A7HO-01Z-00-DX1_27648_26112.jpg,TCGA-SS-A7HO,TCGA-SS-A7HO-01Z-00-DX1,1,0.99918514,1
tumour/TCGA-SS-A7HO-01Z-00-DX1_27648_27136.jpg,TCGA-SS-A7HO,TCGA-SS-A7HO-01Z-00-DX1,1,0.9999169,1
tumour/TCGA-SS-A7HO-01Z-00-DX1_27648_29184.jpg,TCGA-SS-A7HO,TCGA-SS-A7HO-01Z-00-DX1,1,0.9999583,1
tumour/TCGA-SS-A7HO-01Z-00-DX1_27648_31232.jpg,TCGA-SS-A7HO,TCGA-SS-A7HO-01Z-00-DX1,1,0.999634,1
tumour/TCGA-SS-A7HO-01Z-00-DX1_27648_34304.jpg,TCGA-SS-A7HO,TCGA-SS-A7HO-01Z-00-DX1,1,0.99999213,1
tumour/TCGA-SS-A7HO-01Z-00-DX1_27648_9728.jpg,TCGA-SS-A7HO,TCGA-SS-A7HO-01Z-00-DX1,1,0.9693561,1
tumour/TCGA-SS-A7HO-01Z-00-DX1_28160_10240.jpg,TCGA-SS-A7HO,TCGA-SS-A7HO-01Z-00-DX1,1,0.95501304,1
tumour/TCGA-SS-A7HO-01Z-00-DX1_28160_11264.jpg,TCGA-SS-A7HO,TCGA-SS-A7HO-01Z-00-DX1,1,0.99955446,1
tumour/TCGA-SS-A7HO-01Z-00-DX1_28160_11776.jpg,TCGA-SS-A7HO,TCGA-SS-A7HO-01Z-00-DX1,1,0.9996588,1
tumour/TCGA-SS-A7HO-01Z-00-DX1_28160_12800.jpg,TCGA-SS-A7HO,TCGA-SS-A7HO-01Z-00-DX1,1,0.9991561,1
tumour/TCGA-SS-A7HO-01Z-00-DX1_28160_13824.jpg,TCGA-SS-A7HO,TCGA-SS-A7HO-01Z-00-DX1,1,0.9997422,1
tumour/TCGA-SS-A7HO-01Z-00-DX1_28160_14336.jpg,TCGA-SS-A7HO,TCGA-SS-A7HO-01Z-00-DX1,1,0.99998415,1
tumour/TCGA-SS-A7HO-01Z-00-DX1_28160_15360.jpg,TCGA-SS-A7HO,TCGA-SS-A7HO-01Z-00-DX1,1,0.9984642,1
tumour/TCGA-SS-A7HO-01Z-00-DX1_28160_16384.jpg,TCGA-SS-A7HO,TCGA-SS-A7HO-01Z-00-DX1,1,0.99740845,1
tumour/TCGA-SS-A7HO-01Z-00-DX1_28160_17408.jpg,TCGA-SS-A7HO,TCGA-SS-A7HO-01Z-00-DX1,1,0.9996488,1
tumour/TCGA-SS-A7HO-01Z-00-DX1_28160_17920.jpg,TCGA-SS-A7HO,TCGA-SS-A7HO-01Z-00-DX1,1,0.9982609,1
tumour/TCGA-SS-A7HO-01Z-00-DX1_28160_21504.jpg,TCGA-SS-A7HO,TCGA-SS-A7HO-01Z-00-DX1,1,0.6224671,1
tumour/TCGA-SS-A7HO-01Z-00-DX1_28160_22528.jpg,TCGA-SS-A7HO,TCGA-SS-A7HO-01Z-00-DX1,1,0.9999925,1
tumour/TCGA-SS-A7HO-01Z-00-DX1_28160_23552.jpg,TCGA-SS-A7HO,TCGA-SS-A7HO-01Z-00-DX1,1,0.99999034,1
tumour/TCGA-SS-A7HO-01Z-00-DX1_28160_24064.jpg,TCGA-SS-A7HO,TCGA-SS-A7HO-01Z-00-DX1,1,0.99987304,1
tumour/TCGA-SS-A7HO-01Z-00-DX1_28160_24576.jpg,TCGA-SS-A7HO,TCGA-SS-A7HO-01Z-00-DX1,1,0.99953425,1
tumour/TCGA-SS-A7HO-01Z-00-DX1_28160_25088.jpg,TCGA-SS-A7HO,TCGA-SS-A7HO-01Z-00-DX1,1,0.9990976,1
tumour/TCGA-SS-A7HO-01Z-00-DX1_28160_26112.jpg,TCGA-SS-A7HO,TCGA-SS-A7HO-01Z-00-DX1,1,0.9997845,1
tumour/TCGA-SS-A7HO-01Z-00-DX1_28160_27648.jpg,TCGA-SS-A7HO,TCGA-SS-A7HO-01Z-00-DX1,1,0.9998486,1
tumour/TCGA-SS-A7HO-01Z-00-DX1_28160_28160.jpg,TCGA-SS-A7HO,TCGA-SS-A7HO-01Z-00-DX1,1,0.9968135,1
tumour/TCGA-SS-A7HO-01Z-00-DX1_28160_28672.jpg,TCGA-SS-A7HO,TCGA-SS-A7HO-01Z-00-DX1,1,0.99997103,1
tumour/TCGA-SS-A7HO-01Z-00-DX1_28160_29184.jpg,TCGA-SS-A7HO,TCGA-SS-A7HO-01Z-00-DX1,1,0.9993753,1
tumour/TCGA-SS-A7HO-01Z-00-DX1_28160_30208.jpg,TCGA-SS-A7HO,TCGA-SS-A7HO-01Z-00-DX1,1,0.9951675,1
tumour/TCGA-SS-A7HO-01Z-00-DX1_28160_32768.jpg,TCGA-SS-A7HO,TCGA-SS-A7HO-01Z-00-DX1,1,0.99998844,1
tumour/TCGA-SS-A7HO-01Z-00-DX1_28160_34304.jpg,TCGA-SS-A7HO,TCGA-SS-A7HO-01Z-00-DX1,1,0.99999845,1
tumour/TCGA-SS-A7HO-01Z-00-DX1_28160_34816.jpg,TCGA-SS-A7HO,TCGA-SS-A7HO-01Z-00-DX1,1,0.9999291,1
tumour/TCGA-SS-A7HO-01Z-00-DX1_28160_35840.jpg,TCGA-SS-A7HO,TCGA-SS-A7HO-01Z-00-DX1,1,0.9999492,1
tumour/TCGA-SS-A7HO-01Z-00-DX1_28160_9216.jpg,TCGA-SS-A7HO,TCGA-SS-A7HO-01Z-00-DX1,1,0.9583351,1
tumour/TCGA-SS-A7HO-01Z-00-DX1_28160_9728.jpg,TCGA-SS-A7HO,TCGA-SS-A7HO-01Z-00-DX1,1,0.9999634,1
tumour/TCGA-SS-A7HO-01Z-00-DX1_28672_10752.jpg,TCGA-SS-A7HO,TCGA-SS-A7HO-01Z-00-DX1,1,0.99781764,1
tumour/TCGA-SS-A7HO-01Z-00-DX1_28672_13312.jpg,TCGA-SS-A7HO,TCGA-SS-A7HO-01Z-00-DX1,1,0.9876704,1
tumour/TCGA-SS-A7HO-01Z-00-DX1_28672_14336.jpg,TCGA-SS-A7HO,TCGA-SS-A7HO-01Z-00-DX1,1,0.99997425,1
tumour/TCGA-SS-A7HO-01Z-00-DX1_28672_14848.jpg,TCGA-SS-A7HO,TCGA-SS-A7HO-01Z-00-DX1,1,0.9999304,1
tumour/TCGA-SS-A7HO-01Z-00-DX1_28672_15360.jpg,TCGA-SS-A7HO,TCGA-SS-A7HO-01Z-00-DX1,1,0.99999666,1
tumour/TCGA-SS-A7HO-01Z-00-DX1_28672_15872.jpg,TCGA-SS-A7HO,TCGA-SS-A7HO-01Z-00-DX1,1,0.99567515,1
tumour/TCGA-SS-A7HO-01Z-00-DX1_28672_17408.jpg,TCGA-SS-A7HO,TCGA-SS-A7HO-01Z-00-DX1,1,0.99988234,1
tumour/TCGA-SS-A7HO-01Z-00-DX1_28672_17920.jpg,TCGA-SS-A7HO,TCGA-SS-A7HO-01Z-00-DX1,1,0.9999664,1
tumour/TCGA-SS-A7HO-01Z-00-DX1_28672_18432.jpg,TCGA-SS-A7HO,TCGA-SS-A7HO-01Z-00-DX1,1,0.99734604,1
tumour/TCGA-SS-A7HO-01Z-00-DX1_28672_18944.jpg,TCGA-SS-A7HO,TCGA-SS-A7HO-01Z-00-DX1,1,0.9999627,1
tumour/TCGA-SS-A7HO-01Z-00-DX1_28672_21504.jpg,TCGA-SS-A7HO,TCGA-SS-A7HO-01Z-00-DX1,1,0.9989825,1
tumour/TCGA-SS-A7HO-01Z-00-DX1_28672_22528.jpg,TCGA-SS-A7HO,TCGA-SS-A7HO-01Z-00-DX1,1,0.9998229,1
tumour/TCGA-SS-A7HO-01Z-00-DX1_28672_23552.jpg,TCGA-SS-A7HO,TCGA-SS-A7HO-01Z-00-DX1,1,0.9999267,1
tumour/TCGA-SS-A7HO-01Z-00-DX1_28672_26624.jpg,TCGA-SS-A7HO,TCGA-SS-A7HO-01Z-00-DX1,1,0.73435336,1
tumour/TCGA-SS-A7HO-01Z-00-DX1_28672_30208.jpg,TCGA-SS-A7HO,TCGA-SS-A7HO-01Z-00-DX1,1,0.850513,1
tumour/TCGA-SS-A7HO-01Z-00-DX1_28672_32256.jpg,TCGA-SS-A7HO,TCGA-SS-A7HO-01Z-00-DX1,1,0.99998367,1
tumour/TCGA-SS-A7HO-01Z-00-DX1_28672_32768.jpg,TCGA-SS-A7HO,TCGA-SS-A7HO-01Z-00-DX1,1,0.999956,1
tumour/TCGA-SS-A7HO-01Z-00-DX1_28672_34304.jpg,TCGA-SS-A7HO,TCGA-SS-A7HO-01Z-00-DX1,1,0.99997246,1
tumour/TCGA-SS-A7HO-01Z-00-DX1_28672_35328.jpg,TCGA-SS-A7HO,TCGA-SS-A7HO-01Z-00-DX1,1,0.99974877,1
tumour/TCGA-SS-A7HO-01Z-00-DX1_28672_35840.jpg,TCGA-SS-A7HO,TCGA-SS-A7HO-01Z-00-DX1,1,0.99928206,1
tumour/TCGA-SS-A7HO-01Z-00-DX1_28672_9216.jpg,TCGA-SS-A7HO,TCGA-SS-A7HO-01Z-00-DX1,1,0.9997938,1
tumour/TCGA-SS-A7HO-01Z-00-DX1_29184_10240.jpg,TCGA-SS-A7HO,TCGA-SS-A7HO-01Z-00-DX1,1,0.98305833,1
tumour/TCGA-SS-A7HO-01Z-00-DX1_29184_11264.jpg,TCGA-SS-A7HO,TCGA-SS-A7HO-01Z-00-DX1,1,0.9987264,1
tumour/TCGA-SS-A7HO-01Z-00-DX1_29184_11776.jpg,TCGA-SS-A7HO,TCGA-SS-A7HO-01Z-00-DX1,1,0.99970067,1
tumour/TCGA-SS-A7HO-01Z-00-DX1_29184_12288.jpg,TCGA-SS-A7HO,TCGA-SS-A7HO-01Z-00-DX1,1,0.9994966,1
tumour/TCGA-SS-A7HO-01Z-00-DX1_29184_14336.jpg,TCGA-SS-A7HO,TCGA-SS-A7HO-01Z-00-DX1,1,0.9998228,1
tumour/TCGA-SS-A7HO-01Z-00-DX1_29184_14848.jpg,TCGA-SS-A7HO,TCGA-SS-A7HO-01Z-00-DX1,1,0.9999285,1
tumour/TCGA-SS-A7HO-01Z-00-DX1_29184_15872.jpg,TCGA-SS-A7HO,TCGA-SS-A7HO-01Z-00-DX1,1,0.9996507,1
tumour/TCGA-SS-A7HO-01Z-00-DX1_29184_16896.jpg,TCGA-SS-A7HO,TCGA-SS-A7HO-01Z-00-DX1,1,0.99503374,1
tumour/TCGA-SS-A7HO-01Z-00-DX1_29184_17408.jpg,TCGA-SS-A7HO,TCGA-SS-A7HO-01Z-00-DX1,1,0.9980129,1
tumour/TCGA-SS-A7HO-01Z-00-DX1_29184_18944.jpg,TCGA-SS-A7HO,TCGA-SS-A7HO-01Z-00-DX1,1,0.999987,1
tumour/TCGA-SS-A7HO-01Z-00-DX1_29184_22016.jpg,TCGA-SS-A7HO,TCGA-SS-A7HO-01Z-00-DX1,1,0.9973779,1
tumour/TCGA-SS-A7HO-01Z-00-DX1_29184_24576.jpg,TCGA-SS-A7HO,TCGA-SS-A7HO-01Z-00-DX1,1,0.99976474,1
tumour/TCGA-SS-A7HO-01Z-00-DX1_29184_25088.jpg,TCGA-SS-A7HO,TCGA-SS-A7HO-01Z-00-DX1,1,0.9994492,1
tumour/TCGA-SS-A7HO-01Z-00-DX1_29184_26112.jpg,TCGA-SS-A7HO,TCGA-SS-A7HO-01Z-00-DX1,1,0.99997795,1
tumour/TCGA-SS-A7HO-01Z-00-DX1_29184_27136.jpg,TCGA-SS-A7HO,TCGA-SS-A7HO-01Z-00-DX1,1,0.9999964,1
tumour/TCGA-SS-A7HO-01Z-00-DX1_29184_29184.jpg,TCGA-SS-A7HO,TCGA-SS-A7HO-01Z-00-DX1,1,0.9992612,1
tumour/TCGA-SS-A7HO-01Z-00-DX1_29184_32256.jpg,TCGA-SS-A7HO,TCGA-SS-A7HO-01Z-00-DX1,1,0.99996245,1
tumour/TCGA-SS-A7HO-01Z-00-DX1_29184_32768.jpg,TCGA-SS-A7HO,TCGA-SS-A7HO-01Z-00-DX1,1,0.99999094,1
tumour/TCGA-SS-A7HO-01Z-00-DX1_29184_33792.jpg,TCGA-SS-A7HO,TCGA-SS-A7HO-01Z-00-DX1,1,0.9999877,1
tumour/TCGA-SS-A7HO-01Z-00-DX1_29696_10240.jpg,TCGA-SS-A7HO,TCGA-SS-A7HO-01Z-00-DX1,1,0.9997826,1
tumour/TCGA-SS-A7HO-01Z-00-DX1_29696_11264.jpg,TCGA-SS-A7HO,TCGA-SS-A7HO-01Z-00-DX1,1,0.99992514,1
tumour/TCGA-SS-A7HO-01Z-00-DX1_29696_12288.jpg,TCGA-SS-A7HO,TCGA-SS-A7HO-01Z-00-DX1,1,0.99979335,1
tumour/TCGA-SS-A7HO-01Z-00-DX1_29696_13312.jpg,TCGA-SS-A7HO,TCGA-SS-A7HO-01Z-00-DX1,1,0.99833256,1
tumour/TCGA-SS-A7HO-01Z-00-DX1_29696_14848.jpg,TCGA-SS-A7HO,TCGA-SS-A7HO-01Z-00-DX1,1,0.9892882,1
tumour/TCGA-SS-A7HO-01Z-00-DX1_29696_17408.jpg,TCGA-SS-A7HO,TCGA-SS-A7HO-01Z-00-DX1,1,0.9998791,1
tumour/TCGA-SS-A7HO-01Z-00-DX1_29696_17920.jpg,TCGA-SS-A7HO,TCGA-SS-A7HO-01Z-00-DX1,1,0.99990714,1
tumour/TCGA-SS-A7HO-01Z-00-DX1_29696_18432.jpg,TCGA-SS-A7HO,TCGA-SS-A7HO-01Z-00-DX1,1,0.9995061,1
tumour/TCGA-SS-A7HO-01Z-00-DX1_29696_23040.jpg,TCGA-SS-A7HO,TCGA-SS-A7HO-01Z-00-DX1,1,0.9999901,1
tumour/TCGA-SS-A7HO-01Z-00-DX1_29696_24064.jpg,TCGA-SS-A7HO,TCGA-SS-A7HO-01Z-00-DX1,1,0.7826551,1
tumour/TCGA-SS-A7HO-01Z-00-DX1_29696_27136.jpg,TCGA-SS-A7HO,TCGA-SS-A7HO-01Z-00-DX1,1,0.9995727,1
tumour/TCGA-SS-A7HO-01Z-00-DX1_29696_27648.jpg,TCGA-SS-A7HO,TCGA-SS-A7HO-01Z-00-DX1,1,0.999902,1
tumour/TCGA-SS-A7HO-01Z-00-DX1_29696_29184.jpg,TCGA-SS-A7HO,TCGA-SS-A7HO-01Z-00-DX1,1,0.99523073,1
tumour/TCGA-SS-A7HO-01Z-00-DX1_29696_31744.jpg,TCGA-SS-A7HO,TCGA-SS-A7HO-01Z-00-DX1,1,0.9999982,1
tumour/TCGA-SS-A7HO-01Z-00-DX1_29696_32768.jpg,TCGA-SS-A7HO,TCGA-SS-A7HO-01Z-00-DX1,1,0.99999726,1
tumour/TCGA-SS-A7HO-01Z-00-DX1_29696_33280.jpg,TCGA-SS-A7HO,TCGA-SS-A7HO-01Z-00-DX1,1,0.999902,1
tumour/TCGA-SS-A7HO-01Z-00-DX1_29696_35840.jpg,TCGA-SS-A7HO,TCGA-SS-A7HO-01Z-00-DX1,1,0.9993049,1
tumour/TCGA-SS-A7HO-01Z-00-DX1_29696_6656.jpg,TCGA-SS-A7HO,TCGA-SS-A7HO-01Z-00-DX1,1,0.98238766,1
tumour/TCGA-SS-A7HO-01Z-00-DX1_29696_7168.jpg,TCGA-SS-A7HO,TCGA-SS-A7HO-01Z-00-DX1,1,0.99672085,1
tumour/TCGA-SS-A7HO-01Z-00-DX1_30208_10240.jpg,TCGA-SS-A7HO,TCGA-SS-A7HO-01Z-00-DX1,1,0.98825026,1
tumour/TCGA-SS-A7HO-01Z-00-DX1_30208_10752.jpg,TCGA-SS-A7HO,TCGA-SS-A7HO-01Z-00-DX1,1,0.9984231,1
tumour/TCGA-SS-A7HO-01Z-00-DX1_30208_12288.jpg,TCGA-SS-A7HO,TCGA-SS-A7HO-01Z-00-DX1,1,0.9992865,1
tumour/TCGA-SS-A7HO-01Z-00-DX1_30208_14336.jpg,TCGA-SS-A7HO,TCGA-SS-A7HO-01Z-00-DX1,1,0.99975365,1
tumour/TCGA-SS-A7HO-01Z-00-DX1_30208_16384.jpg,TCGA-SS-A7HO,TCGA-SS-A7HO-01Z-00-DX1,1,0.9999701,1
tumour/TCGA-SS-A7HO-01Z-00-DX1_30208_16896.jpg,TCGA-SS-A7HO,TCGA-SS-A7HO-01Z-00-DX1,1,0.99787927,1
tumour/TCGA-SS-A7HO-01Z-00-DX1_30208_18432.jpg,TCGA-SS-A7HO,TCGA-SS-A7HO-01Z-00-DX1,1,0.9983432,1
tumour/TCGA-SS-A7HO-01Z-00-DX1_30208_18944.jpg,TCGA-SS-A7HO,TCGA-SS-A7HO-01Z-00-DX1,1,0.99943334,1
tumour/TCGA-SS-A7HO-01Z-00-DX1_30208_22528.jpg,TCGA-SS-A7HO,TCGA-SS-A7HO-01Z-00-DX1,1,0.9961133,1
tumour/TCGA-SS-A7HO-01Z-00-DX1_30208_23040.jpg,TCGA-SS-A7HO,TCGA-SS-A7HO-01Z-00-DX1,1,0.9989968,1
tumour/TCGA-SS-A7HO-01Z-00-DX1_30208_24576.jpg,TCGA-SS-A7HO,TCGA-SS-A7HO-01Z-00-DX1,1,0.7941637,1
tumour/TCGA-SS-A7HO-01Z-00-DX1_30208_25600.jpg,TCGA-SS-A7HO,TCGA-SS-A7HO-01Z-00-DX1,1,0.9993697,1
tumour/TCGA-SS-A7HO-01Z-00-DX1_30208_26112.jpg,TCGA-SS-A7HO,TCGA-SS-A7HO-01Z-00-DX1,1,0.9986186,1
tumour/TCGA-SS-A7HO-01Z-00-DX1_30208_28160.jpg,TCGA-SS-A7HO,TCGA-SS-A7HO-01Z-00-DX1,1,0.99993193,1
tumour/TCGA-SS-A7HO-01Z-00-DX1_30208_31232.jpg,TCGA-SS-A7HO,TCGA-SS-A7HO-01Z-00-DX1,1,0.99999785,1
tumour/TCGA-SS-A7HO-01Z-00-DX1_30208_31744.jpg,TCGA-SS-A7HO,TCGA-SS-A7HO-01Z-00-DX1,1,0.9999925,1
tumour/TCGA-SS-A7HO-01Z-00-DX1_30208_32768.jpg,TCGA-SS-A7HO,TCGA-SS-A7HO-01Z-00-DX1,1,0.99807847,1
tumour/TCGA-SS-A7HO-01Z-00-DX1_30208_34816.jpg,TCGA-SS-A7HO,TCGA-SS-A7HO-01Z-00-DX1,1,0.9964539,1
tumour/TCGA-SS-A7HO-01Z-00-DX1_30208_7168.jpg,TCGA-SS-A7HO,TCGA-SS-A7HO-01Z-00-DX1,1,0.96904624,1
tumour/TCGA-SS-A7HO-01Z-00-DX1_30208_9728.jpg,TCGA-SS-A7HO,TCGA-SS-A7HO-01Z-00-DX1,1,0.99998724,1
tumour/TCGA-SS-A7HO-01Z-00-DX1_30720_10240.jpg,TCGA-SS-A7HO,TCGA-SS-A7HO-01Z-00-DX1,1,0.9994789,1
tumour/TCGA-SS-A7HO-01Z-00-DX1_30720_10752.jpg,TCGA-SS-A7HO,TCGA-SS-A7HO-01Z-00-DX1,1,0.9825246,1
tumour/TCGA-SS-A7HO-01Z-00-DX1_30720_12288.jpg,TCGA-SS-A7HO,TCGA-SS-A7HO-01Z-00-DX1,1,0.9998833,1
tumour/TCGA-SS-A7HO-01Z-00-DX1_30720_13824.jpg,TCGA-SS-A7HO,TCGA-SS-A7HO-01Z-00-DX1,1,0.99859005,1
tumour/TCGA-SS-A7HO-01Z-00-DX1_30720_14336.jpg,TCGA-SS-A7HO,TCGA-SS-A7HO-01Z-00-DX1,1,0.9999448,1
tumour/TCGA-SS-A7HO-01Z-00-DX1_30720_14848.jpg,TCGA-SS-A7HO,TCGA-SS-A7HO-01Z-00-DX1,1,0.99996233,1
tumour/TCGA-SS-A7HO-01Z-00-DX1_30720_15360.jpg,TCGA-SS-A7HO,TCGA-SS-A7HO-01Z-00-DX1,1,0.99820936,1
tumour/TCGA-SS-A7HO-01Z-00-DX1_30720_16384.jpg,TCGA-SS-A7HO,TCGA-SS-A7HO-01Z-00-DX1,1,0.9972211,1
tumour/TCGA-SS-A7HO-01Z-00-DX1_30720_17408.jpg,TCGA-SS-A7HO,TCGA-SS-A7HO-01Z-00-DX1,1,0.99987125,1
tumour/TCGA-SS-A7HO-01Z-00-DX1_30720_17920.jpg,TCGA-SS-A7HO,TCGA-SS-A7HO-01Z-00-DX1,1,0.998762,1
tumour/TCGA-SS-A7HO-01Z-00-DX1_30720_18432.jpg,TCGA-SS-A7HO,TCGA-SS-A7HO-01Z-00-DX1,1,0.9998381,1
tumour/TCGA-SS-A7HO-01Z-00-DX1_30720_18944.jpg,TCGA-SS-A7HO,TCGA-SS-A7HO-01Z-00-DX1,1,0.98547155,1
tumour/TCGA-SS-A7HO-01Z-00-DX1_30720_23040.jpg,TCGA-SS-A7HO,TCGA-SS-A7HO-01Z-00-DX1,1,0.999185,1
tumour/TCGA-SS-A7HO-01Z-00-DX1_30720_23552.jpg,TCGA-SS-A7HO,TCGA-SS-A7HO-01Z-00-DX1,1,0.9992773,1
tumour/TCGA-SS-A7HO-01Z-00-DX1_30720_27136.jpg,TCGA-SS-A7HO,TCGA-SS-A7HO-01Z-00-DX1,1,0.999798,1
tumour/TCGA-SS-A7HO-01Z-00-DX1_30720_27648.jpg,TCGA-SS-A7HO,TCGA-SS-A7HO-01Z-00-DX1,1,0.99872416,1
tumour/TCGA-SS-A7HO-01Z-00-DX1_30720_31232.jpg,TCGA-SS-A7HO,TCGA-SS-A7HO-01Z-00-DX1,1,0.9999938,1
tumour/TCGA-SS-A7HO-01Z-00-DX1_30720_31744.jpg,TCGA-SS-A7HO,TCGA-SS-A7HO-01Z-00-DX1,1,0.9999994,1
tumour/TCGA-SS-A7HO-01Z-00-DX1_30720_32768.jpg,TCGA-SS-A7HO,TCGA-SS-A7HO-01Z-00-DX1,1,0.9999994,1
tumour/TCGA-SS-A7HO-01Z-00-DX1_30720_34816.jpg,TCGA-SS-A7HO,TCGA-SS-A7HO-01Z-00-DX1,1,0.99995375,1
tumour/TCGA-SS-A7HO-01Z-00-DX1_30720_35328.jpg,TCGA-SS-A7HO,TCGA-SS-A7HO-01Z-00-DX1,1,0.9993937,1
tumour/TCGA-SS-A7HO-01Z-00-DX1_3072_8704.jpg,TCGA-SS-A7HO,TCGA-SS-A7HO-01Z-00-DX1,1,0.999571,1
tumour/TCGA-SS-A7HO-01Z-00-DX1_31232_12800.jpg,TCGA-SS-A7HO,TCGA-SS-A7HO-01Z-00-DX1,1,0.99994206,1
tumour/TCGA-SS-A7HO-01Z-00-DX1_31232_13312.jpg,TCGA-SS-A7HO,TCGA-SS-A7HO-01Z-00-DX1,1,0.9972524,1
tumour/TCGA-SS-A7HO-01Z-00-DX1_31232_14848.jpg,TCGA-SS-A7HO,TCGA-SS-A7HO-01Z-00-DX1,1,0.99984205,1
tumour/TCGA-SS-A7HO-01Z-00-DX1_31232_15360.jpg,TCGA-SS-A7HO,TCGA-SS-A7HO-01Z-00-DX1,1,0.9997284,1
tumour/TCGA-SS-A7HO-01Z-00-DX1_31232_16384.jpg,TCGA-SS-A7HO,TCGA-SS-A7HO-01Z-00-DX1,1,0.9781641,1
tumour/TCGA-SS-A7HO-01Z-00-DX1_31232_17408.jpg,TCGA-SS-A7HO,TCGA-SS-A7HO-01Z-00-DX1,1,0.99303025,1
tumour/TCGA-SS-A7HO-01Z-00-DX1_31232_19456.jpg,TCGA-SS-A7HO,TCGA-SS-A7HO-01Z-00-DX1,1,0.9999212,1
tumour/TCGA-SS-A7HO-01Z-00-DX1_31232_22528.jpg,TCGA-SS-A7HO,TCGA-SS-A7HO-01Z-00-DX1,1,0.99689424,1
tumour/TCGA-SS-A7HO-01Z-00-DX1_31232_23040.jpg,TCGA-SS-A7HO,TCGA-SS-A7HO-01Z-00-DX1,1,0.9998331,1
tumour/TCGA-SS-A7HO-01Z-00-DX1_31232_23552.jpg,TCGA-SS-A7HO,TCGA-SS-A7HO-01Z-00-DX1,1,0.9988482,1
tumour/TCGA-SS-A7HO-01Z-00-DX1_31232_25088.jpg,TCGA-SS-A7HO,TCGA-SS-A7HO-01Z-00-DX1,1,0.4424166,0
tumour/TCGA-SS-A7HO-01Z-00-DX1_31232_27136.jpg,TCGA-SS-A7HO,TCGA-SS-A7HO-01Z-00-DX1,1,0.9884469,1
tumour/TCGA-SS-A7HO-01Z-00-DX1_31232_29696.jpg,TCGA-SS-A7HO,TCGA-SS-A7HO-01Z-00-DX1,1,0.99999833,1
tumour/TCGA-SS-A7HO-01Z-00-DX1_31232_31744.jpg,TCGA-SS-A7HO,TCGA-SS-A7HO-01Z-00-DX1,1,0.9999988,1
tumour/TCGA-SS-A7HO-01Z-00-DX1_31232_33280.jpg,TCGA-SS-A7HO,TCGA-SS-A7HO-01Z-00-DX1,1,0.9994972,1
tumour/TCGA-SS-A7HO-01Z-00-DX1_31232_34304.jpg,TCGA-SS-A7HO,TCGA-SS-A7HO-01Z-00-DX1,1,0.99997556,1
tumour/TCGA-SS-A7HO-01Z-00-DX1_31232_34816.jpg,TCGA-SS-A7HO,TCGA-SS-A7HO-01Z-00-DX1,1,0.99999523,1
tumour/TCGA-SS-A7HO-01Z-00-DX1_31232_5120.jpg,TCGA-SS-A7HO,TCGA-SS-A7HO-01Z-00-DX1,1,0.9948198,1
tumour/TCGA-SS-A7HO-01Z-00-DX1_31232_5632.jpg,TCGA-SS-A7HO,TCGA-SS-A7HO-01Z-00-DX1,1,0.9994172,1
tumour/TCGA-SS-A7HO-01Z-00-DX1_31232_7168.jpg,TCGA-SS-A7HO,TCGA-SS-A7HO-01Z-00-DX1,1,0.99897015,1
tumour/TCGA-SS-A7HO-01Z-00-DX1_31744_12288.jpg,TCGA-SS-A7HO,TCGA-SS-A7HO-01Z-00-DX1,1,0.9984693,1
tumour/TCGA-SS-A7HO-01Z-00-DX1_31744_12800.jpg,TCGA-SS-A7HO,TCGA-SS-A7HO-01Z-00-DX1,1,0.9992035,1
tumour/TCGA-SS-A7HO-01Z-00-DX1_31744_13312.jpg,TCGA-SS-A7HO,TCGA-SS-A7HO-01Z-00-DX1,1,0.9986259,1
tumour/TCGA-SS-A7HO-01Z-00-DX1_31744_14336.jpg,TCGA-SS-A7HO,TCGA-SS-A7HO-01Z-00-DX1,1,0.9980307,1
tumour/TCGA-SS-A7HO-01Z-00-DX1_31744_14848.jpg,TCGA-SS-A7HO,TCGA-SS-A7HO-01Z-00-DX1,1,0.97928625,1
tumour/TCGA-SS-A7HO-01Z-00-DX1_31744_15360.jpg,TCGA-SS-A7HO,TCGA-SS-A7HO-01Z-00-DX1,1,0.99697244,1
tumour/TCGA-SS-A7HO-01Z-00-DX1_31744_23552.jpg,TCGA-SS-A7HO,TCGA-SS-A7HO-01Z-00-DX1,1,0.9998503,1
tumour/TCGA-SS-A7HO-01Z-00-DX1_31744_24064.jpg,TCGA-SS-A7HO,TCGA-SS-A7HO-01Z-00-DX1,1,0.9985241,1
tumour/TCGA-SS-A7HO-01Z-00-DX1_31744_24576.jpg,TCGA-SS-A7HO,TCGA-SS-A7HO-01Z-00-DX1,1,0.97202253,1
tumour/TCGA-SS-A7HO-01Z-00-DX1_31744_28672.jpg,TCGA-SS-A7HO,TCGA-SS-A7HO-01Z-00-DX1,1,0.9728776,1
tumour/TCGA-SS-A7HO-01Z-00-DX1_31744_29696.jpg,TCGA-SS-A7HO,TCGA-SS-A7HO-01Z-00-DX1,1,0.9998672,1
tumour/TCGA-SS-A7HO-01Z-00-DX1_31744_30208.jpg,TCGA-SS-A7HO,TCGA-SS-A7HO-01Z-00-DX1,1,0.9999949,1
tumour/TCGA-SS-A7HO-01Z-00-DX1_31744_30720.jpg,TCGA-SS-A7HO,TCGA-SS-A7HO-01Z-00-DX1,1,0.99664885,1
tumour/TCGA-SS-A7HO-01Z-00-DX1_31744_31232.jpg,TCGA-SS-A7HO,TCGA-SS-A7HO-01Z-00-DX1,1,0.99917346,1
tumour/TCGA-SS-A7HO-01Z-00-DX1_31744_32256.jpg,TCGA-SS-A7HO,TCGA-SS-A7HO-01Z-00-DX1,1,0.9998357,1
tumour/TCGA-SS-A7HO-01Z-00-DX1_31744_33792.jpg,TCGA-SS-A7HO,TCGA-SS-A7HO-01Z-00-DX1,1,0.9999546,1
tumour/TCGA-SS-A7HO-01Z-00-DX1_31744_34304.jpg,TCGA-SS-A7HO,TCGA-SS-A7HO-01Z-00-DX1,1,0.99992347,1
tumour/TCGA-SS-A7HO-01Z-00-DX1_31744_5120.jpg,TCGA-SS-A7HO,TCGA-SS-A7HO-01Z-00-DX1,1,0.9978138,1
tumour/TCGA-SS-A7HO-01Z-00-DX1_31744_6656.jpg,TCGA-SS-A7HO,TCGA-SS-A7HO-01Z-00-DX1,1,0.99978656,1
tumour/TCGA-SS-A7HO-01Z-00-DX1_31744_7168.jpg,TCGA-SS-A7HO,TCGA-SS-A7HO-01Z-00-DX1,1,0.99902594,1
tumour/TCGA-SS-A7HO-01Z-00-DX1_31744_7680.jpg,TCGA-SS-A7HO,TCGA-SS-A7HO-01Z-00-DX1,1,0.99576926,1
tumour/TCGA-SS-A7HO-01Z-00-DX1_31744_8704.jpg,TCGA-SS-A7HO,TCGA-SS-A7HO-01Z-00-DX1,1,0.7402318,1
tumour/TCGA-SS-A7HO-01Z-00-DX1_32256_12288.jpg,TCGA-SS-A7HO,TCGA-SS-A7HO-01Z-00-DX1,1,0.97615355,1
tumour/TCGA-SS-A7HO-01Z-00-DX1_32256_13312.jpg,TCGA-SS-A7HO,TCGA-SS-A7HO-01Z-00-DX1,1,0.999632,1
tumour/TCGA-SS-A7HO-01Z-00-DX1_32256_13824.jpg,TCGA-SS-A7HO,TCGA-SS-A7HO-01Z-00-DX1,1,0.99879766,1
tumour/TCGA-SS-A7HO-01Z-00-DX1_32256_14336.jpg,TCGA-SS-A7HO,TCGA-SS-A7HO-01Z-00-DX1,1,0.9997547,1
tumour/TCGA-SS-A7HO-01Z-00-DX1_32256_15872.jpg,TCGA-SS-A7HO,TCGA-SS-A7HO-01Z-00-DX1,1,0.9638022,1
tumour/TCGA-SS-A7HO-01Z-00-DX1_32256_23552.jpg,TCGA-SS-A7HO,TCGA-SS-A7HO-01Z-00-DX1,1,0.3702567,0
tumour/TCGA-SS-A7HO-01Z-00-DX1_32256_26112.jpg,TCGA-SS-A7HO,TCGA-SS-A7HO-01Z-00-DX1,1,0.9995395,1
tumour/TCGA-SS-A7HO-01Z-00-DX1_32256_26624.jpg,TCGA-SS-A7HO,TCGA-SS-A7HO-01Z-00-DX1,1,0.99996316,1
tumour/TCGA-SS-A7HO-01Z-00-DX1_32256_28672.jpg,TCGA-SS-A7HO,TCGA-SS-A7HO-01Z-00-DX1,1,0.9999982,1
tumour/TCGA-SS-A7HO-01Z-00-DX1_32256_29184.jpg,TCGA-SS-A7HO,TCGA-SS-A7HO-01Z-00-DX1,1,0.999985,1
tumour/TCGA-SS-A7HO-01Z-00-DX1_32256_31232.jpg,TCGA-SS-A7HO,TCGA-SS-A7HO-01Z-00-DX1,1,0.99991286,1
tumour/TCGA-SS-A7HO-01Z-00-DX1_32256_33280.jpg,TCGA-SS-A7HO,TCGA-SS-A7HO-01Z-00-DX1,1,0.9999479,1
tumour/TCGA-SS-A7HO-01Z-00-DX1_32256_6144.jpg,TCGA-SS-A7HO,TCGA-SS-A7HO-01Z-00-DX1,1,0.9986009,1
tumour/TCGA-SS-A7HO-01Z-00-DX1_32256_6656.jpg,TCGA-SS-A7HO,TCGA-SS-A7HO-01Z-00-DX1,1,0.999514,1
tumour/TCGA-SS-A7HO-01Z-00-DX1_32256_7168.jpg,TCGA-SS-A7HO,TCGA-SS-A7HO-01Z-00-DX1,1,0.9985411,1
tumour/TCGA-SS-A7HO-01Z-00-DX1_32256_8192.jpg,TCGA-SS-A7HO,TCGA-SS-A7HO-01Z-00-DX1,1,0.98093975,1
tumour/TCGA-SS-A7HO-01Z-00-DX1_32256_9216.jpg,TCGA-SS-A7HO,TCGA-SS-A7HO-01Z-00-DX1,1,0.99704045,1
tumour/TCGA-SS-A7HO-01Z-00-DX1_32768_13312.jpg,TCGA-SS-A7HO,TCGA-SS-A7HO-01Z-00-DX1,1,0.9946083,1
tumour/TCGA-SS-A7HO-01Z-00-DX1_32768_13824.jpg,TCGA-SS-A7HO,TCGA-SS-A7HO-01Z-00-DX1,1,0.99949455,1
tumour/TCGA-SS-A7HO-01Z-00-DX1_32768_15360.jpg,TCGA-SS-A7HO,TCGA-SS-A7HO-01Z-00-DX1,1,0.9995552,1
tumour/TCGA-SS-A7HO-01Z-00-DX1_32768_25600.jpg,TCGA-SS-A7HO,TCGA-SS-A7HO-01Z-00-DX1,1,0.99993753,1
tumour/TCGA-SS-A7HO-01Z-00-DX1_32768_26112.jpg,TCGA-SS-A7HO,TCGA-SS-A7HO-01Z-00-DX1,1,0.9998857,1
tumour/TCGA-SS-A7HO-01Z-00-DX1_32768_26624.jpg,TCGA-SS-A7HO,TCGA-SS-A7HO-01Z-00-DX1,1,0.999833,1
tumour/TCGA-SS-A7HO-01Z-00-DX1_32768_27648.jpg,TCGA-SS-A7HO,TCGA-SS-A7HO-01Z-00-DX1,1,0.99994934,1
tumour/TCGA-SS-A7HO-01Z-00-DX1_32768_28160.jpg,TCGA-SS-A7HO,TCGA-SS-A7HO-01Z-00-DX1,1,0.99983656,1
tumour/TCGA-SS-A7HO-01Z-00-DX1_32768_29696.jpg,TCGA-SS-A7HO,TCGA-SS-A7HO-01Z-00-DX1,1,0.9997702,1
tumour/TCGA-SS-A7HO-01Z-00-DX1_32768_30720.jpg,TCGA-SS-A7HO,TCGA-SS-A7HO-01Z-00-DX1,1,0.99978405,1
tumour/TCGA-SS-A7HO-01Z-00-DX1_32768_32256.jpg,TCGA-SS-A7HO,TCGA-SS-A7HO-01Z-00-DX1,1,0.99994266,1
tumour/TCGA-SS-A7HO-01Z-00-DX1_32768_33280.jpg,TCGA-SS-A7HO,TCGA-SS-A7HO-01Z-00-DX1,1,0.9999169,1
tumour/TCGA-SS-A7HO-01Z-00-DX1_32768_33792.jpg,TCGA-SS-A7HO,TCGA-SS-A7HO-01Z-00-DX1,1,0.9966175,1
tumour/TCGA-SS-A7HO-01Z-00-DX1_32768_5120.jpg,TCGA-SS-A7HO,TCGA-SS-A7HO-01Z-00-DX1,1,0.99653995,1
tumour/TCGA-SS-A7HO-01Z-00-DX1_32768_5632.jpg,TCGA-SS-A7HO,TCGA-SS-A7HO-01Z-00-DX1,1,0.996003,1
tumour/TCGA-SS-A7HO-01Z-00-DX1_32768_6144.jpg,TCGA-SS-A7HO,TCGA-SS-A7HO-01Z-00-DX1,1,0.98748183,1
tumour/TCGA-SS-A7HO-01Z-00-DX1_32768_7680.jpg,TCGA-SS-A7HO,TCGA-SS-A7HO-01Z-00-DX1,1,0.99995136,1
tumour/TCGA-SS-A7HO-01Z-00-DX1_32768_9216.jpg,TCGA-SS-A7HO,TCGA-SS-A7HO-01Z-00-DX1,1,0.99698204,1
tumour/TCGA-SS-A7HO-01Z-00-DX1_32768_9728.jpg,TCGA-SS-A7HO,TCGA-SS-A7HO-01Z-00-DX1,1,0.9992749,1
tumour/TCGA-SS-A7HO-01Z-00-DX1_33280_10752.jpg,TCGA-SS-A7HO,TCGA-SS-A7HO-01Z-00-DX1,1,0.9999069,1
tumour/TCGA-SS-A7HO-01Z-00-DX1_33280_14336.jpg,TCGA-SS-A7HO,TCGA-SS-A7HO-01Z-00-DX1,1,0.9999566,1
tumour/TCGA-SS-A7HO-01Z-00-DX1_33280_15360.jpg,TCGA-SS-A7HO,TCGA-SS-A7HO-01Z-00-DX1,1,0.8607207,1
tumour/TCGA-SS-A7HO-01Z-00-DX1_33280_16384.jpg,TCGA-SS-A7HO,TCGA-SS-A7HO-01Z-00-DX1,1,0.85219884,1
tumour/TCGA-SS-A7HO-01Z-00-DX1_33280_25600.jpg,TCGA-SS-A7HO,TCGA-SS-A7HO-01Z-00-DX1,1,0.9998423,1
tumour/TCGA-SS-A7HO-01Z-00-DX1_33280_26112.jpg,TCGA-SS-A7HO,TCGA-SS-A7HO-01Z-00-DX1,1,0.9999769,1
tumour/TCGA-SS-A7HO-01Z-00-DX1_33280_26624.jpg,TCGA-SS-A7HO,TCGA-SS-A7HO-01Z-00-DX1,1,0.99998057,1
tumour/TCGA-SS-A7HO-01Z-00-DX1_33280_27136.jpg,TCGA-SS-A7HO,TCGA-SS-A7HO-01Z-00-DX1,1,0.9999471,1
tumour/TCGA-SS-A7HO-01Z-00-DX1_33280_27648.jpg,TCGA-SS-A7HO,TCGA-SS-A7HO-01Z-00-DX1,1,0.99999964,1
tumour/TCGA-SS-A7HO-01Z-00-DX1_33280_28160.jpg,TCGA-SS-A7HO,TCGA-SS-A7HO-01Z-00-DX1,1,0.9860319,1
tumour/TCGA-SS-A7HO-01Z-00-DX1_33280_29184.jpg,TCGA-SS-A7HO,TCGA-SS-A7HO-01Z-00-DX1,1,0.9990885,1
tumour/TCGA-SS-A7HO-01Z-00-DX1_33280_29696.jpg,TCGA-SS-A7HO,TCGA-SS-A7HO-01Z-00-DX1,1,0.98839533,1
tumour/TCGA-SS-A7HO-01Z-00-DX1_33280_30208.jpg,TCGA-SS-A7HO,TCGA-SS-A7HO-01Z-00-DX1,1,0.99991727,1
tumour/TCGA-SS-A7HO-01Z-00-DX1_33280_30720.jpg,TCGA-SS-A7HO,TCGA-SS-A7HO-01Z-00-DX1,1,0.9950388,1
tumour/TCGA-SS-A7HO-01Z-00-DX1_33280_31232.jpg,TCGA-SS-A7HO,TCGA-SS-A7HO-01Z-00-DX1,1,0.99997604,1
tumour/TCGA-SS-A7HO-01Z-00-DX1_33280_32768.jpg,TCGA-SS-A7HO,TCGA-SS-A7HO-01Z-00-DX1,1,0.9999975,1
tumour/TCGA-SS-A7HO-01Z-00-DX1_33280_33280.jpg,TCGA-SS-A7HO,TCGA-SS-A7HO-01Z-00-DX1,1,0.9994517,1
tumour/TCGA-SS-A7HO-01Z-00-DX1_33280_4608.jpg,TCGA-SS-A7HO,TCGA-SS-A7HO-01Z-00-DX1,1,0.99927586,1
tumour/TCGA-SS-A7HO-01Z-00-DX1_33280_8192.jpg,TCGA-SS-A7HO,TCGA-SS-A7HO-01Z-00-DX1,1,0.999907,1
tumour/TCGA-SS-A7HO-01Z-00-DX1_33280_8704.jpg,TCGA-SS-A7HO,TCGA-SS-A7HO-01Z-00-DX1,1,0.9510335,1
tumour/TCGA-SS-A7HO-01Z-00-DX1_33792_10752.jpg,TCGA-SS-A7HO,TCGA-SS-A7HO-01Z-00-DX1,1,0.9998708,1
tumour/TCGA-SS-A7HO-01Z-00-DX1_33792_14336.jpg,TCGA-SS-A7HO,TCGA-SS-A7HO-01Z-00-DX1,1,0.94248486,1
tumour/TCGA-SS-A7HO-01Z-00-DX1_33792_15872.jpg,TCGA-SS-A7HO,TCGA-SS-A7HO-01Z-00-DX1,1,0.9999337,1
tumour/TCGA-SS-A7HO-01Z-00-DX1_33792_25600.jpg,TCGA-SS-A7HO,TCGA-SS-A7HO-01Z-00-DX1,1,0.99987483,1
tumour/TCGA-SS-A7HO-01Z-00-DX1_33792_26112.jpg,TCGA-SS-A7HO,TCGA-SS-A7HO-01Z-00-DX1,1,0.99999964,1
tumour/TCGA-SS-A7HO-01Z-00-DX1_33792_27648.jpg,TCGA-SS-A7HO,TCGA-SS-A7HO-01Z-00-DX1,1,0.99999845,1
tumour/TCGA-SS-A7HO-01Z-00-DX1_33792_29696.jpg,TCGA-SS-A7HO,TCGA-SS-A7HO-01Z-00-DX1,1,0.9999323,1
tumour/TCGA-SS-A7HO-01Z-00-DX1_33792_30208.jpg,TCGA-SS-A7HO,TCGA-SS-A7HO-01Z-00-DX1,1,0.9988876,1
tumour/TCGA-SS-A7HO-01Z-00-DX1_33792_31232.jpg,TCGA-SS-A7HO,TCGA-SS-A7HO-01Z-00-DX1,1,0.9978726,1
tumour/TCGA-SS-A7HO-01Z-00-DX1_33792_31744.jpg,TCGA-SS-A7HO,TCGA-SS-A7HO-01Z-00-DX1,1,0.9996141,1
tumour/TCGA-SS-A7HO-01Z-00-DX1_33792_32256.jpg,TCGA-SS-A7HO,TCGA-SS-A7HO-01Z-00-DX1,1,0.99999905,1
tumour/TCGA-SS-A7HO-01Z-00-DX1_33792_32768.jpg,TCGA-SS-A7HO,TCGA-SS-A7HO-01Z-00-DX1,1,0.99999344,1
tumour/TCGA-SS-A7HO-01Z-00-DX1_33792_33280.jpg,TCGA-SS-A7HO,TCGA-SS-A7HO-01Z-00-DX1,1,0.99923074,1
tumour/TCGA-SS-A7HO-01Z-00-DX1_33792_4608.jpg,TCGA-SS-A7HO,TCGA-SS-A7HO-01Z-00-DX1,1,0.9985613,1
tumour/TCGA-SS-A7HO-01Z-00-DX1_33792_6656.jpg,TCGA-SS-A7HO,TCGA-SS-A7HO-01Z-00-DX1,1,0.999297,1
tumour/TCGA-SS-A7HO-01Z-00-DX1_33792_7168.jpg,TCGA-SS-A7HO,TCGA-SS-A7HO-01Z-00-DX1,1,0.9974136,1
tumour/TCGA-SS-A7HO-01Z-00-DX1_33792_7680.jpg,TCGA-SS-A7HO,TCGA-SS-A7HO-01Z-00-DX1,1,0.9994467,1
tumour/TCGA-SS-A7HO-01Z-00-DX1_33792_9216.jpg,TCGA-SS-A7HO,TCGA-SS-A7HO-01Z-00-DX1,1,0.99378175,1
tumour/TCGA-SS-A7HO-01Z-00-DX1_34304_11776.jpg,TCGA-SS-A7HO,TCGA-SS-A7HO-01Z-00-DX1,1,0.99836534,1
tumour/TCGA-SS-A7HO-01Z-00-DX1_34304_12288.jpg,TCGA-SS-A7HO,TCGA-SS-A7HO-01Z-00-DX1,1,0.999785,1
tumour/TCGA-SS-A7HO-01Z-00-DX1_34304_14848.jpg,TCGA-SS-A7HO,TCGA-SS-A7HO-01Z-00-DX1,1,0.998302,1
tumour/TCGA-SS-A7HO-01Z-00-DX1_34304_15360.jpg,TCGA-SS-A7HO,TCGA-SS-A7HO-01Z-00-DX1,1,0.9704157,1
tumour/TCGA-SS-A7HO-01Z-00-DX1_34304_23040.jpg,TCGA-SS-A7HO,TCGA-SS-A7HO-01Z-00-DX1,1,0.99998033,1
tumour/TCGA-SS-A7HO-01Z-00-DX1_34304_23552.jpg,TCGA-SS-A7HO,TCGA-SS-A7HO-01Z-00-DX1,1,0.99988985,1
tumour/TCGA-SS-A7HO-01Z-00-DX1_34304_24064.jpg,TCGA-SS-A7HO,TCGA-SS-A7HO-01Z-00-DX1,1,0.99963033,1
tumour/TCGA-SS-A7HO-01Z-00-DX1_34304_24576.jpg,TCGA-SS-A7HO,TCGA-SS-A7HO-01Z-00-DX1,1,0.9999511,1
tumour/TCGA-SS-A7HO-01Z-00-DX1_34304_25088.jpg,TCGA-SS-A7HO,TCGA-SS-A7HO-01Z-00-DX1,1,0.99988854,1
tumour/TCGA-SS-A7HO-01Z-00-DX1_34304_25600.jpg,TCGA-SS-A7HO,TCGA-SS-A7HO-01Z-00-DX1,1,0.99945,1
tumour/TCGA-SS-A7HO-01Z-00-DX1_34304_26624.jpg,TCGA-SS-A7HO,TCGA-SS-A7HO-01Z-00-DX1,1,0.99878937,1
tumour/TCGA-SS-A7HO-01Z-00-DX1_34304_28160.jpg,TCGA-SS-A7HO,TCGA-SS-A7HO-01Z-00-DX1,1,0.9997763,1
tumour/TCGA-SS-A7HO-01Z-00-DX1_34304_31232.jpg,TCGA-SS-A7HO,TCGA-SS-A7HO-01Z-00-DX1,1,0.9999995,1
tumour/TCGA-SS-A7HO-01Z-00-DX1_34304_31744.jpg,TCGA-SS-A7HO,TCGA-SS-A7HO-01Z-00-DX1,1,0.9999057,1
tumour/TCGA-SS-A7HO-01Z-00-DX1_34304_32256.jpg,TCGA-SS-A7HO,TCGA-SS-A7HO-01Z-00-DX1,1,0.9999982,1
tumour/TCGA-SS-A7HO-01Z-00-DX1_34304_3584.jpg,TCGA-SS-A7HO,TCGA-SS-A7HO-01Z-00-DX1,1,0.988691,1
tumour/TCGA-SS-A7HO-01Z-00-DX1_34304_4608.jpg,TCGA-SS-A7HO,TCGA-SS-A7HO-01Z-00-DX1,1,0.9991166,1
tumour/TCGA-SS-A7HO-01Z-00-DX1_34304_6656.jpg,TCGA-SS-A7HO,TCGA-SS-A7HO-01Z-00-DX1,1,0.99986374,1
tumour/TCGA-SS-A7HO-01Z-00-DX1_34304_7680.jpg,TCGA-SS-A7HO,TCGA-SS-A7HO-01Z-00-DX1,1,0.983667,1
tumour/TCGA-SS-A7HO-01Z-00-DX1_34304_9728.jpg,TCGA-SS-A7HO,TCGA-SS-A7HO-01Z-00-DX1,1,0.99888724,1
tumour/TCGA-SS-A7HO-01Z-00-DX1_34816_11264.jpg,TCGA-SS-A7HO,TCGA-SS-A7HO-01Z-00-DX1,1,0.99987507,1
tumour/TCGA-SS-A7HO-01Z-00-DX1_34816_12288.jpg,TCGA-SS-A7HO,TCGA-SS-A7HO-01Z-00-DX1,1,0.99997723,1
tumour/TCGA-SS-A7HO-01Z-00-DX1_34816_19456.jpg,TCGA-SS-A7HO,TCGA-SS-A7HO-01Z-00-DX1,1,0.99998033,1
tumour/TCGA-SS-A7HO-01Z-00-DX1_34816_24064.jpg,TCGA-SS-A7HO,TCGA-SS-A7HO-01Z-00-DX1,1,0.99965715,1
tumour/TCGA-SS-A7HO-01Z-00-DX1_34816_24576.jpg,TCGA-SS-A7HO,TCGA-SS-A7HO-01Z-00-DX1,1,0.9999635,1
tumour/TCGA-SS-A7HO-01Z-00-DX1_34816_26112.jpg,TCGA-SS-A7HO,TCGA-SS-A7HO-01Z-00-DX1,1,0.9995153,1
tumour/TCGA-SS-A7HO-01Z-00-DX1_34816_26624.jpg,TCGA-SS-A7HO,TCGA-SS-A7HO-01Z-00-DX1,1,0.9980724,1
tumour/TCGA-SS-A7HO-01Z-00-DX1_34816_27136.jpg,TCGA-SS-A7HO,TCGA-SS-A7HO-01Z-00-DX1,1,0.999808,1
tumour/TCGA-SS-A7HO-01Z-00-DX1_34816_29696.jpg,TCGA-SS-A7HO,TCGA-SS-A7HO-01Z-00-DX1,1,0.99972206,1
tumour/TCGA-SS-A7HO-01Z-00-DX1_34816_30208.jpg,TCGA-SS-A7HO,TCGA-SS-A7HO-01Z-00-DX1,1,0.9999573,1
tumour/TCGA-SS-A7HO-01Z-00-DX1_34816_3072.jpg,TCGA-SS-A7HO,TCGA-SS-A7HO-01Z-00-DX1,1,0.9838741,1
tumour/TCGA-SS-A7HO-01Z-00-DX1_34816_32768.jpg,TCGA-SS-A7HO,TCGA-SS-A7HO-01Z-00-DX1,1,0.16057289,0
tumour/TCGA-SS-A7HO-01Z-00-DX1_34816_3584.jpg,TCGA-SS-A7HO,TCGA-SS-A7HO-01Z-00-DX1,1,0.9963813,1
tumour/TCGA-SS-A7HO-01Z-00-DX1_34816_4096.jpg,TCGA-SS-A7HO,TCGA-SS-A7HO-01Z-00-DX1,1,0.999387,1
tumour/TCGA-SS-A7HO-01Z-00-DX1_34816_4608.jpg,TCGA-SS-A7HO,TCGA-SS-A7HO-01Z-00-DX1,1,0.9343353,1
tumour/TCGA-SS-A7HO-01Z-00-DX1_34816_5120.jpg,TCGA-SS-A7HO,TCGA-SS-A7HO-01Z-00-DX1,1,0.9989404,1
tumour/TCGA-SS-A7HO-01Z-00-DX1_34816_5632.jpg,TCGA-SS-A7HO,TCGA-SS-A7HO-01Z-00-DX1,1,0.99970067,1
tumour/TCGA-SS-A7HO-01Z-00-DX1_34816_6144.jpg,TCGA-SS-A7HO,TCGA-SS-A7HO-01Z-00-DX1,1,0.99986184,1
tumour/TCGA-SS-A7HO-01Z-00-DX1_34816_6656.jpg,TCGA-SS-A7HO,TCGA-SS-A7HO-01Z-00-DX1,1,0.9977737,1
tumour/TCGA-SS-A7HO-01Z-00-DX1_34816_8192.jpg,TCGA-SS-A7HO,TCGA-SS-A7HO-01Z-00-DX1,1,0.9995161,1
tumour/TCGA-SS-A7HO-01Z-00-DX1_34816_8704.jpg,TCGA-SS-A7HO,TCGA-SS-A7HO-01Z-00-DX1,1,0.99657214,1
tumour/TCGA-SS-A7HO-01Z-00-DX1_34816_9216.jpg,TCGA-SS-A7HO,TCGA-SS-A7HO-01Z-00-DX1,1,0.9986119,1
tumour/TCGA-SS-A7HO-01Z-00-DX1_34816_9728.jpg,TCGA-SS-A7HO,TCGA-SS-A7HO-01Z-00-DX1,1,0.9925708,1
tumour/TCGA-SS-A7HO-01Z-00-DX1_35328_10752.jpg,TCGA-SS-A7HO,TCGA-SS-A7HO-01Z-00-DX1,1,0.99928087,1
tumour/TCGA-SS-A7HO-01Z-00-DX1_35328_11264.jpg,TCGA-SS-A7HO,TCGA-SS-A7HO-01Z-00-DX1,1,0.9997547,1
tumour/TCGA-SS-A7HO-01Z-00-DX1_35328_12288.jpg,TCGA-SS-A7HO,TCGA-SS-A7HO-01Z-00-DX1,1,0.99963903,1
tumour/TCGA-SS-A7HO-01Z-00-DX1_35328_18432.jpg,TCGA-SS-A7HO,TCGA-SS-A7HO-01Z-00-DX1,1,0.9979006,1
tumour/TCGA-SS-A7HO-01Z-00-DX1_35328_19456.jpg,TCGA-SS-A7HO,TCGA-SS-A7HO-01Z-00-DX1,1,0.999281,1
tumour/TCGA-SS-A7HO-01Z-00-DX1_35328_19968.jpg,TCGA-SS-A7HO,TCGA-SS-A7HO-01Z-00-DX1,1,0.99939644,1
tumour/TCGA-SS-A7HO-01Z-00-DX1_35328_22528.jpg,TCGA-SS-A7HO,TCGA-SS-A7HO-01Z-00-DX1,1,0.9825597,1
tumour/TCGA-SS-A7HO-01Z-00-DX1_35328_23040.jpg,TCGA-SS-A7HO,TCGA-SS-A7HO-01Z-00-DX1,1,0.9999963,1
tumour/TCGA-SS-A7HO-01Z-00-DX1_35328_23552.jpg,TCGA-SS-A7HO,TCGA-SS-A7HO-01Z-00-DX1,1,0.9999716,1
tumour/TCGA-SS-A7HO-01Z-00-DX1_35328_24064.jpg,TCGA-SS-A7HO,TCGA-SS-A7HO-01Z-00-DX1,1,0.99963975,1
tumour/TCGA-SS-A7HO-01Z-00-DX1_35328_25600.jpg,TCGA-SS-A7HO,TCGA-SS-A7HO-01Z-00-DX1,1,0.9999471,1
tumour/TCGA-SS-A7HO-01Z-00-DX1_35328_26112.jpg,TCGA-SS-A7HO,TCGA-SS-A7HO-01Z-00-DX1,1,0.9996505,1
tumour/TCGA-SS-A7HO-01Z-00-DX1_35328_27648.jpg,TCGA-SS-A7HO,TCGA-SS-A7HO-01Z-00-DX1,1,0.9992974,1
tumour/TCGA-SS-A7HO-01Z-00-DX1_35328_28160.jpg,TCGA-SS-A7HO,TCGA-SS-A7HO-01Z-00-DX1,1,0.9996724,1
tumour/TCGA-SS-A7HO-01Z-00-DX1_35328_29184.jpg,TCGA-SS-A7HO,TCGA-SS-A7HO-01Z-00-DX1,1,0.9999387,1
tumour/TCGA-SS-A7HO-01Z-00-DX1_35328_31232.jpg,TCGA-SS-A7HO,TCGA-SS-A7HO-01Z-00-DX1,1,0.9381372,1
tumour/TCGA-SS-A7HO-01Z-00-DX1_35328_3584.jpg,TCGA-SS-A7HO,TCGA-SS-A7HO-01Z-00-DX1,1,0.98487073,1
tumour/TCGA-SS-A7HO-01Z-00-DX1_35328_4096.jpg,TCGA-SS-A7HO,TCGA-SS-A7HO-01Z-00-DX1,1,0.966014,1
tumour/TCGA-SS-A7HO-01Z-00-DX1_35328_5120.jpg,TCGA-SS-A7HO,TCGA-SS-A7HO-01Z-00-DX1,1,0.99970514,1
tumour/TCGA-SS-A7HO-01Z-00-DX1_35328_5632.jpg,TCGA-SS-A7HO,TCGA-SS-A7HO-01Z-00-DX1,1,0.9903019,1
tumour/TCGA-SS-A7HO-01Z-00-DX1_35328_6144.jpg,TCGA-SS-A7HO,TCGA-SS-A7HO-01Z-00-DX1,1,0.9982911,1
tumour/TCGA-SS-A7HO-01Z-00-DX1_35328_6656.jpg,TCGA-SS-A7HO,TCGA-SS-A7HO-01Z-00-DX1,1,0.9998492,1
tumour/TCGA-SS-A7HO-01Z-00-DX1_35328_7168.jpg,TCGA-SS-A7HO,TCGA-SS-A7HO-01Z-00-DX1,1,0.9998882,1
tumour/TCGA-SS-A7HO-01Z-00-DX1_35328_7680.jpg,TCGA-SS-A7HO,TCGA-SS-A7HO-01Z-00-DX1,1,0.9978472,1
tumour/TCGA-SS-A7HO-01Z-00-DX1_35328_8192.jpg,TCGA-SS-A7HO,TCGA-SS-A7HO-01Z-00-DX1,1,0.9986773,1
tumour/TCGA-SS-A7HO-01Z-00-DX1_35328_9216.jpg,TCGA-SS-A7HO,TCGA-SS-A7HO-01Z-00-DX1,1,0.99628675,1
tumour/TCGA-SS-A7HO-01Z-00-DX1_35328_9728.jpg,TCGA-SS-A7HO,TCGA-SS-A7HO-01Z-00-DX1,1,0.9980959,1
tumour/TCGA-SS-A7HO-01Z-00-DX1_35840_10752.jpg,TCGA-SS-A7HO,TCGA-SS-A7HO-01Z-00-DX1,1,0.99956316,1
tumour/TCGA-SS-A7HO-01Z-00-DX1_35840_11776.jpg,TCGA-SS-A7HO,TCGA-SS-A7HO-01Z-00-DX1,1,0.9997569,1
tumour/TCGA-SS-A7HO-01Z-00-DX1_35840_13824.jpg,TCGA-SS-A7HO,TCGA-SS-A7HO-01Z-00-DX1,1,0.99986136,1
tumour/TCGA-SS-A7HO-01Z-00-DX1_35840_14336.jpg,TCGA-SS-A7HO,TCGA-SS-A7HO-01Z-00-DX1,1,0.9997694,1
tumour/TCGA-SS-A7HO-01Z-00-DX1_35840_17408.jpg,TCGA-SS-A7HO,TCGA-SS-A7HO-01Z-00-DX1,1,0.9332016,1
tumour/TCGA-SS-A7HO-01Z-00-DX1_35840_17920.jpg,TCGA-SS-A7HO,TCGA-SS-A7HO-01Z-00-DX1,1,0.99996305,1
tumour/TCGA-SS-A7HO-01Z-00-DX1_35840_19968.jpg,TCGA-SS-A7HO,TCGA-SS-A7HO-01Z-00-DX1,1,0.99995947,1
tumour/TCGA-SS-A7HO-01Z-00-DX1_35840_20480.jpg,TCGA-SS-A7HO,TCGA-SS-A7HO-01Z-00-DX1,1,0.99657035,1
tumour/TCGA-SS-A7HO-01Z-00-DX1_35840_20992.jpg,TCGA-SS-A7HO,TCGA-SS-A7HO-01Z-00-DX1,1,0.9998617,1
tumour/TCGA-SS-A7HO-01Z-00-DX1_35840_22528.jpg,TCGA-SS-A7HO,TCGA-SS-A7HO-01Z-00-DX1,1,0.9164587,1
tumour/TCGA-SS-A7HO-01Z-00-DX1_35840_23552.jpg,TCGA-SS-A7HO,TCGA-SS-A7HO-01Z-00-DX1,1,0.9999919,1
tumour/TCGA-SS-A7HO-01Z-00-DX1_35840_27648.jpg,TCGA-SS-A7HO,TCGA-SS-A7HO-01Z-00-DX1,1,0.9995733,1
tumour/TCGA-SS-A7HO-01Z-00-DX1_35840_28672.jpg,TCGA-SS-A7HO,TCGA-SS-A7HO-01Z-00-DX1,1,0.99994695,1
tumour/TCGA-SS-A7HO-01Z-00-DX1_35840_29696.jpg,TCGA-SS-A7HO,TCGA-SS-A7HO-01Z-00-DX1,1,0.9990526,1
tumour/TCGA-SS-A7HO-01Z-00-DX1_35840_30208.jpg,TCGA-SS-A7HO,TCGA-SS-A7HO-01Z-00-DX1,1,0.999275,1
tumour/TCGA-SS-A7HO-01Z-00-DX1_35840_3072.jpg,TCGA-SS-A7HO,TCGA-SS-A7HO-01Z-00-DX1,1,0.99882966,1
tumour/TCGA-SS-A7HO-01Z-00-DX1_35840_31232.jpg,TCGA-SS-A7HO,TCGA-SS-A7HO-01Z-00-DX1,1,0.8594567,1
tumour/TCGA-SS-A7HO-01Z-00-DX1_35840_5120.jpg,TCGA-SS-A7HO,TCGA-SS-A7HO-01Z-00-DX1,1,0.9972144,1
tumour/TCGA-SS-A7HO-01Z-00-DX1_35840_5632.jpg,TCGA-SS-A7HO,TCGA-SS-A7HO-01Z-00-DX1,1,0.9996741,1
tumour/TCGA-SS-A7HO-01Z-00-DX1_35840_6144.jpg,TCGA-SS-A7HO,TCGA-SS-A7HO-01Z-00-DX1,1,0.99892586,1
tumour/TCGA-SS-A7HO-01Z-00-DX1_35840_6656.jpg,TCGA-SS-A7HO,TCGA-SS-A7HO-01Z-00-DX1,1,0.9971802,1
tumour/TCGA-SS-A7HO-01Z-00-DX1_35840_7680.jpg,TCGA-SS-A7HO,TCGA-SS-A7HO-01Z-00-DX1,1,0.999605,1
tumour/TCGA-SS-A7HO-01Z-00-DX1_35840_8192.jpg,TCGA-SS-A7HO,TCGA-SS-A7HO-01Z-00-DX1,1,0.9965371,1
tumour/TCGA-SS-A7HO-01Z-00-DX1_35840_8704.jpg,TCGA-SS-A7HO,TCGA-SS-A7HO-01Z-00-DX1,1,0.9999064,1
tumour/TCGA-SS-A7HO-01Z-00-DX1_35840_9216.jpg,TCGA-SS-A7HO,TCGA-SS-A7HO-01Z-00-DX1,1,0.9998497,1
tumour/TCGA-SS-A7HO-01Z-00-DX1_3584_10240.jpg,TCGA-SS-A7HO,TCGA-SS-A7HO-01Z-00-DX1,1,0.99995244,1
tumour/TCGA-SS-A7HO-01Z-00-DX1_3584_10752.jpg,TCGA-SS-A7HO,TCGA-SS-A7HO-01Z-00-DX1,1,0.99998534,1
tumour/TCGA-SS-A7HO-01Z-00-DX1_3584_11776.jpg,TCGA-SS-A7HO,TCGA-SS-A7HO-01Z-00-DX1,1,0.9999895,1
tumour/TCGA-SS-A7HO-01Z-00-DX1_3584_12288.jpg,TCGA-SS-A7HO,TCGA-SS-A7HO-01Z-00-DX1,1,0.9999608,1
tumour/TCGA-SS-A7HO-01Z-00-DX1_3584_12800.jpg,TCGA-SS-A7HO,TCGA-SS-A7HO-01Z-00-DX1,1,0.9999292,1
tumour/TCGA-SS-A7HO-01Z-00-DX1_3584_7680.jpg,TCGA-SS-A7HO,TCGA-SS-A7HO-01Z-00-DX1,1,0.9975018,1
tumour/TCGA-SS-A7HO-01Z-00-DX1_3584_8192.jpg,TCGA-SS-A7HO,TCGA-SS-A7HO-01Z-00-DX1,1,0.99778444,1
tumour/TCGA-SS-A7HO-01Z-00-DX1_36352_10240.jpg,TCGA-SS-A7HO,TCGA-SS-A7HO-01Z-00-DX1,1,0.9971904,1
tumour/TCGA-SS-A7HO-01Z-00-DX1_36352_17408.jpg,TCGA-SS-A7HO,TCGA-SS-A7HO-01Z-00-DX1,1,0.9999584,1
tumour/TCGA-SS-A7HO-01Z-00-DX1_36352_18432.jpg,TCGA-SS-A7HO,TCGA-SS-A7HO-01Z-00-DX1,1,0.99527246,1
tumour/TCGA-SS-A7HO-01Z-00-DX1_36352_18944.jpg,TCGA-SS-A7HO,TCGA-SS-A7HO-01Z-00-DX1,1,0.9986608,1
tumour/TCGA-SS-A7HO-01Z-00-DX1_36352_23552.jpg,TCGA-SS-A7HO,TCGA-SS-A7HO-01Z-00-DX1,1,0.9996922,1
tumour/TCGA-SS-A7HO-01Z-00-DX1_36352_24064.jpg,TCGA-SS-A7HO,TCGA-SS-A7HO-01Z-00-DX1,1,0.9903976,1
tumour/TCGA-SS-A7HO-01Z-00-DX1_36352_24576.jpg,TCGA-SS-A7HO,TCGA-SS-A7HO-01Z-00-DX1,1,0.99871886,1
tumour/TCGA-SS-A7HO-01Z-00-DX1_36352_25088.jpg,TCGA-SS-A7HO,TCGA-SS-A7HO-01Z-00-DX1,1,0.9992151,1
tumour/TCGA-SS-A7HO-01Z-00-DX1_36352_2560.jpg,TCGA-SS-A7HO,TCGA-SS-A7HO-01Z-00-DX1,1,0.9997565,1
tumour/TCGA-SS-A7HO-01Z-00-DX1_36352_26624.jpg,TCGA-SS-A7HO,TCGA-SS-A7HO-01Z-00-DX1,1,0.99999976,1
tumour/TCGA-SS-A7HO-01Z-00-DX1_36352_27136.jpg,TCGA-SS-A7HO,TCGA-SS-A7HO-01Z-00-DX1,1,0.9998436,1
tumour/TCGA-SS-A7HO-01Z-00-DX1_36352_27648.jpg,TCGA-SS-A7HO,TCGA-SS-A7HO-01Z-00-DX1,1,0.99933654,1
tumour/TCGA-SS-A7HO-01Z-00-DX1_36352_28160.jpg,TCGA-SS-A7HO,TCGA-SS-A7HO-01Z-00-DX1,1,0.9721611,1
tumour/TCGA-SS-A7HO-01Z-00-DX1_36352_28672.jpg,TCGA-SS-A7HO,TCGA-SS-A7HO-01Z-00-DX1,1,0.9987915,1
tumour/TCGA-SS-A7HO-01Z-00-DX1_36352_29184.jpg,TCGA-SS-A7HO,TCGA-SS-A7HO-01Z-00-DX1,1,0.9999329,1
tumour/TCGA-SS-A7HO-01Z-00-DX1_36352_30208.jpg,TCGA-SS-A7HO,TCGA-SS-A7HO-01Z-00-DX1,1,0.99839383,1
tumour/TCGA-SS-A7HO-01Z-00-DX1_36352_31232.jpg,TCGA-SS-A7HO,TCGA-SS-A7HO-01Z-00-DX1,1,0.9747853,1
tumour/TCGA-SS-A7HO-01Z-00-DX1_36352_5120.jpg,TCGA-SS-A7HO,TCGA-SS-A7HO-01Z-00-DX1,1,0.99174094,1
tumour/TCGA-SS-A7HO-01Z-00-DX1_36352_6656.jpg,TCGA-SS-A7HO,TCGA-SS-A7HO-01Z-00-DX1,1,0.9973283,1
tumour/TCGA-SS-A7HO-01Z-00-DX1_36352_7680.jpg,TCGA-SS-A7HO,TCGA-SS-A7HO-01Z-00-DX1,1,0.99980015,1
tumour/TCGA-SS-A7HO-01Z-00-DX1_36352_8704.jpg,TCGA-SS-A7HO,TCGA-SS-A7HO-01Z-00-DX1,1,0.9998796,1
tumour/TCGA-SS-A7HO-01Z-00-DX1_36352_9216.jpg,TCGA-SS-A7HO,TCGA-SS-A7HO-01Z-00-DX1,1,0.99558145,1
tumour/TCGA-SS-A7HO-01Z-00-DX1_36352_9728.jpg,TCGA-SS-A7HO,TCGA-SS-A7HO-01Z-00-DX1,1,0.99441767,1
tumour/TCGA-SS-A7HO-01Z-00-DX1_36864_16896.jpg,TCGA-SS-A7HO,TCGA-SS-A7HO-01Z-00-DX1,1,0.999164,1
tumour/TCGA-SS-A7HO-01Z-00-DX1_36864_18432.jpg,TCGA-SS-A7HO,TCGA-SS-A7HO-01Z-00-DX1,1,0.9999715,1
tumour/TCGA-SS-A7HO-01Z-00-DX1_36864_19968.jpg,TCGA-SS-A7HO,TCGA-SS-A7HO-01Z-00-DX1,1,0.9999616,1
tumour/TCGA-SS-A7HO-01Z-00-DX1_36864_22528.jpg,TCGA-SS-A7HO,TCGA-SS-A7HO-01Z-00-DX1,1,0.99995947,1
tumour/TCGA-SS-A7HO-01Z-00-DX1_36864_23040.jpg,TCGA-SS-A7HO,TCGA-SS-A7HO-01Z-00-DX1,1,0.9998306,1
tumour/TCGA-SS-A7HO-01Z-00-DX1_36864_24064.jpg,TCGA-SS-A7HO,TCGA-SS-A7HO-01Z-00-DX1,1,0.99688137,1
tumour/TCGA-SS-A7HO-01Z-00-DX1_36864_25088.jpg,TCGA-SS-A7HO,TCGA-SS-A7HO-01Z-00-DX1,1,0.99642307,1
tumour/TCGA-SS-A7HO-01Z-00-DX1_36864_2560.jpg,TCGA-SS-A7HO,TCGA-SS-A7HO-01Z-00-DX1,1,0.9918498,1
tumour/TCGA-SS-A7HO-01Z-00-DX1_36864_25600.jpg,TCGA-SS-A7HO,TCGA-SS-A7HO-01Z-00-DX1,1,0.9998777,1
tumour/TCGA-SS-A7HO-01Z-00-DX1_36864_26112.jpg,TCGA-SS-A7HO,TCGA-SS-A7HO-01Z-00-DX1,1,0.9998369,1
tumour/TCGA-SS-A7HO-01Z-00-DX1_36864_26624.jpg,TCGA-SS-A7HO,TCGA-SS-A7HO-01Z-00-DX1,1,0.9999398,1
tumour/TCGA-SS-A7HO-01Z-00-DX1_36864_28160.jpg,TCGA-SS-A7HO,TCGA-SS-A7HO-01Z-00-DX1,1,0.9999646,1
tumour/TCGA-SS-A7HO-01Z-00-DX1_36864_29696.jpg,TCGA-SS-A7HO,TCGA-SS-A7HO-01Z-00-DX1,1,0.99991894,1
tumour/TCGA-SS-A7HO-01Z-00-DX1_36864_3072.jpg,TCGA-SS-A7HO,TCGA-SS-A7HO-01Z-00-DX1,1,0.9980367,1
tumour/TCGA-SS-A7HO-01Z-00-DX1_36864_30720.jpg,TCGA-SS-A7HO,TCGA-SS-A7HO-01Z-00-DX1,1,0.99999547,1
tumour/TCGA-SS-A7HO-01Z-00-DX1_36864_31744.jpg,TCGA-SS-A7HO,TCGA-SS-A7HO-01Z-00-DX1,1,0.99990785,1
tumour/TCGA-SS-A7HO-01Z-00-DX1_36864_33280.jpg,TCGA-SS-A7HO,TCGA-SS-A7HO-01Z-00-DX1,1,0.97543323,1
tumour/TCGA-SS-A7HO-01Z-00-DX1_36864_3584.jpg,TCGA-SS-A7HO,TCGA-SS-A7HO-01Z-00-DX1,1,0.99967337,1
tumour/TCGA-SS-A7HO-01Z-00-DX1_36864_4608.jpg,TCGA-SS-A7HO,TCGA-SS-A7HO-01Z-00-DX1,1,0.99887866,1
tumour/TCGA-SS-A7HO-01Z-00-DX1_36864_5120.jpg,TCGA-SS-A7HO,TCGA-SS-A7HO-01Z-00-DX1,1,0.99938583,1
tumour/TCGA-SS-A7HO-01Z-00-DX1_36864_5632.jpg,TCGA-SS-A7HO,TCGA-SS-A7HO-01Z-00-DX1,1,0.9995497,1
tumour/TCGA-SS-A7HO-01Z-00-DX1_36864_6144.jpg,TCGA-SS-A7HO,TCGA-SS-A7HO-01Z-00-DX1,1,0.99946445,1
tumour/TCGA-SS-A7HO-01Z-00-DX1_36864_6656.jpg,TCGA-SS-A7HO,TCGA-SS-A7HO-01Z-00-DX1,1,0.9999541,1
tumour/TCGA-SS-A7HO-01Z-00-DX1_36864_7168.jpg,TCGA-SS-A7HO,TCGA-SS-A7HO-01Z-00-DX1,1,0.99954104,1
tumour/TCGA-SS-A7HO-01Z-00-DX1_36864_7680.jpg,TCGA-SS-A7HO,TCGA-SS-A7HO-01Z-00-DX1,1,0.99923944,1
tumour/TCGA-SS-A7HO-01Z-00-DX1_37376_11776.jpg,TCGA-SS-A7HO,TCGA-SS-A7HO-01Z-00-DX1,1,0.99990237,1
tumour/TCGA-SS-A7HO-01Z-00-DX1_37376_17920.jpg,TCGA-SS-A7HO,TCGA-SS-A7HO-01Z-00-DX1,1,0.999982,1
tumour/TCGA-SS-A7HO-01Z-00-DX1_37376_18432.jpg,TCGA-SS-A7HO,TCGA-SS-A7HO-01Z-00-DX1,1,0.9997688,1
tumour/TCGA-SS-A7HO-01Z-00-DX1_37376_19456.jpg,TCGA-SS-A7HO,TCGA-SS-A7HO-01Z-00-DX1,1,0.99995506,1
tumour/TCGA-SS-A7HO-01Z-00-DX1_37376_20992.jpg,TCGA-SS-A7HO,TCGA-SS-A7HO-01Z-00-DX1,1,0.9892251,1
tumour/TCGA-SS-A7HO-01Z-00-DX1_37376_23040.jpg,TCGA-SS-A7HO,TCGA-SS-A7HO-01Z-00-DX1,1,0.99984956,1
tumour/TCGA-SS-A7HO-01Z-00-DX1_37376_25088.jpg,TCGA-SS-A7HO,TCGA-SS-A7HO-01Z-00-DX1,1,0.9988367,1
tumour/TCGA-SS-A7HO-01Z-00-DX1_37376_26624.jpg,TCGA-SS-A7HO,TCGA-SS-A7HO-01Z-00-DX1,1,0.9999894,1
tumour/TCGA-SS-A7HO-01Z-00-DX1_37376_27648.jpg,TCGA-SS-A7HO,TCGA-SS-A7HO-01Z-00-DX1,1,0.9995993,1
tumour/TCGA-SS-A7HO-01Z-00-DX1_37376_28672.jpg,TCGA-SS-A7HO,TCGA-SS-A7HO-01Z-00-DX1,1,0.9999981,1
tumour/TCGA-SS-A7HO-01Z-00-DX1_37376_29184.jpg,TCGA-SS-A7HO,TCGA-SS-A7HO-01Z-00-DX1,1,0.9994628,1
tumour/TCGA-SS-A7HO-01Z-00-DX1_37376_29696.jpg,TCGA-SS-A7HO,TCGA-SS-A7HO-01Z-00-DX1,1,0.9999875,1
tumour/TCGA-SS-A7HO-01Z-00-DX1_37376_31232.jpg,TCGA-SS-A7HO,TCGA-SS-A7HO-01Z-00-DX1,1,0.99075633,1
tumour/TCGA-SS-A7HO-01Z-00-DX1_37376_32768.jpg,TCGA-SS-A7HO,TCGA-SS-A7HO-01Z-00-DX1,1,0.7507607,1
tumour/TCGA-SS-A7HO-01Z-00-DX1_37376_33280.jpg,TCGA-SS-A7HO,TCGA-SS-A7HO-01Z-00-DX1,1,0.99170434,1
tumour/TCGA-SS-A7HO-01Z-00-DX1_37376_34304.jpg,TCGA-SS-A7HO,TCGA-SS-A7HO-01Z-00-DX1,1,0.9630033,1
tumour/TCGA-SS-A7HO-01Z-00-DX1_37376_34816.jpg,TCGA-SS-A7HO,TCGA-SS-A7HO-01Z-00-DX1,1,0.9997434,1
tumour/TCGA-SS-A7HO-01Z-00-DX1_37376_3584.jpg,TCGA-SS-A7HO,TCGA-SS-A7HO-01Z-00-DX1,1,0.9998628,1
tumour/TCGA-SS-A7HO-01Z-00-DX1_37376_4096.jpg,TCGA-SS-A7HO,TCGA-SS-A7HO-01Z-00-DX1,1,0.998877,1
tumour/TCGA-SS-A7HO-01Z-00-DX1_37376_4608.jpg,TCGA-SS-A7HO,TCGA-SS-A7HO-01Z-00-DX1,1,0.9949496,1
tumour/TCGA-SS-A7HO-01Z-00-DX1_37376_5632.jpg,TCGA-SS-A7HO,TCGA-SS-A7HO-01Z-00-DX1,1,0.9998692,1
tumour/TCGA-SS-A7HO-01Z-00-DX1_37376_6656.jpg,TCGA-SS-A7HO,TCGA-SS-A7HO-01Z-00-DX1,1,0.9966732,1
tumour/TCGA-SS-A7HO-01Z-00-DX1_37376_7168.jpg,TCGA-SS-A7HO,TCGA-SS-A7HO-01Z-00-DX1,1,0.99988246,1
tumour/TCGA-SS-A7HO-01Z-00-DX1_37888_12288.jpg,TCGA-SS-A7HO,TCGA-SS-A7HO-01Z-00-DX1,1,0.99999356,1
tumour/TCGA-SS-A7HO-01Z-00-DX1_37888_1536.jpg,TCGA-SS-A7HO,TCGA-SS-A7HO-01Z-00-DX1,1,0.9829069,1
tumour/TCGA-SS-A7HO-01Z-00-DX1_37888_16896.jpg,TCGA-SS-A7HO,TCGA-SS-A7HO-01Z-00-DX1,1,0.7812539,1
tumour/TCGA-SS-A7HO-01Z-00-DX1_37888_17920.jpg,TCGA-SS-A7HO,TCGA-SS-A7HO-01Z-00-DX1,1,0.99999356,1
tumour/TCGA-SS-A7HO-01Z-00-DX1_37888_23040.jpg,TCGA-SS-A7HO,TCGA-SS-A7HO-01Z-00-DX1,1,0.99999917,1
tumour/TCGA-SS-A7HO-01Z-00-DX1_37888_23552.jpg,TCGA-SS-A7HO,TCGA-SS-A7HO-01Z-00-DX1,1,0.99996936,1
tumour/TCGA-SS-A7HO-01Z-00-DX1_37888_2560.jpg,TCGA-SS-A7HO,TCGA-SS-A7HO-01Z-00-DX1,1,0.99533856,1
tumour/TCGA-SS-A7HO-01Z-00-DX1_37888_27136.jpg,TCGA-SS-A7HO,TCGA-SS-A7HO-01Z-00-DX1,1,0.99970764,1
tumour/TCGA-SS-A7HO-01Z-00-DX1_37888_27648.jpg,TCGA-SS-A7HO,TCGA-SS-A7HO-01Z-00-DX1,1,0.99969566,1
tumour/TCGA-SS-A7HO-01Z-00-DX1_37888_28672.jpg,TCGA-SS-A7HO,TCGA-SS-A7HO-01Z-00-DX1,1,0.999956,1
tumour/TCGA-SS-A7HO-01Z-00-DX1_37888_30208.jpg,TCGA-SS-A7HO,TCGA-SS-A7HO-01Z-00-DX1,1,0.9998011,1
tumour/TCGA-SS-A7HO-01Z-00-DX1_37888_3072.jpg,TCGA-SS-A7HO,TCGA-SS-A7HO-01Z-00-DX1,1,0.9991836,1
tumour/TCGA-SS-A7HO-01Z-00-DX1_37888_32256.jpg,TCGA-SS-A7HO,TCGA-SS-A7HO-01Z-00-DX1,1,0.9988361,1
tumour/TCGA-SS-A7HO-01Z-00-DX1_37888_34304.jpg,TCGA-SS-A7HO,TCGA-SS-A7HO-01Z-00-DX1,1,0.99921894,1
tumour/TCGA-SS-A7HO-01Z-00-DX1_37888_35328.jpg,TCGA-SS-A7HO,TCGA-SS-A7HO-01Z-00-DX1,1,0.9995726,1
tumour/TCGA-SS-A7HO-01Z-00-DX1_37888_4096.jpg,TCGA-SS-A7HO,TCGA-SS-A7HO-01Z-00-DX1,1,0.9950594,1
tumour/TCGA-SS-A7HO-01Z-00-DX1_38400_11264.jpg,TCGA-SS-A7HO,TCGA-SS-A7HO-01Z-00-DX1,1,0.99989414,1
tumour/TCGA-SS-A7HO-01Z-00-DX1_38400_12288.jpg,TCGA-SS-A7HO,TCGA-SS-A7HO-01Z-00-DX1,1,0.99998,1
tumour/TCGA-SS-A7HO-01Z-00-DX1_38400_1536.jpg,TCGA-SS-A7HO,TCGA-SS-A7HO-01Z-00-DX1,1,0.99301296,1
tumour/TCGA-SS-A7HO-01Z-00-DX1_38400_17408.jpg,TCGA-SS-A7HO,TCGA-SS-A7HO-01Z-00-DX1,1,0.27172947,0
tumour/TCGA-SS-A7HO-01Z-00-DX1_38400_17920.jpg,TCGA-SS-A7HO,TCGA-SS-A7HO-01Z-00-DX1,1,0.92321604,1
tumour/TCGA-SS-A7HO-01Z-00-DX1_38400_2048.jpg,TCGA-SS-A7HO,TCGA-SS-A7HO-01Z-00-DX1,1,0.9992124,1
tumour/TCGA-SS-A7HO-01Z-00-DX1_38400_23552.jpg,TCGA-SS-A7HO,TCGA-SS-A7HO-01Z-00-DX1,1,0.9999707,1
tumour/TCGA-SS-A7HO-01Z-00-DX1_38400_25088.jpg,TCGA-SS-A7HO,TCGA-SS-A7HO-01Z-00-DX1,1,0.99997365,1
tumour/TCGA-SS-A7HO-01Z-00-DX1_38400_25600.jpg,TCGA-SS-A7HO,TCGA-SS-A7HO-01Z-00-DX1,1,0.99988425,1
tumour/TCGA-SS-A7HO-01Z-00-DX1_38400_26112.jpg,TCGA-SS-A7HO,TCGA-SS-A7HO-01Z-00-DX1,1,0.99954224,1
tumour/TCGA-SS-A7HO-01Z-00-DX1_38400_26624.jpg,TCGA-SS-A7HO,TCGA-SS-A7HO-01Z-00-DX1,1,0.99600345,1
tumour/TCGA-SS-A7HO-01Z-00-DX1_38400_27136.jpg,TCGA-SS-A7HO,TCGA-SS-A7HO-01Z-00-DX1,1,0.9997551,1
tumour/TCGA-SS-A7HO-01Z-00-DX1_38400_28160.jpg,TCGA-SS-A7HO,TCGA-SS-A7HO-01Z-00-DX1,1,0.9999213,1
tumour/TCGA-SS-A7HO-01Z-00-DX1_38400_28672.jpg,TCGA-SS-A7HO,TCGA-SS-A7HO-01Z-00-DX1,1,0.99992645,1
tumour/TCGA-SS-A7HO-01Z-00-DX1_38400_30208.jpg,TCGA-SS-A7HO,TCGA-SS-A7HO-01Z-00-DX1,1,0.9985702,1
tumour/TCGA-SS-A7HO-01Z-00-DX1_38400_30720.jpg,TCGA-SS-A7HO,TCGA-SS-A7HO-01Z-00-DX1,1,0.9998134,1
tumour/TCGA-SS-A7HO-01Z-00-DX1_38400_31744.jpg,TCGA-SS-A7HO,TCGA-SS-A7HO-01Z-00-DX1,1,0.99388134,1
tumour/TCGA-SS-A7HO-01Z-00-DX1_38400_32768.jpg,TCGA-SS-A7HO,TCGA-SS-A7HO-01Z-00-DX1,1,0.9992167,1
tumour/TCGA-SS-A7HO-01Z-00-DX1_38400_33792.jpg,TCGA-SS-A7HO,TCGA-SS-A7HO-01Z-00-DX1,1,0.9577758,1
tumour/TCGA-SS-A7HO-01Z-00-DX1_38400_34304.jpg,TCGA-SS-A7HO,TCGA-SS-A7HO-01Z-00-DX1,1,0.9999124,1
tumour/TCGA-SS-A7HO-01Z-00-DX1_38400_34816.jpg,TCGA-SS-A7HO,TCGA-SS-A7HO-01Z-00-DX1,1,0.999466,1
tumour/TCGA-SS-A7HO-01Z-00-DX1_38400_35328.jpg,TCGA-SS-A7HO,TCGA-SS-A7HO-01Z-00-DX1,1,0.99970526,1
tumour/TCGA-SS-A7HO-01Z-00-DX1_38400_3584.jpg,TCGA-SS-A7HO,TCGA-SS-A7HO-01Z-00-DX1,1,0.9999678,1
tumour/TCGA-SS-A7HO-01Z-00-DX1_38912_10240.jpg,TCGA-SS-A7HO,TCGA-SS-A7HO-01Z-00-DX1,1,0.9999018,1
tumour/TCGA-SS-A7HO-01Z-00-DX1_38912_11264.jpg,TCGA-SS-A7HO,TCGA-SS-A7HO-01Z-00-DX1,1,0.9989122,1
tumour/TCGA-SS-A7HO-01Z-00-DX1_38912_20480.jpg,TCGA-SS-A7HO,TCGA-SS-A7HO-01Z-00-DX1,1,0.99996877,1
tumour/TCGA-SS-A7HO-01Z-00-DX1_38912_20992.jpg,TCGA-SS-A7HO,TCGA-SS-A7HO-01Z-00-DX1,1,0.9999263,1
tumour/TCGA-SS-A7HO-01Z-00-DX1_38912_22016.jpg,TCGA-SS-A7HO,TCGA-SS-A7HO-01Z-00-DX1,1,0.9999924,1
tumour/TCGA-SS-A7HO-01Z-00-DX1_38912_2560.jpg,TCGA-SS-A7HO,TCGA-SS-A7HO-01Z-00-DX1,1,0.9987877,1
tumour/TCGA-SS-A7HO-01Z-00-DX1_38912_25600.jpg,TCGA-SS-A7HO,TCGA-SS-A7HO-01Z-00-DX1,1,0.99960154,1
tumour/TCGA-SS-A7HO-01Z-00-DX1_38912_26624.jpg,TCGA-SS-A7HO,TCGA-SS-A7HO-01Z-00-DX1,1,0.9997565,1
tumour/TCGA-SS-A7HO-01Z-00-DX1_38912_27648.jpg,TCGA-SS-A7HO,TCGA-SS-A7HO-01Z-00-DX1,1,0.9998827,1
tumour/TCGA-SS-A7HO-01Z-00-DX1_38912_28672.jpg,TCGA-SS-A7HO,TCGA-SS-A7HO-01Z-00-DX1,1,0.9999863,1
tumour/TCGA-SS-A7HO-01Z-00-DX1_38912_29696.jpg,TCGA-SS-A7HO,TCGA-SS-A7HO-01Z-00-DX1,1,0.9997191,1
tumour/TCGA-SS-A7HO-01Z-00-DX1_38912_30208.jpg,TCGA-SS-A7HO,TCGA-SS-A7HO-01Z-00-DX1,1,0.99929106,1
tumour/TCGA-SS-A7HO-01Z-00-DX1_38912_3072.jpg,TCGA-SS-A7HO,TCGA-SS-A7HO-01Z-00-DX1,1,0.9935309,1
tumour/TCGA-SS-A7HO-01Z-00-DX1_38912_32256.jpg,TCGA-SS-A7HO,TCGA-SS-A7HO-01Z-00-DX1,1,0.9993462,1
tumour/TCGA-SS-A7HO-01Z-00-DX1_38912_33280.jpg,TCGA-SS-A7HO,TCGA-SS-A7HO-01Z-00-DX1,1,0.9975592,1
tumour/TCGA-SS-A7HO-01Z-00-DX1_38912_34816.jpg,TCGA-SS-A7HO,TCGA-SS-A7HO-01Z-00-DX1,1,0.999892,1
tumour/TCGA-SS-A7HO-01Z-00-DX1_38912_35328.jpg,TCGA-SS-A7HO,TCGA-SS-A7HO-01Z-00-DX1,1,0.98927516,1
tumour/TCGA-SS-A7HO-01Z-00-DX1_38912_35840.jpg,TCGA-SS-A7HO,TCGA-SS-A7HO-01Z-00-DX1,1,0.99800044,1
tumour/TCGA-SS-A7HO-01Z-00-DX1_38912_9728.jpg,TCGA-SS-A7HO,TCGA-SS-A7HO-01Z-00-DX1,1,0.9999665,1
tumour/TCGA-SS-A7HO-01Z-00-DX1_39424_10240.jpg,TCGA-SS-A7HO,TCGA-SS-A7HO-01Z-00-DX1,1,0.99999416,1
tumour/TCGA-SS-A7HO-01Z-00-DX1_39424_15360.jpg,TCGA-SS-A7HO,TCGA-SS-A7HO-01Z-00-DX1,1,0.9996995,1
tumour/TCGA-SS-A7HO-01Z-00-DX1_39424_2048.jpg,TCGA-SS-A7HO,TCGA-SS-A7HO-01Z-00-DX1,1,0.9913435,1
tumour/TCGA-SS-A7HO-01Z-00-DX1_39424_20480.jpg,TCGA-SS-A7HO,TCGA-SS-A7HO-01Z-00-DX1,1,0.9995036,1
tumour/TCGA-SS-A7HO-01Z-00-DX1_39424_20992.jpg,TCGA-SS-A7HO,TCGA-SS-A7HO-01Z-00-DX1,1,0.99278146,1
tumour/TCGA-SS-A7HO-01Z-00-DX1_39424_23040.jpg,TCGA-SS-A7HO,TCGA-SS-A7HO-01Z-00-DX1,1,0.99917585,1
tumour/TCGA-SS-A7HO-01Z-00-DX1_39424_23552.jpg,TCGA-SS-A7HO,TCGA-SS-A7HO-01Z-00-DX1,1,0.9998312,1
tumour/TCGA-SS-A7HO-01Z-00-DX1_39424_24064.jpg,TCGA-SS-A7HO,TCGA-SS-A7HO-01Z-00-DX1,1,0.99996626,1
tumour/TCGA-SS-A7HO-01Z-00-DX1_39424_25600.jpg,TCGA-SS-A7HO,TCGA-SS-A7HO-01Z-00-DX1,1,0.9993861,1
tumour/TCGA-SS-A7HO-01Z-00-DX1_39424_26112.jpg,TCGA-SS-A7HO,TCGA-SS-A7HO-01Z-00-DX1,1,0.9997451,1
tumour/TCGA-SS-A7HO-01Z-00-DX1_39424_27136.jpg,TCGA-SS-A7HO,TCGA-SS-A7HO-01Z-00-DX1,1,0.99985516,1
tumour/TCGA-SS-A7HO-01Z-00-DX1_39424_28672.jpg,TCGA-SS-A7HO,TCGA-SS-A7HO-01Z-00-DX1,1,0.999851,1
tumour/TCGA-SS-A7HO-01Z-00-DX1_39424_29696.jpg,TCGA-SS-A7HO,TCGA-SS-A7HO-01Z-00-DX1,1,0.9987204,1
tumour/TCGA-SS-A7HO-01Z-00-DX1_39424_30208.jpg,TCGA-SS-A7HO,TCGA-SS-A7HO-01Z-00-DX1,1,0.9981603,1
tumour/TCGA-SS-A7HO-01Z-00-DX1_39424_30720.jpg,TCGA-SS-A7HO,TCGA-SS-A7HO-01Z-00-DX1,1,0.9998841,1
tumour/TCGA-SS-A7HO-01Z-00-DX1_39424_31232.jpg,TCGA-SS-A7HO,TCGA-SS-A7HO-01Z-00-DX1,1,0.9993892,1
tumour/TCGA-SS-A7HO-01Z-00-DX1_39424_31744.jpg,TCGA-SS-A7HO,TCGA-SS-A7HO-01Z-00-DX1,1,0.99776876,1
tumour/TCGA-SS-A7HO-01Z-00-DX1_39424_35328.jpg,TCGA-SS-A7HO,TCGA-SS-A7HO-01Z-00-DX1,1,0.9679127,1
tumour/TCGA-SS-A7HO-01Z-00-DX1_39424_35840.jpg,TCGA-SS-A7HO,TCGA-SS-A7HO-01Z-00-DX1,1,0.98582655,1
tumour/TCGA-SS-A7HO-01Z-00-DX1_39424_9728.jpg,TCGA-SS-A7HO,TCGA-SS-A7HO-01Z-00-DX1,1,0.9888709,1
tumour/TCGA-SS-A7HO-01Z-00-DX1_39936_10240.jpg,TCGA-SS-A7HO,TCGA-SS-A7HO-01Z-00-DX1,1,0.99988437,1
tumour/TCGA-SS-A7HO-01Z-00-DX1_39936_13312.jpg,TCGA-SS-A7HO,TCGA-SS-A7HO-01Z-00-DX1,1,0.6700305,1
tumour/TCGA-SS-A7HO-01Z-00-DX1_39936_14848.jpg,TCGA-SS-A7HO,TCGA-SS-A7HO-01Z-00-DX1,1,0.9999951,1
tumour/TCGA-SS-A7HO-01Z-00-DX1_39936_1536.jpg,TCGA-SS-A7HO,TCGA-SS-A7HO-01Z-00-DX1,1,0.9900919,1
tumour/TCGA-SS-A7HO-01Z-00-DX1_39936_15872.jpg,TCGA-SS-A7HO,TCGA-SS-A7HO-01Z-00-DX1,1,0.99801195,1
tumour/TCGA-SS-A7HO-01Z-00-DX1_39936_16384.jpg,TCGA-SS-A7HO,TCGA-SS-A7HO-01Z-00-DX1,1,0.98132354,1
tumour/TCGA-SS-A7HO-01Z-00-DX1_39936_17408.jpg,TCGA-SS-A7HO,TCGA-SS-A7HO-01Z-00-DX1,1,0.99849427,1
tumour/TCGA-SS-A7HO-01Z-00-DX1_39936_17920.jpg,TCGA-SS-A7HO,TCGA-SS-A7HO-01Z-00-DX1,1,0.9999385,1
tumour/TCGA-SS-A7HO-01Z-00-DX1_39936_18944.jpg,TCGA-SS-A7HO,TCGA-SS-A7HO-01Z-00-DX1,1,0.9996475,1
tumour/TCGA-SS-A7HO-01Z-00-DX1_39936_19456.jpg,TCGA-SS-A7HO,TCGA-SS-A7HO-01Z-00-DX1,1,0.9995529,1
tumour/TCGA-SS-A7HO-01Z-00-DX1_39936_20480.jpg,TCGA-SS-A7HO,TCGA-SS-A7HO-01Z-00-DX1,1,0.99901235,1
tumour/TCGA-SS-A7HO-01Z-00-DX1_39936_21504.jpg,TCGA-SS-A7HO,TCGA-SS-A7HO-01Z-00-DX1,1,0.999992,1
tumour/TCGA-SS-A7HO-01Z-00-DX1_39936_25088.jpg,TCGA-SS-A7HO,TCGA-SS-A7HO-01Z-00-DX1,1,0.99759966,1
tumour/TCGA-SS-A7HO-01Z-00-DX1_39936_26624.jpg,TCGA-SS-A7HO,TCGA-SS-A7HO-01Z-00-DX1,1,0.99985874,1
tumour/TCGA-SS-A7HO-01Z-00-DX1_39936_27136.jpg,TCGA-SS-A7HO,TCGA-SS-A7HO-01Z-00-DX1,1,0.9990976,1
tumour/TCGA-SS-A7HO-01Z-00-DX1_39936_28160.jpg,TCGA-SS-A7HO,TCGA-SS-A7HO-01Z-00-DX1,1,0.98676026,1
tumour/TCGA-SS-A7HO-01Z-00-DX1_39936_28672.jpg,TCGA-SS-A7HO,TCGA-SS-A7HO-01Z-00-DX1,1,0.99979526,1
tumour/TCGA-SS-A7HO-01Z-00-DX1_39936_29184.jpg,TCGA-SS-A7HO,TCGA-SS-A7HO-01Z-00-DX1,1,0.98399734,1
tumour/TCGA-SS-A7HO-01Z-00-DX1_39936_30208.jpg,TCGA-SS-A7HO,TCGA-SS-A7HO-01Z-00-DX1,1,0.97822714,1
tumour/TCGA-SS-A7HO-01Z-00-DX1_39936_32768.jpg,TCGA-SS-A7HO,TCGA-SS-A7HO-01Z-00-DX1,1,0.99904233,1
tumour/TCGA-SS-A7HO-01Z-00-DX1_39936_33280.jpg,TCGA-SS-A7HO,TCGA-SS-A7HO-01Z-00-DX1,1,0.9990165,1
tumour/TCGA-SS-A7HO-01Z-00-DX1_39936_34304.jpg,TCGA-SS-A7HO,TCGA-SS-A7HO-01Z-00-DX1,1,0.99998343,1
tumour/TCGA-SS-A7HO-01Z-00-DX1_39936_34816.jpg,TCGA-SS-A7HO,TCGA-SS-A7HO-01Z-00-DX1,1,0.9985538,1
tumour/TCGA-SS-A7HO-01Z-00-DX1_39936_35840.jpg,TCGA-SS-A7HO,TCGA-SS-A7HO-01Z-00-DX1,1,0.9306014,1
tumour/TCGA-SS-A7HO-01Z-00-DX1_39936_9728.jpg,TCGA-SS-A7HO,TCGA-SS-A7HO-01Z-00-DX1,1,0.9999094,1
tumour/TCGA-SS-A7HO-01Z-00-DX1_40448_12288.jpg,TCGA-SS-A7HO,TCGA-SS-A7HO-01Z-00-DX1,1,0.999343,1
tumour/TCGA-SS-A7HO-01Z-00-DX1_40448_13824.jpg,TCGA-SS-A7HO,TCGA-SS-A7HO-01Z-00-DX1,1,0.99997056,1
tumour/TCGA-SS-A7HO-01Z-00-DX1_40448_14848.jpg,TCGA-SS-A7HO,TCGA-SS-A7HO-01Z-00-DX1,1,0.9998834,1
tumour/TCGA-SS-A7HO-01Z-00-DX1_40448_16384.jpg,TCGA-SS-A7HO,TCGA-SS-A7HO-01Z-00-DX1,1,0.99521494,1
tumour/TCGA-SS-A7HO-01Z-00-DX1_40448_17408.jpg,TCGA-SS-A7HO,TCGA-SS-A7HO-01Z-00-DX1,1,0.9993012,1
tumour/TCGA-SS-A7HO-01Z-00-DX1_40448_17920.jpg,TCGA-SS-A7HO,TCGA-SS-A7HO-01Z-00-DX1,1,0.99985504,1
tumour/TCGA-SS-A7HO-01Z-00-DX1_40448_19968.jpg,TCGA-SS-A7HO,TCGA-SS-A7HO-01Z-00-DX1,1,0.9997516,1
tumour/TCGA-SS-A7HO-01Z-00-DX1_40448_20480.jpg,TCGA-SS-A7HO,TCGA-SS-A7HO-01Z-00-DX1,1,0.9992175,1
tumour/TCGA-SS-A7HO-01Z-00-DX1_40448_22528.jpg,TCGA-SS-A7HO,TCGA-SS-A7HO-01Z-00-DX1,1,0.99994564,1
tumour/TCGA-SS-A7HO-01Z-00-DX1_40448_25088.jpg,TCGA-SS-A7HO,TCGA-SS-A7HO-01Z-00-DX1,1,0.9999901,1
tumour/TCGA-SS-A7HO-01Z-00-DX1_40448_26624.jpg,TCGA-SS-A7HO,TCGA-SS-A7HO-01Z-00-DX1,1,0.99939156,1
tumour/TCGA-SS-A7HO-01Z-00-DX1_40448_27136.jpg,TCGA-SS-A7HO,TCGA-SS-A7HO-01Z-00-DX1,1,0.9999291,1
tumour/TCGA-SS-A7HO-01Z-00-DX1_40448_28672.jpg,TCGA-SS-A7HO,TCGA-SS-A7HO-01Z-00-DX1,1,0.9791008,1
tumour/TCGA-SS-A7HO-01Z-00-DX1_40448_29184.jpg,TCGA-SS-A7HO,TCGA-SS-A7HO-01Z-00-DX1,1,0.9950197,1
tumour/TCGA-SS-A7HO-01Z-00-DX1_40448_29696.jpg,TCGA-SS-A7HO,TCGA-SS-A7HO-01Z-00-DX1,1,0.9940426,1
tumour/TCGA-SS-A7HO-01Z-00-DX1_40448_31744.jpg,TCGA-SS-A7HO,TCGA-SS-A7HO-01Z-00-DX1,1,0.9976566,1
tumour/TCGA-SS-A7HO-01Z-00-DX1_40448_32256.jpg,TCGA-SS-A7HO,TCGA-SS-A7HO-01Z-00-DX1,1,0.99994695,1
tumour/TCGA-SS-A7HO-01Z-00-DX1_40448_33792.jpg,TCGA-SS-A7HO,TCGA-SS-A7HO-01Z-00-DX1,1,0.9994305,1
tumour/TCGA-SS-A7HO-01Z-00-DX1_40448_34304.jpg,TCGA-SS-A7HO,TCGA-SS-A7HO-01Z-00-DX1,1,0.99997926,1
tumour/TCGA-SS-A7HO-01Z-00-DX1_40448_35840.jpg,TCGA-SS-A7HO,TCGA-SS-A7HO-01Z-00-DX1,1,0.99993956,1
tumour/TCGA-SS-A7HO-01Z-00-DX1_40960_11264.jpg,TCGA-SS-A7HO,TCGA-SS-A7HO-01Z-00-DX1,1,0.7520054,1
tumour/TCGA-SS-A7HO-01Z-00-DX1_40960_11776.jpg,TCGA-SS-A7HO,TCGA-SS-A7HO-01Z-00-DX1,1,0.9994641,1
tumour/TCGA-SS-A7HO-01Z-00-DX1_40960_12288.jpg,TCGA-SS-A7HO,TCGA-SS-A7HO-01Z-00-DX1,1,0.9996278,1
tumour/TCGA-SS-A7HO-01Z-00-DX1_40960_12800.jpg,TCGA-SS-A7HO,TCGA-SS-A7HO-01Z-00-DX1,1,0.99983525,1
tumour/TCGA-SS-A7HO-01Z-00-DX1_40960_13312.jpg,TCGA-SS-A7HO,TCGA-SS-A7HO-01Z-00-DX1,1,0.9987451,1
tumour/TCGA-SS-A7HO-01Z-00-DX1_40960_13824.jpg,TCGA-SS-A7HO,TCGA-SS-A7HO-01Z-00-DX1,1,0.9981527,1
tumour/TCGA-SS-A7HO-01Z-00-DX1_40960_15360.jpg,TCGA-SS-A7HO,TCGA-SS-A7HO-01Z-00-DX1,1,0.99762964,1
tumour/TCGA-SS-A7HO-01Z-00-DX1_40960_16384.jpg,TCGA-SS-A7HO,TCGA-SS-A7HO-01Z-00-DX1,1,0.9981969,1
tumour/TCGA-SS-A7HO-01Z-00-DX1_40960_17920.jpg,TCGA-SS-A7HO,TCGA-SS-A7HO-01Z-00-DX1,1,0.9998888,1
tumour/TCGA-SS-A7HO-01Z-00-DX1_40960_18432.jpg,TCGA-SS-A7HO,TCGA-SS-A7HO-01Z-00-DX1,1,0.9999491,1
tumour/TCGA-SS-A7HO-01Z-00-DX1_40960_20480.jpg,TCGA-SS-A7HO,TCGA-SS-A7HO-01Z-00-DX1,1,0.99978703,1
tumour/TCGA-SS-A7HO-01Z-00-DX1_40960_22016.jpg,TCGA-SS-A7HO,TCGA-SS-A7HO-01Z-00-DX1,1,0.9999665,1
tumour/TCGA-SS-A7HO-01Z-00-DX1_40960_23552.jpg,TCGA-SS-A7HO,TCGA-SS-A7HO-01Z-00-DX1,1,0.9998696,1
tumour/TCGA-SS-A7HO-01Z-00-DX1_40960_26112.jpg,TCGA-SS-A7HO,TCGA-SS-A7HO-01Z-00-DX1,1,0.91756445,1
tumour/TCGA-SS-A7HO-01Z-00-DX1_40960_27648.jpg,TCGA-SS-A7HO,TCGA-SS-A7HO-01Z-00-DX1,1,0.9998677,1
tumour/TCGA-SS-A7HO-01Z-00-DX1_40960_29696.jpg,TCGA-SS-A7HO,TCGA-SS-A7HO-01Z-00-DX1,1,0.9959066,1
tumour/TCGA-SS-A7HO-01Z-00-DX1_40960_30208.jpg,TCGA-SS-A7HO,TCGA-SS-A7HO-01Z-00-DX1,1,0.9874182,1
tumour/TCGA-SS-A7HO-01Z-00-DX1_40960_30720.jpg,TCGA-SS-A7HO,TCGA-SS-A7HO-01Z-00-DX1,1,0.9990676,1
tumour/TCGA-SS-A7HO-01Z-00-DX1_40960_31744.jpg,TCGA-SS-A7HO,TCGA-SS-A7HO-01Z-00-DX1,1,0.9993486,1
tumour/TCGA-SS-A7HO-01Z-00-DX1_40960_32256.jpg,TCGA-SS-A7HO,TCGA-SS-A7HO-01Z-00-DX1,1,0.99166334,1
tumour/TCGA-SS-A7HO-01Z-00-DX1_40960_33280.jpg,TCGA-SS-A7HO,TCGA-SS-A7HO-01Z-00-DX1,1,0.99683857,1
tumour/TCGA-SS-A7HO-01Z-00-DX1_4096_10752.jpg,TCGA-SS-A7HO,TCGA-SS-A7HO-01Z-00-DX1,1,0.9993242,1
tumour/TCGA-SS-A7HO-01Z-00-DX1_4096_11264.jpg,TCGA-SS-A7HO,TCGA-SS-A7HO-01Z-00-DX1,1,0.99877435,1
tumour/TCGA-SS-A7HO-01Z-00-DX1_4096_13312.jpg,TCGA-SS-A7HO,TCGA-SS-A7HO-01Z-00-DX1,1,0.9937827,1
tumour/TCGA-SS-A7HO-01Z-00-DX1_4096_14848.jpg,TCGA-SS-A7HO,TCGA-SS-A7HO-01Z-00-DX1,1,0.99764794,1
tumour/TCGA-SS-A7HO-01Z-00-DX1_4096_15872.jpg,TCGA-SS-A7HO,TCGA-SS-A7HO-01Z-00-DX1,1,0.9999645,1
tumour/TCGA-SS-A7HO-01Z-00-DX1_4096_16896.jpg,TCGA-SS-A7HO,TCGA-SS-A7HO-01Z-00-DX1,1,0.9999281,1
tumour/TCGA-SS-A7HO-01Z-00-DX1_4096_6656.jpg,TCGA-SS-A7HO,TCGA-SS-A7HO-01Z-00-DX1,1,0.99754614,1
tumour/TCGA-SS-A7HO-01Z-00-DX1_4096_7680.jpg,TCGA-SS-A7HO,TCGA-SS-A7HO-01Z-00-DX1,1,0.99966466,1
tumour/TCGA-SS-A7HO-01Z-00-DX1_4096_8192.jpg,TCGA-SS-A7HO,TCGA-SS-A7HO-01Z-00-DX1,1,0.9990275,1
tumour/TCGA-SS-A7HO-01Z-00-DX1_4096_8704.jpg,TCGA-SS-A7HO,TCGA-SS-A7HO-01Z-00-DX1,1,0.9994673,1
tumour/TCGA-SS-A7HO-01Z-00-DX1_41472_10752.jpg,TCGA-SS-A7HO,TCGA-SS-A7HO-01Z-00-DX1,1,0.99967706,1
tumour/TCGA-SS-A7HO-01Z-00-DX1_41472_11776.jpg,TCGA-SS-A7HO,TCGA-SS-A7HO-01Z-00-DX1,1,0.9987835,1
tumour/TCGA-SS-A7HO-01Z-00-DX1_41472_12800.jpg,TCGA-SS-A7HO,TCGA-SS-A7HO-01Z-00-DX1,1,0.99965453,1
tumour/TCGA-SS-A7HO-01Z-00-DX1_41472_13824.jpg,TCGA-SS-A7HO,TCGA-SS-A7HO-01Z-00-DX1,1,0.99861336,1
tumour/TCGA-SS-A7HO-01Z-00-DX1_41472_15360.jpg,TCGA-SS-A7HO,TCGA-SS-A7HO-01Z-00-DX1,1,0.99957377,1
tumour/TCGA-SS-A7HO-01Z-00-DX1_41472_15872.jpg,TCGA-SS-A7HO,TCGA-SS-A7HO-01Z-00-DX1,1,0.99991107,1
tumour/TCGA-SS-A7HO-01Z-00-DX1_41472_19456.jpg,TCGA-SS-A7HO,TCGA-SS-A7HO-01Z-00-DX1,1,0.9999862,1
tumour/TCGA-SS-A7HO-01Z-00-DX1_41472_23552.jpg,TCGA-SS-A7HO,TCGA-SS-A7HO-01Z-00-DX1,1,0.9993747,1
tumour/TCGA-SS-A7HO-01Z-00-DX1_41472_24064.jpg,TCGA-SS-A7HO,TCGA-SS-A7HO-01Z-00-DX1,1,0.9999647,1
tumour/TCGA-SS-A7HO-01Z-00-DX1_41472_25088.jpg,TCGA-SS-A7HO,TCGA-SS-A7HO-01Z-00-DX1,1,0.999938,1
tumour/TCGA-SS-A7HO-01Z-00-DX1_41472_26624.jpg,TCGA-SS-A7HO,TCGA-SS-A7HO-01Z-00-DX1,1,0.999146,1
tumour/TCGA-SS-A7HO-01Z-00-DX1_41472_27648.jpg,TCGA-SS-A7HO,TCGA-SS-A7HO-01Z-00-DX1,1,0.9996464,1
tumour/TCGA-SS-A7HO-01Z-00-DX1_41472_28672.jpg,TCGA-SS-A7HO,TCGA-SS-A7HO-01Z-00-DX1,1,0.9946189,1
tumour/TCGA-SS-A7HO-01Z-00-DX1_41472_31232.jpg,TCGA-SS-A7HO,TCGA-SS-A7HO-01Z-00-DX1,1,0.9989623,1
tumour/TCGA-SS-A7HO-01Z-00-DX1_41472_31744.jpg,TCGA-SS-A7HO,TCGA-SS-A7HO-01Z-00-DX1,1,0.9965318,1
tumour/TCGA-SS-A7HO-01Z-00-DX1_41472_32256.jpg,TCGA-SS-A7HO,TCGA-SS-A7HO-01Z-00-DX1,1,0.9974909,1
tumour/TCGA-SS-A7HO-01Z-00-DX1_41472_32768.jpg,TCGA-SS-A7HO,TCGA-SS-A7HO-01Z-00-DX1,1,0.9997197,1
tumour/TCGA-SS-A7HO-01Z-00-DX1_41472_33792.jpg,TCGA-SS-A7HO,TCGA-SS-A7HO-01Z-00-DX1,1,0.99991214,1
tumour/TCGA-SS-A7HO-01Z-00-DX1_41472_9728.jpg,TCGA-SS-A7HO,TCGA-SS-A7HO-01Z-00-DX1,1,0.015713647,0
tumour/TCGA-SS-A7HO-01Z-00-DX1_41984_10240.jpg,TCGA-SS-A7HO,TCGA-SS-A7HO-01Z-00-DX1,1,0.9998574,1
tumour/TCGA-SS-A7HO-01Z-00-DX1_41984_10752.jpg,TCGA-SS-A7HO,TCGA-SS-A7HO-01Z-00-DX1,1,0.99942833,1
tumour/TCGA-SS-A7HO-01Z-00-DX1_41984_11264.jpg,TCGA-SS-A7HO,TCGA-SS-A7HO-01Z-00-DX1,1,0.9995443,1
tumour/TCGA-SS-A7HO-01Z-00-DX1_41984_12800.jpg,TCGA-SS-A7HO,TCGA-SS-A7HO-01Z-00-DX1,1,0.99933845,1
tumour/TCGA-SS-A7HO-01Z-00-DX1_41984_13312.jpg,TCGA-SS-A7HO,TCGA-SS-A7HO-01Z-00-DX1,1,0.99529487,1
tumour/TCGA-SS-A7HO-01Z-00-DX1_41984_13824.jpg,TCGA-SS-A7HO,TCGA-SS-A7HO-01Z-00-DX1,1,0.9995703,1
tumour/TCGA-SS-A7HO-01Z-00-DX1_41984_14336.jpg,TCGA-SS-A7HO,TCGA-SS-A7HO-01Z-00-DX1,1,0.9998031,1
tumour/TCGA-SS-A7HO-01Z-00-DX1_41984_16896.jpg,TCGA-SS-A7HO,TCGA-SS-A7HO-01Z-00-DX1,1,0.9991264,1
tumour/TCGA-SS-A7HO-01Z-00-DX1_41984_19968.jpg,TCGA-SS-A7HO,TCGA-SS-A7HO-01Z-00-DX1,1,0.99087745,1
tumour/TCGA-SS-A7HO-01Z-00-DX1_41984_20992.jpg,TCGA-SS-A7HO,TCGA-SS-A7HO-01Z-00-DX1,1,0.99979955,1
tumour/TCGA-SS-A7HO-01Z-00-DX1_41984_21504.jpg,TCGA-SS-A7HO,TCGA-SS-A7HO-01Z-00-DX1,1,0.9999908,1
tumour/TCGA-SS-A7HO-01Z-00-DX1_41984_22016.jpg,TCGA-SS-A7HO,TCGA-SS-A7HO-01Z-00-DX1,1,0.9996915,1
tumour/TCGA-SS-A7HO-01Z-00-DX1_41984_23040.jpg,TCGA-SS-A7HO,TCGA-SS-A7HO-01Z-00-DX1,1,0.99967134,1
tumour/TCGA-SS-A7HO-01Z-00-DX1_41984_23552.jpg,TCGA-SS-A7HO,TCGA-SS-A7HO-01Z-00-DX1,1,0.9999976,1
tumour/TCGA-SS-A7HO-01Z-00-DX1_41984_24576.jpg,TCGA-SS-A7HO,TCGA-SS-A7HO-01Z-00-DX1,1,0.9999641,1
tumour/TCGA-SS-A7HO-01Z-00-DX1_41984_25600.jpg,TCGA-SS-A7HO,TCGA-SS-A7HO-01Z-00-DX1,1,0.99985445,1
tumour/TCGA-SS-A7HO-01Z-00-DX1_41984_26112.jpg,TCGA-SS-A7HO,TCGA-SS-A7HO-01Z-00-DX1,1,0.99942756,1
tumour/TCGA-SS-A7HO-01Z-00-DX1_41984_27136.jpg,TCGA-SS-A7HO,TCGA-SS-A7HO-01Z-00-DX1,1,0.9996043,1
tumour/TCGA-SS-A7HO-01Z-00-DX1_41984_27648.jpg,TCGA-SS-A7HO,TCGA-SS-A7HO-01Z-00-DX1,1,0.9995478,1
tumour/TCGA-SS-A7HO-01Z-00-DX1_41984_30720.jpg,TCGA-SS-A7HO,TCGA-SS-A7HO-01Z-00-DX1,1,0.9999337,1
tumour/TCGA-SS-A7HO-01Z-00-DX1_41984_31232.jpg,TCGA-SS-A7HO,TCGA-SS-A7HO-01Z-00-DX1,1,0.99625826,1
tumour/TCGA-SS-A7HO-01Z-00-DX1_41984_32256.jpg,TCGA-SS-A7HO,TCGA-SS-A7HO-01Z-00-DX1,1,0.9999254,1
tumour/TCGA-SS-A7HO-01Z-00-DX1_41984_33792.jpg,TCGA-SS-A7HO,TCGA-SS-A7HO-01Z-00-DX1,1,0.99822325,1
tumour/TCGA-SS-A7HO-01Z-00-DX1_41984_9216.jpg,TCGA-SS-A7HO,TCGA-SS-A7HO-01Z-00-DX1,1,0.74010795,1
tumour/TCGA-SS-A7HO-01Z-00-DX1_41984_9728.jpg,TCGA-SS-A7HO,TCGA-SS-A7HO-01Z-00-DX1,1,0.999019,1
tumour/TCGA-SS-A7HO-01Z-00-DX1_42496_10240.jpg,TCGA-SS-A7HO,TCGA-SS-A7HO-01Z-00-DX1,1,0.99866784,1
tumour/TCGA-SS-A7HO-01Z-00-DX1_42496_10752.jpg,TCGA-SS-A7HO,TCGA-SS-A7HO-01Z-00-DX1,1,0.99573565,1
tumour/TCGA-SS-A7HO-01Z-00-DX1_42496_11264.jpg,TCGA-SS-A7HO,TCGA-SS-A7HO-01Z-00-DX1,1,0.9999368,1
tumour/TCGA-SS-A7HO-01Z-00-DX1_42496_12288.jpg,TCGA-SS-A7HO,TCGA-SS-A7HO-01Z-00-DX1,1,0.99957246,1
tumour/TCGA-SS-A7HO-01Z-00-DX1_42496_13312.jpg,TCGA-SS-A7HO,TCGA-SS-A7HO-01Z-00-DX1,1,0.99354446,1
tumour/TCGA-SS-A7HO-01Z-00-DX1_42496_13824.jpg,TCGA-SS-A7HO,TCGA-SS-A7HO-01Z-00-DX1,1,0.99981016,1
tumour/TCGA-SS-A7HO-01Z-00-DX1_42496_17408.jpg,TCGA-SS-A7HO,TCGA-SS-A7HO-01Z-00-DX1,1,0.9995622,1
tumour/TCGA-SS-A7HO-01Z-00-DX1_42496_19456.jpg,TCGA-SS-A7HO,TCGA-SS-A7HO-01Z-00-DX1,1,0.99981695,1
tumour/TCGA-SS-A7HO-01Z-00-DX1_42496_19968.jpg,TCGA-SS-A7HO,TCGA-SS-A7HO-01Z-00-DX1,1,0.9999763,1
tumour/TCGA-SS-A7HO-01Z-00-DX1_42496_21504.jpg,TCGA-SS-A7HO,TCGA-SS-A7HO-01Z-00-DX1,1,0.9999964,1
tumour/TCGA-SS-A7HO-01Z-00-DX1_42496_24064.jpg,TCGA-SS-A7HO,TCGA-SS-A7HO-01Z-00-DX1,1,0.999811,1
tumour/TCGA-SS-A7HO-01Z-00-DX1_42496_25600.jpg,TCGA-SS-A7HO,TCGA-SS-A7HO-01Z-00-DX1,1,0.999974,1
tumour/TCGA-SS-A7HO-01Z-00-DX1_42496_26112.jpg,TCGA-SS-A7HO,TCGA-SS-A7HO-01Z-00-DX1,1,0.9998473,1
tumour/TCGA-SS-A7HO-01Z-00-DX1_42496_27648.jpg,TCGA-SS-A7HO,TCGA-SS-A7HO-01Z-00-DX1,1,0.9927005,1
tumour/TCGA-SS-A7HO-01Z-00-DX1_42496_28160.jpg,TCGA-SS-A7HO,TCGA-SS-A7HO-01Z-00-DX1,1,0.9979018,1
tumour/TCGA-SS-A7HO-01Z-00-DX1_42496_29184.jpg,TCGA-SS-A7HO,TCGA-SS-A7HO-01Z-00-DX1,1,0.9991911,1
tumour/TCGA-SS-A7HO-01Z-00-DX1_42496_29696.jpg,TCGA-SS-A7HO,TCGA-SS-A7HO-01Z-00-DX1,1,0.99932647,1
tumour/TCGA-SS-A7HO-01Z-00-DX1_42496_30720.jpg,TCGA-SS-A7HO,TCGA-SS-A7HO-01Z-00-DX1,1,0.99979514,1
tumour/TCGA-SS-A7HO-01Z-00-DX1_42496_31744.jpg,TCGA-SS-A7HO,TCGA-SS-A7HO-01Z-00-DX1,1,0.9985232,1
tumour/TCGA-SS-A7HO-01Z-00-DX1_42496_32256.jpg,TCGA-SS-A7HO,TCGA-SS-A7HO-01Z-00-DX1,1,0.99719137,1
tumour/TCGA-SS-A7HO-01Z-00-DX1_42496_8704.jpg,TCGA-SS-A7HO,TCGA-SS-A7HO-01Z-00-DX1,1,0.99617285,1
tumour/TCGA-SS-A7HO-01Z-00-DX1_42496_9216.jpg,TCGA-SS-A7HO,TCGA-SS-A7HO-01Z-00-DX1,1,0.99877423,1
tumour/TCGA-SS-A7HO-01Z-00-DX1_43008_10240.jpg,TCGA-SS-A7HO,TCGA-SS-A7HO-01Z-00-DX1,1,0.99385,1
tumour/TCGA-SS-A7HO-01Z-00-DX1_43008_10752.jpg,TCGA-SS-A7HO,TCGA-SS-A7HO-01Z-00-DX1,1,0.99988806,1
tumour/TCGA-SS-A7HO-01Z-00-DX1_43008_11264.jpg,TCGA-SS-A7HO,TCGA-SS-A7HO-01Z-00-DX1,1,0.999292,1
tumour/TCGA-SS-A7HO-01Z-00-DX1_43008_12288.jpg,TCGA-SS-A7HO,TCGA-SS-A7HO-01Z-00-DX1,1,0.99897087,1
tumour/TCGA-SS-A7HO-01Z-00-DX1_43008_12800.jpg,TCGA-SS-A7HO,TCGA-SS-A7HO-01Z-00-DX1,1,0.99959666,1
tumour/TCGA-SS-A7HO-01Z-00-DX1_43008_13312.jpg,TCGA-SS-A7HO,TCGA-SS-A7HO-01Z-00-DX1,1,0.99833715,1
tumour/TCGA-SS-A7HO-01Z-00-DX1_43008_13824.jpg,TCGA-SS-A7HO,TCGA-SS-A7HO-01Z-00-DX1,1,0.99969494,1
tumour/TCGA-SS-A7HO-01Z-00-DX1_43008_14336.jpg,TCGA-SS-A7HO,TCGA-SS-A7HO-01Z-00-DX1,1,0.99989736,1
tumour/TCGA-SS-A7HO-01Z-00-DX1_43008_15360.jpg,TCGA-SS-A7HO,TCGA-SS-A7HO-01Z-00-DX1,1,0.99995875,1
tumour/TCGA-SS-A7HO-01Z-00-DX1_43008_16384.jpg,TCGA-SS-A7HO,TCGA-SS-A7HO-01Z-00-DX1,1,0.9999665,1
tumour/TCGA-SS-A7HO-01Z-00-DX1_43008_19456.jpg,TCGA-SS-A7HO,TCGA-SS-A7HO-01Z-00-DX1,1,0.99991345,1
tumour/TCGA-SS-A7HO-01Z-00-DX1_43008_20992.jpg,TCGA-SS-A7HO,TCGA-SS-A7HO-01Z-00-DX1,1,0.9998765,1
tumour/TCGA-SS-A7HO-01Z-00-DX1_43008_22528.jpg,TCGA-SS-A7HO,TCGA-SS-A7HO-01Z-00-DX1,1,0.9999341,1
tumour/TCGA-SS-A7HO-01Z-00-DX1_43008_24576.jpg,TCGA-SS-A7HO,TCGA-SS-A7HO-01Z-00-DX1,1,0.9996362,1
tumour/TCGA-SS-A7HO-01Z-00-DX1_43008_25088.jpg,TCGA-SS-A7HO,TCGA-SS-A7HO-01Z-00-DX1,1,0.99926656,1
tumour/TCGA-SS-A7HO-01Z-00-DX1_43008_25600.jpg,TCGA-SS-A7HO,TCGA-SS-A7HO-01Z-00-DX1,1,0.9988777,1
tumour/TCGA-SS-A7HO-01Z-00-DX1_43008_26112.jpg,TCGA-SS-A7HO,TCGA-SS-A7HO-01Z-00-DX1,1,0.9996506,1
tumour/TCGA-SS-A7HO-01Z-00-DX1_43008_27136.jpg,TCGA-SS-A7HO,TCGA-SS-A7HO-01Z-00-DX1,1,0.99854785,1
tumour/TCGA-SS-A7HO-01Z-00-DX1_43008_27648.jpg,TCGA-SS-A7HO,TCGA-SS-A7HO-01Z-00-DX1,1,0.9996762,1
tumour/TCGA-SS-A7HO-01Z-00-DX1_43008_29184.jpg,TCGA-SS-A7HO,TCGA-SS-A7HO-01Z-00-DX1,1,0.9998995,1
tumour/TCGA-SS-A7HO-01Z-00-DX1_43008_29696.jpg,TCGA-SS-A7HO,TCGA-SS-A7HO-01Z-00-DX1,1,0.99938107,1
tumour/TCGA-SS-A7HO-01Z-00-DX1_43008_30208.jpg,TCGA-SS-A7HO,TCGA-SS-A7HO-01Z-00-DX1,1,0.9999461,1
tumour/TCGA-SS-A7HO-01Z-00-DX1_43008_31744.jpg,TCGA-SS-A7HO,TCGA-SS-A7HO-01Z-00-DX1,1,0.99851745,1
tumour/TCGA-SS-A7HO-01Z-00-DX1_43008_8704.jpg,TCGA-SS-A7HO,TCGA-SS-A7HO-01Z-00-DX1,1,0.97898096,1
tumour/TCGA-SS-A7HO-01Z-00-DX1_43520_10240.jpg,TCGA-SS-A7HO,TCGA-SS-A7HO-01Z-00-DX1,1,0.99332047,1
tumour/TCGA-SS-A7HO-01Z-00-DX1_43520_10752.jpg,TCGA-SS-A7HO,TCGA-SS-A7HO-01Z-00-DX1,1,0.99981135,1
tumour/TCGA-SS-A7HO-01Z-00-DX1_43520_11264.jpg,TCGA-SS-A7HO,TCGA-SS-A7HO-01Z-00-DX1,1,0.99991584,1
tumour/TCGA-SS-A7HO-01Z-00-DX1_43520_13312.jpg,TCGA-SS-A7HO,TCGA-SS-A7HO-01Z-00-DX1,1,0.99963784,1
tumour/TCGA-SS-A7HO-01Z-00-DX1_43520_13824.jpg,TCGA-SS-A7HO,TCGA-SS-A7HO-01Z-00-DX1,1,0.9989096,1
tumour/TCGA-SS-A7HO-01Z-00-DX1_43520_15872.jpg,TCGA-SS-A7HO,TCGA-SS-A7HO-01Z-00-DX1,1,0.9999758,1
tumour/TCGA-SS-A7HO-01Z-00-DX1_43520_16384.jpg,TCGA-SS-A7HO,TCGA-SS-A7HO-01Z-00-DX1,1,0.9999962,1
tumour/TCGA-SS-A7HO-01Z-00-DX1_43520_16896.jpg,TCGA-SS-A7HO,TCGA-SS-A7HO-01Z-00-DX1,1,0.9999865,1
tumour/TCGA-SS-A7HO-01Z-00-DX1_43520_17920.jpg,TCGA-SS-A7HO,TCGA-SS-A7HO-01Z-00-DX1,1,0.9987564,1
tumour/TCGA-SS-A7HO-01Z-00-DX1_43520_19968.jpg,TCGA-SS-A7HO,TCGA-SS-A7HO-01Z-00-DX1,1,0.9999987,1
tumour/TCGA-SS-A7HO-01Z-00-DX1_43520_20480.jpg,TCGA-SS-A7HO,TCGA-SS-A7HO-01Z-00-DX1,1,0.99998164,1
tumour/TCGA-SS-A7HO-01Z-00-DX1_43520_22528.jpg,TCGA-SS-A7HO,TCGA-SS-A7HO-01Z-00-DX1,1,0.9997155,1
tumour/TCGA-SS-A7HO-01Z-00-DX1_43520_23040.jpg,TCGA-SS-A7HO,TCGA-SS-A7HO-01Z-00-DX1,1,0.99934036,1
tumour/TCGA-SS-A7HO-01Z-00-DX1_43520_26112.jpg,TCGA-SS-A7HO,TCGA-SS-A7HO-01Z-00-DX1,1,0.9909113,1
tumour/TCGA-SS-A7HO-01Z-00-DX1_43520_28672.jpg,TCGA-SS-A7HO,TCGA-SS-A7HO-01Z-00-DX1,1,0.99979895,1
tumour/TCGA-SS-A7HO-01Z-00-DX1_43520_29184.jpg,TCGA-SS-A7HO,TCGA-SS-A7HO-01Z-00-DX1,1,0.9999889,1
tumour/TCGA-SS-A7HO-01Z-00-DX1_43520_7680.jpg,TCGA-SS-A7HO,TCGA-SS-A7HO-01Z-00-DX1,1,0.9913134,1
tumour/TCGA-SS-A7HO-01Z-00-DX1_43520_8192.jpg,TCGA-SS-A7HO,TCGA-SS-A7HO-01Z-00-DX1,1,0.99304914,1
tumour/TCGA-SS-A7HO-01Z-00-DX1_43520_8704.jpg,TCGA-SS-A7HO,TCGA-SS-A7HO-01Z-00-DX1,1,0.9937377,1
tumour/TCGA-SS-A7HO-01Z-00-DX1_43520_9216.jpg,TCGA-SS-A7HO,TCGA-SS-A7HO-01Z-00-DX1,1,0.9995598,1
tumour/TCGA-SS-A7HO-01Z-00-DX1_44032_10240.jpg,TCGA-SS-A7HO,TCGA-SS-A7HO-01Z-00-DX1,1,0.9977805,1
tumour/TCGA-SS-A7HO-01Z-00-DX1_44032_10752.jpg,TCGA-SS-A7HO,TCGA-SS-A7HO-01Z-00-DX1,1,0.99941325,1
tumour/TCGA-SS-A7HO-01Z-00-DX1_44032_12288.jpg,TCGA-SS-A7HO,TCGA-SS-A7HO-01Z-00-DX1,1,0.9998274,1
tumour/TCGA-SS-A7HO-01Z-00-DX1_44032_12800.jpg,TCGA-SS-A7HO,TCGA-SS-A7HO-01Z-00-DX1,1,0.999918,1
tumour/TCGA-SS-A7HO-01Z-00-DX1_44032_13824.jpg,TCGA-SS-A7HO,TCGA-SS-A7HO-01Z-00-DX1,1,0.9999944,1
tumour/TCGA-SS-A7HO-01Z-00-DX1_44032_15360.jpg,TCGA-SS-A7HO,TCGA-SS-A7HO-01Z-00-DX1,1,0.9992055,1
tumour/TCGA-SS-A7HO-01Z-00-DX1_44032_16384.jpg,TCGA-SS-A7HO,TCGA-SS-A7HO-01Z-00-DX1,1,0.9997893,1
tumour/TCGA-SS-A7HO-01Z-00-DX1_44032_16896.jpg,TCGA-SS-A7HO,TCGA-SS-A7HO-01Z-00-DX1,1,0.99996674,1
tumour/TCGA-SS-A7HO-01Z-00-DX1_44032_18944.jpg,TCGA-SS-A7HO,TCGA-SS-A7HO-01Z-00-DX1,1,0.9997888,1
tumour/TCGA-SS-A7HO-01Z-00-DX1_44032_22016.jpg,TCGA-SS-A7HO,TCGA-SS-A7HO-01Z-00-DX1,1,0.9999609,1
tumour/TCGA-SS-A7HO-01Z-00-DX1_44032_23040.jpg,TCGA-SS-A7HO,TCGA-SS-A7HO-01Z-00-DX1,1,0.9817202,1
tumour/TCGA-SS-A7HO-01Z-00-DX1_44032_25088.jpg,TCGA-SS-A7HO,TCGA-SS-A7HO-01Z-00-DX1,1,0.9998715,1
tumour/TCGA-SS-A7HO-01Z-00-DX1_44032_26624.jpg,TCGA-SS-A7HO,TCGA-SS-A7HO-01Z-00-DX1,1,0.99995244,1
tumour/TCGA-SS-A7HO-01Z-00-DX1_44032_27648.jpg,TCGA-SS-A7HO,TCGA-SS-A7HO-01Z-00-DX1,1,0.9997644,1
tumour/TCGA-SS-A7HO-01Z-00-DX1_44032_28160.jpg,TCGA-SS-A7HO,TCGA-SS-A7HO-01Z-00-DX1,1,0.99998283,1
tumour/TCGA-SS-A7HO-01Z-00-DX1_44032_29184.jpg,TCGA-SS-A7HO,TCGA-SS-A7HO-01Z-00-DX1,1,0.9912608,1
tumour/TCGA-SS-A7HO-01Z-00-DX1_44032_29696.jpg,TCGA-SS-A7HO,TCGA-SS-A7HO-01Z-00-DX1,1,0.9999726,1
tumour/TCGA-SS-A7HO-01Z-00-DX1_44032_8704.jpg,TCGA-SS-A7HO,TCGA-SS-A7HO-01Z-00-DX1,1,0.9973399,1
tumour/TCGA-SS-A7HO-01Z-00-DX1_44032_9728.jpg,TCGA-SS-A7HO,TCGA-SS-A7HO-01Z-00-DX1,1,0.9981433,1
tumour/TCGA-SS-A7HO-01Z-00-DX1_44544_10240.jpg,TCGA-SS-A7HO,TCGA-SS-A7HO-01Z-00-DX1,1,0.9970392,1
tumour/TCGA-SS-A7HO-01Z-00-DX1_44544_11776.jpg,TCGA-SS-A7HO,TCGA-SS-A7HO-01Z-00-DX1,1,0.9962536,1
tumour/TCGA-SS-A7HO-01Z-00-DX1_44544_12288.jpg,TCGA-SS-A7HO,TCGA-SS-A7HO-01Z-00-DX1,1,0.9984394,1
tumour/TCGA-SS-A7HO-01Z-00-DX1_44544_12800.jpg,TCGA-SS-A7HO,TCGA-SS-A7HO-01Z-00-DX1,1,0.99928063,1
tumour/TCGA-SS-A7HO-01Z-00-DX1_44544_13312.jpg,TCGA-SS-A7HO,TCGA-SS-A7HO-01Z-00-DX1,1,0.99947053,1
tumour/TCGA-SS-A7HO-01Z-00-DX1_44544_14336.jpg,TCGA-SS-A7HO,TCGA-SS-A7HO-01Z-00-DX1,1,0.99928963,1
tumour/TCGA-SS-A7HO-01Z-00-DX1_44544_14848.jpg,TCGA-SS-A7HO,TCGA-SS-A7HO-01Z-00-DX1,1,0.9781326,1
tumour/TCGA-SS-A7HO-01Z-00-DX1_44544_15360.jpg,TCGA-SS-A7HO,TCGA-SS-A7HO-01Z-00-DX1,1,0.99713093,1
tumour/TCGA-SS-A7HO-01Z-00-DX1_44544_16384.jpg,TCGA-SS-A7HO,TCGA-SS-A7HO-01Z-00-DX1,1,0.9998908,1
tumour/TCGA-SS-A7HO-01Z-00-DX1_44544_16896.jpg,TCGA-SS-A7HO,TCGA-SS-A7HO-01Z-00-DX1,1,0.9982614,1
tumour/TCGA-SS-A7HO-01Z-00-DX1_44544_17920.jpg,TCGA-SS-A7HO,TCGA-SS-A7HO-01Z-00-DX1,1,0.9965299,1
tumour/TCGA-SS-A7HO-01Z-00-DX1_44544_19456.jpg,TCGA-SS-A7HO,TCGA-SS-A7HO-01Z-00-DX1,1,0.9999974,1
tumour/TCGA-SS-A7HO-01Z-00-DX1_44544_19968.jpg,TCGA-SS-A7HO,TCGA-SS-A7HO-01Z-00-DX1,1,0.9999685,1
tumour/TCGA-SS-A7HO-01Z-00-DX1_44544_20480.jpg,TCGA-SS-A7HO,TCGA-SS-A7HO-01Z-00-DX1,1,0.99990606,1
tumour/TCGA-SS-A7HO-01Z-00-DX1_44544_21504.jpg,TCGA-SS-A7HO,TCGA-SS-A7HO-01Z-00-DX1,1,0.99992096,1
tumour/TCGA-SS-A7HO-01Z-00-DX1_44544_22016.jpg,TCGA-SS-A7HO,TCGA-SS-A7HO-01Z-00-DX1,1,0.9990202,1
tumour/TCGA-SS-A7HO-01Z-00-DX1_44544_22528.jpg,TCGA-SS-A7HO,TCGA-SS-A7HO-01Z-00-DX1,1,0.9923773,1
tumour/TCGA-SS-A7HO-01Z-00-DX1_44544_23040.jpg,TCGA-SS-A7HO,TCGA-SS-A7HO-01Z-00-DX1,1,0.9988531,1
tumour/TCGA-SS-A7HO-01Z-00-DX1_44544_23552.jpg,TCGA-SS-A7HO,TCGA-SS-A7HO-01Z-00-DX1,1,0.9909116,1
tumour/TCGA-SS-A7HO-01Z-00-DX1_44544_25088.jpg,TCGA-SS-A7HO,TCGA-SS-A7HO-01Z-00-DX1,1,0.9996307,1
tumour/TCGA-SS-A7HO-01Z-00-DX1_44544_25600.jpg,TCGA-SS-A7HO,TCGA-SS-A7HO-01Z-00-DX1,1,0.9755598,1
tumour/TCGA-SS-A7HO-01Z-00-DX1_44544_26112.jpg,TCGA-SS-A7HO,TCGA-SS-A7HO-01Z-00-DX1,1,0.9960659,1
tumour/TCGA-SS-A7HO-01Z-00-DX1_44544_26624.jpg,TCGA-SS-A7HO,TCGA-SS-A7HO-01Z-00-DX1,1,0.99745613,1
tumour/TCGA-SS-A7HO-01Z-00-DX1_44544_6144.jpg,TCGA-SS-A7HO,TCGA-SS-A7HO-01Z-00-DX1,1,0.8508358,1
tumour/TCGA-SS-A7HO-01Z-00-DX1_44544_6656.jpg,TCGA-SS-A7HO,TCGA-SS-A7HO-01Z-00-DX1,1,0.99401325,1
tumour/TCGA-SS-A7HO-01Z-00-DX1_44544_8192.jpg,TCGA-SS-A7HO,TCGA-SS-A7HO-01Z-00-DX1,1,0.9821321,1
tumour/TCGA-SS-A7HO-01Z-00-DX1_44544_8704.jpg,TCGA-SS-A7HO,TCGA-SS-A7HO-01Z-00-DX1,1,0.99976164,1
tumour/TCGA-SS-A7HO-01Z-00-DX1_44544_9216.jpg,TCGA-SS-A7HO,TCGA-SS-A7HO-01Z-00-DX1,1,0.9902845,1
tumour/TCGA-SS-A7HO-01Z-00-DX1_44544_9728.jpg,TCGA-SS-A7HO,TCGA-SS-A7HO-01Z-00-DX1,1,0.99739206,1
tumour/TCGA-SS-A7HO-01Z-00-DX1_45056_12800.jpg,TCGA-SS-A7HO,TCGA-SS-A7HO-01Z-00-DX1,1,0.99553335,1
tumour/TCGA-SS-A7HO-01Z-00-DX1_45056_13312.jpg,TCGA-SS-A7HO,TCGA-SS-A7HO-01Z-00-DX1,1,0.9941918,1
tumour/TCGA-SS-A7HO-01Z-00-DX1_45056_13824.jpg,TCGA-SS-A7HO,TCGA-SS-A7HO-01Z-00-DX1,1,0.9999281,1
tumour/TCGA-SS-A7HO-01Z-00-DX1_45056_14336.jpg,TCGA-SS-A7HO,TCGA-SS-A7HO-01Z-00-DX1,1,0.99859375,1
tumour/TCGA-SS-A7HO-01Z-00-DX1_45056_14848.jpg,TCGA-SS-A7HO,TCGA-SS-A7HO-01Z-00-DX1,1,0.9992889,1
tumour/TCGA-SS-A7HO-01Z-00-DX1_45056_16384.jpg,TCGA-SS-A7HO,TCGA-SS-A7HO-01Z-00-DX1,1,0.9961553,1
tumour/TCGA-SS-A7HO-01Z-00-DX1_45056_16896.jpg,TCGA-SS-A7HO,TCGA-SS-A7HO-01Z-00-DX1,1,0.99991536,1
tumour/TCGA-SS-A7HO-01Z-00-DX1_45056_17920.jpg,TCGA-SS-A7HO,TCGA-SS-A7HO-01Z-00-DX1,1,0.97593397,1
tumour/TCGA-SS-A7HO-01Z-00-DX1_45056_19456.jpg,TCGA-SS-A7HO,TCGA-SS-A7HO-01Z-00-DX1,1,0.9997671,1
tumour/TCGA-SS-A7HO-01Z-00-DX1_45056_19968.jpg,TCGA-SS-A7HO,TCGA-SS-A7HO-01Z-00-DX1,1,0.9991947,1
tumour/TCGA-SS-A7HO-01Z-00-DX1_45056_22016.jpg,TCGA-SS-A7HO,TCGA-SS-A7HO-01Z-00-DX1,1,0.99973625,1
tumour/TCGA-SS-A7HO-01Z-00-DX1_45056_24064.jpg,TCGA-SS-A7HO,TCGA-SS-A7HO-01Z-00-DX1,1,0.9999794,1
tumour/TCGA-SS-A7HO-01Z-00-DX1_45056_24576.jpg,TCGA-SS-A7HO,TCGA-SS-A7HO-01Z-00-DX1,1,0.9999889,1
tumour/TCGA-SS-A7HO-01Z-00-DX1_45056_25088.jpg,TCGA-SS-A7HO,TCGA-SS-A7HO-01Z-00-DX1,1,0.99988556,1
tumour/TCGA-SS-A7HO-01Z-00-DX1_45056_25600.jpg,TCGA-SS-A7HO,TCGA-SS-A7HO-01Z-00-DX1,1,0.99758923,1
tumour/TCGA-SS-A7HO-01Z-00-DX1_45056_28160.jpg,TCGA-SS-A7HO,TCGA-SS-A7HO-01Z-00-DX1,1,0.999356,1
tumour/TCGA-SS-A7HO-01Z-00-DX1_45056_6144.jpg,TCGA-SS-A7HO,TCGA-SS-A7HO-01Z-00-DX1,1,0.99793434,1
tumour/TCGA-SS-A7HO-01Z-00-DX1_45056_8704.jpg,TCGA-SS-A7HO,TCGA-SS-A7HO-01Z-00-DX1,1,0.9990989,1
tumour/TCGA-SS-A7HO-01Z-00-DX1_45056_9728.jpg,TCGA-SS-A7HO,TCGA-SS-A7HO-01Z-00-DX1,1,0.9996123,1
tumour/TCGA-SS-A7HO-01Z-00-DX1_45568_10240.jpg,TCGA-SS-A7HO,TCGA-SS-A7HO-01Z-00-DX1,1,0.9809987,1
tumour/TCGA-SS-A7HO-01Z-00-DX1_45568_10752.jpg,TCGA-SS-A7HO,TCGA-SS-A7HO-01Z-00-DX1,1,0.99953413,1
tumour/TCGA-SS-A7HO-01Z-00-DX1_45568_13312.jpg,TCGA-SS-A7HO,TCGA-SS-A7HO-01Z-00-DX1,1,0.9671688,1
tumour/TCGA-SS-A7HO-01Z-00-DX1_45568_13824.jpg,TCGA-SS-A7HO,TCGA-SS-A7HO-01Z-00-DX1,1,0.9955712,1
tumour/TCGA-SS-A7HO-01Z-00-DX1_45568_15360.jpg,TCGA-SS-A7HO,TCGA-SS-A7HO-01Z-00-DX1,1,0.9995722,1
tumour/TCGA-SS-A7HO-01Z-00-DX1_45568_15872.jpg,TCGA-SS-A7HO,TCGA-SS-A7HO-01Z-00-DX1,1,0.99942553,1
tumour/TCGA-SS-A7HO-01Z-00-DX1_45568_16896.jpg,TCGA-SS-A7HO,TCGA-SS-A7HO-01Z-00-DX1,1,0.9988636,1
tumour/TCGA-SS-A7HO-01Z-00-DX1_45568_17920.jpg,TCGA-SS-A7HO,TCGA-SS-A7HO-01Z-00-DX1,1,0.99253935,1
tumour/TCGA-SS-A7HO-01Z-00-DX1_45568_19456.jpg,TCGA-SS-A7HO,TCGA-SS-A7HO-01Z-00-DX1,1,0.99974674,1
tumour/TCGA-SS-A7HO-01Z-00-DX1_45568_19968.jpg,TCGA-SS-A7HO,TCGA-SS-A7HO-01Z-00-DX1,1,0.9976362,1
tumour/TCGA-SS-A7HO-01Z-00-DX1_45568_20480.jpg,TCGA-SS-A7HO,TCGA-SS-A7HO-01Z-00-DX1,1,0.99974126,1
tumour/TCGA-SS-A7HO-01Z-00-DX1_45568_20992.jpg,TCGA-SS-A7HO,TCGA-SS-A7HO-01Z-00-DX1,1,0.9982607,1
tumour/TCGA-SS-A7HO-01Z-00-DX1_45568_22016.jpg,TCGA-SS-A7HO,TCGA-SS-A7HO-01Z-00-DX1,1,0.8653017,1
tumour/TCGA-SS-A7HO-01Z-00-DX1_45568_22528.jpg,TCGA-SS-A7HO,TCGA-SS-A7HO-01Z-00-DX1,1,0.99835134,1
tumour/TCGA-SS-A7HO-01Z-00-DX1_45568_23040.jpg,TCGA-SS-A7HO,TCGA-SS-A7HO-01Z-00-DX1,1,0.99635005,1
tumour/TCGA-SS-A7HO-01Z-00-DX1_45568_24064.jpg,TCGA-SS-A7HO,TCGA-SS-A7HO-01Z-00-DX1,1,0.9999622,1
tumour/TCGA-SS-A7HO-01Z-00-DX1_45568_24576.jpg,TCGA-SS-A7HO,TCGA-SS-A7HO-01Z-00-DX1,1,0.9999862,1
tumour/TCGA-SS-A7HO-01Z-00-DX1_45568_25600.jpg,TCGA-SS-A7HO,TCGA-SS-A7HO-01Z-00-DX1,1,0.9996772,1
tumour/TCGA-SS-A7HO-01Z-00-DX1_45568_26624.jpg,TCGA-SS-A7HO,TCGA-SS-A7HO-01Z-00-DX1,1,0.9485992,1
tumour/TCGA-SS-A7HO-01Z-00-DX1_45568_27136.jpg,TCGA-SS-A7HO,TCGA-SS-A7HO-01Z-00-DX1,1,0.99969876,1
tumour/TCGA-SS-A7HO-01Z-00-DX1_45568_5632.jpg,TCGA-SS-A7HO,TCGA-SS-A7HO-01Z-00-DX1,1,0.9270525,1
tumour/TCGA-SS-A7HO-01Z-00-DX1_45568_8192.jpg,TCGA-SS-A7HO,TCGA-SS-A7HO-01Z-00-DX1,1,0.99960655,1
tumour/TCGA-SS-A7HO-01Z-00-DX1_46080_10240.jpg,TCGA-SS-A7HO,TCGA-SS-A7HO-01Z-00-DX1,1,0.9987608,1
tumour/TCGA-SS-A7HO-01Z-00-DX1_46080_13824.jpg,TCGA-SS-A7HO,TCGA-SS-A7HO-01Z-00-DX1,1,0.99590755,1
tumour/TCGA-SS-A7HO-01Z-00-DX1_46080_14336.jpg,TCGA-SS-A7HO,TCGA-SS-A7HO-01Z-00-DX1,1,0.9993499,1
tumour/TCGA-SS-A7HO-01Z-00-DX1_46080_14848.jpg,TCGA-SS-A7HO,TCGA-SS-A7HO-01Z-00-DX1,1,0.9999008,1
tumour/TCGA-SS-A7HO-01Z-00-DX1_46080_16384.jpg,TCGA-SS-A7HO,TCGA-SS-A7HO-01Z-00-DX1,1,0.99759597,1
tumour/TCGA-SS-A7HO-01Z-00-DX1_46080_16896.jpg,TCGA-SS-A7HO,TCGA-SS-A7HO-01Z-00-DX1,1,0.9853924,1
tumour/TCGA-SS-A7HO-01Z-00-DX1_46080_19968.jpg,TCGA-SS-A7HO,TCGA-SS-A7HO-01Z-00-DX1,1,0.9990544,1
tumour/TCGA-SS-A7HO-01Z-00-DX1_46080_22016.jpg,TCGA-SS-A7HO,TCGA-SS-A7HO-01Z-00-DX1,1,0.99857116,1
tumour/TCGA-SS-A7HO-01Z-00-DX1_46080_22528.jpg,TCGA-SS-A7HO,TCGA-SS-A7HO-01Z-00-DX1,1,0.99295604,1
tumour/TCGA-SS-A7HO-01Z-00-DX1_46080_23040.jpg,TCGA-SS-A7HO,TCGA-SS-A7HO-01Z-00-DX1,1,0.997184,1
tumour/TCGA-SS-A7HO-01Z-00-DX1_46080_24064.jpg,TCGA-SS-A7HO,TCGA-SS-A7HO-01Z-00-DX1,1,0.9990031,1
tumour/TCGA-SS-A7HO-01Z-00-DX1_46080_25088.jpg,TCGA-SS-A7HO,TCGA-SS-A7HO-01Z-00-DX1,1,0.99638164,1
tumour/TCGA-SS-A7HO-01Z-00-DX1_46080_26112.jpg,TCGA-SS-A7HO,TCGA-SS-A7HO-01Z-00-DX1,1,0.9998361,1
tumour/TCGA-SS-A7HO-01Z-00-DX1_46080_26624.jpg,TCGA-SS-A7HO,TCGA-SS-A7HO-01Z-00-DX1,1,0.9999254,1
tumour/TCGA-SS-A7HO-01Z-00-DX1_46080_5632.jpg,TCGA-SS-A7HO,TCGA-SS-A7HO-01Z-00-DX1,1,0.99990964,1
tumour/TCGA-SS-A7HO-01Z-00-DX1_46080_6656.jpg,TCGA-SS-A7HO,TCGA-SS-A7HO-01Z-00-DX1,1,0.99936014,1
tumour/TCGA-SS-A7HO-01Z-00-DX1_46080_7168.jpg,TCGA-SS-A7HO,TCGA-SS-A7HO-01Z-00-DX1,1,0.99926597,1
tumour/TCGA-SS-A7HO-01Z-00-DX1_46080_7680.jpg,TCGA-SS-A7HO,TCGA-SS-A7HO-01Z-00-DX1,1,0.99713457,1
tumour/TCGA-SS-A7HO-01Z-00-DX1_46080_9216.jpg,TCGA-SS-A7HO,TCGA-SS-A7HO-01Z-00-DX1,1,0.9990729,1
tumour/TCGA-SS-A7HO-01Z-00-DX1_46080_9728.jpg,TCGA-SS-A7HO,TCGA-SS-A7HO-01Z-00-DX1,1,0.9992149,1
tumour/TCGA-SS-A7HO-01Z-00-DX1_4608_10240.jpg,TCGA-SS-A7HO,TCGA-SS-A7HO-01Z-00-DX1,1,0.9987941,1
tumour/TCGA-SS-A7HO-01Z-00-DX1_4608_10752.jpg,TCGA-SS-A7HO,TCGA-SS-A7HO-01Z-00-DX1,1,0.98044544,1
tumour/TCGA-SS-A7HO-01Z-00-DX1_4608_11776.jpg,TCGA-SS-A7HO,TCGA-SS-A7HO-01Z-00-DX1,1,0.9994473,1
tumour/TCGA-SS-A7HO-01Z-00-DX1_4608_12288.jpg,TCGA-SS-A7HO,TCGA-SS-A7HO-01Z-00-DX1,1,0.99963236,1
tumour/TCGA-SS-A7HO-01Z-00-DX1_4608_13312.jpg,TCGA-SS-A7HO,TCGA-SS-A7HO-01Z-00-DX1,1,0.9996088,1
tumour/TCGA-SS-A7HO-01Z-00-DX1_4608_14336.jpg,TCGA-SS-A7HO,TCGA-SS-A7HO-01Z-00-DX1,1,0.99376535,1
tumour/TCGA-SS-A7HO-01Z-00-DX1_4608_14848.jpg,TCGA-SS-A7HO,TCGA-SS-A7HO-01Z-00-DX1,1,0.9983284,1
tumour/TCGA-SS-A7HO-01Z-00-DX1_4608_15872.jpg,TCGA-SS-A7HO,TCGA-SS-A7HO-01Z-00-DX1,1,0.9999938,1
tumour/TCGA-SS-A7HO-01Z-00-DX1_4608_16896.jpg,TCGA-SS-A7HO,TCGA-SS-A7HO-01Z-00-DX1,1,0.35846043,0
tumour/TCGA-SS-A7HO-01Z-00-DX1_4608_6656.jpg,TCGA-SS-A7HO,TCGA-SS-A7HO-01Z-00-DX1,1,0.9994091,1
tumour/TCGA-SS-A7HO-01Z-00-DX1_4608_8704.jpg,TCGA-SS-A7HO,TCGA-SS-A7HO-01Z-00-DX1,1,0.9995802,1
tumour/TCGA-SS-A7HO-01Z-00-DX1_4608_9216.jpg,TCGA-SS-A7HO,TCGA-SS-A7HO-01Z-00-DX1,1,0.9934789,1
tumour/TCGA-SS-A7HO-01Z-00-DX1_4608_9728.jpg,TCGA-SS-A7HO,TCGA-SS-A7HO-01Z-00-DX1,1,0.9970196,1
tumour/TCGA-SS-A7HO-01Z-00-DX1_46592_12800.jpg,TCGA-SS-A7HO,TCGA-SS-A7HO-01Z-00-DX1,1,0.99947435,1
tumour/TCGA-SS-A7HO-01Z-00-DX1_46592_13312.jpg,TCGA-SS-A7HO,TCGA-SS-A7HO-01Z-00-DX1,1,0.99981683,1
tumour/TCGA-SS-A7HO-01Z-00-DX1_46592_13824.jpg,TCGA-SS-A7HO,TCGA-SS-A7HO-01Z-00-DX1,1,0.9958865,1
tumour/TCGA-SS-A7HO-01Z-00-DX1_46592_14336.jpg,TCGA-SS-A7HO,TCGA-SS-A7HO-01Z-00-DX1,1,0.9991892,1
tumour/TCGA-SS-A7HO-01Z-00-DX1_46592_14848.jpg,TCGA-SS-A7HO,TCGA-SS-A7HO-01Z-00-DX1,1,0.9996972,1
tumour/TCGA-SS-A7HO-01Z-00-DX1_46592_15360.jpg,TCGA-SS-A7HO,TCGA-SS-A7HO-01Z-00-DX1,1,0.99942136,1
tumour/TCGA-SS-A7HO-01Z-00-DX1_46592_15872.jpg,TCGA-SS-A7HO,TCGA-SS-A7HO-01Z-00-DX1,1,0.99935275,1
tumour/TCGA-SS-A7HO-01Z-00-DX1_46592_16896.jpg,TCGA-SS-A7HO,TCGA-SS-A7HO-01Z-00-DX1,1,0.99294704,1
tumour/TCGA-SS-A7HO-01Z-00-DX1_46592_18944.jpg,TCGA-SS-A7HO,TCGA-SS-A7HO-01Z-00-DX1,1,0.99836,1
tumour/TCGA-SS-A7HO-01Z-00-DX1_46592_19456.jpg,TCGA-SS-A7HO,TCGA-SS-A7HO-01Z-00-DX1,1,0.99715626,1
tumour/TCGA-SS-A7HO-01Z-00-DX1_46592_19968.jpg,TCGA-SS-A7HO,TCGA-SS-A7HO-01Z-00-DX1,1,0.97952145,1
tumour/TCGA-SS-A7HO-01Z-00-DX1_46592_21504.jpg,TCGA-SS-A7HO,TCGA-SS-A7HO-01Z-00-DX1,1,0.99093294,1
tumour/TCGA-SS-A7HO-01Z-00-DX1_46592_23040.jpg,TCGA-SS-A7HO,TCGA-SS-A7HO-01Z-00-DX1,1,0.98980767,1
tumour/TCGA-SS-A7HO-01Z-00-DX1_46592_24576.jpg,TCGA-SS-A7HO,TCGA-SS-A7HO-01Z-00-DX1,1,0.9898072,1
tumour/TCGA-SS-A7HO-01Z-00-DX1_46592_4608.jpg,TCGA-SS-A7HO,TCGA-SS-A7HO-01Z-00-DX1,1,0.7370781,1
tumour/TCGA-SS-A7HO-01Z-00-DX1_46592_5120.jpg,TCGA-SS-A7HO,TCGA-SS-A7HO-01Z-00-DX1,1,0.525714,1
tumour/TCGA-SS-A7HO-01Z-00-DX1_46592_6144.jpg,TCGA-SS-A7HO,TCGA-SS-A7HO-01Z-00-DX1,1,0.9674388,1
tumour/TCGA-SS-A7HO-01Z-00-DX1_46592_6656.jpg,TCGA-SS-A7HO,TCGA-SS-A7HO-01Z-00-DX1,1,0.99909735,1
tumour/TCGA-SS-A7HO-01Z-00-DX1_46592_7680.jpg,TCGA-SS-A7HO,TCGA-SS-A7HO-01Z-00-DX1,1,0.9598691,1
tumour/TCGA-SS-A7HO-01Z-00-DX1_46592_8192.jpg,TCGA-SS-A7HO,TCGA-SS-A7HO-01Z-00-DX1,1,0.99918693,1
tumour/TCGA-SS-A7HO-01Z-00-DX1_46592_9728.jpg,TCGA-SS-A7HO,TCGA-SS-A7HO-01Z-00-DX1,1,0.99843854,1
tumour/TCGA-SS-A7HO-01Z-00-DX1_47104_11264.jpg,TCGA-SS-A7HO,TCGA-SS-A7HO-01Z-00-DX1,1,0.9973654,1
tumour/TCGA-SS-A7HO-01Z-00-DX1_47104_11776.jpg,TCGA-SS-A7HO,TCGA-SS-A7HO-01Z-00-DX1,1,0.9916366,1
tumour/TCGA-SS-A7HO-01Z-00-DX1_47104_12800.jpg,TCGA-SS-A7HO,TCGA-SS-A7HO-01Z-00-DX1,1,0.99899703,1
tumour/TCGA-SS-A7HO-01Z-00-DX1_47104_13824.jpg,TCGA-SS-A7HO,TCGA-SS-A7HO-01Z-00-DX1,1,0.99897265,1
tumour/TCGA-SS-A7HO-01Z-00-DX1_47104_14336.jpg,TCGA-SS-A7HO,TCGA-SS-A7HO-01Z-00-DX1,1,0.9997689,1
tumour/TCGA-SS-A7HO-01Z-00-DX1_47104_16384.jpg,TCGA-SS-A7HO,TCGA-SS-A7HO-01Z-00-DX1,1,0.9995689,1
tumour/TCGA-SS-A7HO-01Z-00-DX1_47104_18944.jpg,TCGA-SS-A7HO,TCGA-SS-A7HO-01Z-00-DX1,1,0.9988589,1
tumour/TCGA-SS-A7HO-01Z-00-DX1_47104_19456.jpg,TCGA-SS-A7HO,TCGA-SS-A7HO-01Z-00-DX1,1,0.53133255,1
tumour/TCGA-SS-A7HO-01Z-00-DX1_47104_19968.jpg,TCGA-SS-A7HO,TCGA-SS-A7HO-01Z-00-DX1,1,0.9272491,1
tumour/TCGA-SS-A7HO-01Z-00-DX1_47104_20480.jpg,TCGA-SS-A7HO,TCGA-SS-A7HO-01Z-00-DX1,1,0.98516995,1
tumour/TCGA-SS-A7HO-01Z-00-DX1_47104_20992.jpg,TCGA-SS-A7HO,TCGA-SS-A7HO-01Z-00-DX1,1,0.9972747,1
tumour/TCGA-SS-A7HO-01Z-00-DX1_47104_22016.jpg,TCGA-SS-A7HO,TCGA-SS-A7HO-01Z-00-DX1,1,0.9993192,1
tumour/TCGA-SS-A7HO-01Z-00-DX1_47104_22528.jpg,TCGA-SS-A7HO,TCGA-SS-A7HO-01Z-00-DX1,1,0.98099834,1
tumour/TCGA-SS-A7HO-01Z-00-DX1_47104_24064.jpg,TCGA-SS-A7HO,TCGA-SS-A7HO-01Z-00-DX1,1,0.9947726,1
tumour/TCGA-SS-A7HO-01Z-00-DX1_47104_4096.jpg,TCGA-SS-A7HO,TCGA-SS-A7HO-01Z-00-DX1,1,0.98693335,1
tumour/TCGA-SS-A7HO-01Z-00-DX1_47104_4608.jpg,TCGA-SS-A7HO,TCGA-SS-A7HO-01Z-00-DX1,1,0.710542,1
tumour/TCGA-SS-A7HO-01Z-00-DX1_47104_5120.jpg,TCGA-SS-A7HO,TCGA-SS-A7HO-01Z-00-DX1,1,0.9771368,1
tumour/TCGA-SS-A7HO-01Z-00-DX1_47104_6144.jpg,TCGA-SS-A7HO,TCGA-SS-A7HO-01Z-00-DX1,1,0.95641327,1
tumour/TCGA-SS-A7HO-01Z-00-DX1_47104_6656.jpg,TCGA-SS-A7HO,TCGA-SS-A7HO-01Z-00-DX1,1,0.9970734,1
tumour/TCGA-SS-A7HO-01Z-00-DX1_47104_7168.jpg,TCGA-SS-A7HO,TCGA-SS-A7HO-01Z-00-DX1,1,0.9638872,1
tumour/TCGA-SS-A7HO-01Z-00-DX1_47104_7680.jpg,TCGA-SS-A7HO,TCGA-SS-A7HO-01Z-00-DX1,1,0.9914112,1
tumour/TCGA-SS-A7HO-01Z-00-DX1_47104_9216.jpg,TCGA-SS-A7HO,TCGA-SS-A7HO-01Z-00-DX1,1,0.9995808,1
tumour/TCGA-SS-A7HO-01Z-00-DX1_47104_9728.jpg,TCGA-SS-A7HO,TCGA-SS-A7HO-01Z-00-DX1,1,0.9961714,1
tumour/TCGA-SS-A7HO-01Z-00-DX1_47616_10752.jpg,TCGA-SS-A7HO,TCGA-SS-A7HO-01Z-00-DX1,1,0.99939156,1
tumour/TCGA-SS-A7HO-01Z-00-DX1_47616_11264.jpg,TCGA-SS-A7HO,TCGA-SS-A7HO-01Z-00-DX1,1,0.994463,1
tumour/TCGA-SS-A7HO-01Z-00-DX1_47616_11776.jpg,TCGA-SS-A7HO,TCGA-SS-A7HO-01Z-00-DX1,1,0.9709076,1
tumour/TCGA-SS-A7HO-01Z-00-DX1_47616_13312.jpg,TCGA-SS-A7HO,TCGA-SS-A7HO-01Z-00-DX1,1,0.99754375,1
tumour/TCGA-SS-A7HO-01Z-00-DX1_47616_14336.jpg,TCGA-SS-A7HO,TCGA-SS-A7HO-01Z-00-DX1,1,0.9607298,1
tumour/TCGA-SS-A7HO-01Z-00-DX1_47616_19456.jpg,TCGA-SS-A7HO,TCGA-SS-A7HO-01Z-00-DX1,1,0.75576156,1
tumour/TCGA-SS-A7HO-01Z-00-DX1_47616_20480.jpg,TCGA-SS-A7HO,TCGA-SS-A7HO-01Z-00-DX1,1,0.812204,1
tumour/TCGA-SS-A7HO-01Z-00-DX1_47616_22016.jpg,TCGA-SS-A7HO,TCGA-SS-A7HO-01Z-00-DX1,1,0.99933666,1
tumour/TCGA-SS-A7HO-01Z-00-DX1_47616_22528.jpg,TCGA-SS-A7HO,TCGA-SS-A7HO-01Z-00-DX1,1,0.970809,1
tumour/TCGA-SS-A7HO-01Z-00-DX1_47616_23040.jpg,TCGA-SS-A7HO,TCGA-SS-A7HO-01Z-00-DX1,1,0.9999869,1
tumour/TCGA-SS-A7HO-01Z-00-DX1_47616_5120.jpg,TCGA-SS-A7HO,TCGA-SS-A7HO-01Z-00-DX1,1,0.86796165,1
tumour/TCGA-SS-A7HO-01Z-00-DX1_47616_5632.jpg,TCGA-SS-A7HO,TCGA-SS-A7HO-01Z-00-DX1,1,0.9998579,1
tumour/TCGA-SS-A7HO-01Z-00-DX1_47616_7168.jpg,TCGA-SS-A7HO,TCGA-SS-A7HO-01Z-00-DX1,1,0.99828905,1
tumour/TCGA-SS-A7HO-01Z-00-DX1_47616_7680.jpg,TCGA-SS-A7HO,TCGA-SS-A7HO-01Z-00-DX1,1,0.9872687,1
tumour/TCGA-SS-A7HO-01Z-00-DX1_47616_8192.jpg,TCGA-SS-A7HO,TCGA-SS-A7HO-01Z-00-DX1,1,0.9999422,1
tumour/TCGA-SS-A7HO-01Z-00-DX1_47616_9728.jpg,TCGA-SS-A7HO,TCGA-SS-A7HO-01Z-00-DX1,1,0.9983058,1
tumour/TCGA-SS-A7HO-01Z-00-DX1_48128_11776.jpg,TCGA-SS-A7HO,TCGA-SS-A7HO-01Z-00-DX1,1,0.46519554,0
tumour/TCGA-SS-A7HO-01Z-00-DX1_48128_13824.jpg,TCGA-SS-A7HO,TCGA-SS-A7HO-01Z-00-DX1,1,0.9926623,1
tumour/TCGA-SS-A7HO-01Z-00-DX1_48128_14336.jpg,TCGA-SS-A7HO,TCGA-SS-A7HO-01Z-00-DX1,1,0.9920391,1
tumour/TCGA-SS-A7HO-01Z-00-DX1_48128_6144.jpg,TCGA-SS-A7HO,TCGA-SS-A7HO-01Z-00-DX1,1,0.99982625,1
tumour/TCGA-SS-A7HO-01Z-00-DX1_48128_7168.jpg,TCGA-SS-A7HO,TCGA-SS-A7HO-01Z-00-DX1,1,0.9969934,1
tumour/TCGA-SS-A7HO-01Z-00-DX1_48128_8704.jpg,TCGA-SS-A7HO,TCGA-SS-A7HO-01Z-00-DX1,1,0.9975413,1
tumour/TCGA-SS-A7HO-01Z-00-DX1_48640_10240.jpg,TCGA-SS-A7HO,TCGA-SS-A7HO-01Z-00-DX1,1,0.99696666,1
tumour/TCGA-SS-A7HO-01Z-00-DX1_48640_11264.jpg,TCGA-SS-A7HO,TCGA-SS-A7HO-01Z-00-DX1,1,0.57160217,1
tumour/TCGA-SS-A7HO-01Z-00-DX1_48640_13312.jpg,TCGA-SS-A7HO,TCGA-SS-A7HO-01Z-00-DX1,1,0.9999552,1
tumour/TCGA-SS-A7HO-01Z-00-DX1_48640_13824.jpg,TCGA-SS-A7HO,TCGA-SS-A7HO-01Z-00-DX1,1,0.99872833,1
tumour/TCGA-SS-A7HO-01Z-00-DX1_48640_9728.jpg,TCGA-SS-A7HO,TCGA-SS-A7HO-01Z-00-DX1,1,0.9988387,1
tumour/TCGA-SS-A7HO-01Z-00-DX1_49152_10240.jpg,TCGA-SS-A7HO,TCGA-SS-A7HO-01Z-00-DX1,1,0.96755755,1
tumour/TCGA-SS-A7HO-01Z-00-DX1_49152_10752.jpg,TCGA-SS-A7HO,TCGA-SS-A7HO-01Z-00-DX1,1,0.9518949,1
tumour/TCGA-SS-A7HO-01Z-00-DX1_49152_11776.jpg,TCGA-SS-A7HO,TCGA-SS-A7HO-01Z-00-DX1,1,0.99967825,1
tumour/TCGA-SS-A7HO-01Z-00-DX1_49152_12288.jpg,TCGA-SS-A7HO,TCGA-SS-A7HO-01Z-00-DX1,1,0.9997079,1
tumour/TCGA-SS-A7HO-01Z-00-DX1_49152_12800.jpg,TCGA-SS-A7HO,TCGA-SS-A7HO-01Z-00-DX1,1,0.99500173,1
tumour/TCGA-SS-A7HO-01Z-00-DX1_49152_13312.jpg,TCGA-SS-A7HO,TCGA-SS-A7HO-01Z-00-DX1,1,0.70377666,1
tumour/TCGA-SS-A7HO-01Z-00-DX1_49152_13824.jpg,TCGA-SS-A7HO,TCGA-SS-A7HO-01Z-00-DX1,1,0.9996941,1
tumour/TCGA-SS-A7HO-01Z-00-DX1_49664_10240.jpg,TCGA-SS-A7HO,TCGA-SS-A7HO-01Z-00-DX1,1,0.9998871,1
tumour/TCGA-SS-A7HO-01Z-00-DX1_49664_10752.jpg,TCGA-SS-A7HO,TCGA-SS-A7HO-01Z-00-DX1,1,0.982803,1
tumour/TCGA-SS-A7HO-01Z-00-DX1_49664_11776.jpg,TCGA-SS-A7HO,TCGA-SS-A7HO-01Z-00-DX1,1,0.9842978,1
tumour/TCGA-SS-A7HO-01Z-00-DX1_49664_12800.jpg,TCGA-SS-A7HO,TCGA-SS-A7HO-01Z-00-DX1,1,0.9886749,1
tumour/TCGA-SS-A7HO-01Z-00-DX1_49664_13312.jpg,TCGA-SS-A7HO,TCGA-SS-A7HO-01Z-00-DX1,1,0.9983309,1
tumour/TCGA-SS-A7HO-01Z-00-DX1_49664_9728.jpg,TCGA-SS-A7HO,TCGA-SS-A7HO-01Z-00-DX1,1,0.9988078,1
tumour/TCGA-SS-A7HO-01Z-00-DX1_50176_10752.jpg,TCGA-SS-A7HO,TCGA-SS-A7HO-01Z-00-DX1,1,0.89790046,1
tumour/TCGA-SS-A7HO-01Z-00-DX1_50176_11776.jpg,TCGA-SS-A7HO,TCGA-SS-A7HO-01Z-00-DX1,1,0.9188902,1
tumour/TCGA-SS-A7HO-01Z-00-DX1_50176_12288.jpg,TCGA-SS-A7HO,TCGA-SS-A7HO-01Z-00-DX1,1,0.99695754,1
tumour/TCGA-SS-A7HO-01Z-00-DX1_5120_10240.jpg,TCGA-SS-A7HO,TCGA-SS-A7HO-01Z-00-DX1,1,0.9985544,1
tumour/TCGA-SS-A7HO-01Z-00-DX1_5120_14336.jpg,TCGA-SS-A7HO,TCGA-SS-A7HO-01Z-00-DX1,1,0.9999262,1
tumour/TCGA-SS-A7HO-01Z-00-DX1_5120_15872.jpg,TCGA-SS-A7HO,TCGA-SS-A7HO-01Z-00-DX1,1,0.99987507,1
tumour/TCGA-SS-A7HO-01Z-00-DX1_5120_16896.jpg,TCGA-SS-A7HO,TCGA-SS-A7HO-01Z-00-DX1,1,0.9986507,1
tumour/TCGA-SS-A7HO-01Z-00-DX1_5120_17408.jpg,TCGA-SS-A7HO,TCGA-SS-A7HO-01Z-00-DX1,1,0.99988186,1
tumour/TCGA-SS-A7HO-01Z-00-DX1_5120_6656.jpg,TCGA-SS-A7HO,TCGA-SS-A7HO-01Z-00-DX1,1,0.9972683,1
tumour/TCGA-SS-A7HO-01Z-00-DX1_5120_8704.jpg,TCGA-SS-A7HO,TCGA-SS-A7HO-01Z-00-DX1,1,0.9990527,1
tumour/TCGA-SS-A7HO-01Z-00-DX1_5120_9216.jpg,TCGA-SS-A7HO,TCGA-SS-A7HO-01Z-00-DX1,1,0.99892837,1
tumour/TCGA-SS-A7HO-01Z-00-DX1_5120_9728.jpg,TCGA-SS-A7HO,TCGA-SS-A7HO-01Z-00-DX1,1,0.99881953,1
tumour/TCGA-SS-A7HO-01Z-00-DX1_5632_11776.jpg,TCGA-SS-A7HO,TCGA-SS-A7HO-01Z-00-DX1,1,0.9965649,1
tumour/TCGA-SS-A7HO-01Z-00-DX1_5632_12288.jpg,TCGA-SS-A7HO,TCGA-SS-A7HO-01Z-00-DX1,1,0.9957455,1
tumour/TCGA-SS-A7HO-01Z-00-DX1_5632_12800.jpg,TCGA-SS-A7HO,TCGA-SS-A7HO-01Z-00-DX1,1,0.99995315,1
tumour/TCGA-SS-A7HO-01Z-00-DX1_5632_13312.jpg,TCGA-SS-A7HO,TCGA-SS-A7HO-01Z-00-DX1,1,0.99520206,1
tumour/TCGA-SS-A7HO-01Z-00-DX1_5632_14848.jpg,TCGA-SS-A7HO,TCGA-SS-A7HO-01Z-00-DX1,1,0.99996746,1
tumour/TCGA-SS-A7HO-01Z-00-DX1_5632_15360.jpg,TCGA-SS-A7HO,TCGA-SS-A7HO-01Z-00-DX1,1,0.9996426,1
tumour/TCGA-SS-A7HO-01Z-00-DX1_5632_16896.jpg,TCGA-SS-A7HO,TCGA-SS-A7HO-01Z-00-DX1,1,0.9982362,1
tumour/TCGA-SS-A7HO-01Z-00-DX1_5632_17920.jpg,TCGA-SS-A7HO,TCGA-SS-A7HO-01Z-00-DX1,1,0.99994874,1
tumour/TCGA-SS-A7HO-01Z-00-DX1_5632_7168.jpg,TCGA-SS-A7HO,TCGA-SS-A7HO-01Z-00-DX1,1,0.9999727,1
tumour/TCGA-SS-A7HO-01Z-00-DX1_5632_8192.jpg,TCGA-SS-A7HO,TCGA-SS-A7HO-01Z-00-DX1,1,0.9940367,1
tumour/TCGA-SS-A7HO-01Z-00-DX1_5632_9216.jpg,TCGA-SS-A7HO,TCGA-SS-A7HO-01Z-00-DX1,1,0.999946,1
tumour/TCGA-SS-A7HO-01Z-00-DX1_5632_9728.jpg,TCGA-SS-A7HO,TCGA-SS-A7HO-01Z-00-DX1,1,0.9997757,1
tumour/TCGA-SS-A7HO-01Z-00-DX1_6144_11264.jpg,TCGA-SS-A7HO,TCGA-SS-A7HO-01Z-00-DX1,1,0.99853575,1
tumour/TCGA-SS-A7HO-01Z-00-DX1_6144_11776.jpg,TCGA-SS-A7HO,TCGA-SS-A7HO-01Z-00-DX1,1,0.9981785,1
tumour/TCGA-SS-A7HO-01Z-00-DX1_6144_12288.jpg,TCGA-SS-A7HO,TCGA-SS-A7HO-01Z-00-DX1,1,0.9992899,1
tumour/TCGA-SS-A7HO-01Z-00-DX1_6144_12800.jpg,TCGA-SS-A7HO,TCGA-SS-A7HO-01Z-00-DX1,1,0.9686184,1
tumour/TCGA-SS-A7HO-01Z-00-DX1_6144_14848.jpg,TCGA-SS-A7HO,TCGA-SS-A7HO-01Z-00-DX1,1,0.99619055,1
tumour/TCGA-SS-A7HO-01Z-00-DX1_6144_15360.jpg,TCGA-SS-A7HO,TCGA-SS-A7HO-01Z-00-DX1,1,0.9891917,1
tumour/TCGA-SS-A7HO-01Z-00-DX1_6144_16896.jpg,TCGA-SS-A7HO,TCGA-SS-A7HO-01Z-00-DX1,1,0.9999833,1
tumour/TCGA-SS-A7HO-01Z-00-DX1_6144_18432.jpg,TCGA-SS-A7HO,TCGA-SS-A7HO-01Z-00-DX1,1,0.6511193,1
tumour/TCGA-SS-A7HO-01Z-00-DX1_6144_8192.jpg,TCGA-SS-A7HO,TCGA-SS-A7HO-01Z-00-DX1,1,0.99993765,1
tumour/TCGA-SS-A7HO-01Z-00-DX1_6656_11776.jpg,TCGA-SS-A7HO,TCGA-SS-A7HO-01Z-00-DX1,1,0.92539454,1
tumour/TCGA-SS-A7HO-01Z-00-DX1_6656_14336.jpg,TCGA-SS-A7HO,TCGA-SS-A7HO-01Z-00-DX1,1,0.8079009,1
tumour/TCGA-SS-A7HO-01Z-00-DX1_6656_14848.jpg,TCGA-SS-A7HO,TCGA-SS-A7HO-01Z-00-DX1,1,0.99793744,1
tumour/TCGA-SS-A7HO-01Z-00-DX1_6656_15872.jpg,TCGA-SS-A7HO,TCGA-SS-A7HO-01Z-00-DX1,1,0.9998242,1
tumour/TCGA-SS-A7HO-01Z-00-DX1_6656_17920.jpg,TCGA-SS-A7HO,TCGA-SS-A7HO-01Z-00-DX1,1,0.98207927,1
tumour/TCGA-SS-A7HO-01Z-00-DX1_6656_18432.jpg,TCGA-SS-A7HO,TCGA-SS-A7HO-01Z-00-DX1,1,0.9981571,1
tumour/TCGA-SS-A7HO-01Z-00-DX1_6656_8192.jpg,TCGA-SS-A7HO,TCGA-SS-A7HO-01Z-00-DX1,1,0.9999949,1
tumour/TCGA-SS-A7HO-01Z-00-DX1_7168_10240.jpg,TCGA-SS-A7HO,TCGA-SS-A7HO-01Z-00-DX1,1,0.9856991,1
tumour/TCGA-SS-A7HO-01Z-00-DX1_7168_10752.jpg,TCGA-SS-A7HO,TCGA-SS-A7HO-01Z-00-DX1,1,0.9213909,1
tumour/TCGA-SS-A7HO-01Z-00-DX1_7168_11264.jpg,TCGA-SS-A7HO,TCGA-SS-A7HO-01Z-00-DX1,1,0.9832932,1
tumour/TCGA-SS-A7HO-01Z-00-DX1_7168_12288.jpg,TCGA-SS-A7HO,TCGA-SS-A7HO-01Z-00-DX1,1,0.99995744,1
tumour/TCGA-SS-A7HO-01Z-00-DX1_7168_12800.jpg,TCGA-SS-A7HO,TCGA-SS-A7HO-01Z-00-DX1,1,0.99992883,1
tumour/TCGA-SS-A7HO-01Z-00-DX1_7168_13312.jpg,TCGA-SS-A7HO,TCGA-SS-A7HO-01Z-00-DX1,1,0.99992085,1
tumour/TCGA-SS-A7HO-01Z-00-DX1_7168_16896.jpg,TCGA-SS-A7HO,TCGA-SS-A7HO-01Z-00-DX1,1,0.9247054,1
tumour/TCGA-SS-A7HO-01Z-00-DX1_7168_18432.jpg,TCGA-SS-A7HO,TCGA-SS-A7HO-01Z-00-DX1,1,0.99959904,1
tumour/TCGA-SS-A7HO-01Z-00-DX1_7168_8192.jpg,TCGA-SS-A7HO,TCGA-SS-A7HO-01Z-00-DX1,1,0.9999796,1
tumour/TCGA-SS-A7HO-01Z-00-DX1_7168_9728.jpg,TCGA-SS-A7HO,TCGA-SS-A7HO-01Z-00-DX1,1,0.9989184,1
tumour/TCGA-SS-A7HO-01Z-00-DX1_7680_10752.jpg,TCGA-SS-A7HO,TCGA-SS-A7HO-01Z-00-DX1,1,0.99991715,1
tumour/TCGA-SS-A7HO-01Z-00-DX1_7680_11264.jpg,TCGA-SS-A7HO,TCGA-SS-A7HO-01Z-00-DX1,1,0.9999614,1
tumour/TCGA-SS-A7HO-01Z-00-DX1_7680_11776.jpg,TCGA-SS-A7HO,TCGA-SS-A7HO-01Z-00-DX1,1,0.985644,1
tumour/TCGA-SS-A7HO-01Z-00-DX1_7680_14336.jpg,TCGA-SS-A7HO,TCGA-SS-A7HO-01Z-00-DX1,1,0.9976839,1
tumour/TCGA-SS-A7HO-01Z-00-DX1_7680_16896.jpg,TCGA-SS-A7HO,TCGA-SS-A7HO-01Z-00-DX1,1,0.99958843,1
tumour/TCGA-SS-A7HO-01Z-00-DX1_7680_17408.jpg,TCGA-SS-A7HO,TCGA-SS-A7HO-01Z-00-DX1,1,0.9999068,1
tumour/TCGA-SS-A7HO-01Z-00-DX1_7680_9728.jpg,TCGA-SS-A7HO,TCGA-SS-A7HO-01Z-00-DX1,1,0.99924964,1
tumour/TCGA-SS-A7HO-01Z-00-DX1_8192_10752.jpg,TCGA-SS-A7HO,TCGA-SS-A7HO-01Z-00-DX1,1,0.9992131,1
tumour/TCGA-SS-A7HO-01Z-00-DX1_8192_12800.jpg,TCGA-SS-A7HO,TCGA-SS-A7HO-01Z-00-DX1,1,0.9993818,1
tumour/TCGA-SS-A7HO-01Z-00-DX1_8192_13312.jpg,TCGA-SS-A7HO,TCGA-SS-A7HO-01Z-00-DX1,1,0.999271,1
tumour/TCGA-SS-A7HO-01Z-00-DX1_8192_13824.jpg,TCGA-SS-A7HO,TCGA-SS-A7HO-01Z-00-DX1,1,0.9999641,1
tumour/TCGA-SS-A7HO-01Z-00-DX1_8192_14848.jpg,TCGA-SS-A7HO,TCGA-SS-A7HO-01Z-00-DX1,1,0.9997931,1
tumour/TCGA-SS-A7HO-01Z-00-DX1_8192_15360.jpg,TCGA-SS-A7HO,TCGA-SS-A7HO-01Z-00-DX1,1,0.89085126,1
tumour/TCGA-SS-A7HO-01Z-00-DX1_8192_16384.jpg,TCGA-SS-A7HO,TCGA-SS-A7HO-01Z-00-DX1,1,0.9888021,1
tumour/TCGA-SS-A7HO-01Z-00-DX1_8192_16896.jpg,TCGA-SS-A7HO,TCGA-SS-A7HO-01Z-00-DX1,1,0.99899095,1
tumour/TCGA-SS-A7HO-01Z-00-DX1_8192_17408.jpg,TCGA-SS-A7HO,TCGA-SS-A7HO-01Z-00-DX1,1,0.99995804,1
tumour/TCGA-SS-A7HO-01Z-00-DX1_8192_17920.jpg,TCGA-SS-A7HO,TCGA-SS-A7HO-01Z-00-DX1,1,0.9999962,1
tumour/TCGA-SS-A7HO-01Z-00-DX1_8192_9728.jpg,TCGA-SS-A7HO,TCGA-SS-A7HO-01Z-00-DX1,1,0.99967563,1
tumour/TCGA-SS-A7HO-01Z-00-DX1_8704_10240.jpg,TCGA-SS-A7HO,TCGA-SS-A7HO-01Z-00-DX1,1,0.99873465,1
tumour/TCGA-SS-A7HO-01Z-00-DX1_8704_11264.jpg,TCGA-SS-A7HO,TCGA-SS-A7HO-01Z-00-DX1,1,0.9935347,1
tumour/TCGA-SS-A7HO-01Z-00-DX1_8704_12288.jpg,TCGA-SS-A7HO,TCGA-SS-A7HO-01Z-00-DX1,1,0.97937816,1
tumour/TCGA-SS-A7HO-01Z-00-DX1_8704_15872.jpg,TCGA-SS-A7HO,TCGA-SS-A7HO-01Z-00-DX1,1,0.99924785,1
tumour/TCGA-SS-A7HO-01Z-00-DX1_8704_16384.jpg,TCGA-SS-A7HO,TCGA-SS-A7HO-01Z-00-DX1,1,0.99960285,1
tumour/TCGA-SS-A7HO-01Z-00-DX1_8704_9728.jpg,TCGA-SS-A7HO,TCGA-SS-A7HO-01Z-00-DX1,1,0.98920316,1
tumour/TCGA-SS-A7HO-01Z-00-DX1_9216_11264.jpg,TCGA-SS-A7HO,TCGA-SS-A7HO-01Z-00-DX1,1,0.99986494,1
tumour/TCGA-SS-A7HO-01Z-00-DX1_9216_11776.jpg,TCGA-SS-A7HO,TCGA-SS-A7HO-01Z-00-DX1,1,0.99993587,1
tumour/TCGA-SS-A7HO-01Z-00-DX1_9216_12800.jpg,TCGA-SS-A7HO,TCGA-SS-A7HO-01Z-00-DX1,1,0.9999386,1
tumour/TCGA-SS-A7HO-01Z-00-DX1_9216_13312.jpg,TCGA-SS-A7HO,TCGA-SS-A7HO-01Z-00-DX1,1,0.99982184,1
tumour/TCGA-SS-A7HO-01Z-00-DX1_9216_13824.jpg,TCGA-SS-A7HO,TCGA-SS-A7HO-01Z-00-DX1,1,0.99938333,1
tumour/TCGA-SS-A7HO-01Z-00-DX1_9216_14336.jpg,TCGA-SS-A7HO,TCGA-SS-A7HO-01Z-00-DX1,1,0.99979216,1
tumour/TCGA-SS-A7HO-01Z-00-DX1_9216_15872.jpg,TCGA-SS-A7HO,TCGA-SS-A7HO-01Z-00-DX1,1,0.9781859,1
tumour/TCGA-SS-A7HO-01Z-00-DX1_9216_16384.jpg,TCGA-SS-A7HO,TCGA-SS-A7HO-01Z-00-DX1,1,0.99993813,1
tumour/TCGA-SS-A7HO-01Z-00-DX1_9216_16896.jpg,TCGA-SS-A7HO,TCGA-SS-A7HO-01Z-00-DX1,1,0.99994195,1
tumour/TCGA-SS-A7HO-01Z-00-DX1_9728_10752.jpg,TCGA-SS-A7HO,TCGA-SS-A7HO-01Z-00-DX1,1,0.9959884,1
tumour/TCGA-SS-A7HO-01Z-00-DX1_9728_12800.jpg,TCGA-SS-A7HO,TCGA-SS-A7HO-01Z-00-DX1,1,0.9999075,1
tumour/TCGA-SS-A7HO-01Z-00-DX1_9728_13312.jpg,TCGA-SS-A7HO,TCGA-SS-A7HO-01Z-00-DX1,1,0.9996426,1
tumour/TCGA-SS-A7HO-01Z-00-DX1_9728_13824.jpg,TCGA-SS-A7HO,TCGA-SS-A7HO-01Z-00-DX1,1,0.9926967,1
tumour/TCGA-SS-A7HO-01Z-00-DX1_9728_14336.jpg,TCGA-SS-A7HO,TCGA-SS-A7HO-01Z-00-DX1,1,0.9998808,1
tumour/TCGA-SS-A7HO-01Z-00-DX1_9728_14848.jpg,TCGA-SS-A7HO,TCGA-SS-A7HO-01Z-00-DX1,1,0.99597,1
tumour/TCGA-SS-A7HO-01Z-00-DX1_9728_15360.jpg,TCGA-SS-A7HO,TCGA-SS-A7HO-01Z-00-DX1,1,0.99990034,1
tumour/TCGA-SS-A7HO-01Z-00-DX1_9728_16384.jpg,TCGA-SS-A7HO,TCGA-SS-A7HO-01Z-00-DX1,1,0.996599,1
tumour/TCGA-SS-A7HO-01Z-00-DX1_9728_22016.jpg,TCGA-SS-A7HO,TCGA-SS-A7HO-01Z-00-DX1,1,0.99705976,1
tumour/TCGA-SS-A7HO-01Z-00-DX1_9728_22528.jpg,TCGA-SS-A7HO,TCGA-SS-A7HO-01Z-00-DX1,1,0.99980384,1
tumour/TCGA-SS-A7HO-01Z-00-DX1_9728_23040.jpg,TCGA-SS-A7HO,TCGA-SS-A7HO-01Z-00-DX1,1,0.99895656,1
