relative_path,case_id,slide_id,label,probability,prediction
non-tumour/TCGA-4N-A93T-01Z-00-DX2_44032_34304.jpg,TCGA-4N-A93T,TCGA-4N-A93T-01Z-00-DX2,0,0.072821304,0
non-tumour/TCGA-4N-A93T-01Z-00-DX2_44544_32768.jpg,TCGA-4N-A93T,TCGA-4N-A93T-01Z-00-DX2,0,0.08342852,0
non-tumour/TCGA-4N-A93T-01Z-00-DX2_45056_33280.jpg,TCGA-4N-A93T,TCGA-4N-A93T-01Z-00-DX2,0,0.029752107,0
non-tumour/TCGA-4N-A93T-01Z-00-DX2_45056_33792.jpg,TCGA-4N-A93T,TCGA-4N-A93T-01Z-00-DX2,0,0.20422271,0
non-tumour/TCGA-4N-A93T-01Z-00-DX2_46080_33792.jpg,TCGA-4N-A93T,TCGA-4N-A93T-01Z-00-DX2,0,0.1445597,0
non-tumour/TCGA-4N-A93T-01Z-00-DX2_46080_34304.jpg,TCGA-4N-A93T,TCGA-4N-A93T-01Z-00-DX2,0,0.009901485,0
non-tumour/TCGA-4N-A93T-01Z-00-DX2_46080_34816.jpg,TCGA-4N-A93T,TCGA-4N-A93T-01Z-00-DX2,0,0.016458424,0
non-tumour/TCGA-4N-A93T-01Z-00-DX2_5120_30720.jpg,TCGA-4N-A93T,TCGA-4N-A93T-01Z-00-DX2,0,0.2129676,0
non-tumour/TCGA-4N-A93T-01Z-00-DX2_5632_29696.jpg,TCGA-4N-A93T,TCGA-4N-A93T-01Z-00-DX2,0,0.006334256,0
non-tumour/TCGA-4N-A93T-01Z-00-DX2_5632_30208.jpg,TCGA-4N-A93T,TCGA-4N-A93T-01Z-00-DX2,0,0.0052974303,0
non-tumour/TCGA-4N-A93T-01Z-00-DX2_6144_29184.jpg,TCGA-4N-A93T,TCGA-4N-A93T-01Z-00-DX2,0,0.002368651,0
non-tumour/TCGA-4N-A93T-01Z-00-DX2_6144_29696.jpg,TCGA-4N-A93T,TCGA-4N-A93T-01Z-00-DX2,0,0.0044433773,0
non-tumour/TCGA-4N-A93T-01Z-00-DX2_6144_30208.jpg,TCGA-4N-A93T,TCGA-4N-A93T-01Z-00-DX2,0,0.013810339,0
non-tumour/TCGA-4N-A93T-01Z-00-DX2_6144_30720.jpg,TCGA-4N-A93T,TCGA-4N-A93T-01Z-00-DX2,0,0.009241788,0
non-tumour/TCGA-4N-A93T-01Z-00-DX2_6144_31232.jpg,TCGA-4N-A93T,TCGA-4N-A93T-01Z-00-DX2,0,0.0045079817,0
non-tumour/TCGA-4N-A93T-01Z-00-DX2_6144_31744.jpg,TCGA-4N-A93T,TCGA-4N-A93T-01Z-00-DX2,0,0.040341213,0
non-tumour/TCGA-4N-A93T-01Z-00-DX2_6656_27648.jpg,TCGA-4N-A93T,TCGA-4N-A93T-01Z-00-DX2,0,0.04054809,0
non-tumour/TCGA-4N-A93T-01Z-00-DX2_6656_28160.jpg,TCGA-4N-A93T,TCGA-4N-A93T-01Z-00-DX2,0,0.005171491,0
non-tumour/TCGA-4N-A93T-01Z-00-DX2_6656_29184.jpg,TCGA-4N-A93T,TCGA-4N-A93T-01Z-00-DX2,0,0.012661749,0
non-tumour/TCGA-4N-A93T-01Z-00-DX2_6656_30720.jpg,TCGA-4N-A93T,TCGA-4N-A93T-01Z-00-DX2,0,0.0016590275,0
non-tumour/TCGA-4N-A93T-01Z-00-DX2_6656_31232.jpg,TCGA-4N-A93T,TCGA-4N-A93T-01Z-00-DX2,0,0.030416736,0
non-tumour/TCGA-4N-A93T-01Z-00-DX2_7168_27648.jpg,TCGA-4N-A93T,TCGA-4N-A93T-01Z-00-DX2,0,0.0132839335,0
non-tumour/TCGA-4N-A93T-01Z-00-DX2_7168_29184.jpg,TCGA-4N-A93T,TCGA-4N-A93T-01Z-00-DX2,0,0.0076711653,0
non-tumour/TCGA-4N-A93T-01Z-00-DX2_7680_26112.jpg,TCGA-4N-A93T,TCGA-4N-A93T-01Z-00-DX2,0,0.024284711,0
non-tumour/TCGA-4N-A93T-01Z-00-DX2_7680_26624.jpg,TCGA-4N-A93T,TCGA-4N-A93T-01Z-00-DX2,0,0.001261363,0
non-tumour/TCGA-4N-A93T-01Z-00-DX2_7680_28160.jpg,TCGA-4N-A93T,TCGA-4N-A93T-01Z-00-DX2,0,0.040216807,0
non-tumour/TCGA-4N-A93T-01Z-00-DX2_7680_29184.jpg,TCGA-4N-A93T,TCGA-4N-A93T-01Z-00-DX2,0,0.01185708,0
non-tumour/TCGA-4N-A93T-01Z-00-DX2_8192_26624.jpg,TCGA-4N-A93T,TCGA-4N-A93T-01Z-00-DX2,0,0.058342837,0
non-tumour/TCGA-4N-A93T-01Z-00-DX2_8192_27136.jpg,TCGA-4N-A93T,TCGA-4N-A93T-01Z-00-DX2,0,0.007416804,0
non-tumour/TCGA-4N-A93T-01Z-00-DX2_8192_27648.jpg,TCGA-4N-A93T,TCGA-4N-A93T-01Z-00-DX2,0,0.046555877,0
non-tumour/TCGA-4N-A93T-01Z-00-DX2_8192_28672.jpg,TCGA-4N-A93T,TCGA-4N-A93T-01Z-00-DX2,0,0.039595634,0
non-tumour/TCGA-4N-A93T-01Z-00-DX2_8704_26624.jpg,TCGA-4N-A93T,TCGA-4N-A93T-01Z-00-DX2,0,0.1999459,0
non-tumour/TCGA-4N-A93T-01Z-00-DX2_8704_27136.jpg,TCGA-4N-A93T,TCGA-4N-A93T-01Z-00-DX2,0,0.013677766,0
non-tumour/TCGA-4N-A93T-01Z-00-DX2_8704_27648.jpg,TCGA-4N-A93T,TCGA-4N-A93T-01Z-00-DX2,0,0.412229,0
non-tumour/TCGA-4N-A93T-01Z-00-DX2_8704_28160.jpg,TCGA-4N-A93T,TCGA-4N-A93T-01Z-00-DX2,0,0.3898779,0
non-tumour/TCGA-5M-AAT6-01Z-00-DX1_39936_27136.jpg,TCGA-5M-AAT6,TCGA-5M-AAT6-01Z-00-DX1,0,0.002567521,0
non-tumour/TCGA-5M-AAT6-01Z-00-DX1_40448_27136.jpg,TCGA-5M-AAT6,TCGA-5M-AAT6-01Z-00-DX1,0,0.0013367821,0
non-tumour/TCGA-5M-AAT6-01Z-00-DX1_40448_28672.jpg,TCGA-5M-AAT6,TCGA-5M-AAT6-01Z-00-DX1,0,9.072484e-05,0
non-tumour/TCGA-5M-AAT6-01Z-00-DX1_40960_27136.jpg,TCGA-5M-AAT6,TCGA-5M-AAT6-01Z-00-DX1,0,0.0010042967,0
non-tumour/TCGA-5M-AAT6-01Z-00-DX1_40960_27648.jpg,TCGA-5M-AAT6,TCGA-5M-AAT6-01Z-00-DX1,0,0.000664655,0
non-tumour/TCGA-5M-AAT6-01Z-00-DX1_40960_28160.jpg,TCGA-5M-AAT6,TCGA-5M-AAT6-01Z-00-DX1,0,4.2416195e-05,0
non-tumour/TCGA-5M-AAT6-01Z-00-DX1_41472_24576.jpg,TCGA-5M-AAT6,TCGA-5M-AAT6-01Z-00-DX1,0,0.005139928,0
non-tumour/TCGA-5M-AAT6-01Z-00-DX1_41472_26112.jpg,TCGA-5M-AAT6,TCGA-5M-AAT6-01Z-00-DX1,0,0.055806126,0
non-tumour/TCGA-5M-AAT6-01Z-00-DX1_41472_26624.jpg,TCGA-5M-AAT6,TCGA-5M-AAT6-01Z-00-DX1,0,0.0016314845,0
non-tumour/TCGA-5M-AAT6-01Z-00-DX1_41472_28160.jpg,TCGA-5M-AAT6,TCGA-5M-AAT6-01Z-00-DX1,0,5.5482626e-05,0
non-tumour/TCGA-5M-AAT6-01Z-00-DX1_41984_28160.jpg,TCGA-5M-AAT6,TCGA-5M-AAT6-01Z-00-DX1,0,0.00023411239,0
non-tumour/TCGA-5M-AAT6-01Z-00-DX1_42496_26112.jpg,TCGA-5M-AAT6,TCGA-5M-AAT6-01Z-00-DX1,0,0.20585938,0
non-tumour/TCGA-5M-AAT6-01Z-00-DX1_42496_28160.jpg,TCGA-5M-AAT6,TCGA-5M-AAT6-01Z-00-DX1,0,0.0009298172,0
non-tumour/TCGA-5M-AAT6-01Z-00-DX1_43008_28160.jpg,TCGA-5M-AAT6,TCGA-5M-AAT6-01Z-00-DX1,0,0.0004035414,0
non-tumour/TCGA-5M-AAT6-01Z-00-DX1_43520_26624.jpg,TCGA-5M-AAT6,TCGA-5M-AAT6-01Z-00-DX1,0,0.0053903544,0
non-tumour/TCGA-5M-AAT6-01Z-00-DX1_44032_26624.jpg,TCGA-5M-AAT6,TCGA-5M-AAT6-01Z-00-DX1,0,0.00023703992,0
non-tumour/TCGA-5M-AAT6-01Z-00-DX1_44032_27648.jpg,TCGA-5M-AAT6,TCGA-5M-AAT6-01Z-00-DX1,0,0.002915452,0
non-tumour/TCGA-5M-AAT6-01Z-00-DX1_44032_28160.jpg,TCGA-5M-AAT6,TCGA-5M-AAT6-01Z-00-DX1,0,0.00022705895,0
non-tumour/TCGA-5M-AAT6-01Z-00-DX1_44544_27136.jpg,TCGA-5M-AAT6,TCGA-5M-AAT6-01Z-00-DX1,0,0.00109293,0
non-tumour/TCGA-5M-AAT6-01Z-00-DX1_44544_27648.jpg,TCGA-5M-AAT6,TCGA-5M-AAT6-01Z-00-DX1,0,0.005597678,0
non-tumour/TCGA-5M-AAT6-01Z-00-DX1_44544_28160.jpg,TCGA-5M-AAT6,TCGA-5M-AAT6-01Z-00-DX1,0,0.0018248309,0
non-tumour/TCGA-5M-AAT6-01Z-00-DX1_45056_26624.jpg,TCGA-5M-AAT6,TCGA-5M-AAT6-01Z-00-DX1,0,0.0023475809,0
non-tumour/TCGA-5M-AAT6-01Z-00-DX1_45056_27136.jpg,TCGA-5M-AAT6,TCGA-5M-AAT6-01Z-00-DX1,0,0.00067984127,0
non-tumour/TCGA-5M-AAT6-01Z-00-DX1_45056_27648.jpg,TCGA-5M-AAT6,TCGA-5M-AAT6-01Z-00-DX1,0,0.5338911,1
non-tumour/TCGA-5M-AAT6-01Z-00-DX1_45056_28160.jpg,TCGA-5M-AAT6,TCGA-5M-AAT6-01Z-00-DX1,0,0.0021524983,0
non-tumour/TCGA-5M-AAT6-01Z-00-DX1_45056_28672.jpg,TCGA-5M-AAT6,TCGA-5M-AAT6-01Z-00-DX1,0,0.00011544039,0
non-tumour/TCGA-5M-AAT6-01Z-00-DX1_45568_27648.jpg,TCGA-5M-AAT6,TCGA-5M-AAT6-01Z-00-DX1,0,0.017915918,0
non-tumour/TCGA-5M-AAT6-01Z-00-DX1_45568_28672.jpg,TCGA-5M-AAT6,TCGA-5M-AAT6-01Z-00-DX1,0,0.00068872457,0
non-tumour/TCGA-5M-AAT6-01Z-00-DX1_46080_26624.jpg,TCGA-5M-AAT6,TCGA-5M-AAT6-01Z-00-DX1,0,0.0009014583,0
non-tumour/TCGA-5M-AAT6-01Z-00-DX1_46080_27136.jpg,TCGA-5M-AAT6,TCGA-5M-AAT6-01Z-00-DX1,0,0.002892729,0
non-tumour/TCGA-5M-AAT6-01Z-00-DX1_46080_27648.jpg,TCGA-5M-AAT6,TCGA-5M-AAT6-01Z-00-DX1,0,0.00046328673,0
non-tumour/TCGA-5M-AAT6-01Z-00-DX1_46080_28160.jpg,TCGA-5M-AAT6,TCGA-5M-AAT6-01Z-00-DX1,0,0.0009357112,0
non-tumour/TCGA-5M-AAT6-01Z-00-DX1_46080_28672.jpg,TCGA-5M-AAT6,TCGA-5M-AAT6-01Z-00-DX1,0,0.00073750195,0
non-tumour/TCGA-5M-AAT6-01Z-00-DX1_46592_27136.jpg,TCGA-5M-AAT6,TCGA-5M-AAT6-01Z-00-DX1,0,0.0012994844,0
non-tumour/TCGA-5M-AAT6-01Z-00-DX1_46592_27648.jpg,TCGA-5M-AAT6,TCGA-5M-AAT6-01Z-00-DX1,0,0.00025601254,0
non-tumour/TCGA-5M-AAT6-01Z-00-DX1_46592_28160.jpg,TCGA-5M-AAT6,TCGA-5M-AAT6-01Z-00-DX1,0,0.010299134,0
non-tumour/TCGA-5M-AAT6-01Z-00-DX1_47104_27136.jpg,TCGA-5M-AAT6,TCGA-5M-AAT6-01Z-00-DX1,0,0.0011426634,0
non-tumour/TCGA-5M-AAT6-01Z-00-DX1_47104_27648.jpg,TCGA-5M-AAT6,TCGA-5M-AAT6-01Z-00-DX1,0,0.00020993613,0
non-tumour/TCGA-5M-AAT6-01Z-00-DX1_47104_28160.jpg,TCGA-5M-AAT6,TCGA-5M-AAT6-01Z-00-DX1,0,1.5390126e-05,0
non-tumour/TCGA-5M-AAT6-01Z-00-DX1_47104_28672.jpg,TCGA-5M-AAT6,TCGA-5M-AAT6-01Z-00-DX1,0,5.322952e-05,0
non-tumour/TCGA-AG-4008-01Z-00-DX1_10240_3072.jpg,TCGA-AG-4008,TCGA-AG-4008-01Z-00-DX1,0,0.9805462,1
non-tumour/TCGA-AG-4008-01Z-00-DX1_13312_2560.jpg,TCGA-AG-4008,TCGA-AG-4008-01Z-00-DX1,0,0.94483066,1
non-tumour/TCGA-AG-4008-01Z-00-DX1_13312_3072.jpg,TCGA-AG-4008,TCGA-AG-4008-01Z-00-DX1,0,0.99892443,1
non-tumour/TCGA-AG-4008-01Z-00-DX1_13312_4096.jpg,TCGA-AG-4008,TCGA-AG-4008-01Z-00-DX1,0,0.960213,1
non-tumour/TCGA-AG-4008-01Z-00-DX1_13824_2560.jpg,TCGA-AG-4008,TCGA-AG-4008-01Z-00-DX1,0,0.9241147,1
non-tumour/TCGA-AG-4008-01Z-00-DX1_13824_3072.jpg,TCGA-AG-4008,TCGA-AG-4008-01Z-00-DX1,0,0.5811049,1
non-tumour/TCGA-AG-4008-01Z-00-DX1_13824_3584.jpg,TCGA-AG-4008,TCGA-AG-4008-01Z-00-DX1,0,0.9950271,1
non-tumour/TCGA-AG-4008-01Z-00-DX1_13824_5632.jpg,TCGA-AG-4008,TCGA-AG-4008-01Z-00-DX1,0,0.99482745,1
non-tumour/TCGA-AG-4008-01Z-00-DX1_14336_3072.jpg,TCGA-AG-4008,TCGA-AG-4008-01Z-00-DX1,0,0.98873633,1
non-tumour/TCGA-AG-4008-01Z-00-DX1_14336_5632.jpg,TCGA-AG-4008,TCGA-AG-4008-01Z-00-DX1,0,0.9988765,1
non-tumour/TCGA-AG-4008-01Z-00-DX1_14336_6656.jpg,TCGA-AG-4008,TCGA-AG-4008-01Z-00-DX1,0,0.99949586,1
non-tumour/TCGA-AG-4008-01Z-00-DX1_14848_4608.jpg,TCGA-AG-4008,TCGA-AG-4008-01Z-00-DX1,0,0.9910115,1
non-tumour/TCGA-AG-4008-01Z-00-DX1_15360_4096.jpg,TCGA-AG-4008,TCGA-AG-4008-01Z-00-DX1,0,0.9837853,1
non-tumour/TCGA-AG-4008-01Z-00-DX1_15360_4608.jpg,TCGA-AG-4008,TCGA-AG-4008-01Z-00-DX1,0,0.9561985,1
non-tumour/TCGA-AG-4008-01Z-00-DX1_4096_2560.jpg,TCGA-AG-4008,TCGA-AG-4008-01Z-00-DX1,0,0.99462986,1
non-tumour/TCGA-AG-4008-01Z-00-DX1_4608_1024.jpg,TCGA-AG-4008,TCGA-AG-4008-01Z-00-DX1,0,0.95957834,1
non-tumour/TCGA-AG-4008-01Z-00-DX1_4608_1536.jpg,TCGA-AG-4008,TCGA-AG-4008-01Z-00-DX1,0,0.99873346,1
non-tumour/TCGA-AG-4008-01Z-00-DX1_4608_2560.jpg,TCGA-AG-4008,TCGA-AG-4008-01Z-00-DX1,0,0.9997154,1
non-tumour/TCGA-AG-4008-01Z-00-DX1_5120_1536.jpg,TCGA-AG-4008,TCGA-AG-4008-01Z-00-DX1,0,0.9985133,1
non-tumour/TCGA-AG-4008-01Z-00-DX1_5120_3072.jpg,TCGA-AG-4008,TCGA-AG-4008-01Z-00-DX1,0,0.97425294,1
non-tumour/TCGA-AG-4008-01Z-00-DX1_5632_2048.jpg,TCGA-AG-4008,TCGA-AG-4008-01Z-00-DX1,0,0.99008,1
non-tumour/TCGA-AG-4008-01Z-00-DX1_5632_2560.jpg,TCGA-AG-4008,TCGA-AG-4008-01Z-00-DX1,0,0.9844246,1
non-tumour/TCGA-AG-4008-01Z-00-DX1_9216_3072.jpg,TCGA-AG-4008,TCGA-AG-4008-01Z-00-DX1,0,0.99596655,1
non-tumour/TCGA-AG-4008-01Z-00-DX1_9728_3072.jpg,TCGA-AG-4008,TCGA-AG-4008-01Z-00-DX1,0,0.98212415,1
non-tumour/TCGA-AZ-5407-01Z-00-DX1_10240_12288.jpg,TCGA-AZ-5407,TCGA-AZ-5407-01Z-00-DX1,0,0.15803884,0
non-tumour/TCGA-AZ-5407-01Z-00-DX1_10240_12800.jpg,TCGA-AZ-5407,TCGA-AZ-5407-01Z-00-DX1,0,0.5461056,1
non-tumour/TCGA-AZ-5407-01Z-00-DX1_10240_15360.jpg,TCGA-AZ-5407,TCGA-AZ-5407-01Z-00-DX1,0,0.7734865,1
non-tumour/TCGA-AZ-5407-01Z-00-DX1_10240_5632.jpg,TCGA-AZ-5407,TCGA-AZ-5407-01Z-00-DX1,0,0.99989784,1
non-tumour/TCGA-AZ-5407-01Z-00-DX1_10752_10752.jpg,TCGA-AZ-5407,TCGA-AZ-5407-01Z-00-DX1,0,0.96395075,1
non-tumour/TCGA-AZ-5407-01Z-00-DX1_10752_11264.jpg,TCGA-AZ-5407,TCGA-AZ-5407-01Z-00-DX1,0,0.543612,1
non-tumour/TCGA-AZ-5407-01Z-00-DX1_10752_12800.jpg,TCGA-AZ-5407,TCGA-AZ-5407-01Z-00-DX1,0,0.9146376,1
non-tumour/TCGA-AZ-5407-01Z-00-DX1_10752_13312.jpg,TCGA-AZ-5407,TCGA-AZ-5407-01Z-00-DX1,0,0.99631774,1
non-tumour/TCGA-AZ-5407-01Z-00-DX1_10752_15360.jpg,TCGA-AZ-5407,TCGA-AZ-5407-01Z-00-DX1,0,0.64261216,1
non-tumour/TCGA-AZ-5407-01Z-00-DX1_10752_15872.jpg,TCGA-AZ-5407,TCGA-AZ-5407-01Z-00-DX1,0,0.8421512,1
non-tumour/TCGA-AZ-5407-01Z-00-DX1_11264_15360.jpg,TCGA-AZ-5407,TCGA-AZ-5407-01Z-00-DX1,0,0.76162726,1
non-tumour/TCGA-AZ-5407-01Z-00-DX1_11264_15872.jpg,TCGA-AZ-5407,TCGA-AZ-5407-01Z-00-DX1,0,0.22045109,0
non-tumour/TCGA-AZ-5407-01Z-00-DX1_11776_13824.jpg,TCGA-AZ-5407,TCGA-AZ-5407-01Z-00-DX1,0,0.92291176,1
non-tumour/TCGA-AZ-5407-01Z-00-DX1_11776_14336.jpg,TCGA-AZ-5407,TCGA-AZ-5407-01Z-00-DX1,0,0.125869,0
non-tumour/TCGA-AZ-5407-01Z-00-DX1_11776_15360.jpg,TCGA-AZ-5407,TCGA-AZ-5407-01Z-00-DX1,0,0.7237717,1
non-tumour/TCGA-AZ-5407-01Z-00-DX1_12288_13824.jpg,TCGA-AZ-5407,TCGA-AZ-5407-01Z-00-DX1,0,0.3640829,0
non-tumour/TCGA-AZ-5407-01Z-00-DX1_12288_14336.jpg,TCGA-AZ-5407,TCGA-AZ-5407-01Z-00-DX1,0,0.74169624,1
non-tumour/TCGA-AZ-5407-01Z-00-DX1_12288_14848.jpg,TCGA-AZ-5407,TCGA-AZ-5407-01Z-00-DX1,0,0.112679206,0
non-tumour/TCGA-AZ-5407-01Z-00-DX1_12288_15360.jpg,TCGA-AZ-5407,TCGA-AZ-5407-01Z-00-DX1,0,0.67166024,1
non-tumour/TCGA-AZ-5407-01Z-00-DX1_12800_13824.jpg,TCGA-AZ-5407,TCGA-AZ-5407-01Z-00-DX1,0,0.087530814,0
non-tumour/TCGA-AZ-5407-01Z-00-DX1_12800_15360.jpg,TCGA-AZ-5407,TCGA-AZ-5407-01Z-00-DX1,0,0.3871545,0
non-tumour/TCGA-AZ-5407-01Z-00-DX1_13312_14336.jpg,TCGA-AZ-5407,TCGA-AZ-5407-01Z-00-DX1,0,0.6125764,1
non-tumour/TCGA-AZ-5407-01Z-00-DX1_13312_15360.jpg,TCGA-AZ-5407,TCGA-AZ-5407-01Z-00-DX1,0,0.38907304,0
non-tumour/TCGA-AZ-5407-01Z-00-DX1_13824_14336.jpg,TCGA-AZ-5407,TCGA-AZ-5407-01Z-00-DX1,0,0.7649311,1
non-tumour/TCGA-AZ-5407-01Z-00-DX1_13824_14848.jpg,TCGA-AZ-5407,TCGA-AZ-5407-01Z-00-DX1,0,0.7352878,1
non-tumour/TCGA-AZ-5407-01Z-00-DX1_14336_13312.jpg,TCGA-AZ-5407,TCGA-AZ-5407-01Z-00-DX1,0,0.46660355,0
non-tumour/TCGA-AZ-5407-01Z-00-DX1_14336_13824.jpg,TCGA-AZ-5407,TCGA-AZ-5407-01Z-00-DX1,0,0.29569492,0
non-tumour/TCGA-AZ-5407-01Z-00-DX1_14336_14336.jpg,TCGA-AZ-5407,TCGA-AZ-5407-01Z-00-DX1,0,0.34029764,0
non-tumour/TCGA-AZ-5407-01Z-00-DX1_14848_13824.jpg,TCGA-AZ-5407,TCGA-AZ-5407-01Z-00-DX1,0,0.23545621,0
non-tumour/TCGA-AZ-5407-01Z-00-DX1_14848_14336.jpg,TCGA-AZ-5407,TCGA-AZ-5407-01Z-00-DX1,0,0.97256553,1
non-tumour/TCGA-AZ-5407-01Z-00-DX1_15360_14336.jpg,TCGA-AZ-5407,TCGA-AZ-5407-01Z-00-DX1,0,0.8765936,1
non-tumour/TCGA-AZ-5407-01Z-00-DX1_15872_13312.jpg,TCGA-AZ-5407,TCGA-AZ-5407-01Z-00-DX1,0,0.7852488,1
non-tumour/TCGA-AZ-5407-01Z-00-DX1_15872_13824.jpg,TCGA-AZ-5407,TCGA-AZ-5407-01Z-00-DX1,0,0.17520685,0
non-tumour/TCGA-AZ-5407-01Z-00-DX1_16384_11264.jpg,TCGA-AZ-5407,TCGA-AZ-5407-01Z-00-DX1,0,0.44174266,0
non-tumour/TCGA-AZ-5407-01Z-00-DX1_16384_11776.jpg,TCGA-AZ-5407,TCGA-AZ-5407-01Z-00-DX1,0,0.5534912,1
non-tumour/TCGA-AZ-5407-01Z-00-DX1_16384_13824.jpg,TCGA-AZ-5407,TCGA-AZ-5407-01Z-00-DX1,0,0.6560816,1
non-tumour/TCGA-AZ-5407-01Z-00-DX1_16896_11264.jpg,TCGA-AZ-5407,TCGA-AZ-5407-01Z-00-DX1,0,0.7387753,1
non-tumour/TCGA-AZ-5407-01Z-00-DX1_16896_11776.jpg,TCGA-AZ-5407,TCGA-AZ-5407-01Z-00-DX1,0,0.9931826,1
non-tumour/TCGA-AZ-5407-01Z-00-DX1_17408_12288.jpg,TCGA-AZ-5407,TCGA-AZ-5407-01Z-00-DX1,0,0.8263163,1
non-tumour/TCGA-AZ-5407-01Z-00-DX1_17408_12800.jpg,TCGA-AZ-5407,TCGA-AZ-5407-01Z-00-DX1,0,0.8736345,1
non-tumour/TCGA-AZ-5407-01Z-00-DX1_17408_13312.jpg,TCGA-AZ-5407,TCGA-AZ-5407-01Z-00-DX1,0,0.15179059,0
non-tumour/TCGA-AZ-5407-01Z-00-DX1_17920_13312.jpg,TCGA-AZ-5407,TCGA-AZ-5407-01Z-00-DX1,0,0.17764983,0
non-tumour/TCGA-AZ-5407-01Z-00-DX1_18432_12800.jpg,TCGA-AZ-5407,TCGA-AZ-5407-01Z-00-DX1,0,0.031040125,0
non-tumour/TCGA-AZ-5407-01Z-00-DX1_18944_11264.jpg,TCGA-AZ-5407,TCGA-AZ-5407-01Z-00-DX1,0,0.7098993,1
non-tumour/TCGA-AZ-5407-01Z-00-DX1_18944_11776.jpg,TCGA-AZ-5407,TCGA-AZ-5407-01Z-00-DX1,0,0.005064703,0
non-tumour/TCGA-AZ-5407-01Z-00-DX1_18944_12288.jpg,TCGA-AZ-5407,TCGA-AZ-5407-01Z-00-DX1,0,0.021795552,0
non-tumour/TCGA-AZ-5407-01Z-00-DX1_19456_11264.jpg,TCGA-AZ-5407,TCGA-AZ-5407-01Z-00-DX1,0,0.37607086,0
non-tumour/TCGA-AZ-5407-01Z-00-DX1_19456_11776.jpg,TCGA-AZ-5407,TCGA-AZ-5407-01Z-00-DX1,0,0.55855215,1
non-tumour/TCGA-AZ-5407-01Z-00-DX1_22016_10240.jpg,TCGA-AZ-5407,TCGA-AZ-5407-01Z-00-DX1,0,0.49090666,0
non-tumour/TCGA-AZ-5407-01Z-00-DX1_24576_9728.jpg,TCGA-AZ-5407,TCGA-AZ-5407-01Z-00-DX1,0,0.7529416,1
non-tumour/TCGA-AZ-5407-01Z-00-DX1_25088_9728.jpg,TCGA-AZ-5407,TCGA-AZ-5407-01Z-00-DX1,0,0.011698395,0
non-tumour/TCGA-AZ-5407-01Z-00-DX1_26112_9728.jpg,TCGA-AZ-5407,TCGA-AZ-5407-01Z-00-DX1,0,0.14024577,0
non-tumour/TCGA-AZ-5407-01Z-00-DX1_30720_8704.jpg,TCGA-AZ-5407,TCGA-AZ-5407-01Z-00-DX1,0,0.84602094,1
non-tumour/TCGA-AZ-5407-01Z-00-DX1_31744_8192.jpg,TCGA-AZ-5407,TCGA-AZ-5407-01Z-00-DX1,0,0.57906145,1
non-tumour/TCGA-AZ-5407-01Z-00-DX1_7168_2560.jpg,TCGA-AZ-5407,TCGA-AZ-5407-01Z-00-DX1,0,0.96739835,1
non-tumour/TCGA-AZ-5407-01Z-00-DX1_7680_2048.jpg,TCGA-AZ-5407,TCGA-AZ-5407-01Z-00-DX1,0,0.09494176,0
non-tumour/TCGA-AZ-5407-01Z-00-DX1_7680_2560.jpg,TCGA-AZ-5407,TCGA-AZ-5407-01Z-00-DX1,0,0.11438328,0
non-tumour/TCGA-AZ-5407-01Z-00-DX1_8192_2560.jpg,TCGA-AZ-5407,TCGA-AZ-5407-01Z-00-DX1,0,0.21040815,0
non-tumour/TCGA-AZ-5407-01Z-00-DX1_8704_2560.jpg,TCGA-AZ-5407,TCGA-AZ-5407-01Z-00-DX1,0,0.32356232,0
non-tumour/TCGA-AZ-5407-01Z-00-DX1_8704_3072.jpg,TCGA-AZ-5407,TCGA-AZ-5407-01Z-00-DX1,0,0.82888657,1
non-tumour/TCGA-AZ-5407-01Z-00-DX1_8704_6144.jpg,TCGA-AZ-5407,TCGA-AZ-5407-01Z-00-DX1,0,0.99971074,1
non-tumour/TCGA-AZ-5407-01Z-00-DX1_8704_6656.jpg,TCGA-AZ-5407,TCGA-AZ-5407-01Z-00-DX1,0,0.9949062,1
non-tumour/TCGA-AZ-5407-01Z-00-DX1_9216_4096.jpg,TCGA-AZ-5407,TCGA-AZ-5407-01Z-00-DX1,0,0.99968433,1
non-tumour/TCGA-AZ-5407-01Z-00-DX1_9216_4608.jpg,TCGA-AZ-5407,TCGA-AZ-5407-01Z-00-DX1,0,0.98819727,1
non-tumour/TCGA-AZ-5407-01Z-00-DX1_9728_4608.jpg,TCGA-AZ-5407,TCGA-AZ-5407-01Z-00-DX1,0,0.111147866,0
non-tumour/TCGA-AZ-5407-01Z-00-DX1_9728_6144.jpg,TCGA-AZ-5407,TCGA-AZ-5407-01Z-00-DX1,0,0.99986255,1
non-tumour/TCGA-AZ-5407-01Z-00-DX1_9728_6656.jpg,TCGA-AZ-5407,TCGA-AZ-5407-01Z-00-DX1,0,0.9974509,1
non-tumour/TCGA-DM-A280-01Z-00-DX1_10240_5120.jpg,TCGA-DM-A280,TCGA-DM-A280-01Z-00-DX1,0,0.02684574,0
non-tumour/TCGA-DM-A280-01Z-00-DX1_10240_5632.jpg,TCGA-DM-A280,TCGA-DM-A280-01Z-00-DX1,0,0.012286525,0
non-tumour/TCGA-DM-A280-01Z-00-DX1_10752_4096.jpg,TCGA-DM-A280,TCGA-DM-A280-01Z-00-DX1,0,0.106663756,0
non-tumour/TCGA-DM-A280-01Z-00-DX1_10752_4608.jpg,TCGA-DM-A280,TCGA-DM-A280-01Z-00-DX1,0,0.55406284,1
non-tumour/TCGA-DM-A280-01Z-00-DX1_10752_5120.jpg,TCGA-DM-A280,TCGA-DM-A280-01Z-00-DX1,0,0.004132798,0
non-tumour/TCGA-DM-A280-01Z-00-DX1_10752_6144.jpg,TCGA-DM-A280,TCGA-DM-A280-01Z-00-DX1,0,0.0036145432,0
non-tumour/TCGA-DM-A280-01Z-00-DX1_10752_6656.jpg,TCGA-DM-A280,TCGA-DM-A280-01Z-00-DX1,0,0.012961294,0
non-tumour/TCGA-DM-A280-01Z-00-DX1_10752_7168.jpg,TCGA-DM-A280,TCGA-DM-A280-01Z-00-DX1,0,0.025839439,0
non-tumour/TCGA-DM-A280-01Z-00-DX1_10752_7680.jpg,TCGA-DM-A280,TCGA-DM-A280-01Z-00-DX1,0,0.76558656,1
non-tumour/TCGA-DM-A280-01Z-00-DX1_10752_8192.jpg,TCGA-DM-A280,TCGA-DM-A280-01Z-00-DX1,0,0.050374832,0
non-tumour/TCGA-DM-A280-01Z-00-DX1_10752_8704.jpg,TCGA-DM-A280,TCGA-DM-A280-01Z-00-DX1,0,0.1149889,0
non-tumour/TCGA-DM-A280-01Z-00-DX1_11264_11264.jpg,TCGA-DM-A280,TCGA-DM-A280-01Z-00-DX1,0,0.03931287,0
non-tumour/TCGA-DM-A280-01Z-00-DX1_11264_5120.jpg,TCGA-DM-A280,TCGA-DM-A280-01Z-00-DX1,0,0.38983977,0
non-tumour/TCGA-DM-A280-01Z-00-DX1_11264_5632.jpg,TCGA-DM-A280,TCGA-DM-A280-01Z-00-DX1,0,0.07006564,0
non-tumour/TCGA-DM-A280-01Z-00-DX1_11264_6144.jpg,TCGA-DM-A280,TCGA-DM-A280-01Z-00-DX1,0,0.10904039,0
non-tumour/TCGA-DM-A280-01Z-00-DX1_11264_7680.jpg,TCGA-DM-A280,TCGA-DM-A280-01Z-00-DX1,0,0.28489146,0
non-tumour/TCGA-DM-A280-01Z-00-DX1_11264_8192.jpg,TCGA-DM-A280,TCGA-DM-A280-01Z-00-DX1,0,0.2050592,0
non-tumour/TCGA-DM-A280-01Z-00-DX1_11264_9216.jpg,TCGA-DM-A280,TCGA-DM-A280-01Z-00-DX1,0,0.014290797,0
non-tumour/TCGA-DM-A280-01Z-00-DX1_11776_11264.jpg,TCGA-DM-A280,TCGA-DM-A280-01Z-00-DX1,0,0.0278325,0
non-tumour/TCGA-DM-A280-01Z-00-DX1_11776_11776.jpg,TCGA-DM-A280,TCGA-DM-A280-01Z-00-DX1,0,0.32573727,0
non-tumour/TCGA-DM-A280-01Z-00-DX1_11776_4096.jpg,TCGA-DM-A280,TCGA-DM-A280-01Z-00-DX1,0,0.3374082,0
non-tumour/TCGA-DM-A280-01Z-00-DX1_11776_5120.jpg,TCGA-DM-A280,TCGA-DM-A280-01Z-00-DX1,0,0.8702503,1
non-tumour/TCGA-DM-A280-01Z-00-DX1_11776_5632.jpg,TCGA-DM-A280,TCGA-DM-A280-01Z-00-DX1,0,0.47314376,0
non-tumour/TCGA-DM-A280-01Z-00-DX1_11776_6656.jpg,TCGA-DM-A280,TCGA-DM-A280-01Z-00-DX1,0,0.25298765,0
non-tumour/TCGA-DM-A280-01Z-00-DX1_11776_8704.jpg,TCGA-DM-A280,TCGA-DM-A280-01Z-00-DX1,0,0.19394374,0
non-tumour/TCGA-DM-A280-01Z-00-DX1_12288_11776.jpg,TCGA-DM-A280,TCGA-DM-A280-01Z-00-DX1,0,0.61443263,1
non-tumour/TCGA-DM-A280-01Z-00-DX1_12288_12288.jpg,TCGA-DM-A280,TCGA-DM-A280-01Z-00-DX1,0,0.29314858,0
non-tumour/TCGA-DM-A280-01Z-00-DX1_12288_12800.jpg,TCGA-DM-A280,TCGA-DM-A280-01Z-00-DX1,0,0.054449074,0
non-tumour/TCGA-DM-A280-01Z-00-DX1_12288_4096.jpg,TCGA-DM-A280,TCGA-DM-A280-01Z-00-DX1,0,0.12616132,0
non-tumour/TCGA-DM-A280-01Z-00-DX1_12288_5632.jpg,TCGA-DM-A280,TCGA-DM-A280-01Z-00-DX1,0,0.009725316,0
non-tumour/TCGA-DM-A280-01Z-00-DX1_12288_6144.jpg,TCGA-DM-A280,TCGA-DM-A280-01Z-00-DX1,0,0.16912507,0
non-tumour/TCGA-DM-A280-01Z-00-DX1_12288_6656.jpg,TCGA-DM-A280,TCGA-DM-A280-01Z-00-DX1,0,0.4507125,0
non-tumour/TCGA-DM-A280-01Z-00-DX1_12288_7168.jpg,TCGA-DM-A280,TCGA-DM-A280-01Z-00-DX1,0,0.47500375,0
non-tumour/TCGA-DM-A280-01Z-00-DX1_12288_8192.jpg,TCGA-DM-A280,TCGA-DM-A280-01Z-00-DX1,0,0.078415304,0
non-tumour/TCGA-DM-A280-01Z-00-DX1_12288_9216.jpg,TCGA-DM-A280,TCGA-DM-A280-01Z-00-DX1,0,0.59298337,1
non-tumour/TCGA-DM-A280-01Z-00-DX1_12800_10240.jpg,TCGA-DM-A280,TCGA-DM-A280-01Z-00-DX1,0,0.10848634,0
non-tumour/TCGA-DM-A280-01Z-00-DX1_12800_11264.jpg,TCGA-DM-A280,TCGA-DM-A280-01Z-00-DX1,0,0.0020509467,0
non-tumour/TCGA-DM-A280-01Z-00-DX1_12800_12288.jpg,TCGA-DM-A280,TCGA-DM-A280-01Z-00-DX1,0,0.05738062,0
non-tumour/TCGA-DM-A280-01Z-00-DX1_12800_12800.jpg,TCGA-DM-A280,TCGA-DM-A280-01Z-00-DX1,0,0.020605972,0
non-tumour/TCGA-DM-A280-01Z-00-DX1_12800_3584.jpg,TCGA-DM-A280,TCGA-DM-A280-01Z-00-DX1,0,0.19017816,0
non-tumour/TCGA-DM-A280-01Z-00-DX1_12800_4096.jpg,TCGA-DM-A280,TCGA-DM-A280-01Z-00-DX1,0,0.08517275,0
non-tumour/TCGA-DM-A280-01Z-00-DX1_12800_5120.jpg,TCGA-DM-A280,TCGA-DM-A280-01Z-00-DX1,0,0.03429401,0
non-tumour/TCGA-DM-A280-01Z-00-DX1_12800_5632.jpg,TCGA-DM-A280,TCGA-DM-A280-01Z-00-DX1,0,0.98669827,1
non-tumour/TCGA-DM-A280-01Z-00-DX1_12800_8704.jpg,TCGA-DM-A280,TCGA-DM-A280-01Z-00-DX1,0,0.7956917,1
non-tumour/TCGA-DM-A280-01Z-00-DX1_12800_9216.jpg,TCGA-DM-A280,TCGA-DM-A280-01Z-00-DX1,0,0.23875488,0
non-tumour/TCGA-DM-A280-01Z-00-DX1_13312_11264.jpg,TCGA-DM-A280,TCGA-DM-A280-01Z-00-DX1,0,0.015362125,0
non-tumour/TCGA-DM-A280-01Z-00-DX1_13312_12800.jpg,TCGA-DM-A280,TCGA-DM-A280-01Z-00-DX1,0,0.0014083004,0
non-tumour/TCGA-DM-A280-01Z-00-DX1_13312_4096.jpg,TCGA-DM-A280,TCGA-DM-A280-01Z-00-DX1,0,0.39661586,0
non-tumour/TCGA-DM-A280-01Z-00-DX1_13312_9728.jpg,TCGA-DM-A280,TCGA-DM-A280-01Z-00-DX1,0,0.02138266,0
non-tumour/TCGA-DM-A280-01Z-00-DX1_13824_3584.jpg,TCGA-DM-A280,TCGA-DM-A280-01Z-00-DX1,0,0.42156708,0
non-tumour/TCGA-DM-A280-01Z-00-DX1_13824_4096.jpg,TCGA-DM-A280,TCGA-DM-A280-01Z-00-DX1,0,0.8020074,1
non-tumour/TCGA-DM-A280-01Z-00-DX1_13824_4608.jpg,TCGA-DM-A280,TCGA-DM-A280-01Z-00-DX1,0,0.93678856,1
non-tumour/TCGA-DM-A280-01Z-00-DX1_13824_9728.jpg,TCGA-DM-A280,TCGA-DM-A280-01Z-00-DX1,0,0.5961248,1
non-tumour/TCGA-DM-A280-01Z-00-DX1_14336_10240.jpg,TCGA-DM-A280,TCGA-DM-A280-01Z-00-DX1,0,0.10819151,0
non-tumour/TCGA-DM-A280-01Z-00-DX1_14336_3072.jpg,TCGA-DM-A280,TCGA-DM-A280-01Z-00-DX1,0,0.30145267,0
non-tumour/TCGA-DM-A280-01Z-00-DX1_14336_9728.jpg,TCGA-DM-A280,TCGA-DM-A280-01Z-00-DX1,0,0.9516418,1
non-tumour/TCGA-DM-A280-01Z-00-DX1_14848_10240.jpg,TCGA-DM-A280,TCGA-DM-A280-01Z-00-DX1,0,0.041307002,0
non-tumour/TCGA-DM-A280-01Z-00-DX1_14848_17408.jpg,TCGA-DM-A280,TCGA-DM-A280-01Z-00-DX1,0,0.9440913,1
non-tumour/TCGA-DM-A280-01Z-00-DX1_14848_19456.jpg,TCGA-DM-A280,TCGA-DM-A280-01Z-00-DX1,0,0.18748808,0
non-tumour/TCGA-DM-A280-01Z-00-DX1_15360_15360.jpg,TCGA-DM-A280,TCGA-DM-A280-01Z-00-DX1,0,0.02013472,0
non-tumour/TCGA-DM-A280-01Z-00-DX1_15360_16384.jpg,TCGA-DM-A280,TCGA-DM-A280-01Z-00-DX1,0,0.841564,1
non-tumour/TCGA-DM-A280-01Z-00-DX1_15360_16896.jpg,TCGA-DM-A280,TCGA-DM-A280-01Z-00-DX1,0,0.82525164,1
non-tumour/TCGA-DM-A280-01Z-00-DX1_15360_17408.jpg,TCGA-DM-A280,TCGA-DM-A280-01Z-00-DX1,0,0.7635891,1
non-tumour/TCGA-DM-A280-01Z-00-DX1_15360_18944.jpg,TCGA-DM-A280,TCGA-DM-A280-01Z-00-DX1,0,0.57955205,1
non-tumour/TCGA-DM-A280-01Z-00-DX1_15360_19456.jpg,TCGA-DM-A280,TCGA-DM-A280-01Z-00-DX1,0,0.7168296,1
non-tumour/TCGA-DM-A280-01Z-00-DX1_15360_19968.jpg,TCGA-DM-A280,TCGA-DM-A280-01Z-00-DX1,0,0.67520386,1
non-tumour/TCGA-DM-A280-01Z-00-DX1_15360_20480.jpg,TCGA-DM-A280,TCGA-DM-A280-01Z-00-DX1,0,0.09643443,0
non-tumour/TCGA-DM-A280-01Z-00-DX1_15872_15360.jpg,TCGA-DM-A280,TCGA-DM-A280-01Z-00-DX1,0,0.36452657,0
non-tumour/TCGA-DM-A280-01Z-00-DX1_15872_16896.jpg,TCGA-DM-A280,TCGA-DM-A280-01Z-00-DX1,0,0.9539885,1
non-tumour/TCGA-DM-A280-01Z-00-DX1_15872_17408.jpg,TCGA-DM-A280,TCGA-DM-A280-01Z-00-DX1,0,0.47070363,0
non-tumour/TCGA-DM-A280-01Z-00-DX1_15872_17920.jpg,TCGA-DM-A280,TCGA-DM-A280-01Z-00-DX1,0,0.20683275,0
non-tumour/TCGA-DM-A280-01Z-00-DX1_15872_19456.jpg,TCGA-DM-A280,TCGA-DM-A280-01Z-00-DX1,0,0.5574078,1
non-tumour/TCGA-DM-A280-01Z-00-DX1_15872_19968.jpg,TCGA-DM-A280,TCGA-DM-A280-01Z-00-DX1,0,0.531541,1
non-tumour/TCGA-DM-A280-01Z-00-DX1_15872_20992.jpg,TCGA-DM-A280,TCGA-DM-A280-01Z-00-DX1,0,0.38000792,0
non-tumour/TCGA-DM-A280-01Z-00-DX1_16384_13824.jpg,TCGA-DM-A280,TCGA-DM-A280-01Z-00-DX1,0,0.1815838,0
non-tumour/TCGA-DM-A280-01Z-00-DX1_16384_14848.jpg,TCGA-DM-A280,TCGA-DM-A280-01Z-00-DX1,0,0.7828434,1
non-tumour/TCGA-DM-A280-01Z-00-DX1_16384_17920.jpg,TCGA-DM-A280,TCGA-DM-A280-01Z-00-DX1,0,0.6685058,1
non-tumour/TCGA-DM-A280-01Z-00-DX1_16384_18432.jpg,TCGA-DM-A280,TCGA-DM-A280-01Z-00-DX1,0,0.9973574,1
non-tumour/TCGA-DM-A280-01Z-00-DX1_16384_19456.jpg,TCGA-DM-A280,TCGA-DM-A280-01Z-00-DX1,0,0.81128705,1
non-tumour/TCGA-DM-A280-01Z-00-DX1_16896_11264.jpg,TCGA-DM-A280,TCGA-DM-A280-01Z-00-DX1,0,0.35307682,0
non-tumour/TCGA-DM-A280-01Z-00-DX1_16896_11776.jpg,TCGA-DM-A280,TCGA-DM-A280-01Z-00-DX1,0,0.8815406,1
non-tumour/TCGA-DM-A280-01Z-00-DX1_16896_12288.jpg,TCGA-DM-A280,TCGA-DM-A280-01Z-00-DX1,0,0.11603584,0
non-tumour/TCGA-DM-A280-01Z-00-DX1_16896_12800.jpg,TCGA-DM-A280,TCGA-DM-A280-01Z-00-DX1,0,0.48305792,0
non-tumour/TCGA-DM-A280-01Z-00-DX1_16896_13312.jpg,TCGA-DM-A280,TCGA-DM-A280-01Z-00-DX1,0,0.32364243,0
non-tumour/TCGA-DM-A280-01Z-00-DX1_16896_14848.jpg,TCGA-DM-A280,TCGA-DM-A280-01Z-00-DX1,0,0.8969688,1
non-tumour/TCGA-DM-A280-01Z-00-DX1_16896_18944.jpg,TCGA-DM-A280,TCGA-DM-A280-01Z-00-DX1,0,0.992523,1
non-tumour/TCGA-DM-A280-01Z-00-DX1_16896_20480.jpg,TCGA-DM-A280,TCGA-DM-A280-01Z-00-DX1,0,0.032225523,0
non-tumour/TCGA-DM-A280-01Z-00-DX1_16896_21504.jpg,TCGA-DM-A280,TCGA-DM-A280-01Z-00-DX1,0,0.009566431,0
non-tumour/TCGA-DM-A280-01Z-00-DX1_17408_11776.jpg,TCGA-DM-A280,TCGA-DM-A280-01Z-00-DX1,0,0.06432848,0
non-tumour/TCGA-DM-A280-01Z-00-DX1_17408_12288.jpg,TCGA-DM-A280,TCGA-DM-A280-01Z-00-DX1,0,0.43347928,0
non-tumour/TCGA-DM-A280-01Z-00-DX1_17408_12800.jpg,TCGA-DM-A280,TCGA-DM-A280-01Z-00-DX1,0,0.33816484,0
non-tumour/TCGA-DM-A280-01Z-00-DX1_17408_19968.jpg,TCGA-DM-A280,TCGA-DM-A280-01Z-00-DX1,0,0.09574844,0
non-tumour/TCGA-DM-A280-01Z-00-DX1_17408_20480.jpg,TCGA-DM-A280,TCGA-DM-A280-01Z-00-DX1,0,0.11997899,0
non-tumour/TCGA-DM-A280-01Z-00-DX1_17408_20992.jpg,TCGA-DM-A280,TCGA-DM-A280-01Z-00-DX1,0,0.0781361,0
non-tumour/TCGA-DM-A280-01Z-00-DX1_17920_11264.jpg,TCGA-DM-A280,TCGA-DM-A280-01Z-00-DX1,0,0.45836723,0
non-tumour/TCGA-DM-A280-01Z-00-DX1_17920_11776.jpg,TCGA-DM-A280,TCGA-DM-A280-01Z-00-DX1,0,0.8209624,1
non-tumour/TCGA-DM-A280-01Z-00-DX1_17920_16896.jpg,TCGA-DM-A280,TCGA-DM-A280-01Z-00-DX1,0,0.8591098,1
non-tumour/TCGA-DM-A280-01Z-00-DX1_17920_18944.jpg,TCGA-DM-A280,TCGA-DM-A280-01Z-00-DX1,0,0.53223336,1
non-tumour/TCGA-DM-A280-01Z-00-DX1_17920_20992.jpg,TCGA-DM-A280,TCGA-DM-A280-01Z-00-DX1,0,0.022490975,0
non-tumour/TCGA-DM-A280-01Z-00-DX1_18432_15872.jpg,TCGA-DM-A280,TCGA-DM-A280-01Z-00-DX1,0,0.13236226,0
non-tumour/TCGA-DM-A280-01Z-00-DX1_18432_16384.jpg,TCGA-DM-A280,TCGA-DM-A280-01Z-00-DX1,0,0.86797744,1
non-tumour/TCGA-DM-A280-01Z-00-DX1_18432_17408.jpg,TCGA-DM-A280,TCGA-DM-A280-01Z-00-DX1,0,0.04510995,0
non-tumour/TCGA-DM-A280-01Z-00-DX1_18432_17920.jpg,TCGA-DM-A280,TCGA-DM-A280-01Z-00-DX1,0,0.30670312,0
non-tumour/TCGA-DM-A280-01Z-00-DX1_18432_18432.jpg,TCGA-DM-A280,TCGA-DM-A280-01Z-00-DX1,0,0.83816427,1
non-tumour/TCGA-DM-A280-01Z-00-DX1_18944_15360.jpg,TCGA-DM-A280,TCGA-DM-A280-01Z-00-DX1,0,0.98439276,1
non-tumour/TCGA-DM-A280-01Z-00-DX1_18944_16384.jpg,TCGA-DM-A280,TCGA-DM-A280-01Z-00-DX1,0,0.03535002,0
non-tumour/TCGA-DM-A280-01Z-00-DX1_18944_16896.jpg,TCGA-DM-A280,TCGA-DM-A280-01Z-00-DX1,0,0.9814409,1
non-tumour/TCGA-DM-A280-01Z-00-DX1_18944_17408.jpg,TCGA-DM-A280,TCGA-DM-A280-01Z-00-DX1,0,0.9132186,1
non-tumour/TCGA-DM-A280-01Z-00-DX1_18944_17920.jpg,TCGA-DM-A280,TCGA-DM-A280-01Z-00-DX1,0,0.41883615,0
non-tumour/TCGA-DM-A280-01Z-00-DX1_19456_10240.jpg,TCGA-DM-A280,TCGA-DM-A280-01Z-00-DX1,0,0.99814534,1
non-tumour/TCGA-DM-A280-01Z-00-DX1_19456_10752.jpg,TCGA-DM-A280,TCGA-DM-A280-01Z-00-DX1,0,0.74700767,1
non-tumour/TCGA-DM-A280-01Z-00-DX1_19456_14848.jpg,TCGA-DM-A280,TCGA-DM-A280-01Z-00-DX1,0,0.631327,1
non-tumour/TCGA-DM-A280-01Z-00-DX1_19456_15360.jpg,TCGA-DM-A280,TCGA-DM-A280-01Z-00-DX1,0,0.96034425,1
non-tumour/TCGA-DM-A280-01Z-00-DX1_19456_15872.jpg,TCGA-DM-A280,TCGA-DM-A280-01Z-00-DX1,0,0.13641812,0
non-tumour/TCGA-DM-A280-01Z-00-DX1_19456_16896.jpg,TCGA-DM-A280,TCGA-DM-A280-01Z-00-DX1,0,0.08062602,0
non-tumour/TCGA-DM-A280-01Z-00-DX1_19456_17408.jpg,TCGA-DM-A280,TCGA-DM-A280-01Z-00-DX1,0,0.10455486,0
non-tumour/TCGA-DM-A280-01Z-00-DX1_19456_17920.jpg,TCGA-DM-A280,TCGA-DM-A280-01Z-00-DX1,0,0.71513987,1
non-tumour/TCGA-DM-A280-01Z-00-DX1_19456_18432.jpg,TCGA-DM-A280,TCGA-DM-A280-01Z-00-DX1,0,0.71190596,1
non-tumour/TCGA-DM-A280-01Z-00-DX1_19456_18944.jpg,TCGA-DM-A280,TCGA-DM-A280-01Z-00-DX1,0,0.5063391,1
non-tumour/TCGA-DM-A280-01Z-00-DX1_19456_9216.jpg,TCGA-DM-A280,TCGA-DM-A280-01Z-00-DX1,0,0.99421495,1
non-tumour/TCGA-DM-A280-01Z-00-DX1_19968_10752.jpg,TCGA-DM-A280,TCGA-DM-A280-01Z-00-DX1,0,0.85312086,1
non-tumour/TCGA-DM-A280-01Z-00-DX1_19968_14848.jpg,TCGA-DM-A280,TCGA-DM-A280-01Z-00-DX1,0,0.23353969,0
non-tumour/TCGA-DM-A280-01Z-00-DX1_19968_15360.jpg,TCGA-DM-A280,TCGA-DM-A280-01Z-00-DX1,0,0.08381637,0
non-tumour/TCGA-DM-A280-01Z-00-DX1_19968_16896.jpg,TCGA-DM-A280,TCGA-DM-A280-01Z-00-DX1,0,0.9653814,1
non-tumour/TCGA-DM-A280-01Z-00-DX1_19968_17408.jpg,TCGA-DM-A280,TCGA-DM-A280-01Z-00-DX1,0,0.7986128,1
non-tumour/TCGA-DM-A280-01Z-00-DX1_19968_18432.jpg,TCGA-DM-A280,TCGA-DM-A280-01Z-00-DX1,0,0.99690455,1
non-tumour/TCGA-DM-A280-01Z-00-DX1_19968_8192.jpg,TCGA-DM-A280,TCGA-DM-A280-01Z-00-DX1,0,0.90555084,1
non-tumour/TCGA-DM-A280-01Z-00-DX1_19968_8704.jpg,TCGA-DM-A280,TCGA-DM-A280-01Z-00-DX1,0,0.89123577,1
non-tumour/TCGA-DM-A280-01Z-00-DX1_19968_9728.jpg,TCGA-DM-A280,TCGA-DM-A280-01Z-00-DX1,0,0.397823,0
non-tumour/TCGA-DM-A280-01Z-00-DX1_20480_10240.jpg,TCGA-DM-A280,TCGA-DM-A280-01Z-00-DX1,0,0.9131221,1
non-tumour/TCGA-DM-A280-01Z-00-DX1_20480_11264.jpg,TCGA-DM-A280,TCGA-DM-A280-01Z-00-DX1,0,0.074050285,0
non-tumour/TCGA-DM-A280-01Z-00-DX1_20480_12288.jpg,TCGA-DM-A280,TCGA-DM-A280-01Z-00-DX1,0,0.005390301,0
non-tumour/TCGA-DM-A280-01Z-00-DX1_20480_13824.jpg,TCGA-DM-A280,TCGA-DM-A280-01Z-00-DX1,0,0.046409566,0
non-tumour/TCGA-DM-A280-01Z-00-DX1_20480_15872.jpg,TCGA-DM-A280,TCGA-DM-A280-01Z-00-DX1,0,0.91895396,1
non-tumour/TCGA-DM-A280-01Z-00-DX1_20480_16896.jpg,TCGA-DM-A280,TCGA-DM-A280-01Z-00-DX1,0,0.99771225,1
non-tumour/TCGA-DM-A280-01Z-00-DX1_20480_17408.jpg,TCGA-DM-A280,TCGA-DM-A280-01Z-00-DX1,0,0.9994081,1
non-tumour/TCGA-DM-A280-01Z-00-DX1_20480_17920.jpg,TCGA-DM-A280,TCGA-DM-A280-01Z-00-DX1,0,0.9563241,1
non-tumour/TCGA-DM-A280-01Z-00-DX1_20480_8192.jpg,TCGA-DM-A280,TCGA-DM-A280-01Z-00-DX1,0,0.99995446,1
non-tumour/TCGA-DM-A280-01Z-00-DX1_20480_9728.jpg,TCGA-DM-A280,TCGA-DM-A280-01Z-00-DX1,0,0.99969304,1
non-tumour/TCGA-DM-A280-01Z-00-DX1_20992_11264.jpg,TCGA-DM-A280,TCGA-DM-A280-01Z-00-DX1,0,0.996117,1
non-tumour/TCGA-DM-A280-01Z-00-DX1_20992_16384.jpg,TCGA-DM-A280,TCGA-DM-A280-01Z-00-DX1,0,0.51259255,1
non-tumour/TCGA-DM-A280-01Z-00-DX1_20992_16896.jpg,TCGA-DM-A280,TCGA-DM-A280-01Z-00-DX1,0,0.41148734,0
non-tumour/TCGA-DM-A280-01Z-00-DX1_20992_7680.jpg,TCGA-DM-A280,TCGA-DM-A280-01Z-00-DX1,0,0.99968123,1
non-tumour/TCGA-DM-A280-01Z-00-DX1_20992_8192.jpg,TCGA-DM-A280,TCGA-DM-A280-01Z-00-DX1,0,0.970941,1
non-tumour/TCGA-DM-A280-01Z-00-DX1_20992_9216.jpg,TCGA-DM-A280,TCGA-DM-A280-01Z-00-DX1,0,0.9999012,1
non-tumour/TCGA-DM-A280-01Z-00-DX1_21504_10240.jpg,TCGA-DM-A280,TCGA-DM-A280-01Z-00-DX1,0,0.98961663,1
non-tumour/TCGA-DM-A280-01Z-00-DX1_21504_8192.jpg,TCGA-DM-A280,TCGA-DM-A280-01Z-00-DX1,0,0.9710793,1
non-tumour/TCGA-DM-A280-01Z-00-DX1_21504_8704.jpg,TCGA-DM-A280,TCGA-DM-A280-01Z-00-DX1,0,0.75445104,1
non-tumour/TCGA-DM-A280-01Z-00-DX1_21504_9216.jpg,TCGA-DM-A280,TCGA-DM-A280-01Z-00-DX1,0,0.94873536,1
non-tumour/TCGA-DM-A280-01Z-00-DX1_22016_10240.jpg,TCGA-DM-A280,TCGA-DM-A280-01Z-00-DX1,0,0.11370915,0
non-tumour/TCGA-DM-A280-01Z-00-DX1_22016_11264.jpg,TCGA-DM-A280,TCGA-DM-A280-01Z-00-DX1,0,0.5568534,1
non-tumour/TCGA-DM-A280-01Z-00-DX1_22016_11776.jpg,TCGA-DM-A280,TCGA-DM-A280-01Z-00-DX1,0,0.9767487,1
non-tumour/TCGA-DM-A280-01Z-00-DX1_22016_6656.jpg,TCGA-DM-A280,TCGA-DM-A280-01Z-00-DX1,0,0.9691852,1
non-tumour/TCGA-DM-A280-01Z-00-DX1_22016_7168.jpg,TCGA-DM-A280,TCGA-DM-A280-01Z-00-DX1,0,0.9991572,1
non-tumour/TCGA-DM-A280-01Z-00-DX1_22016_9216.jpg,TCGA-DM-A280,TCGA-DM-A280-01Z-00-DX1,0,0.53557944,1
non-tumour/TCGA-DM-A280-01Z-00-DX1_22528_6144.jpg,TCGA-DM-A280,TCGA-DM-A280-01Z-00-DX1,0,0.9760266,1
non-tumour/TCGA-DM-A280-01Z-00-DX1_22528_7680.jpg,TCGA-DM-A280,TCGA-DM-A280-01Z-00-DX1,0,0.9468874,1
non-tumour/TCGA-DM-A280-01Z-00-DX1_22528_8192.jpg,TCGA-DM-A280,TCGA-DM-A280-01Z-00-DX1,0,0.99973434,1
non-tumour/TCGA-DM-A280-01Z-00-DX1_23040_7168.jpg,TCGA-DM-A280,TCGA-DM-A280-01Z-00-DX1,0,0.9997298,1
non-tumour/TCGA-DM-A280-01Z-00-DX1_23040_8192.jpg,TCGA-DM-A280,TCGA-DM-A280-01Z-00-DX1,0,0.9996848,1
non-tumour/TCGA-DM-A280-01Z-00-DX1_23552_6144.jpg,TCGA-DM-A280,TCGA-DM-A280-01Z-00-DX1,0,0.93208444,1
non-tumour/TCGA-DM-A280-01Z-00-DX1_23552_7168.jpg,TCGA-DM-A280,TCGA-DM-A280-01Z-00-DX1,0,0.99997985,1
non-tumour/TCGA-DM-A280-01Z-00-DX1_33280_5120.jpg,TCGA-DM-A280,TCGA-DM-A280-01Z-00-DX1,0,0.012147731,0
non-tumour/TCGA-DM-A280-01Z-00-DX1_33280_5632.jpg,TCGA-DM-A280,TCGA-DM-A280-01Z-00-DX1,0,0.0065907985,0
non-tumour/TCGA-DM-A280-01Z-00-DX1_33280_6656.jpg,TCGA-DM-A280,TCGA-DM-A280-01Z-00-DX1,0,0.057257578,0
non-tumour/TCGA-DM-A280-01Z-00-DX1_33280_7168.jpg,TCGA-DM-A280,TCGA-DM-A280-01Z-00-DX1,0,0.0059571904,0
non-tumour/TCGA-DM-A280-01Z-00-DX1_33280_7680.jpg,TCGA-DM-A280,TCGA-DM-A280-01Z-00-DX1,0,0.01543381,0
non-tumour/TCGA-DM-A280-01Z-00-DX1_33792_5632.jpg,TCGA-DM-A280,TCGA-DM-A280-01Z-00-DX1,0,0.0035375233,0
non-tumour/TCGA-DM-A280-01Z-00-DX1_33792_6144.jpg,TCGA-DM-A280,TCGA-DM-A280-01Z-00-DX1,0,0.0016613457,0
non-tumour/TCGA-DM-A280-01Z-00-DX1_33792_6656.jpg,TCGA-DM-A280,TCGA-DM-A280-01Z-00-DX1,0,0.002040672,0
non-tumour/TCGA-DM-A280-01Z-00-DX1_33792_7168.jpg,TCGA-DM-A280,TCGA-DM-A280-01Z-00-DX1,0,0.0017471155,0
non-tumour/TCGA-DM-A280-01Z-00-DX1_33792_8192.jpg,TCGA-DM-A280,TCGA-DM-A280-01Z-00-DX1,0,0.01626241,0
non-tumour/TCGA-DM-A280-01Z-00-DX1_34304_5632.jpg,TCGA-DM-A280,TCGA-DM-A280-01Z-00-DX1,0,0.04805823,0
non-tumour/TCGA-DM-A280-01Z-00-DX1_34304_6144.jpg,TCGA-DM-A280,TCGA-DM-A280-01Z-00-DX1,0,0.072761975,0
non-tumour/TCGA-DM-A280-01Z-00-DX1_34304_7168.jpg,TCGA-DM-A280,TCGA-DM-A280-01Z-00-DX1,0,0.01072852,0
non-tumour/TCGA-DM-A280-01Z-00-DX1_34304_7680.jpg,TCGA-DM-A280,TCGA-DM-A280-01Z-00-DX1,0,0.009347537,0
non-tumour/TCGA-DM-A280-01Z-00-DX1_34304_8192.jpg,TCGA-DM-A280,TCGA-DM-A280-01Z-00-DX1,0,0.0013670048,0
non-tumour/TCGA-DM-A280-01Z-00-DX1_34816_5632.jpg,TCGA-DM-A280,TCGA-DM-A280-01Z-00-DX1,0,0.004169304,0
non-tumour/TCGA-DM-A280-01Z-00-DX1_34816_6144.jpg,TCGA-DM-A280,TCGA-DM-A280-01Z-00-DX1,0,0.01951487,0
non-tumour/TCGA-DM-A280-01Z-00-DX1_34816_7680.jpg,TCGA-DM-A280,TCGA-DM-A280-01Z-00-DX1,0,0.004096979,0
non-tumour/TCGA-DM-A280-01Z-00-DX1_35328_6144.jpg,TCGA-DM-A280,TCGA-DM-A280-01Z-00-DX1,0,0.003201508,0
non-tumour/TCGA-DM-A280-01Z-00-DX1_35328_6656.jpg,TCGA-DM-A280,TCGA-DM-A280-01Z-00-DX1,0,0.0038241292,0
non-tumour/TCGA-DM-A280-01Z-00-DX1_35328_7168.jpg,TCGA-DM-A280,TCGA-DM-A280-01Z-00-DX1,0,0.008837367,0
non-tumour/TCGA-DM-A280-01Z-00-DX1_35328_7680.jpg,TCGA-DM-A280,TCGA-DM-A280-01Z-00-DX1,0,0.0024599489,0
non-tumour/TCGA-DM-A280-01Z-00-DX1_35840_5632.jpg,TCGA-DM-A280,TCGA-DM-A280-01Z-00-DX1,0,0.0111339865,0
non-tumour/TCGA-DM-A280-01Z-00-DX1_35840_7168.jpg,TCGA-DM-A280,TCGA-DM-A280-01Z-00-DX1,0,0.006344751,0
non-tumour/TCGA-DM-A280-01Z-00-DX1_35840_8192.jpg,TCGA-DM-A280,TCGA-DM-A280-01Z-00-DX1,0,0.0033606405,0
non-tumour/TCGA-DM-A280-01Z-00-DX1_35840_8704.jpg,TCGA-DM-A280,TCGA-DM-A280-01Z-00-DX1,0,0.02482959,0
non-tumour/TCGA-DM-A280-01Z-00-DX1_36352_6656.jpg,TCGA-DM-A280,TCGA-DM-A280-01Z-00-DX1,0,0.00570101,0
non-tumour/TCGA-DM-A280-01Z-00-DX1_36352_7680.jpg,TCGA-DM-A280,TCGA-DM-A280-01Z-00-DX1,0,0.0037998126,0
non-tumour/TCGA-DM-A280-01Z-00-DX1_36352_8704.jpg,TCGA-DM-A280,TCGA-DM-A280-01Z-00-DX1,0,0.0038851683,0
non-tumour/TCGA-DM-A280-01Z-00-DX1_36864_5632.jpg,TCGA-DM-A280,TCGA-DM-A280-01Z-00-DX1,0,0.031996135,0
non-tumour/TCGA-DM-A280-01Z-00-DX1_36864_6656.jpg,TCGA-DM-A280,TCGA-DM-A280-01Z-00-DX1,0,0.008147551,0
non-tumour/TCGA-DM-A280-01Z-00-DX1_36864_7168.jpg,TCGA-DM-A280,TCGA-DM-A280-01Z-00-DX1,0,0.0039936756,0
non-tumour/TCGA-DM-A280-01Z-00-DX1_37376_5632.jpg,TCGA-DM-A280,TCGA-DM-A280-01Z-00-DX1,0,0.023521991,0
non-tumour/TCGA-DM-A280-01Z-00-DX1_37376_7168.jpg,TCGA-DM-A280,TCGA-DM-A280-01Z-00-DX1,0,0.0036568083,0
non-tumour/TCGA-DM-A280-01Z-00-DX1_51200_4096.jpg,TCGA-DM-A280,TCGA-DM-A280-01Z-00-DX1,0,0.3016785,0
non-tumour/TCGA-DM-A280-01Z-00-DX1_51200_4608.jpg,TCGA-DM-A280,TCGA-DM-A280-01Z-00-DX1,0,0.10265819,0
non-tumour/TCGA-DM-A280-01Z-00-DX1_51712_4608.jpg,TCGA-DM-A280,TCGA-DM-A280-01Z-00-DX1,0,0.4721333,0
non-tumour/TCGA-DM-A280-01Z-00-DX1_52736_4608.jpg,TCGA-DM-A280,TCGA-DM-A280-01Z-00-DX1,0,0.48087975,0
non-tumour/TCGA-DM-A280-01Z-00-DX1_52736_5120.jpg,TCGA-DM-A280,TCGA-DM-A280-01Z-00-DX1,0,0.10038296,0
non-tumour/TCGA-DM-A280-01Z-00-DX1_53248_4608.jpg,TCGA-DM-A280,TCGA-DM-A280-01Z-00-DX1,0,0.58117,1
non-tumour/TCGA-DM-A280-01Z-00-DX1_53760_5632.jpg,TCGA-DM-A280,TCGA-DM-A280-01Z-00-DX1,0,0.15935156,0
non-tumour/TCGA-DM-A280-01Z-00-DX1_55296_32768.jpg,TCGA-DM-A280,TCGA-DM-A280-01Z-00-DX1,0,0.38606313,0
non-tumour/TCGA-DM-A280-01Z-00-DX1_55808_32256.jpg,TCGA-DM-A280,TCGA-DM-A280-01Z-00-DX1,0,0.008806954,0
non-tumour/TCGA-DM-A280-01Z-00-DX1_55808_32768.jpg,TCGA-DM-A280,TCGA-DM-A280-01Z-00-DX1,0,0.0008956732,0
non-tumour/TCGA-DM-A280-01Z-00-DX1_55808_33280.jpg,TCGA-DM-A280,TCGA-DM-A280-01Z-00-DX1,0,0.0060856706,0
non-tumour/TCGA-DM-A280-01Z-00-DX1_56320_32256.jpg,TCGA-DM-A280,TCGA-DM-A280-01Z-00-DX1,0,0.18114597,0
non-tumour/TCGA-DM-A280-01Z-00-DX1_56320_32768.jpg,TCGA-DM-A280,TCGA-DM-A280-01Z-00-DX1,0,0.34949368,0
non-tumour/TCGA-DM-A280-01Z-00-DX1_56320_33280.jpg,TCGA-DM-A280,TCGA-DM-A280-01Z-00-DX1,0,0.82260007,1
non-tumour/TCGA-DM-A280-01Z-00-DX1_56832_33280.jpg,TCGA-DM-A280,TCGA-DM-A280-01Z-00-DX1,0,0.37358472,0
non-tumour/TCGA-DM-A280-01Z-00-DX1_57344_32768.jpg,TCGA-DM-A280,TCGA-DM-A280-01Z-00-DX1,0,0.02630393,0
non-tumour/TCGA-DM-A280-01Z-00-DX1_58880_1536.jpg,TCGA-DM-A280,TCGA-DM-A280-01Z-00-DX1,0,0.61993396,1
non-tumour/TCGA-DM-A280-01Z-00-DX1_59392_1024.jpg,TCGA-DM-A280,TCGA-DM-A280-01Z-00-DX1,0,0.018748097,0
non-tumour/TCGA-DM-A280-01Z-00-DX1_59392_1536.jpg,TCGA-DM-A280,TCGA-DM-A280-01Z-00-DX1,0,0.043037903,0
non-tumour/TCGA-DM-A280-01Z-00-DX1_59904_1536.jpg,TCGA-DM-A280,TCGA-DM-A280-01Z-00-DX1,0,0.028987393,0
non-tumour/TCGA-DM-A280-01Z-00-DX1_75776_1536.jpg,TCGA-DM-A280,TCGA-DM-A280-01Z-00-DX1,0,0.2728418,0
non-tumour/TCGA-DM-A280-01Z-00-DX1_75776_2048.jpg,TCGA-DM-A280,TCGA-DM-A280-01Z-00-DX1,0,0.02751008,0
non-tumour/TCGA-DM-A280-01Z-00-DX1_75776_3072.jpg,TCGA-DM-A280,TCGA-DM-A280-01Z-00-DX1,0,0.08653814,0
non-tumour/TCGA-DM-A280-01Z-00-DX1_75776_3584.jpg,TCGA-DM-A280,TCGA-DM-A280-01Z-00-DX1,0,0.013524315,0
non-tumour/TCGA-DM-A280-01Z-00-DX1_75776_4608.jpg,TCGA-DM-A280,TCGA-DM-A280-01Z-00-DX1,0,0.2689304,0
non-tumour/TCGA-DM-A280-01Z-00-DX1_75776_5120.jpg,TCGA-DM-A280,TCGA-DM-A280-01Z-00-DX1,0,0.041845866,0
non-tumour/TCGA-DM-A280-01Z-00-DX1_75776_6144.jpg,TCGA-DM-A280,TCGA-DM-A280-01Z-00-DX1,0,0.091990955,0
non-tumour/TCGA-DM-A280-01Z-00-DX1_76288_0.jpg,TCGA-DM-A280,TCGA-DM-A280-01Z-00-DX1,0,0.013557595,0
non-tumour/TCGA-DM-A280-01Z-00-DX1_76288_1024.jpg,TCGA-DM-A280,TCGA-DM-A280-01Z-00-DX1,0,0.1337075,0
non-tumour/TCGA-DM-A280-01Z-00-DX1_76288_2048.jpg,TCGA-DM-A280,TCGA-DM-A280-01Z-00-DX1,0,0.35365322,0
non-tumour/TCGA-DM-A280-01Z-00-DX1_76288_3072.jpg,TCGA-DM-A280,TCGA-DM-A280-01Z-00-DX1,0,0.0014548129,0
non-tumour/TCGA-DM-A280-01Z-00-DX1_76288_3584.jpg,TCGA-DM-A280,TCGA-DM-A280-01Z-00-DX1,0,0.030700674,0
non-tumour/TCGA-DM-A280-01Z-00-DX1_76288_5632.jpg,TCGA-DM-A280,TCGA-DM-A280-01Z-00-DX1,0,0.029104391,0
non-tumour/TCGA-DM-A280-01Z-00-DX1_76800_2048.jpg,TCGA-DM-A280,TCGA-DM-A280-01Z-00-DX1,0,0.021065343,0
non-tumour/TCGA-DM-A280-01Z-00-DX1_76800_2560.jpg,TCGA-DM-A280,TCGA-DM-A280-01Z-00-DX1,0,0.63377637,1
non-tumour/TCGA-DM-A280-01Z-00-DX1_76800_3072.jpg,TCGA-DM-A280,TCGA-DM-A280-01Z-00-DX1,0,0.42259818,0
non-tumour/TCGA-DM-A280-01Z-00-DX1_76800_4096.jpg,TCGA-DM-A280,TCGA-DM-A280-01Z-00-DX1,0,0.036738798,0
non-tumour/TCGA-DM-A280-01Z-00-DX1_76800_512.jpg,TCGA-DM-A280,TCGA-DM-A280-01Z-00-DX1,0,0.14377049,0
non-tumour/TCGA-DM-A280-01Z-00-DX1_76800_5632.jpg,TCGA-DM-A280,TCGA-DM-A280-01Z-00-DX1,0,0.0051594516,0
non-tumour/TCGA-DM-A280-01Z-00-DX1_76800_6144.jpg,TCGA-DM-A280,TCGA-DM-A280-01Z-00-DX1,0,0.007938407,0
non-tumour/TCGA-DM-A280-01Z-00-DX1_77312_1024.jpg,TCGA-DM-A280,TCGA-DM-A280-01Z-00-DX1,0,0.09580779,0
non-tumour/TCGA-DM-A280-01Z-00-DX1_77312_2048.jpg,TCGA-DM-A280,TCGA-DM-A280-01Z-00-DX1,0,0.27516297,0
non-tumour/TCGA-DM-A280-01Z-00-DX1_77312_3072.jpg,TCGA-DM-A280,TCGA-DM-A280-01Z-00-DX1,0,0.03818073,0
non-tumour/TCGA-DM-A280-01Z-00-DX1_77312_3584.jpg,TCGA-DM-A280,TCGA-DM-A280-01Z-00-DX1,0,0.070023194,0
non-tumour/TCGA-DM-A280-01Z-00-DX1_77312_4096.jpg,TCGA-DM-A280,TCGA-DM-A280-01Z-00-DX1,0,0.084835656,0
non-tumour/TCGA-DM-A280-01Z-00-DX1_77312_5120.jpg,TCGA-DM-A280,TCGA-DM-A280-01Z-00-DX1,0,0.06960799,0
non-tumour/TCGA-DM-A280-01Z-00-DX1_77824_1536.jpg,TCGA-DM-A280,TCGA-DM-A280-01Z-00-DX1,0,0.14438516,0
non-tumour/TCGA-DM-A280-01Z-00-DX1_77824_2048.jpg,TCGA-DM-A280,TCGA-DM-A280-01Z-00-DX1,0,0.36108917,0
non-tumour/TCGA-DM-A280-01Z-00-DX1_77824_3584.jpg,TCGA-DM-A280,TCGA-DM-A280-01Z-00-DX1,0,0.42487302,0
non-tumour/TCGA-DM-A280-01Z-00-DX1_77824_4608.jpg,TCGA-DM-A280,TCGA-DM-A280-01Z-00-DX1,0,0.050506566,0
non-tumour/TCGA-DM-A280-01Z-00-DX1_77824_5120.jpg,TCGA-DM-A280,TCGA-DM-A280-01Z-00-DX1,0,0.18523724,0
non-tumour/TCGA-DM-A280-01Z-00-DX1_78336_1024.jpg,TCGA-DM-A280,TCGA-DM-A280-01Z-00-DX1,0,0.039735127,0
non-tumour/TCGA-DM-A280-01Z-00-DX1_78336_3072.jpg,TCGA-DM-A280,TCGA-DM-A280-01Z-00-DX1,0,0.6094278,1
non-tumour/TCGA-DM-A280-01Z-00-DX1_78336_3584.jpg,TCGA-DM-A280,TCGA-DM-A280-01Z-00-DX1,0,0.0063471114,0
non-tumour/TCGA-DM-A280-01Z-00-DX1_78336_4096.jpg,TCGA-DM-A280,TCGA-DM-A280-01Z-00-DX1,0,0.023110209,0
non-tumour/TCGA-DM-A280-01Z-00-DX1_78336_512.jpg,TCGA-DM-A280,TCGA-DM-A280-01Z-00-DX1,0,0.91011715,1
non-tumour/TCGA-DM-A280-01Z-00-DX1_78336_5632.jpg,TCGA-DM-A280,TCGA-DM-A280-01Z-00-DX1,0,0.4345063,0
non-tumour/TCGA-DM-A280-01Z-00-DX1_78848_1024.jpg,TCGA-DM-A280,TCGA-DM-A280-01Z-00-DX1,0,0.018795433,0
non-tumour/TCGA-DM-A280-01Z-00-DX1_78848_1536.jpg,TCGA-DM-A280,TCGA-DM-A280-01Z-00-DX1,0,0.0026420623,0
non-tumour/TCGA-DM-A280-01Z-00-DX1_78848_2560.jpg,TCGA-DM-A280,TCGA-DM-A280-01Z-00-DX1,0,0.115149274,0
non-tumour/TCGA-DM-A280-01Z-00-DX1_78848_3072.jpg,TCGA-DM-A280,TCGA-DM-A280-01Z-00-DX1,0,0.0962284,0
non-tumour/TCGA-DM-A280-01Z-00-DX1_78848_4608.jpg,TCGA-DM-A280,TCGA-DM-A280-01Z-00-DX1,0,0.11640031,0
non-tumour/TCGA-DM-A280-01Z-00-DX1_78848_512.jpg,TCGA-DM-A280,TCGA-DM-A280-01Z-00-DX1,0,0.24125,0
non-tumour/TCGA-DM-A280-01Z-00-DX1_78848_6144.jpg,TCGA-DM-A280,TCGA-DM-A280-01Z-00-DX1,0,0.0094994465,0
non-tumour/TCGA-DM-A280-01Z-00-DX1_79360_2048.jpg,TCGA-DM-A280,TCGA-DM-A280-01Z-00-DX1,0,0.032139495,0
non-tumour/TCGA-DM-A280-01Z-00-DX1_79360_2560.jpg,TCGA-DM-A280,TCGA-DM-A280-01Z-00-DX1,0,0.5846622,1
non-tumour/TCGA-DM-A280-01Z-00-DX1_79360_3072.jpg,TCGA-DM-A280,TCGA-DM-A280-01Z-00-DX1,0,0.033528954,0
non-tumour/TCGA-DM-A280-01Z-00-DX1_79360_4096.jpg,TCGA-DM-A280,TCGA-DM-A280-01Z-00-DX1,0,0.008554422,0
non-tumour/TCGA-DM-A280-01Z-00-DX1_79360_5120.jpg,TCGA-DM-A280,TCGA-DM-A280-01Z-00-DX1,0,0.08674259,0
non-tumour/TCGA-DM-A280-01Z-00-DX1_79360_5632.jpg,TCGA-DM-A280,TCGA-DM-A280-01Z-00-DX1,0,0.00051506486,0
non-tumour/TCGA-DM-A280-01Z-00-DX1_79872_1536.jpg,TCGA-DM-A280,TCGA-DM-A280-01Z-00-DX1,0,0.0921697,0
non-tumour/TCGA-DM-A280-01Z-00-DX1_79872_3072.jpg,TCGA-DM-A280,TCGA-DM-A280-01Z-00-DX1,0,0.19739114,0
non-tumour/TCGA-DM-A280-01Z-00-DX1_79872_4096.jpg,TCGA-DM-A280,TCGA-DM-A280-01Z-00-DX1,0,0.014230169,0
non-tumour/TCGA-DM-A280-01Z-00-DX1_79872_5120.jpg,TCGA-DM-A280,TCGA-DM-A280-01Z-00-DX1,0,0.11462463,0
non-tumour/TCGA-DM-A280-01Z-00-DX1_79872_5632.jpg,TCGA-DM-A280,TCGA-DM-A280-01Z-00-DX1,0,0.0150193395,0
non-tumour/TCGA-DM-A280-01Z-00-DX1_79872_6144.jpg,TCGA-DM-A280,TCGA-DM-A280-01Z-00-DX1,0,0.011223411,0
non-tumour/TCGA-DM-A280-01Z-00-DX1_80384_1024.jpg,TCGA-DM-A280,TCGA-DM-A280-01Z-00-DX1,0,0.25112122,0
non-tumour/TCGA-DM-A280-01Z-00-DX1_80384_512.jpg,TCGA-DM-A280,TCGA-DM-A280-01Z-00-DX1,0,0.06915463,0
non-tumour/TCGA-DM-A280-01Z-00-DX1_80384_5632.jpg,TCGA-DM-A280,TCGA-DM-A280-01Z-00-DX1,0,0.5456873,1
non-tumour/TCGA-DM-A280-01Z-00-DX1_80384_6144.jpg,TCGA-DM-A280,TCGA-DM-A280-01Z-00-DX1,0,0.006107769,0
non-tumour/TCGA-DM-A280-01Z-00-DX1_80896_3072.jpg,TCGA-DM-A280,TCGA-DM-A280-01Z-00-DX1,0,0.79581153,1
non-tumour/TCGA-DM-A280-01Z-00-DX1_80896_3584.jpg,TCGA-DM-A280,TCGA-DM-A280-01Z-00-DX1,0,0.010281108,0
non-tumour/TCGA-DM-A280-01Z-00-DX1_80896_4096.jpg,TCGA-DM-A280,TCGA-DM-A280-01Z-00-DX1,0,0.22967471,0
non-tumour/TCGA-DM-A280-01Z-00-DX1_80896_4608.jpg,TCGA-DM-A280,TCGA-DM-A280-01Z-00-DX1,0,0.001477174,0
non-tumour/TCGA-DM-A280-01Z-00-DX1_80896_5120.jpg,TCGA-DM-A280,TCGA-DM-A280-01Z-00-DX1,0,0.010135409,0
non-tumour/TCGA-DM-A280-01Z-00-DX1_80896_6144.jpg,TCGA-DM-A280,TCGA-DM-A280-01Z-00-DX1,0,0.0015505014,0
non-tumour/TCGA-DM-A280-01Z-00-DX1_81408_1024.jpg,TCGA-DM-A280,TCGA-DM-A280-01Z-00-DX1,0,0.09350601,0
non-tumour/TCGA-DM-A280-01Z-00-DX1_81408_2560.jpg,TCGA-DM-A280,TCGA-DM-A280-01Z-00-DX1,0,0.13251857,0
non-tumour/TCGA-DM-A280-01Z-00-DX1_81408_3584.jpg,TCGA-DM-A280,TCGA-DM-A280-01Z-00-DX1,0,0.0059215855,0
non-tumour/TCGA-DM-A280-01Z-00-DX1_81408_5632.jpg,TCGA-DM-A280,TCGA-DM-A280-01Z-00-DX1,0,0.04708282,0
non-tumour/TCGA-DM-A280-01Z-00-DX1_81408_6144.jpg,TCGA-DM-A280,TCGA-DM-A280-01Z-00-DX1,0,0.004223177,0
non-tumour/TCGA-DM-A280-01Z-00-DX1_81920_2048.jpg,TCGA-DM-A280,TCGA-DM-A280-01Z-00-DX1,0,0.049921263,0
non-tumour/TCGA-DM-A280-01Z-00-DX1_81920_3584.jpg,TCGA-DM-A280,TCGA-DM-A280-01Z-00-DX1,0,0.043882314,0
non-tumour/TCGA-DM-A280-01Z-00-DX1_81920_4608.jpg,TCGA-DM-A280,TCGA-DM-A280-01Z-00-DX1,0,0.024993228,0
non-tumour/TCGA-DM-A280-01Z-00-DX1_81920_512.jpg,TCGA-DM-A280,TCGA-DM-A280-01Z-00-DX1,0,0.013846286,0
non-tumour/TCGA-DM-A280-01Z-00-DX1_81920_5120.jpg,TCGA-DM-A280,TCGA-DM-A280-01Z-00-DX1,0,0.018755076,0
non-tumour/TCGA-DM-A280-01Z-00-DX1_82432_1536.jpg,TCGA-DM-A280,TCGA-DM-A280-01Z-00-DX1,0,0.0015870604,0
non-tumour/TCGA-DM-A280-01Z-00-DX1_82432_3072.jpg,TCGA-DM-A280,TCGA-DM-A280-01Z-00-DX1,0,0.13112348,0
non-tumour/TCGA-DM-A280-01Z-00-DX1_82432_3584.jpg,TCGA-DM-A280,TCGA-DM-A280-01Z-00-DX1,0,0.07589778,0
non-tumour/TCGA-DM-A280-01Z-00-DX1_82432_4096.jpg,TCGA-DM-A280,TCGA-DM-A280-01Z-00-DX1,0,0.004224208,0
non-tumour/TCGA-DM-A280-01Z-00-DX1_82432_512.jpg,TCGA-DM-A280,TCGA-DM-A280-01Z-00-DX1,0,0.1285994,0
non-tumour/TCGA-DM-A280-01Z-00-DX1_82432_5632.jpg,TCGA-DM-A280,TCGA-DM-A280-01Z-00-DX1,0,0.8854198,1
non-tumour/TCGA-DM-A280-01Z-00-DX1_82944_1536.jpg,TCGA-DM-A280,TCGA-DM-A280-01Z-00-DX1,0,0.004697692,0
non-tumour/TCGA-DM-A280-01Z-00-DX1_82944_2048.jpg,TCGA-DM-A280,TCGA-DM-A280-01Z-00-DX1,0,0.07442153,0
non-tumour/TCGA-DM-A280-01Z-00-DX1_82944_4096.jpg,TCGA-DM-A280,TCGA-DM-A280-01Z-00-DX1,0,0.0392902,0
non-tumour/TCGA-DM-A280-01Z-00-DX1_83456_1024.jpg,TCGA-DM-A280,TCGA-DM-A280-01Z-00-DX1,0,0.02352871,0
non-tumour/TCGA-DM-A280-01Z-00-DX1_83456_1536.jpg,TCGA-DM-A280,TCGA-DM-A280-01Z-00-DX1,0,0.021157445,0
non-tumour/TCGA-DM-A280-01Z-00-DX1_83456_2048.jpg,TCGA-DM-A280,TCGA-DM-A280-01Z-00-DX1,0,0.03042712,0
non-tumour/TCGA-DM-A280-01Z-00-DX1_83456_2560.jpg,TCGA-DM-A280,TCGA-DM-A280-01Z-00-DX1,0,0.01918242,0
non-tumour/TCGA-DM-A280-01Z-00-DX1_83456_4096.jpg,TCGA-DM-A280,TCGA-DM-A280-01Z-00-DX1,0,0.029204825,0
non-tumour/TCGA-DM-A280-01Z-00-DX1_83456_6144.jpg,TCGA-DM-A280,TCGA-DM-A280-01Z-00-DX1,0,0.20293802,0
non-tumour/TCGA-DM-A280-01Z-00-DX1_83968_1024.jpg,TCGA-DM-A280,TCGA-DM-A280-01Z-00-DX1,0,0.10283788,0
non-tumour/TCGA-DM-A280-01Z-00-DX1_83968_2560.jpg,TCGA-DM-A280,TCGA-DM-A280-01Z-00-DX1,0,0.3162605,0
non-tumour/TCGA-DM-A280-01Z-00-DX1_83968_3072.jpg,TCGA-DM-A280,TCGA-DM-A280-01Z-00-DX1,0,0.0018628025,0
non-tumour/TCGA-DM-A280-01Z-00-DX1_83968_4608.jpg,TCGA-DM-A280,TCGA-DM-A280-01Z-00-DX1,0,0.006491372,0
non-tumour/TCGA-DM-A280-01Z-00-DX1_83968_5120.jpg,TCGA-DM-A280,TCGA-DM-A280-01Z-00-DX1,0,0.6319439,1
non-tumour/TCGA-DM-A280-01Z-00-DX1_83968_6144.jpg,TCGA-DM-A280,TCGA-DM-A280-01Z-00-DX1,0,0.13543166,0
non-tumour/TCGA-DM-A280-01Z-00-DX1_84480_2560.jpg,TCGA-DM-A280,TCGA-DM-A280-01Z-00-DX1,0,0.010640075,0
non-tumour/TCGA-DM-A280-01Z-00-DX1_84480_3584.jpg,TCGA-DM-A280,TCGA-DM-A280-01Z-00-DX1,0,0.0071026636,0
non-tumour/TCGA-WS-AB45-01Z-00-DX1_14336_33280.jpg,TCGA-WS-AB45,TCGA-WS-AB45-01Z-00-DX1,0,0.026571989,0
non-tumour/TCGA-WS-AB45-01Z-00-DX1_14848_33280.jpg,TCGA-WS-AB45,TCGA-WS-AB45-01Z-00-DX1,0,0.11963389,0
non-tumour/TCGA-WS-AB45-01Z-00-DX1_15872_33280.jpg,TCGA-WS-AB45,TCGA-WS-AB45-01Z-00-DX1,0,0.025854072,0
non-tumour/TCGA-WS-AB45-01Z-00-DX1_15872_33792.jpg,TCGA-WS-AB45,TCGA-WS-AB45-01Z-00-DX1,0,0.017478429,0
non-tumour/TCGA-WS-AB45-01Z-00-DX1_15872_34304.jpg,TCGA-WS-AB45,TCGA-WS-AB45-01Z-00-DX1,0,0.017157689,0
non-tumour/TCGA-WS-AB45-01Z-00-DX1_16384_32768.jpg,TCGA-WS-AB45,TCGA-WS-AB45-01Z-00-DX1,0,0.0013468349,0
non-tumour/TCGA-WS-AB45-01Z-00-DX1_16384_33280.jpg,TCGA-WS-AB45,TCGA-WS-AB45-01Z-00-DX1,0,0.061575003,0
non-tumour/TCGA-WS-AB45-01Z-00-DX1_16384_35328.jpg,TCGA-WS-AB45,TCGA-WS-AB45-01Z-00-DX1,0,0.12805612,0
non-tumour/TCGA-WS-AB45-01Z-00-DX1_16384_35840.jpg,TCGA-WS-AB45,TCGA-WS-AB45-01Z-00-DX1,0,0.27615306,0
non-tumour/TCGA-WS-AB45-01Z-00-DX1_16384_36352.jpg,TCGA-WS-AB45,TCGA-WS-AB45-01Z-00-DX1,0,0.5318083,1
non-tumour/TCGA-WS-AB45-01Z-00-DX1_16896_33792.jpg,TCGA-WS-AB45,TCGA-WS-AB45-01Z-00-DX1,0,0.45664755,0
non-tumour/TCGA-WS-AB45-01Z-00-DX1_16896_34304.jpg,TCGA-WS-AB45,TCGA-WS-AB45-01Z-00-DX1,0,0.32352376,0
non-tumour/TCGA-WS-AB45-01Z-00-DX1_16896_34816.jpg,TCGA-WS-AB45,TCGA-WS-AB45-01Z-00-DX1,0,0.338403,0
non-tumour/TCGA-WS-AB45-01Z-00-DX1_16896_35328.jpg,TCGA-WS-AB45,TCGA-WS-AB45-01Z-00-DX1,0,0.02223867,0
non-tumour/TCGA-WS-AB45-01Z-00-DX1_16896_35840.jpg,TCGA-WS-AB45,TCGA-WS-AB45-01Z-00-DX1,0,0.15480465,0
non-tumour/TCGA-WS-AB45-01Z-00-DX1_16896_36352.jpg,TCGA-WS-AB45,TCGA-WS-AB45-01Z-00-DX1,0,0.71519935,1
non-tumour/TCGA-WS-AB45-01Z-00-DX1_17408_32768.jpg,TCGA-WS-AB45,TCGA-WS-AB45-01Z-00-DX1,0,0.004060016,0
non-tumour/TCGA-WS-AB45-01Z-00-DX1_17408_33280.jpg,TCGA-WS-AB45,TCGA-WS-AB45-01Z-00-DX1,0,0.31278005,0
non-tumour/TCGA-WS-AB45-01Z-00-DX1_17408_34304.jpg,TCGA-WS-AB45,TCGA-WS-AB45-01Z-00-DX1,0,0.06782326,0
non-tumour/TCGA-WS-AB45-01Z-00-DX1_17408_34816.jpg,TCGA-WS-AB45,TCGA-WS-AB45-01Z-00-DX1,0,0.18488057,0
non-tumour/TCGA-WS-AB45-01Z-00-DX1_17408_35328.jpg,TCGA-WS-AB45,TCGA-WS-AB45-01Z-00-DX1,0,0.14405666,0
non-tumour/TCGA-WS-AB45-01Z-00-DX1_17408_36352.jpg,TCGA-WS-AB45,TCGA-WS-AB45-01Z-00-DX1,0,0.14900461,0
non-tumour/TCGA-WS-AB45-01Z-00-DX1_17408_36864.jpg,TCGA-WS-AB45,TCGA-WS-AB45-01Z-00-DX1,0,0.91756743,1
non-tumour/TCGA-WS-AB45-01Z-00-DX1_17920_32256.jpg,TCGA-WS-AB45,TCGA-WS-AB45-01Z-00-DX1,0,0.007351029,0
non-tumour/TCGA-WS-AB45-01Z-00-DX1_17920_33280.jpg,TCGA-WS-AB45,TCGA-WS-AB45-01Z-00-DX1,0,0.009411851,0
non-tumour/TCGA-WS-AB45-01Z-00-DX1_17920_34816.jpg,TCGA-WS-AB45,TCGA-WS-AB45-01Z-00-DX1,0,0.9324091,1
non-tumour/TCGA-WS-AB45-01Z-00-DX1_17920_35328.jpg,TCGA-WS-AB45,TCGA-WS-AB45-01Z-00-DX1,0,0.20758313,0
non-tumour/TCGA-WS-AB45-01Z-00-DX1_17920_36864.jpg,TCGA-WS-AB45,TCGA-WS-AB45-01Z-00-DX1,0,0.017643645,0
non-tumour/TCGA-WS-AB45-01Z-00-DX1_18432_32256.jpg,TCGA-WS-AB45,TCGA-WS-AB45-01Z-00-DX1,0,0.0038405024,0
non-tumour/TCGA-WS-AB45-01Z-00-DX1_18432_32768.jpg,TCGA-WS-AB45,TCGA-WS-AB45-01Z-00-DX1,0,0.0053766104,0
non-tumour/TCGA-WS-AB45-01Z-00-DX1_18432_34304.jpg,TCGA-WS-AB45,TCGA-WS-AB45-01Z-00-DX1,0,0.32715836,0
non-tumour/TCGA-WS-AB45-01Z-00-DX1_18432_34816.jpg,TCGA-WS-AB45,TCGA-WS-AB45-01Z-00-DX1,0,0.6662957,1
non-tumour/TCGA-WS-AB45-01Z-00-DX1_18432_35328.jpg,TCGA-WS-AB45,TCGA-WS-AB45-01Z-00-DX1,0,0.14152637,0
non-tumour/TCGA-WS-AB45-01Z-00-DX1_18432_35840.jpg,TCGA-WS-AB45,TCGA-WS-AB45-01Z-00-DX1,0,0.08553958,0
non-tumour/TCGA-WS-AB45-01Z-00-DX1_18432_36352.jpg,TCGA-WS-AB45,TCGA-WS-AB45-01Z-00-DX1,0,0.15384762,0
non-tumour/TCGA-WS-AB45-01Z-00-DX1_18944_33280.jpg,TCGA-WS-AB45,TCGA-WS-AB45-01Z-00-DX1,0,0.0066713677,0
non-tumour/TCGA-WS-AB45-01Z-00-DX1_18944_33792.jpg,TCGA-WS-AB45,TCGA-WS-AB45-01Z-00-DX1,0,0.001946771,0
non-tumour/TCGA-WS-AB45-01Z-00-DX1_18944_34816.jpg,TCGA-WS-AB45,TCGA-WS-AB45-01Z-00-DX1,0,0.021899166,0
non-tumour/TCGA-WS-AB45-01Z-00-DX1_18944_35328.jpg,TCGA-WS-AB45,TCGA-WS-AB45-01Z-00-DX1,0,0.13773838,0
non-tumour/TCGA-WS-AB45-01Z-00-DX1_18944_35840.jpg,TCGA-WS-AB45,TCGA-WS-AB45-01Z-00-DX1,0,0.0126026785,0
non-tumour/TCGA-WS-AB45-01Z-00-DX1_18944_36864.jpg,TCGA-WS-AB45,TCGA-WS-AB45-01Z-00-DX1,0,0.0352952,0
non-tumour/TCGA-WS-AB45-01Z-00-DX1_19456_32768.jpg,TCGA-WS-AB45,TCGA-WS-AB45-01Z-00-DX1,0,0.0037116145,0
non-tumour/TCGA-WS-AB45-01Z-00-DX1_19456_33280.jpg,TCGA-WS-AB45,TCGA-WS-AB45-01Z-00-DX1,0,0.017029313,0
non-tumour/TCGA-WS-AB45-01Z-00-DX1_19456_33792.jpg,TCGA-WS-AB45,TCGA-WS-AB45-01Z-00-DX1,0,0.008729711,0
non-tumour/TCGA-WS-AB45-01Z-00-DX1_19456_35840.jpg,TCGA-WS-AB45,TCGA-WS-AB45-01Z-00-DX1,0,0.17588997,0
non-tumour/TCGA-WS-AB45-01Z-00-DX1_19968_34816.jpg,TCGA-WS-AB45,TCGA-WS-AB45-01Z-00-DX1,0,0.0026509103,0
non-tumour/TCGA-WS-AB45-01Z-00-DX1_19968_35840.jpg,TCGA-WS-AB45,TCGA-WS-AB45-01Z-00-DX1,0,0.00078375207,0
non-tumour/TCGA-WS-AB45-01Z-00-DX1_20480_34304.jpg,TCGA-WS-AB45,TCGA-WS-AB45-01Z-00-DX1,0,0.034623004,0
non-tumour/TCGA-WS-AB45-01Z-00-DX1_20480_35328.jpg,TCGA-WS-AB45,TCGA-WS-AB45-01Z-00-DX1,0,0.0016436512,0
non-tumour/TCGA-WS-AB45-01Z-00-DX1_20992_34304.jpg,TCGA-WS-AB45,TCGA-WS-AB45-01Z-00-DX1,0,0.82922965,1
non-tumour/TCGA-WS-AB45-01Z-00-DX1_20992_36352.jpg,TCGA-WS-AB45,TCGA-WS-AB45-01Z-00-DX1,0,0.008977021,0
non-tumour/TCGA-WS-AB45-01Z-00-DX1_21504_33792.jpg,TCGA-WS-AB45,TCGA-WS-AB45-01Z-00-DX1,0,0.024087286,0
non-tumour/TCGA-WS-AB45-01Z-00-DX1_21504_34816.jpg,TCGA-WS-AB45,TCGA-WS-AB45-01Z-00-DX1,0,0.5868809,1
non-tumour/TCGA-WS-AB45-01Z-00-DX1_21504_35840.jpg,TCGA-WS-AB45,TCGA-WS-AB45-01Z-00-DX1,0,0.012689211,0
non-tumour/TCGA-WS-AB45-01Z-00-DX1_22016_35328.jpg,TCGA-WS-AB45,TCGA-WS-AB45-01Z-00-DX1,0,0.030999761,0
non-tumour/TCGA-WS-AB45-01Z-00-DX1_22016_35840.jpg,TCGA-WS-AB45,TCGA-WS-AB45-01Z-00-DX1,0,0.18042259,0
non-tumour/TCGA-WS-AB45-01Z-00-DX1_22016_36352.jpg,TCGA-WS-AB45,TCGA-WS-AB45-01Z-00-DX1,0,0.009371606,0
non-tumour/TCGA-WS-AB45-01Z-00-DX1_22528_34304.jpg,TCGA-WS-AB45,TCGA-WS-AB45-01Z-00-DX1,0,0.20518799,0
non-tumour/TCGA-WS-AB45-01Z-00-DX1_22528_34816.jpg,TCGA-WS-AB45,TCGA-WS-AB45-01Z-00-DX1,0,0.003332186,0
non-tumour/TCGA-WS-AB45-01Z-00-DX1_22528_36352.jpg,TCGA-WS-AB45,TCGA-WS-AB45-01Z-00-DX1,0,0.006412775,0
non-tumour/TCGA-WS-AB45-01Z-00-DX1_22528_36864.jpg,TCGA-WS-AB45,TCGA-WS-AB45-01Z-00-DX1,0,0.031460542,0
non-tumour/TCGA-WS-AB45-01Z-00-DX1_23040_36352.jpg,TCGA-WS-AB45,TCGA-WS-AB45-01Z-00-DX1,0,0.035089288,0
non-tumour/TCGA-WS-AB45-01Z-00-DX1_23040_36864.jpg,TCGA-WS-AB45,TCGA-WS-AB45-01Z-00-DX1,0,0.019715087,0
non-tumour/TCGA-WS-AB45-01Z-00-DX1_23552_34816.jpg,TCGA-WS-AB45,TCGA-WS-AB45-01Z-00-DX1,0,0.0009604311,0
non-tumour/TCGA-WS-AB45-01Z-00-DX1_23552_35840.jpg,TCGA-WS-AB45,TCGA-WS-AB45-01Z-00-DX1,0,0.0019188694,0
non-tumour/TCGA-WS-AB45-01Z-00-DX1_24064_35840.jpg,TCGA-WS-AB45,TCGA-WS-AB45-01Z-00-DX1,0,0.00031894044,0
non-tumour/TCGA-WS-AB45-01Z-00-DX1_24064_36352.jpg,TCGA-WS-AB45,TCGA-WS-AB45-01Z-00-DX1,0,0.007835397,0
non-tumour/TCGA-WS-AB45-01Z-00-DX1_35840_25088.jpg,TCGA-WS-AB45,TCGA-WS-AB45-01Z-00-DX1,0,0.07578962,0
non-tumour/TCGA-WS-AB45-01Z-00-DX1_35840_25600.jpg,TCGA-WS-AB45,TCGA-WS-AB45-01Z-00-DX1,0,0.20319901,0
non-tumour/TCGA-WS-AB45-01Z-00-DX1_36352_27136.jpg,TCGA-WS-AB45,TCGA-WS-AB45-01Z-00-DX1,0,0.064641565,0
non-tumour/TCGA-WS-AB45-01Z-00-DX1_36864_25600.jpg,TCGA-WS-AB45,TCGA-WS-AB45-01Z-00-DX1,0,0.020736722,0
non-tumour/TCGA-WS-AB45-01Z-00-DX1_36864_27136.jpg,TCGA-WS-AB45,TCGA-WS-AB45-01Z-00-DX1,0,0.024482645,0
non-tumour/TCGA-WS-AB45-01Z-00-DX1_36864_27648.jpg,TCGA-WS-AB45,TCGA-WS-AB45-01Z-00-DX1,0,0.030023761,0
non-tumour/TCGA-WS-AB45-01Z-00-DX1_37376_25600.jpg,TCGA-WS-AB45,TCGA-WS-AB45-01Z-00-DX1,0,0.012216491,0
non-tumour/TCGA-WS-AB45-01Z-00-DX1_37376_27136.jpg,TCGA-WS-AB45,TCGA-WS-AB45-01Z-00-DX1,0,0.025977505,0
non-tumour/TCGA-WS-AB45-01Z-00-DX1_37888_25600.jpg,TCGA-WS-AB45,TCGA-WS-AB45-01Z-00-DX1,0,0.03186419,0
non-tumour/TCGA-WS-AB45-01Z-00-DX1_37888_26112.jpg,TCGA-WS-AB45,TCGA-WS-AB45-01Z-00-DX1,0,0.032994665,0
non-tumour/TCGA-WS-AB45-01Z-00-DX1_37888_27136.jpg,TCGA-WS-AB45,TCGA-WS-AB45-01Z-00-DX1,0,0.033288028,0
non-tumour/TCGA-WS-AB45-01Z-00-DX1_37888_27648.jpg,TCGA-WS-AB45,TCGA-WS-AB45-01Z-00-DX1,0,0.0073332326,0
non-tumour/TCGA-WS-AB45-01Z-00-DX1_38400_26624.jpg,TCGA-WS-AB45,TCGA-WS-AB45-01Z-00-DX1,0,0.034419835,0
non-tumour/TCGA-WS-AB45-01Z-00-DX1_38912_24576.jpg,TCGA-WS-AB45,TCGA-WS-AB45-01Z-00-DX1,0,0.003557431,0
non-tumour/TCGA-WS-AB45-01Z-00-DX1_38912_25088.jpg,TCGA-WS-AB45,TCGA-WS-AB45-01Z-00-DX1,0,0.025284521,0
non-tumour/TCGA-WS-AB45-01Z-00-DX1_38912_26112.jpg,TCGA-WS-AB45,TCGA-WS-AB45-01Z-00-DX1,0,0.054351665,0
non-tumour/TCGA-WS-AB45-01Z-00-DX1_45568_1024.jpg,TCGA-WS-AB45,TCGA-WS-AB45-01Z-00-DX1,0,0.0063000494,0
non-tumour/TCGA-WS-AB45-01Z-00-DX1_45568_2560.jpg,TCGA-WS-AB45,TCGA-WS-AB45-01Z-00-DX1,0,0.022699079,0
non-tumour/TCGA-WS-AB45-01Z-00-DX1_45568_3584.jpg,TCGA-WS-AB45,TCGA-WS-AB45-01Z-00-DX1,0,0.009045185,0
non-tumour/TCGA-WS-AB45-01Z-00-DX1_45568_4096.jpg,TCGA-WS-AB45,TCGA-WS-AB45-01Z-00-DX1,0,0.0018708719,0
non-tumour/TCGA-WS-AB45-01Z-00-DX1_46080_1024.jpg,TCGA-WS-AB45,TCGA-WS-AB45-01Z-00-DX1,0,0.0018208451,0
non-tumour/TCGA-WS-AB45-01Z-00-DX1_46080_4096.jpg,TCGA-WS-AB45,TCGA-WS-AB45-01Z-00-DX1,0,0.04566688,0
non-tumour/TCGA-WS-AB45-01Z-00-DX1_46080_5120.jpg,TCGA-WS-AB45,TCGA-WS-AB45-01Z-00-DX1,0,0.009473884,0
non-tumour/TCGA-WS-AB45-01Z-00-DX1_46080_5632.jpg,TCGA-WS-AB45,TCGA-WS-AB45-01Z-00-DX1,0,0.0016922414,0
non-tumour/TCGA-WS-AB45-01Z-00-DX1_46592_1024.jpg,TCGA-WS-AB45,TCGA-WS-AB45-01Z-00-DX1,0,0.0031898834,0
non-tumour/TCGA-WS-AB45-01Z-00-DX1_46592_2048.jpg,TCGA-WS-AB45,TCGA-WS-AB45-01Z-00-DX1,0,0.009655701,0
non-tumour/TCGA-WS-AB45-01Z-00-DX1_46592_2560.jpg,TCGA-WS-AB45,TCGA-WS-AB45-01Z-00-DX1,0,0.0073745297,0
non-tumour/TCGA-WS-AB45-01Z-00-DX1_46592_3072.jpg,TCGA-WS-AB45,TCGA-WS-AB45-01Z-00-DX1,0,0.00065824087,0
non-tumour/TCGA-WS-AB45-01Z-00-DX1_46592_3584.jpg,TCGA-WS-AB45,TCGA-WS-AB45-01Z-00-DX1,0,0.0018041631,0
non-tumour/TCGA-WS-AB45-01Z-00-DX1_46592_4096.jpg,TCGA-WS-AB45,TCGA-WS-AB45-01Z-00-DX1,0,0.010376644,0
non-tumour/TCGA-WS-AB45-01Z-00-DX1_46592_4608.jpg,TCGA-WS-AB45,TCGA-WS-AB45-01Z-00-DX1,0,0.012211664,0
non-tumour/TCGA-WS-AB45-01Z-00-DX1_46592_5632.jpg,TCGA-WS-AB45,TCGA-WS-AB45-01Z-00-DX1,0,0.0003564726,0
non-tumour/TCGA-WS-AB45-01Z-00-DX1_46592_6144.jpg,TCGA-WS-AB45,TCGA-WS-AB45-01Z-00-DX1,0,0.00021949812,0
non-tumour/TCGA-WS-AB45-01Z-00-DX1_47104_1024.jpg,TCGA-WS-AB45,TCGA-WS-AB45-01Z-00-DX1,0,0.0004113188,0
non-tumour/TCGA-WS-AB45-01Z-00-DX1_47104_3072.jpg,TCGA-WS-AB45,TCGA-WS-AB45-01Z-00-DX1,0,0.14770758,0
non-tumour/TCGA-WS-AB45-01Z-00-DX1_47104_3584.jpg,TCGA-WS-AB45,TCGA-WS-AB45-01Z-00-DX1,0,0.019734979,0
non-tumour/TCGA-WS-AB45-01Z-00-DX1_47104_4096.jpg,TCGA-WS-AB45,TCGA-WS-AB45-01Z-00-DX1,0,0.011706385,0
non-tumour/TCGA-WS-AB45-01Z-00-DX1_47104_4608.jpg,TCGA-WS-AB45,TCGA-WS-AB45-01Z-00-DX1,0,0.013188901,0
non-tumour/TCGA-WS-AB45-01Z-00-DX1_47104_512.jpg,TCGA-WS-AB45,TCGA-WS-AB45-01Z-00-DX1,0,0.0055750273,0
non-tumour/TCGA-WS-AB45-01Z-00-DX1_47104_5632.jpg,TCGA-WS-AB45,TCGA-WS-AB45-01Z-00-DX1,0,0.00045408623,0
non-tumour/TCGA-WS-AB45-01Z-00-DX1_47616_0.jpg,TCGA-WS-AB45,TCGA-WS-AB45-01Z-00-DX1,0,0.01665248,0
non-tumour/TCGA-WS-AB45-01Z-00-DX1_47616_1536.jpg,TCGA-WS-AB45,TCGA-WS-AB45-01Z-00-DX1,0,0.21985689,0
non-tumour/TCGA-WS-AB45-01Z-00-DX1_47616_4096.jpg,TCGA-WS-AB45,TCGA-WS-AB45-01Z-00-DX1,0,0.096729934,0
non-tumour/TCGA-WS-AB45-01Z-00-DX1_47616_4608.jpg,TCGA-WS-AB45,TCGA-WS-AB45-01Z-00-DX1,0,0.04364236,0
non-tumour/TCGA-WS-AB45-01Z-00-DX1_47616_512.jpg,TCGA-WS-AB45,TCGA-WS-AB45-01Z-00-DX1,0,0.77973056,1
non-tumour/TCGA-WS-AB45-01Z-00-DX1_47616_6144.jpg,TCGA-WS-AB45,TCGA-WS-AB45-01Z-00-DX1,0,0.0011483928,0
non-tumour/TCGA-WS-AB45-01Z-00-DX1_48128_5120.jpg,TCGA-WS-AB45,TCGA-WS-AB45-01Z-00-DX1,0,0.12736379,0
non-tumour/TCGA-WS-AB45-01Z-00-DX1_48128_5632.jpg,TCGA-WS-AB45,TCGA-WS-AB45-01Z-00-DX1,0,0.14387362,0
non-tumour/TCGA-WS-AB45-01Z-00-DX1_48640_7168.jpg,TCGA-WS-AB45,TCGA-WS-AB45-01Z-00-DX1,0,0.028976707,0
tumour/TCGA-4N-A93T-01Z-00-DX2_10240_15872.jpg,TCGA-4N-A93T,TCGA-4N-A93T-01Z-00-DX2,1,0.7829138,1
tumour/TCGA-4N-A93T-01Z-00-DX2_10240_16384.jpg,TCGA-4N-A93T,TCGA-4N-A93T-01Z-00-DX2,1,0.9938251,1
tumour/TCGA-4N-A93T-01Z-00-DX2_10240_16896.jpg,TCGA-4N-A93T,TCGA-4N-A93T-01Z-00-DX2,1,0.9995901,1
tumour/TCGA-4N-A93T-01Z-00-DX2_10240_17408.jpg,TCGA-4N-A93T,TCGA-4N-A93T-01Z-00-DX2,1,0.9981102,1
tumour/TCGA-4N-A93T-01Z-00-DX2_10240_17920.jpg,TCGA-4N-A93T,TCGA-4N-A93T-01Z-00-DX2,1,0.999569,1
tumour/TCGA-4N-A93T-01Z-00-DX2_10240_22528.jpg,TCGA-4N-A93T,TCGA-4N-A93T-01Z-00-DX2,1,0.9623079,1
tumour/TCGA-4N-A93T-01Z-00-DX2_10240_23552.jpg,TCGA-4N-A93T,TCGA-4N-A93T-01Z-00-DX2,1,0.99773884,1
tumour/TCGA-4N-A93T-01Z-00-DX2_10240_35328.jpg,TCGA-4N-A93T,TCGA-4N-A93T-01Z-00-DX2,1,0.99092615,1
tumour/TCGA-4N-A93T-01Z-00-DX2_10240_37888.jpg,TCGA-4N-A93T,TCGA-4N-A93T-01Z-00-DX2,1,0.9946096,1
tumour/TCGA-4N-A93T-01Z-00-DX2_10240_38400.jpg,TCGA-4N-A93T,TCGA-4N-A93T-01Z-00-DX2,1,0.99384516,1
tumour/TCGA-4N-A93T-01Z-00-DX2_10240_38912.jpg,TCGA-4N-A93T,TCGA-4N-A93T-01Z-00-DX2,1,0.9998031,1
tumour/TCGA-4N-A93T-01Z-00-DX2_10752_16384.jpg,TCGA-4N-A93T,TCGA-4N-A93T-01Z-00-DX2,1,0.9961772,1
tumour/TCGA-4N-A93T-01Z-00-DX2_10752_16896.jpg,TCGA-4N-A93T,TCGA-4N-A93T-01Z-00-DX2,1,0.9971993,1
tumour/TCGA-4N-A93T-01Z-00-DX2_10752_18432.jpg,TCGA-4N-A93T,TCGA-4N-A93T-01Z-00-DX2,1,0.9980046,1
tumour/TCGA-4N-A93T-01Z-00-DX2_10752_22528.jpg,TCGA-4N-A93T,TCGA-4N-A93T-01Z-00-DX2,1,0.99976975,1
tumour/TCGA-4N-A93T-01Z-00-DX2_10752_23040.jpg,TCGA-4N-A93T,TCGA-4N-A93T-01Z-00-DX2,1,0.9991134,1
tumour/TCGA-4N-A93T-01Z-00-DX2_10752_23552.jpg,TCGA-4N-A93T,TCGA-4N-A93T-01Z-00-DX2,1,0.99973184,1
tumour/TCGA-4N-A93T-01Z-00-DX2_10752_24064.jpg,TCGA-4N-A93T,TCGA-4N-A93T-01Z-00-DX2,1,0.8651098,1
tumour/TCGA-4N-A93T-01Z-00-DX2_10752_24576.jpg,TCGA-4N-A93T,TCGA-4N-A93T-01Z-00-DX2,1,0.98980635,1
tumour/TCGA-4N-A93T-01Z-00-DX2_10752_34304.jpg,TCGA-4N-A93T,TCGA-4N-A93T-01Z-00-DX2,1,0.99957687,1
tumour/TCGA-4N-A93T-01Z-00-DX2_10752_34816.jpg,TCGA-4N-A93T,TCGA-4N-A93T-01Z-00-DX2,1,0.99939096,1
tumour/TCGA-4N-A93T-01Z-00-DX2_10752_35840.jpg,TCGA-4N-A93T,TCGA-4N-A93T-01Z-00-DX2,1,0.99993217,1
tumour/TCGA-4N-A93T-01Z-00-DX2_10752_36352.jpg,TCGA-4N-A93T,TCGA-4N-A93T-01Z-00-DX2,1,0.9998889,1
tumour/TCGA-4N-A93T-01Z-00-DX2_11264_15360.jpg,TCGA-4N-A93T,TCGA-4N-A93T-01Z-00-DX2,1,0.9652797,1
tumour/TCGA-4N-A93T-01Z-00-DX2_11264_16896.jpg,TCGA-4N-A93T,TCGA-4N-A93T-01Z-00-DX2,1,0.9997471,1
tumour/TCGA-4N-A93T-01Z-00-DX2_11264_18432.jpg,TCGA-4N-A93T,TCGA-4N-A93T-01Z-00-DX2,1,0.99664116,1
tumour/TCGA-4N-A93T-01Z-00-DX2_11264_18944.jpg,TCGA-4N-A93T,TCGA-4N-A93T-01Z-00-DX2,1,0.9383731,1
tumour/TCGA-4N-A93T-01Z-00-DX2_11264_22528.jpg,TCGA-4N-A93T,TCGA-4N-A93T-01Z-00-DX2,1,0.91396856,1
tumour/TCGA-4N-A93T-01Z-00-DX2_11264_23040.jpg,TCGA-4N-A93T,TCGA-4N-A93T-01Z-00-DX2,1,0.99937063,1
tumour/TCGA-4N-A93T-01Z-00-DX2_11264_23552.jpg,TCGA-4N-A93T,TCGA-4N-A93T-01Z-00-DX2,1,0.9999882,1
tumour/TCGA-4N-A93T-01Z-00-DX2_11264_24064.jpg,TCGA-4N-A93T,TCGA-4N-A93T-01Z-00-DX2,1,0.9959402,1
tumour/TCGA-4N-A93T-01Z-00-DX2_11264_25088.jpg,TCGA-4N-A93T,TCGA-4N-A93T-01Z-00-DX2,1,0.99995315,1
tumour/TCGA-4N-A93T-01Z-00-DX2_11264_25600.jpg,TCGA-4N-A93T,TCGA-4N-A93T-01Z-00-DX2,1,0.99980253,1
tumour/TCGA-4N-A93T-01Z-00-DX2_11264_26112.jpg,TCGA-4N-A93T,TCGA-4N-A93T-01Z-00-DX2,1,0.99926716,1
tumour/TCGA-4N-A93T-01Z-00-DX2_11264_34304.jpg,TCGA-4N-A93T,TCGA-4N-A93T-01Z-00-DX2,1,0.999969,1
tumour/TCGA-4N-A93T-01Z-00-DX2_11264_35840.jpg,TCGA-4N-A93T,TCGA-4N-A93T-01Z-00-DX2,1,0.99845386,1
tumour/TCGA-4N-A93T-01Z-00-DX2_11776_15360.jpg,TCGA-4N-A93T,TCGA-4N-A93T-01Z-00-DX2,1,0.50919574,1
tumour/TCGA-4N-A93T-01Z-00-DX2_11776_15872.jpg,TCGA-4N-A93T,TCGA-4N-A93T-01Z-00-DX2,1,0.9994961,1
tumour/TCGA-4N-A93T-01Z-00-DX2_11776_16896.jpg,TCGA-4N-A93T,TCGA-4N-A93T-01Z-00-DX2,1,0.9998987,1
tumour/TCGA-4N-A93T-01Z-00-DX2_11776_17408.jpg,TCGA-4N-A93T,TCGA-4N-A93T-01Z-00-DX2,1,0.99775046,1
tumour/TCGA-4N-A93T-01Z-00-DX2_11776_18944.jpg,TCGA-4N-A93T,TCGA-4N-A93T-01Z-00-DX2,1,0.93365246,1
tumour/TCGA-4N-A93T-01Z-00-DX2_11776_23040.jpg,TCGA-4N-A93T,TCGA-4N-A93T-01Z-00-DX2,1,0.99989724,1
tumour/TCGA-4N-A93T-01Z-00-DX2_11776_23552.jpg,TCGA-4N-A93T,TCGA-4N-A93T-01Z-00-DX2,1,0.9998553,1
tumour/TCGA-4N-A93T-01Z-00-DX2_11776_24064.jpg,TCGA-4N-A93T,TCGA-4N-A93T-01Z-00-DX2,1,0.9982626,1
tumour/TCGA-4N-A93T-01Z-00-DX2_11776_24576.jpg,TCGA-4N-A93T,TCGA-4N-A93T-01Z-00-DX2,1,0.89471126,1
tumour/TCGA-4N-A93T-01Z-00-DX2_11776_25088.jpg,TCGA-4N-A93T,TCGA-4N-A93T-01Z-00-DX2,1,0.99932647,1
tumour/TCGA-4N-A93T-01Z-00-DX2_11776_26112.jpg,TCGA-4N-A93T,TCGA-4N-A93T-01Z-00-DX2,1,0.9999218,1
tumour/TCGA-4N-A93T-01Z-00-DX2_11776_26624.jpg,TCGA-4N-A93T,TCGA-4N-A93T-01Z-00-DX2,1,0.7139085,1
tumour/TCGA-4N-A93T-01Z-00-DX2_12288_15872.jpg,TCGA-4N-A93T,TCGA-4N-A93T-01Z-00-DX2,1,0.9591103,1
tumour/TCGA-4N-A93T-01Z-00-DX2_12288_16896.jpg,TCGA-4N-A93T,TCGA-4N-A93T-01Z-00-DX2,1,0.9940501,1
tumour/TCGA-4N-A93T-01Z-00-DX2_12288_18944.jpg,TCGA-4N-A93T,TCGA-4N-A93T-01Z-00-DX2,1,0.9981357,1
tumour/TCGA-4N-A93T-01Z-00-DX2_12288_22528.jpg,TCGA-4N-A93T,TCGA-4N-A93T-01Z-00-DX2,1,0.9973858,1
tumour/TCGA-4N-A93T-01Z-00-DX2_12288_24576.jpg,TCGA-4N-A93T,TCGA-4N-A93T-01Z-00-DX2,1,0.98992145,1
tumour/TCGA-4N-A93T-01Z-00-DX2_12288_25088.jpg,TCGA-4N-A93T,TCGA-4N-A93T-01Z-00-DX2,1,0.99942636,1
tumour/TCGA-4N-A93T-01Z-00-DX2_12288_25600.jpg,TCGA-4N-A93T,TCGA-4N-A93T-01Z-00-DX2,1,0.9993923,1
tumour/TCGA-4N-A93T-01Z-00-DX2_12288_26112.jpg,TCGA-4N-A93T,TCGA-4N-A93T-01Z-00-DX2,1,0.9876359,1
tumour/TCGA-4N-A93T-01Z-00-DX2_12288_26624.jpg,TCGA-4N-A93T,TCGA-4N-A93T-01Z-00-DX2,1,0.99967396,1
tumour/TCGA-4N-A93T-01Z-00-DX2_12800_17408.jpg,TCGA-4N-A93T,TCGA-4N-A93T-01Z-00-DX2,1,0.9968354,1
tumour/TCGA-4N-A93T-01Z-00-DX2_12800_22016.jpg,TCGA-4N-A93T,TCGA-4N-A93T-01Z-00-DX2,1,0.9926402,1
tumour/TCGA-4N-A93T-01Z-00-DX2_12800_22528.jpg,TCGA-4N-A93T,TCGA-4N-A93T-01Z-00-DX2,1,0.99943966,1
tumour/TCGA-4N-A93T-01Z-00-DX2_12800_24576.jpg,TCGA-4N-A93T,TCGA-4N-A93T-01Z-00-DX2,1,0.99980825,1
tumour/TCGA-4N-A93T-01Z-00-DX2_12800_25088.jpg,TCGA-4N-A93T,TCGA-4N-A93T-01Z-00-DX2,1,0.98720527,1
tumour/TCGA-4N-A93T-01Z-00-DX2_12800_26624.jpg,TCGA-4N-A93T,TCGA-4N-A93T-01Z-00-DX2,1,0.9991455,1
tumour/TCGA-4N-A93T-01Z-00-DX2_12800_27136.jpg,TCGA-4N-A93T,TCGA-4N-A93T-01Z-00-DX2,1,0.9926224,1
tumour/TCGA-4N-A93T-01Z-00-DX2_13312_22528.jpg,TCGA-4N-A93T,TCGA-4N-A93T-01Z-00-DX2,1,0.9819181,1
tumour/TCGA-4N-A93T-01Z-00-DX2_13312_23040.jpg,TCGA-4N-A93T,TCGA-4N-A93T-01Z-00-DX2,1,0.97799563,1
tumour/TCGA-4N-A93T-01Z-00-DX2_13312_24064.jpg,TCGA-4N-A93T,TCGA-4N-A93T-01Z-00-DX2,1,0.9770156,1
tumour/TCGA-4N-A93T-01Z-00-DX2_13312_24576.jpg,TCGA-4N-A93T,TCGA-4N-A93T-01Z-00-DX2,1,0.7994167,1
tumour/TCGA-4N-A93T-01Z-00-DX2_13312_25088.jpg,TCGA-4N-A93T,TCGA-4N-A93T-01Z-00-DX2,1,0.99512225,1
tumour/TCGA-4N-A93T-01Z-00-DX2_13312_26112.jpg,TCGA-4N-A93T,TCGA-4N-A93T-01Z-00-DX2,1,0.99945086,1
tumour/TCGA-4N-A93T-01Z-00-DX2_13312_27136.jpg,TCGA-4N-A93T,TCGA-4N-A93T-01Z-00-DX2,1,0.9995783,1
tumour/TCGA-4N-A93T-01Z-00-DX2_13824_16896.jpg,TCGA-4N-A93T,TCGA-4N-A93T-01Z-00-DX2,1,0.5663748,1
tumour/TCGA-4N-A93T-01Z-00-DX2_14336_15360.jpg,TCGA-4N-A93T,TCGA-4N-A93T-01Z-00-DX2,1,0.9963659,1
tumour/TCGA-4N-A93T-01Z-00-DX2_14336_16384.jpg,TCGA-4N-A93T,TCGA-4N-A93T-01Z-00-DX2,1,0.9996667,1
tumour/TCGA-4N-A93T-01Z-00-DX2_14336_23552.jpg,TCGA-4N-A93T,TCGA-4N-A93T-01Z-00-DX2,1,0.9637832,1
tumour/TCGA-4N-A93T-01Z-00-DX2_14336_24064.jpg,TCGA-4N-A93T,TCGA-4N-A93T-01Z-00-DX2,1,0.9987023,1
tumour/TCGA-4N-A93T-01Z-00-DX2_14336_25600.jpg,TCGA-4N-A93T,TCGA-4N-A93T-01Z-00-DX2,1,0.9964838,1
tumour/TCGA-4N-A93T-01Z-00-DX2_14848_15360.jpg,TCGA-4N-A93T,TCGA-4N-A93T-01Z-00-DX2,1,0.9526795,1
tumour/TCGA-4N-A93T-01Z-00-DX2_14848_15872.jpg,TCGA-4N-A93T,TCGA-4N-A93T-01Z-00-DX2,1,0.99907124,1
tumour/TCGA-4N-A93T-01Z-00-DX2_14848_16384.jpg,TCGA-4N-A93T,TCGA-4N-A93T-01Z-00-DX2,1,0.9928798,1
tumour/TCGA-4N-A93T-01Z-00-DX2_14848_16896.jpg,TCGA-4N-A93T,TCGA-4N-A93T-01Z-00-DX2,1,0.9966407,1
tumour/TCGA-4N-A93T-01Z-00-DX2_14848_17408.jpg,TCGA-4N-A93T,TCGA-4N-A93T-01Z-00-DX2,1,0.9994006,1
tumour/TCGA-4N-A93T-01Z-00-DX2_14848_17920.jpg,TCGA-4N-A93T,TCGA-4N-A93T-01Z-00-DX2,1,0.9993661,1
tumour/TCGA-4N-A93T-01Z-00-DX2_14848_18432.jpg,TCGA-4N-A93T,TCGA-4N-A93T-01Z-00-DX2,1,0.938022,1
tumour/TCGA-4N-A93T-01Z-00-DX2_14848_25600.jpg,TCGA-4N-A93T,TCGA-4N-A93T-01Z-00-DX2,1,0.9998995,1
tumour/TCGA-4N-A93T-01Z-00-DX2_15360_15872.jpg,TCGA-4N-A93T,TCGA-4N-A93T-01Z-00-DX2,1,0.9963108,1
tumour/TCGA-4N-A93T-01Z-00-DX2_15360_17408.jpg,TCGA-4N-A93T,TCGA-4N-A93T-01Z-00-DX2,1,0.9988481,1
tumour/TCGA-4N-A93T-01Z-00-DX2_15360_17920.jpg,TCGA-4N-A93T,TCGA-4N-A93T-01Z-00-DX2,1,0.9999546,1
tumour/TCGA-4N-A93T-01Z-00-DX2_15360_18432.jpg,TCGA-4N-A93T,TCGA-4N-A93T-01Z-00-DX2,1,0.9919727,1
tumour/TCGA-4N-A93T-01Z-00-DX2_15360_18944.jpg,TCGA-4N-A93T,TCGA-4N-A93T-01Z-00-DX2,1,0.92008764,1
tumour/TCGA-4N-A93T-01Z-00-DX2_15872_15872.jpg,TCGA-4N-A93T,TCGA-4N-A93T-01Z-00-DX2,1,0.9995413,1
tumour/TCGA-4N-A93T-01Z-00-DX2_15872_16384.jpg,TCGA-4N-A93T,TCGA-4N-A93T-01Z-00-DX2,1,0.8428521,1
tumour/TCGA-4N-A93T-01Z-00-DX2_15872_16896.jpg,TCGA-4N-A93T,TCGA-4N-A93T-01Z-00-DX2,1,0.4388941,0
tumour/TCGA-4N-A93T-01Z-00-DX2_15872_17920.jpg,TCGA-4N-A93T,TCGA-4N-A93T-01Z-00-DX2,1,0.99822146,1
tumour/TCGA-4N-A93T-01Z-00-DX2_16384_16896.jpg,TCGA-4N-A93T,TCGA-4N-A93T-01Z-00-DX2,1,0.99660957,1
tumour/TCGA-4N-A93T-01Z-00-DX2_16384_18432.jpg,TCGA-4N-A93T,TCGA-4N-A93T-01Z-00-DX2,1,0.70060974,1
tumour/TCGA-4N-A93T-01Z-00-DX2_16896_16384.jpg,TCGA-4N-A93T,TCGA-4N-A93T-01Z-00-DX2,1,0.7841388,1
tumour/TCGA-4N-A93T-01Z-00-DX2_16896_16896.jpg,TCGA-4N-A93T,TCGA-4N-A93T-01Z-00-DX2,1,0.8892179,1
tumour/TCGA-4N-A93T-01Z-00-DX2_16896_17920.jpg,TCGA-4N-A93T,TCGA-4N-A93T-01Z-00-DX2,1,0.9506019,1
tumour/TCGA-4N-A93T-01Z-00-DX2_17408_17408.jpg,TCGA-4N-A93T,TCGA-4N-A93T-01Z-00-DX2,1,0.96579385,1
tumour/TCGA-4N-A93T-01Z-00-DX2_17408_17920.jpg,TCGA-4N-A93T,TCGA-4N-A93T-01Z-00-DX2,1,0.9866729,1
tumour/TCGA-4N-A93T-01Z-00-DX2_17408_18432.jpg,TCGA-4N-A93T,TCGA-4N-A93T-01Z-00-DX2,1,0.9984352,1
tumour/TCGA-4N-A93T-01Z-00-DX2_37888_29184.jpg,TCGA-4N-A93T,TCGA-4N-A93T-01Z-00-DX2,1,0.8636049,1
tumour/TCGA-4N-A93T-01Z-00-DX2_38400_29696.jpg,TCGA-4N-A93T,TCGA-4N-A93T-01Z-00-DX2,1,0.99462986,1
tumour/TCGA-4N-A93T-01Z-00-DX2_38400_30208.jpg,TCGA-4N-A93T,TCGA-4N-A93T-01Z-00-DX2,1,0.999126,1
tumour/TCGA-4N-A93T-01Z-00-DX2_38400_30720.jpg,TCGA-4N-A93T,TCGA-4N-A93T-01Z-00-DX2,1,0.9937616,1
tumour/TCGA-4N-A93T-01Z-00-DX2_38400_31232.jpg,TCGA-4N-A93T,TCGA-4N-A93T-01Z-00-DX2,1,0.9587341,1
tumour/TCGA-4N-A93T-01Z-00-DX2_38400_33280.jpg,TCGA-4N-A93T,TCGA-4N-A93T-01Z-00-DX2,1,0.99655545,1
tumour/TCGA-4N-A93T-01Z-00-DX2_38912_29696.jpg,TCGA-4N-A93T,TCGA-4N-A93T-01Z-00-DX2,1,0.9993298,1
tumour/TCGA-4N-A93T-01Z-00-DX2_38912_30208.jpg,TCGA-4N-A93T,TCGA-4N-A93T-01Z-00-DX2,1,0.9878869,1
tumour/TCGA-4N-A93T-01Z-00-DX2_38912_30720.jpg,TCGA-4N-A93T,TCGA-4N-A93T-01Z-00-DX2,1,0.9494922,1
tumour/TCGA-4N-A93T-01Z-00-DX2_38912_31232.jpg,TCGA-4N-A93T,TCGA-4N-A93T-01Z-00-DX2,1,0.9889804,1
tumour/TCGA-4N-A93T-01Z-00-DX2_38912_32256.jpg,TCGA-4N-A93T,TCGA-4N-A93T-01Z-00-DX2,1,0.99872774,1
tumour/TCGA-4N-A93T-01Z-00-DX2_38912_34304.jpg,TCGA-4N-A93T,TCGA-4N-A93T-01Z-00-DX2,1,0.9974716,1
tumour/TCGA-4N-A93T-01Z-00-DX2_39424_29184.jpg,TCGA-4N-A93T,TCGA-4N-A93T-01Z-00-DX2,1,0.9982925,1
tumour/TCGA-4N-A93T-01Z-00-DX2_39424_30208.jpg,TCGA-4N-A93T,TCGA-4N-A93T-01Z-00-DX2,1,0.99662966,1
tumour/TCGA-4N-A93T-01Z-00-DX2_39424_31744.jpg,TCGA-4N-A93T,TCGA-4N-A93T-01Z-00-DX2,1,0.9997727,1
tumour/TCGA-4N-A93T-01Z-00-DX2_39424_32256.jpg,TCGA-4N-A93T,TCGA-4N-A93T-01Z-00-DX2,1,0.99966466,1
tumour/TCGA-4N-A93T-01Z-00-DX2_39424_33280.jpg,TCGA-4N-A93T,TCGA-4N-A93T-01Z-00-DX2,1,0.99980193,1
tumour/TCGA-4N-A93T-01Z-00-DX2_39424_34816.jpg,TCGA-4N-A93T,TCGA-4N-A93T-01Z-00-DX2,1,0.99978155,1
tumour/TCGA-4N-A93T-01Z-00-DX2_39936_30208.jpg,TCGA-4N-A93T,TCGA-4N-A93T-01Z-00-DX2,1,0.9907506,1
tumour/TCGA-4N-A93T-01Z-00-DX2_39936_31232.jpg,TCGA-4N-A93T,TCGA-4N-A93T-01Z-00-DX2,1,0.99418277,1
tumour/TCGA-4N-A93T-01Z-00-DX2_39936_32256.jpg,TCGA-4N-A93T,TCGA-4N-A93T-01Z-00-DX2,1,0.99950373,1
tumour/TCGA-4N-A93T-01Z-00-DX2_39936_32768.jpg,TCGA-4N-A93T,TCGA-4N-A93T-01Z-00-DX2,1,0.99269193,1
tumour/TCGA-4N-A93T-01Z-00-DX2_39936_33280.jpg,TCGA-4N-A93T,TCGA-4N-A93T-01Z-00-DX2,1,0.9995857,1
tumour/TCGA-4N-A93T-01Z-00-DX2_39936_34304.jpg,TCGA-4N-A93T,TCGA-4N-A93T-01Z-00-DX2,1,0.9977544,1
tumour/TCGA-4N-A93T-01Z-00-DX2_40448_30208.jpg,TCGA-4N-A93T,TCGA-4N-A93T-01Z-00-DX2,1,0.99185467,1
tumour/TCGA-4N-A93T-01Z-00-DX2_40448_30720.jpg,TCGA-4N-A93T,TCGA-4N-A93T-01Z-00-DX2,1,0.99754876,1
tumour/TCGA-4N-A93T-01Z-00-DX2_40448_31232.jpg,TCGA-4N-A93T,TCGA-4N-A93T-01Z-00-DX2,1,0.9967623,1
tumour/TCGA-4N-A93T-01Z-00-DX2_40448_32256.jpg,TCGA-4N-A93T,TCGA-4N-A93T-01Z-00-DX2,1,0.9999292,1
tumour/TCGA-4N-A93T-01Z-00-DX2_40448_32768.jpg,TCGA-4N-A93T,TCGA-4N-A93T-01Z-00-DX2,1,0.996591,1
tumour/TCGA-4N-A93T-01Z-00-DX2_40448_33280.jpg,TCGA-4N-A93T,TCGA-4N-A93T-01Z-00-DX2,1,0.9998504,1
tumour/TCGA-4N-A93T-01Z-00-DX2_40960_29696.jpg,TCGA-4N-A93T,TCGA-4N-A93T-01Z-00-DX2,1,0.9403022,1
tumour/TCGA-4N-A93T-01Z-00-DX2_40960_30208.jpg,TCGA-4N-A93T,TCGA-4N-A93T-01Z-00-DX2,1,0.9989981,1
tumour/TCGA-4N-A93T-01Z-00-DX2_40960_31232.jpg,TCGA-4N-A93T,TCGA-4N-A93T-01Z-00-DX2,1,0.9998178,1
tumour/TCGA-4N-A93T-01Z-00-DX2_40960_32768.jpg,TCGA-4N-A93T,TCGA-4N-A93T-01Z-00-DX2,1,0.9980326,1
tumour/TCGA-4N-A93T-01Z-00-DX2_40960_33280.jpg,TCGA-4N-A93T,TCGA-4N-A93T-01Z-00-DX2,1,0.9997284,1
tumour/TCGA-4N-A93T-01Z-00-DX2_41472_30720.jpg,TCGA-4N-A93T,TCGA-4N-A93T-01Z-00-DX2,1,0.9997682,1
tumour/TCGA-4N-A93T-01Z-00-DX2_41472_32256.jpg,TCGA-4N-A93T,TCGA-4N-A93T-01Z-00-DX2,1,0.99896336,1
tumour/TCGA-4N-A93T-01Z-00-DX2_41472_32768.jpg,TCGA-4N-A93T,TCGA-4N-A93T-01Z-00-DX2,1,0.9997019,1
tumour/TCGA-4N-A93T-01Z-00-DX2_41472_33280.jpg,TCGA-4N-A93T,TCGA-4N-A93T-01Z-00-DX2,1,0.9870646,1
tumour/TCGA-4N-A93T-01Z-00-DX2_41984_31232.jpg,TCGA-4N-A93T,TCGA-4N-A93T-01Z-00-DX2,1,0.9996481,1
tumour/TCGA-4N-A93T-01Z-00-DX2_41984_32256.jpg,TCGA-4N-A93T,TCGA-4N-A93T-01Z-00-DX2,1,0.9999387,1
tumour/TCGA-4N-A93T-01Z-00-DX2_41984_32768.jpg,TCGA-4N-A93T,TCGA-4N-A93T-01Z-00-DX2,1,0.99119556,1
tumour/TCGA-4N-A93T-01Z-00-DX2_43008_30720.jpg,TCGA-4N-A93T,TCGA-4N-A93T-01Z-00-DX2,1,0.98829913,1
tumour/TCGA-4N-A93T-01Z-00-DX2_43520_32256.jpg,TCGA-4N-A93T,TCGA-4N-A93T-01Z-00-DX2,1,0.98590547,1
tumour/TCGA-4N-A93T-01Z-00-DX2_6656_39424.jpg,TCGA-4N-A93T,TCGA-4N-A93T-01Z-00-DX2,1,0.9998903,1
tumour/TCGA-4N-A93T-01Z-00-DX2_7168_37888.jpg,TCGA-4N-A93T,TCGA-4N-A93T-01Z-00-DX2,1,0.99907255,1
tumour/TCGA-4N-A93T-01Z-00-DX2_7168_38400.jpg,TCGA-4N-A93T,TCGA-4N-A93T-01Z-00-DX2,1,0.99956435,1
tumour/TCGA-4N-A93T-01Z-00-DX2_7680_37888.jpg,TCGA-4N-A93T,TCGA-4N-A93T-01Z-00-DX2,1,0.99935657,1
tumour/TCGA-4N-A93T-01Z-00-DX2_7680_39424.jpg,TCGA-4N-A93T,TCGA-4N-A93T-01Z-00-DX2,1,0.9998604,1
tumour/TCGA-4N-A93T-01Z-00-DX2_7680_39936.jpg,TCGA-4N-A93T,TCGA-4N-A93T-01Z-00-DX2,1,0.9999677,1
tumour/TCGA-4N-A93T-01Z-00-DX2_8192_34816.jpg,TCGA-4N-A93T,TCGA-4N-A93T-01Z-00-DX2,1,0.99885607,1
tumour/TCGA-4N-A93T-01Z-00-DX2_8192_35328.jpg,TCGA-4N-A93T,TCGA-4N-A93T-01Z-00-DX2,1,0.9986609,1
tumour/TCGA-4N-A93T-01Z-00-DX2_8192_37376.jpg,TCGA-4N-A93T,TCGA-4N-A93T-01Z-00-DX2,1,0.99977714,1
tumour/TCGA-4N-A93T-01Z-00-DX2_8192_38400.jpg,TCGA-4N-A93T,TCGA-4N-A93T-01Z-00-DX2,1,0.99937856,1
tumour/TCGA-4N-A93T-01Z-00-DX2_8704_33792.jpg,TCGA-4N-A93T,TCGA-4N-A93T-01Z-00-DX2,1,0.9963213,1
tumour/TCGA-4N-A93T-01Z-00-DX2_8704_34304.jpg,TCGA-4N-A93T,TCGA-4N-A93T-01Z-00-DX2,1,0.999966,1
tumour/TCGA-4N-A93T-01Z-00-DX2_8704_39424.jpg,TCGA-4N-A93T,TCGA-4N-A93T-01Z-00-DX2,1,0.96528184,1
tumour/TCGA-4N-A93T-01Z-00-DX2_9216_34304.jpg,TCGA-4N-A93T,TCGA-4N-A93T-01Z-00-DX2,1,0.99850464,1
tumour/TCGA-4N-A93T-01Z-00-DX2_9216_34816.jpg,TCGA-4N-A93T,TCGA-4N-A93T-01Z-00-DX2,1,0.99913317,1
tumour/TCGA-4N-A93T-01Z-00-DX2_9216_35840.jpg,TCGA-4N-A93T,TCGA-4N-A93T-01Z-00-DX2,1,0.99984694,1
tumour/TCGA-4N-A93T-01Z-00-DX2_9216_37888.jpg,TCGA-4N-A93T,TCGA-4N-A93T-01Z-00-DX2,1,0.99929976,1
tumour/TCGA-4N-A93T-01Z-00-DX2_9216_38912.jpg,TCGA-4N-A93T,TCGA-4N-A93T-01Z-00-DX2,1,0.99972314,1
tumour/TCGA-4N-A93T-01Z-00-DX2_9216_39936.jpg,TCGA-4N-A93T,TCGA-4N-A93T-01Z-00-DX2,1,0.99997723,1
tumour/TCGA-4N-A93T-01Z-00-DX2_9728_17408.jpg,TCGA-4N-A93T,TCGA-4N-A93T-01Z-00-DX2,1,0.99468684,1
tumour/TCGA-4N-A93T-01Z-00-DX2_9728_23552.jpg,TCGA-4N-A93T,TCGA-4N-A93T-01Z-00-DX2,1,0.909086,1
tumour/TCGA-4N-A93T-01Z-00-DX2_9728_33280.jpg,TCGA-4N-A93T,TCGA-4N-A93T-01Z-00-DX2,1,0.98317057,1
tumour/TCGA-4N-A93T-01Z-00-DX2_9728_34816.jpg,TCGA-4N-A93T,TCGA-4N-A93T-01Z-00-DX2,1,0.9904364,1
tumour/TCGA-4N-A93T-01Z-00-DX2_9728_37888.jpg,TCGA-4N-A93T,TCGA-4N-A93T-01Z-00-DX2,1,0.9990263,1
tumour/TCGA-4N-A93T-01Z-00-DX2_9728_38912.jpg,TCGA-4N-A93T,TCGA-4N-A93T-01Z-00-DX2,1,0.999938,1
tumour/TCGA-4N-A93T-01Z-00-DX2_9728_39424.jpg,TCGA-4N-A93T,TCGA-4N-A93T-01Z-00-DX2,1,0.9998754,1
tumour/TCGA-5M-AAT6-01Z-00-DX1_24064_25600.jpg,TCGA-5M-AAT6,TCGA-5M-AAT6-01Z-00-DX1,1,0.49023426,0
tumour/TCGA-5M-AAT6-01Z-00-DX1_24576_24064.jpg,TCGA-5M-AAT6,TCGA-5M-AAT6-01Z-00-DX1,1,0.9330301,1
tumour/TCGA-5M-AAT6-01Z-00-DX1_24576_24576.jpg,TCGA-5M-AAT6,TCGA-5M-AAT6-01Z-00-DX1,1,0.78482366,1
tumour/TCGA-5M-AAT6-01Z-00-DX1_24576_25088.jpg,TCGA-5M-AAT6,TCGA-5M-AAT6-01Z-00-DX1,1,0.9872591,1
tumour/TCGA-5M-AAT6-01Z-00-DX1_24576_26112.jpg,TCGA-5M-AAT6,TCGA-5M-AAT6-01Z-00-DX1,1,0.6039266,1
tumour/TCGA-5M-AAT6-01Z-00-DX1_24576_26624.jpg,TCGA-5M-AAT6,TCGA-5M-AAT6-01Z-00-DX1,1,0.9533612,1
tumour/TCGA-5M-AAT6-01Z-00-DX1_25088_27136.jpg,TCGA-5M-AAT6,TCGA-5M-AAT6-01Z-00-DX1,1,0.8293636,1
tumour/TCGA-5M-AAT6-01Z-00-DX1_25600_23552.jpg,TCGA-5M-AAT6,TCGA-5M-AAT6-01Z-00-DX1,1,0.99256235,1
tumour/TCGA-5M-AAT6-01Z-00-DX1_25600_25600.jpg,TCGA-5M-AAT6,TCGA-5M-AAT6-01Z-00-DX1,1,0.6780595,1
tumour/TCGA-5M-AAT6-01Z-00-DX1_25600_26624.jpg,TCGA-5M-AAT6,TCGA-5M-AAT6-01Z-00-DX1,1,0.77675647,1
tumour/TCGA-5M-AAT6-01Z-00-DX1_25600_27136.jpg,TCGA-5M-AAT6,TCGA-5M-AAT6-01Z-00-DX1,1,0.96411294,1
tumour/TCGA-5M-AAT6-01Z-00-DX1_26112_21504.jpg,TCGA-5M-AAT6,TCGA-5M-AAT6-01Z-00-DX1,1,0.8012236,1
tumour/TCGA-5M-AAT6-01Z-00-DX1_26112_22016.jpg,TCGA-5M-AAT6,TCGA-5M-AAT6-01Z-00-DX1,1,0.9227277,1
tumour/TCGA-5M-AAT6-01Z-00-DX1_26112_23040.jpg,TCGA-5M-AAT6,TCGA-5M-AAT6-01Z-00-DX1,1,0.8622022,1
tumour/TCGA-5M-AAT6-01Z-00-DX1_26112_23552.jpg,TCGA-5M-AAT6,TCGA-5M-AAT6-01Z-00-DX1,1,0.9835775,1
tumour/TCGA-5M-AAT6-01Z-00-DX1_26112_25088.jpg,TCGA-5M-AAT6,TCGA-5M-AAT6-01Z-00-DX1,1,0.98796535,1
tumour/TCGA-5M-AAT6-01Z-00-DX1_26112_25600.jpg,TCGA-5M-AAT6,TCGA-5M-AAT6-01Z-00-DX1,1,0.9780557,1
tumour/TCGA-5M-AAT6-01Z-00-DX1_26112_26112.jpg,TCGA-5M-AAT6,TCGA-5M-AAT6-01Z-00-DX1,1,0.9683077,1
tumour/TCGA-5M-AAT6-01Z-00-DX1_26112_27136.jpg,TCGA-5M-AAT6,TCGA-5M-AAT6-01Z-00-DX1,1,0.9984977,1
tumour/TCGA-5M-AAT6-01Z-00-DX1_26624_17920.jpg,TCGA-5M-AAT6,TCGA-5M-AAT6-01Z-00-DX1,1,0.918957,1
tumour/TCGA-5M-AAT6-01Z-00-DX1_26624_18944.jpg,TCGA-5M-AAT6,TCGA-5M-AAT6-01Z-00-DX1,1,0.79616743,1
tumour/TCGA-5M-AAT6-01Z-00-DX1_26624_19968.jpg,TCGA-5M-AAT6,TCGA-5M-AAT6-01Z-00-DX1,1,0.5257982,1
tumour/TCGA-5M-AAT6-01Z-00-DX1_26624_20480.jpg,TCGA-5M-AAT6,TCGA-5M-AAT6-01Z-00-DX1,1,0.8644204,1
tumour/TCGA-5M-AAT6-01Z-00-DX1_26624_20992.jpg,TCGA-5M-AAT6,TCGA-5M-AAT6-01Z-00-DX1,1,0.9469602,1
tumour/TCGA-5M-AAT6-01Z-00-DX1_26624_22016.jpg,TCGA-5M-AAT6,TCGA-5M-AAT6-01Z-00-DX1,1,0.96841127,1
tumour/TCGA-5M-AAT6-01Z-00-DX1_26624_22528.jpg,TCGA-5M-AAT6,TCGA-5M-AAT6-01Z-00-DX1,1,0.9985667,1
tumour/TCGA-5M-AAT6-01Z-00-DX1_26624_23552.jpg,TCGA-5M-AAT6,TCGA-5M-AAT6-01Z-00-DX1,1,0.99922,1
tumour/TCGA-5M-AAT6-01Z-00-DX1_26624_24064.jpg,TCGA-5M-AAT6,TCGA-5M-AAT6-01Z-00-DX1,1,0.98533994,1
tumour/TCGA-5M-AAT6-01Z-00-DX1_26624_24576.jpg,TCGA-5M-AAT6,TCGA-5M-AAT6-01Z-00-DX1,1,0.9809671,1
tumour/TCGA-5M-AAT6-01Z-00-DX1_26624_26112.jpg,TCGA-5M-AAT6,TCGA-5M-AAT6-01Z-00-DX1,1,0.78452694,1
tumour/TCGA-5M-AAT6-01Z-00-DX1_27136_17408.jpg,TCGA-5M-AAT6,TCGA-5M-AAT6-01Z-00-DX1,1,0.8511897,1
tumour/TCGA-5M-AAT6-01Z-00-DX1_27136_17920.jpg,TCGA-5M-AAT6,TCGA-5M-AAT6-01Z-00-DX1,1,0.9641742,1
tumour/TCGA-5M-AAT6-01Z-00-DX1_27136_18944.jpg,TCGA-5M-AAT6,TCGA-5M-AAT6-01Z-00-DX1,1,0.7884997,1
tumour/TCGA-5M-AAT6-01Z-00-DX1_27136_19456.jpg,TCGA-5M-AAT6,TCGA-5M-AAT6-01Z-00-DX1,1,0.9572637,1
tumour/TCGA-5M-AAT6-01Z-00-DX1_27136_20480.jpg,TCGA-5M-AAT6,TCGA-5M-AAT6-01Z-00-DX1,1,0.993262,1
tumour/TCGA-5M-AAT6-01Z-00-DX1_27136_21504.jpg,TCGA-5M-AAT6,TCGA-5M-AAT6-01Z-00-DX1,1,0.9974718,1
tumour/TCGA-5M-AAT6-01Z-00-DX1_27136_22528.jpg,TCGA-5M-AAT6,TCGA-5M-AAT6-01Z-00-DX1,1,0.9933767,1
tumour/TCGA-5M-AAT6-01Z-00-DX1_27136_23552.jpg,TCGA-5M-AAT6,TCGA-5M-AAT6-01Z-00-DX1,1,0.9550748,1
tumour/TCGA-5M-AAT6-01Z-00-DX1_27136_25088.jpg,TCGA-5M-AAT6,TCGA-5M-AAT6-01Z-00-DX1,1,0.83115935,1
tumour/TCGA-5M-AAT6-01Z-00-DX1_27136_26112.jpg,TCGA-5M-AAT6,TCGA-5M-AAT6-01Z-00-DX1,1,0.9317996,1
tumour/TCGA-5M-AAT6-01Z-00-DX1_27136_26624.jpg,TCGA-5M-AAT6,TCGA-5M-AAT6-01Z-00-DX1,1,0.9930137,1
tumour/TCGA-5M-AAT6-01Z-00-DX1_27136_27136.jpg,TCGA-5M-AAT6,TCGA-5M-AAT6-01Z-00-DX1,1,0.9501249,1
tumour/TCGA-5M-AAT6-01Z-00-DX1_27648_14848.jpg,TCGA-5M-AAT6,TCGA-5M-AAT6-01Z-00-DX1,1,0.99850696,1
tumour/TCGA-5M-AAT6-01Z-00-DX1_27648_17408.jpg,TCGA-5M-AAT6,TCGA-5M-AAT6-01Z-00-DX1,1,0.9476732,1
tumour/TCGA-5M-AAT6-01Z-00-DX1_27648_19968.jpg,TCGA-5M-AAT6,TCGA-5M-AAT6-01Z-00-DX1,1,0.79067963,1
tumour/TCGA-5M-AAT6-01Z-00-DX1_27648_21504.jpg,TCGA-5M-AAT6,TCGA-5M-AAT6-01Z-00-DX1,1,0.77848333,1
tumour/TCGA-5M-AAT6-01Z-00-DX1_27648_22528.jpg,TCGA-5M-AAT6,TCGA-5M-AAT6-01Z-00-DX1,1,0.9935794,1
tumour/TCGA-5M-AAT6-01Z-00-DX1_27648_23040.jpg,TCGA-5M-AAT6,TCGA-5M-AAT6-01Z-00-DX1,1,0.99556243,1
tumour/TCGA-5M-AAT6-01Z-00-DX1_27648_24064.jpg,TCGA-5M-AAT6,TCGA-5M-AAT6-01Z-00-DX1,1,0.93632054,1
tumour/TCGA-5M-AAT6-01Z-00-DX1_27648_24576.jpg,TCGA-5M-AAT6,TCGA-5M-AAT6-01Z-00-DX1,1,0.99883455,1
tumour/TCGA-5M-AAT6-01Z-00-DX1_27648_25600.jpg,TCGA-5M-AAT6,TCGA-5M-AAT6-01Z-00-DX1,1,0.88815314,1
tumour/TCGA-5M-AAT6-01Z-00-DX1_27648_26112.jpg,TCGA-5M-AAT6,TCGA-5M-AAT6-01Z-00-DX1,1,0.9134269,1
tumour/TCGA-5M-AAT6-01Z-00-DX1_28160_10240.jpg,TCGA-5M-AAT6,TCGA-5M-AAT6-01Z-00-DX1,1,0.8777887,1
tumour/TCGA-5M-AAT6-01Z-00-DX1_28160_11264.jpg,TCGA-5M-AAT6,TCGA-5M-AAT6-01Z-00-DX1,1,0.98692733,1
tumour/TCGA-5M-AAT6-01Z-00-DX1_28160_12800.jpg,TCGA-5M-AAT6,TCGA-5M-AAT6-01Z-00-DX1,1,0.9836659,1
tumour/TCGA-5M-AAT6-01Z-00-DX1_28160_13824.jpg,TCGA-5M-AAT6,TCGA-5M-AAT6-01Z-00-DX1,1,0.92432916,1
tumour/TCGA-5M-AAT6-01Z-00-DX1_28160_14336.jpg,TCGA-5M-AAT6,TCGA-5M-AAT6-01Z-00-DX1,1,0.98850423,1
tumour/TCGA-5M-AAT6-01Z-00-DX1_28160_14848.jpg,TCGA-5M-AAT6,TCGA-5M-AAT6-01Z-00-DX1,1,0.96482086,1
tumour/TCGA-5M-AAT6-01Z-00-DX1_28160_15360.jpg,TCGA-5M-AAT6,TCGA-5M-AAT6-01Z-00-DX1,1,0.14243762,0
tumour/TCGA-5M-AAT6-01Z-00-DX1_28160_15872.jpg,TCGA-5M-AAT6,TCGA-5M-AAT6-01Z-00-DX1,1,0.91257954,1
tumour/TCGA-5M-AAT6-01Z-00-DX1_28160_16896.jpg,TCGA-5M-AAT6,TCGA-5M-AAT6-01Z-00-DX1,1,0.17784026,0
tumour/TCGA-5M-AAT6-01Z-00-DX1_28160_17408.jpg,TCGA-5M-AAT6,TCGA-5M-AAT6-01Z-00-DX1,1,0.9898393,1
tumour/TCGA-5M-AAT6-01Z-00-DX1_28160_17920.jpg,TCGA-5M-AAT6,TCGA-5M-AAT6-01Z-00-DX1,1,0.9515849,1
tumour/TCGA-5M-AAT6-01Z-00-DX1_28160_18432.jpg,TCGA-5M-AAT6,TCGA-5M-AAT6-01Z-00-DX1,1,0.99440235,1
tumour/TCGA-5M-AAT6-01Z-00-DX1_28160_18944.jpg,TCGA-5M-AAT6,TCGA-5M-AAT6-01Z-00-DX1,1,0.9777899,1
tumour/TCGA-5M-AAT6-01Z-00-DX1_28160_20480.jpg,TCGA-5M-AAT6,TCGA-5M-AAT6-01Z-00-DX1,1,0.9417669,1
tumour/TCGA-5M-AAT6-01Z-00-DX1_28160_20992.jpg,TCGA-5M-AAT6,TCGA-5M-AAT6-01Z-00-DX1,1,0.9505645,1
tumour/TCGA-5M-AAT6-01Z-00-DX1_28160_21504.jpg,TCGA-5M-AAT6,TCGA-5M-AAT6-01Z-00-DX1,1,0.9949904,1
tumour/TCGA-5M-AAT6-01Z-00-DX1_28160_23040.jpg,TCGA-5M-AAT6,TCGA-5M-AAT6-01Z-00-DX1,1,0.95664746,1
tumour/TCGA-5M-AAT6-01Z-00-DX1_28160_25600.jpg,TCGA-5M-AAT6,TCGA-5M-AAT6-01Z-00-DX1,1,0.99853873,1
tumour/TCGA-5M-AAT6-01Z-00-DX1_28160_26624.jpg,TCGA-5M-AAT6,TCGA-5M-AAT6-01Z-00-DX1,1,0.9983607,1
tumour/TCGA-5M-AAT6-01Z-00-DX1_28160_27136.jpg,TCGA-5M-AAT6,TCGA-5M-AAT6-01Z-00-DX1,1,0.98490936,1
tumour/TCGA-5M-AAT6-01Z-00-DX1_28160_9728.jpg,TCGA-5M-AAT6,TCGA-5M-AAT6-01Z-00-DX1,1,0.96753067,1
tumour/TCGA-5M-AAT6-01Z-00-DX1_28672_10752.jpg,TCGA-5M-AAT6,TCGA-5M-AAT6-01Z-00-DX1,1,0.9728501,1
tumour/TCGA-5M-AAT6-01Z-00-DX1_28672_11264.jpg,TCGA-5M-AAT6,TCGA-5M-AAT6-01Z-00-DX1,1,0.9887744,1
tumour/TCGA-5M-AAT6-01Z-00-DX1_28672_12288.jpg,TCGA-5M-AAT6,TCGA-5M-AAT6-01Z-00-DX1,1,0.9122939,1
tumour/TCGA-5M-AAT6-01Z-00-DX1_28672_13824.jpg,TCGA-5M-AAT6,TCGA-5M-AAT6-01Z-00-DX1,1,0.93188643,1
tumour/TCGA-5M-AAT6-01Z-00-DX1_28672_14336.jpg,TCGA-5M-AAT6,TCGA-5M-AAT6-01Z-00-DX1,1,0.8901164,1
tumour/TCGA-5M-AAT6-01Z-00-DX1_28672_14848.jpg,TCGA-5M-AAT6,TCGA-5M-AAT6-01Z-00-DX1,1,0.92188025,1
tumour/TCGA-5M-AAT6-01Z-00-DX1_28672_15360.jpg,TCGA-5M-AAT6,TCGA-5M-AAT6-01Z-00-DX1,1,0.9884133,1
tumour/TCGA-5M-AAT6-01Z-00-DX1_28672_16384.jpg,TCGA-5M-AAT6,TCGA-5M-AAT6-01Z-00-DX1,1,0.7955967,1
tumour/TCGA-5M-AAT6-01Z-00-DX1_28672_17408.jpg,TCGA-5M-AAT6,TCGA-5M-AAT6-01Z-00-DX1,1,0.97844565,1
tumour/TCGA-5M-AAT6-01Z-00-DX1_28672_18944.jpg,TCGA-5M-AAT6,TCGA-5M-AAT6-01Z-00-DX1,1,0.93336225,1
tumour/TCGA-5M-AAT6-01Z-00-DX1_28672_20480.jpg,TCGA-5M-AAT6,TCGA-5M-AAT6-01Z-00-DX1,1,0.97209036,1
tumour/TCGA-5M-AAT6-01Z-00-DX1_28672_20992.jpg,TCGA-5M-AAT6,TCGA-5M-AAT6-01Z-00-DX1,1,0.9996153,1
tumour/TCGA-5M-AAT6-01Z-00-DX1_28672_21504.jpg,TCGA-5M-AAT6,TCGA-5M-AAT6-01Z-00-DX1,1,0.9868464,1
tumour/TCGA-5M-AAT6-01Z-00-DX1_28672_22528.jpg,TCGA-5M-AAT6,TCGA-5M-AAT6-01Z-00-DX1,1,0.89987713,1
tumour/TCGA-5M-AAT6-01Z-00-DX1_28672_25088.jpg,TCGA-5M-AAT6,TCGA-5M-AAT6-01Z-00-DX1,1,0.9925839,1
tumour/TCGA-5M-AAT6-01Z-00-DX1_28672_27136.jpg,TCGA-5M-AAT6,TCGA-5M-AAT6-01Z-00-DX1,1,0.9858058,1
tumour/TCGA-5M-AAT6-01Z-00-DX1_29184_12288.jpg,TCGA-5M-AAT6,TCGA-5M-AAT6-01Z-00-DX1,1,0.9854364,1
tumour/TCGA-5M-AAT6-01Z-00-DX1_29184_12800.jpg,TCGA-5M-AAT6,TCGA-5M-AAT6-01Z-00-DX1,1,0.9153175,1
tumour/TCGA-5M-AAT6-01Z-00-DX1_29184_13312.jpg,TCGA-5M-AAT6,TCGA-5M-AAT6-01Z-00-DX1,1,0.9832081,1
tumour/TCGA-5M-AAT6-01Z-00-DX1_29184_13824.jpg,TCGA-5M-AAT6,TCGA-5M-AAT6-01Z-00-DX1,1,0.9848584,1
tumour/TCGA-5M-AAT6-01Z-00-DX1_29184_14336.jpg,TCGA-5M-AAT6,TCGA-5M-AAT6-01Z-00-DX1,1,0.9924629,1
tumour/TCGA-5M-AAT6-01Z-00-DX1_29184_15360.jpg,TCGA-5M-AAT6,TCGA-5M-AAT6-01Z-00-DX1,1,0.9951133,1
tumour/TCGA-5M-AAT6-01Z-00-DX1_29184_16384.jpg,TCGA-5M-AAT6,TCGA-5M-AAT6-01Z-00-DX1,1,0.99940646,1
tumour/TCGA-5M-AAT6-01Z-00-DX1_29184_19456.jpg,TCGA-5M-AAT6,TCGA-5M-AAT6-01Z-00-DX1,1,0.9491637,1
tumour/TCGA-5M-AAT6-01Z-00-DX1_29184_20992.jpg,TCGA-5M-AAT6,TCGA-5M-AAT6-01Z-00-DX1,1,0.99810505,1
tumour/TCGA-5M-AAT6-01Z-00-DX1_29184_23552.jpg,TCGA-5M-AAT6,TCGA-5M-AAT6-01Z-00-DX1,1,0.9736476,1
tumour/TCGA-5M-AAT6-01Z-00-DX1_29184_26624.jpg,TCGA-5M-AAT6,TCGA-5M-AAT6-01Z-00-DX1,1,0.9458523,1
tumour/TCGA-5M-AAT6-01Z-00-DX1_29696_12288.jpg,TCGA-5M-AAT6,TCGA-5M-AAT6-01Z-00-DX1,1,0.98807997,1
tumour/TCGA-5M-AAT6-01Z-00-DX1_29696_13312.jpg,TCGA-5M-AAT6,TCGA-5M-AAT6-01Z-00-DX1,1,0.9928814,1
tumour/TCGA-5M-AAT6-01Z-00-DX1_29696_13824.jpg,TCGA-5M-AAT6,TCGA-5M-AAT6-01Z-00-DX1,1,0.8909294,1
tumour/TCGA-5M-AAT6-01Z-00-DX1_29696_14848.jpg,TCGA-5M-AAT6,TCGA-5M-AAT6-01Z-00-DX1,1,0.9380366,1
tumour/TCGA-5M-AAT6-01Z-00-DX1_29696_16384.jpg,TCGA-5M-AAT6,TCGA-5M-AAT6-01Z-00-DX1,1,0.99395174,1
tumour/TCGA-5M-AAT6-01Z-00-DX1_29696_18944.jpg,TCGA-5M-AAT6,TCGA-5M-AAT6-01Z-00-DX1,1,0.99048984,1
tumour/TCGA-5M-AAT6-01Z-00-DX1_29696_22528.jpg,TCGA-5M-AAT6,TCGA-5M-AAT6-01Z-00-DX1,1,0.9998566,1
tumour/TCGA-5M-AAT6-01Z-00-DX1_29696_23040.jpg,TCGA-5M-AAT6,TCGA-5M-AAT6-01Z-00-DX1,1,0.9706796,1
tumour/TCGA-5M-AAT6-01Z-00-DX1_29696_24576.jpg,TCGA-5M-AAT6,TCGA-5M-AAT6-01Z-00-DX1,1,0.9777998,1
tumour/TCGA-5M-AAT6-01Z-00-DX1_29696_25088.jpg,TCGA-5M-AAT6,TCGA-5M-AAT6-01Z-00-DX1,1,0.96994734,1
tumour/TCGA-5M-AAT6-01Z-00-DX1_29696_26112.jpg,TCGA-5M-AAT6,TCGA-5M-AAT6-01Z-00-DX1,1,0.9973442,1
tumour/TCGA-5M-AAT6-01Z-00-DX1_29696_26624.jpg,TCGA-5M-AAT6,TCGA-5M-AAT6-01Z-00-DX1,1,0.9406359,1
tumour/TCGA-5M-AAT6-01Z-00-DX1_30208_12288.jpg,TCGA-5M-AAT6,TCGA-5M-AAT6-01Z-00-DX1,1,0.9873284,1
tumour/TCGA-5M-AAT6-01Z-00-DX1_30208_12800.jpg,TCGA-5M-AAT6,TCGA-5M-AAT6-01Z-00-DX1,1,0.9574518,1
tumour/TCGA-5M-AAT6-01Z-00-DX1_30208_13312.jpg,TCGA-5M-AAT6,TCGA-5M-AAT6-01Z-00-DX1,1,0.9364378,1
tumour/TCGA-5M-AAT6-01Z-00-DX1_30208_14848.jpg,TCGA-5M-AAT6,TCGA-5M-AAT6-01Z-00-DX1,1,0.9968214,1
tumour/TCGA-5M-AAT6-01Z-00-DX1_30208_15360.jpg,TCGA-5M-AAT6,TCGA-5M-AAT6-01Z-00-DX1,1,0.9623164,1
tumour/TCGA-5M-AAT6-01Z-00-DX1_30208_16384.jpg,TCGA-5M-AAT6,TCGA-5M-AAT6-01Z-00-DX1,1,0.9304056,1
tumour/TCGA-5M-AAT6-01Z-00-DX1_30208_18432.jpg,TCGA-5M-AAT6,TCGA-5M-AAT6-01Z-00-DX1,1,0.9858074,1
tumour/TCGA-5M-AAT6-01Z-00-DX1_30208_18944.jpg,TCGA-5M-AAT6,TCGA-5M-AAT6-01Z-00-DX1,1,0.9806594,1
tumour/TCGA-5M-AAT6-01Z-00-DX1_30208_19456.jpg,TCGA-5M-AAT6,TCGA-5M-AAT6-01Z-00-DX1,1,0.9891935,1
tumour/TCGA-5M-AAT6-01Z-00-DX1_30208_21504.jpg,TCGA-5M-AAT6,TCGA-5M-AAT6-01Z-00-DX1,1,0.9983234,1
tumour/TCGA-5M-AAT6-01Z-00-DX1_30208_23040.jpg,TCGA-5M-AAT6,TCGA-5M-AAT6-01Z-00-DX1,1,0.9322136,1
tumour/TCGA-5M-AAT6-01Z-00-DX1_30208_25088.jpg,TCGA-5M-AAT6,TCGA-5M-AAT6-01Z-00-DX1,1,0.9867693,1
tumour/TCGA-5M-AAT6-01Z-00-DX1_30208_26624.jpg,TCGA-5M-AAT6,TCGA-5M-AAT6-01Z-00-DX1,1,0.90864027,1
tumour/TCGA-5M-AAT6-01Z-00-DX1_30720_10752.jpg,TCGA-5M-AAT6,TCGA-5M-AAT6-01Z-00-DX1,1,0.98039925,1
tumour/TCGA-5M-AAT6-01Z-00-DX1_30720_11264.jpg,TCGA-5M-AAT6,TCGA-5M-AAT6-01Z-00-DX1,1,0.90831864,1
tumour/TCGA-5M-AAT6-01Z-00-DX1_30720_11776.jpg,TCGA-5M-AAT6,TCGA-5M-AAT6-01Z-00-DX1,1,0.9754608,1
tumour/TCGA-5M-AAT6-01Z-00-DX1_30720_12288.jpg,TCGA-5M-AAT6,TCGA-5M-AAT6-01Z-00-DX1,1,0.9947855,1
tumour/TCGA-5M-AAT6-01Z-00-DX1_30720_12800.jpg,TCGA-5M-AAT6,TCGA-5M-AAT6-01Z-00-DX1,1,0.7444812,1
tumour/TCGA-5M-AAT6-01Z-00-DX1_30720_15872.jpg,TCGA-5M-AAT6,TCGA-5M-AAT6-01Z-00-DX1,1,0.96574813,1
tumour/TCGA-5M-AAT6-01Z-00-DX1_30720_16384.jpg,TCGA-5M-AAT6,TCGA-5M-AAT6-01Z-00-DX1,1,0.9851034,1
tumour/TCGA-5M-AAT6-01Z-00-DX1_30720_17920.jpg,TCGA-5M-AAT6,TCGA-5M-AAT6-01Z-00-DX1,1,0.90611786,1
tumour/TCGA-5M-AAT6-01Z-00-DX1_30720_19968.jpg,TCGA-5M-AAT6,TCGA-5M-AAT6-01Z-00-DX1,1,0.9851636,1
tumour/TCGA-5M-AAT6-01Z-00-DX1_30720_20480.jpg,TCGA-5M-AAT6,TCGA-5M-AAT6-01Z-00-DX1,1,0.99751484,1
tumour/TCGA-5M-AAT6-01Z-00-DX1_30720_20992.jpg,TCGA-5M-AAT6,TCGA-5M-AAT6-01Z-00-DX1,1,0.9657989,1
tumour/TCGA-5M-AAT6-01Z-00-DX1_30720_22016.jpg,TCGA-5M-AAT6,TCGA-5M-AAT6-01Z-00-DX1,1,0.97824323,1
tumour/TCGA-5M-AAT6-01Z-00-DX1_30720_22528.jpg,TCGA-5M-AAT6,TCGA-5M-AAT6-01Z-00-DX1,1,0.9138908,1
tumour/TCGA-5M-AAT6-01Z-00-DX1_30720_23040.jpg,TCGA-5M-AAT6,TCGA-5M-AAT6-01Z-00-DX1,1,0.98184264,1
tumour/TCGA-5M-AAT6-01Z-00-DX1_30720_23552.jpg,TCGA-5M-AAT6,TCGA-5M-AAT6-01Z-00-DX1,1,0.959898,1
tumour/TCGA-5M-AAT6-01Z-00-DX1_30720_24576.jpg,TCGA-5M-AAT6,TCGA-5M-AAT6-01Z-00-DX1,1,0.56604296,1
tumour/TCGA-5M-AAT6-01Z-00-DX1_30720_25088.jpg,TCGA-5M-AAT6,TCGA-5M-AAT6-01Z-00-DX1,1,0.9578093,1
tumour/TCGA-5M-AAT6-01Z-00-DX1_31232_11264.jpg,TCGA-5M-AAT6,TCGA-5M-AAT6-01Z-00-DX1,1,0.99267197,1
tumour/TCGA-5M-AAT6-01Z-00-DX1_31232_11776.jpg,TCGA-5M-AAT6,TCGA-5M-AAT6-01Z-00-DX1,1,0.99336445,1
tumour/TCGA-5M-AAT6-01Z-00-DX1_31232_12288.jpg,TCGA-5M-AAT6,TCGA-5M-AAT6-01Z-00-DX1,1,0.9768102,1
tumour/TCGA-5M-AAT6-01Z-00-DX1_31232_12800.jpg,TCGA-5M-AAT6,TCGA-5M-AAT6-01Z-00-DX1,1,0.8650928,1
tumour/TCGA-5M-AAT6-01Z-00-DX1_31232_13312.jpg,TCGA-5M-AAT6,TCGA-5M-AAT6-01Z-00-DX1,1,0.8968127,1
tumour/TCGA-5M-AAT6-01Z-00-DX1_31232_14848.jpg,TCGA-5M-AAT6,TCGA-5M-AAT6-01Z-00-DX1,1,0.98276883,1
tumour/TCGA-5M-AAT6-01Z-00-DX1_31232_15872.jpg,TCGA-5M-AAT6,TCGA-5M-AAT6-01Z-00-DX1,1,0.98305154,1
tumour/TCGA-5M-AAT6-01Z-00-DX1_31232_16384.jpg,TCGA-5M-AAT6,TCGA-5M-AAT6-01Z-00-DX1,1,0.8599166,1
tumour/TCGA-5M-AAT6-01Z-00-DX1_31232_18432.jpg,TCGA-5M-AAT6,TCGA-5M-AAT6-01Z-00-DX1,1,0.99734586,1
tumour/TCGA-5M-AAT6-01Z-00-DX1_31232_19968.jpg,TCGA-5M-AAT6,TCGA-5M-AAT6-01Z-00-DX1,1,0.9460165,1
tumour/TCGA-5M-AAT6-01Z-00-DX1_31232_21504.jpg,TCGA-5M-AAT6,TCGA-5M-AAT6-01Z-00-DX1,1,0.9338281,1
tumour/TCGA-5M-AAT6-01Z-00-DX1_31232_22016.jpg,TCGA-5M-AAT6,TCGA-5M-AAT6-01Z-00-DX1,1,0.99627787,1
tumour/TCGA-5M-AAT6-01Z-00-DX1_31232_23552.jpg,TCGA-5M-AAT6,TCGA-5M-AAT6-01Z-00-DX1,1,0.9880881,1
tumour/TCGA-5M-AAT6-01Z-00-DX1_31232_24064.jpg,TCGA-5M-AAT6,TCGA-5M-AAT6-01Z-00-DX1,1,0.98582304,1
tumour/TCGA-5M-AAT6-01Z-00-DX1_31232_24576.jpg,TCGA-5M-AAT6,TCGA-5M-AAT6-01Z-00-DX1,1,0.9959722,1
tumour/TCGA-5M-AAT6-01Z-00-DX1_31232_25600.jpg,TCGA-5M-AAT6,TCGA-5M-AAT6-01Z-00-DX1,1,0.985593,1
tumour/TCGA-5M-AAT6-01Z-00-DX1_31232_26624.jpg,TCGA-5M-AAT6,TCGA-5M-AAT6-01Z-00-DX1,1,0.9912237,1
tumour/TCGA-5M-AAT6-01Z-00-DX1_31744_10752.jpg,TCGA-5M-AAT6,TCGA-5M-AAT6-01Z-00-DX1,1,0.9831661,1
tumour/TCGA-5M-AAT6-01Z-00-DX1_31744_11776.jpg,TCGA-5M-AAT6,TCGA-5M-AAT6-01Z-00-DX1,1,0.68857676,1
tumour/TCGA-5M-AAT6-01Z-00-DX1_31744_12288.jpg,TCGA-5M-AAT6,TCGA-5M-AAT6-01Z-00-DX1,1,0.7729702,1
tumour/TCGA-5M-AAT6-01Z-00-DX1_31744_13824.jpg,TCGA-5M-AAT6,TCGA-5M-AAT6-01Z-00-DX1,1,0.8585885,1
tumour/TCGA-5M-AAT6-01Z-00-DX1_31744_15360.jpg,TCGA-5M-AAT6,TCGA-5M-AAT6-01Z-00-DX1,1,0.9735855,1
tumour/TCGA-5M-AAT6-01Z-00-DX1_31744_18432.jpg,TCGA-5M-AAT6,TCGA-5M-AAT6-01Z-00-DX1,1,0.9795368,1
tumour/TCGA-5M-AAT6-01Z-00-DX1_31744_18944.jpg,TCGA-5M-AAT6,TCGA-5M-AAT6-01Z-00-DX1,1,0.93480104,1
tumour/TCGA-5M-AAT6-01Z-00-DX1_31744_20480.jpg,TCGA-5M-AAT6,TCGA-5M-AAT6-01Z-00-DX1,1,0.9681,1
tumour/TCGA-5M-AAT6-01Z-00-DX1_31744_20992.jpg,TCGA-5M-AAT6,TCGA-5M-AAT6-01Z-00-DX1,1,0.9991289,1
tumour/TCGA-5M-AAT6-01Z-00-DX1_31744_22016.jpg,TCGA-5M-AAT6,TCGA-5M-AAT6-01Z-00-DX1,1,0.8806967,1
tumour/TCGA-5M-AAT6-01Z-00-DX1_31744_22528.jpg,TCGA-5M-AAT6,TCGA-5M-AAT6-01Z-00-DX1,1,0.9495638,1
tumour/TCGA-5M-AAT6-01Z-00-DX1_31744_23040.jpg,TCGA-5M-AAT6,TCGA-5M-AAT6-01Z-00-DX1,1,0.9202306,1
tumour/TCGA-5M-AAT6-01Z-00-DX1_31744_23552.jpg,TCGA-5M-AAT6,TCGA-5M-AAT6-01Z-00-DX1,1,0.9527412,1
tumour/TCGA-5M-AAT6-01Z-00-DX1_31744_24576.jpg,TCGA-5M-AAT6,TCGA-5M-AAT6-01Z-00-DX1,1,0.9772635,1
tumour/TCGA-5M-AAT6-01Z-00-DX1_31744_25088.jpg,TCGA-5M-AAT6,TCGA-5M-AAT6-01Z-00-DX1,1,0.99839944,1
tumour/TCGA-5M-AAT6-01Z-00-DX1_31744_25600.jpg,TCGA-5M-AAT6,TCGA-5M-AAT6-01Z-00-DX1,1,0.9949515,1
tumour/TCGA-5M-AAT6-01Z-00-DX1_31744_27136.jpg,TCGA-5M-AAT6,TCGA-5M-AAT6-01Z-00-DX1,1,0.9984106,1
tumour/TCGA-5M-AAT6-01Z-00-DX1_32256_13312.jpg,TCGA-5M-AAT6,TCGA-5M-AAT6-01Z-00-DX1,1,0.981838,1
tumour/TCGA-5M-AAT6-01Z-00-DX1_32256_18944.jpg,TCGA-5M-AAT6,TCGA-5M-AAT6-01Z-00-DX1,1,0.6716338,1
tumour/TCGA-5M-AAT6-01Z-00-DX1_32256_19968.jpg,TCGA-5M-AAT6,TCGA-5M-AAT6-01Z-00-DX1,1,0.9199091,1
tumour/TCGA-5M-AAT6-01Z-00-DX1_32256_22016.jpg,TCGA-5M-AAT6,TCGA-5M-AAT6-01Z-00-DX1,1,0.9762931,1
tumour/TCGA-5M-AAT6-01Z-00-DX1_32256_22528.jpg,TCGA-5M-AAT6,TCGA-5M-AAT6-01Z-00-DX1,1,0.8961123,1
tumour/TCGA-5M-AAT6-01Z-00-DX1_32256_23040.jpg,TCGA-5M-AAT6,TCGA-5M-AAT6-01Z-00-DX1,1,0.88994646,1
tumour/TCGA-5M-AAT6-01Z-00-DX1_32256_23552.jpg,TCGA-5M-AAT6,TCGA-5M-AAT6-01Z-00-DX1,1,0.98673546,1
tumour/TCGA-5M-AAT6-01Z-00-DX1_32256_24576.jpg,TCGA-5M-AAT6,TCGA-5M-AAT6-01Z-00-DX1,1,0.9940118,1
tumour/TCGA-5M-AAT6-01Z-00-DX1_32256_25600.jpg,TCGA-5M-AAT6,TCGA-5M-AAT6-01Z-00-DX1,1,0.97693527,1
tumour/TCGA-5M-AAT6-01Z-00-DX1_32256_26112.jpg,TCGA-5M-AAT6,TCGA-5M-AAT6-01Z-00-DX1,1,0.9997278,1
tumour/TCGA-5M-AAT6-01Z-00-DX1_32256_26624.jpg,TCGA-5M-AAT6,TCGA-5M-AAT6-01Z-00-DX1,1,0.9771105,1
tumour/TCGA-5M-AAT6-01Z-00-DX1_32768_11264.jpg,TCGA-5M-AAT6,TCGA-5M-AAT6-01Z-00-DX1,1,0.96329355,1
tumour/TCGA-5M-AAT6-01Z-00-DX1_32768_13312.jpg,TCGA-5M-AAT6,TCGA-5M-AAT6-01Z-00-DX1,1,0.54523724,1
tumour/TCGA-5M-AAT6-01Z-00-DX1_32768_19968.jpg,TCGA-5M-AAT6,TCGA-5M-AAT6-01Z-00-DX1,1,0.89435154,1
tumour/TCGA-5M-AAT6-01Z-00-DX1_32768_21504.jpg,TCGA-5M-AAT6,TCGA-5M-AAT6-01Z-00-DX1,1,0.9978623,1
tumour/TCGA-5M-AAT6-01Z-00-DX1_32768_22528.jpg,TCGA-5M-AAT6,TCGA-5M-AAT6-01Z-00-DX1,1,0.234293,0
tumour/TCGA-5M-AAT6-01Z-00-DX1_32768_23552.jpg,TCGA-5M-AAT6,TCGA-5M-AAT6-01Z-00-DX1,1,0.96227926,1
tumour/TCGA-5M-AAT6-01Z-00-DX1_32768_24064.jpg,TCGA-5M-AAT6,TCGA-5M-AAT6-01Z-00-DX1,1,0.992591,1
tumour/TCGA-5M-AAT6-01Z-00-DX1_32768_24576.jpg,TCGA-5M-AAT6,TCGA-5M-AAT6-01Z-00-DX1,1,0.9851562,1
tumour/TCGA-5M-AAT6-01Z-00-DX1_32768_6656.jpg,TCGA-5M-AAT6,TCGA-5M-AAT6-01Z-00-DX1,1,0.9746027,1
tumour/TCGA-5M-AAT6-01Z-00-DX1_32768_8192.jpg,TCGA-5M-AAT6,TCGA-5M-AAT6-01Z-00-DX1,1,0.9749371,1
tumour/TCGA-5M-AAT6-01Z-00-DX1_32768_9728.jpg,TCGA-5M-AAT6,TCGA-5M-AAT6-01Z-00-DX1,1,0.98001194,1
tumour/TCGA-5M-AAT6-01Z-00-DX1_33280_19456.jpg,TCGA-5M-AAT6,TCGA-5M-AAT6-01Z-00-DX1,1,0.9519085,1
tumour/TCGA-5M-AAT6-01Z-00-DX1_33280_20480.jpg,TCGA-5M-AAT6,TCGA-5M-AAT6-01Z-00-DX1,1,0.99005896,1
tumour/TCGA-5M-AAT6-01Z-00-DX1_33280_21504.jpg,TCGA-5M-AAT6,TCGA-5M-AAT6-01Z-00-DX1,1,0.9919539,1
tumour/TCGA-5M-AAT6-01Z-00-DX1_33280_22016.jpg,TCGA-5M-AAT6,TCGA-5M-AAT6-01Z-00-DX1,1,0.8253115,1
tumour/TCGA-5M-AAT6-01Z-00-DX1_33280_22528.jpg,TCGA-5M-AAT6,TCGA-5M-AAT6-01Z-00-DX1,1,0.2199657,0
tumour/TCGA-5M-AAT6-01Z-00-DX1_33280_23040.jpg,TCGA-5M-AAT6,TCGA-5M-AAT6-01Z-00-DX1,1,0.991524,1
tumour/TCGA-5M-AAT6-01Z-00-DX1_33280_23552.jpg,TCGA-5M-AAT6,TCGA-5M-AAT6-01Z-00-DX1,1,0.9287395,1
tumour/TCGA-5M-AAT6-01Z-00-DX1_33280_25088.jpg,TCGA-5M-AAT6,TCGA-5M-AAT6-01Z-00-DX1,1,0.9273737,1
tumour/TCGA-5M-AAT6-01Z-00-DX1_33280_26624.jpg,TCGA-5M-AAT6,TCGA-5M-AAT6-01Z-00-DX1,1,0.80517423,1
tumour/TCGA-5M-AAT6-01Z-00-DX1_33280_7168.jpg,TCGA-5M-AAT6,TCGA-5M-AAT6-01Z-00-DX1,1,0.9381967,1
tumour/TCGA-5M-AAT6-01Z-00-DX1_33280_8192.jpg,TCGA-5M-AAT6,TCGA-5M-AAT6-01Z-00-DX1,1,0.92278403,1
tumour/TCGA-5M-AAT6-01Z-00-DX1_33792_10240.jpg,TCGA-5M-AAT6,TCGA-5M-AAT6-01Z-00-DX1,1,0.9935777,1
tumour/TCGA-5M-AAT6-01Z-00-DX1_33792_18432.jpg,TCGA-5M-AAT6,TCGA-5M-AAT6-01Z-00-DX1,1,0.7033246,1
tumour/TCGA-5M-AAT6-01Z-00-DX1_33792_18944.jpg,TCGA-5M-AAT6,TCGA-5M-AAT6-01Z-00-DX1,1,0.9741641,1
tumour/TCGA-5M-AAT6-01Z-00-DX1_33792_19456.jpg,TCGA-5M-AAT6,TCGA-5M-AAT6-01Z-00-DX1,1,0.93008196,1
tumour/TCGA-5M-AAT6-01Z-00-DX1_33792_19968.jpg,TCGA-5M-AAT6,TCGA-5M-AAT6-01Z-00-DX1,1,0.98594797,1
tumour/TCGA-5M-AAT6-01Z-00-DX1_33792_21504.jpg,TCGA-5M-AAT6,TCGA-5M-AAT6-01Z-00-DX1,1,0.9953135,1
tumour/TCGA-5M-AAT6-01Z-00-DX1_33792_22528.jpg,TCGA-5M-AAT6,TCGA-5M-AAT6-01Z-00-DX1,1,0.80832356,1
tumour/TCGA-5M-AAT6-01Z-00-DX1_33792_23552.jpg,TCGA-5M-AAT6,TCGA-5M-AAT6-01Z-00-DX1,1,0.6694681,1
tumour/TCGA-5M-AAT6-01Z-00-DX1_33792_24064.jpg,TCGA-5M-AAT6,TCGA-5M-AAT6-01Z-00-DX1,1,0.97592825,1
tumour/TCGA-5M-AAT6-01Z-00-DX1_33792_24576.jpg,TCGA-5M-AAT6,TCGA-5M-AAT6-01Z-00-DX1,1,0.8926122,1
tumour/TCGA-5M-AAT6-01Z-00-DX1_33792_25088.jpg,TCGA-5M-AAT6,TCGA-5M-AAT6-01Z-00-DX1,1,0.70597005,1
tumour/TCGA-5M-AAT6-01Z-00-DX1_33792_26112.jpg,TCGA-5M-AAT6,TCGA-5M-AAT6-01Z-00-DX1,1,0.99910116,1
tumour/TCGA-5M-AAT6-01Z-00-DX1_33792_26624.jpg,TCGA-5M-AAT6,TCGA-5M-AAT6-01Z-00-DX1,1,0.99359024,1
tumour/TCGA-5M-AAT6-01Z-00-DX1_33792_6656.jpg,TCGA-5M-AAT6,TCGA-5M-AAT6-01Z-00-DX1,1,0.8992733,1
tumour/TCGA-5M-AAT6-01Z-00-DX1_33792_7680.jpg,TCGA-5M-AAT6,TCGA-5M-AAT6-01Z-00-DX1,1,0.9896512,1
tumour/TCGA-5M-AAT6-01Z-00-DX1_33792_8192.jpg,TCGA-5M-AAT6,TCGA-5M-AAT6-01Z-00-DX1,1,0.9994192,1
tumour/TCGA-5M-AAT6-01Z-00-DX1_34304_18432.jpg,TCGA-5M-AAT6,TCGA-5M-AAT6-01Z-00-DX1,1,0.84384096,1
tumour/TCGA-5M-AAT6-01Z-00-DX1_34304_19456.jpg,TCGA-5M-AAT6,TCGA-5M-AAT6-01Z-00-DX1,1,0.99437815,1
tumour/TCGA-5M-AAT6-01Z-00-DX1_34304_19968.jpg,TCGA-5M-AAT6,TCGA-5M-AAT6-01Z-00-DX1,1,0.9954757,1
tumour/TCGA-5M-AAT6-01Z-00-DX1_34304_20480.jpg,TCGA-5M-AAT6,TCGA-5M-AAT6-01Z-00-DX1,1,0.99743927,1
tumour/TCGA-5M-AAT6-01Z-00-DX1_34304_21504.jpg,TCGA-5M-AAT6,TCGA-5M-AAT6-01Z-00-DX1,1,0.99415994,1
tumour/TCGA-5M-AAT6-01Z-00-DX1_34304_22016.jpg,TCGA-5M-AAT6,TCGA-5M-AAT6-01Z-00-DX1,1,0.7020754,1
tumour/TCGA-5M-AAT6-01Z-00-DX1_34304_22528.jpg,TCGA-5M-AAT6,TCGA-5M-AAT6-01Z-00-DX1,1,0.5001732,1
tumour/TCGA-5M-AAT6-01Z-00-DX1_34304_24064.jpg,TCGA-5M-AAT6,TCGA-5M-AAT6-01Z-00-DX1,1,0.9941127,1
tumour/TCGA-5M-AAT6-01Z-00-DX1_34304_25088.jpg,TCGA-5M-AAT6,TCGA-5M-AAT6-01Z-00-DX1,1,0.99327224,1
tumour/TCGA-5M-AAT6-01Z-00-DX1_34304_25600.jpg,TCGA-5M-AAT6,TCGA-5M-AAT6-01Z-00-DX1,1,0.8672121,1
tumour/TCGA-5M-AAT6-01Z-00-DX1_34304_7168.jpg,TCGA-5M-AAT6,TCGA-5M-AAT6-01Z-00-DX1,1,0.8830151,1
tumour/TCGA-5M-AAT6-01Z-00-DX1_34304_7680.jpg,TCGA-5M-AAT6,TCGA-5M-AAT6-01Z-00-DX1,1,0.9878071,1
tumour/TCGA-5M-AAT6-01Z-00-DX1_34304_8704.jpg,TCGA-5M-AAT6,TCGA-5M-AAT6-01Z-00-DX1,1,0.9438679,1
tumour/TCGA-5M-AAT6-01Z-00-DX1_34304_9728.jpg,TCGA-5M-AAT6,TCGA-5M-AAT6-01Z-00-DX1,1,0.80698234,1
tumour/TCGA-5M-AAT6-01Z-00-DX1_34816_18944.jpg,TCGA-5M-AAT6,TCGA-5M-AAT6-01Z-00-DX1,1,0.9840582,1
tumour/TCGA-5M-AAT6-01Z-00-DX1_34816_19456.jpg,TCGA-5M-AAT6,TCGA-5M-AAT6-01Z-00-DX1,1,0.98114085,1
tumour/TCGA-5M-AAT6-01Z-00-DX1_34816_20992.jpg,TCGA-5M-AAT6,TCGA-5M-AAT6-01Z-00-DX1,1,0.9909911,1
tumour/TCGA-5M-AAT6-01Z-00-DX1_34816_21504.jpg,TCGA-5M-AAT6,TCGA-5M-AAT6-01Z-00-DX1,1,0.9971052,1
tumour/TCGA-5M-AAT6-01Z-00-DX1_34816_24576.jpg,TCGA-5M-AAT6,TCGA-5M-AAT6-01Z-00-DX1,1,0.9977247,1
tumour/TCGA-5M-AAT6-01Z-00-DX1_34816_25088.jpg,TCGA-5M-AAT6,TCGA-5M-AAT6-01Z-00-DX1,1,0.9702261,1
tumour/TCGA-5M-AAT6-01Z-00-DX1_34816_25600.jpg,TCGA-5M-AAT6,TCGA-5M-AAT6-01Z-00-DX1,1,0.8925298,1
tumour/TCGA-5M-AAT6-01Z-00-DX1_35328_19456.jpg,TCGA-5M-AAT6,TCGA-5M-AAT6-01Z-00-DX1,1,0.90512425,1
tumour/TCGA-5M-AAT6-01Z-00-DX1_35328_19968.jpg,TCGA-5M-AAT6,TCGA-5M-AAT6-01Z-00-DX1,1,0.9770576,1
tumour/TCGA-5M-AAT6-01Z-00-DX1_35328_20480.jpg,TCGA-5M-AAT6,TCGA-5M-AAT6-01Z-00-DX1,1,0.9794469,1
tumour/TCGA-5M-AAT6-01Z-00-DX1_35328_20992.jpg,TCGA-5M-AAT6,TCGA-5M-AAT6-01Z-00-DX1,1,0.98904055,1
tumour/TCGA-5M-AAT6-01Z-00-DX1_35328_22528.jpg,TCGA-5M-AAT6,TCGA-5M-AAT6-01Z-00-DX1,1,0.74679834,1
tumour/TCGA-5M-AAT6-01Z-00-DX1_35328_23040.jpg,TCGA-5M-AAT6,TCGA-5M-AAT6-01Z-00-DX1,1,0.5546622,1
tumour/TCGA-5M-AAT6-01Z-00-DX1_35328_26112.jpg,TCGA-5M-AAT6,TCGA-5M-AAT6-01Z-00-DX1,1,0.9364539,1
tumour/TCGA-5M-AAT6-01Z-00-DX1_35328_9728.jpg,TCGA-5M-AAT6,TCGA-5M-AAT6-01Z-00-DX1,1,0.9660723,1
tumour/TCGA-5M-AAT6-01Z-00-DX1_35840_10240.jpg,TCGA-5M-AAT6,TCGA-5M-AAT6-01Z-00-DX1,1,0.9930611,1
tumour/TCGA-5M-AAT6-01Z-00-DX1_35840_18944.jpg,TCGA-5M-AAT6,TCGA-5M-AAT6-01Z-00-DX1,1,0.83469874,1
tumour/TCGA-5M-AAT6-01Z-00-DX1_35840_19968.jpg,TCGA-5M-AAT6,TCGA-5M-AAT6-01Z-00-DX1,1,0.980003,1
tumour/TCGA-5M-AAT6-01Z-00-DX1_35840_20480.jpg,TCGA-5M-AAT6,TCGA-5M-AAT6-01Z-00-DX1,1,0.99968135,1
tumour/TCGA-5M-AAT6-01Z-00-DX1_35840_20992.jpg,TCGA-5M-AAT6,TCGA-5M-AAT6-01Z-00-DX1,1,0.98898506,1
tumour/TCGA-5M-AAT6-01Z-00-DX1_35840_21504.jpg,TCGA-5M-AAT6,TCGA-5M-AAT6-01Z-00-DX1,1,0.9881875,1
tumour/TCGA-5M-AAT6-01Z-00-DX1_35840_22528.jpg,TCGA-5M-AAT6,TCGA-5M-AAT6-01Z-00-DX1,1,0.90341437,1
tumour/TCGA-5M-AAT6-01Z-00-DX1_35840_23552.jpg,TCGA-5M-AAT6,TCGA-5M-AAT6-01Z-00-DX1,1,0.96681255,1
tumour/TCGA-5M-AAT6-01Z-00-DX1_35840_24064.jpg,TCGA-5M-AAT6,TCGA-5M-AAT6-01Z-00-DX1,1,0.89557934,1
tumour/TCGA-5M-AAT6-01Z-00-DX1_35840_24576.jpg,TCGA-5M-AAT6,TCGA-5M-AAT6-01Z-00-DX1,1,0.97582895,1
tumour/TCGA-5M-AAT6-01Z-00-DX1_35840_26112.jpg,TCGA-5M-AAT6,TCGA-5M-AAT6-01Z-00-DX1,1,0.8865605,1
tumour/TCGA-5M-AAT6-01Z-00-DX1_35840_8704.jpg,TCGA-5M-AAT6,TCGA-5M-AAT6-01Z-00-DX1,1,0.9934762,1
tumour/TCGA-5M-AAT6-01Z-00-DX1_35840_9216.jpg,TCGA-5M-AAT6,TCGA-5M-AAT6-01Z-00-DX1,1,0.98935634,1
tumour/TCGA-5M-AAT6-01Z-00-DX1_35840_9728.jpg,TCGA-5M-AAT6,TCGA-5M-AAT6-01Z-00-DX1,1,0.9985813,1
tumour/TCGA-5M-AAT6-01Z-00-DX1_36352_10752.jpg,TCGA-5M-AAT6,TCGA-5M-AAT6-01Z-00-DX1,1,0.9866317,1
tumour/TCGA-5M-AAT6-01Z-00-DX1_36352_19968.jpg,TCGA-5M-AAT6,TCGA-5M-AAT6-01Z-00-DX1,1,0.8292967,1
tumour/TCGA-5M-AAT6-01Z-00-DX1_36352_20992.jpg,TCGA-5M-AAT6,TCGA-5M-AAT6-01Z-00-DX1,1,0.9827626,1
tumour/TCGA-5M-AAT6-01Z-00-DX1_36352_24064.jpg,TCGA-5M-AAT6,TCGA-5M-AAT6-01Z-00-DX1,1,0.9356603,1
tumour/TCGA-5M-AAT6-01Z-00-DX1_36352_26112.jpg,TCGA-5M-AAT6,TCGA-5M-AAT6-01Z-00-DX1,1,0.771879,1
tumour/TCGA-5M-AAT6-01Z-00-DX1_36352_8704.jpg,TCGA-5M-AAT6,TCGA-5M-AAT6-01Z-00-DX1,1,0.99137115,1
tumour/TCGA-5M-AAT6-01Z-00-DX1_36864_11264.jpg,TCGA-5M-AAT6,TCGA-5M-AAT6-01Z-00-DX1,1,0.97077864,1
tumour/TCGA-5M-AAT6-01Z-00-DX1_36864_21504.jpg,TCGA-5M-AAT6,TCGA-5M-AAT6-01Z-00-DX1,1,0.9911377,1
tumour/TCGA-5M-AAT6-01Z-00-DX1_36864_22528.jpg,TCGA-5M-AAT6,TCGA-5M-AAT6-01Z-00-DX1,1,0.95412654,1
tumour/TCGA-5M-AAT6-01Z-00-DX1_36864_23040.jpg,TCGA-5M-AAT6,TCGA-5M-AAT6-01Z-00-DX1,1,0.9982578,1
tumour/TCGA-5M-AAT6-01Z-00-DX1_36864_24064.jpg,TCGA-5M-AAT6,TCGA-5M-AAT6-01Z-00-DX1,1,0.94984484,1
tumour/TCGA-5M-AAT6-01Z-00-DX1_36864_24576.jpg,TCGA-5M-AAT6,TCGA-5M-AAT6-01Z-00-DX1,1,0.7684176,1
tumour/TCGA-5M-AAT6-01Z-00-DX1_36864_25600.jpg,TCGA-5M-AAT6,TCGA-5M-AAT6-01Z-00-DX1,1,0.99374384,1
tumour/TCGA-5M-AAT6-01Z-00-DX1_36864_8192.jpg,TCGA-5M-AAT6,TCGA-5M-AAT6-01Z-00-DX1,1,0.8253045,1
tumour/TCGA-5M-AAT6-01Z-00-DX1_36864_9216.jpg,TCGA-5M-AAT6,TCGA-5M-AAT6-01Z-00-DX1,1,0.9858824,1
tumour/TCGA-5M-AAT6-01Z-00-DX1_37376_10752.jpg,TCGA-5M-AAT6,TCGA-5M-AAT6-01Z-00-DX1,1,0.97719073,1
tumour/TCGA-5M-AAT6-01Z-00-DX1_37376_11264.jpg,TCGA-5M-AAT6,TCGA-5M-AAT6-01Z-00-DX1,1,0.9908976,1
tumour/TCGA-5M-AAT6-01Z-00-DX1_37376_22016.jpg,TCGA-5M-AAT6,TCGA-5M-AAT6-01Z-00-DX1,1,0.9892223,1
tumour/TCGA-5M-AAT6-01Z-00-DX1_37376_23040.jpg,TCGA-5M-AAT6,TCGA-5M-AAT6-01Z-00-DX1,1,0.99545324,1
tumour/TCGA-5M-AAT6-01Z-00-DX1_37376_25088.jpg,TCGA-5M-AAT6,TCGA-5M-AAT6-01Z-00-DX1,1,0.922916,1
tumour/TCGA-5M-AAT6-01Z-00-DX1_37376_25600.jpg,TCGA-5M-AAT6,TCGA-5M-AAT6-01Z-00-DX1,1,0.9790461,1
tumour/TCGA-5M-AAT6-01Z-00-DX1_37376_26112.jpg,TCGA-5M-AAT6,TCGA-5M-AAT6-01Z-00-DX1,1,0.980142,1
tumour/TCGA-5M-AAT6-01Z-00-DX1_37376_8192.jpg,TCGA-5M-AAT6,TCGA-5M-AAT6-01Z-00-DX1,1,0.9570996,1
tumour/TCGA-5M-AAT6-01Z-00-DX1_37888_10752.jpg,TCGA-5M-AAT6,TCGA-5M-AAT6-01Z-00-DX1,1,0.9905804,1
tumour/TCGA-5M-AAT6-01Z-00-DX1_37888_22016.jpg,TCGA-5M-AAT6,TCGA-5M-AAT6-01Z-00-DX1,1,0.97603434,1
tumour/TCGA-5M-AAT6-01Z-00-DX1_37888_23040.jpg,TCGA-5M-AAT6,TCGA-5M-AAT6-01Z-00-DX1,1,0.9711689,1
tumour/TCGA-5M-AAT6-01Z-00-DX1_37888_24576.jpg,TCGA-5M-AAT6,TCGA-5M-AAT6-01Z-00-DX1,1,0.7930607,1
tumour/TCGA-5M-AAT6-01Z-00-DX1_37888_25600.jpg,TCGA-5M-AAT6,TCGA-5M-AAT6-01Z-00-DX1,1,0.97123563,1
tumour/TCGA-5M-AAT6-01Z-00-DX1_37888_26112.jpg,TCGA-5M-AAT6,TCGA-5M-AAT6-01Z-00-DX1,1,0.9478063,1
tumour/TCGA-5M-AAT6-01Z-00-DX1_37888_8704.jpg,TCGA-5M-AAT6,TCGA-5M-AAT6-01Z-00-DX1,1,0.9881579,1
tumour/TCGA-5M-AAT6-01Z-00-DX1_37888_9728.jpg,TCGA-5M-AAT6,TCGA-5M-AAT6-01Z-00-DX1,1,0.989953,1
tumour/TCGA-5M-AAT6-01Z-00-DX1_38400_22528.jpg,TCGA-5M-AAT6,TCGA-5M-AAT6-01Z-00-DX1,1,0.88879,1
tumour/TCGA-5M-AAT6-01Z-00-DX1_38400_25600.jpg,TCGA-5M-AAT6,TCGA-5M-AAT6-01Z-00-DX1,1,0.9046539,1
tumour/TCGA-5M-AAT6-01Z-00-DX1_38400_26112.jpg,TCGA-5M-AAT6,TCGA-5M-AAT6-01Z-00-DX1,1,0.5421151,1
tumour/TCGA-5M-AAT6-01Z-00-DX1_38400_9216.jpg,TCGA-5M-AAT6,TCGA-5M-AAT6-01Z-00-DX1,1,0.8760446,1
tumour/TCGA-5M-AAT6-01Z-00-DX1_38912_25088.jpg,TCGA-5M-AAT6,TCGA-5M-AAT6-01Z-00-DX1,1,0.9060017,1
tumour/TCGA-5M-AAT6-01Z-00-DX1_38912_25600.jpg,TCGA-5M-AAT6,TCGA-5M-AAT6-01Z-00-DX1,1,0.98823625,1
tumour/TCGA-5M-AAT6-01Z-00-DX1_39424_24576.jpg,TCGA-5M-AAT6,TCGA-5M-AAT6-01Z-00-DX1,1,0.922747,1
tumour/TCGA-5M-AAT6-01Z-00-DX1_39424_25600.jpg,TCGA-5M-AAT6,TCGA-5M-AAT6-01Z-00-DX1,1,0.9934795,1
tumour/TCGA-5M-AAT6-01Z-00-DX1_39936_24576.jpg,TCGA-5M-AAT6,TCGA-5M-AAT6-01Z-00-DX1,1,0.8246128,1
tumour/TCGA-5M-AAT6-01Z-00-DX1_39936_26112.jpg,TCGA-5M-AAT6,TCGA-5M-AAT6-01Z-00-DX1,1,0.8625734,1
tumour/TCGA-5M-AAT6-01Z-00-DX1_40448_25088.jpg,TCGA-5M-AAT6,TCGA-5M-AAT6-01Z-00-DX1,1,0.7704808,1
tumour/TCGA-5M-AAT6-01Z-00-DX1_40448_26112.jpg,TCGA-5M-AAT6,TCGA-5M-AAT6-01Z-00-DX1,1,0.6061729,1
tumour/TCGA-5M-AAT6-01Z-00-DX1_40960_25088.jpg,TCGA-5M-AAT6,TCGA-5M-AAT6-01Z-00-DX1,1,0.9907492,1
tumour/TCGA-5M-AAT6-01Z-00-DX1_43008_24064.jpg,TCGA-5M-AAT6,TCGA-5M-AAT6-01Z-00-DX1,1,0.99536574,1
tumour/TCGA-5M-AAT6-01Z-00-DX1_43008_25600.jpg,TCGA-5M-AAT6,TCGA-5M-AAT6-01Z-00-DX1,1,0.9968405,1
tumour/TCGA-5M-AAT6-01Z-00-DX1_43520_23040.jpg,TCGA-5M-AAT6,TCGA-5M-AAT6-01Z-00-DX1,1,0.9852565,1
tumour/TCGA-5M-AAT6-01Z-00-DX1_43520_24064.jpg,TCGA-5M-AAT6,TCGA-5M-AAT6-01Z-00-DX1,1,0.99245995,1
tumour/TCGA-5M-AAT6-01Z-00-DX1_44032_23552.jpg,TCGA-5M-AAT6,TCGA-5M-AAT6-01Z-00-DX1,1,0.9313465,1
tumour/TCGA-5M-AAT6-01Z-00-DX1_44032_25088.jpg,TCGA-5M-AAT6,TCGA-5M-AAT6-01Z-00-DX1,1,0.9912446,1
tumour/TCGA-5M-AAT6-01Z-00-DX1_44032_26112.jpg,TCGA-5M-AAT6,TCGA-5M-AAT6-01Z-00-DX1,1,0.51059526,1
tumour/TCGA-5M-AAT6-01Z-00-DX1_44032_6144.jpg,TCGA-5M-AAT6,TCGA-5M-AAT6-01Z-00-DX1,1,0.9106229,1
tumour/TCGA-5M-AAT6-01Z-00-DX1_44544_24576.jpg,TCGA-5M-AAT6,TCGA-5M-AAT6-01Z-00-DX1,1,0.9742097,1
tumour/TCGA-5M-AAT6-01Z-00-DX1_44544_25088.jpg,TCGA-5M-AAT6,TCGA-5M-AAT6-01Z-00-DX1,1,0.9943376,1
tumour/TCGA-5M-AAT6-01Z-00-DX1_44544_25600.jpg,TCGA-5M-AAT6,TCGA-5M-AAT6-01Z-00-DX1,1,0.796891,1
tumour/TCGA-5M-AAT6-01Z-00-DX1_44544_4608.jpg,TCGA-5M-AAT6,TCGA-5M-AAT6-01Z-00-DX1,1,0.9941922,1
tumour/TCGA-5M-AAT6-01Z-00-DX1_44544_5120.jpg,TCGA-5M-AAT6,TCGA-5M-AAT6-01Z-00-DX1,1,0.9602993,1
tumour/TCGA-5M-AAT6-01Z-00-DX1_44544_6144.jpg,TCGA-5M-AAT6,TCGA-5M-AAT6-01Z-00-DX1,1,0.905176,1
tumour/TCGA-5M-AAT6-01Z-00-DX1_45056_25088.jpg,TCGA-5M-AAT6,TCGA-5M-AAT6-01Z-00-DX1,1,0.9952041,1
tumour/TCGA-5M-AAT6-01Z-00-DX1_45056_25600.jpg,TCGA-5M-AAT6,TCGA-5M-AAT6-01Z-00-DX1,1,0.9278779,1
tumour/TCGA-5M-AAT6-01Z-00-DX1_45056_4608.jpg,TCGA-5M-AAT6,TCGA-5M-AAT6-01Z-00-DX1,1,0.99431956,1
tumour/TCGA-5M-AAT6-01Z-00-DX1_45056_5632.jpg,TCGA-5M-AAT6,TCGA-5M-AAT6-01Z-00-DX1,1,0.99658597,1
tumour/TCGA-5M-AAT6-01Z-00-DX1_45568_25600.jpg,TCGA-5M-AAT6,TCGA-5M-AAT6-01Z-00-DX1,1,0.75104284,1
tumour/TCGA-5M-AAT6-01Z-00-DX1_45568_5120.jpg,TCGA-5M-AAT6,TCGA-5M-AAT6-01Z-00-DX1,1,0.9898874,1
tumour/TCGA-5M-AAT6-01Z-00-DX1_45568_5632.jpg,TCGA-5M-AAT6,TCGA-5M-AAT6-01Z-00-DX1,1,0.9784646,1
tumour/TCGA-5M-AAT6-01Z-00-DX1_45568_6144.jpg,TCGA-5M-AAT6,TCGA-5M-AAT6-01Z-00-DX1,1,0.9829736,1
tumour/TCGA-5M-AAT6-01Z-00-DX1_46080_4608.jpg,TCGA-5M-AAT6,TCGA-5M-AAT6-01Z-00-DX1,1,0.96766984,1
tumour/TCGA-5M-AAT6-01Z-00-DX1_46080_5120.jpg,TCGA-5M-AAT6,TCGA-5M-AAT6-01Z-00-DX1,1,0.9151531,1
tumour/TCGA-5M-AAT6-01Z-00-DX1_46080_6144.jpg,TCGA-5M-AAT6,TCGA-5M-AAT6-01Z-00-DX1,1,0.8460714,1
tumour/TCGA-5M-AAT6-01Z-00-DX1_46592_5632.jpg,TCGA-5M-AAT6,TCGA-5M-AAT6-01Z-00-DX1,1,0.9957082,1
tumour/TCGA-5M-AAT6-01Z-00-DX1_46592_7168.jpg,TCGA-5M-AAT6,TCGA-5M-AAT6-01Z-00-DX1,1,0.96018434,1
tumour/TCGA-5M-AAT6-01Z-00-DX1_47104_6144.jpg,TCGA-5M-AAT6,TCGA-5M-AAT6-01Z-00-DX1,1,0.99968076,1
tumour/TCGA-5M-AAT6-01Z-00-DX1_47616_6656.jpg,TCGA-5M-AAT6,TCGA-5M-AAT6-01Z-00-DX1,1,0.98245263,1
tumour/TCGA-5M-AAT6-01Z-00-DX1_47616_7168.jpg,TCGA-5M-AAT6,TCGA-5M-AAT6-01Z-00-DX1,1,0.97469485,1
tumour/TCGA-5M-AAT6-01Z-00-DX1_47616_8192.jpg,TCGA-5M-AAT6,TCGA-5M-AAT6-01Z-00-DX1,1,0.99975103,1
tumour/TCGA-5M-AAT6-01Z-00-DX1_48128_5632.jpg,TCGA-5M-AAT6,TCGA-5M-AAT6-01Z-00-DX1,1,0.9957545,1
tumour/TCGA-5M-AAT6-01Z-00-DX1_48128_7168.jpg,TCGA-5M-AAT6,TCGA-5M-AAT6-01Z-00-DX1,1,0.9845615,1
tumour/TCGA-5M-AAT6-01Z-00-DX1_48640_5632.jpg,TCGA-5M-AAT6,TCGA-5M-AAT6-01Z-00-DX1,1,0.9994886,1
tumour/TCGA-5M-AAT6-01Z-00-DX1_48640_6656.jpg,TCGA-5M-AAT6,TCGA-5M-AAT6-01Z-00-DX1,1,0.98955333,1
tumour/TCGA-5M-AAT6-01Z-00-DX1_49152_6144.jpg,TCGA-5M-AAT6,TCGA-5M-AAT6-01Z-00-DX1,1,0.99748033,1
tumour/TCGA-5M-AAT6-01Z-00-DX1_49152_8192.jpg,TCGA-5M-AAT6,TCGA-5M-AAT6-01Z-00-DX1,1,0.9872444,1
tumour/TCGA-5M-AAT6-01Z-00-DX1_49664_6144.jpg,TCGA-5M-AAT6,TCGA-5M-AAT6-01Z-00-DX1,1,0.9948232,1
tumour/TCGA-5M-AAT6-01Z-00-DX1_49664_6656.jpg,TCGA-5M-AAT6,TCGA-5M-AAT6-01Z-00-DX1,1,0.9163377,1
tumour/TCGA-5M-AAT6-01Z-00-DX1_49664_8192.jpg,TCGA-5M-AAT6,TCGA-5M-AAT6-01Z-00-DX1,1,0.90956736,1
tumour/TCGA-5M-AAT6-01Z-00-DX1_49664_8704.jpg,TCGA-5M-AAT6,TCGA-5M-AAT6-01Z-00-DX1,1,0.99283946,1
tumour/TCGA-5M-AAT6-01Z-00-DX1_49664_9216.jpg,TCGA-5M-AAT6,TCGA-5M-AAT6-01Z-00-DX1,1,0.99045837,1
tumour/TCGA-5M-AAT6-01Z-00-DX1_50176_7680.jpg,TCGA-5M-AAT6,TCGA-5M-AAT6-01Z-00-DX1,1,0.87663543,1
tumour/TCGA-5M-AAT6-01Z-00-DX1_50176_8704.jpg,TCGA-5M-AAT6,TCGA-5M-AAT6-01Z-00-DX1,1,0.91055715,1
tumour/TCGA-5M-AAT6-01Z-00-DX1_50688_7680.jpg,TCGA-5M-AAT6,TCGA-5M-AAT6-01Z-00-DX1,1,0.99165666,1
tumour/TCGA-5M-AAT6-01Z-00-DX1_50688_8192.jpg,TCGA-5M-AAT6,TCGA-5M-AAT6-01Z-00-DX1,1,0.9733324,1
tumour/TCGA-5M-AAT6-01Z-00-DX1_51200_6656.jpg,TCGA-5M-AAT6,TCGA-5M-AAT6-01Z-00-DX1,1,0.21190931,0
tumour/TCGA-5M-AAT6-01Z-00-DX1_51200_7680.jpg,TCGA-5M-AAT6,TCGA-5M-AAT6-01Z-00-DX1,1,0.99055,1
tumour/TCGA-5M-AAT6-01Z-00-DX1_51200_8192.jpg,TCGA-5M-AAT6,TCGA-5M-AAT6-01Z-00-DX1,1,0.996121,1
tumour/TCGA-5M-AAT6-01Z-00-DX1_51712_7680.jpg,TCGA-5M-AAT6,TCGA-5M-AAT6-01Z-00-DX1,1,0.9747239,1
tumour/TCGA-5M-AAT6-01Z-00-DX1_52224_7168.jpg,TCGA-5M-AAT6,TCGA-5M-AAT6-01Z-00-DX1,1,0.9868753,1
tumour/TCGA-AG-4008-01Z-00-DX1_11264_8704.jpg,TCGA-AG-4008,TCGA-AG-4008-01Z-00-DX1,1,0.9987446,1
tumour/TCGA-AG-4008-01Z-00-DX1_6144_6144.jpg,TCGA-AG-4008,TCGA-AG-4008-01Z-00-DX1,1,0.9892641,1
tumour/TCGA-AG-4008-01Z-00-DX1_6144_6656.jpg,TCGA-AG-4008,TCGA-AG-4008-01Z-00-DX1,1,0.9974638,1
tumour/TCGA-AG-4008-01Z-00-DX1_6656_6656.jpg,TCGA-AG-4008,TCGA-AG-4008-01Z-00-DX1,1,0.9920033,1
tumour/TCGA-AG-4008-01Z-00-DX1_7168_8192.jpg,TCGA-AG-4008,TCGA-AG-4008-01Z-00-DX1,1,0.99936,1
tumour/TCGA-AG-4008-01Z-00-DX1_7168_9216.jpg,TCGA-AG-4008,TCGA-AG-4008-01Z-00-DX1,1,0.99944013,1
tumour/TCGA-AG-4008-01Z-00-DX1_7680_6656.jpg,TCGA-AG-4008,TCGA-AG-4008-01Z-00-DX1,1,0.9926736,1
tumour/TCGA-AG-4008-01Z-00-DX1_7680_7168.jpg,TCGA-AG-4008,TCGA-AG-4008-01Z-00-DX1,1,0.9846171,1
tumour/TCGA-AG-4008-01Z-00-DX1_7680_8704.jpg,TCGA-AG-4008,TCGA-AG-4008-01Z-00-DX1,1,0.99963474,1
tumour/TCGA-AG-4008-01Z-00-DX1_7680_9728.jpg,TCGA-AG-4008,TCGA-AG-4008-01Z-00-DX1,1,0.99758554,1
tumour/TCGA-AG-4008-01Z-00-DX1_8192_6656.jpg,TCGA-AG-4008,TCGA-AG-4008-01Z-00-DX1,1,0.9971204,1
tumour/TCGA-AG-4008-01Z-00-DX1_8192_7168.jpg,TCGA-AG-4008,TCGA-AG-4008-01Z-00-DX1,1,0.99633116,1
tumour/TCGA-AG-4008-01Z-00-DX1_8192_9728.jpg,TCGA-AG-4008,TCGA-AG-4008-01Z-00-DX1,1,0.9933717,1
tumour/TCGA-AG-4008-01Z-00-DX1_8704_6144.jpg,TCGA-AG-4008,TCGA-AG-4008-01Z-00-DX1,1,0.9999975,1
tumour/TCGA-AG-4008-01Z-00-DX1_8704_7680.jpg,TCGA-AG-4008,TCGA-AG-4008-01Z-00-DX1,1,0.9999769,1
tumour/TCGA-AG-4008-01Z-00-DX1_9216_6144.jpg,TCGA-AG-4008,TCGA-AG-4008-01Z-00-DX1,1,0.99880254,1
tumour/TCGA-AG-4008-01Z-00-DX1_9216_6656.jpg,TCGA-AG-4008,TCGA-AG-4008-01Z-00-DX1,1,0.99787617,1
tumour/TCGA-AG-4008-01Z-00-DX1_9728_6656.jpg,TCGA-AG-4008,TCGA-AG-4008-01Z-00-DX1,1,0.99654204,1
tumour/TCGA-AZ-5407-01Z-00-DX1_10240_19456.jpg,TCGA-AZ-5407,TCGA-AZ-5407-01Z-00-DX1,1,0.9999627,1
tumour/TCGA-AZ-5407-01Z-00-DX1_10240_19968.jpg,TCGA-AZ-5407,TCGA-AZ-5407-01Z-00-DX1,1,0.9929235,1
tumour/TCGA-AZ-5407-01Z-00-DX1_10240_20480.jpg,TCGA-AZ-5407,TCGA-AZ-5407-01Z-00-DX1,1,0.9999398,1
tumour/TCGA-AZ-5407-01Z-00-DX1_1024_13312.jpg,TCGA-AZ-5407,TCGA-AZ-5407-01Z-00-DX1,1,0.9998653,1
tumour/TCGA-AZ-5407-01Z-00-DX1_10752_18432.jpg,TCGA-AZ-5407,TCGA-AZ-5407-01Z-00-DX1,1,0.990076,1
tumour/TCGA-AZ-5407-01Z-00-DX1_10752_18944.jpg,TCGA-AZ-5407,TCGA-AZ-5407-01Z-00-DX1,1,0.8679664,1
tumour/TCGA-AZ-5407-01Z-00-DX1_10752_19968.jpg,TCGA-AZ-5407,TCGA-AZ-5407-01Z-00-DX1,1,0.9918207,1
tumour/TCGA-AZ-5407-01Z-00-DX1_11264_17408.jpg,TCGA-AZ-5407,TCGA-AZ-5407-01Z-00-DX1,1,0.954838,1
tumour/TCGA-AZ-5407-01Z-00-DX1_11264_17920.jpg,TCGA-AZ-5407,TCGA-AZ-5407-01Z-00-DX1,1,0.8498073,1
tumour/TCGA-AZ-5407-01Z-00-DX1_11264_18432.jpg,TCGA-AZ-5407,TCGA-AZ-5407-01Z-00-DX1,1,0.99402064,1
tumour/TCGA-AZ-5407-01Z-00-DX1_11264_19968.jpg,TCGA-AZ-5407,TCGA-AZ-5407-01Z-00-DX1,1,0.99803704,1
tumour/TCGA-AZ-5407-01Z-00-DX1_11776_17408.jpg,TCGA-AZ-5407,TCGA-AZ-5407-01Z-00-DX1,1,0.99049616,1
tumour/TCGA-AZ-5407-01Z-00-DX1_11776_17920.jpg,TCGA-AZ-5407,TCGA-AZ-5407-01Z-00-DX1,1,0.99700975,1
tumour/TCGA-AZ-5407-01Z-00-DX1_11776_19456.jpg,TCGA-AZ-5407,TCGA-AZ-5407-01Z-00-DX1,1,0.9998976,1
tumour/TCGA-AZ-5407-01Z-00-DX1_12288_16896.jpg,TCGA-AZ-5407,TCGA-AZ-5407-01Z-00-DX1,1,0.99846137,1
tumour/TCGA-AZ-5407-01Z-00-DX1_12288_18944.jpg,TCGA-AZ-5407,TCGA-AZ-5407-01Z-00-DX1,1,0.99968815,1
tumour/TCGA-AZ-5407-01Z-00-DX1_12288_19456.jpg,TCGA-AZ-5407,TCGA-AZ-5407-01Z-00-DX1,1,0.99460596,1
tumour/TCGA-AZ-5407-01Z-00-DX1_12288_19968.jpg,TCGA-AZ-5407,TCGA-AZ-5407-01Z-00-DX1,1,0.9446321,1
tumour/TCGA-AZ-5407-01Z-00-DX1_12800_16384.jpg,TCGA-AZ-5407,TCGA-AZ-5407-01Z-00-DX1,1,0.9871804,1
tumour/TCGA-AZ-5407-01Z-00-DX1_12800_17408.jpg,TCGA-AZ-5407,TCGA-AZ-5407-01Z-00-DX1,1,0.9242585,1
tumour/TCGA-AZ-5407-01Z-00-DX1_12800_17920.jpg,TCGA-AZ-5407,TCGA-AZ-5407-01Z-00-DX1,1,0.9895477,1
tumour/TCGA-AZ-5407-01Z-00-DX1_12800_18944.jpg,TCGA-AZ-5407,TCGA-AZ-5407-01Z-00-DX1,1,0.922908,1
tumour/TCGA-AZ-5407-01Z-00-DX1_12800_19456.jpg,TCGA-AZ-5407,TCGA-AZ-5407-01Z-00-DX1,1,0.8616537,1
tumour/TCGA-AZ-5407-01Z-00-DX1_12800_19968.jpg,TCGA-AZ-5407,TCGA-AZ-5407-01Z-00-DX1,1,0.88822687,1
tumour/TCGA-AZ-5407-01Z-00-DX1_12800_20992.jpg,TCGA-AZ-5407,TCGA-AZ-5407-01Z-00-DX1,1,0.9998443,1
tumour/TCGA-AZ-5407-01Z-00-DX1_13312_18944.jpg,TCGA-AZ-5407,TCGA-AZ-5407-01Z-00-DX1,1,0.9918652,1
tumour/TCGA-AZ-5407-01Z-00-DX1_13824_19456.jpg,TCGA-AZ-5407,TCGA-AZ-5407-01Z-00-DX1,1,0.9993654,1
tumour/TCGA-AZ-5407-01Z-00-DX1_1536_10240.jpg,TCGA-AZ-5407,TCGA-AZ-5407-01Z-00-DX1,1,0.9986413,1
tumour/TCGA-AZ-5407-01Z-00-DX1_1536_11264.jpg,TCGA-AZ-5407,TCGA-AZ-5407-01Z-00-DX1,1,0.99964476,1
tumour/TCGA-AZ-5407-01Z-00-DX1_1536_12288.jpg,TCGA-AZ-5407,TCGA-AZ-5407-01Z-00-DX1,1,0.9998171,1
tumour/TCGA-AZ-5407-01Z-00-DX1_1536_14336.jpg,TCGA-AZ-5407,TCGA-AZ-5407-01Z-00-DX1,1,0.9996815,1
tumour/TCGA-AZ-5407-01Z-00-DX1_2048_10240.jpg,TCGA-AZ-5407,TCGA-AZ-5407-01Z-00-DX1,1,0.9941765,1
tumour/TCGA-AZ-5407-01Z-00-DX1_2048_10752.jpg,TCGA-AZ-5407,TCGA-AZ-5407-01Z-00-DX1,1,0.9998745,1
tumour/TCGA-AZ-5407-01Z-00-DX1_2048_11264.jpg,TCGA-AZ-5407,TCGA-AZ-5407-01Z-00-DX1,1,0.99058294,1
tumour/TCGA-AZ-5407-01Z-00-DX1_2048_11776.jpg,TCGA-AZ-5407,TCGA-AZ-5407-01Z-00-DX1,1,0.99876535,1
tumour/TCGA-AZ-5407-01Z-00-DX1_2048_12288.jpg,TCGA-AZ-5407,TCGA-AZ-5407-01Z-00-DX1,1,0.98881,1
tumour/TCGA-AZ-5407-01Z-00-DX1_2048_12800.jpg,TCGA-AZ-5407,TCGA-AZ-5407-01Z-00-DX1,1,0.9978005,1
tumour/TCGA-AZ-5407-01Z-00-DX1_2048_13312.jpg,TCGA-AZ-5407,TCGA-AZ-5407-01Z-00-DX1,1,0.9892765,1
tumour/TCGA-AZ-5407-01Z-00-DX1_2048_14336.jpg,TCGA-AZ-5407,TCGA-AZ-5407-01Z-00-DX1,1,0.99829406,1
tumour/TCGA-AZ-5407-01Z-00-DX1_2048_14848.jpg,TCGA-AZ-5407,TCGA-AZ-5407-01Z-00-DX1,1,0.99948776,1
tumour/TCGA-AZ-5407-01Z-00-DX1_2048_9216.jpg,TCGA-AZ-5407,TCGA-AZ-5407-01Z-00-DX1,1,0.9978235,1
tumour/TCGA-AZ-5407-01Z-00-DX1_2048_9728.jpg,TCGA-AZ-5407,TCGA-AZ-5407-01Z-00-DX1,1,0.9993812,1
tumour/TCGA-AZ-5407-01Z-00-DX1_23552_15360.jpg,TCGA-AZ-5407,TCGA-AZ-5407-01Z-00-DX1,1,0.99832624,1
tumour/TCGA-AZ-5407-01Z-00-DX1_23552_16384.jpg,TCGA-AZ-5407,TCGA-AZ-5407-01Z-00-DX1,1,0.99972993,1
tumour/TCGA-AZ-5407-01Z-00-DX1_23552_16896.jpg,TCGA-AZ-5407,TCGA-AZ-5407-01Z-00-DX1,1,0.9961493,1
tumour/TCGA-AZ-5407-01Z-00-DX1_23552_17408.jpg,TCGA-AZ-5407,TCGA-AZ-5407-01Z-00-DX1,1,0.7828847,1
tumour/TCGA-AZ-5407-01Z-00-DX1_24064_11776.jpg,TCGA-AZ-5407,TCGA-AZ-5407-01Z-00-DX1,1,0.9993973,1
tumour/TCGA-AZ-5407-01Z-00-DX1_24064_12288.jpg,TCGA-AZ-5407,TCGA-AZ-5407-01Z-00-DX1,1,0.9989336,1
tumour/TCGA-AZ-5407-01Z-00-DX1_24064_14336.jpg,TCGA-AZ-5407,TCGA-AZ-5407-01Z-00-DX1,1,0.9943178,1
tumour/TCGA-AZ-5407-01Z-00-DX1_24064_14848.jpg,TCGA-AZ-5407,TCGA-AZ-5407-01Z-00-DX1,1,0.9980921,1
tumour/TCGA-AZ-5407-01Z-00-DX1_24064_15360.jpg,TCGA-AZ-5407,TCGA-AZ-5407-01Z-00-DX1,1,0.9851482,1
tumour/TCGA-AZ-5407-01Z-00-DX1_24064_17408.jpg,TCGA-AZ-5407,TCGA-AZ-5407-01Z-00-DX1,1,0.9993248,1
tumour/TCGA-AZ-5407-01Z-00-DX1_24064_18432.jpg,TCGA-AZ-5407,TCGA-AZ-5407-01Z-00-DX1,1,0.990328,1
tumour/TCGA-AZ-5407-01Z-00-DX1_24576_12800.jpg,TCGA-AZ-5407,TCGA-AZ-5407-01Z-00-DX1,1,0.9213068,1
tumour/TCGA-AZ-5407-01Z-00-DX1_24576_13312.jpg,TCGA-AZ-5407,TCGA-AZ-5407-01Z-00-DX1,1,0.9974184,1
tumour/TCGA-AZ-5407-01Z-00-DX1_24576_13824.jpg,TCGA-AZ-5407,TCGA-AZ-5407-01Z-00-DX1,1,0.8332567,1
tumour/TCGA-AZ-5407-01Z-00-DX1_24576_14336.jpg,TCGA-AZ-5407,TCGA-AZ-5407-01Z-00-DX1,1,0.5655076,1
tumour/TCGA-AZ-5407-01Z-00-DX1_24576_14848.jpg,TCGA-AZ-5407,TCGA-AZ-5407-01Z-00-DX1,1,0.9694772,1
tumour/TCGA-AZ-5407-01Z-00-DX1_24576_16896.jpg,TCGA-AZ-5407,TCGA-AZ-5407-01Z-00-DX1,1,0.9999659,1
tumour/TCGA-AZ-5407-01Z-00-DX1_24576_17920.jpg,TCGA-AZ-5407,TCGA-AZ-5407-01Z-00-DX1,1,0.9956333,1
tumour/TCGA-AZ-5407-01Z-00-DX1_24576_18432.jpg,TCGA-AZ-5407,TCGA-AZ-5407-01Z-00-DX1,1,0.17630257,0
tumour/TCGA-AZ-5407-01Z-00-DX1_24576_18944.jpg,TCGA-AZ-5407,TCGA-AZ-5407-01Z-00-DX1,1,0.89213586,1
tumour/TCGA-AZ-5407-01Z-00-DX1_25088_11776.jpg,TCGA-AZ-5407,TCGA-AZ-5407-01Z-00-DX1,1,0.9994816,1
tumour/TCGA-AZ-5407-01Z-00-DX1_25088_12288.jpg,TCGA-AZ-5407,TCGA-AZ-5407-01Z-00-DX1,1,0.9965939,1
tumour/TCGA-AZ-5407-01Z-00-DX1_25088_12800.jpg,TCGA-AZ-5407,TCGA-AZ-5407-01Z-00-DX1,1,0.9848684,1
tumour/TCGA-AZ-5407-01Z-00-DX1_25088_14336.jpg,TCGA-AZ-5407,TCGA-AZ-5407-01Z-00-DX1,1,0.9989987,1
tumour/TCGA-AZ-5407-01Z-00-DX1_25088_14848.jpg,TCGA-AZ-5407,TCGA-AZ-5407-01Z-00-DX1,1,0.92261374,1
tumour/TCGA-AZ-5407-01Z-00-DX1_25088_15360.jpg,TCGA-AZ-5407,TCGA-AZ-5407-01Z-00-DX1,1,0.9985185,1
tumour/TCGA-AZ-5407-01Z-00-DX1_25088_16384.jpg,TCGA-AZ-5407,TCGA-AZ-5407-01Z-00-DX1,1,0.9768346,1
tumour/TCGA-AZ-5407-01Z-00-DX1_25600_10752.jpg,TCGA-AZ-5407,TCGA-AZ-5407-01Z-00-DX1,1,0.9918516,1
tumour/TCGA-AZ-5407-01Z-00-DX1_25600_12288.jpg,TCGA-AZ-5407,TCGA-AZ-5407-01Z-00-DX1,1,0.95565516,1
tumour/TCGA-AZ-5407-01Z-00-DX1_25600_13824.jpg,TCGA-AZ-5407,TCGA-AZ-5407-01Z-00-DX1,1,0.99841213,1
tumour/TCGA-AZ-5407-01Z-00-DX1_25600_16384.jpg,TCGA-AZ-5407,TCGA-AZ-5407-01Z-00-DX1,1,0.9977235,1
tumour/TCGA-AZ-5407-01Z-00-DX1_25600_16896.jpg,TCGA-AZ-5407,TCGA-AZ-5407-01Z-00-DX1,1,0.9988287,1
tumour/TCGA-AZ-5407-01Z-00-DX1_25600_17920.jpg,TCGA-AZ-5407,TCGA-AZ-5407-01Z-00-DX1,1,0.9991055,1
tumour/TCGA-AZ-5407-01Z-00-DX1_25600_19456.jpg,TCGA-AZ-5407,TCGA-AZ-5407-01Z-00-DX1,1,0.9997875,1
tumour/TCGA-AZ-5407-01Z-00-DX1_2560_11776.jpg,TCGA-AZ-5407,TCGA-AZ-5407-01Z-00-DX1,1,0.96899396,1
tumour/TCGA-AZ-5407-01Z-00-DX1_2560_12288.jpg,TCGA-AZ-5407,TCGA-AZ-5407-01Z-00-DX1,1,0.99914014,1
tumour/TCGA-AZ-5407-01Z-00-DX1_2560_13824.jpg,TCGA-AZ-5407,TCGA-AZ-5407-01Z-00-DX1,1,0.99872655,1
tumour/TCGA-AZ-5407-01Z-00-DX1_2560_9216.jpg,TCGA-AZ-5407,TCGA-AZ-5407-01Z-00-DX1,1,0.98415273,1
tumour/TCGA-AZ-5407-01Z-00-DX1_2560_9728.jpg,TCGA-AZ-5407,TCGA-AZ-5407-01Z-00-DX1,1,0.9933494,1
tumour/TCGA-AZ-5407-01Z-00-DX1_26112_13824.jpg,TCGA-AZ-5407,TCGA-AZ-5407-01Z-00-DX1,1,0.99481624,1
tumour/TCGA-AZ-5407-01Z-00-DX1_26112_14848.jpg,TCGA-AZ-5407,TCGA-AZ-5407-01Z-00-DX1,1,0.99946934,1
tumour/TCGA-AZ-5407-01Z-00-DX1_26112_15360.jpg,TCGA-AZ-5407,TCGA-AZ-5407-01Z-00-DX1,1,0.9966576,1
tumour/TCGA-AZ-5407-01Z-00-DX1_26112_18432.jpg,TCGA-AZ-5407,TCGA-AZ-5407-01Z-00-DX1,1,0.9998679,1
tumour/TCGA-AZ-5407-01Z-00-DX1_26112_19456.jpg,TCGA-AZ-5407,TCGA-AZ-5407-01Z-00-DX1,1,0.99484706,1
tumour/TCGA-AZ-5407-01Z-00-DX1_27136_14848.jpg,TCGA-AZ-5407,TCGA-AZ-5407-01Z-00-DX1,1,0.99889934,1
tumour/TCGA-AZ-5407-01Z-00-DX1_27136_15360.jpg,TCGA-AZ-5407,TCGA-AZ-5407-01Z-00-DX1,1,0.9999893,1
tumour/TCGA-AZ-5407-01Z-00-DX1_27136_15872.jpg,TCGA-AZ-5407,TCGA-AZ-5407-01Z-00-DX1,1,0.9851959,1
tumour/TCGA-AZ-5407-01Z-00-DX1_27136_16896.jpg,TCGA-AZ-5407,TCGA-AZ-5407-01Z-00-DX1,1,0.993551,1
tumour/TCGA-AZ-5407-01Z-00-DX1_27648_15360.jpg,TCGA-AZ-5407,TCGA-AZ-5407-01Z-00-DX1,1,0.84664106,1
tumour/TCGA-AZ-5407-01Z-00-DX1_27648_16896.jpg,TCGA-AZ-5407,TCGA-AZ-5407-01Z-00-DX1,1,0.9693282,1
tumour/TCGA-AZ-5407-01Z-00-DX1_28160_15872.jpg,TCGA-AZ-5407,TCGA-AZ-5407-01Z-00-DX1,1,0.95737326,1
tumour/TCGA-AZ-5407-01Z-00-DX1_28160_16384.jpg,TCGA-AZ-5407,TCGA-AZ-5407-01Z-00-DX1,1,0.81980735,1
tumour/TCGA-AZ-5407-01Z-00-DX1_30720_10752.jpg,TCGA-AZ-5407,TCGA-AZ-5407-01Z-00-DX1,1,0.9985127,1
tumour/TCGA-AZ-5407-01Z-00-DX1_30720_11264.jpg,TCGA-AZ-5407,TCGA-AZ-5407-01Z-00-DX1,1,0.99735546,1
tumour/TCGA-AZ-5407-01Z-00-DX1_30720_11776.jpg,TCGA-AZ-5407,TCGA-AZ-5407-01Z-00-DX1,1,0.9927188,1
tumour/TCGA-AZ-5407-01Z-00-DX1_3072_13312.jpg,TCGA-AZ-5407,TCGA-AZ-5407-01Z-00-DX1,1,0.99188554,1
tumour/TCGA-AZ-5407-01Z-00-DX1_3072_15360.jpg,TCGA-AZ-5407,TCGA-AZ-5407-01Z-00-DX1,1,0.9998485,1
tumour/TCGA-AZ-5407-01Z-00-DX1_3072_7168.jpg,TCGA-AZ-5407,TCGA-AZ-5407-01Z-00-DX1,1,0.99439186,1
tumour/TCGA-AZ-5407-01Z-00-DX1_3072_7680.jpg,TCGA-AZ-5407,TCGA-AZ-5407-01Z-00-DX1,1,0.9943553,1
tumour/TCGA-AZ-5407-01Z-00-DX1_3072_9728.jpg,TCGA-AZ-5407,TCGA-AZ-5407-01Z-00-DX1,1,0.994393,1
tumour/TCGA-AZ-5407-01Z-00-DX1_31232_10240.jpg,TCGA-AZ-5407,TCGA-AZ-5407-01Z-00-DX1,1,0.98840195,1
tumour/TCGA-AZ-5407-01Z-00-DX1_31232_10752.jpg,TCGA-AZ-5407,TCGA-AZ-5407-01Z-00-DX1,1,0.997159,1
tumour/TCGA-AZ-5407-01Z-00-DX1_31232_13312.jpg,TCGA-AZ-5407,TCGA-AZ-5407-01Z-00-DX1,1,0.99644864,1
tumour/TCGA-AZ-5407-01Z-00-DX1_31744_10752.jpg,TCGA-AZ-5407,TCGA-AZ-5407-01Z-00-DX1,1,0.9987822,1
tumour/TCGA-AZ-5407-01Z-00-DX1_31744_11264.jpg,TCGA-AZ-5407,TCGA-AZ-5407-01Z-00-DX1,1,0.996786,1
tumour/TCGA-AZ-5407-01Z-00-DX1_31744_13312.jpg,TCGA-AZ-5407,TCGA-AZ-5407-01Z-00-DX1,1,0.9948991,1
tumour/TCGA-AZ-5407-01Z-00-DX1_31744_9216.jpg,TCGA-AZ-5407,TCGA-AZ-5407-01Z-00-DX1,1,0.9971981,1
tumour/TCGA-AZ-5407-01Z-00-DX1_32256_10752.jpg,TCGA-AZ-5407,TCGA-AZ-5407-01Z-00-DX1,1,0.9933751,1
tumour/TCGA-AZ-5407-01Z-00-DX1_32256_11776.jpg,TCGA-AZ-5407,TCGA-AZ-5407-01Z-00-DX1,1,0.99203354,1
tumour/TCGA-AZ-5407-01Z-00-DX1_32256_12800.jpg,TCGA-AZ-5407,TCGA-AZ-5407-01Z-00-DX1,1,0.95806235,1
tumour/TCGA-AZ-5407-01Z-00-DX1_32256_13824.jpg,TCGA-AZ-5407,TCGA-AZ-5407-01Z-00-DX1,1,0.9989831,1
tumour/TCGA-AZ-5407-01Z-00-DX1_32256_8704.jpg,TCGA-AZ-5407,TCGA-AZ-5407-01Z-00-DX1,1,0.99568546,1
tumour/TCGA-AZ-5407-01Z-00-DX1_32256_9216.jpg,TCGA-AZ-5407,TCGA-AZ-5407-01Z-00-DX1,1,0.9999441,1
tumour/TCGA-AZ-5407-01Z-00-DX1_32256_9728.jpg,TCGA-AZ-5407,TCGA-AZ-5407-01Z-00-DX1,1,0.99907506,1
tumour/TCGA-AZ-5407-01Z-00-DX1_32768_12800.jpg,TCGA-AZ-5407,TCGA-AZ-5407-01Z-00-DX1,1,0.98755825,1
tumour/TCGA-AZ-5407-01Z-00-DX1_32768_9728.jpg,TCGA-AZ-5407,TCGA-AZ-5407-01Z-00-DX1,1,0.9982254,1
tumour/TCGA-AZ-5407-01Z-00-DX1_33280_11776.jpg,TCGA-AZ-5407,TCGA-AZ-5407-01Z-00-DX1,1,0.9998822,1
tumour/TCGA-AZ-5407-01Z-00-DX1_33280_12288.jpg,TCGA-AZ-5407,TCGA-AZ-5407-01Z-00-DX1,1,0.9971571,1
tumour/TCGA-AZ-5407-01Z-00-DX1_33280_12800.jpg,TCGA-AZ-5407,TCGA-AZ-5407-01Z-00-DX1,1,0.9986199,1
tumour/TCGA-AZ-5407-01Z-00-DX1_33280_13312.jpg,TCGA-AZ-5407,TCGA-AZ-5407-01Z-00-DX1,1,0.9997582,1
tumour/TCGA-AZ-5407-01Z-00-DX1_33280_13824.jpg,TCGA-AZ-5407,TCGA-AZ-5407-01Z-00-DX1,1,0.9999652,1
tumour/TCGA-AZ-5407-01Z-00-DX1_33280_8704.jpg,TCGA-AZ-5407,TCGA-AZ-5407-01Z-00-DX1,1,0.998355,1
tumour/TCGA-AZ-5407-01Z-00-DX1_33280_9216.jpg,TCGA-AZ-5407,TCGA-AZ-5407-01Z-00-DX1,1,0.99989116,1
tumour/TCGA-AZ-5407-01Z-00-DX1_33792_11776.jpg,TCGA-AZ-5407,TCGA-AZ-5407-01Z-00-DX1,1,0.99817336,1
tumour/TCGA-AZ-5407-01Z-00-DX1_33792_13824.jpg,TCGA-AZ-5407,TCGA-AZ-5407-01Z-00-DX1,1,0.9956793,1
tumour/TCGA-AZ-5407-01Z-00-DX1_33792_14336.jpg,TCGA-AZ-5407,TCGA-AZ-5407-01Z-00-DX1,1,0.9953679,1
tumour/TCGA-AZ-5407-01Z-00-DX1_33792_8704.jpg,TCGA-AZ-5407,TCGA-AZ-5407-01Z-00-DX1,1,0.99929047,1
tumour/TCGA-AZ-5407-01Z-00-DX1_33792_9728.jpg,TCGA-AZ-5407,TCGA-AZ-5407-01Z-00-DX1,1,0.99991477,1
tumour/TCGA-AZ-5407-01Z-00-DX1_34304_11776.jpg,TCGA-AZ-5407,TCGA-AZ-5407-01Z-00-DX1,1,0.99959594,1
tumour/TCGA-AZ-5407-01Z-00-DX1_34304_12288.jpg,TCGA-AZ-5407,TCGA-AZ-5407-01Z-00-DX1,1,0.9989832,1
tumour/TCGA-AZ-5407-01Z-00-DX1_34304_12800.jpg,TCGA-AZ-5407,TCGA-AZ-5407-01Z-00-DX1,1,0.92485327,1
tumour/TCGA-AZ-5407-01Z-00-DX1_34304_13312.jpg,TCGA-AZ-5407,TCGA-AZ-5407-01Z-00-DX1,1,0.9998565,1
tumour/TCGA-AZ-5407-01Z-00-DX1_34304_13824.jpg,TCGA-AZ-5407,TCGA-AZ-5407-01Z-00-DX1,1,0.998304,1
tumour/TCGA-AZ-5407-01Z-00-DX1_34304_14336.jpg,TCGA-AZ-5407,TCGA-AZ-5407-01Z-00-DX1,1,0.9936661,1
tumour/TCGA-AZ-5407-01Z-00-DX1_34304_9728.jpg,TCGA-AZ-5407,TCGA-AZ-5407-01Z-00-DX1,1,0.99224055,1
tumour/TCGA-AZ-5407-01Z-00-DX1_34816_10752.jpg,TCGA-AZ-5407,TCGA-AZ-5407-01Z-00-DX1,1,0.99989486,1
tumour/TCGA-AZ-5407-01Z-00-DX1_34816_12288.jpg,TCGA-AZ-5407,TCGA-AZ-5407-01Z-00-DX1,1,0.99995553,1
tumour/TCGA-AZ-5407-01Z-00-DX1_34816_13824.jpg,TCGA-AZ-5407,TCGA-AZ-5407-01Z-00-DX1,1,0.99913245,1
tumour/TCGA-AZ-5407-01Z-00-DX1_34816_14336.jpg,TCGA-AZ-5407,TCGA-AZ-5407-01Z-00-DX1,1,0.9985129,1
tumour/TCGA-AZ-5407-01Z-00-DX1_34816_15872.jpg,TCGA-AZ-5407,TCGA-AZ-5407-01Z-00-DX1,1,0.99672085,1
tumour/TCGA-AZ-5407-01Z-00-DX1_34816_9216.jpg,TCGA-AZ-5407,TCGA-AZ-5407-01Z-00-DX1,1,0.9998975,1
tumour/TCGA-AZ-5407-01Z-00-DX1_35328_10240.jpg,TCGA-AZ-5407,TCGA-AZ-5407-01Z-00-DX1,1,0.9999143,1
tumour/TCGA-AZ-5407-01Z-00-DX1_35328_11264.jpg,TCGA-AZ-5407,TCGA-AZ-5407-01Z-00-DX1,1,0.999129,1
tumour/TCGA-AZ-5407-01Z-00-DX1_35328_11776.jpg,TCGA-AZ-5407,TCGA-AZ-5407-01Z-00-DX1,1,0.9998975,1
tumour/TCGA-AZ-5407-01Z-00-DX1_35328_12800.jpg,TCGA-AZ-5407,TCGA-AZ-5407-01Z-00-DX1,1,0.9932747,1
tumour/TCGA-AZ-5407-01Z-00-DX1_35328_13824.jpg,TCGA-AZ-5407,TCGA-AZ-5407-01Z-00-DX1,1,0.982752,1
tumour/TCGA-AZ-5407-01Z-00-DX1_35328_8192.jpg,TCGA-AZ-5407,TCGA-AZ-5407-01Z-00-DX1,1,0.9998375,1
tumour/TCGA-AZ-5407-01Z-00-DX1_35328_8704.jpg,TCGA-AZ-5407,TCGA-AZ-5407-01Z-00-DX1,1,0.99992764,1
tumour/TCGA-AZ-5407-01Z-00-DX1_35328_9216.jpg,TCGA-AZ-5407,TCGA-AZ-5407-01Z-00-DX1,1,0.9996172,1
tumour/TCGA-AZ-5407-01Z-00-DX1_35840_10752.jpg,TCGA-AZ-5407,TCGA-AZ-5407-01Z-00-DX1,1,0.9984086,1
tumour/TCGA-AZ-5407-01Z-00-DX1_35840_11264.jpg,TCGA-AZ-5407,TCGA-AZ-5407-01Z-00-DX1,1,0.999902,1
tumour/TCGA-AZ-5407-01Z-00-DX1_35840_12800.jpg,TCGA-AZ-5407,TCGA-AZ-5407-01Z-00-DX1,1,0.9964849,1
tumour/TCGA-AZ-5407-01Z-00-DX1_35840_13312.jpg,TCGA-AZ-5407,TCGA-AZ-5407-01Z-00-DX1,1,0.99604994,1
tumour/TCGA-AZ-5407-01Z-00-DX1_35840_13824.jpg,TCGA-AZ-5407,TCGA-AZ-5407-01Z-00-DX1,1,0.9398624,1
tumour/TCGA-AZ-5407-01Z-00-DX1_35840_8192.jpg,TCGA-AZ-5407,TCGA-AZ-5407-01Z-00-DX1,1,0.9963994,1
tumour/TCGA-AZ-5407-01Z-00-DX1_35840_9216.jpg,TCGA-AZ-5407,TCGA-AZ-5407-01Z-00-DX1,1,0.99920434,1
tumour/TCGA-AZ-5407-01Z-00-DX1_3584_10240.jpg,TCGA-AZ-5407,TCGA-AZ-5407-01Z-00-DX1,1,0.26876402,0
tumour/TCGA-AZ-5407-01Z-00-DX1_3584_10752.jpg,TCGA-AZ-5407,TCGA-AZ-5407-01Z-00-DX1,1,0.9941571,1
tumour/TCGA-AZ-5407-01Z-00-DX1_3584_11776.jpg,TCGA-AZ-5407,TCGA-AZ-5407-01Z-00-DX1,1,0.997384,1
tumour/TCGA-AZ-5407-01Z-00-DX1_3584_12288.jpg,TCGA-AZ-5407,TCGA-AZ-5407-01Z-00-DX1,1,0.9976897,1
tumour/TCGA-AZ-5407-01Z-00-DX1_3584_14848.jpg,TCGA-AZ-5407,TCGA-AZ-5407-01Z-00-DX1,1,0.9800628,1
tumour/TCGA-AZ-5407-01Z-00-DX1_3584_15360.jpg,TCGA-AZ-5407,TCGA-AZ-5407-01Z-00-DX1,1,0.99932754,1
tumour/TCGA-AZ-5407-01Z-00-DX1_3584_6144.jpg,TCGA-AZ-5407,TCGA-AZ-5407-01Z-00-DX1,1,0.9962471,1
tumour/TCGA-AZ-5407-01Z-00-DX1_3584_7168.jpg,TCGA-AZ-5407,TCGA-AZ-5407-01Z-00-DX1,1,0.9996712,1
tumour/TCGA-AZ-5407-01Z-00-DX1_3584_7680.jpg,TCGA-AZ-5407,TCGA-AZ-5407-01Z-00-DX1,1,0.9963709,1
tumour/TCGA-AZ-5407-01Z-00-DX1_3584_8704.jpg,TCGA-AZ-5407,TCGA-AZ-5407-01Z-00-DX1,1,0.990087,1
tumour/TCGA-AZ-5407-01Z-00-DX1_3584_9728.jpg,TCGA-AZ-5407,TCGA-AZ-5407-01Z-00-DX1,1,0.9796689,1
tumour/TCGA-AZ-5407-01Z-00-DX1_36352_11776.jpg,TCGA-AZ-5407,TCGA-AZ-5407-01Z-00-DX1,1,0.9911526,1
tumour/TCGA-AZ-5407-01Z-00-DX1_36352_8704.jpg,TCGA-AZ-5407,TCGA-AZ-5407-01Z-00-DX1,1,0.999833,1
tumour/TCGA-AZ-5407-01Z-00-DX1_36352_9216.jpg,TCGA-AZ-5407,TCGA-AZ-5407-01Z-00-DX1,1,0.9997502,1
tumour/TCGA-AZ-5407-01Z-00-DX1_36352_9728.jpg,TCGA-AZ-5407,TCGA-AZ-5407-01Z-00-DX1,1,0.9996468,1
tumour/TCGA-AZ-5407-01Z-00-DX1_36864_11776.jpg,TCGA-AZ-5407,TCGA-AZ-5407-01Z-00-DX1,1,0.99969625,1
tumour/TCGA-AZ-5407-01Z-00-DX1_36864_13312.jpg,TCGA-AZ-5407,TCGA-AZ-5407-01Z-00-DX1,1,0.9914321,1
tumour/TCGA-AZ-5407-01Z-00-DX1_36864_8704.jpg,TCGA-AZ-5407,TCGA-AZ-5407-01Z-00-DX1,1,0.9862618,1
tumour/TCGA-AZ-5407-01Z-00-DX1_36864_9728.jpg,TCGA-AZ-5407,TCGA-AZ-5407-01Z-00-DX1,1,0.9999943,1
tumour/TCGA-AZ-5407-01Z-00-DX1_37376_10240.jpg,TCGA-AZ-5407,TCGA-AZ-5407-01Z-00-DX1,1,0.99931514,1
tumour/TCGA-AZ-5407-01Z-00-DX1_37376_11776.jpg,TCGA-AZ-5407,TCGA-AZ-5407-01Z-00-DX1,1,0.99971575,1
tumour/TCGA-AZ-5407-01Z-00-DX1_37376_12800.jpg,TCGA-AZ-5407,TCGA-AZ-5407-01Z-00-DX1,1,0.99996877,1
tumour/TCGA-AZ-5407-01Z-00-DX1_37888_10240.jpg,TCGA-AZ-5407,TCGA-AZ-5407-01Z-00-DX1,1,0.99904364,1
tumour/TCGA-AZ-5407-01Z-00-DX1_37888_10752.jpg,TCGA-AZ-5407,TCGA-AZ-5407-01Z-00-DX1,1,0.98598355,1
tumour/TCGA-AZ-5407-01Z-00-DX1_37888_11776.jpg,TCGA-AZ-5407,TCGA-AZ-5407-01Z-00-DX1,1,0.9228832,1
tumour/TCGA-AZ-5407-01Z-00-DX1_37888_13312.jpg,TCGA-AZ-5407,TCGA-AZ-5407-01Z-00-DX1,1,0.9984919,1
tumour/TCGA-AZ-5407-01Z-00-DX1_37888_8704.jpg,TCGA-AZ-5407,TCGA-AZ-5407-01Z-00-DX1,1,0.99865353,1
tumour/TCGA-AZ-5407-01Z-00-DX1_38400_11776.jpg,TCGA-AZ-5407,TCGA-AZ-5407-01Z-00-DX1,1,0.99992836,1
tumour/TCGA-AZ-5407-01Z-00-DX1_4096_11776.jpg,TCGA-AZ-5407,TCGA-AZ-5407-01Z-00-DX1,1,0.95758647,1
tumour/TCGA-AZ-5407-01Z-00-DX1_4096_12288.jpg,TCGA-AZ-5407,TCGA-AZ-5407-01Z-00-DX1,1,0.9853974,1
tumour/TCGA-AZ-5407-01Z-00-DX1_4096_12800.jpg,TCGA-AZ-5407,TCGA-AZ-5407-01Z-00-DX1,1,0.9656916,1
tumour/TCGA-AZ-5407-01Z-00-DX1_4096_13824.jpg,TCGA-AZ-5407,TCGA-AZ-5407-01Z-00-DX1,1,0.9923725,1
tumour/TCGA-AZ-5407-01Z-00-DX1_4096_16384.jpg,TCGA-AZ-5407,TCGA-AZ-5407-01Z-00-DX1,1,0.99998116,1
tumour/TCGA-AZ-5407-01Z-00-DX1_4096_17408.jpg,TCGA-AZ-5407,TCGA-AZ-5407-01Z-00-DX1,1,0.99515826,1
tumour/TCGA-AZ-5407-01Z-00-DX1_4096_6656.jpg,TCGA-AZ-5407,TCGA-AZ-5407-01Z-00-DX1,1,0.9991635,1
tumour/TCGA-AZ-5407-01Z-00-DX1_4096_8192.jpg,TCGA-AZ-5407,TCGA-AZ-5407-01Z-00-DX1,1,0.9987814,1
tumour/TCGA-AZ-5407-01Z-00-DX1_4096_8704.jpg,TCGA-AZ-5407,TCGA-AZ-5407-01Z-00-DX1,1,0.6523639,1
tumour/TCGA-AZ-5407-01Z-00-DX1_4096_9216.jpg,TCGA-AZ-5407,TCGA-AZ-5407-01Z-00-DX1,1,0.98292315,1
tumour/TCGA-AZ-5407-01Z-00-DX1_4096_9728.jpg,TCGA-AZ-5407,TCGA-AZ-5407-01Z-00-DX1,1,0.9898233,1
tumour/TCGA-AZ-5407-01Z-00-DX1_4608_10240.jpg,TCGA-AZ-5407,TCGA-AZ-5407-01Z-00-DX1,1,0.9969746,1
tumour/TCGA-AZ-5407-01Z-00-DX1_4608_10752.jpg,TCGA-AZ-5407,TCGA-AZ-5407-01Z-00-DX1,1,0.99143046,1
tumour/TCGA-AZ-5407-01Z-00-DX1_4608_11264.jpg,TCGA-AZ-5407,TCGA-AZ-5407-01Z-00-DX1,1,0.99523985,1
tumour/TCGA-AZ-5407-01Z-00-DX1_4608_11776.jpg,TCGA-AZ-5407,TCGA-AZ-5407-01Z-00-DX1,1,0.99682283,1
tumour/TCGA-AZ-5407-01Z-00-DX1_4608_12288.jpg,TCGA-AZ-5407,TCGA-AZ-5407-01Z-00-DX1,1,0.9200973,1
tumour/TCGA-AZ-5407-01Z-00-DX1_4608_13824.jpg,TCGA-AZ-5407,TCGA-AZ-5407-01Z-00-DX1,1,0.9940315,1
tumour/TCGA-AZ-5407-01Z-00-DX1_4608_14848.jpg,TCGA-AZ-5407,TCGA-AZ-5407-01Z-00-DX1,1,0.19799003,0
tumour/TCGA-AZ-5407-01Z-00-DX1_4608_15360.jpg,TCGA-AZ-5407,TCGA-AZ-5407-01Z-00-DX1,1,0.99698275,1
tumour/TCGA-AZ-5407-01Z-00-DX1_4608_16384.jpg,TCGA-AZ-5407,TCGA-AZ-5407-01Z-00-DX1,1,0.9855274,1
tumour/TCGA-AZ-5407-01Z-00-DX1_4608_16896.jpg,TCGA-AZ-5407,TCGA-AZ-5407-01Z-00-DX1,1,0.9731355,1
tumour/TCGA-AZ-5407-01Z-00-DX1_4608_17408.jpg,TCGA-AZ-5407,TCGA-AZ-5407-01Z-00-DX1,1,0.9998267,1
tumour/TCGA-AZ-5407-01Z-00-DX1_4608_17920.jpg,TCGA-AZ-5407,TCGA-AZ-5407-01Z-00-DX1,1,0.99959,1
tumour/TCGA-AZ-5407-01Z-00-DX1_4608_6144.jpg,TCGA-AZ-5407,TCGA-AZ-5407-01Z-00-DX1,1,0.9999331,1
tumour/TCGA-AZ-5407-01Z-00-DX1_4608_8192.jpg,TCGA-AZ-5407,TCGA-AZ-5407-01Z-00-DX1,1,0.9985019,1
tumour/TCGA-AZ-5407-01Z-00-DX1_4608_9728.jpg,TCGA-AZ-5407,TCGA-AZ-5407-01Z-00-DX1,1,0.9962107,1
tumour/TCGA-AZ-5407-01Z-00-DX1_5120_11264.jpg,TCGA-AZ-5407,TCGA-AZ-5407-01Z-00-DX1,1,0.99733186,1
tumour/TCGA-AZ-5407-01Z-00-DX1_5120_11776.jpg,TCGA-AZ-5407,TCGA-AZ-5407-01Z-00-DX1,1,0.9992685,1
tumour/TCGA-AZ-5407-01Z-00-DX1_5120_13312.jpg,TCGA-AZ-5407,TCGA-AZ-5407-01Z-00-DX1,1,0.89041,1
tumour/TCGA-AZ-5407-01Z-00-DX1_5120_13824.jpg,TCGA-AZ-5407,TCGA-AZ-5407-01Z-00-DX1,1,0.9975973,1
tumour/TCGA-AZ-5407-01Z-00-DX1_5120_14336.jpg,TCGA-AZ-5407,TCGA-AZ-5407-01Z-00-DX1,1,0.98721826,1
tumour/TCGA-AZ-5407-01Z-00-DX1_5120_15360.jpg,TCGA-AZ-5407,TCGA-AZ-5407-01Z-00-DX1,1,0.9992248,1
tumour/TCGA-AZ-5407-01Z-00-DX1_5120_16896.jpg,TCGA-AZ-5407,TCGA-AZ-5407-01Z-00-DX1,1,0.9998142,1
tumour/TCGA-AZ-5407-01Z-00-DX1_5120_17408.jpg,TCGA-AZ-5407,TCGA-AZ-5407-01Z-00-DX1,1,0.9945353,1
tumour/TCGA-AZ-5407-01Z-00-DX1_5120_6144.jpg,TCGA-AZ-5407,TCGA-AZ-5407-01Z-00-DX1,1,0.67181814,1
tumour/TCGA-AZ-5407-01Z-00-DX1_5120_6656.jpg,TCGA-AZ-5407,TCGA-AZ-5407-01Z-00-DX1,1,0.9869285,1
tumour/TCGA-AZ-5407-01Z-00-DX1_5120_7680.jpg,TCGA-AZ-5407,TCGA-AZ-5407-01Z-00-DX1,1,0.9981791,1
tumour/TCGA-AZ-5407-01Z-00-DX1_5120_8192.jpg,TCGA-AZ-5407,TCGA-AZ-5407-01Z-00-DX1,1,0.9812061,1
tumour/TCGA-AZ-5407-01Z-00-DX1_5120_9216.jpg,TCGA-AZ-5407,TCGA-AZ-5407-01Z-00-DX1,1,0.99818194,1
tumour/TCGA-AZ-5407-01Z-00-DX1_5120_9728.jpg,TCGA-AZ-5407,TCGA-AZ-5407-01Z-00-DX1,1,0.9970656,1
tumour/TCGA-AZ-5407-01Z-00-DX1_5632_10240.jpg,TCGA-AZ-5407,TCGA-AZ-5407-01Z-00-DX1,1,0.96140075,1
tumour/TCGA-AZ-5407-01Z-00-DX1_5632_11264.jpg,TCGA-AZ-5407,TCGA-AZ-5407-01Z-00-DX1,1,0.7078905,1
tumour/TCGA-AZ-5407-01Z-00-DX1_5632_13312.jpg,TCGA-AZ-5407,TCGA-AZ-5407-01Z-00-DX1,1,0.8104282,1
tumour/TCGA-AZ-5407-01Z-00-DX1_5632_15360.jpg,TCGA-AZ-5407,TCGA-AZ-5407-01Z-00-DX1,1,0.9997689,1
tumour/TCGA-AZ-5407-01Z-00-DX1_5632_16384.jpg,TCGA-AZ-5407,TCGA-AZ-5407-01Z-00-DX1,1,0.99789643,1
tumour/TCGA-AZ-5407-01Z-00-DX1_5632_16896.jpg,TCGA-AZ-5407,TCGA-AZ-5407-01Z-00-DX1,1,0.99880135,1
tumour/TCGA-AZ-5407-01Z-00-DX1_5632_18432.jpg,TCGA-AZ-5407,TCGA-AZ-5407-01Z-00-DX1,1,0.9997893,1
tumour/TCGA-AZ-5407-01Z-00-DX1_5632_18944.jpg,TCGA-AZ-5407,TCGA-AZ-5407-01Z-00-DX1,1,0.9999145,1
tumour/TCGA-AZ-5407-01Z-00-DX1_5632_5632.jpg,TCGA-AZ-5407,TCGA-AZ-5407-01Z-00-DX1,1,0.99818295,1
tumour/TCGA-AZ-5407-01Z-00-DX1_5632_6656.jpg,TCGA-AZ-5407,TCGA-AZ-5407-01Z-00-DX1,1,0.9755762,1
tumour/TCGA-AZ-5407-01Z-00-DX1_5632_7168.jpg,TCGA-AZ-5407,TCGA-AZ-5407-01Z-00-DX1,1,0.9758449,1
tumour/TCGA-AZ-5407-01Z-00-DX1_5632_8704.jpg,TCGA-AZ-5407,TCGA-AZ-5407-01Z-00-DX1,1,0.9909121,1
tumour/TCGA-AZ-5407-01Z-00-DX1_5632_9216.jpg,TCGA-AZ-5407,TCGA-AZ-5407-01Z-00-DX1,1,0.94465965,1
tumour/TCGA-AZ-5407-01Z-00-DX1_6144_10240.jpg,TCGA-AZ-5407,TCGA-AZ-5407-01Z-00-DX1,1,0.9545418,1
tumour/TCGA-AZ-5407-01Z-00-DX1_6144_17408.jpg,TCGA-AZ-5407,TCGA-AZ-5407-01Z-00-DX1,1,0.93129987,1
tumour/TCGA-AZ-5407-01Z-00-DX1_6144_17920.jpg,TCGA-AZ-5407,TCGA-AZ-5407-01Z-00-DX1,1,0.96497923,1
tumour/TCGA-AZ-5407-01Z-00-DX1_6144_18432.jpg,TCGA-AZ-5407,TCGA-AZ-5407-01Z-00-DX1,1,0.99683326,1
tumour/TCGA-AZ-5407-01Z-00-DX1_6144_7168.jpg,TCGA-AZ-5407,TCGA-AZ-5407-01Z-00-DX1,1,0.99812144,1
tumour/TCGA-AZ-5407-01Z-00-DX1_6144_8192.jpg,TCGA-AZ-5407,TCGA-AZ-5407-01Z-00-DX1,1,0.9871443,1
tumour/TCGA-AZ-5407-01Z-00-DX1_6144_8704.jpg,TCGA-AZ-5407,TCGA-AZ-5407-01Z-00-DX1,1,0.99036086,1
tumour/TCGA-AZ-5407-01Z-00-DX1_6144_9728.jpg,TCGA-AZ-5407,TCGA-AZ-5407-01Z-00-DX1,1,0.99671197,1
tumour/TCGA-AZ-5407-01Z-00-DX1_6656_14848.jpg,TCGA-AZ-5407,TCGA-AZ-5407-01Z-00-DX1,1,0.99988484,1
tumour/TCGA-AZ-5407-01Z-00-DX1_6656_17920.jpg,TCGA-AZ-5407,TCGA-AZ-5407-01Z-00-DX1,1,0.96755534,1
tumour/TCGA-AZ-5407-01Z-00-DX1_7168_14336.jpg,TCGA-AZ-5407,TCGA-AZ-5407-01Z-00-DX1,1,0.9978728,1
tumour/TCGA-AZ-5407-01Z-00-DX1_7168_18944.jpg,TCGA-AZ-5407,TCGA-AZ-5407-01Z-00-DX1,1,0.5823198,1
tumour/TCGA-AZ-5407-01Z-00-DX1_7168_9216.jpg,TCGA-AZ-5407,TCGA-AZ-5407-01Z-00-DX1,1,0.99924076,1
tumour/TCGA-AZ-5407-01Z-00-DX1_7680_10240.jpg,TCGA-AZ-5407,TCGA-AZ-5407-01Z-00-DX1,1,0.9976671,1
tumour/TCGA-AZ-5407-01Z-00-DX1_7680_12288.jpg,TCGA-AZ-5407,TCGA-AZ-5407-01Z-00-DX1,1,0.93868685,1
tumour/TCGA-AZ-5407-01Z-00-DX1_7680_13312.jpg,TCGA-AZ-5407,TCGA-AZ-5407-01Z-00-DX1,1,0.9514077,1
tumour/TCGA-AZ-5407-01Z-00-DX1_7680_17920.jpg,TCGA-AZ-5407,TCGA-AZ-5407-01Z-00-DX1,1,0.95870155,1
tumour/TCGA-AZ-5407-01Z-00-DX1_7680_19456.jpg,TCGA-AZ-5407,TCGA-AZ-5407-01Z-00-DX1,1,0.9984149,1
tumour/TCGA-AZ-5407-01Z-00-DX1_7680_9728.jpg,TCGA-AZ-5407,TCGA-AZ-5407-01Z-00-DX1,1,0.9924429,1
tumour/TCGA-AZ-5407-01Z-00-DX1_8192_10752.jpg,TCGA-AZ-5407,TCGA-AZ-5407-01Z-00-DX1,1,0.9319607,1
tumour/TCGA-AZ-5407-01Z-00-DX1_8192_11264.jpg,TCGA-AZ-5407,TCGA-AZ-5407-01Z-00-DX1,1,0.7755204,1
tumour/TCGA-AZ-5407-01Z-00-DX1_8192_12288.jpg,TCGA-AZ-5407,TCGA-AZ-5407-01Z-00-DX1,1,0.3616356,0
tumour/TCGA-AZ-5407-01Z-00-DX1_8192_13312.jpg,TCGA-AZ-5407,TCGA-AZ-5407-01Z-00-DX1,1,0.5746898,1
tumour/TCGA-AZ-5407-01Z-00-DX1_8192_14848.jpg,TCGA-AZ-5407,TCGA-AZ-5407-01Z-00-DX1,1,0.8840461,1
tumour/TCGA-AZ-5407-01Z-00-DX1_8192_15360.jpg,TCGA-AZ-5407,TCGA-AZ-5407-01Z-00-DX1,1,0.9980124,1
tumour/TCGA-AZ-5407-01Z-00-DX1_8192_15872.jpg,TCGA-AZ-5407,TCGA-AZ-5407-01Z-00-DX1,1,0.39811492,0
tumour/TCGA-AZ-5407-01Z-00-DX1_8192_16896.jpg,TCGA-AZ-5407,TCGA-AZ-5407-01Z-00-DX1,1,0.6617289,1
tumour/TCGA-AZ-5407-01Z-00-DX1_8192_18944.jpg,TCGA-AZ-5407,TCGA-AZ-5407-01Z-00-DX1,1,0.9960013,1
tumour/TCGA-AZ-5407-01Z-00-DX1_8192_8192.jpg,TCGA-AZ-5407,TCGA-AZ-5407-01Z-00-DX1,1,0.8286484,1
tumour/TCGA-AZ-5407-01Z-00-DX1_8192_8704.jpg,TCGA-AZ-5407,TCGA-AZ-5407-01Z-00-DX1,1,0.67850447,1
tumour/TCGA-AZ-5407-01Z-00-DX1_8192_9728.jpg,TCGA-AZ-5407,TCGA-AZ-5407-01Z-00-DX1,1,0.8939911,1
tumour/TCGA-AZ-5407-01Z-00-DX1_8704_10240.jpg,TCGA-AZ-5407,TCGA-AZ-5407-01Z-00-DX1,1,0.99941754,1
tumour/TCGA-AZ-5407-01Z-00-DX1_8704_11264.jpg,TCGA-AZ-5407,TCGA-AZ-5407-01Z-00-DX1,1,0.9740858,1
tumour/TCGA-AZ-5407-01Z-00-DX1_8704_13312.jpg,TCGA-AZ-5407,TCGA-AZ-5407-01Z-00-DX1,1,0.9733719,1
tumour/TCGA-AZ-5407-01Z-00-DX1_8704_13824.jpg,TCGA-AZ-5407,TCGA-AZ-5407-01Z-00-DX1,1,0.9987056,1
tumour/TCGA-AZ-5407-01Z-00-DX1_8704_14336.jpg,TCGA-AZ-5407,TCGA-AZ-5407-01Z-00-DX1,1,0.9996277,1
tumour/TCGA-AZ-5407-01Z-00-DX1_8704_14848.jpg,TCGA-AZ-5407,TCGA-AZ-5407-01Z-00-DX1,1,0.99904794,1
tumour/TCGA-AZ-5407-01Z-00-DX1_8704_15360.jpg,TCGA-AZ-5407,TCGA-AZ-5407-01Z-00-DX1,1,0.9245376,1
tumour/TCGA-AZ-5407-01Z-00-DX1_8704_16384.jpg,TCGA-AZ-5407,TCGA-AZ-5407-01Z-00-DX1,1,0.8616253,1
tumour/TCGA-AZ-5407-01Z-00-DX1_8704_16896.jpg,TCGA-AZ-5407,TCGA-AZ-5407-01Z-00-DX1,1,0.8669039,1
tumour/TCGA-AZ-5407-01Z-00-DX1_8704_18432.jpg,TCGA-AZ-5407,TCGA-AZ-5407-01Z-00-DX1,1,0.9503208,1
tumour/TCGA-AZ-5407-01Z-00-DX1_8704_19456.jpg,TCGA-AZ-5407,TCGA-AZ-5407-01Z-00-DX1,1,0.99834096,1
tumour/TCGA-AZ-5407-01Z-00-DX1_8704_9728.jpg,TCGA-AZ-5407,TCGA-AZ-5407-01Z-00-DX1,1,0.9912327,1
tumour/TCGA-AZ-5407-01Z-00-DX1_9216_10240.jpg,TCGA-AZ-5407,TCGA-AZ-5407-01Z-00-DX1,1,0.99223644,1
tumour/TCGA-AZ-5407-01Z-00-DX1_9216_10752.jpg,TCGA-AZ-5407,TCGA-AZ-5407-01Z-00-DX1,1,0.9936698,1
tumour/TCGA-AZ-5407-01Z-00-DX1_9216_11264.jpg,TCGA-AZ-5407,TCGA-AZ-5407-01Z-00-DX1,1,0.9972395,1
tumour/TCGA-AZ-5407-01Z-00-DX1_9216_12288.jpg,TCGA-AZ-5407,TCGA-AZ-5407-01Z-00-DX1,1,0.99838734,1
tumour/TCGA-AZ-5407-01Z-00-DX1_9216_12800.jpg,TCGA-AZ-5407,TCGA-AZ-5407-01Z-00-DX1,1,0.99153847,1
tumour/TCGA-AZ-5407-01Z-00-DX1_9216_13824.jpg,TCGA-AZ-5407,TCGA-AZ-5407-01Z-00-DX1,1,0.9618322,1
tumour/TCGA-AZ-5407-01Z-00-DX1_9216_15872.jpg,TCGA-AZ-5407,TCGA-AZ-5407-01Z-00-DX1,1,0.9742818,1
tumour/TCGA-AZ-5407-01Z-00-DX1_9216_8192.jpg,TCGA-AZ-5407,TCGA-AZ-5407-01Z-00-DX1,1,0.99572253,1
tumour/TCGA-AZ-5407-01Z-00-DX1_9216_9216.jpg,TCGA-AZ-5407,TCGA-AZ-5407-01Z-00-DX1,1,0.96903497,1
tumour/TCGA-AZ-5407-01Z-00-DX1_9728_10752.jpg,TCGA-AZ-5407,TCGA-AZ-5407-01Z-00-DX1,1,0.48243874,0
tumour/TCGA-AZ-5407-01Z-00-DX1_9728_12288.jpg,TCGA-AZ-5407,TCGA-AZ-5407-01Z-00-DX1,1,0.979081,1
tumour/TCGA-AZ-5407-01Z-00-DX1_9728_9216.jpg,TCGA-AZ-5407,TCGA-AZ-5407-01Z-00-DX1,1,0.98315823,1
tumour/TCGA-AZ-5407-01Z-00-DX1_9728_9728.jpg,TCGA-AZ-5407,TCGA-AZ-5407-01Z-00-DX1,1,0.99369967,1
tumour/TCGA-DM-A280-01Z-00-DX1_21504_13824.jpg,TCGA-DM-A280,TCGA-DM-A280-01Z-00-DX1,1,0.9992878,1
tumour/TCGA-DM-A280-01Z-00-DX1_21504_14848.jpg,TCGA-DM-A280,TCGA-DM-A280-01Z-00-DX1,1,0.9982412,1
tumour/TCGA-DM-A280-01Z-00-DX1_22016_13824.jpg,TCGA-DM-A280,TCGA-DM-A280-01Z-00-DX1,1,0.99833626,1
tumour/TCGA-DM-A280-01Z-00-DX1_22016_15360.jpg,TCGA-DM-A280,TCGA-DM-A280-01Z-00-DX1,1,0.9997651,1
tumour/TCGA-DM-A280-01Z-00-DX1_22528_14848.jpg,TCGA-DM-A280,TCGA-DM-A280-01Z-00-DX1,1,0.9963887,1
tumour/TCGA-DM-A280-01Z-00-DX1_23040_10240.jpg,TCGA-DM-A280,TCGA-DM-A280-01Z-00-DX1,1,0.99792814,1
tumour/TCGA-DM-A280-01Z-00-DX1_23040_11264.jpg,TCGA-DM-A280,TCGA-DM-A280-01Z-00-DX1,1,0.9803595,1
tumour/TCGA-DM-A280-01Z-00-DX1_23040_11776.jpg,TCGA-DM-A280,TCGA-DM-A280-01Z-00-DX1,1,0.98975545,1
tumour/TCGA-DM-A280-01Z-00-DX1_23040_12800.jpg,TCGA-DM-A280,TCGA-DM-A280-01Z-00-DX1,1,0.9985091,1
tumour/TCGA-DM-A280-01Z-00-DX1_23040_13312.jpg,TCGA-DM-A280,TCGA-DM-A280-01Z-00-DX1,1,0.99253136,1
tumour/TCGA-DM-A280-01Z-00-DX1_23040_14336.jpg,TCGA-DM-A280,TCGA-DM-A280-01Z-00-DX1,1,0.99992824,1
tumour/TCGA-DM-A280-01Z-00-DX1_23040_14848.jpg,TCGA-DM-A280,TCGA-DM-A280-01Z-00-DX1,1,0.9999894,1
tumour/TCGA-DM-A280-01Z-00-DX1_23040_8704.jpg,TCGA-DM-A280,TCGA-DM-A280-01Z-00-DX1,1,0.8628895,1
tumour/TCGA-DM-A280-01Z-00-DX1_23040_9216.jpg,TCGA-DM-A280,TCGA-DM-A280-01Z-00-DX1,1,0.8393604,1
tumour/TCGA-DM-A280-01Z-00-DX1_23552_10752.jpg,TCGA-DM-A280,TCGA-DM-A280-01Z-00-DX1,1,0.9751676,1
tumour/TCGA-DM-A280-01Z-00-DX1_23552_11264.jpg,TCGA-DM-A280,TCGA-DM-A280-01Z-00-DX1,1,0.98873913,1
tumour/TCGA-DM-A280-01Z-00-DX1_23552_11776.jpg,TCGA-DM-A280,TCGA-DM-A280-01Z-00-DX1,1,0.9989588,1
tumour/TCGA-DM-A280-01Z-00-DX1_23552_12800.jpg,TCGA-DM-A280,TCGA-DM-A280-01Z-00-DX1,1,0.9972916,1
tumour/TCGA-DM-A280-01Z-00-DX1_23552_13312.jpg,TCGA-DM-A280,TCGA-DM-A280-01Z-00-DX1,1,0.9999465,1
tumour/TCGA-DM-A280-01Z-00-DX1_23552_13824.jpg,TCGA-DM-A280,TCGA-DM-A280-01Z-00-DX1,1,0.9999291,1
tumour/TCGA-DM-A280-01Z-00-DX1_23552_14336.jpg,TCGA-DM-A280,TCGA-DM-A280-01Z-00-DX1,1,0.9999796,1
tumour/TCGA-DM-A280-01Z-00-DX1_23552_15360.jpg,TCGA-DM-A280,TCGA-DM-A280-01Z-00-DX1,1,0.9968347,1
tumour/TCGA-DM-A280-01Z-00-DX1_23552_16896.jpg,TCGA-DM-A280,TCGA-DM-A280-01Z-00-DX1,1,0.9999583,1
tumour/TCGA-DM-A280-01Z-00-DX1_23552_17408.jpg,TCGA-DM-A280,TCGA-DM-A280-01Z-00-DX1,1,0.99130476,1
tumour/TCGA-DM-A280-01Z-00-DX1_23552_21504.jpg,TCGA-DM-A280,TCGA-DM-A280-01Z-00-DX1,1,0.9971173,1
tumour/TCGA-DM-A280-01Z-00-DX1_23552_22016.jpg,TCGA-DM-A280,TCGA-DM-A280-01Z-00-DX1,1,0.7398817,1
tumour/TCGA-DM-A280-01Z-00-DX1_23552_8704.jpg,TCGA-DM-A280,TCGA-DM-A280-01Z-00-DX1,1,0.8315014,1
tumour/TCGA-DM-A280-01Z-00-DX1_23552_9216.jpg,TCGA-DM-A280,TCGA-DM-A280-01Z-00-DX1,1,0.9665336,1
tumour/TCGA-DM-A280-01Z-00-DX1_24064_11264.jpg,TCGA-DM-A280,TCGA-DM-A280-01Z-00-DX1,1,0.7996937,1
tumour/TCGA-DM-A280-01Z-00-DX1_24064_11776.jpg,TCGA-DM-A280,TCGA-DM-A280-01Z-00-DX1,1,0.994224,1
tumour/TCGA-DM-A280-01Z-00-DX1_24064_13312.jpg,TCGA-DM-A280,TCGA-DM-A280-01Z-00-DX1,1,0.9634756,1
tumour/TCGA-DM-A280-01Z-00-DX1_24064_15360.jpg,TCGA-DM-A280,TCGA-DM-A280-01Z-00-DX1,1,0.99424404,1
tumour/TCGA-DM-A280-01Z-00-DX1_24064_16384.jpg,TCGA-DM-A280,TCGA-DM-A280-01Z-00-DX1,1,0.9971602,1
tumour/TCGA-DM-A280-01Z-00-DX1_24064_16896.jpg,TCGA-DM-A280,TCGA-DM-A280-01Z-00-DX1,1,0.9999306,1
tumour/TCGA-DM-A280-01Z-00-DX1_24064_17408.jpg,TCGA-DM-A280,TCGA-DM-A280-01Z-00-DX1,1,0.9999598,1
tumour/TCGA-DM-A280-01Z-00-DX1_24064_17920.jpg,TCGA-DM-A280,TCGA-DM-A280-01Z-00-DX1,1,0.99906653,1
tumour/TCGA-DM-A280-01Z-00-DX1_24064_18432.jpg,TCGA-DM-A280,TCGA-DM-A280-01Z-00-DX1,1,0.9999621,1
tumour/TCGA-DM-A280-01Z-00-DX1_24064_20480.jpg,TCGA-DM-A280,TCGA-DM-A280-01Z-00-DX1,1,0.9990477,1
tumour/TCGA-DM-A280-01Z-00-DX1_24064_20992.jpg,TCGA-DM-A280,TCGA-DM-A280-01Z-00-DX1,1,0.9392533,1
tumour/TCGA-DM-A280-01Z-00-DX1_24064_22016.jpg,TCGA-DM-A280,TCGA-DM-A280-01Z-00-DX1,1,0.99968183,1
tumour/TCGA-DM-A280-01Z-00-DX1_24064_24576.jpg,TCGA-DM-A280,TCGA-DM-A280-01Z-00-DX1,1,0.9958209,1
tumour/TCGA-DM-A280-01Z-00-DX1_24064_8192.jpg,TCGA-DM-A280,TCGA-DM-A280-01Z-00-DX1,1,0.4475833,0
tumour/TCGA-DM-A280-01Z-00-DX1_24064_9216.jpg,TCGA-DM-A280,TCGA-DM-A280-01Z-00-DX1,1,0.96775115,1
tumour/TCGA-DM-A280-01Z-00-DX1_24064_9728.jpg,TCGA-DM-A280,TCGA-DM-A280-01Z-00-DX1,1,0.998135,1
tumour/TCGA-DM-A280-01Z-00-DX1_24576_10240.jpg,TCGA-DM-A280,TCGA-DM-A280-01Z-00-DX1,1,0.9361876,1
tumour/TCGA-DM-A280-01Z-00-DX1_24576_10752.jpg,TCGA-DM-A280,TCGA-DM-A280-01Z-00-DX1,1,0.9965448,1
tumour/TCGA-DM-A280-01Z-00-DX1_24576_11264.jpg,TCGA-DM-A280,TCGA-DM-A280-01Z-00-DX1,1,0.92872137,1
tumour/TCGA-DM-A280-01Z-00-DX1_24576_11776.jpg,TCGA-DM-A280,TCGA-DM-A280-01Z-00-DX1,1,0.9984486,1
tumour/TCGA-DM-A280-01Z-00-DX1_24576_13312.jpg,TCGA-DM-A280,TCGA-DM-A280-01Z-00-DX1,1,0.99815327,1
tumour/TCGA-DM-A280-01Z-00-DX1_24576_13824.jpg,TCGA-DM-A280,TCGA-DM-A280-01Z-00-DX1,1,0.99990845,1
tumour/TCGA-DM-A280-01Z-00-DX1_24576_14336.jpg,TCGA-DM-A280,TCGA-DM-A280-01Z-00-DX1,1,0.99999607,1
tumour/TCGA-DM-A280-01Z-00-DX1_24576_14848.jpg,TCGA-DM-A280,TCGA-DM-A280-01Z-00-DX1,1,0.99751186,1
tumour/TCGA-DM-A280-01Z-00-DX1_24576_16384.jpg,TCGA-DM-A280,TCGA-DM-A280-01Z-00-DX1,1,0.99884915,1
tumour/TCGA-DM-A280-01Z-00-DX1_24576_17920.jpg,TCGA-DM-A280,TCGA-DM-A280-01Z-00-DX1,1,0.9999119,1
tumour/TCGA-DM-A280-01Z-00-DX1_24576_18432.jpg,TCGA-DM-A280,TCGA-DM-A280-01Z-00-DX1,1,0.9993228,1
tumour/TCGA-DM-A280-01Z-00-DX1_24576_19456.jpg,TCGA-DM-A280,TCGA-DM-A280-01Z-00-DX1,1,0.99865735,1
tumour/TCGA-DM-A280-01Z-00-DX1_24576_22016.jpg,TCGA-DM-A280,TCGA-DM-A280-01Z-00-DX1,1,0.99934727,1
tumour/TCGA-DM-A280-01Z-00-DX1_24576_22528.jpg,TCGA-DM-A280,TCGA-DM-A280-01Z-00-DX1,1,0.9996371,1
tumour/TCGA-DM-A280-01Z-00-DX1_24576_23552.jpg,TCGA-DM-A280,TCGA-DM-A280-01Z-00-DX1,1,0.99640095,1
tumour/TCGA-DM-A280-01Z-00-DX1_24576_24064.jpg,TCGA-DM-A280,TCGA-DM-A280-01Z-00-DX1,1,0.99653935,1
tumour/TCGA-DM-A280-01Z-00-DX1_24576_24576.jpg,TCGA-DM-A280,TCGA-DM-A280-01Z-00-DX1,1,0.99898833,1
tumour/TCGA-DM-A280-01Z-00-DX1_24576_25600.jpg,TCGA-DM-A280,TCGA-DM-A280-01Z-00-DX1,1,0.99695086,1
tumour/TCGA-DM-A280-01Z-00-DX1_24576_7680.jpg,TCGA-DM-A280,TCGA-DM-A280-01Z-00-DX1,1,0.7627207,1
tumour/TCGA-DM-A280-01Z-00-DX1_24576_8192.jpg,TCGA-DM-A280,TCGA-DM-A280-01Z-00-DX1,1,0.40675876,0
tumour/TCGA-DM-A280-01Z-00-DX1_24576_9728.jpg,TCGA-DM-A280,TCGA-DM-A280-01Z-00-DX1,1,0.95151633,1
tumour/TCGA-DM-A280-01Z-00-DX1_25088_11264.jpg,TCGA-DM-A280,TCGA-DM-A280-01Z-00-DX1,1,0.829469,1
tumour/TCGA-DM-A280-01Z-00-DX1_25088_11776.jpg,TCGA-DM-A280,TCGA-DM-A280-01Z-00-DX1,1,0.98127526,1
tumour/TCGA-DM-A280-01Z-00-DX1_25088_13312.jpg,TCGA-DM-A280,TCGA-DM-A280-01Z-00-DX1,1,0.99787915,1
tumour/TCGA-DM-A280-01Z-00-DX1_25088_14336.jpg,TCGA-DM-A280,TCGA-DM-A280-01Z-00-DX1,1,0.9998565,1
tumour/TCGA-DM-A280-01Z-00-DX1_25088_17408.jpg,TCGA-DM-A280,TCGA-DM-A280-01Z-00-DX1,1,0.98312485,1
tumour/TCGA-DM-A280-01Z-00-DX1_25088_18432.jpg,TCGA-DM-A280,TCGA-DM-A280-01Z-00-DX1,1,0.9995895,1
tumour/TCGA-DM-A280-01Z-00-DX1_25088_19968.jpg,TCGA-DM-A280,TCGA-DM-A280-01Z-00-DX1,1,0.9980565,1
tumour/TCGA-DM-A280-01Z-00-DX1_25088_21504.jpg,TCGA-DM-A280,TCGA-DM-A280-01Z-00-DX1,1,0.99554884,1
tumour/TCGA-DM-A280-01Z-00-DX1_25088_22016.jpg,TCGA-DM-A280,TCGA-DM-A280-01Z-00-DX1,1,0.6011987,1
tumour/TCGA-DM-A280-01Z-00-DX1_25088_22528.jpg,TCGA-DM-A280,TCGA-DM-A280-01Z-00-DX1,1,0.9992173,1
tumour/TCGA-DM-A280-01Z-00-DX1_25088_23040.jpg,TCGA-DM-A280,TCGA-DM-A280-01Z-00-DX1,1,0.97744924,1
tumour/TCGA-DM-A280-01Z-00-DX1_25088_25088.jpg,TCGA-DM-A280,TCGA-DM-A280-01Z-00-DX1,1,0.99985874,1
tumour/TCGA-DM-A280-01Z-00-DX1_25088_26112.jpg,TCGA-DM-A280,TCGA-DM-A280-01Z-00-DX1,1,0.9960671,1
tumour/TCGA-DM-A280-01Z-00-DX1_25088_8192.jpg,TCGA-DM-A280,TCGA-DM-A280-01Z-00-DX1,1,0.9561246,1
tumour/TCGA-DM-A280-01Z-00-DX1_25088_8704.jpg,TCGA-DM-A280,TCGA-DM-A280-01Z-00-DX1,1,0.9935916,1
tumour/TCGA-DM-A280-01Z-00-DX1_25600_11776.jpg,TCGA-DM-A280,TCGA-DM-A280-01Z-00-DX1,1,0.99685705,1
tumour/TCGA-DM-A280-01Z-00-DX1_25600_12800.jpg,TCGA-DM-A280,TCGA-DM-A280-01Z-00-DX1,1,0.9992848,1
tumour/TCGA-DM-A280-01Z-00-DX1_25600_13312.jpg,TCGA-DM-A280,TCGA-DM-A280-01Z-00-DX1,1,0.98930955,1
tumour/TCGA-DM-A280-01Z-00-DX1_25600_13824.jpg,TCGA-DM-A280,TCGA-DM-A280-01Z-00-DX1,1,0.99995756,1
tumour/TCGA-DM-A280-01Z-00-DX1_25600_15872.jpg,TCGA-DM-A280,TCGA-DM-A280-01Z-00-DX1,1,0.99975234,1
tumour/TCGA-DM-A280-01Z-00-DX1_25600_16384.jpg,TCGA-DM-A280,TCGA-DM-A280-01Z-00-DX1,1,0.9999474,1
tumour/TCGA-DM-A280-01Z-00-DX1_25600_16896.jpg,TCGA-DM-A280,TCGA-DM-A280-01Z-00-DX1,1,0.9999474,1
tumour/TCGA-DM-A280-01Z-00-DX1_25600_19456.jpg,TCGA-DM-A280,TCGA-DM-A280-01Z-00-DX1,1,0.9983321,1
tumour/TCGA-DM-A280-01Z-00-DX1_25600_19968.jpg,TCGA-DM-A280,TCGA-DM-A280-01Z-00-DX1,1,0.9983425,1
tumour/TCGA-DM-A280-01Z-00-DX1_25600_21504.jpg,TCGA-DM-A280,TCGA-DM-A280-01Z-00-DX1,1,0.99975234,1
tumour/TCGA-DM-A280-01Z-00-DX1_25600_25088.jpg,TCGA-DM-A280,TCGA-DM-A280-01Z-00-DX1,1,0.9999621,1
tumour/TCGA-DM-A280-01Z-00-DX1_25600_25600.jpg,TCGA-DM-A280,TCGA-DM-A280-01Z-00-DX1,1,0.9992151,1
tumour/TCGA-DM-A280-01Z-00-DX1_25600_26112.jpg,TCGA-DM-A280,TCGA-DM-A280-01Z-00-DX1,1,0.9949663,1
tumour/TCGA-DM-A280-01Z-00-DX1_25600_7680.jpg,TCGA-DM-A280,TCGA-DM-A280-01Z-00-DX1,1,0.33566827,0
tumour/TCGA-DM-A280-01Z-00-DX1_25600_8192.jpg,TCGA-DM-A280,TCGA-DM-A280-01Z-00-DX1,1,0.8396049,1
tumour/TCGA-DM-A280-01Z-00-DX1_25600_9216.jpg,TCGA-DM-A280,TCGA-DM-A280-01Z-00-DX1,1,0.9702681,1
tumour/TCGA-DM-A280-01Z-00-DX1_26112_10240.jpg,TCGA-DM-A280,TCGA-DM-A280-01Z-00-DX1,1,0.9896024,1
tumour/TCGA-DM-A280-01Z-00-DX1_26112_10752.jpg,TCGA-DM-A280,TCGA-DM-A280-01Z-00-DX1,1,0.84938633,1
tumour/TCGA-DM-A280-01Z-00-DX1_26112_11776.jpg,TCGA-DM-A280,TCGA-DM-A280-01Z-00-DX1,1,0.9907765,1
tumour/TCGA-DM-A280-01Z-00-DX1_26112_12800.jpg,TCGA-DM-A280,TCGA-DM-A280-01Z-00-DX1,1,0.99996233,1
tumour/TCGA-DM-A280-01Z-00-DX1_26112_16896.jpg,TCGA-DM-A280,TCGA-DM-A280-01Z-00-DX1,1,0.9992323,1
tumour/TCGA-DM-A280-01Z-00-DX1_26112_18432.jpg,TCGA-DM-A280,TCGA-DM-A280-01Z-00-DX1,1,0.9956475,1
tumour/TCGA-DM-A280-01Z-00-DX1_26112_22016.jpg,TCGA-DM-A280,TCGA-DM-A280-01Z-00-DX1,1,0.99150836,1
tumour/TCGA-DM-A280-01Z-00-DX1_26112_22528.jpg,TCGA-DM-A280,TCGA-DM-A280-01Z-00-DX1,1,0.99997616,1
tumour/TCGA-DM-A280-01Z-00-DX1_26112_23040.jpg,TCGA-DM-A280,TCGA-DM-A280-01Z-00-DX1,1,0.9999232,1
tumour/TCGA-DM-A280-01Z-00-DX1_26112_24064.jpg,TCGA-DM-A280,TCGA-DM-A280-01Z-00-DX1,1,0.9999815,1
tumour/TCGA-DM-A280-01Z-00-DX1_26624_10752.jpg,TCGA-DM-A280,TCGA-DM-A280-01Z-00-DX1,1,0.9214411,1
tumour/TCGA-DM-A280-01Z-00-DX1_26624_11264.jpg,TCGA-DM-A280,TCGA-DM-A280-01Z-00-DX1,1,0.98775136,1
tumour/TCGA-DM-A280-01Z-00-DX1_26624_11776.jpg,TCGA-DM-A280,TCGA-DM-A280-01Z-00-DX1,1,0.9994869,1
tumour/TCGA-DM-A280-01Z-00-DX1_26624_17408.jpg,TCGA-DM-A280,TCGA-DM-A280-01Z-00-DX1,1,0.99999225,1
tumour/TCGA-DM-A280-01Z-00-DX1_26624_18432.jpg,TCGA-DM-A280,TCGA-DM-A280-01Z-00-DX1,1,0.99749243,1
tumour/TCGA-DM-A280-01Z-00-DX1_26624_19456.jpg,TCGA-DM-A280,TCGA-DM-A280-01Z-00-DX1,1,0.99962425,1
tumour/TCGA-DM-A280-01Z-00-DX1_26624_20480.jpg,TCGA-DM-A280,TCGA-DM-A280-01Z-00-DX1,1,0.9996848,1
tumour/TCGA-DM-A280-01Z-00-DX1_26624_20992.jpg,TCGA-DM-A280,TCGA-DM-A280-01Z-00-DX1,1,0.9977912,1
tumour/TCGA-DM-A280-01Z-00-DX1_26624_21504.jpg,TCGA-DM-A280,TCGA-DM-A280-01Z-00-DX1,1,0.98855746,1
tumour/TCGA-DM-A280-01Z-00-DX1_26624_22528.jpg,TCGA-DM-A280,TCGA-DM-A280-01Z-00-DX1,1,0.9678927,1
tumour/TCGA-DM-A280-01Z-00-DX1_26624_23552.jpg,TCGA-DM-A280,TCGA-DM-A280-01Z-00-DX1,1,0.9999654,1
tumour/TCGA-DM-A280-01Z-00-DX1_26624_24064.jpg,TCGA-DM-A280,TCGA-DM-A280-01Z-00-DX1,1,0.9992429,1
tumour/TCGA-DM-A280-01Z-00-DX1_26624_25088.jpg,TCGA-DM-A280,TCGA-DM-A280-01Z-00-DX1,1,0.99969006,1
tumour/TCGA-DM-A280-01Z-00-DX1_26624_9216.jpg,TCGA-DM-A280,TCGA-DM-A280-01Z-00-DX1,1,0.9950251,1
tumour/TCGA-DM-A280-01Z-00-DX1_27136_17920.jpg,TCGA-DM-A280,TCGA-DM-A280-01Z-00-DX1,1,0.9998952,1
tumour/TCGA-DM-A280-01Z-00-DX1_27136_18432.jpg,TCGA-DM-A280,TCGA-DM-A280-01Z-00-DX1,1,0.9780328,1
tumour/TCGA-DM-A280-01Z-00-DX1_27136_19456.jpg,TCGA-DM-A280,TCGA-DM-A280-01Z-00-DX1,1,0.999571,1
tumour/TCGA-DM-A280-01Z-00-DX1_27136_22016.jpg,TCGA-DM-A280,TCGA-DM-A280-01Z-00-DX1,1,0.9999454,1
tumour/TCGA-DM-A280-01Z-00-DX1_27136_22528.jpg,TCGA-DM-A280,TCGA-DM-A280-01Z-00-DX1,1,0.9999913,1
tumour/TCGA-DM-A280-01Z-00-DX1_27136_23040.jpg,TCGA-DM-A280,TCGA-DM-A280-01Z-00-DX1,1,0.999944,1
tumour/TCGA-DM-A280-01Z-00-DX1_27136_23552.jpg,TCGA-DM-A280,TCGA-DM-A280-01Z-00-DX1,1,0.998279,1
tumour/TCGA-DM-A280-01Z-00-DX1_27136_25600.jpg,TCGA-DM-A280,TCGA-DM-A280-01Z-00-DX1,1,0.9981036,1
tumour/TCGA-DM-A280-01Z-00-DX1_27136_26624.jpg,TCGA-DM-A280,TCGA-DM-A280-01Z-00-DX1,1,0.9265032,1
tumour/TCGA-DM-A280-01Z-00-DX1_27648_17920.jpg,TCGA-DM-A280,TCGA-DM-A280-01Z-00-DX1,1,0.99433446,1
tumour/TCGA-DM-A280-01Z-00-DX1_27648_18944.jpg,TCGA-DM-A280,TCGA-DM-A280-01Z-00-DX1,1,0.9972385,1
tumour/TCGA-DM-A280-01Z-00-DX1_27648_19456.jpg,TCGA-DM-A280,TCGA-DM-A280-01Z-00-DX1,1,0.9957099,1
tumour/TCGA-DM-A280-01Z-00-DX1_27648_19968.jpg,TCGA-DM-A280,TCGA-DM-A280-01Z-00-DX1,1,0.996241,1
tumour/TCGA-DM-A280-01Z-00-DX1_27648_23552.jpg,TCGA-DM-A280,TCGA-DM-A280-01Z-00-DX1,1,0.9987632,1
tumour/TCGA-DM-A280-01Z-00-DX1_27648_24576.jpg,TCGA-DM-A280,TCGA-DM-A280-01Z-00-DX1,1,0.99914443,1
tumour/TCGA-DM-A280-01Z-00-DX1_28160_18944.jpg,TCGA-DM-A280,TCGA-DM-A280-01Z-00-DX1,1,0.96324986,1
tumour/TCGA-DM-A280-01Z-00-DX1_28160_19456.jpg,TCGA-DM-A280,TCGA-DM-A280-01Z-00-DX1,1,0.9885012,1
tumour/TCGA-DM-A280-01Z-00-DX1_28160_19968.jpg,TCGA-DM-A280,TCGA-DM-A280-01Z-00-DX1,1,0.94189024,1
tumour/TCGA-DM-A280-01Z-00-DX1_28160_20480.jpg,TCGA-DM-A280,TCGA-DM-A280-01Z-00-DX1,1,0.38601413,0
tumour/TCGA-DM-A280-01Z-00-DX1_28160_20992.jpg,TCGA-DM-A280,TCGA-DM-A280-01Z-00-DX1,1,0.72194755,1
tumour/TCGA-DM-A280-01Z-00-DX1_28160_23040.jpg,TCGA-DM-A280,TCGA-DM-A280-01Z-00-DX1,1,0.9998332,1
tumour/TCGA-DM-A280-01Z-00-DX1_28160_23552.jpg,TCGA-DM-A280,TCGA-DM-A280-01Z-00-DX1,1,0.99332535,1
tumour/TCGA-DM-A280-01Z-00-DX1_28160_25600.jpg,TCGA-DM-A280,TCGA-DM-A280-01Z-00-DX1,1,0.9994073,1
tumour/TCGA-DM-A280-01Z-00-DX1_28672_17920.jpg,TCGA-DM-A280,TCGA-DM-A280-01Z-00-DX1,1,0.21306458,0
tumour/TCGA-DM-A280-01Z-00-DX1_28672_18944.jpg,TCGA-DM-A280,TCGA-DM-A280-01Z-00-DX1,1,0.74652946,1
tumour/TCGA-DM-A280-01Z-00-DX1_28672_19968.jpg,TCGA-DM-A280,TCGA-DM-A280-01Z-00-DX1,1,0.82571036,1
tumour/TCGA-DM-A280-01Z-00-DX1_28672_20480.jpg,TCGA-DM-A280,TCGA-DM-A280-01Z-00-DX1,1,0.92907107,1
tumour/TCGA-DM-A280-01Z-00-DX1_28672_20992.jpg,TCGA-DM-A280,TCGA-DM-A280-01Z-00-DX1,1,0.99687886,1
tumour/TCGA-DM-A280-01Z-00-DX1_28672_23040.jpg,TCGA-DM-A280,TCGA-DM-A280-01Z-00-DX1,1,0.9984623,1
tumour/TCGA-DM-A280-01Z-00-DX1_28672_23552.jpg,TCGA-DM-A280,TCGA-DM-A280-01Z-00-DX1,1,0.99938107,1
tumour/TCGA-DM-A280-01Z-00-DX1_28672_24064.jpg,TCGA-DM-A280,TCGA-DM-A280-01Z-00-DX1,1,0.95541316,1
tumour/TCGA-DM-A280-01Z-00-DX1_28672_24576.jpg,TCGA-DM-A280,TCGA-DM-A280-01Z-00-DX1,1,0.9411395,1
tumour/TCGA-DM-A280-01Z-00-DX1_28672_25088.jpg,TCGA-DM-A280,TCGA-DM-A280-01Z-00-DX1,1,0.9848326,1
tumour/TCGA-DM-A280-01Z-00-DX1_28672_26112.jpg,TCGA-DM-A280,TCGA-DM-A280-01Z-00-DX1,1,0.97599685,1
tumour/TCGA-DM-A280-01Z-00-DX1_28672_27136.jpg,TCGA-DM-A280,TCGA-DM-A280-01Z-00-DX1,1,0.98478436,1
tumour/TCGA-DM-A280-01Z-00-DX1_29184_18944.jpg,TCGA-DM-A280,TCGA-DM-A280-01Z-00-DX1,1,0.65296304,1
tumour/TCGA-DM-A280-01Z-00-DX1_29184_20992.jpg,TCGA-DM-A280,TCGA-DM-A280-01Z-00-DX1,1,0.996788,1
tumour/TCGA-DM-A280-01Z-00-DX1_29184_22528.jpg,TCGA-DM-A280,TCGA-DM-A280-01Z-00-DX1,1,0.99989593,1
tumour/TCGA-DM-A280-01Z-00-DX1_29184_24064.jpg,TCGA-DM-A280,TCGA-DM-A280-01Z-00-DX1,1,0.99964976,1
tumour/TCGA-DM-A280-01Z-00-DX1_29184_24576.jpg,TCGA-DM-A280,TCGA-DM-A280-01Z-00-DX1,1,0.9876864,1
tumour/TCGA-DM-A280-01Z-00-DX1_29184_25088.jpg,TCGA-DM-A280,TCGA-DM-A280-01Z-00-DX1,1,0.98733926,1
tumour/TCGA-DM-A280-01Z-00-DX1_29184_25600.jpg,TCGA-DM-A280,TCGA-DM-A280-01Z-00-DX1,1,0.86797833,1
tumour/TCGA-DM-A280-01Z-00-DX1_29184_27648.jpg,TCGA-DM-A280,TCGA-DM-A280-01Z-00-DX1,1,0.98004764,1
tumour/TCGA-DM-A280-01Z-00-DX1_29184_28160.jpg,TCGA-DM-A280,TCGA-DM-A280-01Z-00-DX1,1,0.99995947,1
tumour/TCGA-DM-A280-01Z-00-DX1_29696_19968.jpg,TCGA-DM-A280,TCGA-DM-A280-01Z-00-DX1,1,0.4237747,0
tumour/TCGA-DM-A280-01Z-00-DX1_29696_20992.jpg,TCGA-DM-A280,TCGA-DM-A280-01Z-00-DX1,1,0.99939215,1
tumour/TCGA-DM-A280-01Z-00-DX1_29696_21504.jpg,TCGA-DM-A280,TCGA-DM-A280-01Z-00-DX1,1,0.9990025,1
tumour/TCGA-DM-A280-01Z-00-DX1_29696_23552.jpg,TCGA-DM-A280,TCGA-DM-A280-01Z-00-DX1,1,0.99488467,1
tumour/TCGA-DM-A280-01Z-00-DX1_29696_24064.jpg,TCGA-DM-A280,TCGA-DM-A280-01Z-00-DX1,1,0.9935462,1
tumour/TCGA-DM-A280-01Z-00-DX1_29696_25088.jpg,TCGA-DM-A280,TCGA-DM-A280-01Z-00-DX1,1,0.9992397,1
tumour/TCGA-DM-A280-01Z-00-DX1_29696_26112.jpg,TCGA-DM-A280,TCGA-DM-A280-01Z-00-DX1,1,0.9873237,1
tumour/TCGA-DM-A280-01Z-00-DX1_29696_27648.jpg,TCGA-DM-A280,TCGA-DM-A280-01Z-00-DX1,1,0.9999337,1
tumour/TCGA-DM-A280-01Z-00-DX1_29696_28160.jpg,TCGA-DM-A280,TCGA-DM-A280-01Z-00-DX1,1,0.99880767,1
tumour/TCGA-DM-A280-01Z-00-DX1_30208_23040.jpg,TCGA-DM-A280,TCGA-DM-A280-01Z-00-DX1,1,0.47486866,0
tumour/TCGA-DM-A280-01Z-00-DX1_30208_26624.jpg,TCGA-DM-A280,TCGA-DM-A280-01Z-00-DX1,1,0.999752,1
tumour/TCGA-DM-A280-01Z-00-DX1_30208_27136.jpg,TCGA-DM-A280,TCGA-DM-A280-01Z-00-DX1,1,0.9987956,1
tumour/TCGA-DM-A280-01Z-00-DX1_30208_28160.jpg,TCGA-DM-A280,TCGA-DM-A280-01Z-00-DX1,1,0.97380733,1
tumour/TCGA-DM-A280-01Z-00-DX1_30208_29184.jpg,TCGA-DM-A280,TCGA-DM-A280-01Z-00-DX1,1,0.9964898,1
tumour/TCGA-DM-A280-01Z-00-DX1_30720_22016.jpg,TCGA-DM-A280,TCGA-DM-A280-01Z-00-DX1,1,0.9777931,1
tumour/TCGA-DM-A280-01Z-00-DX1_30720_22528.jpg,TCGA-DM-A280,TCGA-DM-A280-01Z-00-DX1,1,0.9986772,1
tumour/TCGA-DM-A280-01Z-00-DX1_30720_24064.jpg,TCGA-DM-A280,TCGA-DM-A280-01Z-00-DX1,1,0.99864143,1
tumour/TCGA-DM-A280-01Z-00-DX1_30720_25088.jpg,TCGA-DM-A280,TCGA-DM-A280-01Z-00-DX1,1,0.98370844,1
tumour/TCGA-DM-A280-01Z-00-DX1_30720_26624.jpg,TCGA-DM-A280,TCGA-DM-A280-01Z-00-DX1,1,0.97943234,1
tumour/TCGA-DM-A280-01Z-00-DX1_30720_27648.jpg,TCGA-DM-A280,TCGA-DM-A280-01Z-00-DX1,1,0.99859613,1
tumour/TCGA-DM-A280-01Z-00-DX1_30720_29696.jpg,TCGA-DM-A280,TCGA-DM-A280-01Z-00-DX1,1,0.8889197,1
tumour/TCGA-DM-A280-01Z-00-DX1_31232_19968.jpg,TCGA-DM-A280,TCGA-DM-A280-01Z-00-DX1,1,0.96489143,1
tumour/TCGA-DM-A280-01Z-00-DX1_31232_21504.jpg,TCGA-DM-A280,TCGA-DM-A280-01Z-00-DX1,1,0.97179574,1
tumour/TCGA-DM-A280-01Z-00-DX1_31232_22016.jpg,TCGA-DM-A280,TCGA-DM-A280-01Z-00-DX1,1,0.7285828,1
tumour/TCGA-DM-A280-01Z-00-DX1_31232_24064.jpg,TCGA-DM-A280,TCGA-DM-A280-01Z-00-DX1,1,0.99770594,1
tumour/TCGA-DM-A280-01Z-00-DX1_31232_24576.jpg,TCGA-DM-A280,TCGA-DM-A280-01Z-00-DX1,1,0.9987307,1
tumour/TCGA-DM-A280-01Z-00-DX1_31232_25088.jpg,TCGA-DM-A280,TCGA-DM-A280-01Z-00-DX1,1,0.99643517,1
tumour/TCGA-DM-A280-01Z-00-DX1_31232_25600.jpg,TCGA-DM-A280,TCGA-DM-A280-01Z-00-DX1,1,0.9872814,1
tumour/TCGA-DM-A280-01Z-00-DX1_31232_27648.jpg,TCGA-DM-A280,TCGA-DM-A280-01Z-00-DX1,1,0.9968322,1
tumour/TCGA-DM-A280-01Z-00-DX1_31232_29184.jpg,TCGA-DM-A280,TCGA-DM-A280-01Z-00-DX1,1,0.9778578,1
tumour/TCGA-DM-A280-01Z-00-DX1_31744_19968.jpg,TCGA-DM-A280,TCGA-DM-A280-01Z-00-DX1,1,0.93510646,1
tumour/TCGA-DM-A280-01Z-00-DX1_31744_20992.jpg,TCGA-DM-A280,TCGA-DM-A280-01Z-00-DX1,1,0.6572943,1
tumour/TCGA-DM-A280-01Z-00-DX1_31744_22528.jpg,TCGA-DM-A280,TCGA-DM-A280-01Z-00-DX1,1,0.99381244,1
tumour/TCGA-DM-A280-01Z-00-DX1_31744_24064.jpg,TCGA-DM-A280,TCGA-DM-A280-01Z-00-DX1,1,0.9869034,1
tumour/TCGA-DM-A280-01Z-00-DX1_31744_26112.jpg,TCGA-DM-A280,TCGA-DM-A280-01Z-00-DX1,1,0.54296124,1
tumour/TCGA-DM-A280-01Z-00-DX1_31744_29184.jpg,TCGA-DM-A280,TCGA-DM-A280-01Z-00-DX1,1,0.9369437,1
tumour/TCGA-DM-A280-01Z-00-DX1_32256_21504.jpg,TCGA-DM-A280,TCGA-DM-A280-01Z-00-DX1,1,0.28652596,0
tumour/TCGA-DM-A280-01Z-00-DX1_32256_22016.jpg,TCGA-DM-A280,TCGA-DM-A280-01Z-00-DX1,1,0.36263427,0
tumour/TCGA-DM-A280-01Z-00-DX1_32256_23552.jpg,TCGA-DM-A280,TCGA-DM-A280-01Z-00-DX1,1,0.97844326,1
tumour/TCGA-DM-A280-01Z-00-DX1_32256_24576.jpg,TCGA-DM-A280,TCGA-DM-A280-01Z-00-DX1,1,0.9997477,1
tumour/TCGA-DM-A280-01Z-00-DX1_32256_26624.jpg,TCGA-DM-A280,TCGA-DM-A280-01Z-00-DX1,1,0.7360689,1
tumour/TCGA-DM-A280-01Z-00-DX1_32256_27136.jpg,TCGA-DM-A280,TCGA-DM-A280-01Z-00-DX1,1,0.7794506,1
tumour/TCGA-DM-A280-01Z-00-DX1_32256_28160.jpg,TCGA-DM-A280,TCGA-DM-A280-01Z-00-DX1,1,0.8705926,1
tumour/TCGA-DM-A280-01Z-00-DX1_32256_28672.jpg,TCGA-DM-A280,TCGA-DM-A280-01Z-00-DX1,1,0.9394793,1
tumour/TCGA-DM-A280-01Z-00-DX1_32256_32256.jpg,TCGA-DM-A280,TCGA-DM-A280-01Z-00-DX1,1,0.99948525,1
tumour/TCGA-DM-A280-01Z-00-DX1_32256_32768.jpg,TCGA-DM-A280,TCGA-DM-A280-01Z-00-DX1,1,0.99566996,1
tumour/TCGA-DM-A280-01Z-00-DX1_32256_33280.jpg,TCGA-DM-A280,TCGA-DM-A280-01Z-00-DX1,1,0.9980996,1
tumour/TCGA-DM-A280-01Z-00-DX1_32768_25600.jpg,TCGA-DM-A280,TCGA-DM-A280-01Z-00-DX1,1,0.75956213,1
tumour/TCGA-DM-A280-01Z-00-DX1_32768_26112.jpg,TCGA-DM-A280,TCGA-DM-A280-01Z-00-DX1,1,0.8198687,1
tumour/TCGA-DM-A280-01Z-00-DX1_32768_26624.jpg,TCGA-DM-A280,TCGA-DM-A280-01Z-00-DX1,1,0.99684227,1
tumour/TCGA-DM-A280-01Z-00-DX1_32768_27136.jpg,TCGA-DM-A280,TCGA-DM-A280-01Z-00-DX1,1,0.9866632,1
tumour/TCGA-DM-A280-01Z-00-DX1_32768_27648.jpg,TCGA-DM-A280,TCGA-DM-A280-01Z-00-DX1,1,0.97478807,1
tumour/TCGA-DM-A280-01Z-00-DX1_32768_28160.jpg,TCGA-DM-A280,TCGA-DM-A280-01Z-00-DX1,1,0.8595693,1
tumour/TCGA-DM-A280-01Z-00-DX1_32768_29696.jpg,TCGA-DM-A280,TCGA-DM-A280-01Z-00-DX1,1,0.7182102,1
tumour/TCGA-DM-A280-01Z-00-DX1_32768_31232.jpg,TCGA-DM-A280,TCGA-DM-A280-01Z-00-DX1,1,0.99632543,1
tumour/TCGA-DM-A280-01Z-00-DX1_32768_31744.jpg,TCGA-DM-A280,TCGA-DM-A280-01Z-00-DX1,1,0.98302794,1
tumour/TCGA-DM-A280-01Z-00-DX1_32768_32256.jpg,TCGA-DM-A280,TCGA-DM-A280-01Z-00-DX1,1,0.7391361,1
tumour/TCGA-DM-A280-01Z-00-DX1_33280_24576.jpg,TCGA-DM-A280,TCGA-DM-A280-01Z-00-DX1,1,0.5718793,1
tumour/TCGA-DM-A280-01Z-00-DX1_33280_25088.jpg,TCGA-DM-A280,TCGA-DM-A280-01Z-00-DX1,1,0.103836186,0
tumour/TCGA-DM-A280-01Z-00-DX1_33280_27136.jpg,TCGA-DM-A280,TCGA-DM-A280-01Z-00-DX1,1,0.99498016,1
tumour/TCGA-DM-A280-01Z-00-DX1_33280_28160.jpg,TCGA-DM-A280,TCGA-DM-A280-01Z-00-DX1,1,0.96604675,1
tumour/TCGA-DM-A280-01Z-00-DX1_33280_29184.jpg,TCGA-DM-A280,TCGA-DM-A280-01Z-00-DX1,1,0.99963653,1
tumour/TCGA-DM-A280-01Z-00-DX1_33280_30720.jpg,TCGA-DM-A280,TCGA-DM-A280-01Z-00-DX1,1,0.9329643,1
tumour/TCGA-DM-A280-01Z-00-DX1_33280_31232.jpg,TCGA-DM-A280,TCGA-DM-A280-01Z-00-DX1,1,0.998958,1
tumour/TCGA-DM-A280-01Z-00-DX1_33792_25088.jpg,TCGA-DM-A280,TCGA-DM-A280-01Z-00-DX1,1,0.9233272,1
tumour/TCGA-DM-A280-01Z-00-DX1_33792_25600.jpg,TCGA-DM-A280,TCGA-DM-A280-01Z-00-DX1,1,0.99217176,1
tumour/TCGA-DM-A280-01Z-00-DX1_33792_26624.jpg,TCGA-DM-A280,TCGA-DM-A280-01Z-00-DX1,1,0.99522483,1
tumour/TCGA-DM-A280-01Z-00-DX1_33792_27136.jpg,TCGA-DM-A280,TCGA-DM-A280-01Z-00-DX1,1,0.98326784,1
tumour/TCGA-DM-A280-01Z-00-DX1_33792_27648.jpg,TCGA-DM-A280,TCGA-DM-A280-01Z-00-DX1,1,0.97603124,1
tumour/TCGA-DM-A280-01Z-00-DX1_33792_28160.jpg,TCGA-DM-A280,TCGA-DM-A280-01Z-00-DX1,1,0.9433602,1
tumour/TCGA-DM-A280-01Z-00-DX1_33792_30208.jpg,TCGA-DM-A280,TCGA-DM-A280-01Z-00-DX1,1,0.998781,1
tumour/TCGA-DM-A280-01Z-00-DX1_33792_32256.jpg,TCGA-DM-A280,TCGA-DM-A280-01Z-00-DX1,1,0.9937097,1
tumour/TCGA-DM-A280-01Z-00-DX1_33792_32768.jpg,TCGA-DM-A280,TCGA-DM-A280-01Z-00-DX1,1,0.9963336,1
tumour/TCGA-DM-A280-01Z-00-DX1_33792_33280.jpg,TCGA-DM-A280,TCGA-DM-A280-01Z-00-DX1,1,0.99677414,1
tumour/TCGA-DM-A280-01Z-00-DX1_34304_25088.jpg,TCGA-DM-A280,TCGA-DM-A280-01Z-00-DX1,1,0.99573284,1
tumour/TCGA-DM-A280-01Z-00-DX1_34304_29696.jpg,TCGA-DM-A280,TCGA-DM-A280-01Z-00-DX1,1,0.99789196,1
tumour/TCGA-DM-A280-01Z-00-DX1_34304_31744.jpg,TCGA-DM-A280,TCGA-DM-A280-01Z-00-DX1,1,0.9714787,1
tumour/TCGA-DM-A280-01Z-00-DX1_34304_32768.jpg,TCGA-DM-A280,TCGA-DM-A280-01Z-00-DX1,1,0.9955368,1
tumour/TCGA-DM-A280-01Z-00-DX1_34816_24576.jpg,TCGA-DM-A280,TCGA-DM-A280-01Z-00-DX1,1,0.96665967,1
tumour/TCGA-DM-A280-01Z-00-DX1_34816_25600.jpg,TCGA-DM-A280,TCGA-DM-A280-01Z-00-DX1,1,0.85076,1
tumour/TCGA-DM-A280-01Z-00-DX1_34816_26112.jpg,TCGA-DM-A280,TCGA-DM-A280-01Z-00-DX1,1,0.9953675,1
tumour/TCGA-DM-A280-01Z-00-DX1_34816_27136.jpg,TCGA-DM-A280,TCGA-DM-A280-01Z-00-DX1,1,0.9962197,1
tumour/TCGA-DM-A280-01Z-00-DX1_34816_28160.jpg,TCGA-DM-A280,TCGA-DM-A280-01Z-00-DX1,1,0.9943376,1
tumour/TCGA-DM-A280-01Z-00-DX1_34816_29696.jpg,TCGA-DM-A280,TCGA-DM-A280-01Z-00-DX1,1,0.9924936,1
tumour/TCGA-DM-A280-01Z-00-DX1_34816_30208.jpg,TCGA-DM-A280,TCGA-DM-A280-01Z-00-DX1,1,0.7685817,1
tumour/TCGA-DM-A280-01Z-00-DX1_34816_31744.jpg,TCGA-DM-A280,TCGA-DM-A280-01Z-00-DX1,1,0.9961773,1
tumour/TCGA-DM-A280-01Z-00-DX1_34816_32768.jpg,TCGA-DM-A280,TCGA-DM-A280-01Z-00-DX1,1,0.9993868,1
tumour/TCGA-DM-A280-01Z-00-DX1_34816_33280.jpg,TCGA-DM-A280,TCGA-DM-A280-01Z-00-DX1,1,0.99811196,1
tumour/TCGA-DM-A280-01Z-00-DX1_35328_24064.jpg,TCGA-DM-A280,TCGA-DM-A280-01Z-00-DX1,1,0.80018216,1
tumour/TCGA-DM-A280-01Z-00-DX1_35328_25088.jpg,TCGA-DM-A280,TCGA-DM-A280-01Z-00-DX1,1,0.9948814,1
tumour/TCGA-DM-A280-01Z-00-DX1_35328_26112.jpg,TCGA-DM-A280,TCGA-DM-A280-01Z-00-DX1,1,0.9907047,1
tumour/TCGA-DM-A280-01Z-00-DX1_35328_28160.jpg,TCGA-DM-A280,TCGA-DM-A280-01Z-00-DX1,1,0.99978536,1
tumour/TCGA-DM-A280-01Z-00-DX1_35328_28672.jpg,TCGA-DM-A280,TCGA-DM-A280-01Z-00-DX1,1,0.9991277,1
tumour/TCGA-DM-A280-01Z-00-DX1_35328_29184.jpg,TCGA-DM-A280,TCGA-DM-A280-01Z-00-DX1,1,0.9957338,1
tumour/TCGA-DM-A280-01Z-00-DX1_35328_29696.jpg,TCGA-DM-A280,TCGA-DM-A280-01Z-00-DX1,1,0.98537666,1
tumour/TCGA-DM-A280-01Z-00-DX1_35328_30208.jpg,TCGA-DM-A280,TCGA-DM-A280-01Z-00-DX1,1,0.99733835,1
tumour/TCGA-DM-A280-01Z-00-DX1_35328_30720.jpg,TCGA-DM-A280,TCGA-DM-A280-01Z-00-DX1,1,0.9988084,1
tumour/TCGA-DM-A280-01Z-00-DX1_35328_31744.jpg,TCGA-DM-A280,TCGA-DM-A280-01Z-00-DX1,1,0.9910443,1
tumour/TCGA-DM-A280-01Z-00-DX1_35328_32256.jpg,TCGA-DM-A280,TCGA-DM-A280-01Z-00-DX1,1,0.9960877,1
tumour/TCGA-DM-A280-01Z-00-DX1_35840_26624.jpg,TCGA-DM-A280,TCGA-DM-A280-01Z-00-DX1,1,0.9890491,1
tumour/TCGA-DM-A280-01Z-00-DX1_35840_28160.jpg,TCGA-DM-A280,TCGA-DM-A280-01Z-00-DX1,1,0.9545933,1
tumour/TCGA-DM-A280-01Z-00-DX1_35840_29184.jpg,TCGA-DM-A280,TCGA-DM-A280-01Z-00-DX1,1,0.86383045,1
tumour/TCGA-DM-A280-01Z-00-DX1_35840_30208.jpg,TCGA-DM-A280,TCGA-DM-A280-01Z-00-DX1,1,0.67187494,1
tumour/TCGA-DM-A280-01Z-00-DX1_35840_30720.jpg,TCGA-DM-A280,TCGA-DM-A280-01Z-00-DX1,1,0.99389535,1
tumour/TCGA-DM-A280-01Z-00-DX1_35840_31744.jpg,TCGA-DM-A280,TCGA-DM-A280-01Z-00-DX1,1,0.9857509,1
tumour/TCGA-DM-A280-01Z-00-DX1_35840_32256.jpg,TCGA-DM-A280,TCGA-DM-A280-01Z-00-DX1,1,0.9338042,1
tumour/TCGA-DM-A280-01Z-00-DX1_35840_33280.jpg,TCGA-DM-A280,TCGA-DM-A280-01Z-00-DX1,1,0.99756855,1
tumour/TCGA-DM-A280-01Z-00-DX1_36352_23552.jpg,TCGA-DM-A280,TCGA-DM-A280-01Z-00-DX1,1,0.70118773,1
tumour/TCGA-DM-A280-01Z-00-DX1_36352_25088.jpg,TCGA-DM-A280,TCGA-DM-A280-01Z-00-DX1,1,0.8282522,1
tumour/TCGA-DM-A280-01Z-00-DX1_36352_25600.jpg,TCGA-DM-A280,TCGA-DM-A280-01Z-00-DX1,1,0.9939873,1
tumour/TCGA-DM-A280-01Z-00-DX1_36352_28160.jpg,TCGA-DM-A280,TCGA-DM-A280-01Z-00-DX1,1,0.9984598,1
tumour/TCGA-DM-A280-01Z-00-DX1_36352_29184.jpg,TCGA-DM-A280,TCGA-DM-A280-01Z-00-DX1,1,0.9969541,1
tumour/TCGA-DM-A280-01Z-00-DX1_36352_30720.jpg,TCGA-DM-A280,TCGA-DM-A280-01Z-00-DX1,1,0.8983837,1
tumour/TCGA-DM-A280-01Z-00-DX1_36352_31232.jpg,TCGA-DM-A280,TCGA-DM-A280-01Z-00-DX1,1,0.9542356,1
tumour/TCGA-DM-A280-01Z-00-DX1_36352_31744.jpg,TCGA-DM-A280,TCGA-DM-A280-01Z-00-DX1,1,0.7432094,1
tumour/TCGA-DM-A280-01Z-00-DX1_36352_32256.jpg,TCGA-DM-A280,TCGA-DM-A280-01Z-00-DX1,1,0.9793546,1
tumour/TCGA-DM-A280-01Z-00-DX1_36352_32768.jpg,TCGA-DM-A280,TCGA-DM-A280-01Z-00-DX1,1,0.9990715,1
tumour/TCGA-DM-A280-01Z-00-DX1_36864_24064.jpg,TCGA-DM-A280,TCGA-DM-A280-01Z-00-DX1,1,0.8865426,1
tumour/TCGA-DM-A280-01Z-00-DX1_36864_25088.jpg,TCGA-DM-A280,TCGA-DM-A280-01Z-00-DX1,1,0.8615607,1
tumour/TCGA-DM-A280-01Z-00-DX1_36864_26624.jpg,TCGA-DM-A280,TCGA-DM-A280-01Z-00-DX1,1,0.9997378,1
tumour/TCGA-DM-A280-01Z-00-DX1_36864_27136.jpg,TCGA-DM-A280,TCGA-DM-A280-01Z-00-DX1,1,0.99856,1
tumour/TCGA-DM-A280-01Z-00-DX1_36864_27648.jpg,TCGA-DM-A280,TCGA-DM-A280-01Z-00-DX1,1,0.99992526,1
tumour/TCGA-DM-A280-01Z-00-DX1_36864_28160.jpg,TCGA-DM-A280,TCGA-DM-A280-01Z-00-DX1,1,0.93281204,1
tumour/TCGA-DM-A280-01Z-00-DX1_36864_28672.jpg,TCGA-DM-A280,TCGA-DM-A280-01Z-00-DX1,1,0.9699711,1
tumour/TCGA-DM-A280-01Z-00-DX1_36864_29696.jpg,TCGA-DM-A280,TCGA-DM-A280-01Z-00-DX1,1,0.8240563,1
tumour/TCGA-DM-A280-01Z-00-DX1_36864_31744.jpg,TCGA-DM-A280,TCGA-DM-A280-01Z-00-DX1,1,0.98424596,1
tumour/TCGA-DM-A280-01Z-00-DX1_36864_32768.jpg,TCGA-DM-A280,TCGA-DM-A280-01Z-00-DX1,1,0.9799115,1
tumour/TCGA-DM-A280-01Z-00-DX1_37376_24576.jpg,TCGA-DM-A280,TCGA-DM-A280-01Z-00-DX1,1,0.77005154,1
tumour/TCGA-DM-A280-01Z-00-DX1_37376_25088.jpg,TCGA-DM-A280,TCGA-DM-A280-01Z-00-DX1,1,0.35677773,0
tumour/TCGA-DM-A280-01Z-00-DX1_37376_25600.jpg,TCGA-DM-A280,TCGA-DM-A280-01Z-00-DX1,1,0.7140582,1
tumour/TCGA-DM-A280-01Z-00-DX1_37376_26624.jpg,TCGA-DM-A280,TCGA-DM-A280-01Z-00-DX1,1,0.9984518,1
tumour/TCGA-DM-A280-01Z-00-DX1_37376_27648.jpg,TCGA-DM-A280,TCGA-DM-A280-01Z-00-DX1,1,0.99852127,1
tumour/TCGA-DM-A280-01Z-00-DX1_37376_28672.jpg,TCGA-DM-A280,TCGA-DM-A280-01Z-00-DX1,1,0.917183,1
tumour/TCGA-DM-A280-01Z-00-DX1_37376_30208.jpg,TCGA-DM-A280,TCGA-DM-A280-01Z-00-DX1,1,0.98804283,1
tumour/TCGA-DM-A280-01Z-00-DX1_37376_32256.jpg,TCGA-DM-A280,TCGA-DM-A280-01Z-00-DX1,1,0.99422,1
tumour/TCGA-DM-A280-01Z-00-DX1_37376_32768.jpg,TCGA-DM-A280,TCGA-DM-A280-01Z-00-DX1,1,0.739074,1
tumour/TCGA-DM-A280-01Z-00-DX1_37888_27136.jpg,TCGA-DM-A280,TCGA-DM-A280-01Z-00-DX1,1,0.98807865,1
tumour/TCGA-DM-A280-01Z-00-DX1_37888_28672.jpg,TCGA-DM-A280,TCGA-DM-A280-01Z-00-DX1,1,0.99983776,1
tumour/TCGA-DM-A280-01Z-00-DX1_37888_29696.jpg,TCGA-DM-A280,TCGA-DM-A280-01Z-00-DX1,1,0.99095386,1
tumour/TCGA-DM-A280-01Z-00-DX1_37888_30720.jpg,TCGA-DM-A280,TCGA-DM-A280-01Z-00-DX1,1,0.99582183,1
tumour/TCGA-DM-A280-01Z-00-DX1_37888_31232.jpg,TCGA-DM-A280,TCGA-DM-A280-01Z-00-DX1,1,0.987133,1
tumour/TCGA-DM-A280-01Z-00-DX1_37888_31744.jpg,TCGA-DM-A280,TCGA-DM-A280-01Z-00-DX1,1,0.5095843,1
tumour/TCGA-DM-A280-01Z-00-DX1_38400_26624.jpg,TCGA-DM-A280,TCGA-DM-A280-01Z-00-DX1,1,0.5412718,1
tumour/TCGA-DM-A280-01Z-00-DX1_38400_27648.jpg,TCGA-DM-A280,TCGA-DM-A280-01Z-00-DX1,1,0.34828663,0
tumour/TCGA-WS-AB45-01Z-00-DX1_10240_30720.jpg,TCGA-WS-AB45,TCGA-WS-AB45-01Z-00-DX1,1,0.44820705,0
tumour/TCGA-WS-AB45-01Z-00-DX1_10240_33280.jpg,TCGA-WS-AB45,TCGA-WS-AB45-01Z-00-DX1,1,0.88853955,1
tumour/TCGA-WS-AB45-01Z-00-DX1_10240_34816.jpg,TCGA-WS-AB45,TCGA-WS-AB45-01Z-00-DX1,1,0.2818322,0
tumour/TCGA-WS-AB45-01Z-00-DX1_10240_36352.jpg,TCGA-WS-AB45,TCGA-WS-AB45-01Z-00-DX1,1,0.27045354,0
tumour/TCGA-WS-AB45-01Z-00-DX1_10240_37376.jpg,TCGA-WS-AB45,TCGA-WS-AB45-01Z-00-DX1,1,0.9027444,1
tumour/TCGA-WS-AB45-01Z-00-DX1_10752_30720.jpg,TCGA-WS-AB45,TCGA-WS-AB45-01Z-00-DX1,1,0.9135708,1
tumour/TCGA-WS-AB45-01Z-00-DX1_10752_32256.jpg,TCGA-WS-AB45,TCGA-WS-AB45-01Z-00-DX1,1,0.9368934,1
tumour/TCGA-WS-AB45-01Z-00-DX1_10752_32768.jpg,TCGA-WS-AB45,TCGA-WS-AB45-01Z-00-DX1,1,0.7461502,1
tumour/TCGA-WS-AB45-01Z-00-DX1_10752_33792.jpg,TCGA-WS-AB45,TCGA-WS-AB45-01Z-00-DX1,1,0.9001166,1
tumour/TCGA-WS-AB45-01Z-00-DX1_10752_34304.jpg,TCGA-WS-AB45,TCGA-WS-AB45-01Z-00-DX1,1,0.85061383,1
tumour/TCGA-WS-AB45-01Z-00-DX1_10752_35328.jpg,TCGA-WS-AB45,TCGA-WS-AB45-01Z-00-DX1,1,0.87778634,1
tumour/TCGA-WS-AB45-01Z-00-DX1_10752_36352.jpg,TCGA-WS-AB45,TCGA-WS-AB45-01Z-00-DX1,1,0.09895258,0
tumour/TCGA-WS-AB45-01Z-00-DX1_11264_30208.jpg,TCGA-WS-AB45,TCGA-WS-AB45-01Z-00-DX1,1,0.6660776,1
tumour/TCGA-WS-AB45-01Z-00-DX1_11264_30720.jpg,TCGA-WS-AB45,TCGA-WS-AB45-01Z-00-DX1,1,0.9735137,1
tumour/TCGA-WS-AB45-01Z-00-DX1_11264_31232.jpg,TCGA-WS-AB45,TCGA-WS-AB45-01Z-00-DX1,1,0.5830629,1
tumour/TCGA-WS-AB45-01Z-00-DX1_11264_31744.jpg,TCGA-WS-AB45,TCGA-WS-AB45-01Z-00-DX1,1,0.78153056,1
tumour/TCGA-WS-AB45-01Z-00-DX1_11264_32768.jpg,TCGA-WS-AB45,TCGA-WS-AB45-01Z-00-DX1,1,0.080396995,0
tumour/TCGA-WS-AB45-01Z-00-DX1_11264_33792.jpg,TCGA-WS-AB45,TCGA-WS-AB45-01Z-00-DX1,1,0.5874318,1
tumour/TCGA-WS-AB45-01Z-00-DX1_11264_35328.jpg,TCGA-WS-AB45,TCGA-WS-AB45-01Z-00-DX1,1,0.027231889,0
tumour/TCGA-WS-AB45-01Z-00-DX1_11264_36352.jpg,TCGA-WS-AB45,TCGA-WS-AB45-01Z-00-DX1,1,0.61595637,1
tumour/TCGA-WS-AB45-01Z-00-DX1_11264_37376.jpg,TCGA-WS-AB45,TCGA-WS-AB45-01Z-00-DX1,1,0.8810219,1
tumour/TCGA-WS-AB45-01Z-00-DX1_11776_29696.jpg,TCGA-WS-AB45,TCGA-WS-AB45-01Z-00-DX1,1,0.968635,1
tumour/TCGA-WS-AB45-01Z-00-DX1_11776_30720.jpg,TCGA-WS-AB45,TCGA-WS-AB45-01Z-00-DX1,1,0.9695393,1
tumour/TCGA-WS-AB45-01Z-00-DX1_11776_31744.jpg,TCGA-WS-AB45,TCGA-WS-AB45-01Z-00-DX1,1,0.7337398,1
tumour/TCGA-WS-AB45-01Z-00-DX1_11776_32256.jpg,TCGA-WS-AB45,TCGA-WS-AB45-01Z-00-DX1,1,0.772658,1
tumour/TCGA-WS-AB45-01Z-00-DX1_11776_32768.jpg,TCGA-WS-AB45,TCGA-WS-AB45-01Z-00-DX1,1,0.3870077,0
tumour/TCGA-WS-AB45-01Z-00-DX1_11776_33280.jpg,TCGA-WS-AB45,TCGA-WS-AB45-01Z-00-DX1,1,0.5662252,1
tumour/TCGA-WS-AB45-01Z-00-DX1_11776_34304.jpg,TCGA-WS-AB45,TCGA-WS-AB45-01Z-00-DX1,1,0.84518445,1
tumour/TCGA-WS-AB45-01Z-00-DX1_11776_34816.jpg,TCGA-WS-AB45,TCGA-WS-AB45-01Z-00-DX1,1,0.49643642,0
tumour/TCGA-WS-AB45-01Z-00-DX1_11776_35840.jpg,TCGA-WS-AB45,TCGA-WS-AB45-01Z-00-DX1,1,0.93160444,1
tumour/TCGA-WS-AB45-01Z-00-DX1_11776_36864.jpg,TCGA-WS-AB45,TCGA-WS-AB45-01Z-00-DX1,1,0.97976524,1
tumour/TCGA-WS-AB45-01Z-00-DX1_12288_27648.jpg,TCGA-WS-AB45,TCGA-WS-AB45-01Z-00-DX1,1,0.7023543,1
tumour/TCGA-WS-AB45-01Z-00-DX1_12288_28160.jpg,TCGA-WS-AB45,TCGA-WS-AB45-01Z-00-DX1,1,0.9744426,1
tumour/TCGA-WS-AB45-01Z-00-DX1_12288_29696.jpg,TCGA-WS-AB45,TCGA-WS-AB45-01Z-00-DX1,1,0.937512,1
tumour/TCGA-WS-AB45-01Z-00-DX1_12288_30720.jpg,TCGA-WS-AB45,TCGA-WS-AB45-01Z-00-DX1,1,0.8277012,1
tumour/TCGA-WS-AB45-01Z-00-DX1_12288_31744.jpg,TCGA-WS-AB45,TCGA-WS-AB45-01Z-00-DX1,1,0.7382616,1
tumour/TCGA-WS-AB45-01Z-00-DX1_12288_32256.jpg,TCGA-WS-AB45,TCGA-WS-AB45-01Z-00-DX1,1,0.76402485,1
tumour/TCGA-WS-AB45-01Z-00-DX1_12288_33280.jpg,TCGA-WS-AB45,TCGA-WS-AB45-01Z-00-DX1,1,0.81642437,1
tumour/TCGA-WS-AB45-01Z-00-DX1_12288_34304.jpg,TCGA-WS-AB45,TCGA-WS-AB45-01Z-00-DX1,1,0.003854677,0
tumour/TCGA-WS-AB45-01Z-00-DX1_12288_36352.jpg,TCGA-WS-AB45,TCGA-WS-AB45-01Z-00-DX1,1,0.9480487,1
tumour/TCGA-WS-AB45-01Z-00-DX1_12288_36864.jpg,TCGA-WS-AB45,TCGA-WS-AB45-01Z-00-DX1,1,0.97650516,1
tumour/TCGA-WS-AB45-01Z-00-DX1_12288_37376.jpg,TCGA-WS-AB45,TCGA-WS-AB45-01Z-00-DX1,1,0.9061854,1
tumour/TCGA-WS-AB45-01Z-00-DX1_12800_20992.jpg,TCGA-WS-AB45,TCGA-WS-AB45-01Z-00-DX1,1,0.8094054,1
tumour/TCGA-WS-AB45-01Z-00-DX1_12800_22016.jpg,TCGA-WS-AB45,TCGA-WS-AB45-01Z-00-DX1,1,0.6508207,1
tumour/TCGA-WS-AB45-01Z-00-DX1_12800_22528.jpg,TCGA-WS-AB45,TCGA-WS-AB45-01Z-00-DX1,1,0.869589,1
tumour/TCGA-WS-AB45-01Z-00-DX1_12800_23040.jpg,TCGA-WS-AB45,TCGA-WS-AB45-01Z-00-DX1,1,0.72058886,1
tumour/TCGA-WS-AB45-01Z-00-DX1_12800_26112.jpg,TCGA-WS-AB45,TCGA-WS-AB45-01Z-00-DX1,1,0.9624597,1
tumour/TCGA-WS-AB45-01Z-00-DX1_12800_26624.jpg,TCGA-WS-AB45,TCGA-WS-AB45-01Z-00-DX1,1,0.40194184,0
tumour/TCGA-WS-AB45-01Z-00-DX1_12800_27648.jpg,TCGA-WS-AB45,TCGA-WS-AB45-01Z-00-DX1,1,0.8921202,1
tumour/TCGA-WS-AB45-01Z-00-DX1_12800_28672.jpg,TCGA-WS-AB45,TCGA-WS-AB45-01Z-00-DX1,1,0.03913028,0
tumour/TCGA-WS-AB45-01Z-00-DX1_12800_30208.jpg,TCGA-WS-AB45,TCGA-WS-AB45-01Z-00-DX1,1,0.45387277,0
tumour/TCGA-WS-AB45-01Z-00-DX1_12800_31232.jpg,TCGA-WS-AB45,TCGA-WS-AB45-01Z-00-DX1,1,0.7319396,1
tumour/TCGA-WS-AB45-01Z-00-DX1_12800_31744.jpg,TCGA-WS-AB45,TCGA-WS-AB45-01Z-00-DX1,1,0.7519322,1
tumour/TCGA-WS-AB45-01Z-00-DX1_12800_33280.jpg,TCGA-WS-AB45,TCGA-WS-AB45-01Z-00-DX1,1,0.032234516,0
tumour/TCGA-WS-AB45-01Z-00-DX1_12800_35328.jpg,TCGA-WS-AB45,TCGA-WS-AB45-01Z-00-DX1,1,0.93658525,1
tumour/TCGA-WS-AB45-01Z-00-DX1_12800_36352.jpg,TCGA-WS-AB45,TCGA-WS-AB45-01Z-00-DX1,1,0.9778983,1
tumour/TCGA-WS-AB45-01Z-00-DX1_12800_36864.jpg,TCGA-WS-AB45,TCGA-WS-AB45-01Z-00-DX1,1,0.38514325,0
tumour/TCGA-WS-AB45-01Z-00-DX1_13312_19456.jpg,TCGA-WS-AB45,TCGA-WS-AB45-01Z-00-DX1,1,0.3223909,0
tumour/TCGA-WS-AB45-01Z-00-DX1_13312_20480.jpg,TCGA-WS-AB45,TCGA-WS-AB45-01Z-00-DX1,1,0.88528264,1
tumour/TCGA-WS-AB45-01Z-00-DX1_13312_20992.jpg,TCGA-WS-AB45,TCGA-WS-AB45-01Z-00-DX1,1,0.8210365,1
tumour/TCGA-WS-AB45-01Z-00-DX1_13312_21504.jpg,TCGA-WS-AB45,TCGA-WS-AB45-01Z-00-DX1,1,0.16989829,0
tumour/TCGA-WS-AB45-01Z-00-DX1_13312_24064.jpg,TCGA-WS-AB45,TCGA-WS-AB45-01Z-00-DX1,1,0.92919326,1
tumour/TCGA-WS-AB45-01Z-00-DX1_13312_25088.jpg,TCGA-WS-AB45,TCGA-WS-AB45-01Z-00-DX1,1,0.3289956,0
tumour/TCGA-WS-AB45-01Z-00-DX1_13312_27648.jpg,TCGA-WS-AB45,TCGA-WS-AB45-01Z-00-DX1,1,0.47311237,0
tumour/TCGA-WS-AB45-01Z-00-DX1_13312_30208.jpg,TCGA-WS-AB45,TCGA-WS-AB45-01Z-00-DX1,1,0.9785311,1
tumour/TCGA-WS-AB45-01Z-00-DX1_13312_34816.jpg,TCGA-WS-AB45,TCGA-WS-AB45-01Z-00-DX1,1,0.9068932,1
tumour/TCGA-WS-AB45-01Z-00-DX1_13312_35328.jpg,TCGA-WS-AB45,TCGA-WS-AB45-01Z-00-DX1,1,0.9960382,1
tumour/TCGA-WS-AB45-01Z-00-DX1_13312_35840.jpg,TCGA-WS-AB45,TCGA-WS-AB45-01Z-00-DX1,1,0.8807595,1
tumour/TCGA-WS-AB45-01Z-00-DX1_13312_36352.jpg,TCGA-WS-AB45,TCGA-WS-AB45-01Z-00-DX1,1,0.8003421,1
tumour/TCGA-WS-AB45-01Z-00-DX1_13312_37376.jpg,TCGA-WS-AB45,TCGA-WS-AB45-01Z-00-DX1,1,0.91570026,1
tumour/TCGA-WS-AB45-01Z-00-DX1_13824_17920.jpg,TCGA-WS-AB45,TCGA-WS-AB45-01Z-00-DX1,1,0.8987443,1
tumour/TCGA-WS-AB45-01Z-00-DX1_13824_18944.jpg,TCGA-WS-AB45,TCGA-WS-AB45-01Z-00-DX1,1,0.9317106,1
tumour/TCGA-WS-AB45-01Z-00-DX1_13824_21504.jpg,TCGA-WS-AB45,TCGA-WS-AB45-01Z-00-DX1,1,0.4345607,0
tumour/TCGA-WS-AB45-01Z-00-DX1_13824_23552.jpg,TCGA-WS-AB45,TCGA-WS-AB45-01Z-00-DX1,1,0.67969716,1
tumour/TCGA-WS-AB45-01Z-00-DX1_13824_25600.jpg,TCGA-WS-AB45,TCGA-WS-AB45-01Z-00-DX1,1,0.2630758,0
tumour/TCGA-WS-AB45-01Z-00-DX1_13824_27648.jpg,TCGA-WS-AB45,TCGA-WS-AB45-01Z-00-DX1,1,0.98147166,1
tumour/TCGA-WS-AB45-01Z-00-DX1_13824_29696.jpg,TCGA-WS-AB45,TCGA-WS-AB45-01Z-00-DX1,1,0.5350342,1
tumour/TCGA-WS-AB45-01Z-00-DX1_13824_30208.jpg,TCGA-WS-AB45,TCGA-WS-AB45-01Z-00-DX1,1,0.9475944,1
tumour/TCGA-WS-AB45-01Z-00-DX1_13824_30720.jpg,TCGA-WS-AB45,TCGA-WS-AB45-01Z-00-DX1,1,0.9506691,1
tumour/TCGA-WS-AB45-01Z-00-DX1_13824_31232.jpg,TCGA-WS-AB45,TCGA-WS-AB45-01Z-00-DX1,1,0.5975806,1
tumour/TCGA-WS-AB45-01Z-00-DX1_13824_31744.jpg,TCGA-WS-AB45,TCGA-WS-AB45-01Z-00-DX1,1,0.84733224,1
tumour/TCGA-WS-AB45-01Z-00-DX1_13824_32256.jpg,TCGA-WS-AB45,TCGA-WS-AB45-01Z-00-DX1,1,0.052583262,0
tumour/TCGA-WS-AB45-01Z-00-DX1_13824_34816.jpg,TCGA-WS-AB45,TCGA-WS-AB45-01Z-00-DX1,1,0.9386896,1
tumour/TCGA-WS-AB45-01Z-00-DX1_14336_16896.jpg,TCGA-WS-AB45,TCGA-WS-AB45-01Z-00-DX1,1,0.9780343,1
tumour/TCGA-WS-AB45-01Z-00-DX1_14336_17920.jpg,TCGA-WS-AB45,TCGA-WS-AB45-01Z-00-DX1,1,0.24914363,0
tumour/TCGA-WS-AB45-01Z-00-DX1_14336_18944.jpg,TCGA-WS-AB45,TCGA-WS-AB45-01Z-00-DX1,1,0.9229331,1
tumour/TCGA-WS-AB45-01Z-00-DX1_14336_19456.jpg,TCGA-WS-AB45,TCGA-WS-AB45-01Z-00-DX1,1,0.44002017,0
tumour/TCGA-WS-AB45-01Z-00-DX1_14336_19968.jpg,TCGA-WS-AB45,TCGA-WS-AB45-01Z-00-DX1,1,0.096837185,0
tumour/TCGA-WS-AB45-01Z-00-DX1_14336_20992.jpg,TCGA-WS-AB45,TCGA-WS-AB45-01Z-00-DX1,1,0.6872126,1
tumour/TCGA-WS-AB45-01Z-00-DX1_14336_21504.jpg,TCGA-WS-AB45,TCGA-WS-AB45-01Z-00-DX1,1,0.94344676,1
tumour/TCGA-WS-AB45-01Z-00-DX1_14336_23040.jpg,TCGA-WS-AB45,TCGA-WS-AB45-01Z-00-DX1,1,0.7357383,1
tumour/TCGA-WS-AB45-01Z-00-DX1_14336_25088.jpg,TCGA-WS-AB45,TCGA-WS-AB45-01Z-00-DX1,1,0.82357913,1
tumour/TCGA-WS-AB45-01Z-00-DX1_14336_25600.jpg,TCGA-WS-AB45,TCGA-WS-AB45-01Z-00-DX1,1,0.1625828,0
tumour/TCGA-WS-AB45-01Z-00-DX1_14336_26112.jpg,TCGA-WS-AB45,TCGA-WS-AB45-01Z-00-DX1,1,0.6886715,1
tumour/TCGA-WS-AB45-01Z-00-DX1_14336_26624.jpg,TCGA-WS-AB45,TCGA-WS-AB45-01Z-00-DX1,1,0.66885674,1
tumour/TCGA-WS-AB45-01Z-00-DX1_14336_27136.jpg,TCGA-WS-AB45,TCGA-WS-AB45-01Z-00-DX1,1,0.8930483,1
tumour/TCGA-WS-AB45-01Z-00-DX1_14336_28160.jpg,TCGA-WS-AB45,TCGA-WS-AB45-01Z-00-DX1,1,0.89832664,1
tumour/TCGA-WS-AB45-01Z-00-DX1_14336_28672.jpg,TCGA-WS-AB45,TCGA-WS-AB45-01Z-00-DX1,1,0.96906227,1
tumour/TCGA-WS-AB45-01Z-00-DX1_14336_29184.jpg,TCGA-WS-AB45,TCGA-WS-AB45-01Z-00-DX1,1,0.8441385,1
tumour/TCGA-WS-AB45-01Z-00-DX1_14336_29696.jpg,TCGA-WS-AB45,TCGA-WS-AB45-01Z-00-DX1,1,0.9437546,1
tumour/TCGA-WS-AB45-01Z-00-DX1_14336_36864.jpg,TCGA-WS-AB45,TCGA-WS-AB45-01Z-00-DX1,1,0.8546164,1
tumour/TCGA-WS-AB45-01Z-00-DX1_14848_15872.jpg,TCGA-WS-AB45,TCGA-WS-AB45-01Z-00-DX1,1,0.731948,1
tumour/TCGA-WS-AB45-01Z-00-DX1_14848_16896.jpg,TCGA-WS-AB45,TCGA-WS-AB45-01Z-00-DX1,1,0.7905933,1
tumour/TCGA-WS-AB45-01Z-00-DX1_14848_17920.jpg,TCGA-WS-AB45,TCGA-WS-AB45-01Z-00-DX1,1,0.040429506,0
tumour/TCGA-WS-AB45-01Z-00-DX1_14848_18944.jpg,TCGA-WS-AB45,TCGA-WS-AB45-01Z-00-DX1,1,0.9095464,1
tumour/TCGA-WS-AB45-01Z-00-DX1_14848_19968.jpg,TCGA-WS-AB45,TCGA-WS-AB45-01Z-00-DX1,1,0.59497434,1
tumour/TCGA-WS-AB45-01Z-00-DX1_14848_20480.jpg,TCGA-WS-AB45,TCGA-WS-AB45-01Z-00-DX1,1,0.45195246,0
tumour/TCGA-WS-AB45-01Z-00-DX1_14848_23040.jpg,TCGA-WS-AB45,TCGA-WS-AB45-01Z-00-DX1,1,0.91348034,1
tumour/TCGA-WS-AB45-01Z-00-DX1_14848_23552.jpg,TCGA-WS-AB45,TCGA-WS-AB45-01Z-00-DX1,1,0.9202394,1
tumour/TCGA-WS-AB45-01Z-00-DX1_14848_27136.jpg,TCGA-WS-AB45,TCGA-WS-AB45-01Z-00-DX1,1,0.075808115,0
tumour/TCGA-WS-AB45-01Z-00-DX1_14848_28160.jpg,TCGA-WS-AB45,TCGA-WS-AB45-01Z-00-DX1,1,0.97604656,1
tumour/TCGA-WS-AB45-01Z-00-DX1_14848_28672.jpg,TCGA-WS-AB45,TCGA-WS-AB45-01Z-00-DX1,1,0.71000075,1
tumour/TCGA-WS-AB45-01Z-00-DX1_14848_29696.jpg,TCGA-WS-AB45,TCGA-WS-AB45-01Z-00-DX1,1,0.75683343,1
tumour/TCGA-WS-AB45-01Z-00-DX1_14848_31232.jpg,TCGA-WS-AB45,TCGA-WS-AB45-01Z-00-DX1,1,0.89047307,1
tumour/TCGA-WS-AB45-01Z-00-DX1_14848_34816.jpg,TCGA-WS-AB45,TCGA-WS-AB45-01Z-00-DX1,1,0.9786103,1
tumour/TCGA-WS-AB45-01Z-00-DX1_14848_35328.jpg,TCGA-WS-AB45,TCGA-WS-AB45-01Z-00-DX1,1,0.94515246,1
tumour/TCGA-WS-AB45-01Z-00-DX1_14848_35840.jpg,TCGA-WS-AB45,TCGA-WS-AB45-01Z-00-DX1,1,0.81159014,1
tumour/TCGA-WS-AB45-01Z-00-DX1_14848_36352.jpg,TCGA-WS-AB45,TCGA-WS-AB45-01Z-00-DX1,1,0.68695474,1
tumour/TCGA-WS-AB45-01Z-00-DX1_14848_36864.jpg,TCGA-WS-AB45,TCGA-WS-AB45-01Z-00-DX1,1,0.98106015,1
tumour/TCGA-WS-AB45-01Z-00-DX1_15360_15872.jpg,TCGA-WS-AB45,TCGA-WS-AB45-01Z-00-DX1,1,0.92997634,1
tumour/TCGA-WS-AB45-01Z-00-DX1_15360_16896.jpg,TCGA-WS-AB45,TCGA-WS-AB45-01Z-00-DX1,1,0.29957864,0
tumour/TCGA-WS-AB45-01Z-00-DX1_15360_17408.jpg,TCGA-WS-AB45,TCGA-WS-AB45-01Z-00-DX1,1,0.9608852,1
tumour/TCGA-WS-AB45-01Z-00-DX1_15360_17920.jpg,TCGA-WS-AB45,TCGA-WS-AB45-01Z-00-DX1,1,0.95580757,1
tumour/TCGA-WS-AB45-01Z-00-DX1_15360_18432.jpg,TCGA-WS-AB45,TCGA-WS-AB45-01Z-00-DX1,1,0.7141885,1
tumour/TCGA-WS-AB45-01Z-00-DX1_15360_19456.jpg,TCGA-WS-AB45,TCGA-WS-AB45-01Z-00-DX1,1,0.49304104,0
tumour/TCGA-WS-AB45-01Z-00-DX1_15360_19968.jpg,TCGA-WS-AB45,TCGA-WS-AB45-01Z-00-DX1,1,0.5851662,1
tumour/TCGA-WS-AB45-01Z-00-DX1_15360_20480.jpg,TCGA-WS-AB45,TCGA-WS-AB45-01Z-00-DX1,1,0.2655499,0
tumour/TCGA-WS-AB45-01Z-00-DX1_15360_20992.jpg,TCGA-WS-AB45,TCGA-WS-AB45-01Z-00-DX1,1,0.83035004,1
tumour/TCGA-WS-AB45-01Z-00-DX1_15360_21504.jpg,TCGA-WS-AB45,TCGA-WS-AB45-01Z-00-DX1,1,0.827844,1
tumour/TCGA-WS-AB45-01Z-00-DX1_15360_22528.jpg,TCGA-WS-AB45,TCGA-WS-AB45-01Z-00-DX1,1,0.9958696,1
tumour/TCGA-WS-AB45-01Z-00-DX1_15360_23552.jpg,TCGA-WS-AB45,TCGA-WS-AB45-01Z-00-DX1,1,0.70924485,1
tumour/TCGA-WS-AB45-01Z-00-DX1_15360_24064.jpg,TCGA-WS-AB45,TCGA-WS-AB45-01Z-00-DX1,1,0.071873054,0
tumour/TCGA-WS-AB45-01Z-00-DX1_15360_25088.jpg,TCGA-WS-AB45,TCGA-WS-AB45-01Z-00-DX1,1,0.6249096,1
tumour/TCGA-WS-AB45-01Z-00-DX1_15360_25600.jpg,TCGA-WS-AB45,TCGA-WS-AB45-01Z-00-DX1,1,0.6234989,1
tumour/TCGA-WS-AB45-01Z-00-DX1_15360_27136.jpg,TCGA-WS-AB45,TCGA-WS-AB45-01Z-00-DX1,1,0.19137399,0
tumour/TCGA-WS-AB45-01Z-00-DX1_15360_27648.jpg,TCGA-WS-AB45,TCGA-WS-AB45-01Z-00-DX1,1,0.2933035,0
tumour/TCGA-WS-AB45-01Z-00-DX1_15360_29184.jpg,TCGA-WS-AB45,TCGA-WS-AB45-01Z-00-DX1,1,0.91552603,1
tumour/TCGA-WS-AB45-01Z-00-DX1_15360_34816.jpg,TCGA-WS-AB45,TCGA-WS-AB45-01Z-00-DX1,1,0.089612335,0
tumour/TCGA-WS-AB45-01Z-00-DX1_15360_36352.jpg,TCGA-WS-AB45,TCGA-WS-AB45-01Z-00-DX1,1,0.5041383,1
tumour/TCGA-WS-AB45-01Z-00-DX1_15872_15872.jpg,TCGA-WS-AB45,TCGA-WS-AB45-01Z-00-DX1,1,0.98041797,1
tumour/TCGA-WS-AB45-01Z-00-DX1_15872_16896.jpg,TCGA-WS-AB45,TCGA-WS-AB45-01Z-00-DX1,1,0.7794997,1
tumour/TCGA-WS-AB45-01Z-00-DX1_15872_17408.jpg,TCGA-WS-AB45,TCGA-WS-AB45-01Z-00-DX1,1,0.9875743,1
tumour/TCGA-WS-AB45-01Z-00-DX1_15872_17920.jpg,TCGA-WS-AB45,TCGA-WS-AB45-01Z-00-DX1,1,0.9481418,1
tumour/TCGA-WS-AB45-01Z-00-DX1_15872_18944.jpg,TCGA-WS-AB45,TCGA-WS-AB45-01Z-00-DX1,1,0.6721216,1
tumour/TCGA-WS-AB45-01Z-00-DX1_15872_19456.jpg,TCGA-WS-AB45,TCGA-WS-AB45-01Z-00-DX1,1,0.52753776,1
tumour/TCGA-WS-AB45-01Z-00-DX1_15872_19968.jpg,TCGA-WS-AB45,TCGA-WS-AB45-01Z-00-DX1,1,0.7475966,1
tumour/TCGA-WS-AB45-01Z-00-DX1_15872_22528.jpg,TCGA-WS-AB45,TCGA-WS-AB45-01Z-00-DX1,1,0.89049244,1
tumour/TCGA-WS-AB45-01Z-00-DX1_15872_23040.jpg,TCGA-WS-AB45,TCGA-WS-AB45-01Z-00-DX1,1,0.98729205,1
tumour/TCGA-WS-AB45-01Z-00-DX1_15872_25088.jpg,TCGA-WS-AB45,TCGA-WS-AB45-01Z-00-DX1,1,0.42909604,0
tumour/TCGA-WS-AB45-01Z-00-DX1_15872_26112.jpg,TCGA-WS-AB45,TCGA-WS-AB45-01Z-00-DX1,1,0.7192362,1
tumour/TCGA-WS-AB45-01Z-00-DX1_15872_27136.jpg,TCGA-WS-AB45,TCGA-WS-AB45-01Z-00-DX1,1,0.14794187,0
tumour/TCGA-WS-AB45-01Z-00-DX1_15872_27648.jpg,TCGA-WS-AB45,TCGA-WS-AB45-01Z-00-DX1,1,0.0084495535,0
tumour/TCGA-WS-AB45-01Z-00-DX1_15872_29696.jpg,TCGA-WS-AB45,TCGA-WS-AB45-01Z-00-DX1,1,0.25976625,0
tumour/TCGA-WS-AB45-01Z-00-DX1_15872_30208.jpg,TCGA-WS-AB45,TCGA-WS-AB45-01Z-00-DX1,1,0.21190935,0
tumour/TCGA-WS-AB45-01Z-00-DX1_15872_30720.jpg,TCGA-WS-AB45,TCGA-WS-AB45-01Z-00-DX1,1,0.7061132,1
tumour/TCGA-WS-AB45-01Z-00-DX1_15872_31232.jpg,TCGA-WS-AB45,TCGA-WS-AB45-01Z-00-DX1,1,0.48421904,0
tumour/TCGA-WS-AB45-01Z-00-DX1_16384_15872.jpg,TCGA-WS-AB45,TCGA-WS-AB45-01Z-00-DX1,1,0.867963,1
tumour/TCGA-WS-AB45-01Z-00-DX1_16384_17408.jpg,TCGA-WS-AB45,TCGA-WS-AB45-01Z-00-DX1,1,0.9071334,1
tumour/TCGA-WS-AB45-01Z-00-DX1_16384_17920.jpg,TCGA-WS-AB45,TCGA-WS-AB45-01Z-00-DX1,1,0.29559916,0
tumour/TCGA-WS-AB45-01Z-00-DX1_16384_18432.jpg,TCGA-WS-AB45,TCGA-WS-AB45-01Z-00-DX1,1,0.60033613,1
tumour/TCGA-WS-AB45-01Z-00-DX1_16384_20992.jpg,TCGA-WS-AB45,TCGA-WS-AB45-01Z-00-DX1,1,0.94108915,1
tumour/TCGA-WS-AB45-01Z-00-DX1_16384_21504.jpg,TCGA-WS-AB45,TCGA-WS-AB45-01Z-00-DX1,1,0.45640504,0
tumour/TCGA-WS-AB45-01Z-00-DX1_16384_22016.jpg,TCGA-WS-AB45,TCGA-WS-AB45-01Z-00-DX1,1,0.9751695,1
tumour/TCGA-WS-AB45-01Z-00-DX1_16384_22528.jpg,TCGA-WS-AB45,TCGA-WS-AB45-01Z-00-DX1,1,0.9808684,1
tumour/TCGA-WS-AB45-01Z-00-DX1_16384_24064.jpg,TCGA-WS-AB45,TCGA-WS-AB45-01Z-00-DX1,1,0.946445,1
tumour/TCGA-WS-AB45-01Z-00-DX1_16384_24576.jpg,TCGA-WS-AB45,TCGA-WS-AB45-01Z-00-DX1,1,0.202441,0
tumour/TCGA-WS-AB45-01Z-00-DX1_16384_26112.jpg,TCGA-WS-AB45,TCGA-WS-AB45-01Z-00-DX1,1,0.21044706,0
tumour/TCGA-WS-AB45-01Z-00-DX1_16384_26624.jpg,TCGA-WS-AB45,TCGA-WS-AB45-01Z-00-DX1,1,0.19312303,0
tumour/TCGA-WS-AB45-01Z-00-DX1_16384_28672.jpg,TCGA-WS-AB45,TCGA-WS-AB45-01Z-00-DX1,1,0.27402523,0
tumour/TCGA-WS-AB45-01Z-00-DX1_16384_29184.jpg,TCGA-WS-AB45,TCGA-WS-AB45-01Z-00-DX1,1,0.5733302,1
tumour/TCGA-WS-AB45-01Z-00-DX1_16384_29696.jpg,TCGA-WS-AB45,TCGA-WS-AB45-01Z-00-DX1,1,0.060578395,0
tumour/TCGA-WS-AB45-01Z-00-DX1_16384_30208.jpg,TCGA-WS-AB45,TCGA-WS-AB45-01Z-00-DX1,1,0.80923134,1
tumour/TCGA-WS-AB45-01Z-00-DX1_16896_13824.jpg,TCGA-WS-AB45,TCGA-WS-AB45-01Z-00-DX1,1,0.15849361,0
tumour/TCGA-WS-AB45-01Z-00-DX1_16896_14336.jpg,TCGA-WS-AB45,TCGA-WS-AB45-01Z-00-DX1,1,0.05081487,0
tumour/TCGA-WS-AB45-01Z-00-DX1_16896_14848.jpg,TCGA-WS-AB45,TCGA-WS-AB45-01Z-00-DX1,1,0.1724972,0
tumour/TCGA-WS-AB45-01Z-00-DX1_16896_15872.jpg,TCGA-WS-AB45,TCGA-WS-AB45-01Z-00-DX1,1,0.9596246,1
tumour/TCGA-WS-AB45-01Z-00-DX1_16896_16384.jpg,TCGA-WS-AB45,TCGA-WS-AB45-01Z-00-DX1,1,0.18062311,0
tumour/TCGA-WS-AB45-01Z-00-DX1_16896_16896.jpg,TCGA-WS-AB45,TCGA-WS-AB45-01Z-00-DX1,1,0.51853704,1
tumour/TCGA-WS-AB45-01Z-00-DX1_16896_19968.jpg,TCGA-WS-AB45,TCGA-WS-AB45-01Z-00-DX1,1,0.3234322,0
tumour/TCGA-WS-AB45-01Z-00-DX1_16896_20480.jpg,TCGA-WS-AB45,TCGA-WS-AB45-01Z-00-DX1,1,0.8841926,1
tumour/TCGA-WS-AB45-01Z-00-DX1_16896_20992.jpg,TCGA-WS-AB45,TCGA-WS-AB45-01Z-00-DX1,1,0.92157733,1
tumour/TCGA-WS-AB45-01Z-00-DX1_16896_21504.jpg,TCGA-WS-AB45,TCGA-WS-AB45-01Z-00-DX1,1,0.8006813,1
tumour/TCGA-WS-AB45-01Z-00-DX1_16896_22528.jpg,TCGA-WS-AB45,TCGA-WS-AB45-01Z-00-DX1,1,0.5047488,1
tumour/TCGA-WS-AB45-01Z-00-DX1_16896_23552.jpg,TCGA-WS-AB45,TCGA-WS-AB45-01Z-00-DX1,1,0.7504658,1
tumour/TCGA-WS-AB45-01Z-00-DX1_16896_24064.jpg,TCGA-WS-AB45,TCGA-WS-AB45-01Z-00-DX1,1,0.9950594,1
tumour/TCGA-WS-AB45-01Z-00-DX1_16896_25088.jpg,TCGA-WS-AB45,TCGA-WS-AB45-01Z-00-DX1,1,0.4677256,0
tumour/TCGA-WS-AB45-01Z-00-DX1_16896_26112.jpg,TCGA-WS-AB45,TCGA-WS-AB45-01Z-00-DX1,1,0.88588333,1
tumour/TCGA-WS-AB45-01Z-00-DX1_16896_27136.jpg,TCGA-WS-AB45,TCGA-WS-AB45-01Z-00-DX1,1,0.27697343,0
tumour/TCGA-WS-AB45-01Z-00-DX1_16896_28672.jpg,TCGA-WS-AB45,TCGA-WS-AB45-01Z-00-DX1,1,0.8699998,1
tumour/TCGA-WS-AB45-01Z-00-DX1_16896_30208.jpg,TCGA-WS-AB45,TCGA-WS-AB45-01Z-00-DX1,1,0.3263023,0
tumour/TCGA-WS-AB45-01Z-00-DX1_16896_30720.jpg,TCGA-WS-AB45,TCGA-WS-AB45-01Z-00-DX1,1,0.46794382,0
tumour/TCGA-WS-AB45-01Z-00-DX1_17408_10240.jpg,TCGA-WS-AB45,TCGA-WS-AB45-01Z-00-DX1,1,0.4844079,0
tumour/TCGA-WS-AB45-01Z-00-DX1_17408_10752.jpg,TCGA-WS-AB45,TCGA-WS-AB45-01Z-00-DX1,1,0.9895788,1
tumour/TCGA-WS-AB45-01Z-00-DX1_17408_14848.jpg,TCGA-WS-AB45,TCGA-WS-AB45-01Z-00-DX1,1,0.115275994,0
tumour/TCGA-WS-AB45-01Z-00-DX1_17408_15360.jpg,TCGA-WS-AB45,TCGA-WS-AB45-01Z-00-DX1,1,0.09873699,0
tumour/TCGA-WS-AB45-01Z-00-DX1_17408_16384.jpg,TCGA-WS-AB45,TCGA-WS-AB45-01Z-00-DX1,1,0.41791886,0
tumour/TCGA-WS-AB45-01Z-00-DX1_17408_18432.jpg,TCGA-WS-AB45,TCGA-WS-AB45-01Z-00-DX1,1,0.98663294,1
tumour/TCGA-WS-AB45-01Z-00-DX1_17408_19968.jpg,TCGA-WS-AB45,TCGA-WS-AB45-01Z-00-DX1,1,0.94766295,1
tumour/TCGA-WS-AB45-01Z-00-DX1_17408_20480.jpg,TCGA-WS-AB45,TCGA-WS-AB45-01Z-00-DX1,1,0.9671536,1
tumour/TCGA-WS-AB45-01Z-00-DX1_17408_22528.jpg,TCGA-WS-AB45,TCGA-WS-AB45-01Z-00-DX1,1,0.9202145,1
tumour/TCGA-WS-AB45-01Z-00-DX1_17408_23552.jpg,TCGA-WS-AB45,TCGA-WS-AB45-01Z-00-DX1,1,0.46181557,0
tumour/TCGA-WS-AB45-01Z-00-DX1_17408_24576.jpg,TCGA-WS-AB45,TCGA-WS-AB45-01Z-00-DX1,1,0.89505196,1
tumour/TCGA-WS-AB45-01Z-00-DX1_17408_26624.jpg,TCGA-WS-AB45,TCGA-WS-AB45-01Z-00-DX1,1,0.8371258,1
tumour/TCGA-WS-AB45-01Z-00-DX1_17408_28160.jpg,TCGA-WS-AB45,TCGA-WS-AB45-01Z-00-DX1,1,0.5869683,1
tumour/TCGA-WS-AB45-01Z-00-DX1_17408_29184.jpg,TCGA-WS-AB45,TCGA-WS-AB45-01Z-00-DX1,1,0.4233341,0
tumour/TCGA-WS-AB45-01Z-00-DX1_17408_29696.jpg,TCGA-WS-AB45,TCGA-WS-AB45-01Z-00-DX1,1,0.90604687,1
tumour/TCGA-WS-AB45-01Z-00-DX1_17408_30208.jpg,TCGA-WS-AB45,TCGA-WS-AB45-01Z-00-DX1,1,0.80445343,1
tumour/TCGA-WS-AB45-01Z-00-DX1_17408_30720.jpg,TCGA-WS-AB45,TCGA-WS-AB45-01Z-00-DX1,1,0.09119151,0
tumour/TCGA-WS-AB45-01Z-00-DX1_17408_31232.jpg,TCGA-WS-AB45,TCGA-WS-AB45-01Z-00-DX1,1,0.32400164,0
tumour/TCGA-WS-AB45-01Z-00-DX1_17920_10240.jpg,TCGA-WS-AB45,TCGA-WS-AB45-01Z-00-DX1,1,0.9875186,1
tumour/TCGA-WS-AB45-01Z-00-DX1_17920_10752.jpg,TCGA-WS-AB45,TCGA-WS-AB45-01Z-00-DX1,1,0.9474435,1
tumour/TCGA-WS-AB45-01Z-00-DX1_17920_11264.jpg,TCGA-WS-AB45,TCGA-WS-AB45-01Z-00-DX1,1,0.43624794,0
tumour/TCGA-WS-AB45-01Z-00-DX1_17920_15872.jpg,TCGA-WS-AB45,TCGA-WS-AB45-01Z-00-DX1,1,0.18769632,0
tumour/TCGA-WS-AB45-01Z-00-DX1_17920_17920.jpg,TCGA-WS-AB45,TCGA-WS-AB45-01Z-00-DX1,1,0.28596187,0
tumour/TCGA-WS-AB45-01Z-00-DX1_17920_18944.jpg,TCGA-WS-AB45,TCGA-WS-AB45-01Z-00-DX1,1,0.81370354,1
tumour/TCGA-WS-AB45-01Z-00-DX1_17920_19456.jpg,TCGA-WS-AB45,TCGA-WS-AB45-01Z-00-DX1,1,0.86159784,1
tumour/TCGA-WS-AB45-01Z-00-DX1_17920_19968.jpg,TCGA-WS-AB45,TCGA-WS-AB45-01Z-00-DX1,1,0.38278353,0
tumour/TCGA-WS-AB45-01Z-00-DX1_17920_20480.jpg,TCGA-WS-AB45,TCGA-WS-AB45-01Z-00-DX1,1,0.8851046,1
tumour/TCGA-WS-AB45-01Z-00-DX1_17920_20992.jpg,TCGA-WS-AB45,TCGA-WS-AB45-01Z-00-DX1,1,0.92448384,1
tumour/TCGA-WS-AB45-01Z-00-DX1_17920_22528.jpg,TCGA-WS-AB45,TCGA-WS-AB45-01Z-00-DX1,1,0.7524716,1
tumour/TCGA-WS-AB45-01Z-00-DX1_17920_23040.jpg,TCGA-WS-AB45,TCGA-WS-AB45-01Z-00-DX1,1,0.47140148,0
tumour/TCGA-WS-AB45-01Z-00-DX1_17920_25088.jpg,TCGA-WS-AB45,TCGA-WS-AB45-01Z-00-DX1,1,0.8914639,1
tumour/TCGA-WS-AB45-01Z-00-DX1_17920_26112.jpg,TCGA-WS-AB45,TCGA-WS-AB45-01Z-00-DX1,1,0.611467,1
tumour/TCGA-WS-AB45-01Z-00-DX1_17920_26624.jpg,TCGA-WS-AB45,TCGA-WS-AB45-01Z-00-DX1,1,0.42539436,0
tumour/TCGA-WS-AB45-01Z-00-DX1_17920_27136.jpg,TCGA-WS-AB45,TCGA-WS-AB45-01Z-00-DX1,1,0.733042,1
tumour/TCGA-WS-AB45-01Z-00-DX1_17920_28160.jpg,TCGA-WS-AB45,TCGA-WS-AB45-01Z-00-DX1,1,0.9783196,1
tumour/TCGA-WS-AB45-01Z-00-DX1_17920_29696.jpg,TCGA-WS-AB45,TCGA-WS-AB45-01Z-00-DX1,1,0.96308476,1
tumour/TCGA-WS-AB45-01Z-00-DX1_17920_30720.jpg,TCGA-WS-AB45,TCGA-WS-AB45-01Z-00-DX1,1,0.07342106,0
tumour/TCGA-WS-AB45-01Z-00-DX1_17920_31232.jpg,TCGA-WS-AB45,TCGA-WS-AB45-01Z-00-DX1,1,0.5775114,1
tumour/TCGA-WS-AB45-01Z-00-DX1_18432_10240.jpg,TCGA-WS-AB45,TCGA-WS-AB45-01Z-00-DX1,1,0.9866023,1
tumour/TCGA-WS-AB45-01Z-00-DX1_18432_16384.jpg,TCGA-WS-AB45,TCGA-WS-AB45-01Z-00-DX1,1,0.3717215,0
tumour/TCGA-WS-AB45-01Z-00-DX1_18432_16896.jpg,TCGA-WS-AB45,TCGA-WS-AB45-01Z-00-DX1,1,0.69065154,1
tumour/TCGA-WS-AB45-01Z-00-DX1_18432_17408.jpg,TCGA-WS-AB45,TCGA-WS-AB45-01Z-00-DX1,1,0.75932336,1
tumour/TCGA-WS-AB45-01Z-00-DX1_18432_18432.jpg,TCGA-WS-AB45,TCGA-WS-AB45-01Z-00-DX1,1,0.68568766,1
tumour/TCGA-WS-AB45-01Z-00-DX1_18432_18944.jpg,TCGA-WS-AB45,TCGA-WS-AB45-01Z-00-DX1,1,0.9471026,1
tumour/TCGA-WS-AB45-01Z-00-DX1_18432_19968.jpg,TCGA-WS-AB45,TCGA-WS-AB45-01Z-00-DX1,1,0.9093373,1
tumour/TCGA-WS-AB45-01Z-00-DX1_18432_20480.jpg,TCGA-WS-AB45,TCGA-WS-AB45-01Z-00-DX1,1,0.7713159,1
tumour/TCGA-WS-AB45-01Z-00-DX1_18432_20992.jpg,TCGA-WS-AB45,TCGA-WS-AB45-01Z-00-DX1,1,0.5842598,1
tumour/TCGA-WS-AB45-01Z-00-DX1_18432_23040.jpg,TCGA-WS-AB45,TCGA-WS-AB45-01Z-00-DX1,1,0.6289819,1
tumour/TCGA-WS-AB45-01Z-00-DX1_18432_23552.jpg,TCGA-WS-AB45,TCGA-WS-AB45-01Z-00-DX1,1,0.46071032,0
tumour/TCGA-WS-AB45-01Z-00-DX1_18432_24064.jpg,TCGA-WS-AB45,TCGA-WS-AB45-01Z-00-DX1,1,0.8055044,1
tumour/TCGA-WS-AB45-01Z-00-DX1_18432_25088.jpg,TCGA-WS-AB45,TCGA-WS-AB45-01Z-00-DX1,1,0.5585823,1
tumour/TCGA-WS-AB45-01Z-00-DX1_18432_25600.jpg,TCGA-WS-AB45,TCGA-WS-AB45-01Z-00-DX1,1,0.9037209,1
tumour/TCGA-WS-AB45-01Z-00-DX1_18432_26112.jpg,TCGA-WS-AB45,TCGA-WS-AB45-01Z-00-DX1,1,0.8974581,1
tumour/TCGA-WS-AB45-01Z-00-DX1_18432_26624.jpg,TCGA-WS-AB45,TCGA-WS-AB45-01Z-00-DX1,1,0.7543791,1
tumour/TCGA-WS-AB45-01Z-00-DX1_18432_28160.jpg,TCGA-WS-AB45,TCGA-WS-AB45-01Z-00-DX1,1,0.8869414,1
tumour/TCGA-WS-AB45-01Z-00-DX1_18432_29696.jpg,TCGA-WS-AB45,TCGA-WS-AB45-01Z-00-DX1,1,0.9921482,1
tumour/TCGA-WS-AB45-01Z-00-DX1_18432_30208.jpg,TCGA-WS-AB45,TCGA-WS-AB45-01Z-00-DX1,1,0.7830181,1
tumour/TCGA-WS-AB45-01Z-00-DX1_18432_9216.jpg,TCGA-WS-AB45,TCGA-WS-AB45-01Z-00-DX1,1,0.9274406,1
tumour/TCGA-WS-AB45-01Z-00-DX1_18432_9728.jpg,TCGA-WS-AB45,TCGA-WS-AB45-01Z-00-DX1,1,0.86486965,1
tumour/TCGA-WS-AB45-01Z-00-DX1_18944_10240.jpg,TCGA-WS-AB45,TCGA-WS-AB45-01Z-00-DX1,1,0.24734,0
tumour/TCGA-WS-AB45-01Z-00-DX1_18944_10752.jpg,TCGA-WS-AB45,TCGA-WS-AB45-01Z-00-DX1,1,0.54797834,1
tumour/TCGA-WS-AB45-01Z-00-DX1_18944_11776.jpg,TCGA-WS-AB45,TCGA-WS-AB45-01Z-00-DX1,1,0.87560666,1
tumour/TCGA-WS-AB45-01Z-00-DX1_18944_12288.jpg,TCGA-WS-AB45,TCGA-WS-AB45-01Z-00-DX1,1,0.54891306,1
tumour/TCGA-WS-AB45-01Z-00-DX1_18944_13312.jpg,TCGA-WS-AB45,TCGA-WS-AB45-01Z-00-DX1,1,0.8783331,1
tumour/TCGA-WS-AB45-01Z-00-DX1_18944_14336.jpg,TCGA-WS-AB45,TCGA-WS-AB45-01Z-00-DX1,1,0.42875054,0
tumour/TCGA-WS-AB45-01Z-00-DX1_18944_16384.jpg,TCGA-WS-AB45,TCGA-WS-AB45-01Z-00-DX1,1,0.9850227,1
tumour/TCGA-WS-AB45-01Z-00-DX1_18944_16896.jpg,TCGA-WS-AB45,TCGA-WS-AB45-01Z-00-DX1,1,0.93961537,1
tumour/TCGA-WS-AB45-01Z-00-DX1_18944_19456.jpg,TCGA-WS-AB45,TCGA-WS-AB45-01Z-00-DX1,1,0.15335396,0
tumour/TCGA-WS-AB45-01Z-00-DX1_18944_20480.jpg,TCGA-WS-AB45,TCGA-WS-AB45-01Z-00-DX1,1,0.9601449,1
tumour/TCGA-WS-AB45-01Z-00-DX1_18944_22528.jpg,TCGA-WS-AB45,TCGA-WS-AB45-01Z-00-DX1,1,0.61013705,1
tumour/TCGA-WS-AB45-01Z-00-DX1_18944_23040.jpg,TCGA-WS-AB45,TCGA-WS-AB45-01Z-00-DX1,1,0.5468977,1
tumour/TCGA-WS-AB45-01Z-00-DX1_18944_25088.jpg,TCGA-WS-AB45,TCGA-WS-AB45-01Z-00-DX1,1,0.5561525,1
tumour/TCGA-WS-AB45-01Z-00-DX1_18944_25600.jpg,TCGA-WS-AB45,TCGA-WS-AB45-01Z-00-DX1,1,0.91416293,1
tumour/TCGA-WS-AB45-01Z-00-DX1_18944_26112.jpg,TCGA-WS-AB45,TCGA-WS-AB45-01Z-00-DX1,1,0.7921497,1
tumour/TCGA-WS-AB45-01Z-00-DX1_18944_26624.jpg,TCGA-WS-AB45,TCGA-WS-AB45-01Z-00-DX1,1,0.3148461,0
tumour/TCGA-WS-AB45-01Z-00-DX1_18944_27136.jpg,TCGA-WS-AB45,TCGA-WS-AB45-01Z-00-DX1,1,0.88678044,1
tumour/TCGA-WS-AB45-01Z-00-DX1_18944_27648.jpg,TCGA-WS-AB45,TCGA-WS-AB45-01Z-00-DX1,1,0.7389783,1
tumour/TCGA-WS-AB45-01Z-00-DX1_18944_28672.jpg,TCGA-WS-AB45,TCGA-WS-AB45-01Z-00-DX1,1,0.86924106,1
tumour/TCGA-WS-AB45-01Z-00-DX1_18944_29696.jpg,TCGA-WS-AB45,TCGA-WS-AB45-01Z-00-DX1,1,0.9362702,1
tumour/TCGA-WS-AB45-01Z-00-DX1_18944_30208.jpg,TCGA-WS-AB45,TCGA-WS-AB45-01Z-00-DX1,1,0.8456879,1
tumour/TCGA-WS-AB45-01Z-00-DX1_18944_30720.jpg,TCGA-WS-AB45,TCGA-WS-AB45-01Z-00-DX1,1,0.11991877,0
tumour/TCGA-WS-AB45-01Z-00-DX1_18944_8192.jpg,TCGA-WS-AB45,TCGA-WS-AB45-01Z-00-DX1,1,0.8741127,1
tumour/TCGA-WS-AB45-01Z-00-DX1_18944_9216.jpg,TCGA-WS-AB45,TCGA-WS-AB45-01Z-00-DX1,1,0.8277257,1
tumour/TCGA-WS-AB45-01Z-00-DX1_19456_10240.jpg,TCGA-WS-AB45,TCGA-WS-AB45-01Z-00-DX1,1,0.90689784,1
tumour/TCGA-WS-AB45-01Z-00-DX1_19456_11264.jpg,TCGA-WS-AB45,TCGA-WS-AB45-01Z-00-DX1,1,0.6164935,1
tumour/TCGA-WS-AB45-01Z-00-DX1_19456_12800.jpg,TCGA-WS-AB45,TCGA-WS-AB45-01Z-00-DX1,1,0.7866491,1
tumour/TCGA-WS-AB45-01Z-00-DX1_19456_13312.jpg,TCGA-WS-AB45,TCGA-WS-AB45-01Z-00-DX1,1,0.43201545,0
tumour/TCGA-WS-AB45-01Z-00-DX1_19456_16384.jpg,TCGA-WS-AB45,TCGA-WS-AB45-01Z-00-DX1,1,0.43350568,0
tumour/TCGA-WS-AB45-01Z-00-DX1_19456_16896.jpg,TCGA-WS-AB45,TCGA-WS-AB45-01Z-00-DX1,1,0.53563845,1
tumour/TCGA-WS-AB45-01Z-00-DX1_19456_17408.jpg,TCGA-WS-AB45,TCGA-WS-AB45-01Z-00-DX1,1,0.6010946,1
tumour/TCGA-WS-AB45-01Z-00-DX1_19456_17920.jpg,TCGA-WS-AB45,TCGA-WS-AB45-01Z-00-DX1,1,0.7778461,1
tumour/TCGA-WS-AB45-01Z-00-DX1_19456_18432.jpg,TCGA-WS-AB45,TCGA-WS-AB45-01Z-00-DX1,1,0.88591313,1
tumour/TCGA-WS-AB45-01Z-00-DX1_19456_19456.jpg,TCGA-WS-AB45,TCGA-WS-AB45-01Z-00-DX1,1,0.33484897,0
tumour/TCGA-WS-AB45-01Z-00-DX1_19456_19968.jpg,TCGA-WS-AB45,TCGA-WS-AB45-01Z-00-DX1,1,0.8079373,1
tumour/TCGA-WS-AB45-01Z-00-DX1_19456_20480.jpg,TCGA-WS-AB45,TCGA-WS-AB45-01Z-00-DX1,1,0.9292782,1
tumour/TCGA-WS-AB45-01Z-00-DX1_19456_21504.jpg,TCGA-WS-AB45,TCGA-WS-AB45-01Z-00-DX1,1,0.7665357,1
tumour/TCGA-WS-AB45-01Z-00-DX1_19456_22016.jpg,TCGA-WS-AB45,TCGA-WS-AB45-01Z-00-DX1,1,0.74137545,1
tumour/TCGA-WS-AB45-01Z-00-DX1_19456_22528.jpg,TCGA-WS-AB45,TCGA-WS-AB45-01Z-00-DX1,1,0.14022058,0
tumour/TCGA-WS-AB45-01Z-00-DX1_19456_23040.jpg,TCGA-WS-AB45,TCGA-WS-AB45-01Z-00-DX1,1,0.09308254,0
tumour/TCGA-WS-AB45-01Z-00-DX1_19456_23552.jpg,TCGA-WS-AB45,TCGA-WS-AB45-01Z-00-DX1,1,0.14022544,0
tumour/TCGA-WS-AB45-01Z-00-DX1_19456_24064.jpg,TCGA-WS-AB45,TCGA-WS-AB45-01Z-00-DX1,1,0.43693033,0
tumour/TCGA-WS-AB45-01Z-00-DX1_19456_24576.jpg,TCGA-WS-AB45,TCGA-WS-AB45-01Z-00-DX1,1,0.29657683,0
tumour/TCGA-WS-AB45-01Z-00-DX1_19456_27136.jpg,TCGA-WS-AB45,TCGA-WS-AB45-01Z-00-DX1,1,0.8470166,1
tumour/TCGA-WS-AB45-01Z-00-DX1_19456_28160.jpg,TCGA-WS-AB45,TCGA-WS-AB45-01Z-00-DX1,1,0.46898735,0
tumour/TCGA-WS-AB45-01Z-00-DX1_19456_29696.jpg,TCGA-WS-AB45,TCGA-WS-AB45-01Z-00-DX1,1,0.31755093,0
tumour/TCGA-WS-AB45-01Z-00-DX1_19456_31232.jpg,TCGA-WS-AB45,TCGA-WS-AB45-01Z-00-DX1,1,0.6357948,1
tumour/TCGA-WS-AB45-01Z-00-DX1_19456_31744.jpg,TCGA-WS-AB45,TCGA-WS-AB45-01Z-00-DX1,1,0.020559259,0
tumour/TCGA-WS-AB45-01Z-00-DX1_19456_6656.jpg,TCGA-WS-AB45,TCGA-WS-AB45-01Z-00-DX1,1,0.62446105,1
tumour/TCGA-WS-AB45-01Z-00-DX1_19456_7680.jpg,TCGA-WS-AB45,TCGA-WS-AB45-01Z-00-DX1,1,0.9123178,1
tumour/TCGA-WS-AB45-01Z-00-DX1_19456_8704.jpg,TCGA-WS-AB45,TCGA-WS-AB45-01Z-00-DX1,1,0.80063397,1
tumour/TCGA-WS-AB45-01Z-00-DX1_19968_10752.jpg,TCGA-WS-AB45,TCGA-WS-AB45-01Z-00-DX1,1,0.5923205,1
tumour/TCGA-WS-AB45-01Z-00-DX1_19968_11776.jpg,TCGA-WS-AB45,TCGA-WS-AB45-01Z-00-DX1,1,0.021029472,0
tumour/TCGA-WS-AB45-01Z-00-DX1_19968_14848.jpg,TCGA-WS-AB45,TCGA-WS-AB45-01Z-00-DX1,1,0.8922727,1
tumour/TCGA-WS-AB45-01Z-00-DX1_19968_16896.jpg,TCGA-WS-AB45,TCGA-WS-AB45-01Z-00-DX1,1,0.118338004,0
tumour/TCGA-WS-AB45-01Z-00-DX1_19968_17408.jpg,TCGA-WS-AB45,TCGA-WS-AB45-01Z-00-DX1,1,0.49796116,0
tumour/TCGA-WS-AB45-01Z-00-DX1_19968_17920.jpg,TCGA-WS-AB45,TCGA-WS-AB45-01Z-00-DX1,1,0.40845957,0
tumour/TCGA-WS-AB45-01Z-00-DX1_19968_18432.jpg,TCGA-WS-AB45,TCGA-WS-AB45-01Z-00-DX1,1,0.43613476,0
tumour/TCGA-WS-AB45-01Z-00-DX1_19968_19456.jpg,TCGA-WS-AB45,TCGA-WS-AB45-01Z-00-DX1,1,0.089064315,0
tumour/TCGA-WS-AB45-01Z-00-DX1_19968_19968.jpg,TCGA-WS-AB45,TCGA-WS-AB45-01Z-00-DX1,1,0.54572725,1
tumour/TCGA-WS-AB45-01Z-00-DX1_19968_21504.jpg,TCGA-WS-AB45,TCGA-WS-AB45-01Z-00-DX1,1,0.5232533,1
tumour/TCGA-WS-AB45-01Z-00-DX1_19968_22528.jpg,TCGA-WS-AB45,TCGA-WS-AB45-01Z-00-DX1,1,0.64434266,1
tumour/TCGA-WS-AB45-01Z-00-DX1_19968_23040.jpg,TCGA-WS-AB45,TCGA-WS-AB45-01Z-00-DX1,1,0.1094981,0
tumour/TCGA-WS-AB45-01Z-00-DX1_19968_23552.jpg,TCGA-WS-AB45,TCGA-WS-AB45-01Z-00-DX1,1,0.6723064,1
tumour/TCGA-WS-AB45-01Z-00-DX1_19968_25088.jpg,TCGA-WS-AB45,TCGA-WS-AB45-01Z-00-DX1,1,0.9807163,1
tumour/TCGA-WS-AB45-01Z-00-DX1_19968_25600.jpg,TCGA-WS-AB45,TCGA-WS-AB45-01Z-00-DX1,1,0.32371074,0
tumour/TCGA-WS-AB45-01Z-00-DX1_19968_27136.jpg,TCGA-WS-AB45,TCGA-WS-AB45-01Z-00-DX1,1,0.69954026,1
tumour/TCGA-WS-AB45-01Z-00-DX1_19968_27648.jpg,TCGA-WS-AB45,TCGA-WS-AB45-01Z-00-DX1,1,0.7375845,1
tumour/TCGA-WS-AB45-01Z-00-DX1_19968_30208.jpg,TCGA-WS-AB45,TCGA-WS-AB45-01Z-00-DX1,1,0.47914565,0
tumour/TCGA-WS-AB45-01Z-00-DX1_19968_31744.jpg,TCGA-WS-AB45,TCGA-WS-AB45-01Z-00-DX1,1,0.7849562,1
tumour/TCGA-WS-AB45-01Z-00-DX1_19968_5632.jpg,TCGA-WS-AB45,TCGA-WS-AB45-01Z-00-DX1,1,0.71599716,1
tumour/TCGA-WS-AB45-01Z-00-DX1_19968_6144.jpg,TCGA-WS-AB45,TCGA-WS-AB45-01Z-00-DX1,1,0.934632,1
tumour/TCGA-WS-AB45-01Z-00-DX1_19968_7168.jpg,TCGA-WS-AB45,TCGA-WS-AB45-01Z-00-DX1,1,0.9501847,1
tumour/TCGA-WS-AB45-01Z-00-DX1_20480_10240.jpg,TCGA-WS-AB45,TCGA-WS-AB45-01Z-00-DX1,1,0.5987367,1
tumour/TCGA-WS-AB45-01Z-00-DX1_20480_11776.jpg,TCGA-WS-AB45,TCGA-WS-AB45-01Z-00-DX1,1,0.19793864,0
tumour/TCGA-WS-AB45-01Z-00-DX1_20480_12288.jpg,TCGA-WS-AB45,TCGA-WS-AB45-01Z-00-DX1,1,0.004568212,0
tumour/TCGA-WS-AB45-01Z-00-DX1_20480_14336.jpg,TCGA-WS-AB45,TCGA-WS-AB45-01Z-00-DX1,1,0.2183364,0
tumour/TCGA-WS-AB45-01Z-00-DX1_20480_14848.jpg,TCGA-WS-AB45,TCGA-WS-AB45-01Z-00-DX1,1,0.9748936,1
tumour/TCGA-WS-AB45-01Z-00-DX1_20480_17408.jpg,TCGA-WS-AB45,TCGA-WS-AB45-01Z-00-DX1,1,0.16053027,0
tumour/TCGA-WS-AB45-01Z-00-DX1_20480_18944.jpg,TCGA-WS-AB45,TCGA-WS-AB45-01Z-00-DX1,1,0.377114,0
tumour/TCGA-WS-AB45-01Z-00-DX1_20480_20480.jpg,TCGA-WS-AB45,TCGA-WS-AB45-01Z-00-DX1,1,0.8474409,1
tumour/TCGA-WS-AB45-01Z-00-DX1_20480_22016.jpg,TCGA-WS-AB45,TCGA-WS-AB45-01Z-00-DX1,1,0.8041148,1
tumour/TCGA-WS-AB45-01Z-00-DX1_20480_23040.jpg,TCGA-WS-AB45,TCGA-WS-AB45-01Z-00-DX1,1,0.6674545,1
tumour/TCGA-WS-AB45-01Z-00-DX1_20480_23552.jpg,TCGA-WS-AB45,TCGA-WS-AB45-01Z-00-DX1,1,0.29894355,0
tumour/TCGA-WS-AB45-01Z-00-DX1_20480_24064.jpg,TCGA-WS-AB45,TCGA-WS-AB45-01Z-00-DX1,1,0.6587884,1
tumour/TCGA-WS-AB45-01Z-00-DX1_20480_24576.jpg,TCGA-WS-AB45,TCGA-WS-AB45-01Z-00-DX1,1,0.07910149,0
tumour/TCGA-WS-AB45-01Z-00-DX1_20480_25088.jpg,TCGA-WS-AB45,TCGA-WS-AB45-01Z-00-DX1,1,0.96415484,1
tumour/TCGA-WS-AB45-01Z-00-DX1_20480_26112.jpg,TCGA-WS-AB45,TCGA-WS-AB45-01Z-00-DX1,1,0.32267362,0
tumour/TCGA-WS-AB45-01Z-00-DX1_20480_29696.jpg,TCGA-WS-AB45,TCGA-WS-AB45-01Z-00-DX1,1,0.7983982,1
tumour/TCGA-WS-AB45-01Z-00-DX1_20480_30208.jpg,TCGA-WS-AB45,TCGA-WS-AB45-01Z-00-DX1,1,0.9848304,1
tumour/TCGA-WS-AB45-01Z-00-DX1_20480_30720.jpg,TCGA-WS-AB45,TCGA-WS-AB45-01Z-00-DX1,1,0.9553132,1
tumour/TCGA-WS-AB45-01Z-00-DX1_20480_31232.jpg,TCGA-WS-AB45,TCGA-WS-AB45-01Z-00-DX1,1,0.53822106,1
tumour/TCGA-WS-AB45-01Z-00-DX1_20480_31744.jpg,TCGA-WS-AB45,TCGA-WS-AB45-01Z-00-DX1,1,0.18201981,0
tumour/TCGA-WS-AB45-01Z-00-DX1_20480_6144.jpg,TCGA-WS-AB45,TCGA-WS-AB45-01Z-00-DX1,1,0.87383354,1
tumour/TCGA-WS-AB45-01Z-00-DX1_20480_6656.jpg,TCGA-WS-AB45,TCGA-WS-AB45-01Z-00-DX1,1,0.642992,1
tumour/TCGA-WS-AB45-01Z-00-DX1_20480_8192.jpg,TCGA-WS-AB45,TCGA-WS-AB45-01Z-00-DX1,1,0.6947831,1
tumour/TCGA-WS-AB45-01Z-00-DX1_20480_8704.jpg,TCGA-WS-AB45,TCGA-WS-AB45-01Z-00-DX1,1,0.7822055,1
tumour/TCGA-WS-AB45-01Z-00-DX1_20480_9728.jpg,TCGA-WS-AB45,TCGA-WS-AB45-01Z-00-DX1,1,0.5264676,1
tumour/TCGA-WS-AB45-01Z-00-DX1_2048_36352.jpg,TCGA-WS-AB45,TCGA-WS-AB45-01Z-00-DX1,1,0.9791542,1
tumour/TCGA-WS-AB45-01Z-00-DX1_20992_11264.jpg,TCGA-WS-AB45,TCGA-WS-AB45-01Z-00-DX1,1,0.5564424,1
tumour/TCGA-WS-AB45-01Z-00-DX1_20992_12288.jpg,TCGA-WS-AB45,TCGA-WS-AB45-01Z-00-DX1,1,0.22453868,0
tumour/TCGA-WS-AB45-01Z-00-DX1_20992_12800.jpg,TCGA-WS-AB45,TCGA-WS-AB45-01Z-00-DX1,1,0.80790937,1
tumour/TCGA-WS-AB45-01Z-00-DX1_20992_14848.jpg,TCGA-WS-AB45,TCGA-WS-AB45-01Z-00-DX1,1,0.29743424,0
tumour/TCGA-WS-AB45-01Z-00-DX1_20992_18944.jpg,TCGA-WS-AB45,TCGA-WS-AB45-01Z-00-DX1,1,0.91292775,1
tumour/TCGA-WS-AB45-01Z-00-DX1_20992_19456.jpg,TCGA-WS-AB45,TCGA-WS-AB45-01Z-00-DX1,1,0.9448765,1
tumour/TCGA-WS-AB45-01Z-00-DX1_20992_20992.jpg,TCGA-WS-AB45,TCGA-WS-AB45-01Z-00-DX1,1,0.98339236,1
tumour/TCGA-WS-AB45-01Z-00-DX1_20992_22016.jpg,TCGA-WS-AB45,TCGA-WS-AB45-01Z-00-DX1,1,0.80728376,1
tumour/TCGA-WS-AB45-01Z-00-DX1_20992_22528.jpg,TCGA-WS-AB45,TCGA-WS-AB45-01Z-00-DX1,1,0.78123575,1
tumour/TCGA-WS-AB45-01Z-00-DX1_20992_24064.jpg,TCGA-WS-AB45,TCGA-WS-AB45-01Z-00-DX1,1,0.88456804,1
tumour/TCGA-WS-AB45-01Z-00-DX1_20992_25088.jpg,TCGA-WS-AB45,TCGA-WS-AB45-01Z-00-DX1,1,0.9377534,1
tumour/TCGA-WS-AB45-01Z-00-DX1_20992_27136.jpg,TCGA-WS-AB45,TCGA-WS-AB45-01Z-00-DX1,1,0.63273805,1
tumour/TCGA-WS-AB45-01Z-00-DX1_20992_28672.jpg,TCGA-WS-AB45,TCGA-WS-AB45-01Z-00-DX1,1,0.9847744,1
tumour/TCGA-WS-AB45-01Z-00-DX1_20992_30208.jpg,TCGA-WS-AB45,TCGA-WS-AB45-01Z-00-DX1,1,0.7989797,1
tumour/TCGA-WS-AB45-01Z-00-DX1_20992_31232.jpg,TCGA-WS-AB45,TCGA-WS-AB45-01Z-00-DX1,1,0.1778156,0
tumour/TCGA-WS-AB45-01Z-00-DX1_20992_31744.jpg,TCGA-WS-AB45,TCGA-WS-AB45-01Z-00-DX1,1,0.031394888,0
tumour/TCGA-WS-AB45-01Z-00-DX1_20992_32256.jpg,TCGA-WS-AB45,TCGA-WS-AB45-01Z-00-DX1,1,0.87519425,1
tumour/TCGA-WS-AB45-01Z-00-DX1_20992_4096.jpg,TCGA-WS-AB45,TCGA-WS-AB45-01Z-00-DX1,1,0.9583095,1
tumour/TCGA-WS-AB45-01Z-00-DX1_20992_5120.jpg,TCGA-WS-AB45,TCGA-WS-AB45-01Z-00-DX1,1,0.27867168,0
tumour/TCGA-WS-AB45-01Z-00-DX1_20992_7168.jpg,TCGA-WS-AB45,TCGA-WS-AB45-01Z-00-DX1,1,0.8776235,1
tumour/TCGA-WS-AB45-01Z-00-DX1_20992_8704.jpg,TCGA-WS-AB45,TCGA-WS-AB45-01Z-00-DX1,1,0.67772174,1
tumour/TCGA-WS-AB45-01Z-00-DX1_20992_9216.jpg,TCGA-WS-AB45,TCGA-WS-AB45-01Z-00-DX1,1,0.5522497,1
tumour/TCGA-WS-AB45-01Z-00-DX1_20992_9728.jpg,TCGA-WS-AB45,TCGA-WS-AB45-01Z-00-DX1,1,0.7240253,1
tumour/TCGA-WS-AB45-01Z-00-DX1_21504_10240.jpg,TCGA-WS-AB45,TCGA-WS-AB45-01Z-00-DX1,1,0.61926854,1
tumour/TCGA-WS-AB45-01Z-00-DX1_21504_10752.jpg,TCGA-WS-AB45,TCGA-WS-AB45-01Z-00-DX1,1,0.47380492,0
tumour/TCGA-WS-AB45-01Z-00-DX1_21504_11264.jpg,TCGA-WS-AB45,TCGA-WS-AB45-01Z-00-DX1,1,0.7315298,1
tumour/TCGA-WS-AB45-01Z-00-DX1_21504_11776.jpg,TCGA-WS-AB45,TCGA-WS-AB45-01Z-00-DX1,1,0.7751295,1
tumour/TCGA-WS-AB45-01Z-00-DX1_21504_12288.jpg,TCGA-WS-AB45,TCGA-WS-AB45-01Z-00-DX1,1,0.56385416,1
tumour/TCGA-WS-AB45-01Z-00-DX1_21504_12800.jpg,TCGA-WS-AB45,TCGA-WS-AB45-01Z-00-DX1,1,0.8056351,1
tumour/TCGA-WS-AB45-01Z-00-DX1_21504_13312.jpg,TCGA-WS-AB45,TCGA-WS-AB45-01Z-00-DX1,1,0.11997275,0
tumour/TCGA-WS-AB45-01Z-00-DX1_21504_14336.jpg,TCGA-WS-AB45,TCGA-WS-AB45-01Z-00-DX1,1,0.2106653,0
tumour/TCGA-WS-AB45-01Z-00-DX1_21504_14848.jpg,TCGA-WS-AB45,TCGA-WS-AB45-01Z-00-DX1,1,0.23223892,0
tumour/TCGA-WS-AB45-01Z-00-DX1_21504_17920.jpg,TCGA-WS-AB45,TCGA-WS-AB45-01Z-00-DX1,1,0.011209138,0
tumour/TCGA-WS-AB45-01Z-00-DX1_21504_18944.jpg,TCGA-WS-AB45,TCGA-WS-AB45-01Z-00-DX1,1,0.5573635,1
tumour/TCGA-WS-AB45-01Z-00-DX1_21504_23040.jpg,TCGA-WS-AB45,TCGA-WS-AB45-01Z-00-DX1,1,0.88565266,1
tumour/TCGA-WS-AB45-01Z-00-DX1_21504_23552.jpg,TCGA-WS-AB45,TCGA-WS-AB45-01Z-00-DX1,1,0.93871754,1
tumour/TCGA-WS-AB45-01Z-00-DX1_21504_24064.jpg,TCGA-WS-AB45,TCGA-WS-AB45-01Z-00-DX1,1,0.97547215,1
tumour/TCGA-WS-AB45-01Z-00-DX1_21504_24576.jpg,TCGA-WS-AB45,TCGA-WS-AB45-01Z-00-DX1,1,0.18762341,0
tumour/TCGA-WS-AB45-01Z-00-DX1_21504_26112.jpg,TCGA-WS-AB45,TCGA-WS-AB45-01Z-00-DX1,1,0.60065556,1
tumour/TCGA-WS-AB45-01Z-00-DX1_21504_26624.jpg,TCGA-WS-AB45,TCGA-WS-AB45-01Z-00-DX1,1,0.97250766,1
tumour/TCGA-WS-AB45-01Z-00-DX1_21504_28160.jpg,TCGA-WS-AB45,TCGA-WS-AB45-01Z-00-DX1,1,0.9867404,1
tumour/TCGA-WS-AB45-01Z-00-DX1_21504_29696.jpg,TCGA-WS-AB45,TCGA-WS-AB45-01Z-00-DX1,1,0.9407898,1
tumour/TCGA-WS-AB45-01Z-00-DX1_21504_30720.jpg,TCGA-WS-AB45,TCGA-WS-AB45-01Z-00-DX1,1,0.12283594,0
tumour/TCGA-WS-AB45-01Z-00-DX1_21504_31232.jpg,TCGA-WS-AB45,TCGA-WS-AB45-01Z-00-DX1,1,0.07859711,0
tumour/TCGA-WS-AB45-01Z-00-DX1_21504_32256.jpg,TCGA-WS-AB45,TCGA-WS-AB45-01Z-00-DX1,1,0.023673117,0
tumour/TCGA-WS-AB45-01Z-00-DX1_21504_5120.jpg,TCGA-WS-AB45,TCGA-WS-AB45-01Z-00-DX1,1,0.7913079,1
tumour/TCGA-WS-AB45-01Z-00-DX1_21504_6144.jpg,TCGA-WS-AB45,TCGA-WS-AB45-01Z-00-DX1,1,0.0751098,0
tumour/TCGA-WS-AB45-01Z-00-DX1_21504_8192.jpg,TCGA-WS-AB45,TCGA-WS-AB45-01Z-00-DX1,1,0.43073788,0
tumour/TCGA-WS-AB45-01Z-00-DX1_21504_8704.jpg,TCGA-WS-AB45,TCGA-WS-AB45-01Z-00-DX1,1,0.49195662,0
tumour/TCGA-WS-AB45-01Z-00-DX1_21504_9728.jpg,TCGA-WS-AB45,TCGA-WS-AB45-01Z-00-DX1,1,0.945018,1
tumour/TCGA-WS-AB45-01Z-00-DX1_22016_10240.jpg,TCGA-WS-AB45,TCGA-WS-AB45-01Z-00-DX1,1,0.963408,1
tumour/TCGA-WS-AB45-01Z-00-DX1_22016_11264.jpg,TCGA-WS-AB45,TCGA-WS-AB45-01Z-00-DX1,1,0.04101973,0
tumour/TCGA-WS-AB45-01Z-00-DX1_22016_11776.jpg,TCGA-WS-AB45,TCGA-WS-AB45-01Z-00-DX1,1,0.5102197,1
tumour/TCGA-WS-AB45-01Z-00-DX1_22016_12800.jpg,TCGA-WS-AB45,TCGA-WS-AB45-01Z-00-DX1,1,0.39457104,0
tumour/TCGA-WS-AB45-01Z-00-DX1_22016_19968.jpg,TCGA-WS-AB45,TCGA-WS-AB45-01Z-00-DX1,1,0.9600176,1
tumour/TCGA-WS-AB45-01Z-00-DX1_22016_20480.jpg,TCGA-WS-AB45,TCGA-WS-AB45-01Z-00-DX1,1,0.7485129,1
tumour/TCGA-WS-AB45-01Z-00-DX1_22016_22528.jpg,TCGA-WS-AB45,TCGA-WS-AB45-01Z-00-DX1,1,0.9379854,1
tumour/TCGA-WS-AB45-01Z-00-DX1_22016_23552.jpg,TCGA-WS-AB45,TCGA-WS-AB45-01Z-00-DX1,1,0.8889399,1
tumour/TCGA-WS-AB45-01Z-00-DX1_22016_27648.jpg,TCGA-WS-AB45,TCGA-WS-AB45-01Z-00-DX1,1,0.93945575,1
tumour/TCGA-WS-AB45-01Z-00-DX1_22016_29696.jpg,TCGA-WS-AB45,TCGA-WS-AB45-01Z-00-DX1,1,0.5188602,1
tumour/TCGA-WS-AB45-01Z-00-DX1_22016_30208.jpg,TCGA-WS-AB45,TCGA-WS-AB45-01Z-00-DX1,1,0.9801807,1
tumour/TCGA-WS-AB45-01Z-00-DX1_22016_30720.jpg,TCGA-WS-AB45,TCGA-WS-AB45-01Z-00-DX1,1,0.63998175,1
tumour/TCGA-WS-AB45-01Z-00-DX1_22016_31232.jpg,TCGA-WS-AB45,TCGA-WS-AB45-01Z-00-DX1,1,0.5904894,1
tumour/TCGA-WS-AB45-01Z-00-DX1_22016_31744.jpg,TCGA-WS-AB45,TCGA-WS-AB45-01Z-00-DX1,1,0.40546402,0
tumour/TCGA-WS-AB45-01Z-00-DX1_22016_32256.jpg,TCGA-WS-AB45,TCGA-WS-AB45-01Z-00-DX1,1,0.123299494,0
tumour/TCGA-WS-AB45-01Z-00-DX1_22016_32768.jpg,TCGA-WS-AB45,TCGA-WS-AB45-01Z-00-DX1,1,0.9285629,1
tumour/TCGA-WS-AB45-01Z-00-DX1_22016_4608.jpg,TCGA-WS-AB45,TCGA-WS-AB45-01Z-00-DX1,1,0.40456104,0
tumour/TCGA-WS-AB45-01Z-00-DX1_22016_5120.jpg,TCGA-WS-AB45,TCGA-WS-AB45-01Z-00-DX1,1,0.5787181,1
tumour/TCGA-WS-AB45-01Z-00-DX1_22016_6144.jpg,TCGA-WS-AB45,TCGA-WS-AB45-01Z-00-DX1,1,0.7761272,1
tumour/TCGA-WS-AB45-01Z-00-DX1_22016_6656.jpg,TCGA-WS-AB45,TCGA-WS-AB45-01Z-00-DX1,1,0.8508329,1
tumour/TCGA-WS-AB45-01Z-00-DX1_22016_7680.jpg,TCGA-WS-AB45,TCGA-WS-AB45-01Z-00-DX1,1,0.97339004,1
tumour/TCGA-WS-AB45-01Z-00-DX1_22528_10240.jpg,TCGA-WS-AB45,TCGA-WS-AB45-01Z-00-DX1,1,0.36005405,0
tumour/TCGA-WS-AB45-01Z-00-DX1_22528_11776.jpg,TCGA-WS-AB45,TCGA-WS-AB45-01Z-00-DX1,1,0.28518137,0
tumour/TCGA-WS-AB45-01Z-00-DX1_22528_12288.jpg,TCGA-WS-AB45,TCGA-WS-AB45-01Z-00-DX1,1,0.21763684,0
tumour/TCGA-WS-AB45-01Z-00-DX1_22528_12800.jpg,TCGA-WS-AB45,TCGA-WS-AB45-01Z-00-DX1,1,0.52097416,1
tumour/TCGA-WS-AB45-01Z-00-DX1_22528_14336.jpg,TCGA-WS-AB45,TCGA-WS-AB45-01Z-00-DX1,1,0.36402997,0
tumour/TCGA-WS-AB45-01Z-00-DX1_22528_15360.jpg,TCGA-WS-AB45,TCGA-WS-AB45-01Z-00-DX1,1,0.042382654,0
tumour/TCGA-WS-AB45-01Z-00-DX1_22528_15872.jpg,TCGA-WS-AB45,TCGA-WS-AB45-01Z-00-DX1,1,0.5253798,1
tumour/TCGA-WS-AB45-01Z-00-DX1_22528_20480.jpg,TCGA-WS-AB45,TCGA-WS-AB45-01Z-00-DX1,1,0.647001,1
tumour/TCGA-WS-AB45-01Z-00-DX1_22528_20992.jpg,TCGA-WS-AB45,TCGA-WS-AB45-01Z-00-DX1,1,0.16877465,0
tumour/TCGA-WS-AB45-01Z-00-DX1_22528_29696.jpg,TCGA-WS-AB45,TCGA-WS-AB45-01Z-00-DX1,1,0.7681321,1
tumour/TCGA-WS-AB45-01Z-00-DX1_22528_30208.jpg,TCGA-WS-AB45,TCGA-WS-AB45-01Z-00-DX1,1,0.38281345,0
tumour/TCGA-WS-AB45-01Z-00-DX1_22528_31232.jpg,TCGA-WS-AB45,TCGA-WS-AB45-01Z-00-DX1,1,0.7276155,1
tumour/TCGA-WS-AB45-01Z-00-DX1_22528_3584.jpg,TCGA-WS-AB45,TCGA-WS-AB45-01Z-00-DX1,1,0.24385591,0
tumour/TCGA-WS-AB45-01Z-00-DX1_22528_4608.jpg,TCGA-WS-AB45,TCGA-WS-AB45-01Z-00-DX1,1,0.19710685,0
tumour/TCGA-WS-AB45-01Z-00-DX1_22528_5632.jpg,TCGA-WS-AB45,TCGA-WS-AB45-01Z-00-DX1,1,0.70978576,1
tumour/TCGA-WS-AB45-01Z-00-DX1_22528_6144.jpg,TCGA-WS-AB45,TCGA-WS-AB45-01Z-00-DX1,1,0.73769975,1
tumour/TCGA-WS-AB45-01Z-00-DX1_22528_7168.jpg,TCGA-WS-AB45,TCGA-WS-AB45-01Z-00-DX1,1,0.273445,0
tumour/TCGA-WS-AB45-01Z-00-DX1_22528_9728.jpg,TCGA-WS-AB45,TCGA-WS-AB45-01Z-00-DX1,1,0.5726727,1
tumour/TCGA-WS-AB45-01Z-00-DX1_23040_10240.jpg,TCGA-WS-AB45,TCGA-WS-AB45-01Z-00-DX1,1,0.017103482,0
tumour/TCGA-WS-AB45-01Z-00-DX1_23040_10752.jpg,TCGA-WS-AB45,TCGA-WS-AB45-01Z-00-DX1,1,0.39238775,0
tumour/TCGA-WS-AB45-01Z-00-DX1_23040_11264.jpg,TCGA-WS-AB45,TCGA-WS-AB45-01Z-00-DX1,1,0.84149486,1
tumour/TCGA-WS-AB45-01Z-00-DX1_23040_12800.jpg,TCGA-WS-AB45,TCGA-WS-AB45-01Z-00-DX1,1,0.26021975,0
tumour/TCGA-WS-AB45-01Z-00-DX1_23040_13312.jpg,TCGA-WS-AB45,TCGA-WS-AB45-01Z-00-DX1,1,0.1550797,0
tumour/TCGA-WS-AB45-01Z-00-DX1_23040_16384.jpg,TCGA-WS-AB45,TCGA-WS-AB45-01Z-00-DX1,1,0.35124522,0
tumour/TCGA-WS-AB45-01Z-00-DX1_23040_17920.jpg,TCGA-WS-AB45,TCGA-WS-AB45-01Z-00-DX1,1,0.097725086,0
tumour/TCGA-WS-AB45-01Z-00-DX1_23040_18432.jpg,TCGA-WS-AB45,TCGA-WS-AB45-01Z-00-DX1,1,0.4335943,0
tumour/TCGA-WS-AB45-01Z-00-DX1_23040_2560.jpg,TCGA-WS-AB45,TCGA-WS-AB45-01Z-00-DX1,1,0.5285935,1
tumour/TCGA-WS-AB45-01Z-00-DX1_23040_3072.jpg,TCGA-WS-AB45,TCGA-WS-AB45-01Z-00-DX1,1,0.7157556,1
tumour/TCGA-WS-AB45-01Z-00-DX1_23040_4096.jpg,TCGA-WS-AB45,TCGA-WS-AB45-01Z-00-DX1,1,0.96939933,1
tumour/TCGA-WS-AB45-01Z-00-DX1_23040_4608.jpg,TCGA-WS-AB45,TCGA-WS-AB45-01Z-00-DX1,1,0.6013007,1
tumour/TCGA-WS-AB45-01Z-00-DX1_23040_7168.jpg,TCGA-WS-AB45,TCGA-WS-AB45-01Z-00-DX1,1,0.48162383,0
tumour/TCGA-WS-AB45-01Z-00-DX1_23040_8704.jpg,TCGA-WS-AB45,TCGA-WS-AB45-01Z-00-DX1,1,0.79035795,1
tumour/TCGA-WS-AB45-01Z-00-DX1_23040_9728.jpg,TCGA-WS-AB45,TCGA-WS-AB45-01Z-00-DX1,1,0.4049773,0
tumour/TCGA-WS-AB45-01Z-00-DX1_23552_11264.jpg,TCGA-WS-AB45,TCGA-WS-AB45-01Z-00-DX1,1,0.57669485,1
tumour/TCGA-WS-AB45-01Z-00-DX1_23552_11776.jpg,TCGA-WS-AB45,TCGA-WS-AB45-01Z-00-DX1,1,0.556784,1
tumour/TCGA-WS-AB45-01Z-00-DX1_23552_12288.jpg,TCGA-WS-AB45,TCGA-WS-AB45-01Z-00-DX1,1,0.636956,1
tumour/TCGA-WS-AB45-01Z-00-DX1_23552_12800.jpg,TCGA-WS-AB45,TCGA-WS-AB45-01Z-00-DX1,1,0.5311569,1
tumour/TCGA-WS-AB45-01Z-00-DX1_23552_14848.jpg,TCGA-WS-AB45,TCGA-WS-AB45-01Z-00-DX1,1,0.70170814,1
tumour/TCGA-WS-AB45-01Z-00-DX1_23552_16384.jpg,TCGA-WS-AB45,TCGA-WS-AB45-01Z-00-DX1,1,0.4307661,0
tumour/TCGA-WS-AB45-01Z-00-DX1_23552_17920.jpg,TCGA-WS-AB45,TCGA-WS-AB45-01Z-00-DX1,1,0.09248501,0
tumour/TCGA-WS-AB45-01Z-00-DX1_23552_18432.jpg,TCGA-WS-AB45,TCGA-WS-AB45-01Z-00-DX1,1,0.5450644,1
tumour/TCGA-WS-AB45-01Z-00-DX1_23552_18944.jpg,TCGA-WS-AB45,TCGA-WS-AB45-01Z-00-DX1,1,0.2646617,0
tumour/TCGA-WS-AB45-01Z-00-DX1_23552_19456.jpg,TCGA-WS-AB45,TCGA-WS-AB45-01Z-00-DX1,1,0.55918574,1
tumour/TCGA-WS-AB45-01Z-00-DX1_23552_20992.jpg,TCGA-WS-AB45,TCGA-WS-AB45-01Z-00-DX1,1,0.15634365,0
tumour/TCGA-WS-AB45-01Z-00-DX1_23552_22016.jpg,TCGA-WS-AB45,TCGA-WS-AB45-01Z-00-DX1,1,0.31496266,0
tumour/TCGA-WS-AB45-01Z-00-DX1_23552_22528.jpg,TCGA-WS-AB45,TCGA-WS-AB45-01Z-00-DX1,1,0.39864847,0
tumour/TCGA-WS-AB45-01Z-00-DX1_23552_23040.jpg,TCGA-WS-AB45,TCGA-WS-AB45-01Z-00-DX1,1,0.43131113,0
tumour/TCGA-WS-AB45-01Z-00-DX1_23552_2560.jpg,TCGA-WS-AB45,TCGA-WS-AB45-01Z-00-DX1,1,0.7121133,1
tumour/TCGA-WS-AB45-01Z-00-DX1_23552_26624.jpg,TCGA-WS-AB45,TCGA-WS-AB45-01Z-00-DX1,1,0.22964107,0
tumour/TCGA-WS-AB45-01Z-00-DX1_23552_27136.jpg,TCGA-WS-AB45,TCGA-WS-AB45-01Z-00-DX1,1,0.47311804,0
tumour/TCGA-WS-AB45-01Z-00-DX1_23552_28672.jpg,TCGA-WS-AB45,TCGA-WS-AB45-01Z-00-DX1,1,0.8323984,1
tumour/TCGA-WS-AB45-01Z-00-DX1_23552_30720.jpg,TCGA-WS-AB45,TCGA-WS-AB45-01Z-00-DX1,1,0.7164364,1
tumour/TCGA-WS-AB45-01Z-00-DX1_23552_31232.jpg,TCGA-WS-AB45,TCGA-WS-AB45-01Z-00-DX1,1,0.47267875,0
tumour/TCGA-WS-AB45-01Z-00-DX1_23552_32256.jpg,TCGA-WS-AB45,TCGA-WS-AB45-01Z-00-DX1,1,0.11908207,0
tumour/TCGA-WS-AB45-01Z-00-DX1_23552_5120.jpg,TCGA-WS-AB45,TCGA-WS-AB45-01Z-00-DX1,1,0.76847696,1
tumour/TCGA-WS-AB45-01Z-00-DX1_23552_5632.jpg,TCGA-WS-AB45,TCGA-WS-AB45-01Z-00-DX1,1,0.52741873,1
tumour/TCGA-WS-AB45-01Z-00-DX1_23552_6144.jpg,TCGA-WS-AB45,TCGA-WS-AB45-01Z-00-DX1,1,0.38717362,0
tumour/TCGA-WS-AB45-01Z-00-DX1_23552_6656.jpg,TCGA-WS-AB45,TCGA-WS-AB45-01Z-00-DX1,1,0.6426806,1
tumour/TCGA-WS-AB45-01Z-00-DX1_23552_8192.jpg,TCGA-WS-AB45,TCGA-WS-AB45-01Z-00-DX1,1,0.83427197,1
tumour/TCGA-WS-AB45-01Z-00-DX1_23552_9216.jpg,TCGA-WS-AB45,TCGA-WS-AB45-01Z-00-DX1,1,0.8866249,1
tumour/TCGA-WS-AB45-01Z-00-DX1_23552_9728.jpg,TCGA-WS-AB45,TCGA-WS-AB45-01Z-00-DX1,1,0.64664334,1
tumour/TCGA-WS-AB45-01Z-00-DX1_24064_10752.jpg,TCGA-WS-AB45,TCGA-WS-AB45-01Z-00-DX1,1,0.15837929,0
tumour/TCGA-WS-AB45-01Z-00-DX1_24064_11264.jpg,TCGA-WS-AB45,TCGA-WS-AB45-01Z-00-DX1,1,0.12650098,0
tumour/TCGA-WS-AB45-01Z-00-DX1_24064_11776.jpg,TCGA-WS-AB45,TCGA-WS-AB45-01Z-00-DX1,1,0.7701503,1
tumour/TCGA-WS-AB45-01Z-00-DX1_24064_12800.jpg,TCGA-WS-AB45,TCGA-WS-AB45-01Z-00-DX1,1,0.21373461,0
tumour/TCGA-WS-AB45-01Z-00-DX1_24064_17408.jpg,TCGA-WS-AB45,TCGA-WS-AB45-01Z-00-DX1,1,0.6420515,1
tumour/TCGA-WS-AB45-01Z-00-DX1_24064_17920.jpg,TCGA-WS-AB45,TCGA-WS-AB45-01Z-00-DX1,1,0.25391048,0
tumour/TCGA-WS-AB45-01Z-00-DX1_24064_18432.jpg,TCGA-WS-AB45,TCGA-WS-AB45-01Z-00-DX1,1,0.067161515,0
tumour/TCGA-WS-AB45-01Z-00-DX1_24064_21504.jpg,TCGA-WS-AB45,TCGA-WS-AB45-01Z-00-DX1,1,0.7220007,1
tumour/TCGA-WS-AB45-01Z-00-DX1_24064_22528.jpg,TCGA-WS-AB45,TCGA-WS-AB45-01Z-00-DX1,1,0.7103898,1
tumour/TCGA-WS-AB45-01Z-00-DX1_24064_23552.jpg,TCGA-WS-AB45,TCGA-WS-AB45-01Z-00-DX1,1,0.67830706,1
tumour/TCGA-WS-AB45-01Z-00-DX1_24064_25088.jpg,TCGA-WS-AB45,TCGA-WS-AB45-01Z-00-DX1,1,0.96077555,1
tumour/TCGA-WS-AB45-01Z-00-DX1_24064_25600.jpg,TCGA-WS-AB45,TCGA-WS-AB45-01Z-00-DX1,1,0.78794354,1
tumour/TCGA-WS-AB45-01Z-00-DX1_24064_26624.jpg,TCGA-WS-AB45,TCGA-WS-AB45-01Z-00-DX1,1,0.94431597,1
tumour/TCGA-WS-AB45-01Z-00-DX1_24064_27136.jpg,TCGA-WS-AB45,TCGA-WS-AB45-01Z-00-DX1,1,0.60240114,1
tumour/TCGA-WS-AB45-01Z-00-DX1_24064_27648.jpg,TCGA-WS-AB45,TCGA-WS-AB45-01Z-00-DX1,1,0.8682978,1
tumour/TCGA-WS-AB45-01Z-00-DX1_24064_28160.jpg,TCGA-WS-AB45,TCGA-WS-AB45-01Z-00-DX1,1,0.54986894,1
tumour/TCGA-WS-AB45-01Z-00-DX1_24064_29184.jpg,TCGA-WS-AB45,TCGA-WS-AB45-01Z-00-DX1,1,0.7979928,1
tumour/TCGA-WS-AB45-01Z-00-DX1_24064_29696.jpg,TCGA-WS-AB45,TCGA-WS-AB45-01Z-00-DX1,1,0.59407336,1
tumour/TCGA-WS-AB45-01Z-00-DX1_24064_30208.jpg,TCGA-WS-AB45,TCGA-WS-AB45-01Z-00-DX1,1,0.80030316,1
tumour/TCGA-WS-AB45-01Z-00-DX1_24064_3072.jpg,TCGA-WS-AB45,TCGA-WS-AB45-01Z-00-DX1,1,0.57677615,1
tumour/TCGA-WS-AB45-01Z-00-DX1_24064_32256.jpg,TCGA-WS-AB45,TCGA-WS-AB45-01Z-00-DX1,1,0.77399546,1
tumour/TCGA-WS-AB45-01Z-00-DX1_24064_33280.jpg,TCGA-WS-AB45,TCGA-WS-AB45-01Z-00-DX1,1,0.14833416,0
tumour/TCGA-WS-AB45-01Z-00-DX1_24064_3584.jpg,TCGA-WS-AB45,TCGA-WS-AB45-01Z-00-DX1,1,0.01733468,0
tumour/TCGA-WS-AB45-01Z-00-DX1_24064_4608.jpg,TCGA-WS-AB45,TCGA-WS-AB45-01Z-00-DX1,1,0.053729076,0
tumour/TCGA-WS-AB45-01Z-00-DX1_24064_5632.jpg,TCGA-WS-AB45,TCGA-WS-AB45-01Z-00-DX1,1,0.1146902,0
tumour/TCGA-WS-AB45-01Z-00-DX1_24064_6656.jpg,TCGA-WS-AB45,TCGA-WS-AB45-01Z-00-DX1,1,0.067945294,0
tumour/TCGA-WS-AB45-01Z-00-DX1_24064_9216.jpg,TCGA-WS-AB45,TCGA-WS-AB45-01Z-00-DX1,1,0.97933275,1
tumour/TCGA-WS-AB45-01Z-00-DX1_24576_10240.jpg,TCGA-WS-AB45,TCGA-WS-AB45-01Z-00-DX1,1,0.5619031,1
tumour/TCGA-WS-AB45-01Z-00-DX1_24576_10752.jpg,TCGA-WS-AB45,TCGA-WS-AB45-01Z-00-DX1,1,0.15121956,0
tumour/TCGA-WS-AB45-01Z-00-DX1_24576_12288.jpg,TCGA-WS-AB45,TCGA-WS-AB45-01Z-00-DX1,1,0.78453314,1
tumour/TCGA-WS-AB45-01Z-00-DX1_24576_14848.jpg,TCGA-WS-AB45,TCGA-WS-AB45-01Z-00-DX1,1,0.51162136,1
tumour/TCGA-WS-AB45-01Z-00-DX1_24576_15360.jpg,TCGA-WS-AB45,TCGA-WS-AB45-01Z-00-DX1,1,0.48302537,0
tumour/TCGA-WS-AB45-01Z-00-DX1_24576_16384.jpg,TCGA-WS-AB45,TCGA-WS-AB45-01Z-00-DX1,1,0.37099624,0
tumour/TCGA-WS-AB45-01Z-00-DX1_24576_16896.jpg,TCGA-WS-AB45,TCGA-WS-AB45-01Z-00-DX1,1,0.3829671,0
tumour/TCGA-WS-AB45-01Z-00-DX1_24576_18944.jpg,TCGA-WS-AB45,TCGA-WS-AB45-01Z-00-DX1,1,0.019582976,0
tumour/TCGA-WS-AB45-01Z-00-DX1_24576_20992.jpg,TCGA-WS-AB45,TCGA-WS-AB45-01Z-00-DX1,1,0.17546551,0
tumour/TCGA-WS-AB45-01Z-00-DX1_24576_21504.jpg,TCGA-WS-AB45,TCGA-WS-AB45-01Z-00-DX1,1,0.4130597,0
tumour/TCGA-WS-AB45-01Z-00-DX1_24576_22528.jpg,TCGA-WS-AB45,TCGA-WS-AB45-01Z-00-DX1,1,0.7634248,1
tumour/TCGA-WS-AB45-01Z-00-DX1_24576_23552.jpg,TCGA-WS-AB45,TCGA-WS-AB45-01Z-00-DX1,1,0.5255255,1
tumour/TCGA-WS-AB45-01Z-00-DX1_24576_25600.jpg,TCGA-WS-AB45,TCGA-WS-AB45-01Z-00-DX1,1,0.7115437,1
tumour/TCGA-WS-AB45-01Z-00-DX1_24576_26112.jpg,TCGA-WS-AB45,TCGA-WS-AB45-01Z-00-DX1,1,0.7186238,1
tumour/TCGA-WS-AB45-01Z-00-DX1_24576_27136.jpg,TCGA-WS-AB45,TCGA-WS-AB45-01Z-00-DX1,1,0.42605636,0
tumour/TCGA-WS-AB45-01Z-00-DX1_24576_27648.jpg,TCGA-WS-AB45,TCGA-WS-AB45-01Z-00-DX1,1,0.5744027,1
tumour/TCGA-WS-AB45-01Z-00-DX1_24576_28160.jpg,TCGA-WS-AB45,TCGA-WS-AB45-01Z-00-DX1,1,0.95013016,1
tumour/TCGA-WS-AB45-01Z-00-DX1_24576_29696.jpg,TCGA-WS-AB45,TCGA-WS-AB45-01Z-00-DX1,1,0.80914074,1
tumour/TCGA-WS-AB45-01Z-00-DX1_24576_3072.jpg,TCGA-WS-AB45,TCGA-WS-AB45-01Z-00-DX1,1,0.64059335,1
tumour/TCGA-WS-AB45-01Z-00-DX1_24576_32256.jpg,TCGA-WS-AB45,TCGA-WS-AB45-01Z-00-DX1,1,0.44136024,0
tumour/TCGA-WS-AB45-01Z-00-DX1_24576_32768.jpg,TCGA-WS-AB45,TCGA-WS-AB45-01Z-00-DX1,1,0.8335769,1
tumour/TCGA-WS-AB45-01Z-00-DX1_24576_33280.jpg,TCGA-WS-AB45,TCGA-WS-AB45-01Z-00-DX1,1,0.6341556,1
tumour/TCGA-WS-AB45-01Z-00-DX1_24576_3584.jpg,TCGA-WS-AB45,TCGA-WS-AB45-01Z-00-DX1,1,0.6213207,1
tumour/TCGA-WS-AB45-01Z-00-DX1_24576_4096.jpg,TCGA-WS-AB45,TCGA-WS-AB45-01Z-00-DX1,1,0.0140219545,0
tumour/TCGA-WS-AB45-01Z-00-DX1_24576_4608.jpg,TCGA-WS-AB45,TCGA-WS-AB45-01Z-00-DX1,1,0.078609444,0
tumour/TCGA-WS-AB45-01Z-00-DX1_24576_5632.jpg,TCGA-WS-AB45,TCGA-WS-AB45-01Z-00-DX1,1,0.57692194,1
tumour/TCGA-WS-AB45-01Z-00-DX1_24576_6656.jpg,TCGA-WS-AB45,TCGA-WS-AB45-01Z-00-DX1,1,0.809419,1
tumour/TCGA-WS-AB45-01Z-00-DX1_24576_7168.jpg,TCGA-WS-AB45,TCGA-WS-AB45-01Z-00-DX1,1,0.96183276,1
tumour/TCGA-WS-AB45-01Z-00-DX1_24576_7680.jpg,TCGA-WS-AB45,TCGA-WS-AB45-01Z-00-DX1,1,0.93668175,1
tumour/TCGA-WS-AB45-01Z-00-DX1_24576_8192.jpg,TCGA-WS-AB45,TCGA-WS-AB45-01Z-00-DX1,1,0.86576986,1
tumour/TCGA-WS-AB45-01Z-00-DX1_24576_9728.jpg,TCGA-WS-AB45,TCGA-WS-AB45-01Z-00-DX1,1,0.5131978,1
tumour/TCGA-WS-AB45-01Z-00-DX1_25088_10752.jpg,TCGA-WS-AB45,TCGA-WS-AB45-01Z-00-DX1,1,0.3649628,0
tumour/TCGA-WS-AB45-01Z-00-DX1_25088_11776.jpg,TCGA-WS-AB45,TCGA-WS-AB45-01Z-00-DX1,1,0.22306772,0
tumour/TCGA-WS-AB45-01Z-00-DX1_25088_12288.jpg,TCGA-WS-AB45,TCGA-WS-AB45-01Z-00-DX1,1,0.28584135,0
tumour/TCGA-WS-AB45-01Z-00-DX1_25088_13824.jpg,TCGA-WS-AB45,TCGA-WS-AB45-01Z-00-DX1,1,0.5884556,1
tumour/TCGA-WS-AB45-01Z-00-DX1_25088_15872.jpg,TCGA-WS-AB45,TCGA-WS-AB45-01Z-00-DX1,1,0.7418171,1
tumour/TCGA-WS-AB45-01Z-00-DX1_25088_16896.jpg,TCGA-WS-AB45,TCGA-WS-AB45-01Z-00-DX1,1,0.3399467,0
tumour/TCGA-WS-AB45-01Z-00-DX1_25088_18432.jpg,TCGA-WS-AB45,TCGA-WS-AB45-01Z-00-DX1,1,0.10484344,0
tumour/TCGA-WS-AB45-01Z-00-DX1_25088_19456.jpg,TCGA-WS-AB45,TCGA-WS-AB45-01Z-00-DX1,1,0.5925446,1
tumour/TCGA-WS-AB45-01Z-00-DX1_25088_20480.jpg,TCGA-WS-AB45,TCGA-WS-AB45-01Z-00-DX1,1,0.9239879,1
tumour/TCGA-WS-AB45-01Z-00-DX1_25088_20992.jpg,TCGA-WS-AB45,TCGA-WS-AB45-01Z-00-DX1,1,0.071577795,0
tumour/TCGA-WS-AB45-01Z-00-DX1_25088_23040.jpg,TCGA-WS-AB45,TCGA-WS-AB45-01Z-00-DX1,1,0.28810292,0
tumour/TCGA-WS-AB45-01Z-00-DX1_25088_23552.jpg,TCGA-WS-AB45,TCGA-WS-AB45-01Z-00-DX1,1,0.9796322,1
tumour/TCGA-WS-AB45-01Z-00-DX1_25088_24064.jpg,TCGA-WS-AB45,TCGA-WS-AB45-01Z-00-DX1,1,0.8851782,1
tumour/TCGA-WS-AB45-01Z-00-DX1_25088_2560.jpg,TCGA-WS-AB45,TCGA-WS-AB45-01Z-00-DX1,1,0.9480714,1
tumour/TCGA-WS-AB45-01Z-00-DX1_25088_26112.jpg,TCGA-WS-AB45,TCGA-WS-AB45-01Z-00-DX1,1,0.42758065,0
tumour/TCGA-WS-AB45-01Z-00-DX1_25088_26624.jpg,TCGA-WS-AB45,TCGA-WS-AB45-01Z-00-DX1,1,0.809053,1
tumour/TCGA-WS-AB45-01Z-00-DX1_25088_27136.jpg,TCGA-WS-AB45,TCGA-WS-AB45-01Z-00-DX1,1,0.85697407,1
tumour/TCGA-WS-AB45-01Z-00-DX1_25088_28160.jpg,TCGA-WS-AB45,TCGA-WS-AB45-01Z-00-DX1,1,0.60952175,1
tumour/TCGA-WS-AB45-01Z-00-DX1_25088_29184.jpg,TCGA-WS-AB45,TCGA-WS-AB45-01Z-00-DX1,1,0.77034515,1
tumour/TCGA-WS-AB45-01Z-00-DX1_25088_29696.jpg,TCGA-WS-AB45,TCGA-WS-AB45-01Z-00-DX1,1,0.7269915,1
tumour/TCGA-WS-AB45-01Z-00-DX1_25088_31232.jpg,TCGA-WS-AB45,TCGA-WS-AB45-01Z-00-DX1,1,0.46674553,0
tumour/TCGA-WS-AB45-01Z-00-DX1_25088_31744.jpg,TCGA-WS-AB45,TCGA-WS-AB45-01Z-00-DX1,1,0.8596827,1
tumour/TCGA-WS-AB45-01Z-00-DX1_25088_33280.jpg,TCGA-WS-AB45,TCGA-WS-AB45-01Z-00-DX1,1,0.63776886,1
tumour/TCGA-WS-AB45-01Z-00-DX1_25088_3584.jpg,TCGA-WS-AB45,TCGA-WS-AB45-01Z-00-DX1,1,0.23282489,0
tumour/TCGA-WS-AB45-01Z-00-DX1_25088_4096.jpg,TCGA-WS-AB45,TCGA-WS-AB45-01Z-00-DX1,1,0.8474007,1
tumour/TCGA-WS-AB45-01Z-00-DX1_25088_5120.jpg,TCGA-WS-AB45,TCGA-WS-AB45-01Z-00-DX1,1,0.7856191,1
tumour/TCGA-WS-AB45-01Z-00-DX1_25088_6144.jpg,TCGA-WS-AB45,TCGA-WS-AB45-01Z-00-DX1,1,0.9195225,1
tumour/TCGA-WS-AB45-01Z-00-DX1_25088_6656.jpg,TCGA-WS-AB45,TCGA-WS-AB45-01Z-00-DX1,1,0.22917254,0
tumour/TCGA-WS-AB45-01Z-00-DX1_25088_7680.jpg,TCGA-WS-AB45,TCGA-WS-AB45-01Z-00-DX1,1,0.7858944,1
tumour/TCGA-WS-AB45-01Z-00-DX1_25088_8192.jpg,TCGA-WS-AB45,TCGA-WS-AB45-01Z-00-DX1,1,0.14537795,0
tumour/TCGA-WS-AB45-01Z-00-DX1_25088_8704.jpg,TCGA-WS-AB45,TCGA-WS-AB45-01Z-00-DX1,1,0.72408116,1
tumour/TCGA-WS-AB45-01Z-00-DX1_25088_9216.jpg,TCGA-WS-AB45,TCGA-WS-AB45-01Z-00-DX1,1,0.859184,1
tumour/TCGA-WS-AB45-01Z-00-DX1_25600_11264.jpg,TCGA-WS-AB45,TCGA-WS-AB45-01Z-00-DX1,1,0.38409552,0
tumour/TCGA-WS-AB45-01Z-00-DX1_25600_12800.jpg,TCGA-WS-AB45,TCGA-WS-AB45-01Z-00-DX1,1,0.27358204,0
tumour/TCGA-WS-AB45-01Z-00-DX1_25600_14336.jpg,TCGA-WS-AB45,TCGA-WS-AB45-01Z-00-DX1,1,0.103506476,0
tumour/TCGA-WS-AB45-01Z-00-DX1_25600_14848.jpg,TCGA-WS-AB45,TCGA-WS-AB45-01Z-00-DX1,1,0.8272174,1
tumour/TCGA-WS-AB45-01Z-00-DX1_25600_15360.jpg,TCGA-WS-AB45,TCGA-WS-AB45-01Z-00-DX1,1,0.21542819,0
tumour/TCGA-WS-AB45-01Z-00-DX1_25600_16384.jpg,TCGA-WS-AB45,TCGA-WS-AB45-01Z-00-DX1,1,0.8838395,1
tumour/TCGA-WS-AB45-01Z-00-DX1_25600_19456.jpg,TCGA-WS-AB45,TCGA-WS-AB45-01Z-00-DX1,1,0.8007889,1
tumour/TCGA-WS-AB45-01Z-00-DX1_25600_19968.jpg,TCGA-WS-AB45,TCGA-WS-AB45-01Z-00-DX1,1,0.5968502,1
tumour/TCGA-WS-AB45-01Z-00-DX1_25600_20992.jpg,TCGA-WS-AB45,TCGA-WS-AB45-01Z-00-DX1,1,0.6159396,1
tumour/TCGA-WS-AB45-01Z-00-DX1_25600_22016.jpg,TCGA-WS-AB45,TCGA-WS-AB45-01Z-00-DX1,1,0.66679853,1
tumour/TCGA-WS-AB45-01Z-00-DX1_25600_23040.jpg,TCGA-WS-AB45,TCGA-WS-AB45-01Z-00-DX1,1,0.9034596,1
tumour/TCGA-WS-AB45-01Z-00-DX1_25600_24576.jpg,TCGA-WS-AB45,TCGA-WS-AB45-01Z-00-DX1,1,0.9657328,1
tumour/TCGA-WS-AB45-01Z-00-DX1_25600_25088.jpg,TCGA-WS-AB45,TCGA-WS-AB45-01Z-00-DX1,1,0.7274236,1
tumour/TCGA-WS-AB45-01Z-00-DX1_25600_2560.jpg,TCGA-WS-AB45,TCGA-WS-AB45-01Z-00-DX1,1,0.9923844,1
tumour/TCGA-WS-AB45-01Z-00-DX1_25600_26112.jpg,TCGA-WS-AB45,TCGA-WS-AB45-01Z-00-DX1,1,0.08618309,0
tumour/TCGA-WS-AB45-01Z-00-DX1_25600_28160.jpg,TCGA-WS-AB45,TCGA-WS-AB45-01Z-00-DX1,1,0.8645593,1
tumour/TCGA-WS-AB45-01Z-00-DX1_25600_29696.jpg,TCGA-WS-AB45,TCGA-WS-AB45-01Z-00-DX1,1,0.6759121,1
tumour/TCGA-WS-AB45-01Z-00-DX1_25600_30208.jpg,TCGA-WS-AB45,TCGA-WS-AB45-01Z-00-DX1,1,0.7795358,1
tumour/TCGA-WS-AB45-01Z-00-DX1_25600_3072.jpg,TCGA-WS-AB45,TCGA-WS-AB45-01Z-00-DX1,1,0.928035,1
tumour/TCGA-WS-AB45-01Z-00-DX1_25600_30720.jpg,TCGA-WS-AB45,TCGA-WS-AB45-01Z-00-DX1,1,0.41495666,0
tumour/TCGA-WS-AB45-01Z-00-DX1_25600_32256.jpg,TCGA-WS-AB45,TCGA-WS-AB45-01Z-00-DX1,1,0.5598081,1
tumour/TCGA-WS-AB45-01Z-00-DX1_25600_32768.jpg,TCGA-WS-AB45,TCGA-WS-AB45-01Z-00-DX1,1,0.62505174,1
tumour/TCGA-WS-AB45-01Z-00-DX1_25600_33280.jpg,TCGA-WS-AB45,TCGA-WS-AB45-01Z-00-DX1,1,0.5648765,1
tumour/TCGA-WS-AB45-01Z-00-DX1_25600_33792.jpg,TCGA-WS-AB45,TCGA-WS-AB45-01Z-00-DX1,1,0.7780674,1
tumour/TCGA-WS-AB45-01Z-00-DX1_25600_4096.jpg,TCGA-WS-AB45,TCGA-WS-AB45-01Z-00-DX1,1,0.9064483,1
tumour/TCGA-WS-AB45-01Z-00-DX1_25600_5632.jpg,TCGA-WS-AB45,TCGA-WS-AB45-01Z-00-DX1,1,0.3220556,0
tumour/TCGA-WS-AB45-01Z-00-DX1_25600_8192.jpg,TCGA-WS-AB45,TCGA-WS-AB45-01Z-00-DX1,1,0.14242691,0
tumour/TCGA-WS-AB45-01Z-00-DX1_2560_34816.jpg,TCGA-WS-AB45,TCGA-WS-AB45-01Z-00-DX1,1,0.6640881,1
tumour/TCGA-WS-AB45-01Z-00-DX1_2560_35840.jpg,TCGA-WS-AB45,TCGA-WS-AB45-01Z-00-DX1,1,0.8101351,1
tumour/TCGA-WS-AB45-01Z-00-DX1_2560_36864.jpg,TCGA-WS-AB45,TCGA-WS-AB45-01Z-00-DX1,1,0.98519474,1
tumour/TCGA-WS-AB45-01Z-00-DX1_26112_13312.jpg,TCGA-WS-AB45,TCGA-WS-AB45-01Z-00-DX1,1,0.769089,1
tumour/TCGA-WS-AB45-01Z-00-DX1_26112_14336.jpg,TCGA-WS-AB45,TCGA-WS-AB45-01Z-00-DX1,1,0.19675805,0
tumour/TCGA-WS-AB45-01Z-00-DX1_26112_14848.jpg,TCGA-WS-AB45,TCGA-WS-AB45-01Z-00-DX1,1,0.8692622,1
tumour/TCGA-WS-AB45-01Z-00-DX1_26112_15360.jpg,TCGA-WS-AB45,TCGA-WS-AB45-01Z-00-DX1,1,0.3905017,0
tumour/TCGA-WS-AB45-01Z-00-DX1_26112_16384.jpg,TCGA-WS-AB45,TCGA-WS-AB45-01Z-00-DX1,1,0.07976671,0
tumour/TCGA-WS-AB45-01Z-00-DX1_26112_18432.jpg,TCGA-WS-AB45,TCGA-WS-AB45-01Z-00-DX1,1,0.30167675,0
tumour/TCGA-WS-AB45-01Z-00-DX1_26112_19456.jpg,TCGA-WS-AB45,TCGA-WS-AB45-01Z-00-DX1,1,0.75891584,1
tumour/TCGA-WS-AB45-01Z-00-DX1_26112_19968.jpg,TCGA-WS-AB45,TCGA-WS-AB45-01Z-00-DX1,1,0.49585482,0
tumour/TCGA-WS-AB45-01Z-00-DX1_26112_20992.jpg,TCGA-WS-AB45,TCGA-WS-AB45-01Z-00-DX1,1,0.35222474,0
tumour/TCGA-WS-AB45-01Z-00-DX1_26112_21504.jpg,TCGA-WS-AB45,TCGA-WS-AB45-01Z-00-DX1,1,0.9675376,1
tumour/TCGA-WS-AB45-01Z-00-DX1_26112_23040.jpg,TCGA-WS-AB45,TCGA-WS-AB45-01Z-00-DX1,1,0.7074449,1
tumour/TCGA-WS-AB45-01Z-00-DX1_26112_24064.jpg,TCGA-WS-AB45,TCGA-WS-AB45-01Z-00-DX1,1,0.64442563,1
tumour/TCGA-WS-AB45-01Z-00-DX1_26112_25600.jpg,TCGA-WS-AB45,TCGA-WS-AB45-01Z-00-DX1,1,0.6705757,1
tumour/TCGA-WS-AB45-01Z-00-DX1_26112_26112.jpg,TCGA-WS-AB45,TCGA-WS-AB45-01Z-00-DX1,1,0.671773,1
tumour/TCGA-WS-AB45-01Z-00-DX1_26112_27136.jpg,TCGA-WS-AB45,TCGA-WS-AB45-01Z-00-DX1,1,0.95047337,1
tumour/TCGA-WS-AB45-01Z-00-DX1_26112_27648.jpg,TCGA-WS-AB45,TCGA-WS-AB45-01Z-00-DX1,1,0.9315346,1
tumour/TCGA-WS-AB45-01Z-00-DX1_26112_29184.jpg,TCGA-WS-AB45,TCGA-WS-AB45-01Z-00-DX1,1,0.5048527,1
tumour/TCGA-WS-AB45-01Z-00-DX1_26112_3072.jpg,TCGA-WS-AB45,TCGA-WS-AB45-01Z-00-DX1,1,0.8918346,1
tumour/TCGA-WS-AB45-01Z-00-DX1_26112_30720.jpg,TCGA-WS-AB45,TCGA-WS-AB45-01Z-00-DX1,1,0.7278635,1
tumour/TCGA-WS-AB45-01Z-00-DX1_26112_31232.jpg,TCGA-WS-AB45,TCGA-WS-AB45-01Z-00-DX1,1,0.52987504,1
tumour/TCGA-WS-AB45-01Z-00-DX1_26112_31744.jpg,TCGA-WS-AB45,TCGA-WS-AB45-01Z-00-DX1,1,0.55928653,1
tumour/TCGA-WS-AB45-01Z-00-DX1_26112_32768.jpg,TCGA-WS-AB45,TCGA-WS-AB45-01Z-00-DX1,1,0.8339699,1
tumour/TCGA-WS-AB45-01Z-00-DX1_26112_33792.jpg,TCGA-WS-AB45,TCGA-WS-AB45-01Z-00-DX1,1,0.9677116,1
tumour/TCGA-WS-AB45-01Z-00-DX1_26112_3584.jpg,TCGA-WS-AB45,TCGA-WS-AB45-01Z-00-DX1,1,0.9928013,1
tumour/TCGA-WS-AB45-01Z-00-DX1_26112_6144.jpg,TCGA-WS-AB45,TCGA-WS-AB45-01Z-00-DX1,1,0.5256286,1
tumour/TCGA-WS-AB45-01Z-00-DX1_26112_7168.jpg,TCGA-WS-AB45,TCGA-WS-AB45-01Z-00-DX1,1,0.11154169,0
tumour/TCGA-WS-AB45-01Z-00-DX1_26112_8192.jpg,TCGA-WS-AB45,TCGA-WS-AB45-01Z-00-DX1,1,0.8289068,1
tumour/TCGA-WS-AB45-01Z-00-DX1_26112_8704.jpg,TCGA-WS-AB45,TCGA-WS-AB45-01Z-00-DX1,1,0.4048091,0
tumour/TCGA-WS-AB45-01Z-00-DX1_26112_9216.jpg,TCGA-WS-AB45,TCGA-WS-AB45-01Z-00-DX1,1,0.85315645,1
tumour/TCGA-WS-AB45-01Z-00-DX1_26112_9728.jpg,TCGA-WS-AB45,TCGA-WS-AB45-01Z-00-DX1,1,0.8091524,1
tumour/TCGA-WS-AB45-01Z-00-DX1_26624_10240.jpg,TCGA-WS-AB45,TCGA-WS-AB45-01Z-00-DX1,1,0.9430217,1
tumour/TCGA-WS-AB45-01Z-00-DX1_26624_10752.jpg,TCGA-WS-AB45,TCGA-WS-AB45-01Z-00-DX1,1,0.94859946,1
tumour/TCGA-WS-AB45-01Z-00-DX1_26624_11264.jpg,TCGA-WS-AB45,TCGA-WS-AB45-01Z-00-DX1,1,0.7252432,1
tumour/TCGA-WS-AB45-01Z-00-DX1_26624_12288.jpg,TCGA-WS-AB45,TCGA-WS-AB45-01Z-00-DX1,1,0.3172551,0
tumour/TCGA-WS-AB45-01Z-00-DX1_26624_13824.jpg,TCGA-WS-AB45,TCGA-WS-AB45-01Z-00-DX1,1,0.74006164,1
tumour/TCGA-WS-AB45-01Z-00-DX1_26624_15360.jpg,TCGA-WS-AB45,TCGA-WS-AB45-01Z-00-DX1,1,0.33186778,0
tumour/TCGA-WS-AB45-01Z-00-DX1_26624_16384.jpg,TCGA-WS-AB45,TCGA-WS-AB45-01Z-00-DX1,1,0.14748491,0
tumour/TCGA-WS-AB45-01Z-00-DX1_26624_17920.jpg,TCGA-WS-AB45,TCGA-WS-AB45-01Z-00-DX1,1,0.4762623,0
tumour/TCGA-WS-AB45-01Z-00-DX1_26624_18432.jpg,TCGA-WS-AB45,TCGA-WS-AB45-01Z-00-DX1,1,0.7822044,1
tumour/TCGA-WS-AB45-01Z-00-DX1_26624_20480.jpg,TCGA-WS-AB45,TCGA-WS-AB45-01Z-00-DX1,1,0.9274399,1
tumour/TCGA-WS-AB45-01Z-00-DX1_26624_23040.jpg,TCGA-WS-AB45,TCGA-WS-AB45-01Z-00-DX1,1,0.31755108,0
tumour/TCGA-WS-AB45-01Z-00-DX1_26624_23552.jpg,TCGA-WS-AB45,TCGA-WS-AB45-01Z-00-DX1,1,0.8470253,1
tumour/TCGA-WS-AB45-01Z-00-DX1_26624_24064.jpg,TCGA-WS-AB45,TCGA-WS-AB45-01Z-00-DX1,1,0.97315717,1
tumour/TCGA-WS-AB45-01Z-00-DX1_26624_24576.jpg,TCGA-WS-AB45,TCGA-WS-AB45-01Z-00-DX1,1,0.8860115,1
tumour/TCGA-WS-AB45-01Z-00-DX1_26624_25600.jpg,TCGA-WS-AB45,TCGA-WS-AB45-01Z-00-DX1,1,0.6809173,1
tumour/TCGA-WS-AB45-01Z-00-DX1_26624_26112.jpg,TCGA-WS-AB45,TCGA-WS-AB45-01Z-00-DX1,1,0.56495,1
tumour/TCGA-WS-AB45-01Z-00-DX1_26624_27136.jpg,TCGA-WS-AB45,TCGA-WS-AB45-01Z-00-DX1,1,0.9591193,1
tumour/TCGA-WS-AB45-01Z-00-DX1_26624_27648.jpg,TCGA-WS-AB45,TCGA-WS-AB45-01Z-00-DX1,1,0.46512276,0
tumour/TCGA-WS-AB45-01Z-00-DX1_26624_28160.jpg,TCGA-WS-AB45,TCGA-WS-AB45-01Z-00-DX1,1,0.25797158,0
tumour/TCGA-WS-AB45-01Z-00-DX1_26624_28672.jpg,TCGA-WS-AB45,TCGA-WS-AB45-01Z-00-DX1,1,0.9689211,1
tumour/TCGA-WS-AB45-01Z-00-DX1_26624_29696.jpg,TCGA-WS-AB45,TCGA-WS-AB45-01Z-00-DX1,1,0.18650034,0
tumour/TCGA-WS-AB45-01Z-00-DX1_26624_30720.jpg,TCGA-WS-AB45,TCGA-WS-AB45-01Z-00-DX1,1,0.92330843,1
tumour/TCGA-WS-AB45-01Z-00-DX1_26624_31232.jpg,TCGA-WS-AB45,TCGA-WS-AB45-01Z-00-DX1,1,0.6018744,1
tumour/TCGA-WS-AB45-01Z-00-DX1_26624_31744.jpg,TCGA-WS-AB45,TCGA-WS-AB45-01Z-00-DX1,1,0.8323304,1
tumour/TCGA-WS-AB45-01Z-00-DX1_26624_32256.jpg,TCGA-WS-AB45,TCGA-WS-AB45-01Z-00-DX1,1,0.74558073,1
tumour/TCGA-WS-AB45-01Z-00-DX1_26624_33280.jpg,TCGA-WS-AB45,TCGA-WS-AB45-01Z-00-DX1,1,0.7290095,1
tumour/TCGA-WS-AB45-01Z-00-DX1_26624_34304.jpg,TCGA-WS-AB45,TCGA-WS-AB45-01Z-00-DX1,1,0.07271325,0
tumour/TCGA-WS-AB45-01Z-00-DX1_26624_3584.jpg,TCGA-WS-AB45,TCGA-WS-AB45-01Z-00-DX1,1,0.98379886,1
tumour/TCGA-WS-AB45-01Z-00-DX1_26624_4096.jpg,TCGA-WS-AB45,TCGA-WS-AB45-01Z-00-DX1,1,0.3252821,0
tumour/TCGA-WS-AB45-01Z-00-DX1_26624_5120.jpg,TCGA-WS-AB45,TCGA-WS-AB45-01Z-00-DX1,1,0.6819634,1
tumour/TCGA-WS-AB45-01Z-00-DX1_26624_5632.jpg,TCGA-WS-AB45,TCGA-WS-AB45-01Z-00-DX1,1,0.9626667,1
tumour/TCGA-WS-AB45-01Z-00-DX1_26624_6656.jpg,TCGA-WS-AB45,TCGA-WS-AB45-01Z-00-DX1,1,0.6766569,1
tumour/TCGA-WS-AB45-01Z-00-DX1_26624_7168.jpg,TCGA-WS-AB45,TCGA-WS-AB45-01Z-00-DX1,1,0.62843883,1
tumour/TCGA-WS-AB45-01Z-00-DX1_26624_7680.jpg,TCGA-WS-AB45,TCGA-WS-AB45-01Z-00-DX1,1,0.40563375,0
tumour/TCGA-WS-AB45-01Z-00-DX1_26624_8192.jpg,TCGA-WS-AB45,TCGA-WS-AB45-01Z-00-DX1,1,0.7515998,1
tumour/TCGA-WS-AB45-01Z-00-DX1_26624_8704.jpg,TCGA-WS-AB45,TCGA-WS-AB45-01Z-00-DX1,1,0.96297145,1
tumour/TCGA-WS-AB45-01Z-00-DX1_26624_9216.jpg,TCGA-WS-AB45,TCGA-WS-AB45-01Z-00-DX1,1,0.8413868,1
tumour/TCGA-WS-AB45-01Z-00-DX1_26624_9728.jpg,TCGA-WS-AB45,TCGA-WS-AB45-01Z-00-DX1,1,0.7077725,1
tumour/TCGA-WS-AB45-01Z-00-DX1_27136_11264.jpg,TCGA-WS-AB45,TCGA-WS-AB45-01Z-00-DX1,1,0.32704827,0
tumour/TCGA-WS-AB45-01Z-00-DX1_27136_11776.jpg,TCGA-WS-AB45,TCGA-WS-AB45-01Z-00-DX1,1,0.5823588,1
tumour/TCGA-WS-AB45-01Z-00-DX1_27136_12288.jpg,TCGA-WS-AB45,TCGA-WS-AB45-01Z-00-DX1,1,0.16402125,0
tumour/TCGA-WS-AB45-01Z-00-DX1_27136_12800.jpg,TCGA-WS-AB45,TCGA-WS-AB45-01Z-00-DX1,1,0.018289154,0
tumour/TCGA-WS-AB45-01Z-00-DX1_27136_13824.jpg,TCGA-WS-AB45,TCGA-WS-AB45-01Z-00-DX1,1,0.18822025,0
tumour/TCGA-WS-AB45-01Z-00-DX1_27136_14336.jpg,TCGA-WS-AB45,TCGA-WS-AB45-01Z-00-DX1,1,0.16022941,0
tumour/TCGA-WS-AB45-01Z-00-DX1_27136_14848.jpg,TCGA-WS-AB45,TCGA-WS-AB45-01Z-00-DX1,1,0.07635346,0
tumour/TCGA-WS-AB45-01Z-00-DX1_27136_15360.jpg,TCGA-WS-AB45,TCGA-WS-AB45-01Z-00-DX1,1,0.84949046,1
tumour/TCGA-WS-AB45-01Z-00-DX1_27136_16384.jpg,TCGA-WS-AB45,TCGA-WS-AB45-01Z-00-DX1,1,0.25765517,0
tumour/TCGA-WS-AB45-01Z-00-DX1_27136_16896.jpg,TCGA-WS-AB45,TCGA-WS-AB45-01Z-00-DX1,1,0.21362627,0
tumour/TCGA-WS-AB45-01Z-00-DX1_27136_17408.jpg,TCGA-WS-AB45,TCGA-WS-AB45-01Z-00-DX1,1,0.6726827,1
tumour/TCGA-WS-AB45-01Z-00-DX1_27136_18944.jpg,TCGA-WS-AB45,TCGA-WS-AB45-01Z-00-DX1,1,0.5127884,1
tumour/TCGA-WS-AB45-01Z-00-DX1_27136_19456.jpg,TCGA-WS-AB45,TCGA-WS-AB45-01Z-00-DX1,1,0.67941177,1
tumour/TCGA-WS-AB45-01Z-00-DX1_27136_20992.jpg,TCGA-WS-AB45,TCGA-WS-AB45-01Z-00-DX1,1,0.87829345,1
tumour/TCGA-WS-AB45-01Z-00-DX1_27136_24576.jpg,TCGA-WS-AB45,TCGA-WS-AB45-01Z-00-DX1,1,0.3395374,0
tumour/TCGA-WS-AB45-01Z-00-DX1_27136_2560.jpg,TCGA-WS-AB45,TCGA-WS-AB45-01Z-00-DX1,1,0.60625523,1
tumour/TCGA-WS-AB45-01Z-00-DX1_27136_28160.jpg,TCGA-WS-AB45,TCGA-WS-AB45-01Z-00-DX1,1,0.98442936,1
tumour/TCGA-WS-AB45-01Z-00-DX1_27136_28672.jpg,TCGA-WS-AB45,TCGA-WS-AB45-01Z-00-DX1,1,0.34088886,0
tumour/TCGA-WS-AB45-01Z-00-DX1_27136_29696.jpg,TCGA-WS-AB45,TCGA-WS-AB45-01Z-00-DX1,1,0.8525116,1
tumour/TCGA-WS-AB45-01Z-00-DX1_27136_3072.jpg,TCGA-WS-AB45,TCGA-WS-AB45-01Z-00-DX1,1,0.9502915,1
tumour/TCGA-WS-AB45-01Z-00-DX1_27136_30720.jpg,TCGA-WS-AB45,TCGA-WS-AB45-01Z-00-DX1,1,0.98775893,1
tumour/TCGA-WS-AB45-01Z-00-DX1_27136_31232.jpg,TCGA-WS-AB45,TCGA-WS-AB45-01Z-00-DX1,1,0.7706059,1
tumour/TCGA-WS-AB45-01Z-00-DX1_27136_31744.jpg,TCGA-WS-AB45,TCGA-WS-AB45-01Z-00-DX1,1,0.9503829,1
tumour/TCGA-WS-AB45-01Z-00-DX1_27136_32768.jpg,TCGA-WS-AB45,TCGA-WS-AB45-01Z-00-DX1,1,0.99330324,1
tumour/TCGA-WS-AB45-01Z-00-DX1_27136_33792.jpg,TCGA-WS-AB45,TCGA-WS-AB45-01Z-00-DX1,1,0.47210902,0
tumour/TCGA-WS-AB45-01Z-00-DX1_27136_34816.jpg,TCGA-WS-AB45,TCGA-WS-AB45-01Z-00-DX1,1,0.14682499,0
tumour/TCGA-WS-AB45-01Z-00-DX1_27136_35328.jpg,TCGA-WS-AB45,TCGA-WS-AB45-01Z-00-DX1,1,0.6732988,1
tumour/TCGA-WS-AB45-01Z-00-DX1_27136_5120.jpg,TCGA-WS-AB45,TCGA-WS-AB45-01Z-00-DX1,1,0.9612475,1
tumour/TCGA-WS-AB45-01Z-00-DX1_27136_5632.jpg,TCGA-WS-AB45,TCGA-WS-AB45-01Z-00-DX1,1,0.2732788,0
tumour/TCGA-WS-AB45-01Z-00-DX1_27136_7680.jpg,TCGA-WS-AB45,TCGA-WS-AB45-01Z-00-DX1,1,0.9824923,1
tumour/TCGA-WS-AB45-01Z-00-DX1_27136_8704.jpg,TCGA-WS-AB45,TCGA-WS-AB45-01Z-00-DX1,1,0.1010925,0
tumour/TCGA-WS-AB45-01Z-00-DX1_27136_9728.jpg,TCGA-WS-AB45,TCGA-WS-AB45-01Z-00-DX1,1,0.03533093,0
tumour/TCGA-WS-AB45-01Z-00-DX1_27648_12288.jpg,TCGA-WS-AB45,TCGA-WS-AB45-01Z-00-DX1,1,0.375608,0
tumour/TCGA-WS-AB45-01Z-00-DX1_27648_12800.jpg,TCGA-WS-AB45,TCGA-WS-AB45-01Z-00-DX1,1,0.36305746,0
tumour/TCGA-WS-AB45-01Z-00-DX1_27648_14336.jpg,TCGA-WS-AB45,TCGA-WS-AB45-01Z-00-DX1,1,0.070653856,0
tumour/TCGA-WS-AB45-01Z-00-DX1_27648_14848.jpg,TCGA-WS-AB45,TCGA-WS-AB45-01Z-00-DX1,1,0.24814764,0
tumour/TCGA-WS-AB45-01Z-00-DX1_27648_16896.jpg,TCGA-WS-AB45,TCGA-WS-AB45-01Z-00-DX1,1,0.49720758,0
tumour/TCGA-WS-AB45-01Z-00-DX1_27648_17408.jpg,TCGA-WS-AB45,TCGA-WS-AB45-01Z-00-DX1,1,0.46640036,0
tumour/TCGA-WS-AB45-01Z-00-DX1_27648_17920.jpg,TCGA-WS-AB45,TCGA-WS-AB45-01Z-00-DX1,1,0.18812668,0
tumour/TCGA-WS-AB45-01Z-00-DX1_27648_18432.jpg,TCGA-WS-AB45,TCGA-WS-AB45-01Z-00-DX1,1,0.8105565,1
tumour/TCGA-WS-AB45-01Z-00-DX1_27648_19456.jpg,TCGA-WS-AB45,TCGA-WS-AB45-01Z-00-DX1,1,0.7215722,1
tumour/TCGA-WS-AB45-01Z-00-DX1_27648_20992.jpg,TCGA-WS-AB45,TCGA-WS-AB45-01Z-00-DX1,1,0.8884135,1
tumour/TCGA-WS-AB45-01Z-00-DX1_27648_22016.jpg,TCGA-WS-AB45,TCGA-WS-AB45-01Z-00-DX1,1,0.58846116,1
tumour/TCGA-WS-AB45-01Z-00-DX1_27648_22528.jpg,TCGA-WS-AB45,TCGA-WS-AB45-01Z-00-DX1,1,0.677875,1
tumour/TCGA-WS-AB45-01Z-00-DX1_27648_25088.jpg,TCGA-WS-AB45,TCGA-WS-AB45-01Z-00-DX1,1,0.7493811,1
tumour/TCGA-WS-AB45-01Z-00-DX1_27648_25600.jpg,TCGA-WS-AB45,TCGA-WS-AB45-01Z-00-DX1,1,0.6718276,1
tumour/TCGA-WS-AB45-01Z-00-DX1_27648_26112.jpg,TCGA-WS-AB45,TCGA-WS-AB45-01Z-00-DX1,1,0.30813214,0
tumour/TCGA-WS-AB45-01Z-00-DX1_27648_26624.jpg,TCGA-WS-AB45,TCGA-WS-AB45-01Z-00-DX1,1,0.6847033,1
tumour/TCGA-WS-AB45-01Z-00-DX1_27648_27136.jpg,TCGA-WS-AB45,TCGA-WS-AB45-01Z-00-DX1,1,0.7572989,1
tumour/TCGA-WS-AB45-01Z-00-DX1_27648_27648.jpg,TCGA-WS-AB45,TCGA-WS-AB45-01Z-00-DX1,1,0.59410655,1
tumour/TCGA-WS-AB45-01Z-00-DX1_27648_28160.jpg,TCGA-WS-AB45,TCGA-WS-AB45-01Z-00-DX1,1,0.8723821,1
tumour/TCGA-WS-AB45-01Z-00-DX1_27648_29184.jpg,TCGA-WS-AB45,TCGA-WS-AB45-01Z-00-DX1,1,0.5340279,1
tumour/TCGA-WS-AB45-01Z-00-DX1_27648_29696.jpg,TCGA-WS-AB45,TCGA-WS-AB45-01Z-00-DX1,1,0.71341914,1
tumour/TCGA-WS-AB45-01Z-00-DX1_27648_3072.jpg,TCGA-WS-AB45,TCGA-WS-AB45-01Z-00-DX1,1,0.011627293,0
tumour/TCGA-WS-AB45-01Z-00-DX1_27648_31232.jpg,TCGA-WS-AB45,TCGA-WS-AB45-01Z-00-DX1,1,0.8039354,1
tumour/TCGA-WS-AB45-01Z-00-DX1_27648_32768.jpg,TCGA-WS-AB45,TCGA-WS-AB45-01Z-00-DX1,1,0.3147122,0
tumour/TCGA-WS-AB45-01Z-00-DX1_27648_33280.jpg,TCGA-WS-AB45,TCGA-WS-AB45-01Z-00-DX1,1,0.7487625,1
tumour/TCGA-WS-AB45-01Z-00-DX1_27648_33792.jpg,TCGA-WS-AB45,TCGA-WS-AB45-01Z-00-DX1,1,0.95077676,1
tumour/TCGA-WS-AB45-01Z-00-DX1_27648_34304.jpg,TCGA-WS-AB45,TCGA-WS-AB45-01Z-00-DX1,1,0.84066135,1
tumour/TCGA-WS-AB45-01Z-00-DX1_27648_34816.jpg,TCGA-WS-AB45,TCGA-WS-AB45-01Z-00-DX1,1,0.82903016,1
tumour/TCGA-WS-AB45-01Z-00-DX1_27648_3584.jpg,TCGA-WS-AB45,TCGA-WS-AB45-01Z-00-DX1,1,0.5852232,1
tumour/TCGA-WS-AB45-01Z-00-DX1_27648_5120.jpg,TCGA-WS-AB45,TCGA-WS-AB45-01Z-00-DX1,1,0.37989393,0
tumour/TCGA-WS-AB45-01Z-00-DX1_27648_5632.jpg,TCGA-WS-AB45,TCGA-WS-AB45-01Z-00-DX1,1,0.78581226,1
tumour/TCGA-WS-AB45-01Z-00-DX1_27648_6144.jpg,TCGA-WS-AB45,TCGA-WS-AB45-01Z-00-DX1,1,0.73008424,1
tumour/TCGA-WS-AB45-01Z-00-DX1_27648_6656.jpg,TCGA-WS-AB45,TCGA-WS-AB45-01Z-00-DX1,1,0.65643895,1
tumour/TCGA-WS-AB45-01Z-00-DX1_27648_7168.jpg,TCGA-WS-AB45,TCGA-WS-AB45-01Z-00-DX1,1,0.42971745,0
tumour/TCGA-WS-AB45-01Z-00-DX1_27648_8192.jpg,TCGA-WS-AB45,TCGA-WS-AB45-01Z-00-DX1,1,0.94129485,1
tumour/TCGA-WS-AB45-01Z-00-DX1_27648_9216.jpg,TCGA-WS-AB45,TCGA-WS-AB45-01Z-00-DX1,1,0.036687512,0
tumour/TCGA-WS-AB45-01Z-00-DX1_28160_10240.jpg,TCGA-WS-AB45,TCGA-WS-AB45-01Z-00-DX1,1,0.9246698,1
tumour/TCGA-WS-AB45-01Z-00-DX1_28160_10752.jpg,TCGA-WS-AB45,TCGA-WS-AB45-01Z-00-DX1,1,0.81447333,1
tumour/TCGA-WS-AB45-01Z-00-DX1_28160_11264.jpg,TCGA-WS-AB45,TCGA-WS-AB45-01Z-00-DX1,1,0.62114227,1
tumour/TCGA-WS-AB45-01Z-00-DX1_28160_12288.jpg,TCGA-WS-AB45,TCGA-WS-AB45-01Z-00-DX1,1,0.89980865,1
tumour/TCGA-WS-AB45-01Z-00-DX1_28160_12800.jpg,TCGA-WS-AB45,TCGA-WS-AB45-01Z-00-DX1,1,0.53790045,1
tumour/TCGA-WS-AB45-01Z-00-DX1_28160_13824.jpg,TCGA-WS-AB45,TCGA-WS-AB45-01Z-00-DX1,1,0.5775409,1
tumour/TCGA-WS-AB45-01Z-00-DX1_28160_14336.jpg,TCGA-WS-AB45,TCGA-WS-AB45-01Z-00-DX1,1,0.5099772,1
tumour/TCGA-WS-AB45-01Z-00-DX1_28160_14848.jpg,TCGA-WS-AB45,TCGA-WS-AB45-01Z-00-DX1,1,0.14216906,0
tumour/TCGA-WS-AB45-01Z-00-DX1_28160_18432.jpg,TCGA-WS-AB45,TCGA-WS-AB45-01Z-00-DX1,1,0.8349336,1
tumour/TCGA-WS-AB45-01Z-00-DX1_28160_19968.jpg,TCGA-WS-AB45,TCGA-WS-AB45-01Z-00-DX1,1,0.91406643,1
tumour/TCGA-WS-AB45-01Z-00-DX1_28160_20480.jpg,TCGA-WS-AB45,TCGA-WS-AB45-01Z-00-DX1,1,0.94885397,1
tumour/TCGA-WS-AB45-01Z-00-DX1_28160_22016.jpg,TCGA-WS-AB45,TCGA-WS-AB45-01Z-00-DX1,1,0.7943834,1
tumour/TCGA-WS-AB45-01Z-00-DX1_28160_23552.jpg,TCGA-WS-AB45,TCGA-WS-AB45-01Z-00-DX1,1,0.9775378,1
tumour/TCGA-WS-AB45-01Z-00-DX1_28160_25088.jpg,TCGA-WS-AB45,TCGA-WS-AB45-01Z-00-DX1,1,0.40108794,0
tumour/TCGA-WS-AB45-01Z-00-DX1_28160_25600.jpg,TCGA-WS-AB45,TCGA-WS-AB45-01Z-00-DX1,1,0.16385642,0
tumour/TCGA-WS-AB45-01Z-00-DX1_28160_26112.jpg,TCGA-WS-AB45,TCGA-WS-AB45-01Z-00-DX1,1,0.77246296,1
tumour/TCGA-WS-AB45-01Z-00-DX1_28160_26624.jpg,TCGA-WS-AB45,TCGA-WS-AB45-01Z-00-DX1,1,0.98215634,1
tumour/TCGA-WS-AB45-01Z-00-DX1_28160_27648.jpg,TCGA-WS-AB45,TCGA-WS-AB45-01Z-00-DX1,1,0.6349491,1
tumour/TCGA-WS-AB45-01Z-00-DX1_28160_28160.jpg,TCGA-WS-AB45,TCGA-WS-AB45-01Z-00-DX1,1,0.74627125,1
tumour/TCGA-WS-AB45-01Z-00-DX1_28160_28672.jpg,TCGA-WS-AB45,TCGA-WS-AB45-01Z-00-DX1,1,0.32479376,0
tumour/TCGA-WS-AB45-01Z-00-DX1_28160_29696.jpg,TCGA-WS-AB45,TCGA-WS-AB45-01Z-00-DX1,1,0.49243763,0
tumour/TCGA-WS-AB45-01Z-00-DX1_28160_3072.jpg,TCGA-WS-AB45,TCGA-WS-AB45-01Z-00-DX1,1,0.7979653,1
tumour/TCGA-WS-AB45-01Z-00-DX1_28160_31232.jpg,TCGA-WS-AB45,TCGA-WS-AB45-01Z-00-DX1,1,0.8248121,1
tumour/TCGA-WS-AB45-01Z-00-DX1_28160_31744.jpg,TCGA-WS-AB45,TCGA-WS-AB45-01Z-00-DX1,1,0.62441534,1
tumour/TCGA-WS-AB45-01Z-00-DX1_28160_32256.jpg,TCGA-WS-AB45,TCGA-WS-AB45-01Z-00-DX1,1,0.8283908,1
tumour/TCGA-WS-AB45-01Z-00-DX1_28160_32768.jpg,TCGA-WS-AB45,TCGA-WS-AB45-01Z-00-DX1,1,0.7264689,1
tumour/TCGA-WS-AB45-01Z-00-DX1_28160_33280.jpg,TCGA-WS-AB45,TCGA-WS-AB45-01Z-00-DX1,1,0.7343135,1
tumour/TCGA-WS-AB45-01Z-00-DX1_28160_33792.jpg,TCGA-WS-AB45,TCGA-WS-AB45-01Z-00-DX1,1,0.57713807,1
tumour/TCGA-WS-AB45-01Z-00-DX1_28160_34304.jpg,TCGA-WS-AB45,TCGA-WS-AB45-01Z-00-DX1,1,0.86676574,1
tumour/TCGA-WS-AB45-01Z-00-DX1_28160_3584.jpg,TCGA-WS-AB45,TCGA-WS-AB45-01Z-00-DX1,1,0.62469864,1
tumour/TCGA-WS-AB45-01Z-00-DX1_28160_4608.jpg,TCGA-WS-AB45,TCGA-WS-AB45-01Z-00-DX1,1,0.28439116,0
tumour/TCGA-WS-AB45-01Z-00-DX1_28160_5120.jpg,TCGA-WS-AB45,TCGA-WS-AB45-01Z-00-DX1,1,0.036113206,0
tumour/TCGA-WS-AB45-01Z-00-DX1_28160_5632.jpg,TCGA-WS-AB45,TCGA-WS-AB45-01Z-00-DX1,1,0.22219881,0
tumour/TCGA-WS-AB45-01Z-00-DX1_28160_7168.jpg,TCGA-WS-AB45,TCGA-WS-AB45-01Z-00-DX1,1,0.8804502,1
tumour/TCGA-WS-AB45-01Z-00-DX1_28160_7680.jpg,TCGA-WS-AB45,TCGA-WS-AB45-01Z-00-DX1,1,0.6182347,1
tumour/TCGA-WS-AB45-01Z-00-DX1_28160_8704.jpg,TCGA-WS-AB45,TCGA-WS-AB45-01Z-00-DX1,1,0.9104445,1
tumour/TCGA-WS-AB45-01Z-00-DX1_28160_9216.jpg,TCGA-WS-AB45,TCGA-WS-AB45-01Z-00-DX1,1,0.24075761,0
tumour/TCGA-WS-AB45-01Z-00-DX1_28160_9728.jpg,TCGA-WS-AB45,TCGA-WS-AB45-01Z-00-DX1,1,0.8807722,1
tumour/TCGA-WS-AB45-01Z-00-DX1_28672_10240.jpg,TCGA-WS-AB45,TCGA-WS-AB45-01Z-00-DX1,1,0.21221776,0
tumour/TCGA-WS-AB45-01Z-00-DX1_28672_11776.jpg,TCGA-WS-AB45,TCGA-WS-AB45-01Z-00-DX1,1,0.19033663,0
tumour/TCGA-WS-AB45-01Z-00-DX1_28672_13824.jpg,TCGA-WS-AB45,TCGA-WS-AB45-01Z-00-DX1,1,0.17393716,0
tumour/TCGA-WS-AB45-01Z-00-DX1_28672_19456.jpg,TCGA-WS-AB45,TCGA-WS-AB45-01Z-00-DX1,1,0.983499,1
tumour/TCGA-WS-AB45-01Z-00-DX1_28672_20480.jpg,TCGA-WS-AB45,TCGA-WS-AB45-01Z-00-DX1,1,0.98592734,1
tumour/TCGA-WS-AB45-01Z-00-DX1_28672_22016.jpg,TCGA-WS-AB45,TCGA-WS-AB45-01Z-00-DX1,1,0.36815548,0
tumour/TCGA-WS-AB45-01Z-00-DX1_28672_22528.jpg,TCGA-WS-AB45,TCGA-WS-AB45-01Z-00-DX1,1,0.8982417,1
tumour/TCGA-WS-AB45-01Z-00-DX1_28672_23040.jpg,TCGA-WS-AB45,TCGA-WS-AB45-01Z-00-DX1,1,0.96263784,1
tumour/TCGA-WS-AB45-01Z-00-DX1_28672_23552.jpg,TCGA-WS-AB45,TCGA-WS-AB45-01Z-00-DX1,1,0.6359788,1
tumour/TCGA-WS-AB45-01Z-00-DX1_28672_24064.jpg,TCGA-WS-AB45,TCGA-WS-AB45-01Z-00-DX1,1,0.84021515,1
tumour/TCGA-WS-AB45-01Z-00-DX1_28672_24576.jpg,TCGA-WS-AB45,TCGA-WS-AB45-01Z-00-DX1,1,0.7734276,1
tumour/TCGA-WS-AB45-01Z-00-DX1_28672_25088.jpg,TCGA-WS-AB45,TCGA-WS-AB45-01Z-00-DX1,1,0.52654415,1
tumour/TCGA-WS-AB45-01Z-00-DX1_28672_25600.jpg,TCGA-WS-AB45,TCGA-WS-AB45-01Z-00-DX1,1,0.27788356,0
tumour/TCGA-WS-AB45-01Z-00-DX1_28672_26624.jpg,TCGA-WS-AB45,TCGA-WS-AB45-01Z-00-DX1,1,0.8108315,1
tumour/TCGA-WS-AB45-01Z-00-DX1_28672_27136.jpg,TCGA-WS-AB45,TCGA-WS-AB45-01Z-00-DX1,1,0.97436845,1
tumour/TCGA-WS-AB45-01Z-00-DX1_28672_27648.jpg,TCGA-WS-AB45,TCGA-WS-AB45-01Z-00-DX1,1,0.8901124,1
tumour/TCGA-WS-AB45-01Z-00-DX1_28672_28160.jpg,TCGA-WS-AB45,TCGA-WS-AB45-01Z-00-DX1,1,0.85314804,1
tumour/TCGA-WS-AB45-01Z-00-DX1_28672_28672.jpg,TCGA-WS-AB45,TCGA-WS-AB45-01Z-00-DX1,1,0.13207129,0
tumour/TCGA-WS-AB45-01Z-00-DX1_28672_29184.jpg,TCGA-WS-AB45,TCGA-WS-AB45-01Z-00-DX1,1,0.70943516,1
tumour/TCGA-WS-AB45-01Z-00-DX1_28672_29696.jpg,TCGA-WS-AB45,TCGA-WS-AB45-01Z-00-DX1,1,0.8402428,1
tumour/TCGA-WS-AB45-01Z-00-DX1_28672_3072.jpg,TCGA-WS-AB45,TCGA-WS-AB45-01Z-00-DX1,1,0.09738818,0
tumour/TCGA-WS-AB45-01Z-00-DX1_28672_30720.jpg,TCGA-WS-AB45,TCGA-WS-AB45-01Z-00-DX1,1,0.6907443,1
tumour/TCGA-WS-AB45-01Z-00-DX1_28672_31744.jpg,TCGA-WS-AB45,TCGA-WS-AB45-01Z-00-DX1,1,0.46672437,0
tumour/TCGA-WS-AB45-01Z-00-DX1_28672_32256.jpg,TCGA-WS-AB45,TCGA-WS-AB45-01Z-00-DX1,1,0.5357469,1
tumour/TCGA-WS-AB45-01Z-00-DX1_28672_34304.jpg,TCGA-WS-AB45,TCGA-WS-AB45-01Z-00-DX1,1,0.9390374,1
tumour/TCGA-WS-AB45-01Z-00-DX1_28672_3584.jpg,TCGA-WS-AB45,TCGA-WS-AB45-01Z-00-DX1,1,0.05262663,0
tumour/TCGA-WS-AB45-01Z-00-DX1_28672_5120.jpg,TCGA-WS-AB45,TCGA-WS-AB45-01Z-00-DX1,1,0.2801097,0
tumour/TCGA-WS-AB45-01Z-00-DX1_28672_6144.jpg,TCGA-WS-AB45,TCGA-WS-AB45-01Z-00-DX1,1,0.55830145,1
tumour/TCGA-WS-AB45-01Z-00-DX1_28672_8192.jpg,TCGA-WS-AB45,TCGA-WS-AB45-01Z-00-DX1,1,0.46302447,0
tumour/TCGA-WS-AB45-01Z-00-DX1_28672_9216.jpg,TCGA-WS-AB45,TCGA-WS-AB45-01Z-00-DX1,1,0.7532779,1
tumour/TCGA-WS-AB45-01Z-00-DX1_29184_10752.jpg,TCGA-WS-AB45,TCGA-WS-AB45-01Z-00-DX1,1,0.7976684,1
tumour/TCGA-WS-AB45-01Z-00-DX1_29184_11776.jpg,TCGA-WS-AB45,TCGA-WS-AB45-01Z-00-DX1,1,0.3992365,0
tumour/TCGA-WS-AB45-01Z-00-DX1_29184_12800.jpg,TCGA-WS-AB45,TCGA-WS-AB45-01Z-00-DX1,1,0.9458709,1
tumour/TCGA-WS-AB45-01Z-00-DX1_29184_13312.jpg,TCGA-WS-AB45,TCGA-WS-AB45-01Z-00-DX1,1,0.6436176,1
tumour/TCGA-WS-AB45-01Z-00-DX1_29184_13824.jpg,TCGA-WS-AB45,TCGA-WS-AB45-01Z-00-DX1,1,0.49540478,0
tumour/TCGA-WS-AB45-01Z-00-DX1_29184_14848.jpg,TCGA-WS-AB45,TCGA-WS-AB45-01Z-00-DX1,1,0.5155111,1
tumour/TCGA-WS-AB45-01Z-00-DX1_29184_16896.jpg,TCGA-WS-AB45,TCGA-WS-AB45-01Z-00-DX1,1,0.71909153,1
tumour/TCGA-WS-AB45-01Z-00-DX1_29184_17920.jpg,TCGA-WS-AB45,TCGA-WS-AB45-01Z-00-DX1,1,0.9141213,1
tumour/TCGA-WS-AB45-01Z-00-DX1_29184_18432.jpg,TCGA-WS-AB45,TCGA-WS-AB45-01Z-00-DX1,1,0.9367132,1
tumour/TCGA-WS-AB45-01Z-00-DX1_29184_19968.jpg,TCGA-WS-AB45,TCGA-WS-AB45-01Z-00-DX1,1,0.96535146,1
tumour/TCGA-WS-AB45-01Z-00-DX1_29184_20480.jpg,TCGA-WS-AB45,TCGA-WS-AB45-01Z-00-DX1,1,0.7984869,1
tumour/TCGA-WS-AB45-01Z-00-DX1_29184_21504.jpg,TCGA-WS-AB45,TCGA-WS-AB45-01Z-00-DX1,1,0.9857635,1
tumour/TCGA-WS-AB45-01Z-00-DX1_29184_22528.jpg,TCGA-WS-AB45,TCGA-WS-AB45-01Z-00-DX1,1,0.524953,1
tumour/TCGA-WS-AB45-01Z-00-DX1_29184_23040.jpg,TCGA-WS-AB45,TCGA-WS-AB45-01Z-00-DX1,1,0.14786895,0
tumour/TCGA-WS-AB45-01Z-00-DX1_29184_23552.jpg,TCGA-WS-AB45,TCGA-WS-AB45-01Z-00-DX1,1,0.89347017,1
tumour/TCGA-WS-AB45-01Z-00-DX1_29184_24576.jpg,TCGA-WS-AB45,TCGA-WS-AB45-01Z-00-DX1,1,0.98038894,1
tumour/TCGA-WS-AB45-01Z-00-DX1_29184_27136.jpg,TCGA-WS-AB45,TCGA-WS-AB45-01Z-00-DX1,1,0.022707712,0
tumour/TCGA-WS-AB45-01Z-00-DX1_29184_27648.jpg,TCGA-WS-AB45,TCGA-WS-AB45-01Z-00-DX1,1,0.77818334,1
tumour/TCGA-WS-AB45-01Z-00-DX1_29184_28160.jpg,TCGA-WS-AB45,TCGA-WS-AB45-01Z-00-DX1,1,0.4185267,0
tumour/TCGA-WS-AB45-01Z-00-DX1_29184_28672.jpg,TCGA-WS-AB45,TCGA-WS-AB45-01Z-00-DX1,1,0.44834593,0
tumour/TCGA-WS-AB45-01Z-00-DX1_29184_30208.jpg,TCGA-WS-AB45,TCGA-WS-AB45-01Z-00-DX1,1,0.91698396,1
tumour/TCGA-WS-AB45-01Z-00-DX1_29184_31744.jpg,TCGA-WS-AB45,TCGA-WS-AB45-01Z-00-DX1,1,0.6063034,1
tumour/TCGA-WS-AB45-01Z-00-DX1_29184_32256.jpg,TCGA-WS-AB45,TCGA-WS-AB45-01Z-00-DX1,1,0.8756169,1
tumour/TCGA-WS-AB45-01Z-00-DX1_29184_32768.jpg,TCGA-WS-AB45,TCGA-WS-AB45-01Z-00-DX1,1,0.52907294,1
tumour/TCGA-WS-AB45-01Z-00-DX1_29184_33280.jpg,TCGA-WS-AB45,TCGA-WS-AB45-01Z-00-DX1,1,0.56111693,1
tumour/TCGA-WS-AB45-01Z-00-DX1_29184_3584.jpg,TCGA-WS-AB45,TCGA-WS-AB45-01Z-00-DX1,1,0.70465946,1
tumour/TCGA-WS-AB45-01Z-00-DX1_29184_4096.jpg,TCGA-WS-AB45,TCGA-WS-AB45-01Z-00-DX1,1,0.8083685,1
tumour/TCGA-WS-AB45-01Z-00-DX1_29184_5632.jpg,TCGA-WS-AB45,TCGA-WS-AB45-01Z-00-DX1,1,0.69109154,1
tumour/TCGA-WS-AB45-01Z-00-DX1_29184_6656.jpg,TCGA-WS-AB45,TCGA-WS-AB45-01Z-00-DX1,1,0.47634932,0
tumour/TCGA-WS-AB45-01Z-00-DX1_29184_7168.jpg,TCGA-WS-AB45,TCGA-WS-AB45-01Z-00-DX1,1,0.3065066,0
tumour/TCGA-WS-AB45-01Z-00-DX1_29184_9728.jpg,TCGA-WS-AB45,TCGA-WS-AB45-01Z-00-DX1,1,0.5550182,1
tumour/TCGA-WS-AB45-01Z-00-DX1_29696_10240.jpg,TCGA-WS-AB45,TCGA-WS-AB45-01Z-00-DX1,1,0.47746155,0
tumour/TCGA-WS-AB45-01Z-00-DX1_29696_10752.jpg,TCGA-WS-AB45,TCGA-WS-AB45-01Z-00-DX1,1,0.68155897,1
tumour/TCGA-WS-AB45-01Z-00-DX1_29696_11264.jpg,TCGA-WS-AB45,TCGA-WS-AB45-01Z-00-DX1,1,0.3029094,0
tumour/TCGA-WS-AB45-01Z-00-DX1_29696_12800.jpg,TCGA-WS-AB45,TCGA-WS-AB45-01Z-00-DX1,1,0.4127751,0
tumour/TCGA-WS-AB45-01Z-00-DX1_29696_14336.jpg,TCGA-WS-AB45,TCGA-WS-AB45-01Z-00-DX1,1,0.8494054,1
tumour/TCGA-WS-AB45-01Z-00-DX1_29696_16384.jpg,TCGA-WS-AB45,TCGA-WS-AB45-01Z-00-DX1,1,0.39711377,0
tumour/TCGA-WS-AB45-01Z-00-DX1_29696_18432.jpg,TCGA-WS-AB45,TCGA-WS-AB45-01Z-00-DX1,1,0.8341701,1
tumour/TCGA-WS-AB45-01Z-00-DX1_29696_18944.jpg,TCGA-WS-AB45,TCGA-WS-AB45-01Z-00-DX1,1,0.90092313,1
tumour/TCGA-WS-AB45-01Z-00-DX1_29696_19456.jpg,TCGA-WS-AB45,TCGA-WS-AB45-01Z-00-DX1,1,0.8041971,1
tumour/TCGA-WS-AB45-01Z-00-DX1_29696_21504.jpg,TCGA-WS-AB45,TCGA-WS-AB45-01Z-00-DX1,1,0.8485427,1
tumour/TCGA-WS-AB45-01Z-00-DX1_29696_23040.jpg,TCGA-WS-AB45,TCGA-WS-AB45-01Z-00-DX1,1,0.7397705,1
tumour/TCGA-WS-AB45-01Z-00-DX1_29696_23552.jpg,TCGA-WS-AB45,TCGA-WS-AB45-01Z-00-DX1,1,0.49230424,0
tumour/TCGA-WS-AB45-01Z-00-DX1_29696_26624.jpg,TCGA-WS-AB45,TCGA-WS-AB45-01Z-00-DX1,1,0.6643656,1
tumour/TCGA-WS-AB45-01Z-00-DX1_29696_28160.jpg,TCGA-WS-AB45,TCGA-WS-AB45-01Z-00-DX1,1,0.21711239,0
tumour/TCGA-WS-AB45-01Z-00-DX1_29696_28672.jpg,TCGA-WS-AB45,TCGA-WS-AB45-01Z-00-DX1,1,0.5951907,1
tumour/TCGA-WS-AB45-01Z-00-DX1_29696_29184.jpg,TCGA-WS-AB45,TCGA-WS-AB45-01Z-00-DX1,1,0.51005405,1
tumour/TCGA-WS-AB45-01Z-00-DX1_29696_29696.jpg,TCGA-WS-AB45,TCGA-WS-AB45-01Z-00-DX1,1,0.397708,0
tumour/TCGA-WS-AB45-01Z-00-DX1_29696_30720.jpg,TCGA-WS-AB45,TCGA-WS-AB45-01Z-00-DX1,1,0.7113393,1
tumour/TCGA-WS-AB45-01Z-00-DX1_29696_31232.jpg,TCGA-WS-AB45,TCGA-WS-AB45-01Z-00-DX1,1,0.9646833,1
tumour/TCGA-WS-AB45-01Z-00-DX1_29696_32768.jpg,TCGA-WS-AB45,TCGA-WS-AB45-01Z-00-DX1,1,0.37753442,0
tumour/TCGA-WS-AB45-01Z-00-DX1_29696_3584.jpg,TCGA-WS-AB45,TCGA-WS-AB45-01Z-00-DX1,1,0.87367445,1
tumour/TCGA-WS-AB45-01Z-00-DX1_29696_4096.jpg,TCGA-WS-AB45,TCGA-WS-AB45-01Z-00-DX1,1,0.8268935,1
tumour/TCGA-WS-AB45-01Z-00-DX1_29696_6144.jpg,TCGA-WS-AB45,TCGA-WS-AB45-01Z-00-DX1,1,0.10921032,0
tumour/TCGA-WS-AB45-01Z-00-DX1_29696_7680.jpg,TCGA-WS-AB45,TCGA-WS-AB45-01Z-00-DX1,1,0.74802566,1
tumour/TCGA-WS-AB45-01Z-00-DX1_29696_8192.jpg,TCGA-WS-AB45,TCGA-WS-AB45-01Z-00-DX1,1,0.7645597,1
tumour/TCGA-WS-AB45-01Z-00-DX1_29696_8704.jpg,TCGA-WS-AB45,TCGA-WS-AB45-01Z-00-DX1,1,0.42752916,0
tumour/TCGA-WS-AB45-01Z-00-DX1_29696_9728.jpg,TCGA-WS-AB45,TCGA-WS-AB45-01Z-00-DX1,1,0.9142031,1
tumour/TCGA-WS-AB45-01Z-00-DX1_30208_10240.jpg,TCGA-WS-AB45,TCGA-WS-AB45-01Z-00-DX1,1,0.29885495,0
tumour/TCGA-WS-AB45-01Z-00-DX1_30208_11264.jpg,TCGA-WS-AB45,TCGA-WS-AB45-01Z-00-DX1,1,0.417951,0
tumour/TCGA-WS-AB45-01Z-00-DX1_30208_12800.jpg,TCGA-WS-AB45,TCGA-WS-AB45-01Z-00-DX1,1,0.8273714,1
tumour/TCGA-WS-AB45-01Z-00-DX1_30208_13824.jpg,TCGA-WS-AB45,TCGA-WS-AB45-01Z-00-DX1,1,0.3139187,0
tumour/TCGA-WS-AB45-01Z-00-DX1_30208_16896.jpg,TCGA-WS-AB45,TCGA-WS-AB45-01Z-00-DX1,1,0.6633096,1
tumour/TCGA-WS-AB45-01Z-00-DX1_30208_18432.jpg,TCGA-WS-AB45,TCGA-WS-AB45-01Z-00-DX1,1,0.916201,1
tumour/TCGA-WS-AB45-01Z-00-DX1_30208_20992.jpg,TCGA-WS-AB45,TCGA-WS-AB45-01Z-00-DX1,1,0.99336654,1
tumour/TCGA-WS-AB45-01Z-00-DX1_30208_21504.jpg,TCGA-WS-AB45,TCGA-WS-AB45-01Z-00-DX1,1,0.9298634,1
tumour/TCGA-WS-AB45-01Z-00-DX1_30208_23040.jpg,TCGA-WS-AB45,TCGA-WS-AB45-01Z-00-DX1,1,0.29941207,0
tumour/TCGA-WS-AB45-01Z-00-DX1_30208_23552.jpg,TCGA-WS-AB45,TCGA-WS-AB45-01Z-00-DX1,1,0.50460607,1
tumour/TCGA-WS-AB45-01Z-00-DX1_30208_24576.jpg,TCGA-WS-AB45,TCGA-WS-AB45-01Z-00-DX1,1,0.5774143,1
tumour/TCGA-WS-AB45-01Z-00-DX1_30208_25600.jpg,TCGA-WS-AB45,TCGA-WS-AB45-01Z-00-DX1,1,0.30458403,0
tumour/TCGA-WS-AB45-01Z-00-DX1_30208_26624.jpg,TCGA-WS-AB45,TCGA-WS-AB45-01Z-00-DX1,1,0.6742851,1
tumour/TCGA-WS-AB45-01Z-00-DX1_30208_27648.jpg,TCGA-WS-AB45,TCGA-WS-AB45-01Z-00-DX1,1,0.6242023,1
tumour/TCGA-WS-AB45-01Z-00-DX1_30208_28672.jpg,TCGA-WS-AB45,TCGA-WS-AB45-01Z-00-DX1,1,0.85111403,1
tumour/TCGA-WS-AB45-01Z-00-DX1_30208_29696.jpg,TCGA-WS-AB45,TCGA-WS-AB45-01Z-00-DX1,1,0.14351645,0
tumour/TCGA-WS-AB45-01Z-00-DX1_30208_30208.jpg,TCGA-WS-AB45,TCGA-WS-AB45-01Z-00-DX1,1,0.15216532,0
tumour/TCGA-WS-AB45-01Z-00-DX1_30208_31232.jpg,TCGA-WS-AB45,TCGA-WS-AB45-01Z-00-DX1,1,0.6425203,1
tumour/TCGA-WS-AB45-01Z-00-DX1_30208_32256.jpg,TCGA-WS-AB45,TCGA-WS-AB45-01Z-00-DX1,1,0.89046407,1
tumour/TCGA-WS-AB45-01Z-00-DX1_30208_32768.jpg,TCGA-WS-AB45,TCGA-WS-AB45-01Z-00-DX1,1,0.7672003,1
tumour/TCGA-WS-AB45-01Z-00-DX1_30208_3584.jpg,TCGA-WS-AB45,TCGA-WS-AB45-01Z-00-DX1,1,0.38192979,0
tumour/TCGA-WS-AB45-01Z-00-DX1_30208_4608.jpg,TCGA-WS-AB45,TCGA-WS-AB45-01Z-00-DX1,1,0.94273245,1
tumour/TCGA-WS-AB45-01Z-00-DX1_30208_5120.jpg,TCGA-WS-AB45,TCGA-WS-AB45-01Z-00-DX1,1,0.8183498,1
tumour/TCGA-WS-AB45-01Z-00-DX1_30208_6656.jpg,TCGA-WS-AB45,TCGA-WS-AB45-01Z-00-DX1,1,0.81435215,1
tumour/TCGA-WS-AB45-01Z-00-DX1_30208_7168.jpg,TCGA-WS-AB45,TCGA-WS-AB45-01Z-00-DX1,1,0.06111161,0
tumour/TCGA-WS-AB45-01Z-00-DX1_30208_8192.jpg,TCGA-WS-AB45,TCGA-WS-AB45-01Z-00-DX1,1,0.72432023,1
tumour/TCGA-WS-AB45-01Z-00-DX1_30208_8704.jpg,TCGA-WS-AB45,TCGA-WS-AB45-01Z-00-DX1,1,0.949519,1
tumour/TCGA-WS-AB45-01Z-00-DX1_30720_10240.jpg,TCGA-WS-AB45,TCGA-WS-AB45-01Z-00-DX1,1,0.6944402,1
tumour/TCGA-WS-AB45-01Z-00-DX1_30720_10752.jpg,TCGA-WS-AB45,TCGA-WS-AB45-01Z-00-DX1,1,0.4825663,0
tumour/TCGA-WS-AB45-01Z-00-DX1_30720_11776.jpg,TCGA-WS-AB45,TCGA-WS-AB45-01Z-00-DX1,1,0.404464,0
tumour/TCGA-WS-AB45-01Z-00-DX1_30720_12800.jpg,TCGA-WS-AB45,TCGA-WS-AB45-01Z-00-DX1,1,0.19163284,0
tumour/TCGA-WS-AB45-01Z-00-DX1_30720_13824.jpg,TCGA-WS-AB45,TCGA-WS-AB45-01Z-00-DX1,1,0.5204736,1
tumour/TCGA-WS-AB45-01Z-00-DX1_30720_14848.jpg,TCGA-WS-AB45,TCGA-WS-AB45-01Z-00-DX1,1,0.5871401,1
tumour/TCGA-WS-AB45-01Z-00-DX1_30720_17920.jpg,TCGA-WS-AB45,TCGA-WS-AB45-01Z-00-DX1,1,0.4868147,0
tumour/TCGA-WS-AB45-01Z-00-DX1_30720_18944.jpg,TCGA-WS-AB45,TCGA-WS-AB45-01Z-00-DX1,1,0.9985246,1
tumour/TCGA-WS-AB45-01Z-00-DX1_30720_19456.jpg,TCGA-WS-AB45,TCGA-WS-AB45-01Z-00-DX1,1,0.9941738,1
tumour/TCGA-WS-AB45-01Z-00-DX1_30720_20992.jpg,TCGA-WS-AB45,TCGA-WS-AB45-01Z-00-DX1,1,0.9973653,1
tumour/TCGA-WS-AB45-01Z-00-DX1_30720_22528.jpg,TCGA-WS-AB45,TCGA-WS-AB45-01Z-00-DX1,1,0.8181078,1
tumour/TCGA-WS-AB45-01Z-00-DX1_30720_25600.jpg,TCGA-WS-AB45,TCGA-WS-AB45-01Z-00-DX1,1,0.22282085,0
tumour/TCGA-WS-AB45-01Z-00-DX1_30720_27136.jpg,TCGA-WS-AB45,TCGA-WS-AB45-01Z-00-DX1,1,0.96694016,1
tumour/TCGA-WS-AB45-01Z-00-DX1_30720_27648.jpg,TCGA-WS-AB45,TCGA-WS-AB45-01Z-00-DX1,1,0.87712437,1
tumour/TCGA-WS-AB45-01Z-00-DX1_30720_29696.jpg,TCGA-WS-AB45,TCGA-WS-AB45-01Z-00-DX1,1,0.5599352,1
tumour/TCGA-WS-AB45-01Z-00-DX1_30720_31232.jpg,TCGA-WS-AB45,TCGA-WS-AB45-01Z-00-DX1,1,0.49844256,0
tumour/TCGA-WS-AB45-01Z-00-DX1_30720_33280.jpg,TCGA-WS-AB45,TCGA-WS-AB45-01Z-00-DX1,1,0.7399026,1
tumour/TCGA-WS-AB45-01Z-00-DX1_30720_3584.jpg,TCGA-WS-AB45,TCGA-WS-AB45-01Z-00-DX1,1,0.9221934,1
tumour/TCGA-WS-AB45-01Z-00-DX1_30720_4608.jpg,TCGA-WS-AB45,TCGA-WS-AB45-01Z-00-DX1,1,0.85159504,1
tumour/TCGA-WS-AB45-01Z-00-DX1_30720_5120.jpg,TCGA-WS-AB45,TCGA-WS-AB45-01Z-00-DX1,1,0.8053924,1
tumour/TCGA-WS-AB45-01Z-00-DX1_30720_5632.jpg,TCGA-WS-AB45,TCGA-WS-AB45-01Z-00-DX1,1,0.25912642,0
tumour/TCGA-WS-AB45-01Z-00-DX1_30720_6144.jpg,TCGA-WS-AB45,TCGA-WS-AB45-01Z-00-DX1,1,0.026048912,0
tumour/TCGA-WS-AB45-01Z-00-DX1_30720_7680.jpg,TCGA-WS-AB45,TCGA-WS-AB45-01Z-00-DX1,1,0.74595696,1
tumour/TCGA-WS-AB45-01Z-00-DX1_3072_34816.jpg,TCGA-WS-AB45,TCGA-WS-AB45-01Z-00-DX1,1,0.83031017,1
tumour/TCGA-WS-AB45-01Z-00-DX1_3072_35328.jpg,TCGA-WS-AB45,TCGA-WS-AB45-01Z-00-DX1,1,0.9635162,1
tumour/TCGA-WS-AB45-01Z-00-DX1_3072_35840.jpg,TCGA-WS-AB45,TCGA-WS-AB45-01Z-00-DX1,1,0.77364683,1
tumour/TCGA-WS-AB45-01Z-00-DX1_3072_36352.jpg,TCGA-WS-AB45,TCGA-WS-AB45-01Z-00-DX1,1,0.8827887,1
tumour/TCGA-WS-AB45-01Z-00-DX1_3072_36864.jpg,TCGA-WS-AB45,TCGA-WS-AB45-01Z-00-DX1,1,0.8112323,1
tumour/TCGA-WS-AB45-01Z-00-DX1_31232_10240.jpg,TCGA-WS-AB45,TCGA-WS-AB45-01Z-00-DX1,1,0.8928605,1
tumour/TCGA-WS-AB45-01Z-00-DX1_31232_11264.jpg,TCGA-WS-AB45,TCGA-WS-AB45-01Z-00-DX1,1,0.8301877,1
tumour/TCGA-WS-AB45-01Z-00-DX1_31232_12288.jpg,TCGA-WS-AB45,TCGA-WS-AB45-01Z-00-DX1,1,0.6858731,1
tumour/TCGA-WS-AB45-01Z-00-DX1_31232_12800.jpg,TCGA-WS-AB45,TCGA-WS-AB45-01Z-00-DX1,1,0.37958774,0
tumour/TCGA-WS-AB45-01Z-00-DX1_31232_13312.jpg,TCGA-WS-AB45,TCGA-WS-AB45-01Z-00-DX1,1,0.60677516,1
tumour/TCGA-WS-AB45-01Z-00-DX1_31232_14336.jpg,TCGA-WS-AB45,TCGA-WS-AB45-01Z-00-DX1,1,0.9513724,1
tumour/TCGA-WS-AB45-01Z-00-DX1_31232_16896.jpg,TCGA-WS-AB45,TCGA-WS-AB45-01Z-00-DX1,1,0.7349118,1
tumour/TCGA-WS-AB45-01Z-00-DX1_31232_21504.jpg,TCGA-WS-AB45,TCGA-WS-AB45-01Z-00-DX1,1,0.9042275,1
tumour/TCGA-WS-AB45-01Z-00-DX1_31232_22016.jpg,TCGA-WS-AB45,TCGA-WS-AB45-01Z-00-DX1,1,0.533656,1
tumour/TCGA-WS-AB45-01Z-00-DX1_31232_24064.jpg,TCGA-WS-AB45,TCGA-WS-AB45-01Z-00-DX1,1,0.888048,1
tumour/TCGA-WS-AB45-01Z-00-DX1_31232_25600.jpg,TCGA-WS-AB45,TCGA-WS-AB45-01Z-00-DX1,1,0.43777847,0
tumour/TCGA-WS-AB45-01Z-00-DX1_31232_30208.jpg,TCGA-WS-AB45,TCGA-WS-AB45-01Z-00-DX1,1,0.88374895,1
tumour/TCGA-WS-AB45-01Z-00-DX1_31232_32256.jpg,TCGA-WS-AB45,TCGA-WS-AB45-01Z-00-DX1,1,0.794523,1
tumour/TCGA-WS-AB45-01Z-00-DX1_31232_32768.jpg,TCGA-WS-AB45,TCGA-WS-AB45-01Z-00-DX1,1,0.7992285,1
tumour/TCGA-WS-AB45-01Z-00-DX1_31232_33280.jpg,TCGA-WS-AB45,TCGA-WS-AB45-01Z-00-DX1,1,0.97810286,1
tumour/TCGA-WS-AB45-01Z-00-DX1_31232_3584.jpg,TCGA-WS-AB45,TCGA-WS-AB45-01Z-00-DX1,1,0.7776788,1
tumour/TCGA-WS-AB45-01Z-00-DX1_31232_4096.jpg,TCGA-WS-AB45,TCGA-WS-AB45-01Z-00-DX1,1,0.8104887,1
tumour/TCGA-WS-AB45-01Z-00-DX1_31232_4608.jpg,TCGA-WS-AB45,TCGA-WS-AB45-01Z-00-DX1,1,0.86941385,1
tumour/TCGA-WS-AB45-01Z-00-DX1_31232_6144.jpg,TCGA-WS-AB45,TCGA-WS-AB45-01Z-00-DX1,1,0.11937683,0
tumour/TCGA-WS-AB45-01Z-00-DX1_31232_6656.jpg,TCGA-WS-AB45,TCGA-WS-AB45-01Z-00-DX1,1,0.3548584,0
tumour/TCGA-WS-AB45-01Z-00-DX1_31232_7168.jpg,TCGA-WS-AB45,TCGA-WS-AB45-01Z-00-DX1,1,0.191124,0
tumour/TCGA-WS-AB45-01Z-00-DX1_31232_7680.jpg,TCGA-WS-AB45,TCGA-WS-AB45-01Z-00-DX1,1,0.44891006,0
tumour/TCGA-WS-AB45-01Z-00-DX1_31232_8192.jpg,TCGA-WS-AB45,TCGA-WS-AB45-01Z-00-DX1,1,0.92688924,1
tumour/TCGA-WS-AB45-01Z-00-DX1_31232_9728.jpg,TCGA-WS-AB45,TCGA-WS-AB45-01Z-00-DX1,1,0.6181979,1
tumour/TCGA-WS-AB45-01Z-00-DX1_31744_10752.jpg,TCGA-WS-AB45,TCGA-WS-AB45-01Z-00-DX1,1,0.13372037,0
tumour/TCGA-WS-AB45-01Z-00-DX1_31744_11264.jpg,TCGA-WS-AB45,TCGA-WS-AB45-01Z-00-DX1,1,0.16214865,0
tumour/TCGA-WS-AB45-01Z-00-DX1_31744_13824.jpg,TCGA-WS-AB45,TCGA-WS-AB45-01Z-00-DX1,1,0.96751416,1
tumour/TCGA-WS-AB45-01Z-00-DX1_31744_16896.jpg,TCGA-WS-AB45,TCGA-WS-AB45-01Z-00-DX1,1,0.70531625,1
tumour/TCGA-WS-AB45-01Z-00-DX1_31744_22016.jpg,TCGA-WS-AB45,TCGA-WS-AB45-01Z-00-DX1,1,0.85953873,1
tumour/TCGA-WS-AB45-01Z-00-DX1_31744_23552.jpg,TCGA-WS-AB45,TCGA-WS-AB45-01Z-00-DX1,1,0.3934778,0
tumour/TCGA-WS-AB45-01Z-00-DX1_31744_24576.jpg,TCGA-WS-AB45,TCGA-WS-AB45-01Z-00-DX1,1,0.12201677,0
tumour/TCGA-WS-AB45-01Z-00-DX1_31744_27648.jpg,TCGA-WS-AB45,TCGA-WS-AB45-01Z-00-DX1,1,0.9022684,1
tumour/TCGA-WS-AB45-01Z-00-DX1_31744_28672.jpg,TCGA-WS-AB45,TCGA-WS-AB45-01Z-00-DX1,1,0.503785,1
tumour/TCGA-WS-AB45-01Z-00-DX1_31744_30208.jpg,TCGA-WS-AB45,TCGA-WS-AB45-01Z-00-DX1,1,0.522778,1
tumour/TCGA-WS-AB45-01Z-00-DX1_31744_30720.jpg,TCGA-WS-AB45,TCGA-WS-AB45-01Z-00-DX1,1,0.28921464,0
tumour/TCGA-WS-AB45-01Z-00-DX1_31744_31744.jpg,TCGA-WS-AB45,TCGA-WS-AB45-01Z-00-DX1,1,0.1272432,0
tumour/TCGA-WS-AB45-01Z-00-DX1_31744_32256.jpg,TCGA-WS-AB45,TCGA-WS-AB45-01Z-00-DX1,1,0.5271188,1
tumour/TCGA-WS-AB45-01Z-00-DX1_31744_32768.jpg,TCGA-WS-AB45,TCGA-WS-AB45-01Z-00-DX1,1,0.9878874,1
tumour/TCGA-WS-AB45-01Z-00-DX1_31744_3584.jpg,TCGA-WS-AB45,TCGA-WS-AB45-01Z-00-DX1,1,0.7316189,1
tumour/TCGA-WS-AB45-01Z-00-DX1_31744_5120.jpg,TCGA-WS-AB45,TCGA-WS-AB45-01Z-00-DX1,1,0.9497516,1
tumour/TCGA-WS-AB45-01Z-00-DX1_31744_5632.jpg,TCGA-WS-AB45,TCGA-WS-AB45-01Z-00-DX1,1,0.73026645,1
tumour/TCGA-WS-AB45-01Z-00-DX1_31744_7168.jpg,TCGA-WS-AB45,TCGA-WS-AB45-01Z-00-DX1,1,0.035173323,0
tumour/TCGA-WS-AB45-01Z-00-DX1_31744_7680.jpg,TCGA-WS-AB45,TCGA-WS-AB45-01Z-00-DX1,1,0.72649395,1
tumour/TCGA-WS-AB45-01Z-00-DX1_31744_8704.jpg,TCGA-WS-AB45,TCGA-WS-AB45-01Z-00-DX1,1,0.9763564,1
tumour/TCGA-WS-AB45-01Z-00-DX1_31744_9728.jpg,TCGA-WS-AB45,TCGA-WS-AB45-01Z-00-DX1,1,0.051321205,0
tumour/TCGA-WS-AB45-01Z-00-DX1_32256_12288.jpg,TCGA-WS-AB45,TCGA-WS-AB45-01Z-00-DX1,1,0.7881571,1
tumour/TCGA-WS-AB45-01Z-00-DX1_32256_13312.jpg,TCGA-WS-AB45,TCGA-WS-AB45-01Z-00-DX1,1,0.88383335,1
tumour/TCGA-WS-AB45-01Z-00-DX1_32256_14336.jpg,TCGA-WS-AB45,TCGA-WS-AB45-01Z-00-DX1,1,0.9966363,1
tumour/TCGA-WS-AB45-01Z-00-DX1_32256_16384.jpg,TCGA-WS-AB45,TCGA-WS-AB45-01Z-00-DX1,1,0.88967794,1
tumour/TCGA-WS-AB45-01Z-00-DX1_32256_16896.jpg,TCGA-WS-AB45,TCGA-WS-AB45-01Z-00-DX1,1,0.78353393,1
tumour/TCGA-WS-AB45-01Z-00-DX1_32256_17408.jpg,TCGA-WS-AB45,TCGA-WS-AB45-01Z-00-DX1,1,0.8200876,1
tumour/TCGA-WS-AB45-01Z-00-DX1_32256_23040.jpg,TCGA-WS-AB45,TCGA-WS-AB45-01Z-00-DX1,1,0.9485084,1
tumour/TCGA-WS-AB45-01Z-00-DX1_32256_24064.jpg,TCGA-WS-AB45,TCGA-WS-AB45-01Z-00-DX1,1,0.99812335,1
tumour/TCGA-WS-AB45-01Z-00-DX1_32256_24576.jpg,TCGA-WS-AB45,TCGA-WS-AB45-01Z-00-DX1,1,0.8782279,1
tumour/TCGA-WS-AB45-01Z-00-DX1_32256_25088.jpg,TCGA-WS-AB45,TCGA-WS-AB45-01Z-00-DX1,1,0.33617288,0
tumour/TCGA-WS-AB45-01Z-00-DX1_32256_25600.jpg,TCGA-WS-AB45,TCGA-WS-AB45-01Z-00-DX1,1,0.91455424,1
tumour/TCGA-WS-AB45-01Z-00-DX1_32256_26624.jpg,TCGA-WS-AB45,TCGA-WS-AB45-01Z-00-DX1,1,0.66155785,1
tumour/TCGA-WS-AB45-01Z-00-DX1_32256_27136.jpg,TCGA-WS-AB45,TCGA-WS-AB45-01Z-00-DX1,1,0.30911183,0
tumour/TCGA-WS-AB45-01Z-00-DX1_32256_27648.jpg,TCGA-WS-AB45,TCGA-WS-AB45-01Z-00-DX1,1,0.8708509,1
tumour/TCGA-WS-AB45-01Z-00-DX1_32256_28672.jpg,TCGA-WS-AB45,TCGA-WS-AB45-01Z-00-DX1,1,0.79136854,1
tumour/TCGA-WS-AB45-01Z-00-DX1_32256_29184.jpg,TCGA-WS-AB45,TCGA-WS-AB45-01Z-00-DX1,1,0.90158176,1
tumour/TCGA-WS-AB45-01Z-00-DX1_32256_29696.jpg,TCGA-WS-AB45,TCGA-WS-AB45-01Z-00-DX1,1,0.4773383,0
tumour/TCGA-WS-AB45-01Z-00-DX1_32256_31232.jpg,TCGA-WS-AB45,TCGA-WS-AB45-01Z-00-DX1,1,0.7749596,1
tumour/TCGA-WS-AB45-01Z-00-DX1_32256_32768.jpg,TCGA-WS-AB45,TCGA-WS-AB45-01Z-00-DX1,1,0.7188406,1
tumour/TCGA-WS-AB45-01Z-00-DX1_32256_4096.jpg,TCGA-WS-AB45,TCGA-WS-AB45-01Z-00-DX1,1,0.92356545,1
tumour/TCGA-WS-AB45-01Z-00-DX1_32256_5632.jpg,TCGA-WS-AB45,TCGA-WS-AB45-01Z-00-DX1,1,0.9409916,1
tumour/TCGA-WS-AB45-01Z-00-DX1_32256_6656.jpg,TCGA-WS-AB45,TCGA-WS-AB45-01Z-00-DX1,1,0.44725904,0
tumour/TCGA-WS-AB45-01Z-00-DX1_32256_7168.jpg,TCGA-WS-AB45,TCGA-WS-AB45-01Z-00-DX1,1,0.59006333,1
tumour/TCGA-WS-AB45-01Z-00-DX1_32256_8192.jpg,TCGA-WS-AB45,TCGA-WS-AB45-01Z-00-DX1,1,0.85140634,1
tumour/TCGA-WS-AB45-01Z-00-DX1_32256_9216.jpg,TCGA-WS-AB45,TCGA-WS-AB45-01Z-00-DX1,1,0.826269,1
tumour/TCGA-WS-AB45-01Z-00-DX1_32768_10240.jpg,TCGA-WS-AB45,TCGA-WS-AB45-01Z-00-DX1,1,0.9892945,1
tumour/TCGA-WS-AB45-01Z-00-DX1_32768_10752.jpg,TCGA-WS-AB45,TCGA-WS-AB45-01Z-00-DX1,1,0.6917017,1
tumour/TCGA-WS-AB45-01Z-00-DX1_32768_12288.jpg,TCGA-WS-AB45,TCGA-WS-AB45-01Z-00-DX1,1,0.03580092,0
tumour/TCGA-WS-AB45-01Z-00-DX1_32768_12800.jpg,TCGA-WS-AB45,TCGA-WS-AB45-01Z-00-DX1,1,0.10061821,0
tumour/TCGA-WS-AB45-01Z-00-DX1_32768_13824.jpg,TCGA-WS-AB45,TCGA-WS-AB45-01Z-00-DX1,1,0.6554243,1
tumour/TCGA-WS-AB45-01Z-00-DX1_32768_16384.jpg,TCGA-WS-AB45,TCGA-WS-AB45-01Z-00-DX1,1,0.80161375,1
tumour/TCGA-WS-AB45-01Z-00-DX1_32768_21504.jpg,TCGA-WS-AB45,TCGA-WS-AB45-01Z-00-DX1,1,0.9756541,1
tumour/TCGA-WS-AB45-01Z-00-DX1_32768_22016.jpg,TCGA-WS-AB45,TCGA-WS-AB45-01Z-00-DX1,1,0.84689224,1
tumour/TCGA-WS-AB45-01Z-00-DX1_32768_22528.jpg,TCGA-WS-AB45,TCGA-WS-AB45-01Z-00-DX1,1,0.9638432,1
tumour/TCGA-WS-AB45-01Z-00-DX1_32768_24064.jpg,TCGA-WS-AB45,TCGA-WS-AB45-01Z-00-DX1,1,0.9678315,1
tumour/TCGA-WS-AB45-01Z-00-DX1_32768_25600.jpg,TCGA-WS-AB45,TCGA-WS-AB45-01Z-00-DX1,1,0.75089765,1
tumour/TCGA-WS-AB45-01Z-00-DX1_32768_26112.jpg,TCGA-WS-AB45,TCGA-WS-AB45-01Z-00-DX1,1,0.56314945,1
tumour/TCGA-WS-AB45-01Z-00-DX1_32768_27136.jpg,TCGA-WS-AB45,TCGA-WS-AB45-01Z-00-DX1,1,0.8446891,1
tumour/TCGA-WS-AB45-01Z-00-DX1_32768_28160.jpg,TCGA-WS-AB45,TCGA-WS-AB45-01Z-00-DX1,1,0.45956627,0
tumour/TCGA-WS-AB45-01Z-00-DX1_32768_28672.jpg,TCGA-WS-AB45,TCGA-WS-AB45-01Z-00-DX1,1,0.20258263,0
tumour/TCGA-WS-AB45-01Z-00-DX1_32768_30208.jpg,TCGA-WS-AB45,TCGA-WS-AB45-01Z-00-DX1,1,0.851955,1
tumour/TCGA-WS-AB45-01Z-00-DX1_32768_30720.jpg,TCGA-WS-AB45,TCGA-WS-AB45-01Z-00-DX1,1,0.6075112,1
tumour/TCGA-WS-AB45-01Z-00-DX1_32768_32768.jpg,TCGA-WS-AB45,TCGA-WS-AB45-01Z-00-DX1,1,0.9651387,1
tumour/TCGA-WS-AB45-01Z-00-DX1_32768_33280.jpg,TCGA-WS-AB45,TCGA-WS-AB45-01Z-00-DX1,1,0.63376504,1
tumour/TCGA-WS-AB45-01Z-00-DX1_32768_4608.jpg,TCGA-WS-AB45,TCGA-WS-AB45-01Z-00-DX1,1,0.94564223,1
tumour/TCGA-WS-AB45-01Z-00-DX1_32768_5632.jpg,TCGA-WS-AB45,TCGA-WS-AB45-01Z-00-DX1,1,0.94306827,1
tumour/TCGA-WS-AB45-01Z-00-DX1_32768_7168.jpg,TCGA-WS-AB45,TCGA-WS-AB45-01Z-00-DX1,1,0.18384252,0
tumour/TCGA-WS-AB45-01Z-00-DX1_32768_7680.jpg,TCGA-WS-AB45,TCGA-WS-AB45-01Z-00-DX1,1,0.71628547,1
tumour/TCGA-WS-AB45-01Z-00-DX1_32768_8704.jpg,TCGA-WS-AB45,TCGA-WS-AB45-01Z-00-DX1,1,0.8029401,1
tumour/TCGA-WS-AB45-01Z-00-DX1_32768_9216.jpg,TCGA-WS-AB45,TCGA-WS-AB45-01Z-00-DX1,1,0.63167113,1
tumour/TCGA-WS-AB45-01Z-00-DX1_32768_9728.jpg,TCGA-WS-AB45,TCGA-WS-AB45-01Z-00-DX1,1,0.7507116,1
tumour/TCGA-WS-AB45-01Z-00-DX1_33280_10240.jpg,TCGA-WS-AB45,TCGA-WS-AB45-01Z-00-DX1,1,0.36308166,0
tumour/TCGA-WS-AB45-01Z-00-DX1_33280_11776.jpg,TCGA-WS-AB45,TCGA-WS-AB45-01Z-00-DX1,1,0.80068696,1
tumour/TCGA-WS-AB45-01Z-00-DX1_33280_13312.jpg,TCGA-WS-AB45,TCGA-WS-AB45-01Z-00-DX1,1,0.0081710825,0
tumour/TCGA-WS-AB45-01Z-00-DX1_33280_13824.jpg,TCGA-WS-AB45,TCGA-WS-AB45-01Z-00-DX1,1,0.119255334,0
tumour/TCGA-WS-AB45-01Z-00-DX1_33280_14336.jpg,TCGA-WS-AB45,TCGA-WS-AB45-01Z-00-DX1,1,0.601134,1
tumour/TCGA-WS-AB45-01Z-00-DX1_33280_14848.jpg,TCGA-WS-AB45,TCGA-WS-AB45-01Z-00-DX1,1,0.2577634,0
tumour/TCGA-WS-AB45-01Z-00-DX1_33280_16896.jpg,TCGA-WS-AB45,TCGA-WS-AB45-01Z-00-DX1,1,0.9196022,1
tumour/TCGA-WS-AB45-01Z-00-DX1_33280_22528.jpg,TCGA-WS-AB45,TCGA-WS-AB45-01Z-00-DX1,1,0.99858284,1
tumour/TCGA-WS-AB45-01Z-00-DX1_33280_23552.jpg,TCGA-WS-AB45,TCGA-WS-AB45-01Z-00-DX1,1,0.9913327,1
tumour/TCGA-WS-AB45-01Z-00-DX1_33280_24064.jpg,TCGA-WS-AB45,TCGA-WS-AB45-01Z-00-DX1,1,0.46032584,0
tumour/TCGA-WS-AB45-01Z-00-DX1_33280_25088.jpg,TCGA-WS-AB45,TCGA-WS-AB45-01Z-00-DX1,1,0.86063194,1
tumour/TCGA-WS-AB45-01Z-00-DX1_33280_26624.jpg,TCGA-WS-AB45,TCGA-WS-AB45-01Z-00-DX1,1,0.88901293,1
tumour/TCGA-WS-AB45-01Z-00-DX1_33280_29696.jpg,TCGA-WS-AB45,TCGA-WS-AB45-01Z-00-DX1,1,0.9211955,1
tumour/TCGA-WS-AB45-01Z-00-DX1_33280_30208.jpg,TCGA-WS-AB45,TCGA-WS-AB45-01Z-00-DX1,1,0.94291526,1
tumour/TCGA-WS-AB45-01Z-00-DX1_33280_5120.jpg,TCGA-WS-AB45,TCGA-WS-AB45-01Z-00-DX1,1,0.21712412,0
tumour/TCGA-WS-AB45-01Z-00-DX1_33280_7168.jpg,TCGA-WS-AB45,TCGA-WS-AB45-01Z-00-DX1,1,0.97803324,1
tumour/TCGA-WS-AB45-01Z-00-DX1_33280_7680.jpg,TCGA-WS-AB45,TCGA-WS-AB45-01Z-00-DX1,1,0.37162626,0
tumour/TCGA-WS-AB45-01Z-00-DX1_33280_8192.jpg,TCGA-WS-AB45,TCGA-WS-AB45-01Z-00-DX1,1,0.80065715,1
tumour/TCGA-WS-AB45-01Z-00-DX1_33280_8704.jpg,TCGA-WS-AB45,TCGA-WS-AB45-01Z-00-DX1,1,0.99464923,1
tumour/TCGA-WS-AB45-01Z-00-DX1_33280_9216.jpg,TCGA-WS-AB45,TCGA-WS-AB45-01Z-00-DX1,1,0.8570122,1
tumour/TCGA-WS-AB45-01Z-00-DX1_33792_11264.jpg,TCGA-WS-AB45,TCGA-WS-AB45-01Z-00-DX1,1,0.9483868,1
tumour/TCGA-WS-AB45-01Z-00-DX1_33792_11776.jpg,TCGA-WS-AB45,TCGA-WS-AB45-01Z-00-DX1,1,0.8943549,1
tumour/TCGA-WS-AB45-01Z-00-DX1_33792_12800.jpg,TCGA-WS-AB45,TCGA-WS-AB45-01Z-00-DX1,1,0.53896725,1
tumour/TCGA-WS-AB45-01Z-00-DX1_33792_13824.jpg,TCGA-WS-AB45,TCGA-WS-AB45-01Z-00-DX1,1,0.18312144,0
tumour/TCGA-WS-AB45-01Z-00-DX1_33792_16384.jpg,TCGA-WS-AB45,TCGA-WS-AB45-01Z-00-DX1,1,0.6243869,1
tumour/TCGA-WS-AB45-01Z-00-DX1_33792_25088.jpg,TCGA-WS-AB45,TCGA-WS-AB45-01Z-00-DX1,1,0.9976344,1
tumour/TCGA-WS-AB45-01Z-00-DX1_33792_25600.jpg,TCGA-WS-AB45,TCGA-WS-AB45-01Z-00-DX1,1,0.8641837,1
tumour/TCGA-WS-AB45-01Z-00-DX1_33792_26624.jpg,TCGA-WS-AB45,TCGA-WS-AB45-01Z-00-DX1,1,0.97833484,1
tumour/TCGA-WS-AB45-01Z-00-DX1_33792_29696.jpg,TCGA-WS-AB45,TCGA-WS-AB45-01Z-00-DX1,1,0.9457129,1
tumour/TCGA-WS-AB45-01Z-00-DX1_33792_31232.jpg,TCGA-WS-AB45,TCGA-WS-AB45-01Z-00-DX1,1,0.81842726,1
tumour/TCGA-WS-AB45-01Z-00-DX1_33792_31744.jpg,TCGA-WS-AB45,TCGA-WS-AB45-01Z-00-DX1,1,0.7727841,1
tumour/TCGA-WS-AB45-01Z-00-DX1_33792_32256.jpg,TCGA-WS-AB45,TCGA-WS-AB45-01Z-00-DX1,1,0.09430746,0
tumour/TCGA-WS-AB45-01Z-00-DX1_33792_5120.jpg,TCGA-WS-AB45,TCGA-WS-AB45-01Z-00-DX1,1,0.7887609,1
tumour/TCGA-WS-AB45-01Z-00-DX1_33792_5632.jpg,TCGA-WS-AB45,TCGA-WS-AB45-01Z-00-DX1,1,0.3106463,0
tumour/TCGA-WS-AB45-01Z-00-DX1_33792_6656.jpg,TCGA-WS-AB45,TCGA-WS-AB45-01Z-00-DX1,1,0.5475204,1
tumour/TCGA-WS-AB45-01Z-00-DX1_33792_7168.jpg,TCGA-WS-AB45,TCGA-WS-AB45-01Z-00-DX1,1,0.8967798,1
tumour/TCGA-WS-AB45-01Z-00-DX1_33792_8192.jpg,TCGA-WS-AB45,TCGA-WS-AB45-01Z-00-DX1,1,0.79943466,1
tumour/TCGA-WS-AB45-01Z-00-DX1_33792_8704.jpg,TCGA-WS-AB45,TCGA-WS-AB45-01Z-00-DX1,1,0.9165128,1
tumour/TCGA-WS-AB45-01Z-00-DX1_33792_9216.jpg,TCGA-WS-AB45,TCGA-WS-AB45-01Z-00-DX1,1,0.71395314,1
tumour/TCGA-WS-AB45-01Z-00-DX1_34304_11264.jpg,TCGA-WS-AB45,TCGA-WS-AB45-01Z-00-DX1,1,0.25258905,0
tumour/TCGA-WS-AB45-01Z-00-DX1_34304_12288.jpg,TCGA-WS-AB45,TCGA-WS-AB45-01Z-00-DX1,1,0.7135136,1
tumour/TCGA-WS-AB45-01Z-00-DX1_34304_13824.jpg,TCGA-WS-AB45,TCGA-WS-AB45-01Z-00-DX1,1,0.9289479,1
tumour/TCGA-WS-AB45-01Z-00-DX1_34304_25088.jpg,TCGA-WS-AB45,TCGA-WS-AB45-01Z-00-DX1,1,0.95459116,1
tumour/TCGA-WS-AB45-01Z-00-DX1_34304_25600.jpg,TCGA-WS-AB45,TCGA-WS-AB45-01Z-00-DX1,1,0.9090699,1
tumour/TCGA-WS-AB45-01Z-00-DX1_34304_26112.jpg,TCGA-WS-AB45,TCGA-WS-AB45-01Z-00-DX1,1,0.97513515,1
tumour/TCGA-WS-AB45-01Z-00-DX1_34304_26624.jpg,TCGA-WS-AB45,TCGA-WS-AB45-01Z-00-DX1,1,0.974667,1
tumour/TCGA-WS-AB45-01Z-00-DX1_34304_27136.jpg,TCGA-WS-AB45,TCGA-WS-AB45-01Z-00-DX1,1,0.94683,1
tumour/TCGA-WS-AB45-01Z-00-DX1_34304_27648.jpg,TCGA-WS-AB45,TCGA-WS-AB45-01Z-00-DX1,1,0.8803651,1
tumour/TCGA-WS-AB45-01Z-00-DX1_34304_28160.jpg,TCGA-WS-AB45,TCGA-WS-AB45-01Z-00-DX1,1,0.8817219,1
tumour/TCGA-WS-AB45-01Z-00-DX1_34304_28672.jpg,TCGA-WS-AB45,TCGA-WS-AB45-01Z-00-DX1,1,0.9706176,1
tumour/TCGA-WS-AB45-01Z-00-DX1_34304_29184.jpg,TCGA-WS-AB45,TCGA-WS-AB45-01Z-00-DX1,1,0.75825685,1
tumour/TCGA-WS-AB45-01Z-00-DX1_34304_30208.jpg,TCGA-WS-AB45,TCGA-WS-AB45-01Z-00-DX1,1,0.8528737,1
tumour/TCGA-WS-AB45-01Z-00-DX1_34304_30720.jpg,TCGA-WS-AB45,TCGA-WS-AB45-01Z-00-DX1,1,0.54480714,1
tumour/TCGA-WS-AB45-01Z-00-DX1_34304_31744.jpg,TCGA-WS-AB45,TCGA-WS-AB45-01Z-00-DX1,1,0.19226627,0
tumour/TCGA-WS-AB45-01Z-00-DX1_34304_4608.jpg,TCGA-WS-AB45,TCGA-WS-AB45-01Z-00-DX1,1,0.9451085,1
tumour/TCGA-WS-AB45-01Z-00-DX1_34304_5120.jpg,TCGA-WS-AB45,TCGA-WS-AB45-01Z-00-DX1,1,0.95131725,1
tumour/TCGA-WS-AB45-01Z-00-DX1_34304_7680.jpg,TCGA-WS-AB45,TCGA-WS-AB45-01Z-00-DX1,1,0.5904169,1
tumour/TCGA-WS-AB45-01Z-00-DX1_34304_9728.jpg,TCGA-WS-AB45,TCGA-WS-AB45-01Z-00-DX1,1,0.05531596,0
tumour/TCGA-WS-AB45-01Z-00-DX1_34816_10240.jpg,TCGA-WS-AB45,TCGA-WS-AB45-01Z-00-DX1,1,0.5537468,1
tumour/TCGA-WS-AB45-01Z-00-DX1_34816_11264.jpg,TCGA-WS-AB45,TCGA-WS-AB45-01Z-00-DX1,1,0.24017677,0
tumour/TCGA-WS-AB45-01Z-00-DX1_34816_12288.jpg,TCGA-WS-AB45,TCGA-WS-AB45-01Z-00-DX1,1,0.35954353,0
tumour/TCGA-WS-AB45-01Z-00-DX1_34816_12800.jpg,TCGA-WS-AB45,TCGA-WS-AB45-01Z-00-DX1,1,0.7146065,1
tumour/TCGA-WS-AB45-01Z-00-DX1_34816_13312.jpg,TCGA-WS-AB45,TCGA-WS-AB45-01Z-00-DX1,1,0.30970573,0
tumour/TCGA-WS-AB45-01Z-00-DX1_34816_13824.jpg,TCGA-WS-AB45,TCGA-WS-AB45-01Z-00-DX1,1,0.47072196,0
tumour/TCGA-WS-AB45-01Z-00-DX1_34816_14336.jpg,TCGA-WS-AB45,TCGA-WS-AB45-01Z-00-DX1,1,0.99594927,1
tumour/TCGA-WS-AB45-01Z-00-DX1_34816_15360.jpg,TCGA-WS-AB45,TCGA-WS-AB45-01Z-00-DX1,1,0.9740069,1
tumour/TCGA-WS-AB45-01Z-00-DX1_34816_27648.jpg,TCGA-WS-AB45,TCGA-WS-AB45-01Z-00-DX1,1,0.93581957,1
tumour/TCGA-WS-AB45-01Z-00-DX1_34816_28160.jpg,TCGA-WS-AB45,TCGA-WS-AB45-01Z-00-DX1,1,0.97183967,1
tumour/TCGA-WS-AB45-01Z-00-DX1_34816_29696.jpg,TCGA-WS-AB45,TCGA-WS-AB45-01Z-00-DX1,1,0.47009444,0
tumour/TCGA-WS-AB45-01Z-00-DX1_34816_30720.jpg,TCGA-WS-AB45,TCGA-WS-AB45-01Z-00-DX1,1,0.49960324,0
tumour/TCGA-WS-AB45-01Z-00-DX1_34816_31232.jpg,TCGA-WS-AB45,TCGA-WS-AB45-01Z-00-DX1,1,0.42434525,0
tumour/TCGA-WS-AB45-01Z-00-DX1_34816_4096.jpg,TCGA-WS-AB45,TCGA-WS-AB45-01Z-00-DX1,1,0.51457405,1
tumour/TCGA-WS-AB45-01Z-00-DX1_34816_4608.jpg,TCGA-WS-AB45,TCGA-WS-AB45-01Z-00-DX1,1,0.7642341,1
tumour/TCGA-WS-AB45-01Z-00-DX1_34816_6144.jpg,TCGA-WS-AB45,TCGA-WS-AB45-01Z-00-DX1,1,0.7326671,1
tumour/TCGA-WS-AB45-01Z-00-DX1_34816_7168.jpg,TCGA-WS-AB45,TCGA-WS-AB45-01Z-00-DX1,1,0.54971254,1
tumour/TCGA-WS-AB45-01Z-00-DX1_34816_7680.jpg,TCGA-WS-AB45,TCGA-WS-AB45-01Z-00-DX1,1,0.95229816,1
tumour/TCGA-WS-AB45-01Z-00-DX1_34816_8192.jpg,TCGA-WS-AB45,TCGA-WS-AB45-01Z-00-DX1,1,0.3412337,0
tumour/TCGA-WS-AB45-01Z-00-DX1_34816_9728.jpg,TCGA-WS-AB45,TCGA-WS-AB45-01Z-00-DX1,1,0.1619114,0
tumour/TCGA-WS-AB45-01Z-00-DX1_35328_11776.jpg,TCGA-WS-AB45,TCGA-WS-AB45-01Z-00-DX1,1,0.5844548,1
tumour/TCGA-WS-AB45-01Z-00-DX1_35328_12800.jpg,TCGA-WS-AB45,TCGA-WS-AB45-01Z-00-DX1,1,0.36132342,0
tumour/TCGA-WS-AB45-01Z-00-DX1_35328_13824.jpg,TCGA-WS-AB45,TCGA-WS-AB45-01Z-00-DX1,1,0.48177725,0
tumour/TCGA-WS-AB45-01Z-00-DX1_35328_4608.jpg,TCGA-WS-AB45,TCGA-WS-AB45-01Z-00-DX1,1,0.9042656,1
tumour/TCGA-WS-AB45-01Z-00-DX1_35328_5120.jpg,TCGA-WS-AB45,TCGA-WS-AB45-01Z-00-DX1,1,0.52467906,1
tumour/TCGA-WS-AB45-01Z-00-DX1_35328_5632.jpg,TCGA-WS-AB45,TCGA-WS-AB45-01Z-00-DX1,1,0.5797237,1
tumour/TCGA-WS-AB45-01Z-00-DX1_35328_6144.jpg,TCGA-WS-AB45,TCGA-WS-AB45-01Z-00-DX1,1,0.8930364,1
tumour/TCGA-WS-AB45-01Z-00-DX1_35328_6656.jpg,TCGA-WS-AB45,TCGA-WS-AB45-01Z-00-DX1,1,0.86818767,1
tumour/TCGA-WS-AB45-01Z-00-DX1_35328_7680.jpg,TCGA-WS-AB45,TCGA-WS-AB45-01Z-00-DX1,1,0.86279625,1
tumour/TCGA-WS-AB45-01Z-00-DX1_35328_8192.jpg,TCGA-WS-AB45,TCGA-WS-AB45-01Z-00-DX1,1,0.6900443,1
tumour/TCGA-WS-AB45-01Z-00-DX1_35328_9216.jpg,TCGA-WS-AB45,TCGA-WS-AB45-01Z-00-DX1,1,0.5142593,1
tumour/TCGA-WS-AB45-01Z-00-DX1_35328_9728.jpg,TCGA-WS-AB45,TCGA-WS-AB45-01Z-00-DX1,1,0.71304196,1
tumour/TCGA-WS-AB45-01Z-00-DX1_35840_10752.jpg,TCGA-WS-AB45,TCGA-WS-AB45-01Z-00-DX1,1,0.3629774,0
tumour/TCGA-WS-AB45-01Z-00-DX1_35840_11264.jpg,TCGA-WS-AB45,TCGA-WS-AB45-01Z-00-DX1,1,0.27827176,0
tumour/TCGA-WS-AB45-01Z-00-DX1_35840_11776.jpg,TCGA-WS-AB45,TCGA-WS-AB45-01Z-00-DX1,1,0.23466058,0
tumour/TCGA-WS-AB45-01Z-00-DX1_35840_12288.jpg,TCGA-WS-AB45,TCGA-WS-AB45-01Z-00-DX1,1,0.08532284,0
tumour/TCGA-WS-AB45-01Z-00-DX1_35840_14848.jpg,TCGA-WS-AB45,TCGA-WS-AB45-01Z-00-DX1,1,0.65449035,1
tumour/TCGA-WS-AB45-01Z-00-DX1_35840_15360.jpg,TCGA-WS-AB45,TCGA-WS-AB45-01Z-00-DX1,1,0.65202224,1
tumour/TCGA-WS-AB45-01Z-00-DX1_35840_5120.jpg,TCGA-WS-AB45,TCGA-WS-AB45-01Z-00-DX1,1,0.8807331,1
tumour/TCGA-WS-AB45-01Z-00-DX1_35840_6656.jpg,TCGA-WS-AB45,TCGA-WS-AB45-01Z-00-DX1,1,0.4237789,0
tumour/TCGA-WS-AB45-01Z-00-DX1_35840_7168.jpg,TCGA-WS-AB45,TCGA-WS-AB45-01Z-00-DX1,1,0.98136216,1
tumour/TCGA-WS-AB45-01Z-00-DX1_35840_8704.jpg,TCGA-WS-AB45,TCGA-WS-AB45-01Z-00-DX1,1,0.27179468,0
tumour/TCGA-WS-AB45-01Z-00-DX1_3584_33792.jpg,TCGA-WS-AB45,TCGA-WS-AB45-01Z-00-DX1,1,0.81316495,1
tumour/TCGA-WS-AB45-01Z-00-DX1_3584_34304.jpg,TCGA-WS-AB45,TCGA-WS-AB45-01Z-00-DX1,1,0.80393595,1
tumour/TCGA-WS-AB45-01Z-00-DX1_3584_35840.jpg,TCGA-WS-AB45,TCGA-WS-AB45-01Z-00-DX1,1,0.7520979,1
tumour/TCGA-WS-AB45-01Z-00-DX1_3584_36864.jpg,TCGA-WS-AB45,TCGA-WS-AB45-01Z-00-DX1,1,0.8401379,1
tumour/TCGA-WS-AB45-01Z-00-DX1_36352_10240.jpg,TCGA-WS-AB45,TCGA-WS-AB45-01Z-00-DX1,1,0.5907501,1
tumour/TCGA-WS-AB45-01Z-00-DX1_36352_11264.jpg,TCGA-WS-AB45,TCGA-WS-AB45-01Z-00-DX1,1,0.77574795,1
tumour/TCGA-WS-AB45-01Z-00-DX1_36352_11776.jpg,TCGA-WS-AB45,TCGA-WS-AB45-01Z-00-DX1,1,0.49349746,0
tumour/TCGA-WS-AB45-01Z-00-DX1_36352_13312.jpg,TCGA-WS-AB45,TCGA-WS-AB45-01Z-00-DX1,1,0.45524147,0
tumour/TCGA-WS-AB45-01Z-00-DX1_36352_13824.jpg,TCGA-WS-AB45,TCGA-WS-AB45-01Z-00-DX1,1,0.27680093,0
tumour/TCGA-WS-AB45-01Z-00-DX1_36352_14848.jpg,TCGA-WS-AB45,TCGA-WS-AB45-01Z-00-DX1,1,0.9150698,1
tumour/TCGA-WS-AB45-01Z-00-DX1_36352_15360.jpg,TCGA-WS-AB45,TCGA-WS-AB45-01Z-00-DX1,1,0.95199955,1
tumour/TCGA-WS-AB45-01Z-00-DX1_36352_31232.jpg,TCGA-WS-AB45,TCGA-WS-AB45-01Z-00-DX1,1,0.55290127,1
tumour/TCGA-WS-AB45-01Z-00-DX1_36352_5120.jpg,TCGA-WS-AB45,TCGA-WS-AB45-01Z-00-DX1,1,0.13500667,0
tumour/TCGA-WS-AB45-01Z-00-DX1_36352_5632.jpg,TCGA-WS-AB45,TCGA-WS-AB45-01Z-00-DX1,1,0.66310316,1
tumour/TCGA-WS-AB45-01Z-00-DX1_36352_6656.jpg,TCGA-WS-AB45,TCGA-WS-AB45-01Z-00-DX1,1,0.8734506,1
tumour/TCGA-WS-AB45-01Z-00-DX1_36352_7680.jpg,TCGA-WS-AB45,TCGA-WS-AB45-01Z-00-DX1,1,0.94628656,1
tumour/TCGA-WS-AB45-01Z-00-DX1_36352_8192.jpg,TCGA-WS-AB45,TCGA-WS-AB45-01Z-00-DX1,1,0.708859,1
tumour/TCGA-WS-AB45-01Z-00-DX1_36352_9216.jpg,TCGA-WS-AB45,TCGA-WS-AB45-01Z-00-DX1,1,0.26411763,0
tumour/TCGA-WS-AB45-01Z-00-DX1_36352_9728.jpg,TCGA-WS-AB45,TCGA-WS-AB45-01Z-00-DX1,1,0.90825826,1
tumour/TCGA-WS-AB45-01Z-00-DX1_36864_10240.jpg,TCGA-WS-AB45,TCGA-WS-AB45-01Z-00-DX1,1,0.4313017,0
tumour/TCGA-WS-AB45-01Z-00-DX1_36864_10752.jpg,TCGA-WS-AB45,TCGA-WS-AB45-01Z-00-DX1,1,0.77896726,1
tumour/TCGA-WS-AB45-01Z-00-DX1_36864_11776.jpg,TCGA-WS-AB45,TCGA-WS-AB45-01Z-00-DX1,1,0.8771167,1
tumour/TCGA-WS-AB45-01Z-00-DX1_36864_13312.jpg,TCGA-WS-AB45,TCGA-WS-AB45-01Z-00-DX1,1,0.50324035,1
tumour/TCGA-WS-AB45-01Z-00-DX1_36864_13824.jpg,TCGA-WS-AB45,TCGA-WS-AB45-01Z-00-DX1,1,0.9822902,1
tumour/TCGA-WS-AB45-01Z-00-DX1_36864_15360.jpg,TCGA-WS-AB45,TCGA-WS-AB45-01Z-00-DX1,1,0.9580806,1
tumour/TCGA-WS-AB45-01Z-00-DX1_36864_15872.jpg,TCGA-WS-AB45,TCGA-WS-AB45-01Z-00-DX1,1,0.8673199,1
tumour/TCGA-WS-AB45-01Z-00-DX1_36864_30208.jpg,TCGA-WS-AB45,TCGA-WS-AB45-01Z-00-DX1,1,0.9304269,1
tumour/TCGA-WS-AB45-01Z-00-DX1_36864_30720.jpg,TCGA-WS-AB45,TCGA-WS-AB45-01Z-00-DX1,1,0.96429414,1
tumour/TCGA-WS-AB45-01Z-00-DX1_36864_32256.jpg,TCGA-WS-AB45,TCGA-WS-AB45-01Z-00-DX1,1,0.7505144,1
tumour/TCGA-WS-AB45-01Z-00-DX1_36864_5632.jpg,TCGA-WS-AB45,TCGA-WS-AB45-01Z-00-DX1,1,0.5670054,1
tumour/TCGA-WS-AB45-01Z-00-DX1_36864_7168.jpg,TCGA-WS-AB45,TCGA-WS-AB45-01Z-00-DX1,1,0.5820784,1
tumour/TCGA-WS-AB45-01Z-00-DX1_36864_7680.jpg,TCGA-WS-AB45,TCGA-WS-AB45-01Z-00-DX1,1,0.7930005,1
tumour/TCGA-WS-AB45-01Z-00-DX1_36864_8704.jpg,TCGA-WS-AB45,TCGA-WS-AB45-01Z-00-DX1,1,0.41217512,0
tumour/TCGA-WS-AB45-01Z-00-DX1_36864_9728.jpg,TCGA-WS-AB45,TCGA-WS-AB45-01Z-00-DX1,1,0.80453646,1
tumour/TCGA-WS-AB45-01Z-00-DX1_37376_10240.jpg,TCGA-WS-AB45,TCGA-WS-AB45-01Z-00-DX1,1,0.7881064,1
tumour/TCGA-WS-AB45-01Z-00-DX1_37376_10752.jpg,TCGA-WS-AB45,TCGA-WS-AB45-01Z-00-DX1,1,0.94492996,1
tumour/TCGA-WS-AB45-01Z-00-DX1_37376_11776.jpg,TCGA-WS-AB45,TCGA-WS-AB45-01Z-00-DX1,1,0.4564168,0
tumour/TCGA-WS-AB45-01Z-00-DX1_37376_13312.jpg,TCGA-WS-AB45,TCGA-WS-AB45-01Z-00-DX1,1,0.41243717,0
tumour/TCGA-WS-AB45-01Z-00-DX1_37376_13824.jpg,TCGA-WS-AB45,TCGA-WS-AB45-01Z-00-DX1,1,0.5556271,1
tumour/TCGA-WS-AB45-01Z-00-DX1_37376_14848.jpg,TCGA-WS-AB45,TCGA-WS-AB45-01Z-00-DX1,1,0.96054024,1
tumour/TCGA-WS-AB45-01Z-00-DX1_37376_15360.jpg,TCGA-WS-AB45,TCGA-WS-AB45-01Z-00-DX1,1,0.9412522,1
tumour/TCGA-WS-AB45-01Z-00-DX1_37376_31744.jpg,TCGA-WS-AB45,TCGA-WS-AB45-01Z-00-DX1,1,0.88555896,1
tumour/TCGA-WS-AB45-01Z-00-DX1_37376_32256.jpg,TCGA-WS-AB45,TCGA-WS-AB45-01Z-00-DX1,1,0.8093431,1
tumour/TCGA-WS-AB45-01Z-00-DX1_37376_6144.jpg,TCGA-WS-AB45,TCGA-WS-AB45-01Z-00-DX1,1,0.81572616,1
tumour/TCGA-WS-AB45-01Z-00-DX1_37376_7168.jpg,TCGA-WS-AB45,TCGA-WS-AB45-01Z-00-DX1,1,0.9784994,1
tumour/TCGA-WS-AB45-01Z-00-DX1_37376_7680.jpg,TCGA-WS-AB45,TCGA-WS-AB45-01Z-00-DX1,1,0.96876615,1
tumour/TCGA-WS-AB45-01Z-00-DX1_37376_8192.jpg,TCGA-WS-AB45,TCGA-WS-AB45-01Z-00-DX1,1,0.8648275,1
tumour/TCGA-WS-AB45-01Z-00-DX1_37376_9216.jpg,TCGA-WS-AB45,TCGA-WS-AB45-01Z-00-DX1,1,0.88429826,1
tumour/TCGA-WS-AB45-01Z-00-DX1_37376_9728.jpg,TCGA-WS-AB45,TCGA-WS-AB45-01Z-00-DX1,1,0.6997021,1
tumour/TCGA-WS-AB45-01Z-00-DX1_37888_10240.jpg,TCGA-WS-AB45,TCGA-WS-AB45-01Z-00-DX1,1,0.97008383,1
tumour/TCGA-WS-AB45-01Z-00-DX1_37888_12800.jpg,TCGA-WS-AB45,TCGA-WS-AB45-01Z-00-DX1,1,0.64566654,1
tumour/TCGA-WS-AB45-01Z-00-DX1_37888_13824.jpg,TCGA-WS-AB45,TCGA-WS-AB45-01Z-00-DX1,1,0.22118756,0
tumour/TCGA-WS-AB45-01Z-00-DX1_37888_14848.jpg,TCGA-WS-AB45,TCGA-WS-AB45-01Z-00-DX1,1,0.78971183,1
tumour/TCGA-WS-AB45-01Z-00-DX1_37888_15360.jpg,TCGA-WS-AB45,TCGA-WS-AB45-01Z-00-DX1,1,0.95831144,1
tumour/TCGA-WS-AB45-01Z-00-DX1_37888_29696.jpg,TCGA-WS-AB45,TCGA-WS-AB45-01Z-00-DX1,1,0.9311014,1
tumour/TCGA-WS-AB45-01Z-00-DX1_37888_30208.jpg,TCGA-WS-AB45,TCGA-WS-AB45-01Z-00-DX1,1,0.9962864,1
tumour/TCGA-WS-AB45-01Z-00-DX1_37888_30720.jpg,TCGA-WS-AB45,TCGA-WS-AB45-01Z-00-DX1,1,0.79342484,1
tumour/TCGA-WS-AB45-01Z-00-DX1_37888_31744.jpg,TCGA-WS-AB45,TCGA-WS-AB45-01Z-00-DX1,1,0.7805118,1
tumour/TCGA-WS-AB45-01Z-00-DX1_37888_5632.jpg,TCGA-WS-AB45,TCGA-WS-AB45-01Z-00-DX1,1,0.94740254,1
tumour/TCGA-WS-AB45-01Z-00-DX1_37888_6144.jpg,TCGA-WS-AB45,TCGA-WS-AB45-01Z-00-DX1,1,0.99447364,1
tumour/TCGA-WS-AB45-01Z-00-DX1_37888_6656.jpg,TCGA-WS-AB45,TCGA-WS-AB45-01Z-00-DX1,1,0.99026006,1
tumour/TCGA-WS-AB45-01Z-00-DX1_37888_7168.jpg,TCGA-WS-AB45,TCGA-WS-AB45-01Z-00-DX1,1,0.975409,1
tumour/TCGA-WS-AB45-01Z-00-DX1_37888_7680.jpg,TCGA-WS-AB45,TCGA-WS-AB45-01Z-00-DX1,1,0.51887846,1
tumour/TCGA-WS-AB45-01Z-00-DX1_37888_8192.jpg,TCGA-WS-AB45,TCGA-WS-AB45-01Z-00-DX1,1,0.9132894,1
tumour/TCGA-WS-AB45-01Z-00-DX1_37888_8704.jpg,TCGA-WS-AB45,TCGA-WS-AB45-01Z-00-DX1,1,0.47115317,0
tumour/TCGA-WS-AB45-01Z-00-DX1_37888_9728.jpg,TCGA-WS-AB45,TCGA-WS-AB45-01Z-00-DX1,1,0.48033303,0
tumour/TCGA-WS-AB45-01Z-00-DX1_38400_10752.jpg,TCGA-WS-AB45,TCGA-WS-AB45-01Z-00-DX1,1,0.6788161,1
tumour/TCGA-WS-AB45-01Z-00-DX1_38400_11264.jpg,TCGA-WS-AB45,TCGA-WS-AB45-01Z-00-DX1,1,0.846738,1
tumour/TCGA-WS-AB45-01Z-00-DX1_38400_12288.jpg,TCGA-WS-AB45,TCGA-WS-AB45-01Z-00-DX1,1,0.237568,0
tumour/TCGA-WS-AB45-01Z-00-DX1_38400_12800.jpg,TCGA-WS-AB45,TCGA-WS-AB45-01Z-00-DX1,1,0.90473795,1
tumour/TCGA-WS-AB45-01Z-00-DX1_38400_14336.jpg,TCGA-WS-AB45,TCGA-WS-AB45-01Z-00-DX1,1,0.7996554,1
tumour/TCGA-WS-AB45-01Z-00-DX1_38400_14848.jpg,TCGA-WS-AB45,TCGA-WS-AB45-01Z-00-DX1,1,0.7342271,1
tumour/TCGA-WS-AB45-01Z-00-DX1_38400_15872.jpg,TCGA-WS-AB45,TCGA-WS-AB45-01Z-00-DX1,1,0.9597192,1
tumour/TCGA-WS-AB45-01Z-00-DX1_38400_29696.jpg,TCGA-WS-AB45,TCGA-WS-AB45-01Z-00-DX1,1,0.96023804,1
tumour/TCGA-WS-AB45-01Z-00-DX1_38400_30208.jpg,TCGA-WS-AB45,TCGA-WS-AB45-01Z-00-DX1,1,0.9508551,1
tumour/TCGA-WS-AB45-01Z-00-DX1_38400_32256.jpg,TCGA-WS-AB45,TCGA-WS-AB45-01Z-00-DX1,1,0.09211009,0
tumour/TCGA-WS-AB45-01Z-00-DX1_38400_5632.jpg,TCGA-WS-AB45,TCGA-WS-AB45-01Z-00-DX1,1,0.013148937,0
tumour/TCGA-WS-AB45-01Z-00-DX1_38400_6144.jpg,TCGA-WS-AB45,TCGA-WS-AB45-01Z-00-DX1,1,0.8504902,1
tumour/TCGA-WS-AB45-01Z-00-DX1_38400_6656.jpg,TCGA-WS-AB45,TCGA-WS-AB45-01Z-00-DX1,1,0.3127609,0
tumour/TCGA-WS-AB45-01Z-00-DX1_38400_7168.jpg,TCGA-WS-AB45,TCGA-WS-AB45-01Z-00-DX1,1,0.9829607,1
tumour/TCGA-WS-AB45-01Z-00-DX1_38400_8192.jpg,TCGA-WS-AB45,TCGA-WS-AB45-01Z-00-DX1,1,0.58717597,1
tumour/TCGA-WS-AB45-01Z-00-DX1_38400_8704.jpg,TCGA-WS-AB45,TCGA-WS-AB45-01Z-00-DX1,1,0.33897668,0
tumour/TCGA-WS-AB45-01Z-00-DX1_38400_9216.jpg,TCGA-WS-AB45,TCGA-WS-AB45-01Z-00-DX1,1,0.70568234,1
tumour/TCGA-WS-AB45-01Z-00-DX1_38912_10752.jpg,TCGA-WS-AB45,TCGA-WS-AB45-01Z-00-DX1,1,0.6272295,1
tumour/TCGA-WS-AB45-01Z-00-DX1_38912_11264.jpg,TCGA-WS-AB45,TCGA-WS-AB45-01Z-00-DX1,1,0.7165679,1
tumour/TCGA-WS-AB45-01Z-00-DX1_38912_12288.jpg,TCGA-WS-AB45,TCGA-WS-AB45-01Z-00-DX1,1,0.20964009,0
tumour/TCGA-WS-AB45-01Z-00-DX1_38912_13824.jpg,TCGA-WS-AB45,TCGA-WS-AB45-01Z-00-DX1,1,0.78898185,1
tumour/TCGA-WS-AB45-01Z-00-DX1_38912_14848.jpg,TCGA-WS-AB45,TCGA-WS-AB45-01Z-00-DX1,1,0.509528,1
tumour/TCGA-WS-AB45-01Z-00-DX1_38912_15360.jpg,TCGA-WS-AB45,TCGA-WS-AB45-01Z-00-DX1,1,0.8796338,1
tumour/TCGA-WS-AB45-01Z-00-DX1_38912_15872.jpg,TCGA-WS-AB45,TCGA-WS-AB45-01Z-00-DX1,1,0.75600034,1
tumour/TCGA-WS-AB45-01Z-00-DX1_38912_28672.jpg,TCGA-WS-AB45,TCGA-WS-AB45-01Z-00-DX1,1,0.8450608,1
tumour/TCGA-WS-AB45-01Z-00-DX1_38912_29184.jpg,TCGA-WS-AB45,TCGA-WS-AB45-01Z-00-DX1,1,0.7427648,1
tumour/TCGA-WS-AB45-01Z-00-DX1_38912_30208.jpg,TCGA-WS-AB45,TCGA-WS-AB45-01Z-00-DX1,1,0.64582473,1
tumour/TCGA-WS-AB45-01Z-00-DX1_38912_30720.jpg,TCGA-WS-AB45,TCGA-WS-AB45-01Z-00-DX1,1,0.7438758,1
tumour/TCGA-WS-AB45-01Z-00-DX1_38912_31744.jpg,TCGA-WS-AB45,TCGA-WS-AB45-01Z-00-DX1,1,0.9793322,1
tumour/TCGA-WS-AB45-01Z-00-DX1_38912_6144.jpg,TCGA-WS-AB45,TCGA-WS-AB45-01Z-00-DX1,1,0.7385555,1
tumour/TCGA-WS-AB45-01Z-00-DX1_38912_6656.jpg,TCGA-WS-AB45,TCGA-WS-AB45-01Z-00-DX1,1,0.9347102,1
tumour/TCGA-WS-AB45-01Z-00-DX1_38912_7168.jpg,TCGA-WS-AB45,TCGA-WS-AB45-01Z-00-DX1,1,0.90105444,1
tumour/TCGA-WS-AB45-01Z-00-DX1_38912_7680.jpg,TCGA-WS-AB45,TCGA-WS-AB45-01Z-00-DX1,1,0.5217829,1
tumour/TCGA-WS-AB45-01Z-00-DX1_38912_8704.jpg,TCGA-WS-AB45,TCGA-WS-AB45-01Z-00-DX1,1,0.51284707,1
tumour/TCGA-WS-AB45-01Z-00-DX1_38912_9216.jpg,TCGA-WS-AB45,TCGA-WS-AB45-01Z-00-DX1,1,0.3205947,0
tumour/TCGA-WS-AB45-01Z-00-DX1_38912_9728.jpg,TCGA-WS-AB45,TCGA-WS-AB45-01Z-00-DX1,1,0.5641405,1
tumour/TCGA-WS-AB45-01Z-00-DX1_39424_10240.jpg,TCGA-WS-AB45,TCGA-WS-AB45-01Z-00-DX1,1,0.72344625,1
tumour/TCGA-WS-AB45-01Z-00-DX1_39424_10752.jpg,TCGA-WS-AB45,TCGA-WS-AB45-01Z-00-DX1,1,0.19656241,0
tumour/TCGA-WS-AB45-01Z-00-DX1_39424_11264.jpg,TCGA-WS-AB45,TCGA-WS-AB45-01Z-00-DX1,1,0.4232649,0
tumour/TCGA-WS-AB45-01Z-00-DX1_39424_11776.jpg,TCGA-WS-AB45,TCGA-WS-AB45-01Z-00-DX1,1,0.5020884,1
tumour/TCGA-WS-AB45-01Z-00-DX1_39424_12288.jpg,TCGA-WS-AB45,TCGA-WS-AB45-01Z-00-DX1,1,0.3928846,0
tumour/TCGA-WS-AB45-01Z-00-DX1_39424_14336.jpg,TCGA-WS-AB45,TCGA-WS-AB45-01Z-00-DX1,1,0.5512632,1
tumour/TCGA-WS-AB45-01Z-00-DX1_39424_14848.jpg,TCGA-WS-AB45,TCGA-WS-AB45-01Z-00-DX1,1,0.9635956,1
tumour/TCGA-WS-AB45-01Z-00-DX1_39424_16384.jpg,TCGA-WS-AB45,TCGA-WS-AB45-01Z-00-DX1,1,0.7763535,1
tumour/TCGA-WS-AB45-01Z-00-DX1_39424_18944.jpg,TCGA-WS-AB45,TCGA-WS-AB45-01Z-00-DX1,1,0.24450065,0
tumour/TCGA-WS-AB45-01Z-00-DX1_39424_29184.jpg,TCGA-WS-AB45,TCGA-WS-AB45-01Z-00-DX1,1,0.9723092,1
tumour/TCGA-WS-AB45-01Z-00-DX1_39424_29696.jpg,TCGA-WS-AB45,TCGA-WS-AB45-01Z-00-DX1,1,0.9919761,1
tumour/TCGA-WS-AB45-01Z-00-DX1_39424_30208.jpg,TCGA-WS-AB45,TCGA-WS-AB45-01Z-00-DX1,1,0.94944066,1
tumour/TCGA-WS-AB45-01Z-00-DX1_39424_31232.jpg,TCGA-WS-AB45,TCGA-WS-AB45-01Z-00-DX1,1,0.9564339,1
tumour/TCGA-WS-AB45-01Z-00-DX1_39424_32768.jpg,TCGA-WS-AB45,TCGA-WS-AB45-01Z-00-DX1,1,0.032581072,0
tumour/TCGA-WS-AB45-01Z-00-DX1_39424_6144.jpg,TCGA-WS-AB45,TCGA-WS-AB45-01Z-00-DX1,1,0.016677532,0
tumour/TCGA-WS-AB45-01Z-00-DX1_39424_6656.jpg,TCGA-WS-AB45,TCGA-WS-AB45-01Z-00-DX1,1,0.9797804,1
tumour/TCGA-WS-AB45-01Z-00-DX1_39424_7680.jpg,TCGA-WS-AB45,TCGA-WS-AB45-01Z-00-DX1,1,0.78564733,1
tumour/TCGA-WS-AB45-01Z-00-DX1_39424_8192.jpg,TCGA-WS-AB45,TCGA-WS-AB45-01Z-00-DX1,1,0.34985757,0
tumour/TCGA-WS-AB45-01Z-00-DX1_39424_8704.jpg,TCGA-WS-AB45,TCGA-WS-AB45-01Z-00-DX1,1,0.8206944,1
tumour/TCGA-WS-AB45-01Z-00-DX1_39424_9216.jpg,TCGA-WS-AB45,TCGA-WS-AB45-01Z-00-DX1,1,0.33429012,0
tumour/TCGA-WS-AB45-01Z-00-DX1_39424_9728.jpg,TCGA-WS-AB45,TCGA-WS-AB45-01Z-00-DX1,1,0.28112745,0
tumour/TCGA-WS-AB45-01Z-00-DX1_39936_10752.jpg,TCGA-WS-AB45,TCGA-WS-AB45-01Z-00-DX1,1,0.9858439,1
tumour/TCGA-WS-AB45-01Z-00-DX1_39936_11264.jpg,TCGA-WS-AB45,TCGA-WS-AB45-01Z-00-DX1,1,0.5672088,1
tumour/TCGA-WS-AB45-01Z-00-DX1_39936_11776.jpg,TCGA-WS-AB45,TCGA-WS-AB45-01Z-00-DX1,1,0.9685075,1
tumour/TCGA-WS-AB45-01Z-00-DX1_39936_12288.jpg,TCGA-WS-AB45,TCGA-WS-AB45-01Z-00-DX1,1,0.81972003,1
tumour/TCGA-WS-AB45-01Z-00-DX1_39936_13312.jpg,TCGA-WS-AB45,TCGA-WS-AB45-01Z-00-DX1,1,0.09709081,0
tumour/TCGA-WS-AB45-01Z-00-DX1_39936_13824.jpg,TCGA-WS-AB45,TCGA-WS-AB45-01Z-00-DX1,1,0.610855,1
tumour/TCGA-WS-AB45-01Z-00-DX1_39936_14848.jpg,TCGA-WS-AB45,TCGA-WS-AB45-01Z-00-DX1,1,0.9097944,1
tumour/TCGA-WS-AB45-01Z-00-DX1_39936_15360.jpg,TCGA-WS-AB45,TCGA-WS-AB45-01Z-00-DX1,1,0.97148144,1
tumour/TCGA-WS-AB45-01Z-00-DX1_39936_16384.jpg,TCGA-WS-AB45,TCGA-WS-AB45-01Z-00-DX1,1,0.94652927,1
tumour/TCGA-WS-AB45-01Z-00-DX1_39936_18432.jpg,TCGA-WS-AB45,TCGA-WS-AB45-01Z-00-DX1,1,0.7249862,1
tumour/TCGA-WS-AB45-01Z-00-DX1_39936_19456.jpg,TCGA-WS-AB45,TCGA-WS-AB45-01Z-00-DX1,1,0.6151544,1
tumour/TCGA-WS-AB45-01Z-00-DX1_39936_26624.jpg,TCGA-WS-AB45,TCGA-WS-AB45-01Z-00-DX1,1,0.012479329,0
tumour/TCGA-WS-AB45-01Z-00-DX1_39936_27648.jpg,TCGA-WS-AB45,TCGA-WS-AB45-01Z-00-DX1,1,0.21527205,0
tumour/TCGA-WS-AB45-01Z-00-DX1_39936_28160.jpg,TCGA-WS-AB45,TCGA-WS-AB45-01Z-00-DX1,1,0.2316107,0
tumour/TCGA-WS-AB45-01Z-00-DX1_39936_28672.jpg,TCGA-WS-AB45,TCGA-WS-AB45-01Z-00-DX1,1,0.39710733,0
tumour/TCGA-WS-AB45-01Z-00-DX1_39936_29184.jpg,TCGA-WS-AB45,TCGA-WS-AB45-01Z-00-DX1,1,0.9128092,1
tumour/TCGA-WS-AB45-01Z-00-DX1_39936_30208.jpg,TCGA-WS-AB45,TCGA-WS-AB45-01Z-00-DX1,1,0.79274243,1
tumour/TCGA-WS-AB45-01Z-00-DX1_39936_31232.jpg,TCGA-WS-AB45,TCGA-WS-AB45-01Z-00-DX1,1,0.95796585,1
tumour/TCGA-WS-AB45-01Z-00-DX1_39936_31744.jpg,TCGA-WS-AB45,TCGA-WS-AB45-01Z-00-DX1,1,0.87512815,1
tumour/TCGA-WS-AB45-01Z-00-DX1_39936_6656.jpg,TCGA-WS-AB45,TCGA-WS-AB45-01Z-00-DX1,1,0.7095474,1
tumour/TCGA-WS-AB45-01Z-00-DX1_39936_8192.jpg,TCGA-WS-AB45,TCGA-WS-AB45-01Z-00-DX1,1,0.2517096,0
tumour/TCGA-WS-AB45-01Z-00-DX1_39936_9216.jpg,TCGA-WS-AB45,TCGA-WS-AB45-01Z-00-DX1,1,0.28226405,0
tumour/TCGA-WS-AB45-01Z-00-DX1_39936_9728.jpg,TCGA-WS-AB45,TCGA-WS-AB45-01Z-00-DX1,1,0.25603634,0
tumour/TCGA-WS-AB45-01Z-00-DX1_40448_10752.jpg,TCGA-WS-AB45,TCGA-WS-AB45-01Z-00-DX1,1,0.13341115,0
tumour/TCGA-WS-AB45-01Z-00-DX1_40448_11264.jpg,TCGA-WS-AB45,TCGA-WS-AB45-01Z-00-DX1,1,0.8369382,1
tumour/TCGA-WS-AB45-01Z-00-DX1_40448_12288.jpg,TCGA-WS-AB45,TCGA-WS-AB45-01Z-00-DX1,1,0.3519583,0
tumour/TCGA-WS-AB45-01Z-00-DX1_40448_12800.jpg,TCGA-WS-AB45,TCGA-WS-AB45-01Z-00-DX1,1,0.80886674,1
tumour/TCGA-WS-AB45-01Z-00-DX1_40448_13312.jpg,TCGA-WS-AB45,TCGA-WS-AB45-01Z-00-DX1,1,0.4545778,0
tumour/TCGA-WS-AB45-01Z-00-DX1_40448_14336.jpg,TCGA-WS-AB45,TCGA-WS-AB45-01Z-00-DX1,1,0.712998,1
tumour/TCGA-WS-AB45-01Z-00-DX1_40448_15872.jpg,TCGA-WS-AB45,TCGA-WS-AB45-01Z-00-DX1,1,0.8423204,1
tumour/TCGA-WS-AB45-01Z-00-DX1_40448_18432.jpg,TCGA-WS-AB45,TCGA-WS-AB45-01Z-00-DX1,1,0.14445822,0
tumour/TCGA-WS-AB45-01Z-00-DX1_40448_18944.jpg,TCGA-WS-AB45,TCGA-WS-AB45-01Z-00-DX1,1,0.90875703,1
tumour/TCGA-WS-AB45-01Z-00-DX1_40448_27136.jpg,TCGA-WS-AB45,TCGA-WS-AB45-01Z-00-DX1,1,0.82092154,1
tumour/TCGA-WS-AB45-01Z-00-DX1_40448_28160.jpg,TCGA-WS-AB45,TCGA-WS-AB45-01Z-00-DX1,1,0.17385007,0
tumour/TCGA-WS-AB45-01Z-00-DX1_40448_29184.jpg,TCGA-WS-AB45,TCGA-WS-AB45-01Z-00-DX1,1,0.76335275,1
tumour/TCGA-WS-AB45-01Z-00-DX1_40448_29696.jpg,TCGA-WS-AB45,TCGA-WS-AB45-01Z-00-DX1,1,0.27408814,0
tumour/TCGA-WS-AB45-01Z-00-DX1_40448_30208.jpg,TCGA-WS-AB45,TCGA-WS-AB45-01Z-00-DX1,1,0.48532048,0
tumour/TCGA-WS-AB45-01Z-00-DX1_40448_31232.jpg,TCGA-WS-AB45,TCGA-WS-AB45-01Z-00-DX1,1,0.9034695,1
tumour/TCGA-WS-AB45-01Z-00-DX1_40448_31744.jpg,TCGA-WS-AB45,TCGA-WS-AB45-01Z-00-DX1,1,0.7760916,1
tumour/TCGA-WS-AB45-01Z-00-DX1_40448_32768.jpg,TCGA-WS-AB45,TCGA-WS-AB45-01Z-00-DX1,1,0.18123308,0
tumour/TCGA-WS-AB45-01Z-00-DX1_40448_7168.jpg,TCGA-WS-AB45,TCGA-WS-AB45-01Z-00-DX1,1,0.19113714,0
tumour/TCGA-WS-AB45-01Z-00-DX1_40448_9216.jpg,TCGA-WS-AB45,TCGA-WS-AB45-01Z-00-DX1,1,0.08287548,0
tumour/TCGA-WS-AB45-01Z-00-DX1_40960_11264.jpg,TCGA-WS-AB45,TCGA-WS-AB45-01Z-00-DX1,1,0.13601448,0
tumour/TCGA-WS-AB45-01Z-00-DX1_40960_11776.jpg,TCGA-WS-AB45,TCGA-WS-AB45-01Z-00-DX1,1,0.7345502,1
tumour/TCGA-WS-AB45-01Z-00-DX1_40960_12800.jpg,TCGA-WS-AB45,TCGA-WS-AB45-01Z-00-DX1,1,0.43700352,0
tumour/TCGA-WS-AB45-01Z-00-DX1_40960_13312.jpg,TCGA-WS-AB45,TCGA-WS-AB45-01Z-00-DX1,1,0.1036149,0
tumour/TCGA-WS-AB45-01Z-00-DX1_40960_13824.jpg,TCGA-WS-AB45,TCGA-WS-AB45-01Z-00-DX1,1,0.22594331,0
tumour/TCGA-WS-AB45-01Z-00-DX1_40960_14848.jpg,TCGA-WS-AB45,TCGA-WS-AB45-01Z-00-DX1,1,0.6408729,1
tumour/TCGA-WS-AB45-01Z-00-DX1_40960_15360.jpg,TCGA-WS-AB45,TCGA-WS-AB45-01Z-00-DX1,1,0.41016665,0
tumour/TCGA-WS-AB45-01Z-00-DX1_40960_16384.jpg,TCGA-WS-AB45,TCGA-WS-AB45-01Z-00-DX1,1,0.07181666,0
tumour/TCGA-WS-AB45-01Z-00-DX1_40960_16896.jpg,TCGA-WS-AB45,TCGA-WS-AB45-01Z-00-DX1,1,0.80936134,1
tumour/TCGA-WS-AB45-01Z-00-DX1_40960_17920.jpg,TCGA-WS-AB45,TCGA-WS-AB45-01Z-00-DX1,1,0.65058726,1
tumour/TCGA-WS-AB45-01Z-00-DX1_40960_18432.jpg,TCGA-WS-AB45,TCGA-WS-AB45-01Z-00-DX1,1,0.8646348,1
tumour/TCGA-WS-AB45-01Z-00-DX1_40960_19456.jpg,TCGA-WS-AB45,TCGA-WS-AB45-01Z-00-DX1,1,0.08361836,0
tumour/TCGA-WS-AB45-01Z-00-DX1_40960_20992.jpg,TCGA-WS-AB45,TCGA-WS-AB45-01Z-00-DX1,1,0.75144476,1
tumour/TCGA-WS-AB45-01Z-00-DX1_40960_25088.jpg,TCGA-WS-AB45,TCGA-WS-AB45-01Z-00-DX1,1,0.3554621,0
tumour/TCGA-WS-AB45-01Z-00-DX1_40960_25600.jpg,TCGA-WS-AB45,TCGA-WS-AB45-01Z-00-DX1,1,0.90333855,1
tumour/TCGA-WS-AB45-01Z-00-DX1_40960_26624.jpg,TCGA-WS-AB45,TCGA-WS-AB45-01Z-00-DX1,1,0.72467333,1
tumour/TCGA-WS-AB45-01Z-00-DX1_40960_28672.jpg,TCGA-WS-AB45,TCGA-WS-AB45-01Z-00-DX1,1,0.66936064,1
tumour/TCGA-WS-AB45-01Z-00-DX1_40960_29184.jpg,TCGA-WS-AB45,TCGA-WS-AB45-01Z-00-DX1,1,0.6600862,1
tumour/TCGA-WS-AB45-01Z-00-DX1_40960_29696.jpg,TCGA-WS-AB45,TCGA-WS-AB45-01Z-00-DX1,1,0.989062,1
tumour/TCGA-WS-AB45-01Z-00-DX1_40960_32256.jpg,TCGA-WS-AB45,TCGA-WS-AB45-01Z-00-DX1,1,0.887101,1
tumour/TCGA-WS-AB45-01Z-00-DX1_40960_32768.jpg,TCGA-WS-AB45,TCGA-WS-AB45-01Z-00-DX1,1,0.72493565,1
tumour/TCGA-WS-AB45-01Z-00-DX1_40960_8192.jpg,TCGA-WS-AB45,TCGA-WS-AB45-01Z-00-DX1,1,0.23101263,0
tumour/TCGA-WS-AB45-01Z-00-DX1_40960_9216.jpg,TCGA-WS-AB45,TCGA-WS-AB45-01Z-00-DX1,1,0.14248817,0
tumour/TCGA-WS-AB45-01Z-00-DX1_4096_33280.jpg,TCGA-WS-AB45,TCGA-WS-AB45-01Z-00-DX1,1,0.4298459,0
tumour/TCGA-WS-AB45-01Z-00-DX1_4096_33792.jpg,TCGA-WS-AB45,TCGA-WS-AB45-01Z-00-DX1,1,0.41100174,0
tumour/TCGA-WS-AB45-01Z-00-DX1_4096_34304.jpg,TCGA-WS-AB45,TCGA-WS-AB45-01Z-00-DX1,1,0.3722138,0
tumour/TCGA-WS-AB45-01Z-00-DX1_4096_34816.jpg,TCGA-WS-AB45,TCGA-WS-AB45-01Z-00-DX1,1,0.8627317,1
tumour/TCGA-WS-AB45-01Z-00-DX1_4096_35840.jpg,TCGA-WS-AB45,TCGA-WS-AB45-01Z-00-DX1,1,0.8485305,1
tumour/TCGA-WS-AB45-01Z-00-DX1_41472_10240.jpg,TCGA-WS-AB45,TCGA-WS-AB45-01Z-00-DX1,1,0.94106096,1
tumour/TCGA-WS-AB45-01Z-00-DX1_41472_10752.jpg,TCGA-WS-AB45,TCGA-WS-AB45-01Z-00-DX1,1,0.931173,1
tumour/TCGA-WS-AB45-01Z-00-DX1_41472_11776.jpg,TCGA-WS-AB45,TCGA-WS-AB45-01Z-00-DX1,1,0.9115814,1
tumour/TCGA-WS-AB45-01Z-00-DX1_41472_12288.jpg,TCGA-WS-AB45,TCGA-WS-AB45-01Z-00-DX1,1,0.680548,1
tumour/TCGA-WS-AB45-01Z-00-DX1_41472_13312.jpg,TCGA-WS-AB45,TCGA-WS-AB45-01Z-00-DX1,1,0.5517755,1
tumour/TCGA-WS-AB45-01Z-00-DX1_41472_14336.jpg,TCGA-WS-AB45,TCGA-WS-AB45-01Z-00-DX1,1,0.97577,1
tumour/TCGA-WS-AB45-01Z-00-DX1_41472_16384.jpg,TCGA-WS-AB45,TCGA-WS-AB45-01Z-00-DX1,1,0.60496366,1
tumour/TCGA-WS-AB45-01Z-00-DX1_41472_17920.jpg,TCGA-WS-AB45,TCGA-WS-AB45-01Z-00-DX1,1,0.5048069,1
tumour/TCGA-WS-AB45-01Z-00-DX1_41472_18944.jpg,TCGA-WS-AB45,TCGA-WS-AB45-01Z-00-DX1,1,0.5583791,1
tumour/TCGA-WS-AB45-01Z-00-DX1_41472_19456.jpg,TCGA-WS-AB45,TCGA-WS-AB45-01Z-00-DX1,1,0.7221033,1
tumour/TCGA-WS-AB45-01Z-00-DX1_41472_20480.jpg,TCGA-WS-AB45,TCGA-WS-AB45-01Z-00-DX1,1,0.30605578,0
tumour/TCGA-WS-AB45-01Z-00-DX1_41472_22016.jpg,TCGA-WS-AB45,TCGA-WS-AB45-01Z-00-DX1,1,0.9302029,1
tumour/TCGA-WS-AB45-01Z-00-DX1_41472_22528.jpg,TCGA-WS-AB45,TCGA-WS-AB45-01Z-00-DX1,1,0.95841795,1
tumour/TCGA-WS-AB45-01Z-00-DX1_41472_23040.jpg,TCGA-WS-AB45,TCGA-WS-AB45-01Z-00-DX1,1,0.5270989,1
tumour/TCGA-WS-AB45-01Z-00-DX1_41472_24064.jpg,TCGA-WS-AB45,TCGA-WS-AB45-01Z-00-DX1,1,0.9523077,1
tumour/TCGA-WS-AB45-01Z-00-DX1_41472_24576.jpg,TCGA-WS-AB45,TCGA-WS-AB45-01Z-00-DX1,1,0.93976456,1
tumour/TCGA-WS-AB45-01Z-00-DX1_41472_26624.jpg,TCGA-WS-AB45,TCGA-WS-AB45-01Z-00-DX1,1,0.97043544,1
tumour/TCGA-WS-AB45-01Z-00-DX1_41472_27136.jpg,TCGA-WS-AB45,TCGA-WS-AB45-01Z-00-DX1,1,0.7832164,1
tumour/TCGA-WS-AB45-01Z-00-DX1_41472_28160.jpg,TCGA-WS-AB45,TCGA-WS-AB45-01Z-00-DX1,1,0.8722834,1
tumour/TCGA-WS-AB45-01Z-00-DX1_41472_30208.jpg,TCGA-WS-AB45,TCGA-WS-AB45-01Z-00-DX1,1,0.42990777,0
tumour/TCGA-WS-AB45-01Z-00-DX1_41472_30720.jpg,TCGA-WS-AB45,TCGA-WS-AB45-01Z-00-DX1,1,0.5575725,1
tumour/TCGA-WS-AB45-01Z-00-DX1_41472_8192.jpg,TCGA-WS-AB45,TCGA-WS-AB45-01Z-00-DX1,1,0.27109066,0
tumour/TCGA-WS-AB45-01Z-00-DX1_41472_8704.jpg,TCGA-WS-AB45,TCGA-WS-AB45-01Z-00-DX1,1,0.46601048,0
tumour/TCGA-WS-AB45-01Z-00-DX1_41472_9216.jpg,TCGA-WS-AB45,TCGA-WS-AB45-01Z-00-DX1,1,0.3692925,0
tumour/TCGA-WS-AB45-01Z-00-DX1_41984_10240.jpg,TCGA-WS-AB45,TCGA-WS-AB45-01Z-00-DX1,1,0.73300415,1
tumour/TCGA-WS-AB45-01Z-00-DX1_41984_10752.jpg,TCGA-WS-AB45,TCGA-WS-AB45-01Z-00-DX1,1,0.4651213,0
tumour/TCGA-WS-AB45-01Z-00-DX1_41984_12800.jpg,TCGA-WS-AB45,TCGA-WS-AB45-01Z-00-DX1,1,0.25869215,0
tumour/TCGA-WS-AB45-01Z-00-DX1_41984_13312.jpg,TCGA-WS-AB45,TCGA-WS-AB45-01Z-00-DX1,1,0.90884596,1
tumour/TCGA-WS-AB45-01Z-00-DX1_41984_13824.jpg,TCGA-WS-AB45,TCGA-WS-AB45-01Z-00-DX1,1,0.9593748,1
tumour/TCGA-WS-AB45-01Z-00-DX1_41984_14336.jpg,TCGA-WS-AB45,TCGA-WS-AB45-01Z-00-DX1,1,0.87662446,1
tumour/TCGA-WS-AB45-01Z-00-DX1_41984_15360.jpg,TCGA-WS-AB45,TCGA-WS-AB45-01Z-00-DX1,1,0.28687346,0
tumour/TCGA-WS-AB45-01Z-00-DX1_41984_16384.jpg,TCGA-WS-AB45,TCGA-WS-AB45-01Z-00-DX1,1,0.9839076,1
tumour/TCGA-WS-AB45-01Z-00-DX1_41984_17920.jpg,TCGA-WS-AB45,TCGA-WS-AB45-01Z-00-DX1,1,0.65416455,1
tumour/TCGA-WS-AB45-01Z-00-DX1_41984_18432.jpg,TCGA-WS-AB45,TCGA-WS-AB45-01Z-00-DX1,1,0.8404765,1
tumour/TCGA-WS-AB45-01Z-00-DX1_41984_18944.jpg,TCGA-WS-AB45,TCGA-WS-AB45-01Z-00-DX1,1,0.9443976,1
tumour/TCGA-WS-AB45-01Z-00-DX1_41984_19456.jpg,TCGA-WS-AB45,TCGA-WS-AB45-01Z-00-DX1,1,0.67007285,1
tumour/TCGA-WS-AB45-01Z-00-DX1_41984_20480.jpg,TCGA-WS-AB45,TCGA-WS-AB45-01Z-00-DX1,1,0.68456846,1
tumour/TCGA-WS-AB45-01Z-00-DX1_41984_20992.jpg,TCGA-WS-AB45,TCGA-WS-AB45-01Z-00-DX1,1,0.96889055,1
tumour/TCGA-WS-AB45-01Z-00-DX1_41984_22528.jpg,TCGA-WS-AB45,TCGA-WS-AB45-01Z-00-DX1,1,0.99938154,1
tumour/TCGA-WS-AB45-01Z-00-DX1_41984_23040.jpg,TCGA-WS-AB45,TCGA-WS-AB45-01Z-00-DX1,1,0.93739057,1
tumour/TCGA-WS-AB45-01Z-00-DX1_41984_25600.jpg,TCGA-WS-AB45,TCGA-WS-AB45-01Z-00-DX1,1,0.9737868,1
tumour/TCGA-WS-AB45-01Z-00-DX1_41984_26112.jpg,TCGA-WS-AB45,TCGA-WS-AB45-01Z-00-DX1,1,0.94532126,1
tumour/TCGA-WS-AB45-01Z-00-DX1_41984_28672.jpg,TCGA-WS-AB45,TCGA-WS-AB45-01Z-00-DX1,1,0.7632034,1
tumour/TCGA-WS-AB45-01Z-00-DX1_41984_29184.jpg,TCGA-WS-AB45,TCGA-WS-AB45-01Z-00-DX1,1,0.89943314,1
tumour/TCGA-WS-AB45-01Z-00-DX1_41984_29696.jpg,TCGA-WS-AB45,TCGA-WS-AB45-01Z-00-DX1,1,0.837803,1
tumour/TCGA-WS-AB45-01Z-00-DX1_41984_30208.jpg,TCGA-WS-AB45,TCGA-WS-AB45-01Z-00-DX1,1,0.9861702,1
tumour/TCGA-WS-AB45-01Z-00-DX1_41984_30720.jpg,TCGA-WS-AB45,TCGA-WS-AB45-01Z-00-DX1,1,0.866173,1
tumour/TCGA-WS-AB45-01Z-00-DX1_41984_31744.jpg,TCGA-WS-AB45,TCGA-WS-AB45-01Z-00-DX1,1,0.7549193,1
tumour/TCGA-WS-AB45-01Z-00-DX1_41984_32256.jpg,TCGA-WS-AB45,TCGA-WS-AB45-01Z-00-DX1,1,0.8173194,1
tumour/TCGA-WS-AB45-01Z-00-DX1_41984_32768.jpg,TCGA-WS-AB45,TCGA-WS-AB45-01Z-00-DX1,1,0.08306972,0
tumour/TCGA-WS-AB45-01Z-00-DX1_41984_7680.jpg,TCGA-WS-AB45,TCGA-WS-AB45-01Z-00-DX1,1,0.46104375,0
tumour/TCGA-WS-AB45-01Z-00-DX1_41984_8192.jpg,TCGA-WS-AB45,TCGA-WS-AB45-01Z-00-DX1,1,0.32618803,0
tumour/TCGA-WS-AB45-01Z-00-DX1_41984_8704.jpg,TCGA-WS-AB45,TCGA-WS-AB45-01Z-00-DX1,1,0.17459299,0
tumour/TCGA-WS-AB45-01Z-00-DX1_41984_9728.jpg,TCGA-WS-AB45,TCGA-WS-AB45-01Z-00-DX1,1,0.551663,1
tumour/TCGA-WS-AB45-01Z-00-DX1_42496_10240.jpg,TCGA-WS-AB45,TCGA-WS-AB45-01Z-00-DX1,1,0.682094,1
tumour/TCGA-WS-AB45-01Z-00-DX1_42496_11776.jpg,TCGA-WS-AB45,TCGA-WS-AB45-01Z-00-DX1,1,0.20532872,0
tumour/TCGA-WS-AB45-01Z-00-DX1_42496_12288.jpg,TCGA-WS-AB45,TCGA-WS-AB45-01Z-00-DX1,1,0.45465767,0
tumour/TCGA-WS-AB45-01Z-00-DX1_42496_12800.jpg,TCGA-WS-AB45,TCGA-WS-AB45-01Z-00-DX1,1,0.62872845,1
tumour/TCGA-WS-AB45-01Z-00-DX1_42496_15872.jpg,TCGA-WS-AB45,TCGA-WS-AB45-01Z-00-DX1,1,0.66148347,1
tumour/TCGA-WS-AB45-01Z-00-DX1_42496_16896.jpg,TCGA-WS-AB45,TCGA-WS-AB45-01Z-00-DX1,1,0.66903347,1
tumour/TCGA-WS-AB45-01Z-00-DX1_42496_18432.jpg,TCGA-WS-AB45,TCGA-WS-AB45-01Z-00-DX1,1,0.3700653,0
tumour/TCGA-WS-AB45-01Z-00-DX1_42496_18944.jpg,TCGA-WS-AB45,TCGA-WS-AB45-01Z-00-DX1,1,0.85785896,1
tumour/TCGA-WS-AB45-01Z-00-DX1_42496_19456.jpg,TCGA-WS-AB45,TCGA-WS-AB45-01Z-00-DX1,1,0.85668516,1
tumour/TCGA-WS-AB45-01Z-00-DX1_42496_20480.jpg,TCGA-WS-AB45,TCGA-WS-AB45-01Z-00-DX1,1,0.24541843,0
tumour/TCGA-WS-AB45-01Z-00-DX1_42496_20992.jpg,TCGA-WS-AB45,TCGA-WS-AB45-01Z-00-DX1,1,0.99684334,1
tumour/TCGA-WS-AB45-01Z-00-DX1_42496_21504.jpg,TCGA-WS-AB45,TCGA-WS-AB45-01Z-00-DX1,1,0.9820586,1
tumour/TCGA-WS-AB45-01Z-00-DX1_42496_25600.jpg,TCGA-WS-AB45,TCGA-WS-AB45-01Z-00-DX1,1,0.9397411,1
tumour/TCGA-WS-AB45-01Z-00-DX1_42496_26112.jpg,TCGA-WS-AB45,TCGA-WS-AB45-01Z-00-DX1,1,0.30617484,0
tumour/TCGA-WS-AB45-01Z-00-DX1_42496_27136.jpg,TCGA-WS-AB45,TCGA-WS-AB45-01Z-00-DX1,1,0.9016671,1
tumour/TCGA-WS-AB45-01Z-00-DX1_42496_27648.jpg,TCGA-WS-AB45,TCGA-WS-AB45-01Z-00-DX1,1,0.42275524,0
tumour/TCGA-WS-AB45-01Z-00-DX1_42496_28160.jpg,TCGA-WS-AB45,TCGA-WS-AB45-01Z-00-DX1,1,0.6732375,1
tumour/TCGA-WS-AB45-01Z-00-DX1_42496_29696.jpg,TCGA-WS-AB45,TCGA-WS-AB45-01Z-00-DX1,1,0.8495187,1
tumour/TCGA-WS-AB45-01Z-00-DX1_42496_31744.jpg,TCGA-WS-AB45,TCGA-WS-AB45-01Z-00-DX1,1,0.9439519,1
tumour/TCGA-WS-AB45-01Z-00-DX1_42496_32256.jpg,TCGA-WS-AB45,TCGA-WS-AB45-01Z-00-DX1,1,0.8869291,1
tumour/TCGA-WS-AB45-01Z-00-DX1_42496_9216.jpg,TCGA-WS-AB45,TCGA-WS-AB45-01Z-00-DX1,1,0.42481622,0
tumour/TCGA-WS-AB45-01Z-00-DX1_42496_9728.jpg,TCGA-WS-AB45,TCGA-WS-AB45-01Z-00-DX1,1,0.48414707,0
tumour/TCGA-WS-AB45-01Z-00-DX1_43008_10240.jpg,TCGA-WS-AB45,TCGA-WS-AB45-01Z-00-DX1,1,0.707695,1
tumour/TCGA-WS-AB45-01Z-00-DX1_43008_10752.jpg,TCGA-WS-AB45,TCGA-WS-AB45-01Z-00-DX1,1,0.9593137,1
tumour/TCGA-WS-AB45-01Z-00-DX1_43008_11776.jpg,TCGA-WS-AB45,TCGA-WS-AB45-01Z-00-DX1,1,0.59477913,1
tumour/TCGA-WS-AB45-01Z-00-DX1_43008_13312.jpg,TCGA-WS-AB45,TCGA-WS-AB45-01Z-00-DX1,1,0.9698869,1
tumour/TCGA-WS-AB45-01Z-00-DX1_43008_13824.jpg,TCGA-WS-AB45,TCGA-WS-AB45-01Z-00-DX1,1,0.8006884,1
tumour/TCGA-WS-AB45-01Z-00-DX1_43008_14336.jpg,TCGA-WS-AB45,TCGA-WS-AB45-01Z-00-DX1,1,0.03004858,0
tumour/TCGA-WS-AB45-01Z-00-DX1_43008_14848.jpg,TCGA-WS-AB45,TCGA-WS-AB45-01Z-00-DX1,1,0.78606254,1
tumour/TCGA-WS-AB45-01Z-00-DX1_43008_15872.jpg,TCGA-WS-AB45,TCGA-WS-AB45-01Z-00-DX1,1,0.972998,1
tumour/TCGA-WS-AB45-01Z-00-DX1_43008_16896.jpg,TCGA-WS-AB45,TCGA-WS-AB45-01Z-00-DX1,1,0.98316145,1
tumour/TCGA-WS-AB45-01Z-00-DX1_43008_18432.jpg,TCGA-WS-AB45,TCGA-WS-AB45-01Z-00-DX1,1,0.44667545,0
tumour/TCGA-WS-AB45-01Z-00-DX1_43008_19456.jpg,TCGA-WS-AB45,TCGA-WS-AB45-01Z-00-DX1,1,0.99476,1
tumour/TCGA-WS-AB45-01Z-00-DX1_43008_19968.jpg,TCGA-WS-AB45,TCGA-WS-AB45-01Z-00-DX1,1,0.6316958,1
tumour/TCGA-WS-AB45-01Z-00-DX1_43008_20480.jpg,TCGA-WS-AB45,TCGA-WS-AB45-01Z-00-DX1,1,0.96188426,1
tumour/TCGA-WS-AB45-01Z-00-DX1_43008_21504.jpg,TCGA-WS-AB45,TCGA-WS-AB45-01Z-00-DX1,1,0.2862165,0
tumour/TCGA-WS-AB45-01Z-00-DX1_43008_22016.jpg,TCGA-WS-AB45,TCGA-WS-AB45-01Z-00-DX1,1,0.9626238,1
tumour/TCGA-WS-AB45-01Z-00-DX1_43008_22528.jpg,TCGA-WS-AB45,TCGA-WS-AB45-01Z-00-DX1,1,0.62451154,1
tumour/TCGA-WS-AB45-01Z-00-DX1_43008_23040.jpg,TCGA-WS-AB45,TCGA-WS-AB45-01Z-00-DX1,1,0.9386631,1
tumour/TCGA-WS-AB45-01Z-00-DX1_43008_23552.jpg,TCGA-WS-AB45,TCGA-WS-AB45-01Z-00-DX1,1,0.4034523,0
tumour/TCGA-WS-AB45-01Z-00-DX1_43008_24064.jpg,TCGA-WS-AB45,TCGA-WS-AB45-01Z-00-DX1,1,0.7619978,1
tumour/TCGA-WS-AB45-01Z-00-DX1_43008_25088.jpg,TCGA-WS-AB45,TCGA-WS-AB45-01Z-00-DX1,1,0.9863869,1
tumour/TCGA-WS-AB45-01Z-00-DX1_43008_27136.jpg,TCGA-WS-AB45,TCGA-WS-AB45-01Z-00-DX1,1,0.8978851,1
tumour/TCGA-WS-AB45-01Z-00-DX1_43008_27648.jpg,TCGA-WS-AB45,TCGA-WS-AB45-01Z-00-DX1,1,0.8965648,1
tumour/TCGA-WS-AB45-01Z-00-DX1_43008_28160.jpg,TCGA-WS-AB45,TCGA-WS-AB45-01Z-00-DX1,1,0.93951815,1
tumour/TCGA-WS-AB45-01Z-00-DX1_43008_29184.jpg,TCGA-WS-AB45,TCGA-WS-AB45-01Z-00-DX1,1,0.8867262,1
tumour/TCGA-WS-AB45-01Z-00-DX1_43008_29696.jpg,TCGA-WS-AB45,TCGA-WS-AB45-01Z-00-DX1,1,0.77246904,1
tumour/TCGA-WS-AB45-01Z-00-DX1_43008_31232.jpg,TCGA-WS-AB45,TCGA-WS-AB45-01Z-00-DX1,1,0.99289376,1
tumour/TCGA-WS-AB45-01Z-00-DX1_43008_32256.jpg,TCGA-WS-AB45,TCGA-WS-AB45-01Z-00-DX1,1,0.92794675,1
tumour/TCGA-WS-AB45-01Z-00-DX1_43008_8704.jpg,TCGA-WS-AB45,TCGA-WS-AB45-01Z-00-DX1,1,0.6476635,1
tumour/TCGA-WS-AB45-01Z-00-DX1_43008_9216.jpg,TCGA-WS-AB45,TCGA-WS-AB45-01Z-00-DX1,1,0.80417025,1
tumour/TCGA-WS-AB45-01Z-00-DX1_43520_12800.jpg,TCGA-WS-AB45,TCGA-WS-AB45-01Z-00-DX1,1,0.46213907,0
tumour/TCGA-WS-AB45-01Z-00-DX1_43520_13824.jpg,TCGA-WS-AB45,TCGA-WS-AB45-01Z-00-DX1,1,0.7989242,1
tumour/TCGA-WS-AB45-01Z-00-DX1_43520_14336.jpg,TCGA-WS-AB45,TCGA-WS-AB45-01Z-00-DX1,1,0.9367736,1
tumour/TCGA-WS-AB45-01Z-00-DX1_43520_14848.jpg,TCGA-WS-AB45,TCGA-WS-AB45-01Z-00-DX1,1,0.8608783,1
tumour/TCGA-WS-AB45-01Z-00-DX1_43520_15360.jpg,TCGA-WS-AB45,TCGA-WS-AB45-01Z-00-DX1,1,0.3264304,0
tumour/TCGA-WS-AB45-01Z-00-DX1_43520_15872.jpg,TCGA-WS-AB45,TCGA-WS-AB45-01Z-00-DX1,1,0.99732083,1
tumour/TCGA-WS-AB45-01Z-00-DX1_43520_16896.jpg,TCGA-WS-AB45,TCGA-WS-AB45-01Z-00-DX1,1,0.24272475,0
tumour/TCGA-WS-AB45-01Z-00-DX1_43520_18432.jpg,TCGA-WS-AB45,TCGA-WS-AB45-01Z-00-DX1,1,0.7656505,1
tumour/TCGA-WS-AB45-01Z-00-DX1_43520_18944.jpg,TCGA-WS-AB45,TCGA-WS-AB45-01Z-00-DX1,1,0.32196116,0
tumour/TCGA-WS-AB45-01Z-00-DX1_43520_19456.jpg,TCGA-WS-AB45,TCGA-WS-AB45-01Z-00-DX1,1,0.9011785,1
tumour/TCGA-WS-AB45-01Z-00-DX1_43520_19968.jpg,TCGA-WS-AB45,TCGA-WS-AB45-01Z-00-DX1,1,0.9787421,1
tumour/TCGA-WS-AB45-01Z-00-DX1_43520_20480.jpg,TCGA-WS-AB45,TCGA-WS-AB45-01Z-00-DX1,1,0.8051264,1
tumour/TCGA-WS-AB45-01Z-00-DX1_43520_20992.jpg,TCGA-WS-AB45,TCGA-WS-AB45-01Z-00-DX1,1,0.9831134,1
tumour/TCGA-WS-AB45-01Z-00-DX1_43520_22016.jpg,TCGA-WS-AB45,TCGA-WS-AB45-01Z-00-DX1,1,0.99061453,1
tumour/TCGA-WS-AB45-01Z-00-DX1_43520_22528.jpg,TCGA-WS-AB45,TCGA-WS-AB45-01Z-00-DX1,1,0.73716855,1
tumour/TCGA-WS-AB45-01Z-00-DX1_43520_23040.jpg,TCGA-WS-AB45,TCGA-WS-AB45-01Z-00-DX1,1,0.9816072,1
tumour/TCGA-WS-AB45-01Z-00-DX1_43520_24064.jpg,TCGA-WS-AB45,TCGA-WS-AB45-01Z-00-DX1,1,0.85625356,1
tumour/TCGA-WS-AB45-01Z-00-DX1_43520_25088.jpg,TCGA-WS-AB45,TCGA-WS-AB45-01Z-00-DX1,1,0.93056864,1
tumour/TCGA-WS-AB45-01Z-00-DX1_43520_27136.jpg,TCGA-WS-AB45,TCGA-WS-AB45-01Z-00-DX1,1,0.11215796,0
tumour/TCGA-WS-AB45-01Z-00-DX1_43520_27648.jpg,TCGA-WS-AB45,TCGA-WS-AB45-01Z-00-DX1,1,0.056852356,0
tumour/TCGA-WS-AB45-01Z-00-DX1_43520_28160.jpg,TCGA-WS-AB45,TCGA-WS-AB45-01Z-00-DX1,1,0.13162859,0
tumour/TCGA-WS-AB45-01Z-00-DX1_43520_30208.jpg,TCGA-WS-AB45,TCGA-WS-AB45-01Z-00-DX1,1,0.73568934,1
tumour/TCGA-WS-AB45-01Z-00-DX1_43520_30720.jpg,TCGA-WS-AB45,TCGA-WS-AB45-01Z-00-DX1,1,0.9842234,1
tumour/TCGA-WS-AB45-01Z-00-DX1_43520_32768.jpg,TCGA-WS-AB45,TCGA-WS-AB45-01Z-00-DX1,1,0.058146417,0
tumour/TCGA-WS-AB45-01Z-00-DX1_44032_11264.jpg,TCGA-WS-AB45,TCGA-WS-AB45-01Z-00-DX1,1,0.9522422,1
tumour/TCGA-WS-AB45-01Z-00-DX1_44032_11776.jpg,TCGA-WS-AB45,TCGA-WS-AB45-01Z-00-DX1,1,0.8089526,1
tumour/TCGA-WS-AB45-01Z-00-DX1_44032_12288.jpg,TCGA-WS-AB45,TCGA-WS-AB45-01Z-00-DX1,1,0.86272675,1
tumour/TCGA-WS-AB45-01Z-00-DX1_44032_12800.jpg,TCGA-WS-AB45,TCGA-WS-AB45-01Z-00-DX1,1,0.9586494,1
tumour/TCGA-WS-AB45-01Z-00-DX1_44032_14336.jpg,TCGA-WS-AB45,TCGA-WS-AB45-01Z-00-DX1,1,0.64460003,1
tumour/TCGA-WS-AB45-01Z-00-DX1_44032_14848.jpg,TCGA-WS-AB45,TCGA-WS-AB45-01Z-00-DX1,1,0.21739303,0
tumour/TCGA-WS-AB45-01Z-00-DX1_44032_15360.jpg,TCGA-WS-AB45,TCGA-WS-AB45-01Z-00-DX1,1,0.71684575,1
tumour/TCGA-WS-AB45-01Z-00-DX1_44032_15872.jpg,TCGA-WS-AB45,TCGA-WS-AB45-01Z-00-DX1,1,0.503692,1
tumour/TCGA-WS-AB45-01Z-00-DX1_44032_19456.jpg,TCGA-WS-AB45,TCGA-WS-AB45-01Z-00-DX1,1,0.7914069,1
tumour/TCGA-WS-AB45-01Z-00-DX1_44032_19968.jpg,TCGA-WS-AB45,TCGA-WS-AB45-01Z-00-DX1,1,0.87690586,1
tumour/TCGA-WS-AB45-01Z-00-DX1_44032_20480.jpg,TCGA-WS-AB45,TCGA-WS-AB45-01Z-00-DX1,1,0.98489434,1
tumour/TCGA-WS-AB45-01Z-00-DX1_44032_22016.jpg,TCGA-WS-AB45,TCGA-WS-AB45-01Z-00-DX1,1,0.94572145,1
tumour/TCGA-WS-AB45-01Z-00-DX1_44032_24064.jpg,TCGA-WS-AB45,TCGA-WS-AB45-01Z-00-DX1,1,0.8193502,1
tumour/TCGA-WS-AB45-01Z-00-DX1_44032_24576.jpg,TCGA-WS-AB45,TCGA-WS-AB45-01Z-00-DX1,1,0.8991782,1
tumour/TCGA-WS-AB45-01Z-00-DX1_44032_25600.jpg,TCGA-WS-AB45,TCGA-WS-AB45-01Z-00-DX1,1,0.91958654,1
tumour/TCGA-WS-AB45-01Z-00-DX1_44032_26624.jpg,TCGA-WS-AB45,TCGA-WS-AB45-01Z-00-DX1,1,0.4549271,0
tumour/TCGA-WS-AB45-01Z-00-DX1_44032_29184.jpg,TCGA-WS-AB45,TCGA-WS-AB45-01Z-00-DX1,1,0.9734533,1
tumour/TCGA-WS-AB45-01Z-00-DX1_44032_30208.jpg,TCGA-WS-AB45,TCGA-WS-AB45-01Z-00-DX1,1,0.79562014,1
tumour/TCGA-WS-AB45-01Z-00-DX1_44032_30720.jpg,TCGA-WS-AB45,TCGA-WS-AB45-01Z-00-DX1,1,0.97783685,1
tumour/TCGA-WS-AB45-01Z-00-DX1_44032_32256.jpg,TCGA-WS-AB45,TCGA-WS-AB45-01Z-00-DX1,1,0.9238743,1
tumour/TCGA-WS-AB45-01Z-00-DX1_44032_32768.jpg,TCGA-WS-AB45,TCGA-WS-AB45-01Z-00-DX1,1,0.77177775,1
tumour/TCGA-WS-AB45-01Z-00-DX1_44544_10752.jpg,TCGA-WS-AB45,TCGA-WS-AB45-01Z-00-DX1,1,0.88072115,1
tumour/TCGA-WS-AB45-01Z-00-DX1_44544_11776.jpg,TCGA-WS-AB45,TCGA-WS-AB45-01Z-00-DX1,1,0.16343711,0
tumour/TCGA-WS-AB45-01Z-00-DX1_44544_12288.jpg,TCGA-WS-AB45,TCGA-WS-AB45-01Z-00-DX1,1,0.9412999,1
tumour/TCGA-WS-AB45-01Z-00-DX1_44544_13312.jpg,TCGA-WS-AB45,TCGA-WS-AB45-01Z-00-DX1,1,0.52226853,1
tumour/TCGA-WS-AB45-01Z-00-DX1_44544_13824.jpg,TCGA-WS-AB45,TCGA-WS-AB45-01Z-00-DX1,1,0.82529396,1
tumour/TCGA-WS-AB45-01Z-00-DX1_44544_14336.jpg,TCGA-WS-AB45,TCGA-WS-AB45-01Z-00-DX1,1,0.32002303,0
tumour/TCGA-WS-AB45-01Z-00-DX1_44544_15360.jpg,TCGA-WS-AB45,TCGA-WS-AB45-01Z-00-DX1,1,0.76767075,1
tumour/TCGA-WS-AB45-01Z-00-DX1_44544_15872.jpg,TCGA-WS-AB45,TCGA-WS-AB45-01Z-00-DX1,1,0.18024811,0
tumour/TCGA-WS-AB45-01Z-00-DX1_44544_16384.jpg,TCGA-WS-AB45,TCGA-WS-AB45-01Z-00-DX1,1,0.3773024,0
tumour/TCGA-WS-AB45-01Z-00-DX1_44544_18944.jpg,TCGA-WS-AB45,TCGA-WS-AB45-01Z-00-DX1,1,0.678437,1
tumour/TCGA-WS-AB45-01Z-00-DX1_44544_19968.jpg,TCGA-WS-AB45,TCGA-WS-AB45-01Z-00-DX1,1,0.90592635,1
tumour/TCGA-WS-AB45-01Z-00-DX1_44544_20480.jpg,TCGA-WS-AB45,TCGA-WS-AB45-01Z-00-DX1,1,0.56025195,1
tumour/TCGA-WS-AB45-01Z-00-DX1_44544_20992.jpg,TCGA-WS-AB45,TCGA-WS-AB45-01Z-00-DX1,1,0.95298636,1
tumour/TCGA-WS-AB45-01Z-00-DX1_44544_21504.jpg,TCGA-WS-AB45,TCGA-WS-AB45-01Z-00-DX1,1,0.9760227,1
tumour/TCGA-WS-AB45-01Z-00-DX1_44544_23552.jpg,TCGA-WS-AB45,TCGA-WS-AB45-01Z-00-DX1,1,0.8853947,1
tumour/TCGA-WS-AB45-01Z-00-DX1_44544_24064.jpg,TCGA-WS-AB45,TCGA-WS-AB45-01Z-00-DX1,1,0.95607805,1
tumour/TCGA-WS-AB45-01Z-00-DX1_44544_27136.jpg,TCGA-WS-AB45,TCGA-WS-AB45-01Z-00-DX1,1,0.82412887,1
tumour/TCGA-WS-AB45-01Z-00-DX1_44544_27648.jpg,TCGA-WS-AB45,TCGA-WS-AB45-01Z-00-DX1,1,0.88068694,1
tumour/TCGA-WS-AB45-01Z-00-DX1_44544_28160.jpg,TCGA-WS-AB45,TCGA-WS-AB45-01Z-00-DX1,1,0.8590878,1
tumour/TCGA-WS-AB45-01Z-00-DX1_44544_28672.jpg,TCGA-WS-AB45,TCGA-WS-AB45-01Z-00-DX1,1,0.19327511,0
tumour/TCGA-WS-AB45-01Z-00-DX1_44544_30720.jpg,TCGA-WS-AB45,TCGA-WS-AB45-01Z-00-DX1,1,0.76496756,1
tumour/TCGA-WS-AB45-01Z-00-DX1_44544_31232.jpg,TCGA-WS-AB45,TCGA-WS-AB45-01Z-00-DX1,1,0.95107037,1
tumour/TCGA-WS-AB45-01Z-00-DX1_44544_31744.jpg,TCGA-WS-AB45,TCGA-WS-AB45-01Z-00-DX1,1,0.77120847,1
tumour/TCGA-WS-AB45-01Z-00-DX1_44544_32256.jpg,TCGA-WS-AB45,TCGA-WS-AB45-01Z-00-DX1,1,0.65017325,1
tumour/TCGA-WS-AB45-01Z-00-DX1_45056_11264.jpg,TCGA-WS-AB45,TCGA-WS-AB45-01Z-00-DX1,1,0.73177224,1
tumour/TCGA-WS-AB45-01Z-00-DX1_45056_12288.jpg,TCGA-WS-AB45,TCGA-WS-AB45-01Z-00-DX1,1,0.97382075,1
tumour/TCGA-WS-AB45-01Z-00-DX1_45056_13312.jpg,TCGA-WS-AB45,TCGA-WS-AB45-01Z-00-DX1,1,0.105809875,0
tumour/TCGA-WS-AB45-01Z-00-DX1_45056_14848.jpg,TCGA-WS-AB45,TCGA-WS-AB45-01Z-00-DX1,1,0.8566764,1
tumour/TCGA-WS-AB45-01Z-00-DX1_45056_15360.jpg,TCGA-WS-AB45,TCGA-WS-AB45-01Z-00-DX1,1,0.4873608,0
tumour/TCGA-WS-AB45-01Z-00-DX1_45056_15872.jpg,TCGA-WS-AB45,TCGA-WS-AB45-01Z-00-DX1,1,0.48649433,0
tumour/TCGA-WS-AB45-01Z-00-DX1_45056_20480.jpg,TCGA-WS-AB45,TCGA-WS-AB45-01Z-00-DX1,1,0.90105516,1
tumour/TCGA-WS-AB45-01Z-00-DX1_45056_20992.jpg,TCGA-WS-AB45,TCGA-WS-AB45-01Z-00-DX1,1,0.5343448,1
tumour/TCGA-WS-AB45-01Z-00-DX1_45056_22528.jpg,TCGA-WS-AB45,TCGA-WS-AB45-01Z-00-DX1,1,0.1451672,0
tumour/TCGA-WS-AB45-01Z-00-DX1_45056_23040.jpg,TCGA-WS-AB45,TCGA-WS-AB45-01Z-00-DX1,1,0.5342026,1
tumour/TCGA-WS-AB45-01Z-00-DX1_45056_23552.jpg,TCGA-WS-AB45,TCGA-WS-AB45-01Z-00-DX1,1,0.8543552,1
tumour/TCGA-WS-AB45-01Z-00-DX1_45056_24576.jpg,TCGA-WS-AB45,TCGA-WS-AB45-01Z-00-DX1,1,0.76880497,1
tumour/TCGA-WS-AB45-01Z-00-DX1_45056_26112.jpg,TCGA-WS-AB45,TCGA-WS-AB45-01Z-00-DX1,1,0.8979458,1
tumour/TCGA-WS-AB45-01Z-00-DX1_45056_27136.jpg,TCGA-WS-AB45,TCGA-WS-AB45-01Z-00-DX1,1,0.16999146,0
tumour/TCGA-WS-AB45-01Z-00-DX1_45056_28160.jpg,TCGA-WS-AB45,TCGA-WS-AB45-01Z-00-DX1,1,0.9373842,1
tumour/TCGA-WS-AB45-01Z-00-DX1_45056_29184.jpg,TCGA-WS-AB45,TCGA-WS-AB45-01Z-00-DX1,1,0.7657843,1
tumour/TCGA-WS-AB45-01Z-00-DX1_45056_29696.jpg,TCGA-WS-AB45,TCGA-WS-AB45-01Z-00-DX1,1,0.15317966,0
tumour/TCGA-WS-AB45-01Z-00-DX1_45056_32768.jpg,TCGA-WS-AB45,TCGA-WS-AB45-01Z-00-DX1,1,0.7317867,1
tumour/TCGA-WS-AB45-01Z-00-DX1_45568_12288.jpg,TCGA-WS-AB45,TCGA-WS-AB45-01Z-00-DX1,1,0.1972588,0
tumour/TCGA-WS-AB45-01Z-00-DX1_45568_12800.jpg,TCGA-WS-AB45,TCGA-WS-AB45-01Z-00-DX1,1,0.67937046,1
tumour/TCGA-WS-AB45-01Z-00-DX1_45568_14848.jpg,TCGA-WS-AB45,TCGA-WS-AB45-01Z-00-DX1,1,0.9268292,1
tumour/TCGA-WS-AB45-01Z-00-DX1_45568_15360.jpg,TCGA-WS-AB45,TCGA-WS-AB45-01Z-00-DX1,1,0.9973029,1
tumour/TCGA-WS-AB45-01Z-00-DX1_45568_19456.jpg,TCGA-WS-AB45,TCGA-WS-AB45-01Z-00-DX1,1,0.11160508,0
tumour/TCGA-WS-AB45-01Z-00-DX1_45568_20480.jpg,TCGA-WS-AB45,TCGA-WS-AB45-01Z-00-DX1,1,0.58896506,1
tumour/TCGA-WS-AB45-01Z-00-DX1_45568_23040.jpg,TCGA-WS-AB45,TCGA-WS-AB45-01Z-00-DX1,1,0.8456589,1
tumour/TCGA-WS-AB45-01Z-00-DX1_45568_23552.jpg,TCGA-WS-AB45,TCGA-WS-AB45-01Z-00-DX1,1,0.82593614,1
tumour/TCGA-WS-AB45-01Z-00-DX1_45568_24064.jpg,TCGA-WS-AB45,TCGA-WS-AB45-01Z-00-DX1,1,0.24824113,0
tumour/TCGA-WS-AB45-01Z-00-DX1_45568_24576.jpg,TCGA-WS-AB45,TCGA-WS-AB45-01Z-00-DX1,1,0.87881607,1
tumour/TCGA-WS-AB45-01Z-00-DX1_45568_26112.jpg,TCGA-WS-AB45,TCGA-WS-AB45-01Z-00-DX1,1,0.5526406,1
tumour/TCGA-WS-AB45-01Z-00-DX1_45568_27136.jpg,TCGA-WS-AB45,TCGA-WS-AB45-01Z-00-DX1,1,0.5268512,1
tumour/TCGA-WS-AB45-01Z-00-DX1_45568_27648.jpg,TCGA-WS-AB45,TCGA-WS-AB45-01Z-00-DX1,1,0.08161598,0
tumour/TCGA-WS-AB45-01Z-00-DX1_45568_29696.jpg,TCGA-WS-AB45,TCGA-WS-AB45-01Z-00-DX1,1,0.36682743,0
tumour/TCGA-WS-AB45-01Z-00-DX1_45568_30208.jpg,TCGA-WS-AB45,TCGA-WS-AB45-01Z-00-DX1,1,0.8178613,1
tumour/TCGA-WS-AB45-01Z-00-DX1_45568_31232.jpg,TCGA-WS-AB45,TCGA-WS-AB45-01Z-00-DX1,1,0.6159243,1
tumour/TCGA-WS-AB45-01Z-00-DX1_45568_31744.jpg,TCGA-WS-AB45,TCGA-WS-AB45-01Z-00-DX1,1,0.3640916,0
tumour/TCGA-WS-AB45-01Z-00-DX1_45568_32256.jpg,TCGA-WS-AB45,TCGA-WS-AB45-01Z-00-DX1,1,0.19913748,0
tumour/TCGA-WS-AB45-01Z-00-DX1_45568_33280.jpg,TCGA-WS-AB45,TCGA-WS-AB45-01Z-00-DX1,1,0.79094756,1
tumour/TCGA-WS-AB45-01Z-00-DX1_46080_12800.jpg,TCGA-WS-AB45,TCGA-WS-AB45-01Z-00-DX1,1,0.445149,0
tumour/TCGA-WS-AB45-01Z-00-DX1_46080_13824.jpg,TCGA-WS-AB45,TCGA-WS-AB45-01Z-00-DX1,1,0.05511096,0
tumour/TCGA-WS-AB45-01Z-00-DX1_46080_14848.jpg,TCGA-WS-AB45,TCGA-WS-AB45-01Z-00-DX1,1,0.77077293,1
tumour/TCGA-WS-AB45-01Z-00-DX1_46080_15360.jpg,TCGA-WS-AB45,TCGA-WS-AB45-01Z-00-DX1,1,0.24576283,0
tumour/TCGA-WS-AB45-01Z-00-DX1_46080_19968.jpg,TCGA-WS-AB45,TCGA-WS-AB45-01Z-00-DX1,1,0.7506047,1
tumour/TCGA-WS-AB45-01Z-00-DX1_46080_20480.jpg,TCGA-WS-AB45,TCGA-WS-AB45-01Z-00-DX1,1,0.31746203,0
tumour/TCGA-WS-AB45-01Z-00-DX1_46080_20992.jpg,TCGA-WS-AB45,TCGA-WS-AB45-01Z-00-DX1,1,0.9255439,1
tumour/TCGA-WS-AB45-01Z-00-DX1_46080_22528.jpg,TCGA-WS-AB45,TCGA-WS-AB45-01Z-00-DX1,1,0.9814719,1
tumour/TCGA-WS-AB45-01Z-00-DX1_46080_25088.jpg,TCGA-WS-AB45,TCGA-WS-AB45-01Z-00-DX1,1,0.094320804,0
tumour/TCGA-WS-AB45-01Z-00-DX1_46080_27136.jpg,TCGA-WS-AB45,TCGA-WS-AB45-01Z-00-DX1,1,0.32564485,0
tumour/TCGA-WS-AB45-01Z-00-DX1_46080_28160.jpg,TCGA-WS-AB45,TCGA-WS-AB45-01Z-00-DX1,1,0.6009035,1
tumour/TCGA-WS-AB45-01Z-00-DX1_46080_28672.jpg,TCGA-WS-AB45,TCGA-WS-AB45-01Z-00-DX1,1,0.8504529,1
tumour/TCGA-WS-AB45-01Z-00-DX1_46080_29696.jpg,TCGA-WS-AB45,TCGA-WS-AB45-01Z-00-DX1,1,0.6016824,1
tumour/TCGA-WS-AB45-01Z-00-DX1_46080_30208.jpg,TCGA-WS-AB45,TCGA-WS-AB45-01Z-00-DX1,1,0.9140543,1
tumour/TCGA-WS-AB45-01Z-00-DX1_46080_30720.jpg,TCGA-WS-AB45,TCGA-WS-AB45-01Z-00-DX1,1,0.6271896,1
tumour/TCGA-WS-AB45-01Z-00-DX1_46080_31744.jpg,TCGA-WS-AB45,TCGA-WS-AB45-01Z-00-DX1,1,0.9460358,1
tumour/TCGA-WS-AB45-01Z-00-DX1_46080_32768.jpg,TCGA-WS-AB45,TCGA-WS-AB45-01Z-00-DX1,1,0.06482122,0
tumour/TCGA-WS-AB45-01Z-00-DX1_46080_33280.jpg,TCGA-WS-AB45,TCGA-WS-AB45-01Z-00-DX1,1,0.2836025,0
tumour/TCGA-WS-AB45-01Z-00-DX1_4608_35328.jpg,TCGA-WS-AB45,TCGA-WS-AB45-01Z-00-DX1,1,0.9666891,1
tumour/TCGA-WS-AB45-01Z-00-DX1_4608_36864.jpg,TCGA-WS-AB45,TCGA-WS-AB45-01Z-00-DX1,1,0.16224669,0
tumour/TCGA-WS-AB45-01Z-00-DX1_46592_21504.jpg,TCGA-WS-AB45,TCGA-WS-AB45-01Z-00-DX1,1,0.34010753,0
tumour/TCGA-WS-AB45-01Z-00-DX1_46592_24576.jpg,TCGA-WS-AB45,TCGA-WS-AB45-01Z-00-DX1,1,0.0037465007,0
tumour/TCGA-WS-AB45-01Z-00-DX1_46592_28160.jpg,TCGA-WS-AB45,TCGA-WS-AB45-01Z-00-DX1,1,0.8367595,1
tumour/TCGA-WS-AB45-01Z-00-DX1_46592_28672.jpg,TCGA-WS-AB45,TCGA-WS-AB45-01Z-00-DX1,1,0.8952607,1
tumour/TCGA-WS-AB45-01Z-00-DX1_46592_29696.jpg,TCGA-WS-AB45,TCGA-WS-AB45-01Z-00-DX1,1,0.3375811,0
tumour/TCGA-WS-AB45-01Z-00-DX1_46592_30208.jpg,TCGA-WS-AB45,TCGA-WS-AB45-01Z-00-DX1,1,0.8013204,1
tumour/TCGA-WS-AB45-01Z-00-DX1_46592_30720.jpg,TCGA-WS-AB45,TCGA-WS-AB45-01Z-00-DX1,1,0.721319,1
tumour/TCGA-WS-AB45-01Z-00-DX1_46592_32768.jpg,TCGA-WS-AB45,TCGA-WS-AB45-01Z-00-DX1,1,0.4601725,0
tumour/TCGA-WS-AB45-01Z-00-DX1_47104_20992.jpg,TCGA-WS-AB45,TCGA-WS-AB45-01Z-00-DX1,1,0.57123846,1
tumour/TCGA-WS-AB45-01Z-00-DX1_47104_21504.jpg,TCGA-WS-AB45,TCGA-WS-AB45-01Z-00-DX1,1,0.37807897,0
tumour/TCGA-WS-AB45-01Z-00-DX1_47104_22016.jpg,TCGA-WS-AB45,TCGA-WS-AB45-01Z-00-DX1,1,0.8426563,1
tumour/TCGA-WS-AB45-01Z-00-DX1_47104_23040.jpg,TCGA-WS-AB45,TCGA-WS-AB45-01Z-00-DX1,1,0.022598978,0
tumour/TCGA-WS-AB45-01Z-00-DX1_47104_24064.jpg,TCGA-WS-AB45,TCGA-WS-AB45-01Z-00-DX1,1,0.34941334,0
tumour/TCGA-WS-AB45-01Z-00-DX1_47104_24576.jpg,TCGA-WS-AB45,TCGA-WS-AB45-01Z-00-DX1,1,0.725079,1
tumour/TCGA-WS-AB45-01Z-00-DX1_47104_25600.jpg,TCGA-WS-AB45,TCGA-WS-AB45-01Z-00-DX1,1,0.7231062,1
tumour/TCGA-WS-AB45-01Z-00-DX1_47104_28160.jpg,TCGA-WS-AB45,TCGA-WS-AB45-01Z-00-DX1,1,0.95733756,1
tumour/TCGA-WS-AB45-01Z-00-DX1_47104_29184.jpg,TCGA-WS-AB45,TCGA-WS-AB45-01Z-00-DX1,1,0.9063245,1
tumour/TCGA-WS-AB45-01Z-00-DX1_47104_29696.jpg,TCGA-WS-AB45,TCGA-WS-AB45-01Z-00-DX1,1,0.85755396,1
tumour/TCGA-WS-AB45-01Z-00-DX1_47104_30208.jpg,TCGA-WS-AB45,TCGA-WS-AB45-01Z-00-DX1,1,0.27099878,0
tumour/TCGA-WS-AB45-01Z-00-DX1_47104_30720.jpg,TCGA-WS-AB45,TCGA-WS-AB45-01Z-00-DX1,1,0.420066,0
tumour/TCGA-WS-AB45-01Z-00-DX1_47104_31232.jpg,TCGA-WS-AB45,TCGA-WS-AB45-01Z-00-DX1,1,0.40784302,0
tumour/TCGA-WS-AB45-01Z-00-DX1_47104_32256.jpg,TCGA-WS-AB45,TCGA-WS-AB45-01Z-00-DX1,1,0.34823877,0
tumour/TCGA-WS-AB45-01Z-00-DX1_47104_33280.jpg,TCGA-WS-AB45,TCGA-WS-AB45-01Z-00-DX1,1,0.8883888,1
tumour/TCGA-WS-AB45-01Z-00-DX1_47616_21504.jpg,TCGA-WS-AB45,TCGA-WS-AB45-01Z-00-DX1,1,0.43017912,0
tumour/TCGA-WS-AB45-01Z-00-DX1_47616_22016.jpg,TCGA-WS-AB45,TCGA-WS-AB45-01Z-00-DX1,1,0.12372152,0
tumour/TCGA-WS-AB45-01Z-00-DX1_47616_22528.jpg,TCGA-WS-AB45,TCGA-WS-AB45-01Z-00-DX1,1,0.47855294,0
tumour/TCGA-WS-AB45-01Z-00-DX1_47616_23040.jpg,TCGA-WS-AB45,TCGA-WS-AB45-01Z-00-DX1,1,0.6887531,1
tumour/TCGA-WS-AB45-01Z-00-DX1_47616_24576.jpg,TCGA-WS-AB45,TCGA-WS-AB45-01Z-00-DX1,1,0.91327024,1
tumour/TCGA-WS-AB45-01Z-00-DX1_47616_25088.jpg,TCGA-WS-AB45,TCGA-WS-AB45-01Z-00-DX1,1,0.9966059,1
tumour/TCGA-WS-AB45-01Z-00-DX1_47616_26624.jpg,TCGA-WS-AB45,TCGA-WS-AB45-01Z-00-DX1,1,0.98477805,1
tumour/TCGA-WS-AB45-01Z-00-DX1_47616_28160.jpg,TCGA-WS-AB45,TCGA-WS-AB45-01Z-00-DX1,1,0.27054274,0
tumour/TCGA-WS-AB45-01Z-00-DX1_47616_30208.jpg,TCGA-WS-AB45,TCGA-WS-AB45-01Z-00-DX1,1,0.32757905,0
tumour/TCGA-WS-AB45-01Z-00-DX1_47616_31744.jpg,TCGA-WS-AB45,TCGA-WS-AB45-01Z-00-DX1,1,0.38320532,0
tumour/TCGA-WS-AB45-01Z-00-DX1_47616_33280.jpg,TCGA-WS-AB45,TCGA-WS-AB45-01Z-00-DX1,1,0.6623912,1
tumour/TCGA-WS-AB45-01Z-00-DX1_47616_33792.jpg,TCGA-WS-AB45,TCGA-WS-AB45-01Z-00-DX1,1,0.10979889,0
tumour/TCGA-WS-AB45-01Z-00-DX1_48128_23552.jpg,TCGA-WS-AB45,TCGA-WS-AB45-01Z-00-DX1,1,0.4983509,0
tumour/TCGA-WS-AB45-01Z-00-DX1_48128_25088.jpg,TCGA-WS-AB45,TCGA-WS-AB45-01Z-00-DX1,1,0.9218604,1
tumour/TCGA-WS-AB45-01Z-00-DX1_48128_25600.jpg,TCGA-WS-AB45,TCGA-WS-AB45-01Z-00-DX1,1,0.91139835,1
tumour/TCGA-WS-AB45-01Z-00-DX1_48128_26112.jpg,TCGA-WS-AB45,TCGA-WS-AB45-01Z-00-DX1,1,0.98767453,1
tumour/TCGA-WS-AB45-01Z-00-DX1_48128_27136.jpg,TCGA-WS-AB45,TCGA-WS-AB45-01Z-00-DX1,1,0.66237473,1
tumour/TCGA-WS-AB45-01Z-00-DX1_48128_28672.jpg,TCGA-WS-AB45,TCGA-WS-AB45-01Z-00-DX1,1,0.982668,1
tumour/TCGA-WS-AB45-01Z-00-DX1_48128_29696.jpg,TCGA-WS-AB45,TCGA-WS-AB45-01Z-00-DX1,1,0.8507837,1
tumour/TCGA-WS-AB45-01Z-00-DX1_48128_30208.jpg,TCGA-WS-AB45,TCGA-WS-AB45-01Z-00-DX1,1,0.94421816,1
tumour/TCGA-WS-AB45-01Z-00-DX1_48128_30720.jpg,TCGA-WS-AB45,TCGA-WS-AB45-01Z-00-DX1,1,0.77459306,1
tumour/TCGA-WS-AB45-01Z-00-DX1_48128_31232.jpg,TCGA-WS-AB45,TCGA-WS-AB45-01Z-00-DX1,1,0.9748548,1
tumour/TCGA-WS-AB45-01Z-00-DX1_48128_32768.jpg,TCGA-WS-AB45,TCGA-WS-AB45-01Z-00-DX1,1,0.8033814,1
tumour/TCGA-WS-AB45-01Z-00-DX1_48128_33280.jpg,TCGA-WS-AB45,TCGA-WS-AB45-01Z-00-DX1,1,0.93598706,1
tumour/TCGA-WS-AB45-01Z-00-DX1_48128_33792.jpg,TCGA-WS-AB45,TCGA-WS-AB45-01Z-00-DX1,1,0.63575184,1
tumour/TCGA-WS-AB45-01Z-00-DX1_48640_22528.jpg,TCGA-WS-AB45,TCGA-WS-AB45-01Z-00-DX1,1,0.80299073,1
tumour/TCGA-WS-AB45-01Z-00-DX1_48640_23040.jpg,TCGA-WS-AB45,TCGA-WS-AB45-01Z-00-DX1,1,0.7183595,1
tumour/TCGA-WS-AB45-01Z-00-DX1_48640_24576.jpg,TCGA-WS-AB45,TCGA-WS-AB45-01Z-00-DX1,1,0.9230204,1
tumour/TCGA-WS-AB45-01Z-00-DX1_48640_26112.jpg,TCGA-WS-AB45,TCGA-WS-AB45-01Z-00-DX1,1,0.93068993,1
tumour/TCGA-WS-AB45-01Z-00-DX1_48640_26624.jpg,TCGA-WS-AB45,TCGA-WS-AB45-01Z-00-DX1,1,0.9466709,1
tumour/TCGA-WS-AB45-01Z-00-DX1_48640_27648.jpg,TCGA-WS-AB45,TCGA-WS-AB45-01Z-00-DX1,1,0.9654506,1
tumour/TCGA-WS-AB45-01Z-00-DX1_48640_28672.jpg,TCGA-WS-AB45,TCGA-WS-AB45-01Z-00-DX1,1,0.99018925,1
tumour/TCGA-WS-AB45-01Z-00-DX1_48640_29184.jpg,TCGA-WS-AB45,TCGA-WS-AB45-01Z-00-DX1,1,0.96462506,1
tumour/TCGA-WS-AB45-01Z-00-DX1_48640_30720.jpg,TCGA-WS-AB45,TCGA-WS-AB45-01Z-00-DX1,1,0.9549244,1
tumour/TCGA-WS-AB45-01Z-00-DX1_48640_32768.jpg,TCGA-WS-AB45,TCGA-WS-AB45-01Z-00-DX1,1,0.7863924,1
tumour/TCGA-WS-AB45-01Z-00-DX1_49152_24576.jpg,TCGA-WS-AB45,TCGA-WS-AB45-01Z-00-DX1,1,0.7105762,1
tumour/TCGA-WS-AB45-01Z-00-DX1_49152_25088.jpg,TCGA-WS-AB45,TCGA-WS-AB45-01Z-00-DX1,1,0.9645836,1
tumour/TCGA-WS-AB45-01Z-00-DX1_49152_28160.jpg,TCGA-WS-AB45,TCGA-WS-AB45-01Z-00-DX1,1,0.97968334,1
tumour/TCGA-WS-AB45-01Z-00-DX1_49152_28672.jpg,TCGA-WS-AB45,TCGA-WS-AB45-01Z-00-DX1,1,0.8605983,1
tumour/TCGA-WS-AB45-01Z-00-DX1_49152_30720.jpg,TCGA-WS-AB45,TCGA-WS-AB45-01Z-00-DX1,1,0.90294516,1
tumour/TCGA-WS-AB45-01Z-00-DX1_49152_33280.jpg,TCGA-WS-AB45,TCGA-WS-AB45-01Z-00-DX1,1,0.96336657,1
tumour/TCGA-WS-AB45-01Z-00-DX1_49152_33792.jpg,TCGA-WS-AB45,TCGA-WS-AB45-01Z-00-DX1,1,0.9567255,1
tumour/TCGA-WS-AB45-01Z-00-DX1_49664_27648.jpg,TCGA-WS-AB45,TCGA-WS-AB45-01Z-00-DX1,1,0.41416153,0
tumour/TCGA-WS-AB45-01Z-00-DX1_49664_28672.jpg,TCGA-WS-AB45,TCGA-WS-AB45-01Z-00-DX1,1,0.37145653,0
tumour/TCGA-WS-AB45-01Z-00-DX1_49664_29696.jpg,TCGA-WS-AB45,TCGA-WS-AB45-01Z-00-DX1,1,0.97252095,1
tumour/TCGA-WS-AB45-01Z-00-DX1_49664_30720.jpg,TCGA-WS-AB45,TCGA-WS-AB45-01Z-00-DX1,1,0.794036,1
tumour/TCGA-WS-AB45-01Z-00-DX1_49664_31744.jpg,TCGA-WS-AB45,TCGA-WS-AB45-01Z-00-DX1,1,0.9546649,1
tumour/TCGA-WS-AB45-01Z-00-DX1_49664_32256.jpg,TCGA-WS-AB45,TCGA-WS-AB45-01Z-00-DX1,1,0.7014143,1
tumour/TCGA-WS-AB45-01Z-00-DX1_49664_32768.jpg,TCGA-WS-AB45,TCGA-WS-AB45-01Z-00-DX1,1,0.105421595,0
tumour/TCGA-WS-AB45-01Z-00-DX1_50176_25600.jpg,TCGA-WS-AB45,TCGA-WS-AB45-01Z-00-DX1,1,0.8926548,1
tumour/TCGA-WS-AB45-01Z-00-DX1_50176_26112.jpg,TCGA-WS-AB45,TCGA-WS-AB45-01Z-00-DX1,1,0.38206115,0
tumour/TCGA-WS-AB45-01Z-00-DX1_50176_27136.jpg,TCGA-WS-AB45,TCGA-WS-AB45-01Z-00-DX1,1,0.72602177,1
tumour/TCGA-WS-AB45-01Z-00-DX1_50176_32768.jpg,TCGA-WS-AB45,TCGA-WS-AB45-01Z-00-DX1,1,0.7869163,1
tumour/TCGA-WS-AB45-01Z-00-DX1_50176_33280.jpg,TCGA-WS-AB45,TCGA-WS-AB45-01Z-00-DX1,1,0.943159,1
tumour/TCGA-WS-AB45-01Z-00-DX1_50688_25088.jpg,TCGA-WS-AB45,TCGA-WS-AB45-01Z-00-DX1,1,0.99867344,1
tumour/TCGA-WS-AB45-01Z-00-DX1_50688_26112.jpg,TCGA-WS-AB45,TCGA-WS-AB45-01Z-00-DX1,1,0.7473235,1
tumour/TCGA-WS-AB45-01Z-00-DX1_50688_32256.jpg,TCGA-WS-AB45,TCGA-WS-AB45-01Z-00-DX1,1,0.4969915,0
tumour/TCGA-WS-AB45-01Z-00-DX1_50688_32768.jpg,TCGA-WS-AB45,TCGA-WS-AB45-01Z-00-DX1,1,0.913331,1
tumour/TCGA-WS-AB45-01Z-00-DX1_51200_26112.jpg,TCGA-WS-AB45,TCGA-WS-AB45-01Z-00-DX1,1,0.88473034,1
tumour/TCGA-WS-AB45-01Z-00-DX1_51200_26624.jpg,TCGA-WS-AB45,TCGA-WS-AB45-01Z-00-DX1,1,0.95356697,1
tumour/TCGA-WS-AB45-01Z-00-DX1_51200_29696.jpg,TCGA-WS-AB45,TCGA-WS-AB45-01Z-00-DX1,1,0.954296,1
tumour/TCGA-WS-AB45-01Z-00-DX1_51200_30720.jpg,TCGA-WS-AB45,TCGA-WS-AB45-01Z-00-DX1,1,0.7375165,1
tumour/TCGA-WS-AB45-01Z-00-DX1_51200_31232.jpg,TCGA-WS-AB45,TCGA-WS-AB45-01Z-00-DX1,1,0.07279572,0
tumour/TCGA-WS-AB45-01Z-00-DX1_51200_31744.jpg,TCGA-WS-AB45,TCGA-WS-AB45-01Z-00-DX1,1,0.84760547,1
tumour/TCGA-WS-AB45-01Z-00-DX1_51200_32256.jpg,TCGA-WS-AB45,TCGA-WS-AB45-01Z-00-DX1,1,0.8261669,1
tumour/TCGA-WS-AB45-01Z-00-DX1_51200_32768.jpg,TCGA-WS-AB45,TCGA-WS-AB45-01Z-00-DX1,1,0.7496475,1
tumour/TCGA-WS-AB45-01Z-00-DX1_5120_33280.jpg,TCGA-WS-AB45,TCGA-WS-AB45-01Z-00-DX1,1,0.36567903,0
tumour/TCGA-WS-AB45-01Z-00-DX1_5120_33792.jpg,TCGA-WS-AB45,TCGA-WS-AB45-01Z-00-DX1,1,0.5893681,1
tumour/TCGA-WS-AB45-01Z-00-DX1_5120_35328.jpg,TCGA-WS-AB45,TCGA-WS-AB45-01Z-00-DX1,1,0.9718266,1
tumour/TCGA-WS-AB45-01Z-00-DX1_5120_35840.jpg,TCGA-WS-AB45,TCGA-WS-AB45-01Z-00-DX1,1,0.7020184,1
tumour/TCGA-WS-AB45-01Z-00-DX1_5120_36352.jpg,TCGA-WS-AB45,TCGA-WS-AB45-01Z-00-DX1,1,0.9825828,1
tumour/TCGA-WS-AB45-01Z-00-DX1_51712_24576.jpg,TCGA-WS-AB45,TCGA-WS-AB45-01Z-00-DX1,1,0.9466965,1
tumour/TCGA-WS-AB45-01Z-00-DX1_51712_25088.jpg,TCGA-WS-AB45,TCGA-WS-AB45-01Z-00-DX1,1,0.5394338,1
tumour/TCGA-WS-AB45-01Z-00-DX1_51712_25600.jpg,TCGA-WS-AB45,TCGA-WS-AB45-01Z-00-DX1,1,0.95052904,1
tumour/TCGA-WS-AB45-01Z-00-DX1_51712_26112.jpg,TCGA-WS-AB45,TCGA-WS-AB45-01Z-00-DX1,1,0.88881326,1
tumour/TCGA-WS-AB45-01Z-00-DX1_51712_26624.jpg,TCGA-WS-AB45,TCGA-WS-AB45-01Z-00-DX1,1,0.46430027,0
tumour/TCGA-WS-AB45-01Z-00-DX1_51712_27136.jpg,TCGA-WS-AB45,TCGA-WS-AB45-01Z-00-DX1,1,0.94029754,1
tumour/TCGA-WS-AB45-01Z-00-DX1_51712_27648.jpg,TCGA-WS-AB45,TCGA-WS-AB45-01Z-00-DX1,1,0.85587317,1
tumour/TCGA-WS-AB45-01Z-00-DX1_51712_28160.jpg,TCGA-WS-AB45,TCGA-WS-AB45-01Z-00-DX1,1,0.94424784,1
tumour/TCGA-WS-AB45-01Z-00-DX1_51712_28672.jpg,TCGA-WS-AB45,TCGA-WS-AB45-01Z-00-DX1,1,0.61812866,1
tumour/TCGA-WS-AB45-01Z-00-DX1_51712_30208.jpg,TCGA-WS-AB45,TCGA-WS-AB45-01Z-00-DX1,1,0.97480947,1
tumour/TCGA-WS-AB45-01Z-00-DX1_51712_30720.jpg,TCGA-WS-AB45,TCGA-WS-AB45-01Z-00-DX1,1,0.9935974,1
tumour/TCGA-WS-AB45-01Z-00-DX1_51712_31232.jpg,TCGA-WS-AB45,TCGA-WS-AB45-01Z-00-DX1,1,0.93232155,1
tumour/TCGA-WS-AB45-01Z-00-DX1_52224_20992.jpg,TCGA-WS-AB45,TCGA-WS-AB45-01Z-00-DX1,1,0.97527677,1
tumour/TCGA-WS-AB45-01Z-00-DX1_52224_22528.jpg,TCGA-WS-AB45,TCGA-WS-AB45-01Z-00-DX1,1,0.48503384,0
tumour/TCGA-WS-AB45-01Z-00-DX1_52224_23040.jpg,TCGA-WS-AB45,TCGA-WS-AB45-01Z-00-DX1,1,0.650372,1
tumour/TCGA-WS-AB45-01Z-00-DX1_52224_23552.jpg,TCGA-WS-AB45,TCGA-WS-AB45-01Z-00-DX1,1,0.9864687,1
tumour/TCGA-WS-AB45-01Z-00-DX1_52224_24064.jpg,TCGA-WS-AB45,TCGA-WS-AB45-01Z-00-DX1,1,0.7975413,1
tumour/TCGA-WS-AB45-01Z-00-DX1_52224_24576.jpg,TCGA-WS-AB45,TCGA-WS-AB45-01Z-00-DX1,1,0.7620684,1
tumour/TCGA-WS-AB45-01Z-00-DX1_52224_25088.jpg,TCGA-WS-AB45,TCGA-WS-AB45-01Z-00-DX1,1,0.93314296,1
tumour/TCGA-WS-AB45-01Z-00-DX1_52224_26112.jpg,TCGA-WS-AB45,TCGA-WS-AB45-01Z-00-DX1,1,0.6578425,1
tumour/TCGA-WS-AB45-01Z-00-DX1_52224_27136.jpg,TCGA-WS-AB45,TCGA-WS-AB45-01Z-00-DX1,1,0.7715465,1
tumour/TCGA-WS-AB45-01Z-00-DX1_52224_27648.jpg,TCGA-WS-AB45,TCGA-WS-AB45-01Z-00-DX1,1,0.9828032,1
tumour/TCGA-WS-AB45-01Z-00-DX1_52224_28160.jpg,TCGA-WS-AB45,TCGA-WS-AB45-01Z-00-DX1,1,0.38182083,0
tumour/TCGA-WS-AB45-01Z-00-DX1_52224_30208.jpg,TCGA-WS-AB45,TCGA-WS-AB45-01Z-00-DX1,1,0.3372145,0
tumour/TCGA-WS-AB45-01Z-00-DX1_52736_20480.jpg,TCGA-WS-AB45,TCGA-WS-AB45-01Z-00-DX1,1,0.92723274,1
tumour/TCGA-WS-AB45-01Z-00-DX1_52736_20992.jpg,TCGA-WS-AB45,TCGA-WS-AB45-01Z-00-DX1,1,0.9631265,1
tumour/TCGA-WS-AB45-01Z-00-DX1_52736_22528.jpg,TCGA-WS-AB45,TCGA-WS-AB45-01Z-00-DX1,1,0.86364186,1
tumour/TCGA-WS-AB45-01Z-00-DX1_52736_23552.jpg,TCGA-WS-AB45,TCGA-WS-AB45-01Z-00-DX1,1,0.78034073,1
tumour/TCGA-WS-AB45-01Z-00-DX1_52736_24064.jpg,TCGA-WS-AB45,TCGA-WS-AB45-01Z-00-DX1,1,0.978296,1
tumour/TCGA-WS-AB45-01Z-00-DX1_52736_25600.jpg,TCGA-WS-AB45,TCGA-WS-AB45-01Z-00-DX1,1,0.49754757,0
tumour/TCGA-WS-AB45-01Z-00-DX1_52736_26624.jpg,TCGA-WS-AB45,TCGA-WS-AB45-01Z-00-DX1,1,0.95342165,1
tumour/TCGA-WS-AB45-01Z-00-DX1_52736_27136.jpg,TCGA-WS-AB45,TCGA-WS-AB45-01Z-00-DX1,1,0.45052502,0
tumour/TCGA-WS-AB45-01Z-00-DX1_52736_27648.jpg,TCGA-WS-AB45,TCGA-WS-AB45-01Z-00-DX1,1,0.59541094,1
tumour/TCGA-WS-AB45-01Z-00-DX1_52736_28160.jpg,TCGA-WS-AB45,TCGA-WS-AB45-01Z-00-DX1,1,0.47640643,0
tumour/TCGA-WS-AB45-01Z-00-DX1_52736_28672.jpg,TCGA-WS-AB45,TCGA-WS-AB45-01Z-00-DX1,1,0.81905204,1
tumour/TCGA-WS-AB45-01Z-00-DX1_52736_29184.jpg,TCGA-WS-AB45,TCGA-WS-AB45-01Z-00-DX1,1,0.41203114,0
tumour/TCGA-WS-AB45-01Z-00-DX1_52736_29696.jpg,TCGA-WS-AB45,TCGA-WS-AB45-01Z-00-DX1,1,0.7342488,1
tumour/TCGA-WS-AB45-01Z-00-DX1_52736_30208.jpg,TCGA-WS-AB45,TCGA-WS-AB45-01Z-00-DX1,1,0.5489668,1
tumour/TCGA-WS-AB45-01Z-00-DX1_52736_30720.jpg,TCGA-WS-AB45,TCGA-WS-AB45-01Z-00-DX1,1,0.37521526,0
tumour/TCGA-WS-AB45-01Z-00-DX1_53248_20992.jpg,TCGA-WS-AB45,TCGA-WS-AB45-01Z-00-DX1,1,0.82531863,1
tumour/TCGA-WS-AB45-01Z-00-DX1_53248_22016.jpg,TCGA-WS-AB45,TCGA-WS-AB45-01Z-00-DX1,1,0.96856993,1
tumour/TCGA-WS-AB45-01Z-00-DX1_53248_22528.jpg,TCGA-WS-AB45,TCGA-WS-AB45-01Z-00-DX1,1,0.80374587,1
tumour/TCGA-WS-AB45-01Z-00-DX1_53248_23040.jpg,TCGA-WS-AB45,TCGA-WS-AB45-01Z-00-DX1,1,0.5168776,1
tumour/TCGA-WS-AB45-01Z-00-DX1_53248_24064.jpg,TCGA-WS-AB45,TCGA-WS-AB45-01Z-00-DX1,1,0.934552,1
tumour/TCGA-WS-AB45-01Z-00-DX1_53248_24576.jpg,TCGA-WS-AB45,TCGA-WS-AB45-01Z-00-DX1,1,0.9708318,1
tumour/TCGA-WS-AB45-01Z-00-DX1_53248_25088.jpg,TCGA-WS-AB45,TCGA-WS-AB45-01Z-00-DX1,1,0.8345313,1
tumour/TCGA-WS-AB45-01Z-00-DX1_53248_25600.jpg,TCGA-WS-AB45,TCGA-WS-AB45-01Z-00-DX1,1,0.31599522,0
tumour/TCGA-WS-AB45-01Z-00-DX1_53248_27648.jpg,TCGA-WS-AB45,TCGA-WS-AB45-01Z-00-DX1,1,0.9156994,1
tumour/TCGA-WS-AB45-01Z-00-DX1_53760_22016.jpg,TCGA-WS-AB45,TCGA-WS-AB45-01Z-00-DX1,1,0.6783901,1
tumour/TCGA-WS-AB45-01Z-00-DX1_53760_22528.jpg,TCGA-WS-AB45,TCGA-WS-AB45-01Z-00-DX1,1,0.9588521,1
tumour/TCGA-WS-AB45-01Z-00-DX1_53760_24064.jpg,TCGA-WS-AB45,TCGA-WS-AB45-01Z-00-DX1,1,0.91298544,1
tumour/TCGA-WS-AB45-01Z-00-DX1_53760_24576.jpg,TCGA-WS-AB45,TCGA-WS-AB45-01Z-00-DX1,1,0.9928255,1
tumour/TCGA-WS-AB45-01Z-00-DX1_53760_25600.jpg,TCGA-WS-AB45,TCGA-WS-AB45-01Z-00-DX1,1,0.8278332,1
tumour/TCGA-WS-AB45-01Z-00-DX1_5632_33280.jpg,TCGA-WS-AB45,TCGA-WS-AB45-01Z-00-DX1,1,0.7794922,1
tumour/TCGA-WS-AB45-01Z-00-DX1_5632_33792.jpg,TCGA-WS-AB45,TCGA-WS-AB45-01Z-00-DX1,1,0.6278763,1
tumour/TCGA-WS-AB45-01Z-00-DX1_5632_34816.jpg,TCGA-WS-AB45,TCGA-WS-AB45-01Z-00-DX1,1,0.89580035,1
tumour/TCGA-WS-AB45-01Z-00-DX1_5632_35328.jpg,TCGA-WS-AB45,TCGA-WS-AB45-01Z-00-DX1,1,0.864098,1
tumour/TCGA-WS-AB45-01Z-00-DX1_5632_36864.jpg,TCGA-WS-AB45,TCGA-WS-AB45-01Z-00-DX1,1,0.8831865,1
tumour/TCGA-WS-AB45-01Z-00-DX1_6144_33280.jpg,TCGA-WS-AB45,TCGA-WS-AB45-01Z-00-DX1,1,0.70979136,1
tumour/TCGA-WS-AB45-01Z-00-DX1_6144_34816.jpg,TCGA-WS-AB45,TCGA-WS-AB45-01Z-00-DX1,1,0.8092807,1
tumour/TCGA-WS-AB45-01Z-00-DX1_6144_36352.jpg,TCGA-WS-AB45,TCGA-WS-AB45-01Z-00-DX1,1,0.3992908,0
tumour/TCGA-WS-AB45-01Z-00-DX1_6656_33280.jpg,TCGA-WS-AB45,TCGA-WS-AB45-01Z-00-DX1,1,0.5190468,1
tumour/TCGA-WS-AB45-01Z-00-DX1_6656_33792.jpg,TCGA-WS-AB45,TCGA-WS-AB45-01Z-00-DX1,1,0.55558604,1
tumour/TCGA-WS-AB45-01Z-00-DX1_6656_34816.jpg,TCGA-WS-AB45,TCGA-WS-AB45-01Z-00-DX1,1,0.8068419,1
tumour/TCGA-WS-AB45-01Z-00-DX1_6656_35328.jpg,TCGA-WS-AB45,TCGA-WS-AB45-01Z-00-DX1,1,0.9356847,1
tumour/TCGA-WS-AB45-01Z-00-DX1_6656_36864.jpg,TCGA-WS-AB45,TCGA-WS-AB45-01Z-00-DX1,1,0.84541035,1
tumour/TCGA-WS-AB45-01Z-00-DX1_7168_33280.jpg,TCGA-WS-AB45,TCGA-WS-AB45-01Z-00-DX1,1,0.3933612,0
tumour/TCGA-WS-AB45-01Z-00-DX1_7168_34304.jpg,TCGA-WS-AB45,TCGA-WS-AB45-01Z-00-DX1,1,0.35315043,0
tumour/TCGA-WS-AB45-01Z-00-DX1_7168_34816.jpg,TCGA-WS-AB45,TCGA-WS-AB45-01Z-00-DX1,1,0.91208124,1
tumour/TCGA-WS-AB45-01Z-00-DX1_7168_35840.jpg,TCGA-WS-AB45,TCGA-WS-AB45-01Z-00-DX1,1,0.92182285,1
tumour/TCGA-WS-AB45-01Z-00-DX1_7168_36352.jpg,TCGA-WS-AB45,TCGA-WS-AB45-01Z-00-DX1,1,0.8276732,1
tumour/TCGA-WS-AB45-01Z-00-DX1_7680_32768.jpg,TCGA-WS-AB45,TCGA-WS-AB45-01Z-00-DX1,1,0.20609991,0
tumour/TCGA-WS-AB45-01Z-00-DX1_7680_33280.jpg,TCGA-WS-AB45,TCGA-WS-AB45-01Z-00-DX1,1,0.6006584,1
tumour/TCGA-WS-AB45-01Z-00-DX1_7680_34816.jpg,TCGA-WS-AB45,TCGA-WS-AB45-01Z-00-DX1,1,0.97417474,1
tumour/TCGA-WS-AB45-01Z-00-DX1_7680_35328.jpg,TCGA-WS-AB45,TCGA-WS-AB45-01Z-00-DX1,1,0.5973621,1
tumour/TCGA-WS-AB45-01Z-00-DX1_7680_35840.jpg,TCGA-WS-AB45,TCGA-WS-AB45-01Z-00-DX1,1,0.79287106,1
tumour/TCGA-WS-AB45-01Z-00-DX1_7680_36864.jpg,TCGA-WS-AB45,TCGA-WS-AB45-01Z-00-DX1,1,0.29141957,0
tumour/TCGA-WS-AB45-01Z-00-DX1_8192_33792.jpg,TCGA-WS-AB45,TCGA-WS-AB45-01Z-00-DX1,1,0.94826573,1
tumour/TCGA-WS-AB45-01Z-00-DX1_8192_34304.jpg,TCGA-WS-AB45,TCGA-WS-AB45-01Z-00-DX1,1,0.6478675,1
tumour/TCGA-WS-AB45-01Z-00-DX1_8192_36352.jpg,TCGA-WS-AB45,TCGA-WS-AB45-01Z-00-DX1,1,0.78823835,1
tumour/TCGA-WS-AB45-01Z-00-DX1_8192_37376.jpg,TCGA-WS-AB45,TCGA-WS-AB45-01Z-00-DX1,1,0.9771753,1
tumour/TCGA-WS-AB45-01Z-00-DX1_8704_33280.jpg,TCGA-WS-AB45,TCGA-WS-AB45-01Z-00-DX1,1,0.33180216,0
tumour/TCGA-WS-AB45-01Z-00-DX1_8704_33792.jpg,TCGA-WS-AB45,TCGA-WS-AB45-01Z-00-DX1,1,0.962851,1
tumour/TCGA-WS-AB45-01Z-00-DX1_8704_34304.jpg,TCGA-WS-AB45,TCGA-WS-AB45-01Z-00-DX1,1,0.757708,1
tumour/TCGA-WS-AB45-01Z-00-DX1_8704_35328.jpg,TCGA-WS-AB45,TCGA-WS-AB45-01Z-00-DX1,1,0.804726,1
tumour/TCGA-WS-AB45-01Z-00-DX1_8704_36864.jpg,TCGA-WS-AB45,TCGA-WS-AB45-01Z-00-DX1,1,0.5593565,1
tumour/TCGA-WS-AB45-01Z-00-DX1_9216_32256.jpg,TCGA-WS-AB45,TCGA-WS-AB45-01Z-00-DX1,1,0.31060064,0
tumour/TCGA-WS-AB45-01Z-00-DX1_9216_33280.jpg,TCGA-WS-AB45,TCGA-WS-AB45-01Z-00-DX1,1,0.33371434,0
tumour/TCGA-WS-AB45-01Z-00-DX1_9216_34304.jpg,TCGA-WS-AB45,TCGA-WS-AB45-01Z-00-DX1,1,0.59184104,1
tumour/TCGA-WS-AB45-01Z-00-DX1_9216_36352.jpg,TCGA-WS-AB45,TCGA-WS-AB45-01Z-00-DX1,1,0.181326,0
tumour/TCGA-WS-AB45-01Z-00-DX1_9216_36864.jpg,TCGA-WS-AB45,TCGA-WS-AB45-01Z-00-DX1,1,0.93588847,1
tumour/TCGA-WS-AB45-01Z-00-DX1_9216_37376.jpg,TCGA-WS-AB45,TCGA-WS-AB45-01Z-00-DX1,1,0.05039317,0
tumour/TCGA-WS-AB45-01Z-00-DX1_9728_31232.jpg,TCGA-WS-AB45,TCGA-WS-AB45-01Z-00-DX1,1,0.6360176,1
tumour/TCGA-WS-AB45-01Z-00-DX1_9728_32768.jpg,TCGA-WS-AB45,TCGA-WS-AB45-01Z-00-DX1,1,0.7690112,1
tumour/TCGA-WS-AB45-01Z-00-DX1_9728_34816.jpg,TCGA-WS-AB45,TCGA-WS-AB45-01Z-00-DX1,1,0.68906873,1
tumour/TCGA-WS-AB45-01Z-00-DX1_9728_35328.jpg,TCGA-WS-AB45,TCGA-WS-AB45-01Z-00-DX1,1,0.90138483,1
tumour/TCGA-WS-AB45-01Z-00-DX1_9728_36864.jpg,TCGA-WS-AB45,TCGA-WS-AB45-01Z-00-DX1,1,0.17433739,0
