relative_path,case_id,slide_id,label,probability,prediction
non-tumour/TCGA-A6-A56B-01Z-00-DX1_10240_11264.jpg,TCGA-A6-A56B,TCGA-A6-A56B-01Z-00-DX1,0,0.14564164,0
non-tumour/TCGA-A6-A56B-01Z-00-DX1_10240_11776.jpg,TCGA-A6-A56B,TCGA-A6-A56B-01Z-00-DX1,0,8.9830843e-07,0
non-tumour/TCGA-A6-A56B-01Z-00-DX1_10240_12800.jpg,TCGA-A6-A56B,TCGA-A6-A56B-01Z-00-DX1,0,7.109885e-09,0
non-tumour/TCGA-A6-A56B-01Z-00-DX1_10240_13312.jpg,TCGA-A6-A56B,TCGA-A6-A56B-01Z-00-DX1,0,1.4994483e-06,0
non-tumour/TCGA-A6-A56B-01Z-00-DX1_10240_13824.jpg,TCGA-A6-A56B,TCGA-A6-A56B-01Z-00-DX1,0,1.3879313e-06,0
non-tumour/TCGA-A6-A56B-01Z-00-DX1_10240_14848.jpg,TCGA-A6-A56B,TCGA-A6-A56B-01Z-00-DX1,0,2.1841322e-07,0
non-tumour/TCGA-A6-A56B-01Z-00-DX1_10240_15360.jpg,TCGA-A6-A56B,TCGA-A6-A56B-01Z-00-DX1,0,3.788095e-06,0
non-tumour/TCGA-A6-A56B-01Z-00-DX1_10240_15872.jpg,TCGA-A6-A56B,TCGA-A6-A56B-01Z-00-DX1,0,4.377933e-07,0
non-tumour/TCGA-A6-A56B-01Z-00-DX1_10240_17408.jpg,TCGA-A6-A56B,TCGA-A6-A56B-01Z-00-DX1,0,2.7210467e-07,0
non-tumour/TCGA-A6-A56B-01Z-00-DX1_1024_16384.jpg,TCGA-A6-A56B,TCGA-A6-A56B-01Z-00-DX1,0,0.00034145173,0
non-tumour/TCGA-A6-A56B-01Z-00-DX1_1024_17920.jpg,TCGA-A6-A56B,TCGA-A6-A56B-01Z-00-DX1,0,2.166537e-06,0
non-tumour/TCGA-A6-A56B-01Z-00-DX1_10752_11264.jpg,TCGA-A6-A56B,TCGA-A6-A56B-01Z-00-DX1,0,0.020469047,0
non-tumour/TCGA-A6-A56B-01Z-00-DX1_10752_11776.jpg,TCGA-A6-A56B,TCGA-A6-A56B-01Z-00-DX1,0,1.169177e-06,0
non-tumour/TCGA-A6-A56B-01Z-00-DX1_10752_12288.jpg,TCGA-A6-A56B,TCGA-A6-A56B-01Z-00-DX1,0,2.0821578e-06,0
non-tumour/TCGA-A6-A56B-01Z-00-DX1_10752_14848.jpg,TCGA-A6-A56B,TCGA-A6-A56B-01Z-00-DX1,0,1.47151195e-05,0
non-tumour/TCGA-A6-A56B-01Z-00-DX1_10752_15872.jpg,TCGA-A6-A56B,TCGA-A6-A56B-01Z-00-DX1,0,4.898379e-05,0
non-tumour/TCGA-A6-A56B-01Z-00-DX1_10752_16384.jpg,TCGA-A6-A56B,TCGA-A6-A56B-01Z-00-DX1,0,5.776281e-07,0
non-tumour/TCGA-A6-A56B-01Z-00-DX1_10752_16896.jpg,TCGA-A6-A56B,TCGA-A6-A56B-01Z-00-DX1,0,1.6965097e-06,0
non-tumour/TCGA-A6-A56B-01Z-00-DX1_10752_17920.jpg,TCGA-A6-A56B,TCGA-A6-A56B-01Z-00-DX1,0,6.021964e-06,0
non-tumour/TCGA-A6-A56B-01Z-00-DX1_11264_12288.jpg,TCGA-A6-A56B,TCGA-A6-A56B-01Z-00-DX1,0,1.2878839e-07,0
non-tumour/TCGA-A6-A56B-01Z-00-DX1_11264_12800.jpg,TCGA-A6-A56B,TCGA-A6-A56B-01Z-00-DX1,0,2.229146e-05,0
non-tumour/TCGA-A6-A56B-01Z-00-DX1_11264_14848.jpg,TCGA-A6-A56B,TCGA-A6-A56B-01Z-00-DX1,0,1.9669896e-07,0
non-tumour/TCGA-A6-A56B-01Z-00-DX1_11264_16896.jpg,TCGA-A6-A56B,TCGA-A6-A56B-01Z-00-DX1,0,5.5088717e-06,0
non-tumour/TCGA-A6-A56B-01Z-00-DX1_11264_17408.jpg,TCGA-A6-A56B,TCGA-A6-A56B-01Z-00-DX1,0,7.710088e-07,0
non-tumour/TCGA-A6-A56B-01Z-00-DX1_11776_11776.jpg,TCGA-A6-A56B,TCGA-A6-A56B-01Z-00-DX1,0,9.963939e-07,0
non-tumour/TCGA-A6-A56B-01Z-00-DX1_11776_12800.jpg,TCGA-A6-A56B,TCGA-A6-A56B-01Z-00-DX1,0,8.2846014e-08,0
non-tumour/TCGA-A6-A56B-01Z-00-DX1_11776_13312.jpg,TCGA-A6-A56B,TCGA-A6-A56B-01Z-00-DX1,0,2.3135049e-06,0
non-tumour/TCGA-A6-A56B-01Z-00-DX1_11776_14336.jpg,TCGA-A6-A56B,TCGA-A6-A56B-01Z-00-DX1,0,4.7038425e-06,0
non-tumour/TCGA-A6-A56B-01Z-00-DX1_11776_15360.jpg,TCGA-A6-A56B,TCGA-A6-A56B-01Z-00-DX1,0,3.4522665e-05,0
non-tumour/TCGA-A6-A56B-01Z-00-DX1_11776_16384.jpg,TCGA-A6-A56B,TCGA-A6-A56B-01Z-00-DX1,0,4.077562e-07,0
non-tumour/TCGA-A6-A56B-01Z-00-DX1_12288_11776.jpg,TCGA-A6-A56B,TCGA-A6-A56B-01Z-00-DX1,0,0.00010922159,0
non-tumour/TCGA-A6-A56B-01Z-00-DX1_12288_12800.jpg,TCGA-A6-A56B,TCGA-A6-A56B-01Z-00-DX1,0,6.240058e-07,0
non-tumour/TCGA-A6-A56B-01Z-00-DX1_12288_13312.jpg,TCGA-A6-A56B,TCGA-A6-A56B-01Z-00-DX1,0,4.3735567e-06,0
non-tumour/TCGA-A6-A56B-01Z-00-DX1_12288_15872.jpg,TCGA-A6-A56B,TCGA-A6-A56B-01Z-00-DX1,0,1.8326122e-06,0
non-tumour/TCGA-A6-A56B-01Z-00-DX1_12288_16896.jpg,TCGA-A6-A56B,TCGA-A6-A56B-01Z-00-DX1,0,7.036879e-05,0
non-tumour/TCGA-A6-A56B-01Z-00-DX1_12288_17408.jpg,TCGA-A6-A56B,TCGA-A6-A56B-01Z-00-DX1,0,0.0043880846,0
non-tumour/TCGA-A6-A56B-01Z-00-DX1_12800_13824.jpg,TCGA-A6-A56B,TCGA-A6-A56B-01Z-00-DX1,0,1.7078442e-05,0
non-tumour/TCGA-A6-A56B-01Z-00-DX1_12800_15360.jpg,TCGA-A6-A56B,TCGA-A6-A56B-01Z-00-DX1,0,1.3905711e-05,0
non-tumour/TCGA-A6-A56B-01Z-00-DX1_12800_16384.jpg,TCGA-A6-A56B,TCGA-A6-A56B-01Z-00-DX1,0,1.92153e-06,0
non-tumour/TCGA-A6-A56B-01Z-00-DX1_13312_12800.jpg,TCGA-A6-A56B,TCGA-A6-A56B-01Z-00-DX1,0,6.3655325e-06,0
non-tumour/TCGA-A6-A56B-01Z-00-DX1_13312_13312.jpg,TCGA-A6-A56B,TCGA-A6-A56B-01Z-00-DX1,0,4.2052875e-06,0
non-tumour/TCGA-A6-A56B-01Z-00-DX1_13312_14336.jpg,TCGA-A6-A56B,TCGA-A6-A56B-01Z-00-DX1,0,9.5176765e-06,0
non-tumour/TCGA-A6-A56B-01Z-00-DX1_13312_14848.jpg,TCGA-A6-A56B,TCGA-A6-A56B-01Z-00-DX1,0,2.2039417e-06,0
non-tumour/TCGA-A6-A56B-01Z-00-DX1_13312_15360.jpg,TCGA-A6-A56B,TCGA-A6-A56B-01Z-00-DX1,0,3.5304088e-06,0
non-tumour/TCGA-A6-A56B-01Z-00-DX1_13312_15872.jpg,TCGA-A6-A56B,TCGA-A6-A56B-01Z-00-DX1,0,0.00025388174,0
non-tumour/TCGA-A6-A56B-01Z-00-DX1_13312_16384.jpg,TCGA-A6-A56B,TCGA-A6-A56B-01Z-00-DX1,0,8.839904e-06,0
non-tumour/TCGA-A6-A56B-01Z-00-DX1_13312_16896.jpg,TCGA-A6-A56B,TCGA-A6-A56B-01Z-00-DX1,0,2.2254819e-05,0
non-tumour/TCGA-A6-A56B-01Z-00-DX1_13824_12800.jpg,TCGA-A6-A56B,TCGA-A6-A56B-01Z-00-DX1,0,0.045334227,0
non-tumour/TCGA-A6-A56B-01Z-00-DX1_13824_13312.jpg,TCGA-A6-A56B,TCGA-A6-A56B-01Z-00-DX1,0,0.00089709746,0
non-tumour/TCGA-A6-A56B-01Z-00-DX1_13824_14336.jpg,TCGA-A6-A56B,TCGA-A6-A56B-01Z-00-DX1,0,4.1750232e-07,0
non-tumour/TCGA-A6-A56B-01Z-00-DX1_13824_14848.jpg,TCGA-A6-A56B,TCGA-A6-A56B-01Z-00-DX1,0,2.7219576e-07,0
non-tumour/TCGA-A6-A56B-01Z-00-DX1_13824_15872.jpg,TCGA-A6-A56B,TCGA-A6-A56B-01Z-00-DX1,0,0.0017060505,0
non-tumour/TCGA-A6-A56B-01Z-00-DX1_13824_16384.jpg,TCGA-A6-A56B,TCGA-A6-A56B-01Z-00-DX1,0,1.1071712e-05,0
non-tumour/TCGA-A6-A56B-01Z-00-DX1_13824_16896.jpg,TCGA-A6-A56B,TCGA-A6-A56B-01Z-00-DX1,0,5.4684835e-05,0
non-tumour/TCGA-A6-A56B-01Z-00-DX1_14336_13312.jpg,TCGA-A6-A56B,TCGA-A6-A56B-01Z-00-DX1,0,0.22492856,0
non-tumour/TCGA-A6-A56B-01Z-00-DX1_14336_13824.jpg,TCGA-A6-A56B,TCGA-A6-A56B-01Z-00-DX1,0,1.3213823e-05,0
non-tumour/TCGA-A6-A56B-01Z-00-DX1_14336_15872.jpg,TCGA-A6-A56B,TCGA-A6-A56B-01Z-00-DX1,0,3.8038022e-06,0
non-tumour/TCGA-A6-A56B-01Z-00-DX1_14336_16384.jpg,TCGA-A6-A56B,TCGA-A6-A56B-01Z-00-DX1,0,3.4080695e-06,0
non-tumour/TCGA-A6-A56B-01Z-00-DX1_14848_14336.jpg,TCGA-A6-A56B,TCGA-A6-A56B-01Z-00-DX1,0,1.7591213e-06,0
non-tumour/TCGA-A6-A56B-01Z-00-DX1_14848_15360.jpg,TCGA-A6-A56B,TCGA-A6-A56B-01Z-00-DX1,0,4.2340136e-07,0
non-tumour/TCGA-A6-A56B-01Z-00-DX1_15360_14848.jpg,TCGA-A6-A56B,TCGA-A6-A56B-01Z-00-DX1,0,8.758505e-07,0
non-tumour/TCGA-A6-A56B-01Z-00-DX1_1536_17920.jpg,TCGA-A6-A56B,TCGA-A6-A56B-01Z-00-DX1,0,8.587739e-05,0
non-tumour/TCGA-A6-A56B-01Z-00-DX1_1536_18432.jpg,TCGA-A6-A56B,TCGA-A6-A56B-01Z-00-DX1,0,2.817332e-06,0
non-tumour/TCGA-A6-A56B-01Z-00-DX1_2048_15360.jpg,TCGA-A6-A56B,TCGA-A6-A56B-01Z-00-DX1,0,0.0020458517,0
non-tumour/TCGA-A6-A56B-01Z-00-DX1_2560_15872.jpg,TCGA-A6-A56B,TCGA-A6-A56B-01Z-00-DX1,0,9.220463e-09,0
non-tumour/TCGA-A6-A56B-01Z-00-DX1_2560_16384.jpg,TCGA-A6-A56B,TCGA-A6-A56B-01Z-00-DX1,0,7.714647e-05,0
non-tumour/TCGA-A6-A56B-01Z-00-DX1_2560_17920.jpg,TCGA-A6-A56B,TCGA-A6-A56B-01Z-00-DX1,0,0.008627542,0
non-tumour/TCGA-A6-A56B-01Z-00-DX1_3072_14848.jpg,TCGA-A6-A56B,TCGA-A6-A56B-01Z-00-DX1,0,7.371678e-05,0
non-tumour/TCGA-A6-A56B-01Z-00-DX1_3072_17920.jpg,TCGA-A6-A56B,TCGA-A6-A56B-01Z-00-DX1,0,3.3531628e-06,0
non-tumour/TCGA-A6-A56B-01Z-00-DX1_3072_18432.jpg,TCGA-A6-A56B,TCGA-A6-A56B-01Z-00-DX1,0,7.380366e-06,0
non-tumour/TCGA-A6-A56B-01Z-00-DX1_35840_3072.jpg,TCGA-A6-A56B,TCGA-A6-A56B-01Z-00-DX1,0,2.2294691e-05,0
non-tumour/TCGA-A6-A56B-01Z-00-DX1_3584_14848.jpg,TCGA-A6-A56B,TCGA-A6-A56B-01Z-00-DX1,0,1.3557034e-05,0
non-tumour/TCGA-A6-A56B-01Z-00-DX1_3584_15872.jpg,TCGA-A6-A56B,TCGA-A6-A56B-01Z-00-DX1,0,5.842366e-05,0
non-tumour/TCGA-A6-A56B-01Z-00-DX1_3584_17920.jpg,TCGA-A6-A56B,TCGA-A6-A56B-01Z-00-DX1,0,8.296593e-05,0
non-tumour/TCGA-A6-A56B-01Z-00-DX1_36352_3072.jpg,TCGA-A6-A56B,TCGA-A6-A56B-01Z-00-DX1,0,7.6985025e-06,0
non-tumour/TCGA-A6-A56B-01Z-00-DX1_36352_3584.jpg,TCGA-A6-A56B,TCGA-A6-A56B-01Z-00-DX1,0,0.002054593,0
non-tumour/TCGA-A6-A56B-01Z-00-DX1_36864_4096.jpg,TCGA-A6-A56B,TCGA-A6-A56B-01Z-00-DX1,0,4.779368e-05,0
non-tumour/TCGA-A6-A56B-01Z-00-DX1_37376_3072.jpg,TCGA-A6-A56B,TCGA-A6-A56B-01Z-00-DX1,0,0.0084672095,0
non-tumour/TCGA-A6-A56B-01Z-00-DX1_37376_5120.jpg,TCGA-A6-A56B,TCGA-A6-A56B-01Z-00-DX1,0,0.00013216656,0
non-tumour/TCGA-A6-A56B-01Z-00-DX1_37888_4608.jpg,TCGA-A6-A56B,TCGA-A6-A56B-01Z-00-DX1,0,0.0032807898,0
non-tumour/TCGA-A6-A56B-01Z-00-DX1_37888_5120.jpg,TCGA-A6-A56B,TCGA-A6-A56B-01Z-00-DX1,0,1.5347663e-07,0
non-tumour/TCGA-A6-A56B-01Z-00-DX1_38400_4096.jpg,TCGA-A6-A56B,TCGA-A6-A56B-01Z-00-DX1,0,5.082887e-05,0
non-tumour/TCGA-A6-A56B-01Z-00-DX1_38400_5120.jpg,TCGA-A6-A56B,TCGA-A6-A56B-01Z-00-DX1,0,5.2165424e-06,0
non-tumour/TCGA-A6-A56B-01Z-00-DX1_38912_4096.jpg,TCGA-A6-A56B,TCGA-A6-A56B-01Z-00-DX1,0,0.00029264792,0
non-tumour/TCGA-A6-A56B-01Z-00-DX1_38912_4608.jpg,TCGA-A6-A56B,TCGA-A6-A56B-01Z-00-DX1,0,5.5317146e-06,0
non-tumour/TCGA-A6-A56B-01Z-00-DX1_38912_5632.jpg,TCGA-A6-A56B,TCGA-A6-A56B-01Z-00-DX1,0,0.0005041699,0
non-tumour/TCGA-A6-A56B-01Z-00-DX1_38912_6144.jpg,TCGA-A6-A56B,TCGA-A6-A56B-01Z-00-DX1,0,0.0004427092,0
non-tumour/TCGA-A6-A56B-01Z-00-DX1_39424_4608.jpg,TCGA-A6-A56B,TCGA-A6-A56B-01Z-00-DX1,0,0.00017261253,0
non-tumour/TCGA-A6-A56B-01Z-00-DX1_39424_5632.jpg,TCGA-A6-A56B,TCGA-A6-A56B-01Z-00-DX1,0,2.0349441e-07,0
non-tumour/TCGA-A6-A56B-01Z-00-DX1_39424_6144.jpg,TCGA-A6-A56B,TCGA-A6-A56B-01Z-00-DX1,0,1.0835516e-07,0
non-tumour/TCGA-A6-A56B-01Z-00-DX1_39424_6656.jpg,TCGA-A6-A56B,TCGA-A6-A56B-01Z-00-DX1,0,0.00034124218,0
non-tumour/TCGA-A6-A56B-01Z-00-DX1_39936_5120.jpg,TCGA-A6-A56B,TCGA-A6-A56B-01Z-00-DX1,0,2.2854549e-05,0
non-tumour/TCGA-A6-A56B-01Z-00-DX1_39936_5632.jpg,TCGA-A6-A56B,TCGA-A6-A56B-01Z-00-DX1,0,0.00023811952,0
non-tumour/TCGA-A6-A56B-01Z-00-DX1_39936_7168.jpg,TCGA-A6-A56B,TCGA-A6-A56B-01Z-00-DX1,0,2.7035221e-06,0
non-tumour/TCGA-A6-A56B-01Z-00-DX1_40448_10240.jpg,TCGA-A6-A56B,TCGA-A6-A56B-01Z-00-DX1,0,7.225041e-05,0
non-tumour/TCGA-A6-A56B-01Z-00-DX1_40448_10752.jpg,TCGA-A6-A56B,TCGA-A6-A56B-01Z-00-DX1,0,0.038381338,0
non-tumour/TCGA-A6-A56B-01Z-00-DX1_40448_6656.jpg,TCGA-A6-A56B,TCGA-A6-A56B-01Z-00-DX1,0,1.1287808e-05,0
non-tumour/TCGA-A6-A56B-01Z-00-DX1_40448_7680.jpg,TCGA-A6-A56B,TCGA-A6-A56B-01Z-00-DX1,0,6.53773e-05,0
non-tumour/TCGA-A6-A56B-01Z-00-DX1_40448_8192.jpg,TCGA-A6-A56B,TCGA-A6-A56B-01Z-00-DX1,0,7.189885e-05,0
non-tumour/TCGA-A6-A56B-01Z-00-DX1_40448_8704.jpg,TCGA-A6-A56B,TCGA-A6-A56B-01Z-00-DX1,0,0.03526628,0
non-tumour/TCGA-A6-A56B-01Z-00-DX1_40448_9216.jpg,TCGA-A6-A56B,TCGA-A6-A56B-01Z-00-DX1,0,0.0006295084,0
non-tumour/TCGA-A6-A56B-01Z-00-DX1_40448_9728.jpg,TCGA-A6-A56B,TCGA-A6-A56B-01Z-00-DX1,0,0.23895568,0
non-tumour/TCGA-A6-A56B-01Z-00-DX1_40960_10240.jpg,TCGA-A6-A56B,TCGA-A6-A56B-01Z-00-DX1,0,0.0684739,0
non-tumour/TCGA-A6-A56B-01Z-00-DX1_40960_6656.jpg,TCGA-A6-A56B,TCGA-A6-A56B-01Z-00-DX1,0,0.000396863,0
non-tumour/TCGA-A6-A56B-01Z-00-DX1_40960_7168.jpg,TCGA-A6-A56B,TCGA-A6-A56B-01Z-00-DX1,0,0.009197487,0
non-tumour/TCGA-A6-A56B-01Z-00-DX1_40960_8192.jpg,TCGA-A6-A56B,TCGA-A6-A56B-01Z-00-DX1,0,2.229586e-05,0
non-tumour/TCGA-A6-A56B-01Z-00-DX1_4096_14336.jpg,TCGA-A6-A56B,TCGA-A6-A56B-01Z-00-DX1,0,2.2478231e-07,0
non-tumour/TCGA-A6-A56B-01Z-00-DX1_4096_15360.jpg,TCGA-A6-A56B,TCGA-A6-A56B-01Z-00-DX1,0,8.67781e-06,0
non-tumour/TCGA-A6-A56B-01Z-00-DX1_4096_15872.jpg,TCGA-A6-A56B,TCGA-A6-A56B-01Z-00-DX1,0,0.00012912687,0
non-tumour/TCGA-A6-A56B-01Z-00-DX1_4096_18432.jpg,TCGA-A6-A56B,TCGA-A6-A56B-01Z-00-DX1,0,0.0005841174,0
non-tumour/TCGA-A6-A56B-01Z-00-DX1_41472_10240.jpg,TCGA-A6-A56B,TCGA-A6-A56B-01Z-00-DX1,0,0.00010785162,0
non-tumour/TCGA-A6-A56B-01Z-00-DX1_41472_10752.jpg,TCGA-A6-A56B,TCGA-A6-A56B-01Z-00-DX1,0,3.5576704e-05,0
non-tumour/TCGA-A6-A56B-01Z-00-DX1_41472_8192.jpg,TCGA-A6-A56B,TCGA-A6-A56B-01Z-00-DX1,0,0.00028702398,0
non-tumour/TCGA-A6-A56B-01Z-00-DX1_41472_9216.jpg,TCGA-A6-A56B,TCGA-A6-A56B-01Z-00-DX1,0,3.6614182e-07,0
non-tumour/TCGA-A6-A56B-01Z-00-DX1_41472_9728.jpg,TCGA-A6-A56B,TCGA-A6-A56B-01Z-00-DX1,0,4.01588e-06,0
non-tumour/TCGA-A6-A56B-01Z-00-DX1_41984_10240.jpg,TCGA-A6-A56B,TCGA-A6-A56B-01Z-00-DX1,0,6.6417924e-06,0
non-tumour/TCGA-A6-A56B-01Z-00-DX1_41984_10752.jpg,TCGA-A6-A56B,TCGA-A6-A56B-01Z-00-DX1,0,2.2606631e-05,0
non-tumour/TCGA-A6-A56B-01Z-00-DX1_41984_12800.jpg,TCGA-A6-A56B,TCGA-A6-A56B-01Z-00-DX1,0,0.00039546302,0
non-tumour/TCGA-A6-A56B-01Z-00-DX1_41984_13312.jpg,TCGA-A6-A56B,TCGA-A6-A56B-01Z-00-DX1,0,0.0009793489,0
non-tumour/TCGA-A6-A56B-01Z-00-DX1_41984_13824.jpg,TCGA-A6-A56B,TCGA-A6-A56B-01Z-00-DX1,0,0.00019502279,0
non-tumour/TCGA-A6-A56B-01Z-00-DX1_41984_9728.jpg,TCGA-A6-A56B,TCGA-A6-A56B-01Z-00-DX1,0,6.006684e-05,0
non-tumour/TCGA-A6-A56B-01Z-00-DX1_42496_10240.jpg,TCGA-A6-A56B,TCGA-A6-A56B-01Z-00-DX1,0,0.00456263,0
non-tumour/TCGA-A6-A56B-01Z-00-DX1_42496_10752.jpg,TCGA-A6-A56B,TCGA-A6-A56B-01Z-00-DX1,0,1.489584e-06,0
non-tumour/TCGA-A6-A56B-01Z-00-DX1_42496_12800.jpg,TCGA-A6-A56B,TCGA-A6-A56B-01Z-00-DX1,0,0.00010268601,0
non-tumour/TCGA-A6-A56B-01Z-00-DX1_43008_12288.jpg,TCGA-A6-A56B,TCGA-A6-A56B-01Z-00-DX1,0,0.001494226,0
non-tumour/TCGA-A6-A56B-01Z-00-DX1_43008_12800.jpg,TCGA-A6-A56B,TCGA-A6-A56B-01Z-00-DX1,0,6.702719e-06,0
non-tumour/TCGA-A6-A56B-01Z-00-DX1_43008_13312.jpg,TCGA-A6-A56B,TCGA-A6-A56B-01Z-00-DX1,0,4.0657255e-06,0
non-tumour/TCGA-A6-A56B-01Z-00-DX1_4608_17920.jpg,TCGA-A6-A56B,TCGA-A6-A56B-01Z-00-DX1,0,5.3301603e-05,0
non-tumour/TCGA-A6-A56B-01Z-00-DX1_4608_18432.jpg,TCGA-A6-A56B,TCGA-A6-A56B-01Z-00-DX1,0,3.1864543e-05,0
non-tumour/TCGA-A6-A56B-01Z-00-DX1_5120_17408.jpg,TCGA-A6-A56B,TCGA-A6-A56B-01Z-00-DX1,0,4.884151e-07,0
non-tumour/TCGA-A6-A56B-01Z-00-DX1_5120_17920.jpg,TCGA-A6-A56B,TCGA-A6-A56B-01Z-00-DX1,0,2.2845006e-05,0
non-tumour/TCGA-A6-A56B-01Z-00-DX1_5632_14848.jpg,TCGA-A6-A56B,TCGA-A6-A56B-01Z-00-DX1,0,1.2758854e-06,0
non-tumour/TCGA-A6-A56B-01Z-00-DX1_5632_15360.jpg,TCGA-A6-A56B,TCGA-A6-A56B-01Z-00-DX1,0,4.2195616e-08,0
non-tumour/TCGA-A6-A56B-01Z-00-DX1_5632_17408.jpg,TCGA-A6-A56B,TCGA-A6-A56B-01Z-00-DX1,0,0.00021581212,0
non-tumour/TCGA-A6-A56B-01Z-00-DX1_5632_17920.jpg,TCGA-A6-A56B,TCGA-A6-A56B-01Z-00-DX1,0,5.876685e-07,0
non-tumour/TCGA-A6-A56B-01Z-00-DX1_5632_18432.jpg,TCGA-A6-A56B,TCGA-A6-A56B-01Z-00-DX1,0,6.0423054e-06,0
non-tumour/TCGA-A6-A56B-01Z-00-DX1_6144_13824.jpg,TCGA-A6-A56B,TCGA-A6-A56B-01Z-00-DX1,0,5.869374e-09,0
non-tumour/TCGA-A6-A56B-01Z-00-DX1_6144_14336.jpg,TCGA-A6-A56B,TCGA-A6-A56B-01Z-00-DX1,0,8.660085e-06,0
non-tumour/TCGA-A6-A56B-01Z-00-DX1_6144_15360.jpg,TCGA-A6-A56B,TCGA-A6-A56B-01Z-00-DX1,0,7.115341e-07,0
non-tumour/TCGA-A6-A56B-01Z-00-DX1_6144_16896.jpg,TCGA-A6-A56B,TCGA-A6-A56B-01Z-00-DX1,0,2.3301627e-06,0
non-tumour/TCGA-A6-A56B-01Z-00-DX1_6144_17920.jpg,TCGA-A6-A56B,TCGA-A6-A56B-01Z-00-DX1,0,4.6208532e-07,0
non-tumour/TCGA-A6-A56B-01Z-00-DX1_6656_13312.jpg,TCGA-A6-A56B,TCGA-A6-A56B-01Z-00-DX1,0,4.2623407e-07,0
non-tumour/TCGA-A6-A56B-01Z-00-DX1_6656_15360.jpg,TCGA-A6-A56B,TCGA-A6-A56B-01Z-00-DX1,0,7.983949e-05,0
non-tumour/TCGA-A6-A56B-01Z-00-DX1_6656_16896.jpg,TCGA-A6-A56B,TCGA-A6-A56B-01Z-00-DX1,0,1.920819e-08,0
non-tumour/TCGA-A6-A56B-01Z-00-DX1_6656_17408.jpg,TCGA-A6-A56B,TCGA-A6-A56B-01Z-00-DX1,0,7.227652e-07,0
non-tumour/TCGA-A6-A56B-01Z-00-DX1_6656_17920.jpg,TCGA-A6-A56B,TCGA-A6-A56B-01Z-00-DX1,0,1.5620547e-07,0
non-tumour/TCGA-A6-A56B-01Z-00-DX1_7168_13824.jpg,TCGA-A6-A56B,TCGA-A6-A56B-01Z-00-DX1,0,3.741114e-06,0
non-tumour/TCGA-A6-A56B-01Z-00-DX1_7168_14848.jpg,TCGA-A6-A56B,TCGA-A6-A56B-01Z-00-DX1,0,5.525161e-06,0
non-tumour/TCGA-A6-A56B-01Z-00-DX1_7168_17408.jpg,TCGA-A6-A56B,TCGA-A6-A56B-01Z-00-DX1,0,7.0536225e-07,0
non-tumour/TCGA-A6-A56B-01Z-00-DX1_7680_12800.jpg,TCGA-A6-A56B,TCGA-A6-A56B-01Z-00-DX1,0,0.00040859258,0
non-tumour/TCGA-A6-A56B-01Z-00-DX1_7680_14336.jpg,TCGA-A6-A56B,TCGA-A6-A56B-01Z-00-DX1,0,1.1185205e-06,0
non-tumour/TCGA-A6-A56B-01Z-00-DX1_7680_15872.jpg,TCGA-A6-A56B,TCGA-A6-A56B-01Z-00-DX1,0,2.4699125e-06,0
non-tumour/TCGA-A6-A56B-01Z-00-DX1_7680_16384.jpg,TCGA-A6-A56B,TCGA-A6-A56B-01Z-00-DX1,0,8.10616e-08,0
non-tumour/TCGA-A6-A56B-01Z-00-DX1_7680_17920.jpg,TCGA-A6-A56B,TCGA-A6-A56B-01Z-00-DX1,0,1.3534353e-06,0
non-tumour/TCGA-A6-A56B-01Z-00-DX1_7680_18432.jpg,TCGA-A6-A56B,TCGA-A6-A56B-01Z-00-DX1,0,0.00016307799,0
non-tumour/TCGA-A6-A56B-01Z-00-DX1_8192_13312.jpg,TCGA-A6-A56B,TCGA-A6-A56B-01Z-00-DX1,0,1.2328308e-06,0
non-tumour/TCGA-A6-A56B-01Z-00-DX1_8192_15872.jpg,TCGA-A6-A56B,TCGA-A6-A56B-01Z-00-DX1,0,5.8170285e-06,0
non-tumour/TCGA-A6-A56B-01Z-00-DX1_8192_16384.jpg,TCGA-A6-A56B,TCGA-A6-A56B-01Z-00-DX1,0,8.1889795e-07,0
non-tumour/TCGA-A6-A56B-01Z-00-DX1_8192_17408.jpg,TCGA-A6-A56B,TCGA-A6-A56B-01Z-00-DX1,0,3.1666455e-05,0
non-tumour/TCGA-A6-A56B-01Z-00-DX1_8704_13824.jpg,TCGA-A6-A56B,TCGA-A6-A56B-01Z-00-DX1,0,6.958102e-08,0
non-tumour/TCGA-A6-A56B-01Z-00-DX1_8704_14336.jpg,TCGA-A6-A56B,TCGA-A6-A56B-01Z-00-DX1,0,2.481611e-07,0
non-tumour/TCGA-A6-A56B-01Z-00-DX1_8704_16384.jpg,TCGA-A6-A56B,TCGA-A6-A56B-01Z-00-DX1,0,0.00012810234,0
non-tumour/TCGA-A6-A56B-01Z-00-DX1_8704_17408.jpg,TCGA-A6-A56B,TCGA-A6-A56B-01Z-00-DX1,0,3.8223843e-06,0
non-tumour/TCGA-A6-A56B-01Z-00-DX1_8704_17920.jpg,TCGA-A6-A56B,TCGA-A6-A56B-01Z-00-DX1,0,0.0035746577,0
non-tumour/TCGA-A6-A56B-01Z-00-DX1_9216_11776.jpg,TCGA-A6-A56B,TCGA-A6-A56B-01Z-00-DX1,0,2.702937e-05,0
non-tumour/TCGA-A6-A56B-01Z-00-DX1_9216_13312.jpg,TCGA-A6-A56B,TCGA-A6-A56B-01Z-00-DX1,0,0.00013707111,0
non-tumour/TCGA-A6-A56B-01Z-00-DX1_9216_13824.jpg,TCGA-A6-A56B,TCGA-A6-A56B-01Z-00-DX1,0,4.9714176e-06,0
non-tumour/TCGA-A6-A56B-01Z-00-DX1_9216_14848.jpg,TCGA-A6-A56B,TCGA-A6-A56B-01Z-00-DX1,0,8.21852e-06,0
non-tumour/TCGA-A6-A56B-01Z-00-DX1_9216_15872.jpg,TCGA-A6-A56B,TCGA-A6-A56B-01Z-00-DX1,0,0.0012052263,0
non-tumour/TCGA-A6-A56B-01Z-00-DX1_9216_16896.jpg,TCGA-A6-A56B,TCGA-A6-A56B-01Z-00-DX1,0,3.8567347e-07,0
non-tumour/TCGA-A6-A56B-01Z-00-DX1_9728_12800.jpg,TCGA-A6-A56B,TCGA-A6-A56B-01Z-00-DX1,0,1.974899e-07,0
non-tumour/TCGA-A6-A56B-01Z-00-DX1_9728_13824.jpg,TCGA-A6-A56B,TCGA-A6-A56B-01Z-00-DX1,0,9.0628004e-05,0
non-tumour/TCGA-A6-A56B-01Z-00-DX1_9728_14336.jpg,TCGA-A6-A56B,TCGA-A6-A56B-01Z-00-DX1,0,3.445007e-07,0
non-tumour/TCGA-A6-A56B-01Z-00-DX1_9728_14848.jpg,TCGA-A6-A56B,TCGA-A6-A56B-01Z-00-DX1,0,2.5512279e-08,0
non-tumour/TCGA-A6-A56B-01Z-00-DX1_9728_17408.jpg,TCGA-A6-A56B,TCGA-A6-A56B-01Z-00-DX1,0,0.0029906472,0
non-tumour/TCGA-AG-4015-01Z-00-DX1_10240_8192.jpg,TCGA-AG-4015,TCGA-AG-4015-01Z-00-DX1,0,0.04120903,0
non-tumour/TCGA-AG-4015-01Z-00-DX1_10240_8704.jpg,TCGA-AG-4015,TCGA-AG-4015-01Z-00-DX1,0,0.0005587682,0
non-tumour/TCGA-AG-4015-01Z-00-DX1_10752_7168.jpg,TCGA-AG-4015,TCGA-AG-4015-01Z-00-DX1,0,0.007389288,0
non-tumour/TCGA-AG-4015-01Z-00-DX1_11264_7680.jpg,TCGA-AG-4015,TCGA-AG-4015-01Z-00-DX1,0,0.001286866,0
non-tumour/TCGA-AG-4015-01Z-00-DX1_12800_6144.jpg,TCGA-AG-4015,TCGA-AG-4015-01Z-00-DX1,0,4.348945e-05,0
non-tumour/TCGA-AG-4015-01Z-00-DX1_13312_6656.jpg,TCGA-AG-4015,TCGA-AG-4015-01Z-00-DX1,0,0.00093129824,0
non-tumour/TCGA-AG-4015-01Z-00-DX1_13824_6656.jpg,TCGA-AG-4015,TCGA-AG-4015-01Z-00-DX1,0,0.010228014,0
non-tumour/TCGA-AG-4015-01Z-00-DX1_13824_7168.jpg,TCGA-AG-4015,TCGA-AG-4015-01Z-00-DX1,0,0.0004317529,0
non-tumour/TCGA-AG-4015-01Z-00-DX1_14336_6656.jpg,TCGA-AG-4015,TCGA-AG-4015-01Z-00-DX1,0,0.0014574906,0
non-tumour/TCGA-AG-4015-01Z-00-DX1_14336_7168.jpg,TCGA-AG-4015,TCGA-AG-4015-01Z-00-DX1,0,0.00040639215,0
non-tumour/TCGA-AG-4015-01Z-00-DX1_15872_5120.jpg,TCGA-AG-4015,TCGA-AG-4015-01Z-00-DX1,0,0.0013761309,0
non-tumour/TCGA-AG-4015-01Z-00-DX1_16384_5120.jpg,TCGA-AG-4015,TCGA-AG-4015-01Z-00-DX1,0,0.002981567,0
non-tumour/TCGA-AG-4015-01Z-00-DX1_16384_6144.jpg,TCGA-AG-4015,TCGA-AG-4015-01Z-00-DX1,0,0.0012406795,0
non-tumour/TCGA-AG-4015-01Z-00-DX1_16896_6144.jpg,TCGA-AG-4015,TCGA-AG-4015-01Z-00-DX1,0,0.011305761,0
non-tumour/TCGA-AG-4015-01Z-00-DX1_16896_6656.jpg,TCGA-AG-4015,TCGA-AG-4015-01Z-00-DX1,0,3.7457812e-05,0
non-tumour/TCGA-AG-4015-01Z-00-DX1_16896_7168.jpg,TCGA-AG-4015,TCGA-AG-4015-01Z-00-DX1,0,2.4298386e-05,0
non-tumour/TCGA-AG-4015-01Z-00-DX1_17408_4608.jpg,TCGA-AG-4015,TCGA-AG-4015-01Z-00-DX1,0,0.0003562202,0
non-tumour/TCGA-AG-4015-01Z-00-DX1_17920_4608.jpg,TCGA-AG-4015,TCGA-AG-4015-01Z-00-DX1,0,0.00076941797,0
non-tumour/TCGA-AG-4015-01Z-00-DX1_18432_4608.jpg,TCGA-AG-4015,TCGA-AG-4015-01Z-00-DX1,0,0.01745851,0
non-tumour/TCGA-AG-4015-01Z-00-DX1_18432_5120.jpg,TCGA-AG-4015,TCGA-AG-4015-01Z-00-DX1,0,3.7152377e-06,0
non-tumour/TCGA-AG-4015-01Z-00-DX1_18432_5632.jpg,TCGA-AG-4015,TCGA-AG-4015-01Z-00-DX1,0,6.9558987e-06,0
non-tumour/TCGA-AG-4015-01Z-00-DX1_18432_6656.jpg,TCGA-AG-4015,TCGA-AG-4015-01Z-00-DX1,0,0.02239524,0
non-tumour/TCGA-AG-4015-01Z-00-DX1_18432_7680.jpg,TCGA-AG-4015,TCGA-AG-4015-01Z-00-DX1,0,0.022434782,0
non-tumour/TCGA-AG-4015-01Z-00-DX1_18944_6656.jpg,TCGA-AG-4015,TCGA-AG-4015-01Z-00-DX1,0,0.8777923,1
non-tumour/TCGA-AG-4015-01Z-00-DX1_18944_7680.jpg,TCGA-AG-4015,TCGA-AG-4015-01Z-00-DX1,0,1.2279727e-05,0
non-tumour/TCGA-AG-4015-01Z-00-DX1_19456_4096.jpg,TCGA-AG-4015,TCGA-AG-4015-01Z-00-DX1,0,0.0016494312,0
non-tumour/TCGA-AG-4015-01Z-00-DX1_19456_7168.jpg,TCGA-AG-4015,TCGA-AG-4015-01Z-00-DX1,0,0.0028247072,0
non-tumour/TCGA-AG-4015-01Z-00-DX1_19456_7680.jpg,TCGA-AG-4015,TCGA-AG-4015-01Z-00-DX1,0,0.004397686,0
non-tumour/TCGA-AG-4015-01Z-00-DX1_19456_8192.jpg,TCGA-AG-4015,TCGA-AG-4015-01Z-00-DX1,0,0.0011889322,0
non-tumour/TCGA-AG-4015-01Z-00-DX1_19968_4608.jpg,TCGA-AG-4015,TCGA-AG-4015-01Z-00-DX1,0,5.2989304e-05,0
non-tumour/TCGA-AG-4015-01Z-00-DX1_19968_5632.jpg,TCGA-AG-4015,TCGA-AG-4015-01Z-00-DX1,0,6.4325504e-06,0
non-tumour/TCGA-AG-4015-01Z-00-DX1_19968_6144.jpg,TCGA-AG-4015,TCGA-AG-4015-01Z-00-DX1,0,0.008126189,0
non-tumour/TCGA-AG-4015-01Z-00-DX1_19968_7168.jpg,TCGA-AG-4015,TCGA-AG-4015-01Z-00-DX1,0,0.006778355,0
non-tumour/TCGA-AG-4015-01Z-00-DX1_20480_6144.jpg,TCGA-AG-4015,TCGA-AG-4015-01Z-00-DX1,0,0.004151094,0
non-tumour/TCGA-AG-4015-01Z-00-DX1_20480_8192.jpg,TCGA-AG-4015,TCGA-AG-4015-01Z-00-DX1,0,0.0015372401,0
non-tumour/TCGA-AG-4015-01Z-00-DX1_20992_7168.jpg,TCGA-AG-4015,TCGA-AG-4015-01Z-00-DX1,0,0.0001495572,0
non-tumour/TCGA-AG-4015-01Z-00-DX1_9728_6656.jpg,TCGA-AG-4015,TCGA-AG-4015-01Z-00-DX1,0,0.009905408,0
non-tumour/TCGA-AG-4015-01Z-00-DX1_9728_7168.jpg,TCGA-AG-4015,TCGA-AG-4015-01Z-00-DX1,0,0.0015030338,0
non-tumour/TCGA-AG-4015-01Z-00-DX1_9728_7680.jpg,TCGA-AG-4015,TCGA-AG-4015-01Z-00-DX1,0,0.0032256625,0
non-tumour/TCGA-AG-4015-01Z-00-DX1_9728_8192.jpg,TCGA-AG-4015,TCGA-AG-4015-01Z-00-DX1,0,0.0009441624,0
non-tumour/TCGA-CK-6751-01Z-00-DX1_10240_11776.jpg,TCGA-CK-6751,TCGA-CK-6751-01Z-00-DX1,0,0.01704515,0
non-tumour/TCGA-CK-6751-01Z-00-DX1_10240_13312.jpg,TCGA-CK-6751,TCGA-CK-6751-01Z-00-DX1,0,0.3665179,0
non-tumour/TCGA-CK-6751-01Z-00-DX1_10240_14848.jpg,TCGA-CK-6751,TCGA-CK-6751-01Z-00-DX1,0,0.002970651,0
non-tumour/TCGA-CK-6751-01Z-00-DX1_10240_15360.jpg,TCGA-CK-6751,TCGA-CK-6751-01Z-00-DX1,0,0.2835168,0
non-tumour/TCGA-CK-6751-01Z-00-DX1_10752_11776.jpg,TCGA-CK-6751,TCGA-CK-6751-01Z-00-DX1,0,0.99430853,1
non-tumour/TCGA-CK-6751-01Z-00-DX1_10752_12288.jpg,TCGA-CK-6751,TCGA-CK-6751-01Z-00-DX1,0,0.98909646,1
non-tumour/TCGA-CK-6751-01Z-00-DX1_10752_12800.jpg,TCGA-CK-6751,TCGA-CK-6751-01Z-00-DX1,0,0.9600363,1
non-tumour/TCGA-CK-6751-01Z-00-DX1_10752_13824.jpg,TCGA-CK-6751,TCGA-CK-6751-01Z-00-DX1,0,0.06616095,0
non-tumour/TCGA-CK-6751-01Z-00-DX1_10752_14336.jpg,TCGA-CK-6751,TCGA-CK-6751-01Z-00-DX1,0,0.0015782845,0
non-tumour/TCGA-CK-6751-01Z-00-DX1_10752_15360.jpg,TCGA-CK-6751,TCGA-CK-6751-01Z-00-DX1,0,0.9456806,1
non-tumour/TCGA-CK-6751-01Z-00-DX1_10752_16896.jpg,TCGA-CK-6751,TCGA-CK-6751-01Z-00-DX1,0,0.0069692186,0
non-tumour/TCGA-CK-6751-01Z-00-DX1_11264_11776.jpg,TCGA-CK-6751,TCGA-CK-6751-01Z-00-DX1,0,0.9815703,1
non-tumour/TCGA-CK-6751-01Z-00-DX1_11264_12800.jpg,TCGA-CK-6751,TCGA-CK-6751-01Z-00-DX1,0,0.7301368,1
non-tumour/TCGA-CK-6751-01Z-00-DX1_11264_15360.jpg,TCGA-CK-6751,TCGA-CK-6751-01Z-00-DX1,0,0.17855553,0
non-tumour/TCGA-CK-6751-01Z-00-DX1_11264_15872.jpg,TCGA-CK-6751,TCGA-CK-6751-01Z-00-DX1,0,0.875472,1
non-tumour/TCGA-CK-6751-01Z-00-DX1_11264_16384.jpg,TCGA-CK-6751,TCGA-CK-6751-01Z-00-DX1,0,0.09399705,0
non-tumour/TCGA-CK-6751-01Z-00-DX1_11264_16896.jpg,TCGA-CK-6751,TCGA-CK-6751-01Z-00-DX1,0,0.025649056,0
non-tumour/TCGA-CK-6751-01Z-00-DX1_11776_11264.jpg,TCGA-CK-6751,TCGA-CK-6751-01Z-00-DX1,0,0.7802487,1
non-tumour/TCGA-CK-6751-01Z-00-DX1_11776_11776.jpg,TCGA-CK-6751,TCGA-CK-6751-01Z-00-DX1,0,0.5269613,1
non-tumour/TCGA-CK-6751-01Z-00-DX1_11776_12288.jpg,TCGA-CK-6751,TCGA-CK-6751-01Z-00-DX1,0,0.50409913,1
non-tumour/TCGA-CK-6751-01Z-00-DX1_11776_13312.jpg,TCGA-CK-6751,TCGA-CK-6751-01Z-00-DX1,0,0.022398988,0
non-tumour/TCGA-CK-6751-01Z-00-DX1_11776_14336.jpg,TCGA-CK-6751,TCGA-CK-6751-01Z-00-DX1,0,0.00866028,0
non-tumour/TCGA-CK-6751-01Z-00-DX1_11776_14848.jpg,TCGA-CK-6751,TCGA-CK-6751-01Z-00-DX1,0,0.8809445,1
non-tumour/TCGA-CK-6751-01Z-00-DX1_11776_15360.jpg,TCGA-CK-6751,TCGA-CK-6751-01Z-00-DX1,0,0.76227933,1
non-tumour/TCGA-CK-6751-01Z-00-DX1_11776_16384.jpg,TCGA-CK-6751,TCGA-CK-6751-01Z-00-DX1,0,0.14817575,0
non-tumour/TCGA-CK-6751-01Z-00-DX1_12288_11264.jpg,TCGA-CK-6751,TCGA-CK-6751-01Z-00-DX1,0,0.25033277,0
non-tumour/TCGA-CK-6751-01Z-00-DX1_12288_12288.jpg,TCGA-CK-6751,TCGA-CK-6751-01Z-00-DX1,0,0.5317548,1
non-tumour/TCGA-CK-6751-01Z-00-DX1_12288_13824.jpg,TCGA-CK-6751,TCGA-CK-6751-01Z-00-DX1,0,0.13461033,0
non-tumour/TCGA-CK-6751-01Z-00-DX1_12288_14848.jpg,TCGA-CK-6751,TCGA-CK-6751-01Z-00-DX1,0,0.0928028,0
non-tumour/TCGA-CK-6751-01Z-00-DX1_12288_15360.jpg,TCGA-CK-6751,TCGA-CK-6751-01Z-00-DX1,0,0.12284872,0
non-tumour/TCGA-CK-6751-01Z-00-DX1_12288_16384.jpg,TCGA-CK-6751,TCGA-CK-6751-01Z-00-DX1,0,0.068475604,0
non-tumour/TCGA-CK-6751-01Z-00-DX1_12288_16896.jpg,TCGA-CK-6751,TCGA-CK-6751-01Z-00-DX1,0,0.06106778,0
non-tumour/TCGA-CK-6751-01Z-00-DX1_12800_11776.jpg,TCGA-CK-6751,TCGA-CK-6751-01Z-00-DX1,0,0.73668617,1
non-tumour/TCGA-CK-6751-01Z-00-DX1_12800_12288.jpg,TCGA-CK-6751,TCGA-CK-6751-01Z-00-DX1,0,0.10621573,0
non-tumour/TCGA-CK-6751-01Z-00-DX1_12800_12800.jpg,TCGA-CK-6751,TCGA-CK-6751-01Z-00-DX1,0,2.8097114e-05,0
non-tumour/TCGA-CK-6751-01Z-00-DX1_12800_13312.jpg,TCGA-CK-6751,TCGA-CK-6751-01Z-00-DX1,0,0.055721544,0
non-tumour/TCGA-CK-6751-01Z-00-DX1_12800_14336.jpg,TCGA-CK-6751,TCGA-CK-6751-01Z-00-DX1,0,0.8497567,1
non-tumour/TCGA-CK-6751-01Z-00-DX1_12800_15360.jpg,TCGA-CK-6751,TCGA-CK-6751-01Z-00-DX1,0,0.9713027,1
non-tumour/TCGA-CK-6751-01Z-00-DX1_13312_10752.jpg,TCGA-CK-6751,TCGA-CK-6751-01Z-00-DX1,0,0.016868131,0
non-tumour/TCGA-CK-6751-01Z-00-DX1_13312_11264.jpg,TCGA-CK-6751,TCGA-CK-6751-01Z-00-DX1,0,0.10446487,0
non-tumour/TCGA-CK-6751-01Z-00-DX1_13312_11776.jpg,TCGA-CK-6751,TCGA-CK-6751-01Z-00-DX1,0,0.56537956,1
non-tumour/TCGA-CK-6751-01Z-00-DX1_13312_12288.jpg,TCGA-CK-6751,TCGA-CK-6751-01Z-00-DX1,0,0.00010329766,0
non-tumour/TCGA-CK-6751-01Z-00-DX1_13312_12800.jpg,TCGA-CK-6751,TCGA-CK-6751-01Z-00-DX1,0,5.0366964e-08,0
non-tumour/TCGA-CK-6751-01Z-00-DX1_13312_14336.jpg,TCGA-CK-6751,TCGA-CK-6751-01Z-00-DX1,0,0.008123414,0
non-tumour/TCGA-CK-6751-01Z-00-DX1_13312_15360.jpg,TCGA-CK-6751,TCGA-CK-6751-01Z-00-DX1,0,0.98135984,1
non-tumour/TCGA-CK-6751-01Z-00-DX1_13312_15872.jpg,TCGA-CK-6751,TCGA-CK-6751-01Z-00-DX1,0,0.18356809,0
non-tumour/TCGA-CK-6751-01Z-00-DX1_13312_16384.jpg,TCGA-CK-6751,TCGA-CK-6751-01Z-00-DX1,0,0.44370714,0
non-tumour/TCGA-CK-6751-01Z-00-DX1_13824_11264.jpg,TCGA-CK-6751,TCGA-CK-6751-01Z-00-DX1,0,0.9836578,1
non-tumour/TCGA-CK-6751-01Z-00-DX1_13824_13312.jpg,TCGA-CK-6751,TCGA-CK-6751-01Z-00-DX1,0,1.9480985e-05,0
non-tumour/TCGA-CK-6751-01Z-00-DX1_13824_14848.jpg,TCGA-CK-6751,TCGA-CK-6751-01Z-00-DX1,0,0.35159385,0
non-tumour/TCGA-CK-6751-01Z-00-DX1_13824_15872.jpg,TCGA-CK-6751,TCGA-CK-6751-01Z-00-DX1,0,0.27493644,0
non-tumour/TCGA-CK-6751-01Z-00-DX1_13824_16384.jpg,TCGA-CK-6751,TCGA-CK-6751-01Z-00-DX1,0,0.0002591192,0
non-tumour/TCGA-CK-6751-01Z-00-DX1_14336_11776.jpg,TCGA-CK-6751,TCGA-CK-6751-01Z-00-DX1,0,0.013228715,0
non-tumour/TCGA-CK-6751-01Z-00-DX1_14336_12288.jpg,TCGA-CK-6751,TCGA-CK-6751-01Z-00-DX1,0,1.35020955e-05,0
non-tumour/TCGA-CK-6751-01Z-00-DX1_14336_13312.jpg,TCGA-CK-6751,TCGA-CK-6751-01Z-00-DX1,0,0.00038471122,0
non-tumour/TCGA-CK-6751-01Z-00-DX1_14336_14336.jpg,TCGA-CK-6751,TCGA-CK-6751-01Z-00-DX1,0,0.01624028,0
non-tumour/TCGA-CK-6751-01Z-00-DX1_14336_14848.jpg,TCGA-CK-6751,TCGA-CK-6751-01Z-00-DX1,0,0.25627285,0
non-tumour/TCGA-CK-6751-01Z-00-DX1_14336_15872.jpg,TCGA-CK-6751,TCGA-CK-6751-01Z-00-DX1,0,0.021068543,0
non-tumour/TCGA-CK-6751-01Z-00-DX1_14336_16384.jpg,TCGA-CK-6751,TCGA-CK-6751-01Z-00-DX1,0,0.079771325,0
non-tumour/TCGA-CK-6751-01Z-00-DX1_14848_11264.jpg,TCGA-CK-6751,TCGA-CK-6751-01Z-00-DX1,0,0.7005604,1
non-tumour/TCGA-CK-6751-01Z-00-DX1_14848_11776.jpg,TCGA-CK-6751,TCGA-CK-6751-01Z-00-DX1,0,0.12090332,0
non-tumour/TCGA-CK-6751-01Z-00-DX1_14848_13312.jpg,TCGA-CK-6751,TCGA-CK-6751-01Z-00-DX1,0,0.00035760965,0
non-tumour/TCGA-CK-6751-01Z-00-DX1_14848_13824.jpg,TCGA-CK-6751,TCGA-CK-6751-01Z-00-DX1,0,0.0019400868,0
non-tumour/TCGA-CK-6751-01Z-00-DX1_14848_14336.jpg,TCGA-CK-6751,TCGA-CK-6751-01Z-00-DX1,0,0.19871086,0
non-tumour/TCGA-CK-6751-01Z-00-DX1_15360_11264.jpg,TCGA-CK-6751,TCGA-CK-6751-01Z-00-DX1,0,0.417725,0
non-tumour/TCGA-CK-6751-01Z-00-DX1_15360_12800.jpg,TCGA-CK-6751,TCGA-CK-6751-01Z-00-DX1,0,2.6992843e-06,0
non-tumour/TCGA-CK-6751-01Z-00-DX1_15360_14336.jpg,TCGA-CK-6751,TCGA-CK-6751-01Z-00-DX1,0,0.009216892,0
non-tumour/TCGA-CK-6751-01Z-00-DX1_15360_15360.jpg,TCGA-CK-6751,TCGA-CK-6751-01Z-00-DX1,0,0.056182563,0
non-tumour/TCGA-CK-6751-01Z-00-DX1_15360_15872.jpg,TCGA-CK-6751,TCGA-CK-6751-01Z-00-DX1,0,0.26004577,0
non-tumour/TCGA-CK-6751-01Z-00-DX1_15872_11776.jpg,TCGA-CK-6751,TCGA-CK-6751-01Z-00-DX1,0,1.6141977e-06,0
non-tumour/TCGA-CK-6751-01Z-00-DX1_15872_12288.jpg,TCGA-CK-6751,TCGA-CK-6751-01Z-00-DX1,0,0.007012064,0
non-tumour/TCGA-CK-6751-01Z-00-DX1_15872_12800.jpg,TCGA-CK-6751,TCGA-CK-6751-01Z-00-DX1,0,4.4188806e-07,0
non-tumour/TCGA-CK-6751-01Z-00-DX1_15872_14336.jpg,TCGA-CK-6751,TCGA-CK-6751-01Z-00-DX1,0,0.055454783,0
non-tumour/TCGA-CK-6751-01Z-00-DX1_15872_14848.jpg,TCGA-CK-6751,TCGA-CK-6751-01Z-00-DX1,0,0.27468872,0
non-tumour/TCGA-CK-6751-01Z-00-DX1_15872_15872.jpg,TCGA-CK-6751,TCGA-CK-6751-01Z-00-DX1,0,0.14344367,0
non-tumour/TCGA-CK-6751-01Z-00-DX1_15872_20480.jpg,TCGA-CK-6751,TCGA-CK-6751-01Z-00-DX1,0,0.27275264,0
non-tumour/TCGA-CK-6751-01Z-00-DX1_16384_12800.jpg,TCGA-CK-6751,TCGA-CK-6751-01Z-00-DX1,0,0.00037233584,0
non-tumour/TCGA-CK-6751-01Z-00-DX1_16384_13312.jpg,TCGA-CK-6751,TCGA-CK-6751-01Z-00-DX1,0,1.0498934e-06,0
non-tumour/TCGA-CK-6751-01Z-00-DX1_16384_18432.jpg,TCGA-CK-6751,TCGA-CK-6751-01Z-00-DX1,0,0.0072616846,0
non-tumour/TCGA-CK-6751-01Z-00-DX1_16384_18944.jpg,TCGA-CK-6751,TCGA-CK-6751-01Z-00-DX1,0,0.01328564,0
non-tumour/TCGA-CK-6751-01Z-00-DX1_16384_19968.jpg,TCGA-CK-6751,TCGA-CK-6751-01Z-00-DX1,0,0.55974805,1
non-tumour/TCGA-CK-6751-01Z-00-DX1_16896_11264.jpg,TCGA-CK-6751,TCGA-CK-6751-01Z-00-DX1,0,8.245591e-07,0
non-tumour/TCGA-CK-6751-01Z-00-DX1_16896_11776.jpg,TCGA-CK-6751,TCGA-CK-6751-01Z-00-DX1,0,1.0795204e-06,0
non-tumour/TCGA-CK-6751-01Z-00-DX1_16896_13824.jpg,TCGA-CK-6751,TCGA-CK-6751-01Z-00-DX1,0,1.915917e-05,0
non-tumour/TCGA-CK-6751-01Z-00-DX1_16896_14336.jpg,TCGA-CK-6751,TCGA-CK-6751-01Z-00-DX1,0,0.10938173,0
non-tumour/TCGA-CK-6751-01Z-00-DX1_16896_15360.jpg,TCGA-CK-6751,TCGA-CK-6751-01Z-00-DX1,0,0.04938588,0
non-tumour/TCGA-CK-6751-01Z-00-DX1_16896_18944.jpg,TCGA-CK-6751,TCGA-CK-6751-01Z-00-DX1,0,0.19763367,0
non-tumour/TCGA-CK-6751-01Z-00-DX1_16896_19456.jpg,TCGA-CK-6751,TCGA-CK-6751-01Z-00-DX1,0,0.014597668,0
non-tumour/TCGA-CK-6751-01Z-00-DX1_16896_19968.jpg,TCGA-CK-6751,TCGA-CK-6751-01Z-00-DX1,0,0.089484826,0
non-tumour/TCGA-CK-6751-01Z-00-DX1_16896_20480.jpg,TCGA-CK-6751,TCGA-CK-6751-01Z-00-DX1,0,0.1451446,0
non-tumour/TCGA-CK-6751-01Z-00-DX1_17408_10240.jpg,TCGA-CK-6751,TCGA-CK-6751-01Z-00-DX1,0,0.5331933,1
non-tumour/TCGA-CK-6751-01Z-00-DX1_17408_13312.jpg,TCGA-CK-6751,TCGA-CK-6751-01Z-00-DX1,0,1.6887949e-08,0
non-tumour/TCGA-CK-6751-01Z-00-DX1_17408_15360.jpg,TCGA-CK-6751,TCGA-CK-6751-01Z-00-DX1,0,0.30600554,0
non-tumour/TCGA-CK-6751-01Z-00-DX1_17408_17408.jpg,TCGA-CK-6751,TCGA-CK-6751-01Z-00-DX1,0,0.79646736,1
non-tumour/TCGA-CK-6751-01Z-00-DX1_17408_18432.jpg,TCGA-CK-6751,TCGA-CK-6751-01Z-00-DX1,0,0.31855214,0
non-tumour/TCGA-CK-6751-01Z-00-DX1_17408_18944.jpg,TCGA-CK-6751,TCGA-CK-6751-01Z-00-DX1,0,0.0016042863,0
non-tumour/TCGA-CK-6751-01Z-00-DX1_17408_19456.jpg,TCGA-CK-6751,TCGA-CK-6751-01Z-00-DX1,0,0.0060270745,0
non-tumour/TCGA-CK-6751-01Z-00-DX1_17408_19968.jpg,TCGA-CK-6751,TCGA-CK-6751-01Z-00-DX1,0,0.031274248,0
non-tumour/TCGA-CK-6751-01Z-00-DX1_17920_11264.jpg,TCGA-CK-6751,TCGA-CK-6751-01Z-00-DX1,0,0.00029686792,0
non-tumour/TCGA-CK-6751-01Z-00-DX1_17920_12288.jpg,TCGA-CK-6751,TCGA-CK-6751-01Z-00-DX1,0,3.886334e-05,0
non-tumour/TCGA-CK-6751-01Z-00-DX1_17920_12800.jpg,TCGA-CK-6751,TCGA-CK-6751-01Z-00-DX1,0,1.848117e-07,0
non-tumour/TCGA-CK-6751-01Z-00-DX1_17920_13312.jpg,TCGA-CK-6751,TCGA-CK-6751-01Z-00-DX1,0,1.3980854e-08,0
non-tumour/TCGA-CK-6751-01Z-00-DX1_17920_14336.jpg,TCGA-CK-6751,TCGA-CK-6751-01Z-00-DX1,0,6.3869885e-07,0
non-tumour/TCGA-CK-6751-01Z-00-DX1_17920_14848.jpg,TCGA-CK-6751,TCGA-CK-6751-01Z-00-DX1,0,0.00045406978,0
non-tumour/TCGA-CK-6751-01Z-00-DX1_17920_15360.jpg,TCGA-CK-6751,TCGA-CK-6751-01Z-00-DX1,0,0.000757464,0
non-tumour/TCGA-CK-6751-01Z-00-DX1_17920_17408.jpg,TCGA-CK-6751,TCGA-CK-6751-01Z-00-DX1,0,0.0007512967,0
non-tumour/TCGA-CK-6751-01Z-00-DX1_17920_17920.jpg,TCGA-CK-6751,TCGA-CK-6751-01Z-00-DX1,0,0.019914506,0
non-tumour/TCGA-CK-6751-01Z-00-DX1_17920_18944.jpg,TCGA-CK-6751,TCGA-CK-6751-01Z-00-DX1,0,0.19612493,0
non-tumour/TCGA-CK-6751-01Z-00-DX1_17920_19456.jpg,TCGA-CK-6751,TCGA-CK-6751-01Z-00-DX1,0,0.0130499,0
non-tumour/TCGA-CK-6751-01Z-00-DX1_17920_19968.jpg,TCGA-CK-6751,TCGA-CK-6751-01Z-00-DX1,0,0.003585302,0
non-tumour/TCGA-CK-6751-01Z-00-DX1_17920_20480.jpg,TCGA-CK-6751,TCGA-CK-6751-01Z-00-DX1,0,0.24273582,0
non-tumour/TCGA-CK-6751-01Z-00-DX1_17920_20992.jpg,TCGA-CK-6751,TCGA-CK-6751-01Z-00-DX1,0,0.019042743,0
non-tumour/TCGA-CK-6751-01Z-00-DX1_18432_11264.jpg,TCGA-CK-6751,TCGA-CK-6751-01Z-00-DX1,0,2.7128766e-05,0
non-tumour/TCGA-CK-6751-01Z-00-DX1_18432_14848.jpg,TCGA-CK-6751,TCGA-CK-6751-01Z-00-DX1,0,0.047777463,0
non-tumour/TCGA-CK-6751-01Z-00-DX1_18432_17920.jpg,TCGA-CK-6751,TCGA-CK-6751-01Z-00-DX1,0,0.22449107,0
non-tumour/TCGA-CK-6751-01Z-00-DX1_18432_19968.jpg,TCGA-CK-6751,TCGA-CK-6751-01Z-00-DX1,0,0.102891125,0
non-tumour/TCGA-CK-6751-01Z-00-DX1_18944_10752.jpg,TCGA-CK-6751,TCGA-CK-6751-01Z-00-DX1,0,0.7467765,1
non-tumour/TCGA-CK-6751-01Z-00-DX1_18944_12288.jpg,TCGA-CK-6751,TCGA-CK-6751-01Z-00-DX1,0,7.271742e-07,0
non-tumour/TCGA-CK-6751-01Z-00-DX1_18944_12800.jpg,TCGA-CK-6751,TCGA-CK-6751-01Z-00-DX1,0,1.5417494e-07,0
non-tumour/TCGA-CK-6751-01Z-00-DX1_18944_13824.jpg,TCGA-CK-6751,TCGA-CK-6751-01Z-00-DX1,0,6.2901004e-09,0
non-tumour/TCGA-CK-6751-01Z-00-DX1_18944_14848.jpg,TCGA-CK-6751,TCGA-CK-6751-01Z-00-DX1,0,0.0009927549,0
non-tumour/TCGA-CK-6751-01Z-00-DX1_18944_17920.jpg,TCGA-CK-6751,TCGA-CK-6751-01Z-00-DX1,0,0.30739373,0
non-tumour/TCGA-CK-6751-01Z-00-DX1_18944_18944.jpg,TCGA-CK-6751,TCGA-CK-6751-01Z-00-DX1,0,0.06785191,0
non-tumour/TCGA-CK-6751-01Z-00-DX1_18944_19968.jpg,TCGA-CK-6751,TCGA-CK-6751-01Z-00-DX1,0,8.796997e-06,0
non-tumour/TCGA-CK-6751-01Z-00-DX1_18944_20480.jpg,TCGA-CK-6751,TCGA-CK-6751-01Z-00-DX1,0,2.5715206e-05,0
non-tumour/TCGA-CK-6751-01Z-00-DX1_18944_20992.jpg,TCGA-CK-6751,TCGA-CK-6751-01Z-00-DX1,0,0.00081838307,0
non-tumour/TCGA-CK-6751-01Z-00-DX1_19456_13824.jpg,TCGA-CK-6751,TCGA-CK-6751-01Z-00-DX1,0,9.442763e-06,0
non-tumour/TCGA-CK-6751-01Z-00-DX1_19456_14336.jpg,TCGA-CK-6751,TCGA-CK-6751-01Z-00-DX1,0,1.0861109e-05,0
non-tumour/TCGA-CK-6751-01Z-00-DX1_19456_17408.jpg,TCGA-CK-6751,TCGA-CK-6751-01Z-00-DX1,0,0.00035614448,0
non-tumour/TCGA-CK-6751-01Z-00-DX1_19456_18432.jpg,TCGA-CK-6751,TCGA-CK-6751-01Z-00-DX1,0,0.00039647525,0
non-tumour/TCGA-CK-6751-01Z-00-DX1_19456_18944.jpg,TCGA-CK-6751,TCGA-CK-6751-01Z-00-DX1,0,0.51273483,1
non-tumour/TCGA-CK-6751-01Z-00-DX1_19456_20480.jpg,TCGA-CK-6751,TCGA-CK-6751-01Z-00-DX1,0,0.010365989,0
non-tumour/TCGA-CK-6751-01Z-00-DX1_19968_11264.jpg,TCGA-CK-6751,TCGA-CK-6751-01Z-00-DX1,0,0.1764203,0
non-tumour/TCGA-CK-6751-01Z-00-DX1_19968_13312.jpg,TCGA-CK-6751,TCGA-CK-6751-01Z-00-DX1,0,4.8280776e-07,0
non-tumour/TCGA-CK-6751-01Z-00-DX1_19968_13824.jpg,TCGA-CK-6751,TCGA-CK-6751-01Z-00-DX1,0,1.647434e-06,0
non-tumour/TCGA-CK-6751-01Z-00-DX1_19968_14336.jpg,TCGA-CK-6751,TCGA-CK-6751-01Z-00-DX1,0,9.836055e-05,0
non-tumour/TCGA-CK-6751-01Z-00-DX1_19968_17408.jpg,TCGA-CK-6751,TCGA-CK-6751-01Z-00-DX1,0,0.24031015,0
non-tumour/TCGA-CK-6751-01Z-00-DX1_19968_17920.jpg,TCGA-CK-6751,TCGA-CK-6751-01Z-00-DX1,0,0.0001766587,0
non-tumour/TCGA-CK-6751-01Z-00-DX1_19968_18432.jpg,TCGA-CK-6751,TCGA-CK-6751-01Z-00-DX1,0,1.0935871e-05,0
non-tumour/TCGA-CK-6751-01Z-00-DX1_19968_20480.jpg,TCGA-CK-6751,TCGA-CK-6751-01Z-00-DX1,0,0.0088115465,0
non-tumour/TCGA-CK-6751-01Z-00-DX1_19968_20992.jpg,TCGA-CK-6751,TCGA-CK-6751-01Z-00-DX1,0,5.6106496e-06,0
non-tumour/TCGA-CK-6751-01Z-00-DX1_19968_9216.jpg,TCGA-CK-6751,TCGA-CK-6751-01Z-00-DX1,0,0.0033652047,0
non-tumour/TCGA-CK-6751-01Z-00-DX1_20480_10240.jpg,TCGA-CK-6751,TCGA-CK-6751-01Z-00-DX1,0,0.19081196,0
non-tumour/TCGA-CK-6751-01Z-00-DX1_20480_11264.jpg,TCGA-CK-6751,TCGA-CK-6751-01Z-00-DX1,0,0.24219139,0
non-tumour/TCGA-CK-6751-01Z-00-DX1_20480_12800.jpg,TCGA-CK-6751,TCGA-CK-6751-01Z-00-DX1,0,2.8290706e-06,0
non-tumour/TCGA-CK-6751-01Z-00-DX1_20480_13312.jpg,TCGA-CK-6751,TCGA-CK-6751-01Z-00-DX1,0,9.620876e-07,0
non-tumour/TCGA-CK-6751-01Z-00-DX1_20480_17408.jpg,TCGA-CK-6751,TCGA-CK-6751-01Z-00-DX1,0,0.010247504,0
non-tumour/TCGA-CK-6751-01Z-00-DX1_20480_17920.jpg,TCGA-CK-6751,TCGA-CK-6751-01Z-00-DX1,0,5.357848e-05,0
non-tumour/TCGA-CK-6751-01Z-00-DX1_20480_18944.jpg,TCGA-CK-6751,TCGA-CK-6751-01Z-00-DX1,0,0.0060258834,0
non-tumour/TCGA-CK-6751-01Z-00-DX1_20480_19456.jpg,TCGA-CK-6751,TCGA-CK-6751-01Z-00-DX1,0,0.34692985,0
non-tumour/TCGA-CK-6751-01Z-00-DX1_20480_19968.jpg,TCGA-CK-6751,TCGA-CK-6751-01Z-00-DX1,0,0.017704552,0
non-tumour/TCGA-CK-6751-01Z-00-DX1_20480_20480.jpg,TCGA-CK-6751,TCGA-CK-6751-01Z-00-DX1,0,0.004391275,0
non-tumour/TCGA-CK-6751-01Z-00-DX1_2048_21504.jpg,TCGA-CK-6751,TCGA-CK-6751-01Z-00-DX1,0,0.49870712,0
non-tumour/TCGA-CK-6751-01Z-00-DX1_20992_10240.jpg,TCGA-CK-6751,TCGA-CK-6751-01Z-00-DX1,0,0.019955046,0
non-tumour/TCGA-CK-6751-01Z-00-DX1_20992_13312.jpg,TCGA-CK-6751,TCGA-CK-6751-01Z-00-DX1,0,0.00022092504,0
non-tumour/TCGA-CK-6751-01Z-00-DX1_20992_13824.jpg,TCGA-CK-6751,TCGA-CK-6751-01Z-00-DX1,0,0.36818027,0
non-tumour/TCGA-CK-6751-01Z-00-DX1_20992_17920.jpg,TCGA-CK-6751,TCGA-CK-6751-01Z-00-DX1,0,0.022908665,0
non-tumour/TCGA-CK-6751-01Z-00-DX1_20992_18432.jpg,TCGA-CK-6751,TCGA-CK-6751-01Z-00-DX1,0,0.06986435,0
non-tumour/TCGA-CK-6751-01Z-00-DX1_20992_18944.jpg,TCGA-CK-6751,TCGA-CK-6751-01Z-00-DX1,0,0.13748401,0
non-tumour/TCGA-CK-6751-01Z-00-DX1_20992_19456.jpg,TCGA-CK-6751,TCGA-CK-6751-01Z-00-DX1,0,0.031197242,0
non-tumour/TCGA-CK-6751-01Z-00-DX1_20992_20480.jpg,TCGA-CK-6751,TCGA-CK-6751-01Z-00-DX1,0,0.0030691496,0
non-tumour/TCGA-CK-6751-01Z-00-DX1_20992_20992.jpg,TCGA-CK-6751,TCGA-CK-6751-01Z-00-DX1,0,0.030472744,0
non-tumour/TCGA-CK-6751-01Z-00-DX1_20992_9216.jpg,TCGA-CK-6751,TCGA-CK-6751-01Z-00-DX1,0,0.0007734881,0
non-tumour/TCGA-CK-6751-01Z-00-DX1_21504_10240.jpg,TCGA-CK-6751,TCGA-CK-6751-01Z-00-DX1,0,0.011654,0
non-tumour/TCGA-CK-6751-01Z-00-DX1_21504_10752.jpg,TCGA-CK-6751,TCGA-CK-6751-01Z-00-DX1,0,0.38750482,0
non-tumour/TCGA-CK-6751-01Z-00-DX1_21504_13824.jpg,TCGA-CK-6751,TCGA-CK-6751-01Z-00-DX1,0,0.02189849,0
non-tumour/TCGA-CK-6751-01Z-00-DX1_21504_18432.jpg,TCGA-CK-6751,TCGA-CK-6751-01Z-00-DX1,0,0.0005351408,0
non-tumour/TCGA-CK-6751-01Z-00-DX1_21504_19456.jpg,TCGA-CK-6751,TCGA-CK-6751-01Z-00-DX1,0,0.037124023,0
non-tumour/TCGA-CK-6751-01Z-00-DX1_21504_9728.jpg,TCGA-CK-6751,TCGA-CK-6751-01Z-00-DX1,0,0.007969263,0
non-tumour/TCGA-CK-6751-01Z-00-DX1_22016_12288.jpg,TCGA-CK-6751,TCGA-CK-6751-01Z-00-DX1,0,0.000101830155,0
non-tumour/TCGA-CK-6751-01Z-00-DX1_22016_16384.jpg,TCGA-CK-6751,TCGA-CK-6751-01Z-00-DX1,0,0.00025398948,0
non-tumour/TCGA-CK-6751-01Z-00-DX1_22016_16896.jpg,TCGA-CK-6751,TCGA-CK-6751-01Z-00-DX1,0,0.005760719,0
non-tumour/TCGA-CK-6751-01Z-00-DX1_22016_17920.jpg,TCGA-CK-6751,TCGA-CK-6751-01Z-00-DX1,0,0.00035384807,0
non-tumour/TCGA-CK-6751-01Z-00-DX1_22016_18432.jpg,TCGA-CK-6751,TCGA-CK-6751-01Z-00-DX1,0,0.0013609891,0
non-tumour/TCGA-CK-6751-01Z-00-DX1_22016_18944.jpg,TCGA-CK-6751,TCGA-CK-6751-01Z-00-DX1,0,0.0009138398,0
non-tumour/TCGA-CK-6751-01Z-00-DX1_22016_20480.jpg,TCGA-CK-6751,TCGA-CK-6751-01Z-00-DX1,0,0.007067288,0
non-tumour/TCGA-CK-6751-01Z-00-DX1_22528_10240.jpg,TCGA-CK-6751,TCGA-CK-6751-01Z-00-DX1,0,0.006571178,0
non-tumour/TCGA-CK-6751-01Z-00-DX1_22528_11776.jpg,TCGA-CK-6751,TCGA-CK-6751-01Z-00-DX1,0,5.2189107e-06,0
non-tumour/TCGA-CK-6751-01Z-00-DX1_22528_12800.jpg,TCGA-CK-6751,TCGA-CK-6751-01Z-00-DX1,0,4.1355224e-07,0
non-tumour/TCGA-CK-6751-01Z-00-DX1_22528_13312.jpg,TCGA-CK-6751,TCGA-CK-6751-01Z-00-DX1,0,1.1758678e-05,0
non-tumour/TCGA-CK-6751-01Z-00-DX1_22528_17408.jpg,TCGA-CK-6751,TCGA-CK-6751-01Z-00-DX1,0,0.00017767076,0
non-tumour/TCGA-CK-6751-01Z-00-DX1_22528_17920.jpg,TCGA-CK-6751,TCGA-CK-6751-01Z-00-DX1,0,0.001243724,0
non-tumour/TCGA-CK-6751-01Z-00-DX1_22528_20992.jpg,TCGA-CK-6751,TCGA-CK-6751-01Z-00-DX1,0,0.00013734534,0
non-tumour/TCGA-CK-6751-01Z-00-DX1_23040_11264.jpg,TCGA-CK-6751,TCGA-CK-6751-01Z-00-DX1,0,5.4674126e-07,0
non-tumour/TCGA-CK-6751-01Z-00-DX1_23040_11776.jpg,TCGA-CK-6751,TCGA-CK-6751-01Z-00-DX1,0,7.0015676e-06,0
non-tumour/TCGA-CK-6751-01Z-00-DX1_23040_13312.jpg,TCGA-CK-6751,TCGA-CK-6751-01Z-00-DX1,0,6.320346e-05,0
non-tumour/TCGA-CK-6751-01Z-00-DX1_23040_13824.jpg,TCGA-CK-6751,TCGA-CK-6751-01Z-00-DX1,0,0.0054553044,0
non-tumour/TCGA-CK-6751-01Z-00-DX1_23040_16384.jpg,TCGA-CK-6751,TCGA-CK-6751-01Z-00-DX1,0,0.0010384565,0
non-tumour/TCGA-CK-6751-01Z-00-DX1_23040_18432.jpg,TCGA-CK-6751,TCGA-CK-6751-01Z-00-DX1,0,0.0002636339,0
non-tumour/TCGA-CK-6751-01Z-00-DX1_23040_18944.jpg,TCGA-CK-6751,TCGA-CK-6751-01Z-00-DX1,0,0.0034701745,0
non-tumour/TCGA-CK-6751-01Z-00-DX1_23040_20480.jpg,TCGA-CK-6751,TCGA-CK-6751-01Z-00-DX1,0,0.0010319022,0
non-tumour/TCGA-CK-6751-01Z-00-DX1_23040_6656.jpg,TCGA-CK-6751,TCGA-CK-6751-01Z-00-DX1,0,9.4198796e-08,0
non-tumour/TCGA-CK-6751-01Z-00-DX1_23040_7168.jpg,TCGA-CK-6751,TCGA-CK-6751-01Z-00-DX1,0,0.0017051152,0
non-tumour/TCGA-CK-6751-01Z-00-DX1_23040_9728.jpg,TCGA-CK-6751,TCGA-CK-6751-01Z-00-DX1,0,0.01821102,0
non-tumour/TCGA-CK-6751-01Z-00-DX1_23552_12288.jpg,TCGA-CK-6751,TCGA-CK-6751-01Z-00-DX1,0,0.00020792474,0
non-tumour/TCGA-CK-6751-01Z-00-DX1_23552_13312.jpg,TCGA-CK-6751,TCGA-CK-6751-01Z-00-DX1,0,0.058124494,0
non-tumour/TCGA-CK-6751-01Z-00-DX1_23552_13824.jpg,TCGA-CK-6751,TCGA-CK-6751-01Z-00-DX1,0,0.114185005,0
non-tumour/TCGA-CK-6751-01Z-00-DX1_23552_16384.jpg,TCGA-CK-6751,TCGA-CK-6751-01Z-00-DX1,0,0.012783609,0
non-tumour/TCGA-CK-6751-01Z-00-DX1_23552_16896.jpg,TCGA-CK-6751,TCGA-CK-6751-01Z-00-DX1,0,0.00019669173,0
non-tumour/TCGA-CK-6751-01Z-00-DX1_23552_17408.jpg,TCGA-CK-6751,TCGA-CK-6751-01Z-00-DX1,0,0.0018041536,0
non-tumour/TCGA-CK-6751-01Z-00-DX1_23552_18432.jpg,TCGA-CK-6751,TCGA-CK-6751-01Z-00-DX1,0,0.004341075,0
non-tumour/TCGA-CK-6751-01Z-00-DX1_23552_18944.jpg,TCGA-CK-6751,TCGA-CK-6751-01Z-00-DX1,0,0.001914029,0
non-tumour/TCGA-CK-6751-01Z-00-DX1_23552_19968.jpg,TCGA-CK-6751,TCGA-CK-6751-01Z-00-DX1,0,0.0018535807,0
non-tumour/TCGA-CK-6751-01Z-00-DX1_23552_20480.jpg,TCGA-CK-6751,TCGA-CK-6751-01Z-00-DX1,0,0.00015539418,0
non-tumour/TCGA-CK-6751-01Z-00-DX1_23552_20992.jpg,TCGA-CK-6751,TCGA-CK-6751-01Z-00-DX1,0,0.0001796648,0
non-tumour/TCGA-CK-6751-01Z-00-DX1_23552_8704.jpg,TCGA-CK-6751,TCGA-CK-6751-01Z-00-DX1,0,6.762534e-06,0
non-tumour/TCGA-CK-6751-01Z-00-DX1_24064_10240.jpg,TCGA-CK-6751,TCGA-CK-6751-01Z-00-DX1,0,6.907141e-08,0
non-tumour/TCGA-CK-6751-01Z-00-DX1_24064_10752.jpg,TCGA-CK-6751,TCGA-CK-6751-01Z-00-DX1,0,1.1795545e-06,0
non-tumour/TCGA-CK-6751-01Z-00-DX1_24064_11264.jpg,TCGA-CK-6751,TCGA-CK-6751-01Z-00-DX1,0,2.1223976e-05,0
non-tumour/TCGA-CK-6751-01Z-00-DX1_24064_11776.jpg,TCGA-CK-6751,TCGA-CK-6751-01Z-00-DX1,0,3.1573804e-06,0
non-tumour/TCGA-CK-6751-01Z-00-DX1_24064_12800.jpg,TCGA-CK-6751,TCGA-CK-6751-01Z-00-DX1,0,0.0013690549,0
non-tumour/TCGA-CK-6751-01Z-00-DX1_24064_13312.jpg,TCGA-CK-6751,TCGA-CK-6751-01Z-00-DX1,0,0.031694893,0
non-tumour/TCGA-CK-6751-01Z-00-DX1_24064_15872.jpg,TCGA-CK-6751,TCGA-CK-6751-01Z-00-DX1,0,0.0052702306,0
non-tumour/TCGA-CK-6751-01Z-00-DX1_24064_17408.jpg,TCGA-CK-6751,TCGA-CK-6751-01Z-00-DX1,0,0.00038365042,0
non-tumour/TCGA-CK-6751-01Z-00-DX1_24064_18432.jpg,TCGA-CK-6751,TCGA-CK-6751-01Z-00-DX1,0,0.00019101796,0
non-tumour/TCGA-CK-6751-01Z-00-DX1_24064_20480.jpg,TCGA-CK-6751,TCGA-CK-6751-01Z-00-DX1,0,0.0005482192,0
non-tumour/TCGA-CK-6751-01Z-00-DX1_24576_10240.jpg,TCGA-CK-6751,TCGA-CK-6751-01Z-00-DX1,0,3.3377241e-06,0
non-tumour/TCGA-CK-6751-01Z-00-DX1_24576_10752.jpg,TCGA-CK-6751,TCGA-CK-6751-01Z-00-DX1,0,9.433114e-06,0
non-tumour/TCGA-CK-6751-01Z-00-DX1_24576_11776.jpg,TCGA-CK-6751,TCGA-CK-6751-01Z-00-DX1,0,8.5453723e-07,0
non-tumour/TCGA-CK-6751-01Z-00-DX1_24576_12288.jpg,TCGA-CK-6751,TCGA-CK-6751-01Z-00-DX1,0,1.0552905e-07,0
non-tumour/TCGA-CK-6751-01Z-00-DX1_24576_12800.jpg,TCGA-CK-6751,TCGA-CK-6751-01Z-00-DX1,0,0.00013434236,0
non-tumour/TCGA-CK-6751-01Z-00-DX1_24576_15872.jpg,TCGA-CK-6751,TCGA-CK-6751-01Z-00-DX1,0,0.041326396,0
non-tumour/TCGA-CK-6751-01Z-00-DX1_24576_17920.jpg,TCGA-CK-6751,TCGA-CK-6751-01Z-00-DX1,0,0.0037102322,0
non-tumour/TCGA-CK-6751-01Z-00-DX1_24576_18944.jpg,TCGA-CK-6751,TCGA-CK-6751-01Z-00-DX1,0,0.002030904,0
non-tumour/TCGA-CK-6751-01Z-00-DX1_24576_19968.jpg,TCGA-CK-6751,TCGA-CK-6751-01Z-00-DX1,0,2.3776329e-05,0
non-tumour/TCGA-CK-6751-01Z-00-DX1_24576_20480.jpg,TCGA-CK-6751,TCGA-CK-6751-01Z-00-DX1,0,0.00032218485,0
non-tumour/TCGA-CK-6751-01Z-00-DX1_24576_6656.jpg,TCGA-CK-6751,TCGA-CK-6751-01Z-00-DX1,0,0.007347043,0
non-tumour/TCGA-CK-6751-01Z-00-DX1_24576_8192.jpg,TCGA-CK-6751,TCGA-CK-6751-01Z-00-DX1,0,0.53637475,1
non-tumour/TCGA-CK-6751-01Z-00-DX1_24576_9728.jpg,TCGA-CK-6751,TCGA-CK-6751-01Z-00-DX1,0,3.2858134e-07,0
non-tumour/TCGA-CK-6751-01Z-00-DX1_25088_10240.jpg,TCGA-CK-6751,TCGA-CK-6751-01Z-00-DX1,0,6.587853e-05,0
non-tumour/TCGA-CK-6751-01Z-00-DX1_25088_11776.jpg,TCGA-CK-6751,TCGA-CK-6751-01Z-00-DX1,0,5.017213e-06,0
non-tumour/TCGA-CK-6751-01Z-00-DX1_25088_16896.jpg,TCGA-CK-6751,TCGA-CK-6751-01Z-00-DX1,0,0.013854003,0
non-tumour/TCGA-CK-6751-01Z-00-DX1_25088_18432.jpg,TCGA-CK-6751,TCGA-CK-6751-01Z-00-DX1,0,0.0013196894,0
non-tumour/TCGA-CK-6751-01Z-00-DX1_25088_19456.jpg,TCGA-CK-6751,TCGA-CK-6751-01Z-00-DX1,0,0.0011414255,0
non-tumour/TCGA-CK-6751-01Z-00-DX1_25088_19968.jpg,TCGA-CK-6751,TCGA-CK-6751-01Z-00-DX1,0,0.0051546567,0
non-tumour/TCGA-CK-6751-01Z-00-DX1_25088_20992.jpg,TCGA-CK-6751,TCGA-CK-6751-01Z-00-DX1,0,0.008113047,0
non-tumour/TCGA-CK-6751-01Z-00-DX1_25088_6656.jpg,TCGA-CK-6751,TCGA-CK-6751-01Z-00-DX1,0,0.93806964,1
non-tumour/TCGA-CK-6751-01Z-00-DX1_25088_7680.jpg,TCGA-CK-6751,TCGA-CK-6751-01Z-00-DX1,0,0.1836032,0
non-tumour/TCGA-CK-6751-01Z-00-DX1_25088_8192.jpg,TCGA-CK-6751,TCGA-CK-6751-01Z-00-DX1,0,0.99861,1
non-tumour/TCGA-CK-6751-01Z-00-DX1_25088_9728.jpg,TCGA-CK-6751,TCGA-CK-6751-01Z-00-DX1,0,1.2381801e-06,0
non-tumour/TCGA-CK-6751-01Z-00-DX1_25600_10752.jpg,TCGA-CK-6751,TCGA-CK-6751-01Z-00-DX1,0,4.8473617e-06,0
non-tumour/TCGA-CK-6751-01Z-00-DX1_25600_11264.jpg,TCGA-CK-6751,TCGA-CK-6751-01Z-00-DX1,0,0.0014314613,0
non-tumour/TCGA-CK-6751-01Z-00-DX1_25600_11776.jpg,TCGA-CK-6751,TCGA-CK-6751-01Z-00-DX1,0,0.0003109299,0
non-tumour/TCGA-CK-6751-01Z-00-DX1_25600_12288.jpg,TCGA-CK-6751,TCGA-CK-6751-01Z-00-DX1,0,0.19981073,0
non-tumour/TCGA-CK-6751-01Z-00-DX1_25600_15360.jpg,TCGA-CK-6751,TCGA-CK-6751-01Z-00-DX1,0,0.01397087,0
non-tumour/TCGA-CK-6751-01Z-00-DX1_25600_15872.jpg,TCGA-CK-6751,TCGA-CK-6751-01Z-00-DX1,0,0.0009925503,0
non-tumour/TCGA-CK-6751-01Z-00-DX1_25600_16896.jpg,TCGA-CK-6751,TCGA-CK-6751-01Z-00-DX1,0,0.0069106184,0
non-tumour/TCGA-CK-6751-01Z-00-DX1_25600_19456.jpg,TCGA-CK-6751,TCGA-CK-6751-01Z-00-DX1,0,0.002511184,0
non-tumour/TCGA-CK-6751-01Z-00-DX1_25600_19968.jpg,TCGA-CK-6751,TCGA-CK-6751-01Z-00-DX1,0,0.00036886346,0
non-tumour/TCGA-CK-6751-01Z-00-DX1_25600_20480.jpg,TCGA-CK-6751,TCGA-CK-6751-01Z-00-DX1,0,0.00011873248,0
non-tumour/TCGA-CK-6751-01Z-00-DX1_25600_6656.jpg,TCGA-CK-6751,TCGA-CK-6751-01Z-00-DX1,0,0.012368392,0
non-tumour/TCGA-CK-6751-01Z-00-DX1_25600_7168.jpg,TCGA-CK-6751,TCGA-CK-6751-01Z-00-DX1,0,0.03180717,0
non-tumour/TCGA-CK-6751-01Z-00-DX1_25600_8192.jpg,TCGA-CK-6751,TCGA-CK-6751-01Z-00-DX1,0,0.8083761,1
non-tumour/TCGA-CK-6751-01Z-00-DX1_26112_10240.jpg,TCGA-CK-6751,TCGA-CK-6751-01Z-00-DX1,0,5.1781157e-08,0
non-tumour/TCGA-CK-6751-01Z-00-DX1_26112_10752.jpg,TCGA-CK-6751,TCGA-CK-6751-01Z-00-DX1,0,0.0029987395,0
non-tumour/TCGA-CK-6751-01Z-00-DX1_26112_14848.jpg,TCGA-CK-6751,TCGA-CK-6751-01Z-00-DX1,0,1.4655684e-05,0
non-tumour/TCGA-CK-6751-01Z-00-DX1_26112_15360.jpg,TCGA-CK-6751,TCGA-CK-6751-01Z-00-DX1,0,0.1778179,0
non-tumour/TCGA-CK-6751-01Z-00-DX1_26112_15872.jpg,TCGA-CK-6751,TCGA-CK-6751-01Z-00-DX1,0,0.0046879835,0
non-tumour/TCGA-CK-6751-01Z-00-DX1_26112_16384.jpg,TCGA-CK-6751,TCGA-CK-6751-01Z-00-DX1,0,0.041995056,0
non-tumour/TCGA-CK-6751-01Z-00-DX1_26112_17920.jpg,TCGA-CK-6751,TCGA-CK-6751-01Z-00-DX1,0,0.0014647208,0
non-tumour/TCGA-CK-6751-01Z-00-DX1_26112_20992.jpg,TCGA-CK-6751,TCGA-CK-6751-01Z-00-DX1,0,0.0010036784,0
non-tumour/TCGA-CK-6751-01Z-00-DX1_26112_7680.jpg,TCGA-CK-6751,TCGA-CK-6751-01Z-00-DX1,0,0.4627841,0
non-tumour/TCGA-CK-6751-01Z-00-DX1_26112_8192.jpg,TCGA-CK-6751,TCGA-CK-6751-01Z-00-DX1,0,0.55532783,1
non-tumour/TCGA-CK-6751-01Z-00-DX1_26112_9728.jpg,TCGA-CK-6751,TCGA-CK-6751-01Z-00-DX1,0,3.9251321e-07,0
non-tumour/TCGA-CK-6751-01Z-00-DX1_26624_10752.jpg,TCGA-CK-6751,TCGA-CK-6751-01Z-00-DX1,0,0.0036985013,0
non-tumour/TCGA-CK-6751-01Z-00-DX1_26624_14848.jpg,TCGA-CK-6751,TCGA-CK-6751-01Z-00-DX1,0,4.828086e-05,0
non-tumour/TCGA-CK-6751-01Z-00-DX1_26624_15360.jpg,TCGA-CK-6751,TCGA-CK-6751-01Z-00-DX1,0,0.15662646,0
non-tumour/TCGA-CK-6751-01Z-00-DX1_26624_16384.jpg,TCGA-CK-6751,TCGA-CK-6751-01Z-00-DX1,0,0.001027942,0
non-tumour/TCGA-CK-6751-01Z-00-DX1_26624_16896.jpg,TCGA-CK-6751,TCGA-CK-6751-01Z-00-DX1,0,0.0010239854,0
non-tumour/TCGA-CK-6751-01Z-00-DX1_26624_17408.jpg,TCGA-CK-6751,TCGA-CK-6751-01Z-00-DX1,0,0.00407463,0
non-tumour/TCGA-CK-6751-01Z-00-DX1_26624_17920.jpg,TCGA-CK-6751,TCGA-CK-6751-01Z-00-DX1,0,0.0015296057,0
non-tumour/TCGA-CK-6751-01Z-00-DX1_26624_18432.jpg,TCGA-CK-6751,TCGA-CK-6751-01Z-00-DX1,0,0.00819898,0
non-tumour/TCGA-CK-6751-01Z-00-DX1_26624_19456.jpg,TCGA-CK-6751,TCGA-CK-6751-01Z-00-DX1,0,0.002461249,0
non-tumour/TCGA-CK-6751-01Z-00-DX1_26624_19968.jpg,TCGA-CK-6751,TCGA-CK-6751-01Z-00-DX1,0,0.00016114564,0
non-tumour/TCGA-CK-6751-01Z-00-DX1_26624_20480.jpg,TCGA-CK-6751,TCGA-CK-6751-01Z-00-DX1,0,0.000770215,0
non-tumour/TCGA-CK-6751-01Z-00-DX1_26624_20992.jpg,TCGA-CK-6751,TCGA-CK-6751-01Z-00-DX1,0,0.00021243983,0
non-tumour/TCGA-CK-6751-01Z-00-DX1_26624_7168.jpg,TCGA-CK-6751,TCGA-CK-6751-01Z-00-DX1,0,0.9877436,1
non-tumour/TCGA-CK-6751-01Z-00-DX1_26624_7680.jpg,TCGA-CK-6751,TCGA-CK-6751-01Z-00-DX1,0,0.99584514,1
non-tumour/TCGA-CK-6751-01Z-00-DX1_26624_8192.jpg,TCGA-CK-6751,TCGA-CK-6751-01Z-00-DX1,0,0.9517329,1
non-tumour/TCGA-CK-6751-01Z-00-DX1_27136_10240.jpg,TCGA-CK-6751,TCGA-CK-6751-01Z-00-DX1,0,4.3998443e-07,0
non-tumour/TCGA-CK-6751-01Z-00-DX1_27136_11264.jpg,TCGA-CK-6751,TCGA-CK-6751-01Z-00-DX1,0,0.22892563,0
non-tumour/TCGA-CK-6751-01Z-00-DX1_27136_15872.jpg,TCGA-CK-6751,TCGA-CK-6751-01Z-00-DX1,0,0.0053305514,0
non-tumour/TCGA-CK-6751-01Z-00-DX1_27136_16384.jpg,TCGA-CK-6751,TCGA-CK-6751-01Z-00-DX1,0,0.0043295836,0
non-tumour/TCGA-CK-6751-01Z-00-DX1_27136_16896.jpg,TCGA-CK-6751,TCGA-CK-6751-01Z-00-DX1,0,0.0051739197,0
non-tumour/TCGA-CK-6751-01Z-00-DX1_27136_17408.jpg,TCGA-CK-6751,TCGA-CK-6751-01Z-00-DX1,0,0.0059221615,0
non-tumour/TCGA-CK-6751-01Z-00-DX1_27136_17920.jpg,TCGA-CK-6751,TCGA-CK-6751-01Z-00-DX1,0,0.0027762544,0
non-tumour/TCGA-CK-6751-01Z-00-DX1_27136_18432.jpg,TCGA-CK-6751,TCGA-CK-6751-01Z-00-DX1,0,0.00037653846,0
non-tumour/TCGA-CK-6751-01Z-00-DX1_27136_20992.jpg,TCGA-CK-6751,TCGA-CK-6751-01Z-00-DX1,0,0.00052773114,0
non-tumour/TCGA-CK-6751-01Z-00-DX1_27136_6144.jpg,TCGA-CK-6751,TCGA-CK-6751-01Z-00-DX1,0,0.61266404,1
non-tumour/TCGA-CK-6751-01Z-00-DX1_27136_7168.jpg,TCGA-CK-6751,TCGA-CK-6751-01Z-00-DX1,0,0.6692168,1
non-tumour/TCGA-CK-6751-01Z-00-DX1_27136_7680.jpg,TCGA-CK-6751,TCGA-CK-6751-01Z-00-DX1,0,0.992721,1
non-tumour/TCGA-CK-6751-01Z-00-DX1_27136_9216.jpg,TCGA-CK-6751,TCGA-CK-6751-01Z-00-DX1,0,1.60838e-06,0
non-tumour/TCGA-CK-6751-01Z-00-DX1_27136_9728.jpg,TCGA-CK-6751,TCGA-CK-6751-01Z-00-DX1,0,6.319988e-08,0
non-tumour/TCGA-CK-6751-01Z-00-DX1_27648_10240.jpg,TCGA-CK-6751,TCGA-CK-6751-01Z-00-DX1,0,8.841378e-07,0
non-tumour/TCGA-CK-6751-01Z-00-DX1_27648_11264.jpg,TCGA-CK-6751,TCGA-CK-6751-01Z-00-DX1,0,1.2495664e-05,0
non-tumour/TCGA-CK-6751-01Z-00-DX1_27648_14336.jpg,TCGA-CK-6751,TCGA-CK-6751-01Z-00-DX1,0,0.0025082869,0
non-tumour/TCGA-CK-6751-01Z-00-DX1_27648_15872.jpg,TCGA-CK-6751,TCGA-CK-6751-01Z-00-DX1,0,0.0019436226,0
non-tumour/TCGA-CK-6751-01Z-00-DX1_27648_16896.jpg,TCGA-CK-6751,TCGA-CK-6751-01Z-00-DX1,0,0.012973542,0
non-tumour/TCGA-CK-6751-01Z-00-DX1_27648_17408.jpg,TCGA-CK-6751,TCGA-CK-6751-01Z-00-DX1,0,0.0029834274,0
non-tumour/TCGA-CK-6751-01Z-00-DX1_27648_17920.jpg,TCGA-CK-6751,TCGA-CK-6751-01Z-00-DX1,0,0.0035918273,0
non-tumour/TCGA-CK-6751-01Z-00-DX1_27648_18432.jpg,TCGA-CK-6751,TCGA-CK-6751-01Z-00-DX1,0,0.000465347,0
non-tumour/TCGA-CK-6751-01Z-00-DX1_27648_18944.jpg,TCGA-CK-6751,TCGA-CK-6751-01Z-00-DX1,0,0.0008002362,0
non-tumour/TCGA-CK-6751-01Z-00-DX1_27648_19456.jpg,TCGA-CK-6751,TCGA-CK-6751-01Z-00-DX1,0,0.00043631773,0
non-tumour/TCGA-CK-6751-01Z-00-DX1_27648_19968.jpg,TCGA-CK-6751,TCGA-CK-6751-01Z-00-DX1,0,0.016656807,0
non-tumour/TCGA-CK-6751-01Z-00-DX1_27648_20992.jpg,TCGA-CK-6751,TCGA-CK-6751-01Z-00-DX1,0,0.00069594407,0
non-tumour/TCGA-CK-6751-01Z-00-DX1_27648_6144.jpg,TCGA-CK-6751,TCGA-CK-6751-01Z-00-DX1,0,0.05837942,0
non-tumour/TCGA-CK-6751-01Z-00-DX1_28160_10240.jpg,TCGA-CK-6751,TCGA-CK-6751-01Z-00-DX1,0,6.014354e-06,0
non-tumour/TCGA-CK-6751-01Z-00-DX1_28160_11264.jpg,TCGA-CK-6751,TCGA-CK-6751-01Z-00-DX1,0,7.516322e-05,0
non-tumour/TCGA-CK-6751-01Z-00-DX1_28160_14336.jpg,TCGA-CK-6751,TCGA-CK-6751-01Z-00-DX1,0,0.009236023,0
non-tumour/TCGA-CK-6751-01Z-00-DX1_28160_14848.jpg,TCGA-CK-6751,TCGA-CK-6751-01Z-00-DX1,0,0.00062127324,0
non-tumour/TCGA-CK-6751-01Z-00-DX1_28160_15872.jpg,TCGA-CK-6751,TCGA-CK-6751-01Z-00-DX1,0,0.00017138859,0
non-tumour/TCGA-CK-6751-01Z-00-DX1_28160_16384.jpg,TCGA-CK-6751,TCGA-CK-6751-01Z-00-DX1,0,0.0019333094,0
non-tumour/TCGA-CK-6751-01Z-00-DX1_28160_17408.jpg,TCGA-CK-6751,TCGA-CK-6751-01Z-00-DX1,0,0.0010612231,0
non-tumour/TCGA-CK-6751-01Z-00-DX1_28160_17920.jpg,TCGA-CK-6751,TCGA-CK-6751-01Z-00-DX1,0,0.0030197403,0
non-tumour/TCGA-CK-6751-01Z-00-DX1_28160_18432.jpg,TCGA-CK-6751,TCGA-CK-6751-01Z-00-DX1,0,0.00045446082,0
non-tumour/TCGA-CK-6751-01Z-00-DX1_28160_18944.jpg,TCGA-CK-6751,TCGA-CK-6751-01Z-00-DX1,0,0.0006430795,0
non-tumour/TCGA-CK-6751-01Z-00-DX1_28160_19968.jpg,TCGA-CK-6751,TCGA-CK-6751-01Z-00-DX1,0,0.003626198,0
non-tumour/TCGA-CK-6751-01Z-00-DX1_28160_20480.jpg,TCGA-CK-6751,TCGA-CK-6751-01Z-00-DX1,0,0.007336872,0
non-tumour/TCGA-CK-6751-01Z-00-DX1_28160_6656.jpg,TCGA-CK-6751,TCGA-CK-6751-01Z-00-DX1,0,0.0027815504,0
non-tumour/TCGA-CK-6751-01Z-00-DX1_28160_8704.jpg,TCGA-CK-6751,TCGA-CK-6751-01Z-00-DX1,0,4.389287e-07,0
non-tumour/TCGA-CK-6751-01Z-00-DX1_28160_9216.jpg,TCGA-CK-6751,TCGA-CK-6751-01Z-00-DX1,0,1.73842e-06,0
non-tumour/TCGA-CK-6751-01Z-00-DX1_28160_9728.jpg,TCGA-CK-6751,TCGA-CK-6751-01Z-00-DX1,0,3.3317565e-07,0
non-tumour/TCGA-CK-6751-01Z-00-DX1_28672_13312.jpg,TCGA-CK-6751,TCGA-CK-6751-01Z-00-DX1,0,0.011227752,0
non-tumour/TCGA-CK-6751-01Z-00-DX1_28672_13824.jpg,TCGA-CK-6751,TCGA-CK-6751-01Z-00-DX1,0,0.215887,0
non-tumour/TCGA-CK-6751-01Z-00-DX1_28672_15360.jpg,TCGA-CK-6751,TCGA-CK-6751-01Z-00-DX1,0,0.4169195,0
non-tumour/TCGA-CK-6751-01Z-00-DX1_28672_15872.jpg,TCGA-CK-6751,TCGA-CK-6751-01Z-00-DX1,0,0.001269406,0
non-tumour/TCGA-CK-6751-01Z-00-DX1_28672_16384.jpg,TCGA-CK-6751,TCGA-CK-6751-01Z-00-DX1,0,0.0017327069,0
non-tumour/TCGA-CK-6751-01Z-00-DX1_28672_16896.jpg,TCGA-CK-6751,TCGA-CK-6751-01Z-00-DX1,0,0.0016128939,0
non-tumour/TCGA-CK-6751-01Z-00-DX1_28672_17408.jpg,TCGA-CK-6751,TCGA-CK-6751-01Z-00-DX1,0,0.0002556074,0
non-tumour/TCGA-CK-6751-01Z-00-DX1_28672_19456.jpg,TCGA-CK-6751,TCGA-CK-6751-01Z-00-DX1,0,0.0017198519,0
non-tumour/TCGA-CK-6751-01Z-00-DX1_28672_20480.jpg,TCGA-CK-6751,TCGA-CK-6751-01Z-00-DX1,0,0.001021749,0
non-tumour/TCGA-CK-6751-01Z-00-DX1_28672_20992.jpg,TCGA-CK-6751,TCGA-CK-6751-01Z-00-DX1,0,0.0033516895,0
non-tumour/TCGA-CK-6751-01Z-00-DX1_28672_5120.jpg,TCGA-CK-6751,TCGA-CK-6751-01Z-00-DX1,0,0.99817276,1
non-tumour/TCGA-CK-6751-01Z-00-DX1_28672_5632.jpg,TCGA-CK-6751,TCGA-CK-6751-01Z-00-DX1,0,0.015328088,0
non-tumour/TCGA-CK-6751-01Z-00-DX1_28672_7168.jpg,TCGA-CK-6751,TCGA-CK-6751-01Z-00-DX1,0,0.9473302,1
non-tumour/TCGA-CK-6751-01Z-00-DX1_28672_9216.jpg,TCGA-CK-6751,TCGA-CK-6751-01Z-00-DX1,0,4.2120014e-09,0
non-tumour/TCGA-CK-6751-01Z-00-DX1_29184_10240.jpg,TCGA-CK-6751,TCGA-CK-6751-01Z-00-DX1,0,1.7895466e-08,0
non-tumour/TCGA-CK-6751-01Z-00-DX1_29184_12800.jpg,TCGA-CK-6751,TCGA-CK-6751-01Z-00-DX1,0,0.0042986553,0
non-tumour/TCGA-CK-6751-01Z-00-DX1_29184_13824.jpg,TCGA-CK-6751,TCGA-CK-6751-01Z-00-DX1,0,0.14602348,0
non-tumour/TCGA-CK-6751-01Z-00-DX1_29184_14336.jpg,TCGA-CK-6751,TCGA-CK-6751-01Z-00-DX1,0,0.00075278594,0
non-tumour/TCGA-CK-6751-01Z-00-DX1_29184_15872.jpg,TCGA-CK-6751,TCGA-CK-6751-01Z-00-DX1,0,0.0018284763,0
non-tumour/TCGA-CK-6751-01Z-00-DX1_29184_16896.jpg,TCGA-CK-6751,TCGA-CK-6751-01Z-00-DX1,0,0.0043590236,0
non-tumour/TCGA-CK-6751-01Z-00-DX1_29184_18432.jpg,TCGA-CK-6751,TCGA-CK-6751-01Z-00-DX1,0,0.002623867,0
non-tumour/TCGA-CK-6751-01Z-00-DX1_29184_18944.jpg,TCGA-CK-6751,TCGA-CK-6751-01Z-00-DX1,0,0.0014647444,0
non-tumour/TCGA-CK-6751-01Z-00-DX1_29184_19456.jpg,TCGA-CK-6751,TCGA-CK-6751-01Z-00-DX1,0,0.0105483085,0
non-tumour/TCGA-CK-6751-01Z-00-DX1_29184_19968.jpg,TCGA-CK-6751,TCGA-CK-6751-01Z-00-DX1,0,0.0017614487,0
non-tumour/TCGA-CK-6751-01Z-00-DX1_29184_20480.jpg,TCGA-CK-6751,TCGA-CK-6751-01Z-00-DX1,0,0.015514634,0
non-tumour/TCGA-CK-6751-01Z-00-DX1_29184_20992.jpg,TCGA-CK-6751,TCGA-CK-6751-01Z-00-DX1,0,0.0048770993,0
non-tumour/TCGA-CK-6751-01Z-00-DX1_29184_5120.jpg,TCGA-CK-6751,TCGA-CK-6751-01Z-00-DX1,0,0.66883826,1
non-tumour/TCGA-CK-6751-01Z-00-DX1_29184_5632.jpg,TCGA-CK-6751,TCGA-CK-6751-01Z-00-DX1,0,0.076494694,0
non-tumour/TCGA-CK-6751-01Z-00-DX1_29184_6144.jpg,TCGA-CK-6751,TCGA-CK-6751-01Z-00-DX1,0,0.001503822,0
non-tumour/TCGA-CK-6751-01Z-00-DX1_29184_7168.jpg,TCGA-CK-6751,TCGA-CK-6751-01Z-00-DX1,0,0.3853375,0
non-tumour/TCGA-CK-6751-01Z-00-DX1_29184_9216.jpg,TCGA-CK-6751,TCGA-CK-6751-01Z-00-DX1,0,8.077983e-07,0
non-tumour/TCGA-CK-6751-01Z-00-DX1_29184_9728.jpg,TCGA-CK-6751,TCGA-CK-6751-01Z-00-DX1,0,0.0048918566,0
non-tumour/TCGA-CK-6751-01Z-00-DX1_29696_10752.jpg,TCGA-CK-6751,TCGA-CK-6751-01Z-00-DX1,0,0.1540298,0
non-tumour/TCGA-CK-6751-01Z-00-DX1_29696_12800.jpg,TCGA-CK-6751,TCGA-CK-6751-01Z-00-DX1,0,0.0030087668,0
non-tumour/TCGA-CK-6751-01Z-00-DX1_29696_13824.jpg,TCGA-CK-6751,TCGA-CK-6751-01Z-00-DX1,0,0.012838457,0
non-tumour/TCGA-CK-6751-01Z-00-DX1_29696_15360.jpg,TCGA-CK-6751,TCGA-CK-6751-01Z-00-DX1,0,0.025155788,0
non-tumour/TCGA-CK-6751-01Z-00-DX1_29696_15872.jpg,TCGA-CK-6751,TCGA-CK-6751-01Z-00-DX1,0,0.003696952,0
non-tumour/TCGA-CK-6751-01Z-00-DX1_29696_17920.jpg,TCGA-CK-6751,TCGA-CK-6751-01Z-00-DX1,0,0.0005073702,0
non-tumour/TCGA-CK-6751-01Z-00-DX1_29696_18432.jpg,TCGA-CK-6751,TCGA-CK-6751-01Z-00-DX1,0,0.0006707081,0
non-tumour/TCGA-CK-6751-01Z-00-DX1_29696_18944.jpg,TCGA-CK-6751,TCGA-CK-6751-01Z-00-DX1,0,5.9028876e-05,0
non-tumour/TCGA-CK-6751-01Z-00-DX1_29696_20480.jpg,TCGA-CK-6751,TCGA-CK-6751-01Z-00-DX1,0,0.046260078,0
non-tumour/TCGA-CK-6751-01Z-00-DX1_29696_21504.jpg,TCGA-CK-6751,TCGA-CK-6751-01Z-00-DX1,0,0.004835645,0
non-tumour/TCGA-CK-6751-01Z-00-DX1_29696_5120.jpg,TCGA-CK-6751,TCGA-CK-6751-01Z-00-DX1,0,0.9805288,1
non-tumour/TCGA-CK-6751-01Z-00-DX1_29696_8192.jpg,TCGA-CK-6751,TCGA-CK-6751-01Z-00-DX1,0,2.9116134e-07,0
non-tumour/TCGA-CK-6751-01Z-00-DX1_29696_8704.jpg,TCGA-CK-6751,TCGA-CK-6751-01Z-00-DX1,0,2.1804915e-08,0
non-tumour/TCGA-CK-6751-01Z-00-DX1_29696_9216.jpg,TCGA-CK-6751,TCGA-CK-6751-01Z-00-DX1,0,9.302401e-07,0
non-tumour/TCGA-CK-6751-01Z-00-DX1_30208_10752.jpg,TCGA-CK-6751,TCGA-CK-6751-01Z-00-DX1,0,0.0014114508,0
non-tumour/TCGA-CK-6751-01Z-00-DX1_30208_12288.jpg,TCGA-CK-6751,TCGA-CK-6751-01Z-00-DX1,0,0.04946631,0
non-tumour/TCGA-CK-6751-01Z-00-DX1_30208_12800.jpg,TCGA-CK-6751,TCGA-CK-6751-01Z-00-DX1,0,0.0004719138,0
non-tumour/TCGA-CK-6751-01Z-00-DX1_30208_13824.jpg,TCGA-CK-6751,TCGA-CK-6751-01Z-00-DX1,0,0.016620416,0
non-tumour/TCGA-CK-6751-01Z-00-DX1_30208_16896.jpg,TCGA-CK-6751,TCGA-CK-6751-01Z-00-DX1,0,0.0021645895,0
non-tumour/TCGA-CK-6751-01Z-00-DX1_30208_17408.jpg,TCGA-CK-6751,TCGA-CK-6751-01Z-00-DX1,0,0.044522483,0
non-tumour/TCGA-CK-6751-01Z-00-DX1_30208_17920.jpg,TCGA-CK-6751,TCGA-CK-6751-01Z-00-DX1,0,0.0042124563,0
non-tumour/TCGA-CK-6751-01Z-00-DX1_30208_18944.jpg,TCGA-CK-6751,TCGA-CK-6751-01Z-00-DX1,0,0.0053156856,0
non-tumour/TCGA-CK-6751-01Z-00-DX1_30208_19456.jpg,TCGA-CK-6751,TCGA-CK-6751-01Z-00-DX1,0,0.0054507013,0
non-tumour/TCGA-CK-6751-01Z-00-DX1_30208_19968.jpg,TCGA-CK-6751,TCGA-CK-6751-01Z-00-DX1,0,0.0055956906,0
non-tumour/TCGA-CK-6751-01Z-00-DX1_30208_21504.jpg,TCGA-CK-6751,TCGA-CK-6751-01Z-00-DX1,0,0.002076128,0
non-tumour/TCGA-CK-6751-01Z-00-DX1_30208_5120.jpg,TCGA-CK-6751,TCGA-CK-6751-01Z-00-DX1,0,0.030667523,0
non-tumour/TCGA-CK-6751-01Z-00-DX1_30208_6656.jpg,TCGA-CK-6751,TCGA-CK-6751-01Z-00-DX1,0,0.3613486,0
non-tumour/TCGA-CK-6751-01Z-00-DX1_30208_8192.jpg,TCGA-CK-6751,TCGA-CK-6751-01Z-00-DX1,0,0.0013010702,0
non-tumour/TCGA-CK-6751-01Z-00-DX1_30208_9728.jpg,TCGA-CK-6751,TCGA-CK-6751-01Z-00-DX1,0,6.2372215e-05,0
non-tumour/TCGA-CK-6751-01Z-00-DX1_30720_11776.jpg,TCGA-CK-6751,TCGA-CK-6751-01Z-00-DX1,0,0.005999184,0
non-tumour/TCGA-CK-6751-01Z-00-DX1_30720_12288.jpg,TCGA-CK-6751,TCGA-CK-6751-01Z-00-DX1,0,0.006818124,0
non-tumour/TCGA-CK-6751-01Z-00-DX1_30720_12800.jpg,TCGA-CK-6751,TCGA-CK-6751-01Z-00-DX1,0,0.0050759874,0
non-tumour/TCGA-CK-6751-01Z-00-DX1_30720_13312.jpg,TCGA-CK-6751,TCGA-CK-6751-01Z-00-DX1,0,0.010334345,0
non-tumour/TCGA-CK-6751-01Z-00-DX1_30720_14336.jpg,TCGA-CK-6751,TCGA-CK-6751-01Z-00-DX1,0,0.0053097415,0
non-tumour/TCGA-CK-6751-01Z-00-DX1_30720_14848.jpg,TCGA-CK-6751,TCGA-CK-6751-01Z-00-DX1,0,0.0056796046,0
non-tumour/TCGA-CK-6751-01Z-00-DX1_30720_15872.jpg,TCGA-CK-6751,TCGA-CK-6751-01Z-00-DX1,0,0.001255781,0
non-tumour/TCGA-CK-6751-01Z-00-DX1_30720_17408.jpg,TCGA-CK-6751,TCGA-CK-6751-01Z-00-DX1,0,0.00027968545,0
non-tumour/TCGA-CK-6751-01Z-00-DX1_30720_18944.jpg,TCGA-CK-6751,TCGA-CK-6751-01Z-00-DX1,0,0.0019362606,0
non-tumour/TCGA-CK-6751-01Z-00-DX1_30720_20480.jpg,TCGA-CK-6751,TCGA-CK-6751-01Z-00-DX1,0,0.0002873517,0
non-tumour/TCGA-CK-6751-01Z-00-DX1_30720_20992.jpg,TCGA-CK-6751,TCGA-CK-6751-01Z-00-DX1,0,0.0012358209,0
non-tumour/TCGA-CK-6751-01Z-00-DX1_30720_21504.jpg,TCGA-CK-6751,TCGA-CK-6751-01Z-00-DX1,0,0.90280735,1
non-tumour/TCGA-CK-6751-01Z-00-DX1_30720_5632.jpg,TCGA-CK-6751,TCGA-CK-6751-01Z-00-DX1,0,0.5938674,1
non-tumour/TCGA-CK-6751-01Z-00-DX1_30720_8192.jpg,TCGA-CK-6751,TCGA-CK-6751-01Z-00-DX1,0,0.00064663176,0
non-tumour/TCGA-CK-6751-01Z-00-DX1_30720_9216.jpg,TCGA-CK-6751,TCGA-CK-6751-01Z-00-DX1,0,2.7226764e-05,0
non-tumour/TCGA-CK-6751-01Z-00-DX1_3072_22016.jpg,TCGA-CK-6751,TCGA-CK-6751-01Z-00-DX1,0,0.13971338,0
non-tumour/TCGA-CK-6751-01Z-00-DX1_31232_11776.jpg,TCGA-CK-6751,TCGA-CK-6751-01Z-00-DX1,0,0.0063928417,0
non-tumour/TCGA-CK-6751-01Z-00-DX1_31232_12800.jpg,TCGA-CK-6751,TCGA-CK-6751-01Z-00-DX1,0,0.0056123803,0
non-tumour/TCGA-CK-6751-01Z-00-DX1_31232_13824.jpg,TCGA-CK-6751,TCGA-CK-6751-01Z-00-DX1,0,0.004054317,0
non-tumour/TCGA-CK-6751-01Z-00-DX1_31232_15360.jpg,TCGA-CK-6751,TCGA-CK-6751-01Z-00-DX1,0,0.00016616452,0
non-tumour/TCGA-CK-6751-01Z-00-DX1_31232_16384.jpg,TCGA-CK-6751,TCGA-CK-6751-01Z-00-DX1,0,0.019643081,0
non-tumour/TCGA-CK-6751-01Z-00-DX1_31232_17408.jpg,TCGA-CK-6751,TCGA-CK-6751-01Z-00-DX1,0,0.0013300717,0
non-tumour/TCGA-CK-6751-01Z-00-DX1_31232_18432.jpg,TCGA-CK-6751,TCGA-CK-6751-01Z-00-DX1,0,0.0035343594,0
non-tumour/TCGA-CK-6751-01Z-00-DX1_31232_18944.jpg,TCGA-CK-6751,TCGA-CK-6751-01Z-00-DX1,0,0.07180097,0
non-tumour/TCGA-CK-6751-01Z-00-DX1_31232_20992.jpg,TCGA-CK-6751,TCGA-CK-6751-01Z-00-DX1,0,6.492426e-05,0
non-tumour/TCGA-CK-6751-01Z-00-DX1_31232_21504.jpg,TCGA-CK-6751,TCGA-CK-6751-01Z-00-DX1,0,0.15028495,0
non-tumour/TCGA-CK-6751-01Z-00-DX1_31232_6144.jpg,TCGA-CK-6751,TCGA-CK-6751-01Z-00-DX1,0,0.8993946,1
non-tumour/TCGA-CK-6751-01Z-00-DX1_31232_6656.jpg,TCGA-CK-6751,TCGA-CK-6751-01Z-00-DX1,0,0.6352012,1
non-tumour/TCGA-CK-6751-01Z-00-DX1_31232_8704.jpg,TCGA-CK-6751,TCGA-CK-6751-01Z-00-DX1,0,2.749388e-07,0
non-tumour/TCGA-CK-6751-01Z-00-DX1_31744_11264.jpg,TCGA-CK-6751,TCGA-CK-6751-01Z-00-DX1,0,0.016947128,0
non-tumour/TCGA-CK-6751-01Z-00-DX1_31744_13312.jpg,TCGA-CK-6751,TCGA-CK-6751-01Z-00-DX1,0,0.22335286,0
non-tumour/TCGA-CK-6751-01Z-00-DX1_31744_13824.jpg,TCGA-CK-6751,TCGA-CK-6751-01Z-00-DX1,0,0.003301253,0
non-tumour/TCGA-CK-6751-01Z-00-DX1_31744_14848.jpg,TCGA-CK-6751,TCGA-CK-6751-01Z-00-DX1,0,0.011860831,0
non-tumour/TCGA-CK-6751-01Z-00-DX1_31744_15360.jpg,TCGA-CK-6751,TCGA-CK-6751-01Z-00-DX1,0,0.052121688,0
non-tumour/TCGA-CK-6751-01Z-00-DX1_31744_16896.jpg,TCGA-CK-6751,TCGA-CK-6751-01Z-00-DX1,0,0.005616326,0
non-tumour/TCGA-CK-6751-01Z-00-DX1_31744_17408.jpg,TCGA-CK-6751,TCGA-CK-6751-01Z-00-DX1,0,0.0030996264,0
non-tumour/TCGA-CK-6751-01Z-00-DX1_31744_17920.jpg,TCGA-CK-6751,TCGA-CK-6751-01Z-00-DX1,0,0.006966949,0
non-tumour/TCGA-CK-6751-01Z-00-DX1_31744_18432.jpg,TCGA-CK-6751,TCGA-CK-6751-01Z-00-DX1,0,0.14464466,0
non-tumour/TCGA-CK-6751-01Z-00-DX1_31744_19456.jpg,TCGA-CK-6751,TCGA-CK-6751-01Z-00-DX1,0,0.0009498834,0
non-tumour/TCGA-CK-6751-01Z-00-DX1_31744_19968.jpg,TCGA-CK-6751,TCGA-CK-6751-01Z-00-DX1,0,0.004389681,0
non-tumour/TCGA-CK-6751-01Z-00-DX1_31744_20992.jpg,TCGA-CK-6751,TCGA-CK-6751-01Z-00-DX1,0,0.0137936,0
non-tumour/TCGA-CK-6751-01Z-00-DX1_31744_21504.jpg,TCGA-CK-6751,TCGA-CK-6751-01Z-00-DX1,0,0.23012847,0
non-tumour/TCGA-CK-6751-01Z-00-DX1_31744_7680.jpg,TCGA-CK-6751,TCGA-CK-6751-01Z-00-DX1,0,0.010864132,0
non-tumour/TCGA-CK-6751-01Z-00-DX1_31744_8192.jpg,TCGA-CK-6751,TCGA-CK-6751-01Z-00-DX1,0,0.048204064,0
non-tumour/TCGA-CK-6751-01Z-00-DX1_32256_11776.jpg,TCGA-CK-6751,TCGA-CK-6751-01Z-00-DX1,0,0.11199788,0
non-tumour/TCGA-CK-6751-01Z-00-DX1_32256_12288.jpg,TCGA-CK-6751,TCGA-CK-6751-01Z-00-DX1,0,0.054289255,0
non-tumour/TCGA-CK-6751-01Z-00-DX1_32256_12800.jpg,TCGA-CK-6751,TCGA-CK-6751-01Z-00-DX1,0,0.013164415,0
non-tumour/TCGA-CK-6751-01Z-00-DX1_32256_13312.jpg,TCGA-CK-6751,TCGA-CK-6751-01Z-00-DX1,0,0.00556819,0
non-tumour/TCGA-CK-6751-01Z-00-DX1_32256_15360.jpg,TCGA-CK-6751,TCGA-CK-6751-01Z-00-DX1,0,0.0048940927,0
non-tumour/TCGA-CK-6751-01Z-00-DX1_32256_15872.jpg,TCGA-CK-6751,TCGA-CK-6751-01Z-00-DX1,0,0.003068626,0
non-tumour/TCGA-CK-6751-01Z-00-DX1_32256_16896.jpg,TCGA-CK-6751,TCGA-CK-6751-01Z-00-DX1,0,0.029795796,0
non-tumour/TCGA-CK-6751-01Z-00-DX1_32256_17408.jpg,TCGA-CK-6751,TCGA-CK-6751-01Z-00-DX1,0,0.0012990902,0
non-tumour/TCGA-CK-6751-01Z-00-DX1_32256_18944.jpg,TCGA-CK-6751,TCGA-CK-6751-01Z-00-DX1,0,0.22925165,0
non-tumour/TCGA-CK-6751-01Z-00-DX1_32256_7680.jpg,TCGA-CK-6751,TCGA-CK-6751-01Z-00-DX1,0,2.596617e-05,0
non-tumour/TCGA-CK-6751-01Z-00-DX1_32256_8704.jpg,TCGA-CK-6751,TCGA-CK-6751-01Z-00-DX1,0,0.15985022,0
non-tumour/TCGA-CK-6751-01Z-00-DX1_32256_9216.jpg,TCGA-CK-6751,TCGA-CK-6751-01Z-00-DX1,0,0.37974218,0
non-tumour/TCGA-CK-6751-01Z-00-DX1_32768_11264.jpg,TCGA-CK-6751,TCGA-CK-6751-01Z-00-DX1,0,0.00724014,0
non-tumour/TCGA-CK-6751-01Z-00-DX1_32768_12288.jpg,TCGA-CK-6751,TCGA-CK-6751-01Z-00-DX1,0,0.040443603,0
non-tumour/TCGA-CK-6751-01Z-00-DX1_32768_12800.jpg,TCGA-CK-6751,TCGA-CK-6751-01Z-00-DX1,0,0.09055904,0
non-tumour/TCGA-CK-6751-01Z-00-DX1_32768_13312.jpg,TCGA-CK-6751,TCGA-CK-6751-01Z-00-DX1,0,0.013717589,0
non-tumour/TCGA-CK-6751-01Z-00-DX1_32768_13824.jpg,TCGA-CK-6751,TCGA-CK-6751-01Z-00-DX1,0,0.03792302,0
non-tumour/TCGA-CK-6751-01Z-00-DX1_32768_14848.jpg,TCGA-CK-6751,TCGA-CK-6751-01Z-00-DX1,0,0.0023420537,0
non-tumour/TCGA-CK-6751-01Z-00-DX1_32768_15872.jpg,TCGA-CK-6751,TCGA-CK-6751-01Z-00-DX1,0,0.00018220046,0
non-tumour/TCGA-CK-6751-01Z-00-DX1_32768_6656.jpg,TCGA-CK-6751,TCGA-CK-6751-01Z-00-DX1,0,0.91112566,1
non-tumour/TCGA-CK-6751-01Z-00-DX1_32768_7680.jpg,TCGA-CK-6751,TCGA-CK-6751-01Z-00-DX1,0,3.877571e-08,0
non-tumour/TCGA-CK-6751-01Z-00-DX1_32768_8192.jpg,TCGA-CK-6751,TCGA-CK-6751-01Z-00-DX1,0,0.0011235522,0
non-tumour/TCGA-CK-6751-01Z-00-DX1_32768_8704.jpg,TCGA-CK-6751,TCGA-CK-6751-01Z-00-DX1,0,0.019987375,0
non-tumour/TCGA-CK-6751-01Z-00-DX1_33280_7168.jpg,TCGA-CK-6751,TCGA-CK-6751-01Z-00-DX1,0,0.0001506,0
non-tumour/TCGA-CK-6751-01Z-00-DX1_33280_8192.jpg,TCGA-CK-6751,TCGA-CK-6751-01Z-00-DX1,0,0.9888575,1
non-tumour/TCGA-CK-6751-01Z-00-DX1_34816_7680.jpg,TCGA-CK-6751,TCGA-CK-6751-01Z-00-DX1,0,0.33490565,0
non-tumour/TCGA-CK-6751-01Z-00-DX1_35328_8192.jpg,TCGA-CK-6751,TCGA-CK-6751-01Z-00-DX1,0,0.9387421,1
non-tumour/TCGA-CK-6751-01Z-00-DX1_36864_7680.jpg,TCGA-CK-6751,TCGA-CK-6751-01Z-00-DX1,0,0.0007094104,0
non-tumour/TCGA-CK-6751-01Z-00-DX1_37376_7680.jpg,TCGA-CK-6751,TCGA-CK-6751-01Z-00-DX1,0,0.16376027,0
non-tumour/TCGA-CK-6751-01Z-00-DX1_4096_22528.jpg,TCGA-CK-6751,TCGA-CK-6751-01Z-00-DX1,0,0.24974655,0
non-tumour/TCGA-CK-6751-01Z-00-DX1_5632_20992.jpg,TCGA-CK-6751,TCGA-CK-6751-01Z-00-DX1,0,0.7816003,1
non-tumour/TCGA-CK-6751-01Z-00-DX1_5632_21504.jpg,TCGA-CK-6751,TCGA-CK-6751-01Z-00-DX1,0,0.08295616,0
non-tumour/TCGA-CK-6751-01Z-00-DX1_6144_20480.jpg,TCGA-CK-6751,TCGA-CK-6751-01Z-00-DX1,0,0.024816018,0
non-tumour/TCGA-CK-6751-01Z-00-DX1_6144_22016.jpg,TCGA-CK-6751,TCGA-CK-6751-01Z-00-DX1,0,0.0062886267,0
non-tumour/TCGA-CK-6751-01Z-00-DX1_6144_22528.jpg,TCGA-CK-6751,TCGA-CK-6751-01Z-00-DX1,0,0.013052388,0
non-tumour/TCGA-CK-6751-01Z-00-DX1_6656_20480.jpg,TCGA-CK-6751,TCGA-CK-6751-01Z-00-DX1,0,0.047932833,0
non-tumour/TCGA-CK-6751-01Z-00-DX1_6656_20992.jpg,TCGA-CK-6751,TCGA-CK-6751-01Z-00-DX1,0,0.121131554,0
non-tumour/TCGA-CK-6751-01Z-00-DX1_6656_21504.jpg,TCGA-CK-6751,TCGA-CK-6751-01Z-00-DX1,0,0.037467,0
non-tumour/TCGA-CK-6751-01Z-00-DX1_6656_22528.jpg,TCGA-CK-6751,TCGA-CK-6751-01Z-00-DX1,0,0.97965425,1
non-tumour/TCGA-CK-6751-01Z-00-DX1_7168_20992.jpg,TCGA-CK-6751,TCGA-CK-6751-01Z-00-DX1,0,0.92095053,1
non-tumour/TCGA-CK-6751-01Z-00-DX1_7168_21504.jpg,TCGA-CK-6751,TCGA-CK-6751-01Z-00-DX1,0,0.33448562,0
non-tumour/TCGA-CK-6751-01Z-00-DX1_7168_22016.jpg,TCGA-CK-6751,TCGA-CK-6751-01Z-00-DX1,0,0.5535616,1
non-tumour/TCGA-CK-6751-01Z-00-DX1_7680_13824.jpg,TCGA-CK-6751,TCGA-CK-6751-01Z-00-DX1,0,0.929061,1
non-tumour/TCGA-CK-6751-01Z-00-DX1_7680_21504.jpg,TCGA-CK-6751,TCGA-CK-6751-01Z-00-DX1,0,0.4369437,0
non-tumour/TCGA-CK-6751-01Z-00-DX1_7680_22528.jpg,TCGA-CK-6751,TCGA-CK-6751-01Z-00-DX1,0,0.1010719,0
non-tumour/TCGA-CK-6751-01Z-00-DX1_8192_14336.jpg,TCGA-CK-6751,TCGA-CK-6751-01Z-00-DX1,0,0.9995664,1
non-tumour/TCGA-CK-6751-01Z-00-DX1_8192_14848.jpg,TCGA-CK-6751,TCGA-CK-6751-01Z-00-DX1,0,0.9718527,1
non-tumour/TCGA-CK-6751-01Z-00-DX1_8192_21504.jpg,TCGA-CK-6751,TCGA-CK-6751-01Z-00-DX1,0,0.0022114643,0
non-tumour/TCGA-CK-6751-01Z-00-DX1_8704_12800.jpg,TCGA-CK-6751,TCGA-CK-6751-01Z-00-DX1,0,0.69609696,1
non-tumour/TCGA-CK-6751-01Z-00-DX1_8704_15360.jpg,TCGA-CK-6751,TCGA-CK-6751-01Z-00-DX1,0,0.0018626108,0
non-tumour/TCGA-CK-6751-01Z-00-DX1_8704_15872.jpg,TCGA-CK-6751,TCGA-CK-6751-01Z-00-DX1,0,0.9968202,1
non-tumour/TCGA-CK-6751-01Z-00-DX1_8704_16384.jpg,TCGA-CK-6751,TCGA-CK-6751-01Z-00-DX1,0,0.2507317,0
non-tumour/TCGA-CK-6751-01Z-00-DX1_9216_14336.jpg,TCGA-CK-6751,TCGA-CK-6751-01Z-00-DX1,0,0.029630339,0
non-tumour/TCGA-CK-6751-01Z-00-DX1_9216_14848.jpg,TCGA-CK-6751,TCGA-CK-6751-01Z-00-DX1,0,0.84760916,1
non-tumour/TCGA-CK-6751-01Z-00-DX1_9216_15872.jpg,TCGA-CK-6751,TCGA-CK-6751-01Z-00-DX1,0,0.24722089,0
non-tumour/TCGA-CK-6751-01Z-00-DX1_9728_12288.jpg,TCGA-CK-6751,TCGA-CK-6751-01Z-00-DX1,0,0.92610806,1
non-tumour/TCGA-CK-6751-01Z-00-DX1_9728_13824.jpg,TCGA-CK-6751,TCGA-CK-6751-01Z-00-DX1,0,0.41608796,0
non-tumour/TCGA-CK-6751-01Z-00-DX1_9728_14848.jpg,TCGA-CK-6751,TCGA-CK-6751-01Z-00-DX1,0,0.22363098,0
non-tumour/TCGA-CK-6751-01Z-00-DX1_9728_15360.jpg,TCGA-CK-6751,TCGA-CK-6751-01Z-00-DX1,0,0.513758,1
non-tumour/TCGA-CK-6751-01Z-00-DX1_9728_16384.jpg,TCGA-CK-6751,TCGA-CK-6751-01Z-00-DX1,0,0.8138938,1
non-tumour/TCGA-D5-6538-01Z-00-DX1_48640_11264.jpg,TCGA-D5-6538,TCGA-D5-6538-01Z-00-DX1,0,0.009298132,0
non-tumour/TCGA-D5-6538-01Z-00-DX1_49152_11264.jpg,TCGA-D5-6538,TCGA-D5-6538-01Z-00-DX1,0,0.005696274,0
non-tumour/TCGA-D5-6538-01Z-00-DX1_49152_11776.jpg,TCGA-D5-6538,TCGA-D5-6538-01Z-00-DX1,0,0.0035491246,0
non-tumour/TCGA-D5-6538-01Z-00-DX1_49152_12800.jpg,TCGA-D5-6538,TCGA-D5-6538-01Z-00-DX1,0,0.05053399,0
non-tumour/TCGA-D5-6538-01Z-00-DX1_49152_13312.jpg,TCGA-D5-6538,TCGA-D5-6538-01Z-00-DX1,0,0.571534,1
non-tumour/TCGA-D5-6538-01Z-00-DX1_49152_7680.jpg,TCGA-D5-6538,TCGA-D5-6538-01Z-00-DX1,0,0.002051417,0
non-tumour/TCGA-D5-6538-01Z-00-DX1_49664_11264.jpg,TCGA-D5-6538,TCGA-D5-6538-01Z-00-DX1,0,0.0097875865,0
non-tumour/TCGA-D5-6538-01Z-00-DX1_49664_12800.jpg,TCGA-D5-6538,TCGA-D5-6538-01Z-00-DX1,0,0.04936342,0
non-tumour/TCGA-D5-6538-01Z-00-DX1_49664_13824.jpg,TCGA-D5-6538,TCGA-D5-6538-01Z-00-DX1,0,0.0032616435,0
non-tumour/TCGA-D5-6538-01Z-00-DX1_49664_8192.jpg,TCGA-D5-6538,TCGA-D5-6538-01Z-00-DX1,0,0.40160486,0
non-tumour/TCGA-D5-6538-01Z-00-DX1_50176_11264.jpg,TCGA-D5-6538,TCGA-D5-6538-01Z-00-DX1,0,0.00028225867,0
non-tumour/TCGA-D5-6538-01Z-00-DX1_50176_11776.jpg,TCGA-D5-6538,TCGA-D5-6538-01Z-00-DX1,0,0.00043980477,0
non-tumour/TCGA-D5-6538-01Z-00-DX1_50176_12288.jpg,TCGA-D5-6538,TCGA-D5-6538-01Z-00-DX1,0,0.0044703213,0
non-tumour/TCGA-D5-6538-01Z-00-DX1_50176_13824.jpg,TCGA-D5-6538,TCGA-D5-6538-01Z-00-DX1,0,0.017058017,0
non-tumour/TCGA-D5-6538-01Z-00-DX1_50176_14336.jpg,TCGA-D5-6538,TCGA-D5-6538-01Z-00-DX1,0,0.06507854,0
non-tumour/TCGA-D5-6538-01Z-00-DX1_50176_14848.jpg,TCGA-D5-6538,TCGA-D5-6538-01Z-00-DX1,0,0.007368814,0
non-tumour/TCGA-D5-6538-01Z-00-DX1_50176_8704.jpg,TCGA-D5-6538,TCGA-D5-6538-01Z-00-DX1,0,0.076425165,0
non-tumour/TCGA-D5-6538-01Z-00-DX1_50688_11264.jpg,TCGA-D5-6538,TCGA-D5-6538-01Z-00-DX1,0,0.7279009,1
non-tumour/TCGA-D5-6538-01Z-00-DX1_50688_12800.jpg,TCGA-D5-6538,TCGA-D5-6538-01Z-00-DX1,0,0.036930107,0
non-tumour/TCGA-D5-6538-01Z-00-DX1_50688_13312.jpg,TCGA-D5-6538,TCGA-D5-6538-01Z-00-DX1,0,0.043214157,0
non-tumour/TCGA-D5-6538-01Z-00-DX1_50688_14336.jpg,TCGA-D5-6538,TCGA-D5-6538-01Z-00-DX1,0,0.008875854,0
non-tumour/TCGA-D5-6538-01Z-00-DX1_50688_14848.jpg,TCGA-D5-6538,TCGA-D5-6538-01Z-00-DX1,0,0.7191925,1
non-tumour/TCGA-D5-6538-01Z-00-DX1_50688_15360.jpg,TCGA-D5-6538,TCGA-D5-6538-01Z-00-DX1,0,0.4121975,0
non-tumour/TCGA-D5-6538-01Z-00-DX1_50688_16384.jpg,TCGA-D5-6538,TCGA-D5-6538-01Z-00-DX1,0,0.8282323,1
non-tumour/TCGA-D5-6538-01Z-00-DX1_50688_9216.jpg,TCGA-D5-6538,TCGA-D5-6538-01Z-00-DX1,0,0.020134328,0
non-tumour/TCGA-D5-6538-01Z-00-DX1_51200_11776.jpg,TCGA-D5-6538,TCGA-D5-6538-01Z-00-DX1,0,0.0020580266,0
non-tumour/TCGA-D5-6538-01Z-00-DX1_51200_13312.jpg,TCGA-D5-6538,TCGA-D5-6538-01Z-00-DX1,0,0.002228183,0
non-tumour/TCGA-D5-6538-01Z-00-DX1_51200_13824.jpg,TCGA-D5-6538,TCGA-D5-6538-01Z-00-DX1,0,0.00714564,0
non-tumour/TCGA-D5-6538-01Z-00-DX1_51200_15872.jpg,TCGA-D5-6538,TCGA-D5-6538-01Z-00-DX1,0,0.82323617,1
non-tumour/TCGA-D5-6538-01Z-00-DX1_51200_16896.jpg,TCGA-D5-6538,TCGA-D5-6538-01Z-00-DX1,0,0.46716318,0
non-tumour/TCGA-D5-6538-01Z-00-DX1_51200_9216.jpg,TCGA-D5-6538,TCGA-D5-6538-01Z-00-DX1,0,0.0020651713,0
non-tumour/TCGA-D5-6538-01Z-00-DX1_51712_13312.jpg,TCGA-D5-6538,TCGA-D5-6538-01Z-00-DX1,0,0.15625563,0
non-tumour/TCGA-D5-6538-01Z-00-DX1_51712_14336.jpg,TCGA-D5-6538,TCGA-D5-6538-01Z-00-DX1,0,0.00044692695,0
non-tumour/TCGA-D5-6538-01Z-00-DX1_51712_14848.jpg,TCGA-D5-6538,TCGA-D5-6538-01Z-00-DX1,0,0.0040932605,0
non-tumour/TCGA-D5-6538-01Z-00-DX1_51712_15360.jpg,TCGA-D5-6538,TCGA-D5-6538-01Z-00-DX1,0,0.037759908,0
non-tumour/TCGA-D5-6538-01Z-00-DX1_51712_17408.jpg,TCGA-D5-6538,TCGA-D5-6538-01Z-00-DX1,0,0.9657341,1
non-tumour/TCGA-D5-6538-01Z-00-DX1_52224_10752.jpg,TCGA-D5-6538,TCGA-D5-6538-01Z-00-DX1,0,0.83622617,1
non-tumour/TCGA-D5-6538-01Z-00-DX1_52224_13824.jpg,TCGA-D5-6538,TCGA-D5-6538-01Z-00-DX1,0,0.98771995,1
non-tumour/TCGA-D5-6538-01Z-00-DX1_52224_14848.jpg,TCGA-D5-6538,TCGA-D5-6538-01Z-00-DX1,0,0.0015499052,0
non-tumour/TCGA-D5-6538-01Z-00-DX1_52224_15872.jpg,TCGA-D5-6538,TCGA-D5-6538-01Z-00-DX1,0,0.02364839,0
non-tumour/TCGA-D5-6538-01Z-00-DX1_52224_16896.jpg,TCGA-D5-6538,TCGA-D5-6538-01Z-00-DX1,0,0.95276976,1
non-tumour/TCGA-D5-6538-01Z-00-DX1_52736_10752.jpg,TCGA-D5-6538,TCGA-D5-6538-01Z-00-DX1,0,0.82161427,1
non-tumour/TCGA-D5-6538-01Z-00-DX1_52736_11264.jpg,TCGA-D5-6538,TCGA-D5-6538-01Z-00-DX1,0,0.9921556,1
non-tumour/TCGA-D5-6538-01Z-00-DX1_52736_13824.jpg,TCGA-D5-6538,TCGA-D5-6538-01Z-00-DX1,0,0.008048659,0
non-tumour/TCGA-D5-6538-01Z-00-DX1_52736_14336.jpg,TCGA-D5-6538,TCGA-D5-6538-01Z-00-DX1,0,0.00402794,0
non-tumour/TCGA-D5-6538-01Z-00-DX1_52736_16384.jpg,TCGA-D5-6538,TCGA-D5-6538-01Z-00-DX1,0,0.29442984,0
non-tumour/TCGA-D5-6538-01Z-00-DX1_52736_16896.jpg,TCGA-D5-6538,TCGA-D5-6538-01Z-00-DX1,0,0.99896216,1
non-tumour/TCGA-D5-6538-01Z-00-DX1_52736_17408.jpg,TCGA-D5-6538,TCGA-D5-6538-01Z-00-DX1,0,0.995717,1
non-tumour/TCGA-D5-6538-01Z-00-DX1_52736_17920.jpg,TCGA-D5-6538,TCGA-D5-6538-01Z-00-DX1,0,0.0893693,0
non-tumour/TCGA-D5-6538-01Z-00-DX1_52736_18432.jpg,TCGA-D5-6538,TCGA-D5-6538-01Z-00-DX1,0,0.5559943,1
non-tumour/TCGA-D5-6538-01Z-00-DX1_53248_13824.jpg,TCGA-D5-6538,TCGA-D5-6538-01Z-00-DX1,0,0.37973145,0
non-tumour/TCGA-D5-6538-01Z-00-DX1_53248_15360.jpg,TCGA-D5-6538,TCGA-D5-6538-01Z-00-DX1,0,0.00047037136,0
non-tumour/TCGA-D5-6538-01Z-00-DX1_53248_15872.jpg,TCGA-D5-6538,TCGA-D5-6538-01Z-00-DX1,0,0.004966129,0
non-tumour/TCGA-D5-6538-01Z-00-DX1_53248_17408.jpg,TCGA-D5-6538,TCGA-D5-6538-01Z-00-DX1,0,0.10008369,0
non-tumour/TCGA-D5-6538-01Z-00-DX1_53248_17920.jpg,TCGA-D5-6538,TCGA-D5-6538-01Z-00-DX1,0,0.85290784,1
non-tumour/TCGA-D5-6538-01Z-00-DX1_53248_18432.jpg,TCGA-D5-6538,TCGA-D5-6538-01Z-00-DX1,0,0.050267696,0
non-tumour/TCGA-D5-6538-01Z-00-DX1_53248_19456.jpg,TCGA-D5-6538,TCGA-D5-6538-01Z-00-DX1,0,5.485453e-05,0
non-tumour/TCGA-D5-6538-01Z-00-DX1_53760_14848.jpg,TCGA-D5-6538,TCGA-D5-6538-01Z-00-DX1,0,0.00012125538,0
non-tumour/TCGA-D5-6538-01Z-00-DX1_53760_15360.jpg,TCGA-D5-6538,TCGA-D5-6538-01Z-00-DX1,0,0.00035499348,0
non-tumour/TCGA-D5-6538-01Z-00-DX1_53760_15872.jpg,TCGA-D5-6538,TCGA-D5-6538-01Z-00-DX1,0,0.17722046,0
non-tumour/TCGA-D5-6538-01Z-00-DX1_53760_17920.jpg,TCGA-D5-6538,TCGA-D5-6538-01Z-00-DX1,0,0.93820584,1
non-tumour/TCGA-D5-6538-01Z-00-DX1_53760_19456.jpg,TCGA-D5-6538,TCGA-D5-6538-01Z-00-DX1,0,0.0147532765,0
non-tumour/TCGA-D5-6538-01Z-00-DX1_54272_14336.jpg,TCGA-D5-6538,TCGA-D5-6538-01Z-00-DX1,0,0.118412666,0
non-tumour/TCGA-D5-6538-01Z-00-DX1_54272_14848.jpg,TCGA-D5-6538,TCGA-D5-6538-01Z-00-DX1,0,0.0005023233,0
non-tumour/TCGA-D5-6538-01Z-00-DX1_54272_15360.jpg,TCGA-D5-6538,TCGA-D5-6538-01Z-00-DX1,0,3.734302e-06,0
non-tumour/TCGA-D5-6538-01Z-00-DX1_54272_16384.jpg,TCGA-D5-6538,TCGA-D5-6538-01Z-00-DX1,0,0.028620975,0
non-tumour/TCGA-D5-6538-01Z-00-DX1_54272_16896.jpg,TCGA-D5-6538,TCGA-D5-6538-01Z-00-DX1,0,0.0076263365,0
non-tumour/TCGA-D5-6538-01Z-00-DX1_54272_17920.jpg,TCGA-D5-6538,TCGA-D5-6538-01Z-00-DX1,0,0.7424773,1
non-tumour/TCGA-D5-6538-01Z-00-DX1_54272_19456.jpg,TCGA-D5-6538,TCGA-D5-6538-01Z-00-DX1,0,0.00094002316,0
non-tumour/TCGA-D5-6538-01Z-00-DX1_54272_19968.jpg,TCGA-D5-6538,TCGA-D5-6538-01Z-00-DX1,0,0.073625244,0
non-tumour/TCGA-D5-6538-01Z-00-DX1_54784_15360.jpg,TCGA-D5-6538,TCGA-D5-6538-01Z-00-DX1,0,0.025898084,0
non-tumour/TCGA-D5-6538-01Z-00-DX1_54784_18432.jpg,TCGA-D5-6538,TCGA-D5-6538-01Z-00-DX1,0,0.13957162,0
non-tumour/TCGA-D5-6538-01Z-00-DX1_54784_18944.jpg,TCGA-D5-6538,TCGA-D5-6538-01Z-00-DX1,0,0.9975776,1
non-tumour/TCGA-DM-A0XF-01Z-00-DX1_11264_28160.jpg,TCGA-DM-A0XF,TCGA-DM-A0XF-01Z-00-DX1,0,0.00012109119,0
non-tumour/TCGA-DM-A0XF-01Z-00-DX1_11776_29184.jpg,TCGA-DM-A0XF,TCGA-DM-A0XF-01Z-00-DX1,0,0.005931668,0
non-tumour/TCGA-DM-A0XF-01Z-00-DX1_12288_29184.jpg,TCGA-DM-A0XF,TCGA-DM-A0XF-01Z-00-DX1,0,0.0013317562,0
non-tumour/TCGA-DM-A0XF-01Z-00-DX1_12288_29696.jpg,TCGA-DM-A0XF,TCGA-DM-A0XF-01Z-00-DX1,0,0.014923913,0
non-tumour/TCGA-DM-A0XF-01Z-00-DX1_12800_29696.jpg,TCGA-DM-A0XF,TCGA-DM-A0XF-01Z-00-DX1,0,5.053347e-05,0
non-tumour/TCGA-DM-A0XF-01Z-00-DX1_12800_30208.jpg,TCGA-DM-A0XF,TCGA-DM-A0XF-01Z-00-DX1,0,0.10288683,0
non-tumour/TCGA-DM-A0XF-01Z-00-DX1_13312_29184.jpg,TCGA-DM-A0XF,TCGA-DM-A0XF-01Z-00-DX1,0,0.00020786883,0
non-tumour/TCGA-DM-A0XF-01Z-00-DX1_13312_30208.jpg,TCGA-DM-A0XF,TCGA-DM-A0XF-01Z-00-DX1,0,0.00039848898,0
non-tumour/TCGA-DM-A0XF-01Z-00-DX1_13312_9728.jpg,TCGA-DM-A0XF,TCGA-DM-A0XF-01Z-00-DX1,0,0.0016160521,0
non-tumour/TCGA-DM-A0XF-01Z-00-DX1_13824_29696.jpg,TCGA-DM-A0XF,TCGA-DM-A0XF-01Z-00-DX1,0,0.00014018359,0
non-tumour/TCGA-DM-A0XF-01Z-00-DX1_13824_30208.jpg,TCGA-DM-A0XF,TCGA-DM-A0XF-01Z-00-DX1,0,0.0001278329,0
non-tumour/TCGA-DM-A0XF-01Z-00-DX1_13824_30720.jpg,TCGA-DM-A0XF,TCGA-DM-A0XF-01Z-00-DX1,0,0.9871711,1
non-tumour/TCGA-DM-A0XF-01Z-00-DX1_13824_9728.jpg,TCGA-DM-A0XF,TCGA-DM-A0XF-01Z-00-DX1,0,0.0008644216,0
non-tumour/TCGA-DM-A0XF-01Z-00-DX1_14336_30720.jpg,TCGA-DM-A0XF,TCGA-DM-A0XF-01Z-00-DX1,0,0.9063519,1
non-tumour/TCGA-DM-A0XF-01Z-00-DX1_14336_32768.jpg,TCGA-DM-A0XF,TCGA-DM-A0XF-01Z-00-DX1,0,0.0008712216,0
non-tumour/TCGA-DM-A0XF-01Z-00-DX1_14336_33280.jpg,TCGA-DM-A0XF,TCGA-DM-A0XF-01Z-00-DX1,0,0.00016444226,0
non-tumour/TCGA-DM-A0XF-01Z-00-DX1_14336_33792.jpg,TCGA-DM-A0XF,TCGA-DM-A0XF-01Z-00-DX1,0,0.0009419028,0
non-tumour/TCGA-DM-A0XF-01Z-00-DX1_14336_34304.jpg,TCGA-DM-A0XF,TCGA-DM-A0XF-01Z-00-DX1,0,6.2485237e-06,0
non-tumour/TCGA-DM-A0XF-01Z-00-DX1_14336_34816.jpg,TCGA-DM-A0XF,TCGA-DM-A0XF-01Z-00-DX1,0,7.041055e-07,0
non-tumour/TCGA-DM-A0XF-01Z-00-DX1_14336_35840.jpg,TCGA-DM-A0XF,TCGA-DM-A0XF-01Z-00-DX1,0,1.9026384e-08,0
non-tumour/TCGA-DM-A0XF-01Z-00-DX1_14848_10752.jpg,TCGA-DM-A0XF,TCGA-DM-A0XF-01Z-00-DX1,0,0.003371252,0
non-tumour/TCGA-DM-A0XF-01Z-00-DX1_14848_11264.jpg,TCGA-DM-A0XF,TCGA-DM-A0XF-01Z-00-DX1,0,0.0005406036,0
non-tumour/TCGA-DM-A0XF-01Z-00-DX1_14848_29696.jpg,TCGA-DM-A0XF,TCGA-DM-A0XF-01Z-00-DX1,0,0.018812276,0
non-tumour/TCGA-DM-A0XF-01Z-00-DX1_14848_33280.jpg,TCGA-DM-A0XF,TCGA-DM-A0XF-01Z-00-DX1,0,0.04384353,0
non-tumour/TCGA-DM-A0XF-01Z-00-DX1_14848_34816.jpg,TCGA-DM-A0XF,TCGA-DM-A0XF-01Z-00-DX1,0,9.361154e-05,0
non-tumour/TCGA-DM-A0XF-01Z-00-DX1_14848_35328.jpg,TCGA-DM-A0XF,TCGA-DM-A0XF-01Z-00-DX1,0,5.491256e-07,0
non-tumour/TCGA-DM-A0XF-01Z-00-DX1_14848_36352.jpg,TCGA-DM-A0XF,TCGA-DM-A0XF-01Z-00-DX1,0,4.287258e-07,0
non-tumour/TCGA-DM-A0XF-01Z-00-DX1_15360_10752.jpg,TCGA-DM-A0XF,TCGA-DM-A0XF-01Z-00-DX1,0,0.000340185,0
non-tumour/TCGA-DM-A0XF-01Z-00-DX1_15360_29696.jpg,TCGA-DM-A0XF,TCGA-DM-A0XF-01Z-00-DX1,0,0.010677572,0
non-tumour/TCGA-DM-A0XF-01Z-00-DX1_15360_33792.jpg,TCGA-DM-A0XF,TCGA-DM-A0XF-01Z-00-DX1,0,0.00017040937,0
non-tumour/TCGA-DM-A0XF-01Z-00-DX1_15360_34816.jpg,TCGA-DM-A0XF,TCGA-DM-A0XF-01Z-00-DX1,0,0.77153593,1
non-tumour/TCGA-DM-A0XF-01Z-00-DX1_15360_35840.jpg,TCGA-DM-A0XF,TCGA-DM-A0XF-01Z-00-DX1,0,2.014837e-06,0
non-tumour/TCGA-DM-A0XF-01Z-00-DX1_15872_11264.jpg,TCGA-DM-A0XF,TCGA-DM-A0XF-01Z-00-DX1,0,0.00012420333,0
non-tumour/TCGA-DM-A0XF-01Z-00-DX1_15872_33280.jpg,TCGA-DM-A0XF,TCGA-DM-A0XF-01Z-00-DX1,0,0.00030882584,0
non-tumour/TCGA-DM-A0XF-01Z-00-DX1_15872_34304.jpg,TCGA-DM-A0XF,TCGA-DM-A0XF-01Z-00-DX1,0,0.018964596,0
non-tumour/TCGA-DM-A0XF-01Z-00-DX1_15872_34816.jpg,TCGA-DM-A0XF,TCGA-DM-A0XF-01Z-00-DX1,0,0.026733298,0
non-tumour/TCGA-DM-A0XF-01Z-00-DX1_15872_35840.jpg,TCGA-DM-A0XF,TCGA-DM-A0XF-01Z-00-DX1,0,0.33401555,0
non-tumour/TCGA-DM-A0XF-01Z-00-DX1_16384_34816.jpg,TCGA-DM-A0XF,TCGA-DM-A0XF-01Z-00-DX1,0,0.00052003673,0
non-tumour/TCGA-DM-A0XF-01Z-00-DX1_16384_35328.jpg,TCGA-DM-A0XF,TCGA-DM-A0XF-01Z-00-DX1,0,2.7915316e-05,0
non-tumour/TCGA-DM-A0XF-01Z-00-DX1_16384_36352.jpg,TCGA-DM-A0XF,TCGA-DM-A0XF-01Z-00-DX1,0,0.0062972326,0
non-tumour/TCGA-DM-A0XF-01Z-00-DX1_16896_11776.jpg,TCGA-DM-A0XF,TCGA-DM-A0XF-01Z-00-DX1,0,0.0014660843,0
non-tumour/TCGA-DM-A0XF-01Z-00-DX1_16896_12288.jpg,TCGA-DM-A0XF,TCGA-DM-A0XF-01Z-00-DX1,0,0.0030848065,0
non-tumour/TCGA-DM-A0XF-01Z-00-DX1_16896_33792.jpg,TCGA-DM-A0XF,TCGA-DM-A0XF-01Z-00-DX1,0,8.1443104e-05,0
non-tumour/TCGA-DM-A0XF-01Z-00-DX1_16896_36864.jpg,TCGA-DM-A0XF,TCGA-DM-A0XF-01Z-00-DX1,0,0.00032151776,0
non-tumour/TCGA-DM-A0XF-01Z-00-DX1_17408_33792.jpg,TCGA-DM-A0XF,TCGA-DM-A0XF-01Z-00-DX1,0,7.0652604e-05,0
non-tumour/TCGA-DM-A0XF-01Z-00-DX1_17408_35840.jpg,TCGA-DM-A0XF,TCGA-DM-A0XF-01Z-00-DX1,0,0.00020553888,0
non-tumour/TCGA-DM-A0XF-01Z-00-DX1_17408_36352.jpg,TCGA-DM-A0XF,TCGA-DM-A0XF-01Z-00-DX1,0,0.0001668738,0
non-tumour/TCGA-DM-A0XF-01Z-00-DX1_17408_36864.jpg,TCGA-DM-A0XF,TCGA-DM-A0XF-01Z-00-DX1,0,0.00013881379,0
non-tumour/TCGA-DM-A0XF-01Z-00-DX1_17920_35328.jpg,TCGA-DM-A0XF,TCGA-DM-A0XF-01Z-00-DX1,0,1.6719322e-06,0
non-tumour/TCGA-DM-A0XF-01Z-00-DX1_17920_36864.jpg,TCGA-DM-A0XF,TCGA-DM-A0XF-01Z-00-DX1,0,2.8883744e-05,0
non-tumour/TCGA-DM-A0XF-01Z-00-DX1_18432_33792.jpg,TCGA-DM-A0XF,TCGA-DM-A0XF-01Z-00-DX1,0,0.00049264164,0
non-tumour/TCGA-DM-A0XF-01Z-00-DX1_18432_35328.jpg,TCGA-DM-A0XF,TCGA-DM-A0XF-01Z-00-DX1,0,4.861167e-07,0
non-tumour/TCGA-DM-A0XF-01Z-00-DX1_18432_36352.jpg,TCGA-DM-A0XF,TCGA-DM-A0XF-01Z-00-DX1,0,0.0017390788,0
non-tumour/TCGA-DM-A0XF-01Z-00-DX1_18944_33792.jpg,TCGA-DM-A0XF,TCGA-DM-A0XF-01Z-00-DX1,0,0.00017807269,0
non-tumour/TCGA-DM-A0XF-01Z-00-DX1_18944_34816.jpg,TCGA-DM-A0XF,TCGA-DM-A0XF-01Z-00-DX1,0,6.6079224e-06,0
non-tumour/TCGA-DM-A0XF-01Z-00-DX1_18944_35328.jpg,TCGA-DM-A0XF,TCGA-DM-A0XF-01Z-00-DX1,0,0.00012577906,0
non-tumour/TCGA-DM-A0XF-01Z-00-DX1_18944_35840.jpg,TCGA-DM-A0XF,TCGA-DM-A0XF-01Z-00-DX1,0,0.0016627809,0
non-tumour/TCGA-DM-A0XF-01Z-00-DX1_19456_34816.jpg,TCGA-DM-A0XF,TCGA-DM-A0XF-01Z-00-DX1,0,0.00048132916,0
non-tumour/TCGA-DM-A0XF-01Z-00-DX1_19456_35840.jpg,TCGA-DM-A0XF,TCGA-DM-A0XF-01Z-00-DX1,0,0.0020534087,0
non-tumour/TCGA-DM-A0XF-01Z-00-DX1_19968_33792.jpg,TCGA-DM-A0XF,TCGA-DM-A0XF-01Z-00-DX1,0,3.5524936e-05,0
non-tumour/TCGA-DM-A0XF-01Z-00-DX1_19968_34304.jpg,TCGA-DM-A0XF,TCGA-DM-A0XF-01Z-00-DX1,0,8.477789e-07,0
non-tumour/TCGA-DM-A0XF-01Z-00-DX1_19968_34816.jpg,TCGA-DM-A0XF,TCGA-DM-A0XF-01Z-00-DX1,0,8.13012e-06,0
non-tumour/TCGA-DM-A0XF-01Z-00-DX1_19968_35328.jpg,TCGA-DM-A0XF,TCGA-DM-A0XF-01Z-00-DX1,0,0.00088375836,0
non-tumour/TCGA-DM-A0XF-01Z-00-DX1_19968_36352.jpg,TCGA-DM-A0XF,TCGA-DM-A0XF-01Z-00-DX1,0,0.000310929,0
non-tumour/TCGA-DM-A0XF-01Z-00-DX1_20480_34816.jpg,TCGA-DM-A0XF,TCGA-DM-A0XF-01Z-00-DX1,0,0.0003515688,0
non-tumour/TCGA-DM-A0XF-01Z-00-DX1_20992_18432.jpg,TCGA-DM-A0XF,TCGA-DM-A0XF-01Z-00-DX1,0,0.00034196267,0
non-tumour/TCGA-DM-A0XF-01Z-00-DX1_20992_34304.jpg,TCGA-DM-A0XF,TCGA-DM-A0XF-01Z-00-DX1,0,0.00022566148,0
non-tumour/TCGA-DM-A0XF-01Z-00-DX1_20992_35328.jpg,TCGA-DM-A0XF,TCGA-DM-A0XF-01Z-00-DX1,0,2.463284e-05,0
non-tumour/TCGA-DM-A0XF-01Z-00-DX1_21504_28160.jpg,TCGA-DM-A0XF,TCGA-DM-A0XF-01Z-00-DX1,0,0.12205725,0
non-tumour/TCGA-DM-A0XF-01Z-00-DX1_21504_35328.jpg,TCGA-DM-A0XF,TCGA-DM-A0XF-01Z-00-DX1,0,0.00020432723,0
non-tumour/TCGA-DM-A0XF-01Z-00-DX1_21504_35840.jpg,TCGA-DM-A0XF,TCGA-DM-A0XF-01Z-00-DX1,0,0.00091840624,0
non-tumour/TCGA-DM-A0XF-01Z-00-DX1_21504_36352.jpg,TCGA-DM-A0XF,TCGA-DM-A0XF-01Z-00-DX1,0,0.0006320559,0
non-tumour/TCGA-DM-A0XF-01Z-00-DX1_22016_28160.jpg,TCGA-DM-A0XF,TCGA-DM-A0XF-01Z-00-DX1,0,0.7441583,1
non-tumour/TCGA-DM-A0XF-01Z-00-DX1_22016_28672.jpg,TCGA-DM-A0XF,TCGA-DM-A0XF-01Z-00-DX1,0,0.02201926,0
non-tumour/TCGA-DM-A0XF-01Z-00-DX1_22016_34304.jpg,TCGA-DM-A0XF,TCGA-DM-A0XF-01Z-00-DX1,0,0.00036535342,0
non-tumour/TCGA-DM-A0XF-01Z-00-DX1_22016_34816.jpg,TCGA-DM-A0XF,TCGA-DM-A0XF-01Z-00-DX1,0,0.0006125768,0
non-tumour/TCGA-DM-A0XF-01Z-00-DX1_22016_35328.jpg,TCGA-DM-A0XF,TCGA-DM-A0XF-01Z-00-DX1,0,0.0022593858,0
non-tumour/TCGA-DM-A0XF-01Z-00-DX1_22016_35840.jpg,TCGA-DM-A0XF,TCGA-DM-A0XF-01Z-00-DX1,0,0.00011988848,0
non-tumour/TCGA-DM-A0XF-01Z-00-DX1_22528_28160.jpg,TCGA-DM-A0XF,TCGA-DM-A0XF-01Z-00-DX1,0,0.94764334,1
non-tumour/TCGA-DM-A0XF-01Z-00-DX1_22528_29184.jpg,TCGA-DM-A0XF,TCGA-DM-A0XF-01Z-00-DX1,0,0.674471,1
non-tumour/TCGA-DM-A0XF-01Z-00-DX1_22528_35328.jpg,TCGA-DM-A0XF,TCGA-DM-A0XF-01Z-00-DX1,0,6.364391e-06,0
non-tumour/TCGA-DM-A0XF-01Z-00-DX1_23040_28672.jpg,TCGA-DM-A0XF,TCGA-DM-A0XF-01Z-00-DX1,0,0.00024369084,0
non-tumour/TCGA-DM-A0XF-01Z-00-DX1_27648_31744.jpg,TCGA-DM-A0XF,TCGA-DM-A0XF-01Z-00-DX1,0,0.016690204,0
non-tumour/TCGA-DM-A0XF-01Z-00-DX1_27648_32256.jpg,TCGA-DM-A0XF,TCGA-DM-A0XF-01Z-00-DX1,0,0.08706897,0
non-tumour/TCGA-DM-A0XF-01Z-00-DX1_28160_31232.jpg,TCGA-DM-A0XF,TCGA-DM-A0XF-01Z-00-DX1,0,0.0042808745,0
non-tumour/TCGA-DM-A0XF-01Z-00-DX1_28160_31744.jpg,TCGA-DM-A0XF,TCGA-DM-A0XF-01Z-00-DX1,0,0.026058793,0
non-tumour/TCGA-DM-A0XF-01Z-00-DX1_28160_32256.jpg,TCGA-DM-A0XF,TCGA-DM-A0XF-01Z-00-DX1,0,0.035948586,0
non-tumour/TCGA-DM-A0XF-01Z-00-DX1_28672_14336.jpg,TCGA-DM-A0XF,TCGA-DM-A0XF-01Z-00-DX1,0,5.5995294e-08,0
non-tumour/TCGA-DM-A0XF-01Z-00-DX1_28672_32256.jpg,TCGA-DM-A0XF,TCGA-DM-A0XF-01Z-00-DX1,0,0.053093772,0
non-tumour/TCGA-DM-A0XF-01Z-00-DX1_28672_32768.jpg,TCGA-DM-A0XF,TCGA-DM-A0XF-01Z-00-DX1,0,0.1829597,0
non-tumour/TCGA-DM-A0XF-01Z-00-DX1_29184_31744.jpg,TCGA-DM-A0XF,TCGA-DM-A0XF-01Z-00-DX1,0,0.087914854,0
non-tumour/TCGA-DM-A0XF-01Z-00-DX1_29184_32768.jpg,TCGA-DM-A0XF,TCGA-DM-A0XF-01Z-00-DX1,0,0.19659033,0
non-tumour/TCGA-DM-A0XF-01Z-00-DX1_29696_32768.jpg,TCGA-DM-A0XF,TCGA-DM-A0XF-01Z-00-DX1,0,0.08109727,0
non-tumour/TCGA-DM-A0XF-01Z-00-DX1_30208_31744.jpg,TCGA-DM-A0XF,TCGA-DM-A0XF-01Z-00-DX1,0,0.010986357,0
non-tumour/TCGA-DM-A0XF-01Z-00-DX1_30208_32768.jpg,TCGA-DM-A0XF,TCGA-DM-A0XF-01Z-00-DX1,0,0.044185344,0
non-tumour/TCGA-DM-A0XF-01Z-00-DX1_30720_21504.jpg,TCGA-DM-A0XF,TCGA-DM-A0XF-01Z-00-DX1,0,2.4253195e-05,0
non-tumour/TCGA-DM-A0XF-01Z-00-DX1_30720_33280.jpg,TCGA-DM-A0XF,TCGA-DM-A0XF-01Z-00-DX1,0,0.055702202,0
non-tumour/TCGA-DM-A0XF-01Z-00-DX1_31232_20480.jpg,TCGA-DM-A0XF,TCGA-DM-A0XF-01Z-00-DX1,0,0.0003063675,0
non-tumour/TCGA-DM-A0XF-01Z-00-DX1_31232_21504.jpg,TCGA-DM-A0XF,TCGA-DM-A0XF-01Z-00-DX1,0,0.00013774523,0
non-tumour/TCGA-DM-A0XF-01Z-00-DX1_31744_20480.jpg,TCGA-DM-A0XF,TCGA-DM-A0XF-01Z-00-DX1,0,2.1830898e-05,0
non-tumour/TCGA-DM-A0XF-01Z-00-DX1_4608_35840.jpg,TCGA-DM-A0XF,TCGA-DM-A0XF-01Z-00-DX1,0,0.00014770009,0
non-tumour/TCGA-DM-A0XF-01Z-00-DX1_47104_512.jpg,TCGA-DM-A0XF,TCGA-DM-A0XF-01Z-00-DX1,0,6.2007435e-05,0
non-tumour/TCGA-DM-A0XF-01Z-00-DX1_47616_1536.jpg,TCGA-DM-A0XF,TCGA-DM-A0XF-01Z-00-DX1,0,0.012756467,0
non-tumour/TCGA-DM-A0XF-01Z-00-DX1_48640_1024.jpg,TCGA-DM-A0XF,TCGA-DM-A0XF-01Z-00-DX1,0,0.0020578445,0
non-tumour/TCGA-DM-A0XF-01Z-00-DX1_48640_1536.jpg,TCGA-DM-A0XF,TCGA-DM-A0XF-01Z-00-DX1,0,0.00075187394,0
non-tumour/TCGA-DM-A0XF-01Z-00-DX1_48640_2048.jpg,TCGA-DM-A0XF,TCGA-DM-A0XF-01Z-00-DX1,0,0.00026026435,0
non-tumour/TCGA-DM-A0XF-01Z-00-DX1_48640_39936.jpg,TCGA-DM-A0XF,TCGA-DM-A0XF-01Z-00-DX1,0,0.00055497297,0
non-tumour/TCGA-DM-A0XF-01Z-00-DX1_49152_1024.jpg,TCGA-DM-A0XF,TCGA-DM-A0XF-01Z-00-DX1,0,0.0005899506,0
non-tumour/TCGA-DM-A0XF-01Z-00-DX1_49152_1536.jpg,TCGA-DM-A0XF,TCGA-DM-A0XF-01Z-00-DX1,0,0.005490485,0
non-tumour/TCGA-DM-A0XF-01Z-00-DX1_49152_38912.jpg,TCGA-DM-A0XF,TCGA-DM-A0XF-01Z-00-DX1,0,0.014580599,0
non-tumour/TCGA-DM-A0XF-01Z-00-DX1_49152_39424.jpg,TCGA-DM-A0XF,TCGA-DM-A0XF-01Z-00-DX1,0,0.00015087482,0
non-tumour/TCGA-DM-A0XF-01Z-00-DX1_49152_512.jpg,TCGA-DM-A0XF,TCGA-DM-A0XF-01Z-00-DX1,0,0.016148636,0
non-tumour/TCGA-DM-A0XF-01Z-00-DX1_49664_1536.jpg,TCGA-DM-A0XF,TCGA-DM-A0XF-01Z-00-DX1,0,0.0031743513,0
non-tumour/TCGA-DM-A0XF-01Z-00-DX1_49664_38912.jpg,TCGA-DM-A0XF,TCGA-DM-A0XF-01Z-00-DX1,0,0.0012417466,0
non-tumour/TCGA-DM-A0XF-01Z-00-DX1_49664_39424.jpg,TCGA-DM-A0XF,TCGA-DM-A0XF-01Z-00-DX1,0,0.0005576743,0
non-tumour/TCGA-DM-A0XF-01Z-00-DX1_49664_40448.jpg,TCGA-DM-A0XF,TCGA-DM-A0XF-01Z-00-DX1,0,0.04679211,0
non-tumour/TCGA-DM-A0XF-01Z-00-DX1_49664_512.jpg,TCGA-DM-A0XF,TCGA-DM-A0XF-01Z-00-DX1,0,0.01755029,0
non-tumour/TCGA-DM-A0XF-01Z-00-DX1_50176_1024.jpg,TCGA-DM-A0XF,TCGA-DM-A0XF-01Z-00-DX1,0,0.008783052,0
non-tumour/TCGA-DM-A0XF-01Z-00-DX1_50176_39424.jpg,TCGA-DM-A0XF,TCGA-DM-A0XF-01Z-00-DX1,0,0.06539895,0
non-tumour/TCGA-DM-A0XF-01Z-00-DX1_50176_40448.jpg,TCGA-DM-A0XF,TCGA-DM-A0XF-01Z-00-DX1,0,0.00021287454,0
non-tumour/TCGA-DM-A0XF-01Z-00-DX1_50688_38912.jpg,TCGA-DM-A0XF,TCGA-DM-A0XF-01Z-00-DX1,0,0.002932632,0
non-tumour/TCGA-DM-A0XF-01Z-00-DX1_50688_39424.jpg,TCGA-DM-A0XF,TCGA-DM-A0XF-01Z-00-DX1,0,0.013048924,0
non-tumour/TCGA-DM-A0XF-01Z-00-DX1_50688_40448.jpg,TCGA-DM-A0XF,TCGA-DM-A0XF-01Z-00-DX1,0,0.0006622002,0
non-tumour/TCGA-DM-A0XF-01Z-00-DX1_51200_38912.jpg,TCGA-DM-A0XF,TCGA-DM-A0XF-01Z-00-DX1,0,0.00016507551,0
non-tumour/TCGA-DM-A0XF-01Z-00-DX1_51200_39936.jpg,TCGA-DM-A0XF,TCGA-DM-A0XF-01Z-00-DX1,0,0.001996195,0
non-tumour/TCGA-DM-A0XF-01Z-00-DX1_5120_35328.jpg,TCGA-DM-A0XF,TCGA-DM-A0XF-01Z-00-DX1,0,4.6732654e-05,0
non-tumour/TCGA-DM-A0XF-01Z-00-DX1_5120_36352.jpg,TCGA-DM-A0XF,TCGA-DM-A0XF-01Z-00-DX1,0,0.00017914305,0
non-tumour/TCGA-DM-A0XF-01Z-00-DX1_5632_35840.jpg,TCGA-DM-A0XF,TCGA-DM-A0XF-01Z-00-DX1,0,9.40793e-05,0
non-tumour/TCGA-DM-A0XF-01Z-00-DX1_5632_36352.jpg,TCGA-DM-A0XF,TCGA-DM-A0XF-01Z-00-DX1,0,8.446777e-05,0
non-tumour/TCGA-DM-A0XF-01Z-00-DX1_5632_36864.jpg,TCGA-DM-A0XF,TCGA-DM-A0XF-01Z-00-DX1,0,0.0002732346,0
non-tumour/TCGA-DM-A0XF-01Z-00-DX1_6144_36352.jpg,TCGA-DM-A0XF,TCGA-DM-A0XF-01Z-00-DX1,0,0.0017327945,0
non-tumour/TCGA-DM-A0XF-01Z-00-DX1_6144_37376.jpg,TCGA-DM-A0XF,TCGA-DM-A0XF-01Z-00-DX1,0,0.41942075,0
non-tumour/TCGA-DM-A0XF-01Z-00-DX1_6656_36352.jpg,TCGA-DM-A0XF,TCGA-DM-A0XF-01Z-00-DX1,0,0.0021306348,0
non-tumour/TCGA-DM-A0XF-01Z-00-DX1_6656_36864.jpg,TCGA-DM-A0XF,TCGA-DM-A0XF-01Z-00-DX1,0,0.0068554524,0
tumour/TCGA-A6-A56B-01Z-00-DX1_19456_4096.jpg,TCGA-A6-A56B,TCGA-A6-A56B-01Z-00-DX1,1,0.99959916,1
tumour/TCGA-A6-A56B-01Z-00-DX1_19456_4608.jpg,TCGA-A6-A56B,TCGA-A6-A56B-01Z-00-DX1,1,0.9999993,1
tumour/TCGA-A6-A56B-01Z-00-DX1_19968_5120.jpg,TCGA-A6-A56B,TCGA-A6-A56B-01Z-00-DX1,1,0.9999945,1
tumour/TCGA-A6-A56B-01Z-00-DX1_20480_4096.jpg,TCGA-A6-A56B,TCGA-A6-A56B-01Z-00-DX1,1,0.99998343,1
tumour/TCGA-A6-A56B-01Z-00-DX1_20480_7168.jpg,TCGA-A6-A56B,TCGA-A6-A56B-01Z-00-DX1,1,0.9999993,1
tumour/TCGA-A6-A56B-01Z-00-DX1_20992_5632.jpg,TCGA-A6-A56B,TCGA-A6-A56B-01Z-00-DX1,1,0.99999964,1
tumour/TCGA-A6-A56B-01Z-00-DX1_20992_6656.jpg,TCGA-A6-A56B,TCGA-A6-A56B-01Z-00-DX1,1,0.9999981,1
tumour/TCGA-A6-A56B-01Z-00-DX1_20992_7680.jpg,TCGA-A6-A56B,TCGA-A6-A56B-01Z-00-DX1,1,0.99999845,1
tumour/TCGA-A6-A56B-01Z-00-DX1_21504_5120.jpg,TCGA-A6-A56B,TCGA-A6-A56B-01Z-00-DX1,1,0.9999844,1
tumour/TCGA-A6-A56B-01Z-00-DX1_21504_6144.jpg,TCGA-A6-A56B,TCGA-A6-A56B-01Z-00-DX1,1,0.99999964,1
tumour/TCGA-A6-A56B-01Z-00-DX1_21504_6656.jpg,TCGA-A6-A56B,TCGA-A6-A56B-01Z-00-DX1,1,0.99999416,1
tumour/TCGA-A6-A56B-01Z-00-DX1_21504_7680.jpg,TCGA-A6-A56B,TCGA-A6-A56B-01Z-00-DX1,1,0.9997863,1
tumour/TCGA-A6-A56B-01Z-00-DX1_22016_7168.jpg,TCGA-A6-A56B,TCGA-A6-A56B-01Z-00-DX1,1,0.99995995,1
tumour/TCGA-A6-A56B-01Z-00-DX1_23040_6144.jpg,TCGA-A6-A56B,TCGA-A6-A56B-01Z-00-DX1,1,0.9999912,1
tumour/TCGA-A6-A56B-01Z-00-DX1_23040_6656.jpg,TCGA-A6-A56B,TCGA-A6-A56B-01Z-00-DX1,1,0.9999802,1
tumour/TCGA-A6-A56B-01Z-00-DX1_23040_7168.jpg,TCGA-A6-A56B,TCGA-A6-A56B-01Z-00-DX1,1,0.99999833,1
tumour/TCGA-A6-A56B-01Z-00-DX1_23552_7168.jpg,TCGA-A6-A56B,TCGA-A6-A56B-01Z-00-DX1,1,0.9999615,1
tumour/TCGA-A6-A56B-01Z-00-DX1_24064_5632.jpg,TCGA-A6-A56B,TCGA-A6-A56B-01Z-00-DX1,1,0.99952984,1
tumour/TCGA-A6-A56B-01Z-00-DX1_24064_6144.jpg,TCGA-A6-A56B,TCGA-A6-A56B-01Z-00-DX1,1,0.9999895,1
tumour/TCGA-A6-A56B-01Z-00-DX1_24576_5632.jpg,TCGA-A6-A56B,TCGA-A6-A56B-01Z-00-DX1,1,0.9984717,1
tumour/TCGA-A6-A56B-01Z-00-DX1_24576_6656.jpg,TCGA-A6-A56B,TCGA-A6-A56B-01Z-00-DX1,1,0.9994388,1
tumour/TCGA-A6-A56B-01Z-00-DX1_27648_11264.jpg,TCGA-A6-A56B,TCGA-A6-A56B-01Z-00-DX1,1,0.99999714,1
tumour/TCGA-A6-A56B-01Z-00-DX1_28160_10240.jpg,TCGA-A6-A56B,TCGA-A6-A56B-01Z-00-DX1,1,0.9999995,1
tumour/TCGA-A6-A56B-01Z-00-DX1_28160_6656.jpg,TCGA-A6-A56B,TCGA-A6-A56B-01Z-00-DX1,1,0.9999434,1
tumour/TCGA-A6-A56B-01Z-00-DX1_28160_9728.jpg,TCGA-A6-A56B,TCGA-A6-A56B-01Z-00-DX1,1,1.0,1
tumour/TCGA-A6-A56B-01Z-00-DX1_28672_10752.jpg,TCGA-A6-A56B,TCGA-A6-A56B-01Z-00-DX1,1,0.9999995,1
tumour/TCGA-A6-A56B-01Z-00-DX1_28672_17408.jpg,TCGA-A6-A56B,TCGA-A6-A56B-01Z-00-DX1,1,0.999992,1
tumour/TCGA-A6-A56B-01Z-00-DX1_28672_7168.jpg,TCGA-A6-A56B,TCGA-A6-A56B-01Z-00-DX1,1,0.9999771,1
tumour/TCGA-A6-A56B-01Z-00-DX1_28672_9216.jpg,TCGA-A6-A56B,TCGA-A6-A56B-01Z-00-DX1,1,1.0,1
tumour/TCGA-A6-A56B-01Z-00-DX1_29184_10752.jpg,TCGA-A6-A56B,TCGA-A6-A56B-01Z-00-DX1,1,0.99999547,1
tumour/TCGA-A6-A56B-01Z-00-DX1_29184_18432.jpg,TCGA-A6-A56B,TCGA-A6-A56B-01Z-00-DX1,1,0.9999932,1
tumour/TCGA-A6-A56B-01Z-00-DX1_29184_18944.jpg,TCGA-A6-A56B,TCGA-A6-A56B-01Z-00-DX1,1,0.9999933,1
tumour/TCGA-A6-A56B-01Z-00-DX1_29184_6656.jpg,TCGA-A6-A56B,TCGA-A6-A56B-01Z-00-DX1,1,0.9999782,1
tumour/TCGA-A6-A56B-01Z-00-DX1_29184_7168.jpg,TCGA-A6-A56B,TCGA-A6-A56B-01Z-00-DX1,1,0.99999964,1
tumour/TCGA-A6-A56B-01Z-00-DX1_29184_9216.jpg,TCGA-A6-A56B,TCGA-A6-A56B-01Z-00-DX1,1,0.99995434,1
tumour/TCGA-A6-A56B-01Z-00-DX1_29184_9728.jpg,TCGA-A6-A56B,TCGA-A6-A56B-01Z-00-DX1,1,0.99997056,1
tumour/TCGA-A6-A56B-01Z-00-DX1_29696_16384.jpg,TCGA-A6-A56B,TCGA-A6-A56B-01Z-00-DX1,1,0.99999535,1
tumour/TCGA-A6-A56B-01Z-00-DX1_29696_18432.jpg,TCGA-A6-A56B,TCGA-A6-A56B-01Z-00-DX1,1,0.99992406,1
tumour/TCGA-A6-A56B-01Z-00-DX1_29696_18944.jpg,TCGA-A6-A56B,TCGA-A6-A56B-01Z-00-DX1,1,0.9998982,1
tumour/TCGA-A6-A56B-01Z-00-DX1_29696_6144.jpg,TCGA-A6-A56B,TCGA-A6-A56B-01Z-00-DX1,1,1.0,1
tumour/TCGA-A6-A56B-01Z-00-DX1_29696_7168.jpg,TCGA-A6-A56B,TCGA-A6-A56B-01Z-00-DX1,1,0.99997795,1
tumour/TCGA-A6-A56B-01Z-00-DX1_29696_8192.jpg,TCGA-A6-A56B,TCGA-A6-A56B-01Z-00-DX1,1,0.99998426,1
tumour/TCGA-A6-A56B-01Z-00-DX1_30208_10752.jpg,TCGA-A6-A56B,TCGA-A6-A56B-01Z-00-DX1,1,0.99999714,1
tumour/TCGA-A6-A56B-01Z-00-DX1_30208_16896.jpg,TCGA-A6-A56B,TCGA-A6-A56B-01Z-00-DX1,1,0.99994266,1
tumour/TCGA-A6-A56B-01Z-00-DX1_30208_17408.jpg,TCGA-A6-A56B,TCGA-A6-A56B-01Z-00-DX1,1,0.9999776,1
tumour/TCGA-A6-A56B-01Z-00-DX1_30208_17920.jpg,TCGA-A6-A56B,TCGA-A6-A56B-01Z-00-DX1,1,0.9999964,1
tumour/TCGA-A6-A56B-01Z-00-DX1_30208_18432.jpg,TCGA-A6-A56B,TCGA-A6-A56B-01Z-00-DX1,1,0.99999833,1
tumour/TCGA-A6-A56B-01Z-00-DX1_30208_18944.jpg,TCGA-A6-A56B,TCGA-A6-A56B-01Z-00-DX1,1,0.9999987,1
tumour/TCGA-A6-A56B-01Z-00-DX1_30208_6144.jpg,TCGA-A6-A56B,TCGA-A6-A56B-01Z-00-DX1,1,0.99998426,1
tumour/TCGA-A6-A56B-01Z-00-DX1_30208_7168.jpg,TCGA-A6-A56B,TCGA-A6-A56B-01Z-00-DX1,1,0.9999999,1
tumour/TCGA-A6-A56B-01Z-00-DX1_30208_8192.jpg,TCGA-A6-A56B,TCGA-A6-A56B-01Z-00-DX1,1,0.9999734,1
tumour/TCGA-A6-A56B-01Z-00-DX1_30208_8704.jpg,TCGA-A6-A56B,TCGA-A6-A56B-01Z-00-DX1,1,0.9999937,1
tumour/TCGA-A6-A56B-01Z-00-DX1_30208_9216.jpg,TCGA-A6-A56B,TCGA-A6-A56B-01Z-00-DX1,1,0.9999862,1
tumour/TCGA-A6-A56B-01Z-00-DX1_30208_9728.jpg,TCGA-A6-A56B,TCGA-A6-A56B-01Z-00-DX1,1,0.9999869,1
tumour/TCGA-A6-A56B-01Z-00-DX1_30720_10240.jpg,TCGA-A6-A56B,TCGA-A6-A56B-01Z-00-DX1,1,0.9999808,1
tumour/TCGA-A6-A56B-01Z-00-DX1_30720_16384.jpg,TCGA-A6-A56B,TCGA-A6-A56B-01Z-00-DX1,1,0.9999987,1
tumour/TCGA-A6-A56B-01Z-00-DX1_30720_17920.jpg,TCGA-A6-A56B,TCGA-A6-A56B-01Z-00-DX1,1,0.9999988,1
tumour/TCGA-A6-A56B-01Z-00-DX1_30720_7168.jpg,TCGA-A6-A56B,TCGA-A6-A56B-01Z-00-DX1,1,0.99999523,1
tumour/TCGA-A6-A56B-01Z-00-DX1_30720_7680.jpg,TCGA-A6-A56B,TCGA-A6-A56B-01Z-00-DX1,1,0.9997547,1
tumour/TCGA-A6-A56B-01Z-00-DX1_30720_8192.jpg,TCGA-A6-A56B,TCGA-A6-A56B-01Z-00-DX1,1,0.99999547,1
tumour/TCGA-A6-A56B-01Z-00-DX1_30720_8704.jpg,TCGA-A6-A56B,TCGA-A6-A56B-01Z-00-DX1,1,0.99999964,1
tumour/TCGA-A6-A56B-01Z-00-DX1_30720_9728.jpg,TCGA-A6-A56B,TCGA-A6-A56B-01Z-00-DX1,1,0.99999726,1
tumour/TCGA-A6-A56B-01Z-00-DX1_31232_10752.jpg,TCGA-A6-A56B,TCGA-A6-A56B-01Z-00-DX1,1,0.99982953,1
tumour/TCGA-A6-A56B-01Z-00-DX1_31232_6656.jpg,TCGA-A6-A56B,TCGA-A6-A56B-01Z-00-DX1,1,0.99998856,1
tumour/TCGA-A6-A56B-01Z-00-DX1_31744_7680.jpg,TCGA-A6-A56B,TCGA-A6-A56B-01Z-00-DX1,1,0.9999794,1
tumour/TCGA-A6-A56B-01Z-00-DX1_31744_9728.jpg,TCGA-A6-A56B,TCGA-A6-A56B-01Z-00-DX1,1,0.99997866,1
tumour/TCGA-A6-A56B-01Z-00-DX1_32256_7168.jpg,TCGA-A6-A56B,TCGA-A6-A56B-01Z-00-DX1,1,0.9999348,1
tumour/TCGA-A6-A56B-01Z-00-DX1_32256_7680.jpg,TCGA-A6-A56B,TCGA-A6-A56B-01Z-00-DX1,1,0.99999535,1
tumour/TCGA-A6-A56B-01Z-00-DX1_32256_8192.jpg,TCGA-A6-A56B,TCGA-A6-A56B-01Z-00-DX1,1,0.9999682,1
tumour/TCGA-AG-4015-01Z-00-DX1_10240_11776.jpg,TCGA-AG-4015,TCGA-AG-4015-01Z-00-DX1,1,0.9999074,1
tumour/TCGA-AG-4015-01Z-00-DX1_10240_12800.jpg,TCGA-AG-4015,TCGA-AG-4015-01Z-00-DX1,1,0.9999994,1
tumour/TCGA-AG-4015-01Z-00-DX1_10240_13824.jpg,TCGA-AG-4015,TCGA-AG-4015-01Z-00-DX1,1,0.9998573,1
tumour/TCGA-AG-4015-01Z-00-DX1_10240_14848.jpg,TCGA-AG-4015,TCGA-AG-4015-01Z-00-DX1,1,0.99999964,1
tumour/TCGA-AG-4015-01Z-00-DX1_10752_12288.jpg,TCGA-AG-4015,TCGA-AG-4015-01Z-00-DX1,1,0.9999906,1
tumour/TCGA-AG-4015-01Z-00-DX1_10752_12800.jpg,TCGA-AG-4015,TCGA-AG-4015-01Z-00-DX1,1,0.9999089,1
tumour/TCGA-AG-4015-01Z-00-DX1_10752_13824.jpg,TCGA-AG-4015,TCGA-AG-4015-01Z-00-DX1,1,0.99927455,1
tumour/TCGA-AG-4015-01Z-00-DX1_10752_14848.jpg,TCGA-AG-4015,TCGA-AG-4015-01Z-00-DX1,1,0.9982828,1
tumour/TCGA-AG-4015-01Z-00-DX1_10752_15872.jpg,TCGA-AG-4015,TCGA-AG-4015-01Z-00-DX1,1,0.9997726,1
tumour/TCGA-AG-4015-01Z-00-DX1_11264_14336.jpg,TCGA-AG-4015,TCGA-AG-4015-01Z-00-DX1,1,0.9998272,1
tumour/TCGA-AG-4015-01Z-00-DX1_13312_11264.jpg,TCGA-AG-4015,TCGA-AG-4015-01Z-00-DX1,1,0.99974936,1
tumour/TCGA-AG-4015-01Z-00-DX1_13824_11264.jpg,TCGA-AG-4015,TCGA-AG-4015-01Z-00-DX1,1,0.99993813,1
tumour/TCGA-AG-4015-01Z-00-DX1_13824_11776.jpg,TCGA-AG-4015,TCGA-AG-4015-01Z-00-DX1,1,0.9999906,1
tumour/TCGA-AG-4015-01Z-00-DX1_13824_12800.jpg,TCGA-AG-4015,TCGA-AG-4015-01Z-00-DX1,1,0.9896265,1
tumour/TCGA-AG-4015-01Z-00-DX1_14336_10752.jpg,TCGA-AG-4015,TCGA-AG-4015-01Z-00-DX1,1,0.99999475,1
tumour/TCGA-AG-4015-01Z-00-DX1_14336_11264.jpg,TCGA-AG-4015,TCGA-AG-4015-01Z-00-DX1,1,0.9999112,1
tumour/TCGA-AG-4015-01Z-00-DX1_14336_12800.jpg,TCGA-AG-4015,TCGA-AG-4015-01Z-00-DX1,1,0.99999833,1
tumour/TCGA-AG-4015-01Z-00-DX1_14336_13312.jpg,TCGA-AG-4015,TCGA-AG-4015-01Z-00-DX1,1,0.99996364,1
tumour/TCGA-AG-4015-01Z-00-DX1_14336_14336.jpg,TCGA-AG-4015,TCGA-AG-4015-01Z-00-DX1,1,0.9999089,1
tumour/TCGA-AG-4015-01Z-00-DX1_14336_14848.jpg,TCGA-AG-4015,TCGA-AG-4015-01Z-00-DX1,1,0.99950635,1
tumour/TCGA-AG-4015-01Z-00-DX1_14336_15360.jpg,TCGA-AG-4015,TCGA-AG-4015-01Z-00-DX1,1,0.9246451,1
tumour/TCGA-AG-4015-01Z-00-DX1_14848_11264.jpg,TCGA-AG-4015,TCGA-AG-4015-01Z-00-DX1,1,0.993421,1
tumour/TCGA-AG-4015-01Z-00-DX1_14848_12288.jpg,TCGA-AG-4015,TCGA-AG-4015-01Z-00-DX1,1,0.99992275,1
tumour/TCGA-AG-4015-01Z-00-DX1_14848_13312.jpg,TCGA-AG-4015,TCGA-AG-4015-01Z-00-DX1,1,0.99997497,1
tumour/TCGA-AG-4015-01Z-00-DX1_14848_15360.jpg,TCGA-AG-4015,TCGA-AG-4015-01Z-00-DX1,1,0.99654406,1
tumour/TCGA-AG-4015-01Z-00-DX1_15360_11264.jpg,TCGA-AG-4015,TCGA-AG-4015-01Z-00-DX1,1,0.99837273,1
tumour/TCGA-AG-4015-01Z-00-DX1_15360_12288.jpg,TCGA-AG-4015,TCGA-AG-4015-01Z-00-DX1,1,0.99999917,1
tumour/TCGA-AG-4015-01Z-00-DX1_4096_10240.jpg,TCGA-AG-4015,TCGA-AG-4015-01Z-00-DX1,1,0.98672277,1
tumour/TCGA-AG-4015-01Z-00-DX1_4096_11264.jpg,TCGA-AG-4015,TCGA-AG-4015-01Z-00-DX1,1,0.99952006,1
tumour/TCGA-AG-4015-01Z-00-DX1_4096_9728.jpg,TCGA-AG-4015,TCGA-AG-4015-01Z-00-DX1,1,0.7707208,1
tumour/TCGA-AG-4015-01Z-00-DX1_4608_10240.jpg,TCGA-AG-4015,TCGA-AG-4015-01Z-00-DX1,1,0.99954444,1
tumour/TCGA-AG-4015-01Z-00-DX1_4608_11264.jpg,TCGA-AG-4015,TCGA-AG-4015-01Z-00-DX1,1,0.99997246,1
tumour/TCGA-AG-4015-01Z-00-DX1_4608_6656.jpg,TCGA-AG-4015,TCGA-AG-4015-01Z-00-DX1,1,0.9999995,1
tumour/TCGA-AG-4015-01Z-00-DX1_4608_7168.jpg,TCGA-AG-4015,TCGA-AG-4015-01Z-00-DX1,1,0.9998134,1
tumour/TCGA-AG-4015-01Z-00-DX1_4608_7680.jpg,TCGA-AG-4015,TCGA-AG-4015-01Z-00-DX1,1,0.999788,1
tumour/TCGA-AG-4015-01Z-00-DX1_4608_8192.jpg,TCGA-AG-4015,TCGA-AG-4015-01Z-00-DX1,1,0.99515605,1
tumour/TCGA-AG-4015-01Z-00-DX1_4608_9216.jpg,TCGA-AG-4015,TCGA-AG-4015-01Z-00-DX1,1,0.9997179,1
tumour/TCGA-AG-4015-01Z-00-DX1_4608_9728.jpg,TCGA-AG-4015,TCGA-AG-4015-01Z-00-DX1,1,0.9996793,1
tumour/TCGA-AG-4015-01Z-00-DX1_5120_10240.jpg,TCGA-AG-4015,TCGA-AG-4015-01Z-00-DX1,1,0.9997676,1
tumour/TCGA-AG-4015-01Z-00-DX1_5120_11776.jpg,TCGA-AG-4015,TCGA-AG-4015-01Z-00-DX1,1,0.99912375,1
tumour/TCGA-AG-4015-01Z-00-DX1_5120_13312.jpg,TCGA-AG-4015,TCGA-AG-4015-01Z-00-DX1,1,0.028130094,0
tumour/TCGA-AG-4015-01Z-00-DX1_5120_13824.jpg,TCGA-AG-4015,TCGA-AG-4015-01Z-00-DX1,1,0.98790586,1
tumour/TCGA-AG-4015-01Z-00-DX1_5120_5632.jpg,TCGA-AG-4015,TCGA-AG-4015-01Z-00-DX1,1,0.99999964,1
tumour/TCGA-AG-4015-01Z-00-DX1_5120_6656.jpg,TCGA-AG-4015,TCGA-AG-4015-01Z-00-DX1,1,0.99997497,1
tumour/TCGA-AG-4015-01Z-00-DX1_5120_7168.jpg,TCGA-AG-4015,TCGA-AG-4015-01Z-00-DX1,1,0.99998426,1
tumour/TCGA-AG-4015-01Z-00-DX1_5120_7680.jpg,TCGA-AG-4015,TCGA-AG-4015-01Z-00-DX1,1,0.99999046,1
tumour/TCGA-AG-4015-01Z-00-DX1_5120_9728.jpg,TCGA-AG-4015,TCGA-AG-4015-01Z-00-DX1,1,0.99998724,1
tumour/TCGA-AG-4015-01Z-00-DX1_5632_10240.jpg,TCGA-AG-4015,TCGA-AG-4015-01Z-00-DX1,1,0.99962294,1
tumour/TCGA-AG-4015-01Z-00-DX1_5632_10752.jpg,TCGA-AG-4015,TCGA-AG-4015-01Z-00-DX1,1,0.9999465,1
tumour/TCGA-AG-4015-01Z-00-DX1_5632_12800.jpg,TCGA-AG-4015,TCGA-AG-4015-01Z-00-DX1,1,0.99990964,1
tumour/TCGA-AG-4015-01Z-00-DX1_5632_5120.jpg,TCGA-AG-4015,TCGA-AG-4015-01Z-00-DX1,1,0.9999552,1
tumour/TCGA-AG-4015-01Z-00-DX1_5632_6656.jpg,TCGA-AG-4015,TCGA-AG-4015-01Z-00-DX1,1,0.9999981,1
tumour/TCGA-AG-4015-01Z-00-DX1_5632_7168.jpg,TCGA-AG-4015,TCGA-AG-4015-01Z-00-DX1,1,0.9999987,1
tumour/TCGA-AG-4015-01Z-00-DX1_5632_7680.jpg,TCGA-AG-4015,TCGA-AG-4015-01Z-00-DX1,1,0.9998914,1
tumour/TCGA-AG-4015-01Z-00-DX1_5632_8704.jpg,TCGA-AG-4015,TCGA-AG-4015-01Z-00-DX1,1,0.99994004,1
tumour/TCGA-AG-4015-01Z-00-DX1_5632_9728.jpg,TCGA-AG-4015,TCGA-AG-4015-01Z-00-DX1,1,0.99964464,1
tumour/TCGA-AG-4015-01Z-00-DX1_6144_10240.jpg,TCGA-AG-4015,TCGA-AG-4015-01Z-00-DX1,1,0.9999622,1
tumour/TCGA-AG-4015-01Z-00-DX1_6144_10752.jpg,TCGA-AG-4015,TCGA-AG-4015-01Z-00-DX1,1,0.99997926,1
tumour/TCGA-AG-4015-01Z-00-DX1_6144_11264.jpg,TCGA-AG-4015,TCGA-AG-4015-01Z-00-DX1,1,0.9999981,1
tumour/TCGA-AG-4015-01Z-00-DX1_6144_11776.jpg,TCGA-AG-4015,TCGA-AG-4015-01Z-00-DX1,1,0.9993026,1
tumour/TCGA-AG-4015-01Z-00-DX1_6144_12288.jpg,TCGA-AG-4015,TCGA-AG-4015-01Z-00-DX1,1,0.99999416,1
tumour/TCGA-AG-4015-01Z-00-DX1_6144_12800.jpg,TCGA-AG-4015,TCGA-AG-4015-01Z-00-DX1,1,0.9999689,1
tumour/TCGA-AG-4015-01Z-00-DX1_6144_13824.jpg,TCGA-AG-4015,TCGA-AG-4015-01Z-00-DX1,1,0.9994462,1
tumour/TCGA-AG-4015-01Z-00-DX1_6144_14336.jpg,TCGA-AG-4015,TCGA-AG-4015-01Z-00-DX1,1,0.9669142,1
tumour/TCGA-AG-4015-01Z-00-DX1_6144_4608.jpg,TCGA-AG-4015,TCGA-AG-4015-01Z-00-DX1,1,0.9999726,1
tumour/TCGA-AG-4015-01Z-00-DX1_6144_7168.jpg,TCGA-AG-4015,TCGA-AG-4015-01Z-00-DX1,1,0.99999917,1
tumour/TCGA-AG-4015-01Z-00-DX1_6144_9216.jpg,TCGA-AG-4015,TCGA-AG-4015-01Z-00-DX1,1,0.99996555,1
tumour/TCGA-AG-4015-01Z-00-DX1_6656_10240.jpg,TCGA-AG-4015,TCGA-AG-4015-01Z-00-DX1,1,0.99998045,1
tumour/TCGA-AG-4015-01Z-00-DX1_6656_11264.jpg,TCGA-AG-4015,TCGA-AG-4015-01Z-00-DX1,1,0.9999572,1
tumour/TCGA-AG-4015-01Z-00-DX1_6656_11776.jpg,TCGA-AG-4015,TCGA-AG-4015-01Z-00-DX1,1,0.9999819,1
tumour/TCGA-AG-4015-01Z-00-DX1_6656_12288.jpg,TCGA-AG-4015,TCGA-AG-4015-01Z-00-DX1,1,0.9999608,1
tumour/TCGA-AG-4015-01Z-00-DX1_6656_12800.jpg,TCGA-AG-4015,TCGA-AG-4015-01Z-00-DX1,1,0.9999919,1
tumour/TCGA-AG-4015-01Z-00-DX1_6656_13312.jpg,TCGA-AG-4015,TCGA-AG-4015-01Z-00-DX1,1,0.9999653,1
tumour/TCGA-AG-4015-01Z-00-DX1_6656_4608.jpg,TCGA-AG-4015,TCGA-AG-4015-01Z-00-DX1,1,0.9999938,1
tumour/TCGA-AG-4015-01Z-00-DX1_6656_5120.jpg,TCGA-AG-4015,TCGA-AG-4015-01Z-00-DX1,1,0.999984,1
tumour/TCGA-AG-4015-01Z-00-DX1_6656_6144.jpg,TCGA-AG-4015,TCGA-AG-4015-01Z-00-DX1,1,0.99985075,1
tumour/TCGA-AG-4015-01Z-00-DX1_6656_7168.jpg,TCGA-AG-4015,TCGA-AG-4015-01Z-00-DX1,1,0.99999976,1
tumour/TCGA-AG-4015-01Z-00-DX1_6656_7680.jpg,TCGA-AG-4015,TCGA-AG-4015-01Z-00-DX1,1,0.999987,1
tumour/TCGA-AG-4015-01Z-00-DX1_6656_9216.jpg,TCGA-AG-4015,TCGA-AG-4015-01Z-00-DX1,1,0.99999976,1
tumour/TCGA-AG-4015-01Z-00-DX1_7168_11776.jpg,TCGA-AG-4015,TCGA-AG-4015-01Z-00-DX1,1,0.99998426,1
tumour/TCGA-AG-4015-01Z-00-DX1_7168_12288.jpg,TCGA-AG-4015,TCGA-AG-4015-01Z-00-DX1,1,0.9997676,1
tumour/TCGA-AG-4015-01Z-00-DX1_7168_12800.jpg,TCGA-AG-4015,TCGA-AG-4015-01Z-00-DX1,1,0.99999845,1
tumour/TCGA-AG-4015-01Z-00-DX1_7168_13312.jpg,TCGA-AG-4015,TCGA-AG-4015-01Z-00-DX1,1,0.9999913,1
tumour/TCGA-AG-4015-01Z-00-DX1_7168_13824.jpg,TCGA-AG-4015,TCGA-AG-4015-01Z-00-DX1,1,0.99884856,1
tumour/TCGA-AG-4015-01Z-00-DX1_7168_6144.jpg,TCGA-AG-4015,TCGA-AG-4015-01Z-00-DX1,1,0.9974261,1
tumour/TCGA-AG-4015-01Z-00-DX1_7168_7168.jpg,TCGA-AG-4015,TCGA-AG-4015-01Z-00-DX1,1,0.9999788,1
tumour/TCGA-AG-4015-01Z-00-DX1_7168_8192.jpg,TCGA-AG-4015,TCGA-AG-4015-01Z-00-DX1,1,0.99999917,1
tumour/TCGA-AG-4015-01Z-00-DX1_7168_8704.jpg,TCGA-AG-4015,TCGA-AG-4015-01Z-00-DX1,1,0.9996152,1
tumour/TCGA-AG-4015-01Z-00-DX1_7168_9216.jpg,TCGA-AG-4015,TCGA-AG-4015-01Z-00-DX1,1,0.99970657,1
tumour/TCGA-AG-4015-01Z-00-DX1_7680_12288.jpg,TCGA-AG-4015,TCGA-AG-4015-01Z-00-DX1,1,0.99998736,1
tumour/TCGA-AG-4015-01Z-00-DX1_7680_12800.jpg,TCGA-AG-4015,TCGA-AG-4015-01Z-00-DX1,1,0.99996793,1
tumour/TCGA-AG-4015-01Z-00-DX1_7680_13312.jpg,TCGA-AG-4015,TCGA-AG-4015-01Z-00-DX1,1,0.9999927,1
tumour/TCGA-AG-4015-01Z-00-DX1_7680_13824.jpg,TCGA-AG-4015,TCGA-AG-4015-01Z-00-DX1,1,0.9999958,1
tumour/TCGA-AG-4015-01Z-00-DX1_7680_7680.jpg,TCGA-AG-4015,TCGA-AG-4015-01Z-00-DX1,1,0.9999949,1
tumour/TCGA-AG-4015-01Z-00-DX1_7680_8192.jpg,TCGA-AG-4015,TCGA-AG-4015-01Z-00-DX1,1,0.99836737,1
tumour/TCGA-AG-4015-01Z-00-DX1_7680_8704.jpg,TCGA-AG-4015,TCGA-AG-4015-01Z-00-DX1,1,0.9998166,1
tumour/TCGA-AG-4015-01Z-00-DX1_7680_9728.jpg,TCGA-AG-4015,TCGA-AG-4015-01Z-00-DX1,1,0.9999883,1
tumour/TCGA-AG-4015-01Z-00-DX1_8192_11776.jpg,TCGA-AG-4015,TCGA-AG-4015-01Z-00-DX1,1,0.9999906,1
tumour/TCGA-AG-4015-01Z-00-DX1_8192_12800.jpg,TCGA-AG-4015,TCGA-AG-4015-01Z-00-DX1,1,0.9996611,1
tumour/TCGA-AG-4015-01Z-00-DX1_8192_13824.jpg,TCGA-AG-4015,TCGA-AG-4015-01Z-00-DX1,1,0.99993706,1
tumour/TCGA-AG-4015-01Z-00-DX1_8192_14336.jpg,TCGA-AG-4015,TCGA-AG-4015-01Z-00-DX1,1,0.99968386,1
tumour/TCGA-AG-4015-01Z-00-DX1_8192_14848.jpg,TCGA-AG-4015,TCGA-AG-4015-01Z-00-DX1,1,0.9999925,1
tumour/TCGA-AG-4015-01Z-00-DX1_8704_12288.jpg,TCGA-AG-4015,TCGA-AG-4015-01Z-00-DX1,1,0.99996805,1
tumour/TCGA-AG-4015-01Z-00-DX1_8704_12800.jpg,TCGA-AG-4015,TCGA-AG-4015-01Z-00-DX1,1,0.99997437,1
tumour/TCGA-AG-4015-01Z-00-DX1_8704_13312.jpg,TCGA-AG-4015,TCGA-AG-4015-01Z-00-DX1,1,0.9999813,1
tumour/TCGA-AG-4015-01Z-00-DX1_8704_13824.jpg,TCGA-AG-4015,TCGA-AG-4015-01Z-00-DX1,1,0.9992761,1
tumour/TCGA-AG-4015-01Z-00-DX1_8704_14336.jpg,TCGA-AG-4015,TCGA-AG-4015-01Z-00-DX1,1,0.99971825,1
tumour/TCGA-AG-4015-01Z-00-DX1_8704_14848.jpg,TCGA-AG-4015,TCGA-AG-4015-01Z-00-DX1,1,0.99932253,1
tumour/TCGA-AG-4015-01Z-00-DX1_9216_13312.jpg,TCGA-AG-4015,TCGA-AG-4015-01Z-00-DX1,1,0.9999826,1
tumour/TCGA-AG-4015-01Z-00-DX1_9216_15360.jpg,TCGA-AG-4015,TCGA-AG-4015-01Z-00-DX1,1,0.9999641,1
tumour/TCGA-AG-4015-01Z-00-DX1_9728_12800.jpg,TCGA-AG-4015,TCGA-AG-4015-01Z-00-DX1,1,0.99998844,1
tumour/TCGA-AG-4015-01Z-00-DX1_9728_13824.jpg,TCGA-AG-4015,TCGA-AG-4015-01Z-00-DX1,1,0.9999896,1
tumour/TCGA-AG-4015-01Z-00-DX1_9728_14848.jpg,TCGA-AG-4015,TCGA-AG-4015-01Z-00-DX1,1,0.9999225,1
tumour/TCGA-CK-6751-01Z-00-DX1_10240_10240.jpg,TCGA-CK-6751,TCGA-CK-6751-01Z-00-DX1,1,0.9999957,1
tumour/TCGA-CK-6751-01Z-00-DX1_10240_21504.jpg,TCGA-CK-6751,TCGA-CK-6751-01Z-00-DX1,1,0.99998057,1
tumour/TCGA-CK-6751-01Z-00-DX1_10240_8192.jpg,TCGA-CK-6751,TCGA-CK-6751-01Z-00-DX1,1,0.99994326,1
tumour/TCGA-CK-6751-01Z-00-DX1_10240_8704.jpg,TCGA-CK-6751,TCGA-CK-6751-01Z-00-DX1,1,0.9999974,1
tumour/TCGA-CK-6751-01Z-00-DX1_10240_9728.jpg,TCGA-CK-6751,TCGA-CK-6751-01Z-00-DX1,1,0.999897,1
tumour/TCGA-CK-6751-01Z-00-DX1_10752_10752.jpg,TCGA-CK-6751,TCGA-CK-6751-01Z-00-DX1,1,0.9941854,1
tumour/TCGA-CK-6751-01Z-00-DX1_10752_19456.jpg,TCGA-CK-6751,TCGA-CK-6751-01Z-00-DX1,1,0.9990238,1
tumour/TCGA-CK-6751-01Z-00-DX1_10752_19968.jpg,TCGA-CK-6751,TCGA-CK-6751-01Z-00-DX1,1,0.9998838,1
tumour/TCGA-CK-6751-01Z-00-DX1_10752_20480.jpg,TCGA-CK-6751,TCGA-CK-6751-01Z-00-DX1,1,0.9996855,1
tumour/TCGA-CK-6751-01Z-00-DX1_10752_8704.jpg,TCGA-CK-6751,TCGA-CK-6751-01Z-00-DX1,1,0.9999951,1
tumour/TCGA-CK-6751-01Z-00-DX1_10752_9728.jpg,TCGA-CK-6751,TCGA-CK-6751-01Z-00-DX1,1,0.9999988,1
tumour/TCGA-CK-6751-01Z-00-DX1_11264_10240.jpg,TCGA-CK-6751,TCGA-CK-6751-01Z-00-DX1,1,0.9996853,1
tumour/TCGA-CK-6751-01Z-00-DX1_11264_8192.jpg,TCGA-CK-6751,TCGA-CK-6751-01Z-00-DX1,1,0.9999373,1
tumour/TCGA-CK-6751-01Z-00-DX1_11264_8704.jpg,TCGA-CK-6751,TCGA-CK-6751-01Z-00-DX1,1,0.99648005,1
tumour/TCGA-CK-6751-01Z-00-DX1_11264_9216.jpg,TCGA-CK-6751,TCGA-CK-6751-01Z-00-DX1,1,0.99246395,1
tumour/TCGA-CK-6751-01Z-00-DX1_11776_19968.jpg,TCGA-CK-6751,TCGA-CK-6751-01Z-00-DX1,1,0.999877,1
tumour/TCGA-CK-6751-01Z-00-DX1_11776_7168.jpg,TCGA-CK-6751,TCGA-CK-6751-01Z-00-DX1,1,0.99996626,1
tumour/TCGA-CK-6751-01Z-00-DX1_11776_7680.jpg,TCGA-CK-6751,TCGA-CK-6751-01Z-00-DX1,1,0.999589,1
tumour/TCGA-CK-6751-01Z-00-DX1_11776_8704.jpg,TCGA-CK-6751,TCGA-CK-6751-01Z-00-DX1,1,0.9999199,1
tumour/TCGA-CK-6751-01Z-00-DX1_11776_9216.jpg,TCGA-CK-6751,TCGA-CK-6751-01Z-00-DX1,1,0.99795085,1
tumour/TCGA-CK-6751-01Z-00-DX1_11776_9728.jpg,TCGA-CK-6751,TCGA-CK-6751-01Z-00-DX1,1,0.99973875,1
tumour/TCGA-CK-6751-01Z-00-DX1_12288_7680.jpg,TCGA-CK-6751,TCGA-CK-6751-01Z-00-DX1,1,0.9935162,1
tumour/TCGA-CK-6751-01Z-00-DX1_12288_8704.jpg,TCGA-CK-6751,TCGA-CK-6751-01Z-00-DX1,1,0.99955446,1
tumour/TCGA-CK-6751-01Z-00-DX1_12800_19968.jpg,TCGA-CK-6751,TCGA-CK-6751-01Z-00-DX1,1,0.99889106,1
tumour/TCGA-CK-6751-01Z-00-DX1_12800_7168.jpg,TCGA-CK-6751,TCGA-CK-6751-01Z-00-DX1,1,0.9999529,1
tumour/TCGA-CK-6751-01Z-00-DX1_12800_9216.jpg,TCGA-CK-6751,TCGA-CK-6751-01Z-00-DX1,1,0.9999237,1
tumour/TCGA-CK-6751-01Z-00-DX1_12800_9728.jpg,TCGA-CK-6751,TCGA-CK-6751-01Z-00-DX1,1,0.9998988,1
tumour/TCGA-CK-6751-01Z-00-DX1_13312_7680.jpg,TCGA-CK-6751,TCGA-CK-6751-01Z-00-DX1,1,0.99999654,1
tumour/TCGA-CK-6751-01Z-00-DX1_13312_8192.jpg,TCGA-CK-6751,TCGA-CK-6751-01Z-00-DX1,1,0.9999957,1
tumour/TCGA-CK-6751-01Z-00-DX1_13312_9216.jpg,TCGA-CK-6751,TCGA-CK-6751-01Z-00-DX1,1,0.99836737,1
tumour/TCGA-CK-6751-01Z-00-DX1_13824_7680.jpg,TCGA-CK-6751,TCGA-CK-6751-01Z-00-DX1,1,0.99993575,1
tumour/TCGA-CK-6751-01Z-00-DX1_13824_8704.jpg,TCGA-CK-6751,TCGA-CK-6751-01Z-00-DX1,1,0.9968755,1
tumour/TCGA-CK-6751-01Z-00-DX1_13824_9216.jpg,TCGA-CK-6751,TCGA-CK-6751-01Z-00-DX1,1,0.9993241,1
tumour/TCGA-CK-6751-01Z-00-DX1_14336_10240.jpg,TCGA-CK-6751,TCGA-CK-6751-01Z-00-DX1,1,0.9997291,1
tumour/TCGA-CK-6751-01Z-00-DX1_14336_7168.jpg,TCGA-CK-6751,TCGA-CK-6751-01Z-00-DX1,1,0.9989819,1
tumour/TCGA-CK-6751-01Z-00-DX1_14336_9728.jpg,TCGA-CK-6751,TCGA-CK-6751-01Z-00-DX1,1,0.99988663,1
tumour/TCGA-CK-6751-01Z-00-DX1_14848_10240.jpg,TCGA-CK-6751,TCGA-CK-6751-01Z-00-DX1,1,0.99988663,1
tumour/TCGA-CK-6751-01Z-00-DX1_14848_6656.jpg,TCGA-CK-6751,TCGA-CK-6751-01Z-00-DX1,1,0.9999999,1
tumour/TCGA-CK-6751-01Z-00-DX1_14848_7168.jpg,TCGA-CK-6751,TCGA-CK-6751-01Z-00-DX1,1,0.98193043,1
tumour/TCGA-CK-6751-01Z-00-DX1_14848_8704.jpg,TCGA-CK-6751,TCGA-CK-6751-01Z-00-DX1,1,0.9999981,1
tumour/TCGA-CK-6751-01Z-00-DX1_14848_9216.jpg,TCGA-CK-6751,TCGA-CK-6751-01Z-00-DX1,1,0.9997757,1
tumour/TCGA-CK-6751-01Z-00-DX1_15360_10240.jpg,TCGA-CK-6751,TCGA-CK-6751-01Z-00-DX1,1,0.9999963,1
tumour/TCGA-CK-6751-01Z-00-DX1_15360_7680.jpg,TCGA-CK-6751,TCGA-CK-6751-01Z-00-DX1,1,0.9973711,1
tumour/TCGA-CK-6751-01Z-00-DX1_15360_8192.jpg,TCGA-CK-6751,TCGA-CK-6751-01Z-00-DX1,1,0.936667,1
tumour/TCGA-CK-6751-01Z-00-DX1_15360_9728.jpg,TCGA-CK-6751,TCGA-CK-6751-01Z-00-DX1,1,0.9999026,1
tumour/TCGA-CK-6751-01Z-00-DX1_15872_7680.jpg,TCGA-CK-6751,TCGA-CK-6751-01Z-00-DX1,1,0.99999416,1
tumour/TCGA-CK-6751-01Z-00-DX1_15872_9216.jpg,TCGA-CK-6751,TCGA-CK-6751-01Z-00-DX1,1,0.9999993,1
tumour/TCGA-CK-6751-01Z-00-DX1_16384_7168.jpg,TCGA-CK-6751,TCGA-CK-6751-01Z-00-DX1,1,0.9999987,1
tumour/TCGA-CK-6751-01Z-00-DX1_16384_8192.jpg,TCGA-CK-6751,TCGA-CK-6751-01Z-00-DX1,1,0.9999894,1
tumour/TCGA-CK-6751-01Z-00-DX1_16384_9728.jpg,TCGA-CK-6751,TCGA-CK-6751-01Z-00-DX1,1,0.9999125,1
tumour/TCGA-CK-6751-01Z-00-DX1_16896_6656.jpg,TCGA-CK-6751,TCGA-CK-6751-01Z-00-DX1,1,0.9974502,1
tumour/TCGA-CK-6751-01Z-00-DX1_16896_7680.jpg,TCGA-CK-6751,TCGA-CK-6751-01Z-00-DX1,1,0.9999956,1
tumour/TCGA-CK-6751-01Z-00-DX1_16896_9216.jpg,TCGA-CK-6751,TCGA-CK-6751-01Z-00-DX1,1,0.99978274,1
tumour/TCGA-CK-6751-01Z-00-DX1_17408_6656.jpg,TCGA-CK-6751,TCGA-CK-6751-01Z-00-DX1,1,0.9960037,1
tumour/TCGA-CK-6751-01Z-00-DX1_17408_7168.jpg,TCGA-CK-6751,TCGA-CK-6751-01Z-00-DX1,1,0.96892613,1
tumour/TCGA-CK-6751-01Z-00-DX1_17408_8192.jpg,TCGA-CK-6751,TCGA-CK-6751-01Z-00-DX1,1,0.9998481,1
tumour/TCGA-CK-6751-01Z-00-DX1_17408_8704.jpg,TCGA-CK-6751,TCGA-CK-6751-01Z-00-DX1,1,0.9990088,1
tumour/TCGA-CK-6751-01Z-00-DX1_17408_9216.jpg,TCGA-CK-6751,TCGA-CK-6751-01Z-00-DX1,1,0.9999262,1
tumour/TCGA-CK-6751-01Z-00-DX1_17920_7168.jpg,TCGA-CK-6751,TCGA-CK-6751-01Z-00-DX1,1,0.99998546,1
tumour/TCGA-CK-6751-01Z-00-DX1_18432_7680.jpg,TCGA-CK-6751,TCGA-CK-6751-01Z-00-DX1,1,0.9985832,1
tumour/TCGA-CK-6751-01Z-00-DX1_18944_6656.jpg,TCGA-CK-6751,TCGA-CK-6751-01Z-00-DX1,1,0.999887,1
tumour/TCGA-CK-6751-01Z-00-DX1_18944_7168.jpg,TCGA-CK-6751,TCGA-CK-6751-01Z-00-DX1,1,0.9356973,1
tumour/TCGA-CK-6751-01Z-00-DX1_19968_7680.jpg,TCGA-CK-6751,TCGA-CK-6751-01Z-00-DX1,1,0.999918,1
tumour/TCGA-CK-6751-01Z-00-DX1_20480_7680.jpg,TCGA-CK-6751,TCGA-CK-6751-01Z-00-DX1,1,0.99993515,1
tumour/TCGA-CK-6751-01Z-00-DX1_20480_8192.jpg,TCGA-CK-6751,TCGA-CK-6751-01Z-00-DX1,1,0.99962175,1
tumour/TCGA-CK-6751-01Z-00-DX1_20992_7680.jpg,TCGA-CK-6751,TCGA-CK-6751-01Z-00-DX1,1,0.99998426,1
tumour/TCGA-CK-6751-01Z-00-DX1_20992_8192.jpg,TCGA-CK-6751,TCGA-CK-6751-01Z-00-DX1,1,0.99998677,1
tumour/TCGA-CK-6751-01Z-00-DX1_21504_7168.jpg,TCGA-CK-6751,TCGA-CK-6751-01Z-00-DX1,1,0.9999397,1
tumour/TCGA-CK-6751-01Z-00-DX1_22016_7168.jpg,TCGA-CK-6751,TCGA-CK-6751-01Z-00-DX1,1,0.9999136,1
tumour/TCGA-CK-6751-01Z-00-DX1_22016_7680.jpg,TCGA-CK-6751,TCGA-CK-6751-01Z-00-DX1,1,0.9999888,1
tumour/TCGA-CK-6751-01Z-00-DX1_30208_3072.jpg,TCGA-CK-6751,TCGA-CK-6751-01Z-00-DX1,1,0.99978405,1
tumour/TCGA-CK-6751-01Z-00-DX1_30208_4096.jpg,TCGA-CK-6751,TCGA-CK-6751-01Z-00-DX1,1,0.99899536,1
tumour/TCGA-CK-6751-01Z-00-DX1_30208_4608.jpg,TCGA-CK-6751,TCGA-CK-6751-01Z-00-DX1,1,0.9972018,1
tumour/TCGA-CK-6751-01Z-00-DX1_30720_4608.jpg,TCGA-CK-6751,TCGA-CK-6751-01Z-00-DX1,1,0.9999968,1
tumour/TCGA-CK-6751-01Z-00-DX1_31744_3072.jpg,TCGA-CK-6751,TCGA-CK-6751-01Z-00-DX1,1,0.99815065,1
tumour/TCGA-CK-6751-01Z-00-DX1_31744_3584.jpg,TCGA-CK-6751,TCGA-CK-6751-01Z-00-DX1,1,0.9997937,1
tumour/TCGA-CK-6751-01Z-00-DX1_31744_4096.jpg,TCGA-CK-6751,TCGA-CK-6751-01Z-00-DX1,1,0.99986494,1
tumour/TCGA-CK-6751-01Z-00-DX1_31744_5632.jpg,TCGA-CK-6751,TCGA-CK-6751-01Z-00-DX1,1,0.9968988,1
tumour/TCGA-CK-6751-01Z-00-DX1_32256_3072.jpg,TCGA-CK-6751,TCGA-CK-6751-01Z-00-DX1,1,0.9997826,1
tumour/TCGA-CK-6751-01Z-00-DX1_32256_4096.jpg,TCGA-CK-6751,TCGA-CK-6751-01Z-00-DX1,1,0.9991819,1
tumour/TCGA-CK-6751-01Z-00-DX1_32256_5632.jpg,TCGA-CK-6751,TCGA-CK-6751-01Z-00-DX1,1,0.99970263,1
tumour/TCGA-CK-6751-01Z-00-DX1_32256_6144.jpg,TCGA-CK-6751,TCGA-CK-6751-01Z-00-DX1,1,0.99994636,1
tumour/TCGA-CK-6751-01Z-00-DX1_32768_3584.jpg,TCGA-CK-6751,TCGA-CK-6751-01Z-00-DX1,1,0.99690163,1
tumour/TCGA-CK-6751-01Z-00-DX1_32768_4608.jpg,TCGA-CK-6751,TCGA-CK-6751-01Z-00-DX1,1,0.999744,1
tumour/TCGA-CK-6751-01Z-00-DX1_32768_5120.jpg,TCGA-CK-6751,TCGA-CK-6751-01Z-00-DX1,1,0.99993694,1
tumour/TCGA-CK-6751-01Z-00-DX1_33280_3072.jpg,TCGA-CK-6751,TCGA-CK-6751-01Z-00-DX1,1,0.99997807,1
tumour/TCGA-CK-6751-01Z-00-DX1_33280_4608.jpg,TCGA-CK-6751,TCGA-CK-6751-01Z-00-DX1,1,0.99906343,1
tumour/TCGA-CK-6751-01Z-00-DX1_33792_3072.jpg,TCGA-CK-6751,TCGA-CK-6751-01Z-00-DX1,1,0.9999989,1
tumour/TCGA-CK-6751-01Z-00-DX1_33792_3584.jpg,TCGA-CK-6751,TCGA-CK-6751-01Z-00-DX1,1,0.9999428,1
tumour/TCGA-CK-6751-01Z-00-DX1_33792_4608.jpg,TCGA-CK-6751,TCGA-CK-6751-01Z-00-DX1,1,0.999998,1
tumour/TCGA-CK-6751-01Z-00-DX1_33792_5120.jpg,TCGA-CK-6751,TCGA-CK-6751-01Z-00-DX1,1,0.999723,1
tumour/TCGA-CK-6751-01Z-00-DX1_33792_5632.jpg,TCGA-CK-6751,TCGA-CK-6751-01Z-00-DX1,1,0.999571,1
tumour/TCGA-CK-6751-01Z-00-DX1_34304_3072.jpg,TCGA-CK-6751,TCGA-CK-6751-01Z-00-DX1,1,0.99999726,1
tumour/TCGA-CK-6751-01Z-00-DX1_34304_3584.jpg,TCGA-CK-6751,TCGA-CK-6751-01Z-00-DX1,1,0.9999448,1
tumour/TCGA-CK-6751-01Z-00-DX1_34304_4096.jpg,TCGA-CK-6751,TCGA-CK-6751-01Z-00-DX1,1,0.99629444,1
tumour/TCGA-CK-6751-01Z-00-DX1_34304_4608.jpg,TCGA-CK-6751,TCGA-CK-6751-01Z-00-DX1,1,0.9999293,1
tumour/TCGA-CK-6751-01Z-00-DX1_34304_5632.jpg,TCGA-CK-6751,TCGA-CK-6751-01Z-00-DX1,1,0.99996936,1
tumour/TCGA-CK-6751-01Z-00-DX1_34304_6144.jpg,TCGA-CK-6751,TCGA-CK-6751-01Z-00-DX1,1,0.9998313,1
tumour/TCGA-CK-6751-01Z-00-DX1_34816_3584.jpg,TCGA-CK-6751,TCGA-CK-6751-01Z-00-DX1,1,0.9983669,1
tumour/TCGA-CK-6751-01Z-00-DX1_34816_4096.jpg,TCGA-CK-6751,TCGA-CK-6751-01Z-00-DX1,1,0.9839266,1
tumour/TCGA-CK-6751-01Z-00-DX1_34816_5632.jpg,TCGA-CK-6751,TCGA-CK-6751-01Z-00-DX1,1,0.9994741,1
tumour/TCGA-CK-6751-01Z-00-DX1_34816_6144.jpg,TCGA-CK-6751,TCGA-CK-6751-01Z-00-DX1,1,0.9942094,1
tumour/TCGA-CK-6751-01Z-00-DX1_35328_3072.jpg,TCGA-CK-6751,TCGA-CK-6751-01Z-00-DX1,1,0.99976975,1
tumour/TCGA-CK-6751-01Z-00-DX1_35328_4608.jpg,TCGA-CK-6751,TCGA-CK-6751-01Z-00-DX1,1,0.9987245,1
tumour/TCGA-CK-6751-01Z-00-DX1_35328_5632.jpg,TCGA-CK-6751,TCGA-CK-6751-01Z-00-DX1,1,0.9999238,1
tumour/TCGA-CK-6751-01Z-00-DX1_35328_6656.jpg,TCGA-CK-6751,TCGA-CK-6751-01Z-00-DX1,1,0.9995573,1
tumour/TCGA-CK-6751-01Z-00-DX1_35840_4096.jpg,TCGA-CK-6751,TCGA-CK-6751-01Z-00-DX1,1,0.99984,1
tumour/TCGA-CK-6751-01Z-00-DX1_35840_5120.jpg,TCGA-CK-6751,TCGA-CK-6751-01Z-00-DX1,1,0.99999917,1
tumour/TCGA-CK-6751-01Z-00-DX1_35840_5632.jpg,TCGA-CK-6751,TCGA-CK-6751-01Z-00-DX1,1,0.99986756,1
tumour/TCGA-CK-6751-01Z-00-DX1_35840_6144.jpg,TCGA-CK-6751,TCGA-CK-6751-01Z-00-DX1,1,0.99996686,1
tumour/TCGA-CK-6751-01Z-00-DX1_36352_4096.jpg,TCGA-CK-6751,TCGA-CK-6751-01Z-00-DX1,1,0.99963844,1
tumour/TCGA-CK-6751-01Z-00-DX1_36352_5120.jpg,TCGA-CK-6751,TCGA-CK-6751-01Z-00-DX1,1,0.9999645,1
tumour/TCGA-CK-6751-01Z-00-DX1_36864_2560.jpg,TCGA-CK-6751,TCGA-CK-6751-01Z-00-DX1,1,0.9987112,1
tumour/TCGA-CK-6751-01Z-00-DX1_36864_3072.jpg,TCGA-CK-6751,TCGA-CK-6751-01Z-00-DX1,1,0.9999727,1
tumour/TCGA-CK-6751-01Z-00-DX1_36864_3584.jpg,TCGA-CK-6751,TCGA-CK-6751-01Z-00-DX1,1,0.9999001,1
tumour/TCGA-CK-6751-01Z-00-DX1_36864_4096.jpg,TCGA-CK-6751,TCGA-CK-6751-01Z-00-DX1,1,0.9984352,1
tumour/TCGA-CK-6751-01Z-00-DX1_36864_5120.jpg,TCGA-CK-6751,TCGA-CK-6751-01Z-00-DX1,1,0.99986386,1
tumour/TCGA-CK-6751-01Z-00-DX1_36864_5632.jpg,TCGA-CK-6751,TCGA-CK-6751-01Z-00-DX1,1,0.9993056,1
tumour/TCGA-CK-6751-01Z-00-DX1_37376_2560.jpg,TCGA-CK-6751,TCGA-CK-6751-01Z-00-DX1,1,0.99997115,1
tumour/TCGA-CK-6751-01Z-00-DX1_37376_3584.jpg,TCGA-CK-6751,TCGA-CK-6751-01Z-00-DX1,1,0.9999869,1
tumour/TCGA-CK-6751-01Z-00-DX1_37376_5632.jpg,TCGA-CK-6751,TCGA-CK-6751-01Z-00-DX1,1,0.99872524,1
tumour/TCGA-CK-6751-01Z-00-DX1_37888_2560.jpg,TCGA-CK-6751,TCGA-CK-6751-01Z-00-DX1,1,0.999824,1
tumour/TCGA-CK-6751-01Z-00-DX1_37888_3072.jpg,TCGA-CK-6751,TCGA-CK-6751-01Z-00-DX1,1,0.9999653,1
tumour/TCGA-CK-6751-01Z-00-DX1_37888_3584.jpg,TCGA-CK-6751,TCGA-CK-6751-01Z-00-DX1,1,0.8978231,1
tumour/TCGA-CK-6751-01Z-00-DX1_37888_5120.jpg,TCGA-CK-6751,TCGA-CK-6751-01Z-00-DX1,1,0.9997116,1
tumour/TCGA-CK-6751-01Z-00-DX1_38400_3072.jpg,TCGA-CK-6751,TCGA-CK-6751-01Z-00-DX1,1,0.9976046,1
tumour/TCGA-CK-6751-01Z-00-DX1_38400_3584.jpg,TCGA-CK-6751,TCGA-CK-6751-01Z-00-DX1,1,0.9998566,1
tumour/TCGA-CK-6751-01Z-00-DX1_38400_4608.jpg,TCGA-CK-6751,TCGA-CK-6751-01Z-00-DX1,1,0.9983491,1
tumour/TCGA-CK-6751-01Z-00-DX1_38400_5120.jpg,TCGA-CK-6751,TCGA-CK-6751-01Z-00-DX1,1,0.9999796,1
tumour/TCGA-CK-6751-01Z-00-DX1_38400_5632.jpg,TCGA-CK-6751,TCGA-CK-6751-01Z-00-DX1,1,0.9993856,1
tumour/TCGA-CK-6751-01Z-00-DX1_38912_6656.jpg,TCGA-CK-6751,TCGA-CK-6751-01Z-00-DX1,1,0.999426,1
tumour/TCGA-CK-6751-01Z-00-DX1_39424_4096.jpg,TCGA-CK-6751,TCGA-CK-6751-01Z-00-DX1,1,0.9999753,1
tumour/TCGA-CK-6751-01Z-00-DX1_39424_4608.jpg,TCGA-CK-6751,TCGA-CK-6751-01Z-00-DX1,1,0.9999833,1
tumour/TCGA-CK-6751-01Z-00-DX1_39424_6656.jpg,TCGA-CK-6751,TCGA-CK-6751-01Z-00-DX1,1,0.96882564,1
tumour/TCGA-CK-6751-01Z-00-DX1_39936_2560.jpg,TCGA-CK-6751,TCGA-CK-6751-01Z-00-DX1,1,0.99295324,1
tumour/TCGA-CK-6751-01Z-00-DX1_39936_3072.jpg,TCGA-CK-6751,TCGA-CK-6751-01Z-00-DX1,1,0.9999249,1
tumour/TCGA-CK-6751-01Z-00-DX1_39936_3584.jpg,TCGA-CK-6751,TCGA-CK-6751-01Z-00-DX1,1,0.99921465,1
tumour/TCGA-CK-6751-01Z-00-DX1_39936_4608.jpg,TCGA-CK-6751,TCGA-CK-6751-01Z-00-DX1,1,0.99897385,1
tumour/TCGA-CK-6751-01Z-00-DX1_39936_5632.jpg,TCGA-CK-6751,TCGA-CK-6751-01Z-00-DX1,1,0.99959284,1
tumour/TCGA-CK-6751-01Z-00-DX1_39936_6656.jpg,TCGA-CK-6751,TCGA-CK-6751-01Z-00-DX1,1,0.98329884,1
tumour/TCGA-CK-6751-01Z-00-DX1_40448_4096.jpg,TCGA-CK-6751,TCGA-CK-6751-01Z-00-DX1,1,0.99858105,1
tumour/TCGA-CK-6751-01Z-00-DX1_40448_4608.jpg,TCGA-CK-6751,TCGA-CK-6751-01Z-00-DX1,1,0.9999658,1
tumour/TCGA-CK-6751-01Z-00-DX1_40448_5120.jpg,TCGA-CK-6751,TCGA-CK-6751-01Z-00-DX1,1,0.99986243,1
tumour/TCGA-CK-6751-01Z-00-DX1_40448_6144.jpg,TCGA-CK-6751,TCGA-CK-6751-01Z-00-DX1,1,0.9996891,1
tumour/TCGA-CK-6751-01Z-00-DX1_40960_3072.jpg,TCGA-CK-6751,TCGA-CK-6751-01Z-00-DX1,1,0.9903418,1
tumour/TCGA-CK-6751-01Z-00-DX1_40960_3584.jpg,TCGA-CK-6751,TCGA-CK-6751-01Z-00-DX1,1,0.9937262,1
tumour/TCGA-CK-6751-01Z-00-DX1_40960_4608.jpg,TCGA-CK-6751,TCGA-CK-6751-01Z-00-DX1,1,0.9996165,1
tumour/TCGA-CK-6751-01Z-00-DX1_40960_5120.jpg,TCGA-CK-6751,TCGA-CK-6751-01Z-00-DX1,1,0.9999119,1
tumour/TCGA-CK-6751-01Z-00-DX1_40960_5632.jpg,TCGA-CK-6751,TCGA-CK-6751-01Z-00-DX1,1,0.99988735,1
tumour/TCGA-CK-6751-01Z-00-DX1_40960_6656.jpg,TCGA-CK-6751,TCGA-CK-6751-01Z-00-DX1,1,0.99915063,1
tumour/TCGA-CK-6751-01Z-00-DX1_4096_10240.jpg,TCGA-CK-6751,TCGA-CK-6751-01Z-00-DX1,1,0.9999989,1
tumour/TCGA-CK-6751-01Z-00-DX1_4096_10752.jpg,TCGA-CK-6751,TCGA-CK-6751-01Z-00-DX1,1,0.9998584,1
tumour/TCGA-CK-6751-01Z-00-DX1_4096_13312.jpg,TCGA-CK-6751,TCGA-CK-6751-01Z-00-DX1,1,0.9997583,1
tumour/TCGA-CK-6751-01Z-00-DX1_41984_3584.jpg,TCGA-CK-6751,TCGA-CK-6751-01Z-00-DX1,1,0.9994506,1
tumour/TCGA-CK-6751-01Z-00-DX1_41984_4096.jpg,TCGA-CK-6751,TCGA-CK-6751-01Z-00-DX1,1,0.9999875,1
tumour/TCGA-CK-6751-01Z-00-DX1_41984_5120.jpg,TCGA-CK-6751,TCGA-CK-6751-01Z-00-DX1,1,0.99945146,1
tumour/TCGA-CK-6751-01Z-00-DX1_41984_5632.jpg,TCGA-CK-6751,TCGA-CK-6751-01Z-00-DX1,1,0.9996698,1
tumour/TCGA-CK-6751-01Z-00-DX1_42496_3584.jpg,TCGA-CK-6751,TCGA-CK-6751-01Z-00-DX1,1,0.97245616,1
tumour/TCGA-CK-6751-01Z-00-DX1_42496_4608.jpg,TCGA-CK-6751,TCGA-CK-6751-01Z-00-DX1,1,0.9971917,1
tumour/TCGA-CK-6751-01Z-00-DX1_42496_5632.jpg,TCGA-CK-6751,TCGA-CK-6751-01Z-00-DX1,1,0.99999166,1
tumour/TCGA-CK-6751-01Z-00-DX1_42496_7168.jpg,TCGA-CK-6751,TCGA-CK-6751-01Z-00-DX1,1,0.9999503,1
tumour/TCGA-CK-6751-01Z-00-DX1_42496_8192.jpg,TCGA-CK-6751,TCGA-CK-6751-01Z-00-DX1,1,0.62766945,1
tumour/TCGA-CK-6751-01Z-00-DX1_42496_8704.jpg,TCGA-CK-6751,TCGA-CK-6751-01Z-00-DX1,1,0.9921514,1
tumour/TCGA-CK-6751-01Z-00-DX1_43008_2048.jpg,TCGA-CK-6751,TCGA-CK-6751-01Z-00-DX1,1,0.99519426,1
tumour/TCGA-CK-6751-01Z-00-DX1_43008_4608.jpg,TCGA-CK-6751,TCGA-CK-6751-01Z-00-DX1,1,0.99997354,1
tumour/TCGA-CK-6751-01Z-00-DX1_43008_6144.jpg,TCGA-CK-6751,TCGA-CK-6751-01Z-00-DX1,1,0.9998783,1
tumour/TCGA-CK-6751-01Z-00-DX1_43008_7168.jpg,TCGA-CK-6751,TCGA-CK-6751-01Z-00-DX1,1,0.9996686,1
tumour/TCGA-CK-6751-01Z-00-DX1_43008_8192.jpg,TCGA-CK-6751,TCGA-CK-6751-01Z-00-DX1,1,0.9423309,1
tumour/TCGA-CK-6751-01Z-00-DX1_43008_8704.jpg,TCGA-CK-6751,TCGA-CK-6751-01Z-00-DX1,1,0.9916801,1
tumour/TCGA-CK-6751-01Z-00-DX1_43520_1536.jpg,TCGA-CK-6751,TCGA-CK-6751-01Z-00-DX1,1,0.9992606,1
tumour/TCGA-CK-6751-01Z-00-DX1_43520_2048.jpg,TCGA-CK-6751,TCGA-CK-6751-01Z-00-DX1,1,0.9995117,1
tumour/TCGA-CK-6751-01Z-00-DX1_43520_2560.jpg,TCGA-CK-6751,TCGA-CK-6751-01Z-00-DX1,1,0.9999312,1
tumour/TCGA-CK-6751-01Z-00-DX1_43520_4096.jpg,TCGA-CK-6751,TCGA-CK-6751-01Z-00-DX1,1,0.9998211,1
tumour/TCGA-CK-6751-01Z-00-DX1_43520_4608.jpg,TCGA-CK-6751,TCGA-CK-6751-01Z-00-DX1,1,0.9987564,1
tumour/TCGA-CK-6751-01Z-00-DX1_43520_6144.jpg,TCGA-CK-6751,TCGA-CK-6751-01Z-00-DX1,1,0.9994941,1
tumour/TCGA-CK-6751-01Z-00-DX1_43520_7168.jpg,TCGA-CK-6751,TCGA-CK-6751-01Z-00-DX1,1,0.99911124,1
tumour/TCGA-CK-6751-01Z-00-DX1_43520_7680.jpg,TCGA-CK-6751,TCGA-CK-6751-01Z-00-DX1,1,0.5001564,1
tumour/TCGA-CK-6751-01Z-00-DX1_43520_8704.jpg,TCGA-CK-6751,TCGA-CK-6751-01Z-00-DX1,1,0.8198809,1
tumour/TCGA-CK-6751-01Z-00-DX1_44032_3584.jpg,TCGA-CK-6751,TCGA-CK-6751-01Z-00-DX1,1,0.9999018,1
tumour/TCGA-CK-6751-01Z-00-DX1_44032_4096.jpg,TCGA-CK-6751,TCGA-CK-6751-01Z-00-DX1,1,0.9998386,1
tumour/TCGA-CK-6751-01Z-00-DX1_44032_5120.jpg,TCGA-CK-6751,TCGA-CK-6751-01Z-00-DX1,1,0.9999397,1
tumour/TCGA-CK-6751-01Z-00-DX1_44032_5632.jpg,TCGA-CK-6751,TCGA-CK-6751-01Z-00-DX1,1,0.9950631,1
tumour/TCGA-CK-6751-01Z-00-DX1_44032_7680.jpg,TCGA-CK-6751,TCGA-CK-6751-01Z-00-DX1,1,0.9528621,1
tumour/TCGA-CK-6751-01Z-00-DX1_44032_8192.jpg,TCGA-CK-6751,TCGA-CK-6751-01Z-00-DX1,1,0.997412,1
tumour/TCGA-CK-6751-01Z-00-DX1_44544_2048.jpg,TCGA-CK-6751,TCGA-CK-6751-01Z-00-DX1,1,0.99991727,1
tumour/TCGA-CK-6751-01Z-00-DX1_44544_2560.jpg,TCGA-CK-6751,TCGA-CK-6751-01Z-00-DX1,1,0.9998801,1
tumour/TCGA-CK-6751-01Z-00-DX1_44544_3072.jpg,TCGA-CK-6751,TCGA-CK-6751-01Z-00-DX1,1,0.9999647,1
tumour/TCGA-CK-6751-01Z-00-DX1_44544_4096.jpg,TCGA-CK-6751,TCGA-CK-6751-01Z-00-DX1,1,0.9999219,1
tumour/TCGA-CK-6751-01Z-00-DX1_44544_4608.jpg,TCGA-CK-6751,TCGA-CK-6751-01Z-00-DX1,1,0.99945873,1
tumour/TCGA-CK-6751-01Z-00-DX1_44544_6144.jpg,TCGA-CK-6751,TCGA-CK-6751-01Z-00-DX1,1,0.99912125,1
tumour/TCGA-CK-6751-01Z-00-DX1_44544_6656.jpg,TCGA-CK-6751,TCGA-CK-6751-01Z-00-DX1,1,0.99837154,1
tumour/TCGA-CK-6751-01Z-00-DX1_44544_7168.jpg,TCGA-CK-6751,TCGA-CK-6751-01Z-00-DX1,1,0.99720013,1
tumour/TCGA-CK-6751-01Z-00-DX1_44544_7680.jpg,TCGA-CK-6751,TCGA-CK-6751-01Z-00-DX1,1,0.99111956,1
tumour/TCGA-CK-6751-01Z-00-DX1_44544_8192.jpg,TCGA-CK-6751,TCGA-CK-6751-01Z-00-DX1,1,0.977806,1
tumour/TCGA-CK-6751-01Z-00-DX1_45056_1024.jpg,TCGA-CK-6751,TCGA-CK-6751-01Z-00-DX1,1,0.9992939,1
tumour/TCGA-CK-6751-01Z-00-DX1_45056_1536.jpg,TCGA-CK-6751,TCGA-CK-6751-01Z-00-DX1,1,0.99999523,1
tumour/TCGA-CK-6751-01Z-00-DX1_45056_2560.jpg,TCGA-CK-6751,TCGA-CK-6751-01Z-00-DX1,1,0.99999917,1
tumour/TCGA-CK-6751-01Z-00-DX1_45056_3072.jpg,TCGA-CK-6751,TCGA-CK-6751-01Z-00-DX1,1,0.99997663,1
tumour/TCGA-CK-6751-01Z-00-DX1_45056_3584.jpg,TCGA-CK-6751,TCGA-CK-6751-01Z-00-DX1,1,0.99972576,1
tumour/TCGA-CK-6751-01Z-00-DX1_45056_5632.jpg,TCGA-CK-6751,TCGA-CK-6751-01Z-00-DX1,1,0.9999875,1
tumour/TCGA-CK-6751-01Z-00-DX1_45056_6656.jpg,TCGA-CK-6751,TCGA-CK-6751-01Z-00-DX1,1,0.999944,1
tumour/TCGA-CK-6751-01Z-00-DX1_45056_7680.jpg,TCGA-CK-6751,TCGA-CK-6751-01Z-00-DX1,1,0.9995536,1
tumour/TCGA-CK-6751-01Z-00-DX1_45568_1536.jpg,TCGA-CK-6751,TCGA-CK-6751-01Z-00-DX1,1,0.99999094,1
tumour/TCGA-CK-6751-01Z-00-DX1_45568_2048.jpg,TCGA-CK-6751,TCGA-CK-6751-01Z-00-DX1,1,0.9999858,1
tumour/TCGA-CK-6751-01Z-00-DX1_45568_3584.jpg,TCGA-CK-6751,TCGA-CK-6751-01Z-00-DX1,1,0.9998627,1
tumour/TCGA-CK-6751-01Z-00-DX1_45568_4608.jpg,TCGA-CK-6751,TCGA-CK-6751-01Z-00-DX1,1,0.9996183,1
tumour/TCGA-CK-6751-01Z-00-DX1_45568_5632.jpg,TCGA-CK-6751,TCGA-CK-6751-01Z-00-DX1,1,0.9985305,1
tumour/TCGA-CK-6751-01Z-00-DX1_45568_6144.jpg,TCGA-CK-6751,TCGA-CK-6751-01Z-00-DX1,1,0.9985636,1
tumour/TCGA-CK-6751-01Z-00-DX1_45568_7680.jpg,TCGA-CK-6751,TCGA-CK-6751-01Z-00-DX1,1,0.99817574,1
tumour/TCGA-CK-6751-01Z-00-DX1_45568_8192.jpg,TCGA-CK-6751,TCGA-CK-6751-01Z-00-DX1,1,0.7795438,1
tumour/TCGA-CK-6751-01Z-00-DX1_46080_4608.jpg,TCGA-CK-6751,TCGA-CK-6751-01Z-00-DX1,1,0.99875236,1
tumour/TCGA-CK-6751-01Z-00-DX1_46080_5632.jpg,TCGA-CK-6751,TCGA-CK-6751-01Z-00-DX1,1,0.99999416,1
tumour/TCGA-CK-6751-01Z-00-DX1_46080_6144.jpg,TCGA-CK-6751,TCGA-CK-6751-01Z-00-DX1,1,0.99995935,1
tumour/TCGA-CK-6751-01Z-00-DX1_46080_7680.jpg,TCGA-CK-6751,TCGA-CK-6751-01Z-00-DX1,1,0.9995426,1
tumour/TCGA-CK-6751-01Z-00-DX1_4608_10240.jpg,TCGA-CK-6751,TCGA-CK-6751-01Z-00-DX1,1,0.99994886,1
tumour/TCGA-CK-6751-01Z-00-DX1_46592_5120.jpg,TCGA-CK-6751,TCGA-CK-6751-01Z-00-DX1,1,0.99997604,1
tumour/TCGA-CK-6751-01Z-00-DX1_46592_6144.jpg,TCGA-CK-6751,TCGA-CK-6751-01Z-00-DX1,1,0.9896763,1
tumour/TCGA-CK-6751-01Z-00-DX1_46592_6656.jpg,TCGA-CK-6751,TCGA-CK-6751-01Z-00-DX1,1,0.9861567,1
tumour/TCGA-CK-6751-01Z-00-DX1_46592_7168.jpg,TCGA-CK-6751,TCGA-CK-6751-01Z-00-DX1,1,0.9999877,1
tumour/TCGA-CK-6751-01Z-00-DX1_46592_7680.jpg,TCGA-CK-6751,TCGA-CK-6751-01Z-00-DX1,1,0.99853766,1
tumour/TCGA-CK-6751-01Z-00-DX1_47104_5632.jpg,TCGA-CK-6751,TCGA-CK-6751-01Z-00-DX1,1,0.9992773,1
tumour/TCGA-CK-6751-01Z-00-DX1_47104_6144.jpg,TCGA-CK-6751,TCGA-CK-6751-01Z-00-DX1,1,0.99843794,1
tumour/TCGA-CK-6751-01Z-00-DX1_47104_6656.jpg,TCGA-CK-6751,TCGA-CK-6751-01Z-00-DX1,1,0.9601964,1
tumour/TCGA-CK-6751-01Z-00-DX1_5120_10240.jpg,TCGA-CK-6751,TCGA-CK-6751-01Z-00-DX1,1,0.99983275,1
tumour/TCGA-CK-6751-01Z-00-DX1_5120_10752.jpg,TCGA-CK-6751,TCGA-CK-6751-01Z-00-DX1,1,0.99998593,1
tumour/TCGA-CK-6751-01Z-00-DX1_5120_11264.jpg,TCGA-CK-6751,TCGA-CK-6751-01Z-00-DX1,1,0.9999993,1
tumour/TCGA-CK-6751-01Z-00-DX1_5120_11776.jpg,TCGA-CK-6751,TCGA-CK-6751-01Z-00-DX1,1,0.9999989,1
tumour/TCGA-CK-6751-01Z-00-DX1_5120_18432.jpg,TCGA-CK-6751,TCGA-CK-6751-01Z-00-DX1,1,0.999892,1
tumour/TCGA-CK-6751-01Z-00-DX1_5120_18944.jpg,TCGA-CK-6751,TCGA-CK-6751-01Z-00-DX1,1,0.99985445,1
tumour/TCGA-CK-6751-01Z-00-DX1_5632_10240.jpg,TCGA-CK-6751,TCGA-CK-6751-01Z-00-DX1,1,0.99569404,1
tumour/TCGA-CK-6751-01Z-00-DX1_5632_10752.jpg,TCGA-CK-6751,TCGA-CK-6751-01Z-00-DX1,1,0.99986434,1
tumour/TCGA-CK-6751-01Z-00-DX1_5632_11776.jpg,TCGA-CK-6751,TCGA-CK-6751-01Z-00-DX1,1,0.9998387,1
tumour/TCGA-CK-6751-01Z-00-DX1_5632_12288.jpg,TCGA-CK-6751,TCGA-CK-6751-01Z-00-DX1,1,0.9992576,1
tumour/TCGA-CK-6751-01Z-00-DX1_5632_13824.jpg,TCGA-CK-6751,TCGA-CK-6751-01Z-00-DX1,1,0.99987304,1
tumour/TCGA-CK-6751-01Z-00-DX1_5632_14336.jpg,TCGA-CK-6751,TCGA-CK-6751-01Z-00-DX1,1,0.9999486,1
tumour/TCGA-CK-6751-01Z-00-DX1_5632_14848.jpg,TCGA-CK-6751,TCGA-CK-6751-01Z-00-DX1,1,0.9999652,1
tumour/TCGA-CK-6751-01Z-00-DX1_5632_18432.jpg,TCGA-CK-6751,TCGA-CK-6751-01Z-00-DX1,1,0.99999785,1
tumour/TCGA-CK-6751-01Z-00-DX1_5632_19456.jpg,TCGA-CK-6751,TCGA-CK-6751-01Z-00-DX1,1,0.99985456,1
tumour/TCGA-CK-6751-01Z-00-DX1_5632_9216.jpg,TCGA-CK-6751,TCGA-CK-6751-01Z-00-DX1,1,0.9984865,1
tumour/TCGA-CK-6751-01Z-00-DX1_5632_9728.jpg,TCGA-CK-6751,TCGA-CK-6751-01Z-00-DX1,1,0.99911565,1
tumour/TCGA-CK-6751-01Z-00-DX1_6144_10240.jpg,TCGA-CK-6751,TCGA-CK-6751-01Z-00-DX1,1,0.9986098,1
tumour/TCGA-CK-6751-01Z-00-DX1_6144_12288.jpg,TCGA-CK-6751,TCGA-CK-6751-01Z-00-DX1,1,0.999871,1
tumour/TCGA-CK-6751-01Z-00-DX1_6144_13312.jpg,TCGA-CK-6751,TCGA-CK-6751-01Z-00-DX1,1,0.9999751,1
tumour/TCGA-CK-6751-01Z-00-DX1_6144_13824.jpg,TCGA-CK-6751,TCGA-CK-6751-01Z-00-DX1,1,0.99999785,1
tumour/TCGA-CK-6751-01Z-00-DX1_6144_17920.jpg,TCGA-CK-6751,TCGA-CK-6751-01Z-00-DX1,1,0.9999726,1
tumour/TCGA-CK-6751-01Z-00-DX1_6144_18432.jpg,TCGA-CK-6751,TCGA-CK-6751-01Z-00-DX1,1,0.99997604,1
tumour/TCGA-CK-6751-01Z-00-DX1_6144_18944.jpg,TCGA-CK-6751,TCGA-CK-6751-01Z-00-DX1,1,0.99968076,1
tumour/TCGA-CK-6751-01Z-00-DX1_6144_19456.jpg,TCGA-CK-6751,TCGA-CK-6751-01Z-00-DX1,1,0.99986887,1
tumour/TCGA-CK-6751-01Z-00-DX1_6144_9216.jpg,TCGA-CK-6751,TCGA-CK-6751-01Z-00-DX1,1,0.9996296,1
tumour/TCGA-CK-6751-01Z-00-DX1_6144_9728.jpg,TCGA-CK-6751,TCGA-CK-6751-01Z-00-DX1,1,0.9773247,1
tumour/TCGA-CK-6751-01Z-00-DX1_6656_12800.jpg,TCGA-CK-6751,TCGA-CK-6751-01Z-00-DX1,1,0.99846625,1
tumour/TCGA-CK-6751-01Z-00-DX1_6656_13312.jpg,TCGA-CK-6751,TCGA-CK-6751-01Z-00-DX1,1,0.9998053,1
tumour/TCGA-CK-6751-01Z-00-DX1_6656_14336.jpg,TCGA-CK-6751,TCGA-CK-6751-01Z-00-DX1,1,0.99982613,1
tumour/TCGA-CK-6751-01Z-00-DX1_6656_17920.jpg,TCGA-CK-6751,TCGA-CK-6751-01Z-00-DX1,1,0.9999913,1
tumour/TCGA-CK-6751-01Z-00-DX1_6656_18944.jpg,TCGA-CK-6751,TCGA-CK-6751-01Z-00-DX1,1,0.9833666,1
tumour/TCGA-CK-6751-01Z-00-DX1_6656_19456.jpg,TCGA-CK-6751,TCGA-CK-6751-01Z-00-DX1,1,0.9999918,1
tumour/TCGA-CK-6751-01Z-00-DX1_6656_8704.jpg,TCGA-CK-6751,TCGA-CK-6751-01Z-00-DX1,1,0.9999819,1
tumour/TCGA-CK-6751-01Z-00-DX1_6656_9728.jpg,TCGA-CK-6751,TCGA-CK-6751-01Z-00-DX1,1,0.99903286,1
tumour/TCGA-CK-6751-01Z-00-DX1_7168_10240.jpg,TCGA-CK-6751,TCGA-CK-6751-01Z-00-DX1,1,1.0,1
tumour/TCGA-CK-6751-01Z-00-DX1_7168_11264.jpg,TCGA-CK-6751,TCGA-CK-6751-01Z-00-DX1,1,0.99999917,1
tumour/TCGA-CK-6751-01Z-00-DX1_7168_13312.jpg,TCGA-CK-6751,TCGA-CK-6751-01Z-00-DX1,1,0.9999231,1
tumour/TCGA-CK-6751-01Z-00-DX1_7168_8704.jpg,TCGA-CK-6751,TCGA-CK-6751-01Z-00-DX1,1,0.99999225,1
tumour/TCGA-CK-6751-01Z-00-DX1_7168_9216.jpg,TCGA-CK-6751,TCGA-CK-6751-01Z-00-DX1,1,0.99999905,1
tumour/TCGA-CK-6751-01Z-00-DX1_7168_9728.jpg,TCGA-CK-6751,TCGA-CK-6751-01Z-00-DX1,1,0.9985636,1
tumour/TCGA-CK-6751-01Z-00-DX1_7680_11776.jpg,TCGA-CK-6751,TCGA-CK-6751-01Z-00-DX1,1,0.99955624,1
tumour/TCGA-CK-6751-01Z-00-DX1_7680_18432.jpg,TCGA-CK-6751,TCGA-CK-6751-01Z-00-DX1,1,0.99999964,1
tumour/TCGA-CK-6751-01Z-00-DX1_7680_18944.jpg,TCGA-CK-6751,TCGA-CK-6751-01Z-00-DX1,1,0.9984767,1
tumour/TCGA-CK-6751-01Z-00-DX1_7680_19456.jpg,TCGA-CK-6751,TCGA-CK-6751-01Z-00-DX1,1,0.9999796,1
tumour/TCGA-CK-6751-01Z-00-DX1_7680_19968.jpg,TCGA-CK-6751,TCGA-CK-6751-01Z-00-DX1,1,0.99999976,1
tumour/TCGA-CK-6751-01Z-00-DX1_7680_8192.jpg,TCGA-CK-6751,TCGA-CK-6751-01Z-00-DX1,1,0.99986935,1
tumour/TCGA-CK-6751-01Z-00-DX1_7680_9728.jpg,TCGA-CK-6751,TCGA-CK-6751-01Z-00-DX1,1,0.99999595,1
tumour/TCGA-CK-6751-01Z-00-DX1_8192_10240.jpg,TCGA-CK-6751,TCGA-CK-6751-01Z-00-DX1,1,0.99626875,1
tumour/TCGA-CK-6751-01Z-00-DX1_8192_11264.jpg,TCGA-CK-6751,TCGA-CK-6751-01Z-00-DX1,1,0.99944097,1
tumour/TCGA-CK-6751-01Z-00-DX1_8192_18944.jpg,TCGA-CK-6751,TCGA-CK-6751-01Z-00-DX1,1,0.99999714,1
tumour/TCGA-CK-6751-01Z-00-DX1_8192_19968.jpg,TCGA-CK-6751,TCGA-CK-6751-01Z-00-DX1,1,0.9999728,1
tumour/TCGA-CK-6751-01Z-00-DX1_8192_20480.jpg,TCGA-CK-6751,TCGA-CK-6751-01Z-00-DX1,1,0.9978027,1
tumour/TCGA-CK-6751-01Z-00-DX1_8192_8704.jpg,TCGA-CK-6751,TCGA-CK-6751-01Z-00-DX1,1,0.99984646,1
tumour/TCGA-CK-6751-01Z-00-DX1_8704_10240.jpg,TCGA-CK-6751,TCGA-CK-6751-01Z-00-DX1,1,0.99968565,1
tumour/TCGA-CK-6751-01Z-00-DX1_8704_10752.jpg,TCGA-CK-6751,TCGA-CK-6751-01Z-00-DX1,1,0.9999976,1
tumour/TCGA-CK-6751-01Z-00-DX1_8704_11264.jpg,TCGA-CK-6751,TCGA-CK-6751-01Z-00-DX1,1,0.99999976,1
tumour/TCGA-CK-6751-01Z-00-DX1_8704_20480.jpg,TCGA-CK-6751,TCGA-CK-6751-01Z-00-DX1,1,0.9998362,1
tumour/TCGA-CK-6751-01Z-00-DX1_8704_20992.jpg,TCGA-CK-6751,TCGA-CK-6751-01Z-00-DX1,1,0.99997306,1
tumour/TCGA-CK-6751-01Z-00-DX1_8704_7680.jpg,TCGA-CK-6751,TCGA-CK-6751-01Z-00-DX1,1,0.9999689,1
tumour/TCGA-CK-6751-01Z-00-DX1_8704_8192.jpg,TCGA-CK-6751,TCGA-CK-6751-01Z-00-DX1,1,0.99999785,1
tumour/TCGA-CK-6751-01Z-00-DX1_8704_8704.jpg,TCGA-CK-6751,TCGA-CK-6751-01Z-00-DX1,1,0.99994016,1
tumour/TCGA-CK-6751-01Z-00-DX1_9216_10240.jpg,TCGA-CK-6751,TCGA-CK-6751-01Z-00-DX1,1,0.9999535,1
tumour/TCGA-CK-6751-01Z-00-DX1_9216_11264.jpg,TCGA-CK-6751,TCGA-CK-6751-01Z-00-DX1,1,1.0,1
tumour/TCGA-CK-6751-01Z-00-DX1_9216_18432.jpg,TCGA-CK-6751,TCGA-CK-6751-01Z-00-DX1,1,0.9999831,1
tumour/TCGA-CK-6751-01Z-00-DX1_9216_19456.jpg,TCGA-CK-6751,TCGA-CK-6751-01Z-00-DX1,1,0.99997556,1
tumour/TCGA-CK-6751-01Z-00-DX1_9216_20992.jpg,TCGA-CK-6751,TCGA-CK-6751-01Z-00-DX1,1,0.99971455,1
tumour/TCGA-CK-6751-01Z-00-DX1_9216_21504.jpg,TCGA-CK-6751,TCGA-CK-6751-01Z-00-DX1,1,0.99999976,1
tumour/TCGA-CK-6751-01Z-00-DX1_9216_7168.jpg,TCGA-CK-6751,TCGA-CK-6751-01Z-00-DX1,1,0.9999498,1
tumour/TCGA-CK-6751-01Z-00-DX1_9216_7680.jpg,TCGA-CK-6751,TCGA-CK-6751-01Z-00-DX1,1,0.9999901,1
tumour/TCGA-CK-6751-01Z-00-DX1_9216_9216.jpg,TCGA-CK-6751,TCGA-CK-6751-01Z-00-DX1,1,0.99984384,1
tumour/TCGA-CK-6751-01Z-00-DX1_9728_19968.jpg,TCGA-CK-6751,TCGA-CK-6751-01Z-00-DX1,1,0.99993956,1
tumour/TCGA-CK-6751-01Z-00-DX1_9728_21504.jpg,TCGA-CK-6751,TCGA-CK-6751-01Z-00-DX1,1,0.9999999,1
tumour/TCGA-CK-6751-01Z-00-DX1_9728_7680.jpg,TCGA-CK-6751,TCGA-CK-6751-01Z-00-DX1,1,0.9999602,1
tumour/TCGA-CK-6751-01Z-00-DX1_9728_9216.jpg,TCGA-CK-6751,TCGA-CK-6751-01Z-00-DX1,1,0.9999896,1
tumour/TCGA-CM-4748-01Z-00-DX1_10240_21504.jpg,TCGA-CM-4748,TCGA-CM-4748-01Z-00-DX1,1,0.99419135,1
tumour/TCGA-CM-4748-01Z-00-DX1_10240_22016.jpg,TCGA-CM-4748,TCGA-CM-4748-01Z-00-DX1,1,0.9916397,1
tumour/TCGA-CM-4748-01Z-00-DX1_10240_32768.jpg,TCGA-CM-4748,TCGA-CM-4748-01Z-00-DX1,1,0.9994573,1
tumour/TCGA-CM-4748-01Z-00-DX1_1024_9216.jpg,TCGA-CM-4748,TCGA-CM-4748-01Z-00-DX1,1,0.9945635,1
tumour/TCGA-CM-4748-01Z-00-DX1_10752_16896.jpg,TCGA-CM-4748,TCGA-CM-4748-01Z-00-DX1,1,0.95184606,1
tumour/TCGA-CM-4748-01Z-00-DX1_10752_17408.jpg,TCGA-CM-4748,TCGA-CM-4748-01Z-00-DX1,1,0.8597597,1
tumour/TCGA-CM-4748-01Z-00-DX1_10752_17920.jpg,TCGA-CM-4748,TCGA-CM-4748-01Z-00-DX1,1,0.8487344,1
tumour/TCGA-CM-4748-01Z-00-DX1_10752_19968.jpg,TCGA-CM-4748,TCGA-CM-4748-01Z-00-DX1,1,0.99078816,1
tumour/TCGA-CM-4748-01Z-00-DX1_10752_20480.jpg,TCGA-CM-4748,TCGA-CM-4748-01Z-00-DX1,1,0.95518833,1
tumour/TCGA-CM-4748-01Z-00-DX1_10752_21504.jpg,TCGA-CM-4748,TCGA-CM-4748-01Z-00-DX1,1,0.4409728,0
tumour/TCGA-CM-4748-01Z-00-DX1_10752_22016.jpg,TCGA-CM-4748,TCGA-CM-4748-01Z-00-DX1,1,0.95504075,1
tumour/TCGA-CM-4748-01Z-00-DX1_10752_31232.jpg,TCGA-CM-4748,TCGA-CM-4748-01Z-00-DX1,1,0.98150235,1
tumour/TCGA-CM-4748-01Z-00-DX1_10752_31744.jpg,TCGA-CM-4748,TCGA-CM-4748-01Z-00-DX1,1,0.96871233,1
tumour/TCGA-CM-4748-01Z-00-DX1_10752_33280.jpg,TCGA-CM-4748,TCGA-CM-4748-01Z-00-DX1,1,0.9998492,1
tumour/TCGA-CM-4748-01Z-00-DX1_11264_18432.jpg,TCGA-CM-4748,TCGA-CM-4748-01Z-00-DX1,1,0.991546,1
tumour/TCGA-CM-4748-01Z-00-DX1_11264_18944.jpg,TCGA-CM-4748,TCGA-CM-4748-01Z-00-DX1,1,0.084776,0
tumour/TCGA-CM-4748-01Z-00-DX1_11264_19968.jpg,TCGA-CM-4748,TCGA-CM-4748-01Z-00-DX1,1,0.11415484,0
tumour/TCGA-CM-4748-01Z-00-DX1_11264_20992.jpg,TCGA-CM-4748,TCGA-CM-4748-01Z-00-DX1,1,0.4907471,0
tumour/TCGA-CM-4748-01Z-00-DX1_11264_22016.jpg,TCGA-CM-4748,TCGA-CM-4748-01Z-00-DX1,1,0.8426815,1
tumour/TCGA-CM-4748-01Z-00-DX1_11264_32768.jpg,TCGA-CM-4748,TCGA-CM-4748-01Z-00-DX1,1,0.99428755,1
tumour/TCGA-CM-4748-01Z-00-DX1_11776_17920.jpg,TCGA-CM-4748,TCGA-CM-4748-01Z-00-DX1,1,0.1601674,0
tumour/TCGA-CM-4748-01Z-00-DX1_11776_19968.jpg,TCGA-CM-4748,TCGA-CM-4748-01Z-00-DX1,1,0.43212038,0
tumour/TCGA-CM-4748-01Z-00-DX1_11776_20480.jpg,TCGA-CM-4748,TCGA-CM-4748-01Z-00-DX1,1,0.99742764,1
tumour/TCGA-CM-4748-01Z-00-DX1_11776_20992.jpg,TCGA-CM-4748,TCGA-CM-4748-01Z-00-DX1,1,0.14717457,0
tumour/TCGA-CM-4748-01Z-00-DX1_11776_21504.jpg,TCGA-CM-4748,TCGA-CM-4748-01Z-00-DX1,1,0.4832957,0
tumour/TCGA-CM-4748-01Z-00-DX1_11776_22016.jpg,TCGA-CM-4748,TCGA-CM-4748-01Z-00-DX1,1,0.9966882,1
tumour/TCGA-CM-4748-01Z-00-DX1_11776_32768.jpg,TCGA-CM-4748,TCGA-CM-4748-01Z-00-DX1,1,0.8192577,1
tumour/TCGA-CM-4748-01Z-00-DX1_12288_19968.jpg,TCGA-CM-4748,TCGA-CM-4748-01Z-00-DX1,1,0.08252147,0
tumour/TCGA-CM-4748-01Z-00-DX1_12288_21504.jpg,TCGA-CM-4748,TCGA-CM-4748-01Z-00-DX1,1,0.867048,1
tumour/TCGA-CM-4748-01Z-00-DX1_12288_22528.jpg,TCGA-CM-4748,TCGA-CM-4748-01Z-00-DX1,1,0.9911786,1
tumour/TCGA-CM-4748-01Z-00-DX1_12288_23040.jpg,TCGA-CM-4748,TCGA-CM-4748-01Z-00-DX1,1,0.9612558,1
tumour/TCGA-CM-4748-01Z-00-DX1_12800_20480.jpg,TCGA-CM-4748,TCGA-CM-4748-01Z-00-DX1,1,0.3436323,0
tumour/TCGA-CM-4748-01Z-00-DX1_12800_22016.jpg,TCGA-CM-4748,TCGA-CM-4748-01Z-00-DX1,1,0.9552021,1
tumour/TCGA-CM-4748-01Z-00-DX1_12800_33280.jpg,TCGA-CM-4748,TCGA-CM-4748-01Z-00-DX1,1,0.9999999,1
tumour/TCGA-CM-4748-01Z-00-DX1_13312_21504.jpg,TCGA-CM-4748,TCGA-CM-4748-01Z-00-DX1,1,0.32205895,0
tumour/TCGA-CM-4748-01Z-00-DX1_1536_10240.jpg,TCGA-CM-4748,TCGA-CM-4748-01Z-00-DX1,1,0.8935774,1
tumour/TCGA-CM-4748-01Z-00-DX1_1536_11776.jpg,TCGA-CM-4748,TCGA-CM-4748-01Z-00-DX1,1,0.99903584,1
tumour/TCGA-CM-4748-01Z-00-DX1_1536_12288.jpg,TCGA-CM-4748,TCGA-CM-4748-01Z-00-DX1,1,0.99888045,1
tumour/TCGA-CM-4748-01Z-00-DX1_1536_8704.jpg,TCGA-CM-4748,TCGA-CM-4748-01Z-00-DX1,1,0.9739672,1
tumour/TCGA-CM-4748-01Z-00-DX1_1536_9216.jpg,TCGA-CM-4748,TCGA-CM-4748-01Z-00-DX1,1,0.98816246,1
tumour/TCGA-CM-4748-01Z-00-DX1_1536_9728.jpg,TCGA-CM-4748,TCGA-CM-4748-01Z-00-DX1,1,0.99762374,1
tumour/TCGA-CM-4748-01Z-00-DX1_15872_25600.jpg,TCGA-CM-4748,TCGA-CM-4748-01Z-00-DX1,1,0.002664633,0
tumour/TCGA-CM-4748-01Z-00-DX1_2048_10752.jpg,TCGA-CM-4748,TCGA-CM-4748-01Z-00-DX1,1,0.98289603,1
tumour/TCGA-CM-4748-01Z-00-DX1_2048_11264.jpg,TCGA-CM-4748,TCGA-CM-4748-01Z-00-DX1,1,0.8321557,1
tumour/TCGA-CM-4748-01Z-00-DX1_2048_12800.jpg,TCGA-CM-4748,TCGA-CM-4748-01Z-00-DX1,1,0.9984351,1
tumour/TCGA-CM-4748-01Z-00-DX1_2048_23552.jpg,TCGA-CM-4748,TCGA-CM-4748-01Z-00-DX1,1,0.9896511,1
tumour/TCGA-CM-4748-01Z-00-DX1_2048_9216.jpg,TCGA-CM-4748,TCGA-CM-4748-01Z-00-DX1,1,0.6776006,1
tumour/TCGA-CM-4748-01Z-00-DX1_2048_9728.jpg,TCGA-CM-4748,TCGA-CM-4748-01Z-00-DX1,1,0.9171771,1
tumour/TCGA-CM-4748-01Z-00-DX1_22528_25088.jpg,TCGA-CM-4748,TCGA-CM-4748-01Z-00-DX1,1,0.88904244,1
tumour/TCGA-CM-4748-01Z-00-DX1_23040_25600.jpg,TCGA-CM-4748,TCGA-CM-4748-01Z-00-DX1,1,0.49021596,0
tumour/TCGA-CM-4748-01Z-00-DX1_2560_10240.jpg,TCGA-CM-4748,TCGA-CM-4748-01Z-00-DX1,1,0.9999013,1
tumour/TCGA-CM-4748-01Z-00-DX1_2560_11776.jpg,TCGA-CM-4748,TCGA-CM-4748-01Z-00-DX1,1,0.99930537,1
tumour/TCGA-CM-4748-01Z-00-DX1_2560_12800.jpg,TCGA-CM-4748,TCGA-CM-4748-01Z-00-DX1,1,0.9128357,1
tumour/TCGA-CM-4748-01Z-00-DX1_2560_14336.jpg,TCGA-CM-4748,TCGA-CM-4748-01Z-00-DX1,1,0.99564385,1
tumour/TCGA-CM-4748-01Z-00-DX1_2560_23040.jpg,TCGA-CM-4748,TCGA-CM-4748-01Z-00-DX1,1,0.99994147,1
tumour/TCGA-CM-4748-01Z-00-DX1_2560_23552.jpg,TCGA-CM-4748,TCGA-CM-4748-01Z-00-DX1,1,0.99791545,1
tumour/TCGA-CM-4748-01Z-00-DX1_2560_24064.jpg,TCGA-CM-4748,TCGA-CM-4748-01Z-00-DX1,1,0.98050964,1
tumour/TCGA-CM-4748-01Z-00-DX1_2560_24576.jpg,TCGA-CM-4748,TCGA-CM-4748-01Z-00-DX1,1,0.95359623,1
tumour/TCGA-CM-4748-01Z-00-DX1_2560_25088.jpg,TCGA-CM-4748,TCGA-CM-4748-01Z-00-DX1,1,0.9945838,1
tumour/TCGA-CM-4748-01Z-00-DX1_2560_9728.jpg,TCGA-CM-4748,TCGA-CM-4748-01Z-00-DX1,1,0.9967152,1
tumour/TCGA-CM-4748-01Z-00-DX1_3072_10240.jpg,TCGA-CM-4748,TCGA-CM-4748-01Z-00-DX1,1,0.99999654,1
tumour/TCGA-CM-4748-01Z-00-DX1_3072_13312.jpg,TCGA-CM-4748,TCGA-CM-4748-01Z-00-DX1,1,0.9999882,1
tumour/TCGA-CM-4748-01Z-00-DX1_3072_13824.jpg,TCGA-CM-4748,TCGA-CM-4748-01Z-00-DX1,1,0.9735084,1
tumour/TCGA-CM-4748-01Z-00-DX1_3072_14336.jpg,TCGA-CM-4748,TCGA-CM-4748-01Z-00-DX1,1,0.9930864,1
tumour/TCGA-CM-4748-01Z-00-DX1_3072_14848.jpg,TCGA-CM-4748,TCGA-CM-4748-01Z-00-DX1,1,0.9967079,1
tumour/TCGA-CM-4748-01Z-00-DX1_3072_22528.jpg,TCGA-CM-4748,TCGA-CM-4748-01Z-00-DX1,1,0.9829959,1
tumour/TCGA-CM-4748-01Z-00-DX1_3072_23040.jpg,TCGA-CM-4748,TCGA-CM-4748-01Z-00-DX1,1,0.99932003,1
tumour/TCGA-CM-4748-01Z-00-DX1_3072_24576.jpg,TCGA-CM-4748,TCGA-CM-4748-01Z-00-DX1,1,0.98429376,1
tumour/TCGA-CM-4748-01Z-00-DX1_3072_25088.jpg,TCGA-CM-4748,TCGA-CM-4748-01Z-00-DX1,1,0.96063083,1
tumour/TCGA-CM-4748-01Z-00-DX1_3072_25600.jpg,TCGA-CM-4748,TCGA-CM-4748-01Z-00-DX1,1,0.9994617,1
tumour/TCGA-CM-4748-01Z-00-DX1_3072_9728.jpg,TCGA-CM-4748,TCGA-CM-4748-01Z-00-DX1,1,0.96641845,1
tumour/TCGA-CM-4748-01Z-00-DX1_3584_10752.jpg,TCGA-CM-4748,TCGA-CM-4748-01Z-00-DX1,1,0.8890971,1
tumour/TCGA-CM-4748-01Z-00-DX1_3584_11264.jpg,TCGA-CM-4748,TCGA-CM-4748-01Z-00-DX1,1,0.9629585,1
tumour/TCGA-CM-4748-01Z-00-DX1_3584_12800.jpg,TCGA-CM-4748,TCGA-CM-4748-01Z-00-DX1,1,0.99998295,1
tumour/TCGA-CM-4748-01Z-00-DX1_3584_13312.jpg,TCGA-CM-4748,TCGA-CM-4748-01Z-00-DX1,1,0.99996877,1
tumour/TCGA-CM-4748-01Z-00-DX1_3584_13824.jpg,TCGA-CM-4748,TCGA-CM-4748-01Z-00-DX1,1,0.9998,1
tumour/TCGA-CM-4748-01Z-00-DX1_3584_14336.jpg,TCGA-CM-4748,TCGA-CM-4748-01Z-00-DX1,1,0.9785582,1
tumour/TCGA-CM-4748-01Z-00-DX1_3584_14848.jpg,TCGA-CM-4748,TCGA-CM-4748-01Z-00-DX1,1,0.9964169,1
tumour/TCGA-CM-4748-01Z-00-DX1_3584_15360.jpg,TCGA-CM-4748,TCGA-CM-4748-01Z-00-DX1,1,0.9769753,1
tumour/TCGA-CM-4748-01Z-00-DX1_3584_21504.jpg,TCGA-CM-4748,TCGA-CM-4748-01Z-00-DX1,1,0.98381156,1
tumour/TCGA-CM-4748-01Z-00-DX1_3584_23040.jpg,TCGA-CM-4748,TCGA-CM-4748-01Z-00-DX1,1,0.905473,1
tumour/TCGA-CM-4748-01Z-00-DX1_3584_23552.jpg,TCGA-CM-4748,TCGA-CM-4748-01Z-00-DX1,1,0.2827543,0
tumour/TCGA-CM-4748-01Z-00-DX1_3584_24064.jpg,TCGA-CM-4748,TCGA-CM-4748-01Z-00-DX1,1,0.23485695,0
tumour/TCGA-CM-4748-01Z-00-DX1_3584_24576.jpg,TCGA-CM-4748,TCGA-CM-4748-01Z-00-DX1,1,0.96997535,1
tumour/TCGA-CM-4748-01Z-00-DX1_3584_26112.jpg,TCGA-CM-4748,TCGA-CM-4748-01Z-00-DX1,1,0.9814069,1
tumour/TCGA-CM-4748-01Z-00-DX1_3584_9216.jpg,TCGA-CM-4748,TCGA-CM-4748-01Z-00-DX1,1,0.9334943,1
tumour/TCGA-CM-4748-01Z-00-DX1_3584_9728.jpg,TCGA-CM-4748,TCGA-CM-4748-01Z-00-DX1,1,0.99841034,1
tumour/TCGA-CM-4748-01Z-00-DX1_4096_10240.jpg,TCGA-CM-4748,TCGA-CM-4748-01Z-00-DX1,1,0.99995005,1
tumour/TCGA-CM-4748-01Z-00-DX1_4096_12288.jpg,TCGA-CM-4748,TCGA-CM-4748-01Z-00-DX1,1,0.9958794,1
tumour/TCGA-CM-4748-01Z-00-DX1_4096_13312.jpg,TCGA-CM-4748,TCGA-CM-4748-01Z-00-DX1,1,0.9998412,1
tumour/TCGA-CM-4748-01Z-00-DX1_4096_13824.jpg,TCGA-CM-4748,TCGA-CM-4748-01Z-00-DX1,1,0.9879309,1
tumour/TCGA-CM-4748-01Z-00-DX1_4096_15360.jpg,TCGA-CM-4748,TCGA-CM-4748-01Z-00-DX1,1,0.9907566,1
tumour/TCGA-CM-4748-01Z-00-DX1_4096_22528.jpg,TCGA-CM-4748,TCGA-CM-4748-01Z-00-DX1,1,0.9307232,1
tumour/TCGA-CM-4748-01Z-00-DX1_4096_23040.jpg,TCGA-CM-4748,TCGA-CM-4748-01Z-00-DX1,1,0.0067702834,0
tumour/TCGA-CM-4748-01Z-00-DX1_4096_24064.jpg,TCGA-CM-4748,TCGA-CM-4748-01Z-00-DX1,1,0.019938935,0
tumour/TCGA-CM-4748-01Z-00-DX1_4096_25088.jpg,TCGA-CM-4748,TCGA-CM-4748-01Z-00-DX1,1,0.889039,1
tumour/TCGA-CM-4748-01Z-00-DX1_4096_27136.jpg,TCGA-CM-4748,TCGA-CM-4748-01Z-00-DX1,1,0.9436376,1
tumour/TCGA-CM-4748-01Z-00-DX1_4096_9216.jpg,TCGA-CM-4748,TCGA-CM-4748-01Z-00-DX1,1,0.7397752,1
tumour/TCGA-CM-4748-01Z-00-DX1_4608_11264.jpg,TCGA-CM-4748,TCGA-CM-4748-01Z-00-DX1,1,0.92784435,1
tumour/TCGA-CM-4748-01Z-00-DX1_4608_12288.jpg,TCGA-CM-4748,TCGA-CM-4748-01Z-00-DX1,1,0.97422284,1
tumour/TCGA-CM-4748-01Z-00-DX1_4608_12800.jpg,TCGA-CM-4748,TCGA-CM-4748-01Z-00-DX1,1,0.97167724,1
tumour/TCGA-CM-4748-01Z-00-DX1_4608_13824.jpg,TCGA-CM-4748,TCGA-CM-4748-01Z-00-DX1,1,0.9455463,1
tumour/TCGA-CM-4748-01Z-00-DX1_4608_21504.jpg,TCGA-CM-4748,TCGA-CM-4748-01Z-00-DX1,1,0.99330175,1
tumour/TCGA-CM-4748-01Z-00-DX1_4608_22016.jpg,TCGA-CM-4748,TCGA-CM-4748-01Z-00-DX1,1,0.98951274,1
tumour/TCGA-CM-4748-01Z-00-DX1_4608_22528.jpg,TCGA-CM-4748,TCGA-CM-4748-01Z-00-DX1,1,0.8824476,1
tumour/TCGA-CM-4748-01Z-00-DX1_4608_23040.jpg,TCGA-CM-4748,TCGA-CM-4748-01Z-00-DX1,1,0.0018933996,0
tumour/TCGA-CM-4748-01Z-00-DX1_4608_23552.jpg,TCGA-CM-4748,TCGA-CM-4748-01Z-00-DX1,1,0.44255915,0
tumour/TCGA-CM-4748-01Z-00-DX1_4608_9216.jpg,TCGA-CM-4748,TCGA-CM-4748-01Z-00-DX1,1,0.9619757,1
tumour/TCGA-CM-4748-01Z-00-DX1_4608_9728.jpg,TCGA-CM-4748,TCGA-CM-4748-01Z-00-DX1,1,0.995902,1
tumour/TCGA-CM-4748-01Z-00-DX1_5120_13312.jpg,TCGA-CM-4748,TCGA-CM-4748-01Z-00-DX1,1,0.99221426,1
tumour/TCGA-CM-4748-01Z-00-DX1_5120_20992.jpg,TCGA-CM-4748,TCGA-CM-4748-01Z-00-DX1,1,0.9850269,1
tumour/TCGA-CM-4748-01Z-00-DX1_5120_21504.jpg,TCGA-CM-4748,TCGA-CM-4748-01Z-00-DX1,1,0.36868918,0
tumour/TCGA-CM-4748-01Z-00-DX1_5120_22016.jpg,TCGA-CM-4748,TCGA-CM-4748-01Z-00-DX1,1,0.83711004,1
tumour/TCGA-CM-4748-01Z-00-DX1_5120_24576.jpg,TCGA-CM-4748,TCGA-CM-4748-01Z-00-DX1,1,0.96628344,1
tumour/TCGA-CM-4748-01Z-00-DX1_5120_25088.jpg,TCGA-CM-4748,TCGA-CM-4748-01Z-00-DX1,1,0.8316532,1
tumour/TCGA-CM-4748-01Z-00-DX1_5120_28160.jpg,TCGA-CM-4748,TCGA-CM-4748-01Z-00-DX1,1,0.99587256,1
tumour/TCGA-CM-4748-01Z-00-DX1_5120_28672.jpg,TCGA-CM-4748,TCGA-CM-4748-01Z-00-DX1,1,0.93633467,1
tumour/TCGA-CM-4748-01Z-00-DX1_5120_6656.jpg,TCGA-CM-4748,TCGA-CM-4748-01Z-00-DX1,1,0.46520737,0
tumour/TCGA-CM-4748-01Z-00-DX1_5120_8192.jpg,TCGA-CM-4748,TCGA-CM-4748-01Z-00-DX1,1,0.9843426,1
tumour/TCGA-CM-4748-01Z-00-DX1_5120_9216.jpg,TCGA-CM-4748,TCGA-CM-4748-01Z-00-DX1,1,0.93323576,1
tumour/TCGA-CM-4748-01Z-00-DX1_5120_9728.jpg,TCGA-CM-4748,TCGA-CM-4748-01Z-00-DX1,1,0.9689469,1
tumour/TCGA-CM-4748-01Z-00-DX1_512_10240.jpg,TCGA-CM-4748,TCGA-CM-4748-01Z-00-DX1,1,0.9994142,1
tumour/TCGA-CM-4748-01Z-00-DX1_512_11264.jpg,TCGA-CM-4748,TCGA-CM-4748-01Z-00-DX1,1,0.98057246,1
tumour/TCGA-CM-4748-01Z-00-DX1_5632_10752.jpg,TCGA-CM-4748,TCGA-CM-4748-01Z-00-DX1,1,0.9120393,1
tumour/TCGA-CM-4748-01Z-00-DX1_5632_13312.jpg,TCGA-CM-4748,TCGA-CM-4748-01Z-00-DX1,1,0.51818824,1
tumour/TCGA-CM-4748-01Z-00-DX1_5632_20992.jpg,TCGA-CM-4748,TCGA-CM-4748-01Z-00-DX1,1,0.9941402,1
tumour/TCGA-CM-4748-01Z-00-DX1_5632_21504.jpg,TCGA-CM-4748,TCGA-CM-4748-01Z-00-DX1,1,0.93143636,1
tumour/TCGA-CM-4748-01Z-00-DX1_5632_22016.jpg,TCGA-CM-4748,TCGA-CM-4748-01Z-00-DX1,1,0.9996278,1
tumour/TCGA-CM-4748-01Z-00-DX1_5632_22528.jpg,TCGA-CM-4748,TCGA-CM-4748-01Z-00-DX1,1,0.99556595,1
tumour/TCGA-CM-4748-01Z-00-DX1_5632_23552.jpg,TCGA-CM-4748,TCGA-CM-4748-01Z-00-DX1,1,0.9739246,1
tumour/TCGA-CM-4748-01Z-00-DX1_5632_24576.jpg,TCGA-CM-4748,TCGA-CM-4748-01Z-00-DX1,1,0.9650586,1
tumour/TCGA-CM-4748-01Z-00-DX1_5632_26624.jpg,TCGA-CM-4748,TCGA-CM-4748-01Z-00-DX1,1,0.9496145,1
tumour/TCGA-CM-4748-01Z-00-DX1_5632_27136.jpg,TCGA-CM-4748,TCGA-CM-4748-01Z-00-DX1,1,0.8747336,1
tumour/TCGA-CM-4748-01Z-00-DX1_5632_28160.jpg,TCGA-CM-4748,TCGA-CM-4748-01Z-00-DX1,1,0.94091976,1
tumour/TCGA-CM-4748-01Z-00-DX1_5632_28672.jpg,TCGA-CM-4748,TCGA-CM-4748-01Z-00-DX1,1,0.99488056,1
tumour/TCGA-CM-4748-01Z-00-DX1_5632_6656.jpg,TCGA-CM-4748,TCGA-CM-4748-01Z-00-DX1,1,0.9014606,1
tumour/TCGA-CM-4748-01Z-00-DX1_5632_7680.jpg,TCGA-CM-4748,TCGA-CM-4748-01Z-00-DX1,1,0.9028652,1
tumour/TCGA-CM-4748-01Z-00-DX1_5632_8192.jpg,TCGA-CM-4748,TCGA-CM-4748-01Z-00-DX1,1,0.5794457,1
tumour/TCGA-CM-4748-01Z-00-DX1_5632_9216.jpg,TCGA-CM-4748,TCGA-CM-4748-01Z-00-DX1,1,0.9603332,1
tumour/TCGA-CM-4748-01Z-00-DX1_6144_10240.jpg,TCGA-CM-4748,TCGA-CM-4748-01Z-00-DX1,1,0.9948608,1
tumour/TCGA-CM-4748-01Z-00-DX1_6144_10752.jpg,TCGA-CM-4748,TCGA-CM-4748-01Z-00-DX1,1,0.9976453,1
tumour/TCGA-CM-4748-01Z-00-DX1_6144_17920.jpg,TCGA-CM-4748,TCGA-CM-4748-01Z-00-DX1,1,0.8286697,1
tumour/TCGA-CM-4748-01Z-00-DX1_6144_20992.jpg,TCGA-CM-4748,TCGA-CM-4748-01Z-00-DX1,1,0.99834764,1
tumour/TCGA-CM-4748-01Z-00-DX1_6144_22528.jpg,TCGA-CM-4748,TCGA-CM-4748-01Z-00-DX1,1,0.9689094,1
tumour/TCGA-CM-4748-01Z-00-DX1_6144_23040.jpg,TCGA-CM-4748,TCGA-CM-4748-01Z-00-DX1,1,0.97208744,1
tumour/TCGA-CM-4748-01Z-00-DX1_6144_23552.jpg,TCGA-CM-4748,TCGA-CM-4748-01Z-00-DX1,1,0.9011171,1
tumour/TCGA-CM-4748-01Z-00-DX1_6144_26112.jpg,TCGA-CM-4748,TCGA-CM-4748-01Z-00-DX1,1,0.89971143,1
tumour/TCGA-CM-4748-01Z-00-DX1_6144_27136.jpg,TCGA-CM-4748,TCGA-CM-4748-01Z-00-DX1,1,0.9475851,1
tumour/TCGA-CM-4748-01Z-00-DX1_6144_27648.jpg,TCGA-CM-4748,TCGA-CM-4748-01Z-00-DX1,1,0.99409455,1
tumour/TCGA-CM-4748-01Z-00-DX1_6144_28672.jpg,TCGA-CM-4748,TCGA-CM-4748-01Z-00-DX1,1,0.23272334,0
tumour/TCGA-CM-4748-01Z-00-DX1_6144_29184.jpg,TCGA-CM-4748,TCGA-CM-4748-01Z-00-DX1,1,0.56721324,1
tumour/TCGA-CM-4748-01Z-00-DX1_6144_30208.jpg,TCGA-CM-4748,TCGA-CM-4748-01Z-00-DX1,1,0.9865584,1
tumour/TCGA-CM-4748-01Z-00-DX1_6144_7168.jpg,TCGA-CM-4748,TCGA-CM-4748-01Z-00-DX1,1,0.9868558,1
tumour/TCGA-CM-4748-01Z-00-DX1_6144_7680.jpg,TCGA-CM-4748,TCGA-CM-4748-01Z-00-DX1,1,0.6715421,1
tumour/TCGA-CM-4748-01Z-00-DX1_6144_8192.jpg,TCGA-CM-4748,TCGA-CM-4748-01Z-00-DX1,1,0.044337183,0
tumour/TCGA-CM-4748-01Z-00-DX1_6144_9728.jpg,TCGA-CM-4748,TCGA-CM-4748-01Z-00-DX1,1,0.99968255,1
tumour/TCGA-CM-4748-01Z-00-DX1_6656_10752.jpg,TCGA-CM-4748,TCGA-CM-4748-01Z-00-DX1,1,0.98964185,1
tumour/TCGA-CM-4748-01Z-00-DX1_6656_17408.jpg,TCGA-CM-4748,TCGA-CM-4748-01Z-00-DX1,1,0.842905,1
tumour/TCGA-CM-4748-01Z-00-DX1_6656_20992.jpg,TCGA-CM-4748,TCGA-CM-4748-01Z-00-DX1,1,0.7683453,1
tumour/TCGA-CM-4748-01Z-00-DX1_6656_21504.jpg,TCGA-CM-4748,TCGA-CM-4748-01Z-00-DX1,1,0.9885548,1
tumour/TCGA-CM-4748-01Z-00-DX1_6656_23040.jpg,TCGA-CM-4748,TCGA-CM-4748-01Z-00-DX1,1,0.9721058,1
tumour/TCGA-CM-4748-01Z-00-DX1_6656_26112.jpg,TCGA-CM-4748,TCGA-CM-4748-01Z-00-DX1,1,0.85024136,1
tumour/TCGA-CM-4748-01Z-00-DX1_6656_26624.jpg,TCGA-CM-4748,TCGA-CM-4748-01Z-00-DX1,1,0.9231142,1
tumour/TCGA-CM-4748-01Z-00-DX1_6656_28672.jpg,TCGA-CM-4748,TCGA-CM-4748-01Z-00-DX1,1,0.00015826605,0
tumour/TCGA-CM-4748-01Z-00-DX1_6656_29184.jpg,TCGA-CM-4748,TCGA-CM-4748-01Z-00-DX1,1,0.1418656,0
tumour/TCGA-CM-4748-01Z-00-DX1_6656_29696.jpg,TCGA-CM-4748,TCGA-CM-4748-01Z-00-DX1,1,0.93457127,1
tumour/TCGA-CM-4748-01Z-00-DX1_6656_30208.jpg,TCGA-CM-4748,TCGA-CM-4748-01Z-00-DX1,1,0.9919012,1
tumour/TCGA-CM-4748-01Z-00-DX1_6656_33280.jpg,TCGA-CM-4748,TCGA-CM-4748-01Z-00-DX1,1,0.9979219,1
tumour/TCGA-CM-4748-01Z-00-DX1_6656_33792.jpg,TCGA-CM-4748,TCGA-CM-4748-01Z-00-DX1,1,0.9973339,1
tumour/TCGA-CM-4748-01Z-00-DX1_6656_9216.jpg,TCGA-CM-4748,TCGA-CM-4748-01Z-00-DX1,1,0.96005714,1
tumour/TCGA-CM-4748-01Z-00-DX1_7168_10240.jpg,TCGA-CM-4748,TCGA-CM-4748-01Z-00-DX1,1,0.9991755,1
tumour/TCGA-CM-4748-01Z-00-DX1_7168_10752.jpg,TCGA-CM-4748,TCGA-CM-4748-01Z-00-DX1,1,0.9973073,1
tumour/TCGA-CM-4748-01Z-00-DX1_7168_11264.jpg,TCGA-CM-4748,TCGA-CM-4748-01Z-00-DX1,1,0.97393125,1
tumour/TCGA-CM-4748-01Z-00-DX1_7168_16896.jpg,TCGA-CM-4748,TCGA-CM-4748-01Z-00-DX1,1,0.11455625,0
tumour/TCGA-CM-4748-01Z-00-DX1_7168_18944.jpg,TCGA-CM-4748,TCGA-CM-4748-01Z-00-DX1,1,0.99996066,1
tumour/TCGA-CM-4748-01Z-00-DX1_7168_20480.jpg,TCGA-CM-4748,TCGA-CM-4748-01Z-00-DX1,1,0.9943183,1
tumour/TCGA-CM-4748-01Z-00-DX1_7168_20992.jpg,TCGA-CM-4748,TCGA-CM-4748-01Z-00-DX1,1,0.8462919,1
tumour/TCGA-CM-4748-01Z-00-DX1_7168_21504.jpg,TCGA-CM-4748,TCGA-CM-4748-01Z-00-DX1,1,0.63021684,1
tumour/TCGA-CM-4748-01Z-00-DX1_7168_23552.jpg,TCGA-CM-4748,TCGA-CM-4748-01Z-00-DX1,1,0.9767274,1
tumour/TCGA-CM-4748-01Z-00-DX1_7168_25088.jpg,TCGA-CM-4748,TCGA-CM-4748-01Z-00-DX1,1,0.94302213,1
tumour/TCGA-CM-4748-01Z-00-DX1_7168_26112.jpg,TCGA-CM-4748,TCGA-CM-4748-01Z-00-DX1,1,0.9942312,1
tumour/TCGA-CM-4748-01Z-00-DX1_7168_26624.jpg,TCGA-CM-4748,TCGA-CM-4748-01Z-00-DX1,1,0.99312794,1
tumour/TCGA-CM-4748-01Z-00-DX1_7168_27136.jpg,TCGA-CM-4748,TCGA-CM-4748-01Z-00-DX1,1,0.9953956,1
tumour/TCGA-CM-4748-01Z-00-DX1_7168_28160.jpg,TCGA-CM-4748,TCGA-CM-4748-01Z-00-DX1,1,0.9998234,1
tumour/TCGA-CM-4748-01Z-00-DX1_7168_29184.jpg,TCGA-CM-4748,TCGA-CM-4748-01Z-00-DX1,1,0.0005527873,0
tumour/TCGA-CM-4748-01Z-00-DX1_7168_29696.jpg,TCGA-CM-4748,TCGA-CM-4748-01Z-00-DX1,1,0.051773716,0
tumour/TCGA-CM-4748-01Z-00-DX1_7168_30208.jpg,TCGA-CM-4748,TCGA-CM-4748-01Z-00-DX1,1,0.98930943,1
tumour/TCGA-CM-4748-01Z-00-DX1_7680_10752.jpg,TCGA-CM-4748,TCGA-CM-4748-01Z-00-DX1,1,0.995905,1
tumour/TCGA-CM-4748-01Z-00-DX1_7680_16896.jpg,TCGA-CM-4748,TCGA-CM-4748-01Z-00-DX1,1,0.87038827,1
tumour/TCGA-CM-4748-01Z-00-DX1_7680_17920.jpg,TCGA-CM-4748,TCGA-CM-4748-01Z-00-DX1,1,0.2818587,0
tumour/TCGA-CM-4748-01Z-00-DX1_7680_18944.jpg,TCGA-CM-4748,TCGA-CM-4748-01Z-00-DX1,1,0.9988932,1
tumour/TCGA-CM-4748-01Z-00-DX1_7680_19456.jpg,TCGA-CM-4748,TCGA-CM-4748-01Z-00-DX1,1,0.9195606,1
tumour/TCGA-CM-4748-01Z-00-DX1_7680_19968.jpg,TCGA-CM-4748,TCGA-CM-4748-01Z-00-DX1,1,0.7776671,1
tumour/TCGA-CM-4748-01Z-00-DX1_7680_20992.jpg,TCGA-CM-4748,TCGA-CM-4748-01Z-00-DX1,1,0.9778024,1
tumour/TCGA-CM-4748-01Z-00-DX1_7680_22016.jpg,TCGA-CM-4748,TCGA-CM-4748-01Z-00-DX1,1,0.80084103,1
tumour/TCGA-CM-4748-01Z-00-DX1_7680_23040.jpg,TCGA-CM-4748,TCGA-CM-4748-01Z-00-DX1,1,0.53865224,1
tumour/TCGA-CM-4748-01Z-00-DX1_7680_24576.jpg,TCGA-CM-4748,TCGA-CM-4748-01Z-00-DX1,1,0.99248976,1
tumour/TCGA-CM-4748-01Z-00-DX1_7680_25088.jpg,TCGA-CM-4748,TCGA-CM-4748-01Z-00-DX1,1,0.1800935,0
tumour/TCGA-CM-4748-01Z-00-DX1_7680_26112.jpg,TCGA-CM-4748,TCGA-CM-4748-01Z-00-DX1,1,0.74976677,1
tumour/TCGA-CM-4748-01Z-00-DX1_7680_27648.jpg,TCGA-CM-4748,TCGA-CM-4748-01Z-00-DX1,1,0.99989927,1
tumour/TCGA-CM-4748-01Z-00-DX1_7680_28672.jpg,TCGA-CM-4748,TCGA-CM-4748-01Z-00-DX1,1,0.9979838,1
tumour/TCGA-CM-4748-01Z-00-DX1_7680_29184.jpg,TCGA-CM-4748,TCGA-CM-4748-01Z-00-DX1,1,0.7408512,1
tumour/TCGA-CM-4748-01Z-00-DX1_7680_29696.jpg,TCGA-CM-4748,TCGA-CM-4748-01Z-00-DX1,1,0.995924,1
tumour/TCGA-CM-4748-01Z-00-DX1_7680_30208.jpg,TCGA-CM-4748,TCGA-CM-4748-01Z-00-DX1,1,0.9771853,1
tumour/TCGA-CM-4748-01Z-00-DX1_7680_30720.jpg,TCGA-CM-4748,TCGA-CM-4748-01Z-00-DX1,1,0.99997795,1
tumour/TCGA-CM-4748-01Z-00-DX1_7680_31744.jpg,TCGA-CM-4748,TCGA-CM-4748-01Z-00-DX1,1,0.9017788,1
tumour/TCGA-CM-4748-01Z-00-DX1_7680_32256.jpg,TCGA-CM-4748,TCGA-CM-4748-01Z-00-DX1,1,0.98507047,1
tumour/TCGA-CM-4748-01Z-00-DX1_7680_32768.jpg,TCGA-CM-4748,TCGA-CM-4748-01Z-00-DX1,1,0.9999565,1
tumour/TCGA-CM-4748-01Z-00-DX1_7680_33280.jpg,TCGA-CM-4748,TCGA-CM-4748-01Z-00-DX1,1,0.99999213,1
tumour/TCGA-CM-4748-01Z-00-DX1_8192_10752.jpg,TCGA-CM-4748,TCGA-CM-4748-01Z-00-DX1,1,0.99375725,1
tumour/TCGA-CM-4748-01Z-00-DX1_8192_17920.jpg,TCGA-CM-4748,TCGA-CM-4748-01Z-00-DX1,1,0.47359547,0
tumour/TCGA-CM-4748-01Z-00-DX1_8192_18432.jpg,TCGA-CM-4748,TCGA-CM-4748-01Z-00-DX1,1,0.9966828,1
tumour/TCGA-CM-4748-01Z-00-DX1_8192_20480.jpg,TCGA-CM-4748,TCGA-CM-4748-01Z-00-DX1,1,0.507151,1
tumour/TCGA-CM-4748-01Z-00-DX1_8192_24576.jpg,TCGA-CM-4748,TCGA-CM-4748-01Z-00-DX1,1,0.7431086,1
tumour/TCGA-CM-4748-01Z-00-DX1_8192_25088.jpg,TCGA-CM-4748,TCGA-CM-4748-01Z-00-DX1,1,0.85197836,1
tumour/TCGA-CM-4748-01Z-00-DX1_8192_25600.jpg,TCGA-CM-4748,TCGA-CM-4748-01Z-00-DX1,1,0.41485217,0
tumour/TCGA-CM-4748-01Z-00-DX1_8192_26112.jpg,TCGA-CM-4748,TCGA-CM-4748-01Z-00-DX1,1,0.9613775,1
tumour/TCGA-CM-4748-01Z-00-DX1_8192_26624.jpg,TCGA-CM-4748,TCGA-CM-4748-01Z-00-DX1,1,0.5595031,1
tumour/TCGA-CM-4748-01Z-00-DX1_8192_28160.jpg,TCGA-CM-4748,TCGA-CM-4748-01Z-00-DX1,1,0.98824906,1
tumour/TCGA-CM-4748-01Z-00-DX1_8192_28672.jpg,TCGA-CM-4748,TCGA-CM-4748-01Z-00-DX1,1,0.9988311,1
tumour/TCGA-CM-4748-01Z-00-DX1_8192_29184.jpg,TCGA-CM-4748,TCGA-CM-4748-01Z-00-DX1,1,0.95117605,1
tumour/TCGA-CM-4748-01Z-00-DX1_8192_30720.jpg,TCGA-CM-4748,TCGA-CM-4748-01Z-00-DX1,1,0.9997403,1
tumour/TCGA-CM-4748-01Z-00-DX1_8192_31744.jpg,TCGA-CM-4748,TCGA-CM-4748-01Z-00-DX1,1,0.51127464,1
tumour/TCGA-CM-4748-01Z-00-DX1_8192_32256.jpg,TCGA-CM-4748,TCGA-CM-4748-01Z-00-DX1,1,0.9987325,1
tumour/TCGA-CM-4748-01Z-00-DX1_8192_33792.jpg,TCGA-CM-4748,TCGA-CM-4748-01Z-00-DX1,1,0.99995816,1
tumour/TCGA-CM-4748-01Z-00-DX1_8192_9216.jpg,TCGA-CM-4748,TCGA-CM-4748-01Z-00-DX1,1,0.99274033,1
tumour/TCGA-CM-4748-01Z-00-DX1_8192_9728.jpg,TCGA-CM-4748,TCGA-CM-4748-01Z-00-DX1,1,0.114517316,0
tumour/TCGA-CM-4748-01Z-00-DX1_8704_17920.jpg,TCGA-CM-4748,TCGA-CM-4748-01Z-00-DX1,1,0.81777346,1
tumour/TCGA-CM-4748-01Z-00-DX1_8704_19968.jpg,TCGA-CM-4748,TCGA-CM-4748-01Z-00-DX1,1,0.99978834,1
tumour/TCGA-CM-4748-01Z-00-DX1_8704_20992.jpg,TCGA-CM-4748,TCGA-CM-4748-01Z-00-DX1,1,0.9226301,1
tumour/TCGA-CM-4748-01Z-00-DX1_8704_21504.jpg,TCGA-CM-4748,TCGA-CM-4748-01Z-00-DX1,1,0.97312725,1
tumour/TCGA-CM-4748-01Z-00-DX1_8704_22016.jpg,TCGA-CM-4748,TCGA-CM-4748-01Z-00-DX1,1,0.35714868,0
tumour/TCGA-CM-4748-01Z-00-DX1_8704_26624.jpg,TCGA-CM-4748,TCGA-CM-4748-01Z-00-DX1,1,0.6098465,1
tumour/TCGA-CM-4748-01Z-00-DX1_8704_27136.jpg,TCGA-CM-4748,TCGA-CM-4748-01Z-00-DX1,1,0.9952454,1
tumour/TCGA-CM-4748-01Z-00-DX1_8704_28160.jpg,TCGA-CM-4748,TCGA-CM-4748-01Z-00-DX1,1,0.92750424,1
tumour/TCGA-CM-4748-01Z-00-DX1_8704_29184.jpg,TCGA-CM-4748,TCGA-CM-4748-01Z-00-DX1,1,0.9771428,1
tumour/TCGA-CM-4748-01Z-00-DX1_8704_29696.jpg,TCGA-CM-4748,TCGA-CM-4748-01Z-00-DX1,1,0.98505104,1
tumour/TCGA-CM-4748-01Z-00-DX1_8704_31744.jpg,TCGA-CM-4748,TCGA-CM-4748-01Z-00-DX1,1,0.9957979,1
tumour/TCGA-CM-4748-01Z-00-DX1_8704_32768.jpg,TCGA-CM-4748,TCGA-CM-4748-01Z-00-DX1,1,0.99908125,1
tumour/TCGA-CM-4748-01Z-00-DX1_8704_33280.jpg,TCGA-CM-4748,TCGA-CM-4748-01Z-00-DX1,1,0.999747,1
tumour/TCGA-CM-4748-01Z-00-DX1_9216_10752.jpg,TCGA-CM-4748,TCGA-CM-4748-01Z-00-DX1,1,0.075540856,0
tumour/TCGA-CM-4748-01Z-00-DX1_9216_16896.jpg,TCGA-CM-4748,TCGA-CM-4748-01Z-00-DX1,1,0.9968363,1
tumour/TCGA-CM-4748-01Z-00-DX1_9216_17408.jpg,TCGA-CM-4748,TCGA-CM-4748-01Z-00-DX1,1,0.27426544,0
tumour/TCGA-CM-4748-01Z-00-DX1_9216_17920.jpg,TCGA-CM-4748,TCGA-CM-4748-01Z-00-DX1,1,0.009504028,0
tumour/TCGA-CM-4748-01Z-00-DX1_9216_18944.jpg,TCGA-CM-4748,TCGA-CM-4748-01Z-00-DX1,1,0.11252361,0
tumour/TCGA-CM-4748-01Z-00-DX1_9216_19456.jpg,TCGA-CM-4748,TCGA-CM-4748-01Z-00-DX1,1,0.99268943,1
tumour/TCGA-CM-4748-01Z-00-DX1_9216_30208.jpg,TCGA-CM-4748,TCGA-CM-4748-01Z-00-DX1,1,0.9787651,1
tumour/TCGA-CM-4748-01Z-00-DX1_9216_30720.jpg,TCGA-CM-4748,TCGA-CM-4748-01Z-00-DX1,1,0.9992132,1
tumour/TCGA-CM-4748-01Z-00-DX1_9216_32256.jpg,TCGA-CM-4748,TCGA-CM-4748-01Z-00-DX1,1,0.9890773,1
tumour/TCGA-CM-4748-01Z-00-DX1_9216_33280.jpg,TCGA-CM-4748,TCGA-CM-4748-01Z-00-DX1,1,0.9953394,1
tumour/TCGA-CM-4748-01Z-00-DX1_9728_16896.jpg,TCGA-CM-4748,TCGA-CM-4748-01Z-00-DX1,1,0.99894756,1
tumour/TCGA-CM-4748-01Z-00-DX1_9728_17408.jpg,TCGA-CM-4748,TCGA-CM-4748-01Z-00-DX1,1,0.97289366,1
tumour/TCGA-CM-4748-01Z-00-DX1_9728_17920.jpg,TCGA-CM-4748,TCGA-CM-4748-01Z-00-DX1,1,0.0038834543,0
tumour/TCGA-CM-4748-01Z-00-DX1_9728_18432.jpg,TCGA-CM-4748,TCGA-CM-4748-01Z-00-DX1,1,0.024520151,0
tumour/TCGA-CM-4748-01Z-00-DX1_9728_20992.jpg,TCGA-CM-4748,TCGA-CM-4748-01Z-00-DX1,1,0.791618,1
tumour/TCGA-CM-4748-01Z-00-DX1_9728_21504.jpg,TCGA-CM-4748,TCGA-CM-4748-01Z-00-DX1,1,0.5378166,1
tumour/TCGA-CM-4748-01Z-00-DX1_9728_22016.jpg,TCGA-CM-4748,TCGA-CM-4748-01Z-00-DX1,1,0.6255246,1
tumour/TCGA-CM-4748-01Z-00-DX1_9728_30208.jpg,TCGA-CM-4748,TCGA-CM-4748-01Z-00-DX1,1,0.84831667,1
tumour/TCGA-CM-4748-01Z-00-DX1_9728_30720.jpg,TCGA-CM-4748,TCGA-CM-4748-01Z-00-DX1,1,0.99441874,1
tumour/TCGA-CM-4748-01Z-00-DX1_9728_31232.jpg,TCGA-CM-4748,TCGA-CM-4748-01Z-00-DX1,1,0.99670464,1
tumour/TCGA-CM-4748-01Z-00-DX1_9728_31744.jpg,TCGA-CM-4748,TCGA-CM-4748-01Z-00-DX1,1,0.9544394,1
tumour/TCGA-CM-4748-01Z-00-DX1_9728_33280.jpg,TCGA-CM-4748,TCGA-CM-4748-01Z-00-DX1,1,0.9955029,1
tumour/TCGA-D5-6538-01Z-00-DX1_18432_13312.jpg,TCGA-D5-6538,TCGA-D5-6538-01Z-00-DX1,1,0.9631397,1
tumour/TCGA-D5-6538-01Z-00-DX1_18432_14336.jpg,TCGA-D5-6538,TCGA-D5-6538-01Z-00-DX1,1,0.9999435,1
tumour/TCGA-D5-6538-01Z-00-DX1_18944_13312.jpg,TCGA-D5-6538,TCGA-D5-6538-01Z-00-DX1,1,0.9845984,1
tumour/TCGA-D5-6538-01Z-00-DX1_18944_14336.jpg,TCGA-D5-6538,TCGA-D5-6538-01Z-00-DX1,1,0.9999689,1
tumour/TCGA-D5-6538-01Z-00-DX1_19456_12288.jpg,TCGA-D5-6538,TCGA-D5-6538-01Z-00-DX1,1,0.99342924,1
tumour/TCGA-D5-6538-01Z-00-DX1_19456_12800.jpg,TCGA-D5-6538,TCGA-D5-6538-01Z-00-DX1,1,0.99863094,1
tumour/TCGA-D5-6538-01Z-00-DX1_19456_13312.jpg,TCGA-D5-6538,TCGA-D5-6538-01Z-00-DX1,1,0.99963355,1
tumour/TCGA-D5-6538-01Z-00-DX1_20480_12800.jpg,TCGA-D5-6538,TCGA-D5-6538-01Z-00-DX1,1,0.99998796,1
tumour/TCGA-D5-6538-01Z-00-DX1_22016_20480.jpg,TCGA-D5-6538,TCGA-D5-6538-01Z-00-DX1,1,0.96397334,1
tumour/TCGA-D5-6538-01Z-00-DX1_22016_20992.jpg,TCGA-D5-6538,TCGA-D5-6538-01Z-00-DX1,1,0.9999702,1
tumour/TCGA-D5-6538-01Z-00-DX1_22528_18944.jpg,TCGA-D5-6538,TCGA-D5-6538-01Z-00-DX1,1,0.9981389,1
tumour/TCGA-D5-6538-01Z-00-DX1_22528_19456.jpg,TCGA-D5-6538,TCGA-D5-6538-01Z-00-DX1,1,0.9999491,1
tumour/TCGA-D5-6538-01Z-00-DX1_22528_20992.jpg,TCGA-D5-6538,TCGA-D5-6538-01Z-00-DX1,1,0.9999703,1
tumour/TCGA-D5-6538-01Z-00-DX1_22528_23040.jpg,TCGA-D5-6538,TCGA-D5-6538-01Z-00-DX1,1,0.9999443,1
tumour/TCGA-D5-6538-01Z-00-DX1_22528_25600.jpg,TCGA-D5-6538,TCGA-D5-6538-01Z-00-DX1,1,0.99991417,1
tumour/TCGA-D5-6538-01Z-00-DX1_22528_28160.jpg,TCGA-D5-6538,TCGA-D5-6538-01Z-00-DX1,1,0.99991167,1
tumour/TCGA-D5-6538-01Z-00-DX1_22528_28672.jpg,TCGA-D5-6538,TCGA-D5-6538-01Z-00-DX1,1,0.99999666,1
tumour/TCGA-D5-6538-01Z-00-DX1_22528_29184.jpg,TCGA-D5-6538,TCGA-D5-6538-01Z-00-DX1,1,0.9670254,1
tumour/TCGA-D5-6538-01Z-00-DX1_22528_30720.jpg,TCGA-D5-6538,TCGA-D5-6538-01Z-00-DX1,1,0.9920293,1
tumour/TCGA-D5-6538-01Z-00-DX1_23040_17920.jpg,TCGA-D5-6538,TCGA-D5-6538-01Z-00-DX1,1,0.99996996,1
tumour/TCGA-D5-6538-01Z-00-DX1_23040_18944.jpg,TCGA-D5-6538,TCGA-D5-6538-01Z-00-DX1,1,0.9959323,1
tumour/TCGA-D5-6538-01Z-00-DX1_23040_19456.jpg,TCGA-D5-6538,TCGA-D5-6538-01Z-00-DX1,1,0.99930274,1
tumour/TCGA-D5-6538-01Z-00-DX1_23040_19968.jpg,TCGA-D5-6538,TCGA-D5-6538-01Z-00-DX1,1,0.9997321,1
tumour/TCGA-D5-6538-01Z-00-DX1_23040_20480.jpg,TCGA-D5-6538,TCGA-D5-6538-01Z-00-DX1,1,0.99994814,1
tumour/TCGA-D5-6538-01Z-00-DX1_23040_20992.jpg,TCGA-D5-6538,TCGA-D5-6538-01Z-00-DX1,1,0.9999262,1
tumour/TCGA-D5-6538-01Z-00-DX1_23040_21504.jpg,TCGA-D5-6538,TCGA-D5-6538-01Z-00-DX1,1,0.9999739,1
tumour/TCGA-D5-6538-01Z-00-DX1_23040_22016.jpg,TCGA-D5-6538,TCGA-D5-6538-01Z-00-DX1,1,0.99999714,1
tumour/TCGA-D5-6538-01Z-00-DX1_23040_22528.jpg,TCGA-D5-6538,TCGA-D5-6538-01Z-00-DX1,1,0.9999999,1
tumour/TCGA-D5-6538-01Z-00-DX1_23040_23552.jpg,TCGA-D5-6538,TCGA-D5-6538-01Z-00-DX1,1,0.9999864,1
tumour/TCGA-D5-6538-01Z-00-DX1_23040_24064.jpg,TCGA-D5-6538,TCGA-D5-6538-01Z-00-DX1,1,0.9951722,1
tumour/TCGA-D5-6538-01Z-00-DX1_23040_25088.jpg,TCGA-D5-6538,TCGA-D5-6538-01Z-00-DX1,1,0.99974686,1
tumour/TCGA-D5-6538-01Z-00-DX1_23040_25600.jpg,TCGA-D5-6538,TCGA-D5-6538-01Z-00-DX1,1,0.9999863,1
tumour/TCGA-D5-6538-01Z-00-DX1_23040_27136.jpg,TCGA-D5-6538,TCGA-D5-6538-01Z-00-DX1,1,0.998998,1
tumour/TCGA-D5-6538-01Z-00-DX1_23040_27648.jpg,TCGA-D5-6538,TCGA-D5-6538-01Z-00-DX1,1,0.998961,1
tumour/TCGA-D5-6538-01Z-00-DX1_23040_29184.jpg,TCGA-D5-6538,TCGA-D5-6538-01Z-00-DX1,1,0.99999046,1
tumour/TCGA-D5-6538-01Z-00-DX1_23040_30208.jpg,TCGA-D5-6538,TCGA-D5-6538-01Z-00-DX1,1,0.9831609,1
tumour/TCGA-D5-6538-01Z-00-DX1_23552_17920.jpg,TCGA-D5-6538,TCGA-D5-6538-01Z-00-DX1,1,0.9995894,1
tumour/TCGA-D5-6538-01Z-00-DX1_23552_18944.jpg,TCGA-D5-6538,TCGA-D5-6538-01Z-00-DX1,1,0.9999527,1
tumour/TCGA-D5-6538-01Z-00-DX1_23552_19456.jpg,TCGA-D5-6538,TCGA-D5-6538-01Z-00-DX1,1,0.9998903,1
tumour/TCGA-D5-6538-01Z-00-DX1_23552_19968.jpg,TCGA-D5-6538,TCGA-D5-6538-01Z-00-DX1,1,0.9791271,1
tumour/TCGA-D5-6538-01Z-00-DX1_23552_20992.jpg,TCGA-D5-6538,TCGA-D5-6538-01Z-00-DX1,1,0.9998659,1
tumour/TCGA-D5-6538-01Z-00-DX1_23552_21504.jpg,TCGA-D5-6538,TCGA-D5-6538-01Z-00-DX1,1,0.9999336,1
tumour/TCGA-D5-6538-01Z-00-DX1_23552_22016.jpg,TCGA-D5-6538,TCGA-D5-6538-01Z-00-DX1,1,0.99996567,1
tumour/TCGA-D5-6538-01Z-00-DX1_23552_23040.jpg,TCGA-D5-6538,TCGA-D5-6538-01Z-00-DX1,1,0.999949,1
tumour/TCGA-D5-6538-01Z-00-DX1_23552_23552.jpg,TCGA-D5-6538,TCGA-D5-6538-01Z-00-DX1,1,0.99999666,1
tumour/TCGA-D5-6538-01Z-00-DX1_23552_24576.jpg,TCGA-D5-6538,TCGA-D5-6538-01Z-00-DX1,1,0.9999336,1
tumour/TCGA-D5-6538-01Z-00-DX1_23552_27648.jpg,TCGA-D5-6538,TCGA-D5-6538-01Z-00-DX1,1,0.9997279,1
tumour/TCGA-D5-6538-01Z-00-DX1_23552_28160.jpg,TCGA-D5-6538,TCGA-D5-6538-01Z-00-DX1,1,0.99993956,1
tumour/TCGA-D5-6538-01Z-00-DX1_23552_29184.jpg,TCGA-D5-6538,TCGA-D5-6538-01Z-00-DX1,1,0.9999274,1
tumour/TCGA-D5-6538-01Z-00-DX1_23552_29696.jpg,TCGA-D5-6538,TCGA-D5-6538-01Z-00-DX1,1,0.99999547,1
tumour/TCGA-D5-6538-01Z-00-DX1_23552_30208.jpg,TCGA-D5-6538,TCGA-D5-6538-01Z-00-DX1,1,0.999998,1
tumour/TCGA-D5-6538-01Z-00-DX1_24064_17920.jpg,TCGA-D5-6538,TCGA-D5-6538-01Z-00-DX1,1,0.9995977,1
tumour/TCGA-D5-6538-01Z-00-DX1_24064_18944.jpg,TCGA-D5-6538,TCGA-D5-6538-01Z-00-DX1,1,0.99994755,1
tumour/TCGA-D5-6538-01Z-00-DX1_24064_19456.jpg,TCGA-D5-6538,TCGA-D5-6538-01Z-00-DX1,1,0.99970704,1
tumour/TCGA-D5-6538-01Z-00-DX1_24064_21504.jpg,TCGA-D5-6538,TCGA-D5-6538-01Z-00-DX1,1,0.9998684,1
tumour/TCGA-D5-6538-01Z-00-DX1_24064_22016.jpg,TCGA-D5-6538,TCGA-D5-6538-01Z-00-DX1,1,0.9977302,1
tumour/TCGA-D5-6538-01Z-00-DX1_24064_23552.jpg,TCGA-D5-6538,TCGA-D5-6538-01Z-00-DX1,1,0.9999708,1
tumour/TCGA-D5-6538-01Z-00-DX1_24064_24064.jpg,TCGA-D5-6538,TCGA-D5-6538-01Z-00-DX1,1,0.99994254,1
tumour/TCGA-D5-6538-01Z-00-DX1_24064_24576.jpg,TCGA-D5-6538,TCGA-D5-6538-01Z-00-DX1,1,0.9999995,1
tumour/TCGA-D5-6538-01Z-00-DX1_24064_27136.jpg,TCGA-D5-6538,TCGA-D5-6538-01Z-00-DX1,1,0.99999547,1
tumour/TCGA-D5-6538-01Z-00-DX1_24064_28160.jpg,TCGA-D5-6538,TCGA-D5-6538-01Z-00-DX1,1,0.99996305,1
tumour/TCGA-D5-6538-01Z-00-DX1_24064_29696.jpg,TCGA-D5-6538,TCGA-D5-6538-01Z-00-DX1,1,0.9998165,1
tumour/TCGA-D5-6538-01Z-00-DX1_24576_16384.jpg,TCGA-D5-6538,TCGA-D5-6538-01Z-00-DX1,1,0.9996153,1
tumour/TCGA-D5-6538-01Z-00-DX1_24576_17408.jpg,TCGA-D5-6538,TCGA-D5-6538-01Z-00-DX1,1,0.99996877,1
tumour/TCGA-D5-6538-01Z-00-DX1_24576_17920.jpg,TCGA-D5-6538,TCGA-D5-6538-01Z-00-DX1,1,0.9999943,1
tumour/TCGA-D5-6538-01Z-00-DX1_24576_18944.jpg,TCGA-D5-6538,TCGA-D5-6538-01Z-00-DX1,1,0.9999999,1
tumour/TCGA-D5-6538-01Z-00-DX1_24576_19968.jpg,TCGA-D5-6538,TCGA-D5-6538-01Z-00-DX1,1,0.9999976,1
tumour/TCGA-D5-6538-01Z-00-DX1_24576_20480.jpg,TCGA-D5-6538,TCGA-D5-6538-01Z-00-DX1,1,0.9999925,1
tumour/TCGA-D5-6538-01Z-00-DX1_24576_20992.jpg,TCGA-D5-6538,TCGA-D5-6538-01Z-00-DX1,1,0.9998828,1
tumour/TCGA-D5-6538-01Z-00-DX1_24576_22528.jpg,TCGA-D5-6538,TCGA-D5-6538-01Z-00-DX1,1,0.99997973,1
tumour/TCGA-D5-6538-01Z-00-DX1_24576_23040.jpg,TCGA-D5-6538,TCGA-D5-6538-01Z-00-DX1,1,0.99997413,1
tumour/TCGA-D5-6538-01Z-00-DX1_24576_23552.jpg,TCGA-D5-6538,TCGA-D5-6538-01Z-00-DX1,1,0.99999297,1
tumour/TCGA-D5-6538-01Z-00-DX1_24576_24064.jpg,TCGA-D5-6538,TCGA-D5-6538-01Z-00-DX1,1,0.99999475,1
tumour/TCGA-D5-6538-01Z-00-DX1_24576_24576.jpg,TCGA-D5-6538,TCGA-D5-6538-01Z-00-DX1,1,0.99997306,1
tumour/TCGA-D5-6538-01Z-00-DX1_24576_27648.jpg,TCGA-D5-6538,TCGA-D5-6538-01Z-00-DX1,1,0.9999975,1
tumour/TCGA-D5-6538-01Z-00-DX1_24576_28160.jpg,TCGA-D5-6538,TCGA-D5-6538-01Z-00-DX1,1,0.9999894,1
tumour/TCGA-D5-6538-01Z-00-DX1_24576_28672.jpg,TCGA-D5-6538,TCGA-D5-6538-01Z-00-DX1,1,0.99818724,1
tumour/TCGA-D5-6538-01Z-00-DX1_24576_31744.jpg,TCGA-D5-6538,TCGA-D5-6538-01Z-00-DX1,1,0.999992,1
tumour/TCGA-D5-6538-01Z-00-DX1_25088_15872.jpg,TCGA-D5-6538,TCGA-D5-6538-01Z-00-DX1,1,0.998453,1
tumour/TCGA-D5-6538-01Z-00-DX1_25088_17408.jpg,TCGA-D5-6538,TCGA-D5-6538-01Z-00-DX1,1,0.99999833,1
tumour/TCGA-D5-6538-01Z-00-DX1_25088_18944.jpg,TCGA-D5-6538,TCGA-D5-6538-01Z-00-DX1,1,0.99997926,1
tumour/TCGA-D5-6538-01Z-00-DX1_25088_19456.jpg,TCGA-D5-6538,TCGA-D5-6538-01Z-00-DX1,1,0.9999957,1
tumour/TCGA-D5-6538-01Z-00-DX1_25088_20480.jpg,TCGA-D5-6538,TCGA-D5-6538-01Z-00-DX1,1,0.9999968,1
tumour/TCGA-D5-6538-01Z-00-DX1_25088_20992.jpg,TCGA-D5-6538,TCGA-D5-6538-01Z-00-DX1,1,0.99999607,1
tumour/TCGA-D5-6538-01Z-00-DX1_25088_22528.jpg,TCGA-D5-6538,TCGA-D5-6538-01Z-00-DX1,1,0.99999595,1
tumour/TCGA-D5-6538-01Z-00-DX1_25088_23552.jpg,TCGA-D5-6538,TCGA-D5-6538-01Z-00-DX1,1,0.9999982,1
tumour/TCGA-D5-6538-01Z-00-DX1_25088_24576.jpg,TCGA-D5-6538,TCGA-D5-6538-01Z-00-DX1,1,0.99981135,1
tumour/TCGA-D5-6538-01Z-00-DX1_25088_27648.jpg,TCGA-D5-6538,TCGA-D5-6538-01Z-00-DX1,1,0.9999809,1
tumour/TCGA-D5-6538-01Z-00-DX1_25088_28160.jpg,TCGA-D5-6538,TCGA-D5-6538-01Z-00-DX1,1,0.9999851,1
tumour/TCGA-D5-6538-01Z-00-DX1_25088_28672.jpg,TCGA-D5-6538,TCGA-D5-6538-01Z-00-DX1,1,0.9999541,1
tumour/TCGA-D5-6538-01Z-00-DX1_25088_29696.jpg,TCGA-D5-6538,TCGA-D5-6538-01Z-00-DX1,1,0.99968266,1
tumour/TCGA-D5-6538-01Z-00-DX1_25088_30720.jpg,TCGA-D5-6538,TCGA-D5-6538-01Z-00-DX1,1,0.99999774,1
tumour/TCGA-D5-6538-01Z-00-DX1_25088_31744.jpg,TCGA-D5-6538,TCGA-D5-6538-01Z-00-DX1,1,0.99993753,1
tumour/TCGA-D5-6538-01Z-00-DX1_25088_32256.jpg,TCGA-D5-6538,TCGA-D5-6538-01Z-00-DX1,1,0.99853694,1
tumour/TCGA-D5-6538-01Z-00-DX1_25600_16384.jpg,TCGA-D5-6538,TCGA-D5-6538-01Z-00-DX1,1,0.9999825,1
tumour/TCGA-D5-6538-01Z-00-DX1_25600_17920.jpg,TCGA-D5-6538,TCGA-D5-6538-01Z-00-DX1,1,0.99999976,1
tumour/TCGA-D5-6538-01Z-00-DX1_25600_18432.jpg,TCGA-D5-6538,TCGA-D5-6538-01Z-00-DX1,1,0.9993174,1
tumour/TCGA-D5-6538-01Z-00-DX1_25600_19456.jpg,TCGA-D5-6538,TCGA-D5-6538-01Z-00-DX1,1,0.9999677,1
tumour/TCGA-D5-6538-01Z-00-DX1_25600_20480.jpg,TCGA-D5-6538,TCGA-D5-6538-01Z-00-DX1,1,0.99999964,1
tumour/TCGA-D5-6538-01Z-00-DX1_25600_20992.jpg,TCGA-D5-6538,TCGA-D5-6538-01Z-00-DX1,1,0.9999764,1
tumour/TCGA-D5-6538-01Z-00-DX1_25600_23552.jpg,TCGA-D5-6538,TCGA-D5-6538-01Z-00-DX1,1,0.99998,1
tumour/TCGA-D5-6538-01Z-00-DX1_25600_24576.jpg,TCGA-D5-6538,TCGA-D5-6538-01Z-00-DX1,1,0.9996737,1
tumour/TCGA-D5-6538-01Z-00-DX1_25600_28672.jpg,TCGA-D5-6538,TCGA-D5-6538-01Z-00-DX1,1,0.9998517,1
tumour/TCGA-D5-6538-01Z-00-DX1_25600_29696.jpg,TCGA-D5-6538,TCGA-D5-6538-01Z-00-DX1,1,0.9996125,1
tumour/TCGA-D5-6538-01Z-00-DX1_25600_31232.jpg,TCGA-D5-6538,TCGA-D5-6538-01Z-00-DX1,1,0.99999917,1
tumour/TCGA-D5-6538-01Z-00-DX1_25600_31744.jpg,TCGA-D5-6538,TCGA-D5-6538-01Z-00-DX1,1,0.9999982,1
tumour/TCGA-D5-6538-01Z-00-DX1_26112_15872.jpg,TCGA-D5-6538,TCGA-D5-6538-01Z-00-DX1,1,0.9999956,1
tumour/TCGA-D5-6538-01Z-00-DX1_26112_17408.jpg,TCGA-D5-6538,TCGA-D5-6538-01Z-00-DX1,1,0.99949443,1
tumour/TCGA-D5-6538-01Z-00-DX1_26112_18432.jpg,TCGA-D5-6538,TCGA-D5-6538-01Z-00-DX1,1,0.9999995,1
tumour/TCGA-D5-6538-01Z-00-DX1_26112_19968.jpg,TCGA-D5-6538,TCGA-D5-6538-01Z-00-DX1,1,0.9997336,1
tumour/TCGA-D5-6538-01Z-00-DX1_26112_20480.jpg,TCGA-D5-6538,TCGA-D5-6538-01Z-00-DX1,1,0.99999964,1
tumour/TCGA-D5-6538-01Z-00-DX1_26112_24576.jpg,TCGA-D5-6538,TCGA-D5-6538-01Z-00-DX1,1,0.99984324,1
tumour/TCGA-D5-6538-01Z-00-DX1_26112_29696.jpg,TCGA-D5-6538,TCGA-D5-6538-01Z-00-DX1,1,0.99984765,1
tumour/TCGA-D5-6538-01Z-00-DX1_26112_31744.jpg,TCGA-D5-6538,TCGA-D5-6538-01Z-00-DX1,1,0.9997192,1
tumour/TCGA-D5-6538-01Z-00-DX1_26624_12288.jpg,TCGA-D5-6538,TCGA-D5-6538-01Z-00-DX1,1,0.97263396,1
tumour/TCGA-D5-6538-01Z-00-DX1_26624_14336.jpg,TCGA-D5-6538,TCGA-D5-6538-01Z-00-DX1,1,0.99595463,1
tumour/TCGA-D5-6538-01Z-00-DX1_26624_15360.jpg,TCGA-D5-6538,TCGA-D5-6538-01Z-00-DX1,1,0.9988574,1
tumour/TCGA-D5-6538-01Z-00-DX1_26624_15872.jpg,TCGA-D5-6538,TCGA-D5-6538-01Z-00-DX1,1,0.9997439,1
tumour/TCGA-D5-6538-01Z-00-DX1_26624_16384.jpg,TCGA-D5-6538,TCGA-D5-6538-01Z-00-DX1,1,0.99655056,1
tumour/TCGA-D5-6538-01Z-00-DX1_26624_17408.jpg,TCGA-D5-6538,TCGA-D5-6538-01Z-00-DX1,1,0.99999416,1
tumour/TCGA-D5-6538-01Z-00-DX1_26624_18432.jpg,TCGA-D5-6538,TCGA-D5-6538-01Z-00-DX1,1,0.99990094,1
tumour/TCGA-D5-6538-01Z-00-DX1_26624_19968.jpg,TCGA-D5-6538,TCGA-D5-6538-01Z-00-DX1,1,0.9999893,1
tumour/TCGA-D5-6538-01Z-00-DX1_26624_21504.jpg,TCGA-D5-6538,TCGA-D5-6538-01Z-00-DX1,1,0.9999999,1
tumour/TCGA-D5-6538-01Z-00-DX1_26624_24064.jpg,TCGA-D5-6538,TCGA-D5-6538-01Z-00-DX1,1,0.9999887,1
tumour/TCGA-D5-6538-01Z-00-DX1_26624_29184.jpg,TCGA-D5-6538,TCGA-D5-6538-01Z-00-DX1,1,0.999943,1
tumour/TCGA-D5-6538-01Z-00-DX1_26624_30208.jpg,TCGA-D5-6538,TCGA-D5-6538-01Z-00-DX1,1,0.99999774,1
tumour/TCGA-D5-6538-01Z-00-DX1_26624_30720.jpg,TCGA-D5-6538,TCGA-D5-6538-01Z-00-DX1,1,0.9999958,1
tumour/TCGA-D5-6538-01Z-00-DX1_26624_32256.jpg,TCGA-D5-6538,TCGA-D5-6538-01Z-00-DX1,1,0.99997807,1
tumour/TCGA-D5-6538-01Z-00-DX1_26624_32768.jpg,TCGA-D5-6538,TCGA-D5-6538-01Z-00-DX1,1,0.9999995,1
tumour/TCGA-D5-6538-01Z-00-DX1_27136_12288.jpg,TCGA-D5-6538,TCGA-D5-6538-01Z-00-DX1,1,0.9997279,1
tumour/TCGA-D5-6538-01Z-00-DX1_27136_12800.jpg,TCGA-D5-6538,TCGA-D5-6538-01Z-00-DX1,1,0.99619776,1
tumour/TCGA-D5-6538-01Z-00-DX1_27136_14336.jpg,TCGA-D5-6538,TCGA-D5-6538-01Z-00-DX1,1,0.9917874,1
tumour/TCGA-D5-6538-01Z-00-DX1_27136_14848.jpg,TCGA-D5-6538,TCGA-D5-6538-01Z-00-DX1,1,0.9986541,1
tumour/TCGA-D5-6538-01Z-00-DX1_27136_15872.jpg,TCGA-D5-6538,TCGA-D5-6538-01Z-00-DX1,1,1.0,1
tumour/TCGA-D5-6538-01Z-00-DX1_27136_16896.jpg,TCGA-D5-6538,TCGA-D5-6538-01Z-00-DX1,1,0.99999166,1
tumour/TCGA-D5-6538-01Z-00-DX1_27136_17408.jpg,TCGA-D5-6538,TCGA-D5-6538-01Z-00-DX1,1,0.999985,1
tumour/TCGA-D5-6538-01Z-00-DX1_27136_17920.jpg,TCGA-D5-6538,TCGA-D5-6538-01Z-00-DX1,1,0.9999776,1
tumour/TCGA-D5-6538-01Z-00-DX1_27136_18432.jpg,TCGA-D5-6538,TCGA-D5-6538-01Z-00-DX1,1,0.99997735,1
tumour/TCGA-D5-6538-01Z-00-DX1_27136_19968.jpg,TCGA-D5-6538,TCGA-D5-6538-01Z-00-DX1,1,0.9999081,1
tumour/TCGA-D5-6538-01Z-00-DX1_27136_20480.jpg,TCGA-D5-6538,TCGA-D5-6538-01Z-00-DX1,1,0.9994708,1
tumour/TCGA-D5-6538-01Z-00-DX1_27136_20992.jpg,TCGA-D5-6538,TCGA-D5-6538-01Z-00-DX1,1,0.9999484,1
tumour/TCGA-D5-6538-01Z-00-DX1_27136_29696.jpg,TCGA-D5-6538,TCGA-D5-6538-01Z-00-DX1,1,0.9999995,1
tumour/TCGA-D5-6538-01Z-00-DX1_27648_12800.jpg,TCGA-D5-6538,TCGA-D5-6538-01Z-00-DX1,1,0.9998596,1
tumour/TCGA-D5-6538-01Z-00-DX1_27648_15360.jpg,TCGA-D5-6538,TCGA-D5-6538-01Z-00-DX1,1,0.9213632,1
tumour/TCGA-D5-6538-01Z-00-DX1_27648_16384.jpg,TCGA-D5-6538,TCGA-D5-6538-01Z-00-DX1,1,0.9999982,1
tumour/TCGA-D5-6538-01Z-00-DX1_27648_17408.jpg,TCGA-D5-6538,TCGA-D5-6538-01Z-00-DX1,1,0.9525542,1
tumour/TCGA-D5-6538-01Z-00-DX1_27648_17920.jpg,TCGA-D5-6538,TCGA-D5-6538-01Z-00-DX1,1,0.99788684,1
tumour/TCGA-D5-6538-01Z-00-DX1_27648_18432.jpg,TCGA-D5-6538,TCGA-D5-6538-01Z-00-DX1,1,0.99995077,1
tumour/TCGA-D5-6538-01Z-00-DX1_27648_20992.jpg,TCGA-D5-6538,TCGA-D5-6538-01Z-00-DX1,1,0.9984263,1
tumour/TCGA-D5-6538-01Z-00-DX1_27648_21504.jpg,TCGA-D5-6538,TCGA-D5-6538-01Z-00-DX1,1,0.9996141,1
tumour/TCGA-D5-6538-01Z-00-DX1_27648_22016.jpg,TCGA-D5-6538,TCGA-D5-6538-01Z-00-DX1,1,0.999728,1
tumour/TCGA-D5-6538-01Z-00-DX1_27648_31232.jpg,TCGA-D5-6538,TCGA-D5-6538-01Z-00-DX1,1,0.9999956,1
tumour/TCGA-D5-6538-01Z-00-DX1_28160_10752.jpg,TCGA-D5-6538,TCGA-D5-6538-01Z-00-DX1,1,0.9765336,1
tumour/TCGA-D5-6538-01Z-00-DX1_28160_11776.jpg,TCGA-D5-6538,TCGA-D5-6538-01Z-00-DX1,1,0.99987173,1
tumour/TCGA-D5-6538-01Z-00-DX1_28160_12288.jpg,TCGA-D5-6538,TCGA-D5-6538-01Z-00-DX1,1,0.99999166,1
tumour/TCGA-D5-6538-01Z-00-DX1_28160_13824.jpg,TCGA-D5-6538,TCGA-D5-6538-01Z-00-DX1,1,0.9999503,1
tumour/TCGA-D5-6538-01Z-00-DX1_28160_14336.jpg,TCGA-D5-6538,TCGA-D5-6538-01Z-00-DX1,1,0.9995453,1
tumour/TCGA-D5-6538-01Z-00-DX1_28160_16896.jpg,TCGA-D5-6538,TCGA-D5-6538-01Z-00-DX1,1,0.9999201,1
tumour/TCGA-D5-6538-01Z-00-DX1_28160_17408.jpg,TCGA-D5-6538,TCGA-D5-6538-01Z-00-DX1,1,0.999943,1
tumour/TCGA-D5-6538-01Z-00-DX1_28160_18944.jpg,TCGA-D5-6538,TCGA-D5-6538-01Z-00-DX1,1,0.9999888,1
tumour/TCGA-D5-6538-01Z-00-DX1_28160_19456.jpg,TCGA-D5-6538,TCGA-D5-6538-01Z-00-DX1,1,0.99995196,1
tumour/TCGA-D5-6538-01Z-00-DX1_28160_20992.jpg,TCGA-D5-6538,TCGA-D5-6538-01Z-00-DX1,1,0.9998715,1
tumour/TCGA-D5-6538-01Z-00-DX1_28160_21504.jpg,TCGA-D5-6538,TCGA-D5-6538-01Z-00-DX1,1,0.9999498,1
tumour/TCGA-D5-6538-01Z-00-DX1_28160_22016.jpg,TCGA-D5-6538,TCGA-D5-6538-01Z-00-DX1,1,0.99999666,1
tumour/TCGA-D5-6538-01Z-00-DX1_28160_22528.jpg,TCGA-D5-6538,TCGA-D5-6538-01Z-00-DX1,1,0.9999999,1
tumour/TCGA-D5-6538-01Z-00-DX1_28672_10240.jpg,TCGA-D5-6538,TCGA-D5-6538-01Z-00-DX1,1,0.9874329,1
tumour/TCGA-D5-6538-01Z-00-DX1_28672_10752.jpg,TCGA-D5-6538,TCGA-D5-6538-01Z-00-DX1,1,0.99997187,1
tumour/TCGA-D5-6538-01Z-00-DX1_28672_11264.jpg,TCGA-D5-6538,TCGA-D5-6538-01Z-00-DX1,1,0.99992394,1
tumour/TCGA-D5-6538-01Z-00-DX1_28672_11776.jpg,TCGA-D5-6538,TCGA-D5-6538-01Z-00-DX1,1,0.99978346,1
tumour/TCGA-D5-6538-01Z-00-DX1_28672_12288.jpg,TCGA-D5-6538,TCGA-D5-6538-01Z-00-DX1,1,0.9999677,1
tumour/TCGA-D5-6538-01Z-00-DX1_28672_14336.jpg,TCGA-D5-6538,TCGA-D5-6538-01Z-00-DX1,1,0.9999943,1
tumour/TCGA-D5-6538-01Z-00-DX1_28672_16384.jpg,TCGA-D5-6538,TCGA-D5-6538-01Z-00-DX1,1,0.99999905,1
tumour/TCGA-D5-6538-01Z-00-DX1_28672_17408.jpg,TCGA-D5-6538,TCGA-D5-6538-01Z-00-DX1,1,0.9999865,1
tumour/TCGA-D5-6538-01Z-00-DX1_28672_18432.jpg,TCGA-D5-6538,TCGA-D5-6538-01Z-00-DX1,1,0.9999958,1
tumour/TCGA-D5-6538-01Z-00-DX1_28672_18944.jpg,TCGA-D5-6538,TCGA-D5-6538-01Z-00-DX1,1,0.99999976,1
tumour/TCGA-D5-6538-01Z-00-DX1_28672_20480.jpg,TCGA-D5-6538,TCGA-D5-6538-01Z-00-DX1,1,0.99998736,1
tumour/TCGA-D5-6538-01Z-00-DX1_28672_20992.jpg,TCGA-D5-6538,TCGA-D5-6538-01Z-00-DX1,1,0.99999976,1
tumour/TCGA-D5-6538-01Z-00-DX1_28672_21504.jpg,TCGA-D5-6538,TCGA-D5-6538-01Z-00-DX1,1,0.99996567,1
tumour/TCGA-D5-6538-01Z-00-DX1_28672_22528.jpg,TCGA-D5-6538,TCGA-D5-6538-01Z-00-DX1,1,0.9999999,1
tumour/TCGA-D5-6538-01Z-00-DX1_28672_23040.jpg,TCGA-D5-6538,TCGA-D5-6538-01Z-00-DX1,1,0.9999964,1
tumour/TCGA-D5-6538-01Z-00-DX1_29184_10240.jpg,TCGA-D5-6538,TCGA-D5-6538-01Z-00-DX1,1,0.97312367,1
tumour/TCGA-D5-6538-01Z-00-DX1_29184_11264.jpg,TCGA-D5-6538,TCGA-D5-6538-01Z-00-DX1,1,0.99997556,1
tumour/TCGA-D5-6538-01Z-00-DX1_29184_13312.jpg,TCGA-D5-6538,TCGA-D5-6538-01Z-00-DX1,1,0.99999714,1
tumour/TCGA-D5-6538-01Z-00-DX1_29184_16896.jpg,TCGA-D5-6538,TCGA-D5-6538-01Z-00-DX1,1,0.99987626,1
tumour/TCGA-D5-6538-01Z-00-DX1_29184_17408.jpg,TCGA-D5-6538,TCGA-D5-6538-01Z-00-DX1,1,0.9999901,1
tumour/TCGA-D5-6538-01Z-00-DX1_29184_17920.jpg,TCGA-D5-6538,TCGA-D5-6538-01Z-00-DX1,1,0.99999404,1
tumour/TCGA-D5-6538-01Z-00-DX1_29184_18944.jpg,TCGA-D5-6538,TCGA-D5-6538-01Z-00-DX1,1,0.9998834,1
tumour/TCGA-D5-6538-01Z-00-DX1_29184_19456.jpg,TCGA-D5-6538,TCGA-D5-6538-01Z-00-DX1,1,0.99994266,1
tumour/TCGA-D5-6538-01Z-00-DX1_29184_19968.jpg,TCGA-D5-6538,TCGA-D5-6538-01Z-00-DX1,1,0.99996006,1
tumour/TCGA-D5-6538-01Z-00-DX1_29184_20480.jpg,TCGA-D5-6538,TCGA-D5-6538-01Z-00-DX1,1,0.99991167,1
tumour/TCGA-D5-6538-01Z-00-DX1_29184_20992.jpg,TCGA-D5-6538,TCGA-D5-6538-01Z-00-DX1,1,0.99999964,1
tumour/TCGA-D5-6538-01Z-00-DX1_29184_22528.jpg,TCGA-D5-6538,TCGA-D5-6538-01Z-00-DX1,1,0.99999905,1
tumour/TCGA-D5-6538-01Z-00-DX1_29184_23040.jpg,TCGA-D5-6538,TCGA-D5-6538-01Z-00-DX1,1,0.99994826,1
tumour/TCGA-D5-6538-01Z-00-DX1_29696_13824.jpg,TCGA-D5-6538,TCGA-D5-6538-01Z-00-DX1,1,0.9999999,1
tumour/TCGA-D5-6538-01Z-00-DX1_29696_14336.jpg,TCGA-D5-6538,TCGA-D5-6538-01Z-00-DX1,1,0.9998348,1
tumour/TCGA-D5-6538-01Z-00-DX1_29696_15360.jpg,TCGA-D5-6538,TCGA-D5-6538-01Z-00-DX1,1,0.99997866,1
tumour/TCGA-D5-6538-01Z-00-DX1_29696_16384.jpg,TCGA-D5-6538,TCGA-D5-6538-01Z-00-DX1,1,0.9999913,1
tumour/TCGA-D5-6538-01Z-00-DX1_29696_19968.jpg,TCGA-D5-6538,TCGA-D5-6538-01Z-00-DX1,1,1.0,1
tumour/TCGA-D5-6538-01Z-00-DX1_29696_21504.jpg,TCGA-D5-6538,TCGA-D5-6538-01Z-00-DX1,1,0.99999475,1
tumour/TCGA-D5-6538-01Z-00-DX1_29696_22016.jpg,TCGA-D5-6538,TCGA-D5-6538-01Z-00-DX1,1,0.99994564,1
tumour/TCGA-D5-6538-01Z-00-DX1_29696_22528.jpg,TCGA-D5-6538,TCGA-D5-6538-01Z-00-DX1,1,0.999998,1
tumour/TCGA-D5-6538-01Z-00-DX1_29696_23040.jpg,TCGA-D5-6538,TCGA-D5-6538-01Z-00-DX1,1,1.0,1
tumour/TCGA-D5-6538-01Z-00-DX1_29696_23552.jpg,TCGA-D5-6538,TCGA-D5-6538-01Z-00-DX1,1,0.99997187,1
tumour/TCGA-D5-6538-01Z-00-DX1_30208_11776.jpg,TCGA-D5-6538,TCGA-D5-6538-01Z-00-DX1,1,0.99924904,1
tumour/TCGA-D5-6538-01Z-00-DX1_30208_12288.jpg,TCGA-D5-6538,TCGA-D5-6538-01Z-00-DX1,1,0.9999982,1
tumour/TCGA-D5-6538-01Z-00-DX1_30208_13824.jpg,TCGA-D5-6538,TCGA-D5-6538-01Z-00-DX1,1,0.9999981,1
tumour/TCGA-D5-6538-01Z-00-DX1_30208_14336.jpg,TCGA-D5-6538,TCGA-D5-6538-01Z-00-DX1,1,0.9999988,1
tumour/TCGA-D5-6538-01Z-00-DX1_30208_15360.jpg,TCGA-D5-6538,TCGA-D5-6538-01Z-00-DX1,1,0.99991524,1
tumour/TCGA-D5-6538-01Z-00-DX1_30208_16896.jpg,TCGA-D5-6538,TCGA-D5-6538-01Z-00-DX1,1,0.99999905,1
tumour/TCGA-D5-6538-01Z-00-DX1_30208_17408.jpg,TCGA-D5-6538,TCGA-D5-6538-01Z-00-DX1,1,0.9999988,1
tumour/TCGA-D5-6538-01Z-00-DX1_30208_18944.jpg,TCGA-D5-6538,TCGA-D5-6538-01Z-00-DX1,1,0.99999905,1
tumour/TCGA-D5-6538-01Z-00-DX1_30208_19456.jpg,TCGA-D5-6538,TCGA-D5-6538-01Z-00-DX1,1,0.9998989,1
tumour/TCGA-D5-6538-01Z-00-DX1_30208_19968.jpg,TCGA-D5-6538,TCGA-D5-6538-01Z-00-DX1,1,0.9998122,1
tumour/TCGA-D5-6538-01Z-00-DX1_30208_20992.jpg,TCGA-D5-6538,TCGA-D5-6538-01Z-00-DX1,1,0.99999523,1
tumour/TCGA-D5-6538-01Z-00-DX1_30208_21504.jpg,TCGA-D5-6538,TCGA-D5-6538-01Z-00-DX1,1,0.9999933,1
tumour/TCGA-D5-6538-01Z-00-DX1_30208_22528.jpg,TCGA-D5-6538,TCGA-D5-6538-01Z-00-DX1,1,0.99999917,1
tumour/TCGA-D5-6538-01Z-00-DX1_30208_23040.jpg,TCGA-D5-6538,TCGA-D5-6538-01Z-00-DX1,1,0.99997544,1
tumour/TCGA-D5-6538-01Z-00-DX1_30720_10752.jpg,TCGA-D5-6538,TCGA-D5-6538-01Z-00-DX1,1,0.9984036,1
tumour/TCGA-D5-6538-01Z-00-DX1_30720_13312.jpg,TCGA-D5-6538,TCGA-D5-6538-01Z-00-DX1,1,0.9999939,1
tumour/TCGA-D5-6538-01Z-00-DX1_30720_13824.jpg,TCGA-D5-6538,TCGA-D5-6538-01Z-00-DX1,1,0.99998176,1
tumour/TCGA-D5-6538-01Z-00-DX1_30720_14336.jpg,TCGA-D5-6538,TCGA-D5-6538-01Z-00-DX1,1,0.9999658,1
tumour/TCGA-D5-6538-01Z-00-DX1_30720_16384.jpg,TCGA-D5-6538,TCGA-D5-6538-01Z-00-DX1,1,0.9999844,1
tumour/TCGA-D5-6538-01Z-00-DX1_30720_17920.jpg,TCGA-D5-6538,TCGA-D5-6538-01Z-00-DX1,1,0.999845,1
tumour/TCGA-D5-6538-01Z-00-DX1_30720_18944.jpg,TCGA-D5-6538,TCGA-D5-6538-01Z-00-DX1,1,0.9999819,1
tumour/TCGA-D5-6538-01Z-00-DX1_30720_19456.jpg,TCGA-D5-6538,TCGA-D5-6538-01Z-00-DX1,1,0.9999509,1
tumour/TCGA-D5-6538-01Z-00-DX1_30720_20992.jpg,TCGA-D5-6538,TCGA-D5-6538-01Z-00-DX1,1,0.99995947,1
tumour/TCGA-D5-6538-01Z-00-DX1_30720_22016.jpg,TCGA-D5-6538,TCGA-D5-6538-01Z-00-DX1,1,0.9998957,1
tumour/TCGA-D5-6538-01Z-00-DX1_30720_22528.jpg,TCGA-D5-6538,TCGA-D5-6538-01Z-00-DX1,1,0.99996793,1
tumour/TCGA-D5-6538-01Z-00-DX1_31232_11776.jpg,TCGA-D5-6538,TCGA-D5-6538-01Z-00-DX1,1,0.9985688,1
tumour/TCGA-D5-6538-01Z-00-DX1_31232_12288.jpg,TCGA-D5-6538,TCGA-D5-6538-01Z-00-DX1,1,0.99996924,1
tumour/TCGA-D5-6538-01Z-00-DX1_31232_12800.jpg,TCGA-D5-6538,TCGA-D5-6538-01Z-00-DX1,1,0.99994254,1
tumour/TCGA-D5-6538-01Z-00-DX1_31232_13824.jpg,TCGA-D5-6538,TCGA-D5-6538-01Z-00-DX1,1,0.9999981,1
tumour/TCGA-D5-6538-01Z-00-DX1_31232_14336.jpg,TCGA-D5-6538,TCGA-D5-6538-01Z-00-DX1,1,0.99999654,1
tumour/TCGA-D5-6538-01Z-00-DX1_31232_15360.jpg,TCGA-D5-6538,TCGA-D5-6538-01Z-00-DX1,1,0.9996112,1
tumour/TCGA-D5-6538-01Z-00-DX1_31232_15872.jpg,TCGA-D5-6538,TCGA-D5-6538-01Z-00-DX1,1,0.99999964,1
tumour/TCGA-D5-6538-01Z-00-DX1_31232_16896.jpg,TCGA-D5-6538,TCGA-D5-6538-01Z-00-DX1,1,0.9978581,1
tumour/TCGA-D5-6538-01Z-00-DX1_31232_17408.jpg,TCGA-D5-6538,TCGA-D5-6538-01Z-00-DX1,1,0.99987495,1
tumour/TCGA-D5-6538-01Z-00-DX1_31232_18944.jpg,TCGA-D5-6538,TCGA-D5-6538-01Z-00-DX1,1,0.9999839,1
tumour/TCGA-D5-6538-01Z-00-DX1_31232_19968.jpg,TCGA-D5-6538,TCGA-D5-6538-01Z-00-DX1,1,0.9999969,1
tumour/TCGA-D5-6538-01Z-00-DX1_31232_22016.jpg,TCGA-D5-6538,TCGA-D5-6538-01Z-00-DX1,1,0.99993265,1
tumour/TCGA-D5-6538-01Z-00-DX1_31232_9728.jpg,TCGA-D5-6538,TCGA-D5-6538-01Z-00-DX1,1,0.99937797,1
tumour/TCGA-D5-6538-01Z-00-DX1_31744_12288.jpg,TCGA-D5-6538,TCGA-D5-6538-01Z-00-DX1,1,0.99999785,1
tumour/TCGA-D5-6538-01Z-00-DX1_31744_12800.jpg,TCGA-D5-6538,TCGA-D5-6538-01Z-00-DX1,1,0.99854326,1
tumour/TCGA-D5-6538-01Z-00-DX1_31744_13312.jpg,TCGA-D5-6538,TCGA-D5-6538-01Z-00-DX1,1,0.99996424,1
tumour/TCGA-D5-6538-01Z-00-DX1_31744_13824.jpg,TCGA-D5-6538,TCGA-D5-6538-01Z-00-DX1,1,0.9999845,1
tumour/TCGA-D5-6538-01Z-00-DX1_31744_14336.jpg,TCGA-D5-6538,TCGA-D5-6538-01Z-00-DX1,1,0.99999523,1
tumour/TCGA-D5-6538-01Z-00-DX1_31744_15360.jpg,TCGA-D5-6538,TCGA-D5-6538-01Z-00-DX1,1,0.998879,1
tumour/TCGA-D5-6538-01Z-00-DX1_31744_15872.jpg,TCGA-D5-6538,TCGA-D5-6538-01Z-00-DX1,1,0.99999976,1
tumour/TCGA-D5-6538-01Z-00-DX1_31744_16896.jpg,TCGA-D5-6538,TCGA-D5-6538-01Z-00-DX1,1,0.9770445,1
tumour/TCGA-D5-6538-01Z-00-DX1_31744_18432.jpg,TCGA-D5-6538,TCGA-D5-6538-01Z-00-DX1,1,0.9998332,1
tumour/TCGA-D5-6538-01Z-00-DX1_32256_10240.jpg,TCGA-D5-6538,TCGA-D5-6538-01Z-00-DX1,1,0.9999913,1
tumour/TCGA-D5-6538-01Z-00-DX1_32256_13312.jpg,TCGA-D5-6538,TCGA-D5-6538-01Z-00-DX1,1,0.99999976,1
tumour/TCGA-D5-6538-01Z-00-DX1_32256_9728.jpg,TCGA-D5-6538,TCGA-D5-6538-01Z-00-DX1,1,0.99941325,1
tumour/TCGA-D5-6538-01Z-00-DX1_32768_10240.jpg,TCGA-D5-6538,TCGA-D5-6538-01Z-00-DX1,1,0.99999547,1
tumour/TCGA-D5-6538-01Z-00-DX1_32768_13824.jpg,TCGA-D5-6538,TCGA-D5-6538-01Z-00-DX1,1,0.99999654,1
tumour/TCGA-D5-6538-01Z-00-DX1_32768_14336.jpg,TCGA-D5-6538,TCGA-D5-6538-01Z-00-DX1,1,0.99852943,1
tumour/TCGA-D5-6538-01Z-00-DX1_32768_14848.jpg,TCGA-D5-6538,TCGA-D5-6538-01Z-00-DX1,1,0.9995815,1
tumour/TCGA-D5-6538-01Z-00-DX1_32768_19456.jpg,TCGA-D5-6538,TCGA-D5-6538-01Z-00-DX1,1,0.99993706,1
tumour/TCGA-D5-6538-01Z-00-DX1_32768_20480.jpg,TCGA-D5-6538,TCGA-D5-6538-01Z-00-DX1,1,0.99977714,1
tumour/TCGA-D5-6538-01Z-00-DX1_32768_21504.jpg,TCGA-D5-6538,TCGA-D5-6538-01Z-00-DX1,1,0.99998593,1
tumour/TCGA-D5-6538-01Z-00-DX1_33280_18944.jpg,TCGA-D5-6538,TCGA-D5-6538-01Z-00-DX1,1,0.99999857,1
tumour/TCGA-D5-6538-01Z-00-DX1_33280_19456.jpg,TCGA-D5-6538,TCGA-D5-6538-01Z-00-DX1,1,0.99951744,1
tumour/TCGA-D5-6538-01Z-00-DX1_33280_21504.jpg,TCGA-D5-6538,TCGA-D5-6538-01Z-00-DX1,1,0.9999896,1
tumour/TCGA-D5-6538-01Z-00-DX1_33792_10752.jpg,TCGA-D5-6538,TCGA-D5-6538-01Z-00-DX1,1,0.9987282,1
tumour/TCGA-D5-6538-01Z-00-DX1_33792_11264.jpg,TCGA-D5-6538,TCGA-D5-6538-01Z-00-DX1,1,0.9999815,1
tumour/TCGA-D5-6538-01Z-00-DX1_33792_11776.jpg,TCGA-D5-6538,TCGA-D5-6538-01Z-00-DX1,1,0.9999999,1
tumour/TCGA-D5-6538-01Z-00-DX1_33792_12288.jpg,TCGA-D5-6538,TCGA-D5-6538-01Z-00-DX1,1,0.9999701,1
tumour/TCGA-D5-6538-01Z-00-DX1_33792_12800.jpg,TCGA-D5-6538,TCGA-D5-6538-01Z-00-DX1,1,0.9999999,1
tumour/TCGA-D5-6538-01Z-00-DX1_33792_13312.jpg,TCGA-D5-6538,TCGA-D5-6538-01Z-00-DX1,1,0.9999777,1
tumour/TCGA-D5-6538-01Z-00-DX1_33792_13824.jpg,TCGA-D5-6538,TCGA-D5-6538-01Z-00-DX1,1,0.9999491,1
tumour/TCGA-D5-6538-01Z-00-DX1_33792_19456.jpg,TCGA-D5-6538,TCGA-D5-6538-01Z-00-DX1,1,0.9999993,1
tumour/TCGA-D5-6538-01Z-00-DX1_33792_19968.jpg,TCGA-D5-6538,TCGA-D5-6538-01Z-00-DX1,1,0.9999678,1
tumour/TCGA-D5-6538-01Z-00-DX1_34304_10752.jpg,TCGA-D5-6538,TCGA-D5-6538-01Z-00-DX1,1,0.9999392,1
tumour/TCGA-D5-6538-01Z-00-DX1_34304_11264.jpg,TCGA-D5-6538,TCGA-D5-6538-01Z-00-DX1,1,0.9999975,1
tumour/TCGA-D5-6538-01Z-00-DX1_34304_12800.jpg,TCGA-D5-6538,TCGA-D5-6538-01Z-00-DX1,1,0.99999833,1
tumour/TCGA-D5-6538-01Z-00-DX1_34304_13824.jpg,TCGA-D5-6538,TCGA-D5-6538-01Z-00-DX1,1,0.9999956,1
tumour/TCGA-D5-6538-01Z-00-DX1_34304_14336.jpg,TCGA-D5-6538,TCGA-D5-6538-01Z-00-DX1,1,0.99993396,1
tumour/TCGA-D5-6538-01Z-00-DX1_34304_16384.jpg,TCGA-D5-6538,TCGA-D5-6538-01Z-00-DX1,1,0.999995,1
tumour/TCGA-D5-6538-01Z-00-DX1_34304_16896.jpg,TCGA-D5-6538,TCGA-D5-6538-01Z-00-DX1,1,0.9999864,1
tumour/TCGA-D5-6538-01Z-00-DX1_34304_18432.jpg,TCGA-D5-6538,TCGA-D5-6538-01Z-00-DX1,1,0.98604506,1
tumour/TCGA-D5-6538-01Z-00-DX1_34304_18944.jpg,TCGA-D5-6538,TCGA-D5-6538-01Z-00-DX1,1,0.9999347,1
tumour/TCGA-D5-6538-01Z-00-DX1_34304_19456.jpg,TCGA-D5-6538,TCGA-D5-6538-01Z-00-DX1,1,0.9978696,1
tumour/TCGA-D5-6538-01Z-00-DX1_34304_20992.jpg,TCGA-D5-6538,TCGA-D5-6538-01Z-00-DX1,1,0.9999999,1
tumour/TCGA-D5-6538-01Z-00-DX1_34304_27648.jpg,TCGA-D5-6538,TCGA-D5-6538-01Z-00-DX1,1,0.54743534,1
tumour/TCGA-D5-6538-01Z-00-DX1_34304_28160.jpg,TCGA-D5-6538,TCGA-D5-6538-01Z-00-DX1,1,0.596531,1
tumour/TCGA-D5-6538-01Z-00-DX1_34816_10240.jpg,TCGA-D5-6538,TCGA-D5-6538-01Z-00-DX1,1,0.99996436,1
tumour/TCGA-D5-6538-01Z-00-DX1_34816_11264.jpg,TCGA-D5-6538,TCGA-D5-6538-01Z-00-DX1,1,0.9999999,1
tumour/TCGA-D5-6538-01Z-00-DX1_34816_12288.jpg,TCGA-D5-6538,TCGA-D5-6538-01Z-00-DX1,1,0.9999192,1
tumour/TCGA-D5-6538-01Z-00-DX1_34816_12800.jpg,TCGA-D5-6538,TCGA-D5-6538-01Z-00-DX1,1,0.9999931,1
tumour/TCGA-D5-6538-01Z-00-DX1_34816_13312.jpg,TCGA-D5-6538,TCGA-D5-6538-01Z-00-DX1,1,0.9999993,1
tumour/TCGA-D5-6538-01Z-00-DX1_34816_15360.jpg,TCGA-D5-6538,TCGA-D5-6538-01Z-00-DX1,1,0.99997556,1
tumour/TCGA-D5-6538-01Z-00-DX1_34816_16384.jpg,TCGA-D5-6538,TCGA-D5-6538-01Z-00-DX1,1,0.99999905,1
tumour/TCGA-D5-6538-01Z-00-DX1_34816_18944.jpg,TCGA-D5-6538,TCGA-D5-6538-01Z-00-DX1,1,0.99999964,1
tumour/TCGA-D5-6538-01Z-00-DX1_34816_19456.jpg,TCGA-D5-6538,TCGA-D5-6538-01Z-00-DX1,1,0.99985206,1
tumour/TCGA-D5-6538-01Z-00-DX1_34816_19968.jpg,TCGA-D5-6538,TCGA-D5-6538-01Z-00-DX1,1,0.99996114,1
tumour/TCGA-D5-6538-01Z-00-DX1_34816_20480.jpg,TCGA-D5-6538,TCGA-D5-6538-01Z-00-DX1,1,0.9999976,1
tumour/TCGA-D5-6538-01Z-00-DX1_34816_27136.jpg,TCGA-D5-6538,TCGA-D5-6538-01Z-00-DX1,1,0.99893326,1
tumour/TCGA-D5-6538-01Z-00-DX1_34816_27648.jpg,TCGA-D5-6538,TCGA-D5-6538-01Z-00-DX1,1,0.9997484,1
tumour/TCGA-D5-6538-01Z-00-DX1_34816_28672.jpg,TCGA-D5-6538,TCGA-D5-6538-01Z-00-DX1,1,0.9999937,1
tumour/TCGA-D5-6538-01Z-00-DX1_34816_9728.jpg,TCGA-D5-6538,TCGA-D5-6538-01Z-00-DX1,1,0.99999976,1
tumour/TCGA-D5-6538-01Z-00-DX1_35328_10752.jpg,TCGA-D5-6538,TCGA-D5-6538-01Z-00-DX1,1,0.99993634,1
tumour/TCGA-D5-6538-01Z-00-DX1_35328_12800.jpg,TCGA-D5-6538,TCGA-D5-6538-01Z-00-DX1,1,0.9999857,1
tumour/TCGA-D5-6538-01Z-00-DX1_35328_13312.jpg,TCGA-D5-6538,TCGA-D5-6538-01Z-00-DX1,1,0.999972,1
tumour/TCGA-D5-6538-01Z-00-DX1_35328_13824.jpg,TCGA-D5-6538,TCGA-D5-6538-01Z-00-DX1,1,0.99999547,1
tumour/TCGA-D5-6538-01Z-00-DX1_35328_14336.jpg,TCGA-D5-6538,TCGA-D5-6538-01Z-00-DX1,1,0.9999528,1
tumour/TCGA-D5-6538-01Z-00-DX1_35328_14848.jpg,TCGA-D5-6538,TCGA-D5-6538-01Z-00-DX1,1,0.99998176,1
tumour/TCGA-D5-6538-01Z-00-DX1_35328_15360.jpg,TCGA-D5-6538,TCGA-D5-6538-01Z-00-DX1,1,0.9997459,1
tumour/TCGA-D5-6538-01Z-00-DX1_35328_15872.jpg,TCGA-D5-6538,TCGA-D5-6538-01Z-00-DX1,1,0.99999976,1
tumour/TCGA-D5-6538-01Z-00-DX1_35328_16384.jpg,TCGA-D5-6538,TCGA-D5-6538-01Z-00-DX1,1,0.99998224,1
tumour/TCGA-D5-6538-01Z-00-DX1_35328_16896.jpg,TCGA-D5-6538,TCGA-D5-6538-01Z-00-DX1,1,0.9996124,1
tumour/TCGA-D5-6538-01Z-00-DX1_35328_17920.jpg,TCGA-D5-6538,TCGA-D5-6538-01Z-00-DX1,1,0.99999833,1
tumour/TCGA-D5-6538-01Z-00-DX1_35328_18432.jpg,TCGA-D5-6538,TCGA-D5-6538-01Z-00-DX1,1,0.9997731,1
tumour/TCGA-D5-6538-01Z-00-DX1_35328_19456.jpg,TCGA-D5-6538,TCGA-D5-6538-01Z-00-DX1,1,0.9999993,1
tumour/TCGA-D5-6538-01Z-00-DX1_35328_19968.jpg,TCGA-D5-6538,TCGA-D5-6538-01Z-00-DX1,1,0.99999523,1
tumour/TCGA-D5-6538-01Z-00-DX1_35328_21504.jpg,TCGA-D5-6538,TCGA-D5-6538-01Z-00-DX1,1,0.99996114,1
tumour/TCGA-D5-6538-01Z-00-DX1_35328_26624.jpg,TCGA-D5-6538,TCGA-D5-6538-01Z-00-DX1,1,0.99968123,1
tumour/TCGA-D5-6538-01Z-00-DX1_35328_28160.jpg,TCGA-D5-6538,TCGA-D5-6538-01Z-00-DX1,1,0.99979657,1
tumour/TCGA-D5-6538-01Z-00-DX1_35328_28672.jpg,TCGA-D5-6538,TCGA-D5-6538-01Z-00-DX1,1,0.9998894,1
tumour/TCGA-D5-6538-01Z-00-DX1_35328_29184.jpg,TCGA-D5-6538,TCGA-D5-6538-01Z-00-DX1,1,0.9999919,1
tumour/TCGA-D5-6538-01Z-00-DX1_35840_10752.jpg,TCGA-D5-6538,TCGA-D5-6538-01Z-00-DX1,1,0.99984574,1
tumour/TCGA-D5-6538-01Z-00-DX1_35840_12800.jpg,TCGA-D5-6538,TCGA-D5-6538-01Z-00-DX1,1,0.9999976,1
tumour/TCGA-D5-6538-01Z-00-DX1_35840_13312.jpg,TCGA-D5-6538,TCGA-D5-6538-01Z-00-DX1,1,0.9999267,1
tumour/TCGA-D5-6538-01Z-00-DX1_35840_13824.jpg,TCGA-D5-6538,TCGA-D5-6538-01Z-00-DX1,1,0.99998987,1
tumour/TCGA-D5-6538-01Z-00-DX1_35840_14336.jpg,TCGA-D5-6538,TCGA-D5-6538-01Z-00-DX1,1,0.9999925,1
tumour/TCGA-D5-6538-01Z-00-DX1_35840_14848.jpg,TCGA-D5-6538,TCGA-D5-6538-01Z-00-DX1,1,0.9997336,1
tumour/TCGA-D5-6538-01Z-00-DX1_35840_15360.jpg,TCGA-D5-6538,TCGA-D5-6538-01Z-00-DX1,1,0.99968886,1
tumour/TCGA-D5-6538-01Z-00-DX1_35840_15872.jpg,TCGA-D5-6538,TCGA-D5-6538-01Z-00-DX1,1,0.99991953,1
tumour/TCGA-D5-6538-01Z-00-DX1_35840_16896.jpg,TCGA-D5-6538,TCGA-D5-6538-01Z-00-DX1,1,0.98532724,1
tumour/TCGA-D5-6538-01Z-00-DX1_35840_18944.jpg,TCGA-D5-6538,TCGA-D5-6538-01Z-00-DX1,1,0.99809855,1
tumour/TCGA-D5-6538-01Z-00-DX1_35840_19456.jpg,TCGA-D5-6538,TCGA-D5-6538-01Z-00-DX1,1,0.9999949,1
tumour/TCGA-D5-6538-01Z-00-DX1_35840_24064.jpg,TCGA-D5-6538,TCGA-D5-6538-01Z-00-DX1,1,0.67820966,1
tumour/TCGA-D5-6538-01Z-00-DX1_35840_26624.jpg,TCGA-D5-6538,TCGA-D5-6538-01Z-00-DX1,1,0.99997854,1
tumour/TCGA-D5-6538-01Z-00-DX1_35840_27136.jpg,TCGA-D5-6538,TCGA-D5-6538-01Z-00-DX1,1,0.99963915,1
tumour/TCGA-D5-6538-01Z-00-DX1_35840_27648.jpg,TCGA-D5-6538,TCGA-D5-6538-01Z-00-DX1,1,0.97882205,1
tumour/TCGA-D5-6538-01Z-00-DX1_35840_28160.jpg,TCGA-D5-6538,TCGA-D5-6538-01Z-00-DX1,1,1.0,1
tumour/TCGA-D5-6538-01Z-00-DX1_35840_29184.jpg,TCGA-D5-6538,TCGA-D5-6538-01Z-00-DX1,1,0.9999981,1
tumour/TCGA-D5-6538-01Z-00-DX1_36352_10752.jpg,TCGA-D5-6538,TCGA-D5-6538-01Z-00-DX1,1,0.9376847,1
tumour/TCGA-D5-6538-01Z-00-DX1_36352_11776.jpg,TCGA-D5-6538,TCGA-D5-6538-01Z-00-DX1,1,0.99172103,1
tumour/TCGA-D5-6538-01Z-00-DX1_36352_12288.jpg,TCGA-D5-6538,TCGA-D5-6538-01Z-00-DX1,1,0.99990726,1
tumour/TCGA-D5-6538-01Z-00-DX1_36352_12800.jpg,TCGA-D5-6538,TCGA-D5-6538-01Z-00-DX1,1,0.9999871,1
tumour/TCGA-D5-6538-01Z-00-DX1_36352_13824.jpg,TCGA-D5-6538,TCGA-D5-6538-01Z-00-DX1,1,0.9992986,1
tumour/TCGA-D5-6538-01Z-00-DX1_36352_16384.jpg,TCGA-D5-6538,TCGA-D5-6538-01Z-00-DX1,1,0.99998415,1
tumour/TCGA-D5-6538-01Z-00-DX1_36352_16896.jpg,TCGA-D5-6538,TCGA-D5-6538-01Z-00-DX1,1,0.9999838,1
tumour/TCGA-D5-6538-01Z-00-DX1_36352_17408.jpg,TCGA-D5-6538,TCGA-D5-6538-01Z-00-DX1,1,0.9999751,1
tumour/TCGA-D5-6538-01Z-00-DX1_36352_17920.jpg,TCGA-D5-6538,TCGA-D5-6538-01Z-00-DX1,1,0.99998593,1
tumour/TCGA-D5-6538-01Z-00-DX1_36352_19968.jpg,TCGA-D5-6538,TCGA-D5-6538-01Z-00-DX1,1,0.9999689,1
tumour/TCGA-D5-6538-01Z-00-DX1_36352_20992.jpg,TCGA-D5-6538,TCGA-D5-6538-01Z-00-DX1,1,0.99998784,1
tumour/TCGA-D5-6538-01Z-00-DX1_36352_23552.jpg,TCGA-D5-6538,TCGA-D5-6538-01Z-00-DX1,1,0.95571744,1
tumour/TCGA-D5-6538-01Z-00-DX1_36352_24576.jpg,TCGA-D5-6538,TCGA-D5-6538-01Z-00-DX1,1,0.9999989,1
tumour/TCGA-D5-6538-01Z-00-DX1_36352_25088.jpg,TCGA-D5-6538,TCGA-D5-6538-01Z-00-DX1,1,0.9999931,1
tumour/TCGA-D5-6538-01Z-00-DX1_36352_25600.jpg,TCGA-D5-6538,TCGA-D5-6538-01Z-00-DX1,1,0.99953926,1
tumour/TCGA-D5-6538-01Z-00-DX1_36352_26112.jpg,TCGA-D5-6538,TCGA-D5-6538-01Z-00-DX1,1,0.9999863,1
tumour/TCGA-D5-6538-01Z-00-DX1_36352_27136.jpg,TCGA-D5-6538,TCGA-D5-6538-01Z-00-DX1,1,0.9999758,1
tumour/TCGA-D5-6538-01Z-00-DX1_36352_27648.jpg,TCGA-D5-6538,TCGA-D5-6538-01Z-00-DX1,1,0.95912224,1
tumour/TCGA-D5-6538-01Z-00-DX1_36352_28672.jpg,TCGA-D5-6538,TCGA-D5-6538-01Z-00-DX1,1,1.0,1
tumour/TCGA-D5-6538-01Z-00-DX1_36352_9728.jpg,TCGA-D5-6538,TCGA-D5-6538-01Z-00-DX1,1,0.9980842,1
tumour/TCGA-D5-6538-01Z-00-DX1_36864_10240.jpg,TCGA-D5-6538,TCGA-D5-6538-01Z-00-DX1,1,0.8657122,1
tumour/TCGA-D5-6538-01Z-00-DX1_36864_10752.jpg,TCGA-D5-6538,TCGA-D5-6538-01Z-00-DX1,1,0.9999958,1
tumour/TCGA-D5-6538-01Z-00-DX1_36864_11264.jpg,TCGA-D5-6538,TCGA-D5-6538-01Z-00-DX1,1,0.9997658,1
tumour/TCGA-D5-6538-01Z-00-DX1_36864_12288.jpg,TCGA-D5-6538,TCGA-D5-6538-01Z-00-DX1,1,0.99958366,1
tumour/TCGA-D5-6538-01Z-00-DX1_36864_12800.jpg,TCGA-D5-6538,TCGA-D5-6538-01Z-00-DX1,1,0.99998677,1
tumour/TCGA-D5-6538-01Z-00-DX1_36864_13312.jpg,TCGA-D5-6538,TCGA-D5-6538-01Z-00-DX1,1,0.9999993,1
tumour/TCGA-D5-6538-01Z-00-DX1_36864_13824.jpg,TCGA-D5-6538,TCGA-D5-6538-01Z-00-DX1,1,0.9999924,1
tumour/TCGA-D5-6538-01Z-00-DX1_36864_14848.jpg,TCGA-D5-6538,TCGA-D5-6538-01Z-00-DX1,1,0.99994063,1
tumour/TCGA-D5-6538-01Z-00-DX1_36864_15360.jpg,TCGA-D5-6538,TCGA-D5-6538-01Z-00-DX1,1,0.9999639,1
tumour/TCGA-D5-6538-01Z-00-DX1_36864_15872.jpg,TCGA-D5-6538,TCGA-D5-6538-01Z-00-DX1,1,0.99998784,1
tumour/TCGA-D5-6538-01Z-00-DX1_36864_16896.jpg,TCGA-D5-6538,TCGA-D5-6538-01Z-00-DX1,1,0.99996924,1
tumour/TCGA-D5-6538-01Z-00-DX1_36864_18944.jpg,TCGA-D5-6538,TCGA-D5-6538-01Z-00-DX1,1,0.99999833,1
tumour/TCGA-D5-6538-01Z-00-DX1_36864_24064.jpg,TCGA-D5-6538,TCGA-D5-6538-01Z-00-DX1,1,0.99995744,1
tumour/TCGA-D5-6538-01Z-00-DX1_36864_24576.jpg,TCGA-D5-6538,TCGA-D5-6538-01Z-00-DX1,1,0.9999976,1
tumour/TCGA-D5-6538-01Z-00-DX1_36864_25088.jpg,TCGA-D5-6538,TCGA-D5-6538-01Z-00-DX1,1,1.0,1
tumour/TCGA-D5-6538-01Z-00-DX1_36864_26112.jpg,TCGA-D5-6538,TCGA-D5-6538-01Z-00-DX1,1,1.0,1
tumour/TCGA-D5-6538-01Z-00-DX1_36864_27136.jpg,TCGA-D5-6538,TCGA-D5-6538-01Z-00-DX1,1,0.9999993,1
tumour/TCGA-D5-6538-01Z-00-DX1_37376_11776.jpg,TCGA-D5-6538,TCGA-D5-6538-01Z-00-DX1,1,0.9823727,1
tumour/TCGA-D5-6538-01Z-00-DX1_37376_12800.jpg,TCGA-D5-6538,TCGA-D5-6538-01Z-00-DX1,1,0.9999988,1
tumour/TCGA-D5-6538-01Z-00-DX1_37376_13312.jpg,TCGA-D5-6538,TCGA-D5-6538-01Z-00-DX1,1,0.9999993,1
tumour/TCGA-D5-6538-01Z-00-DX1_37376_16896.jpg,TCGA-D5-6538,TCGA-D5-6538-01Z-00-DX1,1,0.99960333,1
tumour/TCGA-D5-6538-01Z-00-DX1_37376_19968.jpg,TCGA-D5-6538,TCGA-D5-6538-01Z-00-DX1,1,0.9999423,1
tumour/TCGA-D5-6538-01Z-00-DX1_37376_24064.jpg,TCGA-D5-6538,TCGA-D5-6538-01Z-00-DX1,1,1.0,1
tumour/TCGA-D5-6538-01Z-00-DX1_37376_24576.jpg,TCGA-D5-6538,TCGA-D5-6538-01Z-00-DX1,1,0.99999964,1
tumour/TCGA-D5-6538-01Z-00-DX1_37376_25088.jpg,TCGA-D5-6538,TCGA-D5-6538-01Z-00-DX1,1,0.99999976,1
tumour/TCGA-D5-6538-01Z-00-DX1_37376_25600.jpg,TCGA-D5-6538,TCGA-D5-6538-01Z-00-DX1,1,0.9999994,1
tumour/TCGA-D5-6538-01Z-00-DX1_37376_26624.jpg,TCGA-D5-6538,TCGA-D5-6538-01Z-00-DX1,1,0.99998426,1
tumour/TCGA-D5-6538-01Z-00-DX1_37376_27136.jpg,TCGA-D5-6538,TCGA-D5-6538-01Z-00-DX1,1,0.9999993,1
tumour/TCGA-D5-6538-01Z-00-DX1_37376_9728.jpg,TCGA-D5-6538,TCGA-D5-6538-01Z-00-DX1,1,0.9997665,1
tumour/TCGA-D5-6538-01Z-00-DX1_37888_10752.jpg,TCGA-D5-6538,TCGA-D5-6538-01Z-00-DX1,1,0.999987,1
tumour/TCGA-D5-6538-01Z-00-DX1_37888_11264.jpg,TCGA-D5-6538,TCGA-D5-6538-01Z-00-DX1,1,0.9841474,1
tumour/TCGA-D5-6538-01Z-00-DX1_37888_12288.jpg,TCGA-D5-6538,TCGA-D5-6538-01Z-00-DX1,1,0.99999833,1
tumour/TCGA-D5-6538-01Z-00-DX1_37888_13312.jpg,TCGA-D5-6538,TCGA-D5-6538-01Z-00-DX1,1,0.9983038,1
tumour/TCGA-D5-6538-01Z-00-DX1_37888_13824.jpg,TCGA-D5-6538,TCGA-D5-6538-01Z-00-DX1,1,0.99992585,1
tumour/TCGA-D5-6538-01Z-00-DX1_37888_14336.jpg,TCGA-D5-6538,TCGA-D5-6538-01Z-00-DX1,1,0.9992348,1
tumour/TCGA-D5-6538-01Z-00-DX1_37888_15360.jpg,TCGA-D5-6538,TCGA-D5-6538-01Z-00-DX1,1,0.9999887,1
tumour/TCGA-D5-6538-01Z-00-DX1_37888_15872.jpg,TCGA-D5-6538,TCGA-D5-6538-01Z-00-DX1,1,0.9998116,1
tumour/TCGA-D5-6538-01Z-00-DX1_37888_16384.jpg,TCGA-D5-6538,TCGA-D5-6538-01Z-00-DX1,1,0.9998572,1
tumour/TCGA-D5-6538-01Z-00-DX1_37888_17408.jpg,TCGA-D5-6538,TCGA-D5-6538-01Z-00-DX1,1,0.9999502,1
tumour/TCGA-D5-6538-01Z-00-DX1_37888_18944.jpg,TCGA-D5-6538,TCGA-D5-6538-01Z-00-DX1,1,0.99999917,1
tumour/TCGA-D5-6538-01Z-00-DX1_37888_19456.jpg,TCGA-D5-6538,TCGA-D5-6538-01Z-00-DX1,1,0.9999995,1
tumour/TCGA-D5-6538-01Z-00-DX1_37888_19968.jpg,TCGA-D5-6538,TCGA-D5-6538-01Z-00-DX1,1,0.9999865,1
tumour/TCGA-D5-6538-01Z-00-DX1_37888_23040.jpg,TCGA-D5-6538,TCGA-D5-6538-01Z-00-DX1,1,0.35163757,0
tumour/TCGA-D5-6538-01Z-00-DX1_37888_26112.jpg,TCGA-D5-6538,TCGA-D5-6538-01Z-00-DX1,1,0.9999999,1
tumour/TCGA-D5-6538-01Z-00-DX1_37888_27136.jpg,TCGA-D5-6538,TCGA-D5-6538-01Z-00-DX1,1,1.0,1
tumour/TCGA-D5-6538-01Z-00-DX1_37888_27648.jpg,TCGA-D5-6538,TCGA-D5-6538-01Z-00-DX1,1,0.99999297,1
tumour/TCGA-D5-6538-01Z-00-DX1_37888_29184.jpg,TCGA-D5-6538,TCGA-D5-6538-01Z-00-DX1,1,0.99999905,1
tumour/TCGA-D5-6538-01Z-00-DX1_37888_9216.jpg,TCGA-D5-6538,TCGA-D5-6538-01Z-00-DX1,1,0.9962239,1
tumour/TCGA-D5-6538-01Z-00-DX1_38400_10240.jpg,TCGA-D5-6538,TCGA-D5-6538-01Z-00-DX1,1,0.9999845,1
tumour/TCGA-D5-6538-01Z-00-DX1_38400_10752.jpg,TCGA-D5-6538,TCGA-D5-6538-01Z-00-DX1,1,0.9999994,1
tumour/TCGA-D5-6538-01Z-00-DX1_38400_11264.jpg,TCGA-D5-6538,TCGA-D5-6538-01Z-00-DX1,1,0.9977977,1
tumour/TCGA-D5-6538-01Z-00-DX1_38400_11776.jpg,TCGA-D5-6538,TCGA-D5-6538-01Z-00-DX1,1,0.99999976,1
tumour/TCGA-D5-6538-01Z-00-DX1_38400_12288.jpg,TCGA-D5-6538,TCGA-D5-6538-01Z-00-DX1,1,0.9999989,1
tumour/TCGA-D5-6538-01Z-00-DX1_38400_12800.jpg,TCGA-D5-6538,TCGA-D5-6538-01Z-00-DX1,1,0.9999999,1
tumour/TCGA-D5-6538-01Z-00-DX1_38400_13312.jpg,TCGA-D5-6538,TCGA-D5-6538-01Z-00-DX1,1,0.99998677,1
tumour/TCGA-D5-6538-01Z-00-DX1_38400_14336.jpg,TCGA-D5-6538,TCGA-D5-6538-01Z-00-DX1,1,0.99992,1
tumour/TCGA-D5-6538-01Z-00-DX1_38400_14848.jpg,TCGA-D5-6538,TCGA-D5-6538-01Z-00-DX1,1,0.99998283,1
tumour/TCGA-D5-6538-01Z-00-DX1_38400_15872.jpg,TCGA-D5-6538,TCGA-D5-6538-01Z-00-DX1,1,0.99999094,1
tumour/TCGA-D5-6538-01Z-00-DX1_38400_16384.jpg,TCGA-D5-6538,TCGA-D5-6538-01Z-00-DX1,1,0.9999974,1
tumour/TCGA-D5-6538-01Z-00-DX1_38400_17408.jpg,TCGA-D5-6538,TCGA-D5-6538-01Z-00-DX1,1,0.9999933,1
tumour/TCGA-D5-6538-01Z-00-DX1_38400_18432.jpg,TCGA-D5-6538,TCGA-D5-6538-01Z-00-DX1,1,0.99999964,1
tumour/TCGA-D5-6538-01Z-00-DX1_38400_18944.jpg,TCGA-D5-6538,TCGA-D5-6538-01Z-00-DX1,1,0.9999962,1
tumour/TCGA-D5-6538-01Z-00-DX1_38400_19968.jpg,TCGA-D5-6538,TCGA-D5-6538-01Z-00-DX1,1,0.99999046,1
tumour/TCGA-D5-6538-01Z-00-DX1_38400_25088.jpg,TCGA-D5-6538,TCGA-D5-6538-01Z-00-DX1,1,1.0,1
tumour/TCGA-D5-6538-01Z-00-DX1_38400_26112.jpg,TCGA-D5-6538,TCGA-D5-6538-01Z-00-DX1,1,1.0,1
tumour/TCGA-D5-6538-01Z-00-DX1_38400_26624.jpg,TCGA-D5-6538,TCGA-D5-6538-01Z-00-DX1,1,0.9999999,1
tumour/TCGA-D5-6538-01Z-00-DX1_38400_27136.jpg,TCGA-D5-6538,TCGA-D5-6538-01Z-00-DX1,1,1.0,1
tumour/TCGA-D5-6538-01Z-00-DX1_38400_29184.jpg,TCGA-D5-6538,TCGA-D5-6538-01Z-00-DX1,1,0.99999404,1
tumour/TCGA-D5-6538-01Z-00-DX1_38400_9728.jpg,TCGA-D5-6538,TCGA-D5-6538-01Z-00-DX1,1,0.99992275,1
tumour/TCGA-D5-6538-01Z-00-DX1_38912_11264.jpg,TCGA-D5-6538,TCGA-D5-6538-01Z-00-DX1,1,0.99998176,1
tumour/TCGA-D5-6538-01Z-00-DX1_38912_12288.jpg,TCGA-D5-6538,TCGA-D5-6538-01Z-00-DX1,1,0.9999895,1
tumour/TCGA-D5-6538-01Z-00-DX1_38912_12800.jpg,TCGA-D5-6538,TCGA-D5-6538-01Z-00-DX1,1,0.99995863,1
tumour/TCGA-D5-6538-01Z-00-DX1_38912_13312.jpg,TCGA-D5-6538,TCGA-D5-6538-01Z-00-DX1,1,0.99999726,1
tumour/TCGA-D5-6538-01Z-00-DX1_38912_13824.jpg,TCGA-D5-6538,TCGA-D5-6538-01Z-00-DX1,1,0.9999863,1
tumour/TCGA-D5-6538-01Z-00-DX1_38912_19456.jpg,TCGA-D5-6538,TCGA-D5-6538-01Z-00-DX1,1,0.99917513,1
tumour/TCGA-D5-6538-01Z-00-DX1_38912_19968.jpg,TCGA-D5-6538,TCGA-D5-6538-01Z-00-DX1,1,0.9999665,1
tumour/TCGA-D5-6538-01Z-00-DX1_38912_23552.jpg,TCGA-D5-6538,TCGA-D5-6538-01Z-00-DX1,1,0.9996164,1
tumour/TCGA-D5-6538-01Z-00-DX1_38912_24064.jpg,TCGA-D5-6538,TCGA-D5-6538-01Z-00-DX1,1,0.9999821,1
tumour/TCGA-D5-6538-01Z-00-DX1_38912_25088.jpg,TCGA-D5-6538,TCGA-D5-6538-01Z-00-DX1,1,1.0,1
tumour/TCGA-D5-6538-01Z-00-DX1_38912_25600.jpg,TCGA-D5-6538,TCGA-D5-6538-01Z-00-DX1,1,1.0,1
tumour/TCGA-D5-6538-01Z-00-DX1_38912_27136.jpg,TCGA-D5-6538,TCGA-D5-6538-01Z-00-DX1,1,0.99999213,1
tumour/TCGA-D5-6538-01Z-00-DX1_38912_27648.jpg,TCGA-D5-6538,TCGA-D5-6538-01Z-00-DX1,1,0.99897695,1
tumour/TCGA-D5-6538-01Z-00-DX1_38912_28672.jpg,TCGA-D5-6538,TCGA-D5-6538-01Z-00-DX1,1,0.99995935,1
tumour/TCGA-D5-6538-01Z-00-DX1_38912_29184.jpg,TCGA-D5-6538,TCGA-D5-6538-01Z-00-DX1,1,0.99999917,1
tumour/TCGA-D5-6538-01Z-00-DX1_39424_11776.jpg,TCGA-D5-6538,TCGA-D5-6538-01Z-00-DX1,1,0.9999999,1
tumour/TCGA-D5-6538-01Z-00-DX1_39424_14848.jpg,TCGA-D5-6538,TCGA-D5-6538-01Z-00-DX1,1,0.99997115,1
tumour/TCGA-D5-6538-01Z-00-DX1_39424_15360.jpg,TCGA-D5-6538,TCGA-D5-6538-01Z-00-DX1,1,0.99999917,1
tumour/TCGA-D5-6538-01Z-00-DX1_39424_15872.jpg,TCGA-D5-6538,TCGA-D5-6538-01Z-00-DX1,1,0.99990976,1
tumour/TCGA-D5-6538-01Z-00-DX1_39424_17408.jpg,TCGA-D5-6538,TCGA-D5-6538-01Z-00-DX1,1,0.99999976,1
tumour/TCGA-D5-6538-01Z-00-DX1_39424_18432.jpg,TCGA-D5-6538,TCGA-D5-6538-01Z-00-DX1,1,0.99999976,1
tumour/TCGA-D5-6538-01Z-00-DX1_39424_19456.jpg,TCGA-D5-6538,TCGA-D5-6538-01Z-00-DX1,1,0.9999974,1
tumour/TCGA-D5-6538-01Z-00-DX1_39424_23040.jpg,TCGA-D5-6538,TCGA-D5-6538-01Z-00-DX1,1,0.995387,1
tumour/TCGA-D5-6538-01Z-00-DX1_39424_24064.jpg,TCGA-D5-6538,TCGA-D5-6538-01Z-00-DX1,1,0.9996418,1
tumour/TCGA-D5-6538-01Z-00-DX1_39424_24576.jpg,TCGA-D5-6538,TCGA-D5-6538-01Z-00-DX1,1,0.99978644,1
tumour/TCGA-D5-6538-01Z-00-DX1_39424_26624.jpg,TCGA-D5-6538,TCGA-D5-6538-01Z-00-DX1,1,0.9999989,1
tumour/TCGA-D5-6538-01Z-00-DX1_39424_27136.jpg,TCGA-D5-6538,TCGA-D5-6538-01Z-00-DX1,1,0.99999774,1
tumour/TCGA-D5-6538-01Z-00-DX1_39424_28672.jpg,TCGA-D5-6538,TCGA-D5-6538-01Z-00-DX1,1,0.99996483,1
tumour/TCGA-D5-6538-01Z-00-DX1_39424_29184.jpg,TCGA-D5-6538,TCGA-D5-6538-01Z-00-DX1,1,0.9999832,1
tumour/TCGA-D5-6538-01Z-00-DX1_39936_10752.jpg,TCGA-D5-6538,TCGA-D5-6538-01Z-00-DX1,1,0.99826825,1
tumour/TCGA-D5-6538-01Z-00-DX1_39936_11264.jpg,TCGA-D5-6538,TCGA-D5-6538-01Z-00-DX1,1,0.9998548,1
tumour/TCGA-D5-6538-01Z-00-DX1_39936_11776.jpg,TCGA-D5-6538,TCGA-D5-6538-01Z-00-DX1,1,0.9999994,1
tumour/TCGA-D5-6538-01Z-00-DX1_39936_12800.jpg,TCGA-D5-6538,TCGA-D5-6538-01Z-00-DX1,1,0.9998777,1
tumour/TCGA-D5-6538-01Z-00-DX1_39936_17408.jpg,TCGA-D5-6538,TCGA-D5-6538-01Z-00-DX1,1,0.9999976,1
tumour/TCGA-D5-6538-01Z-00-DX1_39936_20480.jpg,TCGA-D5-6538,TCGA-D5-6538-01Z-00-DX1,1,0.9998073,1
tumour/TCGA-D5-6538-01Z-00-DX1_39936_21504.jpg,TCGA-D5-6538,TCGA-D5-6538-01Z-00-DX1,1,0.99980193,1
tumour/TCGA-D5-6538-01Z-00-DX1_39936_24576.jpg,TCGA-D5-6538,TCGA-D5-6538-01Z-00-DX1,1,0.99998796,1
tumour/TCGA-D5-6538-01Z-00-DX1_39936_25088.jpg,TCGA-D5-6538,TCGA-D5-6538-01Z-00-DX1,1,0.99999905,1
tumour/TCGA-D5-6538-01Z-00-DX1_39936_28672.jpg,TCGA-D5-6538,TCGA-D5-6538-01Z-00-DX1,1,0.9999964,1
tumour/TCGA-D5-6538-01Z-00-DX1_40448_10240.jpg,TCGA-D5-6538,TCGA-D5-6538-01Z-00-DX1,1,0.9995334,1
tumour/TCGA-D5-6538-01Z-00-DX1_40448_11264.jpg,TCGA-D5-6538,TCGA-D5-6538-01Z-00-DX1,1,0.9972596,1
tumour/TCGA-D5-6538-01Z-00-DX1_40448_11776.jpg,TCGA-D5-6538,TCGA-D5-6538-01Z-00-DX1,1,0.99676895,1
tumour/TCGA-D5-6538-01Z-00-DX1_40448_14848.jpg,TCGA-D5-6538,TCGA-D5-6538-01Z-00-DX1,1,0.99910575,1
tumour/TCGA-D5-6538-01Z-00-DX1_40448_19456.jpg,TCGA-D5-6538,TCGA-D5-6538-01Z-00-DX1,1,0.9999784,1
tumour/TCGA-D5-6538-01Z-00-DX1_40448_19968.jpg,TCGA-D5-6538,TCGA-D5-6538-01Z-00-DX1,1,0.99995744,1
tumour/TCGA-D5-6538-01Z-00-DX1_40448_25088.jpg,TCGA-D5-6538,TCGA-D5-6538-01Z-00-DX1,1,0.9999999,1
tumour/TCGA-D5-6538-01Z-00-DX1_40448_26624.jpg,TCGA-D5-6538,TCGA-D5-6538-01Z-00-DX1,1,0.99996305,1
tumour/TCGA-D5-6538-01Z-00-DX1_40448_29184.jpg,TCGA-D5-6538,TCGA-D5-6538-01Z-00-DX1,1,0.99996495,1
tumour/TCGA-D5-6538-01Z-00-DX1_40448_29696.jpg,TCGA-D5-6538,TCGA-D5-6538-01Z-00-DX1,1,0.99999964,1
tumour/TCGA-D5-6538-01Z-00-DX1_40960_12800.jpg,TCGA-D5-6538,TCGA-D5-6538-01Z-00-DX1,1,0.75682306,1
tumour/TCGA-D5-6538-01Z-00-DX1_40960_14336.jpg,TCGA-D5-6538,TCGA-D5-6538-01Z-00-DX1,1,0.9952989,1
tumour/TCGA-D5-6538-01Z-00-DX1_40960_18944.jpg,TCGA-D5-6538,TCGA-D5-6538-01Z-00-DX1,1,0.99999964,1
tumour/TCGA-D5-6538-01Z-00-DX1_40960_19456.jpg,TCGA-D5-6538,TCGA-D5-6538-01Z-00-DX1,1,0.999592,1
tumour/TCGA-D5-6538-01Z-00-DX1_40960_20992.jpg,TCGA-D5-6538,TCGA-D5-6538-01Z-00-DX1,1,0.99999785,1
tumour/TCGA-D5-6538-01Z-00-DX1_40960_22016.jpg,TCGA-D5-6538,TCGA-D5-6538-01Z-00-DX1,1,0.9999999,1
tumour/TCGA-D5-6538-01Z-00-DX1_40960_24576.jpg,TCGA-D5-6538,TCGA-D5-6538-01Z-00-DX1,1,0.9998172,1
tumour/TCGA-D5-6538-01Z-00-DX1_40960_26112.jpg,TCGA-D5-6538,TCGA-D5-6538-01Z-00-DX1,1,0.99999464,1
tumour/TCGA-D5-6538-01Z-00-DX1_41472_11776.jpg,TCGA-D5-6538,TCGA-D5-6538-01Z-00-DX1,1,0.99865013,1
tumour/TCGA-D5-6538-01Z-00-DX1_41472_12288.jpg,TCGA-D5-6538,TCGA-D5-6538-01Z-00-DX1,1,0.98556596,1
tumour/TCGA-D5-6538-01Z-00-DX1_41472_13312.jpg,TCGA-D5-6538,TCGA-D5-6538-01Z-00-DX1,1,0.99993265,1
tumour/TCGA-D5-6538-01Z-00-DX1_41472_14336.jpg,TCGA-D5-6538,TCGA-D5-6538-01Z-00-DX1,1,0.9999635,1
tumour/TCGA-D5-6538-01Z-00-DX1_41472_14848.jpg,TCGA-D5-6538,TCGA-D5-6538-01Z-00-DX1,1,0.9998647,1
tumour/TCGA-D5-6538-01Z-00-DX1_41472_15360.jpg,TCGA-D5-6538,TCGA-D5-6538-01Z-00-DX1,1,0.99994516,1
tumour/TCGA-D5-6538-01Z-00-DX1_41472_17920.jpg,TCGA-D5-6538,TCGA-D5-6538-01Z-00-DX1,1,0.99999785,1
tumour/TCGA-D5-6538-01Z-00-DX1_41472_18432.jpg,TCGA-D5-6538,TCGA-D5-6538-01Z-00-DX1,1,0.9999715,1
tumour/TCGA-D5-6538-01Z-00-DX1_41472_18944.jpg,TCGA-D5-6538,TCGA-D5-6538-01Z-00-DX1,1,0.99999535,1
tumour/TCGA-D5-6538-01Z-00-DX1_41472_19456.jpg,TCGA-D5-6538,TCGA-D5-6538-01Z-00-DX1,1,0.9999963,1
tumour/TCGA-D5-6538-01Z-00-DX1_41472_20480.jpg,TCGA-D5-6538,TCGA-D5-6538-01Z-00-DX1,1,0.9999819,1
tumour/TCGA-D5-6538-01Z-00-DX1_41472_20992.jpg,TCGA-D5-6538,TCGA-D5-6538-01Z-00-DX1,1,0.999954,1
tumour/TCGA-D5-6538-01Z-00-DX1_41472_21504.jpg,TCGA-D5-6538,TCGA-D5-6538-01Z-00-DX1,1,0.99999976,1
tumour/TCGA-D5-6538-01Z-00-DX1_41472_22016.jpg,TCGA-D5-6538,TCGA-D5-6538-01Z-00-DX1,1,0.99996877,1
tumour/TCGA-D5-6538-01Z-00-DX1_41472_26112.jpg,TCGA-D5-6538,TCGA-D5-6538-01Z-00-DX1,1,0.99999976,1
tumour/TCGA-D5-6538-01Z-00-DX1_41472_28160.jpg,TCGA-D5-6538,TCGA-D5-6538-01Z-00-DX1,1,0.9998073,1
tumour/TCGA-D5-6538-01Z-00-DX1_41984_11264.jpg,TCGA-D5-6538,TCGA-D5-6538-01Z-00-DX1,1,0.90965694,1
tumour/TCGA-D5-6538-01Z-00-DX1_41984_11776.jpg,TCGA-D5-6538,TCGA-D5-6538-01Z-00-DX1,1,0.99991894,1
tumour/TCGA-D5-6538-01Z-00-DX1_41984_12800.jpg,TCGA-D5-6538,TCGA-D5-6538-01Z-00-DX1,1,0.9999466,1
tumour/TCGA-D5-6538-01Z-00-DX1_41984_15360.jpg,TCGA-D5-6538,TCGA-D5-6538-01Z-00-DX1,1,0.9999999,1
tumour/TCGA-D5-6538-01Z-00-DX1_41984_15872.jpg,TCGA-D5-6538,TCGA-D5-6538-01Z-00-DX1,1,0.99999523,1
tumour/TCGA-D5-6538-01Z-00-DX1_41984_16384.jpg,TCGA-D5-6538,TCGA-D5-6538-01Z-00-DX1,1,0.9984744,1
tumour/TCGA-D5-6538-01Z-00-DX1_41984_17408.jpg,TCGA-D5-6538,TCGA-D5-6538-01Z-00-DX1,1,0.9999968,1
tumour/TCGA-D5-6538-01Z-00-DX1_41984_18944.jpg,TCGA-D5-6538,TCGA-D5-6538-01Z-00-DX1,1,0.9999951,1
tumour/TCGA-D5-6538-01Z-00-DX1_41984_19456.jpg,TCGA-D5-6538,TCGA-D5-6538-01Z-00-DX1,1,0.99994195,1
tumour/TCGA-D5-6538-01Z-00-DX1_41984_20992.jpg,TCGA-D5-6538,TCGA-D5-6538-01Z-00-DX1,1,0.9999957,1
tumour/TCGA-D5-6538-01Z-00-DX1_41984_22528.jpg,TCGA-D5-6538,TCGA-D5-6538-01Z-00-DX1,1,0.99997926,1
tumour/TCGA-D5-6538-01Z-00-DX1_41984_25088.jpg,TCGA-D5-6538,TCGA-D5-6538-01Z-00-DX1,1,0.9999995,1
tumour/TCGA-D5-6538-01Z-00-DX1_41984_25600.jpg,TCGA-D5-6538,TCGA-D5-6538-01Z-00-DX1,1,0.9975618,1
tumour/TCGA-D5-6538-01Z-00-DX1_41984_26624.jpg,TCGA-D5-6538,TCGA-D5-6538-01Z-00-DX1,1,0.99998236,1
tumour/TCGA-D5-6538-01Z-00-DX1_41984_27136.jpg,TCGA-D5-6538,TCGA-D5-6538-01Z-00-DX1,1,0.9999976,1
tumour/TCGA-D5-6538-01Z-00-DX1_41984_27648.jpg,TCGA-D5-6538,TCGA-D5-6538-01Z-00-DX1,1,0.99999785,1
tumour/TCGA-D5-6538-01Z-00-DX1_41984_28160.jpg,TCGA-D5-6538,TCGA-D5-6538-01Z-00-DX1,1,0.9999951,1
tumour/TCGA-D5-6538-01Z-00-DX1_42496_10752.jpg,TCGA-D5-6538,TCGA-D5-6538-01Z-00-DX1,1,0.9977864,1
tumour/TCGA-D5-6538-01Z-00-DX1_42496_12288.jpg,TCGA-D5-6538,TCGA-D5-6538-01Z-00-DX1,1,0.99757856,1
tumour/TCGA-D5-6538-01Z-00-DX1_42496_12800.jpg,TCGA-D5-6538,TCGA-D5-6538-01Z-00-DX1,1,0.9999218,1
tumour/TCGA-D5-6538-01Z-00-DX1_42496_13312.jpg,TCGA-D5-6538,TCGA-D5-6538-01Z-00-DX1,1,0.99986255,1
tumour/TCGA-D5-6538-01Z-00-DX1_42496_14848.jpg,TCGA-D5-6538,TCGA-D5-6538-01Z-00-DX1,1,0.99900585,1
tumour/TCGA-D5-6538-01Z-00-DX1_42496_15872.jpg,TCGA-D5-6538,TCGA-D5-6538-01Z-00-DX1,1,0.99997354,1
tumour/TCGA-D5-6538-01Z-00-DX1_42496_16896.jpg,TCGA-D5-6538,TCGA-D5-6538-01Z-00-DX1,1,0.9995284,1
tumour/TCGA-D5-6538-01Z-00-DX1_42496_17920.jpg,TCGA-D5-6538,TCGA-D5-6538-01Z-00-DX1,1,0.99999225,1
tumour/TCGA-D5-6538-01Z-00-DX1_42496_18432.jpg,TCGA-D5-6538,TCGA-D5-6538-01Z-00-DX1,1,0.9999844,1
tumour/TCGA-D5-6538-01Z-00-DX1_42496_18944.jpg,TCGA-D5-6538,TCGA-D5-6538-01Z-00-DX1,1,0.9999682,1
tumour/TCGA-D5-6538-01Z-00-DX1_42496_20480.jpg,TCGA-D5-6538,TCGA-D5-6538-01Z-00-DX1,1,0.9992417,1
tumour/TCGA-D5-6538-01Z-00-DX1_42496_20992.jpg,TCGA-D5-6538,TCGA-D5-6538-01Z-00-DX1,1,0.9984244,1
tumour/TCGA-D5-6538-01Z-00-DX1_42496_22016.jpg,TCGA-D5-6538,TCGA-D5-6538-01Z-00-DX1,1,0.9999976,1
tumour/TCGA-D5-6538-01Z-00-DX1_42496_25600.jpg,TCGA-D5-6538,TCGA-D5-6538-01Z-00-DX1,1,0.9999827,1
tumour/TCGA-D5-6538-01Z-00-DX1_42496_26624.jpg,TCGA-D5-6538,TCGA-D5-6538-01Z-00-DX1,1,0.9999963,1
tumour/TCGA-D5-6538-01Z-00-DX1_42496_27136.jpg,TCGA-D5-6538,TCGA-D5-6538-01Z-00-DX1,1,0.9999937,1
tumour/TCGA-D5-6538-01Z-00-DX1_42496_27648.jpg,TCGA-D5-6538,TCGA-D5-6538-01Z-00-DX1,1,0.99999833,1
tumour/TCGA-D5-6538-01Z-00-DX1_42496_28160.jpg,TCGA-D5-6538,TCGA-D5-6538-01Z-00-DX1,1,0.9999951,1
tumour/TCGA-D5-6538-01Z-00-DX1_43008_11776.jpg,TCGA-D5-6538,TCGA-D5-6538-01Z-00-DX1,1,0.9999939,1
tumour/TCGA-D5-6538-01Z-00-DX1_43008_12288.jpg,TCGA-D5-6538,TCGA-D5-6538-01Z-00-DX1,1,0.9992261,1
tumour/TCGA-D5-6538-01Z-00-DX1_43008_13312.jpg,TCGA-D5-6538,TCGA-D5-6538-01Z-00-DX1,1,0.9999944,1
tumour/TCGA-D5-6538-01Z-00-DX1_43008_14336.jpg,TCGA-D5-6538,TCGA-D5-6538-01Z-00-DX1,1,0.9997038,1
tumour/TCGA-D5-6538-01Z-00-DX1_43008_14848.jpg,TCGA-D5-6538,TCGA-D5-6538-01Z-00-DX1,1,0.99998987,1
tumour/TCGA-D5-6538-01Z-00-DX1_43008_16384.jpg,TCGA-D5-6538,TCGA-D5-6538-01Z-00-DX1,1,0.9999671,1
tumour/TCGA-D5-6538-01Z-00-DX1_43008_17920.jpg,TCGA-D5-6538,TCGA-D5-6538-01Z-00-DX1,1,0.9979609,1
tumour/TCGA-D5-6538-01Z-00-DX1_43008_21504.jpg,TCGA-D5-6538,TCGA-D5-6538-01Z-00-DX1,1,0.9999894,1
tumour/TCGA-D5-6538-01Z-00-DX1_43008_22016.jpg,TCGA-D5-6538,TCGA-D5-6538-01Z-00-DX1,1,0.99999785,1
tumour/TCGA-D5-6538-01Z-00-DX1_43008_26624.jpg,TCGA-D5-6538,TCGA-D5-6538-01Z-00-DX1,1,0.9999194,1
tumour/TCGA-D5-6538-01Z-00-DX1_43008_27136.jpg,TCGA-D5-6538,TCGA-D5-6538-01Z-00-DX1,1,1.0,1
tumour/TCGA-D5-6538-01Z-00-DX1_43520_11776.jpg,TCGA-D5-6538,TCGA-D5-6538-01Z-00-DX1,1,0.99998426,1
tumour/TCGA-D5-6538-01Z-00-DX1_43520_13312.jpg,TCGA-D5-6538,TCGA-D5-6538-01Z-00-DX1,1,0.99994266,1
tumour/TCGA-D5-6538-01Z-00-DX1_43520_13824.jpg,TCGA-D5-6538,TCGA-D5-6538-01Z-00-DX1,1,0.9999987,1
tumour/TCGA-D5-6538-01Z-00-DX1_43520_14848.jpg,TCGA-D5-6538,TCGA-D5-6538-01Z-00-DX1,1,0.99999976,1
tumour/TCGA-D5-6538-01Z-00-DX1_43520_17920.jpg,TCGA-D5-6538,TCGA-D5-6538-01Z-00-DX1,1,0.999918,1
tumour/TCGA-D5-6538-01Z-00-DX1_43520_18944.jpg,TCGA-D5-6538,TCGA-D5-6538-01Z-00-DX1,1,0.9991704,1
tumour/TCGA-D5-6538-01Z-00-DX1_43520_23552.jpg,TCGA-D5-6538,TCGA-D5-6538-01Z-00-DX1,1,0.9999951,1
tumour/TCGA-D5-6538-01Z-00-DX1_43520_24064.jpg,TCGA-D5-6538,TCGA-D5-6538-01Z-00-DX1,1,0.9999287,1
tumour/TCGA-D5-6538-01Z-00-DX1_44032_11264.jpg,TCGA-D5-6538,TCGA-D5-6538-01Z-00-DX1,1,0.97390217,1
tumour/TCGA-D5-6538-01Z-00-DX1_44032_11776.jpg,TCGA-D5-6538,TCGA-D5-6538-01Z-00-DX1,1,0.99844176,1
tumour/TCGA-D5-6538-01Z-00-DX1_44032_12288.jpg,TCGA-D5-6538,TCGA-D5-6538-01Z-00-DX1,1,0.99748707,1
tumour/TCGA-D5-6538-01Z-00-DX1_44032_13824.jpg,TCGA-D5-6538,TCGA-D5-6538-01Z-00-DX1,1,0.9999943,1
tumour/TCGA-D5-6538-01Z-00-DX1_44032_14336.jpg,TCGA-D5-6538,TCGA-D5-6538-01Z-00-DX1,1,1.0,1
tumour/TCGA-D5-6538-01Z-00-DX1_44032_14848.jpg,TCGA-D5-6538,TCGA-D5-6538-01Z-00-DX1,1,0.99999225,1
tumour/TCGA-D5-6538-01Z-00-DX1_44032_16384.jpg,TCGA-D5-6538,TCGA-D5-6538-01Z-00-DX1,1,0.9999999,1
tumour/TCGA-D5-6538-01Z-00-DX1_44032_17920.jpg,TCGA-D5-6538,TCGA-D5-6538-01Z-00-DX1,1,0.99999166,1
tumour/TCGA-D5-6538-01Z-00-DX1_44032_18432.jpg,TCGA-D5-6538,TCGA-D5-6538-01Z-00-DX1,1,0.99999976,1
tumour/TCGA-D5-6538-01Z-00-DX1_44032_19456.jpg,TCGA-D5-6538,TCGA-D5-6538-01Z-00-DX1,1,0.9999932,1
tumour/TCGA-D5-6538-01Z-00-DX1_44032_19968.jpg,TCGA-D5-6538,TCGA-D5-6538-01Z-00-DX1,1,0.9999995,1
tumour/TCGA-D5-6538-01Z-00-DX1_44544_10752.jpg,TCGA-D5-6538,TCGA-D5-6538-01Z-00-DX1,1,0.9509324,1
tumour/TCGA-D5-6538-01Z-00-DX1_44544_11776.jpg,TCGA-D5-6538,TCGA-D5-6538-01Z-00-DX1,1,0.9984724,1
tumour/TCGA-D5-6538-01Z-00-DX1_44544_14336.jpg,TCGA-D5-6538,TCGA-D5-6538-01Z-00-DX1,1,0.9999676,1
tumour/TCGA-D5-6538-01Z-00-DX1_44544_17920.jpg,TCGA-D5-6538,TCGA-D5-6538-01Z-00-DX1,1,0.9999999,1
tumour/TCGA-D5-6538-01Z-00-DX1_44544_18944.jpg,TCGA-D5-6538,TCGA-D5-6538-01Z-00-DX1,1,0.9999999,1
tumour/TCGA-D5-6538-01Z-00-DX1_44544_19456.jpg,TCGA-D5-6538,TCGA-D5-6538-01Z-00-DX1,1,0.9999988,1
tumour/TCGA-D5-6538-01Z-00-DX1_44544_22016.jpg,TCGA-D5-6538,TCGA-D5-6538-01Z-00-DX1,1,0.99985516,1
tumour/TCGA-D5-6538-01Z-00-DX1_44544_23040.jpg,TCGA-D5-6538,TCGA-D5-6538-01Z-00-DX1,1,0.9996375,1
tumour/TCGA-D5-6538-01Z-00-DX1_44544_23552.jpg,TCGA-D5-6538,TCGA-D5-6538-01Z-00-DX1,1,0.99995303,1
tumour/TCGA-D5-6538-01Z-00-DX1_44544_24064.jpg,TCGA-D5-6538,TCGA-D5-6538-01Z-00-DX1,1,0.9999666,1
tumour/TCGA-D5-6538-01Z-00-DX1_45056_12288.jpg,TCGA-D5-6538,TCGA-D5-6538-01Z-00-DX1,1,0.99802953,1
tumour/TCGA-D5-6538-01Z-00-DX1_45056_12800.jpg,TCGA-D5-6538,TCGA-D5-6538-01Z-00-DX1,1,0.9957261,1
tumour/TCGA-D5-6538-01Z-00-DX1_45056_14336.jpg,TCGA-D5-6538,TCGA-D5-6538-01Z-00-DX1,1,0.99999225,1
tumour/TCGA-D5-6538-01Z-00-DX1_45056_14848.jpg,TCGA-D5-6538,TCGA-D5-6538-01Z-00-DX1,1,0.9999908,1
tumour/TCGA-D5-6538-01Z-00-DX1_45056_16896.jpg,TCGA-D5-6538,TCGA-D5-6538-01Z-00-DX1,1,0.99999964,1
tumour/TCGA-D5-6538-01Z-00-DX1_45056_19456.jpg,TCGA-D5-6538,TCGA-D5-6538-01Z-00-DX1,1,0.9999999,1
tumour/TCGA-D5-6538-01Z-00-DX1_45056_22016.jpg,TCGA-D5-6538,TCGA-D5-6538-01Z-00-DX1,1,0.9999999,1
tumour/TCGA-D5-6538-01Z-00-DX1_45056_22528.jpg,TCGA-D5-6538,TCGA-D5-6538-01Z-00-DX1,1,0.9997794,1
tumour/TCGA-D5-6538-01Z-00-DX1_45056_23040.jpg,TCGA-D5-6538,TCGA-D5-6538-01Z-00-DX1,1,0.99997365,1
tumour/TCGA-D5-6538-01Z-00-DX1_45056_24576.jpg,TCGA-D5-6538,TCGA-D5-6538-01Z-00-DX1,1,0.99989355,1
tumour/TCGA-D5-6538-01Z-00-DX1_45568_11776.jpg,TCGA-D5-6538,TCGA-D5-6538-01Z-00-DX1,1,0.9818734,1
tumour/TCGA-D5-6538-01Z-00-DX1_45568_14336.jpg,TCGA-D5-6538,TCGA-D5-6538-01Z-00-DX1,1,0.9967955,1
tumour/TCGA-D5-6538-01Z-00-DX1_45568_19968.jpg,TCGA-D5-6538,TCGA-D5-6538-01Z-00-DX1,1,0.9999628,1
tumour/TCGA-D5-6538-01Z-00-DX1_45568_21504.jpg,TCGA-D5-6538,TCGA-D5-6538-01Z-00-DX1,1,0.99999964,1
tumour/TCGA-D5-6538-01Z-00-DX1_45568_22016.jpg,TCGA-D5-6538,TCGA-D5-6538-01Z-00-DX1,1,0.99997365,1
tumour/TCGA-D5-6538-01Z-00-DX1_45568_23040.jpg,TCGA-D5-6538,TCGA-D5-6538-01Z-00-DX1,1,0.9997938,1
tumour/TCGA-D5-6538-01Z-00-DX1_46080_12288.jpg,TCGA-D5-6538,TCGA-D5-6538-01Z-00-DX1,1,0.99997795,1
tumour/TCGA-D5-6538-01Z-00-DX1_46080_12800.jpg,TCGA-D5-6538,TCGA-D5-6538-01Z-00-DX1,1,0.99995327,1
tumour/TCGA-D5-6538-01Z-00-DX1_46080_13312.jpg,TCGA-D5-6538,TCGA-D5-6538-01Z-00-DX1,1,0.9993481,1
tumour/TCGA-D5-6538-01Z-00-DX1_46080_13824.jpg,TCGA-D5-6538,TCGA-D5-6538-01Z-00-DX1,1,0.9999924,1
tumour/TCGA-D5-6538-01Z-00-DX1_46080_14336.jpg,TCGA-D5-6538,TCGA-D5-6538-01Z-00-DX1,1,0.9999976,1
tumour/TCGA-D5-6538-01Z-00-DX1_46080_14848.jpg,TCGA-D5-6538,TCGA-D5-6538-01Z-00-DX1,1,0.93010336,1
tumour/TCGA-D5-6538-01Z-00-DX1_46080_17920.jpg,TCGA-D5-6538,TCGA-D5-6538-01Z-00-DX1,1,0.98868155,1
tumour/TCGA-D5-6538-01Z-00-DX1_46080_18432.jpg,TCGA-D5-6538,TCGA-D5-6538-01Z-00-DX1,1,0.999796,1
tumour/TCGA-D5-6538-01Z-00-DX1_46080_18944.jpg,TCGA-D5-6538,TCGA-D5-6538-01Z-00-DX1,1,0.99996233,1
tumour/TCGA-D5-6538-01Z-00-DX1_46080_19456.jpg,TCGA-D5-6538,TCGA-D5-6538-01Z-00-DX1,1,0.9999964,1
tumour/TCGA-D5-6538-01Z-00-DX1_46080_20992.jpg,TCGA-D5-6538,TCGA-D5-6538-01Z-00-DX1,1,0.99998283,1
tumour/TCGA-D5-6538-01Z-00-DX1_46080_22016.jpg,TCGA-D5-6538,TCGA-D5-6538-01Z-00-DX1,1,0.9999999,1
tumour/TCGA-D5-6538-01Z-00-DX1_46080_23040.jpg,TCGA-D5-6538,TCGA-D5-6538-01Z-00-DX1,1,0.9999999,1
tumour/TCGA-D5-6538-01Z-00-DX1_46080_23552.jpg,TCGA-D5-6538,TCGA-D5-6538-01Z-00-DX1,1,0.9994816,1
tumour/TCGA-D5-6538-01Z-00-DX1_46080_24064.jpg,TCGA-D5-6538,TCGA-D5-6538-01Z-00-DX1,1,0.99929833,1
tumour/TCGA-D5-6538-01Z-00-DX1_46080_24576.jpg,TCGA-D5-6538,TCGA-D5-6538-01Z-00-DX1,1,0.99473697,1
tumour/TCGA-D5-6538-01Z-00-DX1_46592_13824.jpg,TCGA-D5-6538,TCGA-D5-6538-01Z-00-DX1,1,0.9999025,1
tumour/TCGA-D5-6538-01Z-00-DX1_46592_14848.jpg,TCGA-D5-6538,TCGA-D5-6538-01Z-00-DX1,1,0.99985945,1
tumour/TCGA-D5-6538-01Z-00-DX1_46592_17920.jpg,TCGA-D5-6538,TCGA-D5-6538-01Z-00-DX1,1,0.99997735,1
tumour/TCGA-D5-6538-01Z-00-DX1_46592_18944.jpg,TCGA-D5-6538,TCGA-D5-6538-01Z-00-DX1,1,1.0,1
tumour/TCGA-D5-6538-01Z-00-DX1_46592_19968.jpg,TCGA-D5-6538,TCGA-D5-6538-01Z-00-DX1,1,0.99987936,1
tumour/TCGA-D5-6538-01Z-00-DX1_46592_20480.jpg,TCGA-D5-6538,TCGA-D5-6538-01Z-00-DX1,1,0.9999654,1
tumour/TCGA-D5-6538-01Z-00-DX1_46592_20992.jpg,TCGA-D5-6538,TCGA-D5-6538-01Z-00-DX1,1,0.9993099,1
tumour/TCGA-D5-6538-01Z-00-DX1_46592_21504.jpg,TCGA-D5-6538,TCGA-D5-6538-01Z-00-DX1,1,0.9999988,1
tumour/TCGA-D5-6538-01Z-00-DX1_47104_14336.jpg,TCGA-D5-6538,TCGA-D5-6538-01Z-00-DX1,1,0.99999416,1
tumour/TCGA-D5-6538-01Z-00-DX1_47104_18432.jpg,TCGA-D5-6538,TCGA-D5-6538-01Z-00-DX1,1,0.9997527,1
tumour/TCGA-D5-6538-01Z-00-DX1_47104_19968.jpg,TCGA-D5-6538,TCGA-D5-6538-01Z-00-DX1,1,0.99999404,1
tumour/TCGA-D5-6538-01Z-00-DX1_47104_20480.jpg,TCGA-D5-6538,TCGA-D5-6538-01Z-00-DX1,1,0.9999999,1
tumour/TCGA-D5-6538-01Z-00-DX1_47104_20992.jpg,TCGA-D5-6538,TCGA-D5-6538-01Z-00-DX1,1,0.99999666,1
tumour/TCGA-D5-6538-01Z-00-DX1_47104_24064.jpg,TCGA-D5-6538,TCGA-D5-6538-01Z-00-DX1,1,0.9984779,1
tumour/TCGA-D5-6538-01Z-00-DX1_48128_18944.jpg,TCGA-D5-6538,TCGA-D5-6538-01Z-00-DX1,1,0.9997973,1
tumour/TCGA-D5-6538-01Z-00-DX1_48128_19456.jpg,TCGA-D5-6538,TCGA-D5-6538-01Z-00-DX1,1,0.9978801,1
tumour/TCGA-D5-6538-01Z-00-DX1_48128_21504.jpg,TCGA-D5-6538,TCGA-D5-6538-01Z-00-DX1,1,0.99985206,1
tumour/TCGA-D5-6538-01Z-00-DX1_48128_23040.jpg,TCGA-D5-6538,TCGA-D5-6538-01Z-00-DX1,1,0.9971398,1
tumour/TCGA-D5-6538-01Z-00-DX1_48128_24576.jpg,TCGA-D5-6538,TCGA-D5-6538-01Z-00-DX1,1,0.99942786,1
tumour/TCGA-D5-6538-01Z-00-DX1_48640_17408.jpg,TCGA-D5-6538,TCGA-D5-6538-01Z-00-DX1,1,0.99984765,1
tumour/TCGA-D5-6538-01Z-00-DX1_48640_17920.jpg,TCGA-D5-6538,TCGA-D5-6538-01Z-00-DX1,1,0.8771376,1
tumour/TCGA-D5-6538-01Z-00-DX1_48640_18432.jpg,TCGA-D5-6538,TCGA-D5-6538-01Z-00-DX1,1,0.9983316,1
tumour/TCGA-D5-6538-01Z-00-DX1_48640_19456.jpg,TCGA-D5-6538,TCGA-D5-6538-01Z-00-DX1,1,0.99997616,1
tumour/TCGA-D5-6538-01Z-00-DX1_48640_22528.jpg,TCGA-D5-6538,TCGA-D5-6538-01Z-00-DX1,1,0.9999999,1
tumour/TCGA-D5-6538-01Z-00-DX1_48640_23552.jpg,TCGA-D5-6538,TCGA-D5-6538-01Z-00-DX1,1,0.9999672,1
tumour/TCGA-D5-6538-01Z-00-DX1_48640_24064.jpg,TCGA-D5-6538,TCGA-D5-6538-01Z-00-DX1,1,0.99999976,1
tumour/TCGA-D5-6538-01Z-00-DX1_48640_24576.jpg,TCGA-D5-6538,TCGA-D5-6538-01Z-00-DX1,1,0.9999989,1
tumour/TCGA-D5-6538-01Z-00-DX1_49152_17920.jpg,TCGA-D5-6538,TCGA-D5-6538-01Z-00-DX1,1,0.9999511,1
tumour/TCGA-D5-6538-01Z-00-DX1_49152_19456.jpg,TCGA-D5-6538,TCGA-D5-6538-01Z-00-DX1,1,0.9853034,1
tumour/TCGA-D5-6538-01Z-00-DX1_49152_19968.jpg,TCGA-D5-6538,TCGA-D5-6538-01Z-00-DX1,1,0.99996626,1
tumour/TCGA-D5-6538-01Z-00-DX1_49152_20480.jpg,TCGA-D5-6538,TCGA-D5-6538-01Z-00-DX1,1,0.9972806,1
tumour/TCGA-D5-6538-01Z-00-DX1_49152_21504.jpg,TCGA-D5-6538,TCGA-D5-6538-01Z-00-DX1,1,0.99999976,1
tumour/TCGA-D5-6538-01Z-00-DX1_49152_22016.jpg,TCGA-D5-6538,TCGA-D5-6538-01Z-00-DX1,1,0.9999939,1
tumour/TCGA-D5-6538-01Z-00-DX1_49152_23040.jpg,TCGA-D5-6538,TCGA-D5-6538-01Z-00-DX1,1,0.9999975,1
tumour/TCGA-D5-6538-01Z-00-DX1_49152_23552.jpg,TCGA-D5-6538,TCGA-D5-6538-01Z-00-DX1,1,0.9987972,1
tumour/TCGA-D5-6538-01Z-00-DX1_49152_24576.jpg,TCGA-D5-6538,TCGA-D5-6538-01Z-00-DX1,1,0.99999833,1
tumour/TCGA-D5-6538-01Z-00-DX1_49664_18432.jpg,TCGA-D5-6538,TCGA-D5-6538-01Z-00-DX1,1,0.99996877,1
tumour/TCGA-D5-6538-01Z-00-DX1_49664_18944.jpg,TCGA-D5-6538,TCGA-D5-6538-01Z-00-DX1,1,0.9999083,1
tumour/TCGA-D5-6538-01Z-00-DX1_49664_19456.jpg,TCGA-D5-6538,TCGA-D5-6538-01Z-00-DX1,1,0.9999064,1
tumour/TCGA-D5-6538-01Z-00-DX1_49664_19968.jpg,TCGA-D5-6538,TCGA-D5-6538-01Z-00-DX1,1,0.9999956,1
tumour/TCGA-D5-6538-01Z-00-DX1_49664_20992.jpg,TCGA-D5-6538,TCGA-D5-6538-01Z-00-DX1,1,0.999749,1
tumour/TCGA-D5-6538-01Z-00-DX1_49664_21504.jpg,TCGA-D5-6538,TCGA-D5-6538-01Z-00-DX1,1,0.9987941,1
tumour/TCGA-D5-6538-01Z-00-DX1_49664_22528.jpg,TCGA-D5-6538,TCGA-D5-6538-01Z-00-DX1,1,0.9999709,1
tumour/TCGA-D5-6538-01Z-00-DX1_49664_23552.jpg,TCGA-D5-6538,TCGA-D5-6538-01Z-00-DX1,1,1.0,1
tumour/TCGA-D5-6538-01Z-00-DX1_49664_24064.jpg,TCGA-D5-6538,TCGA-D5-6538-01Z-00-DX1,1,0.9999963,1
tumour/TCGA-D5-6538-01Z-00-DX1_49664_24576.jpg,TCGA-D5-6538,TCGA-D5-6538-01Z-00-DX1,1,0.9999758,1
tumour/TCGA-D5-6538-01Z-00-DX1_49664_25600.jpg,TCGA-D5-6538,TCGA-D5-6538-01Z-00-DX1,1,0.999966,1
tumour/TCGA-D5-6538-01Z-00-DX1_49664_26112.jpg,TCGA-D5-6538,TCGA-D5-6538-01Z-00-DX1,1,0.99987936,1
tumour/TCGA-D5-6538-01Z-00-DX1_50176_17920.jpg,TCGA-D5-6538,TCGA-D5-6538-01Z-00-DX1,1,0.9990387,1
tumour/TCGA-D5-6538-01Z-00-DX1_50176_19456.jpg,TCGA-D5-6538,TCGA-D5-6538-01Z-00-DX1,1,0.99998,1
tumour/TCGA-D5-6538-01Z-00-DX1_50176_23040.jpg,TCGA-D5-6538,TCGA-D5-6538-01Z-00-DX1,1,0.9999963,1
tumour/TCGA-D5-6538-01Z-00-DX1_50176_25600.jpg,TCGA-D5-6538,TCGA-D5-6538-01Z-00-DX1,1,0.9999814,1
tumour/TCGA-D5-6538-01Z-00-DX1_50688_18944.jpg,TCGA-D5-6538,TCGA-D5-6538-01Z-00-DX1,1,0.9999894,1
tumour/TCGA-D5-6538-01Z-00-DX1_50688_19968.jpg,TCGA-D5-6538,TCGA-D5-6538-01Z-00-DX1,1,0.99994445,1
tumour/TCGA-D5-6538-01Z-00-DX1_50688_23040.jpg,TCGA-D5-6538,TCGA-D5-6538-01Z-00-DX1,1,0.9999924,1
tumour/TCGA-D5-6538-01Z-00-DX1_50688_23552.jpg,TCGA-D5-6538,TCGA-D5-6538-01Z-00-DX1,1,0.99994123,1
tumour/TCGA-D5-6538-01Z-00-DX1_50688_25088.jpg,TCGA-D5-6538,TCGA-D5-6538-01Z-00-DX1,1,0.9999887,1
tumour/TCGA-D5-6538-01Z-00-DX1_50688_26112.jpg,TCGA-D5-6538,TCGA-D5-6538-01Z-00-DX1,1,0.99995804,1
tumour/TCGA-D5-6538-01Z-00-DX1_50688_26624.jpg,TCGA-D5-6538,TCGA-D5-6538-01Z-00-DX1,1,0.9999877,1
tumour/TCGA-D5-6538-01Z-00-DX1_50688_27648.jpg,TCGA-D5-6538,TCGA-D5-6538-01Z-00-DX1,1,0.9997273,1
tumour/TCGA-D5-6538-01Z-00-DX1_51200_18944.jpg,TCGA-D5-6538,TCGA-D5-6538-01Z-00-DX1,1,0.99955386,1
tumour/TCGA-D5-6538-01Z-00-DX1_51200_20480.jpg,TCGA-D5-6538,TCGA-D5-6538-01Z-00-DX1,1,0.9997992,1
tumour/TCGA-D5-6538-01Z-00-DX1_51200_20992.jpg,TCGA-D5-6538,TCGA-D5-6538-01Z-00-DX1,1,0.9999615,1
tumour/TCGA-D5-6538-01Z-00-DX1_51200_22016.jpg,TCGA-D5-6538,TCGA-D5-6538-01Z-00-DX1,1,0.99940264,1
tumour/TCGA-D5-6538-01Z-00-DX1_51200_23552.jpg,TCGA-D5-6538,TCGA-D5-6538-01Z-00-DX1,1,0.9999968,1
tumour/TCGA-D5-6538-01Z-00-DX1_51200_24064.jpg,TCGA-D5-6538,TCGA-D5-6538-01Z-00-DX1,1,0.99999857,1
tumour/TCGA-D5-6538-01Z-00-DX1_51200_25088.jpg,TCGA-D5-6538,TCGA-D5-6538-01Z-00-DX1,1,0.99985147,1
tumour/TCGA-D5-6538-01Z-00-DX1_51200_26112.jpg,TCGA-D5-6538,TCGA-D5-6538-01Z-00-DX1,1,1.0,1
tumour/TCGA-D5-6538-01Z-00-DX1_51200_26624.jpg,TCGA-D5-6538,TCGA-D5-6538-01Z-00-DX1,1,0.9999999,1
tumour/TCGA-D5-6538-01Z-00-DX1_51200_27136.jpg,TCGA-D5-6538,TCGA-D5-6538-01Z-00-DX1,1,0.9999908,1
tumour/TCGA-D5-6538-01Z-00-DX1_51200_28160.jpg,TCGA-D5-6538,TCGA-D5-6538-01Z-00-DX1,1,0.99671197,1
tumour/TCGA-D5-6538-01Z-00-DX1_51712_18432.jpg,TCGA-D5-6538,TCGA-D5-6538-01Z-00-DX1,1,0.99997354,1
tumour/TCGA-D5-6538-01Z-00-DX1_51712_20992.jpg,TCGA-D5-6538,TCGA-D5-6538-01Z-00-DX1,1,0.9999862,1
tumour/TCGA-D5-6538-01Z-00-DX1_51712_22016.jpg,TCGA-D5-6538,TCGA-D5-6538-01Z-00-DX1,1,0.99993885,1
tumour/TCGA-D5-6538-01Z-00-DX1_51712_22528.jpg,TCGA-D5-6538,TCGA-D5-6538-01Z-00-DX1,1,0.9932641,1
tumour/TCGA-D5-6538-01Z-00-DX1_51712_26624.jpg,TCGA-D5-6538,TCGA-D5-6538-01Z-00-DX1,1,0.9999871,1
tumour/TCGA-D5-6538-01Z-00-DX1_51712_27136.jpg,TCGA-D5-6538,TCGA-D5-6538-01Z-00-DX1,1,0.9999603,1
tumour/TCGA-D5-6538-01Z-00-DX1_51712_27648.jpg,TCGA-D5-6538,TCGA-D5-6538-01Z-00-DX1,1,0.9999844,1
tumour/TCGA-D5-6538-01Z-00-DX1_52224_18944.jpg,TCGA-D5-6538,TCGA-D5-6538-01Z-00-DX1,1,0.99999607,1
tumour/TCGA-D5-6538-01Z-00-DX1_52224_19456.jpg,TCGA-D5-6538,TCGA-D5-6538-01Z-00-DX1,1,0.99996173,1
tumour/TCGA-D5-6538-01Z-00-DX1_52224_22016.jpg,TCGA-D5-6538,TCGA-D5-6538-01Z-00-DX1,1,0.9999949,1
tumour/TCGA-D5-6538-01Z-00-DX1_52224_22528.jpg,TCGA-D5-6538,TCGA-D5-6538-01Z-00-DX1,1,0.9994722,1
tumour/TCGA-D5-6538-01Z-00-DX1_52224_24576.jpg,TCGA-D5-6538,TCGA-D5-6538-01Z-00-DX1,1,0.99999607,1
tumour/TCGA-D5-6538-01Z-00-DX1_52224_25600.jpg,TCGA-D5-6538,TCGA-D5-6538-01Z-00-DX1,1,0.99990904,1
tumour/TCGA-D5-6538-01Z-00-DX1_52224_26624.jpg,TCGA-D5-6538,TCGA-D5-6538-01Z-00-DX1,1,0.9999969,1
tumour/TCGA-D5-6538-01Z-00-DX1_52224_27136.jpg,TCGA-D5-6538,TCGA-D5-6538-01Z-00-DX1,1,0.99998987,1
tumour/TCGA-D5-6538-01Z-00-DX1_52224_27648.jpg,TCGA-D5-6538,TCGA-D5-6538-01Z-00-DX1,1,0.9999914,1
tumour/TCGA-D5-6538-01Z-00-DX1_52224_28672.jpg,TCGA-D5-6538,TCGA-D5-6538-01Z-00-DX1,1,0.9999969,1
tumour/TCGA-D5-6538-01Z-00-DX1_52736_19968.jpg,TCGA-D5-6538,TCGA-D5-6538-01Z-00-DX1,1,0.9999913,1
tumour/TCGA-D5-6538-01Z-00-DX1_52736_20480.jpg,TCGA-D5-6538,TCGA-D5-6538-01Z-00-DX1,1,0.9977604,1
tumour/TCGA-D5-6538-01Z-00-DX1_52736_20992.jpg,TCGA-D5-6538,TCGA-D5-6538-01Z-00-DX1,1,0.9999784,1
tumour/TCGA-D5-6538-01Z-00-DX1_52736_21504.jpg,TCGA-D5-6538,TCGA-D5-6538-01Z-00-DX1,1,0.9998541,1
tumour/TCGA-D5-6538-01Z-00-DX1_52736_22016.jpg,TCGA-D5-6538,TCGA-D5-6538-01Z-00-DX1,1,0.9999702,1
tumour/TCGA-D5-6538-01Z-00-DX1_52736_25088.jpg,TCGA-D5-6538,TCGA-D5-6538-01Z-00-DX1,1,0.9996885,1
tumour/TCGA-D5-6538-01Z-00-DX1_52736_26112.jpg,TCGA-D5-6538,TCGA-D5-6538-01Z-00-DX1,1,0.99999785,1
tumour/TCGA-D5-6538-01Z-00-DX1_52736_26624.jpg,TCGA-D5-6538,TCGA-D5-6538-01Z-00-DX1,1,0.9999987,1
tumour/TCGA-D5-6538-01Z-00-DX1_52736_27136.jpg,TCGA-D5-6538,TCGA-D5-6538-01Z-00-DX1,1,0.9999056,1
tumour/TCGA-D5-6538-01Z-00-DX1_52736_27648.jpg,TCGA-D5-6538,TCGA-D5-6538-01Z-00-DX1,1,0.9986663,1
tumour/TCGA-D5-6538-01Z-00-DX1_52736_28160.jpg,TCGA-D5-6538,TCGA-D5-6538-01Z-00-DX1,1,0.99999714,1
tumour/TCGA-D5-6538-01Z-00-DX1_53248_20992.jpg,TCGA-D5-6538,TCGA-D5-6538-01Z-00-DX1,1,1.0,1
tumour/TCGA-D5-6538-01Z-00-DX1_53248_21504.jpg,TCGA-D5-6538,TCGA-D5-6538-01Z-00-DX1,1,0.9999864,1
tumour/TCGA-D5-6538-01Z-00-DX1_53248_23040.jpg,TCGA-D5-6538,TCGA-D5-6538-01Z-00-DX1,1,0.9999697,1
tumour/TCGA-D5-6538-01Z-00-DX1_53248_23552.jpg,TCGA-D5-6538,TCGA-D5-6538-01Z-00-DX1,1,0.99988353,1
tumour/TCGA-D5-6538-01Z-00-DX1_53248_26624.jpg,TCGA-D5-6538,TCGA-D5-6538-01Z-00-DX1,1,0.9999534,1
tumour/TCGA-D5-6538-01Z-00-DX1_53760_21504.jpg,TCGA-D5-6538,TCGA-D5-6538-01Z-00-DX1,1,0.99999964,1
tumour/TCGA-D5-6538-01Z-00-DX1_53760_22528.jpg,TCGA-D5-6538,TCGA-D5-6538-01Z-00-DX1,1,0.9993948,1
tumour/TCGA-D5-6538-01Z-00-DX1_53760_26112.jpg,TCGA-D5-6538,TCGA-D5-6538-01Z-00-DX1,1,0.9996507,1
tumour/TCGA-D5-6538-01Z-00-DX1_53760_26624.jpg,TCGA-D5-6538,TCGA-D5-6538-01Z-00-DX1,1,0.99998736,1
tumour/TCGA-D5-6538-01Z-00-DX1_53760_27648.jpg,TCGA-D5-6538,TCGA-D5-6538-01Z-00-DX1,1,0.99999464,1
tumour/TCGA-D5-6538-01Z-00-DX1_53760_28672.jpg,TCGA-D5-6538,TCGA-D5-6538-01Z-00-DX1,1,0.99998426,1
tumour/TCGA-D5-6538-01Z-00-DX1_54272_22016.jpg,TCGA-D5-6538,TCGA-D5-6538-01Z-00-DX1,1,0.99982834,1
tumour/TCGA-D5-6538-01Z-00-DX1_54272_23040.jpg,TCGA-D5-6538,TCGA-D5-6538-01Z-00-DX1,1,0.99937207,1
tumour/TCGA-D5-6538-01Z-00-DX1_54272_24576.jpg,TCGA-D5-6538,TCGA-D5-6538-01Z-00-DX1,1,0.99995327,1
tumour/TCGA-D5-6538-01Z-00-DX1_54272_25088.jpg,TCGA-D5-6538,TCGA-D5-6538-01Z-00-DX1,1,0.9998535,1
tumour/TCGA-D5-6538-01Z-00-DX1_54272_28160.jpg,TCGA-D5-6538,TCGA-D5-6538-01Z-00-DX1,1,1.0,1
tumour/TCGA-D5-6538-01Z-00-DX1_54272_29184.jpg,TCGA-D5-6538,TCGA-D5-6538-01Z-00-DX1,1,0.9475196,1
tumour/TCGA-D5-6538-01Z-00-DX1_54784_21504.jpg,TCGA-D5-6538,TCGA-D5-6538-01Z-00-DX1,1,0.9999995,1
tumour/TCGA-D5-6538-01Z-00-DX1_54784_22528.jpg,TCGA-D5-6538,TCGA-D5-6538-01Z-00-DX1,1,0.9998591,1
tumour/TCGA-D5-6538-01Z-00-DX1_54784_23040.jpg,TCGA-D5-6538,TCGA-D5-6538-01Z-00-DX1,1,0.98873436,1
tumour/TCGA-D5-6538-01Z-00-DX1_54784_24576.jpg,TCGA-D5-6538,TCGA-D5-6538-01Z-00-DX1,1,0.99996233,1
tumour/TCGA-D5-6538-01Z-00-DX1_54784_25088.jpg,TCGA-D5-6538,TCGA-D5-6538-01Z-00-DX1,1,0.9999784,1
tumour/TCGA-D5-6538-01Z-00-DX1_54784_25600.jpg,TCGA-D5-6538,TCGA-D5-6538-01Z-00-DX1,1,1.0,1
tumour/TCGA-D5-6538-01Z-00-DX1_54784_26112.jpg,TCGA-D5-6538,TCGA-D5-6538-01Z-00-DX1,1,0.99977833,1
tumour/TCGA-D5-6538-01Z-00-DX1_54784_28672.jpg,TCGA-D5-6538,TCGA-D5-6538-01Z-00-DX1,1,0.999997,1
tumour/TCGA-D5-6538-01Z-00-DX1_55296_23040.jpg,TCGA-D5-6538,TCGA-D5-6538-01Z-00-DX1,1,0.99992347,1
tumour/TCGA-D5-6538-01Z-00-DX1_55296_25600.jpg,TCGA-D5-6538,TCGA-D5-6538-01Z-00-DX1,1,0.99999034,1
tumour/TCGA-D5-6538-01Z-00-DX1_55296_26112.jpg,TCGA-D5-6538,TCGA-D5-6538-01Z-00-DX1,1,0.99968374,1
tumour/TCGA-D5-6538-01Z-00-DX1_55808_26112.jpg,TCGA-D5-6538,TCGA-D5-6538-01Z-00-DX1,1,0.9976549,1
tumour/TCGA-D5-6538-01Z-00-DX1_55808_26624.jpg,TCGA-D5-6538,TCGA-D5-6538-01Z-00-DX1,1,0.9999976,1
tumour/TCGA-DM-A0XF-01Z-00-DX1_10240_15872.jpg,TCGA-DM-A0XF,TCGA-DM-A0XF-01Z-00-DX1,1,0.9978927,1
tumour/TCGA-DM-A0XF-01Z-00-DX1_11264_18432.jpg,TCGA-DM-A0XF,TCGA-DM-A0XF-01Z-00-DX1,1,0.9826639,1
tumour/TCGA-DM-A0XF-01Z-00-DX1_11264_19456.jpg,TCGA-DM-A0XF,TCGA-DM-A0XF-01Z-00-DX1,1,0.9857389,1
tumour/TCGA-DM-A0XF-01Z-00-DX1_11264_19968.jpg,TCGA-DM-A0XF,TCGA-DM-A0XF-01Z-00-DX1,1,0.9704521,1
tumour/TCGA-DM-A0XF-01Z-00-DX1_11264_20480.jpg,TCGA-DM-A0XF,TCGA-DM-A0XF-01Z-00-DX1,1,0.9925775,1
tumour/TCGA-DM-A0XF-01Z-00-DX1_11776_17920.jpg,TCGA-DM-A0XF,TCGA-DM-A0XF-01Z-00-DX1,1,0.97492343,1
tumour/TCGA-DM-A0XF-01Z-00-DX1_11776_18432.jpg,TCGA-DM-A0XF,TCGA-DM-A0XF-01Z-00-DX1,1,0.99997365,1
tumour/TCGA-DM-A0XF-01Z-00-DX1_12288_16896.jpg,TCGA-DM-A0XF,TCGA-DM-A0XF-01Z-00-DX1,1,0.999992,1
tumour/TCGA-DM-A0XF-01Z-00-DX1_12288_17408.jpg,TCGA-DM-A0XF,TCGA-DM-A0XF-01Z-00-DX1,1,0.9999838,1
tumour/TCGA-DM-A0XF-01Z-00-DX1_12288_19456.jpg,TCGA-DM-A0XF,TCGA-DM-A0XF-01Z-00-DX1,1,0.03888112,0
tumour/TCGA-DM-A0XF-01Z-00-DX1_12288_23040.jpg,TCGA-DM-A0XF,TCGA-DM-A0XF-01Z-00-DX1,1,0.97711563,1
tumour/TCGA-DM-A0XF-01Z-00-DX1_12288_24064.jpg,TCGA-DM-A0XF,TCGA-DM-A0XF-01Z-00-DX1,1,0.999925,1
tumour/TCGA-DM-A0XF-01Z-00-DX1_12800_19456.jpg,TCGA-DM-A0XF,TCGA-DM-A0XF-01Z-00-DX1,1,0.68910277,1
tumour/TCGA-DM-A0XF-01Z-00-DX1_13312_16384.jpg,TCGA-DM-A0XF,TCGA-DM-A0XF-01Z-00-DX1,1,0.98569715,1
tumour/TCGA-DM-A0XF-01Z-00-DX1_13312_16896.jpg,TCGA-DM-A0XF,TCGA-DM-A0XF-01Z-00-DX1,1,0.9599662,1
tumour/TCGA-DM-A0XF-01Z-00-DX1_13312_17408.jpg,TCGA-DM-A0XF,TCGA-DM-A0XF-01Z-00-DX1,1,0.9992125,1
tumour/TCGA-DM-A0XF-01Z-00-DX1_13312_17920.jpg,TCGA-DM-A0XF,TCGA-DM-A0XF-01Z-00-DX1,1,0.9981325,1
tumour/TCGA-DM-A0XF-01Z-00-DX1_13312_23040.jpg,TCGA-DM-A0XF,TCGA-DM-A0XF-01Z-00-DX1,1,0.9810066,1
tumour/TCGA-DM-A0XF-01Z-00-DX1_13312_24064.jpg,TCGA-DM-A0XF,TCGA-DM-A0XF-01Z-00-DX1,1,0.9983759,1
tumour/TCGA-DM-A0XF-01Z-00-DX1_13312_25088.jpg,TCGA-DM-A0XF,TCGA-DM-A0XF-01Z-00-DX1,1,0.99397683,1
tumour/TCGA-DM-A0XF-01Z-00-DX1_13824_18944.jpg,TCGA-DM-A0XF,TCGA-DM-A0XF-01Z-00-DX1,1,0.9977889,1
tumour/TCGA-DM-A0XF-01Z-00-DX1_13824_23552.jpg,TCGA-DM-A0XF,TCGA-DM-A0XF-01Z-00-DX1,1,0.9995623,1
tumour/TCGA-DM-A0XF-01Z-00-DX1_13824_24064.jpg,TCGA-DM-A0XF,TCGA-DM-A0XF-01Z-00-DX1,1,0.99997795,1
tumour/TCGA-DM-A0XF-01Z-00-DX1_13824_25088.jpg,TCGA-DM-A0XF,TCGA-DM-A0XF-01Z-00-DX1,1,0.99437547,1
tumour/TCGA-DM-A0XF-01Z-00-DX1_14336_15360.jpg,TCGA-DM-A0XF,TCGA-DM-A0XF-01Z-00-DX1,1,0.99999845,1
tumour/TCGA-DM-A0XF-01Z-00-DX1_14336_18432.jpg,TCGA-DM-A0XF,TCGA-DM-A0XF-01Z-00-DX1,1,0.99930906,1
tumour/TCGA-DM-A0XF-01Z-00-DX1_14336_19456.jpg,TCGA-DM-A0XF,TCGA-DM-A0XF-01Z-00-DX1,1,0.9935767,1
tumour/TCGA-DM-A0XF-01Z-00-DX1_14336_20480.jpg,TCGA-DM-A0XF,TCGA-DM-A0XF-01Z-00-DX1,1,0.99634224,1
tumour/TCGA-DM-A0XF-01Z-00-DX1_14336_20992.jpg,TCGA-DM-A0XF,TCGA-DM-A0XF-01Z-00-DX1,1,0.75943846,1
tumour/TCGA-DM-A0XF-01Z-00-DX1_14336_24576.jpg,TCGA-DM-A0XF,TCGA-DM-A0XF-01Z-00-DX1,1,0.9926641,1
tumour/TCGA-DM-A0XF-01Z-00-DX1_14848_17920.jpg,TCGA-DM-A0XF,TCGA-DM-A0XF-01Z-00-DX1,1,0.9995449,1
tumour/TCGA-DM-A0XF-01Z-00-DX1_14848_20480.jpg,TCGA-DM-A0XF,TCGA-DM-A0XF-01Z-00-DX1,1,0.9998857,1
tumour/TCGA-DM-A0XF-01Z-00-DX1_14848_23552.jpg,TCGA-DM-A0XF,TCGA-DM-A0XF-01Z-00-DX1,1,0.97216696,1
tumour/TCGA-DM-A0XF-01Z-00-DX1_14848_25088.jpg,TCGA-DM-A0XF,TCGA-DM-A0XF-01Z-00-DX1,1,0.9286932,1
tumour/TCGA-DM-A0XF-01Z-00-DX1_15360_16384.jpg,TCGA-DM-A0XF,TCGA-DM-A0XF-01Z-00-DX1,1,0.9804175,1
tumour/TCGA-DM-A0XF-01Z-00-DX1_15360_17408.jpg,TCGA-DM-A0XF,TCGA-DM-A0XF-01Z-00-DX1,1,0.9997515,1
tumour/TCGA-DM-A0XF-01Z-00-DX1_15360_19456.jpg,TCGA-DM-A0XF,TCGA-DM-A0XF-01Z-00-DX1,1,0.99974495,1
tumour/TCGA-DM-A0XF-01Z-00-DX1_15360_19968.jpg,TCGA-DM-A0XF,TCGA-DM-A0XF-01Z-00-DX1,1,0.98997,1
tumour/TCGA-DM-A0XF-01Z-00-DX1_15360_24064.jpg,TCGA-DM-A0XF,TCGA-DM-A0XF-01Z-00-DX1,1,0.99736124,1
tumour/TCGA-DM-A0XF-01Z-00-DX1_15360_25088.jpg,TCGA-DM-A0XF,TCGA-DM-A0XF-01Z-00-DX1,1,0.9999976,1
tumour/TCGA-DM-A0XF-01Z-00-DX1_15360_26112.jpg,TCGA-DM-A0XF,TCGA-DM-A0XF-01Z-00-DX1,1,0.97863686,1
tumour/TCGA-DM-A0XF-01Z-00-DX1_15872_16896.jpg,TCGA-DM-A0XF,TCGA-DM-A0XF-01Z-00-DX1,1,0.9990632,1
tumour/TCGA-DM-A0XF-01Z-00-DX1_15872_18944.jpg,TCGA-DM-A0XF,TCGA-DM-A0XF-01Z-00-DX1,1,0.99994516,1
tumour/TCGA-DM-A0XF-01Z-00-DX1_15872_20480.jpg,TCGA-DM-A0XF,TCGA-DM-A0XF-01Z-00-DX1,1,0.9997067,1
tumour/TCGA-DM-A0XF-01Z-00-DX1_15872_20992.jpg,TCGA-DM-A0XF,TCGA-DM-A0XF-01Z-00-DX1,1,0.999671,1
tumour/TCGA-DM-A0XF-01Z-00-DX1_15872_21504.jpg,TCGA-DM-A0XF,TCGA-DM-A0XF-01Z-00-DX1,1,0.999998,1
tumour/TCGA-DM-A0XF-01Z-00-DX1_15872_24576.jpg,TCGA-DM-A0XF,TCGA-DM-A0XF-01Z-00-DX1,1,0.9856102,1
tumour/TCGA-DM-A0XF-01Z-00-DX1_15872_25088.jpg,TCGA-DM-A0XF,TCGA-DM-A0XF-01Z-00-DX1,1,0.9999759,1
tumour/TCGA-DM-A0XF-01Z-00-DX1_15872_26112.jpg,TCGA-DM-A0XF,TCGA-DM-A0XF-01Z-00-DX1,1,0.9992756,1
tumour/TCGA-DM-A0XF-01Z-00-DX1_16384_17408.jpg,TCGA-DM-A0XF,TCGA-DM-A0XF-01Z-00-DX1,1,0.99883443,1
tumour/TCGA-DM-A0XF-01Z-00-DX1_16384_20480.jpg,TCGA-DM-A0XF,TCGA-DM-A0XF-01Z-00-DX1,1,0.9560578,1
tumour/TCGA-DM-A0XF-01Z-00-DX1_16384_22016.jpg,TCGA-DM-A0XF,TCGA-DM-A0XF-01Z-00-DX1,1,0.9998066,1
tumour/TCGA-DM-A0XF-01Z-00-DX1_16384_22528.jpg,TCGA-DM-A0XF,TCGA-DM-A0XF-01Z-00-DX1,1,0.998582,1
tumour/TCGA-DM-A0XF-01Z-00-DX1_16384_24064.jpg,TCGA-DM-A0XF,TCGA-DM-A0XF-01Z-00-DX1,1,0.912749,1
tumour/TCGA-DM-A0XF-01Z-00-DX1_16384_25088.jpg,TCGA-DM-A0XF,TCGA-DM-A0XF-01Z-00-DX1,1,0.9988067,1
tumour/TCGA-DM-A0XF-01Z-00-DX1_16384_26624.jpg,TCGA-DM-A0XF,TCGA-DM-A0XF-01Z-00-DX1,1,0.99894327,1
tumour/TCGA-DM-A0XF-01Z-00-DX1_16896_17408.jpg,TCGA-DM-A0XF,TCGA-DM-A0XF-01Z-00-DX1,1,0.9887982,1
tumour/TCGA-DM-A0XF-01Z-00-DX1_16896_18432.jpg,TCGA-DM-A0XF,TCGA-DM-A0XF-01Z-00-DX1,1,0.9471106,1
tumour/TCGA-DM-A0XF-01Z-00-DX1_16896_18944.jpg,TCGA-DM-A0XF,TCGA-DM-A0XF-01Z-00-DX1,1,0.9990633,1
tumour/TCGA-DM-A0XF-01Z-00-DX1_16896_19456.jpg,TCGA-DM-A0XF,TCGA-DM-A0XF-01Z-00-DX1,1,0.99918574,1
tumour/TCGA-DM-A0XF-01Z-00-DX1_16896_20480.jpg,TCGA-DM-A0XF,TCGA-DM-A0XF-01Z-00-DX1,1,0.9999957,1
tumour/TCGA-DM-A0XF-01Z-00-DX1_16896_20992.jpg,TCGA-DM-A0XF,TCGA-DM-A0XF-01Z-00-DX1,1,0.99812967,1
tumour/TCGA-DM-A0XF-01Z-00-DX1_16896_23040.jpg,TCGA-DM-A0XF,TCGA-DM-A0XF-01Z-00-DX1,1,0.99441344,1
tumour/TCGA-DM-A0XF-01Z-00-DX1_16896_25088.jpg,TCGA-DM-A0XF,TCGA-DM-A0XF-01Z-00-DX1,1,0.89925563,1
tumour/TCGA-DM-A0XF-01Z-00-DX1_16896_25600.jpg,TCGA-DM-A0XF,TCGA-DM-A0XF-01Z-00-DX1,1,0.9411696,1
tumour/TCGA-DM-A0XF-01Z-00-DX1_17408_17920.jpg,TCGA-DM-A0XF,TCGA-DM-A0XF-01Z-00-DX1,1,0.8027447,1
tumour/TCGA-DM-A0XF-01Z-00-DX1_17408_18432.jpg,TCGA-DM-A0XF,TCGA-DM-A0XF-01Z-00-DX1,1,0.99997115,1
tumour/TCGA-DM-A0XF-01Z-00-DX1_17408_18944.jpg,TCGA-DM-A0XF,TCGA-DM-A0XF-01Z-00-DX1,1,0.9987973,1
tumour/TCGA-DM-A0XF-01Z-00-DX1_17408_19456.jpg,TCGA-DM-A0XF,TCGA-DM-A0XF-01Z-00-DX1,1,0.9999727,1
tumour/TCGA-DM-A0XF-01Z-00-DX1_17408_19968.jpg,TCGA-DM-A0XF,TCGA-DM-A0XF-01Z-00-DX1,1,0.999933,1
tumour/TCGA-DM-A0XF-01Z-00-DX1_17408_20992.jpg,TCGA-DM-A0XF,TCGA-DM-A0XF-01Z-00-DX1,1,0.99726874,1
tumour/TCGA-DM-A0XF-01Z-00-DX1_17408_21504.jpg,TCGA-DM-A0XF,TCGA-DM-A0XF-01Z-00-DX1,1,0.9926295,1
tumour/TCGA-DM-A0XF-01Z-00-DX1_17408_22016.jpg,TCGA-DM-A0XF,TCGA-DM-A0XF-01Z-00-DX1,1,0.9963457,1
tumour/TCGA-DM-A0XF-01Z-00-DX1_17408_23552.jpg,TCGA-DM-A0XF,TCGA-DM-A0XF-01Z-00-DX1,1,0.99819994,1
tumour/TCGA-DM-A0XF-01Z-00-DX1_17408_24064.jpg,TCGA-DM-A0XF,TCGA-DM-A0XF-01Z-00-DX1,1,0.99837095,1
tumour/TCGA-DM-A0XF-01Z-00-DX1_17408_24576.jpg,TCGA-DM-A0XF,TCGA-DM-A0XF-01Z-00-DX1,1,0.99719846,1
tumour/TCGA-DM-A0XF-01Z-00-DX1_17408_26112.jpg,TCGA-DM-A0XF,TCGA-DM-A0XF-01Z-00-DX1,1,0.9949313,1
tumour/TCGA-DM-A0XF-01Z-00-DX1_17408_27136.jpg,TCGA-DM-A0XF,TCGA-DM-A0XF-01Z-00-DX1,1,0.9917065,1
tumour/TCGA-DM-A0XF-01Z-00-DX1_17920_17920.jpg,TCGA-DM-A0XF,TCGA-DM-A0XF-01Z-00-DX1,1,0.8507639,1
tumour/TCGA-DM-A0XF-01Z-00-DX1_17920_18432.jpg,TCGA-DM-A0XF,TCGA-DM-A0XF-01Z-00-DX1,1,0.999912,1
tumour/TCGA-DM-A0XF-01Z-00-DX1_17920_18944.jpg,TCGA-DM-A0XF,TCGA-DM-A0XF-01Z-00-DX1,1,0.9999659,1
tumour/TCGA-DM-A0XF-01Z-00-DX1_17920_19968.jpg,TCGA-DM-A0XF,TCGA-DM-A0XF-01Z-00-DX1,1,0.99820256,1
tumour/TCGA-DM-A0XF-01Z-00-DX1_17920_20480.jpg,TCGA-DM-A0XF,TCGA-DM-A0XF-01Z-00-DX1,1,0.9999999,1
tumour/TCGA-DM-A0XF-01Z-00-DX1_17920_20992.jpg,TCGA-DM-A0XF,TCGA-DM-A0XF-01Z-00-DX1,1,0.9858063,1
tumour/TCGA-DM-A0XF-01Z-00-DX1_17920_22016.jpg,TCGA-DM-A0XF,TCGA-DM-A0XF-01Z-00-DX1,1,0.9986833,1
tumour/TCGA-DM-A0XF-01Z-00-DX1_17920_23040.jpg,TCGA-DM-A0XF,TCGA-DM-A0XF-01Z-00-DX1,1,0.9998864,1
tumour/TCGA-DM-A0XF-01Z-00-DX1_17920_24576.jpg,TCGA-DM-A0XF,TCGA-DM-A0XF-01Z-00-DX1,1,0.9899406,1
tumour/TCGA-DM-A0XF-01Z-00-DX1_17920_26112.jpg,TCGA-DM-A0XF,TCGA-DM-A0XF-01Z-00-DX1,1,0.9727672,1
tumour/TCGA-DM-A0XF-01Z-00-DX1_17920_27136.jpg,TCGA-DM-A0XF,TCGA-DM-A0XF-01Z-00-DX1,1,0.99400663,1
tumour/TCGA-DM-A0XF-01Z-00-DX1_18432_19456.jpg,TCGA-DM-A0XF,TCGA-DM-A0XF-01Z-00-DX1,1,0.9999982,1
tumour/TCGA-DM-A0XF-01Z-00-DX1_18432_21504.jpg,TCGA-DM-A0XF,TCGA-DM-A0XF-01Z-00-DX1,1,0.9862962,1
tumour/TCGA-DM-A0XF-01Z-00-DX1_18432_22528.jpg,TCGA-DM-A0XF,TCGA-DM-A0XF-01Z-00-DX1,1,0.9999347,1
tumour/TCGA-DM-A0XF-01Z-00-DX1_18432_23040.jpg,TCGA-DM-A0XF,TCGA-DM-A0XF-01Z-00-DX1,1,0.9994824,1
tumour/TCGA-DM-A0XF-01Z-00-DX1_18432_23552.jpg,TCGA-DM-A0XF,TCGA-DM-A0XF-01Z-00-DX1,1,0.9095634,1
tumour/TCGA-DM-A0XF-01Z-00-DX1_18432_25600.jpg,TCGA-DM-A0XF,TCGA-DM-A0XF-01Z-00-DX1,1,0.9944766,1
tumour/TCGA-DM-A0XF-01Z-00-DX1_18432_26624.jpg,TCGA-DM-A0XF,TCGA-DM-A0XF-01Z-00-DX1,1,0.99839205,1
tumour/TCGA-DM-A0XF-01Z-00-DX1_18432_27136.jpg,TCGA-DM-A0XF,TCGA-DM-A0XF-01Z-00-DX1,1,0.9997842,1
tumour/TCGA-DM-A0XF-01Z-00-DX1_18944_18432.jpg,TCGA-DM-A0XF,TCGA-DM-A0XF-01Z-00-DX1,1,0.9876435,1
tumour/TCGA-DM-A0XF-01Z-00-DX1_18944_18944.jpg,TCGA-DM-A0XF,TCGA-DM-A0XF-01Z-00-DX1,1,0.99998903,1
tumour/TCGA-DM-A0XF-01Z-00-DX1_18944_19456.jpg,TCGA-DM-A0XF,TCGA-DM-A0XF-01Z-00-DX1,1,0.9999902,1
tumour/TCGA-DM-A0XF-01Z-00-DX1_18944_19968.jpg,TCGA-DM-A0XF,TCGA-DM-A0XF-01Z-00-DX1,1,0.999998,1
tumour/TCGA-DM-A0XF-01Z-00-DX1_18944_20480.jpg,TCGA-DM-A0XF,TCGA-DM-A0XF-01Z-00-DX1,1,0.9999503,1
tumour/TCGA-DM-A0XF-01Z-00-DX1_18944_22528.jpg,TCGA-DM-A0XF,TCGA-DM-A0XF-01Z-00-DX1,1,0.99996984,1
tumour/TCGA-DM-A0XF-01Z-00-DX1_18944_24064.jpg,TCGA-DM-A0XF,TCGA-DM-A0XF-01Z-00-DX1,1,0.9993875,1
tumour/TCGA-DM-A0XF-01Z-00-DX1_18944_24576.jpg,TCGA-DM-A0XF,TCGA-DM-A0XF-01Z-00-DX1,1,0.99998105,1
tumour/TCGA-DM-A0XF-01Z-00-DX1_18944_25088.jpg,TCGA-DM-A0XF,TCGA-DM-A0XF-01Z-00-DX1,1,0.9979528,1
tumour/TCGA-DM-A0XF-01Z-00-DX1_18944_25600.jpg,TCGA-DM-A0XF,TCGA-DM-A0XF-01Z-00-DX1,1,0.99521303,1
tumour/TCGA-DM-A0XF-01Z-00-DX1_18944_27136.jpg,TCGA-DM-A0XF,TCGA-DM-A0XF-01Z-00-DX1,1,0.6562362,1
tumour/TCGA-DM-A0XF-01Z-00-DX1_18944_27648.jpg,TCGA-DM-A0XF,TCGA-DM-A0XF-01Z-00-DX1,1,0.9996357,1
tumour/TCGA-DM-A0XF-01Z-00-DX1_18944_28160.jpg,TCGA-DM-A0XF,TCGA-DM-A0XF-01Z-00-DX1,1,0.9999603,1
tumour/TCGA-DM-A0XF-01Z-00-DX1_19456_19968.jpg,TCGA-DM-A0XF,TCGA-DM-A0XF-01Z-00-DX1,1,0.52243006,1
tumour/TCGA-DM-A0XF-01Z-00-DX1_19456_21504.jpg,TCGA-DM-A0XF,TCGA-DM-A0XF-01Z-00-DX1,1,0.9960342,1
tumour/TCGA-DM-A0XF-01Z-00-DX1_19456_22528.jpg,TCGA-DM-A0XF,TCGA-DM-A0XF-01Z-00-DX1,1,0.9986224,1
tumour/TCGA-DM-A0XF-01Z-00-DX1_19456_23040.jpg,TCGA-DM-A0XF,TCGA-DM-A0XF-01Z-00-DX1,1,0.9999993,1
tumour/TCGA-DM-A0XF-01Z-00-DX1_19456_26624.jpg,TCGA-DM-A0XF,TCGA-DM-A0XF-01Z-00-DX1,1,0.99861884,1
tumour/TCGA-DM-A0XF-01Z-00-DX1_19456_27136.jpg,TCGA-DM-A0XF,TCGA-DM-A0XF-01Z-00-DX1,1,0.9884925,1
tumour/TCGA-DM-A0XF-01Z-00-DX1_19456_27648.jpg,TCGA-DM-A0XF,TCGA-DM-A0XF-01Z-00-DX1,1,0.9894372,1
tumour/TCGA-DM-A0XF-01Z-00-DX1_19968_20992.jpg,TCGA-DM-A0XF,TCGA-DM-A0XF-01Z-00-DX1,1,0.9357786,1
tumour/TCGA-DM-A0XF-01Z-00-DX1_19968_21504.jpg,TCGA-DM-A0XF,TCGA-DM-A0XF-01Z-00-DX1,1,0.9885887,1
tumour/TCGA-DM-A0XF-01Z-00-DX1_19968_22016.jpg,TCGA-DM-A0XF,TCGA-DM-A0XF-01Z-00-DX1,1,0.9999968,1
tumour/TCGA-DM-A0XF-01Z-00-DX1_19968_24064.jpg,TCGA-DM-A0XF,TCGA-DM-A0XF-01Z-00-DX1,1,0.9997223,1
tumour/TCGA-DM-A0XF-01Z-00-DX1_19968_25600.jpg,TCGA-DM-A0XF,TCGA-DM-A0XF-01Z-00-DX1,1,0.99880445,1
tumour/TCGA-DM-A0XF-01Z-00-DX1_20480_21504.jpg,TCGA-DM-A0XF,TCGA-DM-A0XF-01Z-00-DX1,1,0.10487098,0
tumour/TCGA-DM-A0XF-01Z-00-DX1_20480_23552.jpg,TCGA-DM-A0XF,TCGA-DM-A0XF-01Z-00-DX1,1,0.9939493,1
tumour/TCGA-DM-A0XF-01Z-00-DX1_20480_24576.jpg,TCGA-DM-A0XF,TCGA-DM-A0XF-01Z-00-DX1,1,0.99999595,1
tumour/TCGA-DM-A0XF-01Z-00-DX1_20992_22016.jpg,TCGA-DM-A0XF,TCGA-DM-A0XF-01Z-00-DX1,1,0.99161434,1
tumour/TCGA-DM-A0XF-01Z-00-DX1_20992_22528.jpg,TCGA-DM-A0XF,TCGA-DM-A0XF-01Z-00-DX1,1,0.99998283,1
tumour/TCGA-DM-A0XF-01Z-00-DX1_20992_24576.jpg,TCGA-DM-A0XF,TCGA-DM-A0XF-01Z-00-DX1,1,0.9999515,1
tumour/TCGA-DM-A0XF-01Z-00-DX1_20992_26112.jpg,TCGA-DM-A0XF,TCGA-DM-A0XF-01Z-00-DX1,1,0.9999112,1
tumour/TCGA-DM-A0XF-01Z-00-DX1_21504_21504.jpg,TCGA-DM-A0XF,TCGA-DM-A0XF-01Z-00-DX1,1,0.99530715,1
tumour/TCGA-DM-A0XF-01Z-00-DX1_21504_24064.jpg,TCGA-DM-A0XF,TCGA-DM-A0XF-01Z-00-DX1,1,0.9999784,1
tumour/TCGA-DM-A0XF-01Z-00-DX1_21504_26112.jpg,TCGA-DM-A0XF,TCGA-DM-A0XF-01Z-00-DX1,1,0.97453964,1
tumour/TCGA-DM-A0XF-01Z-00-DX1_22016_24576.jpg,TCGA-DM-A0XF,TCGA-DM-A0XF-01Z-00-DX1,1,0.9996,1
tumour/TCGA-DM-A0XF-01Z-00-DX1_34816_22528.jpg,TCGA-DM-A0XF,TCGA-DM-A0XF-01Z-00-DX1,1,0.5570601,1
tumour/TCGA-DM-A0XF-01Z-00-DX1_35328_22016.jpg,TCGA-DM-A0XF,TCGA-DM-A0XF-01Z-00-DX1,1,0.9992095,1
tumour/TCGA-DM-A0XF-01Z-00-DX1_35840_20480.jpg,TCGA-DM-A0XF,TCGA-DM-A0XF-01Z-00-DX1,1,0.35386148,0
tumour/TCGA-DM-A0XF-01Z-00-DX1_35840_21504.jpg,TCGA-DM-A0XF,TCGA-DM-A0XF-01Z-00-DX1,1,0.99513584,1
tumour/TCGA-DM-A0XF-01Z-00-DX1_35840_23040.jpg,TCGA-DM-A0XF,TCGA-DM-A0XF-01Z-00-DX1,1,0.89810616,1
tumour/TCGA-DM-A0XF-01Z-00-DX1_36352_19968.jpg,TCGA-DM-A0XF,TCGA-DM-A0XF-01Z-00-DX1,1,0.9978258,1
tumour/TCGA-DM-A0XF-01Z-00-DX1_36352_20992.jpg,TCGA-DM-A0XF,TCGA-DM-A0XF-01Z-00-DX1,1,0.99939525,1
tumour/TCGA-DM-A0XF-01Z-00-DX1_36352_22016.jpg,TCGA-DM-A0XF,TCGA-DM-A0XF-01Z-00-DX1,1,0.9902756,1
tumour/TCGA-DM-A0XF-01Z-00-DX1_36352_22528.jpg,TCGA-DM-A0XF,TCGA-DM-A0XF-01Z-00-DX1,1,0.99993956,1
tumour/TCGA-DM-A0XF-01Z-00-DX1_36864_19456.jpg,TCGA-DM-A0XF,TCGA-DM-A0XF-01Z-00-DX1,1,0.90383255,1
tumour/TCGA-DM-A0XF-01Z-00-DX1_36864_19968.jpg,TCGA-DM-A0XF,TCGA-DM-A0XF-01Z-00-DX1,1,0.9930582,1
tumour/TCGA-DM-A0XF-01Z-00-DX1_36864_21504.jpg,TCGA-DM-A0XF,TCGA-DM-A0XF-01Z-00-DX1,1,0.9930201,1
tumour/TCGA-DM-A0XF-01Z-00-DX1_36864_23040.jpg,TCGA-DM-A0XF,TCGA-DM-A0XF-01Z-00-DX1,1,0.9598034,1
tumour/TCGA-DM-A0XF-01Z-00-DX1_37376_17408.jpg,TCGA-DM-A0XF,TCGA-DM-A0XF-01Z-00-DX1,1,0.9905344,1
tumour/TCGA-DM-A0XF-01Z-00-DX1_37376_17920.jpg,TCGA-DM-A0XF,TCGA-DM-A0XF-01Z-00-DX1,1,0.9995382,1
tumour/TCGA-DM-A0XF-01Z-00-DX1_37376_19456.jpg,TCGA-DM-A0XF,TCGA-DM-A0XF-01Z-00-DX1,1,0.9957632,1
tumour/TCGA-DM-A0XF-01Z-00-DX1_37376_19968.jpg,TCGA-DM-A0XF,TCGA-DM-A0XF-01Z-00-DX1,1,0.8993308,1
tumour/TCGA-DM-A0XF-01Z-00-DX1_37376_20480.jpg,TCGA-DM-A0XF,TCGA-DM-A0XF-01Z-00-DX1,1,0.30377832,0
tumour/TCGA-DM-A0XF-01Z-00-DX1_37376_20992.jpg,TCGA-DM-A0XF,TCGA-DM-A0XF-01Z-00-DX1,1,0.96029085,1
tumour/TCGA-DM-A0XF-01Z-00-DX1_37376_21504.jpg,TCGA-DM-A0XF,TCGA-DM-A0XF-01Z-00-DX1,1,0.87645835,1
tumour/TCGA-DM-A0XF-01Z-00-DX1_37376_24064.jpg,TCGA-DM-A0XF,TCGA-DM-A0XF-01Z-00-DX1,1,0.99874985,1
tumour/TCGA-DM-A0XF-01Z-00-DX1_37376_24576.jpg,TCGA-DM-A0XF,TCGA-DM-A0XF-01Z-00-DX1,1,0.081720345,0
tumour/TCGA-DM-A0XF-01Z-00-DX1_37888_17408.jpg,TCGA-DM-A0XF,TCGA-DM-A0XF-01Z-00-DX1,1,0.99737656,1
tumour/TCGA-DM-A0XF-01Z-00-DX1_37888_17920.jpg,TCGA-DM-A0XF,TCGA-DM-A0XF-01Z-00-DX1,1,0.97599846,1
tumour/TCGA-DM-A0XF-01Z-00-DX1_37888_18432.jpg,TCGA-DM-A0XF,TCGA-DM-A0XF-01Z-00-DX1,1,0.9999975,1
tumour/TCGA-DM-A0XF-01Z-00-DX1_37888_21504.jpg,TCGA-DM-A0XF,TCGA-DM-A0XF-01Z-00-DX1,1,0.95193607,1
tumour/TCGA-DM-A0XF-01Z-00-DX1_37888_23040.jpg,TCGA-DM-A0XF,TCGA-DM-A0XF-01Z-00-DX1,1,0.9716813,1
tumour/TCGA-DM-A0XF-01Z-00-DX1_37888_25088.jpg,TCGA-DM-A0XF,TCGA-DM-A0XF-01Z-00-DX1,1,0.20227636,0
tumour/TCGA-DM-A0XF-01Z-00-DX1_38400_15360.jpg,TCGA-DM-A0XF,TCGA-DM-A0XF-01Z-00-DX1,1,0.9999602,1
tumour/TCGA-DM-A0XF-01Z-00-DX1_38400_16384.jpg,TCGA-DM-A0XF,TCGA-DM-A0XF-01Z-00-DX1,1,0.9999291,1
tumour/TCGA-DM-A0XF-01Z-00-DX1_38400_16896.jpg,TCGA-DM-A0XF,TCGA-DM-A0XF-01Z-00-DX1,1,0.9998555,1
tumour/TCGA-DM-A0XF-01Z-00-DX1_38400_17920.jpg,TCGA-DM-A0XF,TCGA-DM-A0XF-01Z-00-DX1,1,0.9956917,1
tumour/TCGA-DM-A0XF-01Z-00-DX1_38400_18432.jpg,TCGA-DM-A0XF,TCGA-DM-A0XF-01Z-00-DX1,1,0.99989283,1
tumour/TCGA-DM-A0XF-01Z-00-DX1_38400_20992.jpg,TCGA-DM-A0XF,TCGA-DM-A0XF-01Z-00-DX1,1,0.65257126,1
tumour/TCGA-DM-A0XF-01Z-00-DX1_38400_21504.jpg,TCGA-DM-A0XF,TCGA-DM-A0XF-01Z-00-DX1,1,0.99999225,1
tumour/TCGA-DM-A0XF-01Z-00-DX1_38400_22016.jpg,TCGA-DM-A0XF,TCGA-DM-A0XF-01Z-00-DX1,1,0.99988854,1
tumour/TCGA-DM-A0XF-01Z-00-DX1_38400_24064.jpg,TCGA-DM-A0XF,TCGA-DM-A0XF-01Z-00-DX1,1,0.9987777,1
tumour/TCGA-DM-A0XF-01Z-00-DX1_38400_25088.jpg,TCGA-DM-A0XF,TCGA-DM-A0XF-01Z-00-DX1,1,0.99727947,1
tumour/TCGA-DM-A0XF-01Z-00-DX1_38912_14848.jpg,TCGA-DM-A0XF,TCGA-DM-A0XF-01Z-00-DX1,1,0.99990046,1
tumour/TCGA-DM-A0XF-01Z-00-DX1_38912_15360.jpg,TCGA-DM-A0XF,TCGA-DM-A0XF-01Z-00-DX1,1,0.93245786,1
tumour/TCGA-DM-A0XF-01Z-00-DX1_38912_16384.jpg,TCGA-DM-A0XF,TCGA-DM-A0XF-01Z-00-DX1,1,0.99999774,1
tumour/TCGA-DM-A0XF-01Z-00-DX1_38912_16896.jpg,TCGA-DM-A0XF,TCGA-DM-A0XF-01Z-00-DX1,1,0.99949384,1
tumour/TCGA-DM-A0XF-01Z-00-DX1_38912_22016.jpg,TCGA-DM-A0XF,TCGA-DM-A0XF-01Z-00-DX1,1,0.9999962,1
tumour/TCGA-DM-A0XF-01Z-00-DX1_38912_24576.jpg,TCGA-DM-A0XF,TCGA-DM-A0XF-01Z-00-DX1,1,0.48872086,0
tumour/TCGA-DM-A0XF-01Z-00-DX1_38912_25088.jpg,TCGA-DM-A0XF,TCGA-DM-A0XF-01Z-00-DX1,1,0.9999399,1
tumour/TCGA-DM-A0XF-01Z-00-DX1_38912_25600.jpg,TCGA-DM-A0XF,TCGA-DM-A0XF-01Z-00-DX1,1,0.9887553,1
tumour/TCGA-DM-A0XF-01Z-00-DX1_39424_14336.jpg,TCGA-DM-A0XF,TCGA-DM-A0XF-01Z-00-DX1,1,0.9989519,1
tumour/TCGA-DM-A0XF-01Z-00-DX1_39424_14848.jpg,TCGA-DM-A0XF,TCGA-DM-A0XF-01Z-00-DX1,1,0.9998996,1
tumour/TCGA-DM-A0XF-01Z-00-DX1_39424_17408.jpg,TCGA-DM-A0XF,TCGA-DM-A0XF-01Z-00-DX1,1,0.9989241,1
tumour/TCGA-DM-A0XF-01Z-00-DX1_39424_17920.jpg,TCGA-DM-A0XF,TCGA-DM-A0XF-01Z-00-DX1,1,0.87919927,1
tumour/TCGA-DM-A0XF-01Z-00-DX1_39424_23040.jpg,TCGA-DM-A0XF,TCGA-DM-A0XF-01Z-00-DX1,1,0.9908522,1
tumour/TCGA-DM-A0XF-01Z-00-DX1_39424_26112.jpg,TCGA-DM-A0XF,TCGA-DM-A0XF-01Z-00-DX1,1,0.9996296,1
tumour/TCGA-DM-A0XF-01Z-00-DX1_39936_13824.jpg,TCGA-DM-A0XF,TCGA-DM-A0XF-01Z-00-DX1,1,0.9751567,1
tumour/TCGA-DM-A0XF-01Z-00-DX1_39936_17920.jpg,TCGA-DM-A0XF,TCGA-DM-A0XF-01Z-00-DX1,1,0.96504706,1
tumour/TCGA-DM-A0XF-01Z-00-DX1_39936_23552.jpg,TCGA-DM-A0XF,TCGA-DM-A0XF-01Z-00-DX1,1,0.31921056,0
tumour/TCGA-DM-A0XF-01Z-00-DX1_39936_24064.jpg,TCGA-DM-A0XF,TCGA-DM-A0XF-01Z-00-DX1,1,0.87155145,1
tumour/TCGA-DM-A0XF-01Z-00-DX1_39936_24576.jpg,TCGA-DM-A0XF,TCGA-DM-A0XF-01Z-00-DX1,1,0.9457335,1
tumour/TCGA-DM-A0XF-01Z-00-DX1_39936_25600.jpg,TCGA-DM-A0XF,TCGA-DM-A0XF-01Z-00-DX1,1,0.9993856,1
tumour/TCGA-DM-A0XF-01Z-00-DX1_40448_14336.jpg,TCGA-DM-A0XF,TCGA-DM-A0XF-01Z-00-DX1,1,0.9999994,1
tumour/TCGA-DM-A0XF-01Z-00-DX1_40448_14848.jpg,TCGA-DM-A0XF,TCGA-DM-A0XF-01Z-00-DX1,1,0.9937597,1
tumour/TCGA-DM-A0XF-01Z-00-DX1_40448_15872.jpg,TCGA-DM-A0XF,TCGA-DM-A0XF-01Z-00-DX1,1,0.99569845,1
tumour/TCGA-DM-A0XF-01Z-00-DX1_40448_16384.jpg,TCGA-DM-A0XF,TCGA-DM-A0XF-01Z-00-DX1,1,0.95315427,1
tumour/TCGA-DM-A0XF-01Z-00-DX1_40448_17408.jpg,TCGA-DM-A0XF,TCGA-DM-A0XF-01Z-00-DX1,1,0.9831451,1
tumour/TCGA-DM-A0XF-01Z-00-DX1_40448_22528.jpg,TCGA-DM-A0XF,TCGA-DM-A0XF-01Z-00-DX1,1,0.7467818,1
tumour/TCGA-DM-A0XF-01Z-00-DX1_40448_25088.jpg,TCGA-DM-A0XF,TCGA-DM-A0XF-01Z-00-DX1,1,0.9926805,1
tumour/TCGA-DM-A0XF-01Z-00-DX1_40448_26112.jpg,TCGA-DM-A0XF,TCGA-DM-A0XF-01Z-00-DX1,1,0.9987172,1
tumour/TCGA-DM-A0XF-01Z-00-DX1_40448_26624.jpg,TCGA-DM-A0XF,TCGA-DM-A0XF-01Z-00-DX1,1,0.99927586,1
tumour/TCGA-DM-A0XF-01Z-00-DX1_40448_27136.jpg,TCGA-DM-A0XF,TCGA-DM-A0XF-01Z-00-DX1,1,0.99867404,1
tumour/TCGA-DM-A0XF-01Z-00-DX1_40960_14848.jpg,TCGA-DM-A0XF,TCGA-DM-A0XF-01Z-00-DX1,1,0.99731654,1
tumour/TCGA-DM-A0XF-01Z-00-DX1_40960_15872.jpg,TCGA-DM-A0XF,TCGA-DM-A0XF-01Z-00-DX1,1,0.9939135,1
tumour/TCGA-DM-A0XF-01Z-00-DX1_40960_16896.jpg,TCGA-DM-A0XF,TCGA-DM-A0XF-01Z-00-DX1,1,0.98888075,1
tumour/TCGA-DM-A0XF-01Z-00-DX1_40960_17408.jpg,TCGA-DM-A0XF,TCGA-DM-A0XF-01Z-00-DX1,1,0.9684917,1
tumour/TCGA-DM-A0XF-01Z-00-DX1_40960_23040.jpg,TCGA-DM-A0XF,TCGA-DM-A0XF-01Z-00-DX1,1,0.99774784,1
tumour/TCGA-DM-A0XF-01Z-00-DX1_40960_25088.jpg,TCGA-DM-A0XF,TCGA-DM-A0XF-01Z-00-DX1,1,0.9999318,1
tumour/TCGA-DM-A0XF-01Z-00-DX1_40960_25600.jpg,TCGA-DM-A0XF,TCGA-DM-A0XF-01Z-00-DX1,1,0.9317619,1
tumour/TCGA-DM-A0XF-01Z-00-DX1_40960_26112.jpg,TCGA-DM-A0XF,TCGA-DM-A0XF-01Z-00-DX1,1,0.9963425,1
tumour/TCGA-DM-A0XF-01Z-00-DX1_40960_26624.jpg,TCGA-DM-A0XF,TCGA-DM-A0XF-01Z-00-DX1,1,0.99988544,1
tumour/TCGA-DM-A0XF-01Z-00-DX1_41472_15872.jpg,TCGA-DM-A0XF,TCGA-DM-A0XF-01Z-00-DX1,1,0.8951277,1
tumour/TCGA-DM-A0XF-01Z-00-DX1_41472_16384.jpg,TCGA-DM-A0XF,TCGA-DM-A0XF-01Z-00-DX1,1,0.951281,1
tumour/TCGA-DM-A0XF-01Z-00-DX1_41472_16896.jpg,TCGA-DM-A0XF,TCGA-DM-A0XF-01Z-00-DX1,1,0.99266475,1
tumour/TCGA-DM-A0XF-01Z-00-DX1_41472_17408.jpg,TCGA-DM-A0XF,TCGA-DM-A0XF-01Z-00-DX1,1,0.99435896,1
tumour/TCGA-DM-A0XF-01Z-00-DX1_41472_26112.jpg,TCGA-DM-A0XF,TCGA-DM-A0XF-01Z-00-DX1,1,0.7292059,1
tumour/TCGA-DM-A0XF-01Z-00-DX1_41472_26624.jpg,TCGA-DM-A0XF,TCGA-DM-A0XF-01Z-00-DX1,1,0.99968326,1
tumour/TCGA-DM-A0XF-01Z-00-DX1_41984_15872.jpg,TCGA-DM-A0XF,TCGA-DM-A0XF-01Z-00-DX1,1,0.9847431,1
tumour/TCGA-DM-A0XF-01Z-00-DX1_41984_16384.jpg,TCGA-DM-A0XF,TCGA-DM-A0XF-01Z-00-DX1,1,0.5497032,1
tumour/TCGA-DM-A0XF-01Z-00-DX1_41984_16896.jpg,TCGA-DM-A0XF,TCGA-DM-A0XF-01Z-00-DX1,1,0.9990982,1
tumour/TCGA-DM-A0XF-01Z-00-DX1_41984_17408.jpg,TCGA-DM-A0XF,TCGA-DM-A0XF-01Z-00-DX1,1,0.99608,1
tumour/TCGA-DM-A0XF-01Z-00-DX1_41984_17920.jpg,TCGA-DM-A0XF,TCGA-DM-A0XF-01Z-00-DX1,1,0.99608105,1
tumour/TCGA-DM-A0XF-01Z-00-DX1_41984_18432.jpg,TCGA-DM-A0XF,TCGA-DM-A0XF-01Z-00-DX1,1,0.99997926,1
tumour/TCGA-DM-A0XF-01Z-00-DX1_41984_26112.jpg,TCGA-DM-A0XF,TCGA-DM-A0XF-01Z-00-DX1,1,0.99999034,1
tumour/TCGA-DM-A0XF-01Z-00-DX1_41984_26624.jpg,TCGA-DM-A0XF,TCGA-DM-A0XF-01Z-00-DX1,1,0.9972953,1
tumour/TCGA-DM-A0XF-01Z-00-DX1_41984_28160.jpg,TCGA-DM-A0XF,TCGA-DM-A0XF-01Z-00-DX1,1,0.99870384,1
tumour/TCGA-DM-A0XF-01Z-00-DX1_41984_28672.jpg,TCGA-DM-A0XF,TCGA-DM-A0XF-01Z-00-DX1,1,0.8284003,1
tumour/TCGA-DM-A0XF-01Z-00-DX1_42496_25600.jpg,TCGA-DM-A0XF,TCGA-DM-A0XF-01Z-00-DX1,1,0.9939254,1
tumour/TCGA-DM-A0XF-01Z-00-DX1_42496_27648.jpg,TCGA-DM-A0XF,TCGA-DM-A0XF-01Z-00-DX1,1,0.96939296,1
tumour/TCGA-DM-A0XF-01Z-00-DX1_42496_28160.jpg,TCGA-DM-A0XF,TCGA-DM-A0XF-01Z-00-DX1,1,0.999987,1
tumour/TCGA-DM-A0XF-01Z-00-DX1_42496_28672.jpg,TCGA-DM-A0XF,TCGA-DM-A0XF-01Z-00-DX1,1,0.99966216,1
tumour/TCGA-DM-A0XF-01Z-00-DX1_43008_26624.jpg,TCGA-DM-A0XF,TCGA-DM-A0XF-01Z-00-DX1,1,0.9993631,1
tumour/TCGA-DM-A0XF-01Z-00-DX1_43008_27136.jpg,TCGA-DM-A0XF,TCGA-DM-A0XF-01Z-00-DX1,1,0.9940462,1
tumour/TCGA-DM-A0XF-01Z-00-DX1_43008_27648.jpg,TCGA-DM-A0XF,TCGA-DM-A0XF-01Z-00-DX1,1,0.9441037,1
tumour/TCGA-DM-A0XF-01Z-00-DX1_43008_28672.jpg,TCGA-DM-A0XF,TCGA-DM-A0XF-01Z-00-DX1,1,0.95904005,1
tumour/TCGA-DM-A0XF-01Z-00-DX1_43520_13312.jpg,TCGA-DM-A0XF,TCGA-DM-A0XF-01Z-00-DX1,1,0.9990182,1
tumour/TCGA-DM-A0XF-01Z-00-DX1_43520_28160.jpg,TCGA-DM-A0XF,TCGA-DM-A0XF-01Z-00-DX1,1,0.8745008,1
tumour/TCGA-DM-A0XF-01Z-00-DX1_43520_28672.jpg,TCGA-DM-A0XF,TCGA-DM-A0XF-01Z-00-DX1,1,0.9945945,1
tumour/TCGA-DM-A0XF-01Z-00-DX1_43520_29184.jpg,TCGA-DM-A0XF,TCGA-DM-A0XF-01Z-00-DX1,1,0.7579255,1
tumour/TCGA-DM-A0XF-01Z-00-DX1_44032_13824.jpg,TCGA-DM-A0XF,TCGA-DM-A0XF-01Z-00-DX1,1,0.99999475,1
tumour/TCGA-DM-A0XF-01Z-00-DX1_44032_14336.jpg,TCGA-DM-A0XF,TCGA-DM-A0XF-01Z-00-DX1,1,0.9997218,1
tumour/TCGA-DM-A0XF-01Z-00-DX1_44032_14848.jpg,TCGA-DM-A0XF,TCGA-DM-A0XF-01Z-00-DX1,1,0.9927456,1
tumour/TCGA-DM-A0XF-01Z-00-DX1_44032_15360.jpg,TCGA-DM-A0XF,TCGA-DM-A0XF-01Z-00-DX1,1,0.99745136,1
tumour/TCGA-DM-A0XF-01Z-00-DX1_44032_25600.jpg,TCGA-DM-A0XF,TCGA-DM-A0XF-01Z-00-DX1,1,0.9984396,1
tumour/TCGA-DM-A0XF-01Z-00-DX1_44032_26112.jpg,TCGA-DM-A0XF,TCGA-DM-A0XF-01Z-00-DX1,1,0.99998915,1
tumour/TCGA-DM-A0XF-01Z-00-DX1_44032_26624.jpg,TCGA-DM-A0XF,TCGA-DM-A0XF-01Z-00-DX1,1,0.99037486,1
tumour/TCGA-DM-A0XF-01Z-00-DX1_44032_27136.jpg,TCGA-DM-A0XF,TCGA-DM-A0XF-01Z-00-DX1,1,0.9997551,1
tumour/TCGA-DM-A0XF-01Z-00-DX1_44032_27648.jpg,TCGA-DM-A0XF,TCGA-DM-A0XF-01Z-00-DX1,1,0.982021,1
tumour/TCGA-DM-A0XF-01Z-00-DX1_44032_28160.jpg,TCGA-DM-A0XF,TCGA-DM-A0XF-01Z-00-DX1,1,0.98867655,1
tumour/TCGA-DM-A0XF-01Z-00-DX1_44032_29184.jpg,TCGA-DM-A0XF,TCGA-DM-A0XF-01Z-00-DX1,1,0.99886936,1
tumour/TCGA-DM-A0XF-01Z-00-DX1_44032_29696.jpg,TCGA-DM-A0XF,TCGA-DM-A0XF-01Z-00-DX1,1,0.9994993,1
tumour/TCGA-DM-A0XF-01Z-00-DX1_44544_13312.jpg,TCGA-DM-A0XF,TCGA-DM-A0XF-01Z-00-DX1,1,0.83928365,1
tumour/TCGA-DM-A0XF-01Z-00-DX1_44544_13824.jpg,TCGA-DM-A0XF,TCGA-DM-A0XF-01Z-00-DX1,1,0.8920849,1
tumour/TCGA-DM-A0XF-01Z-00-DX1_44544_14848.jpg,TCGA-DM-A0XF,TCGA-DM-A0XF-01Z-00-DX1,1,0.9874795,1
tumour/TCGA-DM-A0XF-01Z-00-DX1_44544_26112.jpg,TCGA-DM-A0XF,TCGA-DM-A0XF-01Z-00-DX1,1,0.92069036,1
tumour/TCGA-DM-A0XF-01Z-00-DX1_44544_26624.jpg,TCGA-DM-A0XF,TCGA-DM-A0XF-01Z-00-DX1,1,0.94091827,1
tumour/TCGA-DM-A0XF-01Z-00-DX1_45056_13312.jpg,TCGA-DM-A0XF,TCGA-DM-A0XF-01Z-00-DX1,1,0.9984282,1
tumour/TCGA-DM-A0XF-01Z-00-DX1_45056_14848.jpg,TCGA-DM-A0XF,TCGA-DM-A0XF-01Z-00-DX1,1,0.6673631,1
tumour/TCGA-DM-A0XF-01Z-00-DX1_45056_15360.jpg,TCGA-DM-A0XF,TCGA-DM-A0XF-01Z-00-DX1,1,0.838674,1
tumour/TCGA-DM-A0XF-01Z-00-DX1_45056_27136.jpg,TCGA-DM-A0XF,TCGA-DM-A0XF-01Z-00-DX1,1,0.99901557,1
tumour/TCGA-DM-A0XF-01Z-00-DX1_45056_28672.jpg,TCGA-DM-A0XF,TCGA-DM-A0XF-01Z-00-DX1,1,0.9999976,1
tumour/TCGA-DM-A0XF-01Z-00-DX1_45568_13824.jpg,TCGA-DM-A0XF,TCGA-DM-A0XF-01Z-00-DX1,1,0.9999988,1
tumour/TCGA-DM-A0XF-01Z-00-DX1_45568_16384.jpg,TCGA-DM-A0XF,TCGA-DM-A0XF-01Z-00-DX1,1,0.9980135,1
tumour/TCGA-DM-A0XF-01Z-00-DX1_45568_26112.jpg,TCGA-DM-A0XF,TCGA-DM-A0XF-01Z-00-DX1,1,0.9970579,1
tumour/TCGA-DM-A0XF-01Z-00-DX1_45568_26624.jpg,TCGA-DM-A0XF,TCGA-DM-A0XF-01Z-00-DX1,1,0.95136464,1
tumour/TCGA-DM-A0XF-01Z-00-DX1_45568_28160.jpg,TCGA-DM-A0XF,TCGA-DM-A0XF-01Z-00-DX1,1,0.99935967,1
tumour/TCGA-DM-A0XF-01Z-00-DX1_46080_14848.jpg,TCGA-DM-A0XF,TCGA-DM-A0XF-01Z-00-DX1,1,0.99998546,1
tumour/TCGA-DM-A0XF-01Z-00-DX1_46080_15360.jpg,TCGA-DM-A0XF,TCGA-DM-A0XF-01Z-00-DX1,1,0.9999913,1
tumour/TCGA-DM-A0XF-01Z-00-DX1_46080_16384.jpg,TCGA-DM-A0XF,TCGA-DM-A0XF-01Z-00-DX1,1,0.99984324,1
tumour/TCGA-DM-A0XF-01Z-00-DX1_46080_17408.jpg,TCGA-DM-A0XF,TCGA-DM-A0XF-01Z-00-DX1,1,0.99955016,1
tumour/TCGA-DM-A0XF-01Z-00-DX1_46080_17920.jpg,TCGA-DM-A0XF,TCGA-DM-A0XF-01Z-00-DX1,1,0.850712,1
tumour/TCGA-DM-A0XF-01Z-00-DX1_46080_27136.jpg,TCGA-DM-A0XF,TCGA-DM-A0XF-01Z-00-DX1,1,0.99994314,1
tumour/TCGA-DM-A0XF-01Z-00-DX1_46080_27648.jpg,TCGA-DM-A0XF,TCGA-DM-A0XF-01Z-00-DX1,1,0.9995085,1
tumour/TCGA-DM-A0XF-01Z-00-DX1_47104_13312.jpg,TCGA-DM-A0XF,TCGA-DM-A0XF-01Z-00-DX1,1,0.8392559,1
tumour/TCGA-DM-A0XF-01Z-00-DX1_48128_16384.jpg,TCGA-DM-A0XF,TCGA-DM-A0XF-01Z-00-DX1,1,0.999419,1
tumour/TCGA-DM-A0XF-01Z-00-DX1_48128_16896.jpg,TCGA-DM-A0XF,TCGA-DM-A0XF-01Z-00-DX1,1,0.9999875,1
tumour/TCGA-DM-A0XF-01Z-00-DX1_48128_17408.jpg,TCGA-DM-A0XF,TCGA-DM-A0XF-01Z-00-DX1,1,0.99997616,1
tumour/TCGA-DM-A0XF-01Z-00-DX1_48128_17920.jpg,TCGA-DM-A0XF,TCGA-DM-A0XF-01Z-00-DX1,1,0.99992204,1
tumour/TCGA-DM-A0XF-01Z-00-DX1_48128_18432.jpg,TCGA-DM-A0XF,TCGA-DM-A0XF-01Z-00-DX1,1,0.9998474,1
tumour/TCGA-DM-A0XF-01Z-00-DX1_48640_17920.jpg,TCGA-DM-A0XF,TCGA-DM-A0XF-01Z-00-DX1,1,0.9999323,1
tumour/TCGA-DM-A0XF-01Z-00-DX1_49152_16384.jpg,TCGA-DM-A0XF,TCGA-DM-A0XF-01Z-00-DX1,1,0.98532283,1
tumour/TCGA-DM-A0XF-01Z-00-DX1_49152_16896.jpg,TCGA-DM-A0XF,TCGA-DM-A0XF-01Z-00-DX1,1,0.99136716,1
tumour/TCGA-DM-A0XF-01Z-00-DX1_49152_17920.jpg,TCGA-DM-A0XF,TCGA-DM-A0XF-01Z-00-DX1,1,0.99995565,1
tumour/TCGA-DM-A0XF-01Z-00-DX1_49664_16384.jpg,TCGA-DM-A0XF,TCGA-DM-A0XF-01Z-00-DX1,1,0.9977564,1
tumour/TCGA-DM-A0XF-01Z-00-DX1_49664_16896.jpg,TCGA-DM-A0XF,TCGA-DM-A0XF-01Z-00-DX1,1,0.92291594,1
tumour/TCGA-DM-A0XF-01Z-00-DX1_50176_17408.jpg,TCGA-DM-A0XF,TCGA-DM-A0XF-01Z-00-DX1,1,0.999587,1
tumour/TCGA-DM-A0XF-01Z-00-DX1_5120_17408.jpg,TCGA-DM-A0XF,TCGA-DM-A0XF-01Z-00-DX1,1,0.85206896,1
tumour/TCGA-DM-A0XF-01Z-00-DX1_6144_17408.jpg,TCGA-DM-A0XF,TCGA-DM-A0XF-01Z-00-DX1,1,0.9984263,1
tumour/TCGA-DM-A0XF-01Z-00-DX1_6144_18432.jpg,TCGA-DM-A0XF,TCGA-DM-A0XF-01Z-00-DX1,1,0.99959797,1
tumour/TCGA-DM-A0XF-01Z-00-DX1_6144_18944.jpg,TCGA-DM-A0XF,TCGA-DM-A0XF-01Z-00-DX1,1,0.9999721,1
tumour/TCGA-DM-A0XF-01Z-00-DX1_7168_16896.jpg,TCGA-DM-A0XF,TCGA-DM-A0XF-01Z-00-DX1,1,0.99940324,1
tumour/TCGA-DM-A0XF-01Z-00-DX1_7680_16384.jpg,TCGA-DM-A0XF,TCGA-DM-A0XF-01Z-00-DX1,1,0.9953134,1
tumour/TCGA-DM-A0XF-01Z-00-DX1_8704_15872.jpg,TCGA-DM-A0XF,TCGA-DM-A0XF-01Z-00-DX1,1,0.945877,1
tumour/TCGA-DM-A0XF-01Z-00-DX1_9728_18944.jpg,TCGA-DM-A0XF,TCGA-DM-A0XF-01Z-00-DX1,1,0.98165107,1
tumour/TCGA-DM-A0XF-01Z-00-DX1_9728_19456.jpg,TCGA-DM-A0XF,TCGA-DM-A0XF-01Z-00-DX1,1,0.9999471,1
