relative_path,case_id,slide_id,label,probability,prediction
non-tumour/TCGA-AD-A5EJ-01Z-00-DX1_8704_6144.jpg,TCGA-AD-A5EJ,TCGA-AD-A5EJ-01Z-00-DX1,0,0.9842441,1
non-tumour/TCGA-AD-A5EJ-01Z-00-DX1_9216_6144.jpg,TCGA-AD-A5EJ,TCGA-AD-A5EJ-01Z-00-DX1,0,0.826165,1
non-tumour/TCGA-AD-A5EJ-01Z-00-DX1_9216_7168.jpg,TCGA-AD-A5EJ,TCGA-AD-A5EJ-01Z-00-DX1,0,0.9871982,1
non-tumour/TCGA-AG-3882-01Z-00-DX1_7168_6656.jpg,TCGA-AG-3882,TCGA-AG-3882-01Z-00-DX1,0,0.2163946,0
non-tumour/TCGA-AG-3882-01Z-00-DX1_7168_7168.jpg,TCGA-AG-3882,TCGA-AG-3882-01Z-00-DX1,0,0.41625738,0
non-tumour/TCGA-AG-3882-01Z-00-DX1_7680_6144.jpg,TCGA-AG-3882,TCGA-AG-3882-01Z-00-DX1,0,0.0020007475,0
non-tumour/TCGA-AG-3882-01Z-00-DX1_7680_6656.jpg,TCGA-AG-3882,TCGA-AG-3882-01Z-00-DX1,0,0.047188077,0
non-tumour/TCGA-AG-3882-01Z-00-DX1_7680_7680.jpg,TCGA-AG-3882,TCGA-AG-3882-01Z-00-DX1,0,0.00876865,0
non-tumour/TCGA-AG-3882-01Z-00-DX1_7680_8704.jpg,TCGA-AG-3882,TCGA-AG-3882-01Z-00-DX1,0,0.036679067,0
non-tumour/TCGA-AG-3882-01Z-00-DX1_8192_6144.jpg,TCGA-AG-3882,TCGA-AG-3882-01Z-00-DX1,0,2.171837e-05,0
non-tumour/TCGA-AG-3882-01Z-00-DX1_8192_6656.jpg,TCGA-AG-3882,TCGA-AG-3882-01Z-00-DX1,0,9.966695e-06,0
non-tumour/TCGA-AG-3882-01Z-00-DX1_8192_7168.jpg,TCGA-AG-3882,TCGA-AG-3882-01Z-00-DX1,0,5.5563272e-05,0
non-tumour/TCGA-AG-3882-01Z-00-DX1_8192_8704.jpg,TCGA-AG-3882,TCGA-AG-3882-01Z-00-DX1,0,0.009747996,0
non-tumour/TCGA-AG-3882-01Z-00-DX1_8192_9216.jpg,TCGA-AG-3882,TCGA-AG-3882-01Z-00-DX1,0,0.0043836413,0
non-tumour/TCGA-AG-3882-01Z-00-DX1_8704_6656.jpg,TCGA-AG-3882,TCGA-AG-3882-01Z-00-DX1,0,1.3204891e-05,0
non-tumour/TCGA-AG-3882-01Z-00-DX1_8704_7168.jpg,TCGA-AG-3882,TCGA-AG-3882-01Z-00-DX1,0,0.00014768727,0
non-tumour/TCGA-AG-3882-01Z-00-DX1_8704_7680.jpg,TCGA-AG-3882,TCGA-AG-3882-01Z-00-DX1,0,7.2237875e-05,0
non-tumour/TCGA-AG-3882-01Z-00-DX1_8704_8704.jpg,TCGA-AG-3882,TCGA-AG-3882-01Z-00-DX1,0,0.010091673,0
non-tumour/TCGA-AG-3882-01Z-00-DX1_9216_5632.jpg,TCGA-AG-3882,TCGA-AG-3882-01Z-00-DX1,0,0.00011332814,0
non-tumour/TCGA-AG-3882-01Z-00-DX1_9216_6144.jpg,TCGA-AG-3882,TCGA-AG-3882-01Z-00-DX1,0,0.0010557189,0
non-tumour/TCGA-AG-3882-01Z-00-DX1_9216_6656.jpg,TCGA-AG-3882,TCGA-AG-3882-01Z-00-DX1,0,0.0003560834,0
non-tumour/TCGA-AG-3882-01Z-00-DX1_9216_7680.jpg,TCGA-AG-3882,TCGA-AG-3882-01Z-00-DX1,0,7.0290385e-05,0
non-tumour/TCGA-AG-3882-01Z-00-DX1_9728_5632.jpg,TCGA-AG-3882,TCGA-AG-3882-01Z-00-DX1,0,0.003486637,0
non-tumour/TCGA-AG-3882-01Z-00-DX1_9728_6144.jpg,TCGA-AG-3882,TCGA-AG-3882-01Z-00-DX1,0,0.0026627623,0
non-tumour/TCGA-AG-3882-01Z-00-DX1_9728_6656.jpg,TCGA-AG-3882,TCGA-AG-3882-01Z-00-DX1,0,0.006051375,0
non-tumour/TCGA-CA-5796-01Z-00-DX1_10240_28160.jpg,TCGA-CA-5796,TCGA-CA-5796-01Z-00-DX1,0,0.22016689,0
non-tumour/TCGA-CA-5796-01Z-00-DX1_10240_28672.jpg,TCGA-CA-5796,TCGA-CA-5796-01Z-00-DX1,0,0.008779453,0
non-tumour/TCGA-CA-5796-01Z-00-DX1_10240_29184.jpg,TCGA-CA-5796,TCGA-CA-5796-01Z-00-DX1,0,0.29991564,0
non-tumour/TCGA-CA-5796-01Z-00-DX1_10240_30720.jpg,TCGA-CA-5796,TCGA-CA-5796-01Z-00-DX1,0,0.0033658333,0
non-tumour/TCGA-CA-5796-01Z-00-DX1_10240_31744.jpg,TCGA-CA-5796,TCGA-CA-5796-01Z-00-DX1,0,0.03499193,0
non-tumour/TCGA-CA-5796-01Z-00-DX1_10240_32256.jpg,TCGA-CA-5796,TCGA-CA-5796-01Z-00-DX1,0,0.0725675,0
non-tumour/TCGA-CA-5796-01Z-00-DX1_10240_32768.jpg,TCGA-CA-5796,TCGA-CA-5796-01Z-00-DX1,0,0.08357759,0
non-tumour/TCGA-CA-5796-01Z-00-DX1_10240_33280.jpg,TCGA-CA-5796,TCGA-CA-5796-01Z-00-DX1,0,0.24172194,0
non-tumour/TCGA-CA-5796-01Z-00-DX1_10240_33792.jpg,TCGA-CA-5796,TCGA-CA-5796-01Z-00-DX1,0,0.04337869,0
non-tumour/TCGA-CA-5796-01Z-00-DX1_10240_34816.jpg,TCGA-CA-5796,TCGA-CA-5796-01Z-00-DX1,0,0.03022212,0
non-tumour/TCGA-CA-5796-01Z-00-DX1_10240_35328.jpg,TCGA-CA-5796,TCGA-CA-5796-01Z-00-DX1,0,0.006348567,0
non-tumour/TCGA-CA-5796-01Z-00-DX1_10240_36864.jpg,TCGA-CA-5796,TCGA-CA-5796-01Z-00-DX1,0,0.02902882,0
non-tumour/TCGA-CA-5796-01Z-00-DX1_10240_37888.jpg,TCGA-CA-5796,TCGA-CA-5796-01Z-00-DX1,0,0.097325444,0
non-tumour/TCGA-CA-5796-01Z-00-DX1_10240_38400.jpg,TCGA-CA-5796,TCGA-CA-5796-01Z-00-DX1,0,0.13624023,0
non-tumour/TCGA-CA-5796-01Z-00-DX1_1024_30208.jpg,TCGA-CA-5796,TCGA-CA-5796-01Z-00-DX1,0,0.0020404398,0
non-tumour/TCGA-CA-5796-01Z-00-DX1_1024_30720.jpg,TCGA-CA-5796,TCGA-CA-5796-01Z-00-DX1,0,0.0014328532,0
non-tumour/TCGA-CA-5796-01Z-00-DX1_1024_31744.jpg,TCGA-CA-5796,TCGA-CA-5796-01Z-00-DX1,0,0.032409348,0
non-tumour/TCGA-CA-5796-01Z-00-DX1_10752_27648.jpg,TCGA-CA-5796,TCGA-CA-5796-01Z-00-DX1,0,0.019567369,0
non-tumour/TCGA-CA-5796-01Z-00-DX1_10752_28160.jpg,TCGA-CA-5796,TCGA-CA-5796-01Z-00-DX1,0,0.011824893,0
non-tumour/TCGA-CA-5796-01Z-00-DX1_10752_29696.jpg,TCGA-CA-5796,TCGA-CA-5796-01Z-00-DX1,0,0.011851149,0
non-tumour/TCGA-CA-5796-01Z-00-DX1_10752_30208.jpg,TCGA-CA-5796,TCGA-CA-5796-01Z-00-DX1,0,0.003348289,0
non-tumour/TCGA-CA-5796-01Z-00-DX1_10752_31232.jpg,TCGA-CA-5796,TCGA-CA-5796-01Z-00-DX1,0,0.004587723,0
non-tumour/TCGA-CA-5796-01Z-00-DX1_10752_31744.jpg,TCGA-CA-5796,TCGA-CA-5796-01Z-00-DX1,0,0.51487654,1
non-tumour/TCGA-CA-5796-01Z-00-DX1_10752_33792.jpg,TCGA-CA-5796,TCGA-CA-5796-01Z-00-DX1,0,0.0018795155,0
non-tumour/TCGA-CA-5796-01Z-00-DX1_10752_35328.jpg,TCGA-CA-5796,TCGA-CA-5796-01Z-00-DX1,0,0.012874778,0
non-tumour/TCGA-CA-5796-01Z-00-DX1_10752_36352.jpg,TCGA-CA-5796,TCGA-CA-5796-01Z-00-DX1,0,0.15206327,0
non-tumour/TCGA-CA-5796-01Z-00-DX1_10752_38400.jpg,TCGA-CA-5796,TCGA-CA-5796-01Z-00-DX1,0,0.43929353,0
non-tumour/TCGA-CA-5796-01Z-00-DX1_10752_38912.jpg,TCGA-CA-5796,TCGA-CA-5796-01Z-00-DX1,0,0.31932414,0
non-tumour/TCGA-CA-5796-01Z-00-DX1_11264_27648.jpg,TCGA-CA-5796,TCGA-CA-5796-01Z-00-DX1,0,0.04241899,0
non-tumour/TCGA-CA-5796-01Z-00-DX1_11264_28160.jpg,TCGA-CA-5796,TCGA-CA-5796-01Z-00-DX1,0,0.03363768,0
non-tumour/TCGA-CA-5796-01Z-00-DX1_11264_28672.jpg,TCGA-CA-5796,TCGA-CA-5796-01Z-00-DX1,0,0.0038913665,0
non-tumour/TCGA-CA-5796-01Z-00-DX1_11264_29184.jpg,TCGA-CA-5796,TCGA-CA-5796-01Z-00-DX1,0,0.086933896,0
non-tumour/TCGA-CA-5796-01Z-00-DX1_11264_29696.jpg,TCGA-CA-5796,TCGA-CA-5796-01Z-00-DX1,0,0.056846667,0
non-tumour/TCGA-CA-5796-01Z-00-DX1_11264_31232.jpg,TCGA-CA-5796,TCGA-CA-5796-01Z-00-DX1,0,0.0193221,0
non-tumour/TCGA-CA-5796-01Z-00-DX1_11264_31744.jpg,TCGA-CA-5796,TCGA-CA-5796-01Z-00-DX1,0,0.0037897648,0
non-tumour/TCGA-CA-5796-01Z-00-DX1_11264_33792.jpg,TCGA-CA-5796,TCGA-CA-5796-01Z-00-DX1,0,0.0010651372,0
non-tumour/TCGA-CA-5796-01Z-00-DX1_11264_35328.jpg,TCGA-CA-5796,TCGA-CA-5796-01Z-00-DX1,0,0.00558091,0
non-tumour/TCGA-CA-5796-01Z-00-DX1_11264_35840.jpg,TCGA-CA-5796,TCGA-CA-5796-01Z-00-DX1,0,0.014993338,0
non-tumour/TCGA-CA-5796-01Z-00-DX1_11264_37888.jpg,TCGA-CA-5796,TCGA-CA-5796-01Z-00-DX1,0,0.3740373,0
non-tumour/TCGA-CA-5796-01Z-00-DX1_11264_39424.jpg,TCGA-CA-5796,TCGA-CA-5796-01Z-00-DX1,0,0.2579496,0
non-tumour/TCGA-CA-5796-01Z-00-DX1_11264_40448.jpg,TCGA-CA-5796,TCGA-CA-5796-01Z-00-DX1,0,0.043048367,0
non-tumour/TCGA-CA-5796-01Z-00-DX1_11776_28160.jpg,TCGA-CA-5796,TCGA-CA-5796-01Z-00-DX1,0,0.12788695,0
non-tumour/TCGA-CA-5796-01Z-00-DX1_11776_28672.jpg,TCGA-CA-5796,TCGA-CA-5796-01Z-00-DX1,0,0.0038732893,0
non-tumour/TCGA-CA-5796-01Z-00-DX1_11776_29696.jpg,TCGA-CA-5796,TCGA-CA-5796-01Z-00-DX1,0,0.03017791,0
non-tumour/TCGA-CA-5796-01Z-00-DX1_11776_30208.jpg,TCGA-CA-5796,TCGA-CA-5796-01Z-00-DX1,0,0.015583303,0
non-tumour/TCGA-CA-5796-01Z-00-DX1_11776_30720.jpg,TCGA-CA-5796,TCGA-CA-5796-01Z-00-DX1,0,0.012785469,0
non-tumour/TCGA-CA-5796-01Z-00-DX1_11776_31232.jpg,TCGA-CA-5796,TCGA-CA-5796-01Z-00-DX1,0,0.012671283,0
non-tumour/TCGA-CA-5796-01Z-00-DX1_11776_31744.jpg,TCGA-CA-5796,TCGA-CA-5796-01Z-00-DX1,0,0.0017278361,0
non-tumour/TCGA-CA-5796-01Z-00-DX1_11776_32768.jpg,TCGA-CA-5796,TCGA-CA-5796-01Z-00-DX1,0,0.014606478,0
non-tumour/TCGA-CA-5796-01Z-00-DX1_11776_33280.jpg,TCGA-CA-5796,TCGA-CA-5796-01Z-00-DX1,0,0.011960562,0
non-tumour/TCGA-CA-5796-01Z-00-DX1_11776_34816.jpg,TCGA-CA-5796,TCGA-CA-5796-01Z-00-DX1,0,0.0032366998,0
non-tumour/TCGA-CA-5796-01Z-00-DX1_11776_35328.jpg,TCGA-CA-5796,TCGA-CA-5796-01Z-00-DX1,0,0.014740048,0
non-tumour/TCGA-CA-5796-01Z-00-DX1_11776_36864.jpg,TCGA-CA-5796,TCGA-CA-5796-01Z-00-DX1,0,0.040561963,0
non-tumour/TCGA-CA-5796-01Z-00-DX1_11776_37376.jpg,TCGA-CA-5796,TCGA-CA-5796-01Z-00-DX1,0,0.17729712,0
non-tumour/TCGA-CA-5796-01Z-00-DX1_11776_37888.jpg,TCGA-CA-5796,TCGA-CA-5796-01Z-00-DX1,0,0.15700546,0
non-tumour/TCGA-CA-5796-01Z-00-DX1_11776_38912.jpg,TCGA-CA-5796,TCGA-CA-5796-01Z-00-DX1,0,0.07048076,0
non-tumour/TCGA-CA-5796-01Z-00-DX1_11776_39424.jpg,TCGA-CA-5796,TCGA-CA-5796-01Z-00-DX1,0,0.13044873,0
non-tumour/TCGA-CA-5796-01Z-00-DX1_12288_15872.jpg,TCGA-CA-5796,TCGA-CA-5796-01Z-00-DX1,0,0.38114768,0
non-tumour/TCGA-CA-5796-01Z-00-DX1_12288_28672.jpg,TCGA-CA-5796,TCGA-CA-5796-01Z-00-DX1,0,0.005434582,0
non-tumour/TCGA-CA-5796-01Z-00-DX1_12288_29184.jpg,TCGA-CA-5796,TCGA-CA-5796-01Z-00-DX1,0,0.014242728,0
non-tumour/TCGA-CA-5796-01Z-00-DX1_12288_30208.jpg,TCGA-CA-5796,TCGA-CA-5796-01Z-00-DX1,0,0.02780218,0
non-tumour/TCGA-CA-5796-01Z-00-DX1_12288_30720.jpg,TCGA-CA-5796,TCGA-CA-5796-01Z-00-DX1,0,0.031476475,0
non-tumour/TCGA-CA-5796-01Z-00-DX1_12288_31232.jpg,TCGA-CA-5796,TCGA-CA-5796-01Z-00-DX1,0,0.07008969,0
non-tumour/TCGA-CA-5796-01Z-00-DX1_12288_31744.jpg,TCGA-CA-5796,TCGA-CA-5796-01Z-00-DX1,0,0.037420984,0
non-tumour/TCGA-CA-5796-01Z-00-DX1_12288_33280.jpg,TCGA-CA-5796,TCGA-CA-5796-01Z-00-DX1,0,0.028332835,0
non-tumour/TCGA-CA-5796-01Z-00-DX1_12288_35328.jpg,TCGA-CA-5796,TCGA-CA-5796-01Z-00-DX1,0,0.00549868,0
non-tumour/TCGA-CA-5796-01Z-00-DX1_12288_35840.jpg,TCGA-CA-5796,TCGA-CA-5796-01Z-00-DX1,0,0.009311513,0
non-tumour/TCGA-CA-5796-01Z-00-DX1_12288_36352.jpg,TCGA-CA-5796,TCGA-CA-5796-01Z-00-DX1,0,0.25251144,0
non-tumour/TCGA-CA-5796-01Z-00-DX1_12288_37376.jpg,TCGA-CA-5796,TCGA-CA-5796-01Z-00-DX1,0,0.33391637,0
non-tumour/TCGA-CA-5796-01Z-00-DX1_12288_38400.jpg,TCGA-CA-5796,TCGA-CA-5796-01Z-00-DX1,0,0.1543535,0
non-tumour/TCGA-CA-5796-01Z-00-DX1_12288_40448.jpg,TCGA-CA-5796,TCGA-CA-5796-01Z-00-DX1,0,0.87009585,1
non-tumour/TCGA-CA-5796-01Z-00-DX1_12800_16384.jpg,TCGA-CA-5796,TCGA-CA-5796-01Z-00-DX1,0,0.37113547,0
non-tumour/TCGA-CA-5796-01Z-00-DX1_12800_28672.jpg,TCGA-CA-5796,TCGA-CA-5796-01Z-00-DX1,0,0.019252753,0
non-tumour/TCGA-CA-5796-01Z-00-DX1_12800_30208.jpg,TCGA-CA-5796,TCGA-CA-5796-01Z-00-DX1,0,0.0374836,0
non-tumour/TCGA-CA-5796-01Z-00-DX1_12800_31744.jpg,TCGA-CA-5796,TCGA-CA-5796-01Z-00-DX1,0,0.00729199,0
non-tumour/TCGA-CA-5796-01Z-00-DX1_12800_32256.jpg,TCGA-CA-5796,TCGA-CA-5796-01Z-00-DX1,0,0.0503406,0
non-tumour/TCGA-CA-5796-01Z-00-DX1_12800_34304.jpg,TCGA-CA-5796,TCGA-CA-5796-01Z-00-DX1,0,0.05562525,0
non-tumour/TCGA-CA-5796-01Z-00-DX1_12800_34816.jpg,TCGA-CA-5796,TCGA-CA-5796-01Z-00-DX1,0,0.008968057,0
non-tumour/TCGA-CA-5796-01Z-00-DX1_12800_36864.jpg,TCGA-CA-5796,TCGA-CA-5796-01Z-00-DX1,0,0.020841006,0
non-tumour/TCGA-CA-5796-01Z-00-DX1_12800_37888.jpg,TCGA-CA-5796,TCGA-CA-5796-01Z-00-DX1,0,0.07470086,0
non-tumour/TCGA-CA-5796-01Z-00-DX1_12800_38400.jpg,TCGA-CA-5796,TCGA-CA-5796-01Z-00-DX1,0,0.04412389,0
non-tumour/TCGA-CA-5796-01Z-00-DX1_12800_39424.jpg,TCGA-CA-5796,TCGA-CA-5796-01Z-00-DX1,0,0.06042921,0
non-tumour/TCGA-CA-5796-01Z-00-DX1_12800_39936.jpg,TCGA-CA-5796,TCGA-CA-5796-01Z-00-DX1,0,0.6444194,1
non-tumour/TCGA-CA-5796-01Z-00-DX1_12800_40448.jpg,TCGA-CA-5796,TCGA-CA-5796-01Z-00-DX1,0,0.8465372,1
non-tumour/TCGA-CA-5796-01Z-00-DX1_13312_16384.jpg,TCGA-CA-5796,TCGA-CA-5796-01Z-00-DX1,0,0.04813131,0
non-tumour/TCGA-CA-5796-01Z-00-DX1_13312_16896.jpg,TCGA-CA-5796,TCGA-CA-5796-01Z-00-DX1,0,0.007046072,0
non-tumour/TCGA-CA-5796-01Z-00-DX1_13312_18944.jpg,TCGA-CA-5796,TCGA-CA-5796-01Z-00-DX1,0,0.07191314,0
non-tumour/TCGA-CA-5796-01Z-00-DX1_13312_19968.jpg,TCGA-CA-5796,TCGA-CA-5796-01Z-00-DX1,0,0.0016244404,0
non-tumour/TCGA-CA-5796-01Z-00-DX1_13312_27648.jpg,TCGA-CA-5796,TCGA-CA-5796-01Z-00-DX1,0,0.050503194,0
non-tumour/TCGA-CA-5796-01Z-00-DX1_13312_29184.jpg,TCGA-CA-5796,TCGA-CA-5796-01Z-00-DX1,0,0.006790353,0
non-tumour/TCGA-CA-5796-01Z-00-DX1_13312_30208.jpg,TCGA-CA-5796,TCGA-CA-5796-01Z-00-DX1,0,0.010837044,0
non-tumour/TCGA-CA-5796-01Z-00-DX1_13312_30720.jpg,TCGA-CA-5796,TCGA-CA-5796-01Z-00-DX1,0,0.006746088,0
non-tumour/TCGA-CA-5796-01Z-00-DX1_13312_31232.jpg,TCGA-CA-5796,TCGA-CA-5796-01Z-00-DX1,0,0.11486601,0
non-tumour/TCGA-CA-5796-01Z-00-DX1_13312_31744.jpg,TCGA-CA-5796,TCGA-CA-5796-01Z-00-DX1,0,0.04359513,0
non-tumour/TCGA-CA-5796-01Z-00-DX1_13312_32256.jpg,TCGA-CA-5796,TCGA-CA-5796-01Z-00-DX1,0,0.026413072,0
non-tumour/TCGA-CA-5796-01Z-00-DX1_13312_34304.jpg,TCGA-CA-5796,TCGA-CA-5796-01Z-00-DX1,0,0.067673415,0
non-tumour/TCGA-CA-5796-01Z-00-DX1_13312_36864.jpg,TCGA-CA-5796,TCGA-CA-5796-01Z-00-DX1,0,0.1243113,0
non-tumour/TCGA-CA-5796-01Z-00-DX1_13312_37376.jpg,TCGA-CA-5796,TCGA-CA-5796-01Z-00-DX1,0,0.015416053,0
non-tumour/TCGA-CA-5796-01Z-00-DX1_13312_37888.jpg,TCGA-CA-5796,TCGA-CA-5796-01Z-00-DX1,0,0.035935037,0
non-tumour/TCGA-CA-5796-01Z-00-DX1_13312_38400.jpg,TCGA-CA-5796,TCGA-CA-5796-01Z-00-DX1,0,0.30344126,0
non-tumour/TCGA-CA-5796-01Z-00-DX1_13312_39424.jpg,TCGA-CA-5796,TCGA-CA-5796-01Z-00-DX1,0,0.107193016,0
non-tumour/TCGA-CA-5796-01Z-00-DX1_13312_39936.jpg,TCGA-CA-5796,TCGA-CA-5796-01Z-00-DX1,0,0.20684877,0
non-tumour/TCGA-CA-5796-01Z-00-DX1_13312_40960.jpg,TCGA-CA-5796,TCGA-CA-5796-01Z-00-DX1,0,0.88604325,1
non-tumour/TCGA-CA-5796-01Z-00-DX1_13312_41472.jpg,TCGA-CA-5796,TCGA-CA-5796-01Z-00-DX1,0,0.7276574,1
non-tumour/TCGA-CA-5796-01Z-00-DX1_13824_16896.jpg,TCGA-CA-5796,TCGA-CA-5796-01Z-00-DX1,0,0.045208625,0
non-tumour/TCGA-CA-5796-01Z-00-DX1_13824_19968.jpg,TCGA-CA-5796,TCGA-CA-5796-01Z-00-DX1,0,0.1244181,0
non-tumour/TCGA-CA-5796-01Z-00-DX1_13824_20480.jpg,TCGA-CA-5796,TCGA-CA-5796-01Z-00-DX1,0,0.032247078,0
non-tumour/TCGA-CA-5796-01Z-00-DX1_13824_28160.jpg,TCGA-CA-5796,TCGA-CA-5796-01Z-00-DX1,0,0.009887108,0
non-tumour/TCGA-CA-5796-01Z-00-DX1_13824_28672.jpg,TCGA-CA-5796,TCGA-CA-5796-01Z-00-DX1,0,0.0037926303,0
non-tumour/TCGA-CA-5796-01Z-00-DX1_13824_30208.jpg,TCGA-CA-5796,TCGA-CA-5796-01Z-00-DX1,0,0.0071491897,0
non-tumour/TCGA-CA-5796-01Z-00-DX1_13824_30720.jpg,TCGA-CA-5796,TCGA-CA-5796-01Z-00-DX1,0,0.0806848,0
non-tumour/TCGA-CA-5796-01Z-00-DX1_13824_31744.jpg,TCGA-CA-5796,TCGA-CA-5796-01Z-00-DX1,0,0.01047246,0
non-tumour/TCGA-CA-5796-01Z-00-DX1_13824_32256.jpg,TCGA-CA-5796,TCGA-CA-5796-01Z-00-DX1,0,0.05495445,0
non-tumour/TCGA-CA-5796-01Z-00-DX1_13824_32768.jpg,TCGA-CA-5796,TCGA-CA-5796-01Z-00-DX1,0,0.016247787,0
non-tumour/TCGA-CA-5796-01Z-00-DX1_13824_33792.jpg,TCGA-CA-5796,TCGA-CA-5796-01Z-00-DX1,0,0.004751573,0
non-tumour/TCGA-CA-5796-01Z-00-DX1_13824_34816.jpg,TCGA-CA-5796,TCGA-CA-5796-01Z-00-DX1,0,0.31149867,0
non-tumour/TCGA-CA-5796-01Z-00-DX1_13824_35840.jpg,TCGA-CA-5796,TCGA-CA-5796-01Z-00-DX1,0,0.36333427,0
non-tumour/TCGA-CA-5796-01Z-00-DX1_13824_36352.jpg,TCGA-CA-5796,TCGA-CA-5796-01Z-00-DX1,0,0.0734218,0
non-tumour/TCGA-CA-5796-01Z-00-DX1_13824_37888.jpg,TCGA-CA-5796,TCGA-CA-5796-01Z-00-DX1,0,0.0685042,0
non-tumour/TCGA-CA-5796-01Z-00-DX1_13824_38400.jpg,TCGA-CA-5796,TCGA-CA-5796-01Z-00-DX1,0,0.37321904,0
non-tumour/TCGA-CA-5796-01Z-00-DX1_13824_38912.jpg,TCGA-CA-5796,TCGA-CA-5796-01Z-00-DX1,0,0.27619347,0
non-tumour/TCGA-CA-5796-01Z-00-DX1_13824_40448.jpg,TCGA-CA-5796,TCGA-CA-5796-01Z-00-DX1,0,0.6903579,1
non-tumour/TCGA-CA-5796-01Z-00-DX1_14336_16896.jpg,TCGA-CA-5796,TCGA-CA-5796-01Z-00-DX1,0,0.023665734,0
non-tumour/TCGA-CA-5796-01Z-00-DX1_14336_17408.jpg,TCGA-CA-5796,TCGA-CA-5796-01Z-00-DX1,0,0.031607687,0
non-tumour/TCGA-CA-5796-01Z-00-DX1_14336_18432.jpg,TCGA-CA-5796,TCGA-CA-5796-01Z-00-DX1,0,0.007099036,0
non-tumour/TCGA-CA-5796-01Z-00-DX1_14336_18944.jpg,TCGA-CA-5796,TCGA-CA-5796-01Z-00-DX1,0,0.020151077,0
non-tumour/TCGA-CA-5796-01Z-00-DX1_14336_19456.jpg,TCGA-CA-5796,TCGA-CA-5796-01Z-00-DX1,0,0.017097784,0
non-tumour/TCGA-CA-5796-01Z-00-DX1_14336_19968.jpg,TCGA-CA-5796,TCGA-CA-5796-01Z-00-DX1,0,0.07546144,0
non-tumour/TCGA-CA-5796-01Z-00-DX1_14336_29184.jpg,TCGA-CA-5796,TCGA-CA-5796-01Z-00-DX1,0,0.11630243,0
non-tumour/TCGA-CA-5796-01Z-00-DX1_14336_29696.jpg,TCGA-CA-5796,TCGA-CA-5796-01Z-00-DX1,0,0.067651734,0
non-tumour/TCGA-CA-5796-01Z-00-DX1_14336_30208.jpg,TCGA-CA-5796,TCGA-CA-5796-01Z-00-DX1,0,0.048236236,0
non-tumour/TCGA-CA-5796-01Z-00-DX1_14336_32256.jpg,TCGA-CA-5796,TCGA-CA-5796-01Z-00-DX1,0,0.006128939,0
non-tumour/TCGA-CA-5796-01Z-00-DX1_14336_34304.jpg,TCGA-CA-5796,TCGA-CA-5796-01Z-00-DX1,0,0.00890368,0
non-tumour/TCGA-CA-5796-01Z-00-DX1_14336_34816.jpg,TCGA-CA-5796,TCGA-CA-5796-01Z-00-DX1,0,0.013558685,0
non-tumour/TCGA-CA-5796-01Z-00-DX1_14336_35840.jpg,TCGA-CA-5796,TCGA-CA-5796-01Z-00-DX1,0,0.060241494,0
non-tumour/TCGA-CA-5796-01Z-00-DX1_14336_36352.jpg,TCGA-CA-5796,TCGA-CA-5796-01Z-00-DX1,0,0.024722949,0
non-tumour/TCGA-CA-5796-01Z-00-DX1_14336_37376.jpg,TCGA-CA-5796,TCGA-CA-5796-01Z-00-DX1,0,0.16642174,0
non-tumour/TCGA-CA-5796-01Z-00-DX1_14336_38400.jpg,TCGA-CA-5796,TCGA-CA-5796-01Z-00-DX1,0,0.0983476,0
non-tumour/TCGA-CA-5796-01Z-00-DX1_14336_39424.jpg,TCGA-CA-5796,TCGA-CA-5796-01Z-00-DX1,0,0.09926717,0
non-tumour/TCGA-CA-5796-01Z-00-DX1_14336_39936.jpg,TCGA-CA-5796,TCGA-CA-5796-01Z-00-DX1,0,0.37998044,0
non-tumour/TCGA-CA-5796-01Z-00-DX1_14336_40960.jpg,TCGA-CA-5796,TCGA-CA-5796-01Z-00-DX1,0,0.5507725,1
non-tumour/TCGA-CA-5796-01Z-00-DX1_14336_41472.jpg,TCGA-CA-5796,TCGA-CA-5796-01Z-00-DX1,0,0.8469773,1
non-tumour/TCGA-CA-5796-01Z-00-DX1_14848_16896.jpg,TCGA-CA-5796,TCGA-CA-5796-01Z-00-DX1,0,0.20238477,0
non-tumour/TCGA-CA-5796-01Z-00-DX1_14848_17408.jpg,TCGA-CA-5796,TCGA-CA-5796-01Z-00-DX1,0,0.077482864,0
non-tumour/TCGA-CA-5796-01Z-00-DX1_14848_17920.jpg,TCGA-CA-5796,TCGA-CA-5796-01Z-00-DX1,0,0.008380116,0
non-tumour/TCGA-CA-5796-01Z-00-DX1_14848_18944.jpg,TCGA-CA-5796,TCGA-CA-5796-01Z-00-DX1,0,0.0027473646,0
non-tumour/TCGA-CA-5796-01Z-00-DX1_14848_19456.jpg,TCGA-CA-5796,TCGA-CA-5796-01Z-00-DX1,0,0.03367257,0
non-tumour/TCGA-CA-5796-01Z-00-DX1_14848_28672.jpg,TCGA-CA-5796,TCGA-CA-5796-01Z-00-DX1,0,0.021937778,0
non-tumour/TCGA-CA-5796-01Z-00-DX1_14848_31232.jpg,TCGA-CA-5796,TCGA-CA-5796-01Z-00-DX1,0,0.0226476,0
non-tumour/TCGA-CA-5796-01Z-00-DX1_14848_31744.jpg,TCGA-CA-5796,TCGA-CA-5796-01Z-00-DX1,0,0.108543724,0
non-tumour/TCGA-CA-5796-01Z-00-DX1_14848_32256.jpg,TCGA-CA-5796,TCGA-CA-5796-01Z-00-DX1,0,0.018177865,0
non-tumour/TCGA-CA-5796-01Z-00-DX1_14848_32768.jpg,TCGA-CA-5796,TCGA-CA-5796-01Z-00-DX1,0,0.008820642,0
non-tumour/TCGA-CA-5796-01Z-00-DX1_14848_33792.jpg,TCGA-CA-5796,TCGA-CA-5796-01Z-00-DX1,0,0.01980728,0
non-tumour/TCGA-CA-5796-01Z-00-DX1_14848_34304.jpg,TCGA-CA-5796,TCGA-CA-5796-01Z-00-DX1,0,0.032949213,0
non-tumour/TCGA-CA-5796-01Z-00-DX1_14848_35328.jpg,TCGA-CA-5796,TCGA-CA-5796-01Z-00-DX1,0,0.030499212,0
non-tumour/TCGA-CA-5796-01Z-00-DX1_14848_35840.jpg,TCGA-CA-5796,TCGA-CA-5796-01Z-00-DX1,0,0.015925871,0
non-tumour/TCGA-CA-5796-01Z-00-DX1_14848_37376.jpg,TCGA-CA-5796,TCGA-CA-5796-01Z-00-DX1,0,0.05983355,0
non-tumour/TCGA-CA-5796-01Z-00-DX1_14848_37888.jpg,TCGA-CA-5796,TCGA-CA-5796-01Z-00-DX1,0,0.06687452,0
non-tumour/TCGA-CA-5796-01Z-00-DX1_14848_38400.jpg,TCGA-CA-5796,TCGA-CA-5796-01Z-00-DX1,0,0.046340503,0
non-tumour/TCGA-CA-5796-01Z-00-DX1_14848_39424.jpg,TCGA-CA-5796,TCGA-CA-5796-01Z-00-DX1,0,0.042994108,0
non-tumour/TCGA-CA-5796-01Z-00-DX1_14848_40960.jpg,TCGA-CA-5796,TCGA-CA-5796-01Z-00-DX1,0,0.17853825,0
non-tumour/TCGA-CA-5796-01Z-00-DX1_15360_15360.jpg,TCGA-CA-5796,TCGA-CA-5796-01Z-00-DX1,0,0.11341349,0
non-tumour/TCGA-CA-5796-01Z-00-DX1_15360_15872.jpg,TCGA-CA-5796,TCGA-CA-5796-01Z-00-DX1,0,0.10324982,0
non-tumour/TCGA-CA-5796-01Z-00-DX1_15360_16384.jpg,TCGA-CA-5796,TCGA-CA-5796-01Z-00-DX1,0,0.06004253,0
non-tumour/TCGA-CA-5796-01Z-00-DX1_15360_16896.jpg,TCGA-CA-5796,TCGA-CA-5796-01Z-00-DX1,0,0.056687057,0
non-tumour/TCGA-CA-5796-01Z-00-DX1_15360_19968.jpg,TCGA-CA-5796,TCGA-CA-5796-01Z-00-DX1,0,0.11603284,0
non-tumour/TCGA-CA-5796-01Z-00-DX1_15360_29184.jpg,TCGA-CA-5796,TCGA-CA-5796-01Z-00-DX1,0,0.020059789,0
non-tumour/TCGA-CA-5796-01Z-00-DX1_15360_29696.jpg,TCGA-CA-5796,TCGA-CA-5796-01Z-00-DX1,0,0.01635419,0
non-tumour/TCGA-CA-5796-01Z-00-DX1_15360_30208.jpg,TCGA-CA-5796,TCGA-CA-5796-01Z-00-DX1,0,0.030979449,0
non-tumour/TCGA-CA-5796-01Z-00-DX1_15360_30720.jpg,TCGA-CA-5796,TCGA-CA-5796-01Z-00-DX1,0,0.0059066573,0
non-tumour/TCGA-CA-5796-01Z-00-DX1_15360_31232.jpg,TCGA-CA-5796,TCGA-CA-5796-01Z-00-DX1,0,0.013471456,0
non-tumour/TCGA-CA-5796-01Z-00-DX1_15360_32256.jpg,TCGA-CA-5796,TCGA-CA-5796-01Z-00-DX1,0,0.6879942,1
non-tumour/TCGA-CA-5796-01Z-00-DX1_15360_33280.jpg,TCGA-CA-5796,TCGA-CA-5796-01Z-00-DX1,0,0.100132465,0
non-tumour/TCGA-CA-5796-01Z-00-DX1_15360_34304.jpg,TCGA-CA-5796,TCGA-CA-5796-01Z-00-DX1,0,0.0045550284,0
non-tumour/TCGA-CA-5796-01Z-00-DX1_15360_35840.jpg,TCGA-CA-5796,TCGA-CA-5796-01Z-00-DX1,0,0.04026938,0
non-tumour/TCGA-CA-5796-01Z-00-DX1_15360_36352.jpg,TCGA-CA-5796,TCGA-CA-5796-01Z-00-DX1,0,0.006217202,0
non-tumour/TCGA-CA-5796-01Z-00-DX1_15360_37376.jpg,TCGA-CA-5796,TCGA-CA-5796-01Z-00-DX1,0,0.0049289754,0
non-tumour/TCGA-CA-5796-01Z-00-DX1_15360_39424.jpg,TCGA-CA-5796,TCGA-CA-5796-01Z-00-DX1,0,0.10088422,0
non-tumour/TCGA-CA-5796-01Z-00-DX1_15360_40448.jpg,TCGA-CA-5796,TCGA-CA-5796-01Z-00-DX1,0,0.19512846,0
non-tumour/TCGA-CA-5796-01Z-00-DX1_15360_41472.jpg,TCGA-CA-5796,TCGA-CA-5796-01Z-00-DX1,0,0.31766024,0
non-tumour/TCGA-CA-5796-01Z-00-DX1_1536_28160.jpg,TCGA-CA-5796,TCGA-CA-5796-01Z-00-DX1,0,0.0065006968,0
non-tumour/TCGA-CA-5796-01Z-00-DX1_1536_33280.jpg,TCGA-CA-5796,TCGA-CA-5796-01Z-00-DX1,0,0.13892257,0
non-tumour/TCGA-CA-5796-01Z-00-DX1_15872_16384.jpg,TCGA-CA-5796,TCGA-CA-5796-01Z-00-DX1,0,0.0102133965,0
non-tumour/TCGA-CA-5796-01Z-00-DX1_15872_16896.jpg,TCGA-CA-5796,TCGA-CA-5796-01Z-00-DX1,0,0.006307499,0
non-tumour/TCGA-CA-5796-01Z-00-DX1_15872_17408.jpg,TCGA-CA-5796,TCGA-CA-5796-01Z-00-DX1,0,0.32323363,0
non-tumour/TCGA-CA-5796-01Z-00-DX1_15872_17920.jpg,TCGA-CA-5796,TCGA-CA-5796-01Z-00-DX1,0,0.61379945,1
non-tumour/TCGA-CA-5796-01Z-00-DX1_15872_18432.jpg,TCGA-CA-5796,TCGA-CA-5796-01Z-00-DX1,0,0.6990289,1
non-tumour/TCGA-CA-5796-01Z-00-DX1_15872_18944.jpg,TCGA-CA-5796,TCGA-CA-5796-01Z-00-DX1,0,0.10507165,0
non-tumour/TCGA-CA-5796-01Z-00-DX1_15872_19456.jpg,TCGA-CA-5796,TCGA-CA-5796-01Z-00-DX1,0,0.1519962,0
non-tumour/TCGA-CA-5796-01Z-00-DX1_15872_19968.jpg,TCGA-CA-5796,TCGA-CA-5796-01Z-00-DX1,0,0.15169786,0
non-tumour/TCGA-CA-5796-01Z-00-DX1_15872_27648.jpg,TCGA-CA-5796,TCGA-CA-5796-01Z-00-DX1,0,0.010707721,0
non-tumour/TCGA-CA-5796-01Z-00-DX1_15872_28672.jpg,TCGA-CA-5796,TCGA-CA-5796-01Z-00-DX1,0,0.1807148,0
non-tumour/TCGA-CA-5796-01Z-00-DX1_15872_29184.jpg,TCGA-CA-5796,TCGA-CA-5796-01Z-00-DX1,0,0.08627843,0
non-tumour/TCGA-CA-5796-01Z-00-DX1_15872_30208.jpg,TCGA-CA-5796,TCGA-CA-5796-01Z-00-DX1,0,0.076171644,0
non-tumour/TCGA-CA-5796-01Z-00-DX1_15872_30720.jpg,TCGA-CA-5796,TCGA-CA-5796-01Z-00-DX1,0,0.010213011,0
non-tumour/TCGA-CA-5796-01Z-00-DX1_15872_32768.jpg,TCGA-CA-5796,TCGA-CA-5796-01Z-00-DX1,0,0.010460138,0
non-tumour/TCGA-CA-5796-01Z-00-DX1_15872_33792.jpg,TCGA-CA-5796,TCGA-CA-5796-01Z-00-DX1,0,0.021031793,0
non-tumour/TCGA-CA-5796-01Z-00-DX1_15872_35328.jpg,TCGA-CA-5796,TCGA-CA-5796-01Z-00-DX1,0,0.047739763,0
non-tumour/TCGA-CA-5796-01Z-00-DX1_15872_35840.jpg,TCGA-CA-5796,TCGA-CA-5796-01Z-00-DX1,0,0.020902272,0
non-tumour/TCGA-CA-5796-01Z-00-DX1_15872_36864.jpg,TCGA-CA-5796,TCGA-CA-5796-01Z-00-DX1,0,0.02682871,0
non-tumour/TCGA-CA-5796-01Z-00-DX1_15872_37888.jpg,TCGA-CA-5796,TCGA-CA-5796-01Z-00-DX1,0,0.033791076,0
non-tumour/TCGA-CA-5796-01Z-00-DX1_15872_38400.jpg,TCGA-CA-5796,TCGA-CA-5796-01Z-00-DX1,0,0.17676578,0
non-tumour/TCGA-CA-5796-01Z-00-DX1_15872_39936.jpg,TCGA-CA-5796,TCGA-CA-5796-01Z-00-DX1,0,0.29184362,0
non-tumour/TCGA-CA-5796-01Z-00-DX1_15872_40448.jpg,TCGA-CA-5796,TCGA-CA-5796-01Z-00-DX1,0,0.25880414,0
non-tumour/TCGA-CA-5796-01Z-00-DX1_16384_14336.jpg,TCGA-CA-5796,TCGA-CA-5796-01Z-00-DX1,0,0.008865294,0
non-tumour/TCGA-CA-5796-01Z-00-DX1_16384_14848.jpg,TCGA-CA-5796,TCGA-CA-5796-01Z-00-DX1,0,0.007112567,0
non-tumour/TCGA-CA-5796-01Z-00-DX1_16384_15360.jpg,TCGA-CA-5796,TCGA-CA-5796-01Z-00-DX1,0,0.017450765,0
non-tumour/TCGA-CA-5796-01Z-00-DX1_16384_17408.jpg,TCGA-CA-5796,TCGA-CA-5796-01Z-00-DX1,0,0.09830456,0
non-tumour/TCGA-CA-5796-01Z-00-DX1_16384_18432.jpg,TCGA-CA-5796,TCGA-CA-5796-01Z-00-DX1,0,0.1495577,0
non-tumour/TCGA-CA-5796-01Z-00-DX1_16384_18944.jpg,TCGA-CA-5796,TCGA-CA-5796-01Z-00-DX1,0,0.16315265,0
non-tumour/TCGA-CA-5796-01Z-00-DX1_16384_19456.jpg,TCGA-CA-5796,TCGA-CA-5796-01Z-00-DX1,0,0.10130896,0
non-tumour/TCGA-CA-5796-01Z-00-DX1_16384_27648.jpg,TCGA-CA-5796,TCGA-CA-5796-01Z-00-DX1,0,0.122682914,0
non-tumour/TCGA-CA-5796-01Z-00-DX1_16384_29696.jpg,TCGA-CA-5796,TCGA-CA-5796-01Z-00-DX1,0,0.1357479,0
non-tumour/TCGA-CA-5796-01Z-00-DX1_16384_30720.jpg,TCGA-CA-5796,TCGA-CA-5796-01Z-00-DX1,0,0.030889763,0
non-tumour/TCGA-CA-5796-01Z-00-DX1_16384_31232.jpg,TCGA-CA-5796,TCGA-CA-5796-01Z-00-DX1,0,0.007217137,0
non-tumour/TCGA-CA-5796-01Z-00-DX1_16384_31744.jpg,TCGA-CA-5796,TCGA-CA-5796-01Z-00-DX1,0,0.016646944,0
non-tumour/TCGA-CA-5796-01Z-00-DX1_16384_32256.jpg,TCGA-CA-5796,TCGA-CA-5796-01Z-00-DX1,0,0.07817767,0
non-tumour/TCGA-CA-5796-01Z-00-DX1_16384_32768.jpg,TCGA-CA-5796,TCGA-CA-5796-01Z-00-DX1,0,0.12729889,0
non-tumour/TCGA-CA-5796-01Z-00-DX1_16384_33280.jpg,TCGA-CA-5796,TCGA-CA-5796-01Z-00-DX1,0,0.01995443,0
non-tumour/TCGA-CA-5796-01Z-00-DX1_16384_34816.jpg,TCGA-CA-5796,TCGA-CA-5796-01Z-00-DX1,0,0.14323501,0
non-tumour/TCGA-CA-5796-01Z-00-DX1_16384_35840.jpg,TCGA-CA-5796,TCGA-CA-5796-01Z-00-DX1,0,0.021638196,0
non-tumour/TCGA-CA-5796-01Z-00-DX1_16384_36352.jpg,TCGA-CA-5796,TCGA-CA-5796-01Z-00-DX1,0,0.11821075,0
non-tumour/TCGA-CA-5796-01Z-00-DX1_16384_40448.jpg,TCGA-CA-5796,TCGA-CA-5796-01Z-00-DX1,0,0.09751106,0
non-tumour/TCGA-CA-5796-01Z-00-DX1_16896_13824.jpg,TCGA-CA-5796,TCGA-CA-5796-01Z-00-DX1,0,0.05228272,0
non-tumour/TCGA-CA-5796-01Z-00-DX1_16896_14336.jpg,TCGA-CA-5796,TCGA-CA-5796-01Z-00-DX1,0,0.11097498,0
non-tumour/TCGA-CA-5796-01Z-00-DX1_16896_14848.jpg,TCGA-CA-5796,TCGA-CA-5796-01Z-00-DX1,0,0.049117435,0
non-tumour/TCGA-CA-5796-01Z-00-DX1_16896_15360.jpg,TCGA-CA-5796,TCGA-CA-5796-01Z-00-DX1,0,0.022918427,0
non-tumour/TCGA-CA-5796-01Z-00-DX1_16896_15872.jpg,TCGA-CA-5796,TCGA-CA-5796-01Z-00-DX1,0,0.02403504,0
non-tumour/TCGA-CA-5796-01Z-00-DX1_16896_16384.jpg,TCGA-CA-5796,TCGA-CA-5796-01Z-00-DX1,0,0.0026306466,0
non-tumour/TCGA-CA-5796-01Z-00-DX1_16896_16896.jpg,TCGA-CA-5796,TCGA-CA-5796-01Z-00-DX1,0,0.8197036,1
non-tumour/TCGA-CA-5796-01Z-00-DX1_16896_19456.jpg,TCGA-CA-5796,TCGA-CA-5796-01Z-00-DX1,0,0.04413401,0
non-tumour/TCGA-CA-5796-01Z-00-DX1_16896_19968.jpg,TCGA-CA-5796,TCGA-CA-5796-01Z-00-DX1,0,0.11057639,0
non-tumour/TCGA-CA-5796-01Z-00-DX1_16896_27648.jpg,TCGA-CA-5796,TCGA-CA-5796-01Z-00-DX1,0,0.006162771,0
non-tumour/TCGA-CA-5796-01Z-00-DX1_16896_28160.jpg,TCGA-CA-5796,TCGA-CA-5796-01Z-00-DX1,0,0.0033511242,0
non-tumour/TCGA-CA-5796-01Z-00-DX1_16896_28672.jpg,TCGA-CA-5796,TCGA-CA-5796-01Z-00-DX1,0,0.005240944,0
non-tumour/TCGA-CA-5796-01Z-00-DX1_16896_29184.jpg,TCGA-CA-5796,TCGA-CA-5796-01Z-00-DX1,0,0.0011709705,0
non-tumour/TCGA-CA-5796-01Z-00-DX1_16896_29696.jpg,TCGA-CA-5796,TCGA-CA-5796-01Z-00-DX1,0,0.008830591,0
non-tumour/TCGA-CA-5796-01Z-00-DX1_16896_30208.jpg,TCGA-CA-5796,TCGA-CA-5796-01Z-00-DX1,0,0.025755456,0
non-tumour/TCGA-CA-5796-01Z-00-DX1_16896_31744.jpg,TCGA-CA-5796,TCGA-CA-5796-01Z-00-DX1,0,0.065222725,0
non-tumour/TCGA-CA-5796-01Z-00-DX1_16896_32256.jpg,TCGA-CA-5796,TCGA-CA-5796-01Z-00-DX1,0,0.7472363,1
non-tumour/TCGA-CA-5796-01Z-00-DX1_16896_32768.jpg,TCGA-CA-5796,TCGA-CA-5796-01Z-00-DX1,0,0.623136,1
non-tumour/TCGA-CA-5796-01Z-00-DX1_16896_33792.jpg,TCGA-CA-5796,TCGA-CA-5796-01Z-00-DX1,0,0.2656595,0
non-tumour/TCGA-CA-5796-01Z-00-DX1_16896_35328.jpg,TCGA-CA-5796,TCGA-CA-5796-01Z-00-DX1,0,0.022213066,0
non-tumour/TCGA-CA-5796-01Z-00-DX1_16896_35840.jpg,TCGA-CA-5796,TCGA-CA-5796-01Z-00-DX1,0,0.0022334387,0
non-tumour/TCGA-CA-5796-01Z-00-DX1_16896_37888.jpg,TCGA-CA-5796,TCGA-CA-5796-01Z-00-DX1,0,0.014366007,0
non-tumour/TCGA-CA-5796-01Z-00-DX1_16896_38400.jpg,TCGA-CA-5796,TCGA-CA-5796-01Z-00-DX1,0,0.052217122,0
non-tumour/TCGA-CA-5796-01Z-00-DX1_16896_38912.jpg,TCGA-CA-5796,TCGA-CA-5796-01Z-00-DX1,0,0.028837528,0
non-tumour/TCGA-CA-5796-01Z-00-DX1_16896_39424.jpg,TCGA-CA-5796,TCGA-CA-5796-01Z-00-DX1,0,0.1155787,0
non-tumour/TCGA-CA-5796-01Z-00-DX1_16896_39936.jpg,TCGA-CA-5796,TCGA-CA-5796-01Z-00-DX1,0,0.34128523,0
non-tumour/TCGA-CA-5796-01Z-00-DX1_17408_13824.jpg,TCGA-CA-5796,TCGA-CA-5796-01Z-00-DX1,0,0.046549875,0
non-tumour/TCGA-CA-5796-01Z-00-DX1_17408_17408.jpg,TCGA-CA-5796,TCGA-CA-5796-01Z-00-DX1,0,0.05134071,0
non-tumour/TCGA-CA-5796-01Z-00-DX1_17408_17920.jpg,TCGA-CA-5796,TCGA-CA-5796-01Z-00-DX1,0,0.053272806,0
non-tumour/TCGA-CA-5796-01Z-00-DX1_17408_18432.jpg,TCGA-CA-5796,TCGA-CA-5796-01Z-00-DX1,0,0.3272834,0
non-tumour/TCGA-CA-5796-01Z-00-DX1_17408_18944.jpg,TCGA-CA-5796,TCGA-CA-5796-01Z-00-DX1,0,0.78269345,1
non-tumour/TCGA-CA-5796-01Z-00-DX1_17408_19456.jpg,TCGA-CA-5796,TCGA-CA-5796-01Z-00-DX1,0,0.23568505,0
non-tumour/TCGA-CA-5796-01Z-00-DX1_17408_20480.jpg,TCGA-CA-5796,TCGA-CA-5796-01Z-00-DX1,0,0.09362462,0
non-tumour/TCGA-CA-5796-01Z-00-DX1_17408_27648.jpg,TCGA-CA-5796,TCGA-CA-5796-01Z-00-DX1,0,0.24459122,0
non-tumour/TCGA-CA-5796-01Z-00-DX1_17408_28672.jpg,TCGA-CA-5796,TCGA-CA-5796-01Z-00-DX1,0,0.07057614,0
non-tumour/TCGA-CA-5796-01Z-00-DX1_17408_29696.jpg,TCGA-CA-5796,TCGA-CA-5796-01Z-00-DX1,0,0.014250149,0
non-tumour/TCGA-CA-5796-01Z-00-DX1_17408_30208.jpg,TCGA-CA-5796,TCGA-CA-5796-01Z-00-DX1,0,0.021195222,0
non-tumour/TCGA-CA-5796-01Z-00-DX1_17408_30720.jpg,TCGA-CA-5796,TCGA-CA-5796-01Z-00-DX1,0,0.00554882,0
non-tumour/TCGA-CA-5796-01Z-00-DX1_17408_32256.jpg,TCGA-CA-5796,TCGA-CA-5796-01Z-00-DX1,0,0.046594933,0
non-tumour/TCGA-CA-5796-01Z-00-DX1_17408_33792.jpg,TCGA-CA-5796,TCGA-CA-5796-01Z-00-DX1,0,0.26919407,0
non-tumour/TCGA-CA-5796-01Z-00-DX1_17408_35840.jpg,TCGA-CA-5796,TCGA-CA-5796-01Z-00-DX1,0,0.10550382,0
non-tumour/TCGA-CA-5796-01Z-00-DX1_17408_36864.jpg,TCGA-CA-5796,TCGA-CA-5796-01Z-00-DX1,0,0.22850336,0
non-tumour/TCGA-CA-5796-01Z-00-DX1_17408_37888.jpg,TCGA-CA-5796,TCGA-CA-5796-01Z-00-DX1,0,0.008806258,0
non-tumour/TCGA-CA-5796-01Z-00-DX1_17408_38400.jpg,TCGA-CA-5796,TCGA-CA-5796-01Z-00-DX1,0,0.3657533,0
non-tumour/TCGA-CA-5796-01Z-00-DX1_17920_13824.jpg,TCGA-CA-5796,TCGA-CA-5796-01Z-00-DX1,0,0.035495117,0
non-tumour/TCGA-CA-5796-01Z-00-DX1_17920_14848.jpg,TCGA-CA-5796,TCGA-CA-5796-01Z-00-DX1,0,0.31980443,0
non-tumour/TCGA-CA-5796-01Z-00-DX1_17920_19456.jpg,TCGA-CA-5796,TCGA-CA-5796-01Z-00-DX1,0,0.08172244,0
non-tumour/TCGA-CA-5796-01Z-00-DX1_17920_19968.jpg,TCGA-CA-5796,TCGA-CA-5796-01Z-00-DX1,0,0.21253507,0
non-tumour/TCGA-CA-5796-01Z-00-DX1_17920_20480.jpg,TCGA-CA-5796,TCGA-CA-5796-01Z-00-DX1,0,0.15970384,0
non-tumour/TCGA-CA-5796-01Z-00-DX1_17920_27648.jpg,TCGA-CA-5796,TCGA-CA-5796-01Z-00-DX1,0,0.034412388,0
non-tumour/TCGA-CA-5796-01Z-00-DX1_17920_28160.jpg,TCGA-CA-5796,TCGA-CA-5796-01Z-00-DX1,0,0.022414811,0
non-tumour/TCGA-CA-5796-01Z-00-DX1_17920_29696.jpg,TCGA-CA-5796,TCGA-CA-5796-01Z-00-DX1,0,0.29853532,0
non-tumour/TCGA-CA-5796-01Z-00-DX1_17920_30208.jpg,TCGA-CA-5796,TCGA-CA-5796-01Z-00-DX1,0,0.011081551,0
non-tumour/TCGA-CA-5796-01Z-00-DX1_17920_32256.jpg,TCGA-CA-5796,TCGA-CA-5796-01Z-00-DX1,0,0.09605436,0
non-tumour/TCGA-CA-5796-01Z-00-DX1_17920_33280.jpg,TCGA-CA-5796,TCGA-CA-5796-01Z-00-DX1,0,0.025021527,0
non-tumour/TCGA-CA-5796-01Z-00-DX1_17920_33792.jpg,TCGA-CA-5796,TCGA-CA-5796-01Z-00-DX1,0,0.3533035,0
non-tumour/TCGA-CA-5796-01Z-00-DX1_17920_34304.jpg,TCGA-CA-5796,TCGA-CA-5796-01Z-00-DX1,0,0.22395656,0
non-tumour/TCGA-CA-5796-01Z-00-DX1_17920_34816.jpg,TCGA-CA-5796,TCGA-CA-5796-01Z-00-DX1,0,0.4211182,0
non-tumour/TCGA-CA-5796-01Z-00-DX1_17920_36864.jpg,TCGA-CA-5796,TCGA-CA-5796-01Z-00-DX1,0,0.21019533,0
non-tumour/TCGA-CA-5796-01Z-00-DX1_17920_37376.jpg,TCGA-CA-5796,TCGA-CA-5796-01Z-00-DX1,0,0.014645009,0
non-tumour/TCGA-CA-5796-01Z-00-DX1_17920_38912.jpg,TCGA-CA-5796,TCGA-CA-5796-01Z-00-DX1,0,0.0075957226,0
non-tumour/TCGA-CA-5796-01Z-00-DX1_18432_19456.jpg,TCGA-CA-5796,TCGA-CA-5796-01Z-00-DX1,0,0.0506063,0
non-tumour/TCGA-CA-5796-01Z-00-DX1_18432_20480.jpg,TCGA-CA-5796,TCGA-CA-5796-01Z-00-DX1,0,0.5915724,1
non-tumour/TCGA-CA-5796-01Z-00-DX1_18432_27648.jpg,TCGA-CA-5796,TCGA-CA-5796-01Z-00-DX1,0,0.4890942,0
non-tumour/TCGA-CA-5796-01Z-00-DX1_18432_30208.jpg,TCGA-CA-5796,TCGA-CA-5796-01Z-00-DX1,0,0.019268539,0
non-tumour/TCGA-CA-5796-01Z-00-DX1_18432_31744.jpg,TCGA-CA-5796,TCGA-CA-5796-01Z-00-DX1,0,0.060972612,0
non-tumour/TCGA-CA-5796-01Z-00-DX1_18432_32768.jpg,TCGA-CA-5796,TCGA-CA-5796-01Z-00-DX1,0,0.79245466,1
non-tumour/TCGA-CA-5796-01Z-00-DX1_18432_34816.jpg,TCGA-CA-5796,TCGA-CA-5796-01Z-00-DX1,0,0.06563111,0
non-tumour/TCGA-CA-5796-01Z-00-DX1_18432_36352.jpg,TCGA-CA-5796,TCGA-CA-5796-01Z-00-DX1,0,0.038506627,0
non-tumour/TCGA-CA-5796-01Z-00-DX1_18432_37888.jpg,TCGA-CA-5796,TCGA-CA-5796-01Z-00-DX1,0,0.0376475,0
non-tumour/TCGA-CA-5796-01Z-00-DX1_18944_18944.jpg,TCGA-CA-5796,TCGA-CA-5796-01Z-00-DX1,0,0.045005478,0
non-tumour/TCGA-CA-5796-01Z-00-DX1_18944_19968.jpg,TCGA-CA-5796,TCGA-CA-5796-01Z-00-DX1,0,0.016967375,0
non-tumour/TCGA-CA-5796-01Z-00-DX1_18944_20480.jpg,TCGA-CA-5796,TCGA-CA-5796-01Z-00-DX1,0,0.034421075,0
non-tumour/TCGA-CA-5796-01Z-00-DX1_18944_20992.jpg,TCGA-CA-5796,TCGA-CA-5796-01Z-00-DX1,0,0.67524135,1
non-tumour/TCGA-CA-5796-01Z-00-DX1_18944_28160.jpg,TCGA-CA-5796,TCGA-CA-5796-01Z-00-DX1,0,0.3432814,0
non-tumour/TCGA-CA-5796-01Z-00-DX1_18944_28672.jpg,TCGA-CA-5796,TCGA-CA-5796-01Z-00-DX1,0,0.056068916,0
non-tumour/TCGA-CA-5796-01Z-00-DX1_18944_29696.jpg,TCGA-CA-5796,TCGA-CA-5796-01Z-00-DX1,0,0.008427736,0
non-tumour/TCGA-CA-5796-01Z-00-DX1_18944_30208.jpg,TCGA-CA-5796,TCGA-CA-5796-01Z-00-DX1,0,0.1402758,0
non-tumour/TCGA-CA-5796-01Z-00-DX1_18944_30720.jpg,TCGA-CA-5796,TCGA-CA-5796-01Z-00-DX1,0,0.07875073,0
non-tumour/TCGA-CA-5796-01Z-00-DX1_18944_31232.jpg,TCGA-CA-5796,TCGA-CA-5796-01Z-00-DX1,0,0.2083435,0
non-tumour/TCGA-CA-5796-01Z-00-DX1_18944_31744.jpg,TCGA-CA-5796,TCGA-CA-5796-01Z-00-DX1,0,0.00448559,0
non-tumour/TCGA-CA-5796-01Z-00-DX1_18944_32256.jpg,TCGA-CA-5796,TCGA-CA-5796-01Z-00-DX1,0,0.6340876,1
non-tumour/TCGA-CA-5796-01Z-00-DX1_18944_33792.jpg,TCGA-CA-5796,TCGA-CA-5796-01Z-00-DX1,0,0.061508875,0
non-tumour/TCGA-CA-5796-01Z-00-DX1_18944_34816.jpg,TCGA-CA-5796,TCGA-CA-5796-01Z-00-DX1,0,0.17591202,0
non-tumour/TCGA-CA-5796-01Z-00-DX1_18944_35328.jpg,TCGA-CA-5796,TCGA-CA-5796-01Z-00-DX1,0,0.031348776,0
non-tumour/TCGA-CA-5796-01Z-00-DX1_18944_36352.jpg,TCGA-CA-5796,TCGA-CA-5796-01Z-00-DX1,0,0.0037597285,0
non-tumour/TCGA-CA-5796-01Z-00-DX1_18944_36864.jpg,TCGA-CA-5796,TCGA-CA-5796-01Z-00-DX1,0,0.003831539,0
non-tumour/TCGA-CA-5796-01Z-00-DX1_18944_37888.jpg,TCGA-CA-5796,TCGA-CA-5796-01Z-00-DX1,0,0.005322563,0
non-tumour/TCGA-CA-5796-01Z-00-DX1_18944_38400.jpg,TCGA-CA-5796,TCGA-CA-5796-01Z-00-DX1,0,0.0014004516,0
non-tumour/TCGA-CA-5796-01Z-00-DX1_18944_38912.jpg,TCGA-CA-5796,TCGA-CA-5796-01Z-00-DX1,0,0.047600303,0
non-tumour/TCGA-CA-5796-01Z-00-DX1_19456_18432.jpg,TCGA-CA-5796,TCGA-CA-5796-01Z-00-DX1,0,0.038956873,0
non-tumour/TCGA-CA-5796-01Z-00-DX1_19456_18944.jpg,TCGA-CA-5796,TCGA-CA-5796-01Z-00-DX1,0,0.1491605,0
non-tumour/TCGA-CA-5796-01Z-00-DX1_19456_19456.jpg,TCGA-CA-5796,TCGA-CA-5796-01Z-00-DX1,0,0.17790392,0
non-tumour/TCGA-CA-5796-01Z-00-DX1_19456_19968.jpg,TCGA-CA-5796,TCGA-CA-5796-01Z-00-DX1,0,0.62837166,1
non-tumour/TCGA-CA-5796-01Z-00-DX1_19456_20480.jpg,TCGA-CA-5796,TCGA-CA-5796-01Z-00-DX1,0,0.08261143,0
non-tumour/TCGA-CA-5796-01Z-00-DX1_19456_28160.jpg,TCGA-CA-5796,TCGA-CA-5796-01Z-00-DX1,0,0.061889246,0
non-tumour/TCGA-CA-5796-01Z-00-DX1_19456_28672.jpg,TCGA-CA-5796,TCGA-CA-5796-01Z-00-DX1,0,0.30253366,0
non-tumour/TCGA-CA-5796-01Z-00-DX1_19456_30208.jpg,TCGA-CA-5796,TCGA-CA-5796-01Z-00-DX1,0,0.029933425,0
non-tumour/TCGA-CA-5796-01Z-00-DX1_19456_31744.jpg,TCGA-CA-5796,TCGA-CA-5796-01Z-00-DX1,0,0.018519958,0
non-tumour/TCGA-CA-5796-01Z-00-DX1_19456_32256.jpg,TCGA-CA-5796,TCGA-CA-5796-01Z-00-DX1,0,0.06239271,0
non-tumour/TCGA-CA-5796-01Z-00-DX1_19456_33280.jpg,TCGA-CA-5796,TCGA-CA-5796-01Z-00-DX1,0,0.025192656,0
non-tumour/TCGA-CA-5796-01Z-00-DX1_19456_33792.jpg,TCGA-CA-5796,TCGA-CA-5796-01Z-00-DX1,0,0.0103928745,0
non-tumour/TCGA-CA-5796-01Z-00-DX1_19456_34816.jpg,TCGA-CA-5796,TCGA-CA-5796-01Z-00-DX1,0,0.04489962,0
non-tumour/TCGA-CA-5796-01Z-00-DX1_19456_35328.jpg,TCGA-CA-5796,TCGA-CA-5796-01Z-00-DX1,0,0.0069164652,0
non-tumour/TCGA-CA-5796-01Z-00-DX1_19456_35840.jpg,TCGA-CA-5796,TCGA-CA-5796-01Z-00-DX1,0,0.007645776,0
non-tumour/TCGA-CA-5796-01Z-00-DX1_19456_36352.jpg,TCGA-CA-5796,TCGA-CA-5796-01Z-00-DX1,0,0.041207243,0
non-tumour/TCGA-CA-5796-01Z-00-DX1_19456_38400.jpg,TCGA-CA-5796,TCGA-CA-5796-01Z-00-DX1,0,0.021582432,0
non-tumour/TCGA-CA-5796-01Z-00-DX1_19968_19968.jpg,TCGA-CA-5796,TCGA-CA-5796-01Z-00-DX1,0,0.56228167,1
non-tumour/TCGA-CA-5796-01Z-00-DX1_19968_20480.jpg,TCGA-CA-5796,TCGA-CA-5796-01Z-00-DX1,0,0.11417513,0
non-tumour/TCGA-CA-5796-01Z-00-DX1_19968_28160.jpg,TCGA-CA-5796,TCGA-CA-5796-01Z-00-DX1,0,0.017596144,0
non-tumour/TCGA-CA-5796-01Z-00-DX1_19968_31232.jpg,TCGA-CA-5796,TCGA-CA-5796-01Z-00-DX1,0,0.003979693,0
non-tumour/TCGA-CA-5796-01Z-00-DX1_19968_31744.jpg,TCGA-CA-5796,TCGA-CA-5796-01Z-00-DX1,0,0.011728268,0
non-tumour/TCGA-CA-5796-01Z-00-DX1_19968_32256.jpg,TCGA-CA-5796,TCGA-CA-5796-01Z-00-DX1,0,0.31850266,0
non-tumour/TCGA-CA-5796-01Z-00-DX1_19968_32768.jpg,TCGA-CA-5796,TCGA-CA-5796-01Z-00-DX1,0,0.081227824,0
non-tumour/TCGA-CA-5796-01Z-00-DX1_19968_34816.jpg,TCGA-CA-5796,TCGA-CA-5796-01Z-00-DX1,0,0.045497667,0
non-tumour/TCGA-CA-5796-01Z-00-DX1_19968_35840.jpg,TCGA-CA-5796,TCGA-CA-5796-01Z-00-DX1,0,0.0017775004,0
non-tumour/TCGA-CA-5796-01Z-00-DX1_19968_36352.jpg,TCGA-CA-5796,TCGA-CA-5796-01Z-00-DX1,0,0.017921902,0
non-tumour/TCGA-CA-5796-01Z-00-DX1_19968_38912.jpg,TCGA-CA-5796,TCGA-CA-5796-01Z-00-DX1,0,0.41317916,0
non-tumour/TCGA-CA-5796-01Z-00-DX1_20480_19456.jpg,TCGA-CA-5796,TCGA-CA-5796-01Z-00-DX1,0,0.1038075,0
non-tumour/TCGA-CA-5796-01Z-00-DX1_20480_19968.jpg,TCGA-CA-5796,TCGA-CA-5796-01Z-00-DX1,0,0.7341564,1
non-tumour/TCGA-CA-5796-01Z-00-DX1_20480_20992.jpg,TCGA-CA-5796,TCGA-CA-5796-01Z-00-DX1,0,0.13195212,0
non-tumour/TCGA-CA-5796-01Z-00-DX1_20480_28672.jpg,TCGA-CA-5796,TCGA-CA-5796-01Z-00-DX1,0,0.15877168,0
non-tumour/TCGA-CA-5796-01Z-00-DX1_20480_29696.jpg,TCGA-CA-5796,TCGA-CA-5796-01Z-00-DX1,0,0.0062511363,0
non-tumour/TCGA-CA-5796-01Z-00-DX1_20480_30208.jpg,TCGA-CA-5796,TCGA-CA-5796-01Z-00-DX1,0,0.032550342,0
non-tumour/TCGA-CA-5796-01Z-00-DX1_20480_30720.jpg,TCGA-CA-5796,TCGA-CA-5796-01Z-00-DX1,0,0.0015186657,0
non-tumour/TCGA-CA-5796-01Z-00-DX1_20480_32768.jpg,TCGA-CA-5796,TCGA-CA-5796-01Z-00-DX1,0,0.25655603,0
non-tumour/TCGA-CA-5796-01Z-00-DX1_20480_33280.jpg,TCGA-CA-5796,TCGA-CA-5796-01Z-00-DX1,0,0.027148455,0
non-tumour/TCGA-CA-5796-01Z-00-DX1_20480_33792.jpg,TCGA-CA-5796,TCGA-CA-5796-01Z-00-DX1,0,0.053376988,0
non-tumour/TCGA-CA-5796-01Z-00-DX1_20480_34304.jpg,TCGA-CA-5796,TCGA-CA-5796-01Z-00-DX1,0,0.0057513937,0
non-tumour/TCGA-CA-5796-01Z-00-DX1_20480_36352.jpg,TCGA-CA-5796,TCGA-CA-5796-01Z-00-DX1,0,0.016301606,0
non-tumour/TCGA-CA-5796-01Z-00-DX1_20480_38912.jpg,TCGA-CA-5796,TCGA-CA-5796-01Z-00-DX1,0,0.0074866866,0
non-tumour/TCGA-CA-5796-01Z-00-DX1_2048_27648.jpg,TCGA-CA-5796,TCGA-CA-5796-01Z-00-DX1,0,0.0022777065,0
non-tumour/TCGA-CA-5796-01Z-00-DX1_2048_30720.jpg,TCGA-CA-5796,TCGA-CA-5796-01Z-00-DX1,0,9.54525e-05,0
non-tumour/TCGA-CA-5796-01Z-00-DX1_2048_31232.jpg,TCGA-CA-5796,TCGA-CA-5796-01Z-00-DX1,0,0.035025064,0
non-tumour/TCGA-CA-5796-01Z-00-DX1_2048_32256.jpg,TCGA-CA-5796,TCGA-CA-5796-01Z-00-DX1,0,0.0047370093,0
non-tumour/TCGA-CA-5796-01Z-00-DX1_20992_19456.jpg,TCGA-CA-5796,TCGA-CA-5796-01Z-00-DX1,0,0.39513958,0
non-tumour/TCGA-CA-5796-01Z-00-DX1_20992_19968.jpg,TCGA-CA-5796,TCGA-CA-5796-01Z-00-DX1,0,0.042363156,0
non-tumour/TCGA-CA-5796-01Z-00-DX1_20992_20480.jpg,TCGA-CA-5796,TCGA-CA-5796-01Z-00-DX1,0,0.03637912,0
non-tumour/TCGA-CA-5796-01Z-00-DX1_20992_20992.jpg,TCGA-CA-5796,TCGA-CA-5796-01Z-00-DX1,0,0.16700752,0
non-tumour/TCGA-CA-5796-01Z-00-DX1_20992_28672.jpg,TCGA-CA-5796,TCGA-CA-5796-01Z-00-DX1,0,0.011766315,0
non-tumour/TCGA-CA-5796-01Z-00-DX1_20992_29184.jpg,TCGA-CA-5796,TCGA-CA-5796-01Z-00-DX1,0,0.052534014,0
non-tumour/TCGA-CA-5796-01Z-00-DX1_20992_29696.jpg,TCGA-CA-5796,TCGA-CA-5796-01Z-00-DX1,0,0.1918465,0
non-tumour/TCGA-CA-5796-01Z-00-DX1_20992_30208.jpg,TCGA-CA-5796,TCGA-CA-5796-01Z-00-DX1,0,0.01485759,0
non-tumour/TCGA-CA-5796-01Z-00-DX1_20992_30720.jpg,TCGA-CA-5796,TCGA-CA-5796-01Z-00-DX1,0,0.0012693228,0
non-tumour/TCGA-CA-5796-01Z-00-DX1_20992_31744.jpg,TCGA-CA-5796,TCGA-CA-5796-01Z-00-DX1,0,0.0013367127,0
non-tumour/TCGA-CA-5796-01Z-00-DX1_20992_32256.jpg,TCGA-CA-5796,TCGA-CA-5796-01Z-00-DX1,0,0.010917106,0
non-tumour/TCGA-CA-5796-01Z-00-DX1_20992_32768.jpg,TCGA-CA-5796,TCGA-CA-5796-01Z-00-DX1,0,0.009906278,0
non-tumour/TCGA-CA-5796-01Z-00-DX1_20992_34304.jpg,TCGA-CA-5796,TCGA-CA-5796-01Z-00-DX1,0,0.54432535,1
non-tumour/TCGA-CA-5796-01Z-00-DX1_20992_35328.jpg,TCGA-CA-5796,TCGA-CA-5796-01Z-00-DX1,0,0.028914155,0
non-tumour/TCGA-CA-5796-01Z-00-DX1_20992_35840.jpg,TCGA-CA-5796,TCGA-CA-5796-01Z-00-DX1,0,0.036122598,0
non-tumour/TCGA-CA-5796-01Z-00-DX1_20992_36352.jpg,TCGA-CA-5796,TCGA-CA-5796-01Z-00-DX1,0,0.25264916,0
non-tumour/TCGA-CA-5796-01Z-00-DX1_20992_38912.jpg,TCGA-CA-5796,TCGA-CA-5796-01Z-00-DX1,0,0.04212668,0
non-tumour/TCGA-CA-5796-01Z-00-DX1_20992_41984.jpg,TCGA-CA-5796,TCGA-CA-5796-01Z-00-DX1,0,0.025231235,0
non-tumour/TCGA-CA-5796-01Z-00-DX1_21504_20480.jpg,TCGA-CA-5796,TCGA-CA-5796-01Z-00-DX1,0,0.092298225,0
non-tumour/TCGA-CA-5796-01Z-00-DX1_21504_20992.jpg,TCGA-CA-5796,TCGA-CA-5796-01Z-00-DX1,0,0.098087825,0
non-tumour/TCGA-CA-5796-01Z-00-DX1_21504_30208.jpg,TCGA-CA-5796,TCGA-CA-5796-01Z-00-DX1,0,0.0065014325,0
non-tumour/TCGA-CA-5796-01Z-00-DX1_21504_30720.jpg,TCGA-CA-5796,TCGA-CA-5796-01Z-00-DX1,0,0.001906727,0
non-tumour/TCGA-CA-5796-01Z-00-DX1_21504_32256.jpg,TCGA-CA-5796,TCGA-CA-5796-01Z-00-DX1,0,0.013309428,0
non-tumour/TCGA-CA-5796-01Z-00-DX1_21504_32768.jpg,TCGA-CA-5796,TCGA-CA-5796-01Z-00-DX1,0,0.01576376,0
non-tumour/TCGA-CA-5796-01Z-00-DX1_21504_33280.jpg,TCGA-CA-5796,TCGA-CA-5796-01Z-00-DX1,0,0.0076757143,0
non-tumour/TCGA-CA-5796-01Z-00-DX1_21504_34304.jpg,TCGA-CA-5796,TCGA-CA-5796-01Z-00-DX1,0,0.30006388,0
non-tumour/TCGA-CA-5796-01Z-00-DX1_21504_35328.jpg,TCGA-CA-5796,TCGA-CA-5796-01Z-00-DX1,0,0.013546536,0
non-tumour/TCGA-CA-5796-01Z-00-DX1_21504_38400.jpg,TCGA-CA-5796,TCGA-CA-5796-01Z-00-DX1,0,0.2676235,0
non-tumour/TCGA-CA-5796-01Z-00-DX1_21504_39936.jpg,TCGA-CA-5796,TCGA-CA-5796-01Z-00-DX1,0,0.1179702,0
non-tumour/TCGA-CA-5796-01Z-00-DX1_21504_41472.jpg,TCGA-CA-5796,TCGA-CA-5796-01Z-00-DX1,0,0.6308964,1
non-tumour/TCGA-CA-5796-01Z-00-DX1_21504_41984.jpg,TCGA-CA-5796,TCGA-CA-5796-01Z-00-DX1,0,0.929525,1
non-tumour/TCGA-CA-5796-01Z-00-DX1_22016_20992.jpg,TCGA-CA-5796,TCGA-CA-5796-01Z-00-DX1,0,0.48433754,0
non-tumour/TCGA-CA-5796-01Z-00-DX1_22016_21504.jpg,TCGA-CA-5796,TCGA-CA-5796-01Z-00-DX1,0,0.2390151,0
non-tumour/TCGA-CA-5796-01Z-00-DX1_22016_29184.jpg,TCGA-CA-5796,TCGA-CA-5796-01Z-00-DX1,0,0.063412376,0
non-tumour/TCGA-CA-5796-01Z-00-DX1_22016_29696.jpg,TCGA-CA-5796,TCGA-CA-5796-01Z-00-DX1,0,0.0031480733,0
non-tumour/TCGA-CA-5796-01Z-00-DX1_22016_31232.jpg,TCGA-CA-5796,TCGA-CA-5796-01Z-00-DX1,0,0.010334691,0
non-tumour/TCGA-CA-5796-01Z-00-DX1_22016_32256.jpg,TCGA-CA-5796,TCGA-CA-5796-01Z-00-DX1,0,0.10705345,0
non-tumour/TCGA-CA-5796-01Z-00-DX1_22016_34816.jpg,TCGA-CA-5796,TCGA-CA-5796-01Z-00-DX1,0,0.038998723,0
non-tumour/TCGA-CA-5796-01Z-00-DX1_22016_35840.jpg,TCGA-CA-5796,TCGA-CA-5796-01Z-00-DX1,0,0.008750743,0
non-tumour/TCGA-CA-5796-01Z-00-DX1_22016_36864.jpg,TCGA-CA-5796,TCGA-CA-5796-01Z-00-DX1,0,0.06685256,0
non-tumour/TCGA-CA-5796-01Z-00-DX1_22016_37376.jpg,TCGA-CA-5796,TCGA-CA-5796-01Z-00-DX1,0,0.028495084,0
non-tumour/TCGA-CA-5796-01Z-00-DX1_22016_38400.jpg,TCGA-CA-5796,TCGA-CA-5796-01Z-00-DX1,0,0.39954272,0
non-tumour/TCGA-CA-5796-01Z-00-DX1_22528_19968.jpg,TCGA-CA-5796,TCGA-CA-5796-01Z-00-DX1,0,0.18619508,0
non-tumour/TCGA-CA-5796-01Z-00-DX1_22528_29696.jpg,TCGA-CA-5796,TCGA-CA-5796-01Z-00-DX1,0,0.3778774,0
non-tumour/TCGA-CA-5796-01Z-00-DX1_22528_30720.jpg,TCGA-CA-5796,TCGA-CA-5796-01Z-00-DX1,0,0.108813256,0
non-tumour/TCGA-CA-5796-01Z-00-DX1_22528_31232.jpg,TCGA-CA-5796,TCGA-CA-5796-01Z-00-DX1,0,0.25227496,0
non-tumour/TCGA-CA-5796-01Z-00-DX1_22528_31744.jpg,TCGA-CA-5796,TCGA-CA-5796-01Z-00-DX1,0,0.092007905,0
non-tumour/TCGA-CA-5796-01Z-00-DX1_22528_32768.jpg,TCGA-CA-5796,TCGA-CA-5796-01Z-00-DX1,0,0.08459402,0
non-tumour/TCGA-CA-5796-01Z-00-DX1_22528_33280.jpg,TCGA-CA-5796,TCGA-CA-5796-01Z-00-DX1,0,0.028908804,0
non-tumour/TCGA-CA-5796-01Z-00-DX1_22528_33792.jpg,TCGA-CA-5796,TCGA-CA-5796-01Z-00-DX1,0,0.009486864,0
non-tumour/TCGA-CA-5796-01Z-00-DX1_22528_34304.jpg,TCGA-CA-5796,TCGA-CA-5796-01Z-00-DX1,0,0.021330256,0
non-tumour/TCGA-CA-5796-01Z-00-DX1_22528_34816.jpg,TCGA-CA-5796,TCGA-CA-5796-01Z-00-DX1,0,0.02129776,0
non-tumour/TCGA-CA-5796-01Z-00-DX1_22528_38400.jpg,TCGA-CA-5796,TCGA-CA-5796-01Z-00-DX1,0,0.21055369,0
non-tumour/TCGA-CA-5796-01Z-00-DX1_22528_38912.jpg,TCGA-CA-5796,TCGA-CA-5796-01Z-00-DX1,0,0.46154714,0
non-tumour/TCGA-CA-5796-01Z-00-DX1_22528_39424.jpg,TCGA-CA-5796,TCGA-CA-5796-01Z-00-DX1,0,0.04295625,0
non-tumour/TCGA-CA-5796-01Z-00-DX1_22528_40960.jpg,TCGA-CA-5796,TCGA-CA-5796-01Z-00-DX1,0,0.15343517,0
non-tumour/TCGA-CA-5796-01Z-00-DX1_23040_19968.jpg,TCGA-CA-5796,TCGA-CA-5796-01Z-00-DX1,0,0.39821494,0
non-tumour/TCGA-CA-5796-01Z-00-DX1_23040_30720.jpg,TCGA-CA-5796,TCGA-CA-5796-01Z-00-DX1,0,0.1405944,0
non-tumour/TCGA-CA-5796-01Z-00-DX1_23040_32768.jpg,TCGA-CA-5796,TCGA-CA-5796-01Z-00-DX1,0,0.16523463,0
non-tumour/TCGA-CA-5796-01Z-00-DX1_23040_33792.jpg,TCGA-CA-5796,TCGA-CA-5796-01Z-00-DX1,0,0.06926419,0
non-tumour/TCGA-CA-5796-01Z-00-DX1_23040_34304.jpg,TCGA-CA-5796,TCGA-CA-5796-01Z-00-DX1,0,0.7420407,1
non-tumour/TCGA-CA-5796-01Z-00-DX1_23040_35328.jpg,TCGA-CA-5796,TCGA-CA-5796-01Z-00-DX1,0,0.0037729049,0
non-tumour/TCGA-CA-5796-01Z-00-DX1_23040_35840.jpg,TCGA-CA-5796,TCGA-CA-5796-01Z-00-DX1,0,0.058085028,0
non-tumour/TCGA-CA-5796-01Z-00-DX1_23040_36352.jpg,TCGA-CA-5796,TCGA-CA-5796-01Z-00-DX1,0,0.14966714,0
non-tumour/TCGA-CA-5796-01Z-00-DX1_23040_36864.jpg,TCGA-CA-5796,TCGA-CA-5796-01Z-00-DX1,0,0.12946242,0
non-tumour/TCGA-CA-5796-01Z-00-DX1_23040_37376.jpg,TCGA-CA-5796,TCGA-CA-5796-01Z-00-DX1,0,0.12783374,0
non-tumour/TCGA-CA-5796-01Z-00-DX1_23040_37888.jpg,TCGA-CA-5796,TCGA-CA-5796-01Z-00-DX1,0,0.44498047,0
non-tumour/TCGA-CA-5796-01Z-00-DX1_23040_38912.jpg,TCGA-CA-5796,TCGA-CA-5796-01Z-00-DX1,0,0.011373253,0
non-tumour/TCGA-CA-5796-01Z-00-DX1_23040_39424.jpg,TCGA-CA-5796,TCGA-CA-5796-01Z-00-DX1,0,0.036583137,0
non-tumour/TCGA-CA-5796-01Z-00-DX1_23040_39936.jpg,TCGA-CA-5796,TCGA-CA-5796-01Z-00-DX1,0,0.055700153,0
non-tumour/TCGA-CA-5796-01Z-00-DX1_23040_40960.jpg,TCGA-CA-5796,TCGA-CA-5796-01Z-00-DX1,0,0.2732725,0
non-tumour/TCGA-CA-5796-01Z-00-DX1_23552_31744.jpg,TCGA-CA-5796,TCGA-CA-5796-01Z-00-DX1,0,0.01256744,0
non-tumour/TCGA-CA-5796-01Z-00-DX1_23552_32256.jpg,TCGA-CA-5796,TCGA-CA-5796-01Z-00-DX1,0,0.023545692,0
non-tumour/TCGA-CA-5796-01Z-00-DX1_23552_33280.jpg,TCGA-CA-5796,TCGA-CA-5796-01Z-00-DX1,0,0.0660149,0
non-tumour/TCGA-CA-5796-01Z-00-DX1_23552_33792.jpg,TCGA-CA-5796,TCGA-CA-5796-01Z-00-DX1,0,0.021613346,0
non-tumour/TCGA-CA-5796-01Z-00-DX1_23552_35328.jpg,TCGA-CA-5796,TCGA-CA-5796-01Z-00-DX1,0,0.08460573,0
non-tumour/TCGA-CA-5796-01Z-00-DX1_23552_37888.jpg,TCGA-CA-5796,TCGA-CA-5796-01Z-00-DX1,0,0.052583344,0
non-tumour/TCGA-CA-5796-01Z-00-DX1_23552_38912.jpg,TCGA-CA-5796,TCGA-CA-5796-01Z-00-DX1,0,0.0045188935,0
non-tumour/TCGA-CA-5796-01Z-00-DX1_23552_39424.jpg,TCGA-CA-5796,TCGA-CA-5796-01Z-00-DX1,0,0.20700738,0
non-tumour/TCGA-CA-5796-01Z-00-DX1_23552_39936.jpg,TCGA-CA-5796,TCGA-CA-5796-01Z-00-DX1,0,0.02467039,0
non-tumour/TCGA-CA-5796-01Z-00-DX1_23552_40448.jpg,TCGA-CA-5796,TCGA-CA-5796-01Z-00-DX1,0,0.002410582,0
non-tumour/TCGA-CA-5796-01Z-00-DX1_23552_40960.jpg,TCGA-CA-5796,TCGA-CA-5796-01Z-00-DX1,0,0.0010089111,0
non-tumour/TCGA-CA-5796-01Z-00-DX1_23552_41984.jpg,TCGA-CA-5796,TCGA-CA-5796-01Z-00-DX1,0,0.05665286,0
non-tumour/TCGA-CA-5796-01Z-00-DX1_24064_31744.jpg,TCGA-CA-5796,TCGA-CA-5796-01Z-00-DX1,0,0.026223563,0
non-tumour/TCGA-CA-5796-01Z-00-DX1_24064_33792.jpg,TCGA-CA-5796,TCGA-CA-5796-01Z-00-DX1,0,0.011621278,0
non-tumour/TCGA-CA-5796-01Z-00-DX1_24064_34304.jpg,TCGA-CA-5796,TCGA-CA-5796-01Z-00-DX1,0,0.0228712,0
non-tumour/TCGA-CA-5796-01Z-00-DX1_24064_34816.jpg,TCGA-CA-5796,TCGA-CA-5796-01Z-00-DX1,0,0.29666886,0
non-tumour/TCGA-CA-5796-01Z-00-DX1_24064_36352.jpg,TCGA-CA-5796,TCGA-CA-5796-01Z-00-DX1,0,0.022719128,0
non-tumour/TCGA-CA-5796-01Z-00-DX1_24064_36864.jpg,TCGA-CA-5796,TCGA-CA-5796-01Z-00-DX1,0,0.053624507,0
non-tumour/TCGA-CA-5796-01Z-00-DX1_24064_37376.jpg,TCGA-CA-5796,TCGA-CA-5796-01Z-00-DX1,0,0.082620256,0
non-tumour/TCGA-CA-5796-01Z-00-DX1_24064_37888.jpg,TCGA-CA-5796,TCGA-CA-5796-01Z-00-DX1,0,0.007122596,0
non-tumour/TCGA-CA-5796-01Z-00-DX1_24064_38912.jpg,TCGA-CA-5796,TCGA-CA-5796-01Z-00-DX1,0,0.0473793,0
non-tumour/TCGA-CA-5796-01Z-00-DX1_24064_40448.jpg,TCGA-CA-5796,TCGA-CA-5796-01Z-00-DX1,0,0.033833127,0
non-tumour/TCGA-CA-5796-01Z-00-DX1_24064_40960.jpg,TCGA-CA-5796,TCGA-CA-5796-01Z-00-DX1,0,0.03186279,0
non-tumour/TCGA-CA-5796-01Z-00-DX1_24576_32256.jpg,TCGA-CA-5796,TCGA-CA-5796-01Z-00-DX1,0,0.023460539,0
non-tumour/TCGA-CA-5796-01Z-00-DX1_24576_34304.jpg,TCGA-CA-5796,TCGA-CA-5796-01Z-00-DX1,0,0.06965608,0
non-tumour/TCGA-CA-5796-01Z-00-DX1_24576_35328.jpg,TCGA-CA-5796,TCGA-CA-5796-01Z-00-DX1,0,0.03187668,0
non-tumour/TCGA-CA-5796-01Z-00-DX1_24576_36352.jpg,TCGA-CA-5796,TCGA-CA-5796-01Z-00-DX1,0,0.0019963898,0
non-tumour/TCGA-CA-5796-01Z-00-DX1_24576_36864.jpg,TCGA-CA-5796,TCGA-CA-5796-01Z-00-DX1,0,0.13671811,0
non-tumour/TCGA-CA-5796-01Z-00-DX1_24576_37376.jpg,TCGA-CA-5796,TCGA-CA-5796-01Z-00-DX1,0,0.1469086,0
non-tumour/TCGA-CA-5796-01Z-00-DX1_24576_37888.jpg,TCGA-CA-5796,TCGA-CA-5796-01Z-00-DX1,0,0.0011956026,0
non-tumour/TCGA-CA-5796-01Z-00-DX1_24576_40448.jpg,TCGA-CA-5796,TCGA-CA-5796-01Z-00-DX1,0,0.021877568,0
non-tumour/TCGA-CA-5796-01Z-00-DX1_25088_32768.jpg,TCGA-CA-5796,TCGA-CA-5796-01Z-00-DX1,0,0.1808046,0
non-tumour/TCGA-CA-5796-01Z-00-DX1_25088_34304.jpg,TCGA-CA-5796,TCGA-CA-5796-01Z-00-DX1,0,0.034542743,0
non-tumour/TCGA-CA-5796-01Z-00-DX1_25088_35328.jpg,TCGA-CA-5796,TCGA-CA-5796-01Z-00-DX1,0,0.036915686,0
non-tumour/TCGA-CA-5796-01Z-00-DX1_25088_35840.jpg,TCGA-CA-5796,TCGA-CA-5796-01Z-00-DX1,0,0.09703636,0
non-tumour/TCGA-CA-5796-01Z-00-DX1_25088_36864.jpg,TCGA-CA-5796,TCGA-CA-5796-01Z-00-DX1,0,0.165744,0
non-tumour/TCGA-CA-5796-01Z-00-DX1_25088_38912.jpg,TCGA-CA-5796,TCGA-CA-5796-01Z-00-DX1,0,0.021035977,0
non-tumour/TCGA-CA-5796-01Z-00-DX1_25600_32256.jpg,TCGA-CA-5796,TCGA-CA-5796-01Z-00-DX1,0,0.025467675,0
non-tumour/TCGA-CA-5796-01Z-00-DX1_25600_33792.jpg,TCGA-CA-5796,TCGA-CA-5796-01Z-00-DX1,0,0.10493183,0
non-tumour/TCGA-CA-5796-01Z-00-DX1_25600_35328.jpg,TCGA-CA-5796,TCGA-CA-5796-01Z-00-DX1,0,0.06472449,0
non-tumour/TCGA-CA-5796-01Z-00-DX1_25600_36352.jpg,TCGA-CA-5796,TCGA-CA-5796-01Z-00-DX1,0,0.0044101826,0
non-tumour/TCGA-CA-5796-01Z-00-DX1_25600_36864.jpg,TCGA-CA-5796,TCGA-CA-5796-01Z-00-DX1,0,0.017171124,0
non-tumour/TCGA-CA-5796-01Z-00-DX1_25600_39936.jpg,TCGA-CA-5796,TCGA-CA-5796-01Z-00-DX1,0,0.028550353,0
non-tumour/TCGA-CA-5796-01Z-00-DX1_25600_40448.jpg,TCGA-CA-5796,TCGA-CA-5796-01Z-00-DX1,0,0.0023761766,0
non-tumour/TCGA-CA-5796-01Z-00-DX1_2560_27648.jpg,TCGA-CA-5796,TCGA-CA-5796-01Z-00-DX1,0,0.0158302,0
non-tumour/TCGA-CA-5796-01Z-00-DX1_2560_28160.jpg,TCGA-CA-5796,TCGA-CA-5796-01Z-00-DX1,0,0.026323905,0
non-tumour/TCGA-CA-5796-01Z-00-DX1_2560_32768.jpg,TCGA-CA-5796,TCGA-CA-5796-01Z-00-DX1,0,0.00672085,0
non-tumour/TCGA-CA-5796-01Z-00-DX1_2560_33280.jpg,TCGA-CA-5796,TCGA-CA-5796-01Z-00-DX1,0,0.08215848,0
non-tumour/TCGA-CA-5796-01Z-00-DX1_26112_30720.jpg,TCGA-CA-5796,TCGA-CA-5796-01Z-00-DX1,0,0.4445151,0
non-tumour/TCGA-CA-5796-01Z-00-DX1_26112_31232.jpg,TCGA-CA-5796,TCGA-CA-5796-01Z-00-DX1,0,0.0037106255,0
non-tumour/TCGA-CA-5796-01Z-00-DX1_26112_31744.jpg,TCGA-CA-5796,TCGA-CA-5796-01Z-00-DX1,0,0.012389559,0
non-tumour/TCGA-CA-5796-01Z-00-DX1_26112_32256.jpg,TCGA-CA-5796,TCGA-CA-5796-01Z-00-DX1,0,0.040913407,0
non-tumour/TCGA-CA-5796-01Z-00-DX1_26112_35328.jpg,TCGA-CA-5796,TCGA-CA-5796-01Z-00-DX1,0,0.084406964,0
non-tumour/TCGA-CA-5796-01Z-00-DX1_26112_35840.jpg,TCGA-CA-5796,TCGA-CA-5796-01Z-00-DX1,0,0.031783566,0
non-tumour/TCGA-CA-5796-01Z-00-DX1_26112_36352.jpg,TCGA-CA-5796,TCGA-CA-5796-01Z-00-DX1,0,0.5032187,1
non-tumour/TCGA-CA-5796-01Z-00-DX1_26112_36864.jpg,TCGA-CA-5796,TCGA-CA-5796-01Z-00-DX1,0,0.7021691,1
non-tumour/TCGA-CA-5796-01Z-00-DX1_26112_38400.jpg,TCGA-CA-5796,TCGA-CA-5796-01Z-00-DX1,0,0.37714776,0
non-tumour/TCGA-CA-5796-01Z-00-DX1_26112_39424.jpg,TCGA-CA-5796,TCGA-CA-5796-01Z-00-DX1,0,0.029284898,0
non-tumour/TCGA-CA-5796-01Z-00-DX1_26624_31744.jpg,TCGA-CA-5796,TCGA-CA-5796-01Z-00-DX1,0,0.006282807,0
non-tumour/TCGA-CA-5796-01Z-00-DX1_26624_33280.jpg,TCGA-CA-5796,TCGA-CA-5796-01Z-00-DX1,0,0.031029139,0
non-tumour/TCGA-CA-5796-01Z-00-DX1_26624_33792.jpg,TCGA-CA-5796,TCGA-CA-5796-01Z-00-DX1,0,0.011790725,0
non-tumour/TCGA-CA-5796-01Z-00-DX1_26624_34304.jpg,TCGA-CA-5796,TCGA-CA-5796-01Z-00-DX1,0,0.20919764,0
non-tumour/TCGA-CA-5796-01Z-00-DX1_26624_35840.jpg,TCGA-CA-5796,TCGA-CA-5796-01Z-00-DX1,0,0.020206926,0
non-tumour/TCGA-CA-5796-01Z-00-DX1_26624_36352.jpg,TCGA-CA-5796,TCGA-CA-5796-01Z-00-DX1,0,0.46033838,0
non-tumour/TCGA-CA-5796-01Z-00-DX1_26624_36864.jpg,TCGA-CA-5796,TCGA-CA-5796-01Z-00-DX1,0,0.07028316,0
non-tumour/TCGA-CA-5796-01Z-00-DX1_26624_38400.jpg,TCGA-CA-5796,TCGA-CA-5796-01Z-00-DX1,0,0.58535504,1
non-tumour/TCGA-CA-5796-01Z-00-DX1_26624_39424.jpg,TCGA-CA-5796,TCGA-CA-5796-01Z-00-DX1,0,0.07431891,0
non-tumour/TCGA-CA-5796-01Z-00-DX1_27136_34304.jpg,TCGA-CA-5796,TCGA-CA-5796-01Z-00-DX1,0,0.43561235,0
non-tumour/TCGA-CA-5796-01Z-00-DX1_27136_34816.jpg,TCGA-CA-5796,TCGA-CA-5796-01Z-00-DX1,0,0.080792315,0
non-tumour/TCGA-CA-5796-01Z-00-DX1_27136_35328.jpg,TCGA-CA-5796,TCGA-CA-5796-01Z-00-DX1,0,0.14450927,0
non-tumour/TCGA-CA-5796-01Z-00-DX1_27136_36864.jpg,TCGA-CA-5796,TCGA-CA-5796-01Z-00-DX1,0,0.09962976,0
non-tumour/TCGA-CA-5796-01Z-00-DX1_27136_37376.jpg,TCGA-CA-5796,TCGA-CA-5796-01Z-00-DX1,0,0.2286539,0
non-tumour/TCGA-CA-5796-01Z-00-DX1_27648_35840.jpg,TCGA-CA-5796,TCGA-CA-5796-01Z-00-DX1,0,0.121068895,0
non-tumour/TCGA-CA-5796-01Z-00-DX1_27648_36864.jpg,TCGA-CA-5796,TCGA-CA-5796-01Z-00-DX1,0,0.028345028,0
non-tumour/TCGA-CA-5796-01Z-00-DX1_27648_37376.jpg,TCGA-CA-5796,TCGA-CA-5796-01Z-00-DX1,0,0.9178428,1
non-tumour/TCGA-CA-5796-01Z-00-DX1_3072_31744.jpg,TCGA-CA-5796,TCGA-CA-5796-01Z-00-DX1,0,0.011575819,0
non-tumour/TCGA-CA-5796-01Z-00-DX1_3072_32256.jpg,TCGA-CA-5796,TCGA-CA-5796-01Z-00-DX1,0,0.008613308,0
non-tumour/TCGA-CA-5796-01Z-00-DX1_3072_33280.jpg,TCGA-CA-5796,TCGA-CA-5796-01Z-00-DX1,0,0.008028819,0
non-tumour/TCGA-CA-5796-01Z-00-DX1_3072_33792.jpg,TCGA-CA-5796,TCGA-CA-5796-01Z-00-DX1,0,0.021935657,0
non-tumour/TCGA-CA-5796-01Z-00-DX1_3584_32256.jpg,TCGA-CA-5796,TCGA-CA-5796-01Z-00-DX1,0,0.0011296796,0
non-tumour/TCGA-CA-5796-01Z-00-DX1_3584_33792.jpg,TCGA-CA-5796,TCGA-CA-5796-01Z-00-DX1,0,0.026368773,0
non-tumour/TCGA-CA-5796-01Z-00-DX1_3584_34304.jpg,TCGA-CA-5796,TCGA-CA-5796-01Z-00-DX1,0,0.101818375,0
non-tumour/TCGA-CA-5796-01Z-00-DX1_4096_32256.jpg,TCGA-CA-5796,TCGA-CA-5796-01Z-00-DX1,0,0.013173345,0
non-tumour/TCGA-CA-5796-01Z-00-DX1_4096_33280.jpg,TCGA-CA-5796,TCGA-CA-5796-01Z-00-DX1,0,0.039841082,0
non-tumour/TCGA-CA-5796-01Z-00-DX1_4096_33792.jpg,TCGA-CA-5796,TCGA-CA-5796-01Z-00-DX1,0,0.000777632,0
non-tumour/TCGA-CA-5796-01Z-00-DX1_4096_34304.jpg,TCGA-CA-5796,TCGA-CA-5796-01Z-00-DX1,0,0.0027740505,0
non-tumour/TCGA-CA-5796-01Z-00-DX1_4608_33280.jpg,TCGA-CA-5796,TCGA-CA-5796-01Z-00-DX1,0,0.015784265,0
non-tumour/TCGA-CA-5796-01Z-00-DX1_4608_34304.jpg,TCGA-CA-5796,TCGA-CA-5796-01Z-00-DX1,0,0.02732988,0
non-tumour/TCGA-CA-5796-01Z-00-DX1_5120_31232.jpg,TCGA-CA-5796,TCGA-CA-5796-01Z-00-DX1,0,0.013358239,0
non-tumour/TCGA-CA-5796-01Z-00-DX1_5120_31744.jpg,TCGA-CA-5796,TCGA-CA-5796-01Z-00-DX1,0,0.0021725511,0
non-tumour/TCGA-CA-5796-01Z-00-DX1_5120_33280.jpg,TCGA-CA-5796,TCGA-CA-5796-01Z-00-DX1,0,0.006106912,0
non-tumour/TCGA-CA-5796-01Z-00-DX1_5120_33792.jpg,TCGA-CA-5796,TCGA-CA-5796-01Z-00-DX1,0,0.007963268,0
non-tumour/TCGA-CA-5796-01Z-00-DX1_5120_34304.jpg,TCGA-CA-5796,TCGA-CA-5796-01Z-00-DX1,0,0.00020532518,0
non-tumour/TCGA-CA-5796-01Z-00-DX1_5632_31744.jpg,TCGA-CA-5796,TCGA-CA-5796-01Z-00-DX1,0,0.009190636,0
non-tumour/TCGA-CA-5796-01Z-00-DX1_5632_33280.jpg,TCGA-CA-5796,TCGA-CA-5796-01Z-00-DX1,0,0.01207351,0
non-tumour/TCGA-CA-5796-01Z-00-DX1_5632_34304.jpg,TCGA-CA-5796,TCGA-CA-5796-01Z-00-DX1,0,0.004702497,0
non-tumour/TCGA-CA-5796-01Z-00-DX1_5632_34816.jpg,TCGA-CA-5796,TCGA-CA-5796-01Z-00-DX1,0,0.0031887675,0
non-tumour/TCGA-CA-5796-01Z-00-DX1_5632_38400.jpg,TCGA-CA-5796,TCGA-CA-5796-01Z-00-DX1,0,0.0017420845,0
non-tumour/TCGA-CA-5796-01Z-00-DX1_5632_38912.jpg,TCGA-CA-5796,TCGA-CA-5796-01Z-00-DX1,0,0.0022014997,0
non-tumour/TCGA-CA-5796-01Z-00-DX1_5632_39424.jpg,TCGA-CA-5796,TCGA-CA-5796-01Z-00-DX1,0,0.0006758158,0
non-tumour/TCGA-CA-5796-01Z-00-DX1_5632_39936.jpg,TCGA-CA-5796,TCGA-CA-5796-01Z-00-DX1,0,0.0005918234,0
non-tumour/TCGA-CA-5796-01Z-00-DX1_6144_31232.jpg,TCGA-CA-5796,TCGA-CA-5796-01Z-00-DX1,0,0.35760957,0
non-tumour/TCGA-CA-5796-01Z-00-DX1_6144_33280.jpg,TCGA-CA-5796,TCGA-CA-5796-01Z-00-DX1,0,0.005643878,0
non-tumour/TCGA-CA-5796-01Z-00-DX1_6144_33792.jpg,TCGA-CA-5796,TCGA-CA-5796-01Z-00-DX1,0,0.001202434,0
non-tumour/TCGA-CA-5796-01Z-00-DX1_6144_34304.jpg,TCGA-CA-5796,TCGA-CA-5796-01Z-00-DX1,0,0.013432418,0
non-tumour/TCGA-CA-5796-01Z-00-DX1_6144_34816.jpg,TCGA-CA-5796,TCGA-CA-5796-01Z-00-DX1,0,0.056495164,0
non-tumour/TCGA-CA-5796-01Z-00-DX1_6144_35328.jpg,TCGA-CA-5796,TCGA-CA-5796-01Z-00-DX1,0,0.09622415,0
non-tumour/TCGA-CA-5796-01Z-00-DX1_6144_36864.jpg,TCGA-CA-5796,TCGA-CA-5796-01Z-00-DX1,0,0.0045391773,0
non-tumour/TCGA-CA-5796-01Z-00-DX1_6144_37376.jpg,TCGA-CA-5796,TCGA-CA-5796-01Z-00-DX1,0,0.0001915151,0
non-tumour/TCGA-CA-5796-01Z-00-DX1_6144_37888.jpg,TCGA-CA-5796,TCGA-CA-5796-01Z-00-DX1,0,0.0009098168,0
non-tumour/TCGA-CA-5796-01Z-00-DX1_6144_38912.jpg,TCGA-CA-5796,TCGA-CA-5796-01Z-00-DX1,0,0.00060105463,0
non-tumour/TCGA-CA-5796-01Z-00-DX1_6144_39936.jpg,TCGA-CA-5796,TCGA-CA-5796-01Z-00-DX1,0,0.3234586,0
non-tumour/TCGA-CA-5796-01Z-00-DX1_6656_30720.jpg,TCGA-CA-5796,TCGA-CA-5796-01Z-00-DX1,0,0.08540277,0
non-tumour/TCGA-CA-5796-01Z-00-DX1_6656_31232.jpg,TCGA-CA-5796,TCGA-CA-5796-01Z-00-DX1,0,0.1690546,0
non-tumour/TCGA-CA-5796-01Z-00-DX1_6656_31744.jpg,TCGA-CA-5796,TCGA-CA-5796-01Z-00-DX1,0,0.0049314545,0
non-tumour/TCGA-CA-5796-01Z-00-DX1_6656_32256.jpg,TCGA-CA-5796,TCGA-CA-5796-01Z-00-DX1,0,0.010857744,0
non-tumour/TCGA-CA-5796-01Z-00-DX1_6656_32768.jpg,TCGA-CA-5796,TCGA-CA-5796-01Z-00-DX1,0,0.049887724,0
non-tumour/TCGA-CA-5796-01Z-00-DX1_6656_34304.jpg,TCGA-CA-5796,TCGA-CA-5796-01Z-00-DX1,0,0.0064359982,0
non-tumour/TCGA-CA-5796-01Z-00-DX1_6656_35840.jpg,TCGA-CA-5796,TCGA-CA-5796-01Z-00-DX1,0,0.023989681,0
non-tumour/TCGA-CA-5796-01Z-00-DX1_6656_36864.jpg,TCGA-CA-5796,TCGA-CA-5796-01Z-00-DX1,0,0.0012345174,0
non-tumour/TCGA-CA-5796-01Z-00-DX1_6656_37376.jpg,TCGA-CA-5796,TCGA-CA-5796-01Z-00-DX1,0,0.0012676192,0
non-tumour/TCGA-CA-5796-01Z-00-DX1_6656_37888.jpg,TCGA-CA-5796,TCGA-CA-5796-01Z-00-DX1,0,0.00042531718,0
non-tumour/TCGA-CA-5796-01Z-00-DX1_6656_39936.jpg,TCGA-CA-5796,TCGA-CA-5796-01Z-00-DX1,0,0.004019423,0
non-tumour/TCGA-CA-5796-01Z-00-DX1_7168_30720.jpg,TCGA-CA-5796,TCGA-CA-5796-01Z-00-DX1,0,0.6084665,1
non-tumour/TCGA-CA-5796-01Z-00-DX1_7168_31232.jpg,TCGA-CA-5796,TCGA-CA-5796-01Z-00-DX1,0,0.15134728,0
non-tumour/TCGA-CA-5796-01Z-00-DX1_7168_31744.jpg,TCGA-CA-5796,TCGA-CA-5796-01Z-00-DX1,0,0.0010461794,0
non-tumour/TCGA-CA-5796-01Z-00-DX1_7168_32256.jpg,TCGA-CA-5796,TCGA-CA-5796-01Z-00-DX1,0,0.056844547,0
non-tumour/TCGA-CA-5796-01Z-00-DX1_7168_32768.jpg,TCGA-CA-5796,TCGA-CA-5796-01Z-00-DX1,0,0.0059221047,0
non-tumour/TCGA-CA-5796-01Z-00-DX1_7168_33280.jpg,TCGA-CA-5796,TCGA-CA-5796-01Z-00-DX1,0,0.020017348,0
non-tumour/TCGA-CA-5796-01Z-00-DX1_7168_34304.jpg,TCGA-CA-5796,TCGA-CA-5796-01Z-00-DX1,0,0.048589833,0
non-tumour/TCGA-CA-5796-01Z-00-DX1_7168_34816.jpg,TCGA-CA-5796,TCGA-CA-5796-01Z-00-DX1,0,0.0068978416,0
non-tumour/TCGA-CA-5796-01Z-00-DX1_7168_35840.jpg,TCGA-CA-5796,TCGA-CA-5796-01Z-00-DX1,0,0.39571908,0
non-tumour/TCGA-CA-5796-01Z-00-DX1_7168_37376.jpg,TCGA-CA-5796,TCGA-CA-5796-01Z-00-DX1,0,0.015767265,0
non-tumour/TCGA-CA-5796-01Z-00-DX1_7168_38400.jpg,TCGA-CA-5796,TCGA-CA-5796-01Z-00-DX1,0,0.000646284,0
non-tumour/TCGA-CA-5796-01Z-00-DX1_7680_30208.jpg,TCGA-CA-5796,TCGA-CA-5796-01Z-00-DX1,0,0.017479576,0
non-tumour/TCGA-CA-5796-01Z-00-DX1_7680_31232.jpg,TCGA-CA-5796,TCGA-CA-5796-01Z-00-DX1,0,0.07154747,0
non-tumour/TCGA-CA-5796-01Z-00-DX1_7680_32256.jpg,TCGA-CA-5796,TCGA-CA-5796-01Z-00-DX1,0,0.08448079,0
non-tumour/TCGA-CA-5796-01Z-00-DX1_7680_32768.jpg,TCGA-CA-5796,TCGA-CA-5796-01Z-00-DX1,0,0.017632144,0
non-tumour/TCGA-CA-5796-01Z-00-DX1_7680_35328.jpg,TCGA-CA-5796,TCGA-CA-5796-01Z-00-DX1,0,0.30805263,0
non-tumour/TCGA-CA-5796-01Z-00-DX1_7680_37376.jpg,TCGA-CA-5796,TCGA-CA-5796-01Z-00-DX1,0,0.041280236,0
non-tumour/TCGA-CA-5796-01Z-00-DX1_7680_38400.jpg,TCGA-CA-5796,TCGA-CA-5796-01Z-00-DX1,0,0.00044426578,0
non-tumour/TCGA-CA-5796-01Z-00-DX1_7680_39424.jpg,TCGA-CA-5796,TCGA-CA-5796-01Z-00-DX1,0,0.052498292,0
non-tumour/TCGA-CA-5796-01Z-00-DX1_7680_39936.jpg,TCGA-CA-5796,TCGA-CA-5796-01Z-00-DX1,0,0.10077919,0
non-tumour/TCGA-CA-5796-01Z-00-DX1_8192_29696.jpg,TCGA-CA-5796,TCGA-CA-5796-01Z-00-DX1,0,0.016359009,0
non-tumour/TCGA-CA-5796-01Z-00-DX1_8192_30208.jpg,TCGA-CA-5796,TCGA-CA-5796-01Z-00-DX1,0,0.007110051,0
non-tumour/TCGA-CA-5796-01Z-00-DX1_8192_31232.jpg,TCGA-CA-5796,TCGA-CA-5796-01Z-00-DX1,0,0.0955565,0
non-tumour/TCGA-CA-5796-01Z-00-DX1_8192_31744.jpg,TCGA-CA-5796,TCGA-CA-5796-01Z-00-DX1,0,0.013173557,0
non-tumour/TCGA-CA-5796-01Z-00-DX1_8192_32256.jpg,TCGA-CA-5796,TCGA-CA-5796-01Z-00-DX1,0,0.42935783,0
non-tumour/TCGA-CA-5796-01Z-00-DX1_8192_32768.jpg,TCGA-CA-5796,TCGA-CA-5796-01Z-00-DX1,0,0.011923833,0
non-tumour/TCGA-CA-5796-01Z-00-DX1_8192_33280.jpg,TCGA-CA-5796,TCGA-CA-5796-01Z-00-DX1,0,0.04919534,0
non-tumour/TCGA-CA-5796-01Z-00-DX1_8192_34304.jpg,TCGA-CA-5796,TCGA-CA-5796-01Z-00-DX1,0,0.0873172,0
non-tumour/TCGA-CA-5796-01Z-00-DX1_8192_35328.jpg,TCGA-CA-5796,TCGA-CA-5796-01Z-00-DX1,0,0.014179976,0
non-tumour/TCGA-CA-5796-01Z-00-DX1_8192_35840.jpg,TCGA-CA-5796,TCGA-CA-5796-01Z-00-DX1,0,0.12305884,0
non-tumour/TCGA-CA-5796-01Z-00-DX1_8192_36352.jpg,TCGA-CA-5796,TCGA-CA-5796-01Z-00-DX1,0,0.11685571,0
non-tumour/TCGA-CA-5796-01Z-00-DX1_8192_36864.jpg,TCGA-CA-5796,TCGA-CA-5796-01Z-00-DX1,0,0.020801311,0
non-tumour/TCGA-CA-5796-01Z-00-DX1_8192_37376.jpg,TCGA-CA-5796,TCGA-CA-5796-01Z-00-DX1,0,0.02806048,0
non-tumour/TCGA-CA-5796-01Z-00-DX1_8192_37888.jpg,TCGA-CA-5796,TCGA-CA-5796-01Z-00-DX1,0,0.04900727,0
non-tumour/TCGA-CA-5796-01Z-00-DX1_8192_38912.jpg,TCGA-CA-5796,TCGA-CA-5796-01Z-00-DX1,0,0.08343727,0
non-tumour/TCGA-CA-5796-01Z-00-DX1_8704_29184.jpg,TCGA-CA-5796,TCGA-CA-5796-01Z-00-DX1,0,0.002402844,0
non-tumour/TCGA-CA-5796-01Z-00-DX1_8704_29696.jpg,TCGA-CA-5796,TCGA-CA-5796-01Z-00-DX1,0,0.0028721688,0
non-tumour/TCGA-CA-5796-01Z-00-DX1_8704_30208.jpg,TCGA-CA-5796,TCGA-CA-5796-01Z-00-DX1,0,0.06053026,0
non-tumour/TCGA-CA-5796-01Z-00-DX1_8704_30720.jpg,TCGA-CA-5796,TCGA-CA-5796-01Z-00-DX1,0,0.17457402,0
non-tumour/TCGA-CA-5796-01Z-00-DX1_8704_31232.jpg,TCGA-CA-5796,TCGA-CA-5796-01Z-00-DX1,0,0.15943442,0
non-tumour/TCGA-CA-5796-01Z-00-DX1_8704_31744.jpg,TCGA-CA-5796,TCGA-CA-5796-01Z-00-DX1,0,0.09757687,0
non-tumour/TCGA-CA-5796-01Z-00-DX1_8704_32256.jpg,TCGA-CA-5796,TCGA-CA-5796-01Z-00-DX1,0,0.00780541,0
non-tumour/TCGA-CA-5796-01Z-00-DX1_8704_32768.jpg,TCGA-CA-5796,TCGA-CA-5796-01Z-00-DX1,0,0.10580937,0
non-tumour/TCGA-CA-5796-01Z-00-DX1_8704_33280.jpg,TCGA-CA-5796,TCGA-CA-5796-01Z-00-DX1,0,0.009979061,0
non-tumour/TCGA-CA-5796-01Z-00-DX1_8704_34816.jpg,TCGA-CA-5796,TCGA-CA-5796-01Z-00-DX1,0,0.001402031,0
non-tumour/TCGA-CA-5796-01Z-00-DX1_8704_35840.jpg,TCGA-CA-5796,TCGA-CA-5796-01Z-00-DX1,0,0.43097457,0
non-tumour/TCGA-CA-5796-01Z-00-DX1_8704_36352.jpg,TCGA-CA-5796,TCGA-CA-5796-01Z-00-DX1,0,0.0018625994,0
non-tumour/TCGA-CA-5796-01Z-00-DX1_8704_36864.jpg,TCGA-CA-5796,TCGA-CA-5796-01Z-00-DX1,0,0.015820842,0
non-tumour/TCGA-CA-5796-01Z-00-DX1_9216_29184.jpg,TCGA-CA-5796,TCGA-CA-5796-01Z-00-DX1,0,0.0065090074,0
non-tumour/TCGA-CA-5796-01Z-00-DX1_9216_29696.jpg,TCGA-CA-5796,TCGA-CA-5796-01Z-00-DX1,0,0.06385455,0
non-tumour/TCGA-CA-5796-01Z-00-DX1_9216_33280.jpg,TCGA-CA-5796,TCGA-CA-5796-01Z-00-DX1,0,0.0047375965,0
non-tumour/TCGA-CA-5796-01Z-00-DX1_9216_33792.jpg,TCGA-CA-5796,TCGA-CA-5796-01Z-00-DX1,0,0.0021130193,0
non-tumour/TCGA-CA-5796-01Z-00-DX1_9216_35840.jpg,TCGA-CA-5796,TCGA-CA-5796-01Z-00-DX1,0,0.024205869,0
non-tumour/TCGA-CA-5796-01Z-00-DX1_9216_36352.jpg,TCGA-CA-5796,TCGA-CA-5796-01Z-00-DX1,0,0.60022783,1
non-tumour/TCGA-CA-5796-01Z-00-DX1_9216_36864.jpg,TCGA-CA-5796,TCGA-CA-5796-01Z-00-DX1,0,0.3152225,0
non-tumour/TCGA-CA-5796-01Z-00-DX1_9216_37376.jpg,TCGA-CA-5796,TCGA-CA-5796-01Z-00-DX1,0,0.11320438,0
non-tumour/TCGA-CA-5796-01Z-00-DX1_9216_38400.jpg,TCGA-CA-5796,TCGA-CA-5796-01Z-00-DX1,0,0.42871752,0
non-tumour/TCGA-CA-5796-01Z-00-DX1_9728_28672.jpg,TCGA-CA-5796,TCGA-CA-5796-01Z-00-DX1,0,0.064376436,0
non-tumour/TCGA-CA-5796-01Z-00-DX1_9728_29696.jpg,TCGA-CA-5796,TCGA-CA-5796-01Z-00-DX1,0,0.0046061124,0
non-tumour/TCGA-CA-5796-01Z-00-DX1_9728_30208.jpg,TCGA-CA-5796,TCGA-CA-5796-01Z-00-DX1,0,0.016119381,0
non-tumour/TCGA-CA-5796-01Z-00-DX1_9728_30720.jpg,TCGA-CA-5796,TCGA-CA-5796-01Z-00-DX1,0,0.0009551556,0
non-tumour/TCGA-CA-5796-01Z-00-DX1_9728_31232.jpg,TCGA-CA-5796,TCGA-CA-5796-01Z-00-DX1,0,0.024445888,0
non-tumour/TCGA-CA-5796-01Z-00-DX1_9728_33280.jpg,TCGA-CA-5796,TCGA-CA-5796-01Z-00-DX1,0,0.2651866,0
non-tumour/TCGA-CA-5796-01Z-00-DX1_9728_33792.jpg,TCGA-CA-5796,TCGA-CA-5796-01Z-00-DX1,0,0.009842488,0
non-tumour/TCGA-CA-5796-01Z-00-DX1_9728_34816.jpg,TCGA-CA-5796,TCGA-CA-5796-01Z-00-DX1,0,0.0037920286,0
non-tumour/TCGA-CA-5796-01Z-00-DX1_9728_35328.jpg,TCGA-CA-5796,TCGA-CA-5796-01Z-00-DX1,0,0.03528329,0
non-tumour/TCGA-CA-5796-01Z-00-DX1_9728_36352.jpg,TCGA-CA-5796,TCGA-CA-5796-01Z-00-DX1,0,0.12966035,0
non-tumour/TCGA-CA-5796-01Z-00-DX1_9728_36864.jpg,TCGA-CA-5796,TCGA-CA-5796-01Z-00-DX1,0,0.08548883,0
non-tumour/TCGA-F4-6704-01Z-00-DX1_27648_8192.jpg,TCGA-F4-6704,TCGA-F4-6704-01Z-00-DX1,0,0.88052374,1
non-tumour/TCGA-F4-6704-01Z-00-DX1_28160_6144.jpg,TCGA-F4-6704,TCGA-F4-6704-01Z-00-DX1,0,0.9005014,1
non-tumour/TCGA-F4-6704-01Z-00-DX1_28160_7680.jpg,TCGA-F4-6704,TCGA-F4-6704-01Z-00-DX1,0,0.95870745,1
non-tumour/TCGA-F4-6704-01Z-00-DX1_28672_6144.jpg,TCGA-F4-6704,TCGA-F4-6704-01Z-00-DX1,0,0.3753695,0
non-tumour/TCGA-F4-6704-01Z-00-DX1_31744_14336.jpg,TCGA-F4-6704,TCGA-F4-6704-01Z-00-DX1,0,0.059326462,0
non-tumour/TCGA-F4-6704-01Z-00-DX1_31744_14848.jpg,TCGA-F4-6704,TCGA-F4-6704-01Z-00-DX1,0,0.28056762,0
non-tumour/TCGA-F4-6704-01Z-00-DX1_32256_14336.jpg,TCGA-F4-6704,TCGA-F4-6704-01Z-00-DX1,0,0.8450916,1
non-tumour/TCGA-G4-6315-01Z-00-DX1_10240_10752.jpg,TCGA-G4-6315,TCGA-G4-6315-01Z-00-DX1,0,0.00040669757,0
non-tumour/TCGA-G4-6315-01Z-00-DX1_10240_11776.jpg,TCGA-G4-6315,TCGA-G4-6315-01Z-00-DX1,0,0.00011984288,0
non-tumour/TCGA-G4-6315-01Z-00-DX1_10240_12288.jpg,TCGA-G4-6315,TCGA-G4-6315-01Z-00-DX1,0,0.00015917273,0
non-tumour/TCGA-G4-6315-01Z-00-DX1_10240_12800.jpg,TCGA-G4-6315,TCGA-G4-6315-01Z-00-DX1,0,0.00035563624,0
non-tumour/TCGA-G4-6315-01Z-00-DX1_10240_13824.jpg,TCGA-G4-6315,TCGA-G4-6315-01Z-00-DX1,0,0.16798793,0
non-tumour/TCGA-G4-6315-01Z-00-DX1_10240_14336.jpg,TCGA-G4-6315,TCGA-G4-6315-01Z-00-DX1,0,0.86488485,1
non-tumour/TCGA-G4-6315-01Z-00-DX1_10240_14848.jpg,TCGA-G4-6315,TCGA-G4-6315-01Z-00-DX1,0,0.38024426,0
non-tumour/TCGA-G4-6315-01Z-00-DX1_10240_15360.jpg,TCGA-G4-6315,TCGA-G4-6315-01Z-00-DX1,0,0.37479246,0
non-tumour/TCGA-G4-6315-01Z-00-DX1_10240_15872.jpg,TCGA-G4-6315,TCGA-G4-6315-01Z-00-DX1,0,5.9739054e-05,0
non-tumour/TCGA-G4-6315-01Z-00-DX1_10240_16384.jpg,TCGA-G4-6315,TCGA-G4-6315-01Z-00-DX1,0,0.0007322189,0
non-tumour/TCGA-G4-6315-01Z-00-DX1_10240_19456.jpg,TCGA-G4-6315,TCGA-G4-6315-01Z-00-DX1,0,0.25986025,0
non-tumour/TCGA-G4-6315-01Z-00-DX1_10240_20480.jpg,TCGA-G4-6315,TCGA-G4-6315-01Z-00-DX1,0,0.06212108,0
non-tumour/TCGA-G4-6315-01Z-00-DX1_10240_23040.jpg,TCGA-G4-6315,TCGA-G4-6315-01Z-00-DX1,0,0.014336794,0
non-tumour/TCGA-G4-6315-01Z-00-DX1_10240_24064.jpg,TCGA-G4-6315,TCGA-G4-6315-01Z-00-DX1,0,0.00032970888,0
non-tumour/TCGA-G4-6315-01Z-00-DX1_10240_2560.jpg,TCGA-G4-6315,TCGA-G4-6315-01Z-00-DX1,0,0.0026356457,0
non-tumour/TCGA-G4-6315-01Z-00-DX1_10240_27136.jpg,TCGA-G4-6315,TCGA-G4-6315-01Z-00-DX1,0,0.11034797,0
non-tumour/TCGA-G4-6315-01Z-00-DX1_10240_27648.jpg,TCGA-G4-6315,TCGA-G4-6315-01Z-00-DX1,0,0.05264745,0
non-tumour/TCGA-G4-6315-01Z-00-DX1_10240_29184.jpg,TCGA-G4-6315,TCGA-G4-6315-01Z-00-DX1,0,0.07005314,0
non-tumour/TCGA-G4-6315-01Z-00-DX1_10240_29696.jpg,TCGA-G4-6315,TCGA-G4-6315-01Z-00-DX1,0,0.10796446,0
non-tumour/TCGA-G4-6315-01Z-00-DX1_10240_3072.jpg,TCGA-G4-6315,TCGA-G4-6315-01Z-00-DX1,0,0.0006226242,0
non-tumour/TCGA-G4-6315-01Z-00-DX1_10240_30720.jpg,TCGA-G4-6315,TCGA-G4-6315-01Z-00-DX1,0,0.03416289,0
non-tumour/TCGA-G4-6315-01Z-00-DX1_10240_32256.jpg,TCGA-G4-6315,TCGA-G4-6315-01Z-00-DX1,0,0.050463285,0
non-tumour/TCGA-G4-6315-01Z-00-DX1_10240_33280.jpg,TCGA-G4-6315,TCGA-G4-6315-01Z-00-DX1,0,0.027670654,0
non-tumour/TCGA-G4-6315-01Z-00-DX1_10240_33792.jpg,TCGA-G4-6315,TCGA-G4-6315-01Z-00-DX1,0,0.0010540436,0
non-tumour/TCGA-G4-6315-01Z-00-DX1_10240_34816.jpg,TCGA-G4-6315,TCGA-G4-6315-01Z-00-DX1,0,0.00025402944,0
non-tumour/TCGA-G4-6315-01Z-00-DX1_10240_35328.jpg,TCGA-G4-6315,TCGA-G4-6315-01Z-00-DX1,0,0.0044244085,0
non-tumour/TCGA-G4-6315-01Z-00-DX1_10240_35840.jpg,TCGA-G4-6315,TCGA-G4-6315-01Z-00-DX1,0,0.0008618823,0
non-tumour/TCGA-G4-6315-01Z-00-DX1_10240_36352.jpg,TCGA-G4-6315,TCGA-G4-6315-01Z-00-DX1,0,0.0009899994,0
non-tumour/TCGA-G4-6315-01Z-00-DX1_10240_37376.jpg,TCGA-G4-6315,TCGA-G4-6315-01Z-00-DX1,0,0.02714359,0
non-tumour/TCGA-G4-6315-01Z-00-DX1_10240_37888.jpg,TCGA-G4-6315,TCGA-G4-6315-01Z-00-DX1,0,0.625541,1
non-tumour/TCGA-G4-6315-01Z-00-DX1_10240_6144.jpg,TCGA-G4-6315,TCGA-G4-6315-01Z-00-DX1,0,0.00031163322,0
non-tumour/TCGA-G4-6315-01Z-00-DX1_10240_6656.jpg,TCGA-G4-6315,TCGA-G4-6315-01Z-00-DX1,0,0.00022919204,0
non-tumour/TCGA-G4-6315-01Z-00-DX1_10240_8192.jpg,TCGA-G4-6315,TCGA-G4-6315-01Z-00-DX1,0,0.00010805214,0
non-tumour/TCGA-G4-6315-01Z-00-DX1_10240_8704.jpg,TCGA-G4-6315,TCGA-G4-6315-01Z-00-DX1,0,0.0006668345,0
non-tumour/TCGA-G4-6315-01Z-00-DX1_10240_9216.jpg,TCGA-G4-6315,TCGA-G4-6315-01Z-00-DX1,0,0.0009361312,0
non-tumour/TCGA-G4-6315-01Z-00-DX1_10752_10240.jpg,TCGA-G4-6315,TCGA-G4-6315-01Z-00-DX1,0,7.493757e-05,0
non-tumour/TCGA-G4-6315-01Z-00-DX1_10752_10752.jpg,TCGA-G4-6315,TCGA-G4-6315-01Z-00-DX1,0,0.00015876513,0
non-tumour/TCGA-G4-6315-01Z-00-DX1_10752_11776.jpg,TCGA-G4-6315,TCGA-G4-6315-01Z-00-DX1,0,0.0003106253,0
non-tumour/TCGA-G4-6315-01Z-00-DX1_10752_12800.jpg,TCGA-G4-6315,TCGA-G4-6315-01Z-00-DX1,0,0.00045591022,0
non-tumour/TCGA-G4-6315-01Z-00-DX1_10752_13312.jpg,TCGA-G4-6315,TCGA-G4-6315-01Z-00-DX1,0,0.009649798,0
non-tumour/TCGA-G4-6315-01Z-00-DX1_10752_14336.jpg,TCGA-G4-6315,TCGA-G4-6315-01Z-00-DX1,0,0.3937838,0
non-tumour/TCGA-G4-6315-01Z-00-DX1_10752_14848.jpg,TCGA-G4-6315,TCGA-G4-6315-01Z-00-DX1,0,0.20217025,0
non-tumour/TCGA-G4-6315-01Z-00-DX1_10752_1536.jpg,TCGA-G4-6315,TCGA-G4-6315-01Z-00-DX1,0,0.041626938,0
non-tumour/TCGA-G4-6315-01Z-00-DX1_10752_15872.jpg,TCGA-G4-6315,TCGA-G4-6315-01Z-00-DX1,0,0.003169819,0
non-tumour/TCGA-G4-6315-01Z-00-DX1_10752_16384.jpg,TCGA-G4-6315,TCGA-G4-6315-01Z-00-DX1,0,0.014858386,0
non-tumour/TCGA-G4-6315-01Z-00-DX1_10752_16896.jpg,TCGA-G4-6315,TCGA-G4-6315-01Z-00-DX1,0,0.06430298,0
non-tumour/TCGA-G4-6315-01Z-00-DX1_10752_17408.jpg,TCGA-G4-6315,TCGA-G4-6315-01Z-00-DX1,0,0.008186822,0
non-tumour/TCGA-G4-6315-01Z-00-DX1_10752_19456.jpg,TCGA-G4-6315,TCGA-G4-6315-01Z-00-DX1,0,0.17108524,0
non-tumour/TCGA-G4-6315-01Z-00-DX1_10752_19968.jpg,TCGA-G4-6315,TCGA-G4-6315-01Z-00-DX1,0,0.20886439,0
non-tumour/TCGA-G4-6315-01Z-00-DX1_10752_2048.jpg,TCGA-G4-6315,TCGA-G4-6315-01Z-00-DX1,0,0.00021015301,0
non-tumour/TCGA-G4-6315-01Z-00-DX1_10752_20992.jpg,TCGA-G4-6315,TCGA-G4-6315-01Z-00-DX1,0,0.011536178,0
non-tumour/TCGA-G4-6315-01Z-00-DX1_10752_22016.jpg,TCGA-G4-6315,TCGA-G4-6315-01Z-00-DX1,0,0.0040798658,0
non-tumour/TCGA-G4-6315-01Z-00-DX1_10752_23552.jpg,TCGA-G4-6315,TCGA-G4-6315-01Z-00-DX1,0,0.021468963,0
non-tumour/TCGA-G4-6315-01Z-00-DX1_10752_24064.jpg,TCGA-G4-6315,TCGA-G4-6315-01Z-00-DX1,0,0.010545697,0
non-tumour/TCGA-G4-6315-01Z-00-DX1_10752_24576.jpg,TCGA-G4-6315,TCGA-G4-6315-01Z-00-DX1,0,0.21336561,0
non-tumour/TCGA-G4-6315-01Z-00-DX1_10752_25088.jpg,TCGA-G4-6315,TCGA-G4-6315-01Z-00-DX1,0,0.06259114,0
non-tumour/TCGA-G4-6315-01Z-00-DX1_10752_25600.jpg,TCGA-G4-6315,TCGA-G4-6315-01Z-00-DX1,0,0.026964732,0
non-tumour/TCGA-G4-6315-01Z-00-DX1_10752_26112.jpg,TCGA-G4-6315,TCGA-G4-6315-01Z-00-DX1,0,0.018937562,0
non-tumour/TCGA-G4-6315-01Z-00-DX1_10752_31232.jpg,TCGA-G4-6315,TCGA-G4-6315-01Z-00-DX1,0,0.08352655,0
non-tumour/TCGA-G4-6315-01Z-00-DX1_10752_32768.jpg,TCGA-G4-6315,TCGA-G4-6315-01Z-00-DX1,0,0.002165633,0
non-tumour/TCGA-G4-6315-01Z-00-DX1_10752_33280.jpg,TCGA-G4-6315,TCGA-G4-6315-01Z-00-DX1,0,0.0021231864,0
non-tumour/TCGA-G4-6315-01Z-00-DX1_10752_33792.jpg,TCGA-G4-6315,TCGA-G4-6315-01Z-00-DX1,0,0.0029824574,0
non-tumour/TCGA-G4-6315-01Z-00-DX1_10752_34304.jpg,TCGA-G4-6315,TCGA-G4-6315-01Z-00-DX1,0,0.008058609,0
non-tumour/TCGA-G4-6315-01Z-00-DX1_10752_34816.jpg,TCGA-G4-6315,TCGA-G4-6315-01Z-00-DX1,0,0.0003423686,0
non-tumour/TCGA-G4-6315-01Z-00-DX1_10752_35328.jpg,TCGA-G4-6315,TCGA-G4-6315-01Z-00-DX1,0,0.00024429173,0
non-tumour/TCGA-G4-6315-01Z-00-DX1_10752_3584.jpg,TCGA-G4-6315,TCGA-G4-6315-01Z-00-DX1,0,0.01366024,0
non-tumour/TCGA-G4-6315-01Z-00-DX1_10752_35840.jpg,TCGA-G4-6315,TCGA-G4-6315-01Z-00-DX1,0,0.00031293815,0
non-tumour/TCGA-G4-6315-01Z-00-DX1_10752_36352.jpg,TCGA-G4-6315,TCGA-G4-6315-01Z-00-DX1,0,1.292564e-05,0
non-tumour/TCGA-G4-6315-01Z-00-DX1_10752_37888.jpg,TCGA-G4-6315,TCGA-G4-6315-01Z-00-DX1,0,0.17430297,0
non-tumour/TCGA-G4-6315-01Z-00-DX1_10752_4096.jpg,TCGA-G4-6315,TCGA-G4-6315-01Z-00-DX1,0,0.0030723554,0
non-tumour/TCGA-G4-6315-01Z-00-DX1_10752_5632.jpg,TCGA-G4-6315,TCGA-G4-6315-01Z-00-DX1,0,4.5896813e-05,0
non-tumour/TCGA-G4-6315-01Z-00-DX1_10752_6144.jpg,TCGA-G4-6315,TCGA-G4-6315-01Z-00-DX1,0,2.7403477e-05,0
non-tumour/TCGA-G4-6315-01Z-00-DX1_10752_6656.jpg,TCGA-G4-6315,TCGA-G4-6315-01Z-00-DX1,0,0.0008229315,0
non-tumour/TCGA-G4-6315-01Z-00-DX1_10752_8704.jpg,TCGA-G4-6315,TCGA-G4-6315-01Z-00-DX1,0,0.00012025235,0
non-tumour/TCGA-G4-6315-01Z-00-DX1_10752_9728.jpg,TCGA-G4-6315,TCGA-G4-6315-01Z-00-DX1,0,0.00012512864,0
non-tumour/TCGA-G4-6315-01Z-00-DX1_11264_10240.jpg,TCGA-G4-6315,TCGA-G4-6315-01Z-00-DX1,0,0.00017295308,0
non-tumour/TCGA-G4-6315-01Z-00-DX1_11264_11264.jpg,TCGA-G4-6315,TCGA-G4-6315-01Z-00-DX1,0,0.0003980954,0
non-tumour/TCGA-G4-6315-01Z-00-DX1_11264_12800.jpg,TCGA-G4-6315,TCGA-G4-6315-01Z-00-DX1,0,0.10045875,0
non-tumour/TCGA-G4-6315-01Z-00-DX1_11264_14336.jpg,TCGA-G4-6315,TCGA-G4-6315-01Z-00-DX1,0,0.039680902,0
non-tumour/TCGA-G4-6315-01Z-00-DX1_11264_14848.jpg,TCGA-G4-6315,TCGA-G4-6315-01Z-00-DX1,0,0.051084273,0
non-tumour/TCGA-G4-6315-01Z-00-DX1_11264_15360.jpg,TCGA-G4-6315,TCGA-G4-6315-01Z-00-DX1,0,0.57067543,1
non-tumour/TCGA-G4-6315-01Z-00-DX1_11264_16384.jpg,TCGA-G4-6315,TCGA-G4-6315-01Z-00-DX1,0,0.353457,0
non-tumour/TCGA-G4-6315-01Z-00-DX1_11264_17920.jpg,TCGA-G4-6315,TCGA-G4-6315-01Z-00-DX1,0,0.06784876,0
non-tumour/TCGA-G4-6315-01Z-00-DX1_11264_19456.jpg,TCGA-G4-6315,TCGA-G4-6315-01Z-00-DX1,0,0.048057336,0
non-tumour/TCGA-G4-6315-01Z-00-DX1_11264_2048.jpg,TCGA-G4-6315,TCGA-G4-6315-01Z-00-DX1,0,0.0024800354,0
non-tumour/TCGA-G4-6315-01Z-00-DX1_11264_23040.jpg,TCGA-G4-6315,TCGA-G4-6315-01Z-00-DX1,0,0.001466339,0
non-tumour/TCGA-G4-6315-01Z-00-DX1_11264_24576.jpg,TCGA-G4-6315,TCGA-G4-6315-01Z-00-DX1,0,0.0043500825,0
non-tumour/TCGA-G4-6315-01Z-00-DX1_11264_25088.jpg,TCGA-G4-6315,TCGA-G4-6315-01Z-00-DX1,0,0.08412658,0
non-tumour/TCGA-G4-6315-01Z-00-DX1_11264_2560.jpg,TCGA-G4-6315,TCGA-G4-6315-01Z-00-DX1,0,0.00046355356,0
non-tumour/TCGA-G4-6315-01Z-00-DX1_11264_25600.jpg,TCGA-G4-6315,TCGA-G4-6315-01Z-00-DX1,0,0.13039201,0
non-tumour/TCGA-G4-6315-01Z-00-DX1_11264_27648.jpg,TCGA-G4-6315,TCGA-G4-6315-01Z-00-DX1,0,0.0058086202,0
non-tumour/TCGA-G4-6315-01Z-00-DX1_11264_28672.jpg,TCGA-G4-6315,TCGA-G4-6315-01Z-00-DX1,0,0.00047481197,0
non-tumour/TCGA-G4-6315-01Z-00-DX1_11264_29696.jpg,TCGA-G4-6315,TCGA-G4-6315-01Z-00-DX1,0,0.015480745,0
non-tumour/TCGA-G4-6315-01Z-00-DX1_11264_30208.jpg,TCGA-G4-6315,TCGA-G4-6315-01Z-00-DX1,0,0.10278175,0
non-tumour/TCGA-G4-6315-01Z-00-DX1_11264_3072.jpg,TCGA-G4-6315,TCGA-G4-6315-01Z-00-DX1,0,0.00092107424,0
non-tumour/TCGA-G4-6315-01Z-00-DX1_11264_30720.jpg,TCGA-G4-6315,TCGA-G4-6315-01Z-00-DX1,0,0.028814768,0
non-tumour/TCGA-G4-6315-01Z-00-DX1_11264_31744.jpg,TCGA-G4-6315,TCGA-G4-6315-01Z-00-DX1,0,0.050163172,0
non-tumour/TCGA-G4-6315-01Z-00-DX1_11264_32256.jpg,TCGA-G4-6315,TCGA-G4-6315-01Z-00-DX1,0,0.04590545,0
non-tumour/TCGA-G4-6315-01Z-00-DX1_11264_34816.jpg,TCGA-G4-6315,TCGA-G4-6315-01Z-00-DX1,0,0.0009210611,0
non-tumour/TCGA-G4-6315-01Z-00-DX1_11264_35328.jpg,TCGA-G4-6315,TCGA-G4-6315-01Z-00-DX1,0,3.7484147e-05,0
non-tumour/TCGA-G4-6315-01Z-00-DX1_11264_3584.jpg,TCGA-G4-6315,TCGA-G4-6315-01Z-00-DX1,0,0.0019655752,0
non-tumour/TCGA-G4-6315-01Z-00-DX1_11264_35840.jpg,TCGA-G4-6315,TCGA-G4-6315-01Z-00-DX1,0,0.00013764795,0
non-tumour/TCGA-G4-6315-01Z-00-DX1_11264_36864.jpg,TCGA-G4-6315,TCGA-G4-6315-01Z-00-DX1,0,0.00015017726,0
non-tumour/TCGA-G4-6315-01Z-00-DX1_11264_37376.jpg,TCGA-G4-6315,TCGA-G4-6315-01Z-00-DX1,0,0.0006155434,0
non-tumour/TCGA-G4-6315-01Z-00-DX1_11264_6656.jpg,TCGA-G4-6315,TCGA-G4-6315-01Z-00-DX1,0,0.0018709326,0
non-tumour/TCGA-G4-6315-01Z-00-DX1_11264_8704.jpg,TCGA-G4-6315,TCGA-G4-6315-01Z-00-DX1,0,4.4563374e-05,0
non-tumour/TCGA-G4-6315-01Z-00-DX1_11776_10240.jpg,TCGA-G4-6315,TCGA-G4-6315-01Z-00-DX1,0,2.9595116e-05,0
non-tumour/TCGA-G4-6315-01Z-00-DX1_11776_11264.jpg,TCGA-G4-6315,TCGA-G4-6315-01Z-00-DX1,0,7.940928e-05,0
non-tumour/TCGA-G4-6315-01Z-00-DX1_11776_15872.jpg,TCGA-G4-6315,TCGA-G4-6315-01Z-00-DX1,0,0.6776231,1
non-tumour/TCGA-G4-6315-01Z-00-DX1_11776_19456.jpg,TCGA-G4-6315,TCGA-G4-6315-01Z-00-DX1,0,0.22511862,0
non-tumour/TCGA-G4-6315-01Z-00-DX1_11776_19968.jpg,TCGA-G4-6315,TCGA-G4-6315-01Z-00-DX1,0,0.026255008,0
non-tumour/TCGA-G4-6315-01Z-00-DX1_11776_2048.jpg,TCGA-G4-6315,TCGA-G4-6315-01Z-00-DX1,0,0.00068358186,0
non-tumour/TCGA-G4-6315-01Z-00-DX1_11776_21504.jpg,TCGA-G4-6315,TCGA-G4-6315-01Z-00-DX1,0,0.0028166536,0
non-tumour/TCGA-G4-6315-01Z-00-DX1_11776_22016.jpg,TCGA-G4-6315,TCGA-G4-6315-01Z-00-DX1,0,0.0017492765,0
non-tumour/TCGA-G4-6315-01Z-00-DX1_11776_22528.jpg,TCGA-G4-6315,TCGA-G4-6315-01Z-00-DX1,0,0.028029803,0
non-tumour/TCGA-G4-6315-01Z-00-DX1_11776_25600.jpg,TCGA-G4-6315,TCGA-G4-6315-01Z-00-DX1,0,0.0011989092,0
non-tumour/TCGA-G4-6315-01Z-00-DX1_11776_27648.jpg,TCGA-G4-6315,TCGA-G4-6315-01Z-00-DX1,0,0.0016029434,0
non-tumour/TCGA-G4-6315-01Z-00-DX1_11776_30208.jpg,TCGA-G4-6315,TCGA-G4-6315-01Z-00-DX1,0,0.029188696,0
non-tumour/TCGA-G4-6315-01Z-00-DX1_11776_3072.jpg,TCGA-G4-6315,TCGA-G4-6315-01Z-00-DX1,0,0.0011115136,0
non-tumour/TCGA-G4-6315-01Z-00-DX1_11776_30720.jpg,TCGA-G4-6315,TCGA-G4-6315-01Z-00-DX1,0,0.023617342,0
non-tumour/TCGA-G4-6315-01Z-00-DX1_11776_31232.jpg,TCGA-G4-6315,TCGA-G4-6315-01Z-00-DX1,0,0.028163552,0
non-tumour/TCGA-G4-6315-01Z-00-DX1_11776_31744.jpg,TCGA-G4-6315,TCGA-G4-6315-01Z-00-DX1,0,0.0031614301,0
non-tumour/TCGA-G4-6315-01Z-00-DX1_11776_32256.jpg,TCGA-G4-6315,TCGA-G4-6315-01Z-00-DX1,0,0.004921011,0
non-tumour/TCGA-G4-6315-01Z-00-DX1_11776_33792.jpg,TCGA-G4-6315,TCGA-G4-6315-01Z-00-DX1,0,0.0027866913,0
non-tumour/TCGA-G4-6315-01Z-00-DX1_11776_34304.jpg,TCGA-G4-6315,TCGA-G4-6315-01Z-00-DX1,0,0.002191153,0
non-tumour/TCGA-G4-6315-01Z-00-DX1_11776_34816.jpg,TCGA-G4-6315,TCGA-G4-6315-01Z-00-DX1,0,0.0054557496,0
non-tumour/TCGA-G4-6315-01Z-00-DX1_11776_35328.jpg,TCGA-G4-6315,TCGA-G4-6315-01Z-00-DX1,0,0.006197623,0
non-tumour/TCGA-G4-6315-01Z-00-DX1_11776_35840.jpg,TCGA-G4-6315,TCGA-G4-6315-01Z-00-DX1,0,0.013122112,0
non-tumour/TCGA-G4-6315-01Z-00-DX1_11776_37376.jpg,TCGA-G4-6315,TCGA-G4-6315-01Z-00-DX1,0,0.010826631,0
non-tumour/TCGA-G4-6315-01Z-00-DX1_11776_38400.jpg,TCGA-G4-6315,TCGA-G4-6315-01Z-00-DX1,0,0.19921596,0
non-tumour/TCGA-G4-6315-01Z-00-DX1_11776_5632.jpg,TCGA-G4-6315,TCGA-G4-6315-01Z-00-DX1,0,0.0023273793,0
non-tumour/TCGA-G4-6315-01Z-00-DX1_11776_7680.jpg,TCGA-G4-6315,TCGA-G4-6315-01Z-00-DX1,0,0.0017406248,0
non-tumour/TCGA-G4-6315-01Z-00-DX1_11776_8704.jpg,TCGA-G4-6315,TCGA-G4-6315-01Z-00-DX1,0,0.0010644738,0
non-tumour/TCGA-G4-6315-01Z-00-DX1_11776_9216.jpg,TCGA-G4-6315,TCGA-G4-6315-01Z-00-DX1,0,7.068071e-05,0
non-tumour/TCGA-G4-6315-01Z-00-DX1_12288_10240.jpg,TCGA-G4-6315,TCGA-G4-6315-01Z-00-DX1,0,0.000114011,0
non-tumour/TCGA-G4-6315-01Z-00-DX1_12288_10752.jpg,TCGA-G4-6315,TCGA-G4-6315-01Z-00-DX1,0,0.00011998639,0
non-tumour/TCGA-G4-6315-01Z-00-DX1_12288_11264.jpg,TCGA-G4-6315,TCGA-G4-6315-01Z-00-DX1,0,0.0013200627,0
non-tumour/TCGA-G4-6315-01Z-00-DX1_12288_12288.jpg,TCGA-G4-6315,TCGA-G4-6315-01Z-00-DX1,0,0.20746408,0
non-tumour/TCGA-G4-6315-01Z-00-DX1_12288_12800.jpg,TCGA-G4-6315,TCGA-G4-6315-01Z-00-DX1,0,0.18099265,0
non-tumour/TCGA-G4-6315-01Z-00-DX1_12288_14336.jpg,TCGA-G4-6315,TCGA-G4-6315-01Z-00-DX1,0,0.040228717,0
non-tumour/TCGA-G4-6315-01Z-00-DX1_12288_14848.jpg,TCGA-G4-6315,TCGA-G4-6315-01Z-00-DX1,0,0.10443174,0
non-tumour/TCGA-G4-6315-01Z-00-DX1_12288_15360.jpg,TCGA-G4-6315,TCGA-G4-6315-01Z-00-DX1,0,0.52077276,1
non-tumour/TCGA-G4-6315-01Z-00-DX1_12288_16384.jpg,TCGA-G4-6315,TCGA-G4-6315-01Z-00-DX1,0,0.2507744,0
non-tumour/TCGA-G4-6315-01Z-00-DX1_12288_19968.jpg,TCGA-G4-6315,TCGA-G4-6315-01Z-00-DX1,0,0.00678763,0
non-tumour/TCGA-G4-6315-01Z-00-DX1_12288_2048.jpg,TCGA-G4-6315,TCGA-G4-6315-01Z-00-DX1,0,0.00085341523,0
non-tumour/TCGA-G4-6315-01Z-00-DX1_12288_22016.jpg,TCGA-G4-6315,TCGA-G4-6315-01Z-00-DX1,0,0.002511,0
non-tumour/TCGA-G4-6315-01Z-00-DX1_12288_22528.jpg,TCGA-G4-6315,TCGA-G4-6315-01Z-00-DX1,0,0.0015927675,0
non-tumour/TCGA-G4-6315-01Z-00-DX1_12288_23040.jpg,TCGA-G4-6315,TCGA-G4-6315-01Z-00-DX1,0,0.0004619309,0
non-tumour/TCGA-G4-6315-01Z-00-DX1_12288_23552.jpg,TCGA-G4-6315,TCGA-G4-6315-01Z-00-DX1,0,0.00015418715,0
non-tumour/TCGA-G4-6315-01Z-00-DX1_12288_2560.jpg,TCGA-G4-6315,TCGA-G4-6315-01Z-00-DX1,0,0.002646363,0
non-tumour/TCGA-G4-6315-01Z-00-DX1_12288_25600.jpg,TCGA-G4-6315,TCGA-G4-6315-01Z-00-DX1,0,0.00034476773,0
non-tumour/TCGA-G4-6315-01Z-00-DX1_12288_27136.jpg,TCGA-G4-6315,TCGA-G4-6315-01Z-00-DX1,0,0.0015486218,0
non-tumour/TCGA-G4-6315-01Z-00-DX1_12288_29696.jpg,TCGA-G4-6315,TCGA-G4-6315-01Z-00-DX1,0,0.046319615,0
non-tumour/TCGA-G4-6315-01Z-00-DX1_12288_30208.jpg,TCGA-G4-6315,TCGA-G4-6315-01Z-00-DX1,0,0.048681673,0
non-tumour/TCGA-G4-6315-01Z-00-DX1_12288_3072.jpg,TCGA-G4-6315,TCGA-G4-6315-01Z-00-DX1,0,0.053521167,0
non-tumour/TCGA-G4-6315-01Z-00-DX1_12288_30720.jpg,TCGA-G4-6315,TCGA-G4-6315-01Z-00-DX1,0,0.04380801,0
non-tumour/TCGA-G4-6315-01Z-00-DX1_12288_31232.jpg,TCGA-G4-6315,TCGA-G4-6315-01Z-00-DX1,0,0.5385917,1
non-tumour/TCGA-G4-6315-01Z-00-DX1_12288_33280.jpg,TCGA-G4-6315,TCGA-G4-6315-01Z-00-DX1,0,0.07607498,0
non-tumour/TCGA-G4-6315-01Z-00-DX1_12288_33792.jpg,TCGA-G4-6315,TCGA-G4-6315-01Z-00-DX1,0,0.016860398,0
non-tumour/TCGA-G4-6315-01Z-00-DX1_12288_34816.jpg,TCGA-G4-6315,TCGA-G4-6315-01Z-00-DX1,0,0.10392933,0
non-tumour/TCGA-G4-6315-01Z-00-DX1_12288_35328.jpg,TCGA-G4-6315,TCGA-G4-6315-01Z-00-DX1,0,0.052686278,0
non-tumour/TCGA-G4-6315-01Z-00-DX1_12288_3584.jpg,TCGA-G4-6315,TCGA-G4-6315-01Z-00-DX1,0,0.053057417,0
non-tumour/TCGA-G4-6315-01Z-00-DX1_12288_36352.jpg,TCGA-G4-6315,TCGA-G4-6315-01Z-00-DX1,0,0.16908689,0
non-tumour/TCGA-G4-6315-01Z-00-DX1_12288_36864.jpg,TCGA-G4-6315,TCGA-G4-6315-01Z-00-DX1,0,0.014767969,0
non-tumour/TCGA-G4-6315-01Z-00-DX1_12288_38400.jpg,TCGA-G4-6315,TCGA-G4-6315-01Z-00-DX1,0,0.13374072,0
non-tumour/TCGA-G4-6315-01Z-00-DX1_12288_4096.jpg,TCGA-G4-6315,TCGA-G4-6315-01Z-00-DX1,0,0.032009836,0
non-tumour/TCGA-G4-6315-01Z-00-DX1_12288_6656.jpg,TCGA-G4-6315,TCGA-G4-6315-01Z-00-DX1,0,1.842858e-05,0
non-tumour/TCGA-G4-6315-01Z-00-DX1_12288_7168.jpg,TCGA-G4-6315,TCGA-G4-6315-01Z-00-DX1,0,0.0026836758,0
non-tumour/TCGA-G4-6315-01Z-00-DX1_12288_8704.jpg,TCGA-G4-6315,TCGA-G4-6315-01Z-00-DX1,0,0.00023353408,0
non-tumour/TCGA-G4-6315-01Z-00-DX1_12288_9728.jpg,TCGA-G4-6315,TCGA-G4-6315-01Z-00-DX1,0,0.00014264008,0
non-tumour/TCGA-G4-6315-01Z-00-DX1_12800_10240.jpg,TCGA-G4-6315,TCGA-G4-6315-01Z-00-DX1,0,0.00023262117,0
non-tumour/TCGA-G4-6315-01Z-00-DX1_12800_11264.jpg,TCGA-G4-6315,TCGA-G4-6315-01Z-00-DX1,0,0.050875343,0
non-tumour/TCGA-G4-6315-01Z-00-DX1_12800_12800.jpg,TCGA-G4-6315,TCGA-G4-6315-01Z-00-DX1,0,0.12343801,0
non-tumour/TCGA-G4-6315-01Z-00-DX1_12800_1536.jpg,TCGA-G4-6315,TCGA-G4-6315-01Z-00-DX1,0,0.0024323899,0
non-tumour/TCGA-G4-6315-01Z-00-DX1_12800_15872.jpg,TCGA-G4-6315,TCGA-G4-6315-01Z-00-DX1,0,0.23516783,0
non-tumour/TCGA-G4-6315-01Z-00-DX1_12800_16896.jpg,TCGA-G4-6315,TCGA-G4-6315-01Z-00-DX1,0,0.104818396,0
non-tumour/TCGA-G4-6315-01Z-00-DX1_12800_17408.jpg,TCGA-G4-6315,TCGA-G4-6315-01Z-00-DX1,0,0.0074368897,0
non-tumour/TCGA-G4-6315-01Z-00-DX1_12800_19968.jpg,TCGA-G4-6315,TCGA-G4-6315-01Z-00-DX1,0,0.002793096,0
non-tumour/TCGA-G4-6315-01Z-00-DX1_12800_2048.jpg,TCGA-G4-6315,TCGA-G4-6315-01Z-00-DX1,0,0.031856723,0
non-tumour/TCGA-G4-6315-01Z-00-DX1_12800_20992.jpg,TCGA-G4-6315,TCGA-G4-6315-01Z-00-DX1,0,0.0045862556,0
non-tumour/TCGA-G4-6315-01Z-00-DX1_12800_21504.jpg,TCGA-G4-6315,TCGA-G4-6315-01Z-00-DX1,0,0.0063524786,0
non-tumour/TCGA-G4-6315-01Z-00-DX1_12800_22528.jpg,TCGA-G4-6315,TCGA-G4-6315-01Z-00-DX1,0,8.984805e-05,0
non-tumour/TCGA-G4-6315-01Z-00-DX1_12800_23040.jpg,TCGA-G4-6315,TCGA-G4-6315-01Z-00-DX1,0,3.0095462e-05,0
non-tumour/TCGA-G4-6315-01Z-00-DX1_12800_23552.jpg,TCGA-G4-6315,TCGA-G4-6315-01Z-00-DX1,0,0.0006823731,0
non-tumour/TCGA-G4-6315-01Z-00-DX1_12800_24576.jpg,TCGA-G4-6315,TCGA-G4-6315-01Z-00-DX1,0,8.756878e-05,0
non-tumour/TCGA-G4-6315-01Z-00-DX1_12800_2560.jpg,TCGA-G4-6315,TCGA-G4-6315-01Z-00-DX1,0,0.026904143,0
non-tumour/TCGA-G4-6315-01Z-00-DX1_12800_26624.jpg,TCGA-G4-6315,TCGA-G4-6315-01Z-00-DX1,0,0.001903464,0
non-tumour/TCGA-G4-6315-01Z-00-DX1_12800_27136.jpg,TCGA-G4-6315,TCGA-G4-6315-01Z-00-DX1,0,0.00010247843,0
non-tumour/TCGA-G4-6315-01Z-00-DX1_12800_28672.jpg,TCGA-G4-6315,TCGA-G4-6315-01Z-00-DX1,0,0.016315574,0
non-tumour/TCGA-G4-6315-01Z-00-DX1_12800_29184.jpg,TCGA-G4-6315,TCGA-G4-6315-01Z-00-DX1,0,0.0076874983,0
non-tumour/TCGA-G4-6315-01Z-00-DX1_12800_29696.jpg,TCGA-G4-6315,TCGA-G4-6315-01Z-00-DX1,0,0.5687393,1
non-tumour/TCGA-G4-6315-01Z-00-DX1_12800_30208.jpg,TCGA-G4-6315,TCGA-G4-6315-01Z-00-DX1,0,0.19490694,0
non-tumour/TCGA-G4-6315-01Z-00-DX1_12800_31744.jpg,TCGA-G4-6315,TCGA-G4-6315-01Z-00-DX1,0,0.0017011663,0
non-tumour/TCGA-G4-6315-01Z-00-DX1_12800_33792.jpg,TCGA-G4-6315,TCGA-G4-6315-01Z-00-DX1,0,0.025772974,0
non-tumour/TCGA-G4-6315-01Z-00-DX1_12800_34304.jpg,TCGA-G4-6315,TCGA-G4-6315-01Z-00-DX1,0,0.023307871,0
non-tumour/TCGA-G4-6315-01Z-00-DX1_12800_35840.jpg,TCGA-G4-6315,TCGA-G4-6315-01Z-00-DX1,0,0.0011191645,0
non-tumour/TCGA-G4-6315-01Z-00-DX1_12800_37376.jpg,TCGA-G4-6315,TCGA-G4-6315-01Z-00-DX1,0,0.0008072136,0
non-tumour/TCGA-G4-6315-01Z-00-DX1_12800_38400.jpg,TCGA-G4-6315,TCGA-G4-6315-01Z-00-DX1,0,0.01877476,0
non-tumour/TCGA-G4-6315-01Z-00-DX1_12800_5632.jpg,TCGA-G4-6315,TCGA-G4-6315-01Z-00-DX1,0,4.160253e-05,0
non-tumour/TCGA-G4-6315-01Z-00-DX1_12800_6656.jpg,TCGA-G4-6315,TCGA-G4-6315-01Z-00-DX1,0,2.0847881e-05,0
non-tumour/TCGA-G4-6315-01Z-00-DX1_12800_7680.jpg,TCGA-G4-6315,TCGA-G4-6315-01Z-00-DX1,0,2.335485e-05,0
non-tumour/TCGA-G4-6315-01Z-00-DX1_12800_8192.jpg,TCGA-G4-6315,TCGA-G4-6315-01Z-00-DX1,0,6.606884e-05,0
non-tumour/TCGA-G4-6315-01Z-00-DX1_12800_8704.jpg,TCGA-G4-6315,TCGA-G4-6315-01Z-00-DX1,0,0.00016719394,0
non-tumour/TCGA-G4-6315-01Z-00-DX1_12800_9728.jpg,TCGA-G4-6315,TCGA-G4-6315-01Z-00-DX1,0,0.00012571324,0
non-tumour/TCGA-G4-6315-01Z-00-DX1_13312_11776.jpg,TCGA-G4-6315,TCGA-G4-6315-01Z-00-DX1,0,0.041430216,0
non-tumour/TCGA-G4-6315-01Z-00-DX1_13312_12288.jpg,TCGA-G4-6315,TCGA-G4-6315-01Z-00-DX1,0,0.2418974,0
non-tumour/TCGA-G4-6315-01Z-00-DX1_13312_12800.jpg,TCGA-G4-6315,TCGA-G4-6315-01Z-00-DX1,0,0.15954319,0
non-tumour/TCGA-G4-6315-01Z-00-DX1_13312_13312.jpg,TCGA-G4-6315,TCGA-G4-6315-01Z-00-DX1,0,0.033349797,0
non-tumour/TCGA-G4-6315-01Z-00-DX1_13312_13824.jpg,TCGA-G4-6315,TCGA-G4-6315-01Z-00-DX1,0,0.035180468,0
non-tumour/TCGA-G4-6315-01Z-00-DX1_13312_15872.jpg,TCGA-G4-6315,TCGA-G4-6315-01Z-00-DX1,0,0.04846444,0
non-tumour/TCGA-G4-6315-01Z-00-DX1_13312_2048.jpg,TCGA-G4-6315,TCGA-G4-6315-01Z-00-DX1,0,0.029915638,0
non-tumour/TCGA-G4-6315-01Z-00-DX1_13312_20480.jpg,TCGA-G4-6315,TCGA-G4-6315-01Z-00-DX1,0,0.00067583896,0
non-tumour/TCGA-G4-6315-01Z-00-DX1_13312_20992.jpg,TCGA-G4-6315,TCGA-G4-6315-01Z-00-DX1,0,0.0004822412,0
non-tumour/TCGA-G4-6315-01Z-00-DX1_13312_22016.jpg,TCGA-G4-6315,TCGA-G4-6315-01Z-00-DX1,0,0.0014770769,0
non-tumour/TCGA-G4-6315-01Z-00-DX1_13312_2560.jpg,TCGA-G4-6315,TCGA-G4-6315-01Z-00-DX1,0,0.2202919,0
non-tumour/TCGA-G4-6315-01Z-00-DX1_13312_25600.jpg,TCGA-G4-6315,TCGA-G4-6315-01Z-00-DX1,0,0.0009785285,0
non-tumour/TCGA-G4-6315-01Z-00-DX1_13312_26112.jpg,TCGA-G4-6315,TCGA-G4-6315-01Z-00-DX1,0,0.002709201,0
non-tumour/TCGA-G4-6315-01Z-00-DX1_13312_27648.jpg,TCGA-G4-6315,TCGA-G4-6315-01Z-00-DX1,0,0.08596928,0
non-tumour/TCGA-G4-6315-01Z-00-DX1_13312_28160.jpg,TCGA-G4-6315,TCGA-G4-6315-01Z-00-DX1,0,0.034894407,0
non-tumour/TCGA-G4-6315-01Z-00-DX1_13312_29184.jpg,TCGA-G4-6315,TCGA-G4-6315-01Z-00-DX1,0,0.00045688127,0
non-tumour/TCGA-G4-6315-01Z-00-DX1_13312_29696.jpg,TCGA-G4-6315,TCGA-G4-6315-01Z-00-DX1,0,0.08543278,0
non-tumour/TCGA-G4-6315-01Z-00-DX1_13312_30720.jpg,TCGA-G4-6315,TCGA-G4-6315-01Z-00-DX1,0,0.0028361834,0
non-tumour/TCGA-G4-6315-01Z-00-DX1_13312_33792.jpg,TCGA-G4-6315,TCGA-G4-6315-01Z-00-DX1,0,0.032868896,0
non-tumour/TCGA-G4-6315-01Z-00-DX1_13312_34304.jpg,TCGA-G4-6315,TCGA-G4-6315-01Z-00-DX1,0,0.003605516,0
non-tumour/TCGA-G4-6315-01Z-00-DX1_13312_34816.jpg,TCGA-G4-6315,TCGA-G4-6315-01Z-00-DX1,0,0.00045484825,0
non-tumour/TCGA-G4-6315-01Z-00-DX1_13312_35328.jpg,TCGA-G4-6315,TCGA-G4-6315-01Z-00-DX1,0,0.0004909444,0
non-tumour/TCGA-G4-6315-01Z-00-DX1_13312_7680.jpg,TCGA-G4-6315,TCGA-G4-6315-01Z-00-DX1,0,0.00032335662,0
non-tumour/TCGA-G4-6315-01Z-00-DX1_13312_8704.jpg,TCGA-G4-6315,TCGA-G4-6315-01Z-00-DX1,0,6.1320284e-06,0
non-tumour/TCGA-G4-6315-01Z-00-DX1_13824_10240.jpg,TCGA-G4-6315,TCGA-G4-6315-01Z-00-DX1,0,0.85371894,1
non-tumour/TCGA-G4-6315-01Z-00-DX1_13824_13312.jpg,TCGA-G4-6315,TCGA-G4-6315-01Z-00-DX1,0,0.027833683,0
non-tumour/TCGA-G4-6315-01Z-00-DX1_13824_13824.jpg,TCGA-G4-6315,TCGA-G4-6315-01Z-00-DX1,0,0.033876512,0
non-tumour/TCGA-G4-6315-01Z-00-DX1_13824_14336.jpg,TCGA-G4-6315,TCGA-G4-6315-01Z-00-DX1,0,0.04821096,0
non-tumour/TCGA-G4-6315-01Z-00-DX1_13824_14848.jpg,TCGA-G4-6315,TCGA-G4-6315-01Z-00-DX1,0,0.12985314,0
non-tumour/TCGA-G4-6315-01Z-00-DX1_13824_1536.jpg,TCGA-G4-6315,TCGA-G4-6315-01Z-00-DX1,0,0.06705257,0
non-tumour/TCGA-G4-6315-01Z-00-DX1_13824_15360.jpg,TCGA-G4-6315,TCGA-G4-6315-01Z-00-DX1,0,0.002880674,0
non-tumour/TCGA-G4-6315-01Z-00-DX1_13824_16896.jpg,TCGA-G4-6315,TCGA-G4-6315-01Z-00-DX1,0,0.0010130878,0
non-tumour/TCGA-G4-6315-01Z-00-DX1_13824_17920.jpg,TCGA-G4-6315,TCGA-G4-6315-01Z-00-DX1,0,0.00028159475,0
non-tumour/TCGA-G4-6315-01Z-00-DX1_13824_2048.jpg,TCGA-G4-6315,TCGA-G4-6315-01Z-00-DX1,0,0.07529705,0
non-tumour/TCGA-G4-6315-01Z-00-DX1_13824_21504.jpg,TCGA-G4-6315,TCGA-G4-6315-01Z-00-DX1,0,6.970685e-05,0
non-tumour/TCGA-G4-6315-01Z-00-DX1_13824_22528.jpg,TCGA-G4-6315,TCGA-G4-6315-01Z-00-DX1,0,0.002525427,0
non-tumour/TCGA-G4-6315-01Z-00-DX1_13824_24064.jpg,TCGA-G4-6315,TCGA-G4-6315-01Z-00-DX1,0,0.0020188035,0
non-tumour/TCGA-G4-6315-01Z-00-DX1_13824_24576.jpg,TCGA-G4-6315,TCGA-G4-6315-01Z-00-DX1,0,0.013243437,0
non-tumour/TCGA-G4-6315-01Z-00-DX1_13824_25088.jpg,TCGA-G4-6315,TCGA-G4-6315-01Z-00-DX1,0,0.020344077,0
non-tumour/TCGA-G4-6315-01Z-00-DX1_13824_26112.jpg,TCGA-G4-6315,TCGA-G4-6315-01Z-00-DX1,0,0.0048500495,0
non-tumour/TCGA-G4-6315-01Z-00-DX1_13824_27136.jpg,TCGA-G4-6315,TCGA-G4-6315-01Z-00-DX1,0,0.0030258796,0
non-tumour/TCGA-G4-6315-01Z-00-DX1_13824_28160.jpg,TCGA-G4-6315,TCGA-G4-6315-01Z-00-DX1,0,0.08890963,0
non-tumour/TCGA-G4-6315-01Z-00-DX1_13824_29696.jpg,TCGA-G4-6315,TCGA-G4-6315-01Z-00-DX1,0,0.008514812,0
non-tumour/TCGA-G4-6315-01Z-00-DX1_13824_30208.jpg,TCGA-G4-6315,TCGA-G4-6315-01Z-00-DX1,0,0.029222121,0
non-tumour/TCGA-G4-6315-01Z-00-DX1_13824_3072.jpg,TCGA-G4-6315,TCGA-G4-6315-01Z-00-DX1,0,0.15288602,0
non-tumour/TCGA-G4-6315-01Z-00-DX1_13824_30720.jpg,TCGA-G4-6315,TCGA-G4-6315-01Z-00-DX1,0,0.010489928,0
non-tumour/TCGA-G4-6315-01Z-00-DX1_13824_31232.jpg,TCGA-G4-6315,TCGA-G4-6315-01Z-00-DX1,0,0.0074628047,0
non-tumour/TCGA-G4-6315-01Z-00-DX1_13824_32256.jpg,TCGA-G4-6315,TCGA-G4-6315-01Z-00-DX1,0,0.005581444,0
non-tumour/TCGA-G4-6315-01Z-00-DX1_13824_4096.jpg,TCGA-G4-6315,TCGA-G4-6315-01Z-00-DX1,0,0.27626523,0
non-tumour/TCGA-G4-6315-01Z-00-DX1_13824_5632.jpg,TCGA-G4-6315,TCGA-G4-6315-01Z-00-DX1,0,0.0009847479,0
non-tumour/TCGA-G4-6315-01Z-00-DX1_13824_6144.jpg,TCGA-G4-6315,TCGA-G4-6315-01Z-00-DX1,0,0.001140751,0
non-tumour/TCGA-G4-6315-01Z-00-DX1_13824_7168.jpg,TCGA-G4-6315,TCGA-G4-6315-01Z-00-DX1,0,0.25162303,0
non-tumour/TCGA-G4-6315-01Z-00-DX1_13824_8192.jpg,TCGA-G4-6315,TCGA-G4-6315-01Z-00-DX1,0,0.00011460156,0
non-tumour/TCGA-G4-6315-01Z-00-DX1_13824_8704.jpg,TCGA-G4-6315,TCGA-G4-6315-01Z-00-DX1,0,0.00016833865,0
non-tumour/TCGA-G4-6315-01Z-00-DX1_13824_9216.jpg,TCGA-G4-6315,TCGA-G4-6315-01Z-00-DX1,0,8.5172105e-05,0
non-tumour/TCGA-G4-6315-01Z-00-DX1_13824_9728.jpg,TCGA-G4-6315,TCGA-G4-6315-01Z-00-DX1,0,0.037582815,0
non-tumour/TCGA-G4-6315-01Z-00-DX1_14336_10240.jpg,TCGA-G4-6315,TCGA-G4-6315-01Z-00-DX1,0,0.093852416,0
non-tumour/TCGA-G4-6315-01Z-00-DX1_14336_11776.jpg,TCGA-G4-6315,TCGA-G4-6315-01Z-00-DX1,0,0.185331,0
non-tumour/TCGA-G4-6315-01Z-00-DX1_14336_12800.jpg,TCGA-G4-6315,TCGA-G4-6315-01Z-00-DX1,0,0.122477695,0
non-tumour/TCGA-G4-6315-01Z-00-DX1_14336_13312.jpg,TCGA-G4-6315,TCGA-G4-6315-01Z-00-DX1,0,0.041155193,0
non-tumour/TCGA-G4-6315-01Z-00-DX1_14336_13824.jpg,TCGA-G4-6315,TCGA-G4-6315-01Z-00-DX1,0,0.02322842,0
non-tumour/TCGA-G4-6315-01Z-00-DX1_14336_15360.jpg,TCGA-G4-6315,TCGA-G4-6315-01Z-00-DX1,0,0.018027585,0
non-tumour/TCGA-G4-6315-01Z-00-DX1_14336_15872.jpg,TCGA-G4-6315,TCGA-G4-6315-01Z-00-DX1,0,0.0076930113,0
non-tumour/TCGA-G4-6315-01Z-00-DX1_14336_16896.jpg,TCGA-G4-6315,TCGA-G4-6315-01Z-00-DX1,0,0.00070343097,0
non-tumour/TCGA-G4-6315-01Z-00-DX1_14336_17920.jpg,TCGA-G4-6315,TCGA-G4-6315-01Z-00-DX1,0,0.00043977625,0
non-tumour/TCGA-G4-6315-01Z-00-DX1_14336_18432.jpg,TCGA-G4-6315,TCGA-G4-6315-01Z-00-DX1,0,0.0003542681,0
non-tumour/TCGA-G4-6315-01Z-00-DX1_14336_22528.jpg,TCGA-G4-6315,TCGA-G4-6315-01Z-00-DX1,0,0.0007445506,0
non-tumour/TCGA-G4-6315-01Z-00-DX1_14336_23552.jpg,TCGA-G4-6315,TCGA-G4-6315-01Z-00-DX1,0,0.037043918,0
non-tumour/TCGA-G4-6315-01Z-00-DX1_14336_25600.jpg,TCGA-G4-6315,TCGA-G4-6315-01Z-00-DX1,0,0.007651607,0
non-tumour/TCGA-G4-6315-01Z-00-DX1_14336_26112.jpg,TCGA-G4-6315,TCGA-G4-6315-01Z-00-DX1,0,0.0016349731,0
non-tumour/TCGA-G4-6315-01Z-00-DX1_14336_26624.jpg,TCGA-G4-6315,TCGA-G4-6315-01Z-00-DX1,0,0.000925499,0
non-tumour/TCGA-G4-6315-01Z-00-DX1_14336_27648.jpg,TCGA-G4-6315,TCGA-G4-6315-01Z-00-DX1,0,0.014082925,0
non-tumour/TCGA-G4-6315-01Z-00-DX1_14336_28160.jpg,TCGA-G4-6315,TCGA-G4-6315-01Z-00-DX1,0,0.0010917406,0
non-tumour/TCGA-G4-6315-01Z-00-DX1_14336_28672.jpg,TCGA-G4-6315,TCGA-G4-6315-01Z-00-DX1,0,0.008642233,0
non-tumour/TCGA-G4-6315-01Z-00-DX1_14336_29184.jpg,TCGA-G4-6315,TCGA-G4-6315-01Z-00-DX1,0,0.0034062236,0
non-tumour/TCGA-G4-6315-01Z-00-DX1_14336_3072.jpg,TCGA-G4-6315,TCGA-G4-6315-01Z-00-DX1,0,0.17341344,0
non-tumour/TCGA-G4-6315-01Z-00-DX1_14336_35328.jpg,TCGA-G4-6315,TCGA-G4-6315-01Z-00-DX1,0,0.35395512,0
non-tumour/TCGA-G4-6315-01Z-00-DX1_14336_35840.jpg,TCGA-G4-6315,TCGA-G4-6315-01Z-00-DX1,0,0.00057702407,0
non-tumour/TCGA-G4-6315-01Z-00-DX1_14336_4096.jpg,TCGA-G4-6315,TCGA-G4-6315-01Z-00-DX1,0,0.1575208,0
non-tumour/TCGA-G4-6315-01Z-00-DX1_14336_5632.jpg,TCGA-G4-6315,TCGA-G4-6315-01Z-00-DX1,0,0.5112482,1
non-tumour/TCGA-G4-6315-01Z-00-DX1_14336_7168.jpg,TCGA-G4-6315,TCGA-G4-6315-01Z-00-DX1,0,7.657551e-05,0
non-tumour/TCGA-G4-6315-01Z-00-DX1_14336_8192.jpg,TCGA-G4-6315,TCGA-G4-6315-01Z-00-DX1,0,0.00015514872,0
non-tumour/TCGA-G4-6315-01Z-00-DX1_14336_9728.jpg,TCGA-G4-6315,TCGA-G4-6315-01Z-00-DX1,0,0.06566727,0
non-tumour/TCGA-G4-6315-01Z-00-DX1_14848_10752.jpg,TCGA-G4-6315,TCGA-G4-6315-01Z-00-DX1,0,0.04727621,0
non-tumour/TCGA-G4-6315-01Z-00-DX1_14848_12288.jpg,TCGA-G4-6315,TCGA-G4-6315-01Z-00-DX1,0,0.03750178,0
non-tumour/TCGA-G4-6315-01Z-00-DX1_14848_1536.jpg,TCGA-G4-6315,TCGA-G4-6315-01Z-00-DX1,0,0.5040367,1
non-tumour/TCGA-G4-6315-01Z-00-DX1_14848_15360.jpg,TCGA-G4-6315,TCGA-G4-6315-01Z-00-DX1,0,0.0015078355,0
non-tumour/TCGA-G4-6315-01Z-00-DX1_14848_15872.jpg,TCGA-G4-6315,TCGA-G4-6315-01Z-00-DX1,0,0.0015528493,0
non-tumour/TCGA-G4-6315-01Z-00-DX1_14848_17408.jpg,TCGA-G4-6315,TCGA-G4-6315-01Z-00-DX1,0,0.0002640603,0
non-tumour/TCGA-G4-6315-01Z-00-DX1_14848_2560.jpg,TCGA-G4-6315,TCGA-G4-6315-01Z-00-DX1,0,0.18603565,0
non-tumour/TCGA-G4-6315-01Z-00-DX1_14848_3072.jpg,TCGA-G4-6315,TCGA-G4-6315-01Z-00-DX1,0,0.32337934,0
non-tumour/TCGA-G4-6315-01Z-00-DX1_14848_33280.jpg,TCGA-G4-6315,TCGA-G4-6315-01Z-00-DX1,0,0.82648224,1
non-tumour/TCGA-G4-6315-01Z-00-DX1_14848_33792.jpg,TCGA-G4-6315,TCGA-G4-6315-01Z-00-DX1,0,0.14160457,0
non-tumour/TCGA-G4-6315-01Z-00-DX1_14848_3584.jpg,TCGA-G4-6315,TCGA-G4-6315-01Z-00-DX1,0,0.17627084,0
non-tumour/TCGA-G4-6315-01Z-00-DX1_14848_35840.jpg,TCGA-G4-6315,TCGA-G4-6315-01Z-00-DX1,0,0.008666484,0
non-tumour/TCGA-G4-6315-01Z-00-DX1_14848_36352.jpg,TCGA-G4-6315,TCGA-G4-6315-01Z-00-DX1,0,0.004773528,0
non-tumour/TCGA-G4-6315-01Z-00-DX1_14848_36864.jpg,TCGA-G4-6315,TCGA-G4-6315-01Z-00-DX1,0,0.26504728,0
non-tumour/TCGA-G4-6315-01Z-00-DX1_14848_37376.jpg,TCGA-G4-6315,TCGA-G4-6315-01Z-00-DX1,0,0.06901823,0
non-tumour/TCGA-G4-6315-01Z-00-DX1_14848_37888.jpg,TCGA-G4-6315,TCGA-G4-6315-01Z-00-DX1,0,0.06079436,0
non-tumour/TCGA-G4-6315-01Z-00-DX1_14848_38400.jpg,TCGA-G4-6315,TCGA-G4-6315-01Z-00-DX1,0,0.22402583,0
non-tumour/TCGA-G4-6315-01Z-00-DX1_14848_38912.jpg,TCGA-G4-6315,TCGA-G4-6315-01Z-00-DX1,0,0.014382688,0
non-tumour/TCGA-G4-6315-01Z-00-DX1_14848_4096.jpg,TCGA-G4-6315,TCGA-G4-6315-01Z-00-DX1,0,0.03604757,0
non-tumour/TCGA-G4-6315-01Z-00-DX1_14848_4608.jpg,TCGA-G4-6315,TCGA-G4-6315-01Z-00-DX1,0,0.4023406,0
non-tumour/TCGA-G4-6315-01Z-00-DX1_14848_6144.jpg,TCGA-G4-6315,TCGA-G4-6315-01Z-00-DX1,0,8.8506924e-05,0
non-tumour/TCGA-G4-6315-01Z-00-DX1_14848_6656.jpg,TCGA-G4-6315,TCGA-G4-6315-01Z-00-DX1,0,0.0001361665,0
non-tumour/TCGA-G4-6315-01Z-00-DX1_14848_7168.jpg,TCGA-G4-6315,TCGA-G4-6315-01Z-00-DX1,0,0.000100151636,0
non-tumour/TCGA-G4-6315-01Z-00-DX1_15360_10752.jpg,TCGA-G4-6315,TCGA-G4-6315-01Z-00-DX1,0,0.036934637,0
non-tumour/TCGA-G4-6315-01Z-00-DX1_15360_11264.jpg,TCGA-G4-6315,TCGA-G4-6315-01Z-00-DX1,0,0.11105173,0
non-tumour/TCGA-G4-6315-01Z-00-DX1_15360_11776.jpg,TCGA-G4-6315,TCGA-G4-6315-01Z-00-DX1,0,0.0641205,0
non-tumour/TCGA-G4-6315-01Z-00-DX1_15360_12288.jpg,TCGA-G4-6315,TCGA-G4-6315-01Z-00-DX1,0,0.02237097,0
non-tumour/TCGA-G4-6315-01Z-00-DX1_15360_12800.jpg,TCGA-G4-6315,TCGA-G4-6315-01Z-00-DX1,0,0.00807847,0
non-tumour/TCGA-G4-6315-01Z-00-DX1_15360_15360.jpg,TCGA-G4-6315,TCGA-G4-6315-01Z-00-DX1,0,0.0007042301,0
non-tumour/TCGA-G4-6315-01Z-00-DX1_15360_15872.jpg,TCGA-G4-6315,TCGA-G4-6315-01Z-00-DX1,0,0.0005639067,0
non-tumour/TCGA-G4-6315-01Z-00-DX1_15360_17920.jpg,TCGA-G4-6315,TCGA-G4-6315-01Z-00-DX1,0,0.00025998655,0
non-tumour/TCGA-G4-6315-01Z-00-DX1_15360_18432.jpg,TCGA-G4-6315,TCGA-G4-6315-01Z-00-DX1,0,0.00036071398,0
non-tumour/TCGA-G4-6315-01Z-00-DX1_15360_19456.jpg,TCGA-G4-6315,TCGA-G4-6315-01Z-00-DX1,0,0.0011646837,0
non-tumour/TCGA-G4-6315-01Z-00-DX1_15360_32256.jpg,TCGA-G4-6315,TCGA-G4-6315-01Z-00-DX1,0,0.7250428,1
non-tumour/TCGA-G4-6315-01Z-00-DX1_15360_32768.jpg,TCGA-G4-6315,TCGA-G4-6315-01Z-00-DX1,0,0.034575295,0
non-tumour/TCGA-G4-6315-01Z-00-DX1_15360_33280.jpg,TCGA-G4-6315,TCGA-G4-6315-01Z-00-DX1,0,0.00830956,0
non-tumour/TCGA-G4-6315-01Z-00-DX1_15360_33792.jpg,TCGA-G4-6315,TCGA-G4-6315-01Z-00-DX1,0,0.0095223775,0
non-tumour/TCGA-G4-6315-01Z-00-DX1_15360_35328.jpg,TCGA-G4-6315,TCGA-G4-6315-01Z-00-DX1,0,0.031060591,0
non-tumour/TCGA-G4-6315-01Z-00-DX1_15360_3584.jpg,TCGA-G4-6315,TCGA-G4-6315-01Z-00-DX1,0,0.008329376,0
non-tumour/TCGA-G4-6315-01Z-00-DX1_15360_35840.jpg,TCGA-G4-6315,TCGA-G4-6315-01Z-00-DX1,0,0.0009252209,0
non-tumour/TCGA-G4-6315-01Z-00-DX1_15360_36864.jpg,TCGA-G4-6315,TCGA-G4-6315-01Z-00-DX1,0,0.4493908,0
non-tumour/TCGA-G4-6315-01Z-00-DX1_15360_37376.jpg,TCGA-G4-6315,TCGA-G4-6315-01Z-00-DX1,0,0.07183276,0
non-tumour/TCGA-G4-6315-01Z-00-DX1_15360_37888.jpg,TCGA-G4-6315,TCGA-G4-6315-01Z-00-DX1,0,0.002557227,0
non-tumour/TCGA-G4-6315-01Z-00-DX1_15360_38912.jpg,TCGA-G4-6315,TCGA-G4-6315-01Z-00-DX1,0,0.0061203437,0
non-tumour/TCGA-G4-6315-01Z-00-DX1_15360_39424.jpg,TCGA-G4-6315,TCGA-G4-6315-01Z-00-DX1,0,0.04152554,0
non-tumour/TCGA-G4-6315-01Z-00-DX1_15360_5120.jpg,TCGA-G4-6315,TCGA-G4-6315-01Z-00-DX1,0,0.063760094,0
non-tumour/TCGA-G4-6315-01Z-00-DX1_15360_6144.jpg,TCGA-G4-6315,TCGA-G4-6315-01Z-00-DX1,0,0.00011655745,0
non-tumour/TCGA-G4-6315-01Z-00-DX1_15360_7168.jpg,TCGA-G4-6315,TCGA-G4-6315-01Z-00-DX1,0,0.0010307884,0
non-tumour/TCGA-G4-6315-01Z-00-DX1_15360_8192.jpg,TCGA-G4-6315,TCGA-G4-6315-01Z-00-DX1,0,4.1292653e-05,0
non-tumour/TCGA-G4-6315-01Z-00-DX1_15360_9216.jpg,TCGA-G4-6315,TCGA-G4-6315-01Z-00-DX1,0,0.0003628568,0
non-tumour/TCGA-G4-6315-01Z-00-DX1_15360_9728.jpg,TCGA-G4-6315,TCGA-G4-6315-01Z-00-DX1,0,0.45785338,0
non-tumour/TCGA-G4-6315-01Z-00-DX1_15872_10752.jpg,TCGA-G4-6315,TCGA-G4-6315-01Z-00-DX1,0,0.22625467,0
non-tumour/TCGA-G4-6315-01Z-00-DX1_15872_12288.jpg,TCGA-G4-6315,TCGA-G4-6315-01Z-00-DX1,0,0.03392802,0
non-tumour/TCGA-G4-6315-01Z-00-DX1_15872_12800.jpg,TCGA-G4-6315,TCGA-G4-6315-01Z-00-DX1,0,0.038546998,0
non-tumour/TCGA-G4-6315-01Z-00-DX1_15872_13824.jpg,TCGA-G4-6315,TCGA-G4-6315-01Z-00-DX1,0,0.0027721357,0
non-tumour/TCGA-G4-6315-01Z-00-DX1_15872_16384.jpg,TCGA-G4-6315,TCGA-G4-6315-01Z-00-DX1,0,4.728742e-05,0
non-tumour/TCGA-G4-6315-01Z-00-DX1_15872_16896.jpg,TCGA-G4-6315,TCGA-G4-6315-01Z-00-DX1,0,0.00012413276,0
non-tumour/TCGA-G4-6315-01Z-00-DX1_15872_17408.jpg,TCGA-G4-6315,TCGA-G4-6315-01Z-00-DX1,0,4.9871993e-05,0
non-tumour/TCGA-G4-6315-01Z-00-DX1_15872_17920.jpg,TCGA-G4-6315,TCGA-G4-6315-01Z-00-DX1,0,2.8132668e-05,0
non-tumour/TCGA-G4-6315-01Z-00-DX1_15872_18944.jpg,TCGA-G4-6315,TCGA-G4-6315-01Z-00-DX1,0,0.00073137897,0
non-tumour/TCGA-G4-6315-01Z-00-DX1_15872_19456.jpg,TCGA-G4-6315,TCGA-G4-6315-01Z-00-DX1,0,0.35066465,0
non-tumour/TCGA-G4-6315-01Z-00-DX1_15872_19968.jpg,TCGA-G4-6315,TCGA-G4-6315-01Z-00-DX1,0,0.13505502,0
non-tumour/TCGA-G4-6315-01Z-00-DX1_15872_2048.jpg,TCGA-G4-6315,TCGA-G4-6315-01Z-00-DX1,0,0.7561145,1
non-tumour/TCGA-G4-6315-01Z-00-DX1_15872_2560.jpg,TCGA-G4-6315,TCGA-G4-6315-01Z-00-DX1,0,0.40326393,0
non-tumour/TCGA-G4-6315-01Z-00-DX1_15872_3072.jpg,TCGA-G4-6315,TCGA-G4-6315-01Z-00-DX1,0,0.01075775,0
non-tumour/TCGA-G4-6315-01Z-00-DX1_15872_33280.jpg,TCGA-G4-6315,TCGA-G4-6315-01Z-00-DX1,0,0.03439556,0
non-tumour/TCGA-G4-6315-01Z-00-DX1_15872_34304.jpg,TCGA-G4-6315,TCGA-G4-6315-01Z-00-DX1,0,0.046765063,0
non-tumour/TCGA-G4-6315-01Z-00-DX1_15872_34816.jpg,TCGA-G4-6315,TCGA-G4-6315-01Z-00-DX1,0,0.012650643,0
non-tumour/TCGA-G4-6315-01Z-00-DX1_15872_35840.jpg,TCGA-G4-6315,TCGA-G4-6315-01Z-00-DX1,0,0.5374849,1
non-tumour/TCGA-G4-6315-01Z-00-DX1_15872_36352.jpg,TCGA-G4-6315,TCGA-G4-6315-01Z-00-DX1,0,0.38890123,0
non-tumour/TCGA-G4-6315-01Z-00-DX1_15872_36864.jpg,TCGA-G4-6315,TCGA-G4-6315-01Z-00-DX1,0,0.016804727,0
non-tumour/TCGA-G4-6315-01Z-00-DX1_15872_38400.jpg,TCGA-G4-6315,TCGA-G4-6315-01Z-00-DX1,0,0.2622702,0
non-tumour/TCGA-G4-6315-01Z-00-DX1_15872_38912.jpg,TCGA-G4-6315,TCGA-G4-6315-01Z-00-DX1,0,0.005734932,0
non-tumour/TCGA-G4-6315-01Z-00-DX1_15872_4608.jpg,TCGA-G4-6315,TCGA-G4-6315-01Z-00-DX1,0,0.05279246,0
non-tumour/TCGA-G4-6315-01Z-00-DX1_15872_6144.jpg,TCGA-G4-6315,TCGA-G4-6315-01Z-00-DX1,0,2.8328988e-05,0
non-tumour/TCGA-G4-6315-01Z-00-DX1_15872_6656.jpg,TCGA-G4-6315,TCGA-G4-6315-01Z-00-DX1,0,0.00024066308,0
non-tumour/TCGA-G4-6315-01Z-00-DX1_15872_7168.jpg,TCGA-G4-6315,TCGA-G4-6315-01Z-00-DX1,0,5.7829115e-05,0
non-tumour/TCGA-G4-6315-01Z-00-DX1_15872_7680.jpg,TCGA-G4-6315,TCGA-G4-6315-01Z-00-DX1,0,0.00026033184,0
non-tumour/TCGA-G4-6315-01Z-00-DX1_16384_10240.jpg,TCGA-G4-6315,TCGA-G4-6315-01Z-00-DX1,0,0.18276656,0
non-tumour/TCGA-G4-6315-01Z-00-DX1_16384_10752.jpg,TCGA-G4-6315,TCGA-G4-6315-01Z-00-DX1,0,0.03918251,0
non-tumour/TCGA-G4-6315-01Z-00-DX1_16384_14336.jpg,TCGA-G4-6315,TCGA-G4-6315-01Z-00-DX1,0,0.0007221488,0
non-tumour/TCGA-G4-6315-01Z-00-DX1_16384_15360.jpg,TCGA-G4-6315,TCGA-G4-6315-01Z-00-DX1,0,4.516865e-05,0
non-tumour/TCGA-G4-6315-01Z-00-DX1_16384_15872.jpg,TCGA-G4-6315,TCGA-G4-6315-01Z-00-DX1,0,1.6070297e-05,0
non-tumour/TCGA-G4-6315-01Z-00-DX1_16384_16896.jpg,TCGA-G4-6315,TCGA-G4-6315-01Z-00-DX1,0,0.00023413515,0
non-tumour/TCGA-G4-6315-01Z-00-DX1_16384_17408.jpg,TCGA-G4-6315,TCGA-G4-6315-01Z-00-DX1,0,6.4494525e-05,0
non-tumour/TCGA-G4-6315-01Z-00-DX1_16384_18432.jpg,TCGA-G4-6315,TCGA-G4-6315-01Z-00-DX1,0,0.0012688222,0
non-tumour/TCGA-G4-6315-01Z-00-DX1_16384_19456.jpg,TCGA-G4-6315,TCGA-G4-6315-01Z-00-DX1,0,0.080908865,0
non-tumour/TCGA-G4-6315-01Z-00-DX1_16384_19968.jpg,TCGA-G4-6315,TCGA-G4-6315-01Z-00-DX1,0,0.052039377,0
non-tumour/TCGA-G4-6315-01Z-00-DX1_16384_2048.jpg,TCGA-G4-6315,TCGA-G4-6315-01Z-00-DX1,0,0.56177735,1
non-tumour/TCGA-G4-6315-01Z-00-DX1_16384_32768.jpg,TCGA-G4-6315,TCGA-G4-6315-01Z-00-DX1,0,0.1298962,0
non-tumour/TCGA-G4-6315-01Z-00-DX1_16384_33280.jpg,TCGA-G4-6315,TCGA-G4-6315-01Z-00-DX1,0,0.9074793,1
non-tumour/TCGA-G4-6315-01Z-00-DX1_16384_33792.jpg,TCGA-G4-6315,TCGA-G4-6315-01Z-00-DX1,0,0.7652169,1
non-tumour/TCGA-G4-6315-01Z-00-DX1_16384_35840.jpg,TCGA-G4-6315,TCGA-G4-6315-01Z-00-DX1,0,0.14245301,0
non-tumour/TCGA-G4-6315-01Z-00-DX1_16384_36352.jpg,TCGA-G4-6315,TCGA-G4-6315-01Z-00-DX1,0,0.36807212,0
non-tumour/TCGA-G4-6315-01Z-00-DX1_16384_36864.jpg,TCGA-G4-6315,TCGA-G4-6315-01Z-00-DX1,0,0.43350914,0
non-tumour/TCGA-G4-6315-01Z-00-DX1_16384_38400.jpg,TCGA-G4-6315,TCGA-G4-6315-01Z-00-DX1,0,0.06746079,0
non-tumour/TCGA-G4-6315-01Z-00-DX1_16384_4608.jpg,TCGA-G4-6315,TCGA-G4-6315-01Z-00-DX1,0,0.023463394,0
non-tumour/TCGA-G4-6315-01Z-00-DX1_16384_5120.jpg,TCGA-G4-6315,TCGA-G4-6315-01Z-00-DX1,0,0.06915942,0
non-tumour/TCGA-G4-6315-01Z-00-DX1_16384_6656.jpg,TCGA-G4-6315,TCGA-G4-6315-01Z-00-DX1,0,0.00086098025,0
non-tumour/TCGA-G4-6315-01Z-00-DX1_16384_7680.jpg,TCGA-G4-6315,TCGA-G4-6315-01Z-00-DX1,0,0.00022553866,0
non-tumour/TCGA-G4-6315-01Z-00-DX1_16384_8192.jpg,TCGA-G4-6315,TCGA-G4-6315-01Z-00-DX1,0,0.00021587634,0
non-tumour/TCGA-G4-6315-01Z-00-DX1_16384_9728.jpg,TCGA-G4-6315,TCGA-G4-6315-01Z-00-DX1,0,0.07171541,0
non-tumour/TCGA-G4-6315-01Z-00-DX1_16896_11264.jpg,TCGA-G4-6315,TCGA-G4-6315-01Z-00-DX1,0,0.019052034,0
non-tumour/TCGA-G4-6315-01Z-00-DX1_16896_12288.jpg,TCGA-G4-6315,TCGA-G4-6315-01Z-00-DX1,0,0.0024676109,0
non-tumour/TCGA-G4-6315-01Z-00-DX1_16896_13312.jpg,TCGA-G4-6315,TCGA-G4-6315-01Z-00-DX1,0,0.0073190425,0
non-tumour/TCGA-G4-6315-01Z-00-DX1_16896_14848.jpg,TCGA-G4-6315,TCGA-G4-6315-01Z-00-DX1,0,5.3482963e-05,0
non-tumour/TCGA-G4-6315-01Z-00-DX1_16896_15872.jpg,TCGA-G4-6315,TCGA-G4-6315-01Z-00-DX1,0,5.446942e-05,0
non-tumour/TCGA-G4-6315-01Z-00-DX1_16896_16384.jpg,TCGA-G4-6315,TCGA-G4-6315-01Z-00-DX1,0,0.00011039748,0
non-tumour/TCGA-G4-6315-01Z-00-DX1_16896_16896.jpg,TCGA-G4-6315,TCGA-G4-6315-01Z-00-DX1,0,0.0003175881,0
non-tumour/TCGA-G4-6315-01Z-00-DX1_16896_17920.jpg,TCGA-G4-6315,TCGA-G4-6315-01Z-00-DX1,0,0.034477923,0
non-tumour/TCGA-G4-6315-01Z-00-DX1_16896_19456.jpg,TCGA-G4-6315,TCGA-G4-6315-01Z-00-DX1,0,0.0419582,0
non-tumour/TCGA-G4-6315-01Z-00-DX1_16896_33792.jpg,TCGA-G4-6315,TCGA-G4-6315-01Z-00-DX1,0,0.3238171,0
non-tumour/TCGA-G4-6315-01Z-00-DX1_16896_34816.jpg,TCGA-G4-6315,TCGA-G4-6315-01Z-00-DX1,0,0.1297697,0
non-tumour/TCGA-G4-6315-01Z-00-DX1_16896_3584.jpg,TCGA-G4-6315,TCGA-G4-6315-01Z-00-DX1,0,0.021673296,0
non-tumour/TCGA-G4-6315-01Z-00-DX1_16896_35840.jpg,TCGA-G4-6315,TCGA-G4-6315-01Z-00-DX1,0,0.8146561,1
non-tumour/TCGA-G4-6315-01Z-00-DX1_16896_36352.jpg,TCGA-G4-6315,TCGA-G4-6315-01Z-00-DX1,0,0.93366206,1
non-tumour/TCGA-G4-6315-01Z-00-DX1_16896_36864.jpg,TCGA-G4-6315,TCGA-G4-6315-01Z-00-DX1,0,0.9106312,1
non-tumour/TCGA-G4-6315-01Z-00-DX1_16896_37376.jpg,TCGA-G4-6315,TCGA-G4-6315-01Z-00-DX1,0,0.90564173,1
non-tumour/TCGA-G4-6315-01Z-00-DX1_16896_38400.jpg,TCGA-G4-6315,TCGA-G4-6315-01Z-00-DX1,0,0.5498655,1
non-tumour/TCGA-G4-6315-01Z-00-DX1_16896_5120.jpg,TCGA-G4-6315,TCGA-G4-6315-01Z-00-DX1,0,0.14171834,0
non-tumour/TCGA-G4-6315-01Z-00-DX1_16896_6656.jpg,TCGA-G4-6315,TCGA-G4-6315-01Z-00-DX1,0,0.057554007,0
non-tumour/TCGA-G4-6315-01Z-00-DX1_16896_7680.jpg,TCGA-G4-6315,TCGA-G4-6315-01Z-00-DX1,0,0.0001629886,0
non-tumour/TCGA-G4-6315-01Z-00-DX1_16896_8704.jpg,TCGA-G4-6315,TCGA-G4-6315-01Z-00-DX1,0,0.20734683,0
non-tumour/TCGA-G4-6315-01Z-00-DX1_16896_9728.jpg,TCGA-G4-6315,TCGA-G4-6315-01Z-00-DX1,0,0.27532482,0
non-tumour/TCGA-G4-6315-01Z-00-DX1_17408_10752.jpg,TCGA-G4-6315,TCGA-G4-6315-01Z-00-DX1,0,0.016210536,0
non-tumour/TCGA-G4-6315-01Z-00-DX1_17408_11264.jpg,TCGA-G4-6315,TCGA-G4-6315-01Z-00-DX1,0,0.003945418,0
non-tumour/TCGA-G4-6315-01Z-00-DX1_17408_12288.jpg,TCGA-G4-6315,TCGA-G4-6315-01Z-00-DX1,0,0.00114465,0
non-tumour/TCGA-G4-6315-01Z-00-DX1_17408_13824.jpg,TCGA-G4-6315,TCGA-G4-6315-01Z-00-DX1,0,7.9253514e-05,0
non-tumour/TCGA-G4-6315-01Z-00-DX1_17408_14336.jpg,TCGA-G4-6315,TCGA-G4-6315-01Z-00-DX1,0,4.620082e-05,0
non-tumour/TCGA-G4-6315-01Z-00-DX1_17408_16384.jpg,TCGA-G4-6315,TCGA-G4-6315-01Z-00-DX1,0,0.004247942,0
non-tumour/TCGA-G4-6315-01Z-00-DX1_17408_17408.jpg,TCGA-G4-6315,TCGA-G4-6315-01Z-00-DX1,0,0.017908119,0
non-tumour/TCGA-G4-6315-01Z-00-DX1_17408_19456.jpg,TCGA-G4-6315,TCGA-G4-6315-01Z-00-DX1,0,0.0015107328,0
non-tumour/TCGA-G4-6315-01Z-00-DX1_17408_2048.jpg,TCGA-G4-6315,TCGA-G4-6315-01Z-00-DX1,0,0.7097417,1
non-tumour/TCGA-G4-6315-01Z-00-DX1_17408_3072.jpg,TCGA-G4-6315,TCGA-G4-6315-01Z-00-DX1,0,0.012666143,0
non-tumour/TCGA-G4-6315-01Z-00-DX1_17408_33280.jpg,TCGA-G4-6315,TCGA-G4-6315-01Z-00-DX1,0,0.050257884,0
non-tumour/TCGA-G4-6315-01Z-00-DX1_17408_33792.jpg,TCGA-G4-6315,TCGA-G4-6315-01Z-00-DX1,0,0.38476637,0
non-tumour/TCGA-G4-6315-01Z-00-DX1_17408_34304.jpg,TCGA-G4-6315,TCGA-G4-6315-01Z-00-DX1,0,0.7415317,1
non-tumour/TCGA-G4-6315-01Z-00-DX1_17408_36352.jpg,TCGA-G4-6315,TCGA-G4-6315-01Z-00-DX1,0,0.58787936,1
non-tumour/TCGA-G4-6315-01Z-00-DX1_17408_37376.jpg,TCGA-G4-6315,TCGA-G4-6315-01Z-00-DX1,0,0.6680594,1
non-tumour/TCGA-G4-6315-01Z-00-DX1_17408_37888.jpg,TCGA-G4-6315,TCGA-G4-6315-01Z-00-DX1,0,0.3205637,0
non-tumour/TCGA-G4-6315-01Z-00-DX1_17408_38912.jpg,TCGA-G4-6315,TCGA-G4-6315-01Z-00-DX1,0,0.45227146,0
non-tumour/TCGA-G4-6315-01Z-00-DX1_17408_4096.jpg,TCGA-G4-6315,TCGA-G4-6315-01Z-00-DX1,0,0.123864874,0
non-tumour/TCGA-G4-6315-01Z-00-DX1_17408_5120.jpg,TCGA-G4-6315,TCGA-G4-6315-01Z-00-DX1,0,0.0141805345,0
non-tumour/TCGA-G4-6315-01Z-00-DX1_17408_9728.jpg,TCGA-G4-6315,TCGA-G4-6315-01Z-00-DX1,0,0.15078057,0
non-tumour/TCGA-G4-6315-01Z-00-DX1_17920_11264.jpg,TCGA-G4-6315,TCGA-G4-6315-01Z-00-DX1,0,0.0026000226,0
non-tumour/TCGA-G4-6315-01Z-00-DX1_17920_12288.jpg,TCGA-G4-6315,TCGA-G4-6315-01Z-00-DX1,0,0.00040335697,0
non-tumour/TCGA-G4-6315-01Z-00-DX1_17920_14336.jpg,TCGA-G4-6315,TCGA-G4-6315-01Z-00-DX1,0,0.010440563,0
non-tumour/TCGA-G4-6315-01Z-00-DX1_17920_14848.jpg,TCGA-G4-6315,TCGA-G4-6315-01Z-00-DX1,0,0.0052004275,0
non-tumour/TCGA-G4-6315-01Z-00-DX1_17920_15360.jpg,TCGA-G4-6315,TCGA-G4-6315-01Z-00-DX1,0,0.012021689,0
non-tumour/TCGA-G4-6315-01Z-00-DX1_17920_16384.jpg,TCGA-G4-6315,TCGA-G4-6315-01Z-00-DX1,0,0.45871925,0
non-tumour/TCGA-G4-6315-01Z-00-DX1_17920_17408.jpg,TCGA-G4-6315,TCGA-G4-6315-01Z-00-DX1,0,0.053527102,0
non-tumour/TCGA-G4-6315-01Z-00-DX1_17920_18432.jpg,TCGA-G4-6315,TCGA-G4-6315-01Z-00-DX1,0,0.031687696,0
non-tumour/TCGA-G4-6315-01Z-00-DX1_17920_18944.jpg,TCGA-G4-6315,TCGA-G4-6315-01Z-00-DX1,0,0.0010009134,0
non-tumour/TCGA-G4-6315-01Z-00-DX1_17920_2560.jpg,TCGA-G4-6315,TCGA-G4-6315-01Z-00-DX1,0,0.060991343,0
non-tumour/TCGA-G4-6315-01Z-00-DX1_17920_32768.jpg,TCGA-G4-6315,TCGA-G4-6315-01Z-00-DX1,0,0.038741373,0
non-tumour/TCGA-G4-6315-01Z-00-DX1_17920_34304.jpg,TCGA-G4-6315,TCGA-G4-6315-01Z-00-DX1,0,0.43982324,0
non-tumour/TCGA-G4-6315-01Z-00-DX1_17920_35840.jpg,TCGA-G4-6315,TCGA-G4-6315-01Z-00-DX1,0,0.9644819,1
non-tumour/TCGA-G4-6315-01Z-00-DX1_17920_36352.jpg,TCGA-G4-6315,TCGA-G4-6315-01Z-00-DX1,0,0.96757764,1
non-tumour/TCGA-G4-6315-01Z-00-DX1_17920_37888.jpg,TCGA-G4-6315,TCGA-G4-6315-01Z-00-DX1,0,0.19798002,0
non-tumour/TCGA-G4-6315-01Z-00-DX1_17920_38400.jpg,TCGA-G4-6315,TCGA-G4-6315-01Z-00-DX1,0,0.074983105,0
non-tumour/TCGA-G4-6315-01Z-00-DX1_17920_38912.jpg,TCGA-G4-6315,TCGA-G4-6315-01Z-00-DX1,0,0.34760958,0
non-tumour/TCGA-G4-6315-01Z-00-DX1_17920_39424.jpg,TCGA-G4-6315,TCGA-G4-6315-01Z-00-DX1,0,0.10419792,0
non-tumour/TCGA-G4-6315-01Z-00-DX1_17920_4096.jpg,TCGA-G4-6315,TCGA-G4-6315-01Z-00-DX1,0,0.02197535,0
non-tumour/TCGA-G4-6315-01Z-00-DX1_17920_4608.jpg,TCGA-G4-6315,TCGA-G4-6315-01Z-00-DX1,0,0.1087901,0
non-tumour/TCGA-G4-6315-01Z-00-DX1_17920_5120.jpg,TCGA-G4-6315,TCGA-G4-6315-01Z-00-DX1,0,0.11613698,0
non-tumour/TCGA-G4-6315-01Z-00-DX1_17920_5632.jpg,TCGA-G4-6315,TCGA-G4-6315-01Z-00-DX1,0,0.003576217,0
non-tumour/TCGA-G4-6315-01Z-00-DX1_17920_7168.jpg,TCGA-G4-6315,TCGA-G4-6315-01Z-00-DX1,0,0.526873,1
non-tumour/TCGA-G4-6315-01Z-00-DX1_17920_9728.jpg,TCGA-G4-6315,TCGA-G4-6315-01Z-00-DX1,0,0.46545145,0
non-tumour/TCGA-G4-6315-01Z-00-DX1_18432_10240.jpg,TCGA-G4-6315,TCGA-G4-6315-01Z-00-DX1,0,0.0063017216,0
non-tumour/TCGA-G4-6315-01Z-00-DX1_18432_10752.jpg,TCGA-G4-6315,TCGA-G4-6315-01Z-00-DX1,0,0.0025654826,0
non-tumour/TCGA-G4-6315-01Z-00-DX1_18432_11264.jpg,TCGA-G4-6315,TCGA-G4-6315-01Z-00-DX1,0,0.0007181222,0
non-tumour/TCGA-G4-6315-01Z-00-DX1_18432_11776.jpg,TCGA-G4-6315,TCGA-G4-6315-01Z-00-DX1,0,0.0007195148,0
non-tumour/TCGA-G4-6315-01Z-00-DX1_18432_12288.jpg,TCGA-G4-6315,TCGA-G4-6315-01Z-00-DX1,0,0.013612394,0
non-tumour/TCGA-G4-6315-01Z-00-DX1_18432_12800.jpg,TCGA-G4-6315,TCGA-G4-6315-01Z-00-DX1,0,0.00010893357,0
non-tumour/TCGA-G4-6315-01Z-00-DX1_18432_14336.jpg,TCGA-G4-6315,TCGA-G4-6315-01Z-00-DX1,0,0.0013666853,0
non-tumour/TCGA-G4-6315-01Z-00-DX1_18432_16384.jpg,TCGA-G4-6315,TCGA-G4-6315-01Z-00-DX1,0,0.04936814,0
non-tumour/TCGA-G4-6315-01Z-00-DX1_18432_16896.jpg,TCGA-G4-6315,TCGA-G4-6315-01Z-00-DX1,0,0.079277925,0
non-tumour/TCGA-G4-6315-01Z-00-DX1_18432_2560.jpg,TCGA-G4-6315,TCGA-G4-6315-01Z-00-DX1,0,0.22686063,0
non-tumour/TCGA-G4-6315-01Z-00-DX1_18432_33280.jpg,TCGA-G4-6315,TCGA-G4-6315-01Z-00-DX1,0,0.02032401,0
non-tumour/TCGA-G4-6315-01Z-00-DX1_18432_33792.jpg,TCGA-G4-6315,TCGA-G4-6315-01Z-00-DX1,0,0.005644234,0
non-tumour/TCGA-G4-6315-01Z-00-DX1_18432_34816.jpg,TCGA-G4-6315,TCGA-G4-6315-01Z-00-DX1,0,0.41938117,0
non-tumour/TCGA-G4-6315-01Z-00-DX1_18432_3584.jpg,TCGA-G4-6315,TCGA-G4-6315-01Z-00-DX1,0,0.5129642,1
non-tumour/TCGA-G4-6315-01Z-00-DX1_18432_35840.jpg,TCGA-G4-6315,TCGA-G4-6315-01Z-00-DX1,0,0.9819396,1
non-tumour/TCGA-G4-6315-01Z-00-DX1_18432_36352.jpg,TCGA-G4-6315,TCGA-G4-6315-01Z-00-DX1,0,0.9517423,1
non-tumour/TCGA-G4-6315-01Z-00-DX1_18432_36864.jpg,TCGA-G4-6315,TCGA-G4-6315-01Z-00-DX1,0,0.88782865,1
non-tumour/TCGA-G4-6315-01Z-00-DX1_18432_37888.jpg,TCGA-G4-6315,TCGA-G4-6315-01Z-00-DX1,0,0.578509,1
non-tumour/TCGA-G4-6315-01Z-00-DX1_18432_38400.jpg,TCGA-G4-6315,TCGA-G4-6315-01Z-00-DX1,0,0.7291825,1
non-tumour/TCGA-G4-6315-01Z-00-DX1_18432_4096.jpg,TCGA-G4-6315,TCGA-G4-6315-01Z-00-DX1,0,0.020500703,0
non-tumour/TCGA-G4-6315-01Z-00-DX1_18432_4608.jpg,TCGA-G4-6315,TCGA-G4-6315-01Z-00-DX1,0,0.038152516,0
non-tumour/TCGA-G4-6315-01Z-00-DX1_18432_5120.jpg,TCGA-G4-6315,TCGA-G4-6315-01Z-00-DX1,0,0.12720558,0
non-tumour/TCGA-G4-6315-01Z-00-DX1_18432_7168.jpg,TCGA-G4-6315,TCGA-G4-6315-01Z-00-DX1,0,0.8128503,1
non-tumour/TCGA-G4-6315-01Z-00-DX1_18432_7680.jpg,TCGA-G4-6315,TCGA-G4-6315-01Z-00-DX1,0,0.17114148,0
non-tumour/TCGA-G4-6315-01Z-00-DX1_18432_9728.jpg,TCGA-G4-6315,TCGA-G4-6315-01Z-00-DX1,0,0.004484504,0
non-tumour/TCGA-G4-6315-01Z-00-DX1_18944_10240.jpg,TCGA-G4-6315,TCGA-G4-6315-01Z-00-DX1,0,0.0071410243,0
non-tumour/TCGA-G4-6315-01Z-00-DX1_18944_12800.jpg,TCGA-G4-6315,TCGA-G4-6315-01Z-00-DX1,0,0.0019372118,0
non-tumour/TCGA-G4-6315-01Z-00-DX1_18944_13312.jpg,TCGA-G4-6315,TCGA-G4-6315-01Z-00-DX1,0,0.0035831975,0
non-tumour/TCGA-G4-6315-01Z-00-DX1_18944_14336.jpg,TCGA-G4-6315,TCGA-G4-6315-01Z-00-DX1,0,0.0016297392,0
non-tumour/TCGA-G4-6315-01Z-00-DX1_18944_14848.jpg,TCGA-G4-6315,TCGA-G4-6315-01Z-00-DX1,0,0.23836297,0
non-tumour/TCGA-G4-6315-01Z-00-DX1_18944_15872.jpg,TCGA-G4-6315,TCGA-G4-6315-01Z-00-DX1,0,0.14112695,0
non-tumour/TCGA-G4-6315-01Z-00-DX1_18944_16896.jpg,TCGA-G4-6315,TCGA-G4-6315-01Z-00-DX1,0,0.00081608613,0
non-tumour/TCGA-G4-6315-01Z-00-DX1_18944_2560.jpg,TCGA-G4-6315,TCGA-G4-6315-01Z-00-DX1,0,0.4839214,0
non-tumour/TCGA-G4-6315-01Z-00-DX1_18944_3072.jpg,TCGA-G4-6315,TCGA-G4-6315-01Z-00-DX1,0,0.112140656,0
non-tumour/TCGA-G4-6315-01Z-00-DX1_18944_33280.jpg,TCGA-G4-6315,TCGA-G4-6315-01Z-00-DX1,0,0.06324261,0
non-tumour/TCGA-G4-6315-01Z-00-DX1_18944_33792.jpg,TCGA-G4-6315,TCGA-G4-6315-01Z-00-DX1,0,0.063041605,0
non-tumour/TCGA-G4-6315-01Z-00-DX1_18944_34304.jpg,TCGA-G4-6315,TCGA-G4-6315-01Z-00-DX1,0,0.21463422,0
non-tumour/TCGA-G4-6315-01Z-00-DX1_18944_34816.jpg,TCGA-G4-6315,TCGA-G4-6315-01Z-00-DX1,0,0.23433608,0
non-tumour/TCGA-G4-6315-01Z-00-DX1_18944_35840.jpg,TCGA-G4-6315,TCGA-G4-6315-01Z-00-DX1,0,0.95176053,1
non-tumour/TCGA-G4-6315-01Z-00-DX1_18944_36352.jpg,TCGA-G4-6315,TCGA-G4-6315-01Z-00-DX1,0,0.95591086,1
non-tumour/TCGA-G4-6315-01Z-00-DX1_18944_37888.jpg,TCGA-G4-6315,TCGA-G4-6315-01Z-00-DX1,0,0.9038928,1
non-tumour/TCGA-G4-6315-01Z-00-DX1_18944_38400.jpg,TCGA-G4-6315,TCGA-G4-6315-01Z-00-DX1,0,0.8116401,1
non-tumour/TCGA-G4-6315-01Z-00-DX1_18944_38912.jpg,TCGA-G4-6315,TCGA-G4-6315-01Z-00-DX1,0,0.9040309,1
non-tumour/TCGA-G4-6315-01Z-00-DX1_18944_4096.jpg,TCGA-G4-6315,TCGA-G4-6315-01Z-00-DX1,0,0.6093355,1
non-tumour/TCGA-G4-6315-01Z-00-DX1_18944_5120.jpg,TCGA-G4-6315,TCGA-G4-6315-01Z-00-DX1,0,0.3006494,0
non-tumour/TCGA-G4-6315-01Z-00-DX1_18944_5632.jpg,TCGA-G4-6315,TCGA-G4-6315-01Z-00-DX1,0,0.44690382,0
non-tumour/TCGA-G4-6315-01Z-00-DX1_18944_7680.jpg,TCGA-G4-6315,TCGA-G4-6315-01Z-00-DX1,0,0.26369196,0
non-tumour/TCGA-G4-6315-01Z-00-DX1_18944_8192.jpg,TCGA-G4-6315,TCGA-G4-6315-01Z-00-DX1,0,0.128734,0
non-tumour/TCGA-G4-6315-01Z-00-DX1_18944_8704.jpg,TCGA-G4-6315,TCGA-G4-6315-01Z-00-DX1,0,0.020853255,0
non-tumour/TCGA-G4-6315-01Z-00-DX1_18944_9216.jpg,TCGA-G4-6315,TCGA-G4-6315-01Z-00-DX1,0,0.0122931,0
non-tumour/TCGA-G4-6315-01Z-00-DX1_18944_9728.jpg,TCGA-G4-6315,TCGA-G4-6315-01Z-00-DX1,0,0.0076622735,0
non-tumour/TCGA-G4-6315-01Z-00-DX1_19456_11776.jpg,TCGA-G4-6315,TCGA-G4-6315-01Z-00-DX1,0,9.666924e-05,0
non-tumour/TCGA-G4-6315-01Z-00-DX1_19456_12800.jpg,TCGA-G4-6315,TCGA-G4-6315-01Z-00-DX1,0,0.023239024,0
non-tumour/TCGA-G4-6315-01Z-00-DX1_19456_13312.jpg,TCGA-G4-6315,TCGA-G4-6315-01Z-00-DX1,0,0.13989057,0
non-tumour/TCGA-G4-6315-01Z-00-DX1_19456_13824.jpg,TCGA-G4-6315,TCGA-G4-6315-01Z-00-DX1,0,0.02066068,0
non-tumour/TCGA-G4-6315-01Z-00-DX1_19456_14336.jpg,TCGA-G4-6315,TCGA-G4-6315-01Z-00-DX1,0,0.1422419,0
non-tumour/TCGA-G4-6315-01Z-00-DX1_19456_15360.jpg,TCGA-G4-6315,TCGA-G4-6315-01Z-00-DX1,0,0.3081841,0
non-tumour/TCGA-G4-6315-01Z-00-DX1_19456_33792.jpg,TCGA-G4-6315,TCGA-G4-6315-01Z-00-DX1,0,0.010607787,0
non-tumour/TCGA-G4-6315-01Z-00-DX1_19456_34304.jpg,TCGA-G4-6315,TCGA-G4-6315-01Z-00-DX1,0,0.020145005,0
non-tumour/TCGA-G4-6315-01Z-00-DX1_19456_35328.jpg,TCGA-G4-6315,TCGA-G4-6315-01Z-00-DX1,0,0.65723544,1
non-tumour/TCGA-G4-6315-01Z-00-DX1_19456_4608.jpg,TCGA-G4-6315,TCGA-G4-6315-01Z-00-DX1,0,0.66699654,1
non-tumour/TCGA-G4-6315-01Z-00-DX1_19456_8192.jpg,TCGA-G4-6315,TCGA-G4-6315-01Z-00-DX1,0,0.12914544,0
non-tumour/TCGA-G4-6315-01Z-00-DX1_19456_8704.jpg,TCGA-G4-6315,TCGA-G4-6315-01Z-00-DX1,0,0.03544522,0
non-tumour/TCGA-G4-6315-01Z-00-DX1_19968_11264.jpg,TCGA-G4-6315,TCGA-G4-6315-01Z-00-DX1,0,0.0013953143,0
non-tumour/TCGA-G4-6315-01Z-00-DX1_19968_12288.jpg,TCGA-G4-6315,TCGA-G4-6315-01Z-00-DX1,0,0.0031420218,0
non-tumour/TCGA-G4-6315-01Z-00-DX1_19968_14336.jpg,TCGA-G4-6315,TCGA-G4-6315-01Z-00-DX1,0,0.019559314,0
non-tumour/TCGA-G4-6315-01Z-00-DX1_19968_33280.jpg,TCGA-G4-6315,TCGA-G4-6315-01Z-00-DX1,0,0.1802435,0
non-tumour/TCGA-G4-6315-01Z-00-DX1_19968_34304.jpg,TCGA-G4-6315,TCGA-G4-6315-01Z-00-DX1,0,0.059114534,0
non-tumour/TCGA-G4-6315-01Z-00-DX1_19968_35328.jpg,TCGA-G4-6315,TCGA-G4-6315-01Z-00-DX1,0,0.6516204,1
non-tumour/TCGA-G4-6315-01Z-00-DX1_19968_35840.jpg,TCGA-G4-6315,TCGA-G4-6315-01Z-00-DX1,0,0.85633326,1
non-tumour/TCGA-G4-6315-01Z-00-DX1_19968_36864.jpg,TCGA-G4-6315,TCGA-G4-6315-01Z-00-DX1,0,0.96307296,1
non-tumour/TCGA-G4-6315-01Z-00-DX1_19968_5632.jpg,TCGA-G4-6315,TCGA-G4-6315-01Z-00-DX1,0,0.42805943,0
non-tumour/TCGA-G4-6315-01Z-00-DX1_19968_6144.jpg,TCGA-G4-6315,TCGA-G4-6315-01Z-00-DX1,0,0.8205446,1
non-tumour/TCGA-G4-6315-01Z-00-DX1_20480_10240.jpg,TCGA-G4-6315,TCGA-G4-6315-01Z-00-DX1,0,0.0031895179,0
non-tumour/TCGA-G4-6315-01Z-00-DX1_20480_10752.jpg,TCGA-G4-6315,TCGA-G4-6315-01Z-00-DX1,0,0.0029587664,0
non-tumour/TCGA-G4-6315-01Z-00-DX1_20480_11264.jpg,TCGA-G4-6315,TCGA-G4-6315-01Z-00-DX1,0,0.09889739,0
non-tumour/TCGA-G4-6315-01Z-00-DX1_20480_12288.jpg,TCGA-G4-6315,TCGA-G4-6315-01Z-00-DX1,0,0.009818384,0
non-tumour/TCGA-G4-6315-01Z-00-DX1_20480_14336.jpg,TCGA-G4-6315,TCGA-G4-6315-01Z-00-DX1,0,0.0037688194,0
non-tumour/TCGA-G4-6315-01Z-00-DX1_20480_14848.jpg,TCGA-G4-6315,TCGA-G4-6315-01Z-00-DX1,0,0.018917954,0
non-tumour/TCGA-G4-6315-01Z-00-DX1_20480_33280.jpg,TCGA-G4-6315,TCGA-G4-6315-01Z-00-DX1,0,0.19997594,0
non-tumour/TCGA-G4-6315-01Z-00-DX1_20480_33792.jpg,TCGA-G4-6315,TCGA-G4-6315-01Z-00-DX1,0,0.0188994,0
non-tumour/TCGA-G4-6315-01Z-00-DX1_20480_34304.jpg,TCGA-G4-6315,TCGA-G4-6315-01Z-00-DX1,0,0.15946499,0
non-tumour/TCGA-G4-6315-01Z-00-DX1_20480_34816.jpg,TCGA-G4-6315,TCGA-G4-6315-01Z-00-DX1,0,0.37195635,0
non-tumour/TCGA-G4-6315-01Z-00-DX1_20480_36352.jpg,TCGA-G4-6315,TCGA-G4-6315-01Z-00-DX1,0,0.95264965,1
non-tumour/TCGA-G4-6315-01Z-00-DX1_20480_4608.jpg,TCGA-G4-6315,TCGA-G4-6315-01Z-00-DX1,0,0.64677995,1
non-tumour/TCGA-G4-6315-01Z-00-DX1_20480_5120.jpg,TCGA-G4-6315,TCGA-G4-6315-01Z-00-DX1,0,0.31485993,0
non-tumour/TCGA-G4-6315-01Z-00-DX1_20480_5632.jpg,TCGA-G4-6315,TCGA-G4-6315-01Z-00-DX1,0,0.81678003,1
non-tumour/TCGA-G4-6315-01Z-00-DX1_20480_6144.jpg,TCGA-G4-6315,TCGA-G4-6315-01Z-00-DX1,0,0.29429954,0
non-tumour/TCGA-G4-6315-01Z-00-DX1_20480_8704.jpg,TCGA-G4-6315,TCGA-G4-6315-01Z-00-DX1,0,0.0012021351,0
non-tumour/TCGA-G4-6315-01Z-00-DX1_20480_9728.jpg,TCGA-G4-6315,TCGA-G4-6315-01Z-00-DX1,0,0.0013091667,0
non-tumour/TCGA-G4-6315-01Z-00-DX1_20992_10752.jpg,TCGA-G4-6315,TCGA-G4-6315-01Z-00-DX1,0,0.0018899794,0
non-tumour/TCGA-G4-6315-01Z-00-DX1_20992_12288.jpg,TCGA-G4-6315,TCGA-G4-6315-01Z-00-DX1,0,0.015327002,0
non-tumour/TCGA-G4-6315-01Z-00-DX1_20992_12800.jpg,TCGA-G4-6315,TCGA-G4-6315-01Z-00-DX1,0,0.023606963,0
non-tumour/TCGA-G4-6315-01Z-00-DX1_20992_13312.jpg,TCGA-G4-6315,TCGA-G4-6315-01Z-00-DX1,0,0.012866708,0
non-tumour/TCGA-G4-6315-01Z-00-DX1_20992_13824.jpg,TCGA-G4-6315,TCGA-G4-6315-01Z-00-DX1,0,0.0011277469,0
non-tumour/TCGA-G4-6315-01Z-00-DX1_20992_33792.jpg,TCGA-G4-6315,TCGA-G4-6315-01Z-00-DX1,0,0.034130327,0
non-tumour/TCGA-G4-6315-01Z-00-DX1_20992_34816.jpg,TCGA-G4-6315,TCGA-G4-6315-01Z-00-DX1,0,0.1628077,0
non-tumour/TCGA-G4-6315-01Z-00-DX1_20992_35328.jpg,TCGA-G4-6315,TCGA-G4-6315-01Z-00-DX1,0,0.93635494,1
non-tumour/TCGA-G4-6315-01Z-00-DX1_20992_35840.jpg,TCGA-G4-6315,TCGA-G4-6315-01Z-00-DX1,0,0.5899959,1
non-tumour/TCGA-G4-6315-01Z-00-DX1_20992_36352.jpg,TCGA-G4-6315,TCGA-G4-6315-01Z-00-DX1,0,0.8468117,1
non-tumour/TCGA-G4-6315-01Z-00-DX1_20992_4608.jpg,TCGA-G4-6315,TCGA-G4-6315-01Z-00-DX1,0,0.4204369,0
non-tumour/TCGA-G4-6315-01Z-00-DX1_20992_5120.jpg,TCGA-G4-6315,TCGA-G4-6315-01Z-00-DX1,0,0.7346827,1
non-tumour/TCGA-G4-6315-01Z-00-DX1_20992_5632.jpg,TCGA-G4-6315,TCGA-G4-6315-01Z-00-DX1,0,0.036778424,0
non-tumour/TCGA-G4-6315-01Z-00-DX1_20992_6656.jpg,TCGA-G4-6315,TCGA-G4-6315-01Z-00-DX1,0,0.039123885,0
non-tumour/TCGA-G4-6315-01Z-00-DX1_20992_7168.jpg,TCGA-G4-6315,TCGA-G4-6315-01Z-00-DX1,0,0.06280104,0
non-tumour/TCGA-G4-6315-01Z-00-DX1_20992_8704.jpg,TCGA-G4-6315,TCGA-G4-6315-01Z-00-DX1,0,0.0010786729,0
non-tumour/TCGA-G4-6315-01Z-00-DX1_20992_9216.jpg,TCGA-G4-6315,TCGA-G4-6315-01Z-00-DX1,0,0.006861551,0
non-tumour/TCGA-G4-6315-01Z-00-DX1_20992_9728.jpg,TCGA-G4-6315,TCGA-G4-6315-01Z-00-DX1,0,0.010203761,0
non-tumour/TCGA-G4-6315-01Z-00-DX1_21504_11264.jpg,TCGA-G4-6315,TCGA-G4-6315-01Z-00-DX1,0,0.03908207,0
non-tumour/TCGA-G4-6315-01Z-00-DX1_21504_12288.jpg,TCGA-G4-6315,TCGA-G4-6315-01Z-00-DX1,0,0.05698918,0
non-tumour/TCGA-G4-6315-01Z-00-DX1_21504_13312.jpg,TCGA-G4-6315,TCGA-G4-6315-01Z-00-DX1,0,0.0012601514,0
non-tumour/TCGA-G4-6315-01Z-00-DX1_21504_33280.jpg,TCGA-G4-6315,TCGA-G4-6315-01Z-00-DX1,0,0.023557754,0
non-tumour/TCGA-G4-6315-01Z-00-DX1_21504_34816.jpg,TCGA-G4-6315,TCGA-G4-6315-01Z-00-DX1,0,0.87577546,1
non-tumour/TCGA-G4-6315-01Z-00-DX1_21504_35328.jpg,TCGA-G4-6315,TCGA-G4-6315-01Z-00-DX1,0,0.3001079,0
non-tumour/TCGA-G4-6315-01Z-00-DX1_21504_5120.jpg,TCGA-G4-6315,TCGA-G4-6315-01Z-00-DX1,0,0.091297,0
non-tumour/TCGA-G4-6315-01Z-00-DX1_21504_5632.jpg,TCGA-G4-6315,TCGA-G4-6315-01Z-00-DX1,0,0.039815564,0
non-tumour/TCGA-G4-6315-01Z-00-DX1_21504_6144.jpg,TCGA-G4-6315,TCGA-G4-6315-01Z-00-DX1,0,0.063322574,0
non-tumour/TCGA-G4-6315-01Z-00-DX1_21504_9216.jpg,TCGA-G4-6315,TCGA-G4-6315-01Z-00-DX1,0,0.0018845254,0
non-tumour/TCGA-G4-6315-01Z-00-DX1_22016_10240.jpg,TCGA-G4-6315,TCGA-G4-6315-01Z-00-DX1,0,0.013233882,0
non-tumour/TCGA-G4-6315-01Z-00-DX1_22016_10752.jpg,TCGA-G4-6315,TCGA-G4-6315-01Z-00-DX1,0,0.28883052,0
non-tumour/TCGA-G4-6315-01Z-00-DX1_22016_11264.jpg,TCGA-G4-6315,TCGA-G4-6315-01Z-00-DX1,0,0.09821134,0
non-tumour/TCGA-G4-6315-01Z-00-DX1_22016_33792.jpg,TCGA-G4-6315,TCGA-G4-6315-01Z-00-DX1,0,0.006201389,0
non-tumour/TCGA-G4-6315-01Z-00-DX1_22016_34304.jpg,TCGA-G4-6315,TCGA-G4-6315-01Z-00-DX1,0,0.19519837,0
non-tumour/TCGA-G4-6315-01Z-00-DX1_22016_35328.jpg,TCGA-G4-6315,TCGA-G4-6315-01Z-00-DX1,0,0.80699235,1
non-tumour/TCGA-G4-6315-01Z-00-DX1_22016_35840.jpg,TCGA-G4-6315,TCGA-G4-6315-01Z-00-DX1,0,0.9271987,1
non-tumour/TCGA-G4-6315-01Z-00-DX1_22016_4608.jpg,TCGA-G4-6315,TCGA-G4-6315-01Z-00-DX1,0,0.40535238,0
non-tumour/TCGA-G4-6315-01Z-00-DX1_22016_5120.jpg,TCGA-G4-6315,TCGA-G4-6315-01Z-00-DX1,0,0.039029144,0
non-tumour/TCGA-G4-6315-01Z-00-DX1_22016_5632.jpg,TCGA-G4-6315,TCGA-G4-6315-01Z-00-DX1,0,0.010439233,0
non-tumour/TCGA-G4-6315-01Z-00-DX1_22016_6656.jpg,TCGA-G4-6315,TCGA-G4-6315-01Z-00-DX1,0,0.00043626723,0
non-tumour/TCGA-G4-6315-01Z-00-DX1_22016_7168.jpg,TCGA-G4-6315,TCGA-G4-6315-01Z-00-DX1,0,0.001091661,0
non-tumour/TCGA-G4-6315-01Z-00-DX1_22016_9728.jpg,TCGA-G4-6315,TCGA-G4-6315-01Z-00-DX1,0,0.027209947,0
non-tumour/TCGA-G4-6315-01Z-00-DX1_22528_10240.jpg,TCGA-G4-6315,TCGA-G4-6315-01Z-00-DX1,0,0.25929493,0
non-tumour/TCGA-G4-6315-01Z-00-DX1_22528_10752.jpg,TCGA-G4-6315,TCGA-G4-6315-01Z-00-DX1,0,0.011487219,0
non-tumour/TCGA-G4-6315-01Z-00-DX1_22528_33280.jpg,TCGA-G4-6315,TCGA-G4-6315-01Z-00-DX1,0,0.009736812,0
non-tumour/TCGA-G4-6315-01Z-00-DX1_22528_33792.jpg,TCGA-G4-6315,TCGA-G4-6315-01Z-00-DX1,0,0.006690797,0
non-tumour/TCGA-G4-6315-01Z-00-DX1_22528_34304.jpg,TCGA-G4-6315,TCGA-G4-6315-01Z-00-DX1,0,0.038734037,0
non-tumour/TCGA-G4-6315-01Z-00-DX1_22528_35328.jpg,TCGA-G4-6315,TCGA-G4-6315-01Z-00-DX1,0,0.75730085,1
non-tumour/TCGA-G4-6315-01Z-00-DX1_22528_5120.jpg,TCGA-G4-6315,TCGA-G4-6315-01Z-00-DX1,0,0.00566668,0
non-tumour/TCGA-G4-6315-01Z-00-DX1_22528_5632.jpg,TCGA-G4-6315,TCGA-G4-6315-01Z-00-DX1,0,0.0029677714,0
non-tumour/TCGA-G4-6315-01Z-00-DX1_22528_7168.jpg,TCGA-G4-6315,TCGA-G4-6315-01Z-00-DX1,0,0.5611233,1
non-tumour/TCGA-G4-6315-01Z-00-DX1_22528_9216.jpg,TCGA-G4-6315,TCGA-G4-6315-01Z-00-DX1,0,0.004036509,0
non-tumour/TCGA-G4-6315-01Z-00-DX1_23040_33280.jpg,TCGA-G4-6315,TCGA-G4-6315-01Z-00-DX1,0,0.00484552,0
non-tumour/TCGA-G4-6315-01Z-00-DX1_23040_33792.jpg,TCGA-G4-6315,TCGA-G4-6315-01Z-00-DX1,0,0.05495694,0
non-tumour/TCGA-G4-6315-01Z-00-DX1_23040_34304.jpg,TCGA-G4-6315,TCGA-G4-6315-01Z-00-DX1,0,0.2363777,0
non-tumour/TCGA-G4-6315-01Z-00-DX1_23040_4608.jpg,TCGA-G4-6315,TCGA-G4-6315-01Z-00-DX1,0,0.0014174107,0
non-tumour/TCGA-G4-6315-01Z-00-DX1_23040_5120.jpg,TCGA-G4-6315,TCGA-G4-6315-01Z-00-DX1,0,0.0005147517,0
non-tumour/TCGA-G4-6315-01Z-00-DX1_23040_6656.jpg,TCGA-G4-6315,TCGA-G4-6315-01Z-00-DX1,0,0.00842696,0
non-tumour/TCGA-G4-6315-01Z-00-DX1_23040_7168.jpg,TCGA-G4-6315,TCGA-G4-6315-01Z-00-DX1,0,0.11804072,0
non-tumour/TCGA-G4-6315-01Z-00-DX1_23040_7680.jpg,TCGA-G4-6315,TCGA-G4-6315-01Z-00-DX1,0,0.0047811675,0
non-tumour/TCGA-G4-6315-01Z-00-DX1_23552_3072.jpg,TCGA-G4-6315,TCGA-G4-6315-01Z-00-DX1,0,0.07205143,0
non-tumour/TCGA-G4-6315-01Z-00-DX1_23552_32768.jpg,TCGA-G4-6315,TCGA-G4-6315-01Z-00-DX1,0,0.09550215,0
non-tumour/TCGA-G4-6315-01Z-00-DX1_23552_34304.jpg,TCGA-G4-6315,TCGA-G4-6315-01Z-00-DX1,0,0.08538851,0
non-tumour/TCGA-G4-6315-01Z-00-DX1_23552_34816.jpg,TCGA-G4-6315,TCGA-G4-6315-01Z-00-DX1,0,0.39975786,0
non-tumour/TCGA-G4-6315-01Z-00-DX1_23552_35328.jpg,TCGA-G4-6315,TCGA-G4-6315-01Z-00-DX1,0,0.6934822,1
non-tumour/TCGA-G4-6315-01Z-00-DX1_23552_4096.jpg,TCGA-G4-6315,TCGA-G4-6315-01Z-00-DX1,0,0.011640029,0
non-tumour/TCGA-G4-6315-01Z-00-DX1_23552_5632.jpg,TCGA-G4-6315,TCGA-G4-6315-01Z-00-DX1,0,0.019846102,0
non-tumour/TCGA-G4-6315-01Z-00-DX1_23552_7168.jpg,TCGA-G4-6315,TCGA-G4-6315-01Z-00-DX1,0,0.15182984,0
non-tumour/TCGA-G4-6315-01Z-00-DX1_23552_8704.jpg,TCGA-G4-6315,TCGA-G4-6315-01Z-00-DX1,0,0.13579229,0
non-tumour/TCGA-G4-6315-01Z-00-DX1_24064_3072.jpg,TCGA-G4-6315,TCGA-G4-6315-01Z-00-DX1,0,0.0070500695,0
non-tumour/TCGA-G4-6315-01Z-00-DX1_24064_32768.jpg,TCGA-G4-6315,TCGA-G4-6315-01Z-00-DX1,0,0.023849668,0
non-tumour/TCGA-G4-6315-01Z-00-DX1_24064_35328.jpg,TCGA-G4-6315,TCGA-G4-6315-01Z-00-DX1,0,0.27921844,0
non-tumour/TCGA-G4-6315-01Z-00-DX1_24064_4096.jpg,TCGA-G4-6315,TCGA-G4-6315-01Z-00-DX1,0,0.0011198987,0
non-tumour/TCGA-G4-6315-01Z-00-DX1_24064_6144.jpg,TCGA-G4-6315,TCGA-G4-6315-01Z-00-DX1,0,0.031027373,0
non-tumour/TCGA-G4-6315-01Z-00-DX1_24064_6656.jpg,TCGA-G4-6315,TCGA-G4-6315-01Z-00-DX1,0,0.1407496,0
non-tumour/TCGA-G4-6315-01Z-00-DX1_24064_7168.jpg,TCGA-G4-6315,TCGA-G4-6315-01Z-00-DX1,0,0.003093466,0
non-tumour/TCGA-G4-6315-01Z-00-DX1_24064_8704.jpg,TCGA-G4-6315,TCGA-G4-6315-01Z-00-DX1,0,0.5737839,1
non-tumour/TCGA-G4-6315-01Z-00-DX1_24576_32768.jpg,TCGA-G4-6315,TCGA-G4-6315-01Z-00-DX1,0,0.18072066,0
non-tumour/TCGA-G4-6315-01Z-00-DX1_24576_33280.jpg,TCGA-G4-6315,TCGA-G4-6315-01Z-00-DX1,0,0.021943096,0
non-tumour/TCGA-G4-6315-01Z-00-DX1_24576_33792.jpg,TCGA-G4-6315,TCGA-G4-6315-01Z-00-DX1,0,0.11831258,0
non-tumour/TCGA-G4-6315-01Z-00-DX1_24576_34816.jpg,TCGA-G4-6315,TCGA-G4-6315-01Z-00-DX1,0,0.053651683,0
non-tumour/TCGA-G4-6315-01Z-00-DX1_24576_4608.jpg,TCGA-G4-6315,TCGA-G4-6315-01Z-00-DX1,0,0.015902122,0
non-tumour/TCGA-G4-6315-01Z-00-DX1_24576_5632.jpg,TCGA-G4-6315,TCGA-G4-6315-01Z-00-DX1,0,0.42694905,0
non-tumour/TCGA-G4-6315-01Z-00-DX1_24576_6144.jpg,TCGA-G4-6315,TCGA-G4-6315-01Z-00-DX1,0,0.04905019,0
non-tumour/TCGA-G4-6315-01Z-00-DX1_24576_6656.jpg,TCGA-G4-6315,TCGA-G4-6315-01Z-00-DX1,0,0.16114123,0
non-tumour/TCGA-G4-6315-01Z-00-DX1_24576_7168.jpg,TCGA-G4-6315,TCGA-G4-6315-01Z-00-DX1,0,0.02883224,0
non-tumour/TCGA-G4-6315-01Z-00-DX1_25088_3072.jpg,TCGA-G4-6315,TCGA-G4-6315-01Z-00-DX1,0,0.00016549237,0
non-tumour/TCGA-G4-6315-01Z-00-DX1_25088_33792.jpg,TCGA-G4-6315,TCGA-G4-6315-01Z-00-DX1,0,0.057875536,0
non-tumour/TCGA-G4-6315-01Z-00-DX1_25088_34304.jpg,TCGA-G4-6315,TCGA-G4-6315-01Z-00-DX1,0,0.011389411,0
non-tumour/TCGA-G4-6315-01Z-00-DX1_25088_34816.jpg,TCGA-G4-6315,TCGA-G4-6315-01Z-00-DX1,0,0.5747188,1
non-tumour/TCGA-G4-6315-01Z-00-DX1_25088_3584.jpg,TCGA-G4-6315,TCGA-G4-6315-01Z-00-DX1,0,0.63632214,1
non-tumour/TCGA-G4-6315-01Z-00-DX1_25088_5120.jpg,TCGA-G4-6315,TCGA-G4-6315-01Z-00-DX1,0,0.077651255,0
non-tumour/TCGA-G4-6315-01Z-00-DX1_25600_32256.jpg,TCGA-G4-6315,TCGA-G4-6315-01Z-00-DX1,0,0.7462664,1
non-tumour/TCGA-G4-6315-01Z-00-DX1_25600_33792.jpg,TCGA-G4-6315,TCGA-G4-6315-01Z-00-DX1,0,0.015991235,0
non-tumour/TCGA-G4-6315-01Z-00-DX1_25600_34304.jpg,TCGA-G4-6315,TCGA-G4-6315-01Z-00-DX1,0,0.3206615,0
non-tumour/TCGA-G4-6315-01Z-00-DX1_25600_34816.jpg,TCGA-G4-6315,TCGA-G4-6315-01Z-00-DX1,0,0.6886526,1
non-tumour/TCGA-G4-6315-01Z-00-DX1_25600_4096.jpg,TCGA-G4-6315,TCGA-G4-6315-01Z-00-DX1,0,0.11730439,0
non-tumour/TCGA-G4-6315-01Z-00-DX1_25600_4608.jpg,TCGA-G4-6315,TCGA-G4-6315-01Z-00-DX1,0,0.77667624,1
non-tumour/TCGA-G4-6315-01Z-00-DX1_26112_32768.jpg,TCGA-G4-6315,TCGA-G4-6315-01Z-00-DX1,0,0.05367225,0
non-tumour/TCGA-G4-6315-01Z-00-DX1_26112_3584.jpg,TCGA-G4-6315,TCGA-G4-6315-01Z-00-DX1,0,0.11658363,0
non-tumour/TCGA-G4-6315-01Z-00-DX1_26112_4096.jpg,TCGA-G4-6315,TCGA-G4-6315-01Z-00-DX1,0,0.5916824,1
non-tumour/TCGA-G4-6315-01Z-00-DX1_26112_4608.jpg,TCGA-G4-6315,TCGA-G4-6315-01Z-00-DX1,0,0.33496302,0
non-tumour/TCGA-G4-6315-01Z-00-DX1_26112_5120.jpg,TCGA-G4-6315,TCGA-G4-6315-01Z-00-DX1,0,0.6404422,1
non-tumour/TCGA-G4-6315-01Z-00-DX1_26624_32768.jpg,TCGA-G4-6315,TCGA-G4-6315-01Z-00-DX1,0,0.2980979,0
non-tumour/TCGA-G4-6315-01Z-00-DX1_26624_33792.jpg,TCGA-G4-6315,TCGA-G4-6315-01Z-00-DX1,0,0.030388927,0
non-tumour/TCGA-G4-6315-01Z-00-DX1_27136_32256.jpg,TCGA-G4-6315,TCGA-G4-6315-01Z-00-DX1,0,0.7904844,1
non-tumour/TCGA-G4-6315-01Z-00-DX1_27136_32768.jpg,TCGA-G4-6315,TCGA-G4-6315-01Z-00-DX1,0,0.14577943,0
non-tumour/TCGA-G4-6315-01Z-00-DX1_27136_34304.jpg,TCGA-G4-6315,TCGA-G4-6315-01Z-00-DX1,0,0.33374876,0
non-tumour/TCGA-G4-6315-01Z-00-DX1_27648_32256.jpg,TCGA-G4-6315,TCGA-G4-6315-01Z-00-DX1,0,0.19741827,0
non-tumour/TCGA-G4-6315-01Z-00-DX1_27648_33792.jpg,TCGA-G4-6315,TCGA-G4-6315-01Z-00-DX1,0,0.0070310575,0
non-tumour/TCGA-G4-6315-01Z-00-DX1_28160_33792.jpg,TCGA-G4-6315,TCGA-G4-6315-01Z-00-DX1,0,0.006220735,0
non-tumour/TCGA-G4-6315-01Z-00-DX1_28672_33792.jpg,TCGA-G4-6315,TCGA-G4-6315-01Z-00-DX1,0,0.5429161,1
non-tumour/TCGA-G4-6315-01Z-00-DX1_29184_32256.jpg,TCGA-G4-6315,TCGA-G4-6315-01Z-00-DX1,0,0.8800696,1
non-tumour/TCGA-G4-6315-01Z-00-DX1_29184_32768.jpg,TCGA-G4-6315,TCGA-G4-6315-01Z-00-DX1,0,0.4127342,0
non-tumour/TCGA-G4-6315-01Z-00-DX1_29184_33280.jpg,TCGA-G4-6315,TCGA-G4-6315-01Z-00-DX1,0,0.43177748,0
non-tumour/TCGA-G4-6315-01Z-00-DX1_29696_32256.jpg,TCGA-G4-6315,TCGA-G4-6315-01Z-00-DX1,0,0.73905706,1
non-tumour/TCGA-G4-6315-01Z-00-DX1_29696_32768.jpg,TCGA-G4-6315,TCGA-G4-6315-01Z-00-DX1,0,0.74722356,1
non-tumour/TCGA-G4-6315-01Z-00-DX1_29696_33280.jpg,TCGA-G4-6315,TCGA-G4-6315-01Z-00-DX1,0,0.19596061,0
non-tumour/TCGA-G4-6315-01Z-00-DX1_29696_33792.jpg,TCGA-G4-6315,TCGA-G4-6315-01Z-00-DX1,0,0.95448446,1
non-tumour/TCGA-G4-6315-01Z-00-DX1_30208_32256.jpg,TCGA-G4-6315,TCGA-G4-6315-01Z-00-DX1,0,0.057559706,0
non-tumour/TCGA-G4-6315-01Z-00-DX1_30208_32768.jpg,TCGA-G4-6315,TCGA-G4-6315-01Z-00-DX1,0,0.05425767,0
non-tumour/TCGA-G4-6315-01Z-00-DX1_30208_33280.jpg,TCGA-G4-6315,TCGA-G4-6315-01Z-00-DX1,0,0.029573373,0
non-tumour/TCGA-G4-6315-01Z-00-DX1_30208_33792.jpg,TCGA-G4-6315,TCGA-G4-6315-01Z-00-DX1,0,0.988782,1
non-tumour/TCGA-G4-6315-01Z-00-DX1_30720_32256.jpg,TCGA-G4-6315,TCGA-G4-6315-01Z-00-DX1,0,0.020215517,0
non-tumour/TCGA-G4-6315-01Z-00-DX1_30720_32768.jpg,TCGA-G4-6315,TCGA-G4-6315-01Z-00-DX1,0,0.005154833,0
non-tumour/TCGA-G4-6315-01Z-00-DX1_31744_31744.jpg,TCGA-G4-6315,TCGA-G4-6315-01Z-00-DX1,0,0.0023858538,0
non-tumour/TCGA-G4-6315-01Z-00-DX1_31744_32256.jpg,TCGA-G4-6315,TCGA-G4-6315-01Z-00-DX1,0,0.15217747,0
non-tumour/TCGA-G4-6315-01Z-00-DX1_31744_32768.jpg,TCGA-G4-6315,TCGA-G4-6315-01Z-00-DX1,0,0.24941415,0
non-tumour/TCGA-G4-6315-01Z-00-DX1_31744_33280.jpg,TCGA-G4-6315,TCGA-G4-6315-01Z-00-DX1,0,0.8767127,1
non-tumour/TCGA-G4-6315-01Z-00-DX1_32256_32256.jpg,TCGA-G4-6315,TCGA-G4-6315-01Z-00-DX1,0,0.54604405,1
non-tumour/TCGA-G4-6315-01Z-00-DX1_32256_32768.jpg,TCGA-G4-6315,TCGA-G4-6315-01Z-00-DX1,0,0.92550784,1
non-tumour/TCGA-G4-6315-01Z-00-DX1_3584_28672.jpg,TCGA-G4-6315,TCGA-G4-6315-01Z-00-DX1,0,0.004072276,0
non-tumour/TCGA-G4-6315-01Z-00-DX1_3584_29696.jpg,TCGA-G4-6315,TCGA-G4-6315-01Z-00-DX1,0,0.11871079,0
non-tumour/TCGA-G4-6315-01Z-00-DX1_4096_25088.jpg,TCGA-G4-6315,TCGA-G4-6315-01Z-00-DX1,0,0.17907539,0
non-tumour/TCGA-G4-6315-01Z-00-DX1_4096_27136.jpg,TCGA-G4-6315,TCGA-G4-6315-01Z-00-DX1,0,0.00038793407,0
non-tumour/TCGA-G4-6315-01Z-00-DX1_4096_28672.jpg,TCGA-G4-6315,TCGA-G4-6315-01Z-00-DX1,0,0.0009659087,0
non-tumour/TCGA-G4-6315-01Z-00-DX1_4096_29184.jpg,TCGA-G4-6315,TCGA-G4-6315-01Z-00-DX1,0,0.004271622,0
non-tumour/TCGA-G4-6315-01Z-00-DX1_4096_30208.jpg,TCGA-G4-6315,TCGA-G4-6315-01Z-00-DX1,0,0.08009389,0
non-tumour/TCGA-G4-6315-01Z-00-DX1_4096_30720.jpg,TCGA-G4-6315,TCGA-G4-6315-01Z-00-DX1,0,0.17424,0
non-tumour/TCGA-G4-6315-01Z-00-DX1_4096_32256.jpg,TCGA-G4-6315,TCGA-G4-6315-01Z-00-DX1,0,0.06005367,0
non-tumour/TCGA-G4-6315-01Z-00-DX1_4096_5120.jpg,TCGA-G4-6315,TCGA-G4-6315-01Z-00-DX1,0,0.42545664,0
non-tumour/TCGA-G4-6315-01Z-00-DX1_4096_7680.jpg,TCGA-G4-6315,TCGA-G4-6315-01Z-00-DX1,0,0.0007703042,0
non-tumour/TCGA-G4-6315-01Z-00-DX1_4608_25088.jpg,TCGA-G4-6315,TCGA-G4-6315-01Z-00-DX1,0,0.037487492,0
non-tumour/TCGA-G4-6315-01Z-00-DX1_4608_25600.jpg,TCGA-G4-6315,TCGA-G4-6315-01Z-00-DX1,0,0.012190992,0
non-tumour/TCGA-G4-6315-01Z-00-DX1_4608_26112.jpg,TCGA-G4-6315,TCGA-G4-6315-01Z-00-DX1,0,0.085508406,0
non-tumour/TCGA-G4-6315-01Z-00-DX1_4608_27136.jpg,TCGA-G4-6315,TCGA-G4-6315-01Z-00-DX1,0,0.0018542778,0
non-tumour/TCGA-G4-6315-01Z-00-DX1_4608_27648.jpg,TCGA-G4-6315,TCGA-G4-6315-01Z-00-DX1,0,0.00013809414,0
non-tumour/TCGA-G4-6315-01Z-00-DX1_4608_28672.jpg,TCGA-G4-6315,TCGA-G4-6315-01Z-00-DX1,0,0.00026657697,0
non-tumour/TCGA-G4-6315-01Z-00-DX1_4608_30208.jpg,TCGA-G4-6315,TCGA-G4-6315-01Z-00-DX1,0,0.00085714605,0
non-tumour/TCGA-G4-6315-01Z-00-DX1_4608_32256.jpg,TCGA-G4-6315,TCGA-G4-6315-01Z-00-DX1,0,0.0050704875,0
non-tumour/TCGA-G4-6315-01Z-00-DX1_4608_33792.jpg,TCGA-G4-6315,TCGA-G4-6315-01Z-00-DX1,0,0.0046498016,0
non-tumour/TCGA-G4-6315-01Z-00-DX1_4608_34816.jpg,TCGA-G4-6315,TCGA-G4-6315-01Z-00-DX1,0,0.5554191,1
non-tumour/TCGA-G4-6315-01Z-00-DX1_4608_4608.jpg,TCGA-G4-6315,TCGA-G4-6315-01Z-00-DX1,0,0.13619806,0
non-tumour/TCGA-G4-6315-01Z-00-DX1_4608_5120.jpg,TCGA-G4-6315,TCGA-G4-6315-01Z-00-DX1,0,0.8768942,1
non-tumour/TCGA-G4-6315-01Z-00-DX1_4608_6144.jpg,TCGA-G4-6315,TCGA-G4-6315-01Z-00-DX1,0,0.0024123404,0
non-tumour/TCGA-G4-6315-01Z-00-DX1_4608_6656.jpg,TCGA-G4-6315,TCGA-G4-6315-01Z-00-DX1,0,5.953046e-05,0
non-tumour/TCGA-G4-6315-01Z-00-DX1_4608_7168.jpg,TCGA-G4-6315,TCGA-G4-6315-01Z-00-DX1,0,0.004127303,0
non-tumour/TCGA-G4-6315-01Z-00-DX1_4608_7680.jpg,TCGA-G4-6315,TCGA-G4-6315-01Z-00-DX1,0,0.10736379,0
non-tumour/TCGA-G4-6315-01Z-00-DX1_4608_8192.jpg,TCGA-G4-6315,TCGA-G4-6315-01Z-00-DX1,0,0.0009242367,0
non-tumour/TCGA-G4-6315-01Z-00-DX1_5120_10240.jpg,TCGA-G4-6315,TCGA-G4-6315-01Z-00-DX1,0,0.00096081465,0
non-tumour/TCGA-G4-6315-01Z-00-DX1_5120_22016.jpg,TCGA-G4-6315,TCGA-G4-6315-01Z-00-DX1,0,0.37781316,0
non-tumour/TCGA-G4-6315-01Z-00-DX1_5120_22528.jpg,TCGA-G4-6315,TCGA-G4-6315-01Z-00-DX1,0,0.55928504,1
non-tumour/TCGA-G4-6315-01Z-00-DX1_5120_23040.jpg,TCGA-G4-6315,TCGA-G4-6315-01Z-00-DX1,0,0.3233669,0
non-tumour/TCGA-G4-6315-01Z-00-DX1_5120_23552.jpg,TCGA-G4-6315,TCGA-G4-6315-01Z-00-DX1,0,0.5805392,1
non-tumour/TCGA-G4-6315-01Z-00-DX1_5120_24064.jpg,TCGA-G4-6315,TCGA-G4-6315-01Z-00-DX1,0,0.008066202,0
non-tumour/TCGA-G4-6315-01Z-00-DX1_5120_25088.jpg,TCGA-G4-6315,TCGA-G4-6315-01Z-00-DX1,0,0.0063545587,0
non-tumour/TCGA-G4-6315-01Z-00-DX1_5120_27648.jpg,TCGA-G4-6315,TCGA-G4-6315-01Z-00-DX1,0,0.00046947613,0
non-tumour/TCGA-G4-6315-01Z-00-DX1_5120_29184.jpg,TCGA-G4-6315,TCGA-G4-6315-01Z-00-DX1,0,0.019367103,0
non-tumour/TCGA-G4-6315-01Z-00-DX1_5120_30720.jpg,TCGA-G4-6315,TCGA-G4-6315-01Z-00-DX1,0,0.02822824,0
non-tumour/TCGA-G4-6315-01Z-00-DX1_5120_31744.jpg,TCGA-G4-6315,TCGA-G4-6315-01Z-00-DX1,0,0.00061537564,0
non-tumour/TCGA-G4-6315-01Z-00-DX1_5120_32768.jpg,TCGA-G4-6315,TCGA-G4-6315-01Z-00-DX1,0,0.0066645574,0
non-tumour/TCGA-G4-6315-01Z-00-DX1_5120_34816.jpg,TCGA-G4-6315,TCGA-G4-6315-01Z-00-DX1,0,0.5667083,1
non-tumour/TCGA-G4-6315-01Z-00-DX1_5120_35328.jpg,TCGA-G4-6315,TCGA-G4-6315-01Z-00-DX1,0,0.455093,0
non-tumour/TCGA-G4-6315-01Z-00-DX1_5120_35840.jpg,TCGA-G4-6315,TCGA-G4-6315-01Z-00-DX1,0,0.40244114,0
non-tumour/TCGA-G4-6315-01Z-00-DX1_5120_4608.jpg,TCGA-G4-6315,TCGA-G4-6315-01Z-00-DX1,0,0.57899386,1
non-tumour/TCGA-G4-6315-01Z-00-DX1_5120_5120.jpg,TCGA-G4-6315,TCGA-G4-6315-01Z-00-DX1,0,0.54798377,1
non-tumour/TCGA-G4-6315-01Z-00-DX1_5120_5632.jpg,TCGA-G4-6315,TCGA-G4-6315-01Z-00-DX1,0,0.52030164,1
non-tumour/TCGA-G4-6315-01Z-00-DX1_5120_7680.jpg,TCGA-G4-6315,TCGA-G4-6315-01Z-00-DX1,0,0.0034255353,0
non-tumour/TCGA-G4-6315-01Z-00-DX1_5120_8192.jpg,TCGA-G4-6315,TCGA-G4-6315-01Z-00-DX1,0,0.0022748627,0
non-tumour/TCGA-G4-6315-01Z-00-DX1_5120_8704.jpg,TCGA-G4-6315,TCGA-G4-6315-01Z-00-DX1,0,0.007147369,0
non-tumour/TCGA-G4-6315-01Z-00-DX1_5632_10752.jpg,TCGA-G4-6315,TCGA-G4-6315-01Z-00-DX1,0,0.004875332,0
non-tumour/TCGA-G4-6315-01Z-00-DX1_5632_11264.jpg,TCGA-G4-6315,TCGA-G4-6315-01Z-00-DX1,0,0.1504296,0
non-tumour/TCGA-G4-6315-01Z-00-DX1_5632_11776.jpg,TCGA-G4-6315,TCGA-G4-6315-01Z-00-DX1,0,0.00045395922,0
non-tumour/TCGA-G4-6315-01Z-00-DX1_5632_22528.jpg,TCGA-G4-6315,TCGA-G4-6315-01Z-00-DX1,0,0.33056116,0
non-tumour/TCGA-G4-6315-01Z-00-DX1_5632_23552.jpg,TCGA-G4-6315,TCGA-G4-6315-01Z-00-DX1,0,0.40993932,0
non-tumour/TCGA-G4-6315-01Z-00-DX1_5632_25088.jpg,TCGA-G4-6315,TCGA-G4-6315-01Z-00-DX1,0,0.0027049307,0
non-tumour/TCGA-G4-6315-01Z-00-DX1_5632_26112.jpg,TCGA-G4-6315,TCGA-G4-6315-01Z-00-DX1,0,9.8439654e-05,0
non-tumour/TCGA-G4-6315-01Z-00-DX1_5632_26624.jpg,TCGA-G4-6315,TCGA-G4-6315-01Z-00-DX1,0,2.9823923e-05,0
non-tumour/TCGA-G4-6315-01Z-00-DX1_5632_27136.jpg,TCGA-G4-6315,TCGA-G4-6315-01Z-00-DX1,0,0.0009601035,0
non-tumour/TCGA-G4-6315-01Z-00-DX1_5632_27648.jpg,TCGA-G4-6315,TCGA-G4-6315-01Z-00-DX1,0,0.0770655,0
non-tumour/TCGA-G4-6315-01Z-00-DX1_5632_28160.jpg,TCGA-G4-6315,TCGA-G4-6315-01Z-00-DX1,0,0.022451343,0
non-tumour/TCGA-G4-6315-01Z-00-DX1_5632_30208.jpg,TCGA-G4-6315,TCGA-G4-6315-01Z-00-DX1,0,0.5249617,1
non-tumour/TCGA-G4-6315-01Z-00-DX1_5632_30720.jpg,TCGA-G4-6315,TCGA-G4-6315-01Z-00-DX1,0,0.8552088,1
non-tumour/TCGA-G4-6315-01Z-00-DX1_5632_31232.jpg,TCGA-G4-6315,TCGA-G4-6315-01Z-00-DX1,0,0.5496743,1
non-tumour/TCGA-G4-6315-01Z-00-DX1_5632_34816.jpg,TCGA-G4-6315,TCGA-G4-6315-01Z-00-DX1,0,0.083237655,0
non-tumour/TCGA-G4-6315-01Z-00-DX1_5632_35840.jpg,TCGA-G4-6315,TCGA-G4-6315-01Z-00-DX1,0,0.1213292,0
non-tumour/TCGA-G4-6315-01Z-00-DX1_5632_36352.jpg,TCGA-G4-6315,TCGA-G4-6315-01Z-00-DX1,0,0.44959775,0
non-tumour/TCGA-G4-6315-01Z-00-DX1_5632_5120.jpg,TCGA-G4-6315,TCGA-G4-6315-01Z-00-DX1,0,0.8157506,1
non-tumour/TCGA-G4-6315-01Z-00-DX1_5632_6656.jpg,TCGA-G4-6315,TCGA-G4-6315-01Z-00-DX1,0,0.32631406,0
non-tumour/TCGA-G4-6315-01Z-00-DX1_5632_7168.jpg,TCGA-G4-6315,TCGA-G4-6315-01Z-00-DX1,0,0.030197307,0
non-tumour/TCGA-G4-6315-01Z-00-DX1_6144_10240.jpg,TCGA-G4-6315,TCGA-G4-6315-01Z-00-DX1,0,0.0006456665,0
non-tumour/TCGA-G4-6315-01Z-00-DX1_6144_11776.jpg,TCGA-G4-6315,TCGA-G4-6315-01Z-00-DX1,0,0.00068288157,0
non-tumour/TCGA-G4-6315-01Z-00-DX1_6144_12288.jpg,TCGA-G4-6315,TCGA-G4-6315-01Z-00-DX1,0,0.0031960343,0
non-tumour/TCGA-G4-6315-01Z-00-DX1_6144_13824.jpg,TCGA-G4-6315,TCGA-G4-6315-01Z-00-DX1,0,0.00029426898,0
non-tumour/TCGA-G4-6315-01Z-00-DX1_6144_19968.jpg,TCGA-G4-6315,TCGA-G4-6315-01Z-00-DX1,0,0.27181363,0
non-tumour/TCGA-G4-6315-01Z-00-DX1_6144_20992.jpg,TCGA-G4-6315,TCGA-G4-6315-01Z-00-DX1,0,0.47066882,0
non-tumour/TCGA-G4-6315-01Z-00-DX1_6144_21504.jpg,TCGA-G4-6315,TCGA-G4-6315-01Z-00-DX1,0,0.5134872,1
non-tumour/TCGA-G4-6315-01Z-00-DX1_6144_22016.jpg,TCGA-G4-6315,TCGA-G4-6315-01Z-00-DX1,0,0.24777944,0
non-tumour/TCGA-G4-6315-01Z-00-DX1_6144_25088.jpg,TCGA-G4-6315,TCGA-G4-6315-01Z-00-DX1,0,0.009307792,0
non-tumour/TCGA-G4-6315-01Z-00-DX1_6144_28160.jpg,TCGA-G4-6315,TCGA-G4-6315-01Z-00-DX1,0,0.014029367,0
non-tumour/TCGA-G4-6315-01Z-00-DX1_6144_29696.jpg,TCGA-G4-6315,TCGA-G4-6315-01Z-00-DX1,0,0.57713336,1
non-tumour/TCGA-G4-6315-01Z-00-DX1_6144_30208.jpg,TCGA-G4-6315,TCGA-G4-6315-01Z-00-DX1,0,0.8039316,1
non-tumour/TCGA-G4-6315-01Z-00-DX1_6144_30720.jpg,TCGA-G4-6315,TCGA-G4-6315-01Z-00-DX1,0,0.5601002,1
non-tumour/TCGA-G4-6315-01Z-00-DX1_6144_31744.jpg,TCGA-G4-6315,TCGA-G4-6315-01Z-00-DX1,0,0.38348377,0
non-tumour/TCGA-G4-6315-01Z-00-DX1_6144_32768.jpg,TCGA-G4-6315,TCGA-G4-6315-01Z-00-DX1,0,0.2723572,0
non-tumour/TCGA-G4-6315-01Z-00-DX1_6144_33280.jpg,TCGA-G4-6315,TCGA-G4-6315-01Z-00-DX1,0,0.15406854,0
non-tumour/TCGA-G4-6315-01Z-00-DX1_6144_3584.jpg,TCGA-G4-6315,TCGA-G4-6315-01Z-00-DX1,0,0.014418633,0
non-tumour/TCGA-G4-6315-01Z-00-DX1_6144_4608.jpg,TCGA-G4-6315,TCGA-G4-6315-01Z-00-DX1,0,0.35684422,0
non-tumour/TCGA-G4-6315-01Z-00-DX1_6144_7680.jpg,TCGA-G4-6315,TCGA-G4-6315-01Z-00-DX1,0,0.14267671,0
non-tumour/TCGA-G4-6315-01Z-00-DX1_6144_8704.jpg,TCGA-G4-6315,TCGA-G4-6315-01Z-00-DX1,0,0.003618366,0
non-tumour/TCGA-G4-6315-01Z-00-DX1_6656_10240.jpg,TCGA-G4-6315,TCGA-G4-6315-01Z-00-DX1,0,0.015623432,0
non-tumour/TCGA-G4-6315-01Z-00-DX1_6656_11264.jpg,TCGA-G4-6315,TCGA-G4-6315-01Z-00-DX1,0,0.028418003,0
non-tumour/TCGA-G4-6315-01Z-00-DX1_6656_11776.jpg,TCGA-G4-6315,TCGA-G4-6315-01Z-00-DX1,0,0.0009896075,0
non-tumour/TCGA-G4-6315-01Z-00-DX1_6656_13824.jpg,TCGA-G4-6315,TCGA-G4-6315-01Z-00-DX1,0,0.0001639103,0
non-tumour/TCGA-G4-6315-01Z-00-DX1_6656_14336.jpg,TCGA-G4-6315,TCGA-G4-6315-01Z-00-DX1,0,9.349298e-05,0
non-tumour/TCGA-G4-6315-01Z-00-DX1_6656_14848.jpg,TCGA-G4-6315,TCGA-G4-6315-01Z-00-DX1,0,0.00018642226,0
non-tumour/TCGA-G4-6315-01Z-00-DX1_6656_15360.jpg,TCGA-G4-6315,TCGA-G4-6315-01Z-00-DX1,0,0.02005066,0
non-tumour/TCGA-G4-6315-01Z-00-DX1_6656_15872.jpg,TCGA-G4-6315,TCGA-G4-6315-01Z-00-DX1,0,0.00782932,0
non-tumour/TCGA-G4-6315-01Z-00-DX1_6656_16384.jpg,TCGA-G4-6315,TCGA-G4-6315-01Z-00-DX1,0,0.0052516274,0
non-tumour/TCGA-G4-6315-01Z-00-DX1_6656_16896.jpg,TCGA-G4-6315,TCGA-G4-6315-01Z-00-DX1,0,0.0029546984,0
non-tumour/TCGA-G4-6315-01Z-00-DX1_6656_17408.jpg,TCGA-G4-6315,TCGA-G4-6315-01Z-00-DX1,0,0.00016219435,0
non-tumour/TCGA-G4-6315-01Z-00-DX1_6656_20992.jpg,TCGA-G4-6315,TCGA-G4-6315-01Z-00-DX1,0,0.39226452,0
non-tumour/TCGA-G4-6315-01Z-00-DX1_6656_21504.jpg,TCGA-G4-6315,TCGA-G4-6315-01Z-00-DX1,0,0.32715383,0
non-tumour/TCGA-G4-6315-01Z-00-DX1_6656_22016.jpg,TCGA-G4-6315,TCGA-G4-6315-01Z-00-DX1,0,0.09302672,0
non-tumour/TCGA-G4-6315-01Z-00-DX1_6656_22528.jpg,TCGA-G4-6315,TCGA-G4-6315-01Z-00-DX1,0,0.018537397,0
non-tumour/TCGA-G4-6315-01Z-00-DX1_6656_23040.jpg,TCGA-G4-6315,TCGA-G4-6315-01Z-00-DX1,0,0.003917409,0
non-tumour/TCGA-G4-6315-01Z-00-DX1_6656_23552.jpg,TCGA-G4-6315,TCGA-G4-6315-01Z-00-DX1,0,0.0009962162,0
non-tumour/TCGA-G4-6315-01Z-00-DX1_6656_25088.jpg,TCGA-G4-6315,TCGA-G4-6315-01Z-00-DX1,0,4.4211323e-05,0
non-tumour/TCGA-G4-6315-01Z-00-DX1_6656_27648.jpg,TCGA-G4-6315,TCGA-G4-6315-01Z-00-DX1,0,1.4732264e-05,0
non-tumour/TCGA-G4-6315-01Z-00-DX1_6656_28160.jpg,TCGA-G4-6315,TCGA-G4-6315-01Z-00-DX1,0,0.0004305228,0
non-tumour/TCGA-G4-6315-01Z-00-DX1_6656_29184.jpg,TCGA-G4-6315,TCGA-G4-6315-01Z-00-DX1,0,0.26339233,0
non-tumour/TCGA-G4-6315-01Z-00-DX1_6656_29696.jpg,TCGA-G4-6315,TCGA-G4-6315-01Z-00-DX1,0,0.70101804,1
non-tumour/TCGA-G4-6315-01Z-00-DX1_6656_31744.jpg,TCGA-G4-6315,TCGA-G4-6315-01Z-00-DX1,0,0.27148917,0
non-tumour/TCGA-G4-6315-01Z-00-DX1_6656_32256.jpg,TCGA-G4-6315,TCGA-G4-6315-01Z-00-DX1,0,0.25413108,0
non-tumour/TCGA-G4-6315-01Z-00-DX1_6656_33792.jpg,TCGA-G4-6315,TCGA-G4-6315-01Z-00-DX1,0,0.58192104,1
non-tumour/TCGA-G4-6315-01Z-00-DX1_6656_34816.jpg,TCGA-G4-6315,TCGA-G4-6315-01Z-00-DX1,0,0.50042754,1
non-tumour/TCGA-G4-6315-01Z-00-DX1_6656_3584.jpg,TCGA-G4-6315,TCGA-G4-6315-01Z-00-DX1,0,0.21805783,0
non-tumour/TCGA-G4-6315-01Z-00-DX1_6656_36352.jpg,TCGA-G4-6315,TCGA-G4-6315-01Z-00-DX1,0,0.131448,0
non-tumour/TCGA-G4-6315-01Z-00-DX1_6656_6144.jpg,TCGA-G4-6315,TCGA-G4-6315-01Z-00-DX1,0,0.0012924365,0
non-tumour/TCGA-G4-6315-01Z-00-DX1_6656_9728.jpg,TCGA-G4-6315,TCGA-G4-6315-01Z-00-DX1,0,0.004125849,0
non-tumour/TCGA-G4-6315-01Z-00-DX1_7168_10240.jpg,TCGA-G4-6315,TCGA-G4-6315-01Z-00-DX1,0,0.025818778,0
non-tumour/TCGA-G4-6315-01Z-00-DX1_7168_11264.jpg,TCGA-G4-6315,TCGA-G4-6315-01Z-00-DX1,0,0.00548119,0
non-tumour/TCGA-G4-6315-01Z-00-DX1_7168_11776.jpg,TCGA-G4-6315,TCGA-G4-6315-01Z-00-DX1,0,5.6235564e-05,0
non-tumour/TCGA-G4-6315-01Z-00-DX1_7168_12288.jpg,TCGA-G4-6315,TCGA-G4-6315-01Z-00-DX1,0,5.6872053e-05,0
non-tumour/TCGA-G4-6315-01Z-00-DX1_7168_13312.jpg,TCGA-G4-6315,TCGA-G4-6315-01Z-00-DX1,0,0.00013643371,0
non-tumour/TCGA-G4-6315-01Z-00-DX1_7168_13824.jpg,TCGA-G4-6315,TCGA-G4-6315-01Z-00-DX1,0,0.00038403887,0
non-tumour/TCGA-G4-6315-01Z-00-DX1_7168_14848.jpg,TCGA-G4-6315,TCGA-G4-6315-01Z-00-DX1,0,0.0010165722,0
non-tumour/TCGA-G4-6315-01Z-00-DX1_7168_15360.jpg,TCGA-G4-6315,TCGA-G4-6315-01Z-00-DX1,0,0.0017669162,0
non-tumour/TCGA-G4-6315-01Z-00-DX1_7168_15872.jpg,TCGA-G4-6315,TCGA-G4-6315-01Z-00-DX1,0,0.00037779333,0
non-tumour/TCGA-G4-6315-01Z-00-DX1_7168_16384.jpg,TCGA-G4-6315,TCGA-G4-6315-01Z-00-DX1,0,0.00012035652,0
non-tumour/TCGA-G4-6315-01Z-00-DX1_7168_16896.jpg,TCGA-G4-6315,TCGA-G4-6315-01Z-00-DX1,0,0.0003461668,0
non-tumour/TCGA-G4-6315-01Z-00-DX1_7168_19456.jpg,TCGA-G4-6315,TCGA-G4-6315-01Z-00-DX1,0,0.0008324807,0
non-tumour/TCGA-G4-6315-01Z-00-DX1_7168_19968.jpg,TCGA-G4-6315,TCGA-G4-6315-01Z-00-DX1,0,0.0022612023,0
non-tumour/TCGA-G4-6315-01Z-00-DX1_7168_2048.jpg,TCGA-G4-6315,TCGA-G4-6315-01Z-00-DX1,0,0.18150543,0
non-tumour/TCGA-G4-6315-01Z-00-DX1_7168_20992.jpg,TCGA-G4-6315,TCGA-G4-6315-01Z-00-DX1,0,0.4578587,0
non-tumour/TCGA-G4-6315-01Z-00-DX1_7168_21504.jpg,TCGA-G4-6315,TCGA-G4-6315-01Z-00-DX1,0,0.0013301407,0
non-tumour/TCGA-G4-6315-01Z-00-DX1_7168_23040.jpg,TCGA-G4-6315,TCGA-G4-6315-01Z-00-DX1,0,0.00025787557,0
non-tumour/TCGA-G4-6315-01Z-00-DX1_7168_24064.jpg,TCGA-G4-6315,TCGA-G4-6315-01Z-00-DX1,0,7.405413e-05,0
non-tumour/TCGA-G4-6315-01Z-00-DX1_7168_24576.jpg,TCGA-G4-6315,TCGA-G4-6315-01Z-00-DX1,0,5.4340126e-05,0
non-tumour/TCGA-G4-6315-01Z-00-DX1_7168_25088.jpg,TCGA-G4-6315,TCGA-G4-6315-01Z-00-DX1,0,0.00017812553,0
non-tumour/TCGA-G4-6315-01Z-00-DX1_7168_25600.jpg,TCGA-G4-6315,TCGA-G4-6315-01Z-00-DX1,0,0.0013843225,0
non-tumour/TCGA-G4-6315-01Z-00-DX1_7168_26624.jpg,TCGA-G4-6315,TCGA-G4-6315-01Z-00-DX1,0,2.773395e-05,0
non-tumour/TCGA-G4-6315-01Z-00-DX1_7168_28160.jpg,TCGA-G4-6315,TCGA-G4-6315-01Z-00-DX1,0,0.0016375186,0
non-tumour/TCGA-G4-6315-01Z-00-DX1_7168_28672.jpg,TCGA-G4-6315,TCGA-G4-6315-01Z-00-DX1,0,0.09864801,0
non-tumour/TCGA-G4-6315-01Z-00-DX1_7168_29696.jpg,TCGA-G4-6315,TCGA-G4-6315-01Z-00-DX1,0,0.3427476,0
non-tumour/TCGA-G4-6315-01Z-00-DX1_7168_30208.jpg,TCGA-G4-6315,TCGA-G4-6315-01Z-00-DX1,0,0.12908284,0
non-tumour/TCGA-G4-6315-01Z-00-DX1_7168_3072.jpg,TCGA-G4-6315,TCGA-G4-6315-01Z-00-DX1,0,0.043975107,0
non-tumour/TCGA-G4-6315-01Z-00-DX1_7168_31232.jpg,TCGA-G4-6315,TCGA-G4-6315-01Z-00-DX1,0,0.25003317,0
non-tumour/TCGA-G4-6315-01Z-00-DX1_7168_33280.jpg,TCGA-G4-6315,TCGA-G4-6315-01Z-00-DX1,0,0.95101905,1
non-tumour/TCGA-G4-6315-01Z-00-DX1_7168_33792.jpg,TCGA-G4-6315,TCGA-G4-6315-01Z-00-DX1,0,0.34494096,0
non-tumour/TCGA-G4-6315-01Z-00-DX1_7168_34304.jpg,TCGA-G4-6315,TCGA-G4-6315-01Z-00-DX1,0,0.3417182,0
non-tumour/TCGA-G4-6315-01Z-00-DX1_7168_35328.jpg,TCGA-G4-6315,TCGA-G4-6315-01Z-00-DX1,0,0.29334354,0
non-tumour/TCGA-G4-6315-01Z-00-DX1_7168_3584.jpg,TCGA-G4-6315,TCGA-G4-6315-01Z-00-DX1,0,0.16216639,0
non-tumour/TCGA-G4-6315-01Z-00-DX1_7168_35840.jpg,TCGA-G4-6315,TCGA-G4-6315-01Z-00-DX1,0,0.25466815,0
non-tumour/TCGA-G4-6315-01Z-00-DX1_7168_5632.jpg,TCGA-G4-6315,TCGA-G4-6315-01Z-00-DX1,0,0.0021130263,0
non-tumour/TCGA-G4-6315-01Z-00-DX1_7168_6144.jpg,TCGA-G4-6315,TCGA-G4-6315-01Z-00-DX1,0,0.0004034733,0
non-tumour/TCGA-G4-6315-01Z-00-DX1_7168_7680.jpg,TCGA-G4-6315,TCGA-G4-6315-01Z-00-DX1,0,8.47833e-05,0
non-tumour/TCGA-G4-6315-01Z-00-DX1_7168_8192.jpg,TCGA-G4-6315,TCGA-G4-6315-01Z-00-DX1,0,0.0005564314,0
non-tumour/TCGA-G4-6315-01Z-00-DX1_7168_8704.jpg,TCGA-G4-6315,TCGA-G4-6315-01Z-00-DX1,0,0.21719068,0
non-tumour/TCGA-G4-6315-01Z-00-DX1_7168_9216.jpg,TCGA-G4-6315,TCGA-G4-6315-01Z-00-DX1,0,0.14750288,0
non-tumour/TCGA-G4-6315-01Z-00-DX1_7680_10240.jpg,TCGA-G4-6315,TCGA-G4-6315-01Z-00-DX1,0,0.13164972,0
non-tumour/TCGA-G4-6315-01Z-00-DX1_7680_10752.jpg,TCGA-G4-6315,TCGA-G4-6315-01Z-00-DX1,0,0.24533881,0
non-tumour/TCGA-G4-6315-01Z-00-DX1_7680_11264.jpg,TCGA-G4-6315,TCGA-G4-6315-01Z-00-DX1,0,0.00056072575,0
non-tumour/TCGA-G4-6315-01Z-00-DX1_7680_13312.jpg,TCGA-G4-6315,TCGA-G4-6315-01Z-00-DX1,0,0.0031079282,0
non-tumour/TCGA-G4-6315-01Z-00-DX1_7680_14336.jpg,TCGA-G4-6315,TCGA-G4-6315-01Z-00-DX1,0,0.014318249,0
non-tumour/TCGA-G4-6315-01Z-00-DX1_7680_1536.jpg,TCGA-G4-6315,TCGA-G4-6315-01Z-00-DX1,0,0.06770986,0
non-tumour/TCGA-G4-6315-01Z-00-DX1_7680_15872.jpg,TCGA-G4-6315,TCGA-G4-6315-01Z-00-DX1,0,0.00010876346,0
non-tumour/TCGA-G4-6315-01Z-00-DX1_7680_16384.jpg,TCGA-G4-6315,TCGA-G4-6315-01Z-00-DX1,0,0.0005365129,0
non-tumour/TCGA-G4-6315-01Z-00-DX1_7680_16896.jpg,TCGA-G4-6315,TCGA-G4-6315-01Z-00-DX1,0,0.0008142754,0
non-tumour/TCGA-G4-6315-01Z-00-DX1_7680_17408.jpg,TCGA-G4-6315,TCGA-G4-6315-01Z-00-DX1,0,0.00050742493,0
non-tumour/TCGA-G4-6315-01Z-00-DX1_7680_19968.jpg,TCGA-G4-6315,TCGA-G4-6315-01Z-00-DX1,0,0.0028890313,0
non-tumour/TCGA-G4-6315-01Z-00-DX1_7680_2048.jpg,TCGA-G4-6315,TCGA-G4-6315-01Z-00-DX1,0,0.007888259,0
non-tumour/TCGA-G4-6315-01Z-00-DX1_7680_21504.jpg,TCGA-G4-6315,TCGA-G4-6315-01Z-00-DX1,0,0.018344346,0
non-tumour/TCGA-G4-6315-01Z-00-DX1_7680_22016.jpg,TCGA-G4-6315,TCGA-G4-6315-01Z-00-DX1,0,0.00013126103,0
non-tumour/TCGA-G4-6315-01Z-00-DX1_7680_23040.jpg,TCGA-G4-6315,TCGA-G4-6315-01Z-00-DX1,0,0.0033815422,0
non-tumour/TCGA-G4-6315-01Z-00-DX1_7680_23552.jpg,TCGA-G4-6315,TCGA-G4-6315-01Z-00-DX1,0,0.0028116608,0
non-tumour/TCGA-G4-6315-01Z-00-DX1_7680_24064.jpg,TCGA-G4-6315,TCGA-G4-6315-01Z-00-DX1,0,0.0011260792,0
non-tumour/TCGA-G4-6315-01Z-00-DX1_7680_25088.jpg,TCGA-G4-6315,TCGA-G4-6315-01Z-00-DX1,0,0.00018852329,0
non-tumour/TCGA-G4-6315-01Z-00-DX1_7680_25600.jpg,TCGA-G4-6315,TCGA-G4-6315-01Z-00-DX1,0,0.013087096,0
non-tumour/TCGA-G4-6315-01Z-00-DX1_7680_26112.jpg,TCGA-G4-6315,TCGA-G4-6315-01Z-00-DX1,0,0.0046540475,0
non-tumour/TCGA-G4-6315-01Z-00-DX1_7680_27136.jpg,TCGA-G4-6315,TCGA-G4-6315-01Z-00-DX1,0,0.001599491,0
non-tumour/TCGA-G4-6315-01Z-00-DX1_7680_27648.jpg,TCGA-G4-6315,TCGA-G4-6315-01Z-00-DX1,0,0.13635322,0
non-tumour/TCGA-G4-6315-01Z-00-DX1_7680_28160.jpg,TCGA-G4-6315,TCGA-G4-6315-01Z-00-DX1,0,0.43334094,0
non-tumour/TCGA-G4-6315-01Z-00-DX1_7680_3072.jpg,TCGA-G4-6315,TCGA-G4-6315-01Z-00-DX1,0,0.47541273,0
non-tumour/TCGA-G4-6315-01Z-00-DX1_7680_30720.jpg,TCGA-G4-6315,TCGA-G4-6315-01Z-00-DX1,0,0.36384904,0
non-tumour/TCGA-G4-6315-01Z-00-DX1_7680_31232.jpg,TCGA-G4-6315,TCGA-G4-6315-01Z-00-DX1,0,0.52521425,1
non-tumour/TCGA-G4-6315-01Z-00-DX1_7680_31744.jpg,TCGA-G4-6315,TCGA-G4-6315-01Z-00-DX1,0,0.5375383,1
non-tumour/TCGA-G4-6315-01Z-00-DX1_7680_32256.jpg,TCGA-G4-6315,TCGA-G4-6315-01Z-00-DX1,0,0.06832104,0
non-tumour/TCGA-G4-6315-01Z-00-DX1_7680_32768.jpg,TCGA-G4-6315,TCGA-G4-6315-01Z-00-DX1,0,0.0038070267,0
non-tumour/TCGA-G4-6315-01Z-00-DX1_7680_33280.jpg,TCGA-G4-6315,TCGA-G4-6315-01Z-00-DX1,0,0.059524056,0
non-tumour/TCGA-G4-6315-01Z-00-DX1_7680_34304.jpg,TCGA-G4-6315,TCGA-G4-6315-01Z-00-DX1,0,0.12928756,0
non-tumour/TCGA-G4-6315-01Z-00-DX1_7680_34816.jpg,TCGA-G4-6315,TCGA-G4-6315-01Z-00-DX1,0,0.04929211,0
non-tumour/TCGA-G4-6315-01Z-00-DX1_7680_35840.jpg,TCGA-G4-6315,TCGA-G4-6315-01Z-00-DX1,0,0.26773858,0
non-tumour/TCGA-G4-6315-01Z-00-DX1_7680_5120.jpg,TCGA-G4-6315,TCGA-G4-6315-01Z-00-DX1,0,0.11181161,0
non-tumour/TCGA-G4-6315-01Z-00-DX1_7680_5632.jpg,TCGA-G4-6315,TCGA-G4-6315-01Z-00-DX1,0,5.5540917e-05,0
non-tumour/TCGA-G4-6315-01Z-00-DX1_7680_6144.jpg,TCGA-G4-6315,TCGA-G4-6315-01Z-00-DX1,0,0.010886896,0
non-tumour/TCGA-G4-6315-01Z-00-DX1_7680_6656.jpg,TCGA-G4-6315,TCGA-G4-6315-01Z-00-DX1,0,0.00022185002,0
non-tumour/TCGA-G4-6315-01Z-00-DX1_7680_7680.jpg,TCGA-G4-6315,TCGA-G4-6315-01Z-00-DX1,0,0.0003516454,0
non-tumour/TCGA-G4-6315-01Z-00-DX1_7680_8192.jpg,TCGA-G4-6315,TCGA-G4-6315-01Z-00-DX1,0,0.0005452548,0
non-tumour/TCGA-G4-6315-01Z-00-DX1_7680_8704.jpg,TCGA-G4-6315,TCGA-G4-6315-01Z-00-DX1,0,0.036980398,0
non-tumour/TCGA-G4-6315-01Z-00-DX1_8192_10752.jpg,TCGA-G4-6315,TCGA-G4-6315-01Z-00-DX1,0,0.056123175,0
non-tumour/TCGA-G4-6315-01Z-00-DX1_8192_12288.jpg,TCGA-G4-6315,TCGA-G4-6315-01Z-00-DX1,0,0.0024175087,0
non-tumour/TCGA-G4-6315-01Z-00-DX1_8192_12800.jpg,TCGA-G4-6315,TCGA-G4-6315-01Z-00-DX1,0,0.0019716178,0
non-tumour/TCGA-G4-6315-01Z-00-DX1_8192_13824.jpg,TCGA-G4-6315,TCGA-G4-6315-01Z-00-DX1,0,0.52826583,1
non-tumour/TCGA-G4-6315-01Z-00-DX1_8192_14336.jpg,TCGA-G4-6315,TCGA-G4-6315-01Z-00-DX1,0,0.0029927464,0
non-tumour/TCGA-G4-6315-01Z-00-DX1_8192_14848.jpg,TCGA-G4-6315,TCGA-G4-6315-01Z-00-DX1,0,0.00014355853,0
non-tumour/TCGA-G4-6315-01Z-00-DX1_8192_15872.jpg,TCGA-G4-6315,TCGA-G4-6315-01Z-00-DX1,0,0.0002913795,0
non-tumour/TCGA-G4-6315-01Z-00-DX1_8192_16384.jpg,TCGA-G4-6315,TCGA-G4-6315-01Z-00-DX1,0,7.038322e-05,0
non-tumour/TCGA-G4-6315-01Z-00-DX1_8192_19968.jpg,TCGA-G4-6315,TCGA-G4-6315-01Z-00-DX1,0,0.007133975,0
non-tumour/TCGA-G4-6315-01Z-00-DX1_8192_2048.jpg,TCGA-G4-6315,TCGA-G4-6315-01Z-00-DX1,0,0.011506804,0
non-tumour/TCGA-G4-6315-01Z-00-DX1_8192_21504.jpg,TCGA-G4-6315,TCGA-G4-6315-01Z-00-DX1,0,0.0001250758,0
non-tumour/TCGA-G4-6315-01Z-00-DX1_8192_22528.jpg,TCGA-G4-6315,TCGA-G4-6315-01Z-00-DX1,0,0.00039341295,0
non-tumour/TCGA-G4-6315-01Z-00-DX1_8192_24064.jpg,TCGA-G4-6315,TCGA-G4-6315-01Z-00-DX1,0,0.0009620595,0
non-tumour/TCGA-G4-6315-01Z-00-DX1_8192_25088.jpg,TCGA-G4-6315,TCGA-G4-6315-01Z-00-DX1,0,0.00021883655,0
non-tumour/TCGA-G4-6315-01Z-00-DX1_8192_2560.jpg,TCGA-G4-6315,TCGA-G4-6315-01Z-00-DX1,0,0.017240888,0
non-tumour/TCGA-G4-6315-01Z-00-DX1_8192_26624.jpg,TCGA-G4-6315,TCGA-G4-6315-01Z-00-DX1,0,0.014070412,0
non-tumour/TCGA-G4-6315-01Z-00-DX1_8192_27136.jpg,TCGA-G4-6315,TCGA-G4-6315-01Z-00-DX1,0,0.69500566,1
non-tumour/TCGA-G4-6315-01Z-00-DX1_8192_28672.jpg,TCGA-G4-6315,TCGA-G4-6315-01Z-00-DX1,0,0.20459162,0
non-tumour/TCGA-G4-6315-01Z-00-DX1_8192_29696.jpg,TCGA-G4-6315,TCGA-G4-6315-01Z-00-DX1,0,0.43506742,0
non-tumour/TCGA-G4-6315-01Z-00-DX1_8192_30208.jpg,TCGA-G4-6315,TCGA-G4-6315-01Z-00-DX1,0,0.22898433,0
non-tumour/TCGA-G4-6315-01Z-00-DX1_8192_3072.jpg,TCGA-G4-6315,TCGA-G4-6315-01Z-00-DX1,0,0.084018245,0
non-tumour/TCGA-G4-6315-01Z-00-DX1_8192_30720.jpg,TCGA-G4-6315,TCGA-G4-6315-01Z-00-DX1,0,0.08547275,0
non-tumour/TCGA-G4-6315-01Z-00-DX1_8192_31744.jpg,TCGA-G4-6315,TCGA-G4-6315-01Z-00-DX1,0,0.49465343,0
non-tumour/TCGA-G4-6315-01Z-00-DX1_8192_32256.jpg,TCGA-G4-6315,TCGA-G4-6315-01Z-00-DX1,0,0.047826733,0
non-tumour/TCGA-G4-6315-01Z-00-DX1_8192_32768.jpg,TCGA-G4-6315,TCGA-G4-6315-01Z-00-DX1,0,0.05546703,0
non-tumour/TCGA-G4-6315-01Z-00-DX1_8192_33280.jpg,TCGA-G4-6315,TCGA-G4-6315-01Z-00-DX1,0,0.12068567,0
non-tumour/TCGA-G4-6315-01Z-00-DX1_8192_33792.jpg,TCGA-G4-6315,TCGA-G4-6315-01Z-00-DX1,0,0.044118807,0
non-tumour/TCGA-G4-6315-01Z-00-DX1_8192_34816.jpg,TCGA-G4-6315,TCGA-G4-6315-01Z-00-DX1,0,0.053592082,0
non-tumour/TCGA-G4-6315-01Z-00-DX1_8192_3584.jpg,TCGA-G4-6315,TCGA-G4-6315-01Z-00-DX1,0,0.07913327,0
non-tumour/TCGA-G4-6315-01Z-00-DX1_8192_36864.jpg,TCGA-G4-6315,TCGA-G4-6315-01Z-00-DX1,0,0.056053896,0
non-tumour/TCGA-G4-6315-01Z-00-DX1_8192_4096.jpg,TCGA-G4-6315,TCGA-G4-6315-01Z-00-DX1,0,0.32369128,0
non-tumour/TCGA-G4-6315-01Z-00-DX1_8192_5120.jpg,TCGA-G4-6315,TCGA-G4-6315-01Z-00-DX1,0,0.27289385,0
non-tumour/TCGA-G4-6315-01Z-00-DX1_8192_9216.jpg,TCGA-G4-6315,TCGA-G4-6315-01Z-00-DX1,0,0.02364754,0
non-tumour/TCGA-G4-6315-01Z-00-DX1_8704_10240.jpg,TCGA-G4-6315,TCGA-G4-6315-01Z-00-DX1,0,0.0058631035,0
non-tumour/TCGA-G4-6315-01Z-00-DX1_8704_10752.jpg,TCGA-G4-6315,TCGA-G4-6315-01Z-00-DX1,0,0.002252563,0
non-tumour/TCGA-G4-6315-01Z-00-DX1_8704_11776.jpg,TCGA-G4-6315,TCGA-G4-6315-01Z-00-DX1,0,0.00075556326,0
non-tumour/TCGA-G4-6315-01Z-00-DX1_8704_12800.jpg,TCGA-G4-6315,TCGA-G4-6315-01Z-00-DX1,0,0.00034837617,0
non-tumour/TCGA-G4-6315-01Z-00-DX1_8704_15360.jpg,TCGA-G4-6315,TCGA-G4-6315-01Z-00-DX1,0,0.002202693,0
non-tumour/TCGA-G4-6315-01Z-00-DX1_8704_15872.jpg,TCGA-G4-6315,TCGA-G4-6315-01Z-00-DX1,0,0.00019046634,0
non-tumour/TCGA-G4-6315-01Z-00-DX1_8704_16896.jpg,TCGA-G4-6315,TCGA-G4-6315-01Z-00-DX1,0,0.00016221756,0
non-tumour/TCGA-G4-6315-01Z-00-DX1_8704_17408.jpg,TCGA-G4-6315,TCGA-G4-6315-01Z-00-DX1,0,0.001148941,0
non-tumour/TCGA-G4-6315-01Z-00-DX1_8704_17920.jpg,TCGA-G4-6315,TCGA-G4-6315-01Z-00-DX1,0,0.000115352246,0
non-tumour/TCGA-G4-6315-01Z-00-DX1_8704_18944.jpg,TCGA-G4-6315,TCGA-G4-6315-01Z-00-DX1,0,4.008888e-05,0
non-tumour/TCGA-G4-6315-01Z-00-DX1_8704_19456.jpg,TCGA-G4-6315,TCGA-G4-6315-01Z-00-DX1,0,0.0016204007,0
non-tumour/TCGA-G4-6315-01Z-00-DX1_8704_19968.jpg,TCGA-G4-6315,TCGA-G4-6315-01Z-00-DX1,0,0.002681141,0
non-tumour/TCGA-G4-6315-01Z-00-DX1_8704_20992.jpg,TCGA-G4-6315,TCGA-G4-6315-01Z-00-DX1,0,0.0063763014,0
non-tumour/TCGA-G4-6315-01Z-00-DX1_8704_21504.jpg,TCGA-G4-6315,TCGA-G4-6315-01Z-00-DX1,0,0.00016737402,0
non-tumour/TCGA-G4-6315-01Z-00-DX1_8704_22528.jpg,TCGA-G4-6315,TCGA-G4-6315-01Z-00-DX1,0,0.0069131027,0
non-tumour/TCGA-G4-6315-01Z-00-DX1_8704_23040.jpg,TCGA-G4-6315,TCGA-G4-6315-01Z-00-DX1,0,0.041000564,0
non-tumour/TCGA-G4-6315-01Z-00-DX1_8704_24064.jpg,TCGA-G4-6315,TCGA-G4-6315-01Z-00-DX1,0,0.00031867207,0
non-tumour/TCGA-G4-6315-01Z-00-DX1_8704_24576.jpg,TCGA-G4-6315,TCGA-G4-6315-01Z-00-DX1,0,0.00018837058,0
non-tumour/TCGA-G4-6315-01Z-00-DX1_8704_26112.jpg,TCGA-G4-6315,TCGA-G4-6315-01Z-00-DX1,0,0.03691869,0
non-tumour/TCGA-G4-6315-01Z-00-DX1_8704_27136.jpg,TCGA-G4-6315,TCGA-G4-6315-01Z-00-DX1,0,0.17450579,0
non-tumour/TCGA-G4-6315-01Z-00-DX1_8704_27648.jpg,TCGA-G4-6315,TCGA-G4-6315-01Z-00-DX1,0,0.17555642,0
non-tumour/TCGA-G4-6315-01Z-00-DX1_8704_3072.jpg,TCGA-G4-6315,TCGA-G4-6315-01Z-00-DX1,0,0.023129323,0
non-tumour/TCGA-G4-6315-01Z-00-DX1_8704_30720.jpg,TCGA-G4-6315,TCGA-G4-6315-01Z-00-DX1,0,0.34901392,0
non-tumour/TCGA-G4-6315-01Z-00-DX1_8704_32256.jpg,TCGA-G4-6315,TCGA-G4-6315-01Z-00-DX1,0,0.09429498,0
non-tumour/TCGA-G4-6315-01Z-00-DX1_8704_32768.jpg,TCGA-G4-6315,TCGA-G4-6315-01Z-00-DX1,0,0.03691042,0
non-tumour/TCGA-G4-6315-01Z-00-DX1_8704_33280.jpg,TCGA-G4-6315,TCGA-G4-6315-01Z-00-DX1,0,0.043132715,0
non-tumour/TCGA-G4-6315-01Z-00-DX1_8704_35328.jpg,TCGA-G4-6315,TCGA-G4-6315-01Z-00-DX1,0,0.18928798,0
non-tumour/TCGA-G4-6315-01Z-00-DX1_8704_36864.jpg,TCGA-G4-6315,TCGA-G4-6315-01Z-00-DX1,0,0.015737051,0
non-tumour/TCGA-G4-6315-01Z-00-DX1_8704_37376.jpg,TCGA-G4-6315,TCGA-G4-6315-01Z-00-DX1,0,0.14415877,0
non-tumour/TCGA-G4-6315-01Z-00-DX1_8704_5632.jpg,TCGA-G4-6315,TCGA-G4-6315-01Z-00-DX1,0,0.10528541,0
non-tumour/TCGA-G4-6315-01Z-00-DX1_8704_7168.jpg,TCGA-G4-6315,TCGA-G4-6315-01Z-00-DX1,0,0.0043315017,0
non-tumour/TCGA-G4-6315-01Z-00-DX1_8704_8192.jpg,TCGA-G4-6315,TCGA-G4-6315-01Z-00-DX1,0,0.0025700196,0
non-tumour/TCGA-G4-6315-01Z-00-DX1_8704_8704.jpg,TCGA-G4-6315,TCGA-G4-6315-01Z-00-DX1,0,0.0004911204,0
non-tumour/TCGA-G4-6315-01Z-00-DX1_9216_11264.jpg,TCGA-G4-6315,TCGA-G4-6315-01Z-00-DX1,0,0.00022289487,0
non-tumour/TCGA-G4-6315-01Z-00-DX1_9216_14336.jpg,TCGA-G4-6315,TCGA-G4-6315-01Z-00-DX1,0,0.14262098,0
non-tumour/TCGA-G4-6315-01Z-00-DX1_9216_14848.jpg,TCGA-G4-6315,TCGA-G4-6315-01Z-00-DX1,0,0.24241506,0
non-tumour/TCGA-G4-6315-01Z-00-DX1_9216_1536.jpg,TCGA-G4-6315,TCGA-G4-6315-01Z-00-DX1,0,0.0042250385,0
non-tumour/TCGA-G4-6315-01Z-00-DX1_9216_15360.jpg,TCGA-G4-6315,TCGA-G4-6315-01Z-00-DX1,0,0.23776749,0
non-tumour/TCGA-G4-6315-01Z-00-DX1_9216_16896.jpg,TCGA-G4-6315,TCGA-G4-6315-01Z-00-DX1,0,0.0006435253,0
non-tumour/TCGA-G4-6315-01Z-00-DX1_9216_17408.jpg,TCGA-G4-6315,TCGA-G4-6315-01Z-00-DX1,0,0.0001348497,0
non-tumour/TCGA-G4-6315-01Z-00-DX1_9216_17920.jpg,TCGA-G4-6315,TCGA-G4-6315-01Z-00-DX1,0,0.0001041568,0
non-tumour/TCGA-G4-6315-01Z-00-DX1_9216_18944.jpg,TCGA-G4-6315,TCGA-G4-6315-01Z-00-DX1,0,0.01101715,0
non-tumour/TCGA-G4-6315-01Z-00-DX1_9216_2048.jpg,TCGA-G4-6315,TCGA-G4-6315-01Z-00-DX1,0,0.0010606258,0
non-tumour/TCGA-G4-6315-01Z-00-DX1_9216_20480.jpg,TCGA-G4-6315,TCGA-G4-6315-01Z-00-DX1,0,0.240665,0
non-tumour/TCGA-G4-6315-01Z-00-DX1_9216_21504.jpg,TCGA-G4-6315,TCGA-G4-6315-01Z-00-DX1,0,0.06294342,0
non-tumour/TCGA-G4-6315-01Z-00-DX1_9216_22528.jpg,TCGA-G4-6315,TCGA-G4-6315-01Z-00-DX1,0,0.0013603715,0
non-tumour/TCGA-G4-6315-01Z-00-DX1_9216_24064.jpg,TCGA-G4-6315,TCGA-G4-6315-01Z-00-DX1,0,0.0012531171,0
non-tumour/TCGA-G4-6315-01Z-00-DX1_9216_25088.jpg,TCGA-G4-6315,TCGA-G4-6315-01Z-00-DX1,0,0.0025056074,0
non-tumour/TCGA-G4-6315-01Z-00-DX1_9216_26624.jpg,TCGA-G4-6315,TCGA-G4-6315-01Z-00-DX1,0,0.087451875,0
non-tumour/TCGA-G4-6315-01Z-00-DX1_9216_27648.jpg,TCGA-G4-6315,TCGA-G4-6315-01Z-00-DX1,0,0.14941429,0
non-tumour/TCGA-G4-6315-01Z-00-DX1_9216_32256.jpg,TCGA-G4-6315,TCGA-G4-6315-01Z-00-DX1,0,0.042956285,0
non-tumour/TCGA-G4-6315-01Z-00-DX1_9216_32768.jpg,TCGA-G4-6315,TCGA-G4-6315-01Z-00-DX1,0,0.08777868,0
non-tumour/TCGA-G4-6315-01Z-00-DX1_9216_34816.jpg,TCGA-G4-6315,TCGA-G4-6315-01Z-00-DX1,0,0.027765423,0
non-tumour/TCGA-G4-6315-01Z-00-DX1_9216_35840.jpg,TCGA-G4-6315,TCGA-G4-6315-01Z-00-DX1,0,0.07565455,0
non-tumour/TCGA-G4-6315-01Z-00-DX1_9216_37376.jpg,TCGA-G4-6315,TCGA-G4-6315-01Z-00-DX1,0,0.18938692,0
non-tumour/TCGA-G4-6315-01Z-00-DX1_9216_5120.jpg,TCGA-G4-6315,TCGA-G4-6315-01Z-00-DX1,0,0.39140984,0
non-tumour/TCGA-G4-6315-01Z-00-DX1_9216_7168.jpg,TCGA-G4-6315,TCGA-G4-6315-01Z-00-DX1,0,0.0016798987,0
non-tumour/TCGA-G4-6315-01Z-00-DX1_9216_7680.jpg,TCGA-G4-6315,TCGA-G4-6315-01Z-00-DX1,0,0.0001558086,0
non-tumour/TCGA-G4-6315-01Z-00-DX1_9728_10240.jpg,TCGA-G4-6315,TCGA-G4-6315-01Z-00-DX1,0,0.00021784766,0
non-tumour/TCGA-G4-6315-01Z-00-DX1_9728_11264.jpg,TCGA-G4-6315,TCGA-G4-6315-01Z-00-DX1,0,0.000987107,0
non-tumour/TCGA-G4-6315-01Z-00-DX1_9728_12288.jpg,TCGA-G4-6315,TCGA-G4-6315-01Z-00-DX1,0,0.0005831589,0
non-tumour/TCGA-G4-6315-01Z-00-DX1_9728_13312.jpg,TCGA-G4-6315,TCGA-G4-6315-01Z-00-DX1,0,4.1114534e-05,0
non-tumour/TCGA-G4-6315-01Z-00-DX1_9728_13824.jpg,TCGA-G4-6315,TCGA-G4-6315-01Z-00-DX1,0,0.06314588,0
non-tumour/TCGA-G4-6315-01Z-00-DX1_9728_15360.jpg,TCGA-G4-6315,TCGA-G4-6315-01Z-00-DX1,0,0.16166724,0
non-tumour/TCGA-G4-6315-01Z-00-DX1_9728_16384.jpg,TCGA-G4-6315,TCGA-G4-6315-01Z-00-DX1,0,6.649948e-05,0
non-tumour/TCGA-G4-6315-01Z-00-DX1_9728_2048.jpg,TCGA-G4-6315,TCGA-G4-6315-01Z-00-DX1,0,0.047446396,0
non-tumour/TCGA-G4-6315-01Z-00-DX1_9728_20480.jpg,TCGA-G4-6315,TCGA-G4-6315-01Z-00-DX1,0,0.12056309,0
non-tumour/TCGA-G4-6315-01Z-00-DX1_9728_23040.jpg,TCGA-G4-6315,TCGA-G4-6315-01Z-00-DX1,0,0.0136847915,0
non-tumour/TCGA-G4-6315-01Z-00-DX1_9728_26624.jpg,TCGA-G4-6315,TCGA-G4-6315-01Z-00-DX1,0,0.04175986,0
non-tumour/TCGA-G4-6315-01Z-00-DX1_9728_27136.jpg,TCGA-G4-6315,TCGA-G4-6315-01Z-00-DX1,0,0.09682807,0
non-tumour/TCGA-G4-6315-01Z-00-DX1_9728_28160.jpg,TCGA-G4-6315,TCGA-G4-6315-01Z-00-DX1,0,0.09755147,0
non-tumour/TCGA-G4-6315-01Z-00-DX1_9728_28672.jpg,TCGA-G4-6315,TCGA-G4-6315-01Z-00-DX1,0,0.021616172,0
non-tumour/TCGA-G4-6315-01Z-00-DX1_9728_29184.jpg,TCGA-G4-6315,TCGA-G4-6315-01Z-00-DX1,0,0.20633397,0
non-tumour/TCGA-G4-6315-01Z-00-DX1_9728_30720.jpg,TCGA-G4-6315,TCGA-G4-6315-01Z-00-DX1,0,0.4963752,0
non-tumour/TCGA-G4-6315-01Z-00-DX1_9728_31232.jpg,TCGA-G4-6315,TCGA-G4-6315-01Z-00-DX1,0,0.11751798,0
non-tumour/TCGA-G4-6315-01Z-00-DX1_9728_33280.jpg,TCGA-G4-6315,TCGA-G4-6315-01Z-00-DX1,0,0.006492319,0
non-tumour/TCGA-G4-6315-01Z-00-DX1_9728_34816.jpg,TCGA-G4-6315,TCGA-G4-6315-01Z-00-DX1,0,0.0013027325,0
non-tumour/TCGA-G4-6315-01Z-00-DX1_9728_5632.jpg,TCGA-G4-6315,TCGA-G4-6315-01Z-00-DX1,0,0.1403367,0
non-tumour/TCGA-G4-6315-01Z-00-DX1_9728_6144.jpg,TCGA-G4-6315,TCGA-G4-6315-01Z-00-DX1,0,0.0012185507,0
non-tumour/TCGA-G4-6315-01Z-00-DX1_9728_7168.jpg,TCGA-G4-6315,TCGA-G4-6315-01Z-00-DX1,0,2.8535816e-05,0
non-tumour/TCGA-G4-6315-01Z-00-DX1_9728_7680.jpg,TCGA-G4-6315,TCGA-G4-6315-01Z-00-DX1,0,0.00036549591,0
non-tumour/TCGA-G4-6315-01Z-00-DX1_9728_8192.jpg,TCGA-G4-6315,TCGA-G4-6315-01Z-00-DX1,0,0.0004853251,0
non-tumour/TCGA-SS-A7HO-01Z-00-DX1_40448_2560.jpg,TCGA-SS-A7HO,TCGA-SS-A7HO-01Z-00-DX1,0,0.5534571,1
non-tumour/TCGA-SS-A7HO-01Z-00-DX1_40448_3072.jpg,TCGA-SS-A7HO,TCGA-SS-A7HO-01Z-00-DX1,0,0.06633635,0
non-tumour/TCGA-SS-A7HO-01Z-00-DX1_40448_3584.jpg,TCGA-SS-A7HO,TCGA-SS-A7HO-01Z-00-DX1,0,0.22685122,0
non-tumour/TCGA-SS-A7HO-01Z-00-DX1_40448_5632.jpg,TCGA-SS-A7HO,TCGA-SS-A7HO-01Z-00-DX1,0,0.005875448,0
non-tumour/TCGA-SS-A7HO-01Z-00-DX1_40448_6144.jpg,TCGA-SS-A7HO,TCGA-SS-A7HO-01Z-00-DX1,0,0.8470729,1
non-tumour/TCGA-SS-A7HO-01Z-00-DX1_40448_6656.jpg,TCGA-SS-A7HO,TCGA-SS-A7HO-01Z-00-DX1,0,0.8662223,1
non-tumour/TCGA-SS-A7HO-01Z-00-DX1_40448_7168.jpg,TCGA-SS-A7HO,TCGA-SS-A7HO-01Z-00-DX1,0,0.31344914,0
non-tumour/TCGA-SS-A7HO-01Z-00-DX1_40448_7680.jpg,TCGA-SS-A7HO,TCGA-SS-A7HO-01Z-00-DX1,0,0.38968784,0
non-tumour/TCGA-SS-A7HO-01Z-00-DX1_40960_2048.jpg,TCGA-SS-A7HO,TCGA-SS-A7HO-01Z-00-DX1,0,0.10309134,0
non-tumour/TCGA-SS-A7HO-01Z-00-DX1_40960_2560.jpg,TCGA-SS-A7HO,TCGA-SS-A7HO-01Z-00-DX1,0,0.00043245006,0
non-tumour/TCGA-SS-A7HO-01Z-00-DX1_40960_3072.jpg,TCGA-SS-A7HO,TCGA-SS-A7HO-01Z-00-DX1,0,0.00019310063,0
non-tumour/TCGA-SS-A7HO-01Z-00-DX1_40960_3584.jpg,TCGA-SS-A7HO,TCGA-SS-A7HO-01Z-00-DX1,0,0.08425046,0
non-tumour/TCGA-SS-A7HO-01Z-00-DX1_40960_4608.jpg,TCGA-SS-A7HO,TCGA-SS-A7HO-01Z-00-DX1,0,0.99597293,1
non-tumour/TCGA-SS-A7HO-01Z-00-DX1_40960_5120.jpg,TCGA-SS-A7HO,TCGA-SS-A7HO-01Z-00-DX1,0,0.9887333,1
non-tumour/TCGA-SS-A7HO-01Z-00-DX1_40960_5632.jpg,TCGA-SS-A7HO,TCGA-SS-A7HO-01Z-00-DX1,0,0.52549475,1
non-tumour/TCGA-SS-A7HO-01Z-00-DX1_40960_7168.jpg,TCGA-SS-A7HO,TCGA-SS-A7HO-01Z-00-DX1,0,0.012678886,0
non-tumour/TCGA-SS-A7HO-01Z-00-DX1_41472_3584.jpg,TCGA-SS-A7HO,TCGA-SS-A7HO-01Z-00-DX1,0,0.9851677,1
non-tumour/TCGA-SS-A7HO-01Z-00-DX1_41472_4608.jpg,TCGA-SS-A7HO,TCGA-SS-A7HO-01Z-00-DX1,0,0.008098953,0
non-tumour/TCGA-SS-A7HO-01Z-00-DX1_41472_5120.jpg,TCGA-SS-A7HO,TCGA-SS-A7HO-01Z-00-DX1,0,0.00057324907,0
non-tumour/TCGA-SS-A7HO-01Z-00-DX1_41472_6144.jpg,TCGA-SS-A7HO,TCGA-SS-A7HO-01Z-00-DX1,0,0.0028245728,0
non-tumour/TCGA-SS-A7HO-01Z-00-DX1_41472_6656.jpg,TCGA-SS-A7HO,TCGA-SS-A7HO-01Z-00-DX1,0,0.23028727,0
non-tumour/TCGA-SS-A7HO-01Z-00-DX1_41984_1536.jpg,TCGA-SS-A7HO,TCGA-SS-A7HO-01Z-00-DX1,0,0.44403806,0
non-tumour/TCGA-SS-A7HO-01Z-00-DX1_41984_3072.jpg,TCGA-SS-A7HO,TCGA-SS-A7HO-01Z-00-DX1,0,0.96728,1
non-tumour/TCGA-SS-A7HO-01Z-00-DX1_41984_5632.jpg,TCGA-SS-A7HO,TCGA-SS-A7HO-01Z-00-DX1,0,0.03466341,0
non-tumour/TCGA-SS-A7HO-01Z-00-DX1_41984_6144.jpg,TCGA-SS-A7HO,TCGA-SS-A7HO-01Z-00-DX1,0,0.6588135,1
non-tumour/TCGA-SS-A7HO-01Z-00-DX1_42496_3584.jpg,TCGA-SS-A7HO,TCGA-SS-A7HO-01Z-00-DX1,0,0.4694578,0
non-tumour/TCGA-SS-A7HO-01Z-00-DX1_42496_5120.jpg,TCGA-SS-A7HO,TCGA-SS-A7HO-01Z-00-DX1,0,0.08200423,0
non-tumour/TCGA-SS-A7HO-01Z-00-DX1_43008_3072.jpg,TCGA-SS-A7HO,TCGA-SS-A7HO-01Z-00-DX1,0,0.92633015,1
non-tumour/TCGA-SS-A7HO-01Z-00-DX1_43008_4096.jpg,TCGA-SS-A7HO,TCGA-SS-A7HO-01Z-00-DX1,0,0.03851595,0
non-tumour/TCGA-SS-A7HO-01Z-00-DX1_43008_5632.jpg,TCGA-SS-A7HO,TCGA-SS-A7HO-01Z-00-DX1,0,0.75464445,1
non-tumour/TCGA-SS-A7HO-01Z-00-DX1_43008_6144.jpg,TCGA-SS-A7HO,TCGA-SS-A7HO-01Z-00-DX1,0,0.6547441,1
non-tumour/TCGA-SS-A7HO-01Z-00-DX1_43520_3072.jpg,TCGA-SS-A7HO,TCGA-SS-A7HO-01Z-00-DX1,0,0.12532938,0
non-tumour/TCGA-SS-A7HO-01Z-00-DX1_44544_3584.jpg,TCGA-SS-A7HO,TCGA-SS-A7HO-01Z-00-DX1,0,0.036179315,0
non-tumour/TCGA-SS-A7HO-01Z-00-DX1_45056_2560.jpg,TCGA-SS-A7HO,TCGA-SS-A7HO-01Z-00-DX1,0,0.6974275,1
non-tumour/TCGA-T9-A92H-01Z-00-DX3_11776_12288.jpg,TCGA-T9-A92H,TCGA-T9-A92H-01Z-00-DX3,0,0.55815554,1
non-tumour/TCGA-T9-A92H-01Z-00-DX3_12288_11776.jpg,TCGA-T9-A92H,TCGA-T9-A92H-01Z-00-DX3,0,0.7095881,1
non-tumour/TCGA-T9-A92H-01Z-00-DX3_12288_12288.jpg,TCGA-T9-A92H,TCGA-T9-A92H-01Z-00-DX3,0,0.083658196,0
non-tumour/TCGA-T9-A92H-01Z-00-DX3_12800_11264.jpg,TCGA-T9-A92H,TCGA-T9-A92H-01Z-00-DX3,0,0.042827472,0
non-tumour/TCGA-T9-A92H-01Z-00-DX3_12800_12800.jpg,TCGA-T9-A92H,TCGA-T9-A92H-01Z-00-DX3,0,0.67054,1
non-tumour/TCGA-T9-A92H-01Z-00-DX3_13312_11264.jpg,TCGA-T9-A92H,TCGA-T9-A92H-01Z-00-DX3,0,0.5048175,1
non-tumour/TCGA-T9-A92H-01Z-00-DX3_13312_11776.jpg,TCGA-T9-A92H,TCGA-T9-A92H-01Z-00-DX3,0,0.28455752,0
non-tumour/TCGA-T9-A92H-01Z-00-DX3_13312_12288.jpg,TCGA-T9-A92H,TCGA-T9-A92H-01Z-00-DX3,0,0.10816448,0
non-tumour/TCGA-T9-A92H-01Z-00-DX3_13312_12800.jpg,TCGA-T9-A92H,TCGA-T9-A92H-01Z-00-DX3,0,0.11700794,0
non-tumour/TCGA-T9-A92H-01Z-00-DX3_13824_11264.jpg,TCGA-T9-A92H,TCGA-T9-A92H-01Z-00-DX3,0,0.054552626,0
non-tumour/TCGA-T9-A92H-01Z-00-DX3_13824_12288.jpg,TCGA-T9-A92H,TCGA-T9-A92H-01Z-00-DX3,0,0.38912928,0
non-tumour/TCGA-T9-A92H-01Z-00-DX3_13824_12800.jpg,TCGA-T9-A92H,TCGA-T9-A92H-01Z-00-DX3,0,0.83116233,1
non-tumour/TCGA-T9-A92H-01Z-00-DX3_14336_10752.jpg,TCGA-T9-A92H,TCGA-T9-A92H-01Z-00-DX3,0,0.27414033,0
non-tumour/TCGA-T9-A92H-01Z-00-DX3_14336_11264.jpg,TCGA-T9-A92H,TCGA-T9-A92H-01Z-00-DX3,0,0.23173586,0
non-tumour/TCGA-T9-A92H-01Z-00-DX3_14336_13824.jpg,TCGA-T9-A92H,TCGA-T9-A92H-01Z-00-DX3,0,0.89754045,1
non-tumour/TCGA-T9-A92H-01Z-00-DX3_14848_11264.jpg,TCGA-T9-A92H,TCGA-T9-A92H-01Z-00-DX3,0,0.18041047,0
non-tumour/TCGA-T9-A92H-01Z-00-DX3_14848_11776.jpg,TCGA-T9-A92H,TCGA-T9-A92H-01Z-00-DX3,0,0.70472974,1
non-tumour/TCGA-T9-A92H-01Z-00-DX3_14848_12800.jpg,TCGA-T9-A92H,TCGA-T9-A92H-01Z-00-DX3,0,0.1781164,0
non-tumour/TCGA-T9-A92H-01Z-00-DX3_15360_10752.jpg,TCGA-T9-A92H,TCGA-T9-A92H-01Z-00-DX3,0,0.21983707,0
non-tumour/TCGA-T9-A92H-01Z-00-DX3_15360_11776.jpg,TCGA-T9-A92H,TCGA-T9-A92H-01Z-00-DX3,0,0.07616822,0
non-tumour/TCGA-T9-A92H-01Z-00-DX3_15360_13312.jpg,TCGA-T9-A92H,TCGA-T9-A92H-01Z-00-DX3,0,0.7573967,1
non-tumour/TCGA-T9-A92H-01Z-00-DX3_15360_14336.jpg,TCGA-T9-A92H,TCGA-T9-A92H-01Z-00-DX3,0,0.86968696,1
non-tumour/TCGA-T9-A92H-01Z-00-DX3_15872_10240.jpg,TCGA-T9-A92H,TCGA-T9-A92H-01Z-00-DX3,0,0.052468818,0
non-tumour/TCGA-T9-A92H-01Z-00-DX3_15872_10752.jpg,TCGA-T9-A92H,TCGA-T9-A92H-01Z-00-DX3,0,0.21413927,0
non-tumour/TCGA-T9-A92H-01Z-00-DX3_15872_11776.jpg,TCGA-T9-A92H,TCGA-T9-A92H-01Z-00-DX3,0,0.046857927,0
non-tumour/TCGA-T9-A92H-01Z-00-DX3_15872_13824.jpg,TCGA-T9-A92H,TCGA-T9-A92H-01Z-00-DX3,0,0.2072222,0
non-tumour/TCGA-T9-A92H-01Z-00-DX3_15872_14336.jpg,TCGA-T9-A92H,TCGA-T9-A92H-01Z-00-DX3,0,0.5699926,1
non-tumour/TCGA-T9-A92H-01Z-00-DX3_15872_14848.jpg,TCGA-T9-A92H,TCGA-T9-A92H-01Z-00-DX3,0,0.40679288,0
non-tumour/TCGA-T9-A92H-01Z-00-DX3_16384_10240.jpg,TCGA-T9-A92H,TCGA-T9-A92H-01Z-00-DX3,0,0.2382766,0
non-tumour/TCGA-T9-A92H-01Z-00-DX3_16384_11776.jpg,TCGA-T9-A92H,TCGA-T9-A92H-01Z-00-DX3,0,0.12093411,0
non-tumour/TCGA-T9-A92H-01Z-00-DX3_16384_12288.jpg,TCGA-T9-A92H,TCGA-T9-A92H-01Z-00-DX3,0,0.057170447,0
non-tumour/TCGA-T9-A92H-01Z-00-DX3_16384_12800.jpg,TCGA-T9-A92H,TCGA-T9-A92H-01Z-00-DX3,0,0.12102887,0
non-tumour/TCGA-T9-A92H-01Z-00-DX3_16384_13824.jpg,TCGA-T9-A92H,TCGA-T9-A92H-01Z-00-DX3,0,0.69111526,1
non-tumour/TCGA-T9-A92H-01Z-00-DX3_16384_17408.jpg,TCGA-T9-A92H,TCGA-T9-A92H-01Z-00-DX3,0,0.07664556,0
non-tumour/TCGA-T9-A92H-01Z-00-DX3_16384_9216.jpg,TCGA-T9-A92H,TCGA-T9-A92H-01Z-00-DX3,0,0.5121456,1
non-tumour/TCGA-T9-A92H-01Z-00-DX3_16896_11264.jpg,TCGA-T9-A92H,TCGA-T9-A92H-01Z-00-DX3,0,0.04950017,0
non-tumour/TCGA-T9-A92H-01Z-00-DX3_16896_12800.jpg,TCGA-T9-A92H,TCGA-T9-A92H-01Z-00-DX3,0,0.123077475,0
non-tumour/TCGA-T9-A92H-01Z-00-DX3_16896_13312.jpg,TCGA-T9-A92H,TCGA-T9-A92H-01Z-00-DX3,0,0.27715474,0
non-tumour/TCGA-T9-A92H-01Z-00-DX3_16896_13824.jpg,TCGA-T9-A92H,TCGA-T9-A92H-01Z-00-DX3,0,0.09062962,0
non-tumour/TCGA-T9-A92H-01Z-00-DX3_16896_14336.jpg,TCGA-T9-A92H,TCGA-T9-A92H-01Z-00-DX3,0,0.47540167,0
non-tumour/TCGA-T9-A92H-01Z-00-DX3_16896_14848.jpg,TCGA-T9-A92H,TCGA-T9-A92H-01Z-00-DX3,0,0.529544,1
non-tumour/TCGA-T9-A92H-01Z-00-DX3_16896_15360.jpg,TCGA-T9-A92H,TCGA-T9-A92H-01Z-00-DX3,0,0.14955993,0
non-tumour/TCGA-T9-A92H-01Z-00-DX3_16896_16384.jpg,TCGA-T9-A92H,TCGA-T9-A92H-01Z-00-DX3,0,0.16836268,0
non-tumour/TCGA-T9-A92H-01Z-00-DX3_16896_17408.jpg,TCGA-T9-A92H,TCGA-T9-A92H-01Z-00-DX3,0,0.20422605,0
non-tumour/TCGA-T9-A92H-01Z-00-DX3_16896_18944.jpg,TCGA-T9-A92H,TCGA-T9-A92H-01Z-00-DX3,0,0.58365256,1
non-tumour/TCGA-T9-A92H-01Z-00-DX3_16896_8192.jpg,TCGA-T9-A92H,TCGA-T9-A92H-01Z-00-DX3,0,0.007990621,0
non-tumour/TCGA-T9-A92H-01Z-00-DX3_16896_9216.jpg,TCGA-T9-A92H,TCGA-T9-A92H-01Z-00-DX3,0,0.08171849,0
non-tumour/TCGA-T9-A92H-01Z-00-DX3_16896_9728.jpg,TCGA-T9-A92H,TCGA-T9-A92H-01Z-00-DX3,0,0.3323428,0
non-tumour/TCGA-T9-A92H-01Z-00-DX3_17408_10752.jpg,TCGA-T9-A92H,TCGA-T9-A92H-01Z-00-DX3,0,0.22775432,0
non-tumour/TCGA-T9-A92H-01Z-00-DX3_17408_11264.jpg,TCGA-T9-A92H,TCGA-T9-A92H-01Z-00-DX3,0,0.43150738,0
non-tumour/TCGA-T9-A92H-01Z-00-DX3_17408_11776.jpg,TCGA-T9-A92H,TCGA-T9-A92H-01Z-00-DX3,0,0.064080045,0
non-tumour/TCGA-T9-A92H-01Z-00-DX3_17408_12288.jpg,TCGA-T9-A92H,TCGA-T9-A92H-01Z-00-DX3,0,0.1216428,0
non-tumour/TCGA-T9-A92H-01Z-00-DX3_17408_13824.jpg,TCGA-T9-A92H,TCGA-T9-A92H-01Z-00-DX3,0,0.9021406,1
non-tumour/TCGA-T9-A92H-01Z-00-DX3_17408_14336.jpg,TCGA-T9-A92H,TCGA-T9-A92H-01Z-00-DX3,0,0.69446284,1
non-tumour/TCGA-T9-A92H-01Z-00-DX3_17408_14848.jpg,TCGA-T9-A92H,TCGA-T9-A92H-01Z-00-DX3,0,0.09340476,0
non-tumour/TCGA-T9-A92H-01Z-00-DX3_17408_15360.jpg,TCGA-T9-A92H,TCGA-T9-A92H-01Z-00-DX3,0,0.20364594,0
non-tumour/TCGA-T9-A92H-01Z-00-DX3_17408_16384.jpg,TCGA-T9-A92H,TCGA-T9-A92H-01Z-00-DX3,0,0.19455972,0
non-tumour/TCGA-T9-A92H-01Z-00-DX3_17408_17920.jpg,TCGA-T9-A92H,TCGA-T9-A92H-01Z-00-DX3,0,0.26396576,0
non-tumour/TCGA-T9-A92H-01Z-00-DX3_17408_18944.jpg,TCGA-T9-A92H,TCGA-T9-A92H-01Z-00-DX3,0,0.36223325,0
non-tumour/TCGA-T9-A92H-01Z-00-DX3_17408_19968.jpg,TCGA-T9-A92H,TCGA-T9-A92H-01Z-00-DX3,0,0.39876541,0
non-tumour/TCGA-T9-A92H-01Z-00-DX3_17408_8192.jpg,TCGA-T9-A92H,TCGA-T9-A92H-01Z-00-DX3,0,0.005743492,0
non-tumour/TCGA-T9-A92H-01Z-00-DX3_17408_8704.jpg,TCGA-T9-A92H,TCGA-T9-A92H-01Z-00-DX3,0,0.026178245,0
non-tumour/TCGA-T9-A92H-01Z-00-DX3_17920_10240.jpg,TCGA-T9-A92H,TCGA-T9-A92H-01Z-00-DX3,0,0.10708607,0
non-tumour/TCGA-T9-A92H-01Z-00-DX3_17920_11264.jpg,TCGA-T9-A92H,TCGA-T9-A92H-01Z-00-DX3,0,0.12222294,0
non-tumour/TCGA-T9-A92H-01Z-00-DX3_17920_12288.jpg,TCGA-T9-A92H,TCGA-T9-A92H-01Z-00-DX3,0,0.13627407,0
non-tumour/TCGA-T9-A92H-01Z-00-DX3_17920_13312.jpg,TCGA-T9-A92H,TCGA-T9-A92H-01Z-00-DX3,0,0.02297324,0
non-tumour/TCGA-T9-A92H-01Z-00-DX3_17920_13824.jpg,TCGA-T9-A92H,TCGA-T9-A92H-01Z-00-DX3,0,0.77853835,1
non-tumour/TCGA-T9-A92H-01Z-00-DX3_17920_15360.jpg,TCGA-T9-A92H,TCGA-T9-A92H-01Z-00-DX3,0,0.062974945,0
non-tumour/TCGA-T9-A92H-01Z-00-DX3_17920_15872.jpg,TCGA-T9-A92H,TCGA-T9-A92H-01Z-00-DX3,0,0.22225091,0
non-tumour/TCGA-T9-A92H-01Z-00-DX3_17920_16384.jpg,TCGA-T9-A92H,TCGA-T9-A92H-01Z-00-DX3,0,0.087316066,0
non-tumour/TCGA-T9-A92H-01Z-00-DX3_17920_16896.jpg,TCGA-T9-A92H,TCGA-T9-A92H-01Z-00-DX3,0,0.4160035,0
non-tumour/TCGA-T9-A92H-01Z-00-DX3_17920_17920.jpg,TCGA-T9-A92H,TCGA-T9-A92H-01Z-00-DX3,0,0.07797361,0
non-tumour/TCGA-T9-A92H-01Z-00-DX3_17920_18432.jpg,TCGA-T9-A92H,TCGA-T9-A92H-01Z-00-DX3,0,0.54269624,1
non-tumour/TCGA-T9-A92H-01Z-00-DX3_17920_18944.jpg,TCGA-T9-A92H,TCGA-T9-A92H-01Z-00-DX3,0,0.6814589,1
non-tumour/TCGA-T9-A92H-01Z-00-DX3_17920_19456.jpg,TCGA-T9-A92H,TCGA-T9-A92H-01Z-00-DX3,0,0.113416635,0
non-tumour/TCGA-T9-A92H-01Z-00-DX3_17920_21504.jpg,TCGA-T9-A92H,TCGA-T9-A92H-01Z-00-DX3,0,0.5579035,1
non-tumour/TCGA-T9-A92H-01Z-00-DX3_17920_7168.jpg,TCGA-T9-A92H,TCGA-T9-A92H-01Z-00-DX3,0,0.03511302,0
non-tumour/TCGA-T9-A92H-01Z-00-DX3_17920_8192.jpg,TCGA-T9-A92H,TCGA-T9-A92H-01Z-00-DX3,0,0.0033106033,0
non-tumour/TCGA-T9-A92H-01Z-00-DX3_17920_9216.jpg,TCGA-T9-A92H,TCGA-T9-A92H-01Z-00-DX3,0,0.24393028,0
non-tumour/TCGA-T9-A92H-01Z-00-DX3_18432_10240.jpg,TCGA-T9-A92H,TCGA-T9-A92H-01Z-00-DX3,0,0.04703727,0
non-tumour/TCGA-T9-A92H-01Z-00-DX3_18432_11264.jpg,TCGA-T9-A92H,TCGA-T9-A92H-01Z-00-DX3,0,0.36018085,0
non-tumour/TCGA-T9-A92H-01Z-00-DX3_18432_11776.jpg,TCGA-T9-A92H,TCGA-T9-A92H-01Z-00-DX3,0,0.0853122,0
non-tumour/TCGA-T9-A92H-01Z-00-DX3_18432_12800.jpg,TCGA-T9-A92H,TCGA-T9-A92H-01Z-00-DX3,0,0.16506548,0
non-tumour/TCGA-T9-A92H-01Z-00-DX3_18432_13824.jpg,TCGA-T9-A92H,TCGA-T9-A92H-01Z-00-DX3,0,0.009312744,0
non-tumour/TCGA-T9-A92H-01Z-00-DX3_18432_14848.jpg,TCGA-T9-A92H,TCGA-T9-A92H-01Z-00-DX3,0,0.084458135,0
non-tumour/TCGA-T9-A92H-01Z-00-DX3_18432_16384.jpg,TCGA-T9-A92H,TCGA-T9-A92H-01Z-00-DX3,0,0.0099514555,0
non-tumour/TCGA-T9-A92H-01Z-00-DX3_18432_17408.jpg,TCGA-T9-A92H,TCGA-T9-A92H-01Z-00-DX3,0,0.221126,0
non-tumour/TCGA-T9-A92H-01Z-00-DX3_18432_19456.jpg,TCGA-T9-A92H,TCGA-T9-A92H-01Z-00-DX3,0,0.027199876,0
non-tumour/TCGA-T9-A92H-01Z-00-DX3_18432_19968.jpg,TCGA-T9-A92H,TCGA-T9-A92H-01Z-00-DX3,0,0.3411,0
non-tumour/TCGA-T9-A92H-01Z-00-DX3_18432_20992.jpg,TCGA-T9-A92H,TCGA-T9-A92H-01Z-00-DX3,0,0.14078449,0
non-tumour/TCGA-T9-A92H-01Z-00-DX3_18432_21504.jpg,TCGA-T9-A92H,TCGA-T9-A92H-01Z-00-DX3,0,0.6928507,1
non-tumour/TCGA-T9-A92H-01Z-00-DX3_18432_7680.jpg,TCGA-T9-A92H,TCGA-T9-A92H-01Z-00-DX3,0,0.02671362,0
non-tumour/TCGA-T9-A92H-01Z-00-DX3_18432_9216.jpg,TCGA-T9-A92H,TCGA-T9-A92H-01Z-00-DX3,0,0.0497769,0
non-tumour/TCGA-T9-A92H-01Z-00-DX3_18432_9728.jpg,TCGA-T9-A92H,TCGA-T9-A92H-01Z-00-DX3,0,0.040362693,0
non-tumour/TCGA-T9-A92H-01Z-00-DX3_18944_10240.jpg,TCGA-T9-A92H,TCGA-T9-A92H-01Z-00-DX3,0,0.14688052,0
non-tumour/TCGA-T9-A92H-01Z-00-DX3_18944_10752.jpg,TCGA-T9-A92H,TCGA-T9-A92H-01Z-00-DX3,0,0.118195206,0
non-tumour/TCGA-T9-A92H-01Z-00-DX3_18944_11264.jpg,TCGA-T9-A92H,TCGA-T9-A92H-01Z-00-DX3,0,0.09013381,0
non-tumour/TCGA-T9-A92H-01Z-00-DX3_18944_12800.jpg,TCGA-T9-A92H,TCGA-T9-A92H-01Z-00-DX3,0,0.118189655,0
non-tumour/TCGA-T9-A92H-01Z-00-DX3_18944_13312.jpg,TCGA-T9-A92H,TCGA-T9-A92H-01Z-00-DX3,0,0.03894136,0
non-tumour/TCGA-T9-A92H-01Z-00-DX3_18944_15360.jpg,TCGA-T9-A92H,TCGA-T9-A92H-01Z-00-DX3,0,0.016417949,0
non-tumour/TCGA-T9-A92H-01Z-00-DX3_18944_15872.jpg,TCGA-T9-A92H,TCGA-T9-A92H-01Z-00-DX3,0,0.05114359,0
non-tumour/TCGA-T9-A92H-01Z-00-DX3_18944_16384.jpg,TCGA-T9-A92H,TCGA-T9-A92H-01Z-00-DX3,0,0.22002421,0
non-tumour/TCGA-T9-A92H-01Z-00-DX3_18944_16896.jpg,TCGA-T9-A92H,TCGA-T9-A92H-01Z-00-DX3,0,0.17471996,0
non-tumour/TCGA-T9-A92H-01Z-00-DX3_18944_17920.jpg,TCGA-T9-A92H,TCGA-T9-A92H-01Z-00-DX3,0,0.045081943,0
non-tumour/TCGA-T9-A92H-01Z-00-DX3_18944_19968.jpg,TCGA-T9-A92H,TCGA-T9-A92H-01Z-00-DX3,0,0.6225488,1
non-tumour/TCGA-T9-A92H-01Z-00-DX3_18944_20480.jpg,TCGA-T9-A92H,TCGA-T9-A92H-01Z-00-DX3,0,0.54885423,1
non-tumour/TCGA-T9-A92H-01Z-00-DX3_18944_20992.jpg,TCGA-T9-A92H,TCGA-T9-A92H-01Z-00-DX3,0,0.05502224,0
non-tumour/TCGA-T9-A92H-01Z-00-DX3_18944_21504.jpg,TCGA-T9-A92H,TCGA-T9-A92H-01Z-00-DX3,0,0.31925777,0
non-tumour/TCGA-T9-A92H-01Z-00-DX3_18944_7168.jpg,TCGA-T9-A92H,TCGA-T9-A92H-01Z-00-DX3,0,0.040717,0
non-tumour/TCGA-T9-A92H-01Z-00-DX3_18944_7680.jpg,TCGA-T9-A92H,TCGA-T9-A92H-01Z-00-DX3,0,0.0036154513,0
non-tumour/TCGA-T9-A92H-01Z-00-DX3_18944_8192.jpg,TCGA-T9-A92H,TCGA-T9-A92H-01Z-00-DX3,0,0.074721634,0
non-tumour/TCGA-T9-A92H-01Z-00-DX3_18944_9216.jpg,TCGA-T9-A92H,TCGA-T9-A92H-01Z-00-DX3,0,0.27962208,0
non-tumour/TCGA-T9-A92H-01Z-00-DX3_19456_10240.jpg,TCGA-T9-A92H,TCGA-T9-A92H-01Z-00-DX3,0,0.14559121,0
non-tumour/TCGA-T9-A92H-01Z-00-DX3_19456_10752.jpg,TCGA-T9-A92H,TCGA-T9-A92H-01Z-00-DX3,0,0.23415378,0
non-tumour/TCGA-T9-A92H-01Z-00-DX3_19456_11776.jpg,TCGA-T9-A92H,TCGA-T9-A92H-01Z-00-DX3,0,0.13438617,0
non-tumour/TCGA-T9-A92H-01Z-00-DX3_19456_12800.jpg,TCGA-T9-A92H,TCGA-T9-A92H-01Z-00-DX3,0,0.76747936,1
non-tumour/TCGA-T9-A92H-01Z-00-DX3_19456_14336.jpg,TCGA-T9-A92H,TCGA-T9-A92H-01Z-00-DX3,0,0.35153458,0
non-tumour/TCGA-T9-A92H-01Z-00-DX3_19456_14848.jpg,TCGA-T9-A92H,TCGA-T9-A92H-01Z-00-DX3,0,0.6268045,1
non-tumour/TCGA-T9-A92H-01Z-00-DX3_19456_15872.jpg,TCGA-T9-A92H,TCGA-T9-A92H-01Z-00-DX3,0,0.030725125,0
non-tumour/TCGA-T9-A92H-01Z-00-DX3_19456_18432.jpg,TCGA-T9-A92H,TCGA-T9-A92H-01Z-00-DX3,0,0.087254256,0
non-tumour/TCGA-T9-A92H-01Z-00-DX3_19456_18944.jpg,TCGA-T9-A92H,TCGA-T9-A92H-01Z-00-DX3,0,0.024850884,0
non-tumour/TCGA-T9-A92H-01Z-00-DX3_19456_19456.jpg,TCGA-T9-A92H,TCGA-T9-A92H-01Z-00-DX3,0,0.33917797,0
non-tumour/TCGA-T9-A92H-01Z-00-DX3_19456_19968.jpg,TCGA-T9-A92H,TCGA-T9-A92H-01Z-00-DX3,0,0.06405072,0
non-tumour/TCGA-T9-A92H-01Z-00-DX3_19456_20480.jpg,TCGA-T9-A92H,TCGA-T9-A92H-01Z-00-DX3,0,0.100325525,0
non-tumour/TCGA-T9-A92H-01Z-00-DX3_19456_21504.jpg,TCGA-T9-A92H,TCGA-T9-A92H-01Z-00-DX3,0,0.21715452,0
non-tumour/TCGA-T9-A92H-01Z-00-DX3_19456_22016.jpg,TCGA-T9-A92H,TCGA-T9-A92H-01Z-00-DX3,0,0.544746,1
non-tumour/TCGA-T9-A92H-01Z-00-DX3_19456_6144.jpg,TCGA-T9-A92H,TCGA-T9-A92H-01Z-00-DX3,0,0.27707687,0
non-tumour/TCGA-T9-A92H-01Z-00-DX3_19456_7680.jpg,TCGA-T9-A92H,TCGA-T9-A92H-01Z-00-DX3,0,0.24056865,0
non-tumour/TCGA-T9-A92H-01Z-00-DX3_19456_8704.jpg,TCGA-T9-A92H,TCGA-T9-A92H-01Z-00-DX3,0,0.3912127,0
non-tumour/TCGA-T9-A92H-01Z-00-DX3_19456_9728.jpg,TCGA-T9-A92H,TCGA-T9-A92H-01Z-00-DX3,0,0.034510937,0
non-tumour/TCGA-T9-A92H-01Z-00-DX3_19968_10240.jpg,TCGA-T9-A92H,TCGA-T9-A92H-01Z-00-DX3,0,0.046362814,0
non-tumour/TCGA-T9-A92H-01Z-00-DX3_19968_10752.jpg,TCGA-T9-A92H,TCGA-T9-A92H-01Z-00-DX3,0,0.04554296,0
non-tumour/TCGA-T9-A92H-01Z-00-DX3_19968_11264.jpg,TCGA-T9-A92H,TCGA-T9-A92H-01Z-00-DX3,0,0.2698952,0
non-tumour/TCGA-T9-A92H-01Z-00-DX3_19968_11776.jpg,TCGA-T9-A92H,TCGA-T9-A92H-01Z-00-DX3,0,0.26056764,0
non-tumour/TCGA-T9-A92H-01Z-00-DX3_19968_13312.jpg,TCGA-T9-A92H,TCGA-T9-A92H-01Z-00-DX3,0,0.09248785,0
non-tumour/TCGA-T9-A92H-01Z-00-DX3_19968_13824.jpg,TCGA-T9-A92H,TCGA-T9-A92H-01Z-00-DX3,0,0.022814607,0
non-tumour/TCGA-T9-A92H-01Z-00-DX3_19968_14848.jpg,TCGA-T9-A92H,TCGA-T9-A92H-01Z-00-DX3,0,0.29096738,0
non-tumour/TCGA-T9-A92H-01Z-00-DX3_19968_16896.jpg,TCGA-T9-A92H,TCGA-T9-A92H-01Z-00-DX3,0,0.25436714,0
non-tumour/TCGA-T9-A92H-01Z-00-DX3_19968_17920.jpg,TCGA-T9-A92H,TCGA-T9-A92H-01Z-00-DX3,0,0.08175366,0
non-tumour/TCGA-T9-A92H-01Z-00-DX3_19968_18944.jpg,TCGA-T9-A92H,TCGA-T9-A92H-01Z-00-DX3,0,0.045783076,0
non-tumour/TCGA-T9-A92H-01Z-00-DX3_19968_19456.jpg,TCGA-T9-A92H,TCGA-T9-A92H-01Z-00-DX3,0,0.31786144,0
non-tumour/TCGA-T9-A92H-01Z-00-DX3_19968_20992.jpg,TCGA-T9-A92H,TCGA-T9-A92H-01Z-00-DX3,0,0.17678526,0
non-tumour/TCGA-T9-A92H-01Z-00-DX3_19968_21504.jpg,TCGA-T9-A92H,TCGA-T9-A92H-01Z-00-DX3,0,0.5238123,1
non-tumour/TCGA-T9-A92H-01Z-00-DX3_19968_23040.jpg,TCGA-T9-A92H,TCGA-T9-A92H-01Z-00-DX3,0,0.34341404,0
non-tumour/TCGA-T9-A92H-01Z-00-DX3_19968_5632.jpg,TCGA-T9-A92H,TCGA-T9-A92H-01Z-00-DX3,0,0.18363954,0
non-tumour/TCGA-T9-A92H-01Z-00-DX3_19968_6656.jpg,TCGA-T9-A92H,TCGA-T9-A92H-01Z-00-DX3,0,0.020112505,0
non-tumour/TCGA-T9-A92H-01Z-00-DX3_19968_7168.jpg,TCGA-T9-A92H,TCGA-T9-A92H-01Z-00-DX3,0,0.043125074,0
non-tumour/TCGA-T9-A92H-01Z-00-DX3_19968_7680.jpg,TCGA-T9-A92H,TCGA-T9-A92H-01Z-00-DX3,0,0.0819854,0
non-tumour/TCGA-T9-A92H-01Z-00-DX3_19968_8704.jpg,TCGA-T9-A92H,TCGA-T9-A92H-01Z-00-DX3,0,0.17664923,0
non-tumour/TCGA-T9-A92H-01Z-00-DX3_19968_9216.jpg,TCGA-T9-A92H,TCGA-T9-A92H-01Z-00-DX3,0,0.44621557,0
non-tumour/TCGA-T9-A92H-01Z-00-DX3_19968_9728.jpg,TCGA-T9-A92H,TCGA-T9-A92H-01Z-00-DX3,0,0.1857631,0
non-tumour/TCGA-T9-A92H-01Z-00-DX3_20480_10752.jpg,TCGA-T9-A92H,TCGA-T9-A92H-01Z-00-DX3,0,0.08584148,0
non-tumour/TCGA-T9-A92H-01Z-00-DX3_20480_11264.jpg,TCGA-T9-A92H,TCGA-T9-A92H-01Z-00-DX3,0,0.62571454,1
non-tumour/TCGA-T9-A92H-01Z-00-DX3_20480_12288.jpg,TCGA-T9-A92H,TCGA-T9-A92H-01Z-00-DX3,0,0.017193105,0
non-tumour/TCGA-T9-A92H-01Z-00-DX3_20480_14336.jpg,TCGA-T9-A92H,TCGA-T9-A92H-01Z-00-DX3,0,0.06444267,0
non-tumour/TCGA-T9-A92H-01Z-00-DX3_20480_16896.jpg,TCGA-T9-A92H,TCGA-T9-A92H-01Z-00-DX3,0,0.23155025,0
non-tumour/TCGA-T9-A92H-01Z-00-DX3_20480_19968.jpg,TCGA-T9-A92H,TCGA-T9-A92H-01Z-00-DX3,0,0.082503885,0
non-tumour/TCGA-T9-A92H-01Z-00-DX3_20480_20480.jpg,TCGA-T9-A92H,TCGA-T9-A92H-01Z-00-DX3,0,0.2690556,0
non-tumour/TCGA-T9-A92H-01Z-00-DX3_20480_20992.jpg,TCGA-T9-A92H,TCGA-T9-A92H-01Z-00-DX3,0,0.28712368,0
non-tumour/TCGA-T9-A92H-01Z-00-DX3_20480_21504.jpg,TCGA-T9-A92H,TCGA-T9-A92H-01Z-00-DX3,0,0.7422463,1
non-tumour/TCGA-T9-A92H-01Z-00-DX3_20480_22528.jpg,TCGA-T9-A92H,TCGA-T9-A92H-01Z-00-DX3,0,0.016230654,0
non-tumour/TCGA-T9-A92H-01Z-00-DX3_20480_23040.jpg,TCGA-T9-A92H,TCGA-T9-A92H-01Z-00-DX3,0,0.1208112,0
non-tumour/TCGA-T9-A92H-01Z-00-DX3_20480_24064.jpg,TCGA-T9-A92H,TCGA-T9-A92H-01Z-00-DX3,0,0.43981495,0
non-tumour/TCGA-T9-A92H-01Z-00-DX3_20480_5632.jpg,TCGA-T9-A92H,TCGA-T9-A92H-01Z-00-DX3,0,0.3771213,0
non-tumour/TCGA-T9-A92H-01Z-00-DX3_20480_6144.jpg,TCGA-T9-A92H,TCGA-T9-A92H-01Z-00-DX3,0,0.2766789,0
non-tumour/TCGA-T9-A92H-01Z-00-DX3_20992_10240.jpg,TCGA-T9-A92H,TCGA-T9-A92H-01Z-00-DX3,0,0.32255194,0
non-tumour/TCGA-T9-A92H-01Z-00-DX3_20992_12288.jpg,TCGA-T9-A92H,TCGA-T9-A92H-01Z-00-DX3,0,0.07981916,0
non-tumour/TCGA-T9-A92H-01Z-00-DX3_20992_13312.jpg,TCGA-T9-A92H,TCGA-T9-A92H-01Z-00-DX3,0,0.0123359375,0
non-tumour/TCGA-T9-A92H-01Z-00-DX3_20992_14336.jpg,TCGA-T9-A92H,TCGA-T9-A92H-01Z-00-DX3,0,0.024673766,0
non-tumour/TCGA-T9-A92H-01Z-00-DX3_20992_15360.jpg,TCGA-T9-A92H,TCGA-T9-A92H-01Z-00-DX3,0,0.034650754,0
non-tumour/TCGA-T9-A92H-01Z-00-DX3_20992_15872.jpg,TCGA-T9-A92H,TCGA-T9-A92H-01Z-00-DX3,0,0.079185076,0
non-tumour/TCGA-T9-A92H-01Z-00-DX3_20992_17408.jpg,TCGA-T9-A92H,TCGA-T9-A92H-01Z-00-DX3,0,0.20282279,0
non-tumour/TCGA-T9-A92H-01Z-00-DX3_20992_17920.jpg,TCGA-T9-A92H,TCGA-T9-A92H-01Z-00-DX3,0,0.35071665,0
non-tumour/TCGA-T9-A92H-01Z-00-DX3_20992_18432.jpg,TCGA-T9-A92H,TCGA-T9-A92H-01Z-00-DX3,0,0.11463395,0
non-tumour/TCGA-T9-A92H-01Z-00-DX3_20992_18944.jpg,TCGA-T9-A92H,TCGA-T9-A92H-01Z-00-DX3,0,0.09294307,0
non-tumour/TCGA-T9-A92H-01Z-00-DX3_20992_19456.jpg,TCGA-T9-A92H,TCGA-T9-A92H-01Z-00-DX3,0,0.10626089,0
non-tumour/TCGA-T9-A92H-01Z-00-DX3_20992_23040.jpg,TCGA-T9-A92H,TCGA-T9-A92H-01Z-00-DX3,0,0.21649686,0
non-tumour/TCGA-T9-A92H-01Z-00-DX3_20992_23552.jpg,TCGA-T9-A92H,TCGA-T9-A92H-01Z-00-DX3,0,0.93045485,1
non-tumour/TCGA-T9-A92H-01Z-00-DX3_20992_5632.jpg,TCGA-T9-A92H,TCGA-T9-A92H-01Z-00-DX3,0,0.18519965,0
non-tumour/TCGA-T9-A92H-01Z-00-DX3_20992_6144.jpg,TCGA-T9-A92H,TCGA-T9-A92H-01Z-00-DX3,0,0.15774295,0
non-tumour/TCGA-T9-A92H-01Z-00-DX3_20992_7168.jpg,TCGA-T9-A92H,TCGA-T9-A92H-01Z-00-DX3,0,0.06831572,0
non-tumour/TCGA-T9-A92H-01Z-00-DX3_20992_7680.jpg,TCGA-T9-A92H,TCGA-T9-A92H-01Z-00-DX3,0,0.03561269,0
non-tumour/TCGA-T9-A92H-01Z-00-DX3_20992_8192.jpg,TCGA-T9-A92H,TCGA-T9-A92H-01Z-00-DX3,0,0.70832646,1
non-tumour/TCGA-T9-A92H-01Z-00-DX3_20992_8704.jpg,TCGA-T9-A92H,TCGA-T9-A92H-01Z-00-DX3,0,0.4607683,0
non-tumour/TCGA-T9-A92H-01Z-00-DX3_20992_9728.jpg,TCGA-T9-A92H,TCGA-T9-A92H-01Z-00-DX3,0,0.058767267,0
non-tumour/TCGA-T9-A92H-01Z-00-DX3_21504_10240.jpg,TCGA-T9-A92H,TCGA-T9-A92H-01Z-00-DX3,0,0.7172975,1
non-tumour/TCGA-T9-A92H-01Z-00-DX3_21504_13824.jpg,TCGA-T9-A92H,TCGA-T9-A92H-01Z-00-DX3,0,0.06694525,0
non-tumour/TCGA-T9-A92H-01Z-00-DX3_21504_15360.jpg,TCGA-T9-A92H,TCGA-T9-A92H-01Z-00-DX3,0,0.08903687,0
non-tumour/TCGA-T9-A92H-01Z-00-DX3_21504_15872.jpg,TCGA-T9-A92H,TCGA-T9-A92H-01Z-00-DX3,0,0.42876908,0
non-tumour/TCGA-T9-A92H-01Z-00-DX3_21504_16384.jpg,TCGA-T9-A92H,TCGA-T9-A92H-01Z-00-DX3,0,0.14338075,0
non-tumour/TCGA-T9-A92H-01Z-00-DX3_21504_17920.jpg,TCGA-T9-A92H,TCGA-T9-A92H-01Z-00-DX3,0,0.5493228,1
non-tumour/TCGA-T9-A92H-01Z-00-DX3_21504_18432.jpg,TCGA-T9-A92H,TCGA-T9-A92H-01Z-00-DX3,0,0.16784425,0
non-tumour/TCGA-T9-A92H-01Z-00-DX3_21504_19456.jpg,TCGA-T9-A92H,TCGA-T9-A92H-01Z-00-DX3,0,0.13788806,0
non-tumour/TCGA-T9-A92H-01Z-00-DX3_21504_19968.jpg,TCGA-T9-A92H,TCGA-T9-A92H-01Z-00-DX3,0,0.061390594,0
non-tumour/TCGA-T9-A92H-01Z-00-DX3_21504_20480.jpg,TCGA-T9-A92H,TCGA-T9-A92H-01Z-00-DX3,0,0.23474117,0
non-tumour/TCGA-T9-A92H-01Z-00-DX3_21504_20992.jpg,TCGA-T9-A92H,TCGA-T9-A92H-01Z-00-DX3,0,0.18405905,0
non-tumour/TCGA-T9-A92H-01Z-00-DX3_21504_21504.jpg,TCGA-T9-A92H,TCGA-T9-A92H-01Z-00-DX3,0,0.22870219,0
non-tumour/TCGA-T9-A92H-01Z-00-DX3_21504_22016.jpg,TCGA-T9-A92H,TCGA-T9-A92H-01Z-00-DX3,0,0.28097934,0
non-tumour/TCGA-T9-A92H-01Z-00-DX3_21504_22528.jpg,TCGA-T9-A92H,TCGA-T9-A92H-01Z-00-DX3,0,0.10623807,0
non-tumour/TCGA-T9-A92H-01Z-00-DX3_21504_23552.jpg,TCGA-T9-A92H,TCGA-T9-A92H-01Z-00-DX3,0,0.75037545,1
non-tumour/TCGA-T9-A92H-01Z-00-DX3_21504_6144.jpg,TCGA-T9-A92H,TCGA-T9-A92H-01Z-00-DX3,0,0.153361,0
non-tumour/TCGA-T9-A92H-01Z-00-DX3_21504_8192.jpg,TCGA-T9-A92H,TCGA-T9-A92H-01Z-00-DX3,0,0.34504363,0
non-tumour/TCGA-T9-A92H-01Z-00-DX3_21504_9216.jpg,TCGA-T9-A92H,TCGA-T9-A92H-01Z-00-DX3,0,0.051007602,0
non-tumour/TCGA-T9-A92H-01Z-00-DX3_22016_10240.jpg,TCGA-T9-A92H,TCGA-T9-A92H-01Z-00-DX3,0,0.07730663,0
non-tumour/TCGA-T9-A92H-01Z-00-DX3_22016_11264.jpg,TCGA-T9-A92H,TCGA-T9-A92H-01Z-00-DX3,0,0.041305218,0
non-tumour/TCGA-T9-A92H-01Z-00-DX3_22016_12800.jpg,TCGA-T9-A92H,TCGA-T9-A92H-01Z-00-DX3,0,0.71699315,1
non-tumour/TCGA-T9-A92H-01Z-00-DX3_22016_14848.jpg,TCGA-T9-A92H,TCGA-T9-A92H-01Z-00-DX3,0,0.12825146,0
non-tumour/TCGA-T9-A92H-01Z-00-DX3_22016_15872.jpg,TCGA-T9-A92H,TCGA-T9-A92H-01Z-00-DX3,0,0.30858034,0
non-tumour/TCGA-T9-A92H-01Z-00-DX3_22016_17408.jpg,TCGA-T9-A92H,TCGA-T9-A92H-01Z-00-DX3,0,0.05794053,0
non-tumour/TCGA-T9-A92H-01Z-00-DX3_22016_18944.jpg,TCGA-T9-A92H,TCGA-T9-A92H-01Z-00-DX3,0,0.39753506,0
non-tumour/TCGA-T9-A92H-01Z-00-DX3_22016_19456.jpg,TCGA-T9-A92H,TCGA-T9-A92H-01Z-00-DX3,0,0.21506852,0
non-tumour/TCGA-T9-A92H-01Z-00-DX3_22016_20480.jpg,TCGA-T9-A92H,TCGA-T9-A92H-01Z-00-DX3,0,0.44459125,0
non-tumour/TCGA-T9-A92H-01Z-00-DX3_22016_22016.jpg,TCGA-T9-A92H,TCGA-T9-A92H-01Z-00-DX3,0,0.23859894,0
non-tumour/TCGA-T9-A92H-01Z-00-DX3_22016_22528.jpg,TCGA-T9-A92H,TCGA-T9-A92H-01Z-00-DX3,0,0.11090433,0
non-tumour/TCGA-T9-A92H-01Z-00-DX3_22016_23040.jpg,TCGA-T9-A92H,TCGA-T9-A92H-01Z-00-DX3,0,0.22396971,0
non-tumour/TCGA-T9-A92H-01Z-00-DX3_22016_23552.jpg,TCGA-T9-A92H,TCGA-T9-A92H-01Z-00-DX3,0,0.38719967,0
non-tumour/TCGA-T9-A92H-01Z-00-DX3_22016_24064.jpg,TCGA-T9-A92H,TCGA-T9-A92H-01Z-00-DX3,0,0.5622155,1
non-tumour/TCGA-T9-A92H-01Z-00-DX3_22016_8704.jpg,TCGA-T9-A92H,TCGA-T9-A92H-01Z-00-DX3,0,0.07650807,0
non-tumour/TCGA-T9-A92H-01Z-00-DX3_22016_9216.jpg,TCGA-T9-A92H,TCGA-T9-A92H-01Z-00-DX3,0,0.04085942,0
non-tumour/TCGA-T9-A92H-01Z-00-DX3_22528_11264.jpg,TCGA-T9-A92H,TCGA-T9-A92H-01Z-00-DX3,0,0.03361058,0
non-tumour/TCGA-T9-A92H-01Z-00-DX3_22528_12800.jpg,TCGA-T9-A92H,TCGA-T9-A92H-01Z-00-DX3,0,0.15743378,0
non-tumour/TCGA-T9-A92H-01Z-00-DX3_22528_14336.jpg,TCGA-T9-A92H,TCGA-T9-A92H-01Z-00-DX3,0,0.3849737,0
non-tumour/TCGA-T9-A92H-01Z-00-DX3_22528_14848.jpg,TCGA-T9-A92H,TCGA-T9-A92H-01Z-00-DX3,0,0.35131684,0
non-tumour/TCGA-T9-A92H-01Z-00-DX3_22528_15872.jpg,TCGA-T9-A92H,TCGA-T9-A92H-01Z-00-DX3,0,0.36642203,0
non-tumour/TCGA-T9-A92H-01Z-00-DX3_22528_17920.jpg,TCGA-T9-A92H,TCGA-T9-A92H-01Z-00-DX3,0,0.07869544,0
non-tumour/TCGA-T9-A92H-01Z-00-DX3_22528_18944.jpg,TCGA-T9-A92H,TCGA-T9-A92H-01Z-00-DX3,0,0.19500712,0
non-tumour/TCGA-T9-A92H-01Z-00-DX3_22528_22016.jpg,TCGA-T9-A92H,TCGA-T9-A92H-01Z-00-DX3,0,0.2741036,0
non-tumour/TCGA-T9-A92H-01Z-00-DX3_22528_22528.jpg,TCGA-T9-A92H,TCGA-T9-A92H-01Z-00-DX3,0,0.060632765,0
non-tumour/TCGA-T9-A92H-01Z-00-DX3_22528_24576.jpg,TCGA-T9-A92H,TCGA-T9-A92H-01Z-00-DX3,0,0.4533087,0
non-tumour/TCGA-T9-A92H-01Z-00-DX3_22528_9216.jpg,TCGA-T9-A92H,TCGA-T9-A92H-01Z-00-DX3,0,0.16394024,0
non-tumour/TCGA-T9-A92H-01Z-00-DX3_23040_10752.jpg,TCGA-T9-A92H,TCGA-T9-A92H-01Z-00-DX3,0,0.7895525,1
non-tumour/TCGA-T9-A92H-01Z-00-DX3_23040_11776.jpg,TCGA-T9-A92H,TCGA-T9-A92H-01Z-00-DX3,0,0.14046319,0
non-tumour/TCGA-T9-A92H-01Z-00-DX3_23040_13312.jpg,TCGA-T9-A92H,TCGA-T9-A92H-01Z-00-DX3,0,0.17708807,0
non-tumour/TCGA-T9-A92H-01Z-00-DX3_23040_13824.jpg,TCGA-T9-A92H,TCGA-T9-A92H-01Z-00-DX3,0,0.44672722,0
non-tumour/TCGA-T9-A92H-01Z-00-DX3_23040_14848.jpg,TCGA-T9-A92H,TCGA-T9-A92H-01Z-00-DX3,0,0.22912678,0
non-tumour/TCGA-T9-A92H-01Z-00-DX3_23040_15360.jpg,TCGA-T9-A92H,TCGA-T9-A92H-01Z-00-DX3,0,0.5271877,1
non-tumour/TCGA-T9-A92H-01Z-00-DX3_23040_16896.jpg,TCGA-T9-A92H,TCGA-T9-A92H-01Z-00-DX3,0,0.2527586,0
non-tumour/TCGA-T9-A92H-01Z-00-DX3_23040_17408.jpg,TCGA-T9-A92H,TCGA-T9-A92H-01Z-00-DX3,0,0.07327542,0
non-tumour/TCGA-T9-A92H-01Z-00-DX3_23040_17920.jpg,TCGA-T9-A92H,TCGA-T9-A92H-01Z-00-DX3,0,0.09432671,0
non-tumour/TCGA-T9-A92H-01Z-00-DX3_23040_18432.jpg,TCGA-T9-A92H,TCGA-T9-A92H-01Z-00-DX3,0,0.1254513,0
non-tumour/TCGA-T9-A92H-01Z-00-DX3_23040_18944.jpg,TCGA-T9-A92H,TCGA-T9-A92H-01Z-00-DX3,0,0.31354398,0
non-tumour/TCGA-T9-A92H-01Z-00-DX3_23040_20480.jpg,TCGA-T9-A92H,TCGA-T9-A92H-01Z-00-DX3,0,0.21992278,0
non-tumour/TCGA-T9-A92H-01Z-00-DX3_23040_23552.jpg,TCGA-T9-A92H,TCGA-T9-A92H-01Z-00-DX3,0,0.67799586,1
non-tumour/TCGA-T9-A92H-01Z-00-DX3_23040_24064.jpg,TCGA-T9-A92H,TCGA-T9-A92H-01Z-00-DX3,0,0.42325798,0
non-tumour/TCGA-T9-A92H-01Z-00-DX3_23040_8704.jpg,TCGA-T9-A92H,TCGA-T9-A92H-01Z-00-DX3,0,0.10847014,0
non-tumour/TCGA-T9-A92H-01Z-00-DX3_23040_9216.jpg,TCGA-T9-A92H,TCGA-T9-A92H-01Z-00-DX3,0,0.08045517,0
non-tumour/TCGA-T9-A92H-01Z-00-DX3_23040_9728.jpg,TCGA-T9-A92H,TCGA-T9-A92H-01Z-00-DX3,0,0.09211534,0
non-tumour/TCGA-T9-A92H-01Z-00-DX3_23552_10752.jpg,TCGA-T9-A92H,TCGA-T9-A92H-01Z-00-DX3,0,0.20187981,0
non-tumour/TCGA-T9-A92H-01Z-00-DX3_23552_12288.jpg,TCGA-T9-A92H,TCGA-T9-A92H-01Z-00-DX3,0,0.08436323,0
non-tumour/TCGA-T9-A92H-01Z-00-DX3_23552_12800.jpg,TCGA-T9-A92H,TCGA-T9-A92H-01Z-00-DX3,0,0.064688995,0
non-tumour/TCGA-T9-A92H-01Z-00-DX3_23552_13312.jpg,TCGA-T9-A92H,TCGA-T9-A92H-01Z-00-DX3,0,0.25226966,0
non-tumour/TCGA-T9-A92H-01Z-00-DX3_23552_13824.jpg,TCGA-T9-A92H,TCGA-T9-A92H-01Z-00-DX3,0,0.30776328,0
non-tumour/TCGA-T9-A92H-01Z-00-DX3_23552_15360.jpg,TCGA-T9-A92H,TCGA-T9-A92H-01Z-00-DX3,0,0.2608677,0
non-tumour/TCGA-T9-A92H-01Z-00-DX3_23552_15872.jpg,TCGA-T9-A92H,TCGA-T9-A92H-01Z-00-DX3,0,0.01688791,0
non-tumour/TCGA-T9-A92H-01Z-00-DX3_23552_16384.jpg,TCGA-T9-A92H,TCGA-T9-A92H-01Z-00-DX3,0,0.036375646,0
non-tumour/TCGA-T9-A92H-01Z-00-DX3_23552_19456.jpg,TCGA-T9-A92H,TCGA-T9-A92H-01Z-00-DX3,0,0.20181617,0
non-tumour/TCGA-T9-A92H-01Z-00-DX3_23552_19968.jpg,TCGA-T9-A92H,TCGA-T9-A92H-01Z-00-DX3,0,0.11002768,0
non-tumour/TCGA-T9-A92H-01Z-00-DX3_23552_20480.jpg,TCGA-T9-A92H,TCGA-T9-A92H-01Z-00-DX3,0,0.3902845,0
non-tumour/TCGA-T9-A92H-01Z-00-DX3_23552_21504.jpg,TCGA-T9-A92H,TCGA-T9-A92H-01Z-00-DX3,0,0.35572055,0
non-tumour/TCGA-T9-A92H-01Z-00-DX3_23552_22528.jpg,TCGA-T9-A92H,TCGA-T9-A92H-01Z-00-DX3,0,0.74182826,1
non-tumour/TCGA-T9-A92H-01Z-00-DX3_23552_23552.jpg,TCGA-T9-A92H,TCGA-T9-A92H-01Z-00-DX3,0,0.8063772,1
non-tumour/TCGA-T9-A92H-01Z-00-DX3_23552_25088.jpg,TCGA-T9-A92H,TCGA-T9-A92H-01Z-00-DX3,0,0.09234191,0
non-tumour/TCGA-T9-A92H-01Z-00-DX3_23552_9216.jpg,TCGA-T9-A92H,TCGA-T9-A92H-01Z-00-DX3,0,0.01497993,0
non-tumour/TCGA-T9-A92H-01Z-00-DX3_24064_10752.jpg,TCGA-T9-A92H,TCGA-T9-A92H-01Z-00-DX3,0,0.119542025,0
non-tumour/TCGA-T9-A92H-01Z-00-DX3_24064_11264.jpg,TCGA-T9-A92H,TCGA-T9-A92H-01Z-00-DX3,0,0.2546435,0
non-tumour/TCGA-T9-A92H-01Z-00-DX3_24064_11776.jpg,TCGA-T9-A92H,TCGA-T9-A92H-01Z-00-DX3,0,0.38984716,0
non-tumour/TCGA-T9-A92H-01Z-00-DX3_24064_12288.jpg,TCGA-T9-A92H,TCGA-T9-A92H-01Z-00-DX3,0,0.14967696,0
non-tumour/TCGA-T9-A92H-01Z-00-DX3_24064_12800.jpg,TCGA-T9-A92H,TCGA-T9-A92H-01Z-00-DX3,0,0.05147565,0
non-tumour/TCGA-T9-A92H-01Z-00-DX3_24064_13824.jpg,TCGA-T9-A92H,TCGA-T9-A92H-01Z-00-DX3,0,0.32894966,0
non-tumour/TCGA-T9-A92H-01Z-00-DX3_24064_14336.jpg,TCGA-T9-A92H,TCGA-T9-A92H-01Z-00-DX3,0,0.23379162,0
non-tumour/TCGA-T9-A92H-01Z-00-DX3_24064_15360.jpg,TCGA-T9-A92H,TCGA-T9-A92H-01Z-00-DX3,0,0.3131711,0
non-tumour/TCGA-T9-A92H-01Z-00-DX3_24064_15872.jpg,TCGA-T9-A92H,TCGA-T9-A92H-01Z-00-DX3,0,0.012876578,0
non-tumour/TCGA-T9-A92H-01Z-00-DX3_24064_16896.jpg,TCGA-T9-A92H,TCGA-T9-A92H-01Z-00-DX3,0,0.008982924,0
non-tumour/TCGA-T9-A92H-01Z-00-DX3_24064_17920.jpg,TCGA-T9-A92H,TCGA-T9-A92H-01Z-00-DX3,0,0.029014993,0
non-tumour/TCGA-T9-A92H-01Z-00-DX3_24064_18432.jpg,TCGA-T9-A92H,TCGA-T9-A92H-01Z-00-DX3,0,0.18836729,0
non-tumour/TCGA-T9-A92H-01Z-00-DX3_24064_18944.jpg,TCGA-T9-A92H,TCGA-T9-A92H-01Z-00-DX3,0,0.26053074,0
non-tumour/TCGA-T9-A92H-01Z-00-DX3_24064_19968.jpg,TCGA-T9-A92H,TCGA-T9-A92H-01Z-00-DX3,0,0.15038064,0
non-tumour/TCGA-T9-A92H-01Z-00-DX3_24064_20480.jpg,TCGA-T9-A92H,TCGA-T9-A92H-01Z-00-DX3,0,0.45217228,0
non-tumour/TCGA-T9-A92H-01Z-00-DX3_24064_20992.jpg,TCGA-T9-A92H,TCGA-T9-A92H-01Z-00-DX3,0,0.37913358,0
non-tumour/TCGA-T9-A92H-01Z-00-DX3_24064_21504.jpg,TCGA-T9-A92H,TCGA-T9-A92H-01Z-00-DX3,0,0.41673106,0
non-tumour/TCGA-T9-A92H-01Z-00-DX3_24064_22528.jpg,TCGA-T9-A92H,TCGA-T9-A92H-01Z-00-DX3,0,0.48780978,0
non-tumour/TCGA-T9-A92H-01Z-00-DX3_24064_23552.jpg,TCGA-T9-A92H,TCGA-T9-A92H-01Z-00-DX3,0,0.73095924,1
non-tumour/TCGA-T9-A92H-01Z-00-DX3_24064_24576.jpg,TCGA-T9-A92H,TCGA-T9-A92H-01Z-00-DX3,0,0.095870756,0
non-tumour/TCGA-T9-A92H-01Z-00-DX3_24576_13824.jpg,TCGA-T9-A92H,TCGA-T9-A92H-01Z-00-DX3,0,0.38516128,0
non-tumour/TCGA-T9-A92H-01Z-00-DX3_24576_14336.jpg,TCGA-T9-A92H,TCGA-T9-A92H-01Z-00-DX3,0,0.42024964,0
non-tumour/TCGA-T9-A92H-01Z-00-DX3_24576_15872.jpg,TCGA-T9-A92H,TCGA-T9-A92H-01Z-00-DX3,0,0.23243147,0
non-tumour/TCGA-T9-A92H-01Z-00-DX3_24576_16896.jpg,TCGA-T9-A92H,TCGA-T9-A92H-01Z-00-DX3,0,0.016186431,0
non-tumour/TCGA-T9-A92H-01Z-00-DX3_24576_17408.jpg,TCGA-T9-A92H,TCGA-T9-A92H-01Z-00-DX3,0,0.43252125,0
non-tumour/TCGA-T9-A92H-01Z-00-DX3_24576_17920.jpg,TCGA-T9-A92H,TCGA-T9-A92H-01Z-00-DX3,0,0.103783794,0
non-tumour/TCGA-T9-A92H-01Z-00-DX3_24576_20992.jpg,TCGA-T9-A92H,TCGA-T9-A92H-01Z-00-DX3,0,0.6264521,1
non-tumour/TCGA-T9-A92H-01Z-00-DX3_24576_21504.jpg,TCGA-T9-A92H,TCGA-T9-A92H-01Z-00-DX3,0,0.31748372,0
non-tumour/TCGA-T9-A92H-01Z-00-DX3_24576_22016.jpg,TCGA-T9-A92H,TCGA-T9-A92H-01Z-00-DX3,0,0.69273645,1
non-tumour/TCGA-T9-A92H-01Z-00-DX3_24576_23040.jpg,TCGA-T9-A92H,TCGA-T9-A92H-01Z-00-DX3,0,0.22747009,0
non-tumour/TCGA-T9-A92H-01Z-00-DX3_24576_24064.jpg,TCGA-T9-A92H,TCGA-T9-A92H-01Z-00-DX3,0,0.38203377,0
non-tumour/TCGA-T9-A92H-01Z-00-DX3_24576_24576.jpg,TCGA-T9-A92H,TCGA-T9-A92H-01Z-00-DX3,0,0.15276267,0
non-tumour/TCGA-T9-A92H-01Z-00-DX3_25088_13824.jpg,TCGA-T9-A92H,TCGA-T9-A92H-01Z-00-DX3,0,0.26844287,0
non-tumour/TCGA-T9-A92H-01Z-00-DX3_25088_16896.jpg,TCGA-T9-A92H,TCGA-T9-A92H-01Z-00-DX3,0,0.049666457,0
non-tumour/TCGA-T9-A92H-01Z-00-DX3_25088_17408.jpg,TCGA-T9-A92H,TCGA-T9-A92H-01Z-00-DX3,0,0.020991476,0
non-tumour/TCGA-T9-A92H-01Z-00-DX3_25088_17920.jpg,TCGA-T9-A92H,TCGA-T9-A92H-01Z-00-DX3,0,0.17923455,0
non-tumour/TCGA-T9-A92H-01Z-00-DX3_25088_19456.jpg,TCGA-T9-A92H,TCGA-T9-A92H-01Z-00-DX3,0,0.07003958,0
non-tumour/TCGA-T9-A92H-01Z-00-DX3_25088_20992.jpg,TCGA-T9-A92H,TCGA-T9-A92H-01Z-00-DX3,0,0.892019,1
non-tumour/TCGA-T9-A92H-01Z-00-DX3_25088_22528.jpg,TCGA-T9-A92H,TCGA-T9-A92H-01Z-00-DX3,0,0.2447521,0
non-tumour/TCGA-T9-A92H-01Z-00-DX3_25088_24576.jpg,TCGA-T9-A92H,TCGA-T9-A92H-01Z-00-DX3,0,0.3228693,0
non-tumour/TCGA-T9-A92H-01Z-00-DX3_25600_14336.jpg,TCGA-T9-A92H,TCGA-T9-A92H-01Z-00-DX3,0,0.09443496,0
non-tumour/TCGA-T9-A92H-01Z-00-DX3_25600_14848.jpg,TCGA-T9-A92H,TCGA-T9-A92H-01Z-00-DX3,0,0.39191306,0
non-tumour/TCGA-T9-A92H-01Z-00-DX3_25600_15360.jpg,TCGA-T9-A92H,TCGA-T9-A92H-01Z-00-DX3,0,0.5252401,1
non-tumour/TCGA-T9-A92H-01Z-00-DX3_25600_15872.jpg,TCGA-T9-A92H,TCGA-T9-A92H-01Z-00-DX3,0,0.027531331,0
non-tumour/TCGA-T9-A92H-01Z-00-DX3_25600_16384.jpg,TCGA-T9-A92H,TCGA-T9-A92H-01Z-00-DX3,0,0.026717,0
non-tumour/TCGA-T9-A92H-01Z-00-DX3_25600_16896.jpg,TCGA-T9-A92H,TCGA-T9-A92H-01Z-00-DX3,0,0.122812115,0
non-tumour/TCGA-T9-A92H-01Z-00-DX3_25600_17408.jpg,TCGA-T9-A92H,TCGA-T9-A92H-01Z-00-DX3,0,0.05122434,0
non-tumour/TCGA-T9-A92H-01Z-00-DX3_25600_18944.jpg,TCGA-T9-A92H,TCGA-T9-A92H-01Z-00-DX3,0,0.15633097,0
non-tumour/TCGA-T9-A92H-01Z-00-DX3_25600_19456.jpg,TCGA-T9-A92H,TCGA-T9-A92H-01Z-00-DX3,0,0.09638569,0
non-tumour/TCGA-T9-A92H-01Z-00-DX3_25600_19968.jpg,TCGA-T9-A92H,TCGA-T9-A92H-01Z-00-DX3,0,0.022582337,0
non-tumour/TCGA-T9-A92H-01Z-00-DX3_25600_20992.jpg,TCGA-T9-A92H,TCGA-T9-A92H-01Z-00-DX3,0,0.28700653,0
non-tumour/TCGA-T9-A92H-01Z-00-DX3_25600_21504.jpg,TCGA-T9-A92H,TCGA-T9-A92H-01Z-00-DX3,0,0.068968885,0
non-tumour/TCGA-T9-A92H-01Z-00-DX3_25600_22528.jpg,TCGA-T9-A92H,TCGA-T9-A92H-01Z-00-DX3,0,0.6695413,1
non-tumour/TCGA-T9-A92H-01Z-00-DX3_25600_23552.jpg,TCGA-T9-A92H,TCGA-T9-A92H-01Z-00-DX3,0,0.6379772,1
non-tumour/TCGA-T9-A92H-01Z-00-DX3_25600_25088.jpg,TCGA-T9-A92H,TCGA-T9-A92H-01Z-00-DX3,0,0.14026563,0
non-tumour/TCGA-T9-A92H-01Z-00-DX3_26112_12288.jpg,TCGA-T9-A92H,TCGA-T9-A92H-01Z-00-DX3,0,0.33792946,0
non-tumour/TCGA-T9-A92H-01Z-00-DX3_26112_12800.jpg,TCGA-T9-A92H,TCGA-T9-A92H-01Z-00-DX3,0,0.16639802,0
non-tumour/TCGA-T9-A92H-01Z-00-DX3_26112_13312.jpg,TCGA-T9-A92H,TCGA-T9-A92H-01Z-00-DX3,0,0.16438173,0
non-tumour/TCGA-T9-A92H-01Z-00-DX3_26112_15872.jpg,TCGA-T9-A92H,TCGA-T9-A92H-01Z-00-DX3,0,0.14285664,0
non-tumour/TCGA-T9-A92H-01Z-00-DX3_26112_19456.jpg,TCGA-T9-A92H,TCGA-T9-A92H-01Z-00-DX3,0,0.74613714,1
non-tumour/TCGA-T9-A92H-01Z-00-DX3_26112_19968.jpg,TCGA-T9-A92H,TCGA-T9-A92H-01Z-00-DX3,0,0.76314366,1
non-tumour/TCGA-T9-A92H-01Z-00-DX3_26112_22528.jpg,TCGA-T9-A92H,TCGA-T9-A92H-01Z-00-DX3,0,0.24749245,0
non-tumour/TCGA-T9-A92H-01Z-00-DX3_26112_23552.jpg,TCGA-T9-A92H,TCGA-T9-A92H-01Z-00-DX3,0,0.43790352,0
non-tumour/TCGA-T9-A92H-01Z-00-DX3_26112_24064.jpg,TCGA-T9-A92H,TCGA-T9-A92H-01Z-00-DX3,0,0.18155175,0
non-tumour/TCGA-T9-A92H-01Z-00-DX3_26112_24576.jpg,TCGA-T9-A92H,TCGA-T9-A92H-01Z-00-DX3,0,0.11683293,0
non-tumour/TCGA-T9-A92H-01Z-00-DX3_26624_11264.jpg,TCGA-T9-A92H,TCGA-T9-A92H-01Z-00-DX3,0,0.12682602,0
non-tumour/TCGA-T9-A92H-01Z-00-DX3_26624_12288.jpg,TCGA-T9-A92H,TCGA-T9-A92H-01Z-00-DX3,0,0.35204214,0
non-tumour/TCGA-T9-A92H-01Z-00-DX3_26624_12800.jpg,TCGA-T9-A92H,TCGA-T9-A92H-01Z-00-DX3,0,0.391623,0
non-tumour/TCGA-T9-A92H-01Z-00-DX3_26624_13312.jpg,TCGA-T9-A92H,TCGA-T9-A92H-01Z-00-DX3,0,0.068004645,0
non-tumour/TCGA-T9-A92H-01Z-00-DX3_26624_13824.jpg,TCGA-T9-A92H,TCGA-T9-A92H-01Z-00-DX3,0,0.36677793,0
non-tumour/TCGA-T9-A92H-01Z-00-DX3_26624_14336.jpg,TCGA-T9-A92H,TCGA-T9-A92H-01Z-00-DX3,0,0.6753786,1
non-tumour/TCGA-T9-A92H-01Z-00-DX3_26624_15360.jpg,TCGA-T9-A92H,TCGA-T9-A92H-01Z-00-DX3,0,0.026418919,0
non-tumour/TCGA-T9-A92H-01Z-00-DX3_26624_15872.jpg,TCGA-T9-A92H,TCGA-T9-A92H-01Z-00-DX3,0,0.058096208,0
non-tumour/TCGA-T9-A92H-01Z-00-DX3_26624_16896.jpg,TCGA-T9-A92H,TCGA-T9-A92H-01Z-00-DX3,0,0.034938335,0
non-tumour/TCGA-T9-A92H-01Z-00-DX3_26624_17408.jpg,TCGA-T9-A92H,TCGA-T9-A92H-01Z-00-DX3,0,0.14257199,0
non-tumour/TCGA-T9-A92H-01Z-00-DX3_26624_17920.jpg,TCGA-T9-A92H,TCGA-T9-A92H-01Z-00-DX3,0,0.20862933,0
non-tumour/TCGA-T9-A92H-01Z-00-DX3_26624_18432.jpg,TCGA-T9-A92H,TCGA-T9-A92H-01Z-00-DX3,0,0.37417477,0
non-tumour/TCGA-T9-A92H-01Z-00-DX3_26624_18944.jpg,TCGA-T9-A92H,TCGA-T9-A92H-01Z-00-DX3,0,0.092553146,0
non-tumour/TCGA-T9-A92H-01Z-00-DX3_26624_19456.jpg,TCGA-T9-A92H,TCGA-T9-A92H-01Z-00-DX3,0,0.5508481,1
non-tumour/TCGA-T9-A92H-01Z-00-DX3_26624_21504.jpg,TCGA-T9-A92H,TCGA-T9-A92H-01Z-00-DX3,0,0.5431932,1
non-tumour/TCGA-T9-A92H-01Z-00-DX3_26624_22016.jpg,TCGA-T9-A92H,TCGA-T9-A92H-01Z-00-DX3,0,0.37796843,0
non-tumour/TCGA-T9-A92H-01Z-00-DX3_26624_22528.jpg,TCGA-T9-A92H,TCGA-T9-A92H-01Z-00-DX3,0,0.10826467,0
non-tumour/TCGA-T9-A92H-01Z-00-DX3_26624_23040.jpg,TCGA-T9-A92H,TCGA-T9-A92H-01Z-00-DX3,0,0.6874825,1
non-tumour/TCGA-T9-A92H-01Z-00-DX3_26624_24064.jpg,TCGA-T9-A92H,TCGA-T9-A92H-01Z-00-DX3,0,0.17188567,0
non-tumour/TCGA-T9-A92H-01Z-00-DX3_26624_24576.jpg,TCGA-T9-A92H,TCGA-T9-A92H-01Z-00-DX3,0,0.13001624,0
non-tumour/TCGA-T9-A92H-01Z-00-DX3_27136_11264.jpg,TCGA-T9-A92H,TCGA-T9-A92H-01Z-00-DX3,0,0.046809968,0
non-tumour/TCGA-T9-A92H-01Z-00-DX3_27136_11776.jpg,TCGA-T9-A92H,TCGA-T9-A92H-01Z-00-DX3,0,0.035523422,0
non-tumour/TCGA-T9-A92H-01Z-00-DX3_27136_12288.jpg,TCGA-T9-A92H,TCGA-T9-A92H-01Z-00-DX3,0,0.10085852,0
non-tumour/TCGA-T9-A92H-01Z-00-DX3_27136_12800.jpg,TCGA-T9-A92H,TCGA-T9-A92H-01Z-00-DX3,0,0.088716075,0
non-tumour/TCGA-T9-A92H-01Z-00-DX3_27136_13312.jpg,TCGA-T9-A92H,TCGA-T9-A92H-01Z-00-DX3,0,0.098140664,0
non-tumour/TCGA-T9-A92H-01Z-00-DX3_27136_13824.jpg,TCGA-T9-A92H,TCGA-T9-A92H-01Z-00-DX3,0,0.20145413,0
non-tumour/TCGA-T9-A92H-01Z-00-DX3_27136_14336.jpg,TCGA-T9-A92H,TCGA-T9-A92H-01Z-00-DX3,0,0.03370718,0
non-tumour/TCGA-T9-A92H-01Z-00-DX3_27136_15360.jpg,TCGA-T9-A92H,TCGA-T9-A92H-01Z-00-DX3,0,0.14073391,0
non-tumour/TCGA-T9-A92H-01Z-00-DX3_27136_16384.jpg,TCGA-T9-A92H,TCGA-T9-A92H-01Z-00-DX3,0,0.058815546,0
non-tumour/TCGA-T9-A92H-01Z-00-DX3_27136_17408.jpg,TCGA-T9-A92H,TCGA-T9-A92H-01Z-00-DX3,0,0.030475074,0
non-tumour/TCGA-T9-A92H-01Z-00-DX3_27136_18432.jpg,TCGA-T9-A92H,TCGA-T9-A92H-01Z-00-DX3,0,0.10224267,0
non-tumour/TCGA-T9-A92H-01Z-00-DX3_27136_18944.jpg,TCGA-T9-A92H,TCGA-T9-A92H-01Z-00-DX3,0,0.13387227,0
non-tumour/TCGA-T9-A92H-01Z-00-DX3_27136_20480.jpg,TCGA-T9-A92H,TCGA-T9-A92H-01Z-00-DX3,0,0.04962768,0
non-tumour/TCGA-T9-A92H-01Z-00-DX3_27136_20992.jpg,TCGA-T9-A92H,TCGA-T9-A92H-01Z-00-DX3,0,0.052854385,0
non-tumour/TCGA-T9-A92H-01Z-00-DX3_27136_21504.jpg,TCGA-T9-A92H,TCGA-T9-A92H-01Z-00-DX3,0,0.29678398,0
non-tumour/TCGA-T9-A92H-01Z-00-DX3_27136_23040.jpg,TCGA-T9-A92H,TCGA-T9-A92H-01Z-00-DX3,0,0.07972056,0
non-tumour/TCGA-T9-A92H-01Z-00-DX3_27648_11264.jpg,TCGA-T9-A92H,TCGA-T9-A92H-01Z-00-DX3,0,0.06612621,0
non-tumour/TCGA-T9-A92H-01Z-00-DX3_27648_12800.jpg,TCGA-T9-A92H,TCGA-T9-A92H-01Z-00-DX3,0,0.33682594,0
non-tumour/TCGA-T9-A92H-01Z-00-DX3_27648_13312.jpg,TCGA-T9-A92H,TCGA-T9-A92H-01Z-00-DX3,0,0.022960678,0
non-tumour/TCGA-T9-A92H-01Z-00-DX3_27648_14336.jpg,TCGA-T9-A92H,TCGA-T9-A92H-01Z-00-DX3,0,0.051160596,0
non-tumour/TCGA-T9-A92H-01Z-00-DX3_27648_14848.jpg,TCGA-T9-A92H,TCGA-T9-A92H-01Z-00-DX3,0,0.036498703,0
non-tumour/TCGA-T9-A92H-01Z-00-DX3_27648_15872.jpg,TCGA-T9-A92H,TCGA-T9-A92H-01Z-00-DX3,0,0.008945222,0
non-tumour/TCGA-T9-A92H-01Z-00-DX3_27648_16384.jpg,TCGA-T9-A92H,TCGA-T9-A92H-01Z-00-DX3,0,0.34722492,0
non-tumour/TCGA-T9-A92H-01Z-00-DX3_27648_17408.jpg,TCGA-T9-A92H,TCGA-T9-A92H-01Z-00-DX3,0,0.5285986,1
non-tumour/TCGA-T9-A92H-01Z-00-DX3_27648_18944.jpg,TCGA-T9-A92H,TCGA-T9-A92H-01Z-00-DX3,0,0.021908905,0
non-tumour/TCGA-T9-A92H-01Z-00-DX3_27648_19968.jpg,TCGA-T9-A92H,TCGA-T9-A92H-01Z-00-DX3,0,0.22659323,0
non-tumour/TCGA-T9-A92H-01Z-00-DX3_27648_22528.jpg,TCGA-T9-A92H,TCGA-T9-A92H-01Z-00-DX3,0,0.026795257,0
non-tumour/TCGA-T9-A92H-01Z-00-DX3_27648_23552.jpg,TCGA-T9-A92H,TCGA-T9-A92H-01Z-00-DX3,0,0.1860765,0
non-tumour/TCGA-T9-A92H-01Z-00-DX3_27648_24064.jpg,TCGA-T9-A92H,TCGA-T9-A92H-01Z-00-DX3,0,0.09011367,0
non-tumour/TCGA-T9-A92H-01Z-00-DX3_28160_10240.jpg,TCGA-T9-A92H,TCGA-T9-A92H-01Z-00-DX3,0,0.024111336,0
non-tumour/TCGA-T9-A92H-01Z-00-DX3_28160_11264.jpg,TCGA-T9-A92H,TCGA-T9-A92H-01Z-00-DX3,0,0.6383146,1
non-tumour/TCGA-T9-A92H-01Z-00-DX3_28160_14848.jpg,TCGA-T9-A92H,TCGA-T9-A92H-01Z-00-DX3,0,0.15070508,0
non-tumour/TCGA-T9-A92H-01Z-00-DX3_28160_16384.jpg,TCGA-T9-A92H,TCGA-T9-A92H-01Z-00-DX3,0,0.4456075,0
non-tumour/TCGA-T9-A92H-01Z-00-DX3_28160_16896.jpg,TCGA-T9-A92H,TCGA-T9-A92H-01Z-00-DX3,0,0.27425808,0
non-tumour/TCGA-T9-A92H-01Z-00-DX3_28160_17408.jpg,TCGA-T9-A92H,TCGA-T9-A92H-01Z-00-DX3,0,0.5945143,1
non-tumour/TCGA-T9-A92H-01Z-00-DX3_28160_17920.jpg,TCGA-T9-A92H,TCGA-T9-A92H-01Z-00-DX3,0,0.11084335,0
non-tumour/TCGA-T9-A92H-01Z-00-DX3_28160_18432.jpg,TCGA-T9-A92H,TCGA-T9-A92H-01Z-00-DX3,0,0.02983513,0
non-tumour/TCGA-T9-A92H-01Z-00-DX3_28160_19456.jpg,TCGA-T9-A92H,TCGA-T9-A92H-01Z-00-DX3,0,0.10323109,0
non-tumour/TCGA-T9-A92H-01Z-00-DX3_28160_19968.jpg,TCGA-T9-A92H,TCGA-T9-A92H-01Z-00-DX3,0,0.26475486,0
non-tumour/TCGA-T9-A92H-01Z-00-DX3_28160_20480.jpg,TCGA-T9-A92H,TCGA-T9-A92H-01Z-00-DX3,0,0.05595629,0
non-tumour/TCGA-T9-A92H-01Z-00-DX3_28160_20992.jpg,TCGA-T9-A92H,TCGA-T9-A92H-01Z-00-DX3,0,0.15713985,0
non-tumour/TCGA-T9-A92H-01Z-00-DX3_28672_10240.jpg,TCGA-T9-A92H,TCGA-T9-A92H-01Z-00-DX3,0,0.10948195,0
non-tumour/TCGA-T9-A92H-01Z-00-DX3_28672_10752.jpg,TCGA-T9-A92H,TCGA-T9-A92H-01Z-00-DX3,0,0.17379557,0
non-tumour/TCGA-T9-A92H-01Z-00-DX3_28672_12288.jpg,TCGA-T9-A92H,TCGA-T9-A92H-01Z-00-DX3,0,0.04241171,0
non-tumour/TCGA-T9-A92H-01Z-00-DX3_28672_15872.jpg,TCGA-T9-A92H,TCGA-T9-A92H-01Z-00-DX3,0,0.004306029,0
non-tumour/TCGA-T9-A92H-01Z-00-DX3_28672_16384.jpg,TCGA-T9-A92H,TCGA-T9-A92H-01Z-00-DX3,0,0.6186211,1
non-tumour/TCGA-T9-A92H-01Z-00-DX3_28672_17920.jpg,TCGA-T9-A92H,TCGA-T9-A92H-01Z-00-DX3,0,0.76226914,1
non-tumour/TCGA-T9-A92H-01Z-00-DX3_28672_18944.jpg,TCGA-T9-A92H,TCGA-T9-A92H-01Z-00-DX3,0,0.03384527,0
non-tumour/TCGA-T9-A92H-01Z-00-DX3_28672_22016.jpg,TCGA-T9-A92H,TCGA-T9-A92H-01Z-00-DX3,0,0.15120958,0
non-tumour/TCGA-T9-A92H-01Z-00-DX3_29184_11264.jpg,TCGA-T9-A92H,TCGA-T9-A92H-01Z-00-DX3,0,0.4461012,0
non-tumour/TCGA-T9-A92H-01Z-00-DX3_29184_12288.jpg,TCGA-T9-A92H,TCGA-T9-A92H-01Z-00-DX3,0,0.0481689,0
non-tumour/TCGA-T9-A92H-01Z-00-DX3_29184_13312.jpg,TCGA-T9-A92H,TCGA-T9-A92H-01Z-00-DX3,0,0.26211265,0
non-tumour/TCGA-T9-A92H-01Z-00-DX3_29184_14848.jpg,TCGA-T9-A92H,TCGA-T9-A92H-01Z-00-DX3,0,0.5312948,1
non-tumour/TCGA-T9-A92H-01Z-00-DX3_29184_17408.jpg,TCGA-T9-A92H,TCGA-T9-A92H-01Z-00-DX3,0,0.554683,1
non-tumour/TCGA-T9-A92H-01Z-00-DX3_29184_19968.jpg,TCGA-T9-A92H,TCGA-T9-A92H-01Z-00-DX3,0,0.29309154,0
non-tumour/TCGA-T9-A92H-01Z-00-DX3_29184_20480.jpg,TCGA-T9-A92H,TCGA-T9-A92H-01Z-00-DX3,0,0.35549134,0
non-tumour/TCGA-T9-A92H-01Z-00-DX3_29184_20992.jpg,TCGA-T9-A92H,TCGA-T9-A92H-01Z-00-DX3,0,0.100345574,0
non-tumour/TCGA-T9-A92H-01Z-00-DX3_29184_22528.jpg,TCGA-T9-A92H,TCGA-T9-A92H-01Z-00-DX3,0,0.3333515,0
non-tumour/TCGA-T9-A92H-01Z-00-DX3_29184_23040.jpg,TCGA-T9-A92H,TCGA-T9-A92H-01Z-00-DX3,0,0.101857685,0
non-tumour/TCGA-T9-A92H-01Z-00-DX3_29696_10240.jpg,TCGA-T9-A92H,TCGA-T9-A92H-01Z-00-DX3,0,0.065527156,0
non-tumour/TCGA-T9-A92H-01Z-00-DX3_29696_11264.jpg,TCGA-T9-A92H,TCGA-T9-A92H-01Z-00-DX3,0,0.26664233,0
non-tumour/TCGA-T9-A92H-01Z-00-DX3_29696_12288.jpg,TCGA-T9-A92H,TCGA-T9-A92H-01Z-00-DX3,0,0.3210081,0
non-tumour/TCGA-T9-A92H-01Z-00-DX3_29696_13312.jpg,TCGA-T9-A92H,TCGA-T9-A92H-01Z-00-DX3,0,0.33886334,0
non-tumour/TCGA-T9-A92H-01Z-00-DX3_29696_14336.jpg,TCGA-T9-A92H,TCGA-T9-A92H-01Z-00-DX3,0,0.444377,0
non-tumour/TCGA-T9-A92H-01Z-00-DX3_29696_14848.jpg,TCGA-T9-A92H,TCGA-T9-A92H-01Z-00-DX3,0,0.19556993,0
non-tumour/TCGA-T9-A92H-01Z-00-DX3_29696_15360.jpg,TCGA-T9-A92H,TCGA-T9-A92H-01Z-00-DX3,0,0.65989304,1
non-tumour/TCGA-T9-A92H-01Z-00-DX3_29696_15872.jpg,TCGA-T9-A92H,TCGA-T9-A92H-01Z-00-DX3,0,0.31032658,0
non-tumour/TCGA-T9-A92H-01Z-00-DX3_29696_16384.jpg,TCGA-T9-A92H,TCGA-T9-A92H-01Z-00-DX3,0,0.18639006,0
non-tumour/TCGA-T9-A92H-01Z-00-DX3_29696_18944.jpg,TCGA-T9-A92H,TCGA-T9-A92H-01Z-00-DX3,0,0.6068541,1
non-tumour/TCGA-T9-A92H-01Z-00-DX3_29696_19456.jpg,TCGA-T9-A92H,TCGA-T9-A92H-01Z-00-DX3,0,0.060513355,0
non-tumour/TCGA-T9-A92H-01Z-00-DX3_29696_20480.jpg,TCGA-T9-A92H,TCGA-T9-A92H-01Z-00-DX3,0,0.41437936,0
non-tumour/TCGA-T9-A92H-01Z-00-DX3_29696_20992.jpg,TCGA-T9-A92H,TCGA-T9-A92H-01Z-00-DX3,0,0.17924975,0
non-tumour/TCGA-T9-A92H-01Z-00-DX3_29696_21504.jpg,TCGA-T9-A92H,TCGA-T9-A92H-01Z-00-DX3,0,0.28659344,0
non-tumour/TCGA-T9-A92H-01Z-00-DX3_29696_22016.jpg,TCGA-T9-A92H,TCGA-T9-A92H-01Z-00-DX3,0,0.35169134,0
non-tumour/TCGA-T9-A92H-01Z-00-DX3_29696_22528.jpg,TCGA-T9-A92H,TCGA-T9-A92H-01Z-00-DX3,0,0.4376863,0
non-tumour/TCGA-T9-A92H-01Z-00-DX3_30208_11776.jpg,TCGA-T9-A92H,TCGA-T9-A92H-01Z-00-DX3,0,0.14918965,0
non-tumour/TCGA-T9-A92H-01Z-00-DX3_30208_13312.jpg,TCGA-T9-A92H,TCGA-T9-A92H-01Z-00-DX3,0,0.23893723,0
non-tumour/TCGA-T9-A92H-01Z-00-DX3_30208_13824.jpg,TCGA-T9-A92H,TCGA-T9-A92H-01Z-00-DX3,0,0.27276573,0
non-tumour/TCGA-T9-A92H-01Z-00-DX3_30208_14336.jpg,TCGA-T9-A92H,TCGA-T9-A92H-01Z-00-DX3,0,0.30264935,0
non-tumour/TCGA-T9-A92H-01Z-00-DX3_30208_14848.jpg,TCGA-T9-A92H,TCGA-T9-A92H-01Z-00-DX3,0,0.39523152,0
non-tumour/TCGA-T9-A92H-01Z-00-DX3_30208_15360.jpg,TCGA-T9-A92H,TCGA-T9-A92H-01Z-00-DX3,0,0.32334405,0
non-tumour/TCGA-T9-A92H-01Z-00-DX3_30208_15872.jpg,TCGA-T9-A92H,TCGA-T9-A92H-01Z-00-DX3,0,0.4276174,0
non-tumour/TCGA-T9-A92H-01Z-00-DX3_30208_17408.jpg,TCGA-T9-A92H,TCGA-T9-A92H-01Z-00-DX3,0,0.16564089,0
non-tumour/TCGA-T9-A92H-01Z-00-DX3_30208_17920.jpg,TCGA-T9-A92H,TCGA-T9-A92H-01Z-00-DX3,0,0.69119966,1
non-tumour/TCGA-T9-A92H-01Z-00-DX3_30208_18432.jpg,TCGA-T9-A92H,TCGA-T9-A92H-01Z-00-DX3,0,0.2567634,0
non-tumour/TCGA-T9-A92H-01Z-00-DX3_30208_19968.jpg,TCGA-T9-A92H,TCGA-T9-A92H-01Z-00-DX3,0,0.66703206,1
non-tumour/TCGA-T9-A92H-01Z-00-DX3_30208_20992.jpg,TCGA-T9-A92H,TCGA-T9-A92H-01Z-00-DX3,0,0.7286748,1
non-tumour/TCGA-T9-A92H-01Z-00-DX3_30208_21504.jpg,TCGA-T9-A92H,TCGA-T9-A92H-01Z-00-DX3,0,0.3558934,0
non-tumour/TCGA-T9-A92H-01Z-00-DX3_30720_10752.jpg,TCGA-T9-A92H,TCGA-T9-A92H-01Z-00-DX3,0,0.008352476,0
non-tumour/TCGA-T9-A92H-01Z-00-DX3_30720_11264.jpg,TCGA-T9-A92H,TCGA-T9-A92H-01Z-00-DX3,0,0.19432178,0
non-tumour/TCGA-T9-A92H-01Z-00-DX3_30720_11776.jpg,TCGA-T9-A92H,TCGA-T9-A92H-01Z-00-DX3,0,0.25796437,0
non-tumour/TCGA-T9-A92H-01Z-00-DX3_30720_12800.jpg,TCGA-T9-A92H,TCGA-T9-A92H-01Z-00-DX3,0,0.31176677,0
non-tumour/TCGA-T9-A92H-01Z-00-DX3_30720_13824.jpg,TCGA-T9-A92H,TCGA-T9-A92H-01Z-00-DX3,0,0.8398585,1
non-tumour/TCGA-T9-A92H-01Z-00-DX3_30720_14848.jpg,TCGA-T9-A92H,TCGA-T9-A92H-01Z-00-DX3,0,0.16348068,0
non-tumour/TCGA-T9-A92H-01Z-00-DX3_30720_15360.jpg,TCGA-T9-A92H,TCGA-T9-A92H-01Z-00-DX3,0,0.47118413,0
non-tumour/TCGA-T9-A92H-01Z-00-DX3_30720_15872.jpg,TCGA-T9-A92H,TCGA-T9-A92H-01Z-00-DX3,0,0.58962023,1
non-tumour/TCGA-T9-A92H-01Z-00-DX3_30720_16896.jpg,TCGA-T9-A92H,TCGA-T9-A92H-01Z-00-DX3,0,0.2583964,0
non-tumour/TCGA-T9-A92H-01Z-00-DX3_30720_18944.jpg,TCGA-T9-A92H,TCGA-T9-A92H-01Z-00-DX3,0,0.53867906,1
non-tumour/TCGA-T9-A92H-01Z-00-DX3_30720_19968.jpg,TCGA-T9-A92H,TCGA-T9-A92H-01Z-00-DX3,0,0.45086187,0
non-tumour/TCGA-T9-A92H-01Z-00-DX3_30720_20480.jpg,TCGA-T9-A92H,TCGA-T9-A92H-01Z-00-DX3,0,0.46818045,0
non-tumour/TCGA-T9-A92H-01Z-00-DX3_31232_11776.jpg,TCGA-T9-A92H,TCGA-T9-A92H-01Z-00-DX3,0,0.050117075,0
non-tumour/TCGA-T9-A92H-01Z-00-DX3_31232_12288.jpg,TCGA-T9-A92H,TCGA-T9-A92H-01Z-00-DX3,0,0.81182784,1
non-tumour/TCGA-T9-A92H-01Z-00-DX3_31232_13312.jpg,TCGA-T9-A92H,TCGA-T9-A92H-01Z-00-DX3,0,0.031216962,0
non-tumour/TCGA-T9-A92H-01Z-00-DX3_31232_13824.jpg,TCGA-T9-A92H,TCGA-T9-A92H-01Z-00-DX3,0,0.6865839,1
non-tumour/TCGA-T9-A92H-01Z-00-DX3_31232_15872.jpg,TCGA-T9-A92H,TCGA-T9-A92H-01Z-00-DX3,0,0.33155552,0
non-tumour/TCGA-T9-A92H-01Z-00-DX3_31232_19456.jpg,TCGA-T9-A92H,TCGA-T9-A92H-01Z-00-DX3,0,0.22126935,0
non-tumour/TCGA-T9-A92H-01Z-00-DX3_31232_19968.jpg,TCGA-T9-A92H,TCGA-T9-A92H-01Z-00-DX3,0,0.9069388,1
non-tumour/TCGA-T9-A92H-01Z-00-DX3_31744_12288.jpg,TCGA-T9-A92H,TCGA-T9-A92H-01Z-00-DX3,0,0.67411536,1
non-tumour/TCGA-T9-A92H-01Z-00-DX3_31744_12800.jpg,TCGA-T9-A92H,TCGA-T9-A92H-01Z-00-DX3,0,0.5568998,1
non-tumour/TCGA-T9-A92H-01Z-00-DX3_31744_13312.jpg,TCGA-T9-A92H,TCGA-T9-A92H-01Z-00-DX3,0,0.2145924,0
non-tumour/TCGA-T9-A92H-01Z-00-DX3_31744_13824.jpg,TCGA-T9-A92H,TCGA-T9-A92H-01Z-00-DX3,0,0.52042425,1
non-tumour/TCGA-T9-A92H-01Z-00-DX3_31744_14336.jpg,TCGA-T9-A92H,TCGA-T9-A92H-01Z-00-DX3,0,0.0104605835,0
non-tumour/TCGA-T9-A92H-01Z-00-DX3_31744_16384.jpg,TCGA-T9-A92H,TCGA-T9-A92H-01Z-00-DX3,0,0.5034992,1
non-tumour/TCGA-T9-A92H-01Z-00-DX3_31744_17408.jpg,TCGA-T9-A92H,TCGA-T9-A92H-01Z-00-DX3,0,0.1574285,0
non-tumour/TCGA-T9-A92H-01Z-00-DX3_31744_17920.jpg,TCGA-T9-A92H,TCGA-T9-A92H-01Z-00-DX3,0,0.53159755,1
non-tumour/TCGA-T9-A92H-01Z-00-DX3_31744_18432.jpg,TCGA-T9-A92H,TCGA-T9-A92H-01Z-00-DX3,0,0.5988753,1
non-tumour/TCGA-T9-A92H-01Z-00-DX3_31744_18944.jpg,TCGA-T9-A92H,TCGA-T9-A92H-01Z-00-DX3,0,0.79225874,1
non-tumour/TCGA-T9-A92H-01Z-00-DX3_31744_19456.jpg,TCGA-T9-A92H,TCGA-T9-A92H-01Z-00-DX3,0,0.21093902,0
non-tumour/TCGA-T9-A92H-01Z-00-DX3_32256_13824.jpg,TCGA-T9-A92H,TCGA-T9-A92H-01Z-00-DX3,0,0.022144899,0
non-tumour/TCGA-T9-A92H-01Z-00-DX3_32256_14336.jpg,TCGA-T9-A92H,TCGA-T9-A92H-01Z-00-DX3,0,0.12837873,0
non-tumour/TCGA-T9-A92H-01Z-00-DX3_32256_15360.jpg,TCGA-T9-A92H,TCGA-T9-A92H-01Z-00-DX3,0,0.056592368,0
non-tumour/TCGA-T9-A92H-01Z-00-DX3_32256_15872.jpg,TCGA-T9-A92H,TCGA-T9-A92H-01Z-00-DX3,0,0.050276373,0
non-tumour/TCGA-T9-A92H-01Z-00-DX3_32256_16384.jpg,TCGA-T9-A92H,TCGA-T9-A92H-01Z-00-DX3,0,0.03597307,0
non-tumour/TCGA-T9-A92H-01Z-00-DX3_32256_16896.jpg,TCGA-T9-A92H,TCGA-T9-A92H-01Z-00-DX3,0,0.3421866,0
non-tumour/TCGA-T9-A92H-01Z-00-DX3_32256_17408.jpg,TCGA-T9-A92H,TCGA-T9-A92H-01Z-00-DX3,0,0.40938,0
non-tumour/TCGA-T9-A92H-01Z-00-DX3_32256_17920.jpg,TCGA-T9-A92H,TCGA-T9-A92H-01Z-00-DX3,0,0.18997242,0
non-tumour/TCGA-T9-A92H-01Z-00-DX3_32256_18432.jpg,TCGA-T9-A92H,TCGA-T9-A92H-01Z-00-DX3,0,0.084498376,0
tumour/TCGA-AD-A5EJ-01Z-00-DX1_12800_8192.jpg,TCGA-AD-A5EJ,TCGA-AD-A5EJ-01Z-00-DX1,1,0.99999464,1
tumour/TCGA-AD-A5EJ-01Z-00-DX1_13312_7680.jpg,TCGA-AD-A5EJ,TCGA-AD-A5EJ-01Z-00-DX1,1,0.9997557,1
tumour/TCGA-AD-A5EJ-01Z-00-DX1_13312_8704.jpg,TCGA-AD-A5EJ,TCGA-AD-A5EJ-01Z-00-DX1,1,0.9998517,1
tumour/TCGA-AD-A5EJ-01Z-00-DX1_13312_9216.jpg,TCGA-AD-A5EJ,TCGA-AD-A5EJ-01Z-00-DX1,1,0.9999738,1
tumour/TCGA-AD-A5EJ-01Z-00-DX1_13824_9216.jpg,TCGA-AD-A5EJ,TCGA-AD-A5EJ-01Z-00-DX1,1,0.99999166,1
tumour/TCGA-AD-A5EJ-01Z-00-DX1_13824_9728.jpg,TCGA-AD-A5EJ,TCGA-AD-A5EJ-01Z-00-DX1,1,0.9999229,1
tumour/TCGA-AD-A5EJ-01Z-00-DX1_14336_7680.jpg,TCGA-AD-A5EJ,TCGA-AD-A5EJ-01Z-00-DX1,1,0.9999732,1
tumour/TCGA-AD-A5EJ-01Z-00-DX1_14336_8704.jpg,TCGA-AD-A5EJ,TCGA-AD-A5EJ-01Z-00-DX1,1,0.9997217,1
tumour/TCGA-AD-A5EJ-01Z-00-DX1_14848_8192.jpg,TCGA-AD-A5EJ,TCGA-AD-A5EJ-01Z-00-DX1,1,0.99992657,1
tumour/TCGA-AD-A5EJ-01Z-00-DX1_3584_8704.jpg,TCGA-AD-A5EJ,TCGA-AD-A5EJ-01Z-00-DX1,1,0.9998029,1
tumour/TCGA-AD-A5EJ-01Z-00-DX1_4096_7680.jpg,TCGA-AD-A5EJ,TCGA-AD-A5EJ-01Z-00-DX1,1,0.9997874,1
tumour/TCGA-AD-A5EJ-01Z-00-DX1_4096_8192.jpg,TCGA-AD-A5EJ,TCGA-AD-A5EJ-01Z-00-DX1,1,0.99996245,1
tumour/TCGA-AD-A5EJ-01Z-00-DX1_4096_8704.jpg,TCGA-AD-A5EJ,TCGA-AD-A5EJ-01Z-00-DX1,1,0.99996567,1
tumour/TCGA-AD-A5EJ-01Z-00-DX1_4608_6144.jpg,TCGA-AD-A5EJ,TCGA-AD-A5EJ-01Z-00-DX1,1,0.99995387,1
tumour/TCGA-AD-A5EJ-01Z-00-DX1_4608_6656.jpg,TCGA-AD-A5EJ,TCGA-AD-A5EJ-01Z-00-DX1,1,0.9999223,1
tumour/TCGA-AD-A5EJ-01Z-00-DX1_4608_7168.jpg,TCGA-AD-A5EJ,TCGA-AD-A5EJ-01Z-00-DX1,1,0.99999404,1
tumour/TCGA-AD-A5EJ-01Z-00-DX1_4608_8192.jpg,TCGA-AD-A5EJ,TCGA-AD-A5EJ-01Z-00-DX1,1,0.99999714,1
tumour/TCGA-AD-A5EJ-01Z-00-DX1_5120_10240.jpg,TCGA-AD-A5EJ,TCGA-AD-A5EJ-01Z-00-DX1,1,0.99999964,1
tumour/TCGA-AD-A5EJ-01Z-00-DX1_5120_6144.jpg,TCGA-AD-A5EJ,TCGA-AD-A5EJ-01Z-00-DX1,1,0.99999857,1
tumour/TCGA-AD-A5EJ-01Z-00-DX1_5120_6656.jpg,TCGA-AD-A5EJ,TCGA-AD-A5EJ-01Z-00-DX1,1,0.9998983,1
tumour/TCGA-AD-A5EJ-01Z-00-DX1_5120_7168.jpg,TCGA-AD-A5EJ,TCGA-AD-A5EJ-01Z-00-DX1,1,0.9999969,1
tumour/TCGA-AD-A5EJ-01Z-00-DX1_5120_8192.jpg,TCGA-AD-A5EJ,TCGA-AD-A5EJ-01Z-00-DX1,1,0.99999917,1
tumour/TCGA-AD-A5EJ-01Z-00-DX1_5120_9216.jpg,TCGA-AD-A5EJ,TCGA-AD-A5EJ-01Z-00-DX1,1,0.9999821,1
tumour/TCGA-AD-A5EJ-01Z-00-DX1_5120_9728.jpg,TCGA-AD-A5EJ,TCGA-AD-A5EJ-01Z-00-DX1,1,0.99999905,1
tumour/TCGA-AD-A5EJ-01Z-00-DX1_5632_10752.jpg,TCGA-AD-A5EJ,TCGA-AD-A5EJ-01Z-00-DX1,1,0.99999774,1
tumour/TCGA-AD-A5EJ-01Z-00-DX1_5632_5632.jpg,TCGA-AD-A5EJ,TCGA-AD-A5EJ-01Z-00-DX1,1,0.9999958,1
tumour/TCGA-AD-A5EJ-01Z-00-DX1_5632_7680.jpg,TCGA-AD-A5EJ,TCGA-AD-A5EJ-01Z-00-DX1,1,0.99999785,1
tumour/TCGA-AD-A5EJ-01Z-00-DX1_5632_8192.jpg,TCGA-AD-A5EJ,TCGA-AD-A5EJ-01Z-00-DX1,1,0.9999951,1
tumour/TCGA-AD-A5EJ-01Z-00-DX1_5632_8704.jpg,TCGA-AD-A5EJ,TCGA-AD-A5EJ-01Z-00-DX1,1,0.99998343,1
tumour/TCGA-AD-A5EJ-01Z-00-DX1_6144_10752.jpg,TCGA-AD-A5EJ,TCGA-AD-A5EJ-01Z-00-DX1,1,0.9999938,1
tumour/TCGA-AD-A5EJ-01Z-00-DX1_6144_6144.jpg,TCGA-AD-A5EJ,TCGA-AD-A5EJ-01Z-00-DX1,1,0.9999354,1
tumour/TCGA-AD-A5EJ-01Z-00-DX1_6144_6656.jpg,TCGA-AD-A5EJ,TCGA-AD-A5EJ-01Z-00-DX1,1,0.9990515,1
tumour/TCGA-AD-A5EJ-01Z-00-DX1_6144_8192.jpg,TCGA-AD-A5EJ,TCGA-AD-A5EJ-01Z-00-DX1,1,0.9997242,1
tumour/TCGA-AD-A5EJ-01Z-00-DX1_6144_8704.jpg,TCGA-AD-A5EJ,TCGA-AD-A5EJ-01Z-00-DX1,1,0.99999964,1
tumour/TCGA-AD-A5EJ-01Z-00-DX1_6144_9728.jpg,TCGA-AD-A5EJ,TCGA-AD-A5EJ-01Z-00-DX1,1,0.9999995,1
tumour/TCGA-AD-A5EJ-01Z-00-DX1_6656_10240.jpg,TCGA-AD-A5EJ,TCGA-AD-A5EJ-01Z-00-DX1,1,0.9999951,1
tumour/TCGA-AD-A5EJ-01Z-00-DX1_6656_6144.jpg,TCGA-AD-A5EJ,TCGA-AD-A5EJ-01Z-00-DX1,1,0.99981934,1
tumour/TCGA-AD-A5EJ-01Z-00-DX1_6656_7680.jpg,TCGA-AD-A5EJ,TCGA-AD-A5EJ-01Z-00-DX1,1,0.9999994,1
tumour/TCGA-AD-A5EJ-01Z-00-DX1_6656_8704.jpg,TCGA-AD-A5EJ,TCGA-AD-A5EJ-01Z-00-DX1,1,0.99986506,1
tumour/TCGA-AD-A5EJ-01Z-00-DX1_6656_9216.jpg,TCGA-AD-A5EJ,TCGA-AD-A5EJ-01Z-00-DX1,1,0.99999857,1
tumour/TCGA-AD-A5EJ-01Z-00-DX1_7168_10240.jpg,TCGA-AD-A5EJ,TCGA-AD-A5EJ-01Z-00-DX1,1,0.9999962,1
tumour/TCGA-AD-A5EJ-01Z-00-DX1_7168_11264.jpg,TCGA-AD-A5EJ,TCGA-AD-A5EJ-01Z-00-DX1,1,0.9999958,1
tumour/TCGA-AD-A5EJ-01Z-00-DX1_7168_7680.jpg,TCGA-AD-A5EJ,TCGA-AD-A5EJ-01Z-00-DX1,1,0.9999944,1
tumour/TCGA-AD-A5EJ-01Z-00-DX1_7168_8192.jpg,TCGA-AD-A5EJ,TCGA-AD-A5EJ-01Z-00-DX1,1,0.9999988,1
tumour/TCGA-AD-A5EJ-01Z-00-DX1_7168_8704.jpg,TCGA-AD-A5EJ,TCGA-AD-A5EJ-01Z-00-DX1,1,0.99998605,1
tumour/TCGA-AD-A5EJ-01Z-00-DX1_7168_9728.jpg,TCGA-AD-A5EJ,TCGA-AD-A5EJ-01Z-00-DX1,1,0.99999905,1
tumour/TCGA-AD-A5EJ-01Z-00-DX1_7680_10240.jpg,TCGA-AD-A5EJ,TCGA-AD-A5EJ-01Z-00-DX1,1,0.9999621,1
tumour/TCGA-AD-A5EJ-01Z-00-DX1_7680_8192.jpg,TCGA-AD-A5EJ,TCGA-AD-A5EJ-01Z-00-DX1,1,0.9999063,1
tumour/TCGA-AD-A5EJ-01Z-00-DX1_7680_9216.jpg,TCGA-AD-A5EJ,TCGA-AD-A5EJ-01Z-00-DX1,1,0.9998448,1
tumour/TCGA-AD-A5EJ-01Z-00-DX1_7680_9728.jpg,TCGA-AD-A5EJ,TCGA-AD-A5EJ-01Z-00-DX1,1,0.99998546,1
tumour/TCGA-AD-A5EJ-01Z-00-DX1_8192_10240.jpg,TCGA-AD-A5EJ,TCGA-AD-A5EJ-01Z-00-DX1,1,0.9999796,1
tumour/TCGA-AD-A5EJ-01Z-00-DX1_8192_8192.jpg,TCGA-AD-A5EJ,TCGA-AD-A5EJ-01Z-00-DX1,1,0.99998665,1
tumour/TCGA-AD-A5EJ-01Z-00-DX1_8192_8704.jpg,TCGA-AD-A5EJ,TCGA-AD-A5EJ-01Z-00-DX1,1,0.99997914,1
tumour/TCGA-AD-A5EJ-01Z-00-DX1_8192_9728.jpg,TCGA-AD-A5EJ,TCGA-AD-A5EJ-01Z-00-DX1,1,0.999938,1
tumour/TCGA-AD-A5EJ-01Z-00-DX1_9216_9216.jpg,TCGA-AD-A5EJ,TCGA-AD-A5EJ-01Z-00-DX1,1,0.9999951,1
tumour/TCGA-AG-3882-01Z-00-DX1_1536_8704.jpg,TCGA-AG-3882,TCGA-AG-3882-01Z-00-DX1,1,0.999948,1
tumour/TCGA-AG-3882-01Z-00-DX1_1536_9728.jpg,TCGA-AG-3882,TCGA-AG-3882-01Z-00-DX1,1,0.9997067,1
tumour/TCGA-AG-3882-01Z-00-DX1_2048_10240.jpg,TCGA-AG-3882,TCGA-AG-3882-01Z-00-DX1,1,0.9991721,1
tumour/TCGA-AG-3882-01Z-00-DX1_2048_6656.jpg,TCGA-AG-3882,TCGA-AG-3882-01Z-00-DX1,1,0.9959812,1
tumour/TCGA-AG-3882-01Z-00-DX1_2048_8704.jpg,TCGA-AG-3882,TCGA-AG-3882-01Z-00-DX1,1,0.99104214,1
tumour/TCGA-AG-3882-01Z-00-DX1_2048_9216.jpg,TCGA-AG-3882,TCGA-AG-3882-01Z-00-DX1,1,0.99978536,1
tumour/TCGA-AG-3882-01Z-00-DX1_2560_10752.jpg,TCGA-AG-3882,TCGA-AG-3882-01Z-00-DX1,1,0.9991648,1
tumour/TCGA-AG-3882-01Z-00-DX1_2560_6144.jpg,TCGA-AG-3882,TCGA-AG-3882-01Z-00-DX1,1,0.9999583,1
tumour/TCGA-AG-3882-01Z-00-DX1_2560_6656.jpg,TCGA-AG-3882,TCGA-AG-3882-01Z-00-DX1,1,0.9997732,1
tumour/TCGA-AG-3882-01Z-00-DX1_2560_7168.jpg,TCGA-AG-3882,TCGA-AG-3882-01Z-00-DX1,1,0.9999145,1
tumour/TCGA-AG-3882-01Z-00-DX1_2560_7680.jpg,TCGA-AG-3882,TCGA-AG-3882-01Z-00-DX1,1,0.9998746,1
tumour/TCGA-AG-3882-01Z-00-DX1_2560_8704.jpg,TCGA-AG-3882,TCGA-AG-3882-01Z-00-DX1,1,0.9997876,1
tumour/TCGA-AG-3882-01Z-00-DX1_2560_9728.jpg,TCGA-AG-3882,TCGA-AG-3882-01Z-00-DX1,1,0.99743587,1
tumour/TCGA-AG-3882-01Z-00-DX1_3072_10752.jpg,TCGA-AG-3882,TCGA-AG-3882-01Z-00-DX1,1,0.9979234,1
tumour/TCGA-AG-3882-01Z-00-DX1_3072_5120.jpg,TCGA-AG-3882,TCGA-AG-3882-01Z-00-DX1,1,0.9999182,1
tumour/TCGA-AG-3882-01Z-00-DX1_3072_5632.jpg,TCGA-AG-3882,TCGA-AG-3882-01Z-00-DX1,1,0.99934036,1
tumour/TCGA-AG-3882-01Z-00-DX1_3072_6144.jpg,TCGA-AG-3882,TCGA-AG-3882-01Z-00-DX1,1,0.99897146,1
tumour/TCGA-AG-3882-01Z-00-DX1_3072_7680.jpg,TCGA-AG-3882,TCGA-AG-3882-01Z-00-DX1,1,0.9997261,1
tumour/TCGA-AG-3882-01Z-00-DX1_3072_8192.jpg,TCGA-AG-3882,TCGA-AG-3882-01Z-00-DX1,1,0.9992674,1
tumour/TCGA-AG-3882-01Z-00-DX1_3072_9728.jpg,TCGA-AG-3882,TCGA-AG-3882-01Z-00-DX1,1,0.9991903,1
tumour/TCGA-AG-3882-01Z-00-DX1_3584_11264.jpg,TCGA-AG-3882,TCGA-AG-3882-01Z-00-DX1,1,0.99752957,1
tumour/TCGA-AG-3882-01Z-00-DX1_3584_5120.jpg,TCGA-AG-3882,TCGA-AG-3882-01Z-00-DX1,1,0.9998455,1
tumour/TCGA-AG-3882-01Z-00-DX1_3584_6144.jpg,TCGA-AG-3882,TCGA-AG-3882-01Z-00-DX1,1,0.99989283,1
tumour/TCGA-AG-3882-01Z-00-DX1_3584_6656.jpg,TCGA-AG-3882,TCGA-AG-3882-01Z-00-DX1,1,0.99912053,1
tumour/TCGA-AG-3882-01Z-00-DX1_3584_7168.jpg,TCGA-AG-3882,TCGA-AG-3882-01Z-00-DX1,1,0.99680173,1
tumour/TCGA-AG-3882-01Z-00-DX1_3584_8192.jpg,TCGA-AG-3882,TCGA-AG-3882-01Z-00-DX1,1,0.99937254,1
tumour/TCGA-AG-3882-01Z-00-DX1_3584_8704.jpg,TCGA-AG-3882,TCGA-AG-3882-01Z-00-DX1,1,0.98930675,1
tumour/TCGA-AG-3882-01Z-00-DX1_4096_10752.jpg,TCGA-AG-3882,TCGA-AG-3882-01Z-00-DX1,1,0.99924505,1
tumour/TCGA-AG-3882-01Z-00-DX1_4096_13312.jpg,TCGA-AG-3882,TCGA-AG-3882-01Z-00-DX1,1,0.99942267,1
tumour/TCGA-AG-3882-01Z-00-DX1_4096_3072.jpg,TCGA-AG-3882,TCGA-AG-3882-01Z-00-DX1,1,0.99650013,1
tumour/TCGA-AG-3882-01Z-00-DX1_4096_3584.jpg,TCGA-AG-3882,TCGA-AG-3882-01Z-00-DX1,1,0.9988432,1
tumour/TCGA-AG-3882-01Z-00-DX1_4096_4096.jpg,TCGA-AG-3882,TCGA-AG-3882-01Z-00-DX1,1,0.99944216,1
tumour/TCGA-AG-3882-01Z-00-DX1_4096_5632.jpg,TCGA-AG-3882,TCGA-AG-3882-01Z-00-DX1,1,0.99990714,1
tumour/TCGA-AG-3882-01Z-00-DX1_4096_7168.jpg,TCGA-AG-3882,TCGA-AG-3882-01Z-00-DX1,1,0.9750666,1
tumour/TCGA-AG-3882-01Z-00-DX1_4096_7680.jpg,TCGA-AG-3882,TCGA-AG-3882-01Z-00-DX1,1,0.9971957,1
tumour/TCGA-AG-3882-01Z-00-DX1_4096_8704.jpg,TCGA-AG-3882,TCGA-AG-3882-01Z-00-DX1,1,0.9133618,1
tumour/TCGA-AG-3882-01Z-00-DX1_4096_9216.jpg,TCGA-AG-3882,TCGA-AG-3882-01Z-00-DX1,1,0.99968207,1
tumour/TCGA-AG-3882-01Z-00-DX1_4608_10240.jpg,TCGA-AG-3882,TCGA-AG-3882-01Z-00-DX1,1,0.99982244,1
tumour/TCGA-AG-3882-01Z-00-DX1_4608_11264.jpg,TCGA-AG-3882,TCGA-AG-3882-01Z-00-DX1,1,0.9999374,1
tumour/TCGA-AG-3882-01Z-00-DX1_4608_14336.jpg,TCGA-AG-3882,TCGA-AG-3882-01Z-00-DX1,1,0.96395653,1
tumour/TCGA-AG-3882-01Z-00-DX1_4608_3072.jpg,TCGA-AG-3882,TCGA-AG-3882-01Z-00-DX1,1,0.99702007,1
tumour/TCGA-AG-3882-01Z-00-DX1_4608_5632.jpg,TCGA-AG-3882,TCGA-AG-3882-01Z-00-DX1,1,0.9949609,1
tumour/TCGA-AG-3882-01Z-00-DX1_4608_6144.jpg,TCGA-AG-3882,TCGA-AG-3882-01Z-00-DX1,1,0.98768836,1
tumour/TCGA-AG-3882-01Z-00-DX1_4608_6656.jpg,TCGA-AG-3882,TCGA-AG-3882-01Z-00-DX1,1,0.9907575,1
tumour/TCGA-AG-3882-01Z-00-DX1_4608_7168.jpg,TCGA-AG-3882,TCGA-AG-3882-01Z-00-DX1,1,0.9996841,1
tumour/TCGA-AG-3882-01Z-00-DX1_4608_9728.jpg,TCGA-AG-3882,TCGA-AG-3882-01Z-00-DX1,1,0.9952271,1
tumour/TCGA-AG-3882-01Z-00-DX1_5120_10240.jpg,TCGA-AG-3882,TCGA-AG-3882-01Z-00-DX1,1,0.9998523,1
tumour/TCGA-AG-3882-01Z-00-DX1_5120_13824.jpg,TCGA-AG-3882,TCGA-AG-3882-01Z-00-DX1,1,0.9996662,1
tumour/TCGA-AG-3882-01Z-00-DX1_5120_14336.jpg,TCGA-AG-3882,TCGA-AG-3882-01Z-00-DX1,1,0.99872154,1
tumour/TCGA-AG-3882-01Z-00-DX1_5120_14848.jpg,TCGA-AG-3882,TCGA-AG-3882-01Z-00-DX1,1,0.9987098,1
tumour/TCGA-AG-3882-01Z-00-DX1_5120_15360.jpg,TCGA-AG-3882,TCGA-AG-3882-01Z-00-DX1,1,0.99973387,1
tumour/TCGA-AG-3882-01Z-00-DX1_5120_15872.jpg,TCGA-AG-3882,TCGA-AG-3882-01Z-00-DX1,1,0.99792,1
tumour/TCGA-AG-3882-01Z-00-DX1_5120_5120.jpg,TCGA-AG-3882,TCGA-AG-3882-01Z-00-DX1,1,0.79477274,1
tumour/TCGA-AG-3882-01Z-00-DX1_5120_5632.jpg,TCGA-AG-3882,TCGA-AG-3882-01Z-00-DX1,1,0.9982767,1
tumour/TCGA-AG-3882-01Z-00-DX1_5120_7680.jpg,TCGA-AG-3882,TCGA-AG-3882-01Z-00-DX1,1,0.9948454,1
tumour/TCGA-AG-3882-01Z-00-DX1_5120_8192.jpg,TCGA-AG-3882,TCGA-AG-3882-01Z-00-DX1,1,0.9926541,1
tumour/TCGA-AG-3882-01Z-00-DX1_5120_9728.jpg,TCGA-AG-3882,TCGA-AG-3882-01Z-00-DX1,1,0.9763564,1
tumour/TCGA-AG-3882-01Z-00-DX1_5632_10240.jpg,TCGA-AG-3882,TCGA-AG-3882-01Z-00-DX1,1,0.99960333,1
tumour/TCGA-AG-3882-01Z-00-DX1_5632_10752.jpg,TCGA-AG-3882,TCGA-AG-3882-01Z-00-DX1,1,0.9983103,1
tumour/TCGA-AG-3882-01Z-00-DX1_5632_11264.jpg,TCGA-AG-3882,TCGA-AG-3882-01Z-00-DX1,1,0.9991585,1
tumour/TCGA-AG-3882-01Z-00-DX1_5632_12800.jpg,TCGA-AG-3882,TCGA-AG-3882-01Z-00-DX1,1,0.9962165,1
tumour/TCGA-AG-3882-01Z-00-DX1_5632_13824.jpg,TCGA-AG-3882,TCGA-AG-3882-01Z-00-DX1,1,0.9990164,1
tumour/TCGA-AG-3882-01Z-00-DX1_5632_16384.jpg,TCGA-AG-3882,TCGA-AG-3882-01Z-00-DX1,1,0.99637693,1
tumour/TCGA-AG-3882-01Z-00-DX1_5632_3072.jpg,TCGA-AG-3882,TCGA-AG-3882-01Z-00-DX1,1,0.9990564,1
tumour/TCGA-AG-3882-01Z-00-DX1_5632_4608.jpg,TCGA-AG-3882,TCGA-AG-3882-01Z-00-DX1,1,0.9743035,1
tumour/TCGA-AG-3882-01Z-00-DX1_5632_5632.jpg,TCGA-AG-3882,TCGA-AG-3882-01Z-00-DX1,1,0.99802136,1
tumour/TCGA-AG-3882-01Z-00-DX1_5632_6656.jpg,TCGA-AG-3882,TCGA-AG-3882-01Z-00-DX1,1,0.9992619,1
tumour/TCGA-AG-3882-01Z-00-DX1_5632_7680.jpg,TCGA-AG-3882,TCGA-AG-3882-01Z-00-DX1,1,0.99993646,1
tumour/TCGA-AG-3882-01Z-00-DX1_5632_8704.jpg,TCGA-AG-3882,TCGA-AG-3882-01Z-00-DX1,1,0.995494,1
tumour/TCGA-AG-3882-01Z-00-DX1_6144_11264.jpg,TCGA-AG-3882,TCGA-AG-3882-01Z-00-DX1,1,0.9970795,1
tumour/TCGA-AG-3882-01Z-00-DX1_6144_13312.jpg,TCGA-AG-3882,TCGA-AG-3882-01Z-00-DX1,1,0.99940825,1
tumour/TCGA-AG-3882-01Z-00-DX1_6144_14336.jpg,TCGA-AG-3882,TCGA-AG-3882-01Z-00-DX1,1,0.9965892,1
tumour/TCGA-AG-3882-01Z-00-DX1_6144_14848.jpg,TCGA-AG-3882,TCGA-AG-3882-01Z-00-DX1,1,0.9842758,1
tumour/TCGA-AG-3882-01Z-00-DX1_6144_15872.jpg,TCGA-AG-3882,TCGA-AG-3882-01Z-00-DX1,1,0.99564856,1
tumour/TCGA-AG-3882-01Z-00-DX1_6144_3584.jpg,TCGA-AG-3882,TCGA-AG-3882-01Z-00-DX1,1,0.9980344,1
tumour/TCGA-AG-3882-01Z-00-DX1_6144_5120.jpg,TCGA-AG-3882,TCGA-AG-3882-01Z-00-DX1,1,0.995606,1
tumour/TCGA-AG-3882-01Z-00-DX1_6144_6144.jpg,TCGA-AG-3882,TCGA-AG-3882-01Z-00-DX1,1,0.9988821,1
tumour/TCGA-AG-3882-01Z-00-DX1_6144_6656.jpg,TCGA-AG-3882,TCGA-AG-3882-01Z-00-DX1,1,0.9908216,1
tumour/TCGA-AG-3882-01Z-00-DX1_6144_7168.jpg,TCGA-AG-3882,TCGA-AG-3882-01Z-00-DX1,1,0.9980616,1
tumour/TCGA-AG-3882-01Z-00-DX1_6144_7680.jpg,TCGA-AG-3882,TCGA-AG-3882-01Z-00-DX1,1,0.99938464,1
tumour/TCGA-AG-3882-01Z-00-DX1_6144_8192.jpg,TCGA-AG-3882,TCGA-AG-3882-01Z-00-DX1,1,0.999316,1
tumour/TCGA-AG-3882-01Z-00-DX1_6144_9216.jpg,TCGA-AG-3882,TCGA-AG-3882-01Z-00-DX1,1,0.999811,1
tumour/TCGA-AG-3882-01Z-00-DX1_6656_10240.jpg,TCGA-AG-3882,TCGA-AG-3882-01Z-00-DX1,1,0.8060494,1
tumour/TCGA-AG-3882-01Z-00-DX1_6656_11776.jpg,TCGA-AG-3882,TCGA-AG-3882-01Z-00-DX1,1,0.9937551,1
tumour/TCGA-AG-3882-01Z-00-DX1_6656_13312.jpg,TCGA-AG-3882,TCGA-AG-3882-01Z-00-DX1,1,0.99979967,1
tumour/TCGA-AG-3882-01Z-00-DX1_6656_14336.jpg,TCGA-AG-3882,TCGA-AG-3882-01Z-00-DX1,1,0.99992526,1
tumour/TCGA-AG-3882-01Z-00-DX1_6656_14848.jpg,TCGA-AG-3882,TCGA-AG-3882-01Z-00-DX1,1,0.9995937,1
tumour/TCGA-AG-3882-01Z-00-DX1_6656_8192.jpg,TCGA-AG-3882,TCGA-AG-3882-01Z-00-DX1,1,0.9994654,1
tumour/TCGA-AG-3882-01Z-00-DX1_6656_8704.jpg,TCGA-AG-3882,TCGA-AG-3882-01Z-00-DX1,1,0.9999713,1
tumour/TCGA-AG-3882-01Z-00-DX1_6656_9728.jpg,TCGA-AG-3882,TCGA-AG-3882-01Z-00-DX1,1,0.99974257,1
tumour/TCGA-AG-3882-01Z-00-DX1_7168_10752.jpg,TCGA-AG-3882,TCGA-AG-3882-01Z-00-DX1,1,0.9986992,1
tumour/TCGA-AG-3882-01Z-00-DX1_7168_12288.jpg,TCGA-AG-3882,TCGA-AG-3882-01Z-00-DX1,1,0.99578506,1
tumour/TCGA-AG-3882-01Z-00-DX1_7168_12800.jpg,TCGA-AG-3882,TCGA-AG-3882-01Z-00-DX1,1,0.99888426,1
tumour/TCGA-AG-3882-01Z-00-DX1_7168_14336.jpg,TCGA-AG-3882,TCGA-AG-3882-01Z-00-DX1,1,0.99968135,1
tumour/TCGA-AG-3882-01Z-00-DX1_7168_14848.jpg,TCGA-AG-3882,TCGA-AG-3882-01Z-00-DX1,1,0.9999864,1
tumour/TCGA-AG-3882-01Z-00-DX1_7168_15360.jpg,TCGA-AG-3882,TCGA-AG-3882-01Z-00-DX1,1,0.99898535,1
tumour/TCGA-AG-3882-01Z-00-DX1_7168_9216.jpg,TCGA-AG-3882,TCGA-AG-3882-01Z-00-DX1,1,0.1034212,0
tumour/TCGA-AG-3882-01Z-00-DX1_7168_9728.jpg,TCGA-AG-3882,TCGA-AG-3882-01Z-00-DX1,1,0.70644367,1
tumour/TCGA-AG-3882-01Z-00-DX1_7680_14336.jpg,TCGA-AG-3882,TCGA-AG-3882-01Z-00-DX1,1,0.99910223,1
tumour/TCGA-AG-3882-01Z-00-DX1_7680_9728.jpg,TCGA-AG-3882,TCGA-AG-3882-01Z-00-DX1,1,0.98865217,1
tumour/TCGA-CA-5796-01Z-00-DX1_10240_11264.jpg,TCGA-CA-5796,TCGA-CA-5796-01Z-00-DX1,1,0.29397896,0
tumour/TCGA-CA-5796-01Z-00-DX1_10240_11776.jpg,TCGA-CA-5796,TCGA-CA-5796-01Z-00-DX1,1,0.07013104,0
tumour/TCGA-CA-5796-01Z-00-DX1_10240_14336.jpg,TCGA-CA-5796,TCGA-CA-5796-01Z-00-DX1,1,0.9631516,1
tumour/TCGA-CA-5796-01Z-00-DX1_10240_15360.jpg,TCGA-CA-5796,TCGA-CA-5796-01Z-00-DX1,1,0.66349065,1
tumour/TCGA-CA-5796-01Z-00-DX1_10240_15872.jpg,TCGA-CA-5796,TCGA-CA-5796-01Z-00-DX1,1,0.0033253157,0
tumour/TCGA-CA-5796-01Z-00-DX1_10240_16384.jpg,TCGA-CA-5796,TCGA-CA-5796-01Z-00-DX1,1,0.080583476,0
tumour/TCGA-CA-5796-01Z-00-DX1_10240_17408.jpg,TCGA-CA-5796,TCGA-CA-5796-01Z-00-DX1,1,0.010470242,0
tumour/TCGA-CA-5796-01Z-00-DX1_10240_19968.jpg,TCGA-CA-5796,TCGA-CA-5796-01Z-00-DX1,1,0.0065669017,0
tumour/TCGA-CA-5796-01Z-00-DX1_10240_5120.jpg,TCGA-CA-5796,TCGA-CA-5796-01Z-00-DX1,1,0.666893,1
tumour/TCGA-CA-5796-01Z-00-DX1_10240_5632.jpg,TCGA-CA-5796,TCGA-CA-5796-01Z-00-DX1,1,0.8723478,1
tumour/TCGA-CA-5796-01Z-00-DX1_10240_7168.jpg,TCGA-CA-5796,TCGA-CA-5796-01Z-00-DX1,1,0.1371723,0
tumour/TCGA-CA-5796-01Z-00-DX1_10240_7680.jpg,TCGA-CA-5796,TCGA-CA-5796-01Z-00-DX1,1,0.061377376,0
tumour/TCGA-CA-5796-01Z-00-DX1_10240_8192.jpg,TCGA-CA-5796,TCGA-CA-5796-01Z-00-DX1,1,0.66503155,1
tumour/TCGA-CA-5796-01Z-00-DX1_10240_9728.jpg,TCGA-CA-5796,TCGA-CA-5796-01Z-00-DX1,1,0.06060655,0
tumour/TCGA-CA-5796-01Z-00-DX1_10752_11776.jpg,TCGA-CA-5796,TCGA-CA-5796-01Z-00-DX1,1,0.49081054,0
tumour/TCGA-CA-5796-01Z-00-DX1_10752_12288.jpg,TCGA-CA-5796,TCGA-CA-5796-01Z-00-DX1,1,0.007530469,0
tumour/TCGA-CA-5796-01Z-00-DX1_10752_14848.jpg,TCGA-CA-5796,TCGA-CA-5796-01Z-00-DX1,1,0.99783784,1
tumour/TCGA-CA-5796-01Z-00-DX1_10752_15360.jpg,TCGA-CA-5796,TCGA-CA-5796-01Z-00-DX1,1,0.9874578,1
tumour/TCGA-CA-5796-01Z-00-DX1_10752_15872.jpg,TCGA-CA-5796,TCGA-CA-5796-01Z-00-DX1,1,0.99533963,1
tumour/TCGA-CA-5796-01Z-00-DX1_10752_16896.jpg,TCGA-CA-5796,TCGA-CA-5796-01Z-00-DX1,1,0.82942927,1
tumour/TCGA-CA-5796-01Z-00-DX1_10752_17408.jpg,TCGA-CA-5796,TCGA-CA-5796-01Z-00-DX1,1,0.10471515,0
tumour/TCGA-CA-5796-01Z-00-DX1_10752_17920.jpg,TCGA-CA-5796,TCGA-CA-5796-01Z-00-DX1,1,0.26157916,0
tumour/TCGA-CA-5796-01Z-00-DX1_10752_18432.jpg,TCGA-CA-5796,TCGA-CA-5796-01Z-00-DX1,1,0.86383533,1
tumour/TCGA-CA-5796-01Z-00-DX1_10752_18944.jpg,TCGA-CA-5796,TCGA-CA-5796-01Z-00-DX1,1,0.16474323,0
tumour/TCGA-CA-5796-01Z-00-DX1_10752_20480.jpg,TCGA-CA-5796,TCGA-CA-5796-01Z-00-DX1,1,0.0035020388,0
tumour/TCGA-CA-5796-01Z-00-DX1_10752_20992.jpg,TCGA-CA-5796,TCGA-CA-5796-01Z-00-DX1,1,0.6278972,1
tumour/TCGA-CA-5796-01Z-00-DX1_10752_4096.jpg,TCGA-CA-5796,TCGA-CA-5796-01Z-00-DX1,1,0.9978829,1
tumour/TCGA-CA-5796-01Z-00-DX1_10752_5120.jpg,TCGA-CA-5796,TCGA-CA-5796-01Z-00-DX1,1,0.32483047,0
tumour/TCGA-CA-5796-01Z-00-DX1_10752_5632.jpg,TCGA-CA-5796,TCGA-CA-5796-01Z-00-DX1,1,0.95254,1
tumour/TCGA-CA-5796-01Z-00-DX1_10752_7680.jpg,TCGA-CA-5796,TCGA-CA-5796-01Z-00-DX1,1,0.48801222,0
tumour/TCGA-CA-5796-01Z-00-DX1_11264_10752.jpg,TCGA-CA-5796,TCGA-CA-5796-01Z-00-DX1,1,0.1139438,0
tumour/TCGA-CA-5796-01Z-00-DX1_11264_12800.jpg,TCGA-CA-5796,TCGA-CA-5796-01Z-00-DX1,1,0.011184383,0
tumour/TCGA-CA-5796-01Z-00-DX1_11264_15360.jpg,TCGA-CA-5796,TCGA-CA-5796-01Z-00-DX1,1,0.5793539,1
tumour/TCGA-CA-5796-01Z-00-DX1_11264_15872.jpg,TCGA-CA-5796,TCGA-CA-5796-01Z-00-DX1,1,0.499643,0
tumour/TCGA-CA-5796-01Z-00-DX1_11264_16896.jpg,TCGA-CA-5796,TCGA-CA-5796-01Z-00-DX1,1,0.058252566,0
tumour/TCGA-CA-5796-01Z-00-DX1_11264_17408.jpg,TCGA-CA-5796,TCGA-CA-5796-01Z-00-DX1,1,0.4875286,0
tumour/TCGA-CA-5796-01Z-00-DX1_11264_17920.jpg,TCGA-CA-5796,TCGA-CA-5796-01Z-00-DX1,1,0.97984993,1
tumour/TCGA-CA-5796-01Z-00-DX1_11264_18944.jpg,TCGA-CA-5796,TCGA-CA-5796-01Z-00-DX1,1,0.5198534,1
tumour/TCGA-CA-5796-01Z-00-DX1_11264_19968.jpg,TCGA-CA-5796,TCGA-CA-5796-01Z-00-DX1,1,0.010042721,0
tumour/TCGA-CA-5796-01Z-00-DX1_11264_20480.jpg,TCGA-CA-5796,TCGA-CA-5796-01Z-00-DX1,1,0.30026612,0
tumour/TCGA-CA-5796-01Z-00-DX1_11264_4608.jpg,TCGA-CA-5796,TCGA-CA-5796-01Z-00-DX1,1,0.9997396,1
tumour/TCGA-CA-5796-01Z-00-DX1_11264_5120.jpg,TCGA-CA-5796,TCGA-CA-5796-01Z-00-DX1,1,0.5061229,1
tumour/TCGA-CA-5796-01Z-00-DX1_11264_5632.jpg,TCGA-CA-5796,TCGA-CA-5796-01Z-00-DX1,1,0.98789793,1
tumour/TCGA-CA-5796-01Z-00-DX1_11264_7168.jpg,TCGA-CA-5796,TCGA-CA-5796-01Z-00-DX1,1,0.0018219652,0
tumour/TCGA-CA-5796-01Z-00-DX1_11264_8192.jpg,TCGA-CA-5796,TCGA-CA-5796-01Z-00-DX1,1,0.9386561,1
tumour/TCGA-CA-5796-01Z-00-DX1_11776_12288.jpg,TCGA-CA-5796,TCGA-CA-5796-01Z-00-DX1,1,0.00045318546,0
tumour/TCGA-CA-5796-01Z-00-DX1_11776_12800.jpg,TCGA-CA-5796,TCGA-CA-5796-01Z-00-DX1,1,0.035319645,0
tumour/TCGA-CA-5796-01Z-00-DX1_11776_13824.jpg,TCGA-CA-5796,TCGA-CA-5796-01Z-00-DX1,1,0.69444716,1
tumour/TCGA-CA-5796-01Z-00-DX1_11776_17920.jpg,TCGA-CA-5796,TCGA-CA-5796-01Z-00-DX1,1,0.95974547,1
tumour/TCGA-CA-5796-01Z-00-DX1_11776_18432.jpg,TCGA-CA-5796,TCGA-CA-5796-01Z-00-DX1,1,0.14213121,0
tumour/TCGA-CA-5796-01Z-00-DX1_11776_19456.jpg,TCGA-CA-5796,TCGA-CA-5796-01Z-00-DX1,1,0.9721006,1
tumour/TCGA-CA-5796-01Z-00-DX1_11776_19968.jpg,TCGA-CA-5796,TCGA-CA-5796-01Z-00-DX1,1,0.8829374,1
tumour/TCGA-CA-5796-01Z-00-DX1_11776_6656.jpg,TCGA-CA-5796,TCGA-CA-5796-01Z-00-DX1,1,0.011060074,0
tumour/TCGA-CA-5796-01Z-00-DX1_11776_7168.jpg,TCGA-CA-5796,TCGA-CA-5796-01Z-00-DX1,1,0.0004738688,0
tumour/TCGA-CA-5796-01Z-00-DX1_11776_8192.jpg,TCGA-CA-5796,TCGA-CA-5796-01Z-00-DX1,1,0.50036985,1
tumour/TCGA-CA-5796-01Z-00-DX1_12288_17920.jpg,TCGA-CA-5796,TCGA-CA-5796-01Z-00-DX1,1,0.47814825,0
tumour/TCGA-CA-5796-01Z-00-DX1_12288_18944.jpg,TCGA-CA-5796,TCGA-CA-5796-01Z-00-DX1,1,0.84766567,1
tumour/TCGA-CA-5796-01Z-00-DX1_12288_5632.jpg,TCGA-CA-5796,TCGA-CA-5796-01Z-00-DX1,1,0.007019323,0
tumour/TCGA-CA-5796-01Z-00-DX1_12288_6656.jpg,TCGA-CA-5796,TCGA-CA-5796-01Z-00-DX1,1,0.09068794,0
tumour/TCGA-CA-5796-01Z-00-DX1_12800_6144.jpg,TCGA-CA-5796,TCGA-CA-5796-01Z-00-DX1,1,0.17728323,0
tumour/TCGA-CA-5796-01Z-00-DX1_12800_8704.jpg,TCGA-CA-5796,TCGA-CA-5796-01Z-00-DX1,1,0.0060401517,0
tumour/TCGA-CA-5796-01Z-00-DX1_13312_10240.jpg,TCGA-CA-5796,TCGA-CA-5796-01Z-00-DX1,1,0.3290777,0
tumour/TCGA-CA-5796-01Z-00-DX1_13312_10752.jpg,TCGA-CA-5796,TCGA-CA-5796-01Z-00-DX1,1,0.5328978,1
tumour/TCGA-CA-5796-01Z-00-DX1_13312_12800.jpg,TCGA-CA-5796,TCGA-CA-5796-01Z-00-DX1,1,0.050864324,0
tumour/TCGA-CA-5796-01Z-00-DX1_13312_8704.jpg,TCGA-CA-5796,TCGA-CA-5796-01Z-00-DX1,1,0.08936151,0
tumour/TCGA-CA-5796-01Z-00-DX1_13312_9728.jpg,TCGA-CA-5796,TCGA-CA-5796-01Z-00-DX1,1,0.0007342544,0
tumour/TCGA-CA-5796-01Z-00-DX1_13824_10752.jpg,TCGA-CA-5796,TCGA-CA-5796-01Z-00-DX1,1,0.12982807,0
tumour/TCGA-CA-5796-01Z-00-DX1_13824_9728.jpg,TCGA-CA-5796,TCGA-CA-5796-01Z-00-DX1,1,0.99581146,1
tumour/TCGA-CA-5796-01Z-00-DX1_14336_10240.jpg,TCGA-CA-5796,TCGA-CA-5796-01Z-00-DX1,1,0.8681445,1
tumour/TCGA-CA-5796-01Z-00-DX1_14336_11264.jpg,TCGA-CA-5796,TCGA-CA-5796-01Z-00-DX1,1,0.95365006,1
tumour/TCGA-CA-5796-01Z-00-DX1_14336_11776.jpg,TCGA-CA-5796,TCGA-CA-5796-01Z-00-DX1,1,0.3559474,0
tumour/TCGA-CA-5796-01Z-00-DX1_14336_12288.jpg,TCGA-CA-5796,TCGA-CA-5796-01Z-00-DX1,1,0.5009894,1
tumour/TCGA-CA-5796-01Z-00-DX1_14336_13312.jpg,TCGA-CA-5796,TCGA-CA-5796-01Z-00-DX1,1,0.9884419,1
tumour/TCGA-CA-5796-01Z-00-DX1_14336_13824.jpg,TCGA-CA-5796,TCGA-CA-5796-01Z-00-DX1,1,0.48634106,0
tumour/TCGA-CA-5796-01Z-00-DX1_14336_8704.jpg,TCGA-CA-5796,TCGA-CA-5796-01Z-00-DX1,1,0.85654414,1
tumour/TCGA-CA-5796-01Z-00-DX1_14336_9216.jpg,TCGA-CA-5796,TCGA-CA-5796-01Z-00-DX1,1,0.9924142,1
tumour/TCGA-CA-5796-01Z-00-DX1_14336_9728.jpg,TCGA-CA-5796,TCGA-CA-5796-01Z-00-DX1,1,0.8553362,1
tumour/TCGA-CA-5796-01Z-00-DX1_14848_10752.jpg,TCGA-CA-5796,TCGA-CA-5796-01Z-00-DX1,1,0.9126765,1
tumour/TCGA-CA-5796-01Z-00-DX1_14848_11264.jpg,TCGA-CA-5796,TCGA-CA-5796-01Z-00-DX1,1,0.8006554,1
tumour/TCGA-CA-5796-01Z-00-DX1_14848_11776.jpg,TCGA-CA-5796,TCGA-CA-5796-01Z-00-DX1,1,0.20942879,0
tumour/TCGA-CA-5796-01Z-00-DX1_14848_12288.jpg,TCGA-CA-5796,TCGA-CA-5796-01Z-00-DX1,1,0.3158133,0
tumour/TCGA-CA-5796-01Z-00-DX1_14848_12800.jpg,TCGA-CA-5796,TCGA-CA-5796-01Z-00-DX1,1,0.5571956,1
tumour/TCGA-CA-5796-01Z-00-DX1_14848_13312.jpg,TCGA-CA-5796,TCGA-CA-5796-01Z-00-DX1,1,0.032302838,0
tumour/TCGA-CA-5796-01Z-00-DX1_15360_10752.jpg,TCGA-CA-5796,TCGA-CA-5796-01Z-00-DX1,1,0.44223154,0
tumour/TCGA-CA-5796-01Z-00-DX1_15360_11264.jpg,TCGA-CA-5796,TCGA-CA-5796-01Z-00-DX1,1,0.77340096,1
tumour/TCGA-CA-5796-01Z-00-DX1_15360_11776.jpg,TCGA-CA-5796,TCGA-CA-5796-01Z-00-DX1,1,0.91227347,1
tumour/TCGA-CA-5796-01Z-00-DX1_15360_24064.jpg,TCGA-CA-5796,TCGA-CA-5796-01Z-00-DX1,1,0.0010511957,0
tumour/TCGA-CA-5796-01Z-00-DX1_15360_5632.jpg,TCGA-CA-5796,TCGA-CA-5796-01Z-00-DX1,1,0.9601045,1
tumour/TCGA-CA-5796-01Z-00-DX1_15360_6144.jpg,TCGA-CA-5796,TCGA-CA-5796-01Z-00-DX1,1,0.079061374,0
tumour/TCGA-CA-5796-01Z-00-DX1_15360_6656.jpg,TCGA-CA-5796,TCGA-CA-5796-01Z-00-DX1,1,0.32412142,0
tumour/TCGA-CA-5796-01Z-00-DX1_15360_7680.jpg,TCGA-CA-5796,TCGA-CA-5796-01Z-00-DX1,1,0.005689337,0
tumour/TCGA-CA-5796-01Z-00-DX1_15360_8704.jpg,TCGA-CA-5796,TCGA-CA-5796-01Z-00-DX1,1,9.07836e-05,0
tumour/TCGA-CA-5796-01Z-00-DX1_15360_9216.jpg,TCGA-CA-5796,TCGA-CA-5796-01Z-00-DX1,1,0.22783065,0
tumour/TCGA-CA-5796-01Z-00-DX1_15360_9728.jpg,TCGA-CA-5796,TCGA-CA-5796-01Z-00-DX1,1,0.9901542,1
tumour/TCGA-CA-5796-01Z-00-DX1_15872_10240.jpg,TCGA-CA-5796,TCGA-CA-5796-01Z-00-DX1,1,0.9840103,1
tumour/TCGA-CA-5796-01Z-00-DX1_15872_20992.jpg,TCGA-CA-5796,TCGA-CA-5796-01Z-00-DX1,1,0.9171468,1
tumour/TCGA-CA-5796-01Z-00-DX1_15872_24576.jpg,TCGA-CA-5796,TCGA-CA-5796-01Z-00-DX1,1,0.08546178,0
tumour/TCGA-CA-5796-01Z-00-DX1_15872_6656.jpg,TCGA-CA-5796,TCGA-CA-5796-01Z-00-DX1,1,0.018054785,0
tumour/TCGA-CA-5796-01Z-00-DX1_15872_7168.jpg,TCGA-CA-5796,TCGA-CA-5796-01Z-00-DX1,1,0.21974325,0
tumour/TCGA-CA-5796-01Z-00-DX1_15872_8192.jpg,TCGA-CA-5796,TCGA-CA-5796-01Z-00-DX1,1,0.93297046,1
tumour/TCGA-CA-5796-01Z-00-DX1_15872_8704.jpg,TCGA-CA-5796,TCGA-CA-5796-01Z-00-DX1,1,0.10988125,0
tumour/TCGA-CA-5796-01Z-00-DX1_15872_9216.jpg,TCGA-CA-5796,TCGA-CA-5796-01Z-00-DX1,1,0.6260599,1
tumour/TCGA-CA-5796-01Z-00-DX1_15872_9728.jpg,TCGA-CA-5796,TCGA-CA-5796-01Z-00-DX1,1,0.7115137,1
tumour/TCGA-CA-5796-01Z-00-DX1_16384_10752.jpg,TCGA-CA-5796,TCGA-CA-5796-01Z-00-DX1,1,0.43468258,0
tumour/TCGA-CA-5796-01Z-00-DX1_16384_11264.jpg,TCGA-CA-5796,TCGA-CA-5796-01Z-00-DX1,1,0.0024035743,0
tumour/TCGA-CA-5796-01Z-00-DX1_16384_11776.jpg,TCGA-CA-5796,TCGA-CA-5796-01Z-00-DX1,1,0.3169944,0
tumour/TCGA-CA-5796-01Z-00-DX1_16384_21504.jpg,TCGA-CA-5796,TCGA-CA-5796-01Z-00-DX1,1,0.1325048,0
tumour/TCGA-CA-5796-01Z-00-DX1_16384_22016.jpg,TCGA-CA-5796,TCGA-CA-5796-01Z-00-DX1,1,0.9376147,1
tumour/TCGA-CA-5796-01Z-00-DX1_16384_23552.jpg,TCGA-CA-5796,TCGA-CA-5796-01Z-00-DX1,1,0.11291991,0
tumour/TCGA-CA-5796-01Z-00-DX1_16384_24064.jpg,TCGA-CA-5796,TCGA-CA-5796-01Z-00-DX1,1,0.007706411,0
tumour/TCGA-CA-5796-01Z-00-DX1_16384_24576.jpg,TCGA-CA-5796,TCGA-CA-5796-01Z-00-DX1,1,0.09162208,0
tumour/TCGA-CA-5796-01Z-00-DX1_16384_4608.jpg,TCGA-CA-5796,TCGA-CA-5796-01Z-00-DX1,1,0.04277738,0
tumour/TCGA-CA-5796-01Z-00-DX1_16384_6656.jpg,TCGA-CA-5796,TCGA-CA-5796-01Z-00-DX1,1,0.0022631718,0
tumour/TCGA-CA-5796-01Z-00-DX1_16384_8704.jpg,TCGA-CA-5796,TCGA-CA-5796-01Z-00-DX1,1,0.698686,1
tumour/TCGA-CA-5796-01Z-00-DX1_16384_9216.jpg,TCGA-CA-5796,TCGA-CA-5796-01Z-00-DX1,1,0.377861,0
tumour/TCGA-CA-5796-01Z-00-DX1_16896_10240.jpg,TCGA-CA-5796,TCGA-CA-5796-01Z-00-DX1,1,0.017262852,0
tumour/TCGA-CA-5796-01Z-00-DX1_16896_11776.jpg,TCGA-CA-5796,TCGA-CA-5796-01Z-00-DX1,1,0.006460125,0
tumour/TCGA-CA-5796-01Z-00-DX1_16896_20992.jpg,TCGA-CA-5796,TCGA-CA-5796-01Z-00-DX1,1,0.9461792,1
tumour/TCGA-CA-5796-01Z-00-DX1_16896_23040.jpg,TCGA-CA-5796,TCGA-CA-5796-01Z-00-DX1,1,0.70880026,1
tumour/TCGA-CA-5796-01Z-00-DX1_16896_24576.jpg,TCGA-CA-5796,TCGA-CA-5796-01Z-00-DX1,1,0.02600107,0
tumour/TCGA-CA-5796-01Z-00-DX1_16896_5632.jpg,TCGA-CA-5796,TCGA-CA-5796-01Z-00-DX1,1,0.011785332,0
tumour/TCGA-CA-5796-01Z-00-DX1_16896_6144.jpg,TCGA-CA-5796,TCGA-CA-5796-01Z-00-DX1,1,0.0022723274,0
tumour/TCGA-CA-5796-01Z-00-DX1_16896_6656.jpg,TCGA-CA-5796,TCGA-CA-5796-01Z-00-DX1,1,0.04848524,0
tumour/TCGA-CA-5796-01Z-00-DX1_16896_7168.jpg,TCGA-CA-5796,TCGA-CA-5796-01Z-00-DX1,1,0.033904348,0
tumour/TCGA-CA-5796-01Z-00-DX1_16896_9216.jpg,TCGA-CA-5796,TCGA-CA-5796-01Z-00-DX1,1,0.002461283,0
tumour/TCGA-CA-5796-01Z-00-DX1_16896_9728.jpg,TCGA-CA-5796,TCGA-CA-5796-01Z-00-DX1,1,0.15002568,0
tumour/TCGA-CA-5796-01Z-00-DX1_17408_10240.jpg,TCGA-CA-5796,TCGA-CA-5796-01Z-00-DX1,1,0.005662254,0
tumour/TCGA-CA-5796-01Z-00-DX1_17408_10752.jpg,TCGA-CA-5796,TCGA-CA-5796-01Z-00-DX1,1,0.0052990844,0
tumour/TCGA-CA-5796-01Z-00-DX1_17408_11264.jpg,TCGA-CA-5796,TCGA-CA-5796-01Z-00-DX1,1,0.0023708064,0
tumour/TCGA-CA-5796-01Z-00-DX1_17408_11776.jpg,TCGA-CA-5796,TCGA-CA-5796-01Z-00-DX1,1,0.004447429,0
tumour/TCGA-CA-5796-01Z-00-DX1_17408_12288.jpg,TCGA-CA-5796,TCGA-CA-5796-01Z-00-DX1,1,0.054442555,0
tumour/TCGA-CA-5796-01Z-00-DX1_17408_22016.jpg,TCGA-CA-5796,TCGA-CA-5796-01Z-00-DX1,1,0.7135823,1
tumour/TCGA-CA-5796-01Z-00-DX1_17408_23552.jpg,TCGA-CA-5796,TCGA-CA-5796-01Z-00-DX1,1,0.032685645,0
tumour/TCGA-CA-5796-01Z-00-DX1_17408_24064.jpg,TCGA-CA-5796,TCGA-CA-5796-01Z-00-DX1,1,0.12863448,0
tumour/TCGA-CA-5796-01Z-00-DX1_17408_25088.jpg,TCGA-CA-5796,TCGA-CA-5796-01Z-00-DX1,1,0.008299919,0
tumour/TCGA-CA-5796-01Z-00-DX1_17408_6144.jpg,TCGA-CA-5796,TCGA-CA-5796-01Z-00-DX1,1,0.15816899,0
tumour/TCGA-CA-5796-01Z-00-DX1_17408_6656.jpg,TCGA-CA-5796,TCGA-CA-5796-01Z-00-DX1,1,0.8915735,1
tumour/TCGA-CA-5796-01Z-00-DX1_17408_8704.jpg,TCGA-CA-5796,TCGA-CA-5796-01Z-00-DX1,1,0.013258159,0
tumour/TCGA-CA-5796-01Z-00-DX1_17920_10752.jpg,TCGA-CA-5796,TCGA-CA-5796-01Z-00-DX1,1,0.048884932,0
tumour/TCGA-CA-5796-01Z-00-DX1_17920_11264.jpg,TCGA-CA-5796,TCGA-CA-5796-01Z-00-DX1,1,0.0439956,0
tumour/TCGA-CA-5796-01Z-00-DX1_17920_11776.jpg,TCGA-CA-5796,TCGA-CA-5796-01Z-00-DX1,1,0.0054781726,0
tumour/TCGA-CA-5796-01Z-00-DX1_17920_12288.jpg,TCGA-CA-5796,TCGA-CA-5796-01Z-00-DX1,1,0.10349031,0
tumour/TCGA-CA-5796-01Z-00-DX1_17920_21504.jpg,TCGA-CA-5796,TCGA-CA-5796-01Z-00-DX1,1,0.5609153,1
tumour/TCGA-CA-5796-01Z-00-DX1_17920_24064.jpg,TCGA-CA-5796,TCGA-CA-5796-01Z-00-DX1,1,0.23752189,0
tumour/TCGA-CA-5796-01Z-00-DX1_17920_24576.jpg,TCGA-CA-5796,TCGA-CA-5796-01Z-00-DX1,1,0.9200252,1
tumour/TCGA-CA-5796-01Z-00-DX1_17920_25088.jpg,TCGA-CA-5796,TCGA-CA-5796-01Z-00-DX1,1,0.15535313,0
tumour/TCGA-CA-5796-01Z-00-DX1_17920_7168.jpg,TCGA-CA-5796,TCGA-CA-5796-01Z-00-DX1,1,0.93302983,1
tumour/TCGA-CA-5796-01Z-00-DX1_17920_9728.jpg,TCGA-CA-5796,TCGA-CA-5796-01Z-00-DX1,1,0.0017174876,0
tumour/TCGA-CA-5796-01Z-00-DX1_18432_10752.jpg,TCGA-CA-5796,TCGA-CA-5796-01Z-00-DX1,1,0.00016205136,0
tumour/TCGA-CA-5796-01Z-00-DX1_18432_11264.jpg,TCGA-CA-5796,TCGA-CA-5796-01Z-00-DX1,1,0.004706663,0
tumour/TCGA-CA-5796-01Z-00-DX1_18432_16896.jpg,TCGA-CA-5796,TCGA-CA-5796-01Z-00-DX1,1,0.9843412,1
tumour/TCGA-CA-5796-01Z-00-DX1_18432_22528.jpg,TCGA-CA-5796,TCGA-CA-5796-01Z-00-DX1,1,0.03552258,0
tumour/TCGA-CA-5796-01Z-00-DX1_18432_23552.jpg,TCGA-CA-5796,TCGA-CA-5796-01Z-00-DX1,1,0.03119664,0
tumour/TCGA-CA-5796-01Z-00-DX1_18432_24576.jpg,TCGA-CA-5796,TCGA-CA-5796-01Z-00-DX1,1,0.77245325,1
tumour/TCGA-CA-5796-01Z-00-DX1_18432_25088.jpg,TCGA-CA-5796,TCGA-CA-5796-01Z-00-DX1,1,0.27740213,0
tumour/TCGA-CA-5796-01Z-00-DX1_18432_7680.jpg,TCGA-CA-5796,TCGA-CA-5796-01Z-00-DX1,1,0.46570328,0
tumour/TCGA-CA-5796-01Z-00-DX1_18432_8192.jpg,TCGA-CA-5796,TCGA-CA-5796-01Z-00-DX1,1,0.9527586,1
tumour/TCGA-CA-5796-01Z-00-DX1_18432_8704.jpg,TCGA-CA-5796,TCGA-CA-5796-01Z-00-DX1,1,0.10964823,0
tumour/TCGA-CA-5796-01Z-00-DX1_18432_9728.jpg,TCGA-CA-5796,TCGA-CA-5796-01Z-00-DX1,1,0.08397693,0
tumour/TCGA-CA-5796-01Z-00-DX1_18944_10240.jpg,TCGA-CA-5796,TCGA-CA-5796-01Z-00-DX1,1,0.00035722394,0
tumour/TCGA-CA-5796-01Z-00-DX1_18944_11264.jpg,TCGA-CA-5796,TCGA-CA-5796-01Z-00-DX1,1,0.97863674,1
tumour/TCGA-CA-5796-01Z-00-DX1_18944_14336.jpg,TCGA-CA-5796,TCGA-CA-5796-01Z-00-DX1,1,0.16602312,0
tumour/TCGA-CA-5796-01Z-00-DX1_18944_15872.jpg,TCGA-CA-5796,TCGA-CA-5796-01Z-00-DX1,1,0.46499085,0
tumour/TCGA-CA-5796-01Z-00-DX1_18944_16896.jpg,TCGA-CA-5796,TCGA-CA-5796-01Z-00-DX1,1,0.41169238,0
tumour/TCGA-CA-5796-01Z-00-DX1_18944_17408.jpg,TCGA-CA-5796,TCGA-CA-5796-01Z-00-DX1,1,0.9820181,1
tumour/TCGA-CA-5796-01Z-00-DX1_18944_23040.jpg,TCGA-CA-5796,TCGA-CA-5796-01Z-00-DX1,1,0.06474991,0
tumour/TCGA-CA-5796-01Z-00-DX1_18944_23552.jpg,TCGA-CA-5796,TCGA-CA-5796-01Z-00-DX1,1,0.44789645,0
tumour/TCGA-CA-5796-01Z-00-DX1_18944_5632.jpg,TCGA-CA-5796,TCGA-CA-5796-01Z-00-DX1,1,0.573735,1
tumour/TCGA-CA-5796-01Z-00-DX1_18944_6656.jpg,TCGA-CA-5796,TCGA-CA-5796-01Z-00-DX1,1,0.0043415246,0
tumour/TCGA-CA-5796-01Z-00-DX1_18944_8192.jpg,TCGA-CA-5796,TCGA-CA-5796-01Z-00-DX1,1,0.8398122,1
tumour/TCGA-CA-5796-01Z-00-DX1_18944_9216.jpg,TCGA-CA-5796,TCGA-CA-5796-01Z-00-DX1,1,0.107222244,0
tumour/TCGA-CA-5796-01Z-00-DX1_19456_10752.jpg,TCGA-CA-5796,TCGA-CA-5796-01Z-00-DX1,1,0.05957624,0
tumour/TCGA-CA-5796-01Z-00-DX1_19456_11264.jpg,TCGA-CA-5796,TCGA-CA-5796-01Z-00-DX1,1,0.36756423,0
tumour/TCGA-CA-5796-01Z-00-DX1_19456_11776.jpg,TCGA-CA-5796,TCGA-CA-5796-01Z-00-DX1,1,0.040276576,0
tumour/TCGA-CA-5796-01Z-00-DX1_19456_13312.jpg,TCGA-CA-5796,TCGA-CA-5796-01Z-00-DX1,1,0.09273948,0
tumour/TCGA-CA-5796-01Z-00-DX1_19456_14336.jpg,TCGA-CA-5796,TCGA-CA-5796-01Z-00-DX1,1,0.055352375,0
tumour/TCGA-CA-5796-01Z-00-DX1_19456_15872.jpg,TCGA-CA-5796,TCGA-CA-5796-01Z-00-DX1,1,0.01732284,0
tumour/TCGA-CA-5796-01Z-00-DX1_19456_5120.jpg,TCGA-CA-5796,TCGA-CA-5796-01Z-00-DX1,1,0.45618117,0
tumour/TCGA-CA-5796-01Z-00-DX1_19456_6144.jpg,TCGA-CA-5796,TCGA-CA-5796-01Z-00-DX1,1,0.0003930572,0
tumour/TCGA-CA-5796-01Z-00-DX1_19456_6656.jpg,TCGA-CA-5796,TCGA-CA-5796-01Z-00-DX1,1,0.19858311,0
tumour/TCGA-CA-5796-01Z-00-DX1_19456_7168.jpg,TCGA-CA-5796,TCGA-CA-5796-01Z-00-DX1,1,0.9124984,1
tumour/TCGA-CA-5796-01Z-00-DX1_19456_9216.jpg,TCGA-CA-5796,TCGA-CA-5796-01Z-00-DX1,1,0.57220125,1
tumour/TCGA-CA-5796-01Z-00-DX1_19456_9728.jpg,TCGA-CA-5796,TCGA-CA-5796-01Z-00-DX1,1,0.0012029186,0
tumour/TCGA-CA-5796-01Z-00-DX1_19968_13312.jpg,TCGA-CA-5796,TCGA-CA-5796-01Z-00-DX1,1,0.7794254,1
tumour/TCGA-CA-5796-01Z-00-DX1_19968_13824.jpg,TCGA-CA-5796,TCGA-CA-5796-01Z-00-DX1,1,0.03231924,0
tumour/TCGA-CA-5796-01Z-00-DX1_19968_16384.jpg,TCGA-CA-5796,TCGA-CA-5796-01Z-00-DX1,1,0.0032961252,0
tumour/TCGA-CA-5796-01Z-00-DX1_19968_16896.jpg,TCGA-CA-5796,TCGA-CA-5796-01Z-00-DX1,1,0.11481819,0
tumour/TCGA-CA-5796-01Z-00-DX1_19968_6144.jpg,TCGA-CA-5796,TCGA-CA-5796-01Z-00-DX1,1,0.04785672,0
tumour/TCGA-CA-5796-01Z-00-DX1_19968_6656.jpg,TCGA-CA-5796,TCGA-CA-5796-01Z-00-DX1,1,0.7001438,1
tumour/TCGA-CA-5796-01Z-00-DX1_19968_7680.jpg,TCGA-CA-5796,TCGA-CA-5796-01Z-00-DX1,1,0.9175789,1
tumour/TCGA-CA-5796-01Z-00-DX1_19968_8704.jpg,TCGA-CA-5796,TCGA-CA-5796-01Z-00-DX1,1,0.11596243,0
tumour/TCGA-CA-5796-01Z-00-DX1_19968_9728.jpg,TCGA-CA-5796,TCGA-CA-5796-01Z-00-DX1,1,0.74831307,1
tumour/TCGA-CA-5796-01Z-00-DX1_20480_10752.jpg,TCGA-CA-5796,TCGA-CA-5796-01Z-00-DX1,1,0.7377258,1
tumour/TCGA-CA-5796-01Z-00-DX1_20480_13824.jpg,TCGA-CA-5796,TCGA-CA-5796-01Z-00-DX1,1,0.028351815,0
tumour/TCGA-CA-5796-01Z-00-DX1_20480_14336.jpg,TCGA-CA-5796,TCGA-CA-5796-01Z-00-DX1,1,0.0023956697,0
tumour/TCGA-CA-5796-01Z-00-DX1_20480_17920.jpg,TCGA-CA-5796,TCGA-CA-5796-01Z-00-DX1,1,0.98401135,1
tumour/TCGA-CA-5796-01Z-00-DX1_20480_5120.jpg,TCGA-CA-5796,TCGA-CA-5796-01Z-00-DX1,1,0.038467497,0
tumour/TCGA-CA-5796-01Z-00-DX1_20480_5632.jpg,TCGA-CA-5796,TCGA-CA-5796-01Z-00-DX1,1,0.047647078,0
tumour/TCGA-CA-5796-01Z-00-DX1_20480_7168.jpg,TCGA-CA-5796,TCGA-CA-5796-01Z-00-DX1,1,0.89640373,1
tumour/TCGA-CA-5796-01Z-00-DX1_20480_8192.jpg,TCGA-CA-5796,TCGA-CA-5796-01Z-00-DX1,1,0.27196717,0
tumour/TCGA-CA-5796-01Z-00-DX1_20480_8704.jpg,TCGA-CA-5796,TCGA-CA-5796-01Z-00-DX1,1,0.03393662,0
tumour/TCGA-CA-5796-01Z-00-DX1_20480_9216.jpg,TCGA-CA-5796,TCGA-CA-5796-01Z-00-DX1,1,0.11146141,0
tumour/TCGA-CA-5796-01Z-00-DX1_20992_12288.jpg,TCGA-CA-5796,TCGA-CA-5796-01Z-00-DX1,1,0.07770531,0
tumour/TCGA-CA-5796-01Z-00-DX1_20992_13312.jpg,TCGA-CA-5796,TCGA-CA-5796-01Z-00-DX1,1,0.174055,0
tumour/TCGA-CA-5796-01Z-00-DX1_20992_15360.jpg,TCGA-CA-5796,TCGA-CA-5796-01Z-00-DX1,1,0.05592869,0
tumour/TCGA-CA-5796-01Z-00-DX1_20992_16384.jpg,TCGA-CA-5796,TCGA-CA-5796-01Z-00-DX1,1,0.15325437,0
tumour/TCGA-CA-5796-01Z-00-DX1_20992_17408.jpg,TCGA-CA-5796,TCGA-CA-5796-01Z-00-DX1,1,0.8078604,1
tumour/TCGA-CA-5796-01Z-00-DX1_20992_17920.jpg,TCGA-CA-5796,TCGA-CA-5796-01Z-00-DX1,1,0.5590163,1
tumour/TCGA-CA-5796-01Z-00-DX1_20992_18432.jpg,TCGA-CA-5796,TCGA-CA-5796-01Z-00-DX1,1,0.9045084,1
tumour/TCGA-CA-5796-01Z-00-DX1_20992_5632.jpg,TCGA-CA-5796,TCGA-CA-5796-01Z-00-DX1,1,0.054968722,0
tumour/TCGA-CA-5796-01Z-00-DX1_20992_6656.jpg,TCGA-CA-5796,TCGA-CA-5796-01Z-00-DX1,1,0.547501,1
tumour/TCGA-CA-5796-01Z-00-DX1_20992_8704.jpg,TCGA-CA-5796,TCGA-CA-5796-01Z-00-DX1,1,0.044868067,0
tumour/TCGA-CA-5796-01Z-00-DX1_21504_12288.jpg,TCGA-CA-5796,TCGA-CA-5796-01Z-00-DX1,1,0.013130586,0
tumour/TCGA-CA-5796-01Z-00-DX1_21504_13312.jpg,TCGA-CA-5796,TCGA-CA-5796-01Z-00-DX1,1,0.004257232,0
tumour/TCGA-CA-5796-01Z-00-DX1_21504_14336.jpg,TCGA-CA-5796,TCGA-CA-5796-01Z-00-DX1,1,0.00086047826,0
tumour/TCGA-CA-5796-01Z-00-DX1_21504_14848.jpg,TCGA-CA-5796,TCGA-CA-5796-01Z-00-DX1,1,0.007868639,0
tumour/TCGA-CA-5796-01Z-00-DX1_21504_16384.jpg,TCGA-CA-5796,TCGA-CA-5796-01Z-00-DX1,1,0.99292445,1
tumour/TCGA-CA-5796-01Z-00-DX1_21504_18944.jpg,TCGA-CA-5796,TCGA-CA-5796-01Z-00-DX1,1,0.91671884,1
tumour/TCGA-CA-5796-01Z-00-DX1_21504_6144.jpg,TCGA-CA-5796,TCGA-CA-5796-01Z-00-DX1,1,0.0046724286,0
tumour/TCGA-CA-5796-01Z-00-DX1_21504_7680.jpg,TCGA-CA-5796,TCGA-CA-5796-01Z-00-DX1,1,0.02295379,0
tumour/TCGA-CA-5796-01Z-00-DX1_22016_10752.jpg,TCGA-CA-5796,TCGA-CA-5796-01Z-00-DX1,1,0.25834137,0
tumour/TCGA-CA-5796-01Z-00-DX1_22016_11264.jpg,TCGA-CA-5796,TCGA-CA-5796-01Z-00-DX1,1,0.008439128,0
tumour/TCGA-CA-5796-01Z-00-DX1_22016_11776.jpg,TCGA-CA-5796,TCGA-CA-5796-01Z-00-DX1,1,0.009378116,0
tumour/TCGA-CA-5796-01Z-00-DX1_22016_13312.jpg,TCGA-CA-5796,TCGA-CA-5796-01Z-00-DX1,1,0.074659176,0
tumour/TCGA-CA-5796-01Z-00-DX1_22016_13824.jpg,TCGA-CA-5796,TCGA-CA-5796-01Z-00-DX1,1,0.009861918,0
tumour/TCGA-CA-5796-01Z-00-DX1_22016_14336.jpg,TCGA-CA-5796,TCGA-CA-5796-01Z-00-DX1,1,0.24682552,0
tumour/TCGA-CA-5796-01Z-00-DX1_22016_14848.jpg,TCGA-CA-5796,TCGA-CA-5796-01Z-00-DX1,1,0.9303718,1
tumour/TCGA-CA-5796-01Z-00-DX1_22016_15360.jpg,TCGA-CA-5796,TCGA-CA-5796-01Z-00-DX1,1,0.4795869,0
tumour/TCGA-CA-5796-01Z-00-DX1_22016_15872.jpg,TCGA-CA-5796,TCGA-CA-5796-01Z-00-DX1,1,0.86944896,1
tumour/TCGA-CA-5796-01Z-00-DX1_22016_17408.jpg,TCGA-CA-5796,TCGA-CA-5796-01Z-00-DX1,1,0.87156624,1
tumour/TCGA-CA-5796-01Z-00-DX1_22016_17920.jpg,TCGA-CA-5796,TCGA-CA-5796-01Z-00-DX1,1,0.99438345,1
tumour/TCGA-CA-5796-01Z-00-DX1_22016_18432.jpg,TCGA-CA-5796,TCGA-CA-5796-01Z-00-DX1,1,0.684968,1
tumour/TCGA-CA-5796-01Z-00-DX1_22016_5632.jpg,TCGA-CA-5796,TCGA-CA-5796-01Z-00-DX1,1,0.10644475,0
tumour/TCGA-CA-5796-01Z-00-DX1_22016_9728.jpg,TCGA-CA-5796,TCGA-CA-5796-01Z-00-DX1,1,0.028479716,0
tumour/TCGA-CA-5796-01Z-00-DX1_22528_12800.jpg,TCGA-CA-5796,TCGA-CA-5796-01Z-00-DX1,1,0.035536896,0
tumour/TCGA-CA-5796-01Z-00-DX1_22528_13824.jpg,TCGA-CA-5796,TCGA-CA-5796-01Z-00-DX1,1,0.11507468,0
tumour/TCGA-CA-5796-01Z-00-DX1_22528_15872.jpg,TCGA-CA-5796,TCGA-CA-5796-01Z-00-DX1,1,0.3416234,0
tumour/TCGA-CA-5796-01Z-00-DX1_22528_17408.jpg,TCGA-CA-5796,TCGA-CA-5796-01Z-00-DX1,1,0.9956846,1
tumour/TCGA-CA-5796-01Z-00-DX1_22528_17920.jpg,TCGA-CA-5796,TCGA-CA-5796-01Z-00-DX1,1,0.96567273,1
tumour/TCGA-CA-5796-01Z-00-DX1_22528_18944.jpg,TCGA-CA-5796,TCGA-CA-5796-01Z-00-DX1,1,0.22403088,0
tumour/TCGA-CA-5796-01Z-00-DX1_22528_22528.jpg,TCGA-CA-5796,TCGA-CA-5796-01Z-00-DX1,1,0.5285971,1
tumour/TCGA-CA-5796-01Z-00-DX1_22528_8192.jpg,TCGA-CA-5796,TCGA-CA-5796-01Z-00-DX1,1,0.0015465493,0
tumour/TCGA-CA-5796-01Z-00-DX1_22528_9728.jpg,TCGA-CA-5796,TCGA-CA-5796-01Z-00-DX1,1,0.0005116128,0
tumour/TCGA-CA-5796-01Z-00-DX1_23040_10752.jpg,TCGA-CA-5796,TCGA-CA-5796-01Z-00-DX1,1,0.000535042,0
tumour/TCGA-CA-5796-01Z-00-DX1_23040_11264.jpg,TCGA-CA-5796,TCGA-CA-5796-01Z-00-DX1,1,0.009465117,0
tumour/TCGA-CA-5796-01Z-00-DX1_23040_12800.jpg,TCGA-CA-5796,TCGA-CA-5796-01Z-00-DX1,1,0.0020906117,0
tumour/TCGA-CA-5796-01Z-00-DX1_23040_13312.jpg,TCGA-CA-5796,TCGA-CA-5796-01Z-00-DX1,1,0.13237272,0
tumour/TCGA-CA-5796-01Z-00-DX1_23040_13824.jpg,TCGA-CA-5796,TCGA-CA-5796-01Z-00-DX1,1,0.2153957,0
tumour/TCGA-CA-5796-01Z-00-DX1_23040_14848.jpg,TCGA-CA-5796,TCGA-CA-5796-01Z-00-DX1,1,0.8629966,1
tumour/TCGA-CA-5796-01Z-00-DX1_23040_15872.jpg,TCGA-CA-5796,TCGA-CA-5796-01Z-00-DX1,1,0.65065473,1
tumour/TCGA-CA-5796-01Z-00-DX1_23040_16896.jpg,TCGA-CA-5796,TCGA-CA-5796-01Z-00-DX1,1,0.9132205,1
tumour/TCGA-CA-5796-01Z-00-DX1_23040_17408.jpg,TCGA-CA-5796,TCGA-CA-5796-01Z-00-DX1,1,0.88938844,1
tumour/TCGA-CA-5796-01Z-00-DX1_23040_17920.jpg,TCGA-CA-5796,TCGA-CA-5796-01Z-00-DX1,1,0.93803096,1
tumour/TCGA-CA-5796-01Z-00-DX1_23040_22016.jpg,TCGA-CA-5796,TCGA-CA-5796-01Z-00-DX1,1,0.5531998,1
tumour/TCGA-CA-5796-01Z-00-DX1_23040_23040.jpg,TCGA-CA-5796,TCGA-CA-5796-01Z-00-DX1,1,0.9941321,1
tumour/TCGA-CA-5796-01Z-00-DX1_23040_8192.jpg,TCGA-CA-5796,TCGA-CA-5796-01Z-00-DX1,1,0.034453865,0
tumour/TCGA-CA-5796-01Z-00-DX1_23040_8704.jpg,TCGA-CA-5796,TCGA-CA-5796-01Z-00-DX1,1,0.003512341,0
tumour/TCGA-CA-5796-01Z-00-DX1_23040_9728.jpg,TCGA-CA-5796,TCGA-CA-5796-01Z-00-DX1,1,0.0016095833,0
tumour/TCGA-CA-5796-01Z-00-DX1_23552_10752.jpg,TCGA-CA-5796,TCGA-CA-5796-01Z-00-DX1,1,0.0022766893,0
tumour/TCGA-CA-5796-01Z-00-DX1_23552_11264.jpg,TCGA-CA-5796,TCGA-CA-5796-01Z-00-DX1,1,0.2084151,0
tumour/TCGA-CA-5796-01Z-00-DX1_23552_12800.jpg,TCGA-CA-5796,TCGA-CA-5796-01Z-00-DX1,1,0.0049447706,0
tumour/TCGA-CA-5796-01Z-00-DX1_23552_13312.jpg,TCGA-CA-5796,TCGA-CA-5796-01Z-00-DX1,1,0.37804347,0
tumour/TCGA-CA-5796-01Z-00-DX1_23552_13824.jpg,TCGA-CA-5796,TCGA-CA-5796-01Z-00-DX1,1,0.077212214,0
tumour/TCGA-CA-5796-01Z-00-DX1_23552_15360.jpg,TCGA-CA-5796,TCGA-CA-5796-01Z-00-DX1,1,0.81475306,1
tumour/TCGA-CA-5796-01Z-00-DX1_23552_16896.jpg,TCGA-CA-5796,TCGA-CA-5796-01Z-00-DX1,1,0.20643257,0
tumour/TCGA-CA-5796-01Z-00-DX1_23552_17920.jpg,TCGA-CA-5796,TCGA-CA-5796-01Z-00-DX1,1,0.7073819,1
tumour/TCGA-CA-5796-01Z-00-DX1_23552_21504.jpg,TCGA-CA-5796,TCGA-CA-5796-01Z-00-DX1,1,0.7548284,1
tumour/TCGA-CA-5796-01Z-00-DX1_23552_23040.jpg,TCGA-CA-5796,TCGA-CA-5796-01Z-00-DX1,1,0.8538097,1
tumour/TCGA-CA-5796-01Z-00-DX1_23552_23552.jpg,TCGA-CA-5796,TCGA-CA-5796-01Z-00-DX1,1,0.98215735,1
tumour/TCGA-CA-5796-01Z-00-DX1_23552_8704.jpg,TCGA-CA-5796,TCGA-CA-5796-01Z-00-DX1,1,0.008951219,0
tumour/TCGA-CA-5796-01Z-00-DX1_23552_9728.jpg,TCGA-CA-5796,TCGA-CA-5796-01Z-00-DX1,1,0.0057454477,0
tumour/TCGA-CA-5796-01Z-00-DX1_24064_10752.jpg,TCGA-CA-5796,TCGA-CA-5796-01Z-00-DX1,1,0.05162165,0
tumour/TCGA-CA-5796-01Z-00-DX1_24064_13312.jpg,TCGA-CA-5796,TCGA-CA-5796-01Z-00-DX1,1,0.05279554,0
tumour/TCGA-CA-5796-01Z-00-DX1_24064_13824.jpg,TCGA-CA-5796,TCGA-CA-5796-01Z-00-DX1,1,0.059476323,0
tumour/TCGA-CA-5796-01Z-00-DX1_24064_16896.jpg,TCGA-CA-5796,TCGA-CA-5796-01Z-00-DX1,1,0.6422523,1
tumour/TCGA-CA-5796-01Z-00-DX1_24064_17408.jpg,TCGA-CA-5796,TCGA-CA-5796-01Z-00-DX1,1,0.119224496,0
tumour/TCGA-CA-5796-01Z-00-DX1_24064_20992.jpg,TCGA-CA-5796,TCGA-CA-5796-01Z-00-DX1,1,0.5634627,1
tumour/TCGA-CA-5796-01Z-00-DX1_24064_21504.jpg,TCGA-CA-5796,TCGA-CA-5796-01Z-00-DX1,1,0.97450846,1
tumour/TCGA-CA-5796-01Z-00-DX1_24064_22016.jpg,TCGA-CA-5796,TCGA-CA-5796-01Z-00-DX1,1,0.6180147,1
tumour/TCGA-CA-5796-01Z-00-DX1_24064_22528.jpg,TCGA-CA-5796,TCGA-CA-5796-01Z-00-DX1,1,0.61163926,1
tumour/TCGA-CA-5796-01Z-00-DX1_24064_8704.jpg,TCGA-CA-5796,TCGA-CA-5796-01Z-00-DX1,1,0.013563207,0
tumour/TCGA-CA-5796-01Z-00-DX1_24064_9216.jpg,TCGA-CA-5796,TCGA-CA-5796-01Z-00-DX1,1,0.0004547206,0
tumour/TCGA-CA-5796-01Z-00-DX1_24576_10240.jpg,TCGA-CA-5796,TCGA-CA-5796-01Z-00-DX1,1,0.00023833438,0
tumour/TCGA-CA-5796-01Z-00-DX1_24576_11264.jpg,TCGA-CA-5796,TCGA-CA-5796-01Z-00-DX1,1,0.32149482,0
tumour/TCGA-CA-5796-01Z-00-DX1_24576_12800.jpg,TCGA-CA-5796,TCGA-CA-5796-01Z-00-DX1,1,0.9052518,1
tumour/TCGA-CA-5796-01Z-00-DX1_24576_13824.jpg,TCGA-CA-5796,TCGA-CA-5796-01Z-00-DX1,1,0.10016386,0
tumour/TCGA-CA-5796-01Z-00-DX1_24576_14848.jpg,TCGA-CA-5796,TCGA-CA-5796-01Z-00-DX1,1,0.047624413,0
tumour/TCGA-CA-5796-01Z-00-DX1_24576_16384.jpg,TCGA-CA-5796,TCGA-CA-5796-01Z-00-DX1,1,0.5451711,1
tumour/TCGA-CA-5796-01Z-00-DX1_24576_17408.jpg,TCGA-CA-5796,TCGA-CA-5796-01Z-00-DX1,1,0.12769148,0
tumour/TCGA-CA-5796-01Z-00-DX1_24576_17920.jpg,TCGA-CA-5796,TCGA-CA-5796-01Z-00-DX1,1,0.19324614,0
tumour/TCGA-CA-5796-01Z-00-DX1_24576_18944.jpg,TCGA-CA-5796,TCGA-CA-5796-01Z-00-DX1,1,0.9625551,1
tumour/TCGA-CA-5796-01Z-00-DX1_24576_19456.jpg,TCGA-CA-5796,TCGA-CA-5796-01Z-00-DX1,1,0.8748922,1
tumour/TCGA-CA-5796-01Z-00-DX1_24576_20480.jpg,TCGA-CA-5796,TCGA-CA-5796-01Z-00-DX1,1,0.57076657,1
tumour/TCGA-CA-5796-01Z-00-DX1_24576_20992.jpg,TCGA-CA-5796,TCGA-CA-5796-01Z-00-DX1,1,0.056684263,0
tumour/TCGA-CA-5796-01Z-00-DX1_24576_22016.jpg,TCGA-CA-5796,TCGA-CA-5796-01Z-00-DX1,1,0.038020875,0
tumour/TCGA-CA-5796-01Z-00-DX1_24576_23040.jpg,TCGA-CA-5796,TCGA-CA-5796-01Z-00-DX1,1,0.95709646,1
tumour/TCGA-CA-5796-01Z-00-DX1_24576_24064.jpg,TCGA-CA-5796,TCGA-CA-5796-01Z-00-DX1,1,0.99956626,1
tumour/TCGA-CA-5796-01Z-00-DX1_24576_8704.jpg,TCGA-CA-5796,TCGA-CA-5796-01Z-00-DX1,1,0.018854985,0
tumour/TCGA-CA-5796-01Z-00-DX1_24576_9216.jpg,TCGA-CA-5796,TCGA-CA-5796-01Z-00-DX1,1,0.046855796,0
tumour/TCGA-CA-5796-01Z-00-DX1_24576_9728.jpg,TCGA-CA-5796,TCGA-CA-5796-01Z-00-DX1,1,0.007071518,0
tumour/TCGA-CA-5796-01Z-00-DX1_25088_11264.jpg,TCGA-CA-5796,TCGA-CA-5796-01Z-00-DX1,1,0.6345662,1
tumour/TCGA-CA-5796-01Z-00-DX1_25088_11776.jpg,TCGA-CA-5796,TCGA-CA-5796-01Z-00-DX1,1,0.92365116,1
tumour/TCGA-CA-5796-01Z-00-DX1_25088_15872.jpg,TCGA-CA-5796,TCGA-CA-5796-01Z-00-DX1,1,0.94747335,1
tumour/TCGA-CA-5796-01Z-00-DX1_25088_17408.jpg,TCGA-CA-5796,TCGA-CA-5796-01Z-00-DX1,1,0.024091687,0
tumour/TCGA-CA-5796-01Z-00-DX1_25088_18944.jpg,TCGA-CA-5796,TCGA-CA-5796-01Z-00-DX1,1,0.8777577,1
tumour/TCGA-CA-5796-01Z-00-DX1_25088_19456.jpg,TCGA-CA-5796,TCGA-CA-5796-01Z-00-DX1,1,0.4024214,0
tumour/TCGA-CA-5796-01Z-00-DX1_25088_20992.jpg,TCGA-CA-5796,TCGA-CA-5796-01Z-00-DX1,1,0.6998625,1
tumour/TCGA-CA-5796-01Z-00-DX1_25088_22016.jpg,TCGA-CA-5796,TCGA-CA-5796-01Z-00-DX1,1,0.9951096,1
tumour/TCGA-CA-5796-01Z-00-DX1_25088_22528.jpg,TCGA-CA-5796,TCGA-CA-5796-01Z-00-DX1,1,0.89559877,1
tumour/TCGA-CA-5796-01Z-00-DX1_25088_23040.jpg,TCGA-CA-5796,TCGA-CA-5796-01Z-00-DX1,1,0.9949452,1
tumour/TCGA-CA-5796-01Z-00-DX1_25088_23552.jpg,TCGA-CA-5796,TCGA-CA-5796-01Z-00-DX1,1,0.99952483,1
tumour/TCGA-CA-5796-01Z-00-DX1_25088_8192.jpg,TCGA-CA-5796,TCGA-CA-5796-01Z-00-DX1,1,0.021021238,0
tumour/TCGA-CA-5796-01Z-00-DX1_25088_9216.jpg,TCGA-CA-5796,TCGA-CA-5796-01Z-00-DX1,1,0.975301,1
tumour/TCGA-CA-5796-01Z-00-DX1_25600_10240.jpg,TCGA-CA-5796,TCGA-CA-5796-01Z-00-DX1,1,0.00037726603,0
tumour/TCGA-CA-5796-01Z-00-DX1_25600_14336.jpg,TCGA-CA-5796,TCGA-CA-5796-01Z-00-DX1,1,0.45439854,0
tumour/TCGA-CA-5796-01Z-00-DX1_25600_15360.jpg,TCGA-CA-5796,TCGA-CA-5796-01Z-00-DX1,1,0.46981683,0
tumour/TCGA-CA-5796-01Z-00-DX1_25600_16896.jpg,TCGA-CA-5796,TCGA-CA-5796-01Z-00-DX1,1,0.114475586,0
tumour/TCGA-CA-5796-01Z-00-DX1_25600_18432.jpg,TCGA-CA-5796,TCGA-CA-5796-01Z-00-DX1,1,0.8558491,1
tumour/TCGA-CA-5796-01Z-00-DX1_25600_20480.jpg,TCGA-CA-5796,TCGA-CA-5796-01Z-00-DX1,1,0.62452745,1
tumour/TCGA-CA-5796-01Z-00-DX1_25600_8704.jpg,TCGA-CA-5796,TCGA-CA-5796-01Z-00-DX1,1,0.75192356,1
tumour/TCGA-CA-5796-01Z-00-DX1_25600_9728.jpg,TCGA-CA-5796,TCGA-CA-5796-01Z-00-DX1,1,0.06860832,0
tumour/TCGA-CA-5796-01Z-00-DX1_2560_20992.jpg,TCGA-CA-5796,TCGA-CA-5796-01Z-00-DX1,1,0.81952864,1
tumour/TCGA-CA-5796-01Z-00-DX1_2560_21504.jpg,TCGA-CA-5796,TCGA-CA-5796-01Z-00-DX1,1,0.8976396,1
tumour/TCGA-CA-5796-01Z-00-DX1_26112_10240.jpg,TCGA-CA-5796,TCGA-CA-5796-01Z-00-DX1,1,0.5965495,1
tumour/TCGA-CA-5796-01Z-00-DX1_26112_10752.jpg,TCGA-CA-5796,TCGA-CA-5796-01Z-00-DX1,1,0.04096747,0
tumour/TCGA-CA-5796-01Z-00-DX1_26112_11264.jpg,TCGA-CA-5796,TCGA-CA-5796-01Z-00-DX1,1,0.6376071,1
tumour/TCGA-CA-5796-01Z-00-DX1_26112_14336.jpg,TCGA-CA-5796,TCGA-CA-5796-01Z-00-DX1,1,0.95713174,1
tumour/TCGA-CA-5796-01Z-00-DX1_26112_15872.jpg,TCGA-CA-5796,TCGA-CA-5796-01Z-00-DX1,1,0.09714972,0
tumour/TCGA-CA-5796-01Z-00-DX1_26112_16384.jpg,TCGA-CA-5796,TCGA-CA-5796-01Z-00-DX1,1,0.4922684,0
tumour/TCGA-CA-5796-01Z-00-DX1_26112_18944.jpg,TCGA-CA-5796,TCGA-CA-5796-01Z-00-DX1,1,0.9306858,1
tumour/TCGA-CA-5796-01Z-00-DX1_26112_21504.jpg,TCGA-CA-5796,TCGA-CA-5796-01Z-00-DX1,1,0.012123853,0
tumour/TCGA-CA-5796-01Z-00-DX1_26112_8704.jpg,TCGA-CA-5796,TCGA-CA-5796-01Z-00-DX1,1,0.9579919,1
tumour/TCGA-CA-5796-01Z-00-DX1_26624_10240.jpg,TCGA-CA-5796,TCGA-CA-5796-01Z-00-DX1,1,0.00036871847,0
tumour/TCGA-CA-5796-01Z-00-DX1_26624_15872.jpg,TCGA-CA-5796,TCGA-CA-5796-01Z-00-DX1,1,0.78854114,1
tumour/TCGA-CA-5796-01Z-00-DX1_26624_16384.jpg,TCGA-CA-5796,TCGA-CA-5796-01Z-00-DX1,1,0.2021506,0
tumour/TCGA-CA-5796-01Z-00-DX1_26624_17920.jpg,TCGA-CA-5796,TCGA-CA-5796-01Z-00-DX1,1,0.9540023,1
tumour/TCGA-CA-5796-01Z-00-DX1_26624_19456.jpg,TCGA-CA-5796,TCGA-CA-5796-01Z-00-DX1,1,0.2145412,0
tumour/TCGA-CA-5796-01Z-00-DX1_26624_19968.jpg,TCGA-CA-5796,TCGA-CA-5796-01Z-00-DX1,1,0.003212996,0
tumour/TCGA-CA-5796-01Z-00-DX1_26624_21504.jpg,TCGA-CA-5796,TCGA-CA-5796-01Z-00-DX1,1,0.1547838,0
tumour/TCGA-CA-5796-01Z-00-DX1_26624_22016.jpg,TCGA-CA-5796,TCGA-CA-5796-01Z-00-DX1,1,0.9561612,1
tumour/TCGA-CA-5796-01Z-00-DX1_26624_22528.jpg,TCGA-CA-5796,TCGA-CA-5796-01Z-00-DX1,1,0.58007705,1
tumour/TCGA-CA-5796-01Z-00-DX1_26624_28160.jpg,TCGA-CA-5796,TCGA-CA-5796-01Z-00-DX1,1,0.008435538,0
tumour/TCGA-CA-5796-01Z-00-DX1_27136_15360.jpg,TCGA-CA-5796,TCGA-CA-5796-01Z-00-DX1,1,0.73716706,1
tumour/TCGA-CA-5796-01Z-00-DX1_27136_15872.jpg,TCGA-CA-5796,TCGA-CA-5796-01Z-00-DX1,1,0.12692204,0
tumour/TCGA-CA-5796-01Z-00-DX1_27136_17920.jpg,TCGA-CA-5796,TCGA-CA-5796-01Z-00-DX1,1,0.99327916,1
tumour/TCGA-CA-5796-01Z-00-DX1_27136_18944.jpg,TCGA-CA-5796,TCGA-CA-5796-01Z-00-DX1,1,0.17517577,0
tumour/TCGA-CA-5796-01Z-00-DX1_27136_19968.jpg,TCGA-CA-5796,TCGA-CA-5796-01Z-00-DX1,1,0.6849551,1
tumour/TCGA-CA-5796-01Z-00-DX1_27136_20992.jpg,TCGA-CA-5796,TCGA-CA-5796-01Z-00-DX1,1,0.09261883,0
tumour/TCGA-CA-5796-01Z-00-DX1_27136_22016.jpg,TCGA-CA-5796,TCGA-CA-5796-01Z-00-DX1,1,0.78856087,1
tumour/TCGA-CA-5796-01Z-00-DX1_27136_22528.jpg,TCGA-CA-5796,TCGA-CA-5796-01Z-00-DX1,1,0.99265844,1
tumour/TCGA-CA-5796-01Z-00-DX1_27136_27136.jpg,TCGA-CA-5796,TCGA-CA-5796-01Z-00-DX1,1,0.9360151,1
tumour/TCGA-CA-5796-01Z-00-DX1_27136_27648.jpg,TCGA-CA-5796,TCGA-CA-5796-01Z-00-DX1,1,0.11567736,0
tumour/TCGA-CA-5796-01Z-00-DX1_27648_14336.jpg,TCGA-CA-5796,TCGA-CA-5796-01Z-00-DX1,1,0.8901307,1
tumour/TCGA-CA-5796-01Z-00-DX1_27648_14848.jpg,TCGA-CA-5796,TCGA-CA-5796-01Z-00-DX1,1,0.8223466,1
tumour/TCGA-CA-5796-01Z-00-DX1_27648_15360.jpg,TCGA-CA-5796,TCGA-CA-5796-01Z-00-DX1,1,0.5848257,1
tumour/TCGA-CA-5796-01Z-00-DX1_27648_17920.jpg,TCGA-CA-5796,TCGA-CA-5796-01Z-00-DX1,1,0.65370214,1
tumour/TCGA-CA-5796-01Z-00-DX1_27648_18432.jpg,TCGA-CA-5796,TCGA-CA-5796-01Z-00-DX1,1,0.9982198,1
tumour/TCGA-CA-5796-01Z-00-DX1_27648_18944.jpg,TCGA-CA-5796,TCGA-CA-5796-01Z-00-DX1,1,0.80201685,1
tumour/TCGA-CA-5796-01Z-00-DX1_27648_19456.jpg,TCGA-CA-5796,TCGA-CA-5796-01Z-00-DX1,1,0.6779498,1
tumour/TCGA-CA-5796-01Z-00-DX1_27648_19968.jpg,TCGA-CA-5796,TCGA-CA-5796-01Z-00-DX1,1,0.2922513,0
tumour/TCGA-CA-5796-01Z-00-DX1_27648_20480.jpg,TCGA-CA-5796,TCGA-CA-5796-01Z-00-DX1,1,0.15235497,0
tumour/TCGA-CA-5796-01Z-00-DX1_27648_21504.jpg,TCGA-CA-5796,TCGA-CA-5796-01Z-00-DX1,1,0.9647414,1
tumour/TCGA-CA-5796-01Z-00-DX1_27648_25600.jpg,TCGA-CA-5796,TCGA-CA-5796-01Z-00-DX1,1,0.28521886,0
tumour/TCGA-CA-5796-01Z-00-DX1_27648_30208.jpg,TCGA-CA-5796,TCGA-CA-5796-01Z-00-DX1,1,0.08211677,0
tumour/TCGA-CA-5796-01Z-00-DX1_28160_13312.jpg,TCGA-CA-5796,TCGA-CA-5796-01Z-00-DX1,1,0.41626942,0
tumour/TCGA-CA-5796-01Z-00-DX1_28160_14848.jpg,TCGA-CA-5796,TCGA-CA-5796-01Z-00-DX1,1,0.3652661,0
tumour/TCGA-CA-5796-01Z-00-DX1_28160_16896.jpg,TCGA-CA-5796,TCGA-CA-5796-01Z-00-DX1,1,0.5954986,1
tumour/TCGA-CA-5796-01Z-00-DX1_28160_19456.jpg,TCGA-CA-5796,TCGA-CA-5796-01Z-00-DX1,1,0.99966025,1
tumour/TCGA-CA-5796-01Z-00-DX1_28160_19968.jpg,TCGA-CA-5796,TCGA-CA-5796-01Z-00-DX1,1,0.9813157,1
tumour/TCGA-CA-5796-01Z-00-DX1_28160_20992.jpg,TCGA-CA-5796,TCGA-CA-5796-01Z-00-DX1,1,0.14584215,0
tumour/TCGA-CA-5796-01Z-00-DX1_28160_21504.jpg,TCGA-CA-5796,TCGA-CA-5796-01Z-00-DX1,1,0.9722415,1
tumour/TCGA-CA-5796-01Z-00-DX1_28160_25088.jpg,TCGA-CA-5796,TCGA-CA-5796-01Z-00-DX1,1,0.12641081,0
tumour/TCGA-CA-5796-01Z-00-DX1_28160_26112.jpg,TCGA-CA-5796,TCGA-CA-5796-01Z-00-DX1,1,0.8841045,1
tumour/TCGA-CA-5796-01Z-00-DX1_28160_28160.jpg,TCGA-CA-5796,TCGA-CA-5796-01Z-00-DX1,1,0.0018619089,0
tumour/TCGA-CA-5796-01Z-00-DX1_28160_28672.jpg,TCGA-CA-5796,TCGA-CA-5796-01Z-00-DX1,1,0.06587571,0
tumour/TCGA-CA-5796-01Z-00-DX1_28160_29696.jpg,TCGA-CA-5796,TCGA-CA-5796-01Z-00-DX1,1,0.25508547,0
tumour/TCGA-CA-5796-01Z-00-DX1_28672_13312.jpg,TCGA-CA-5796,TCGA-CA-5796-01Z-00-DX1,1,0.31755704,0
tumour/TCGA-CA-5796-01Z-00-DX1_28672_15360.jpg,TCGA-CA-5796,TCGA-CA-5796-01Z-00-DX1,1,0.6038497,1
tumour/TCGA-CA-5796-01Z-00-DX1_28672_17920.jpg,TCGA-CA-5796,TCGA-CA-5796-01Z-00-DX1,1,0.91777813,1
tumour/TCGA-CA-5796-01Z-00-DX1_28672_18432.jpg,TCGA-CA-5796,TCGA-CA-5796-01Z-00-DX1,1,0.19864967,0
tumour/TCGA-CA-5796-01Z-00-DX1_28672_19456.jpg,TCGA-CA-5796,TCGA-CA-5796-01Z-00-DX1,1,0.8181975,1
tumour/TCGA-CA-5796-01Z-00-DX1_28672_19968.jpg,TCGA-CA-5796,TCGA-CA-5796-01Z-00-DX1,1,0.995275,1
tumour/TCGA-CA-5796-01Z-00-DX1_28672_20480.jpg,TCGA-CA-5796,TCGA-CA-5796-01Z-00-DX1,1,0.9741158,1
tumour/TCGA-CA-5796-01Z-00-DX1_28672_20992.jpg,TCGA-CA-5796,TCGA-CA-5796-01Z-00-DX1,1,0.6284377,1
tumour/TCGA-CA-5796-01Z-00-DX1_28672_21504.jpg,TCGA-CA-5796,TCGA-CA-5796-01Z-00-DX1,1,0.9924315,1
tumour/TCGA-CA-5796-01Z-00-DX1_28672_24576.jpg,TCGA-CA-5796,TCGA-CA-5796-01Z-00-DX1,1,0.9826455,1
tumour/TCGA-CA-5796-01Z-00-DX1_28672_25088.jpg,TCGA-CA-5796,TCGA-CA-5796-01Z-00-DX1,1,0.19138677,0
tumour/TCGA-CA-5796-01Z-00-DX1_28672_27648.jpg,TCGA-CA-5796,TCGA-CA-5796-01Z-00-DX1,1,0.5379919,1
tumour/TCGA-CA-5796-01Z-00-DX1_28672_28672.jpg,TCGA-CA-5796,TCGA-CA-5796-01Z-00-DX1,1,0.011808295,0
tumour/TCGA-CA-5796-01Z-00-DX1_28672_29184.jpg,TCGA-CA-5796,TCGA-CA-5796-01Z-00-DX1,1,0.012785318,0
tumour/TCGA-CA-5796-01Z-00-DX1_29184_14848.jpg,TCGA-CA-5796,TCGA-CA-5796-01Z-00-DX1,1,0.18082124,0
tumour/TCGA-CA-5796-01Z-00-DX1_29184_17920.jpg,TCGA-CA-5796,TCGA-CA-5796-01Z-00-DX1,1,0.6014694,1
tumour/TCGA-CA-5796-01Z-00-DX1_29184_18432.jpg,TCGA-CA-5796,TCGA-CA-5796-01Z-00-DX1,1,0.4343386,0
tumour/TCGA-CA-5796-01Z-00-DX1_29184_18944.jpg,TCGA-CA-5796,TCGA-CA-5796-01Z-00-DX1,1,0.9741363,1
tumour/TCGA-CA-5796-01Z-00-DX1_29184_19456.jpg,TCGA-CA-5796,TCGA-CA-5796-01Z-00-DX1,1,0.64171237,1
tumour/TCGA-CA-5796-01Z-00-DX1_29184_20480.jpg,TCGA-CA-5796,TCGA-CA-5796-01Z-00-DX1,1,0.044895194,0
tumour/TCGA-CA-5796-01Z-00-DX1_29184_25088.jpg,TCGA-CA-5796,TCGA-CA-5796-01Z-00-DX1,1,0.15878654,0
tumour/TCGA-CA-5796-01Z-00-DX1_29184_27648.jpg,TCGA-CA-5796,TCGA-CA-5796-01Z-00-DX1,1,0.005927081,0
tumour/TCGA-CA-5796-01Z-00-DX1_29184_30208.jpg,TCGA-CA-5796,TCGA-CA-5796-01Z-00-DX1,1,0.120918974,0
tumour/TCGA-CA-5796-01Z-00-DX1_29696_12800.jpg,TCGA-CA-5796,TCGA-CA-5796-01Z-00-DX1,1,0.06398982,0
tumour/TCGA-CA-5796-01Z-00-DX1_29696_13312.jpg,TCGA-CA-5796,TCGA-CA-5796-01Z-00-DX1,1,0.023695111,0
tumour/TCGA-CA-5796-01Z-00-DX1_29696_13824.jpg,TCGA-CA-5796,TCGA-CA-5796-01Z-00-DX1,1,0.70083404,1
tumour/TCGA-CA-5796-01Z-00-DX1_29696_14848.jpg,TCGA-CA-5796,TCGA-CA-5796-01Z-00-DX1,1,0.6698796,1
tumour/TCGA-CA-5796-01Z-00-DX1_29696_15360.jpg,TCGA-CA-5796,TCGA-CA-5796-01Z-00-DX1,1,0.6656626,1
tumour/TCGA-CA-5796-01Z-00-DX1_29696_18944.jpg,TCGA-CA-5796,TCGA-CA-5796-01Z-00-DX1,1,0.97866803,1
tumour/TCGA-CA-5796-01Z-00-DX1_29696_20480.jpg,TCGA-CA-5796,TCGA-CA-5796-01Z-00-DX1,1,0.49628916,0
tumour/TCGA-CA-5796-01Z-00-DX1_29696_24064.jpg,TCGA-CA-5796,TCGA-CA-5796-01Z-00-DX1,1,0.86326796,1
tumour/TCGA-CA-5796-01Z-00-DX1_29696_24576.jpg,TCGA-CA-5796,TCGA-CA-5796-01Z-00-DX1,1,0.6302997,1
tumour/TCGA-CA-5796-01Z-00-DX1_29696_27136.jpg,TCGA-CA-5796,TCGA-CA-5796-01Z-00-DX1,1,0.3777838,0
tumour/TCGA-CA-5796-01Z-00-DX1_29696_27648.jpg,TCGA-CA-5796,TCGA-CA-5796-01Z-00-DX1,1,0.0092421295,0
tumour/TCGA-CA-5796-01Z-00-DX1_29696_29184.jpg,TCGA-CA-5796,TCGA-CA-5796-01Z-00-DX1,1,0.019435594,0
tumour/TCGA-CA-5796-01Z-00-DX1_29696_29696.jpg,TCGA-CA-5796,TCGA-CA-5796-01Z-00-DX1,1,0.078536235,0
tumour/TCGA-CA-5796-01Z-00-DX1_30208_12800.jpg,TCGA-CA-5796,TCGA-CA-5796-01Z-00-DX1,1,0.7482313,1
tumour/TCGA-CA-5796-01Z-00-DX1_30208_13824.jpg,TCGA-CA-5796,TCGA-CA-5796-01Z-00-DX1,1,0.92337674,1
tumour/TCGA-CA-5796-01Z-00-DX1_30208_14336.jpg,TCGA-CA-5796,TCGA-CA-5796-01Z-00-DX1,1,0.0028337569,0
tumour/TCGA-CA-5796-01Z-00-DX1_30208_14848.jpg,TCGA-CA-5796,TCGA-CA-5796-01Z-00-DX1,1,0.31328055,0
tumour/TCGA-CA-5796-01Z-00-DX1_30208_24576.jpg,TCGA-CA-5796,TCGA-CA-5796-01Z-00-DX1,1,0.13961656,0
tumour/TCGA-CA-5796-01Z-00-DX1_30208_26624.jpg,TCGA-CA-5796,TCGA-CA-5796-01Z-00-DX1,1,0.65704167,1
tumour/TCGA-CA-5796-01Z-00-DX1_30208_27648.jpg,TCGA-CA-5796,TCGA-CA-5796-01Z-00-DX1,1,0.7631992,1
tumour/TCGA-CA-5796-01Z-00-DX1_30208_28160.jpg,TCGA-CA-5796,TCGA-CA-5796-01Z-00-DX1,1,0.017769882,0
tumour/TCGA-CA-5796-01Z-00-DX1_30208_29184.jpg,TCGA-CA-5796,TCGA-CA-5796-01Z-00-DX1,1,0.0072302166,0
tumour/TCGA-CA-5796-01Z-00-DX1_30720_13824.jpg,TCGA-CA-5796,TCGA-CA-5796-01Z-00-DX1,1,0.04347445,0
tumour/TCGA-CA-5796-01Z-00-DX1_30720_23040.jpg,TCGA-CA-5796,TCGA-CA-5796-01Z-00-DX1,1,0.9172538,1
tumour/TCGA-CA-5796-01Z-00-DX1_30720_25600.jpg,TCGA-CA-5796,TCGA-CA-5796-01Z-00-DX1,1,0.66461885,1
tumour/TCGA-CA-5796-01Z-00-DX1_30720_26112.jpg,TCGA-CA-5796,TCGA-CA-5796-01Z-00-DX1,1,0.60507476,1
tumour/TCGA-CA-5796-01Z-00-DX1_30720_27136.jpg,TCGA-CA-5796,TCGA-CA-5796-01Z-00-DX1,1,0.42155054,0
tumour/TCGA-CA-5796-01Z-00-DX1_30720_28160.jpg,TCGA-CA-5796,TCGA-CA-5796-01Z-00-DX1,1,0.37089482,0
tumour/TCGA-CA-5796-01Z-00-DX1_30720_29696.jpg,TCGA-CA-5796,TCGA-CA-5796-01Z-00-DX1,1,0.6132997,1
tumour/TCGA-CA-5796-01Z-00-DX1_3072_21504.jpg,TCGA-CA-5796,TCGA-CA-5796-01Z-00-DX1,1,0.4338851,0
tumour/TCGA-CA-5796-01Z-00-DX1_3072_22016.jpg,TCGA-CA-5796,TCGA-CA-5796-01Z-00-DX1,1,0.40830976,0
tumour/TCGA-CA-5796-01Z-00-DX1_31232_20992.jpg,TCGA-CA-5796,TCGA-CA-5796-01Z-00-DX1,1,0.99839264,1
tumour/TCGA-CA-5796-01Z-00-DX1_31232_22016.jpg,TCGA-CA-5796,TCGA-CA-5796-01Z-00-DX1,1,0.97728455,1
tumour/TCGA-CA-5796-01Z-00-DX1_31232_23040.jpg,TCGA-CA-5796,TCGA-CA-5796-01Z-00-DX1,1,0.9848679,1
tumour/TCGA-CA-5796-01Z-00-DX1_31232_23552.jpg,TCGA-CA-5796,TCGA-CA-5796-01Z-00-DX1,1,0.88628805,1
tumour/TCGA-CA-5796-01Z-00-DX1_31232_25088.jpg,TCGA-CA-5796,TCGA-CA-5796-01Z-00-DX1,1,0.72718984,1
tumour/TCGA-CA-5796-01Z-00-DX1_31232_25600.jpg,TCGA-CA-5796,TCGA-CA-5796-01Z-00-DX1,1,0.89812964,1
tumour/TCGA-CA-5796-01Z-00-DX1_31232_27136.jpg,TCGA-CA-5796,TCGA-CA-5796-01Z-00-DX1,1,0.047103852,0
tumour/TCGA-CA-5796-01Z-00-DX1_31232_29184.jpg,TCGA-CA-5796,TCGA-CA-5796-01Z-00-DX1,1,0.018543856,0
tumour/TCGA-CA-5796-01Z-00-DX1_31744_18944.jpg,TCGA-CA-5796,TCGA-CA-5796-01Z-00-DX1,1,0.9989391,1
tumour/TCGA-CA-5796-01Z-00-DX1_31744_19456.jpg,TCGA-CA-5796,TCGA-CA-5796-01Z-00-DX1,1,0.9935626,1
tumour/TCGA-CA-5796-01Z-00-DX1_31744_19968.jpg,TCGA-CA-5796,TCGA-CA-5796-01Z-00-DX1,1,0.9529959,1
tumour/TCGA-CA-5796-01Z-00-DX1_31744_21504.jpg,TCGA-CA-5796,TCGA-CA-5796-01Z-00-DX1,1,0.98940617,1
tumour/TCGA-CA-5796-01Z-00-DX1_31744_23552.jpg,TCGA-CA-5796,TCGA-CA-5796-01Z-00-DX1,1,0.99785256,1
tumour/TCGA-CA-5796-01Z-00-DX1_31744_24064.jpg,TCGA-CA-5796,TCGA-CA-5796-01Z-00-DX1,1,0.99759334,1
tumour/TCGA-CA-5796-01Z-00-DX1_31744_25600.jpg,TCGA-CA-5796,TCGA-CA-5796-01Z-00-DX1,1,0.9960812,1
tumour/TCGA-CA-5796-01Z-00-DX1_31744_26112.jpg,TCGA-CA-5796,TCGA-CA-5796-01Z-00-DX1,1,0.99775785,1
tumour/TCGA-CA-5796-01Z-00-DX1_32256_25088.jpg,TCGA-CA-5796,TCGA-CA-5796-01Z-00-DX1,1,0.90662956,1
tumour/TCGA-CA-5796-01Z-00-DX1_32256_25600.jpg,TCGA-CA-5796,TCGA-CA-5796-01Z-00-DX1,1,0.86181843,1
tumour/TCGA-CA-5796-01Z-00-DX1_32256_26112.jpg,TCGA-CA-5796,TCGA-CA-5796-01Z-00-DX1,1,0.8572663,1
tumour/TCGA-CA-5796-01Z-00-DX1_32256_26624.jpg,TCGA-CA-5796,TCGA-CA-5796-01Z-00-DX1,1,0.52960885,1
tumour/TCGA-CA-5796-01Z-00-DX1_3584_20992.jpg,TCGA-CA-5796,TCGA-CA-5796-01Z-00-DX1,1,0.25513405,0
tumour/TCGA-CA-5796-01Z-00-DX1_3584_21504.jpg,TCGA-CA-5796,TCGA-CA-5796-01Z-00-DX1,1,0.5289737,1
tumour/TCGA-CA-5796-01Z-00-DX1_3584_22016.jpg,TCGA-CA-5796,TCGA-CA-5796-01Z-00-DX1,1,0.37101862,0
tumour/TCGA-CA-5796-01Z-00-DX1_4096_15360.jpg,TCGA-CA-5796,TCGA-CA-5796-01Z-00-DX1,1,0.0018938332,0
tumour/TCGA-CA-5796-01Z-00-DX1_4096_21504.jpg,TCGA-CA-5796,TCGA-CA-5796-01Z-00-DX1,1,0.9067358,1
tumour/TCGA-CA-5796-01Z-00-DX1_4096_23040.jpg,TCGA-CA-5796,TCGA-CA-5796-01Z-00-DX1,1,0.6593599,1
tumour/TCGA-CA-5796-01Z-00-DX1_4096_6656.jpg,TCGA-CA-5796,TCGA-CA-5796-01Z-00-DX1,1,0.95046484,1
tumour/TCGA-CA-5796-01Z-00-DX1_4096_7168.jpg,TCGA-CA-5796,TCGA-CA-5796-01Z-00-DX1,1,0.9951815,1
tumour/TCGA-CA-5796-01Z-00-DX1_4096_7680.jpg,TCGA-CA-5796,TCGA-CA-5796-01Z-00-DX1,1,0.96785074,1
tumour/TCGA-CA-5796-01Z-00-DX1_4608_15360.jpg,TCGA-CA-5796,TCGA-CA-5796-01Z-00-DX1,1,0.030222524,0
tumour/TCGA-CA-5796-01Z-00-DX1_4608_20480.jpg,TCGA-CA-5796,TCGA-CA-5796-01Z-00-DX1,1,0.99351454,1
tumour/TCGA-CA-5796-01Z-00-DX1_4608_20992.jpg,TCGA-CA-5796,TCGA-CA-5796-01Z-00-DX1,1,0.7902952,1
tumour/TCGA-CA-5796-01Z-00-DX1_4608_23040.jpg,TCGA-CA-5796,TCGA-CA-5796-01Z-00-DX1,1,0.9348576,1
tumour/TCGA-CA-5796-01Z-00-DX1_4608_24064.jpg,TCGA-CA-5796,TCGA-CA-5796-01Z-00-DX1,1,0.18053637,0
tumour/TCGA-CA-5796-01Z-00-DX1_4608_24576.jpg,TCGA-CA-5796,TCGA-CA-5796-01Z-00-DX1,1,0.35487905,0
tumour/TCGA-CA-5796-01Z-00-DX1_4608_5632.jpg,TCGA-CA-5796,TCGA-CA-5796-01Z-00-DX1,1,0.96512246,1
tumour/TCGA-CA-5796-01Z-00-DX1_4608_6144.jpg,TCGA-CA-5796,TCGA-CA-5796-01Z-00-DX1,1,0.9967135,1
tumour/TCGA-CA-5796-01Z-00-DX1_4608_6656.jpg,TCGA-CA-5796,TCGA-CA-5796-01Z-00-DX1,1,0.010326817,0
tumour/TCGA-CA-5796-01Z-00-DX1_4608_7680.jpg,TCGA-CA-5796,TCGA-CA-5796-01Z-00-DX1,1,0.20891722,0
tumour/TCGA-CA-5796-01Z-00-DX1_4608_8192.jpg,TCGA-CA-5796,TCGA-CA-5796-01Z-00-DX1,1,0.013665446,0
tumour/TCGA-CA-5796-01Z-00-DX1_4608_8704.jpg,TCGA-CA-5796,TCGA-CA-5796-01Z-00-DX1,1,0.34899393,0
tumour/TCGA-CA-5796-01Z-00-DX1_5120_12288.jpg,TCGA-CA-5796,TCGA-CA-5796-01Z-00-DX1,1,0.9928926,1
tumour/TCGA-CA-5796-01Z-00-DX1_5120_13824.jpg,TCGA-CA-5796,TCGA-CA-5796-01Z-00-DX1,1,0.40901077,0
tumour/TCGA-CA-5796-01Z-00-DX1_5120_14336.jpg,TCGA-CA-5796,TCGA-CA-5796-01Z-00-DX1,1,0.62083155,1
tumour/TCGA-CA-5796-01Z-00-DX1_5120_15360.jpg,TCGA-CA-5796,TCGA-CA-5796-01Z-00-DX1,1,0.23057845,0
tumour/TCGA-CA-5796-01Z-00-DX1_5120_19968.jpg,TCGA-CA-5796,TCGA-CA-5796-01Z-00-DX1,1,0.73943913,1
tumour/TCGA-CA-5796-01Z-00-DX1_5120_20992.jpg,TCGA-CA-5796,TCGA-CA-5796-01Z-00-DX1,1,0.8254317,1
tumour/TCGA-CA-5796-01Z-00-DX1_5120_22528.jpg,TCGA-CA-5796,TCGA-CA-5796-01Z-00-DX1,1,0.84755045,1
tumour/TCGA-CA-5796-01Z-00-DX1_5120_23552.jpg,TCGA-CA-5796,TCGA-CA-5796-01Z-00-DX1,1,0.9188069,1
tumour/TCGA-CA-5796-01Z-00-DX1_5120_24064.jpg,TCGA-CA-5796,TCGA-CA-5796-01Z-00-DX1,1,0.00056501874,0
tumour/TCGA-CA-5796-01Z-00-DX1_5120_5632.jpg,TCGA-CA-5796,TCGA-CA-5796-01Z-00-DX1,1,0.0522762,0
tumour/TCGA-CA-5796-01Z-00-DX1_5120_8192.jpg,TCGA-CA-5796,TCGA-CA-5796-01Z-00-DX1,1,0.02708292,0
tumour/TCGA-CA-5796-01Z-00-DX1_5120_8704.jpg,TCGA-CA-5796,TCGA-CA-5796-01Z-00-DX1,1,0.06315408,0
tumour/TCGA-CA-5796-01Z-00-DX1_5120_9728.jpg,TCGA-CA-5796,TCGA-CA-5796-01Z-00-DX1,1,0.074262634,0
tumour/TCGA-CA-5796-01Z-00-DX1_5632_10240.jpg,TCGA-CA-5796,TCGA-CA-5796-01Z-00-DX1,1,0.9772893,1
tumour/TCGA-CA-5796-01Z-00-DX1_5632_11776.jpg,TCGA-CA-5796,TCGA-CA-5796-01Z-00-DX1,1,0.056922413,0
tumour/TCGA-CA-5796-01Z-00-DX1_5632_14848.jpg,TCGA-CA-5796,TCGA-CA-5796-01Z-00-DX1,1,0.96490276,1
tumour/TCGA-CA-5796-01Z-00-DX1_5632_16384.jpg,TCGA-CA-5796,TCGA-CA-5796-01Z-00-DX1,1,0.40317836,0
tumour/TCGA-CA-5796-01Z-00-DX1_5632_20480.jpg,TCGA-CA-5796,TCGA-CA-5796-01Z-00-DX1,1,0.01096242,0
tumour/TCGA-CA-5796-01Z-00-DX1_5632_20992.jpg,TCGA-CA-5796,TCGA-CA-5796-01Z-00-DX1,1,0.84848654,1
tumour/TCGA-CA-5796-01Z-00-DX1_5632_21504.jpg,TCGA-CA-5796,TCGA-CA-5796-01Z-00-DX1,1,0.10830421,0
tumour/TCGA-CA-5796-01Z-00-DX1_5632_23552.jpg,TCGA-CA-5796,TCGA-CA-5796-01Z-00-DX1,1,0.011069989,0
tumour/TCGA-CA-5796-01Z-00-DX1_5632_5632.jpg,TCGA-CA-5796,TCGA-CA-5796-01Z-00-DX1,1,0.98722494,1
tumour/TCGA-CA-5796-01Z-00-DX1_5632_6144.jpg,TCGA-CA-5796,TCGA-CA-5796-01Z-00-DX1,1,0.05241257,0
tumour/TCGA-CA-5796-01Z-00-DX1_5632_6656.jpg,TCGA-CA-5796,TCGA-CA-5796-01Z-00-DX1,1,0.15006816,0
tumour/TCGA-CA-5796-01Z-00-DX1_5632_9216.jpg,TCGA-CA-5796,TCGA-CA-5796-01Z-00-DX1,1,0.07191537,0
tumour/TCGA-CA-5796-01Z-00-DX1_6144_11776.jpg,TCGA-CA-5796,TCGA-CA-5796-01Z-00-DX1,1,0.0138599975,0
tumour/TCGA-CA-5796-01Z-00-DX1_6144_13824.jpg,TCGA-CA-5796,TCGA-CA-5796-01Z-00-DX1,1,0.48529622,0
tumour/TCGA-CA-5796-01Z-00-DX1_6144_14848.jpg,TCGA-CA-5796,TCGA-CA-5796-01Z-00-DX1,1,0.41201377,0
tumour/TCGA-CA-5796-01Z-00-DX1_6144_16384.jpg,TCGA-CA-5796,TCGA-CA-5796-01Z-00-DX1,1,0.30786774,0
tumour/TCGA-CA-5796-01Z-00-DX1_6144_18432.jpg,TCGA-CA-5796,TCGA-CA-5796-01Z-00-DX1,1,0.84073895,1
tumour/TCGA-CA-5796-01Z-00-DX1_6144_19968.jpg,TCGA-CA-5796,TCGA-CA-5796-01Z-00-DX1,1,0.035093416,0
tumour/TCGA-CA-5796-01Z-00-DX1_6144_22016.jpg,TCGA-CA-5796,TCGA-CA-5796-01Z-00-DX1,1,0.98483616,1
tumour/TCGA-CA-5796-01Z-00-DX1_6144_23552.jpg,TCGA-CA-5796,TCGA-CA-5796-01Z-00-DX1,1,2.703293e-05,0
tumour/TCGA-CA-5796-01Z-00-DX1_6144_24064.jpg,TCGA-CA-5796,TCGA-CA-5796-01Z-00-DX1,1,0.28717086,0
tumour/TCGA-CA-5796-01Z-00-DX1_6144_6144.jpg,TCGA-CA-5796,TCGA-CA-5796-01Z-00-DX1,1,0.3601997,0
tumour/TCGA-CA-5796-01Z-00-DX1_6144_9728.jpg,TCGA-CA-5796,TCGA-CA-5796-01Z-00-DX1,1,0.16611037,0
tumour/TCGA-CA-5796-01Z-00-DX1_6656_11264.jpg,TCGA-CA-5796,TCGA-CA-5796-01Z-00-DX1,1,0.85571635,1
tumour/TCGA-CA-5796-01Z-00-DX1_6656_11776.jpg,TCGA-CA-5796,TCGA-CA-5796-01Z-00-DX1,1,0.0012014849,0
tumour/TCGA-CA-5796-01Z-00-DX1_6656_12288.jpg,TCGA-CA-5796,TCGA-CA-5796-01Z-00-DX1,1,0.94936544,1
tumour/TCGA-CA-5796-01Z-00-DX1_6656_12800.jpg,TCGA-CA-5796,TCGA-CA-5796-01Z-00-DX1,1,0.029784914,0
tumour/TCGA-CA-5796-01Z-00-DX1_6656_15872.jpg,TCGA-CA-5796,TCGA-CA-5796-01Z-00-DX1,1,0.98979706,1
tumour/TCGA-CA-5796-01Z-00-DX1_6656_18432.jpg,TCGA-CA-5796,TCGA-CA-5796-01Z-00-DX1,1,0.0038033016,0
tumour/TCGA-CA-5796-01Z-00-DX1_6656_18944.jpg,TCGA-CA-5796,TCGA-CA-5796-01Z-00-DX1,1,0.2251866,0
tumour/TCGA-CA-5796-01Z-00-DX1_6656_20992.jpg,TCGA-CA-5796,TCGA-CA-5796-01Z-00-DX1,1,0.0067609106,0
tumour/TCGA-CA-5796-01Z-00-DX1_6656_21504.jpg,TCGA-CA-5796,TCGA-CA-5796-01Z-00-DX1,1,0.6401361,1
tumour/TCGA-CA-5796-01Z-00-DX1_6656_22528.jpg,TCGA-CA-5796,TCGA-CA-5796-01Z-00-DX1,1,0.98621386,1
tumour/TCGA-CA-5796-01Z-00-DX1_6656_5120.jpg,TCGA-CA-5796,TCGA-CA-5796-01Z-00-DX1,1,0.02516972,0
tumour/TCGA-CA-5796-01Z-00-DX1_6656_6144.jpg,TCGA-CA-5796,TCGA-CA-5796-01Z-00-DX1,1,0.19909741,0
tumour/TCGA-CA-5796-01Z-00-DX1_6656_8192.jpg,TCGA-CA-5796,TCGA-CA-5796-01Z-00-DX1,1,0.010049882,0
tumour/TCGA-CA-5796-01Z-00-DX1_6656_8704.jpg,TCGA-CA-5796,TCGA-CA-5796-01Z-00-DX1,1,0.003925034,0
tumour/TCGA-CA-5796-01Z-00-DX1_6656_9216.jpg,TCGA-CA-5796,TCGA-CA-5796-01Z-00-DX1,1,0.24615501,0
tumour/TCGA-CA-5796-01Z-00-DX1_7168_10752.jpg,TCGA-CA-5796,TCGA-CA-5796-01Z-00-DX1,1,0.051005848,0
tumour/TCGA-CA-5796-01Z-00-DX1_7168_11264.jpg,TCGA-CA-5796,TCGA-CA-5796-01Z-00-DX1,1,0.74284595,1
tumour/TCGA-CA-5796-01Z-00-DX1_7168_11776.jpg,TCGA-CA-5796,TCGA-CA-5796-01Z-00-DX1,1,0.04558559,0
tumour/TCGA-CA-5796-01Z-00-DX1_7168_14336.jpg,TCGA-CA-5796,TCGA-CA-5796-01Z-00-DX1,1,0.7940235,1
tumour/TCGA-CA-5796-01Z-00-DX1_7168_15360.jpg,TCGA-CA-5796,TCGA-CA-5796-01Z-00-DX1,1,0.00079654204,0
tumour/TCGA-CA-5796-01Z-00-DX1_7168_15872.jpg,TCGA-CA-5796,TCGA-CA-5796-01Z-00-DX1,1,0.97838223,1
tumour/TCGA-CA-5796-01Z-00-DX1_7168_16896.jpg,TCGA-CA-5796,TCGA-CA-5796-01Z-00-DX1,1,0.6077329,1
tumour/TCGA-CA-5796-01Z-00-DX1_7168_18432.jpg,TCGA-CA-5796,TCGA-CA-5796-01Z-00-DX1,1,0.00088613154,0
tumour/TCGA-CA-5796-01Z-00-DX1_7168_20992.jpg,TCGA-CA-5796,TCGA-CA-5796-01Z-00-DX1,1,0.9946213,1
tumour/TCGA-CA-5796-01Z-00-DX1_7168_6656.jpg,TCGA-CA-5796,TCGA-CA-5796-01Z-00-DX1,1,0.008324422,0
tumour/TCGA-CA-5796-01Z-00-DX1_7168_7168.jpg,TCGA-CA-5796,TCGA-CA-5796-01Z-00-DX1,1,0.07934608,0
tumour/TCGA-CA-5796-01Z-00-DX1_7168_7680.jpg,TCGA-CA-5796,TCGA-CA-5796-01Z-00-DX1,1,0.62765557,1
tumour/TCGA-CA-5796-01Z-00-DX1_7168_8192.jpg,TCGA-CA-5796,TCGA-CA-5796-01Z-00-DX1,1,0.019413132,0
tumour/TCGA-CA-5796-01Z-00-DX1_7168_9216.jpg,TCGA-CA-5796,TCGA-CA-5796-01Z-00-DX1,1,0.016604137,0
tumour/TCGA-CA-5796-01Z-00-DX1_7680_10752.jpg,TCGA-CA-5796,TCGA-CA-5796-01Z-00-DX1,1,0.08690339,0
tumour/TCGA-CA-5796-01Z-00-DX1_7680_12800.jpg,TCGA-CA-5796,TCGA-CA-5796-01Z-00-DX1,1,0.0104577355,0
tumour/TCGA-CA-5796-01Z-00-DX1_7680_14336.jpg,TCGA-CA-5796,TCGA-CA-5796-01Z-00-DX1,1,0.8762809,1
tumour/TCGA-CA-5796-01Z-00-DX1_7680_14848.jpg,TCGA-CA-5796,TCGA-CA-5796-01Z-00-DX1,1,0.06940277,0
tumour/TCGA-CA-5796-01Z-00-DX1_7680_15360.jpg,TCGA-CA-5796,TCGA-CA-5796-01Z-00-DX1,1,0.01738341,0
tumour/TCGA-CA-5796-01Z-00-DX1_7680_16384.jpg,TCGA-CA-5796,TCGA-CA-5796-01Z-00-DX1,1,0.33707336,0
tumour/TCGA-CA-5796-01Z-00-DX1_7680_17408.jpg,TCGA-CA-5796,TCGA-CA-5796-01Z-00-DX1,1,0.030516692,0
tumour/TCGA-CA-5796-01Z-00-DX1_7680_18944.jpg,TCGA-CA-5796,TCGA-CA-5796-01Z-00-DX1,1,0.0063555646,0
tumour/TCGA-CA-5796-01Z-00-DX1_7680_20480.jpg,TCGA-CA-5796,TCGA-CA-5796-01Z-00-DX1,1,0.0031546152,0
tumour/TCGA-CA-5796-01Z-00-DX1_7680_21504.jpg,TCGA-CA-5796,TCGA-CA-5796-01Z-00-DX1,1,0.03615056,0
tumour/TCGA-CA-5796-01Z-00-DX1_7680_22016.jpg,TCGA-CA-5796,TCGA-CA-5796-01Z-00-DX1,1,0.9029433,1
tumour/TCGA-CA-5796-01Z-00-DX1_7680_22528.jpg,TCGA-CA-5796,TCGA-CA-5796-01Z-00-DX1,1,0.9573973,1
tumour/TCGA-CA-5796-01Z-00-DX1_7680_4608.jpg,TCGA-CA-5796,TCGA-CA-5796-01Z-00-DX1,1,0.64841825,1
tumour/TCGA-CA-5796-01Z-00-DX1_7680_5632.jpg,TCGA-CA-5796,TCGA-CA-5796-01Z-00-DX1,1,0.0014611126,0
tumour/TCGA-CA-5796-01Z-00-DX1_7680_6656.jpg,TCGA-CA-5796,TCGA-CA-5796-01Z-00-DX1,1,0.17340223,0
tumour/TCGA-CA-5796-01Z-00-DX1_7680_7168.jpg,TCGA-CA-5796,TCGA-CA-5796-01Z-00-DX1,1,0.5364352,1
tumour/TCGA-CA-5796-01Z-00-DX1_7680_7680.jpg,TCGA-CA-5796,TCGA-CA-5796-01Z-00-DX1,1,0.78668976,1
tumour/TCGA-CA-5796-01Z-00-DX1_7680_9216.jpg,TCGA-CA-5796,TCGA-CA-5796-01Z-00-DX1,1,0.05055943,0
tumour/TCGA-CA-5796-01Z-00-DX1_7680_9728.jpg,TCGA-CA-5796,TCGA-CA-5796-01Z-00-DX1,1,0.5936937,1
tumour/TCGA-CA-5796-01Z-00-DX1_8192_11776.jpg,TCGA-CA-5796,TCGA-CA-5796-01Z-00-DX1,1,0.5403668,1
tumour/TCGA-CA-5796-01Z-00-DX1_8192_13312.jpg,TCGA-CA-5796,TCGA-CA-5796-01Z-00-DX1,1,0.39266005,0
tumour/TCGA-CA-5796-01Z-00-DX1_8192_13824.jpg,TCGA-CA-5796,TCGA-CA-5796-01Z-00-DX1,1,0.9859753,1
tumour/TCGA-CA-5796-01Z-00-DX1_8192_14336.jpg,TCGA-CA-5796,TCGA-CA-5796-01Z-00-DX1,1,0.027012395,0
tumour/TCGA-CA-5796-01Z-00-DX1_8192_14848.jpg,TCGA-CA-5796,TCGA-CA-5796-01Z-00-DX1,1,0.35677406,0
tumour/TCGA-CA-5796-01Z-00-DX1_8192_15360.jpg,TCGA-CA-5796,TCGA-CA-5796-01Z-00-DX1,1,0.6221587,1
tumour/TCGA-CA-5796-01Z-00-DX1_8192_17920.jpg,TCGA-CA-5796,TCGA-CA-5796-01Z-00-DX1,1,0.9904225,1
tumour/TCGA-CA-5796-01Z-00-DX1_8192_18944.jpg,TCGA-CA-5796,TCGA-CA-5796-01Z-00-DX1,1,0.013465462,0
tumour/TCGA-CA-5796-01Z-00-DX1_8192_20480.jpg,TCGA-CA-5796,TCGA-CA-5796-01Z-00-DX1,1,0.03803626,0
tumour/TCGA-CA-5796-01Z-00-DX1_8192_21504.jpg,TCGA-CA-5796,TCGA-CA-5796-01Z-00-DX1,1,0.07980552,0
tumour/TCGA-CA-5796-01Z-00-DX1_8192_22016.jpg,TCGA-CA-5796,TCGA-CA-5796-01Z-00-DX1,1,0.33470735,0
tumour/TCGA-CA-5796-01Z-00-DX1_8192_5120.jpg,TCGA-CA-5796,TCGA-CA-5796-01Z-00-DX1,1,0.3589751,0
tumour/TCGA-CA-5796-01Z-00-DX1_8192_5632.jpg,TCGA-CA-5796,TCGA-CA-5796-01Z-00-DX1,1,0.049092297,0
tumour/TCGA-CA-5796-01Z-00-DX1_8192_7168.jpg,TCGA-CA-5796,TCGA-CA-5796-01Z-00-DX1,1,0.0564506,0
tumour/TCGA-CA-5796-01Z-00-DX1_8192_8704.jpg,TCGA-CA-5796,TCGA-CA-5796-01Z-00-DX1,1,0.19177537,0
tumour/TCGA-CA-5796-01Z-00-DX1_8192_9728.jpg,TCGA-CA-5796,TCGA-CA-5796-01Z-00-DX1,1,0.54526424,1
tumour/TCGA-CA-5796-01Z-00-DX1_8704_11264.jpg,TCGA-CA-5796,TCGA-CA-5796-01Z-00-DX1,1,0.00021399422,0
tumour/TCGA-CA-5796-01Z-00-DX1_8704_13312.jpg,TCGA-CA-5796,TCGA-CA-5796-01Z-00-DX1,1,0.1910971,0
tumour/TCGA-CA-5796-01Z-00-DX1_8704_13824.jpg,TCGA-CA-5796,TCGA-CA-5796-01Z-00-DX1,1,0.13028482,0
tumour/TCGA-CA-5796-01Z-00-DX1_8704_14848.jpg,TCGA-CA-5796,TCGA-CA-5796-01Z-00-DX1,1,0.045122605,0
tumour/TCGA-CA-5796-01Z-00-DX1_8704_15360.jpg,TCGA-CA-5796,TCGA-CA-5796-01Z-00-DX1,1,0.8959326,1
tumour/TCGA-CA-5796-01Z-00-DX1_8704_17920.jpg,TCGA-CA-5796,TCGA-CA-5796-01Z-00-DX1,1,0.05478741,0
tumour/TCGA-CA-5796-01Z-00-DX1_8704_18944.jpg,TCGA-CA-5796,TCGA-CA-5796-01Z-00-DX1,1,0.1610349,0
tumour/TCGA-CA-5796-01Z-00-DX1_8704_5120.jpg,TCGA-CA-5796,TCGA-CA-5796-01Z-00-DX1,1,0.9829723,1
tumour/TCGA-CA-5796-01Z-00-DX1_8704_5632.jpg,TCGA-CA-5796,TCGA-CA-5796-01Z-00-DX1,1,0.7526741,1
tumour/TCGA-CA-5796-01Z-00-DX1_8704_6656.jpg,TCGA-CA-5796,TCGA-CA-5796-01Z-00-DX1,1,0.93064225,1
tumour/TCGA-CA-5796-01Z-00-DX1_8704_7168.jpg,TCGA-CA-5796,TCGA-CA-5796-01Z-00-DX1,1,0.9672319,1
tumour/TCGA-CA-5796-01Z-00-DX1_8704_8704.jpg,TCGA-CA-5796,TCGA-CA-5796-01Z-00-DX1,1,0.037072692,0
tumour/TCGA-CA-5796-01Z-00-DX1_8704_9216.jpg,TCGA-CA-5796,TCGA-CA-5796-01Z-00-DX1,1,0.41092604,0
tumour/TCGA-CA-5796-01Z-00-DX1_9216_11264.jpg,TCGA-CA-5796,TCGA-CA-5796-01Z-00-DX1,1,0.32240963,0
tumour/TCGA-CA-5796-01Z-00-DX1_9216_12288.jpg,TCGA-CA-5796,TCGA-CA-5796-01Z-00-DX1,1,0.0025116366,0
tumour/TCGA-CA-5796-01Z-00-DX1_9216_12800.jpg,TCGA-CA-5796,TCGA-CA-5796-01Z-00-DX1,1,0.0073139207,0
tumour/TCGA-CA-5796-01Z-00-DX1_9216_13312.jpg,TCGA-CA-5796,TCGA-CA-5796-01Z-00-DX1,1,0.009239894,0
tumour/TCGA-CA-5796-01Z-00-DX1_9216_14848.jpg,TCGA-CA-5796,TCGA-CA-5796-01Z-00-DX1,1,0.0021015152,0
tumour/TCGA-CA-5796-01Z-00-DX1_9216_16896.jpg,TCGA-CA-5796,TCGA-CA-5796-01Z-00-DX1,1,0.15038407,0
tumour/TCGA-CA-5796-01Z-00-DX1_9216_17408.jpg,TCGA-CA-5796,TCGA-CA-5796-01Z-00-DX1,1,0.97325313,1
tumour/TCGA-CA-5796-01Z-00-DX1_9216_17920.jpg,TCGA-CA-5796,TCGA-CA-5796-01Z-00-DX1,1,0.8842812,1
tumour/TCGA-CA-5796-01Z-00-DX1_9216_18944.jpg,TCGA-CA-5796,TCGA-CA-5796-01Z-00-DX1,1,0.5500274,1
tumour/TCGA-CA-5796-01Z-00-DX1_9216_19456.jpg,TCGA-CA-5796,TCGA-CA-5796-01Z-00-DX1,1,0.58476216,1
tumour/TCGA-CA-5796-01Z-00-DX1_9216_4608.jpg,TCGA-CA-5796,TCGA-CA-5796-01Z-00-DX1,1,0.7885127,1
tumour/TCGA-CA-5796-01Z-00-DX1_9216_5120.jpg,TCGA-CA-5796,TCGA-CA-5796-01Z-00-DX1,1,0.97064555,1
tumour/TCGA-CA-5796-01Z-00-DX1_9216_5632.jpg,TCGA-CA-5796,TCGA-CA-5796-01Z-00-DX1,1,0.9535574,1
tumour/TCGA-CA-5796-01Z-00-DX1_9216_6144.jpg,TCGA-CA-5796,TCGA-CA-5796-01Z-00-DX1,1,0.6321563,1
tumour/TCGA-CA-5796-01Z-00-DX1_9216_8192.jpg,TCGA-CA-5796,TCGA-CA-5796-01Z-00-DX1,1,0.22518213,0
tumour/TCGA-CA-5796-01Z-00-DX1_9216_9216.jpg,TCGA-CA-5796,TCGA-CA-5796-01Z-00-DX1,1,0.90858436,1
tumour/TCGA-CA-5796-01Z-00-DX1_9728_15360.jpg,TCGA-CA-5796,TCGA-CA-5796-01Z-00-DX1,1,0.3146396,0
tumour/TCGA-CA-5796-01Z-00-DX1_9728_16384.jpg,TCGA-CA-5796,TCGA-CA-5796-01Z-00-DX1,1,0.013027631,0
tumour/TCGA-CA-5796-01Z-00-DX1_9728_17408.jpg,TCGA-CA-5796,TCGA-CA-5796-01Z-00-DX1,1,0.46311176,0
tumour/TCGA-CA-5796-01Z-00-DX1_9728_18944.jpg,TCGA-CA-5796,TCGA-CA-5796-01Z-00-DX1,1,0.22993651,0
tumour/TCGA-CA-5796-01Z-00-DX1_9728_19456.jpg,TCGA-CA-5796,TCGA-CA-5796-01Z-00-DX1,1,0.6015742,1
tumour/TCGA-CA-5796-01Z-00-DX1_9728_22528.jpg,TCGA-CA-5796,TCGA-CA-5796-01Z-00-DX1,1,0.3873835,0
tumour/TCGA-CA-5796-01Z-00-DX1_9728_5120.jpg,TCGA-CA-5796,TCGA-CA-5796-01Z-00-DX1,1,0.75587356,1
tumour/TCGA-CA-5796-01Z-00-DX1_9728_5632.jpg,TCGA-CA-5796,TCGA-CA-5796-01Z-00-DX1,1,0.9914253,1
tumour/TCGA-CA-5796-01Z-00-DX1_9728_6656.jpg,TCGA-CA-5796,TCGA-CA-5796-01Z-00-DX1,1,0.45675623,0
tumour/TCGA-F4-6704-01Z-00-DX1_12800_8704.jpg,TCGA-F4-6704,TCGA-F4-6704-01Z-00-DX1,1,0.9982204,1
tumour/TCGA-F4-6704-01Z-00-DX1_13312_8192.jpg,TCGA-F4-6704,TCGA-F4-6704-01Z-00-DX1,1,0.9313597,1
tumour/TCGA-F4-6704-01Z-00-DX1_13312_8704.jpg,TCGA-F4-6704,TCGA-F4-6704-01Z-00-DX1,1,0.99582374,1
tumour/TCGA-F4-6704-01Z-00-DX1_14336_8704.jpg,TCGA-F4-6704,TCGA-F4-6704-01Z-00-DX1,1,0.99768054,1
tumour/TCGA-F4-6704-01Z-00-DX1_14336_9728.jpg,TCGA-F4-6704,TCGA-F4-6704-01Z-00-DX1,1,0.9991487,1
tumour/TCGA-F4-6704-01Z-00-DX1_14848_7168.jpg,TCGA-F4-6704,TCGA-F4-6704-01Z-00-DX1,1,0.9959592,1
tumour/TCGA-F4-6704-01Z-00-DX1_14848_9216.jpg,TCGA-F4-6704,TCGA-F4-6704-01Z-00-DX1,1,0.6736292,1
tumour/TCGA-F4-6704-01Z-00-DX1_14848_9728.jpg,TCGA-F4-6704,TCGA-F4-6704-01Z-00-DX1,1,0.99989486,1
tumour/TCGA-F4-6704-01Z-00-DX1_15360_10240.jpg,TCGA-F4-6704,TCGA-F4-6704-01Z-00-DX1,1,0.99533,1
tumour/TCGA-F4-6704-01Z-00-DX1_15360_7680.jpg,TCGA-F4-6704,TCGA-F4-6704-01Z-00-DX1,1,0.9991879,1
tumour/TCGA-F4-6704-01Z-00-DX1_15360_9728.jpg,TCGA-F4-6704,TCGA-F4-6704-01Z-00-DX1,1,0.9883604,1
tumour/TCGA-F4-6704-01Z-00-DX1_15872_10752.jpg,TCGA-F4-6704,TCGA-F4-6704-01Z-00-DX1,1,0.9914625,1
tumour/TCGA-F4-6704-01Z-00-DX1_15872_11776.jpg,TCGA-F4-6704,TCGA-F4-6704-01Z-00-DX1,1,0.9997105,1
tumour/TCGA-F4-6704-01Z-00-DX1_15872_7168.jpg,TCGA-F4-6704,TCGA-F4-6704-01Z-00-DX1,1,0.9942755,1
tumour/TCGA-F4-6704-01Z-00-DX1_15872_7680.jpg,TCGA-F4-6704,TCGA-F4-6704-01Z-00-DX1,1,0.9865775,1
tumour/TCGA-F4-6704-01Z-00-DX1_15872_8192.jpg,TCGA-F4-6704,TCGA-F4-6704-01Z-00-DX1,1,0.33048347,0
tumour/TCGA-F4-6704-01Z-00-DX1_15872_9216.jpg,TCGA-F4-6704,TCGA-F4-6704-01Z-00-DX1,1,0.99497354,1
tumour/TCGA-F4-6704-01Z-00-DX1_15872_9728.jpg,TCGA-F4-6704,TCGA-F4-6704-01Z-00-DX1,1,0.76041484,1
tumour/TCGA-F4-6704-01Z-00-DX1_16384_10240.jpg,TCGA-F4-6704,TCGA-F4-6704-01Z-00-DX1,1,0.99570507,1
tumour/TCGA-F4-6704-01Z-00-DX1_16384_10752.jpg,TCGA-F4-6704,TCGA-F4-6704-01Z-00-DX1,1,0.82116276,1
tumour/TCGA-F4-6704-01Z-00-DX1_16384_11776.jpg,TCGA-F4-6704,TCGA-F4-6704-01Z-00-DX1,1,0.99987936,1
tumour/TCGA-F4-6704-01Z-00-DX1_16384_7168.jpg,TCGA-F4-6704,TCGA-F4-6704-01Z-00-DX1,1,0.98804784,1
tumour/TCGA-F4-6704-01Z-00-DX1_16384_8704.jpg,TCGA-F4-6704,TCGA-F4-6704-01Z-00-DX1,1,0.9801807,1
tumour/TCGA-F4-6704-01Z-00-DX1_16384_9728.jpg,TCGA-F4-6704,TCGA-F4-6704-01Z-00-DX1,1,0.9748551,1
tumour/TCGA-F4-6704-01Z-00-DX1_16896_6656.jpg,TCGA-F4-6704,TCGA-F4-6704-01Z-00-DX1,1,0.8748066,1
tumour/TCGA-F4-6704-01Z-00-DX1_16896_7168.jpg,TCGA-F4-6704,TCGA-F4-6704-01Z-00-DX1,1,0.9635163,1
tumour/TCGA-F4-6704-01Z-00-DX1_16896_8192.jpg,TCGA-F4-6704,TCGA-F4-6704-01Z-00-DX1,1,0.99897707,1
tumour/TCGA-F4-6704-01Z-00-DX1_16896_8704.jpg,TCGA-F4-6704,TCGA-F4-6704-01Z-00-DX1,1,0.98474693,1
tumour/TCGA-F4-6704-01Z-00-DX1_16896_9216.jpg,TCGA-F4-6704,TCGA-F4-6704-01Z-00-DX1,1,0.6997795,1
tumour/TCGA-F4-6704-01Z-00-DX1_16896_9728.jpg,TCGA-F4-6704,TCGA-F4-6704-01Z-00-DX1,1,0.9648424,1
tumour/TCGA-F4-6704-01Z-00-DX1_17408_10752.jpg,TCGA-F4-6704,TCGA-F4-6704-01Z-00-DX1,1,0.9800132,1
tumour/TCGA-F4-6704-01Z-00-DX1_17408_13312.jpg,TCGA-F4-6704,TCGA-F4-6704-01Z-00-DX1,1,0.9998073,1
tumour/TCGA-F4-6704-01Z-00-DX1_17408_6144.jpg,TCGA-F4-6704,TCGA-F4-6704-01Z-00-DX1,1,0.9700273,1
tumour/TCGA-F4-6704-01Z-00-DX1_17408_6656.jpg,TCGA-F4-6704,TCGA-F4-6704-01Z-00-DX1,1,0.99844944,1
tumour/TCGA-F4-6704-01Z-00-DX1_17408_7680.jpg,TCGA-F4-6704,TCGA-F4-6704-01Z-00-DX1,1,0.9884243,1
tumour/TCGA-F4-6704-01Z-00-DX1_17408_8704.jpg,TCGA-F4-6704,TCGA-F4-6704-01Z-00-DX1,1,0.94539946,1
tumour/TCGA-F4-6704-01Z-00-DX1_17408_9216.jpg,TCGA-F4-6704,TCGA-F4-6704-01Z-00-DX1,1,0.9843555,1
tumour/TCGA-F4-6704-01Z-00-DX1_17920_10240.jpg,TCGA-F4-6704,TCGA-F4-6704-01Z-00-DX1,1,0.99666816,1
tumour/TCGA-F4-6704-01Z-00-DX1_17920_12288.jpg,TCGA-F4-6704,TCGA-F4-6704-01Z-00-DX1,1,0.9919451,1
tumour/TCGA-F4-6704-01Z-00-DX1_17920_12800.jpg,TCGA-F4-6704,TCGA-F4-6704-01Z-00-DX1,1,0.99728835,1
tumour/TCGA-F4-6704-01Z-00-DX1_17920_7680.jpg,TCGA-F4-6704,TCGA-F4-6704-01Z-00-DX1,1,0.84708816,1
tumour/TCGA-F4-6704-01Z-00-DX1_17920_8192.jpg,TCGA-F4-6704,TCGA-F4-6704-01Z-00-DX1,1,0.92069554,1
tumour/TCGA-F4-6704-01Z-00-DX1_17920_9216.jpg,TCGA-F4-6704,TCGA-F4-6704-01Z-00-DX1,1,0.9995591,1
tumour/TCGA-F4-6704-01Z-00-DX1_17920_9728.jpg,TCGA-F4-6704,TCGA-F4-6704-01Z-00-DX1,1,0.99993634,1
tumour/TCGA-F4-6704-01Z-00-DX1_18432_11264.jpg,TCGA-F4-6704,TCGA-F4-6704-01Z-00-DX1,1,0.9988537,1
tumour/TCGA-F4-6704-01Z-00-DX1_18432_11776.jpg,TCGA-F4-6704,TCGA-F4-6704-01Z-00-DX1,1,0.9970668,1
tumour/TCGA-F4-6704-01Z-00-DX1_18432_8192.jpg,TCGA-F4-6704,TCGA-F4-6704-01Z-00-DX1,1,0.8989583,1
tumour/TCGA-F4-6704-01Z-00-DX1_18432_8704.jpg,TCGA-F4-6704,TCGA-F4-6704-01Z-00-DX1,1,0.9888341,1
tumour/TCGA-F4-6704-01Z-00-DX1_18432_9216.jpg,TCGA-F4-6704,TCGA-F4-6704-01Z-00-DX1,1,0.999915,1
tumour/TCGA-F4-6704-01Z-00-DX1_18432_9728.jpg,TCGA-F4-6704,TCGA-F4-6704-01Z-00-DX1,1,0.99847764,1
tumour/TCGA-F4-6704-01Z-00-DX1_18944_10240.jpg,TCGA-F4-6704,TCGA-F4-6704-01Z-00-DX1,1,0.9999577,1
tumour/TCGA-F4-6704-01Z-00-DX1_18944_10752.jpg,TCGA-F4-6704,TCGA-F4-6704-01Z-00-DX1,1,0.9860534,1
tumour/TCGA-F4-6704-01Z-00-DX1_18944_11264.jpg,TCGA-F4-6704,TCGA-F4-6704-01Z-00-DX1,1,0.8536105,1
tumour/TCGA-F4-6704-01Z-00-DX1_18944_11776.jpg,TCGA-F4-6704,TCGA-F4-6704-01Z-00-DX1,1,0.577607,1
tumour/TCGA-F4-6704-01Z-00-DX1_18944_8192.jpg,TCGA-F4-6704,TCGA-F4-6704-01Z-00-DX1,1,0.99911684,1
tumour/TCGA-F4-6704-01Z-00-DX1_18944_9216.jpg,TCGA-F4-6704,TCGA-F4-6704-01Z-00-DX1,1,0.999526,1
tumour/TCGA-F4-6704-01Z-00-DX1_18944_9728.jpg,TCGA-F4-6704,TCGA-F4-6704-01Z-00-DX1,1,0.9899747,1
tumour/TCGA-F4-6704-01Z-00-DX1_19456_10752.jpg,TCGA-F4-6704,TCGA-F4-6704-01Z-00-DX1,1,0.99953616,1
tumour/TCGA-F4-6704-01Z-00-DX1_19968_12288.jpg,TCGA-F4-6704,TCGA-F4-6704-01Z-00-DX1,1,0.99982613,1
tumour/TCGA-F4-6704-01Z-00-DX1_33792_11264.jpg,TCGA-F4-6704,TCGA-F4-6704-01Z-00-DX1,1,0.99941945,1
tumour/TCGA-F4-6704-01Z-00-DX1_33792_12800.jpg,TCGA-F4-6704,TCGA-F4-6704-01Z-00-DX1,1,0.9998721,1
tumour/TCGA-F4-6704-01Z-00-DX1_34304_10240.jpg,TCGA-F4-6704,TCGA-F4-6704-01Z-00-DX1,1,0.999597,1
tumour/TCGA-F4-6704-01Z-00-DX1_34304_12800.jpg,TCGA-F4-6704,TCGA-F4-6704-01Z-00-DX1,1,0.9998642,1
tumour/TCGA-F4-6704-01Z-00-DX1_34816_11264.jpg,TCGA-F4-6704,TCGA-F4-6704-01Z-00-DX1,1,0.9996234,1
tumour/TCGA-F4-6704-01Z-00-DX1_34816_12288.jpg,TCGA-F4-6704,TCGA-F4-6704-01Z-00-DX1,1,0.99992454,1
tumour/TCGA-F4-6704-01Z-00-DX1_34816_13824.jpg,TCGA-F4-6704,TCGA-F4-6704-01Z-00-DX1,1,0.9998405,1
tumour/TCGA-F4-6704-01Z-00-DX1_35328_10240.jpg,TCGA-F4-6704,TCGA-F4-6704-01Z-00-DX1,1,0.99998856,1
tumour/TCGA-F4-6704-01Z-00-DX1_35328_11264.jpg,TCGA-F4-6704,TCGA-F4-6704-01Z-00-DX1,1,0.9906943,1
tumour/TCGA-F4-6704-01Z-00-DX1_35328_11776.jpg,TCGA-F4-6704,TCGA-F4-6704-01Z-00-DX1,1,0.99817467,1
tumour/TCGA-F4-6704-01Z-00-DX1_35328_12800.jpg,TCGA-F4-6704,TCGA-F4-6704-01Z-00-DX1,1,0.9997389,1
tumour/TCGA-F4-6704-01Z-00-DX1_35328_13312.jpg,TCGA-F4-6704,TCGA-F4-6704-01Z-00-DX1,1,0.99990726,1
tumour/TCGA-F4-6704-01Z-00-DX1_35328_13824.jpg,TCGA-F4-6704,TCGA-F4-6704-01Z-00-DX1,1,0.99996233,1
tumour/TCGA-F4-6704-01Z-00-DX1_35328_14336.jpg,TCGA-F4-6704,TCGA-F4-6704-01Z-00-DX1,1,0.99919254,1
tumour/TCGA-F4-6704-01Z-00-DX1_35328_9728.jpg,TCGA-F4-6704,TCGA-F4-6704-01Z-00-DX1,1,0.99782676,1
tumour/TCGA-F4-6704-01Z-00-DX1_35840_10240.jpg,TCGA-F4-6704,TCGA-F4-6704-01Z-00-DX1,1,0.99994946,1
tumour/TCGA-F4-6704-01Z-00-DX1_35840_11264.jpg,TCGA-F4-6704,TCGA-F4-6704-01Z-00-DX1,1,0.9831187,1
tumour/TCGA-F4-6704-01Z-00-DX1_35840_11776.jpg,TCGA-F4-6704,TCGA-F4-6704-01Z-00-DX1,1,0.99987614,1
tumour/TCGA-F4-6704-01Z-00-DX1_35840_12288.jpg,TCGA-F4-6704,TCGA-F4-6704-01Z-00-DX1,1,0.99969363,1
tumour/TCGA-F4-6704-01Z-00-DX1_35840_14336.jpg,TCGA-F4-6704,TCGA-F4-6704-01Z-00-DX1,1,0.9984189,1
tumour/TCGA-F4-6704-01Z-00-DX1_3584_12800.jpg,TCGA-F4-6704,TCGA-F4-6704-01Z-00-DX1,1,0.96731377,1
tumour/TCGA-F4-6704-01Z-00-DX1_3584_13312.jpg,TCGA-F4-6704,TCGA-F4-6704-01Z-00-DX1,1,0.97745174,1
tumour/TCGA-F4-6704-01Z-00-DX1_36352_11264.jpg,TCGA-F4-6704,TCGA-F4-6704-01Z-00-DX1,1,0.9995334,1
tumour/TCGA-F4-6704-01Z-00-DX1_36352_11776.jpg,TCGA-F4-6704,TCGA-F4-6704-01Z-00-DX1,1,0.9731339,1
tumour/TCGA-F4-6704-01Z-00-DX1_36864_10240.jpg,TCGA-F4-6704,TCGA-F4-6704-01Z-00-DX1,1,0.99997437,1
tumour/TCGA-F4-6704-01Z-00-DX1_36864_11264.jpg,TCGA-F4-6704,TCGA-F4-6704-01Z-00-DX1,1,0.99872714,1
tumour/TCGA-F4-6704-01Z-00-DX1_4096_12288.jpg,TCGA-F4-6704,TCGA-F4-6704-01Z-00-DX1,1,0.99868256,1
tumour/TCGA-F4-6704-01Z-00-DX1_4096_13824.jpg,TCGA-F4-6704,TCGA-F4-6704-01Z-00-DX1,1,0.9998406,1
tumour/TCGA-F4-6704-01Z-00-DX1_4096_14848.jpg,TCGA-F4-6704,TCGA-F4-6704-01Z-00-DX1,1,0.99987435,1
tumour/TCGA-F4-6704-01Z-00-DX1_4096_15360.jpg,TCGA-F4-6704,TCGA-F4-6704-01Z-00-DX1,1,0.99377644,1
tumour/TCGA-F4-6704-01Z-00-DX1_4096_15872.jpg,TCGA-F4-6704,TCGA-F4-6704-01Z-00-DX1,1,0.911151,1
tumour/TCGA-F4-6704-01Z-00-DX1_4608_11776.jpg,TCGA-F4-6704,TCGA-F4-6704-01Z-00-DX1,1,0.9994449,1
tumour/TCGA-F4-6704-01Z-00-DX1_4608_12800.jpg,TCGA-F4-6704,TCGA-F4-6704-01Z-00-DX1,1,0.99934477,1
tumour/TCGA-F4-6704-01Z-00-DX1_4608_15360.jpg,TCGA-F4-6704,TCGA-F4-6704-01Z-00-DX1,1,0.8109168,1
tumour/TCGA-F4-6704-01Z-00-DX1_4608_15872.jpg,TCGA-F4-6704,TCGA-F4-6704-01Z-00-DX1,1,0.99939597,1
tumour/TCGA-F4-6704-01Z-00-DX1_5120_12288.jpg,TCGA-F4-6704,TCGA-F4-6704-01Z-00-DX1,1,0.9697878,1
tumour/TCGA-F4-6704-01Z-00-DX1_5120_12800.jpg,TCGA-F4-6704,TCGA-F4-6704-01Z-00-DX1,1,0.72724134,1
tumour/TCGA-F4-6704-01Z-00-DX1_5120_13312.jpg,TCGA-F4-6704,TCGA-F4-6704-01Z-00-DX1,1,0.9767959,1
tumour/TCGA-F4-6704-01Z-00-DX1_5120_14336.jpg,TCGA-F4-6704,TCGA-F4-6704-01Z-00-DX1,1,0.9904669,1
tumour/TCGA-F4-6704-01Z-00-DX1_5120_14848.jpg,TCGA-F4-6704,TCGA-F4-6704-01Z-00-DX1,1,0.9985624,1
tumour/TCGA-F4-6704-01Z-00-DX1_5120_15360.jpg,TCGA-F4-6704,TCGA-F4-6704-01Z-00-DX1,1,0.99413574,1
tumour/TCGA-F4-6704-01Z-00-DX1_5120_15872.jpg,TCGA-F4-6704,TCGA-F4-6704-01Z-00-DX1,1,0.94940895,1
tumour/TCGA-F4-6704-01Z-00-DX1_5120_16384.jpg,TCGA-F4-6704,TCGA-F4-6704-01Z-00-DX1,1,0.9896567,1
tumour/TCGA-F4-6704-01Z-00-DX1_5120_16896.jpg,TCGA-F4-6704,TCGA-F4-6704-01Z-00-DX1,1,0.58772933,1
tumour/TCGA-F4-6704-01Z-00-DX1_5632_12800.jpg,TCGA-F4-6704,TCGA-F4-6704-01Z-00-DX1,1,0.9779245,1
tumour/TCGA-F4-6704-01Z-00-DX1_5632_14336.jpg,TCGA-F4-6704,TCGA-F4-6704-01Z-00-DX1,1,0.9949869,1
tumour/TCGA-F4-6704-01Z-00-DX1_5632_14848.jpg,TCGA-F4-6704,TCGA-F4-6704-01Z-00-DX1,1,0.9556594,1
tumour/TCGA-F4-6704-01Z-00-DX1_5632_15872.jpg,TCGA-F4-6704,TCGA-F4-6704-01Z-00-DX1,1,0.9992094,1
tumour/TCGA-F4-6704-01Z-00-DX1_5632_16896.jpg,TCGA-F4-6704,TCGA-F4-6704-01Z-00-DX1,1,0.96678716,1
tumour/TCGA-F4-6704-01Z-00-DX1_6144_14848.jpg,TCGA-F4-6704,TCGA-F4-6704-01Z-00-DX1,1,0.99998045,1
tumour/TCGA-F4-6704-01Z-00-DX1_6144_15360.jpg,TCGA-F4-6704,TCGA-F4-6704-01Z-00-DX1,1,0.9983188,1
tumour/TCGA-F4-6704-01Z-00-DX1_6144_17408.jpg,TCGA-F4-6704,TCGA-F4-6704-01Z-00-DX1,1,0.9982468,1
tumour/TCGA-F4-6704-01Z-00-DX1_6656_15360.jpg,TCGA-F4-6704,TCGA-F4-6704-01Z-00-DX1,1,0.9967662,1
tumour/TCGA-F4-6704-01Z-00-DX1_6656_15872.jpg,TCGA-F4-6704,TCGA-F4-6704-01Z-00-DX1,1,0.9748424,1
tumour/TCGA-F4-6704-01Z-00-DX1_6656_17408.jpg,TCGA-F4-6704,TCGA-F4-6704-01Z-00-DX1,1,0.991928,1
tumour/TCGA-F4-6704-01Z-00-DX1_7168_15360.jpg,TCGA-F4-6704,TCGA-F4-6704-01Z-00-DX1,1,0.9771478,1
tumour/TCGA-F4-6704-01Z-00-DX1_7168_15872.jpg,TCGA-F4-6704,TCGA-F4-6704-01Z-00-DX1,1,0.9998294,1
tumour/TCGA-F4-6704-01Z-00-DX1_7168_16384.jpg,TCGA-F4-6704,TCGA-F4-6704-01Z-00-DX1,1,0.9993216,1
tumour/TCGA-F4-6704-01Z-00-DX1_7168_16896.jpg,TCGA-F4-6704,TCGA-F4-6704-01Z-00-DX1,1,0.99645305,1
tumour/TCGA-F4-6704-01Z-00-DX1_7168_17920.jpg,TCGA-F4-6704,TCGA-F4-6704-01Z-00-DX1,1,0.9991881,1
tumour/TCGA-F4-6704-01Z-00-DX1_7680_16896.jpg,TCGA-F4-6704,TCGA-F4-6704-01Z-00-DX1,1,0.9939084,1
tumour/TCGA-F4-6704-01Z-00-DX1_7680_17408.jpg,TCGA-F4-6704,TCGA-F4-6704-01Z-00-DX1,1,0.9901001,1
tumour/TCGA-F4-6704-01Z-00-DX1_7680_17920.jpg,TCGA-F4-6704,TCGA-F4-6704-01Z-00-DX1,1,0.97697884,1
tumour/TCGA-F4-6704-01Z-00-DX1_8192_17920.jpg,TCGA-F4-6704,TCGA-F4-6704-01Z-00-DX1,1,0.9483965,1
tumour/TCGA-F4-6704-01Z-00-DX1_8192_18432.jpg,TCGA-F4-6704,TCGA-F4-6704-01Z-00-DX1,1,0.79757166,1
tumour/TCGA-F4-6704-01Z-00-DX1_8704_17408.jpg,TCGA-F4-6704,TCGA-F4-6704-01Z-00-DX1,1,0.9998597,1
tumour/TCGA-G4-6315-01Z-00-DX1_15360_28160.jpg,TCGA-G4-6315,TCGA-G4-6315-01Z-00-DX1,1,0.9822005,1
tumour/TCGA-G4-6315-01Z-00-DX1_15360_28672.jpg,TCGA-G4-6315,TCGA-G4-6315-01Z-00-DX1,1,0.9972344,1
tumour/TCGA-G4-6315-01Z-00-DX1_15872_26112.jpg,TCGA-G4-6315,TCGA-G4-6315-01Z-00-DX1,1,0.9926662,1
tumour/TCGA-G4-6315-01Z-00-DX1_15872_27648.jpg,TCGA-G4-6315,TCGA-G4-6315-01Z-00-DX1,1,0.9976615,1
tumour/TCGA-G4-6315-01Z-00-DX1_15872_28160.jpg,TCGA-G4-6315,TCGA-G4-6315-01Z-00-DX1,1,0.99913234,1
tumour/TCGA-G4-6315-01Z-00-DX1_16384_24576.jpg,TCGA-G4-6315,TCGA-G4-6315-01Z-00-DX1,1,0.9956481,1
tumour/TCGA-G4-6315-01Z-00-DX1_16384_25088.jpg,TCGA-G4-6315,TCGA-G4-6315-01Z-00-DX1,1,0.99627125,1
tumour/TCGA-G4-6315-01Z-00-DX1_16384_25600.jpg,TCGA-G4-6315,TCGA-G4-6315-01Z-00-DX1,1,0.99961334,1
tumour/TCGA-G4-6315-01Z-00-DX1_16384_26112.jpg,TCGA-G4-6315,TCGA-G4-6315-01Z-00-DX1,1,0.9915597,1
tumour/TCGA-G4-6315-01Z-00-DX1_16384_27136.jpg,TCGA-G4-6315,TCGA-G4-6315-01Z-00-DX1,1,0.9997701,1
tumour/TCGA-G4-6315-01Z-00-DX1_16384_27648.jpg,TCGA-G4-6315,TCGA-G4-6315-01Z-00-DX1,1,0.99969196,1
tumour/TCGA-G4-6315-01Z-00-DX1_16384_28160.jpg,TCGA-G4-6315,TCGA-G4-6315-01Z-00-DX1,1,0.9999229,1
tumour/TCGA-G4-6315-01Z-00-DX1_16384_28672.jpg,TCGA-G4-6315,TCGA-G4-6315-01Z-00-DX1,1,0.9983987,1
tumour/TCGA-G4-6315-01Z-00-DX1_16384_29696.jpg,TCGA-G4-6315,TCGA-G4-6315-01Z-00-DX1,1,0.9996933,1
tumour/TCGA-G4-6315-01Z-00-DX1_16384_30720.jpg,TCGA-G4-6315,TCGA-G4-6315-01Z-00-DX1,1,0.9996923,1
tumour/TCGA-G4-6315-01Z-00-DX1_16896_23040.jpg,TCGA-G4-6315,TCGA-G4-6315-01Z-00-DX1,1,0.99990714,1
tumour/TCGA-G4-6315-01Z-00-DX1_16896_23552.jpg,TCGA-G4-6315,TCGA-G4-6315-01Z-00-DX1,1,0.99536645,1
tumour/TCGA-G4-6315-01Z-00-DX1_16896_24064.jpg,TCGA-G4-6315,TCGA-G4-6315-01Z-00-DX1,1,0.9995017,1
tumour/TCGA-G4-6315-01Z-00-DX1_16896_25088.jpg,TCGA-G4-6315,TCGA-G4-6315-01Z-00-DX1,1,0.9997483,1
tumour/TCGA-G4-6315-01Z-00-DX1_16896_25600.jpg,TCGA-G4-6315,TCGA-G4-6315-01Z-00-DX1,1,0.9968008,1
tumour/TCGA-G4-6315-01Z-00-DX1_16896_27136.jpg,TCGA-G4-6315,TCGA-G4-6315-01Z-00-DX1,1,0.99939656,1
tumour/TCGA-G4-6315-01Z-00-DX1_16896_27648.jpg,TCGA-G4-6315,TCGA-G4-6315-01Z-00-DX1,1,0.998502,1
tumour/TCGA-G4-6315-01Z-00-DX1_16896_28672.jpg,TCGA-G4-6315,TCGA-G4-6315-01Z-00-DX1,1,0.99924964,1
tumour/TCGA-G4-6315-01Z-00-DX1_16896_29696.jpg,TCGA-G4-6315,TCGA-G4-6315-01Z-00-DX1,1,0.99881005,1
tumour/TCGA-G4-6315-01Z-00-DX1_16896_30208.jpg,TCGA-G4-6315,TCGA-G4-6315-01Z-00-DX1,1,0.99961793,1
tumour/TCGA-G4-6315-01Z-00-DX1_16896_30720.jpg,TCGA-G4-6315,TCGA-G4-6315-01Z-00-DX1,1,0.9995596,1
tumour/TCGA-G4-6315-01Z-00-DX1_17408_20992.jpg,TCGA-G4-6315,TCGA-G4-6315-01Z-00-DX1,1,0.9982498,1
tumour/TCGA-G4-6315-01Z-00-DX1_17408_22016.jpg,TCGA-G4-6315,TCGA-G4-6315-01Z-00-DX1,1,0.9986091,1
tumour/TCGA-G4-6315-01Z-00-DX1_17408_22528.jpg,TCGA-G4-6315,TCGA-G4-6315-01Z-00-DX1,1,0.9984712,1
tumour/TCGA-G4-6315-01Z-00-DX1_17408_23040.jpg,TCGA-G4-6315,TCGA-G4-6315-01Z-00-DX1,1,0.99149066,1
tumour/TCGA-G4-6315-01Z-00-DX1_17408_24064.jpg,TCGA-G4-6315,TCGA-G4-6315-01Z-00-DX1,1,0.9839798,1
tumour/TCGA-G4-6315-01Z-00-DX1_17408_24576.jpg,TCGA-G4-6315,TCGA-G4-6315-01Z-00-DX1,1,0.99955934,1
tumour/TCGA-G4-6315-01Z-00-DX1_17408_25088.jpg,TCGA-G4-6315,TCGA-G4-6315-01Z-00-DX1,1,0.99895966,1
tumour/TCGA-G4-6315-01Z-00-DX1_17408_25600.jpg,TCGA-G4-6315,TCGA-G4-6315-01Z-00-DX1,1,0.9995055,1
tumour/TCGA-G4-6315-01Z-00-DX1_17408_27136.jpg,TCGA-G4-6315,TCGA-G4-6315-01Z-00-DX1,1,0.9966101,1
tumour/TCGA-G4-6315-01Z-00-DX1_17408_27648.jpg,TCGA-G4-6315,TCGA-G4-6315-01Z-00-DX1,1,0.9995896,1
tumour/TCGA-G4-6315-01Z-00-DX1_17408_29696.jpg,TCGA-G4-6315,TCGA-G4-6315-01Z-00-DX1,1,0.9980101,1
tumour/TCGA-G4-6315-01Z-00-DX1_17408_31232.jpg,TCGA-G4-6315,TCGA-G4-6315-01Z-00-DX1,1,0.9950599,1
tumour/TCGA-G4-6315-01Z-00-DX1_17920_20480.jpg,TCGA-G4-6315,TCGA-G4-6315-01Z-00-DX1,1,0.9982845,1
tumour/TCGA-G4-6315-01Z-00-DX1_17920_24064.jpg,TCGA-G4-6315,TCGA-G4-6315-01Z-00-DX1,1,0.9995333,1
tumour/TCGA-G4-6315-01Z-00-DX1_17920_24576.jpg,TCGA-G4-6315,TCGA-G4-6315-01Z-00-DX1,1,0.9999062,1
tumour/TCGA-G4-6315-01Z-00-DX1_17920_26624.jpg,TCGA-G4-6315,TCGA-G4-6315-01Z-00-DX1,1,0.9982437,1
tumour/TCGA-G4-6315-01Z-00-DX1_17920_27648.jpg,TCGA-G4-6315,TCGA-G4-6315-01Z-00-DX1,1,0.9953093,1
tumour/TCGA-G4-6315-01Z-00-DX1_17920_28672.jpg,TCGA-G4-6315,TCGA-G4-6315-01Z-00-DX1,1,0.9939551,1
tumour/TCGA-G4-6315-01Z-00-DX1_17920_29696.jpg,TCGA-G4-6315,TCGA-G4-6315-01Z-00-DX1,1,0.98666024,1
tumour/TCGA-G4-6315-01Z-00-DX1_17920_30720.jpg,TCGA-G4-6315,TCGA-G4-6315-01Z-00-DX1,1,0.97588557,1
tumour/TCGA-G4-6315-01Z-00-DX1_17920_31232.jpg,TCGA-G4-6315,TCGA-G4-6315-01Z-00-DX1,1,0.97646445,1
tumour/TCGA-G4-6315-01Z-00-DX1_18432_20480.jpg,TCGA-G4-6315,TCGA-G4-6315-01Z-00-DX1,1,0.99982005,1
tumour/TCGA-G4-6315-01Z-00-DX1_18432_20992.jpg,TCGA-G4-6315,TCGA-G4-6315-01Z-00-DX1,1,0.99950933,1
tumour/TCGA-G4-6315-01Z-00-DX1_18432_21504.jpg,TCGA-G4-6315,TCGA-G4-6315-01Z-00-DX1,1,0.986624,1
tumour/TCGA-G4-6315-01Z-00-DX1_18432_22528.jpg,TCGA-G4-6315,TCGA-G4-6315-01Z-00-DX1,1,0.9995987,1
tumour/TCGA-G4-6315-01Z-00-DX1_18432_24576.jpg,TCGA-G4-6315,TCGA-G4-6315-01Z-00-DX1,1,0.9993536,1
tumour/TCGA-G4-6315-01Z-00-DX1_18432_26624.jpg,TCGA-G4-6315,TCGA-G4-6315-01Z-00-DX1,1,0.9998118,1
tumour/TCGA-G4-6315-01Z-00-DX1_18432_27136.jpg,TCGA-G4-6315,TCGA-G4-6315-01Z-00-DX1,1,0.99959403,1
tumour/TCGA-G4-6315-01Z-00-DX1_18432_27648.jpg,TCGA-G4-6315,TCGA-G4-6315-01Z-00-DX1,1,0.99971277,1
tumour/TCGA-G4-6315-01Z-00-DX1_18432_28160.jpg,TCGA-G4-6315,TCGA-G4-6315-01Z-00-DX1,1,0.99906355,1
tumour/TCGA-G4-6315-01Z-00-DX1_18432_28672.jpg,TCGA-G4-6315,TCGA-G4-6315-01Z-00-DX1,1,0.9808203,1
tumour/TCGA-G4-6315-01Z-00-DX1_18432_30208.jpg,TCGA-G4-6315,TCGA-G4-6315-01Z-00-DX1,1,0.9918892,1
tumour/TCGA-G4-6315-01Z-00-DX1_18432_30720.jpg,TCGA-G4-6315,TCGA-G4-6315-01Z-00-DX1,1,0.9983088,1
tumour/TCGA-G4-6315-01Z-00-DX1_18944_18944.jpg,TCGA-G4-6315,TCGA-G4-6315-01Z-00-DX1,1,0.99395156,1
tumour/TCGA-G4-6315-01Z-00-DX1_18944_20480.jpg,TCGA-G4-6315,TCGA-G4-6315-01Z-00-DX1,1,0.99884015,1
tumour/TCGA-G4-6315-01Z-00-DX1_18944_21504.jpg,TCGA-G4-6315,TCGA-G4-6315-01Z-00-DX1,1,0.9990822,1
tumour/TCGA-G4-6315-01Z-00-DX1_18944_22016.jpg,TCGA-G4-6315,TCGA-G4-6315-01Z-00-DX1,1,0.97941065,1
tumour/TCGA-G4-6315-01Z-00-DX1_18944_23552.jpg,TCGA-G4-6315,TCGA-G4-6315-01Z-00-DX1,1,0.981652,1
tumour/TCGA-G4-6315-01Z-00-DX1_18944_24064.jpg,TCGA-G4-6315,TCGA-G4-6315-01Z-00-DX1,1,0.9995542,1
tumour/TCGA-G4-6315-01Z-00-DX1_18944_24576.jpg,TCGA-G4-6315,TCGA-G4-6315-01Z-00-DX1,1,0.99972147,1
tumour/TCGA-G4-6315-01Z-00-DX1_18944_25600.jpg,TCGA-G4-6315,TCGA-G4-6315-01Z-00-DX1,1,0.99781215,1
tumour/TCGA-G4-6315-01Z-00-DX1_18944_26112.jpg,TCGA-G4-6315,TCGA-G4-6315-01Z-00-DX1,1,0.99876785,1
tumour/TCGA-G4-6315-01Z-00-DX1_18944_28160.jpg,TCGA-G4-6315,TCGA-G4-6315-01Z-00-DX1,1,0.99637634,1
tumour/TCGA-G4-6315-01Z-00-DX1_18944_29696.jpg,TCGA-G4-6315,TCGA-G4-6315-01Z-00-DX1,1,0.9708954,1
tumour/TCGA-G4-6315-01Z-00-DX1_18944_31232.jpg,TCGA-G4-6315,TCGA-G4-6315-01Z-00-DX1,1,0.999295,1
tumour/TCGA-G4-6315-01Z-00-DX1_18944_31744.jpg,TCGA-G4-6315,TCGA-G4-6315-01Z-00-DX1,1,0.9993554,1
tumour/TCGA-G4-6315-01Z-00-DX1_19456_17920.jpg,TCGA-G4-6315,TCGA-G4-6315-01Z-00-DX1,1,0.99041253,1
tumour/TCGA-G4-6315-01Z-00-DX1_19456_18944.jpg,TCGA-G4-6315,TCGA-G4-6315-01Z-00-DX1,1,0.9999063,1
tumour/TCGA-G4-6315-01Z-00-DX1_19456_19968.jpg,TCGA-G4-6315,TCGA-G4-6315-01Z-00-DX1,1,0.99810374,1
tumour/TCGA-G4-6315-01Z-00-DX1_19456_22016.jpg,TCGA-G4-6315,TCGA-G4-6315-01Z-00-DX1,1,0.99976677,1
tumour/TCGA-G4-6315-01Z-00-DX1_19456_22528.jpg,TCGA-G4-6315,TCGA-G4-6315-01Z-00-DX1,1,0.9983236,1
tumour/TCGA-G4-6315-01Z-00-DX1_19456_26112.jpg,TCGA-G4-6315,TCGA-G4-6315-01Z-00-DX1,1,0.99930334,1
tumour/TCGA-G4-6315-01Z-00-DX1_19456_26624.jpg,TCGA-G4-6315,TCGA-G4-6315-01Z-00-DX1,1,0.9993358,1
tumour/TCGA-G4-6315-01Z-00-DX1_19456_28672.jpg,TCGA-G4-6315,TCGA-G4-6315-01Z-00-DX1,1,0.9792469,1
tumour/TCGA-G4-6315-01Z-00-DX1_19456_29696.jpg,TCGA-G4-6315,TCGA-G4-6315-01Z-00-DX1,1,0.9969779,1
tumour/TCGA-G4-6315-01Z-00-DX1_19456_30208.jpg,TCGA-G4-6315,TCGA-G4-6315-01Z-00-DX1,1,0.9710171,1
tumour/TCGA-G4-6315-01Z-00-DX1_19456_30720.jpg,TCGA-G4-6315,TCGA-G4-6315-01Z-00-DX1,1,0.99792176,1
tumour/TCGA-G4-6315-01Z-00-DX1_19456_31232.jpg,TCGA-G4-6315,TCGA-G4-6315-01Z-00-DX1,1,0.9997173,1
tumour/TCGA-G4-6315-01Z-00-DX1_19456_31744.jpg,TCGA-G4-6315,TCGA-G4-6315-01Z-00-DX1,1,0.99771535,1
tumour/TCGA-G4-6315-01Z-00-DX1_19456_32256.jpg,TCGA-G4-6315,TCGA-G4-6315-01Z-00-DX1,1,0.9993149,1
tumour/TCGA-G4-6315-01Z-00-DX1_19968_17408.jpg,TCGA-G4-6315,TCGA-G4-6315-01Z-00-DX1,1,0.9943862,1
tumour/TCGA-G4-6315-01Z-00-DX1_19968_18432.jpg,TCGA-G4-6315,TCGA-G4-6315-01Z-00-DX1,1,0.99990606,1
tumour/TCGA-G4-6315-01Z-00-DX1_19968_19456.jpg,TCGA-G4-6315,TCGA-G4-6315-01Z-00-DX1,1,0.9986499,1
tumour/TCGA-G4-6315-01Z-00-DX1_19968_20992.jpg,TCGA-G4-6315,TCGA-G4-6315-01Z-00-DX1,1,0.9999236,1
tumour/TCGA-G4-6315-01Z-00-DX1_19968_22016.jpg,TCGA-G4-6315,TCGA-G4-6315-01Z-00-DX1,1,0.9985877,1
tumour/TCGA-G4-6315-01Z-00-DX1_19968_22528.jpg,TCGA-G4-6315,TCGA-G4-6315-01Z-00-DX1,1,0.9975266,1
tumour/TCGA-G4-6315-01Z-00-DX1_19968_23040.jpg,TCGA-G4-6315,TCGA-G4-6315-01Z-00-DX1,1,0.99806803,1
tumour/TCGA-G4-6315-01Z-00-DX1_19968_23552.jpg,TCGA-G4-6315,TCGA-G4-6315-01Z-00-DX1,1,0.9974728,1
tumour/TCGA-G4-6315-01Z-00-DX1_19968_26112.jpg,TCGA-G4-6315,TCGA-G4-6315-01Z-00-DX1,1,0.99942696,1
tumour/TCGA-G4-6315-01Z-00-DX1_19968_27648.jpg,TCGA-G4-6315,TCGA-G4-6315-01Z-00-DX1,1,0.99627775,1
tumour/TCGA-G4-6315-01Z-00-DX1_19968_28160.jpg,TCGA-G4-6315,TCGA-G4-6315-01Z-00-DX1,1,0.9442811,1
tumour/TCGA-G4-6315-01Z-00-DX1_19968_28672.jpg,TCGA-G4-6315,TCGA-G4-6315-01Z-00-DX1,1,0.9468205,1
tumour/TCGA-G4-6315-01Z-00-DX1_19968_30208.jpg,TCGA-G4-6315,TCGA-G4-6315-01Z-00-DX1,1,0.9980082,1
tumour/TCGA-G4-6315-01Z-00-DX1_19968_31232.jpg,TCGA-G4-6315,TCGA-G4-6315-01Z-00-DX1,1,0.99953806,1
tumour/TCGA-G4-6315-01Z-00-DX1_19968_31744.jpg,TCGA-G4-6315,TCGA-G4-6315-01Z-00-DX1,1,0.99959534,1
tumour/TCGA-G4-6315-01Z-00-DX1_19968_38912.jpg,TCGA-G4-6315,TCGA-G4-6315-01Z-00-DX1,1,0.98891747,1
tumour/TCGA-G4-6315-01Z-00-DX1_20480_16384.jpg,TCGA-G4-6315,TCGA-G4-6315-01Z-00-DX1,1,0.9877186,1
tumour/TCGA-G4-6315-01Z-00-DX1_20480_17408.jpg,TCGA-G4-6315,TCGA-G4-6315-01Z-00-DX1,1,0.9993235,1
tumour/TCGA-G4-6315-01Z-00-DX1_20480_17920.jpg,TCGA-G4-6315,TCGA-G4-6315-01Z-00-DX1,1,0.9965759,1
tumour/TCGA-G4-6315-01Z-00-DX1_20480_18432.jpg,TCGA-G4-6315,TCGA-G4-6315-01Z-00-DX1,1,0.99966073,1
tumour/TCGA-G4-6315-01Z-00-DX1_20480_21504.jpg,TCGA-G4-6315,TCGA-G4-6315-01Z-00-DX1,1,0.99890566,1
tumour/TCGA-G4-6315-01Z-00-DX1_20480_22016.jpg,TCGA-G4-6315,TCGA-G4-6315-01Z-00-DX1,1,0.97825956,1
tumour/TCGA-G4-6315-01Z-00-DX1_20480_22528.jpg,TCGA-G4-6315,TCGA-G4-6315-01Z-00-DX1,1,0.9996661,1
tumour/TCGA-G4-6315-01Z-00-DX1_20480_23040.jpg,TCGA-G4-6315,TCGA-G4-6315-01Z-00-DX1,1,0.99639684,1
tumour/TCGA-G4-6315-01Z-00-DX1_20480_23552.jpg,TCGA-G4-6315,TCGA-G4-6315-01Z-00-DX1,1,0.9901866,1
tumour/TCGA-G4-6315-01Z-00-DX1_20480_24064.jpg,TCGA-G4-6315,TCGA-G4-6315-01Z-00-DX1,1,0.98877674,1
tumour/TCGA-G4-6315-01Z-00-DX1_20480_26112.jpg,TCGA-G4-6315,TCGA-G4-6315-01Z-00-DX1,1,0.9438815,1
tumour/TCGA-G4-6315-01Z-00-DX1_20480_26624.jpg,TCGA-G4-6315,TCGA-G4-6315-01Z-00-DX1,1,0.99038345,1
tumour/TCGA-G4-6315-01Z-00-DX1_20480_29184.jpg,TCGA-G4-6315,TCGA-G4-6315-01Z-00-DX1,1,0.9991794,1
tumour/TCGA-G4-6315-01Z-00-DX1_20480_29696.jpg,TCGA-G4-6315,TCGA-G4-6315-01Z-00-DX1,1,0.9967526,1
tumour/TCGA-G4-6315-01Z-00-DX1_20480_30208.jpg,TCGA-G4-6315,TCGA-G4-6315-01Z-00-DX1,1,0.9944337,1
tumour/TCGA-G4-6315-01Z-00-DX1_20480_32256.jpg,TCGA-G4-6315,TCGA-G4-6315-01Z-00-DX1,1,0.99418086,1
tumour/TCGA-G4-6315-01Z-00-DX1_20480_38400.jpg,TCGA-G4-6315,TCGA-G4-6315-01Z-00-DX1,1,0.9988028,1
tumour/TCGA-G4-6315-01Z-00-DX1_20992_17408.jpg,TCGA-G4-6315,TCGA-G4-6315-01Z-00-DX1,1,0.999876,1
tumour/TCGA-G4-6315-01Z-00-DX1_20992_17920.jpg,TCGA-G4-6315,TCGA-G4-6315-01Z-00-DX1,1,0.9984047,1
tumour/TCGA-G4-6315-01Z-00-DX1_20992_18432.jpg,TCGA-G4-6315,TCGA-G4-6315-01Z-00-DX1,1,0.9972473,1
tumour/TCGA-G4-6315-01Z-00-DX1_20992_19968.jpg,TCGA-G4-6315,TCGA-G4-6315-01Z-00-DX1,1,0.9973736,1
tumour/TCGA-G4-6315-01Z-00-DX1_20992_21504.jpg,TCGA-G4-6315,TCGA-G4-6315-01Z-00-DX1,1,0.99825746,1
tumour/TCGA-G4-6315-01Z-00-DX1_20992_25088.jpg,TCGA-G4-6315,TCGA-G4-6315-01Z-00-DX1,1,0.99971086,1
tumour/TCGA-G4-6315-01Z-00-DX1_20992_26112.jpg,TCGA-G4-6315,TCGA-G4-6315-01Z-00-DX1,1,0.99553645,1
tumour/TCGA-G4-6315-01Z-00-DX1_20992_27648.jpg,TCGA-G4-6315,TCGA-G4-6315-01Z-00-DX1,1,0.97925454,1
tumour/TCGA-G4-6315-01Z-00-DX1_20992_28160.jpg,TCGA-G4-6315,TCGA-G4-6315-01Z-00-DX1,1,0.9991602,1
tumour/TCGA-G4-6315-01Z-00-DX1_20992_28672.jpg,TCGA-G4-6315,TCGA-G4-6315-01Z-00-DX1,1,0.98878807,1
tumour/TCGA-G4-6315-01Z-00-DX1_20992_29184.jpg,TCGA-G4-6315,TCGA-G4-6315-01Z-00-DX1,1,0.98388726,1
tumour/TCGA-G4-6315-01Z-00-DX1_20992_30720.jpg,TCGA-G4-6315,TCGA-G4-6315-01Z-00-DX1,1,0.90843815,1
tumour/TCGA-G4-6315-01Z-00-DX1_20992_31232.jpg,TCGA-G4-6315,TCGA-G4-6315-01Z-00-DX1,1,0.9827666,1
tumour/TCGA-G4-6315-01Z-00-DX1_20992_38400.jpg,TCGA-G4-6315,TCGA-G4-6315-01Z-00-DX1,1,0.9924811,1
tumour/TCGA-G4-6315-01Z-00-DX1_20992_38912.jpg,TCGA-G4-6315,TCGA-G4-6315-01Z-00-DX1,1,0.99163485,1
tumour/TCGA-G4-6315-01Z-00-DX1_21504_15360.jpg,TCGA-G4-6315,TCGA-G4-6315-01Z-00-DX1,1,0.9994469,1
tumour/TCGA-G4-6315-01Z-00-DX1_21504_15872.jpg,TCGA-G4-6315,TCGA-G4-6315-01Z-00-DX1,1,0.9709717,1
tumour/TCGA-G4-6315-01Z-00-DX1_21504_17408.jpg,TCGA-G4-6315,TCGA-G4-6315-01Z-00-DX1,1,0.99914014,1
tumour/TCGA-G4-6315-01Z-00-DX1_21504_23040.jpg,TCGA-G4-6315,TCGA-G4-6315-01Z-00-DX1,1,0.8875997,1
tumour/TCGA-G4-6315-01Z-00-DX1_21504_23552.jpg,TCGA-G4-6315,TCGA-G4-6315-01Z-00-DX1,1,0.9992067,1
tumour/TCGA-G4-6315-01Z-00-DX1_21504_24064.jpg,TCGA-G4-6315,TCGA-G4-6315-01Z-00-DX1,1,0.98845136,1
tumour/TCGA-G4-6315-01Z-00-DX1_21504_25600.jpg,TCGA-G4-6315,TCGA-G4-6315-01Z-00-DX1,1,0.96544445,1
tumour/TCGA-G4-6315-01Z-00-DX1_21504_26112.jpg,TCGA-G4-6315,TCGA-G4-6315-01Z-00-DX1,1,0.93134606,1
tumour/TCGA-G4-6315-01Z-00-DX1_21504_26624.jpg,TCGA-G4-6315,TCGA-G4-6315-01Z-00-DX1,1,0.9738928,1
tumour/TCGA-G4-6315-01Z-00-DX1_21504_27136.jpg,TCGA-G4-6315,TCGA-G4-6315-01Z-00-DX1,1,0.9869033,1
tumour/TCGA-G4-6315-01Z-00-DX1_21504_27648.jpg,TCGA-G4-6315,TCGA-G4-6315-01Z-00-DX1,1,0.9756423,1
tumour/TCGA-G4-6315-01Z-00-DX1_21504_29184.jpg,TCGA-G4-6315,TCGA-G4-6315-01Z-00-DX1,1,0.8812849,1
tumour/TCGA-G4-6315-01Z-00-DX1_21504_29696.jpg,TCGA-G4-6315,TCGA-G4-6315-01Z-00-DX1,1,0.99756515,1
tumour/TCGA-G4-6315-01Z-00-DX1_21504_30208.jpg,TCGA-G4-6315,TCGA-G4-6315-01Z-00-DX1,1,0.9966023,1
tumour/TCGA-G4-6315-01Z-00-DX1_21504_30720.jpg,TCGA-G4-6315,TCGA-G4-6315-01Z-00-DX1,1,0.9977297,1
tumour/TCGA-G4-6315-01Z-00-DX1_21504_32256.jpg,TCGA-G4-6315,TCGA-G4-6315-01Z-00-DX1,1,0.9921955,1
tumour/TCGA-G4-6315-01Z-00-DX1_21504_38912.jpg,TCGA-G4-6315,TCGA-G4-6315-01Z-00-DX1,1,0.98557174,1
tumour/TCGA-G4-6315-01Z-00-DX1_21504_39424.jpg,TCGA-G4-6315,TCGA-G4-6315-01Z-00-DX1,1,0.9959561,1
tumour/TCGA-G4-6315-01Z-00-DX1_22016_15872.jpg,TCGA-G4-6315,TCGA-G4-6315-01Z-00-DX1,1,0.99868494,1
tumour/TCGA-G4-6315-01Z-00-DX1_22016_16896.jpg,TCGA-G4-6315,TCGA-G4-6315-01Z-00-DX1,1,0.99657476,1
tumour/TCGA-G4-6315-01Z-00-DX1_22016_17920.jpg,TCGA-G4-6315,TCGA-G4-6315-01Z-00-DX1,1,0.97955906,1
tumour/TCGA-G4-6315-01Z-00-DX1_22016_18432.jpg,TCGA-G4-6315,TCGA-G4-6315-01Z-00-DX1,1,0.9859401,1
tumour/TCGA-G4-6315-01Z-00-DX1_22016_23552.jpg,TCGA-G4-6315,TCGA-G4-6315-01Z-00-DX1,1,0.90347004,1
tumour/TCGA-G4-6315-01Z-00-DX1_22016_24576.jpg,TCGA-G4-6315,TCGA-G4-6315-01Z-00-DX1,1,0.9666959,1
tumour/TCGA-G4-6315-01Z-00-DX1_22016_26112.jpg,TCGA-G4-6315,TCGA-G4-6315-01Z-00-DX1,1,0.97559017,1
tumour/TCGA-G4-6315-01Z-00-DX1_22016_26624.jpg,TCGA-G4-6315,TCGA-G4-6315-01Z-00-DX1,1,0.9987679,1
tumour/TCGA-G4-6315-01Z-00-DX1_22016_27648.jpg,TCGA-G4-6315,TCGA-G4-6315-01Z-00-DX1,1,0.96266323,1
tumour/TCGA-G4-6315-01Z-00-DX1_22016_28160.jpg,TCGA-G4-6315,TCGA-G4-6315-01Z-00-DX1,1,0.96138674,1
tumour/TCGA-G4-6315-01Z-00-DX1_22016_29184.jpg,TCGA-G4-6315,TCGA-G4-6315-01Z-00-DX1,1,0.99964356,1
tumour/TCGA-G4-6315-01Z-00-DX1_22016_29696.jpg,TCGA-G4-6315,TCGA-G4-6315-01Z-00-DX1,1,0.99920243,1
tumour/TCGA-G4-6315-01Z-00-DX1_22016_30208.jpg,TCGA-G4-6315,TCGA-G4-6315-01Z-00-DX1,1,0.99549544,1
tumour/TCGA-G4-6315-01Z-00-DX1_22016_30720.jpg,TCGA-G4-6315,TCGA-G4-6315-01Z-00-DX1,1,0.9881925,1
tumour/TCGA-G4-6315-01Z-00-DX1_22016_31232.jpg,TCGA-G4-6315,TCGA-G4-6315-01Z-00-DX1,1,0.993042,1
tumour/TCGA-G4-6315-01Z-00-DX1_22016_31744.jpg,TCGA-G4-6315,TCGA-G4-6315-01Z-00-DX1,1,0.9268356,1
tumour/TCGA-G4-6315-01Z-00-DX1_22016_38912.jpg,TCGA-G4-6315,TCGA-G4-6315-01Z-00-DX1,1,0.9023653,1
tumour/TCGA-G4-6315-01Z-00-DX1_22528_14336.jpg,TCGA-G4-6315,TCGA-G4-6315-01Z-00-DX1,1,0.9962888,1
tumour/TCGA-G4-6315-01Z-00-DX1_22528_16896.jpg,TCGA-G4-6315,TCGA-G4-6315-01Z-00-DX1,1,0.99458414,1
tumour/TCGA-G4-6315-01Z-00-DX1_22528_18432.jpg,TCGA-G4-6315,TCGA-G4-6315-01Z-00-DX1,1,0.98383623,1
tumour/TCGA-G4-6315-01Z-00-DX1_22528_23552.jpg,TCGA-G4-6315,TCGA-G4-6315-01Z-00-DX1,1,0.998181,1
tumour/TCGA-G4-6315-01Z-00-DX1_22528_24576.jpg,TCGA-G4-6315,TCGA-G4-6315-01Z-00-DX1,1,0.9614045,1
tumour/TCGA-G4-6315-01Z-00-DX1_22528_25088.jpg,TCGA-G4-6315,TCGA-G4-6315-01Z-00-DX1,1,0.9991173,1
tumour/TCGA-G4-6315-01Z-00-DX1_22528_25600.jpg,TCGA-G4-6315,TCGA-G4-6315-01Z-00-DX1,1,0.93437326,1
tumour/TCGA-G4-6315-01Z-00-DX1_22528_27136.jpg,TCGA-G4-6315,TCGA-G4-6315-01Z-00-DX1,1,0.96113724,1
tumour/TCGA-G4-6315-01Z-00-DX1_22528_28160.jpg,TCGA-G4-6315,TCGA-G4-6315-01Z-00-DX1,1,0.9922059,1
tumour/TCGA-G4-6315-01Z-00-DX1_22528_28672.jpg,TCGA-G4-6315,TCGA-G4-6315-01Z-00-DX1,1,0.9875081,1
tumour/TCGA-G4-6315-01Z-00-DX1_22528_29184.jpg,TCGA-G4-6315,TCGA-G4-6315-01Z-00-DX1,1,0.99416006,1
tumour/TCGA-G4-6315-01Z-00-DX1_22528_29696.jpg,TCGA-G4-6315,TCGA-G4-6315-01Z-00-DX1,1,0.98939484,1
tumour/TCGA-G4-6315-01Z-00-DX1_22528_30720.jpg,TCGA-G4-6315,TCGA-G4-6315-01Z-00-DX1,1,0.99076766,1
tumour/TCGA-G4-6315-01Z-00-DX1_22528_32256.jpg,TCGA-G4-6315,TCGA-G4-6315-01Z-00-DX1,1,0.9976629,1
tumour/TCGA-G4-6315-01Z-00-DX1_22528_39424.jpg,TCGA-G4-6315,TCGA-G4-6315-01Z-00-DX1,1,0.9473729,1
tumour/TCGA-G4-6315-01Z-00-DX1_23040_13312.jpg,TCGA-G4-6315,TCGA-G4-6315-01Z-00-DX1,1,0.997629,1
tumour/TCGA-G4-6315-01Z-00-DX1_23040_14336.jpg,TCGA-G4-6315,TCGA-G4-6315-01Z-00-DX1,1,0.99918574,1
tumour/TCGA-G4-6315-01Z-00-DX1_23040_14848.jpg,TCGA-G4-6315,TCGA-G4-6315-01Z-00-DX1,1,0.9999114,1
tumour/TCGA-G4-6315-01Z-00-DX1_23040_15872.jpg,TCGA-G4-6315,TCGA-G4-6315-01Z-00-DX1,1,0.9891884,1
tumour/TCGA-G4-6315-01Z-00-DX1_23040_16896.jpg,TCGA-G4-6315,TCGA-G4-6315-01Z-00-DX1,1,0.98266554,1
tumour/TCGA-G4-6315-01Z-00-DX1_23040_18432.jpg,TCGA-G4-6315,TCGA-G4-6315-01Z-00-DX1,1,0.8400154,1
tumour/TCGA-G4-6315-01Z-00-DX1_23040_26624.jpg,TCGA-G4-6315,TCGA-G4-6315-01Z-00-DX1,1,0.8911564,1
tumour/TCGA-G4-6315-01Z-00-DX1_23040_27648.jpg,TCGA-G4-6315,TCGA-G4-6315-01Z-00-DX1,1,0.9799875,1
tumour/TCGA-G4-6315-01Z-00-DX1_23040_28672.jpg,TCGA-G4-6315,TCGA-G4-6315-01Z-00-DX1,1,0.9986683,1
tumour/TCGA-G4-6315-01Z-00-DX1_23040_30720.jpg,TCGA-G4-6315,TCGA-G4-6315-01Z-00-DX1,1,0.9973123,1
tumour/TCGA-G4-6315-01Z-00-DX1_23040_31744.jpg,TCGA-G4-6315,TCGA-G4-6315-01Z-00-DX1,1,0.98747,1
tumour/TCGA-G4-6315-01Z-00-DX1_23552_16384.jpg,TCGA-G4-6315,TCGA-G4-6315-01Z-00-DX1,1,0.99479574,1
tumour/TCGA-G4-6315-01Z-00-DX1_23552_16896.jpg,TCGA-G4-6315,TCGA-G4-6315-01Z-00-DX1,1,0.97703815,1
tumour/TCGA-G4-6315-01Z-00-DX1_23552_17408.jpg,TCGA-G4-6315,TCGA-G4-6315-01Z-00-DX1,1,0.94520605,1
tumour/TCGA-G4-6315-01Z-00-DX1_23552_26624.jpg,TCGA-G4-6315,TCGA-G4-6315-01Z-00-DX1,1,0.97257704,1
tumour/TCGA-G4-6315-01Z-00-DX1_23552_28160.jpg,TCGA-G4-6315,TCGA-G4-6315-01Z-00-DX1,1,0.9961152,1
tumour/TCGA-G4-6315-01Z-00-DX1_23552_29696.jpg,TCGA-G4-6315,TCGA-G4-6315-01Z-00-DX1,1,0.9918777,1
tumour/TCGA-G4-6315-01Z-00-DX1_23552_30208.jpg,TCGA-G4-6315,TCGA-G4-6315-01Z-00-DX1,1,0.99593604,1
tumour/TCGA-G4-6315-01Z-00-DX1_23552_31232.jpg,TCGA-G4-6315,TCGA-G4-6315-01Z-00-DX1,1,0.9964469,1
tumour/TCGA-G4-6315-01Z-00-DX1_24064_13824.jpg,TCGA-G4-6315,TCGA-G4-6315-01Z-00-DX1,1,0.99973136,1
tumour/TCGA-G4-6315-01Z-00-DX1_24064_14848.jpg,TCGA-G4-6315,TCGA-G4-6315-01Z-00-DX1,1,0.999371,1
tumour/TCGA-G4-6315-01Z-00-DX1_24064_15360.jpg,TCGA-G4-6315,TCGA-G4-6315-01Z-00-DX1,1,0.99290717,1
tumour/TCGA-G4-6315-01Z-00-DX1_24064_16384.jpg,TCGA-G4-6315,TCGA-G4-6315-01Z-00-DX1,1,0.97361577,1
tumour/TCGA-G4-6315-01Z-00-DX1_24064_17408.jpg,TCGA-G4-6315,TCGA-G4-6315-01Z-00-DX1,1,0.9866224,1
tumour/TCGA-G4-6315-01Z-00-DX1_24064_17920.jpg,TCGA-G4-6315,TCGA-G4-6315-01Z-00-DX1,1,0.9662713,1
tumour/TCGA-G4-6315-01Z-00-DX1_24064_29184.jpg,TCGA-G4-6315,TCGA-G4-6315-01Z-00-DX1,1,0.99729115,1
tumour/TCGA-G4-6315-01Z-00-DX1_24064_29696.jpg,TCGA-G4-6315,TCGA-G4-6315-01Z-00-DX1,1,0.9964573,1
tumour/TCGA-G4-6315-01Z-00-DX1_24064_30208.jpg,TCGA-G4-6315,TCGA-G4-6315-01Z-00-DX1,1,0.99560803,1
tumour/TCGA-G4-6315-01Z-00-DX1_24576_11776.jpg,TCGA-G4-6315,TCGA-G4-6315-01Z-00-DX1,1,0.12752678,0
tumour/TCGA-G4-6315-01Z-00-DX1_24576_12800.jpg,TCGA-G4-6315,TCGA-G4-6315-01Z-00-DX1,1,0.9967584,1
tumour/TCGA-G4-6315-01Z-00-DX1_24576_13312.jpg,TCGA-G4-6315,TCGA-G4-6315-01Z-00-DX1,1,0.9980763,1
tumour/TCGA-G4-6315-01Z-00-DX1_24576_14336.jpg,TCGA-G4-6315,TCGA-G4-6315-01Z-00-DX1,1,0.999734,1
tumour/TCGA-G4-6315-01Z-00-DX1_24576_15360.jpg,TCGA-G4-6315,TCGA-G4-6315-01Z-00-DX1,1,0.8886014,1
tumour/TCGA-G4-6315-01Z-00-DX1_24576_15872.jpg,TCGA-G4-6315,TCGA-G4-6315-01Z-00-DX1,1,0.98792064,1
tumour/TCGA-G4-6315-01Z-00-DX1_24576_17408.jpg,TCGA-G4-6315,TCGA-G4-6315-01Z-00-DX1,1,0.7992968,1
tumour/TCGA-G4-6315-01Z-00-DX1_24576_27648.jpg,TCGA-G4-6315,TCGA-G4-6315-01Z-00-DX1,1,0.96648395,1
tumour/TCGA-G4-6315-01Z-00-DX1_24576_28160.jpg,TCGA-G4-6315,TCGA-G4-6315-01Z-00-DX1,1,0.98998064,1
tumour/TCGA-G4-6315-01Z-00-DX1_24576_28672.jpg,TCGA-G4-6315,TCGA-G4-6315-01Z-00-DX1,1,0.99725324,1
tumour/TCGA-G4-6315-01Z-00-DX1_24576_30208.jpg,TCGA-G4-6315,TCGA-G4-6315-01Z-00-DX1,1,0.99845576,1
tumour/TCGA-G4-6315-01Z-00-DX1_24576_31232.jpg,TCGA-G4-6315,TCGA-G4-6315-01Z-00-DX1,1,0.9857238,1
tumour/TCGA-G4-6315-01Z-00-DX1_25088_12288.jpg,TCGA-G4-6315,TCGA-G4-6315-01Z-00-DX1,1,0.99846554,1
tumour/TCGA-G4-6315-01Z-00-DX1_25088_13824.jpg,TCGA-G4-6315,TCGA-G4-6315-01Z-00-DX1,1,0.99987507,1
tumour/TCGA-G4-6315-01Z-00-DX1_25088_14336.jpg,TCGA-G4-6315,TCGA-G4-6315-01Z-00-DX1,1,0.999941,1
tumour/TCGA-G4-6315-01Z-00-DX1_25088_15360.jpg,TCGA-G4-6315,TCGA-G4-6315-01Z-00-DX1,1,0.9851468,1
tumour/TCGA-G4-6315-01Z-00-DX1_25088_16896.jpg,TCGA-G4-6315,TCGA-G4-6315-01Z-00-DX1,1,0.9962534,1
tumour/TCGA-G4-6315-01Z-00-DX1_25088_17408.jpg,TCGA-G4-6315,TCGA-G4-6315-01Z-00-DX1,1,0.93149674,1
tumour/TCGA-G4-6315-01Z-00-DX1_25088_18944.jpg,TCGA-G4-6315,TCGA-G4-6315-01Z-00-DX1,1,0.9492167,1
tumour/TCGA-G4-6315-01Z-00-DX1_25088_27648.jpg,TCGA-G4-6315,TCGA-G4-6315-01Z-00-DX1,1,0.95329034,1
tumour/TCGA-G4-6315-01Z-00-DX1_25088_28160.jpg,TCGA-G4-6315,TCGA-G4-6315-01Z-00-DX1,1,0.92015046,1
tumour/TCGA-G4-6315-01Z-00-DX1_25088_29184.jpg,TCGA-G4-6315,TCGA-G4-6315-01Z-00-DX1,1,0.97427374,1
tumour/TCGA-G4-6315-01Z-00-DX1_25088_29696.jpg,TCGA-G4-6315,TCGA-G4-6315-01Z-00-DX1,1,0.9950996,1
tumour/TCGA-G4-6315-01Z-00-DX1_25088_30208.jpg,TCGA-G4-6315,TCGA-G4-6315-01Z-00-DX1,1,0.9989575,1
tumour/TCGA-G4-6315-01Z-00-DX1_25088_30720.jpg,TCGA-G4-6315,TCGA-G4-6315-01Z-00-DX1,1,0.9613248,1
tumour/TCGA-G4-6315-01Z-00-DX1_25600_11776.jpg,TCGA-G4-6315,TCGA-G4-6315-01Z-00-DX1,1,0.9971554,1
tumour/TCGA-G4-6315-01Z-00-DX1_25600_12288.jpg,TCGA-G4-6315,TCGA-G4-6315-01Z-00-DX1,1,0.97874033,1
tumour/TCGA-G4-6315-01Z-00-DX1_25600_13312.jpg,TCGA-G4-6315,TCGA-G4-6315-01Z-00-DX1,1,0.99780494,1
tumour/TCGA-G4-6315-01Z-00-DX1_25600_14336.jpg,TCGA-G4-6315,TCGA-G4-6315-01Z-00-DX1,1,0.99344987,1
tumour/TCGA-G4-6315-01Z-00-DX1_25600_15872.jpg,TCGA-G4-6315,TCGA-G4-6315-01Z-00-DX1,1,0.9000919,1
tumour/TCGA-G4-6315-01Z-00-DX1_25600_16384.jpg,TCGA-G4-6315,TCGA-G4-6315-01Z-00-DX1,1,0.9547285,1
tumour/TCGA-G4-6315-01Z-00-DX1_25600_17920.jpg,TCGA-G4-6315,TCGA-G4-6315-01Z-00-DX1,1,0.91733783,1
tumour/TCGA-G4-6315-01Z-00-DX1_25600_18944.jpg,TCGA-G4-6315,TCGA-G4-6315-01Z-00-DX1,1,0.9172338,1
tumour/TCGA-G4-6315-01Z-00-DX1_25600_29184.jpg,TCGA-G4-6315,TCGA-G4-6315-01Z-00-DX1,1,0.99682957,1
tumour/TCGA-G4-6315-01Z-00-DX1_25600_29696.jpg,TCGA-G4-6315,TCGA-G4-6315-01Z-00-DX1,1,0.9954454,1
tumour/TCGA-G4-6315-01Z-00-DX1_25600_30208.jpg,TCGA-G4-6315,TCGA-G4-6315-01Z-00-DX1,1,0.9976695,1
tumour/TCGA-G4-6315-01Z-00-DX1_26112_12288.jpg,TCGA-G4-6315,TCGA-G4-6315-01Z-00-DX1,1,0.99805284,1
tumour/TCGA-G4-6315-01Z-00-DX1_26112_13312.jpg,TCGA-G4-6315,TCGA-G4-6315-01Z-00-DX1,1,0.9654458,1
tumour/TCGA-G4-6315-01Z-00-DX1_26112_13824.jpg,TCGA-G4-6315,TCGA-G4-6315-01Z-00-DX1,1,0.9773845,1
tumour/TCGA-G4-6315-01Z-00-DX1_26112_14336.jpg,TCGA-G4-6315,TCGA-G4-6315-01Z-00-DX1,1,0.99770576,1
tumour/TCGA-G4-6315-01Z-00-DX1_26112_14848.jpg,TCGA-G4-6315,TCGA-G4-6315-01Z-00-DX1,1,0.9893946,1
tumour/TCGA-G4-6315-01Z-00-DX1_26112_15872.jpg,TCGA-G4-6315,TCGA-G4-6315-01Z-00-DX1,1,0.8579373,1
tumour/TCGA-G4-6315-01Z-00-DX1_26112_17408.jpg,TCGA-G4-6315,TCGA-G4-6315-01Z-00-DX1,1,0.7640088,1
tumour/TCGA-G4-6315-01Z-00-DX1_26112_17920.jpg,TCGA-G4-6315,TCGA-G4-6315-01Z-00-DX1,1,0.88344735,1
tumour/TCGA-G4-6315-01Z-00-DX1_26112_29184.jpg,TCGA-G4-6315,TCGA-G4-6315-01Z-00-DX1,1,0.96569085,1
tumour/TCGA-G4-6315-01Z-00-DX1_26112_29696.jpg,TCGA-G4-6315,TCGA-G4-6315-01Z-00-DX1,1,0.99370265,1
tumour/TCGA-G4-6315-01Z-00-DX1_26112_30208.jpg,TCGA-G4-6315,TCGA-G4-6315-01Z-00-DX1,1,0.9972928,1
tumour/TCGA-G4-6315-01Z-00-DX1_26112_31232.jpg,TCGA-G4-6315,TCGA-G4-6315-01Z-00-DX1,1,0.99730396,1
tumour/TCGA-G4-6315-01Z-00-DX1_26624_10752.jpg,TCGA-G4-6315,TCGA-G4-6315-01Z-00-DX1,1,0.9898291,1
tumour/TCGA-G4-6315-01Z-00-DX1_26624_11776.jpg,TCGA-G4-6315,TCGA-G4-6315-01Z-00-DX1,1,0.99961156,1
tumour/TCGA-G4-6315-01Z-00-DX1_26624_14848.jpg,TCGA-G4-6315,TCGA-G4-6315-01Z-00-DX1,1,0.99863416,1
tumour/TCGA-G4-6315-01Z-00-DX1_26624_15360.jpg,TCGA-G4-6315,TCGA-G4-6315-01Z-00-DX1,1,0.9904606,1
tumour/TCGA-G4-6315-01Z-00-DX1_26624_16384.jpg,TCGA-G4-6315,TCGA-G4-6315-01Z-00-DX1,1,0.97283363,1
tumour/TCGA-G4-6315-01Z-00-DX1_26624_17408.jpg,TCGA-G4-6315,TCGA-G4-6315-01Z-00-DX1,1,0.95117855,1
tumour/TCGA-G4-6315-01Z-00-DX1_26624_17920.jpg,TCGA-G4-6315,TCGA-G4-6315-01Z-00-DX1,1,0.73929244,1
tumour/TCGA-G4-6315-01Z-00-DX1_26624_18432.jpg,TCGA-G4-6315,TCGA-G4-6315-01Z-00-DX1,1,0.77435225,1
tumour/TCGA-G4-6315-01Z-00-DX1_26624_30208.jpg,TCGA-G4-6315,TCGA-G4-6315-01Z-00-DX1,1,0.5232621,1
tumour/TCGA-G4-6315-01Z-00-DX1_26624_31232.jpg,TCGA-G4-6315,TCGA-G4-6315-01Z-00-DX1,1,0.88899493,1
tumour/TCGA-G4-6315-01Z-00-DX1_27136_10240.jpg,TCGA-G4-6315,TCGA-G4-6315-01Z-00-DX1,1,0.9918801,1
tumour/TCGA-G4-6315-01Z-00-DX1_27136_10752.jpg,TCGA-G4-6315,TCGA-G4-6315-01Z-00-DX1,1,0.8839301,1
tumour/TCGA-G4-6315-01Z-00-DX1_27136_11264.jpg,TCGA-G4-6315,TCGA-G4-6315-01Z-00-DX1,1,0.9954774,1
tumour/TCGA-G4-6315-01Z-00-DX1_27136_11776.jpg,TCGA-G4-6315,TCGA-G4-6315-01Z-00-DX1,1,0.9998117,1
tumour/TCGA-G4-6315-01Z-00-DX1_27136_12800.jpg,TCGA-G4-6315,TCGA-G4-6315-01Z-00-DX1,1,0.9848861,1
tumour/TCGA-G4-6315-01Z-00-DX1_27136_14848.jpg,TCGA-G4-6315,TCGA-G4-6315-01Z-00-DX1,1,0.9878742,1
tumour/TCGA-G4-6315-01Z-00-DX1_27136_16384.jpg,TCGA-G4-6315,TCGA-G4-6315-01Z-00-DX1,1,0.9704785,1
tumour/TCGA-G4-6315-01Z-00-DX1_27136_16896.jpg,TCGA-G4-6315,TCGA-G4-6315-01Z-00-DX1,1,0.9948849,1
tumour/TCGA-G4-6315-01Z-00-DX1_27136_18432.jpg,TCGA-G4-6315,TCGA-G4-6315-01Z-00-DX1,1,0.95568293,1
tumour/TCGA-G4-6315-01Z-00-DX1_27136_19456.jpg,TCGA-G4-6315,TCGA-G4-6315-01Z-00-DX1,1,0.74425524,1
tumour/TCGA-G4-6315-01Z-00-DX1_27136_25600.jpg,TCGA-G4-6315,TCGA-G4-6315-01Z-00-DX1,1,0.9268174,1
tumour/TCGA-G4-6315-01Z-00-DX1_27136_29696.jpg,TCGA-G4-6315,TCGA-G4-6315-01Z-00-DX1,1,0.9425225,1
tumour/TCGA-G4-6315-01Z-00-DX1_27136_30208.jpg,TCGA-G4-6315,TCGA-G4-6315-01Z-00-DX1,1,0.8716664,1
tumour/TCGA-G4-6315-01Z-00-DX1_27136_30720.jpg,TCGA-G4-6315,TCGA-G4-6315-01Z-00-DX1,1,0.89695746,1
tumour/TCGA-G4-6315-01Z-00-DX1_27136_31232.jpg,TCGA-G4-6315,TCGA-G4-6315-01Z-00-DX1,1,0.830067,1
tumour/TCGA-G4-6315-01Z-00-DX1_27648_10240.jpg,TCGA-G4-6315,TCGA-G4-6315-01Z-00-DX1,1,0.9914902,1
tumour/TCGA-G4-6315-01Z-00-DX1_27648_11776.jpg,TCGA-G4-6315,TCGA-G4-6315-01Z-00-DX1,1,0.9901023,1
tumour/TCGA-G4-6315-01Z-00-DX1_27648_12288.jpg,TCGA-G4-6315,TCGA-G4-6315-01Z-00-DX1,1,0.9995258,1
tumour/TCGA-G4-6315-01Z-00-DX1_27648_12800.jpg,TCGA-G4-6315,TCGA-G4-6315-01Z-00-DX1,1,0.99230486,1
tumour/TCGA-G4-6315-01Z-00-DX1_27648_13312.jpg,TCGA-G4-6315,TCGA-G4-6315-01Z-00-DX1,1,0.99114615,1
tumour/TCGA-G4-6315-01Z-00-DX1_27648_14336.jpg,TCGA-G4-6315,TCGA-G4-6315-01Z-00-DX1,1,0.9784616,1
tumour/TCGA-G4-6315-01Z-00-DX1_27648_14848.jpg,TCGA-G4-6315,TCGA-G4-6315-01Z-00-DX1,1,0.9872731,1
tumour/TCGA-G4-6315-01Z-00-DX1_27648_17408.jpg,TCGA-G4-6315,TCGA-G4-6315-01Z-00-DX1,1,0.98658967,1
tumour/TCGA-G4-6315-01Z-00-DX1_27648_18432.jpg,TCGA-G4-6315,TCGA-G4-6315-01Z-00-DX1,1,0.8174953,1
tumour/TCGA-G4-6315-01Z-00-DX1_27648_18944.jpg,TCGA-G4-6315,TCGA-G4-6315-01Z-00-DX1,1,0.99360067,1
tumour/TCGA-G4-6315-01Z-00-DX1_27648_24064.jpg,TCGA-G4-6315,TCGA-G4-6315-01Z-00-DX1,1,0.9981103,1
tumour/TCGA-G4-6315-01Z-00-DX1_27648_25088.jpg,TCGA-G4-6315,TCGA-G4-6315-01Z-00-DX1,1,0.75657344,1
tumour/TCGA-G4-6315-01Z-00-DX1_27648_29184.jpg,TCGA-G4-6315,TCGA-G4-6315-01Z-00-DX1,1,0.9800971,1
tumour/TCGA-G4-6315-01Z-00-DX1_27648_30208.jpg,TCGA-G4-6315,TCGA-G4-6315-01Z-00-DX1,1,0.68601584,1
tumour/TCGA-G4-6315-01Z-00-DX1_27648_6656.jpg,TCGA-G4-6315,TCGA-G4-6315-01Z-00-DX1,1,0.99843186,1
tumour/TCGA-G4-6315-01Z-00-DX1_27648_9216.jpg,TCGA-G4-6315,TCGA-G4-6315-01Z-00-DX1,1,0.91030926,1
tumour/TCGA-G4-6315-01Z-00-DX1_28160_10752.jpg,TCGA-G4-6315,TCGA-G4-6315-01Z-00-DX1,1,0.97092396,1
tumour/TCGA-G4-6315-01Z-00-DX1_28160_11264.jpg,TCGA-G4-6315,TCGA-G4-6315-01Z-00-DX1,1,0.99396014,1
tumour/TCGA-G4-6315-01Z-00-DX1_28160_12800.jpg,TCGA-G4-6315,TCGA-G4-6315-01Z-00-DX1,1,0.9953011,1
tumour/TCGA-G4-6315-01Z-00-DX1_28160_13312.jpg,TCGA-G4-6315,TCGA-G4-6315-01Z-00-DX1,1,0.9868658,1
tumour/TCGA-G4-6315-01Z-00-DX1_28160_15872.jpg,TCGA-G4-6315,TCGA-G4-6315-01Z-00-DX1,1,0.99501675,1
tumour/TCGA-G4-6315-01Z-00-DX1_28160_17408.jpg,TCGA-G4-6315,TCGA-G4-6315-01Z-00-DX1,1,0.8982363,1
tumour/TCGA-G4-6315-01Z-00-DX1_28160_22016.jpg,TCGA-G4-6315,TCGA-G4-6315-01Z-00-DX1,1,0.9838397,1
tumour/TCGA-G4-6315-01Z-00-DX1_28160_23040.jpg,TCGA-G4-6315,TCGA-G4-6315-01Z-00-DX1,1,0.93214065,1
tumour/TCGA-G4-6315-01Z-00-DX1_28160_24064.jpg,TCGA-G4-6315,TCGA-G4-6315-01Z-00-DX1,1,0.9593183,1
tumour/TCGA-G4-6315-01Z-00-DX1_28160_24576.jpg,TCGA-G4-6315,TCGA-G4-6315-01Z-00-DX1,1,0.33917788,0
tumour/TCGA-G4-6315-01Z-00-DX1_28160_26112.jpg,TCGA-G4-6315,TCGA-G4-6315-01Z-00-DX1,1,0.9579247,1
tumour/TCGA-G4-6315-01Z-00-DX1_28160_29184.jpg,TCGA-G4-6315,TCGA-G4-6315-01Z-00-DX1,1,0.98555946,1
tumour/TCGA-G4-6315-01Z-00-DX1_28160_30208.jpg,TCGA-G4-6315,TCGA-G4-6315-01Z-00-DX1,1,0.8710077,1
tumour/TCGA-G4-6315-01Z-00-DX1_28160_30720.jpg,TCGA-G4-6315,TCGA-G4-6315-01Z-00-DX1,1,0.66515493,1
tumour/TCGA-G4-6315-01Z-00-DX1_28160_6656.jpg,TCGA-G4-6315,TCGA-G4-6315-01Z-00-DX1,1,0.98870355,1
tumour/TCGA-G4-6315-01Z-00-DX1_28160_8704.jpg,TCGA-G4-6315,TCGA-G4-6315-01Z-00-DX1,1,0.98542756,1
tumour/TCGA-G4-6315-01Z-00-DX1_28160_9216.jpg,TCGA-G4-6315,TCGA-G4-6315-01Z-00-DX1,1,0.97741824,1
tumour/TCGA-G4-6315-01Z-00-DX1_28160_9728.jpg,TCGA-G4-6315,TCGA-G4-6315-01Z-00-DX1,1,0.99349433,1
tumour/TCGA-G4-6315-01Z-00-DX1_28672_10240.jpg,TCGA-G4-6315,TCGA-G4-6315-01Z-00-DX1,1,0.99592197,1
tumour/TCGA-G4-6315-01Z-00-DX1_28672_11264.jpg,TCGA-G4-6315,TCGA-G4-6315-01Z-00-DX1,1,0.99294597,1
tumour/TCGA-G4-6315-01Z-00-DX1_28672_12800.jpg,TCGA-G4-6315,TCGA-G4-6315-01Z-00-DX1,1,0.9973847,1
tumour/TCGA-G4-6315-01Z-00-DX1_28672_13312.jpg,TCGA-G4-6315,TCGA-G4-6315-01Z-00-DX1,1,0.9812143,1
tumour/TCGA-G4-6315-01Z-00-DX1_28672_14336.jpg,TCGA-G4-6315,TCGA-G4-6315-01Z-00-DX1,1,0.99257386,1
tumour/TCGA-G4-6315-01Z-00-DX1_28672_16384.jpg,TCGA-G4-6315,TCGA-G4-6315-01Z-00-DX1,1,0.9970715,1
tumour/TCGA-G4-6315-01Z-00-DX1_28672_16896.jpg,TCGA-G4-6315,TCGA-G4-6315-01Z-00-DX1,1,0.9766233,1
tumour/TCGA-G4-6315-01Z-00-DX1_28672_17408.jpg,TCGA-G4-6315,TCGA-G4-6315-01Z-00-DX1,1,0.71795344,1
tumour/TCGA-G4-6315-01Z-00-DX1_28672_18432.jpg,TCGA-G4-6315,TCGA-G4-6315-01Z-00-DX1,1,0.7691134,1
tumour/TCGA-G4-6315-01Z-00-DX1_28672_18944.jpg,TCGA-G4-6315,TCGA-G4-6315-01Z-00-DX1,1,0.8437879,1
tumour/TCGA-G4-6315-01Z-00-DX1_28672_21504.jpg,TCGA-G4-6315,TCGA-G4-6315-01Z-00-DX1,1,0.9928935,1
tumour/TCGA-G4-6315-01Z-00-DX1_28672_22528.jpg,TCGA-G4-6315,TCGA-G4-6315-01Z-00-DX1,1,0.9655299,1
tumour/TCGA-G4-6315-01Z-00-DX1_28672_23552.jpg,TCGA-G4-6315,TCGA-G4-6315-01Z-00-DX1,1,0.9973236,1
tumour/TCGA-G4-6315-01Z-00-DX1_28672_25088.jpg,TCGA-G4-6315,TCGA-G4-6315-01Z-00-DX1,1,0.97081393,1
tumour/TCGA-G4-6315-01Z-00-DX1_28672_25600.jpg,TCGA-G4-6315,TCGA-G4-6315-01Z-00-DX1,1,0.95435447,1
tumour/TCGA-G4-6315-01Z-00-DX1_28672_26112.jpg,TCGA-G4-6315,TCGA-G4-6315-01Z-00-DX1,1,0.97447234,1
tumour/TCGA-G4-6315-01Z-00-DX1_28672_27648.jpg,TCGA-G4-6315,TCGA-G4-6315-01Z-00-DX1,1,0.9901003,1
tumour/TCGA-G4-6315-01Z-00-DX1_28672_4608.jpg,TCGA-G4-6315,TCGA-G4-6315-01Z-00-DX1,1,0.9797555,1
tumour/TCGA-G4-6315-01Z-00-DX1_28672_6656.jpg,TCGA-G4-6315,TCGA-G4-6315-01Z-00-DX1,1,0.9915735,1
tumour/TCGA-G4-6315-01Z-00-DX1_28672_8704.jpg,TCGA-G4-6315,TCGA-G4-6315-01Z-00-DX1,1,0.99422616,1
tumour/TCGA-G4-6315-01Z-00-DX1_28672_9728.jpg,TCGA-G4-6315,TCGA-G4-6315-01Z-00-DX1,1,0.9903392,1
tumour/TCGA-G4-6315-01Z-00-DX1_29184_12288.jpg,TCGA-G4-6315,TCGA-G4-6315-01Z-00-DX1,1,0.99970776,1
tumour/TCGA-G4-6315-01Z-00-DX1_29184_13312.jpg,TCGA-G4-6315,TCGA-G4-6315-01Z-00-DX1,1,0.98171115,1
tumour/TCGA-G4-6315-01Z-00-DX1_29184_13824.jpg,TCGA-G4-6315,TCGA-G4-6315-01Z-00-DX1,1,0.9977144,1
tumour/TCGA-G4-6315-01Z-00-DX1_29184_14336.jpg,TCGA-G4-6315,TCGA-G4-6315-01Z-00-DX1,1,0.9600076,1
tumour/TCGA-G4-6315-01Z-00-DX1_29184_14848.jpg,TCGA-G4-6315,TCGA-G4-6315-01Z-00-DX1,1,0.9799723,1
tumour/TCGA-G4-6315-01Z-00-DX1_29184_15360.jpg,TCGA-G4-6315,TCGA-G4-6315-01Z-00-DX1,1,0.99509454,1
tumour/TCGA-G4-6315-01Z-00-DX1_29184_15872.jpg,TCGA-G4-6315,TCGA-G4-6315-01Z-00-DX1,1,0.99834,1
tumour/TCGA-G4-6315-01Z-00-DX1_29184_16384.jpg,TCGA-G4-6315,TCGA-G4-6315-01Z-00-DX1,1,0.9984634,1
tumour/TCGA-G4-6315-01Z-00-DX1_29184_16896.jpg,TCGA-G4-6315,TCGA-G4-6315-01Z-00-DX1,1,0.9923847,1
tumour/TCGA-G4-6315-01Z-00-DX1_29184_17408.jpg,TCGA-G4-6315,TCGA-G4-6315-01Z-00-DX1,1,0.90307397,1
tumour/TCGA-G4-6315-01Z-00-DX1_29184_17920.jpg,TCGA-G4-6315,TCGA-G4-6315-01Z-00-DX1,1,0.8484563,1
tumour/TCGA-G4-6315-01Z-00-DX1_29184_18432.jpg,TCGA-G4-6315,TCGA-G4-6315-01Z-00-DX1,1,0.8999366,1
tumour/TCGA-G4-6315-01Z-00-DX1_29184_21504.jpg,TCGA-G4-6315,TCGA-G4-6315-01Z-00-DX1,1,0.9846368,1
tumour/TCGA-G4-6315-01Z-00-DX1_29184_24064.jpg,TCGA-G4-6315,TCGA-G4-6315-01Z-00-DX1,1,0.9101114,1
tumour/TCGA-G4-6315-01Z-00-DX1_29184_24576.jpg,TCGA-G4-6315,TCGA-G4-6315-01Z-00-DX1,1,0.97324854,1
tumour/TCGA-G4-6315-01Z-00-DX1_29184_25088.jpg,TCGA-G4-6315,TCGA-G4-6315-01Z-00-DX1,1,0.8578454,1
tumour/TCGA-G4-6315-01Z-00-DX1_29184_25600.jpg,TCGA-G4-6315,TCGA-G4-6315-01Z-00-DX1,1,0.83158594,1
tumour/TCGA-G4-6315-01Z-00-DX1_29184_26112.jpg,TCGA-G4-6315,TCGA-G4-6315-01Z-00-DX1,1,0.92983174,1
tumour/TCGA-G4-6315-01Z-00-DX1_29184_27136.jpg,TCGA-G4-6315,TCGA-G4-6315-01Z-00-DX1,1,0.9155994,1
tumour/TCGA-G4-6315-01Z-00-DX1_29184_29184.jpg,TCGA-G4-6315,TCGA-G4-6315-01Z-00-DX1,1,0.9948665,1
tumour/TCGA-G4-6315-01Z-00-DX1_29184_29696.jpg,TCGA-G4-6315,TCGA-G4-6315-01Z-00-DX1,1,0.7301071,1
tumour/TCGA-G4-6315-01Z-00-DX1_29184_30208.jpg,TCGA-G4-6315,TCGA-G4-6315-01Z-00-DX1,1,0.9666775,1
tumour/TCGA-G4-6315-01Z-00-DX1_29184_30720.jpg,TCGA-G4-6315,TCGA-G4-6315-01Z-00-DX1,1,0.7402051,1
tumour/TCGA-G4-6315-01Z-00-DX1_29184_4096.jpg,TCGA-G4-6315,TCGA-G4-6315-01Z-00-DX1,1,0.95840067,1
tumour/TCGA-G4-6315-01Z-00-DX1_29184_4608.jpg,TCGA-G4-6315,TCGA-G4-6315-01Z-00-DX1,1,0.37815773,0
tumour/TCGA-G4-6315-01Z-00-DX1_29184_5120.jpg,TCGA-G4-6315,TCGA-G4-6315-01Z-00-DX1,1,0.59670734,1
tumour/TCGA-G4-6315-01Z-00-DX1_29184_6656.jpg,TCGA-G4-6315,TCGA-G4-6315-01Z-00-DX1,1,0.9744805,1
tumour/TCGA-G4-6315-01Z-00-DX1_29184_8192.jpg,TCGA-G4-6315,TCGA-G4-6315-01Z-00-DX1,1,0.9974995,1
tumour/TCGA-G4-6315-01Z-00-DX1_29184_8704.jpg,TCGA-G4-6315,TCGA-G4-6315-01Z-00-DX1,1,0.9977723,1
tumour/TCGA-G4-6315-01Z-00-DX1_29184_9728.jpg,TCGA-G4-6315,TCGA-G4-6315-01Z-00-DX1,1,0.9909725,1
tumour/TCGA-G4-6315-01Z-00-DX1_29696_11264.jpg,TCGA-G4-6315,TCGA-G4-6315-01Z-00-DX1,1,0.9793571,1
tumour/TCGA-G4-6315-01Z-00-DX1_29696_11776.jpg,TCGA-G4-6315,TCGA-G4-6315-01Z-00-DX1,1,0.9928114,1
tumour/TCGA-G4-6315-01Z-00-DX1_29696_12288.jpg,TCGA-G4-6315,TCGA-G4-6315-01Z-00-DX1,1,0.9978677,1
tumour/TCGA-G4-6315-01Z-00-DX1_29696_12800.jpg,TCGA-G4-6315,TCGA-G4-6315-01Z-00-DX1,1,0.99922085,1
tumour/TCGA-G4-6315-01Z-00-DX1_29696_13312.jpg,TCGA-G4-6315,TCGA-G4-6315-01Z-00-DX1,1,0.9839542,1
tumour/TCGA-G4-6315-01Z-00-DX1_29696_14336.jpg,TCGA-G4-6315,TCGA-G4-6315-01Z-00-DX1,1,0.9942873,1
tumour/TCGA-G4-6315-01Z-00-DX1_29696_15360.jpg,TCGA-G4-6315,TCGA-G4-6315-01Z-00-DX1,1,0.94212675,1
tumour/TCGA-G4-6315-01Z-00-DX1_29696_15872.jpg,TCGA-G4-6315,TCGA-G4-6315-01Z-00-DX1,1,0.9346599,1
tumour/TCGA-G4-6315-01Z-00-DX1_29696_16896.jpg,TCGA-G4-6315,TCGA-G4-6315-01Z-00-DX1,1,0.85963595,1
tumour/TCGA-G4-6315-01Z-00-DX1_29696_17920.jpg,TCGA-G4-6315,TCGA-G4-6315-01Z-00-DX1,1,0.76951164,1
tumour/TCGA-G4-6315-01Z-00-DX1_29696_20992.jpg,TCGA-G4-6315,TCGA-G4-6315-01Z-00-DX1,1,0.90906274,1
tumour/TCGA-G4-6315-01Z-00-DX1_29696_22016.jpg,TCGA-G4-6315,TCGA-G4-6315-01Z-00-DX1,1,0.9653947,1
tumour/TCGA-G4-6315-01Z-00-DX1_29696_22528.jpg,TCGA-G4-6315,TCGA-G4-6315-01Z-00-DX1,1,0.9771606,1
tumour/TCGA-G4-6315-01Z-00-DX1_29696_24064.jpg,TCGA-G4-6315,TCGA-G4-6315-01Z-00-DX1,1,0.85964733,1
tumour/TCGA-G4-6315-01Z-00-DX1_29696_25088.jpg,TCGA-G4-6315,TCGA-G4-6315-01Z-00-DX1,1,0.7375171,1
tumour/TCGA-G4-6315-01Z-00-DX1_29696_26624.jpg,TCGA-G4-6315,TCGA-G4-6315-01Z-00-DX1,1,0.9354633,1
tumour/TCGA-G4-6315-01Z-00-DX1_29696_27136.jpg,TCGA-G4-6315,TCGA-G4-6315-01Z-00-DX1,1,0.94512266,1
tumour/TCGA-G4-6315-01Z-00-DX1_29696_29696.jpg,TCGA-G4-6315,TCGA-G4-6315-01Z-00-DX1,1,0.9373535,1
tumour/TCGA-G4-6315-01Z-00-DX1_29696_30720.jpg,TCGA-G4-6315,TCGA-G4-6315-01Z-00-DX1,1,0.9150723,1
tumour/TCGA-G4-6315-01Z-00-DX1_29696_4608.jpg,TCGA-G4-6315,TCGA-G4-6315-01Z-00-DX1,1,0.7059704,1
tumour/TCGA-G4-6315-01Z-00-DX1_29696_5120.jpg,TCGA-G4-6315,TCGA-G4-6315-01Z-00-DX1,1,0.41732562,0
tumour/TCGA-G4-6315-01Z-00-DX1_29696_7680.jpg,TCGA-G4-6315,TCGA-G4-6315-01Z-00-DX1,1,0.99777776,1
tumour/TCGA-G4-6315-01Z-00-DX1_29696_8192.jpg,TCGA-G4-6315,TCGA-G4-6315-01Z-00-DX1,1,0.9947018,1
tumour/TCGA-G4-6315-01Z-00-DX1_29696_8704.jpg,TCGA-G4-6315,TCGA-G4-6315-01Z-00-DX1,1,0.99013466,1
tumour/TCGA-G4-6315-01Z-00-DX1_29696_9216.jpg,TCGA-G4-6315,TCGA-G4-6315-01Z-00-DX1,1,0.9698826,1
tumour/TCGA-G4-6315-01Z-00-DX1_29696_9728.jpg,TCGA-G4-6315,TCGA-G4-6315-01Z-00-DX1,1,0.9929611,1
tumour/TCGA-G4-6315-01Z-00-DX1_30208_12288.jpg,TCGA-G4-6315,TCGA-G4-6315-01Z-00-DX1,1,0.99370414,1
tumour/TCGA-G4-6315-01Z-00-DX1_30208_13824.jpg,TCGA-G4-6315,TCGA-G4-6315-01Z-00-DX1,1,0.9791285,1
tumour/TCGA-G4-6315-01Z-00-DX1_30208_15360.jpg,TCGA-G4-6315,TCGA-G4-6315-01Z-00-DX1,1,0.92822623,1
tumour/TCGA-G4-6315-01Z-00-DX1_30208_16384.jpg,TCGA-G4-6315,TCGA-G4-6315-01Z-00-DX1,1,0.9203537,1
tumour/TCGA-G4-6315-01Z-00-DX1_30208_17408.jpg,TCGA-G4-6315,TCGA-G4-6315-01Z-00-DX1,1,0.8985461,1
tumour/TCGA-G4-6315-01Z-00-DX1_30208_17920.jpg,TCGA-G4-6315,TCGA-G4-6315-01Z-00-DX1,1,0.96254283,1
tumour/TCGA-G4-6315-01Z-00-DX1_30208_18432.jpg,TCGA-G4-6315,TCGA-G4-6315-01Z-00-DX1,1,0.99044436,1
tumour/TCGA-G4-6315-01Z-00-DX1_30208_19968.jpg,TCGA-G4-6315,TCGA-G4-6315-01Z-00-DX1,1,0.55001056,1
tumour/TCGA-G4-6315-01Z-00-DX1_30208_22016.jpg,TCGA-G4-6315,TCGA-G4-6315-01Z-00-DX1,1,0.98359966,1
tumour/TCGA-G4-6315-01Z-00-DX1_30208_22528.jpg,TCGA-G4-6315,TCGA-G4-6315-01Z-00-DX1,1,0.9488065,1
tumour/TCGA-G4-6315-01Z-00-DX1_30208_23040.jpg,TCGA-G4-6315,TCGA-G4-6315-01Z-00-DX1,1,0.8582077,1
tumour/TCGA-G4-6315-01Z-00-DX1_30208_23552.jpg,TCGA-G4-6315,TCGA-G4-6315-01Z-00-DX1,1,0.95036644,1
tumour/TCGA-G4-6315-01Z-00-DX1_30208_24064.jpg,TCGA-G4-6315,TCGA-G4-6315-01Z-00-DX1,1,0.9384299,1
tumour/TCGA-G4-6315-01Z-00-DX1_30208_25088.jpg,TCGA-G4-6315,TCGA-G4-6315-01Z-00-DX1,1,0.94135076,1
tumour/TCGA-G4-6315-01Z-00-DX1_30208_26112.jpg,TCGA-G4-6315,TCGA-G4-6315-01Z-00-DX1,1,0.81261384,1
tumour/TCGA-G4-6315-01Z-00-DX1_30208_26624.jpg,TCGA-G4-6315,TCGA-G4-6315-01Z-00-DX1,1,0.8988356,1
tumour/TCGA-G4-6315-01Z-00-DX1_30208_27136.jpg,TCGA-G4-6315,TCGA-G4-6315-01Z-00-DX1,1,0.962254,1
tumour/TCGA-G4-6315-01Z-00-DX1_30208_27648.jpg,TCGA-G4-6315,TCGA-G4-6315-01Z-00-DX1,1,0.996033,1
tumour/TCGA-G4-6315-01Z-00-DX1_30208_29696.jpg,TCGA-G4-6315,TCGA-G4-6315-01Z-00-DX1,1,0.99263036,1
tumour/TCGA-G4-6315-01Z-00-DX1_30208_30208.jpg,TCGA-G4-6315,TCGA-G4-6315-01Z-00-DX1,1,0.8931855,1
tumour/TCGA-G4-6315-01Z-00-DX1_30208_4096.jpg,TCGA-G4-6315,TCGA-G4-6315-01Z-00-DX1,1,0.9881485,1
tumour/TCGA-G4-6315-01Z-00-DX1_30208_4608.jpg,TCGA-G4-6315,TCGA-G4-6315-01Z-00-DX1,1,0.96530026,1
tumour/TCGA-G4-6315-01Z-00-DX1_30208_5120.jpg,TCGA-G4-6315,TCGA-G4-6315-01Z-00-DX1,1,0.9833552,1
tumour/TCGA-G4-6315-01Z-00-DX1_30208_7680.jpg,TCGA-G4-6315,TCGA-G4-6315-01Z-00-DX1,1,0.99685514,1
tumour/TCGA-G4-6315-01Z-00-DX1_30208_9216.jpg,TCGA-G4-6315,TCGA-G4-6315-01Z-00-DX1,1,0.9532894,1
tumour/TCGA-G4-6315-01Z-00-DX1_30208_9728.jpg,TCGA-G4-6315,TCGA-G4-6315-01Z-00-DX1,1,0.91864955,1
tumour/TCGA-G4-6315-01Z-00-DX1_30720_11264.jpg,TCGA-G4-6315,TCGA-G4-6315-01Z-00-DX1,1,0.9174738,1
tumour/TCGA-G4-6315-01Z-00-DX1_30720_14336.jpg,TCGA-G4-6315,TCGA-G4-6315-01Z-00-DX1,1,0.981888,1
tumour/TCGA-G4-6315-01Z-00-DX1_30720_15360.jpg,TCGA-G4-6315,TCGA-G4-6315-01Z-00-DX1,1,0.8090802,1
tumour/TCGA-G4-6315-01Z-00-DX1_30720_16896.jpg,TCGA-G4-6315,TCGA-G4-6315-01Z-00-DX1,1,0.75853807,1
tumour/TCGA-G4-6315-01Z-00-DX1_30720_17408.jpg,TCGA-G4-6315,TCGA-G4-6315-01Z-00-DX1,1,0.97644603,1
tumour/TCGA-G4-6315-01Z-00-DX1_30720_18432.jpg,TCGA-G4-6315,TCGA-G4-6315-01Z-00-DX1,1,0.96389914,1
tumour/TCGA-G4-6315-01Z-00-DX1_30720_20480.jpg,TCGA-G4-6315,TCGA-G4-6315-01Z-00-DX1,1,0.9744183,1
tumour/TCGA-G4-6315-01Z-00-DX1_30720_20992.jpg,TCGA-G4-6315,TCGA-G4-6315-01Z-00-DX1,1,0.97221744,1
tumour/TCGA-G4-6315-01Z-00-DX1_30720_21504.jpg,TCGA-G4-6315,TCGA-G4-6315-01Z-00-DX1,1,0.94631696,1
tumour/TCGA-G4-6315-01Z-00-DX1_30720_22528.jpg,TCGA-G4-6315,TCGA-G4-6315-01Z-00-DX1,1,0.9644189,1
tumour/TCGA-G4-6315-01Z-00-DX1_30720_25088.jpg,TCGA-G4-6315,TCGA-G4-6315-01Z-00-DX1,1,0.8636962,1
tumour/TCGA-G4-6315-01Z-00-DX1_30720_25600.jpg,TCGA-G4-6315,TCGA-G4-6315-01Z-00-DX1,1,0.9911937,1
tumour/TCGA-G4-6315-01Z-00-DX1_30720_26624.jpg,TCGA-G4-6315,TCGA-G4-6315-01Z-00-DX1,1,0.96124583,1
tumour/TCGA-G4-6315-01Z-00-DX1_30720_27136.jpg,TCGA-G4-6315,TCGA-G4-6315-01Z-00-DX1,1,0.98233527,1
tumour/TCGA-G4-6315-01Z-00-DX1_30720_30720.jpg,TCGA-G4-6315,TCGA-G4-6315-01Z-00-DX1,1,0.5630635,1
tumour/TCGA-G4-6315-01Z-00-DX1_30720_5120.jpg,TCGA-G4-6315,TCGA-G4-6315-01Z-00-DX1,1,0.9442705,1
tumour/TCGA-G4-6315-01Z-00-DX1_30720_8192.jpg,TCGA-G4-6315,TCGA-G4-6315-01Z-00-DX1,1,0.9910884,1
tumour/TCGA-G4-6315-01Z-00-DX1_30720_8704.jpg,TCGA-G4-6315,TCGA-G4-6315-01Z-00-DX1,1,0.9413698,1
tumour/TCGA-G4-6315-01Z-00-DX1_30720_9728.jpg,TCGA-G4-6315,TCGA-G4-6315-01Z-00-DX1,1,0.8497397,1
tumour/TCGA-G4-6315-01Z-00-DX1_31232_10240.jpg,TCGA-G4-6315,TCGA-G4-6315-01Z-00-DX1,1,0.9907355,1
tumour/TCGA-G4-6315-01Z-00-DX1_31232_11264.jpg,TCGA-G4-6315,TCGA-G4-6315-01Z-00-DX1,1,0.66061425,1
tumour/TCGA-G4-6315-01Z-00-DX1_31232_12800.jpg,TCGA-G4-6315,TCGA-G4-6315-01Z-00-DX1,1,0.96651256,1
tumour/TCGA-G4-6315-01Z-00-DX1_31232_13824.jpg,TCGA-G4-6315,TCGA-G4-6315-01Z-00-DX1,1,0.8892824,1
tumour/TCGA-G4-6315-01Z-00-DX1_31232_14848.jpg,TCGA-G4-6315,TCGA-G4-6315-01Z-00-DX1,1,0.90329987,1
tumour/TCGA-G4-6315-01Z-00-DX1_31232_15360.jpg,TCGA-G4-6315,TCGA-G4-6315-01Z-00-DX1,1,0.99568343,1
tumour/TCGA-G4-6315-01Z-00-DX1_31232_16384.jpg,TCGA-G4-6315,TCGA-G4-6315-01Z-00-DX1,1,0.6576481,1
tumour/TCGA-G4-6315-01Z-00-DX1_31232_16896.jpg,TCGA-G4-6315,TCGA-G4-6315-01Z-00-DX1,1,0.99107647,1
tumour/TCGA-G4-6315-01Z-00-DX1_31232_17408.jpg,TCGA-G4-6315,TCGA-G4-6315-01Z-00-DX1,1,0.9122881,1
tumour/TCGA-G4-6315-01Z-00-DX1_31232_18944.jpg,TCGA-G4-6315,TCGA-G4-6315-01Z-00-DX1,1,0.9766287,1
tumour/TCGA-G4-6315-01Z-00-DX1_31232_20480.jpg,TCGA-G4-6315,TCGA-G4-6315-01Z-00-DX1,1,0.97912025,1
tumour/TCGA-G4-6315-01Z-00-DX1_31232_22016.jpg,TCGA-G4-6315,TCGA-G4-6315-01Z-00-DX1,1,0.98663956,1
tumour/TCGA-G4-6315-01Z-00-DX1_31232_23040.jpg,TCGA-G4-6315,TCGA-G4-6315-01Z-00-DX1,1,0.9945667,1
tumour/TCGA-G4-6315-01Z-00-DX1_31232_24064.jpg,TCGA-G4-6315,TCGA-G4-6315-01Z-00-DX1,1,0.65284353,1
tumour/TCGA-G4-6315-01Z-00-DX1_31232_24576.jpg,TCGA-G4-6315,TCGA-G4-6315-01Z-00-DX1,1,0.9467643,1
tumour/TCGA-G4-6315-01Z-00-DX1_31232_25600.jpg,TCGA-G4-6315,TCGA-G4-6315-01Z-00-DX1,1,0.99315745,1
tumour/TCGA-G4-6315-01Z-00-DX1_31232_26112.jpg,TCGA-G4-6315,TCGA-G4-6315-01Z-00-DX1,1,0.48988435,0
tumour/TCGA-G4-6315-01Z-00-DX1_31232_26624.jpg,TCGA-G4-6315,TCGA-G4-6315-01Z-00-DX1,1,0.8291167,1
tumour/TCGA-G4-6315-01Z-00-DX1_31232_29184.jpg,TCGA-G4-6315,TCGA-G4-6315-01Z-00-DX1,1,0.81326103,1
tumour/TCGA-G4-6315-01Z-00-DX1_31232_30208.jpg,TCGA-G4-6315,TCGA-G4-6315-01Z-00-DX1,1,0.9406891,1
tumour/TCGA-G4-6315-01Z-00-DX1_31232_5120.jpg,TCGA-G4-6315,TCGA-G4-6315-01Z-00-DX1,1,0.9944864,1
tumour/TCGA-G4-6315-01Z-00-DX1_31232_6656.jpg,TCGA-G4-6315,TCGA-G4-6315-01Z-00-DX1,1,0.98675376,1
tumour/TCGA-G4-6315-01Z-00-DX1_31232_8192.jpg,TCGA-G4-6315,TCGA-G4-6315-01Z-00-DX1,1,0.9969572,1
tumour/TCGA-G4-6315-01Z-00-DX1_31232_9216.jpg,TCGA-G4-6315,TCGA-G4-6315-01Z-00-DX1,1,0.997175,1
tumour/TCGA-G4-6315-01Z-00-DX1_31744_14336.jpg,TCGA-G4-6315,TCGA-G4-6315-01Z-00-DX1,1,0.9739402,1
tumour/TCGA-G4-6315-01Z-00-DX1_31744_16384.jpg,TCGA-G4-6315,TCGA-G4-6315-01Z-00-DX1,1,0.93592167,1
tumour/TCGA-G4-6315-01Z-00-DX1_31744_17920.jpg,TCGA-G4-6315,TCGA-G4-6315-01Z-00-DX1,1,0.97648984,1
tumour/TCGA-G4-6315-01Z-00-DX1_31744_22016.jpg,TCGA-G4-6315,TCGA-G4-6315-01Z-00-DX1,1,0.7392098,1
tumour/TCGA-G4-6315-01Z-00-DX1_31744_22528.jpg,TCGA-G4-6315,TCGA-G4-6315-01Z-00-DX1,1,0.97355294,1
tumour/TCGA-G4-6315-01Z-00-DX1_31744_23552.jpg,TCGA-G4-6315,TCGA-G4-6315-01Z-00-DX1,1,0.984106,1
tumour/TCGA-G4-6315-01Z-00-DX1_31744_25600.jpg,TCGA-G4-6315,TCGA-G4-6315-01Z-00-DX1,1,0.95701534,1
tumour/TCGA-G4-6315-01Z-00-DX1_31744_26112.jpg,TCGA-G4-6315,TCGA-G4-6315-01Z-00-DX1,1,0.8692478,1
tumour/TCGA-G4-6315-01Z-00-DX1_31744_26624.jpg,TCGA-G4-6315,TCGA-G4-6315-01Z-00-DX1,1,0.88172525,1
tumour/TCGA-G4-6315-01Z-00-DX1_31744_29184.jpg,TCGA-G4-6315,TCGA-G4-6315-01Z-00-DX1,1,0.8928866,1
tumour/TCGA-G4-6315-01Z-00-DX1_31744_29696.jpg,TCGA-G4-6315,TCGA-G4-6315-01Z-00-DX1,1,0.9313514,1
tumour/TCGA-G4-6315-01Z-00-DX1_31744_8704.jpg,TCGA-G4-6315,TCGA-G4-6315-01Z-00-DX1,1,0.9853806,1
tumour/TCGA-G4-6315-01Z-00-DX1_32256_10752.jpg,TCGA-G4-6315,TCGA-G4-6315-01Z-00-DX1,1,0.97246575,1
tumour/TCGA-G4-6315-01Z-00-DX1_32256_11264.jpg,TCGA-G4-6315,TCGA-G4-6315-01Z-00-DX1,1,0.9955428,1
tumour/TCGA-G4-6315-01Z-00-DX1_32256_12288.jpg,TCGA-G4-6315,TCGA-G4-6315-01Z-00-DX1,1,0.744677,1
tumour/TCGA-G4-6315-01Z-00-DX1_32256_13824.jpg,TCGA-G4-6315,TCGA-G4-6315-01Z-00-DX1,1,0.95290905,1
tumour/TCGA-G4-6315-01Z-00-DX1_32256_14336.jpg,TCGA-G4-6315,TCGA-G4-6315-01Z-00-DX1,1,0.99398994,1
tumour/TCGA-G4-6315-01Z-00-DX1_32256_14848.jpg,TCGA-G4-6315,TCGA-G4-6315-01Z-00-DX1,1,0.9784831,1
tumour/TCGA-G4-6315-01Z-00-DX1_32256_15360.jpg,TCGA-G4-6315,TCGA-G4-6315-01Z-00-DX1,1,0.99460596,1
tumour/TCGA-G4-6315-01Z-00-DX1_32256_15872.jpg,TCGA-G4-6315,TCGA-G4-6315-01Z-00-DX1,1,0.9959884,1
tumour/TCGA-G4-6315-01Z-00-DX1_32256_17408.jpg,TCGA-G4-6315,TCGA-G4-6315-01Z-00-DX1,1,0.9718328,1
tumour/TCGA-G4-6315-01Z-00-DX1_32256_20480.jpg,TCGA-G4-6315,TCGA-G4-6315-01Z-00-DX1,1,0.9761427,1
tumour/TCGA-G4-6315-01Z-00-DX1_32256_20992.jpg,TCGA-G4-6315,TCGA-G4-6315-01Z-00-DX1,1,0.9820848,1
tumour/TCGA-G4-6315-01Z-00-DX1_32256_21504.jpg,TCGA-G4-6315,TCGA-G4-6315-01Z-00-DX1,1,0.89742416,1
tumour/TCGA-G4-6315-01Z-00-DX1_32256_22016.jpg,TCGA-G4-6315,TCGA-G4-6315-01Z-00-DX1,1,0.9109312,1
tumour/TCGA-G4-6315-01Z-00-DX1_32256_23040.jpg,TCGA-G4-6315,TCGA-G4-6315-01Z-00-DX1,1,0.95331514,1
tumour/TCGA-G4-6315-01Z-00-DX1_32256_24576.jpg,TCGA-G4-6315,TCGA-G4-6315-01Z-00-DX1,1,0.9924136,1
tumour/TCGA-G4-6315-01Z-00-DX1_32256_26112.jpg,TCGA-G4-6315,TCGA-G4-6315-01Z-00-DX1,1,0.9046041,1
tumour/TCGA-G4-6315-01Z-00-DX1_32256_26624.jpg,TCGA-G4-6315,TCGA-G4-6315-01Z-00-DX1,1,0.9068389,1
tumour/TCGA-G4-6315-01Z-00-DX1_32256_28672.jpg,TCGA-G4-6315,TCGA-G4-6315-01Z-00-DX1,1,0.9778846,1
tumour/TCGA-G4-6315-01Z-00-DX1_32256_29184.jpg,TCGA-G4-6315,TCGA-G4-6315-01Z-00-DX1,1,0.9047145,1
tumour/TCGA-G4-6315-01Z-00-DX1_32256_4608.jpg,TCGA-G4-6315,TCGA-G4-6315-01Z-00-DX1,1,0.94558513,1
tumour/TCGA-G4-6315-01Z-00-DX1_32256_5120.jpg,TCGA-G4-6315,TCGA-G4-6315-01Z-00-DX1,1,0.94912416,1
tumour/TCGA-G4-6315-01Z-00-DX1_32256_6144.jpg,TCGA-G4-6315,TCGA-G4-6315-01Z-00-DX1,1,0.990058,1
tumour/TCGA-G4-6315-01Z-00-DX1_32256_6656.jpg,TCGA-G4-6315,TCGA-G4-6315-01Z-00-DX1,1,0.94213647,1
tumour/TCGA-G4-6315-01Z-00-DX1_32768_12288.jpg,TCGA-G4-6315,TCGA-G4-6315-01Z-00-DX1,1,0.9761614,1
tumour/TCGA-G4-6315-01Z-00-DX1_32768_14336.jpg,TCGA-G4-6315,TCGA-G4-6315-01Z-00-DX1,1,0.9821989,1
tumour/TCGA-G4-6315-01Z-00-DX1_32768_14848.jpg,TCGA-G4-6315,TCGA-G4-6315-01Z-00-DX1,1,0.97857374,1
tumour/TCGA-G4-6315-01Z-00-DX1_32768_16384.jpg,TCGA-G4-6315,TCGA-G4-6315-01Z-00-DX1,1,0.9223442,1
tumour/TCGA-G4-6315-01Z-00-DX1_32768_17920.jpg,TCGA-G4-6315,TCGA-G4-6315-01Z-00-DX1,1,0.83181006,1
tumour/TCGA-G4-6315-01Z-00-DX1_32768_18944.jpg,TCGA-G4-6315,TCGA-G4-6315-01Z-00-DX1,1,0.9775284,1
tumour/TCGA-G4-6315-01Z-00-DX1_32768_20992.jpg,TCGA-G4-6315,TCGA-G4-6315-01Z-00-DX1,1,0.95512456,1
tumour/TCGA-G4-6315-01Z-00-DX1_32768_22016.jpg,TCGA-G4-6315,TCGA-G4-6315-01Z-00-DX1,1,0.9781838,1
tumour/TCGA-G4-6315-01Z-00-DX1_32768_22528.jpg,TCGA-G4-6315,TCGA-G4-6315-01Z-00-DX1,1,0.99147487,1
tumour/TCGA-G4-6315-01Z-00-DX1_32768_28672.jpg,TCGA-G4-6315,TCGA-G4-6315-01Z-00-DX1,1,0.9443352,1
tumour/TCGA-G4-6315-01Z-00-DX1_32768_29184.jpg,TCGA-G4-6315,TCGA-G4-6315-01Z-00-DX1,1,0.93291235,1
tumour/TCGA-G4-6315-01Z-00-DX1_32768_29696.jpg,TCGA-G4-6315,TCGA-G4-6315-01Z-00-DX1,1,0.9843389,1
tumour/TCGA-G4-6315-01Z-00-DX1_32768_4608.jpg,TCGA-G4-6315,TCGA-G4-6315-01Z-00-DX1,1,0.998679,1
tumour/TCGA-G4-6315-01Z-00-DX1_32768_6144.jpg,TCGA-G4-6315,TCGA-G4-6315-01Z-00-DX1,1,0.9784725,1
tumour/TCGA-G4-6315-01Z-00-DX1_32768_6656.jpg,TCGA-G4-6315,TCGA-G4-6315-01Z-00-DX1,1,0.967449,1
tumour/TCGA-G4-6315-01Z-00-DX1_32768_7168.jpg,TCGA-G4-6315,TCGA-G4-6315-01Z-00-DX1,1,0.9972299,1
tumour/TCGA-G4-6315-01Z-00-DX1_32768_7680.jpg,TCGA-G4-6315,TCGA-G4-6315-01Z-00-DX1,1,0.986571,1
tumour/TCGA-G4-6315-01Z-00-DX1_32768_8704.jpg,TCGA-G4-6315,TCGA-G4-6315-01Z-00-DX1,1,0.9824049,1
tumour/TCGA-G4-6315-01Z-00-DX1_32768_9216.jpg,TCGA-G4-6315,TCGA-G4-6315-01Z-00-DX1,1,0.9892046,1
tumour/TCGA-G4-6315-01Z-00-DX1_33280_10752.jpg,TCGA-G4-6315,TCGA-G4-6315-01Z-00-DX1,1,0.98540515,1
tumour/TCGA-G4-6315-01Z-00-DX1_33280_11264.jpg,TCGA-G4-6315,TCGA-G4-6315-01Z-00-DX1,1,0.88645446,1
tumour/TCGA-G4-6315-01Z-00-DX1_33280_12288.jpg,TCGA-G4-6315,TCGA-G4-6315-01Z-00-DX1,1,0.9867562,1
tumour/TCGA-G4-6315-01Z-00-DX1_33280_13312.jpg,TCGA-G4-6315,TCGA-G4-6315-01Z-00-DX1,1,0.99334717,1
tumour/TCGA-G4-6315-01Z-00-DX1_33280_13824.jpg,TCGA-G4-6315,TCGA-G4-6315-01Z-00-DX1,1,0.36504203,0
tumour/TCGA-G4-6315-01Z-00-DX1_33280_14336.jpg,TCGA-G4-6315,TCGA-G4-6315-01Z-00-DX1,1,0.92510176,1
tumour/TCGA-G4-6315-01Z-00-DX1_33280_15360.jpg,TCGA-G4-6315,TCGA-G4-6315-01Z-00-DX1,1,0.95105755,1
tumour/TCGA-G4-6315-01Z-00-DX1_33280_16384.jpg,TCGA-G4-6315,TCGA-G4-6315-01Z-00-DX1,1,0.95695937,1
tumour/TCGA-G4-6315-01Z-00-DX1_33280_17408.jpg,TCGA-G4-6315,TCGA-G4-6315-01Z-00-DX1,1,0.95370424,1
tumour/TCGA-G4-6315-01Z-00-DX1_33280_20480.jpg,TCGA-G4-6315,TCGA-G4-6315-01Z-00-DX1,1,0.9810115,1
tumour/TCGA-G4-6315-01Z-00-DX1_33280_20992.jpg,TCGA-G4-6315,TCGA-G4-6315-01Z-00-DX1,1,0.9344371,1
tumour/TCGA-G4-6315-01Z-00-DX1_33280_23040.jpg,TCGA-G4-6315,TCGA-G4-6315-01Z-00-DX1,1,0.8946811,1
tumour/TCGA-G4-6315-01Z-00-DX1_33280_24064.jpg,TCGA-G4-6315,TCGA-G4-6315-01Z-00-DX1,1,0.9905184,1
tumour/TCGA-G4-6315-01Z-00-DX1_33280_24576.jpg,TCGA-G4-6315,TCGA-G4-6315-01Z-00-DX1,1,0.43869728,0
tumour/TCGA-G4-6315-01Z-00-DX1_33280_25088.jpg,TCGA-G4-6315,TCGA-G4-6315-01Z-00-DX1,1,0.72920966,1
tumour/TCGA-G4-6315-01Z-00-DX1_33280_26624.jpg,TCGA-G4-6315,TCGA-G4-6315-01Z-00-DX1,1,0.96704024,1
tumour/TCGA-G4-6315-01Z-00-DX1_33280_27648.jpg,TCGA-G4-6315,TCGA-G4-6315-01Z-00-DX1,1,0.96678835,1
tumour/TCGA-G4-6315-01Z-00-DX1_33280_29184.jpg,TCGA-G4-6315,TCGA-G4-6315-01Z-00-DX1,1,0.95141435,1
tumour/TCGA-G4-6315-01Z-00-DX1_33280_30720.jpg,TCGA-G4-6315,TCGA-G4-6315-01Z-00-DX1,1,0.98942286,1
tumour/TCGA-G4-6315-01Z-00-DX1_33280_31744.jpg,TCGA-G4-6315,TCGA-G4-6315-01Z-00-DX1,1,0.9197242,1
tumour/TCGA-G4-6315-01Z-00-DX1_33280_4608.jpg,TCGA-G4-6315,TCGA-G4-6315-01Z-00-DX1,1,0.9967631,1
tumour/TCGA-G4-6315-01Z-00-DX1_33280_5632.jpg,TCGA-G4-6315,TCGA-G4-6315-01Z-00-DX1,1,0.99528116,1
tumour/TCGA-G4-6315-01Z-00-DX1_33280_7168.jpg,TCGA-G4-6315,TCGA-G4-6315-01Z-00-DX1,1,0.9981962,1
tumour/TCGA-G4-6315-01Z-00-DX1_33280_8704.jpg,TCGA-G4-6315,TCGA-G4-6315-01Z-00-DX1,1,0.9920643,1
tumour/TCGA-G4-6315-01Z-00-DX1_33280_9216.jpg,TCGA-G4-6315,TCGA-G4-6315-01Z-00-DX1,1,0.99202275,1
tumour/TCGA-G4-6315-01Z-00-DX1_33280_9728.jpg,TCGA-G4-6315,TCGA-G4-6315-01Z-00-DX1,1,0.99732757,1
tumour/TCGA-G4-6315-01Z-00-DX1_33792_11264.jpg,TCGA-G4-6315,TCGA-G4-6315-01Z-00-DX1,1,0.9839086,1
tumour/TCGA-G4-6315-01Z-00-DX1_33792_12800.jpg,TCGA-G4-6315,TCGA-G4-6315-01Z-00-DX1,1,0.99378294,1
tumour/TCGA-G4-6315-01Z-00-DX1_33792_13312.jpg,TCGA-G4-6315,TCGA-G4-6315-01Z-00-DX1,1,0.99266726,1
tumour/TCGA-G4-6315-01Z-00-DX1_33792_14848.jpg,TCGA-G4-6315,TCGA-G4-6315-01Z-00-DX1,1,0.941147,1
tumour/TCGA-G4-6315-01Z-00-DX1_33792_16384.jpg,TCGA-G4-6315,TCGA-G4-6315-01Z-00-DX1,1,0.9798244,1
tumour/TCGA-G4-6315-01Z-00-DX1_33792_16896.jpg,TCGA-G4-6315,TCGA-G4-6315-01Z-00-DX1,1,0.989819,1
tumour/TCGA-G4-6315-01Z-00-DX1_33792_17408.jpg,TCGA-G4-6315,TCGA-G4-6315-01Z-00-DX1,1,0.975859,1
tumour/TCGA-G4-6315-01Z-00-DX1_33792_17920.jpg,TCGA-G4-6315,TCGA-G4-6315-01Z-00-DX1,1,0.9762344,1
tumour/TCGA-G4-6315-01Z-00-DX1_33792_20992.jpg,TCGA-G4-6315,TCGA-G4-6315-01Z-00-DX1,1,0.95568836,1
tumour/TCGA-G4-6315-01Z-00-DX1_33792_21504.jpg,TCGA-G4-6315,TCGA-G4-6315-01Z-00-DX1,1,0.9922127,1
tumour/TCGA-G4-6315-01Z-00-DX1_33792_22016.jpg,TCGA-G4-6315,TCGA-G4-6315-01Z-00-DX1,1,0.96747106,1
tumour/TCGA-G4-6315-01Z-00-DX1_33792_23040.jpg,TCGA-G4-6315,TCGA-G4-6315-01Z-00-DX1,1,0.9629447,1
tumour/TCGA-G4-6315-01Z-00-DX1_33792_24064.jpg,TCGA-G4-6315,TCGA-G4-6315-01Z-00-DX1,1,0.94488555,1
tumour/TCGA-G4-6315-01Z-00-DX1_33792_25088.jpg,TCGA-G4-6315,TCGA-G4-6315-01Z-00-DX1,1,0.2248513,0
tumour/TCGA-G4-6315-01Z-00-DX1_33792_26624.jpg,TCGA-G4-6315,TCGA-G4-6315-01Z-00-DX1,1,0.85317224,1
tumour/TCGA-G4-6315-01Z-00-DX1_33792_27136.jpg,TCGA-G4-6315,TCGA-G4-6315-01Z-00-DX1,1,0.9935408,1
tumour/TCGA-G4-6315-01Z-00-DX1_33792_28672.jpg,TCGA-G4-6315,TCGA-G4-6315-01Z-00-DX1,1,0.8746113,1
tumour/TCGA-G4-6315-01Z-00-DX1_33792_29184.jpg,TCGA-G4-6315,TCGA-G4-6315-01Z-00-DX1,1,0.99750143,1
tumour/TCGA-G4-6315-01Z-00-DX1_33792_29696.jpg,TCGA-G4-6315,TCGA-G4-6315-01Z-00-DX1,1,0.882365,1
tumour/TCGA-G4-6315-01Z-00-DX1_33792_31232.jpg,TCGA-G4-6315,TCGA-G4-6315-01Z-00-DX1,1,0.9728429,1
tumour/TCGA-G4-6315-01Z-00-DX1_33792_31744.jpg,TCGA-G4-6315,TCGA-G4-6315-01Z-00-DX1,1,0.95022404,1
tumour/TCGA-G4-6315-01Z-00-DX1_33792_6656.jpg,TCGA-G4-6315,TCGA-G4-6315-01Z-00-DX1,1,0.99152035,1
tumour/TCGA-G4-6315-01Z-00-DX1_33792_7168.jpg,TCGA-G4-6315,TCGA-G4-6315-01Z-00-DX1,1,0.9824195,1
tumour/TCGA-G4-6315-01Z-00-DX1_33792_8192.jpg,TCGA-G4-6315,TCGA-G4-6315-01Z-00-DX1,1,0.96978474,1
tumour/TCGA-G4-6315-01Z-00-DX1_33792_8704.jpg,TCGA-G4-6315,TCGA-G4-6315-01Z-00-DX1,1,0.9961689,1
tumour/TCGA-G4-6315-01Z-00-DX1_34304_10752.jpg,TCGA-G4-6315,TCGA-G4-6315-01Z-00-DX1,1,0.9731525,1
tumour/TCGA-G4-6315-01Z-00-DX1_34304_11264.jpg,TCGA-G4-6315,TCGA-G4-6315-01Z-00-DX1,1,0.9686105,1
tumour/TCGA-G4-6315-01Z-00-DX1_34304_11776.jpg,TCGA-G4-6315,TCGA-G4-6315-01Z-00-DX1,1,0.98239374,1
tumour/TCGA-G4-6315-01Z-00-DX1_34304_12288.jpg,TCGA-G4-6315,TCGA-G4-6315-01Z-00-DX1,1,0.9805547,1
tumour/TCGA-G4-6315-01Z-00-DX1_34304_13312.jpg,TCGA-G4-6315,TCGA-G4-6315-01Z-00-DX1,1,0.9350657,1
tumour/TCGA-G4-6315-01Z-00-DX1_34304_13824.jpg,TCGA-G4-6315,TCGA-G4-6315-01Z-00-DX1,1,0.9831271,1
tumour/TCGA-G4-6315-01Z-00-DX1_34304_17408.jpg,TCGA-G4-6315,TCGA-G4-6315-01Z-00-DX1,1,0.99213684,1
tumour/TCGA-G4-6315-01Z-00-DX1_34304_17920.jpg,TCGA-G4-6315,TCGA-G4-6315-01Z-00-DX1,1,0.9916352,1
tumour/TCGA-G4-6315-01Z-00-DX1_34304_18432.jpg,TCGA-G4-6315,TCGA-G4-6315-01Z-00-DX1,1,0.92348284,1
tumour/TCGA-G4-6315-01Z-00-DX1_34304_22016.jpg,TCGA-G4-6315,TCGA-G4-6315-01Z-00-DX1,1,0.9210648,1
tumour/TCGA-G4-6315-01Z-00-DX1_34304_22528.jpg,TCGA-G4-6315,TCGA-G4-6315-01Z-00-DX1,1,0.9842387,1
tumour/TCGA-G4-6315-01Z-00-DX1_34304_23040.jpg,TCGA-G4-6315,TCGA-G4-6315-01Z-00-DX1,1,0.9757982,1
tumour/TCGA-G4-6315-01Z-00-DX1_34304_23552.jpg,TCGA-G4-6315,TCGA-G4-6315-01Z-00-DX1,1,0.98643315,1
tumour/TCGA-G4-6315-01Z-00-DX1_34304_26112.jpg,TCGA-G4-6315,TCGA-G4-6315-01Z-00-DX1,1,0.9979691,1
tumour/TCGA-G4-6315-01Z-00-DX1_34304_27136.jpg,TCGA-G4-6315,TCGA-G4-6315-01Z-00-DX1,1,0.99839467,1
tumour/TCGA-G4-6315-01Z-00-DX1_34304_30208.jpg,TCGA-G4-6315,TCGA-G4-6315-01Z-00-DX1,1,0.98934466,1
tumour/TCGA-G4-6315-01Z-00-DX1_34304_30720.jpg,TCGA-G4-6315,TCGA-G4-6315-01Z-00-DX1,1,0.9882988,1
tumour/TCGA-G4-6315-01Z-00-DX1_34304_31232.jpg,TCGA-G4-6315,TCGA-G4-6315-01Z-00-DX1,1,0.97993475,1
tumour/TCGA-G4-6315-01Z-00-DX1_34304_31744.jpg,TCGA-G4-6315,TCGA-G4-6315-01Z-00-DX1,1,0.91815025,1
tumour/TCGA-G4-6315-01Z-00-DX1_34304_5632.jpg,TCGA-G4-6315,TCGA-G4-6315-01Z-00-DX1,1,0.9993073,1
tumour/TCGA-G4-6315-01Z-00-DX1_34304_6144.jpg,TCGA-G4-6315,TCGA-G4-6315-01Z-00-DX1,1,0.9986656,1
tumour/TCGA-G4-6315-01Z-00-DX1_34816_11264.jpg,TCGA-G4-6315,TCGA-G4-6315-01Z-00-DX1,1,0.991912,1
tumour/TCGA-G4-6315-01Z-00-DX1_34816_11776.jpg,TCGA-G4-6315,TCGA-G4-6315-01Z-00-DX1,1,0.98083717,1
tumour/TCGA-G4-6315-01Z-00-DX1_34816_12800.jpg,TCGA-G4-6315,TCGA-G4-6315-01Z-00-DX1,1,0.998831,1
tumour/TCGA-G4-6315-01Z-00-DX1_34816_13312.jpg,TCGA-G4-6315,TCGA-G4-6315-01Z-00-DX1,1,0.8882108,1
tumour/TCGA-G4-6315-01Z-00-DX1_34816_17408.jpg,TCGA-G4-6315,TCGA-G4-6315-01Z-00-DX1,1,0.9902955,1
tumour/TCGA-G4-6315-01Z-00-DX1_34816_17920.jpg,TCGA-G4-6315,TCGA-G4-6315-01Z-00-DX1,1,0.99718165,1
tumour/TCGA-G4-6315-01Z-00-DX1_34816_18432.jpg,TCGA-G4-6315,TCGA-G4-6315-01Z-00-DX1,1,0.9804586,1
tumour/TCGA-G4-6315-01Z-00-DX1_34816_18944.jpg,TCGA-G4-6315,TCGA-G4-6315-01Z-00-DX1,1,0.43984193,0
tumour/TCGA-G4-6315-01Z-00-DX1_34816_21504.jpg,TCGA-G4-6315,TCGA-G4-6315-01Z-00-DX1,1,0.96675825,1
tumour/TCGA-G4-6315-01Z-00-DX1_34816_22016.jpg,TCGA-G4-6315,TCGA-G4-6315-01Z-00-DX1,1,0.86966306,1
tumour/TCGA-G4-6315-01Z-00-DX1_34816_23040.jpg,TCGA-G4-6315,TCGA-G4-6315-01Z-00-DX1,1,0.9923234,1
tumour/TCGA-G4-6315-01Z-00-DX1_34816_24064.jpg,TCGA-G4-6315,TCGA-G4-6315-01Z-00-DX1,1,0.96237534,1
tumour/TCGA-G4-6315-01Z-00-DX1_34816_27648.jpg,TCGA-G4-6315,TCGA-G4-6315-01Z-00-DX1,1,0.90874904,1
tumour/TCGA-G4-6315-01Z-00-DX1_34816_28672.jpg,TCGA-G4-6315,TCGA-G4-6315-01Z-00-DX1,1,0.99086493,1
tumour/TCGA-G4-6315-01Z-00-DX1_34816_29696.jpg,TCGA-G4-6315,TCGA-G4-6315-01Z-00-DX1,1,0.97919685,1
tumour/TCGA-G4-6315-01Z-00-DX1_34816_8704.jpg,TCGA-G4-6315,TCGA-G4-6315-01Z-00-DX1,1,0.995939,1
tumour/TCGA-G4-6315-01Z-00-DX1_34816_9216.jpg,TCGA-G4-6315,TCGA-G4-6315-01Z-00-DX1,1,0.9965264,1
tumour/TCGA-G4-6315-01Z-00-DX1_34816_9728.jpg,TCGA-G4-6315,TCGA-G4-6315-01Z-00-DX1,1,0.9963085,1
tumour/TCGA-G4-6315-01Z-00-DX1_35328_10240.jpg,TCGA-G4-6315,TCGA-G4-6315-01Z-00-DX1,1,0.95655197,1
tumour/TCGA-G4-6315-01Z-00-DX1_35328_10752.jpg,TCGA-G4-6315,TCGA-G4-6315-01Z-00-DX1,1,0.952041,1
tumour/TCGA-G4-6315-01Z-00-DX1_35328_11264.jpg,TCGA-G4-6315,TCGA-G4-6315-01Z-00-DX1,1,0.99777055,1
tumour/TCGA-G4-6315-01Z-00-DX1_35328_12288.jpg,TCGA-G4-6315,TCGA-G4-6315-01Z-00-DX1,1,0.997934,1
tumour/TCGA-G4-6315-01Z-00-DX1_35328_12800.jpg,TCGA-G4-6315,TCGA-G4-6315-01Z-00-DX1,1,0.99972373,1
tumour/TCGA-G4-6315-01Z-00-DX1_35328_13312.jpg,TCGA-G4-6315,TCGA-G4-6315-01Z-00-DX1,1,0.9776382,1
tumour/TCGA-G4-6315-01Z-00-DX1_35328_13824.jpg,TCGA-G4-6315,TCGA-G4-6315-01Z-00-DX1,1,0.8821376,1
tumour/TCGA-G4-6315-01Z-00-DX1_35328_15360.jpg,TCGA-G4-6315,TCGA-G4-6315-01Z-00-DX1,1,0.99703753,1
tumour/TCGA-G4-6315-01Z-00-DX1_35328_15872.jpg,TCGA-G4-6315,TCGA-G4-6315-01Z-00-DX1,1,0.9984547,1
tumour/TCGA-G4-6315-01Z-00-DX1_35328_16384.jpg,TCGA-G4-6315,TCGA-G4-6315-01Z-00-DX1,1,0.99219644,1
tumour/TCGA-G4-6315-01Z-00-DX1_35328_16896.jpg,TCGA-G4-6315,TCGA-G4-6315-01Z-00-DX1,1,0.9843615,1
tumour/TCGA-G4-6315-01Z-00-DX1_35328_18432.jpg,TCGA-G4-6315,TCGA-G4-6315-01Z-00-DX1,1,0.97805834,1
tumour/TCGA-G4-6315-01Z-00-DX1_35328_22016.jpg,TCGA-G4-6315,TCGA-G4-6315-01Z-00-DX1,1,0.96547633,1
tumour/TCGA-G4-6315-01Z-00-DX1_35328_22528.jpg,TCGA-G4-6315,TCGA-G4-6315-01Z-00-DX1,1,0.9853453,1
tumour/TCGA-G4-6315-01Z-00-DX1_35328_23040.jpg,TCGA-G4-6315,TCGA-G4-6315-01Z-00-DX1,1,0.99954444,1
tumour/TCGA-G4-6315-01Z-00-DX1_35328_23552.jpg,TCGA-G4-6315,TCGA-G4-6315-01Z-00-DX1,1,0.99351656,1
tumour/TCGA-G4-6315-01Z-00-DX1_35328_26624.jpg,TCGA-G4-6315,TCGA-G4-6315-01Z-00-DX1,1,0.9405201,1
tumour/TCGA-G4-6315-01Z-00-DX1_35328_27648.jpg,TCGA-G4-6315,TCGA-G4-6315-01Z-00-DX1,1,0.9915262,1
tumour/TCGA-G4-6315-01Z-00-DX1_35328_28160.jpg,TCGA-G4-6315,TCGA-G4-6315-01Z-00-DX1,1,0.9582904,1
tumour/TCGA-G4-6315-01Z-00-DX1_35328_6144.jpg,TCGA-G4-6315,TCGA-G4-6315-01Z-00-DX1,1,0.99757427,1
tumour/TCGA-G4-6315-01Z-00-DX1_35328_8192.jpg,TCGA-G4-6315,TCGA-G4-6315-01Z-00-DX1,1,0.9922242,1
tumour/TCGA-G4-6315-01Z-00-DX1_35328_9728.jpg,TCGA-G4-6315,TCGA-G4-6315-01Z-00-DX1,1,0.9948206,1
tumour/TCGA-G4-6315-01Z-00-DX1_35840_12800.jpg,TCGA-G4-6315,TCGA-G4-6315-01Z-00-DX1,1,0.9430284,1
tumour/TCGA-G4-6315-01Z-00-DX1_35840_14336.jpg,TCGA-G4-6315,TCGA-G4-6315-01Z-00-DX1,1,0.9905496,1
tumour/TCGA-G4-6315-01Z-00-DX1_35840_15360.jpg,TCGA-G4-6315,TCGA-G4-6315-01Z-00-DX1,1,0.97353935,1
tumour/TCGA-G4-6315-01Z-00-DX1_35840_15872.jpg,TCGA-G4-6315,TCGA-G4-6315-01Z-00-DX1,1,0.9945298,1
tumour/TCGA-G4-6315-01Z-00-DX1_35840_18432.jpg,TCGA-G4-6315,TCGA-G4-6315-01Z-00-DX1,1,0.9592965,1
tumour/TCGA-G4-6315-01Z-00-DX1_35840_22528.jpg,TCGA-G4-6315,TCGA-G4-6315-01Z-00-DX1,1,0.9962675,1
tumour/TCGA-G4-6315-01Z-00-DX1_35840_23040.jpg,TCGA-G4-6315,TCGA-G4-6315-01Z-00-DX1,1,0.9937675,1
tumour/TCGA-G4-6315-01Z-00-DX1_35840_23552.jpg,TCGA-G4-6315,TCGA-G4-6315-01Z-00-DX1,1,0.9850285,1
tumour/TCGA-G4-6315-01Z-00-DX1_35840_24064.jpg,TCGA-G4-6315,TCGA-G4-6315-01Z-00-DX1,1,0.9898867,1
tumour/TCGA-G4-6315-01Z-00-DX1_35840_26624.jpg,TCGA-G4-6315,TCGA-G4-6315-01Z-00-DX1,1,0.98102987,1
tumour/TCGA-G4-6315-01Z-00-DX1_35840_27136.jpg,TCGA-G4-6315,TCGA-G4-6315-01Z-00-DX1,1,0.9978636,1
tumour/TCGA-G4-6315-01Z-00-DX1_35840_27648.jpg,TCGA-G4-6315,TCGA-G4-6315-01Z-00-DX1,1,0.9528017,1
tumour/TCGA-G4-6315-01Z-00-DX1_35840_28160.jpg,TCGA-G4-6315,TCGA-G4-6315-01Z-00-DX1,1,0.9691497,1
tumour/TCGA-G4-6315-01Z-00-DX1_35840_29696.jpg,TCGA-G4-6315,TCGA-G4-6315-01Z-00-DX1,1,0.9448652,1
tumour/TCGA-G4-6315-01Z-00-DX1_35840_30720.jpg,TCGA-G4-6315,TCGA-G4-6315-01Z-00-DX1,1,0.83377355,1
tumour/TCGA-G4-6315-01Z-00-DX1_35840_5632.jpg,TCGA-G4-6315,TCGA-G4-6315-01Z-00-DX1,1,0.9724141,1
tumour/TCGA-G4-6315-01Z-00-DX1_35840_8192.jpg,TCGA-G4-6315,TCGA-G4-6315-01Z-00-DX1,1,0.98652565,1
tumour/TCGA-G4-6315-01Z-00-DX1_36352_10752.jpg,TCGA-G4-6315,TCGA-G4-6315-01Z-00-DX1,1,0.99763346,1
tumour/TCGA-G4-6315-01Z-00-DX1_36352_12800.jpg,TCGA-G4-6315,TCGA-G4-6315-01Z-00-DX1,1,0.99260837,1
tumour/TCGA-G4-6315-01Z-00-DX1_36352_13312.jpg,TCGA-G4-6315,TCGA-G4-6315-01Z-00-DX1,1,0.9901984,1
tumour/TCGA-G4-6315-01Z-00-DX1_36352_16896.jpg,TCGA-G4-6315,TCGA-G4-6315-01Z-00-DX1,1,0.9943223,1
tumour/TCGA-G4-6315-01Z-00-DX1_36352_27648.jpg,TCGA-G4-6315,TCGA-G4-6315-01Z-00-DX1,1,0.984213,1
tumour/TCGA-G4-6315-01Z-00-DX1_36352_29184.jpg,TCGA-G4-6315,TCGA-G4-6315-01Z-00-DX1,1,0.99725765,1
tumour/TCGA-G4-6315-01Z-00-DX1_36352_6144.jpg,TCGA-G4-6315,TCGA-G4-6315-01Z-00-DX1,1,0.9919304,1
tumour/TCGA-G4-6315-01Z-00-DX1_36352_8704.jpg,TCGA-G4-6315,TCGA-G4-6315-01Z-00-DX1,1,0.9923103,1
tumour/TCGA-G4-6315-01Z-00-DX1_36352_9728.jpg,TCGA-G4-6315,TCGA-G4-6315-01Z-00-DX1,1,0.98003346,1
tumour/TCGA-G4-6315-01Z-00-DX1_36864_10240.jpg,TCGA-G4-6315,TCGA-G4-6315-01Z-00-DX1,1,0.99976987,1
tumour/TCGA-G4-6315-01Z-00-DX1_36864_11776.jpg,TCGA-G4-6315,TCGA-G4-6315-01Z-00-DX1,1,0.9702219,1
tumour/TCGA-G4-6315-01Z-00-DX1_36864_12288.jpg,TCGA-G4-6315,TCGA-G4-6315-01Z-00-DX1,1,0.99660563,1
tumour/TCGA-G4-6315-01Z-00-DX1_36864_15360.jpg,TCGA-G4-6315,TCGA-G4-6315-01Z-00-DX1,1,0.9263985,1
tumour/TCGA-G4-6315-01Z-00-DX1_36864_15872.jpg,TCGA-G4-6315,TCGA-G4-6315-01Z-00-DX1,1,0.8904093,1
tumour/TCGA-G4-6315-01Z-00-DX1_36864_16896.jpg,TCGA-G4-6315,TCGA-G4-6315-01Z-00-DX1,1,0.9992422,1
tumour/TCGA-G4-6315-01Z-00-DX1_36864_17408.jpg,TCGA-G4-6315,TCGA-G4-6315-01Z-00-DX1,1,0.97723776,1
tumour/TCGA-G4-6315-01Z-00-DX1_36864_22016.jpg,TCGA-G4-6315,TCGA-G4-6315-01Z-00-DX1,1,0.99896586,1
tumour/TCGA-G4-6315-01Z-00-DX1_36864_24064.jpg,TCGA-G4-6315,TCGA-G4-6315-01Z-00-DX1,1,0.98974705,1
tumour/TCGA-G4-6315-01Z-00-DX1_36864_24576.jpg,TCGA-G4-6315,TCGA-G4-6315-01Z-00-DX1,1,0.9964457,1
tumour/TCGA-G4-6315-01Z-00-DX1_36864_25600.jpg,TCGA-G4-6315,TCGA-G4-6315-01Z-00-DX1,1,0.99146444,1
tumour/TCGA-G4-6315-01Z-00-DX1_36864_29184.jpg,TCGA-G4-6315,TCGA-G4-6315-01Z-00-DX1,1,0.99579597,1
tumour/TCGA-G4-6315-01Z-00-DX1_36864_4608.jpg,TCGA-G4-6315,TCGA-G4-6315-01Z-00-DX1,1,0.9977677,1
tumour/TCGA-G4-6315-01Z-00-DX1_36864_8192.jpg,TCGA-G4-6315,TCGA-G4-6315-01Z-00-DX1,1,0.9974541,1
tumour/TCGA-G4-6315-01Z-00-DX1_36864_9216.jpg,TCGA-G4-6315,TCGA-G4-6315-01Z-00-DX1,1,0.9982389,1
tumour/TCGA-G4-6315-01Z-00-DX1_36864_9728.jpg,TCGA-G4-6315,TCGA-G4-6315-01Z-00-DX1,1,0.99429023,1
tumour/TCGA-G4-6315-01Z-00-DX1_37376_10752.jpg,TCGA-G4-6315,TCGA-G4-6315-01Z-00-DX1,1,0.9945972,1
tumour/TCGA-G4-6315-01Z-00-DX1_37376_11264.jpg,TCGA-G4-6315,TCGA-G4-6315-01Z-00-DX1,1,0.99107283,1
tumour/TCGA-G4-6315-01Z-00-DX1_37376_11776.jpg,TCGA-G4-6315,TCGA-G4-6315-01Z-00-DX1,1,0.6152641,1
tumour/TCGA-G4-6315-01Z-00-DX1_37376_12800.jpg,TCGA-G4-6315,TCGA-G4-6315-01Z-00-DX1,1,0.9912662,1
tumour/TCGA-G4-6315-01Z-00-DX1_37376_15872.jpg,TCGA-G4-6315,TCGA-G4-6315-01Z-00-DX1,1,0.96746194,1
tumour/TCGA-G4-6315-01Z-00-DX1_37376_16896.jpg,TCGA-G4-6315,TCGA-G4-6315-01Z-00-DX1,1,0.9881324,1
tumour/TCGA-G4-6315-01Z-00-DX1_37376_17920.jpg,TCGA-G4-6315,TCGA-G4-6315-01Z-00-DX1,1,0.9959747,1
tumour/TCGA-G4-6315-01Z-00-DX1_37376_22016.jpg,TCGA-G4-6315,TCGA-G4-6315-01Z-00-DX1,1,0.98657215,1
tumour/TCGA-G4-6315-01Z-00-DX1_37376_22528.jpg,TCGA-G4-6315,TCGA-G4-6315-01Z-00-DX1,1,0.9913668,1
tumour/TCGA-G4-6315-01Z-00-DX1_37376_23040.jpg,TCGA-G4-6315,TCGA-G4-6315-01Z-00-DX1,1,0.9987149,1
tumour/TCGA-G4-6315-01Z-00-DX1_37376_25600.jpg,TCGA-G4-6315,TCGA-G4-6315-01Z-00-DX1,1,0.99853945,1
tumour/TCGA-G4-6315-01Z-00-DX1_37376_26112.jpg,TCGA-G4-6315,TCGA-G4-6315-01Z-00-DX1,1,0.9922805,1
tumour/TCGA-G4-6315-01Z-00-DX1_37376_27648.jpg,TCGA-G4-6315,TCGA-G4-6315-01Z-00-DX1,1,0.9576766,1
tumour/TCGA-G4-6315-01Z-00-DX1_37376_28160.jpg,TCGA-G4-6315,TCGA-G4-6315-01Z-00-DX1,1,0.9566638,1
tumour/TCGA-G4-6315-01Z-00-DX1_37376_29696.jpg,TCGA-G4-6315,TCGA-G4-6315-01Z-00-DX1,1,0.996058,1
tumour/TCGA-G4-6315-01Z-00-DX1_37376_7680.jpg,TCGA-G4-6315,TCGA-G4-6315-01Z-00-DX1,1,0.9994517,1
tumour/TCGA-G4-6315-01Z-00-DX1_37376_8192.jpg,TCGA-G4-6315,TCGA-G4-6315-01Z-00-DX1,1,0.9551,1
tumour/TCGA-G4-6315-01Z-00-DX1_37376_8704.jpg,TCGA-G4-6315,TCGA-G4-6315-01Z-00-DX1,1,0.99902046,1
tumour/TCGA-G4-6315-01Z-00-DX1_37376_9216.jpg,TCGA-G4-6315,TCGA-G4-6315-01Z-00-DX1,1,0.9994313,1
tumour/TCGA-G4-6315-01Z-00-DX1_37376_9728.jpg,TCGA-G4-6315,TCGA-G4-6315-01Z-00-DX1,1,0.9956701,1
tumour/TCGA-G4-6315-01Z-00-DX1_37888_10240.jpg,TCGA-G4-6315,TCGA-G4-6315-01Z-00-DX1,1,0.9987708,1
tumour/TCGA-G4-6315-01Z-00-DX1_37888_10752.jpg,TCGA-G4-6315,TCGA-G4-6315-01Z-00-DX1,1,0.9839934,1
tumour/TCGA-G4-6315-01Z-00-DX1_37888_11264.jpg,TCGA-G4-6315,TCGA-G4-6315-01Z-00-DX1,1,0.99936634,1
tumour/TCGA-G4-6315-01Z-00-DX1_37888_11776.jpg,TCGA-G4-6315,TCGA-G4-6315-01Z-00-DX1,1,0.99399865,1
tumour/TCGA-G4-6315-01Z-00-DX1_37888_12288.jpg,TCGA-G4-6315,TCGA-G4-6315-01Z-00-DX1,1,0.99954385,1
tumour/TCGA-G4-6315-01Z-00-DX1_37888_12800.jpg,TCGA-G4-6315,TCGA-G4-6315-01Z-00-DX1,1,0.9969528,1
tumour/TCGA-G4-6315-01Z-00-DX1_37888_13312.jpg,TCGA-G4-6315,TCGA-G4-6315-01Z-00-DX1,1,0.84919626,1
tumour/TCGA-G4-6315-01Z-00-DX1_37888_14848.jpg,TCGA-G4-6315,TCGA-G4-6315-01Z-00-DX1,1,0.9819292,1
tumour/TCGA-G4-6315-01Z-00-DX1_37888_15360.jpg,TCGA-G4-6315,TCGA-G4-6315-01Z-00-DX1,1,0.9331714,1
tumour/TCGA-G4-6315-01Z-00-DX1_37888_15872.jpg,TCGA-G4-6315,TCGA-G4-6315-01Z-00-DX1,1,0.97839797,1
tumour/TCGA-G4-6315-01Z-00-DX1_37888_16384.jpg,TCGA-G4-6315,TCGA-G4-6315-01Z-00-DX1,1,0.99152315,1
tumour/TCGA-G4-6315-01Z-00-DX1_37888_17920.jpg,TCGA-G4-6315,TCGA-G4-6315-01Z-00-DX1,1,0.99639785,1
tumour/TCGA-G4-6315-01Z-00-DX1_37888_22016.jpg,TCGA-G4-6315,TCGA-G4-6315-01Z-00-DX1,1,0.9993729,1
tumour/TCGA-G4-6315-01Z-00-DX1_37888_23040.jpg,TCGA-G4-6315,TCGA-G4-6315-01Z-00-DX1,1,0.97390985,1
tumour/TCGA-G4-6315-01Z-00-DX1_37888_23552.jpg,TCGA-G4-6315,TCGA-G4-6315-01Z-00-DX1,1,0.9833551,1
tumour/TCGA-G4-6315-01Z-00-DX1_37888_24064.jpg,TCGA-G4-6315,TCGA-G4-6315-01Z-00-DX1,1,0.9640787,1
tumour/TCGA-G4-6315-01Z-00-DX1_37888_25088.jpg,TCGA-G4-6315,TCGA-G4-6315-01Z-00-DX1,1,0.95997787,1
tumour/TCGA-G4-6315-01Z-00-DX1_37888_27136.jpg,TCGA-G4-6315,TCGA-G4-6315-01Z-00-DX1,1,0.9946614,1
tumour/TCGA-G4-6315-01Z-00-DX1_37888_27648.jpg,TCGA-G4-6315,TCGA-G4-6315-01Z-00-DX1,1,0.9646134,1
tumour/TCGA-G4-6315-01Z-00-DX1_37888_28160.jpg,TCGA-G4-6315,TCGA-G4-6315-01Z-00-DX1,1,0.9800116,1
tumour/TCGA-G4-6315-01Z-00-DX1_37888_28672.jpg,TCGA-G4-6315,TCGA-G4-6315-01Z-00-DX1,1,0.9470296,1
tumour/TCGA-G4-6315-01Z-00-DX1_37888_29184.jpg,TCGA-G4-6315,TCGA-G4-6315-01Z-00-DX1,1,0.9585483,1
tumour/TCGA-G4-6315-01Z-00-DX1_37888_29696.jpg,TCGA-G4-6315,TCGA-G4-6315-01Z-00-DX1,1,0.97129786,1
tumour/TCGA-G4-6315-01Z-00-DX1_37888_6144.jpg,TCGA-G4-6315,TCGA-G4-6315-01Z-00-DX1,1,0.99940157,1
tumour/TCGA-G4-6315-01Z-00-DX1_37888_7168.jpg,TCGA-G4-6315,TCGA-G4-6315-01Z-00-DX1,1,0.9890671,1
tumour/TCGA-G4-6315-01Z-00-DX1_37888_8704.jpg,TCGA-G4-6315,TCGA-G4-6315-01Z-00-DX1,1,0.9959007,1
tumour/TCGA-G4-6315-01Z-00-DX1_37888_9216.jpg,TCGA-G4-6315,TCGA-G4-6315-01Z-00-DX1,1,0.97781163,1
tumour/TCGA-G4-6315-01Z-00-DX1_37888_9728.jpg,TCGA-G4-6315,TCGA-G4-6315-01Z-00-DX1,1,0.99893194,1
tumour/TCGA-G4-6315-01Z-00-DX1_38400_11264.jpg,TCGA-G4-6315,TCGA-G4-6315-01Z-00-DX1,1,0.9878693,1
tumour/TCGA-G4-6315-01Z-00-DX1_38400_12288.jpg,TCGA-G4-6315,TCGA-G4-6315-01Z-00-DX1,1,0.9938339,1
tumour/TCGA-G4-6315-01Z-00-DX1_38400_13824.jpg,TCGA-G4-6315,TCGA-G4-6315-01Z-00-DX1,1,0.9799597,1
tumour/TCGA-G4-6315-01Z-00-DX1_38400_15360.jpg,TCGA-G4-6315,TCGA-G4-6315-01Z-00-DX1,1,0.9343735,1
tumour/TCGA-G4-6315-01Z-00-DX1_38400_15872.jpg,TCGA-G4-6315,TCGA-G4-6315-01Z-00-DX1,1,0.99602985,1
tumour/TCGA-G4-6315-01Z-00-DX1_38400_16384.jpg,TCGA-G4-6315,TCGA-G4-6315-01Z-00-DX1,1,0.9921268,1
tumour/TCGA-G4-6315-01Z-00-DX1_38400_16896.jpg,TCGA-G4-6315,TCGA-G4-6315-01Z-00-DX1,1,0.99209267,1
tumour/TCGA-G4-6315-01Z-00-DX1_38400_18432.jpg,TCGA-G4-6315,TCGA-G4-6315-01Z-00-DX1,1,0.9917134,1
tumour/TCGA-G4-6315-01Z-00-DX1_38400_23040.jpg,TCGA-G4-6315,TCGA-G4-6315-01Z-00-DX1,1,0.97009885,1
tumour/TCGA-G4-6315-01Z-00-DX1_38400_23552.jpg,TCGA-G4-6315,TCGA-G4-6315-01Z-00-DX1,1,0.9817931,1
tumour/TCGA-G4-6315-01Z-00-DX1_38400_24576.jpg,TCGA-G4-6315,TCGA-G4-6315-01Z-00-DX1,1,0.98765635,1
tumour/TCGA-G4-6315-01Z-00-DX1_38400_25088.jpg,TCGA-G4-6315,TCGA-G4-6315-01Z-00-DX1,1,0.91056675,1
tumour/TCGA-G4-6315-01Z-00-DX1_38400_25600.jpg,TCGA-G4-6315,TCGA-G4-6315-01Z-00-DX1,1,0.9937503,1
tumour/TCGA-G4-6315-01Z-00-DX1_38400_26112.jpg,TCGA-G4-6315,TCGA-G4-6315-01Z-00-DX1,1,0.9359325,1
tumour/TCGA-G4-6315-01Z-00-DX1_38400_27136.jpg,TCGA-G4-6315,TCGA-G4-6315-01Z-00-DX1,1,0.99745506,1
tumour/TCGA-G4-6315-01Z-00-DX1_38400_28160.jpg,TCGA-G4-6315,TCGA-G4-6315-01Z-00-DX1,1,0.9914534,1
tumour/TCGA-G4-6315-01Z-00-DX1_38400_6144.jpg,TCGA-G4-6315,TCGA-G4-6315-01Z-00-DX1,1,0.9743843,1
tumour/TCGA-G4-6315-01Z-00-DX1_38400_7168.jpg,TCGA-G4-6315,TCGA-G4-6315-01Z-00-DX1,1,0.9977584,1
tumour/TCGA-G4-6315-01Z-00-DX1_38400_9728.jpg,TCGA-G4-6315,TCGA-G4-6315-01Z-00-DX1,1,0.997686,1
tumour/TCGA-G4-6315-01Z-00-DX1_38912_16384.jpg,TCGA-G4-6315,TCGA-G4-6315-01Z-00-DX1,1,0.9879219,1
tumour/TCGA-G4-6315-01Z-00-DX1_38912_16896.jpg,TCGA-G4-6315,TCGA-G4-6315-01Z-00-DX1,1,0.9930565,1
tumour/TCGA-G4-6315-01Z-00-DX1_38912_18432.jpg,TCGA-G4-6315,TCGA-G4-6315-01Z-00-DX1,1,0.9976375,1
tumour/TCGA-G4-6315-01Z-00-DX1_38912_22528.jpg,TCGA-G4-6315,TCGA-G4-6315-01Z-00-DX1,1,0.9917143,1
tumour/TCGA-G4-6315-01Z-00-DX1_38912_23552.jpg,TCGA-G4-6315,TCGA-G4-6315-01Z-00-DX1,1,0.9991043,1
tumour/TCGA-G4-6315-01Z-00-DX1_38912_24576.jpg,TCGA-G4-6315,TCGA-G4-6315-01Z-00-DX1,1,0.99843246,1
tumour/TCGA-G4-6315-01Z-00-DX1_38912_25088.jpg,TCGA-G4-6315,TCGA-G4-6315-01Z-00-DX1,1,0.99776304,1
tumour/TCGA-G4-6315-01Z-00-DX1_38912_25600.jpg,TCGA-G4-6315,TCGA-G4-6315-01Z-00-DX1,1,0.9984074,1
tumour/TCGA-G4-6315-01Z-00-DX1_38912_26112.jpg,TCGA-G4-6315,TCGA-G4-6315-01Z-00-DX1,1,0.98470706,1
tumour/TCGA-G4-6315-01Z-00-DX1_38912_6144.jpg,TCGA-G4-6315,TCGA-G4-6315-01Z-00-DX1,1,0.97704357,1
tumour/TCGA-G4-6315-01Z-00-DX1_38912_6656.jpg,TCGA-G4-6315,TCGA-G4-6315-01Z-00-DX1,1,0.98881,1
tumour/TCGA-G4-6315-01Z-00-DX1_38912_7168.jpg,TCGA-G4-6315,TCGA-G4-6315-01Z-00-DX1,1,0.99986136,1
tumour/TCGA-G4-6315-01Z-00-DX1_38912_8192.jpg,TCGA-G4-6315,TCGA-G4-6315-01Z-00-DX1,1,0.9979233,1
tumour/TCGA-G4-6315-01Z-00-DX1_38912_8704.jpg,TCGA-G4-6315,TCGA-G4-6315-01Z-00-DX1,1,0.9984863,1
tumour/TCGA-G4-6315-01Z-00-DX1_38912_9216.jpg,TCGA-G4-6315,TCGA-G4-6315-01Z-00-DX1,1,0.9999536,1
tumour/TCGA-G4-6315-01Z-00-DX1_39424_10240.jpg,TCGA-G4-6315,TCGA-G4-6315-01Z-00-DX1,1,0.9996786,1
tumour/TCGA-G4-6315-01Z-00-DX1_39424_14848.jpg,TCGA-G4-6315,TCGA-G4-6315-01Z-00-DX1,1,0.97678405,1
tumour/TCGA-G4-6315-01Z-00-DX1_39424_15872.jpg,TCGA-G4-6315,TCGA-G4-6315-01Z-00-DX1,1,0.9969022,1
tumour/TCGA-G4-6315-01Z-00-DX1_39424_16896.jpg,TCGA-G4-6315,TCGA-G4-6315-01Z-00-DX1,1,0.99829787,1
tumour/TCGA-G4-6315-01Z-00-DX1_39424_22528.jpg,TCGA-G4-6315,TCGA-G4-6315-01Z-00-DX1,1,0.912104,1
tumour/TCGA-G4-6315-01Z-00-DX1_39424_5632.jpg,TCGA-G4-6315,TCGA-G4-6315-01Z-00-DX1,1,0.989131,1
tumour/TCGA-G4-6315-01Z-00-DX1_39424_7168.jpg,TCGA-G4-6315,TCGA-G4-6315-01Z-00-DX1,1,0.9960905,1
tumour/TCGA-G4-6315-01Z-00-DX1_39424_7680.jpg,TCGA-G4-6315,TCGA-G4-6315-01Z-00-DX1,1,0.9995639,1
tumour/TCGA-G4-6315-01Z-00-DX1_39424_8704.jpg,TCGA-G4-6315,TCGA-G4-6315-01Z-00-DX1,1,0.99938035,1
tumour/TCGA-G4-6315-01Z-00-DX1_39424_9728.jpg,TCGA-G4-6315,TCGA-G4-6315-01Z-00-DX1,1,0.9975495,1
tumour/TCGA-G4-6315-01Z-00-DX1_39936_10240.jpg,TCGA-G4-6315,TCGA-G4-6315-01Z-00-DX1,1,0.99988973,1
tumour/TCGA-G4-6315-01Z-00-DX1_39936_12288.jpg,TCGA-G4-6315,TCGA-G4-6315-01Z-00-DX1,1,0.994311,1
tumour/TCGA-G4-6315-01Z-00-DX1_39936_12800.jpg,TCGA-G4-6315,TCGA-G4-6315-01Z-00-DX1,1,0.9135747,1
tumour/TCGA-G4-6315-01Z-00-DX1_39936_13824.jpg,TCGA-G4-6315,TCGA-G4-6315-01Z-00-DX1,1,0.9492063,1
tumour/TCGA-G4-6315-01Z-00-DX1_39936_16384.jpg,TCGA-G4-6315,TCGA-G4-6315-01Z-00-DX1,1,0.9930969,1
tumour/TCGA-G4-6315-01Z-00-DX1_39936_6144.jpg,TCGA-G4-6315,TCGA-G4-6315-01Z-00-DX1,1,0.9484087,1
tumour/TCGA-G4-6315-01Z-00-DX1_39936_6656.jpg,TCGA-G4-6315,TCGA-G4-6315-01Z-00-DX1,1,0.98825246,1
tumour/TCGA-G4-6315-01Z-00-DX1_39936_8192.jpg,TCGA-G4-6315,TCGA-G4-6315-01Z-00-DX1,1,0.9968779,1
tumour/TCGA-G4-6315-01Z-00-DX1_39936_8704.jpg,TCGA-G4-6315,TCGA-G4-6315-01Z-00-DX1,1,0.99965084,1
tumour/TCGA-G4-6315-01Z-00-DX1_39936_9216.jpg,TCGA-G4-6315,TCGA-G4-6315-01Z-00-DX1,1,0.99820423,1
tumour/TCGA-G4-6315-01Z-00-DX1_40448_10240.jpg,TCGA-G4-6315,TCGA-G4-6315-01Z-00-DX1,1,0.99959415,1
tumour/TCGA-G4-6315-01Z-00-DX1_40448_10752.jpg,TCGA-G4-6315,TCGA-G4-6315-01Z-00-DX1,1,0.9997422,1
tumour/TCGA-G4-6315-01Z-00-DX1_40448_11776.jpg,TCGA-G4-6315,TCGA-G4-6315-01Z-00-DX1,1,0.89982206,1
tumour/TCGA-G4-6315-01Z-00-DX1_40448_13312.jpg,TCGA-G4-6315,TCGA-G4-6315-01Z-00-DX1,1,0.9960859,1
tumour/TCGA-G4-6315-01Z-00-DX1_40448_14336.jpg,TCGA-G4-6315,TCGA-G4-6315-01Z-00-DX1,1,0.627224,1
tumour/TCGA-G4-6315-01Z-00-DX1_40448_17408.jpg,TCGA-G4-6315,TCGA-G4-6315-01Z-00-DX1,1,0.9956176,1
tumour/TCGA-G4-6315-01Z-00-DX1_40448_6144.jpg,TCGA-G4-6315,TCGA-G4-6315-01Z-00-DX1,1,0.99857223,1
tumour/TCGA-G4-6315-01Z-00-DX1_40448_7168.jpg,TCGA-G4-6315,TCGA-G4-6315-01Z-00-DX1,1,0.99232,1
tumour/TCGA-G4-6315-01Z-00-DX1_40448_8192.jpg,TCGA-G4-6315,TCGA-G4-6315-01Z-00-DX1,1,0.99606353,1
tumour/TCGA-G4-6315-01Z-00-DX1_40448_8704.jpg,TCGA-G4-6315,TCGA-G4-6315-01Z-00-DX1,1,0.9971329,1
tumour/TCGA-G4-6315-01Z-00-DX1_40960_11776.jpg,TCGA-G4-6315,TCGA-G4-6315-01Z-00-DX1,1,0.9919837,1
tumour/TCGA-G4-6315-01Z-00-DX1_40960_12288.jpg,TCGA-G4-6315,TCGA-G4-6315-01Z-00-DX1,1,0.99924004,1
tumour/TCGA-G4-6315-01Z-00-DX1_40960_12800.jpg,TCGA-G4-6315,TCGA-G4-6315-01Z-00-DX1,1,0.99935216,1
tumour/TCGA-G4-6315-01Z-00-DX1_40960_13824.jpg,TCGA-G4-6315,TCGA-G4-6315-01Z-00-DX1,1,0.99815303,1
tumour/TCGA-G4-6315-01Z-00-DX1_40960_14848.jpg,TCGA-G4-6315,TCGA-G4-6315-01Z-00-DX1,1,0.8993469,1
tumour/TCGA-G4-6315-01Z-00-DX1_40960_15360.jpg,TCGA-G4-6315,TCGA-G4-6315-01Z-00-DX1,1,0.9574295,1
tumour/TCGA-G4-6315-01Z-00-DX1_40960_16896.jpg,TCGA-G4-6315,TCGA-G4-6315-01Z-00-DX1,1,0.9737757,1
tumour/TCGA-G4-6315-01Z-00-DX1_40960_6656.jpg,TCGA-G4-6315,TCGA-G4-6315-01Z-00-DX1,1,0.9960679,1
tumour/TCGA-G4-6315-01Z-00-DX1_40960_7680.jpg,TCGA-G4-6315,TCGA-G4-6315-01Z-00-DX1,1,0.9968777,1
tumour/TCGA-G4-6315-01Z-00-DX1_40960_8192.jpg,TCGA-G4-6315,TCGA-G4-6315-01Z-00-DX1,1,0.9996313,1
tumour/TCGA-G4-6315-01Z-00-DX1_40960_9728.jpg,TCGA-G4-6315,TCGA-G4-6315-01Z-00-DX1,1,0.9921914,1
tumour/TCGA-G4-6315-01Z-00-DX1_41472_11776.jpg,TCGA-G4-6315,TCGA-G4-6315-01Z-00-DX1,1,0.98195696,1
tumour/TCGA-G4-6315-01Z-00-DX1_41472_12800.jpg,TCGA-G4-6315,TCGA-G4-6315-01Z-00-DX1,1,0.99895716,1
tumour/TCGA-G4-6315-01Z-00-DX1_41472_13312.jpg,TCGA-G4-6315,TCGA-G4-6315-01Z-00-DX1,1,0.9880949,1
tumour/TCGA-G4-6315-01Z-00-DX1_41472_14848.jpg,TCGA-G4-6315,TCGA-G4-6315-01Z-00-DX1,1,0.995526,1
tumour/TCGA-G4-6315-01Z-00-DX1_41472_15360.jpg,TCGA-G4-6315,TCGA-G4-6315-01Z-00-DX1,1,0.97760606,1
tumour/TCGA-G4-6315-01Z-00-DX1_41472_15872.jpg,TCGA-G4-6315,TCGA-G4-6315-01Z-00-DX1,1,0.97005695,1
tumour/TCGA-G4-6315-01Z-00-DX1_41472_16896.jpg,TCGA-G4-6315,TCGA-G4-6315-01Z-00-DX1,1,0.99056095,1
tumour/TCGA-G4-6315-01Z-00-DX1_41472_6656.jpg,TCGA-G4-6315,TCGA-G4-6315-01Z-00-DX1,1,0.9983006,1
tumour/TCGA-G4-6315-01Z-00-DX1_41472_7680.jpg,TCGA-G4-6315,TCGA-G4-6315-01Z-00-DX1,1,0.99742484,1
tumour/TCGA-SS-A7HO-01Z-00-DX1_10240_11264.jpg,TCGA-SS-A7HO,TCGA-SS-A7HO-01Z-00-DX1,1,0.9991966,1
tumour/TCGA-SS-A7HO-01Z-00-DX1_10240_11776.jpg,TCGA-SS-A7HO,TCGA-SS-A7HO-01Z-00-DX1,1,0.99911314,1
tumour/TCGA-SS-A7HO-01Z-00-DX1_10240_13824.jpg,TCGA-SS-A7HO,TCGA-SS-A7HO-01Z-00-DX1,1,0.99995124,1
tumour/TCGA-SS-A7HO-01Z-00-DX1_10240_20992.jpg,TCGA-SS-A7HO,TCGA-SS-A7HO-01Z-00-DX1,1,0.9969836,1
tumour/TCGA-SS-A7HO-01Z-00-DX1_10240_21504.jpg,TCGA-SS-A7HO,TCGA-SS-A7HO-01Z-00-DX1,1,0.99919647,1
tumour/TCGA-SS-A7HO-01Z-00-DX1_10240_23040.jpg,TCGA-SS-A7HO,TCGA-SS-A7HO-01Z-00-DX1,1,0.999913,1
tumour/TCGA-SS-A7HO-01Z-00-DX1_10240_25088.jpg,TCGA-SS-A7HO,TCGA-SS-A7HO-01Z-00-DX1,1,0.99988365,1
tumour/TCGA-SS-A7HO-01Z-00-DX1_10240_25600.jpg,TCGA-SS-A7HO,TCGA-SS-A7HO-01Z-00-DX1,1,0.99962354,1
tumour/TCGA-SS-A7HO-01Z-00-DX1_10752_11776.jpg,TCGA-SS-A7HO,TCGA-SS-A7HO-01Z-00-DX1,1,0.99877113,1
tumour/TCGA-SS-A7HO-01Z-00-DX1_10752_13312.jpg,TCGA-SS-A7HO,TCGA-SS-A7HO-01Z-00-DX1,1,0.9999441,1
tumour/TCGA-SS-A7HO-01Z-00-DX1_10752_13824.jpg,TCGA-SS-A7HO,TCGA-SS-A7HO-01Z-00-DX1,1,0.9999691,1
tumour/TCGA-SS-A7HO-01Z-00-DX1_10752_14336.jpg,TCGA-SS-A7HO,TCGA-SS-A7HO-01Z-00-DX1,1,0.999424,1
tumour/TCGA-SS-A7HO-01Z-00-DX1_10752_14848.jpg,TCGA-SS-A7HO,TCGA-SS-A7HO-01Z-00-DX1,1,0.9994362,1
tumour/TCGA-SS-A7HO-01Z-00-DX1_10752_20480.jpg,TCGA-SS-A7HO,TCGA-SS-A7HO-01Z-00-DX1,1,0.9969789,1
tumour/TCGA-SS-A7HO-01Z-00-DX1_10752_20992.jpg,TCGA-SS-A7HO,TCGA-SS-A7HO-01Z-00-DX1,1,0.99970824,1
tumour/TCGA-SS-A7HO-01Z-00-DX1_10752_21504.jpg,TCGA-SS-A7HO,TCGA-SS-A7HO-01Z-00-DX1,1,0.9998579,1
tumour/TCGA-SS-A7HO-01Z-00-DX1_10752_23040.jpg,TCGA-SS-A7HO,TCGA-SS-A7HO-01Z-00-DX1,1,0.9999316,1
tumour/TCGA-SS-A7HO-01Z-00-DX1_10752_23552.jpg,TCGA-SS-A7HO,TCGA-SS-A7HO-01Z-00-DX1,1,0.9990773,1
tumour/TCGA-SS-A7HO-01Z-00-DX1_10752_24064.jpg,TCGA-SS-A7HO,TCGA-SS-A7HO-01Z-00-DX1,1,0.99963427,1
tumour/TCGA-SS-A7HO-01Z-00-DX1_10752_26112.jpg,TCGA-SS-A7HO,TCGA-SS-A7HO-01Z-00-DX1,1,0.99794024,1
tumour/TCGA-SS-A7HO-01Z-00-DX1_10752_26624.jpg,TCGA-SS-A7HO,TCGA-SS-A7HO-01Z-00-DX1,1,0.9996026,1
tumour/TCGA-SS-A7HO-01Z-00-DX1_11264_13824.jpg,TCGA-SS-A7HO,TCGA-SS-A7HO-01Z-00-DX1,1,0.9951486,1
tumour/TCGA-SS-A7HO-01Z-00-DX1_11264_20480.jpg,TCGA-SS-A7HO,TCGA-SS-A7HO-01Z-00-DX1,1,0.9999927,1
tumour/TCGA-SS-A7HO-01Z-00-DX1_11264_21504.jpg,TCGA-SS-A7HO,TCGA-SS-A7HO-01Z-00-DX1,1,0.999962,1
tumour/TCGA-SS-A7HO-01Z-00-DX1_11264_22528.jpg,TCGA-SS-A7HO,TCGA-SS-A7HO-01Z-00-DX1,1,0.99998176,1
tumour/TCGA-SS-A7HO-01Z-00-DX1_11264_23040.jpg,TCGA-SS-A7HO,TCGA-SS-A7HO-01Z-00-DX1,1,0.9996456,1
tumour/TCGA-SS-A7HO-01Z-00-DX1_11264_24576.jpg,TCGA-SS-A7HO,TCGA-SS-A7HO-01Z-00-DX1,1,0.99858224,1
tumour/TCGA-SS-A7HO-01Z-00-DX1_11264_25088.jpg,TCGA-SS-A7HO,TCGA-SS-A7HO-01Z-00-DX1,1,0.9968761,1
tumour/TCGA-SS-A7HO-01Z-00-DX1_11264_26624.jpg,TCGA-SS-A7HO,TCGA-SS-A7HO-01Z-00-DX1,1,0.9990134,1
tumour/TCGA-SS-A7HO-01Z-00-DX1_11264_27136.jpg,TCGA-SS-A7HO,TCGA-SS-A7HO-01Z-00-DX1,1,0.99776053,1
tumour/TCGA-SS-A7HO-01Z-00-DX1_11264_27648.jpg,TCGA-SS-A7HO,TCGA-SS-A7HO-01Z-00-DX1,1,0.9998697,1
tumour/TCGA-SS-A7HO-01Z-00-DX1_11776_11264.jpg,TCGA-SS-A7HO,TCGA-SS-A7HO-01Z-00-DX1,1,0.9989009,1
tumour/TCGA-SS-A7HO-01Z-00-DX1_11776_19456.jpg,TCGA-SS-A7HO,TCGA-SS-A7HO-01Z-00-DX1,1,0.9788889,1
tumour/TCGA-SS-A7HO-01Z-00-DX1_11776_19968.jpg,TCGA-SS-A7HO,TCGA-SS-A7HO-01Z-00-DX1,1,0.9999838,1
tumour/TCGA-SS-A7HO-01Z-00-DX1_11776_21504.jpg,TCGA-SS-A7HO,TCGA-SS-A7HO-01Z-00-DX1,1,0.9999323,1
tumour/TCGA-SS-A7HO-01Z-00-DX1_11776_22528.jpg,TCGA-SS-A7HO,TCGA-SS-A7HO-01Z-00-DX1,1,0.99989235,1
tumour/TCGA-SS-A7HO-01Z-00-DX1_11776_23552.jpg,TCGA-SS-A7HO,TCGA-SS-A7HO-01Z-00-DX1,1,0.99978,1
tumour/TCGA-SS-A7HO-01Z-00-DX1_11776_24064.jpg,TCGA-SS-A7HO,TCGA-SS-A7HO-01Z-00-DX1,1,0.9995913,1
tumour/TCGA-SS-A7HO-01Z-00-DX1_11776_24576.jpg,TCGA-SS-A7HO,TCGA-SS-A7HO-01Z-00-DX1,1,0.9991153,1
tumour/TCGA-SS-A7HO-01Z-00-DX1_11776_25088.jpg,TCGA-SS-A7HO,TCGA-SS-A7HO-01Z-00-DX1,1,0.9994141,1
tumour/TCGA-SS-A7HO-01Z-00-DX1_11776_25600.jpg,TCGA-SS-A7HO,TCGA-SS-A7HO-01Z-00-DX1,1,0.99989784,1
tumour/TCGA-SS-A7HO-01Z-00-DX1_11776_27136.jpg,TCGA-SS-A7HO,TCGA-SS-A7HO-01Z-00-DX1,1,0.9985392,1
tumour/TCGA-SS-A7HO-01Z-00-DX1_11776_28160.jpg,TCGA-SS-A7HO,TCGA-SS-A7HO-01Z-00-DX1,1,0.9991487,1
tumour/TCGA-SS-A7HO-01Z-00-DX1_11776_28672.jpg,TCGA-SS-A7HO,TCGA-SS-A7HO-01Z-00-DX1,1,0.9998667,1
tumour/TCGA-SS-A7HO-01Z-00-DX1_12288_10752.jpg,TCGA-SS-A7HO,TCGA-SS-A7HO-01Z-00-DX1,1,0.9987445,1
tumour/TCGA-SS-A7HO-01Z-00-DX1_12288_19456.jpg,TCGA-SS-A7HO,TCGA-SS-A7HO-01Z-00-DX1,1,0.99997723,1
tumour/TCGA-SS-A7HO-01Z-00-DX1_12288_19968.jpg,TCGA-SS-A7HO,TCGA-SS-A7HO-01Z-00-DX1,1,0.999966,1
tumour/TCGA-SS-A7HO-01Z-00-DX1_12288_20480.jpg,TCGA-SS-A7HO,TCGA-SS-A7HO-01Z-00-DX1,1,0.99972993,1
tumour/TCGA-SS-A7HO-01Z-00-DX1_12288_23040.jpg,TCGA-SS-A7HO,TCGA-SS-A7HO-01Z-00-DX1,1,0.9999652,1
tumour/TCGA-SS-A7HO-01Z-00-DX1_12288_23552.jpg,TCGA-SS-A7HO,TCGA-SS-A7HO-01Z-00-DX1,1,0.99987173,1
tumour/TCGA-SS-A7HO-01Z-00-DX1_12288_26112.jpg,TCGA-SS-A7HO,TCGA-SS-A7HO-01Z-00-DX1,1,0.9998838,1
tumour/TCGA-SS-A7HO-01Z-00-DX1_12288_26624.jpg,TCGA-SS-A7HO,TCGA-SS-A7HO-01Z-00-DX1,1,0.99983644,1
tumour/TCGA-SS-A7HO-01Z-00-DX1_12288_28160.jpg,TCGA-SS-A7HO,TCGA-SS-A7HO-01Z-00-DX1,1,0.99951243,1
tumour/TCGA-SS-A7HO-01Z-00-DX1_12288_30208.jpg,TCGA-SS-A7HO,TCGA-SS-A7HO-01Z-00-DX1,1,0.9998877,1
tumour/TCGA-SS-A7HO-01Z-00-DX1_12800_10240.jpg,TCGA-SS-A7HO,TCGA-SS-A7HO-01Z-00-DX1,1,0.9966413,1
tumour/TCGA-SS-A7HO-01Z-00-DX1_12800_11776.jpg,TCGA-SS-A7HO,TCGA-SS-A7HO-01Z-00-DX1,1,0.99819225,1
tumour/TCGA-SS-A7HO-01Z-00-DX1_12800_13312.jpg,TCGA-SS-A7HO,TCGA-SS-A7HO-01Z-00-DX1,1,0.9999058,1
tumour/TCGA-SS-A7HO-01Z-00-DX1_12800_13824.jpg,TCGA-SS-A7HO,TCGA-SS-A7HO-01Z-00-DX1,1,0.99937624,1
tumour/TCGA-SS-A7HO-01Z-00-DX1_12800_19456.jpg,TCGA-SS-A7HO,TCGA-SS-A7HO-01Z-00-DX1,1,0.9999398,1
tumour/TCGA-SS-A7HO-01Z-00-DX1_12800_22016.jpg,TCGA-SS-A7HO,TCGA-SS-A7HO-01Z-00-DX1,1,0.99975747,1
tumour/TCGA-SS-A7HO-01Z-00-DX1_12800_22528.jpg,TCGA-SS-A7HO,TCGA-SS-A7HO-01Z-00-DX1,1,0.9997843,1
tumour/TCGA-SS-A7HO-01Z-00-DX1_12800_23040.jpg,TCGA-SS-A7HO,TCGA-SS-A7HO-01Z-00-DX1,1,0.9999565,1
tumour/TCGA-SS-A7HO-01Z-00-DX1_12800_23552.jpg,TCGA-SS-A7HO,TCGA-SS-A7HO-01Z-00-DX1,1,0.9996846,1
tumour/TCGA-SS-A7HO-01Z-00-DX1_12800_24064.jpg,TCGA-SS-A7HO,TCGA-SS-A7HO-01Z-00-DX1,1,0.9999602,1
tumour/TCGA-SS-A7HO-01Z-00-DX1_12800_24576.jpg,TCGA-SS-A7HO,TCGA-SS-A7HO-01Z-00-DX1,1,0.9998363,1
tumour/TCGA-SS-A7HO-01Z-00-DX1_12800_25088.jpg,TCGA-SS-A7HO,TCGA-SS-A7HO-01Z-00-DX1,1,0.9967763,1
tumour/TCGA-SS-A7HO-01Z-00-DX1_12800_26112.jpg,TCGA-SS-A7HO,TCGA-SS-A7HO-01Z-00-DX1,1,0.9999193,1
tumour/TCGA-SS-A7HO-01Z-00-DX1_12800_26624.jpg,TCGA-SS-A7HO,TCGA-SS-A7HO-01Z-00-DX1,1,0.9991585,1
tumour/TCGA-SS-A7HO-01Z-00-DX1_12800_27648.jpg,TCGA-SS-A7HO,TCGA-SS-A7HO-01Z-00-DX1,1,0.9992501,1
tumour/TCGA-SS-A7HO-01Z-00-DX1_12800_28160.jpg,TCGA-SS-A7HO,TCGA-SS-A7HO-01Z-00-DX1,1,0.9999366,1
tumour/TCGA-SS-A7HO-01Z-00-DX1_12800_29184.jpg,TCGA-SS-A7HO,TCGA-SS-A7HO-01Z-00-DX1,1,0.99976915,1
tumour/TCGA-SS-A7HO-01Z-00-DX1_12800_29696.jpg,TCGA-SS-A7HO,TCGA-SS-A7HO-01Z-00-DX1,1,0.9998217,1
tumour/TCGA-SS-A7HO-01Z-00-DX1_12800_30208.jpg,TCGA-SS-A7HO,TCGA-SS-A7HO-01Z-00-DX1,1,0.9998122,1
tumour/TCGA-SS-A7HO-01Z-00-DX1_12800_9728.jpg,TCGA-SS-A7HO,TCGA-SS-A7HO-01Z-00-DX1,1,0.99785334,1
tumour/TCGA-SS-A7HO-01Z-00-DX1_13312_10240.jpg,TCGA-SS-A7HO,TCGA-SS-A7HO-01Z-00-DX1,1,0.99103093,1
tumour/TCGA-SS-A7HO-01Z-00-DX1_13312_11776.jpg,TCGA-SS-A7HO,TCGA-SS-A7HO-01Z-00-DX1,1,0.9987564,1
tumour/TCGA-SS-A7HO-01Z-00-DX1_13312_12288.jpg,TCGA-SS-A7HO,TCGA-SS-A7HO-01Z-00-DX1,1,0.9982318,1
tumour/TCGA-SS-A7HO-01Z-00-DX1_13312_13824.jpg,TCGA-SS-A7HO,TCGA-SS-A7HO-01Z-00-DX1,1,0.9998635,1
tumour/TCGA-SS-A7HO-01Z-00-DX1_13312_14336.jpg,TCGA-SS-A7HO,TCGA-SS-A7HO-01Z-00-DX1,1,0.9991579,1
tumour/TCGA-SS-A7HO-01Z-00-DX1_13312_14848.jpg,TCGA-SS-A7HO,TCGA-SS-A7HO-01Z-00-DX1,1,0.9997558,1
tumour/TCGA-SS-A7HO-01Z-00-DX1_13312_16384.jpg,TCGA-SS-A7HO,TCGA-SS-A7HO-01Z-00-DX1,1,0.999193,1
tumour/TCGA-SS-A7HO-01Z-00-DX1_13312_20992.jpg,TCGA-SS-A7HO,TCGA-SS-A7HO-01Z-00-DX1,1,0.99986124,1
tumour/TCGA-SS-A7HO-01Z-00-DX1_13312_22016.jpg,TCGA-SS-A7HO,TCGA-SS-A7HO-01Z-00-DX1,1,0.9995739,1
tumour/TCGA-SS-A7HO-01Z-00-DX1_13312_22528.jpg,TCGA-SS-A7HO,TCGA-SS-A7HO-01Z-00-DX1,1,0.99999714,1
tumour/TCGA-SS-A7HO-01Z-00-DX1_13312_23552.jpg,TCGA-SS-A7HO,TCGA-SS-A7HO-01Z-00-DX1,1,0.99965596,1
tumour/TCGA-SS-A7HO-01Z-00-DX1_13312_24576.jpg,TCGA-SS-A7HO,TCGA-SS-A7HO-01Z-00-DX1,1,0.9996221,1
tumour/TCGA-SS-A7HO-01Z-00-DX1_13312_25088.jpg,TCGA-SS-A7HO,TCGA-SS-A7HO-01Z-00-DX1,1,0.9969836,1
tumour/TCGA-SS-A7HO-01Z-00-DX1_13312_26112.jpg,TCGA-SS-A7HO,TCGA-SS-A7HO-01Z-00-DX1,1,0.99990034,1
tumour/TCGA-SS-A7HO-01Z-00-DX1_13312_26624.jpg,TCGA-SS-A7HO,TCGA-SS-A7HO-01Z-00-DX1,1,0.9997516,1
tumour/TCGA-SS-A7HO-01Z-00-DX1_13312_27648.jpg,TCGA-SS-A7HO,TCGA-SS-A7HO-01Z-00-DX1,1,0.999819,1
tumour/TCGA-SS-A7HO-01Z-00-DX1_13312_28160.jpg,TCGA-SS-A7HO,TCGA-SS-A7HO-01Z-00-DX1,1,0.9954247,1
tumour/TCGA-SS-A7HO-01Z-00-DX1_13312_29184.jpg,TCGA-SS-A7HO,TCGA-SS-A7HO-01Z-00-DX1,1,0.999671,1
tumour/TCGA-SS-A7HO-01Z-00-DX1_13312_31744.jpg,TCGA-SS-A7HO,TCGA-SS-A7HO-01Z-00-DX1,1,0.9999434,1
tumour/TCGA-SS-A7HO-01Z-00-DX1_13312_6656.jpg,TCGA-SS-A7HO,TCGA-SS-A7HO-01Z-00-DX1,1,0.9952769,1
tumour/TCGA-SS-A7HO-01Z-00-DX1_13312_7680.jpg,TCGA-SS-A7HO,TCGA-SS-A7HO-01Z-00-DX1,1,0.99031025,1
tumour/TCGA-SS-A7HO-01Z-00-DX1_13312_9728.jpg,TCGA-SS-A7HO,TCGA-SS-A7HO-01Z-00-DX1,1,0.99678123,1
tumour/TCGA-SS-A7HO-01Z-00-DX1_13824_10240.jpg,TCGA-SS-A7HO,TCGA-SS-A7HO-01Z-00-DX1,1,0.985925,1
tumour/TCGA-SS-A7HO-01Z-00-DX1_13824_11264.jpg,TCGA-SS-A7HO,TCGA-SS-A7HO-01Z-00-DX1,1,0.99758506,1
tumour/TCGA-SS-A7HO-01Z-00-DX1_13824_11776.jpg,TCGA-SS-A7HO,TCGA-SS-A7HO-01Z-00-DX1,1,0.99854445,1
tumour/TCGA-SS-A7HO-01Z-00-DX1_13824_12800.jpg,TCGA-SS-A7HO,TCGA-SS-A7HO-01Z-00-DX1,1,0.99977785,1
tumour/TCGA-SS-A7HO-01Z-00-DX1_13824_13312.jpg,TCGA-SS-A7HO,TCGA-SS-A7HO-01Z-00-DX1,1,0.99987257,1
tumour/TCGA-SS-A7HO-01Z-00-DX1_13824_14848.jpg,TCGA-SS-A7HO,TCGA-SS-A7HO-01Z-00-DX1,1,0.9996593,1
tumour/TCGA-SS-A7HO-01Z-00-DX1_13824_15872.jpg,TCGA-SS-A7HO,TCGA-SS-A7HO-01Z-00-DX1,1,0.99731404,1
tumour/TCGA-SS-A7HO-01Z-00-DX1_13824_17408.jpg,TCGA-SS-A7HO,TCGA-SS-A7HO-01Z-00-DX1,1,0.99935323,1
tumour/TCGA-SS-A7HO-01Z-00-DX1_13824_17920.jpg,TCGA-SS-A7HO,TCGA-SS-A7HO-01Z-00-DX1,1,0.99961287,1
tumour/TCGA-SS-A7HO-01Z-00-DX1_13824_18432.jpg,TCGA-SS-A7HO,TCGA-SS-A7HO-01Z-00-DX1,1,0.9990018,1
tumour/TCGA-SS-A7HO-01Z-00-DX1_13824_23040.jpg,TCGA-SS-A7HO,TCGA-SS-A7HO-01Z-00-DX1,1,0.986233,1
tumour/TCGA-SS-A7HO-01Z-00-DX1_13824_24064.jpg,TCGA-SS-A7HO,TCGA-SS-A7HO-01Z-00-DX1,1,0.9996462,1
tumour/TCGA-SS-A7HO-01Z-00-DX1_13824_24576.jpg,TCGA-SS-A7HO,TCGA-SS-A7HO-01Z-00-DX1,1,0.9998271,1
tumour/TCGA-SS-A7HO-01Z-00-DX1_13824_25600.jpg,TCGA-SS-A7HO,TCGA-SS-A7HO-01Z-00-DX1,1,0.9971789,1
tumour/TCGA-SS-A7HO-01Z-00-DX1_13824_27648.jpg,TCGA-SS-A7HO,TCGA-SS-A7HO-01Z-00-DX1,1,0.99920017,1
tumour/TCGA-SS-A7HO-01Z-00-DX1_13824_28160.jpg,TCGA-SS-A7HO,TCGA-SS-A7HO-01Z-00-DX1,1,0.99984527,1
tumour/TCGA-SS-A7HO-01Z-00-DX1_13824_28672.jpg,TCGA-SS-A7HO,TCGA-SS-A7HO-01Z-00-DX1,1,0.9998265,1
tumour/TCGA-SS-A7HO-01Z-00-DX1_13824_29184.jpg,TCGA-SS-A7HO,TCGA-SS-A7HO-01Z-00-DX1,1,0.9999105,1
tumour/TCGA-SS-A7HO-01Z-00-DX1_13824_29696.jpg,TCGA-SS-A7HO,TCGA-SS-A7HO-01Z-00-DX1,1,0.9998907,1
tumour/TCGA-SS-A7HO-01Z-00-DX1_13824_30208.jpg,TCGA-SS-A7HO,TCGA-SS-A7HO-01Z-00-DX1,1,0.999884,1
tumour/TCGA-SS-A7HO-01Z-00-DX1_13824_30720.jpg,TCGA-SS-A7HO,TCGA-SS-A7HO-01Z-00-DX1,1,0.9998584,1
tumour/TCGA-SS-A7HO-01Z-00-DX1_13824_31744.jpg,TCGA-SS-A7HO,TCGA-SS-A7HO-01Z-00-DX1,1,0.99971586,1
tumour/TCGA-SS-A7HO-01Z-00-DX1_13824_5120.jpg,TCGA-SS-A7HO,TCGA-SS-A7HO-01Z-00-DX1,1,0.99721515,1
tumour/TCGA-SS-A7HO-01Z-00-DX1_13824_6656.jpg,TCGA-SS-A7HO,TCGA-SS-A7HO-01Z-00-DX1,1,0.9969336,1
tumour/TCGA-SS-A7HO-01Z-00-DX1_13824_7168.jpg,TCGA-SS-A7HO,TCGA-SS-A7HO-01Z-00-DX1,1,0.99955064,1
tumour/TCGA-SS-A7HO-01Z-00-DX1_13824_8192.jpg,TCGA-SS-A7HO,TCGA-SS-A7HO-01Z-00-DX1,1,0.9989157,1
tumour/TCGA-SS-A7HO-01Z-00-DX1_13824_9216.jpg,TCGA-SS-A7HO,TCGA-SS-A7HO-01Z-00-DX1,1,0.99825233,1
tumour/TCGA-SS-A7HO-01Z-00-DX1_14336_10752.jpg,TCGA-SS-A7HO,TCGA-SS-A7HO-01Z-00-DX1,1,0.99926513,1
tumour/TCGA-SS-A7HO-01Z-00-DX1_14336_12800.jpg,TCGA-SS-A7HO,TCGA-SS-A7HO-01Z-00-DX1,1,0.99719596,1
tumour/TCGA-SS-A7HO-01Z-00-DX1_14336_13824.jpg,TCGA-SS-A7HO,TCGA-SS-A7HO-01Z-00-DX1,1,0.9998385,1
tumour/TCGA-SS-A7HO-01Z-00-DX1_14336_18432.jpg,TCGA-SS-A7HO,TCGA-SS-A7HO-01Z-00-DX1,1,0.999736,1
tumour/TCGA-SS-A7HO-01Z-00-DX1_14336_19456.jpg,TCGA-SS-A7HO,TCGA-SS-A7HO-01Z-00-DX1,1,0.99997187,1
tumour/TCGA-SS-A7HO-01Z-00-DX1_14336_19968.jpg,TCGA-SS-A7HO,TCGA-SS-A7HO-01Z-00-DX1,1,0.9996088,1
tumour/TCGA-SS-A7HO-01Z-00-DX1_14336_20992.jpg,TCGA-SS-A7HO,TCGA-SS-A7HO-01Z-00-DX1,1,0.9999478,1
tumour/TCGA-SS-A7HO-01Z-00-DX1_14336_21504.jpg,TCGA-SS-A7HO,TCGA-SS-A7HO-01Z-00-DX1,1,0.9994363,1
tumour/TCGA-SS-A7HO-01Z-00-DX1_14336_22528.jpg,TCGA-SS-A7HO,TCGA-SS-A7HO-01Z-00-DX1,1,0.9997892,1
tumour/TCGA-SS-A7HO-01Z-00-DX1_14336_23040.jpg,TCGA-SS-A7HO,TCGA-SS-A7HO-01Z-00-DX1,1,0.99723595,1
tumour/TCGA-SS-A7HO-01Z-00-DX1_14336_23552.jpg,TCGA-SS-A7HO,TCGA-SS-A7HO-01Z-00-DX1,1,0.999019,1
tumour/TCGA-SS-A7HO-01Z-00-DX1_14336_24064.jpg,TCGA-SS-A7HO,TCGA-SS-A7HO-01Z-00-DX1,1,0.9945505,1
tumour/TCGA-SS-A7HO-01Z-00-DX1_14336_27136.jpg,TCGA-SS-A7HO,TCGA-SS-A7HO-01Z-00-DX1,1,0.9998853,1
tumour/TCGA-SS-A7HO-01Z-00-DX1_14336_28160.jpg,TCGA-SS-A7HO,TCGA-SS-A7HO-01Z-00-DX1,1,0.9998356,1
tumour/TCGA-SS-A7HO-01Z-00-DX1_14336_28672.jpg,TCGA-SS-A7HO,TCGA-SS-A7HO-01Z-00-DX1,1,0.9999095,1
tumour/TCGA-SS-A7HO-01Z-00-DX1_14336_29696.jpg,TCGA-SS-A7HO,TCGA-SS-A7HO-01Z-00-DX1,1,0.99691236,1
tumour/TCGA-SS-A7HO-01Z-00-DX1_14336_30208.jpg,TCGA-SS-A7HO,TCGA-SS-A7HO-01Z-00-DX1,1,0.9998673,1
tumour/TCGA-SS-A7HO-01Z-00-DX1_14336_31232.jpg,TCGA-SS-A7HO,TCGA-SS-A7HO-01Z-00-DX1,1,0.9999273,1
tumour/TCGA-SS-A7HO-01Z-00-DX1_14336_31744.jpg,TCGA-SS-A7HO,TCGA-SS-A7HO-01Z-00-DX1,1,0.9999263,1
tumour/TCGA-SS-A7HO-01Z-00-DX1_14336_32256.jpg,TCGA-SS-A7HO,TCGA-SS-A7HO-01Z-00-DX1,1,0.9999355,1
tumour/TCGA-SS-A7HO-01Z-00-DX1_14336_32768.jpg,TCGA-SS-A7HO,TCGA-SS-A7HO-01Z-00-DX1,1,0.9999783,1
tumour/TCGA-SS-A7HO-01Z-00-DX1_14336_33280.jpg,TCGA-SS-A7HO,TCGA-SS-A7HO-01Z-00-DX1,1,0.99955827,1
tumour/TCGA-SS-A7HO-01Z-00-DX1_14336_5632.jpg,TCGA-SS-A7HO,TCGA-SS-A7HO-01Z-00-DX1,1,0.99917054,1
tumour/TCGA-SS-A7HO-01Z-00-DX1_14336_7168.jpg,TCGA-SS-A7HO,TCGA-SS-A7HO-01Z-00-DX1,1,0.99918145,1
tumour/TCGA-SS-A7HO-01Z-00-DX1_14336_8704.jpg,TCGA-SS-A7HO,TCGA-SS-A7HO-01Z-00-DX1,1,0.9994223,1
tumour/TCGA-SS-A7HO-01Z-00-DX1_14336_9216.jpg,TCGA-SS-A7HO,TCGA-SS-A7HO-01Z-00-DX1,1,0.9403376,1
tumour/TCGA-SS-A7HO-01Z-00-DX1_14336_9728.jpg,TCGA-SS-A7HO,TCGA-SS-A7HO-01Z-00-DX1,1,0.98618096,1
tumour/TCGA-SS-A7HO-01Z-00-DX1_14848_10240.jpg,TCGA-SS-A7HO,TCGA-SS-A7HO-01Z-00-DX1,1,0.9376549,1
tumour/TCGA-SS-A7HO-01Z-00-DX1_14848_10752.jpg,TCGA-SS-A7HO,TCGA-SS-A7HO-01Z-00-DX1,1,0.9992662,1
tumour/TCGA-SS-A7HO-01Z-00-DX1_14848_11264.jpg,TCGA-SS-A7HO,TCGA-SS-A7HO-01Z-00-DX1,1,0.99984944,1
tumour/TCGA-SS-A7HO-01Z-00-DX1_14848_12288.jpg,TCGA-SS-A7HO,TCGA-SS-A7HO-01Z-00-DX1,1,0.99740463,1
tumour/TCGA-SS-A7HO-01Z-00-DX1_14848_12800.jpg,TCGA-SS-A7HO,TCGA-SS-A7HO-01Z-00-DX1,1,0.999406,1
tumour/TCGA-SS-A7HO-01Z-00-DX1_14848_14848.jpg,TCGA-SS-A7HO,TCGA-SS-A7HO-01Z-00-DX1,1,0.9999323,1
tumour/TCGA-SS-A7HO-01Z-00-DX1_14848_15360.jpg,TCGA-SS-A7HO,TCGA-SS-A7HO-01Z-00-DX1,1,0.99947935,1
tumour/TCGA-SS-A7HO-01Z-00-DX1_14848_15872.jpg,TCGA-SS-A7HO,TCGA-SS-A7HO-01Z-00-DX1,1,0.99900717,1
tumour/TCGA-SS-A7HO-01Z-00-DX1_14848_16896.jpg,TCGA-SS-A7HO,TCGA-SS-A7HO-01Z-00-DX1,1,0.99993753,1
tumour/TCGA-SS-A7HO-01Z-00-DX1_14848_17920.jpg,TCGA-SS-A7HO,TCGA-SS-A7HO-01Z-00-DX1,1,0.9999974,1
tumour/TCGA-SS-A7HO-01Z-00-DX1_14848_18432.jpg,TCGA-SS-A7HO,TCGA-SS-A7HO-01Z-00-DX1,1,0.9954614,1
tumour/TCGA-SS-A7HO-01Z-00-DX1_14848_18944.jpg,TCGA-SS-A7HO,TCGA-SS-A7HO-01Z-00-DX1,1,0.99986684,1
tumour/TCGA-SS-A7HO-01Z-00-DX1_14848_22528.jpg,TCGA-SS-A7HO,TCGA-SS-A7HO-01Z-00-DX1,1,0.99969995,1
tumour/TCGA-SS-A7HO-01Z-00-DX1_14848_23040.jpg,TCGA-SS-A7HO,TCGA-SS-A7HO-01Z-00-DX1,1,0.99971014,1
tumour/TCGA-SS-A7HO-01Z-00-DX1_14848_23552.jpg,TCGA-SS-A7HO,TCGA-SS-A7HO-01Z-00-DX1,1,0.9998795,1
tumour/TCGA-SS-A7HO-01Z-00-DX1_14848_24064.jpg,TCGA-SS-A7HO,TCGA-SS-A7HO-01Z-00-DX1,1,0.993024,1
tumour/TCGA-SS-A7HO-01Z-00-DX1_14848_25088.jpg,TCGA-SS-A7HO,TCGA-SS-A7HO-01Z-00-DX1,1,0.9996574,1
tumour/TCGA-SS-A7HO-01Z-00-DX1_14848_26624.jpg,TCGA-SS-A7HO,TCGA-SS-A7HO-01Z-00-DX1,1,0.9999722,1
tumour/TCGA-SS-A7HO-01Z-00-DX1_14848_29184.jpg,TCGA-SS-A7HO,TCGA-SS-A7HO-01Z-00-DX1,1,0.99993837,1
tumour/TCGA-SS-A7HO-01Z-00-DX1_14848_30208.jpg,TCGA-SS-A7HO,TCGA-SS-A7HO-01Z-00-DX1,1,0.9998727,1
tumour/TCGA-SS-A7HO-01Z-00-DX1_14848_31232.jpg,TCGA-SS-A7HO,TCGA-SS-A7HO-01Z-00-DX1,1,0.99998724,1
tumour/TCGA-SS-A7HO-01Z-00-DX1_14848_32256.jpg,TCGA-SS-A7HO,TCGA-SS-A7HO-01Z-00-DX1,1,0.9999323,1
tumour/TCGA-SS-A7HO-01Z-00-DX1_14848_5120.jpg,TCGA-SS-A7HO,TCGA-SS-A7HO-01Z-00-DX1,1,0.9986041,1
tumour/TCGA-SS-A7HO-01Z-00-DX1_14848_6144.jpg,TCGA-SS-A7HO,TCGA-SS-A7HO-01Z-00-DX1,1,0.9997125,1
tumour/TCGA-SS-A7HO-01Z-00-DX1_14848_7168.jpg,TCGA-SS-A7HO,TCGA-SS-A7HO-01Z-00-DX1,1,0.99996877,1
tumour/TCGA-SS-A7HO-01Z-00-DX1_14848_7680.jpg,TCGA-SS-A7HO,TCGA-SS-A7HO-01Z-00-DX1,1,0.9998356,1
tumour/TCGA-SS-A7HO-01Z-00-DX1_14848_8192.jpg,TCGA-SS-A7HO,TCGA-SS-A7HO-01Z-00-DX1,1,0.9999757,1
tumour/TCGA-SS-A7HO-01Z-00-DX1_14848_8704.jpg,TCGA-SS-A7HO,TCGA-SS-A7HO-01Z-00-DX1,1,0.99737656,1
tumour/TCGA-SS-A7HO-01Z-00-DX1_14848_9216.jpg,TCGA-SS-A7HO,TCGA-SS-A7HO-01Z-00-DX1,1,0.968507,1
tumour/TCGA-SS-A7HO-01Z-00-DX1_14848_9728.jpg,TCGA-SS-A7HO,TCGA-SS-A7HO-01Z-00-DX1,1,0.9961234,1
tumour/TCGA-SS-A7HO-01Z-00-DX1_15360_10240.jpg,TCGA-SS-A7HO,TCGA-SS-A7HO-01Z-00-DX1,1,0.99904674,1
tumour/TCGA-SS-A7HO-01Z-00-DX1_15360_11776.jpg,TCGA-SS-A7HO,TCGA-SS-A7HO-01Z-00-DX1,1,0.9996797,1
tumour/TCGA-SS-A7HO-01Z-00-DX1_15360_14336.jpg,TCGA-SS-A7HO,TCGA-SS-A7HO-01Z-00-DX1,1,0.9994733,1
tumour/TCGA-SS-A7HO-01Z-00-DX1_15360_15872.jpg,TCGA-SS-A7HO,TCGA-SS-A7HO-01Z-00-DX1,1,0.999985,1
tumour/TCGA-SS-A7HO-01Z-00-DX1_15360_16384.jpg,TCGA-SS-A7HO,TCGA-SS-A7HO-01Z-00-DX1,1,0.9999516,1
tumour/TCGA-SS-A7HO-01Z-00-DX1_15360_17408.jpg,TCGA-SS-A7HO,TCGA-SS-A7HO-01Z-00-DX1,1,0.9995394,1
tumour/TCGA-SS-A7HO-01Z-00-DX1_15360_17920.jpg,TCGA-SS-A7HO,TCGA-SS-A7HO-01Z-00-DX1,1,0.99993074,1
tumour/TCGA-SS-A7HO-01Z-00-DX1_15360_18432.jpg,TCGA-SS-A7HO,TCGA-SS-A7HO-01Z-00-DX1,1,0.9998956,1
tumour/TCGA-SS-A7HO-01Z-00-DX1_15360_19456.jpg,TCGA-SS-A7HO,TCGA-SS-A7HO-01Z-00-DX1,1,0.99886405,1
tumour/TCGA-SS-A7HO-01Z-00-DX1_15360_22528.jpg,TCGA-SS-A7HO,TCGA-SS-A7HO-01Z-00-DX1,1,0.99839514,1
tumour/TCGA-SS-A7HO-01Z-00-DX1_15360_23040.jpg,TCGA-SS-A7HO,TCGA-SS-A7HO-01Z-00-DX1,1,0.99974304,1
tumour/TCGA-SS-A7HO-01Z-00-DX1_15360_24064.jpg,TCGA-SS-A7HO,TCGA-SS-A7HO-01Z-00-DX1,1,0.9894358,1
tumour/TCGA-SS-A7HO-01Z-00-DX1_15360_24576.jpg,TCGA-SS-A7HO,TCGA-SS-A7HO-01Z-00-DX1,1,0.999652,1
tumour/TCGA-SS-A7HO-01Z-00-DX1_15360_25088.jpg,TCGA-SS-A7HO,TCGA-SS-A7HO-01Z-00-DX1,1,0.99997663,1
tumour/TCGA-SS-A7HO-01Z-00-DX1_15360_25600.jpg,TCGA-SS-A7HO,TCGA-SS-A7HO-01Z-00-DX1,1,0.9999361,1
tumour/TCGA-SS-A7HO-01Z-00-DX1_15360_26112.jpg,TCGA-SS-A7HO,TCGA-SS-A7HO-01Z-00-DX1,1,0.9996939,1
tumour/TCGA-SS-A7HO-01Z-00-DX1_15360_27136.jpg,TCGA-SS-A7HO,TCGA-SS-A7HO-01Z-00-DX1,1,0.9967818,1
tumour/TCGA-SS-A7HO-01Z-00-DX1_15360_28672.jpg,TCGA-SS-A7HO,TCGA-SS-A7HO-01Z-00-DX1,1,0.9999156,1
tumour/TCGA-SS-A7HO-01Z-00-DX1_15360_30720.jpg,TCGA-SS-A7HO,TCGA-SS-A7HO-01Z-00-DX1,1,0.99997413,1
tumour/TCGA-SS-A7HO-01Z-00-DX1_15360_31744.jpg,TCGA-SS-A7HO,TCGA-SS-A7HO-01Z-00-DX1,1,0.9997683,1
tumour/TCGA-SS-A7HO-01Z-00-DX1_15360_33280.jpg,TCGA-SS-A7HO,TCGA-SS-A7HO-01Z-00-DX1,1,0.9996964,1
tumour/TCGA-SS-A7HO-01Z-00-DX1_15360_5120.jpg,TCGA-SS-A7HO,TCGA-SS-A7HO-01Z-00-DX1,1,0.99978906,1
tumour/TCGA-SS-A7HO-01Z-00-DX1_15360_7680.jpg,TCGA-SS-A7HO,TCGA-SS-A7HO-01Z-00-DX1,1,0.99939215,1
tumour/TCGA-SS-A7HO-01Z-00-DX1_15360_9728.jpg,TCGA-SS-A7HO,TCGA-SS-A7HO-01Z-00-DX1,1,0.9916922,1
tumour/TCGA-SS-A7HO-01Z-00-DX1_15872_10752.jpg,TCGA-SS-A7HO,TCGA-SS-A7HO-01Z-00-DX1,1,0.9973385,1
tumour/TCGA-SS-A7HO-01Z-00-DX1_15872_11264.jpg,TCGA-SS-A7HO,TCGA-SS-A7HO-01Z-00-DX1,1,0.99924076,1
tumour/TCGA-SS-A7HO-01Z-00-DX1_15872_11776.jpg,TCGA-SS-A7HO,TCGA-SS-A7HO-01Z-00-DX1,1,0.9986822,1
tumour/TCGA-SS-A7HO-01Z-00-DX1_15872_12800.jpg,TCGA-SS-A7HO,TCGA-SS-A7HO-01Z-00-DX1,1,0.99987054,1
tumour/TCGA-SS-A7HO-01Z-00-DX1_15872_14336.jpg,TCGA-SS-A7HO,TCGA-SS-A7HO-01Z-00-DX1,1,0.9995216,1
tumour/TCGA-SS-A7HO-01Z-00-DX1_15872_15360.jpg,TCGA-SS-A7HO,TCGA-SS-A7HO-01Z-00-DX1,1,0.99988675,1
tumour/TCGA-SS-A7HO-01Z-00-DX1_15872_15872.jpg,TCGA-SS-A7HO,TCGA-SS-A7HO-01Z-00-DX1,1,0.99988234,1
tumour/TCGA-SS-A7HO-01Z-00-DX1_15872_16384.jpg,TCGA-SS-A7HO,TCGA-SS-A7HO-01Z-00-DX1,1,0.99992895,1
tumour/TCGA-SS-A7HO-01Z-00-DX1_15872_17408.jpg,TCGA-SS-A7HO,TCGA-SS-A7HO-01Z-00-DX1,1,0.9991923,1
tumour/TCGA-SS-A7HO-01Z-00-DX1_15872_17920.jpg,TCGA-SS-A7HO,TCGA-SS-A7HO-01Z-00-DX1,1,0.99977297,1
tumour/TCGA-SS-A7HO-01Z-00-DX1_15872_20992.jpg,TCGA-SS-A7HO,TCGA-SS-A7HO-01Z-00-DX1,1,0.9996118,1
tumour/TCGA-SS-A7HO-01Z-00-DX1_15872_22016.jpg,TCGA-SS-A7HO,TCGA-SS-A7HO-01Z-00-DX1,1,0.99962366,1
tumour/TCGA-SS-A7HO-01Z-00-DX1_15872_22528.jpg,TCGA-SS-A7HO,TCGA-SS-A7HO-01Z-00-DX1,1,0.99979824,1
tumour/TCGA-SS-A7HO-01Z-00-DX1_15872_23552.jpg,TCGA-SS-A7HO,TCGA-SS-A7HO-01Z-00-DX1,1,0.99598557,1
tumour/TCGA-SS-A7HO-01Z-00-DX1_15872_24064.jpg,TCGA-SS-A7HO,TCGA-SS-A7HO-01Z-00-DX1,1,0.9997577,1
tumour/TCGA-SS-A7HO-01Z-00-DX1_15872_25600.jpg,TCGA-SS-A7HO,TCGA-SS-A7HO-01Z-00-DX1,1,0.99909043,1
tumour/TCGA-SS-A7HO-01Z-00-DX1_15872_27136.jpg,TCGA-SS-A7HO,TCGA-SS-A7HO-01Z-00-DX1,1,0.9986072,1
tumour/TCGA-SS-A7HO-01Z-00-DX1_15872_27648.jpg,TCGA-SS-A7HO,TCGA-SS-A7HO-01Z-00-DX1,1,0.9989926,1
tumour/TCGA-SS-A7HO-01Z-00-DX1_15872_28160.jpg,TCGA-SS-A7HO,TCGA-SS-A7HO-01Z-00-DX1,1,0.99856746,1
tumour/TCGA-SS-A7HO-01Z-00-DX1_15872_28672.jpg,TCGA-SS-A7HO,TCGA-SS-A7HO-01Z-00-DX1,1,0.999233,1
tumour/TCGA-SS-A7HO-01Z-00-DX1_15872_30208.jpg,TCGA-SS-A7HO,TCGA-SS-A7HO-01Z-00-DX1,1,0.9989667,1
tumour/TCGA-SS-A7HO-01Z-00-DX1_15872_32768.jpg,TCGA-SS-A7HO,TCGA-SS-A7HO-01Z-00-DX1,1,0.99971396,1
tumour/TCGA-SS-A7HO-01Z-00-DX1_15872_33280.jpg,TCGA-SS-A7HO,TCGA-SS-A7HO-01Z-00-DX1,1,0.9984901,1
tumour/TCGA-SS-A7HO-01Z-00-DX1_15872_5120.jpg,TCGA-SS-A7HO,TCGA-SS-A7HO-01Z-00-DX1,1,0.99978775,1
tumour/TCGA-SS-A7HO-01Z-00-DX1_15872_5632.jpg,TCGA-SS-A7HO,TCGA-SS-A7HO-01Z-00-DX1,1,0.9994142,1
tumour/TCGA-SS-A7HO-01Z-00-DX1_15872_6144.jpg,TCGA-SS-A7HO,TCGA-SS-A7HO-01Z-00-DX1,1,0.99993837,1
tumour/TCGA-SS-A7HO-01Z-00-DX1_15872_6656.jpg,TCGA-SS-A7HO,TCGA-SS-A7HO-01Z-00-DX1,1,0.99940336,1
tumour/TCGA-SS-A7HO-01Z-00-DX1_15872_9216.jpg,TCGA-SS-A7HO,TCGA-SS-A7HO-01Z-00-DX1,1,0.9842276,1
tumour/TCGA-SS-A7HO-01Z-00-DX1_16384_10240.jpg,TCGA-SS-A7HO,TCGA-SS-A7HO-01Z-00-DX1,1,0.999049,1
tumour/TCGA-SS-A7HO-01Z-00-DX1_16384_10752.jpg,TCGA-SS-A7HO,TCGA-SS-A7HO-01Z-00-DX1,1,0.99791104,1
tumour/TCGA-SS-A7HO-01Z-00-DX1_16384_11264.jpg,TCGA-SS-A7HO,TCGA-SS-A7HO-01Z-00-DX1,1,0.9999758,1
tumour/TCGA-SS-A7HO-01Z-00-DX1_16384_12288.jpg,TCGA-SS-A7HO,TCGA-SS-A7HO-01Z-00-DX1,1,0.9999926,1
tumour/TCGA-SS-A7HO-01Z-00-DX1_16384_13312.jpg,TCGA-SS-A7HO,TCGA-SS-A7HO-01Z-00-DX1,1,0.9998087,1
tumour/TCGA-SS-A7HO-01Z-00-DX1_16384_14336.jpg,TCGA-SS-A7HO,TCGA-SS-A7HO-01Z-00-DX1,1,0.9999441,1
tumour/TCGA-SS-A7HO-01Z-00-DX1_16384_16384.jpg,TCGA-SS-A7HO,TCGA-SS-A7HO-01Z-00-DX1,1,0.99980885,1
tumour/TCGA-SS-A7HO-01Z-00-DX1_16384_16896.jpg,TCGA-SS-A7HO,TCGA-SS-A7HO-01Z-00-DX1,1,0.999699,1
tumour/TCGA-SS-A7HO-01Z-00-DX1_16384_17408.jpg,TCGA-SS-A7HO,TCGA-SS-A7HO-01Z-00-DX1,1,0.9990005,1
tumour/TCGA-SS-A7HO-01Z-00-DX1_16384_18432.jpg,TCGA-SS-A7HO,TCGA-SS-A7HO-01Z-00-DX1,1,0.99987125,1
tumour/TCGA-SS-A7HO-01Z-00-DX1_16384_18944.jpg,TCGA-SS-A7HO,TCGA-SS-A7HO-01Z-00-DX1,1,0.99947876,1
tumour/TCGA-SS-A7HO-01Z-00-DX1_16384_21504.jpg,TCGA-SS-A7HO,TCGA-SS-A7HO-01Z-00-DX1,1,0.9995253,1
tumour/TCGA-SS-A7HO-01Z-00-DX1_16384_22528.jpg,TCGA-SS-A7HO,TCGA-SS-A7HO-01Z-00-DX1,1,0.9999541,1
tumour/TCGA-SS-A7HO-01Z-00-DX1_16384_23040.jpg,TCGA-SS-A7HO,TCGA-SS-A7HO-01Z-00-DX1,1,0.99992347,1
tumour/TCGA-SS-A7HO-01Z-00-DX1_16384_23552.jpg,TCGA-SS-A7HO,TCGA-SS-A7HO-01Z-00-DX1,1,0.9983903,1
tumour/TCGA-SS-A7HO-01Z-00-DX1_16384_24064.jpg,TCGA-SS-A7HO,TCGA-SS-A7HO-01Z-00-DX1,1,0.9984529,1
tumour/TCGA-SS-A7HO-01Z-00-DX1_16384_26624.jpg,TCGA-SS-A7HO,TCGA-SS-A7HO-01Z-00-DX1,1,0.9993006,1
tumour/TCGA-SS-A7HO-01Z-00-DX1_16384_27136.jpg,TCGA-SS-A7HO,TCGA-SS-A7HO-01Z-00-DX1,1,0.9998876,1
tumour/TCGA-SS-A7HO-01Z-00-DX1_16384_28160.jpg,TCGA-SS-A7HO,TCGA-SS-A7HO-01Z-00-DX1,1,0.99996984,1
tumour/TCGA-SS-A7HO-01Z-00-DX1_16384_28672.jpg,TCGA-SS-A7HO,TCGA-SS-A7HO-01Z-00-DX1,1,0.99877733,1
tumour/TCGA-SS-A7HO-01Z-00-DX1_16384_30208.jpg,TCGA-SS-A7HO,TCGA-SS-A7HO-01Z-00-DX1,1,0.9996774,1
tumour/TCGA-SS-A7HO-01Z-00-DX1_16384_31744.jpg,TCGA-SS-A7HO,TCGA-SS-A7HO-01Z-00-DX1,1,0.99996626,1
tumour/TCGA-SS-A7HO-01Z-00-DX1_16384_32768.jpg,TCGA-SS-A7HO,TCGA-SS-A7HO-01Z-00-DX1,1,0.9999167,1
tumour/TCGA-SS-A7HO-01Z-00-DX1_16384_5120.jpg,TCGA-SS-A7HO,TCGA-SS-A7HO-01Z-00-DX1,1,0.9940123,1
tumour/TCGA-SS-A7HO-01Z-00-DX1_16384_5632.jpg,TCGA-SS-A7HO,TCGA-SS-A7HO-01Z-00-DX1,1,0.9997751,1
tumour/TCGA-SS-A7HO-01Z-00-DX1_16384_6144.jpg,TCGA-SS-A7HO,TCGA-SS-A7HO-01Z-00-DX1,1,0.995971,1
tumour/TCGA-SS-A7HO-01Z-00-DX1_16384_6656.jpg,TCGA-SS-A7HO,TCGA-SS-A7HO-01Z-00-DX1,1,0.99986255,1
tumour/TCGA-SS-A7HO-01Z-00-DX1_16384_8704.jpg,TCGA-SS-A7HO,TCGA-SS-A7HO-01Z-00-DX1,1,0.98487955,1
tumour/TCGA-SS-A7HO-01Z-00-DX1_16896_10240.jpg,TCGA-SS-A7HO,TCGA-SS-A7HO-01Z-00-DX1,1,0.99796945,1
tumour/TCGA-SS-A7HO-01Z-00-DX1_16896_11776.jpg,TCGA-SS-A7HO,TCGA-SS-A7HO-01Z-00-DX1,1,0.9995498,1
tumour/TCGA-SS-A7HO-01Z-00-DX1_16896_12288.jpg,TCGA-SS-A7HO,TCGA-SS-A7HO-01Z-00-DX1,1,0.9997093,1
tumour/TCGA-SS-A7HO-01Z-00-DX1_16896_15872.jpg,TCGA-SS-A7HO,TCGA-SS-A7HO-01Z-00-DX1,1,0.9988544,1
tumour/TCGA-SS-A7HO-01Z-00-DX1_16896_16384.jpg,TCGA-SS-A7HO,TCGA-SS-A7HO-01Z-00-DX1,1,0.9991264,1
tumour/TCGA-SS-A7HO-01Z-00-DX1_16896_16896.jpg,TCGA-SS-A7HO,TCGA-SS-A7HO-01Z-00-DX1,1,0.9996817,1
tumour/TCGA-SS-A7HO-01Z-00-DX1_16896_20480.jpg,TCGA-SS-A7HO,TCGA-SS-A7HO-01Z-00-DX1,1,0.9997179,1
tumour/TCGA-SS-A7HO-01Z-00-DX1_16896_21504.jpg,TCGA-SS-A7HO,TCGA-SS-A7HO-01Z-00-DX1,1,0.9963909,1
tumour/TCGA-SS-A7HO-01Z-00-DX1_16896_23552.jpg,TCGA-SS-A7HO,TCGA-SS-A7HO-01Z-00-DX1,1,0.998801,1
tumour/TCGA-SS-A7HO-01Z-00-DX1_16896_24576.jpg,TCGA-SS-A7HO,TCGA-SS-A7HO-01Z-00-DX1,1,0.9995152,1
tumour/TCGA-SS-A7HO-01Z-00-DX1_16896_25088.jpg,TCGA-SS-A7HO,TCGA-SS-A7HO-01Z-00-DX1,1,0.9996538,1
tumour/TCGA-SS-A7HO-01Z-00-DX1_16896_26112.jpg,TCGA-SS-A7HO,TCGA-SS-A7HO-01Z-00-DX1,1,0.99928385,1
tumour/TCGA-SS-A7HO-01Z-00-DX1_16896_27136.jpg,TCGA-SS-A7HO,TCGA-SS-A7HO-01Z-00-DX1,1,0.9986552,1
tumour/TCGA-SS-A7HO-01Z-00-DX1_16896_27648.jpg,TCGA-SS-A7HO,TCGA-SS-A7HO-01Z-00-DX1,1,0.9999844,1
tumour/TCGA-SS-A7HO-01Z-00-DX1_16896_28160.jpg,TCGA-SS-A7HO,TCGA-SS-A7HO-01Z-00-DX1,1,0.9995431,1
tumour/TCGA-SS-A7HO-01Z-00-DX1_16896_28672.jpg,TCGA-SS-A7HO,TCGA-SS-A7HO-01Z-00-DX1,1,0.99997115,1
tumour/TCGA-SS-A7HO-01Z-00-DX1_16896_29696.jpg,TCGA-SS-A7HO,TCGA-SS-A7HO-01Z-00-DX1,1,0.9996697,1
tumour/TCGA-SS-A7HO-01Z-00-DX1_16896_30208.jpg,TCGA-SS-A7HO,TCGA-SS-A7HO-01Z-00-DX1,1,0.9996152,1
tumour/TCGA-SS-A7HO-01Z-00-DX1_16896_30720.jpg,TCGA-SS-A7HO,TCGA-SS-A7HO-01Z-00-DX1,1,0.9998691,1
tumour/TCGA-SS-A7HO-01Z-00-DX1_16896_31232.jpg,TCGA-SS-A7HO,TCGA-SS-A7HO-01Z-00-DX1,1,0.9999751,1
tumour/TCGA-SS-A7HO-01Z-00-DX1_16896_32256.jpg,TCGA-SS-A7HO,TCGA-SS-A7HO-01Z-00-DX1,1,0.9995629,1
tumour/TCGA-SS-A7HO-01Z-00-DX1_16896_32768.jpg,TCGA-SS-A7HO,TCGA-SS-A7HO-01Z-00-DX1,1,0.9999211,1
tumour/TCGA-SS-A7HO-01Z-00-DX1_16896_5632.jpg,TCGA-SS-A7HO,TCGA-SS-A7HO-01Z-00-DX1,1,0.9997212,1
tumour/TCGA-SS-A7HO-01Z-00-DX1_16896_6144.jpg,TCGA-SS-A7HO,TCGA-SS-A7HO-01Z-00-DX1,1,0.99896395,1
tumour/TCGA-SS-A7HO-01Z-00-DX1_16896_6656.jpg,TCGA-SS-A7HO,TCGA-SS-A7HO-01Z-00-DX1,1,0.9999155,1
tumour/TCGA-SS-A7HO-01Z-00-DX1_16896_7168.jpg,TCGA-SS-A7HO,TCGA-SS-A7HO-01Z-00-DX1,1,0.98764116,1
tumour/TCGA-SS-A7HO-01Z-00-DX1_16896_8192.jpg,TCGA-SS-A7HO,TCGA-SS-A7HO-01Z-00-DX1,1,0.9970885,1
tumour/TCGA-SS-A7HO-01Z-00-DX1_16896_8704.jpg,TCGA-SS-A7HO,TCGA-SS-A7HO-01Z-00-DX1,1,0.9787911,1
tumour/TCGA-SS-A7HO-01Z-00-DX1_16896_9216.jpg,TCGA-SS-A7HO,TCGA-SS-A7HO-01Z-00-DX1,1,0.9993813,1
tumour/TCGA-SS-A7HO-01Z-00-DX1_17408_11264.jpg,TCGA-SS-A7HO,TCGA-SS-A7HO-01Z-00-DX1,1,0.9993979,1
tumour/TCGA-SS-A7HO-01Z-00-DX1_17408_11776.jpg,TCGA-SS-A7HO,TCGA-SS-A7HO-01Z-00-DX1,1,0.9972656,1
tumour/TCGA-SS-A7HO-01Z-00-DX1_17408_12288.jpg,TCGA-SS-A7HO,TCGA-SS-A7HO-01Z-00-DX1,1,0.99115574,1
tumour/TCGA-SS-A7HO-01Z-00-DX1_17408_13312.jpg,TCGA-SS-A7HO,TCGA-SS-A7HO-01Z-00-DX1,1,0.99993503,1
tumour/TCGA-SS-A7HO-01Z-00-DX1_17408_13824.jpg,TCGA-SS-A7HO,TCGA-SS-A7HO-01Z-00-DX1,1,0.99985886,1
tumour/TCGA-SS-A7HO-01Z-00-DX1_17408_14336.jpg,TCGA-SS-A7HO,TCGA-SS-A7HO-01Z-00-DX1,1,0.998973,1
tumour/TCGA-SS-A7HO-01Z-00-DX1_17408_14848.jpg,TCGA-SS-A7HO,TCGA-SS-A7HO-01Z-00-DX1,1,0.9999882,1
tumour/TCGA-SS-A7HO-01Z-00-DX1_17408_17920.jpg,TCGA-SS-A7HO,TCGA-SS-A7HO-01Z-00-DX1,1,0.99999857,1
tumour/TCGA-SS-A7HO-01Z-00-DX1_17408_18432.jpg,TCGA-SS-A7HO,TCGA-SS-A7HO-01Z-00-DX1,1,0.9999335,1
tumour/TCGA-SS-A7HO-01Z-00-DX1_17408_22528.jpg,TCGA-SS-A7HO,TCGA-SS-A7HO-01Z-00-DX1,1,0.9994462,1
tumour/TCGA-SS-A7HO-01Z-00-DX1_17408_23040.jpg,TCGA-SS-A7HO,TCGA-SS-A7HO-01Z-00-DX1,1,0.9999498,1
tumour/TCGA-SS-A7HO-01Z-00-DX1_17408_24064.jpg,TCGA-SS-A7HO,TCGA-SS-A7HO-01Z-00-DX1,1,0.99943346,1
tumour/TCGA-SS-A7HO-01Z-00-DX1_17408_25088.jpg,TCGA-SS-A7HO,TCGA-SS-A7HO-01Z-00-DX1,1,0.9984863,1
tumour/TCGA-SS-A7HO-01Z-00-DX1_17408_26624.jpg,TCGA-SS-A7HO,TCGA-SS-A7HO-01Z-00-DX1,1,0.9997582,1
tumour/TCGA-SS-A7HO-01Z-00-DX1_17408_28672.jpg,TCGA-SS-A7HO,TCGA-SS-A7HO-01Z-00-DX1,1,0.99951386,1
tumour/TCGA-SS-A7HO-01Z-00-DX1_17408_29184.jpg,TCGA-SS-A7HO,TCGA-SS-A7HO-01Z-00-DX1,1,0.9997036,1
tumour/TCGA-SS-A7HO-01Z-00-DX1_17408_29696.jpg,TCGA-SS-A7HO,TCGA-SS-A7HO-01Z-00-DX1,1,0.99849117,1
tumour/TCGA-SS-A7HO-01Z-00-DX1_17408_30720.jpg,TCGA-SS-A7HO,TCGA-SS-A7HO-01Z-00-DX1,1,0.99999654,1
tumour/TCGA-SS-A7HO-01Z-00-DX1_17408_31744.jpg,TCGA-SS-A7HO,TCGA-SS-A7HO-01Z-00-DX1,1,0.99981934,1
tumour/TCGA-SS-A7HO-01Z-00-DX1_17408_33280.jpg,TCGA-SS-A7HO,TCGA-SS-A7HO-01Z-00-DX1,1,0.99995685,1
tumour/TCGA-SS-A7HO-01Z-00-DX1_17408_33792.jpg,TCGA-SS-A7HO,TCGA-SS-A7HO-01Z-00-DX1,1,0.99891996,1
tumour/TCGA-SS-A7HO-01Z-00-DX1_17408_4608.jpg,TCGA-SS-A7HO,TCGA-SS-A7HO-01Z-00-DX1,1,0.99513876,1
tumour/TCGA-SS-A7HO-01Z-00-DX1_17408_5120.jpg,TCGA-SS-A7HO,TCGA-SS-A7HO-01Z-00-DX1,1,0.9985019,1
tumour/TCGA-SS-A7HO-01Z-00-DX1_17408_7168.jpg,TCGA-SS-A7HO,TCGA-SS-A7HO-01Z-00-DX1,1,0.9994012,1
tumour/TCGA-SS-A7HO-01Z-00-DX1_17408_7680.jpg,TCGA-SS-A7HO,TCGA-SS-A7HO-01Z-00-DX1,1,0.95801246,1
tumour/TCGA-SS-A7HO-01Z-00-DX1_17408_8704.jpg,TCGA-SS-A7HO,TCGA-SS-A7HO-01Z-00-DX1,1,0.9996346,1
tumour/TCGA-SS-A7HO-01Z-00-DX1_17408_9728.jpg,TCGA-SS-A7HO,TCGA-SS-A7HO-01Z-00-DX1,1,0.9946253,1
tumour/TCGA-SS-A7HO-01Z-00-DX1_17920_10240.jpg,TCGA-SS-A7HO,TCGA-SS-A7HO-01Z-00-DX1,1,0.9999331,1
tumour/TCGA-SS-A7HO-01Z-00-DX1_17920_10752.jpg,TCGA-SS-A7HO,TCGA-SS-A7HO-01Z-00-DX1,1,0.9999927,1
tumour/TCGA-SS-A7HO-01Z-00-DX1_17920_11264.jpg,TCGA-SS-A7HO,TCGA-SS-A7HO-01Z-00-DX1,1,0.99951017,1
tumour/TCGA-SS-A7HO-01Z-00-DX1_17920_11776.jpg,TCGA-SS-A7HO,TCGA-SS-A7HO-01Z-00-DX1,1,0.9988772,1
tumour/TCGA-SS-A7HO-01Z-00-DX1_17920_12288.jpg,TCGA-SS-A7HO,TCGA-SS-A7HO-01Z-00-DX1,1,0.99864274,1
tumour/TCGA-SS-A7HO-01Z-00-DX1_17920_12800.jpg,TCGA-SS-A7HO,TCGA-SS-A7HO-01Z-00-DX1,1,0.9984048,1
tumour/TCGA-SS-A7HO-01Z-00-DX1_17920_13312.jpg,TCGA-SS-A7HO,TCGA-SS-A7HO-01Z-00-DX1,1,0.9996915,1
tumour/TCGA-SS-A7HO-01Z-00-DX1_17920_13824.jpg,TCGA-SS-A7HO,TCGA-SS-A7HO-01Z-00-DX1,1,0.99979967,1
tumour/TCGA-SS-A7HO-01Z-00-DX1_17920_15872.jpg,TCGA-SS-A7HO,TCGA-SS-A7HO-01Z-00-DX1,1,0.99996114,1
tumour/TCGA-SS-A7HO-01Z-00-DX1_17920_16384.jpg,TCGA-SS-A7HO,TCGA-SS-A7HO-01Z-00-DX1,1,0.82954794,1
tumour/TCGA-SS-A7HO-01Z-00-DX1_17920_16896.jpg,TCGA-SS-A7HO,TCGA-SS-A7HO-01Z-00-DX1,1,0.98457044,1
tumour/TCGA-SS-A7HO-01Z-00-DX1_17920_17920.jpg,TCGA-SS-A7HO,TCGA-SS-A7HO-01Z-00-DX1,1,0.99984264,1
tumour/TCGA-SS-A7HO-01Z-00-DX1_17920_20480.jpg,TCGA-SS-A7HO,TCGA-SS-A7HO-01Z-00-DX1,1,0.9994727,1
tumour/TCGA-SS-A7HO-01Z-00-DX1_17920_21504.jpg,TCGA-SS-A7HO,TCGA-SS-A7HO-01Z-00-DX1,1,0.998963,1
tumour/TCGA-SS-A7HO-01Z-00-DX1_17920_22016.jpg,TCGA-SS-A7HO,TCGA-SS-A7HO-01Z-00-DX1,1,0.9991347,1
tumour/TCGA-SS-A7HO-01Z-00-DX1_17920_22528.jpg,TCGA-SS-A7HO,TCGA-SS-A7HO-01Z-00-DX1,1,0.99642354,1
tumour/TCGA-SS-A7HO-01Z-00-DX1_17920_23040.jpg,TCGA-SS-A7HO,TCGA-SS-A7HO-01Z-00-DX1,1,0.99977154,1
tumour/TCGA-SS-A7HO-01Z-00-DX1_17920_23552.jpg,TCGA-SS-A7HO,TCGA-SS-A7HO-01Z-00-DX1,1,0.9927026,1
tumour/TCGA-SS-A7HO-01Z-00-DX1_17920_24064.jpg,TCGA-SS-A7HO,TCGA-SS-A7HO-01Z-00-DX1,1,0.9970126,1
tumour/TCGA-SS-A7HO-01Z-00-DX1_17920_25088.jpg,TCGA-SS-A7HO,TCGA-SS-A7HO-01Z-00-DX1,1,0.99754095,1
tumour/TCGA-SS-A7HO-01Z-00-DX1_17920_25600.jpg,TCGA-SS-A7HO,TCGA-SS-A7HO-01Z-00-DX1,1,0.9998084,1
tumour/TCGA-SS-A7HO-01Z-00-DX1_17920_26112.jpg,TCGA-SS-A7HO,TCGA-SS-A7HO-01Z-00-DX1,1,0.99996316,1
tumour/TCGA-SS-A7HO-01Z-00-DX1_17920_27136.jpg,TCGA-SS-A7HO,TCGA-SS-A7HO-01Z-00-DX1,1,0.9996075,1
tumour/TCGA-SS-A7HO-01Z-00-DX1_17920_27648.jpg,TCGA-SS-A7HO,TCGA-SS-A7HO-01Z-00-DX1,1,0.9991973,1
tumour/TCGA-SS-A7HO-01Z-00-DX1_17920_28160.jpg,TCGA-SS-A7HO,TCGA-SS-A7HO-01Z-00-DX1,1,0.99980503,1
tumour/TCGA-SS-A7HO-01Z-00-DX1_17920_28672.jpg,TCGA-SS-A7HO,TCGA-SS-A7HO-01Z-00-DX1,1,0.9998944,1
tumour/TCGA-SS-A7HO-01Z-00-DX1_17920_29696.jpg,TCGA-SS-A7HO,TCGA-SS-A7HO-01Z-00-DX1,1,0.9998273,1
tumour/TCGA-SS-A7HO-01Z-00-DX1_17920_30720.jpg,TCGA-SS-A7HO,TCGA-SS-A7HO-01Z-00-DX1,1,0.9980888,1
tumour/TCGA-SS-A7HO-01Z-00-DX1_17920_31232.jpg,TCGA-SS-A7HO,TCGA-SS-A7HO-01Z-00-DX1,1,0.99927515,1
tumour/TCGA-SS-A7HO-01Z-00-DX1_17920_33280.jpg,TCGA-SS-A7HO,TCGA-SS-A7HO-01Z-00-DX1,1,0.99817467,1
tumour/TCGA-SS-A7HO-01Z-00-DX1_17920_33792.jpg,TCGA-SS-A7HO,TCGA-SS-A7HO-01Z-00-DX1,1,0.99495643,1
tumour/TCGA-SS-A7HO-01Z-00-DX1_17920_4608.jpg,TCGA-SS-A7HO,TCGA-SS-A7HO-01Z-00-DX1,1,0.9986965,1
tumour/TCGA-SS-A7HO-01Z-00-DX1_17920_5120.jpg,TCGA-SS-A7HO,TCGA-SS-A7HO-01Z-00-DX1,1,0.9968966,1
tumour/TCGA-SS-A7HO-01Z-00-DX1_17920_5632.jpg,TCGA-SS-A7HO,TCGA-SS-A7HO-01Z-00-DX1,1,0.99969673,1
tumour/TCGA-SS-A7HO-01Z-00-DX1_17920_6144.jpg,TCGA-SS-A7HO,TCGA-SS-A7HO-01Z-00-DX1,1,0.9993998,1
tumour/TCGA-SS-A7HO-01Z-00-DX1_17920_7680.jpg,TCGA-SS-A7HO,TCGA-SS-A7HO-01Z-00-DX1,1,0.99933594,1
tumour/TCGA-SS-A7HO-01Z-00-DX1_17920_8704.jpg,TCGA-SS-A7HO,TCGA-SS-A7HO-01Z-00-DX1,1,0.99987817,1
tumour/TCGA-SS-A7HO-01Z-00-DX1_17920_9216.jpg,TCGA-SS-A7HO,TCGA-SS-A7HO-01Z-00-DX1,1,0.9993962,1
tumour/TCGA-SS-A7HO-01Z-00-DX1_17920_9728.jpg,TCGA-SS-A7HO,TCGA-SS-A7HO-01Z-00-DX1,1,0.9994616,1
tumour/TCGA-SS-A7HO-01Z-00-DX1_18432_10240.jpg,TCGA-SS-A7HO,TCGA-SS-A7HO-01Z-00-DX1,1,0.99955493,1
tumour/TCGA-SS-A7HO-01Z-00-DX1_18432_10752.jpg,TCGA-SS-A7HO,TCGA-SS-A7HO-01Z-00-DX1,1,0.9994018,1
tumour/TCGA-SS-A7HO-01Z-00-DX1_18432_12288.jpg,TCGA-SS-A7HO,TCGA-SS-A7HO-01Z-00-DX1,1,0.9989999,1
tumour/TCGA-SS-A7HO-01Z-00-DX1_18432_12800.jpg,TCGA-SS-A7HO,TCGA-SS-A7HO-01Z-00-DX1,1,0.9997857,1
tumour/TCGA-SS-A7HO-01Z-00-DX1_18432_13312.jpg,TCGA-SS-A7HO,TCGA-SS-A7HO-01Z-00-DX1,1,0.9992847,1
tumour/TCGA-SS-A7HO-01Z-00-DX1_18432_13824.jpg,TCGA-SS-A7HO,TCGA-SS-A7HO-01Z-00-DX1,1,0.99886227,1
tumour/TCGA-SS-A7HO-01Z-00-DX1_18432_14336.jpg,TCGA-SS-A7HO,TCGA-SS-A7HO-01Z-00-DX1,1,0.99849534,1
tumour/TCGA-SS-A7HO-01Z-00-DX1_18432_14848.jpg,TCGA-SS-A7HO,TCGA-SS-A7HO-01Z-00-DX1,1,0.999428,1
tumour/TCGA-SS-A7HO-01Z-00-DX1_18432_16384.jpg,TCGA-SS-A7HO,TCGA-SS-A7HO-01Z-00-DX1,1,0.048695058,0
tumour/TCGA-SS-A7HO-01Z-00-DX1_18432_20992.jpg,TCGA-SS-A7HO,TCGA-SS-A7HO-01Z-00-DX1,1,0.9993086,1
tumour/TCGA-SS-A7HO-01Z-00-DX1_18432_21504.jpg,TCGA-SS-A7HO,TCGA-SS-A7HO-01Z-00-DX1,1,0.992249,1
tumour/TCGA-SS-A7HO-01Z-00-DX1_18432_22016.jpg,TCGA-SS-A7HO,TCGA-SS-A7HO-01Z-00-DX1,1,0.9995509,1
tumour/TCGA-SS-A7HO-01Z-00-DX1_18432_23040.jpg,TCGA-SS-A7HO,TCGA-SS-A7HO-01Z-00-DX1,1,0.99740785,1
tumour/TCGA-SS-A7HO-01Z-00-DX1_18432_23552.jpg,TCGA-SS-A7HO,TCGA-SS-A7HO-01Z-00-DX1,1,0.9978648,1
tumour/TCGA-SS-A7HO-01Z-00-DX1_18432_24064.jpg,TCGA-SS-A7HO,TCGA-SS-A7HO-01Z-00-DX1,1,0.9988863,1
tumour/TCGA-SS-A7HO-01Z-00-DX1_18432_24576.jpg,TCGA-SS-A7HO,TCGA-SS-A7HO-01Z-00-DX1,1,0.9998697,1
tumour/TCGA-SS-A7HO-01Z-00-DX1_18432_25088.jpg,TCGA-SS-A7HO,TCGA-SS-A7HO-01Z-00-DX1,1,0.999788,1
tumour/TCGA-SS-A7HO-01Z-00-DX1_18432_27136.jpg,TCGA-SS-A7HO,TCGA-SS-A7HO-01Z-00-DX1,1,0.9996532,1
tumour/TCGA-SS-A7HO-01Z-00-DX1_18432_28672.jpg,TCGA-SS-A7HO,TCGA-SS-A7HO-01Z-00-DX1,1,0.99985087,1
tumour/TCGA-SS-A7HO-01Z-00-DX1_18432_32256.jpg,TCGA-SS-A7HO,TCGA-SS-A7HO-01Z-00-DX1,1,0.99876034,1
tumour/TCGA-SS-A7HO-01Z-00-DX1_18432_32768.jpg,TCGA-SS-A7HO,TCGA-SS-A7HO-01Z-00-DX1,1,0.999724,1
tumour/TCGA-SS-A7HO-01Z-00-DX1_18432_33280.jpg,TCGA-SS-A7HO,TCGA-SS-A7HO-01Z-00-DX1,1,0.9997087,1
tumour/TCGA-SS-A7HO-01Z-00-DX1_18432_33792.jpg,TCGA-SS-A7HO,TCGA-SS-A7HO-01Z-00-DX1,1,0.99765885,1
tumour/TCGA-SS-A7HO-01Z-00-DX1_18432_4096.jpg,TCGA-SS-A7HO,TCGA-SS-A7HO-01Z-00-DX1,1,0.99807227,1
tumour/TCGA-SS-A7HO-01Z-00-DX1_18432_5632.jpg,TCGA-SS-A7HO,TCGA-SS-A7HO-01Z-00-DX1,1,0.996436,1
tumour/TCGA-SS-A7HO-01Z-00-DX1_18432_6656.jpg,TCGA-SS-A7HO,TCGA-SS-A7HO-01Z-00-DX1,1,0.99972993,1
tumour/TCGA-SS-A7HO-01Z-00-DX1_18432_8192.jpg,TCGA-SS-A7HO,TCGA-SS-A7HO-01Z-00-DX1,1,0.99997354,1
tumour/TCGA-SS-A7HO-01Z-00-DX1_18432_9216.jpg,TCGA-SS-A7HO,TCGA-SS-A7HO-01Z-00-DX1,1,0.99977595,1
tumour/TCGA-SS-A7HO-01Z-00-DX1_18432_9728.jpg,TCGA-SS-A7HO,TCGA-SS-A7HO-01Z-00-DX1,1,0.9998975,1
tumour/TCGA-SS-A7HO-01Z-00-DX1_18944_11264.jpg,TCGA-SS-A7HO,TCGA-SS-A7HO-01Z-00-DX1,1,0.9996437,1
tumour/TCGA-SS-A7HO-01Z-00-DX1_18944_11776.jpg,TCGA-SS-A7HO,TCGA-SS-A7HO-01Z-00-DX1,1,0.9875065,1
tumour/TCGA-SS-A7HO-01Z-00-DX1_18944_12288.jpg,TCGA-SS-A7HO,TCGA-SS-A7HO-01Z-00-DX1,1,0.99267757,1
tumour/TCGA-SS-A7HO-01Z-00-DX1_18944_14848.jpg,TCGA-SS-A7HO,TCGA-SS-A7HO-01Z-00-DX1,1,0.9990133,1
tumour/TCGA-SS-A7HO-01Z-00-DX1_18944_17408.jpg,TCGA-SS-A7HO,TCGA-SS-A7HO-01Z-00-DX1,1,0.99915075,1
tumour/TCGA-SS-A7HO-01Z-00-DX1_18944_20480.jpg,TCGA-SS-A7HO,TCGA-SS-A7HO-01Z-00-DX1,1,0.9999051,1
tumour/TCGA-SS-A7HO-01Z-00-DX1_18944_22016.jpg,TCGA-SS-A7HO,TCGA-SS-A7HO-01Z-00-DX1,1,0.9997677,1
tumour/TCGA-SS-A7HO-01Z-00-DX1_18944_22528.jpg,TCGA-SS-A7HO,TCGA-SS-A7HO-01Z-00-DX1,1,0.99976987,1
tumour/TCGA-SS-A7HO-01Z-00-DX1_18944_23040.jpg,TCGA-SS-A7HO,TCGA-SS-A7HO-01Z-00-DX1,1,0.99973696,1
tumour/TCGA-SS-A7HO-01Z-00-DX1_18944_24064.jpg,TCGA-SS-A7HO,TCGA-SS-A7HO-01Z-00-DX1,1,0.99996984,1
tumour/TCGA-SS-A7HO-01Z-00-DX1_18944_25600.jpg,TCGA-SS-A7HO,TCGA-SS-A7HO-01Z-00-DX1,1,0.9997396,1
tumour/TCGA-SS-A7HO-01Z-00-DX1_18944_26112.jpg,TCGA-SS-A7HO,TCGA-SS-A7HO-01Z-00-DX1,1,0.9991679,1
tumour/TCGA-SS-A7HO-01Z-00-DX1_18944_26624.jpg,TCGA-SS-A7HO,TCGA-SS-A7HO-01Z-00-DX1,1,0.9999465,1
tumour/TCGA-SS-A7HO-01Z-00-DX1_18944_27648.jpg,TCGA-SS-A7HO,TCGA-SS-A7HO-01Z-00-DX1,1,0.99762315,1
tumour/TCGA-SS-A7HO-01Z-00-DX1_18944_29184.jpg,TCGA-SS-A7HO,TCGA-SS-A7HO-01Z-00-DX1,1,0.99989355,1
tumour/TCGA-SS-A7HO-01Z-00-DX1_18944_31232.jpg,TCGA-SS-A7HO,TCGA-SS-A7HO-01Z-00-DX1,1,0.9997949,1
tumour/TCGA-SS-A7HO-01Z-00-DX1_18944_31744.jpg,TCGA-SS-A7HO,TCGA-SS-A7HO-01Z-00-DX1,1,0.9939865,1
tumour/TCGA-SS-A7HO-01Z-00-DX1_18944_32256.jpg,TCGA-SS-A7HO,TCGA-SS-A7HO-01Z-00-DX1,1,0.998343,1
tumour/TCGA-SS-A7HO-01Z-00-DX1_18944_32768.jpg,TCGA-SS-A7HO,TCGA-SS-A7HO-01Z-00-DX1,1,0.9996729,1
tumour/TCGA-SS-A7HO-01Z-00-DX1_18944_33792.jpg,TCGA-SS-A7HO,TCGA-SS-A7HO-01Z-00-DX1,1,0.999941,1
tumour/TCGA-SS-A7HO-01Z-00-DX1_18944_5120.jpg,TCGA-SS-A7HO,TCGA-SS-A7HO-01Z-00-DX1,1,0.99986184,1
tumour/TCGA-SS-A7HO-01Z-00-DX1_18944_5632.jpg,TCGA-SS-A7HO,TCGA-SS-A7HO-01Z-00-DX1,1,0.9999366,1
tumour/TCGA-SS-A7HO-01Z-00-DX1_18944_6656.jpg,TCGA-SS-A7HO,TCGA-SS-A7HO-01Z-00-DX1,1,0.98644155,1
tumour/TCGA-SS-A7HO-01Z-00-DX1_18944_7168.jpg,TCGA-SS-A7HO,TCGA-SS-A7HO-01Z-00-DX1,1,0.9995024,1
tumour/TCGA-SS-A7HO-01Z-00-DX1_18944_7680.jpg,TCGA-SS-A7HO,TCGA-SS-A7HO-01Z-00-DX1,1,0.9977302,1
tumour/TCGA-SS-A7HO-01Z-00-DX1_18944_9728.jpg,TCGA-SS-A7HO,TCGA-SS-A7HO-01Z-00-DX1,1,0.99996316,1
tumour/TCGA-SS-A7HO-01Z-00-DX1_19456_10240.jpg,TCGA-SS-A7HO,TCGA-SS-A7HO-01Z-00-DX1,1,0.9999583,1
tumour/TCGA-SS-A7HO-01Z-00-DX1_19456_10752.jpg,TCGA-SS-A7HO,TCGA-SS-A7HO-01Z-00-DX1,1,0.9996325,1
tumour/TCGA-SS-A7HO-01Z-00-DX1_19456_12288.jpg,TCGA-SS-A7HO,TCGA-SS-A7HO-01Z-00-DX1,1,0.99792624,1
tumour/TCGA-SS-A7HO-01Z-00-DX1_19456_12800.jpg,TCGA-SS-A7HO,TCGA-SS-A7HO-01Z-00-DX1,1,0.99594444,1
tumour/TCGA-SS-A7HO-01Z-00-DX1_19456_13312.jpg,TCGA-SS-A7HO,TCGA-SS-A7HO-01Z-00-DX1,1,0.99992037,1
tumour/TCGA-SS-A7HO-01Z-00-DX1_19456_16384.jpg,TCGA-SS-A7HO,TCGA-SS-A7HO-01Z-00-DX1,1,0.9992305,1
tumour/TCGA-SS-A7HO-01Z-00-DX1_19456_16896.jpg,TCGA-SS-A7HO,TCGA-SS-A7HO-01Z-00-DX1,1,0.9973659,1
tumour/TCGA-SS-A7HO-01Z-00-DX1_19456_17920.jpg,TCGA-SS-A7HO,TCGA-SS-A7HO-01Z-00-DX1,1,0.9999075,1
tumour/TCGA-SS-A7HO-01Z-00-DX1_19456_20480.jpg,TCGA-SS-A7HO,TCGA-SS-A7HO-01Z-00-DX1,1,0.9996891,1
tumour/TCGA-SS-A7HO-01Z-00-DX1_19456_20992.jpg,TCGA-SS-A7HO,TCGA-SS-A7HO-01Z-00-DX1,1,0.9996444,1
tumour/TCGA-SS-A7HO-01Z-00-DX1_19456_21504.jpg,TCGA-SS-A7HO,TCGA-SS-A7HO-01Z-00-DX1,1,0.99989736,1
tumour/TCGA-SS-A7HO-01Z-00-DX1_19456_22528.jpg,TCGA-SS-A7HO,TCGA-SS-A7HO-01Z-00-DX1,1,0.99992514,1
tumour/TCGA-SS-A7HO-01Z-00-DX1_19456_23040.jpg,TCGA-SS-A7HO,TCGA-SS-A7HO-01Z-00-DX1,1,0.9962578,1
tumour/TCGA-SS-A7HO-01Z-00-DX1_19456_23552.jpg,TCGA-SS-A7HO,TCGA-SS-A7HO-01Z-00-DX1,1,0.99996877,1
tumour/TCGA-SS-A7HO-01Z-00-DX1_19456_24064.jpg,TCGA-SS-A7HO,TCGA-SS-A7HO-01Z-00-DX1,1,0.9961695,1
tumour/TCGA-SS-A7HO-01Z-00-DX1_19456_25600.jpg,TCGA-SS-A7HO,TCGA-SS-A7HO-01Z-00-DX1,1,0.9983854,1
tumour/TCGA-SS-A7HO-01Z-00-DX1_19456_28160.jpg,TCGA-SS-A7HO,TCGA-SS-A7HO-01Z-00-DX1,1,0.9998161,1
tumour/TCGA-SS-A7HO-01Z-00-DX1_19456_29696.jpg,TCGA-SS-A7HO,TCGA-SS-A7HO-01Z-00-DX1,1,0.9994667,1
tumour/TCGA-SS-A7HO-01Z-00-DX1_19456_31232.jpg,TCGA-SS-A7HO,TCGA-SS-A7HO-01Z-00-DX1,1,0.9986436,1
tumour/TCGA-SS-A7HO-01Z-00-DX1_19456_33792.jpg,TCGA-SS-A7HO,TCGA-SS-A7HO-01Z-00-DX1,1,0.99997187,1
tumour/TCGA-SS-A7HO-01Z-00-DX1_19456_5120.jpg,TCGA-SS-A7HO,TCGA-SS-A7HO-01Z-00-DX1,1,0.9997404,1
tumour/TCGA-SS-A7HO-01Z-00-DX1_19456_5632.jpg,TCGA-SS-A7HO,TCGA-SS-A7HO-01Z-00-DX1,1,0.9993399,1
tumour/TCGA-SS-A7HO-01Z-00-DX1_19456_6144.jpg,TCGA-SS-A7HO,TCGA-SS-A7HO-01Z-00-DX1,1,0.99943334,1
tumour/TCGA-SS-A7HO-01Z-00-DX1_19456_6656.jpg,TCGA-SS-A7HO,TCGA-SS-A7HO-01Z-00-DX1,1,0.9939936,1
tumour/TCGA-SS-A7HO-01Z-00-DX1_19456_7168.jpg,TCGA-SS-A7HO,TCGA-SS-A7HO-01Z-00-DX1,1,0.98458475,1
tumour/TCGA-SS-A7HO-01Z-00-DX1_19456_7680.jpg,TCGA-SS-A7HO,TCGA-SS-A7HO-01Z-00-DX1,1,0.9828445,1
tumour/TCGA-SS-A7HO-01Z-00-DX1_19968_10240.jpg,TCGA-SS-A7HO,TCGA-SS-A7HO-01Z-00-DX1,1,0.9990736,1
tumour/TCGA-SS-A7HO-01Z-00-DX1_19968_10752.jpg,TCGA-SS-A7HO,TCGA-SS-A7HO-01Z-00-DX1,1,0.99890816,1
tumour/TCGA-SS-A7HO-01Z-00-DX1_19968_11264.jpg,TCGA-SS-A7HO,TCGA-SS-A7HO-01Z-00-DX1,1,0.9998976,1
tumour/TCGA-SS-A7HO-01Z-00-DX1_19968_12800.jpg,TCGA-SS-A7HO,TCGA-SS-A7HO-01Z-00-DX1,1,0.9993031,1
tumour/TCGA-SS-A7HO-01Z-00-DX1_19968_13824.jpg,TCGA-SS-A7HO,TCGA-SS-A7HO-01Z-00-DX1,1,0.9994118,1
tumour/TCGA-SS-A7HO-01Z-00-DX1_19968_15360.jpg,TCGA-SS-A7HO,TCGA-SS-A7HO-01Z-00-DX1,1,0.9792356,1
tumour/TCGA-SS-A7HO-01Z-00-DX1_19968_17920.jpg,TCGA-SS-A7HO,TCGA-SS-A7HO-01Z-00-DX1,1,0.999887,1
tumour/TCGA-SS-A7HO-01Z-00-DX1_19968_26624.jpg,TCGA-SS-A7HO,TCGA-SS-A7HO-01Z-00-DX1,1,0.9983303,1
tumour/TCGA-SS-A7HO-01Z-00-DX1_19968_27648.jpg,TCGA-SS-A7HO,TCGA-SS-A7HO-01Z-00-DX1,1,0.9998683,1
tumour/TCGA-SS-A7HO-01Z-00-DX1_19968_29184.jpg,TCGA-SS-A7HO,TCGA-SS-A7HO-01Z-00-DX1,1,0.9985311,1
tumour/TCGA-SS-A7HO-01Z-00-DX1_19968_30208.jpg,TCGA-SS-A7HO,TCGA-SS-A7HO-01Z-00-DX1,1,0.99331164,1
tumour/TCGA-SS-A7HO-01Z-00-DX1_19968_31232.jpg,TCGA-SS-A7HO,TCGA-SS-A7HO-01Z-00-DX1,1,0.9997737,1
tumour/TCGA-SS-A7HO-01Z-00-DX1_19968_32256.jpg,TCGA-SS-A7HO,TCGA-SS-A7HO-01Z-00-DX1,1,0.9997379,1
tumour/TCGA-SS-A7HO-01Z-00-DX1_19968_33280.jpg,TCGA-SS-A7HO,TCGA-SS-A7HO-01Z-00-DX1,1,0.99994874,1
tumour/TCGA-SS-A7HO-01Z-00-DX1_19968_33792.jpg,TCGA-SS-A7HO,TCGA-SS-A7HO-01Z-00-DX1,1,0.99955755,1
tumour/TCGA-SS-A7HO-01Z-00-DX1_19968_34304.jpg,TCGA-SS-A7HO,TCGA-SS-A7HO-01Z-00-DX1,1,0.99992454,1
tumour/TCGA-SS-A7HO-01Z-00-DX1_19968_5120.jpg,TCGA-SS-A7HO,TCGA-SS-A7HO-01Z-00-DX1,1,0.9991829,1
tumour/TCGA-SS-A7HO-01Z-00-DX1_19968_5632.jpg,TCGA-SS-A7HO,TCGA-SS-A7HO-01Z-00-DX1,1,0.9996706,1
tumour/TCGA-SS-A7HO-01Z-00-DX1_19968_6144.jpg,TCGA-SS-A7HO,TCGA-SS-A7HO-01Z-00-DX1,1,0.9997813,1
tumour/TCGA-SS-A7HO-01Z-00-DX1_19968_8704.jpg,TCGA-SS-A7HO,TCGA-SS-A7HO-01Z-00-DX1,1,0.99943084,1
tumour/TCGA-SS-A7HO-01Z-00-DX1_20480_10240.jpg,TCGA-SS-A7HO,TCGA-SS-A7HO-01Z-00-DX1,1,0.9999188,1
tumour/TCGA-SS-A7HO-01Z-00-DX1_20480_15360.jpg,TCGA-SS-A7HO,TCGA-SS-A7HO-01Z-00-DX1,1,0.99758506,1
tumour/TCGA-SS-A7HO-01Z-00-DX1_20480_15872.jpg,TCGA-SS-A7HO,TCGA-SS-A7HO-01Z-00-DX1,1,0.9992606,1
tumour/TCGA-SS-A7HO-01Z-00-DX1_20480_17920.jpg,TCGA-SS-A7HO,TCGA-SS-A7HO-01Z-00-DX1,1,0.9969837,1
tumour/TCGA-SS-A7HO-01Z-00-DX1_20480_18432.jpg,TCGA-SS-A7HO,TCGA-SS-A7HO-01Z-00-DX1,1,0.9798921,1
tumour/TCGA-SS-A7HO-01Z-00-DX1_20480_20480.jpg,TCGA-SS-A7HO,TCGA-SS-A7HO-01Z-00-DX1,1,0.99908483,1
tumour/TCGA-SS-A7HO-01Z-00-DX1_20480_22016.jpg,TCGA-SS-A7HO,TCGA-SS-A7HO-01Z-00-DX1,1,0.9997098,1
tumour/TCGA-SS-A7HO-01Z-00-DX1_20480_23552.jpg,TCGA-SS-A7HO,TCGA-SS-A7HO-01Z-00-DX1,1,0.9995833,1
tumour/TCGA-SS-A7HO-01Z-00-DX1_20480_24064.jpg,TCGA-SS-A7HO,TCGA-SS-A7HO-01Z-00-DX1,1,0.9989605,1
tumour/TCGA-SS-A7HO-01Z-00-DX1_20480_25088.jpg,TCGA-SS-A7HO,TCGA-SS-A7HO-01Z-00-DX1,1,0.9985549,1
tumour/TCGA-SS-A7HO-01Z-00-DX1_20480_25600.jpg,TCGA-SS-A7HO,TCGA-SS-A7HO-01Z-00-DX1,1,0.9992446,1
tumour/TCGA-SS-A7HO-01Z-00-DX1_20480_27136.jpg,TCGA-SS-A7HO,TCGA-SS-A7HO-01Z-00-DX1,1,0.999843,1
tumour/TCGA-SS-A7HO-01Z-00-DX1_20480_27648.jpg,TCGA-SS-A7HO,TCGA-SS-A7HO-01Z-00-DX1,1,0.99970514,1
tumour/TCGA-SS-A7HO-01Z-00-DX1_20480_28160.jpg,TCGA-SS-A7HO,TCGA-SS-A7HO-01Z-00-DX1,1,0.99992204,1
tumour/TCGA-SS-A7HO-01Z-00-DX1_20480_29184.jpg,TCGA-SS-A7HO,TCGA-SS-A7HO-01Z-00-DX1,1,0.99954224,1
tumour/TCGA-SS-A7HO-01Z-00-DX1_20480_31744.jpg,TCGA-SS-A7HO,TCGA-SS-A7HO-01Z-00-DX1,1,0.9999697,1
tumour/TCGA-SS-A7HO-01Z-00-DX1_20480_32768.jpg,TCGA-SS-A7HO,TCGA-SS-A7HO-01Z-00-DX1,1,0.9999696,1
tumour/TCGA-SS-A7HO-01Z-00-DX1_20480_33280.jpg,TCGA-SS-A7HO,TCGA-SS-A7HO-01Z-00-DX1,1,0.9999778,1
tumour/TCGA-SS-A7HO-01Z-00-DX1_20480_34304.jpg,TCGA-SS-A7HO,TCGA-SS-A7HO-01Z-00-DX1,1,0.9996991,1
tumour/TCGA-SS-A7HO-01Z-00-DX1_20480_4608.jpg,TCGA-SS-A7HO,TCGA-SS-A7HO-01Z-00-DX1,1,0.9999542,1
tumour/TCGA-SS-A7HO-01Z-00-DX1_20480_5632.jpg,TCGA-SS-A7HO,TCGA-SS-A7HO-01Z-00-DX1,1,0.99948764,1
tumour/TCGA-SS-A7HO-01Z-00-DX1_20480_6144.jpg,TCGA-SS-A7HO,TCGA-SS-A7HO-01Z-00-DX1,1,0.99819,1
tumour/TCGA-SS-A7HO-01Z-00-DX1_20480_7168.jpg,TCGA-SS-A7HO,TCGA-SS-A7HO-01Z-00-DX1,1,0.990036,1
tumour/TCGA-SS-A7HO-01Z-00-DX1_20480_7680.jpg,TCGA-SS-A7HO,TCGA-SS-A7HO-01Z-00-DX1,1,0.994962,1
tumour/TCGA-SS-A7HO-01Z-00-DX1_20480_8192.jpg,TCGA-SS-A7HO,TCGA-SS-A7HO-01Z-00-DX1,1,0.9998155,1
tumour/TCGA-SS-A7HO-01Z-00-DX1_20480_9728.jpg,TCGA-SS-A7HO,TCGA-SS-A7HO-01Z-00-DX1,1,0.99924856,1
tumour/TCGA-SS-A7HO-01Z-00-DX1_20992_10240.jpg,TCGA-SS-A7HO,TCGA-SS-A7HO-01Z-00-DX1,1,0.9999145,1
tumour/TCGA-SS-A7HO-01Z-00-DX1_20992_11264.jpg,TCGA-SS-A7HO,TCGA-SS-A7HO-01Z-00-DX1,1,0.98982835,1
tumour/TCGA-SS-A7HO-01Z-00-DX1_20992_14848.jpg,TCGA-SS-A7HO,TCGA-SS-A7HO-01Z-00-DX1,1,0.99935406,1
tumour/TCGA-SS-A7HO-01Z-00-DX1_20992_15360.jpg,TCGA-SS-A7HO,TCGA-SS-A7HO-01Z-00-DX1,1,0.99991906,1
tumour/TCGA-SS-A7HO-01Z-00-DX1_20992_15872.jpg,TCGA-SS-A7HO,TCGA-SS-A7HO-01Z-00-DX1,1,0.998755,1
tumour/TCGA-SS-A7HO-01Z-00-DX1_20992_17408.jpg,TCGA-SS-A7HO,TCGA-SS-A7HO-01Z-00-DX1,1,0.9945123,1
tumour/TCGA-SS-A7HO-01Z-00-DX1_20992_18432.jpg,TCGA-SS-A7HO,TCGA-SS-A7HO-01Z-00-DX1,1,0.99983144,1
tumour/TCGA-SS-A7HO-01Z-00-DX1_20992_19968.jpg,TCGA-SS-A7HO,TCGA-SS-A7HO-01Z-00-DX1,1,0.9852064,1
tumour/TCGA-SS-A7HO-01Z-00-DX1_20992_20480.jpg,TCGA-SS-A7HO,TCGA-SS-A7HO-01Z-00-DX1,1,0.9999063,1
tumour/TCGA-SS-A7HO-01Z-00-DX1_20992_20992.jpg,TCGA-SS-A7HO,TCGA-SS-A7HO-01Z-00-DX1,1,0.99918586,1
tumour/TCGA-SS-A7HO-01Z-00-DX1_20992_24064.jpg,TCGA-SS-A7HO,TCGA-SS-A7HO-01Z-00-DX1,1,0.9978288,1
tumour/TCGA-SS-A7HO-01Z-00-DX1_20992_25600.jpg,TCGA-SS-A7HO,TCGA-SS-A7HO-01Z-00-DX1,1,0.9978473,1
tumour/TCGA-SS-A7HO-01Z-00-DX1_20992_26112.jpg,TCGA-SS-A7HO,TCGA-SS-A7HO-01Z-00-DX1,1,0.99934226,1
tumour/TCGA-SS-A7HO-01Z-00-DX1_20992_28672.jpg,TCGA-SS-A7HO,TCGA-SS-A7HO-01Z-00-DX1,1,0.99950016,1
tumour/TCGA-SS-A7HO-01Z-00-DX1_20992_29696.jpg,TCGA-SS-A7HO,TCGA-SS-A7HO-01Z-00-DX1,1,0.999734,1
tumour/TCGA-SS-A7HO-01Z-00-DX1_20992_31744.jpg,TCGA-SS-A7HO,TCGA-SS-A7HO-01Z-00-DX1,1,0.9998128,1
tumour/TCGA-SS-A7HO-01Z-00-DX1_20992_32768.jpg,TCGA-SS-A7HO,TCGA-SS-A7HO-01Z-00-DX1,1,0.999913,1
tumour/TCGA-SS-A7HO-01Z-00-DX1_20992_33280.jpg,TCGA-SS-A7HO,TCGA-SS-A7HO-01Z-00-DX1,1,0.9999527,1
tumour/TCGA-SS-A7HO-01Z-00-DX1_20992_33792.jpg,TCGA-SS-A7HO,TCGA-SS-A7HO-01Z-00-DX1,1,0.9998604,1
tumour/TCGA-SS-A7HO-01Z-00-DX1_20992_34816.jpg,TCGA-SS-A7HO,TCGA-SS-A7HO-01Z-00-DX1,1,0.9999323,1
tumour/TCGA-SS-A7HO-01Z-00-DX1_20992_7680.jpg,TCGA-SS-A7HO,TCGA-SS-A7HO-01Z-00-DX1,1,0.99995255,1
tumour/TCGA-SS-A7HO-01Z-00-DX1_20992_8192.jpg,TCGA-SS-A7HO,TCGA-SS-A7HO-01Z-00-DX1,1,0.99723464,1
tumour/TCGA-SS-A7HO-01Z-00-DX1_20992_8704.jpg,TCGA-SS-A7HO,TCGA-SS-A7HO-01Z-00-DX1,1,0.9979024,1
tumour/TCGA-SS-A7HO-01Z-00-DX1_20992_9216.jpg,TCGA-SS-A7HO,TCGA-SS-A7HO-01Z-00-DX1,1,0.9984048,1
tumour/TCGA-SS-A7HO-01Z-00-DX1_21504_12288.jpg,TCGA-SS-A7HO,TCGA-SS-A7HO-01Z-00-DX1,1,0.9985416,1
tumour/TCGA-SS-A7HO-01Z-00-DX1_21504_14336.jpg,TCGA-SS-A7HO,TCGA-SS-A7HO-01Z-00-DX1,1,0.9996081,1
tumour/TCGA-SS-A7HO-01Z-00-DX1_21504_14848.jpg,TCGA-SS-A7HO,TCGA-SS-A7HO-01Z-00-DX1,1,0.998635,1
tumour/TCGA-SS-A7HO-01Z-00-DX1_21504_15360.jpg,TCGA-SS-A7HO,TCGA-SS-A7HO-01Z-00-DX1,1,0.99992347,1
tumour/TCGA-SS-A7HO-01Z-00-DX1_21504_15872.jpg,TCGA-SS-A7HO,TCGA-SS-A7HO-01Z-00-DX1,1,0.99980754,1
tumour/TCGA-SS-A7HO-01Z-00-DX1_21504_16384.jpg,TCGA-SS-A7HO,TCGA-SS-A7HO-01Z-00-DX1,1,0.99947137,1
tumour/TCGA-SS-A7HO-01Z-00-DX1_21504_16896.jpg,TCGA-SS-A7HO,TCGA-SS-A7HO-01Z-00-DX1,1,0.99984324,1
tumour/TCGA-SS-A7HO-01Z-00-DX1_21504_17920.jpg,TCGA-SS-A7HO,TCGA-SS-A7HO-01Z-00-DX1,1,0.9988211,1
tumour/TCGA-SS-A7HO-01Z-00-DX1_21504_18432.jpg,TCGA-SS-A7HO,TCGA-SS-A7HO-01Z-00-DX1,1,0.99659795,1
tumour/TCGA-SS-A7HO-01Z-00-DX1_21504_18944.jpg,TCGA-SS-A7HO,TCGA-SS-A7HO-01Z-00-DX1,1,0.9992173,1
tumour/TCGA-SS-A7HO-01Z-00-DX1_21504_19968.jpg,TCGA-SS-A7HO,TCGA-SS-A7HO-01Z-00-DX1,1,0.9987943,1
tumour/TCGA-SS-A7HO-01Z-00-DX1_21504_20480.jpg,TCGA-SS-A7HO,TCGA-SS-A7HO-01Z-00-DX1,1,0.9990337,1
tumour/TCGA-SS-A7HO-01Z-00-DX1_21504_20992.jpg,TCGA-SS-A7HO,TCGA-SS-A7HO-01Z-00-DX1,1,0.9996244,1
tumour/TCGA-SS-A7HO-01Z-00-DX1_21504_22016.jpg,TCGA-SS-A7HO,TCGA-SS-A7HO-01Z-00-DX1,1,0.9994141,1
tumour/TCGA-SS-A7HO-01Z-00-DX1_21504_24064.jpg,TCGA-SS-A7HO,TCGA-SS-A7HO-01Z-00-DX1,1,0.9999541,1
tumour/TCGA-SS-A7HO-01Z-00-DX1_21504_25088.jpg,TCGA-SS-A7HO,TCGA-SS-A7HO-01Z-00-DX1,1,0.9996604,1
tumour/TCGA-SS-A7HO-01Z-00-DX1_21504_25600.jpg,TCGA-SS-A7HO,TCGA-SS-A7HO-01Z-00-DX1,1,0.9987136,1
tumour/TCGA-SS-A7HO-01Z-00-DX1_21504_26624.jpg,TCGA-SS-A7HO,TCGA-SS-A7HO-01Z-00-DX1,1,0.99995375,1
tumour/TCGA-SS-A7HO-01Z-00-DX1_21504_28160.jpg,TCGA-SS-A7HO,TCGA-SS-A7HO-01Z-00-DX1,1,0.9991887,1
tumour/TCGA-SS-A7HO-01Z-00-DX1_21504_29184.jpg,TCGA-SS-A7HO,TCGA-SS-A7HO-01Z-00-DX1,1,0.99965084,1
tumour/TCGA-SS-A7HO-01Z-00-DX1_21504_30208.jpg,TCGA-SS-A7HO,TCGA-SS-A7HO-01Z-00-DX1,1,0.99708456,1
tumour/TCGA-SS-A7HO-01Z-00-DX1_21504_31232.jpg,TCGA-SS-A7HO,TCGA-SS-A7HO-01Z-00-DX1,1,0.99997723,1
tumour/TCGA-SS-A7HO-01Z-00-DX1_21504_31744.jpg,TCGA-SS-A7HO,TCGA-SS-A7HO-01Z-00-DX1,1,0.99999094,1
tumour/TCGA-SS-A7HO-01Z-00-DX1_21504_32256.jpg,TCGA-SS-A7HO,TCGA-SS-A7HO-01Z-00-DX1,1,0.99984014,1
tumour/TCGA-SS-A7HO-01Z-00-DX1_21504_32768.jpg,TCGA-SS-A7HO,TCGA-SS-A7HO-01Z-00-DX1,1,0.9995159,1
tumour/TCGA-SS-A7HO-01Z-00-DX1_21504_33280.jpg,TCGA-SS-A7HO,TCGA-SS-A7HO-01Z-00-DX1,1,0.99934286,1
tumour/TCGA-SS-A7HO-01Z-00-DX1_21504_34304.jpg,TCGA-SS-A7HO,TCGA-SS-A7HO-01Z-00-DX1,1,0.9998202,1
tumour/TCGA-SS-A7HO-01Z-00-DX1_21504_35328.jpg,TCGA-SS-A7HO,TCGA-SS-A7HO-01Z-00-DX1,1,0.99977154,1
tumour/TCGA-SS-A7HO-01Z-00-DX1_22016_12288.jpg,TCGA-SS-A7HO,TCGA-SS-A7HO-01Z-00-DX1,1,0.99891317,1
tumour/TCGA-SS-A7HO-01Z-00-DX1_22016_12800.jpg,TCGA-SS-A7HO,TCGA-SS-A7HO-01Z-00-DX1,1,0.99991775,1
tumour/TCGA-SS-A7HO-01Z-00-DX1_22016_13312.jpg,TCGA-SS-A7HO,TCGA-SS-A7HO-01Z-00-DX1,1,0.99997985,1
tumour/TCGA-SS-A7HO-01Z-00-DX1_22016_13824.jpg,TCGA-SS-A7HO,TCGA-SS-A7HO-01Z-00-DX1,1,0.99986756,1
tumour/TCGA-SS-A7HO-01Z-00-DX1_22016_15360.jpg,TCGA-SS-A7HO,TCGA-SS-A7HO-01Z-00-DX1,1,0.99964476,1
tumour/TCGA-SS-A7HO-01Z-00-DX1_22016_15872.jpg,TCGA-SS-A7HO,TCGA-SS-A7HO-01Z-00-DX1,1,0.99979585,1
tumour/TCGA-SS-A7HO-01Z-00-DX1_22016_16384.jpg,TCGA-SS-A7HO,TCGA-SS-A7HO-01Z-00-DX1,1,0.99995065,1
tumour/TCGA-SS-A7HO-01Z-00-DX1_22016_19968.jpg,TCGA-SS-A7HO,TCGA-SS-A7HO-01Z-00-DX1,1,0.99950886,1
tumour/TCGA-SS-A7HO-01Z-00-DX1_22016_20480.jpg,TCGA-SS-A7HO,TCGA-SS-A7HO-01Z-00-DX1,1,0.99878424,1
tumour/TCGA-SS-A7HO-01Z-00-DX1_22016_20992.jpg,TCGA-SS-A7HO,TCGA-SS-A7HO-01Z-00-DX1,1,0.9971584,1
tumour/TCGA-SS-A7HO-01Z-00-DX1_22016_21504.jpg,TCGA-SS-A7HO,TCGA-SS-A7HO-01Z-00-DX1,1,0.99962986,1
tumour/TCGA-SS-A7HO-01Z-00-DX1_22016_22016.jpg,TCGA-SS-A7HO,TCGA-SS-A7HO-01Z-00-DX1,1,0.9993556,1
tumour/TCGA-SS-A7HO-01Z-00-DX1_22016_23040.jpg,TCGA-SS-A7HO,TCGA-SS-A7HO-01Z-00-DX1,1,0.99623543,1
tumour/TCGA-SS-A7HO-01Z-00-DX1_22016_24576.jpg,TCGA-SS-A7HO,TCGA-SS-A7HO-01Z-00-DX1,1,0.9999174,1
tumour/TCGA-SS-A7HO-01Z-00-DX1_22016_25088.jpg,TCGA-SS-A7HO,TCGA-SS-A7HO-01Z-00-DX1,1,0.99989223,1
tumour/TCGA-SS-A7HO-01Z-00-DX1_22016_26624.jpg,TCGA-SS-A7HO,TCGA-SS-A7HO-01Z-00-DX1,1,0.9957491,1
tumour/TCGA-SS-A7HO-01Z-00-DX1_22016_27648.jpg,TCGA-SS-A7HO,TCGA-SS-A7HO-01Z-00-DX1,1,0.9999641,1
tumour/TCGA-SS-A7HO-01Z-00-DX1_22016_28160.jpg,TCGA-SS-A7HO,TCGA-SS-A7HO-01Z-00-DX1,1,0.99971575,1
tumour/TCGA-SS-A7HO-01Z-00-DX1_22016_28672.jpg,TCGA-SS-A7HO,TCGA-SS-A7HO-01Z-00-DX1,1,0.999923,1
tumour/TCGA-SS-A7HO-01Z-00-DX1_22016_29184.jpg,TCGA-SS-A7HO,TCGA-SS-A7HO-01Z-00-DX1,1,0.9993125,1
tumour/TCGA-SS-A7HO-01Z-00-DX1_22016_30720.jpg,TCGA-SS-A7HO,TCGA-SS-A7HO-01Z-00-DX1,1,0.9990777,1
tumour/TCGA-SS-A7HO-01Z-00-DX1_22016_31232.jpg,TCGA-SS-A7HO,TCGA-SS-A7HO-01Z-00-DX1,1,0.9999089,1
tumour/TCGA-SS-A7HO-01Z-00-DX1_22016_32256.jpg,TCGA-SS-A7HO,TCGA-SS-A7HO-01Z-00-DX1,1,0.99955446,1
tumour/TCGA-SS-A7HO-01Z-00-DX1_22016_32768.jpg,TCGA-SS-A7HO,TCGA-SS-A7HO-01Z-00-DX1,1,0.9998227,1
tumour/TCGA-SS-A7HO-01Z-00-DX1_22016_34816.jpg,TCGA-SS-A7HO,TCGA-SS-A7HO-01Z-00-DX1,1,0.99994457,1
tumour/TCGA-SS-A7HO-01Z-00-DX1_22016_35328.jpg,TCGA-SS-A7HO,TCGA-SS-A7HO-01Z-00-DX1,1,0.9997255,1
tumour/TCGA-SS-A7HO-01Z-00-DX1_22528_10752.jpg,TCGA-SS-A7HO,TCGA-SS-A7HO-01Z-00-DX1,1,0.98253536,1
tumour/TCGA-SS-A7HO-01Z-00-DX1_22528_11776.jpg,TCGA-SS-A7HO,TCGA-SS-A7HO-01Z-00-DX1,1,0.9996928,1
tumour/TCGA-SS-A7HO-01Z-00-DX1_22528_12288.jpg,TCGA-SS-A7HO,TCGA-SS-A7HO-01Z-00-DX1,1,0.9998416,1
tumour/TCGA-SS-A7HO-01Z-00-DX1_22528_13824.jpg,TCGA-SS-A7HO,TCGA-SS-A7HO-01Z-00-DX1,1,0.9996977,1
tumour/TCGA-SS-A7HO-01Z-00-DX1_22528_14848.jpg,TCGA-SS-A7HO,TCGA-SS-A7HO-01Z-00-DX1,1,0.99866545,1
tumour/TCGA-SS-A7HO-01Z-00-DX1_22528_15360.jpg,TCGA-SS-A7HO,TCGA-SS-A7HO-01Z-00-DX1,1,0.99968755,1
tumour/TCGA-SS-A7HO-01Z-00-DX1_22528_15872.jpg,TCGA-SS-A7HO,TCGA-SS-A7HO-01Z-00-DX1,1,0.9999485,1
tumour/TCGA-SS-A7HO-01Z-00-DX1_22528_16384.jpg,TCGA-SS-A7HO,TCGA-SS-A7HO-01Z-00-DX1,1,0.99982834,1
tumour/TCGA-SS-A7HO-01Z-00-DX1_22528_16896.jpg,TCGA-SS-A7HO,TCGA-SS-A7HO-01Z-00-DX1,1,0.9999634,1
tumour/TCGA-SS-A7HO-01Z-00-DX1_22528_17408.jpg,TCGA-SS-A7HO,TCGA-SS-A7HO-01Z-00-DX1,1,0.99998546,1
tumour/TCGA-SS-A7HO-01Z-00-DX1_22528_18432.jpg,TCGA-SS-A7HO,TCGA-SS-A7HO-01Z-00-DX1,1,0.9995158,1
tumour/TCGA-SS-A7HO-01Z-00-DX1_22528_19968.jpg,TCGA-SS-A7HO,TCGA-SS-A7HO-01Z-00-DX1,1,0.99492764,1
tumour/TCGA-SS-A7HO-01Z-00-DX1_22528_22016.jpg,TCGA-SS-A7HO,TCGA-SS-A7HO-01Z-00-DX1,1,0.9997147,1
tumour/TCGA-SS-A7HO-01Z-00-DX1_22528_23040.jpg,TCGA-SS-A7HO,TCGA-SS-A7HO-01Z-00-DX1,1,0.9999864,1
tumour/TCGA-SS-A7HO-01Z-00-DX1_22528_23552.jpg,TCGA-SS-A7HO,TCGA-SS-A7HO-01Z-00-DX1,1,0.9997427,1
tumour/TCGA-SS-A7HO-01Z-00-DX1_22528_25088.jpg,TCGA-SS-A7HO,TCGA-SS-A7HO-01Z-00-DX1,1,0.9995146,1
tumour/TCGA-SS-A7HO-01Z-00-DX1_22528_25600.jpg,TCGA-SS-A7HO,TCGA-SS-A7HO-01Z-00-DX1,1,0.99827754,1
tumour/TCGA-SS-A7HO-01Z-00-DX1_22528_26112.jpg,TCGA-SS-A7HO,TCGA-SS-A7HO-01Z-00-DX1,1,0.9991899,1
tumour/TCGA-SS-A7HO-01Z-00-DX1_22528_28160.jpg,TCGA-SS-A7HO,TCGA-SS-A7HO-01Z-00-DX1,1,0.9971642,1
tumour/TCGA-SS-A7HO-01Z-00-DX1_22528_31744.jpg,TCGA-SS-A7HO,TCGA-SS-A7HO-01Z-00-DX1,1,0.9999316,1
tumour/TCGA-SS-A7HO-01Z-00-DX1_22528_32256.jpg,TCGA-SS-A7HO,TCGA-SS-A7HO-01Z-00-DX1,1,0.9991535,1
tumour/TCGA-SS-A7HO-01Z-00-DX1_23040_10752.jpg,TCGA-SS-A7HO,TCGA-SS-A7HO-01Z-00-DX1,1,0.9988398,1
tumour/TCGA-SS-A7HO-01Z-00-DX1_23040_13312.jpg,TCGA-SS-A7HO,TCGA-SS-A7HO-01Z-00-DX1,1,0.9998441,1
tumour/TCGA-SS-A7HO-01Z-00-DX1_23040_13824.jpg,TCGA-SS-A7HO,TCGA-SS-A7HO-01Z-00-DX1,1,0.99878234,1
tumour/TCGA-SS-A7HO-01Z-00-DX1_23040_14336.jpg,TCGA-SS-A7HO,TCGA-SS-A7HO-01Z-00-DX1,1,0.9999666,1
tumour/TCGA-SS-A7HO-01Z-00-DX1_23040_14848.jpg,TCGA-SS-A7HO,TCGA-SS-A7HO-01Z-00-DX1,1,0.9989642,1
tumour/TCGA-SS-A7HO-01Z-00-DX1_23040_15872.jpg,TCGA-SS-A7HO,TCGA-SS-A7HO-01Z-00-DX1,1,0.99852604,1
tumour/TCGA-SS-A7HO-01Z-00-DX1_23040_16896.jpg,TCGA-SS-A7HO,TCGA-SS-A7HO-01Z-00-DX1,1,0.9995571,1
tumour/TCGA-SS-A7HO-01Z-00-DX1_23040_17408.jpg,TCGA-SS-A7HO,TCGA-SS-A7HO-01Z-00-DX1,1,0.99996054,1
tumour/TCGA-SS-A7HO-01Z-00-DX1_23040_18432.jpg,TCGA-SS-A7HO,TCGA-SS-A7HO-01Z-00-DX1,1,0.9944976,1
tumour/TCGA-SS-A7HO-01Z-00-DX1_23040_18944.jpg,TCGA-SS-A7HO,TCGA-SS-A7HO-01Z-00-DX1,1,0.9992052,1
tumour/TCGA-SS-A7HO-01Z-00-DX1_23040_19968.jpg,TCGA-SS-A7HO,TCGA-SS-A7HO-01Z-00-DX1,1,0.9961138,1
tumour/TCGA-SS-A7HO-01Z-00-DX1_23040_21504.jpg,TCGA-SS-A7HO,TCGA-SS-A7HO-01Z-00-DX1,1,0.99544,1
tumour/TCGA-SS-A7HO-01Z-00-DX1_23040_23040.jpg,TCGA-SS-A7HO,TCGA-SS-A7HO-01Z-00-DX1,1,0.99994123,1
tumour/TCGA-SS-A7HO-01Z-00-DX1_23040_25600.jpg,TCGA-SS-A7HO,TCGA-SS-A7HO-01Z-00-DX1,1,0.999816,1
tumour/TCGA-SS-A7HO-01Z-00-DX1_23040_27136.jpg,TCGA-SS-A7HO,TCGA-SS-A7HO-01Z-00-DX1,1,0.9998934,1
tumour/TCGA-SS-A7HO-01Z-00-DX1_23040_27648.jpg,TCGA-SS-A7HO,TCGA-SS-A7HO-01Z-00-DX1,1,0.9997956,1
tumour/TCGA-SS-A7HO-01Z-00-DX1_23040_29184.jpg,TCGA-SS-A7HO,TCGA-SS-A7HO-01Z-00-DX1,1,0.99996305,1
tumour/TCGA-SS-A7HO-01Z-00-DX1_23040_29696.jpg,TCGA-SS-A7HO,TCGA-SS-A7HO-01Z-00-DX1,1,0.9992343,1
tumour/TCGA-SS-A7HO-01Z-00-DX1_23040_30720.jpg,TCGA-SS-A7HO,TCGA-SS-A7HO-01Z-00-DX1,1,0.9990571,1
tumour/TCGA-SS-A7HO-01Z-00-DX1_23040_31232.jpg,TCGA-SS-A7HO,TCGA-SS-A7HO-01Z-00-DX1,1,0.9996306,1
tumour/TCGA-SS-A7HO-01Z-00-DX1_23040_32768.jpg,TCGA-SS-A7HO,TCGA-SS-A7HO-01Z-00-DX1,1,0.9999645,1
tumour/TCGA-SS-A7HO-01Z-00-DX1_23040_33280.jpg,TCGA-SS-A7HO,TCGA-SS-A7HO-01Z-00-DX1,1,0.9999987,1
tumour/TCGA-SS-A7HO-01Z-00-DX1_23552_11264.jpg,TCGA-SS-A7HO,TCGA-SS-A7HO-01Z-00-DX1,1,0.99992096,1
tumour/TCGA-SS-A7HO-01Z-00-DX1_23552_12288.jpg,TCGA-SS-A7HO,TCGA-SS-A7HO-01Z-00-DX1,1,0.9982697,1
tumour/TCGA-SS-A7HO-01Z-00-DX1_23552_12800.jpg,TCGA-SS-A7HO,TCGA-SS-A7HO-01Z-00-DX1,1,0.9998266,1
tumour/TCGA-SS-A7HO-01Z-00-DX1_23552_13312.jpg,TCGA-SS-A7HO,TCGA-SS-A7HO-01Z-00-DX1,1,0.9985941,1
tumour/TCGA-SS-A7HO-01Z-00-DX1_23552_13824.jpg,TCGA-SS-A7HO,TCGA-SS-A7HO-01Z-00-DX1,1,0.9998628,1
tumour/TCGA-SS-A7HO-01Z-00-DX1_23552_15360.jpg,TCGA-SS-A7HO,TCGA-SS-A7HO-01Z-00-DX1,1,0.9996362,1
tumour/TCGA-SS-A7HO-01Z-00-DX1_23552_15872.jpg,TCGA-SS-A7HO,TCGA-SS-A7HO-01Z-00-DX1,1,0.99979585,1
tumour/TCGA-SS-A7HO-01Z-00-DX1_23552_17920.jpg,TCGA-SS-A7HO,TCGA-SS-A7HO-01Z-00-DX1,1,0.99963605,1
tumour/TCGA-SS-A7HO-01Z-00-DX1_23552_18432.jpg,TCGA-SS-A7HO,TCGA-SS-A7HO-01Z-00-DX1,1,0.99644715,1
tumour/TCGA-SS-A7HO-01Z-00-DX1_23552_22528.jpg,TCGA-SS-A7HO,TCGA-SS-A7HO-01Z-00-DX1,1,0.99961686,1
tumour/TCGA-SS-A7HO-01Z-00-DX1_23552_23552.jpg,TCGA-SS-A7HO,TCGA-SS-A7HO-01Z-00-DX1,1,0.99977845,1
tumour/TCGA-SS-A7HO-01Z-00-DX1_23552_25088.jpg,TCGA-SS-A7HO,TCGA-SS-A7HO-01Z-00-DX1,1,0.9994449,1
tumour/TCGA-SS-A7HO-01Z-00-DX1_23552_28672.jpg,TCGA-SS-A7HO,TCGA-SS-A7HO-01Z-00-DX1,1,0.997789,1
tumour/TCGA-SS-A7HO-01Z-00-DX1_23552_29184.jpg,TCGA-SS-A7HO,TCGA-SS-A7HO-01Z-00-DX1,1,0.99996424,1
tumour/TCGA-SS-A7HO-01Z-00-DX1_23552_30208.jpg,TCGA-SS-A7HO,TCGA-SS-A7HO-01Z-00-DX1,1,0.9999857,1
tumour/TCGA-SS-A7HO-01Z-00-DX1_23552_30720.jpg,TCGA-SS-A7HO,TCGA-SS-A7HO-01Z-00-DX1,1,0.9997259,1
tumour/TCGA-SS-A7HO-01Z-00-DX1_23552_31744.jpg,TCGA-SS-A7HO,TCGA-SS-A7HO-01Z-00-DX1,1,0.9999603,1
tumour/TCGA-SS-A7HO-01Z-00-DX1_23552_32256.jpg,TCGA-SS-A7HO,TCGA-SS-A7HO-01Z-00-DX1,1,0.99993646,1
tumour/TCGA-SS-A7HO-01Z-00-DX1_23552_33792.jpg,TCGA-SS-A7HO,TCGA-SS-A7HO-01Z-00-DX1,1,0.99990606,1
tumour/TCGA-SS-A7HO-01Z-00-DX1_23552_34304.jpg,TCGA-SS-A7HO,TCGA-SS-A7HO-01Z-00-DX1,1,0.9996444,1
tumour/TCGA-SS-A7HO-01Z-00-DX1_23552_34816.jpg,TCGA-SS-A7HO,TCGA-SS-A7HO-01Z-00-DX1,1,0.99980074,1
tumour/TCGA-SS-A7HO-01Z-00-DX1_23552_35328.jpg,TCGA-SS-A7HO,TCGA-SS-A7HO-01Z-00-DX1,1,0.99996626,1
tumour/TCGA-SS-A7HO-01Z-00-DX1_24064_10240.jpg,TCGA-SS-A7HO,TCGA-SS-A7HO-01Z-00-DX1,1,0.99966073,1
tumour/TCGA-SS-A7HO-01Z-00-DX1_24064_10752.jpg,TCGA-SS-A7HO,TCGA-SS-A7HO-01Z-00-DX1,1,0.9992999,1
tumour/TCGA-SS-A7HO-01Z-00-DX1_24064_11776.jpg,TCGA-SS-A7HO,TCGA-SS-A7HO-01Z-00-DX1,1,0.99974483,1
tumour/TCGA-SS-A7HO-01Z-00-DX1_24064_13824.jpg,TCGA-SS-A7HO,TCGA-SS-A7HO-01Z-00-DX1,1,0.9994267,1
tumour/TCGA-SS-A7HO-01Z-00-DX1_24064_15360.jpg,TCGA-SS-A7HO,TCGA-SS-A7HO-01Z-00-DX1,1,0.99995077,1
tumour/TCGA-SS-A7HO-01Z-00-DX1_24064_17408.jpg,TCGA-SS-A7HO,TCGA-SS-A7HO-01Z-00-DX1,1,0.99997354,1
tumour/TCGA-SS-A7HO-01Z-00-DX1_24064_18432.jpg,TCGA-SS-A7HO,TCGA-SS-A7HO-01Z-00-DX1,1,0.9999008,1
tumour/TCGA-SS-A7HO-01Z-00-DX1_24064_18944.jpg,TCGA-SS-A7HO,TCGA-SS-A7HO-01Z-00-DX1,1,0.9979634,1
tumour/TCGA-SS-A7HO-01Z-00-DX1_24064_19968.jpg,TCGA-SS-A7HO,TCGA-SS-A7HO-01Z-00-DX1,1,0.99986637,1
tumour/TCGA-SS-A7HO-01Z-00-DX1_24064_20992.jpg,TCGA-SS-A7HO,TCGA-SS-A7HO-01Z-00-DX1,1,0.9996245,1
tumour/TCGA-SS-A7HO-01Z-00-DX1_24064_22016.jpg,TCGA-SS-A7HO,TCGA-SS-A7HO-01Z-00-DX1,1,0.9994252,1
tumour/TCGA-SS-A7HO-01Z-00-DX1_24064_22528.jpg,TCGA-SS-A7HO,TCGA-SS-A7HO-01Z-00-DX1,1,0.9999565,1
tumour/TCGA-SS-A7HO-01Z-00-DX1_24064_23040.jpg,TCGA-SS-A7HO,TCGA-SS-A7HO-01Z-00-DX1,1,0.9999058,1
tumour/TCGA-SS-A7HO-01Z-00-DX1_24064_25600.jpg,TCGA-SS-A7HO,TCGA-SS-A7HO-01Z-00-DX1,1,0.99949706,1
tumour/TCGA-SS-A7HO-01Z-00-DX1_24064_26624.jpg,TCGA-SS-A7HO,TCGA-SS-A7HO-01Z-00-DX1,1,0.99874395,1
tumour/TCGA-SS-A7HO-01Z-00-DX1_24064_27136.jpg,TCGA-SS-A7HO,TCGA-SS-A7HO-01Z-00-DX1,1,0.9985267,1
tumour/TCGA-SS-A7HO-01Z-00-DX1_24064_27648.jpg,TCGA-SS-A7HO,TCGA-SS-A7HO-01Z-00-DX1,1,0.9998908,1
tumour/TCGA-SS-A7HO-01Z-00-DX1_24064_28672.jpg,TCGA-SS-A7HO,TCGA-SS-A7HO-01Z-00-DX1,1,0.99993,1
tumour/TCGA-SS-A7HO-01Z-00-DX1_24064_31744.jpg,TCGA-SS-A7HO,TCGA-SS-A7HO-01Z-00-DX1,1,0.9999695,1
tumour/TCGA-SS-A7HO-01Z-00-DX1_24064_32256.jpg,TCGA-SS-A7HO,TCGA-SS-A7HO-01Z-00-DX1,1,0.999889,1
tumour/TCGA-SS-A7HO-01Z-00-DX1_24064_33792.jpg,TCGA-SS-A7HO,TCGA-SS-A7HO-01Z-00-DX1,1,0.99993634,1
tumour/TCGA-SS-A7HO-01Z-00-DX1_24064_34304.jpg,TCGA-SS-A7HO,TCGA-SS-A7HO-01Z-00-DX1,1,0.9996164,1
tumour/TCGA-SS-A7HO-01Z-00-DX1_24064_35328.jpg,TCGA-SS-A7HO,TCGA-SS-A7HO-01Z-00-DX1,1,0.99959487,1
tumour/TCGA-SS-A7HO-01Z-00-DX1_24576_12288.jpg,TCGA-SS-A7HO,TCGA-SS-A7HO-01Z-00-DX1,1,0.9985251,1
tumour/TCGA-SS-A7HO-01Z-00-DX1_24576_14848.jpg,TCGA-SS-A7HO,TCGA-SS-A7HO-01Z-00-DX1,1,0.9870206,1
tumour/TCGA-SS-A7HO-01Z-00-DX1_24576_15360.jpg,TCGA-SS-A7HO,TCGA-SS-A7HO-01Z-00-DX1,1,0.9384616,1
tumour/TCGA-SS-A7HO-01Z-00-DX1_24576_18944.jpg,TCGA-SS-A7HO,TCGA-SS-A7HO-01Z-00-DX1,1,0.99987876,1
tumour/TCGA-SS-A7HO-01Z-00-DX1_24576_20992.jpg,TCGA-SS-A7HO,TCGA-SS-A7HO-01Z-00-DX1,1,0.9964675,1
tumour/TCGA-SS-A7HO-01Z-00-DX1_24576_21504.jpg,TCGA-SS-A7HO,TCGA-SS-A7HO-01Z-00-DX1,1,0.99994755,1
tumour/TCGA-SS-A7HO-01Z-00-DX1_24576_22016.jpg,TCGA-SS-A7HO,TCGA-SS-A7HO-01Z-00-DX1,1,0.9999877,1
tumour/TCGA-SS-A7HO-01Z-00-DX1_24576_22528.jpg,TCGA-SS-A7HO,TCGA-SS-A7HO-01Z-00-DX1,1,0.999948,1
tumour/TCGA-SS-A7HO-01Z-00-DX1_24576_23552.jpg,TCGA-SS-A7HO,TCGA-SS-A7HO-01Z-00-DX1,1,0.9970475,1
tumour/TCGA-SS-A7HO-01Z-00-DX1_24576_24064.jpg,TCGA-SS-A7HO,TCGA-SS-A7HO-01Z-00-DX1,1,0.9996792,1
tumour/TCGA-SS-A7HO-01Z-00-DX1_24576_24576.jpg,TCGA-SS-A7HO,TCGA-SS-A7HO-01Z-00-DX1,1,0.99772567,1
tumour/TCGA-SS-A7HO-01Z-00-DX1_24576_25088.jpg,TCGA-SS-A7HO,TCGA-SS-A7HO-01Z-00-DX1,1,0.9999157,1
tumour/TCGA-SS-A7HO-01Z-00-DX1_24576_25600.jpg,TCGA-SS-A7HO,TCGA-SS-A7HO-01Z-00-DX1,1,0.999302,1
tumour/TCGA-SS-A7HO-01Z-00-DX1_24576_27136.jpg,TCGA-SS-A7HO,TCGA-SS-A7HO-01Z-00-DX1,1,0.9998666,1
tumour/TCGA-SS-A7HO-01Z-00-DX1_24576_28672.jpg,TCGA-SS-A7HO,TCGA-SS-A7HO-01Z-00-DX1,1,0.9997981,1
tumour/TCGA-SS-A7HO-01Z-00-DX1_24576_29184.jpg,TCGA-SS-A7HO,TCGA-SS-A7HO-01Z-00-DX1,1,0.99992156,1
tumour/TCGA-SS-A7HO-01Z-00-DX1_24576_29696.jpg,TCGA-SS-A7HO,TCGA-SS-A7HO-01Z-00-DX1,1,0.9984869,1
tumour/TCGA-SS-A7HO-01Z-00-DX1_24576_30720.jpg,TCGA-SS-A7HO,TCGA-SS-A7HO-01Z-00-DX1,1,0.99962175,1
tumour/TCGA-SS-A7HO-01Z-00-DX1_24576_31232.jpg,TCGA-SS-A7HO,TCGA-SS-A7HO-01Z-00-DX1,1,0.99987686,1
tumour/TCGA-SS-A7HO-01Z-00-DX1_24576_32768.jpg,TCGA-SS-A7HO,TCGA-SS-A7HO-01Z-00-DX1,1,0.9999856,1
tumour/TCGA-SS-A7HO-01Z-00-DX1_24576_33280.jpg,TCGA-SS-A7HO,TCGA-SS-A7HO-01Z-00-DX1,1,0.9999429,1
tumour/TCGA-SS-A7HO-01Z-00-DX1_25088_12288.jpg,TCGA-SS-A7HO,TCGA-SS-A7HO-01Z-00-DX1,1,0.99318063,1
tumour/TCGA-SS-A7HO-01Z-00-DX1_25088_13312.jpg,TCGA-SS-A7HO,TCGA-SS-A7HO-01Z-00-DX1,1,0.9989126,1
tumour/TCGA-SS-A7HO-01Z-00-DX1_25088_14336.jpg,TCGA-SS-A7HO,TCGA-SS-A7HO-01Z-00-DX1,1,0.9998374,1
tumour/TCGA-SS-A7HO-01Z-00-DX1_25088_14848.jpg,TCGA-SS-A7HO,TCGA-SS-A7HO-01Z-00-DX1,1,0.9993882,1
tumour/TCGA-SS-A7HO-01Z-00-DX1_25088_15872.jpg,TCGA-SS-A7HO,TCGA-SS-A7HO-01Z-00-DX1,1,0.99846435,1
tumour/TCGA-SS-A7HO-01Z-00-DX1_25088_16384.jpg,TCGA-SS-A7HO,TCGA-SS-A7HO-01Z-00-DX1,1,0.9993893,1
tumour/TCGA-SS-A7HO-01Z-00-DX1_25088_16896.jpg,TCGA-SS-A7HO,TCGA-SS-A7HO-01Z-00-DX1,1,0.99964416,1
tumour/TCGA-SS-A7HO-01Z-00-DX1_25088_20480.jpg,TCGA-SS-A7HO,TCGA-SS-A7HO-01Z-00-DX1,1,0.9999291,1
tumour/TCGA-SS-A7HO-01Z-00-DX1_25088_21504.jpg,TCGA-SS-A7HO,TCGA-SS-A7HO-01Z-00-DX1,1,0.99864703,1
tumour/TCGA-SS-A7HO-01Z-00-DX1_25088_22016.jpg,TCGA-SS-A7HO,TCGA-SS-A7HO-01Z-00-DX1,1,0.99984396,1
tumour/TCGA-SS-A7HO-01Z-00-DX1_25088_22528.jpg,TCGA-SS-A7HO,TCGA-SS-A7HO-01Z-00-DX1,1,0.9999205,1
tumour/TCGA-SS-A7HO-01Z-00-DX1_25088_24064.jpg,TCGA-SS-A7HO,TCGA-SS-A7HO-01Z-00-DX1,1,0.9997551,1
tumour/TCGA-SS-A7HO-01Z-00-DX1_25088_24576.jpg,TCGA-SS-A7HO,TCGA-SS-A7HO-01Z-00-DX1,1,0.9989592,1
tumour/TCGA-SS-A7HO-01Z-00-DX1_25088_26112.jpg,TCGA-SS-A7HO,TCGA-SS-A7HO-01Z-00-DX1,1,0.98174244,1
tumour/TCGA-SS-A7HO-01Z-00-DX1_25088_27136.jpg,TCGA-SS-A7HO,TCGA-SS-A7HO-01Z-00-DX1,1,0.9977133,1
tumour/TCGA-SS-A7HO-01Z-00-DX1_25088_28160.jpg,TCGA-SS-A7HO,TCGA-SS-A7HO-01Z-00-DX1,1,0.99996626,1
tumour/TCGA-SS-A7HO-01Z-00-DX1_25088_28672.jpg,TCGA-SS-A7HO,TCGA-SS-A7HO-01Z-00-DX1,1,0.99999833,1
tumour/TCGA-SS-A7HO-01Z-00-DX1_25088_29696.jpg,TCGA-SS-A7HO,TCGA-SS-A7HO-01Z-00-DX1,1,0.9999434,1
tumour/TCGA-SS-A7HO-01Z-00-DX1_25088_31232.jpg,TCGA-SS-A7HO,TCGA-SS-A7HO-01Z-00-DX1,1,0.9998429,1
tumour/TCGA-SS-A7HO-01Z-00-DX1_25088_32768.jpg,TCGA-SS-A7HO,TCGA-SS-A7HO-01Z-00-DX1,1,0.9998666,1
tumour/TCGA-SS-A7HO-01Z-00-DX1_25088_33792.jpg,TCGA-SS-A7HO,TCGA-SS-A7HO-01Z-00-DX1,1,0.99998903,1
tumour/TCGA-SS-A7HO-01Z-00-DX1_25088_34304.jpg,TCGA-SS-A7HO,TCGA-SS-A7HO-01Z-00-DX1,1,0.9997112,1
tumour/TCGA-SS-A7HO-01Z-00-DX1_25600_11264.jpg,TCGA-SS-A7HO,TCGA-SS-A7HO-01Z-00-DX1,1,0.9549624,1
tumour/TCGA-SS-A7HO-01Z-00-DX1_25600_13824.jpg,TCGA-SS-A7HO,TCGA-SS-A7HO-01Z-00-DX1,1,0.9988098,1
tumour/TCGA-SS-A7HO-01Z-00-DX1_25600_16384.jpg,TCGA-SS-A7HO,TCGA-SS-A7HO-01Z-00-DX1,1,0.9997329,1
tumour/TCGA-SS-A7HO-01Z-00-DX1_25600_16896.jpg,TCGA-SS-A7HO,TCGA-SS-A7HO-01Z-00-DX1,1,0.99966145,1
tumour/TCGA-SS-A7HO-01Z-00-DX1_25600_17408.jpg,TCGA-SS-A7HO,TCGA-SS-A7HO-01Z-00-DX1,1,0.99989104,1
tumour/TCGA-SS-A7HO-01Z-00-DX1_25600_17920.jpg,TCGA-SS-A7HO,TCGA-SS-A7HO-01Z-00-DX1,1,0.9998883,1
tumour/TCGA-SS-A7HO-01Z-00-DX1_25600_18944.jpg,TCGA-SS-A7HO,TCGA-SS-A7HO-01Z-00-DX1,1,0.99969745,1
tumour/TCGA-SS-A7HO-01Z-00-DX1_25600_20992.jpg,TCGA-SS-A7HO,TCGA-SS-A7HO-01Z-00-DX1,1,0.9998016,1
tumour/TCGA-SS-A7HO-01Z-00-DX1_25600_21504.jpg,TCGA-SS-A7HO,TCGA-SS-A7HO-01Z-00-DX1,1,0.99326986,1
tumour/TCGA-SS-A7HO-01Z-00-DX1_25600_22016.jpg,TCGA-SS-A7HO,TCGA-SS-A7HO-01Z-00-DX1,1,0.99153733,1
tumour/TCGA-SS-A7HO-01Z-00-DX1_25600_22528.jpg,TCGA-SS-A7HO,TCGA-SS-A7HO-01Z-00-DX1,1,0.99958366,1
tumour/TCGA-SS-A7HO-01Z-00-DX1_25600_23040.jpg,TCGA-SS-A7HO,TCGA-SS-A7HO-01Z-00-DX1,1,0.99987936,1
tumour/TCGA-SS-A7HO-01Z-00-DX1_25600_24576.jpg,TCGA-SS-A7HO,TCGA-SS-A7HO-01Z-00-DX1,1,0.9983864,1
tumour/TCGA-SS-A7HO-01Z-00-DX1_25600_25088.jpg,TCGA-SS-A7HO,TCGA-SS-A7HO-01Z-00-DX1,1,0.9992661,1
tumour/TCGA-SS-A7HO-01Z-00-DX1_25600_25600.jpg,TCGA-SS-A7HO,TCGA-SS-A7HO-01Z-00-DX1,1,0.99991596,1
tumour/TCGA-SS-A7HO-01Z-00-DX1_25600_27136.jpg,TCGA-SS-A7HO,TCGA-SS-A7HO-01Z-00-DX1,1,0.9999682,1
tumour/TCGA-SS-A7HO-01Z-00-DX1_25600_28160.jpg,TCGA-SS-A7HO,TCGA-SS-A7HO-01Z-00-DX1,1,0.99981636,1
tumour/TCGA-SS-A7HO-01Z-00-DX1_25600_28672.jpg,TCGA-SS-A7HO,TCGA-SS-A7HO-01Z-00-DX1,1,0.9999912,1
tumour/TCGA-SS-A7HO-01Z-00-DX1_25600_29184.jpg,TCGA-SS-A7HO,TCGA-SS-A7HO-01Z-00-DX1,1,0.9999702,1
tumour/TCGA-SS-A7HO-01Z-00-DX1_25600_30208.jpg,TCGA-SS-A7HO,TCGA-SS-A7HO-01Z-00-DX1,1,0.99994564,1
tumour/TCGA-SS-A7HO-01Z-00-DX1_25600_30720.jpg,TCGA-SS-A7HO,TCGA-SS-A7HO-01Z-00-DX1,1,0.99992585,1
tumour/TCGA-SS-A7HO-01Z-00-DX1_25600_31232.jpg,TCGA-SS-A7HO,TCGA-SS-A7HO-01Z-00-DX1,1,0.99996126,1
tumour/TCGA-SS-A7HO-01Z-00-DX1_25600_32256.jpg,TCGA-SS-A7HO,TCGA-SS-A7HO-01Z-00-DX1,1,0.99990034,1
tumour/TCGA-SS-A7HO-01Z-00-DX1_25600_32768.jpg,TCGA-SS-A7HO,TCGA-SS-A7HO-01Z-00-DX1,1,0.99996257,1
tumour/TCGA-SS-A7HO-01Z-00-DX1_26112_11264.jpg,TCGA-SS-A7HO,TCGA-SS-A7HO-01Z-00-DX1,1,0.9982387,1
tumour/TCGA-SS-A7HO-01Z-00-DX1_26112_12288.jpg,TCGA-SS-A7HO,TCGA-SS-A7HO-01Z-00-DX1,1,0.98467606,1
tumour/TCGA-SS-A7HO-01Z-00-DX1_26112_12800.jpg,TCGA-SS-A7HO,TCGA-SS-A7HO-01Z-00-DX1,1,0.90660703,1
tumour/TCGA-SS-A7HO-01Z-00-DX1_26112_13824.jpg,TCGA-SS-A7HO,TCGA-SS-A7HO-01Z-00-DX1,1,0.99804497,1
tumour/TCGA-SS-A7HO-01Z-00-DX1_26112_14336.jpg,TCGA-SS-A7HO,TCGA-SS-A7HO-01Z-00-DX1,1,0.9996687,1
tumour/TCGA-SS-A7HO-01Z-00-DX1_26112_14848.jpg,TCGA-SS-A7HO,TCGA-SS-A7HO-01Z-00-DX1,1,0.9574949,1
tumour/TCGA-SS-A7HO-01Z-00-DX1_26112_15360.jpg,TCGA-SS-A7HO,TCGA-SS-A7HO-01Z-00-DX1,1,0.99971384,1
tumour/TCGA-SS-A7HO-01Z-00-DX1_26112_15872.jpg,TCGA-SS-A7HO,TCGA-SS-A7HO-01Z-00-DX1,1,0.9999633,1
tumour/TCGA-SS-A7HO-01Z-00-DX1_26112_16384.jpg,TCGA-SS-A7HO,TCGA-SS-A7HO-01Z-00-DX1,1,0.9998053,1
tumour/TCGA-SS-A7HO-01Z-00-DX1_26112_17920.jpg,TCGA-SS-A7HO,TCGA-SS-A7HO-01Z-00-DX1,1,0.99995625,1
tumour/TCGA-SS-A7HO-01Z-00-DX1_26112_20480.jpg,TCGA-SS-A7HO,TCGA-SS-A7HO-01Z-00-DX1,1,0.9996389,1
tumour/TCGA-SS-A7HO-01Z-00-DX1_26112_21504.jpg,TCGA-SS-A7HO,TCGA-SS-A7HO-01Z-00-DX1,1,0.993298,1
tumour/TCGA-SS-A7HO-01Z-00-DX1_26112_23040.jpg,TCGA-SS-A7HO,TCGA-SS-A7HO-01Z-00-DX1,1,0.9997497,1
tumour/TCGA-SS-A7HO-01Z-00-DX1_26112_24064.jpg,TCGA-SS-A7HO,TCGA-SS-A7HO-01Z-00-DX1,1,0.99993205,1
tumour/TCGA-SS-A7HO-01Z-00-DX1_26112_24576.jpg,TCGA-SS-A7HO,TCGA-SS-A7HO-01Z-00-DX1,1,0.9998783,1
tumour/TCGA-SS-A7HO-01Z-00-DX1_26112_25600.jpg,TCGA-SS-A7HO,TCGA-SS-A7HO-01Z-00-DX1,1,0.99981767,1
tumour/TCGA-SS-A7HO-01Z-00-DX1_26112_27136.jpg,TCGA-SS-A7HO,TCGA-SS-A7HO-01Z-00-DX1,1,0.9999232,1
tumour/TCGA-SS-A7HO-01Z-00-DX1_26112_28160.jpg,TCGA-SS-A7HO,TCGA-SS-A7HO-01Z-00-DX1,1,0.9999317,1
tumour/TCGA-SS-A7HO-01Z-00-DX1_26112_28672.jpg,TCGA-SS-A7HO,TCGA-SS-A7HO-01Z-00-DX1,1,0.99990404,1
tumour/TCGA-SS-A7HO-01Z-00-DX1_26112_29184.jpg,TCGA-SS-A7HO,TCGA-SS-A7HO-01Z-00-DX1,1,0.9998462,1
tumour/TCGA-SS-A7HO-01Z-00-DX1_26112_31232.jpg,TCGA-SS-A7HO,TCGA-SS-A7HO-01Z-00-DX1,1,0.999826,1
tumour/TCGA-SS-A7HO-01Z-00-DX1_26112_32256.jpg,TCGA-SS-A7HO,TCGA-SS-A7HO-01Z-00-DX1,1,0.999767,1
tumour/TCGA-SS-A7HO-01Z-00-DX1_26112_32768.jpg,TCGA-SS-A7HO,TCGA-SS-A7HO-01Z-00-DX1,1,0.9994191,1
tumour/TCGA-SS-A7HO-01Z-00-DX1_26112_33280.jpg,TCGA-SS-A7HO,TCGA-SS-A7HO-01Z-00-DX1,1,0.99993265,1
tumour/TCGA-SS-A7HO-01Z-00-DX1_26624_11776.jpg,TCGA-SS-A7HO,TCGA-SS-A7HO-01Z-00-DX1,1,0.99280494,1
tumour/TCGA-SS-A7HO-01Z-00-DX1_26624_13312.jpg,TCGA-SS-A7HO,TCGA-SS-A7HO-01Z-00-DX1,1,0.99006724,1
tumour/TCGA-SS-A7HO-01Z-00-DX1_26624_13824.jpg,TCGA-SS-A7HO,TCGA-SS-A7HO-01Z-00-DX1,1,0.99850285,1
tumour/TCGA-SS-A7HO-01Z-00-DX1_26624_15360.jpg,TCGA-SS-A7HO,TCGA-SS-A7HO-01Z-00-DX1,1,0.9999144,1
tumour/TCGA-SS-A7HO-01Z-00-DX1_26624_16384.jpg,TCGA-SS-A7HO,TCGA-SS-A7HO-01Z-00-DX1,1,0.9999621,1
tumour/TCGA-SS-A7HO-01Z-00-DX1_26624_16896.jpg,TCGA-SS-A7HO,TCGA-SS-A7HO-01Z-00-DX1,1,0.9999602,1
tumour/TCGA-SS-A7HO-01Z-00-DX1_26624_17408.jpg,TCGA-SS-A7HO,TCGA-SS-A7HO-01Z-00-DX1,1,0.9993388,1
tumour/TCGA-SS-A7HO-01Z-00-DX1_26624_18432.jpg,TCGA-SS-A7HO,TCGA-SS-A7HO-01Z-00-DX1,1,0.99790657,1
tumour/TCGA-SS-A7HO-01Z-00-DX1_26624_19456.jpg,TCGA-SS-A7HO,TCGA-SS-A7HO-01Z-00-DX1,1,0.9999529,1
tumour/TCGA-SS-A7HO-01Z-00-DX1_26624_21504.jpg,TCGA-SS-A7HO,TCGA-SS-A7HO-01Z-00-DX1,1,0.99981266,1
tumour/TCGA-SS-A7HO-01Z-00-DX1_26624_22528.jpg,TCGA-SS-A7HO,TCGA-SS-A7HO-01Z-00-DX1,1,0.9997626,1
tumour/TCGA-SS-A7HO-01Z-00-DX1_26624_24064.jpg,TCGA-SS-A7HO,TCGA-SS-A7HO-01Z-00-DX1,1,0.99948394,1
tumour/TCGA-SS-A7HO-01Z-00-DX1_26624_25088.jpg,TCGA-SS-A7HO,TCGA-SS-A7HO-01Z-00-DX1,1,0.9997008,1
tumour/TCGA-SS-A7HO-01Z-00-DX1_26624_25600.jpg,TCGA-SS-A7HO,TCGA-SS-A7HO-01Z-00-DX1,1,0.9999788,1
tumour/TCGA-SS-A7HO-01Z-00-DX1_26624_29184.jpg,TCGA-SS-A7HO,TCGA-SS-A7HO-01Z-00-DX1,1,0.9999676,1
tumour/TCGA-SS-A7HO-01Z-00-DX1_26624_29696.jpg,TCGA-SS-A7HO,TCGA-SS-A7HO-01Z-00-DX1,1,0.99960357,1
tumour/TCGA-SS-A7HO-01Z-00-DX1_26624_31744.jpg,TCGA-SS-A7HO,TCGA-SS-A7HO-01Z-00-DX1,1,0.9997706,1
tumour/TCGA-SS-A7HO-01Z-00-DX1_26624_34304.jpg,TCGA-SS-A7HO,TCGA-SS-A7HO-01Z-00-DX1,1,0.99992394,1
tumour/TCGA-SS-A7HO-01Z-00-DX1_26624_34816.jpg,TCGA-SS-A7HO,TCGA-SS-A7HO-01Z-00-DX1,1,0.9999547,1
tumour/TCGA-SS-A7HO-01Z-00-DX1_26624_35840.jpg,TCGA-SS-A7HO,TCGA-SS-A7HO-01Z-00-DX1,1,0.9994492,1
tumour/TCGA-SS-A7HO-01Z-00-DX1_27136_10240.jpg,TCGA-SS-A7HO,TCGA-SS-A7HO-01Z-00-DX1,1,0.9992964,1
tumour/TCGA-SS-A7HO-01Z-00-DX1_27136_10752.jpg,TCGA-SS-A7HO,TCGA-SS-A7HO-01Z-00-DX1,1,0.97285527,1
tumour/TCGA-SS-A7HO-01Z-00-DX1_27136_11776.jpg,TCGA-SS-A7HO,TCGA-SS-A7HO-01Z-00-DX1,1,0.99273914,1
tumour/TCGA-SS-A7HO-01Z-00-DX1_27136_12288.jpg,TCGA-SS-A7HO,TCGA-SS-A7HO-01Z-00-DX1,1,0.9975012,1
tumour/TCGA-SS-A7HO-01Z-00-DX1_27136_13312.jpg,TCGA-SS-A7HO,TCGA-SS-A7HO-01Z-00-DX1,1,0.99895704,1
tumour/TCGA-SS-A7HO-01Z-00-DX1_27136_13824.jpg,TCGA-SS-A7HO,TCGA-SS-A7HO-01Z-00-DX1,1,0.9990532,1
tumour/TCGA-SS-A7HO-01Z-00-DX1_27136_14848.jpg,TCGA-SS-A7HO,TCGA-SS-A7HO-01Z-00-DX1,1,0.9989937,1
tumour/TCGA-SS-A7HO-01Z-00-DX1_27136_15872.jpg,TCGA-SS-A7HO,TCGA-SS-A7HO-01Z-00-DX1,1,0.9997279,1
tumour/TCGA-SS-A7HO-01Z-00-DX1_27136_16384.jpg,TCGA-SS-A7HO,TCGA-SS-A7HO-01Z-00-DX1,1,0.99817216,1
tumour/TCGA-SS-A7HO-01Z-00-DX1_27136_16896.jpg,TCGA-SS-A7HO,TCGA-SS-A7HO-01Z-00-DX1,1,0.99996996,1
tumour/TCGA-SS-A7HO-01Z-00-DX1_27136_17408.jpg,TCGA-SS-A7HO,TCGA-SS-A7HO-01Z-00-DX1,1,0.99998486,1
tumour/TCGA-SS-A7HO-01Z-00-DX1_27136_17920.jpg,TCGA-SS-A7HO,TCGA-SS-A7HO-01Z-00-DX1,1,0.9999634,1
tumour/TCGA-SS-A7HO-01Z-00-DX1_27136_18944.jpg,TCGA-SS-A7HO,TCGA-SS-A7HO-01Z-00-DX1,1,0.9999857,1
tumour/TCGA-SS-A7HO-01Z-00-DX1_27136_20992.jpg,TCGA-SS-A7HO,TCGA-SS-A7HO-01Z-00-DX1,1,0.9995789,1
tumour/TCGA-SS-A7HO-01Z-00-DX1_27136_22016.jpg,TCGA-SS-A7HO,TCGA-SS-A7HO-01Z-00-DX1,1,0.9999889,1
tumour/TCGA-SS-A7HO-01Z-00-DX1_27136_22528.jpg,TCGA-SS-A7HO,TCGA-SS-A7HO-01Z-00-DX1,1,0.99972576,1
tumour/TCGA-SS-A7HO-01Z-00-DX1_27136_23040.jpg,TCGA-SS-A7HO,TCGA-SS-A7HO-01Z-00-DX1,1,0.9963903,1
tumour/TCGA-SS-A7HO-01Z-00-DX1_27136_23552.jpg,TCGA-SS-A7HO,TCGA-SS-A7HO-01Z-00-DX1,1,0.999806,1
tumour/TCGA-SS-A7HO-01Z-00-DX1_27136_24576.jpg,TCGA-SS-A7HO,TCGA-SS-A7HO-01Z-00-DX1,1,0.99996674,1
tumour/TCGA-SS-A7HO-01Z-00-DX1_27136_25088.jpg,TCGA-SS-A7HO,TCGA-SS-A7HO-01Z-00-DX1,1,0.9991339,1
tumour/TCGA-SS-A7HO-01Z-00-DX1_27136_26624.jpg,TCGA-SS-A7HO,TCGA-SS-A7HO-01Z-00-DX1,1,0.9996039,1
tumour/TCGA-SS-A7HO-01Z-00-DX1_27136_27648.jpg,TCGA-SS-A7HO,TCGA-SS-A7HO-01Z-00-DX1,1,0.9972203,1
tumour/TCGA-SS-A7HO-01Z-00-DX1_27136_28672.jpg,TCGA-SS-A7HO,TCGA-SS-A7HO-01Z-00-DX1,1,0.9999819,1
tumour/TCGA-SS-A7HO-01Z-00-DX1_27136_29184.jpg,TCGA-SS-A7HO,TCGA-SS-A7HO-01Z-00-DX1,1,0.9995801,1
tumour/TCGA-SS-A7HO-01Z-00-DX1_27136_29696.jpg,TCGA-SS-A7HO,TCGA-SS-A7HO-01Z-00-DX1,1,0.99448484,1
tumour/TCGA-SS-A7HO-01Z-00-DX1_27136_31232.jpg,TCGA-SS-A7HO,TCGA-SS-A7HO-01Z-00-DX1,1,0.998917,1
tumour/TCGA-SS-A7HO-01Z-00-DX1_27136_31744.jpg,TCGA-SS-A7HO,TCGA-SS-A7HO-01Z-00-DX1,1,0.9894093,1
tumour/TCGA-SS-A7HO-01Z-00-DX1_27136_34304.jpg,TCGA-SS-A7HO,TCGA-SS-A7HO-01Z-00-DX1,1,0.9995938,1
tumour/TCGA-SS-A7HO-01Z-00-DX1_27136_34816.jpg,TCGA-SS-A7HO,TCGA-SS-A7HO-01Z-00-DX1,1,0.9999374,1
tumour/TCGA-SS-A7HO-01Z-00-DX1_27136_9728.jpg,TCGA-SS-A7HO,TCGA-SS-A7HO-01Z-00-DX1,1,0.97811586,1
tumour/TCGA-SS-A7HO-01Z-00-DX1_27648_10752.jpg,TCGA-SS-A7HO,TCGA-SS-A7HO-01Z-00-DX1,1,0.99425274,1
tumour/TCGA-SS-A7HO-01Z-00-DX1_27648_11264.jpg,TCGA-SS-A7HO,TCGA-SS-A7HO-01Z-00-DX1,1,0.9999515,1
tumour/TCGA-SS-A7HO-01Z-00-DX1_27648_12288.jpg,TCGA-SS-A7HO,TCGA-SS-A7HO-01Z-00-DX1,1,0.99915564,1
tumour/TCGA-SS-A7HO-01Z-00-DX1_27648_13312.jpg,TCGA-SS-A7HO,TCGA-SS-A7HO-01Z-00-DX1,1,0.99862504,1
tumour/TCGA-SS-A7HO-01Z-00-DX1_27648_13824.jpg,TCGA-SS-A7HO,TCGA-SS-A7HO-01Z-00-DX1,1,0.9996797,1
tumour/TCGA-SS-A7HO-01Z-00-DX1_27648_14336.jpg,TCGA-SS-A7HO,TCGA-SS-A7HO-01Z-00-DX1,1,0.9996232,1
tumour/TCGA-SS-A7HO-01Z-00-DX1_27648_15360.jpg,TCGA-SS-A7HO,TCGA-SS-A7HO-01Z-00-DX1,1,0.998818,1
tumour/TCGA-SS-A7HO-01Z-00-DX1_27648_16896.jpg,TCGA-SS-A7HO,TCGA-SS-A7HO-01Z-00-DX1,1,0.99956363,1
tumour/TCGA-SS-A7HO-01Z-00-DX1_27648_17920.jpg,TCGA-SS-A7HO,TCGA-SS-A7HO-01Z-00-DX1,1,0.9945551,1
tumour/TCGA-SS-A7HO-01Z-00-DX1_27648_18944.jpg,TCGA-SS-A7HO,TCGA-SS-A7HO-01Z-00-DX1,1,0.93026346,1
tumour/TCGA-SS-A7HO-01Z-00-DX1_27648_22016.jpg,TCGA-SS-A7HO,TCGA-SS-A7HO-01Z-00-DX1,1,0.999191,1
tumour/TCGA-SS-A7HO-01Z-00-DX1_27648_23040.jpg,TCGA-SS-A7HO,TCGA-SS-A7HO-01Z-00-DX1,1,0.9999509,1
tumour/TCGA-SS-A7HO-01Z-00-DX1_27648_25088.jpg,TCGA-SS-A7HO,TCGA-SS-A7HO-01Z-00-DX1,1,0.9997818,1
tumour/TCGA-SS-A7HO-01Z-00-DX1_27648_25600.jpg,TCGA-SS-A7HO,TCGA-SS-A7HO-01Z-00-DX1,1,0.99968696,1
tumour/TCGA-SS-A7HO-01Z-00-DX1_27648_26112.jpg,TCGA-SS-A7HO,TCGA-SS-A7HO-01Z-00-DX1,1,0.9994804,1
tumour/TCGA-SS-A7HO-01Z-00-DX1_27648_27136.jpg,TCGA-SS-A7HO,TCGA-SS-A7HO-01Z-00-DX1,1,0.9998178,1
tumour/TCGA-SS-A7HO-01Z-00-DX1_27648_29184.jpg,TCGA-SS-A7HO,TCGA-SS-A7HO-01Z-00-DX1,1,0.99998236,1
tumour/TCGA-SS-A7HO-01Z-00-DX1_27648_31232.jpg,TCGA-SS-A7HO,TCGA-SS-A7HO-01Z-00-DX1,1,0.99788135,1
tumour/TCGA-SS-A7HO-01Z-00-DX1_27648_34304.jpg,TCGA-SS-A7HO,TCGA-SS-A7HO-01Z-00-DX1,1,0.9999703,1
tumour/TCGA-SS-A7HO-01Z-00-DX1_27648_9728.jpg,TCGA-SS-A7HO,TCGA-SS-A7HO-01Z-00-DX1,1,0.9836233,1
tumour/TCGA-SS-A7HO-01Z-00-DX1_28160_10240.jpg,TCGA-SS-A7HO,TCGA-SS-A7HO-01Z-00-DX1,1,0.9914484,1
tumour/TCGA-SS-A7HO-01Z-00-DX1_28160_11264.jpg,TCGA-SS-A7HO,TCGA-SS-A7HO-01Z-00-DX1,1,0.9996753,1
tumour/TCGA-SS-A7HO-01Z-00-DX1_28160_11776.jpg,TCGA-SS-A7HO,TCGA-SS-A7HO-01Z-00-DX1,1,0.9996735,1
tumour/TCGA-SS-A7HO-01Z-00-DX1_28160_12800.jpg,TCGA-SS-A7HO,TCGA-SS-A7HO-01Z-00-DX1,1,0.99931455,1
tumour/TCGA-SS-A7HO-01Z-00-DX1_28160_13824.jpg,TCGA-SS-A7HO,TCGA-SS-A7HO-01Z-00-DX1,1,0.99826944,1
tumour/TCGA-SS-A7HO-01Z-00-DX1_28160_14336.jpg,TCGA-SS-A7HO,TCGA-SS-A7HO-01Z-00-DX1,1,0.99974805,1
tumour/TCGA-SS-A7HO-01Z-00-DX1_28160_15360.jpg,TCGA-SS-A7HO,TCGA-SS-A7HO-01Z-00-DX1,1,0.9998932,1
tumour/TCGA-SS-A7HO-01Z-00-DX1_28160_16384.jpg,TCGA-SS-A7HO,TCGA-SS-A7HO-01Z-00-DX1,1,0.99759287,1
tumour/TCGA-SS-A7HO-01Z-00-DX1_28160_17408.jpg,TCGA-SS-A7HO,TCGA-SS-A7HO-01Z-00-DX1,1,0.99889106,1
tumour/TCGA-SS-A7HO-01Z-00-DX1_28160_17920.jpg,TCGA-SS-A7HO,TCGA-SS-A7HO-01Z-00-DX1,1,0.99976426,1
tumour/TCGA-SS-A7HO-01Z-00-DX1_28160_21504.jpg,TCGA-SS-A7HO,TCGA-SS-A7HO-01Z-00-DX1,1,0.9946819,1
tumour/TCGA-SS-A7HO-01Z-00-DX1_28160_22528.jpg,TCGA-SS-A7HO,TCGA-SS-A7HO-01Z-00-DX1,1,0.999954,1
tumour/TCGA-SS-A7HO-01Z-00-DX1_28160_23552.jpg,TCGA-SS-A7HO,TCGA-SS-A7HO-01Z-00-DX1,1,0.99996984,1
tumour/TCGA-SS-A7HO-01Z-00-DX1_28160_24064.jpg,TCGA-SS-A7HO,TCGA-SS-A7HO-01Z-00-DX1,1,0.9999912,1
tumour/TCGA-SS-A7HO-01Z-00-DX1_28160_24576.jpg,TCGA-SS-A7HO,TCGA-SS-A7HO-01Z-00-DX1,1,0.9999349,1
tumour/TCGA-SS-A7HO-01Z-00-DX1_28160_25088.jpg,TCGA-SS-A7HO,TCGA-SS-A7HO-01Z-00-DX1,1,0.97917515,1
tumour/TCGA-SS-A7HO-01Z-00-DX1_28160_26112.jpg,TCGA-SS-A7HO,TCGA-SS-A7HO-01Z-00-DX1,1,0.9997985,1
tumour/TCGA-SS-A7HO-01Z-00-DX1_28160_27648.jpg,TCGA-SS-A7HO,TCGA-SS-A7HO-01Z-00-DX1,1,0.99925727,1
tumour/TCGA-SS-A7HO-01Z-00-DX1_28160_28160.jpg,TCGA-SS-A7HO,TCGA-SS-A7HO-01Z-00-DX1,1,0.99991715,1
tumour/TCGA-SS-A7HO-01Z-00-DX1_28160_28672.jpg,TCGA-SS-A7HO,TCGA-SS-A7HO-01Z-00-DX1,1,0.9998771,1
tumour/TCGA-SS-A7HO-01Z-00-DX1_28160_29184.jpg,TCGA-SS-A7HO,TCGA-SS-A7HO-01Z-00-DX1,1,0.99934393,1
tumour/TCGA-SS-A7HO-01Z-00-DX1_28160_30208.jpg,TCGA-SS-A7HO,TCGA-SS-A7HO-01Z-00-DX1,1,0.8972681,1
tumour/TCGA-SS-A7HO-01Z-00-DX1_28160_32768.jpg,TCGA-SS-A7HO,TCGA-SS-A7HO-01Z-00-DX1,1,0.99995744,1
tumour/TCGA-SS-A7HO-01Z-00-DX1_28160_34304.jpg,TCGA-SS-A7HO,TCGA-SS-A7HO-01Z-00-DX1,1,0.99981385,1
tumour/TCGA-SS-A7HO-01Z-00-DX1_28160_34816.jpg,TCGA-SS-A7HO,TCGA-SS-A7HO-01Z-00-DX1,1,0.99997735,1
tumour/TCGA-SS-A7HO-01Z-00-DX1_28160_35840.jpg,TCGA-SS-A7HO,TCGA-SS-A7HO-01Z-00-DX1,1,0.99776065,1
tumour/TCGA-SS-A7HO-01Z-00-DX1_28160_9216.jpg,TCGA-SS-A7HO,TCGA-SS-A7HO-01Z-00-DX1,1,0.9955721,1
tumour/TCGA-SS-A7HO-01Z-00-DX1_28160_9728.jpg,TCGA-SS-A7HO,TCGA-SS-A7HO-01Z-00-DX1,1,0.9997757,1
tumour/TCGA-SS-A7HO-01Z-00-DX1_28672_10752.jpg,TCGA-SS-A7HO,TCGA-SS-A7HO-01Z-00-DX1,1,0.98290265,1
tumour/TCGA-SS-A7HO-01Z-00-DX1_28672_13312.jpg,TCGA-SS-A7HO,TCGA-SS-A7HO-01Z-00-DX1,1,0.99902844,1
tumour/TCGA-SS-A7HO-01Z-00-DX1_28672_14336.jpg,TCGA-SS-A7HO,TCGA-SS-A7HO-01Z-00-DX1,1,0.99913895,1
tumour/TCGA-SS-A7HO-01Z-00-DX1_28672_14848.jpg,TCGA-SS-A7HO,TCGA-SS-A7HO-01Z-00-DX1,1,0.9999149,1
tumour/TCGA-SS-A7HO-01Z-00-DX1_28672_15360.jpg,TCGA-SS-A7HO,TCGA-SS-A7HO-01Z-00-DX1,1,0.99944705,1
tumour/TCGA-SS-A7HO-01Z-00-DX1_28672_15872.jpg,TCGA-SS-A7HO,TCGA-SS-A7HO-01Z-00-DX1,1,0.99996245,1
tumour/TCGA-SS-A7HO-01Z-00-DX1_28672_17408.jpg,TCGA-SS-A7HO,TCGA-SS-A7HO-01Z-00-DX1,1,0.9969926,1
tumour/TCGA-SS-A7HO-01Z-00-DX1_28672_17920.jpg,TCGA-SS-A7HO,TCGA-SS-A7HO-01Z-00-DX1,1,0.99956065,1
tumour/TCGA-SS-A7HO-01Z-00-DX1_28672_18432.jpg,TCGA-SS-A7HO,TCGA-SS-A7HO-01Z-00-DX1,1,0.999788,1
tumour/TCGA-SS-A7HO-01Z-00-DX1_28672_18944.jpg,TCGA-SS-A7HO,TCGA-SS-A7HO-01Z-00-DX1,1,0.9999181,1
tumour/TCGA-SS-A7HO-01Z-00-DX1_28672_21504.jpg,TCGA-SS-A7HO,TCGA-SS-A7HO-01Z-00-DX1,1,0.9999027,1
tumour/TCGA-SS-A7HO-01Z-00-DX1_28672_22528.jpg,TCGA-SS-A7HO,TCGA-SS-A7HO-01Z-00-DX1,1,0.99999166,1
tumour/TCGA-SS-A7HO-01Z-00-DX1_28672_23552.jpg,TCGA-SS-A7HO,TCGA-SS-A7HO-01Z-00-DX1,1,0.99998295,1
tumour/TCGA-SS-A7HO-01Z-00-DX1_28672_26624.jpg,TCGA-SS-A7HO,TCGA-SS-A7HO-01Z-00-DX1,1,0.9993388,1
tumour/TCGA-SS-A7HO-01Z-00-DX1_28672_30208.jpg,TCGA-SS-A7HO,TCGA-SS-A7HO-01Z-00-DX1,1,0.9153701,1
tumour/TCGA-SS-A7HO-01Z-00-DX1_28672_32256.jpg,TCGA-SS-A7HO,TCGA-SS-A7HO-01Z-00-DX1,1,0.99999094,1
tumour/TCGA-SS-A7HO-01Z-00-DX1_28672_32768.jpg,TCGA-SS-A7HO,TCGA-SS-A7HO-01Z-00-DX1,1,0.99978703,1
tumour/TCGA-SS-A7HO-01Z-00-DX1_28672_34304.jpg,TCGA-SS-A7HO,TCGA-SS-A7HO-01Z-00-DX1,1,0.9999683,1
tumour/TCGA-SS-A7HO-01Z-00-DX1_28672_35328.jpg,TCGA-SS-A7HO,TCGA-SS-A7HO-01Z-00-DX1,1,0.9996643,1
tumour/TCGA-SS-A7HO-01Z-00-DX1_28672_35840.jpg,TCGA-SS-A7HO,TCGA-SS-A7HO-01Z-00-DX1,1,0.99840397,1
tumour/TCGA-SS-A7HO-01Z-00-DX1_28672_9216.jpg,TCGA-SS-A7HO,TCGA-SS-A7HO-01Z-00-DX1,1,0.99777895,1
tumour/TCGA-SS-A7HO-01Z-00-DX1_29184_10240.jpg,TCGA-SS-A7HO,TCGA-SS-A7HO-01Z-00-DX1,1,0.98625135,1
tumour/TCGA-SS-A7HO-01Z-00-DX1_29184_11264.jpg,TCGA-SS-A7HO,TCGA-SS-A7HO-01Z-00-DX1,1,0.9912149,1
tumour/TCGA-SS-A7HO-01Z-00-DX1_29184_11776.jpg,TCGA-SS-A7HO,TCGA-SS-A7HO-01Z-00-DX1,1,0.99617946,1
tumour/TCGA-SS-A7HO-01Z-00-DX1_29184_12288.jpg,TCGA-SS-A7HO,TCGA-SS-A7HO-01Z-00-DX1,1,0.9949055,1
tumour/TCGA-SS-A7HO-01Z-00-DX1_29184_14336.jpg,TCGA-SS-A7HO,TCGA-SS-A7HO-01Z-00-DX1,1,0.99956447,1
tumour/TCGA-SS-A7HO-01Z-00-DX1_29184_14848.jpg,TCGA-SS-A7HO,TCGA-SS-A7HO-01Z-00-DX1,1,0.9996486,1
tumour/TCGA-SS-A7HO-01Z-00-DX1_29184_15872.jpg,TCGA-SS-A7HO,TCGA-SS-A7HO-01Z-00-DX1,1,0.9974637,1
tumour/TCGA-SS-A7HO-01Z-00-DX1_29184_16896.jpg,TCGA-SS-A7HO,TCGA-SS-A7HO-01Z-00-DX1,1,0.9909514,1
tumour/TCGA-SS-A7HO-01Z-00-DX1_29184_17408.jpg,TCGA-SS-A7HO,TCGA-SS-A7HO-01Z-00-DX1,1,0.98636997,1
tumour/TCGA-SS-A7HO-01Z-00-DX1_29184_18944.jpg,TCGA-SS-A7HO,TCGA-SS-A7HO-01Z-00-DX1,1,0.99995744,1
tumour/TCGA-SS-A7HO-01Z-00-DX1_29184_22016.jpg,TCGA-SS-A7HO,TCGA-SS-A7HO-01Z-00-DX1,1,0.9993969,1
tumour/TCGA-SS-A7HO-01Z-00-DX1_29184_24576.jpg,TCGA-SS-A7HO,TCGA-SS-A7HO-01Z-00-DX1,1,0.9999627,1
tumour/TCGA-SS-A7HO-01Z-00-DX1_29184_25088.jpg,TCGA-SS-A7HO,TCGA-SS-A7HO-01Z-00-DX1,1,0.9959843,1
tumour/TCGA-SS-A7HO-01Z-00-DX1_29184_26112.jpg,TCGA-SS-A7HO,TCGA-SS-A7HO-01Z-00-DX1,1,0.99992824,1
tumour/TCGA-SS-A7HO-01Z-00-DX1_29184_27136.jpg,TCGA-SS-A7HO,TCGA-SS-A7HO-01Z-00-DX1,1,0.99985135,1
tumour/TCGA-SS-A7HO-01Z-00-DX1_29184_29184.jpg,TCGA-SS-A7HO,TCGA-SS-A7HO-01Z-00-DX1,1,0.99999475,1
tumour/TCGA-SS-A7HO-01Z-00-DX1_29184_32256.jpg,TCGA-SS-A7HO,TCGA-SS-A7HO-01Z-00-DX1,1,0.99993765,1
tumour/TCGA-SS-A7HO-01Z-00-DX1_29184_32768.jpg,TCGA-SS-A7HO,TCGA-SS-A7HO-01Z-00-DX1,1,0.9999511,1
tumour/TCGA-SS-A7HO-01Z-00-DX1_29184_33792.jpg,TCGA-SS-A7HO,TCGA-SS-A7HO-01Z-00-DX1,1,0.9998841,1
tumour/TCGA-SS-A7HO-01Z-00-DX1_29696_10240.jpg,TCGA-SS-A7HO,TCGA-SS-A7HO-01Z-00-DX1,1,0.99836546,1
tumour/TCGA-SS-A7HO-01Z-00-DX1_29696_11264.jpg,TCGA-SS-A7HO,TCGA-SS-A7HO-01Z-00-DX1,1,0.9986803,1
tumour/TCGA-SS-A7HO-01Z-00-DX1_29696_12288.jpg,TCGA-SS-A7HO,TCGA-SS-A7HO-01Z-00-DX1,1,0.9980052,1
tumour/TCGA-SS-A7HO-01Z-00-DX1_29696_13312.jpg,TCGA-SS-A7HO,TCGA-SS-A7HO-01Z-00-DX1,1,0.99921465,1
tumour/TCGA-SS-A7HO-01Z-00-DX1_29696_14848.jpg,TCGA-SS-A7HO,TCGA-SS-A7HO-01Z-00-DX1,1,0.9978307,1
tumour/TCGA-SS-A7HO-01Z-00-DX1_29696_17408.jpg,TCGA-SS-A7HO,TCGA-SS-A7HO-01Z-00-DX1,1,0.99985087,1
tumour/TCGA-SS-A7HO-01Z-00-DX1_29696_17920.jpg,TCGA-SS-A7HO,TCGA-SS-A7HO-01Z-00-DX1,1,0.99994445,1
tumour/TCGA-SS-A7HO-01Z-00-DX1_29696_18432.jpg,TCGA-SS-A7HO,TCGA-SS-A7HO-01Z-00-DX1,1,0.99995863,1
tumour/TCGA-SS-A7HO-01Z-00-DX1_29696_23040.jpg,TCGA-SS-A7HO,TCGA-SS-A7HO-01Z-00-DX1,1,0.9997683,1
tumour/TCGA-SS-A7HO-01Z-00-DX1_29696_24064.jpg,TCGA-SS-A7HO,TCGA-SS-A7HO-01Z-00-DX1,1,0.9572259,1
tumour/TCGA-SS-A7HO-01Z-00-DX1_29696_27136.jpg,TCGA-SS-A7HO,TCGA-SS-A7HO-01Z-00-DX1,1,0.9915559,1
tumour/TCGA-SS-A7HO-01Z-00-DX1_29696_27648.jpg,TCGA-SS-A7HO,TCGA-SS-A7HO-01Z-00-DX1,1,0.9998404,1
tumour/TCGA-SS-A7HO-01Z-00-DX1_29696_29184.jpg,TCGA-SS-A7HO,TCGA-SS-A7HO-01Z-00-DX1,1,0.99968505,1
tumour/TCGA-SS-A7HO-01Z-00-DX1_29696_31744.jpg,TCGA-SS-A7HO,TCGA-SS-A7HO-01Z-00-DX1,1,0.9999889,1
tumour/TCGA-SS-A7HO-01Z-00-DX1_29696_32768.jpg,TCGA-SS-A7HO,TCGA-SS-A7HO-01Z-00-DX1,1,0.99998844,1
tumour/TCGA-SS-A7HO-01Z-00-DX1_29696_33280.jpg,TCGA-SS-A7HO,TCGA-SS-A7HO-01Z-00-DX1,1,0.99998415,1
tumour/TCGA-SS-A7HO-01Z-00-DX1_29696_35840.jpg,TCGA-SS-A7HO,TCGA-SS-A7HO-01Z-00-DX1,1,0.99798286,1
tumour/TCGA-SS-A7HO-01Z-00-DX1_29696_6656.jpg,TCGA-SS-A7HO,TCGA-SS-A7HO-01Z-00-DX1,1,0.98992187,1
tumour/TCGA-SS-A7HO-01Z-00-DX1_29696_7168.jpg,TCGA-SS-A7HO,TCGA-SS-A7HO-01Z-00-DX1,1,0.9993168,1
tumour/TCGA-SS-A7HO-01Z-00-DX1_30208_10240.jpg,TCGA-SS-A7HO,TCGA-SS-A7HO-01Z-00-DX1,1,0.99824667,1
tumour/TCGA-SS-A7HO-01Z-00-DX1_30208_10752.jpg,TCGA-SS-A7HO,TCGA-SS-A7HO-01Z-00-DX1,1,0.9981741,1
tumour/TCGA-SS-A7HO-01Z-00-DX1_30208_12288.jpg,TCGA-SS-A7HO,TCGA-SS-A7HO-01Z-00-DX1,1,0.9986268,1
tumour/TCGA-SS-A7HO-01Z-00-DX1_30208_14336.jpg,TCGA-SS-A7HO,TCGA-SS-A7HO-01Z-00-DX1,1,0.9985649,1
tumour/TCGA-SS-A7HO-01Z-00-DX1_30208_16384.jpg,TCGA-SS-A7HO,TCGA-SS-A7HO-01Z-00-DX1,1,0.99998915,1
tumour/TCGA-SS-A7HO-01Z-00-DX1_30208_16896.jpg,TCGA-SS-A7HO,TCGA-SS-A7HO-01Z-00-DX1,1,0.99937963,1
tumour/TCGA-SS-A7HO-01Z-00-DX1_30208_18432.jpg,TCGA-SS-A7HO,TCGA-SS-A7HO-01Z-00-DX1,1,0.99955994,1
tumour/TCGA-SS-A7HO-01Z-00-DX1_30208_18944.jpg,TCGA-SS-A7HO,TCGA-SS-A7HO-01Z-00-DX1,1,0.99979335,1
tumour/TCGA-SS-A7HO-01Z-00-DX1_30208_22528.jpg,TCGA-SS-A7HO,TCGA-SS-A7HO-01Z-00-DX1,1,0.98286563,1
tumour/TCGA-SS-A7HO-01Z-00-DX1_30208_23040.jpg,TCGA-SS-A7HO,TCGA-SS-A7HO-01Z-00-DX1,1,0.9994892,1
tumour/TCGA-SS-A7HO-01Z-00-DX1_30208_24576.jpg,TCGA-SS-A7HO,TCGA-SS-A7HO-01Z-00-DX1,1,0.8588461,1
tumour/TCGA-SS-A7HO-01Z-00-DX1_30208_25600.jpg,TCGA-SS-A7HO,TCGA-SS-A7HO-01Z-00-DX1,1,0.9997781,1
tumour/TCGA-SS-A7HO-01Z-00-DX1_30208_26112.jpg,TCGA-SS-A7HO,TCGA-SS-A7HO-01Z-00-DX1,1,0.99963653,1
tumour/TCGA-SS-A7HO-01Z-00-DX1_30208_28160.jpg,TCGA-SS-A7HO,TCGA-SS-A7HO-01Z-00-DX1,1,0.9997055,1
tumour/TCGA-SS-A7HO-01Z-00-DX1_30208_31232.jpg,TCGA-SS-A7HO,TCGA-SS-A7HO-01Z-00-DX1,1,0.9999169,1
tumour/TCGA-SS-A7HO-01Z-00-DX1_30208_31744.jpg,TCGA-SS-A7HO,TCGA-SS-A7HO-01Z-00-DX1,1,0.9999888,1
tumour/TCGA-SS-A7HO-01Z-00-DX1_30208_32768.jpg,TCGA-SS-A7HO,TCGA-SS-A7HO-01Z-00-DX1,1,0.99994135,1
tumour/TCGA-SS-A7HO-01Z-00-DX1_30208_34816.jpg,TCGA-SS-A7HO,TCGA-SS-A7HO-01Z-00-DX1,1,0.9985942,1
tumour/TCGA-SS-A7HO-01Z-00-DX1_30208_7168.jpg,TCGA-SS-A7HO,TCGA-SS-A7HO-01Z-00-DX1,1,0.9188377,1
tumour/TCGA-SS-A7HO-01Z-00-DX1_30208_9728.jpg,TCGA-SS-A7HO,TCGA-SS-A7HO-01Z-00-DX1,1,0.99953556,1
tumour/TCGA-SS-A7HO-01Z-00-DX1_30720_10240.jpg,TCGA-SS-A7HO,TCGA-SS-A7HO-01Z-00-DX1,1,0.99298006,1
tumour/TCGA-SS-A7HO-01Z-00-DX1_30720_10752.jpg,TCGA-SS-A7HO,TCGA-SS-A7HO-01Z-00-DX1,1,0.9920324,1
tumour/TCGA-SS-A7HO-01Z-00-DX1_30720_12288.jpg,TCGA-SS-A7HO,TCGA-SS-A7HO-01Z-00-DX1,1,0.9998172,1
tumour/TCGA-SS-A7HO-01Z-00-DX1_30720_13824.jpg,TCGA-SS-A7HO,TCGA-SS-A7HO-01Z-00-DX1,1,0.9991478,1
tumour/TCGA-SS-A7HO-01Z-00-DX1_30720_14336.jpg,TCGA-SS-A7HO,TCGA-SS-A7HO-01Z-00-DX1,1,0.99998605,1
tumour/TCGA-SS-A7HO-01Z-00-DX1_30720_14848.jpg,TCGA-SS-A7HO,TCGA-SS-A7HO-01Z-00-DX1,1,0.9994313,1
tumour/TCGA-SS-A7HO-01Z-00-DX1_30720_15360.jpg,TCGA-SS-A7HO,TCGA-SS-A7HO-01Z-00-DX1,1,0.99995434,1
tumour/TCGA-SS-A7HO-01Z-00-DX1_30720_16384.jpg,TCGA-SS-A7HO,TCGA-SS-A7HO-01Z-00-DX1,1,0.9974602,1
tumour/TCGA-SS-A7HO-01Z-00-DX1_30720_17408.jpg,TCGA-SS-A7HO,TCGA-SS-A7HO-01Z-00-DX1,1,0.99990284,1
tumour/TCGA-SS-A7HO-01Z-00-DX1_30720_17920.jpg,TCGA-SS-A7HO,TCGA-SS-A7HO-01Z-00-DX1,1,0.9985331,1
tumour/TCGA-SS-A7HO-01Z-00-DX1_30720_18432.jpg,TCGA-SS-A7HO,TCGA-SS-A7HO-01Z-00-DX1,1,0.99997866,1
tumour/TCGA-SS-A7HO-01Z-00-DX1_30720_18944.jpg,TCGA-SS-A7HO,TCGA-SS-A7HO-01Z-00-DX1,1,0.99938095,1
tumour/TCGA-SS-A7HO-01Z-00-DX1_30720_23040.jpg,TCGA-SS-A7HO,TCGA-SS-A7HO-01Z-00-DX1,1,0.99983835,1
tumour/TCGA-SS-A7HO-01Z-00-DX1_30720_23552.jpg,TCGA-SS-A7HO,TCGA-SS-A7HO-01Z-00-DX1,1,0.99993575,1
tumour/TCGA-SS-A7HO-01Z-00-DX1_30720_27136.jpg,TCGA-SS-A7HO,TCGA-SS-A7HO-01Z-00-DX1,1,0.9998354,1
tumour/TCGA-SS-A7HO-01Z-00-DX1_30720_27648.jpg,TCGA-SS-A7HO,TCGA-SS-A7HO-01Z-00-DX1,1,0.99941826,1
tumour/TCGA-SS-A7HO-01Z-00-DX1_30720_31232.jpg,TCGA-SS-A7HO,TCGA-SS-A7HO-01Z-00-DX1,1,0.9999919,1
tumour/TCGA-SS-A7HO-01Z-00-DX1_30720_31744.jpg,TCGA-SS-A7HO,TCGA-SS-A7HO-01Z-00-DX1,1,0.99994695,1
tumour/TCGA-SS-A7HO-01Z-00-DX1_30720_32768.jpg,TCGA-SS-A7HO,TCGA-SS-A7HO-01Z-00-DX1,1,0.9999187,1
tumour/TCGA-SS-A7HO-01Z-00-DX1_30720_34816.jpg,TCGA-SS-A7HO,TCGA-SS-A7HO-01Z-00-DX1,1,0.9998696,1
tumour/TCGA-SS-A7HO-01Z-00-DX1_30720_35328.jpg,TCGA-SS-A7HO,TCGA-SS-A7HO-01Z-00-DX1,1,0.9991767,1
tumour/TCGA-SS-A7HO-01Z-00-DX1_3072_8704.jpg,TCGA-SS-A7HO,TCGA-SS-A7HO-01Z-00-DX1,1,0.9983203,1
tumour/TCGA-SS-A7HO-01Z-00-DX1_31232_12800.jpg,TCGA-SS-A7HO,TCGA-SS-A7HO-01Z-00-DX1,1,0.99965656,1
tumour/TCGA-SS-A7HO-01Z-00-DX1_31232_13312.jpg,TCGA-SS-A7HO,TCGA-SS-A7HO-01Z-00-DX1,1,0.9996269,1
tumour/TCGA-SS-A7HO-01Z-00-DX1_31232_14848.jpg,TCGA-SS-A7HO,TCGA-SS-A7HO-01Z-00-DX1,1,0.9998259,1
tumour/TCGA-SS-A7HO-01Z-00-DX1_31232_15360.jpg,TCGA-SS-A7HO,TCGA-SS-A7HO-01Z-00-DX1,1,0.99986243,1
tumour/TCGA-SS-A7HO-01Z-00-DX1_31232_16384.jpg,TCGA-SS-A7HO,TCGA-SS-A7HO-01Z-00-DX1,1,0.99923444,1
tumour/TCGA-SS-A7HO-01Z-00-DX1_31232_17408.jpg,TCGA-SS-A7HO,TCGA-SS-A7HO-01Z-00-DX1,1,0.9963116,1
tumour/TCGA-SS-A7HO-01Z-00-DX1_31232_19456.jpg,TCGA-SS-A7HO,TCGA-SS-A7HO-01Z-00-DX1,1,0.9998035,1
tumour/TCGA-SS-A7HO-01Z-00-DX1_31232_22528.jpg,TCGA-SS-A7HO,TCGA-SS-A7HO-01Z-00-DX1,1,0.99965084,1
tumour/TCGA-SS-A7HO-01Z-00-DX1_31232_23040.jpg,TCGA-SS-A7HO,TCGA-SS-A7HO-01Z-00-DX1,1,0.9999393,1
tumour/TCGA-SS-A7HO-01Z-00-DX1_31232_23552.jpg,TCGA-SS-A7HO,TCGA-SS-A7HO-01Z-00-DX1,1,0.99217004,1
tumour/TCGA-SS-A7HO-01Z-00-DX1_31232_25088.jpg,TCGA-SS-A7HO,TCGA-SS-A7HO-01Z-00-DX1,1,0.3968467,0
tumour/TCGA-SS-A7HO-01Z-00-DX1_31232_27136.jpg,TCGA-SS-A7HO,TCGA-SS-A7HO-01Z-00-DX1,1,0.9915678,1
tumour/TCGA-SS-A7HO-01Z-00-DX1_31232_29696.jpg,TCGA-SS-A7HO,TCGA-SS-A7HO-01Z-00-DX1,1,0.9999832,1
tumour/TCGA-SS-A7HO-01Z-00-DX1_31232_31744.jpg,TCGA-SS-A7HO,TCGA-SS-A7HO-01Z-00-DX1,1,0.99994457,1
tumour/TCGA-SS-A7HO-01Z-00-DX1_31232_33280.jpg,TCGA-SS-A7HO,TCGA-SS-A7HO-01Z-00-DX1,1,0.99979216,1
tumour/TCGA-SS-A7HO-01Z-00-DX1_31232_34304.jpg,TCGA-SS-A7HO,TCGA-SS-A7HO-01Z-00-DX1,1,0.9998952,1
tumour/TCGA-SS-A7HO-01Z-00-DX1_31232_34816.jpg,TCGA-SS-A7HO,TCGA-SS-A7HO-01Z-00-DX1,1,0.9997427,1
tumour/TCGA-SS-A7HO-01Z-00-DX1_31232_5120.jpg,TCGA-SS-A7HO,TCGA-SS-A7HO-01Z-00-DX1,1,0.99150604,1
tumour/TCGA-SS-A7HO-01Z-00-DX1_31232_5632.jpg,TCGA-SS-A7HO,TCGA-SS-A7HO-01Z-00-DX1,1,0.99816483,1
tumour/TCGA-SS-A7HO-01Z-00-DX1_31232_7168.jpg,TCGA-SS-A7HO,TCGA-SS-A7HO-01Z-00-DX1,1,0.99615675,1
tumour/TCGA-SS-A7HO-01Z-00-DX1_31744_12288.jpg,TCGA-SS-A7HO,TCGA-SS-A7HO-01Z-00-DX1,1,0.9989405,1
tumour/TCGA-SS-A7HO-01Z-00-DX1_31744_12800.jpg,TCGA-SS-A7HO,TCGA-SS-A7HO-01Z-00-DX1,1,0.9985441,1
tumour/TCGA-SS-A7HO-01Z-00-DX1_31744_13312.jpg,TCGA-SS-A7HO,TCGA-SS-A7HO-01Z-00-DX1,1,0.9965113,1
tumour/TCGA-SS-A7HO-01Z-00-DX1_31744_14336.jpg,TCGA-SS-A7HO,TCGA-SS-A7HO-01Z-00-DX1,1,0.99954337,1
tumour/TCGA-SS-A7HO-01Z-00-DX1_31744_14848.jpg,TCGA-SS-A7HO,TCGA-SS-A7HO-01Z-00-DX1,1,0.99972576,1
tumour/TCGA-SS-A7HO-01Z-00-DX1_31744_15360.jpg,TCGA-SS-A7HO,TCGA-SS-A7HO-01Z-00-DX1,1,0.999175,1
tumour/TCGA-SS-A7HO-01Z-00-DX1_31744_23552.jpg,TCGA-SS-A7HO,TCGA-SS-A7HO-01Z-00-DX1,1,0.99995327,1
tumour/TCGA-SS-A7HO-01Z-00-DX1_31744_24064.jpg,TCGA-SS-A7HO,TCGA-SS-A7HO-01Z-00-DX1,1,0.9999348,1
tumour/TCGA-SS-A7HO-01Z-00-DX1_31744_24576.jpg,TCGA-SS-A7HO,TCGA-SS-A7HO-01Z-00-DX1,1,0.7898916,1
tumour/TCGA-SS-A7HO-01Z-00-DX1_31744_28672.jpg,TCGA-SS-A7HO,TCGA-SS-A7HO-01Z-00-DX1,1,0.9968821,1
tumour/TCGA-SS-A7HO-01Z-00-DX1_31744_29696.jpg,TCGA-SS-A7HO,TCGA-SS-A7HO-01Z-00-DX1,1,0.9964946,1
tumour/TCGA-SS-A7HO-01Z-00-DX1_31744_30208.jpg,TCGA-SS-A7HO,TCGA-SS-A7HO-01Z-00-DX1,1,0.99966335,1
tumour/TCGA-SS-A7HO-01Z-00-DX1_31744_30720.jpg,TCGA-SS-A7HO,TCGA-SS-A7HO-01Z-00-DX1,1,0.99923706,1
tumour/TCGA-SS-A7HO-01Z-00-DX1_31744_31232.jpg,TCGA-SS-A7HO,TCGA-SS-A7HO-01Z-00-DX1,1,0.9997079,1
tumour/TCGA-SS-A7HO-01Z-00-DX1_31744_32256.jpg,TCGA-SS-A7HO,TCGA-SS-A7HO-01Z-00-DX1,1,0.9999752,1
tumour/TCGA-SS-A7HO-01Z-00-DX1_31744_33792.jpg,TCGA-SS-A7HO,TCGA-SS-A7HO-01Z-00-DX1,1,0.99915874,1
tumour/TCGA-SS-A7HO-01Z-00-DX1_31744_34304.jpg,TCGA-SS-A7HO,TCGA-SS-A7HO-01Z-00-DX1,1,0.9998945,1
tumour/TCGA-SS-A7HO-01Z-00-DX1_31744_5120.jpg,TCGA-SS-A7HO,TCGA-SS-A7HO-01Z-00-DX1,1,0.9993643,1
tumour/TCGA-SS-A7HO-01Z-00-DX1_31744_6656.jpg,TCGA-SS-A7HO,TCGA-SS-A7HO-01Z-00-DX1,1,0.9992472,1
tumour/TCGA-SS-A7HO-01Z-00-DX1_31744_7168.jpg,TCGA-SS-A7HO,TCGA-SS-A7HO-01Z-00-DX1,1,0.99851376,1
tumour/TCGA-SS-A7HO-01Z-00-DX1_31744_7680.jpg,TCGA-SS-A7HO,TCGA-SS-A7HO-01Z-00-DX1,1,0.97980875,1
tumour/TCGA-SS-A7HO-01Z-00-DX1_31744_8704.jpg,TCGA-SS-A7HO,TCGA-SS-A7HO-01Z-00-DX1,1,0.6484193,1
tumour/TCGA-SS-A7HO-01Z-00-DX1_32256_12288.jpg,TCGA-SS-A7HO,TCGA-SS-A7HO-01Z-00-DX1,1,0.99420315,1
tumour/TCGA-SS-A7HO-01Z-00-DX1_32256_13312.jpg,TCGA-SS-A7HO,TCGA-SS-A7HO-01Z-00-DX1,1,0.9993129,1
tumour/TCGA-SS-A7HO-01Z-00-DX1_32256_13824.jpg,TCGA-SS-A7HO,TCGA-SS-A7HO-01Z-00-DX1,1,0.999406,1
tumour/TCGA-SS-A7HO-01Z-00-DX1_32256_14336.jpg,TCGA-SS-A7HO,TCGA-SS-A7HO-01Z-00-DX1,1,0.9997812,1
tumour/TCGA-SS-A7HO-01Z-00-DX1_32256_15872.jpg,TCGA-SS-A7HO,TCGA-SS-A7HO-01Z-00-DX1,1,0.9996891,1
tumour/TCGA-SS-A7HO-01Z-00-DX1_32256_23552.jpg,TCGA-SS-A7HO,TCGA-SS-A7HO-01Z-00-DX1,1,0.54437834,1
tumour/TCGA-SS-A7HO-01Z-00-DX1_32256_26112.jpg,TCGA-SS-A7HO,TCGA-SS-A7HO-01Z-00-DX1,1,0.9993476,1
tumour/TCGA-SS-A7HO-01Z-00-DX1_32256_26624.jpg,TCGA-SS-A7HO,TCGA-SS-A7HO-01Z-00-DX1,1,0.9997049,1
tumour/TCGA-SS-A7HO-01Z-00-DX1_32256_28672.jpg,TCGA-SS-A7HO,TCGA-SS-A7HO-01Z-00-DX1,1,0.9999738,1
tumour/TCGA-SS-A7HO-01Z-00-DX1_32256_29184.jpg,TCGA-SS-A7HO,TCGA-SS-A7HO-01Z-00-DX1,1,0.99994445,1
tumour/TCGA-SS-A7HO-01Z-00-DX1_32256_31232.jpg,TCGA-SS-A7HO,TCGA-SS-A7HO-01Z-00-DX1,1,0.9997844,1
tumour/TCGA-SS-A7HO-01Z-00-DX1_32256_33280.jpg,TCGA-SS-A7HO,TCGA-SS-A7HO-01Z-00-DX1,1,0.9997826,1
tumour/TCGA-SS-A7HO-01Z-00-DX1_32256_6144.jpg,TCGA-SS-A7HO,TCGA-SS-A7HO-01Z-00-DX1,1,0.97737086,1
tumour/TCGA-SS-A7HO-01Z-00-DX1_32256_6656.jpg,TCGA-SS-A7HO,TCGA-SS-A7HO-01Z-00-DX1,1,0.99411064,1
tumour/TCGA-SS-A7HO-01Z-00-DX1_32256_7168.jpg,TCGA-SS-A7HO,TCGA-SS-A7HO-01Z-00-DX1,1,0.9993825,1
tumour/TCGA-SS-A7HO-01Z-00-DX1_32256_8192.jpg,TCGA-SS-A7HO,TCGA-SS-A7HO-01Z-00-DX1,1,0.99169827,1
tumour/TCGA-SS-A7HO-01Z-00-DX1_32256_9216.jpg,TCGA-SS-A7HO,TCGA-SS-A7HO-01Z-00-DX1,1,0.9903638,1
tumour/TCGA-SS-A7HO-01Z-00-DX1_32768_13312.jpg,TCGA-SS-A7HO,TCGA-SS-A7HO-01Z-00-DX1,1,0.9954821,1
tumour/TCGA-SS-A7HO-01Z-00-DX1_32768_13824.jpg,TCGA-SS-A7HO,TCGA-SS-A7HO-01Z-00-DX1,1,0.999632,1
tumour/TCGA-SS-A7HO-01Z-00-DX1_32768_15360.jpg,TCGA-SS-A7HO,TCGA-SS-A7HO-01Z-00-DX1,1,0.9997193,1
tumour/TCGA-SS-A7HO-01Z-00-DX1_32768_25600.jpg,TCGA-SS-A7HO,TCGA-SS-A7HO-01Z-00-DX1,1,0.9999651,1
tumour/TCGA-SS-A7HO-01Z-00-DX1_32768_26112.jpg,TCGA-SS-A7HO,TCGA-SS-A7HO-01Z-00-DX1,1,0.9999639,1
tumour/TCGA-SS-A7HO-01Z-00-DX1_32768_26624.jpg,TCGA-SS-A7HO,TCGA-SS-A7HO-01Z-00-DX1,1,0.9992142,1
tumour/TCGA-SS-A7HO-01Z-00-DX1_32768_27648.jpg,TCGA-SS-A7HO,TCGA-SS-A7HO-01Z-00-DX1,1,0.9999685,1
tumour/TCGA-SS-A7HO-01Z-00-DX1_32768_28160.jpg,TCGA-SS-A7HO,TCGA-SS-A7HO-01Z-00-DX1,1,0.99971455,1
tumour/TCGA-SS-A7HO-01Z-00-DX1_32768_29696.jpg,TCGA-SS-A7HO,TCGA-SS-A7HO-01Z-00-DX1,1,0.99906546,1
tumour/TCGA-SS-A7HO-01Z-00-DX1_32768_30720.jpg,TCGA-SS-A7HO,TCGA-SS-A7HO-01Z-00-DX1,1,0.99336046,1
tumour/TCGA-SS-A7HO-01Z-00-DX1_32768_32256.jpg,TCGA-SS-A7HO,TCGA-SS-A7HO-01Z-00-DX1,1,0.9999279,1
tumour/TCGA-SS-A7HO-01Z-00-DX1_32768_33280.jpg,TCGA-SS-A7HO,TCGA-SS-A7HO-01Z-00-DX1,1,0.9999443,1
tumour/TCGA-SS-A7HO-01Z-00-DX1_32768_33792.jpg,TCGA-SS-A7HO,TCGA-SS-A7HO-01Z-00-DX1,1,0.999106,1
tumour/TCGA-SS-A7HO-01Z-00-DX1_32768_5120.jpg,TCGA-SS-A7HO,TCGA-SS-A7HO-01Z-00-DX1,1,0.99849236,1
tumour/TCGA-SS-A7HO-01Z-00-DX1_32768_5632.jpg,TCGA-SS-A7HO,TCGA-SS-A7HO-01Z-00-DX1,1,0.9945952,1
tumour/TCGA-SS-A7HO-01Z-00-DX1_32768_6144.jpg,TCGA-SS-A7HO,TCGA-SS-A7HO-01Z-00-DX1,1,0.990958,1
tumour/TCGA-SS-A7HO-01Z-00-DX1_32768_7680.jpg,TCGA-SS-A7HO,TCGA-SS-A7HO-01Z-00-DX1,1,0.99899405,1
tumour/TCGA-SS-A7HO-01Z-00-DX1_32768_9216.jpg,TCGA-SS-A7HO,TCGA-SS-A7HO-01Z-00-DX1,1,0.9768289,1
tumour/TCGA-SS-A7HO-01Z-00-DX1_32768_9728.jpg,TCGA-SS-A7HO,TCGA-SS-A7HO-01Z-00-DX1,1,0.9970018,1
tumour/TCGA-SS-A7HO-01Z-00-DX1_33280_10752.jpg,TCGA-SS-A7HO,TCGA-SS-A7HO-01Z-00-DX1,1,0.999634,1
tumour/TCGA-SS-A7HO-01Z-00-DX1_33280_14336.jpg,TCGA-SS-A7HO,TCGA-SS-A7HO-01Z-00-DX1,1,0.9998617,1
tumour/TCGA-SS-A7HO-01Z-00-DX1_33280_15360.jpg,TCGA-SS-A7HO,TCGA-SS-A7HO-01Z-00-DX1,1,0.9993111,1
tumour/TCGA-SS-A7HO-01Z-00-DX1_33280_16384.jpg,TCGA-SS-A7HO,TCGA-SS-A7HO-01Z-00-DX1,1,0.99983275,1
tumour/TCGA-SS-A7HO-01Z-00-DX1_33280_25600.jpg,TCGA-SS-A7HO,TCGA-SS-A7HO-01Z-00-DX1,1,0.9990252,1
tumour/TCGA-SS-A7HO-01Z-00-DX1_33280_26112.jpg,TCGA-SS-A7HO,TCGA-SS-A7HO-01Z-00-DX1,1,0.9999018,1
tumour/TCGA-SS-A7HO-01Z-00-DX1_33280_26624.jpg,TCGA-SS-A7HO,TCGA-SS-A7HO-01Z-00-DX1,1,0.99884987,1
tumour/TCGA-SS-A7HO-01Z-00-DX1_33280_27136.jpg,TCGA-SS-A7HO,TCGA-SS-A7HO-01Z-00-DX1,1,0.99968755,1
tumour/TCGA-SS-A7HO-01Z-00-DX1_33280_27648.jpg,TCGA-SS-A7HO,TCGA-SS-A7HO-01Z-00-DX1,1,0.9999064,1
tumour/TCGA-SS-A7HO-01Z-00-DX1_33280_28160.jpg,TCGA-SS-A7HO,TCGA-SS-A7HO-01Z-00-DX1,1,0.9984732,1
tumour/TCGA-SS-A7HO-01Z-00-DX1_33280_29184.jpg,TCGA-SS-A7HO,TCGA-SS-A7HO-01Z-00-DX1,1,0.9999505,1
tumour/TCGA-SS-A7HO-01Z-00-DX1_33280_29696.jpg,TCGA-SS-A7HO,TCGA-SS-A7HO-01Z-00-DX1,1,0.99687684,1
tumour/TCGA-SS-A7HO-01Z-00-DX1_33280_30208.jpg,TCGA-SS-A7HO,TCGA-SS-A7HO-01Z-00-DX1,1,0.99998033,1
tumour/TCGA-SS-A7HO-01Z-00-DX1_33280_30720.jpg,TCGA-SS-A7HO,TCGA-SS-A7HO-01Z-00-DX1,1,0.9998211,1
tumour/TCGA-SS-A7HO-01Z-00-DX1_33280_31232.jpg,TCGA-SS-A7HO,TCGA-SS-A7HO-01Z-00-DX1,1,0.998315,1
tumour/TCGA-SS-A7HO-01Z-00-DX1_33280_32768.jpg,TCGA-SS-A7HO,TCGA-SS-A7HO-01Z-00-DX1,1,0.9999602,1
tumour/TCGA-SS-A7HO-01Z-00-DX1_33280_33280.jpg,TCGA-SS-A7HO,TCGA-SS-A7HO-01Z-00-DX1,1,0.9999815,1
tumour/TCGA-SS-A7HO-01Z-00-DX1_33280_4608.jpg,TCGA-SS-A7HO,TCGA-SS-A7HO-01Z-00-DX1,1,0.9926132,1
tumour/TCGA-SS-A7HO-01Z-00-DX1_33280_8192.jpg,TCGA-SS-A7HO,TCGA-SS-A7HO-01Z-00-DX1,1,0.99956304,1
tumour/TCGA-SS-A7HO-01Z-00-DX1_33280_8704.jpg,TCGA-SS-A7HO,TCGA-SS-A7HO-01Z-00-DX1,1,0.986498,1
tumour/TCGA-SS-A7HO-01Z-00-DX1_33792_10752.jpg,TCGA-SS-A7HO,TCGA-SS-A7HO-01Z-00-DX1,1,0.9996171,1
tumour/TCGA-SS-A7HO-01Z-00-DX1_33792_14336.jpg,TCGA-SS-A7HO,TCGA-SS-A7HO-01Z-00-DX1,1,0.9993358,1
tumour/TCGA-SS-A7HO-01Z-00-DX1_33792_15872.jpg,TCGA-SS-A7HO,TCGA-SS-A7HO-01Z-00-DX1,1,0.99996054,1
tumour/TCGA-SS-A7HO-01Z-00-DX1_33792_25600.jpg,TCGA-SS-A7HO,TCGA-SS-A7HO-01Z-00-DX1,1,0.999992,1
tumour/TCGA-SS-A7HO-01Z-00-DX1_33792_26112.jpg,TCGA-SS-A7HO,TCGA-SS-A7HO-01Z-00-DX1,1,0.9999368,1
tumour/TCGA-SS-A7HO-01Z-00-DX1_33792_27648.jpg,TCGA-SS-A7HO,TCGA-SS-A7HO-01Z-00-DX1,1,0.99942833,1
tumour/TCGA-SS-A7HO-01Z-00-DX1_33792_29696.jpg,TCGA-SS-A7HO,TCGA-SS-A7HO-01Z-00-DX1,1,0.99990654,1
tumour/TCGA-SS-A7HO-01Z-00-DX1_33792_30208.jpg,TCGA-SS-A7HO,TCGA-SS-A7HO-01Z-00-DX1,1,0.999534,1
tumour/TCGA-SS-A7HO-01Z-00-DX1_33792_31232.jpg,TCGA-SS-A7HO,TCGA-SS-A7HO-01Z-00-DX1,1,0.9947466,1
tumour/TCGA-SS-A7HO-01Z-00-DX1_33792_31744.jpg,TCGA-SS-A7HO,TCGA-SS-A7HO-01Z-00-DX1,1,0.9999075,1
tumour/TCGA-SS-A7HO-01Z-00-DX1_33792_32256.jpg,TCGA-SS-A7HO,TCGA-SS-A7HO-01Z-00-DX1,1,0.9999604,1
tumour/TCGA-SS-A7HO-01Z-00-DX1_33792_32768.jpg,TCGA-SS-A7HO,TCGA-SS-A7HO-01Z-00-DX1,1,0.9998247,1
tumour/TCGA-SS-A7HO-01Z-00-DX1_33792_33280.jpg,TCGA-SS-A7HO,TCGA-SS-A7HO-01Z-00-DX1,1,0.9992248,1
tumour/TCGA-SS-A7HO-01Z-00-DX1_33792_4608.jpg,TCGA-SS-A7HO,TCGA-SS-A7HO-01Z-00-DX1,1,0.98685837,1
tumour/TCGA-SS-A7HO-01Z-00-DX1_33792_6656.jpg,TCGA-SS-A7HO,TCGA-SS-A7HO-01Z-00-DX1,1,0.9976186,1
tumour/TCGA-SS-A7HO-01Z-00-DX1_33792_7168.jpg,TCGA-SS-A7HO,TCGA-SS-A7HO-01Z-00-DX1,1,0.99878234,1
tumour/TCGA-SS-A7HO-01Z-00-DX1_33792_7680.jpg,TCGA-SS-A7HO,TCGA-SS-A7HO-01Z-00-DX1,1,0.9981061,1
tumour/TCGA-SS-A7HO-01Z-00-DX1_33792_9216.jpg,TCGA-SS-A7HO,TCGA-SS-A7HO-01Z-00-DX1,1,0.9980038,1
tumour/TCGA-SS-A7HO-01Z-00-DX1_34304_11776.jpg,TCGA-SS-A7HO,TCGA-SS-A7HO-01Z-00-DX1,1,0.99922097,1
tumour/TCGA-SS-A7HO-01Z-00-DX1_34304_12288.jpg,TCGA-SS-A7HO,TCGA-SS-A7HO-01Z-00-DX1,1,0.99979156,1
tumour/TCGA-SS-A7HO-01Z-00-DX1_34304_14848.jpg,TCGA-SS-A7HO,TCGA-SS-A7HO-01Z-00-DX1,1,0.99931014,1
tumour/TCGA-SS-A7HO-01Z-00-DX1_34304_15360.jpg,TCGA-SS-A7HO,TCGA-SS-A7HO-01Z-00-DX1,1,0.999231,1
tumour/TCGA-SS-A7HO-01Z-00-DX1_34304_23040.jpg,TCGA-SS-A7HO,TCGA-SS-A7HO-01Z-00-DX1,1,0.99953234,1
tumour/TCGA-SS-A7HO-01Z-00-DX1_34304_23552.jpg,TCGA-SS-A7HO,TCGA-SS-A7HO-01Z-00-DX1,1,0.9997435,1
tumour/TCGA-SS-A7HO-01Z-00-DX1_34304_24064.jpg,TCGA-SS-A7HO,TCGA-SS-A7HO-01Z-00-DX1,1,0.9995215,1
tumour/TCGA-SS-A7HO-01Z-00-DX1_34304_24576.jpg,TCGA-SS-A7HO,TCGA-SS-A7HO-01Z-00-DX1,1,0.9996898,1
tumour/TCGA-SS-A7HO-01Z-00-DX1_34304_25088.jpg,TCGA-SS-A7HO,TCGA-SS-A7HO-01Z-00-DX1,1,0.999488,1
tumour/TCGA-SS-A7HO-01Z-00-DX1_34304_25600.jpg,TCGA-SS-A7HO,TCGA-SS-A7HO-01Z-00-DX1,1,0.9965509,1
tumour/TCGA-SS-A7HO-01Z-00-DX1_34304_26624.jpg,TCGA-SS-A7HO,TCGA-SS-A7HO-01Z-00-DX1,1,0.99987316,1
tumour/TCGA-SS-A7HO-01Z-00-DX1_34304_28160.jpg,TCGA-SS-A7HO,TCGA-SS-A7HO-01Z-00-DX1,1,0.999521,1
tumour/TCGA-SS-A7HO-01Z-00-DX1_34304_31232.jpg,TCGA-SS-A7HO,TCGA-SS-A7HO-01Z-00-DX1,1,0.99980766,1
tumour/TCGA-SS-A7HO-01Z-00-DX1_34304_31744.jpg,TCGA-SS-A7HO,TCGA-SS-A7HO-01Z-00-DX1,1,0.9996145,1
tumour/TCGA-SS-A7HO-01Z-00-DX1_34304_32256.jpg,TCGA-SS-A7HO,TCGA-SS-A7HO-01Z-00-DX1,1,0.99995625,1
tumour/TCGA-SS-A7HO-01Z-00-DX1_34304_3584.jpg,TCGA-SS-A7HO,TCGA-SS-A7HO-01Z-00-DX1,1,0.9877264,1
tumour/TCGA-SS-A7HO-01Z-00-DX1_34304_4608.jpg,TCGA-SS-A7HO,TCGA-SS-A7HO-01Z-00-DX1,1,0.98852414,1
tumour/TCGA-SS-A7HO-01Z-00-DX1_34304_6656.jpg,TCGA-SS-A7HO,TCGA-SS-A7HO-01Z-00-DX1,1,0.9932006,1
tumour/TCGA-SS-A7HO-01Z-00-DX1_34304_7680.jpg,TCGA-SS-A7HO,TCGA-SS-A7HO-01Z-00-DX1,1,0.99590707,1
tumour/TCGA-SS-A7HO-01Z-00-DX1_34304_9728.jpg,TCGA-SS-A7HO,TCGA-SS-A7HO-01Z-00-DX1,1,0.99231404,1
tumour/TCGA-SS-A7HO-01Z-00-DX1_34816_11264.jpg,TCGA-SS-A7HO,TCGA-SS-A7HO-01Z-00-DX1,1,0.9977087,1
tumour/TCGA-SS-A7HO-01Z-00-DX1_34816_12288.jpg,TCGA-SS-A7HO,TCGA-SS-A7HO-01Z-00-DX1,1,0.9998971,1
tumour/TCGA-SS-A7HO-01Z-00-DX1_34816_19456.jpg,TCGA-SS-A7HO,TCGA-SS-A7HO-01Z-00-DX1,1,0.9999728,1
tumour/TCGA-SS-A7HO-01Z-00-DX1_34816_24064.jpg,TCGA-SS-A7HO,TCGA-SS-A7HO-01Z-00-DX1,1,0.99996173,1
tumour/TCGA-SS-A7HO-01Z-00-DX1_34816_24576.jpg,TCGA-SS-A7HO,TCGA-SS-A7HO-01Z-00-DX1,1,0.9999647,1
tumour/TCGA-SS-A7HO-01Z-00-DX1_34816_26112.jpg,TCGA-SS-A7HO,TCGA-SS-A7HO-01Z-00-DX1,1,0.9997923,1
tumour/TCGA-SS-A7HO-01Z-00-DX1_34816_26624.jpg,TCGA-SS-A7HO,TCGA-SS-A7HO-01Z-00-DX1,1,0.9999676,1
tumour/TCGA-SS-A7HO-01Z-00-DX1_34816_27136.jpg,TCGA-SS-A7HO,TCGA-SS-A7HO-01Z-00-DX1,1,0.9995054,1
tumour/TCGA-SS-A7HO-01Z-00-DX1_34816_29696.jpg,TCGA-SS-A7HO,TCGA-SS-A7HO-01Z-00-DX1,1,0.997074,1
tumour/TCGA-SS-A7HO-01Z-00-DX1_34816_30208.jpg,TCGA-SS-A7HO,TCGA-SS-A7HO-01Z-00-DX1,1,0.99953914,1
tumour/TCGA-SS-A7HO-01Z-00-DX1_34816_3072.jpg,TCGA-SS-A7HO,TCGA-SS-A7HO-01Z-00-DX1,1,0.9956897,1
tumour/TCGA-SS-A7HO-01Z-00-DX1_34816_32768.jpg,TCGA-SS-A7HO,TCGA-SS-A7HO-01Z-00-DX1,1,0.13342075,0
tumour/TCGA-SS-A7HO-01Z-00-DX1_34816_3584.jpg,TCGA-SS-A7HO,TCGA-SS-A7HO-01Z-00-DX1,1,0.98938084,1
tumour/TCGA-SS-A7HO-01Z-00-DX1_34816_4096.jpg,TCGA-SS-A7HO,TCGA-SS-A7HO-01Z-00-DX1,1,0.95858765,1
tumour/TCGA-SS-A7HO-01Z-00-DX1_34816_4608.jpg,TCGA-SS-A7HO,TCGA-SS-A7HO-01Z-00-DX1,1,0.99299073,1
tumour/TCGA-SS-A7HO-01Z-00-DX1_34816_5120.jpg,TCGA-SS-A7HO,TCGA-SS-A7HO-01Z-00-DX1,1,0.99840933,1
tumour/TCGA-SS-A7HO-01Z-00-DX1_34816_5632.jpg,TCGA-SS-A7HO,TCGA-SS-A7HO-01Z-00-DX1,1,0.9991749,1
tumour/TCGA-SS-A7HO-01Z-00-DX1_34816_6144.jpg,TCGA-SS-A7HO,TCGA-SS-A7HO-01Z-00-DX1,1,0.9998449,1
tumour/TCGA-SS-A7HO-01Z-00-DX1_34816_6656.jpg,TCGA-SS-A7HO,TCGA-SS-A7HO-01Z-00-DX1,1,0.9997763,1
tumour/TCGA-SS-A7HO-01Z-00-DX1_34816_8192.jpg,TCGA-SS-A7HO,TCGA-SS-A7HO-01Z-00-DX1,1,0.99680686,1
tumour/TCGA-SS-A7HO-01Z-00-DX1_34816_8704.jpg,TCGA-SS-A7HO,TCGA-SS-A7HO-01Z-00-DX1,1,0.999343,1
tumour/TCGA-SS-A7HO-01Z-00-DX1_34816_9216.jpg,TCGA-SS-A7HO,TCGA-SS-A7HO-01Z-00-DX1,1,0.9998073,1
tumour/TCGA-SS-A7HO-01Z-00-DX1_34816_9728.jpg,TCGA-SS-A7HO,TCGA-SS-A7HO-01Z-00-DX1,1,0.9964844,1
tumour/TCGA-SS-A7HO-01Z-00-DX1_35328_10752.jpg,TCGA-SS-A7HO,TCGA-SS-A7HO-01Z-00-DX1,1,0.99657106,1
tumour/TCGA-SS-A7HO-01Z-00-DX1_35328_11264.jpg,TCGA-SS-A7HO,TCGA-SS-A7HO-01Z-00-DX1,1,0.99693054,1
tumour/TCGA-SS-A7HO-01Z-00-DX1_35328_12288.jpg,TCGA-SS-A7HO,TCGA-SS-A7HO-01Z-00-DX1,1,0.99949,1
tumour/TCGA-SS-A7HO-01Z-00-DX1_35328_18432.jpg,TCGA-SS-A7HO,TCGA-SS-A7HO-01Z-00-DX1,1,0.99530447,1
tumour/TCGA-SS-A7HO-01Z-00-DX1_35328_19456.jpg,TCGA-SS-A7HO,TCGA-SS-A7HO-01Z-00-DX1,1,0.9993267,1
tumour/TCGA-SS-A7HO-01Z-00-DX1_35328_19968.jpg,TCGA-SS-A7HO,TCGA-SS-A7HO-01Z-00-DX1,1,0.99996924,1
tumour/TCGA-SS-A7HO-01Z-00-DX1_35328_22528.jpg,TCGA-SS-A7HO,TCGA-SS-A7HO-01Z-00-DX1,1,0.99419045,1
tumour/TCGA-SS-A7HO-01Z-00-DX1_35328_23040.jpg,TCGA-SS-A7HO,TCGA-SS-A7HO-01Z-00-DX1,1,0.9993697,1
tumour/TCGA-SS-A7HO-01Z-00-DX1_35328_23552.jpg,TCGA-SS-A7HO,TCGA-SS-A7HO-01Z-00-DX1,1,0.99981743,1
tumour/TCGA-SS-A7HO-01Z-00-DX1_35328_24064.jpg,TCGA-SS-A7HO,TCGA-SS-A7HO-01Z-00-DX1,1,0.9998542,1
tumour/TCGA-SS-A7HO-01Z-00-DX1_35328_25600.jpg,TCGA-SS-A7HO,TCGA-SS-A7HO-01Z-00-DX1,1,0.9999751,1
tumour/TCGA-SS-A7HO-01Z-00-DX1_35328_26112.jpg,TCGA-SS-A7HO,TCGA-SS-A7HO-01Z-00-DX1,1,0.998909,1
tumour/TCGA-SS-A7HO-01Z-00-DX1_35328_27648.jpg,TCGA-SS-A7HO,TCGA-SS-A7HO-01Z-00-DX1,1,0.9986791,1
tumour/TCGA-SS-A7HO-01Z-00-DX1_35328_28160.jpg,TCGA-SS-A7HO,TCGA-SS-A7HO-01Z-00-DX1,1,0.9999628,1
tumour/TCGA-SS-A7HO-01Z-00-DX1_35328_29184.jpg,TCGA-SS-A7HO,TCGA-SS-A7HO-01Z-00-DX1,1,0.99993205,1
tumour/TCGA-SS-A7HO-01Z-00-DX1_35328_31232.jpg,TCGA-SS-A7HO,TCGA-SS-A7HO-01Z-00-DX1,1,0.9914117,1
tumour/TCGA-SS-A7HO-01Z-00-DX1_35328_3584.jpg,TCGA-SS-A7HO,TCGA-SS-A7HO-01Z-00-DX1,1,0.99549377,1
tumour/TCGA-SS-A7HO-01Z-00-DX1_35328_4096.jpg,TCGA-SS-A7HO,TCGA-SS-A7HO-01Z-00-DX1,1,0.8091544,1
tumour/TCGA-SS-A7HO-01Z-00-DX1_35328_5120.jpg,TCGA-SS-A7HO,TCGA-SS-A7HO-01Z-00-DX1,1,0.9995931,1
tumour/TCGA-SS-A7HO-01Z-00-DX1_35328_5632.jpg,TCGA-SS-A7HO,TCGA-SS-A7HO-01Z-00-DX1,1,0.9985796,1
tumour/TCGA-SS-A7HO-01Z-00-DX1_35328_6144.jpg,TCGA-SS-A7HO,TCGA-SS-A7HO-01Z-00-DX1,1,0.9982834,1
tumour/TCGA-SS-A7HO-01Z-00-DX1_35328_6656.jpg,TCGA-SS-A7HO,TCGA-SS-A7HO-01Z-00-DX1,1,0.99912435,1
tumour/TCGA-SS-A7HO-01Z-00-DX1_35328_7168.jpg,TCGA-SS-A7HO,TCGA-SS-A7HO-01Z-00-DX1,1,0.9998828,1
tumour/TCGA-SS-A7HO-01Z-00-DX1_35328_7680.jpg,TCGA-SS-A7HO,TCGA-SS-A7HO-01Z-00-DX1,1,0.997632,1
tumour/TCGA-SS-A7HO-01Z-00-DX1_35328_8192.jpg,TCGA-SS-A7HO,TCGA-SS-A7HO-01Z-00-DX1,1,0.9997944,1
tumour/TCGA-SS-A7HO-01Z-00-DX1_35328_9216.jpg,TCGA-SS-A7HO,TCGA-SS-A7HO-01Z-00-DX1,1,0.99509275,1
tumour/TCGA-SS-A7HO-01Z-00-DX1_35328_9728.jpg,TCGA-SS-A7HO,TCGA-SS-A7HO-01Z-00-DX1,1,0.9909882,1
tumour/TCGA-SS-A7HO-01Z-00-DX1_35840_10752.jpg,TCGA-SS-A7HO,TCGA-SS-A7HO-01Z-00-DX1,1,0.9996512,1
tumour/TCGA-SS-A7HO-01Z-00-DX1_35840_11776.jpg,TCGA-SS-A7HO,TCGA-SS-A7HO-01Z-00-DX1,1,0.99932957,1
tumour/TCGA-SS-A7HO-01Z-00-DX1_35840_13824.jpg,TCGA-SS-A7HO,TCGA-SS-A7HO-01Z-00-DX1,1,0.9989894,1
tumour/TCGA-SS-A7HO-01Z-00-DX1_35840_14336.jpg,TCGA-SS-A7HO,TCGA-SS-A7HO-01Z-00-DX1,1,0.99690765,1
tumour/TCGA-SS-A7HO-01Z-00-DX1_35840_17408.jpg,TCGA-SS-A7HO,TCGA-SS-A7HO-01Z-00-DX1,1,0.965327,1
tumour/TCGA-SS-A7HO-01Z-00-DX1_35840_17920.jpg,TCGA-SS-A7HO,TCGA-SS-A7HO-01Z-00-DX1,1,0.9993237,1
tumour/TCGA-SS-A7HO-01Z-00-DX1_35840_19968.jpg,TCGA-SS-A7HO,TCGA-SS-A7HO-01Z-00-DX1,1,0.99981254,1
tumour/TCGA-SS-A7HO-01Z-00-DX1_35840_20480.jpg,TCGA-SS-A7HO,TCGA-SS-A7HO-01Z-00-DX1,1,0.99963486,1
tumour/TCGA-SS-A7HO-01Z-00-DX1_35840_20992.jpg,TCGA-SS-A7HO,TCGA-SS-A7HO-01Z-00-DX1,1,0.9984831,1
tumour/TCGA-SS-A7HO-01Z-00-DX1_35840_22528.jpg,TCGA-SS-A7HO,TCGA-SS-A7HO-01Z-00-DX1,1,0.994905,1
tumour/TCGA-SS-A7HO-01Z-00-DX1_35840_23552.jpg,TCGA-SS-A7HO,TCGA-SS-A7HO-01Z-00-DX1,1,0.99959713,1
tumour/TCGA-SS-A7HO-01Z-00-DX1_35840_27648.jpg,TCGA-SS-A7HO,TCGA-SS-A7HO-01Z-00-DX1,1,0.99972004,1
tumour/TCGA-SS-A7HO-01Z-00-DX1_35840_28672.jpg,TCGA-SS-A7HO,TCGA-SS-A7HO-01Z-00-DX1,1,0.9999502,1
tumour/TCGA-SS-A7HO-01Z-00-DX1_35840_29696.jpg,TCGA-SS-A7HO,TCGA-SS-A7HO-01Z-00-DX1,1,0.99977046,1
tumour/TCGA-SS-A7HO-01Z-00-DX1_35840_30208.jpg,TCGA-SS-A7HO,TCGA-SS-A7HO-01Z-00-DX1,1,0.9993561,1
tumour/TCGA-SS-A7HO-01Z-00-DX1_35840_3072.jpg,TCGA-SS-A7HO,TCGA-SS-A7HO-01Z-00-DX1,1,0.99853075,1
tumour/TCGA-SS-A7HO-01Z-00-DX1_35840_31232.jpg,TCGA-SS-A7HO,TCGA-SS-A7HO-01Z-00-DX1,1,0.95260346,1
tumour/TCGA-SS-A7HO-01Z-00-DX1_35840_5120.jpg,TCGA-SS-A7HO,TCGA-SS-A7HO-01Z-00-DX1,1,0.9993992,1
tumour/TCGA-SS-A7HO-01Z-00-DX1_35840_5632.jpg,TCGA-SS-A7HO,TCGA-SS-A7HO-01Z-00-DX1,1,0.9944788,1
tumour/TCGA-SS-A7HO-01Z-00-DX1_35840_6144.jpg,TCGA-SS-A7HO,TCGA-SS-A7HO-01Z-00-DX1,1,0.99895537,1
tumour/TCGA-SS-A7HO-01Z-00-DX1_35840_6656.jpg,TCGA-SS-A7HO,TCGA-SS-A7HO-01Z-00-DX1,1,0.99913174,1
tumour/TCGA-SS-A7HO-01Z-00-DX1_35840_7680.jpg,TCGA-SS-A7HO,TCGA-SS-A7HO-01Z-00-DX1,1,0.9980603,1
tumour/TCGA-SS-A7HO-01Z-00-DX1_35840_8192.jpg,TCGA-SS-A7HO,TCGA-SS-A7HO-01Z-00-DX1,1,0.9975865,1
tumour/TCGA-SS-A7HO-01Z-00-DX1_35840_8704.jpg,TCGA-SS-A7HO,TCGA-SS-A7HO-01Z-00-DX1,1,0.99989736,1
tumour/TCGA-SS-A7HO-01Z-00-DX1_35840_9216.jpg,TCGA-SS-A7HO,TCGA-SS-A7HO-01Z-00-DX1,1,0.99816316,1
tumour/TCGA-SS-A7HO-01Z-00-DX1_3584_10240.jpg,TCGA-SS-A7HO,TCGA-SS-A7HO-01Z-00-DX1,1,0.9988907,1
tumour/TCGA-SS-A7HO-01Z-00-DX1_3584_10752.jpg,TCGA-SS-A7HO,TCGA-SS-A7HO-01Z-00-DX1,1,0.99995923,1
tumour/TCGA-SS-A7HO-01Z-00-DX1_3584_11776.jpg,TCGA-SS-A7HO,TCGA-SS-A7HO-01Z-00-DX1,1,0.9999597,1
tumour/TCGA-SS-A7HO-01Z-00-DX1_3584_12288.jpg,TCGA-SS-A7HO,TCGA-SS-A7HO-01Z-00-DX1,1,0.9997383,1
tumour/TCGA-SS-A7HO-01Z-00-DX1_3584_12800.jpg,TCGA-SS-A7HO,TCGA-SS-A7HO-01Z-00-DX1,1,0.99968815,1
tumour/TCGA-SS-A7HO-01Z-00-DX1_3584_7680.jpg,TCGA-SS-A7HO,TCGA-SS-A7HO-01Z-00-DX1,1,0.9943943,1
tumour/TCGA-SS-A7HO-01Z-00-DX1_3584_8192.jpg,TCGA-SS-A7HO,TCGA-SS-A7HO-01Z-00-DX1,1,0.99478984,1
tumour/TCGA-SS-A7HO-01Z-00-DX1_36352_10240.jpg,TCGA-SS-A7HO,TCGA-SS-A7HO-01Z-00-DX1,1,0.99831957,1
tumour/TCGA-SS-A7HO-01Z-00-DX1_36352_17408.jpg,TCGA-SS-A7HO,TCGA-SS-A7HO-01Z-00-DX1,1,0.99995196,1
tumour/TCGA-SS-A7HO-01Z-00-DX1_36352_18432.jpg,TCGA-SS-A7HO,TCGA-SS-A7HO-01Z-00-DX1,1,0.99538594,1
tumour/TCGA-SS-A7HO-01Z-00-DX1_36352_18944.jpg,TCGA-SS-A7HO,TCGA-SS-A7HO-01Z-00-DX1,1,0.99976546,1
tumour/TCGA-SS-A7HO-01Z-00-DX1_36352_23552.jpg,TCGA-SS-A7HO,TCGA-SS-A7HO-01Z-00-DX1,1,0.9998996,1
tumour/TCGA-SS-A7HO-01Z-00-DX1_36352_24064.jpg,TCGA-SS-A7HO,TCGA-SS-A7HO-01Z-00-DX1,1,0.9973143,1
tumour/TCGA-SS-A7HO-01Z-00-DX1_36352_24576.jpg,TCGA-SS-A7HO,TCGA-SS-A7HO-01Z-00-DX1,1,0.9915863,1
tumour/TCGA-SS-A7HO-01Z-00-DX1_36352_25088.jpg,TCGA-SS-A7HO,TCGA-SS-A7HO-01Z-00-DX1,1,0.9964498,1
tumour/TCGA-SS-A7HO-01Z-00-DX1_36352_2560.jpg,TCGA-SS-A7HO,TCGA-SS-A7HO-01Z-00-DX1,1,0.9980591,1
tumour/TCGA-SS-A7HO-01Z-00-DX1_36352_26624.jpg,TCGA-SS-A7HO,TCGA-SS-A7HO-01Z-00-DX1,1,0.99999285,1
tumour/TCGA-SS-A7HO-01Z-00-DX1_36352_27136.jpg,TCGA-SS-A7HO,TCGA-SS-A7HO-01Z-00-DX1,1,0.999923,1
tumour/TCGA-SS-A7HO-01Z-00-DX1_36352_27648.jpg,TCGA-SS-A7HO,TCGA-SS-A7HO-01Z-00-DX1,1,0.999385,1
tumour/TCGA-SS-A7HO-01Z-00-DX1_36352_28160.jpg,TCGA-SS-A7HO,TCGA-SS-A7HO-01Z-00-DX1,1,0.99088085,1
tumour/TCGA-SS-A7HO-01Z-00-DX1_36352_28672.jpg,TCGA-SS-A7HO,TCGA-SS-A7HO-01Z-00-DX1,1,0.9973822,1
tumour/TCGA-SS-A7HO-01Z-00-DX1_36352_29184.jpg,TCGA-SS-A7HO,TCGA-SS-A7HO-01Z-00-DX1,1,0.9996346,1
tumour/TCGA-SS-A7HO-01Z-00-DX1_36352_30208.jpg,TCGA-SS-A7HO,TCGA-SS-A7HO-01Z-00-DX1,1,0.99950707,1
tumour/TCGA-SS-A7HO-01Z-00-DX1_36352_31232.jpg,TCGA-SS-A7HO,TCGA-SS-A7HO-01Z-00-DX1,1,0.9981462,1
tumour/TCGA-SS-A7HO-01Z-00-DX1_36352_5120.jpg,TCGA-SS-A7HO,TCGA-SS-A7HO-01Z-00-DX1,1,0.9953608,1
tumour/TCGA-SS-A7HO-01Z-00-DX1_36352_6656.jpg,TCGA-SS-A7HO,TCGA-SS-A7HO-01Z-00-DX1,1,0.9983816,1
tumour/TCGA-SS-A7HO-01Z-00-DX1_36352_7680.jpg,TCGA-SS-A7HO,TCGA-SS-A7HO-01Z-00-DX1,1,0.9982266,1
tumour/TCGA-SS-A7HO-01Z-00-DX1_36352_8704.jpg,TCGA-SS-A7HO,TCGA-SS-A7HO-01Z-00-DX1,1,0.99886274,1
tumour/TCGA-SS-A7HO-01Z-00-DX1_36352_9216.jpg,TCGA-SS-A7HO,TCGA-SS-A7HO-01Z-00-DX1,1,0.99803287,1
tumour/TCGA-SS-A7HO-01Z-00-DX1_36352_9728.jpg,TCGA-SS-A7HO,TCGA-SS-A7HO-01Z-00-DX1,1,0.98994094,1
tumour/TCGA-SS-A7HO-01Z-00-DX1_36864_16896.jpg,TCGA-SS-A7HO,TCGA-SS-A7HO-01Z-00-DX1,1,0.9968863,1
tumour/TCGA-SS-A7HO-01Z-00-DX1_36864_18432.jpg,TCGA-SS-A7HO,TCGA-SS-A7HO-01Z-00-DX1,1,0.99816763,1
tumour/TCGA-SS-A7HO-01Z-00-DX1_36864_19968.jpg,TCGA-SS-A7HO,TCGA-SS-A7HO-01Z-00-DX1,1,0.9999325,1
tumour/TCGA-SS-A7HO-01Z-00-DX1_36864_22528.jpg,TCGA-SS-A7HO,TCGA-SS-A7HO-01Z-00-DX1,1,0.99811363,1
tumour/TCGA-SS-A7HO-01Z-00-DX1_36864_23040.jpg,TCGA-SS-A7HO,TCGA-SS-A7HO-01Z-00-DX1,1,0.9998362,1
tumour/TCGA-SS-A7HO-01Z-00-DX1_36864_24064.jpg,TCGA-SS-A7HO,TCGA-SS-A7HO-01Z-00-DX1,1,0.9581973,1
tumour/TCGA-SS-A7HO-01Z-00-DX1_36864_25088.jpg,TCGA-SS-A7HO,TCGA-SS-A7HO-01Z-00-DX1,1,0.9983152,1
tumour/TCGA-SS-A7HO-01Z-00-DX1_36864_2560.jpg,TCGA-SS-A7HO,TCGA-SS-A7HO-01Z-00-DX1,1,0.988196,1
tumour/TCGA-SS-A7HO-01Z-00-DX1_36864_25600.jpg,TCGA-SS-A7HO,TCGA-SS-A7HO-01Z-00-DX1,1,0.99972063,1
tumour/TCGA-SS-A7HO-01Z-00-DX1_36864_26112.jpg,TCGA-SS-A7HO,TCGA-SS-A7HO-01Z-00-DX1,1,0.9993206,1
tumour/TCGA-SS-A7HO-01Z-00-DX1_36864_26624.jpg,TCGA-SS-A7HO,TCGA-SS-A7HO-01Z-00-DX1,1,0.99977154,1
tumour/TCGA-SS-A7HO-01Z-00-DX1_36864_28160.jpg,TCGA-SS-A7HO,TCGA-SS-A7HO-01Z-00-DX1,1,0.99980694,1
tumour/TCGA-SS-A7HO-01Z-00-DX1_36864_29696.jpg,TCGA-SS-A7HO,TCGA-SS-A7HO-01Z-00-DX1,1,0.9999069,1
tumour/TCGA-SS-A7HO-01Z-00-DX1_36864_3072.jpg,TCGA-SS-A7HO,TCGA-SS-A7HO-01Z-00-DX1,1,0.98249835,1
tumour/TCGA-SS-A7HO-01Z-00-DX1_36864_30720.jpg,TCGA-SS-A7HO,TCGA-SS-A7HO-01Z-00-DX1,1,0.99996924,1
tumour/TCGA-SS-A7HO-01Z-00-DX1_36864_31744.jpg,TCGA-SS-A7HO,TCGA-SS-A7HO-01Z-00-DX1,1,0.9995696,1
tumour/TCGA-SS-A7HO-01Z-00-DX1_36864_33280.jpg,TCGA-SS-A7HO,TCGA-SS-A7HO-01Z-00-DX1,1,0.968322,1
tumour/TCGA-SS-A7HO-01Z-00-DX1_36864_3584.jpg,TCGA-SS-A7HO,TCGA-SS-A7HO-01Z-00-DX1,1,0.9998419,1
tumour/TCGA-SS-A7HO-01Z-00-DX1_36864_4608.jpg,TCGA-SS-A7HO,TCGA-SS-A7HO-01Z-00-DX1,1,0.99284863,1
tumour/TCGA-SS-A7HO-01Z-00-DX1_36864_5120.jpg,TCGA-SS-A7HO,TCGA-SS-A7HO-01Z-00-DX1,1,0.99164,1
tumour/TCGA-SS-A7HO-01Z-00-DX1_36864_5632.jpg,TCGA-SS-A7HO,TCGA-SS-A7HO-01Z-00-DX1,1,0.99447775,1
tumour/TCGA-SS-A7HO-01Z-00-DX1_36864_6144.jpg,TCGA-SS-A7HO,TCGA-SS-A7HO-01Z-00-DX1,1,0.99889165,1
tumour/TCGA-SS-A7HO-01Z-00-DX1_36864_6656.jpg,TCGA-SS-A7HO,TCGA-SS-A7HO-01Z-00-DX1,1,0.9996063,1
tumour/TCGA-SS-A7HO-01Z-00-DX1_36864_7168.jpg,TCGA-SS-A7HO,TCGA-SS-A7HO-01Z-00-DX1,1,0.9961366,1
tumour/TCGA-SS-A7HO-01Z-00-DX1_36864_7680.jpg,TCGA-SS-A7HO,TCGA-SS-A7HO-01Z-00-DX1,1,0.9993548,1
tumour/TCGA-SS-A7HO-01Z-00-DX1_37376_11776.jpg,TCGA-SS-A7HO,TCGA-SS-A7HO-01Z-00-DX1,1,0.99992967,1
tumour/TCGA-SS-A7HO-01Z-00-DX1_37376_17920.jpg,TCGA-SS-A7HO,TCGA-SS-A7HO-01Z-00-DX1,1,0.9996455,1
tumour/TCGA-SS-A7HO-01Z-00-DX1_37376_18432.jpg,TCGA-SS-A7HO,TCGA-SS-A7HO-01Z-00-DX1,1,0.99927,1
tumour/TCGA-SS-A7HO-01Z-00-DX1_37376_19456.jpg,TCGA-SS-A7HO,TCGA-SS-A7HO-01Z-00-DX1,1,0.9999063,1
tumour/TCGA-SS-A7HO-01Z-00-DX1_37376_20992.jpg,TCGA-SS-A7HO,TCGA-SS-A7HO-01Z-00-DX1,1,0.99869615,1
tumour/TCGA-SS-A7HO-01Z-00-DX1_37376_23040.jpg,TCGA-SS-A7HO,TCGA-SS-A7HO-01Z-00-DX1,1,0.9998903,1
tumour/TCGA-SS-A7HO-01Z-00-DX1_37376_25088.jpg,TCGA-SS-A7HO,TCGA-SS-A7HO-01Z-00-DX1,1,0.99378914,1
tumour/TCGA-SS-A7HO-01Z-00-DX1_37376_26624.jpg,TCGA-SS-A7HO,TCGA-SS-A7HO-01Z-00-DX1,1,0.9998385,1
tumour/TCGA-SS-A7HO-01Z-00-DX1_37376_27648.jpg,TCGA-SS-A7HO,TCGA-SS-A7HO-01Z-00-DX1,1,0.9999207,1
tumour/TCGA-SS-A7HO-01Z-00-DX1_37376_28672.jpg,TCGA-SS-A7HO,TCGA-SS-A7HO-01Z-00-DX1,1,0.99995637,1
tumour/TCGA-SS-A7HO-01Z-00-DX1_37376_29184.jpg,TCGA-SS-A7HO,TCGA-SS-A7HO-01Z-00-DX1,1,0.999959,1
tumour/TCGA-SS-A7HO-01Z-00-DX1_37376_29696.jpg,TCGA-SS-A7HO,TCGA-SS-A7HO-01Z-00-DX1,1,0.99982774,1
tumour/TCGA-SS-A7HO-01Z-00-DX1_37376_31232.jpg,TCGA-SS-A7HO,TCGA-SS-A7HO-01Z-00-DX1,1,0.98598,1
tumour/TCGA-SS-A7HO-01Z-00-DX1_37376_32768.jpg,TCGA-SS-A7HO,TCGA-SS-A7HO-01Z-00-DX1,1,0.24929887,0
tumour/TCGA-SS-A7HO-01Z-00-DX1_37376_33280.jpg,TCGA-SS-A7HO,TCGA-SS-A7HO-01Z-00-DX1,1,0.9927562,1
tumour/TCGA-SS-A7HO-01Z-00-DX1_37376_34304.jpg,TCGA-SS-A7HO,TCGA-SS-A7HO-01Z-00-DX1,1,0.9417356,1
tumour/TCGA-SS-A7HO-01Z-00-DX1_37376_34816.jpg,TCGA-SS-A7HO,TCGA-SS-A7HO-01Z-00-DX1,1,0.9991647,1
tumour/TCGA-SS-A7HO-01Z-00-DX1_37376_3584.jpg,TCGA-SS-A7HO,TCGA-SS-A7HO-01Z-00-DX1,1,0.99980456,1
tumour/TCGA-SS-A7HO-01Z-00-DX1_37376_4096.jpg,TCGA-SS-A7HO,TCGA-SS-A7HO-01Z-00-DX1,1,0.984029,1
tumour/TCGA-SS-A7HO-01Z-00-DX1_37376_4608.jpg,TCGA-SS-A7HO,TCGA-SS-A7HO-01Z-00-DX1,1,0.994259,1
tumour/TCGA-SS-A7HO-01Z-00-DX1_37376_5632.jpg,TCGA-SS-A7HO,TCGA-SS-A7HO-01Z-00-DX1,1,0.9864956,1
tumour/TCGA-SS-A7HO-01Z-00-DX1_37376_6656.jpg,TCGA-SS-A7HO,TCGA-SS-A7HO-01Z-00-DX1,1,0.9971296,1
tumour/TCGA-SS-A7HO-01Z-00-DX1_37376_7168.jpg,TCGA-SS-A7HO,TCGA-SS-A7HO-01Z-00-DX1,1,0.9948631,1
tumour/TCGA-SS-A7HO-01Z-00-DX1_37888_12288.jpg,TCGA-SS-A7HO,TCGA-SS-A7HO-01Z-00-DX1,1,0.99997115,1
tumour/TCGA-SS-A7HO-01Z-00-DX1_37888_1536.jpg,TCGA-SS-A7HO,TCGA-SS-A7HO-01Z-00-DX1,1,0.9485566,1
tumour/TCGA-SS-A7HO-01Z-00-DX1_37888_16896.jpg,TCGA-SS-A7HO,TCGA-SS-A7HO-01Z-00-DX1,1,0.99560887,1
tumour/TCGA-SS-A7HO-01Z-00-DX1_37888_17920.jpg,TCGA-SS-A7HO,TCGA-SS-A7HO-01Z-00-DX1,1,0.9997987,1
tumour/TCGA-SS-A7HO-01Z-00-DX1_37888_23040.jpg,TCGA-SS-A7HO,TCGA-SS-A7HO-01Z-00-DX1,1,0.9998555,1
tumour/TCGA-SS-A7HO-01Z-00-DX1_37888_23552.jpg,TCGA-SS-A7HO,TCGA-SS-A7HO-01Z-00-DX1,1,0.99979776,1
tumour/TCGA-SS-A7HO-01Z-00-DX1_37888_2560.jpg,TCGA-SS-A7HO,TCGA-SS-A7HO-01Z-00-DX1,1,0.99839467,1
tumour/TCGA-SS-A7HO-01Z-00-DX1_37888_27136.jpg,TCGA-SS-A7HO,TCGA-SS-A7HO-01Z-00-DX1,1,0.9999511,1
tumour/TCGA-SS-A7HO-01Z-00-DX1_37888_27648.jpg,TCGA-SS-A7HO,TCGA-SS-A7HO-01Z-00-DX1,1,0.9997876,1
tumour/TCGA-SS-A7HO-01Z-00-DX1_37888_28672.jpg,TCGA-SS-A7HO,TCGA-SS-A7HO-01Z-00-DX1,1,0.9999405,1
tumour/TCGA-SS-A7HO-01Z-00-DX1_37888_30208.jpg,TCGA-SS-A7HO,TCGA-SS-A7HO-01Z-00-DX1,1,0.9974362,1
tumour/TCGA-SS-A7HO-01Z-00-DX1_37888_3072.jpg,TCGA-SS-A7HO,TCGA-SS-A7HO-01Z-00-DX1,1,0.99974006,1
tumour/TCGA-SS-A7HO-01Z-00-DX1_37888_32256.jpg,TCGA-SS-A7HO,TCGA-SS-A7HO-01Z-00-DX1,1,0.99964094,1
tumour/TCGA-SS-A7HO-01Z-00-DX1_37888_34304.jpg,TCGA-SS-A7HO,TCGA-SS-A7HO-01Z-00-DX1,1,0.9876203,1
tumour/TCGA-SS-A7HO-01Z-00-DX1_37888_35328.jpg,TCGA-SS-A7HO,TCGA-SS-A7HO-01Z-00-DX1,1,0.9989838,1
tumour/TCGA-SS-A7HO-01Z-00-DX1_37888_4096.jpg,TCGA-SS-A7HO,TCGA-SS-A7HO-01Z-00-DX1,1,0.99792504,1
tumour/TCGA-SS-A7HO-01Z-00-DX1_38400_11264.jpg,TCGA-SS-A7HO,TCGA-SS-A7HO-01Z-00-DX1,1,0.9990594,1
tumour/TCGA-SS-A7HO-01Z-00-DX1_38400_12288.jpg,TCGA-SS-A7HO,TCGA-SS-A7HO-01Z-00-DX1,1,0.9992698,1
tumour/TCGA-SS-A7HO-01Z-00-DX1_38400_1536.jpg,TCGA-SS-A7HO,TCGA-SS-A7HO-01Z-00-DX1,1,0.99929655,1
tumour/TCGA-SS-A7HO-01Z-00-DX1_38400_17408.jpg,TCGA-SS-A7HO,TCGA-SS-A7HO-01Z-00-DX1,1,0.76453906,1
tumour/TCGA-SS-A7HO-01Z-00-DX1_38400_17920.jpg,TCGA-SS-A7HO,TCGA-SS-A7HO-01Z-00-DX1,1,0.9952442,1
tumour/TCGA-SS-A7HO-01Z-00-DX1_38400_2048.jpg,TCGA-SS-A7HO,TCGA-SS-A7HO-01Z-00-DX1,1,0.9983517,1
tumour/TCGA-SS-A7HO-01Z-00-DX1_38400_23552.jpg,TCGA-SS-A7HO,TCGA-SS-A7HO-01Z-00-DX1,1,0.9993636,1
tumour/TCGA-SS-A7HO-01Z-00-DX1_38400_25088.jpg,TCGA-SS-A7HO,TCGA-SS-A7HO-01Z-00-DX1,1,0.99986684,1
tumour/TCGA-SS-A7HO-01Z-00-DX1_38400_25600.jpg,TCGA-SS-A7HO,TCGA-SS-A7HO-01Z-00-DX1,1,0.9998561,1
tumour/TCGA-SS-A7HO-01Z-00-DX1_38400_26112.jpg,TCGA-SS-A7HO,TCGA-SS-A7HO-01Z-00-DX1,1,0.9997155,1
tumour/TCGA-SS-A7HO-01Z-00-DX1_38400_26624.jpg,TCGA-SS-A7HO,TCGA-SS-A7HO-01Z-00-DX1,1,0.999548,1
tumour/TCGA-SS-A7HO-01Z-00-DX1_38400_27136.jpg,TCGA-SS-A7HO,TCGA-SS-A7HO-01Z-00-DX1,1,0.99993455,1
tumour/TCGA-SS-A7HO-01Z-00-DX1_38400_28160.jpg,TCGA-SS-A7HO,TCGA-SS-A7HO-01Z-00-DX1,1,0.99979156,1
tumour/TCGA-SS-A7HO-01Z-00-DX1_38400_28672.jpg,TCGA-SS-A7HO,TCGA-SS-A7HO-01Z-00-DX1,1,0.9999113,1
tumour/TCGA-SS-A7HO-01Z-00-DX1_38400_30208.jpg,TCGA-SS-A7HO,TCGA-SS-A7HO-01Z-00-DX1,1,0.99528694,1
tumour/TCGA-SS-A7HO-01Z-00-DX1_38400_30720.jpg,TCGA-SS-A7HO,TCGA-SS-A7HO-01Z-00-DX1,1,0.9988801,1
tumour/TCGA-SS-A7HO-01Z-00-DX1_38400_31744.jpg,TCGA-SS-A7HO,TCGA-SS-A7HO-01Z-00-DX1,1,0.9966055,1
tumour/TCGA-SS-A7HO-01Z-00-DX1_38400_32768.jpg,TCGA-SS-A7HO,TCGA-SS-A7HO-01Z-00-DX1,1,0.9935195,1
tumour/TCGA-SS-A7HO-01Z-00-DX1_38400_33792.jpg,TCGA-SS-A7HO,TCGA-SS-A7HO-01Z-00-DX1,1,0.996332,1
tumour/TCGA-SS-A7HO-01Z-00-DX1_38400_34304.jpg,TCGA-SS-A7HO,TCGA-SS-A7HO-01Z-00-DX1,1,0.998858,1
tumour/TCGA-SS-A7HO-01Z-00-DX1_38400_34816.jpg,TCGA-SS-A7HO,TCGA-SS-A7HO-01Z-00-DX1,1,0.9983423,1
tumour/TCGA-SS-A7HO-01Z-00-DX1_38400_35328.jpg,TCGA-SS-A7HO,TCGA-SS-A7HO-01Z-00-DX1,1,0.9995926,1
tumour/TCGA-SS-A7HO-01Z-00-DX1_38400_3584.jpg,TCGA-SS-A7HO,TCGA-SS-A7HO-01Z-00-DX1,1,0.9956464,1
tumour/TCGA-SS-A7HO-01Z-00-DX1_38912_10240.jpg,TCGA-SS-A7HO,TCGA-SS-A7HO-01Z-00-DX1,1,0.99886,1
tumour/TCGA-SS-A7HO-01Z-00-DX1_38912_11264.jpg,TCGA-SS-A7HO,TCGA-SS-A7HO-01Z-00-DX1,1,0.9998363,1
tumour/TCGA-SS-A7HO-01Z-00-DX1_38912_20480.jpg,TCGA-SS-A7HO,TCGA-SS-A7HO-01Z-00-DX1,1,0.9998642,1
tumour/TCGA-SS-A7HO-01Z-00-DX1_38912_20992.jpg,TCGA-SS-A7HO,TCGA-SS-A7HO-01Z-00-DX1,1,0.99958676,1
tumour/TCGA-SS-A7HO-01Z-00-DX1_38912_22016.jpg,TCGA-SS-A7HO,TCGA-SS-A7HO-01Z-00-DX1,1,0.9998196,1
tumour/TCGA-SS-A7HO-01Z-00-DX1_38912_2560.jpg,TCGA-SS-A7HO,TCGA-SS-A7HO-01Z-00-DX1,1,0.99615026,1
tumour/TCGA-SS-A7HO-01Z-00-DX1_38912_25600.jpg,TCGA-SS-A7HO,TCGA-SS-A7HO-01Z-00-DX1,1,0.99864966,1
tumour/TCGA-SS-A7HO-01Z-00-DX1_38912_26624.jpg,TCGA-SS-A7HO,TCGA-SS-A7HO-01Z-00-DX1,1,0.9995902,1
tumour/TCGA-SS-A7HO-01Z-00-DX1_38912_27648.jpg,TCGA-SS-A7HO,TCGA-SS-A7HO-01Z-00-DX1,1,0.99969566,1
tumour/TCGA-SS-A7HO-01Z-00-DX1_38912_28672.jpg,TCGA-SS-A7HO,TCGA-SS-A7HO-01Z-00-DX1,1,0.99664307,1
tumour/TCGA-SS-A7HO-01Z-00-DX1_38912_29696.jpg,TCGA-SS-A7HO,TCGA-SS-A7HO-01Z-00-DX1,1,0.99766207,1
tumour/TCGA-SS-A7HO-01Z-00-DX1_38912_30208.jpg,TCGA-SS-A7HO,TCGA-SS-A7HO-01Z-00-DX1,1,0.9968299,1
tumour/TCGA-SS-A7HO-01Z-00-DX1_38912_3072.jpg,TCGA-SS-A7HO,TCGA-SS-A7HO-01Z-00-DX1,1,0.9996582,1
tumour/TCGA-SS-A7HO-01Z-00-DX1_38912_32256.jpg,TCGA-SS-A7HO,TCGA-SS-A7HO-01Z-00-DX1,1,0.99403137,1
tumour/TCGA-SS-A7HO-01Z-00-DX1_38912_33280.jpg,TCGA-SS-A7HO,TCGA-SS-A7HO-01Z-00-DX1,1,0.99978775,1
tumour/TCGA-SS-A7HO-01Z-00-DX1_38912_34816.jpg,TCGA-SS-A7HO,TCGA-SS-A7HO-01Z-00-DX1,1,0.9983286,1
tumour/TCGA-SS-A7HO-01Z-00-DX1_38912_35328.jpg,TCGA-SS-A7HO,TCGA-SS-A7HO-01Z-00-DX1,1,0.994799,1
tumour/TCGA-SS-A7HO-01Z-00-DX1_38912_35840.jpg,TCGA-SS-A7HO,TCGA-SS-A7HO-01Z-00-DX1,1,0.99818367,1
tumour/TCGA-SS-A7HO-01Z-00-DX1_38912_9728.jpg,TCGA-SS-A7HO,TCGA-SS-A7HO-01Z-00-DX1,1,0.999691,1
tumour/TCGA-SS-A7HO-01Z-00-DX1_39424_10240.jpg,TCGA-SS-A7HO,TCGA-SS-A7HO-01Z-00-DX1,1,0.99722373,1
tumour/TCGA-SS-A7HO-01Z-00-DX1_39424_15360.jpg,TCGA-SS-A7HO,TCGA-SS-A7HO-01Z-00-DX1,1,0.9995561,1
tumour/TCGA-SS-A7HO-01Z-00-DX1_39424_2048.jpg,TCGA-SS-A7HO,TCGA-SS-A7HO-01Z-00-DX1,1,0.9902362,1
tumour/TCGA-SS-A7HO-01Z-00-DX1_39424_20480.jpg,TCGA-SS-A7HO,TCGA-SS-A7HO-01Z-00-DX1,1,0.9991658,1
tumour/TCGA-SS-A7HO-01Z-00-DX1_39424_20992.jpg,TCGA-SS-A7HO,TCGA-SS-A7HO-01Z-00-DX1,1,0.9999372,1
tumour/TCGA-SS-A7HO-01Z-00-DX1_39424_23040.jpg,TCGA-SS-A7HO,TCGA-SS-A7HO-01Z-00-DX1,1,0.99597436,1
tumour/TCGA-SS-A7HO-01Z-00-DX1_39424_23552.jpg,TCGA-SS-A7HO,TCGA-SS-A7HO-01Z-00-DX1,1,0.99920124,1
tumour/TCGA-SS-A7HO-01Z-00-DX1_39424_24064.jpg,TCGA-SS-A7HO,TCGA-SS-A7HO-01Z-00-DX1,1,0.9998259,1
tumour/TCGA-SS-A7HO-01Z-00-DX1_39424_25600.jpg,TCGA-SS-A7HO,TCGA-SS-A7HO-01Z-00-DX1,1,0.999529,1
tumour/TCGA-SS-A7HO-01Z-00-DX1_39424_26112.jpg,TCGA-SS-A7HO,TCGA-SS-A7HO-01Z-00-DX1,1,0.9997304,1
tumour/TCGA-SS-A7HO-01Z-00-DX1_39424_27136.jpg,TCGA-SS-A7HO,TCGA-SS-A7HO-01Z-00-DX1,1,0.9995783,1
tumour/TCGA-SS-A7HO-01Z-00-DX1_39424_28672.jpg,TCGA-SS-A7HO,TCGA-SS-A7HO-01Z-00-DX1,1,0.9979265,1
tumour/TCGA-SS-A7HO-01Z-00-DX1_39424_29696.jpg,TCGA-SS-A7HO,TCGA-SS-A7HO-01Z-00-DX1,1,0.99975127,1
tumour/TCGA-SS-A7HO-01Z-00-DX1_39424_30208.jpg,TCGA-SS-A7HO,TCGA-SS-A7HO-01Z-00-DX1,1,0.9997973,1
tumour/TCGA-SS-A7HO-01Z-00-DX1_39424_30720.jpg,TCGA-SS-A7HO,TCGA-SS-A7HO-01Z-00-DX1,1,0.9998307,1
tumour/TCGA-SS-A7HO-01Z-00-DX1_39424_31232.jpg,TCGA-SS-A7HO,TCGA-SS-A7HO-01Z-00-DX1,1,0.9970143,1
tumour/TCGA-SS-A7HO-01Z-00-DX1_39424_31744.jpg,TCGA-SS-A7HO,TCGA-SS-A7HO-01Z-00-DX1,1,0.9954158,1
tumour/TCGA-SS-A7HO-01Z-00-DX1_39424_35328.jpg,TCGA-SS-A7HO,TCGA-SS-A7HO-01Z-00-DX1,1,0.99632275,1
tumour/TCGA-SS-A7HO-01Z-00-DX1_39424_35840.jpg,TCGA-SS-A7HO,TCGA-SS-A7HO-01Z-00-DX1,1,0.99825734,1
tumour/TCGA-SS-A7HO-01Z-00-DX1_39424_9728.jpg,TCGA-SS-A7HO,TCGA-SS-A7HO-01Z-00-DX1,1,0.9998173,1
tumour/TCGA-SS-A7HO-01Z-00-DX1_39936_10240.jpg,TCGA-SS-A7HO,TCGA-SS-A7HO-01Z-00-DX1,1,0.99808335,1
tumour/TCGA-SS-A7HO-01Z-00-DX1_39936_13312.jpg,TCGA-SS-A7HO,TCGA-SS-A7HO-01Z-00-DX1,1,0.8949098,1
tumour/TCGA-SS-A7HO-01Z-00-DX1_39936_14848.jpg,TCGA-SS-A7HO,TCGA-SS-A7HO-01Z-00-DX1,1,0.9996251,1
tumour/TCGA-SS-A7HO-01Z-00-DX1_39936_1536.jpg,TCGA-SS-A7HO,TCGA-SS-A7HO-01Z-00-DX1,1,0.99150217,1
tumour/TCGA-SS-A7HO-01Z-00-DX1_39936_15872.jpg,TCGA-SS-A7HO,TCGA-SS-A7HO-01Z-00-DX1,1,0.9982917,1
tumour/TCGA-SS-A7HO-01Z-00-DX1_39936_16384.jpg,TCGA-SS-A7HO,TCGA-SS-A7HO-01Z-00-DX1,1,0.9790242,1
tumour/TCGA-SS-A7HO-01Z-00-DX1_39936_17408.jpg,TCGA-SS-A7HO,TCGA-SS-A7HO-01Z-00-DX1,1,0.94500816,1
tumour/TCGA-SS-A7HO-01Z-00-DX1_39936_17920.jpg,TCGA-SS-A7HO,TCGA-SS-A7HO-01Z-00-DX1,1,0.9985134,1
tumour/TCGA-SS-A7HO-01Z-00-DX1_39936_18944.jpg,TCGA-SS-A7HO,TCGA-SS-A7HO-01Z-00-DX1,1,0.999977,1
tumour/TCGA-SS-A7HO-01Z-00-DX1_39936_19456.jpg,TCGA-SS-A7HO,TCGA-SS-A7HO-01Z-00-DX1,1,0.9956993,1
tumour/TCGA-SS-A7HO-01Z-00-DX1_39936_20480.jpg,TCGA-SS-A7HO,TCGA-SS-A7HO-01Z-00-DX1,1,0.99977833,1
tumour/TCGA-SS-A7HO-01Z-00-DX1_39936_21504.jpg,TCGA-SS-A7HO,TCGA-SS-A7HO-01Z-00-DX1,1,0.9999845,1
tumour/TCGA-SS-A7HO-01Z-00-DX1_39936_25088.jpg,TCGA-SS-A7HO,TCGA-SS-A7HO-01Z-00-DX1,1,0.99871457,1
tumour/TCGA-SS-A7HO-01Z-00-DX1_39936_26624.jpg,TCGA-SS-A7HO,TCGA-SS-A7HO-01Z-00-DX1,1,0.99931777,1
tumour/TCGA-SS-A7HO-01Z-00-DX1_39936_27136.jpg,TCGA-SS-A7HO,TCGA-SS-A7HO-01Z-00-DX1,1,0.9977502,1
tumour/TCGA-SS-A7HO-01Z-00-DX1_39936_28160.jpg,TCGA-SS-A7HO,TCGA-SS-A7HO-01Z-00-DX1,1,0.9987968,1
tumour/TCGA-SS-A7HO-01Z-00-DX1_39936_28672.jpg,TCGA-SS-A7HO,TCGA-SS-A7HO-01Z-00-DX1,1,0.9982206,1
tumour/TCGA-SS-A7HO-01Z-00-DX1_39936_29184.jpg,TCGA-SS-A7HO,TCGA-SS-A7HO-01Z-00-DX1,1,0.9076369,1
tumour/TCGA-SS-A7HO-01Z-00-DX1_39936_30208.jpg,TCGA-SS-A7HO,TCGA-SS-A7HO-01Z-00-DX1,1,0.9685333,1
tumour/TCGA-SS-A7HO-01Z-00-DX1_39936_32768.jpg,TCGA-SS-A7HO,TCGA-SS-A7HO-01Z-00-DX1,1,0.9996753,1
tumour/TCGA-SS-A7HO-01Z-00-DX1_39936_33280.jpg,TCGA-SS-A7HO,TCGA-SS-A7HO-01Z-00-DX1,1,0.9987804,1
tumour/TCGA-SS-A7HO-01Z-00-DX1_39936_34304.jpg,TCGA-SS-A7HO,TCGA-SS-A7HO-01Z-00-DX1,1,0.99905795,1
tumour/TCGA-SS-A7HO-01Z-00-DX1_39936_34816.jpg,TCGA-SS-A7HO,TCGA-SS-A7HO-01Z-00-DX1,1,0.9998628,1
tumour/TCGA-SS-A7HO-01Z-00-DX1_39936_35840.jpg,TCGA-SS-A7HO,TCGA-SS-A7HO-01Z-00-DX1,1,0.93972844,1
tumour/TCGA-SS-A7HO-01Z-00-DX1_39936_9728.jpg,TCGA-SS-A7HO,TCGA-SS-A7HO-01Z-00-DX1,1,0.9976913,1
tumour/TCGA-SS-A7HO-01Z-00-DX1_40448_12288.jpg,TCGA-SS-A7HO,TCGA-SS-A7HO-01Z-00-DX1,1,0.9987691,1
tumour/TCGA-SS-A7HO-01Z-00-DX1_40448_13824.jpg,TCGA-SS-A7HO,TCGA-SS-A7HO-01Z-00-DX1,1,0.9989519,1
tumour/TCGA-SS-A7HO-01Z-00-DX1_40448_14848.jpg,TCGA-SS-A7HO,TCGA-SS-A7HO-01Z-00-DX1,1,0.9989066,1
tumour/TCGA-SS-A7HO-01Z-00-DX1_40448_16384.jpg,TCGA-SS-A7HO,TCGA-SS-A7HO-01Z-00-DX1,1,0.99514705,1
tumour/TCGA-SS-A7HO-01Z-00-DX1_40448_17408.jpg,TCGA-SS-A7HO,TCGA-SS-A7HO-01Z-00-DX1,1,0.9940906,1
tumour/TCGA-SS-A7HO-01Z-00-DX1_40448_17920.jpg,TCGA-SS-A7HO,TCGA-SS-A7HO-01Z-00-DX1,1,0.9785459,1
tumour/TCGA-SS-A7HO-01Z-00-DX1_40448_19968.jpg,TCGA-SS-A7HO,TCGA-SS-A7HO-01Z-00-DX1,1,0.99989283,1
tumour/TCGA-SS-A7HO-01Z-00-DX1_40448_20480.jpg,TCGA-SS-A7HO,TCGA-SS-A7HO-01Z-00-DX1,1,0.99975306,1
tumour/TCGA-SS-A7HO-01Z-00-DX1_40448_22528.jpg,TCGA-SS-A7HO,TCGA-SS-A7HO-01Z-00-DX1,1,0.99962854,1
tumour/TCGA-SS-A7HO-01Z-00-DX1_40448_25088.jpg,TCGA-SS-A7HO,TCGA-SS-A7HO-01Z-00-DX1,1,0.99988544,1
tumour/TCGA-SS-A7HO-01Z-00-DX1_40448_26624.jpg,TCGA-SS-A7HO,TCGA-SS-A7HO-01Z-00-DX1,1,0.9981034,1
tumour/TCGA-SS-A7HO-01Z-00-DX1_40448_27136.jpg,TCGA-SS-A7HO,TCGA-SS-A7HO-01Z-00-DX1,1,0.99858606,1
tumour/TCGA-SS-A7HO-01Z-00-DX1_40448_28672.jpg,TCGA-SS-A7HO,TCGA-SS-A7HO-01Z-00-DX1,1,0.9983878,1
tumour/TCGA-SS-A7HO-01Z-00-DX1_40448_29184.jpg,TCGA-SS-A7HO,TCGA-SS-A7HO-01Z-00-DX1,1,0.9958131,1
tumour/TCGA-SS-A7HO-01Z-00-DX1_40448_29696.jpg,TCGA-SS-A7HO,TCGA-SS-A7HO-01Z-00-DX1,1,0.90456176,1
tumour/TCGA-SS-A7HO-01Z-00-DX1_40448_31744.jpg,TCGA-SS-A7HO,TCGA-SS-A7HO-01Z-00-DX1,1,0.9929541,1
tumour/TCGA-SS-A7HO-01Z-00-DX1_40448_32256.jpg,TCGA-SS-A7HO,TCGA-SS-A7HO-01Z-00-DX1,1,0.9996296,1
tumour/TCGA-SS-A7HO-01Z-00-DX1_40448_33792.jpg,TCGA-SS-A7HO,TCGA-SS-A7HO-01Z-00-DX1,1,0.9979796,1
tumour/TCGA-SS-A7HO-01Z-00-DX1_40448_34304.jpg,TCGA-SS-A7HO,TCGA-SS-A7HO-01Z-00-DX1,1,0.99979,1
tumour/TCGA-SS-A7HO-01Z-00-DX1_40448_35840.jpg,TCGA-SS-A7HO,TCGA-SS-A7HO-01Z-00-DX1,1,0.99870217,1
tumour/TCGA-SS-A7HO-01Z-00-DX1_40960_11264.jpg,TCGA-SS-A7HO,TCGA-SS-A7HO-01Z-00-DX1,1,0.9843597,1
tumour/TCGA-SS-A7HO-01Z-00-DX1_40960_11776.jpg,TCGA-SS-A7HO,TCGA-SS-A7HO-01Z-00-DX1,1,0.9996718,1
tumour/TCGA-SS-A7HO-01Z-00-DX1_40960_12288.jpg,TCGA-SS-A7HO,TCGA-SS-A7HO-01Z-00-DX1,1,0.99247825,1
tumour/TCGA-SS-A7HO-01Z-00-DX1_40960_12800.jpg,TCGA-SS-A7HO,TCGA-SS-A7HO-01Z-00-DX1,1,0.99936336,1
tumour/TCGA-SS-A7HO-01Z-00-DX1_40960_13312.jpg,TCGA-SS-A7HO,TCGA-SS-A7HO-01Z-00-DX1,1,0.9995327,1
tumour/TCGA-SS-A7HO-01Z-00-DX1_40960_13824.jpg,TCGA-SS-A7HO,TCGA-SS-A7HO-01Z-00-DX1,1,0.992867,1
tumour/TCGA-SS-A7HO-01Z-00-DX1_40960_15360.jpg,TCGA-SS-A7HO,TCGA-SS-A7HO-01Z-00-DX1,1,0.9990483,1
tumour/TCGA-SS-A7HO-01Z-00-DX1_40960_16384.jpg,TCGA-SS-A7HO,TCGA-SS-A7HO-01Z-00-DX1,1,0.96383405,1
tumour/TCGA-SS-A7HO-01Z-00-DX1_40960_17920.jpg,TCGA-SS-A7HO,TCGA-SS-A7HO-01Z-00-DX1,1,0.9972535,1
tumour/TCGA-SS-A7HO-01Z-00-DX1_40960_18432.jpg,TCGA-SS-A7HO,TCGA-SS-A7HO-01Z-00-DX1,1,0.9994165,1
tumour/TCGA-SS-A7HO-01Z-00-DX1_40960_20480.jpg,TCGA-SS-A7HO,TCGA-SS-A7HO-01Z-00-DX1,1,0.99971133,1
tumour/TCGA-SS-A7HO-01Z-00-DX1_40960_22016.jpg,TCGA-SS-A7HO,TCGA-SS-A7HO-01Z-00-DX1,1,0.9999945,1
tumour/TCGA-SS-A7HO-01Z-00-DX1_40960_23552.jpg,TCGA-SS-A7HO,TCGA-SS-A7HO-01Z-00-DX1,1,0.99963,1
tumour/TCGA-SS-A7HO-01Z-00-DX1_40960_26112.jpg,TCGA-SS-A7HO,TCGA-SS-A7HO-01Z-00-DX1,1,0.9965738,1
tumour/TCGA-SS-A7HO-01Z-00-DX1_40960_27648.jpg,TCGA-SS-A7HO,TCGA-SS-A7HO-01Z-00-DX1,1,0.99934274,1
tumour/TCGA-SS-A7HO-01Z-00-DX1_40960_29696.jpg,TCGA-SS-A7HO,TCGA-SS-A7HO-01Z-00-DX1,1,0.99558544,1
tumour/TCGA-SS-A7HO-01Z-00-DX1_40960_30208.jpg,TCGA-SS-A7HO,TCGA-SS-A7HO-01Z-00-DX1,1,0.9690479,1
tumour/TCGA-SS-A7HO-01Z-00-DX1_40960_30720.jpg,TCGA-SS-A7HO,TCGA-SS-A7HO-01Z-00-DX1,1,0.98031414,1
tumour/TCGA-SS-A7HO-01Z-00-DX1_40960_31744.jpg,TCGA-SS-A7HO,TCGA-SS-A7HO-01Z-00-DX1,1,0.99780375,1
tumour/TCGA-SS-A7HO-01Z-00-DX1_40960_32256.jpg,TCGA-SS-A7HO,TCGA-SS-A7HO-01Z-00-DX1,1,0.98564166,1
tumour/TCGA-SS-A7HO-01Z-00-DX1_40960_33280.jpg,TCGA-SS-A7HO,TCGA-SS-A7HO-01Z-00-DX1,1,0.9865854,1
tumour/TCGA-SS-A7HO-01Z-00-DX1_4096_10752.jpg,TCGA-SS-A7HO,TCGA-SS-A7HO-01Z-00-DX1,1,0.9975889,1
tumour/TCGA-SS-A7HO-01Z-00-DX1_4096_11264.jpg,TCGA-SS-A7HO,TCGA-SS-A7HO-01Z-00-DX1,1,0.998257,1
tumour/TCGA-SS-A7HO-01Z-00-DX1_4096_13312.jpg,TCGA-SS-A7HO,TCGA-SS-A7HO-01Z-00-DX1,1,0.999561,1
tumour/TCGA-SS-A7HO-01Z-00-DX1_4096_14848.jpg,TCGA-SS-A7HO,TCGA-SS-A7HO-01Z-00-DX1,1,0.9933739,1
tumour/TCGA-SS-A7HO-01Z-00-DX1_4096_15872.jpg,TCGA-SS-A7HO,TCGA-SS-A7HO-01Z-00-DX1,1,0.9994367,1
tumour/TCGA-SS-A7HO-01Z-00-DX1_4096_16896.jpg,TCGA-SS-A7HO,TCGA-SS-A7HO-01Z-00-DX1,1,0.9992555,1
tumour/TCGA-SS-A7HO-01Z-00-DX1_4096_6656.jpg,TCGA-SS-A7HO,TCGA-SS-A7HO-01Z-00-DX1,1,0.9967673,1
tumour/TCGA-SS-A7HO-01Z-00-DX1_4096_7680.jpg,TCGA-SS-A7HO,TCGA-SS-A7HO-01Z-00-DX1,1,0.9984225,1
tumour/TCGA-SS-A7HO-01Z-00-DX1_4096_8192.jpg,TCGA-SS-A7HO,TCGA-SS-A7HO-01Z-00-DX1,1,0.9959965,1
tumour/TCGA-SS-A7HO-01Z-00-DX1_4096_8704.jpg,TCGA-SS-A7HO,TCGA-SS-A7HO-01Z-00-DX1,1,0.9996518,1
tumour/TCGA-SS-A7HO-01Z-00-DX1_41472_10752.jpg,TCGA-SS-A7HO,TCGA-SS-A7HO-01Z-00-DX1,1,0.99959785,1
tumour/TCGA-SS-A7HO-01Z-00-DX1_41472_11776.jpg,TCGA-SS-A7HO,TCGA-SS-A7HO-01Z-00-DX1,1,0.99889237,1
tumour/TCGA-SS-A7HO-01Z-00-DX1_41472_12800.jpg,TCGA-SS-A7HO,TCGA-SS-A7HO-01Z-00-DX1,1,0.9969214,1
tumour/TCGA-SS-A7HO-01Z-00-DX1_41472_13824.jpg,TCGA-SS-A7HO,TCGA-SS-A7HO-01Z-00-DX1,1,0.98668575,1
tumour/TCGA-SS-A7HO-01Z-00-DX1_41472_15360.jpg,TCGA-SS-A7HO,TCGA-SS-A7HO-01Z-00-DX1,1,0.9997043,1
tumour/TCGA-SS-A7HO-01Z-00-DX1_41472_15872.jpg,TCGA-SS-A7HO,TCGA-SS-A7HO-01Z-00-DX1,1,0.9992036,1
tumour/TCGA-SS-A7HO-01Z-00-DX1_41472_19456.jpg,TCGA-SS-A7HO,TCGA-SS-A7HO-01Z-00-DX1,1,0.9991264,1
tumour/TCGA-SS-A7HO-01Z-00-DX1_41472_23552.jpg,TCGA-SS-A7HO,TCGA-SS-A7HO-01Z-00-DX1,1,0.9997731,1
tumour/TCGA-SS-A7HO-01Z-00-DX1_41472_24064.jpg,TCGA-SS-A7HO,TCGA-SS-A7HO-01Z-00-DX1,1,0.9998542,1
tumour/TCGA-SS-A7HO-01Z-00-DX1_41472_25088.jpg,TCGA-SS-A7HO,TCGA-SS-A7HO-01Z-00-DX1,1,0.99978215,1
tumour/TCGA-SS-A7HO-01Z-00-DX1_41472_26624.jpg,TCGA-SS-A7HO,TCGA-SS-A7HO-01Z-00-DX1,1,0.99933976,1
tumour/TCGA-SS-A7HO-01Z-00-DX1_41472_27648.jpg,TCGA-SS-A7HO,TCGA-SS-A7HO-01Z-00-DX1,1,0.99326444,1
tumour/TCGA-SS-A7HO-01Z-00-DX1_41472_28672.jpg,TCGA-SS-A7HO,TCGA-SS-A7HO-01Z-00-DX1,1,0.9823803,1
tumour/TCGA-SS-A7HO-01Z-00-DX1_41472_31232.jpg,TCGA-SS-A7HO,TCGA-SS-A7HO-01Z-00-DX1,1,0.9995926,1
tumour/TCGA-SS-A7HO-01Z-00-DX1_41472_31744.jpg,TCGA-SS-A7HO,TCGA-SS-A7HO-01Z-00-DX1,1,0.9993992,1
tumour/TCGA-SS-A7HO-01Z-00-DX1_41472_32256.jpg,TCGA-SS-A7HO,TCGA-SS-A7HO-01Z-00-DX1,1,0.9377778,1
tumour/TCGA-SS-A7HO-01Z-00-DX1_41472_32768.jpg,TCGA-SS-A7HO,TCGA-SS-A7HO-01Z-00-DX1,1,0.9992811,1
tumour/TCGA-SS-A7HO-01Z-00-DX1_41472_33792.jpg,TCGA-SS-A7HO,TCGA-SS-A7HO-01Z-00-DX1,1,0.9998871,1
tumour/TCGA-SS-A7HO-01Z-00-DX1_41472_9728.jpg,TCGA-SS-A7HO,TCGA-SS-A7HO-01Z-00-DX1,1,0.011893204,0
tumour/TCGA-SS-A7HO-01Z-00-DX1_41984_10240.jpg,TCGA-SS-A7HO,TCGA-SS-A7HO-01Z-00-DX1,1,0.99872524,1
tumour/TCGA-SS-A7HO-01Z-00-DX1_41984_10752.jpg,TCGA-SS-A7HO,TCGA-SS-A7HO-01Z-00-DX1,1,0.99733573,1
tumour/TCGA-SS-A7HO-01Z-00-DX1_41984_11264.jpg,TCGA-SS-A7HO,TCGA-SS-A7HO-01Z-00-DX1,1,0.9998172,1
tumour/TCGA-SS-A7HO-01Z-00-DX1_41984_12800.jpg,TCGA-SS-A7HO,TCGA-SS-A7HO-01Z-00-DX1,1,0.9986376,1
tumour/TCGA-SS-A7HO-01Z-00-DX1_41984_13312.jpg,TCGA-SS-A7HO,TCGA-SS-A7HO-01Z-00-DX1,1,0.99784327,1
tumour/TCGA-SS-A7HO-01Z-00-DX1_41984_13824.jpg,TCGA-SS-A7HO,TCGA-SS-A7HO-01Z-00-DX1,1,0.99909127,1
tumour/TCGA-SS-A7HO-01Z-00-DX1_41984_14336.jpg,TCGA-SS-A7HO,TCGA-SS-A7HO-01Z-00-DX1,1,0.9984478,1
tumour/TCGA-SS-A7HO-01Z-00-DX1_41984_16896.jpg,TCGA-SS-A7HO,TCGA-SS-A7HO-01Z-00-DX1,1,0.9988249,1
tumour/TCGA-SS-A7HO-01Z-00-DX1_41984_19968.jpg,TCGA-SS-A7HO,TCGA-SS-A7HO-01Z-00-DX1,1,0.9999454,1
tumour/TCGA-SS-A7HO-01Z-00-DX1_41984_20992.jpg,TCGA-SS-A7HO,TCGA-SS-A7HO-01Z-00-DX1,1,0.99972695,1
tumour/TCGA-SS-A7HO-01Z-00-DX1_41984_21504.jpg,TCGA-SS-A7HO,TCGA-SS-A7HO-01Z-00-DX1,1,0.9999387,1
tumour/TCGA-SS-A7HO-01Z-00-DX1_41984_22016.jpg,TCGA-SS-A7HO,TCGA-SS-A7HO-01Z-00-DX1,1,0.9997578,1
tumour/TCGA-SS-A7HO-01Z-00-DX1_41984_23040.jpg,TCGA-SS-A7HO,TCGA-SS-A7HO-01Z-00-DX1,1,0.9994197,1
tumour/TCGA-SS-A7HO-01Z-00-DX1_41984_23552.jpg,TCGA-SS-A7HO,TCGA-SS-A7HO-01Z-00-DX1,1,0.99995923,1
tumour/TCGA-SS-A7HO-01Z-00-DX1_41984_24576.jpg,TCGA-SS-A7HO,TCGA-SS-A7HO-01Z-00-DX1,1,0.9985139,1
tumour/TCGA-SS-A7HO-01Z-00-DX1_41984_25600.jpg,TCGA-SS-A7HO,TCGA-SS-A7HO-01Z-00-DX1,1,0.999567,1
tumour/TCGA-SS-A7HO-01Z-00-DX1_41984_26112.jpg,TCGA-SS-A7HO,TCGA-SS-A7HO-01Z-00-DX1,1,0.99886703,1
tumour/TCGA-SS-A7HO-01Z-00-DX1_41984_27136.jpg,TCGA-SS-A7HO,TCGA-SS-A7HO-01Z-00-DX1,1,0.97589964,1
tumour/TCGA-SS-A7HO-01Z-00-DX1_41984_27648.jpg,TCGA-SS-A7HO,TCGA-SS-A7HO-01Z-00-DX1,1,0.99871933,1
tumour/TCGA-SS-A7HO-01Z-00-DX1_41984_30720.jpg,TCGA-SS-A7HO,TCGA-SS-A7HO-01Z-00-DX1,1,0.99974054,1
tumour/TCGA-SS-A7HO-01Z-00-DX1_41984_31232.jpg,TCGA-SS-A7HO,TCGA-SS-A7HO-01Z-00-DX1,1,0.9998266,1
tumour/TCGA-SS-A7HO-01Z-00-DX1_41984_32256.jpg,TCGA-SS-A7HO,TCGA-SS-A7HO-01Z-00-DX1,1,0.9999238,1
tumour/TCGA-SS-A7HO-01Z-00-DX1_41984_33792.jpg,TCGA-SS-A7HO,TCGA-SS-A7HO-01Z-00-DX1,1,0.9993456,1
tumour/TCGA-SS-A7HO-01Z-00-DX1_41984_9216.jpg,TCGA-SS-A7HO,TCGA-SS-A7HO-01Z-00-DX1,1,0.9415805,1
tumour/TCGA-SS-A7HO-01Z-00-DX1_41984_9728.jpg,TCGA-SS-A7HO,TCGA-SS-A7HO-01Z-00-DX1,1,0.97933394,1
tumour/TCGA-SS-A7HO-01Z-00-DX1_42496_10240.jpg,TCGA-SS-A7HO,TCGA-SS-A7HO-01Z-00-DX1,1,0.99668473,1
tumour/TCGA-SS-A7HO-01Z-00-DX1_42496_10752.jpg,TCGA-SS-A7HO,TCGA-SS-A7HO-01Z-00-DX1,1,0.99916613,1
tumour/TCGA-SS-A7HO-01Z-00-DX1_42496_11264.jpg,TCGA-SS-A7HO,TCGA-SS-A7HO-01Z-00-DX1,1,0.99721515,1
tumour/TCGA-SS-A7HO-01Z-00-DX1_42496_12288.jpg,TCGA-SS-A7HO,TCGA-SS-A7HO-01Z-00-DX1,1,0.99986196,1
tumour/TCGA-SS-A7HO-01Z-00-DX1_42496_13312.jpg,TCGA-SS-A7HO,TCGA-SS-A7HO-01Z-00-DX1,1,0.9967817,1
tumour/TCGA-SS-A7HO-01Z-00-DX1_42496_13824.jpg,TCGA-SS-A7HO,TCGA-SS-A7HO-01Z-00-DX1,1,0.99944335,1
tumour/TCGA-SS-A7HO-01Z-00-DX1_42496_17408.jpg,TCGA-SS-A7HO,TCGA-SS-A7HO-01Z-00-DX1,1,0.9997029,1
tumour/TCGA-SS-A7HO-01Z-00-DX1_42496_19456.jpg,TCGA-SS-A7HO,TCGA-SS-A7HO-01Z-00-DX1,1,0.99951005,1
tumour/TCGA-SS-A7HO-01Z-00-DX1_42496_19968.jpg,TCGA-SS-A7HO,TCGA-SS-A7HO-01Z-00-DX1,1,0.99972445,1
tumour/TCGA-SS-A7HO-01Z-00-DX1_42496_21504.jpg,TCGA-SS-A7HO,TCGA-SS-A7HO-01Z-00-DX1,1,0.9999714,1
tumour/TCGA-SS-A7HO-01Z-00-DX1_42496_24064.jpg,TCGA-SS-A7HO,TCGA-SS-A7HO-01Z-00-DX1,1,0.9991685,1
tumour/TCGA-SS-A7HO-01Z-00-DX1_42496_25600.jpg,TCGA-SS-A7HO,TCGA-SS-A7HO-01Z-00-DX1,1,0.9998605,1
tumour/TCGA-SS-A7HO-01Z-00-DX1_42496_26112.jpg,TCGA-SS-A7HO,TCGA-SS-A7HO-01Z-00-DX1,1,0.9992592,1
tumour/TCGA-SS-A7HO-01Z-00-DX1_42496_27648.jpg,TCGA-SS-A7HO,TCGA-SS-A7HO-01Z-00-DX1,1,0.997741,1
tumour/TCGA-SS-A7HO-01Z-00-DX1_42496_28160.jpg,TCGA-SS-A7HO,TCGA-SS-A7HO-01Z-00-DX1,1,0.9991934,1
tumour/TCGA-SS-A7HO-01Z-00-DX1_42496_29184.jpg,TCGA-SS-A7HO,TCGA-SS-A7HO-01Z-00-DX1,1,0.9994147,1
tumour/TCGA-SS-A7HO-01Z-00-DX1_42496_29696.jpg,TCGA-SS-A7HO,TCGA-SS-A7HO-01Z-00-DX1,1,0.99961865,1
tumour/TCGA-SS-A7HO-01Z-00-DX1_42496_30720.jpg,TCGA-SS-A7HO,TCGA-SS-A7HO-01Z-00-DX1,1,0.9993543,1
tumour/TCGA-SS-A7HO-01Z-00-DX1_42496_31744.jpg,TCGA-SS-A7HO,TCGA-SS-A7HO-01Z-00-DX1,1,0.9999604,1
tumour/TCGA-SS-A7HO-01Z-00-DX1_42496_32256.jpg,TCGA-SS-A7HO,TCGA-SS-A7HO-01Z-00-DX1,1,0.99955136,1
tumour/TCGA-SS-A7HO-01Z-00-DX1_42496_8704.jpg,TCGA-SS-A7HO,TCGA-SS-A7HO-01Z-00-DX1,1,0.99835473,1
tumour/TCGA-SS-A7HO-01Z-00-DX1_42496_9216.jpg,TCGA-SS-A7HO,TCGA-SS-A7HO-01Z-00-DX1,1,0.99602497,1
tumour/TCGA-SS-A7HO-01Z-00-DX1_43008_10240.jpg,TCGA-SS-A7HO,TCGA-SS-A7HO-01Z-00-DX1,1,0.95494324,1
tumour/TCGA-SS-A7HO-01Z-00-DX1_43008_10752.jpg,TCGA-SS-A7HO,TCGA-SS-A7HO-01Z-00-DX1,1,0.9959246,1
tumour/TCGA-SS-A7HO-01Z-00-DX1_43008_11264.jpg,TCGA-SS-A7HO,TCGA-SS-A7HO-01Z-00-DX1,1,0.9980413,1
tumour/TCGA-SS-A7HO-01Z-00-DX1_43008_12288.jpg,TCGA-SS-A7HO,TCGA-SS-A7HO-01Z-00-DX1,1,0.9991185,1
tumour/TCGA-SS-A7HO-01Z-00-DX1_43008_12800.jpg,TCGA-SS-A7HO,TCGA-SS-A7HO-01Z-00-DX1,1,0.99960786,1
tumour/TCGA-SS-A7HO-01Z-00-DX1_43008_13312.jpg,TCGA-SS-A7HO,TCGA-SS-A7HO-01Z-00-DX1,1,0.9940789,1
tumour/TCGA-SS-A7HO-01Z-00-DX1_43008_13824.jpg,TCGA-SS-A7HO,TCGA-SS-A7HO-01Z-00-DX1,1,0.99725455,1
tumour/TCGA-SS-A7HO-01Z-00-DX1_43008_14336.jpg,TCGA-SS-A7HO,TCGA-SS-A7HO-01Z-00-DX1,1,0.9978046,1
tumour/TCGA-SS-A7HO-01Z-00-DX1_43008_15360.jpg,TCGA-SS-A7HO,TCGA-SS-A7HO-01Z-00-DX1,1,0.9989717,1
tumour/TCGA-SS-A7HO-01Z-00-DX1_43008_16384.jpg,TCGA-SS-A7HO,TCGA-SS-A7HO-01Z-00-DX1,1,0.9975114,1
tumour/TCGA-SS-A7HO-01Z-00-DX1_43008_19456.jpg,TCGA-SS-A7HO,TCGA-SS-A7HO-01Z-00-DX1,1,0.9999492,1
tumour/TCGA-SS-A7HO-01Z-00-DX1_43008_20992.jpg,TCGA-SS-A7HO,TCGA-SS-A7HO-01Z-00-DX1,1,0.9999033,1
tumour/TCGA-SS-A7HO-01Z-00-DX1_43008_22528.jpg,TCGA-SS-A7HO,TCGA-SS-A7HO-01Z-00-DX1,1,0.9994742,1
tumour/TCGA-SS-A7HO-01Z-00-DX1_43008_24576.jpg,TCGA-SS-A7HO,TCGA-SS-A7HO-01Z-00-DX1,1,0.9942378,1
tumour/TCGA-SS-A7HO-01Z-00-DX1_43008_25088.jpg,TCGA-SS-A7HO,TCGA-SS-A7HO-01Z-00-DX1,1,0.99821544,1
tumour/TCGA-SS-A7HO-01Z-00-DX1_43008_25600.jpg,TCGA-SS-A7HO,TCGA-SS-A7HO-01Z-00-DX1,1,0.99896085,1
tumour/TCGA-SS-A7HO-01Z-00-DX1_43008_26112.jpg,TCGA-SS-A7HO,TCGA-SS-A7HO-01Z-00-DX1,1,0.9997286,1
tumour/TCGA-SS-A7HO-01Z-00-DX1_43008_27136.jpg,TCGA-SS-A7HO,TCGA-SS-A7HO-01Z-00-DX1,1,0.9980413,1
tumour/TCGA-SS-A7HO-01Z-00-DX1_43008_27648.jpg,TCGA-SS-A7HO,TCGA-SS-A7HO-01Z-00-DX1,1,0.9938782,1
tumour/TCGA-SS-A7HO-01Z-00-DX1_43008_29184.jpg,TCGA-SS-A7HO,TCGA-SS-A7HO-01Z-00-DX1,1,0.9987696,1
tumour/TCGA-SS-A7HO-01Z-00-DX1_43008_29696.jpg,TCGA-SS-A7HO,TCGA-SS-A7HO-01Z-00-DX1,1,0.99955934,1
tumour/TCGA-SS-A7HO-01Z-00-DX1_43008_30208.jpg,TCGA-SS-A7HO,TCGA-SS-A7HO-01Z-00-DX1,1,0.99783105,1
tumour/TCGA-SS-A7HO-01Z-00-DX1_43008_31744.jpg,TCGA-SS-A7HO,TCGA-SS-A7HO-01Z-00-DX1,1,0.9989656,1
tumour/TCGA-SS-A7HO-01Z-00-DX1_43008_8704.jpg,TCGA-SS-A7HO,TCGA-SS-A7HO-01Z-00-DX1,1,0.96100163,1
tumour/TCGA-SS-A7HO-01Z-00-DX1_43520_10240.jpg,TCGA-SS-A7HO,TCGA-SS-A7HO-01Z-00-DX1,1,0.99439394,1
tumour/TCGA-SS-A7HO-01Z-00-DX1_43520_10752.jpg,TCGA-SS-A7HO,TCGA-SS-A7HO-01Z-00-DX1,1,0.9993772,1
tumour/TCGA-SS-A7HO-01Z-00-DX1_43520_11264.jpg,TCGA-SS-A7HO,TCGA-SS-A7HO-01Z-00-DX1,1,0.9976192,1
tumour/TCGA-SS-A7HO-01Z-00-DX1_43520_13312.jpg,TCGA-SS-A7HO,TCGA-SS-A7HO-01Z-00-DX1,1,0.9963266,1
tumour/TCGA-SS-A7HO-01Z-00-DX1_43520_13824.jpg,TCGA-SS-A7HO,TCGA-SS-A7HO-01Z-00-DX1,1,0.99961483,1
tumour/TCGA-SS-A7HO-01Z-00-DX1_43520_15872.jpg,TCGA-SS-A7HO,TCGA-SS-A7HO-01Z-00-DX1,1,0.99972767,1
tumour/TCGA-SS-A7HO-01Z-00-DX1_43520_16384.jpg,TCGA-SS-A7HO,TCGA-SS-A7HO-01Z-00-DX1,1,0.9997956,1
tumour/TCGA-SS-A7HO-01Z-00-DX1_43520_16896.jpg,TCGA-SS-A7HO,TCGA-SS-A7HO-01Z-00-DX1,1,0.998524,1
tumour/TCGA-SS-A7HO-01Z-00-DX1_43520_17920.jpg,TCGA-SS-A7HO,TCGA-SS-A7HO-01Z-00-DX1,1,0.99874073,1
tumour/TCGA-SS-A7HO-01Z-00-DX1_43520_19968.jpg,TCGA-SS-A7HO,TCGA-SS-A7HO-01Z-00-DX1,1,0.9999782,1
tumour/TCGA-SS-A7HO-01Z-00-DX1_43520_20480.jpg,TCGA-SS-A7HO,TCGA-SS-A7HO-01Z-00-DX1,1,0.9997501,1
tumour/TCGA-SS-A7HO-01Z-00-DX1_43520_22528.jpg,TCGA-SS-A7HO,TCGA-SS-A7HO-01Z-00-DX1,1,0.9998603,1
tumour/TCGA-SS-A7HO-01Z-00-DX1_43520_23040.jpg,TCGA-SS-A7HO,TCGA-SS-A7HO-01Z-00-DX1,1,0.99943537,1
tumour/TCGA-SS-A7HO-01Z-00-DX1_43520_26112.jpg,TCGA-SS-A7HO,TCGA-SS-A7HO-01Z-00-DX1,1,0.8836236,1
tumour/TCGA-SS-A7HO-01Z-00-DX1_43520_28672.jpg,TCGA-SS-A7HO,TCGA-SS-A7HO-01Z-00-DX1,1,0.9945135,1
tumour/TCGA-SS-A7HO-01Z-00-DX1_43520_29184.jpg,TCGA-SS-A7HO,TCGA-SS-A7HO-01Z-00-DX1,1,0.9992112,1
tumour/TCGA-SS-A7HO-01Z-00-DX1_43520_7680.jpg,TCGA-SS-A7HO,TCGA-SS-A7HO-01Z-00-DX1,1,0.9843376,1
tumour/TCGA-SS-A7HO-01Z-00-DX1_43520_8192.jpg,TCGA-SS-A7HO,TCGA-SS-A7HO-01Z-00-DX1,1,0.9829081,1
tumour/TCGA-SS-A7HO-01Z-00-DX1_43520_8704.jpg,TCGA-SS-A7HO,TCGA-SS-A7HO-01Z-00-DX1,1,0.89871514,1
tumour/TCGA-SS-A7HO-01Z-00-DX1_43520_9216.jpg,TCGA-SS-A7HO,TCGA-SS-A7HO-01Z-00-DX1,1,0.99445313,1
tumour/TCGA-SS-A7HO-01Z-00-DX1_44032_10240.jpg,TCGA-SS-A7HO,TCGA-SS-A7HO-01Z-00-DX1,1,0.9963387,1
tumour/TCGA-SS-A7HO-01Z-00-DX1_44032_10752.jpg,TCGA-SS-A7HO,TCGA-SS-A7HO-01Z-00-DX1,1,0.9967609,1
tumour/TCGA-SS-A7HO-01Z-00-DX1_44032_12288.jpg,TCGA-SS-A7HO,TCGA-SS-A7HO-01Z-00-DX1,1,0.9981464,1
tumour/TCGA-SS-A7HO-01Z-00-DX1_44032_12800.jpg,TCGA-SS-A7HO,TCGA-SS-A7HO-01Z-00-DX1,1,0.99963105,1
tumour/TCGA-SS-A7HO-01Z-00-DX1_44032_13824.jpg,TCGA-SS-A7HO,TCGA-SS-A7HO-01Z-00-DX1,1,0.99987864,1
tumour/TCGA-SS-A7HO-01Z-00-DX1_44032_15360.jpg,TCGA-SS-A7HO,TCGA-SS-A7HO-01Z-00-DX1,1,0.9990854,1
tumour/TCGA-SS-A7HO-01Z-00-DX1_44032_16384.jpg,TCGA-SS-A7HO,TCGA-SS-A7HO-01Z-00-DX1,1,0.99447614,1
tumour/TCGA-SS-A7HO-01Z-00-DX1_44032_16896.jpg,TCGA-SS-A7HO,TCGA-SS-A7HO-01Z-00-DX1,1,0.9999205,1
tumour/TCGA-SS-A7HO-01Z-00-DX1_44032_18944.jpg,TCGA-SS-A7HO,TCGA-SS-A7HO-01Z-00-DX1,1,0.9999682,1
tumour/TCGA-SS-A7HO-01Z-00-DX1_44032_22016.jpg,TCGA-SS-A7HO,TCGA-SS-A7HO-01Z-00-DX1,1,0.9994943,1
tumour/TCGA-SS-A7HO-01Z-00-DX1_44032_23040.jpg,TCGA-SS-A7HO,TCGA-SS-A7HO-01Z-00-DX1,1,0.9994999,1
tumour/TCGA-SS-A7HO-01Z-00-DX1_44032_25088.jpg,TCGA-SS-A7HO,TCGA-SS-A7HO-01Z-00-DX1,1,0.999775,1
tumour/TCGA-SS-A7HO-01Z-00-DX1_44032_26624.jpg,TCGA-SS-A7HO,TCGA-SS-A7HO-01Z-00-DX1,1,0.9983058,1
tumour/TCGA-SS-A7HO-01Z-00-DX1_44032_27648.jpg,TCGA-SS-A7HO,TCGA-SS-A7HO-01Z-00-DX1,1,0.99955446,1
tumour/TCGA-SS-A7HO-01Z-00-DX1_44032_28160.jpg,TCGA-SS-A7HO,TCGA-SS-A7HO-01Z-00-DX1,1,0.99862194,1
tumour/TCGA-SS-A7HO-01Z-00-DX1_44032_29184.jpg,TCGA-SS-A7HO,TCGA-SS-A7HO-01Z-00-DX1,1,0.9991875,1
tumour/TCGA-SS-A7HO-01Z-00-DX1_44032_29696.jpg,TCGA-SS-A7HO,TCGA-SS-A7HO-01Z-00-DX1,1,0.99940896,1
tumour/TCGA-SS-A7HO-01Z-00-DX1_44032_8704.jpg,TCGA-SS-A7HO,TCGA-SS-A7HO-01Z-00-DX1,1,0.9976882,1
tumour/TCGA-SS-A7HO-01Z-00-DX1_44032_9728.jpg,TCGA-SS-A7HO,TCGA-SS-A7HO-01Z-00-DX1,1,0.9964122,1
tumour/TCGA-SS-A7HO-01Z-00-DX1_44544_10240.jpg,TCGA-SS-A7HO,TCGA-SS-A7HO-01Z-00-DX1,1,0.9953695,1
tumour/TCGA-SS-A7HO-01Z-00-DX1_44544_11776.jpg,TCGA-SS-A7HO,TCGA-SS-A7HO-01Z-00-DX1,1,0.9989268,1
tumour/TCGA-SS-A7HO-01Z-00-DX1_44544_12288.jpg,TCGA-SS-A7HO,TCGA-SS-A7HO-01Z-00-DX1,1,0.99224865,1
tumour/TCGA-SS-A7HO-01Z-00-DX1_44544_12800.jpg,TCGA-SS-A7HO,TCGA-SS-A7HO-01Z-00-DX1,1,0.99937755,1
tumour/TCGA-SS-A7HO-01Z-00-DX1_44544_13312.jpg,TCGA-SS-A7HO,TCGA-SS-A7HO-01Z-00-DX1,1,0.9982913,1
tumour/TCGA-SS-A7HO-01Z-00-DX1_44544_14336.jpg,TCGA-SS-A7HO,TCGA-SS-A7HO-01Z-00-DX1,1,0.999874,1
tumour/TCGA-SS-A7HO-01Z-00-DX1_44544_14848.jpg,TCGA-SS-A7HO,TCGA-SS-A7HO-01Z-00-DX1,1,0.9940001,1
tumour/TCGA-SS-A7HO-01Z-00-DX1_44544_15360.jpg,TCGA-SS-A7HO,TCGA-SS-A7HO-01Z-00-DX1,1,0.9997483,1
tumour/TCGA-SS-A7HO-01Z-00-DX1_44544_16384.jpg,TCGA-SS-A7HO,TCGA-SS-A7HO-01Z-00-DX1,1,0.9989195,1
tumour/TCGA-SS-A7HO-01Z-00-DX1_44544_16896.jpg,TCGA-SS-A7HO,TCGA-SS-A7HO-01Z-00-DX1,1,0.9995708,1
tumour/TCGA-SS-A7HO-01Z-00-DX1_44544_17920.jpg,TCGA-SS-A7HO,TCGA-SS-A7HO-01Z-00-DX1,1,0.99760157,1
tumour/TCGA-SS-A7HO-01Z-00-DX1_44544_19456.jpg,TCGA-SS-A7HO,TCGA-SS-A7HO-01Z-00-DX1,1,0.99992144,1
tumour/TCGA-SS-A7HO-01Z-00-DX1_44544_19968.jpg,TCGA-SS-A7HO,TCGA-SS-A7HO-01Z-00-DX1,1,0.9997485,1
tumour/TCGA-SS-A7HO-01Z-00-DX1_44544_20480.jpg,TCGA-SS-A7HO,TCGA-SS-A7HO-01Z-00-DX1,1,0.9998951,1
tumour/TCGA-SS-A7HO-01Z-00-DX1_44544_21504.jpg,TCGA-SS-A7HO,TCGA-SS-A7HO-01Z-00-DX1,1,0.99965656,1
tumour/TCGA-SS-A7HO-01Z-00-DX1_44544_22016.jpg,TCGA-SS-A7HO,TCGA-SS-A7HO-01Z-00-DX1,1,0.9989484,1
tumour/TCGA-SS-A7HO-01Z-00-DX1_44544_22528.jpg,TCGA-SS-A7HO,TCGA-SS-A7HO-01Z-00-DX1,1,0.9971734,1
tumour/TCGA-SS-A7HO-01Z-00-DX1_44544_23040.jpg,TCGA-SS-A7HO,TCGA-SS-A7HO-01Z-00-DX1,1,0.9955384,1
tumour/TCGA-SS-A7HO-01Z-00-DX1_44544_23552.jpg,TCGA-SS-A7HO,TCGA-SS-A7HO-01Z-00-DX1,1,0.9983546,1
tumour/TCGA-SS-A7HO-01Z-00-DX1_44544_25088.jpg,TCGA-SS-A7HO,TCGA-SS-A7HO-01Z-00-DX1,1,0.9998292,1
tumour/TCGA-SS-A7HO-01Z-00-DX1_44544_25600.jpg,TCGA-SS-A7HO,TCGA-SS-A7HO-01Z-00-DX1,1,0.991683,1
tumour/TCGA-SS-A7HO-01Z-00-DX1_44544_26112.jpg,TCGA-SS-A7HO,TCGA-SS-A7HO-01Z-00-DX1,1,0.9806358,1
tumour/TCGA-SS-A7HO-01Z-00-DX1_44544_26624.jpg,TCGA-SS-A7HO,TCGA-SS-A7HO-01Z-00-DX1,1,0.99965143,1
tumour/TCGA-SS-A7HO-01Z-00-DX1_44544_6144.jpg,TCGA-SS-A7HO,TCGA-SS-A7HO-01Z-00-DX1,1,0.7884745,1
tumour/TCGA-SS-A7HO-01Z-00-DX1_44544_6656.jpg,TCGA-SS-A7HO,TCGA-SS-A7HO-01Z-00-DX1,1,0.97888124,1
tumour/TCGA-SS-A7HO-01Z-00-DX1_44544_8192.jpg,TCGA-SS-A7HO,TCGA-SS-A7HO-01Z-00-DX1,1,0.98139775,1
tumour/TCGA-SS-A7HO-01Z-00-DX1_44544_8704.jpg,TCGA-SS-A7HO,TCGA-SS-A7HO-01Z-00-DX1,1,0.99663925,1
tumour/TCGA-SS-A7HO-01Z-00-DX1_44544_9216.jpg,TCGA-SS-A7HO,TCGA-SS-A7HO-01Z-00-DX1,1,0.9976433,1
tumour/TCGA-SS-A7HO-01Z-00-DX1_44544_9728.jpg,TCGA-SS-A7HO,TCGA-SS-A7HO-01Z-00-DX1,1,0.9983772,1
tumour/TCGA-SS-A7HO-01Z-00-DX1_45056_12800.jpg,TCGA-SS-A7HO,TCGA-SS-A7HO-01Z-00-DX1,1,0.9957729,1
tumour/TCGA-SS-A7HO-01Z-00-DX1_45056_13312.jpg,TCGA-SS-A7HO,TCGA-SS-A7HO-01Z-00-DX1,1,0.9973917,1
tumour/TCGA-SS-A7HO-01Z-00-DX1_45056_13824.jpg,TCGA-SS-A7HO,TCGA-SS-A7HO-01Z-00-DX1,1,0.9994604,1
tumour/TCGA-SS-A7HO-01Z-00-DX1_45056_14336.jpg,TCGA-SS-A7HO,TCGA-SS-A7HO-01Z-00-DX1,1,0.9980496,1
tumour/TCGA-SS-A7HO-01Z-00-DX1_45056_14848.jpg,TCGA-SS-A7HO,TCGA-SS-A7HO-01Z-00-DX1,1,0.9975032,1
tumour/TCGA-SS-A7HO-01Z-00-DX1_45056_16384.jpg,TCGA-SS-A7HO,TCGA-SS-A7HO-01Z-00-DX1,1,0.9925431,1
tumour/TCGA-SS-A7HO-01Z-00-DX1_45056_16896.jpg,TCGA-SS-A7HO,TCGA-SS-A7HO-01Z-00-DX1,1,0.999076,1
tumour/TCGA-SS-A7HO-01Z-00-DX1_45056_17920.jpg,TCGA-SS-A7HO,TCGA-SS-A7HO-01Z-00-DX1,1,0.9968919,1
tumour/TCGA-SS-A7HO-01Z-00-DX1_45056_19456.jpg,TCGA-SS-A7HO,TCGA-SS-A7HO-01Z-00-DX1,1,0.9998888,1
tumour/TCGA-SS-A7HO-01Z-00-DX1_45056_19968.jpg,TCGA-SS-A7HO,TCGA-SS-A7HO-01Z-00-DX1,1,0.99976975,1
tumour/TCGA-SS-A7HO-01Z-00-DX1_45056_22016.jpg,TCGA-SS-A7HO,TCGA-SS-A7HO-01Z-00-DX1,1,0.9988966,1
tumour/TCGA-SS-A7HO-01Z-00-DX1_45056_24064.jpg,TCGA-SS-A7HO,TCGA-SS-A7HO-01Z-00-DX1,1,0.9996288,1
tumour/TCGA-SS-A7HO-01Z-00-DX1_45056_24576.jpg,TCGA-SS-A7HO,TCGA-SS-A7HO-01Z-00-DX1,1,0.9997154,1
tumour/TCGA-SS-A7HO-01Z-00-DX1_45056_25088.jpg,TCGA-SS-A7HO,TCGA-SS-A7HO-01Z-00-DX1,1,0.9980609,1
tumour/TCGA-SS-A7HO-01Z-00-DX1_45056_25600.jpg,TCGA-SS-A7HO,TCGA-SS-A7HO-01Z-00-DX1,1,0.9780155,1
tumour/TCGA-SS-A7HO-01Z-00-DX1_45056_28160.jpg,TCGA-SS-A7HO,TCGA-SS-A7HO-01Z-00-DX1,1,0.9989247,1
tumour/TCGA-SS-A7HO-01Z-00-DX1_45056_6144.jpg,TCGA-SS-A7HO,TCGA-SS-A7HO-01Z-00-DX1,1,0.99037653,1
tumour/TCGA-SS-A7HO-01Z-00-DX1_45056_8704.jpg,TCGA-SS-A7HO,TCGA-SS-A7HO-01Z-00-DX1,1,0.9977112,1
tumour/TCGA-SS-A7HO-01Z-00-DX1_45056_9728.jpg,TCGA-SS-A7HO,TCGA-SS-A7HO-01Z-00-DX1,1,0.9964322,1
tumour/TCGA-SS-A7HO-01Z-00-DX1_45568_10240.jpg,TCGA-SS-A7HO,TCGA-SS-A7HO-01Z-00-DX1,1,0.85271037,1
tumour/TCGA-SS-A7HO-01Z-00-DX1_45568_10752.jpg,TCGA-SS-A7HO,TCGA-SS-A7HO-01Z-00-DX1,1,0.9797599,1
tumour/TCGA-SS-A7HO-01Z-00-DX1_45568_13312.jpg,TCGA-SS-A7HO,TCGA-SS-A7HO-01Z-00-DX1,1,0.9985043,1
tumour/TCGA-SS-A7HO-01Z-00-DX1_45568_13824.jpg,TCGA-SS-A7HO,TCGA-SS-A7HO-01Z-00-DX1,1,0.9992471,1
tumour/TCGA-SS-A7HO-01Z-00-DX1_45568_15360.jpg,TCGA-SS-A7HO,TCGA-SS-A7HO-01Z-00-DX1,1,0.9993042,1
tumour/TCGA-SS-A7HO-01Z-00-DX1_45568_15872.jpg,TCGA-SS-A7HO,TCGA-SS-A7HO-01Z-00-DX1,1,0.99425006,1
tumour/TCGA-SS-A7HO-01Z-00-DX1_45568_16896.jpg,TCGA-SS-A7HO,TCGA-SS-A7HO-01Z-00-DX1,1,0.9997266,1
tumour/TCGA-SS-A7HO-01Z-00-DX1_45568_17920.jpg,TCGA-SS-A7HO,TCGA-SS-A7HO-01Z-00-DX1,1,0.9971796,1
tumour/TCGA-SS-A7HO-01Z-00-DX1_45568_19456.jpg,TCGA-SS-A7HO,TCGA-SS-A7HO-01Z-00-DX1,1,0.99965084,1
tumour/TCGA-SS-A7HO-01Z-00-DX1_45568_19968.jpg,TCGA-SS-A7HO,TCGA-SS-A7HO-01Z-00-DX1,1,0.99945444,1
tumour/TCGA-SS-A7HO-01Z-00-DX1_45568_20480.jpg,TCGA-SS-A7HO,TCGA-SS-A7HO-01Z-00-DX1,1,0.9984609,1
tumour/TCGA-SS-A7HO-01Z-00-DX1_45568_20992.jpg,TCGA-SS-A7HO,TCGA-SS-A7HO-01Z-00-DX1,1,0.9971392,1
tumour/TCGA-SS-A7HO-01Z-00-DX1_45568_22016.jpg,TCGA-SS-A7HO,TCGA-SS-A7HO-01Z-00-DX1,1,0.99708134,1
tumour/TCGA-SS-A7HO-01Z-00-DX1_45568_22528.jpg,TCGA-SS-A7HO,TCGA-SS-A7HO-01Z-00-DX1,1,0.9964323,1
tumour/TCGA-SS-A7HO-01Z-00-DX1_45568_23040.jpg,TCGA-SS-A7HO,TCGA-SS-A7HO-01Z-00-DX1,1,0.9934562,1
tumour/TCGA-SS-A7HO-01Z-00-DX1_45568_24064.jpg,TCGA-SS-A7HO,TCGA-SS-A7HO-01Z-00-DX1,1,0.99830353,1
tumour/TCGA-SS-A7HO-01Z-00-DX1_45568_24576.jpg,TCGA-SS-A7HO,TCGA-SS-A7HO-01Z-00-DX1,1,0.999956,1
tumour/TCGA-SS-A7HO-01Z-00-DX1_45568_25600.jpg,TCGA-SS-A7HO,TCGA-SS-A7HO-01Z-00-DX1,1,0.99981564,1
tumour/TCGA-SS-A7HO-01Z-00-DX1_45568_26624.jpg,TCGA-SS-A7HO,TCGA-SS-A7HO-01Z-00-DX1,1,0.996923,1
tumour/TCGA-SS-A7HO-01Z-00-DX1_45568_27136.jpg,TCGA-SS-A7HO,TCGA-SS-A7HO-01Z-00-DX1,1,0.99996626,1
tumour/TCGA-SS-A7HO-01Z-00-DX1_45568_5632.jpg,TCGA-SS-A7HO,TCGA-SS-A7HO-01Z-00-DX1,1,0.93218887,1
tumour/TCGA-SS-A7HO-01Z-00-DX1_45568_8192.jpg,TCGA-SS-A7HO,TCGA-SS-A7HO-01Z-00-DX1,1,0.99895775,1
tumour/TCGA-SS-A7HO-01Z-00-DX1_46080_10240.jpg,TCGA-SS-A7HO,TCGA-SS-A7HO-01Z-00-DX1,1,0.99096406,1
tumour/TCGA-SS-A7HO-01Z-00-DX1_46080_13824.jpg,TCGA-SS-A7HO,TCGA-SS-A7HO-01Z-00-DX1,1,0.99051183,1
tumour/TCGA-SS-A7HO-01Z-00-DX1_46080_14336.jpg,TCGA-SS-A7HO,TCGA-SS-A7HO-01Z-00-DX1,1,0.9990018,1
tumour/TCGA-SS-A7HO-01Z-00-DX1_46080_14848.jpg,TCGA-SS-A7HO,TCGA-SS-A7HO-01Z-00-DX1,1,0.9990638,1
tumour/TCGA-SS-A7HO-01Z-00-DX1_46080_16384.jpg,TCGA-SS-A7HO,TCGA-SS-A7HO-01Z-00-DX1,1,0.99941254,1
tumour/TCGA-SS-A7HO-01Z-00-DX1_46080_16896.jpg,TCGA-SS-A7HO,TCGA-SS-A7HO-01Z-00-DX1,1,0.9949142,1
tumour/TCGA-SS-A7HO-01Z-00-DX1_46080_19968.jpg,TCGA-SS-A7HO,TCGA-SS-A7HO-01Z-00-DX1,1,0.9967925,1
tumour/TCGA-SS-A7HO-01Z-00-DX1_46080_22016.jpg,TCGA-SS-A7HO,TCGA-SS-A7HO-01Z-00-DX1,1,0.9952171,1
tumour/TCGA-SS-A7HO-01Z-00-DX1_46080_22528.jpg,TCGA-SS-A7HO,TCGA-SS-A7HO-01Z-00-DX1,1,0.9973205,1
tumour/TCGA-SS-A7HO-01Z-00-DX1_46080_23040.jpg,TCGA-SS-A7HO,TCGA-SS-A7HO-01Z-00-DX1,1,0.96195894,1
tumour/TCGA-SS-A7HO-01Z-00-DX1_46080_24064.jpg,TCGA-SS-A7HO,TCGA-SS-A7HO-01Z-00-DX1,1,0.99777395,1
tumour/TCGA-SS-A7HO-01Z-00-DX1_46080_25088.jpg,TCGA-SS-A7HO,TCGA-SS-A7HO-01Z-00-DX1,1,0.9978538,1
tumour/TCGA-SS-A7HO-01Z-00-DX1_46080_26112.jpg,TCGA-SS-A7HO,TCGA-SS-A7HO-01Z-00-DX1,1,0.9967783,1
tumour/TCGA-SS-A7HO-01Z-00-DX1_46080_26624.jpg,TCGA-SS-A7HO,TCGA-SS-A7HO-01Z-00-DX1,1,0.99951136,1
tumour/TCGA-SS-A7HO-01Z-00-DX1_46080_5632.jpg,TCGA-SS-A7HO,TCGA-SS-A7HO-01Z-00-DX1,1,0.9912849,1
tumour/TCGA-SS-A7HO-01Z-00-DX1_46080_6656.jpg,TCGA-SS-A7HO,TCGA-SS-A7HO-01Z-00-DX1,1,0.9784878,1
tumour/TCGA-SS-A7HO-01Z-00-DX1_46080_7168.jpg,TCGA-SS-A7HO,TCGA-SS-A7HO-01Z-00-DX1,1,0.99812263,1
tumour/TCGA-SS-A7HO-01Z-00-DX1_46080_7680.jpg,TCGA-SS-A7HO,TCGA-SS-A7HO-01Z-00-DX1,1,0.98043764,1
tumour/TCGA-SS-A7HO-01Z-00-DX1_46080_9216.jpg,TCGA-SS-A7HO,TCGA-SS-A7HO-01Z-00-DX1,1,0.9946721,1
tumour/TCGA-SS-A7HO-01Z-00-DX1_46080_9728.jpg,TCGA-SS-A7HO,TCGA-SS-A7HO-01Z-00-DX1,1,0.99840647,1
tumour/TCGA-SS-A7HO-01Z-00-DX1_4608_10240.jpg,TCGA-SS-A7HO,TCGA-SS-A7HO-01Z-00-DX1,1,0.99453706,1
tumour/TCGA-SS-A7HO-01Z-00-DX1_4608_10752.jpg,TCGA-SS-A7HO,TCGA-SS-A7HO-01Z-00-DX1,1,0.99711156,1
tumour/TCGA-SS-A7HO-01Z-00-DX1_4608_11776.jpg,TCGA-SS-A7HO,TCGA-SS-A7HO-01Z-00-DX1,1,0.9994228,1
tumour/TCGA-SS-A7HO-01Z-00-DX1_4608_12288.jpg,TCGA-SS-A7HO,TCGA-SS-A7HO-01Z-00-DX1,1,0.9994623,1
tumour/TCGA-SS-A7HO-01Z-00-DX1_4608_13312.jpg,TCGA-SS-A7HO,TCGA-SS-A7HO-01Z-00-DX1,1,0.99971515,1
tumour/TCGA-SS-A7HO-01Z-00-DX1_4608_14336.jpg,TCGA-SS-A7HO,TCGA-SS-A7HO-01Z-00-DX1,1,0.99972767,1
tumour/TCGA-SS-A7HO-01Z-00-DX1_4608_14848.jpg,TCGA-SS-A7HO,TCGA-SS-A7HO-01Z-00-DX1,1,0.99970907,1
tumour/TCGA-SS-A7HO-01Z-00-DX1_4608_15872.jpg,TCGA-SS-A7HO,TCGA-SS-A7HO-01Z-00-DX1,1,0.9998274,1
tumour/TCGA-SS-A7HO-01Z-00-DX1_4608_16896.jpg,TCGA-SS-A7HO,TCGA-SS-A7HO-01Z-00-DX1,1,0.49625188,0
tumour/TCGA-SS-A7HO-01Z-00-DX1_4608_6656.jpg,TCGA-SS-A7HO,TCGA-SS-A7HO-01Z-00-DX1,1,0.99380106,1
tumour/TCGA-SS-A7HO-01Z-00-DX1_4608_8704.jpg,TCGA-SS-A7HO,TCGA-SS-A7HO-01Z-00-DX1,1,0.9986738,1
tumour/TCGA-SS-A7HO-01Z-00-DX1_4608_9216.jpg,TCGA-SS-A7HO,TCGA-SS-A7HO-01Z-00-DX1,1,0.9892775,1
tumour/TCGA-SS-A7HO-01Z-00-DX1_4608_9728.jpg,TCGA-SS-A7HO,TCGA-SS-A7HO-01Z-00-DX1,1,0.98882467,1
tumour/TCGA-SS-A7HO-01Z-00-DX1_46592_12800.jpg,TCGA-SS-A7HO,TCGA-SS-A7HO-01Z-00-DX1,1,0.9990879,1
tumour/TCGA-SS-A7HO-01Z-00-DX1_46592_13312.jpg,TCGA-SS-A7HO,TCGA-SS-A7HO-01Z-00-DX1,1,0.9991341,1
tumour/TCGA-SS-A7HO-01Z-00-DX1_46592_13824.jpg,TCGA-SS-A7HO,TCGA-SS-A7HO-01Z-00-DX1,1,0.9708246,1
tumour/TCGA-SS-A7HO-01Z-00-DX1_46592_14336.jpg,TCGA-SS-A7HO,TCGA-SS-A7HO-01Z-00-DX1,1,0.9987552,1
tumour/TCGA-SS-A7HO-01Z-00-DX1_46592_14848.jpg,TCGA-SS-A7HO,TCGA-SS-A7HO-01Z-00-DX1,1,0.99924785,1
tumour/TCGA-SS-A7HO-01Z-00-DX1_46592_15360.jpg,TCGA-SS-A7HO,TCGA-SS-A7HO-01Z-00-DX1,1,0.9974202,1
tumour/TCGA-SS-A7HO-01Z-00-DX1_46592_15872.jpg,TCGA-SS-A7HO,TCGA-SS-A7HO-01Z-00-DX1,1,0.9990125,1
tumour/TCGA-SS-A7HO-01Z-00-DX1_46592_16896.jpg,TCGA-SS-A7HO,TCGA-SS-A7HO-01Z-00-DX1,1,0.99947864,1
tumour/TCGA-SS-A7HO-01Z-00-DX1_46592_18944.jpg,TCGA-SS-A7HO,TCGA-SS-A7HO-01Z-00-DX1,1,0.99969864,1
tumour/TCGA-SS-A7HO-01Z-00-DX1_46592_19456.jpg,TCGA-SS-A7HO,TCGA-SS-A7HO-01Z-00-DX1,1,0.9932789,1
tumour/TCGA-SS-A7HO-01Z-00-DX1_46592_19968.jpg,TCGA-SS-A7HO,TCGA-SS-A7HO-01Z-00-DX1,1,0.9967186,1
tumour/TCGA-SS-A7HO-01Z-00-DX1_46592_21504.jpg,TCGA-SS-A7HO,TCGA-SS-A7HO-01Z-00-DX1,1,0.99956733,1
tumour/TCGA-SS-A7HO-01Z-00-DX1_46592_23040.jpg,TCGA-SS-A7HO,TCGA-SS-A7HO-01Z-00-DX1,1,0.9928756,1
tumour/TCGA-SS-A7HO-01Z-00-DX1_46592_24576.jpg,TCGA-SS-A7HO,TCGA-SS-A7HO-01Z-00-DX1,1,0.9985461,1
tumour/TCGA-SS-A7HO-01Z-00-DX1_46592_4608.jpg,TCGA-SS-A7HO,TCGA-SS-A7HO-01Z-00-DX1,1,0.9122795,1
tumour/TCGA-SS-A7HO-01Z-00-DX1_46592_5120.jpg,TCGA-SS-A7HO,TCGA-SS-A7HO-01Z-00-DX1,1,0.781918,1
tumour/TCGA-SS-A7HO-01Z-00-DX1_46592_6144.jpg,TCGA-SS-A7HO,TCGA-SS-A7HO-01Z-00-DX1,1,0.948317,1
tumour/TCGA-SS-A7HO-01Z-00-DX1_46592_6656.jpg,TCGA-SS-A7HO,TCGA-SS-A7HO-01Z-00-DX1,1,0.9866953,1
tumour/TCGA-SS-A7HO-01Z-00-DX1_46592_7680.jpg,TCGA-SS-A7HO,TCGA-SS-A7HO-01Z-00-DX1,1,0.91985714,1
tumour/TCGA-SS-A7HO-01Z-00-DX1_46592_8192.jpg,TCGA-SS-A7HO,TCGA-SS-A7HO-01Z-00-DX1,1,0.99869555,1
tumour/TCGA-SS-A7HO-01Z-00-DX1_46592_9728.jpg,TCGA-SS-A7HO,TCGA-SS-A7HO-01Z-00-DX1,1,0.9981791,1
tumour/TCGA-SS-A7HO-01Z-00-DX1_47104_11264.jpg,TCGA-SS-A7HO,TCGA-SS-A7HO-01Z-00-DX1,1,0.9971409,1
tumour/TCGA-SS-A7HO-01Z-00-DX1_47104_11776.jpg,TCGA-SS-A7HO,TCGA-SS-A7HO-01Z-00-DX1,1,0.9961152,1
tumour/TCGA-SS-A7HO-01Z-00-DX1_47104_12800.jpg,TCGA-SS-A7HO,TCGA-SS-A7HO-01Z-00-DX1,1,0.9980432,1
tumour/TCGA-SS-A7HO-01Z-00-DX1_47104_13824.jpg,TCGA-SS-A7HO,TCGA-SS-A7HO-01Z-00-DX1,1,0.99982613,1
tumour/TCGA-SS-A7HO-01Z-00-DX1_47104_14336.jpg,TCGA-SS-A7HO,TCGA-SS-A7HO-01Z-00-DX1,1,0.9946405,1
tumour/TCGA-SS-A7HO-01Z-00-DX1_47104_16384.jpg,TCGA-SS-A7HO,TCGA-SS-A7HO-01Z-00-DX1,1,0.9992322,1
tumour/TCGA-SS-A7HO-01Z-00-DX1_47104_18944.jpg,TCGA-SS-A7HO,TCGA-SS-A7HO-01Z-00-DX1,1,0.9989157,1
tumour/TCGA-SS-A7HO-01Z-00-DX1_47104_19456.jpg,TCGA-SS-A7HO,TCGA-SS-A7HO-01Z-00-DX1,1,0.9128047,1
tumour/TCGA-SS-A7HO-01Z-00-DX1_47104_19968.jpg,TCGA-SS-A7HO,TCGA-SS-A7HO-01Z-00-DX1,1,0.95717555,1
tumour/TCGA-SS-A7HO-01Z-00-DX1_47104_20480.jpg,TCGA-SS-A7HO,TCGA-SS-A7HO-01Z-00-DX1,1,0.9895405,1
tumour/TCGA-SS-A7HO-01Z-00-DX1_47104_20992.jpg,TCGA-SS-A7HO,TCGA-SS-A7HO-01Z-00-DX1,1,0.997981,1
tumour/TCGA-SS-A7HO-01Z-00-DX1_47104_22016.jpg,TCGA-SS-A7HO,TCGA-SS-A7HO-01Z-00-DX1,1,0.99968946,1
tumour/TCGA-SS-A7HO-01Z-00-DX1_47104_22528.jpg,TCGA-SS-A7HO,TCGA-SS-A7HO-01Z-00-DX1,1,0.99615806,1
tumour/TCGA-SS-A7HO-01Z-00-DX1_47104_24064.jpg,TCGA-SS-A7HO,TCGA-SS-A7HO-01Z-00-DX1,1,0.9852427,1
tumour/TCGA-SS-A7HO-01Z-00-DX1_47104_4096.jpg,TCGA-SS-A7HO,TCGA-SS-A7HO-01Z-00-DX1,1,0.5987006,1
tumour/TCGA-SS-A7HO-01Z-00-DX1_47104_4608.jpg,TCGA-SS-A7HO,TCGA-SS-A7HO-01Z-00-DX1,1,0.22979929,0
tumour/TCGA-SS-A7HO-01Z-00-DX1_47104_5120.jpg,TCGA-SS-A7HO,TCGA-SS-A7HO-01Z-00-DX1,1,0.8640017,1
tumour/TCGA-SS-A7HO-01Z-00-DX1_47104_6144.jpg,TCGA-SS-A7HO,TCGA-SS-A7HO-01Z-00-DX1,1,0.88299584,1
tumour/TCGA-SS-A7HO-01Z-00-DX1_47104_6656.jpg,TCGA-SS-A7HO,TCGA-SS-A7HO-01Z-00-DX1,1,0.9665681,1
tumour/TCGA-SS-A7HO-01Z-00-DX1_47104_7168.jpg,TCGA-SS-A7HO,TCGA-SS-A7HO-01Z-00-DX1,1,0.9192705,1
tumour/TCGA-SS-A7HO-01Z-00-DX1_47104_7680.jpg,TCGA-SS-A7HO,TCGA-SS-A7HO-01Z-00-DX1,1,0.9960722,1
tumour/TCGA-SS-A7HO-01Z-00-DX1_47104_9216.jpg,TCGA-SS-A7HO,TCGA-SS-A7HO-01Z-00-DX1,1,0.99970776,1
tumour/TCGA-SS-A7HO-01Z-00-DX1_47104_9728.jpg,TCGA-SS-A7HO,TCGA-SS-A7HO-01Z-00-DX1,1,0.9968317,1
tumour/TCGA-SS-A7HO-01Z-00-DX1_47616_10752.jpg,TCGA-SS-A7HO,TCGA-SS-A7HO-01Z-00-DX1,1,0.99861586,1
tumour/TCGA-SS-A7HO-01Z-00-DX1_47616_11264.jpg,TCGA-SS-A7HO,TCGA-SS-A7HO-01Z-00-DX1,1,0.9982437,1
tumour/TCGA-SS-A7HO-01Z-00-DX1_47616_11776.jpg,TCGA-SS-A7HO,TCGA-SS-A7HO-01Z-00-DX1,1,0.9947084,1
tumour/TCGA-SS-A7HO-01Z-00-DX1_47616_13312.jpg,TCGA-SS-A7HO,TCGA-SS-A7HO-01Z-00-DX1,1,0.99914515,1
tumour/TCGA-SS-A7HO-01Z-00-DX1_47616_14336.jpg,TCGA-SS-A7HO,TCGA-SS-A7HO-01Z-00-DX1,1,0.958521,1
tumour/TCGA-SS-A7HO-01Z-00-DX1_47616_19456.jpg,TCGA-SS-A7HO,TCGA-SS-A7HO-01Z-00-DX1,1,0.96694416,1
tumour/TCGA-SS-A7HO-01Z-00-DX1_47616_20480.jpg,TCGA-SS-A7HO,TCGA-SS-A7HO-01Z-00-DX1,1,0.94844854,1
tumour/TCGA-SS-A7HO-01Z-00-DX1_47616_22016.jpg,TCGA-SS-A7HO,TCGA-SS-A7HO-01Z-00-DX1,1,0.998811,1
tumour/TCGA-SS-A7HO-01Z-00-DX1_47616_22528.jpg,TCGA-SS-A7HO,TCGA-SS-A7HO-01Z-00-DX1,1,0.9336583,1
tumour/TCGA-SS-A7HO-01Z-00-DX1_47616_23040.jpg,TCGA-SS-A7HO,TCGA-SS-A7HO-01Z-00-DX1,1,0.9998246,1
tumour/TCGA-SS-A7HO-01Z-00-DX1_47616_5120.jpg,TCGA-SS-A7HO,TCGA-SS-A7HO-01Z-00-DX1,1,0.8325509,1
tumour/TCGA-SS-A7HO-01Z-00-DX1_47616_5632.jpg,TCGA-SS-A7HO,TCGA-SS-A7HO-01Z-00-DX1,1,0.9993229,1
tumour/TCGA-SS-A7HO-01Z-00-DX1_47616_7168.jpg,TCGA-SS-A7HO,TCGA-SS-A7HO-01Z-00-DX1,1,0.95978695,1
tumour/TCGA-SS-A7HO-01Z-00-DX1_47616_7680.jpg,TCGA-SS-A7HO,TCGA-SS-A7HO-01Z-00-DX1,1,0.99263436,1
tumour/TCGA-SS-A7HO-01Z-00-DX1_47616_8192.jpg,TCGA-SS-A7HO,TCGA-SS-A7HO-01Z-00-DX1,1,0.99906343,1
tumour/TCGA-SS-A7HO-01Z-00-DX1_47616_9728.jpg,TCGA-SS-A7HO,TCGA-SS-A7HO-01Z-00-DX1,1,0.9977525,1
tumour/TCGA-SS-A7HO-01Z-00-DX1_48128_11776.jpg,TCGA-SS-A7HO,TCGA-SS-A7HO-01Z-00-DX1,1,0.97561044,1
tumour/TCGA-SS-A7HO-01Z-00-DX1_48128_13824.jpg,TCGA-SS-A7HO,TCGA-SS-A7HO-01Z-00-DX1,1,0.9987594,1
tumour/TCGA-SS-A7HO-01Z-00-DX1_48128_14336.jpg,TCGA-SS-A7HO,TCGA-SS-A7HO-01Z-00-DX1,1,0.9987419,1
tumour/TCGA-SS-A7HO-01Z-00-DX1_48128_6144.jpg,TCGA-SS-A7HO,TCGA-SS-A7HO-01Z-00-DX1,1,0.9991053,1
tumour/TCGA-SS-A7HO-01Z-00-DX1_48128_7168.jpg,TCGA-SS-A7HO,TCGA-SS-A7HO-01Z-00-DX1,1,0.9990355,1
tumour/TCGA-SS-A7HO-01Z-00-DX1_48128_8704.jpg,TCGA-SS-A7HO,TCGA-SS-A7HO-01Z-00-DX1,1,0.98610663,1
tumour/TCGA-SS-A7HO-01Z-00-DX1_48640_10240.jpg,TCGA-SS-A7HO,TCGA-SS-A7HO-01Z-00-DX1,1,0.9995389,1
tumour/TCGA-SS-A7HO-01Z-00-DX1_48640_11264.jpg,TCGA-SS-A7HO,TCGA-SS-A7HO-01Z-00-DX1,1,0.99376076,1
tumour/TCGA-SS-A7HO-01Z-00-DX1_48640_13312.jpg,TCGA-SS-A7HO,TCGA-SS-A7HO-01Z-00-DX1,1,0.99990296,1
tumour/TCGA-SS-A7HO-01Z-00-DX1_48640_13824.jpg,TCGA-SS-A7HO,TCGA-SS-A7HO-01Z-00-DX1,1,0.9989195,1
tumour/TCGA-SS-A7HO-01Z-00-DX1_48640_9728.jpg,TCGA-SS-A7HO,TCGA-SS-A7HO-01Z-00-DX1,1,0.9966293,1
tumour/TCGA-SS-A7HO-01Z-00-DX1_49152_10240.jpg,TCGA-SS-A7HO,TCGA-SS-A7HO-01Z-00-DX1,1,0.9935462,1
tumour/TCGA-SS-A7HO-01Z-00-DX1_49152_10752.jpg,TCGA-SS-A7HO,TCGA-SS-A7HO-01Z-00-DX1,1,0.97596836,1
tumour/TCGA-SS-A7HO-01Z-00-DX1_49152_11776.jpg,TCGA-SS-A7HO,TCGA-SS-A7HO-01Z-00-DX1,1,0.999634,1
tumour/TCGA-SS-A7HO-01Z-00-DX1_49152_12288.jpg,TCGA-SS-A7HO,TCGA-SS-A7HO-01Z-00-DX1,1,0.9999049,1
tumour/TCGA-SS-A7HO-01Z-00-DX1_49152_12800.jpg,TCGA-SS-A7HO,TCGA-SS-A7HO-01Z-00-DX1,1,0.99812776,1
tumour/TCGA-SS-A7HO-01Z-00-DX1_49152_13312.jpg,TCGA-SS-A7HO,TCGA-SS-A7HO-01Z-00-DX1,1,0.9830579,1
tumour/TCGA-SS-A7HO-01Z-00-DX1_49152_13824.jpg,TCGA-SS-A7HO,TCGA-SS-A7HO-01Z-00-DX1,1,0.9996331,1
tumour/TCGA-SS-A7HO-01Z-00-DX1_49664_10240.jpg,TCGA-SS-A7HO,TCGA-SS-A7HO-01Z-00-DX1,1,0.999843,1
tumour/TCGA-SS-A7HO-01Z-00-DX1_49664_10752.jpg,TCGA-SS-A7HO,TCGA-SS-A7HO-01Z-00-DX1,1,0.99949193,1
tumour/TCGA-SS-A7HO-01Z-00-DX1_49664_11776.jpg,TCGA-SS-A7HO,TCGA-SS-A7HO-01Z-00-DX1,1,0.99882,1
tumour/TCGA-SS-A7HO-01Z-00-DX1_49664_12800.jpg,TCGA-SS-A7HO,TCGA-SS-A7HO-01Z-00-DX1,1,0.99631315,1
tumour/TCGA-SS-A7HO-01Z-00-DX1_49664_13312.jpg,TCGA-SS-A7HO,TCGA-SS-A7HO-01Z-00-DX1,1,0.9920294,1
tumour/TCGA-SS-A7HO-01Z-00-DX1_49664_9728.jpg,TCGA-SS-A7HO,TCGA-SS-A7HO-01Z-00-DX1,1,0.99687296,1
tumour/TCGA-SS-A7HO-01Z-00-DX1_50176_10752.jpg,TCGA-SS-A7HO,TCGA-SS-A7HO-01Z-00-DX1,1,0.9991518,1
tumour/TCGA-SS-A7HO-01Z-00-DX1_50176_11776.jpg,TCGA-SS-A7HO,TCGA-SS-A7HO-01Z-00-DX1,1,0.9876587,1
tumour/TCGA-SS-A7HO-01Z-00-DX1_50176_12288.jpg,TCGA-SS-A7HO,TCGA-SS-A7HO-01Z-00-DX1,1,0.9994791,1
tumour/TCGA-SS-A7HO-01Z-00-DX1_5120_10240.jpg,TCGA-SS-A7HO,TCGA-SS-A7HO-01Z-00-DX1,1,0.9973672,1
tumour/TCGA-SS-A7HO-01Z-00-DX1_5120_14336.jpg,TCGA-SS-A7HO,TCGA-SS-A7HO-01Z-00-DX1,1,0.9994721,1
tumour/TCGA-SS-A7HO-01Z-00-DX1_5120_15872.jpg,TCGA-SS-A7HO,TCGA-SS-A7HO-01Z-00-DX1,1,0.9985238,1
tumour/TCGA-SS-A7HO-01Z-00-DX1_5120_16896.jpg,TCGA-SS-A7HO,TCGA-SS-A7HO-01Z-00-DX1,1,0.9987947,1
tumour/TCGA-SS-A7HO-01Z-00-DX1_5120_17408.jpg,TCGA-SS-A7HO,TCGA-SS-A7HO-01Z-00-DX1,1,0.99976224,1
tumour/TCGA-SS-A7HO-01Z-00-DX1_5120_6656.jpg,TCGA-SS-A7HO,TCGA-SS-A7HO-01Z-00-DX1,1,0.99827814,1
tumour/TCGA-SS-A7HO-01Z-00-DX1_5120_8704.jpg,TCGA-SS-A7HO,TCGA-SS-A7HO-01Z-00-DX1,1,0.9982151,1
tumour/TCGA-SS-A7HO-01Z-00-DX1_5120_9216.jpg,TCGA-SS-A7HO,TCGA-SS-A7HO-01Z-00-DX1,1,0.9982487,1
tumour/TCGA-SS-A7HO-01Z-00-DX1_5120_9728.jpg,TCGA-SS-A7HO,TCGA-SS-A7HO-01Z-00-DX1,1,0.9857334,1
tumour/TCGA-SS-A7HO-01Z-00-DX1_5632_11776.jpg,TCGA-SS-A7HO,TCGA-SS-A7HO-01Z-00-DX1,1,0.9964496,1
tumour/TCGA-SS-A7HO-01Z-00-DX1_5632_12288.jpg,TCGA-SS-A7HO,TCGA-SS-A7HO-01Z-00-DX1,1,0.9997036,1
tumour/TCGA-SS-A7HO-01Z-00-DX1_5632_12800.jpg,TCGA-SS-A7HO,TCGA-SS-A7HO-01Z-00-DX1,1,0.99985576,1
tumour/TCGA-SS-A7HO-01Z-00-DX1_5632_13312.jpg,TCGA-SS-A7HO,TCGA-SS-A7HO-01Z-00-DX1,1,0.998978,1
tumour/TCGA-SS-A7HO-01Z-00-DX1_5632_14848.jpg,TCGA-SS-A7HO,TCGA-SS-A7HO-01Z-00-DX1,1,0.99761415,1
tumour/TCGA-SS-A7HO-01Z-00-DX1_5632_15360.jpg,TCGA-SS-A7HO,TCGA-SS-A7HO-01Z-00-DX1,1,0.9989479,1
tumour/TCGA-SS-A7HO-01Z-00-DX1_5632_16896.jpg,TCGA-SS-A7HO,TCGA-SS-A7HO-01Z-00-DX1,1,0.99930847,1
tumour/TCGA-SS-A7HO-01Z-00-DX1_5632_17920.jpg,TCGA-SS-A7HO,TCGA-SS-A7HO-01Z-00-DX1,1,0.99970263,1
tumour/TCGA-SS-A7HO-01Z-00-DX1_5632_7168.jpg,TCGA-SS-A7HO,TCGA-SS-A7HO-01Z-00-DX1,1,0.99865746,1
tumour/TCGA-SS-A7HO-01Z-00-DX1_5632_8192.jpg,TCGA-SS-A7HO,TCGA-SS-A7HO-01Z-00-DX1,1,0.9986305,1
tumour/TCGA-SS-A7HO-01Z-00-DX1_5632_9216.jpg,TCGA-SS-A7HO,TCGA-SS-A7HO-01Z-00-DX1,1,0.9995426,1
tumour/TCGA-SS-A7HO-01Z-00-DX1_5632_9728.jpg,TCGA-SS-A7HO,TCGA-SS-A7HO-01Z-00-DX1,1,0.9997727,1
tumour/TCGA-SS-A7HO-01Z-00-DX1_6144_11264.jpg,TCGA-SS-A7HO,TCGA-SS-A7HO-01Z-00-DX1,1,0.99923563,1
tumour/TCGA-SS-A7HO-01Z-00-DX1_6144_11776.jpg,TCGA-SS-A7HO,TCGA-SS-A7HO-01Z-00-DX1,1,0.9958093,1
tumour/TCGA-SS-A7HO-01Z-00-DX1_6144_12288.jpg,TCGA-SS-A7HO,TCGA-SS-A7HO-01Z-00-DX1,1,0.9993857,1
tumour/TCGA-SS-A7HO-01Z-00-DX1_6144_12800.jpg,TCGA-SS-A7HO,TCGA-SS-A7HO-01Z-00-DX1,1,0.9836357,1
tumour/TCGA-SS-A7HO-01Z-00-DX1_6144_14848.jpg,TCGA-SS-A7HO,TCGA-SS-A7HO-01Z-00-DX1,1,0.99790996,1
tumour/TCGA-SS-A7HO-01Z-00-DX1_6144_15360.jpg,TCGA-SS-A7HO,TCGA-SS-A7HO-01Z-00-DX1,1,0.9992939,1
tumour/TCGA-SS-A7HO-01Z-00-DX1_6144_16896.jpg,TCGA-SS-A7HO,TCGA-SS-A7HO-01Z-00-DX1,1,0.99994993,1
tumour/TCGA-SS-A7HO-01Z-00-DX1_6144_18432.jpg,TCGA-SS-A7HO,TCGA-SS-A7HO-01Z-00-DX1,1,0.99087876,1
tumour/TCGA-SS-A7HO-01Z-00-DX1_6144_8192.jpg,TCGA-SS-A7HO,TCGA-SS-A7HO-01Z-00-DX1,1,0.99961495,1
tumour/TCGA-SS-A7HO-01Z-00-DX1_6656_11776.jpg,TCGA-SS-A7HO,TCGA-SS-A7HO-01Z-00-DX1,1,0.9985964,1
tumour/TCGA-SS-A7HO-01Z-00-DX1_6656_14336.jpg,TCGA-SS-A7HO,TCGA-SS-A7HO-01Z-00-DX1,1,0.99550384,1
tumour/TCGA-SS-A7HO-01Z-00-DX1_6656_14848.jpg,TCGA-SS-A7HO,TCGA-SS-A7HO-01Z-00-DX1,1,0.9995586,1
tumour/TCGA-SS-A7HO-01Z-00-DX1_6656_15872.jpg,TCGA-SS-A7HO,TCGA-SS-A7HO-01Z-00-DX1,1,0.9997373,1
tumour/TCGA-SS-A7HO-01Z-00-DX1_6656_17920.jpg,TCGA-SS-A7HO,TCGA-SS-A7HO-01Z-00-DX1,1,0.99951434,1
tumour/TCGA-SS-A7HO-01Z-00-DX1_6656_18432.jpg,TCGA-SS-A7HO,TCGA-SS-A7HO-01Z-00-DX1,1,0.9998598,1
tumour/TCGA-SS-A7HO-01Z-00-DX1_6656_8192.jpg,TCGA-SS-A7HO,TCGA-SS-A7HO-01Z-00-DX1,1,0.9997744,1
tumour/TCGA-SS-A7HO-01Z-00-DX1_7168_10240.jpg,TCGA-SS-A7HO,TCGA-SS-A7HO-01Z-00-DX1,1,0.9958188,1
tumour/TCGA-SS-A7HO-01Z-00-DX1_7168_10752.jpg,TCGA-SS-A7HO,TCGA-SS-A7HO-01Z-00-DX1,1,0.9952154,1
tumour/TCGA-SS-A7HO-01Z-00-DX1_7168_11264.jpg,TCGA-SS-A7HO,TCGA-SS-A7HO-01Z-00-DX1,1,0.98742235,1
tumour/TCGA-SS-A7HO-01Z-00-DX1_7168_12288.jpg,TCGA-SS-A7HO,TCGA-SS-A7HO-01Z-00-DX1,1,0.999463,1
tumour/TCGA-SS-A7HO-01Z-00-DX1_7168_12800.jpg,TCGA-SS-A7HO,TCGA-SS-A7HO-01Z-00-DX1,1,0.9994505,1
tumour/TCGA-SS-A7HO-01Z-00-DX1_7168_13312.jpg,TCGA-SS-A7HO,TCGA-SS-A7HO-01Z-00-DX1,1,0.9994349,1
tumour/TCGA-SS-A7HO-01Z-00-DX1_7168_16896.jpg,TCGA-SS-A7HO,TCGA-SS-A7HO-01Z-00-DX1,1,0.99373615,1
tumour/TCGA-SS-A7HO-01Z-00-DX1_7168_18432.jpg,TCGA-SS-A7HO,TCGA-SS-A7HO-01Z-00-DX1,1,0.9979023,1
tumour/TCGA-SS-A7HO-01Z-00-DX1_7168_8192.jpg,TCGA-SS-A7HO,TCGA-SS-A7HO-01Z-00-DX1,1,0.9997613,1
tumour/TCGA-SS-A7HO-01Z-00-DX1_7168_9728.jpg,TCGA-SS-A7HO,TCGA-SS-A7HO-01Z-00-DX1,1,0.99807405,1
tumour/TCGA-SS-A7HO-01Z-00-DX1_7680_10752.jpg,TCGA-SS-A7HO,TCGA-SS-A7HO-01Z-00-DX1,1,0.99726665,1
tumour/TCGA-SS-A7HO-01Z-00-DX1_7680_11264.jpg,TCGA-SS-A7HO,TCGA-SS-A7HO-01Z-00-DX1,1,0.99725586,1
tumour/TCGA-SS-A7HO-01Z-00-DX1_7680_11776.jpg,TCGA-SS-A7HO,TCGA-SS-A7HO-01Z-00-DX1,1,0.9918257,1
tumour/TCGA-SS-A7HO-01Z-00-DX1_7680_14336.jpg,TCGA-SS-A7HO,TCGA-SS-A7HO-01Z-00-DX1,1,0.9984244,1
tumour/TCGA-SS-A7HO-01Z-00-DX1_7680_16896.jpg,TCGA-SS-A7HO,TCGA-SS-A7HO-01Z-00-DX1,1,0.99991894,1
tumour/TCGA-SS-A7HO-01Z-00-DX1_7680_17408.jpg,TCGA-SS-A7HO,TCGA-SS-A7HO-01Z-00-DX1,1,0.99961674,1
tumour/TCGA-SS-A7HO-01Z-00-DX1_7680_9728.jpg,TCGA-SS-A7HO,TCGA-SS-A7HO-01Z-00-DX1,1,0.99829644,1
tumour/TCGA-SS-A7HO-01Z-00-DX1_8192_10752.jpg,TCGA-SS-A7HO,TCGA-SS-A7HO-01Z-00-DX1,1,0.9990101,1
tumour/TCGA-SS-A7HO-01Z-00-DX1_8192_12800.jpg,TCGA-SS-A7HO,TCGA-SS-A7HO-01Z-00-DX1,1,0.99952734,1
tumour/TCGA-SS-A7HO-01Z-00-DX1_8192_13312.jpg,TCGA-SS-A7HO,TCGA-SS-A7HO-01Z-00-DX1,1,0.99618894,1
tumour/TCGA-SS-A7HO-01Z-00-DX1_8192_13824.jpg,TCGA-SS-A7HO,TCGA-SS-A7HO-01Z-00-DX1,1,0.99976736,1
tumour/TCGA-SS-A7HO-01Z-00-DX1_8192_14848.jpg,TCGA-SS-A7HO,TCGA-SS-A7HO-01Z-00-DX1,1,0.9965611,1
tumour/TCGA-SS-A7HO-01Z-00-DX1_8192_15360.jpg,TCGA-SS-A7HO,TCGA-SS-A7HO-01Z-00-DX1,1,0.96804017,1
tumour/TCGA-SS-A7HO-01Z-00-DX1_8192_16384.jpg,TCGA-SS-A7HO,TCGA-SS-A7HO-01Z-00-DX1,1,0.99895215,1
tumour/TCGA-SS-A7HO-01Z-00-DX1_8192_16896.jpg,TCGA-SS-A7HO,TCGA-SS-A7HO-01Z-00-DX1,1,0.99173295,1
tumour/TCGA-SS-A7HO-01Z-00-DX1_8192_17408.jpg,TCGA-SS-A7HO,TCGA-SS-A7HO-01Z-00-DX1,1,0.9986682,1
tumour/TCGA-SS-A7HO-01Z-00-DX1_8192_17920.jpg,TCGA-SS-A7HO,TCGA-SS-A7HO-01Z-00-DX1,1,0.9999043,1
tumour/TCGA-SS-A7HO-01Z-00-DX1_8192_9728.jpg,TCGA-SS-A7HO,TCGA-SS-A7HO-01Z-00-DX1,1,0.9999106,1
tumour/TCGA-SS-A7HO-01Z-00-DX1_8704_10240.jpg,TCGA-SS-A7HO,TCGA-SS-A7HO-01Z-00-DX1,1,0.99985194,1
tumour/TCGA-SS-A7HO-01Z-00-DX1_8704_11264.jpg,TCGA-SS-A7HO,TCGA-SS-A7HO-01Z-00-DX1,1,0.99734855,1
tumour/TCGA-SS-A7HO-01Z-00-DX1_8704_12288.jpg,TCGA-SS-A7HO,TCGA-SS-A7HO-01Z-00-DX1,1,0.99827456,1
tumour/TCGA-SS-A7HO-01Z-00-DX1_8704_15872.jpg,TCGA-SS-A7HO,TCGA-SS-A7HO-01Z-00-DX1,1,0.99757975,1
tumour/TCGA-SS-A7HO-01Z-00-DX1_8704_16384.jpg,TCGA-SS-A7HO,TCGA-SS-A7HO-01Z-00-DX1,1,0.99805546,1
tumour/TCGA-SS-A7HO-01Z-00-DX1_8704_9728.jpg,TCGA-SS-A7HO,TCGA-SS-A7HO-01Z-00-DX1,1,0.9990357,1
tumour/TCGA-SS-A7HO-01Z-00-DX1_9216_11264.jpg,TCGA-SS-A7HO,TCGA-SS-A7HO-01Z-00-DX1,1,0.9996332,1
tumour/TCGA-SS-A7HO-01Z-00-DX1_9216_11776.jpg,TCGA-SS-A7HO,TCGA-SS-A7HO-01Z-00-DX1,1,0.9988342,1
tumour/TCGA-SS-A7HO-01Z-00-DX1_9216_12800.jpg,TCGA-SS-A7HO,TCGA-SS-A7HO-01Z-00-DX1,1,0.99964607,1
tumour/TCGA-SS-A7HO-01Z-00-DX1_9216_13312.jpg,TCGA-SS-A7HO,TCGA-SS-A7HO-01Z-00-DX1,1,0.9993661,1
tumour/TCGA-SS-A7HO-01Z-00-DX1_9216_13824.jpg,TCGA-SS-A7HO,TCGA-SS-A7HO-01Z-00-DX1,1,0.99972373,1
tumour/TCGA-SS-A7HO-01Z-00-DX1_9216_14336.jpg,TCGA-SS-A7HO,TCGA-SS-A7HO-01Z-00-DX1,1,0.9998287,1
tumour/TCGA-SS-A7HO-01Z-00-DX1_9216_15872.jpg,TCGA-SS-A7HO,TCGA-SS-A7HO-01Z-00-DX1,1,0.998879,1
tumour/TCGA-SS-A7HO-01Z-00-DX1_9216_16384.jpg,TCGA-SS-A7HO,TCGA-SS-A7HO-01Z-00-DX1,1,0.99995446,1
tumour/TCGA-SS-A7HO-01Z-00-DX1_9216_16896.jpg,TCGA-SS-A7HO,TCGA-SS-A7HO-01Z-00-DX1,1,0.9999571,1
tumour/TCGA-SS-A7HO-01Z-00-DX1_9728_10752.jpg,TCGA-SS-A7HO,TCGA-SS-A7HO-01Z-00-DX1,1,0.99925894,1
tumour/TCGA-SS-A7HO-01Z-00-DX1_9728_12800.jpg,TCGA-SS-A7HO,TCGA-SS-A7HO-01Z-00-DX1,1,0.9996698,1
tumour/TCGA-SS-A7HO-01Z-00-DX1_9728_13312.jpg,TCGA-SS-A7HO,TCGA-SS-A7HO-01Z-00-DX1,1,0.99955255,1
tumour/TCGA-SS-A7HO-01Z-00-DX1_9728_13824.jpg,TCGA-SS-A7HO,TCGA-SS-A7HO-01Z-00-DX1,1,0.9998455,1
tumour/TCGA-SS-A7HO-01Z-00-DX1_9728_14336.jpg,TCGA-SS-A7HO,TCGA-SS-A7HO-01Z-00-DX1,1,0.9996966,1
tumour/TCGA-SS-A7HO-01Z-00-DX1_9728_14848.jpg,TCGA-SS-A7HO,TCGA-SS-A7HO-01Z-00-DX1,1,0.9984358,1
tumour/TCGA-SS-A7HO-01Z-00-DX1_9728_15360.jpg,TCGA-SS-A7HO,TCGA-SS-A7HO-01Z-00-DX1,1,0.9999566,1
tumour/TCGA-SS-A7HO-01Z-00-DX1_9728_16384.jpg,TCGA-SS-A7HO,TCGA-SS-A7HO-01Z-00-DX1,1,0.99963677,1
tumour/TCGA-SS-A7HO-01Z-00-DX1_9728_22016.jpg,TCGA-SS-A7HO,TCGA-SS-A7HO-01Z-00-DX1,1,0.99913824,1
tumour/TCGA-SS-A7HO-01Z-00-DX1_9728_22528.jpg,TCGA-SS-A7HO,TCGA-SS-A7HO-01Z-00-DX1,1,0.99987686,1
tumour/TCGA-SS-A7HO-01Z-00-DX1_9728_23040.jpg,TCGA-SS-A7HO,TCGA-SS-A7HO-01Z-00-DX1,1,0.99730706,1
