relative_path,case_id,slide_id,label,probability,prediction
non-tumour/TCGA-AD-6889-01Z-00-DX1_10240_15872.jpg,TCGA-AD-6889,TCGA-AD-6889-01Z-00-DX1,0,0.98536336,1
non-tumour/TCGA-AD-6889-01Z-00-DX1_10752_13312.jpg,TCGA-AD-6889,TCGA-AD-6889-01Z-00-DX1,0,0.9227101,1
non-tumour/TCGA-AD-6889-01Z-00-DX1_10752_13824.jpg,TCGA-AD-6889,TCGA-AD-6889-01Z-00-DX1,0,0.88635904,1
non-tumour/TCGA-AD-6889-01Z-00-DX1_10752_14848.jpg,TCGA-AD-6889,TCGA-AD-6889-01Z-00-DX1,0,0.7737325,1
non-tumour/TCGA-AD-6889-01Z-00-DX1_10752_15360.jpg,TCGA-AD-6889,TCGA-AD-6889-01Z-00-DX1,0,0.99035805,1
non-tumour/TCGA-AD-6889-01Z-00-DX1_10752_15872.jpg,TCGA-AD-6889,TCGA-AD-6889-01Z-00-DX1,0,0.7923711,1
non-tumour/TCGA-AD-6889-01Z-00-DX1_11264_13824.jpg,TCGA-AD-6889,TCGA-AD-6889-01Z-00-DX1,0,0.9204359,1
non-tumour/TCGA-AD-6889-01Z-00-DX1_11264_14336.jpg,TCGA-AD-6889,TCGA-AD-6889-01Z-00-DX1,0,0.36311597,0
non-tumour/TCGA-AD-6889-01Z-00-DX1_11264_14848.jpg,TCGA-AD-6889,TCGA-AD-6889-01Z-00-DX1,0,0.9738116,1
non-tumour/TCGA-AD-6889-01Z-00-DX1_11264_15872.jpg,TCGA-AD-6889,TCGA-AD-6889-01Z-00-DX1,0,0.99542797,1
non-tumour/TCGA-AD-6889-01Z-00-DX1_11776_13824.jpg,TCGA-AD-6889,TCGA-AD-6889-01Z-00-DX1,0,0.9987919,1
non-tumour/TCGA-AD-6889-01Z-00-DX1_11776_14336.jpg,TCGA-AD-6889,TCGA-AD-6889-01Z-00-DX1,0,0.99097073,1
non-tumour/TCGA-AD-6889-01Z-00-DX1_12288_12800.jpg,TCGA-AD-6889,TCGA-AD-6889-01Z-00-DX1,0,0.29039824,0
non-tumour/TCGA-AD-6889-01Z-00-DX1_12288_13312.jpg,TCGA-AD-6889,TCGA-AD-6889-01Z-00-DX1,0,0.9981622,1
non-tumour/TCGA-AD-6889-01Z-00-DX1_12288_13824.jpg,TCGA-AD-6889,TCGA-AD-6889-01Z-00-DX1,0,0.9998754,1
non-tumour/TCGA-AD-6889-01Z-00-DX1_9728_15872.jpg,TCGA-AD-6889,TCGA-AD-6889-01Z-00-DX1,0,0.01646667,0
non-tumour/TCGA-AY-A54L-01Z-00-DX1_51200_6656.jpg,TCGA-AY-A54L,TCGA-AY-A54L-01Z-00-DX1,0,6.240826e-10,0
non-tumour/TCGA-AY-A54L-01Z-00-DX1_51200_7168.jpg,TCGA-AY-A54L,TCGA-AY-A54L-01Z-00-DX1,0,2.1594515e-10,0
non-tumour/TCGA-AY-A54L-01Z-00-DX1_51712_6656.jpg,TCGA-AY-A54L,TCGA-AY-A54L-01Z-00-DX1,0,2.5340983e-08,0
non-tumour/TCGA-AY-A54L-01Z-00-DX1_52224_7168.jpg,TCGA-AY-A54L,TCGA-AY-A54L-01Z-00-DX1,0,1.4905772e-09,0
non-tumour/TCGA-AY-A54L-01Z-00-DX1_52736_7680.jpg,TCGA-AY-A54L,TCGA-AY-A54L-01Z-00-DX1,0,7.4878656e-13,0
non-tumour/TCGA-AY-A54L-01Z-00-DX1_53248_7168.jpg,TCGA-AY-A54L,TCGA-AY-A54L-01Z-00-DX1,0,1.392374e-06,0
non-tumour/TCGA-AY-A54L-01Z-00-DX1_53248_7680.jpg,TCGA-AY-A54L,TCGA-AY-A54L-01Z-00-DX1,0,2.5650554e-08,0
non-tumour/TCGA-AY-A54L-01Z-00-DX1_53760_7168.jpg,TCGA-AY-A54L,TCGA-AY-A54L-01Z-00-DX1,0,1.27746365e-08,0
non-tumour/TCGA-AY-A54L-01Z-00-DX1_56320_10240.jpg,TCGA-AY-A54L,TCGA-AY-A54L-01Z-00-DX1,0,7.2090297e-06,0
non-tumour/TCGA-AY-A54L-01Z-00-DX1_56320_10752.jpg,TCGA-AY-A54L,TCGA-AY-A54L-01Z-00-DX1,0,0.03134027,0
non-tumour/TCGA-AY-A54L-01Z-00-DX1_56832_10240.jpg,TCGA-AY-A54L,TCGA-AY-A54L-01Z-00-DX1,0,9.697992e-06,0
non-tumour/TCGA-AY-A54L-01Z-00-DX1_56832_10752.jpg,TCGA-AY-A54L,TCGA-AY-A54L-01Z-00-DX1,0,5.320597e-05,0
non-tumour/TCGA-AY-A54L-01Z-00-DX1_56832_9216.jpg,TCGA-AY-A54L,TCGA-AY-A54L-01Z-00-DX1,0,0.019827321,0
non-tumour/TCGA-AY-A54L-01Z-00-DX1_56832_9728.jpg,TCGA-AY-A54L,TCGA-AY-A54L-01Z-00-DX1,0,1.9557829e-05,0
non-tumour/TCGA-AY-A54L-01Z-00-DX1_57344_11264.jpg,TCGA-AY-A54L,TCGA-AY-A54L-01Z-00-DX1,0,7.777122e-05,0
non-tumour/TCGA-AY-A54L-01Z-00-DX1_57344_8704.jpg,TCGA-AY-A54L,TCGA-AY-A54L-01Z-00-DX1,0,3.2923674e-06,0
non-tumour/TCGA-AY-A54L-01Z-00-DX1_57344_9728.jpg,TCGA-AY-A54L,TCGA-AY-A54L-01Z-00-DX1,0,4.3116085e-08,0
non-tumour/TCGA-AY-A54L-01Z-00-DX1_57856_10240.jpg,TCGA-AY-A54L,TCGA-AY-A54L-01Z-00-DX1,0,9.450653e-08,0
non-tumour/TCGA-AY-A54L-01Z-00-DX1_57856_10752.jpg,TCGA-AY-A54L,TCGA-AY-A54L-01Z-00-DX1,0,4.6000292e-10,0
non-tumour/TCGA-AY-A54L-01Z-00-DX1_57856_9728.jpg,TCGA-AY-A54L,TCGA-AY-A54L-01Z-00-DX1,0,0.00022893935,0
non-tumour/TCGA-AY-A54L-01Z-00-DX1_58368_10240.jpg,TCGA-AY-A54L,TCGA-AY-A54L-01Z-00-DX1,0,0.23359439,0
non-tumour/TCGA-AY-A54L-01Z-00-DX1_58368_10752.jpg,TCGA-AY-A54L,TCGA-AY-A54L-01Z-00-DX1,0,1.9821579e-07,0
non-tumour/TCGA-AY-A54L-01Z-00-DX1_58368_11264.jpg,TCGA-AY-A54L,TCGA-AY-A54L-01Z-00-DX1,0,1.6393606e-08,0
non-tumour/TCGA-AY-A54L-01Z-00-DX1_58880_11264.jpg,TCGA-AY-A54L,TCGA-AY-A54L-01Z-00-DX1,0,0.00028319133,0
non-tumour/TCGA-AY-A54L-01Z-00-DX1_58880_11776.jpg,TCGA-AY-A54L,TCGA-AY-A54L-01Z-00-DX1,0,0.0906309,0
non-tumour/TCGA-AY-A54L-01Z-00-DX1_59392_13312.jpg,TCGA-AY-A54L,TCGA-AY-A54L-01Z-00-DX1,0,2.597429e-06,0
non-tumour/TCGA-AY-A54L-01Z-00-DX1_59904_12800.jpg,TCGA-AY-A54L,TCGA-AY-A54L-01Z-00-DX1,0,4.615001e-05,0
non-tumour/TCGA-AY-A54L-01Z-00-DX1_59904_13312.jpg,TCGA-AY-A54L,TCGA-AY-A54L-01Z-00-DX1,0,0.0021371422,0
non-tumour/TCGA-AY-A54L-01Z-00-DX1_59904_14336.jpg,TCGA-AY-A54L,TCGA-AY-A54L-01Z-00-DX1,0,1.9647617e-08,0
non-tumour/TCGA-AY-A54L-01Z-00-DX1_60416_13312.jpg,TCGA-AY-A54L,TCGA-AY-A54L-01Z-00-DX1,0,3.45165e-07,0
non-tumour/TCGA-AY-A54L-01Z-00-DX1_60416_13824.jpg,TCGA-AY-A54L,TCGA-AY-A54L-01Z-00-DX1,0,3.3781435e-09,0
non-tumour/TCGA-AY-A54L-01Z-00-DX1_60416_14336.jpg,TCGA-AY-A54L,TCGA-AY-A54L-01Z-00-DX1,0,0.00011943584,0
non-tumour/TCGA-AY-A54L-01Z-00-DX1_60928_13312.jpg,TCGA-AY-A54L,TCGA-AY-A54L-01Z-00-DX1,0,2.0467523e-07,0
non-tumour/TCGA-AY-A54L-01Z-00-DX1_61440_15360.jpg,TCGA-AY-A54L,TCGA-AY-A54L-01Z-00-DX1,0,4.0729725e-07,0
non-tumour/TCGA-AY-A54L-01Z-00-DX1_61440_15872.jpg,TCGA-AY-A54L,TCGA-AY-A54L-01Z-00-DX1,0,1.192974e-06,0
non-tumour/TCGA-AY-A54L-01Z-00-DX1_61440_16896.jpg,TCGA-AY-A54L,TCGA-AY-A54L-01Z-00-DX1,0,0.94895494,1
non-tumour/TCGA-AY-A54L-01Z-00-DX1_61952_14848.jpg,TCGA-AY-A54L,TCGA-AY-A54L-01Z-00-DX1,0,0.000109874265,0
non-tumour/TCGA-AY-A54L-01Z-00-DX1_61952_15360.jpg,TCGA-AY-A54L,TCGA-AY-A54L-01Z-00-DX1,0,3.7573752e-08,0
non-tumour/TCGA-AY-A54L-01Z-00-DX1_61952_16384.jpg,TCGA-AY-A54L,TCGA-AY-A54L-01Z-00-DX1,0,1.0639328e-06,0
non-tumour/TCGA-AY-A54L-01Z-00-DX1_62464_16384.jpg,TCGA-AY-A54L,TCGA-AY-A54L-01Z-00-DX1,0,0.0021598325,0
non-tumour/TCGA-AY-A54L-01Z-00-DX1_64000_16896.jpg,TCGA-AY-A54L,TCGA-AY-A54L-01Z-00-DX1,0,0.12533781,0
non-tumour/TCGA-AY-A54L-01Z-00-DX1_64000_18944.jpg,TCGA-AY-A54L,TCGA-AY-A54L-01Z-00-DX1,0,0.0012473554,0
non-tumour/TCGA-AY-A54L-01Z-00-DX1_64512_18944.jpg,TCGA-AY-A54L,TCGA-AY-A54L-01Z-00-DX1,0,8.236865e-11,0
non-tumour/TCGA-AY-A54L-01Z-00-DX1_64512_19456.jpg,TCGA-AY-A54L,TCGA-AY-A54L-01Z-00-DX1,0,0.00021181142,0
non-tumour/TCGA-AY-A54L-01Z-00-DX1_64512_19968.jpg,TCGA-AY-A54L,TCGA-AY-A54L-01Z-00-DX1,0,0.00020740574,0
non-tumour/TCGA-AY-A54L-01Z-00-DX1_65024_19456.jpg,TCGA-AY-A54L,TCGA-AY-A54L-01Z-00-DX1,0,4.780939e-07,0
non-tumour/TCGA-AY-A54L-01Z-00-DX1_65024_19968.jpg,TCGA-AY-A54L,TCGA-AY-A54L-01Z-00-DX1,0,7.572768e-12,0
non-tumour/TCGA-AZ-6608-01Z-00-DX1_10240_10752.jpg,TCGA-AZ-6608,TCGA-AZ-6608-01Z-00-DX1,0,0.0118700545,0
non-tumour/TCGA-AZ-6608-01Z-00-DX1_10240_11776.jpg,TCGA-AZ-6608,TCGA-AZ-6608-01Z-00-DX1,0,0.066571236,0
non-tumour/TCGA-AZ-6608-01Z-00-DX1_10240_12800.jpg,TCGA-AZ-6608,TCGA-AZ-6608-01Z-00-DX1,0,0.014139433,0
non-tumour/TCGA-AZ-6608-01Z-00-DX1_10240_9216.jpg,TCGA-AZ-6608,TCGA-AZ-6608-01Z-00-DX1,0,0.0013327987,0
non-tumour/TCGA-AZ-6608-01Z-00-DX1_10240_9728.jpg,TCGA-AZ-6608,TCGA-AZ-6608-01Z-00-DX1,0,0.011183382,0
non-tumour/TCGA-AZ-6608-01Z-00-DX1_10752_10240.jpg,TCGA-AZ-6608,TCGA-AZ-6608-01Z-00-DX1,0,0.005818514,0
non-tumour/TCGA-AZ-6608-01Z-00-DX1_10752_11776.jpg,TCGA-AZ-6608,TCGA-AZ-6608-01Z-00-DX1,0,0.72934484,1
non-tumour/TCGA-AZ-6608-01Z-00-DX1_10752_14848.jpg,TCGA-AZ-6608,TCGA-AZ-6608-01Z-00-DX1,0,0.005295476,0
non-tumour/TCGA-AZ-6608-01Z-00-DX1_11264_10240.jpg,TCGA-AZ-6608,TCGA-AZ-6608-01Z-00-DX1,0,0.0037931274,0
non-tumour/TCGA-AZ-6608-01Z-00-DX1_11264_10752.jpg,TCGA-AZ-6608,TCGA-AZ-6608-01Z-00-DX1,0,0.0015006342,0
non-tumour/TCGA-AZ-6608-01Z-00-DX1_11264_12288.jpg,TCGA-AZ-6608,TCGA-AZ-6608-01Z-00-DX1,0,0.6195703,1
non-tumour/TCGA-AZ-6608-01Z-00-DX1_11264_15360.jpg,TCGA-AZ-6608,TCGA-AZ-6608-01Z-00-DX1,0,0.76872087,1
non-tumour/TCGA-AZ-6608-01Z-00-DX1_11264_8704.jpg,TCGA-AZ-6608,TCGA-AZ-6608-01Z-00-DX1,0,0.0023830794,0
non-tumour/TCGA-AZ-6608-01Z-00-DX1_11264_9216.jpg,TCGA-AZ-6608,TCGA-AZ-6608-01Z-00-DX1,0,0.0027715717,0
non-tumour/TCGA-AZ-6608-01Z-00-DX1_11776_10240.jpg,TCGA-AZ-6608,TCGA-AZ-6608-01Z-00-DX1,0,0.0015336338,0
non-tumour/TCGA-AZ-6608-01Z-00-DX1_11776_10752.jpg,TCGA-AZ-6608,TCGA-AZ-6608-01Z-00-DX1,0,0.001676774,0
non-tumour/TCGA-AZ-6608-01Z-00-DX1_11776_12800.jpg,TCGA-AZ-6608,TCGA-AZ-6608-01Z-00-DX1,0,0.98335105,1
non-tumour/TCGA-AZ-6608-01Z-00-DX1_11776_14848.jpg,TCGA-AZ-6608,TCGA-AZ-6608-01Z-00-DX1,0,0.72321767,1
non-tumour/TCGA-AZ-6608-01Z-00-DX1_11776_15360.jpg,TCGA-AZ-6608,TCGA-AZ-6608-01Z-00-DX1,0,0.931458,1
non-tumour/TCGA-AZ-6608-01Z-00-DX1_11776_9216.jpg,TCGA-AZ-6608,TCGA-AZ-6608-01Z-00-DX1,0,0.0004605598,0
non-tumour/TCGA-AZ-6608-01Z-00-DX1_12288_10752.jpg,TCGA-AZ-6608,TCGA-AZ-6608-01Z-00-DX1,0,0.043907378,0
non-tumour/TCGA-AZ-6608-01Z-00-DX1_12288_11264.jpg,TCGA-AZ-6608,TCGA-AZ-6608-01Z-00-DX1,0,0.0004418544,0
non-tumour/TCGA-AZ-6608-01Z-00-DX1_12288_12288.jpg,TCGA-AZ-6608,TCGA-AZ-6608-01Z-00-DX1,0,0.9623979,1
non-tumour/TCGA-AZ-6608-01Z-00-DX1_12288_9216.jpg,TCGA-AZ-6608,TCGA-AZ-6608-01Z-00-DX1,0,6.943749e-05,0
non-tumour/TCGA-AZ-6608-01Z-00-DX1_12800_12288.jpg,TCGA-AZ-6608,TCGA-AZ-6608-01Z-00-DX1,0,0.017727679,0
non-tumour/TCGA-AZ-6608-01Z-00-DX1_12800_12800.jpg,TCGA-AZ-6608,TCGA-AZ-6608-01Z-00-DX1,0,8.000664e-06,0
non-tumour/TCGA-AZ-6608-01Z-00-DX1_13312_13312.jpg,TCGA-AZ-6608,TCGA-AZ-6608-01Z-00-DX1,0,1.3811472e-06,0
non-tumour/TCGA-AZ-6608-01Z-00-DX1_13312_9216.jpg,TCGA-AZ-6608,TCGA-AZ-6608-01Z-00-DX1,0,0.005197094,0
non-tumour/TCGA-AZ-6608-01Z-00-DX1_13824_10240.jpg,TCGA-AZ-6608,TCGA-AZ-6608-01Z-00-DX1,0,8.592655e-05,0
non-tumour/TCGA-AZ-6608-01Z-00-DX1_13824_10752.jpg,TCGA-AZ-6608,TCGA-AZ-6608-01Z-00-DX1,0,0.030556554,0
non-tumour/TCGA-AZ-6608-01Z-00-DX1_13824_11264.jpg,TCGA-AZ-6608,TCGA-AZ-6608-01Z-00-DX1,0,0.0009735173,0
non-tumour/TCGA-AZ-6608-01Z-00-DX1_13824_14848.jpg,TCGA-AZ-6608,TCGA-AZ-6608-01Z-00-DX1,0,7.3738656e-06,0
non-tumour/TCGA-AZ-6608-01Z-00-DX1_13824_9216.jpg,TCGA-AZ-6608,TCGA-AZ-6608-01Z-00-DX1,0,0.0016970759,0
non-tumour/TCGA-AZ-6608-01Z-00-DX1_13824_9728.jpg,TCGA-AZ-6608,TCGA-AZ-6608-01Z-00-DX1,0,0.0011993678,0
non-tumour/TCGA-AZ-6608-01Z-00-DX1_14336_10240.jpg,TCGA-AZ-6608,TCGA-AZ-6608-01Z-00-DX1,0,1.419874e-05,0
non-tumour/TCGA-AZ-6608-01Z-00-DX1_14336_11264.jpg,TCGA-AZ-6608,TCGA-AZ-6608-01Z-00-DX1,0,0.008385242,0
non-tumour/TCGA-AZ-6608-01Z-00-DX1_14336_12800.jpg,TCGA-AZ-6608,TCGA-AZ-6608-01Z-00-DX1,0,0.034322534,0
non-tumour/TCGA-AZ-6608-01Z-00-DX1_14336_13312.jpg,TCGA-AZ-6608,TCGA-AZ-6608-01Z-00-DX1,0,1.6264347e-09,0
non-tumour/TCGA-AZ-6608-01Z-00-DX1_14336_9728.jpg,TCGA-AZ-6608,TCGA-AZ-6608-01Z-00-DX1,0,0.0021289436,0
non-tumour/TCGA-AZ-6608-01Z-00-DX1_14848_13312.jpg,TCGA-AZ-6608,TCGA-AZ-6608-01Z-00-DX1,0,8.952151e-09,0
non-tumour/TCGA-AZ-6608-01Z-00-DX1_14848_13824.jpg,TCGA-AZ-6608,TCGA-AZ-6608-01Z-00-DX1,0,8.006472e-07,0
non-tumour/TCGA-AZ-6608-01Z-00-DX1_14848_14848.jpg,TCGA-AZ-6608,TCGA-AZ-6608-01Z-00-DX1,0,0.00041145054,0
non-tumour/TCGA-AZ-6608-01Z-00-DX1_15360_11264.jpg,TCGA-AZ-6608,TCGA-AZ-6608-01Z-00-DX1,0,0.00032660356,0
non-tumour/TCGA-AZ-6608-01Z-00-DX1_15360_13312.jpg,TCGA-AZ-6608,TCGA-AZ-6608-01Z-00-DX1,0,9.69104e-06,0
non-tumour/TCGA-AZ-6608-01Z-00-DX1_15360_14336.jpg,TCGA-AZ-6608,TCGA-AZ-6608-01Z-00-DX1,0,0.41775104,0
non-tumour/TCGA-AZ-6608-01Z-00-DX1_15360_15360.jpg,TCGA-AZ-6608,TCGA-AZ-6608-01Z-00-DX1,0,1.7524104e-06,0
non-tumour/TCGA-AZ-6608-01Z-00-DX1_1536_9216.jpg,TCGA-AZ-6608,TCGA-AZ-6608-01Z-00-DX1,0,0.0034706658,0
non-tumour/TCGA-AZ-6608-01Z-00-DX1_15872_12288.jpg,TCGA-AZ-6608,TCGA-AZ-6608-01Z-00-DX1,0,0.027246155,0
non-tumour/TCGA-AZ-6608-01Z-00-DX1_15872_12800.jpg,TCGA-AZ-6608,TCGA-AZ-6608-01Z-00-DX1,0,0.0010515348,0
non-tumour/TCGA-AZ-6608-01Z-00-DX1_15872_13824.jpg,TCGA-AZ-6608,TCGA-AZ-6608-01Z-00-DX1,0,1.340594e-07,0
non-tumour/TCGA-AZ-6608-01Z-00-DX1_15872_14336.jpg,TCGA-AZ-6608,TCGA-AZ-6608-01Z-00-DX1,0,7.686626e-06,0
non-tumour/TCGA-AZ-6608-01Z-00-DX1_15872_15360.jpg,TCGA-AZ-6608,TCGA-AZ-6608-01Z-00-DX1,0,0.00018679342,0
non-tumour/TCGA-AZ-6608-01Z-00-DX1_16384_12800.jpg,TCGA-AZ-6608,TCGA-AZ-6608-01Z-00-DX1,0,0.15337843,0
non-tumour/TCGA-AZ-6608-01Z-00-DX1_16384_14336.jpg,TCGA-AZ-6608,TCGA-AZ-6608-01Z-00-DX1,0,6.830519e-07,0
non-tumour/TCGA-AZ-6608-01Z-00-DX1_16384_14848.jpg,TCGA-AZ-6608,TCGA-AZ-6608-01Z-00-DX1,0,7.2496715e-09,0
non-tumour/TCGA-AZ-6608-01Z-00-DX1_16896_11264.jpg,TCGA-AZ-6608,TCGA-AZ-6608-01Z-00-DX1,0,0.0009912254,0
non-tumour/TCGA-AZ-6608-01Z-00-DX1_16896_11776.jpg,TCGA-AZ-6608,TCGA-AZ-6608-01Z-00-DX1,0,0.00053265766,0
non-tumour/TCGA-AZ-6608-01Z-00-DX1_16896_12288.jpg,TCGA-AZ-6608,TCGA-AZ-6608-01Z-00-DX1,0,0.0010529832,0
non-tumour/TCGA-AZ-6608-01Z-00-DX1_16896_12800.jpg,TCGA-AZ-6608,TCGA-AZ-6608-01Z-00-DX1,0,0.00089639466,0
non-tumour/TCGA-AZ-6608-01Z-00-DX1_16896_13312.jpg,TCGA-AZ-6608,TCGA-AZ-6608-01Z-00-DX1,0,0.010705155,0
non-tumour/TCGA-AZ-6608-01Z-00-DX1_16896_13824.jpg,TCGA-AZ-6608,TCGA-AZ-6608-01Z-00-DX1,0,0.0026855578,0
non-tumour/TCGA-AZ-6608-01Z-00-DX1_17408_11264.jpg,TCGA-AZ-6608,TCGA-AZ-6608-01Z-00-DX1,0,0.0017505776,0
non-tumour/TCGA-AZ-6608-01Z-00-DX1_17408_11776.jpg,TCGA-AZ-6608,TCGA-AZ-6608-01Z-00-DX1,0,0.00037425983,0
non-tumour/TCGA-AZ-6608-01Z-00-DX1_17408_12288.jpg,TCGA-AZ-6608,TCGA-AZ-6608-01Z-00-DX1,0,0.00026174125,0
non-tumour/TCGA-AZ-6608-01Z-00-DX1_17408_13312.jpg,TCGA-AZ-6608,TCGA-AZ-6608-01Z-00-DX1,0,0.2013175,0
non-tumour/TCGA-AZ-6608-01Z-00-DX1_17920_11776.jpg,TCGA-AZ-6608,TCGA-AZ-6608-01Z-00-DX1,0,4.553119e-05,0
non-tumour/TCGA-AZ-6608-01Z-00-DX1_17920_12288.jpg,TCGA-AZ-6608,TCGA-AZ-6608-01Z-00-DX1,0,0.00011932097,0
non-tumour/TCGA-AZ-6608-01Z-00-DX1_17920_12800.jpg,TCGA-AZ-6608,TCGA-AZ-6608-01Z-00-DX1,0,0.0013024625,0
non-tumour/TCGA-AZ-6608-01Z-00-DX1_17920_13312.jpg,TCGA-AZ-6608,TCGA-AZ-6608-01Z-00-DX1,0,0.00048669497,0
non-tumour/TCGA-AZ-6608-01Z-00-DX1_17920_14336.jpg,TCGA-AZ-6608,TCGA-AZ-6608-01Z-00-DX1,0,0.0019168705,0
non-tumour/TCGA-AZ-6608-01Z-00-DX1_17920_14848.jpg,TCGA-AZ-6608,TCGA-AZ-6608-01Z-00-DX1,0,0.0012447835,0
non-tumour/TCGA-AZ-6608-01Z-00-DX1_17920_15360.jpg,TCGA-AZ-6608,TCGA-AZ-6608-01Z-00-DX1,0,0.00022430898,0
non-tumour/TCGA-AZ-6608-01Z-00-DX1_18432_11776.jpg,TCGA-AZ-6608,TCGA-AZ-6608-01Z-00-DX1,0,0.00011131152,0
non-tumour/TCGA-AZ-6608-01Z-00-DX1_18432_12288.jpg,TCGA-AZ-6608,TCGA-AZ-6608-01Z-00-DX1,0,5.1784946e-06,0
non-tumour/TCGA-AZ-6608-01Z-00-DX1_18432_13824.jpg,TCGA-AZ-6608,TCGA-AZ-6608-01Z-00-DX1,0,0.002142872,0
non-tumour/TCGA-AZ-6608-01Z-00-DX1_18432_14848.jpg,TCGA-AZ-6608,TCGA-AZ-6608-01Z-00-DX1,0,0.034209397,0
non-tumour/TCGA-AZ-6608-01Z-00-DX1_18432_15360.jpg,TCGA-AZ-6608,TCGA-AZ-6608-01Z-00-DX1,0,0.00491859,0
non-tumour/TCGA-AZ-6608-01Z-00-DX1_18432_16384.jpg,TCGA-AZ-6608,TCGA-AZ-6608-01Z-00-DX1,0,0.014191313,0
non-tumour/TCGA-AZ-6608-01Z-00-DX1_18432_17408.jpg,TCGA-AZ-6608,TCGA-AZ-6608-01Z-00-DX1,0,0.014876837,0
non-tumour/TCGA-AZ-6608-01Z-00-DX1_18432_18432.jpg,TCGA-AZ-6608,TCGA-AZ-6608-01Z-00-DX1,0,0.0005615063,0
non-tumour/TCGA-AZ-6608-01Z-00-DX1_18432_18944.jpg,TCGA-AZ-6608,TCGA-AZ-6608-01Z-00-DX1,0,0.00046408674,0
non-tumour/TCGA-AZ-6608-01Z-00-DX1_18432_20480.jpg,TCGA-AZ-6608,TCGA-AZ-6608-01Z-00-DX1,0,0.0105622085,0
non-tumour/TCGA-AZ-6608-01Z-00-DX1_18944_12288.jpg,TCGA-AZ-6608,TCGA-AZ-6608-01Z-00-DX1,0,0.00017522152,0
non-tumour/TCGA-AZ-6608-01Z-00-DX1_18944_12800.jpg,TCGA-AZ-6608,TCGA-AZ-6608-01Z-00-DX1,0,0.00018169213,0
non-tumour/TCGA-AZ-6608-01Z-00-DX1_18944_14336.jpg,TCGA-AZ-6608,TCGA-AZ-6608-01Z-00-DX1,0,0.0024940253,0
non-tumour/TCGA-AZ-6608-01Z-00-DX1_18944_16896.jpg,TCGA-AZ-6608,TCGA-AZ-6608-01Z-00-DX1,0,0.043882832,0
non-tumour/TCGA-AZ-6608-01Z-00-DX1_18944_17920.jpg,TCGA-AZ-6608,TCGA-AZ-6608-01Z-00-DX1,0,0.0017162764,0
non-tumour/TCGA-AZ-6608-01Z-00-DX1_18944_18432.jpg,TCGA-AZ-6608,TCGA-AZ-6608-01Z-00-DX1,0,0.018238043,0
non-tumour/TCGA-AZ-6608-01Z-00-DX1_18944_19456.jpg,TCGA-AZ-6608,TCGA-AZ-6608-01Z-00-DX1,0,0.00049479917,0
non-tumour/TCGA-AZ-6608-01Z-00-DX1_18944_19968.jpg,TCGA-AZ-6608,TCGA-AZ-6608-01Z-00-DX1,0,0.0036464354,0
non-tumour/TCGA-AZ-6608-01Z-00-DX1_18944_20992.jpg,TCGA-AZ-6608,TCGA-AZ-6608-01Z-00-DX1,0,0.044882376,0
non-tumour/TCGA-AZ-6608-01Z-00-DX1_19456_15360.jpg,TCGA-AZ-6608,TCGA-AZ-6608-01Z-00-DX1,0,0.0022011497,0
non-tumour/TCGA-AZ-6608-01Z-00-DX1_19456_16384.jpg,TCGA-AZ-6608,TCGA-AZ-6608-01Z-00-DX1,0,0.014801643,0
non-tumour/TCGA-AZ-6608-01Z-00-DX1_19456_17920.jpg,TCGA-AZ-6608,TCGA-AZ-6608-01Z-00-DX1,0,0.0048624794,0
non-tumour/TCGA-AZ-6608-01Z-00-DX1_19456_18432.jpg,TCGA-AZ-6608,TCGA-AZ-6608-01Z-00-DX1,0,0.00019717187,0
non-tumour/TCGA-AZ-6608-01Z-00-DX1_19456_18944.jpg,TCGA-AZ-6608,TCGA-AZ-6608-01Z-00-DX1,0,0.0003899141,0
non-tumour/TCGA-AZ-6608-01Z-00-DX1_19456_19968.jpg,TCGA-AZ-6608,TCGA-AZ-6608-01Z-00-DX1,0,0.0026956007,0
non-tumour/TCGA-AZ-6608-01Z-00-DX1_19456_20480.jpg,TCGA-AZ-6608,TCGA-AZ-6608-01Z-00-DX1,0,0.006664176,0
non-tumour/TCGA-AZ-6608-01Z-00-DX1_19968_15360.jpg,TCGA-AZ-6608,TCGA-AZ-6608-01Z-00-DX1,0,0.0017669254,0
non-tumour/TCGA-AZ-6608-01Z-00-DX1_19968_16896.jpg,TCGA-AZ-6608,TCGA-AZ-6608-01Z-00-DX1,0,0.01885895,0
non-tumour/TCGA-AZ-6608-01Z-00-DX1_19968_17408.jpg,TCGA-AZ-6608,TCGA-AZ-6608-01Z-00-DX1,0,0.0035521395,0
non-tumour/TCGA-AZ-6608-01Z-00-DX1_19968_17920.jpg,TCGA-AZ-6608,TCGA-AZ-6608-01Z-00-DX1,0,0.0050655683,0
non-tumour/TCGA-AZ-6608-01Z-00-DX1_19968_18432.jpg,TCGA-AZ-6608,TCGA-AZ-6608-01Z-00-DX1,0,0.005380935,0
non-tumour/TCGA-AZ-6608-01Z-00-DX1_19968_19456.jpg,TCGA-AZ-6608,TCGA-AZ-6608-01Z-00-DX1,0,0.0022101966,0
non-tumour/TCGA-AZ-6608-01Z-00-DX1_19968_19968.jpg,TCGA-AZ-6608,TCGA-AZ-6608-01Z-00-DX1,0,0.011102768,0
non-tumour/TCGA-AZ-6608-01Z-00-DX1_20480_14336.jpg,TCGA-AZ-6608,TCGA-AZ-6608-01Z-00-DX1,0,2.301965e-07,0
non-tumour/TCGA-AZ-6608-01Z-00-DX1_20480_14848.jpg,TCGA-AZ-6608,TCGA-AZ-6608-01Z-00-DX1,0,4.625281e-06,0
non-tumour/TCGA-AZ-6608-01Z-00-DX1_20480_15360.jpg,TCGA-AZ-6608,TCGA-AZ-6608-01Z-00-DX1,0,0.00022507014,0
non-tumour/TCGA-AZ-6608-01Z-00-DX1_20480_15872.jpg,TCGA-AZ-6608,TCGA-AZ-6608-01Z-00-DX1,0,2.0964197e-05,0
non-tumour/TCGA-AZ-6608-01Z-00-DX1_20480_16896.jpg,TCGA-AZ-6608,TCGA-AZ-6608-01Z-00-DX1,0,0.007005367,0
non-tumour/TCGA-AZ-6608-01Z-00-DX1_20480_17920.jpg,TCGA-AZ-6608,TCGA-AZ-6608-01Z-00-DX1,0,0.0018097372,0
non-tumour/TCGA-AZ-6608-01Z-00-DX1_20480_18432.jpg,TCGA-AZ-6608,TCGA-AZ-6608-01Z-00-DX1,0,0.0064767995,0
non-tumour/TCGA-AZ-6608-01Z-00-DX1_20480_18944.jpg,TCGA-AZ-6608,TCGA-AZ-6608-01Z-00-DX1,0,0.015637549,0
non-tumour/TCGA-AZ-6608-01Z-00-DX1_20480_19456.jpg,TCGA-AZ-6608,TCGA-AZ-6608-01Z-00-DX1,0,0.027512338,0
non-tumour/TCGA-AZ-6608-01Z-00-DX1_2048_10752.jpg,TCGA-AZ-6608,TCGA-AZ-6608-01Z-00-DX1,0,0.004698004,0
non-tumour/TCGA-AZ-6608-01Z-00-DX1_2048_9216.jpg,TCGA-AZ-6608,TCGA-AZ-6608-01Z-00-DX1,0,0.0062107355,0
non-tumour/TCGA-AZ-6608-01Z-00-DX1_20992_15360.jpg,TCGA-AZ-6608,TCGA-AZ-6608-01Z-00-DX1,0,1.0057344e-06,0
non-tumour/TCGA-AZ-6608-01Z-00-DX1_20992_16896.jpg,TCGA-AZ-6608,TCGA-AZ-6608-01Z-00-DX1,0,0.00062379456,0
non-tumour/TCGA-AZ-6608-01Z-00-DX1_20992_17408.jpg,TCGA-AZ-6608,TCGA-AZ-6608-01Z-00-DX1,0,0.007027933,0
non-tumour/TCGA-AZ-6608-01Z-00-DX1_20992_17920.jpg,TCGA-AZ-6608,TCGA-AZ-6608-01Z-00-DX1,0,0.006317495,0
non-tumour/TCGA-AZ-6608-01Z-00-DX1_20992_18432.jpg,TCGA-AZ-6608,TCGA-AZ-6608-01Z-00-DX1,0,0.003886206,0
non-tumour/TCGA-AZ-6608-01Z-00-DX1_21504_15360.jpg,TCGA-AZ-6608,TCGA-AZ-6608-01Z-00-DX1,0,5.4014794e-07,0
non-tumour/TCGA-AZ-6608-01Z-00-DX1_21504_15872.jpg,TCGA-AZ-6608,TCGA-AZ-6608-01Z-00-DX1,0,2.0174905e-06,0
non-tumour/TCGA-AZ-6608-01Z-00-DX1_21504_16384.jpg,TCGA-AZ-6608,TCGA-AZ-6608-01Z-00-DX1,0,0.00015927081,0
non-tumour/TCGA-AZ-6608-01Z-00-DX1_21504_17920.jpg,TCGA-AZ-6608,TCGA-AZ-6608-01Z-00-DX1,0,0.002061713,0
non-tumour/TCGA-AZ-6608-01Z-00-DX1_22016_17920.jpg,TCGA-AZ-6608,TCGA-AZ-6608-01Z-00-DX1,0,9.959555e-05,0
non-tumour/TCGA-AZ-6608-01Z-00-DX1_22016_18432.jpg,TCGA-AZ-6608,TCGA-AZ-6608-01Z-00-DX1,0,0.009833124,0
non-tumour/TCGA-AZ-6608-01Z-00-DX1_22528_16896.jpg,TCGA-AZ-6608,TCGA-AZ-6608-01Z-00-DX1,0,7.628896e-06,0
non-tumour/TCGA-AZ-6608-01Z-00-DX1_22528_18432.jpg,TCGA-AZ-6608,TCGA-AZ-6608-01Z-00-DX1,0,0.0034896089,0
non-tumour/TCGA-AZ-6608-01Z-00-DX1_23040_17920.jpg,TCGA-AZ-6608,TCGA-AZ-6608-01Z-00-DX1,0,9.3675735e-06,0
non-tumour/TCGA-AZ-6608-01Z-00-DX1_2560_10240.jpg,TCGA-AZ-6608,TCGA-AZ-6608-01Z-00-DX1,0,0.0032008672,0
non-tumour/TCGA-AZ-6608-01Z-00-DX1_2560_11776.jpg,TCGA-AZ-6608,TCGA-AZ-6608-01Z-00-DX1,0,0.14246206,0
non-tumour/TCGA-AZ-6608-01Z-00-DX1_2560_12288.jpg,TCGA-AZ-6608,TCGA-AZ-6608-01Z-00-DX1,0,0.0003929587,0
non-tumour/TCGA-AZ-6608-01Z-00-DX1_2560_13824.jpg,TCGA-AZ-6608,TCGA-AZ-6608-01Z-00-DX1,0,0.017627569,0
non-tumour/TCGA-AZ-6608-01Z-00-DX1_2560_15872.jpg,TCGA-AZ-6608,TCGA-AZ-6608-01Z-00-DX1,0,0.0006183403,0
non-tumour/TCGA-AZ-6608-01Z-00-DX1_2560_16896.jpg,TCGA-AZ-6608,TCGA-AZ-6608-01Z-00-DX1,0,6.7616247e-06,0
non-tumour/TCGA-AZ-6608-01Z-00-DX1_3072_12288.jpg,TCGA-AZ-6608,TCGA-AZ-6608-01Z-00-DX1,0,0.00027301145,0
non-tumour/TCGA-AZ-6608-01Z-00-DX1_3072_14336.jpg,TCGA-AZ-6608,TCGA-AZ-6608-01Z-00-DX1,0,0.009048189,0
non-tumour/TCGA-AZ-6608-01Z-00-DX1_3072_16384.jpg,TCGA-AZ-6608,TCGA-AZ-6608-01Z-00-DX1,0,2.0546693e-09,0
non-tumour/TCGA-AZ-6608-01Z-00-DX1_3072_9216.jpg,TCGA-AZ-6608,TCGA-AZ-6608-01Z-00-DX1,0,0.007438167,0
non-tumour/TCGA-AZ-6608-01Z-00-DX1_3072_9728.jpg,TCGA-AZ-6608,TCGA-AZ-6608-01Z-00-DX1,0,0.0015873717,0
non-tumour/TCGA-AZ-6608-01Z-00-DX1_3584_11264.jpg,TCGA-AZ-6608,TCGA-AZ-6608-01Z-00-DX1,0,0.0020335636,0
non-tumour/TCGA-AZ-6608-01Z-00-DX1_3584_12288.jpg,TCGA-AZ-6608,TCGA-AZ-6608-01Z-00-DX1,0,0.027896114,0
non-tumour/TCGA-AZ-6608-01Z-00-DX1_3584_13312.jpg,TCGA-AZ-6608,TCGA-AZ-6608-01Z-00-DX1,0,0.002704469,0
non-tumour/TCGA-AZ-6608-01Z-00-DX1_3584_13824.jpg,TCGA-AZ-6608,TCGA-AZ-6608-01Z-00-DX1,0,0.0019948208,0
non-tumour/TCGA-AZ-6608-01Z-00-DX1_3584_15360.jpg,TCGA-AZ-6608,TCGA-AZ-6608-01Z-00-DX1,0,0.00057003833,0
non-tumour/TCGA-AZ-6608-01Z-00-DX1_3584_16384.jpg,TCGA-AZ-6608,TCGA-AZ-6608-01Z-00-DX1,0,1.563775e-09,0
non-tumour/TCGA-AZ-6608-01Z-00-DX1_3584_9216.jpg,TCGA-AZ-6608,TCGA-AZ-6608-01Z-00-DX1,0,0.0111856125,0
non-tumour/TCGA-AZ-6608-01Z-00-DX1_38400_16896.jpg,TCGA-AZ-6608,TCGA-AZ-6608-01Z-00-DX1,0,0.0031357268,0
non-tumour/TCGA-AZ-6608-01Z-00-DX1_38400_17408.jpg,TCGA-AZ-6608,TCGA-AZ-6608-01Z-00-DX1,0,2.7088901e-05,0
non-tumour/TCGA-AZ-6608-01Z-00-DX1_38400_17920.jpg,TCGA-AZ-6608,TCGA-AZ-6608-01Z-00-DX1,0,0.0007346429,0
non-tumour/TCGA-AZ-6608-01Z-00-DX1_38400_18432.jpg,TCGA-AZ-6608,TCGA-AZ-6608-01Z-00-DX1,0,0.0026360706,0
non-tumour/TCGA-AZ-6608-01Z-00-DX1_38912_16896.jpg,TCGA-AZ-6608,TCGA-AZ-6608-01Z-00-DX1,0,3.861022e-06,0
non-tumour/TCGA-AZ-6608-01Z-00-DX1_38912_17920.jpg,TCGA-AZ-6608,TCGA-AZ-6608-01Z-00-DX1,0,0.0027096106,0
non-tumour/TCGA-AZ-6608-01Z-00-DX1_38912_18432.jpg,TCGA-AZ-6608,TCGA-AZ-6608-01Z-00-DX1,0,0.0019988092,0
non-tumour/TCGA-AZ-6608-01Z-00-DX1_38912_18944.jpg,TCGA-AZ-6608,TCGA-AZ-6608-01Z-00-DX1,0,0.08553664,0
non-tumour/TCGA-AZ-6608-01Z-00-DX1_39424_16384.jpg,TCGA-AZ-6608,TCGA-AZ-6608-01Z-00-DX1,0,3.263012e-05,0
non-tumour/TCGA-AZ-6608-01Z-00-DX1_39424_17408.jpg,TCGA-AZ-6608,TCGA-AZ-6608-01Z-00-DX1,0,0.0060976343,0
non-tumour/TCGA-AZ-6608-01Z-00-DX1_39424_17920.jpg,TCGA-AZ-6608,TCGA-AZ-6608-01Z-00-DX1,0,0.03942611,0
non-tumour/TCGA-AZ-6608-01Z-00-DX1_39424_18432.jpg,TCGA-AZ-6608,TCGA-AZ-6608-01Z-00-DX1,0,0.00013483943,0
non-tumour/TCGA-AZ-6608-01Z-00-DX1_39424_18944.jpg,TCGA-AZ-6608,TCGA-AZ-6608-01Z-00-DX1,0,0.0013223421,0
non-tumour/TCGA-AZ-6608-01Z-00-DX1_39936_16896.jpg,TCGA-AZ-6608,TCGA-AZ-6608-01Z-00-DX1,0,1.4416168e-10,0
non-tumour/TCGA-AZ-6608-01Z-00-DX1_40448_16384.jpg,TCGA-AZ-6608,TCGA-AZ-6608-01Z-00-DX1,0,2.4566429e-08,0
non-tumour/TCGA-AZ-6608-01Z-00-DX1_40448_16896.jpg,TCGA-AZ-6608,TCGA-AZ-6608-01Z-00-DX1,0,3.906381e-06,0
non-tumour/TCGA-AZ-6608-01Z-00-DX1_40448_17408.jpg,TCGA-AZ-6608,TCGA-AZ-6608-01Z-00-DX1,0,0.00017657416,0
non-tumour/TCGA-AZ-6608-01Z-00-DX1_40448_18432.jpg,TCGA-AZ-6608,TCGA-AZ-6608-01Z-00-DX1,0,0.049088825,0
non-tumour/TCGA-AZ-6608-01Z-00-DX1_40448_18944.jpg,TCGA-AZ-6608,TCGA-AZ-6608-01Z-00-DX1,0,0.019267362,0
non-tumour/TCGA-AZ-6608-01Z-00-DX1_40960_16896.jpg,TCGA-AZ-6608,TCGA-AZ-6608-01Z-00-DX1,0,3.8911744e-06,0
non-tumour/TCGA-AZ-6608-01Z-00-DX1_4096_11264.jpg,TCGA-AZ-6608,TCGA-AZ-6608-01Z-00-DX1,0,0.1414033,0
non-tumour/TCGA-AZ-6608-01Z-00-DX1_4096_12288.jpg,TCGA-AZ-6608,TCGA-AZ-6608-01Z-00-DX1,0,0.0017443242,0
non-tumour/TCGA-AZ-6608-01Z-00-DX1_4096_14848.jpg,TCGA-AZ-6608,TCGA-AZ-6608-01Z-00-DX1,0,2.6192538e-05,0
non-tumour/TCGA-AZ-6608-01Z-00-DX1_4096_15360.jpg,TCGA-AZ-6608,TCGA-AZ-6608-01Z-00-DX1,0,2.7289807e-06,0
non-tumour/TCGA-AZ-6608-01Z-00-DX1_4096_9728.jpg,TCGA-AZ-6608,TCGA-AZ-6608-01Z-00-DX1,0,0.00033228257,0
non-tumour/TCGA-AZ-6608-01Z-00-DX1_41472_15872.jpg,TCGA-AZ-6608,TCGA-AZ-6608-01Z-00-DX1,0,7.515071e-06,0
non-tumour/TCGA-AZ-6608-01Z-00-DX1_41472_16896.jpg,TCGA-AZ-6608,TCGA-AZ-6608-01Z-00-DX1,0,8.907689e-06,0
non-tumour/TCGA-AZ-6608-01Z-00-DX1_41984_16384.jpg,TCGA-AZ-6608,TCGA-AZ-6608-01Z-00-DX1,0,1.5365446e-05,0
non-tumour/TCGA-AZ-6608-01Z-00-DX1_41984_18432.jpg,TCGA-AZ-6608,TCGA-AZ-6608-01Z-00-DX1,0,0.65448684,1
non-tumour/TCGA-AZ-6608-01Z-00-DX1_42496_15872.jpg,TCGA-AZ-6608,TCGA-AZ-6608-01Z-00-DX1,0,0.00013898875,0
non-tumour/TCGA-AZ-6608-01Z-00-DX1_42496_16384.jpg,TCGA-AZ-6608,TCGA-AZ-6608-01Z-00-DX1,0,1.8160481e-05,0
non-tumour/TCGA-AZ-6608-01Z-00-DX1_42496_16896.jpg,TCGA-AZ-6608,TCGA-AZ-6608-01Z-00-DX1,0,7.747243e-07,0
non-tumour/TCGA-AZ-6608-01Z-00-DX1_43008_15872.jpg,TCGA-AZ-6608,TCGA-AZ-6608-01Z-00-DX1,0,3.3607754e-05,0
non-tumour/TCGA-AZ-6608-01Z-00-DX1_43008_16384.jpg,TCGA-AZ-6608,TCGA-AZ-6608-01Z-00-DX1,0,0.0011376988,0
non-tumour/TCGA-AZ-6608-01Z-00-DX1_43008_16896.jpg,TCGA-AZ-6608,TCGA-AZ-6608-01Z-00-DX1,0,0.008829606,0
non-tumour/TCGA-AZ-6608-01Z-00-DX1_43520_15872.jpg,TCGA-AZ-6608,TCGA-AZ-6608-01Z-00-DX1,0,2.0745506e-06,0
non-tumour/TCGA-AZ-6608-01Z-00-DX1_43520_16896.jpg,TCGA-AZ-6608,TCGA-AZ-6608-01Z-00-DX1,0,0.01928081,0
non-tumour/TCGA-AZ-6608-01Z-00-DX1_44032_15872.jpg,TCGA-AZ-6608,TCGA-AZ-6608-01Z-00-DX1,0,1.4901224e-09,0
non-tumour/TCGA-AZ-6608-01Z-00-DX1_44032_16896.jpg,TCGA-AZ-6608,TCGA-AZ-6608-01Z-00-DX1,0,1.3450944e-05,0
non-tumour/TCGA-AZ-6608-01Z-00-DX1_45056_16384.jpg,TCGA-AZ-6608,TCGA-AZ-6608-01Z-00-DX1,0,3.187263e-11,0
non-tumour/TCGA-AZ-6608-01Z-00-DX1_45056_16896.jpg,TCGA-AZ-6608,TCGA-AZ-6608-01Z-00-DX1,0,7.796934e-10,0
non-tumour/TCGA-AZ-6608-01Z-00-DX1_45056_17408.jpg,TCGA-AZ-6608,TCGA-AZ-6608-01Z-00-DX1,0,0.00072859594,0
non-tumour/TCGA-AZ-6608-01Z-00-DX1_45568_17408.jpg,TCGA-AZ-6608,TCGA-AZ-6608-01Z-00-DX1,0,2.3275463e-06,0
non-tumour/TCGA-AZ-6608-01Z-00-DX1_46080_16896.jpg,TCGA-AZ-6608,TCGA-AZ-6608-01Z-00-DX1,0,1.7601755e-07,0
non-tumour/TCGA-AZ-6608-01Z-00-DX1_46080_17408.jpg,TCGA-AZ-6608,TCGA-AZ-6608-01Z-00-DX1,0,2.4166553e-09,0
non-tumour/TCGA-AZ-6608-01Z-00-DX1_46080_18432.jpg,TCGA-AZ-6608,TCGA-AZ-6608-01Z-00-DX1,0,0.6406643,1
non-tumour/TCGA-AZ-6608-01Z-00-DX1_46080_20992.jpg,TCGA-AZ-6608,TCGA-AZ-6608-01Z-00-DX1,0,0.022064378,0
non-tumour/TCGA-AZ-6608-01Z-00-DX1_46080_21504.jpg,TCGA-AZ-6608,TCGA-AZ-6608-01Z-00-DX1,0,0.014285137,0
non-tumour/TCGA-AZ-6608-01Z-00-DX1_46080_22016.jpg,TCGA-AZ-6608,TCGA-AZ-6608-01Z-00-DX1,0,0.004135533,0
non-tumour/TCGA-AZ-6608-01Z-00-DX1_4608_10240.jpg,TCGA-AZ-6608,TCGA-AZ-6608-01Z-00-DX1,0,0.004301593,0
non-tumour/TCGA-AZ-6608-01Z-00-DX1_4608_11776.jpg,TCGA-AZ-6608,TCGA-AZ-6608-01Z-00-DX1,0,0.07655303,0
non-tumour/TCGA-AZ-6608-01Z-00-DX1_4608_12288.jpg,TCGA-AZ-6608,TCGA-AZ-6608-01Z-00-DX1,0,0.38928783,0
non-tumour/TCGA-AZ-6608-01Z-00-DX1_4608_14336.jpg,TCGA-AZ-6608,TCGA-AZ-6608-01Z-00-DX1,0,6.2769135e-07,0
non-tumour/TCGA-AZ-6608-01Z-00-DX1_4608_14848.jpg,TCGA-AZ-6608,TCGA-AZ-6608-01Z-00-DX1,0,7.9404685e-07,0
non-tumour/TCGA-AZ-6608-01Z-00-DX1_4608_15360.jpg,TCGA-AZ-6608,TCGA-AZ-6608-01Z-00-DX1,0,0.0009709922,0
non-tumour/TCGA-AZ-6608-01Z-00-DX1_4608_9216.jpg,TCGA-AZ-6608,TCGA-AZ-6608-01Z-00-DX1,0,0.00025175934,0
non-tumour/TCGA-AZ-6608-01Z-00-DX1_46592_19968.jpg,TCGA-AZ-6608,TCGA-AZ-6608-01Z-00-DX1,0,0.0008439798,0
non-tumour/TCGA-AZ-6608-01Z-00-DX1_47104_17920.jpg,TCGA-AZ-6608,TCGA-AZ-6608-01Z-00-DX1,0,0.0005438526,0
non-tumour/TCGA-AZ-6608-01Z-00-DX1_47104_18432.jpg,TCGA-AZ-6608,TCGA-AZ-6608-01Z-00-DX1,0,4.402257e-07,0
non-tumour/TCGA-AZ-6608-01Z-00-DX1_47104_19968.jpg,TCGA-AZ-6608,TCGA-AZ-6608-01Z-00-DX1,0,0.00043900538,0
non-tumour/TCGA-AZ-6608-01Z-00-DX1_47104_22016.jpg,TCGA-AZ-6608,TCGA-AZ-6608-01Z-00-DX1,0,0.00045228848,0
non-tumour/TCGA-AZ-6608-01Z-00-DX1_47104_22528.jpg,TCGA-AZ-6608,TCGA-AZ-6608-01Z-00-DX1,0,0.0007068278,0
non-tumour/TCGA-AZ-6608-01Z-00-DX1_47616_22016.jpg,TCGA-AZ-6608,TCGA-AZ-6608-01Z-00-DX1,0,0.6151767,1
non-tumour/TCGA-AZ-6608-01Z-00-DX1_48128_20992.jpg,TCGA-AZ-6608,TCGA-AZ-6608-01Z-00-DX1,0,0.0006726505,0
non-tumour/TCGA-AZ-6608-01Z-00-DX1_5120_10240.jpg,TCGA-AZ-6608,TCGA-AZ-6608-01Z-00-DX1,0,0.001772536,0
non-tumour/TCGA-AZ-6608-01Z-00-DX1_5120_11264.jpg,TCGA-AZ-6608,TCGA-AZ-6608-01Z-00-DX1,0,0.013344,0
non-tumour/TCGA-AZ-6608-01Z-00-DX1_5120_11776.jpg,TCGA-AZ-6608,TCGA-AZ-6608-01Z-00-DX1,0,0.013559923,0
non-tumour/TCGA-AZ-6608-01Z-00-DX1_5120_12288.jpg,TCGA-AZ-6608,TCGA-AZ-6608-01Z-00-DX1,0,0.0009322704,0
non-tumour/TCGA-AZ-6608-01Z-00-DX1_5120_13824.jpg,TCGA-AZ-6608,TCGA-AZ-6608-01Z-00-DX1,0,0.000102585,0
non-tumour/TCGA-AZ-6608-01Z-00-DX1_5120_14848.jpg,TCGA-AZ-6608,TCGA-AZ-6608-01Z-00-DX1,0,9.4028e-10,0
non-tumour/TCGA-AZ-6608-01Z-00-DX1_5120_8704.jpg,TCGA-AZ-6608,TCGA-AZ-6608-01Z-00-DX1,0,0.0023047666,0
non-tumour/TCGA-AZ-6608-01Z-00-DX1_5120_9216.jpg,TCGA-AZ-6608,TCGA-AZ-6608-01Z-00-DX1,0,0.0012571095,0
non-tumour/TCGA-AZ-6608-01Z-00-DX1_5632_10752.jpg,TCGA-AZ-6608,TCGA-AZ-6608-01Z-00-DX1,0,0.016484277,0
non-tumour/TCGA-AZ-6608-01Z-00-DX1_5632_13312.jpg,TCGA-AZ-6608,TCGA-AZ-6608-01Z-00-DX1,0,2.7360427e-06,0
non-tumour/TCGA-AZ-6608-01Z-00-DX1_5632_13824.jpg,TCGA-AZ-6608,TCGA-AZ-6608-01Z-00-DX1,0,4.6774673e-08,0
non-tumour/TCGA-AZ-6608-01Z-00-DX1_5632_14336.jpg,TCGA-AZ-6608,TCGA-AZ-6608-01Z-00-DX1,0,3.1055413e-05,0
non-tumour/TCGA-AZ-6608-01Z-00-DX1_5632_14848.jpg,TCGA-AZ-6608,TCGA-AZ-6608-01Z-00-DX1,0,0.007378412,0
non-tumour/TCGA-AZ-6608-01Z-00-DX1_5632_8704.jpg,TCGA-AZ-6608,TCGA-AZ-6608-01Z-00-DX1,0,0.00042453947,0
non-tumour/TCGA-AZ-6608-01Z-00-DX1_5632_9216.jpg,TCGA-AZ-6608,TCGA-AZ-6608-01Z-00-DX1,0,0.0020520964,0
non-tumour/TCGA-AZ-6608-01Z-00-DX1_6144_10240.jpg,TCGA-AZ-6608,TCGA-AZ-6608-01Z-00-DX1,0,0.0025249994,0
non-tumour/TCGA-AZ-6608-01Z-00-DX1_6144_10752.jpg,TCGA-AZ-6608,TCGA-AZ-6608-01Z-00-DX1,0,0.00077731785,0
non-tumour/TCGA-AZ-6608-01Z-00-DX1_6144_11264.jpg,TCGA-AZ-6608,TCGA-AZ-6608-01Z-00-DX1,0,0.09476602,0
non-tumour/TCGA-AZ-6608-01Z-00-DX1_6144_13824.jpg,TCGA-AZ-6608,TCGA-AZ-6608-01Z-00-DX1,0,0.00019726853,0
non-tumour/TCGA-AZ-6608-01Z-00-DX1_6144_8704.jpg,TCGA-AZ-6608,TCGA-AZ-6608-01Z-00-DX1,0,0.0022434678,0
non-tumour/TCGA-AZ-6608-01Z-00-DX1_6144_9728.jpg,TCGA-AZ-6608,TCGA-AZ-6608-01Z-00-DX1,0,0.004540731,0
non-tumour/TCGA-AZ-6608-01Z-00-DX1_6656_10752.jpg,TCGA-AZ-6608,TCGA-AZ-6608-01Z-00-DX1,0,0.0031623275,0
non-tumour/TCGA-AZ-6608-01Z-00-DX1_6656_11264.jpg,TCGA-AZ-6608,TCGA-AZ-6608-01Z-00-DX1,0,0.0006393757,0
non-tumour/TCGA-AZ-6608-01Z-00-DX1_6656_12288.jpg,TCGA-AZ-6608,TCGA-AZ-6608-01Z-00-DX1,0,6.039431e-06,0
non-tumour/TCGA-AZ-6608-01Z-00-DX1_6656_12800.jpg,TCGA-AZ-6608,TCGA-AZ-6608-01Z-00-DX1,0,0.00015260557,0
non-tumour/TCGA-AZ-6608-01Z-00-DX1_6656_13312.jpg,TCGA-AZ-6608,TCGA-AZ-6608-01Z-00-DX1,0,2.0138726e-08,0
non-tumour/TCGA-AZ-6608-01Z-00-DX1_7168_10240.jpg,TCGA-AZ-6608,TCGA-AZ-6608-01Z-00-DX1,0,0.001939866,0
non-tumour/TCGA-AZ-6608-01Z-00-DX1_7168_10752.jpg,TCGA-AZ-6608,TCGA-AZ-6608-01Z-00-DX1,0,0.0020575812,0
non-tumour/TCGA-AZ-6608-01Z-00-DX1_7168_12288.jpg,TCGA-AZ-6608,TCGA-AZ-6608-01Z-00-DX1,0,8.694136e-08,0
non-tumour/TCGA-AZ-6608-01Z-00-DX1_7168_13312.jpg,TCGA-AZ-6608,TCGA-AZ-6608-01Z-00-DX1,0,2.1365848e-05,0
non-tumour/TCGA-AZ-6608-01Z-00-DX1_7680_10240.jpg,TCGA-AZ-6608,TCGA-AZ-6608-01Z-00-DX1,0,0.0007487875,0
non-tumour/TCGA-AZ-6608-01Z-00-DX1_7680_12288.jpg,TCGA-AZ-6608,TCGA-AZ-6608-01Z-00-DX1,0,6.184857e-06,0
non-tumour/TCGA-AZ-6608-01Z-00-DX1_7680_13312.jpg,TCGA-AZ-6608,TCGA-AZ-6608-01Z-00-DX1,0,0.00010277093,0
non-tumour/TCGA-AZ-6608-01Z-00-DX1_7680_9728.jpg,TCGA-AZ-6608,TCGA-AZ-6608-01Z-00-DX1,0,0.0014837699,0
non-tumour/TCGA-AZ-6608-01Z-00-DX1_8192_10240.jpg,TCGA-AZ-6608,TCGA-AZ-6608-01Z-00-DX1,0,0.005317103,0
non-tumour/TCGA-AZ-6608-01Z-00-DX1_8192_10752.jpg,TCGA-AZ-6608,TCGA-AZ-6608-01Z-00-DX1,0,0.0024828613,0
non-tumour/TCGA-AZ-6608-01Z-00-DX1_8192_8704.jpg,TCGA-AZ-6608,TCGA-AZ-6608-01Z-00-DX1,0,0.014574435,0
non-tumour/TCGA-AZ-6608-01Z-00-DX1_8192_9216.jpg,TCGA-AZ-6608,TCGA-AZ-6608-01Z-00-DX1,0,0.016495237,0
non-tumour/TCGA-AZ-6608-01Z-00-DX1_8704_12288.jpg,TCGA-AZ-6608,TCGA-AZ-6608-01Z-00-DX1,0,2.2200513e-07,0
non-tumour/TCGA-AZ-6608-01Z-00-DX1_8704_12800.jpg,TCGA-AZ-6608,TCGA-AZ-6608-01Z-00-DX1,0,2.9626697e-06,0
non-tumour/TCGA-AZ-6608-01Z-00-DX1_8704_8704.jpg,TCGA-AZ-6608,TCGA-AZ-6608-01Z-00-DX1,0,0.010291064,0
non-tumour/TCGA-AZ-6608-01Z-00-DX1_8704_9728.jpg,TCGA-AZ-6608,TCGA-AZ-6608-01Z-00-DX1,0,0.0008393907,0
non-tumour/TCGA-AZ-6608-01Z-00-DX1_9216_10752.jpg,TCGA-AZ-6608,TCGA-AZ-6608-01Z-00-DX1,0,0.015553697,0
non-tumour/TCGA-AZ-6608-01Z-00-DX1_9216_11776.jpg,TCGA-AZ-6608,TCGA-AZ-6608-01Z-00-DX1,0,1.01905995e-08,0
non-tumour/TCGA-AZ-6608-01Z-00-DX1_9216_12800.jpg,TCGA-AZ-6608,TCGA-AZ-6608-01Z-00-DX1,0,0.000680083,0
non-tumour/TCGA-AZ-6608-01Z-00-DX1_9216_9216.jpg,TCGA-AZ-6608,TCGA-AZ-6608-01Z-00-DX1,0,0.042125892,0
non-tumour/TCGA-AZ-6608-01Z-00-DX1_9216_9728.jpg,TCGA-AZ-6608,TCGA-AZ-6608-01Z-00-DX1,0,0.0004143955,0
non-tumour/TCGA-AZ-6608-01Z-00-DX1_9728_10240.jpg,TCGA-AZ-6608,TCGA-AZ-6608-01Z-00-DX1,0,0.007385858,0
non-tumour/TCGA-AZ-6608-01Z-00-DX1_9728_11776.jpg,TCGA-AZ-6608,TCGA-AZ-6608-01Z-00-DX1,0,7.650907e-06,0
non-tumour/TCGA-AZ-6608-01Z-00-DX1_9728_8704.jpg,TCGA-AZ-6608,TCGA-AZ-6608-01Z-00-DX1,0,0.0010878537,0
non-tumour/TCGA-F4-6856-01Z-00-DX1_20480_26112.jpg,TCGA-F4-6856,TCGA-F4-6856-01Z-00-DX1,0,0.00030813823,0
non-tumour/TCGA-F4-6856-01Z-00-DX1_20480_29184.jpg,TCGA-F4-6856,TCGA-F4-6856-01Z-00-DX1,0,0.07168267,0
non-tumour/TCGA-F4-6856-01Z-00-DX1_20480_29696.jpg,TCGA-F4-6856,TCGA-F4-6856-01Z-00-DX1,0,0.6002323,1
non-tumour/TCGA-F4-6856-01Z-00-DX1_20480_30208.jpg,TCGA-F4-6856,TCGA-F4-6856-01Z-00-DX1,0,0.8653711,1
non-tumour/TCGA-F4-6856-01Z-00-DX1_20480_30720.jpg,TCGA-F4-6856,TCGA-F4-6856-01Z-00-DX1,0,0.6711565,1
non-tumour/TCGA-F4-6856-01Z-00-DX1_20480_31232.jpg,TCGA-F4-6856,TCGA-F4-6856-01Z-00-DX1,0,0.78289706,1
non-tumour/TCGA-F4-6856-01Z-00-DX1_20480_32256.jpg,TCGA-F4-6856,TCGA-F4-6856-01Z-00-DX1,0,0.04771433,0
non-tumour/TCGA-F4-6856-01Z-00-DX1_20992_23040.jpg,TCGA-F4-6856,TCGA-F4-6856-01Z-00-DX1,0,3.7253116e-09,0
non-tumour/TCGA-F4-6856-01Z-00-DX1_20992_25088.jpg,TCGA-F4-6856,TCGA-F4-6856-01Z-00-DX1,0,0.04727171,0
non-tumour/TCGA-F4-6856-01Z-00-DX1_20992_25600.jpg,TCGA-F4-6856,TCGA-F4-6856-01Z-00-DX1,0,0.678534,1
non-tumour/TCGA-F4-6856-01Z-00-DX1_20992_26624.jpg,TCGA-F4-6856,TCGA-F4-6856-01Z-00-DX1,0,0.040705472,0
non-tumour/TCGA-F4-6856-01Z-00-DX1_20992_28160.jpg,TCGA-F4-6856,TCGA-F4-6856-01Z-00-DX1,0,0.067709275,0
non-tumour/TCGA-F4-6856-01Z-00-DX1_20992_29184.jpg,TCGA-F4-6856,TCGA-F4-6856-01Z-00-DX1,0,0.21737786,0
non-tumour/TCGA-F4-6856-01Z-00-DX1_20992_30720.jpg,TCGA-F4-6856,TCGA-F4-6856-01Z-00-DX1,0,0.11616034,0
non-tumour/TCGA-F4-6856-01Z-00-DX1_20992_32768.jpg,TCGA-F4-6856,TCGA-F4-6856-01Z-00-DX1,0,0.09886828,0
non-tumour/TCGA-F4-6856-01Z-00-DX1_21504_20992.jpg,TCGA-F4-6856,TCGA-F4-6856-01Z-00-DX1,0,2.3735429e-11,0
non-tumour/TCGA-F4-6856-01Z-00-DX1_21504_21504.jpg,TCGA-F4-6856,TCGA-F4-6856-01Z-00-DX1,0,1.4154042e-09,0
non-tumour/TCGA-F4-6856-01Z-00-DX1_21504_23040.jpg,TCGA-F4-6856,TCGA-F4-6856-01Z-00-DX1,0,3.3867323e-08,0
non-tumour/TCGA-F4-6856-01Z-00-DX1_21504_24064.jpg,TCGA-F4-6856,TCGA-F4-6856-01Z-00-DX1,0,6.778133e-08,0
non-tumour/TCGA-F4-6856-01Z-00-DX1_21504_25088.jpg,TCGA-F4-6856,TCGA-F4-6856-01Z-00-DX1,0,0.0007220209,0
non-tumour/TCGA-F4-6856-01Z-00-DX1_21504_25600.jpg,TCGA-F4-6856,TCGA-F4-6856-01Z-00-DX1,0,0.0014447825,0
non-tumour/TCGA-F4-6856-01Z-00-DX1_21504_26624.jpg,TCGA-F4-6856,TCGA-F4-6856-01Z-00-DX1,0,3.242152e-05,0
non-tumour/TCGA-F4-6856-01Z-00-DX1_21504_27136.jpg,TCGA-F4-6856,TCGA-F4-6856-01Z-00-DX1,0,0.002286563,0
non-tumour/TCGA-F4-6856-01Z-00-DX1_21504_27648.jpg,TCGA-F4-6856,TCGA-F4-6856-01Z-00-DX1,0,1.0513518e-05,0
non-tumour/TCGA-F4-6856-01Z-00-DX1_21504_28672.jpg,TCGA-F4-6856,TCGA-F4-6856-01Z-00-DX1,0,2.4771969e-06,0
non-tumour/TCGA-F4-6856-01Z-00-DX1_21504_29696.jpg,TCGA-F4-6856,TCGA-F4-6856-01Z-00-DX1,0,0.051032316,0
non-tumour/TCGA-F4-6856-01Z-00-DX1_21504_31232.jpg,TCGA-F4-6856,TCGA-F4-6856-01Z-00-DX1,0,0.692133,1
non-tumour/TCGA-F4-6856-01Z-00-DX1_21504_31744.jpg,TCGA-F4-6856,TCGA-F4-6856-01Z-00-DX1,0,0.022614097,0
non-tumour/TCGA-F4-6856-01Z-00-DX1_21504_32256.jpg,TCGA-F4-6856,TCGA-F4-6856-01Z-00-DX1,0,0.85414493,1
non-tumour/TCGA-F4-6856-01Z-00-DX1_21504_32768.jpg,TCGA-F4-6856,TCGA-F4-6856-01Z-00-DX1,0,0.99811196,1
non-tumour/TCGA-F4-6856-01Z-00-DX1_22016_20480.jpg,TCGA-F4-6856,TCGA-F4-6856-01Z-00-DX1,0,3.188344e-08,0
non-tumour/TCGA-F4-6856-01Z-00-DX1_22016_20992.jpg,TCGA-F4-6856,TCGA-F4-6856-01Z-00-DX1,0,9.4954045e-09,0
non-tumour/TCGA-F4-6856-01Z-00-DX1_22016_23040.jpg,TCGA-F4-6856,TCGA-F4-6856-01Z-00-DX1,0,6.24469e-08,0
non-tumour/TCGA-F4-6856-01Z-00-DX1_22016_24576.jpg,TCGA-F4-6856,TCGA-F4-6856-01Z-00-DX1,0,0.011236415,0
non-tumour/TCGA-F4-6856-01Z-00-DX1_22016_25088.jpg,TCGA-F4-6856,TCGA-F4-6856-01Z-00-DX1,0,0.00016908007,0
non-tumour/TCGA-F4-6856-01Z-00-DX1_22016_25600.jpg,TCGA-F4-6856,TCGA-F4-6856-01Z-00-DX1,0,6.522006e-05,0
non-tumour/TCGA-F4-6856-01Z-00-DX1_22016_27648.jpg,TCGA-F4-6856,TCGA-F4-6856-01Z-00-DX1,0,1.3502068e-07,0
non-tumour/TCGA-F4-6856-01Z-00-DX1_22016_28160.jpg,TCGA-F4-6856,TCGA-F4-6856-01Z-00-DX1,0,0.00025991173,0
non-tumour/TCGA-F4-6856-01Z-00-DX1_22016_28672.jpg,TCGA-F4-6856,TCGA-F4-6856-01Z-00-DX1,0,0.00013853094,0
non-tumour/TCGA-F4-6856-01Z-00-DX1_22016_29184.jpg,TCGA-F4-6856,TCGA-F4-6856-01Z-00-DX1,0,1.739727e-05,0
non-tumour/TCGA-F4-6856-01Z-00-DX1_22016_30720.jpg,TCGA-F4-6856,TCGA-F4-6856-01Z-00-DX1,0,0.086734615,0
non-tumour/TCGA-F4-6856-01Z-00-DX1_22016_33280.jpg,TCGA-F4-6856,TCGA-F4-6856-01Z-00-DX1,0,0.75467306,1
non-tumour/TCGA-F4-6856-01Z-00-DX1_22016_34304.jpg,TCGA-F4-6856,TCGA-F4-6856-01Z-00-DX1,0,0.0009865377,0
non-tumour/TCGA-F4-6856-01Z-00-DX1_22016_34816.jpg,TCGA-F4-6856,TCGA-F4-6856-01Z-00-DX1,0,0.0013103399,0
non-tumour/TCGA-F4-6856-01Z-00-DX1_22528_20480.jpg,TCGA-F4-6856,TCGA-F4-6856-01Z-00-DX1,0,1.3996669e-07,0
non-tumour/TCGA-F4-6856-01Z-00-DX1_22528_20992.jpg,TCGA-F4-6856,TCGA-F4-6856-01Z-00-DX1,0,3.961756e-09,0
non-tumour/TCGA-F4-6856-01Z-00-DX1_22528_22016.jpg,TCGA-F4-6856,TCGA-F4-6856-01Z-00-DX1,0,2.0548839e-10,0
non-tumour/TCGA-F4-6856-01Z-00-DX1_22528_22528.jpg,TCGA-F4-6856,TCGA-F4-6856-01Z-00-DX1,0,1.944409e-09,0
non-tumour/TCGA-F4-6856-01Z-00-DX1_22528_23040.jpg,TCGA-F4-6856,TCGA-F4-6856-01Z-00-DX1,0,1.8923079e-06,0
non-tumour/TCGA-F4-6856-01Z-00-DX1_22528_24064.jpg,TCGA-F4-6856,TCGA-F4-6856-01Z-00-DX1,0,3.8719438e-05,0
non-tumour/TCGA-F4-6856-01Z-00-DX1_22528_25088.jpg,TCGA-F4-6856,TCGA-F4-6856-01Z-00-DX1,0,0.015798265,0
non-tumour/TCGA-F4-6856-01Z-00-DX1_22528_26112.jpg,TCGA-F4-6856,TCGA-F4-6856-01Z-00-DX1,0,0.0010787068,0
non-tumour/TCGA-F4-6856-01Z-00-DX1_22528_27136.jpg,TCGA-F4-6856,TCGA-F4-6856-01Z-00-DX1,0,0.00420633,0
non-tumour/TCGA-F4-6856-01Z-00-DX1_22528_27648.jpg,TCGA-F4-6856,TCGA-F4-6856-01Z-00-DX1,0,4.888561e-05,0
non-tumour/TCGA-F4-6856-01Z-00-DX1_22528_29184.jpg,TCGA-F4-6856,TCGA-F4-6856-01Z-00-DX1,0,3.69828e-07,0
non-tumour/TCGA-F4-6856-01Z-00-DX1_22528_29696.jpg,TCGA-F4-6856,TCGA-F4-6856-01Z-00-DX1,0,0.005994287,0
non-tumour/TCGA-F4-6856-01Z-00-DX1_22528_32256.jpg,TCGA-F4-6856,TCGA-F4-6856-01Z-00-DX1,0,7.697505e-06,0
non-tumour/TCGA-F4-6856-01Z-00-DX1_22528_34304.jpg,TCGA-F4-6856,TCGA-F4-6856-01Z-00-DX1,0,1.8324512e-06,0
non-tumour/TCGA-F4-6856-01Z-00-DX1_23040_18944.jpg,TCGA-F4-6856,TCGA-F4-6856-01Z-00-DX1,0,2.2255344e-08,0
non-tumour/TCGA-F4-6856-01Z-00-DX1_23040_19456.jpg,TCGA-F4-6856,TCGA-F4-6856-01Z-00-DX1,0,1.8703064e-06,0
non-tumour/TCGA-F4-6856-01Z-00-DX1_23040_19968.jpg,TCGA-F4-6856,TCGA-F4-6856-01Z-00-DX1,0,3.6695502e-09,0
non-tumour/TCGA-F4-6856-01Z-00-DX1_23040_21504.jpg,TCGA-F4-6856,TCGA-F4-6856-01Z-00-DX1,0,5.8596084e-09,0
non-tumour/TCGA-F4-6856-01Z-00-DX1_23040_22016.jpg,TCGA-F4-6856,TCGA-F4-6856-01Z-00-DX1,0,3.9486693e-07,0
non-tumour/TCGA-F4-6856-01Z-00-DX1_23040_24576.jpg,TCGA-F4-6856,TCGA-F4-6856-01Z-00-DX1,0,0.00025329372,0
non-tumour/TCGA-F4-6856-01Z-00-DX1_23040_26624.jpg,TCGA-F4-6856,TCGA-F4-6856-01Z-00-DX1,0,6.403429e-05,0
non-tumour/TCGA-F4-6856-01Z-00-DX1_23040_27648.jpg,TCGA-F4-6856,TCGA-F4-6856-01Z-00-DX1,0,0.015331291,0
non-tumour/TCGA-F4-6856-01Z-00-DX1_23040_28160.jpg,TCGA-F4-6856,TCGA-F4-6856-01Z-00-DX1,0,0.00058398803,0
non-tumour/TCGA-F4-6856-01Z-00-DX1_23040_29184.jpg,TCGA-F4-6856,TCGA-F4-6856-01Z-00-DX1,0,0.00019314079,0
non-tumour/TCGA-F4-6856-01Z-00-DX1_23040_29696.jpg,TCGA-F4-6856,TCGA-F4-6856-01Z-00-DX1,0,2.0592392e-05,0
non-tumour/TCGA-F4-6856-01Z-00-DX1_23040_31744.jpg,TCGA-F4-6856,TCGA-F4-6856-01Z-00-DX1,0,6.892237e-06,0
non-tumour/TCGA-F4-6856-01Z-00-DX1_23040_32256.jpg,TCGA-F4-6856,TCGA-F4-6856-01Z-00-DX1,0,8.3260216e-05,0
non-tumour/TCGA-F4-6856-01Z-00-DX1_23040_33280.jpg,TCGA-F4-6856,TCGA-F4-6856-01Z-00-DX1,0,1.7226755e-07,0
non-tumour/TCGA-F4-6856-01Z-00-DX1_23040_33792.jpg,TCGA-F4-6856,TCGA-F4-6856-01Z-00-DX1,0,4.023064e-06,0
non-tumour/TCGA-F4-6856-01Z-00-DX1_23040_34304.jpg,TCGA-F4-6856,TCGA-F4-6856-01Z-00-DX1,0,1.6404559e-06,0
non-tumour/TCGA-F4-6856-01Z-00-DX1_23040_34816.jpg,TCGA-F4-6856,TCGA-F4-6856-01Z-00-DX1,0,0.0027954862,0
non-tumour/TCGA-F4-6856-01Z-00-DX1_23040_35328.jpg,TCGA-F4-6856,TCGA-F4-6856-01Z-00-DX1,0,4.5684763e-05,0
non-tumour/TCGA-F4-6856-01Z-00-DX1_23552_18944.jpg,TCGA-F4-6856,TCGA-F4-6856-01Z-00-DX1,0,4.561834e-08,0
non-tumour/TCGA-F4-6856-01Z-00-DX1_23552_19456.jpg,TCGA-F4-6856,TCGA-F4-6856-01Z-00-DX1,0,1.685137e-11,0
non-tumour/TCGA-F4-6856-01Z-00-DX1_23552_19968.jpg,TCGA-F4-6856,TCGA-F4-6856-01Z-00-DX1,0,2.7656318e-07,0
non-tumour/TCGA-F4-6856-01Z-00-DX1_23552_20480.jpg,TCGA-F4-6856,TCGA-F4-6856-01Z-00-DX1,0,1.0105387e-06,0
non-tumour/TCGA-F4-6856-01Z-00-DX1_23552_21504.jpg,TCGA-F4-6856,TCGA-F4-6856-01Z-00-DX1,0,4.4850764e-05,0
non-tumour/TCGA-F4-6856-01Z-00-DX1_23552_22016.jpg,TCGA-F4-6856,TCGA-F4-6856-01Z-00-DX1,0,6.620526e-05,0
non-tumour/TCGA-F4-6856-01Z-00-DX1_23552_23040.jpg,TCGA-F4-6856,TCGA-F4-6856-01Z-00-DX1,0,1.0243753e-06,0
non-tumour/TCGA-F4-6856-01Z-00-DX1_23552_24064.jpg,TCGA-F4-6856,TCGA-F4-6856-01Z-00-DX1,0,0.00017782279,0
non-tumour/TCGA-F4-6856-01Z-00-DX1_23552_24576.jpg,TCGA-F4-6856,TCGA-F4-6856-01Z-00-DX1,0,0.00088416564,0
non-tumour/TCGA-F4-6856-01Z-00-DX1_23552_25088.jpg,TCGA-F4-6856,TCGA-F4-6856-01Z-00-DX1,0,0.00034264277,0
non-tumour/TCGA-F4-6856-01Z-00-DX1_23552_25600.jpg,TCGA-F4-6856,TCGA-F4-6856-01Z-00-DX1,0,0.00023596927,0
non-tumour/TCGA-F4-6856-01Z-00-DX1_23552_26112.jpg,TCGA-F4-6856,TCGA-F4-6856-01Z-00-DX1,0,0.0003391087,0
non-tumour/TCGA-F4-6856-01Z-00-DX1_23552_26624.jpg,TCGA-F4-6856,TCGA-F4-6856-01Z-00-DX1,0,0.00018100097,0
non-tumour/TCGA-F4-6856-01Z-00-DX1_23552_29184.jpg,TCGA-F4-6856,TCGA-F4-6856-01Z-00-DX1,0,0.0007684441,0
non-tumour/TCGA-F4-6856-01Z-00-DX1_23552_29696.jpg,TCGA-F4-6856,TCGA-F4-6856-01Z-00-DX1,0,9.468572e-06,0
non-tumour/TCGA-F4-6856-01Z-00-DX1_23552_30208.jpg,TCGA-F4-6856,TCGA-F4-6856-01Z-00-DX1,0,1.0380716e-06,0
non-tumour/TCGA-F4-6856-01Z-00-DX1_23552_30720.jpg,TCGA-F4-6856,TCGA-F4-6856-01Z-00-DX1,0,6.009308e-05,0
non-tumour/TCGA-F4-6856-01Z-00-DX1_23552_31232.jpg,TCGA-F4-6856,TCGA-F4-6856-01Z-00-DX1,0,0.001317193,0
non-tumour/TCGA-F4-6856-01Z-00-DX1_23552_31744.jpg,TCGA-F4-6856,TCGA-F4-6856-01Z-00-DX1,0,2.482018e-07,0
non-tumour/TCGA-F4-6856-01Z-00-DX1_23552_32768.jpg,TCGA-F4-6856,TCGA-F4-6856-01Z-00-DX1,0,1.2444431e-07,0
non-tumour/TCGA-F4-6856-01Z-00-DX1_23552_33792.jpg,TCGA-F4-6856,TCGA-F4-6856-01Z-00-DX1,0,5.1679654e-05,0
non-tumour/TCGA-F4-6856-01Z-00-DX1_24064_18432.jpg,TCGA-F4-6856,TCGA-F4-6856-01Z-00-DX1,0,1.7235409e-10,0
non-tumour/TCGA-F4-6856-01Z-00-DX1_24064_19968.jpg,TCGA-F4-6856,TCGA-F4-6856-01Z-00-DX1,0,0.00019558797,0
non-tumour/TCGA-F4-6856-01Z-00-DX1_24064_20992.jpg,TCGA-F4-6856,TCGA-F4-6856-01Z-00-DX1,0,6.3108123e-06,0
non-tumour/TCGA-F4-6856-01Z-00-DX1_24064_22016.jpg,TCGA-F4-6856,TCGA-F4-6856-01Z-00-DX1,0,0.0013624486,0
non-tumour/TCGA-F4-6856-01Z-00-DX1_24064_23552.jpg,TCGA-F4-6856,TCGA-F4-6856-01Z-00-DX1,0,1.6132768e-08,0
non-tumour/TCGA-F4-6856-01Z-00-DX1_24064_24064.jpg,TCGA-F4-6856,TCGA-F4-6856-01Z-00-DX1,0,2.7791768e-07,0
non-tumour/TCGA-F4-6856-01Z-00-DX1_24064_24576.jpg,TCGA-F4-6856,TCGA-F4-6856-01Z-00-DX1,0,9.190053e-09,0
non-tumour/TCGA-F4-6856-01Z-00-DX1_24064_25088.jpg,TCGA-F4-6856,TCGA-F4-6856-01Z-00-DX1,0,2.9314958e-07,0
non-tumour/TCGA-F4-6856-01Z-00-DX1_24064_25600.jpg,TCGA-F4-6856,TCGA-F4-6856-01Z-00-DX1,0,7.172385e-07,0
non-tumour/TCGA-F4-6856-01Z-00-DX1_24064_26624.jpg,TCGA-F4-6856,TCGA-F4-6856-01Z-00-DX1,0,4.2574025e-06,0
non-tumour/TCGA-F4-6856-01Z-00-DX1_24064_27648.jpg,TCGA-F4-6856,TCGA-F4-6856-01Z-00-DX1,0,4.9642007e-05,0
non-tumour/TCGA-F4-6856-01Z-00-DX1_24064_28160.jpg,TCGA-F4-6856,TCGA-F4-6856-01Z-00-DX1,0,1.1664746e-05,0
non-tumour/TCGA-F4-6856-01Z-00-DX1_24064_28672.jpg,TCGA-F4-6856,TCGA-F4-6856-01Z-00-DX1,0,0.00017587969,0
non-tumour/TCGA-F4-6856-01Z-00-DX1_24064_29184.jpg,TCGA-F4-6856,TCGA-F4-6856-01Z-00-DX1,0,0.002889614,0
non-tumour/TCGA-F4-6856-01Z-00-DX1_24064_30720.jpg,TCGA-F4-6856,TCGA-F4-6856-01Z-00-DX1,0,5.5449136e-06,0
non-tumour/TCGA-F4-6856-01Z-00-DX1_24064_32768.jpg,TCGA-F4-6856,TCGA-F4-6856-01Z-00-DX1,0,4.851543e-07,0
non-tumour/TCGA-F4-6856-01Z-00-DX1_24064_33792.jpg,TCGA-F4-6856,TCGA-F4-6856-01Z-00-DX1,0,3.743484e-07,0
non-tumour/TCGA-F4-6856-01Z-00-DX1_24064_34304.jpg,TCGA-F4-6856,TCGA-F4-6856-01Z-00-DX1,0,4.861681e-06,0
non-tumour/TCGA-F4-6856-01Z-00-DX1_24576_17408.jpg,TCGA-F4-6856,TCGA-F4-6856-01Z-00-DX1,0,0.00012009959,0
non-tumour/TCGA-F4-6856-01Z-00-DX1_24576_17920.jpg,TCGA-F4-6856,TCGA-F4-6856-01Z-00-DX1,0,0.004843982,0
non-tumour/TCGA-F4-6856-01Z-00-DX1_24576_21504.jpg,TCGA-F4-6856,TCGA-F4-6856-01Z-00-DX1,0,0.0022861995,0
non-tumour/TCGA-F4-6856-01Z-00-DX1_24576_22016.jpg,TCGA-F4-6856,TCGA-F4-6856-01Z-00-DX1,0,3.7984662e-06,0
non-tumour/TCGA-F4-6856-01Z-00-DX1_24576_22528.jpg,TCGA-F4-6856,TCGA-F4-6856-01Z-00-DX1,0,7.362482e-06,0
non-tumour/TCGA-F4-6856-01Z-00-DX1_24576_23040.jpg,TCGA-F4-6856,TCGA-F4-6856-01Z-00-DX1,0,0.001851202,0
non-tumour/TCGA-F4-6856-01Z-00-DX1_24576_23552.jpg,TCGA-F4-6856,TCGA-F4-6856-01Z-00-DX1,0,0.018607877,0
non-tumour/TCGA-F4-6856-01Z-00-DX1_24576_24064.jpg,TCGA-F4-6856,TCGA-F4-6856-01Z-00-DX1,0,3.0879874e-05,0
non-tumour/TCGA-F4-6856-01Z-00-DX1_24576_24576.jpg,TCGA-F4-6856,TCGA-F4-6856-01Z-00-DX1,0,8.8010005e-08,0
non-tumour/TCGA-F4-6856-01Z-00-DX1_24576_25088.jpg,TCGA-F4-6856,TCGA-F4-6856-01Z-00-DX1,0,1.436726e-05,0
non-tumour/TCGA-F4-6856-01Z-00-DX1_24576_26624.jpg,TCGA-F4-6856,TCGA-F4-6856-01Z-00-DX1,0,5.7807338e-06,0
non-tumour/TCGA-F4-6856-01Z-00-DX1_24576_27648.jpg,TCGA-F4-6856,TCGA-F4-6856-01Z-00-DX1,0,1.120673e-06,0
non-tumour/TCGA-F4-6856-01Z-00-DX1_24576_29184.jpg,TCGA-F4-6856,TCGA-F4-6856-01Z-00-DX1,0,1.14436695e-07,0
non-tumour/TCGA-F4-6856-01Z-00-DX1_24576_30720.jpg,TCGA-F4-6856,TCGA-F4-6856-01Z-00-DX1,0,0.0058944174,0
non-tumour/TCGA-F4-6856-01Z-00-DX1_24576_31232.jpg,TCGA-F4-6856,TCGA-F4-6856-01Z-00-DX1,0,0.00028989898,0
non-tumour/TCGA-F4-6856-01Z-00-DX1_24576_31744.jpg,TCGA-F4-6856,TCGA-F4-6856-01Z-00-DX1,0,0.012648385,0
non-tumour/TCGA-F4-6856-01Z-00-DX1_24576_32768.jpg,TCGA-F4-6856,TCGA-F4-6856-01Z-00-DX1,0,2.8657498e-05,0
non-tumour/TCGA-F4-6856-01Z-00-DX1_24576_33792.jpg,TCGA-F4-6856,TCGA-F4-6856-01Z-00-DX1,0,1.4603674e-07,0
non-tumour/TCGA-F4-6856-01Z-00-DX1_24576_34304.jpg,TCGA-F4-6856,TCGA-F4-6856-01Z-00-DX1,0,2.4613191e-08,0
non-tumour/TCGA-F4-6856-01Z-00-DX1_24576_34816.jpg,TCGA-F4-6856,TCGA-F4-6856-01Z-00-DX1,0,6.187631e-07,0
non-tumour/TCGA-F4-6856-01Z-00-DX1_24576_36864.jpg,TCGA-F4-6856,TCGA-F4-6856-01Z-00-DX1,0,0.37195948,0
non-tumour/TCGA-F4-6856-01Z-00-DX1_25088_17408.jpg,TCGA-F4-6856,TCGA-F4-6856-01Z-00-DX1,0,2.0332961e-06,0
non-tumour/TCGA-F4-6856-01Z-00-DX1_25088_17920.jpg,TCGA-F4-6856,TCGA-F4-6856-01Z-00-DX1,0,4.2017114e-06,0
non-tumour/TCGA-F4-6856-01Z-00-DX1_25088_18944.jpg,TCGA-F4-6856,TCGA-F4-6856-01Z-00-DX1,0,2.444939e-07,0
non-tumour/TCGA-F4-6856-01Z-00-DX1_25088_19456.jpg,TCGA-F4-6856,TCGA-F4-6856-01Z-00-DX1,0,1.4041926e-07,0
non-tumour/TCGA-F4-6856-01Z-00-DX1_25088_19968.jpg,TCGA-F4-6856,TCGA-F4-6856-01Z-00-DX1,0,1.2662554e-09,0
non-tumour/TCGA-F4-6856-01Z-00-DX1_25088_21504.jpg,TCGA-F4-6856,TCGA-F4-6856-01Z-00-DX1,0,0.002669072,0
non-tumour/TCGA-F4-6856-01Z-00-DX1_25088_22016.jpg,TCGA-F4-6856,TCGA-F4-6856-01Z-00-DX1,0,0.0003535865,0
non-tumour/TCGA-F4-6856-01Z-00-DX1_25088_22528.jpg,TCGA-F4-6856,TCGA-F4-6856-01Z-00-DX1,0,0.0006824463,0
non-tumour/TCGA-F4-6856-01Z-00-DX1_25088_23040.jpg,TCGA-F4-6856,TCGA-F4-6856-01Z-00-DX1,0,7.3328374e-07,0
non-tumour/TCGA-F4-6856-01Z-00-DX1_25088_23552.jpg,TCGA-F4-6856,TCGA-F4-6856-01Z-00-DX1,0,1.4108546e-06,0
non-tumour/TCGA-F4-6856-01Z-00-DX1_25088_24064.jpg,TCGA-F4-6856,TCGA-F4-6856-01Z-00-DX1,0,6.919601e-06,0
non-tumour/TCGA-F4-6856-01Z-00-DX1_25088_26112.jpg,TCGA-F4-6856,TCGA-F4-6856-01Z-00-DX1,0,0.0012513853,0
non-tumour/TCGA-F4-6856-01Z-00-DX1_25088_26624.jpg,TCGA-F4-6856,TCGA-F4-6856-01Z-00-DX1,0,0.001078019,0
non-tumour/TCGA-F4-6856-01Z-00-DX1_25088_27136.jpg,TCGA-F4-6856,TCGA-F4-6856-01Z-00-DX1,0,0.03857032,0
non-tumour/TCGA-F4-6856-01Z-00-DX1_25088_27648.jpg,TCGA-F4-6856,TCGA-F4-6856-01Z-00-DX1,0,0.23871157,0
non-tumour/TCGA-F4-6856-01Z-00-DX1_25088_28160.jpg,TCGA-F4-6856,TCGA-F4-6856-01Z-00-DX1,0,0.0061297608,0
non-tumour/TCGA-F4-6856-01Z-00-DX1_25088_28672.jpg,TCGA-F4-6856,TCGA-F4-6856-01Z-00-DX1,0,1.478333e-06,0
non-tumour/TCGA-F4-6856-01Z-00-DX1_25088_29696.jpg,TCGA-F4-6856,TCGA-F4-6856-01Z-00-DX1,0,2.0994394e-08,0
non-tumour/TCGA-F4-6856-01Z-00-DX1_25088_31232.jpg,TCGA-F4-6856,TCGA-F4-6856-01Z-00-DX1,0,4.8794577e-06,0
non-tumour/TCGA-F4-6856-01Z-00-DX1_25088_31744.jpg,TCGA-F4-6856,TCGA-F4-6856-01Z-00-DX1,0,0.0016673672,0
non-tumour/TCGA-F4-6856-01Z-00-DX1_25088_32256.jpg,TCGA-F4-6856,TCGA-F4-6856-01Z-00-DX1,0,0.001037185,0
non-tumour/TCGA-F4-6856-01Z-00-DX1_25088_32768.jpg,TCGA-F4-6856,TCGA-F4-6856-01Z-00-DX1,0,0.0080858255,0
non-tumour/TCGA-F4-6856-01Z-00-DX1_25088_33280.jpg,TCGA-F4-6856,TCGA-F4-6856-01Z-00-DX1,0,0.00034253093,0
non-tumour/TCGA-F4-6856-01Z-00-DX1_25088_35328.jpg,TCGA-F4-6856,TCGA-F4-6856-01Z-00-DX1,0,1.7523371e-07,0
non-tumour/TCGA-F4-6856-01Z-00-DX1_25088_37376.jpg,TCGA-F4-6856,TCGA-F4-6856-01Z-00-DX1,0,0.0007549886,0
non-tumour/TCGA-F4-6856-01Z-00-DX1_25600_16896.jpg,TCGA-F4-6856,TCGA-F4-6856-01Z-00-DX1,0,4.412742e-09,0
non-tumour/TCGA-F4-6856-01Z-00-DX1_25600_17408.jpg,TCGA-F4-6856,TCGA-F4-6856-01Z-00-DX1,0,2.1152356e-08,0
non-tumour/TCGA-F4-6856-01Z-00-DX1_25600_17920.jpg,TCGA-F4-6856,TCGA-F4-6856-01Z-00-DX1,0,5.6974653e-07,0
non-tumour/TCGA-F4-6856-01Z-00-DX1_25600_18432.jpg,TCGA-F4-6856,TCGA-F4-6856-01Z-00-DX1,0,7.293795e-08,0
non-tumour/TCGA-F4-6856-01Z-00-DX1_25600_18944.jpg,TCGA-F4-6856,TCGA-F4-6856-01Z-00-DX1,0,4.4727383e-08,0
non-tumour/TCGA-F4-6856-01Z-00-DX1_25600_22528.jpg,TCGA-F4-6856,TCGA-F4-6856-01Z-00-DX1,0,0.057179894,0
non-tumour/TCGA-F4-6856-01Z-00-DX1_25600_23040.jpg,TCGA-F4-6856,TCGA-F4-6856-01Z-00-DX1,0,0.00022303326,0
non-tumour/TCGA-F4-6856-01Z-00-DX1_25600_24576.jpg,TCGA-F4-6856,TCGA-F4-6856-01Z-00-DX1,0,0.00011712958,0
non-tumour/TCGA-F4-6856-01Z-00-DX1_25600_26112.jpg,TCGA-F4-6856,TCGA-F4-6856-01Z-00-DX1,0,1.583061e-07,0
non-tumour/TCGA-F4-6856-01Z-00-DX1_25600_26624.jpg,TCGA-F4-6856,TCGA-F4-6856-01Z-00-DX1,0,0.004192745,0
non-tumour/TCGA-F4-6856-01Z-00-DX1_25600_27136.jpg,TCGA-F4-6856,TCGA-F4-6856-01Z-00-DX1,0,0.10294578,0
non-tumour/TCGA-F4-6856-01Z-00-DX1_25600_28672.jpg,TCGA-F4-6856,TCGA-F4-6856-01Z-00-DX1,0,5.0256123e-05,0
non-tumour/TCGA-F4-6856-01Z-00-DX1_25600_30208.jpg,TCGA-F4-6856,TCGA-F4-6856-01Z-00-DX1,0,1.7446017e-07,0
non-tumour/TCGA-F4-6856-01Z-00-DX1_25600_32768.jpg,TCGA-F4-6856,TCGA-F4-6856-01Z-00-DX1,0,0.010935698,0
non-tumour/TCGA-F4-6856-01Z-00-DX1_25600_34304.jpg,TCGA-F4-6856,TCGA-F4-6856-01Z-00-DX1,0,1.0692715e-05,0
non-tumour/TCGA-F4-6856-01Z-00-DX1_25600_34816.jpg,TCGA-F4-6856,TCGA-F4-6856-01Z-00-DX1,0,0.0006794338,0
non-tumour/TCGA-F4-6856-01Z-00-DX1_25600_35328.jpg,TCGA-F4-6856,TCGA-F4-6856-01Z-00-DX1,0,2.7399847e-05,0
non-tumour/TCGA-F4-6856-01Z-00-DX1_25600_36352.jpg,TCGA-F4-6856,TCGA-F4-6856-01Z-00-DX1,0,0.0518786,0
non-tumour/TCGA-F4-6856-01Z-00-DX1_25600_36864.jpg,TCGA-F4-6856,TCGA-F4-6856-01Z-00-DX1,0,0.0010528363,0
non-tumour/TCGA-F4-6856-01Z-00-DX1_26112_16384.jpg,TCGA-F4-6856,TCGA-F4-6856-01Z-00-DX1,0,9.883762e-08,0
non-tumour/TCGA-F4-6856-01Z-00-DX1_26112_17408.jpg,TCGA-F4-6856,TCGA-F4-6856-01Z-00-DX1,0,6.0960933e-06,0
non-tumour/TCGA-F4-6856-01Z-00-DX1_26112_17920.jpg,TCGA-F4-6856,TCGA-F4-6856-01Z-00-DX1,0,3.4106674e-06,0
non-tumour/TCGA-F4-6856-01Z-00-DX1_26112_18432.jpg,TCGA-F4-6856,TCGA-F4-6856-01Z-00-DX1,0,1.6282016e-08,0
non-tumour/TCGA-F4-6856-01Z-00-DX1_26112_18944.jpg,TCGA-F4-6856,TCGA-F4-6856-01Z-00-DX1,0,2.105168e-07,0
non-tumour/TCGA-F4-6856-01Z-00-DX1_26112_19456.jpg,TCGA-F4-6856,TCGA-F4-6856-01Z-00-DX1,0,6.3355095e-05,0
non-tumour/TCGA-F4-6856-01Z-00-DX1_26112_20480.jpg,TCGA-F4-6856,TCGA-F4-6856-01Z-00-DX1,0,0.03048067,0
non-tumour/TCGA-F4-6856-01Z-00-DX1_26112_20992.jpg,TCGA-F4-6856,TCGA-F4-6856-01Z-00-DX1,0,0.0030989116,0
non-tumour/TCGA-F4-6856-01Z-00-DX1_26112_22016.jpg,TCGA-F4-6856,TCGA-F4-6856-01Z-00-DX1,0,5.1232764e-06,0
non-tumour/TCGA-F4-6856-01Z-00-DX1_26112_22528.jpg,TCGA-F4-6856,TCGA-F4-6856-01Z-00-DX1,0,3.198241e-06,0
non-tumour/TCGA-F4-6856-01Z-00-DX1_26112_23552.jpg,TCGA-F4-6856,TCGA-F4-6856-01Z-00-DX1,0,0.81316304,1
non-tumour/TCGA-F4-6856-01Z-00-DX1_26112_24576.jpg,TCGA-F4-6856,TCGA-F4-6856-01Z-00-DX1,0,1.738591e-05,0
non-tumour/TCGA-F4-6856-01Z-00-DX1_26112_25088.jpg,TCGA-F4-6856,TCGA-F4-6856-01Z-00-DX1,0,2.439908e-06,0
non-tumour/TCGA-F4-6856-01Z-00-DX1_26112_25600.jpg,TCGA-F4-6856,TCGA-F4-6856-01Z-00-DX1,0,0.00021609216,0
non-tumour/TCGA-F4-6856-01Z-00-DX1_26112_27136.jpg,TCGA-F4-6856,TCGA-F4-6856-01Z-00-DX1,0,0.00011908784,0
non-tumour/TCGA-F4-6856-01Z-00-DX1_26112_29696.jpg,TCGA-F4-6856,TCGA-F4-6856-01Z-00-DX1,0,2.5775057e-07,0
non-tumour/TCGA-F4-6856-01Z-00-DX1_26112_30720.jpg,TCGA-F4-6856,TCGA-F4-6856-01Z-00-DX1,0,0.00039652077,0
non-tumour/TCGA-F4-6856-01Z-00-DX1_26112_31232.jpg,TCGA-F4-6856,TCGA-F4-6856-01Z-00-DX1,0,6.2979516e-06,0
non-tumour/TCGA-F4-6856-01Z-00-DX1_26112_31744.jpg,TCGA-F4-6856,TCGA-F4-6856-01Z-00-DX1,0,1.6862985e-05,0
non-tumour/TCGA-F4-6856-01Z-00-DX1_26112_33280.jpg,TCGA-F4-6856,TCGA-F4-6856-01Z-00-DX1,0,0.012535414,0
non-tumour/TCGA-F4-6856-01Z-00-DX1_26112_34304.jpg,TCGA-F4-6856,TCGA-F4-6856-01Z-00-DX1,0,2.9706794e-06,0
non-tumour/TCGA-F4-6856-01Z-00-DX1_26112_35840.jpg,TCGA-F4-6856,TCGA-F4-6856-01Z-00-DX1,0,5.9090667e-07,0
non-tumour/TCGA-F4-6856-01Z-00-DX1_26112_37376.jpg,TCGA-F4-6856,TCGA-F4-6856-01Z-00-DX1,0,0.00072403456,0
non-tumour/TCGA-F4-6856-01Z-00-DX1_26624_16384.jpg,TCGA-F4-6856,TCGA-F4-6856-01Z-00-DX1,0,5.99077e-08,0
non-tumour/TCGA-F4-6856-01Z-00-DX1_26624_16896.jpg,TCGA-F4-6856,TCGA-F4-6856-01Z-00-DX1,0,4.5749087e-07,0
non-tumour/TCGA-F4-6856-01Z-00-DX1_26624_17408.jpg,TCGA-F4-6856,TCGA-F4-6856-01Z-00-DX1,0,1.907394e-09,0
non-tumour/TCGA-F4-6856-01Z-00-DX1_26624_17920.jpg,TCGA-F4-6856,TCGA-F4-6856-01Z-00-DX1,0,3.8913594e-08,0
non-tumour/TCGA-F4-6856-01Z-00-DX1_26624_19968.jpg,TCGA-F4-6856,TCGA-F4-6856-01Z-00-DX1,0,0.012815078,0
non-tumour/TCGA-F4-6856-01Z-00-DX1_26624_20992.jpg,TCGA-F4-6856,TCGA-F4-6856-01Z-00-DX1,0,0.021046162,0
non-tumour/TCGA-F4-6856-01Z-00-DX1_26624_21504.jpg,TCGA-F4-6856,TCGA-F4-6856-01Z-00-DX1,0,0.017363148,0
non-tumour/TCGA-F4-6856-01Z-00-DX1_26624_22016.jpg,TCGA-F4-6856,TCGA-F4-6856-01Z-00-DX1,0,0.001913978,0
non-tumour/TCGA-F4-6856-01Z-00-DX1_26624_22528.jpg,TCGA-F4-6856,TCGA-F4-6856-01Z-00-DX1,0,9.2877394e-07,0
non-tumour/TCGA-F4-6856-01Z-00-DX1_26624_23040.jpg,TCGA-F4-6856,TCGA-F4-6856-01Z-00-DX1,0,6.505309e-06,0
non-tumour/TCGA-F4-6856-01Z-00-DX1_26624_23552.jpg,TCGA-F4-6856,TCGA-F4-6856-01Z-00-DX1,0,0.33595607,0
non-tumour/TCGA-F4-6856-01Z-00-DX1_26624_24576.jpg,TCGA-F4-6856,TCGA-F4-6856-01Z-00-DX1,0,0.23069961,0
non-tumour/TCGA-F4-6856-01Z-00-DX1_26624_27136.jpg,TCGA-F4-6856,TCGA-F4-6856-01Z-00-DX1,0,0.0378694,0
non-tumour/TCGA-F4-6856-01Z-00-DX1_26624_28672.jpg,TCGA-F4-6856,TCGA-F4-6856-01Z-00-DX1,0,5.1723546e-06,0
non-tumour/TCGA-F4-6856-01Z-00-DX1_26624_29696.jpg,TCGA-F4-6856,TCGA-F4-6856-01Z-00-DX1,0,3.102516e-07,0
non-tumour/TCGA-F4-6856-01Z-00-DX1_26624_30208.jpg,TCGA-F4-6856,TCGA-F4-6856-01Z-00-DX1,0,2.7497574e-06,0
non-tumour/TCGA-F4-6856-01Z-00-DX1_26624_30720.jpg,TCGA-F4-6856,TCGA-F4-6856-01Z-00-DX1,0,1.0380188e-05,0
non-tumour/TCGA-F4-6856-01Z-00-DX1_26624_31232.jpg,TCGA-F4-6856,TCGA-F4-6856-01Z-00-DX1,0,0.35304728,0
non-tumour/TCGA-F4-6856-01Z-00-DX1_26624_33280.jpg,TCGA-F4-6856,TCGA-F4-6856-01Z-00-DX1,0,0.0009868282,0
non-tumour/TCGA-F4-6856-01Z-00-DX1_26624_35840.jpg,TCGA-F4-6856,TCGA-F4-6856-01Z-00-DX1,0,0.006783301,0
non-tumour/TCGA-F4-6856-01Z-00-DX1_26624_36352.jpg,TCGA-F4-6856,TCGA-F4-6856-01Z-00-DX1,0,0.024299793,0
non-tumour/TCGA-F4-6856-01Z-00-DX1_26624_36864.jpg,TCGA-F4-6856,TCGA-F4-6856-01Z-00-DX1,0,0.40889737,0
non-tumour/TCGA-F4-6856-01Z-00-DX1_27136_16384.jpg,TCGA-F4-6856,TCGA-F4-6856-01Z-00-DX1,0,1.6721309e-08,0
non-tumour/TCGA-F4-6856-01Z-00-DX1_27136_18432.jpg,TCGA-F4-6856,TCGA-F4-6856-01Z-00-DX1,0,0.000733496,0
non-tumour/TCGA-F4-6856-01Z-00-DX1_27136_18944.jpg,TCGA-F4-6856,TCGA-F4-6856-01Z-00-DX1,0,0.13010402,0
non-tumour/TCGA-F4-6856-01Z-00-DX1_27136_20992.jpg,TCGA-F4-6856,TCGA-F4-6856-01Z-00-DX1,0,0.01942824,0
non-tumour/TCGA-F4-6856-01Z-00-DX1_27136_21504.jpg,TCGA-F4-6856,TCGA-F4-6856-01Z-00-DX1,0,0.59130126,1
non-tumour/TCGA-F4-6856-01Z-00-DX1_27136_22016.jpg,TCGA-F4-6856,TCGA-F4-6856-01Z-00-DX1,0,0.85939246,1
non-tumour/TCGA-F4-6856-01Z-00-DX1_27136_22528.jpg,TCGA-F4-6856,TCGA-F4-6856-01Z-00-DX1,0,0.4589823,0
non-tumour/TCGA-F4-6856-01Z-00-DX1_27136_24064.jpg,TCGA-F4-6856,TCGA-F4-6856-01Z-00-DX1,0,0.31821123,0
non-tumour/TCGA-F4-6856-01Z-00-DX1_27136_25600.jpg,TCGA-F4-6856,TCGA-F4-6856-01Z-00-DX1,0,3.729287e-08,0
non-tumour/TCGA-F4-6856-01Z-00-DX1_27136_26112.jpg,TCGA-F4-6856,TCGA-F4-6856-01Z-00-DX1,0,5.901256e-06,0
non-tumour/TCGA-F4-6856-01Z-00-DX1_27136_27648.jpg,TCGA-F4-6856,TCGA-F4-6856-01Z-00-DX1,0,0.028964339,0
non-tumour/TCGA-F4-6856-01Z-00-DX1_27136_29184.jpg,TCGA-F4-6856,TCGA-F4-6856-01Z-00-DX1,0,4.73814e-05,0
non-tumour/TCGA-F4-6856-01Z-00-DX1_27136_32256.jpg,TCGA-F4-6856,TCGA-F4-6856-01Z-00-DX1,0,3.5502007e-06,0
non-tumour/TCGA-F4-6856-01Z-00-DX1_27136_32768.jpg,TCGA-F4-6856,TCGA-F4-6856-01Z-00-DX1,0,0.0015665384,0
non-tumour/TCGA-F4-6856-01Z-00-DX1_27648_15872.jpg,TCGA-F4-6856,TCGA-F4-6856-01Z-00-DX1,0,4.2668013e-08,0
non-tumour/TCGA-F4-6856-01Z-00-DX1_27648_16896.jpg,TCGA-F4-6856,TCGA-F4-6856-01Z-00-DX1,0,5.573026e-07,0
non-tumour/TCGA-F4-6856-01Z-00-DX1_27648_17408.jpg,TCGA-F4-6856,TCGA-F4-6856-01Z-00-DX1,0,1.1867149e-06,0
non-tumour/TCGA-F4-6856-01Z-00-DX1_27648_17920.jpg,TCGA-F4-6856,TCGA-F4-6856-01Z-00-DX1,0,2.1425308e-07,0
non-tumour/TCGA-F4-6856-01Z-00-DX1_27648_18432.jpg,TCGA-F4-6856,TCGA-F4-6856-01Z-00-DX1,0,0.03940882,0
non-tumour/TCGA-F4-6856-01Z-00-DX1_27648_20480.jpg,TCGA-F4-6856,TCGA-F4-6856-01Z-00-DX1,0,0.5144598,1
non-tumour/TCGA-F4-6856-01Z-00-DX1_27648_20992.jpg,TCGA-F4-6856,TCGA-F4-6856-01Z-00-DX1,0,0.38953573,0
non-tumour/TCGA-F4-6856-01Z-00-DX1_27648_21504.jpg,TCGA-F4-6856,TCGA-F4-6856-01Z-00-DX1,0,0.00018085245,0
non-tumour/TCGA-F4-6856-01Z-00-DX1_27648_22016.jpg,TCGA-F4-6856,TCGA-F4-6856-01Z-00-DX1,0,6.4893725e-06,0
non-tumour/TCGA-F4-6856-01Z-00-DX1_27648_23040.jpg,TCGA-F4-6856,TCGA-F4-6856-01Z-00-DX1,0,0.25942904,0
non-tumour/TCGA-F4-6856-01Z-00-DX1_27648_23552.jpg,TCGA-F4-6856,TCGA-F4-6856-01Z-00-DX1,0,0.34237126,0
non-tumour/TCGA-F4-6856-01Z-00-DX1_27648_24064.jpg,TCGA-F4-6856,TCGA-F4-6856-01Z-00-DX1,0,0.8844231,1
non-tumour/TCGA-F4-6856-01Z-00-DX1_27648_25088.jpg,TCGA-F4-6856,TCGA-F4-6856-01Z-00-DX1,0,0.69012904,1
non-tumour/TCGA-F4-6856-01Z-00-DX1_27648_27136.jpg,TCGA-F4-6856,TCGA-F4-6856-01Z-00-DX1,0,3.2155438e-09,0
non-tumour/TCGA-F4-6856-01Z-00-DX1_27648_29184.jpg,TCGA-F4-6856,TCGA-F4-6856-01Z-00-DX1,0,0.00046444213,0
non-tumour/TCGA-F4-6856-01Z-00-DX1_27648_30208.jpg,TCGA-F4-6856,TCGA-F4-6856-01Z-00-DX1,0,0.0010270058,0
non-tumour/TCGA-F4-6856-01Z-00-DX1_27648_31232.jpg,TCGA-F4-6856,TCGA-F4-6856-01Z-00-DX1,0,0.0004001966,0
non-tumour/TCGA-F4-6856-01Z-00-DX1_27648_31744.jpg,TCGA-F4-6856,TCGA-F4-6856-01Z-00-DX1,0,0.11236061,0
non-tumour/TCGA-F4-6856-01Z-00-DX1_27648_33280.jpg,TCGA-F4-6856,TCGA-F4-6856-01Z-00-DX1,0,7.823397e-07,0
non-tumour/TCGA-F4-6856-01Z-00-DX1_27648_33792.jpg,TCGA-F4-6856,TCGA-F4-6856-01Z-00-DX1,0,9.21869e-08,0
non-tumour/TCGA-F4-6856-01Z-00-DX1_27648_34304.jpg,TCGA-F4-6856,TCGA-F4-6856-01Z-00-DX1,0,9.810756e-08,0
non-tumour/TCGA-F4-6856-01Z-00-DX1_27648_34816.jpg,TCGA-F4-6856,TCGA-F4-6856-01Z-00-DX1,0,7.75761e-06,0
non-tumour/TCGA-F4-6856-01Z-00-DX1_28160_15872.jpg,TCGA-F4-6856,TCGA-F4-6856-01Z-00-DX1,0,4.6229793e-09,0
non-tumour/TCGA-F4-6856-01Z-00-DX1_28160_16384.jpg,TCGA-F4-6856,TCGA-F4-6856-01Z-00-DX1,0,1.0369994e-07,0
non-tumour/TCGA-F4-6856-01Z-00-DX1_28160_18432.jpg,TCGA-F4-6856,TCGA-F4-6856-01Z-00-DX1,0,5.0801293e-05,0
non-tumour/TCGA-F4-6856-01Z-00-DX1_28160_20992.jpg,TCGA-F4-6856,TCGA-F4-6856-01Z-00-DX1,0,2.3252241e-08,0
non-tumour/TCGA-F4-6856-01Z-00-DX1_28160_22016.jpg,TCGA-F4-6856,TCGA-F4-6856-01Z-00-DX1,0,3.7440802e-07,0
non-tumour/TCGA-F4-6856-01Z-00-DX1_28160_22528.jpg,TCGA-F4-6856,TCGA-F4-6856-01Z-00-DX1,0,8.47383e-10,0
non-tumour/TCGA-F4-6856-01Z-00-DX1_28160_23552.jpg,TCGA-F4-6856,TCGA-F4-6856-01Z-00-DX1,0,0.0003079218,0
non-tumour/TCGA-F4-6856-01Z-00-DX1_28160_24064.jpg,TCGA-F4-6856,TCGA-F4-6856-01Z-00-DX1,0,0.52492243,1
non-tumour/TCGA-F4-6856-01Z-00-DX1_28160_24576.jpg,TCGA-F4-6856,TCGA-F4-6856-01Z-00-DX1,0,0.00012292048,0
non-tumour/TCGA-F4-6856-01Z-00-DX1_28160_28672.jpg,TCGA-F4-6856,TCGA-F4-6856-01Z-00-DX1,0,2.0337406e-08,0
non-tumour/TCGA-F4-6856-01Z-00-DX1_28160_29696.jpg,TCGA-F4-6856,TCGA-F4-6856-01Z-00-DX1,0,0.076682486,0
non-tumour/TCGA-F4-6856-01Z-00-DX1_28160_30208.jpg,TCGA-F4-6856,TCGA-F4-6856-01Z-00-DX1,0,0.03123602,0
non-tumour/TCGA-F4-6856-01Z-00-DX1_28160_31232.jpg,TCGA-F4-6856,TCGA-F4-6856-01Z-00-DX1,0,0.00010141376,0
non-tumour/TCGA-F4-6856-01Z-00-DX1_28160_33280.jpg,TCGA-F4-6856,TCGA-F4-6856-01Z-00-DX1,0,2.7205085e-10,0
non-tumour/TCGA-F4-6856-01Z-00-DX1_28160_35328.jpg,TCGA-F4-6856,TCGA-F4-6856-01Z-00-DX1,0,0.0003250473,0
non-tumour/TCGA-F4-6856-01Z-00-DX1_28672_15360.jpg,TCGA-F4-6856,TCGA-F4-6856-01Z-00-DX1,0,1.3051822e-06,0
non-tumour/TCGA-F4-6856-01Z-00-DX1_28672_16384.jpg,TCGA-F4-6856,TCGA-F4-6856-01Z-00-DX1,0,4.749341e-05,0
non-tumour/TCGA-F4-6856-01Z-00-DX1_28672_17920.jpg,TCGA-F4-6856,TCGA-F4-6856-01Z-00-DX1,0,0.00034860423,0
non-tumour/TCGA-F4-6856-01Z-00-DX1_28672_19456.jpg,TCGA-F4-6856,TCGA-F4-6856-01Z-00-DX1,0,2.8481152e-06,0
non-tumour/TCGA-F4-6856-01Z-00-DX1_28672_23552.jpg,TCGA-F4-6856,TCGA-F4-6856-01Z-00-DX1,0,1.562175e-08,0
non-tumour/TCGA-F4-6856-01Z-00-DX1_28672_24064.jpg,TCGA-F4-6856,TCGA-F4-6856-01Z-00-DX1,0,5.559019e-06,0
non-tumour/TCGA-F4-6856-01Z-00-DX1_28672_25088.jpg,TCGA-F4-6856,TCGA-F4-6856-01Z-00-DX1,0,1.1855436e-07,0
non-tumour/TCGA-F4-6856-01Z-00-DX1_28672_25600.jpg,TCGA-F4-6856,TCGA-F4-6856-01Z-00-DX1,0,4.648648e-09,0
non-tumour/TCGA-F4-6856-01Z-00-DX1_28672_26112.jpg,TCGA-F4-6856,TCGA-F4-6856-01Z-00-DX1,0,7.296755e-09,0
non-tumour/TCGA-F4-6856-01Z-00-DX1_28672_26624.jpg,TCGA-F4-6856,TCGA-F4-6856-01Z-00-DX1,0,1.24134485e-05,0
non-tumour/TCGA-F4-6856-01Z-00-DX1_28672_27136.jpg,TCGA-F4-6856,TCGA-F4-6856-01Z-00-DX1,0,0.013565613,0
non-tumour/TCGA-F4-6856-01Z-00-DX1_28672_28160.jpg,TCGA-F4-6856,TCGA-F4-6856-01Z-00-DX1,0,3.4662892e-10,0
non-tumour/TCGA-F4-6856-01Z-00-DX1_28672_29696.jpg,TCGA-F4-6856,TCGA-F4-6856-01Z-00-DX1,0,0.76039034,1
non-tumour/TCGA-F4-6856-01Z-00-DX1_28672_31232.jpg,TCGA-F4-6856,TCGA-F4-6856-01Z-00-DX1,0,0.0011653467,0
non-tumour/TCGA-F4-6856-01Z-00-DX1_28672_31744.jpg,TCGA-F4-6856,TCGA-F4-6856-01Z-00-DX1,0,7.789577e-05,0
non-tumour/TCGA-F4-6856-01Z-00-DX1_28672_32768.jpg,TCGA-F4-6856,TCGA-F4-6856-01Z-00-DX1,0,9.603526e-08,0
non-tumour/TCGA-F4-6856-01Z-00-DX1_28672_34816.jpg,TCGA-F4-6856,TCGA-F4-6856-01Z-00-DX1,0,0.003601785,0
non-tumour/TCGA-F4-6856-01Z-00-DX1_28672_35328.jpg,TCGA-F4-6856,TCGA-F4-6856-01Z-00-DX1,0,0.079108045,0
non-tumour/TCGA-F4-6856-01Z-00-DX1_29184_14848.jpg,TCGA-F4-6856,TCGA-F4-6856-01Z-00-DX1,0,3.3745873e-10,0
non-tumour/TCGA-F4-6856-01Z-00-DX1_29184_15360.jpg,TCGA-F4-6856,TCGA-F4-6856-01Z-00-DX1,0,4.8541768e-08,0
non-tumour/TCGA-F4-6856-01Z-00-DX1_29184_15872.jpg,TCGA-F4-6856,TCGA-F4-6856-01Z-00-DX1,0,1.0200857e-06,0
non-tumour/TCGA-F4-6856-01Z-00-DX1_29184_16384.jpg,TCGA-F4-6856,TCGA-F4-6856-01Z-00-DX1,0,0.00023255996,0
non-tumour/TCGA-F4-6856-01Z-00-DX1_29184_17408.jpg,TCGA-F4-6856,TCGA-F4-6856-01Z-00-DX1,0,0.0017352699,0
non-tumour/TCGA-F4-6856-01Z-00-DX1_29184_18432.jpg,TCGA-F4-6856,TCGA-F4-6856-01Z-00-DX1,0,2.5773605e-07,0
non-tumour/TCGA-F4-6856-01Z-00-DX1_29184_18944.jpg,TCGA-F4-6856,TCGA-F4-6856-01Z-00-DX1,0,9.856173e-10,0
non-tumour/TCGA-F4-6856-01Z-00-DX1_29184_19456.jpg,TCGA-F4-6856,TCGA-F4-6856-01Z-00-DX1,0,2.2969455e-07,0
non-tumour/TCGA-F4-6856-01Z-00-DX1_29184_19968.jpg,TCGA-F4-6856,TCGA-F4-6856-01Z-00-DX1,0,2.1378849e-08,0
non-tumour/TCGA-F4-6856-01Z-00-DX1_29184_20480.jpg,TCGA-F4-6856,TCGA-F4-6856-01Z-00-DX1,0,2.527778e-06,0
non-tumour/TCGA-F4-6856-01Z-00-DX1_29184_20992.jpg,TCGA-F4-6856,TCGA-F4-6856-01Z-00-DX1,0,5.1718466e-06,0
non-tumour/TCGA-F4-6856-01Z-00-DX1_29184_21504.jpg,TCGA-F4-6856,TCGA-F4-6856-01Z-00-DX1,0,6.641038e-08,0
non-tumour/TCGA-F4-6856-01Z-00-DX1_29184_22016.jpg,TCGA-F4-6856,TCGA-F4-6856-01Z-00-DX1,0,0.00026537446,0
non-tumour/TCGA-F4-6856-01Z-00-DX1_29184_22528.jpg,TCGA-F4-6856,TCGA-F4-6856-01Z-00-DX1,0,1.1574759e-06,0
non-tumour/TCGA-F4-6856-01Z-00-DX1_29184_23040.jpg,TCGA-F4-6856,TCGA-F4-6856-01Z-00-DX1,0,7.4297316e-07,0
non-tumour/TCGA-F4-6856-01Z-00-DX1_29184_23552.jpg,TCGA-F4-6856,TCGA-F4-6856-01Z-00-DX1,0,1.8995026e-07,0
non-tumour/TCGA-F4-6856-01Z-00-DX1_29184_24064.jpg,TCGA-F4-6856,TCGA-F4-6856-01Z-00-DX1,0,4.4936082e-06,0
non-tumour/TCGA-F4-6856-01Z-00-DX1_29184_26112.jpg,TCGA-F4-6856,TCGA-F4-6856-01Z-00-DX1,0,3.2716176e-07,0
non-tumour/TCGA-F4-6856-01Z-00-DX1_29184_28160.jpg,TCGA-F4-6856,TCGA-F4-6856-01Z-00-DX1,0,7.563587e-08,0
non-tumour/TCGA-F4-6856-01Z-00-DX1_29184_28672.jpg,TCGA-F4-6856,TCGA-F4-6856-01Z-00-DX1,0,0.00010175979,0
non-tumour/TCGA-F4-6856-01Z-00-DX1_29184_29184.jpg,TCGA-F4-6856,TCGA-F4-6856-01Z-00-DX1,0,0.0023026252,0
non-tumour/TCGA-F4-6856-01Z-00-DX1_29184_29696.jpg,TCGA-F4-6856,TCGA-F4-6856-01Z-00-DX1,0,0.0064784377,0
non-tumour/TCGA-F4-6856-01Z-00-DX1_29184_30208.jpg,TCGA-F4-6856,TCGA-F4-6856-01Z-00-DX1,0,0.0002024064,0
non-tumour/TCGA-F4-6856-01Z-00-DX1_29184_30720.jpg,TCGA-F4-6856,TCGA-F4-6856-01Z-00-DX1,0,2.5157648e-05,0
non-tumour/TCGA-F4-6856-01Z-00-DX1_29184_32256.jpg,TCGA-F4-6856,TCGA-F4-6856-01Z-00-DX1,0,1.0538829e-06,0
non-tumour/TCGA-F4-6856-01Z-00-DX1_29184_33280.jpg,TCGA-F4-6856,TCGA-F4-6856-01Z-00-DX1,0,2.0567191e-05,0
non-tumour/TCGA-F4-6856-01Z-00-DX1_29184_34304.jpg,TCGA-F4-6856,TCGA-F4-6856-01Z-00-DX1,0,1.8254575e-05,0
non-tumour/TCGA-F4-6856-01Z-00-DX1_29184_35328.jpg,TCGA-F4-6856,TCGA-F4-6856-01Z-00-DX1,0,0.01982457,0
non-tumour/TCGA-F4-6856-01Z-00-DX1_29696_15360.jpg,TCGA-F4-6856,TCGA-F4-6856-01Z-00-DX1,0,8.201603e-08,0
non-tumour/TCGA-F4-6856-01Z-00-DX1_29696_15872.jpg,TCGA-F4-6856,TCGA-F4-6856-01Z-00-DX1,0,1.3233714e-10,0
non-tumour/TCGA-F4-6856-01Z-00-DX1_29696_17920.jpg,TCGA-F4-6856,TCGA-F4-6856-01Z-00-DX1,0,3.5758987e-07,0
non-tumour/TCGA-F4-6856-01Z-00-DX1_29696_18432.jpg,TCGA-F4-6856,TCGA-F4-6856-01Z-00-DX1,0,1.0388261e-08,0
non-tumour/TCGA-F4-6856-01Z-00-DX1_29696_19456.jpg,TCGA-F4-6856,TCGA-F4-6856-01Z-00-DX1,0,4.6715203e-07,0
non-tumour/TCGA-F4-6856-01Z-00-DX1_29696_21504.jpg,TCGA-F4-6856,TCGA-F4-6856-01Z-00-DX1,0,1.5032037e-06,0
non-tumour/TCGA-F4-6856-01Z-00-DX1_29696_24064.jpg,TCGA-F4-6856,TCGA-F4-6856-01Z-00-DX1,0,8.114375e-08,0
non-tumour/TCGA-F4-6856-01Z-00-DX1_29696_24576.jpg,TCGA-F4-6856,TCGA-F4-6856-01Z-00-DX1,0,1.5683701e-05,0
non-tumour/TCGA-F4-6856-01Z-00-DX1_29696_26624.jpg,TCGA-F4-6856,TCGA-F4-6856-01Z-00-DX1,0,0.00012395368,0
non-tumour/TCGA-F4-6856-01Z-00-DX1_29696_27136.jpg,TCGA-F4-6856,TCGA-F4-6856-01Z-00-DX1,0,5.4890575e-07,0
non-tumour/TCGA-F4-6856-01Z-00-DX1_29696_27648.jpg,TCGA-F4-6856,TCGA-F4-6856-01Z-00-DX1,0,0.0028416528,0
non-tumour/TCGA-F4-6856-01Z-00-DX1_29696_28160.jpg,TCGA-F4-6856,TCGA-F4-6856-01Z-00-DX1,0,0.001450733,0
non-tumour/TCGA-F4-6856-01Z-00-DX1_29696_28672.jpg,TCGA-F4-6856,TCGA-F4-6856-01Z-00-DX1,0,5.149257e-05,0
non-tumour/TCGA-F4-6856-01Z-00-DX1_29696_29184.jpg,TCGA-F4-6856,TCGA-F4-6856-01Z-00-DX1,0,0.00024852375,0
non-tumour/TCGA-F4-6856-01Z-00-DX1_29696_32256.jpg,TCGA-F4-6856,TCGA-F4-6856-01Z-00-DX1,0,1.626624e-05,0
non-tumour/TCGA-F4-6856-01Z-00-DX1_29696_32768.jpg,TCGA-F4-6856,TCGA-F4-6856-01Z-00-DX1,0,3.0329966e-06,0
non-tumour/TCGA-F4-6856-01Z-00-DX1_29696_34304.jpg,TCGA-F4-6856,TCGA-F4-6856-01Z-00-DX1,0,2.379316e-05,0
non-tumour/TCGA-F4-6856-01Z-00-DX1_30208_14848.jpg,TCGA-F4-6856,TCGA-F4-6856-01Z-00-DX1,0,6.8535456e-08,0
non-tumour/TCGA-F4-6856-01Z-00-DX1_30208_15360.jpg,TCGA-F4-6856,TCGA-F4-6856-01Z-00-DX1,0,1.0693803e-08,0
non-tumour/TCGA-F4-6856-01Z-00-DX1_30208_16384.jpg,TCGA-F4-6856,TCGA-F4-6856-01Z-00-DX1,0,5.217539e-10,0
non-tumour/TCGA-F4-6856-01Z-00-DX1_30208_18432.jpg,TCGA-F4-6856,TCGA-F4-6856-01Z-00-DX1,0,3.4789582e-06,0
non-tumour/TCGA-F4-6856-01Z-00-DX1_30208_18944.jpg,TCGA-F4-6856,TCGA-F4-6856-01Z-00-DX1,0,4.0650292e-07,0
non-tumour/TCGA-F4-6856-01Z-00-DX1_30208_19456.jpg,TCGA-F4-6856,TCGA-F4-6856-01Z-00-DX1,0,4.0010047e-05,0
non-tumour/TCGA-F4-6856-01Z-00-DX1_30208_22528.jpg,TCGA-F4-6856,TCGA-F4-6856-01Z-00-DX1,0,2.8979805e-08,0
non-tumour/TCGA-F4-6856-01Z-00-DX1_30208_23040.jpg,TCGA-F4-6856,TCGA-F4-6856-01Z-00-DX1,0,1.41688785e-08,0
non-tumour/TCGA-F4-6856-01Z-00-DX1_30208_23552.jpg,TCGA-F4-6856,TCGA-F4-6856-01Z-00-DX1,0,4.165536e-06,0
non-tumour/TCGA-F4-6856-01Z-00-DX1_30208_24064.jpg,TCGA-F4-6856,TCGA-F4-6856-01Z-00-DX1,0,7.3642864e-06,0
non-tumour/TCGA-F4-6856-01Z-00-DX1_30208_27648.jpg,TCGA-F4-6856,TCGA-F4-6856-01Z-00-DX1,0,4.039916e-07,0
non-tumour/TCGA-F4-6856-01Z-00-DX1_30208_28672.jpg,TCGA-F4-6856,TCGA-F4-6856-01Z-00-DX1,0,2.1969807e-05,0
non-tumour/TCGA-F4-6856-01Z-00-DX1_30208_29184.jpg,TCGA-F4-6856,TCGA-F4-6856-01Z-00-DX1,0,6.8232794e-06,0
non-tumour/TCGA-F4-6856-01Z-00-DX1_30208_32256.jpg,TCGA-F4-6856,TCGA-F4-6856-01Z-00-DX1,0,3.0239654e-08,0
non-tumour/TCGA-F4-6856-01Z-00-DX1_30208_33280.jpg,TCGA-F4-6856,TCGA-F4-6856-01Z-00-DX1,0,0.0001047986,0
non-tumour/TCGA-F4-6856-01Z-00-DX1_30720_14336.jpg,TCGA-F4-6856,TCGA-F4-6856-01Z-00-DX1,0,4.8406563e-09,0
non-tumour/TCGA-F4-6856-01Z-00-DX1_30720_14848.jpg,TCGA-F4-6856,TCGA-F4-6856-01Z-00-DX1,0,6.598891e-08,0
non-tumour/TCGA-F4-6856-01Z-00-DX1_30720_16896.jpg,TCGA-F4-6856,TCGA-F4-6856-01Z-00-DX1,0,9.096901e-07,0
non-tumour/TCGA-F4-6856-01Z-00-DX1_30720_18432.jpg,TCGA-F4-6856,TCGA-F4-6856-01Z-00-DX1,0,1.3721201e-06,0
non-tumour/TCGA-F4-6856-01Z-00-DX1_30720_19456.jpg,TCGA-F4-6856,TCGA-F4-6856-01Z-00-DX1,0,3.306739e-08,0
non-tumour/TCGA-F4-6856-01Z-00-DX1_30720_19968.jpg,TCGA-F4-6856,TCGA-F4-6856-01Z-00-DX1,0,1.6352757e-08,0
non-tumour/TCGA-F4-6856-01Z-00-DX1_30720_20480.jpg,TCGA-F4-6856,TCGA-F4-6856-01Z-00-DX1,0,6.877838e-08,0
non-tumour/TCGA-F4-6856-01Z-00-DX1_30720_20992.jpg,TCGA-F4-6856,TCGA-F4-6856-01Z-00-DX1,0,1.3428949e-09,0
non-tumour/TCGA-F4-6856-01Z-00-DX1_30720_21504.jpg,TCGA-F4-6856,TCGA-F4-6856-01Z-00-DX1,0,1.5344999e-07,0
non-tumour/TCGA-F4-6856-01Z-00-DX1_30720_22528.jpg,TCGA-F4-6856,TCGA-F4-6856-01Z-00-DX1,0,1.2712292e-08,0
non-tumour/TCGA-F4-6856-01Z-00-DX1_30720_23040.jpg,TCGA-F4-6856,TCGA-F4-6856-01Z-00-DX1,0,2.8454272e-08,0
non-tumour/TCGA-F4-6856-01Z-00-DX1_30720_25088.jpg,TCGA-F4-6856,TCGA-F4-6856-01Z-00-DX1,0,1.4843059e-06,0
non-tumour/TCGA-F4-6856-01Z-00-DX1_30720_25600.jpg,TCGA-F4-6856,TCGA-F4-6856-01Z-00-DX1,0,3.574593e-07,0
non-tumour/TCGA-F4-6856-01Z-00-DX1_30720_26112.jpg,TCGA-F4-6856,TCGA-F4-6856-01Z-00-DX1,0,3.407353e-07,0
non-tumour/TCGA-F4-6856-01Z-00-DX1_30720_28160.jpg,TCGA-F4-6856,TCGA-F4-6856-01Z-00-DX1,0,4.15783e-08,0
non-tumour/TCGA-F4-6856-01Z-00-DX1_30720_28672.jpg,TCGA-F4-6856,TCGA-F4-6856-01Z-00-DX1,0,2.775257e-06,0
non-tumour/TCGA-F4-6856-01Z-00-DX1_30720_29696.jpg,TCGA-F4-6856,TCGA-F4-6856-01Z-00-DX1,0,0.0009836265,0
non-tumour/TCGA-F4-6856-01Z-00-DX1_30720_30208.jpg,TCGA-F4-6856,TCGA-F4-6856-01Z-00-DX1,0,0.0010151878,0
non-tumour/TCGA-F4-6856-01Z-00-DX1_30720_30720.jpg,TCGA-F4-6856,TCGA-F4-6856-01Z-00-DX1,0,5.1380542e-08,0
non-tumour/TCGA-F4-6856-01Z-00-DX1_30720_32256.jpg,TCGA-F4-6856,TCGA-F4-6856-01Z-00-DX1,0,1.0409415e-06,0
non-tumour/TCGA-F4-6856-01Z-00-DX1_30720_32768.jpg,TCGA-F4-6856,TCGA-F4-6856-01Z-00-DX1,0,3.0094939e-06,0
non-tumour/TCGA-F4-6856-01Z-00-DX1_30720_33280.jpg,TCGA-F4-6856,TCGA-F4-6856-01Z-00-DX1,0,2.0340826e-07,0
non-tumour/TCGA-F4-6856-01Z-00-DX1_30720_33792.jpg,TCGA-F4-6856,TCGA-F4-6856-01Z-00-DX1,0,9.124908e-08,0
non-tumour/TCGA-F4-6856-01Z-00-DX1_30720_34304.jpg,TCGA-F4-6856,TCGA-F4-6856-01Z-00-DX1,0,3.3594708e-05,0
non-tumour/TCGA-F4-6856-01Z-00-DX1_31232_14336.jpg,TCGA-F4-6856,TCGA-F4-6856-01Z-00-DX1,0,7.6644517e-07,0
non-tumour/TCGA-F4-6856-01Z-00-DX1_31232_14848.jpg,TCGA-F4-6856,TCGA-F4-6856-01Z-00-DX1,0,6.7937165e-08,0
non-tumour/TCGA-F4-6856-01Z-00-DX1_31232_16384.jpg,TCGA-F4-6856,TCGA-F4-6856-01Z-00-DX1,0,1.17134e-06,0
non-tumour/TCGA-F4-6856-01Z-00-DX1_31232_17920.jpg,TCGA-F4-6856,TCGA-F4-6856-01Z-00-DX1,0,1.1967897e-07,0
non-tumour/TCGA-F4-6856-01Z-00-DX1_31232_18432.jpg,TCGA-F4-6856,TCGA-F4-6856-01Z-00-DX1,0,9.260015e-08,0
non-tumour/TCGA-F4-6856-01Z-00-DX1_31232_18944.jpg,TCGA-F4-6856,TCGA-F4-6856-01Z-00-DX1,0,9.261491e-10,0
non-tumour/TCGA-F4-6856-01Z-00-DX1_31232_19456.jpg,TCGA-F4-6856,TCGA-F4-6856-01Z-00-DX1,0,1.3815522e-08,0
non-tumour/TCGA-F4-6856-01Z-00-DX1_31232_19968.jpg,TCGA-F4-6856,TCGA-F4-6856-01Z-00-DX1,0,5.4629666e-08,0
non-tumour/TCGA-F4-6856-01Z-00-DX1_31232_20480.jpg,TCGA-F4-6856,TCGA-F4-6856-01Z-00-DX1,0,2.539143e-07,0
non-tumour/TCGA-F4-6856-01Z-00-DX1_31232_21504.jpg,TCGA-F4-6856,TCGA-F4-6856-01Z-00-DX1,0,0.0006257024,0
non-tumour/TCGA-F4-6856-01Z-00-DX1_31232_22016.jpg,TCGA-F4-6856,TCGA-F4-6856-01Z-00-DX1,0,5.87881e-06,0
non-tumour/TCGA-F4-6856-01Z-00-DX1_31232_22528.jpg,TCGA-F4-6856,TCGA-F4-6856-01Z-00-DX1,0,3.2367364e-09,0
non-tumour/TCGA-F4-6856-01Z-00-DX1_31232_24576.jpg,TCGA-F4-6856,TCGA-F4-6856-01Z-00-DX1,0,5.299258e-10,0
non-tumour/TCGA-F4-6856-01Z-00-DX1_31232_26112.jpg,TCGA-F4-6856,TCGA-F4-6856-01Z-00-DX1,0,0.00018283984,0
non-tumour/TCGA-F4-6856-01Z-00-DX1_31232_26624.jpg,TCGA-F4-6856,TCGA-F4-6856-01Z-00-DX1,0,1.6119753e-05,0
non-tumour/TCGA-F4-6856-01Z-00-DX1_31232_27648.jpg,TCGA-F4-6856,TCGA-F4-6856-01Z-00-DX1,0,3.5583762e-06,0
non-tumour/TCGA-F4-6856-01Z-00-DX1_31232_28160.jpg,TCGA-F4-6856,TCGA-F4-6856-01Z-00-DX1,0,7.3205325e-07,0
non-tumour/TCGA-F4-6856-01Z-00-DX1_31232_29184.jpg,TCGA-F4-6856,TCGA-F4-6856-01Z-00-DX1,0,1.43836e-07,0
non-tumour/TCGA-F4-6856-01Z-00-DX1_31232_31232.jpg,TCGA-F4-6856,TCGA-F4-6856-01Z-00-DX1,0,5.1133988e-08,0
non-tumour/TCGA-F4-6856-01Z-00-DX1_31232_33280.jpg,TCGA-F4-6856,TCGA-F4-6856-01Z-00-DX1,0,2.2514928e-06,0
non-tumour/TCGA-F4-6856-01Z-00-DX1_31744_14848.jpg,TCGA-F4-6856,TCGA-F4-6856-01Z-00-DX1,0,3.4154672e-07,0
non-tumour/TCGA-F4-6856-01Z-00-DX1_31744_16384.jpg,TCGA-F4-6856,TCGA-F4-6856-01Z-00-DX1,0,2.572424e-08,0
non-tumour/TCGA-F4-6856-01Z-00-DX1_31744_16896.jpg,TCGA-F4-6856,TCGA-F4-6856-01Z-00-DX1,0,3.104609e-07,0
non-tumour/TCGA-F4-6856-01Z-00-DX1_31744_17408.jpg,TCGA-F4-6856,TCGA-F4-6856-01Z-00-DX1,0,1.6089906e-06,0
non-tumour/TCGA-F4-6856-01Z-00-DX1_31744_17920.jpg,TCGA-F4-6856,TCGA-F4-6856-01Z-00-DX1,0,3.6060004e-07,0
non-tumour/TCGA-F4-6856-01Z-00-DX1_31744_18432.jpg,TCGA-F4-6856,TCGA-F4-6856-01Z-00-DX1,0,1.4072209e-09,0
non-tumour/TCGA-F4-6856-01Z-00-DX1_31744_18944.jpg,TCGA-F4-6856,TCGA-F4-6856-01Z-00-DX1,0,1.9984654e-10,0
non-tumour/TCGA-F4-6856-01Z-00-DX1_31744_19456.jpg,TCGA-F4-6856,TCGA-F4-6856-01Z-00-DX1,0,2.8526196e-07,0
non-tumour/TCGA-F4-6856-01Z-00-DX1_31744_20480.jpg,TCGA-F4-6856,TCGA-F4-6856-01Z-00-DX1,0,2.4053335e-09,0
non-tumour/TCGA-F4-6856-01Z-00-DX1_31744_22016.jpg,TCGA-F4-6856,TCGA-F4-6856-01Z-00-DX1,0,3.2499514e-08,0
non-tumour/TCGA-F4-6856-01Z-00-DX1_31744_22528.jpg,TCGA-F4-6856,TCGA-F4-6856-01Z-00-DX1,0,1.5382343e-08,0
non-tumour/TCGA-F4-6856-01Z-00-DX1_31744_23552.jpg,TCGA-F4-6856,TCGA-F4-6856-01Z-00-DX1,0,2.2368948e-10,0
non-tumour/TCGA-F4-6856-01Z-00-DX1_31744_25088.jpg,TCGA-F4-6856,TCGA-F4-6856-01Z-00-DX1,0,9.536218e-10,0
non-tumour/TCGA-F4-6856-01Z-00-DX1_31744_25600.jpg,TCGA-F4-6856,TCGA-F4-6856-01Z-00-DX1,0,3.6955337e-06,0
non-tumour/TCGA-F4-6856-01Z-00-DX1_31744_26112.jpg,TCGA-F4-6856,TCGA-F4-6856-01Z-00-DX1,0,4.3325393e-08,0
non-tumour/TCGA-F4-6856-01Z-00-DX1_31744_26624.jpg,TCGA-F4-6856,TCGA-F4-6856-01Z-00-DX1,0,2.0311381e-07,0
non-tumour/TCGA-F4-6856-01Z-00-DX1_31744_27136.jpg,TCGA-F4-6856,TCGA-F4-6856-01Z-00-DX1,0,5.9083965e-07,0
non-tumour/TCGA-F4-6856-01Z-00-DX1_31744_27648.jpg,TCGA-F4-6856,TCGA-F4-6856-01Z-00-DX1,0,1.188125e-08,0
non-tumour/TCGA-F4-6856-01Z-00-DX1_31744_28160.jpg,TCGA-F4-6856,TCGA-F4-6856-01Z-00-DX1,0,2.1891684e-07,0
non-tumour/TCGA-F4-6856-01Z-00-DX1_31744_29696.jpg,TCGA-F4-6856,TCGA-F4-6856-01Z-00-DX1,0,1.048653e-07,0
non-tumour/TCGA-F4-6856-01Z-00-DX1_31744_30208.jpg,TCGA-F4-6856,TCGA-F4-6856-01Z-00-DX1,0,4.6215096e-08,0
non-tumour/TCGA-F4-6856-01Z-00-DX1_31744_30720.jpg,TCGA-F4-6856,TCGA-F4-6856-01Z-00-DX1,0,1.1919096e-06,0
non-tumour/TCGA-F4-6856-01Z-00-DX1_31744_31232.jpg,TCGA-F4-6856,TCGA-F4-6856-01Z-00-DX1,0,3.3040775e-09,0
non-tumour/TCGA-F4-6856-01Z-00-DX1_32256_16384.jpg,TCGA-F4-6856,TCGA-F4-6856-01Z-00-DX1,0,8.286164e-07,0
non-tumour/TCGA-F4-6856-01Z-00-DX1_32256_16896.jpg,TCGA-F4-6856,TCGA-F4-6856-01Z-00-DX1,0,2.4527694e-07,0
non-tumour/TCGA-F4-6856-01Z-00-DX1_32256_17920.jpg,TCGA-F4-6856,TCGA-F4-6856-01Z-00-DX1,0,1.4690558e-09,0
non-tumour/TCGA-F4-6856-01Z-00-DX1_32256_18432.jpg,TCGA-F4-6856,TCGA-F4-6856-01Z-00-DX1,0,5.3727554e-08,0
non-tumour/TCGA-F4-6856-01Z-00-DX1_32256_18944.jpg,TCGA-F4-6856,TCGA-F4-6856-01Z-00-DX1,0,3.662929e-08,0
non-tumour/TCGA-F4-6856-01Z-00-DX1_32256_20992.jpg,TCGA-F4-6856,TCGA-F4-6856-01Z-00-DX1,0,2.0614827e-10,0
non-tumour/TCGA-F4-6856-01Z-00-DX1_32256_21504.jpg,TCGA-F4-6856,TCGA-F4-6856-01Z-00-DX1,0,2.929082e-09,0
non-tumour/TCGA-F4-6856-01Z-00-DX1_32256_23040.jpg,TCGA-F4-6856,TCGA-F4-6856-01Z-00-DX1,0,1.2076727e-09,0
non-tumour/TCGA-F4-6856-01Z-00-DX1_32256_23552.jpg,TCGA-F4-6856,TCGA-F4-6856-01Z-00-DX1,0,1.02199174e-07,0
non-tumour/TCGA-F4-6856-01Z-00-DX1_32256_25088.jpg,TCGA-F4-6856,TCGA-F4-6856-01Z-00-DX1,0,1.1657418e-07,0
non-tumour/TCGA-F4-6856-01Z-00-DX1_32256_26624.jpg,TCGA-F4-6856,TCGA-F4-6856-01Z-00-DX1,0,7.751869e-07,0
non-tumour/TCGA-F4-6856-01Z-00-DX1_32256_27648.jpg,TCGA-F4-6856,TCGA-F4-6856-01Z-00-DX1,0,7.6751235e-07,0
non-tumour/TCGA-F4-6856-01Z-00-DX1_32256_28672.jpg,TCGA-F4-6856,TCGA-F4-6856-01Z-00-DX1,0,2.522903e-07,0
non-tumour/TCGA-F4-6856-01Z-00-DX1_32256_29696.jpg,TCGA-F4-6856,TCGA-F4-6856-01Z-00-DX1,0,7.83775e-07,0
non-tumour/TCGA-F4-6856-01Z-00-DX1_32768_15872.jpg,TCGA-F4-6856,TCGA-F4-6856-01Z-00-DX1,0,2.4601634e-06,0
non-tumour/TCGA-F4-6856-01Z-00-DX1_32768_16384.jpg,TCGA-F4-6856,TCGA-F4-6856-01Z-00-DX1,0,3.2627586e-08,0
non-tumour/TCGA-F4-6856-01Z-00-DX1_32768_16896.jpg,TCGA-F4-6856,TCGA-F4-6856-01Z-00-DX1,0,5.222831e-08,0
non-tumour/TCGA-F4-6856-01Z-00-DX1_32768_17920.jpg,TCGA-F4-6856,TCGA-F4-6856-01Z-00-DX1,0,4.0331406e-07,0
non-tumour/TCGA-F4-6856-01Z-00-DX1_32768_18432.jpg,TCGA-F4-6856,TCGA-F4-6856-01Z-00-DX1,0,1.2108239e-08,0
non-tumour/TCGA-F4-6856-01Z-00-DX1_32768_18944.jpg,TCGA-F4-6856,TCGA-F4-6856-01Z-00-DX1,0,2.389413e-08,0
non-tumour/TCGA-F4-6856-01Z-00-DX1_32768_19456.jpg,TCGA-F4-6856,TCGA-F4-6856-01Z-00-DX1,0,4.0272923e-09,0
non-tumour/TCGA-F4-6856-01Z-00-DX1_32768_20992.jpg,TCGA-F4-6856,TCGA-F4-6856-01Z-00-DX1,0,7.992953e-07,0
non-tumour/TCGA-F4-6856-01Z-00-DX1_32768_22528.jpg,TCGA-F4-6856,TCGA-F4-6856-01Z-00-DX1,0,2.3631346e-08,0
non-tumour/TCGA-F4-6856-01Z-00-DX1_32768_23552.jpg,TCGA-F4-6856,TCGA-F4-6856-01Z-00-DX1,0,1.01068025e-08,0
non-tumour/TCGA-F4-6856-01Z-00-DX1_32768_24064.jpg,TCGA-F4-6856,TCGA-F4-6856-01Z-00-DX1,0,6.459653e-08,0
non-tumour/TCGA-F4-6856-01Z-00-DX1_32768_24576.jpg,TCGA-F4-6856,TCGA-F4-6856-01Z-00-DX1,0,2.739845e-09,0
non-tumour/TCGA-F4-6856-01Z-00-DX1_32768_25600.jpg,TCGA-F4-6856,TCGA-F4-6856-01Z-00-DX1,0,2.5340677e-07,0
non-tumour/TCGA-F4-6856-01Z-00-DX1_32768_27648.jpg,TCGA-F4-6856,TCGA-F4-6856-01Z-00-DX1,0,0.00016570048,0
non-tumour/TCGA-F4-6856-01Z-00-DX1_32768_28672.jpg,TCGA-F4-6856,TCGA-F4-6856-01Z-00-DX1,0,6.6956294e-05,0
non-tumour/TCGA-F4-6856-01Z-00-DX1_32768_29696.jpg,TCGA-F4-6856,TCGA-F4-6856-01Z-00-DX1,0,1.6446284e-08,0
non-tumour/TCGA-F4-6856-01Z-00-DX1_33280_17408.jpg,TCGA-F4-6856,TCGA-F4-6856-01Z-00-DX1,0,4.96443e-08,0
non-tumour/TCGA-F4-6856-01Z-00-DX1_33280_18432.jpg,TCGA-F4-6856,TCGA-F4-6856-01Z-00-DX1,0,9.572279e-07,0
non-tumour/TCGA-F4-6856-01Z-00-DX1_33280_19456.jpg,TCGA-F4-6856,TCGA-F4-6856-01Z-00-DX1,0,4.3147227e-07,0
non-tumour/TCGA-F4-6856-01Z-00-DX1_33280_19968.jpg,TCGA-F4-6856,TCGA-F4-6856-01Z-00-DX1,0,3.2460115e-08,0
non-tumour/TCGA-F4-6856-01Z-00-DX1_33280_20480.jpg,TCGA-F4-6856,TCGA-F4-6856-01Z-00-DX1,0,7.199953e-09,0
non-tumour/TCGA-F4-6856-01Z-00-DX1_33280_20992.jpg,TCGA-F4-6856,TCGA-F4-6856-01Z-00-DX1,0,5.4121635e-10,0
non-tumour/TCGA-F4-6856-01Z-00-DX1_33280_23552.jpg,TCGA-F4-6856,TCGA-F4-6856-01Z-00-DX1,0,6.724736e-07,0
non-tumour/TCGA-F4-6856-01Z-00-DX1_33280_24576.jpg,TCGA-F4-6856,TCGA-F4-6856-01Z-00-DX1,0,3.0275403e-05,0
non-tumour/TCGA-F4-6856-01Z-00-DX1_33280_25600.jpg,TCGA-F4-6856,TCGA-F4-6856-01Z-00-DX1,0,1.4090706e-05,0
non-tumour/TCGA-F4-6856-01Z-00-DX1_33280_26112.jpg,TCGA-F4-6856,TCGA-F4-6856-01Z-00-DX1,0,1.2796228e-06,0
non-tumour/TCGA-F4-6856-01Z-00-DX1_33792_16896.jpg,TCGA-F4-6856,TCGA-F4-6856-01Z-00-DX1,0,4.388741e-05,0
non-tumour/TCGA-F4-6856-01Z-00-DX1_33792_17408.jpg,TCGA-F4-6856,TCGA-F4-6856-01Z-00-DX1,0,1.470926e-09,0
non-tumour/TCGA-F4-6856-01Z-00-DX1_33792_17920.jpg,TCGA-F4-6856,TCGA-F4-6856-01Z-00-DX1,0,9.623197e-09,0
non-tumour/TCGA-F4-6856-01Z-00-DX1_33792_18432.jpg,TCGA-F4-6856,TCGA-F4-6856-01Z-00-DX1,0,5.499495e-08,0
non-tumour/TCGA-F4-6856-01Z-00-DX1_33792_18944.jpg,TCGA-F4-6856,TCGA-F4-6856-01Z-00-DX1,0,4.272564e-07,0
non-tumour/TCGA-F4-6856-01Z-00-DX1_33792_20480.jpg,TCGA-F4-6856,TCGA-F4-6856-01Z-00-DX1,0,1.6472488e-07,0
non-tumour/TCGA-F4-6856-01Z-00-DX1_33792_20992.jpg,TCGA-F4-6856,TCGA-F4-6856-01Z-00-DX1,0,1.5420287e-07,0
non-tumour/TCGA-F4-6856-01Z-00-DX1_33792_22016.jpg,TCGA-F4-6856,TCGA-F4-6856-01Z-00-DX1,0,1.6335418e-05,0
non-tumour/TCGA-F4-6856-01Z-00-DX1_33792_22528.jpg,TCGA-F4-6856,TCGA-F4-6856-01Z-00-DX1,0,3.9854035e-06,0
non-tumour/TCGA-F4-6856-01Z-00-DX1_33792_23040.jpg,TCGA-F4-6856,TCGA-F4-6856-01Z-00-DX1,0,1.937669e-05,0
non-tumour/TCGA-F4-6856-01Z-00-DX1_33792_24576.jpg,TCGA-F4-6856,TCGA-F4-6856-01Z-00-DX1,0,1.7482256e-05,0
non-tumour/TCGA-F4-6856-01Z-00-DX1_33792_26112.jpg,TCGA-F4-6856,TCGA-F4-6856-01Z-00-DX1,0,6.2925676e-05,0
non-tumour/TCGA-F4-6856-01Z-00-DX1_34304_11776.jpg,TCGA-F4-6856,TCGA-F4-6856-01Z-00-DX1,0,0.015228248,0
non-tumour/TCGA-F4-6856-01Z-00-DX1_34304_17408.jpg,TCGA-F4-6856,TCGA-F4-6856-01Z-00-DX1,0,6.3826565e-06,0
non-tumour/TCGA-F4-6856-01Z-00-DX1_34304_17920.jpg,TCGA-F4-6856,TCGA-F4-6856-01Z-00-DX1,0,1.3388133e-09,0
non-tumour/TCGA-F4-6856-01Z-00-DX1_34304_19456.jpg,TCGA-F4-6856,TCGA-F4-6856-01Z-00-DX1,0,6.5670356e-08,0
non-tumour/TCGA-F4-6856-01Z-00-DX1_34304_20480.jpg,TCGA-F4-6856,TCGA-F4-6856-01Z-00-DX1,0,3.4619993e-06,0
non-tumour/TCGA-F4-6856-01Z-00-DX1_34304_23040.jpg,TCGA-F4-6856,TCGA-F4-6856-01Z-00-DX1,0,3.3529184e-07,0
non-tumour/TCGA-F4-6856-01Z-00-DX1_34816_11776.jpg,TCGA-F4-6856,TCGA-F4-6856-01Z-00-DX1,0,0.0020319528,0
non-tumour/TCGA-F4-6856-01Z-00-DX1_35328_10752.jpg,TCGA-F4-6856,TCGA-F4-6856-01Z-00-DX1,0,0.05975,0
non-tumour/TCGA-F4-6856-01Z-00-DX1_35840_11264.jpg,TCGA-F4-6856,TCGA-F4-6856-01Z-00-DX1,0,0.00020382518,0
non-tumour/TCGA-F4-6856-01Z-00-DX1_35840_11776.jpg,TCGA-F4-6856,TCGA-F4-6856-01Z-00-DX1,0,0.00051368494,0
non-tumour/TCGA-G4-6322-01Z-00-DX1_10240_10240.jpg,TCGA-G4-6322,TCGA-G4-6322-01Z-00-DX1,0,0.6461137,1
non-tumour/TCGA-G4-6322-01Z-00-DX1_10240_10752.jpg,TCGA-G4-6322,TCGA-G4-6322-01Z-00-DX1,0,0.02375309,0
non-tumour/TCGA-G4-6322-01Z-00-DX1_10240_12288.jpg,TCGA-G4-6322,TCGA-G4-6322-01Z-00-DX1,0,0.0021239684,0
non-tumour/TCGA-G4-6322-01Z-00-DX1_10240_17920.jpg,TCGA-G4-6322,TCGA-G4-6322-01Z-00-DX1,0,2.52745e-06,0
non-tumour/TCGA-G4-6322-01Z-00-DX1_10240_19456.jpg,TCGA-G4-6322,TCGA-G4-6322-01Z-00-DX1,0,0.00013718514,0
non-tumour/TCGA-G4-6322-01Z-00-DX1_10240_2048.jpg,TCGA-G4-6322,TCGA-G4-6322-01Z-00-DX1,0,0.00014821335,0
non-tumour/TCGA-G4-6322-01Z-00-DX1_10240_23040.jpg,TCGA-G4-6322,TCGA-G4-6322-01Z-00-DX1,0,3.52432e-06,0
non-tumour/TCGA-G4-6322-01Z-00-DX1_10240_24576.jpg,TCGA-G4-6322,TCGA-G4-6322-01Z-00-DX1,0,1.7817765e-06,0
non-tumour/TCGA-G4-6322-01Z-00-DX1_10240_25088.jpg,TCGA-G4-6322,TCGA-G4-6322-01Z-00-DX1,0,3.7070977e-06,0
non-tumour/TCGA-G4-6322-01Z-00-DX1_10240_2560.jpg,TCGA-G4-6322,TCGA-G4-6322-01Z-00-DX1,0,0.00012344941,0
non-tumour/TCGA-G4-6322-01Z-00-DX1_10240_25600.jpg,TCGA-G4-6322,TCGA-G4-6322-01Z-00-DX1,0,0.0005414181,0
non-tumour/TCGA-G4-6322-01Z-00-DX1_10240_26112.jpg,TCGA-G4-6322,TCGA-G4-6322-01Z-00-DX1,0,0.002572824,0
non-tumour/TCGA-G4-6322-01Z-00-DX1_10240_27648.jpg,TCGA-G4-6322,TCGA-G4-6322-01Z-00-DX1,0,3.5560863e-06,0
non-tumour/TCGA-G4-6322-01Z-00-DX1_10240_3072.jpg,TCGA-G4-6322,TCGA-G4-6322-01Z-00-DX1,0,0.0057640187,0
non-tumour/TCGA-G4-6322-01Z-00-DX1_10240_3584.jpg,TCGA-G4-6322,TCGA-G4-6322-01Z-00-DX1,0,9.0129426e-05,0
non-tumour/TCGA-G4-6322-01Z-00-DX1_10240_5120.jpg,TCGA-G4-6322,TCGA-G4-6322-01Z-00-DX1,0,0.00031005635,0
non-tumour/TCGA-G4-6322-01Z-00-DX1_10240_6144.jpg,TCGA-G4-6322,TCGA-G4-6322-01Z-00-DX1,0,0.020227354,0
non-tumour/TCGA-G4-6322-01Z-00-DX1_10240_6656.jpg,TCGA-G4-6322,TCGA-G4-6322-01Z-00-DX1,0,2.2908187e-06,0
non-tumour/TCGA-G4-6322-01Z-00-DX1_10240_7168.jpg,TCGA-G4-6322,TCGA-G4-6322-01Z-00-DX1,0,9.328393e-06,0
non-tumour/TCGA-G4-6322-01Z-00-DX1_10240_7680.jpg,TCGA-G4-6322,TCGA-G4-6322-01Z-00-DX1,0,0.00025574028,0
non-tumour/TCGA-G4-6322-01Z-00-DX1_10240_9216.jpg,TCGA-G4-6322,TCGA-G4-6322-01Z-00-DX1,0,0.0010341937,0
non-tumour/TCGA-G4-6322-01Z-00-DX1_1024_10752.jpg,TCGA-G4-6322,TCGA-G4-6322-01Z-00-DX1,0,7.152786e-05,0
non-tumour/TCGA-G4-6322-01Z-00-DX1_1024_11264.jpg,TCGA-G4-6322,TCGA-G4-6322-01Z-00-DX1,0,0.051861584,0
non-tumour/TCGA-G4-6322-01Z-00-DX1_1024_6656.jpg,TCGA-G4-6322,TCGA-G4-6322-01Z-00-DX1,0,0.0017483059,0
non-tumour/TCGA-G4-6322-01Z-00-DX1_1024_8704.jpg,TCGA-G4-6322,TCGA-G4-6322-01Z-00-DX1,0,0.008405144,0
non-tumour/TCGA-G4-6322-01Z-00-DX1_1024_9216.jpg,TCGA-G4-6322,TCGA-G4-6322-01Z-00-DX1,0,0.56396484,1
non-tumour/TCGA-G4-6322-01Z-00-DX1_1024_9728.jpg,TCGA-G4-6322,TCGA-G4-6322-01Z-00-DX1,0,4.1990195e-05,0
non-tumour/TCGA-G4-6322-01Z-00-DX1_10752_10752.jpg,TCGA-G4-6322,TCGA-G4-6322-01Z-00-DX1,0,0.009666012,0
non-tumour/TCGA-G4-6322-01Z-00-DX1_10752_11264.jpg,TCGA-G4-6322,TCGA-G4-6322-01Z-00-DX1,0,2.877569e-05,0
non-tumour/TCGA-G4-6322-01Z-00-DX1_10752_12800.jpg,TCGA-G4-6322,TCGA-G4-6322-01Z-00-DX1,0,0.002677954,0
non-tumour/TCGA-G4-6322-01Z-00-DX1_10752_13312.jpg,TCGA-G4-6322,TCGA-G4-6322-01Z-00-DX1,0,1.4173861e-05,0
non-tumour/TCGA-G4-6322-01Z-00-DX1_10752_14848.jpg,TCGA-G4-6322,TCGA-G4-6322-01Z-00-DX1,0,0.045102105,0
non-tumour/TCGA-G4-6322-01Z-00-DX1_10752_15360.jpg,TCGA-G4-6322,TCGA-G4-6322-01Z-00-DX1,0,0.0001044286,0
non-tumour/TCGA-G4-6322-01Z-00-DX1_10752_2048.jpg,TCGA-G4-6322,TCGA-G4-6322-01Z-00-DX1,0,0.0009783808,0
non-tumour/TCGA-G4-6322-01Z-00-DX1_10752_22528.jpg,TCGA-G4-6322,TCGA-G4-6322-01Z-00-DX1,0,2.0329687e-06,0
non-tumour/TCGA-G4-6322-01Z-00-DX1_10752_23040.jpg,TCGA-G4-6322,TCGA-G4-6322-01Z-00-DX1,0,8.087726e-06,0
non-tumour/TCGA-G4-6322-01Z-00-DX1_10752_23552.jpg,TCGA-G4-6322,TCGA-G4-6322-01Z-00-DX1,0,2.866012e-05,0
non-tumour/TCGA-G4-6322-01Z-00-DX1_10752_2560.jpg,TCGA-G4-6322,TCGA-G4-6322-01Z-00-DX1,0,0.00090234954,0
non-tumour/TCGA-G4-6322-01Z-00-DX1_10752_25600.jpg,TCGA-G4-6322,TCGA-G4-6322-01Z-00-DX1,0,1.6456142e-05,0
non-tumour/TCGA-G4-6322-01Z-00-DX1_10752_26112.jpg,TCGA-G4-6322,TCGA-G4-6322-01Z-00-DX1,0,4.278833e-06,0
non-tumour/TCGA-G4-6322-01Z-00-DX1_10752_26624.jpg,TCGA-G4-6322,TCGA-G4-6322-01Z-00-DX1,0,1.9536053e-06,0
non-tumour/TCGA-G4-6322-01Z-00-DX1_10752_27648.jpg,TCGA-G4-6322,TCGA-G4-6322-01Z-00-DX1,0,0.017013844,0
non-tumour/TCGA-G4-6322-01Z-00-DX1_10752_3072.jpg,TCGA-G4-6322,TCGA-G4-6322-01Z-00-DX1,0,0.00046344352,0
non-tumour/TCGA-G4-6322-01Z-00-DX1_10752_3584.jpg,TCGA-G4-6322,TCGA-G4-6322-01Z-00-DX1,0,3.8994647e-05,0
non-tumour/TCGA-G4-6322-01Z-00-DX1_10752_4608.jpg,TCGA-G4-6322,TCGA-G4-6322-01Z-00-DX1,0,0.0024413667,0
non-tumour/TCGA-G4-6322-01Z-00-DX1_10752_6144.jpg,TCGA-G4-6322,TCGA-G4-6322-01Z-00-DX1,0,6.0894977e-06,0
non-tumour/TCGA-G4-6322-01Z-00-DX1_10752_6656.jpg,TCGA-G4-6322,TCGA-G4-6322-01Z-00-DX1,0,0.00032075416,0
non-tumour/TCGA-G4-6322-01Z-00-DX1_10752_7168.jpg,TCGA-G4-6322,TCGA-G4-6322-01Z-00-DX1,0,7.1363856e-06,0
non-tumour/TCGA-G4-6322-01Z-00-DX1_10752_7680.jpg,TCGA-G4-6322,TCGA-G4-6322-01Z-00-DX1,0,1.1758431e-05,0
non-tumour/TCGA-G4-6322-01Z-00-DX1_10752_8192.jpg,TCGA-G4-6322,TCGA-G4-6322-01Z-00-DX1,0,0.67453885,1
non-tumour/TCGA-G4-6322-01Z-00-DX1_10752_8704.jpg,TCGA-G4-6322,TCGA-G4-6322-01Z-00-DX1,0,0.033039264,0
non-tumour/TCGA-G4-6322-01Z-00-DX1_10752_9216.jpg,TCGA-G4-6322,TCGA-G4-6322-01Z-00-DX1,0,6.0366994e-05,0
non-tumour/TCGA-G4-6322-01Z-00-DX1_10752_9728.jpg,TCGA-G4-6322,TCGA-G4-6322-01Z-00-DX1,0,0.016355855,0
non-tumour/TCGA-G4-6322-01Z-00-DX1_11264_10752.jpg,TCGA-G4-6322,TCGA-G4-6322-01Z-00-DX1,0,8.608385e-05,0
non-tumour/TCGA-G4-6322-01Z-00-DX1_11264_11776.jpg,TCGA-G4-6322,TCGA-G4-6322-01Z-00-DX1,0,0.024546335,0
non-tumour/TCGA-G4-6322-01Z-00-DX1_11264_13824.jpg,TCGA-G4-6322,TCGA-G4-6322-01Z-00-DX1,0,2.500316e-07,0
non-tumour/TCGA-G4-6322-01Z-00-DX1_11264_14848.jpg,TCGA-G4-6322,TCGA-G4-6322-01Z-00-DX1,0,0.50488865,1
non-tumour/TCGA-G4-6322-01Z-00-DX1_11264_2048.jpg,TCGA-G4-6322,TCGA-G4-6322-01Z-00-DX1,0,0.0062587913,0
non-tumour/TCGA-G4-6322-01Z-00-DX1_11264_21504.jpg,TCGA-G4-6322,TCGA-G4-6322-01Z-00-DX1,0,0.00010248253,0
non-tumour/TCGA-G4-6322-01Z-00-DX1_11264_22016.jpg,TCGA-G4-6322,TCGA-G4-6322-01Z-00-DX1,0,1.4150223e-06,0
non-tumour/TCGA-G4-6322-01Z-00-DX1_11264_24064.jpg,TCGA-G4-6322,TCGA-G4-6322-01Z-00-DX1,0,1.957927e-06,0
non-tumour/TCGA-G4-6322-01Z-00-DX1_11264_25088.jpg,TCGA-G4-6322,TCGA-G4-6322-01Z-00-DX1,0,8.585123e-06,0
non-tumour/TCGA-G4-6322-01Z-00-DX1_11264_2560.jpg,TCGA-G4-6322,TCGA-G4-6322-01Z-00-DX1,0,0.29181695,0
non-tumour/TCGA-G4-6322-01Z-00-DX1_11264_25600.jpg,TCGA-G4-6322,TCGA-G4-6322-01Z-00-DX1,0,2.0262137e-06,0
non-tumour/TCGA-G4-6322-01Z-00-DX1_11264_26112.jpg,TCGA-G4-6322,TCGA-G4-6322-01Z-00-DX1,0,2.5047077e-05,0
non-tumour/TCGA-G4-6322-01Z-00-DX1_11264_26624.jpg,TCGA-G4-6322,TCGA-G4-6322-01Z-00-DX1,0,1.563682e-05,0
non-tumour/TCGA-G4-6322-01Z-00-DX1_11264_27648.jpg,TCGA-G4-6322,TCGA-G4-6322-01Z-00-DX1,0,0.00072849705,0
non-tumour/TCGA-G4-6322-01Z-00-DX1_11264_3584.jpg,TCGA-G4-6322,TCGA-G4-6322-01Z-00-DX1,0,0.00012734576,0
non-tumour/TCGA-G4-6322-01Z-00-DX1_11264_4608.jpg,TCGA-G4-6322,TCGA-G4-6322-01Z-00-DX1,0,0.0056094993,0
non-tumour/TCGA-G4-6322-01Z-00-DX1_11264_7680.jpg,TCGA-G4-6322,TCGA-G4-6322-01Z-00-DX1,0,3.829782e-05,0
non-tumour/TCGA-G4-6322-01Z-00-DX1_11264_8192.jpg,TCGA-G4-6322,TCGA-G4-6322-01Z-00-DX1,0,0.6189739,1
non-tumour/TCGA-G4-6322-01Z-00-DX1_11264_9728.jpg,TCGA-G4-6322,TCGA-G4-6322-01Z-00-DX1,0,0.009816781,0
non-tumour/TCGA-G4-6322-01Z-00-DX1_11776_10240.jpg,TCGA-G4-6322,TCGA-G4-6322-01Z-00-DX1,0,0.00014232419,0
non-tumour/TCGA-G4-6322-01Z-00-DX1_11776_11264.jpg,TCGA-G4-6322,TCGA-G4-6322-01Z-00-DX1,0,0.00027967422,0
non-tumour/TCGA-G4-6322-01Z-00-DX1_11776_14336.jpg,TCGA-G4-6322,TCGA-G4-6322-01Z-00-DX1,0,0.00023514232,0
non-tumour/TCGA-G4-6322-01Z-00-DX1_11776_1536.jpg,TCGA-G4-6322,TCGA-G4-6322-01Z-00-DX1,0,0.007071746,0
non-tumour/TCGA-G4-6322-01Z-00-DX1_11776_18944.jpg,TCGA-G4-6322,TCGA-G4-6322-01Z-00-DX1,0,3.9157808e-08,0
non-tumour/TCGA-G4-6322-01Z-00-DX1_11776_19456.jpg,TCGA-G4-6322,TCGA-G4-6322-01Z-00-DX1,0,5.0068795e-08,0
non-tumour/TCGA-G4-6322-01Z-00-DX1_11776_2048.jpg,TCGA-G4-6322,TCGA-G4-6322-01Z-00-DX1,0,0.0017604815,0
non-tumour/TCGA-G4-6322-01Z-00-DX1_11776_20992.jpg,TCGA-G4-6322,TCGA-G4-6322-01Z-00-DX1,0,3.9835197e-07,0
non-tumour/TCGA-G4-6322-01Z-00-DX1_11776_22528.jpg,TCGA-G4-6322,TCGA-G4-6322-01Z-00-DX1,0,1.6963426e-08,0
non-tumour/TCGA-G4-6322-01Z-00-DX1_11776_24064.jpg,TCGA-G4-6322,TCGA-G4-6322-01Z-00-DX1,0,1.2152199e-08,0
non-tumour/TCGA-G4-6322-01Z-00-DX1_11776_25088.jpg,TCGA-G4-6322,TCGA-G4-6322-01Z-00-DX1,0,3.6813123e-07,0
non-tumour/TCGA-G4-6322-01Z-00-DX1_11776_2560.jpg,TCGA-G4-6322,TCGA-G4-6322-01Z-00-DX1,0,0.042659994,0
non-tumour/TCGA-G4-6322-01Z-00-DX1_11776_25600.jpg,TCGA-G4-6322,TCGA-G4-6322-01Z-00-DX1,0,1.1879348e-05,0
non-tumour/TCGA-G4-6322-01Z-00-DX1_11776_26624.jpg,TCGA-G4-6322,TCGA-G4-6322-01Z-00-DX1,0,0.00015567998,0
non-tumour/TCGA-G4-6322-01Z-00-DX1_11776_4096.jpg,TCGA-G4-6322,TCGA-G4-6322-01Z-00-DX1,0,0.0010667488,0
non-tumour/TCGA-G4-6322-01Z-00-DX1_11776_4608.jpg,TCGA-G4-6322,TCGA-G4-6322-01Z-00-DX1,0,0.0016179264,0
non-tumour/TCGA-G4-6322-01Z-00-DX1_11776_5120.jpg,TCGA-G4-6322,TCGA-G4-6322-01Z-00-DX1,0,3.7675413e-06,0
non-tumour/TCGA-G4-6322-01Z-00-DX1_11776_7168.jpg,TCGA-G4-6322,TCGA-G4-6322-01Z-00-DX1,0,6.7145493e-06,0
non-tumour/TCGA-G4-6322-01Z-00-DX1_11776_7680.jpg,TCGA-G4-6322,TCGA-G4-6322-01Z-00-DX1,0,9.963008e-06,0
non-tumour/TCGA-G4-6322-01Z-00-DX1_11776_8704.jpg,TCGA-G4-6322,TCGA-G4-6322-01Z-00-DX1,0,0.40903765,0
non-tumour/TCGA-G4-6322-01Z-00-DX1_11776_9216.jpg,TCGA-G4-6322,TCGA-G4-6322-01Z-00-DX1,0,0.019635081,0
non-tumour/TCGA-G4-6322-01Z-00-DX1_11776_9728.jpg,TCGA-G4-6322,TCGA-G4-6322-01Z-00-DX1,0,0.08218905,0
non-tumour/TCGA-G4-6322-01Z-00-DX1_12288_10240.jpg,TCGA-G4-6322,TCGA-G4-6322-01Z-00-DX1,0,0.00031261673,0
non-tumour/TCGA-G4-6322-01Z-00-DX1_12288_12800.jpg,TCGA-G4-6322,TCGA-G4-6322-01Z-00-DX1,0,2.9542694e-05,0
non-tumour/TCGA-G4-6322-01Z-00-DX1_12288_13824.jpg,TCGA-G4-6322,TCGA-G4-6322-01Z-00-DX1,0,0.001842547,0
non-tumour/TCGA-G4-6322-01Z-00-DX1_12288_14336.jpg,TCGA-G4-6322,TCGA-G4-6322-01Z-00-DX1,0,1.4392093e-05,0
non-tumour/TCGA-G4-6322-01Z-00-DX1_12288_15360.jpg,TCGA-G4-6322,TCGA-G4-6322-01Z-00-DX1,0,0.00022895723,0
non-tumour/TCGA-G4-6322-01Z-00-DX1_12288_17408.jpg,TCGA-G4-6322,TCGA-G4-6322-01Z-00-DX1,0,1.59008e-07,0
non-tumour/TCGA-G4-6322-01Z-00-DX1_12288_17920.jpg,TCGA-G4-6322,TCGA-G4-6322-01Z-00-DX1,0,3.6406828e-08,0
non-tumour/TCGA-G4-6322-01Z-00-DX1_12288_19456.jpg,TCGA-G4-6322,TCGA-G4-6322-01Z-00-DX1,0,4.783365e-07,0
non-tumour/TCGA-G4-6322-01Z-00-DX1_12288_2048.jpg,TCGA-G4-6322,TCGA-G4-6322-01Z-00-DX1,0,0.003943138,0
non-tumour/TCGA-G4-6322-01Z-00-DX1_12288_20480.jpg,TCGA-G4-6322,TCGA-G4-6322-01Z-00-DX1,0,3.6544023e-08,0
non-tumour/TCGA-G4-6322-01Z-00-DX1_12288_20992.jpg,TCGA-G4-6322,TCGA-G4-6322-01Z-00-DX1,0,7.147306e-08,0
non-tumour/TCGA-G4-6322-01Z-00-DX1_12288_22016.jpg,TCGA-G4-6322,TCGA-G4-6322-01Z-00-DX1,0,5.713206e-08,0
non-tumour/TCGA-G4-6322-01Z-00-DX1_12288_22528.jpg,TCGA-G4-6322,TCGA-G4-6322-01Z-00-DX1,0,2.483538e-07,0
non-tumour/TCGA-G4-6322-01Z-00-DX1_12288_23552.jpg,TCGA-G4-6322,TCGA-G4-6322-01Z-00-DX1,0,8.638432e-08,0
non-tumour/TCGA-G4-6322-01Z-00-DX1_12288_24064.jpg,TCGA-G4-6322,TCGA-G4-6322-01Z-00-DX1,0,2.156087e-08,0
non-tumour/TCGA-G4-6322-01Z-00-DX1_12288_24576.jpg,TCGA-G4-6322,TCGA-G4-6322-01Z-00-DX1,0,2.1512221e-07,0
non-tumour/TCGA-G4-6322-01Z-00-DX1_12288_25088.jpg,TCGA-G4-6322,TCGA-G4-6322-01Z-00-DX1,0,8.901609e-06,0
non-tumour/TCGA-G4-6322-01Z-00-DX1_12288_26112.jpg,TCGA-G4-6322,TCGA-G4-6322-01Z-00-DX1,0,1.2407756e-05,0
non-tumour/TCGA-G4-6322-01Z-00-DX1_12288_26624.jpg,TCGA-G4-6322,TCGA-G4-6322-01Z-00-DX1,0,0.008634421,0
non-tumour/TCGA-G4-6322-01Z-00-DX1_12288_27136.jpg,TCGA-G4-6322,TCGA-G4-6322-01Z-00-DX1,0,0.000773053,0
non-tumour/TCGA-G4-6322-01Z-00-DX1_12288_27648.jpg,TCGA-G4-6322,TCGA-G4-6322-01Z-00-DX1,0,6.9747502e-06,0
non-tumour/TCGA-G4-6322-01Z-00-DX1_12288_4096.jpg,TCGA-G4-6322,TCGA-G4-6322-01Z-00-DX1,0,7.021281e-05,0
non-tumour/TCGA-G4-6322-01Z-00-DX1_12288_7680.jpg,TCGA-G4-6322,TCGA-G4-6322-01Z-00-DX1,0,1.9764244e-05,0
non-tumour/TCGA-G4-6322-01Z-00-DX1_12288_8704.jpg,TCGA-G4-6322,TCGA-G4-6322-01Z-00-DX1,0,0.28529477,0
non-tumour/TCGA-G4-6322-01Z-00-DX1_12800_11264.jpg,TCGA-G4-6322,TCGA-G4-6322-01Z-00-DX1,0,0.0003087952,0
non-tumour/TCGA-G4-6322-01Z-00-DX1_12800_11776.jpg,TCGA-G4-6322,TCGA-G4-6322-01Z-00-DX1,0,2.025403e-05,0
non-tumour/TCGA-G4-6322-01Z-00-DX1_12800_13312.jpg,TCGA-G4-6322,TCGA-G4-6322-01Z-00-DX1,0,0.7066448,1
non-tumour/TCGA-G4-6322-01Z-00-DX1_12800_14848.jpg,TCGA-G4-6322,TCGA-G4-6322-01Z-00-DX1,0,0.008609086,0
non-tumour/TCGA-G4-6322-01Z-00-DX1_12800_1536.jpg,TCGA-G4-6322,TCGA-G4-6322-01Z-00-DX1,0,1.3114533e-05,0
non-tumour/TCGA-G4-6322-01Z-00-DX1_12800_15360.jpg,TCGA-G4-6322,TCGA-G4-6322-01Z-00-DX1,0,5.759944e-05,0
non-tumour/TCGA-G4-6322-01Z-00-DX1_12800_18944.jpg,TCGA-G4-6322,TCGA-G4-6322-01Z-00-DX1,0,1.384156e-07,0
non-tumour/TCGA-G4-6322-01Z-00-DX1_12800_2048.jpg,TCGA-G4-6322,TCGA-G4-6322-01Z-00-DX1,0,3.6030913e-05,0
non-tumour/TCGA-G4-6322-01Z-00-DX1_12800_20992.jpg,TCGA-G4-6322,TCGA-G4-6322-01Z-00-DX1,0,1.9345066e-09,0
non-tumour/TCGA-G4-6322-01Z-00-DX1_12800_21504.jpg,TCGA-G4-6322,TCGA-G4-6322-01Z-00-DX1,0,3.142955e-07,0
non-tumour/TCGA-G4-6322-01Z-00-DX1_12800_22528.jpg,TCGA-G4-6322,TCGA-G4-6322-01Z-00-DX1,0,4.153736e-07,0
non-tumour/TCGA-G4-6322-01Z-00-DX1_12800_23552.jpg,TCGA-G4-6322,TCGA-G4-6322-01Z-00-DX1,0,8.0719396e-08,0
non-tumour/TCGA-G4-6322-01Z-00-DX1_12800_25600.jpg,TCGA-G4-6322,TCGA-G4-6322-01Z-00-DX1,0,3.7556067e-05,0
non-tumour/TCGA-G4-6322-01Z-00-DX1_12800_27136.jpg,TCGA-G4-6322,TCGA-G4-6322-01Z-00-DX1,0,6.06904e-05,0
non-tumour/TCGA-G4-6322-01Z-00-DX1_12800_5632.jpg,TCGA-G4-6322,TCGA-G4-6322-01Z-00-DX1,0,3.4476012e-05,0
non-tumour/TCGA-G4-6322-01Z-00-DX1_12800_6144.jpg,TCGA-G4-6322,TCGA-G4-6322-01Z-00-DX1,0,0.00012101327,0
non-tumour/TCGA-G4-6322-01Z-00-DX1_12800_6656.jpg,TCGA-G4-6322,TCGA-G4-6322-01Z-00-DX1,0,4.0344265e-05,0
non-tumour/TCGA-G4-6322-01Z-00-DX1_12800_9728.jpg,TCGA-G4-6322,TCGA-G4-6322-01Z-00-DX1,0,7.927067e-05,0
non-tumour/TCGA-G4-6322-01Z-00-DX1_13312_10240.jpg,TCGA-G4-6322,TCGA-G4-6322-01Z-00-DX1,0,0.0058210767,0
non-tumour/TCGA-G4-6322-01Z-00-DX1_13312_11264.jpg,TCGA-G4-6322,TCGA-G4-6322-01Z-00-DX1,0,5.09101e-06,0
non-tumour/TCGA-G4-6322-01Z-00-DX1_13312_16896.jpg,TCGA-G4-6322,TCGA-G4-6322-01Z-00-DX1,0,2.6499777e-06,0
non-tumour/TCGA-G4-6322-01Z-00-DX1_13312_17408.jpg,TCGA-G4-6322,TCGA-G4-6322-01Z-00-DX1,0,2.3825182e-08,0
non-tumour/TCGA-G4-6322-01Z-00-DX1_13312_2048.jpg,TCGA-G4-6322,TCGA-G4-6322-01Z-00-DX1,0,5.128405e-06,0
non-tumour/TCGA-G4-6322-01Z-00-DX1_13312_22528.jpg,TCGA-G4-6322,TCGA-G4-6322-01Z-00-DX1,0,6.1678236e-07,0
non-tumour/TCGA-G4-6322-01Z-00-DX1_13312_25088.jpg,TCGA-G4-6322,TCGA-G4-6322-01Z-00-DX1,0,5.5725277e-06,0
non-tumour/TCGA-G4-6322-01Z-00-DX1_13312_2560.jpg,TCGA-G4-6322,TCGA-G4-6322-01Z-00-DX1,0,0.0001161176,0
non-tumour/TCGA-G4-6322-01Z-00-DX1_13312_3584.jpg,TCGA-G4-6322,TCGA-G4-6322-01Z-00-DX1,0,0.00046313152,0
non-tumour/TCGA-G4-6322-01Z-00-DX1_13312_4608.jpg,TCGA-G4-6322,TCGA-G4-6322-01Z-00-DX1,0,5.6243774e-05,0
non-tumour/TCGA-G4-6322-01Z-00-DX1_13312_5120.jpg,TCGA-G4-6322,TCGA-G4-6322-01Z-00-DX1,0,0.00027879808,0
non-tumour/TCGA-G4-6322-01Z-00-DX1_13312_6144.jpg,TCGA-G4-6322,TCGA-G4-6322-01Z-00-DX1,0,7.769374e-06,0
non-tumour/TCGA-G4-6322-01Z-00-DX1_13312_6656.jpg,TCGA-G4-6322,TCGA-G4-6322-01Z-00-DX1,0,8.917379e-06,0
non-tumour/TCGA-G4-6322-01Z-00-DX1_13312_7680.jpg,TCGA-G4-6322,TCGA-G4-6322-01Z-00-DX1,0,3.1577538e-06,0
non-tumour/TCGA-G4-6322-01Z-00-DX1_13312_8704.jpg,TCGA-G4-6322,TCGA-G4-6322-01Z-00-DX1,0,0.0014008451,0
non-tumour/TCGA-G4-6322-01Z-00-DX1_13312_9216.jpg,TCGA-G4-6322,TCGA-G4-6322-01Z-00-DX1,0,2.4715104e-05,0
non-tumour/TCGA-G4-6322-01Z-00-DX1_13824_1024.jpg,TCGA-G4-6322,TCGA-G4-6322-01Z-00-DX1,0,0.00014104531,0
non-tumour/TCGA-G4-6322-01Z-00-DX1_13824_10240.jpg,TCGA-G4-6322,TCGA-G4-6322-01Z-00-DX1,0,2.6175108e-05,0
non-tumour/TCGA-G4-6322-01Z-00-DX1_13824_11264.jpg,TCGA-G4-6322,TCGA-G4-6322-01Z-00-DX1,0,0.00012548927,0
non-tumour/TCGA-G4-6322-01Z-00-DX1_13824_12288.jpg,TCGA-G4-6322,TCGA-G4-6322-01Z-00-DX1,0,0.32288793,0
non-tumour/TCGA-G4-6322-01Z-00-DX1_13824_12800.jpg,TCGA-G4-6322,TCGA-G4-6322-01Z-00-DX1,0,0.6090678,1
non-tumour/TCGA-G4-6322-01Z-00-DX1_13824_13312.jpg,TCGA-G4-6322,TCGA-G4-6322-01Z-00-DX1,0,0.5121887,1
non-tumour/TCGA-G4-6322-01Z-00-DX1_13824_16896.jpg,TCGA-G4-6322,TCGA-G4-6322-01Z-00-DX1,0,3.3437489e-06,0
non-tumour/TCGA-G4-6322-01Z-00-DX1_13824_23552.jpg,TCGA-G4-6322,TCGA-G4-6322-01Z-00-DX1,0,4.2165613e-08,0
non-tumour/TCGA-G4-6322-01Z-00-DX1_13824_24576.jpg,TCGA-G4-6322,TCGA-G4-6322-01Z-00-DX1,0,2.8517167e-07,0
non-tumour/TCGA-G4-6322-01Z-00-DX1_13824_25088.jpg,TCGA-G4-6322,TCGA-G4-6322-01Z-00-DX1,0,5.5297473e-06,0
non-tumour/TCGA-G4-6322-01Z-00-DX1_13824_25600.jpg,TCGA-G4-6322,TCGA-G4-6322-01Z-00-DX1,0,0.005378187,0
non-tumour/TCGA-G4-6322-01Z-00-DX1_13824_26112.jpg,TCGA-G4-6322,TCGA-G4-6322-01Z-00-DX1,0,3.931828e-05,0
non-tumour/TCGA-G4-6322-01Z-00-DX1_13824_27136.jpg,TCGA-G4-6322,TCGA-G4-6322-01Z-00-DX1,0,5.0025657e-05,0
non-tumour/TCGA-G4-6322-01Z-00-DX1_13824_27648.jpg,TCGA-G4-6322,TCGA-G4-6322-01Z-00-DX1,0,0.00036291667,0
non-tumour/TCGA-G4-6322-01Z-00-DX1_13824_4096.jpg,TCGA-G4-6322,TCGA-G4-6322-01Z-00-DX1,0,0.24096549,0
non-tumour/TCGA-G4-6322-01Z-00-DX1_13824_5120.jpg,TCGA-G4-6322,TCGA-G4-6322-01Z-00-DX1,0,0.002430678,0
non-tumour/TCGA-G4-6322-01Z-00-DX1_13824_5632.jpg,TCGA-G4-6322,TCGA-G4-6322-01Z-00-DX1,0,0.07043104,0
non-tumour/TCGA-G4-6322-01Z-00-DX1_13824_7168.jpg,TCGA-G4-6322,TCGA-G4-6322-01Z-00-DX1,0,2.5688785e-05,0
non-tumour/TCGA-G4-6322-01Z-00-DX1_13824_7680.jpg,TCGA-G4-6322,TCGA-G4-6322-01Z-00-DX1,0,0.0011540471,0
non-tumour/TCGA-G4-6322-01Z-00-DX1_13824_9216.jpg,TCGA-G4-6322,TCGA-G4-6322-01Z-00-DX1,0,0.0017221933,0
non-tumour/TCGA-G4-6322-01Z-00-DX1_14336_10240.jpg,TCGA-G4-6322,TCGA-G4-6322-01Z-00-DX1,0,0.00020363173,0
non-tumour/TCGA-G4-6322-01Z-00-DX1_14336_11264.jpg,TCGA-G4-6322,TCGA-G4-6322-01Z-00-DX1,0,3.7158243e-05,0
non-tumour/TCGA-G4-6322-01Z-00-DX1_14336_12800.jpg,TCGA-G4-6322,TCGA-G4-6322-01Z-00-DX1,0,0.21534656,0
non-tumour/TCGA-G4-6322-01Z-00-DX1_14336_2048.jpg,TCGA-G4-6322,TCGA-G4-6322-01Z-00-DX1,0,3.7200432e-05,0
non-tumour/TCGA-G4-6322-01Z-00-DX1_14336_25600.jpg,TCGA-G4-6322,TCGA-G4-6322-01Z-00-DX1,0,0.0015697016,0
non-tumour/TCGA-G4-6322-01Z-00-DX1_14336_3072.jpg,TCGA-G4-6322,TCGA-G4-6322-01Z-00-DX1,0,0.00027269588,0
non-tumour/TCGA-G4-6322-01Z-00-DX1_14336_4608.jpg,TCGA-G4-6322,TCGA-G4-6322-01Z-00-DX1,0,0.0012505059,0
non-tumour/TCGA-G4-6322-01Z-00-DX1_14336_5120.jpg,TCGA-G4-6322,TCGA-G4-6322-01Z-00-DX1,0,0.0031334355,0
non-tumour/TCGA-G4-6322-01Z-00-DX1_14336_5632.jpg,TCGA-G4-6322,TCGA-G4-6322-01Z-00-DX1,0,0.004378658,0
non-tumour/TCGA-G4-6322-01Z-00-DX1_14336_6656.jpg,TCGA-G4-6322,TCGA-G4-6322-01Z-00-DX1,0,0.0011216486,0
non-tumour/TCGA-G4-6322-01Z-00-DX1_14336_7680.jpg,TCGA-G4-6322,TCGA-G4-6322-01Z-00-DX1,0,0.03072017,0
non-tumour/TCGA-G4-6322-01Z-00-DX1_14336_9216.jpg,TCGA-G4-6322,TCGA-G4-6322-01Z-00-DX1,0,8.414205e-07,0
non-tumour/TCGA-G4-6322-01Z-00-DX1_14336_9728.jpg,TCGA-G4-6322,TCGA-G4-6322-01Z-00-DX1,0,5.424407e-06,0
non-tumour/TCGA-G4-6322-01Z-00-DX1_14848_10752.jpg,TCGA-G4-6322,TCGA-G4-6322-01Z-00-DX1,0,6.9353715e-05,0
non-tumour/TCGA-G4-6322-01Z-00-DX1_14848_11264.jpg,TCGA-G4-6322,TCGA-G4-6322-01Z-00-DX1,0,0.00015968368,0
non-tumour/TCGA-G4-6322-01Z-00-DX1_14848_11776.jpg,TCGA-G4-6322,TCGA-G4-6322-01Z-00-DX1,0,0.024725346,0
non-tumour/TCGA-G4-6322-01Z-00-DX1_14848_12288.jpg,TCGA-G4-6322,TCGA-G4-6322-01Z-00-DX1,0,0.58384234,1
non-tumour/TCGA-G4-6322-01Z-00-DX1_14848_12800.jpg,TCGA-G4-6322,TCGA-G4-6322-01Z-00-DX1,0,0.6487837,1
non-tumour/TCGA-G4-6322-01Z-00-DX1_14848_13824.jpg,TCGA-G4-6322,TCGA-G4-6322-01Z-00-DX1,0,0.69562006,1
non-tumour/TCGA-G4-6322-01Z-00-DX1_14848_14848.jpg,TCGA-G4-6322,TCGA-G4-6322-01Z-00-DX1,0,0.00264838,0
non-tumour/TCGA-G4-6322-01Z-00-DX1_14848_1536.jpg,TCGA-G4-6322,TCGA-G4-6322-01Z-00-DX1,0,0.0003516722,0
non-tumour/TCGA-G4-6322-01Z-00-DX1_14848_19456.jpg,TCGA-G4-6322,TCGA-G4-6322-01Z-00-DX1,0,8.368767e-05,0
non-tumour/TCGA-G4-6322-01Z-00-DX1_14848_2048.jpg,TCGA-G4-6322,TCGA-G4-6322-01Z-00-DX1,0,0.004392791,0
non-tumour/TCGA-G4-6322-01Z-00-DX1_14848_24576.jpg,TCGA-G4-6322,TCGA-G4-6322-01Z-00-DX1,0,0.98478067,1
non-tumour/TCGA-G4-6322-01Z-00-DX1_14848_26624.jpg,TCGA-G4-6322,TCGA-G4-6322-01Z-00-DX1,0,0.0001404339,0
non-tumour/TCGA-G4-6322-01Z-00-DX1_14848_3072.jpg,TCGA-G4-6322,TCGA-G4-6322-01Z-00-DX1,0,0.0010967191,0
non-tumour/TCGA-G4-6322-01Z-00-DX1_14848_3584.jpg,TCGA-G4-6322,TCGA-G4-6322-01Z-00-DX1,0,6.4111027e-06,0
non-tumour/TCGA-G4-6322-01Z-00-DX1_14848_4608.jpg,TCGA-G4-6322,TCGA-G4-6322-01Z-00-DX1,0,0.0017194524,0
non-tumour/TCGA-G4-6322-01Z-00-DX1_14848_6144.jpg,TCGA-G4-6322,TCGA-G4-6322-01Z-00-DX1,0,0.0008368866,0
non-tumour/TCGA-G4-6322-01Z-00-DX1_14848_6656.jpg,TCGA-G4-6322,TCGA-G4-6322-01Z-00-DX1,0,3.3524746e-05,0
non-tumour/TCGA-G4-6322-01Z-00-DX1_14848_7168.jpg,TCGA-G4-6322,TCGA-G4-6322-01Z-00-DX1,0,1.5968173e-05,0
non-tumour/TCGA-G4-6322-01Z-00-DX1_14848_7680.jpg,TCGA-G4-6322,TCGA-G4-6322-01Z-00-DX1,0,2.957289e-06,0
non-tumour/TCGA-G4-6322-01Z-00-DX1_15360_10240.jpg,TCGA-G4-6322,TCGA-G4-6322-01Z-00-DX1,0,0.00030380263,0
non-tumour/TCGA-G4-6322-01Z-00-DX1_15360_11264.jpg,TCGA-G4-6322,TCGA-G4-6322-01Z-00-DX1,0,6.6752445e-06,0
non-tumour/TCGA-G4-6322-01Z-00-DX1_15360_12288.jpg,TCGA-G4-6322,TCGA-G4-6322-01Z-00-DX1,0,0.022853587,0
non-tumour/TCGA-G4-6322-01Z-00-DX1_15360_12800.jpg,TCGA-G4-6322,TCGA-G4-6322-01Z-00-DX1,0,0.5324567,1
non-tumour/TCGA-G4-6322-01Z-00-DX1_15360_1536.jpg,TCGA-G4-6322,TCGA-G4-6322-01Z-00-DX1,0,0.036161236,0
non-tumour/TCGA-G4-6322-01Z-00-DX1_15360_15360.jpg,TCGA-G4-6322,TCGA-G4-6322-01Z-00-DX1,0,0.0014640542,0
non-tumour/TCGA-G4-6322-01Z-00-DX1_15360_15872.jpg,TCGA-G4-6322,TCGA-G4-6322-01Z-00-DX1,0,0.023198508,0
non-tumour/TCGA-G4-6322-01Z-00-DX1_15360_18432.jpg,TCGA-G4-6322,TCGA-G4-6322-01Z-00-DX1,0,0.00558322,0
non-tumour/TCGA-G4-6322-01Z-00-DX1_15360_19456.jpg,TCGA-G4-6322,TCGA-G4-6322-01Z-00-DX1,0,0.10138365,0
non-tumour/TCGA-G4-6322-01Z-00-DX1_15360_19968.jpg,TCGA-G4-6322,TCGA-G4-6322-01Z-00-DX1,0,3.5155965e-05,0
non-tumour/TCGA-G4-6322-01Z-00-DX1_15360_2048.jpg,TCGA-G4-6322,TCGA-G4-6322-01Z-00-DX1,0,0.00078777707,0
non-tumour/TCGA-G4-6322-01Z-00-DX1_15360_2560.jpg,TCGA-G4-6322,TCGA-G4-6322-01Z-00-DX1,0,0.016463025,0
non-tumour/TCGA-G4-6322-01Z-00-DX1_15360_25600.jpg,TCGA-G4-6322,TCGA-G4-6322-01Z-00-DX1,0,0.00019177806,0
non-tumour/TCGA-G4-6322-01Z-00-DX1_15360_26624.jpg,TCGA-G4-6322,TCGA-G4-6322-01Z-00-DX1,0,0.036063455,0
non-tumour/TCGA-G4-6322-01Z-00-DX1_15360_4096.jpg,TCGA-G4-6322,TCGA-G4-6322-01Z-00-DX1,0,5.5223218e-06,0
non-tumour/TCGA-G4-6322-01Z-00-DX1_15360_6656.jpg,TCGA-G4-6322,TCGA-G4-6322-01Z-00-DX1,0,4.723415e-06,0
non-tumour/TCGA-G4-6322-01Z-00-DX1_15360_8192.jpg,TCGA-G4-6322,TCGA-G4-6322-01Z-00-DX1,0,6.903045e-06,0
non-tumour/TCGA-G4-6322-01Z-00-DX1_15360_8704.jpg,TCGA-G4-6322,TCGA-G4-6322-01Z-00-DX1,0,3.8981275e-06,0
non-tumour/TCGA-G4-6322-01Z-00-DX1_15360_9216.jpg,TCGA-G4-6322,TCGA-G4-6322-01Z-00-DX1,0,3.0619428e-06,0
non-tumour/TCGA-G4-6322-01Z-00-DX1_1536_10240.jpg,TCGA-G4-6322,TCGA-G4-6322-01Z-00-DX1,0,1.47662895e-05,0
non-tumour/TCGA-G4-6322-01Z-00-DX1_1536_11776.jpg,TCGA-G4-6322,TCGA-G4-6322-01Z-00-DX1,0,0.094849564,0
non-tumour/TCGA-G4-6322-01Z-00-DX1_1536_4608.jpg,TCGA-G4-6322,TCGA-G4-6322-01Z-00-DX1,0,0.0021806736,0
non-tumour/TCGA-G4-6322-01Z-00-DX1_1536_5120.jpg,TCGA-G4-6322,TCGA-G4-6322-01Z-00-DX1,0,0.0023827448,0
non-tumour/TCGA-G4-6322-01Z-00-DX1_1536_6144.jpg,TCGA-G4-6322,TCGA-G4-6322-01Z-00-DX1,0,0.00017382369,0
non-tumour/TCGA-G4-6322-01Z-00-DX1_1536_6656.jpg,TCGA-G4-6322,TCGA-G4-6322-01Z-00-DX1,0,0.00067614595,0
non-tumour/TCGA-G4-6322-01Z-00-DX1_1536_7680.jpg,TCGA-G4-6322,TCGA-G4-6322-01Z-00-DX1,0,0.00043485532,0
non-tumour/TCGA-G4-6322-01Z-00-DX1_1536_9216.jpg,TCGA-G4-6322,TCGA-G4-6322-01Z-00-DX1,0,0.47230452,0
non-tumour/TCGA-G4-6322-01Z-00-DX1_15872_1024.jpg,TCGA-G4-6322,TCGA-G4-6322-01Z-00-DX1,0,0.00024866738,0
non-tumour/TCGA-G4-6322-01Z-00-DX1_15872_10752.jpg,TCGA-G4-6322,TCGA-G4-6322-01Z-00-DX1,0,0.00085956743,0
non-tumour/TCGA-G4-6322-01Z-00-DX1_15872_11264.jpg,TCGA-G4-6322,TCGA-G4-6322-01Z-00-DX1,0,3.7364338e-05,0
non-tumour/TCGA-G4-6322-01Z-00-DX1_15872_11776.jpg,TCGA-G4-6322,TCGA-G4-6322-01Z-00-DX1,0,0.00013426847,0
non-tumour/TCGA-G4-6322-01Z-00-DX1_15872_12800.jpg,TCGA-G4-6322,TCGA-G4-6322-01Z-00-DX1,0,0.5624922,1
non-tumour/TCGA-G4-6322-01Z-00-DX1_15872_13824.jpg,TCGA-G4-6322,TCGA-G4-6322-01Z-00-DX1,0,0.6757669,1
non-tumour/TCGA-G4-6322-01Z-00-DX1_15872_14336.jpg,TCGA-G4-6322,TCGA-G4-6322-01Z-00-DX1,0,0.6829625,1
non-tumour/TCGA-G4-6322-01Z-00-DX1_15872_14848.jpg,TCGA-G4-6322,TCGA-G4-6322-01Z-00-DX1,0,0.4801059,0
non-tumour/TCGA-G4-6322-01Z-00-DX1_15872_1536.jpg,TCGA-G4-6322,TCGA-G4-6322-01Z-00-DX1,0,1.8880459e-05,0
non-tumour/TCGA-G4-6322-01Z-00-DX1_15872_15360.jpg,TCGA-G4-6322,TCGA-G4-6322-01Z-00-DX1,0,0.19517352,0
non-tumour/TCGA-G4-6322-01Z-00-DX1_15872_15872.jpg,TCGA-G4-6322,TCGA-G4-6322-01Z-00-DX1,0,0.259303,0
non-tumour/TCGA-G4-6322-01Z-00-DX1_15872_16384.jpg,TCGA-G4-6322,TCGA-G4-6322-01Z-00-DX1,0,0.29822057,0
non-tumour/TCGA-G4-6322-01Z-00-DX1_15872_16896.jpg,TCGA-G4-6322,TCGA-G4-6322-01Z-00-DX1,0,0.58136487,1
non-tumour/TCGA-G4-6322-01Z-00-DX1_15872_18432.jpg,TCGA-G4-6322,TCGA-G4-6322-01Z-00-DX1,0,0.23464134,0
non-tumour/TCGA-G4-6322-01Z-00-DX1_15872_18944.jpg,TCGA-G4-6322,TCGA-G4-6322-01Z-00-DX1,0,0.10378991,0
non-tumour/TCGA-G4-6322-01Z-00-DX1_15872_20480.jpg,TCGA-G4-6322,TCGA-G4-6322-01Z-00-DX1,0,5.724819e-06,0
non-tumour/TCGA-G4-6322-01Z-00-DX1_15872_20992.jpg,TCGA-G4-6322,TCGA-G4-6322-01Z-00-DX1,0,0.00085156516,0
non-tumour/TCGA-G4-6322-01Z-00-DX1_15872_23552.jpg,TCGA-G4-6322,TCGA-G4-6322-01Z-00-DX1,0,2.916048e-06,0
non-tumour/TCGA-G4-6322-01Z-00-DX1_15872_24064.jpg,TCGA-G4-6322,TCGA-G4-6322-01Z-00-DX1,0,2.5189027e-07,0
non-tumour/TCGA-G4-6322-01Z-00-DX1_15872_26112.jpg,TCGA-G4-6322,TCGA-G4-6322-01Z-00-DX1,0,4.5333105e-05,0
non-tumour/TCGA-G4-6322-01Z-00-DX1_15872_26624.jpg,TCGA-G4-6322,TCGA-G4-6322-01Z-00-DX1,0,0.00076866423,0
non-tumour/TCGA-G4-6322-01Z-00-DX1_15872_27136.jpg,TCGA-G4-6322,TCGA-G4-6322-01Z-00-DX1,0,2.3549766e-05,0
non-tumour/TCGA-G4-6322-01Z-00-DX1_15872_3072.jpg,TCGA-G4-6322,TCGA-G4-6322-01Z-00-DX1,0,0.0017139756,0
non-tumour/TCGA-G4-6322-01Z-00-DX1_15872_4096.jpg,TCGA-G4-6322,TCGA-G4-6322-01Z-00-DX1,0,3.991588e-06,0
non-tumour/TCGA-G4-6322-01Z-00-DX1_15872_4608.jpg,TCGA-G4-6322,TCGA-G4-6322-01Z-00-DX1,0,0.00032965673,0
non-tumour/TCGA-G4-6322-01Z-00-DX1_15872_5120.jpg,TCGA-G4-6322,TCGA-G4-6322-01Z-00-DX1,0,0.0001185821,0
non-tumour/TCGA-G4-6322-01Z-00-DX1_15872_6144.jpg,TCGA-G4-6322,TCGA-G4-6322-01Z-00-DX1,0,0.0011105182,0
non-tumour/TCGA-G4-6322-01Z-00-DX1_15872_6656.jpg,TCGA-G4-6322,TCGA-G4-6322-01Z-00-DX1,0,3.8941586e-08,0
non-tumour/TCGA-G4-6322-01Z-00-DX1_15872_8192.jpg,TCGA-G4-6322,TCGA-G4-6322-01Z-00-DX1,0,2.4558924e-06,0
non-tumour/TCGA-G4-6322-01Z-00-DX1_15872_8704.jpg,TCGA-G4-6322,TCGA-G4-6322-01Z-00-DX1,0,6.299066e-07,0
non-tumour/TCGA-G4-6322-01Z-00-DX1_16384_11776.jpg,TCGA-G4-6322,TCGA-G4-6322-01Z-00-DX1,0,2.4087514e-05,0
non-tumour/TCGA-G4-6322-01Z-00-DX1_16384_12288.jpg,TCGA-G4-6322,TCGA-G4-6322-01Z-00-DX1,0,0.00049404136,0
non-tumour/TCGA-G4-6322-01Z-00-DX1_16384_12800.jpg,TCGA-G4-6322,TCGA-G4-6322-01Z-00-DX1,0,0.14052913,0
non-tumour/TCGA-G4-6322-01Z-00-DX1_16384_1536.jpg,TCGA-G4-6322,TCGA-G4-6322-01Z-00-DX1,0,0.00023508134,0
non-tumour/TCGA-G4-6322-01Z-00-DX1_16384_15360.jpg,TCGA-G4-6322,TCGA-G4-6322-01Z-00-DX1,0,0.7714056,1
non-tumour/TCGA-G4-6322-01Z-00-DX1_16384_16384.jpg,TCGA-G4-6322,TCGA-G4-6322-01Z-00-DX1,0,0.0025093083,0
non-tumour/TCGA-G4-6322-01Z-00-DX1_16384_2048.jpg,TCGA-G4-6322,TCGA-G4-6322-01Z-00-DX1,0,1.2988202e-05,0
non-tumour/TCGA-G4-6322-01Z-00-DX1_16384_23552.jpg,TCGA-G4-6322,TCGA-G4-6322-01Z-00-DX1,0,1.0142364e-05,0
non-tumour/TCGA-G4-6322-01Z-00-DX1_16384_25088.jpg,TCGA-G4-6322,TCGA-G4-6322-01Z-00-DX1,0,0.033130802,0
non-tumour/TCGA-G4-6322-01Z-00-DX1_16384_25600.jpg,TCGA-G4-6322,TCGA-G4-6322-01Z-00-DX1,0,0.00072272995,0
non-tumour/TCGA-G4-6322-01Z-00-DX1_16384_26624.jpg,TCGA-G4-6322,TCGA-G4-6322-01Z-00-DX1,0,8.776952e-06,0
non-tumour/TCGA-G4-6322-01Z-00-DX1_16384_4096.jpg,TCGA-G4-6322,TCGA-G4-6322-01Z-00-DX1,0,0.00021658657,0
non-tumour/TCGA-G4-6322-01Z-00-DX1_16384_4608.jpg,TCGA-G4-6322,TCGA-G4-6322-01Z-00-DX1,0,0.0009448324,0
non-tumour/TCGA-G4-6322-01Z-00-DX1_16384_5120.jpg,TCGA-G4-6322,TCGA-G4-6322-01Z-00-DX1,0,4.398998e-05,0
non-tumour/TCGA-G4-6322-01Z-00-DX1_16384_5632.jpg,TCGA-G4-6322,TCGA-G4-6322-01Z-00-DX1,0,8.1246384e-05,0
non-tumour/TCGA-G4-6322-01Z-00-DX1_16384_6144.jpg,TCGA-G4-6322,TCGA-G4-6322-01Z-00-DX1,0,1.143763e-06,0
non-tumour/TCGA-G4-6322-01Z-00-DX1_16384_6656.jpg,TCGA-G4-6322,TCGA-G4-6322-01Z-00-DX1,0,6.1348663e-07,0
non-tumour/TCGA-G4-6322-01Z-00-DX1_16384_7168.jpg,TCGA-G4-6322,TCGA-G4-6322-01Z-00-DX1,0,7.4024604e-07,0
non-tumour/TCGA-G4-6322-01Z-00-DX1_16384_8192.jpg,TCGA-G4-6322,TCGA-G4-6322-01Z-00-DX1,0,2.3508292e-06,0
non-tumour/TCGA-G4-6322-01Z-00-DX1_16384_8704.jpg,TCGA-G4-6322,TCGA-G4-6322-01Z-00-DX1,0,4.9961913e-05,0
non-tumour/TCGA-G4-6322-01Z-00-DX1_16896_1024.jpg,TCGA-G4-6322,TCGA-G4-6322-01Z-00-DX1,0,0.00031609106,0
non-tumour/TCGA-G4-6322-01Z-00-DX1_16896_10240.jpg,TCGA-G4-6322,TCGA-G4-6322-01Z-00-DX1,0,4.2637453e-06,0
non-tumour/TCGA-G4-6322-01Z-00-DX1_16896_12288.jpg,TCGA-G4-6322,TCGA-G4-6322-01Z-00-DX1,0,0.0021753937,0
non-tumour/TCGA-G4-6322-01Z-00-DX1_16896_13312.jpg,TCGA-G4-6322,TCGA-G4-6322-01Z-00-DX1,0,0.025351599,0
non-tumour/TCGA-G4-6322-01Z-00-DX1_16896_14848.jpg,TCGA-G4-6322,TCGA-G4-6322-01Z-00-DX1,0,0.33622596,0
non-tumour/TCGA-G4-6322-01Z-00-DX1_16896_15360.jpg,TCGA-G4-6322,TCGA-G4-6322-01Z-00-DX1,0,0.0038648336,0
non-tumour/TCGA-G4-6322-01Z-00-DX1_16896_15872.jpg,TCGA-G4-6322,TCGA-G4-6322-01Z-00-DX1,0,0.016299596,0
non-tumour/TCGA-G4-6322-01Z-00-DX1_16896_16896.jpg,TCGA-G4-6322,TCGA-G4-6322-01Z-00-DX1,0,0.032522827,0
non-tumour/TCGA-G4-6322-01Z-00-DX1_16896_17920.jpg,TCGA-G4-6322,TCGA-G4-6322-01Z-00-DX1,0,0.13646227,0
non-tumour/TCGA-G4-6322-01Z-00-DX1_16896_18432.jpg,TCGA-G4-6322,TCGA-G4-6322-01Z-00-DX1,0,0.050511163,0
non-tumour/TCGA-G4-6322-01Z-00-DX1_16896_19968.jpg,TCGA-G4-6322,TCGA-G4-6322-01Z-00-DX1,0,7.823935e-06,0
non-tumour/TCGA-G4-6322-01Z-00-DX1_16896_2048.jpg,TCGA-G4-6322,TCGA-G4-6322-01Z-00-DX1,0,0.00017185316,0
non-tumour/TCGA-G4-6322-01Z-00-DX1_16896_22528.jpg,TCGA-G4-6322,TCGA-G4-6322-01Z-00-DX1,0,5.482115e-07,0
non-tumour/TCGA-G4-6322-01Z-00-DX1_16896_23040.jpg,TCGA-G4-6322,TCGA-G4-6322-01Z-00-DX1,0,8.2922696e-08,0
non-tumour/TCGA-G4-6322-01Z-00-DX1_16896_23552.jpg,TCGA-G4-6322,TCGA-G4-6322-01Z-00-DX1,0,2.0462851e-08,0
non-tumour/TCGA-G4-6322-01Z-00-DX1_16896_24064.jpg,TCGA-G4-6322,TCGA-G4-6322-01Z-00-DX1,0,3.0453002e-08,0
non-tumour/TCGA-G4-6322-01Z-00-DX1_16896_25088.jpg,TCGA-G4-6322,TCGA-G4-6322-01Z-00-DX1,0,0.0013972591,0
non-tumour/TCGA-G4-6322-01Z-00-DX1_16896_26112.jpg,TCGA-G4-6322,TCGA-G4-6322-01Z-00-DX1,0,0.22687538,0
non-tumour/TCGA-G4-6322-01Z-00-DX1_16896_5120.jpg,TCGA-G4-6322,TCGA-G4-6322-01Z-00-DX1,0,3.433208e-05,0
non-tumour/TCGA-G4-6322-01Z-00-DX1_16896_6144.jpg,TCGA-G4-6322,TCGA-G4-6322-01Z-00-DX1,0,0.00060597755,0
non-tumour/TCGA-G4-6322-01Z-00-DX1_16896_7168.jpg,TCGA-G4-6322,TCGA-G4-6322-01Z-00-DX1,0,1.588644e-05,0
non-tumour/TCGA-G4-6322-01Z-00-DX1_16896_8192.jpg,TCGA-G4-6322,TCGA-G4-6322-01Z-00-DX1,0,2.7125043e-06,0
non-tumour/TCGA-G4-6322-01Z-00-DX1_16896_8704.jpg,TCGA-G4-6322,TCGA-G4-6322-01Z-00-DX1,0,8.321751e-05,0
non-tumour/TCGA-G4-6322-01Z-00-DX1_17408_10752.jpg,TCGA-G4-6322,TCGA-G4-6322-01Z-00-DX1,0,5.4361467e-06,0
non-tumour/TCGA-G4-6322-01Z-00-DX1_17408_11264.jpg,TCGA-G4-6322,TCGA-G4-6322-01Z-00-DX1,0,5.3414606e-06,0
non-tumour/TCGA-G4-6322-01Z-00-DX1_17408_1536.jpg,TCGA-G4-6322,TCGA-G4-6322-01Z-00-DX1,0,8.5737556e-05,0
non-tumour/TCGA-G4-6322-01Z-00-DX1_17408_15872.jpg,TCGA-G4-6322,TCGA-G4-6322-01Z-00-DX1,0,0.0030421633,0
non-tumour/TCGA-G4-6322-01Z-00-DX1_17408_17920.jpg,TCGA-G4-6322,TCGA-G4-6322-01Z-00-DX1,0,2.9317996e-05,0
non-tumour/TCGA-G4-6322-01Z-00-DX1_17408_18944.jpg,TCGA-G4-6322,TCGA-G4-6322-01Z-00-DX1,0,0.0074333884,0
non-tumour/TCGA-G4-6322-01Z-00-DX1_17408_2048.jpg,TCGA-G4-6322,TCGA-G4-6322-01Z-00-DX1,0,0.005240686,0
non-tumour/TCGA-G4-6322-01Z-00-DX1_17408_22016.jpg,TCGA-G4-6322,TCGA-G4-6322-01Z-00-DX1,0,4.2532852e-07,0
non-tumour/TCGA-G4-6322-01Z-00-DX1_17408_23040.jpg,TCGA-G4-6322,TCGA-G4-6322-01Z-00-DX1,0,0.011216149,0
non-tumour/TCGA-G4-6322-01Z-00-DX1_17408_24064.jpg,TCGA-G4-6322,TCGA-G4-6322-01Z-00-DX1,0,5.198943e-07,0
non-tumour/TCGA-G4-6322-01Z-00-DX1_17408_24576.jpg,TCGA-G4-6322,TCGA-G4-6322-01Z-00-DX1,0,1.7279608e-05,0
non-tumour/TCGA-G4-6322-01Z-00-DX1_17408_25600.jpg,TCGA-G4-6322,TCGA-G4-6322-01Z-00-DX1,0,0.0036275974,0
non-tumour/TCGA-G4-6322-01Z-00-DX1_17408_26112.jpg,TCGA-G4-6322,TCGA-G4-6322-01Z-00-DX1,0,0.000580415,0
non-tumour/TCGA-G4-6322-01Z-00-DX1_17408_28160.jpg,TCGA-G4-6322,TCGA-G4-6322-01Z-00-DX1,0,1.2804509e-05,0
non-tumour/TCGA-G4-6322-01Z-00-DX1_17408_6656.jpg,TCGA-G4-6322,TCGA-G4-6322-01Z-00-DX1,0,5.185886e-05,0
non-tumour/TCGA-G4-6322-01Z-00-DX1_17408_7680.jpg,TCGA-G4-6322,TCGA-G4-6322-01Z-00-DX1,0,0.013627045,0
non-tumour/TCGA-G4-6322-01Z-00-DX1_17408_8704.jpg,TCGA-G4-6322,TCGA-G4-6322-01Z-00-DX1,0,0.00037256774,0
non-tumour/TCGA-G4-6322-01Z-00-DX1_17408_9216.jpg,TCGA-G4-6322,TCGA-G4-6322-01Z-00-DX1,0,3.1397634e-05,0
non-tumour/TCGA-G4-6322-01Z-00-DX1_17920_1024.jpg,TCGA-G4-6322,TCGA-G4-6322-01Z-00-DX1,0,3.7926955e-05,0
non-tumour/TCGA-G4-6322-01Z-00-DX1_17920_11776.jpg,TCGA-G4-6322,TCGA-G4-6322-01Z-00-DX1,0,1.03386055e-05,0
non-tumour/TCGA-G4-6322-01Z-00-DX1_17920_1536.jpg,TCGA-G4-6322,TCGA-G4-6322-01Z-00-DX1,0,1.2639956e-05,0
non-tumour/TCGA-G4-6322-01Z-00-DX1_17920_17408.jpg,TCGA-G4-6322,TCGA-G4-6322-01Z-00-DX1,0,0.020481447,0
non-tumour/TCGA-G4-6322-01Z-00-DX1_17920_23040.jpg,TCGA-G4-6322,TCGA-G4-6322-01Z-00-DX1,0,0.007592222,0
non-tumour/TCGA-G4-6322-01Z-00-DX1_17920_23552.jpg,TCGA-G4-6322,TCGA-G4-6322-01Z-00-DX1,0,1.4057927e-06,0
non-tumour/TCGA-G4-6322-01Z-00-DX1_17920_25088.jpg,TCGA-G4-6322,TCGA-G4-6322-01Z-00-DX1,0,0.00010361177,0
non-tumour/TCGA-G4-6322-01Z-00-DX1_17920_25600.jpg,TCGA-G4-6322,TCGA-G4-6322-01Z-00-DX1,0,0.051212285,0
non-tumour/TCGA-G4-6322-01Z-00-DX1_17920_26112.jpg,TCGA-G4-6322,TCGA-G4-6322-01Z-00-DX1,0,0.011771246,0
non-tumour/TCGA-G4-6322-01Z-00-DX1_17920_3584.jpg,TCGA-G4-6322,TCGA-G4-6322-01Z-00-DX1,0,0.00037384548,0
non-tumour/TCGA-G4-6322-01Z-00-DX1_17920_4096.jpg,TCGA-G4-6322,TCGA-G4-6322-01Z-00-DX1,0,0.00026591748,0
non-tumour/TCGA-G4-6322-01Z-00-DX1_17920_4608.jpg,TCGA-G4-6322,TCGA-G4-6322-01Z-00-DX1,0,1.7672714e-05,0
non-tumour/TCGA-G4-6322-01Z-00-DX1_17920_512.jpg,TCGA-G4-6322,TCGA-G4-6322-01Z-00-DX1,0,9.439671e-05,0
non-tumour/TCGA-G4-6322-01Z-00-DX1_17920_6144.jpg,TCGA-G4-6322,TCGA-G4-6322-01Z-00-DX1,0,0.002522445,0
non-tumour/TCGA-G4-6322-01Z-00-DX1_17920_7168.jpg,TCGA-G4-6322,TCGA-G4-6322-01Z-00-DX1,0,5.4965534e-05,0
non-tumour/TCGA-G4-6322-01Z-00-DX1_17920_7680.jpg,TCGA-G4-6322,TCGA-G4-6322-01Z-00-DX1,0,2.3057533e-05,0
non-tumour/TCGA-G4-6322-01Z-00-DX1_17920_8192.jpg,TCGA-G4-6322,TCGA-G4-6322-01Z-00-DX1,0,1.7174825e-05,0
non-tumour/TCGA-G4-6322-01Z-00-DX1_17920_8704.jpg,TCGA-G4-6322,TCGA-G4-6322-01Z-00-DX1,0,9.781141e-08,0
non-tumour/TCGA-G4-6322-01Z-00-DX1_17920_9216.jpg,TCGA-G4-6322,TCGA-G4-6322-01Z-00-DX1,0,2.0767287e-07,0
non-tumour/TCGA-G4-6322-01Z-00-DX1_17920_9728.jpg,TCGA-G4-6322,TCGA-G4-6322-01Z-00-DX1,0,1.8723088e-06,0
non-tumour/TCGA-G4-6322-01Z-00-DX1_18432_10752.jpg,TCGA-G4-6322,TCGA-G4-6322-01Z-00-DX1,0,1.5228883e-06,0
non-tumour/TCGA-G4-6322-01Z-00-DX1_18432_11264.jpg,TCGA-G4-6322,TCGA-G4-6322-01Z-00-DX1,0,0.00045001623,0
non-tumour/TCGA-G4-6322-01Z-00-DX1_18432_1536.jpg,TCGA-G4-6322,TCGA-G4-6322-01Z-00-DX1,0,0.031505905,0
non-tumour/TCGA-G4-6322-01Z-00-DX1_18432_21504.jpg,TCGA-G4-6322,TCGA-G4-6322-01Z-00-DX1,0,4.897813e-07,0
non-tumour/TCGA-G4-6322-01Z-00-DX1_18432_22528.jpg,TCGA-G4-6322,TCGA-G4-6322-01Z-00-DX1,0,7.752509e-05,0
non-tumour/TCGA-G4-6322-01Z-00-DX1_18432_23040.jpg,TCGA-G4-6322,TCGA-G4-6322-01Z-00-DX1,0,0.06491552,0
non-tumour/TCGA-G4-6322-01Z-00-DX1_18432_23552.jpg,TCGA-G4-6322,TCGA-G4-6322-01Z-00-DX1,0,5.6620678e-08,0
non-tumour/TCGA-G4-6322-01Z-00-DX1_18432_24576.jpg,TCGA-G4-6322,TCGA-G4-6322-01Z-00-DX1,0,8.0681446e-07,0
non-tumour/TCGA-G4-6322-01Z-00-DX1_18432_25088.jpg,TCGA-G4-6322,TCGA-G4-6322-01Z-00-DX1,0,1.1866424e-06,0
non-tumour/TCGA-G4-6322-01Z-00-DX1_18432_25600.jpg,TCGA-G4-6322,TCGA-G4-6322-01Z-00-DX1,0,6.891763e-07,0
non-tumour/TCGA-G4-6322-01Z-00-DX1_18432_27136.jpg,TCGA-G4-6322,TCGA-G4-6322-01Z-00-DX1,0,0.0002151469,0
non-tumour/TCGA-G4-6322-01Z-00-DX1_18432_27648.jpg,TCGA-G4-6322,TCGA-G4-6322-01Z-00-DX1,0,0.0019356322,0
non-tumour/TCGA-G4-6322-01Z-00-DX1_18432_4608.jpg,TCGA-G4-6322,TCGA-G4-6322-01Z-00-DX1,0,0.0009793661,0
non-tumour/TCGA-G4-6322-01Z-00-DX1_18432_5120.jpg,TCGA-G4-6322,TCGA-G4-6322-01Z-00-DX1,0,4.6120094e-05,0
non-tumour/TCGA-G4-6322-01Z-00-DX1_18432_5632.jpg,TCGA-G4-6322,TCGA-G4-6322-01Z-00-DX1,0,5.2961976e-05,0
non-tumour/TCGA-G4-6322-01Z-00-DX1_18432_6656.jpg,TCGA-G4-6322,TCGA-G4-6322-01Z-00-DX1,0,5.0815157e-09,0
non-tumour/TCGA-G4-6322-01Z-00-DX1_18432_7680.jpg,TCGA-G4-6322,TCGA-G4-6322-01Z-00-DX1,0,8.599286e-05,0
non-tumour/TCGA-G4-6322-01Z-00-DX1_18432_8192.jpg,TCGA-G4-6322,TCGA-G4-6322-01Z-00-DX1,0,1.3500832e-07,0
non-tumour/TCGA-G4-6322-01Z-00-DX1_18432_9216.jpg,TCGA-G4-6322,TCGA-G4-6322-01Z-00-DX1,0,8.210369e-08,0
non-tumour/TCGA-G4-6322-01Z-00-DX1_18944_1024.jpg,TCGA-G4-6322,TCGA-G4-6322-01Z-00-DX1,0,0.07826013,0
non-tumour/TCGA-G4-6322-01Z-00-DX1_18944_11264.jpg,TCGA-G4-6322,TCGA-G4-6322-01Z-00-DX1,0,2.899117e-06,0
non-tumour/TCGA-G4-6322-01Z-00-DX1_18944_2048.jpg,TCGA-G4-6322,TCGA-G4-6322-01Z-00-DX1,0,1.4761927e-05,0
non-tumour/TCGA-G4-6322-01Z-00-DX1_18944_21504.jpg,TCGA-G4-6322,TCGA-G4-6322-01Z-00-DX1,0,3.1192224e-07,0
non-tumour/TCGA-G4-6322-01Z-00-DX1_18944_22016.jpg,TCGA-G4-6322,TCGA-G4-6322-01Z-00-DX1,0,8.0520476e-07,0
non-tumour/TCGA-G4-6322-01Z-00-DX1_18944_22528.jpg,TCGA-G4-6322,TCGA-G4-6322-01Z-00-DX1,0,0.00021692034,0
non-tumour/TCGA-G4-6322-01Z-00-DX1_18944_23040.jpg,TCGA-G4-6322,TCGA-G4-6322-01Z-00-DX1,0,0.00097607134,0
non-tumour/TCGA-G4-6322-01Z-00-DX1_18944_24064.jpg,TCGA-G4-6322,TCGA-G4-6322-01Z-00-DX1,0,0.0007773875,0
non-tumour/TCGA-G4-6322-01Z-00-DX1_18944_24576.jpg,TCGA-G4-6322,TCGA-G4-6322-01Z-00-DX1,0,2.215209e-06,0
non-tumour/TCGA-G4-6322-01Z-00-DX1_18944_25600.jpg,TCGA-G4-6322,TCGA-G4-6322-01Z-00-DX1,0,1.560085e-05,0
non-tumour/TCGA-G4-6322-01Z-00-DX1_18944_26112.jpg,TCGA-G4-6322,TCGA-G4-6322-01Z-00-DX1,0,0.00042314676,0
non-tumour/TCGA-G4-6322-01Z-00-DX1_18944_27648.jpg,TCGA-G4-6322,TCGA-G4-6322-01Z-00-DX1,0,7.142719e-05,0
non-tumour/TCGA-G4-6322-01Z-00-DX1_18944_4096.jpg,TCGA-G4-6322,TCGA-G4-6322-01Z-00-DX1,0,0.054520432,0
non-tumour/TCGA-G4-6322-01Z-00-DX1_18944_4608.jpg,TCGA-G4-6322,TCGA-G4-6322-01Z-00-DX1,0,6.63092e-05,0
non-tumour/TCGA-G4-6322-01Z-00-DX1_18944_512.jpg,TCGA-G4-6322,TCGA-G4-6322-01Z-00-DX1,0,0.00062793243,0
non-tumour/TCGA-G4-6322-01Z-00-DX1_18944_5120.jpg,TCGA-G4-6322,TCGA-G4-6322-01Z-00-DX1,0,0.014927923,0
non-tumour/TCGA-G4-6322-01Z-00-DX1_18944_5632.jpg,TCGA-G4-6322,TCGA-G4-6322-01Z-00-DX1,0,1.2135578e-05,0
non-tumour/TCGA-G4-6322-01Z-00-DX1_18944_6144.jpg,TCGA-G4-6322,TCGA-G4-6322-01Z-00-DX1,0,5.32089e-06,0
non-tumour/TCGA-G4-6322-01Z-00-DX1_18944_6656.jpg,TCGA-G4-6322,TCGA-G4-6322-01Z-00-DX1,0,3.3901614e-07,0
non-tumour/TCGA-G4-6322-01Z-00-DX1_18944_8192.jpg,TCGA-G4-6322,TCGA-G4-6322-01Z-00-DX1,0,9.62477e-06,0
non-tumour/TCGA-G4-6322-01Z-00-DX1_18944_9216.jpg,TCGA-G4-6322,TCGA-G4-6322-01Z-00-DX1,0,4.849961e-06,0
non-tumour/TCGA-G4-6322-01Z-00-DX1_19456_1024.jpg,TCGA-G4-6322,TCGA-G4-6322-01Z-00-DX1,0,0.022037346,0
non-tumour/TCGA-G4-6322-01Z-00-DX1_19456_10752.jpg,TCGA-G4-6322,TCGA-G4-6322-01Z-00-DX1,0,2.4111367e-07,0
non-tumour/TCGA-G4-6322-01Z-00-DX1_19456_1536.jpg,TCGA-G4-6322,TCGA-G4-6322-01Z-00-DX1,0,5.920358e-05,0
non-tumour/TCGA-G4-6322-01Z-00-DX1_19456_21504.jpg,TCGA-G4-6322,TCGA-G4-6322-01Z-00-DX1,0,5.728056e-07,0
non-tumour/TCGA-G4-6322-01Z-00-DX1_19456_22528.jpg,TCGA-G4-6322,TCGA-G4-6322-01Z-00-DX1,0,5.475544e-06,0
non-tumour/TCGA-G4-6322-01Z-00-DX1_19456_23040.jpg,TCGA-G4-6322,TCGA-G4-6322-01Z-00-DX1,0,7.743011e-07,0
non-tumour/TCGA-G4-6322-01Z-00-DX1_19456_24064.jpg,TCGA-G4-6322,TCGA-G4-6322-01Z-00-DX1,0,3.827331e-06,0
non-tumour/TCGA-G4-6322-01Z-00-DX1_19456_25088.jpg,TCGA-G4-6322,TCGA-G4-6322-01Z-00-DX1,0,1.3108213e-07,0
non-tumour/TCGA-G4-6322-01Z-00-DX1_19456_26112.jpg,TCGA-G4-6322,TCGA-G4-6322-01Z-00-DX1,0,0.00014028547,0
non-tumour/TCGA-G4-6322-01Z-00-DX1_19456_27136.jpg,TCGA-G4-6322,TCGA-G4-6322-01Z-00-DX1,0,0.007081215,0
non-tumour/TCGA-G4-6322-01Z-00-DX1_19456_4096.jpg,TCGA-G4-6322,TCGA-G4-6322-01Z-00-DX1,0,0.03167186,0
non-tumour/TCGA-G4-6322-01Z-00-DX1_19456_4608.jpg,TCGA-G4-6322,TCGA-G4-6322-01Z-00-DX1,0,0.0027250382,0
non-tumour/TCGA-G4-6322-01Z-00-DX1_19456_512.jpg,TCGA-G4-6322,TCGA-G4-6322-01Z-00-DX1,0,0.3842776,0
non-tumour/TCGA-G4-6322-01Z-00-DX1_19456_9728.jpg,TCGA-G4-6322,TCGA-G4-6322-01Z-00-DX1,0,5.3468525e-06,0
non-tumour/TCGA-G4-6322-01Z-00-DX1_19968_1024.jpg,TCGA-G4-6322,TCGA-G4-6322-01Z-00-DX1,0,0.00020645003,0
non-tumour/TCGA-G4-6322-01Z-00-DX1_19968_12800.jpg,TCGA-G4-6322,TCGA-G4-6322-01Z-00-DX1,0,9.9084694e-08,0
non-tumour/TCGA-G4-6322-01Z-00-DX1_19968_13824.jpg,TCGA-G4-6322,TCGA-G4-6322-01Z-00-DX1,0,8.495945e-08,0
non-tumour/TCGA-G4-6322-01Z-00-DX1_19968_18944.jpg,TCGA-G4-6322,TCGA-G4-6322-01Z-00-DX1,0,1.7576289e-06,0
non-tumour/TCGA-G4-6322-01Z-00-DX1_19968_19968.jpg,TCGA-G4-6322,TCGA-G4-6322-01Z-00-DX1,0,3.1047924e-07,0
non-tumour/TCGA-G4-6322-01Z-00-DX1_19968_20992.jpg,TCGA-G4-6322,TCGA-G4-6322-01Z-00-DX1,0,1.6111633e-07,0
non-tumour/TCGA-G4-6322-01Z-00-DX1_19968_21504.jpg,TCGA-G4-6322,TCGA-G4-6322-01Z-00-DX1,0,1.1784675e-08,0
non-tumour/TCGA-G4-6322-01Z-00-DX1_19968_23552.jpg,TCGA-G4-6322,TCGA-G4-6322-01Z-00-DX1,0,1.4670786e-07,0
non-tumour/TCGA-G4-6322-01Z-00-DX1_19968_24064.jpg,TCGA-G4-6322,TCGA-G4-6322-01Z-00-DX1,0,1.7087139e-07,0
non-tumour/TCGA-G4-6322-01Z-00-DX1_19968_27648.jpg,TCGA-G4-6322,TCGA-G4-6322-01Z-00-DX1,0,0.0014421502,0
non-tumour/TCGA-G4-6322-01Z-00-DX1_19968_3072.jpg,TCGA-G4-6322,TCGA-G4-6322-01Z-00-DX1,0,0.0145363705,0
non-tumour/TCGA-G4-6322-01Z-00-DX1_19968_3584.jpg,TCGA-G4-6322,TCGA-G4-6322-01Z-00-DX1,0,0.13989323,0
non-tumour/TCGA-G4-6322-01Z-00-DX1_19968_4096.jpg,TCGA-G4-6322,TCGA-G4-6322-01Z-00-DX1,0,0.0120984195,0
non-tumour/TCGA-G4-6322-01Z-00-DX1_19968_4608.jpg,TCGA-G4-6322,TCGA-G4-6322-01Z-00-DX1,0,9.3731236e-05,0
non-tumour/TCGA-G4-6322-01Z-00-DX1_19968_512.jpg,TCGA-G4-6322,TCGA-G4-6322-01Z-00-DX1,0,0.009369578,0
non-tumour/TCGA-G4-6322-01Z-00-DX1_19968_5632.jpg,TCGA-G4-6322,TCGA-G4-6322-01Z-00-DX1,0,4.5872153e-07,0
non-tumour/TCGA-G4-6322-01Z-00-DX1_19968_6144.jpg,TCGA-G4-6322,TCGA-G4-6322-01Z-00-DX1,0,7.679349e-06,0
non-tumour/TCGA-G4-6322-01Z-00-DX1_19968_7168.jpg,TCGA-G4-6322,TCGA-G4-6322-01Z-00-DX1,0,0.00028059995,0
non-tumour/TCGA-G4-6322-01Z-00-DX1_19968_9728.jpg,TCGA-G4-6322,TCGA-G4-6322-01Z-00-DX1,0,3.1483443e-05,0
non-tumour/TCGA-G4-6322-01Z-00-DX1_20480_12800.jpg,TCGA-G4-6322,TCGA-G4-6322-01Z-00-DX1,0,0.00023295011,0
non-tumour/TCGA-G4-6322-01Z-00-DX1_20480_1536.jpg,TCGA-G4-6322,TCGA-G4-6322-01Z-00-DX1,0,5.7072275e-06,0
non-tumour/TCGA-G4-6322-01Z-00-DX1_20480_15360.jpg,TCGA-G4-6322,TCGA-G4-6322-01Z-00-DX1,0,1.4204632e-05,0
non-tumour/TCGA-G4-6322-01Z-00-DX1_20480_18944.jpg,TCGA-G4-6322,TCGA-G4-6322-01Z-00-DX1,0,2.9843703e-09,0
non-tumour/TCGA-G4-6322-01Z-00-DX1_20480_2048.jpg,TCGA-G4-6322,TCGA-G4-6322-01Z-00-DX1,0,5.5439417e-05,0
non-tumour/TCGA-G4-6322-01Z-00-DX1_20480_20992.jpg,TCGA-G4-6322,TCGA-G4-6322-01Z-00-DX1,0,2.3381243e-07,0
non-tumour/TCGA-G4-6322-01Z-00-DX1_20480_21504.jpg,TCGA-G4-6322,TCGA-G4-6322-01Z-00-DX1,0,6.842979e-07,0
non-tumour/TCGA-G4-6322-01Z-00-DX1_20480_22016.jpg,TCGA-G4-6322,TCGA-G4-6322-01Z-00-DX1,0,1.8605574e-08,0
non-tumour/TCGA-G4-6322-01Z-00-DX1_20480_23040.jpg,TCGA-G4-6322,TCGA-G4-6322-01Z-00-DX1,0,3.926509e-06,0
non-tumour/TCGA-G4-6322-01Z-00-DX1_20480_23552.jpg,TCGA-G4-6322,TCGA-G4-6322-01Z-00-DX1,0,1.3473581e-06,0
non-tumour/TCGA-G4-6322-01Z-00-DX1_20480_24064.jpg,TCGA-G4-6322,TCGA-G4-6322-01Z-00-DX1,0,5.2020505e-06,0
non-tumour/TCGA-G4-6322-01Z-00-DX1_20480_24576.jpg,TCGA-G4-6322,TCGA-G4-6322-01Z-00-DX1,0,3.2141145e-07,0
non-tumour/TCGA-G4-6322-01Z-00-DX1_20480_25088.jpg,TCGA-G4-6322,TCGA-G4-6322-01Z-00-DX1,0,7.679972e-06,0
non-tumour/TCGA-G4-6322-01Z-00-DX1_20480_2560.jpg,TCGA-G4-6322,TCGA-G4-6322-01Z-00-DX1,0,0.019746711,0
non-tumour/TCGA-G4-6322-01Z-00-DX1_20480_26624.jpg,TCGA-G4-6322,TCGA-G4-6322-01Z-00-DX1,0,0.00020991752,0
non-tumour/TCGA-G4-6322-01Z-00-DX1_20480_27136.jpg,TCGA-G4-6322,TCGA-G4-6322-01Z-00-DX1,0,0.003603286,0
non-tumour/TCGA-G4-6322-01Z-00-DX1_20480_27648.jpg,TCGA-G4-6322,TCGA-G4-6322-01Z-00-DX1,0,0.0003160064,0
non-tumour/TCGA-G4-6322-01Z-00-DX1_20480_3072.jpg,TCGA-G4-6322,TCGA-G4-6322-01Z-00-DX1,0,0.7999821,1
non-tumour/TCGA-G4-6322-01Z-00-DX1_20480_4096.jpg,TCGA-G4-6322,TCGA-G4-6322-01Z-00-DX1,0,0.021922167,0
non-tumour/TCGA-G4-6322-01Z-00-DX1_20480_512.jpg,TCGA-G4-6322,TCGA-G4-6322-01Z-00-DX1,0,0.00039962033,0
non-tumour/TCGA-G4-6322-01Z-00-DX1_20480_5632.jpg,TCGA-G4-6322,TCGA-G4-6322-01Z-00-DX1,0,2.7697465e-06,0
non-tumour/TCGA-G4-6322-01Z-00-DX1_20480_7168.jpg,TCGA-G4-6322,TCGA-G4-6322-01Z-00-DX1,0,3.0954254e-06,0
non-tumour/TCGA-G4-6322-01Z-00-DX1_20480_8704.jpg,TCGA-G4-6322,TCGA-G4-6322-01Z-00-DX1,0,5.529709e-07,0
non-tumour/TCGA-G4-6322-01Z-00-DX1_2048_11776.jpg,TCGA-G4-6322,TCGA-G4-6322-01Z-00-DX1,0,0.28073034,0
non-tumour/TCGA-G4-6322-01Z-00-DX1_2048_12288.jpg,TCGA-G4-6322,TCGA-G4-6322-01Z-00-DX1,0,0.0034699452,0
non-tumour/TCGA-G4-6322-01Z-00-DX1_2048_13312.jpg,TCGA-G4-6322,TCGA-G4-6322-01Z-00-DX1,0,5.0651433e-05,0
non-tumour/TCGA-G4-6322-01Z-00-DX1_2048_14848.jpg,TCGA-G4-6322,TCGA-G4-6322-01Z-00-DX1,0,2.4030409e-05,0
non-tumour/TCGA-G4-6322-01Z-00-DX1_2048_5120.jpg,TCGA-G4-6322,TCGA-G4-6322-01Z-00-DX1,0,0.0014912623,0
non-tumour/TCGA-G4-6322-01Z-00-DX1_2048_7680.jpg,TCGA-G4-6322,TCGA-G4-6322-01Z-00-DX1,0,0.00012601388,0
non-tumour/TCGA-G4-6322-01Z-00-DX1_2048_9216.jpg,TCGA-G4-6322,TCGA-G4-6322-01Z-00-DX1,0,0.20312735,0
non-tumour/TCGA-G4-6322-01Z-00-DX1_2048_9728.jpg,TCGA-G4-6322,TCGA-G4-6322-01Z-00-DX1,0,0.2992659,0
non-tumour/TCGA-G4-6322-01Z-00-DX1_20992_1024.jpg,TCGA-G4-6322,TCGA-G4-6322-01Z-00-DX1,0,1.146307e-05,0
non-tumour/TCGA-G4-6322-01Z-00-DX1_20992_11776.jpg,TCGA-G4-6322,TCGA-G4-6322-01Z-00-DX1,0,2.1343918e-09,0
non-tumour/TCGA-G4-6322-01Z-00-DX1_20992_12288.jpg,TCGA-G4-6322,TCGA-G4-6322-01Z-00-DX1,0,1.5823393e-06,0
non-tumour/TCGA-G4-6322-01Z-00-DX1_20992_12800.jpg,TCGA-G4-6322,TCGA-G4-6322-01Z-00-DX1,0,3.426293e-06,0
non-tumour/TCGA-G4-6322-01Z-00-DX1_20992_13312.jpg,TCGA-G4-6322,TCGA-G4-6322-01Z-00-DX1,0,6.7237943e-07,0
non-tumour/TCGA-G4-6322-01Z-00-DX1_20992_14848.jpg,TCGA-G4-6322,TCGA-G4-6322-01Z-00-DX1,0,0.0024368174,0
non-tumour/TCGA-G4-6322-01Z-00-DX1_20992_1536.jpg,TCGA-G4-6322,TCGA-G4-6322-01Z-00-DX1,0,7.330495e-07,0
non-tumour/TCGA-G4-6322-01Z-00-DX1_20992_15360.jpg,TCGA-G4-6322,TCGA-G4-6322-01Z-00-DX1,0,4.150477e-07,0
non-tumour/TCGA-G4-6322-01Z-00-DX1_20992_19456.jpg,TCGA-G4-6322,TCGA-G4-6322-01Z-00-DX1,0,3.6502049e-10,0
non-tumour/TCGA-G4-6322-01Z-00-DX1_20992_19968.jpg,TCGA-G4-6322,TCGA-G4-6322-01Z-00-DX1,0,2.5186022e-05,0
non-tumour/TCGA-G4-6322-01Z-00-DX1_20992_2048.jpg,TCGA-G4-6322,TCGA-G4-6322-01Z-00-DX1,0,6.133114e-05,0
non-tumour/TCGA-G4-6322-01Z-00-DX1_20992_20480.jpg,TCGA-G4-6322,TCGA-G4-6322-01Z-00-DX1,0,5.008536e-06,0
non-tumour/TCGA-G4-6322-01Z-00-DX1_20992_23040.jpg,TCGA-G4-6322,TCGA-G4-6322-01Z-00-DX1,0,2.1412903e-05,0
non-tumour/TCGA-G4-6322-01Z-00-DX1_20992_23552.jpg,TCGA-G4-6322,TCGA-G4-6322-01Z-00-DX1,0,0.0009965417,0
non-tumour/TCGA-G4-6322-01Z-00-DX1_20992_24064.jpg,TCGA-G4-6322,TCGA-G4-6322-01Z-00-DX1,0,5.38605e-06,0
non-tumour/TCGA-G4-6322-01Z-00-DX1_20992_24576.jpg,TCGA-G4-6322,TCGA-G4-6322-01Z-00-DX1,0,1.4623953e-06,0
non-tumour/TCGA-G4-6322-01Z-00-DX1_20992_2560.jpg,TCGA-G4-6322,TCGA-G4-6322-01Z-00-DX1,0,0.0035269712,0
non-tumour/TCGA-G4-6322-01Z-00-DX1_20992_25600.jpg,TCGA-G4-6322,TCGA-G4-6322-01Z-00-DX1,0,0.00066401396,0
non-tumour/TCGA-G4-6322-01Z-00-DX1_20992_27136.jpg,TCGA-G4-6322,TCGA-G4-6322-01Z-00-DX1,0,0.0015902452,0
non-tumour/TCGA-G4-6322-01Z-00-DX1_20992_28160.jpg,TCGA-G4-6322,TCGA-G4-6322-01Z-00-DX1,0,0.009822234,0
non-tumour/TCGA-G4-6322-01Z-00-DX1_20992_3584.jpg,TCGA-G4-6322,TCGA-G4-6322-01Z-00-DX1,0,1.3289282e-05,0
non-tumour/TCGA-G4-6322-01Z-00-DX1_20992_4096.jpg,TCGA-G4-6322,TCGA-G4-6322-01Z-00-DX1,0,3.0205035e-06,0
non-tumour/TCGA-G4-6322-01Z-00-DX1_20992_5120.jpg,TCGA-G4-6322,TCGA-G4-6322-01Z-00-DX1,0,1.1959843e-07,0
non-tumour/TCGA-G4-6322-01Z-00-DX1_20992_6656.jpg,TCGA-G4-6322,TCGA-G4-6322-01Z-00-DX1,0,3.1684973e-05,0
non-tumour/TCGA-G4-6322-01Z-00-DX1_20992_8192.jpg,TCGA-G4-6322,TCGA-G4-6322-01Z-00-DX1,0,1.2562317e-06,0
non-tumour/TCGA-G4-6322-01Z-00-DX1_20992_9728.jpg,TCGA-G4-6322,TCGA-G4-6322-01Z-00-DX1,0,4.4664953e-06,0
non-tumour/TCGA-G4-6322-01Z-00-DX1_21504_1024.jpg,TCGA-G4-6322,TCGA-G4-6322-01Z-00-DX1,0,5.998143e-05,0
non-tumour/TCGA-G4-6322-01Z-00-DX1_21504_12800.jpg,TCGA-G4-6322,TCGA-G4-6322-01Z-00-DX1,0,2.1464024e-09,0
non-tumour/TCGA-G4-6322-01Z-00-DX1_21504_16384.jpg,TCGA-G4-6322,TCGA-G4-6322-01Z-00-DX1,0,1.1069875e-05,0
non-tumour/TCGA-G4-6322-01Z-00-DX1_21504_16896.jpg,TCGA-G4-6322,TCGA-G4-6322-01Z-00-DX1,0,9.629958e-08,0
non-tumour/TCGA-G4-6322-01Z-00-DX1_21504_17408.jpg,TCGA-G4-6322,TCGA-G4-6322-01Z-00-DX1,0,2.0360136e-05,0
non-tumour/TCGA-G4-6322-01Z-00-DX1_21504_17920.jpg,TCGA-G4-6322,TCGA-G4-6322-01Z-00-DX1,0,0.00050174264,0
non-tumour/TCGA-G4-6322-01Z-00-DX1_21504_18432.jpg,TCGA-G4-6322,TCGA-G4-6322-01Z-00-DX1,0,0.001082457,0
non-tumour/TCGA-G4-6322-01Z-00-DX1_21504_19968.jpg,TCGA-G4-6322,TCGA-G4-6322-01Z-00-DX1,0,1.4772668e-08,0
non-tumour/TCGA-G4-6322-01Z-00-DX1_21504_20480.jpg,TCGA-G4-6322,TCGA-G4-6322-01Z-00-DX1,0,8.69689e-08,0
non-tumour/TCGA-G4-6322-01Z-00-DX1_21504_20992.jpg,TCGA-G4-6322,TCGA-G4-6322-01Z-00-DX1,0,0.00017318196,0
non-tumour/TCGA-G4-6322-01Z-00-DX1_21504_22016.jpg,TCGA-G4-6322,TCGA-G4-6322-01Z-00-DX1,0,0.01483753,0
non-tumour/TCGA-G4-6322-01Z-00-DX1_21504_23552.jpg,TCGA-G4-6322,TCGA-G4-6322-01Z-00-DX1,0,0.0010889682,0
non-tumour/TCGA-G4-6322-01Z-00-DX1_21504_24064.jpg,TCGA-G4-6322,TCGA-G4-6322-01Z-00-DX1,0,7.735288e-09,0
non-tumour/TCGA-G4-6322-01Z-00-DX1_21504_25088.jpg,TCGA-G4-6322,TCGA-G4-6322-01Z-00-DX1,0,0.00019217911,0
non-tumour/TCGA-G4-6322-01Z-00-DX1_21504_25600.jpg,TCGA-G4-6322,TCGA-G4-6322-01Z-00-DX1,0,0.003577833,0
non-tumour/TCGA-G4-6322-01Z-00-DX1_21504_26624.jpg,TCGA-G4-6322,TCGA-G4-6322-01Z-00-DX1,0,0.0013177916,0
non-tumour/TCGA-G4-6322-01Z-00-DX1_21504_27136.jpg,TCGA-G4-6322,TCGA-G4-6322-01Z-00-DX1,0,0.043129344,0
non-tumour/TCGA-G4-6322-01Z-00-DX1_21504_27648.jpg,TCGA-G4-6322,TCGA-G4-6322-01Z-00-DX1,0,0.00474793,0
non-tumour/TCGA-G4-6322-01Z-00-DX1_21504_28160.jpg,TCGA-G4-6322,TCGA-G4-6322-01Z-00-DX1,0,0.007914323,0
non-tumour/TCGA-G4-6322-01Z-00-DX1_21504_3072.jpg,TCGA-G4-6322,TCGA-G4-6322-01Z-00-DX1,0,0.0012403782,0
non-tumour/TCGA-G4-6322-01Z-00-DX1_21504_4096.jpg,TCGA-G4-6322,TCGA-G4-6322-01Z-00-DX1,0,1.8069803e-05,0
non-tumour/TCGA-G4-6322-01Z-00-DX1_21504_512.jpg,TCGA-G4-6322,TCGA-G4-6322-01Z-00-DX1,0,2.7590866e-05,0
non-tumour/TCGA-G4-6322-01Z-00-DX1_21504_5120.jpg,TCGA-G4-6322,TCGA-G4-6322-01Z-00-DX1,0,0.0001262034,0
non-tumour/TCGA-G4-6322-01Z-00-DX1_21504_5632.jpg,TCGA-G4-6322,TCGA-G4-6322-01Z-00-DX1,0,1.0646779e-06,0
non-tumour/TCGA-G4-6322-01Z-00-DX1_21504_6144.jpg,TCGA-G4-6322,TCGA-G4-6322-01Z-00-DX1,0,6.435686e-06,0
non-tumour/TCGA-G4-6322-01Z-00-DX1_21504_6656.jpg,TCGA-G4-6322,TCGA-G4-6322-01Z-00-DX1,0,9.593705e-06,0
non-tumour/TCGA-G4-6322-01Z-00-DX1_21504_7168.jpg,TCGA-G4-6322,TCGA-G4-6322-01Z-00-DX1,0,3.7023842e-06,0
non-tumour/TCGA-G4-6322-01Z-00-DX1_21504_7680.jpg,TCGA-G4-6322,TCGA-G4-6322-01Z-00-DX1,0,0.0007025302,0
non-tumour/TCGA-G4-6322-01Z-00-DX1_21504_8704.jpg,TCGA-G4-6322,TCGA-G4-6322-01Z-00-DX1,0,6.9561174e-06,0
non-tumour/TCGA-G4-6322-01Z-00-DX1_21504_9216.jpg,TCGA-G4-6322,TCGA-G4-6322-01Z-00-DX1,0,3.0504341e-07,0
non-tumour/TCGA-G4-6322-01Z-00-DX1_22016_11776.jpg,TCGA-G4-6322,TCGA-G4-6322-01Z-00-DX1,0,1.0008308e-06,0
non-tumour/TCGA-G4-6322-01Z-00-DX1_22016_14336.jpg,TCGA-G4-6322,TCGA-G4-6322-01Z-00-DX1,0,4.6848756e-05,0
non-tumour/TCGA-G4-6322-01Z-00-DX1_22016_15872.jpg,TCGA-G4-6322,TCGA-G4-6322-01Z-00-DX1,0,1.1036197e-05,0
non-tumour/TCGA-G4-6322-01Z-00-DX1_22016_16384.jpg,TCGA-G4-6322,TCGA-G4-6322-01Z-00-DX1,0,3.4238208e-05,0
non-tumour/TCGA-G4-6322-01Z-00-DX1_22016_16896.jpg,TCGA-G4-6322,TCGA-G4-6322-01Z-00-DX1,0,0.00018881707,0
non-tumour/TCGA-G4-6322-01Z-00-DX1_22016_17408.jpg,TCGA-G4-6322,TCGA-G4-6322-01Z-00-DX1,0,4.6487353e-06,0
non-tumour/TCGA-G4-6322-01Z-00-DX1_22016_17920.jpg,TCGA-G4-6322,TCGA-G4-6322-01Z-00-DX1,0,2.534635e-08,0
non-tumour/TCGA-G4-6322-01Z-00-DX1_22016_18432.jpg,TCGA-G4-6322,TCGA-G4-6322-01Z-00-DX1,0,2.4388253e-05,0
non-tumour/TCGA-G4-6322-01Z-00-DX1_22016_2048.jpg,TCGA-G4-6322,TCGA-G4-6322-01Z-00-DX1,0,1.3358761e-05,0
non-tumour/TCGA-G4-6322-01Z-00-DX1_22016_22016.jpg,TCGA-G4-6322,TCGA-G4-6322-01Z-00-DX1,0,2.4841427e-05,0
non-tumour/TCGA-G4-6322-01Z-00-DX1_22016_22528.jpg,TCGA-G4-6322,TCGA-G4-6322-01Z-00-DX1,0,5.162306e-05,0
non-tumour/TCGA-G4-6322-01Z-00-DX1_22016_23552.jpg,TCGA-G4-6322,TCGA-G4-6322-01Z-00-DX1,0,2.6762382e-07,0
non-tumour/TCGA-G4-6322-01Z-00-DX1_22016_24064.jpg,TCGA-G4-6322,TCGA-G4-6322-01Z-00-DX1,0,0.00027736192,0
non-tumour/TCGA-G4-6322-01Z-00-DX1_22016_25088.jpg,TCGA-G4-6322,TCGA-G4-6322-01Z-00-DX1,0,0.00011827224,0
non-tumour/TCGA-G4-6322-01Z-00-DX1_22016_26112.jpg,TCGA-G4-6322,TCGA-G4-6322-01Z-00-DX1,0,0.0009009963,0
non-tumour/TCGA-G4-6322-01Z-00-DX1_22016_27136.jpg,TCGA-G4-6322,TCGA-G4-6322-01Z-00-DX1,0,0.00025447112,0
non-tumour/TCGA-G4-6322-01Z-00-DX1_22016_27648.jpg,TCGA-G4-6322,TCGA-G4-6322-01Z-00-DX1,0,0.004076188,0
non-tumour/TCGA-G4-6322-01Z-00-DX1_22016_5120.jpg,TCGA-G4-6322,TCGA-G4-6322-01Z-00-DX1,0,4.4266332e-07,0
non-tumour/TCGA-G4-6322-01Z-00-DX1_22016_6144.jpg,TCGA-G4-6322,TCGA-G4-6322-01Z-00-DX1,0,5.4509528e-05,0
non-tumour/TCGA-G4-6322-01Z-00-DX1_22016_7168.jpg,TCGA-G4-6322,TCGA-G4-6322-01Z-00-DX1,0,0.00027426213,0
non-tumour/TCGA-G4-6322-01Z-00-DX1_22016_9216.jpg,TCGA-G4-6322,TCGA-G4-6322-01Z-00-DX1,0,1.3886238e-06,0
non-tumour/TCGA-G4-6322-01Z-00-DX1_22016_9728.jpg,TCGA-G4-6322,TCGA-G4-6322-01Z-00-DX1,0,9.308049e-05,0
non-tumour/TCGA-G4-6322-01Z-00-DX1_22528_1024.jpg,TCGA-G4-6322,TCGA-G4-6322-01Z-00-DX1,0,3.530611e-06,0
non-tumour/TCGA-G4-6322-01Z-00-DX1_22528_12800.jpg,TCGA-G4-6322,TCGA-G4-6322-01Z-00-DX1,0,3.6034845e-07,0
non-tumour/TCGA-G4-6322-01Z-00-DX1_22528_14848.jpg,TCGA-G4-6322,TCGA-G4-6322-01Z-00-DX1,0,1.0042326e-06,0
non-tumour/TCGA-G4-6322-01Z-00-DX1_22528_1536.jpg,TCGA-G4-6322,TCGA-G4-6322-01Z-00-DX1,0,2.8045612e-05,0
non-tumour/TCGA-G4-6322-01Z-00-DX1_22528_15872.jpg,TCGA-G4-6322,TCGA-G4-6322-01Z-00-DX1,0,4.1041094e-06,0
non-tumour/TCGA-G4-6322-01Z-00-DX1_22528_16384.jpg,TCGA-G4-6322,TCGA-G4-6322-01Z-00-DX1,0,1.11211996e-07,0
non-tumour/TCGA-G4-6322-01Z-00-DX1_22528_17408.jpg,TCGA-G4-6322,TCGA-G4-6322-01Z-00-DX1,0,1.17839264e-07,0
non-tumour/TCGA-G4-6322-01Z-00-DX1_22528_18432.jpg,TCGA-G4-6322,TCGA-G4-6322-01Z-00-DX1,0,1.2427455e-08,0
non-tumour/TCGA-G4-6322-01Z-00-DX1_22528_2048.jpg,TCGA-G4-6322,TCGA-G4-6322-01Z-00-DX1,0,7.4025024e-07,0
non-tumour/TCGA-G4-6322-01Z-00-DX1_22528_21504.jpg,TCGA-G4-6322,TCGA-G4-6322-01Z-00-DX1,0,2.6997091e-05,0
non-tumour/TCGA-G4-6322-01Z-00-DX1_22528_22528.jpg,TCGA-G4-6322,TCGA-G4-6322-01Z-00-DX1,0,2.788522e-06,0
non-tumour/TCGA-G4-6322-01Z-00-DX1_22528_23040.jpg,TCGA-G4-6322,TCGA-G4-6322-01Z-00-DX1,0,0.00022620372,0
non-tumour/TCGA-G4-6322-01Z-00-DX1_22528_23552.jpg,TCGA-G4-6322,TCGA-G4-6322-01Z-00-DX1,0,2.3379524e-05,0
non-tumour/TCGA-G4-6322-01Z-00-DX1_22528_25600.jpg,TCGA-G4-6322,TCGA-G4-6322-01Z-00-DX1,0,0.0009908656,0
non-tumour/TCGA-G4-6322-01Z-00-DX1_22528_26112.jpg,TCGA-G4-6322,TCGA-G4-6322-01Z-00-DX1,0,0.0010071496,0
non-tumour/TCGA-G4-6322-01Z-00-DX1_22528_26624.jpg,TCGA-G4-6322,TCGA-G4-6322-01Z-00-DX1,0,0.00047060542,0
non-tumour/TCGA-G4-6322-01Z-00-DX1_22528_28160.jpg,TCGA-G4-6322,TCGA-G4-6322-01Z-00-DX1,0,0.008653913,0
non-tumour/TCGA-G4-6322-01Z-00-DX1_22528_3072.jpg,TCGA-G4-6322,TCGA-G4-6322-01Z-00-DX1,0,3.2998407e-05,0
non-tumour/TCGA-G4-6322-01Z-00-DX1_22528_8192.jpg,TCGA-G4-6322,TCGA-G4-6322-01Z-00-DX1,0,2.0726206e-06,0
non-tumour/TCGA-G4-6322-01Z-00-DX1_22528_8704.jpg,TCGA-G4-6322,TCGA-G4-6322-01Z-00-DX1,0,0.0077273506,0
non-tumour/TCGA-G4-6322-01Z-00-DX1_22528_9216.jpg,TCGA-G4-6322,TCGA-G4-6322-01Z-00-DX1,0,0.000117475895,0
non-tumour/TCGA-G4-6322-01Z-00-DX1_23040_1024.jpg,TCGA-G4-6322,TCGA-G4-6322-01Z-00-DX1,0,2.8307331e-06,0
non-tumour/TCGA-G4-6322-01Z-00-DX1_23040_12800.jpg,TCGA-G4-6322,TCGA-G4-6322-01Z-00-DX1,0,7.654184e-06,0
non-tumour/TCGA-G4-6322-01Z-00-DX1_23040_13824.jpg,TCGA-G4-6322,TCGA-G4-6322-01Z-00-DX1,0,0.00051761424,0
non-tumour/TCGA-G4-6322-01Z-00-DX1_23040_14336.jpg,TCGA-G4-6322,TCGA-G4-6322-01Z-00-DX1,0,2.0139716e-05,0
non-tumour/TCGA-G4-6322-01Z-00-DX1_23040_14848.jpg,TCGA-G4-6322,TCGA-G4-6322-01Z-00-DX1,0,4.6991659e-07,0
non-tumour/TCGA-G4-6322-01Z-00-DX1_23040_1536.jpg,TCGA-G4-6322,TCGA-G4-6322-01Z-00-DX1,0,2.5697065e-05,0
non-tumour/TCGA-G4-6322-01Z-00-DX1_23040_15360.jpg,TCGA-G4-6322,TCGA-G4-6322-01Z-00-DX1,0,0.00083881547,0
non-tumour/TCGA-G4-6322-01Z-00-DX1_23040_15872.jpg,TCGA-G4-6322,TCGA-G4-6322-01Z-00-DX1,0,3.6124497e-05,0
non-tumour/TCGA-G4-6322-01Z-00-DX1_23040_16896.jpg,TCGA-G4-6322,TCGA-G4-6322-01Z-00-DX1,0,4.3926802e-06,0
non-tumour/TCGA-G4-6322-01Z-00-DX1_23040_17920.jpg,TCGA-G4-6322,TCGA-G4-6322-01Z-00-DX1,0,8.2647326e-05,0
non-tumour/TCGA-G4-6322-01Z-00-DX1_23040_21504.jpg,TCGA-G4-6322,TCGA-G4-6322-01Z-00-DX1,0,0.0022785445,0
non-tumour/TCGA-G4-6322-01Z-00-DX1_23040_23552.jpg,TCGA-G4-6322,TCGA-G4-6322-01Z-00-DX1,0,0.00063402095,0
non-tumour/TCGA-G4-6322-01Z-00-DX1_23040_24064.jpg,TCGA-G4-6322,TCGA-G4-6322-01Z-00-DX1,0,0.0007397696,0
non-tumour/TCGA-G4-6322-01Z-00-DX1_23040_25088.jpg,TCGA-G4-6322,TCGA-G4-6322-01Z-00-DX1,0,0.0008319629,0
non-tumour/TCGA-G4-6322-01Z-00-DX1_23040_2560.jpg,TCGA-G4-6322,TCGA-G4-6322-01Z-00-DX1,0,6.337258e-06,0
non-tumour/TCGA-G4-6322-01Z-00-DX1_23040_28672.jpg,TCGA-G4-6322,TCGA-G4-6322-01Z-00-DX1,0,0.014829397,0
non-tumour/TCGA-G4-6322-01Z-00-DX1_23040_29696.jpg,TCGA-G4-6322,TCGA-G4-6322-01Z-00-DX1,0,0.028089775,0
non-tumour/TCGA-G4-6322-01Z-00-DX1_23040_3584.jpg,TCGA-G4-6322,TCGA-G4-6322-01Z-00-DX1,0,6.705592e-05,0
non-tumour/TCGA-G4-6322-01Z-00-DX1_23040_512.jpg,TCGA-G4-6322,TCGA-G4-6322-01Z-00-DX1,0,2.6250678e-05,0
non-tumour/TCGA-G4-6322-01Z-00-DX1_23040_5120.jpg,TCGA-G4-6322,TCGA-G4-6322-01Z-00-DX1,0,0.00049435126,0
non-tumour/TCGA-G4-6322-01Z-00-DX1_23040_6656.jpg,TCGA-G4-6322,TCGA-G4-6322-01Z-00-DX1,0,1.1248585e-05,0
non-tumour/TCGA-G4-6322-01Z-00-DX1_23040_7168.jpg,TCGA-G4-6322,TCGA-G4-6322-01Z-00-DX1,0,0.008219265,0
non-tumour/TCGA-G4-6322-01Z-00-DX1_23040_8192.jpg,TCGA-G4-6322,TCGA-G4-6322-01Z-00-DX1,0,6.136283e-07,0
non-tumour/TCGA-G4-6322-01Z-00-DX1_23040_8704.jpg,TCGA-G4-6322,TCGA-G4-6322-01Z-00-DX1,0,0.0016114342,0
non-tumour/TCGA-G4-6322-01Z-00-DX1_23040_9728.jpg,TCGA-G4-6322,TCGA-G4-6322-01Z-00-DX1,0,0.00013464695,0
non-tumour/TCGA-G4-6322-01Z-00-DX1_23552_12288.jpg,TCGA-G4-6322,TCGA-G4-6322-01Z-00-DX1,0,1.180908e-07,0
non-tumour/TCGA-G4-6322-01Z-00-DX1_23552_13824.jpg,TCGA-G4-6322,TCGA-G4-6322-01Z-00-DX1,0,5.745362e-06,0
non-tumour/TCGA-G4-6322-01Z-00-DX1_23552_15360.jpg,TCGA-G4-6322,TCGA-G4-6322-01Z-00-DX1,0,1.4552381e-08,0
non-tumour/TCGA-G4-6322-01Z-00-DX1_23552_15872.jpg,TCGA-G4-6322,TCGA-G4-6322-01Z-00-DX1,0,8.453093e-07,0
non-tumour/TCGA-G4-6322-01Z-00-DX1_23552_16384.jpg,TCGA-G4-6322,TCGA-G4-6322-01Z-00-DX1,0,2.2443418e-08,0
non-tumour/TCGA-G4-6322-01Z-00-DX1_23552_17920.jpg,TCGA-G4-6322,TCGA-G4-6322-01Z-00-DX1,0,0.0017641439,0
non-tumour/TCGA-G4-6322-01Z-00-DX1_23552_18432.jpg,TCGA-G4-6322,TCGA-G4-6322-01Z-00-DX1,0,1.6928354e-05,0
non-tumour/TCGA-G4-6322-01Z-00-DX1_23552_22016.jpg,TCGA-G4-6322,TCGA-G4-6322-01Z-00-DX1,0,4.80677e-05,0
non-tumour/TCGA-G4-6322-01Z-00-DX1_23552_23552.jpg,TCGA-G4-6322,TCGA-G4-6322-01Z-00-DX1,0,0.0007093509,0
non-tumour/TCGA-G4-6322-01Z-00-DX1_23552_25088.jpg,TCGA-G4-6322,TCGA-G4-6322-01Z-00-DX1,0,0.005881272,0
non-tumour/TCGA-G4-6322-01Z-00-DX1_23552_26112.jpg,TCGA-G4-6322,TCGA-G4-6322-01Z-00-DX1,0,0.0010846711,0
non-tumour/TCGA-G4-6322-01Z-00-DX1_23552_28160.jpg,TCGA-G4-6322,TCGA-G4-6322-01Z-00-DX1,0,0.0028910541,0
non-tumour/TCGA-G4-6322-01Z-00-DX1_23552_29184.jpg,TCGA-G4-6322,TCGA-G4-6322-01Z-00-DX1,0,0.0030983991,0
non-tumour/TCGA-G4-6322-01Z-00-DX1_23552_29696.jpg,TCGA-G4-6322,TCGA-G4-6322-01Z-00-DX1,0,0.0041940785,0
non-tumour/TCGA-G4-6322-01Z-00-DX1_23552_3072.jpg,TCGA-G4-6322,TCGA-G4-6322-01Z-00-DX1,0,8.721609e-05,0
non-tumour/TCGA-G4-6322-01Z-00-DX1_23552_5632.jpg,TCGA-G4-6322,TCGA-G4-6322-01Z-00-DX1,0,8.8580135e-05,0
non-tumour/TCGA-G4-6322-01Z-00-DX1_23552_7680.jpg,TCGA-G4-6322,TCGA-G4-6322-01Z-00-DX1,0,6.5059396e-07,0
non-tumour/TCGA-G4-6322-01Z-00-DX1_23552_8704.jpg,TCGA-G4-6322,TCGA-G4-6322-01Z-00-DX1,0,3.3362317e-05,0
non-tumour/TCGA-G4-6322-01Z-00-DX1_23552_9728.jpg,TCGA-G4-6322,TCGA-G4-6322-01Z-00-DX1,0,2.4494225e-06,0
non-tumour/TCGA-G4-6322-01Z-00-DX1_24064_13312.jpg,TCGA-G4-6322,TCGA-G4-6322-01Z-00-DX1,0,8.376074e-08,0
non-tumour/TCGA-G4-6322-01Z-00-DX1_24064_14848.jpg,TCGA-G4-6322,TCGA-G4-6322-01Z-00-DX1,0,6.607745e-08,0
non-tumour/TCGA-G4-6322-01Z-00-DX1_24064_1536.jpg,TCGA-G4-6322,TCGA-G4-6322-01Z-00-DX1,0,1.6954544e-05,0
non-tumour/TCGA-G4-6322-01Z-00-DX1_24064_15872.jpg,TCGA-G4-6322,TCGA-G4-6322-01Z-00-DX1,0,1.9025103e-07,0
non-tumour/TCGA-G4-6322-01Z-00-DX1_24064_17408.jpg,TCGA-G4-6322,TCGA-G4-6322-01Z-00-DX1,0,0.0006229869,0
non-tumour/TCGA-G4-6322-01Z-00-DX1_24064_17920.jpg,TCGA-G4-6322,TCGA-G4-6322-01Z-00-DX1,0,0.00013206629,0
non-tumour/TCGA-G4-6322-01Z-00-DX1_24064_19456.jpg,TCGA-G4-6322,TCGA-G4-6322-01Z-00-DX1,0,8.08846e-05,0
non-tumour/TCGA-G4-6322-01Z-00-DX1_24064_19968.jpg,TCGA-G4-6322,TCGA-G4-6322-01Z-00-DX1,0,8.9605484e-05,0
non-tumour/TCGA-G4-6322-01Z-00-DX1_24064_22528.jpg,TCGA-G4-6322,TCGA-G4-6322-01Z-00-DX1,0,0.0003544127,0
non-tumour/TCGA-G4-6322-01Z-00-DX1_24064_24576.jpg,TCGA-G4-6322,TCGA-G4-6322-01Z-00-DX1,0,0.005859222,0
non-tumour/TCGA-G4-6322-01Z-00-DX1_24064_25088.jpg,TCGA-G4-6322,TCGA-G4-6322-01Z-00-DX1,0,0.00063715084,0
non-tumour/TCGA-G4-6322-01Z-00-DX1_24064_2560.jpg,TCGA-G4-6322,TCGA-G4-6322-01Z-00-DX1,0,3.4987488e-06,0
non-tumour/TCGA-G4-6322-01Z-00-DX1_24064_25600.jpg,TCGA-G4-6322,TCGA-G4-6322-01Z-00-DX1,0,0.0017572523,0
non-tumour/TCGA-G4-6322-01Z-00-DX1_24064_26112.jpg,TCGA-G4-6322,TCGA-G4-6322-01Z-00-DX1,0,0.00107555,0
non-tumour/TCGA-G4-6322-01Z-00-DX1_24064_26624.jpg,TCGA-G4-6322,TCGA-G4-6322-01Z-00-DX1,0,0.0021454357,0
non-tumour/TCGA-G4-6322-01Z-00-DX1_24064_27136.jpg,TCGA-G4-6322,TCGA-G4-6322-01Z-00-DX1,0,0.0014895521,0
non-tumour/TCGA-G4-6322-01Z-00-DX1_24064_28672.jpg,TCGA-G4-6322,TCGA-G4-6322-01Z-00-DX1,0,0.008596812,0
non-tumour/TCGA-G4-6322-01Z-00-DX1_24064_29696.jpg,TCGA-G4-6322,TCGA-G4-6322-01Z-00-DX1,0,0.0069818003,0
non-tumour/TCGA-G4-6322-01Z-00-DX1_24064_3072.jpg,TCGA-G4-6322,TCGA-G4-6322-01Z-00-DX1,0,0.0002208271,0
non-tumour/TCGA-G4-6322-01Z-00-DX1_24064_3584.jpg,TCGA-G4-6322,TCGA-G4-6322-01Z-00-DX1,0,4.6314588e-05,0
non-tumour/TCGA-G4-6322-01Z-00-DX1_24064_4608.jpg,TCGA-G4-6322,TCGA-G4-6322-01Z-00-DX1,0,2.4988096e-05,0
non-tumour/TCGA-G4-6322-01Z-00-DX1_24064_512.jpg,TCGA-G4-6322,TCGA-G4-6322-01Z-00-DX1,0,4.6830042e-05,0
non-tumour/TCGA-G4-6322-01Z-00-DX1_24064_5120.jpg,TCGA-G4-6322,TCGA-G4-6322-01Z-00-DX1,0,5.578577e-07,0
non-tumour/TCGA-G4-6322-01Z-00-DX1_24064_5632.jpg,TCGA-G4-6322,TCGA-G4-6322-01Z-00-DX1,0,0.00040478603,0
non-tumour/TCGA-G4-6322-01Z-00-DX1_24064_6144.jpg,TCGA-G4-6322,TCGA-G4-6322-01Z-00-DX1,0,0.00018551985,0
non-tumour/TCGA-G4-6322-01Z-00-DX1_24064_8704.jpg,TCGA-G4-6322,TCGA-G4-6322-01Z-00-DX1,0,5.5191576e-06,0
non-tumour/TCGA-G4-6322-01Z-00-DX1_24064_9728.jpg,TCGA-G4-6322,TCGA-G4-6322-01Z-00-DX1,0,2.15863e-05,0
non-tumour/TCGA-G4-6322-01Z-00-DX1_24576_12800.jpg,TCGA-G4-6322,TCGA-G4-6322-01Z-00-DX1,0,2.3685307e-06,0
non-tumour/TCGA-G4-6322-01Z-00-DX1_24576_13824.jpg,TCGA-G4-6322,TCGA-G4-6322-01Z-00-DX1,0,2.3678658e-07,0
non-tumour/TCGA-G4-6322-01Z-00-DX1_24576_14848.jpg,TCGA-G4-6322,TCGA-G4-6322-01Z-00-DX1,0,2.2534089e-06,0
non-tumour/TCGA-G4-6322-01Z-00-DX1_24576_1536.jpg,TCGA-G4-6322,TCGA-G4-6322-01Z-00-DX1,0,4.0514288e-07,0
non-tumour/TCGA-G4-6322-01Z-00-DX1_24576_15360.jpg,TCGA-G4-6322,TCGA-G4-6322-01Z-00-DX1,0,1.8777484e-06,0
non-tumour/TCGA-G4-6322-01Z-00-DX1_24576_16896.jpg,TCGA-G4-6322,TCGA-G4-6322-01Z-00-DX1,0,0.000181384,0
non-tumour/TCGA-G4-6322-01Z-00-DX1_24576_17408.jpg,TCGA-G4-6322,TCGA-G4-6322-01Z-00-DX1,0,1.4019462e-06,0
non-tumour/TCGA-G4-6322-01Z-00-DX1_24576_18432.jpg,TCGA-G4-6322,TCGA-G4-6322-01Z-00-DX1,0,8.180878e-05,0
non-tumour/TCGA-G4-6322-01Z-00-DX1_24576_18944.jpg,TCGA-G4-6322,TCGA-G4-6322-01Z-00-DX1,0,3.371031e-05,0
non-tumour/TCGA-G4-6322-01Z-00-DX1_24576_19456.jpg,TCGA-G4-6322,TCGA-G4-6322-01Z-00-DX1,0,2.8273196e-05,0
non-tumour/TCGA-G4-6322-01Z-00-DX1_24576_19968.jpg,TCGA-G4-6322,TCGA-G4-6322-01Z-00-DX1,0,0.00033636016,0
non-tumour/TCGA-G4-6322-01Z-00-DX1_24576_20480.jpg,TCGA-G4-6322,TCGA-G4-6322-01Z-00-DX1,0,4.7987414e-05,0
non-tumour/TCGA-G4-6322-01Z-00-DX1_24576_22528.jpg,TCGA-G4-6322,TCGA-G4-6322-01Z-00-DX1,0,0.00024115623,0
non-tumour/TCGA-G4-6322-01Z-00-DX1_24576_24064.jpg,TCGA-G4-6322,TCGA-G4-6322-01Z-00-DX1,0,0.0020307833,0
non-tumour/TCGA-G4-6322-01Z-00-DX1_24576_25088.jpg,TCGA-G4-6322,TCGA-G4-6322-01Z-00-DX1,0,0.0037495364,0
non-tumour/TCGA-G4-6322-01Z-00-DX1_24576_25600.jpg,TCGA-G4-6322,TCGA-G4-6322-01Z-00-DX1,0,6.0289272e-05,0
non-tumour/TCGA-G4-6322-01Z-00-DX1_24576_26112.jpg,TCGA-G4-6322,TCGA-G4-6322-01Z-00-DX1,0,0.00015695287,0
non-tumour/TCGA-G4-6322-01Z-00-DX1_24576_27648.jpg,TCGA-G4-6322,TCGA-G4-6322-01Z-00-DX1,0,0.0012690604,0
non-tumour/TCGA-G4-6322-01Z-00-DX1_24576_28160.jpg,TCGA-G4-6322,TCGA-G4-6322-01Z-00-DX1,0,0.0028874425,0
non-tumour/TCGA-G4-6322-01Z-00-DX1_24576_28672.jpg,TCGA-G4-6322,TCGA-G4-6322-01Z-00-DX1,0,0.0022550367,0
non-tumour/TCGA-G4-6322-01Z-00-DX1_24576_3584.jpg,TCGA-G4-6322,TCGA-G4-6322-01Z-00-DX1,0,1.30523095e-08,0
non-tumour/TCGA-G4-6322-01Z-00-DX1_24576_4096.jpg,TCGA-G4-6322,TCGA-G4-6322-01Z-00-DX1,0,2.5402716e-07,0
non-tumour/TCGA-G4-6322-01Z-00-DX1_24576_512.jpg,TCGA-G4-6322,TCGA-G4-6322-01Z-00-DX1,0,3.6292866e-05,0
non-tumour/TCGA-G4-6322-01Z-00-DX1_25088_14336.jpg,TCGA-G4-6322,TCGA-G4-6322-01Z-00-DX1,0,0.000116215735,0
non-tumour/TCGA-G4-6322-01Z-00-DX1_25088_1536.jpg,TCGA-G4-6322,TCGA-G4-6322-01Z-00-DX1,0,1.351021e-05,0
non-tumour/TCGA-G4-6322-01Z-00-DX1_25088_15360.jpg,TCGA-G4-6322,TCGA-G4-6322-01Z-00-DX1,0,1.9237494e-05,0
non-tumour/TCGA-G4-6322-01Z-00-DX1_25088_16384.jpg,TCGA-G4-6322,TCGA-G4-6322-01Z-00-DX1,0,0.0005290386,0
non-tumour/TCGA-G4-6322-01Z-00-DX1_25088_16896.jpg,TCGA-G4-6322,TCGA-G4-6322-01Z-00-DX1,0,5.7647853e-08,0
non-tumour/TCGA-G4-6322-01Z-00-DX1_25088_17408.jpg,TCGA-G4-6322,TCGA-G4-6322-01Z-00-DX1,0,2.596612e-06,0
non-tumour/TCGA-G4-6322-01Z-00-DX1_25088_18944.jpg,TCGA-G4-6322,TCGA-G4-6322-01Z-00-DX1,0,3.5807647e-05,0
non-tumour/TCGA-G4-6322-01Z-00-DX1_25088_19456.jpg,TCGA-G4-6322,TCGA-G4-6322-01Z-00-DX1,0,0.00012856061,0
non-tumour/TCGA-G4-6322-01Z-00-DX1_25088_2048.jpg,TCGA-G4-6322,TCGA-G4-6322-01Z-00-DX1,0,7.592704e-07,0
non-tumour/TCGA-G4-6322-01Z-00-DX1_25088_20480.jpg,TCGA-G4-6322,TCGA-G4-6322-01Z-00-DX1,0,0.00017204121,0
non-tumour/TCGA-G4-6322-01Z-00-DX1_25088_20992.jpg,TCGA-G4-6322,TCGA-G4-6322-01Z-00-DX1,0,3.338781e-05,0
non-tumour/TCGA-G4-6322-01Z-00-DX1_25088_2560.jpg,TCGA-G4-6322,TCGA-G4-6322-01Z-00-DX1,0,6.7167464e-05,0
non-tumour/TCGA-G4-6322-01Z-00-DX1_25088_25600.jpg,TCGA-G4-6322,TCGA-G4-6322-01Z-00-DX1,0,0.00034490236,0
non-tumour/TCGA-G4-6322-01Z-00-DX1_25088_26112.jpg,TCGA-G4-6322,TCGA-G4-6322-01Z-00-DX1,0,0.001261037,0
non-tumour/TCGA-G4-6322-01Z-00-DX1_25088_27136.jpg,TCGA-G4-6322,TCGA-G4-6322-01Z-00-DX1,0,0.0016008324,0
non-tumour/TCGA-G4-6322-01Z-00-DX1_25088_28672.jpg,TCGA-G4-6322,TCGA-G4-6322-01Z-00-DX1,0,0.0006130981,0
non-tumour/TCGA-G4-6322-01Z-00-DX1_25088_29184.jpg,TCGA-G4-6322,TCGA-G4-6322-01Z-00-DX1,0,0.026432807,0
non-tumour/TCGA-G4-6322-01Z-00-DX1_25088_29696.jpg,TCGA-G4-6322,TCGA-G4-6322-01Z-00-DX1,0,0.016226811,0
non-tumour/TCGA-G4-6322-01Z-00-DX1_25088_3072.jpg,TCGA-G4-6322,TCGA-G4-6322-01Z-00-DX1,0,1.0311696e-06,0
non-tumour/TCGA-G4-6322-01Z-00-DX1_25088_512.jpg,TCGA-G4-6322,TCGA-G4-6322-01Z-00-DX1,0,3.9849438e-06,0
non-tumour/TCGA-G4-6322-01Z-00-DX1_25088_5632.jpg,TCGA-G4-6322,TCGA-G4-6322-01Z-00-DX1,0,7.297461e-07,0
non-tumour/TCGA-G4-6322-01Z-00-DX1_25088_6656.jpg,TCGA-G4-6322,TCGA-G4-6322-01Z-00-DX1,0,0.0006470794,0
non-tumour/TCGA-G4-6322-01Z-00-DX1_25088_8192.jpg,TCGA-G4-6322,TCGA-G4-6322-01Z-00-DX1,0,6.821242e-07,0
non-tumour/TCGA-G4-6322-01Z-00-DX1_25088_8704.jpg,TCGA-G4-6322,TCGA-G4-6322-01Z-00-DX1,0,2.1620774e-07,0
non-tumour/TCGA-G4-6322-01Z-00-DX1_25088_9216.jpg,TCGA-G4-6322,TCGA-G4-6322-01Z-00-DX1,0,8.036827e-06,0
non-tumour/TCGA-G4-6322-01Z-00-DX1_25088_9728.jpg,TCGA-G4-6322,TCGA-G4-6322-01Z-00-DX1,0,4.4988e-07,0
non-tumour/TCGA-G4-6322-01Z-00-DX1_25600_12288.jpg,TCGA-G4-6322,TCGA-G4-6322-01Z-00-DX1,0,1.12332714e-07,0
non-tumour/TCGA-G4-6322-01Z-00-DX1_25600_14336.jpg,TCGA-G4-6322,TCGA-G4-6322-01Z-00-DX1,0,1.3550572e-07,0
non-tumour/TCGA-G4-6322-01Z-00-DX1_25600_14848.jpg,TCGA-G4-6322,TCGA-G4-6322-01Z-00-DX1,0,1.008261e-05,0
non-tumour/TCGA-G4-6322-01Z-00-DX1_25600_1536.jpg,TCGA-G4-6322,TCGA-G4-6322-01Z-00-DX1,0,4.7098575e-07,0
non-tumour/TCGA-G4-6322-01Z-00-DX1_25600_15360.jpg,TCGA-G4-6322,TCGA-G4-6322-01Z-00-DX1,0,5.1624643e-06,0
non-tumour/TCGA-G4-6322-01Z-00-DX1_25600_15872.jpg,TCGA-G4-6322,TCGA-G4-6322-01Z-00-DX1,0,7.3950656e-07,0
non-tumour/TCGA-G4-6322-01Z-00-DX1_25600_16384.jpg,TCGA-G4-6322,TCGA-G4-6322-01Z-00-DX1,0,2.8086828e-05,0
non-tumour/TCGA-G4-6322-01Z-00-DX1_25600_16896.jpg,TCGA-G4-6322,TCGA-G4-6322-01Z-00-DX1,0,3.0037852e-06,0
non-tumour/TCGA-G4-6322-01Z-00-DX1_25600_20480.jpg,TCGA-G4-6322,TCGA-G4-6322-01Z-00-DX1,0,0.00010804389,0
non-tumour/TCGA-G4-6322-01Z-00-DX1_25600_20992.jpg,TCGA-G4-6322,TCGA-G4-6322-01Z-00-DX1,0,7.2837124e-06,0
non-tumour/TCGA-G4-6322-01Z-00-DX1_25600_23552.jpg,TCGA-G4-6322,TCGA-G4-6322-01Z-00-DX1,0,0.00089078385,0
non-tumour/TCGA-G4-6322-01Z-00-DX1_25600_2560.jpg,TCGA-G4-6322,TCGA-G4-6322-01Z-00-DX1,0,8.846937e-06,0
non-tumour/TCGA-G4-6322-01Z-00-DX1_25600_26112.jpg,TCGA-G4-6322,TCGA-G4-6322-01Z-00-DX1,0,3.8038136e-06,0
non-tumour/TCGA-G4-6322-01Z-00-DX1_25600_26624.jpg,TCGA-G4-6322,TCGA-G4-6322-01Z-00-DX1,0,0.0007924836,0
non-tumour/TCGA-G4-6322-01Z-00-DX1_25600_27648.jpg,TCGA-G4-6322,TCGA-G4-6322-01Z-00-DX1,0,0.0016006557,0
non-tumour/TCGA-G4-6322-01Z-00-DX1_25600_28160.jpg,TCGA-G4-6322,TCGA-G4-6322-01Z-00-DX1,0,2.7947306e-05,0
non-tumour/TCGA-G4-6322-01Z-00-DX1_25600_28672.jpg,TCGA-G4-6322,TCGA-G4-6322-01Z-00-DX1,0,0.00040670298,0
non-tumour/TCGA-G4-6322-01Z-00-DX1_25600_3072.jpg,TCGA-G4-6322,TCGA-G4-6322-01Z-00-DX1,0,1.5504915e-05,0
non-tumour/TCGA-G4-6322-01Z-00-DX1_25600_3584.jpg,TCGA-G4-6322,TCGA-G4-6322-01Z-00-DX1,0,1.7828077e-05,0
non-tumour/TCGA-G4-6322-01Z-00-DX1_25600_4096.jpg,TCGA-G4-6322,TCGA-G4-6322-01Z-00-DX1,0,5.2916107e-06,0
non-tumour/TCGA-G4-6322-01Z-00-DX1_25600_6144.jpg,TCGA-G4-6322,TCGA-G4-6322-01Z-00-DX1,0,4.2716867e-05,0
non-tumour/TCGA-G4-6322-01Z-00-DX1_25600_8192.jpg,TCGA-G4-6322,TCGA-G4-6322-01Z-00-DX1,0,2.6839675e-07,0
non-tumour/TCGA-G4-6322-01Z-00-DX1_25600_8704.jpg,TCGA-G4-6322,TCGA-G4-6322-01Z-00-DX1,0,2.3748312e-07,0
non-tumour/TCGA-G4-6322-01Z-00-DX1_2560_10240.jpg,TCGA-G4-6322,TCGA-G4-6322-01Z-00-DX1,0,1.6406562e-05,0
non-tumour/TCGA-G4-6322-01Z-00-DX1_2560_10752.jpg,TCGA-G4-6322,TCGA-G4-6322-01Z-00-DX1,0,0.20241496,0
non-tumour/TCGA-G4-6322-01Z-00-DX1_2560_11264.jpg,TCGA-G4-6322,TCGA-G4-6322-01Z-00-DX1,0,0.0030304226,0
non-tumour/TCGA-G4-6322-01Z-00-DX1_2560_12288.jpg,TCGA-G4-6322,TCGA-G4-6322-01Z-00-DX1,0,0.0076340493,0
non-tumour/TCGA-G4-6322-01Z-00-DX1_2560_13824.jpg,TCGA-G4-6322,TCGA-G4-6322-01Z-00-DX1,0,0.30929008,0
non-tumour/TCGA-G4-6322-01Z-00-DX1_2560_14336.jpg,TCGA-G4-6322,TCGA-G4-6322-01Z-00-DX1,0,7.917496e-05,0
non-tumour/TCGA-G4-6322-01Z-00-DX1_2560_14848.jpg,TCGA-G4-6322,TCGA-G4-6322-01Z-00-DX1,0,0.00071559206,0
non-tumour/TCGA-G4-6322-01Z-00-DX1_2560_16384.jpg,TCGA-G4-6322,TCGA-G4-6322-01Z-00-DX1,0,5.5546003e-05,0
non-tumour/TCGA-G4-6322-01Z-00-DX1_2560_16896.jpg,TCGA-G4-6322,TCGA-G4-6322-01Z-00-DX1,0,6.0141756e-06,0
non-tumour/TCGA-G4-6322-01Z-00-DX1_2560_17920.jpg,TCGA-G4-6322,TCGA-G4-6322-01Z-00-DX1,0,2.5895245e-06,0
non-tumour/TCGA-G4-6322-01Z-00-DX1_2560_18432.jpg,TCGA-G4-6322,TCGA-G4-6322-01Z-00-DX1,0,2.408754e-06,0
non-tumour/TCGA-G4-6322-01Z-00-DX1_2560_19456.jpg,TCGA-G4-6322,TCGA-G4-6322-01Z-00-DX1,0,3.4653115e-07,0
non-tumour/TCGA-G4-6322-01Z-00-DX1_2560_4096.jpg,TCGA-G4-6322,TCGA-G4-6322-01Z-00-DX1,0,0.00078787125,0
non-tumour/TCGA-G4-6322-01Z-00-DX1_2560_4608.jpg,TCGA-G4-6322,TCGA-G4-6322-01Z-00-DX1,0,0.0005566083,0
non-tumour/TCGA-G4-6322-01Z-00-DX1_2560_5120.jpg,TCGA-G4-6322,TCGA-G4-6322-01Z-00-DX1,0,0.021528216,0
non-tumour/TCGA-G4-6322-01Z-00-DX1_2560_5632.jpg,TCGA-G4-6322,TCGA-G4-6322-01Z-00-DX1,0,0.0022520453,0
non-tumour/TCGA-G4-6322-01Z-00-DX1_2560_6144.jpg,TCGA-G4-6322,TCGA-G4-6322-01Z-00-DX1,0,0.006211239,0
non-tumour/TCGA-G4-6322-01Z-00-DX1_2560_6656.jpg,TCGA-G4-6322,TCGA-G4-6322-01Z-00-DX1,0,0.004514751,0
non-tumour/TCGA-G4-6322-01Z-00-DX1_2560_7680.jpg,TCGA-G4-6322,TCGA-G4-6322-01Z-00-DX1,0,0.8697814,1
non-tumour/TCGA-G4-6322-01Z-00-DX1_2560_8704.jpg,TCGA-G4-6322,TCGA-G4-6322-01Z-00-DX1,0,9.695865e-06,0
non-tumour/TCGA-G4-6322-01Z-00-DX1_2560_9216.jpg,TCGA-G4-6322,TCGA-G4-6322-01Z-00-DX1,0,0.007776797,0
non-tumour/TCGA-G4-6322-01Z-00-DX1_26112_11776.jpg,TCGA-G4-6322,TCGA-G4-6322-01Z-00-DX1,0,1.347759e-06,0
non-tumour/TCGA-G4-6322-01Z-00-DX1_26112_12288.jpg,TCGA-G4-6322,TCGA-G4-6322-01Z-00-DX1,0,6.86756e-06,0
non-tumour/TCGA-G4-6322-01Z-00-DX1_26112_14848.jpg,TCGA-G4-6322,TCGA-G4-6322-01Z-00-DX1,0,3.088267e-05,0
non-tumour/TCGA-G4-6322-01Z-00-DX1_26112_1536.jpg,TCGA-G4-6322,TCGA-G4-6322-01Z-00-DX1,0,0.0016278847,0
non-tumour/TCGA-G4-6322-01Z-00-DX1_26112_15360.jpg,TCGA-G4-6322,TCGA-G4-6322-01Z-00-DX1,0,0.00016044786,0
non-tumour/TCGA-G4-6322-01Z-00-DX1_26112_15872.jpg,TCGA-G4-6322,TCGA-G4-6322-01Z-00-DX1,0,1.3055806e-06,0
non-tumour/TCGA-G4-6322-01Z-00-DX1_26112_16896.jpg,TCGA-G4-6322,TCGA-G4-6322-01Z-00-DX1,0,1.16372685e-05,0
non-tumour/TCGA-G4-6322-01Z-00-DX1_26112_18432.jpg,TCGA-G4-6322,TCGA-G4-6322-01Z-00-DX1,0,1.0136581e-05,0
non-tumour/TCGA-G4-6322-01Z-00-DX1_26112_18944.jpg,TCGA-G4-6322,TCGA-G4-6322-01Z-00-DX1,0,1.9458686e-05,0
non-tumour/TCGA-G4-6322-01Z-00-DX1_26112_19456.jpg,TCGA-G4-6322,TCGA-G4-6322-01Z-00-DX1,0,1.0039098e-05,0
non-tumour/TCGA-G4-6322-01Z-00-DX1_26112_19968.jpg,TCGA-G4-6322,TCGA-G4-6322-01Z-00-DX1,0,1.7372053e-05,0
non-tumour/TCGA-G4-6322-01Z-00-DX1_26112_21504.jpg,TCGA-G4-6322,TCGA-G4-6322-01Z-00-DX1,0,0.000120039826,0
non-tumour/TCGA-G4-6322-01Z-00-DX1_26112_24064.jpg,TCGA-G4-6322,TCGA-G4-6322-01Z-00-DX1,0,0.00062080147,0
non-tumour/TCGA-G4-6322-01Z-00-DX1_26112_24576.jpg,TCGA-G4-6322,TCGA-G4-6322-01Z-00-DX1,0,0.018350327,0
non-tumour/TCGA-G4-6322-01Z-00-DX1_26112_25600.jpg,TCGA-G4-6322,TCGA-G4-6322-01Z-00-DX1,0,0.0005929795,0
non-tumour/TCGA-G4-6322-01Z-00-DX1_26112_26112.jpg,TCGA-G4-6322,TCGA-G4-6322-01Z-00-DX1,0,0.00016801857,0
non-tumour/TCGA-G4-6322-01Z-00-DX1_26112_27648.jpg,TCGA-G4-6322,TCGA-G4-6322-01Z-00-DX1,0,0.001162436,0
non-tumour/TCGA-G4-6322-01Z-00-DX1_26112_28672.jpg,TCGA-G4-6322,TCGA-G4-6322-01Z-00-DX1,0,0.002684697,0
non-tumour/TCGA-G4-6322-01Z-00-DX1_26112_29184.jpg,TCGA-G4-6322,TCGA-G4-6322-01Z-00-DX1,0,7.419883e-05,0
non-tumour/TCGA-G4-6322-01Z-00-DX1_26112_4608.jpg,TCGA-G4-6322,TCGA-G4-6322-01Z-00-DX1,0,2.3513314e-06,0
non-tumour/TCGA-G4-6322-01Z-00-DX1_26112_512.jpg,TCGA-G4-6322,TCGA-G4-6322-01Z-00-DX1,0,1.7418684e-05,0
non-tumour/TCGA-G4-6322-01Z-00-DX1_26112_5632.jpg,TCGA-G4-6322,TCGA-G4-6322-01Z-00-DX1,0,0.0014010426,0
non-tumour/TCGA-G4-6322-01Z-00-DX1_26112_6144.jpg,TCGA-G4-6322,TCGA-G4-6322-01Z-00-DX1,0,0.00014742375,0
non-tumour/TCGA-G4-6322-01Z-00-DX1_26112_6656.jpg,TCGA-G4-6322,TCGA-G4-6322-01Z-00-DX1,0,1.2741485e-05,0
non-tumour/TCGA-G4-6322-01Z-00-DX1_26112_7680.jpg,TCGA-G4-6322,TCGA-G4-6322-01Z-00-DX1,0,4.4032455e-05,0
non-tumour/TCGA-G4-6322-01Z-00-DX1_26112_9728.jpg,TCGA-G4-6322,TCGA-G4-6322-01Z-00-DX1,0,6.5742247e-06,0
non-tumour/TCGA-G4-6322-01Z-00-DX1_26624_1024.jpg,TCGA-G4-6322,TCGA-G4-6322-01Z-00-DX1,0,5.7719317e-05,0
non-tumour/TCGA-G4-6322-01Z-00-DX1_26624_11776.jpg,TCGA-G4-6322,TCGA-G4-6322-01Z-00-DX1,0,5.7225304e-07,0
non-tumour/TCGA-G4-6322-01Z-00-DX1_26624_13312.jpg,TCGA-G4-6322,TCGA-G4-6322-01Z-00-DX1,0,7.4621803e-06,0
non-tumour/TCGA-G4-6322-01Z-00-DX1_26624_14336.jpg,TCGA-G4-6322,TCGA-G4-6322-01Z-00-DX1,0,0.0003991098,0
non-tumour/TCGA-G4-6322-01Z-00-DX1_26624_15872.jpg,TCGA-G4-6322,TCGA-G4-6322-01Z-00-DX1,0,5.9785616e-05,0
non-tumour/TCGA-G4-6322-01Z-00-DX1_26624_16384.jpg,TCGA-G4-6322,TCGA-G4-6322-01Z-00-DX1,0,3.1521897e-05,0
non-tumour/TCGA-G4-6322-01Z-00-DX1_26624_16896.jpg,TCGA-G4-6322,TCGA-G4-6322-01Z-00-DX1,0,0.0016994533,0
non-tumour/TCGA-G4-6322-01Z-00-DX1_26624_17408.jpg,TCGA-G4-6322,TCGA-G4-6322-01Z-00-DX1,0,0.004384499,0
non-tumour/TCGA-G4-6322-01Z-00-DX1_26624_17920.jpg,TCGA-G4-6322,TCGA-G4-6322-01Z-00-DX1,0,0.000603435,0
non-tumour/TCGA-G4-6322-01Z-00-DX1_26624_19456.jpg,TCGA-G4-6322,TCGA-G4-6322-01Z-00-DX1,0,6.227096e-06,0
non-tumour/TCGA-G4-6322-01Z-00-DX1_26624_2048.jpg,TCGA-G4-6322,TCGA-G4-6322-01Z-00-DX1,0,7.086144e-05,0
non-tumour/TCGA-G4-6322-01Z-00-DX1_26624_24064.jpg,TCGA-G4-6322,TCGA-G4-6322-01Z-00-DX1,0,0.012479318,0
non-tumour/TCGA-G4-6322-01Z-00-DX1_26624_24576.jpg,TCGA-G4-6322,TCGA-G4-6322-01Z-00-DX1,0,0.0061886837,0
non-tumour/TCGA-G4-6322-01Z-00-DX1_26624_2560.jpg,TCGA-G4-6322,TCGA-G4-6322-01Z-00-DX1,0,2.142877e-06,0
non-tumour/TCGA-G4-6322-01Z-00-DX1_26624_26112.jpg,TCGA-G4-6322,TCGA-G4-6322-01Z-00-DX1,0,0.00010213726,0
non-tumour/TCGA-G4-6322-01Z-00-DX1_26624_26624.jpg,TCGA-G4-6322,TCGA-G4-6322-01Z-00-DX1,0,0.00014411096,0
non-tumour/TCGA-G4-6322-01Z-00-DX1_26624_4096.jpg,TCGA-G4-6322,TCGA-G4-6322-01Z-00-DX1,0,1.3736978e-06,0
non-tumour/TCGA-G4-6322-01Z-00-DX1_26624_512.jpg,TCGA-G4-6322,TCGA-G4-6322-01Z-00-DX1,0,3.310936e-05,0
non-tumour/TCGA-G4-6322-01Z-00-DX1_26624_6144.jpg,TCGA-G4-6322,TCGA-G4-6322-01Z-00-DX1,0,4.8314164e-06,0
non-tumour/TCGA-G4-6322-01Z-00-DX1_26624_9216.jpg,TCGA-G4-6322,TCGA-G4-6322-01Z-00-DX1,0,5.862976e-06,0
non-tumour/TCGA-G4-6322-01Z-00-DX1_27136_11776.jpg,TCGA-G4-6322,TCGA-G4-6322-01Z-00-DX1,0,3.0953545e-06,0
non-tumour/TCGA-G4-6322-01Z-00-DX1_27136_12288.jpg,TCGA-G4-6322,TCGA-G4-6322-01Z-00-DX1,0,5.7234597e-06,0
non-tumour/TCGA-G4-6322-01Z-00-DX1_27136_12800.jpg,TCGA-G4-6322,TCGA-G4-6322-01Z-00-DX1,0,1.589575e-06,0
non-tumour/TCGA-G4-6322-01Z-00-DX1_27136_14848.jpg,TCGA-G4-6322,TCGA-G4-6322-01Z-00-DX1,0,9.872671e-06,0
non-tumour/TCGA-G4-6322-01Z-00-DX1_27136_15360.jpg,TCGA-G4-6322,TCGA-G4-6322-01Z-00-DX1,0,3.7422633e-06,0
non-tumour/TCGA-G4-6322-01Z-00-DX1_27136_17408.jpg,TCGA-G4-6322,TCGA-G4-6322-01Z-00-DX1,0,0.0015320363,0
non-tumour/TCGA-G4-6322-01Z-00-DX1_27136_17920.jpg,TCGA-G4-6322,TCGA-G4-6322-01Z-00-DX1,0,2.2831917e-05,0
non-tumour/TCGA-G4-6322-01Z-00-DX1_27136_18944.jpg,TCGA-G4-6322,TCGA-G4-6322-01Z-00-DX1,0,4.8514357e-05,0
non-tumour/TCGA-G4-6322-01Z-00-DX1_27136_19456.jpg,TCGA-G4-6322,TCGA-G4-6322-01Z-00-DX1,0,1.5525571e-05,0
non-tumour/TCGA-G4-6322-01Z-00-DX1_27136_19968.jpg,TCGA-G4-6322,TCGA-G4-6322-01Z-00-DX1,0,0.0004897322,0
non-tumour/TCGA-G4-6322-01Z-00-DX1_27136_20992.jpg,TCGA-G4-6322,TCGA-G4-6322-01Z-00-DX1,0,0.00014823992,0
non-tumour/TCGA-G4-6322-01Z-00-DX1_27136_21504.jpg,TCGA-G4-6322,TCGA-G4-6322-01Z-00-DX1,0,0.00014862334,0
non-tumour/TCGA-G4-6322-01Z-00-DX1_27136_24576.jpg,TCGA-G4-6322,TCGA-G4-6322-01Z-00-DX1,0,0.008101839,0
non-tumour/TCGA-G4-6322-01Z-00-DX1_27136_2560.jpg,TCGA-G4-6322,TCGA-G4-6322-01Z-00-DX1,0,4.271148e-06,0
non-tumour/TCGA-G4-6322-01Z-00-DX1_27136_26624.jpg,TCGA-G4-6322,TCGA-G4-6322-01Z-00-DX1,0,0.00018869739,0
non-tumour/TCGA-G4-6322-01Z-00-DX1_27136_27136.jpg,TCGA-G4-6322,TCGA-G4-6322-01Z-00-DX1,0,0.0007272259,0
non-tumour/TCGA-G4-6322-01Z-00-DX1_27136_3584.jpg,TCGA-G4-6322,TCGA-G4-6322-01Z-00-DX1,0,0.0018968994,0
non-tumour/TCGA-G4-6322-01Z-00-DX1_27136_4608.jpg,TCGA-G4-6322,TCGA-G4-6322-01Z-00-DX1,0,0.00022624574,0
non-tumour/TCGA-G4-6322-01Z-00-DX1_27136_512.jpg,TCGA-G4-6322,TCGA-G4-6322-01Z-00-DX1,0,0.0016251295,0
non-tumour/TCGA-G4-6322-01Z-00-DX1_27136_5120.jpg,TCGA-G4-6322,TCGA-G4-6322-01Z-00-DX1,0,2.5841246e-05,0
non-tumour/TCGA-G4-6322-01Z-00-DX1_27136_5632.jpg,TCGA-G4-6322,TCGA-G4-6322-01Z-00-DX1,0,0.00014780069,0
non-tumour/TCGA-G4-6322-01Z-00-DX1_27136_7680.jpg,TCGA-G4-6322,TCGA-G4-6322-01Z-00-DX1,0,1.2576486e-06,0
non-tumour/TCGA-G4-6322-01Z-00-DX1_27136_9216.jpg,TCGA-G4-6322,TCGA-G4-6322-01Z-00-DX1,0,6.182399e-05,0
non-tumour/TCGA-G4-6322-01Z-00-DX1_27648_1024.jpg,TCGA-G4-6322,TCGA-G4-6322-01Z-00-DX1,0,0.00011666431,0
non-tumour/TCGA-G4-6322-01Z-00-DX1_27648_13312.jpg,TCGA-G4-6322,TCGA-G4-6322-01Z-00-DX1,0,6.59518e-06,0
non-tumour/TCGA-G4-6322-01Z-00-DX1_27648_14336.jpg,TCGA-G4-6322,TCGA-G4-6322-01Z-00-DX1,0,1.6807306e-05,0
non-tumour/TCGA-G4-6322-01Z-00-DX1_27648_15872.jpg,TCGA-G4-6322,TCGA-G4-6322-01Z-00-DX1,0,0.0005301246,0
non-tumour/TCGA-G4-6322-01Z-00-DX1_27648_16896.jpg,TCGA-G4-6322,TCGA-G4-6322-01Z-00-DX1,0,0.00017888668,0
non-tumour/TCGA-G4-6322-01Z-00-DX1_27648_17920.jpg,TCGA-G4-6322,TCGA-G4-6322-01Z-00-DX1,0,0.00082132005,0
non-tumour/TCGA-G4-6322-01Z-00-DX1_27648_19968.jpg,TCGA-G4-6322,TCGA-G4-6322-01Z-00-DX1,0,0.00010864166,0
non-tumour/TCGA-G4-6322-01Z-00-DX1_27648_2048.jpg,TCGA-G4-6322,TCGA-G4-6322-01Z-00-DX1,0,0.00022672732,0
non-tumour/TCGA-G4-6322-01Z-00-DX1_27648_20992.jpg,TCGA-G4-6322,TCGA-G4-6322-01Z-00-DX1,0,0.0006230492,0
non-tumour/TCGA-G4-6322-01Z-00-DX1_27648_22528.jpg,TCGA-G4-6322,TCGA-G4-6322-01Z-00-DX1,0,0.0040877047,0
non-tumour/TCGA-G4-6322-01Z-00-DX1_27648_4096.jpg,TCGA-G4-6322,TCGA-G4-6322-01Z-00-DX1,0,2.6952846e-05,0
non-tumour/TCGA-G4-6322-01Z-00-DX1_27648_6144.jpg,TCGA-G4-6322,TCGA-G4-6322-01Z-00-DX1,0,4.113128e-05,0
non-tumour/TCGA-G4-6322-01Z-00-DX1_27648_6656.jpg,TCGA-G4-6322,TCGA-G4-6322-01Z-00-DX1,0,1.2933441e-06,0
non-tumour/TCGA-G4-6322-01Z-00-DX1_27648_7680.jpg,TCGA-G4-6322,TCGA-G4-6322-01Z-00-DX1,0,4.7855874e-06,0
non-tumour/TCGA-G4-6322-01Z-00-DX1_27648_8192.jpg,TCGA-G4-6322,TCGA-G4-6322-01Z-00-DX1,0,0.00035489147,0
non-tumour/TCGA-G4-6322-01Z-00-DX1_27648_8704.jpg,TCGA-G4-6322,TCGA-G4-6322-01Z-00-DX1,0,0.0006179868,0
non-tumour/TCGA-G4-6322-01Z-00-DX1_28160_1024.jpg,TCGA-G4-6322,TCGA-G4-6322-01Z-00-DX1,0,1.3862851e-05,0
non-tumour/TCGA-G4-6322-01Z-00-DX1_28160_12288.jpg,TCGA-G4-6322,TCGA-G4-6322-01Z-00-DX1,0,8.33151e-06,0
non-tumour/TCGA-G4-6322-01Z-00-DX1_28160_13824.jpg,TCGA-G4-6322,TCGA-G4-6322-01Z-00-DX1,0,9.756187e-05,0
non-tumour/TCGA-G4-6322-01Z-00-DX1_28160_14336.jpg,TCGA-G4-6322,TCGA-G4-6322-01Z-00-DX1,0,8.847798e-06,0
non-tumour/TCGA-G4-6322-01Z-00-DX1_28160_15360.jpg,TCGA-G4-6322,TCGA-G4-6322-01Z-00-DX1,0,1.4238743e-05,0
non-tumour/TCGA-G4-6322-01Z-00-DX1_28160_17920.jpg,TCGA-G4-6322,TCGA-G4-6322-01Z-00-DX1,0,0.0002785547,0
non-tumour/TCGA-G4-6322-01Z-00-DX1_28160_19456.jpg,TCGA-G4-6322,TCGA-G4-6322-01Z-00-DX1,0,0.0004416739,0
non-tumour/TCGA-G4-6322-01Z-00-DX1_28160_22016.jpg,TCGA-G4-6322,TCGA-G4-6322-01Z-00-DX1,0,2.2684546e-06,0
non-tumour/TCGA-G4-6322-01Z-00-DX1_28160_2560.jpg,TCGA-G4-6322,TCGA-G4-6322-01Z-00-DX1,0,2.2705328e-05,0
non-tumour/TCGA-G4-6322-01Z-00-DX1_28160_3584.jpg,TCGA-G4-6322,TCGA-G4-6322-01Z-00-DX1,0,0.0050230394,0
non-tumour/TCGA-G4-6322-01Z-00-DX1_28160_4608.jpg,TCGA-G4-6322,TCGA-G4-6322-01Z-00-DX1,0,0.00014304338,0
non-tumour/TCGA-G4-6322-01Z-00-DX1_28160_7168.jpg,TCGA-G4-6322,TCGA-G4-6322-01Z-00-DX1,0,2.4203637e-05,0
non-tumour/TCGA-G4-6322-01Z-00-DX1_28160_7680.jpg,TCGA-G4-6322,TCGA-G4-6322-01Z-00-DX1,0,0.0015035307,0
non-tumour/TCGA-G4-6322-01Z-00-DX1_28160_8192.jpg,TCGA-G4-6322,TCGA-G4-6322-01Z-00-DX1,0,0.001312935,0
non-tumour/TCGA-G4-6322-01Z-00-DX1_28160_8704.jpg,TCGA-G4-6322,TCGA-G4-6322-01Z-00-DX1,0,2.1304442e-05,0
non-tumour/TCGA-G4-6322-01Z-00-DX1_28672_11776.jpg,TCGA-G4-6322,TCGA-G4-6322-01Z-00-DX1,0,2.517723e-05,0
non-tumour/TCGA-G4-6322-01Z-00-DX1_28672_12800.jpg,TCGA-G4-6322,TCGA-G4-6322-01Z-00-DX1,0,5.1068486e-08,0
non-tumour/TCGA-G4-6322-01Z-00-DX1_28672_16384.jpg,TCGA-G4-6322,TCGA-G4-6322-01Z-00-DX1,0,0.00013214526,0
non-tumour/TCGA-G4-6322-01Z-00-DX1_28672_16896.jpg,TCGA-G4-6322,TCGA-G4-6322-01Z-00-DX1,0,3.6435045e-05,0
non-tumour/TCGA-G4-6322-01Z-00-DX1_28672_17920.jpg,TCGA-G4-6322,TCGA-G4-6322-01Z-00-DX1,0,0.00016255869,0
non-tumour/TCGA-G4-6322-01Z-00-DX1_28672_18432.jpg,TCGA-G4-6322,TCGA-G4-6322-01Z-00-DX1,0,0.0007458922,0
non-tumour/TCGA-G4-6322-01Z-00-DX1_28672_19456.jpg,TCGA-G4-6322,TCGA-G4-6322-01Z-00-DX1,0,6.772173e-05,0
non-tumour/TCGA-G4-6322-01Z-00-DX1_28672_2048.jpg,TCGA-G4-6322,TCGA-G4-6322-01Z-00-DX1,0,0.00028121163,0
non-tumour/TCGA-G4-6322-01Z-00-DX1_28672_22528.jpg,TCGA-G4-6322,TCGA-G4-6322-01Z-00-DX1,0,2.9561247e-06,0
non-tumour/TCGA-G4-6322-01Z-00-DX1_28672_2560.jpg,TCGA-G4-6322,TCGA-G4-6322-01Z-00-DX1,0,9.452666e-06,0
non-tumour/TCGA-G4-6322-01Z-00-DX1_28672_3072.jpg,TCGA-G4-6322,TCGA-G4-6322-01Z-00-DX1,0,1.1822867e-06,0
non-tumour/TCGA-G4-6322-01Z-00-DX1_28672_3584.jpg,TCGA-G4-6322,TCGA-G4-6322-01Z-00-DX1,0,0.00887903,0
non-tumour/TCGA-G4-6322-01Z-00-DX1_28672_512.jpg,TCGA-G4-6322,TCGA-G4-6322-01Z-00-DX1,0,5.586622e-05,0
non-tumour/TCGA-G4-6322-01Z-00-DX1_28672_5120.jpg,TCGA-G4-6322,TCGA-G4-6322-01Z-00-DX1,0,4.702461e-06,0
non-tumour/TCGA-G4-6322-01Z-00-DX1_28672_8704.jpg,TCGA-G4-6322,TCGA-G4-6322-01Z-00-DX1,0,0.00018433336,0
non-tumour/TCGA-G4-6322-01Z-00-DX1_28672_9216.jpg,TCGA-G4-6322,TCGA-G4-6322-01Z-00-DX1,0,0.0004498222,0
non-tumour/TCGA-G4-6322-01Z-00-DX1_29184_1024.jpg,TCGA-G4-6322,TCGA-G4-6322-01Z-00-DX1,0,3.8232174e-05,0
non-tumour/TCGA-G4-6322-01Z-00-DX1_29184_11264.jpg,TCGA-G4-6322,TCGA-G4-6322-01Z-00-DX1,0,0.0008756833,0
non-tumour/TCGA-G4-6322-01Z-00-DX1_29184_11776.jpg,TCGA-G4-6322,TCGA-G4-6322-01Z-00-DX1,0,1.0131624e-05,0
non-tumour/TCGA-G4-6322-01Z-00-DX1_29184_12288.jpg,TCGA-G4-6322,TCGA-G4-6322-01Z-00-DX1,0,1.0519249e-06,0
non-tumour/TCGA-G4-6322-01Z-00-DX1_29184_13312.jpg,TCGA-G4-6322,TCGA-G4-6322-01Z-00-DX1,0,4.8631282e-08,0
non-tumour/TCGA-G4-6322-01Z-00-DX1_29184_13824.jpg,TCGA-G4-6322,TCGA-G4-6322-01Z-00-DX1,0,0.000121138764,0
non-tumour/TCGA-G4-6322-01Z-00-DX1_29184_14336.jpg,TCGA-G4-6322,TCGA-G4-6322-01Z-00-DX1,0,0.00015482328,0
non-tumour/TCGA-G4-6322-01Z-00-DX1_29184_1536.jpg,TCGA-G4-6322,TCGA-G4-6322-01Z-00-DX1,0,4.4888243e-06,0
non-tumour/TCGA-G4-6322-01Z-00-DX1_29184_15872.jpg,TCGA-G4-6322,TCGA-G4-6322-01Z-00-DX1,0,0.0004882681,0
non-tumour/TCGA-G4-6322-01Z-00-DX1_29184_16384.jpg,TCGA-G4-6322,TCGA-G4-6322-01Z-00-DX1,0,0.0001200031,0
non-tumour/TCGA-G4-6322-01Z-00-DX1_29184_17408.jpg,TCGA-G4-6322,TCGA-G4-6322-01Z-00-DX1,0,8.5737964e-05,0
non-tumour/TCGA-G4-6322-01Z-00-DX1_29184_18432.jpg,TCGA-G4-6322,TCGA-G4-6322-01Z-00-DX1,0,0.00031334686,0
non-tumour/TCGA-G4-6322-01Z-00-DX1_29184_18944.jpg,TCGA-G4-6322,TCGA-G4-6322-01Z-00-DX1,0,8.221123e-05,0
non-tumour/TCGA-G4-6322-01Z-00-DX1_29184_19968.jpg,TCGA-G4-6322,TCGA-G4-6322-01Z-00-DX1,0,4.4912335e-07,0
non-tumour/TCGA-G4-6322-01Z-00-DX1_29184_2048.jpg,TCGA-G4-6322,TCGA-G4-6322-01Z-00-DX1,0,0.010359016,0
non-tumour/TCGA-G4-6322-01Z-00-DX1_29184_20480.jpg,TCGA-G4-6322,TCGA-G4-6322-01Z-00-DX1,0,5.2560467e-09,0
non-tumour/TCGA-G4-6322-01Z-00-DX1_29184_20992.jpg,TCGA-G4-6322,TCGA-G4-6322-01Z-00-DX1,0,1.5986559e-09,0
non-tumour/TCGA-G4-6322-01Z-00-DX1_29184_5120.jpg,TCGA-G4-6322,TCGA-G4-6322-01Z-00-DX1,0,0.0006008344,0
non-tumour/TCGA-G4-6322-01Z-00-DX1_29184_5632.jpg,TCGA-G4-6322,TCGA-G4-6322-01Z-00-DX1,0,9.4997115e-05,0
non-tumour/TCGA-G4-6322-01Z-00-DX1_29184_7680.jpg,TCGA-G4-6322,TCGA-G4-6322-01Z-00-DX1,0,1.2397397e-06,0
non-tumour/TCGA-G4-6322-01Z-00-DX1_29184_8192.jpg,TCGA-G4-6322,TCGA-G4-6322-01Z-00-DX1,0,8.035209e-06,0
non-tumour/TCGA-G4-6322-01Z-00-DX1_29696_11264.jpg,TCGA-G4-6322,TCGA-G4-6322-01Z-00-DX1,0,6.444264e-05,0
non-tumour/TCGA-G4-6322-01Z-00-DX1_29696_12288.jpg,TCGA-G4-6322,TCGA-G4-6322-01Z-00-DX1,0,1.5732225e-07,0
non-tumour/TCGA-G4-6322-01Z-00-DX1_29696_12800.jpg,TCGA-G4-6322,TCGA-G4-6322-01Z-00-DX1,0,2.409475e-07,0
non-tumour/TCGA-G4-6322-01Z-00-DX1_29696_13312.jpg,TCGA-G4-6322,TCGA-G4-6322-01Z-00-DX1,0,2.4565443e-05,0
non-tumour/TCGA-G4-6322-01Z-00-DX1_29696_13824.jpg,TCGA-G4-6322,TCGA-G4-6322-01Z-00-DX1,0,1.3890416e-05,0
non-tumour/TCGA-G4-6322-01Z-00-DX1_29696_14336.jpg,TCGA-G4-6322,TCGA-G4-6322-01Z-00-DX1,0,0.00022554964,0
non-tumour/TCGA-G4-6322-01Z-00-DX1_29696_14848.jpg,TCGA-G4-6322,TCGA-G4-6322-01Z-00-DX1,0,0.00053339964,0
non-tumour/TCGA-G4-6322-01Z-00-DX1_29696_15872.jpg,TCGA-G4-6322,TCGA-G4-6322-01Z-00-DX1,0,0.00020256065,0
non-tumour/TCGA-G4-6322-01Z-00-DX1_29696_16384.jpg,TCGA-G4-6322,TCGA-G4-6322-01Z-00-DX1,0,0.0003329872,0
non-tumour/TCGA-G4-6322-01Z-00-DX1_29696_16896.jpg,TCGA-G4-6322,TCGA-G4-6322-01Z-00-DX1,0,0.0001443533,0
non-tumour/TCGA-G4-6322-01Z-00-DX1_29696_17408.jpg,TCGA-G4-6322,TCGA-G4-6322-01Z-00-DX1,0,0.0012869512,0
non-tumour/TCGA-G4-6322-01Z-00-DX1_29696_17920.jpg,TCGA-G4-6322,TCGA-G4-6322-01Z-00-DX1,0,0.00010989385,0
non-tumour/TCGA-G4-6322-01Z-00-DX1_29696_18944.jpg,TCGA-G4-6322,TCGA-G4-6322-01Z-00-DX1,0,0.00092767255,0
non-tumour/TCGA-G4-6322-01Z-00-DX1_29696_2048.jpg,TCGA-G4-6322,TCGA-G4-6322-01Z-00-DX1,0,0.13755648,0
non-tumour/TCGA-G4-6322-01Z-00-DX1_29696_20992.jpg,TCGA-G4-6322,TCGA-G4-6322-01Z-00-DX1,0,8.473238e-07,0
non-tumour/TCGA-G4-6322-01Z-00-DX1_29696_22016.jpg,TCGA-G4-6322,TCGA-G4-6322-01Z-00-DX1,0,0.005114503,0
non-tumour/TCGA-G4-6322-01Z-00-DX1_29696_2560.jpg,TCGA-G4-6322,TCGA-G4-6322-01Z-00-DX1,0,1.538794e-05,0
non-tumour/TCGA-G4-6322-01Z-00-DX1_29696_512.jpg,TCGA-G4-6322,TCGA-G4-6322-01Z-00-DX1,0,1.0603288e-06,0
non-tumour/TCGA-G4-6322-01Z-00-DX1_29696_5632.jpg,TCGA-G4-6322,TCGA-G4-6322-01Z-00-DX1,0,0.004098917,0
non-tumour/TCGA-G4-6322-01Z-00-DX1_29696_6144.jpg,TCGA-G4-6322,TCGA-G4-6322-01Z-00-DX1,0,2.1800875e-05,0
non-tumour/TCGA-G4-6322-01Z-00-DX1_29696_6656.jpg,TCGA-G4-6322,TCGA-G4-6322-01Z-00-DX1,0,0.00017501847,0
non-tumour/TCGA-G4-6322-01Z-00-DX1_29696_7168.jpg,TCGA-G4-6322,TCGA-G4-6322-01Z-00-DX1,0,1.0248227e-06,0
non-tumour/TCGA-G4-6322-01Z-00-DX1_29696_8192.jpg,TCGA-G4-6322,TCGA-G4-6322-01Z-00-DX1,0,4.0609404e-05,0
non-tumour/TCGA-G4-6322-01Z-00-DX1_29696_8704.jpg,TCGA-G4-6322,TCGA-G4-6322-01Z-00-DX1,0,7.6099284e-05,0
non-tumour/TCGA-G4-6322-01Z-00-DX1_30208_1024.jpg,TCGA-G4-6322,TCGA-G4-6322-01Z-00-DX1,0,6.000507e-06,0
non-tumour/TCGA-G4-6322-01Z-00-DX1_30208_11264.jpg,TCGA-G4-6322,TCGA-G4-6322-01Z-00-DX1,0,0.00013004175,0
non-tumour/TCGA-G4-6322-01Z-00-DX1_30208_11776.jpg,TCGA-G4-6322,TCGA-G4-6322-01Z-00-DX1,0,1.9102936e-07,0
non-tumour/TCGA-G4-6322-01Z-00-DX1_30208_12800.jpg,TCGA-G4-6322,TCGA-G4-6322-01Z-00-DX1,0,0.00017312252,0
non-tumour/TCGA-G4-6322-01Z-00-DX1_30208_13312.jpg,TCGA-G4-6322,TCGA-G4-6322-01Z-00-DX1,0,1.2717254e-05,0
non-tumour/TCGA-G4-6322-01Z-00-DX1_30208_13824.jpg,TCGA-G4-6322,TCGA-G4-6322-01Z-00-DX1,0,8.014606e-05,0
non-tumour/TCGA-G4-6322-01Z-00-DX1_30208_15872.jpg,TCGA-G4-6322,TCGA-G4-6322-01Z-00-DX1,0,0.00012608504,0
non-tumour/TCGA-G4-6322-01Z-00-DX1_30208_16384.jpg,TCGA-G4-6322,TCGA-G4-6322-01Z-00-DX1,0,9.9305165e-05,0
non-tumour/TCGA-G4-6322-01Z-00-DX1_30208_16896.jpg,TCGA-G4-6322,TCGA-G4-6322-01Z-00-DX1,0,0.00038807627,0
non-tumour/TCGA-G4-6322-01Z-00-DX1_30208_17408.jpg,TCGA-G4-6322,TCGA-G4-6322-01Z-00-DX1,0,0.0002696061,0
non-tumour/TCGA-G4-6322-01Z-00-DX1_30208_19456.jpg,TCGA-G4-6322,TCGA-G4-6322-01Z-00-DX1,0,3.5626126e-08,0
non-tumour/TCGA-G4-6322-01Z-00-DX1_30208_2048.jpg,TCGA-G4-6322,TCGA-G4-6322-01Z-00-DX1,0,0.00043327612,0
non-tumour/TCGA-G4-6322-01Z-00-DX1_30208_3072.jpg,TCGA-G4-6322,TCGA-G4-6322-01Z-00-DX1,0,2.5720163e-05,0
non-tumour/TCGA-G4-6322-01Z-00-DX1_30208_3584.jpg,TCGA-G4-6322,TCGA-G4-6322-01Z-00-DX1,0,0.001604058,0
non-tumour/TCGA-G4-6322-01Z-00-DX1_30208_4096.jpg,TCGA-G4-6322,TCGA-G4-6322-01Z-00-DX1,0,6.4298874e-05,0
non-tumour/TCGA-G4-6322-01Z-00-DX1_30208_4608.jpg,TCGA-G4-6322,TCGA-G4-6322-01Z-00-DX1,0,3.4247216e-06,0
non-tumour/TCGA-G4-6322-01Z-00-DX1_30208_5120.jpg,TCGA-G4-6322,TCGA-G4-6322-01Z-00-DX1,0,5.348648e-06,0
non-tumour/TCGA-G4-6322-01Z-00-DX1_30208_8192.jpg,TCGA-G4-6322,TCGA-G4-6322-01Z-00-DX1,0,4.3419746e-05,0
non-tumour/TCGA-G4-6322-01Z-00-DX1_30720_1024.jpg,TCGA-G4-6322,TCGA-G4-6322-01Z-00-DX1,0,2.6466992e-07,0
non-tumour/TCGA-G4-6322-01Z-00-DX1_30720_12288.jpg,TCGA-G4-6322,TCGA-G4-6322-01Z-00-DX1,0,7.895623e-08,0
non-tumour/TCGA-G4-6322-01Z-00-DX1_30720_13824.jpg,TCGA-G4-6322,TCGA-G4-6322-01Z-00-DX1,0,4.3637512e-05,0
non-tumour/TCGA-G4-6322-01Z-00-DX1_30720_14336.jpg,TCGA-G4-6322,TCGA-G4-6322-01Z-00-DX1,0,0.00046261703,0
non-tumour/TCGA-G4-6322-01Z-00-DX1_30720_1536.jpg,TCGA-G4-6322,TCGA-G4-6322-01Z-00-DX1,0,0.00598179,0
non-tumour/TCGA-G4-6322-01Z-00-DX1_30720_16384.jpg,TCGA-G4-6322,TCGA-G4-6322-01Z-00-DX1,0,0.00031009596,0
non-tumour/TCGA-G4-6322-01Z-00-DX1_30720_16896.jpg,TCGA-G4-6322,TCGA-G4-6322-01Z-00-DX1,0,0.00028959016,0
non-tumour/TCGA-G4-6322-01Z-00-DX1_30720_17408.jpg,TCGA-G4-6322,TCGA-G4-6322-01Z-00-DX1,0,4.102724e-06,0
non-tumour/TCGA-G4-6322-01Z-00-DX1_30720_17920.jpg,TCGA-G4-6322,TCGA-G4-6322-01Z-00-DX1,0,2.0417066e-05,0
non-tumour/TCGA-G4-6322-01Z-00-DX1_30720_18432.jpg,TCGA-G4-6322,TCGA-G4-6322-01Z-00-DX1,0,9.92246e-09,0
non-tumour/TCGA-G4-6322-01Z-00-DX1_30720_18944.jpg,TCGA-G4-6322,TCGA-G4-6322-01Z-00-DX1,0,7.493208e-06,0
non-tumour/TCGA-G4-6322-01Z-00-DX1_30720_21504.jpg,TCGA-G4-6322,TCGA-G4-6322-01Z-00-DX1,0,3.0312061e-05,0
non-tumour/TCGA-G4-6322-01Z-00-DX1_30720_22016.jpg,TCGA-G4-6322,TCGA-G4-6322-01Z-00-DX1,0,0.0018391676,0
non-tumour/TCGA-G4-6322-01Z-00-DX1_30720_4096.jpg,TCGA-G4-6322,TCGA-G4-6322-01Z-00-DX1,0,0.0004234524,0
non-tumour/TCGA-G4-6322-01Z-00-DX1_30720_5120.jpg,TCGA-G4-6322,TCGA-G4-6322-01Z-00-DX1,0,2.995892e-06,0
non-tumour/TCGA-G4-6322-01Z-00-DX1_30720_5632.jpg,TCGA-G4-6322,TCGA-G4-6322-01Z-00-DX1,0,4.4006873e-07,0
non-tumour/TCGA-G4-6322-01Z-00-DX1_30720_8704.jpg,TCGA-G4-6322,TCGA-G4-6322-01Z-00-DX1,0,1.4917704e-06,0
non-tumour/TCGA-G4-6322-01Z-00-DX1_3072_10752.jpg,TCGA-G4-6322,TCGA-G4-6322-01Z-00-DX1,0,0.0004968556,0
non-tumour/TCGA-G4-6322-01Z-00-DX1_3072_11776.jpg,TCGA-G4-6322,TCGA-G4-6322-01Z-00-DX1,0,0.002307202,0
non-tumour/TCGA-G4-6322-01Z-00-DX1_3072_13312.jpg,TCGA-G4-6322,TCGA-G4-6322-01Z-00-DX1,0,0.00019586079,0
non-tumour/TCGA-G4-6322-01Z-00-DX1_3072_15872.jpg,TCGA-G4-6322,TCGA-G4-6322-01Z-00-DX1,0,0.00046099504,0
non-tumour/TCGA-G4-6322-01Z-00-DX1_3072_16384.jpg,TCGA-G4-6322,TCGA-G4-6322-01Z-00-DX1,0,0.0006382178,0
non-tumour/TCGA-G4-6322-01Z-00-DX1_3072_17408.jpg,TCGA-G4-6322,TCGA-G4-6322-01Z-00-DX1,0,3.81792e-05,0
non-tumour/TCGA-G4-6322-01Z-00-DX1_3072_18432.jpg,TCGA-G4-6322,TCGA-G4-6322-01Z-00-DX1,0,2.8804874e-07,0
non-tumour/TCGA-G4-6322-01Z-00-DX1_3072_18944.jpg,TCGA-G4-6322,TCGA-G4-6322-01Z-00-DX1,0,1.5802855e-06,0
non-tumour/TCGA-G4-6322-01Z-00-DX1_3072_19968.jpg,TCGA-G4-6322,TCGA-G4-6322-01Z-00-DX1,0,6.494037e-07,0
non-tumour/TCGA-G4-6322-01Z-00-DX1_3072_3584.jpg,TCGA-G4-6322,TCGA-G4-6322-01Z-00-DX1,0,0.00027293907,0
non-tumour/TCGA-G4-6322-01Z-00-DX1_3072_4096.jpg,TCGA-G4-6322,TCGA-G4-6322-01Z-00-DX1,0,0.00028405176,0
non-tumour/TCGA-G4-6322-01Z-00-DX1_3072_4608.jpg,TCGA-G4-6322,TCGA-G4-6322-01Z-00-DX1,0,0.51060426,1
non-tumour/TCGA-G4-6322-01Z-00-DX1_3072_5120.jpg,TCGA-G4-6322,TCGA-G4-6322-01Z-00-DX1,0,0.00039657144,0
non-tumour/TCGA-G4-6322-01Z-00-DX1_3072_5632.jpg,TCGA-G4-6322,TCGA-G4-6322-01Z-00-DX1,0,0.021245686,0
non-tumour/TCGA-G4-6322-01Z-00-DX1_3072_6144.jpg,TCGA-G4-6322,TCGA-G4-6322-01Z-00-DX1,0,0.8592142,1
non-tumour/TCGA-G4-6322-01Z-00-DX1_3072_6656.jpg,TCGA-G4-6322,TCGA-G4-6322-01Z-00-DX1,0,0.017237566,0
non-tumour/TCGA-G4-6322-01Z-00-DX1_3072_7168.jpg,TCGA-G4-6322,TCGA-G4-6322-01Z-00-DX1,0,0.7895525,1
non-tumour/TCGA-G4-6322-01Z-00-DX1_3072_8192.jpg,TCGA-G4-6322,TCGA-G4-6322-01Z-00-DX1,0,0.47624922,0
non-tumour/TCGA-G4-6322-01Z-00-DX1_3072_8704.jpg,TCGA-G4-6322,TCGA-G4-6322-01Z-00-DX1,0,0.37008673,0
non-tumour/TCGA-G4-6322-01Z-00-DX1_3072_9216.jpg,TCGA-G4-6322,TCGA-G4-6322-01Z-00-DX1,0,0.6027018,1
non-tumour/TCGA-G4-6322-01Z-00-DX1_31232_10752.jpg,TCGA-G4-6322,TCGA-G4-6322-01Z-00-DX1,0,3.4334237e-06,0
non-tumour/TCGA-G4-6322-01Z-00-DX1_31232_11264.jpg,TCGA-G4-6322,TCGA-G4-6322-01Z-00-DX1,0,8.533494e-05,0
non-tumour/TCGA-G4-6322-01Z-00-DX1_31232_11776.jpg,TCGA-G4-6322,TCGA-G4-6322-01Z-00-DX1,0,0.00029494276,0
non-tumour/TCGA-G4-6322-01Z-00-DX1_31232_14336.jpg,TCGA-G4-6322,TCGA-G4-6322-01Z-00-DX1,0,6.588764e-05,0
non-tumour/TCGA-G4-6322-01Z-00-DX1_31232_1536.jpg,TCGA-G4-6322,TCGA-G4-6322-01Z-00-DX1,0,0.00048761538,0
non-tumour/TCGA-G4-6322-01Z-00-DX1_31232_16384.jpg,TCGA-G4-6322,TCGA-G4-6322-01Z-00-DX1,0,1.6441836e-05,0
non-tumour/TCGA-G4-6322-01Z-00-DX1_31232_17408.jpg,TCGA-G4-6322,TCGA-G4-6322-01Z-00-DX1,0,4.0466748e-08,0
non-tumour/TCGA-G4-6322-01Z-00-DX1_31232_18432.jpg,TCGA-G4-6322,TCGA-G4-6322-01Z-00-DX1,0,3.9657007e-07,0
non-tumour/TCGA-G4-6322-01Z-00-DX1_31232_19456.jpg,TCGA-G4-6322,TCGA-G4-6322-01Z-00-DX1,0,1.2103148e-05,0
non-tumour/TCGA-G4-6322-01Z-00-DX1_31232_20992.jpg,TCGA-G4-6322,TCGA-G4-6322-01Z-00-DX1,0,0.00270678,0
non-tumour/TCGA-G4-6322-01Z-00-DX1_31232_21504.jpg,TCGA-G4-6322,TCGA-G4-6322-01Z-00-DX1,0,0.002771863,0
non-tumour/TCGA-G4-6322-01Z-00-DX1_31232_22016.jpg,TCGA-G4-6322,TCGA-G4-6322-01Z-00-DX1,0,0.019566916,0
non-tumour/TCGA-G4-6322-01Z-00-DX1_31232_22528.jpg,TCGA-G4-6322,TCGA-G4-6322-01Z-00-DX1,0,0.0017905801,0
non-tumour/TCGA-G4-6322-01Z-00-DX1_31232_23040.jpg,TCGA-G4-6322,TCGA-G4-6322-01Z-00-DX1,0,0.019470582,0
non-tumour/TCGA-G4-6322-01Z-00-DX1_31232_3072.jpg,TCGA-G4-6322,TCGA-G4-6322-01Z-00-DX1,0,0.00020340233,0
non-tumour/TCGA-G4-6322-01Z-00-DX1_31232_3584.jpg,TCGA-G4-6322,TCGA-G4-6322-01Z-00-DX1,0,4.5464283e-05,0
non-tumour/TCGA-G4-6322-01Z-00-DX1_31232_5120.jpg,TCGA-G4-6322,TCGA-G4-6322-01Z-00-DX1,0,2.917481e-07,0
non-tumour/TCGA-G4-6322-01Z-00-DX1_31232_5632.jpg,TCGA-G4-6322,TCGA-G4-6322-01Z-00-DX1,0,1.6569571e-05,0
non-tumour/TCGA-G4-6322-01Z-00-DX1_31232_6144.jpg,TCGA-G4-6322,TCGA-G4-6322-01Z-00-DX1,0,1.4512223e-05,0
non-tumour/TCGA-G4-6322-01Z-00-DX1_31232_7680.jpg,TCGA-G4-6322,TCGA-G4-6322-01Z-00-DX1,0,0.014468915,0
non-tumour/TCGA-G4-6322-01Z-00-DX1_31744_11264.jpg,TCGA-G4-6322,TCGA-G4-6322-01Z-00-DX1,0,2.8234535e-06,0
non-tumour/TCGA-G4-6322-01Z-00-DX1_31744_12288.jpg,TCGA-G4-6322,TCGA-G4-6322-01Z-00-DX1,0,0.0002996215,0
non-tumour/TCGA-G4-6322-01Z-00-DX1_31744_12800.jpg,TCGA-G4-6322,TCGA-G4-6322-01Z-00-DX1,0,2.3930217e-05,0
non-tumour/TCGA-G4-6322-01Z-00-DX1_31744_13824.jpg,TCGA-G4-6322,TCGA-G4-6322-01Z-00-DX1,0,4.3021024e-05,0
non-tumour/TCGA-G4-6322-01Z-00-DX1_31744_15360.jpg,TCGA-G4-6322,TCGA-G4-6322-01Z-00-DX1,0,0.00048263185,0
non-tumour/TCGA-G4-6322-01Z-00-DX1_31744_15872.jpg,TCGA-G4-6322,TCGA-G4-6322-01Z-00-DX1,0,0.00021326562,0
non-tumour/TCGA-G4-6322-01Z-00-DX1_31744_16384.jpg,TCGA-G4-6322,TCGA-G4-6322-01Z-00-DX1,0,0.0006090954,0
non-tumour/TCGA-G4-6322-01Z-00-DX1_31744_17920.jpg,TCGA-G4-6322,TCGA-G4-6322-01Z-00-DX1,0,0.00041909856,0
non-tumour/TCGA-G4-6322-01Z-00-DX1_31744_20480.jpg,TCGA-G4-6322,TCGA-G4-6322-01Z-00-DX1,0,0.0029333616,0
non-tumour/TCGA-G4-6322-01Z-00-DX1_31744_20992.jpg,TCGA-G4-6322,TCGA-G4-6322-01Z-00-DX1,0,2.536971e-08,0
non-tumour/TCGA-G4-6322-01Z-00-DX1_31744_22016.jpg,TCGA-G4-6322,TCGA-G4-6322-01Z-00-DX1,0,0.006990245,0
non-tumour/TCGA-G4-6322-01Z-00-DX1_31744_3072.jpg,TCGA-G4-6322,TCGA-G4-6322-01Z-00-DX1,0,0.0003786406,0
non-tumour/TCGA-G4-6322-01Z-00-DX1_31744_6656.jpg,TCGA-G4-6322,TCGA-G4-6322-01Z-00-DX1,0,1.939353e-05,0
non-tumour/TCGA-G4-6322-01Z-00-DX1_31744_7168.jpg,TCGA-G4-6322,TCGA-G4-6322-01Z-00-DX1,0,5.03118e-05,0
non-tumour/TCGA-G4-6322-01Z-00-DX1_31744_7680.jpg,TCGA-G4-6322,TCGA-G4-6322-01Z-00-DX1,0,1.8929823e-05,0
non-tumour/TCGA-G4-6322-01Z-00-DX1_32256_10752.jpg,TCGA-G4-6322,TCGA-G4-6322-01Z-00-DX1,0,1.4807961e-05,0
non-tumour/TCGA-G4-6322-01Z-00-DX1_32256_12800.jpg,TCGA-G4-6322,TCGA-G4-6322-01Z-00-DX1,0,7.5631415e-06,0
non-tumour/TCGA-G4-6322-01Z-00-DX1_32256_13312.jpg,TCGA-G4-6322,TCGA-G4-6322-01Z-00-DX1,0,4.814445e-05,0
non-tumour/TCGA-G4-6322-01Z-00-DX1_32256_13824.jpg,TCGA-G4-6322,TCGA-G4-6322-01Z-00-DX1,0,0.00059739343,0
non-tumour/TCGA-G4-6322-01Z-00-DX1_32256_14336.jpg,TCGA-G4-6322,TCGA-G4-6322-01Z-00-DX1,0,0.00038622704,0
non-tumour/TCGA-G4-6322-01Z-00-DX1_32256_15360.jpg,TCGA-G4-6322,TCGA-G4-6322-01Z-00-DX1,0,0.00025403526,0
non-tumour/TCGA-G4-6322-01Z-00-DX1_32256_15872.jpg,TCGA-G4-6322,TCGA-G4-6322-01Z-00-DX1,0,0.00019124612,0
non-tumour/TCGA-G4-6322-01Z-00-DX1_32256_16384.jpg,TCGA-G4-6322,TCGA-G4-6322-01Z-00-DX1,0,0.003289979,0
non-tumour/TCGA-G4-6322-01Z-00-DX1_32256_16896.jpg,TCGA-G4-6322,TCGA-G4-6322-01Z-00-DX1,0,0.0007271102,0
non-tumour/TCGA-G4-6322-01Z-00-DX1_32256_17408.jpg,TCGA-G4-6322,TCGA-G4-6322-01Z-00-DX1,0,1.457312e-07,0
non-tumour/TCGA-G4-6322-01Z-00-DX1_32256_2048.jpg,TCGA-G4-6322,TCGA-G4-6322-01Z-00-DX1,0,3.763939e-05,0
non-tumour/TCGA-G4-6322-01Z-00-DX1_32256_20480.jpg,TCGA-G4-6322,TCGA-G4-6322-01Z-00-DX1,0,0.0031430882,0
non-tumour/TCGA-G4-6322-01Z-00-DX1_32256_24064.jpg,TCGA-G4-6322,TCGA-G4-6322-01Z-00-DX1,0,0.5963929,1
non-tumour/TCGA-G4-6322-01Z-00-DX1_32256_2560.jpg,TCGA-G4-6322,TCGA-G4-6322-01Z-00-DX1,0,0.02900442,0
non-tumour/TCGA-G4-6322-01Z-00-DX1_32256_3072.jpg,TCGA-G4-6322,TCGA-G4-6322-01Z-00-DX1,0,2.9560477e-05,0
non-tumour/TCGA-G4-6322-01Z-00-DX1_32256_3584.jpg,TCGA-G4-6322,TCGA-G4-6322-01Z-00-DX1,0,0.66142786,1
non-tumour/TCGA-G4-6322-01Z-00-DX1_32256_4096.jpg,TCGA-G4-6322,TCGA-G4-6322-01Z-00-DX1,0,0.0007322127,0
non-tumour/TCGA-G4-6322-01Z-00-DX1_32256_7168.jpg,TCGA-G4-6322,TCGA-G4-6322-01Z-00-DX1,0,2.4868663e-05,0
non-tumour/TCGA-G4-6322-01Z-00-DX1_32256_7680.jpg,TCGA-G4-6322,TCGA-G4-6322-01Z-00-DX1,0,1.2849092e-06,0
non-tumour/TCGA-G4-6322-01Z-00-DX1_32256_8192.jpg,TCGA-G4-6322,TCGA-G4-6322-01Z-00-DX1,0,4.4365156e-06,0
non-tumour/TCGA-G4-6322-01Z-00-DX1_32768_1024.jpg,TCGA-G4-6322,TCGA-G4-6322-01Z-00-DX1,0,8.1274624e-07,0
non-tumour/TCGA-G4-6322-01Z-00-DX1_32768_10752.jpg,TCGA-G4-6322,TCGA-G4-6322-01Z-00-DX1,0,4.8280406e-05,0
non-tumour/TCGA-G4-6322-01Z-00-DX1_32768_11776.jpg,TCGA-G4-6322,TCGA-G4-6322-01Z-00-DX1,0,8.184779e-07,0
non-tumour/TCGA-G4-6322-01Z-00-DX1_32768_12288.jpg,TCGA-G4-6322,TCGA-G4-6322-01Z-00-DX1,0,7.873231e-06,0
non-tumour/TCGA-G4-6322-01Z-00-DX1_32768_12800.jpg,TCGA-G4-6322,TCGA-G4-6322-01Z-00-DX1,0,9.181099e-05,0
non-tumour/TCGA-G4-6322-01Z-00-DX1_32768_13312.jpg,TCGA-G4-6322,TCGA-G4-6322-01Z-00-DX1,0,1.2968162e-05,0
non-tumour/TCGA-G4-6322-01Z-00-DX1_32768_13824.jpg,TCGA-G4-6322,TCGA-G4-6322-01Z-00-DX1,0,6.8879104e-05,0
non-tumour/TCGA-G4-6322-01Z-00-DX1_32768_1536.jpg,TCGA-G4-6322,TCGA-G4-6322-01Z-00-DX1,0,1.209379e-05,0
non-tumour/TCGA-G4-6322-01Z-00-DX1_32768_15360.jpg,TCGA-G4-6322,TCGA-G4-6322-01Z-00-DX1,0,0.00034232234,0
non-tumour/TCGA-G4-6322-01Z-00-DX1_32768_15872.jpg,TCGA-G4-6322,TCGA-G4-6322-01Z-00-DX1,0,1.2111415e-05,0
non-tumour/TCGA-G4-6322-01Z-00-DX1_32768_16384.jpg,TCGA-G4-6322,TCGA-G4-6322-01Z-00-DX1,0,5.0801387e-05,0
non-tumour/TCGA-G4-6322-01Z-00-DX1_32768_16896.jpg,TCGA-G4-6322,TCGA-G4-6322-01Z-00-DX1,0,1.8587521e-06,0
non-tumour/TCGA-G4-6322-01Z-00-DX1_32768_17408.jpg,TCGA-G4-6322,TCGA-G4-6322-01Z-00-DX1,0,1.5091258e-07,0
non-tumour/TCGA-G4-6322-01Z-00-DX1_32768_22528.jpg,TCGA-G4-6322,TCGA-G4-6322-01Z-00-DX1,0,0.0064340136,0
non-tumour/TCGA-G4-6322-01Z-00-DX1_32768_2560.jpg,TCGA-G4-6322,TCGA-G4-6322-01Z-00-DX1,0,0.004779278,0
non-tumour/TCGA-G4-6322-01Z-00-DX1_32768_6144.jpg,TCGA-G4-6322,TCGA-G4-6322-01Z-00-DX1,0,8.24695e-06,0
non-tumour/TCGA-G4-6322-01Z-00-DX1_32768_7168.jpg,TCGA-G4-6322,TCGA-G4-6322-01Z-00-DX1,0,0.0015439279,0
non-tumour/TCGA-G4-6322-01Z-00-DX1_32768_8192.jpg,TCGA-G4-6322,TCGA-G4-6322-01Z-00-DX1,0,2.5092357e-05,0
non-tumour/TCGA-G4-6322-01Z-00-DX1_33280_1024.jpg,TCGA-G4-6322,TCGA-G4-6322-01Z-00-DX1,0,1.9801184e-05,0
non-tumour/TCGA-G4-6322-01Z-00-DX1_33280_10240.jpg,TCGA-G4-6322,TCGA-G4-6322-01Z-00-DX1,0,9.214038e-07,0
non-tumour/TCGA-G4-6322-01Z-00-DX1_33280_11264.jpg,TCGA-G4-6322,TCGA-G4-6322-01Z-00-DX1,0,4.3496917e-07,0
non-tumour/TCGA-G4-6322-01Z-00-DX1_33280_12800.jpg,TCGA-G4-6322,TCGA-G4-6322-01Z-00-DX1,0,9.298444e-06,0
non-tumour/TCGA-G4-6322-01Z-00-DX1_33280_14848.jpg,TCGA-G4-6322,TCGA-G4-6322-01Z-00-DX1,0,0.00038251028,0
non-tumour/TCGA-G4-6322-01Z-00-DX1_33280_15872.jpg,TCGA-G4-6322,TCGA-G4-6322-01Z-00-DX1,0,9.135912e-05,0
non-tumour/TCGA-G4-6322-01Z-00-DX1_33280_16384.jpg,TCGA-G4-6322,TCGA-G4-6322-01Z-00-DX1,0,0.00089520146,0
non-tumour/TCGA-G4-6322-01Z-00-DX1_33280_16896.jpg,TCGA-G4-6322,TCGA-G4-6322-01Z-00-DX1,0,1.5244038e-09,0
non-tumour/TCGA-G4-6322-01Z-00-DX1_33280_17408.jpg,TCGA-G4-6322,TCGA-G4-6322-01Z-00-DX1,0,1.5930246e-07,0
non-tumour/TCGA-G4-6322-01Z-00-DX1_33280_17920.jpg,TCGA-G4-6322,TCGA-G4-6322-01Z-00-DX1,0,8.4366736e-10,0
non-tumour/TCGA-G4-6322-01Z-00-DX1_33280_18432.jpg,TCGA-G4-6322,TCGA-G4-6322-01Z-00-DX1,0,5.4579856e-09,0
non-tumour/TCGA-G4-6322-01Z-00-DX1_33280_19456.jpg,TCGA-G4-6322,TCGA-G4-6322-01Z-00-DX1,0,0.0034582054,0
non-tumour/TCGA-G4-6322-01Z-00-DX1_33280_2048.jpg,TCGA-G4-6322,TCGA-G4-6322-01Z-00-DX1,0,0.00087566086,0
non-tumour/TCGA-G4-6322-01Z-00-DX1_33280_20480.jpg,TCGA-G4-6322,TCGA-G4-6322-01Z-00-DX1,0,6.5941863e-06,0
non-tumour/TCGA-G4-6322-01Z-00-DX1_33280_20992.jpg,TCGA-G4-6322,TCGA-G4-6322-01Z-00-DX1,0,8.4708345e-06,0
non-tumour/TCGA-G4-6322-01Z-00-DX1_33280_22528.jpg,TCGA-G4-6322,TCGA-G4-6322-01Z-00-DX1,0,4.861877e-07,0
non-tumour/TCGA-G4-6322-01Z-00-DX1_33280_23040.jpg,TCGA-G4-6322,TCGA-G4-6322-01Z-00-DX1,0,4.4451957e-07,0
non-tumour/TCGA-G4-6322-01Z-00-DX1_33280_23552.jpg,TCGA-G4-6322,TCGA-G4-6322-01Z-00-DX1,0,2.1472924e-05,0
non-tumour/TCGA-G4-6322-01Z-00-DX1_33280_24064.jpg,TCGA-G4-6322,TCGA-G4-6322-01Z-00-DX1,0,7.253977e-08,0
non-tumour/TCGA-G4-6322-01Z-00-DX1_33280_24576.jpg,TCGA-G4-6322,TCGA-G4-6322-01Z-00-DX1,0,0.4428628,0
non-tumour/TCGA-G4-6322-01Z-00-DX1_33280_2560.jpg,TCGA-G4-6322,TCGA-G4-6322-01Z-00-DX1,0,8.538451e-05,0
non-tumour/TCGA-G4-6322-01Z-00-DX1_33280_4608.jpg,TCGA-G4-6322,TCGA-G4-6322-01Z-00-DX1,0,0.0041260803,0
non-tumour/TCGA-G4-6322-01Z-00-DX1_33280_6144.jpg,TCGA-G4-6322,TCGA-G4-6322-01Z-00-DX1,0,0.000101395104,0
non-tumour/TCGA-G4-6322-01Z-00-DX1_33280_6656.jpg,TCGA-G4-6322,TCGA-G4-6322-01Z-00-DX1,0,5.7433513e-06,0
non-tumour/TCGA-G4-6322-01Z-00-DX1_33792_11776.jpg,TCGA-G4-6322,TCGA-G4-6322-01Z-00-DX1,0,7.1960654e-05,0
non-tumour/TCGA-G4-6322-01Z-00-DX1_33792_12800.jpg,TCGA-G4-6322,TCGA-G4-6322-01Z-00-DX1,0,0.00015602059,0
non-tumour/TCGA-G4-6322-01Z-00-DX1_33792_13312.jpg,TCGA-G4-6322,TCGA-G4-6322-01Z-00-DX1,0,0.00017425332,0
non-tumour/TCGA-G4-6322-01Z-00-DX1_33792_14336.jpg,TCGA-G4-6322,TCGA-G4-6322-01Z-00-DX1,0,0.00023018035,0
non-tumour/TCGA-G4-6322-01Z-00-DX1_33792_1536.jpg,TCGA-G4-6322,TCGA-G4-6322-01Z-00-DX1,0,1.2655697e-05,0
non-tumour/TCGA-G4-6322-01Z-00-DX1_33792_15360.jpg,TCGA-G4-6322,TCGA-G4-6322-01Z-00-DX1,0,3.690567e-05,0
non-tumour/TCGA-G4-6322-01Z-00-DX1_33792_15872.jpg,TCGA-G4-6322,TCGA-G4-6322-01Z-00-DX1,0,9.814291e-05,0
non-tumour/TCGA-G4-6322-01Z-00-DX1_33792_17408.jpg,TCGA-G4-6322,TCGA-G4-6322-01Z-00-DX1,0,4.7117616e-08,0
non-tumour/TCGA-G4-6322-01Z-00-DX1_33792_18432.jpg,TCGA-G4-6322,TCGA-G4-6322-01Z-00-DX1,0,3.99574e-06,0
non-tumour/TCGA-G4-6322-01Z-00-DX1_33792_19456.jpg,TCGA-G4-6322,TCGA-G4-6322-01Z-00-DX1,0,0.058522914,0
non-tumour/TCGA-G4-6322-01Z-00-DX1_33792_20992.jpg,TCGA-G4-6322,TCGA-G4-6322-01Z-00-DX1,0,1.6146427e-06,0
non-tumour/TCGA-G4-6322-01Z-00-DX1_33792_23040.jpg,TCGA-G4-6322,TCGA-G4-6322-01Z-00-DX1,0,1.2512097e-05,0
non-tumour/TCGA-G4-6322-01Z-00-DX1_33792_23552.jpg,TCGA-G4-6322,TCGA-G4-6322-01Z-00-DX1,0,5.0885924e-06,0
non-tumour/TCGA-G4-6322-01Z-00-DX1_33792_2560.jpg,TCGA-G4-6322,TCGA-G4-6322-01Z-00-DX1,0,0.038430866,0
non-tumour/TCGA-G4-6322-01Z-00-DX1_33792_3072.jpg,TCGA-G4-6322,TCGA-G4-6322-01Z-00-DX1,0,0.0004708906,0
non-tumour/TCGA-G4-6322-01Z-00-DX1_33792_4608.jpg,TCGA-G4-6322,TCGA-G4-6322-01Z-00-DX1,0,4.1479525e-05,0
non-tumour/TCGA-G4-6322-01Z-00-DX1_33792_5632.jpg,TCGA-G4-6322,TCGA-G4-6322-01Z-00-DX1,0,1.4430219e-05,0
non-tumour/TCGA-G4-6322-01Z-00-DX1_33792_6144.jpg,TCGA-G4-6322,TCGA-G4-6322-01Z-00-DX1,0,0.000721061,0
non-tumour/TCGA-G4-6322-01Z-00-DX1_33792_6656.jpg,TCGA-G4-6322,TCGA-G4-6322-01Z-00-DX1,0,0.00027264105,0
non-tumour/TCGA-G4-6322-01Z-00-DX1_33792_9728.jpg,TCGA-G4-6322,TCGA-G4-6322-01Z-00-DX1,0,9.729829e-07,0
non-tumour/TCGA-G4-6322-01Z-00-DX1_34304_1024.jpg,TCGA-G4-6322,TCGA-G4-6322-01Z-00-DX1,0,1.0923122e-05,0
non-tumour/TCGA-G4-6322-01Z-00-DX1_34304_10752.jpg,TCGA-G4-6322,TCGA-G4-6322-01Z-00-DX1,0,8.6689674e-08,0
non-tumour/TCGA-G4-6322-01Z-00-DX1_34304_14336.jpg,TCGA-G4-6322,TCGA-G4-6322-01Z-00-DX1,0,0.00019970837,0
non-tumour/TCGA-G4-6322-01Z-00-DX1_34304_1536.jpg,TCGA-G4-6322,TCGA-G4-6322-01Z-00-DX1,0,0.0025164653,0
non-tumour/TCGA-G4-6322-01Z-00-DX1_34304_15360.jpg,TCGA-G4-6322,TCGA-G4-6322-01Z-00-DX1,0,0.0022583564,0
non-tumour/TCGA-G4-6322-01Z-00-DX1_34304_15872.jpg,TCGA-G4-6322,TCGA-G4-6322-01Z-00-DX1,0,6.166818e-05,0
non-tumour/TCGA-G4-6322-01Z-00-DX1_34304_16384.jpg,TCGA-G4-6322,TCGA-G4-6322-01Z-00-DX1,0,5.0564744e-09,0
non-tumour/TCGA-G4-6322-01Z-00-DX1_34304_17408.jpg,TCGA-G4-6322,TCGA-G4-6322-01Z-00-DX1,0,2.176407e-08,0
non-tumour/TCGA-G4-6322-01Z-00-DX1_34304_19456.jpg,TCGA-G4-6322,TCGA-G4-6322-01Z-00-DX1,0,0.38624823,0
non-tumour/TCGA-G4-6322-01Z-00-DX1_34304_19968.jpg,TCGA-G4-6322,TCGA-G4-6322-01Z-00-DX1,0,0.0012483015,0
non-tumour/TCGA-G4-6322-01Z-00-DX1_34304_2048.jpg,TCGA-G4-6322,TCGA-G4-6322-01Z-00-DX1,0,0.06278626,0
non-tumour/TCGA-G4-6322-01Z-00-DX1_34304_20480.jpg,TCGA-G4-6322,TCGA-G4-6322-01Z-00-DX1,0,4.2434336e-09,0
non-tumour/TCGA-G4-6322-01Z-00-DX1_34304_22528.jpg,TCGA-G4-6322,TCGA-G4-6322-01Z-00-DX1,0,0.09993111,0
non-tumour/TCGA-G4-6322-01Z-00-DX1_34304_23552.jpg,TCGA-G4-6322,TCGA-G4-6322-01Z-00-DX1,0,0.07532303,0
non-tumour/TCGA-G4-6322-01Z-00-DX1_34304_24064.jpg,TCGA-G4-6322,TCGA-G4-6322-01Z-00-DX1,0,0.00041050615,0
non-tumour/TCGA-G4-6322-01Z-00-DX1_34304_2560.jpg,TCGA-G4-6322,TCGA-G4-6322-01Z-00-DX1,0,0.00020443343,0
non-tumour/TCGA-G4-6322-01Z-00-DX1_34304_3072.jpg,TCGA-G4-6322,TCGA-G4-6322-01Z-00-DX1,0,8.015754e-07,0
non-tumour/TCGA-G4-6322-01Z-00-DX1_34304_3584.jpg,TCGA-G4-6322,TCGA-G4-6322-01Z-00-DX1,0,2.0078925e-05,0
non-tumour/TCGA-G4-6322-01Z-00-DX1_34304_6144.jpg,TCGA-G4-6322,TCGA-G4-6322-01Z-00-DX1,0,9.786852e-05,0
non-tumour/TCGA-G4-6322-01Z-00-DX1_34816_1024.jpg,TCGA-G4-6322,TCGA-G4-6322-01Z-00-DX1,0,9.3465525e-05,0
non-tumour/TCGA-G4-6322-01Z-00-DX1_34816_10752.jpg,TCGA-G4-6322,TCGA-G4-6322-01Z-00-DX1,0,2.964106e-07,0
non-tumour/TCGA-G4-6322-01Z-00-DX1_34816_11776.jpg,TCGA-G4-6322,TCGA-G4-6322-01Z-00-DX1,0,7.797425e-05,0
non-tumour/TCGA-G4-6322-01Z-00-DX1_34816_12288.jpg,TCGA-G4-6322,TCGA-G4-6322-01Z-00-DX1,0,0.00040505143,0
non-tumour/TCGA-G4-6322-01Z-00-DX1_34816_12800.jpg,TCGA-G4-6322,TCGA-G4-6322-01Z-00-DX1,0,0.0005408502,0
non-tumour/TCGA-G4-6322-01Z-00-DX1_34816_14336.jpg,TCGA-G4-6322,TCGA-G4-6322-01Z-00-DX1,0,0.00010463343,0
non-tumour/TCGA-G4-6322-01Z-00-DX1_34816_14848.jpg,TCGA-G4-6322,TCGA-G4-6322-01Z-00-DX1,0,0.0010803208,0
non-tumour/TCGA-G4-6322-01Z-00-DX1_34816_1536.jpg,TCGA-G4-6322,TCGA-G4-6322-01Z-00-DX1,0,0.00022954238,0
non-tumour/TCGA-G4-6322-01Z-00-DX1_34816_15360.jpg,TCGA-G4-6322,TCGA-G4-6322-01Z-00-DX1,0,1.2937318e-05,0
non-tumour/TCGA-G4-6322-01Z-00-DX1_34816_15872.jpg,TCGA-G4-6322,TCGA-G4-6322-01Z-00-DX1,0,0.00013068217,0
non-tumour/TCGA-G4-6322-01Z-00-DX1_34816_16896.jpg,TCGA-G4-6322,TCGA-G4-6322-01Z-00-DX1,0,1.1006294e-08,0
non-tumour/TCGA-G4-6322-01Z-00-DX1_34816_17920.jpg,TCGA-G4-6322,TCGA-G4-6322-01Z-00-DX1,0,8.1870525e-08,0
non-tumour/TCGA-G4-6322-01Z-00-DX1_34816_18432.jpg,TCGA-G4-6322,TCGA-G4-6322-01Z-00-DX1,0,3.80608e-05,0
non-tumour/TCGA-G4-6322-01Z-00-DX1_34816_19968.jpg,TCGA-G4-6322,TCGA-G4-6322-01Z-00-DX1,0,0.00047417625,0
non-tumour/TCGA-G4-6322-01Z-00-DX1_34816_2048.jpg,TCGA-G4-6322,TCGA-G4-6322-01Z-00-DX1,0,0.0001576099,0
non-tumour/TCGA-G4-6322-01Z-00-DX1_34816_20480.jpg,TCGA-G4-6322,TCGA-G4-6322-01Z-00-DX1,0,0.00089608296,0
non-tumour/TCGA-G4-6322-01Z-00-DX1_34816_20992.jpg,TCGA-G4-6322,TCGA-G4-6322-01Z-00-DX1,0,0.005726901,0
non-tumour/TCGA-G4-6322-01Z-00-DX1_34816_21504.jpg,TCGA-G4-6322,TCGA-G4-6322-01Z-00-DX1,0,0.9952749,1
non-tumour/TCGA-G4-6322-01Z-00-DX1_34816_23040.jpg,TCGA-G4-6322,TCGA-G4-6322-01Z-00-DX1,0,0.990186,1
non-tumour/TCGA-G4-6322-01Z-00-DX1_34816_23552.jpg,TCGA-G4-6322,TCGA-G4-6322-01Z-00-DX1,0,0.05201927,0
non-tumour/TCGA-G4-6322-01Z-00-DX1_34816_2560.jpg,TCGA-G4-6322,TCGA-G4-6322-01Z-00-DX1,0,0.000106943124,0
non-tumour/TCGA-G4-6322-01Z-00-DX1_34816_3072.jpg,TCGA-G4-6322,TCGA-G4-6322-01Z-00-DX1,0,3.940769e-07,0
non-tumour/TCGA-G4-6322-01Z-00-DX1_34816_5120.jpg,TCGA-G4-6322,TCGA-G4-6322-01Z-00-DX1,0,0.0002826842,0
non-tumour/TCGA-G4-6322-01Z-00-DX1_34816_6656.jpg,TCGA-G4-6322,TCGA-G4-6322-01Z-00-DX1,0,9.3969874e-07,0
non-tumour/TCGA-G4-6322-01Z-00-DX1_34816_9216.jpg,TCGA-G4-6322,TCGA-G4-6322-01Z-00-DX1,0,6.226982e-05,0
non-tumour/TCGA-G4-6322-01Z-00-DX1_34816_9728.jpg,TCGA-G4-6322,TCGA-G4-6322-01Z-00-DX1,0,6.15707e-05,0
non-tumour/TCGA-G4-6322-01Z-00-DX1_35328_10240.jpg,TCGA-G4-6322,TCGA-G4-6322-01Z-00-DX1,0,2.328997e-08,0
non-tumour/TCGA-G4-6322-01Z-00-DX1_35328_10752.jpg,TCGA-G4-6322,TCGA-G4-6322-01Z-00-DX1,0,9.805629e-06,0
non-tumour/TCGA-G4-6322-01Z-00-DX1_35328_12800.jpg,TCGA-G4-6322,TCGA-G4-6322-01Z-00-DX1,0,0.00018396447,0
non-tumour/TCGA-G4-6322-01Z-00-DX1_35328_14336.jpg,TCGA-G4-6322,TCGA-G4-6322-01Z-00-DX1,0,0.0015190635,0
non-tumour/TCGA-G4-6322-01Z-00-DX1_35328_14848.jpg,TCGA-G4-6322,TCGA-G4-6322-01Z-00-DX1,0,0.00021720327,0
non-tumour/TCGA-G4-6322-01Z-00-DX1_35328_1536.jpg,TCGA-G4-6322,TCGA-G4-6322-01Z-00-DX1,0,0.000104984436,0
non-tumour/TCGA-G4-6322-01Z-00-DX1_35328_16384.jpg,TCGA-G4-6322,TCGA-G4-6322-01Z-00-DX1,0,2.537305e-08,0
non-tumour/TCGA-G4-6322-01Z-00-DX1_35328_18432.jpg,TCGA-G4-6322,TCGA-G4-6322-01Z-00-DX1,0,0.010900292,0
non-tumour/TCGA-G4-6322-01Z-00-DX1_35328_19968.jpg,TCGA-G4-6322,TCGA-G4-6322-01Z-00-DX1,0,0.00021179506,0
non-tumour/TCGA-G4-6322-01Z-00-DX1_35328_3072.jpg,TCGA-G4-6322,TCGA-G4-6322-01Z-00-DX1,0,0.00096814515,0
non-tumour/TCGA-G4-6322-01Z-00-DX1_35328_4608.jpg,TCGA-G4-6322,TCGA-G4-6322-01Z-00-DX1,0,1.0559963e-05,0
non-tumour/TCGA-G4-6322-01Z-00-DX1_35328_5120.jpg,TCGA-G4-6322,TCGA-G4-6322-01Z-00-DX1,0,0.00012904649,0
non-tumour/TCGA-G4-6322-01Z-00-DX1_35328_5632.jpg,TCGA-G4-6322,TCGA-G4-6322-01Z-00-DX1,0,7.890136e-05,0
non-tumour/TCGA-G4-6322-01Z-00-DX1_35328_6144.jpg,TCGA-G4-6322,TCGA-G4-6322-01Z-00-DX1,0,0.010464854,0
non-tumour/TCGA-G4-6322-01Z-00-DX1_35328_6656.jpg,TCGA-G4-6322,TCGA-G4-6322-01Z-00-DX1,0,0.00011073602,0
non-tumour/TCGA-G4-6322-01Z-00-DX1_35328_8704.jpg,TCGA-G4-6322,TCGA-G4-6322-01Z-00-DX1,0,0.0005527257,0
non-tumour/TCGA-G4-6322-01Z-00-DX1_35328_9216.jpg,TCGA-G4-6322,TCGA-G4-6322-01Z-00-DX1,0,8.649186e-07,0
non-tumour/TCGA-G4-6322-01Z-00-DX1_35328_9728.jpg,TCGA-G4-6322,TCGA-G4-6322-01Z-00-DX1,0,4.914024e-06,0
non-tumour/TCGA-G4-6322-01Z-00-DX1_35840_1024.jpg,TCGA-G4-6322,TCGA-G4-6322-01Z-00-DX1,0,0.00018334857,0
non-tumour/TCGA-G4-6322-01Z-00-DX1_35840_10240.jpg,TCGA-G4-6322,TCGA-G4-6322-01Z-00-DX1,0,0.00028847548,0
non-tumour/TCGA-G4-6322-01Z-00-DX1_35840_10752.jpg,TCGA-G4-6322,TCGA-G4-6322-01Z-00-DX1,0,0.0034943342,0
non-tumour/TCGA-G4-6322-01Z-00-DX1_35840_11776.jpg,TCGA-G4-6322,TCGA-G4-6322-01Z-00-DX1,0,0.0005083593,0
non-tumour/TCGA-G4-6322-01Z-00-DX1_35840_12288.jpg,TCGA-G4-6322,TCGA-G4-6322-01Z-00-DX1,0,0.00020479746,0
non-tumour/TCGA-G4-6322-01Z-00-DX1_35840_13312.jpg,TCGA-G4-6322,TCGA-G4-6322-01Z-00-DX1,0,0.00040613112,0
non-tumour/TCGA-G4-6322-01Z-00-DX1_35840_14336.jpg,TCGA-G4-6322,TCGA-G4-6322-01Z-00-DX1,0,0.00029510478,0
non-tumour/TCGA-G4-6322-01Z-00-DX1_35840_14848.jpg,TCGA-G4-6322,TCGA-G4-6322-01Z-00-DX1,0,0.0008599918,0
non-tumour/TCGA-G4-6322-01Z-00-DX1_35840_2048.jpg,TCGA-G4-6322,TCGA-G4-6322-01Z-00-DX1,0,0.004551043,0
non-tumour/TCGA-G4-6322-01Z-00-DX1_35840_21504.jpg,TCGA-G4-6322,TCGA-G4-6322-01Z-00-DX1,0,3.590918e-07,0
non-tumour/TCGA-G4-6322-01Z-00-DX1_35840_2560.jpg,TCGA-G4-6322,TCGA-G4-6322-01Z-00-DX1,0,0.00045416004,0
non-tumour/TCGA-G4-6322-01Z-00-DX1_35840_3584.jpg,TCGA-G4-6322,TCGA-G4-6322-01Z-00-DX1,0,1.927797e-05,0
non-tumour/TCGA-G4-6322-01Z-00-DX1_35840_4608.jpg,TCGA-G4-6322,TCGA-G4-6322-01Z-00-DX1,0,0.00042189186,0
non-tumour/TCGA-G4-6322-01Z-00-DX1_35840_5120.jpg,TCGA-G4-6322,TCGA-G4-6322-01Z-00-DX1,0,0.0015573908,0
non-tumour/TCGA-G4-6322-01Z-00-DX1_35840_5632.jpg,TCGA-G4-6322,TCGA-G4-6322-01Z-00-DX1,0,3.8147646e-05,0
non-tumour/TCGA-G4-6322-01Z-00-DX1_35840_6144.jpg,TCGA-G4-6322,TCGA-G4-6322-01Z-00-DX1,0,0.00026870947,0
non-tumour/TCGA-G4-6322-01Z-00-DX1_35840_8704.jpg,TCGA-G4-6322,TCGA-G4-6322-01Z-00-DX1,0,4.1428608e-05,0
non-tumour/TCGA-G4-6322-01Z-00-DX1_3584_11264.jpg,TCGA-G4-6322,TCGA-G4-6322-01Z-00-DX1,0,0.06758645,0
non-tumour/TCGA-G4-6322-01Z-00-DX1_3584_12800.jpg,TCGA-G4-6322,TCGA-G4-6322-01Z-00-DX1,0,4.0045932e-05,0
non-tumour/TCGA-G4-6322-01Z-00-DX1_3584_13312.jpg,TCGA-G4-6322,TCGA-G4-6322-01Z-00-DX1,0,4.228616e-06,0
non-tumour/TCGA-G4-6322-01Z-00-DX1_3584_13824.jpg,TCGA-G4-6322,TCGA-G4-6322-01Z-00-DX1,0,9.309499e-06,0
non-tumour/TCGA-G4-6322-01Z-00-DX1_3584_14336.jpg,TCGA-G4-6322,TCGA-G4-6322-01Z-00-DX1,0,0.00023609665,0
non-tumour/TCGA-G4-6322-01Z-00-DX1_3584_17408.jpg,TCGA-G4-6322,TCGA-G4-6322-01Z-00-DX1,0,0.0001022275,0
non-tumour/TCGA-G4-6322-01Z-00-DX1_3584_17920.jpg,TCGA-G4-6322,TCGA-G4-6322-01Z-00-DX1,0,0.0017772315,0
non-tumour/TCGA-G4-6322-01Z-00-DX1_3584_18944.jpg,TCGA-G4-6322,TCGA-G4-6322-01Z-00-DX1,0,6.3687907e-07,0
non-tumour/TCGA-G4-6322-01Z-00-DX1_3584_19968.jpg,TCGA-G4-6322,TCGA-G4-6322-01Z-00-DX1,0,4.419902e-06,0
non-tumour/TCGA-G4-6322-01Z-00-DX1_3584_20480.jpg,TCGA-G4-6322,TCGA-G4-6322-01Z-00-DX1,0,3.8205517e-06,0
non-tumour/TCGA-G4-6322-01Z-00-DX1_3584_20992.jpg,TCGA-G4-6322,TCGA-G4-6322-01Z-00-DX1,0,9.665104e-06,0
non-tumour/TCGA-G4-6322-01Z-00-DX1_3584_4096.jpg,TCGA-G4-6322,TCGA-G4-6322-01Z-00-DX1,0,0.00028889632,0
non-tumour/TCGA-G4-6322-01Z-00-DX1_3584_4608.jpg,TCGA-G4-6322,TCGA-G4-6322-01Z-00-DX1,0,0.14908274,0
non-tumour/TCGA-G4-6322-01Z-00-DX1_3584_5120.jpg,TCGA-G4-6322,TCGA-G4-6322-01Z-00-DX1,0,0.011558695,0
non-tumour/TCGA-G4-6322-01Z-00-DX1_3584_6144.jpg,TCGA-G4-6322,TCGA-G4-6322-01Z-00-DX1,0,0.00096185604,0
non-tumour/TCGA-G4-6322-01Z-00-DX1_3584_6656.jpg,TCGA-G4-6322,TCGA-G4-6322-01Z-00-DX1,0,0.0024234715,0
non-tumour/TCGA-G4-6322-01Z-00-DX1_3584_8704.jpg,TCGA-G4-6322,TCGA-G4-6322-01Z-00-DX1,0,0.61041766,1
non-tumour/TCGA-G4-6322-01Z-00-DX1_36352_11264.jpg,TCGA-G4-6322,TCGA-G4-6322-01Z-00-DX1,0,2.4165718e-05,0
non-tumour/TCGA-G4-6322-01Z-00-DX1_36352_11776.jpg,TCGA-G4-6322,TCGA-G4-6322-01Z-00-DX1,0,0.0018970257,0
non-tumour/TCGA-G4-6322-01Z-00-DX1_36352_12800.jpg,TCGA-G4-6322,TCGA-G4-6322-01Z-00-DX1,0,0.0022050492,0
non-tumour/TCGA-G4-6322-01Z-00-DX1_36352_13312.jpg,TCGA-G4-6322,TCGA-G4-6322-01Z-00-DX1,0,0.00064172945,0
non-tumour/TCGA-G4-6322-01Z-00-DX1_36352_14336.jpg,TCGA-G4-6322,TCGA-G4-6322-01Z-00-DX1,0,6.898342e-05,0
non-tumour/TCGA-G4-6322-01Z-00-DX1_36352_14848.jpg,TCGA-G4-6322,TCGA-G4-6322-01Z-00-DX1,0,0.0006323557,0
non-tumour/TCGA-G4-6322-01Z-00-DX1_36352_15360.jpg,TCGA-G4-6322,TCGA-G4-6322-01Z-00-DX1,0,4.4554877e-08,0
non-tumour/TCGA-G4-6322-01Z-00-DX1_36352_15872.jpg,TCGA-G4-6322,TCGA-G4-6322-01Z-00-DX1,0,7.5485184e-07,0
non-tumour/TCGA-G4-6322-01Z-00-DX1_36352_17408.jpg,TCGA-G4-6322,TCGA-G4-6322-01Z-00-DX1,0,4.651183e-07,0
non-tumour/TCGA-G4-6322-01Z-00-DX1_36352_19968.jpg,TCGA-G4-6322,TCGA-G4-6322-01Z-00-DX1,0,0.7833621,1
non-tumour/TCGA-G4-6322-01Z-00-DX1_36352_2048.jpg,TCGA-G4-6322,TCGA-G4-6322-01Z-00-DX1,0,0.004111194,0
non-tumour/TCGA-G4-6322-01Z-00-DX1_36352_21504.jpg,TCGA-G4-6322,TCGA-G4-6322-01Z-00-DX1,0,0.4577824,0
non-tumour/TCGA-G4-6322-01Z-00-DX1_36352_2560.jpg,TCGA-G4-6322,TCGA-G4-6322-01Z-00-DX1,0,0.0018003886,0
non-tumour/TCGA-G4-6322-01Z-00-DX1_36352_3072.jpg,TCGA-G4-6322,TCGA-G4-6322-01Z-00-DX1,0,1.4454499e-05,0
non-tumour/TCGA-G4-6322-01Z-00-DX1_36352_3584.jpg,TCGA-G4-6322,TCGA-G4-6322-01Z-00-DX1,0,2.2142787e-05,0
non-tumour/TCGA-G4-6322-01Z-00-DX1_36352_4096.jpg,TCGA-G4-6322,TCGA-G4-6322-01Z-00-DX1,0,0.0071963184,0
non-tumour/TCGA-G4-6322-01Z-00-DX1_36352_4608.jpg,TCGA-G4-6322,TCGA-G4-6322-01Z-00-DX1,0,0.0028485195,0
non-tumour/TCGA-G4-6322-01Z-00-DX1_36352_6144.jpg,TCGA-G4-6322,TCGA-G4-6322-01Z-00-DX1,0,1.4239639e-06,0
non-tumour/TCGA-G4-6322-01Z-00-DX1_36352_7680.jpg,TCGA-G4-6322,TCGA-G4-6322-01Z-00-DX1,0,2.4945668e-05,0
non-tumour/TCGA-G4-6322-01Z-00-DX1_36864_1024.jpg,TCGA-G4-6322,TCGA-G4-6322-01Z-00-DX1,0,1.7688128e-06,0
non-tumour/TCGA-G4-6322-01Z-00-DX1_36864_10240.jpg,TCGA-G4-6322,TCGA-G4-6322-01Z-00-DX1,0,0.00018765261,0
non-tumour/TCGA-G4-6322-01Z-00-DX1_36864_10752.jpg,TCGA-G4-6322,TCGA-G4-6322-01Z-00-DX1,0,5.664931e-05,0
non-tumour/TCGA-G4-6322-01Z-00-DX1_36864_11264.jpg,TCGA-G4-6322,TCGA-G4-6322-01Z-00-DX1,0,1.785266e-05,0
non-tumour/TCGA-G4-6322-01Z-00-DX1_36864_13312.jpg,TCGA-G4-6322,TCGA-G4-6322-01Z-00-DX1,0,0.00012524732,0
non-tumour/TCGA-G4-6322-01Z-00-DX1_36864_13824.jpg,TCGA-G4-6322,TCGA-G4-6322-01Z-00-DX1,0,9.1568705e-05,0
non-tumour/TCGA-G4-6322-01Z-00-DX1_36864_14336.jpg,TCGA-G4-6322,TCGA-G4-6322-01Z-00-DX1,0,0.0001313548,0
non-tumour/TCGA-G4-6322-01Z-00-DX1_36864_14848.jpg,TCGA-G4-6322,TCGA-G4-6322-01Z-00-DX1,0,0.00073364517,0
non-tumour/TCGA-G4-6322-01Z-00-DX1_36864_1536.jpg,TCGA-G4-6322,TCGA-G4-6322-01Z-00-DX1,0,9.180154e-05,0
non-tumour/TCGA-G4-6322-01Z-00-DX1_36864_15872.jpg,TCGA-G4-6322,TCGA-G4-6322-01Z-00-DX1,0,2.6771437e-08,0
non-tumour/TCGA-G4-6322-01Z-00-DX1_36864_16896.jpg,TCGA-G4-6322,TCGA-G4-6322-01Z-00-DX1,0,5.8031754e-05,0
non-tumour/TCGA-G4-6322-01Z-00-DX1_36864_18944.jpg,TCGA-G4-6322,TCGA-G4-6322-01Z-00-DX1,0,1.4294594e-05,0
non-tumour/TCGA-G4-6322-01Z-00-DX1_36864_19968.jpg,TCGA-G4-6322,TCGA-G4-6322-01Z-00-DX1,0,3.0203256e-07,0
non-tumour/TCGA-G4-6322-01Z-00-DX1_36864_20992.jpg,TCGA-G4-6322,TCGA-G4-6322-01Z-00-DX1,0,6.3817346e-10,0
non-tumour/TCGA-G4-6322-01Z-00-DX1_36864_3072.jpg,TCGA-G4-6322,TCGA-G4-6322-01Z-00-DX1,0,0.012825826,0
non-tumour/TCGA-G4-6322-01Z-00-DX1_36864_4096.jpg,TCGA-G4-6322,TCGA-G4-6322-01Z-00-DX1,0,2.2827735e-05,0
non-tumour/TCGA-G4-6322-01Z-00-DX1_36864_5120.jpg,TCGA-G4-6322,TCGA-G4-6322-01Z-00-DX1,0,9.968928e-06,0
non-tumour/TCGA-G4-6322-01Z-00-DX1_36864_7680.jpg,TCGA-G4-6322,TCGA-G4-6322-01Z-00-DX1,0,1.6861104e-05,0
non-tumour/TCGA-G4-6322-01Z-00-DX1_36864_8192.jpg,TCGA-G4-6322,TCGA-G4-6322-01Z-00-DX1,0,4.344435e-05,0
non-tumour/TCGA-G4-6322-01Z-00-DX1_36864_9728.jpg,TCGA-G4-6322,TCGA-G4-6322-01Z-00-DX1,0,8.61038e-05,0
non-tumour/TCGA-G4-6322-01Z-00-DX1_37376_10240.jpg,TCGA-G4-6322,TCGA-G4-6322-01Z-00-DX1,0,8.0590806e-05,0
non-tumour/TCGA-G4-6322-01Z-00-DX1_37376_10752.jpg,TCGA-G4-6322,TCGA-G4-6322-01Z-00-DX1,0,2.1392372e-05,0
non-tumour/TCGA-G4-6322-01Z-00-DX1_37376_11776.jpg,TCGA-G4-6322,TCGA-G4-6322-01Z-00-DX1,0,7.9080026e-05,0
non-tumour/TCGA-G4-6322-01Z-00-DX1_37376_12288.jpg,TCGA-G4-6322,TCGA-G4-6322-01Z-00-DX1,0,0.0004527358,0
non-tumour/TCGA-G4-6322-01Z-00-DX1_37376_13824.jpg,TCGA-G4-6322,TCGA-G4-6322-01Z-00-DX1,0,3.2731128e-05,0
non-tumour/TCGA-G4-6322-01Z-00-DX1_37376_14336.jpg,TCGA-G4-6322,TCGA-G4-6322-01Z-00-DX1,0,8.430378e-05,0
non-tumour/TCGA-G4-6322-01Z-00-DX1_37376_14848.jpg,TCGA-G4-6322,TCGA-G4-6322-01Z-00-DX1,0,1.5997728e-05,0
non-tumour/TCGA-G4-6322-01Z-00-DX1_37376_1536.jpg,TCGA-G4-6322,TCGA-G4-6322-01Z-00-DX1,0,0.0012845927,0
non-tumour/TCGA-G4-6322-01Z-00-DX1_37376_15360.jpg,TCGA-G4-6322,TCGA-G4-6322-01Z-00-DX1,0,6.932786e-08,0
non-tumour/TCGA-G4-6322-01Z-00-DX1_37376_16384.jpg,TCGA-G4-6322,TCGA-G4-6322-01Z-00-DX1,0,4.4021082e-05,0
non-tumour/TCGA-G4-6322-01Z-00-DX1_37376_19456.jpg,TCGA-G4-6322,TCGA-G4-6322-01Z-00-DX1,0,0.00044529184,0
non-tumour/TCGA-G4-6322-01Z-00-DX1_37376_20992.jpg,TCGA-G4-6322,TCGA-G4-6322-01Z-00-DX1,0,0.0016940781,0
non-tumour/TCGA-G4-6322-01Z-00-DX1_37376_21504.jpg,TCGA-G4-6322,TCGA-G4-6322-01Z-00-DX1,0,0.011809403,0
non-tumour/TCGA-G4-6322-01Z-00-DX1_37376_3072.jpg,TCGA-G4-6322,TCGA-G4-6322-01Z-00-DX1,0,0.0026443137,0
non-tumour/TCGA-G4-6322-01Z-00-DX1_37376_3584.jpg,TCGA-G4-6322,TCGA-G4-6322-01Z-00-DX1,0,0.00331057,0
non-tumour/TCGA-G4-6322-01Z-00-DX1_37376_4096.jpg,TCGA-G4-6322,TCGA-G4-6322-01Z-00-DX1,0,8.162881e-06,0
non-tumour/TCGA-G4-6322-01Z-00-DX1_37376_9728.jpg,TCGA-G4-6322,TCGA-G4-6322-01Z-00-DX1,0,0.0008890497,0
non-tumour/TCGA-G4-6322-01Z-00-DX1_37888_10240.jpg,TCGA-G4-6322,TCGA-G4-6322-01Z-00-DX1,0,3.8167404e-05,0
non-tumour/TCGA-G4-6322-01Z-00-DX1_37888_10752.jpg,TCGA-G4-6322,TCGA-G4-6322-01Z-00-DX1,0,6.4799126e-05,0
non-tumour/TCGA-G4-6322-01Z-00-DX1_37888_12800.jpg,TCGA-G4-6322,TCGA-G4-6322-01Z-00-DX1,0,0.0004261512,0
non-tumour/TCGA-G4-6322-01Z-00-DX1_37888_1536.jpg,TCGA-G4-6322,TCGA-G4-6322-01Z-00-DX1,0,2.0788104e-05,0
non-tumour/TCGA-G4-6322-01Z-00-DX1_37888_15872.jpg,TCGA-G4-6322,TCGA-G4-6322-01Z-00-DX1,0,2.3165919e-08,0
non-tumour/TCGA-G4-6322-01Z-00-DX1_37888_16384.jpg,TCGA-G4-6322,TCGA-G4-6322-01Z-00-DX1,0,4.169515e-05,0
non-tumour/TCGA-G4-6322-01Z-00-DX1_37888_19456.jpg,TCGA-G4-6322,TCGA-G4-6322-01Z-00-DX1,0,1.5832256e-09,0
non-tumour/TCGA-G4-6322-01Z-00-DX1_37888_2560.jpg,TCGA-G4-6322,TCGA-G4-6322-01Z-00-DX1,0,0.0010524592,0
non-tumour/TCGA-G4-6322-01Z-00-DX1_37888_3072.jpg,TCGA-G4-6322,TCGA-G4-6322-01Z-00-DX1,0,2.089924e-05,0
non-tumour/TCGA-G4-6322-01Z-00-DX1_37888_4096.jpg,TCGA-G4-6322,TCGA-G4-6322-01Z-00-DX1,0,0.00033335725,0
non-tumour/TCGA-G4-6322-01Z-00-DX1_37888_7168.jpg,TCGA-G4-6322,TCGA-G4-6322-01Z-00-DX1,0,3.5702635e-06,0
non-tumour/TCGA-G4-6322-01Z-00-DX1_37888_8192.jpg,TCGA-G4-6322,TCGA-G4-6322-01Z-00-DX1,0,2.4911482e-05,0
non-tumour/TCGA-G4-6322-01Z-00-DX1_37888_9216.jpg,TCGA-G4-6322,TCGA-G4-6322-01Z-00-DX1,0,1.3765807e-08,0
non-tumour/TCGA-G4-6322-01Z-00-DX1_38400_11264.jpg,TCGA-G4-6322,TCGA-G4-6322-01Z-00-DX1,0,0.000111703994,0
non-tumour/TCGA-G4-6322-01Z-00-DX1_38400_11776.jpg,TCGA-G4-6322,TCGA-G4-6322-01Z-00-DX1,0,0.00014520646,0
non-tumour/TCGA-G4-6322-01Z-00-DX1_38400_12288.jpg,TCGA-G4-6322,TCGA-G4-6322-01Z-00-DX1,0,3.1717867e-05,0
non-tumour/TCGA-G4-6322-01Z-00-DX1_38400_13824.jpg,TCGA-G4-6322,TCGA-G4-6322-01Z-00-DX1,0,5.1814336e-06,0
non-tumour/TCGA-G4-6322-01Z-00-DX1_38400_14336.jpg,TCGA-G4-6322,TCGA-G4-6322-01Z-00-DX1,0,5.6364775e-06,0
non-tumour/TCGA-G4-6322-01Z-00-DX1_38400_18432.jpg,TCGA-G4-6322,TCGA-G4-6322-01Z-00-DX1,0,0.0008144881,0
non-tumour/TCGA-G4-6322-01Z-00-DX1_38400_4096.jpg,TCGA-G4-6322,TCGA-G4-6322-01Z-00-DX1,0,5.7476045e-05,0
non-tumour/TCGA-G4-6322-01Z-00-DX1_38400_4608.jpg,TCGA-G4-6322,TCGA-G4-6322-01Z-00-DX1,0,5.1297357e-05,0
non-tumour/TCGA-G4-6322-01Z-00-DX1_38400_7680.jpg,TCGA-G4-6322,TCGA-G4-6322-01Z-00-DX1,0,1.2389263e-05,0
non-tumour/TCGA-G4-6322-01Z-00-DX1_38400_8704.jpg,TCGA-G4-6322,TCGA-G4-6322-01Z-00-DX1,0,1.5997666e-05,0
non-tumour/TCGA-G4-6322-01Z-00-DX1_38400_9216.jpg,TCGA-G4-6322,TCGA-G4-6322-01Z-00-DX1,0,4.0992738e-05,0
non-tumour/TCGA-G4-6322-01Z-00-DX1_38400_9728.jpg,TCGA-G4-6322,TCGA-G4-6322-01Z-00-DX1,0,0.00019566967,0
non-tumour/TCGA-G4-6322-01Z-00-DX1_38912_12288.jpg,TCGA-G4-6322,TCGA-G4-6322-01Z-00-DX1,0,3.9383165e-05,0
non-tumour/TCGA-G4-6322-01Z-00-DX1_38912_14336.jpg,TCGA-G4-6322,TCGA-G4-6322-01Z-00-DX1,0,1.4950333e-06,0
non-tumour/TCGA-G4-6322-01Z-00-DX1_38912_14848.jpg,TCGA-G4-6322,TCGA-G4-6322-01Z-00-DX1,0,1.133569e-07,0
non-tumour/TCGA-G4-6322-01Z-00-DX1_38912_15360.jpg,TCGA-G4-6322,TCGA-G4-6322-01Z-00-DX1,0,2.922214e-05,0
non-tumour/TCGA-G4-6322-01Z-00-DX1_38912_18432.jpg,TCGA-G4-6322,TCGA-G4-6322-01Z-00-DX1,0,5.257869e-07,0
non-tumour/TCGA-G4-6322-01Z-00-DX1_38912_3072.jpg,TCGA-G4-6322,TCGA-G4-6322-01Z-00-DX1,0,0.00017470884,0
non-tumour/TCGA-G4-6322-01Z-00-DX1_38912_7168.jpg,TCGA-G4-6322,TCGA-G4-6322-01Z-00-DX1,0,3.8659814e-06,0
non-tumour/TCGA-G4-6322-01Z-00-DX1_38912_7680.jpg,TCGA-G4-6322,TCGA-G4-6322-01Z-00-DX1,0,8.722007e-06,0
non-tumour/TCGA-G4-6322-01Z-00-DX1_38912_8704.jpg,TCGA-G4-6322,TCGA-G4-6322-01Z-00-DX1,0,0.0001123175,0
non-tumour/TCGA-G4-6322-01Z-00-DX1_38912_9216.jpg,TCGA-G4-6322,TCGA-G4-6322-01Z-00-DX1,0,0.0002798564,0
non-tumour/TCGA-G4-6322-01Z-00-DX1_39424_10240.jpg,TCGA-G4-6322,TCGA-G4-6322-01Z-00-DX1,0,0.0001812063,0
non-tumour/TCGA-G4-6322-01Z-00-DX1_39424_12800.jpg,TCGA-G4-6322,TCGA-G4-6322-01Z-00-DX1,0,9.977502e-05,0
non-tumour/TCGA-G4-6322-01Z-00-DX1_39424_13312.jpg,TCGA-G4-6322,TCGA-G4-6322-01Z-00-DX1,0,2.8550783e-05,0
non-tumour/TCGA-G4-6322-01Z-00-DX1_39424_15360.jpg,TCGA-G4-6322,TCGA-G4-6322-01Z-00-DX1,0,3.7183958e-07,0
non-tumour/TCGA-G4-6322-01Z-00-DX1_39424_15872.jpg,TCGA-G4-6322,TCGA-G4-6322-01Z-00-DX1,0,3.566457e-10,0
non-tumour/TCGA-G4-6322-01Z-00-DX1_39424_16384.jpg,TCGA-G4-6322,TCGA-G4-6322-01Z-00-DX1,0,3.7623815e-07,0
non-tumour/TCGA-G4-6322-01Z-00-DX1_39424_19456.jpg,TCGA-G4-6322,TCGA-G4-6322-01Z-00-DX1,0,0.00022108055,0
non-tumour/TCGA-G4-6322-01Z-00-DX1_39424_19968.jpg,TCGA-G4-6322,TCGA-G4-6322-01Z-00-DX1,0,0.33765218,0
non-tumour/TCGA-G4-6322-01Z-00-DX1_39424_7168.jpg,TCGA-G4-6322,TCGA-G4-6322-01Z-00-DX1,0,1.5346144e-05,0
non-tumour/TCGA-G4-6322-01Z-00-DX1_39424_8192.jpg,TCGA-G4-6322,TCGA-G4-6322-01Z-00-DX1,0,1.0749871e-05,0
non-tumour/TCGA-G4-6322-01Z-00-DX1_39424_9216.jpg,TCGA-G4-6322,TCGA-G4-6322-01Z-00-DX1,0,0.00013386334,0
non-tumour/TCGA-G4-6322-01Z-00-DX1_39424_9728.jpg,TCGA-G4-6322,TCGA-G4-6322-01Z-00-DX1,0,1.32128525e-05,0
non-tumour/TCGA-G4-6322-01Z-00-DX1_39936_10240.jpg,TCGA-G4-6322,TCGA-G4-6322-01Z-00-DX1,0,1.9658766e-05,0
non-tumour/TCGA-G4-6322-01Z-00-DX1_39936_11264.jpg,TCGA-G4-6322,TCGA-G4-6322-01Z-00-DX1,0,0.00048198685,0
non-tumour/TCGA-G4-6322-01Z-00-DX1_39936_12288.jpg,TCGA-G4-6322,TCGA-G4-6322-01Z-00-DX1,0,0.00018543302,0
non-tumour/TCGA-G4-6322-01Z-00-DX1_39936_12800.jpg,TCGA-G4-6322,TCGA-G4-6322-01Z-00-DX1,0,5.0655148e-05,0
non-tumour/TCGA-G4-6322-01Z-00-DX1_39936_13312.jpg,TCGA-G4-6322,TCGA-G4-6322-01Z-00-DX1,0,1.8397603e-06,0
non-tumour/TCGA-G4-6322-01Z-00-DX1_39936_13824.jpg,TCGA-G4-6322,TCGA-G4-6322-01Z-00-DX1,0,7.545274e-08,0
non-tumour/TCGA-G4-6322-01Z-00-DX1_39936_14336.jpg,TCGA-G4-6322,TCGA-G4-6322-01Z-00-DX1,0,1.9772858e-10,0
non-tumour/TCGA-G4-6322-01Z-00-DX1_39936_14848.jpg,TCGA-G4-6322,TCGA-G4-6322-01Z-00-DX1,0,5.710112e-08,0
non-tumour/TCGA-G4-6322-01Z-00-DX1_39936_15360.jpg,TCGA-G4-6322,TCGA-G4-6322-01Z-00-DX1,0,1.1171746e-09,0
non-tumour/TCGA-G4-6322-01Z-00-DX1_39936_15872.jpg,TCGA-G4-6322,TCGA-G4-6322-01Z-00-DX1,0,9.566767e-07,0
non-tumour/TCGA-G4-6322-01Z-00-DX1_39936_18432.jpg,TCGA-G4-6322,TCGA-G4-6322-01Z-00-DX1,0,9.523742e-06,0
non-tumour/TCGA-G4-6322-01Z-00-DX1_39936_18944.jpg,TCGA-G4-6322,TCGA-G4-6322-01Z-00-DX1,0,1.8746293e-10,0
non-tumour/TCGA-G4-6322-01Z-00-DX1_39936_7168.jpg,TCGA-G4-6322,TCGA-G4-6322-01Z-00-DX1,0,1.0686252e-05,0
non-tumour/TCGA-G4-6322-01Z-00-DX1_39936_7680.jpg,TCGA-G4-6322,TCGA-G4-6322-01Z-00-DX1,0,1.9171296e-06,0
non-tumour/TCGA-G4-6322-01Z-00-DX1_39936_8192.jpg,TCGA-G4-6322,TCGA-G4-6322-01Z-00-DX1,0,3.6919326e-05,0
non-tumour/TCGA-G4-6322-01Z-00-DX1_39936_9728.jpg,TCGA-G4-6322,TCGA-G4-6322-01Z-00-DX1,0,1.4776179e-05,0
non-tumour/TCGA-G4-6322-01Z-00-DX1_40448_10240.jpg,TCGA-G4-6322,TCGA-G4-6322-01Z-00-DX1,0,0.00037838152,0
non-tumour/TCGA-G4-6322-01Z-00-DX1_40448_10752.jpg,TCGA-G4-6322,TCGA-G4-6322-01Z-00-DX1,0,5.2512572e-05,0
non-tumour/TCGA-G4-6322-01Z-00-DX1_40448_11264.jpg,TCGA-G4-6322,TCGA-G4-6322-01Z-00-DX1,0,0.00027932407,0
non-tumour/TCGA-G4-6322-01Z-00-DX1_40448_12288.jpg,TCGA-G4-6322,TCGA-G4-6322-01Z-00-DX1,0,0.0007235231,0
non-tumour/TCGA-G4-6322-01Z-00-DX1_40448_14336.jpg,TCGA-G4-6322,TCGA-G4-6322-01Z-00-DX1,0,7.6416085e-10,0
non-tumour/TCGA-G4-6322-01Z-00-DX1_40448_19456.jpg,TCGA-G4-6322,TCGA-G4-6322-01Z-00-DX1,0,0.00011556826,0
non-tumour/TCGA-G4-6322-01Z-00-DX1_40448_8192.jpg,TCGA-G4-6322,TCGA-G4-6322-01Z-00-DX1,0,1.4417111e-05,0
non-tumour/TCGA-G4-6322-01Z-00-DX1_40448_9216.jpg,TCGA-G4-6322,TCGA-G4-6322-01Z-00-DX1,0,3.249854e-05,0
non-tumour/TCGA-G4-6322-01Z-00-DX1_40448_9728.jpg,TCGA-G4-6322,TCGA-G4-6322-01Z-00-DX1,0,6.0814375e-05,0
non-tumour/TCGA-G4-6322-01Z-00-DX1_40960_10240.jpg,TCGA-G4-6322,TCGA-G4-6322-01Z-00-DX1,0,6.848717e-05,0
non-tumour/TCGA-G4-6322-01Z-00-DX1_40960_11776.jpg,TCGA-G4-6322,TCGA-G4-6322-01Z-00-DX1,0,0.0001757744,0
non-tumour/TCGA-G4-6322-01Z-00-DX1_40960_13312.jpg,TCGA-G4-6322,TCGA-G4-6322-01Z-00-DX1,0,0.00076987786,0
non-tumour/TCGA-G4-6322-01Z-00-DX1_40960_13824.jpg,TCGA-G4-6322,TCGA-G4-6322-01Z-00-DX1,0,7.199229e-08,0
non-tumour/TCGA-G4-6322-01Z-00-DX1_40960_14336.jpg,TCGA-G4-6322,TCGA-G4-6322-01Z-00-DX1,0,9.602003e-09,0
non-tumour/TCGA-G4-6322-01Z-00-DX1_40960_14848.jpg,TCGA-G4-6322,TCGA-G4-6322-01Z-00-DX1,0,4.7585992e-08,0
non-tumour/TCGA-G4-6322-01Z-00-DX1_40960_15360.jpg,TCGA-G4-6322,TCGA-G4-6322-01Z-00-DX1,0,0.00026695212,0
non-tumour/TCGA-G4-6322-01Z-00-DX1_40960_15872.jpg,TCGA-G4-6322,TCGA-G4-6322-01Z-00-DX1,0,1.3505443e-09,0
non-tumour/TCGA-G4-6322-01Z-00-DX1_40960_7168.jpg,TCGA-G4-6322,TCGA-G4-6322-01Z-00-DX1,0,5.0399726e-06,0
non-tumour/TCGA-G4-6322-01Z-00-DX1_40960_8192.jpg,TCGA-G4-6322,TCGA-G4-6322-01Z-00-DX1,0,6.896899e-06,0
non-tumour/TCGA-G4-6322-01Z-00-DX1_4096_11776.jpg,TCGA-G4-6322,TCGA-G4-6322-01Z-00-DX1,0,0.07901614,0
non-tumour/TCGA-G4-6322-01Z-00-DX1_4096_12288.jpg,TCGA-G4-6322,TCGA-G4-6322-01Z-00-DX1,0,7.5081293e-06,0
non-tumour/TCGA-G4-6322-01Z-00-DX1_4096_12800.jpg,TCGA-G4-6322,TCGA-G4-6322-01Z-00-DX1,0,4.93794e-05,0
non-tumour/TCGA-G4-6322-01Z-00-DX1_4096_13312.jpg,TCGA-G4-6322,TCGA-G4-6322-01Z-00-DX1,0,2.665605e-05,0
non-tumour/TCGA-G4-6322-01Z-00-DX1_4096_13824.jpg,TCGA-G4-6322,TCGA-G4-6322-01Z-00-DX1,0,0.00022111765,0
non-tumour/TCGA-G4-6322-01Z-00-DX1_4096_14848.jpg,TCGA-G4-6322,TCGA-G4-6322-01Z-00-DX1,0,0.005744361,0
non-tumour/TCGA-G4-6322-01Z-00-DX1_4096_15360.jpg,TCGA-G4-6322,TCGA-G4-6322-01Z-00-DX1,0,1.3456732e-06,0
non-tumour/TCGA-G4-6322-01Z-00-DX1_4096_16896.jpg,TCGA-G4-6322,TCGA-G4-6322-01Z-00-DX1,0,1.836873e-05,0
non-tumour/TCGA-G4-6322-01Z-00-DX1_4096_17920.jpg,TCGA-G4-6322,TCGA-G4-6322-01Z-00-DX1,0,0.0047902614,0
non-tumour/TCGA-G4-6322-01Z-00-DX1_4096_18944.jpg,TCGA-G4-6322,TCGA-G4-6322-01Z-00-DX1,0,0.00062021124,0
non-tumour/TCGA-G4-6322-01Z-00-DX1_4096_20480.jpg,TCGA-G4-6322,TCGA-G4-6322-01Z-00-DX1,0,0.002698267,0
non-tumour/TCGA-G4-6322-01Z-00-DX1_4096_21504.jpg,TCGA-G4-6322,TCGA-G4-6322-01Z-00-DX1,0,6.2228455e-06,0
non-tumour/TCGA-G4-6322-01Z-00-DX1_4096_22016.jpg,TCGA-G4-6322,TCGA-G4-6322-01Z-00-DX1,0,6.1633827e-06,0
non-tumour/TCGA-G4-6322-01Z-00-DX1_4096_22528.jpg,TCGA-G4-6322,TCGA-G4-6322-01Z-00-DX1,0,2.0774658e-07,0
non-tumour/TCGA-G4-6322-01Z-00-DX1_4096_3072.jpg,TCGA-G4-6322,TCGA-G4-6322-01Z-00-DX1,0,0.011553476,0
non-tumour/TCGA-G4-6322-01Z-00-DX1_4096_3584.jpg,TCGA-G4-6322,TCGA-G4-6322-01Z-00-DX1,0,4.4503493e-05,0
non-tumour/TCGA-G4-6322-01Z-00-DX1_4096_4608.jpg,TCGA-G4-6322,TCGA-G4-6322-01Z-00-DX1,0,0.11384446,0
non-tumour/TCGA-G4-6322-01Z-00-DX1_4096_5120.jpg,TCGA-G4-6322,TCGA-G4-6322-01Z-00-DX1,0,0.15651223,0
non-tumour/TCGA-G4-6322-01Z-00-DX1_4096_7680.jpg,TCGA-G4-6322,TCGA-G4-6322-01Z-00-DX1,0,0.8891073,1
non-tumour/TCGA-G4-6322-01Z-00-DX1_4096_8704.jpg,TCGA-G4-6322,TCGA-G4-6322-01Z-00-DX1,0,0.6945854,1
non-tumour/TCGA-G4-6322-01Z-00-DX1_4096_9728.jpg,TCGA-G4-6322,TCGA-G4-6322-01Z-00-DX1,0,0.862287,1
non-tumour/TCGA-G4-6322-01Z-00-DX1_41472_10752.jpg,TCGA-G4-6322,TCGA-G4-6322-01Z-00-DX1,0,0.0004668527,0
non-tumour/TCGA-G4-6322-01Z-00-DX1_41472_11264.jpg,TCGA-G4-6322,TCGA-G4-6322-01Z-00-DX1,0,0.000103257276,0
non-tumour/TCGA-G4-6322-01Z-00-DX1_41472_12800.jpg,TCGA-G4-6322,TCGA-G4-6322-01Z-00-DX1,0,0.012302721,0
non-tumour/TCGA-G4-6322-01Z-00-DX1_41472_13312.jpg,TCGA-G4-6322,TCGA-G4-6322-01Z-00-DX1,0,1.07453255e-08,0
non-tumour/TCGA-G4-6322-01Z-00-DX1_41472_14336.jpg,TCGA-G4-6322,TCGA-G4-6322-01Z-00-DX1,0,6.9930536e-08,0
non-tumour/TCGA-G4-6322-01Z-00-DX1_41472_14848.jpg,TCGA-G4-6322,TCGA-G4-6322-01Z-00-DX1,0,5.3826017e-08,0
non-tumour/TCGA-G4-6322-01Z-00-DX1_41472_15360.jpg,TCGA-G4-6322,TCGA-G4-6322-01Z-00-DX1,0,0.0009634643,0
non-tumour/TCGA-G4-6322-01Z-00-DX1_41472_15872.jpg,TCGA-G4-6322,TCGA-G4-6322-01Z-00-DX1,0,5.55771e-06,0
non-tumour/TCGA-G4-6322-01Z-00-DX1_41472_18432.jpg,TCGA-G4-6322,TCGA-G4-6322-01Z-00-DX1,0,5.0416133e-07,0
non-tumour/TCGA-G4-6322-01Z-00-DX1_41472_19456.jpg,TCGA-G4-6322,TCGA-G4-6322-01Z-00-DX1,0,5.2413305e-09,0
non-tumour/TCGA-G4-6322-01Z-00-DX1_41472_19968.jpg,TCGA-G4-6322,TCGA-G4-6322-01Z-00-DX1,0,2.80883e-08,0
non-tumour/TCGA-G4-6322-01Z-00-DX1_41472_6656.jpg,TCGA-G4-6322,TCGA-G4-6322-01Z-00-DX1,0,0.000106267624,0
non-tumour/TCGA-G4-6322-01Z-00-DX1_41472_7168.jpg,TCGA-G4-6322,TCGA-G4-6322-01Z-00-DX1,0,0.017490445,0
non-tumour/TCGA-G4-6322-01Z-00-DX1_41472_8192.jpg,TCGA-G4-6322,TCGA-G4-6322-01Z-00-DX1,0,1.3298587e-05,0
non-tumour/TCGA-G4-6322-01Z-00-DX1_41472_8704.jpg,TCGA-G4-6322,TCGA-G4-6322-01Z-00-DX1,0,5.2321127e-05,0
non-tumour/TCGA-G4-6322-01Z-00-DX1_41472_9216.jpg,TCGA-G4-6322,TCGA-G4-6322-01Z-00-DX1,0,0.0002305841,0
non-tumour/TCGA-G4-6322-01Z-00-DX1_41984_10240.jpg,TCGA-G4-6322,TCGA-G4-6322-01Z-00-DX1,0,0.00029256477,0
non-tumour/TCGA-G4-6322-01Z-00-DX1_41984_11264.jpg,TCGA-G4-6322,TCGA-G4-6322-01Z-00-DX1,0,0.0008855926,0
non-tumour/TCGA-G4-6322-01Z-00-DX1_41984_13824.jpg,TCGA-G4-6322,TCGA-G4-6322-01Z-00-DX1,0,7.0032644e-07,0
non-tumour/TCGA-G4-6322-01Z-00-DX1_41984_16384.jpg,TCGA-G4-6322,TCGA-G4-6322-01Z-00-DX1,0,6.396362e-05,0
non-tumour/TCGA-G4-6322-01Z-00-DX1_41984_18432.jpg,TCGA-G4-6322,TCGA-G4-6322-01Z-00-DX1,0,0.000121730256,0
non-tumour/TCGA-G4-6322-01Z-00-DX1_41984_18944.jpg,TCGA-G4-6322,TCGA-G4-6322-01Z-00-DX1,0,2.9604679e-09,0
non-tumour/TCGA-G4-6322-01Z-00-DX1_41984_19968.jpg,TCGA-G4-6322,TCGA-G4-6322-01Z-00-DX1,0,3.4373716e-05,0
non-tumour/TCGA-G4-6322-01Z-00-DX1_41984_6656.jpg,TCGA-G4-6322,TCGA-G4-6322-01Z-00-DX1,0,0.00021396873,0
non-tumour/TCGA-G4-6322-01Z-00-DX1_41984_7680.jpg,TCGA-G4-6322,TCGA-G4-6322-01Z-00-DX1,0,0.0011454358,0
non-tumour/TCGA-G4-6322-01Z-00-DX1_41984_8192.jpg,TCGA-G4-6322,TCGA-G4-6322-01Z-00-DX1,0,0.0002041786,0
non-tumour/TCGA-G4-6322-01Z-00-DX1_42496_11264.jpg,TCGA-G4-6322,TCGA-G4-6322-01Z-00-DX1,0,5.0870008e-06,0
non-tumour/TCGA-G4-6322-01Z-00-DX1_42496_11776.jpg,TCGA-G4-6322,TCGA-G4-6322-01Z-00-DX1,0,0.00032156927,0
non-tumour/TCGA-G4-6322-01Z-00-DX1_42496_12800.jpg,TCGA-G4-6322,TCGA-G4-6322-01Z-00-DX1,0,3.8287653e-06,0
non-tumour/TCGA-G4-6322-01Z-00-DX1_42496_13312.jpg,TCGA-G4-6322,TCGA-G4-6322-01Z-00-DX1,0,2.589833e-07,0
non-tumour/TCGA-G4-6322-01Z-00-DX1_42496_15360.jpg,TCGA-G4-6322,TCGA-G4-6322-01Z-00-DX1,0,0.00032993278,0
non-tumour/TCGA-G4-6322-01Z-00-DX1_42496_15872.jpg,TCGA-G4-6322,TCGA-G4-6322-01Z-00-DX1,0,0.00038595486,0
non-tumour/TCGA-G4-6322-01Z-00-DX1_42496_16384.jpg,TCGA-G4-6322,TCGA-G4-6322-01Z-00-DX1,0,1.3221701e-05,0
non-tumour/TCGA-G4-6322-01Z-00-DX1_42496_6656.jpg,TCGA-G4-6322,TCGA-G4-6322-01Z-00-DX1,0,3.9942472e-07,0
non-tumour/TCGA-G4-6322-01Z-00-DX1_42496_7168.jpg,TCGA-G4-6322,TCGA-G4-6322-01Z-00-DX1,0,0.00030307972,0
non-tumour/TCGA-G4-6322-01Z-00-DX1_42496_7680.jpg,TCGA-G4-6322,TCGA-G4-6322-01Z-00-DX1,0,0.00019299868,0
non-tumour/TCGA-G4-6322-01Z-00-DX1_42496_8704.jpg,TCGA-G4-6322,TCGA-G4-6322-01Z-00-DX1,0,0.00036793735,0
non-tumour/TCGA-G4-6322-01Z-00-DX1_42496_9216.jpg,TCGA-G4-6322,TCGA-G4-6322-01Z-00-DX1,0,0.00030360173,0
non-tumour/TCGA-G4-6322-01Z-00-DX1_42496_9728.jpg,TCGA-G4-6322,TCGA-G4-6322-01Z-00-DX1,0,4.3036365e-05,0
non-tumour/TCGA-G4-6322-01Z-00-DX1_43008_10752.jpg,TCGA-G4-6322,TCGA-G4-6322-01Z-00-DX1,0,3.5027228e-05,0
non-tumour/TCGA-G4-6322-01Z-00-DX1_43008_11264.jpg,TCGA-G4-6322,TCGA-G4-6322-01Z-00-DX1,0,3.3693013e-07,0
non-tumour/TCGA-G4-6322-01Z-00-DX1_43008_11776.jpg,TCGA-G4-6322,TCGA-G4-6322-01Z-00-DX1,0,0.00025000243,0
non-tumour/TCGA-G4-6322-01Z-00-DX1_43008_13824.jpg,TCGA-G4-6322,TCGA-G4-6322-01Z-00-DX1,0,0.00026242615,0
non-tumour/TCGA-G4-6322-01Z-00-DX1_43008_14336.jpg,TCGA-G4-6322,TCGA-G4-6322-01Z-00-DX1,0,1.7966569e-08,0
non-tumour/TCGA-G4-6322-01Z-00-DX1_43008_14848.jpg,TCGA-G4-6322,TCGA-G4-6322-01Z-00-DX1,0,3.5649245e-07,0
non-tumour/TCGA-G4-6322-01Z-00-DX1_43008_20480.jpg,TCGA-G4-6322,TCGA-G4-6322-01Z-00-DX1,0,8.554113e-07,0
non-tumour/TCGA-G4-6322-01Z-00-DX1_43008_6656.jpg,TCGA-G4-6322,TCGA-G4-6322-01Z-00-DX1,0,0.0003560027,0
non-tumour/TCGA-G4-6322-01Z-00-DX1_43008_7168.jpg,TCGA-G4-6322,TCGA-G4-6322-01Z-00-DX1,0,0.00085625757,0
non-tumour/TCGA-G4-6322-01Z-00-DX1_43008_7680.jpg,TCGA-G4-6322,TCGA-G4-6322-01Z-00-DX1,0,9.324666e-06,0
non-tumour/TCGA-G4-6322-01Z-00-DX1_43008_8192.jpg,TCGA-G4-6322,TCGA-G4-6322-01Z-00-DX1,0,9.476215e-05,0
non-tumour/TCGA-G4-6322-01Z-00-DX1_43008_8704.jpg,TCGA-G4-6322,TCGA-G4-6322-01Z-00-DX1,0,0.0003990021,0
non-tumour/TCGA-G4-6322-01Z-00-DX1_43008_9216.jpg,TCGA-G4-6322,TCGA-G4-6322-01Z-00-DX1,0,0.0006840911,0
non-tumour/TCGA-G4-6322-01Z-00-DX1_43520_11264.jpg,TCGA-G4-6322,TCGA-G4-6322-01Z-00-DX1,0,0.0035680938,0
non-tumour/TCGA-G4-6322-01Z-00-DX1_43520_11776.jpg,TCGA-G4-6322,TCGA-G4-6322-01Z-00-DX1,0,2.2756592e-06,0
non-tumour/TCGA-G4-6322-01Z-00-DX1_43520_13312.jpg,TCGA-G4-6322,TCGA-G4-6322-01Z-00-DX1,0,5.4293438e-11,0
non-tumour/TCGA-G4-6322-01Z-00-DX1_43520_14336.jpg,TCGA-G4-6322,TCGA-G4-6322-01Z-00-DX1,0,7.920677e-06,0
non-tumour/TCGA-G4-6322-01Z-00-DX1_43520_21504.jpg,TCGA-G4-6322,TCGA-G4-6322-01Z-00-DX1,0,1.7508114e-08,0
non-tumour/TCGA-G4-6322-01Z-00-DX1_43520_6656.jpg,TCGA-G4-6322,TCGA-G4-6322-01Z-00-DX1,0,0.040107023,0
non-tumour/TCGA-G4-6322-01Z-00-DX1_43520_7168.jpg,TCGA-G4-6322,TCGA-G4-6322-01Z-00-DX1,0,0.00012068566,0
non-tumour/TCGA-G4-6322-01Z-00-DX1_43520_7680.jpg,TCGA-G4-6322,TCGA-G4-6322-01Z-00-DX1,0,0.000105105144,0
non-tumour/TCGA-G4-6322-01Z-00-DX1_43520_9728.jpg,TCGA-G4-6322,TCGA-G4-6322-01Z-00-DX1,0,0.00028671845,0
non-tumour/TCGA-G4-6322-01Z-00-DX1_44032_10240.jpg,TCGA-G4-6322,TCGA-G4-6322-01Z-00-DX1,0,1.0065999e-05,0
non-tumour/TCGA-G4-6322-01Z-00-DX1_44032_10752.jpg,TCGA-G4-6322,TCGA-G4-6322-01Z-00-DX1,0,0.00014141755,0
non-tumour/TCGA-G4-6322-01Z-00-DX1_44032_12288.jpg,TCGA-G4-6322,TCGA-G4-6322-01Z-00-DX1,0,7.389278e-07,0
non-tumour/TCGA-G4-6322-01Z-00-DX1_44032_14336.jpg,TCGA-G4-6322,TCGA-G4-6322-01Z-00-DX1,0,1.4932442e-05,0
non-tumour/TCGA-G4-6322-01Z-00-DX1_44032_15872.jpg,TCGA-G4-6322,TCGA-G4-6322-01Z-00-DX1,0,5.5591836e-06,0
non-tumour/TCGA-G4-6322-01Z-00-DX1_44032_20480.jpg,TCGA-G4-6322,TCGA-G4-6322-01Z-00-DX1,0,0.06529062,0
non-tumour/TCGA-G4-6322-01Z-00-DX1_44032_20992.jpg,TCGA-G4-6322,TCGA-G4-6322-01Z-00-DX1,0,3.0843783e-08,0
non-tumour/TCGA-G4-6322-01Z-00-DX1_44032_22016.jpg,TCGA-G4-6322,TCGA-G4-6322-01Z-00-DX1,0,0.12266807,0
non-tumour/TCGA-G4-6322-01Z-00-DX1_44032_22528.jpg,TCGA-G4-6322,TCGA-G4-6322-01Z-00-DX1,0,0.068310596,0
non-tumour/TCGA-G4-6322-01Z-00-DX1_44032_7168.jpg,TCGA-G4-6322,TCGA-G4-6322-01Z-00-DX1,0,1.7563872e-05,0
non-tumour/TCGA-G4-6322-01Z-00-DX1_44032_7680.jpg,TCGA-G4-6322,TCGA-G4-6322-01Z-00-DX1,0,0.00011556176,0
non-tumour/TCGA-G4-6322-01Z-00-DX1_44032_8704.jpg,TCGA-G4-6322,TCGA-G4-6322-01Z-00-DX1,0,4.953424e-05,0
non-tumour/TCGA-G4-6322-01Z-00-DX1_44032_9728.jpg,TCGA-G4-6322,TCGA-G4-6322-01Z-00-DX1,0,0.00020221659,0
non-tumour/TCGA-G4-6322-01Z-00-DX1_44544_10240.jpg,TCGA-G4-6322,TCGA-G4-6322-01Z-00-DX1,0,2.2127948e-05,0
non-tumour/TCGA-G4-6322-01Z-00-DX1_44544_10752.jpg,TCGA-G4-6322,TCGA-G4-6322-01Z-00-DX1,0,0.00017507572,0
non-tumour/TCGA-G4-6322-01Z-00-DX1_44544_11264.jpg,TCGA-G4-6322,TCGA-G4-6322-01Z-00-DX1,0,0.00016143755,0
non-tumour/TCGA-G4-6322-01Z-00-DX1_44544_11776.jpg,TCGA-G4-6322,TCGA-G4-6322-01Z-00-DX1,0,0.02880979,0
non-tumour/TCGA-G4-6322-01Z-00-DX1_44544_12288.jpg,TCGA-G4-6322,TCGA-G4-6322-01Z-00-DX1,0,0.22106464,0
non-tumour/TCGA-G4-6322-01Z-00-DX1_44544_15872.jpg,TCGA-G4-6322,TCGA-G4-6322-01Z-00-DX1,0,4.880919e-07,0
non-tumour/TCGA-G4-6322-01Z-00-DX1_44544_16384.jpg,TCGA-G4-6322,TCGA-G4-6322-01Z-00-DX1,0,3.4122938e-06,0
non-tumour/TCGA-G4-6322-01Z-00-DX1_44544_17408.jpg,TCGA-G4-6322,TCGA-G4-6322-01Z-00-DX1,0,3.951174e-07,0
non-tumour/TCGA-G4-6322-01Z-00-DX1_44544_17920.jpg,TCGA-G4-6322,TCGA-G4-6322-01Z-00-DX1,0,0.00049824873,0
non-tumour/TCGA-G4-6322-01Z-00-DX1_44544_22016.jpg,TCGA-G4-6322,TCGA-G4-6322-01Z-00-DX1,0,3.7482415e-08,0
non-tumour/TCGA-G4-6322-01Z-00-DX1_44544_22528.jpg,TCGA-G4-6322,TCGA-G4-6322-01Z-00-DX1,0,8.1804155e-09,0
non-tumour/TCGA-G4-6322-01Z-00-DX1_44544_7168.jpg,TCGA-G4-6322,TCGA-G4-6322-01Z-00-DX1,0,3.425748e-05,0
non-tumour/TCGA-G4-6322-01Z-00-DX1_44544_7680.jpg,TCGA-G4-6322,TCGA-G4-6322-01Z-00-DX1,0,2.8492252e-05,0
non-tumour/TCGA-G4-6322-01Z-00-DX1_44544_8704.jpg,TCGA-G4-6322,TCGA-G4-6322-01Z-00-DX1,0,0.0001959034,0
non-tumour/TCGA-G4-6322-01Z-00-DX1_44544_9728.jpg,TCGA-G4-6322,TCGA-G4-6322-01Z-00-DX1,0,0.00010842815,0
non-tumour/TCGA-G4-6322-01Z-00-DX1_45056_10752.jpg,TCGA-G4-6322,TCGA-G4-6322-01Z-00-DX1,0,6.1446e-05,0
non-tumour/TCGA-G4-6322-01Z-00-DX1_45056_11776.jpg,TCGA-G4-6322,TCGA-G4-6322-01Z-00-DX1,0,1.062023e-06,0
non-tumour/TCGA-G4-6322-01Z-00-DX1_45056_12800.jpg,TCGA-G4-6322,TCGA-G4-6322-01Z-00-DX1,0,0.001578686,0
non-tumour/TCGA-G4-6322-01Z-00-DX1_45056_13312.jpg,TCGA-G4-6322,TCGA-G4-6322-01Z-00-DX1,0,0.002977571,0
non-tumour/TCGA-G4-6322-01Z-00-DX1_45056_15360.jpg,TCGA-G4-6322,TCGA-G4-6322-01Z-00-DX1,0,1.6675098e-05,0
non-tumour/TCGA-G4-6322-01Z-00-DX1_45056_15872.jpg,TCGA-G4-6322,TCGA-G4-6322-01Z-00-DX1,0,0.00020626764,0
non-tumour/TCGA-G4-6322-01Z-00-DX1_45056_16384.jpg,TCGA-G4-6322,TCGA-G4-6322-01Z-00-DX1,0,0.005320226,0
non-tumour/TCGA-G4-6322-01Z-00-DX1_45056_16896.jpg,TCGA-G4-6322,TCGA-G4-6322-01Z-00-DX1,0,6.606128e-05,0
non-tumour/TCGA-G4-6322-01Z-00-DX1_45056_17920.jpg,TCGA-G4-6322,TCGA-G4-6322-01Z-00-DX1,0,7.85234e-06,0
non-tumour/TCGA-G4-6322-01Z-00-DX1_45056_18432.jpg,TCGA-G4-6322,TCGA-G4-6322-01Z-00-DX1,0,0.00056719995,0
non-tumour/TCGA-G4-6322-01Z-00-DX1_45056_21504.jpg,TCGA-G4-6322,TCGA-G4-6322-01Z-00-DX1,0,0.12411234,0
non-tumour/TCGA-G4-6322-01Z-00-DX1_45056_22016.jpg,TCGA-G4-6322,TCGA-G4-6322-01Z-00-DX1,0,1.6421872e-06,0
non-tumour/TCGA-G4-6322-01Z-00-DX1_45056_23040.jpg,TCGA-G4-6322,TCGA-G4-6322-01Z-00-DX1,0,0.008444145,0
non-tumour/TCGA-G4-6322-01Z-00-DX1_45056_8192.jpg,TCGA-G4-6322,TCGA-G4-6322-01Z-00-DX1,0,6.545989e-05,0
non-tumour/TCGA-G4-6322-01Z-00-DX1_45056_8704.jpg,TCGA-G4-6322,TCGA-G4-6322-01Z-00-DX1,0,0.00013088582,0
non-tumour/TCGA-G4-6322-01Z-00-DX1_45056_9216.jpg,TCGA-G4-6322,TCGA-G4-6322-01Z-00-DX1,0,5.241046e-06,0
non-tumour/TCGA-G4-6322-01Z-00-DX1_45568_10240.jpg,TCGA-G4-6322,TCGA-G4-6322-01Z-00-DX1,0,8.678505e-06,0
non-tumour/TCGA-G4-6322-01Z-00-DX1_45568_10752.jpg,TCGA-G4-6322,TCGA-G4-6322-01Z-00-DX1,0,2.0216457e-05,0
non-tumour/TCGA-G4-6322-01Z-00-DX1_45568_11776.jpg,TCGA-G4-6322,TCGA-G4-6322-01Z-00-DX1,0,9.234886e-06,0
non-tumour/TCGA-G4-6322-01Z-00-DX1_45568_12288.jpg,TCGA-G4-6322,TCGA-G4-6322-01Z-00-DX1,0,0.0005361282,0
non-tumour/TCGA-G4-6322-01Z-00-DX1_45568_15872.jpg,TCGA-G4-6322,TCGA-G4-6322-01Z-00-DX1,0,2.5593834e-05,0
non-tumour/TCGA-G4-6322-01Z-00-DX1_45568_16384.jpg,TCGA-G4-6322,TCGA-G4-6322-01Z-00-DX1,0,0.00030827487,0
non-tumour/TCGA-G4-6322-01Z-00-DX1_45568_17408.jpg,TCGA-G4-6322,TCGA-G4-6322-01Z-00-DX1,0,1.3686074e-10,0
non-tumour/TCGA-G4-6322-01Z-00-DX1_45568_22016.jpg,TCGA-G4-6322,TCGA-G4-6322-01Z-00-DX1,0,6.904259e-05,0
non-tumour/TCGA-G4-6322-01Z-00-DX1_46080_11264.jpg,TCGA-G4-6322,TCGA-G4-6322-01Z-00-DX1,0,0.00042578432,0
non-tumour/TCGA-G4-6322-01Z-00-DX1_46080_12800.jpg,TCGA-G4-6322,TCGA-G4-6322-01Z-00-DX1,0,0.029925732,0
non-tumour/TCGA-G4-6322-01Z-00-DX1_46080_13312.jpg,TCGA-G4-6322,TCGA-G4-6322-01Z-00-DX1,0,0.0004321404,0
non-tumour/TCGA-G4-6322-01Z-00-DX1_46080_15360.jpg,TCGA-G4-6322,TCGA-G4-6322-01Z-00-DX1,0,0.000318369,0
non-tumour/TCGA-G4-6322-01Z-00-DX1_46080_16384.jpg,TCGA-G4-6322,TCGA-G4-6322-01Z-00-DX1,0,7.728626e-06,0
non-tumour/TCGA-G4-6322-01Z-00-DX1_46080_17408.jpg,TCGA-G4-6322,TCGA-G4-6322-01Z-00-DX1,0,3.956226e-06,0
non-tumour/TCGA-G4-6322-01Z-00-DX1_46080_17920.jpg,TCGA-G4-6322,TCGA-G4-6322-01Z-00-DX1,0,7.643218e-07,0
non-tumour/TCGA-G4-6322-01Z-00-DX1_46080_22016.jpg,TCGA-G4-6322,TCGA-G4-6322-01Z-00-DX1,0,0.39525807,0
non-tumour/TCGA-G4-6322-01Z-00-DX1_46080_23040.jpg,TCGA-G4-6322,TCGA-G4-6322-01Z-00-DX1,0,4.615274e-06,0
non-tumour/TCGA-G4-6322-01Z-00-DX1_46080_9728.jpg,TCGA-G4-6322,TCGA-G4-6322-01Z-00-DX1,0,2.0114874e-07,0
non-tumour/TCGA-G4-6322-01Z-00-DX1_4608_10240.jpg,TCGA-G4-6322,TCGA-G4-6322-01Z-00-DX1,0,0.6219945,1
non-tumour/TCGA-G4-6322-01Z-00-DX1_4608_11776.jpg,TCGA-G4-6322,TCGA-G4-6322-01Z-00-DX1,0,0.0020101059,0
non-tumour/TCGA-G4-6322-01Z-00-DX1_4608_12800.jpg,TCGA-G4-6322,TCGA-G4-6322-01Z-00-DX1,0,0.0046771383,0
non-tumour/TCGA-G4-6322-01Z-00-DX1_4608_15360.jpg,TCGA-G4-6322,TCGA-G4-6322-01Z-00-DX1,0,0.0005140496,0
non-tumour/TCGA-G4-6322-01Z-00-DX1_4608_15872.jpg,TCGA-G4-6322,TCGA-G4-6322-01Z-00-DX1,0,1.4205838e-05,0
non-tumour/TCGA-G4-6322-01Z-00-DX1_4608_16896.jpg,TCGA-G4-6322,TCGA-G4-6322-01Z-00-DX1,0,4.3970267e-06,0
non-tumour/TCGA-G4-6322-01Z-00-DX1_4608_17920.jpg,TCGA-G4-6322,TCGA-G4-6322-01Z-00-DX1,0,0.00015693672,0
non-tumour/TCGA-G4-6322-01Z-00-DX1_4608_19456.jpg,TCGA-G4-6322,TCGA-G4-6322-01Z-00-DX1,0,0.031213839,0
non-tumour/TCGA-G4-6322-01Z-00-DX1_4608_20480.jpg,TCGA-G4-6322,TCGA-G4-6322-01Z-00-DX1,0,3.5380603e-05,0
non-tumour/TCGA-G4-6322-01Z-00-DX1_4608_22016.jpg,TCGA-G4-6322,TCGA-G4-6322-01Z-00-DX1,0,6.088464e-06,0
non-tumour/TCGA-G4-6322-01Z-00-DX1_4608_22528.jpg,TCGA-G4-6322,TCGA-G4-6322-01Z-00-DX1,0,2.9235941e-06,0
non-tumour/TCGA-G4-6322-01Z-00-DX1_4608_3584.jpg,TCGA-G4-6322,TCGA-G4-6322-01Z-00-DX1,0,6.761481e-05,0
non-tumour/TCGA-G4-6322-01Z-00-DX1_4608_4608.jpg,TCGA-G4-6322,TCGA-G4-6322-01Z-00-DX1,0,0.00011112487,0
non-tumour/TCGA-G4-6322-01Z-00-DX1_4608_5632.jpg,TCGA-G4-6322,TCGA-G4-6322-01Z-00-DX1,0,0.12191626,0
non-tumour/TCGA-G4-6322-01Z-00-DX1_4608_6144.jpg,TCGA-G4-6322,TCGA-G4-6322-01Z-00-DX1,0,0.0029056075,0
non-tumour/TCGA-G4-6322-01Z-00-DX1_4608_7168.jpg,TCGA-G4-6322,TCGA-G4-6322-01Z-00-DX1,0,0.006529205,0
non-tumour/TCGA-G4-6322-01Z-00-DX1_4608_8704.jpg,TCGA-G4-6322,TCGA-G4-6322-01Z-00-DX1,0,0.4372127,0
non-tumour/TCGA-G4-6322-01Z-00-DX1_4608_9216.jpg,TCGA-G4-6322,TCGA-G4-6322-01Z-00-DX1,0,0.5225188,1
non-tumour/TCGA-G4-6322-01Z-00-DX1_4608_9728.jpg,TCGA-G4-6322,TCGA-G4-6322-01Z-00-DX1,0,0.7960229,1
non-tumour/TCGA-G4-6322-01Z-00-DX1_46592_15872.jpg,TCGA-G4-6322,TCGA-G4-6322-01Z-00-DX1,0,1.0202386e-08,0
non-tumour/TCGA-G4-6322-01Z-00-DX1_46592_16896.jpg,TCGA-G4-6322,TCGA-G4-6322-01Z-00-DX1,0,1.9322728e-08,0
non-tumour/TCGA-G4-6322-01Z-00-DX1_46592_17408.jpg,TCGA-G4-6322,TCGA-G4-6322-01Z-00-DX1,0,0.4894344,0
non-tumour/TCGA-G4-6322-01Z-00-DX1_46592_17920.jpg,TCGA-G4-6322,TCGA-G4-6322-01Z-00-DX1,0,6.7285355e-06,0
non-tumour/TCGA-G4-6322-01Z-00-DX1_46592_18432.jpg,TCGA-G4-6322,TCGA-G4-6322-01Z-00-DX1,0,7.0196143e-10,0
non-tumour/TCGA-G4-6322-01Z-00-DX1_46592_18944.jpg,TCGA-G4-6322,TCGA-G4-6322-01Z-00-DX1,0,0.0636377,0
non-tumour/TCGA-G4-6322-01Z-00-DX1_46592_19456.jpg,TCGA-G4-6322,TCGA-G4-6322-01Z-00-DX1,0,0.3526477,0
non-tumour/TCGA-G4-6322-01Z-00-DX1_46592_22528.jpg,TCGA-G4-6322,TCGA-G4-6322-01Z-00-DX1,0,3.552723e-07,0
non-tumour/TCGA-G4-6322-01Z-00-DX1_47104_16896.jpg,TCGA-G4-6322,TCGA-G4-6322-01Z-00-DX1,0,5.883847e-06,0
non-tumour/TCGA-G4-6322-01Z-00-DX1_47104_18432.jpg,TCGA-G4-6322,TCGA-G4-6322-01Z-00-DX1,0,3.1734604e-09,0
non-tumour/TCGA-G4-6322-01Z-00-DX1_47104_18944.jpg,TCGA-G4-6322,TCGA-G4-6322-01Z-00-DX1,0,1.2238963e-08,0
non-tumour/TCGA-G4-6322-01Z-00-DX1_47104_19456.jpg,TCGA-G4-6322,TCGA-G4-6322-01Z-00-DX1,0,0.00023177502,0
non-tumour/TCGA-G4-6322-01Z-00-DX1_47104_19968.jpg,TCGA-G4-6322,TCGA-G4-6322-01Z-00-DX1,0,0.007125202,0
non-tumour/TCGA-G4-6322-01Z-00-DX1_47104_22528.jpg,TCGA-G4-6322,TCGA-G4-6322-01Z-00-DX1,0,5.0499787e-09,0
non-tumour/TCGA-G4-6322-01Z-00-DX1_47104_23040.jpg,TCGA-G4-6322,TCGA-G4-6322-01Z-00-DX1,0,1.657153e-05,0
non-tumour/TCGA-G4-6322-01Z-00-DX1_47616_16384.jpg,TCGA-G4-6322,TCGA-G4-6322-01Z-00-DX1,0,7.0566352e-06,0
non-tumour/TCGA-G4-6322-01Z-00-DX1_47616_16896.jpg,TCGA-G4-6322,TCGA-G4-6322-01Z-00-DX1,0,1.6562179e-05,0
non-tumour/TCGA-G4-6322-01Z-00-DX1_47616_17408.jpg,TCGA-G4-6322,TCGA-G4-6322-01Z-00-DX1,0,0.0016570092,0
non-tumour/TCGA-G4-6322-01Z-00-DX1_47616_18432.jpg,TCGA-G4-6322,TCGA-G4-6322-01Z-00-DX1,0,1.151853e-09,0
non-tumour/TCGA-G4-6322-01Z-00-DX1_47616_18944.jpg,TCGA-G4-6322,TCGA-G4-6322-01Z-00-DX1,0,1.6810085e-07,0
non-tumour/TCGA-G4-6322-01Z-00-DX1_47616_21504.jpg,TCGA-G4-6322,TCGA-G4-6322-01Z-00-DX1,0,0.0010602783,0
non-tumour/TCGA-G4-6322-01Z-00-DX1_47616_22016.jpg,TCGA-G4-6322,TCGA-G4-6322-01Z-00-DX1,0,6.7903875e-06,0
non-tumour/TCGA-G4-6322-01Z-00-DX1_48128_15872.jpg,TCGA-G4-6322,TCGA-G4-6322-01Z-00-DX1,0,0.001738117,0
non-tumour/TCGA-G4-6322-01Z-00-DX1_48128_16384.jpg,TCGA-G4-6322,TCGA-G4-6322-01Z-00-DX1,0,1.6832443e-08,0
non-tumour/TCGA-G4-6322-01Z-00-DX1_48128_17408.jpg,TCGA-G4-6322,TCGA-G4-6322-01Z-00-DX1,0,5.567472e-09,0
non-tumour/TCGA-G4-6322-01Z-00-DX1_48128_17920.jpg,TCGA-G4-6322,TCGA-G4-6322-01Z-00-DX1,0,0.01715072,0
non-tumour/TCGA-G4-6322-01Z-00-DX1_48128_18944.jpg,TCGA-G4-6322,TCGA-G4-6322-01Z-00-DX1,0,2.2676578e-07,0
non-tumour/TCGA-G4-6322-01Z-00-DX1_48128_19456.jpg,TCGA-G4-6322,TCGA-G4-6322-01Z-00-DX1,0,4.8798443e-06,0
non-tumour/TCGA-G4-6322-01Z-00-DX1_48128_19968.jpg,TCGA-G4-6322,TCGA-G4-6322-01Z-00-DX1,0,3.6064367e-08,0
non-tumour/TCGA-G4-6322-01Z-00-DX1_48128_20992.jpg,TCGA-G4-6322,TCGA-G4-6322-01Z-00-DX1,0,1.4515836e-05,0
non-tumour/TCGA-G4-6322-01Z-00-DX1_48128_21504.jpg,TCGA-G4-6322,TCGA-G4-6322-01Z-00-DX1,0,6.2612294e-06,0
non-tumour/TCGA-G4-6322-01Z-00-DX1_48128_22528.jpg,TCGA-G4-6322,TCGA-G4-6322-01Z-00-DX1,0,5.344485e-08,0
non-tumour/TCGA-G4-6322-01Z-00-DX1_48640_16384.jpg,TCGA-G4-6322,TCGA-G4-6322-01Z-00-DX1,0,2.24017e-05,0
non-tumour/TCGA-G4-6322-01Z-00-DX1_48640_17408.jpg,TCGA-G4-6322,TCGA-G4-6322-01Z-00-DX1,0,5.4319337e-11,0
non-tumour/TCGA-G4-6322-01Z-00-DX1_48640_17920.jpg,TCGA-G4-6322,TCGA-G4-6322-01Z-00-DX1,0,0.0001936717,0
non-tumour/TCGA-G4-6322-01Z-00-DX1_48640_20992.jpg,TCGA-G4-6322,TCGA-G4-6322-01Z-00-DX1,0,2.668303e-09,0
non-tumour/TCGA-G4-6322-01Z-00-DX1_48640_21504.jpg,TCGA-G4-6322,TCGA-G4-6322-01Z-00-DX1,0,1.0738441e-06,0
non-tumour/TCGA-G4-6322-01Z-00-DX1_49152_18432.jpg,TCGA-G4-6322,TCGA-G4-6322-01Z-00-DX1,0,4.8375764e-08,0
non-tumour/TCGA-G4-6322-01Z-00-DX1_49152_19456.jpg,TCGA-G4-6322,TCGA-G4-6322-01Z-00-DX1,0,0.0023300878,0
non-tumour/TCGA-G4-6322-01Z-00-DX1_49152_20992.jpg,TCGA-G4-6322,TCGA-G4-6322-01Z-00-DX1,0,0.00052567356,0
non-tumour/TCGA-G4-6322-01Z-00-DX1_49664_17920.jpg,TCGA-G4-6322,TCGA-G4-6322-01Z-00-DX1,0,7.470207e-09,0
non-tumour/TCGA-G4-6322-01Z-00-DX1_49664_18432.jpg,TCGA-G4-6322,TCGA-G4-6322-01Z-00-DX1,0,2.8641334e-10,0
non-tumour/TCGA-G4-6322-01Z-00-DX1_50176_17920.jpg,TCGA-G4-6322,TCGA-G4-6322-01Z-00-DX1,0,2.0099998e-05,0
non-tumour/TCGA-G4-6322-01Z-00-DX1_5120_10752.jpg,TCGA-G4-6322,TCGA-G4-6322-01Z-00-DX1,0,0.8929017,1
non-tumour/TCGA-G4-6322-01Z-00-DX1_5120_11264.jpg,TCGA-G4-6322,TCGA-G4-6322-01Z-00-DX1,0,0.00030699847,0
non-tumour/TCGA-G4-6322-01Z-00-DX1_5120_13312.jpg,TCGA-G4-6322,TCGA-G4-6322-01Z-00-DX1,0,0.20852813,0
non-tumour/TCGA-G4-6322-01Z-00-DX1_5120_14336.jpg,TCGA-G4-6322,TCGA-G4-6322-01Z-00-DX1,0,2.8818424e-05,0
non-tumour/TCGA-G4-6322-01Z-00-DX1_5120_14848.jpg,TCGA-G4-6322,TCGA-G4-6322-01Z-00-DX1,0,0.00010635613,0
non-tumour/TCGA-G4-6322-01Z-00-DX1_5120_15360.jpg,TCGA-G4-6322,TCGA-G4-6322-01Z-00-DX1,0,0.0002660458,0
non-tumour/TCGA-G4-6322-01Z-00-DX1_5120_16384.jpg,TCGA-G4-6322,TCGA-G4-6322-01Z-00-DX1,0,0.0001540659,0
non-tumour/TCGA-G4-6322-01Z-00-DX1_5120_16896.jpg,TCGA-G4-6322,TCGA-G4-6322-01Z-00-DX1,0,0.0009963057,0
non-tumour/TCGA-G4-6322-01Z-00-DX1_5120_17408.jpg,TCGA-G4-6322,TCGA-G4-6322-01Z-00-DX1,0,1.3947055e-05,0
non-tumour/TCGA-G4-6322-01Z-00-DX1_5120_19968.jpg,TCGA-G4-6322,TCGA-G4-6322-01Z-00-DX1,0,7.0732244e-06,0
non-tumour/TCGA-G4-6322-01Z-00-DX1_5120_20992.jpg,TCGA-G4-6322,TCGA-G4-6322-01Z-00-DX1,0,1.7627992e-06,0
non-tumour/TCGA-G4-6322-01Z-00-DX1_5120_23040.jpg,TCGA-G4-6322,TCGA-G4-6322-01Z-00-DX1,0,1.2469997e-07,0
non-tumour/TCGA-G4-6322-01Z-00-DX1_5120_24064.jpg,TCGA-G4-6322,TCGA-G4-6322-01Z-00-DX1,0,3.0374888e-06,0
non-tumour/TCGA-G4-6322-01Z-00-DX1_5120_2560.jpg,TCGA-G4-6322,TCGA-G4-6322-01Z-00-DX1,0,0.038613524,0
non-tumour/TCGA-G4-6322-01Z-00-DX1_5120_3072.jpg,TCGA-G4-6322,TCGA-G4-6322-01Z-00-DX1,0,0.00064991374,0
non-tumour/TCGA-G4-6322-01Z-00-DX1_5120_3584.jpg,TCGA-G4-6322,TCGA-G4-6322-01Z-00-DX1,0,4.9679416e-05,0
non-tumour/TCGA-G4-6322-01Z-00-DX1_5120_4608.jpg,TCGA-G4-6322,TCGA-G4-6322-01Z-00-DX1,0,0.0010223615,0
non-tumour/TCGA-G4-6322-01Z-00-DX1_5120_5632.jpg,TCGA-G4-6322,TCGA-G4-6322-01Z-00-DX1,0,0.0001692848,0
non-tumour/TCGA-G4-6322-01Z-00-DX1_5120_6656.jpg,TCGA-G4-6322,TCGA-G4-6322-01Z-00-DX1,0,0.0045493087,0
non-tumour/TCGA-G4-6322-01Z-00-DX1_5120_7168.jpg,TCGA-G4-6322,TCGA-G4-6322-01Z-00-DX1,0,0.0012449992,0
non-tumour/TCGA-G4-6322-01Z-00-DX1_5120_9216.jpg,TCGA-G4-6322,TCGA-G4-6322-01Z-00-DX1,0,0.84897524,1
non-tumour/TCGA-G4-6322-01Z-00-DX1_5120_9728.jpg,TCGA-G4-6322,TCGA-G4-6322-01Z-00-DX1,0,0.75374734,1
non-tumour/TCGA-G4-6322-01Z-00-DX1_512_10240.jpg,TCGA-G4-6322,TCGA-G4-6322-01Z-00-DX1,0,7.166264e-05,0
non-tumour/TCGA-G4-6322-01Z-00-DX1_512_5632.jpg,TCGA-G4-6322,TCGA-G4-6322-01Z-00-DX1,0,0.0007265585,0
non-tumour/TCGA-G4-6322-01Z-00-DX1_512_6656.jpg,TCGA-G4-6322,TCGA-G4-6322-01Z-00-DX1,0,0.0020978835,0
non-tumour/TCGA-G4-6322-01Z-00-DX1_512_7168.jpg,TCGA-G4-6322,TCGA-G4-6322-01Z-00-DX1,0,0.011693346,0
non-tumour/TCGA-G4-6322-01Z-00-DX1_512_8192.jpg,TCGA-G4-6322,TCGA-G4-6322-01Z-00-DX1,0,9.472177e-05,0
non-tumour/TCGA-G4-6322-01Z-00-DX1_512_8704.jpg,TCGA-G4-6322,TCGA-G4-6322-01Z-00-DX1,0,0.00025888562,0
non-tumour/TCGA-G4-6322-01Z-00-DX1_5632_10752.jpg,TCGA-G4-6322,TCGA-G4-6322-01Z-00-DX1,0,0.8422348,1
non-tumour/TCGA-G4-6322-01Z-00-DX1_5632_11264.jpg,TCGA-G4-6322,TCGA-G4-6322-01Z-00-DX1,0,0.72613025,1
non-tumour/TCGA-G4-6322-01Z-00-DX1_5632_14848.jpg,TCGA-G4-6322,TCGA-G4-6322-01Z-00-DX1,0,4.0159706e-05,0
non-tumour/TCGA-G4-6322-01Z-00-DX1_5632_15360.jpg,TCGA-G4-6322,TCGA-G4-6322-01Z-00-DX1,0,2.6367707e-07,0
non-tumour/TCGA-G4-6322-01Z-00-DX1_5632_16896.jpg,TCGA-G4-6322,TCGA-G4-6322-01Z-00-DX1,0,5.5071836e-05,0
non-tumour/TCGA-G4-6322-01Z-00-DX1_5632_17408.jpg,TCGA-G4-6322,TCGA-G4-6322-01Z-00-DX1,0,2.4990504e-05,0
non-tumour/TCGA-G4-6322-01Z-00-DX1_5632_17920.jpg,TCGA-G4-6322,TCGA-G4-6322-01Z-00-DX1,0,0.01036731,0
non-tumour/TCGA-G4-6322-01Z-00-DX1_5632_18432.jpg,TCGA-G4-6322,TCGA-G4-6322-01Z-00-DX1,0,4.0868923e-05,0
non-tumour/TCGA-G4-6322-01Z-00-DX1_5632_18944.jpg,TCGA-G4-6322,TCGA-G4-6322-01Z-00-DX1,0,0.0042047147,0
non-tumour/TCGA-G4-6322-01Z-00-DX1_5632_22016.jpg,TCGA-G4-6322,TCGA-G4-6322-01Z-00-DX1,0,4.154317e-06,0
non-tumour/TCGA-G4-6322-01Z-00-DX1_5632_23040.jpg,TCGA-G4-6322,TCGA-G4-6322-01Z-00-DX1,0,1.9253717e-05,0
non-tumour/TCGA-G4-6322-01Z-00-DX1_5632_23552.jpg,TCGA-G4-6322,TCGA-G4-6322-01Z-00-DX1,0,1.1699233e-06,0
non-tumour/TCGA-G4-6322-01Z-00-DX1_5632_2560.jpg,TCGA-G4-6322,TCGA-G4-6322-01Z-00-DX1,0,0.035059985,0
non-tumour/TCGA-G4-6322-01Z-00-DX1_5632_4096.jpg,TCGA-G4-6322,TCGA-G4-6322-01Z-00-DX1,0,0.00052592135,0
non-tumour/TCGA-G4-6322-01Z-00-DX1_5632_5120.jpg,TCGA-G4-6322,TCGA-G4-6322-01Z-00-DX1,0,0.0003286842,0
non-tumour/TCGA-G4-6322-01Z-00-DX1_5632_5632.jpg,TCGA-G4-6322,TCGA-G4-6322-01Z-00-DX1,0,0.09719342,0
non-tumour/TCGA-G4-6322-01Z-00-DX1_5632_6656.jpg,TCGA-G4-6322,TCGA-G4-6322-01Z-00-DX1,0,0.9051576,1
non-tumour/TCGA-G4-6322-01Z-00-DX1_5632_7168.jpg,TCGA-G4-6322,TCGA-G4-6322-01Z-00-DX1,0,0.35568747,0
non-tumour/TCGA-G4-6322-01Z-00-DX1_5632_7680.jpg,TCGA-G4-6322,TCGA-G4-6322-01Z-00-DX1,0,0.6044486,1
non-tumour/TCGA-G4-6322-01Z-00-DX1_5632_8704.jpg,TCGA-G4-6322,TCGA-G4-6322-01Z-00-DX1,0,0.76460844,1
non-tumour/TCGA-G4-6322-01Z-00-DX1_5632_9728.jpg,TCGA-G4-6322,TCGA-G4-6322-01Z-00-DX1,0,0.88568145,1
non-tumour/TCGA-G4-6322-01Z-00-DX1_6144_10240.jpg,TCGA-G4-6322,TCGA-G4-6322-01Z-00-DX1,0,0.82064617,1
non-tumour/TCGA-G4-6322-01Z-00-DX1_6144_12288.jpg,TCGA-G4-6322,TCGA-G4-6322-01Z-00-DX1,0,0.0017825341,0
non-tumour/TCGA-G4-6322-01Z-00-DX1_6144_12800.jpg,TCGA-G4-6322,TCGA-G4-6322-01Z-00-DX1,0,1.0789349e-05,0
non-tumour/TCGA-G4-6322-01Z-00-DX1_6144_13312.jpg,TCGA-G4-6322,TCGA-G4-6322-01Z-00-DX1,0,0.11869996,0
non-tumour/TCGA-G4-6322-01Z-00-DX1_6144_14336.jpg,TCGA-G4-6322,TCGA-G4-6322-01Z-00-DX1,0,0.30524728,0
non-tumour/TCGA-G4-6322-01Z-00-DX1_6144_16384.jpg,TCGA-G4-6322,TCGA-G4-6322-01Z-00-DX1,0,0.0038582708,0
non-tumour/TCGA-G4-6322-01Z-00-DX1_6144_16896.jpg,TCGA-G4-6322,TCGA-G4-6322-01Z-00-DX1,0,1.948799e-05,0
non-tumour/TCGA-G4-6322-01Z-00-DX1_6144_17920.jpg,TCGA-G4-6322,TCGA-G4-6322-01Z-00-DX1,0,0.0007201003,0
non-tumour/TCGA-G4-6322-01Z-00-DX1_6144_19968.jpg,TCGA-G4-6322,TCGA-G4-6322-01Z-00-DX1,0,0.00015338065,0
non-tumour/TCGA-G4-6322-01Z-00-DX1_6144_22016.jpg,TCGA-G4-6322,TCGA-G4-6322-01Z-00-DX1,0,4.370034e-06,0
non-tumour/TCGA-G4-6322-01Z-00-DX1_6144_24064.jpg,TCGA-G4-6322,TCGA-G4-6322-01Z-00-DX1,0,2.501938e-07,0
non-tumour/TCGA-G4-6322-01Z-00-DX1_6144_28160.jpg,TCGA-G4-6322,TCGA-G4-6322-01Z-00-DX1,0,0.03460864,0
non-tumour/TCGA-G4-6322-01Z-00-DX1_6144_28672.jpg,TCGA-G4-6322,TCGA-G4-6322-01Z-00-DX1,0,0.00010217818,0
non-tumour/TCGA-G4-6322-01Z-00-DX1_6144_3072.jpg,TCGA-G4-6322,TCGA-G4-6322-01Z-00-DX1,0,0.00023079856,0
non-tumour/TCGA-G4-6322-01Z-00-DX1_6144_3584.jpg,TCGA-G4-6322,TCGA-G4-6322-01Z-00-DX1,0,0.0040071825,0
non-tumour/TCGA-G4-6322-01Z-00-DX1_6144_4096.jpg,TCGA-G4-6322,TCGA-G4-6322-01Z-00-DX1,0,6.478609e-05,0
non-tumour/TCGA-G4-6322-01Z-00-DX1_6144_4608.jpg,TCGA-G4-6322,TCGA-G4-6322-01Z-00-DX1,0,1.346302e-05,0
non-tumour/TCGA-G4-6322-01Z-00-DX1_6144_5632.jpg,TCGA-G4-6322,TCGA-G4-6322-01Z-00-DX1,0,0.52947325,1
non-tumour/TCGA-G4-6322-01Z-00-DX1_6144_6144.jpg,TCGA-G4-6322,TCGA-G4-6322-01Z-00-DX1,0,0.84463704,1
non-tumour/TCGA-G4-6322-01Z-00-DX1_6144_6656.jpg,TCGA-G4-6322,TCGA-G4-6322-01Z-00-DX1,0,0.68149877,1
non-tumour/TCGA-G4-6322-01Z-00-DX1_6144_7168.jpg,TCGA-G4-6322,TCGA-G4-6322-01Z-00-DX1,0,0.003987825,0
non-tumour/TCGA-G4-6322-01Z-00-DX1_6144_8704.jpg,TCGA-G4-6322,TCGA-G4-6322-01Z-00-DX1,0,0.87907857,1
non-tumour/TCGA-G4-6322-01Z-00-DX1_6656_11264.jpg,TCGA-G4-6322,TCGA-G4-6322-01Z-00-DX1,0,0.5547651,1
non-tumour/TCGA-G4-6322-01Z-00-DX1_6656_11776.jpg,TCGA-G4-6322,TCGA-G4-6322-01Z-00-DX1,0,0.13125175,0
non-tumour/TCGA-G4-6322-01Z-00-DX1_6656_13824.jpg,TCGA-G4-6322,TCGA-G4-6322-01Z-00-DX1,0,0.0084334845,0
non-tumour/TCGA-G4-6322-01Z-00-DX1_6656_14848.jpg,TCGA-G4-6322,TCGA-G4-6322-01Z-00-DX1,0,2.4752296e-06,0
non-tumour/TCGA-G4-6322-01Z-00-DX1_6656_18432.jpg,TCGA-G4-6322,TCGA-G4-6322-01Z-00-DX1,0,5.0457773e-05,0
non-tumour/TCGA-G4-6322-01Z-00-DX1_6656_19968.jpg,TCGA-G4-6322,TCGA-G4-6322-01Z-00-DX1,0,5.307229e-05,0
non-tumour/TCGA-G4-6322-01Z-00-DX1_6656_20992.jpg,TCGA-G4-6322,TCGA-G4-6322-01Z-00-DX1,0,0.0011402679,0
non-tumour/TCGA-G4-6322-01Z-00-DX1_6656_21504.jpg,TCGA-G4-6322,TCGA-G4-6322-01Z-00-DX1,0,0.018374965,0
non-tumour/TCGA-G4-6322-01Z-00-DX1_6656_22528.jpg,TCGA-G4-6322,TCGA-G4-6322-01Z-00-DX1,0,0.027168855,0
non-tumour/TCGA-G4-6322-01Z-00-DX1_6656_23040.jpg,TCGA-G4-6322,TCGA-G4-6322-01Z-00-DX1,0,0.00073651277,0
non-tumour/TCGA-G4-6322-01Z-00-DX1_6656_24064.jpg,TCGA-G4-6322,TCGA-G4-6322-01Z-00-DX1,0,0.00335061,0
non-tumour/TCGA-G4-6322-01Z-00-DX1_6656_2560.jpg,TCGA-G4-6322,TCGA-G4-6322-01Z-00-DX1,0,0.0031143157,0
non-tumour/TCGA-G4-6322-01Z-00-DX1_6656_28160.jpg,TCGA-G4-6322,TCGA-G4-6322-01Z-00-DX1,0,0.00041766601,0
non-tumour/TCGA-G4-6322-01Z-00-DX1_6656_3072.jpg,TCGA-G4-6322,TCGA-G4-6322-01Z-00-DX1,0,0.00014677238,0
non-tumour/TCGA-G4-6322-01Z-00-DX1_6656_3584.jpg,TCGA-G4-6322,TCGA-G4-6322-01Z-00-DX1,0,7.757265e-05,0
non-tumour/TCGA-G4-6322-01Z-00-DX1_6656_4096.jpg,TCGA-G4-6322,TCGA-G4-6322-01Z-00-DX1,0,4.8039932e-05,0
non-tumour/TCGA-G4-6322-01Z-00-DX1_6656_4608.jpg,TCGA-G4-6322,TCGA-G4-6322-01Z-00-DX1,0,0.0024943599,0
non-tumour/TCGA-G4-6322-01Z-00-DX1_6656_5120.jpg,TCGA-G4-6322,TCGA-G4-6322-01Z-00-DX1,0,0.012441127,0
non-tumour/TCGA-G4-6322-01Z-00-DX1_6656_6144.jpg,TCGA-G4-6322,TCGA-G4-6322-01Z-00-DX1,0,0.019662956,0
non-tumour/TCGA-G4-6322-01Z-00-DX1_6656_6656.jpg,TCGA-G4-6322,TCGA-G4-6322-01Z-00-DX1,0,0.0014688841,0
non-tumour/TCGA-G4-6322-01Z-00-DX1_6656_7680.jpg,TCGA-G4-6322,TCGA-G4-6322-01Z-00-DX1,0,0.12137613,0
non-tumour/TCGA-G4-6322-01Z-00-DX1_6656_8704.jpg,TCGA-G4-6322,TCGA-G4-6322-01Z-00-DX1,0,0.80370957,1
non-tumour/TCGA-G4-6322-01Z-00-DX1_7168_10240.jpg,TCGA-G4-6322,TCGA-G4-6322-01Z-00-DX1,0,0.7710875,1
non-tumour/TCGA-G4-6322-01Z-00-DX1_7168_11264.jpg,TCGA-G4-6322,TCGA-G4-6322-01Z-00-DX1,0,0.21500795,0
non-tumour/TCGA-G4-6322-01Z-00-DX1_7168_12800.jpg,TCGA-G4-6322,TCGA-G4-6322-01Z-00-DX1,0,0.3383359,0
non-tumour/TCGA-G4-6322-01Z-00-DX1_7168_13824.jpg,TCGA-G4-6322,TCGA-G4-6322-01Z-00-DX1,0,8.5559914e-05,0
non-tumour/TCGA-G4-6322-01Z-00-DX1_7168_14336.jpg,TCGA-G4-6322,TCGA-G4-6322-01Z-00-DX1,0,0.007153845,0
non-tumour/TCGA-G4-6322-01Z-00-DX1_7168_15360.jpg,TCGA-G4-6322,TCGA-G4-6322-01Z-00-DX1,0,7.0488204e-05,0
non-tumour/TCGA-G4-6322-01Z-00-DX1_7168_16384.jpg,TCGA-G4-6322,TCGA-G4-6322-01Z-00-DX1,0,3.998556e-05,0
non-tumour/TCGA-G4-6322-01Z-00-DX1_7168_18944.jpg,TCGA-G4-6322,TCGA-G4-6322-01Z-00-DX1,0,0.00015501578,0
non-tumour/TCGA-G4-6322-01Z-00-DX1_7168_19968.jpg,TCGA-G4-6322,TCGA-G4-6322-01Z-00-DX1,0,0.001782785,0
non-tumour/TCGA-G4-6322-01Z-00-DX1_7168_20480.jpg,TCGA-G4-6322,TCGA-G4-6322-01Z-00-DX1,0,0.004525058,0
non-tumour/TCGA-G4-6322-01Z-00-DX1_7168_20992.jpg,TCGA-G4-6322,TCGA-G4-6322-01Z-00-DX1,0,0.009331442,0
non-tumour/TCGA-G4-6322-01Z-00-DX1_7168_21504.jpg,TCGA-G4-6322,TCGA-G4-6322-01Z-00-DX1,0,3.4220386e-05,0
non-tumour/TCGA-G4-6322-01Z-00-DX1_7168_22016.jpg,TCGA-G4-6322,TCGA-G4-6322-01Z-00-DX1,0,0.006956301,0
non-tumour/TCGA-G4-6322-01Z-00-DX1_7168_23552.jpg,TCGA-G4-6322,TCGA-G4-6322-01Z-00-DX1,0,1.9239137e-06,0
non-tumour/TCGA-G4-6322-01Z-00-DX1_7168_24064.jpg,TCGA-G4-6322,TCGA-G4-6322-01Z-00-DX1,0,3.8936395e-07,0
non-tumour/TCGA-G4-6322-01Z-00-DX1_7168_3072.jpg,TCGA-G4-6322,TCGA-G4-6322-01Z-00-DX1,0,0.004068862,0
non-tumour/TCGA-G4-6322-01Z-00-DX1_7168_4608.jpg,TCGA-G4-6322,TCGA-G4-6322-01Z-00-DX1,0,0.0058789807,0
non-tumour/TCGA-G4-6322-01Z-00-DX1_7168_5120.jpg,TCGA-G4-6322,TCGA-G4-6322-01Z-00-DX1,0,0.00423869,0
non-tumour/TCGA-G4-6322-01Z-00-DX1_7168_6144.jpg,TCGA-G4-6322,TCGA-G4-6322-01Z-00-DX1,0,0.045149833,0
non-tumour/TCGA-G4-6322-01Z-00-DX1_7168_7680.jpg,TCGA-G4-6322,TCGA-G4-6322-01Z-00-DX1,0,0.005203206,0
non-tumour/TCGA-G4-6322-01Z-00-DX1_7168_8192.jpg,TCGA-G4-6322,TCGA-G4-6322-01Z-00-DX1,0,0.0072244173,0
non-tumour/TCGA-G4-6322-01Z-00-DX1_7168_8704.jpg,TCGA-G4-6322,TCGA-G4-6322-01Z-00-DX1,0,0.5313043,1
non-tumour/TCGA-G4-6322-01Z-00-DX1_7168_9216.jpg,TCGA-G4-6322,TCGA-G4-6322-01Z-00-DX1,0,0.9017312,1
non-tumour/TCGA-G4-6322-01Z-00-DX1_7680_11264.jpg,TCGA-G4-6322,TCGA-G4-6322-01Z-00-DX1,0,0.26076496,0
non-tumour/TCGA-G4-6322-01Z-00-DX1_7680_11776.jpg,TCGA-G4-6322,TCGA-G4-6322-01Z-00-DX1,0,0.030924793,0
non-tumour/TCGA-G4-6322-01Z-00-DX1_7680_12288.jpg,TCGA-G4-6322,TCGA-G4-6322-01Z-00-DX1,0,0.018373525,0
non-tumour/TCGA-G4-6322-01Z-00-DX1_7680_12800.jpg,TCGA-G4-6322,TCGA-G4-6322-01Z-00-DX1,0,0.4396869,0
non-tumour/TCGA-G4-6322-01Z-00-DX1_7680_13824.jpg,TCGA-G4-6322,TCGA-G4-6322-01Z-00-DX1,0,1.1784429e-05,0
non-tumour/TCGA-G4-6322-01Z-00-DX1_7680_14848.jpg,TCGA-G4-6322,TCGA-G4-6322-01Z-00-DX1,0,2.912349e-05,0
non-tumour/TCGA-G4-6322-01Z-00-DX1_7680_16384.jpg,TCGA-G4-6322,TCGA-G4-6322-01Z-00-DX1,0,0.00016173537,0
non-tumour/TCGA-G4-6322-01Z-00-DX1_7680_17920.jpg,TCGA-G4-6322,TCGA-G4-6322-01Z-00-DX1,0,0.00015250055,0
non-tumour/TCGA-G4-6322-01Z-00-DX1_7680_18432.jpg,TCGA-G4-6322,TCGA-G4-6322-01Z-00-DX1,0,0.0007252932,0
non-tumour/TCGA-G4-6322-01Z-00-DX1_7680_18944.jpg,TCGA-G4-6322,TCGA-G4-6322-01Z-00-DX1,0,0.005763205,0
non-tumour/TCGA-G4-6322-01Z-00-DX1_7680_19456.jpg,TCGA-G4-6322,TCGA-G4-6322-01Z-00-DX1,0,0.2498415,0
non-tumour/TCGA-G4-6322-01Z-00-DX1_7680_22016.jpg,TCGA-G4-6322,TCGA-G4-6322-01Z-00-DX1,0,0.0006110467,0
non-tumour/TCGA-G4-6322-01Z-00-DX1_7680_22528.jpg,TCGA-G4-6322,TCGA-G4-6322-01Z-00-DX1,0,6.9313774e-06,0
non-tumour/TCGA-G4-6322-01Z-00-DX1_7680_23040.jpg,TCGA-G4-6322,TCGA-G4-6322-01Z-00-DX1,0,0.00012901991,0
non-tumour/TCGA-G4-6322-01Z-00-DX1_7680_26624.jpg,TCGA-G4-6322,TCGA-G4-6322-01Z-00-DX1,0,3.8801052e-05,0
non-tumour/TCGA-G4-6322-01Z-00-DX1_7680_27136.jpg,TCGA-G4-6322,TCGA-G4-6322-01Z-00-DX1,0,1.6986394e-05,0
non-tumour/TCGA-G4-6322-01Z-00-DX1_7680_28160.jpg,TCGA-G4-6322,TCGA-G4-6322-01Z-00-DX1,0,0.000117739655,0
non-tumour/TCGA-G4-6322-01Z-00-DX1_7680_4096.jpg,TCGA-G4-6322,TCGA-G4-6322-01Z-00-DX1,0,0.0001025273,0
non-tumour/TCGA-G4-6322-01Z-00-DX1_7680_4608.jpg,TCGA-G4-6322,TCGA-G4-6322-01Z-00-DX1,0,0.00093067513,0
non-tumour/TCGA-G4-6322-01Z-00-DX1_7680_5632.jpg,TCGA-G4-6322,TCGA-G4-6322-01Z-00-DX1,0,2.5224985e-05,0
non-tumour/TCGA-G4-6322-01Z-00-DX1_7680_8192.jpg,TCGA-G4-6322,TCGA-G4-6322-01Z-00-DX1,0,0.23824407,0
non-tumour/TCGA-G4-6322-01Z-00-DX1_7680_8704.jpg,TCGA-G4-6322,TCGA-G4-6322-01Z-00-DX1,0,0.2117897,0
non-tumour/TCGA-G4-6322-01Z-00-DX1_7680_9216.jpg,TCGA-G4-6322,TCGA-G4-6322-01Z-00-DX1,0,0.003344532,0
non-tumour/TCGA-G4-6322-01Z-00-DX1_8192_12288.jpg,TCGA-G4-6322,TCGA-G4-6322-01Z-00-DX1,0,0.00043143323,0
non-tumour/TCGA-G4-6322-01Z-00-DX1_8192_13824.jpg,TCGA-G4-6322,TCGA-G4-6322-01Z-00-DX1,0,0.0007880451,0
non-tumour/TCGA-G4-6322-01Z-00-DX1_8192_14848.jpg,TCGA-G4-6322,TCGA-G4-6322-01Z-00-DX1,0,0.00010208167,0
non-tumour/TCGA-G4-6322-01Z-00-DX1_8192_15360.jpg,TCGA-G4-6322,TCGA-G4-6322-01Z-00-DX1,0,3.094113e-05,0
non-tumour/TCGA-G4-6322-01Z-00-DX1_8192_16896.jpg,TCGA-G4-6322,TCGA-G4-6322-01Z-00-DX1,0,0.0036554134,0
non-tumour/TCGA-G4-6322-01Z-00-DX1_8192_18432.jpg,TCGA-G4-6322,TCGA-G4-6322-01Z-00-DX1,0,0.0013106194,0
non-tumour/TCGA-G4-6322-01Z-00-DX1_8192_18944.jpg,TCGA-G4-6322,TCGA-G4-6322-01Z-00-DX1,0,0.79845196,1
non-tumour/TCGA-G4-6322-01Z-00-DX1_8192_2048.jpg,TCGA-G4-6322,TCGA-G4-6322-01Z-00-DX1,0,0.9827246,1
non-tumour/TCGA-G4-6322-01Z-00-DX1_8192_20992.jpg,TCGA-G4-6322,TCGA-G4-6322-01Z-00-DX1,0,0.0020328108,0
non-tumour/TCGA-G4-6322-01Z-00-DX1_8192_22016.jpg,TCGA-G4-6322,TCGA-G4-6322-01Z-00-DX1,0,2.5010938e-06,0
non-tumour/TCGA-G4-6322-01Z-00-DX1_8192_23040.jpg,TCGA-G4-6322,TCGA-G4-6322-01Z-00-DX1,0,1.0350634e-06,0
non-tumour/TCGA-G4-6322-01Z-00-DX1_8192_2560.jpg,TCGA-G4-6322,TCGA-G4-6322-01Z-00-DX1,0,0.0039126785,0
non-tumour/TCGA-G4-6322-01Z-00-DX1_8192_4608.jpg,TCGA-G4-6322,TCGA-G4-6322-01Z-00-DX1,0,6.509132e-06,0
non-tumour/TCGA-G4-6322-01Z-00-DX1_8192_5120.jpg,TCGA-G4-6322,TCGA-G4-6322-01Z-00-DX1,0,0.0002916299,0
non-tumour/TCGA-G4-6322-01Z-00-DX1_8192_5632.jpg,TCGA-G4-6322,TCGA-G4-6322-01Z-00-DX1,0,5.3681164e-05,0
non-tumour/TCGA-G4-6322-01Z-00-DX1_8192_6144.jpg,TCGA-G4-6322,TCGA-G4-6322-01Z-00-DX1,0,8.1997794e-05,0
non-tumour/TCGA-G4-6322-01Z-00-DX1_8192_6656.jpg,TCGA-G4-6322,TCGA-G4-6322-01Z-00-DX1,0,0.0016133492,0
non-tumour/TCGA-G4-6322-01Z-00-DX1_8192_7680.jpg,TCGA-G4-6322,TCGA-G4-6322-01Z-00-DX1,0,0.6881444,1
non-tumour/TCGA-G4-6322-01Z-00-DX1_8192_9728.jpg,TCGA-G4-6322,TCGA-G4-6322-01Z-00-DX1,0,0.2040685,0
non-tumour/TCGA-G4-6322-01Z-00-DX1_8704_10752.jpg,TCGA-G4-6322,TCGA-G4-6322-01Z-00-DX1,0,0.7009173,1
non-tumour/TCGA-G4-6322-01Z-00-DX1_8704_11776.jpg,TCGA-G4-6322,TCGA-G4-6322-01Z-00-DX1,0,0.04902047,0
non-tumour/TCGA-G4-6322-01Z-00-DX1_8704_12288.jpg,TCGA-G4-6322,TCGA-G4-6322-01Z-00-DX1,0,0.0036033872,0
non-tumour/TCGA-G4-6322-01Z-00-DX1_8704_12800.jpg,TCGA-G4-6322,TCGA-G4-6322-01Z-00-DX1,0,0.21521467,0
non-tumour/TCGA-G4-6322-01Z-00-DX1_8704_13824.jpg,TCGA-G4-6322,TCGA-G4-6322-01Z-00-DX1,0,0.026920503,0
non-tumour/TCGA-G4-6322-01Z-00-DX1_8704_15360.jpg,TCGA-G4-6322,TCGA-G4-6322-01Z-00-DX1,0,0.00010429863,0
non-tumour/TCGA-G4-6322-01Z-00-DX1_8704_15872.jpg,TCGA-G4-6322,TCGA-G4-6322-01Z-00-DX1,0,4.6226437e-06,0
non-tumour/TCGA-G4-6322-01Z-00-DX1_8704_16384.jpg,TCGA-G4-6322,TCGA-G4-6322-01Z-00-DX1,0,0.36568466,0
non-tumour/TCGA-G4-6322-01Z-00-DX1_8704_17408.jpg,TCGA-G4-6322,TCGA-G4-6322-01Z-00-DX1,0,1.2097782e-05,0
non-tumour/TCGA-G4-6322-01Z-00-DX1_8704_17920.jpg,TCGA-G4-6322,TCGA-G4-6322-01Z-00-DX1,0,1.1241165e-06,0
non-tumour/TCGA-G4-6322-01Z-00-DX1_8704_18432.jpg,TCGA-G4-6322,TCGA-G4-6322-01Z-00-DX1,0,0.06608857,0
non-tumour/TCGA-G4-6322-01Z-00-DX1_8704_20480.jpg,TCGA-G4-6322,TCGA-G4-6322-01Z-00-DX1,0,0.003166965,0
non-tumour/TCGA-G4-6322-01Z-00-DX1_8704_20992.jpg,TCGA-G4-6322,TCGA-G4-6322-01Z-00-DX1,0,5.268713e-05,0
non-tumour/TCGA-G4-6322-01Z-00-DX1_8704_22016.jpg,TCGA-G4-6322,TCGA-G4-6322-01Z-00-DX1,0,2.5892157e-06,0
non-tumour/TCGA-G4-6322-01Z-00-DX1_8704_22528.jpg,TCGA-G4-6322,TCGA-G4-6322-01Z-00-DX1,0,2.0079783e-07,0
non-tumour/TCGA-G4-6322-01Z-00-DX1_8704_27648.jpg,TCGA-G4-6322,TCGA-G4-6322-01Z-00-DX1,0,0.000110911664,0
non-tumour/TCGA-G4-6322-01Z-00-DX1_8704_5120.jpg,TCGA-G4-6322,TCGA-G4-6322-01Z-00-DX1,0,0.0011916839,0
non-tumour/TCGA-G4-6322-01Z-00-DX1_8704_6656.jpg,TCGA-G4-6322,TCGA-G4-6322-01Z-00-DX1,0,0.021402288,0
non-tumour/TCGA-G4-6322-01Z-00-DX1_8704_7168.jpg,TCGA-G4-6322,TCGA-G4-6322-01Z-00-DX1,0,0.026972422,0
non-tumour/TCGA-G4-6322-01Z-00-DX1_8704_8192.jpg,TCGA-G4-6322,TCGA-G4-6322-01Z-00-DX1,0,0.39709643,0
non-tumour/TCGA-G4-6322-01Z-00-DX1_8704_9728.jpg,TCGA-G4-6322,TCGA-G4-6322-01Z-00-DX1,0,0.5031281,1
non-tumour/TCGA-G4-6322-01Z-00-DX1_9216_10240.jpg,TCGA-G4-6322,TCGA-G4-6322-01Z-00-DX1,0,0.51291627,1
non-tumour/TCGA-G4-6322-01Z-00-DX1_9216_10752.jpg,TCGA-G4-6322,TCGA-G4-6322-01Z-00-DX1,0,0.11989723,0
non-tumour/TCGA-G4-6322-01Z-00-DX1_9216_11776.jpg,TCGA-G4-6322,TCGA-G4-6322-01Z-00-DX1,0,9.113837e-05,0
non-tumour/TCGA-G4-6322-01Z-00-DX1_9216_12800.jpg,TCGA-G4-6322,TCGA-G4-6322-01Z-00-DX1,0,0.00043352527,0
non-tumour/TCGA-G4-6322-01Z-00-DX1_9216_13312.jpg,TCGA-G4-6322,TCGA-G4-6322-01Z-00-DX1,0,5.101717e-06,0
non-tumour/TCGA-G4-6322-01Z-00-DX1_9216_13824.jpg,TCGA-G4-6322,TCGA-G4-6322-01Z-00-DX1,0,0.0009071901,0
non-tumour/TCGA-G4-6322-01Z-00-DX1_9216_14848.jpg,TCGA-G4-6322,TCGA-G4-6322-01Z-00-DX1,0,0.0003049643,0
non-tumour/TCGA-G4-6322-01Z-00-DX1_9216_15872.jpg,TCGA-G4-6322,TCGA-G4-6322-01Z-00-DX1,0,1.2134883e-06,0
non-tumour/TCGA-G4-6322-01Z-00-DX1_9216_16896.jpg,TCGA-G4-6322,TCGA-G4-6322-01Z-00-DX1,0,0.0005091825,0
non-tumour/TCGA-G4-6322-01Z-00-DX1_9216_2048.jpg,TCGA-G4-6322,TCGA-G4-6322-01Z-00-DX1,0,0.00027452793,0
non-tumour/TCGA-G4-6322-01Z-00-DX1_9216_20480.jpg,TCGA-G4-6322,TCGA-G4-6322-01Z-00-DX1,0,2.7768989e-05,0
non-tumour/TCGA-G4-6322-01Z-00-DX1_9216_20992.jpg,TCGA-G4-6322,TCGA-G4-6322-01Z-00-DX1,0,0.00018001959,0
non-tumour/TCGA-G4-6322-01Z-00-DX1_9216_21504.jpg,TCGA-G4-6322,TCGA-G4-6322-01Z-00-DX1,0,3.11865e-06,0
non-tumour/TCGA-G4-6322-01Z-00-DX1_9216_27648.jpg,TCGA-G4-6322,TCGA-G4-6322-01Z-00-DX1,0,0.00010803194,0
non-tumour/TCGA-G4-6322-01Z-00-DX1_9216_3072.jpg,TCGA-G4-6322,TCGA-G4-6322-01Z-00-DX1,0,0.00018128286,0
non-tumour/TCGA-G4-6322-01Z-00-DX1_9216_3584.jpg,TCGA-G4-6322,TCGA-G4-6322-01Z-00-DX1,0,0.0059120944,0
non-tumour/TCGA-G4-6322-01Z-00-DX1_9216_4096.jpg,TCGA-G4-6322,TCGA-G4-6322-01Z-00-DX1,0,0.4257389,0
non-tumour/TCGA-G4-6322-01Z-00-DX1_9216_4608.jpg,TCGA-G4-6322,TCGA-G4-6322-01Z-00-DX1,0,0.00018234192,0
non-tumour/TCGA-G4-6322-01Z-00-DX1_9216_5120.jpg,TCGA-G4-6322,TCGA-G4-6322-01Z-00-DX1,0,0.0037920717,0
non-tumour/TCGA-G4-6322-01Z-00-DX1_9216_5632.jpg,TCGA-G4-6322,TCGA-G4-6322-01Z-00-DX1,0,3.138039e-05,0
non-tumour/TCGA-G4-6322-01Z-00-DX1_9216_7680.jpg,TCGA-G4-6322,TCGA-G4-6322-01Z-00-DX1,0,0.00073485257,0
non-tumour/TCGA-G4-6322-01Z-00-DX1_9216_9728.jpg,TCGA-G4-6322,TCGA-G4-6322-01Z-00-DX1,0,0.006930124,0
non-tumour/TCGA-G4-6322-01Z-00-DX1_9728_10752.jpg,TCGA-G4-6322,TCGA-G4-6322-01Z-00-DX1,0,0.03253112,0
non-tumour/TCGA-G4-6322-01Z-00-DX1_9728_12288.jpg,TCGA-G4-6322,TCGA-G4-6322-01Z-00-DX1,0,0.0006432943,0
non-tumour/TCGA-G4-6322-01Z-00-DX1_9728_13312.jpg,TCGA-G4-6322,TCGA-G4-6322-01Z-00-DX1,0,0.0032694796,0
non-tumour/TCGA-G4-6322-01Z-00-DX1_9728_13824.jpg,TCGA-G4-6322,TCGA-G4-6322-01Z-00-DX1,0,0.25154802,0
non-tumour/TCGA-G4-6322-01Z-00-DX1_9728_15872.jpg,TCGA-G4-6322,TCGA-G4-6322-01Z-00-DX1,0,3.6652786e-05,0
non-tumour/TCGA-G4-6322-01Z-00-DX1_9728_16896.jpg,TCGA-G4-6322,TCGA-G4-6322-01Z-00-DX1,0,2.767836e-05,0
non-tumour/TCGA-G4-6322-01Z-00-DX1_9728_17920.jpg,TCGA-G4-6322,TCGA-G4-6322-01Z-00-DX1,0,6.0452217e-06,0
non-tumour/TCGA-G4-6322-01Z-00-DX1_9728_18432.jpg,TCGA-G4-6322,TCGA-G4-6322-01Z-00-DX1,0,0.017508056,0
non-tumour/TCGA-G4-6322-01Z-00-DX1_9728_18944.jpg,TCGA-G4-6322,TCGA-G4-6322-01Z-00-DX1,0,0.4497658,0
non-tumour/TCGA-G4-6322-01Z-00-DX1_9728_19456.jpg,TCGA-G4-6322,TCGA-G4-6322-01Z-00-DX1,0,0.026937561,0
non-tumour/TCGA-G4-6322-01Z-00-DX1_9728_19968.jpg,TCGA-G4-6322,TCGA-G4-6322-01Z-00-DX1,0,0.0007514825,0
non-tumour/TCGA-G4-6322-01Z-00-DX1_9728_25088.jpg,TCGA-G4-6322,TCGA-G4-6322-01Z-00-DX1,0,9.706622e-07,0
non-tumour/TCGA-G4-6322-01Z-00-DX1_9728_2560.jpg,TCGA-G4-6322,TCGA-G4-6322-01Z-00-DX1,0,0.00094965816,0
non-tumour/TCGA-G4-6322-01Z-00-DX1_9728_25600.jpg,TCGA-G4-6322,TCGA-G4-6322-01Z-00-DX1,0,0.00096474704,0
non-tumour/TCGA-G4-6322-01Z-00-DX1_9728_26112.jpg,TCGA-G4-6322,TCGA-G4-6322-01Z-00-DX1,0,0.007739496,0
non-tumour/TCGA-G4-6322-01Z-00-DX1_9728_27648.jpg,TCGA-G4-6322,TCGA-G4-6322-01Z-00-DX1,0,2.9031398e-05,0
non-tumour/TCGA-G4-6322-01Z-00-DX1_9728_3072.jpg,TCGA-G4-6322,TCGA-G4-6322-01Z-00-DX1,0,5.3938684e-06,0
non-tumour/TCGA-G4-6322-01Z-00-DX1_9728_3584.jpg,TCGA-G4-6322,TCGA-G4-6322-01Z-00-DX1,0,2.8997254e-06,0
non-tumour/TCGA-G4-6322-01Z-00-DX1_9728_5120.jpg,TCGA-G4-6322,TCGA-G4-6322-01Z-00-DX1,0,0.0002907399,0
non-tumour/TCGA-G4-6322-01Z-00-DX1_9728_6656.jpg,TCGA-G4-6322,TCGA-G4-6322-01Z-00-DX1,0,0.0029490357,0
non-tumour/TCGA-G4-6322-01Z-00-DX1_9728_7680.jpg,TCGA-G4-6322,TCGA-G4-6322-01Z-00-DX1,0,0.3642158,0
non-tumour/TCGA-G4-6322-01Z-00-DX1_9728_8704.jpg,TCGA-G4-6322,TCGA-G4-6322-01Z-00-DX1,0,0.000633975,0
non-tumour/TCGA-G4-6322-01Z-00-DX1_9728_9216.jpg,TCGA-G4-6322,TCGA-G4-6322-01Z-00-DX1,0,0.0013345483,0
non-tumour/TCGA-G4-6322-01Z-00-DX1_9728_9728.jpg,TCGA-G4-6322,TCGA-G4-6322-01Z-00-DX1,0,0.0020657827,0
non-tumour/TCGA-NH-A6GC-01Z-00-DX1_25088_5632.jpg,TCGA-NH-A6GC,TCGA-NH-A6GC-01Z-00-DX1,0,8.084435e-08,0
non-tumour/TCGA-NH-A6GC-01Z-00-DX1_25088_6144.jpg,TCGA-NH-A6GC,TCGA-NH-A6GC-01Z-00-DX1,0,0.0026243983,0
non-tumour/TCGA-NH-A6GC-01Z-00-DX1_25088_7168.jpg,TCGA-NH-A6GC,TCGA-NH-A6GC-01Z-00-DX1,0,6.43906e-08,0
non-tumour/TCGA-NH-A6GC-01Z-00-DX1_30720_17408.jpg,TCGA-NH-A6GC,TCGA-NH-A6GC-01Z-00-DX1,0,1.00748764e-07,0
non-tumour/TCGA-NH-A6GC-01Z-00-DX1_31744_16896.jpg,TCGA-NH-A6GC,TCGA-NH-A6GC-01Z-00-DX1,0,0.00011810668,0
non-tumour/TCGA-NH-A6GC-01Z-00-DX1_31744_17408.jpg,TCGA-NH-A6GC,TCGA-NH-A6GC-01Z-00-DX1,0,0.00030627666,0
non-tumour/TCGA-NH-A6GC-01Z-00-DX1_32256_17920.jpg,TCGA-NH-A6GC,TCGA-NH-A6GC-01Z-00-DX1,0,2.7479432e-06,0
tumour/TCGA-AD-6889-01Z-00-DX1_10240_21504.jpg,TCGA-AD-6889,TCGA-AD-6889-01Z-00-DX1,1,0.9999181,1
tumour/TCGA-AD-6889-01Z-00-DX1_10240_22528.jpg,TCGA-AD-6889,TCGA-AD-6889-01Z-00-DX1,1,0.9999993,1
tumour/TCGA-AD-6889-01Z-00-DX1_10240_23040.jpg,TCGA-AD-6889,TCGA-AD-6889-01Z-00-DX1,1,0.9999987,1
tumour/TCGA-AD-6889-01Z-00-DX1_10240_24064.jpg,TCGA-AD-6889,TCGA-AD-6889-01Z-00-DX1,1,0.99999785,1
tumour/TCGA-AD-6889-01Z-00-DX1_10240_24576.jpg,TCGA-AD-6889,TCGA-AD-6889-01Z-00-DX1,1,0.99966264,1
tumour/TCGA-AD-6889-01Z-00-DX1_10240_26112.jpg,TCGA-AD-6889,TCGA-AD-6889-01Z-00-DX1,1,0.9999989,1
tumour/TCGA-AD-6889-01Z-00-DX1_10240_26624.jpg,TCGA-AD-6889,TCGA-AD-6889-01Z-00-DX1,1,0.9999939,1
tumour/TCGA-AD-6889-01Z-00-DX1_10752_20992.jpg,TCGA-AD-6889,TCGA-AD-6889-01Z-00-DX1,1,0.9999937,1
tumour/TCGA-AD-6889-01Z-00-DX1_10752_21504.jpg,TCGA-AD-6889,TCGA-AD-6889-01Z-00-DX1,1,0.9999999,1
tumour/TCGA-AD-6889-01Z-00-DX1_10752_22016.jpg,TCGA-AD-6889,TCGA-AD-6889-01Z-00-DX1,1,0.9999981,1
tumour/TCGA-AD-6889-01Z-00-DX1_10752_23040.jpg,TCGA-AD-6889,TCGA-AD-6889-01Z-00-DX1,1,0.9999999,1
tumour/TCGA-AD-6889-01Z-00-DX1_10752_23552.jpg,TCGA-AD-6889,TCGA-AD-6889-01Z-00-DX1,1,0.99999964,1
tumour/TCGA-AD-6889-01Z-00-DX1_10752_24064.jpg,TCGA-AD-6889,TCGA-AD-6889-01Z-00-DX1,1,1.0,1
tumour/TCGA-AD-6889-01Z-00-DX1_10752_24576.jpg,TCGA-AD-6889,TCGA-AD-6889-01Z-00-DX1,1,0.99999845,1
tumour/TCGA-AD-6889-01Z-00-DX1_10752_25600.jpg,TCGA-AD-6889,TCGA-AD-6889-01Z-00-DX1,1,0.9999999,1
tumour/TCGA-AD-6889-01Z-00-DX1_11264_20992.jpg,TCGA-AD-6889,TCGA-AD-6889-01Z-00-DX1,1,0.9999875,1
tumour/TCGA-AD-6889-01Z-00-DX1_11264_22016.jpg,TCGA-AD-6889,TCGA-AD-6889-01Z-00-DX1,1,1.0,1
tumour/TCGA-AD-6889-01Z-00-DX1_11264_22528.jpg,TCGA-AD-6889,TCGA-AD-6889-01Z-00-DX1,1,0.9999988,1
tumour/TCGA-AD-6889-01Z-00-DX1_11264_24064.jpg,TCGA-AD-6889,TCGA-AD-6889-01Z-00-DX1,1,0.999796,1
tumour/TCGA-AD-6889-01Z-00-DX1_11264_24576.jpg,TCGA-AD-6889,TCGA-AD-6889-01Z-00-DX1,1,0.9999944,1
tumour/TCGA-AD-6889-01Z-00-DX1_11776_24576.jpg,TCGA-AD-6889,TCGA-AD-6889-01Z-00-DX1,1,0.99998903,1
tumour/TCGA-AD-6889-01Z-00-DX1_11776_25088.jpg,TCGA-AD-6889,TCGA-AD-6889-01Z-00-DX1,1,0.9999795,1
tumour/TCGA-AD-6889-01Z-00-DX1_12288_22016.jpg,TCGA-AD-6889,TCGA-AD-6889-01Z-00-DX1,1,0.9999999,1
tumour/TCGA-AD-6889-01Z-00-DX1_12288_22528.jpg,TCGA-AD-6889,TCGA-AD-6889-01Z-00-DX1,1,0.9999652,1
tumour/TCGA-AD-6889-01Z-00-DX1_12288_23552.jpg,TCGA-AD-6889,TCGA-AD-6889-01Z-00-DX1,1,1.0,1
tumour/TCGA-AD-6889-01Z-00-DX1_12288_24064.jpg,TCGA-AD-6889,TCGA-AD-6889-01Z-00-DX1,1,0.999998,1
tumour/TCGA-AD-6889-01Z-00-DX1_12288_25088.jpg,TCGA-AD-6889,TCGA-AD-6889-01Z-00-DX1,1,0.9999882,1
tumour/TCGA-AD-6889-01Z-00-DX1_12288_25600.jpg,TCGA-AD-6889,TCGA-AD-6889-01Z-00-DX1,1,0.9999188,1
tumour/TCGA-AD-6889-01Z-00-DX1_12800_23040.jpg,TCGA-AD-6889,TCGA-AD-6889-01Z-00-DX1,1,0.9999119,1
tumour/TCGA-AD-6889-01Z-00-DX1_12800_24576.jpg,TCGA-AD-6889,TCGA-AD-6889-01Z-00-DX1,1,1.0,1
tumour/TCGA-AD-6889-01Z-00-DX1_12800_25088.jpg,TCGA-AD-6889,TCGA-AD-6889-01Z-00-DX1,1,0.99941003,1
tumour/TCGA-AD-6889-01Z-00-DX1_13312_24064.jpg,TCGA-AD-6889,TCGA-AD-6889-01Z-00-DX1,1,1.0,1
tumour/TCGA-AD-6889-01Z-00-DX1_13312_24576.jpg,TCGA-AD-6889,TCGA-AD-6889-01Z-00-DX1,1,1.0,1
tumour/TCGA-AD-6889-01Z-00-DX1_13312_25088.jpg,TCGA-AD-6889,TCGA-AD-6889-01Z-00-DX1,1,0.9998977,1
tumour/TCGA-AD-6889-01Z-00-DX1_13824_24064.jpg,TCGA-AD-6889,TCGA-AD-6889-01Z-00-DX1,1,1.0,1
tumour/TCGA-AD-6889-01Z-00-DX1_13824_25600.jpg,TCGA-AD-6889,TCGA-AD-6889-01Z-00-DX1,1,0.99999976,1
tumour/TCGA-AD-6889-01Z-00-DX1_15360_3072.jpg,TCGA-AD-6889,TCGA-AD-6889-01Z-00-DX1,1,0.9999993,1
tumour/TCGA-AD-6889-01Z-00-DX1_15360_3584.jpg,TCGA-AD-6889,TCGA-AD-6889-01Z-00-DX1,1,0.99999976,1
tumour/TCGA-AD-6889-01Z-00-DX1_15360_4096.jpg,TCGA-AD-6889,TCGA-AD-6889-01Z-00-DX1,1,1.0,1
tumour/TCGA-AD-6889-01Z-00-DX1_15872_3072.jpg,TCGA-AD-6889,TCGA-AD-6889-01Z-00-DX1,1,0.9993886,1
tumour/TCGA-AD-6889-01Z-00-DX1_15872_3584.jpg,TCGA-AD-6889,TCGA-AD-6889-01Z-00-DX1,1,1.0,1
tumour/TCGA-AD-6889-01Z-00-DX1_15872_4096.jpg,TCGA-AD-6889,TCGA-AD-6889-01Z-00-DX1,1,0.9999987,1
tumour/TCGA-AD-6889-01Z-00-DX1_15872_4608.jpg,TCGA-AD-6889,TCGA-AD-6889-01Z-00-DX1,1,0.99997425,1
tumour/TCGA-AD-6889-01Z-00-DX1_15872_5632.jpg,TCGA-AD-6889,TCGA-AD-6889-01Z-00-DX1,1,0.99998546,1
tumour/TCGA-AD-6889-01Z-00-DX1_15872_6656.jpg,TCGA-AD-6889,TCGA-AD-6889-01Z-00-DX1,1,0.99995446,1
tumour/TCGA-AD-6889-01Z-00-DX1_16384_3072.jpg,TCGA-AD-6889,TCGA-AD-6889-01Z-00-DX1,1,0.999998,1
tumour/TCGA-AD-6889-01Z-00-DX1_16384_3584.jpg,TCGA-AD-6889,TCGA-AD-6889-01Z-00-DX1,1,1.0,1
tumour/TCGA-AD-6889-01Z-00-DX1_16384_4096.jpg,TCGA-AD-6889,TCGA-AD-6889-01Z-00-DX1,1,0.9999815,1
tumour/TCGA-AD-6889-01Z-00-DX1_16384_4608.jpg,TCGA-AD-6889,TCGA-AD-6889-01Z-00-DX1,1,0.9999889,1
tumour/TCGA-AD-6889-01Z-00-DX1_16384_5120.jpg,TCGA-AD-6889,TCGA-AD-6889-01Z-00-DX1,1,1.0,1
tumour/TCGA-AD-6889-01Z-00-DX1_16384_6656.jpg,TCGA-AD-6889,TCGA-AD-6889-01Z-00-DX1,1,0.9999987,1
tumour/TCGA-AD-6889-01Z-00-DX1_16384_7168.jpg,TCGA-AD-6889,TCGA-AD-6889-01Z-00-DX1,1,1.0,1
tumour/TCGA-AD-6889-01Z-00-DX1_16896_12800.jpg,TCGA-AD-6889,TCGA-AD-6889-01Z-00-DX1,1,0.9999802,1
tumour/TCGA-AD-6889-01Z-00-DX1_16896_13824.jpg,TCGA-AD-6889,TCGA-AD-6889-01Z-00-DX1,1,0.9999994,1
tumour/TCGA-AD-6889-01Z-00-DX1_16896_14336.jpg,TCGA-AD-6889,TCGA-AD-6889-01Z-00-DX1,1,0.99990654,1
tumour/TCGA-AD-6889-01Z-00-DX1_16896_3072.jpg,TCGA-AD-6889,TCGA-AD-6889-01Z-00-DX1,1,0.99848276,1
tumour/TCGA-AD-6889-01Z-00-DX1_16896_5120.jpg,TCGA-AD-6889,TCGA-AD-6889-01Z-00-DX1,1,0.99999964,1
tumour/TCGA-AD-6889-01Z-00-DX1_17408_13312.jpg,TCGA-AD-6889,TCGA-AD-6889-01Z-00-DX1,1,1.0,1
tumour/TCGA-AD-6889-01Z-00-DX1_17408_13824.jpg,TCGA-AD-6889,TCGA-AD-6889-01Z-00-DX1,1,0.99999964,1
tumour/TCGA-AD-6889-01Z-00-DX1_17408_14848.jpg,TCGA-AD-6889,TCGA-AD-6889-01Z-00-DX1,1,0.9999999,1
tumour/TCGA-AD-6889-01Z-00-DX1_17408_15360.jpg,TCGA-AD-6889,TCGA-AD-6889-01Z-00-DX1,1,0.9999999,1
tumour/TCGA-AD-6889-01Z-00-DX1_17408_15872.jpg,TCGA-AD-6889,TCGA-AD-6889-01Z-00-DX1,1,1.0,1
tumour/TCGA-AD-6889-01Z-00-DX1_17408_3072.jpg,TCGA-AD-6889,TCGA-AD-6889-01Z-00-DX1,1,0.999959,1
tumour/TCGA-AD-6889-01Z-00-DX1_17408_4096.jpg,TCGA-AD-6889,TCGA-AD-6889-01Z-00-DX1,1,0.99996984,1
tumour/TCGA-AD-6889-01Z-00-DX1_17408_4608.jpg,TCGA-AD-6889,TCGA-AD-6889-01Z-00-DX1,1,0.99997187,1
tumour/TCGA-AD-6889-01Z-00-DX1_17408_5632.jpg,TCGA-AD-6889,TCGA-AD-6889-01Z-00-DX1,1,0.9999964,1
tumour/TCGA-AD-6889-01Z-00-DX1_17408_6656.jpg,TCGA-AD-6889,TCGA-AD-6889-01Z-00-DX1,1,0.9999995,1
tumour/TCGA-AD-6889-01Z-00-DX1_17920_11264.jpg,TCGA-AD-6889,TCGA-AD-6889-01Z-00-DX1,1,0.99999905,1
tumour/TCGA-AD-6889-01Z-00-DX1_17920_11776.jpg,TCGA-AD-6889,TCGA-AD-6889-01Z-00-DX1,1,1.0,1
tumour/TCGA-AD-6889-01Z-00-DX1_17920_12800.jpg,TCGA-AD-6889,TCGA-AD-6889-01Z-00-DX1,1,0.99999654,1
tumour/TCGA-AD-6889-01Z-00-DX1_17920_17408.jpg,TCGA-AD-6889,TCGA-AD-6889-01Z-00-DX1,1,0.9999975,1
tumour/TCGA-AD-6889-01Z-00-DX1_17920_17920.jpg,TCGA-AD-6889,TCGA-AD-6889-01Z-00-DX1,1,0.9998209,1
tumour/TCGA-AD-6889-01Z-00-DX1_17920_3584.jpg,TCGA-AD-6889,TCGA-AD-6889-01Z-00-DX1,1,0.9984402,1
tumour/TCGA-AD-6889-01Z-00-DX1_17920_4096.jpg,TCGA-AD-6889,TCGA-AD-6889-01Z-00-DX1,1,0.9999869,1
tumour/TCGA-AD-6889-01Z-00-DX1_17920_4608.jpg,TCGA-AD-6889,TCGA-AD-6889-01Z-00-DX1,1,0.9999875,1
tumour/TCGA-AD-6889-01Z-00-DX1_17920_5120.jpg,TCGA-AD-6889,TCGA-AD-6889-01Z-00-DX1,1,0.99999976,1
tumour/TCGA-AD-6889-01Z-00-DX1_17920_5632.jpg,TCGA-AD-6889,TCGA-AD-6889-01Z-00-DX1,1,0.99813974,1
tumour/TCGA-AD-6889-01Z-00-DX1_17920_6144.jpg,TCGA-AD-6889,TCGA-AD-6889-01Z-00-DX1,1,0.9997172,1
tumour/TCGA-AD-6889-01Z-00-DX1_17920_6656.jpg,TCGA-AD-6889,TCGA-AD-6889-01Z-00-DX1,1,1.0,1
tumour/TCGA-AD-6889-01Z-00-DX1_18432_11264.jpg,TCGA-AD-6889,TCGA-AD-6889-01Z-00-DX1,1,0.9999831,1
tumour/TCGA-AD-6889-01Z-00-DX1_18432_12800.jpg,TCGA-AD-6889,TCGA-AD-6889-01Z-00-DX1,1,0.99998784,1
tumour/TCGA-AD-6889-01Z-00-DX1_18432_14336.jpg,TCGA-AD-6889,TCGA-AD-6889-01Z-00-DX1,1,0.99999964,1
tumour/TCGA-AD-6889-01Z-00-DX1_18432_15872.jpg,TCGA-AD-6889,TCGA-AD-6889-01Z-00-DX1,1,0.99461406,1
tumour/TCGA-AD-6889-01Z-00-DX1_18432_16896.jpg,TCGA-AD-6889,TCGA-AD-6889-01Z-00-DX1,1,0.99992645,1
tumour/TCGA-AD-6889-01Z-00-DX1_18432_17408.jpg,TCGA-AD-6889,TCGA-AD-6889-01Z-00-DX1,1,0.99995744,1
tumour/TCGA-AD-6889-01Z-00-DX1_18432_5632.jpg,TCGA-AD-6889,TCGA-AD-6889-01Z-00-DX1,1,0.99996567,1
tumour/TCGA-AD-6889-01Z-00-DX1_18432_6144.jpg,TCGA-AD-6889,TCGA-AD-6889-01Z-00-DX1,1,0.9999999,1
tumour/TCGA-AD-6889-01Z-00-DX1_18944_11264.jpg,TCGA-AD-6889,TCGA-AD-6889-01Z-00-DX1,1,0.99996126,1
tumour/TCGA-AD-6889-01Z-00-DX1_18944_11776.jpg,TCGA-AD-6889,TCGA-AD-6889-01Z-00-DX1,1,0.99995947,1
tumour/TCGA-AD-6889-01Z-00-DX1_18944_13824.jpg,TCGA-AD-6889,TCGA-AD-6889-01Z-00-DX1,1,0.9999994,1
tumour/TCGA-AD-6889-01Z-00-DX1_18944_14336.jpg,TCGA-AD-6889,TCGA-AD-6889-01Z-00-DX1,1,0.9999969,1
tumour/TCGA-AD-6889-01Z-00-DX1_18944_14848.jpg,TCGA-AD-6889,TCGA-AD-6889-01Z-00-DX1,1,0.99908924,1
tumour/TCGA-AD-6889-01Z-00-DX1_18944_15360.jpg,TCGA-AD-6889,TCGA-AD-6889-01Z-00-DX1,1,0.99999976,1
tumour/TCGA-AD-6889-01Z-00-DX1_18944_4096.jpg,TCGA-AD-6889,TCGA-AD-6889-01Z-00-DX1,1,0.9998938,1
tumour/TCGA-AD-6889-01Z-00-DX1_18944_4608.jpg,TCGA-AD-6889,TCGA-AD-6889-01Z-00-DX1,1,1.0,1
tumour/TCGA-AD-6889-01Z-00-DX1_18944_7680.jpg,TCGA-AD-6889,TCGA-AD-6889-01Z-00-DX1,1,0.9999989,1
tumour/TCGA-AD-6889-01Z-00-DX1_18944_8192.jpg,TCGA-AD-6889,TCGA-AD-6889-01Z-00-DX1,1,1.0,1
tumour/TCGA-AD-6889-01Z-00-DX1_19456_13824.jpg,TCGA-AD-6889,TCGA-AD-6889-01Z-00-DX1,1,0.9999956,1
tumour/TCGA-AD-6889-01Z-00-DX1_19456_14336.jpg,TCGA-AD-6889,TCGA-AD-6889-01Z-00-DX1,1,0.99992216,1
tumour/TCGA-AD-6889-01Z-00-DX1_19456_14848.jpg,TCGA-AD-6889,TCGA-AD-6889-01Z-00-DX1,1,1.0,1
tumour/TCGA-AD-6889-01Z-00-DX1_19456_15360.jpg,TCGA-AD-6889,TCGA-AD-6889-01Z-00-DX1,1,0.9999889,1
tumour/TCGA-AD-6889-01Z-00-DX1_19456_15872.jpg,TCGA-AD-6889,TCGA-AD-6889-01Z-00-DX1,1,1.0,1
tumour/TCGA-AD-6889-01Z-00-DX1_19456_17408.jpg,TCGA-AD-6889,TCGA-AD-6889-01Z-00-DX1,1,0.999795,1
tumour/TCGA-AD-6889-01Z-00-DX1_19456_5632.jpg,TCGA-AD-6889,TCGA-AD-6889-01Z-00-DX1,1,0.99998283,1
tumour/TCGA-AD-6889-01Z-00-DX1_19456_6144.jpg,TCGA-AD-6889,TCGA-AD-6889-01Z-00-DX1,1,0.9999889,1
tumour/TCGA-AD-6889-01Z-00-DX1_19456_6656.jpg,TCGA-AD-6889,TCGA-AD-6889-01Z-00-DX1,1,0.9999999,1
tumour/TCGA-AD-6889-01Z-00-DX1_19456_7168.jpg,TCGA-AD-6889,TCGA-AD-6889-01Z-00-DX1,1,1.0,1
tumour/TCGA-AD-6889-01Z-00-DX1_19456_7680.jpg,TCGA-AD-6889,TCGA-AD-6889-01Z-00-DX1,1,0.9999999,1
tumour/TCGA-AD-6889-01Z-00-DX1_19456_8704.jpg,TCGA-AD-6889,TCGA-AD-6889-01Z-00-DX1,1,0.99999964,1
tumour/TCGA-AD-6889-01Z-00-DX1_19968_13824.jpg,TCGA-AD-6889,TCGA-AD-6889-01Z-00-DX1,1,0.99976546,1
tumour/TCGA-AD-6889-01Z-00-DX1_19968_14848.jpg,TCGA-AD-6889,TCGA-AD-6889-01Z-00-DX1,1,1.0,1
tumour/TCGA-AD-6889-01Z-00-DX1_19968_15872.jpg,TCGA-AD-6889,TCGA-AD-6889-01Z-00-DX1,1,0.99998534,1
tumour/TCGA-AD-6889-01Z-00-DX1_19968_16896.jpg,TCGA-AD-6889,TCGA-AD-6889-01Z-00-DX1,1,1.0,1
tumour/TCGA-AD-6889-01Z-00-DX1_19968_6144.jpg,TCGA-AD-6889,TCGA-AD-6889-01Z-00-DX1,1,1.0,1
tumour/TCGA-AD-6889-01Z-00-DX1_19968_7680.jpg,TCGA-AD-6889,TCGA-AD-6889-01Z-00-DX1,1,1.0,1
tumour/TCGA-AD-6889-01Z-00-DX1_19968_8704.jpg,TCGA-AD-6889,TCGA-AD-6889-01Z-00-DX1,1,0.9999999,1
tumour/TCGA-AD-6889-01Z-00-DX1_20480_16384.jpg,TCGA-AD-6889,TCGA-AD-6889-01Z-00-DX1,1,1.0,1
tumour/TCGA-AD-6889-01Z-00-DX1_20480_6144.jpg,TCGA-AD-6889,TCGA-AD-6889-01Z-00-DX1,1,0.9999598,1
tumour/TCGA-AD-6889-01Z-00-DX1_20480_8192.jpg,TCGA-AD-6889,TCGA-AD-6889-01Z-00-DX1,1,0.99999714,1
tumour/TCGA-AD-6889-01Z-00-DX1_20992_5632.jpg,TCGA-AD-6889,TCGA-AD-6889-01Z-00-DX1,1,0.9999976,1
tumour/TCGA-AD-6889-01Z-00-DX1_20992_6144.jpg,TCGA-AD-6889,TCGA-AD-6889-01Z-00-DX1,1,0.99999774,1
tumour/TCGA-AD-6889-01Z-00-DX1_20992_7168.jpg,TCGA-AD-6889,TCGA-AD-6889-01Z-00-DX1,1,0.9999672,1
tumour/TCGA-AD-6889-01Z-00-DX1_20992_7680.jpg,TCGA-AD-6889,TCGA-AD-6889-01Z-00-DX1,1,0.9999989,1
tumour/TCGA-AD-6889-01Z-00-DX1_21504_7168.jpg,TCGA-AD-6889,TCGA-AD-6889-01Z-00-DX1,1,0.9999294,1
tumour/TCGA-AD-6889-01Z-00-DX1_8192_21504.jpg,TCGA-AD-6889,TCGA-AD-6889-01Z-00-DX1,1,0.9999949,1
tumour/TCGA-AD-6889-01Z-00-DX1_8704_22016.jpg,TCGA-AD-6889,TCGA-AD-6889-01Z-00-DX1,1,0.9999671,1
tumour/TCGA-AD-6889-01Z-00-DX1_8704_23040.jpg,TCGA-AD-6889,TCGA-AD-6889-01Z-00-DX1,1,0.999851,1
tumour/TCGA-AD-6889-01Z-00-DX1_9216_20992.jpg,TCGA-AD-6889,TCGA-AD-6889-01Z-00-DX1,1,0.99999225,1
tumour/TCGA-AD-6889-01Z-00-DX1_9216_22016.jpg,TCGA-AD-6889,TCGA-AD-6889-01Z-00-DX1,1,1.0,1
tumour/TCGA-AD-6889-01Z-00-DX1_9216_22528.jpg,TCGA-AD-6889,TCGA-AD-6889-01Z-00-DX1,1,0.9998795,1
tumour/TCGA-AD-6889-01Z-00-DX1_9216_23552.jpg,TCGA-AD-6889,TCGA-AD-6889-01Z-00-DX1,1,0.9999999,1
tumour/TCGA-AD-6889-01Z-00-DX1_9728_22016.jpg,TCGA-AD-6889,TCGA-AD-6889-01Z-00-DX1,1,0.9999994,1
tumour/TCGA-AD-6889-01Z-00-DX1_9728_22528.jpg,TCGA-AD-6889,TCGA-AD-6889-01Z-00-DX1,1,0.99999964,1
tumour/TCGA-AD-6889-01Z-00-DX1_9728_25088.jpg,TCGA-AD-6889,TCGA-AD-6889-01Z-00-DX1,1,0.99999774,1
tumour/TCGA-AD-6889-01Z-00-DX1_9728_26112.jpg,TCGA-AD-6889,TCGA-AD-6889-01Z-00-DX1,1,0.99999964,1
tumour/TCGA-AY-A54L-01Z-00-DX1_44032_13312.jpg,TCGA-AY-A54L,TCGA-AY-A54L-01Z-00-DX1,1,1.0,1
tumour/TCGA-AY-A54L-01Z-00-DX1_44032_13824.jpg,TCGA-AY-A54L,TCGA-AY-A54L-01Z-00-DX1,1,0.9999999,1
tumour/TCGA-AY-A54L-01Z-00-DX1_44032_16384.jpg,TCGA-AY-A54L,TCGA-AY-A54L-01Z-00-DX1,1,1.0,1
tumour/TCGA-AY-A54L-01Z-00-DX1_44544_12800.jpg,TCGA-AY-A54L,TCGA-AY-A54L-01Z-00-DX1,1,1.0,1
tumour/TCGA-AY-A54L-01Z-00-DX1_44544_13312.jpg,TCGA-AY-A54L,TCGA-AY-A54L-01Z-00-DX1,1,0.9999974,1
tumour/TCGA-AY-A54L-01Z-00-DX1_44544_13824.jpg,TCGA-AY-A54L,TCGA-AY-A54L-01Z-00-DX1,1,1.0,1
tumour/TCGA-AY-A54L-01Z-00-DX1_44544_16384.jpg,TCGA-AY-A54L,TCGA-AY-A54L-01Z-00-DX1,1,1.0,1
tumour/TCGA-AY-A54L-01Z-00-DX1_45056_11776.jpg,TCGA-AY-A54L,TCGA-AY-A54L-01Z-00-DX1,1,1.0,1
tumour/TCGA-AY-A54L-01Z-00-DX1_45056_12800.jpg,TCGA-AY-A54L,TCGA-AY-A54L-01Z-00-DX1,1,0.99999917,1
tumour/TCGA-AY-A54L-01Z-00-DX1_45056_15360.jpg,TCGA-AY-A54L,TCGA-AY-A54L-01Z-00-DX1,1,1.0,1
tumour/TCGA-AY-A54L-01Z-00-DX1_45568_11776.jpg,TCGA-AY-A54L,TCGA-AY-A54L-01Z-00-DX1,1,1.0,1
tumour/TCGA-AY-A54L-01Z-00-DX1_45568_12288.jpg,TCGA-AY-A54L,TCGA-AY-A54L-01Z-00-DX1,1,0.9999999,1
tumour/TCGA-AY-A54L-01Z-00-DX1_45568_12800.jpg,TCGA-AY-A54L,TCGA-AY-A54L-01Z-00-DX1,1,1.0,1
tumour/TCGA-AY-A54L-01Z-00-DX1_45568_15360.jpg,TCGA-AY-A54L,TCGA-AY-A54L-01Z-00-DX1,1,1.0,1
tumour/TCGA-AY-A54L-01Z-00-DX1_46080_14848.jpg,TCGA-AY-A54L,TCGA-AY-A54L-01Z-00-DX1,1,1.0,1
tumour/TCGA-AY-A54L-01Z-00-DX1_46080_15360.jpg,TCGA-AY-A54L,TCGA-AY-A54L-01Z-00-DX1,1,1.0,1
tumour/TCGA-AY-A54L-01Z-00-DX1_46080_15872.jpg,TCGA-AY-A54L,TCGA-AY-A54L-01Z-00-DX1,1,1.0,1
tumour/TCGA-AY-A54L-01Z-00-DX1_46080_6144.jpg,TCGA-AY-A54L,TCGA-AY-A54L-01Z-00-DX1,1,0.9999989,1
tumour/TCGA-AY-A54L-01Z-00-DX1_46080_6656.jpg,TCGA-AY-A54L,TCGA-AY-A54L-01Z-00-DX1,1,1.0,1
tumour/TCGA-AY-A54L-01Z-00-DX1_46592_11776.jpg,TCGA-AY-A54L,TCGA-AY-A54L-01Z-00-DX1,1,1.0,1
tumour/TCGA-AY-A54L-01Z-00-DX1_46592_13824.jpg,TCGA-AY-A54L,TCGA-AY-A54L-01Z-00-DX1,1,0.9999999,1
tumour/TCGA-AY-A54L-01Z-00-DX1_46592_14336.jpg,TCGA-AY-A54L,TCGA-AY-A54L-01Z-00-DX1,1,1.0,1
tumour/TCGA-AY-A54L-01Z-00-DX1_46592_15360.jpg,TCGA-AY-A54L,TCGA-AY-A54L-01Z-00-DX1,1,0.99999845,1
tumour/TCGA-AY-A54L-01Z-00-DX1_46592_15872.jpg,TCGA-AY-A54L,TCGA-AY-A54L-01Z-00-DX1,1,1.0,1
tumour/TCGA-AY-A54L-01Z-00-DX1_46592_16384.jpg,TCGA-AY-A54L,TCGA-AY-A54L-01Z-00-DX1,1,1.0,1
tumour/TCGA-AY-A54L-01Z-00-DX1_46592_6656.jpg,TCGA-AY-A54L,TCGA-AY-A54L-01Z-00-DX1,1,1.0,1
tumour/TCGA-AY-A54L-01Z-00-DX1_47104_11776.jpg,TCGA-AY-A54L,TCGA-AY-A54L-01Z-00-DX1,1,0.99999964,1
tumour/TCGA-AY-A54L-01Z-00-DX1_47104_12288.jpg,TCGA-AY-A54L,TCGA-AY-A54L-01Z-00-DX1,1,1.0,1
tumour/TCGA-AY-A54L-01Z-00-DX1_47104_14336.jpg,TCGA-AY-A54L,TCGA-AY-A54L-01Z-00-DX1,1,1.0,1
tumour/TCGA-AY-A54L-01Z-00-DX1_47104_14848.jpg,TCGA-AY-A54L,TCGA-AY-A54L-01Z-00-DX1,1,1.0,1
tumour/TCGA-AY-A54L-01Z-00-DX1_47104_15872.jpg,TCGA-AY-A54L,TCGA-AY-A54L-01Z-00-DX1,1,0.0036948693,0
tumour/TCGA-AY-A54L-01Z-00-DX1_47104_7168.jpg,TCGA-AY-A54L,TCGA-AY-A54L-01Z-00-DX1,1,1.0,1
tumour/TCGA-AY-A54L-01Z-00-DX1_47616_13824.jpg,TCGA-AY-A54L,TCGA-AY-A54L-01Z-00-DX1,1,1.0,1
tumour/TCGA-AY-A54L-01Z-00-DX1_47616_16384.jpg,TCGA-AY-A54L,TCGA-AY-A54L-01Z-00-DX1,1,0.08497893,0
tumour/TCGA-AY-A54L-01Z-00-DX1_47616_16896.jpg,TCGA-AY-A54L,TCGA-AY-A54L-01Z-00-DX1,1,1.0,1
tumour/TCGA-AY-A54L-01Z-00-DX1_47616_7168.jpg,TCGA-AY-A54L,TCGA-AY-A54L-01Z-00-DX1,1,1.0,1
tumour/TCGA-AY-A54L-01Z-00-DX1_47616_8192.jpg,TCGA-AY-A54L,TCGA-AY-A54L-01Z-00-DX1,1,0.9999552,1
tumour/TCGA-AY-A54L-01Z-00-DX1_47616_8704.jpg,TCGA-AY-A54L,TCGA-AY-A54L-01Z-00-DX1,1,0.9999999,1
tumour/TCGA-AY-A54L-01Z-00-DX1_48128_14336.jpg,TCGA-AY-A54L,TCGA-AY-A54L-01Z-00-DX1,1,0.9999999,1
tumour/TCGA-AY-A54L-01Z-00-DX1_48128_15872.jpg,TCGA-AY-A54L,TCGA-AY-A54L-01Z-00-DX1,1,0.99803406,1
tumour/TCGA-AY-A54L-01Z-00-DX1_48640_15872.jpg,TCGA-AY-A54L,TCGA-AY-A54L-01Z-00-DX1,1,0.99999726,1
tumour/TCGA-AY-A54L-01Z-00-DX1_48640_16384.jpg,TCGA-AY-A54L,TCGA-AY-A54L-01Z-00-DX1,1,1.0,1
tumour/TCGA-AY-A54L-01Z-00-DX1_50176_20480.jpg,TCGA-AY-A54L,TCGA-AY-A54L-01Z-00-DX1,1,0.9999993,1
tumour/TCGA-AY-A54L-01Z-00-DX1_50176_23552.jpg,TCGA-AY-A54L,TCGA-AY-A54L-01Z-00-DX1,1,1.0,1
tumour/TCGA-AY-A54L-01Z-00-DX1_50688_23552.jpg,TCGA-AY-A54L,TCGA-AY-A54L-01Z-00-DX1,1,0.9999999,1
tumour/TCGA-AY-A54L-01Z-00-DX1_51200_22016.jpg,TCGA-AY-A54L,TCGA-AY-A54L-01Z-00-DX1,1,1.0,1
tumour/TCGA-AY-A54L-01Z-00-DX1_51200_22528.jpg,TCGA-AY-A54L,TCGA-AY-A54L-01Z-00-DX1,1,0.99999416,1
tumour/TCGA-AY-A54L-01Z-00-DX1_51200_23040.jpg,TCGA-AY-A54L,TCGA-AY-A54L-01Z-00-DX1,1,0.9999999,1
tumour/TCGA-AY-A54L-01Z-00-DX1_51712_19456.jpg,TCGA-AY-A54L,TCGA-AY-A54L-01Z-00-DX1,1,1.0,1
tumour/TCGA-AY-A54L-01Z-00-DX1_51712_22528.jpg,TCGA-AY-A54L,TCGA-AY-A54L-01Z-00-DX1,1,1.0,1
tumour/TCGA-AY-A54L-01Z-00-DX1_51712_23040.jpg,TCGA-AY-A54L,TCGA-AY-A54L-01Z-00-DX1,1,0.99999976,1
tumour/TCGA-AY-A54L-01Z-00-DX1_52224_20480.jpg,TCGA-AY-A54L,TCGA-AY-A54L-01Z-00-DX1,1,1.0,1
tumour/TCGA-AY-A54L-01Z-00-DX1_52224_21504.jpg,TCGA-AY-A54L,TCGA-AY-A54L-01Z-00-DX1,1,0.99999964,1
tumour/TCGA-AY-A54L-01Z-00-DX1_52224_22016.jpg,TCGA-AY-A54L,TCGA-AY-A54L-01Z-00-DX1,1,1.0,1
tumour/TCGA-AY-A54L-01Z-00-DX1_52224_22528.jpg,TCGA-AY-A54L,TCGA-AY-A54L-01Z-00-DX1,1,0.99999917,1
tumour/TCGA-AY-A54L-01Z-00-DX1_52224_23552.jpg,TCGA-AY-A54L,TCGA-AY-A54L-01Z-00-DX1,1,0.999998,1
tumour/TCGA-AY-A54L-01Z-00-DX1_52224_24064.jpg,TCGA-AY-A54L,TCGA-AY-A54L-01Z-00-DX1,1,0.99999547,1
tumour/TCGA-AY-A54L-01Z-00-DX1_52224_9216.jpg,TCGA-AY-A54L,TCGA-AY-A54L-01Z-00-DX1,1,0.99999774,1
tumour/TCGA-AY-A54L-01Z-00-DX1_52736_19968.jpg,TCGA-AY-A54L,TCGA-AY-A54L-01Z-00-DX1,1,0.99999976,1
tumour/TCGA-AY-A54L-01Z-00-DX1_52736_20992.jpg,TCGA-AY-A54L,TCGA-AY-A54L-01Z-00-DX1,1,1.0,1
tumour/TCGA-AY-A54L-01Z-00-DX1_52736_22016.jpg,TCGA-AY-A54L,TCGA-AY-A54L-01Z-00-DX1,1,1.0,1
tumour/TCGA-AY-A54L-01Z-00-DX1_52736_23040.jpg,TCGA-AY-A54L,TCGA-AY-A54L-01Z-00-DX1,1,0.9999993,1
tumour/TCGA-AY-A54L-01Z-00-DX1_52736_8704.jpg,TCGA-AY-A54L,TCGA-AY-A54L-01Z-00-DX1,1,1.0,1
tumour/TCGA-AY-A54L-01Z-00-DX1_52736_9728.jpg,TCGA-AY-A54L,TCGA-AY-A54L-01Z-00-DX1,1,1.0,1
tumour/TCGA-AY-A54L-01Z-00-DX1_53248_23040.jpg,TCGA-AY-A54L,TCGA-AY-A54L-01Z-00-DX1,1,1.0,1
tumour/TCGA-AY-A54L-01Z-00-DX1_53248_23552.jpg,TCGA-AY-A54L,TCGA-AY-A54L-01Z-00-DX1,1,0.9999989,1
tumour/TCGA-AY-A54L-01Z-00-DX1_53248_9728.jpg,TCGA-AY-A54L,TCGA-AY-A54L-01Z-00-DX1,1,1.0,1
tumour/TCGA-AY-A54L-01Z-00-DX1_53760_20992.jpg,TCGA-AY-A54L,TCGA-AY-A54L-01Z-00-DX1,1,0.99995816,1
tumour/TCGA-AY-A54L-01Z-00-DX1_53760_24064.jpg,TCGA-AY-A54L,TCGA-AY-A54L-01Z-00-DX1,1,0.99999964,1
tumour/TCGA-AY-A54L-01Z-00-DX1_53760_9728.jpg,TCGA-AY-A54L,TCGA-AY-A54L-01Z-00-DX1,1,1.0,1
tumour/TCGA-AY-A54L-01Z-00-DX1_54272_19968.jpg,TCGA-AY-A54L,TCGA-AY-A54L-01Z-00-DX1,1,0.9999999,1
tumour/TCGA-AY-A54L-01Z-00-DX1_54272_20480.jpg,TCGA-AY-A54L,TCGA-AY-A54L-01Z-00-DX1,1,0.9999995,1
tumour/TCGA-AY-A54L-01Z-00-DX1_54272_20992.jpg,TCGA-AY-A54L,TCGA-AY-A54L-01Z-00-DX1,1,1.0,1
tumour/TCGA-AY-A54L-01Z-00-DX1_54272_21504.jpg,TCGA-AY-A54L,TCGA-AY-A54L-01Z-00-DX1,1,0.9999989,1
tumour/TCGA-AY-A54L-01Z-00-DX1_54272_22016.jpg,TCGA-AY-A54L,TCGA-AY-A54L-01Z-00-DX1,1,0.99999976,1
tumour/TCGA-AY-A54L-01Z-00-DX1_54272_22528.jpg,TCGA-AY-A54L,TCGA-AY-A54L-01Z-00-DX1,1,1.0,1
tumour/TCGA-AY-A54L-01Z-00-DX1_54272_8192.jpg,TCGA-AY-A54L,TCGA-AY-A54L-01Z-00-DX1,1,1.0,1
tumour/TCGA-AY-A54L-01Z-00-DX1_54272_9728.jpg,TCGA-AY-A54L,TCGA-AY-A54L-01Z-00-DX1,1,0.99999607,1
tumour/TCGA-AY-A54L-01Z-00-DX1_54784_20480.jpg,TCGA-AY-A54L,TCGA-AY-A54L-01Z-00-DX1,1,0.9999999,1
tumour/TCGA-AY-A54L-01Z-00-DX1_54784_20992.jpg,TCGA-AY-A54L,TCGA-AY-A54L-01Z-00-DX1,1,1.0,1
tumour/TCGA-AY-A54L-01Z-00-DX1_54784_21504.jpg,TCGA-AY-A54L,TCGA-AY-A54L-01Z-00-DX1,1,0.99999976,1
tumour/TCGA-AY-A54L-01Z-00-DX1_54784_22016.jpg,TCGA-AY-A54L,TCGA-AY-A54L-01Z-00-DX1,1,0.99999964,1
tumour/TCGA-AY-A54L-01Z-00-DX1_54784_22528.jpg,TCGA-AY-A54L,TCGA-AY-A54L-01Z-00-DX1,1,1.0,1
tumour/TCGA-AY-A54L-01Z-00-DX1_54784_23040.jpg,TCGA-AY-A54L,TCGA-AY-A54L-01Z-00-DX1,1,0.9999999,1
tumour/TCGA-AY-A54L-01Z-00-DX1_54784_7168.jpg,TCGA-AY-A54L,TCGA-AY-A54L-01Z-00-DX1,1,0.9999976,1
tumour/TCGA-AY-A54L-01Z-00-DX1_54784_8192.jpg,TCGA-AY-A54L,TCGA-AY-A54L-01Z-00-DX1,1,0.9999995,1
tumour/TCGA-AY-A54L-01Z-00-DX1_54784_8704.jpg,TCGA-AY-A54L,TCGA-AY-A54L-01Z-00-DX1,1,1.0,1
tumour/TCGA-AY-A54L-01Z-00-DX1_55296_20992.jpg,TCGA-AY-A54L,TCGA-AY-A54L-01Z-00-DX1,1,1.0,1
tumour/TCGA-AY-A54L-01Z-00-DX1_55296_22016.jpg,TCGA-AY-A54L,TCGA-AY-A54L-01Z-00-DX1,1,0.99999845,1
tumour/TCGA-AY-A54L-01Z-00-DX1_55296_23552.jpg,TCGA-AY-A54L,TCGA-AY-A54L-01Z-00-DX1,1,0.9999752,1
tumour/TCGA-AY-A54L-01Z-00-DX1_55296_8192.jpg,TCGA-AY-A54L,TCGA-AY-A54L-01Z-00-DX1,1,0.99999976,1
tumour/TCGA-AY-A54L-01Z-00-DX1_55296_9216.jpg,TCGA-AY-A54L,TCGA-AY-A54L-01Z-00-DX1,1,1.0,1
tumour/TCGA-AY-A54L-01Z-00-DX1_55808_8704.jpg,TCGA-AY-A54L,TCGA-AY-A54L-01Z-00-DX1,1,1.0,1
tumour/TCGA-AY-A54L-01Z-00-DX1_57856_21504.jpg,TCGA-AY-A54L,TCGA-AY-A54L-01Z-00-DX1,1,0.9999999,1
tumour/TCGA-AY-A54L-01Z-00-DX1_57856_22528.jpg,TCGA-AY-A54L,TCGA-AY-A54L-01Z-00-DX1,1,0.99999964,1
tumour/TCGA-AY-A54L-01Z-00-DX1_58368_20992.jpg,TCGA-AY-A54L,TCGA-AY-A54L-01Z-00-DX1,1,1.0,1
tumour/TCGA-AY-A54L-01Z-00-DX1_58368_21504.jpg,TCGA-AY-A54L,TCGA-AY-A54L-01Z-00-DX1,1,1.0,1
tumour/TCGA-AY-A54L-01Z-00-DX1_58368_22528.jpg,TCGA-AY-A54L,TCGA-AY-A54L-01Z-00-DX1,1,0.99999654,1
tumour/TCGA-AY-A54L-01Z-00-DX1_58880_16384.jpg,TCGA-AY-A54L,TCGA-AY-A54L-01Z-00-DX1,1,1.0,1
tumour/TCGA-AY-A54L-01Z-00-DX1_58880_21504.jpg,TCGA-AY-A54L,TCGA-AY-A54L-01Z-00-DX1,1,1.0,1
tumour/TCGA-AY-A54L-01Z-00-DX1_58880_22016.jpg,TCGA-AY-A54L,TCGA-AY-A54L-01Z-00-DX1,1,1.0,1
tumour/TCGA-AY-A54L-01Z-00-DX1_59392_17408.jpg,TCGA-AY-A54L,TCGA-AY-A54L-01Z-00-DX1,1,1.0,1
tumour/TCGA-AY-A54L-01Z-00-DX1_59392_17920.jpg,TCGA-AY-A54L,TCGA-AY-A54L-01Z-00-DX1,1,1.0,1
tumour/TCGA-AY-A54L-01Z-00-DX1_59392_22016.jpg,TCGA-AY-A54L,TCGA-AY-A54L-01Z-00-DX1,1,1.0,1
tumour/TCGA-AY-A54L-01Z-00-DX1_59904_18432.jpg,TCGA-AY-A54L,TCGA-AY-A54L-01Z-00-DX1,1,1.0,1
tumour/TCGA-AY-A54L-01Z-00-DX1_59904_20480.jpg,TCGA-AY-A54L,TCGA-AY-A54L-01Z-00-DX1,1,0.9999989,1
tumour/TCGA-AY-A54L-01Z-00-DX1_59904_20992.jpg,TCGA-AY-A54L,TCGA-AY-A54L-01Z-00-DX1,1,0.99999976,1
tumour/TCGA-AY-A54L-01Z-00-DX1_59904_21504.jpg,TCGA-AY-A54L,TCGA-AY-A54L-01Z-00-DX1,1,1.0,1
tumour/TCGA-AY-A54L-01Z-00-DX1_59904_22016.jpg,TCGA-AY-A54L,TCGA-AY-A54L-01Z-00-DX1,1,0.9999219,1
tumour/TCGA-AY-A54L-01Z-00-DX1_60416_18432.jpg,TCGA-AY-A54L,TCGA-AY-A54L-01Z-00-DX1,1,1.0,1
tumour/TCGA-AY-A54L-01Z-00-DX1_60416_18944.jpg,TCGA-AY-A54L,TCGA-AY-A54L-01Z-00-DX1,1,1.0,1
tumour/TCGA-AY-A54L-01Z-00-DX1_60928_18944.jpg,TCGA-AY-A54L,TCGA-AY-A54L-01Z-00-DX1,1,1.0,1
tumour/TCGA-AY-A54L-01Z-00-DX1_60928_20480.jpg,TCGA-AY-A54L,TCGA-AY-A54L-01Z-00-DX1,1,0.98517805,1
tumour/TCGA-AY-A54L-01Z-00-DX1_60928_21504.jpg,TCGA-AY-A54L,TCGA-AY-A54L-01Z-00-DX1,1,1.0,1
tumour/TCGA-AY-A54L-01Z-00-DX1_60928_22016.jpg,TCGA-AY-A54L,TCGA-AY-A54L-01Z-00-DX1,1,0.99999774,1
tumour/TCGA-AY-A54L-01Z-00-DX1_60928_22528.jpg,TCGA-AY-A54L,TCGA-AY-A54L-01Z-00-DX1,1,1.0,1
tumour/TCGA-AY-A54L-01Z-00-DX1_61440_19456.jpg,TCGA-AY-A54L,TCGA-AY-A54L-01Z-00-DX1,1,1.0,1
tumour/TCGA-AY-A54L-01Z-00-DX1_61440_21504.jpg,TCGA-AY-A54L,TCGA-AY-A54L-01Z-00-DX1,1,0.999997,1
tumour/TCGA-AY-A54L-01Z-00-DX1_61440_22016.jpg,TCGA-AY-A54L,TCGA-AY-A54L-01Z-00-DX1,1,1.0,1
tumour/TCGA-AY-A54L-01Z-00-DX1_61952_19968.jpg,TCGA-AY-A54L,TCGA-AY-A54L-01Z-00-DX1,1,0.99996305,1
tumour/TCGA-AZ-6608-01Z-00-DX1_10240_17920.jpg,TCGA-AZ-6608,TCGA-AZ-6608-01Z-00-DX1,1,1.0,1
tumour/TCGA-AZ-6608-01Z-00-DX1_10240_18432.jpg,TCGA-AZ-6608,TCGA-AZ-6608-01Z-00-DX1,1,0.99999964,1
tumour/TCGA-AZ-6608-01Z-00-DX1_10240_18944.jpg,TCGA-AZ-6608,TCGA-AZ-6608-01Z-00-DX1,1,0.9999924,1
tumour/TCGA-AZ-6608-01Z-00-DX1_10240_19968.jpg,TCGA-AZ-6608,TCGA-AZ-6608-01Z-00-DX1,1,1.0,1
tumour/TCGA-AZ-6608-01Z-00-DX1_10240_20480.jpg,TCGA-AZ-6608,TCGA-AZ-6608-01Z-00-DX1,1,1.0,1
tumour/TCGA-AZ-6608-01Z-00-DX1_10240_23552.jpg,TCGA-AZ-6608,TCGA-AZ-6608-01Z-00-DX1,1,0.99776804,1
tumour/TCGA-AZ-6608-01Z-00-DX1_10240_24576.jpg,TCGA-AZ-6608,TCGA-AZ-6608-01Z-00-DX1,1,0.99978,1
tumour/TCGA-AZ-6608-01Z-00-DX1_10240_25088.jpg,TCGA-AZ-6608,TCGA-AZ-6608-01Z-00-DX1,1,0.99999857,1
tumour/TCGA-AZ-6608-01Z-00-DX1_10240_25600.jpg,TCGA-AZ-6608,TCGA-AZ-6608-01Z-00-DX1,1,1.0,1
tumour/TCGA-AZ-6608-01Z-00-DX1_10240_26112.jpg,TCGA-AZ-6608,TCGA-AZ-6608-01Z-00-DX1,1,1.0,1
tumour/TCGA-AZ-6608-01Z-00-DX1_10240_27648.jpg,TCGA-AZ-6608,TCGA-AZ-6608-01Z-00-DX1,1,1.0,1
tumour/TCGA-AZ-6608-01Z-00-DX1_10240_29696.jpg,TCGA-AZ-6608,TCGA-AZ-6608-01Z-00-DX1,1,1.0,1
tumour/TCGA-AZ-6608-01Z-00-DX1_10240_30208.jpg,TCGA-AZ-6608,TCGA-AZ-6608-01Z-00-DX1,1,1.0,1
tumour/TCGA-AZ-6608-01Z-00-DX1_10240_30720.jpg,TCGA-AZ-6608,TCGA-AZ-6608-01Z-00-DX1,1,0.9999889,1
tumour/TCGA-AZ-6608-01Z-00-DX1_10240_31232.jpg,TCGA-AZ-6608,TCGA-AZ-6608-01Z-00-DX1,1,1.0,1
tumour/TCGA-AZ-6608-01Z-00-DX1_10752_16384.jpg,TCGA-AZ-6608,TCGA-AZ-6608-01Z-00-DX1,1,0.99992883,1
tumour/TCGA-AZ-6608-01Z-00-DX1_10752_18432.jpg,TCGA-AZ-6608,TCGA-AZ-6608-01Z-00-DX1,1,1.0,1
tumour/TCGA-AZ-6608-01Z-00-DX1_10752_19968.jpg,TCGA-AZ-6608,TCGA-AZ-6608-01Z-00-DX1,1,1.0,1
tumour/TCGA-AZ-6608-01Z-00-DX1_10752_20992.jpg,TCGA-AZ-6608,TCGA-AZ-6608-01Z-00-DX1,1,1.0,1
tumour/TCGA-AZ-6608-01Z-00-DX1_10752_26624.jpg,TCGA-AZ-6608,TCGA-AZ-6608-01Z-00-DX1,1,0.9999999,1
tumour/TCGA-AZ-6608-01Z-00-DX1_10752_27136.jpg,TCGA-AZ-6608,TCGA-AZ-6608-01Z-00-DX1,1,1.0,1
tumour/TCGA-AZ-6608-01Z-00-DX1_10752_28160.jpg,TCGA-AZ-6608,TCGA-AZ-6608-01Z-00-DX1,1,1.0,1
tumour/TCGA-AZ-6608-01Z-00-DX1_10752_28672.jpg,TCGA-AZ-6608,TCGA-AZ-6608-01Z-00-DX1,1,0.9999989,1
tumour/TCGA-AZ-6608-01Z-00-DX1_10752_29696.jpg,TCGA-AZ-6608,TCGA-AZ-6608-01Z-00-DX1,1,0.99999976,1
tumour/TCGA-AZ-6608-01Z-00-DX1_10752_30720.jpg,TCGA-AZ-6608,TCGA-AZ-6608-01Z-00-DX1,1,1.0,1
tumour/TCGA-AZ-6608-01Z-00-DX1_10752_31232.jpg,TCGA-AZ-6608,TCGA-AZ-6608-01Z-00-DX1,1,0.9999871,1
tumour/TCGA-AZ-6608-01Z-00-DX1_10752_31744.jpg,TCGA-AZ-6608,TCGA-AZ-6608-01Z-00-DX1,1,0.99997866,1
tumour/TCGA-AZ-6608-01Z-00-DX1_11264_16896.jpg,TCGA-AZ-6608,TCGA-AZ-6608-01Z-00-DX1,1,0.99999976,1
tumour/TCGA-AZ-6608-01Z-00-DX1_11264_17408.jpg,TCGA-AZ-6608,TCGA-AZ-6608-01Z-00-DX1,1,0.9999844,1
tumour/TCGA-AZ-6608-01Z-00-DX1_11264_17920.jpg,TCGA-AZ-6608,TCGA-AZ-6608-01Z-00-DX1,1,0.9999975,1
tumour/TCGA-AZ-6608-01Z-00-DX1_11264_18944.jpg,TCGA-AZ-6608,TCGA-AZ-6608-01Z-00-DX1,1,1.0,1
tumour/TCGA-AZ-6608-01Z-00-DX1_11264_19968.jpg,TCGA-AZ-6608,TCGA-AZ-6608-01Z-00-DX1,1,1.0,1
tumour/TCGA-AZ-6608-01Z-00-DX1_11264_22528.jpg,TCGA-AZ-6608,TCGA-AZ-6608-01Z-00-DX1,1,0.9999999,1
tumour/TCGA-AZ-6608-01Z-00-DX1_11264_23040.jpg,TCGA-AZ-6608,TCGA-AZ-6608-01Z-00-DX1,1,0.9992518,1
tumour/TCGA-AZ-6608-01Z-00-DX1_11264_27648.jpg,TCGA-AZ-6608,TCGA-AZ-6608-01Z-00-DX1,1,0.9999982,1
tumour/TCGA-AZ-6608-01Z-00-DX1_11264_28160.jpg,TCGA-AZ-6608,TCGA-AZ-6608-01Z-00-DX1,1,1.0,1
tumour/TCGA-AZ-6608-01Z-00-DX1_11264_28672.jpg,TCGA-AZ-6608,TCGA-AZ-6608-01Z-00-DX1,1,1.0,1
tumour/TCGA-AZ-6608-01Z-00-DX1_11264_30720.jpg,TCGA-AZ-6608,TCGA-AZ-6608-01Z-00-DX1,1,0.999992,1
tumour/TCGA-AZ-6608-01Z-00-DX1_11776_17408.jpg,TCGA-AZ-6608,TCGA-AZ-6608-01Z-00-DX1,1,1.0,1
tumour/TCGA-AZ-6608-01Z-00-DX1_11776_17920.jpg,TCGA-AZ-6608,TCGA-AZ-6608-01Z-00-DX1,1,1.0,1
tumour/TCGA-AZ-6608-01Z-00-DX1_11776_18432.jpg,TCGA-AZ-6608,TCGA-AZ-6608-01Z-00-DX1,1,0.999998,1
tumour/TCGA-AZ-6608-01Z-00-DX1_11776_18944.jpg,TCGA-AZ-6608,TCGA-AZ-6608-01Z-00-DX1,1,0.99999523,1
tumour/TCGA-AZ-6608-01Z-00-DX1_11776_23552.jpg,TCGA-AZ-6608,TCGA-AZ-6608-01Z-00-DX1,1,0.99997306,1
tumour/TCGA-AZ-6608-01Z-00-DX1_11776_25600.jpg,TCGA-AZ-6608,TCGA-AZ-6608-01Z-00-DX1,1,1.0,1
tumour/TCGA-AZ-6608-01Z-00-DX1_11776_27136.jpg,TCGA-AZ-6608,TCGA-AZ-6608-01Z-00-DX1,1,1.0,1
tumour/TCGA-AZ-6608-01Z-00-DX1_11776_29696.jpg,TCGA-AZ-6608,TCGA-AZ-6608-01Z-00-DX1,1,0.9999982,1
tumour/TCGA-AZ-6608-01Z-00-DX1_11776_30208.jpg,TCGA-AZ-6608,TCGA-AZ-6608-01Z-00-DX1,1,1.0,1
tumour/TCGA-AZ-6608-01Z-00-DX1_11776_30720.jpg,TCGA-AZ-6608,TCGA-AZ-6608-01Z-00-DX1,1,1.0,1
tumour/TCGA-AZ-6608-01Z-00-DX1_12288_17408.jpg,TCGA-AZ-6608,TCGA-AZ-6608-01Z-00-DX1,1,1.0,1
tumour/TCGA-AZ-6608-01Z-00-DX1_12288_17920.jpg,TCGA-AZ-6608,TCGA-AZ-6608-01Z-00-DX1,1,0.9999988,1
tumour/TCGA-AZ-6608-01Z-00-DX1_12288_19456.jpg,TCGA-AZ-6608,TCGA-AZ-6608-01Z-00-DX1,1,1.0,1
tumour/TCGA-AZ-6608-01Z-00-DX1_12288_23040.jpg,TCGA-AZ-6608,TCGA-AZ-6608-01Z-00-DX1,1,1.0,1
tumour/TCGA-AZ-6608-01Z-00-DX1_12288_24064.jpg,TCGA-AZ-6608,TCGA-AZ-6608-01Z-00-DX1,1,0.99991035,1
tumour/TCGA-AZ-6608-01Z-00-DX1_12288_24576.jpg,TCGA-AZ-6608,TCGA-AZ-6608-01Z-00-DX1,1,0.9183043,1
tumour/TCGA-AZ-6608-01Z-00-DX1_12288_25088.jpg,TCGA-AZ-6608,TCGA-AZ-6608-01Z-00-DX1,1,1.0,1
tumour/TCGA-AZ-6608-01Z-00-DX1_12288_26112.jpg,TCGA-AZ-6608,TCGA-AZ-6608-01Z-00-DX1,1,0.9999958,1
tumour/TCGA-AZ-6608-01Z-00-DX1_12288_26624.jpg,TCGA-AZ-6608,TCGA-AZ-6608-01Z-00-DX1,1,0.99985754,1
tumour/TCGA-AZ-6608-01Z-00-DX1_12288_27136.jpg,TCGA-AZ-6608,TCGA-AZ-6608-01Z-00-DX1,1,1.0,1
tumour/TCGA-AZ-6608-01Z-00-DX1_12288_27648.jpg,TCGA-AZ-6608,TCGA-AZ-6608-01Z-00-DX1,1,1.0,1
tumour/TCGA-AZ-6608-01Z-00-DX1_12288_29696.jpg,TCGA-AZ-6608,TCGA-AZ-6608-01Z-00-DX1,1,0.99999964,1
tumour/TCGA-AZ-6608-01Z-00-DX1_12288_31744.jpg,TCGA-AZ-6608,TCGA-AZ-6608-01Z-00-DX1,1,1.0,1
tumour/TCGA-AZ-6608-01Z-00-DX1_12800_15872.jpg,TCGA-AZ-6608,TCGA-AZ-6608-01Z-00-DX1,1,1.0,1
tumour/TCGA-AZ-6608-01Z-00-DX1_12800_16384.jpg,TCGA-AZ-6608,TCGA-AZ-6608-01Z-00-DX1,1,0.9999999,1
tumour/TCGA-AZ-6608-01Z-00-DX1_12800_16896.jpg,TCGA-AZ-6608,TCGA-AZ-6608-01Z-00-DX1,1,0.9990872,1
tumour/TCGA-AZ-6608-01Z-00-DX1_12800_17408.jpg,TCGA-AZ-6608,TCGA-AZ-6608-01Z-00-DX1,1,1.0,1
tumour/TCGA-AZ-6608-01Z-00-DX1_12800_17920.jpg,TCGA-AZ-6608,TCGA-AZ-6608-01Z-00-DX1,1,1.0,1
tumour/TCGA-AZ-6608-01Z-00-DX1_12800_18432.jpg,TCGA-AZ-6608,TCGA-AZ-6608-01Z-00-DX1,1,1.0,1
tumour/TCGA-AZ-6608-01Z-00-DX1_12800_19968.jpg,TCGA-AZ-6608,TCGA-AZ-6608-01Z-00-DX1,1,1.0,1
tumour/TCGA-AZ-6608-01Z-00-DX1_12800_22528.jpg,TCGA-AZ-6608,TCGA-AZ-6608-01Z-00-DX1,1,0.999954,1
tumour/TCGA-AZ-6608-01Z-00-DX1_12800_23040.jpg,TCGA-AZ-6608,TCGA-AZ-6608-01Z-00-DX1,1,0.9993168,1
tumour/TCGA-AZ-6608-01Z-00-DX1_12800_23552.jpg,TCGA-AZ-6608,TCGA-AZ-6608-01Z-00-DX1,1,1.0,1
tumour/TCGA-AZ-6608-01Z-00-DX1_12800_24576.jpg,TCGA-AZ-6608,TCGA-AZ-6608-01Z-00-DX1,1,0.999423,1
tumour/TCGA-AZ-6608-01Z-00-DX1_12800_26112.jpg,TCGA-AZ-6608,TCGA-AZ-6608-01Z-00-DX1,1,0.99999976,1
tumour/TCGA-AZ-6608-01Z-00-DX1_12800_26624.jpg,TCGA-AZ-6608,TCGA-AZ-6608-01Z-00-DX1,1,0.9999926,1
tumour/TCGA-AZ-6608-01Z-00-DX1_12800_27136.jpg,TCGA-AZ-6608,TCGA-AZ-6608-01Z-00-DX1,1,1.0,1
tumour/TCGA-AZ-6608-01Z-00-DX1_12800_27648.jpg,TCGA-AZ-6608,TCGA-AZ-6608-01Z-00-DX1,1,0.99999964,1
tumour/TCGA-AZ-6608-01Z-00-DX1_12800_28672.jpg,TCGA-AZ-6608,TCGA-AZ-6608-01Z-00-DX1,1,1.0,1
tumour/TCGA-AZ-6608-01Z-00-DX1_12800_29184.jpg,TCGA-AZ-6608,TCGA-AZ-6608-01Z-00-DX1,1,1.0,1
tumour/TCGA-AZ-6608-01Z-00-DX1_12800_29696.jpg,TCGA-AZ-6608,TCGA-AZ-6608-01Z-00-DX1,1,1.0,1
tumour/TCGA-AZ-6608-01Z-00-DX1_12800_30208.jpg,TCGA-AZ-6608,TCGA-AZ-6608-01Z-00-DX1,1,0.9999528,1
tumour/TCGA-AZ-6608-01Z-00-DX1_12800_30720.jpg,TCGA-AZ-6608,TCGA-AZ-6608-01Z-00-DX1,1,1.0,1
tumour/TCGA-AZ-6608-01Z-00-DX1_12800_31232.jpg,TCGA-AZ-6608,TCGA-AZ-6608-01Z-00-DX1,1,1.0,1
tumour/TCGA-AZ-6608-01Z-00-DX1_12800_31744.jpg,TCGA-AZ-6608,TCGA-AZ-6608-01Z-00-DX1,1,1.0,1
tumour/TCGA-AZ-6608-01Z-00-DX1_13312_16384.jpg,TCGA-AZ-6608,TCGA-AZ-6608-01Z-00-DX1,1,1.0,1
tumour/TCGA-AZ-6608-01Z-00-DX1_13312_17920.jpg,TCGA-AZ-6608,TCGA-AZ-6608-01Z-00-DX1,1,1.0,1
tumour/TCGA-AZ-6608-01Z-00-DX1_13312_18432.jpg,TCGA-AZ-6608,TCGA-AZ-6608-01Z-00-DX1,1,1.0,1
tumour/TCGA-AZ-6608-01Z-00-DX1_13312_18944.jpg,TCGA-AZ-6608,TCGA-AZ-6608-01Z-00-DX1,1,1.0,1
tumour/TCGA-AZ-6608-01Z-00-DX1_13312_23040.jpg,TCGA-AZ-6608,TCGA-AZ-6608-01Z-00-DX1,1,0.9998826,1
tumour/TCGA-AZ-6608-01Z-00-DX1_13312_28672.jpg,TCGA-AZ-6608,TCGA-AZ-6608-01Z-00-DX1,1,0.9999999,1
tumour/TCGA-AZ-6608-01Z-00-DX1_13312_30208.jpg,TCGA-AZ-6608,TCGA-AZ-6608-01Z-00-DX1,1,0.99999905,1
tumour/TCGA-AZ-6608-01Z-00-DX1_13824_17920.jpg,TCGA-AZ-6608,TCGA-AZ-6608-01Z-00-DX1,1,0.99999976,1
tumour/TCGA-AZ-6608-01Z-00-DX1_13824_23552.jpg,TCGA-AZ-6608,TCGA-AZ-6608-01Z-00-DX1,1,0.9999629,1
tumour/TCGA-AZ-6608-01Z-00-DX1_13824_25088.jpg,TCGA-AZ-6608,TCGA-AZ-6608-01Z-00-DX1,1,0.99705255,1
tumour/TCGA-AZ-6608-01Z-00-DX1_13824_25600.jpg,TCGA-AZ-6608,TCGA-AZ-6608-01Z-00-DX1,1,0.9999999,1
tumour/TCGA-AZ-6608-01Z-00-DX1_13824_26624.jpg,TCGA-AZ-6608,TCGA-AZ-6608-01Z-00-DX1,1,0.9999999,1
tumour/TCGA-AZ-6608-01Z-00-DX1_13824_27136.jpg,TCGA-AZ-6608,TCGA-AZ-6608-01Z-00-DX1,1,0.9999995,1
tumour/TCGA-AZ-6608-01Z-00-DX1_13824_28160.jpg,TCGA-AZ-6608,TCGA-AZ-6608-01Z-00-DX1,1,1.0,1
tumour/TCGA-AZ-6608-01Z-00-DX1_13824_29184.jpg,TCGA-AZ-6608,TCGA-AZ-6608-01Z-00-DX1,1,1.0,1
tumour/TCGA-AZ-6608-01Z-00-DX1_14336_16384.jpg,TCGA-AZ-6608,TCGA-AZ-6608-01Z-00-DX1,1,0.9999913,1
tumour/TCGA-AZ-6608-01Z-00-DX1_14336_17408.jpg,TCGA-AZ-6608,TCGA-AZ-6608-01Z-00-DX1,1,0.99999213,1
tumour/TCGA-AZ-6608-01Z-00-DX1_14336_18432.jpg,TCGA-AZ-6608,TCGA-AZ-6608-01Z-00-DX1,1,0.9997675,1
tumour/TCGA-AZ-6608-01Z-00-DX1_14336_19456.jpg,TCGA-AZ-6608,TCGA-AZ-6608-01Z-00-DX1,1,0.999998,1
tumour/TCGA-AZ-6608-01Z-00-DX1_14336_23552.jpg,TCGA-AZ-6608,TCGA-AZ-6608-01Z-00-DX1,1,0.99999976,1
tumour/TCGA-AZ-6608-01Z-00-DX1_14336_24064.jpg,TCGA-AZ-6608,TCGA-AZ-6608-01Z-00-DX1,1,1.0,1
tumour/TCGA-AZ-6608-01Z-00-DX1_14336_28672.jpg,TCGA-AZ-6608,TCGA-AZ-6608-01Z-00-DX1,1,1.0,1
tumour/TCGA-AZ-6608-01Z-00-DX1_14336_29184.jpg,TCGA-AZ-6608,TCGA-AZ-6608-01Z-00-DX1,1,0.9999994,1
tumour/TCGA-AZ-6608-01Z-00-DX1_14336_29696.jpg,TCGA-AZ-6608,TCGA-AZ-6608-01Z-00-DX1,1,1.0,1
tumour/TCGA-AZ-6608-01Z-00-DX1_14336_31232.jpg,TCGA-AZ-6608,TCGA-AZ-6608-01Z-00-DX1,1,0.9999893,1
tumour/TCGA-AZ-6608-01Z-00-DX1_14848_16896.jpg,TCGA-AZ-6608,TCGA-AZ-6608-01Z-00-DX1,1,0.99999976,1
tumour/TCGA-AZ-6608-01Z-00-DX1_14848_17408.jpg,TCGA-AZ-6608,TCGA-AZ-6608-01Z-00-DX1,1,0.9999999,1
tumour/TCGA-AZ-6608-01Z-00-DX1_14848_19456.jpg,TCGA-AZ-6608,TCGA-AZ-6608-01Z-00-DX1,1,1.0,1
tumour/TCGA-AZ-6608-01Z-00-DX1_14848_19968.jpg,TCGA-AZ-6608,TCGA-AZ-6608-01Z-00-DX1,1,0.9999784,1
tumour/TCGA-AZ-6608-01Z-00-DX1_14848_25600.jpg,TCGA-AZ-6608,TCGA-AZ-6608-01Z-00-DX1,1,0.99999917,1
tumour/TCGA-AZ-6608-01Z-00-DX1_14848_26624.jpg,TCGA-AZ-6608,TCGA-AZ-6608-01Z-00-DX1,1,0.9999919,1
tumour/TCGA-AZ-6608-01Z-00-DX1_14848_27136.jpg,TCGA-AZ-6608,TCGA-AZ-6608-01Z-00-DX1,1,1.0,1
tumour/TCGA-AZ-6608-01Z-00-DX1_14848_27648.jpg,TCGA-AZ-6608,TCGA-AZ-6608-01Z-00-DX1,1,0.99999964,1
tumour/TCGA-AZ-6608-01Z-00-DX1_14848_28160.jpg,TCGA-AZ-6608,TCGA-AZ-6608-01Z-00-DX1,1,0.9999994,1
tumour/TCGA-AZ-6608-01Z-00-DX1_14848_29184.jpg,TCGA-AZ-6608,TCGA-AZ-6608-01Z-00-DX1,1,1.0,1
tumour/TCGA-AZ-6608-01Z-00-DX1_14848_30208.jpg,TCGA-AZ-6608,TCGA-AZ-6608-01Z-00-DX1,1,1.0,1
tumour/TCGA-AZ-6608-01Z-00-DX1_14848_30720.jpg,TCGA-AZ-6608,TCGA-AZ-6608-01Z-00-DX1,1,0.9999989,1
tumour/TCGA-AZ-6608-01Z-00-DX1_14848_31744.jpg,TCGA-AZ-6608,TCGA-AZ-6608-01Z-00-DX1,1,1.0,1
tumour/TCGA-AZ-6608-01Z-00-DX1_14848_32768.jpg,TCGA-AZ-6608,TCGA-AZ-6608-01Z-00-DX1,1,0.9999999,1
tumour/TCGA-AZ-6608-01Z-00-DX1_15360_15872.jpg,TCGA-AZ-6608,TCGA-AZ-6608-01Z-00-DX1,1,0.99999976,1
tumour/TCGA-AZ-6608-01Z-00-DX1_15360_16896.jpg,TCGA-AZ-6608,TCGA-AZ-6608-01Z-00-DX1,1,0.9999502,1
tumour/TCGA-AZ-6608-01Z-00-DX1_15360_17920.jpg,TCGA-AZ-6608,TCGA-AZ-6608-01Z-00-DX1,1,1.0,1
tumour/TCGA-AZ-6608-01Z-00-DX1_15360_18432.jpg,TCGA-AZ-6608,TCGA-AZ-6608-01Z-00-DX1,1,1.0,1
tumour/TCGA-AZ-6608-01Z-00-DX1_15360_19968.jpg,TCGA-AZ-6608,TCGA-AZ-6608-01Z-00-DX1,1,0.99993134,1
tumour/TCGA-AZ-6608-01Z-00-DX1_15360_23552.jpg,TCGA-AZ-6608,TCGA-AZ-6608-01Z-00-DX1,1,0.9999995,1
tumour/TCGA-AZ-6608-01Z-00-DX1_15360_24064.jpg,TCGA-AZ-6608,TCGA-AZ-6608-01Z-00-DX1,1,0.9965609,1
tumour/TCGA-AZ-6608-01Z-00-DX1_15360_24576.jpg,TCGA-AZ-6608,TCGA-AZ-6608-01Z-00-DX1,1,1.0,1
tumour/TCGA-AZ-6608-01Z-00-DX1_15360_25088.jpg,TCGA-AZ-6608,TCGA-AZ-6608-01Z-00-DX1,1,1.0,1
tumour/TCGA-AZ-6608-01Z-00-DX1_15360_25600.jpg,TCGA-AZ-6608,TCGA-AZ-6608-01Z-00-DX1,1,0.999998,1
tumour/TCGA-AZ-6608-01Z-00-DX1_15360_26624.jpg,TCGA-AZ-6608,TCGA-AZ-6608-01Z-00-DX1,1,0.9999099,1
tumour/TCGA-AZ-6608-01Z-00-DX1_15360_27648.jpg,TCGA-AZ-6608,TCGA-AZ-6608-01Z-00-DX1,1,0.99999964,1
tumour/TCGA-AZ-6608-01Z-00-DX1_15360_28160.jpg,TCGA-AZ-6608,TCGA-AZ-6608-01Z-00-DX1,1,0.99999976,1
tumour/TCGA-AZ-6608-01Z-00-DX1_15360_31232.jpg,TCGA-AZ-6608,TCGA-AZ-6608-01Z-00-DX1,1,0.99999964,1
tumour/TCGA-AZ-6608-01Z-00-DX1_15360_31744.jpg,TCGA-AZ-6608,TCGA-AZ-6608-01Z-00-DX1,1,1.0,1
tumour/TCGA-AZ-6608-01Z-00-DX1_15872_16896.jpg,TCGA-AZ-6608,TCGA-AZ-6608-01Z-00-DX1,1,0.99997354,1
tumour/TCGA-AZ-6608-01Z-00-DX1_15872_18432.jpg,TCGA-AZ-6608,TCGA-AZ-6608-01Z-00-DX1,1,0.9999827,1
tumour/TCGA-AZ-6608-01Z-00-DX1_15872_19968.jpg,TCGA-AZ-6608,TCGA-AZ-6608-01Z-00-DX1,1,0.9674298,1
tumour/TCGA-AZ-6608-01Z-00-DX1_15872_24064.jpg,TCGA-AZ-6608,TCGA-AZ-6608-01Z-00-DX1,1,0.97632056,1
tumour/TCGA-AZ-6608-01Z-00-DX1_15872_25088.jpg,TCGA-AZ-6608,TCGA-AZ-6608-01Z-00-DX1,1,0.99999905,1
tumour/TCGA-AZ-6608-01Z-00-DX1_15872_25600.jpg,TCGA-AZ-6608,TCGA-AZ-6608-01Z-00-DX1,1,1.0,1
tumour/TCGA-AZ-6608-01Z-00-DX1_15872_26112.jpg,TCGA-AZ-6608,TCGA-AZ-6608-01Z-00-DX1,1,0.9977391,1
tumour/TCGA-AZ-6608-01Z-00-DX1_15872_26624.jpg,TCGA-AZ-6608,TCGA-AZ-6608-01Z-00-DX1,1,0.9999999,1
tumour/TCGA-AZ-6608-01Z-00-DX1_15872_27136.jpg,TCGA-AZ-6608,TCGA-AZ-6608-01Z-00-DX1,1,0.99996424,1
tumour/TCGA-AZ-6608-01Z-00-DX1_15872_27648.jpg,TCGA-AZ-6608,TCGA-AZ-6608-01Z-00-DX1,1,1.0,1
tumour/TCGA-AZ-6608-01Z-00-DX1_15872_28160.jpg,TCGA-AZ-6608,TCGA-AZ-6608-01Z-00-DX1,1,0.99948287,1
tumour/TCGA-AZ-6608-01Z-00-DX1_15872_29184.jpg,TCGA-AZ-6608,TCGA-AZ-6608-01Z-00-DX1,1,0.9999999,1
tumour/TCGA-AZ-6608-01Z-00-DX1_15872_30720.jpg,TCGA-AZ-6608,TCGA-AZ-6608-01Z-00-DX1,1,0.9999999,1
tumour/TCGA-AZ-6608-01Z-00-DX1_15872_31232.jpg,TCGA-AZ-6608,TCGA-AZ-6608-01Z-00-DX1,1,0.9999989,1
tumour/TCGA-AZ-6608-01Z-00-DX1_15872_32256.jpg,TCGA-AZ-6608,TCGA-AZ-6608-01Z-00-DX1,1,0.99999976,1
tumour/TCGA-AZ-6608-01Z-00-DX1_15872_32768.jpg,TCGA-AZ-6608,TCGA-AZ-6608-01Z-00-DX1,1,1.0,1
tumour/TCGA-AZ-6608-01Z-00-DX1_16384_16384.jpg,TCGA-AZ-6608,TCGA-AZ-6608-01Z-00-DX1,1,0.9999993,1
tumour/TCGA-AZ-6608-01Z-00-DX1_16384_16896.jpg,TCGA-AZ-6608,TCGA-AZ-6608-01Z-00-DX1,1,0.9999982,1
tumour/TCGA-AZ-6608-01Z-00-DX1_16384_18432.jpg,TCGA-AZ-6608,TCGA-AZ-6608-01Z-00-DX1,1,1.0,1
tumour/TCGA-AZ-6608-01Z-00-DX1_16384_18944.jpg,TCGA-AZ-6608,TCGA-AZ-6608-01Z-00-DX1,1,1.0,1
tumour/TCGA-AZ-6608-01Z-00-DX1_16384_24576.jpg,TCGA-AZ-6608,TCGA-AZ-6608-01Z-00-DX1,1,0.9999869,1
tumour/TCGA-AZ-6608-01Z-00-DX1_16384_25088.jpg,TCGA-AZ-6608,TCGA-AZ-6608-01Z-00-DX1,1,0.9999994,1
tumour/TCGA-AZ-6608-01Z-00-DX1_16384_25600.jpg,TCGA-AZ-6608,TCGA-AZ-6608-01Z-00-DX1,1,1.0,1
tumour/TCGA-AZ-6608-01Z-00-DX1_16384_26112.jpg,TCGA-AZ-6608,TCGA-AZ-6608-01Z-00-DX1,1,0.9999999,1
tumour/TCGA-AZ-6608-01Z-00-DX1_16384_26624.jpg,TCGA-AZ-6608,TCGA-AZ-6608-01Z-00-DX1,1,1.0,1
tumour/TCGA-AZ-6608-01Z-00-DX1_16384_27136.jpg,TCGA-AZ-6608,TCGA-AZ-6608-01Z-00-DX1,1,0.99999607,1
tumour/TCGA-AZ-6608-01Z-00-DX1_16384_28672.jpg,TCGA-AZ-6608,TCGA-AZ-6608-01Z-00-DX1,1,0.99999976,1
tumour/TCGA-AZ-6608-01Z-00-DX1_16384_29184.jpg,TCGA-AZ-6608,TCGA-AZ-6608-01Z-00-DX1,1,0.9983929,1
tumour/TCGA-AZ-6608-01Z-00-DX1_16384_30208.jpg,TCGA-AZ-6608,TCGA-AZ-6608-01Z-00-DX1,1,0.9993742,1
tumour/TCGA-AZ-6608-01Z-00-DX1_16384_31744.jpg,TCGA-AZ-6608,TCGA-AZ-6608-01Z-00-DX1,1,0.99999976,1
tumour/TCGA-AZ-6608-01Z-00-DX1_16384_32768.jpg,TCGA-AZ-6608,TCGA-AZ-6608-01Z-00-DX1,1,1.0,1
tumour/TCGA-AZ-6608-01Z-00-DX1_16384_33280.jpg,TCGA-AZ-6608,TCGA-AZ-6608-01Z-00-DX1,1,1.0,1
tumour/TCGA-AZ-6608-01Z-00-DX1_16896_17408.jpg,TCGA-AZ-6608,TCGA-AZ-6608-01Z-00-DX1,1,0.9999999,1
tumour/TCGA-AZ-6608-01Z-00-DX1_16896_17920.jpg,TCGA-AZ-6608,TCGA-AZ-6608-01Z-00-DX1,1,0.99999595,1
tumour/TCGA-AZ-6608-01Z-00-DX1_16896_18432.jpg,TCGA-AZ-6608,TCGA-AZ-6608-01Z-00-DX1,1,0.9999839,1
tumour/TCGA-AZ-6608-01Z-00-DX1_16896_23040.jpg,TCGA-AZ-6608,TCGA-AZ-6608-01Z-00-DX1,1,0.99996173,1
tumour/TCGA-AZ-6608-01Z-00-DX1_16896_23552.jpg,TCGA-AZ-6608,TCGA-AZ-6608-01Z-00-DX1,1,0.99960524,1
tumour/TCGA-AZ-6608-01Z-00-DX1_16896_24576.jpg,TCGA-AZ-6608,TCGA-AZ-6608-01Z-00-DX1,1,0.9997409,1
tumour/TCGA-AZ-6608-01Z-00-DX1_16896_26624.jpg,TCGA-AZ-6608,TCGA-AZ-6608-01Z-00-DX1,1,1.0,1
tumour/TCGA-AZ-6608-01Z-00-DX1_16896_27136.jpg,TCGA-AZ-6608,TCGA-AZ-6608-01Z-00-DX1,1,0.999613,1
tumour/TCGA-AZ-6608-01Z-00-DX1_16896_28160.jpg,TCGA-AZ-6608,TCGA-AZ-6608-01Z-00-DX1,1,0.9828782,1
tumour/TCGA-AZ-6608-01Z-00-DX1_16896_28672.jpg,TCGA-AZ-6608,TCGA-AZ-6608-01Z-00-DX1,1,0.9999852,1
tumour/TCGA-AZ-6608-01Z-00-DX1_16896_29696.jpg,TCGA-AZ-6608,TCGA-AZ-6608-01Z-00-DX1,1,0.9994814,1
tumour/TCGA-AZ-6608-01Z-00-DX1_16896_30208.jpg,TCGA-AZ-6608,TCGA-AZ-6608-01Z-00-DX1,1,0.9999517,1
tumour/TCGA-AZ-6608-01Z-00-DX1_16896_30720.jpg,TCGA-AZ-6608,TCGA-AZ-6608-01Z-00-DX1,1,0.99999654,1
tumour/TCGA-AZ-6608-01Z-00-DX1_16896_31744.jpg,TCGA-AZ-6608,TCGA-AZ-6608-01Z-00-DX1,1,0.9999795,1
tumour/TCGA-AZ-6608-01Z-00-DX1_16896_32768.jpg,TCGA-AZ-6608,TCGA-AZ-6608-01Z-00-DX1,1,1.0,1
tumour/TCGA-AZ-6608-01Z-00-DX1_17408_26624.jpg,TCGA-AZ-6608,TCGA-AZ-6608-01Z-00-DX1,1,0.9999982,1
tumour/TCGA-AZ-6608-01Z-00-DX1_17408_27136.jpg,TCGA-AZ-6608,TCGA-AZ-6608-01Z-00-DX1,1,1.0,1
tumour/TCGA-AZ-6608-01Z-00-DX1_17408_27648.jpg,TCGA-AZ-6608,TCGA-AZ-6608-01Z-00-DX1,1,1.0,1
tumour/TCGA-AZ-6608-01Z-00-DX1_17408_28160.jpg,TCGA-AZ-6608,TCGA-AZ-6608-01Z-00-DX1,1,0.9999995,1
tumour/TCGA-AZ-6608-01Z-00-DX1_17408_31744.jpg,TCGA-AZ-6608,TCGA-AZ-6608-01Z-00-DX1,1,1.0,1
tumour/TCGA-AZ-6608-01Z-00-DX1_17920_27648.jpg,TCGA-AZ-6608,TCGA-AZ-6608-01Z-00-DX1,1,1.0,1
tumour/TCGA-AZ-6608-01Z-00-DX1_17920_28160.jpg,TCGA-AZ-6608,TCGA-AZ-6608-01Z-00-DX1,1,0.9999945,1
tumour/TCGA-AZ-6608-01Z-00-DX1_17920_29696.jpg,TCGA-AZ-6608,TCGA-AZ-6608-01Z-00-DX1,1,0.37124497,0
tumour/TCGA-AZ-6608-01Z-00-DX1_17920_30208.jpg,TCGA-AZ-6608,TCGA-AZ-6608-01Z-00-DX1,1,0.9999846,1
tumour/TCGA-AZ-6608-01Z-00-DX1_17920_30720.jpg,TCGA-AZ-6608,TCGA-AZ-6608-01Z-00-DX1,1,0.9999769,1
tumour/TCGA-AZ-6608-01Z-00-DX1_17920_33792.jpg,TCGA-AZ-6608,TCGA-AZ-6608-01Z-00-DX1,1,1.0,1
tumour/TCGA-AZ-6608-01Z-00-DX1_17920_34304.jpg,TCGA-AZ-6608,TCGA-AZ-6608-01Z-00-DX1,1,1.0,1
tumour/TCGA-AZ-6608-01Z-00-DX1_18432_23552.jpg,TCGA-AZ-6608,TCGA-AZ-6608-01Z-00-DX1,1,0.9999726,1
tumour/TCGA-AZ-6608-01Z-00-DX1_18432_24064.jpg,TCGA-AZ-6608,TCGA-AZ-6608-01Z-00-DX1,1,0.99996436,1
tumour/TCGA-AZ-6608-01Z-00-DX1_18432_26112.jpg,TCGA-AZ-6608,TCGA-AZ-6608-01Z-00-DX1,1,0.99999857,1
tumour/TCGA-AZ-6608-01Z-00-DX1_18432_26624.jpg,TCGA-AZ-6608,TCGA-AZ-6608-01Z-00-DX1,1,0.99995816,1
tumour/TCGA-AZ-6608-01Z-00-DX1_18432_28672.jpg,TCGA-AZ-6608,TCGA-AZ-6608-01Z-00-DX1,1,0.9997552,1
tumour/TCGA-AZ-6608-01Z-00-DX1_18432_29184.jpg,TCGA-AZ-6608,TCGA-AZ-6608-01Z-00-DX1,1,0.9999982,1
tumour/TCGA-AZ-6608-01Z-00-DX1_18432_30208.jpg,TCGA-AZ-6608,TCGA-AZ-6608-01Z-00-DX1,1,0.9995852,1
tumour/TCGA-AZ-6608-01Z-00-DX1_18432_30720.jpg,TCGA-AZ-6608,TCGA-AZ-6608-01Z-00-DX1,1,0.9999933,1
tumour/TCGA-AZ-6608-01Z-00-DX1_18432_31744.jpg,TCGA-AZ-6608,TCGA-AZ-6608-01Z-00-DX1,1,1.0,1
tumour/TCGA-AZ-6608-01Z-00-DX1_18432_32768.jpg,TCGA-AZ-6608,TCGA-AZ-6608-01Z-00-DX1,1,0.99999857,1
tumour/TCGA-AZ-6608-01Z-00-DX1_18432_33280.jpg,TCGA-AZ-6608,TCGA-AZ-6608-01Z-00-DX1,1,1.0,1
tumour/TCGA-AZ-6608-01Z-00-DX1_18432_33792.jpg,TCGA-AZ-6608,TCGA-AZ-6608-01Z-00-DX1,1,1.0,1
tumour/TCGA-AZ-6608-01Z-00-DX1_18944_24064.jpg,TCGA-AZ-6608,TCGA-AZ-6608-01Z-00-DX1,1,1.0,1
tumour/TCGA-AZ-6608-01Z-00-DX1_18944_25600.jpg,TCGA-AZ-6608,TCGA-AZ-6608-01Z-00-DX1,1,1.0,1
tumour/TCGA-AZ-6608-01Z-00-DX1_18944_26112.jpg,TCGA-AZ-6608,TCGA-AZ-6608-01Z-00-DX1,1,1.0,1
tumour/TCGA-AZ-6608-01Z-00-DX1_18944_26624.jpg,TCGA-AZ-6608,TCGA-AZ-6608-01Z-00-DX1,1,0.9999999,1
tumour/TCGA-AZ-6608-01Z-00-DX1_18944_28160.jpg,TCGA-AZ-6608,TCGA-AZ-6608-01Z-00-DX1,1,0.99999046,1
tumour/TCGA-AZ-6608-01Z-00-DX1_18944_28672.jpg,TCGA-AZ-6608,TCGA-AZ-6608-01Z-00-DX1,1,0.999985,1
tumour/TCGA-AZ-6608-01Z-00-DX1_18944_29696.jpg,TCGA-AZ-6608,TCGA-AZ-6608-01Z-00-DX1,1,0.9999999,1
tumour/TCGA-AZ-6608-01Z-00-DX1_18944_30208.jpg,TCGA-AZ-6608,TCGA-AZ-6608-01Z-00-DX1,1,0.99999976,1
tumour/TCGA-AZ-6608-01Z-00-DX1_18944_30720.jpg,TCGA-AZ-6608,TCGA-AZ-6608-01Z-00-DX1,1,0.9999999,1
tumour/TCGA-AZ-6608-01Z-00-DX1_18944_31232.jpg,TCGA-AZ-6608,TCGA-AZ-6608-01Z-00-DX1,1,0.9999956,1
tumour/TCGA-AZ-6608-01Z-00-DX1_18944_31744.jpg,TCGA-AZ-6608,TCGA-AZ-6608-01Z-00-DX1,1,1.0,1
tumour/TCGA-AZ-6608-01Z-00-DX1_18944_32256.jpg,TCGA-AZ-6608,TCGA-AZ-6608-01Z-00-DX1,1,1.0,1
tumour/TCGA-AZ-6608-01Z-00-DX1_18944_32768.jpg,TCGA-AZ-6608,TCGA-AZ-6608-01Z-00-DX1,1,1.0,1
tumour/TCGA-AZ-6608-01Z-00-DX1_19456_24064.jpg,TCGA-AZ-6608,TCGA-AZ-6608-01Z-00-DX1,1,1.0,1
tumour/TCGA-AZ-6608-01Z-00-DX1_19456_25600.jpg,TCGA-AZ-6608,TCGA-AZ-6608-01Z-00-DX1,1,1.0,1
tumour/TCGA-AZ-6608-01Z-00-DX1_19456_26112.jpg,TCGA-AZ-6608,TCGA-AZ-6608-01Z-00-DX1,1,1.0,1
tumour/TCGA-AZ-6608-01Z-00-DX1_19456_26624.jpg,TCGA-AZ-6608,TCGA-AZ-6608-01Z-00-DX1,1,1.0,1
tumour/TCGA-AZ-6608-01Z-00-DX1_19456_27648.jpg,TCGA-AZ-6608,TCGA-AZ-6608-01Z-00-DX1,1,0.9999515,1
tumour/TCGA-AZ-6608-01Z-00-DX1_19456_28672.jpg,TCGA-AZ-6608,TCGA-AZ-6608-01Z-00-DX1,1,0.9981579,1
tumour/TCGA-AZ-6608-01Z-00-DX1_19456_29184.jpg,TCGA-AZ-6608,TCGA-AZ-6608-01Z-00-DX1,1,0.9999498,1
tumour/TCGA-AZ-6608-01Z-00-DX1_19456_30720.jpg,TCGA-AZ-6608,TCGA-AZ-6608-01Z-00-DX1,1,1.0,1
tumour/TCGA-AZ-6608-01Z-00-DX1_19456_31232.jpg,TCGA-AZ-6608,TCGA-AZ-6608-01Z-00-DX1,1,0.9999999,1
tumour/TCGA-AZ-6608-01Z-00-DX1_19456_31744.jpg,TCGA-AZ-6608,TCGA-AZ-6608-01Z-00-DX1,1,0.99999726,1
tumour/TCGA-AZ-6608-01Z-00-DX1_19968_24576.jpg,TCGA-AZ-6608,TCGA-AZ-6608-01Z-00-DX1,1,1.0,1
tumour/TCGA-AZ-6608-01Z-00-DX1_19968_25600.jpg,TCGA-AZ-6608,TCGA-AZ-6608-01Z-00-DX1,1,1.0,1
tumour/TCGA-AZ-6608-01Z-00-DX1_19968_26624.jpg,TCGA-AZ-6608,TCGA-AZ-6608-01Z-00-DX1,1,1.0,1
tumour/TCGA-AZ-6608-01Z-00-DX1_19968_27136.jpg,TCGA-AZ-6608,TCGA-AZ-6608-01Z-00-DX1,1,1.0,1
tumour/TCGA-AZ-6608-01Z-00-DX1_19968_28160.jpg,TCGA-AZ-6608,TCGA-AZ-6608-01Z-00-DX1,1,0.99999964,1
tumour/TCGA-AZ-6608-01Z-00-DX1_19968_28672.jpg,TCGA-AZ-6608,TCGA-AZ-6608-01Z-00-DX1,1,1.0,1
tumour/TCGA-AZ-6608-01Z-00-DX1_19968_30208.jpg,TCGA-AZ-6608,TCGA-AZ-6608-01Z-00-DX1,1,1.0,1
tumour/TCGA-AZ-6608-01Z-00-DX1_19968_30720.jpg,TCGA-AZ-6608,TCGA-AZ-6608-01Z-00-DX1,1,1.0,1
tumour/TCGA-AZ-6608-01Z-00-DX1_19968_31232.jpg,TCGA-AZ-6608,TCGA-AZ-6608-01Z-00-DX1,1,1.0,1
tumour/TCGA-AZ-6608-01Z-00-DX1_19968_32256.jpg,TCGA-AZ-6608,TCGA-AZ-6608-01Z-00-DX1,1,0.9999995,1
tumour/TCGA-AZ-6608-01Z-00-DX1_19968_33280.jpg,TCGA-AZ-6608,TCGA-AZ-6608-01Z-00-DX1,1,0.9999943,1
tumour/TCGA-AZ-6608-01Z-00-DX1_20480_20992.jpg,TCGA-AZ-6608,TCGA-AZ-6608-01Z-00-DX1,1,0.9999993,1
tumour/TCGA-AZ-6608-01Z-00-DX1_20480_23040.jpg,TCGA-AZ-6608,TCGA-AZ-6608-01Z-00-DX1,1,0.99999976,1
tumour/TCGA-AZ-6608-01Z-00-DX1_20480_26112.jpg,TCGA-AZ-6608,TCGA-AZ-6608-01Z-00-DX1,1,0.9999999,1
tumour/TCGA-AZ-6608-01Z-00-DX1_20480_26624.jpg,TCGA-AZ-6608,TCGA-AZ-6608-01Z-00-DX1,1,1.0,1
tumour/TCGA-AZ-6608-01Z-00-DX1_20480_29184.jpg,TCGA-AZ-6608,TCGA-AZ-6608-01Z-00-DX1,1,1.0,1
tumour/TCGA-AZ-6608-01Z-00-DX1_20480_29696.jpg,TCGA-AZ-6608,TCGA-AZ-6608-01Z-00-DX1,1,0.999997,1
tumour/TCGA-AZ-6608-01Z-00-DX1_20480_30720.jpg,TCGA-AZ-6608,TCGA-AZ-6608-01Z-00-DX1,1,1.0,1
tumour/TCGA-AZ-6608-01Z-00-DX1_20480_31232.jpg,TCGA-AZ-6608,TCGA-AZ-6608-01Z-00-DX1,1,0.99999964,1
tumour/TCGA-AZ-6608-01Z-00-DX1_20480_31744.jpg,TCGA-AZ-6608,TCGA-AZ-6608-01Z-00-DX1,1,1.0,1
tumour/TCGA-AZ-6608-01Z-00-DX1_20480_33280.jpg,TCGA-AZ-6608,TCGA-AZ-6608-01Z-00-DX1,1,0.9999999,1
tumour/TCGA-AZ-6608-01Z-00-DX1_20480_33792.jpg,TCGA-AZ-6608,TCGA-AZ-6608-01Z-00-DX1,1,1.0,1
tumour/TCGA-AZ-6608-01Z-00-DX1_20480_34304.jpg,TCGA-AZ-6608,TCGA-AZ-6608-01Z-00-DX1,1,0.9999974,1
tumour/TCGA-AZ-6608-01Z-00-DX1_2048_20992.jpg,TCGA-AZ-6608,TCGA-AZ-6608-01Z-00-DX1,1,1.0,1
tumour/TCGA-AZ-6608-01Z-00-DX1_2048_22016.jpg,TCGA-AZ-6608,TCGA-AZ-6608-01Z-00-DX1,1,1.0,1
tumour/TCGA-AZ-6608-01Z-00-DX1_20992_20480.jpg,TCGA-AZ-6608,TCGA-AZ-6608-01Z-00-DX1,1,0.99999976,1
tumour/TCGA-AZ-6608-01Z-00-DX1_20992_22016.jpg,TCGA-AZ-6608,TCGA-AZ-6608-01Z-00-DX1,1,0.99999905,1
tumour/TCGA-AZ-6608-01Z-00-DX1_20992_23040.jpg,TCGA-AZ-6608,TCGA-AZ-6608-01Z-00-DX1,1,0.9999629,1
tumour/TCGA-AZ-6608-01Z-00-DX1_20992_25088.jpg,TCGA-AZ-6608,TCGA-AZ-6608-01Z-00-DX1,1,0.9999968,1
tumour/TCGA-AZ-6608-01Z-00-DX1_20992_26112.jpg,TCGA-AZ-6608,TCGA-AZ-6608-01Z-00-DX1,1,0.9999728,1
tumour/TCGA-AZ-6608-01Z-00-DX1_20992_26624.jpg,TCGA-AZ-6608,TCGA-AZ-6608-01Z-00-DX1,1,0.99999833,1
tumour/TCGA-AZ-6608-01Z-00-DX1_20992_27648.jpg,TCGA-AZ-6608,TCGA-AZ-6608-01Z-00-DX1,1,0.9999577,1
tumour/TCGA-AZ-6608-01Z-00-DX1_20992_28672.jpg,TCGA-AZ-6608,TCGA-AZ-6608-01Z-00-DX1,1,0.99999785,1
tumour/TCGA-AZ-6608-01Z-00-DX1_20992_29184.jpg,TCGA-AZ-6608,TCGA-AZ-6608-01Z-00-DX1,1,0.9994603,1
tumour/TCGA-AZ-6608-01Z-00-DX1_20992_33792.jpg,TCGA-AZ-6608,TCGA-AZ-6608-01Z-00-DX1,1,0.9999988,1
tumour/TCGA-AZ-6608-01Z-00-DX1_21504_20480.jpg,TCGA-AZ-6608,TCGA-AZ-6608-01Z-00-DX1,1,0.99999964,1
tumour/TCGA-AZ-6608-01Z-00-DX1_21504_21504.jpg,TCGA-AZ-6608,TCGA-AZ-6608-01Z-00-DX1,1,0.9999988,1
tumour/TCGA-AZ-6608-01Z-00-DX1_21504_25600.jpg,TCGA-AZ-6608,TCGA-AZ-6608-01Z-00-DX1,1,0.9999851,1
tumour/TCGA-AZ-6608-01Z-00-DX1_21504_27136.jpg,TCGA-AZ-6608,TCGA-AZ-6608-01Z-00-DX1,1,0.99999976,1
tumour/TCGA-AZ-6608-01Z-00-DX1_21504_29184.jpg,TCGA-AZ-6608,TCGA-AZ-6608-01Z-00-DX1,1,0.9999958,1
tumour/TCGA-AZ-6608-01Z-00-DX1_21504_30720.jpg,TCGA-AZ-6608,TCGA-AZ-6608-01Z-00-DX1,1,0.99996376,1
tumour/TCGA-AZ-6608-01Z-00-DX1_21504_31744.jpg,TCGA-AZ-6608,TCGA-AZ-6608-01Z-00-DX1,1,0.9898005,1
tumour/TCGA-AZ-6608-01Z-00-DX1_21504_32768.jpg,TCGA-AZ-6608,TCGA-AZ-6608-01Z-00-DX1,1,1.0,1
tumour/TCGA-AZ-6608-01Z-00-DX1_21504_33792.jpg,TCGA-AZ-6608,TCGA-AZ-6608-01Z-00-DX1,1,0.9998914,1
tumour/TCGA-AZ-6608-01Z-00-DX1_22016_20992.jpg,TCGA-AZ-6608,TCGA-AZ-6608-01Z-00-DX1,1,0.9999901,1
tumour/TCGA-AZ-6608-01Z-00-DX1_22016_21504.jpg,TCGA-AZ-6608,TCGA-AZ-6608-01Z-00-DX1,1,0.99999607,1
tumour/TCGA-AZ-6608-01Z-00-DX1_22016_26112.jpg,TCGA-AZ-6608,TCGA-AZ-6608-01Z-00-DX1,1,0.99999714,1
tumour/TCGA-AZ-6608-01Z-00-DX1_22016_26624.jpg,TCGA-AZ-6608,TCGA-AZ-6608-01Z-00-DX1,1,1.0,1
tumour/TCGA-AZ-6608-01Z-00-DX1_22016_28160.jpg,TCGA-AZ-6608,TCGA-AZ-6608-01Z-00-DX1,1,0.9987072,1
tumour/TCGA-AZ-6608-01Z-00-DX1_22016_29184.jpg,TCGA-AZ-6608,TCGA-AZ-6608-01Z-00-DX1,1,0.9999629,1
tumour/TCGA-AZ-6608-01Z-00-DX1_22016_33280.jpg,TCGA-AZ-6608,TCGA-AZ-6608-01Z-00-DX1,1,1.0,1
tumour/TCGA-AZ-6608-01Z-00-DX1_22528_19968.jpg,TCGA-AZ-6608,TCGA-AZ-6608-01Z-00-DX1,1,0.99999964,1
tumour/TCGA-AZ-6608-01Z-00-DX1_22528_20480.jpg,TCGA-AZ-6608,TCGA-AZ-6608-01Z-00-DX1,1,0.99995995,1
tumour/TCGA-AZ-6608-01Z-00-DX1_22528_20992.jpg,TCGA-AZ-6608,TCGA-AZ-6608-01Z-00-DX1,1,0.9999999,1
tumour/TCGA-AZ-6608-01Z-00-DX1_22528_22016.jpg,TCGA-AZ-6608,TCGA-AZ-6608-01Z-00-DX1,1,0.9999993,1
tumour/TCGA-AZ-6608-01Z-00-DX1_22528_22528.jpg,TCGA-AZ-6608,TCGA-AZ-6608-01Z-00-DX1,1,0.99994946,1
tumour/TCGA-AZ-6608-01Z-00-DX1_22528_23040.jpg,TCGA-AZ-6608,TCGA-AZ-6608-01Z-00-DX1,1,0.9999994,1
tumour/TCGA-AZ-6608-01Z-00-DX1_22528_23552.jpg,TCGA-AZ-6608,TCGA-AZ-6608-01Z-00-DX1,1,1.0,1
tumour/TCGA-AZ-6608-01Z-00-DX1_22528_24064.jpg,TCGA-AZ-6608,TCGA-AZ-6608-01Z-00-DX1,1,0.9999194,1
tumour/TCGA-AZ-6608-01Z-00-DX1_22528_24576.jpg,TCGA-AZ-6608,TCGA-AZ-6608-01Z-00-DX1,1,0.9999982,1
tumour/TCGA-AZ-6608-01Z-00-DX1_22528_25600.jpg,TCGA-AZ-6608,TCGA-AZ-6608-01Z-00-DX1,1,0.99998665,1
tumour/TCGA-AZ-6608-01Z-00-DX1_22528_26112.jpg,TCGA-AZ-6608,TCGA-AZ-6608-01Z-00-DX1,1,0.9999095,1
tumour/TCGA-AZ-6608-01Z-00-DX1_22528_26624.jpg,TCGA-AZ-6608,TCGA-AZ-6608-01Z-00-DX1,1,0.9999976,1
tumour/TCGA-AZ-6608-01Z-00-DX1_22528_27136.jpg,TCGA-AZ-6608,TCGA-AZ-6608-01Z-00-DX1,1,0.9999391,1
tumour/TCGA-AZ-6608-01Z-00-DX1_22528_28672.jpg,TCGA-AZ-6608,TCGA-AZ-6608-01Z-00-DX1,1,0.99998987,1
tumour/TCGA-AZ-6608-01Z-00-DX1_22528_29696.jpg,TCGA-AZ-6608,TCGA-AZ-6608-01Z-00-DX1,1,0.9999975,1
tumour/TCGA-AZ-6608-01Z-00-DX1_22528_30208.jpg,TCGA-AZ-6608,TCGA-AZ-6608-01Z-00-DX1,1,1.0,1
tumour/TCGA-AZ-6608-01Z-00-DX1_22528_30720.jpg,TCGA-AZ-6608,TCGA-AZ-6608-01Z-00-DX1,1,1.0,1
tumour/TCGA-AZ-6608-01Z-00-DX1_22528_31232.jpg,TCGA-AZ-6608,TCGA-AZ-6608-01Z-00-DX1,1,1.0,1
tumour/TCGA-AZ-6608-01Z-00-DX1_22528_31744.jpg,TCGA-AZ-6608,TCGA-AZ-6608-01Z-00-DX1,1,0.99999964,1
tumour/TCGA-AZ-6608-01Z-00-DX1_22528_32768.jpg,TCGA-AZ-6608,TCGA-AZ-6608-01Z-00-DX1,1,1.0,1
tumour/TCGA-AZ-6608-01Z-00-DX1_22528_33280.jpg,TCGA-AZ-6608,TCGA-AZ-6608-01Z-00-DX1,1,0.9999956,1
tumour/TCGA-AZ-6608-01Z-00-DX1_23040_19456.jpg,TCGA-AZ-6608,TCGA-AZ-6608-01Z-00-DX1,1,1.0,1
tumour/TCGA-AZ-6608-01Z-00-DX1_23040_19968.jpg,TCGA-AZ-6608,TCGA-AZ-6608-01Z-00-DX1,1,0.999984,1
tumour/TCGA-AZ-6608-01Z-00-DX1_23040_20992.jpg,TCGA-AZ-6608,TCGA-AZ-6608-01Z-00-DX1,1,0.9998983,1
tumour/TCGA-AZ-6608-01Z-00-DX1_23040_21504.jpg,TCGA-AZ-6608,TCGA-AZ-6608-01Z-00-DX1,1,0.99996483,1
tumour/TCGA-AZ-6608-01Z-00-DX1_23040_23040.jpg,TCGA-AZ-6608,TCGA-AZ-6608-01Z-00-DX1,1,0.9998171,1
tumour/TCGA-AZ-6608-01Z-00-DX1_23040_23552.jpg,TCGA-AZ-6608,TCGA-AZ-6608-01Z-00-DX1,1,0.9999846,1
tumour/TCGA-AZ-6608-01Z-00-DX1_23040_25600.jpg,TCGA-AZ-6608,TCGA-AZ-6608-01Z-00-DX1,1,1.0,1
tumour/TCGA-AZ-6608-01Z-00-DX1_23040_26112.jpg,TCGA-AZ-6608,TCGA-AZ-6608-01Z-00-DX1,1,0.9967996,1
tumour/TCGA-AZ-6608-01Z-00-DX1_23040_27136.jpg,TCGA-AZ-6608,TCGA-AZ-6608-01Z-00-DX1,1,0.9999999,1
tumour/TCGA-AZ-6608-01Z-00-DX1_23040_27648.jpg,TCGA-AZ-6608,TCGA-AZ-6608-01Z-00-DX1,1,0.9999995,1
tumour/TCGA-AZ-6608-01Z-00-DX1_23040_30208.jpg,TCGA-AZ-6608,TCGA-AZ-6608-01Z-00-DX1,1,1.0,1
tumour/TCGA-AZ-6608-01Z-00-DX1_23040_31232.jpg,TCGA-AZ-6608,TCGA-AZ-6608-01Z-00-DX1,1,0.99999976,1
tumour/TCGA-AZ-6608-01Z-00-DX1_23040_32256.jpg,TCGA-AZ-6608,TCGA-AZ-6608-01Z-00-DX1,1,0.99999416,1
tumour/TCGA-AZ-6608-01Z-00-DX1_23040_32768.jpg,TCGA-AZ-6608,TCGA-AZ-6608-01Z-00-DX1,1,0.9998634,1
tumour/TCGA-AZ-6608-01Z-00-DX1_23552_20992.jpg,TCGA-AZ-6608,TCGA-AZ-6608-01Z-00-DX1,1,0.99962115,1
tumour/TCGA-AZ-6608-01Z-00-DX1_23552_21504.jpg,TCGA-AZ-6608,TCGA-AZ-6608-01Z-00-DX1,1,0.9999995,1
tumour/TCGA-AZ-6608-01Z-00-DX1_23552_22528.jpg,TCGA-AZ-6608,TCGA-AZ-6608-01Z-00-DX1,1,0.9999995,1
tumour/TCGA-AZ-6608-01Z-00-DX1_23552_23040.jpg,TCGA-AZ-6608,TCGA-AZ-6608-01Z-00-DX1,1,0.99999475,1
tumour/TCGA-AZ-6608-01Z-00-DX1_23552_24064.jpg,TCGA-AZ-6608,TCGA-AZ-6608-01Z-00-DX1,1,0.9996026,1
tumour/TCGA-AZ-6608-01Z-00-DX1_23552_25088.jpg,TCGA-AZ-6608,TCGA-AZ-6608-01Z-00-DX1,1,0.99884737,1
tumour/TCGA-AZ-6608-01Z-00-DX1_23552_26112.jpg,TCGA-AZ-6608,TCGA-AZ-6608-01Z-00-DX1,1,0.9990176,1
tumour/TCGA-AZ-6608-01Z-00-DX1_23552_26624.jpg,TCGA-AZ-6608,TCGA-AZ-6608-01Z-00-DX1,1,0.9958917,1
tumour/TCGA-AZ-6608-01Z-00-DX1_23552_28160.jpg,TCGA-AZ-6608,TCGA-AZ-6608-01Z-00-DX1,1,0.9999999,1
tumour/TCGA-AZ-6608-01Z-00-DX1_23552_28672.jpg,TCGA-AZ-6608,TCGA-AZ-6608-01Z-00-DX1,1,0.99999976,1
tumour/TCGA-AZ-6608-01Z-00-DX1_23552_32256.jpg,TCGA-AZ-6608,TCGA-AZ-6608-01Z-00-DX1,1,0.9999957,1
tumour/TCGA-AZ-6608-01Z-00-DX1_24064_19968.jpg,TCGA-AZ-6608,TCGA-AZ-6608-01Z-00-DX1,1,0.99565315,1
tumour/TCGA-AZ-6608-01Z-00-DX1_24064_22016.jpg,TCGA-AZ-6608,TCGA-AZ-6608-01Z-00-DX1,1,1.0,1
tumour/TCGA-AZ-6608-01Z-00-DX1_24064_23040.jpg,TCGA-AZ-6608,TCGA-AZ-6608-01Z-00-DX1,1,1.0,1
tumour/TCGA-AZ-6608-01Z-00-DX1_24064_24064.jpg,TCGA-AZ-6608,TCGA-AZ-6608-01Z-00-DX1,1,0.999408,1
tumour/TCGA-AZ-6608-01Z-00-DX1_24064_26624.jpg,TCGA-AZ-6608,TCGA-AZ-6608-01Z-00-DX1,1,0.9999757,1
tumour/TCGA-AZ-6608-01Z-00-DX1_24064_27648.jpg,TCGA-AZ-6608,TCGA-AZ-6608-01Z-00-DX1,1,1.0,1
tumour/TCGA-AZ-6608-01Z-00-DX1_24064_29184.jpg,TCGA-AZ-6608,TCGA-AZ-6608-01Z-00-DX1,1,1.0,1
tumour/TCGA-AZ-6608-01Z-00-DX1_24064_30208.jpg,TCGA-AZ-6608,TCGA-AZ-6608-01Z-00-DX1,1,0.99998546,1
tumour/TCGA-AZ-6608-01Z-00-DX1_24064_30720.jpg,TCGA-AZ-6608,TCGA-AZ-6608-01Z-00-DX1,1,0.9999968,1
tumour/TCGA-AZ-6608-01Z-00-DX1_24576_20480.jpg,TCGA-AZ-6608,TCGA-AZ-6608-01Z-00-DX1,1,0.99999905,1
tumour/TCGA-AZ-6608-01Z-00-DX1_24576_22016.jpg,TCGA-AZ-6608,TCGA-AZ-6608-01Z-00-DX1,1,0.9999975,1
tumour/TCGA-AZ-6608-01Z-00-DX1_24576_22528.jpg,TCGA-AZ-6608,TCGA-AZ-6608-01Z-00-DX1,1,0.9999634,1
tumour/TCGA-AZ-6608-01Z-00-DX1_24576_23552.jpg,TCGA-AZ-6608,TCGA-AZ-6608-01Z-00-DX1,1,0.99999833,1
tumour/TCGA-AZ-6608-01Z-00-DX1_24576_24576.jpg,TCGA-AZ-6608,TCGA-AZ-6608-01Z-00-DX1,1,0.99999833,1
tumour/TCGA-AZ-6608-01Z-00-DX1_24576_25088.jpg,TCGA-AZ-6608,TCGA-AZ-6608-01Z-00-DX1,1,0.9999901,1
tumour/TCGA-AZ-6608-01Z-00-DX1_24576_25600.jpg,TCGA-AZ-6608,TCGA-AZ-6608-01Z-00-DX1,1,0.9799652,1
tumour/TCGA-AZ-6608-01Z-00-DX1_24576_26112.jpg,TCGA-AZ-6608,TCGA-AZ-6608-01Z-00-DX1,1,0.99998784,1
tumour/TCGA-AZ-6608-01Z-00-DX1_24576_27136.jpg,TCGA-AZ-6608,TCGA-AZ-6608-01Z-00-DX1,1,0.99973744,1
tumour/TCGA-AZ-6608-01Z-00-DX1_24576_27648.jpg,TCGA-AZ-6608,TCGA-AZ-6608-01Z-00-DX1,1,0.9999994,1
tumour/TCGA-AZ-6608-01Z-00-DX1_24576_28672.jpg,TCGA-AZ-6608,TCGA-AZ-6608-01Z-00-DX1,1,1.0,1
tumour/TCGA-AZ-6608-01Z-00-DX1_24576_29696.jpg,TCGA-AZ-6608,TCGA-AZ-6608-01Z-00-DX1,1,1.0,1
tumour/TCGA-AZ-6608-01Z-00-DX1_24576_30720.jpg,TCGA-AZ-6608,TCGA-AZ-6608-01Z-00-DX1,1,1.0,1
tumour/TCGA-AZ-6608-01Z-00-DX1_24576_31232.jpg,TCGA-AZ-6608,TCGA-AZ-6608-01Z-00-DX1,1,0.99999964,1
tumour/TCGA-AZ-6608-01Z-00-DX1_25088_19968.jpg,TCGA-AZ-6608,TCGA-AZ-6608-01Z-00-DX1,1,1.0,1
tumour/TCGA-AZ-6608-01Z-00-DX1_25088_20480.jpg,TCGA-AZ-6608,TCGA-AZ-6608-01Z-00-DX1,1,1.0,1
tumour/TCGA-AZ-6608-01Z-00-DX1_25088_20992.jpg,TCGA-AZ-6608,TCGA-AZ-6608-01Z-00-DX1,1,0.99999976,1
tumour/TCGA-AZ-6608-01Z-00-DX1_25088_22016.jpg,TCGA-AZ-6608,TCGA-AZ-6608-01Z-00-DX1,1,0.9994205,1
tumour/TCGA-AZ-6608-01Z-00-DX1_25088_22528.jpg,TCGA-AZ-6608,TCGA-AZ-6608-01Z-00-DX1,1,0.9996886,1
tumour/TCGA-AZ-6608-01Z-00-DX1_25088_23552.jpg,TCGA-AZ-6608,TCGA-AZ-6608-01Z-00-DX1,1,1.0,1
tumour/TCGA-AZ-6608-01Z-00-DX1_25088_24576.jpg,TCGA-AZ-6608,TCGA-AZ-6608-01Z-00-DX1,1,0.97956514,1
tumour/TCGA-AZ-6608-01Z-00-DX1_25088_25088.jpg,TCGA-AZ-6608,TCGA-AZ-6608-01Z-00-DX1,1,0.9999963,1
tumour/TCGA-AZ-6608-01Z-00-DX1_25088_25600.jpg,TCGA-AZ-6608,TCGA-AZ-6608-01Z-00-DX1,1,0.99983406,1
tumour/TCGA-AZ-6608-01Z-00-DX1_25088_27648.jpg,TCGA-AZ-6608,TCGA-AZ-6608-01Z-00-DX1,1,0.99999976,1
tumour/TCGA-AZ-6608-01Z-00-DX1_25088_28160.jpg,TCGA-AZ-6608,TCGA-AZ-6608-01Z-00-DX1,1,0.99998236,1
tumour/TCGA-AZ-6608-01Z-00-DX1_25088_28672.jpg,TCGA-AZ-6608,TCGA-AZ-6608-01Z-00-DX1,1,0.99999547,1
tumour/TCGA-AZ-6608-01Z-00-DX1_25088_29184.jpg,TCGA-AZ-6608,TCGA-AZ-6608-01Z-00-DX1,1,0.9999989,1
tumour/TCGA-AZ-6608-01Z-00-DX1_25088_30720.jpg,TCGA-AZ-6608,TCGA-AZ-6608-01Z-00-DX1,1,1.0,1
tumour/TCGA-AZ-6608-01Z-00-DX1_25600_19968.jpg,TCGA-AZ-6608,TCGA-AZ-6608-01Z-00-DX1,1,1.0,1
tumour/TCGA-AZ-6608-01Z-00-DX1_25600_20992.jpg,TCGA-AZ-6608,TCGA-AZ-6608-01Z-00-DX1,1,0.9999969,1
tumour/TCGA-AZ-6608-01Z-00-DX1_25600_22528.jpg,TCGA-AZ-6608,TCGA-AZ-6608-01Z-00-DX1,1,0.99999845,1
tumour/TCGA-AZ-6608-01Z-00-DX1_25600_23552.jpg,TCGA-AZ-6608,TCGA-AZ-6608-01Z-00-DX1,1,0.99999917,1
tumour/TCGA-AZ-6608-01Z-00-DX1_25600_24064.jpg,TCGA-AZ-6608,TCGA-AZ-6608-01Z-00-DX1,1,0.9997913,1
tumour/TCGA-AZ-6608-01Z-00-DX1_25600_24576.jpg,TCGA-AZ-6608,TCGA-AZ-6608-01Z-00-DX1,1,0.99999976,1
tumour/TCGA-AZ-6608-01Z-00-DX1_25600_26624.jpg,TCGA-AZ-6608,TCGA-AZ-6608-01Z-00-DX1,1,0.9997112,1
tumour/TCGA-AZ-6608-01Z-00-DX1_25600_27648.jpg,TCGA-AZ-6608,TCGA-AZ-6608-01Z-00-DX1,1,0.99999976,1
tumour/TCGA-AZ-6608-01Z-00-DX1_25600_28672.jpg,TCGA-AZ-6608,TCGA-AZ-6608-01Z-00-DX1,1,0.99997425,1
tumour/TCGA-AZ-6608-01Z-00-DX1_25600_29696.jpg,TCGA-AZ-6608,TCGA-AZ-6608-01Z-00-DX1,1,1.0,1
tumour/TCGA-AZ-6608-01Z-00-DX1_25600_30208.jpg,TCGA-AZ-6608,TCGA-AZ-6608-01Z-00-DX1,1,1.0,1
tumour/TCGA-AZ-6608-01Z-00-DX1_25600_30720.jpg,TCGA-AZ-6608,TCGA-AZ-6608-01Z-00-DX1,1,1.0,1
tumour/TCGA-AZ-6608-01Z-00-DX1_2560_20992.jpg,TCGA-AZ-6608,TCGA-AZ-6608-01Z-00-DX1,1,1.0,1
tumour/TCGA-AZ-6608-01Z-00-DX1_2560_21504.jpg,TCGA-AZ-6608,TCGA-AZ-6608-01Z-00-DX1,1,1.0,1
tumour/TCGA-AZ-6608-01Z-00-DX1_2560_22016.jpg,TCGA-AZ-6608,TCGA-AZ-6608-01Z-00-DX1,1,0.99999917,1
tumour/TCGA-AZ-6608-01Z-00-DX1_2560_22528.jpg,TCGA-AZ-6608,TCGA-AZ-6608-01Z-00-DX1,1,1.0,1
tumour/TCGA-AZ-6608-01Z-00-DX1_2560_23040.jpg,TCGA-AZ-6608,TCGA-AZ-6608-01Z-00-DX1,1,0.9999999,1
tumour/TCGA-AZ-6608-01Z-00-DX1_2560_23552.jpg,TCGA-AZ-6608,TCGA-AZ-6608-01Z-00-DX1,1,1.0,1
tumour/TCGA-AZ-6608-01Z-00-DX1_26112_24064.jpg,TCGA-AZ-6608,TCGA-AZ-6608-01Z-00-DX1,1,0.9999862,1
tumour/TCGA-AZ-6608-01Z-00-DX1_26112_24576.jpg,TCGA-AZ-6608,TCGA-AZ-6608-01Z-00-DX1,1,0.99991655,1
tumour/TCGA-AZ-6608-01Z-00-DX1_26112_28160.jpg,TCGA-AZ-6608,TCGA-AZ-6608-01Z-00-DX1,1,0.9999994,1
tumour/TCGA-AZ-6608-01Z-00-DX1_26624_20480.jpg,TCGA-AZ-6608,TCGA-AZ-6608-01Z-00-DX1,1,1.0,1
tumour/TCGA-AZ-6608-01Z-00-DX1_26624_22016.jpg,TCGA-AZ-6608,TCGA-AZ-6608-01Z-00-DX1,1,0.9999994,1
tumour/TCGA-AZ-6608-01Z-00-DX1_26624_22528.jpg,TCGA-AZ-6608,TCGA-AZ-6608-01Z-00-DX1,1,0.99999964,1
tumour/TCGA-AZ-6608-01Z-00-DX1_26624_28672.jpg,TCGA-AZ-6608,TCGA-AZ-6608-01Z-00-DX1,1,0.9999789,1
tumour/TCGA-AZ-6608-01Z-00-DX1_27136_21504.jpg,TCGA-AZ-6608,TCGA-AZ-6608-01Z-00-DX1,1,0.99999964,1
tumour/TCGA-AZ-6608-01Z-00-DX1_27136_22016.jpg,TCGA-AZ-6608,TCGA-AZ-6608-01Z-00-DX1,1,0.99997807,1
tumour/TCGA-AZ-6608-01Z-00-DX1_3072_20480.jpg,TCGA-AZ-6608,TCGA-AZ-6608-01Z-00-DX1,1,1.0,1
tumour/TCGA-AZ-6608-01Z-00-DX1_3072_21504.jpg,TCGA-AZ-6608,TCGA-AZ-6608-01Z-00-DX1,1,1.0,1
tumour/TCGA-AZ-6608-01Z-00-DX1_3072_22016.jpg,TCGA-AZ-6608,TCGA-AZ-6608-01Z-00-DX1,1,0.99999666,1
tumour/TCGA-AZ-6608-01Z-00-DX1_3072_23552.jpg,TCGA-AZ-6608,TCGA-AZ-6608-01Z-00-DX1,1,1.0,1
tumour/TCGA-AZ-6608-01Z-00-DX1_3072_24064.jpg,TCGA-AZ-6608,TCGA-AZ-6608-01Z-00-DX1,1,0.99999976,1
tumour/TCGA-AZ-6608-01Z-00-DX1_3584_18944.jpg,TCGA-AZ-6608,TCGA-AZ-6608-01Z-00-DX1,1,1.0,1
tumour/TCGA-AZ-6608-01Z-00-DX1_3584_19968.jpg,TCGA-AZ-6608,TCGA-AZ-6608-01Z-00-DX1,1,1.0,1
tumour/TCGA-AZ-6608-01Z-00-DX1_3584_20480.jpg,TCGA-AZ-6608,TCGA-AZ-6608-01Z-00-DX1,1,1.0,1
tumour/TCGA-AZ-6608-01Z-00-DX1_3584_20992.jpg,TCGA-AZ-6608,TCGA-AZ-6608-01Z-00-DX1,1,1.0,1
tumour/TCGA-AZ-6608-01Z-00-DX1_3584_22528.jpg,TCGA-AZ-6608,TCGA-AZ-6608-01Z-00-DX1,1,1.0,1
tumour/TCGA-AZ-6608-01Z-00-DX1_3584_24576.jpg,TCGA-AZ-6608,TCGA-AZ-6608-01Z-00-DX1,1,1.0,1
tumour/TCGA-AZ-6608-01Z-00-DX1_4096_19456.jpg,TCGA-AZ-6608,TCGA-AZ-6608-01Z-00-DX1,1,1.0,1
tumour/TCGA-AZ-6608-01Z-00-DX1_4096_20480.jpg,TCGA-AZ-6608,TCGA-AZ-6608-01Z-00-DX1,1,1.0,1
tumour/TCGA-AZ-6608-01Z-00-DX1_4096_22016.jpg,TCGA-AZ-6608,TCGA-AZ-6608-01Z-00-DX1,1,1.0,1
tumour/TCGA-AZ-6608-01Z-00-DX1_4096_24064.jpg,TCGA-AZ-6608,TCGA-AZ-6608-01Z-00-DX1,1,1.0,1
tumour/TCGA-AZ-6608-01Z-00-DX1_4096_24576.jpg,TCGA-AZ-6608,TCGA-AZ-6608-01Z-00-DX1,1,1.0,1
tumour/TCGA-AZ-6608-01Z-00-DX1_4608_20480.jpg,TCGA-AZ-6608,TCGA-AZ-6608-01Z-00-DX1,1,0.99999976,1
tumour/TCGA-AZ-6608-01Z-00-DX1_4608_20992.jpg,TCGA-AZ-6608,TCGA-AZ-6608-01Z-00-DX1,1,1.0,1
tumour/TCGA-AZ-6608-01Z-00-DX1_4608_23040.jpg,TCGA-AZ-6608,TCGA-AZ-6608-01Z-00-DX1,1,1.0,1
tumour/TCGA-AZ-6608-01Z-00-DX1_4608_23552.jpg,TCGA-AZ-6608,TCGA-AZ-6608-01Z-00-DX1,1,1.0,1
tumour/TCGA-AZ-6608-01Z-00-DX1_5120_19968.jpg,TCGA-AZ-6608,TCGA-AZ-6608-01Z-00-DX1,1,1.0,1
tumour/TCGA-AZ-6608-01Z-00-DX1_5120_21504.jpg,TCGA-AZ-6608,TCGA-AZ-6608-01Z-00-DX1,1,1.0,1
tumour/TCGA-AZ-6608-01Z-00-DX1_5120_22528.jpg,TCGA-AZ-6608,TCGA-AZ-6608-01Z-00-DX1,1,1.0,1
tumour/TCGA-AZ-6608-01Z-00-DX1_5120_23040.jpg,TCGA-AZ-6608,TCGA-AZ-6608-01Z-00-DX1,1,1.0,1
tumour/TCGA-AZ-6608-01Z-00-DX1_5120_23552.jpg,TCGA-AZ-6608,TCGA-AZ-6608-01Z-00-DX1,1,1.0,1
tumour/TCGA-AZ-6608-01Z-00-DX1_5120_24576.jpg,TCGA-AZ-6608,TCGA-AZ-6608-01Z-00-DX1,1,1.0,1
tumour/TCGA-AZ-6608-01Z-00-DX1_5120_28160.jpg,TCGA-AZ-6608,TCGA-AZ-6608-01Z-00-DX1,1,1.0,1
tumour/TCGA-AZ-6608-01Z-00-DX1_5120_28672.jpg,TCGA-AZ-6608,TCGA-AZ-6608-01Z-00-DX1,1,1.0,1
tumour/TCGA-AZ-6608-01Z-00-DX1_5632_20480.jpg,TCGA-AZ-6608,TCGA-AZ-6608-01Z-00-DX1,1,1.0,1
tumour/TCGA-AZ-6608-01Z-00-DX1_5632_20992.jpg,TCGA-AZ-6608,TCGA-AZ-6608-01Z-00-DX1,1,0.9999999,1
tumour/TCGA-AZ-6608-01Z-00-DX1_5632_22016.jpg,TCGA-AZ-6608,TCGA-AZ-6608-01Z-00-DX1,1,0.99999666,1
tumour/TCGA-AZ-6608-01Z-00-DX1_5632_23040.jpg,TCGA-AZ-6608,TCGA-AZ-6608-01Z-00-DX1,1,1.0,1
tumour/TCGA-AZ-6608-01Z-00-DX1_5632_24064.jpg,TCGA-AZ-6608,TCGA-AZ-6608-01Z-00-DX1,1,0.99999964,1
tumour/TCGA-AZ-6608-01Z-00-DX1_5632_24576.jpg,TCGA-AZ-6608,TCGA-AZ-6608-01Z-00-DX1,1,0.99995327,1
tumour/TCGA-AZ-6608-01Z-00-DX1_5632_26624.jpg,TCGA-AZ-6608,TCGA-AZ-6608-01Z-00-DX1,1,1.0,1
tumour/TCGA-AZ-6608-01Z-00-DX1_5632_27648.jpg,TCGA-AZ-6608,TCGA-AZ-6608-01Z-00-DX1,1,1.0,1
tumour/TCGA-AZ-6608-01Z-00-DX1_5632_28160.jpg,TCGA-AZ-6608,TCGA-AZ-6608-01Z-00-DX1,1,1.0,1
tumour/TCGA-AZ-6608-01Z-00-DX1_6144_19968.jpg,TCGA-AZ-6608,TCGA-AZ-6608-01Z-00-DX1,1,0.9999994,1
tumour/TCGA-AZ-6608-01Z-00-DX1_6144_20480.jpg,TCGA-AZ-6608,TCGA-AZ-6608-01Z-00-DX1,1,1.0,1
tumour/TCGA-AZ-6608-01Z-00-DX1_6144_20992.jpg,TCGA-AZ-6608,TCGA-AZ-6608-01Z-00-DX1,1,1.0,1
tumour/TCGA-AZ-6608-01Z-00-DX1_6144_22016.jpg,TCGA-AZ-6608,TCGA-AZ-6608-01Z-00-DX1,1,0.99980706,1
tumour/TCGA-AZ-6608-01Z-00-DX1_6144_23552.jpg,TCGA-AZ-6608,TCGA-AZ-6608-01Z-00-DX1,1,0.9999999,1
tumour/TCGA-AZ-6608-01Z-00-DX1_6144_24064.jpg,TCGA-AZ-6608,TCGA-AZ-6608-01Z-00-DX1,1,1.0,1
tumour/TCGA-AZ-6608-01Z-00-DX1_6144_25088.jpg,TCGA-AZ-6608,TCGA-AZ-6608-01Z-00-DX1,1,1.0,1
tumour/TCGA-AZ-6608-01Z-00-DX1_6144_26112.jpg,TCGA-AZ-6608,TCGA-AZ-6608-01Z-00-DX1,1,1.0,1
tumour/TCGA-AZ-6608-01Z-00-DX1_6144_26624.jpg,TCGA-AZ-6608,TCGA-AZ-6608-01Z-00-DX1,1,1.0,1
tumour/TCGA-AZ-6608-01Z-00-DX1_6144_27648.jpg,TCGA-AZ-6608,TCGA-AZ-6608-01Z-00-DX1,1,1.0,1
tumour/TCGA-AZ-6608-01Z-00-DX1_6656_19456.jpg,TCGA-AZ-6608,TCGA-AZ-6608-01Z-00-DX1,1,1.0,1
tumour/TCGA-AZ-6608-01Z-00-DX1_6656_19968.jpg,TCGA-AZ-6608,TCGA-AZ-6608-01Z-00-DX1,1,1.0,1
tumour/TCGA-AZ-6608-01Z-00-DX1_6656_20480.jpg,TCGA-AZ-6608,TCGA-AZ-6608-01Z-00-DX1,1,1.0,1
tumour/TCGA-AZ-6608-01Z-00-DX1_6656_20992.jpg,TCGA-AZ-6608,TCGA-AZ-6608-01Z-00-DX1,1,1.0,1
tumour/TCGA-AZ-6608-01Z-00-DX1_6656_22528.jpg,TCGA-AZ-6608,TCGA-AZ-6608-01Z-00-DX1,1,0.99996924,1
tumour/TCGA-AZ-6608-01Z-00-DX1_6656_23552.jpg,TCGA-AZ-6608,TCGA-AZ-6608-01Z-00-DX1,1,0.99999964,1
tumour/TCGA-AZ-6608-01Z-00-DX1_6656_24064.jpg,TCGA-AZ-6608,TCGA-AZ-6608-01Z-00-DX1,1,1.0,1
tumour/TCGA-AZ-6608-01Z-00-DX1_6656_25088.jpg,TCGA-AZ-6608,TCGA-AZ-6608-01Z-00-DX1,1,1.0,1
tumour/TCGA-AZ-6608-01Z-00-DX1_6656_25600.jpg,TCGA-AZ-6608,TCGA-AZ-6608-01Z-00-DX1,1,1.0,1
tumour/TCGA-AZ-6608-01Z-00-DX1_6656_26112.jpg,TCGA-AZ-6608,TCGA-AZ-6608-01Z-00-DX1,1,0.9999833,1
tumour/TCGA-AZ-6608-01Z-00-DX1_6656_26624.jpg,TCGA-AZ-6608,TCGA-AZ-6608-01Z-00-DX1,1,1.0,1
tumour/TCGA-AZ-6608-01Z-00-DX1_6656_28672.jpg,TCGA-AZ-6608,TCGA-AZ-6608-01Z-00-DX1,1,0.9999995,1
tumour/TCGA-AZ-6608-01Z-00-DX1_6656_29184.jpg,TCGA-AZ-6608,TCGA-AZ-6608-01Z-00-DX1,1,0.9999994,1
tumour/TCGA-AZ-6608-01Z-00-DX1_7168_19968.jpg,TCGA-AZ-6608,TCGA-AZ-6608-01Z-00-DX1,1,0.9999982,1
tumour/TCGA-AZ-6608-01Z-00-DX1_7168_20480.jpg,TCGA-AZ-6608,TCGA-AZ-6608-01Z-00-DX1,1,1.0,1
tumour/TCGA-AZ-6608-01Z-00-DX1_7168_22016.jpg,TCGA-AZ-6608,TCGA-AZ-6608-01Z-00-DX1,1,0.99999845,1
tumour/TCGA-AZ-6608-01Z-00-DX1_7168_22528.jpg,TCGA-AZ-6608,TCGA-AZ-6608-01Z-00-DX1,1,0.9999999,1
tumour/TCGA-AZ-6608-01Z-00-DX1_7168_24576.jpg,TCGA-AZ-6608,TCGA-AZ-6608-01Z-00-DX1,1,1.0,1
tumour/TCGA-AZ-6608-01Z-00-DX1_7168_25600.jpg,TCGA-AZ-6608,TCGA-AZ-6608-01Z-00-DX1,1,1.0,1
tumour/TCGA-AZ-6608-01Z-00-DX1_7680_20992.jpg,TCGA-AZ-6608,TCGA-AZ-6608-01Z-00-DX1,1,0.99999774,1
tumour/TCGA-AZ-6608-01Z-00-DX1_7680_21504.jpg,TCGA-AZ-6608,TCGA-AZ-6608-01Z-00-DX1,1,0.99999964,1
tumour/TCGA-AZ-6608-01Z-00-DX1_7680_23040.jpg,TCGA-AZ-6608,TCGA-AZ-6608-01Z-00-DX1,1,0.9999937,1
tumour/TCGA-AZ-6608-01Z-00-DX1_7680_24064.jpg,TCGA-AZ-6608,TCGA-AZ-6608-01Z-00-DX1,1,0.99999976,1
tumour/TCGA-AZ-6608-01Z-00-DX1_7680_24576.jpg,TCGA-AZ-6608,TCGA-AZ-6608-01Z-00-DX1,1,1.0,1
tumour/TCGA-AZ-6608-01Z-00-DX1_7680_26112.jpg,TCGA-AZ-6608,TCGA-AZ-6608-01Z-00-DX1,1,1.0,1
tumour/TCGA-AZ-6608-01Z-00-DX1_7680_26624.jpg,TCGA-AZ-6608,TCGA-AZ-6608-01Z-00-DX1,1,1.0,1
tumour/TCGA-AZ-6608-01Z-00-DX1_7680_27136.jpg,TCGA-AZ-6608,TCGA-AZ-6608-01Z-00-DX1,1,1.0,1
tumour/TCGA-AZ-6608-01Z-00-DX1_7680_27648.jpg,TCGA-AZ-6608,TCGA-AZ-6608-01Z-00-DX1,1,0.9999999,1
tumour/TCGA-AZ-6608-01Z-00-DX1_7680_29696.jpg,TCGA-AZ-6608,TCGA-AZ-6608-01Z-00-DX1,1,0.9999831,1
tumour/TCGA-AZ-6608-01Z-00-DX1_8192_19968.jpg,TCGA-AZ-6608,TCGA-AZ-6608-01Z-00-DX1,1,1.0,1
tumour/TCGA-AZ-6608-01Z-00-DX1_8192_20480.jpg,TCGA-AZ-6608,TCGA-AZ-6608-01Z-00-DX1,1,1.0,1
tumour/TCGA-AZ-6608-01Z-00-DX1_8192_20992.jpg,TCGA-AZ-6608,TCGA-AZ-6608-01Z-00-DX1,1,0.9999933,1
tumour/TCGA-AZ-6608-01Z-00-DX1_8192_22016.jpg,TCGA-AZ-6608,TCGA-AZ-6608-01Z-00-DX1,1,1.0,1
tumour/TCGA-AZ-6608-01Z-00-DX1_8192_22528.jpg,TCGA-AZ-6608,TCGA-AZ-6608-01Z-00-DX1,1,0.99666566,1
tumour/TCGA-AZ-6608-01Z-00-DX1_8192_24576.jpg,TCGA-AZ-6608,TCGA-AZ-6608-01Z-00-DX1,1,1.0,1
tumour/TCGA-AZ-6608-01Z-00-DX1_8192_25600.jpg,TCGA-AZ-6608,TCGA-AZ-6608-01Z-00-DX1,1,0.99999785,1
tumour/TCGA-AZ-6608-01Z-00-DX1_8192_27648.jpg,TCGA-AZ-6608,TCGA-AZ-6608-01Z-00-DX1,1,0.999775,1
tumour/TCGA-AZ-6608-01Z-00-DX1_8704_18944.jpg,TCGA-AZ-6608,TCGA-AZ-6608-01Z-00-DX1,1,0.99999547,1
tumour/TCGA-AZ-6608-01Z-00-DX1_8704_25600.jpg,TCGA-AZ-6608,TCGA-AZ-6608-01Z-00-DX1,1,1.0,1
tumour/TCGA-AZ-6608-01Z-00-DX1_8704_26624.jpg,TCGA-AZ-6608,TCGA-AZ-6608-01Z-00-DX1,1,1.0,1
tumour/TCGA-AZ-6608-01Z-00-DX1_8704_28160.jpg,TCGA-AZ-6608,TCGA-AZ-6608-01Z-00-DX1,1,1.0,1
tumour/TCGA-AZ-6608-01Z-00-DX1_8704_28672.jpg,TCGA-AZ-6608,TCGA-AZ-6608-01Z-00-DX1,1,1.0,1
tumour/TCGA-AZ-6608-01Z-00-DX1_8704_29696.jpg,TCGA-AZ-6608,TCGA-AZ-6608-01Z-00-DX1,1,1.0,1
tumour/TCGA-AZ-6608-01Z-00-DX1_9216_17920.jpg,TCGA-AZ-6608,TCGA-AZ-6608-01Z-00-DX1,1,1.0,1
tumour/TCGA-AZ-6608-01Z-00-DX1_9216_18432.jpg,TCGA-AZ-6608,TCGA-AZ-6608-01Z-00-DX1,1,0.9999999,1
tumour/TCGA-AZ-6608-01Z-00-DX1_9216_19968.jpg,TCGA-AZ-6608,TCGA-AZ-6608-01Z-00-DX1,1,0.99999976,1
tumour/TCGA-AZ-6608-01Z-00-DX1_9216_20992.jpg,TCGA-AZ-6608,TCGA-AZ-6608-01Z-00-DX1,1,1.0,1
tumour/TCGA-AZ-6608-01Z-00-DX1_9216_22528.jpg,TCGA-AZ-6608,TCGA-AZ-6608-01Z-00-DX1,1,1.0,1
tumour/TCGA-AZ-6608-01Z-00-DX1_9216_27648.jpg,TCGA-AZ-6608,TCGA-AZ-6608-01Z-00-DX1,1,0.9999999,1
tumour/TCGA-AZ-6608-01Z-00-DX1_9216_28160.jpg,TCGA-AZ-6608,TCGA-AZ-6608-01Z-00-DX1,1,1.0,1
tumour/TCGA-AZ-6608-01Z-00-DX1_9216_28672.jpg,TCGA-AZ-6608,TCGA-AZ-6608-01Z-00-DX1,1,0.9999999,1
tumour/TCGA-AZ-6608-01Z-00-DX1_9728_17920.jpg,TCGA-AZ-6608,TCGA-AZ-6608-01Z-00-DX1,1,1.0,1
tumour/TCGA-AZ-6608-01Z-00-DX1_9728_18432.jpg,TCGA-AZ-6608,TCGA-AZ-6608-01Z-00-DX1,1,0.99999964,1
tumour/TCGA-AZ-6608-01Z-00-DX1_9728_18944.jpg,TCGA-AZ-6608,TCGA-AZ-6608-01Z-00-DX1,1,1.0,1
tumour/TCGA-AZ-6608-01Z-00-DX1_9728_19456.jpg,TCGA-AZ-6608,TCGA-AZ-6608-01Z-00-DX1,1,1.0,1
tumour/TCGA-AZ-6608-01Z-00-DX1_9728_20480.jpg,TCGA-AZ-6608,TCGA-AZ-6608-01Z-00-DX1,1,1.0,1
tumour/TCGA-AZ-6608-01Z-00-DX1_9728_21504.jpg,TCGA-AZ-6608,TCGA-AZ-6608-01Z-00-DX1,1,1.0,1
tumour/TCGA-AZ-6608-01Z-00-DX1_9728_22016.jpg,TCGA-AZ-6608,TCGA-AZ-6608-01Z-00-DX1,1,0.99999976,1
tumour/TCGA-AZ-6608-01Z-00-DX1_9728_22528.jpg,TCGA-AZ-6608,TCGA-AZ-6608-01Z-00-DX1,1,1.0,1
tumour/TCGA-AZ-6608-01Z-00-DX1_9728_25088.jpg,TCGA-AZ-6608,TCGA-AZ-6608-01Z-00-DX1,1,1.0,1
tumour/TCGA-AZ-6608-01Z-00-DX1_9728_26112.jpg,TCGA-AZ-6608,TCGA-AZ-6608-01Z-00-DX1,1,1.0,1
tumour/TCGA-AZ-6608-01Z-00-DX1_9728_27136.jpg,TCGA-AZ-6608,TCGA-AZ-6608-01Z-00-DX1,1,1.0,1
tumour/TCGA-AZ-6608-01Z-00-DX1_9728_27648.jpg,TCGA-AZ-6608,TCGA-AZ-6608-01Z-00-DX1,1,1.0,1
tumour/TCGA-AZ-6608-01Z-00-DX1_9728_29184.jpg,TCGA-AZ-6608,TCGA-AZ-6608-01Z-00-DX1,1,1.0,1
tumour/TCGA-AZ-6608-01Z-00-DX1_9728_30208.jpg,TCGA-AZ-6608,TCGA-AZ-6608-01Z-00-DX1,1,0.99987805,1
tumour/TCGA-AZ-6608-01Z-00-DX1_9728_30720.jpg,TCGA-AZ-6608,TCGA-AZ-6608-01Z-00-DX1,1,1.0,1
tumour/TCGA-AZ-6608-01Z-00-DX1_9728_31232.jpg,TCGA-AZ-6608,TCGA-AZ-6608-01Z-00-DX1,1,0.99999964,1
tumour/TCGA-F4-6856-01Z-00-DX1_10240_10240.jpg,TCGA-F4-6856,TCGA-F4-6856-01Z-00-DX1,1,0.9998665,1
tumour/TCGA-F4-6856-01Z-00-DX1_10240_10752.jpg,TCGA-F4-6856,TCGA-F4-6856-01Z-00-DX1,1,0.99368495,1
tumour/TCGA-F4-6856-01Z-00-DX1_10240_11264.jpg,TCGA-F4-6856,TCGA-F4-6856-01Z-00-DX1,1,0.5175988,1
tumour/TCGA-F4-6856-01Z-00-DX1_10240_21504.jpg,TCGA-F4-6856,TCGA-F4-6856-01Z-00-DX1,1,0.9995577,1
tumour/TCGA-F4-6856-01Z-00-DX1_10240_22016.jpg,TCGA-F4-6856,TCGA-F4-6856-01Z-00-DX1,1,0.9997322,1
tumour/TCGA-F4-6856-01Z-00-DX1_10240_23552.jpg,TCGA-F4-6856,TCGA-F4-6856-01Z-00-DX1,1,0.99970204,1
tumour/TCGA-F4-6856-01Z-00-DX1_10240_9728.jpg,TCGA-F4-6856,TCGA-F4-6856-01Z-00-DX1,1,0.79985446,1
tumour/TCGA-F4-6856-01Z-00-DX1_10752_10752.jpg,TCGA-F4-6856,TCGA-F4-6856-01Z-00-DX1,1,0.99892247,1
tumour/TCGA-F4-6856-01Z-00-DX1_10752_20480.jpg,TCGA-F4-6856,TCGA-F4-6856-01Z-00-DX1,1,0.986296,1
tumour/TCGA-F4-6856-01Z-00-DX1_10752_21504.jpg,TCGA-F4-6856,TCGA-F4-6856-01Z-00-DX1,1,0.9965563,1
tumour/TCGA-F4-6856-01Z-00-DX1_10752_22528.jpg,TCGA-F4-6856,TCGA-F4-6856-01Z-00-DX1,1,0.9996873,1
tumour/TCGA-F4-6856-01Z-00-DX1_10752_9216.jpg,TCGA-F4-6856,TCGA-F4-6856-01Z-00-DX1,1,0.99995077,1
tumour/TCGA-F4-6856-01Z-00-DX1_10752_9728.jpg,TCGA-F4-6856,TCGA-F4-6856-01Z-00-DX1,1,0.99930716,1
tumour/TCGA-F4-6856-01Z-00-DX1_11264_10752.jpg,TCGA-F4-6856,TCGA-F4-6856-01Z-00-DX1,1,0.94953316,1
tumour/TCGA-F4-6856-01Z-00-DX1_11264_11264.jpg,TCGA-F4-6856,TCGA-F4-6856-01Z-00-DX1,1,0.34118178,0
tumour/TCGA-F4-6856-01Z-00-DX1_11264_20480.jpg,TCGA-F4-6856,TCGA-F4-6856-01Z-00-DX1,1,0.99937683,1
tumour/TCGA-F4-6856-01Z-00-DX1_11264_20992.jpg,TCGA-F4-6856,TCGA-F4-6856-01Z-00-DX1,1,0.9963966,1
tumour/TCGA-F4-6856-01Z-00-DX1_11264_8704.jpg,TCGA-F4-6856,TCGA-F4-6856-01Z-00-DX1,1,0.9990889,1
tumour/TCGA-F4-6856-01Z-00-DX1_11264_9728.jpg,TCGA-F4-6856,TCGA-F4-6856-01Z-00-DX1,1,0.9986333,1
tumour/TCGA-F4-6856-01Z-00-DX1_11776_10240.jpg,TCGA-F4-6856,TCGA-F4-6856-01Z-00-DX1,1,0.9931376,1
tumour/TCGA-F4-6856-01Z-00-DX1_11776_11776.jpg,TCGA-F4-6856,TCGA-F4-6856-01Z-00-DX1,1,0.9988211,1
tumour/TCGA-F4-6856-01Z-00-DX1_11776_20480.jpg,TCGA-F4-6856,TCGA-F4-6856-01Z-00-DX1,1,0.9832655,1
tumour/TCGA-F4-6856-01Z-00-DX1_11776_21504.jpg,TCGA-F4-6856,TCGA-F4-6856-01Z-00-DX1,1,0.9641329,1
tumour/TCGA-F4-6856-01Z-00-DX1_11776_28672.jpg,TCGA-F4-6856,TCGA-F4-6856-01Z-00-DX1,1,0.9999181,1
tumour/TCGA-F4-6856-01Z-00-DX1_11776_9728.jpg,TCGA-F4-6856,TCGA-F4-6856-01Z-00-DX1,1,0.45251757,0
tumour/TCGA-F4-6856-01Z-00-DX1_12288_10240.jpg,TCGA-F4-6856,TCGA-F4-6856-01Z-00-DX1,1,0.9747745,1
tumour/TCGA-F4-6856-01Z-00-DX1_12288_21504.jpg,TCGA-F4-6856,TCGA-F4-6856-01Z-00-DX1,1,0.99885845,1
tumour/TCGA-F4-6856-01Z-00-DX1_12288_23552.jpg,TCGA-F4-6856,TCGA-F4-6856-01Z-00-DX1,1,0.17136943,0
tumour/TCGA-F4-6856-01Z-00-DX1_12288_29184.jpg,TCGA-F4-6856,TCGA-F4-6856-01Z-00-DX1,1,0.99999547,1
tumour/TCGA-F4-6856-01Z-00-DX1_12288_29696.jpg,TCGA-F4-6856,TCGA-F4-6856-01Z-00-DX1,1,0.99999094,1
tumour/TCGA-F4-6856-01Z-00-DX1_12288_30208.jpg,TCGA-F4-6856,TCGA-F4-6856-01Z-00-DX1,1,0.99997723,1
tumour/TCGA-F4-6856-01Z-00-DX1_12288_8192.jpg,TCGA-F4-6856,TCGA-F4-6856-01Z-00-DX1,1,0.99597293,1
tumour/TCGA-F4-6856-01Z-00-DX1_12288_8704.jpg,TCGA-F4-6856,TCGA-F4-6856-01Z-00-DX1,1,0.98791295,1
tumour/TCGA-F4-6856-01Z-00-DX1_12800_23040.jpg,TCGA-F4-6856,TCGA-F4-6856-01Z-00-DX1,1,0.94214666,1
tumour/TCGA-F4-6856-01Z-00-DX1_12800_23552.jpg,TCGA-F4-6856,TCGA-F4-6856-01Z-00-DX1,1,0.9986785,1
tumour/TCGA-F4-6856-01Z-00-DX1_12800_28672.jpg,TCGA-F4-6856,TCGA-F4-6856-01Z-00-DX1,1,0.99999356,1
tumour/TCGA-F4-6856-01Z-00-DX1_12800_29184.jpg,TCGA-F4-6856,TCGA-F4-6856-01Z-00-DX1,1,0.9999962,1
tumour/TCGA-F4-6856-01Z-00-DX1_12800_30208.jpg,TCGA-F4-6856,TCGA-F4-6856-01Z-00-DX1,1,0.99998283,1
tumour/TCGA-F4-6856-01Z-00-DX1_12800_32256.jpg,TCGA-F4-6856,TCGA-F4-6856-01Z-00-DX1,1,0.9999213,1
tumour/TCGA-F4-6856-01Z-00-DX1_12800_9728.jpg,TCGA-F4-6856,TCGA-F4-6856-01Z-00-DX1,1,0.7643679,1
tumour/TCGA-F4-6856-01Z-00-DX1_13312_28160.jpg,TCGA-F4-6856,TCGA-F4-6856-01Z-00-DX1,1,0.9996531,1
tumour/TCGA-F4-6856-01Z-00-DX1_13312_29184.jpg,TCGA-F4-6856,TCGA-F4-6856-01Z-00-DX1,1,0.9977805,1
tumour/TCGA-F4-6856-01Z-00-DX1_13312_29696.jpg,TCGA-F4-6856,TCGA-F4-6856-01Z-00-DX1,1,0.9993851,1
tumour/TCGA-F4-6856-01Z-00-DX1_13312_9216.jpg,TCGA-F4-6856,TCGA-F4-6856-01Z-00-DX1,1,0.9912982,1
tumour/TCGA-F4-6856-01Z-00-DX1_13824_10240.jpg,TCGA-F4-6856,TCGA-F4-6856-01Z-00-DX1,1,0.99978226,1
tumour/TCGA-F4-6856-01Z-00-DX1_13824_28672.jpg,TCGA-F4-6856,TCGA-F4-6856-01Z-00-DX1,1,0.9997502,1
tumour/TCGA-F4-6856-01Z-00-DX1_13824_29184.jpg,TCGA-F4-6856,TCGA-F4-6856-01Z-00-DX1,1,0.9999882,1
tumour/TCGA-F4-6856-01Z-00-DX1_13824_32256.jpg,TCGA-F4-6856,TCGA-F4-6856-01Z-00-DX1,1,0.99989927,1
tumour/TCGA-F4-6856-01Z-00-DX1_13824_8704.jpg,TCGA-F4-6856,TCGA-F4-6856-01Z-00-DX1,1,0.9926091,1
tumour/TCGA-F4-6856-01Z-00-DX1_14336_28672.jpg,TCGA-F4-6856,TCGA-F4-6856-01Z-00-DX1,1,0.9999999,1
tumour/TCGA-F4-6856-01Z-00-DX1_14336_29696.jpg,TCGA-F4-6856,TCGA-F4-6856-01Z-00-DX1,1,0.99961805,1
tumour/TCGA-F4-6856-01Z-00-DX1_14336_30208.jpg,TCGA-F4-6856,TCGA-F4-6856-01Z-00-DX1,1,0.99997866,1
tumour/TCGA-F4-6856-01Z-00-DX1_14336_31232.jpg,TCGA-F4-6856,TCGA-F4-6856-01Z-00-DX1,1,0.9986357,1
tumour/TCGA-F4-6856-01Z-00-DX1_14336_31744.jpg,TCGA-F4-6856,TCGA-F4-6856-01Z-00-DX1,1,0.9984255,1
tumour/TCGA-F4-6856-01Z-00-DX1_14848_10752.jpg,TCGA-F4-6856,TCGA-F4-6856-01Z-00-DX1,1,0.98814535,1
tumour/TCGA-F4-6856-01Z-00-DX1_14848_11264.jpg,TCGA-F4-6856,TCGA-F4-6856-01Z-00-DX1,1,0.99970955,1
tumour/TCGA-F4-6856-01Z-00-DX1_14848_14336.jpg,TCGA-F4-6856,TCGA-F4-6856-01Z-00-DX1,1,0.99934965,1
tumour/TCGA-F4-6856-01Z-00-DX1_14848_29696.jpg,TCGA-F4-6856,TCGA-F4-6856-01Z-00-DX1,1,0.9816201,1
tumour/TCGA-F4-6856-01Z-00-DX1_14848_31744.jpg,TCGA-F4-6856,TCGA-F4-6856-01Z-00-DX1,1,0.8975478,1
tumour/TCGA-F4-6856-01Z-00-DX1_14848_32256.jpg,TCGA-F4-6856,TCGA-F4-6856-01Z-00-DX1,1,0.99975234,1
tumour/TCGA-F4-6856-01Z-00-DX1_14848_33280.jpg,TCGA-F4-6856,TCGA-F4-6856-01Z-00-DX1,1,0.9714695,1
tumour/TCGA-F4-6856-01Z-00-DX1_14848_8704.jpg,TCGA-F4-6856,TCGA-F4-6856-01Z-00-DX1,1,0.9737438,1
tumour/TCGA-F4-6856-01Z-00-DX1_14848_9216.jpg,TCGA-F4-6856,TCGA-F4-6856-01Z-00-DX1,1,0.8154011,1
tumour/TCGA-F4-6856-01Z-00-DX1_15360_10240.jpg,TCGA-F4-6856,TCGA-F4-6856-01Z-00-DX1,1,0.92333,1
tumour/TCGA-F4-6856-01Z-00-DX1_15360_10752.jpg,TCGA-F4-6856,TCGA-F4-6856-01Z-00-DX1,1,0.9752753,1
tumour/TCGA-F4-6856-01Z-00-DX1_15360_13312.jpg,TCGA-F4-6856,TCGA-F4-6856-01Z-00-DX1,1,0.90436953,1
tumour/TCGA-F4-6856-01Z-00-DX1_15360_13824.jpg,TCGA-F4-6856,TCGA-F4-6856-01Z-00-DX1,1,0.9859299,1
tumour/TCGA-F4-6856-01Z-00-DX1_15360_31232.jpg,TCGA-F4-6856,TCGA-F4-6856-01Z-00-DX1,1,0.99544406,1
tumour/TCGA-F4-6856-01Z-00-DX1_15360_32256.jpg,TCGA-F4-6856,TCGA-F4-6856-01Z-00-DX1,1,0.9728018,1
tumour/TCGA-F4-6856-01Z-00-DX1_15360_32768.jpg,TCGA-F4-6856,TCGA-F4-6856-01Z-00-DX1,1,0.9979506,1
tumour/TCGA-F4-6856-01Z-00-DX1_15360_9216.jpg,TCGA-F4-6856,TCGA-F4-6856-01Z-00-DX1,1,0.7673965,1
tumour/TCGA-F4-6856-01Z-00-DX1_15360_9728.jpg,TCGA-F4-6856,TCGA-F4-6856-01Z-00-DX1,1,0.97980106,1
tumour/TCGA-F4-6856-01Z-00-DX1_15872_10240.jpg,TCGA-F4-6856,TCGA-F4-6856-01Z-00-DX1,1,0.73949933,1
tumour/TCGA-F4-6856-01Z-00-DX1_15872_10752.jpg,TCGA-F4-6856,TCGA-F4-6856-01Z-00-DX1,1,0.9508321,1
tumour/TCGA-F4-6856-01Z-00-DX1_15872_13824.jpg,TCGA-F4-6856,TCGA-F4-6856-01Z-00-DX1,1,0.9602971,1
tumour/TCGA-F4-6856-01Z-00-DX1_15872_14336.jpg,TCGA-F4-6856,TCGA-F4-6856-01Z-00-DX1,1,0.9984611,1
tumour/TCGA-F4-6856-01Z-00-DX1_15872_14848.jpg,TCGA-F4-6856,TCGA-F4-6856-01Z-00-DX1,1,0.9964876,1
tumour/TCGA-F4-6856-01Z-00-DX1_15872_15360.jpg,TCGA-F4-6856,TCGA-F4-6856-01Z-00-DX1,1,0.83411986,1
tumour/TCGA-F4-6856-01Z-00-DX1_15872_15872.jpg,TCGA-F4-6856,TCGA-F4-6856-01Z-00-DX1,1,0.99979776,1
tumour/TCGA-F4-6856-01Z-00-DX1_15872_16384.jpg,TCGA-F4-6856,TCGA-F4-6856-01Z-00-DX1,1,0.99716526,1
tumour/TCGA-F4-6856-01Z-00-DX1_15872_32256.jpg,TCGA-F4-6856,TCGA-F4-6856-01Z-00-DX1,1,0.99966145,1
tumour/TCGA-F4-6856-01Z-00-DX1_15872_32768.jpg,TCGA-F4-6856,TCGA-F4-6856-01Z-00-DX1,1,0.99548656,1
tumour/TCGA-F4-6856-01Z-00-DX1_15872_8704.jpg,TCGA-F4-6856,TCGA-F4-6856-01Z-00-DX1,1,0.9986563,1
tumour/TCGA-F4-6856-01Z-00-DX1_16384_10240.jpg,TCGA-F4-6856,TCGA-F4-6856-01Z-00-DX1,1,0.9993716,1
tumour/TCGA-F4-6856-01Z-00-DX1_16384_10752.jpg,TCGA-F4-6856,TCGA-F4-6856-01Z-00-DX1,1,0.99686974,1
tumour/TCGA-F4-6856-01Z-00-DX1_16384_11264.jpg,TCGA-F4-6856,TCGA-F4-6856-01Z-00-DX1,1,0.8091758,1
tumour/TCGA-F4-6856-01Z-00-DX1_16384_14336.jpg,TCGA-F4-6856,TCGA-F4-6856-01Z-00-DX1,1,0.99975735,1
tumour/TCGA-F4-6856-01Z-00-DX1_16384_15872.jpg,TCGA-F4-6856,TCGA-F4-6856-01Z-00-DX1,1,0.7317083,1
tumour/TCGA-F4-6856-01Z-00-DX1_16384_16896.jpg,TCGA-F4-6856,TCGA-F4-6856-01Z-00-DX1,1,0.55460167,1
tumour/TCGA-F4-6856-01Z-00-DX1_16384_7680.jpg,TCGA-F4-6856,TCGA-F4-6856-01Z-00-DX1,1,0.04086977,0
tumour/TCGA-F4-6856-01Z-00-DX1_16384_8704.jpg,TCGA-F4-6856,TCGA-F4-6856-01Z-00-DX1,1,0.9973793,1
tumour/TCGA-F4-6856-01Z-00-DX1_16384_9728.jpg,TCGA-F4-6856,TCGA-F4-6856-01Z-00-DX1,1,0.95658296,1
tumour/TCGA-F4-6856-01Z-00-DX1_16896_10240.jpg,TCGA-F4-6856,TCGA-F4-6856-01Z-00-DX1,1,0.99264103,1
tumour/TCGA-F4-6856-01Z-00-DX1_16896_10752.jpg,TCGA-F4-6856,TCGA-F4-6856-01Z-00-DX1,1,0.9987816,1
tumour/TCGA-F4-6856-01Z-00-DX1_16896_11264.jpg,TCGA-F4-6856,TCGA-F4-6856-01Z-00-DX1,1,0.9998567,1
tumour/TCGA-F4-6856-01Z-00-DX1_16896_13824.jpg,TCGA-F4-6856,TCGA-F4-6856-01Z-00-DX1,1,0.99912506,1
tumour/TCGA-F4-6856-01Z-00-DX1_16896_14336.jpg,TCGA-F4-6856,TCGA-F4-6856-01Z-00-DX1,1,0.82434493,1
tumour/TCGA-F4-6856-01Z-00-DX1_16896_15872.jpg,TCGA-F4-6856,TCGA-F4-6856-01Z-00-DX1,1,0.7206201,1
tumour/TCGA-F4-6856-01Z-00-DX1_16896_16896.jpg,TCGA-F4-6856,TCGA-F4-6856-01Z-00-DX1,1,0.996197,1
tumour/TCGA-F4-6856-01Z-00-DX1_16896_17408.jpg,TCGA-F4-6856,TCGA-F4-6856-01Z-00-DX1,1,0.94802815,1
tumour/TCGA-F4-6856-01Z-00-DX1_16896_7168.jpg,TCGA-F4-6856,TCGA-F4-6856-01Z-00-DX1,1,0.88858175,1
tumour/TCGA-F4-6856-01Z-00-DX1_16896_7680.jpg,TCGA-F4-6856,TCGA-F4-6856-01Z-00-DX1,1,0.24494877,0
tumour/TCGA-F4-6856-01Z-00-DX1_16896_8704.jpg,TCGA-F4-6856,TCGA-F4-6856-01Z-00-DX1,1,0.9880426,1
tumour/TCGA-F4-6856-01Z-00-DX1_16896_9216.jpg,TCGA-F4-6856,TCGA-F4-6856-01Z-00-DX1,1,0.99519676,1
tumour/TCGA-F4-6856-01Z-00-DX1_16896_9728.jpg,TCGA-F4-6856,TCGA-F4-6856-01Z-00-DX1,1,0.9885717,1
tumour/TCGA-F4-6856-01Z-00-DX1_17408_10752.jpg,TCGA-F4-6856,TCGA-F4-6856-01Z-00-DX1,1,0.68948543,1
tumour/TCGA-F4-6856-01Z-00-DX1_17408_14336.jpg,TCGA-F4-6856,TCGA-F4-6856-01Z-00-DX1,1,0.9596843,1
tumour/TCGA-F4-6856-01Z-00-DX1_17408_14848.jpg,TCGA-F4-6856,TCGA-F4-6856-01Z-00-DX1,1,0.7241139,1
tumour/TCGA-F4-6856-01Z-00-DX1_17408_16896.jpg,TCGA-F4-6856,TCGA-F4-6856-01Z-00-DX1,1,0.98251665,1
tumour/TCGA-F4-6856-01Z-00-DX1_17408_17408.jpg,TCGA-F4-6856,TCGA-F4-6856-01Z-00-DX1,1,0.9947476,1
tumour/TCGA-F4-6856-01Z-00-DX1_17408_7168.jpg,TCGA-F4-6856,TCGA-F4-6856-01Z-00-DX1,1,0.99986875,1
tumour/TCGA-F4-6856-01Z-00-DX1_17408_7680.jpg,TCGA-F4-6856,TCGA-F4-6856-01Z-00-DX1,1,0.9807469,1
tumour/TCGA-F4-6856-01Z-00-DX1_17408_8192.jpg,TCGA-F4-6856,TCGA-F4-6856-01Z-00-DX1,1,0.9827103,1
tumour/TCGA-F4-6856-01Z-00-DX1_17408_9216.jpg,TCGA-F4-6856,TCGA-F4-6856-01Z-00-DX1,1,0.9980744,1
tumour/TCGA-F4-6856-01Z-00-DX1_17920_11776.jpg,TCGA-F4-6856,TCGA-F4-6856-01Z-00-DX1,1,0.9999603,1
tumour/TCGA-F4-6856-01Z-00-DX1_17920_16384.jpg,TCGA-F4-6856,TCGA-F4-6856-01Z-00-DX1,1,0.97461516,1
tumour/TCGA-F4-6856-01Z-00-DX1_17920_16896.jpg,TCGA-F4-6856,TCGA-F4-6856-01Z-00-DX1,1,0.8703016,1
tumour/TCGA-F4-6856-01Z-00-DX1_17920_7168.jpg,TCGA-F4-6856,TCGA-F4-6856-01Z-00-DX1,1,0.9319901,1
tumour/TCGA-F4-6856-01Z-00-DX1_17920_8192.jpg,TCGA-F4-6856,TCGA-F4-6856-01Z-00-DX1,1,0.99983394,1
tumour/TCGA-F4-6856-01Z-00-DX1_18432_10752.jpg,TCGA-F4-6856,TCGA-F4-6856-01Z-00-DX1,1,0.9997552,1
tumour/TCGA-F4-6856-01Z-00-DX1_18432_11264.jpg,TCGA-F4-6856,TCGA-F4-6856-01Z-00-DX1,1,0.8603353,1
tumour/TCGA-F4-6856-01Z-00-DX1_18432_15360.jpg,TCGA-F4-6856,TCGA-F4-6856-01Z-00-DX1,1,0.75001734,1
tumour/TCGA-F4-6856-01Z-00-DX1_18432_16896.jpg,TCGA-F4-6856,TCGA-F4-6856-01Z-00-DX1,1,0.74169964,1
tumour/TCGA-F4-6856-01Z-00-DX1_18432_6656.jpg,TCGA-F4-6856,TCGA-F4-6856-01Z-00-DX1,1,0.0022691004,0
tumour/TCGA-F4-6856-01Z-00-DX1_18432_7168.jpg,TCGA-F4-6856,TCGA-F4-6856-01Z-00-DX1,1,0.0005746259,0
tumour/TCGA-F4-6856-01Z-00-DX1_18432_8704.jpg,TCGA-F4-6856,TCGA-F4-6856-01Z-00-DX1,1,0.9989654,1
tumour/TCGA-F4-6856-01Z-00-DX1_18944_11264.jpg,TCGA-F4-6856,TCGA-F4-6856-01Z-00-DX1,1,0.9985806,1
tumour/TCGA-F4-6856-01Z-00-DX1_18944_13824.jpg,TCGA-F4-6856,TCGA-F4-6856-01Z-00-DX1,1,0.8971959,1
tumour/TCGA-F4-6856-01Z-00-DX1_18944_15872.jpg,TCGA-F4-6856,TCGA-F4-6856-01Z-00-DX1,1,0.87575686,1
tumour/TCGA-F4-6856-01Z-00-DX1_18944_16896.jpg,TCGA-F4-6856,TCGA-F4-6856-01Z-00-DX1,1,0.74995416,1
tumour/TCGA-F4-6856-01Z-00-DX1_18944_6656.jpg,TCGA-F4-6856,TCGA-F4-6856-01Z-00-DX1,1,0.99849594,1
tumour/TCGA-F4-6856-01Z-00-DX1_18944_8192.jpg,TCGA-F4-6856,TCGA-F4-6856-01Z-00-DX1,1,0.9996855,1
tumour/TCGA-F4-6856-01Z-00-DX1_18944_8704.jpg,TCGA-F4-6856,TCGA-F4-6856-01Z-00-DX1,1,0.99657947,1
tumour/TCGA-F4-6856-01Z-00-DX1_18944_9216.jpg,TCGA-F4-6856,TCGA-F4-6856-01Z-00-DX1,1,0.9974502,1
tumour/TCGA-F4-6856-01Z-00-DX1_19456_11264.jpg,TCGA-F4-6856,TCGA-F4-6856-01Z-00-DX1,1,0.99961394,1
tumour/TCGA-F4-6856-01Z-00-DX1_19456_12800.jpg,TCGA-F4-6856,TCGA-F4-6856-01Z-00-DX1,1,0.999966,1
tumour/TCGA-F4-6856-01Z-00-DX1_19456_14336.jpg,TCGA-F4-6856,TCGA-F4-6856-01Z-00-DX1,1,0.23338948,0
tumour/TCGA-F4-6856-01Z-00-DX1_19456_14848.jpg,TCGA-F4-6856,TCGA-F4-6856-01Z-00-DX1,1,0.94791585,1
tumour/TCGA-F4-6856-01Z-00-DX1_19456_15360.jpg,TCGA-F4-6856,TCGA-F4-6856-01Z-00-DX1,1,0.23891006,0
tumour/TCGA-F4-6856-01Z-00-DX1_19456_6656.jpg,TCGA-F4-6856,TCGA-F4-6856-01Z-00-DX1,1,0.99593264,1
tumour/TCGA-F4-6856-01Z-00-DX1_19456_8192.jpg,TCGA-F4-6856,TCGA-F4-6856-01Z-00-DX1,1,0.9925447,1
tumour/TCGA-F4-6856-01Z-00-DX1_19968_11264.jpg,TCGA-F4-6856,TCGA-F4-6856-01Z-00-DX1,1,0.99492997,1
tumour/TCGA-F4-6856-01Z-00-DX1_19968_14336.jpg,TCGA-F4-6856,TCGA-F4-6856-01Z-00-DX1,1,0.99168617,1
tumour/TCGA-F4-6856-01Z-00-DX1_19968_14848.jpg,TCGA-F4-6856,TCGA-F4-6856-01Z-00-DX1,1,0.40163454,0
tumour/TCGA-F4-6856-01Z-00-DX1_19968_16384.jpg,TCGA-F4-6856,TCGA-F4-6856-01Z-00-DX1,1,0.17330664,0
tumour/TCGA-F4-6856-01Z-00-DX1_19968_7168.jpg,TCGA-F4-6856,TCGA-F4-6856-01Z-00-DX1,1,0.9842135,1
tumour/TCGA-F4-6856-01Z-00-DX1_19968_7680.jpg,TCGA-F4-6856,TCGA-F4-6856-01Z-00-DX1,1,0.97932714,1
tumour/TCGA-F4-6856-01Z-00-DX1_19968_8704.jpg,TCGA-F4-6856,TCGA-F4-6856-01Z-00-DX1,1,0.94901294,1
tumour/TCGA-F4-6856-01Z-00-DX1_20480_10240.jpg,TCGA-F4-6856,TCGA-F4-6856-01Z-00-DX1,1,0.9968748,1
tumour/TCGA-F4-6856-01Z-00-DX1_20480_15360.jpg,TCGA-F4-6856,TCGA-F4-6856-01Z-00-DX1,1,0.9513031,1
tumour/TCGA-F4-6856-01Z-00-DX1_20480_16384.jpg,TCGA-F4-6856,TCGA-F4-6856-01Z-00-DX1,1,0.24086651,0
tumour/TCGA-F4-6856-01Z-00-DX1_20480_7680.jpg,TCGA-F4-6856,TCGA-F4-6856-01Z-00-DX1,1,0.9977895,1
tumour/TCGA-F4-6856-01Z-00-DX1_20480_8192.jpg,TCGA-F4-6856,TCGA-F4-6856-01Z-00-DX1,1,0.8975733,1
tumour/TCGA-F4-6856-01Z-00-DX1_21504_5120.jpg,TCGA-F4-6856,TCGA-F4-6856-01Z-00-DX1,1,0.9938408,1
tumour/TCGA-F4-6856-01Z-00-DX1_22016_10752.jpg,TCGA-F4-6856,TCGA-F4-6856-01Z-00-DX1,1,0.97932315,1
tumour/TCGA-F4-6856-01Z-00-DX1_22016_5120.jpg,TCGA-F4-6856,TCGA-F4-6856-01Z-00-DX1,1,0.9983517,1
tumour/TCGA-F4-6856-01Z-00-DX1_22016_6144.jpg,TCGA-F4-6856,TCGA-F4-6856-01Z-00-DX1,1,0.99940157,1
tumour/TCGA-F4-6856-01Z-00-DX1_22016_6656.jpg,TCGA-F4-6856,TCGA-F4-6856-01Z-00-DX1,1,0.9995178,1
tumour/TCGA-F4-6856-01Z-00-DX1_22016_9728.jpg,TCGA-F4-6856,TCGA-F4-6856-01Z-00-DX1,1,0.9913749,1
tumour/TCGA-F4-6856-01Z-00-DX1_22528_10240.jpg,TCGA-F4-6856,TCGA-F4-6856-01Z-00-DX1,1,0.660983,1
tumour/TCGA-F4-6856-01Z-00-DX1_22528_10752.jpg,TCGA-F4-6856,TCGA-F4-6856-01Z-00-DX1,1,0.9967145,1
tumour/TCGA-F4-6856-01Z-00-DX1_22528_11264.jpg,TCGA-F4-6856,TCGA-F4-6856-01Z-00-DX1,1,0.7230206,1
tumour/TCGA-F4-6856-01Z-00-DX1_22528_11776.jpg,TCGA-F4-6856,TCGA-F4-6856-01Z-00-DX1,1,0.94038653,1
tumour/TCGA-F4-6856-01Z-00-DX1_22528_4608.jpg,TCGA-F4-6856,TCGA-F4-6856-01Z-00-DX1,1,0.9999896,1
tumour/TCGA-F4-6856-01Z-00-DX1_22528_5632.jpg,TCGA-F4-6856,TCGA-F4-6856-01Z-00-DX1,1,0.9999678,1
tumour/TCGA-F4-6856-01Z-00-DX1_22528_6656.jpg,TCGA-F4-6856,TCGA-F4-6856-01Z-00-DX1,1,0.9999379,1
tumour/TCGA-F4-6856-01Z-00-DX1_22528_7168.jpg,TCGA-F4-6856,TCGA-F4-6856-01Z-00-DX1,1,0.99740714,1
tumour/TCGA-F4-6856-01Z-00-DX1_22528_7680.jpg,TCGA-F4-6856,TCGA-F4-6856-01Z-00-DX1,1,0.68519634,1
tumour/TCGA-F4-6856-01Z-00-DX1_22528_8192.jpg,TCGA-F4-6856,TCGA-F4-6856-01Z-00-DX1,1,0.99469936,1
tumour/TCGA-F4-6856-01Z-00-DX1_22528_8704.jpg,TCGA-F4-6856,TCGA-F4-6856-01Z-00-DX1,1,0.99807066,1
tumour/TCGA-F4-6856-01Z-00-DX1_22528_9216.jpg,TCGA-F4-6856,TCGA-F4-6856-01Z-00-DX1,1,0.99993217,1
tumour/TCGA-F4-6856-01Z-00-DX1_23040_10752.jpg,TCGA-F4-6856,TCGA-F4-6856-01Z-00-DX1,1,0.04826146,0
tumour/TCGA-F4-6856-01Z-00-DX1_23040_4608.jpg,TCGA-F4-6856,TCGA-F4-6856-01Z-00-DX1,1,0.99988115,1
tumour/TCGA-F4-6856-01Z-00-DX1_23040_5120.jpg,TCGA-F4-6856,TCGA-F4-6856-01Z-00-DX1,1,0.994559,1
tumour/TCGA-F4-6856-01Z-00-DX1_23040_6144.jpg,TCGA-F4-6856,TCGA-F4-6856-01Z-00-DX1,1,0.5435785,1
tumour/TCGA-F4-6856-01Z-00-DX1_23040_7168.jpg,TCGA-F4-6856,TCGA-F4-6856-01Z-00-DX1,1,0.9950577,1
tumour/TCGA-F4-6856-01Z-00-DX1_23040_9216.jpg,TCGA-F4-6856,TCGA-F4-6856-01Z-00-DX1,1,0.9982603,1
tumour/TCGA-F4-6856-01Z-00-DX1_23040_9728.jpg,TCGA-F4-6856,TCGA-F4-6856-01Z-00-DX1,1,0.9891611,1
tumour/TCGA-F4-6856-01Z-00-DX1_23552_10240.jpg,TCGA-F4-6856,TCGA-F4-6856-01Z-00-DX1,1,0.8176982,1
tumour/TCGA-F4-6856-01Z-00-DX1_23552_11264.jpg,TCGA-F4-6856,TCGA-F4-6856-01Z-00-DX1,1,0.9908602,1
tumour/TCGA-F4-6856-01Z-00-DX1_23552_12288.jpg,TCGA-F4-6856,TCGA-F4-6856-01Z-00-DX1,1,0.9136522,1
tumour/TCGA-F4-6856-01Z-00-DX1_23552_7168.jpg,TCGA-F4-6856,TCGA-F4-6856-01Z-00-DX1,1,0.9497913,1
tumour/TCGA-F4-6856-01Z-00-DX1_23552_7680.jpg,TCGA-F4-6856,TCGA-F4-6856-01Z-00-DX1,1,0.4086789,0
tumour/TCGA-F4-6856-01Z-00-DX1_23552_8704.jpg,TCGA-F4-6856,TCGA-F4-6856-01Z-00-DX1,1,0.9830078,1
tumour/TCGA-F4-6856-01Z-00-DX1_23552_9728.jpg,TCGA-F4-6856,TCGA-F4-6856-01Z-00-DX1,1,0.99525094,1
tumour/TCGA-F4-6856-01Z-00-DX1_24064_10240.jpg,TCGA-F4-6856,TCGA-F4-6856-01Z-00-DX1,1,0.58620954,1
tumour/TCGA-F4-6856-01Z-00-DX1_24064_12288.jpg,TCGA-F4-6856,TCGA-F4-6856-01Z-00-DX1,1,0.30302918,0
tumour/TCGA-F4-6856-01Z-00-DX1_24064_12800.jpg,TCGA-F4-6856,TCGA-F4-6856-01Z-00-DX1,1,0.11945003,0
tumour/TCGA-F4-6856-01Z-00-DX1_24064_7680.jpg,TCGA-F4-6856,TCGA-F4-6856-01Z-00-DX1,1,0.7583667,1
tumour/TCGA-F4-6856-01Z-00-DX1_24064_8704.jpg,TCGA-F4-6856,TCGA-F4-6856-01Z-00-DX1,1,0.9735565,1
tumour/TCGA-F4-6856-01Z-00-DX1_24576_10240.jpg,TCGA-F4-6856,TCGA-F4-6856-01Z-00-DX1,1,0.98089474,1
tumour/TCGA-F4-6856-01Z-00-DX1_24576_10752.jpg,TCGA-F4-6856,TCGA-F4-6856-01Z-00-DX1,1,0.79411405,1
tumour/TCGA-F4-6856-01Z-00-DX1_24576_11264.jpg,TCGA-F4-6856,TCGA-F4-6856-01Z-00-DX1,1,0.93716335,1
tumour/TCGA-F4-6856-01Z-00-DX1_24576_11776.jpg,TCGA-F4-6856,TCGA-F4-6856-01Z-00-DX1,1,0.51726514,1
tumour/TCGA-F4-6856-01Z-00-DX1_24576_12288.jpg,TCGA-F4-6856,TCGA-F4-6856-01Z-00-DX1,1,0.02858892,0
tumour/TCGA-F4-6856-01Z-00-DX1_24576_8704.jpg,TCGA-F4-6856,TCGA-F4-6856-01Z-00-DX1,1,0.97840446,1
tumour/TCGA-F4-6856-01Z-00-DX1_25088_10752.jpg,TCGA-F4-6856,TCGA-F4-6856-01Z-00-DX1,1,0.27909303,0
tumour/TCGA-F4-6856-01Z-00-DX1_25088_11264.jpg,TCGA-F4-6856,TCGA-F4-6856-01Z-00-DX1,1,0.99901354,1
tumour/TCGA-F4-6856-01Z-00-DX1_25088_11776.jpg,TCGA-F4-6856,TCGA-F4-6856-01Z-00-DX1,1,0.9974462,1
tumour/TCGA-F4-6856-01Z-00-DX1_25088_12288.jpg,TCGA-F4-6856,TCGA-F4-6856-01Z-00-DX1,1,0.9920129,1
tumour/TCGA-F4-6856-01Z-00-DX1_25088_8192.jpg,TCGA-F4-6856,TCGA-F4-6856-01Z-00-DX1,1,0.77218664,1
tumour/TCGA-F4-6856-01Z-00-DX1_25088_8704.jpg,TCGA-F4-6856,TCGA-F4-6856-01Z-00-DX1,1,0.9346284,1
tumour/TCGA-F4-6856-01Z-00-DX1_25600_10240.jpg,TCGA-F4-6856,TCGA-F4-6856-01Z-00-DX1,1,0.09998004,0
tumour/TCGA-F4-6856-01Z-00-DX1_25600_11776.jpg,TCGA-F4-6856,TCGA-F4-6856-01Z-00-DX1,1,0.9930201,1
tumour/TCGA-F4-6856-01Z-00-DX1_25600_12800.jpg,TCGA-F4-6856,TCGA-F4-6856-01Z-00-DX1,1,0.99939585,1
tumour/TCGA-F4-6856-01Z-00-DX1_25600_9216.jpg,TCGA-F4-6856,TCGA-F4-6856-01Z-00-DX1,1,0.014505971,0
tumour/TCGA-F4-6856-01Z-00-DX1_25600_9728.jpg,TCGA-F4-6856,TCGA-F4-6856-01Z-00-DX1,1,0.13264006,0
tumour/TCGA-F4-6856-01Z-00-DX1_26112_10752.jpg,TCGA-F4-6856,TCGA-F4-6856-01Z-00-DX1,1,0.9724586,1
tumour/TCGA-F4-6856-01Z-00-DX1_26112_11264.jpg,TCGA-F4-6856,TCGA-F4-6856-01Z-00-DX1,1,0.99982053,1
tumour/TCGA-F4-6856-01Z-00-DX1_26112_8704.jpg,TCGA-F4-6856,TCGA-F4-6856-01Z-00-DX1,1,0.97985816,1
tumour/TCGA-F4-6856-01Z-00-DX1_27136_10240.jpg,TCGA-F4-6856,TCGA-F4-6856-01Z-00-DX1,1,0.99520916,1
tumour/TCGA-F4-6856-01Z-00-DX1_27136_9216.jpg,TCGA-F4-6856,TCGA-F4-6856-01Z-00-DX1,1,0.11419993,0
tumour/TCGA-F4-6856-01Z-00-DX1_3072_18432.jpg,TCGA-F4-6856,TCGA-F4-6856-01Z-00-DX1,1,0.98589104,1
tumour/TCGA-F4-6856-01Z-00-DX1_3584_18432.jpg,TCGA-F4-6856,TCGA-F4-6856-01Z-00-DX1,1,0.9959869,1
tumour/TCGA-F4-6856-01Z-00-DX1_3584_18944.jpg,TCGA-F4-6856,TCGA-F4-6856-01Z-00-DX1,1,0.72406185,1
tumour/TCGA-F4-6856-01Z-00-DX1_4096_17408.jpg,TCGA-F4-6856,TCGA-F4-6856-01Z-00-DX1,1,0.9965358,1
tumour/TCGA-F4-6856-01Z-00-DX1_4096_18944.jpg,TCGA-F4-6856,TCGA-F4-6856-01Z-00-DX1,1,0.9988632,1
tumour/TCGA-F4-6856-01Z-00-DX1_4096_19456.jpg,TCGA-F4-6856,TCGA-F4-6856-01Z-00-DX1,1,0.9999968,1
tumour/TCGA-F4-6856-01Z-00-DX1_4096_22528.jpg,TCGA-F4-6856,TCGA-F4-6856-01Z-00-DX1,1,0.99771583,1
tumour/TCGA-F4-6856-01Z-00-DX1_4608_16896.jpg,TCGA-F4-6856,TCGA-F4-6856-01Z-00-DX1,1,0.98986477,1
tumour/TCGA-F4-6856-01Z-00-DX1_4608_17408.jpg,TCGA-F4-6856,TCGA-F4-6856-01Z-00-DX1,1,0.99009013,1
tumour/TCGA-F4-6856-01Z-00-DX1_4608_17920.jpg,TCGA-F4-6856,TCGA-F4-6856-01Z-00-DX1,1,0.99996316,1
tumour/TCGA-F4-6856-01Z-00-DX1_4608_18432.jpg,TCGA-F4-6856,TCGA-F4-6856-01Z-00-DX1,1,0.9979286,1
tumour/TCGA-F4-6856-01Z-00-DX1_4608_18944.jpg,TCGA-F4-6856,TCGA-F4-6856-01Z-00-DX1,1,0.7668652,1
tumour/TCGA-F4-6856-01Z-00-DX1_4608_19456.jpg,TCGA-F4-6856,TCGA-F4-6856-01Z-00-DX1,1,0.99989414,1
tumour/TCGA-F4-6856-01Z-00-DX1_4608_20480.jpg,TCGA-F4-6856,TCGA-F4-6856-01Z-00-DX1,1,0.9999372,1
tumour/TCGA-F4-6856-01Z-00-DX1_4608_20992.jpg,TCGA-F4-6856,TCGA-F4-6856-01Z-00-DX1,1,0.99903345,1
tumour/TCGA-F4-6856-01Z-00-DX1_4608_22528.jpg,TCGA-F4-6856,TCGA-F4-6856-01Z-00-DX1,1,0.9985273,1
tumour/TCGA-F4-6856-01Z-00-DX1_4608_23552.jpg,TCGA-F4-6856,TCGA-F4-6856-01Z-00-DX1,1,0.9999989,1
tumour/TCGA-F4-6856-01Z-00-DX1_5120_16384.jpg,TCGA-F4-6856,TCGA-F4-6856-01Z-00-DX1,1,0.9998858,1
tumour/TCGA-F4-6856-01Z-00-DX1_5120_16896.jpg,TCGA-F4-6856,TCGA-F4-6856-01Z-00-DX1,1,0.99999785,1
tumour/TCGA-F4-6856-01Z-00-DX1_5120_17408.jpg,TCGA-F4-6856,TCGA-F4-6856-01Z-00-DX1,1,0.99898547,1
tumour/TCGA-F4-6856-01Z-00-DX1_5120_18432.jpg,TCGA-F4-6856,TCGA-F4-6856-01Z-00-DX1,1,0.99303824,1
tumour/TCGA-F4-6856-01Z-00-DX1_5120_19456.jpg,TCGA-F4-6856,TCGA-F4-6856-01Z-00-DX1,1,0.9999212,1
tumour/TCGA-F4-6856-01Z-00-DX1_5120_19968.jpg,TCGA-F4-6856,TCGA-F4-6856-01Z-00-DX1,1,0.952146,1
tumour/TCGA-F4-6856-01Z-00-DX1_5120_24064.jpg,TCGA-F4-6856,TCGA-F4-6856-01Z-00-DX1,1,0.9998248,1
tumour/TCGA-F4-6856-01Z-00-DX1_5632_16384.jpg,TCGA-F4-6856,TCGA-F4-6856-01Z-00-DX1,1,0.9987766,1
tumour/TCGA-F4-6856-01Z-00-DX1_5632_16896.jpg,TCGA-F4-6856,TCGA-F4-6856-01Z-00-DX1,1,0.99975556,1
tumour/TCGA-F4-6856-01Z-00-DX1_5632_17920.jpg,TCGA-F4-6856,TCGA-F4-6856-01Z-00-DX1,1,0.7288563,1
tumour/TCGA-F4-6856-01Z-00-DX1_5632_19456.jpg,TCGA-F4-6856,TCGA-F4-6856-01Z-00-DX1,1,0.8502411,1
tumour/TCGA-F4-6856-01Z-00-DX1_5632_19968.jpg,TCGA-F4-6856,TCGA-F4-6856-01Z-00-DX1,1,0.98246485,1
tumour/TCGA-F4-6856-01Z-00-DX1_5632_20480.jpg,TCGA-F4-6856,TCGA-F4-6856-01Z-00-DX1,1,0.99844944,1
tumour/TCGA-F4-6856-01Z-00-DX1_5632_20992.jpg,TCGA-F4-6856,TCGA-F4-6856-01Z-00-DX1,1,0.9584538,1
tumour/TCGA-F4-6856-01Z-00-DX1_5632_22016.jpg,TCGA-F4-6856,TCGA-F4-6856-01Z-00-DX1,1,0.9982146,1
tumour/TCGA-F4-6856-01Z-00-DX1_6144_16384.jpg,TCGA-F4-6856,TCGA-F4-6856-01Z-00-DX1,1,0.9867851,1
tumour/TCGA-F4-6856-01Z-00-DX1_6144_16896.jpg,TCGA-F4-6856,TCGA-F4-6856-01Z-00-DX1,1,0.9987822,1
tumour/TCGA-F4-6856-01Z-00-DX1_6144_17920.jpg,TCGA-F4-6856,TCGA-F4-6856-01Z-00-DX1,1,0.89927393,1
tumour/TCGA-F4-6856-01Z-00-DX1_6144_19968.jpg,TCGA-F4-6856,TCGA-F4-6856-01Z-00-DX1,1,0.9191884,1
tumour/TCGA-F4-6856-01Z-00-DX1_6144_20480.jpg,TCGA-F4-6856,TCGA-F4-6856-01Z-00-DX1,1,0.57903814,1
tumour/TCGA-F4-6856-01Z-00-DX1_6144_20992.jpg,TCGA-F4-6856,TCGA-F4-6856-01Z-00-DX1,1,0.98963064,1
tumour/TCGA-F4-6856-01Z-00-DX1_6144_21504.jpg,TCGA-F4-6856,TCGA-F4-6856-01Z-00-DX1,1,0.99949706,1
tumour/TCGA-F4-6856-01Z-00-DX1_6144_22016.jpg,TCGA-F4-6856,TCGA-F4-6856-01Z-00-DX1,1,0.9856425,1
tumour/TCGA-F4-6856-01Z-00-DX1_6656_20480.jpg,TCGA-F4-6856,TCGA-F4-6856-01Z-00-DX1,1,0.40635344,0
tumour/TCGA-F4-6856-01Z-00-DX1_6656_22016.jpg,TCGA-F4-6856,TCGA-F4-6856-01Z-00-DX1,1,0.992136,1
tumour/TCGA-F4-6856-01Z-00-DX1_7168_20992.jpg,TCGA-F4-6856,TCGA-F4-6856-01Z-00-DX1,1,0.5079315,1
tumour/TCGA-F4-6856-01Z-00-DX1_7168_22016.jpg,TCGA-F4-6856,TCGA-F4-6856-01Z-00-DX1,1,0.013687945,0
tumour/TCGA-F4-6856-01Z-00-DX1_7168_22528.jpg,TCGA-F4-6856,TCGA-F4-6856-01Z-00-DX1,1,0.5930079,1
tumour/TCGA-F4-6856-01Z-00-DX1_7168_23040.jpg,TCGA-F4-6856,TCGA-F4-6856-01Z-00-DX1,1,0.71482515,1
tumour/TCGA-F4-6856-01Z-00-DX1_7680_19456.jpg,TCGA-F4-6856,TCGA-F4-6856-01Z-00-DX1,1,0.99633455,1
tumour/TCGA-F4-6856-01Z-00-DX1_7680_19968.jpg,TCGA-F4-6856,TCGA-F4-6856-01Z-00-DX1,1,0.9701799,1
tumour/TCGA-F4-6856-01Z-00-DX1_7680_20480.jpg,TCGA-F4-6856,TCGA-F4-6856-01Z-00-DX1,1,0.9797569,1
tumour/TCGA-F4-6856-01Z-00-DX1_7680_21504.jpg,TCGA-F4-6856,TCGA-F4-6856-01Z-00-DX1,1,0.99457115,1
tumour/TCGA-F4-6856-01Z-00-DX1_8192_19968.jpg,TCGA-F4-6856,TCGA-F4-6856-01Z-00-DX1,1,0.999121,1
tumour/TCGA-F4-6856-01Z-00-DX1_8192_20480.jpg,TCGA-F4-6856,TCGA-F4-6856-01Z-00-DX1,1,0.99976,1
tumour/TCGA-F4-6856-01Z-00-DX1_8704_10240.jpg,TCGA-F4-6856,TCGA-F4-6856-01Z-00-DX1,1,0.99941754,1
tumour/TCGA-F4-6856-01Z-00-DX1_8704_20480.jpg,TCGA-F4-6856,TCGA-F4-6856-01Z-00-DX1,1,0.99512213,1
tumour/TCGA-F4-6856-01Z-00-DX1_8704_20992.jpg,TCGA-F4-6856,TCGA-F4-6856-01Z-00-DX1,1,0.96981245,1
tumour/TCGA-F4-6856-01Z-00-DX1_8704_21504.jpg,TCGA-F4-6856,TCGA-F4-6856-01Z-00-DX1,1,0.9591304,1
tumour/TCGA-F4-6856-01Z-00-DX1_9216_11264.jpg,TCGA-F4-6856,TCGA-F4-6856-01Z-00-DX1,1,0.99981993,1
tumour/TCGA-F4-6856-01Z-00-DX1_9216_19968.jpg,TCGA-F4-6856,TCGA-F4-6856-01Z-00-DX1,1,0.48406598,0
tumour/TCGA-F4-6856-01Z-00-DX1_9216_22016.jpg,TCGA-F4-6856,TCGA-F4-6856-01Z-00-DX1,1,0.9963509,1
tumour/TCGA-F4-6856-01Z-00-DX1_9216_22528.jpg,TCGA-F4-6856,TCGA-F4-6856-01Z-00-DX1,1,0.9977943,1
tumour/TCGA-F4-6856-01Z-00-DX1_9216_23552.jpg,TCGA-F4-6856,TCGA-F4-6856-01Z-00-DX1,1,0.99095917,1
tumour/TCGA-F4-6856-01Z-00-DX1_9728_10752.jpg,TCGA-F4-6856,TCGA-F4-6856-01Z-00-DX1,1,0.99949396,1
tumour/TCGA-F4-6856-01Z-00-DX1_9728_11264.jpg,TCGA-F4-6856,TCGA-F4-6856-01Z-00-DX1,1,0.9999945,1
tumour/TCGA-F4-6856-01Z-00-DX1_9728_19968.jpg,TCGA-F4-6856,TCGA-F4-6856-01Z-00-DX1,1,0.18879925,0
tumour/TCGA-F4-6856-01Z-00-DX1_9728_20480.jpg,TCGA-F4-6856,TCGA-F4-6856-01Z-00-DX1,1,0.9850455,1
tumour/TCGA-F4-6856-01Z-00-DX1_9728_20992.jpg,TCGA-F4-6856,TCGA-F4-6856-01Z-00-DX1,1,0.82311976,1
tumour/TCGA-F4-6856-01Z-00-DX1_9728_21504.jpg,TCGA-F4-6856,TCGA-F4-6856-01Z-00-DX1,1,0.8531216,1
tumour/TCGA-F4-6856-01Z-00-DX1_9728_23040.jpg,TCGA-F4-6856,TCGA-F4-6856-01Z-00-DX1,1,0.9999871,1
tumour/TCGA-F4-6856-01Z-00-DX1_9728_9728.jpg,TCGA-F4-6856,TCGA-F4-6856-01Z-00-DX1,1,0.3505551,0
tumour/TCGA-G4-6322-01Z-00-DX1_10240_29696.jpg,TCGA-G4-6322,TCGA-G4-6322-01Z-00-DX1,1,0.9977962,1
tumour/TCGA-G4-6322-01Z-00-DX1_10240_32768.jpg,TCGA-G4-6322,TCGA-G4-6322-01Z-00-DX1,1,0.996811,1
tumour/TCGA-G4-6322-01Z-00-DX1_10240_33792.jpg,TCGA-G4-6322,TCGA-G4-6322-01Z-00-DX1,1,0.99773777,1
tumour/TCGA-G4-6322-01Z-00-DX1_10240_34304.jpg,TCGA-G4-6322,TCGA-G4-6322-01Z-00-DX1,1,0.99436283,1
tumour/TCGA-G4-6322-01Z-00-DX1_10240_34816.jpg,TCGA-G4-6322,TCGA-G4-6322-01Z-00-DX1,1,0.8993091,1
tumour/TCGA-G4-6322-01Z-00-DX1_10240_36864.jpg,TCGA-G4-6322,TCGA-G4-6322-01Z-00-DX1,1,0.9899872,1
tumour/TCGA-G4-6322-01Z-00-DX1_10240_37888.jpg,TCGA-G4-6322,TCGA-G4-6322-01Z-00-DX1,1,0.99942756,1
tumour/TCGA-G4-6322-01Z-00-DX1_10240_38400.jpg,TCGA-G4-6322,TCGA-G4-6322-01Z-00-DX1,1,0.9999814,1
tumour/TCGA-G4-6322-01Z-00-DX1_10752_29184.jpg,TCGA-G4-6322,TCGA-G4-6322-01Z-00-DX1,1,0.997869,1
tumour/TCGA-G4-6322-01Z-00-DX1_10752_31744.jpg,TCGA-G4-6322,TCGA-G4-6322-01Z-00-DX1,1,0.9987204,1
tumour/TCGA-G4-6322-01Z-00-DX1_10752_33792.jpg,TCGA-G4-6322,TCGA-G4-6322-01Z-00-DX1,1,0.9999995,1
tumour/TCGA-G4-6322-01Z-00-DX1_10752_34304.jpg,TCGA-G4-6322,TCGA-G4-6322-01Z-00-DX1,1,0.9583558,1
tumour/TCGA-G4-6322-01Z-00-DX1_10752_35328.jpg,TCGA-G4-6322,TCGA-G4-6322-01Z-00-DX1,1,0.9024358,1
tumour/TCGA-G4-6322-01Z-00-DX1_10752_36864.jpg,TCGA-G4-6322,TCGA-G4-6322-01Z-00-DX1,1,0.99999976,1
tumour/TCGA-G4-6322-01Z-00-DX1_10752_37376.jpg,TCGA-G4-6322,TCGA-G4-6322-01Z-00-DX1,1,0.9988582,1
tumour/TCGA-G4-6322-01Z-00-DX1_11264_29696.jpg,TCGA-G4-6322,TCGA-G4-6322-01Z-00-DX1,1,0.99964213,1
tumour/TCGA-G4-6322-01Z-00-DX1_11264_30208.jpg,TCGA-G4-6322,TCGA-G4-6322-01Z-00-DX1,1,0.999689,1
tumour/TCGA-G4-6322-01Z-00-DX1_11264_31232.jpg,TCGA-G4-6322,TCGA-G4-6322-01Z-00-DX1,1,0.99999464,1
tumour/TCGA-G4-6322-01Z-00-DX1_11264_32256.jpg,TCGA-G4-6322,TCGA-G4-6322-01Z-00-DX1,1,0.78086066,1
tumour/TCGA-G4-6322-01Z-00-DX1_11264_34304.jpg,TCGA-G4-6322,TCGA-G4-6322-01Z-00-DX1,1,0.9999411,1
tumour/TCGA-G4-6322-01Z-00-DX1_11264_34816.jpg,TCGA-G4-6322,TCGA-G4-6322-01Z-00-DX1,1,0.9954835,1
tumour/TCGA-G4-6322-01Z-00-DX1_11264_36352.jpg,TCGA-G4-6322,TCGA-G4-6322-01Z-00-DX1,1,0.9999825,1
tumour/TCGA-G4-6322-01Z-00-DX1_11776_30208.jpg,TCGA-G4-6322,TCGA-G4-6322-01Z-00-DX1,1,0.999619,1
tumour/TCGA-G4-6322-01Z-00-DX1_11776_30720.jpg,TCGA-G4-6322,TCGA-G4-6322-01Z-00-DX1,1,0.8551858,1
tumour/TCGA-G4-6322-01Z-00-DX1_11776_31232.jpg,TCGA-G4-6322,TCGA-G4-6322-01Z-00-DX1,1,0.9997261,1
tumour/TCGA-G4-6322-01Z-00-DX1_11776_33280.jpg,TCGA-G4-6322,TCGA-G4-6322-01Z-00-DX1,1,0.3765118,0
tumour/TCGA-G4-6322-01Z-00-DX1_11776_36352.jpg,TCGA-G4-6322,TCGA-G4-6322-01Z-00-DX1,1,0.9872788,1
tumour/TCGA-G4-6322-01Z-00-DX1_11776_36864.jpg,TCGA-G4-6322,TCGA-G4-6322-01Z-00-DX1,1,0.9979836,1
tumour/TCGA-G4-6322-01Z-00-DX1_13824_35328.jpg,TCGA-G4-6322,TCGA-G4-6322-01Z-00-DX1,1,0.9999869,1
tumour/TCGA-G4-6322-01Z-00-DX1_13824_35840.jpg,TCGA-G4-6322,TCGA-G4-6322-01Z-00-DX1,1,0.9999907,1
tumour/TCGA-G4-6322-01Z-00-DX1_14336_33792.jpg,TCGA-G4-6322,TCGA-G4-6322-01Z-00-DX1,1,0.84876317,1
tumour/TCGA-G4-6322-01Z-00-DX1_14336_35328.jpg,TCGA-G4-6322,TCGA-G4-6322-01Z-00-DX1,1,0.99584806,1
tumour/TCGA-G4-6322-01Z-00-DX1_14336_35840.jpg,TCGA-G4-6322,TCGA-G4-6322-01Z-00-DX1,1,0.999995,1
tumour/TCGA-G4-6322-01Z-00-DX1_14848_32256.jpg,TCGA-G4-6322,TCGA-G4-6322-01Z-00-DX1,1,0.9968725,1
tumour/TCGA-G4-6322-01Z-00-DX1_14848_32768.jpg,TCGA-G4-6322,TCGA-G4-6322-01Z-00-DX1,1,0.99884677,1
tumour/TCGA-G4-6322-01Z-00-DX1_14848_33792.jpg,TCGA-G4-6322,TCGA-G4-6322-01Z-00-DX1,1,0.9900214,1
tumour/TCGA-G4-6322-01Z-00-DX1_14848_35328.jpg,TCGA-G4-6322,TCGA-G4-6322-01Z-00-DX1,1,0.99761117,1
tumour/TCGA-G4-6322-01Z-00-DX1_14848_35840.jpg,TCGA-G4-6322,TCGA-G4-6322-01Z-00-DX1,1,0.9999994,1
tumour/TCGA-G4-6322-01Z-00-DX1_15360_30208.jpg,TCGA-G4-6322,TCGA-G4-6322-01Z-00-DX1,1,0.49635318,0
tumour/TCGA-G4-6322-01Z-00-DX1_15360_31232.jpg,TCGA-G4-6322,TCGA-G4-6322-01Z-00-DX1,1,0.9958134,1
tumour/TCGA-G4-6322-01Z-00-DX1_15360_31744.jpg,TCGA-G4-6322,TCGA-G4-6322-01Z-00-DX1,1,0.9826208,1
tumour/TCGA-G4-6322-01Z-00-DX1_15360_32256.jpg,TCGA-G4-6322,TCGA-G4-6322-01Z-00-DX1,1,0.99858665,1
tumour/TCGA-G4-6322-01Z-00-DX1_15360_33280.jpg,TCGA-G4-6322,TCGA-G4-6322-01Z-00-DX1,1,0.99746644,1
tumour/TCGA-G4-6322-01Z-00-DX1_15360_33792.jpg,TCGA-G4-6322,TCGA-G4-6322-01Z-00-DX1,1,0.99550664,1
tumour/TCGA-G4-6322-01Z-00-DX1_15360_34304.jpg,TCGA-G4-6322,TCGA-G4-6322-01Z-00-DX1,1,0.9999342,1
tumour/TCGA-G4-6322-01Z-00-DX1_15360_34816.jpg,TCGA-G4-6322,TCGA-G4-6322-01Z-00-DX1,1,0.9999876,1
tumour/TCGA-G4-6322-01Z-00-DX1_15360_35328.jpg,TCGA-G4-6322,TCGA-G4-6322-01Z-00-DX1,1,0.9940196,1
tumour/TCGA-G4-6322-01Z-00-DX1_15360_36352.jpg,TCGA-G4-6322,TCGA-G4-6322-01Z-00-DX1,1,0.99998736,1
tumour/TCGA-G4-6322-01Z-00-DX1_15360_38912.jpg,TCGA-G4-6322,TCGA-G4-6322-01Z-00-DX1,1,0.9999578,1
tumour/TCGA-G4-6322-01Z-00-DX1_15872_29696.jpg,TCGA-G4-6322,TCGA-G4-6322-01Z-00-DX1,1,0.996318,1
tumour/TCGA-G4-6322-01Z-00-DX1_15872_30720.jpg,TCGA-G4-6322,TCGA-G4-6322-01Z-00-DX1,1,0.31857547,0
tumour/TCGA-G4-6322-01Z-00-DX1_15872_31232.jpg,TCGA-G4-6322,TCGA-G4-6322-01Z-00-DX1,1,0.998304,1
tumour/TCGA-G4-6322-01Z-00-DX1_15872_31744.jpg,TCGA-G4-6322,TCGA-G4-6322-01Z-00-DX1,1,0.9964798,1
tumour/TCGA-G4-6322-01Z-00-DX1_15872_32256.jpg,TCGA-G4-6322,TCGA-G4-6322-01Z-00-DX1,1,0.8590231,1
tumour/TCGA-G4-6322-01Z-00-DX1_15872_33792.jpg,TCGA-G4-6322,TCGA-G4-6322-01Z-00-DX1,1,0.77540934,1
tumour/TCGA-G4-6322-01Z-00-DX1_15872_34304.jpg,TCGA-G4-6322,TCGA-G4-6322-01Z-00-DX1,1,0.9810674,1
tumour/TCGA-G4-6322-01Z-00-DX1_15872_35840.jpg,TCGA-G4-6322,TCGA-G4-6322-01Z-00-DX1,1,0.99526995,1
tumour/TCGA-G4-6322-01Z-00-DX1_15872_37376.jpg,TCGA-G4-6322,TCGA-G4-6322-01Z-00-DX1,1,0.99999034,1
tumour/TCGA-G4-6322-01Z-00-DX1_15872_38912.jpg,TCGA-G4-6322,TCGA-G4-6322-01Z-00-DX1,1,0.99996066,1
tumour/TCGA-G4-6322-01Z-00-DX1_15872_39424.jpg,TCGA-G4-6322,TCGA-G4-6322-01Z-00-DX1,1,0.99998224,1
tumour/TCGA-G4-6322-01Z-00-DX1_16384_30720.jpg,TCGA-G4-6322,TCGA-G4-6322-01Z-00-DX1,1,0.9939183,1
tumour/TCGA-G4-6322-01Z-00-DX1_16384_31744.jpg,TCGA-G4-6322,TCGA-G4-6322-01Z-00-DX1,1,0.9908216,1
tumour/TCGA-G4-6322-01Z-00-DX1_16384_34816.jpg,TCGA-G4-6322,TCGA-G4-6322-01Z-00-DX1,1,0.83356655,1
tumour/TCGA-G4-6322-01Z-00-DX1_16384_35840.jpg,TCGA-G4-6322,TCGA-G4-6322-01Z-00-DX1,1,0.9872388,1
tumour/TCGA-G4-6322-01Z-00-DX1_16384_37376.jpg,TCGA-G4-6322,TCGA-G4-6322-01Z-00-DX1,1,0.999676,1
tumour/TCGA-G4-6322-01Z-00-DX1_16384_38400.jpg,TCGA-G4-6322,TCGA-G4-6322-01Z-00-DX1,1,0.99999595,1
tumour/TCGA-G4-6322-01Z-00-DX1_16384_38912.jpg,TCGA-G4-6322,TCGA-G4-6322-01Z-00-DX1,1,0.99867934,1
tumour/TCGA-G4-6322-01Z-00-DX1_16384_40960.jpg,TCGA-G4-6322,TCGA-G4-6322-01Z-00-DX1,1,1.0,1
tumour/TCGA-G4-6322-01Z-00-DX1_16896_29696.jpg,TCGA-G4-6322,TCGA-G4-6322-01Z-00-DX1,1,0.9692295,1
tumour/TCGA-G4-6322-01Z-00-DX1_16896_30208.jpg,TCGA-G4-6322,TCGA-G4-6322-01Z-00-DX1,1,0.9980229,1
tumour/TCGA-G4-6322-01Z-00-DX1_16896_30720.jpg,TCGA-G4-6322,TCGA-G4-6322-01Z-00-DX1,1,0.9788189,1
tumour/TCGA-G4-6322-01Z-00-DX1_16896_31232.jpg,TCGA-G4-6322,TCGA-G4-6322-01Z-00-DX1,1,0.6842739,1
tumour/TCGA-G4-6322-01Z-00-DX1_16896_31744.jpg,TCGA-G4-6322,TCGA-G4-6322-01Z-00-DX1,1,0.2013696,0
tumour/TCGA-G4-6322-01Z-00-DX1_16896_32256.jpg,TCGA-G4-6322,TCGA-G4-6322-01Z-00-DX1,1,0.6837164,1
tumour/TCGA-G4-6322-01Z-00-DX1_16896_36352.jpg,TCGA-G4-6322,TCGA-G4-6322-01Z-00-DX1,1,0.65859413,1
tumour/TCGA-G4-6322-01Z-00-DX1_16896_36864.jpg,TCGA-G4-6322,TCGA-G4-6322-01Z-00-DX1,1,0.9841749,1
tumour/TCGA-G4-6322-01Z-00-DX1_16896_37376.jpg,TCGA-G4-6322,TCGA-G4-6322-01Z-00-DX1,1,0.99546033,1
tumour/TCGA-G4-6322-01Z-00-DX1_16896_38400.jpg,TCGA-G4-6322,TCGA-G4-6322-01Z-00-DX1,1,0.9936289,1
tumour/TCGA-G4-6322-01Z-00-DX1_16896_39424.jpg,TCGA-G4-6322,TCGA-G4-6322-01Z-00-DX1,1,0.99989986,1
tumour/TCGA-G4-6322-01Z-00-DX1_16896_40448.jpg,TCGA-G4-6322,TCGA-G4-6322-01Z-00-DX1,1,0.9944577,1
tumour/TCGA-G4-6322-01Z-00-DX1_16896_40960.jpg,TCGA-G4-6322,TCGA-G4-6322-01Z-00-DX1,1,0.9999963,1
tumour/TCGA-G4-6322-01Z-00-DX1_17408_30208.jpg,TCGA-G4-6322,TCGA-G4-6322-01Z-00-DX1,1,0.98426825,1
tumour/TCGA-G4-6322-01Z-00-DX1_17408_30720.jpg,TCGA-G4-6322,TCGA-G4-6322-01Z-00-DX1,1,0.9998485,1
tumour/TCGA-G4-6322-01Z-00-DX1_17408_31232.jpg,TCGA-G4-6322,TCGA-G4-6322-01Z-00-DX1,1,0.9278391,1
tumour/TCGA-G4-6322-01Z-00-DX1_17408_31744.jpg,TCGA-G4-6322,TCGA-G4-6322-01Z-00-DX1,1,0.9774265,1
tumour/TCGA-G4-6322-01Z-00-DX1_17408_32256.jpg,TCGA-G4-6322,TCGA-G4-6322-01Z-00-DX1,1,0.95687586,1
tumour/TCGA-G4-6322-01Z-00-DX1_17408_32768.jpg,TCGA-G4-6322,TCGA-G4-6322-01Z-00-DX1,1,0.963301,1
tumour/TCGA-G4-6322-01Z-00-DX1_17408_33280.jpg,TCGA-G4-6322,TCGA-G4-6322-01Z-00-DX1,1,0.57947457,1
tumour/TCGA-G4-6322-01Z-00-DX1_17408_35328.jpg,TCGA-G4-6322,TCGA-G4-6322-01Z-00-DX1,1,0.99933016,1
tumour/TCGA-G4-6322-01Z-00-DX1_17408_35840.jpg,TCGA-G4-6322,TCGA-G4-6322-01Z-00-DX1,1,0.99996066,1
tumour/TCGA-G4-6322-01Z-00-DX1_17408_36352.jpg,TCGA-G4-6322,TCGA-G4-6322-01Z-00-DX1,1,0.51016825,1
tumour/TCGA-G4-6322-01Z-00-DX1_17408_37376.jpg,TCGA-G4-6322,TCGA-G4-6322-01Z-00-DX1,1,0.21117297,0
tumour/TCGA-G4-6322-01Z-00-DX1_17408_37888.jpg,TCGA-G4-6322,TCGA-G4-6322-01Z-00-DX1,1,0.6150565,1
tumour/TCGA-G4-6322-01Z-00-DX1_17408_38912.jpg,TCGA-G4-6322,TCGA-G4-6322-01Z-00-DX1,1,0.99790287,1
tumour/TCGA-G4-6322-01Z-00-DX1_17408_39936.jpg,TCGA-G4-6322,TCGA-G4-6322-01Z-00-DX1,1,0.99999905,1
tumour/TCGA-G4-6322-01Z-00-DX1_17408_40960.jpg,TCGA-G4-6322,TCGA-G4-6322-01Z-00-DX1,1,0.99994826,1
tumour/TCGA-G4-6322-01Z-00-DX1_17920_31232.jpg,TCGA-G4-6322,TCGA-G4-6322-01Z-00-DX1,1,0.88267857,1
tumour/TCGA-G4-6322-01Z-00-DX1_17920_31744.jpg,TCGA-G4-6322,TCGA-G4-6322-01Z-00-DX1,1,0.9841615,1
tumour/TCGA-G4-6322-01Z-00-DX1_17920_32768.jpg,TCGA-G4-6322,TCGA-G4-6322-01Z-00-DX1,1,0.99744797,1
tumour/TCGA-G4-6322-01Z-00-DX1_17920_35840.jpg,TCGA-G4-6322,TCGA-G4-6322-01Z-00-DX1,1,0.99999046,1
tumour/TCGA-G4-6322-01Z-00-DX1_17920_36352.jpg,TCGA-G4-6322,TCGA-G4-6322-01Z-00-DX1,1,0.997004,1
tumour/TCGA-G4-6322-01Z-00-DX1_17920_36864.jpg,TCGA-G4-6322,TCGA-G4-6322-01Z-00-DX1,1,0.64151764,1
tumour/TCGA-G4-6322-01Z-00-DX1_17920_37376.jpg,TCGA-G4-6322,TCGA-G4-6322-01Z-00-DX1,1,0.04478584,0
tumour/TCGA-G4-6322-01Z-00-DX1_17920_39424.jpg,TCGA-G4-6322,TCGA-G4-6322-01Z-00-DX1,1,0.7141871,1
tumour/TCGA-G4-6322-01Z-00-DX1_17920_39936.jpg,TCGA-G4-6322,TCGA-G4-6322-01Z-00-DX1,1,0.9322803,1
tumour/TCGA-G4-6322-01Z-00-DX1_17920_40960.jpg,TCGA-G4-6322,TCGA-G4-6322-01Z-00-DX1,1,0.99677604,1
tumour/TCGA-G4-6322-01Z-00-DX1_18432_29696.jpg,TCGA-G4-6322,TCGA-G4-6322-01Z-00-DX1,1,0.9870766,1
tumour/TCGA-G4-6322-01Z-00-DX1_18432_30208.jpg,TCGA-G4-6322,TCGA-G4-6322-01Z-00-DX1,1,0.9887172,1
tumour/TCGA-G4-6322-01Z-00-DX1_18432_30720.jpg,TCGA-G4-6322,TCGA-G4-6322-01Z-00-DX1,1,0.9969421,1
tumour/TCGA-G4-6322-01Z-00-DX1_18432_31744.jpg,TCGA-G4-6322,TCGA-G4-6322-01Z-00-DX1,1,0.99757606,1
tumour/TCGA-G4-6322-01Z-00-DX1_18432_32768.jpg,TCGA-G4-6322,TCGA-G4-6322-01Z-00-DX1,1,0.9976889,1
tumour/TCGA-G4-6322-01Z-00-DX1_18432_36352.jpg,TCGA-G4-6322,TCGA-G4-6322-01Z-00-DX1,1,0.9962676,1
tumour/TCGA-G4-6322-01Z-00-DX1_18432_36864.jpg,TCGA-G4-6322,TCGA-G4-6322-01Z-00-DX1,1,0.6532465,1
tumour/TCGA-G4-6322-01Z-00-DX1_18432_37888.jpg,TCGA-G4-6322,TCGA-G4-6322-01Z-00-DX1,1,0.00063863245,0
tumour/TCGA-G4-6322-01Z-00-DX1_18432_39424.jpg,TCGA-G4-6322,TCGA-G4-6322-01Z-00-DX1,1,0.9996153,1
tumour/TCGA-G4-6322-01Z-00-DX1_18432_39936.jpg,TCGA-G4-6322,TCGA-G4-6322-01Z-00-DX1,1,0.9963755,1
tumour/TCGA-G4-6322-01Z-00-DX1_18432_40448.jpg,TCGA-G4-6322,TCGA-G4-6322-01Z-00-DX1,1,0.9961434,1
tumour/TCGA-G4-6322-01Z-00-DX1_18944_29184.jpg,TCGA-G4-6322,TCGA-G4-6322-01Z-00-DX1,1,0.9991246,1
tumour/TCGA-G4-6322-01Z-00-DX1_18944_30720.jpg,TCGA-G4-6322,TCGA-G4-6322-01Z-00-DX1,1,0.9978671,1
tumour/TCGA-G4-6322-01Z-00-DX1_18944_31744.jpg,TCGA-G4-6322,TCGA-G4-6322-01Z-00-DX1,1,0.90467274,1
tumour/TCGA-G4-6322-01Z-00-DX1_18944_32256.jpg,TCGA-G4-6322,TCGA-G4-6322-01Z-00-DX1,1,0.64746594,1
tumour/TCGA-G4-6322-01Z-00-DX1_18944_33280.jpg,TCGA-G4-6322,TCGA-G4-6322-01Z-00-DX1,1,0.9993217,1
tumour/TCGA-G4-6322-01Z-00-DX1_18944_37376.jpg,TCGA-G4-6322,TCGA-G4-6322-01Z-00-DX1,1,0.9949167,1
tumour/TCGA-G4-6322-01Z-00-DX1_18944_38400.jpg,TCGA-G4-6322,TCGA-G4-6322-01Z-00-DX1,1,0.9820879,1
tumour/TCGA-G4-6322-01Z-00-DX1_18944_39424.jpg,TCGA-G4-6322,TCGA-G4-6322-01Z-00-DX1,1,0.97688496,1
tumour/TCGA-G4-6322-01Z-00-DX1_18944_39936.jpg,TCGA-G4-6322,TCGA-G4-6322-01Z-00-DX1,1,0.9999974,1
tumour/TCGA-G4-6322-01Z-00-DX1_18944_40448.jpg,TCGA-G4-6322,TCGA-G4-6322-01Z-00-DX1,1,0.9999999,1
tumour/TCGA-G4-6322-01Z-00-DX1_18944_40960.jpg,TCGA-G4-6322,TCGA-G4-6322-01Z-00-DX1,1,0.99905354,1
tumour/TCGA-G4-6322-01Z-00-DX1_19456_28672.jpg,TCGA-G4-6322,TCGA-G4-6322-01Z-00-DX1,1,0.9859102,1
tumour/TCGA-G4-6322-01Z-00-DX1_19456_31744.jpg,TCGA-G4-6322,TCGA-G4-6322-01Z-00-DX1,1,0.9877238,1
tumour/TCGA-G4-6322-01Z-00-DX1_19456_32256.jpg,TCGA-G4-6322,TCGA-G4-6322-01Z-00-DX1,1,0.99809235,1
tumour/TCGA-G4-6322-01Z-00-DX1_19456_32768.jpg,TCGA-G4-6322,TCGA-G4-6322-01Z-00-DX1,1,0.99922967,1
tumour/TCGA-G4-6322-01Z-00-DX1_19456_33280.jpg,TCGA-G4-6322,TCGA-G4-6322-01Z-00-DX1,1,0.783106,1
tumour/TCGA-G4-6322-01Z-00-DX1_19456_34304.jpg,TCGA-G4-6322,TCGA-G4-6322-01Z-00-DX1,1,0.89180654,1
tumour/TCGA-G4-6322-01Z-00-DX1_19456_36352.jpg,TCGA-G4-6322,TCGA-G4-6322-01Z-00-DX1,1,0.9791109,1
tumour/TCGA-G4-6322-01Z-00-DX1_19456_36864.jpg,TCGA-G4-6322,TCGA-G4-6322-01Z-00-DX1,1,0.9946407,1
tumour/TCGA-G4-6322-01Z-00-DX1_19456_37888.jpg,TCGA-G4-6322,TCGA-G4-6322-01Z-00-DX1,1,0.92285305,1
tumour/TCGA-G4-6322-01Z-00-DX1_19456_38912.jpg,TCGA-G4-6322,TCGA-G4-6322-01Z-00-DX1,1,0.85315454,1
tumour/TCGA-G4-6322-01Z-00-DX1_19456_39936.jpg,TCGA-G4-6322,TCGA-G4-6322-01Z-00-DX1,1,0.96805364,1
tumour/TCGA-G4-6322-01Z-00-DX1_19456_40960.jpg,TCGA-G4-6322,TCGA-G4-6322-01Z-00-DX1,1,0.30582857,0
tumour/TCGA-G4-6322-01Z-00-DX1_19968_29696.jpg,TCGA-G4-6322,TCGA-G4-6322-01Z-00-DX1,1,0.9998766,1
tumour/TCGA-G4-6322-01Z-00-DX1_19968_30208.jpg,TCGA-G4-6322,TCGA-G4-6322-01Z-00-DX1,1,0.9999765,1
tumour/TCGA-G4-6322-01Z-00-DX1_19968_30720.jpg,TCGA-G4-6322,TCGA-G4-6322-01Z-00-DX1,1,0.99944776,1
tumour/TCGA-G4-6322-01Z-00-DX1_19968_31232.jpg,TCGA-G4-6322,TCGA-G4-6322-01Z-00-DX1,1,0.99993396,1
tumour/TCGA-G4-6322-01Z-00-DX1_19968_31744.jpg,TCGA-G4-6322,TCGA-G4-6322-01Z-00-DX1,1,0.9981736,1
tumour/TCGA-G4-6322-01Z-00-DX1_19968_32768.jpg,TCGA-G4-6322,TCGA-G4-6322-01Z-00-DX1,1,0.96533626,1
tumour/TCGA-G4-6322-01Z-00-DX1_19968_33792.jpg,TCGA-G4-6322,TCGA-G4-6322-01Z-00-DX1,1,0.9990895,1
tumour/TCGA-G4-6322-01Z-00-DX1_19968_34304.jpg,TCGA-G4-6322,TCGA-G4-6322-01Z-00-DX1,1,0.99999654,1
tumour/TCGA-G4-6322-01Z-00-DX1_19968_38400.jpg,TCGA-G4-6322,TCGA-G4-6322-01Z-00-DX1,1,0.9957527,1
tumour/TCGA-G4-6322-01Z-00-DX1_19968_39424.jpg,TCGA-G4-6322,TCGA-G4-6322-01Z-00-DX1,1,0.99987185,1
tumour/TCGA-G4-6322-01Z-00-DX1_19968_40448.jpg,TCGA-G4-6322,TCGA-G4-6322-01Z-00-DX1,1,0.9999162,1
tumour/TCGA-G4-6322-01Z-00-DX1_20480_29184.jpg,TCGA-G4-6322,TCGA-G4-6322-01Z-00-DX1,1,0.9381315,1
tumour/TCGA-G4-6322-01Z-00-DX1_20480_30720.jpg,TCGA-G4-6322,TCGA-G4-6322-01Z-00-DX1,1,0.9866519,1
tumour/TCGA-G4-6322-01Z-00-DX1_20480_31232.jpg,TCGA-G4-6322,TCGA-G4-6322-01Z-00-DX1,1,0.99820447,1
tumour/TCGA-G4-6322-01Z-00-DX1_20480_31744.jpg,TCGA-G4-6322,TCGA-G4-6322-01Z-00-DX1,1,0.99832386,1
tumour/TCGA-G4-6322-01Z-00-DX1_20480_32256.jpg,TCGA-G4-6322,TCGA-G4-6322-01Z-00-DX1,1,0.99964964,1
tumour/TCGA-G4-6322-01Z-00-DX1_20480_32768.jpg,TCGA-G4-6322,TCGA-G4-6322-01Z-00-DX1,1,0.9999989,1
tumour/TCGA-G4-6322-01Z-00-DX1_20480_34304.jpg,TCGA-G4-6322,TCGA-G4-6322-01Z-00-DX1,1,0.99986935,1
tumour/TCGA-G4-6322-01Z-00-DX1_20480_38400.jpg,TCGA-G4-6322,TCGA-G4-6322-01Z-00-DX1,1,0.99950886,1
tumour/TCGA-G4-6322-01Z-00-DX1_20480_38912.jpg,TCGA-G4-6322,TCGA-G4-6322-01Z-00-DX1,1,0.99255353,1
tumour/TCGA-G4-6322-01Z-00-DX1_20480_39424.jpg,TCGA-G4-6322,TCGA-G4-6322-01Z-00-DX1,1,0.820041,1
tumour/TCGA-G4-6322-01Z-00-DX1_20480_40448.jpg,TCGA-G4-6322,TCGA-G4-6322-01Z-00-DX1,1,0.9999993,1
tumour/TCGA-G4-6322-01Z-00-DX1_20992_29696.jpg,TCGA-G4-6322,TCGA-G4-6322-01Z-00-DX1,1,0.99948287,1
tumour/TCGA-G4-6322-01Z-00-DX1_20992_30720.jpg,TCGA-G4-6322,TCGA-G4-6322-01Z-00-DX1,1,0.9738346,1
tumour/TCGA-G4-6322-01Z-00-DX1_20992_31744.jpg,TCGA-G4-6322,TCGA-G4-6322-01Z-00-DX1,1,0.99539065,1
tumour/TCGA-G4-6322-01Z-00-DX1_20992_32768.jpg,TCGA-G4-6322,TCGA-G4-6322-01Z-00-DX1,1,0.9980247,1
tumour/TCGA-G4-6322-01Z-00-DX1_20992_35328.jpg,TCGA-G4-6322,TCGA-G4-6322-01Z-00-DX1,1,0.99194336,1
tumour/TCGA-G4-6322-01Z-00-DX1_20992_35840.jpg,TCGA-G4-6322,TCGA-G4-6322-01Z-00-DX1,1,0.9936161,1
tumour/TCGA-G4-6322-01Z-00-DX1_20992_36864.jpg,TCGA-G4-6322,TCGA-G4-6322-01Z-00-DX1,1,0.917246,1
tumour/TCGA-G4-6322-01Z-00-DX1_20992_39424.jpg,TCGA-G4-6322,TCGA-G4-6322-01Z-00-DX1,1,0.9999995,1
tumour/TCGA-G4-6322-01Z-00-DX1_20992_39936.jpg,TCGA-G4-6322,TCGA-G4-6322-01Z-00-DX1,1,0.9999261,1
tumour/TCGA-G4-6322-01Z-00-DX1_21504_30208.jpg,TCGA-G4-6322,TCGA-G4-6322-01Z-00-DX1,1,0.56314373,1
tumour/TCGA-G4-6322-01Z-00-DX1_21504_30720.jpg,TCGA-G4-6322,TCGA-G4-6322-01Z-00-DX1,1,0.99298084,1
tumour/TCGA-G4-6322-01Z-00-DX1_21504_31232.jpg,TCGA-G4-6322,TCGA-G4-6322-01Z-00-DX1,1,0.76808345,1
tumour/TCGA-G4-6322-01Z-00-DX1_21504_31744.jpg,TCGA-G4-6322,TCGA-G4-6322-01Z-00-DX1,1,0.7433085,1
tumour/TCGA-G4-6322-01Z-00-DX1_21504_32768.jpg,TCGA-G4-6322,TCGA-G4-6322-01Z-00-DX1,1,0.99983287,1
tumour/TCGA-G4-6322-01Z-00-DX1_21504_34816.jpg,TCGA-G4-6322,TCGA-G4-6322-01Z-00-DX1,1,0.91776794,1
tumour/TCGA-G4-6322-01Z-00-DX1_21504_35840.jpg,TCGA-G4-6322,TCGA-G4-6322-01Z-00-DX1,1,0.9871982,1
tumour/TCGA-G4-6322-01Z-00-DX1_21504_36352.jpg,TCGA-G4-6322,TCGA-G4-6322-01Z-00-DX1,1,0.9627462,1
tumour/TCGA-G4-6322-01Z-00-DX1_22016_30208.jpg,TCGA-G4-6322,TCGA-G4-6322-01Z-00-DX1,1,0.83716226,1
tumour/TCGA-G4-6322-01Z-00-DX1_22016_30720.jpg,TCGA-G4-6322,TCGA-G4-6322-01Z-00-DX1,1,0.46287608,0
tumour/TCGA-G4-6322-01Z-00-DX1_22016_31744.jpg,TCGA-G4-6322,TCGA-G4-6322-01Z-00-DX1,1,0.89919823,1
tumour/TCGA-G4-6322-01Z-00-DX1_22016_32256.jpg,TCGA-G4-6322,TCGA-G4-6322-01Z-00-DX1,1,0.20025304,0
tumour/TCGA-G4-6322-01Z-00-DX1_22016_32768.jpg,TCGA-G4-6322,TCGA-G4-6322-01Z-00-DX1,1,0.9795297,1
tumour/TCGA-G4-6322-01Z-00-DX1_22016_35840.jpg,TCGA-G4-6322,TCGA-G4-6322-01Z-00-DX1,1,0.9846139,1
tumour/TCGA-G4-6322-01Z-00-DX1_22016_36864.jpg,TCGA-G4-6322,TCGA-G4-6322-01Z-00-DX1,1,0.9229399,1
tumour/TCGA-G4-6322-01Z-00-DX1_22016_37376.jpg,TCGA-G4-6322,TCGA-G4-6322-01Z-00-DX1,1,0.9877279,1
tumour/TCGA-G4-6322-01Z-00-DX1_22016_37888.jpg,TCGA-G4-6322,TCGA-G4-6322-01Z-00-DX1,1,0.99951136,1
tumour/TCGA-G4-6322-01Z-00-DX1_22016_38400.jpg,TCGA-G4-6322,TCGA-G4-6322-01Z-00-DX1,1,0.80566764,1
tumour/TCGA-G4-6322-01Z-00-DX1_22016_38912.jpg,TCGA-G4-6322,TCGA-G4-6322-01Z-00-DX1,1,0.99995935,1
tumour/TCGA-G4-6322-01Z-00-DX1_22528_32256.jpg,TCGA-G4-6322,TCGA-G4-6322-01Z-00-DX1,1,0.99434656,1
tumour/TCGA-G4-6322-01Z-00-DX1_22528_33280.jpg,TCGA-G4-6322,TCGA-G4-6322-01Z-00-DX1,1,0.79297453,1
tumour/TCGA-G4-6322-01Z-00-DX1_22528_33792.jpg,TCGA-G4-6322,TCGA-G4-6322-01Z-00-DX1,1,0.7625212,1
tumour/TCGA-G4-6322-01Z-00-DX1_22528_34816.jpg,TCGA-G4-6322,TCGA-G4-6322-01Z-00-DX1,1,0.9990049,1
tumour/TCGA-G4-6322-01Z-00-DX1_22528_35328.jpg,TCGA-G4-6322,TCGA-G4-6322-01Z-00-DX1,1,0.99121094,1
tumour/TCGA-G4-6322-01Z-00-DX1_22528_36352.jpg,TCGA-G4-6322,TCGA-G4-6322-01Z-00-DX1,1,0.7511559,1
tumour/TCGA-G4-6322-01Z-00-DX1_22528_37376.jpg,TCGA-G4-6322,TCGA-G4-6322-01Z-00-DX1,1,0.9953431,1
tumour/TCGA-G4-6322-01Z-00-DX1_22528_38400.jpg,TCGA-G4-6322,TCGA-G4-6322-01Z-00-DX1,1,0.9999325,1
tumour/TCGA-G4-6322-01Z-00-DX1_23040_31232.jpg,TCGA-G4-6322,TCGA-G4-6322-01Z-00-DX1,1,0.9960443,1
tumour/TCGA-G4-6322-01Z-00-DX1_23040_32768.jpg,TCGA-G4-6322,TCGA-G4-6322-01Z-00-DX1,1,0.91857857,1
tumour/TCGA-G4-6322-01Z-00-DX1_23040_33792.jpg,TCGA-G4-6322,TCGA-G4-6322-01Z-00-DX1,1,0.93880695,1
tumour/TCGA-G4-6322-01Z-00-DX1_23040_34816.jpg,TCGA-G4-6322,TCGA-G4-6322-01Z-00-DX1,1,0.9997904,1
tumour/TCGA-G4-6322-01Z-00-DX1_23040_35328.jpg,TCGA-G4-6322,TCGA-G4-6322-01Z-00-DX1,1,0.9997522,1
tumour/TCGA-G4-6322-01Z-00-DX1_23040_35840.jpg,TCGA-G4-6322,TCGA-G4-6322-01Z-00-DX1,1,0.9912883,1
tumour/TCGA-G4-6322-01Z-00-DX1_23040_36352.jpg,TCGA-G4-6322,TCGA-G4-6322-01Z-00-DX1,1,0.9744033,1
tumour/TCGA-G4-6322-01Z-00-DX1_23040_36864.jpg,TCGA-G4-6322,TCGA-G4-6322-01Z-00-DX1,1,0.94220793,1
tumour/TCGA-G4-6322-01Z-00-DX1_23040_37376.jpg,TCGA-G4-6322,TCGA-G4-6322-01Z-00-DX1,1,0.99401134,1
tumour/TCGA-G4-6322-01Z-00-DX1_23040_37888.jpg,TCGA-G4-6322,TCGA-G4-6322-01Z-00-DX1,1,0.9728325,1
tumour/TCGA-G4-6322-01Z-00-DX1_23552_31744.jpg,TCGA-G4-6322,TCGA-G4-6322-01Z-00-DX1,1,0.99796355,1
tumour/TCGA-G4-6322-01Z-00-DX1_23552_32256.jpg,TCGA-G4-6322,TCGA-G4-6322-01Z-00-DX1,1,0.9978683,1
tumour/TCGA-G4-6322-01Z-00-DX1_23552_32768.jpg,TCGA-G4-6322,TCGA-G4-6322-01Z-00-DX1,1,0.999728,1
tumour/TCGA-G4-6322-01Z-00-DX1_23552_33792.jpg,TCGA-G4-6322,TCGA-G4-6322-01Z-00-DX1,1,0.9997793,1
tumour/TCGA-G4-6322-01Z-00-DX1_23552_34304.jpg,TCGA-G4-6322,TCGA-G4-6322-01Z-00-DX1,1,0.99885607,1
tumour/TCGA-G4-6322-01Z-00-DX1_23552_36352.jpg,TCGA-G4-6322,TCGA-G4-6322-01Z-00-DX1,1,0.9817546,1
tumour/TCGA-G4-6322-01Z-00-DX1_24064_31744.jpg,TCGA-G4-6322,TCGA-G4-6322-01Z-00-DX1,1,0.9989255,1
tumour/TCGA-G4-6322-01Z-00-DX1_24064_32768.jpg,TCGA-G4-6322,TCGA-G4-6322-01Z-00-DX1,1,0.9993979,1
tumour/TCGA-G4-6322-01Z-00-DX1_24064_33280.jpg,TCGA-G4-6322,TCGA-G4-6322-01Z-00-DX1,1,0.9965726,1
tumour/TCGA-G4-6322-01Z-00-DX1_24064_34816.jpg,TCGA-G4-6322,TCGA-G4-6322-01Z-00-DX1,1,0.8377222,1
tumour/TCGA-G4-6322-01Z-00-DX1_24064_35840.jpg,TCGA-G4-6322,TCGA-G4-6322-01Z-00-DX1,1,0.114449225,0
tumour/TCGA-G4-6322-01Z-00-DX1_24064_36352.jpg,TCGA-G4-6322,TCGA-G4-6322-01Z-00-DX1,1,0.97831476,1
tumour/TCGA-G4-6322-01Z-00-DX1_24064_37376.jpg,TCGA-G4-6322,TCGA-G4-6322-01Z-00-DX1,1,0.6598986,1
tumour/TCGA-G4-6322-01Z-00-DX1_24064_38400.jpg,TCGA-G4-6322,TCGA-G4-6322-01Z-00-DX1,1,0.9999995,1
tumour/TCGA-G4-6322-01Z-00-DX1_24064_39424.jpg,TCGA-G4-6322,TCGA-G4-6322-01Z-00-DX1,1,0.99997103,1
tumour/TCGA-G4-6322-01Z-00-DX1_24576_32768.jpg,TCGA-G4-6322,TCGA-G4-6322-01Z-00-DX1,1,0.9645085,1
tumour/TCGA-G4-6322-01Z-00-DX1_24576_33792.jpg,TCGA-G4-6322,TCGA-G4-6322-01Z-00-DX1,1,0.99741155,1
tumour/TCGA-G4-6322-01Z-00-DX1_24576_37376.jpg,TCGA-G4-6322,TCGA-G4-6322-01Z-00-DX1,1,0.9970927,1
tumour/TCGA-G4-6322-01Z-00-DX1_24576_37888.jpg,TCGA-G4-6322,TCGA-G4-6322-01Z-00-DX1,1,0.99268275,1
tumour/TCGA-G4-6322-01Z-00-DX1_24576_38400.jpg,TCGA-G4-6322,TCGA-G4-6322-01Z-00-DX1,1,0.9997378,1
tumour/TCGA-G4-6322-01Z-00-DX1_24576_39424.jpg,TCGA-G4-6322,TCGA-G4-6322-01Z-00-DX1,1,0.9999702,1
tumour/TCGA-G4-6322-01Z-00-DX1_24576_39936.jpg,TCGA-G4-6322,TCGA-G4-6322-01Z-00-DX1,1,0.9959871,1
tumour/TCGA-G4-6322-01Z-00-DX1_25088_31744.jpg,TCGA-G4-6322,TCGA-G4-6322-01Z-00-DX1,1,0.9997993,1
tumour/TCGA-G4-6322-01Z-00-DX1_25088_32256.jpg,TCGA-G4-6322,TCGA-G4-6322-01Z-00-DX1,1,0.9995915,1
tumour/TCGA-G4-6322-01Z-00-DX1_25088_33280.jpg,TCGA-G4-6322,TCGA-G4-6322-01Z-00-DX1,1,0.98137945,1
tumour/TCGA-G4-6322-01Z-00-DX1_25088_33792.jpg,TCGA-G4-6322,TCGA-G4-6322-01Z-00-DX1,1,0.9925102,1
tumour/TCGA-G4-6322-01Z-00-DX1_25088_34304.jpg,TCGA-G4-6322,TCGA-G4-6322-01Z-00-DX1,1,0.9974273,1
tumour/TCGA-G4-6322-01Z-00-DX1_25088_35840.jpg,TCGA-G4-6322,TCGA-G4-6322-01Z-00-DX1,1,0.66046965,1
tumour/TCGA-G4-6322-01Z-00-DX1_25088_36352.jpg,TCGA-G4-6322,TCGA-G4-6322-01Z-00-DX1,1,0.9756512,1
tumour/TCGA-G4-6322-01Z-00-DX1_25088_36864.jpg,TCGA-G4-6322,TCGA-G4-6322-01Z-00-DX1,1,0.99314225,1
tumour/TCGA-G4-6322-01Z-00-DX1_25088_37376.jpg,TCGA-G4-6322,TCGA-G4-6322-01Z-00-DX1,1,0.88381124,1
tumour/TCGA-G4-6322-01Z-00-DX1_25088_37888.jpg,TCGA-G4-6322,TCGA-G4-6322-01Z-00-DX1,1,0.9989184,1
tumour/TCGA-G4-6322-01Z-00-DX1_25600_33792.jpg,TCGA-G4-6322,TCGA-G4-6322-01Z-00-DX1,1,0.9999908,1
tumour/TCGA-G4-6322-01Z-00-DX1_25600_34304.jpg,TCGA-G4-6322,TCGA-G4-6322-01Z-00-DX1,1,0.99997926,1
tumour/TCGA-G4-6322-01Z-00-DX1_25600_34816.jpg,TCGA-G4-6322,TCGA-G4-6322-01Z-00-DX1,1,0.99998796,1
tumour/TCGA-G4-6322-01Z-00-DX1_25600_35328.jpg,TCGA-G4-6322,TCGA-G4-6322-01Z-00-DX1,1,0.9969753,1
tumour/TCGA-G4-6322-01Z-00-DX1_25600_35840.jpg,TCGA-G4-6322,TCGA-G4-6322-01Z-00-DX1,1,0.9886829,1
tumour/TCGA-G4-6322-01Z-00-DX1_25600_36864.jpg,TCGA-G4-6322,TCGA-G4-6322-01Z-00-DX1,1,0.97707033,1
tumour/TCGA-G4-6322-01Z-00-DX1_25600_37888.jpg,TCGA-G4-6322,TCGA-G4-6322-01Z-00-DX1,1,0.9999224,1
tumour/TCGA-G4-6322-01Z-00-DX1_25600_38912.jpg,TCGA-G4-6322,TCGA-G4-6322-01Z-00-DX1,1,0.997869,1
tumour/TCGA-G4-6322-01Z-00-DX1_26112_32768.jpg,TCGA-G4-6322,TCGA-G4-6322-01Z-00-DX1,1,0.8770569,1
tumour/TCGA-G4-6322-01Z-00-DX1_26112_33792.jpg,TCGA-G4-6322,TCGA-G4-6322-01Z-00-DX1,1,0.9849348,1
tumour/TCGA-G4-6322-01Z-00-DX1_26112_34816.jpg,TCGA-G4-6322,TCGA-G4-6322-01Z-00-DX1,1,0.997866,1
tumour/TCGA-G4-6322-01Z-00-DX1_26112_37376.jpg,TCGA-G4-6322,TCGA-G4-6322-01Z-00-DX1,1,0.3972966,0
tumour/TCGA-G4-6322-01Z-00-DX1_26112_37888.jpg,TCGA-G4-6322,TCGA-G4-6322-01Z-00-DX1,1,0.8788899,1
tumour/TCGA-G4-6322-01Z-00-DX1_26112_38400.jpg,TCGA-G4-6322,TCGA-G4-6322-01Z-00-DX1,1,0.9551754,1
tumour/TCGA-G4-6322-01Z-00-DX1_26112_38912.jpg,TCGA-G4-6322,TCGA-G4-6322-01Z-00-DX1,1,0.999948,1
tumour/TCGA-G4-6322-01Z-00-DX1_26112_39424.jpg,TCGA-G4-6322,TCGA-G4-6322-01Z-00-DX1,1,1.0,1
tumour/TCGA-G4-6322-01Z-00-DX1_26624_31232.jpg,TCGA-G4-6322,TCGA-G4-6322-01Z-00-DX1,1,0.9999982,1
tumour/TCGA-G4-6322-01Z-00-DX1_26624_31744.jpg,TCGA-G4-6322,TCGA-G4-6322-01Z-00-DX1,1,0.9861394,1
tumour/TCGA-G4-6322-01Z-00-DX1_26624_35840.jpg,TCGA-G4-6322,TCGA-G4-6322-01Z-00-DX1,1,0.97853756,1
tumour/TCGA-G4-6322-01Z-00-DX1_26624_36864.jpg,TCGA-G4-6322,TCGA-G4-6322-01Z-00-DX1,1,0.5362527,1
tumour/TCGA-G4-6322-01Z-00-DX1_26624_37888.jpg,TCGA-G4-6322,TCGA-G4-6322-01Z-00-DX1,1,0.9993204,1
tumour/TCGA-G4-6322-01Z-00-DX1_26624_38912.jpg,TCGA-G4-6322,TCGA-G4-6322-01Z-00-DX1,1,0.99999225,1
tumour/TCGA-G4-6322-01Z-00-DX1_26624_39424.jpg,TCGA-G4-6322,TCGA-G4-6322-01Z-00-DX1,1,0.99879706,1
tumour/TCGA-G4-6322-01Z-00-DX1_27136_29184.jpg,TCGA-G4-6322,TCGA-G4-6322-01Z-00-DX1,1,0.9981462,1
tumour/TCGA-G4-6322-01Z-00-DX1_27136_31744.jpg,TCGA-G4-6322,TCGA-G4-6322-01Z-00-DX1,1,0.9991441,1
tumour/TCGA-G4-6322-01Z-00-DX1_27136_32256.jpg,TCGA-G4-6322,TCGA-G4-6322-01Z-00-DX1,1,0.9571739,1
tumour/TCGA-G4-6322-01Z-00-DX1_27136_33792.jpg,TCGA-G4-6322,TCGA-G4-6322-01Z-00-DX1,1,0.9976406,1
tumour/TCGA-G4-6322-01Z-00-DX1_27136_37888.jpg,TCGA-G4-6322,TCGA-G4-6322-01Z-00-DX1,1,0.98325837,1
tumour/TCGA-G4-6322-01Z-00-DX1_27136_38400.jpg,TCGA-G4-6322,TCGA-G4-6322-01Z-00-DX1,1,0.99544585,1
tumour/TCGA-G4-6322-01Z-00-DX1_27136_38912.jpg,TCGA-G4-6322,TCGA-G4-6322-01Z-00-DX1,1,0.999706,1
tumour/TCGA-G4-6322-01Z-00-DX1_27136_39424.jpg,TCGA-G4-6322,TCGA-G4-6322-01Z-00-DX1,1,0.99085814,1
tumour/TCGA-G4-6322-01Z-00-DX1_27648_30720.jpg,TCGA-G4-6322,TCGA-G4-6322-01Z-00-DX1,1,0.9999999,1
tumour/TCGA-G4-6322-01Z-00-DX1_27648_32256.jpg,TCGA-G4-6322,TCGA-G4-6322-01Z-00-DX1,1,0.070554785,0
tumour/TCGA-G4-6322-01Z-00-DX1_27648_32768.jpg,TCGA-G4-6322,TCGA-G4-6322-01Z-00-DX1,1,0.81336087,1
tumour/TCGA-G4-6322-01Z-00-DX1_27648_33280.jpg,TCGA-G4-6322,TCGA-G4-6322-01Z-00-DX1,1,0.99722373,1
tumour/TCGA-G4-6322-01Z-00-DX1_27648_33792.jpg,TCGA-G4-6322,TCGA-G4-6322-01Z-00-DX1,1,0.9996866,1
tumour/TCGA-G4-6322-01Z-00-DX1_27648_39424.jpg,TCGA-G4-6322,TCGA-G4-6322-01Z-00-DX1,1,0.9523023,1
tumour/TCGA-G4-6322-01Z-00-DX1_28160_28672.jpg,TCGA-G4-6322,TCGA-G4-6322-01Z-00-DX1,1,0.9986545,1
tumour/TCGA-G4-6322-01Z-00-DX1_28160_31232.jpg,TCGA-G4-6322,TCGA-G4-6322-01Z-00-DX1,1,0.9994783,1
tumour/TCGA-G4-6322-01Z-00-DX1_28160_31744.jpg,TCGA-G4-6322,TCGA-G4-6322-01Z-00-DX1,1,0.9999505,1
tumour/TCGA-G4-6322-01Z-00-DX1_28160_35840.jpg,TCGA-G4-6322,TCGA-G4-6322-01Z-00-DX1,1,0.9991161,1
tumour/TCGA-G4-6322-01Z-00-DX1_28160_36352.jpg,TCGA-G4-6322,TCGA-G4-6322-01Z-00-DX1,1,0.9994672,1
tumour/TCGA-G4-6322-01Z-00-DX1_28672_26624.jpg,TCGA-G4-6322,TCGA-G4-6322-01Z-00-DX1,1,0.99793744,1
tumour/TCGA-G4-6322-01Z-00-DX1_28672_27136.jpg,TCGA-G4-6322,TCGA-G4-6322-01Z-00-DX1,1,0.9997906,1
tumour/TCGA-G4-6322-01Z-00-DX1_28672_27648.jpg,TCGA-G4-6322,TCGA-G4-6322-01Z-00-DX1,1,0.9961438,1
tumour/TCGA-G4-6322-01Z-00-DX1_28672_29696.jpg,TCGA-G4-6322,TCGA-G4-6322-01Z-00-DX1,1,0.8772439,1
tumour/TCGA-G4-6322-01Z-00-DX1_28672_30208.jpg,TCGA-G4-6322,TCGA-G4-6322-01Z-00-DX1,1,0.9962703,1
tumour/TCGA-G4-6322-01Z-00-DX1_28672_31232.jpg,TCGA-G4-6322,TCGA-G4-6322-01Z-00-DX1,1,0.99861145,1
tumour/TCGA-G4-6322-01Z-00-DX1_28672_31744.jpg,TCGA-G4-6322,TCGA-G4-6322-01Z-00-DX1,1,0.99995995,1
tumour/TCGA-G4-6322-01Z-00-DX1_28672_33280.jpg,TCGA-G4-6322,TCGA-G4-6322-01Z-00-DX1,1,0.98245215,1
tumour/TCGA-G4-6322-01Z-00-DX1_28672_35328.jpg,TCGA-G4-6322,TCGA-G4-6322-01Z-00-DX1,1,0.9983767,1
tumour/TCGA-G4-6322-01Z-00-DX1_28672_35840.jpg,TCGA-G4-6322,TCGA-G4-6322-01Z-00-DX1,1,0.9960032,1
tumour/TCGA-G4-6322-01Z-00-DX1_29184_24064.jpg,TCGA-G4-6322,TCGA-G4-6322-01Z-00-DX1,1,0.9544257,1
tumour/TCGA-G4-6322-01Z-00-DX1_29184_24576.jpg,TCGA-G4-6322,TCGA-G4-6322-01Z-00-DX1,1,0.99753237,1
tumour/TCGA-G4-6322-01Z-00-DX1_29184_25600.jpg,TCGA-G4-6322,TCGA-G4-6322-01Z-00-DX1,1,0.68380445,1
tumour/TCGA-G4-6322-01Z-00-DX1_29184_27136.jpg,TCGA-G4-6322,TCGA-G4-6322-01Z-00-DX1,1,0.9999747,1
tumour/TCGA-G4-6322-01Z-00-DX1_29184_27648.jpg,TCGA-G4-6322,TCGA-G4-6322-01Z-00-DX1,1,0.99899334,1
tumour/TCGA-G4-6322-01Z-00-DX1_29184_29184.jpg,TCGA-G4-6322,TCGA-G4-6322-01Z-00-DX1,1,0.9978295,1
tumour/TCGA-G4-6322-01Z-00-DX1_29184_29696.jpg,TCGA-G4-6322,TCGA-G4-6322-01Z-00-DX1,1,0.9973767,1
tumour/TCGA-G4-6322-01Z-00-DX1_29184_30208.jpg,TCGA-G4-6322,TCGA-G4-6322-01Z-00-DX1,1,0.97079504,1
tumour/TCGA-G4-6322-01Z-00-DX1_29184_30720.jpg,TCGA-G4-6322,TCGA-G4-6322-01Z-00-DX1,1,0.3450947,0
tumour/TCGA-G4-6322-01Z-00-DX1_29184_33280.jpg,TCGA-G4-6322,TCGA-G4-6322-01Z-00-DX1,1,0.9786444,1
tumour/TCGA-G4-6322-01Z-00-DX1_29184_33792.jpg,TCGA-G4-6322,TCGA-G4-6322-01Z-00-DX1,1,0.31383806,0
tumour/TCGA-G4-6322-01Z-00-DX1_29184_35328.jpg,TCGA-G4-6322,TCGA-G4-6322-01Z-00-DX1,1,0.99401146,1
tumour/TCGA-G4-6322-01Z-00-DX1_29184_35840.jpg,TCGA-G4-6322,TCGA-G4-6322-01Z-00-DX1,1,0.9690064,1
tumour/TCGA-G4-6322-01Z-00-DX1_29184_36352.jpg,TCGA-G4-6322,TCGA-G4-6322-01Z-00-DX1,1,0.9979956,1
tumour/TCGA-G4-6322-01Z-00-DX1_29184_36864.jpg,TCGA-G4-6322,TCGA-G4-6322-01Z-00-DX1,1,0.99590707,1
tumour/TCGA-G4-6322-01Z-00-DX1_29184_38400.jpg,TCGA-G4-6322,TCGA-G4-6322-01Z-00-DX1,1,0.99806195,1
tumour/TCGA-G4-6322-01Z-00-DX1_29696_24064.jpg,TCGA-G4-6322,TCGA-G4-6322-01Z-00-DX1,1,0.09727474,0
tumour/TCGA-G4-6322-01Z-00-DX1_29696_25088.jpg,TCGA-G4-6322,TCGA-G4-6322-01Z-00-DX1,1,0.72823316,1
tumour/TCGA-G4-6322-01Z-00-DX1_29696_27136.jpg,TCGA-G4-6322,TCGA-G4-6322-01Z-00-DX1,1,0.99876595,1
tumour/TCGA-G4-6322-01Z-00-DX1_29696_27648.jpg,TCGA-G4-6322,TCGA-G4-6322-01Z-00-DX1,1,0.9997062,1
tumour/TCGA-G4-6322-01Z-00-DX1_29696_28672.jpg,TCGA-G4-6322,TCGA-G4-6322-01Z-00-DX1,1,0.9899497,1
tumour/TCGA-G4-6322-01Z-00-DX1_29696_29184.jpg,TCGA-G4-6322,TCGA-G4-6322-01Z-00-DX1,1,0.98086655,1
tumour/TCGA-G4-6322-01Z-00-DX1_29696_29696.jpg,TCGA-G4-6322,TCGA-G4-6322-01Z-00-DX1,1,0.99367815,1
tumour/TCGA-G4-6322-01Z-00-DX1_29696_30208.jpg,TCGA-G4-6322,TCGA-G4-6322-01Z-00-DX1,1,0.94605154,1
tumour/TCGA-G4-6322-01Z-00-DX1_29696_31232.jpg,TCGA-G4-6322,TCGA-G4-6322-01Z-00-DX1,1,0.9796545,1
tumour/TCGA-G4-6322-01Z-00-DX1_29696_33792.jpg,TCGA-G4-6322,TCGA-G4-6322-01Z-00-DX1,1,0.85788804,1
tumour/TCGA-G4-6322-01Z-00-DX1_29696_35328.jpg,TCGA-G4-6322,TCGA-G4-6322-01Z-00-DX1,1,0.99996126,1
tumour/TCGA-G4-6322-01Z-00-DX1_29696_36352.jpg,TCGA-G4-6322,TCGA-G4-6322-01Z-00-DX1,1,0.2960543,0
tumour/TCGA-G4-6322-01Z-00-DX1_29696_37376.jpg,TCGA-G4-6322,TCGA-G4-6322-01Z-00-DX1,1,0.48085445,0
tumour/TCGA-G4-6322-01Z-00-DX1_30208_23552.jpg,TCGA-G4-6322,TCGA-G4-6322-01Z-00-DX1,1,0.4096392,0
tumour/TCGA-G4-6322-01Z-00-DX1_30208_24576.jpg,TCGA-G4-6322,TCGA-G4-6322-01Z-00-DX1,1,0.9998054,1
tumour/TCGA-G4-6322-01Z-00-DX1_30208_25088.jpg,TCGA-G4-6322,TCGA-G4-6322-01Z-00-DX1,1,0.9757722,1
tumour/TCGA-G4-6322-01Z-00-DX1_30208_25600.jpg,TCGA-G4-6322,TCGA-G4-6322-01Z-00-DX1,1,0.9524821,1
tumour/TCGA-G4-6322-01Z-00-DX1_30208_26112.jpg,TCGA-G4-6322,TCGA-G4-6322-01Z-00-DX1,1,0.13047066,0
tumour/TCGA-G4-6322-01Z-00-DX1_30208_26624.jpg,TCGA-G4-6322,TCGA-G4-6322-01Z-00-DX1,1,0.9866225,1
tumour/TCGA-G4-6322-01Z-00-DX1_30208_28160.jpg,TCGA-G4-6322,TCGA-G4-6322-01Z-00-DX1,1,0.9973591,1
tumour/TCGA-G4-6322-01Z-00-DX1_30208_28672.jpg,TCGA-G4-6322,TCGA-G4-6322-01Z-00-DX1,1,0.98774815,1
tumour/TCGA-G4-6322-01Z-00-DX1_30208_29184.jpg,TCGA-G4-6322,TCGA-G4-6322-01Z-00-DX1,1,0.98648965,1
tumour/TCGA-G4-6322-01Z-00-DX1_30208_29696.jpg,TCGA-G4-6322,TCGA-G4-6322-01Z-00-DX1,1,0.9940796,1
tumour/TCGA-G4-6322-01Z-00-DX1_30208_30720.jpg,TCGA-G4-6322,TCGA-G4-6322-01Z-00-DX1,1,0.99976736,1
tumour/TCGA-G4-6322-01Z-00-DX1_30208_31744.jpg,TCGA-G4-6322,TCGA-G4-6322-01Z-00-DX1,1,0.882932,1
tumour/TCGA-G4-6322-01Z-00-DX1_30208_34816.jpg,TCGA-G4-6322,TCGA-G4-6322-01Z-00-DX1,1,0.98708737,1
tumour/TCGA-G4-6322-01Z-00-DX1_30208_35328.jpg,TCGA-G4-6322,TCGA-G4-6322-01Z-00-DX1,1,0.98017305,1
tumour/TCGA-G4-6322-01Z-00-DX1_30208_35840.jpg,TCGA-G4-6322,TCGA-G4-6322-01Z-00-DX1,1,0.9973769,1
tumour/TCGA-G4-6322-01Z-00-DX1_30208_36352.jpg,TCGA-G4-6322,TCGA-G4-6322-01Z-00-DX1,1,0.9448941,1
tumour/TCGA-G4-6322-01Z-00-DX1_30208_36864.jpg,TCGA-G4-6322,TCGA-G4-6322-01Z-00-DX1,1,0.9953206,1
tumour/TCGA-G4-6322-01Z-00-DX1_30208_37376.jpg,TCGA-G4-6322,TCGA-G4-6322-01Z-00-DX1,1,0.87636006,1
tumour/TCGA-G4-6322-01Z-00-DX1_30208_37888.jpg,TCGA-G4-6322,TCGA-G4-6322-01Z-00-DX1,1,0.9942707,1
tumour/TCGA-G4-6322-01Z-00-DX1_30208_39424.jpg,TCGA-G4-6322,TCGA-G4-6322-01Z-00-DX1,1,0.99935645,1
tumour/TCGA-G4-6322-01Z-00-DX1_30720_27136.jpg,TCGA-G4-6322,TCGA-G4-6322-01Z-00-DX1,1,0.9809982,1
tumour/TCGA-G4-6322-01Z-00-DX1_30720_27648.jpg,TCGA-G4-6322,TCGA-G4-6322-01Z-00-DX1,1,0.99611366,1
tumour/TCGA-G4-6322-01Z-00-DX1_30720_28672.jpg,TCGA-G4-6322,TCGA-G4-6322-01Z-00-DX1,1,0.89663464,1
tumour/TCGA-G4-6322-01Z-00-DX1_30720_29184.jpg,TCGA-G4-6322,TCGA-G4-6322-01Z-00-DX1,1,0.98667336,1
tumour/TCGA-G4-6322-01Z-00-DX1_30720_31744.jpg,TCGA-G4-6322,TCGA-G4-6322-01Z-00-DX1,1,0.32434168,0
tumour/TCGA-G4-6322-01Z-00-DX1_30720_32256.jpg,TCGA-G4-6322,TCGA-G4-6322-01Z-00-DX1,1,0.99580055,1
tumour/TCGA-G4-6322-01Z-00-DX1_30720_34816.jpg,TCGA-G4-6322,TCGA-G4-6322-01Z-00-DX1,1,0.40553755,0
tumour/TCGA-G4-6322-01Z-00-DX1_30720_35328.jpg,TCGA-G4-6322,TCGA-G4-6322-01Z-00-DX1,1,0.9897099,1
tumour/TCGA-G4-6322-01Z-00-DX1_30720_35840.jpg,TCGA-G4-6322,TCGA-G4-6322-01Z-00-DX1,1,0.82960594,1
tumour/TCGA-G4-6322-01Z-00-DX1_30720_36352.jpg,TCGA-G4-6322,TCGA-G4-6322-01Z-00-DX1,1,0.99198335,1
tumour/TCGA-G4-6322-01Z-00-DX1_30720_37376.jpg,TCGA-G4-6322,TCGA-G4-6322-01Z-00-DX1,1,0.9996294,1
tumour/TCGA-G4-6322-01Z-00-DX1_30720_39424.jpg,TCGA-G4-6322,TCGA-G4-6322-01Z-00-DX1,1,0.9999862,1
tumour/TCGA-G4-6322-01Z-00-DX1_30720_39936.jpg,TCGA-G4-6322,TCGA-G4-6322-01Z-00-DX1,1,0.9999187,1
tumour/TCGA-G4-6322-01Z-00-DX1_31232_25088.jpg,TCGA-G4-6322,TCGA-G4-6322-01Z-00-DX1,1,0.9735666,1
tumour/TCGA-G4-6322-01Z-00-DX1_31232_25600.jpg,TCGA-G4-6322,TCGA-G4-6322-01Z-00-DX1,1,0.99466914,1
tumour/TCGA-G4-6322-01Z-00-DX1_31232_27136.jpg,TCGA-G4-6322,TCGA-G4-6322-01Z-00-DX1,1,0.9826518,1
tumour/TCGA-G4-6322-01Z-00-DX1_31232_29184.jpg,TCGA-G4-6322,TCGA-G4-6322-01Z-00-DX1,1,0.71621,1
tumour/TCGA-G4-6322-01Z-00-DX1_31232_29696.jpg,TCGA-G4-6322,TCGA-G4-6322-01Z-00-DX1,1,0.9976922,1
tumour/TCGA-G4-6322-01Z-00-DX1_31232_30720.jpg,TCGA-G4-6322,TCGA-G4-6322-01Z-00-DX1,1,0.99207217,1
tumour/TCGA-G4-6322-01Z-00-DX1_31232_31744.jpg,TCGA-G4-6322,TCGA-G4-6322-01Z-00-DX1,1,0.9952053,1
tumour/TCGA-G4-6322-01Z-00-DX1_31232_32256.jpg,TCGA-G4-6322,TCGA-G4-6322-01Z-00-DX1,1,0.99977666,1
tumour/TCGA-G4-6322-01Z-00-DX1_31232_34816.jpg,TCGA-G4-6322,TCGA-G4-6322-01Z-00-DX1,1,0.29721075,0
tumour/TCGA-G4-6322-01Z-00-DX1_31232_35328.jpg,TCGA-G4-6322,TCGA-G4-6322-01Z-00-DX1,1,0.87534416,1
tumour/TCGA-G4-6322-01Z-00-DX1_31232_36352.jpg,TCGA-G4-6322,TCGA-G4-6322-01Z-00-DX1,1,0.46499395,0
tumour/TCGA-G4-6322-01Z-00-DX1_31232_36864.jpg,TCGA-G4-6322,TCGA-G4-6322-01Z-00-DX1,1,0.96774596,1
tumour/TCGA-G4-6322-01Z-00-DX1_31232_37376.jpg,TCGA-G4-6322,TCGA-G4-6322-01Z-00-DX1,1,0.998575,1
tumour/TCGA-G4-6322-01Z-00-DX1_31232_37888.jpg,TCGA-G4-6322,TCGA-G4-6322-01Z-00-DX1,1,0.9947877,1
tumour/TCGA-G4-6322-01Z-00-DX1_31232_38400.jpg,TCGA-G4-6322,TCGA-G4-6322-01Z-00-DX1,1,0.999863,1
tumour/TCGA-G4-6322-01Z-00-DX1_31232_39936.jpg,TCGA-G4-6322,TCGA-G4-6322-01Z-00-DX1,1,0.9979704,1
tumour/TCGA-G4-6322-01Z-00-DX1_31744_25088.jpg,TCGA-G4-6322,TCGA-G4-6322-01Z-00-DX1,1,0.9243599,1
tumour/TCGA-G4-6322-01Z-00-DX1_31744_26112.jpg,TCGA-G4-6322,TCGA-G4-6322-01Z-00-DX1,1,0.6680615,1
tumour/TCGA-G4-6322-01Z-00-DX1_31744_26624.jpg,TCGA-G4-6322,TCGA-G4-6322-01Z-00-DX1,1,0.99990726,1
tumour/TCGA-G4-6322-01Z-00-DX1_31744_27648.jpg,TCGA-G4-6322,TCGA-G4-6322-01Z-00-DX1,1,0.65982074,1
tumour/TCGA-G4-6322-01Z-00-DX1_31744_28160.jpg,TCGA-G4-6322,TCGA-G4-6322-01Z-00-DX1,1,0.9981951,1
tumour/TCGA-G4-6322-01Z-00-DX1_31744_28672.jpg,TCGA-G4-6322,TCGA-G4-6322-01Z-00-DX1,1,0.7549128,1
tumour/TCGA-G4-6322-01Z-00-DX1_31744_29696.jpg,TCGA-G4-6322,TCGA-G4-6322-01Z-00-DX1,1,0.99976534,1
tumour/TCGA-G4-6322-01Z-00-DX1_31744_30208.jpg,TCGA-G4-6322,TCGA-G4-6322-01Z-00-DX1,1,0.9995177,1
tumour/TCGA-G4-6322-01Z-00-DX1_31744_30720.jpg,TCGA-G4-6322,TCGA-G4-6322-01Z-00-DX1,1,0.99778724,1
tumour/TCGA-G4-6322-01Z-00-DX1_31744_31232.jpg,TCGA-G4-6322,TCGA-G4-6322-01Z-00-DX1,1,0.7953951,1
tumour/TCGA-G4-6322-01Z-00-DX1_31744_32256.jpg,TCGA-G4-6322,TCGA-G4-6322-01Z-00-DX1,1,0.969348,1
tumour/TCGA-G4-6322-01Z-00-DX1_31744_34816.jpg,TCGA-G4-6322,TCGA-G4-6322-01Z-00-DX1,1,0.9425449,1
tumour/TCGA-G4-6322-01Z-00-DX1_31744_35328.jpg,TCGA-G4-6322,TCGA-G4-6322-01Z-00-DX1,1,0.7193179,1
tumour/TCGA-G4-6322-01Z-00-DX1_31744_35840.jpg,TCGA-G4-6322,TCGA-G4-6322-01Z-00-DX1,1,0.97885406,1
tumour/TCGA-G4-6322-01Z-00-DX1_31744_36352.jpg,TCGA-G4-6322,TCGA-G4-6322-01Z-00-DX1,1,0.031887446,0
tumour/TCGA-G4-6322-01Z-00-DX1_31744_36864.jpg,TCGA-G4-6322,TCGA-G4-6322-01Z-00-DX1,1,0.99045724,1
tumour/TCGA-G4-6322-01Z-00-DX1_31744_37376.jpg,TCGA-G4-6322,TCGA-G4-6322-01Z-00-DX1,1,0.9897445,1
tumour/TCGA-G4-6322-01Z-00-DX1_31744_38400.jpg,TCGA-G4-6322,TCGA-G4-6322-01Z-00-DX1,1,0.9998516,1
tumour/TCGA-G4-6322-01Z-00-DX1_31744_38912.jpg,TCGA-G4-6322,TCGA-G4-6322-01Z-00-DX1,1,0.99947006,1
tumour/TCGA-G4-6322-01Z-00-DX1_31744_39424.jpg,TCGA-G4-6322,TCGA-G4-6322-01Z-00-DX1,1,0.9978345,1
tumour/TCGA-G4-6322-01Z-00-DX1_31744_39936.jpg,TCGA-G4-6322,TCGA-G4-6322-01Z-00-DX1,1,0.97913796,1
tumour/TCGA-G4-6322-01Z-00-DX1_32256_24576.jpg,TCGA-G4-6322,TCGA-G4-6322-01Z-00-DX1,1,0.67677814,1
tumour/TCGA-G4-6322-01Z-00-DX1_32256_25088.jpg,TCGA-G4-6322,TCGA-G4-6322-01Z-00-DX1,1,0.9997856,1
tumour/TCGA-G4-6322-01Z-00-DX1_32256_26624.jpg,TCGA-G4-6322,TCGA-G4-6322-01Z-00-DX1,1,0.9990693,1
tumour/TCGA-G4-6322-01Z-00-DX1_32256_27136.jpg,TCGA-G4-6322,TCGA-G4-6322-01Z-00-DX1,1,0.6670081,1
tumour/TCGA-G4-6322-01Z-00-DX1_32256_27648.jpg,TCGA-G4-6322,TCGA-G4-6322-01Z-00-DX1,1,0.9869725,1
tumour/TCGA-G4-6322-01Z-00-DX1_32256_28160.jpg,TCGA-G4-6322,TCGA-G4-6322-01Z-00-DX1,1,0.99319154,1
tumour/TCGA-G4-6322-01Z-00-DX1_32256_29184.jpg,TCGA-G4-6322,TCGA-G4-6322-01Z-00-DX1,1,0.9974099,1
tumour/TCGA-G4-6322-01Z-00-DX1_32256_30208.jpg,TCGA-G4-6322,TCGA-G4-6322-01Z-00-DX1,1,0.99362856,1
tumour/TCGA-G4-6322-01Z-00-DX1_32256_30720.jpg,TCGA-G4-6322,TCGA-G4-6322-01Z-00-DX1,1,0.9922505,1
tumour/TCGA-G4-6322-01Z-00-DX1_32256_31744.jpg,TCGA-G4-6322,TCGA-G4-6322-01Z-00-DX1,1,0.980452,1
tumour/TCGA-G4-6322-01Z-00-DX1_32256_32256.jpg,TCGA-G4-6322,TCGA-G4-6322-01Z-00-DX1,1,0.8630573,1
tumour/TCGA-G4-6322-01Z-00-DX1_32256_35840.jpg,TCGA-G4-6322,TCGA-G4-6322-01Z-00-DX1,1,0.679362,1
tumour/TCGA-G4-6322-01Z-00-DX1_32256_36352.jpg,TCGA-G4-6322,TCGA-G4-6322-01Z-00-DX1,1,0.9300713,1
tumour/TCGA-G4-6322-01Z-00-DX1_32256_37376.jpg,TCGA-G4-6322,TCGA-G4-6322-01Z-00-DX1,1,0.9989826,1
tumour/TCGA-G4-6322-01Z-00-DX1_32256_38400.jpg,TCGA-G4-6322,TCGA-G4-6322-01Z-00-DX1,1,0.9916626,1
tumour/TCGA-G4-6322-01Z-00-DX1_32256_38912.jpg,TCGA-G4-6322,TCGA-G4-6322-01Z-00-DX1,1,0.9999993,1
tumour/TCGA-G4-6322-01Z-00-DX1_32768_25088.jpg,TCGA-G4-6322,TCGA-G4-6322-01Z-00-DX1,1,0.80188054,1
tumour/TCGA-G4-6322-01Z-00-DX1_32768_25600.jpg,TCGA-G4-6322,TCGA-G4-6322-01Z-00-DX1,1,0.9962935,1
tumour/TCGA-G4-6322-01Z-00-DX1_32768_26112.jpg,TCGA-G4-6322,TCGA-G4-6322-01Z-00-DX1,1,0.9954294,1
tumour/TCGA-G4-6322-01Z-00-DX1_32768_26624.jpg,TCGA-G4-6322,TCGA-G4-6322-01Z-00-DX1,1,0.6962955,1
tumour/TCGA-G4-6322-01Z-00-DX1_32768_27136.jpg,TCGA-G4-6322,TCGA-G4-6322-01Z-00-DX1,1,0.991779,1
tumour/TCGA-G4-6322-01Z-00-DX1_32768_28672.jpg,TCGA-G4-6322,TCGA-G4-6322-01Z-00-DX1,1,0.9991709,1
tumour/TCGA-G4-6322-01Z-00-DX1_32768_29696.jpg,TCGA-G4-6322,TCGA-G4-6322-01Z-00-DX1,1,0.0050551845,0
tumour/TCGA-G4-6322-01Z-00-DX1_32768_33280.jpg,TCGA-G4-6322,TCGA-G4-6322-01Z-00-DX1,1,0.43380356,0
tumour/TCGA-G4-6322-01Z-00-DX1_32768_34816.jpg,TCGA-G4-6322,TCGA-G4-6322-01Z-00-DX1,1,0.76517993,1
tumour/TCGA-G4-6322-01Z-00-DX1_32768_35328.jpg,TCGA-G4-6322,TCGA-G4-6322-01Z-00-DX1,1,0.9979291,1
tumour/TCGA-G4-6322-01Z-00-DX1_32768_35840.jpg,TCGA-G4-6322,TCGA-G4-6322-01Z-00-DX1,1,0.94446653,1
tumour/TCGA-G4-6322-01Z-00-DX1_32768_36352.jpg,TCGA-G4-6322,TCGA-G4-6322-01Z-00-DX1,1,0.92298216,1
tumour/TCGA-G4-6322-01Z-00-DX1_32768_36864.jpg,TCGA-G4-6322,TCGA-G4-6322-01Z-00-DX1,1,0.998992,1
tumour/TCGA-G4-6322-01Z-00-DX1_32768_37888.jpg,TCGA-G4-6322,TCGA-G4-6322-01Z-00-DX1,1,0.9939498,1
tumour/TCGA-G4-6322-01Z-00-DX1_32768_38912.jpg,TCGA-G4-6322,TCGA-G4-6322-01Z-00-DX1,1,1.0,1
tumour/TCGA-G4-6322-01Z-00-DX1_33280_26624.jpg,TCGA-G4-6322,TCGA-G4-6322-01Z-00-DX1,1,0.77237284,1
tumour/TCGA-G4-6322-01Z-00-DX1_33280_27136.jpg,TCGA-G4-6322,TCGA-G4-6322-01Z-00-DX1,1,0.80896705,1
tumour/TCGA-G4-6322-01Z-00-DX1_33280_27648.jpg,TCGA-G4-6322,TCGA-G4-6322-01Z-00-DX1,1,0.9752898,1
tumour/TCGA-G4-6322-01Z-00-DX1_33280_28160.jpg,TCGA-G4-6322,TCGA-G4-6322-01Z-00-DX1,1,0.64253026,1
tumour/TCGA-G4-6322-01Z-00-DX1_33280_29696.jpg,TCGA-G4-6322,TCGA-G4-6322-01Z-00-DX1,1,0.9795532,1
tumour/TCGA-G4-6322-01Z-00-DX1_33280_30208.jpg,TCGA-G4-6322,TCGA-G4-6322-01Z-00-DX1,1,0.9905985,1
tumour/TCGA-G4-6322-01Z-00-DX1_33280_30720.jpg,TCGA-G4-6322,TCGA-G4-6322-01Z-00-DX1,1,0.9167661,1
tumour/TCGA-G4-6322-01Z-00-DX1_33280_31232.jpg,TCGA-G4-6322,TCGA-G4-6322-01Z-00-DX1,1,0.9647939,1
tumour/TCGA-G4-6322-01Z-00-DX1_33280_31744.jpg,TCGA-G4-6322,TCGA-G4-6322-01Z-00-DX1,1,0.96240526,1
tumour/TCGA-G4-6322-01Z-00-DX1_33280_33280.jpg,TCGA-G4-6322,TCGA-G4-6322-01Z-00-DX1,1,0.19189401,0
tumour/TCGA-G4-6322-01Z-00-DX1_33280_34304.jpg,TCGA-G4-6322,TCGA-G4-6322-01Z-00-DX1,1,0.5764496,1
tumour/TCGA-G4-6322-01Z-00-DX1_33280_34816.jpg,TCGA-G4-6322,TCGA-G4-6322-01Z-00-DX1,1,0.57572526,1
tumour/TCGA-G4-6322-01Z-00-DX1_33280_35840.jpg,TCGA-G4-6322,TCGA-G4-6322-01Z-00-DX1,1,0.9898656,1
tumour/TCGA-G4-6322-01Z-00-DX1_33280_36864.jpg,TCGA-G4-6322,TCGA-G4-6322-01Z-00-DX1,1,0.91283214,1
tumour/TCGA-G4-6322-01Z-00-DX1_33280_38400.jpg,TCGA-G4-6322,TCGA-G4-6322-01Z-00-DX1,1,0.9999814,1
tumour/TCGA-G4-6322-01Z-00-DX1_33280_39936.jpg,TCGA-G4-6322,TCGA-G4-6322-01Z-00-DX1,1,0.9454114,1
tumour/TCGA-G4-6322-01Z-00-DX1_33792_28160.jpg,TCGA-G4-6322,TCGA-G4-6322-01Z-00-DX1,1,0.9866654,1
tumour/TCGA-G4-6322-01Z-00-DX1_33792_28672.jpg,TCGA-G4-6322,TCGA-G4-6322-01Z-00-DX1,1,0.99654263,1
tumour/TCGA-G4-6322-01Z-00-DX1_33792_29184.jpg,TCGA-G4-6322,TCGA-G4-6322-01Z-00-DX1,1,0.99995947,1
tumour/TCGA-G4-6322-01Z-00-DX1_33792_29696.jpg,TCGA-G4-6322,TCGA-G4-6322-01Z-00-DX1,1,0.99997795,1
tumour/TCGA-G4-6322-01Z-00-DX1_33792_31232.jpg,TCGA-G4-6322,TCGA-G4-6322-01Z-00-DX1,1,0.98629135,1
tumour/TCGA-G4-6322-01Z-00-DX1_33792_31744.jpg,TCGA-G4-6322,TCGA-G4-6322-01Z-00-DX1,1,0.99124384,1
tumour/TCGA-G4-6322-01Z-00-DX1_33792_32768.jpg,TCGA-G4-6322,TCGA-G4-6322-01Z-00-DX1,1,0.89425164,1
tumour/TCGA-G4-6322-01Z-00-DX1_33792_35328.jpg,TCGA-G4-6322,TCGA-G4-6322-01Z-00-DX1,1,0.5540395,1
tumour/TCGA-G4-6322-01Z-00-DX1_33792_35840.jpg,TCGA-G4-6322,TCGA-G4-6322-01Z-00-DX1,1,0.99619424,1
tumour/TCGA-G4-6322-01Z-00-DX1_33792_36864.jpg,TCGA-G4-6322,TCGA-G4-6322-01Z-00-DX1,1,0.94976795,1
tumour/TCGA-G4-6322-01Z-00-DX1_33792_37376.jpg,TCGA-G4-6322,TCGA-G4-6322-01Z-00-DX1,1,0.9957985,1
tumour/TCGA-G4-6322-01Z-00-DX1_33792_38400.jpg,TCGA-G4-6322,TCGA-G4-6322-01Z-00-DX1,1,0.999998,1
tumour/TCGA-G4-6322-01Z-00-DX1_33792_38912.jpg,TCGA-G4-6322,TCGA-G4-6322-01Z-00-DX1,1,0.9964799,1
tumour/TCGA-G4-6322-01Z-00-DX1_33792_40448.jpg,TCGA-G4-6322,TCGA-G4-6322-01Z-00-DX1,1,0.9993247,1
tumour/TCGA-G4-6322-01Z-00-DX1_34304_27136.jpg,TCGA-G4-6322,TCGA-G4-6322-01Z-00-DX1,1,0.9860342,1
tumour/TCGA-G4-6322-01Z-00-DX1_34304_28160.jpg,TCGA-G4-6322,TCGA-G4-6322-01Z-00-DX1,1,0.9828583,1
tumour/TCGA-G4-6322-01Z-00-DX1_34304_30208.jpg,TCGA-G4-6322,TCGA-G4-6322-01Z-00-DX1,1,0.98706275,1
tumour/TCGA-G4-6322-01Z-00-DX1_34304_32256.jpg,TCGA-G4-6322,TCGA-G4-6322-01Z-00-DX1,1,0.89673,1
tumour/TCGA-G4-6322-01Z-00-DX1_34304_33280.jpg,TCGA-G4-6322,TCGA-G4-6322-01Z-00-DX1,1,0.96232384,1
tumour/TCGA-G4-6322-01Z-00-DX1_34304_34304.jpg,TCGA-G4-6322,TCGA-G4-6322-01Z-00-DX1,1,0.58271164,1
tumour/TCGA-G4-6322-01Z-00-DX1_34304_34816.jpg,TCGA-G4-6322,TCGA-G4-6322-01Z-00-DX1,1,0.9352778,1
tumour/TCGA-G4-6322-01Z-00-DX1_34304_36352.jpg,TCGA-G4-6322,TCGA-G4-6322-01Z-00-DX1,1,0.9999614,1
tumour/TCGA-G4-6322-01Z-00-DX1_34304_36864.jpg,TCGA-G4-6322,TCGA-G4-6322-01Z-00-DX1,1,0.9984469,1
tumour/TCGA-G4-6322-01Z-00-DX1_34304_37888.jpg,TCGA-G4-6322,TCGA-G4-6322-01Z-00-DX1,1,0.9271921,1
tumour/TCGA-G4-6322-01Z-00-DX1_34304_38400.jpg,TCGA-G4-6322,TCGA-G4-6322-01Z-00-DX1,1,0.9995888,1
tumour/TCGA-G4-6322-01Z-00-DX1_34816_28672.jpg,TCGA-G4-6322,TCGA-G4-6322-01Z-00-DX1,1,0.96407807,1
tumour/TCGA-G4-6322-01Z-00-DX1_34816_29184.jpg,TCGA-G4-6322,TCGA-G4-6322-01Z-00-DX1,1,0.9912718,1
tumour/TCGA-G4-6322-01Z-00-DX1_34816_29696.jpg,TCGA-G4-6322,TCGA-G4-6322-01Z-00-DX1,1,0.99866474,1
tumour/TCGA-G4-6322-01Z-00-DX1_34816_31744.jpg,TCGA-G4-6322,TCGA-G4-6322-01Z-00-DX1,1,0.27720717,0
tumour/TCGA-G4-6322-01Z-00-DX1_34816_32768.jpg,TCGA-G4-6322,TCGA-G4-6322-01Z-00-DX1,1,0.88377875,1
tumour/TCGA-G4-6322-01Z-00-DX1_34816_34304.jpg,TCGA-G4-6322,TCGA-G4-6322-01Z-00-DX1,1,0.6737517,1
tumour/TCGA-G4-6322-01Z-00-DX1_34816_34816.jpg,TCGA-G4-6322,TCGA-G4-6322-01Z-00-DX1,1,0.76111025,1
tumour/TCGA-G4-6322-01Z-00-DX1_34816_35328.jpg,TCGA-G4-6322,TCGA-G4-6322-01Z-00-DX1,1,0.97559637,1
tumour/TCGA-G4-6322-01Z-00-DX1_34816_36864.jpg,TCGA-G4-6322,TCGA-G4-6322-01Z-00-DX1,1,0.9999931,1
tumour/TCGA-G4-6322-01Z-00-DX1_34816_37376.jpg,TCGA-G4-6322,TCGA-G4-6322-01Z-00-DX1,1,0.8951199,1
tumour/TCGA-G4-6322-01Z-00-DX1_34816_37888.jpg,TCGA-G4-6322,TCGA-G4-6322-01Z-00-DX1,1,0.99583155,1
tumour/TCGA-G4-6322-01Z-00-DX1_34816_38912.jpg,TCGA-G4-6322,TCGA-G4-6322-01Z-00-DX1,1,0.9997098,1
tumour/TCGA-G4-6322-01Z-00-DX1_35328_32256.jpg,TCGA-G4-6322,TCGA-G4-6322-01Z-00-DX1,1,0.9756781,1
tumour/TCGA-G4-6322-01Z-00-DX1_35328_32768.jpg,TCGA-G4-6322,TCGA-G4-6322-01Z-00-DX1,1,0.53068805,1
tumour/TCGA-G4-6322-01Z-00-DX1_35328_33280.jpg,TCGA-G4-6322,TCGA-G4-6322-01Z-00-DX1,1,0.64184105,1
tumour/TCGA-G4-6322-01Z-00-DX1_35328_33792.jpg,TCGA-G4-6322,TCGA-G4-6322-01Z-00-DX1,1,0.9926805,1
tumour/TCGA-G4-6322-01Z-00-DX1_35328_34304.jpg,TCGA-G4-6322,TCGA-G4-6322-01Z-00-DX1,1,0.99822515,1
tumour/TCGA-G4-6322-01Z-00-DX1_35328_34816.jpg,TCGA-G4-6322,TCGA-G4-6322-01Z-00-DX1,1,0.9927193,1
tumour/TCGA-G4-6322-01Z-00-DX1_35328_35328.jpg,TCGA-G4-6322,TCGA-G4-6322-01Z-00-DX1,1,0.9191568,1
tumour/TCGA-G4-6322-01Z-00-DX1_35328_37376.jpg,TCGA-G4-6322,TCGA-G4-6322-01Z-00-DX1,1,0.97740734,1
tumour/TCGA-G4-6322-01Z-00-DX1_35328_37888.jpg,TCGA-G4-6322,TCGA-G4-6322-01Z-00-DX1,1,0.99967647,1
tumour/TCGA-G4-6322-01Z-00-DX1_35328_38400.jpg,TCGA-G4-6322,TCGA-G4-6322-01Z-00-DX1,1,0.98480636,1
tumour/TCGA-G4-6322-01Z-00-DX1_35840_29184.jpg,TCGA-G4-6322,TCGA-G4-6322-01Z-00-DX1,1,0.9980344,1
tumour/TCGA-G4-6322-01Z-00-DX1_35840_31744.jpg,TCGA-G4-6322,TCGA-G4-6322-01Z-00-DX1,1,0.5081908,1
tumour/TCGA-G4-6322-01Z-00-DX1_35840_32768.jpg,TCGA-G4-6322,TCGA-G4-6322-01Z-00-DX1,1,0.8973021,1
tumour/TCGA-G4-6322-01Z-00-DX1_35840_33280.jpg,TCGA-G4-6322,TCGA-G4-6322-01Z-00-DX1,1,0.9236948,1
tumour/TCGA-G4-6322-01Z-00-DX1_35840_34304.jpg,TCGA-G4-6322,TCGA-G4-6322-01Z-00-DX1,1,0.9135407,1
tumour/TCGA-G4-6322-01Z-00-DX1_35840_34816.jpg,TCGA-G4-6322,TCGA-G4-6322-01Z-00-DX1,1,0.9889832,1
tumour/TCGA-G4-6322-01Z-00-DX1_35840_35840.jpg,TCGA-G4-6322,TCGA-G4-6322-01Z-00-DX1,1,0.99618393,1
tumour/TCGA-G4-6322-01Z-00-DX1_35840_36352.jpg,TCGA-G4-6322,TCGA-G4-6322-01Z-00-DX1,1,0.9896812,1
tumour/TCGA-G4-6322-01Z-00-DX1_35840_37888.jpg,TCGA-G4-6322,TCGA-G4-6322-01Z-00-DX1,1,0.99997795,1
tumour/TCGA-G4-6322-01Z-00-DX1_35840_38912.jpg,TCGA-G4-6322,TCGA-G4-6322-01Z-00-DX1,1,0.99993837,1
tumour/TCGA-G4-6322-01Z-00-DX1_36352_28672.jpg,TCGA-G4-6322,TCGA-G4-6322-01Z-00-DX1,1,0.9989335,1
tumour/TCGA-G4-6322-01Z-00-DX1_36352_29184.jpg,TCGA-G4-6322,TCGA-G4-6322-01Z-00-DX1,1,0.9085635,1
tumour/TCGA-G4-6322-01Z-00-DX1_36352_29696.jpg,TCGA-G4-6322,TCGA-G4-6322-01Z-00-DX1,1,0.91402876,1
tumour/TCGA-G4-6322-01Z-00-DX1_36352_30720.jpg,TCGA-G4-6322,TCGA-G4-6322-01Z-00-DX1,1,0.34561944,0
tumour/TCGA-G4-6322-01Z-00-DX1_36352_31232.jpg,TCGA-G4-6322,TCGA-G4-6322-01Z-00-DX1,1,0.99127114,1
tumour/TCGA-G4-6322-01Z-00-DX1_36352_33280.jpg,TCGA-G4-6322,TCGA-G4-6322-01Z-00-DX1,1,0.8349911,1
tumour/TCGA-G4-6322-01Z-00-DX1_36352_34304.jpg,TCGA-G4-6322,TCGA-G4-6322-01Z-00-DX1,1,0.8816579,1
tumour/TCGA-G4-6322-01Z-00-DX1_36352_34816.jpg,TCGA-G4-6322,TCGA-G4-6322-01Z-00-DX1,1,0.96068364,1
tumour/TCGA-G4-6322-01Z-00-DX1_36352_35840.jpg,TCGA-G4-6322,TCGA-G4-6322-01Z-00-DX1,1,0.79447055,1
tumour/TCGA-G4-6322-01Z-00-DX1_36352_36864.jpg,TCGA-G4-6322,TCGA-G4-6322-01Z-00-DX1,1,0.9994179,1
tumour/TCGA-G4-6322-01Z-00-DX1_36352_37376.jpg,TCGA-G4-6322,TCGA-G4-6322-01Z-00-DX1,1,0.99872416,1
tumour/TCGA-G4-6322-01Z-00-DX1_36352_37888.jpg,TCGA-G4-6322,TCGA-G4-6322-01Z-00-DX1,1,0.99990344,1
tumour/TCGA-G4-6322-01Z-00-DX1_36864_30208.jpg,TCGA-G4-6322,TCGA-G4-6322-01Z-00-DX1,1,0.98442787,1
tumour/TCGA-G4-6322-01Z-00-DX1_36864_31744.jpg,TCGA-G4-6322,TCGA-G4-6322-01Z-00-DX1,1,0.6015981,1
tumour/TCGA-G4-6322-01Z-00-DX1_36864_32768.jpg,TCGA-G4-6322,TCGA-G4-6322-01Z-00-DX1,1,0.88521993,1
tumour/TCGA-G4-6322-01Z-00-DX1_36864_33792.jpg,TCGA-G4-6322,TCGA-G4-6322-01Z-00-DX1,1,0.81670076,1
tumour/TCGA-G4-6322-01Z-00-DX1_36864_34816.jpg,TCGA-G4-6322,TCGA-G4-6322-01Z-00-DX1,1,0.9962877,1
tumour/TCGA-G4-6322-01Z-00-DX1_36864_37888.jpg,TCGA-G4-6322,TCGA-G4-6322-01Z-00-DX1,1,0.9992994,1
tumour/TCGA-G4-6322-01Z-00-DX1_37376_24064.jpg,TCGA-G4-6322,TCGA-G4-6322-01Z-00-DX1,1,0.99987984,1
tumour/TCGA-G4-6322-01Z-00-DX1_37376_24576.jpg,TCGA-G4-6322,TCGA-G4-6322-01Z-00-DX1,1,0.9993494,1
tumour/TCGA-G4-6322-01Z-00-DX1_37376_25088.jpg,TCGA-G4-6322,TCGA-G4-6322-01Z-00-DX1,1,0.9937458,1
tumour/TCGA-G4-6322-01Z-00-DX1_37376_25600.jpg,TCGA-G4-6322,TCGA-G4-6322-01Z-00-DX1,1,0.9474523,1
tumour/TCGA-G4-6322-01Z-00-DX1_37376_29696.jpg,TCGA-G4-6322,TCGA-G4-6322-01Z-00-DX1,1,0.75778747,1
tumour/TCGA-G4-6322-01Z-00-DX1_37376_30208.jpg,TCGA-G4-6322,TCGA-G4-6322-01Z-00-DX1,1,0.4358917,0
tumour/TCGA-G4-6322-01Z-00-DX1_37376_30720.jpg,TCGA-G4-6322,TCGA-G4-6322-01Z-00-DX1,1,0.8716623,1
tumour/TCGA-G4-6322-01Z-00-DX1_37376_31232.jpg,TCGA-G4-6322,TCGA-G4-6322-01Z-00-DX1,1,0.9378972,1
tumour/TCGA-G4-6322-01Z-00-DX1_37376_31744.jpg,TCGA-G4-6322,TCGA-G4-6322-01Z-00-DX1,1,0.9247482,1
tumour/TCGA-G4-6322-01Z-00-DX1_37376_33280.jpg,TCGA-G4-6322,TCGA-G4-6322-01Z-00-DX1,1,0.074555494,0
tumour/TCGA-G4-6322-01Z-00-DX1_37376_33792.jpg,TCGA-G4-6322,TCGA-G4-6322-01Z-00-DX1,1,0.9996908,1
tumour/TCGA-G4-6322-01Z-00-DX1_37376_34304.jpg,TCGA-G4-6322,TCGA-G4-6322-01Z-00-DX1,1,0.9969618,1
tumour/TCGA-G4-6322-01Z-00-DX1_37376_34816.jpg,TCGA-G4-6322,TCGA-G4-6322-01Z-00-DX1,1,0.81726545,1
tumour/TCGA-G4-6322-01Z-00-DX1_37376_35328.jpg,TCGA-G4-6322,TCGA-G4-6322-01Z-00-DX1,1,0.9998969,1
tumour/TCGA-G4-6322-01Z-00-DX1_37888_23552.jpg,TCGA-G4-6322,TCGA-G4-6322-01Z-00-DX1,1,0.9994791,1
tumour/TCGA-G4-6322-01Z-00-DX1_37888_24064.jpg,TCGA-G4-6322,TCGA-G4-6322-01Z-00-DX1,1,0.99003696,1
tumour/TCGA-G4-6322-01Z-00-DX1_37888_24576.jpg,TCGA-G4-6322,TCGA-G4-6322-01Z-00-DX1,1,0.99474984,1
tumour/TCGA-G4-6322-01Z-00-DX1_37888_25600.jpg,TCGA-G4-6322,TCGA-G4-6322-01Z-00-DX1,1,0.9989151,1
tumour/TCGA-G4-6322-01Z-00-DX1_37888_30208.jpg,TCGA-G4-6322,TCGA-G4-6322-01Z-00-DX1,1,0.017194888,0
tumour/TCGA-G4-6322-01Z-00-DX1_37888_31232.jpg,TCGA-G4-6322,TCGA-G4-6322-01Z-00-DX1,1,0.9113134,1
tumour/TCGA-G4-6322-01Z-00-DX1_37888_31744.jpg,TCGA-G4-6322,TCGA-G4-6322-01Z-00-DX1,1,0.947393,1
tumour/TCGA-G4-6322-01Z-00-DX1_37888_33792.jpg,TCGA-G4-6322,TCGA-G4-6322-01Z-00-DX1,1,0.68308806,1
tumour/TCGA-G4-6322-01Z-00-DX1_37888_34304.jpg,TCGA-G4-6322,TCGA-G4-6322-01Z-00-DX1,1,0.9995946,1
tumour/TCGA-G4-6322-01Z-00-DX1_37888_34816.jpg,TCGA-G4-6322,TCGA-G4-6322-01Z-00-DX1,1,0.9968304,1
tumour/TCGA-G4-6322-01Z-00-DX1_37888_35840.jpg,TCGA-G4-6322,TCGA-G4-6322-01Z-00-DX1,1,0.98314416,1
tumour/TCGA-G4-6322-01Z-00-DX1_38400_23552.jpg,TCGA-G4-6322,TCGA-G4-6322-01Z-00-DX1,1,0.9997271,1
tumour/TCGA-G4-6322-01Z-00-DX1_38400_25600.jpg,TCGA-G4-6322,TCGA-G4-6322-01Z-00-DX1,1,0.9886029,1
tumour/TCGA-G4-6322-01Z-00-DX1_38400_27136.jpg,TCGA-G4-6322,TCGA-G4-6322-01Z-00-DX1,1,0.9861135,1
tumour/TCGA-G4-6322-01Z-00-DX1_38400_27648.jpg,TCGA-G4-6322,TCGA-G4-6322-01Z-00-DX1,1,0.8711642,1
tumour/TCGA-G4-6322-01Z-00-DX1_38400_28160.jpg,TCGA-G4-6322,TCGA-G4-6322-01Z-00-DX1,1,0.04669738,0
tumour/TCGA-G4-6322-01Z-00-DX1_38400_28672.jpg,TCGA-G4-6322,TCGA-G4-6322-01Z-00-DX1,1,0.99423885,1
tumour/TCGA-G4-6322-01Z-00-DX1_38400_29696.jpg,TCGA-G4-6322,TCGA-G4-6322-01Z-00-DX1,1,0.39492714,0
tumour/TCGA-G4-6322-01Z-00-DX1_38400_30208.jpg,TCGA-G4-6322,TCGA-G4-6322-01Z-00-DX1,1,0.045776583,0
tumour/TCGA-G4-6322-01Z-00-DX1_38400_30720.jpg,TCGA-G4-6322,TCGA-G4-6322-01Z-00-DX1,1,0.09145668,0
tumour/TCGA-G4-6322-01Z-00-DX1_38400_32768.jpg,TCGA-G4-6322,TCGA-G4-6322-01Z-00-DX1,1,0.6363729,1
tumour/TCGA-G4-6322-01Z-00-DX1_38400_34304.jpg,TCGA-G4-6322,TCGA-G4-6322-01Z-00-DX1,1,0.9955512,1
tumour/TCGA-G4-6322-01Z-00-DX1_38400_35840.jpg,TCGA-G4-6322,TCGA-G4-6322-01Z-00-DX1,1,0.8836382,1
tumour/TCGA-G4-6322-01Z-00-DX1_38912_24064.jpg,TCGA-G4-6322,TCGA-G4-6322-01Z-00-DX1,1,0.99881893,1
tumour/TCGA-G4-6322-01Z-00-DX1_38912_24576.jpg,TCGA-G4-6322,TCGA-G4-6322-01Z-00-DX1,1,0.9979522,1
tumour/TCGA-G4-6322-01Z-00-DX1_38912_25600.jpg,TCGA-G4-6322,TCGA-G4-6322-01Z-00-DX1,1,0.9998425,1
tumour/TCGA-G4-6322-01Z-00-DX1_38912_27648.jpg,TCGA-G4-6322,TCGA-G4-6322-01Z-00-DX1,1,0.975425,1
tumour/TCGA-G4-6322-01Z-00-DX1_38912_28160.jpg,TCGA-G4-6322,TCGA-G4-6322-01Z-00-DX1,1,0.98656857,1
tumour/TCGA-G4-6322-01Z-00-DX1_38912_29184.jpg,TCGA-G4-6322,TCGA-G4-6322-01Z-00-DX1,1,0.98411995,1
tumour/TCGA-G4-6322-01Z-00-DX1_38912_30720.jpg,TCGA-G4-6322,TCGA-G4-6322-01Z-00-DX1,1,0.9920322,1
tumour/TCGA-G4-6322-01Z-00-DX1_38912_31744.jpg,TCGA-G4-6322,TCGA-G4-6322-01Z-00-DX1,1,0.99836844,1
tumour/TCGA-G4-6322-01Z-00-DX1_38912_32256.jpg,TCGA-G4-6322,TCGA-G4-6322-01Z-00-DX1,1,0.9820389,1
tumour/TCGA-G4-6322-01Z-00-DX1_38912_33280.jpg,TCGA-G4-6322,TCGA-G4-6322-01Z-00-DX1,1,0.62162405,1
tumour/TCGA-G4-6322-01Z-00-DX1_38912_33792.jpg,TCGA-G4-6322,TCGA-G4-6322-01Z-00-DX1,1,0.93988574,1
tumour/TCGA-G4-6322-01Z-00-DX1_38912_34304.jpg,TCGA-G4-6322,TCGA-G4-6322-01Z-00-DX1,1,0.9997271,1
tumour/TCGA-G4-6322-01Z-00-DX1_38912_34816.jpg,TCGA-G4-6322,TCGA-G4-6322-01Z-00-DX1,1,0.9151908,1
tumour/TCGA-G4-6322-01Z-00-DX1_38912_35328.jpg,TCGA-G4-6322,TCGA-G4-6322-01Z-00-DX1,1,0.9880971,1
tumour/TCGA-G4-6322-01Z-00-DX1_39424_24064.jpg,TCGA-G4-6322,TCGA-G4-6322-01Z-00-DX1,1,0.9964365,1
tumour/TCGA-G4-6322-01Z-00-DX1_39424_24576.jpg,TCGA-G4-6322,TCGA-G4-6322-01Z-00-DX1,1,0.9985934,1
tumour/TCGA-G4-6322-01Z-00-DX1_39424_25088.jpg,TCGA-G4-6322,TCGA-G4-6322-01Z-00-DX1,1,0.9991153,1
tumour/TCGA-G4-6322-01Z-00-DX1_39424_27136.jpg,TCGA-G4-6322,TCGA-G4-6322-01Z-00-DX1,1,0.92553186,1
tumour/TCGA-G4-6322-01Z-00-DX1_39424_28160.jpg,TCGA-G4-6322,TCGA-G4-6322-01Z-00-DX1,1,0.9089388,1
tumour/TCGA-G4-6322-01Z-00-DX1_39424_29696.jpg,TCGA-G4-6322,TCGA-G4-6322-01Z-00-DX1,1,0.9131744,1
tumour/TCGA-G4-6322-01Z-00-DX1_39424_30208.jpg,TCGA-G4-6322,TCGA-G4-6322-01Z-00-DX1,1,0.9706378,1
tumour/TCGA-G4-6322-01Z-00-DX1_39424_30720.jpg,TCGA-G4-6322,TCGA-G4-6322-01Z-00-DX1,1,0.86727107,1
tumour/TCGA-G4-6322-01Z-00-DX1_39424_31232.jpg,TCGA-G4-6322,TCGA-G4-6322-01Z-00-DX1,1,0.9994361,1
tumour/TCGA-G4-6322-01Z-00-DX1_39424_33280.jpg,TCGA-G4-6322,TCGA-G4-6322-01Z-00-DX1,1,0.98437274,1
tumour/TCGA-G4-6322-01Z-00-DX1_39424_34816.jpg,TCGA-G4-6322,TCGA-G4-6322-01Z-00-DX1,1,0.91505635,1
tumour/TCGA-G4-6322-01Z-00-DX1_39424_35328.jpg,TCGA-G4-6322,TCGA-G4-6322-01Z-00-DX1,1,0.99805814,1
tumour/TCGA-G4-6322-01Z-00-DX1_39936_23552.jpg,TCGA-G4-6322,TCGA-G4-6322-01Z-00-DX1,1,0.99972206,1
tumour/TCGA-G4-6322-01Z-00-DX1_39936_24064.jpg,TCGA-G4-6322,TCGA-G4-6322-01Z-00-DX1,1,0.99997485,1
tumour/TCGA-G4-6322-01Z-00-DX1_39936_24576.jpg,TCGA-G4-6322,TCGA-G4-6322-01Z-00-DX1,1,0.9981615,1
tumour/TCGA-G4-6322-01Z-00-DX1_39936_25600.jpg,TCGA-G4-6322,TCGA-G4-6322-01Z-00-DX1,1,0.99987566,1
tumour/TCGA-G4-6322-01Z-00-DX1_39936_28160.jpg,TCGA-G4-6322,TCGA-G4-6322-01Z-00-DX1,1,0.9761825,1
tumour/TCGA-G4-6322-01Z-00-DX1_39936_28672.jpg,TCGA-G4-6322,TCGA-G4-6322-01Z-00-DX1,1,0.5173354,1
tumour/TCGA-G4-6322-01Z-00-DX1_39936_29184.jpg,TCGA-G4-6322,TCGA-G4-6322-01Z-00-DX1,1,0.82134056,1
tumour/TCGA-G4-6322-01Z-00-DX1_39936_29696.jpg,TCGA-G4-6322,TCGA-G4-6322-01Z-00-DX1,1,0.91525215,1
tumour/TCGA-G4-6322-01Z-00-DX1_39936_30720.jpg,TCGA-G4-6322,TCGA-G4-6322-01Z-00-DX1,1,0.94828665,1
tumour/TCGA-G4-6322-01Z-00-DX1_39936_33280.jpg,TCGA-G4-6322,TCGA-G4-6322-01Z-00-DX1,1,0.98979515,1
tumour/TCGA-G4-6322-01Z-00-DX1_39936_33792.jpg,TCGA-G4-6322,TCGA-G4-6322-01Z-00-DX1,1,0.9971943,1
tumour/TCGA-G4-6322-01Z-00-DX1_39936_34304.jpg,TCGA-G4-6322,TCGA-G4-6322-01Z-00-DX1,1,0.9999343,1
tumour/TCGA-G4-6322-01Z-00-DX1_40448_23552.jpg,TCGA-G4-6322,TCGA-G4-6322-01Z-00-DX1,1,0.9999242,1
tumour/TCGA-G4-6322-01Z-00-DX1_40448_24576.jpg,TCGA-G4-6322,TCGA-G4-6322-01Z-00-DX1,1,0.99979264,1
tumour/TCGA-G4-6322-01Z-00-DX1_40448_25088.jpg,TCGA-G4-6322,TCGA-G4-6322-01Z-00-DX1,1,0.9987147,1
tumour/TCGA-G4-6322-01Z-00-DX1_40448_26624.jpg,TCGA-G4-6322,TCGA-G4-6322-01Z-00-DX1,1,0.9300216,1
tumour/TCGA-G4-6322-01Z-00-DX1_40448_27648.jpg,TCGA-G4-6322,TCGA-G4-6322-01Z-00-DX1,1,0.9754571,1
tumour/TCGA-G4-6322-01Z-00-DX1_40448_28672.jpg,TCGA-G4-6322,TCGA-G4-6322-01Z-00-DX1,1,0.94197893,1
tumour/TCGA-G4-6322-01Z-00-DX1_40448_29184.jpg,TCGA-G4-6322,TCGA-G4-6322-01Z-00-DX1,1,0.9655181,1
tumour/TCGA-G4-6322-01Z-00-DX1_40960_24576.jpg,TCGA-G4-6322,TCGA-G4-6322-01Z-00-DX1,1,0.999005,1
tumour/TCGA-G4-6322-01Z-00-DX1_40960_25600.jpg,TCGA-G4-6322,TCGA-G4-6322-01Z-00-DX1,1,0.9851199,1
tumour/TCGA-G4-6322-01Z-00-DX1_40960_26112.jpg,TCGA-G4-6322,TCGA-G4-6322-01Z-00-DX1,1,0.8441776,1
tumour/TCGA-G4-6322-01Z-00-DX1_40960_26624.jpg,TCGA-G4-6322,TCGA-G4-6322-01Z-00-DX1,1,0.99935025,1
tumour/TCGA-G4-6322-01Z-00-DX1_40960_27136.jpg,TCGA-G4-6322,TCGA-G4-6322-01Z-00-DX1,1,0.9410321,1
tumour/TCGA-G4-6322-01Z-00-DX1_40960_28672.jpg,TCGA-G4-6322,TCGA-G4-6322-01Z-00-DX1,1,0.84894097,1
tumour/TCGA-G4-6322-01Z-00-DX1_40960_29184.jpg,TCGA-G4-6322,TCGA-G4-6322-01Z-00-DX1,1,0.9958534,1
tumour/TCGA-G4-6322-01Z-00-DX1_40960_29696.jpg,TCGA-G4-6322,TCGA-G4-6322-01Z-00-DX1,1,0.9622912,1
tumour/TCGA-G4-6322-01Z-00-DX1_41472_24064.jpg,TCGA-G4-6322,TCGA-G4-6322-01Z-00-DX1,1,0.999938,1
tumour/TCGA-G4-6322-01Z-00-DX1_41472_24576.jpg,TCGA-G4-6322,TCGA-G4-6322-01Z-00-DX1,1,0.99808717,1
tumour/TCGA-G4-6322-01Z-00-DX1_41472_27136.jpg,TCGA-G4-6322,TCGA-G4-6322-01Z-00-DX1,1,0.98524886,1
tumour/TCGA-G4-6322-01Z-00-DX1_41472_27648.jpg,TCGA-G4-6322,TCGA-G4-6322-01Z-00-DX1,1,0.98951566,1
tumour/TCGA-G4-6322-01Z-00-DX1_41472_28160.jpg,TCGA-G4-6322,TCGA-G4-6322-01Z-00-DX1,1,0.973411,1
tumour/TCGA-G4-6322-01Z-00-DX1_41472_29184.jpg,TCGA-G4-6322,TCGA-G4-6322-01Z-00-DX1,1,0.99943095,1
tumour/TCGA-G4-6322-01Z-00-DX1_41472_31232.jpg,TCGA-G4-6322,TCGA-G4-6322-01Z-00-DX1,1,0.9184651,1
tumour/TCGA-G4-6322-01Z-00-DX1_41472_31744.jpg,TCGA-G4-6322,TCGA-G4-6322-01Z-00-DX1,1,0.9490521,1
tumour/TCGA-G4-6322-01Z-00-DX1_41472_32256.jpg,TCGA-G4-6322,TCGA-G4-6322-01Z-00-DX1,1,0.9953165,1
tumour/TCGA-G4-6322-01Z-00-DX1_41472_32768.jpg,TCGA-G4-6322,TCGA-G4-6322-01Z-00-DX1,1,0.8800722,1
tumour/TCGA-G4-6322-01Z-00-DX1_41984_24064.jpg,TCGA-G4-6322,TCGA-G4-6322-01Z-00-DX1,1,0.9999963,1
tumour/TCGA-G4-6322-01Z-00-DX1_41984_24576.jpg,TCGA-G4-6322,TCGA-G4-6322-01Z-00-DX1,1,0.99997437,1
tumour/TCGA-G4-6322-01Z-00-DX1_41984_25600.jpg,TCGA-G4-6322,TCGA-G4-6322-01Z-00-DX1,1,0.96170163,1
tumour/TCGA-G4-6322-01Z-00-DX1_41984_26112.jpg,TCGA-G4-6322,TCGA-G4-6322-01Z-00-DX1,1,0.9713823,1
tumour/TCGA-G4-6322-01Z-00-DX1_41984_26624.jpg,TCGA-G4-6322,TCGA-G4-6322-01Z-00-DX1,1,0.9992106,1
tumour/TCGA-G4-6322-01Z-00-DX1_41984_28672.jpg,TCGA-G4-6322,TCGA-G4-6322-01Z-00-DX1,1,0.9689934,1
tumour/TCGA-G4-6322-01Z-00-DX1_41984_29184.jpg,TCGA-G4-6322,TCGA-G4-6322-01Z-00-DX1,1,0.84232056,1
tumour/TCGA-G4-6322-01Z-00-DX1_41984_30208.jpg,TCGA-G4-6322,TCGA-G4-6322-01Z-00-DX1,1,0.97968197,1
tumour/TCGA-G4-6322-01Z-00-DX1_41984_31232.jpg,TCGA-G4-6322,TCGA-G4-6322-01Z-00-DX1,1,0.8333478,1
tumour/TCGA-G4-6322-01Z-00-DX1_41984_31744.jpg,TCGA-G4-6322,TCGA-G4-6322-01Z-00-DX1,1,0.6620838,1
tumour/TCGA-G4-6322-01Z-00-DX1_41984_32256.jpg,TCGA-G4-6322,TCGA-G4-6322-01Z-00-DX1,1,0.9903471,1
tumour/TCGA-G4-6322-01Z-00-DX1_41984_32768.jpg,TCGA-G4-6322,TCGA-G4-6322-01Z-00-DX1,1,0.99890745,1
tumour/TCGA-G4-6322-01Z-00-DX1_42496_24576.jpg,TCGA-G4-6322,TCGA-G4-6322-01Z-00-DX1,1,0.99996185,1
tumour/TCGA-G4-6322-01Z-00-DX1_42496_25600.jpg,TCGA-G4-6322,TCGA-G4-6322-01Z-00-DX1,1,0.99999285,1
tumour/TCGA-G4-6322-01Z-00-DX1_42496_29696.jpg,TCGA-G4-6322,TCGA-G4-6322-01Z-00-DX1,1,0.96889144,1
tumour/TCGA-G4-6322-01Z-00-DX1_42496_30208.jpg,TCGA-G4-6322,TCGA-G4-6322-01Z-00-DX1,1,0.9956233,1
tumour/TCGA-G4-6322-01Z-00-DX1_42496_30720.jpg,TCGA-G4-6322,TCGA-G4-6322-01Z-00-DX1,1,0.57874954,1
tumour/TCGA-G4-6322-01Z-00-DX1_42496_31232.jpg,TCGA-G4-6322,TCGA-G4-6322-01Z-00-DX1,1,0.9208639,1
tumour/TCGA-G4-6322-01Z-00-DX1_42496_31744.jpg,TCGA-G4-6322,TCGA-G4-6322-01Z-00-DX1,1,0.96243453,1
tumour/TCGA-G4-6322-01Z-00-DX1_42496_32768.jpg,TCGA-G4-6322,TCGA-G4-6322-01Z-00-DX1,1,0.99767095,1
tumour/TCGA-G4-6322-01Z-00-DX1_43008_25088.jpg,TCGA-G4-6322,TCGA-G4-6322-01Z-00-DX1,1,0.9999962,1
tumour/TCGA-G4-6322-01Z-00-DX1_43008_27648.jpg,TCGA-G4-6322,TCGA-G4-6322-01Z-00-DX1,1,0.9981139,1
tumour/TCGA-G4-6322-01Z-00-DX1_43008_28160.jpg,TCGA-G4-6322,TCGA-G4-6322-01Z-00-DX1,1,0.99972326,1
tumour/TCGA-G4-6322-01Z-00-DX1_43008_29184.jpg,TCGA-G4-6322,TCGA-G4-6322-01Z-00-DX1,1,0.90932846,1
tumour/TCGA-G4-6322-01Z-00-DX1_43008_29696.jpg,TCGA-G4-6322,TCGA-G4-6322-01Z-00-DX1,1,0.97151214,1
tumour/TCGA-G4-6322-01Z-00-DX1_43008_30208.jpg,TCGA-G4-6322,TCGA-G4-6322-01Z-00-DX1,1,0.9081749,1
tumour/TCGA-G4-6322-01Z-00-DX1_43008_30720.jpg,TCGA-G4-6322,TCGA-G4-6322-01Z-00-DX1,1,0.96419984,1
tumour/TCGA-G4-6322-01Z-00-DX1_43008_31232.jpg,TCGA-G4-6322,TCGA-G4-6322-01Z-00-DX1,1,0.99997926,1
tumour/TCGA-G4-6322-01Z-00-DX1_43008_32768.jpg,TCGA-G4-6322,TCGA-G4-6322-01Z-00-DX1,1,0.9997085,1
tumour/TCGA-G4-6322-01Z-00-DX1_43520_25088.jpg,TCGA-G4-6322,TCGA-G4-6322-01Z-00-DX1,1,0.9999833,1
tumour/TCGA-G4-6322-01Z-00-DX1_43520_26624.jpg,TCGA-G4-6322,TCGA-G4-6322-01Z-00-DX1,1,0.994041,1
tumour/TCGA-G4-6322-01Z-00-DX1_43520_27136.jpg,TCGA-G4-6322,TCGA-G4-6322-01Z-00-DX1,1,0.9967242,1
tumour/TCGA-G4-6322-01Z-00-DX1_43520_28672.jpg,TCGA-G4-6322,TCGA-G4-6322-01Z-00-DX1,1,0.95365566,1
tumour/TCGA-G4-6322-01Z-00-DX1_43520_29184.jpg,TCGA-G4-6322,TCGA-G4-6322-01Z-00-DX1,1,0.9992423,1
tumour/TCGA-G4-6322-01Z-00-DX1_43520_30208.jpg,TCGA-G4-6322,TCGA-G4-6322-01Z-00-DX1,1,0.99812466,1
tumour/TCGA-G4-6322-01Z-00-DX1_43520_31232.jpg,TCGA-G4-6322,TCGA-G4-6322-01Z-00-DX1,1,0.8719508,1
tumour/TCGA-G4-6322-01Z-00-DX1_44032_25088.jpg,TCGA-G4-6322,TCGA-G4-6322-01Z-00-DX1,1,0.99991405,1
tumour/TCGA-G4-6322-01Z-00-DX1_44032_26624.jpg,TCGA-G4-6322,TCGA-G4-6322-01Z-00-DX1,1,0.99989533,1
tumour/TCGA-G4-6322-01Z-00-DX1_44032_27136.jpg,TCGA-G4-6322,TCGA-G4-6322-01Z-00-DX1,1,0.9895224,1
tumour/TCGA-G4-6322-01Z-00-DX1_44032_27648.jpg,TCGA-G4-6322,TCGA-G4-6322-01Z-00-DX1,1,0.98060775,1
tumour/TCGA-G4-6322-01Z-00-DX1_44032_28160.jpg,TCGA-G4-6322,TCGA-G4-6322-01Z-00-DX1,1,0.99394774,1
tumour/TCGA-G4-6322-01Z-00-DX1_44032_28672.jpg,TCGA-G4-6322,TCGA-G4-6322-01Z-00-DX1,1,0.9994037,1
tumour/TCGA-G4-6322-01Z-00-DX1_44032_29184.jpg,TCGA-G4-6322,TCGA-G4-6322-01Z-00-DX1,1,0.98225695,1
tumour/TCGA-G4-6322-01Z-00-DX1_44032_30720.jpg,TCGA-G4-6322,TCGA-G4-6322-01Z-00-DX1,1,0.99841404,1
tumour/TCGA-G4-6322-01Z-00-DX1_44544_25600.jpg,TCGA-G4-6322,TCGA-G4-6322-01Z-00-DX1,1,1.0,1
tumour/TCGA-G4-6322-01Z-00-DX1_44544_26112.jpg,TCGA-G4-6322,TCGA-G4-6322-01Z-00-DX1,1,0.99696237,1
tumour/TCGA-G4-6322-01Z-00-DX1_44544_26624.jpg,TCGA-G4-6322,TCGA-G4-6322-01Z-00-DX1,1,0.9999993,1
tumour/TCGA-G4-6322-01Z-00-DX1_44544_27136.jpg,TCGA-G4-6322,TCGA-G4-6322-01Z-00-DX1,1,0.97925866,1
tumour/TCGA-G4-6322-01Z-00-DX1_44544_28160.jpg,TCGA-G4-6322,TCGA-G4-6322-01Z-00-DX1,1,0.9998833,1
tumour/TCGA-G4-6322-01Z-00-DX1_44544_30208.jpg,TCGA-G4-6322,TCGA-G4-6322-01Z-00-DX1,1,0.9469318,1
tumour/TCGA-G4-6322-01Z-00-DX1_45056_27136.jpg,TCGA-G4-6322,TCGA-G4-6322-01Z-00-DX1,1,0.99933136,1
tumour/TCGA-G4-6322-01Z-00-DX1_45056_29184.jpg,TCGA-G4-6322,TCGA-G4-6322-01Z-00-DX1,1,0.98845845,1
tumour/TCGA-G4-6322-01Z-00-DX1_45056_29696.jpg,TCGA-G4-6322,TCGA-G4-6322-01Z-00-DX1,1,0.3883371,0
tumour/TCGA-G4-6322-01Z-00-DX1_45056_30208.jpg,TCGA-G4-6322,TCGA-G4-6322-01Z-00-DX1,1,0.9992267,1
tumour/TCGA-G4-6322-01Z-00-DX1_45568_28160.jpg,TCGA-G4-6322,TCGA-G4-6322-01Z-00-DX1,1,0.9995061,1
tumour/TCGA-G4-6322-01Z-00-DX1_45568_28672.jpg,TCGA-G4-6322,TCGA-G4-6322-01Z-00-DX1,1,0.99332905,1
tumour/TCGA-G4-6322-01Z-00-DX1_45568_29184.jpg,TCGA-G4-6322,TCGA-G4-6322-01Z-00-DX1,1,0.96085817,1
tumour/TCGA-G4-6322-01Z-00-DX1_45568_30208.jpg,TCGA-G4-6322,TCGA-G4-6322-01Z-00-DX1,1,0.9998405,1
tumour/TCGA-G4-6322-01Z-00-DX1_46080_27136.jpg,TCGA-G4-6322,TCGA-G4-6322-01Z-00-DX1,1,0.99999404,1
tumour/TCGA-G4-6322-01Z-00-DX1_46080_27648.jpg,TCGA-G4-6322,TCGA-G4-6322-01Z-00-DX1,1,0.9997788,1
tumour/TCGA-G4-6322-01Z-00-DX1_6144_32256.jpg,TCGA-G4-6322,TCGA-G4-6322-01Z-00-DX1,1,0.69341207,1
tumour/TCGA-G4-6322-01Z-00-DX1_6144_32768.jpg,TCGA-G4-6322,TCGA-G4-6322-01Z-00-DX1,1,0.965483,1
tumour/TCGA-G4-6322-01Z-00-DX1_6144_34816.jpg,TCGA-G4-6322,TCGA-G4-6322-01Z-00-DX1,1,0.28285035,0
tumour/TCGA-G4-6322-01Z-00-DX1_6656_32768.jpg,TCGA-G4-6322,TCGA-G4-6322-01Z-00-DX1,1,0.99990666,1
tumour/TCGA-G4-6322-01Z-00-DX1_6656_33792.jpg,TCGA-G4-6322,TCGA-G4-6322-01Z-00-DX1,1,0.97730446,1
tumour/TCGA-G4-6322-01Z-00-DX1_7168_33280.jpg,TCGA-G4-6322,TCGA-G4-6322-01Z-00-DX1,1,0.9999032,1
tumour/TCGA-G4-6322-01Z-00-DX1_7168_34304.jpg,TCGA-G4-6322,TCGA-G4-6322-01Z-00-DX1,1,0.99016106,1
tumour/TCGA-G4-6322-01Z-00-DX1_7168_34816.jpg,TCGA-G4-6322,TCGA-G4-6322-01Z-00-DX1,1,0.99753284,1
tumour/TCGA-G4-6322-01Z-00-DX1_7680_33280.jpg,TCGA-G4-6322,TCGA-G4-6322-01Z-00-DX1,1,0.99955803,1
tumour/TCGA-G4-6322-01Z-00-DX1_7680_33792.jpg,TCGA-G4-6322,TCGA-G4-6322-01Z-00-DX1,1,0.9999825,1
tumour/TCGA-G4-6322-01Z-00-DX1_7680_34816.jpg,TCGA-G4-6322,TCGA-G4-6322-01Z-00-DX1,1,0.9953034,1
tumour/TCGA-G4-6322-01Z-00-DX1_7680_35840.jpg,TCGA-G4-6322,TCGA-G4-6322-01Z-00-DX1,1,0.9004014,1
tumour/TCGA-G4-6322-01Z-00-DX1_7680_36864.jpg,TCGA-G4-6322,TCGA-G4-6322-01Z-00-DX1,1,0.98321503,1
tumour/TCGA-G4-6322-01Z-00-DX1_8192_32256.jpg,TCGA-G4-6322,TCGA-G4-6322-01Z-00-DX1,1,0.9945774,1
tumour/TCGA-G4-6322-01Z-00-DX1_8192_33792.jpg,TCGA-G4-6322,TCGA-G4-6322-01Z-00-DX1,1,0.9983176,1
tumour/TCGA-G4-6322-01Z-00-DX1_8192_34304.jpg,TCGA-G4-6322,TCGA-G4-6322-01Z-00-DX1,1,0.99999475,1
tumour/TCGA-G4-6322-01Z-00-DX1_8192_34816.jpg,TCGA-G4-6322,TCGA-G4-6322-01Z-00-DX1,1,0.9987685,1
tumour/TCGA-G4-6322-01Z-00-DX1_8192_36352.jpg,TCGA-G4-6322,TCGA-G4-6322-01Z-00-DX1,1,0.9300563,1
tumour/TCGA-G4-6322-01Z-00-DX1_8704_32256.jpg,TCGA-G4-6322,TCGA-G4-6322-01Z-00-DX1,1,0.97952956,1
tumour/TCGA-G4-6322-01Z-00-DX1_8704_32768.jpg,TCGA-G4-6322,TCGA-G4-6322-01Z-00-DX1,1,0.99873966,1
tumour/TCGA-G4-6322-01Z-00-DX1_8704_34304.jpg,TCGA-G4-6322,TCGA-G4-6322-01Z-00-DX1,1,0.9998387,1
tumour/TCGA-G4-6322-01Z-00-DX1_8704_35328.jpg,TCGA-G4-6322,TCGA-G4-6322-01Z-00-DX1,1,0.99872595,1
tumour/TCGA-G4-6322-01Z-00-DX1_8704_35840.jpg,TCGA-G4-6322,TCGA-G4-6322-01Z-00-DX1,1,0.9831427,1
tumour/TCGA-G4-6322-01Z-00-DX1_8704_36864.jpg,TCGA-G4-6322,TCGA-G4-6322-01Z-00-DX1,1,0.7945854,1
tumour/TCGA-G4-6322-01Z-00-DX1_8704_37376.jpg,TCGA-G4-6322,TCGA-G4-6322-01Z-00-DX1,1,0.9784259,1
tumour/TCGA-G4-6322-01Z-00-DX1_9216_32768.jpg,TCGA-G4-6322,TCGA-G4-6322-01Z-00-DX1,1,0.9999471,1
tumour/TCGA-G4-6322-01Z-00-DX1_9216_33792.jpg,TCGA-G4-6322,TCGA-G4-6322-01Z-00-DX1,1,0.99868685,1
tumour/TCGA-G4-6322-01Z-00-DX1_9216_34304.jpg,TCGA-G4-6322,TCGA-G4-6322-01Z-00-DX1,1,0.99773717,1
tumour/TCGA-G4-6322-01Z-00-DX1_9216_35840.jpg,TCGA-G4-6322,TCGA-G4-6322-01Z-00-DX1,1,0.8265113,1
tumour/TCGA-G4-6322-01Z-00-DX1_9216_36864.jpg,TCGA-G4-6322,TCGA-G4-6322-01Z-00-DX1,1,0.99224055,1
tumour/TCGA-G4-6322-01Z-00-DX1_9216_37888.jpg,TCGA-G4-6322,TCGA-G4-6322-01Z-00-DX1,1,0.9999976,1
tumour/TCGA-G4-6322-01Z-00-DX1_9728_29696.jpg,TCGA-G4-6322,TCGA-G4-6322-01Z-00-DX1,1,0.94995856,1
tumour/TCGA-G4-6322-01Z-00-DX1_9728_30720.jpg,TCGA-G4-6322,TCGA-G4-6322-01Z-00-DX1,1,0.9999274,1
tumour/TCGA-G4-6322-01Z-00-DX1_9728_31744.jpg,TCGA-G4-6322,TCGA-G4-6322-01Z-00-DX1,1,0.9972216,1
tumour/TCGA-G4-6322-01Z-00-DX1_9728_32256.jpg,TCGA-G4-6322,TCGA-G4-6322-01Z-00-DX1,1,0.9942386,1
tumour/TCGA-G4-6322-01Z-00-DX1_9728_33280.jpg,TCGA-G4-6322,TCGA-G4-6322-01Z-00-DX1,1,0.9959837,1
tumour/TCGA-G4-6322-01Z-00-DX1_9728_33792.jpg,TCGA-G4-6322,TCGA-G4-6322-01Z-00-DX1,1,0.98758405,1
tumour/TCGA-G4-6322-01Z-00-DX1_9728_34304.jpg,TCGA-G4-6322,TCGA-G4-6322-01Z-00-DX1,1,0.9992792,1
tumour/TCGA-G4-6322-01Z-00-DX1_9728_35840.jpg,TCGA-G4-6322,TCGA-G4-6322-01Z-00-DX1,1,0.998483,1
tumour/TCGA-G4-6322-01Z-00-DX1_9728_36352.jpg,TCGA-G4-6322,TCGA-G4-6322-01Z-00-DX1,1,0.99624497,1
tumour/TCGA-G4-6322-01Z-00-DX1_9728_37376.jpg,TCGA-G4-6322,TCGA-G4-6322-01Z-00-DX1,1,0.99974006,1
tumour/TCGA-NH-A6GC-01Z-00-DX1_10240_15360.jpg,TCGA-NH-A6GC,TCGA-NH-A6GC-01Z-00-DX1,1,0.9999492,1
tumour/TCGA-NH-A6GC-01Z-00-DX1_10240_15872.jpg,TCGA-NH-A6GC,TCGA-NH-A6GC-01Z-00-DX1,1,0.9999943,1
tumour/TCGA-NH-A6GC-01Z-00-DX1_10240_16384.jpg,TCGA-NH-A6GC,TCGA-NH-A6GC-01Z-00-DX1,1,0.99998164,1
tumour/TCGA-NH-A6GC-01Z-00-DX1_10240_19968.jpg,TCGA-NH-A6GC,TCGA-NH-A6GC-01Z-00-DX1,1,0.9983516,1
tumour/TCGA-NH-A6GC-01Z-00-DX1_10240_20992.jpg,TCGA-NH-A6GC,TCGA-NH-A6GC-01Z-00-DX1,1,0.9999993,1
tumour/TCGA-NH-A6GC-01Z-00-DX1_10240_6656.jpg,TCGA-NH-A6GC,TCGA-NH-A6GC-01Z-00-DX1,1,0.5646239,1
tumour/TCGA-NH-A6GC-01Z-00-DX1_10240_8704.jpg,TCGA-NH-A6GC,TCGA-NH-A6GC-01Z-00-DX1,1,1.0,1
tumour/TCGA-NH-A6GC-01Z-00-DX1_10752_10240.jpg,TCGA-NH-A6GC,TCGA-NH-A6GC-01Z-00-DX1,1,0.9986941,1
tumour/TCGA-NH-A6GC-01Z-00-DX1_10752_15872.jpg,TCGA-NH-A6GC,TCGA-NH-A6GC-01Z-00-DX1,1,0.99952006,1
tumour/TCGA-NH-A6GC-01Z-00-DX1_10752_16384.jpg,TCGA-NH-A6GC,TCGA-NH-A6GC-01Z-00-DX1,1,1.0,1
tumour/TCGA-NH-A6GC-01Z-00-DX1_10752_19968.jpg,TCGA-NH-A6GC,TCGA-NH-A6GC-01Z-00-DX1,1,0.99999595,1
tumour/TCGA-NH-A6GC-01Z-00-DX1_10752_20480.jpg,TCGA-NH-A6GC,TCGA-NH-A6GC-01Z-00-DX1,1,0.999328,1
tumour/TCGA-NH-A6GC-01Z-00-DX1_10752_7680.jpg,TCGA-NH-A6GC,TCGA-NH-A6GC-01Z-00-DX1,1,0.9996654,1
tumour/TCGA-NH-A6GC-01Z-00-DX1_10752_9216.jpg,TCGA-NH-A6GC,TCGA-NH-A6GC-01Z-00-DX1,1,0.98949534,1
tumour/TCGA-NH-A6GC-01Z-00-DX1_10752_9728.jpg,TCGA-NH-A6GC,TCGA-NH-A6GC-01Z-00-DX1,1,0.9995888,1
tumour/TCGA-NH-A6GC-01Z-00-DX1_11264_15360.jpg,TCGA-NH-A6GC,TCGA-NH-A6GC-01Z-00-DX1,1,0.9950264,1
tumour/TCGA-NH-A6GC-01Z-00-DX1_11264_15872.jpg,TCGA-NH-A6GC,TCGA-NH-A6GC-01Z-00-DX1,1,0.99974674,1
tumour/TCGA-NH-A6GC-01Z-00-DX1_11264_19456.jpg,TCGA-NH-A6GC,TCGA-NH-A6GC-01Z-00-DX1,1,0.9999994,1
tumour/TCGA-NH-A6GC-01Z-00-DX1_11264_20480.jpg,TCGA-NH-A6GC,TCGA-NH-A6GC-01Z-00-DX1,1,0.9999821,1
tumour/TCGA-NH-A6GC-01Z-00-DX1_11264_8704.jpg,TCGA-NH-A6GC,TCGA-NH-A6GC-01Z-00-DX1,1,0.99978846,1
tumour/TCGA-NH-A6GC-01Z-00-DX1_11776_11776.jpg,TCGA-NH-A6GC,TCGA-NH-A6GC-01Z-00-DX1,1,0.99999845,1
tumour/TCGA-NH-A6GC-01Z-00-DX1_11776_12288.jpg,TCGA-NH-A6GC,TCGA-NH-A6GC-01Z-00-DX1,1,0.99999976,1
tumour/TCGA-NH-A6GC-01Z-00-DX1_11776_14336.jpg,TCGA-NH-A6GC,TCGA-NH-A6GC-01Z-00-DX1,1,0.993856,1
tumour/TCGA-NH-A6GC-01Z-00-DX1_11776_15872.jpg,TCGA-NH-A6GC,TCGA-NH-A6GC-01Z-00-DX1,1,0.9955584,1
tumour/TCGA-NH-A6GC-01Z-00-DX1_11776_16896.jpg,TCGA-NH-A6GC,TCGA-NH-A6GC-01Z-00-DX1,1,0.9998456,1
tumour/TCGA-NH-A6GC-01Z-00-DX1_11776_19456.jpg,TCGA-NH-A6GC,TCGA-NH-A6GC-01Z-00-DX1,1,0.98330736,1
tumour/TCGA-NH-A6GC-01Z-00-DX1_12288_11264.jpg,TCGA-NH-A6GC,TCGA-NH-A6GC-01Z-00-DX1,1,0.99995136,1
tumour/TCGA-NH-A6GC-01Z-00-DX1_12288_12800.jpg,TCGA-NH-A6GC,TCGA-NH-A6GC-01Z-00-DX1,1,0.9997023,1
tumour/TCGA-NH-A6GC-01Z-00-DX1_12288_13312.jpg,TCGA-NH-A6GC,TCGA-NH-A6GC-01Z-00-DX1,1,0.9998611,1
tumour/TCGA-NH-A6GC-01Z-00-DX1_12288_14336.jpg,TCGA-NH-A6GC,TCGA-NH-A6GC-01Z-00-DX1,1,0.9999578,1
tumour/TCGA-NH-A6GC-01Z-00-DX1_12288_14848.jpg,TCGA-NH-A6GC,TCGA-NH-A6GC-01Z-00-DX1,1,0.83891356,1
tumour/TCGA-NH-A6GC-01Z-00-DX1_12288_15360.jpg,TCGA-NH-A6GC,TCGA-NH-A6GC-01Z-00-DX1,1,0.9999999,1
tumour/TCGA-NH-A6GC-01Z-00-DX1_12288_16896.jpg,TCGA-NH-A6GC,TCGA-NH-A6GC-01Z-00-DX1,1,0.9999746,1
tumour/TCGA-NH-A6GC-01Z-00-DX1_12288_17408.jpg,TCGA-NH-A6GC,TCGA-NH-A6GC-01Z-00-DX1,1,0.9999938,1
tumour/TCGA-NH-A6GC-01Z-00-DX1_12288_17920.jpg,TCGA-NH-A6GC,TCGA-NH-A6GC-01Z-00-DX1,1,0.9998331,1
tumour/TCGA-NH-A6GC-01Z-00-DX1_12288_19968.jpg,TCGA-NH-A6GC,TCGA-NH-A6GC-01Z-00-DX1,1,0.9976146,1
tumour/TCGA-NH-A6GC-01Z-00-DX1_12800_11776.jpg,TCGA-NH-A6GC,TCGA-NH-A6GC-01Z-00-DX1,1,0.9998416,1
tumour/TCGA-NH-A6GC-01Z-00-DX1_12800_12288.jpg,TCGA-NH-A6GC,TCGA-NH-A6GC-01Z-00-DX1,1,0.98270965,1
tumour/TCGA-NH-A6GC-01Z-00-DX1_12800_12800.jpg,TCGA-NH-A6GC,TCGA-NH-A6GC-01Z-00-DX1,1,0.9808483,1
tumour/TCGA-NH-A6GC-01Z-00-DX1_12800_13312.jpg,TCGA-NH-A6GC,TCGA-NH-A6GC-01Z-00-DX1,1,0.9989391,1
tumour/TCGA-NH-A6GC-01Z-00-DX1_12800_13824.jpg,TCGA-NH-A6GC,TCGA-NH-A6GC-01Z-00-DX1,1,0.2946291,0
tumour/TCGA-NH-A6GC-01Z-00-DX1_12800_14848.jpg,TCGA-NH-A6GC,TCGA-NH-A6GC-01Z-00-DX1,1,1.0,1
tumour/TCGA-NH-A6GC-01Z-00-DX1_12800_15360.jpg,TCGA-NH-A6GC,TCGA-NH-A6GC-01Z-00-DX1,1,0.9999671,1
tumour/TCGA-NH-A6GC-01Z-00-DX1_12800_15872.jpg,TCGA-NH-A6GC,TCGA-NH-A6GC-01Z-00-DX1,1,1.0,1
tumour/TCGA-NH-A6GC-01Z-00-DX1_12800_16896.jpg,TCGA-NH-A6GC,TCGA-NH-A6GC-01Z-00-DX1,1,0.99761933,1
tumour/TCGA-NH-A6GC-01Z-00-DX1_12800_17408.jpg,TCGA-NH-A6GC,TCGA-NH-A6GC-01Z-00-DX1,1,0.9010024,1
tumour/TCGA-NH-A6GC-01Z-00-DX1_13312_12800.jpg,TCGA-NH-A6GC,TCGA-NH-A6GC-01Z-00-DX1,1,0.8133719,1
tumour/TCGA-NH-A6GC-01Z-00-DX1_13312_13312.jpg,TCGA-NH-A6GC,TCGA-NH-A6GC-01Z-00-DX1,1,0.5494229,1
tumour/TCGA-NH-A6GC-01Z-00-DX1_13312_15872.jpg,TCGA-NH-A6GC,TCGA-NH-A6GC-01Z-00-DX1,1,0.9999951,1
tumour/TCGA-NH-A6GC-01Z-00-DX1_13824_12288.jpg,TCGA-NH-A6GC,TCGA-NH-A6GC-01Z-00-DX1,1,0.9998851,1
tumour/TCGA-NH-A6GC-01Z-00-DX1_13824_13312.jpg,TCGA-NH-A6GC,TCGA-NH-A6GC-01Z-00-DX1,1,0.99974555,1
tumour/TCGA-NH-A6GC-01Z-00-DX1_13824_13824.jpg,TCGA-NH-A6GC,TCGA-NH-A6GC-01Z-00-DX1,1,1.0,1
tumour/TCGA-NH-A6GC-01Z-00-DX1_13824_15360.jpg,TCGA-NH-A6GC,TCGA-NH-A6GC-01Z-00-DX1,1,0.99808145,1
tumour/TCGA-NH-A6GC-01Z-00-DX1_13824_15872.jpg,TCGA-NH-A6GC,TCGA-NH-A6GC-01Z-00-DX1,1,0.9971813,1
tumour/TCGA-NH-A6GC-01Z-00-DX1_14336_12288.jpg,TCGA-NH-A6GC,TCGA-NH-A6GC-01Z-00-DX1,1,0.118234485,0
tumour/TCGA-NH-A6GC-01Z-00-DX1_14336_12800.jpg,TCGA-NH-A6GC,TCGA-NH-A6GC-01Z-00-DX1,1,1.0,1
tumour/TCGA-NH-A6GC-01Z-00-DX1_14336_13824.jpg,TCGA-NH-A6GC,TCGA-NH-A6GC-01Z-00-DX1,1,0.9987908,1
tumour/TCGA-NH-A6GC-01Z-00-DX1_14336_14336.jpg,TCGA-NH-A6GC,TCGA-NH-A6GC-01Z-00-DX1,1,0.99991083,1
tumour/TCGA-NH-A6GC-01Z-00-DX1_14336_14848.jpg,TCGA-NH-A6GC,TCGA-NH-A6GC-01Z-00-DX1,1,0.99999,1
tumour/TCGA-NH-A6GC-01Z-00-DX1_14336_15360.jpg,TCGA-NH-A6GC,TCGA-NH-A6GC-01Z-00-DX1,1,0.9998722,1
tumour/TCGA-NH-A6GC-01Z-00-DX1_14336_15872.jpg,TCGA-NH-A6GC,TCGA-NH-A6GC-01Z-00-DX1,1,0.99946064,1
tumour/TCGA-NH-A6GC-01Z-00-DX1_14336_16384.jpg,TCGA-NH-A6GC,TCGA-NH-A6GC-01Z-00-DX1,1,0.6975382,1
tumour/TCGA-NH-A6GC-01Z-00-DX1_14848_12288.jpg,TCGA-NH-A6GC,TCGA-NH-A6GC-01Z-00-DX1,1,0.84537476,1
tumour/TCGA-NH-A6GC-01Z-00-DX1_14848_12800.jpg,TCGA-NH-A6GC,TCGA-NH-A6GC-01Z-00-DX1,1,0.9999999,1
tumour/TCGA-NH-A6GC-01Z-00-DX1_14848_13312.jpg,TCGA-NH-A6GC,TCGA-NH-A6GC-01Z-00-DX1,1,0.99999607,1
tumour/TCGA-NH-A6GC-01Z-00-DX1_14848_14848.jpg,TCGA-NH-A6GC,TCGA-NH-A6GC-01Z-00-DX1,1,0.9999578,1
tumour/TCGA-NH-A6GC-01Z-00-DX1_14848_15360.jpg,TCGA-NH-A6GC,TCGA-NH-A6GC-01Z-00-DX1,1,0.9689413,1
tumour/TCGA-NH-A6GC-01Z-00-DX1_15360_13824.jpg,TCGA-NH-A6GC,TCGA-NH-A6GC-01Z-00-DX1,1,0.99995756,1
tumour/TCGA-NH-A6GC-01Z-00-DX1_15360_14848.jpg,TCGA-NH-A6GC,TCGA-NH-A6GC-01Z-00-DX1,1,1.0,1
tumour/TCGA-NH-A6GC-01Z-00-DX1_15360_15360.jpg,TCGA-NH-A6GC,TCGA-NH-A6GC-01Z-00-DX1,1,1.0,1
tumour/TCGA-NH-A6GC-01Z-00-DX1_15872_12800.jpg,TCGA-NH-A6GC,TCGA-NH-A6GC-01Z-00-DX1,1,0.971547,1
tumour/TCGA-NH-A6GC-01Z-00-DX1_15872_13312.jpg,TCGA-NH-A6GC,TCGA-NH-A6GC-01Z-00-DX1,1,0.9373957,1
tumour/TCGA-NH-A6GC-01Z-00-DX1_15872_13824.jpg,TCGA-NH-A6GC,TCGA-NH-A6GC-01Z-00-DX1,1,0.99999976,1
tumour/TCGA-NH-A6GC-01Z-00-DX1_15872_14336.jpg,TCGA-NH-A6GC,TCGA-NH-A6GC-01Z-00-DX1,1,0.99998,1
tumour/TCGA-NH-A6GC-01Z-00-DX1_15872_15360.jpg,TCGA-NH-A6GC,TCGA-NH-A6GC-01Z-00-DX1,1,0.9825911,1
tumour/TCGA-NH-A6GC-01Z-00-DX1_16384_13312.jpg,TCGA-NH-A6GC,TCGA-NH-A6GC-01Z-00-DX1,1,0.9999974,1
tumour/TCGA-NH-A6GC-01Z-00-DX1_16384_13824.jpg,TCGA-NH-A6GC,TCGA-NH-A6GC-01Z-00-DX1,1,0.999972,1
tumour/TCGA-NH-A6GC-01Z-00-DX1_16384_14848.jpg,TCGA-NH-A6GC,TCGA-NH-A6GC-01Z-00-DX1,1,0.9993962,1
tumour/TCGA-NH-A6GC-01Z-00-DX1_16384_15360.jpg,TCGA-NH-A6GC,TCGA-NH-A6GC-01Z-00-DX1,1,0.9975222,1
tumour/TCGA-NH-A6GC-01Z-00-DX1_16384_16384.jpg,TCGA-NH-A6GC,TCGA-NH-A6GC-01Z-00-DX1,1,0.9963343,1
tumour/TCGA-NH-A6GC-01Z-00-DX1_16384_27136.jpg,TCGA-NH-A6GC,TCGA-NH-A6GC-01Z-00-DX1,1,0.9999547,1
tumour/TCGA-NH-A6GC-01Z-00-DX1_16384_27648.jpg,TCGA-NH-A6GC,TCGA-NH-A6GC-01Z-00-DX1,1,0.9999212,1
tumour/TCGA-NH-A6GC-01Z-00-DX1_16896_13824.jpg,TCGA-NH-A6GC,TCGA-NH-A6GC-01Z-00-DX1,1,0.99999833,1
tumour/TCGA-NH-A6GC-01Z-00-DX1_16896_28160.jpg,TCGA-NH-A6GC,TCGA-NH-A6GC-01Z-00-DX1,1,1.0,1
tumour/TCGA-NH-A6GC-01Z-00-DX1_17408_13312.jpg,TCGA-NH-A6GC,TCGA-NH-A6GC-01Z-00-DX1,1,0.7791688,1
tumour/TCGA-NH-A6GC-01Z-00-DX1_17408_14848.jpg,TCGA-NH-A6GC,TCGA-NH-A6GC-01Z-00-DX1,1,0.9999999,1
tumour/TCGA-NH-A6GC-01Z-00-DX1_17408_15872.jpg,TCGA-NH-A6GC,TCGA-NH-A6GC-01Z-00-DX1,1,0.99999,1
tumour/TCGA-NH-A6GC-01Z-00-DX1_17408_29184.jpg,TCGA-NH-A6GC,TCGA-NH-A6GC-01Z-00-DX1,1,0.9994215,1
tumour/TCGA-NH-A6GC-01Z-00-DX1_17920_13312.jpg,TCGA-NH-A6GC,TCGA-NH-A6GC-01Z-00-DX1,1,0.99921334,1
tumour/TCGA-NH-A6GC-01Z-00-DX1_17920_14848.jpg,TCGA-NH-A6GC,TCGA-NH-A6GC-01Z-00-DX1,1,0.99996257,1
tumour/TCGA-NH-A6GC-01Z-00-DX1_17920_15360.jpg,TCGA-NH-A6GC,TCGA-NH-A6GC-01Z-00-DX1,1,0.9995084,1
tumour/TCGA-NH-A6GC-01Z-00-DX1_17920_15872.jpg,TCGA-NH-A6GC,TCGA-NH-A6GC-01Z-00-DX1,1,0.9999788,1
tumour/TCGA-NH-A6GC-01Z-00-DX1_17920_27136.jpg,TCGA-NH-A6GC,TCGA-NH-A6GC-01Z-00-DX1,1,1.0,1
tumour/TCGA-NH-A6GC-01Z-00-DX1_17920_28160.jpg,TCGA-NH-A6GC,TCGA-NH-A6GC-01Z-00-DX1,1,0.99981576,1
tumour/TCGA-NH-A6GC-01Z-00-DX1_18432_13824.jpg,TCGA-NH-A6GC,TCGA-NH-A6GC-01Z-00-DX1,1,0.99999154,1
tumour/TCGA-NH-A6GC-01Z-00-DX1_18432_14336.jpg,TCGA-NH-A6GC,TCGA-NH-A6GC-01Z-00-DX1,1,1.0,1
tumour/TCGA-NH-A6GC-01Z-00-DX1_18432_15360.jpg,TCGA-NH-A6GC,TCGA-NH-A6GC-01Z-00-DX1,1,0.99999964,1
tumour/TCGA-NH-A6GC-01Z-00-DX1_18432_16384.jpg,TCGA-NH-A6GC,TCGA-NH-A6GC-01Z-00-DX1,1,0.99997246,1
tumour/TCGA-NH-A6GC-01Z-00-DX1_18432_27648.jpg,TCGA-NH-A6GC,TCGA-NH-A6GC-01Z-00-DX1,1,0.9999945,1
tumour/TCGA-NH-A6GC-01Z-00-DX1_18944_13312.jpg,TCGA-NH-A6GC,TCGA-NH-A6GC-01Z-00-DX1,1,0.9999925,1
tumour/TCGA-NH-A6GC-01Z-00-DX1_18944_13824.jpg,TCGA-NH-A6GC,TCGA-NH-A6GC-01Z-00-DX1,1,1.0,1
tumour/TCGA-NH-A6GC-01Z-00-DX1_18944_14848.jpg,TCGA-NH-A6GC,TCGA-NH-A6GC-01Z-00-DX1,1,0.99998987,1
tumour/TCGA-NH-A6GC-01Z-00-DX1_18944_15872.jpg,TCGA-NH-A6GC,TCGA-NH-A6GC-01Z-00-DX1,1,0.95570064,1
tumour/TCGA-NH-A6GC-01Z-00-DX1_18944_26624.jpg,TCGA-NH-A6GC,TCGA-NH-A6GC-01Z-00-DX1,1,0.99786264,1
tumour/TCGA-NH-A6GC-01Z-00-DX1_18944_27136.jpg,TCGA-NH-A6GC,TCGA-NH-A6GC-01Z-00-DX1,1,0.9999999,1
tumour/TCGA-NH-A6GC-01Z-00-DX1_19456_13312.jpg,TCGA-NH-A6GC,TCGA-NH-A6GC-01Z-00-DX1,1,1.0,1
tumour/TCGA-NH-A6GC-01Z-00-DX1_19456_14336.jpg,TCGA-NH-A6GC,TCGA-NH-A6GC-01Z-00-DX1,1,0.9999678,1
tumour/TCGA-NH-A6GC-01Z-00-DX1_19456_15872.jpg,TCGA-NH-A6GC,TCGA-NH-A6GC-01Z-00-DX1,1,0.97142357,1
tumour/TCGA-NH-A6GC-01Z-00-DX1_19456_16384.jpg,TCGA-NH-A6GC,TCGA-NH-A6GC-01Z-00-DX1,1,0.998626,1
tumour/TCGA-NH-A6GC-01Z-00-DX1_19968_14336.jpg,TCGA-NH-A6GC,TCGA-NH-A6GC-01Z-00-DX1,1,0.999913,1
tumour/TCGA-NH-A6GC-01Z-00-DX1_19968_14848.jpg,TCGA-NH-A6GC,TCGA-NH-A6GC-01Z-00-DX1,1,0.99992526,1
tumour/TCGA-NH-A6GC-01Z-00-DX1_19968_15360.jpg,TCGA-NH-A6GC,TCGA-NH-A6GC-01Z-00-DX1,1,0.9999975,1
tumour/TCGA-NH-A6GC-01Z-00-DX1_19968_16384.jpg,TCGA-NH-A6GC,TCGA-NH-A6GC-01Z-00-DX1,1,0.9974935,1
tumour/TCGA-NH-A6GC-01Z-00-DX1_33792_14848.jpg,TCGA-NH-A6GC,TCGA-NH-A6GC-01Z-00-DX1,1,0.06713917,0
tumour/TCGA-NH-A6GC-01Z-00-DX1_34816_10752.jpg,TCGA-NH-A6GC,TCGA-NH-A6GC-01Z-00-DX1,1,0.3992161,0
tumour/TCGA-NH-A6GC-01Z-00-DX1_34816_11776.jpg,TCGA-NH-A6GC,TCGA-NH-A6GC-01Z-00-DX1,1,0.043521907,0
tumour/TCGA-NH-A6GC-01Z-00-DX1_34816_13824.jpg,TCGA-NH-A6GC,TCGA-NH-A6GC-01Z-00-DX1,1,0.98691386,1
tumour/TCGA-NH-A6GC-01Z-00-DX1_35328_13824.jpg,TCGA-NH-A6GC,TCGA-NH-A6GC-01Z-00-DX1,1,0.99966085,1
tumour/TCGA-NH-A6GC-01Z-00-DX1_39936_15872.jpg,TCGA-NH-A6GC,TCGA-NH-A6GC-01Z-00-DX1,1,0.98285437,1
tumour/TCGA-NH-A6GC-01Z-00-DX1_40960_15360.jpg,TCGA-NH-A6GC,TCGA-NH-A6GC-01Z-00-DX1,1,0.99926966,1
tumour/TCGA-NH-A6GC-01Z-00-DX1_40960_15872.jpg,TCGA-NH-A6GC,TCGA-NH-A6GC-01Z-00-DX1,1,0.24440013,0
tumour/TCGA-NH-A6GC-01Z-00-DX1_41472_13824.jpg,TCGA-NH-A6GC,TCGA-NH-A6GC-01Z-00-DX1,1,0.9999975,1
tumour/TCGA-NH-A6GC-01Z-00-DX1_41472_15360.jpg,TCGA-NH-A6GC,TCGA-NH-A6GC-01Z-00-DX1,1,0.9979097,1
tumour/TCGA-NH-A6GC-01Z-00-DX1_41472_15872.jpg,TCGA-NH-A6GC,TCGA-NH-A6GC-01Z-00-DX1,1,0.9999882,1
tumour/TCGA-NH-A6GC-01Z-00-DX1_41984_13824.jpg,TCGA-NH-A6GC,TCGA-NH-A6GC-01Z-00-DX1,1,0.9998466,1
tumour/TCGA-NH-A6GC-01Z-00-DX1_41984_14336.jpg,TCGA-NH-A6GC,TCGA-NH-A6GC-01Z-00-DX1,1,0.999938,1
tumour/TCGA-NH-A6GC-01Z-00-DX1_41984_14848.jpg,TCGA-NH-A6GC,TCGA-NH-A6GC-01Z-00-DX1,1,0.99962413,1
tumour/TCGA-NH-A6GC-01Z-00-DX1_41984_15360.jpg,TCGA-NH-A6GC,TCGA-NH-A6GC-01Z-00-DX1,1,0.96374154,1
tumour/TCGA-NH-A6GC-01Z-00-DX1_41984_15872.jpg,TCGA-NH-A6GC,TCGA-NH-A6GC-01Z-00-DX1,1,0.99426234,1
tumour/TCGA-NH-A6GC-01Z-00-DX1_42496_15360.jpg,TCGA-NH-A6GC,TCGA-NH-A6GC-01Z-00-DX1,1,0.99980634,1
tumour/TCGA-NH-A6GC-01Z-00-DX1_43008_14336.jpg,TCGA-NH-A6GC,TCGA-NH-A6GC-01Z-00-DX1,1,0.4599507,0
tumour/TCGA-NH-A6GC-01Z-00-DX1_43008_14848.jpg,TCGA-NH-A6GC,TCGA-NH-A6GC-01Z-00-DX1,1,0.45152745,0
tumour/TCGA-NH-A6GC-01Z-00-DX1_43008_16384.jpg,TCGA-NH-A6GC,TCGA-NH-A6GC-01Z-00-DX1,1,0.99998534,1
tumour/TCGA-NH-A6GC-01Z-00-DX1_43520_15360.jpg,TCGA-NH-A6GC,TCGA-NH-A6GC-01Z-00-DX1,1,0.9678159,1
tumour/TCGA-NH-A6GC-01Z-00-DX1_43520_15872.jpg,TCGA-NH-A6GC,TCGA-NH-A6GC-01Z-00-DX1,1,0.9910425,1
tumour/TCGA-NH-A6GC-01Z-00-DX1_43520_16384.jpg,TCGA-NH-A6GC,TCGA-NH-A6GC-01Z-00-DX1,1,0.9999902,1
tumour/TCGA-NH-A6GC-01Z-00-DX1_44032_15360.jpg,TCGA-NH-A6GC,TCGA-NH-A6GC-01Z-00-DX1,1,0.98944575,1
tumour/TCGA-NH-A6GC-01Z-00-DX1_44032_15872.jpg,TCGA-NH-A6GC,TCGA-NH-A6GC-01Z-00-DX1,1,0.9927825,1
tumour/TCGA-NH-A6GC-01Z-00-DX1_44032_16896.jpg,TCGA-NH-A6GC,TCGA-NH-A6GC-01Z-00-DX1,1,0.9994468,1
tumour/TCGA-NH-A6GC-01Z-00-DX1_7168_20480.jpg,TCGA-NH-A6GC,TCGA-NH-A6GC-01Z-00-DX1,1,0.9985134,1
tumour/TCGA-NH-A6GC-01Z-00-DX1_7168_20992.jpg,TCGA-NH-A6GC,TCGA-NH-A6GC-01Z-00-DX1,1,0.9009088,1
tumour/TCGA-NH-A6GC-01Z-00-DX1_7168_21504.jpg,TCGA-NH-A6GC,TCGA-NH-A6GC-01Z-00-DX1,1,0.9999981,1
tumour/TCGA-NH-A6GC-01Z-00-DX1_7680_20480.jpg,TCGA-NH-A6GC,TCGA-NH-A6GC-01Z-00-DX1,1,0.96310675,1
tumour/TCGA-NH-A6GC-01Z-00-DX1_7680_20992.jpg,TCGA-NH-A6GC,TCGA-NH-A6GC-01Z-00-DX1,1,0.9957092,1
tumour/TCGA-NH-A6GC-01Z-00-DX1_7680_21504.jpg,TCGA-NH-A6GC,TCGA-NH-A6GC-01Z-00-DX1,1,0.99987733,1
tumour/TCGA-NH-A6GC-01Z-00-DX1_7680_23040.jpg,TCGA-NH-A6GC,TCGA-NH-A6GC-01Z-00-DX1,1,0.91935873,1
tumour/TCGA-NH-A6GC-01Z-00-DX1_7680_23552.jpg,TCGA-NH-A6GC,TCGA-NH-A6GC-01Z-00-DX1,1,0.9999716,1
tumour/TCGA-NH-A6GC-01Z-00-DX1_8192_21504.jpg,TCGA-NH-A6GC,TCGA-NH-A6GC-01Z-00-DX1,1,0.9999436,1
tumour/TCGA-NH-A6GC-01Z-00-DX1_8192_23040.jpg,TCGA-NH-A6GC,TCGA-NH-A6GC-01Z-00-DX1,1,0.9499582,1
tumour/TCGA-NH-A6GC-01Z-00-DX1_8192_6656.jpg,TCGA-NH-A6GC,TCGA-NH-A6GC-01Z-00-DX1,1,0.99948466,1
tumour/TCGA-NH-A6GC-01Z-00-DX1_8192_7168.jpg,TCGA-NH-A6GC,TCGA-NH-A6GC-01Z-00-DX1,1,1.0,1
tumour/TCGA-NH-A6GC-01Z-00-DX1_8704_20480.jpg,TCGA-NH-A6GC,TCGA-NH-A6GC-01Z-00-DX1,1,0.9992223,1
tumour/TCGA-NH-A6GC-01Z-00-DX1_8704_22528.jpg,TCGA-NH-A6GC,TCGA-NH-A6GC-01Z-00-DX1,1,0.13941413,0
tumour/TCGA-NH-A6GC-01Z-00-DX1_8704_6656.jpg,TCGA-NH-A6GC,TCGA-NH-A6GC-01Z-00-DX1,1,0.95314175,1
tumour/TCGA-NH-A6GC-01Z-00-DX1_8704_7680.jpg,TCGA-NH-A6GC,TCGA-NH-A6GC-01Z-00-DX1,1,0.997232,1
tumour/TCGA-NH-A6GC-01Z-00-DX1_9216_19968.jpg,TCGA-NH-A6GC,TCGA-NH-A6GC-01Z-00-DX1,1,0.7194264,1
tumour/TCGA-NH-A6GC-01Z-00-DX1_9216_20992.jpg,TCGA-NH-A6GC,TCGA-NH-A6GC-01Z-00-DX1,1,0.9992853,1
tumour/TCGA-NH-A6GC-01Z-00-DX1_9216_6656.jpg,TCGA-NH-A6GC,TCGA-NH-A6GC-01Z-00-DX1,1,0.8880501,1
tumour/TCGA-NH-A6GC-01Z-00-DX1_9216_7680.jpg,TCGA-NH-A6GC,TCGA-NH-A6GC-01Z-00-DX1,1,0.99911803,1
tumour/TCGA-NH-A6GC-01Z-00-DX1_9216_8192.jpg,TCGA-NH-A6GC,TCGA-NH-A6GC-01Z-00-DX1,1,0.9999994,1
tumour/TCGA-NH-A6GC-01Z-00-DX1_9216_8704.jpg,TCGA-NH-A6GC,TCGA-NH-A6GC-01Z-00-DX1,1,0.99999726,1
tumour/TCGA-NH-A6GC-01Z-00-DX1_9216_9216.jpg,TCGA-NH-A6GC,TCGA-NH-A6GC-01Z-00-DX1,1,0.9947299,1
tumour/TCGA-NH-A6GC-01Z-00-DX1_9728_19968.jpg,TCGA-NH-A6GC,TCGA-NH-A6GC-01Z-00-DX1,1,0.9830702,1
tumour/TCGA-NH-A6GC-01Z-00-DX1_9728_21504.jpg,TCGA-NH-A6GC,TCGA-NH-A6GC-01Z-00-DX1,1,0.9999471,1
tumour/TCGA-NH-A6GC-01Z-00-DX1_9728_6656.jpg,TCGA-NH-A6GC,TCGA-NH-A6GC-01Z-00-DX1,1,0.32988104,0
tumour/TCGA-NH-A6GC-01Z-00-DX1_9728_8704.jpg,TCGA-NH-A6GC,TCGA-NH-A6GC-01Z-00-DX1,1,1.0,1
tumour/TCGA-NH-A6GC-01Z-00-DX1_9728_9216.jpg,TCGA-NH-A6GC,TCGA-NH-A6GC-01Z-00-DX1,1,0.99999976,1
tumour/TCGA-NH-A6GC-01Z-00-DX1_9728_9728.jpg,TCGA-NH-A6GC,TCGA-NH-A6GC-01Z-00-DX1,1,0.9793849,1
