split,relative_path,label,class_name,stem,official_label,local_cluster_label,group_id
test,colon_n/colonn1.jpeg,0,benign,colonn1,colon_n,25,274
test,colon_n/colonn1006.jpeg,0,benign,colonn1006,colon_n,66,315
test,colon_n/colonn1019.jpeg,0,benign,colonn1019,colon_n,173,422
test,colon_n/colonn1024.jpeg,0,benign,colonn1024,colon_n,197,446
test,colon_n/colonn103.jpeg,0,benign,colonn103,colon_n,73,322
test,colon_n/colonn1031.jpeg,0,benign,colonn1031,colon_n,132,381
test,colon_n/colonn104.jpeg,0,benign,colonn104,colon_n,19,268
test,colon_n/colonn1041.jpeg,0,benign,colonn1041,colon_n,19,268
test,colon_n/colonn1042.jpeg,0,benign,colonn1042,colon_n,69,318
test,colon_n/colonn1045.jpeg,0,benign,colonn1045,colon_n,127,376
test,colon_n/colonn1046.jpeg,0,benign,colonn1046,colon_n,181,430
test,colon_n/colonn1080.jpeg,0,benign,colonn1080,colon_n,6,255
test,colon_n/colonn1086.jpeg,0,benign,colonn1086,colon_n,132,381
test,colon_n/colonn1087.jpeg,0,benign,colonn1087,colon_n,132,381
test,colon_n/colonn109.jpeg,0,benign,colonn109,colon_n,25,274
test,colon_n/colonn1099.jpeg,0,benign,colonn1099,colon_n,97,346
test,colon_n/colonn1100.jpeg,0,benign,colonn1100,colon_n,73,322
test,colon_n/colonn1102.jpeg,0,benign,colonn1102,colon_n,19,268
test,colon_n/colonn1103.jpeg,0,benign,colonn1103,colon_n,127,376
test,colon_n/colonn1111.jpeg,0,benign,colonn1111,colon_n,182,431
test,colon_n/colonn1112.jpeg,0,benign,colonn1112,colon_n,182,431
test,colon_n/colonn1119.jpeg,0,benign,colonn1119,colon_n,146,395
test,colon_n/colonn1122.jpeg,0,benign,colonn1122,colon_n,150,399
test,colon_n/colonn1123.jpeg,0,benign,colonn1123,colon_n,150,399
test,colon_n/colonn1133.jpeg,0,benign,colonn1133,colon_n,108,357
test,colon_n/colonn1153.jpeg,0,benign,colonn1153,colon_n,200,449
test,colon_n/colonn1156.jpeg,0,benign,colonn1156,colon_n,19,268
test,colon_n/colonn1158.jpeg,0,benign,colonn1158,colon_n,181,430
test,colon_n/colonn1184.jpeg,0,benign,colonn1184,colon_n,66,315
test,colon_n/colonn1190.jpeg,0,benign,colonn1190,colon_n,108,357
test,colon_n/colonn1195.jpeg,0,benign,colonn1195,colon_n,159,408
test,colon_n/colonn1202.jpeg,0,benign,colonn1202,colon_n,186,435
test,colon_n/colonn121.jpeg,0,benign,colonn121,colon_n,140,389
test,colon_n/colonn1211.jpeg,0,benign,colonn1211,colon_n,19,268
test,colon_n/colonn1217.jpeg,0,benign,colonn1217,colon_n,84,333
test,colon_n/colonn1218.jpeg,0,benign,colonn1218,colon_n,25,274
test,colon_n/colonn1219.jpeg,0,benign,colonn1219,colon_n,25,274
test,colon_n/colonn1227.jpeg,0,benign,colonn1227,colon_n,96,345
test,colon_n/colonn1228.jpeg,0,benign,colonn1228,colon_n,96,345
test,colon_n/colonn1230.jpeg,0,benign,colonn1230,colon_n,150,399
test,colon_n/colonn1245.jpeg,0,benign,colonn1245,colon_n,60,309
test,colon_n/colonn1249.jpeg,0,benign,colonn1249,colon_n,55,304
test,colon_n/colonn1250.jpeg,0,benign,colonn1250,colon_n,197,446
test,colon_n/colonn1260.jpeg,0,benign,colonn1260,colon_n,132,381
test,colon_n/colonn1284.jpeg,0,benign,colonn1284,colon_n,15,264
test,colon_n/colonn130.jpeg,0,benign,colonn130,colon_n,150,399
test,colon_n/colonn1300.jpeg,0,benign,colonn1300,colon_n,55,304
test,colon_n/colonn1304.jpeg,0,benign,colonn1304,colon_n,132,381
test,colon_n/colonn1307.jpeg,0,benign,colonn1307,colon_n,137,386
test,colon_n/colonn1315.jpeg,0,benign,colonn1315,colon_n,73,322
test,colon_n/colonn1316.jpeg,0,benign,colonn1316,colon_n,200,449
test,colon_n/colonn1322.jpeg,0,benign,colonn1322,colon_n,127,376
test,colon_n/colonn1326.jpeg,0,benign,colonn1326,colon_n,117,366
test,colon_n/colonn1336.jpeg,0,benign,colonn1336,colon_n,231,480
test,colon_n/colonn1339.jpeg,0,benign,colonn1339,colon_n,96,345
test,colon_n/colonn1343.jpeg,0,benign,colonn1343,colon_n,15,264
test,colon_n/colonn1344.jpeg,0,benign,colonn1344,colon_n,150,399
test,colon_n/colonn1347.jpeg,0,benign,colonn1347,colon_n,229,478
test,colon_n/colonn1366.jpeg,0,benign,colonn1366,colon_n,55,304
test,colon_n/colonn1379.jpeg,0,benign,colonn1379,colon_n,19,268
test,colon_n/colonn1380.jpeg,0,benign,colonn1380,colon_n,69,318
test,colon_n/colonn1384.jpeg,0,benign,colonn1384,colon_n,127,376
test,colon_n/colonn1386.jpeg,0,benign,colonn1386,colon_n,181,430
test,colon_n/colonn1390.jpeg,0,benign,colonn1390,colon_n,25,274
test,colon_n/colonn140.jpeg,0,benign,colonn140,colon_n,60,309
test,colon_n/colonn1400.jpeg,0,benign,colonn1400,colon_n,18,267
test,colon_n/colonn1401.jpeg,0,benign,colonn1401,colon_n,140,389
test,colon_n/colonn1410.jpeg,0,benign,colonn1410,colon_n,229,478
test,colon_n/colonn1411.jpeg,0,benign,colonn1411,colon_n,229,478
test,colon_n/colonn143.jpeg,0,benign,colonn143,colon_n,55,304
test,colon_n/colonn1431.jpeg,0,benign,colonn1431,colon_n,137,386
test,colon_n/colonn1447.jpeg,0,benign,colonn1447,colon_n,231,480
test,colon_n/colonn1448.jpeg,0,benign,colonn1448,colon_n,231,480
test,colon_n/colonn1467.jpeg,0,benign,colonn1467,colon_n,108,357
test,colon_n/colonn1474.jpeg,0,benign,colonn1474,colon_n,197,446
test,colon_n/colonn1486.jpeg,0,benign,colonn1486,colon_n,144,393
test,colon_n/colonn151.jpeg,0,benign,colonn151,colon_n,186,435
test,colon_n/colonn1517.jpeg,0,benign,colonn1517,colon_n,66,315
test,colon_n/colonn1524.jpeg,0,benign,colonn1524,colon_n,243,492
test,colon_n/colonn1526.jpeg,0,benign,colonn1526,colon_n,108,357
test,colon_n/colonn1527.jpeg,0,benign,colonn1527,colon_n,173,422
test,colon_n/colonn1535.jpeg,0,benign,colonn1535,colon_n,197,446
test,colon_n/colonn1540.jpeg,0,benign,colonn1540,colon_n,137,386
test,colon_n/colonn1545.jpeg,0,benign,colonn1545,colon_n,97,346
test,colon_n/colonn1547.jpeg,0,benign,colonn1547,colon_n,69,318
test,colon_n/colonn1556.jpeg,0,benign,colonn1556,colon_n,25,274
test,colon_n/colonn1563.jpeg,0,benign,colonn1563,colon_n,231,480
test,colon_n/colonn1564.jpeg,0,benign,colonn1564,colon_n,96,345
test,colon_n/colonn1567.jpeg,0,benign,colonn1567,colon_n,15,264
test,colon_n/colonn158.jpeg,0,benign,colonn158,colon_n,97,346
test,colon_n/colonn1603.jpeg,0,benign,colonn1603,colon_n,144,393
test,colon_n/colonn1609.jpeg,0,benign,colonn1609,colon_n,136,385
test,colon_n/colonn1634.jpeg,0,benign,colonn1634,colon_n,173,422
test,colon_n/colonn164.jpeg,0,benign,colonn164,colon_n,181,430
test,colon_n/colonn1646.jpeg,0,benign,colonn1646,colon_n,223,472
test,colon_n/colonn1652.jpeg,0,benign,colonn1652,colon_n,97,346
test,colon_n/colonn1654.jpeg,0,benign,colonn1654,colon_n,19,268
test,colon_n/colonn1655.jpeg,0,benign,colonn1655,colon_n,69,318
test,colon_n/colonn1665.jpeg,0,benign,colonn1665,colon_n,84,333
test,colon_n/colonn167.jpeg,0,benign,colonn167,colon_n,182,431
test,colon_n/colonn1674.jpeg,0,benign,colonn1674,colon_n,182,431
test,colon_n/colonn1680.jpeg,0,benign,colonn1680,colon_n,18,267
test,colon_n/colonn1689.jpeg,0,benign,colonn1689,colon_n,15,264
test,colon_n/colonn1696.jpeg,0,benign,colonn1696,colon_n,229,478
test,colon_n/colonn1701.jpeg,0,benign,colonn1701,colon_n,173,422
test,colon_n/colonn1702.jpeg,0,benign,colonn1702,colon_n,173,422
test,colon_n/colonn1706.jpeg,0,benign,colonn1706,colon_n,60,309
test,colon_n/colonn1707.jpeg,0,benign,colonn1707,colon_n,159,408
test,colon_n/colonn1709.jpeg,0,benign,colonn1709,colon_n,197,446
test,colon_n/colonn1711.jpeg,0,benign,colonn1711,colon_n,137,386
test,colon_n/colonn1712.jpeg,0,benign,colonn1712,colon_n,137,386
test,colon_n/colonn1723.jpeg,0,benign,colonn1723,colon_n,73,322
test,colon_n/colonn1726.jpeg,0,benign,colonn1726,colon_n,144,393
test,colon_n/colonn1747.jpeg,0,benign,colonn1747,colon_n,150,399
test,colon_n/colonn1767.jpeg,0,benign,colonn1767,colon_n,55,304
test,colon_n/colonn1772.jpeg,0,benign,colonn1772,colon_n,144,393
test,colon_n/colonn1773.jpeg,0,benign,colonn1773,colon_n,144,393
test,colon_n/colonn1782.jpeg,0,benign,colonn1782,colon_n,117,366
test,colon_n/colonn1783.jpeg,0,benign,colonn1783,colon_n,136,385
test,colon_n/colonn1795.jpeg,0,benign,colonn1795,colon_n,140,389
test,colon_n/colonn1800.jpeg,0,benign,colonn1800,colon_n,146,395
test,colon_n/colonn181.jpeg,0,benign,colonn181,colon_n,82,331
test,colon_n/colonn182.jpeg,0,benign,colonn182,colon_n,82,331
test,colon_n/colonn1836.jpeg,0,benign,colonn1836,colon_n,200,449
test,colon_n/colonn1851.jpeg,0,benign,colonn1851,colon_n,18,267
test,colon_n/colonn1856.jpeg,0,benign,colonn1856,colon_n,82,331
test,colon_n/colonn1862.jpeg,0,benign,colonn1862,colon_n,66,315
test,colon_n/colonn1863.jpeg,0,benign,colonn1863,colon_n,66,315
test,colon_n/colonn1864.jpeg,0,benign,colonn1864,colon_n,229,478
test,colon_n/colonn1871.jpeg,0,benign,colonn1871,colon_n,60,309
test,colon_n/colonn1873.jpeg,0,benign,colonn1873,colon_n,112,361
test,colon_n/colonn1874.jpeg,0,benign,colonn1874,colon_n,159,408
test,colon_n/colonn1875.jpeg,0,benign,colonn1875,colon_n,159,408
test,colon_n/colonn1881.jpeg,0,benign,colonn1881,colon_n,6,255
test,colon_n/colonn1885.jpeg,0,benign,colonn1885,colon_n,132,381
test,colon_n/colonn1893.jpeg,0,benign,colonn1893,colon_n,73,322
test,colon_n/colonn1895.jpeg,0,benign,colonn1895,colon_n,19,268
test,colon_n/colonn1899.jpeg,0,benign,colonn1899,colon_n,181,430
test,colon_n/colonn1914.jpeg,0,benign,colonn1914,colon_n,82,331
test,colon_n/colonn1923.jpeg,0,benign,colonn1923,colon_n,66,315
test,colon_n/colonn1928.jpeg,0,benign,colonn1928,colon_n,108,357
test,colon_n/colonn1931.jpeg,0,benign,colonn1931,colon_n,112,361
test,colon_n/colonn1941.jpeg,0,benign,colonn1941,colon_n,186,435
test,colon_n/colonn1951.jpeg,0,benign,colonn1951,colon_n,127,376
test,colon_n/colonn1952.jpeg,0,benign,colonn1952,colon_n,127,376
test,colon_n/colonn1955.jpeg,0,benign,colonn1955,colon_n,117,366
test,colon_n/colonn1957.jpeg,0,benign,colonn1957,colon_n,25,274
test,colon_n/colonn1958.jpeg,0,benign,colonn1958,colon_n,25,274
test,colon_n/colonn1973.jpeg,0,benign,colonn1973,colon_n,18,267
test,colon_n/colonn1974.jpeg,0,benign,colonn1974,colon_n,231,480
test,colon_n/colonn198.jpeg,0,benign,colonn198,colon_n,60,309
test,colon_n/colonn199.jpeg,0,benign,colonn199,colon_n,112,361
test,colon_n/colonn1993.jpeg,0,benign,colonn1993,colon_n,173,422
test,colon_n/colonn2000.jpeg,0,benign,colonn2000,colon_n,60,309
test,colon_n/colonn2001.jpeg,0,benign,colonn2001,colon_n,159,408
test,colon_n/colonn2005.jpeg,0,benign,colonn2005,colon_n,6,255
test,colon_n/colonn2010.jpeg,0,benign,colonn2010,colon_n,132,381
test,colon_n/colonn2021.jpeg,0,benign,colonn2021,colon_n,25,274
test,colon_n/colonn2028.jpeg,0,benign,colonn2028,colon_n,182,431
test,colon_n/colonn2031.jpeg,0,benign,colonn2031,colon_n,140,389
test,colon_n/colonn2036.jpeg,0,benign,colonn2036,colon_n,96,345
test,colon_n/colonn2037.jpeg,0,benign,colonn2037,colon_n,82,331
test,colon_n/colonn205.jpeg,0,benign,colonn205,colon_n,6,255
test,colon_n/colonn2070.jpeg,0,benign,colonn2070,colon_n,200,449
test,colon_n/colonn2075.jpeg,0,benign,colonn2075,colon_n,25,274
test,colon_n/colonn2083.jpeg,0,benign,colonn2083,colon_n,18,267
test,colon_n/colonn2087.jpeg,0,benign,colonn2087,colon_n,150,399
test,colon_n/colonn209.jpeg,0,benign,colonn209,colon_n,186,435
test,colon_n/colonn210.jpeg,0,benign,colonn210,colon_n,186,435
test,colon_n/colonn2104.jpeg,0,benign,colonn2104,colon_n,60,309
test,colon_n/colonn2107.jpeg,0,benign,colonn2107,colon_n,159,408
test,colon_n/colonn2110.jpeg,0,benign,colonn2110,colon_n,6,255
test,colon_n/colonn2113.jpeg,0,benign,colonn2113,colon_n,137,386
test,colon_n/colonn2125.jpeg,0,benign,colonn2125,colon_n,97,346
test,colon_n/colonn2126.jpeg,0,benign,colonn2126,colon_n,240,489
test,colon_n/colonn2128.jpeg,0,benign,colonn2128,colon_n,69,318
test,colon_n/colonn2129.jpeg,0,benign,colonn2129,colon_n,181,430
test,colon_n/colonn2132.jpeg,0,benign,colonn2132,colon_n,84,333
test,colon_n/colonn2148.jpeg,0,benign,colonn2148,colon_n,146,395
test,colon_n/colonn2149.jpeg,0,benign,colonn2149,colon_n,82,331
test,colon_n/colonn2169.jpeg,0,benign,colonn2169,colon_n,159,408
test,colon_n/colonn2181.jpeg,0,benign,colonn2181,colon_n,97,346
test,colon_n/colonn2182.jpeg,0,benign,colonn2182,colon_n,73,322
test,colon_n/colonn2184.jpeg,0,benign,colonn2184,colon_n,19,268
test,colon_n/colonn2190.jpeg,0,benign,colonn2190,colon_n,136,385
test,colon_n/colonn2191.jpeg,0,benign,colonn2191,colon_n,84,333
test,colon_n/colonn2192.jpeg,0,benign,colonn2192,colon_n,25,274
test,colon_n/colonn22.jpeg,0,benign,colonn22,colon_n,159,408
test,colon_n/colonn2215.jpeg,0,benign,colonn2215,colon_n,66,315
test,colon_n/colonn2217.jpeg,0,benign,colonn2217,colon_n,229,478
test,colon_n/colonn222.jpeg,0,benign,colonn222,colon_n,97,346
test,colon_n/colonn2224.jpeg,0,benign,colonn2224,colon_n,108,357
test,colon_n/colonn2227.jpeg,0,benign,colonn2227,colon_n,112,361
test,colon_n/colonn223.jpeg,0,benign,colonn223,colon_n,73,322
test,colon_n/colonn2240.jpeg,0,benign,colonn2240,colon_n,137,386
test,colon_n/colonn2241.jpeg,0,benign,colonn2241,colon_n,223,472
test,colon_n/colonn2244.jpeg,0,benign,colonn2244,colon_n,19,268
test,colon_n/colonn2249.jpeg,0,benign,colonn2249,colon_n,181,430
test,colon_n/colonn2264.jpeg,0,benign,colonn2264,colon_n,229,478
test,colon_n/colonn2278.jpeg,0,benign,colonn2278,colon_n,55,304
test,colon_n/colonn2279.jpeg,0,benign,colonn2279,colon_n,55,304
test,colon_n/colonn2280.jpeg,0,benign,colonn2280,colon_n,197,446
test,colon_n/colonn2287.jpeg,0,benign,colonn2287,colon_n,132,381
test,colon_n/colonn2288.jpeg,0,benign,colonn2288,colon_n,132,381
test,colon_n/colonn2290.jpeg,0,benign,colonn2290,colon_n,137,386
test,colon_n/colonn2299.jpeg,0,benign,colonn2299,colon_n,127,376
test,colon_n/colonn2303.jpeg,0,benign,colonn2303,colon_n,181,430
test,colon_n/colonn2304.jpeg,0,benign,colonn2304,colon_n,117,366
test,colon_n/colonn2308.jpeg,0,benign,colonn2308,colon_n,182,431
test,colon_n/colonn2315.jpeg,0,benign,colonn2315,colon_n,96,345
test,colon_n/colonn2316.jpeg,0,benign,colonn2316,colon_n,82,331
test,colon_n/colonn2325.jpeg,0,benign,colonn2325,colon_n,66,315
test,colon_n/colonn2340.jpeg,0,benign,colonn2340,colon_n,159,408
test,colon_n/colonn2341.jpeg,0,benign,colonn2341,colon_n,55,304
test,colon_n/colonn2354.jpeg,0,benign,colonn2354,colon_n,97,346
test,colon_n/colonn2355.jpeg,0,benign,colonn2355,colon_n,144,393
test,colon_n/colonn236.jpeg,0,benign,colonn236,colon_n,231,480
test,colon_n/colonn2360.jpeg,0,benign,colonn2360,colon_n,247,496
test,colon_n/colonn2361.jpeg,0,benign,colonn2361,colon_n,25,274
test,colon_n/colonn2362.jpeg,0,benign,colonn2362,colon_n,25,274
test,colon_n/colonn2363.jpeg,0,benign,colonn2363,colon_n,25,274
test,colon_n/colonn2379.jpeg,0,benign,colonn2379,colon_n,146,395
test,colon_n/colonn2382.jpeg,0,benign,colonn2382,colon_n,15,264
test,colon_n/colonn239.jpeg,0,benign,colonn239,colon_n,146,395
test,colon_n/colonn2392.jpeg,0,benign,colonn2392,colon_n,243,492
test,colon_n/colonn240.jpeg,0,benign,colonn240,colon_n,96,345
test,colon_n/colonn2403.jpeg,0,benign,colonn2403,colon_n,6,255
test,colon_n/colonn2407.jpeg,0,benign,colonn2407,colon_n,137,386
test,colon_n/colonn2420.jpeg,0,benign,colonn2420,colon_n,25,274
test,colon_n/colonn2437.jpeg,0,benign,colonn2437,colon_n,150,399
test,colon_n/colonn2444.jpeg,0,benign,colonn2444,colon_n,66,315
test,colon_n/colonn2450.jpeg,0,benign,colonn2450,colon_n,173,422
test,colon_n/colonn2452.jpeg,0,benign,colonn2452,colon_n,159,408
test,colon_n/colonn2456.jpeg,0,benign,colonn2456,colon_n,197,446
test,colon_n/colonn2464.jpeg,0,benign,colonn2464,colon_n,186,435
test,colon_n/colonn2476.jpeg,0,benign,colonn2476,colon_n,117,366
test,colon_n/colonn2490.jpeg,0,benign,colonn2490,colon_n,96,345
test,colon_n/colonn2527.jpeg,0,benign,colonn2527,colon_n,97,346
test,colon_n/colonn2544.jpeg,0,benign,colonn2544,colon_n,18,267
test,colon_n/colonn2545.jpeg,0,benign,colonn2545,colon_n,140,389
test,colon_n/colonn2546.jpeg,0,benign,colonn2546,colon_n,140,389
test,colon_n/colonn2550.jpeg,0,benign,colonn2550,colon_n,96,345
test,colon_n/colonn2559.jpeg,0,benign,colonn2559,colon_n,66,315
test,colon_n/colonn2569.jpeg,0,benign,colonn2569,colon_n,60,309
test,colon_n/colonn2570.jpeg,0,benign,colonn2570,colon_n,112,361
test,colon_n/colonn2579.jpeg,0,benign,colonn2579,colon_n,137,386
test,colon_n/colonn258.jpeg,0,benign,colonn258,colon_n,112,361
test,colon_n/colonn260.jpeg,0,benign,colonn260,colon_n,55,304
test,colon_n/colonn2604.jpeg,0,benign,colonn2604,colon_n,146,395
test,colon_n/colonn261.jpeg,0,benign,colonn261,colon_n,55,304
test,colon_n/colonn2627.jpeg,0,benign,colonn2627,colon_n,159,408
test,colon_n/colonn2636.jpeg,0,benign,colonn2636,colon_n,223,472
test,colon_n/colonn2639.jpeg,0,benign,colonn2639,colon_n,97,346
test,colon_n/colonn264.jpeg,0,benign,colonn264,colon_n,6,255
test,colon_n/colonn2640.jpeg,0,benign,colonn2640,colon_n,73,322
test,colon_n/colonn2642.jpeg,0,benign,colonn2642,colon_n,200,449
test,colon_n/colonn2646.jpeg,0,benign,colonn2646,colon_n,69,318
test,colon_n/colonn2652.jpeg,0,benign,colonn2652,colon_n,182,431
test,colon_n/colonn2661.jpeg,0,benign,colonn2661,colon_n,82,331
test,colon_n/colonn2671.jpeg,0,benign,colonn2671,colon_n,229,478
test,colon_n/colonn2678.jpeg,0,benign,colonn2678,colon_n,243,492
test,colon_n/colonn2680.jpeg,0,benign,colonn2680,colon_n,108,357
test,colon_n/colonn2696.jpeg,0,benign,colonn2696,colon_n,223,472
test,colon_n/colonn2701.jpeg,0,benign,colonn2701,colon_n,19,268
test,colon_n/colonn2704.jpeg,0,benign,colonn2704,colon_n,181,430
test,colon_n/colonn2720.jpeg,0,benign,colonn2720,colon_n,15,264
test,colon_n/colonn2731.jpeg,0,benign,colonn2731,colon_n,108,357
test,colon_n/colonn2736.jpeg,0,benign,colonn2736,colon_n,60,309
test,colon_n/colonn2742.jpeg,0,benign,colonn2742,colon_n,55,304
test,colon_n/colonn2755.jpeg,0,benign,colonn2755,colon_n,97,346
test,colon_n/colonn2757.jpeg,0,benign,colonn2757,colon_n,19,268
test,colon_n/colonn2764.jpeg,0,benign,colonn2764,colon_n,84,333
test,colon_n/colonn2766.jpeg,0,benign,colonn2766,colon_n,25,274
test,colon_n/colonn2772.jpeg,0,benign,colonn2772,colon_n,18,267
test,colon_n/colonn2775.jpeg,0,benign,colonn2775,colon_n,96,345
test,colon_n/colonn2777.jpeg,0,benign,colonn2777,colon_n,82,331
test,colon_n/colonn2778.jpeg,0,benign,colonn2778,colon_n,82,331
test,colon_n/colonn2780.jpeg,0,benign,colonn2780,colon_n,150,399
test,colon_n/colonn2793.jpeg,0,benign,colonn2793,colon_n,108,357
test,colon_n/colonn2804.jpeg,0,benign,colonn2804,colon_n,55,304
test,colon_n/colonn2805.jpeg,0,benign,colonn2805,colon_n,55,304
test,colon_n/colonn2806.jpeg,0,benign,colonn2806,colon_n,197,446
test,colon_n/colonn2816.jpeg,0,benign,colonn2816,colon_n,73,322
test,colon_n/colonn2817.jpeg,0,benign,colonn2817,colon_n,73,322
test,colon_n/colonn2818.jpeg,0,benign,colonn2818,colon_n,200,449
test,colon_n/colonn2821.jpeg,0,benign,colonn2821,colon_n,19,268
test,colon_n/colonn2824.jpeg,0,benign,colonn2824,colon_n,127,376
test,colon_n/colonn2826.jpeg,0,benign,colonn2826,colon_n,181,430
test,colon_n/colonn2832.jpeg,0,benign,colonn2832,colon_n,182,431
test,colon_n/colonn2841.jpeg,0,benign,colonn2841,colon_n,18,267
test,colon_n/colonn2847.jpeg,0,benign,colonn2847,colon_n,15,264
test,colon_n/colonn2848.jpeg,0,benign,colonn2848,colon_n,15,264
test,colon_n/colonn2849.jpeg,0,benign,colonn2849,colon_n,150,399
test,colon_n/colonn287.jpeg,0,benign,colonn287,colon_n,182,431
test,colon_n/colonn2877.jpeg,0,benign,colonn2877,colon_n,97,346
test,colon_n/colonn2879.jpeg,0,benign,colonn2879,colon_n,200,449
test,colon_n/colonn2882.jpeg,0,benign,colonn2882,colon_n,127,376
test,colon_n/colonn2883.jpeg,0,benign,colonn2883,colon_n,127,376
test,colon_n/colonn2884.jpeg,0,benign,colonn2884,colon_n,181,430
test,colon_n/colonn2905.jpeg,0,benign,colonn2905,colon_n,18,267
test,colon_n/colonn2906.jpeg,0,benign,colonn2906,colon_n,140,389
test,colon_n/colonn2909.jpeg,0,benign,colonn2909,colon_n,82,331
test,colon_n/colonn2918.jpeg,0,benign,colonn2918,colon_n,173,422
test,colon_n/colonn2922.jpeg,0,benign,colonn2922,colon_n,159,408
test,colon_n/colonn2927.jpeg,0,benign,colonn2927,colon_n,132,381
test,colon_n/colonn2929.jpeg,0,benign,colonn2929,colon_n,137,386
test,colon_n/colonn2935.jpeg,0,benign,colonn2935,colon_n,240,489
test,colon_n/colonn2938.jpeg,0,benign,colonn2938,colon_n,19,268
test,colon_n/colonn2949.jpeg,0,benign,colonn2949,colon_n,182,431
test,colon_n/colonn2954.jpeg,0,benign,colonn2954,colon_n,18,267
test,colon_n/colonn296.jpeg,0,benign,colonn296,colon_n,146,395
test,colon_n/colonn2962.jpeg,0,benign,colonn2962,colon_n,150,399
test,colon_n/colonn2971.jpeg,0,benign,colonn2971,colon_n,66,315
test,colon_n/colonn2977.jpeg,0,benign,colonn2977,colon_n,243,492
test,colon_n/colonn2983.jpeg,0,benign,colonn2983,colon_n,186,435
test,colon_n/colonn2990.jpeg,0,benign,colonn2990,colon_n,200,449
test,colon_n/colonn2991.jpeg,0,benign,colonn2991,colon_n,200,449
test,colon_n/colonn2996.jpeg,0,benign,colonn2996,colon_n,84,333
test,colon_n/colonn3011.jpeg,0,benign,colonn3011,colon_n,18,267
test,colon_n/colonn3012.jpeg,0,benign,colonn3012,colon_n,231,480
test,colon_n/colonn3016.jpeg,0,benign,colonn3016,colon_n,82,331
test,colon_n/colonn3017.jpeg,0,benign,colonn3017,colon_n,82,331
test,colon_n/colonn303.jpeg,0,benign,colonn303,colon_n,150,399
test,colon_n/colonn3038.jpeg,0,benign,colonn3038,colon_n,112,361
test,colon_n/colonn3044.jpeg,0,benign,colonn3044,colon_n,132,381
test,colon_n/colonn3049.jpeg,0,benign,colonn3049,colon_n,73,322
test,colon_n/colonn3050.jpeg,0,benign,colonn3050,colon_n,144,393
test,colon_n/colonn3054.jpeg,0,benign,colonn3054,colon_n,127,376
test,colon_n/colonn3059.jpeg,0,benign,colonn3059,colon_n,18,267
test,colon_n/colonn306.jpeg,0,benign,colonn306,colon_n,66,315
test,colon_n/colonn3064.jpeg,0,benign,colonn3064,colon_n,82,331
test,colon_n/colonn3067.jpeg,0,benign,colonn3067,colon_n,150,399
test,colon_n/colonn3068.jpeg,0,benign,colonn3068,colon_n,150,399
test,colon_n/colonn307.jpeg,0,benign,colonn307,colon_n,229,478
test,colon_n/colonn3092.jpeg,0,benign,colonn3092,colon_n,223,472
test,colon_n/colonn3103.jpeg,0,benign,colonn3103,colon_n,97,346
test,colon_n/colonn3104.jpeg,0,benign,colonn3104,colon_n,200,449
test,colon_n/colonn3121.jpeg,0,benign,colonn3121,colon_n,18,267
test,colon_n/colonn3126.jpeg,0,benign,colonn3126,colon_n,15,264
test,colon_n/colonn3154.jpeg,0,benign,colonn3154,colon_n,6,255
test,colon_n/colonn316.jpeg,0,benign,colonn316,colon_n,108,357
test,colon_n/colonn3165.jpeg,0,benign,colonn3165,colon_n,144,393
test,colon_n/colonn3178.jpeg,0,benign,colonn3178,colon_n,182,431
test,colon_n/colonn32.jpeg,0,benign,colonn32,colon_n,73,322
test,colon_n/colonn3202.jpeg,0,benign,colonn3202,colon_n,173,422
test,colon_n/colonn3203.jpeg,0,benign,colonn3203,colon_n,173,422
test,colon_n/colonn3211.jpeg,0,benign,colonn3211,colon_n,112,361
test,colon_n/colonn3213.jpeg,0,benign,colonn3213,colon_n,197,446
test,colon_n/colonn322.jpeg,0,benign,colonn322,colon_n,55,304
test,colon_n/colonn3226.jpeg,0,benign,colonn3226,colon_n,144,393
test,colon_n/colonn3244.jpeg,0,benign,colonn3244,colon_n,82,331
test,colon_n/colonn325.jpeg,0,benign,colonn325,colon_n,6,255
test,colon_n/colonn3257.jpeg,0,benign,colonn3257,colon_n,55,304
test,colon_n/colonn326.jpeg,0,benign,colonn326,colon_n,6,255
test,colon_n/colonn3268.jpeg,0,benign,colonn3268,colon_n,97,346
test,colon_n/colonn327.jpeg,0,benign,colonn327,colon_n,6,255
test,colon_n/colonn3278.jpeg,0,benign,colonn3278,colon_n,136,385
test,colon_n/colonn3286.jpeg,0,benign,colonn3286,colon_n,82,331
test,colon_n/colonn3288.jpeg,0,benign,colonn3288,colon_n,15,264
test,colon_n/colonn3293.jpeg,0,benign,colonn3293,colon_n,229,478
test,colon_n/colonn330.jpeg,0,benign,colonn330,colon_n,132,381
test,colon_n/colonn3301.jpeg,0,benign,colonn3301,colon_n,159,408
test,colon_n/colonn332.jpeg,0,benign,colonn332,colon_n,137,386
test,colon_n/colonn3322.jpeg,0,benign,colonn3322,colon_n,73,322
test,colon_n/colonn3328.jpeg,0,benign,colonn3328,colon_n,181,430
test,colon_n/colonn3333.jpeg,0,benign,colonn3333,colon_n,182,431
test,colon_n/colonn3344.jpeg,0,benign,colonn3344,colon_n,18,267
test,colon_n/colonn336.jpeg,0,benign,colonn336,colon_n,73,322
test,colon_n/colonn3372.jpeg,0,benign,colonn3372,colon_n,159,408
test,colon_n/colonn338.jpeg,0,benign,colonn338,colon_n,144,393
test,colon_n/colonn3381.jpeg,0,benign,colonn3381,colon_n,6,255
test,colon_n/colonn3382.jpeg,0,benign,colonn3382,colon_n,137,386
test,colon_n/colonn339.jpeg,0,benign,colonn339,colon_n,19,268
test,colon_n/colonn3394.jpeg,0,benign,colonn3394,colon_n,117,366
test,colon_n/colonn3420.jpeg,0,benign,colonn3420,colon_n,243,492
test,colon_n/colonn3445.jpeg,0,benign,colonn3445,colon_n,127,376
test,colon_n/colonn346.jpeg,0,benign,colonn346,colon_n,117,366
test,colon_n/colonn3460.jpeg,0,benign,colonn3460,colon_n,18,267
test,colon_n/colonn3465.jpeg,0,benign,colonn3465,colon_n,82,331
test,colon_n/colonn3473.jpeg,0,benign,colonn3473,colon_n,229,478
test,colon_n/colonn3479.jpeg,0,benign,colonn3479,colon_n,112,361
test,colon_n/colonn3481.jpeg,0,benign,colonn3481,colon_n,55,304
test,colon_n/colonn3484.jpeg,0,benign,colonn3484,colon_n,6,255
test,colon_n/colonn3490.jpeg,0,benign,colonn3490,colon_n,137,386
test,colon_n/colonn3497.jpeg,0,benign,colonn3497,colon_n,97,346
test,colon_n/colonn3499.jpeg,0,benign,colonn3499,colon_n,144,393
test,colon_n/colonn3500.jpeg,0,benign,colonn3500,colon_n,200,449
test,colon_n/colonn3506.jpeg,0,benign,colonn3506,colon_n,127,376
test,colon_n/colonn3510.jpeg,0,benign,colonn3510,colon_n,136,385
test,colon_n/colonn3514.jpeg,0,benign,colonn3514,colon_n,25,274
test,colon_n/colonn3522.jpeg,0,benign,colonn3522,colon_n,146,395
test,colon_n/colonn3524.jpeg,0,benign,colonn3524,colon_n,96,345
test,colon_n/colonn3544.jpeg,0,benign,colonn3544,colon_n,159,408
test,colon_n/colonn3547.jpeg,0,benign,colonn3547,colon_n,197,446
test,colon_n/colonn3554.jpeg,0,benign,colonn3554,colon_n,132,381
test,colon_n/colonn3556.jpeg,0,benign,colonn3556,colon_n,186,435
test,colon_n/colonn3562.jpeg,0,benign,colonn3562,colon_n,97,346
test,colon_n/colonn3565.jpeg,0,benign,colonn3565,colon_n,19,268
test,colon_n/colonn3566.jpeg,0,benign,colonn3566,colon_n,69,318
test,colon_n/colonn357.jpeg,0,benign,colonn357,colon_n,140,389
test,colon_n/colonn3581.jpeg,0,benign,colonn3581,colon_n,18,267
test,colon_n/colonn3616.jpeg,0,benign,colonn3616,colon_n,197,446
test,colon_n/colonn3617.jpeg,0,benign,colonn3617,colon_n,197,446
test,colon_n/colonn362.jpeg,0,benign,colonn362,colon_n,146,395
test,colon_n/colonn3624.jpeg,0,benign,colonn3624,colon_n,144,393
test,colon_n/colonn3625.jpeg,0,benign,colonn3625,colon_n,19,268
test,colon_n/colonn3628.jpeg,0,benign,colonn3628,colon_n,127,376
test,colon_n/colonn363.jpeg,0,benign,colonn363,colon_n,96,345
test,colon_n/colonn3630.jpeg,0,benign,colonn3630,colon_n,136,385
test,colon_n/colonn364.jpeg,0,benign,colonn364,colon_n,82,331
test,colon_n/colonn3641.jpeg,0,benign,colonn3641,colon_n,140,389
test,colon_n/colonn3651.jpeg,0,benign,colonn3651,colon_n,15,264
test,colon_n/colonn3656.jpeg,0,benign,colonn3656,colon_n,66,315
test,colon_n/colonn367.jpeg,0,benign,colonn367,colon_n,15,264
test,colon_n/colonn3679.jpeg,0,benign,colonn3679,colon_n,200,449
test,colon_n/colonn3681.jpeg,0,benign,colonn3681,colon_n,127,376
test,colon_n/colonn3684.jpeg,0,benign,colonn3684,colon_n,117,366
test,colon_n/colonn3685.jpeg,0,benign,colonn3685,colon_n,25,274
test,colon_n/colonn3686.jpeg,0,benign,colonn3686,colon_n,25,274
test,colon_n/colonn3694.jpeg,0,benign,colonn3694,colon_n,18,267
test,colon_n/colonn3703.jpeg,0,benign,colonn3703,colon_n,66,315
test,colon_n/colonn3712.jpeg,0,benign,colonn3712,colon_n,108,357
test,colon_n/colonn3713.jpeg,0,benign,colonn3713,colon_n,108,357
test,colon_n/colonn3726.jpeg,0,benign,colonn3726,colon_n,137,386
test,colon_n/colonn3727.jpeg,0,benign,colonn3727,colon_n,186,435
test,colon_n/colonn3738.jpeg,0,benign,colonn3738,colon_n,200,449
test,colon_n/colonn3739.jpeg,0,benign,colonn3739,colon_n,200,449
test,colon_n/colonn3741.jpeg,0,benign,colonn3741,colon_n,69,318
test,colon_n/colonn3747.jpeg,0,benign,colonn3747,colon_n,84,333
test,colon_n/colonn375.jpeg,0,benign,colonn375,colon_n,243,492
test,colon_n/colonn378.jpeg,0,benign,colonn378,colon_n,60,309
test,colon_n/colonn3780.jpeg,0,benign,colonn3780,colon_n,173,422
test,colon_n/colonn3798.jpeg,0,benign,colonn3798,colon_n,97,346
test,colon_n/colonn3799.jpeg,0,benign,colonn3799,colon_n,97,346
test,colon_n/colonn3801.jpeg,0,benign,colonn3801,colon_n,69,318
test,colon_n/colonn3805.jpeg,0,benign,colonn3805,colon_n,25,274
test,colon_n/colonn3812.jpeg,0,benign,colonn3812,colon_n,18,267
test,colon_n/colonn3814.jpeg,0,benign,colonn3814,colon_n,231,480
test,colon_n/colonn3815.jpeg,0,benign,colonn3815,colon_n,231,480
test,colon_n/colonn3818.jpeg,0,benign,colonn3818,colon_n,82,331
test,colon_n/colonn3834.jpeg,0,benign,colonn3834,colon_n,173,422
test,colon_n/colonn3843.jpeg,0,benign,colonn3843,colon_n,186,435
test,colon_n/colonn3844.jpeg,0,benign,colonn3844,colon_n,186,435
test,colon_n/colonn3856.jpeg,0,benign,colonn3856,colon_n,69,318
test,colon_n/colonn3861.jpeg,0,benign,colonn3861,colon_n,136,385
test,colon_n/colonn3863.jpeg,0,benign,colonn3863,colon_n,25,274
test,colon_n/colonn387.jpeg,0,benign,colonn387,colon_n,6,255
test,colon_n/colonn3876.jpeg,0,benign,colonn3876,colon_n,150,399
test,colon_n/colonn3877.jpeg,0,benign,colonn3877,colon_n,150,399
test,colon_n/colonn3884.jpeg,0,benign,colonn3884,colon_n,66,315
test,colon_n/colonn3889.jpeg,0,benign,colonn3889,colon_n,243,492
test,colon_n/colonn39.jpeg,0,benign,colonn39,colon_n,117,366
test,colon_n/colonn3909.jpeg,0,benign,colonn3909,colon_n,73,322
test,colon_n/colonn3915.jpeg,0,benign,colonn3915,colon_n,127,376
test,colon_n/colonn3919.jpeg,0,benign,colonn3919,colon_n,117,366
test,colon_n/colonn392.jpeg,0,benign,colonn392,colon_n,132,381
test,colon_n/colonn3930.jpeg,0,benign,colonn3930,colon_n,146,395
test,colon_n/colonn3931.jpeg,0,benign,colonn3931,colon_n,146,395
test,colon_n/colonn3932.jpeg,0,benign,colonn3932,colon_n,96,345
test,colon_n/colonn3933.jpeg,0,benign,colonn3933,colon_n,82,331
test,colon_n/colonn3953.jpeg,0,benign,colonn3953,colon_n,108,357
test,colon_n/colonn396.jpeg,0,benign,colonn396,colon_n,19,268
test,colon_n/colonn3969.jpeg,0,benign,colonn3969,colon_n,200,449
test,colon_n/colonn3976.jpeg,0,benign,colonn3976,colon_n,136,385
test,colon_n/colonn400.jpeg,0,benign,colonn400,colon_n,127,376
test,colon_n/colonn4002.jpeg,0,benign,colonn4002,colon_n,173,422
test,colon_n/colonn4006.jpeg,0,benign,colonn4006,colon_n,60,309
test,colon_n/colonn4017.jpeg,0,benign,colonn4017,colon_n,132,381
test,colon_n/colonn402.jpeg,0,benign,colonn402,colon_n,117,366
test,colon_n/colonn4024.jpeg,0,benign,colonn4024,colon_n,97,346
test,colon_n/colonn4025.jpeg,0,benign,colonn4025,colon_n,200,449
test,colon_n/colonn4026.jpeg,0,benign,colonn4026,colon_n,19,268
test,colon_n/colonn4029.jpeg,0,benign,colonn4029,colon_n,127,376
test,colon_n/colonn4030.jpeg,0,benign,colonn4030,colon_n,127,376
test,colon_n/colonn4039.jpeg,0,benign,colonn4039,colon_n,84,333
test,colon_n/colonn4049.jpeg,0,benign,colonn4049,colon_n,140,389
test,colon_n/colonn406.jpeg,0,benign,colonn406,colon_n,182,431
test,colon_n/colonn4067.jpeg,0,benign,colonn4067,colon_n,243,492
test,colon_n/colonn4068.jpeg,0,benign,colonn4068,colon_n,243,492
test,colon_n/colonn407.jpeg,0,benign,colonn407,colon_n,182,431
test,colon_n/colonn4070.jpeg,0,benign,colonn4070,colon_n,173,422
test,colon_n/colonn4079.jpeg,0,benign,colonn4079,colon_n,132,381
test,colon_n/colonn4095.jpeg,0,benign,colonn4095,colon_n,84,333
test,colon_n/colonn4100.jpeg,0,benign,colonn4100,colon_n,140,389
test,colon_n/colonn4104.jpeg,0,benign,colonn4104,colon_n,146,395
test,colon_n/colonn4116.jpeg,0,benign,colonn4116,colon_n,66,315
test,colon_n/colonn412.jpeg,0,benign,colonn412,colon_n,18,267
test,colon_n/colonn413.jpeg,0,benign,colonn413,colon_n,18,267
test,colon_n/colonn4131.jpeg,0,benign,colonn4131,colon_n,6,255
test,colon_n/colonn4135.jpeg,0,benign,colonn4135,colon_n,186,435
test,colon_n/colonn4143.jpeg,0,benign,colonn4143,colon_n,69,318
test,colon_n/colonn4147.jpeg,0,benign,colonn4147,colon_n,117,366
test,colon_n/colonn4148.jpeg,0,benign,colonn4148,colon_n,136,385
test,colon_n/colonn415.jpeg,0,benign,colonn415,colon_n,15,264
test,colon_n/colonn4156.jpeg,0,benign,colonn4156,colon_n,18,267
test,colon_n/colonn4157.jpeg,0,benign,colonn4157,colon_n,18,267
test,colon_n/colonn4158.jpeg,0,benign,colonn4158,colon_n,18,267
test,colon_n/colonn4159.jpeg,0,benign,colonn4159,colon_n,231,480
test,colon_n/colonn4160.jpeg,0,benign,colonn4160,colon_n,140,389
test,colon_n/colonn4186.jpeg,0,benign,colonn4186,colon_n,197,446
test,colon_n/colonn4191.jpeg,0,benign,colonn4191,colon_n,132,381
test,colon_n/colonn4200.jpeg,0,benign,colonn4200,colon_n,200,449
test,colon_n/colonn4207.jpeg,0,benign,colonn4207,colon_n,136,385
test,colon_n/colonn4216.jpeg,0,benign,colonn4216,colon_n,96,345
test,colon_n/colonn4217.jpeg,0,benign,colonn4217,colon_n,96,345
test,colon_n/colonn4236.jpeg,0,benign,colonn4236,colon_n,108,357
test,colon_n/colonn4239.jpeg,0,benign,colonn4239,colon_n,60,309
test,colon_n/colonn4250.jpeg,0,benign,colonn4250,colon_n,186,435
test,colon_n/colonn4265.jpeg,0,benign,colonn4265,colon_n,136,385
test,colon_n/colonn4267.jpeg,0,benign,colonn4267,colon_n,25,274
test,colon_n/colonn4277.jpeg,0,benign,colonn4277,colon_n,82,331
test,colon_n/colonn4283.jpeg,0,benign,colonn4283,colon_n,15,264
test,colon_n/colonn4292.jpeg,0,benign,colonn4292,colon_n,229,478
test,colon_n/colonn4303.jpeg,0,benign,colonn4303,colon_n,60,309
test,colon_n/colonn4304.jpeg,0,benign,colonn4304,colon_n,60,309
test,colon_n/colonn431.jpeg,0,benign,colonn431,colon_n,159,408
test,colon_n/colonn4314.jpeg,0,benign,colonn4314,colon_n,186,435
test,colon_n/colonn432.jpeg,0,benign,colonn432,colon_n,159,408
test,colon_n/colonn4320.jpeg,0,benign,colonn4320,colon_n,127,376
test,colon_n/colonn4322.jpeg,0,benign,colonn4322,colon_n,84,333
test,colon_n/colonn4336.jpeg,0,benign,colonn4336,colon_n,15,264
test,colon_n/colonn4338.jpeg,0,benign,colonn4338,colon_n,150,399
test,colon_n/colonn4356.jpeg,0,benign,colonn4356,colon_n,159,408
test,colon_n/colonn4362.jpeg,0,benign,colonn4362,colon_n,186,435
test,colon_n/colonn4373.jpeg,0,benign,colonn4373,colon_n,73,322
test,colon_n/colonn4376.jpeg,0,benign,colonn4376,colon_n,69,318
test,colon_n/colonn4389.jpeg,0,benign,colonn4389,colon_n,146,395
test,colon_n/colonn441.jpeg,0,benign,colonn441,colon_n,6,255
test,colon_n/colonn4413.jpeg,0,benign,colonn4413,colon_n,60,309
test,colon_n/colonn4423.jpeg,0,benign,colonn4423,colon_n,6,255
test,colon_n/colonn444.jpeg,0,benign,colonn444,colon_n,137,386
test,colon_n/colonn4464.jpeg,0,benign,colonn4464,colon_n,229,478
test,colon_n/colonn4469.jpeg,0,benign,colonn4469,colon_n,243,492
test,colon_n/colonn4473.jpeg,0,benign,colonn4473,colon_n,112,361
test,colon_n/colonn4474.jpeg,0,benign,colonn4474,colon_n,112,361
test,colon_n/colonn4484.jpeg,0,benign,colonn4484,colon_n,73,322
test,colon_n/colonn4485.jpeg,0,benign,colonn4485,colon_n,73,322
test,colon_n/colonn4486.jpeg,0,benign,colonn4486,colon_n,73,322
test,colon_n/colonn4487.jpeg,0,benign,colonn4487,colon_n,144,393
test,colon_n/colonn453.jpeg,0,benign,colonn453,colon_n,144,393
test,colon_n/colonn4530.jpeg,0,benign,colonn4530,colon_n,173,422
test,colon_n/colonn4531.jpeg,0,benign,colonn4531,colon_n,173,422
test,colon_n/colonn4545.jpeg,0,benign,colonn4545,colon_n,137,386
test,colon_n/colonn4561.jpeg,0,benign,colonn4561,colon_n,136,385
test,colon_n/colonn4564.jpeg,0,benign,colonn4564,colon_n,84,333
test,colon_n/colonn4565.jpeg,0,benign,colonn4565,colon_n,84,333
test,colon_n/colonn457.jpeg,0,benign,colonn457,colon_n,117,366
test,colon_n/colonn4571.jpeg,0,benign,colonn4571,colon_n,96,345
test,colon_n/colonn4573.jpeg,0,benign,colonn4573,colon_n,15,264
test,colon_n/colonn458.jpeg,0,benign,colonn458,colon_n,136,385
test,colon_n/colonn4589.jpeg,0,benign,colonn4589,colon_n,243,492
test,colon_n/colonn4603.jpeg,0,benign,colonn4603,colon_n,97,346
test,colon_n/colonn4604.jpeg,0,benign,colonn4604,colon_n,144,393
test,colon_n/colonn4605.jpeg,0,benign,colonn4605,colon_n,144,393
test,colon_n/colonn4608.jpeg,0,benign,colonn4608,colon_n,19,268
test,colon_n/colonn4612.jpeg,0,benign,colonn4612,colon_n,127,376
test,colon_n/colonn4613.jpeg,0,benign,colonn4613,colon_n,127,376
test,colon_n/colonn4615.jpeg,0,benign,colonn4615,colon_n,181,430
test,colon_n/colonn4634.jpeg,0,benign,colonn4634,colon_n,15,264
test,colon_n/colonn4638.jpeg,0,benign,colonn4638,colon_n,150,399
test,colon_n/colonn4645.jpeg,0,benign,colonn4645,colon_n,66,315
test,colon_n/colonn465.jpeg,0,benign,colonn465,colon_n,231,480
test,colon_n/colonn4652.jpeg,0,benign,colonn4652,colon_n,108,357
test,colon_n/colonn4653.jpeg,0,benign,colonn4653,colon_n,112,361
test,colon_n/colonn4655.jpeg,0,benign,colonn4655,colon_n,159,408
test,colon_n/colonn466.jpeg,0,benign,colonn466,colon_n,231,480
test,colon_n/colonn4660.jpeg,0,benign,colonn4660,colon_n,132,381
test,colon_n/colonn4666.jpeg,0,benign,colonn4666,colon_n,200,449
test,colon_n/colonn4667.jpeg,0,benign,colonn4667,colon_n,200,449
test,colon_n/colonn467.jpeg,0,benign,colonn467,colon_n,231,480
test,colon_n/colonn4687.jpeg,0,benign,colonn4687,colon_n,140,389
test,colon_n/colonn4694.jpeg,0,benign,colonn4694,colon_n,229,478
test,colon_n/colonn4702.jpeg,0,benign,colonn4702,colon_n,108,357
test,colon_n/colonn4703.jpeg,0,benign,colonn4703,colon_n,108,357
test,colon_n/colonn4706.jpeg,0,benign,colonn4706,colon_n,60,309
test,colon_n/colonn4716.jpeg,0,benign,colonn4716,colon_n,186,435
test,colon_n/colonn4720.jpeg,0,benign,colonn4720,colon_n,97,346
test,colon_n/colonn4721.jpeg,0,benign,colonn4721,colon_n,97,346
test,colon_n/colonn4722.jpeg,0,benign,colonn4722,colon_n,73,322
test,colon_n/colonn4724.jpeg,0,benign,colonn4724,colon_n,200,449
test,colon_n/colonn4727.jpeg,0,benign,colonn4727,colon_n,19,268
test,colon_n/colonn4731.jpeg,0,benign,colonn4731,colon_n,84,333
test,colon_n/colonn4758.jpeg,0,benign,colonn4758,colon_n,173,422
test,colon_n/colonn4766.jpeg,0,benign,colonn4766,colon_n,159,408
test,colon_n/colonn4770.jpeg,0,benign,colonn4770,colon_n,55,304
test,colon_n/colonn4771.jpeg,0,benign,colonn4771,colon_n,55,304
test,colon_n/colonn4785.jpeg,0,benign,colonn4785,colon_n,73,322
test,colon_n/colonn4786.jpeg,0,benign,colonn4786,colon_n,69,318
test,colon_n/colonn4788.jpeg,0,benign,colonn4788,colon_n,247,496
test,colon_n/colonn4795.jpeg,0,benign,colonn4795,colon_n,140,389
test,colon_n/colonn4798.jpeg,0,benign,colonn4798,colon_n,146,395
test,colon_n/colonn4799.jpeg,0,benign,colonn4799,colon_n,96,345
test,colon_n/colonn4801.jpeg,0,benign,colonn4801,colon_n,15,264
test,colon_n/colonn4815.jpeg,0,benign,colonn4815,colon_n,60,309
test,colon_n/colonn4816.jpeg,0,benign,colonn4816,colon_n,112,361
test,colon_n/colonn483.jpeg,0,benign,colonn483,colon_n,108,357
test,colon_n/colonn4831.jpeg,0,benign,colonn4831,colon_n,19,268
test,colon_n/colonn4833.jpeg,0,benign,colonn4833,colon_n,127,376
test,colon_n/colonn4835.jpeg,0,benign,colonn4835,colon_n,181,430
test,colon_n/colonn4836.jpeg,0,benign,colonn4836,colon_n,117,366
test,colon_n/colonn4837.jpeg,0,benign,colonn4837,colon_n,117,366
test,colon_n/colonn484.jpeg,0,benign,colonn484,colon_n,173,422
test,colon_n/colonn4840.jpeg,0,benign,colonn4840,colon_n,25,274
test,colon_n/colonn4844.jpeg,0,benign,colonn4844,colon_n,18,267
test,colon_n/colonn4861.jpeg,0,benign,colonn4861,colon_n,108,357
test,colon_n/colonn4877.jpeg,0,benign,colonn4877,colon_n,132,381
test,colon_n/colonn4878.jpeg,0,benign,colonn4878,colon_n,132,381
test,colon_n/colonn4880.jpeg,0,benign,colonn4880,colon_n,186,435
test,colon_n/colonn4893.jpeg,0,benign,colonn4893,colon_n,127,376
test,colon_n/colonn4896.jpeg,0,benign,colonn4896,colon_n,136,385
test,colon_n/colonn4907.jpeg,0,benign,colonn4907,colon_n,150,399
test,colon_n/colonn4917.jpeg,0,benign,colonn4917,colon_n,173,422
test,colon_n/colonn4923.jpeg,0,benign,colonn4923,colon_n,55,304
test,colon_n/colonn4924.jpeg,0,benign,colonn4924,colon_n,55,304
test,colon_n/colonn4938.jpeg,0,benign,colonn4938,colon_n,144,393
test,colon_n/colonn495.jpeg,0,benign,colonn495,colon_n,132,381
test,colon_n/colonn496.jpeg,0,benign,colonn496,colon_n,132,381
test,colon_n/colonn4960.jpeg,0,benign,colonn4960,colon_n,146,395
test,colon_n/colonn4974.jpeg,0,benign,colonn4974,colon_n,60,309
test,colon_n/colonn4995.jpeg,0,benign,colonn4995,colon_n,73,322
test,colon_n/colonn507.jpeg,0,benign,colonn507,colon_n,97,346
test,colon_n/colonn510.jpeg,0,benign,colonn510,colon_n,69,318
test,colon_n/colonn511.jpeg,0,benign,colonn511,colon_n,127,376
test,colon_n/colonn519.jpeg,0,benign,colonn519,colon_n,182,431
test,colon_n/colonn52.jpeg,0,benign,colonn52,colon_n,140,389
test,colon_n/colonn527.jpeg,0,benign,colonn527,colon_n,231,480
test,colon_n/colonn528.jpeg,0,benign,colonn528,colon_n,231,480
test,colon_n/colonn531.jpeg,0,benign,colonn531,colon_n,96,345
test,colon_n/colonn552.jpeg,0,benign,colonn552,colon_n,112,361
test,colon_n/colonn555.jpeg,0,benign,colonn555,colon_n,197,446
test,colon_n/colonn561.jpeg,0,benign,colonn561,colon_n,144,393
test,colon_n/colonn562.jpeg,0,benign,colonn562,colon_n,200,449
test,colon_n/colonn565.jpeg,0,benign,colonn565,colon_n,69,318
test,colon_n/colonn577.jpeg,0,benign,colonn577,colon_n,140,389
test,colon_n/colonn593.jpeg,0,benign,colonn593,colon_n,243,492
test,colon_n/colonn599.jpeg,0,benign,colonn599,colon_n,159,408
test,colon_n/colonn609.jpeg,0,benign,colonn609,colon_n,6,255
test,colon_n/colonn614.jpeg,0,benign,colonn614,colon_n,132,381
test,colon_n/colonn615.jpeg,0,benign,colonn615,colon_n,132,381
test,colon_n/colonn616.jpeg,0,benign,colonn616,colon_n,186,435
test,colon_n/colonn625.jpeg,0,benign,colonn625,colon_n,73,322
test,colon_n/colonn626.jpeg,0,benign,colonn626,colon_n,73,322
test,colon_n/colonn627.jpeg,0,benign,colonn627,colon_n,200,449
test,colon_n/colonn634.jpeg,0,benign,colonn634,colon_n,117,366
test,colon_n/colonn652.jpeg,0,benign,colonn652,colon_n,96,345
test,colon_n/colonn657.jpeg,0,benign,colonn657,colon_n,15,264
test,colon_n/colonn671.jpeg,0,benign,colonn671,colon_n,243,492
test,colon_n/colonn673.jpeg,0,benign,colonn673,colon_n,173,422
test,colon_n/colonn683.jpeg,0,benign,colonn683,colon_n,6,255
test,colon_n/colonn689.jpeg,0,benign,colonn689,colon_n,97,346
test,colon_n/colonn690.jpeg,0,benign,colonn690,colon_n,200,449
test,colon_n/colonn691.jpeg,0,benign,colonn691,colon_n,200,449
test,colon_n/colonn696.jpeg,0,benign,colonn696,colon_n,127,376
test,colon_n/colonn698.jpeg,0,benign,colonn698,colon_n,84,333
test,colon_n/colonn7.jpeg,0,benign,colonn7,colon_n,140,389
test,colon_n/colonn705.jpeg,0,benign,colonn705,colon_n,18,267
test,colon_n/colonn721.jpeg,0,benign,colonn721,colon_n,243,492
test,colon_n/colonn724.jpeg,0,benign,colonn724,colon_n,108,357
test,colon_n/colonn741.jpeg,0,benign,colonn741,colon_n,186,435
test,colon_n/colonn752.jpeg,0,benign,colonn752,colon_n,19,268
test,colon_n/colonn753.jpeg,0,benign,colonn753,colon_n,19,268
test,colon_n/colonn756.jpeg,0,benign,colonn756,colon_n,181,430
test,colon_n/colonn76.jpeg,0,benign,colonn76,colon_n,173,422
test,colon_n/colonn763.jpeg,0,benign,colonn763,colon_n,182,431
test,colon_n/colonn772.jpeg,0,benign,colonn772,colon_n,82,331
test,colon_n/colonn777.jpeg,0,benign,colonn777,colon_n,15,264
test,colon_n/colonn788.jpeg,0,benign,colonn788,colon_n,229,478
test,colon_n/colonn796.jpeg,0,benign,colonn796,colon_n,108,357
test,colon_n/colonn799.jpeg,0,benign,colonn799,colon_n,55,304
test,colon_n/colonn811.jpeg,0,benign,colonn811,colon_n,186,435
test,colon_n/colonn817.jpeg,0,benign,colonn817,colon_n,25,274
test,colon_n/colonn827.jpeg,0,benign,colonn827,colon_n,82,331
test,colon_n/colonn829.jpeg,0,benign,colonn829,colon_n,15,264
test,colon_n/colonn840.jpeg,0,benign,colonn840,colon_n,66,315
test,colon_n/colonn847.jpeg,0,benign,colonn847,colon_n,173,422
test,colon_n/colonn852.jpeg,0,benign,colonn852,colon_n,112,361
test,colon_n/colonn853.jpeg,0,benign,colonn853,colon_n,112,361
test,colon_n/colonn856.jpeg,0,benign,colonn856,colon_n,55,304
test,colon_n/colonn860.jpeg,0,benign,colonn860,colon_n,137,386
test,colon_n/colonn866.jpeg,0,benign,colonn866,colon_n,144,393
test,colon_n/colonn870.jpeg,0,benign,colonn870,colon_n,117,366
test,colon_n/colonn871.jpeg,0,benign,colonn871,colon_n,136,385
test,colon_n/colonn90.jpeg,0,benign,colonn90,colon_n,197,446
test,colon_n/colonn902.jpeg,0,benign,colonn902,colon_n,108,357
test,colon_n/colonn910.jpeg,0,benign,colonn910,colon_n,197,446
test,colon_n/colonn950.jpeg,0,benign,colonn950,colon_n,229,478
test,colon_n/colonn960.jpeg,0,benign,colonn960,colon_n,112,361
test,colon_n/colonn962.jpeg,0,benign,colonn962,colon_n,159,408
test,colon_n/colonn963.jpeg,0,benign,colonn963,colon_n,159,408
test,colon_n/colonn97.jpeg,0,benign,colonn97,colon_n,223,472
test,colon_n/colonn975.jpeg,0,benign,colonn975,colon_n,97,346
test,colon_n/colonn977.jpeg,0,benign,colonn977,colon_n,255,504
test,colon_n/colonn98.jpeg,0,benign,colonn98,colon_n,223,472
test,colon_n/colonn985.jpeg,0,benign,colonn985,colon_n,181,430
test,colon_n/colonn987.jpeg,0,benign,colonn987,colon_n,117,366
test,colon_n/colonn988.jpeg,0,benign,colonn988,colon_n,136,385
test,colon_n/colonn999.jpeg,0,benign,colonn999,colon_n,96,345
test,colon_aca/colonca100.jpeg,1,adenocarcinoma,colonca100,colon_aca,69,69
test,colon_aca/colonca1005.jpeg,1,adenocarcinoma,colonca1005,colon_aca,6,6
test,colon_aca/colonca1011.jpeg,1,adenocarcinoma,colonca1011,colon_aca,119,119
test,colon_aca/colonca1016.jpeg,1,adenocarcinoma,colonca1016,colon_aca,55,55
test,colon_aca/colonca1018.jpeg,1,adenocarcinoma,colonca1018,colon_aca,183,183
test,colon_aca/colonca1022.jpeg,1,adenocarcinoma,colonca1022,colon_aca,139,139
test,colon_aca/colonca1023.jpeg,1,adenocarcinoma,colonca1023,colon_aca,139,139
test,colon_aca/colonca1034.jpeg,1,adenocarcinoma,colonca1034,colon_aca,117,117
test,colon_aca/colonca1035.jpeg,1,adenocarcinoma,colonca1035,colon_aca,15,15
test,colon_aca/colonca1045.jpeg,1,adenocarcinoma,colonca1045,colon_aca,148,148
test,colon_aca/colonca1046.jpeg,1,adenocarcinoma,colonca1046,colon_aca,66,66
test,colon_aca/colonca1047.jpeg,1,adenocarcinoma,colonca1047,colon_aca,109,109
test,colon_aca/colonca1056.jpeg,1,adenocarcinoma,colonca1056,colon_aca,6,6
test,colon_aca/colonca1067.jpeg,1,adenocarcinoma,colonca1067,colon_aca,55,55
test,colon_aca/colonca1070.jpeg,1,adenocarcinoma,colonca1070,colon_aca,200,200
test,colon_aca/colonca1083.jpeg,1,adenocarcinoma,colonca1083,colon_aca,19,19
test,colon_aca/colonca1104.jpeg,1,adenocarcinoma,colonca1104,colon_aca,69,69
test,colon_aca/colonca111.jpeg,1,adenocarcinoma,colonca111,colon_aca,6,6
test,colon_aca/colonca1124.jpeg,1,adenocarcinoma,colonca1124,colon_aca,55,55
test,colon_aca/colonca1137.jpeg,1,adenocarcinoma,colonca1137,colon_aca,215,215
test,colon_aca/colonca1147.jpeg,1,adenocarcinoma,colonca1147,colon_aca,15,15
test,colon_aca/colonca1155.jpeg,1,adenocarcinoma,colonca1155,colon_aca,154,154
test,colon_aca/colonca1158.jpeg,1,adenocarcinoma,colonca1158,colon_aca,223,223
test,colon_aca/colonca1159.jpeg,1,adenocarcinoma,colonca1159,colon_aca,109,109
test,colon_aca/colonca1160.jpeg,1,adenocarcinoma,colonca1160,colon_aca,69,69
test,colon_aca/colonca1163.jpeg,1,adenocarcinoma,colonca1163,colon_aca,140,140
test,colon_aca/colonca1164.jpeg,1,adenocarcinoma,colonca1164,colon_aca,155,155
test,colon_aca/colonca1168.jpeg,1,adenocarcinoma,colonca1168,colon_aca,137,137
test,colon_aca/colonca1189.jpeg,1,adenocarcinoma,colonca1189,colon_aca,119,119
test,colon_aca/colonca1191.jpeg,1,adenocarcinoma,colonca1191,colon_aca,55,55
test,colon_aca/colonca1199.jpeg,1,adenocarcinoma,colonca1199,colon_aca,233,233
test,colon_aca/colonca1211.jpeg,1,adenocarcinoma,colonca1211,colon_aca,232,232
test,colon_aca/colonca1220.jpeg,1,adenocarcinoma,colonca1220,colon_aca,114,114
test,colon_aca/colonca1226.jpeg,1,adenocarcinoma,colonca1226,colon_aca,109,109
test,colon_aca/colonca1227.jpeg,1,adenocarcinoma,colonca1227,colon_aca,60,60
test,colon_aca/colonca1241.jpeg,1,adenocarcinoma,colonca1241,colon_aca,119,119
test,colon_aca/colonca1247.jpeg,1,adenocarcinoma,colonca1247,colon_aca,181,181
test,colon_aca/colonca125.jpeg,1,adenocarcinoma,colonca125,colon_aca,159,159
test,colon_aca/colonca1250.jpeg,1,adenocarcinoma,colonca1250,colon_aca,159,159
test,colon_aca/colonca1255.jpeg,1,adenocarcinoma,colonca1255,colon_aca,246,246
test,colon_aca/colonca1258.jpeg,1,adenocarcinoma,colonca1258,colon_aca,97,97
test,colon_aca/colonca1259.jpeg,1,adenocarcinoma,colonca1259,colon_aca,97,97
test,colon_aca/colonca1261.jpeg,1,adenocarcinoma,colonca1261,colon_aca,111,111
test,colon_aca/colonca1262.jpeg,1,adenocarcinoma,colonca1262,colon_aca,111,111
test,colon_aca/colonca129.jpeg,1,adenocarcinoma,colonca129,colon_aca,97,97
test,colon_aca/colonca1293.jpeg,1,adenocarcinoma,colonca1293,colon_aca,137,137
test,colon_aca/colonca13.jpeg,1,adenocarcinoma,colonca13,colon_aca,119,119
test,colon_aca/colonca1302.jpeg,1,adenocarcinoma,colonca1302,colon_aca,199,199
test,colon_aca/colonca1333.jpeg,1,adenocarcinoma,colonca1333,colon_aca,114,114
test,colon_aca/colonca1336.jpeg,1,adenocarcinoma,colonca1336,colon_aca,109,109
test,colon_aca/colonca1338.jpeg,1,adenocarcinoma,colonca1338,colon_aca,236,236
test,colon_aca/colonca1351.jpeg,1,adenocarcinoma,colonca1351,colon_aca,6,6
test,colon_aca/colonca1353.jpeg,1,adenocarcinoma,colonca1353,colon_aca,18,18
test,colon_aca/colonca1354.jpeg,1,adenocarcinoma,colonca1354,colon_aca,119,119
test,colon_aca/colonca1355.jpeg,1,adenocarcinoma,colonca1355,colon_aca,119,119
test,colon_aca/colonca1360.jpeg,1,adenocarcinoma,colonca1360,colon_aca,184,184
test,colon_aca/colonca1361.jpeg,1,adenocarcinoma,colonca1361,colon_aca,184,184
test,colon_aca/colonca1372.jpeg,1,adenocarcinoma,colonca1372,colon_aca,139,139
test,colon_aca/colonca1382.jpeg,1,adenocarcinoma,colonca1382,colon_aca,117,117
test,colon_aca/colonca1383.jpeg,1,adenocarcinoma,colonca1383,colon_aca,117,117
test,colon_aca/colonca1390.jpeg,1,adenocarcinoma,colonca1390,colon_aca,114,114
test,colon_aca/colonca1393.jpeg,1,adenocarcinoma,colonca1393,colon_aca,109,109
test,colon_aca/colonca1398.jpeg,1,adenocarcinoma,colonca1398,colon_aca,140,140
test,colon_aca/colonca1399.jpeg,1,adenocarcinoma,colonca1399,colon_aca,137,137
test,colon_aca/colonca1415.jpeg,1,adenocarcinoma,colonca1415,colon_aca,18,18
test,colon_aca/colonca1423.jpeg,1,adenocarcinoma,colonca1423,colon_aca,181,181
test,colon_aca/colonca1427.jpeg,1,adenocarcinoma,colonca1427,colon_aca,159,159
test,colon_aca/colonca1428.jpeg,1,adenocarcinoma,colonca1428,colon_aca,200,200
test,colon_aca/colonca1430.jpeg,1,adenocarcinoma,colonca1430,colon_aca,215,215
test,colon_aca/colonca1433.jpeg,1,adenocarcinoma,colonca1433,colon_aca,233,233
test,colon_aca/colonca1434.jpeg,1,adenocarcinoma,colonca1434,colon_aca,96,96
test,colon_aca/colonca1442.jpeg,1,adenocarcinoma,colonca1442,colon_aca,15,15
test,colon_aca/colonca1450.jpeg,1,adenocarcinoma,colonca1450,colon_aca,73,73
test,colon_aca/colonca1451.jpeg,1,adenocarcinoma,colonca1451,colon_aca,73,73
test,colon_aca/colonca1454.jpeg,1,adenocarcinoma,colonca1454,colon_aca,109,109
test,colon_aca/colonca1455.jpeg,1,adenocarcinoma,colonca1455,colon_aca,60,60
test,colon_aca/colonca147.jpeg,1,adenocarcinoma,colonca147,colon_aca,114,114
test,colon_aca/colonca1477.jpeg,1,adenocarcinoma,colonca1477,colon_aca,55,55
test,colon_aca/colonca148.jpeg,1,adenocarcinoma,colonca148,colon_aca,73,73
test,colon_aca/colonca1484.jpeg,1,adenocarcinoma,colonca1484,colon_aca,159,159
test,colon_aca/colonca1494.jpeg,1,adenocarcinoma,colonca1494,colon_aca,233,233
test,colon_aca/colonca15.jpeg,1,adenocarcinoma,colonca15,colon_aca,139,139
test,colon_aca/colonca151.jpeg,1,adenocarcinoma,colonca151,colon_aca,148,148
test,colon_aca/colonca1510.jpeg,1,adenocarcinoma,colonca1510,colon_aca,73,73
test,colon_aca/colonca1513.jpeg,1,adenocarcinoma,colonca1513,colon_aca,148,148
test,colon_aca/colonca1514.jpeg,1,adenocarcinoma,colonca1514,colon_aca,148,148
test,colon_aca/colonca1515.jpeg,1,adenocarcinoma,colonca1515,colon_aca,60,60
test,colon_aca/colonca1516.jpeg,1,adenocarcinoma,colonca1516,colon_aca,60,60
test,colon_aca/colonca1529.jpeg,1,adenocarcinoma,colonca1529,colon_aca,119,119
test,colon_aca/colonca1535.jpeg,1,adenocarcinoma,colonca1535,colon_aca,184,184
test,colon_aca/colonca1541.jpeg,1,adenocarcinoma,colonca1541,colon_aca,181,181
test,colon_aca/colonca1542.jpeg,1,adenocarcinoma,colonca1542,colon_aca,159,159
test,colon_aca/colonca1549.jpeg,1,adenocarcinoma,colonca1549,colon_aca,97,97
test,colon_aca/colonca1550.jpeg,1,adenocarcinoma,colonca1550,colon_aca,111,111
test,colon_aca/colonca1551.jpeg,1,adenocarcinoma,colonca1551,colon_aca,111,111
test,colon_aca/colonca157.jpeg,1,adenocarcinoma,colonca157,colon_aca,155,155
test,colon_aca/colonca1574.jpeg,1,adenocarcinoma,colonca1574,colon_aca,154,154
test,colon_aca/colonca1582.jpeg,1,adenocarcinoma,colonca1582,colon_aca,69,69
test,colon_aca/colonca1594.jpeg,1,adenocarcinoma,colonca1594,colon_aca,199,199
test,colon_aca/colonca1620.jpeg,1,adenocarcinoma,colonca1620,colon_aca,97,97
test,colon_aca/colonca1631.jpeg,1,adenocarcinoma,colonca1631,colon_aca,15,15
test,colon_aca/colonca1642.jpeg,1,adenocarcinoma,colonca1642,colon_aca,239,239
test,colon_aca/colonca1644.jpeg,1,adenocarcinoma,colonca1644,colon_aca,148,148
test,colon_aca/colonca1645.jpeg,1,adenocarcinoma,colonca1645,colon_aca,69,69
test,colon_aca/colonca1646.jpeg,1,adenocarcinoma,colonca1646,colon_aca,69,69
test,colon_aca/colonca1659.jpeg,1,adenocarcinoma,colonca1659,colon_aca,6,6
test,colon_aca/colonca167.jpeg,1,adenocarcinoma,colonca167,colon_aca,18,18
test,colon_aca/colonca1671.jpeg,1,adenocarcinoma,colonca1671,colon_aca,183,183
test,colon_aca/colonca1675.jpeg,1,adenocarcinoma,colonca1675,colon_aca,96,96
test,colon_aca/colonca1684.jpeg,1,adenocarcinoma,colonca1684,colon_aca,117,117
test,colon_aca/colonca1693.jpeg,1,adenocarcinoma,colonca1693,colon_aca,154,154
test,colon_aca/colonca1702.jpeg,1,adenocarcinoma,colonca1702,colon_aca,109,109
test,colon_aca/colonca1706.jpeg,1,adenocarcinoma,colonca1706,colon_aca,140,140
test,colon_aca/colonca1707.jpeg,1,adenocarcinoma,colonca1707,colon_aca,140,140
test,colon_aca/colonca1718.jpeg,1,adenocarcinoma,colonca1718,colon_aca,18,18
test,colon_aca/colonca1723.jpeg,1,adenocarcinoma,colonca1723,colon_aca,181,181
test,colon_aca/colonca1729.jpeg,1,adenocarcinoma,colonca1729,colon_aca,246,246
test,colon_aca/colonca1733.jpeg,1,adenocarcinoma,colonca1733,colon_aca,139,139
test,colon_aca/colonca174.jpeg,1,adenocarcinoma,colonca174,colon_aca,184,184
test,colon_aca/colonca1749.jpeg,1,adenocarcinoma,colonca1749,colon_aca,158,158
test,colon_aca/colonca1759.jpeg,1,adenocarcinoma,colonca1759,colon_aca,73,73
test,colon_aca/colonca1760.jpeg,1,adenocarcinoma,colonca1760,colon_aca,73,73
test,colon_aca/colonca1766.jpeg,1,adenocarcinoma,colonca1766,colon_aca,25,25
test,colon_aca/colonca1767.jpeg,1,adenocarcinoma,colonca1767,colon_aca,60,60
test,colon_aca/colonca1781.jpeg,1,adenocarcinoma,colonca1781,colon_aca,199,199
test,colon_aca/colonca1791.jpeg,1,adenocarcinoma,colonca1791,colon_aca,183,183
test,colon_aca/colonca1792.jpeg,1,adenocarcinoma,colonca1792,colon_aca,233,233
test,colon_aca/colonca1794.jpeg,1,adenocarcinoma,colonca1794,colon_aca,96,96
test,colon_aca/colonca1797.jpeg,1,adenocarcinoma,colonca1797,colon_aca,111,111
test,colon_aca/colonca1816.jpeg,1,adenocarcinoma,colonca1816,colon_aca,223,223
test,colon_aca/colonca1818.jpeg,1,adenocarcinoma,colonca1818,colon_aca,236,236
test,colon_aca/colonca1828.jpeg,1,adenocarcinoma,colonca1828,colon_aca,199,199
test,colon_aca/colonca1835.jpeg,1,adenocarcinoma,colonca1835,colon_aca,119,119
test,colon_aca/colonca1840.jpeg,1,adenocarcinoma,colonca1840,colon_aca,181,181
test,colon_aca/colonca1849.jpeg,1,adenocarcinoma,colonca1849,colon_aca,233,233
test,colon_aca/colonca1854.jpeg,1,adenocarcinoma,colonca1854,colon_aca,117,117
test,colon_aca/colonca1855.jpeg,1,adenocarcinoma,colonca1855,colon_aca,117,117
test,colon_aca/colonca1856.jpeg,1,adenocarcinoma,colonca1856,colon_aca,232,232
test,colon_aca/colonca1857.jpeg,1,adenocarcinoma,colonca1857,colon_aca,15,15
test,colon_aca/colonca186.jpeg,1,adenocarcinoma,colonca186,colon_aca,97,97
test,colon_aca/colonca1873.jpeg,1,adenocarcinoma,colonca1873,colon_aca,25,25
test,colon_aca/colonca1874.jpeg,1,adenocarcinoma,colonca1874,colon_aca,109,109
test,colon_aca/colonca1875.jpeg,1,adenocarcinoma,colonca1875,colon_aca,69,69
test,colon_aca/colonca1877.jpeg,1,adenocarcinoma,colonca1877,colon_aca,140,140
test,colon_aca/colonca188.jpeg,1,adenocarcinoma,colonca188,colon_aca,111,111
test,colon_aca/colonca1886.jpeg,1,adenocarcinoma,colonca1886,colon_aca,144,144
test,colon_aca/colonca1904.jpeg,1,adenocarcinoma,colonca1904,colon_aca,183,183
test,colon_aca/colonca1908.jpeg,1,adenocarcinoma,colonca1908,colon_aca,139,139
test,colon_aca/colonca1919.jpeg,1,adenocarcinoma,colonca1919,colon_aca,158,158
test,colon_aca/colonca193.jpeg,1,adenocarcinoma,colonca193,colon_aca,117,117
test,colon_aca/colonca1932.jpeg,1,adenocarcinoma,colonca1932,colon_aca,114,114
test,colon_aca/colonca1937.jpeg,1,adenocarcinoma,colonca1937,colon_aca,223,223
test,colon_aca/colonca1941.jpeg,1,adenocarcinoma,colonca1941,colon_aca,25,25
test,colon_aca/colonca1942.jpeg,1,adenocarcinoma,colonca1942,colon_aca,148,148
test,colon_aca/colonca1943.jpeg,1,adenocarcinoma,colonca1943,colon_aca,109,109
test,colon_aca/colonca1945.jpeg,1,adenocarcinoma,colonca1945,colon_aca,69,69
test,colon_aca/colonca1947.jpeg,1,adenocarcinoma,colonca1947,colon_aca,140,140
test,colon_aca/colonca1960.jpeg,1,adenocarcinoma,colonca1960,colon_aca,119,119
test,colon_aca/colonca1967.jpeg,1,adenocarcinoma,colonca1967,colon_aca,200,200
test,colon_aca/colonca1969.jpeg,1,adenocarcinoma,colonca1969,colon_aca,215,215
test,colon_aca/colonca1973.jpeg,1,adenocarcinoma,colonca1973,colon_aca,97,97
test,colon_aca/colonca1974.jpeg,1,adenocarcinoma,colonca1974,colon_aca,97,97
test,colon_aca/colonca1975.jpeg,1,adenocarcinoma,colonca1975,colon_aca,97,97
test,colon_aca/colonca1989.jpeg,1,adenocarcinoma,colonca1989,colon_aca,73,73
test,colon_aca/colonca1991.jpeg,1,adenocarcinoma,colonca1991,colon_aca,223,223
test,colon_aca/colonca1993.jpeg,1,adenocarcinoma,colonca1993,colon_aca,25,25
test,colon_aca/colonca1994.jpeg,1,adenocarcinoma,colonca1994,colon_aca,148,148
test,colon_aca/colonca1995.jpeg,1,adenocarcinoma,colonca1995,colon_aca,69,69
test,colon_aca/colonca2010.jpeg,1,adenocarcinoma,colonca2010,colon_aca,18,18
test,colon_aca/colonca2017.jpeg,1,adenocarcinoma,colonca2017,colon_aca,119,119
test,colon_aca/colonca2026.jpeg,1,adenocarcinoma,colonca2026,colon_aca,159,159
test,colon_aca/colonca2027.jpeg,1,adenocarcinoma,colonca2027,colon_aca,159,159
test,colon_aca/colonca2033.jpeg,1,adenocarcinoma,colonca2033,colon_aca,111,111
test,colon_aca/colonca2043.jpeg,1,adenocarcinoma,colonca2043,colon_aca,117,117
test,colon_aca/colonca2047.jpeg,1,adenocarcinoma,colonca2047,colon_aca,15,15
test,colon_aca/colonca2054.jpeg,1,adenocarcinoma,colonca2054,colon_aca,73,73
test,colon_aca/colonca2060.jpeg,1,adenocarcinoma,colonca2060,colon_aca,25,25
test,colon_aca/colonca2077.jpeg,1,adenocarcinoma,colonca2077,colon_aca,119,119
test,colon_aca/colonca208.jpeg,1,adenocarcinoma,colonca208,colon_aca,25,25
test,colon_aca/colonca209.jpeg,1,adenocarcinoma,colonca209,colon_aca,66,66
test,colon_aca/colonca2091.jpeg,1,adenocarcinoma,colonca2091,colon_aca,96,96
test,colon_aca/colonca2094.jpeg,1,adenocarcinoma,colonca2094,colon_aca,111,111
test,colon_aca/colonca210.jpeg,1,adenocarcinoma,colonca210,colon_aca,66,66
test,colon_aca/colonca211.jpeg,1,adenocarcinoma,colonca211,colon_aca,66,66
test,colon_aca/colonca2118.jpeg,1,adenocarcinoma,colonca2118,colon_aca,223,223
test,colon_aca/colonca2119.jpeg,1,adenocarcinoma,colonca2119,colon_aca,148,148
test,colon_aca/colonca212.jpeg,1,adenocarcinoma,colonca212,colon_aca,109,109
test,colon_aca/colonca2120.jpeg,1,adenocarcinoma,colonca2120,colon_aca,109,109
test,colon_aca/colonca2124.jpeg,1,adenocarcinoma,colonca2124,colon_aca,137,137
test,colon_aca/colonca2132.jpeg,1,adenocarcinoma,colonca2132,colon_aca,199,199
test,colon_aca/colonca2133.jpeg,1,adenocarcinoma,colonca2133,colon_aca,6,6
test,colon_aca/colonca2138.jpeg,1,adenocarcinoma,colonca2138,colon_aca,18,18
test,colon_aca/colonca2139.jpeg,1,adenocarcinoma,colonca2139,colon_aca,18,18
test,colon_aca/colonca214.jpeg,1,adenocarcinoma,colonca214,colon_aca,155,155
test,colon_aca/colonca2143.jpeg,1,adenocarcinoma,colonca2143,colon_aca,55,55
test,colon_aca/colonca2144.jpeg,1,adenocarcinoma,colonca2144,colon_aca,55,55
test,colon_aca/colonca2151.jpeg,1,adenocarcinoma,colonca2151,colon_aca,215,215
test,colon_aca/colonca2153.jpeg,1,adenocarcinoma,colonca2153,colon_aca,139,139
test,colon_aca/colonca2154.jpeg,1,adenocarcinoma,colonca2154,colon_aca,96,96
test,colon_aca/colonca2155.jpeg,1,adenocarcinoma,colonca2155,colon_aca,96,96
test,colon_aca/colonca2161.jpeg,1,adenocarcinoma,colonca2161,colon_aca,15,15
test,colon_aca/colonca2166.jpeg,1,adenocarcinoma,colonca2166,colon_aca,154,154
test,colon_aca/colonca2168.jpeg,1,adenocarcinoma,colonca2168,colon_aca,114,114
test,colon_aca/colonca2171.jpeg,1,adenocarcinoma,colonca2171,colon_aca,60,60
test,colon_aca/colonca2179.jpeg,1,adenocarcinoma,colonca2179,colon_aca,144,144
test,colon_aca/colonca2188.jpeg,1,adenocarcinoma,colonca2188,colon_aca,119,119
test,colon_aca/colonca2192.jpeg,1,adenocarcinoma,colonca2192,colon_aca,55,55
test,colon_aca/colonca2198.jpeg,1,adenocarcinoma,colonca2198,colon_aca,159,159
test,colon_aca/colonca2201.jpeg,1,adenocarcinoma,colonca2201,colon_aca,200,200
test,colon_aca/colonca2202.jpeg,1,adenocarcinoma,colonca2202,colon_aca,200,200
test,colon_aca/colonca2210.jpeg,1,adenocarcinoma,colonca2210,colon_aca,96,96
test,colon_aca/colonca2214.jpeg,1,adenocarcinoma,colonca2214,colon_aca,19,19
test,colon_aca/colonca2219.jpeg,1,adenocarcinoma,colonca2219,colon_aca,158,158
test,colon_aca/colonca2227.jpeg,1,adenocarcinoma,colonca2227,colon_aca,114,114
test,colon_aca/colonca2231.jpeg,1,adenocarcinoma,colonca2231,colon_aca,236,236
test,colon_aca/colonca2252.jpeg,1,adenocarcinoma,colonca2252,colon_aca,184,184
test,colon_aca/colonca2254.jpeg,1,adenocarcinoma,colonca2254,colon_aca,55,55
test,colon_aca/colonca2260.jpeg,1,adenocarcinoma,colonca2260,colon_aca,159,159
test,colon_aca/colonca2261.jpeg,1,adenocarcinoma,colonca2261,colon_aca,200,200
test,colon_aca/colonca2264.jpeg,1,adenocarcinoma,colonca2264,colon_aca,215,215
test,colon_aca/colonca228.jpeg,1,adenocarcinoma,colonca228,colon_aca,6,6
test,colon_aca/colonca2282.jpeg,1,adenocarcinoma,colonca2282,colon_aca,223,223
test,colon_aca/colonca2286.jpeg,1,adenocarcinoma,colonca2286,colon_aca,60,60
test,colon_aca/colonca2291.jpeg,1,adenocarcinoma,colonca2291,colon_aca,137,137
test,colon_aca/colonca2303.jpeg,1,adenocarcinoma,colonca2303,colon_aca,144,144
test,colon_aca/colonca2304.jpeg,1,adenocarcinoma,colonca2304,colon_aca,199,199
test,colon_aca/colonca233.jpeg,1,adenocarcinoma,colonca233,colon_aca,18,18
test,colon_aca/colonca2333.jpeg,1,adenocarcinoma,colonca2333,colon_aca,15,15
test,colon_aca/colonca2339.jpeg,1,adenocarcinoma,colonca2339,colon_aca,154,154
test,colon_aca/colonca234.jpeg,1,adenocarcinoma,colonca234,colon_aca,119,119
test,colon_aca/colonca2342.jpeg,1,adenocarcinoma,colonca2342,colon_aca,114,114
test,colon_aca/colonca2348.jpeg,1,adenocarcinoma,colonca2348,colon_aca,148,148
test,colon_aca/colonca2349.jpeg,1,adenocarcinoma,colonca2349,colon_aca,66,66
test,colon_aca/colonca2350.jpeg,1,adenocarcinoma,colonca2350,colon_aca,60,60
test,colon_aca/colonca2351.jpeg,1,adenocarcinoma,colonca2351,colon_aca,60,60
test,colon_aca/colonca2360.jpeg,1,adenocarcinoma,colonca2360,colon_aca,137,137
test,colon_aca/colonca2372.jpeg,1,adenocarcinoma,colonca2372,colon_aca,18,18
test,colon_aca/colonca2379.jpeg,1,adenocarcinoma,colonca2379,colon_aca,159,159
test,colon_aca/colonca2380.jpeg,1,adenocarcinoma,colonca2380,colon_aca,200,200
test,colon_aca/colonca2381.jpeg,1,adenocarcinoma,colonca2381,colon_aca,200,200
test,colon_aca/colonca2390.jpeg,1,adenocarcinoma,colonca2390,colon_aca,97,97
test,colon_aca/colonca2396.jpeg,1,adenocarcinoma,colonca2396,colon_aca,158,158
test,colon_aca/colonca2397.jpeg,1,adenocarcinoma,colonca2397,colon_aca,158,158
test,colon_aca/colonca2410.jpeg,1,adenocarcinoma,colonca2410,colon_aca,154,154
test,colon_aca/colonca2415.jpeg,1,adenocarcinoma,colonca2415,colon_aca,69,69
test,colon_aca/colonca2419.jpeg,1,adenocarcinoma,colonca2419,colon_aca,137,137
test,colon_aca/colonca2424.jpeg,1,adenocarcinoma,colonca2424,colon_aca,199,199
test,colon_aca/colonca2435.jpeg,1,adenocarcinoma,colonca2435,colon_aca,181,181
test,colon_aca/colonca2439.jpeg,1,adenocarcinoma,colonca2439,colon_aca,215,215
test,colon_aca/colonca2443.jpeg,1,adenocarcinoma,colonca2443,colon_aca,233,233
test,colon_aca/colonca2446.jpeg,1,adenocarcinoma,colonca2446,colon_aca,111,111
test,colon_aca/colonca2447.jpeg,1,adenocarcinoma,colonca2447,colon_aca,111,111
test,colon_aca/colonca2470.jpeg,1,adenocarcinoma,colonca2470,colon_aca,236,236
test,colon_aca/colonca2471.jpeg,1,adenocarcinoma,colonca2471,colon_aca,69,69
test,colon_aca/colonca2475.jpeg,1,adenocarcinoma,colonca2475,colon_aca,155,155
test,colon_aca/colonca248.jpeg,1,adenocarcinoma,colonca248,colon_aca,111,111
test,colon_aca/colonca2486.jpeg,1,adenocarcinoma,colonca2486,colon_aca,18,18
test,colon_aca/colonca2490.jpeg,1,adenocarcinoma,colonca2490,colon_aca,55,55
test,colon_aca/colonca2492.jpeg,1,adenocarcinoma,colonca2492,colon_aca,159,159
test,colon_aca/colonca2494.jpeg,1,adenocarcinoma,colonca2494,colon_aca,200,200
test,colon_aca/colonca2502.jpeg,1,adenocarcinoma,colonca2502,colon_aca,97,97
test,colon_aca/colonca2503.jpeg,1,adenocarcinoma,colonca2503,colon_aca,97,97
test,colon_aca/colonca2525.jpeg,1,adenocarcinoma,colonca2525,colon_aca,73,73
test,colon_aca/colonca2532.jpeg,1,adenocarcinoma,colonca2532,colon_aca,140,140
test,colon_aca/colonca2533.jpeg,1,adenocarcinoma,colonca2533,colon_aca,155,155
test,colon_aca/colonca255.jpeg,1,adenocarcinoma,colonca255,colon_aca,232,232
test,colon_aca/colonca2557.jpeg,1,adenocarcinoma,colonca2557,colon_aca,183,183
test,colon_aca/colonca256.jpeg,1,adenocarcinoma,colonca256,colon_aca,232,232
test,colon_aca/colonca2585.jpeg,1,adenocarcinoma,colonca2585,colon_aca,25,25
test,colon_aca/colonca2586.jpeg,1,adenocarcinoma,colonca2586,colon_aca,66,66
test,colon_aca/colonca2587.jpeg,1,adenocarcinoma,colonca2587,colon_aca,66,66
test,colon_aca/colonca2589.jpeg,1,adenocarcinoma,colonca2589,colon_aca,69,69
test,colon_aca/colonca2608.jpeg,1,adenocarcinoma,colonca2608,colon_aca,183,183
test,colon_aca/colonca2611.jpeg,1,adenocarcinoma,colonca2611,colon_aca,246,246
test,colon_aca/colonca2612.jpeg,1,adenocarcinoma,colonca2612,colon_aca,246,246
test,colon_aca/colonca2619.jpeg,1,adenocarcinoma,colonca2619,colon_aca,233,233
test,colon_aca/colonca2633.jpeg,1,adenocarcinoma,colonca2633,colon_aca,158,158
test,colon_aca/colonca2645.jpeg,1,adenocarcinoma,colonca2645,colon_aca,73,73
test,colon_aca/colonca2646.jpeg,1,adenocarcinoma,colonca2646,colon_aca,73,73
test,colon_aca/colonca2648.jpeg,1,adenocarcinoma,colonca2648,colon_aca,223,223
test,colon_aca/colonca2652.jpeg,1,adenocarcinoma,colonca2652,colon_aca,148,148
test,colon_aca/colonca2653.jpeg,1,adenocarcinoma,colonca2653,colon_aca,236,236
test,colon_aca/colonca2654.jpeg,1,adenocarcinoma,colonca2654,colon_aca,69,69
test,colon_aca/colonca2656.jpeg,1,adenocarcinoma,colonca2656,colon_aca,155,155
test,colon_aca/colonca2657.jpeg,1,adenocarcinoma,colonca2657,colon_aca,155,155
test,colon_aca/colonca266.jpeg,1,adenocarcinoma,colonca266,colon_aca,114,114
test,colon_aca/colonca2674.jpeg,1,adenocarcinoma,colonca2674,colon_aca,159,159
test,colon_aca/colonca2685.jpeg,1,adenocarcinoma,colonca2685,colon_aca,96,96
test,colon_aca/colonca2711.jpeg,1,adenocarcinoma,colonca2711,colon_aca,109,109
test,colon_aca/colonca2721.jpeg,1,adenocarcinoma,colonca2721,colon_aca,199,199
test,colon_aca/colonca2733.jpeg,1,adenocarcinoma,colonca2733,colon_aca,159,159
test,colon_aca/colonca2735.jpeg,1,adenocarcinoma,colonca2735,colon_aca,183,183
test,colon_aca/colonca2736.jpeg,1,adenocarcinoma,colonca2736,colon_aca,215,215
test,colon_aca/colonca2737.jpeg,1,adenocarcinoma,colonca2737,colon_aca,215,215
test,colon_aca/colonca275.jpeg,1,adenocarcinoma,colonca275,colon_aca,109,109
test,colon_aca/colonca2752.jpeg,1,adenocarcinoma,colonca2752,colon_aca,232,232
test,colon_aca/colonca276.jpeg,1,adenocarcinoma,colonca276,colon_aca,60,60
test,colon_aca/colonca2760.jpeg,1,adenocarcinoma,colonca2760,colon_aca,154,154
test,colon_aca/colonca2764.jpeg,1,adenocarcinoma,colonca2764,colon_aca,223,223
test,colon_aca/colonca2768.jpeg,1,adenocarcinoma,colonca2768,colon_aca,69,69
test,colon_aca/colonca2769.jpeg,1,adenocarcinoma,colonca2769,colon_aca,69,69
test,colon_aca/colonca277.jpeg,1,adenocarcinoma,colonca277,colon_aca,60,60
test,colon_aca/colonca2772.jpeg,1,adenocarcinoma,colonca2772,colon_aca,140,140
test,colon_aca/colonca2774.jpeg,1,adenocarcinoma,colonca2774,colon_aca,137,137
test,colon_aca/colonca278.jpeg,1,adenocarcinoma,colonca278,colon_aca,155,155
test,colon_aca/colonca2783.jpeg,1,adenocarcinoma,colonca2783,colon_aca,144,144
test,colon_aca/colonca2785.jpeg,1,adenocarcinoma,colonca2785,colon_aca,6,6
test,colon_aca/colonca2795.jpeg,1,adenocarcinoma,colonca2795,colon_aca,159,159
test,colon_aca/colonca2798.jpeg,1,adenocarcinoma,colonca2798,colon_aca,215,215
test,colon_aca/colonca2801.jpeg,1,adenocarcinoma,colonca2801,colon_aca,96,96
test,colon_aca/colonca2802.jpeg,1,adenocarcinoma,colonca2802,colon_aca,97,97
test,colon_aca/colonca2809.jpeg,1,adenocarcinoma,colonca2809,colon_aca,117,117
test,colon_aca/colonca2834.jpeg,1,adenocarcinoma,colonca2834,colon_aca,155,155
test,colon_aca/colonca2841.jpeg,1,adenocarcinoma,colonca2841,colon_aca,144,144
test,colon_aca/colonca2848.jpeg,1,adenocarcinoma,colonca2848,colon_aca,119,119
test,colon_aca/colonca2857.jpeg,1,adenocarcinoma,colonca2857,colon_aca,233,233
test,colon_aca/colonca2858.jpeg,1,adenocarcinoma,colonca2858,colon_aca,233,233
test,colon_aca/colonca2872.jpeg,1,adenocarcinoma,colonca2872,colon_aca,232,232
test,colon_aca/colonca2879.jpeg,1,adenocarcinoma,colonca2879,colon_aca,114,114
test,colon_aca/colonca2880.jpeg,1,adenocarcinoma,colonca2880,colon_aca,239,239
test,colon_aca/colonca2882.jpeg,1,adenocarcinoma,colonca2882,colon_aca,109,109
test,colon_aca/colonca2883.jpeg,1,adenocarcinoma,colonca2883,colon_aca,109,109
test,colon_aca/colonca2885.jpeg,1,adenocarcinoma,colonca2885,colon_aca,236,236
test,colon_aca/colonca2886.jpeg,1,adenocarcinoma,colonca2886,colon_aca,69,69
test,colon_aca/colonca2887.jpeg,1,adenocarcinoma,colonca2887,colon_aca,69,69
test,colon_aca/colonca2890.jpeg,1,adenocarcinoma,colonca2890,colon_aca,140,140
test,colon_aca/colonca2892.jpeg,1,adenocarcinoma,colonca2892,colon_aca,137,137
test,colon_aca/colonca2903.jpeg,1,adenocarcinoma,colonca2903,colon_aca,55,55
test,colon_aca/colonca2907.jpeg,1,adenocarcinoma,colonca2907,colon_aca,181,181
test,colon_aca/colonca2913.jpeg,1,adenocarcinoma,colonca2913,colon_aca,233,233
test,colon_aca/colonca2920.jpeg,1,adenocarcinoma,colonca2920,colon_aca,19,19
test,colon_aca/colonca2921.jpeg,1,adenocarcinoma,colonca2921,colon_aca,19,19
test,colon_aca/colonca2933.jpeg,1,adenocarcinoma,colonca2933,colon_aca,154,154
test,colon_aca/colonca2939.jpeg,1,adenocarcinoma,colonca2939,colon_aca,148,148
test,colon_aca/colonca2941.jpeg,1,adenocarcinoma,colonca2941,colon_aca,155,155
test,colon_aca/colonca2948.jpeg,1,adenocarcinoma,colonca2948,colon_aca,199,199
test,colon_aca/colonca2954.jpeg,1,adenocarcinoma,colonca2954,colon_aca,119,119
test,colon_aca/colonca2962.jpeg,1,adenocarcinoma,colonca2962,colon_aca,159,159
test,colon_aca/colonca2963.jpeg,1,adenocarcinoma,colonca2963,colon_aca,159,159
test,colon_aca/colonca2966.jpeg,1,adenocarcinoma,colonca2966,colon_aca,246,246
test,colon_aca/colonca2967.jpeg,1,adenocarcinoma,colonca2967,colon_aca,215,215
test,colon_aca/colonca297.jpeg,1,adenocarcinoma,colonca297,colon_aca,184,184
test,colon_aca/colonca2973.jpeg,1,adenocarcinoma,colonca2973,colon_aca,96,96
test,colon_aca/colonca2974.jpeg,1,adenocarcinoma,colonca2974,colon_aca,97,97
test,colon_aca/colonca2981.jpeg,1,adenocarcinoma,colonca2981,colon_aca,117,117
test,colon_aca/colonca2999.jpeg,1,adenocarcinoma,colonca2999,colon_aca,66,66
test,colon_aca/colonca3022.jpeg,1,adenocarcinoma,colonca3022,colon_aca,181,181
test,colon_aca/colonca3029.jpeg,1,adenocarcinoma,colonca3029,colon_aca,183,183
test,colon_aca/colonca3033.jpeg,1,adenocarcinoma,colonca3033,colon_aca,139,139
test,colon_aca/colonca3035.jpeg,1,adenocarcinoma,colonca3035,colon_aca,97,97
test,colon_aca/colonca304.jpeg,1,adenocarcinoma,colonca304,colon_aca,200,200
test,colon_aca/colonca3043.jpeg,1,adenocarcinoma,colonca3043,colon_aca,158,158
test,colon_aca/colonca3044.jpeg,1,adenocarcinoma,colonca3044,colon_aca,232,232
test,colon_aca/colonca305.jpeg,1,adenocarcinoma,colonca305,colon_aca,183,183
test,colon_aca/colonca3054.jpeg,1,adenocarcinoma,colonca3054,colon_aca,239,239
test,colon_aca/colonca306.jpeg,1,adenocarcinoma,colonca306,colon_aca,183,183
test,colon_aca/colonca3062.jpeg,1,adenocarcinoma,colonca3062,colon_aca,25,25
test,colon_aca/colonca3063.jpeg,1,adenocarcinoma,colonca3063,colon_aca,155,155
test,colon_aca/colonca3073.jpeg,1,adenocarcinoma,colonca3073,colon_aca,199,199
test,colon_aca/colonca3081.jpeg,1,adenocarcinoma,colonca3081,colon_aca,119,119
test,colon_aca/colonca3083.jpeg,1,adenocarcinoma,colonca3083,colon_aca,55,55
test,colon_aca/colonca3086.jpeg,1,adenocarcinoma,colonca3086,colon_aca,181,181
test,colon_aca/colonca3087.jpeg,1,adenocarcinoma,colonca3087,colon_aca,159,159
test,colon_aca/colonca3097.jpeg,1,adenocarcinoma,colonca3097,colon_aca,111,111
test,colon_aca/colonca3098.jpeg,1,adenocarcinoma,colonca3098,colon_aca,111,111
test,colon_aca/colonca3102.jpeg,1,adenocarcinoma,colonca3102,colon_aca,117,117
test,colon_aca/colonca3118.jpeg,1,adenocarcinoma,colonca3118,colon_aca,66,66
test,colon_aca/colonca3119.jpeg,1,adenocarcinoma,colonca3119,colon_aca,236,236
test,colon_aca/colonca3142.jpeg,1,adenocarcinoma,colonca3142,colon_aca,200,200
test,colon_aca/colonca3146.jpeg,1,adenocarcinoma,colonca3146,colon_aca,183,183
test,colon_aca/colonca3153.jpeg,1,adenocarcinoma,colonca3153,colon_aca,111,111
test,colon_aca/colonca3172.jpeg,1,adenocarcinoma,colonca3172,colon_aca,73,73
test,colon_aca/colonca3178.jpeg,1,adenocarcinoma,colonca3178,colon_aca,66,66
test,colon_aca/colonca3189.jpeg,1,adenocarcinoma,colonca3189,colon_aca,119,119
test,colon_aca/colonca3210.jpeg,1,adenocarcinoma,colonca3210,colon_aca,117,117
test,colon_aca/colonca3215.jpeg,1,adenocarcinoma,colonca3215,colon_aca,15,15
test,colon_aca/colonca3225.jpeg,1,adenocarcinoma,colonca3225,colon_aca,73,73
test,colon_aca/colonca3228.jpeg,1,adenocarcinoma,colonca3228,colon_aca,236,236
test,colon_aca/colonca3233.jpeg,1,adenocarcinoma,colonca3233,colon_aca,140,140
test,colon_aca/colonca3245.jpeg,1,adenocarcinoma,colonca3245,colon_aca,6,6
test,colon_aca/colonca3256.jpeg,1,adenocarcinoma,colonca3256,colon_aca,159,159
test,colon_aca/colonca3257.jpeg,1,adenocarcinoma,colonca3257,colon_aca,159,159
test,colon_aca/colonca3258.jpeg,1,adenocarcinoma,colonca3258,colon_aca,159,159
test,colon_aca/colonca3259.jpeg,1,adenocarcinoma,colonca3259,colon_aca,200,200
test,colon_aca/colonca3263.jpeg,1,adenocarcinoma,colonca3263,colon_aca,215,215
test,colon_aca/colonca3273.jpeg,1,adenocarcinoma,colonca3273,colon_aca,15,15
test,colon_aca/colonca3278.jpeg,1,adenocarcinoma,colonca3278,colon_aca,73,73
test,colon_aca/colonca3281.jpeg,1,adenocarcinoma,colonca3281,colon_aca,239,239
test,colon_aca/colonca3285.jpeg,1,adenocarcinoma,colonca3285,colon_aca,148,148
test,colon_aca/colonca3286.jpeg,1,adenocarcinoma,colonca3286,colon_aca,60,60
test,colon_aca/colonca3287.jpeg,1,adenocarcinoma,colonca3287,colon_aca,60,60
test,colon_aca/colonca3289.jpeg,1,adenocarcinoma,colonca3289,colon_aca,155,155
test,colon_aca/colonca3297.jpeg,1,adenocarcinoma,colonca3297,colon_aca,144,144
test,colon_aca/colonca3298.jpeg,1,adenocarcinoma,colonca3298,colon_aca,144,144
test,colon_aca/colonca3311.jpeg,1,adenocarcinoma,colonca3311,colon_aca,55,55
test,colon_aca/colonca3319.jpeg,1,adenocarcinoma,colonca3319,colon_aca,183,183
test,colon_aca/colonca3322.jpeg,1,adenocarcinoma,colonca3322,colon_aca,215,215
test,colon_aca/colonca3325.jpeg,1,adenocarcinoma,colonca3325,colon_aca,96,96
test,colon_aca/colonca334.jpeg,1,adenocarcinoma,colonca334,colon_aca,73,73
test,colon_aca/colonca3342.jpeg,1,adenocarcinoma,colonca3342,colon_aca,114,114
test,colon_aca/colonca3347.jpeg,1,adenocarcinoma,colonca3347,colon_aca,239,239
test,colon_aca/colonca3348.jpeg,1,adenocarcinoma,colonca3348,colon_aca,239,239
test,colon_aca/colonca335.jpeg,1,adenocarcinoma,colonca335,colon_aca,73,73
test,colon_aca/colonca3352.jpeg,1,adenocarcinoma,colonca3352,colon_aca,25,25
test,colon_aca/colonca3353.jpeg,1,adenocarcinoma,colonca3353,colon_aca,66,66
test,colon_aca/colonca3356.jpeg,1,adenocarcinoma,colonca3356,colon_aca,137,137
test,colon_aca/colonca3368.jpeg,1,adenocarcinoma,colonca3368,colon_aca,55,55
test,colon_aca/colonca339.jpeg,1,adenocarcinoma,colonca339,colon_aca,223,223
test,colon_aca/colonca3404.jpeg,1,adenocarcinoma,colonca3404,colon_aca,114,114
test,colon_aca/colonca3411.jpeg,1,adenocarcinoma,colonca3411,colon_aca,25,25
test,colon_aca/colonca3415.jpeg,1,adenocarcinoma,colonca3415,colon_aca,155,155
test,colon_aca/colonca343.jpeg,1,adenocarcinoma,colonca343,colon_aca,148,148
test,colon_aca/colonca3436.jpeg,1,adenocarcinoma,colonca3436,colon_aca,200,200
test,colon_aca/colonca344.jpeg,1,adenocarcinoma,colonca344,colon_aca,148,148
test,colon_aca/colonca3446.jpeg,1,adenocarcinoma,colonca3446,colon_aca,97,97
test,colon_aca/colonca345.jpeg,1,adenocarcinoma,colonca345,colon_aca,60,60
test,colon_aca/colonca3474.jpeg,1,adenocarcinoma,colonca3474,colon_aca,66,66
test,colon_aca/colonca3486.jpeg,1,adenocarcinoma,colonca3486,colon_aca,6,6
test,colon_aca/colonca3491.jpeg,1,adenocarcinoma,colonca3491,colon_aca,55,55
test,colon_aca/colonca3502.jpeg,1,adenocarcinoma,colonca3502,colon_aca,96,96
test,colon_aca/colonca3504.jpeg,1,adenocarcinoma,colonca3504,colon_aca,111,111
test,colon_aca/colonca3505.jpeg,1,adenocarcinoma,colonca3505,colon_aca,111,111
test,colon_aca/colonca351.jpeg,1,adenocarcinoma,colonca351,colon_aca,6,6
test,colon_aca/colonca3531.jpeg,1,adenocarcinoma,colonca3531,colon_aca,73,73
test,colon_aca/colonca3535.jpeg,1,adenocarcinoma,colonca3535,colon_aca,25,25
test,colon_aca/colonca3536.jpeg,1,adenocarcinoma,colonca3536,colon_aca,66,66
test,colon_aca/colonca3537.jpeg,1,adenocarcinoma,colonca3537,colon_aca,69,69
test,colon_aca/colonca3545.jpeg,1,adenocarcinoma,colonca3545,colon_aca,144,144
test,colon_aca/colonca3546.jpeg,1,adenocarcinoma,colonca3546,colon_aca,144,144
test,colon_aca/colonca3552.jpeg,1,adenocarcinoma,colonca3552,colon_aca,184,184
test,colon_aca/colonca3559.jpeg,1,adenocarcinoma,colonca3559,colon_aca,200,200
test,colon_aca/colonca3577.jpeg,1,adenocarcinoma,colonca3577,colon_aca,117,117
test,colon_aca/colonca3581.jpeg,1,adenocarcinoma,colonca3581,colon_aca,158,158
test,colon_aca/colonca360.jpeg,1,adenocarcinoma,colonca360,colon_aca,55,55
test,colon_aca/colonca3611.jpeg,1,adenocarcinoma,colonca3611,colon_aca,119,119
test,colon_aca/colonca3616.jpeg,1,adenocarcinoma,colonca3616,colon_aca,183,183
test,colon_aca/colonca3634.jpeg,1,adenocarcinoma,colonca3634,colon_aca,154,154
test,colon_aca/colonca3635.jpeg,1,adenocarcinoma,colonca3635,colon_aca,154,154
test,colon_aca/colonca3639.jpeg,1,adenocarcinoma,colonca3639,colon_aca,114,114
test,colon_aca/colonca3640.jpeg,1,adenocarcinoma,colonca3640,colon_aca,114,114
test,colon_aca/colonca3644.jpeg,1,adenocarcinoma,colonca3644,colon_aca,25,25
test,colon_aca/colonca3645.jpeg,1,adenocarcinoma,colonca3645,colon_aca,109,109
test,colon_aca/colonca3646.jpeg,1,adenocarcinoma,colonca3646,colon_aca,60,60
test,colon_aca/colonca3648.jpeg,1,adenocarcinoma,colonca3648,colon_aca,69,69
test,colon_aca/colonca3649.jpeg,1,adenocarcinoma,colonca3649,colon_aca,69,69
test,colon_aca/colonca3667.jpeg,1,adenocarcinoma,colonca3667,colon_aca,18,18
test,colon_aca/colonca3671.jpeg,1,adenocarcinoma,colonca3671,colon_aca,184,184
test,colon_aca/colonca3678.jpeg,1,adenocarcinoma,colonca3678,colon_aca,215,215
test,colon_aca/colonca3679.jpeg,1,adenocarcinoma,colonca3679,colon_aca,215,215
test,colon_aca/colonca3687.jpeg,1,adenocarcinoma,colonca3687,colon_aca,117,117
test,colon_aca/colonca37.jpeg,1,adenocarcinoma,colonca37,colon_aca,73,73
test,colon_aca/colonca370.jpeg,1,adenocarcinoma,colonca370,colon_aca,233,233
test,colon_aca/colonca3704.jpeg,1,adenocarcinoma,colonca3704,colon_aca,223,223
test,colon_aca/colonca3706.jpeg,1,adenocarcinoma,colonca3706,colon_aca,60,60
test,colon_aca/colonca3707.jpeg,1,adenocarcinoma,colonca3707,colon_aca,60,60
test,colon_aca/colonca3708.jpeg,1,adenocarcinoma,colonca3708,colon_aca,69,69
test,colon_aca/colonca371.jpeg,1,adenocarcinoma,colonca371,colon_aca,233,233
test,colon_aca/colonca3710.jpeg,1,adenocarcinoma,colonca3710,colon_aca,140,140
test,colon_aca/colonca3711.jpeg,1,adenocarcinoma,colonca3711,colon_aca,155,155
test,colon_aca/colonca3726.jpeg,1,adenocarcinoma,colonca3726,colon_aca,119,119
test,colon_aca/colonca3736.jpeg,1,adenocarcinoma,colonca3736,colon_aca,200,200
test,colon_aca/colonca3739.jpeg,1,adenocarcinoma,colonca3739,colon_aca,215,215
test,colon_aca/colonca3753.jpeg,1,adenocarcinoma,colonca3753,colon_aca,19,19
test,colon_aca/colonca3760.jpeg,1,adenocarcinoma,colonca3760,colon_aca,114,114
test,colon_aca/colonca3761.jpeg,1,adenocarcinoma,colonca3761,colon_aca,73,73
test,colon_aca/colonca3776.jpeg,1,adenocarcinoma,colonca3776,colon_aca,144,144
test,colon_aca/colonca380.jpeg,1,adenocarcinoma,colonca380,colon_aca,19,19
test,colon_aca/colonca3801.jpeg,1,adenocarcinoma,colonca3801,colon_aca,111,111
test,colon_aca/colonca3812.jpeg,1,adenocarcinoma,colonca3812,colon_aca,158,158
test,colon_aca/colonca3817.jpeg,1,adenocarcinoma,colonca3817,colon_aca,154,154
test,colon_aca/colonca3821.jpeg,1,adenocarcinoma,colonca3821,colon_aca,223,223
test,colon_aca/colonca3825.jpeg,1,adenocarcinoma,colonca3825,colon_aca,155,155
test,colon_aca/colonca3833.jpeg,1,adenocarcinoma,colonca3833,colon_aca,144,144
test,colon_aca/colonca3843.jpeg,1,adenocarcinoma,colonca3843,colon_aca,55,55
test,colon_aca/colonca3850.jpeg,1,adenocarcinoma,colonca3850,colon_aca,215,215
test,colon_aca/colonca3863.jpeg,1,adenocarcinoma,colonca3863,colon_aca,117,117
test,colon_aca/colonca3867.jpeg,1,adenocarcinoma,colonca3867,colon_aca,158,158
test,colon_aca/colonca3873.jpeg,1,adenocarcinoma,colonca3873,colon_aca,114,114
test,colon_aca/colonca3874.jpeg,1,adenocarcinoma,colonca3874,colon_aca,114,114
test,colon_aca/colonca3876.jpeg,1,adenocarcinoma,colonca3876,colon_aca,73,73
test,colon_aca/colonca3882.jpeg,1,adenocarcinoma,colonca3882,colon_aca,223,223
test,colon_aca/colonca3884.jpeg,1,adenocarcinoma,colonca3884,colon_aca,148,148
test,colon_aca/colonca3896.jpeg,1,adenocarcinoma,colonca3896,colon_aca,199,199
test,colon_aca/colonca3898.jpeg,1,adenocarcinoma,colonca3898,colon_aca,6,6
test,colon_aca/colonca39.jpeg,1,adenocarcinoma,colonca39,colon_aca,239,239
test,colon_aca/colonca3910.jpeg,1,adenocarcinoma,colonca3910,colon_aca,200,200
test,colon_aca/colonca3915.jpeg,1,adenocarcinoma,colonca3915,colon_aca,233,233
test,colon_aca/colonca3918.jpeg,1,adenocarcinoma,colonca3918,colon_aca,139,139
test,colon_aca/colonca3921.jpeg,1,adenocarcinoma,colonca3921,colon_aca,111,111
test,colon_aca/colonca3945.jpeg,1,adenocarcinoma,colonca3945,colon_aca,25,25
test,colon_aca/colonca3949.jpeg,1,adenocarcinoma,colonca3949,colon_aca,137,137
test,colon_aca/colonca3958.jpeg,1,adenocarcinoma,colonca3958,colon_aca,144,144
test,colon_aca/colonca3962.jpeg,1,adenocarcinoma,colonca3962,colon_aca,18,18
test,colon_aca/colonca3972.jpeg,1,adenocarcinoma,colonca3972,colon_aca,159,159
test,colon_aca/colonca3973.jpeg,1,adenocarcinoma,colonca3973,colon_aca,183,183
test,colon_aca/colonca3974.jpeg,1,adenocarcinoma,colonca3974,colon_aca,246,246
test,colon_aca/colonca3975.jpeg,1,adenocarcinoma,colonca3975,colon_aca,139,139
test,colon_aca/colonca3976.jpeg,1,adenocarcinoma,colonca3976,colon_aca,97,97
test,colon_aca/colonca398.jpeg,1,adenocarcinoma,colonca398,colon_aca,137,137
test,colon_aca/colonca3995.jpeg,1,adenocarcinoma,colonca3995,colon_aca,154,154
test,colon_aca/colonca4007.jpeg,1,adenocarcinoma,colonca4007,colon_aca,148,148
test,colon_aca/colonca4010.jpeg,1,adenocarcinoma,colonca4010,colon_aca,140,140
test,colon_aca/colonca4021.jpeg,1,adenocarcinoma,colonca4021,colon_aca,199,199
test,colon_aca/colonca4047.jpeg,1,adenocarcinoma,colonca4047,colon_aca,232,232
test,colon_aca/colonca4060.jpeg,1,adenocarcinoma,colonca4060,colon_aca,154,154
test,colon_aca/colonca4061.jpeg,1,adenocarcinoma,colonca4061,colon_aca,114,114
test,colon_aca/colonca4070.jpeg,1,adenocarcinoma,colonca4070,colon_aca,140,140
test,colon_aca/colonca4076.jpeg,1,adenocarcinoma,colonca4076,colon_aca,144,144
test,colon_aca/colonca4078.jpeg,1,adenocarcinoma,colonca4078,colon_aca,6,6
test,colon_aca/colonca4085.jpeg,1,adenocarcinoma,colonca4085,colon_aca,181,181
test,colon_aca/colonca4091.jpeg,1,adenocarcinoma,colonca4091,colon_aca,215,215
test,colon_aca/colonca41.jpeg,1,adenocarcinoma,colonca41,colon_aca,148,148
test,colon_aca/colonca4112.jpeg,1,adenocarcinoma,colonca4112,colon_aca,109,109
test,colon_aca/colonca4113.jpeg,1,adenocarcinoma,colonca4113,colon_aca,109,109
test,colon_aca/colonca4115.jpeg,1,adenocarcinoma,colonca4115,colon_aca,69,69
test,colon_aca/colonca4135.jpeg,1,adenocarcinoma,colonca4135,colon_aca,119,119
test,colon_aca/colonca4147.jpeg,1,adenocarcinoma,colonca4147,colon_aca,183,183
test,colon_aca/colonca4150.jpeg,1,adenocarcinoma,colonca4150,colon_aca,97,97
test,colon_aca/colonca4162.jpeg,1,adenocarcinoma,colonca4162,colon_aca,158,158
test,colon_aca/colonca4163.jpeg,1,adenocarcinoma,colonca4163,colon_aca,15,15
test,colon_aca/colonca4164.jpeg,1,adenocarcinoma,colonca4164,colon_aca,15,15
test,colon_aca/colonca417.jpeg,1,adenocarcinoma,colonca417,colon_aca,181,181
test,colon_aca/colonca4172.jpeg,1,adenocarcinoma,colonca4172,colon_aca,25,25
test,colon_aca/colonca4173.jpeg,1,adenocarcinoma,colonca4173,colon_aca,25,25
test,colon_aca/colonca4174.jpeg,1,adenocarcinoma,colonca4174,colon_aca,148,148
test,colon_aca/colonca4175.jpeg,1,adenocarcinoma,colonca4175,colon_aca,66,66
test,colon_aca/colonca4185.jpeg,1,adenocarcinoma,colonca4185,colon_aca,6,6
test,colon_aca/colonca4186.jpeg,1,adenocarcinoma,colonca4186,colon_aca,6,6
test,colon_aca/colonca4194.jpeg,1,adenocarcinoma,colonca4194,colon_aca,55,55
test,colon_aca/colonca4199.jpeg,1,adenocarcinoma,colonca4199,colon_aca,200,200
test,colon_aca/colonca42.jpeg,1,adenocarcinoma,colonca42,colon_aca,148,148
test,colon_aca/colonca4200.jpeg,1,adenocarcinoma,colonca4200,colon_aca,200,200
test,colon_aca/colonca4202.jpeg,1,adenocarcinoma,colonca4202,colon_aca,246,246
test,colon_aca/colonca4214.jpeg,1,adenocarcinoma,colonca4214,colon_aca,117,117
test,colon_aca/colonca422.jpeg,1,adenocarcinoma,colonca422,colon_aca,200,200
test,colon_aca/colonca4234.jpeg,1,adenocarcinoma,colonca4234,colon_aca,148,148
test,colon_aca/colonca4235.jpeg,1,adenocarcinoma,colonca4235,colon_aca,66,66
test,colon_aca/colonca4236.jpeg,1,adenocarcinoma,colonca4236,colon_aca,109,109
test,colon_aca/colonca4245.jpeg,1,adenocarcinoma,colonca4245,colon_aca,199,199
test,colon_aca/colonca4246.jpeg,1,adenocarcinoma,colonca4246,colon_aca,6,6
test,colon_aca/colonca4248.jpeg,1,adenocarcinoma,colonca4248,colon_aca,18,18
test,colon_aca/colonca4249.jpeg,1,adenocarcinoma,colonca4249,colon_aca,18,18
test,colon_aca/colonca426.jpeg,1,adenocarcinoma,colonca426,colon_aca,139,139
test,colon_aca/colonca4266.jpeg,1,adenocarcinoma,colonca4266,colon_aca,139,139
test,colon_aca/colonca4267.jpeg,1,adenocarcinoma,colonca4267,colon_aca,96,96
test,colon_aca/colonca427.jpeg,1,adenocarcinoma,colonca427,colon_aca,97,97
test,colon_aca/colonca4284.jpeg,1,adenocarcinoma,colonca4284,colon_aca,117,117
test,colon_aca/colonca4303.jpeg,1,adenocarcinoma,colonca4303,colon_aca,60,60
test,colon_aca/colonca4304.jpeg,1,adenocarcinoma,colonca4304,colon_aca,60,60
test,colon_aca/colonca4307.jpeg,1,adenocarcinoma,colonca4307,colon_aca,140,140
test,colon_aca/colonca4314.jpeg,1,adenocarcinoma,colonca4314,colon_aca,144,144
test,colon_aca/colonca4315.jpeg,1,adenocarcinoma,colonca4315,colon_aca,144,144
test,colon_aca/colonca4316.jpeg,1,adenocarcinoma,colonca4316,colon_aca,144,144
test,colon_aca/colonca4317.jpeg,1,adenocarcinoma,colonca4317,colon_aca,144,144
test,colon_aca/colonca4321.jpeg,1,adenocarcinoma,colonca4321,colon_aca,119,119
test,colon_aca/colonca4325.jpeg,1,adenocarcinoma,colonca4325,colon_aca,200,200
test,colon_aca/colonca4331.jpeg,1,adenocarcinoma,colonca4331,colon_aca,233,233
test,colon_aca/colonca4333.jpeg,1,adenocarcinoma,colonca4333,colon_aca,139,139
test,colon_aca/colonca4335.jpeg,1,adenocarcinoma,colonca4335,colon_aca,97,97
test,colon_aca/colonca4347.jpeg,1,adenocarcinoma,colonca4347,colon_aca,73,73
test,colon_aca/colonca4352.jpeg,1,adenocarcinoma,colonca4352,colon_aca,66,66
test,colon_aca/colonca4353.jpeg,1,adenocarcinoma,colonca4353,colon_aca,60,60
test,colon_aca/colonca4373.jpeg,1,adenocarcinoma,colonca4373,colon_aca,181,181
test,colon_aca/colonca4375.jpeg,1,adenocarcinoma,colonca4375,colon_aca,159,159
test,colon_aca/colonca4381.jpeg,1,adenocarcinoma,colonca4381,colon_aca,233,233
test,colon_aca/colonca44.jpeg,1,adenocarcinoma,colonca44,colon_aca,236,236
test,colon_aca/colonca4406.jpeg,1,adenocarcinoma,colonca4406,colon_aca,148,148
test,colon_aca/colonca4407.jpeg,1,adenocarcinoma,colonca4407,colon_aca,66,66
test,colon_aca/colonca441.jpeg,1,adenocarcinoma,colonca441,colon_aca,73,73
test,colon_aca/colonca442.jpeg,1,adenocarcinoma,colonca442,colon_aca,73,73
test,colon_aca/colonca443.jpeg,1,adenocarcinoma,colonca443,colon_aca,239,239
test,colon_aca/colonca4431.jpeg,1,adenocarcinoma,colonca4431,colon_aca,55,55
test,colon_aca/colonca4437.jpeg,1,adenocarcinoma,colonca4437,colon_aca,183,183
test,colon_aca/colonca4440.jpeg,1,adenocarcinoma,colonca4440,colon_aca,246,246
test,colon_aca/colonca4441.jpeg,1,adenocarcinoma,colonca4441,colon_aca,246,246
test,colon_aca/colonca4442.jpeg,1,adenocarcinoma,colonca4442,colon_aca,215,215
test,colon_aca/colonca4447.jpeg,1,adenocarcinoma,colonca4447,colon_aca,139,139
test,colon_aca/colonca4463.jpeg,1,adenocarcinoma,colonca4463,colon_aca,232,232
test,colon_aca/colonca4470.jpeg,1,adenocarcinoma,colonca4470,colon_aca,109,109
test,colon_aca/colonca4477.jpeg,1,adenocarcinoma,colonca4477,colon_aca,6,6
test,colon_aca/colonca448.jpeg,1,adenocarcinoma,colonca448,colon_aca,25,25
test,colon_aca/colonca4482.jpeg,1,adenocarcinoma,colonca4482,colon_aca,119,119
test,colon_aca/colonca4487.jpeg,1,adenocarcinoma,colonca4487,colon_aca,184,184
test,colon_aca/colonca4496.jpeg,1,adenocarcinoma,colonca4496,colon_aca,96,96
test,colon_aca/colonca45.jpeg,1,adenocarcinoma,colonca45,colon_aca,69,69
test,colon_aca/colonca4508.jpeg,1,adenocarcinoma,colonca4508,colon_aca,158,158
test,colon_aca/colonca4519.jpeg,1,adenocarcinoma,colonca4519,colon_aca,239,239
test,colon_aca/colonca4522.jpeg,1,adenocarcinoma,colonca4522,colon_aca,223,223
test,colon_aca/colonca4526.jpeg,1,adenocarcinoma,colonca4526,colon_aca,148,148
test,colon_aca/colonca4527.jpeg,1,adenocarcinoma,colonca4527,colon_aca,66,66
test,colon_aca/colonca4528.jpeg,1,adenocarcinoma,colonca4528,colon_aca,60,60
test,colon_aca/colonca4530.jpeg,1,adenocarcinoma,colonca4530,colon_aca,236,236
test,colon_aca/colonca4531.jpeg,1,adenocarcinoma,colonca4531,colon_aca,236,236
test,colon_aca/colonca4532.jpeg,1,adenocarcinoma,colonca4532,colon_aca,140,140
test,colon_aca/colonca4533.jpeg,1,adenocarcinoma,colonca4533,colon_aca,155,155
test,colon_aca/colonca4534.jpeg,1,adenocarcinoma,colonca4534,colon_aca,155,155
test,colon_aca/colonca4557.jpeg,1,adenocarcinoma,colonca4557,colon_aca,200,200
test,colon_aca/colonca4559.jpeg,1,adenocarcinoma,colonca4559,colon_aca,215,215
test,colon_aca/colonca4563.jpeg,1,adenocarcinoma,colonca4563,colon_aca,96,96
test,colon_aca/colonca4580.jpeg,1,adenocarcinoma,colonca4580,colon_aca,60,60
test,colon_aca/colonca4581.jpeg,1,adenocarcinoma,colonca4581,colon_aca,60,60
test,colon_aca/colonca4585.jpeg,1,adenocarcinoma,colonca4585,colon_aca,140,140
test,colon_aca/colonca4597.jpeg,1,adenocarcinoma,colonca4597,colon_aca,18,18
test,colon_aca/colonca4598.jpeg,1,adenocarcinoma,colonca4598,colon_aca,18,18
test,colon_aca/colonca46.jpeg,1,adenocarcinoma,colonca46,colon_aca,69,69
test,colon_aca/colonca460.jpeg,1,adenocarcinoma,colonca460,colon_aca,144,144
test,colon_aca/colonca4601.jpeg,1,adenocarcinoma,colonca4601,colon_aca,119,119
test,colon_aca/colonca4636.jpeg,1,adenocarcinoma,colonca4636,colon_aca,239,239
test,colon_aca/colonca4639.jpeg,1,adenocarcinoma,colonca4639,colon_aca,148,148
test,colon_aca/colonca4640.jpeg,1,adenocarcinoma,colonca4640,colon_aca,60,60
test,colon_aca/colonca4641.jpeg,1,adenocarcinoma,colonca4641,colon_aca,60,60
test,colon_aca/colonca4642.jpeg,1,adenocarcinoma,colonca4642,colon_aca,236,236
test,colon_aca/colonca4643.jpeg,1,adenocarcinoma,colonca4643,colon_aca,69,69
test,colon_aca/colonca4645.jpeg,1,adenocarcinoma,colonca4645,colon_aca,155,155
test,colon_aca/colonca4658.jpeg,1,adenocarcinoma,colonca4658,colon_aca,18,18
test,colon_aca/colonca4660.jpeg,1,adenocarcinoma,colonca4660,colon_aca,119,119
test,colon_aca/colonca4663.jpeg,1,adenocarcinoma,colonca4663,colon_aca,184,184
test,colon_aca/colonca4664.jpeg,1,adenocarcinoma,colonca4664,colon_aca,55,55
test,colon_aca/colonca4679.jpeg,1,adenocarcinoma,colonca4679,colon_aca,111,111
test,colon_aca/colonca4683.jpeg,1,adenocarcinoma,colonca4683,colon_aca,19,19
test,colon_aca/colonca4699.jpeg,1,adenocarcinoma,colonca4699,colon_aca,25,25
test,colon_aca/colonca47.jpeg,1,adenocarcinoma,colonca47,colon_aca,137,137
test,colon_aca/colonca4700.jpeg,1,adenocarcinoma,colonca4700,colon_aca,25,25
test,colon_aca/colonca4701.jpeg,1,adenocarcinoma,colonca4701,colon_aca,148,148
test,colon_aca/colonca4702.jpeg,1,adenocarcinoma,colonca4702,colon_aca,66,66
test,colon_aca/colonca4703.jpeg,1,adenocarcinoma,colonca4703,colon_aca,109,109
test,colon_aca/colonca4705.jpeg,1,adenocarcinoma,colonca4705,colon_aca,236,236
test,colon_aca/colonca4708.jpeg,1,adenocarcinoma,colonca4708,colon_aca,137,137
test,colon_aca/colonca4717.jpeg,1,adenocarcinoma,colonca4717,colon_aca,144,144
test,colon_aca/colonca4720.jpeg,1,adenocarcinoma,colonca4720,colon_aca,199,199
test,colon_aca/colonca4721.jpeg,1,adenocarcinoma,colonca4721,colon_aca,6,6
test,colon_aca/colonca475.jpeg,1,adenocarcinoma,colonca475,colon_aca,181,181
test,colon_aca/colonca4751.jpeg,1,adenocarcinoma,colonca4751,colon_aca,154,154
test,colon_aca/colonca4752.jpeg,1,adenocarcinoma,colonca4752,colon_aca,154,154
test,colon_aca/colonca4754.jpeg,1,adenocarcinoma,colonca4754,colon_aca,114,114
test,colon_aca/colonca4756.jpeg,1,adenocarcinoma,colonca4756,colon_aca,73,73
test,colon_aca/colonca4761.jpeg,1,adenocarcinoma,colonca4761,colon_aca,148,148
test,colon_aca/colonca4762.jpeg,1,adenocarcinoma,colonca4762,colon_aca,148,148
test,colon_aca/colonca4763.jpeg,1,adenocarcinoma,colonca4763,colon_aca,60,60
test,colon_aca/colonca4790.jpeg,1,adenocarcinoma,colonca4790,colon_aca,181,181
test,colon_aca/colonca4791.jpeg,1,adenocarcinoma,colonca4791,colon_aca,181,181
test,colon_aca/colonca4798.jpeg,1,adenocarcinoma,colonca4798,colon_aca,111,111
test,colon_aca/colonca4802.jpeg,1,adenocarcinoma,colonca4802,colon_aca,117,117
test,colon_aca/colonca4803.jpeg,1,adenocarcinoma,colonca4803,colon_aca,117,117
test,colon_aca/colonca4806.jpeg,1,adenocarcinoma,colonca4806,colon_aca,158,158
test,colon_aca/colonca4813.jpeg,1,adenocarcinoma,colonca4813,colon_aca,154,154
test,colon_aca/colonca4818.jpeg,1,adenocarcinoma,colonca4818,colon_aca,223,223
test,colon_aca/colonca4822.jpeg,1,adenocarcinoma,colonca4822,colon_aca,109,109
test,colon_aca/colonca4825.jpeg,1,adenocarcinoma,colonca4825,colon_aca,155,155
test,colon_aca/colonca4827.jpeg,1,adenocarcinoma,colonca4827,colon_aca,137,137
test,colon_aca/colonca483.jpeg,1,adenocarcinoma,colonca483,colon_aca,233,233
test,colon_aca/colonca4845.jpeg,1,adenocarcinoma,colonca4845,colon_aca,18,18
test,colon_aca/colonca4849.jpeg,1,adenocarcinoma,colonca4849,colon_aca,184,184
test,colon_aca/colonca4860.jpeg,1,adenocarcinoma,colonca4860,colon_aca,96,96
test,colon_aca/colonca4862.jpeg,1,adenocarcinoma,colonca4862,colon_aca,19,19
test,colon_aca/colonca4864.jpeg,1,adenocarcinoma,colonca4864,colon_aca,15,15
test,colon_aca/colonca4883.jpeg,1,adenocarcinoma,colonca4883,colon_aca,236,236
test,colon_aca/colonca4884.jpeg,1,adenocarcinoma,colonca4884,colon_aca,69,69
test,colon_aca/colonca4888.jpeg,1,adenocarcinoma,colonca4888,colon_aca,137,137
test,colon_aca/colonca490.jpeg,1,adenocarcinoma,colonca490,colon_aca,117,117
test,colon_aca/colonca4902.jpeg,1,adenocarcinoma,colonca4902,colon_aca,184,184
test,colon_aca/colonca4907.jpeg,1,adenocarcinoma,colonca4907,colon_aca,200,200
test,colon_aca/colonca4911.jpeg,1,adenocarcinoma,colonca4911,colon_aca,96,96
test,colon_aca/colonca4913.jpeg,1,adenocarcinoma,colonca4913,colon_aca,111,111
test,colon_aca/colonca4918.jpeg,1,adenocarcinoma,colonca4918,colon_aca,19,19
test,colon_aca/colonca4931.jpeg,1,adenocarcinoma,colonca4931,colon_aca,73,73
test,colon_aca/colonca495.jpeg,1,adenocarcinoma,colonca495,colon_aca,232,232
test,colon_aca/colonca4957.jpeg,1,adenocarcinoma,colonca4957,colon_aca,18,18
test,colon_aca/colonca4972.jpeg,1,adenocarcinoma,colonca4972,colon_aca,215,215
test,colon_aca/colonca4989.jpeg,1,adenocarcinoma,colonca4989,colon_aca,25,25
test,colon_aca/colonca4991.jpeg,1,adenocarcinoma,colonca4991,colon_aca,140,140
test,colon_aca/colonca4995.jpeg,1,adenocarcinoma,colonca4995,colon_aca,18,18
test,colon_aca/colonca4997.jpeg,1,adenocarcinoma,colonca4997,colon_aca,184,184
test,colon_aca/colonca5.jpeg,1,adenocarcinoma,colonca5,colon_aca,236,236
test,colon_aca/colonca5000.jpeg,1,adenocarcinoma,colonca5000,colon_aca,215,215
test,colon_aca/colonca507.jpeg,1,adenocarcinoma,colonca507,colon_aca,73,73
test,colon_aca/colonca51.jpeg,1,adenocarcinoma,colonca51,colon_aca,144,144
test,colon_aca/colonca515.jpeg,1,adenocarcinoma,colonca515,colon_aca,25,25
test,colon_aca/colonca521.jpeg,1,adenocarcinoma,colonca521,colon_aca,137,137
test,colon_aca/colonca528.jpeg,1,adenocarcinoma,colonca528,colon_aca,144,144
test,colon_aca/colonca538.jpeg,1,adenocarcinoma,colonca538,colon_aca,55,55
test,colon_aca/colonca539.jpeg,1,adenocarcinoma,colonca539,colon_aca,55,55
test,colon_aca/colonca541.jpeg,1,adenocarcinoma,colonca541,colon_aca,181,181
test,colon_aca/colonca55.jpeg,1,adenocarcinoma,colonca55,colon_aca,18,18
test,colon_aca/colonca550.jpeg,1,adenocarcinoma,colonca550,colon_aca,97,97
test,colon_aca/colonca551.jpeg,1,adenocarcinoma,colonca551,colon_aca,97,97
test,colon_aca/colonca557.jpeg,1,adenocarcinoma,colonca557,colon_aca,19,19
test,colon_aca/colonca575.jpeg,1,adenocarcinoma,colonca575,colon_aca,236,236
test,colon_aca/colonca585.jpeg,1,adenocarcinoma,colonca585,colon_aca,144,144
test,colon_aca/colonca588.jpeg,1,adenocarcinoma,colonca588,colon_aca,6,6
test,colon_aca/colonca593.jpeg,1,adenocarcinoma,colonca593,colon_aca,18,18
test,colon_aca/colonca606.jpeg,1,adenocarcinoma,colonca606,colon_aca,139,139
test,colon_aca/colonca608.jpeg,1,adenocarcinoma,colonca608,colon_aca,97,97
test,colon_aca/colonca614.jpeg,1,adenocarcinoma,colonca614,colon_aca,117,117
test,colon_aca/colonca62.jpeg,1,adenocarcinoma,colonca62,colon_aca,200,200
test,colon_aca/colonca623.jpeg,1,adenocarcinoma,colonca623,colon_aca,114,114
test,colon_aca/colonca626.jpeg,1,adenocarcinoma,colonca626,colon_aca,223,223
test,colon_aca/colonca628.jpeg,1,adenocarcinoma,colonca628,colon_aca,66,66
test,colon_aca/colonca63.jpeg,1,adenocarcinoma,colonca63,colon_aca,183,183
test,colon_aca/colonca65.jpeg,1,adenocarcinoma,colonca65,colon_aca,215,215
test,colon_aca/colonca650.jpeg,1,adenocarcinoma,colonca650,colon_aca,55,55
test,colon_aca/colonca655.jpeg,1,adenocarcinoma,colonca655,colon_aca,159,159
test,colon_aca/colonca664.jpeg,1,adenocarcinoma,colonca664,colon_aca,233,233
test,colon_aca/colonca665.jpeg,1,adenocarcinoma,colonca665,colon_aca,139,139
test,colon_aca/colonca676.jpeg,1,adenocarcinoma,colonca676,colon_aca,158,158
test,colon_aca/colonca677.jpeg,1,adenocarcinoma,colonca677,colon_aca,232,232
test,colon_aca/colonca684.jpeg,1,adenocarcinoma,colonca684,colon_aca,114,114
test,colon_aca/colonca691.jpeg,1,adenocarcinoma,colonca691,colon_aca,109,109
test,colon_aca/colonca699.jpeg,1,adenocarcinoma,colonca699,colon_aca,137,137
test,colon_aca/colonca709.jpeg,1,adenocarcinoma,colonca709,colon_aca,18,18
test,colon_aca/colonca71.jpeg,1,adenocarcinoma,colonca71,colon_aca,96,96
test,colon_aca/colonca717.jpeg,1,adenocarcinoma,colonca717,colon_aca,55,55
test,colon_aca/colonca726.jpeg,1,adenocarcinoma,colonca726,colon_aca,233,233
test,colon_aca/colonca727.jpeg,1,adenocarcinoma,colonca727,colon_aca,233,233
test,colon_aca/colonca743.jpeg,1,adenocarcinoma,colonca743,colon_aca,19,19
test,colon_aca/colonca747.jpeg,1,adenocarcinoma,colonca747,colon_aca,158,158
test,colon_aca/colonca748.jpeg,1,adenocarcinoma,colonca748,colon_aca,232,232
test,colon_aca/colonca750.jpeg,1,adenocarcinoma,colonca750,colon_aca,15,15
test,colon_aca/colonca76.jpeg,1,adenocarcinoma,colonca76,colon_aca,111,111
test,colon_aca/colonca761.jpeg,1,adenocarcinoma,colonca761,colon_aca,69,69
test,colon_aca/colonca763.jpeg,1,adenocarcinoma,colonca763,colon_aca,140,140
test,colon_aca/colonca779.jpeg,1,adenocarcinoma,colonca779,colon_aca,119,119
test,colon_aca/colonca781.jpeg,1,adenocarcinoma,colonca781,colon_aca,184,184
test,colon_aca/colonca785.jpeg,1,adenocarcinoma,colonca785,colon_aca,200,200
test,colon_aca/colonca786.jpeg,1,adenocarcinoma,colonca786,colon_aca,215,215
test,colon_aca/colonca789.jpeg,1,adenocarcinoma,colonca789,colon_aca,233,233
test,colon_aca/colonca792.jpeg,1,adenocarcinoma,colonca792,colon_aca,139,139
test,colon_aca/colonca794.jpeg,1,adenocarcinoma,colonca794,colon_aca,97,97
test,colon_aca/colonca795.jpeg,1,adenocarcinoma,colonca795,colon_aca,97,97
test,colon_aca/colonca808.jpeg,1,adenocarcinoma,colonca808,colon_aca,73,73
test,colon_aca/colonca809.jpeg,1,adenocarcinoma,colonca809,colon_aca,73,73
test,colon_aca/colonca813.jpeg,1,adenocarcinoma,colonca813,colon_aca,66,66
test,colon_aca/colonca818.jpeg,1,adenocarcinoma,colonca818,colon_aca,137,137
test,colon_aca/colonca83.jpeg,1,adenocarcinoma,colonca83,colon_aca,117,117
test,colon_aca/colonca831.jpeg,1,adenocarcinoma,colonca831,colon_aca,199,199
test,colon_aca/colonca835.jpeg,1,adenocarcinoma,colonca835,colon_aca,184,184
test,colon_aca/colonca843.jpeg,1,adenocarcinoma,colonca843,colon_aca,215,215
test,colon_aca/colonca858.jpeg,1,adenocarcinoma,colonca858,colon_aca,15,15
test,colon_aca/colonca867.jpeg,1,adenocarcinoma,colonca867,colon_aca,239,239
test,colon_aca/colonca889.jpeg,1,adenocarcinoma,colonca889,colon_aca,55,55
test,colon_aca/colonca899.jpeg,1,adenocarcinoma,colonca899,colon_aca,159,159
test,colon_aca/colonca902.jpeg,1,adenocarcinoma,colonca902,colon_aca,96,96
test,colon_aca/colonca903.jpeg,1,adenocarcinoma,colonca903,colon_aca,96,96
test,colon_aca/colonca919.jpeg,1,adenocarcinoma,colonca919,colon_aca,114,114
test,colon_aca/colonca92.jpeg,1,adenocarcinoma,colonca92,colon_aca,154,154
test,colon_aca/colonca951.jpeg,1,adenocarcinoma,colonca951,colon_aca,181,181
test,colon_aca/colonca953.jpeg,1,adenocarcinoma,colonca953,colon_aca,159,159
test,colon_aca/colonca958.jpeg,1,adenocarcinoma,colonca958,colon_aca,215,215
test,colon_aca/colonca961.jpeg,1,adenocarcinoma,colonca961,colon_aca,233,233
test,colon_aca/colonca963.jpeg,1,adenocarcinoma,colonca963,colon_aca,111,111
test,colon_aca/colonca97.jpeg,1,adenocarcinoma,colonca97,colon_aca,73,73
test,colon_aca/colonca98.jpeg,1,adenocarcinoma,colonca98,colon_aca,25,25
test,colon_aca/colonca988.jpeg,1,adenocarcinoma,colonca988,colon_aca,155,155
test,colon_aca/colonca99.jpeg,1,adenocarcinoma,colonca99,colon_aca,60,60
train,colon_n/colonn10.jpeg,0,benign,colonn10,colon_n,12,261
train,colon_n/colonn100.jpeg,0,benign,colonn100,colon_n,157,406
train,colon_n/colonn1000.jpeg,0,benign,colonn1000,colon_n,65,314
train,colon_n/colonn1001.jpeg,0,benign,colonn1001,colon_n,213,462
train,colon_n/colonn1002.jpeg,0,benign,colonn1002,colon_n,4,253
train,colon_n/colonn1003.jpeg,0,benign,colonn1003,colon_n,166,415
train,colon_n/colonn1004.jpeg,0,benign,colonn1004,colon_n,166,415
train,colon_n/colonn1005.jpeg,0,benign,colonn1005,colon_n,205,454
train,colon_n/colonn1007.jpeg,0,benign,colonn1007,colon_n,14,263
train,colon_n/colonn1008.jpeg,0,benign,colonn1008,colon_n,5,254
train,colon_n/colonn1009.jpeg,0,benign,colonn1009,colon_n,163,412
train,colon_n/colonn101.jpeg,0,benign,colonn101,colon_n,226,475
train,colon_n/colonn1010.jpeg,0,benign,colonn1010,colon_n,163,412
train,colon_n/colonn1011.jpeg,0,benign,colonn1011,colon_n,34,283
train,colon_n/colonn1013.jpeg,0,benign,colonn1013,colon_n,148,397
train,colon_n/colonn1015.jpeg,0,benign,colonn1015,colon_n,64,313
train,colon_n/colonn1016.jpeg,0,benign,colonn1016,colon_n,118,367
train,colon_n/colonn1017.jpeg,0,benign,colonn1017,colon_n,11,260
train,colon_n/colonn1018.jpeg,0,benign,colonn1018,colon_n,214,463
train,colon_n/colonn102.jpeg,0,benign,colonn102,colon_n,98,347
train,colon_n/colonn1020.jpeg,0,benign,colonn1020,colon_n,238,487
train,colon_n/colonn1021.jpeg,0,benign,colonn1021,colon_n,83,332
train,colon_n/colonn1022.jpeg,0,benign,colonn1022,colon_n,53,302
train,colon_n/colonn1023.jpeg,0,benign,colonn1023,colon_n,184,433
train,colon_n/colonn1028.jpeg,0,benign,colonn1028,colon_n,103,352
train,colon_n/colonn1029.jpeg,0,benign,colonn1029,colon_n,52,301
train,colon_n/colonn1032.jpeg,0,benign,colonn1032,colon_n,124,373
train,colon_n/colonn1033.jpeg,0,benign,colonn1033,colon_n,91,340
train,colon_n/colonn1034.jpeg,0,benign,colonn1034,colon_n,99,348
train,colon_n/colonn1035.jpeg,0,benign,colonn1035,colon_n,220,469
train,colon_n/colonn1036.jpeg,0,benign,colonn1036,colon_n,220,469
train,colon_n/colonn1037.jpeg,0,benign,colonn1037,colon_n,226,475
train,colon_n/colonn1038.jpeg,0,benign,colonn1038,colon_n,98,347
train,colon_n/colonn1039.jpeg,0,benign,colonn1039,colon_n,189,438
train,colon_n/colonn1040.jpeg,0,benign,colonn1040,colon_n,196,445
train,colon_n/colonn1043.jpeg,0,benign,colonn1043,colon_n,141,390
train,colon_n/colonn1044.jpeg,0,benign,colonn1044,colon_n,128,377
train,colon_n/colonn1047.jpeg,0,benign,colonn1047,colon_n,105,354
train,colon_n/colonn1048.jpeg,0,benign,colonn1048,colon_n,219,468
train,colon_n/colonn1049.jpeg,0,benign,colonn1049,colon_n,62,311
train,colon_n/colonn105.jpeg,0,benign,colonn105,colon_n,211,460
train,colon_n/colonn1050.jpeg,0,benign,colonn1050,colon_n,149,398
train,colon_n/colonn1051.jpeg,0,benign,colonn1051,colon_n,22,271
train,colon_n/colonn1052.jpeg,0,benign,colonn1052,colon_n,22,271
train,colon_n/colonn1053.jpeg,0,benign,colonn1053,colon_n,20,269
train,colon_n/colonn1056.jpeg,0,benign,colonn1056,colon_n,8,257
train,colon_n/colonn1057.jpeg,0,benign,colonn1057,colon_n,109,358
train,colon_n/colonn1058.jpeg,0,benign,colonn1058,colon_n,56,305
train,colon_n/colonn1059.jpeg,0,benign,colonn1059,colon_n,57,306
train,colon_n/colonn106.jpeg,0,benign,colonn106,colon_n,110,359
train,colon_n/colonn1060.jpeg,0,benign,colonn1060,colon_n,48,297
train,colon_n/colonn1061.jpeg,0,benign,colonn1061,colon_n,133,382
train,colon_n/colonn1063.jpeg,0,benign,colonn1063,colon_n,4,253
train,colon_n/colonn1064.jpeg,0,benign,colonn1064,colon_n,95,344
train,colon_n/colonn1065.jpeg,0,benign,colonn1065,colon_n,205,454
train,colon_n/colonn1066.jpeg,0,benign,colonn1066,colon_n,31,280
train,colon_n/colonn1067.jpeg,0,benign,colonn1067,colon_n,122,371
train,colon_n/colonn1068.jpeg,0,benign,colonn1068,colon_n,50,299
train,colon_n/colonn1069.jpeg,0,benign,colonn1069,colon_n,49,298
train,colon_n/colonn107.jpeg,0,benign,colonn107,colon_n,85,334
train,colon_n/colonn1072.jpeg,0,benign,colonn1072,colon_n,53,302
train,colon_n/colonn1073.jpeg,0,benign,colonn1073,colon_n,53,302
train,colon_n/colonn1074.jpeg,0,benign,colonn1074,colon_n,184,433
train,colon_n/colonn1075.jpeg,0,benign,colonn1075,colon_n,155,404
train,colon_n/colonn1076.jpeg,0,benign,colonn1076,colon_n,155,404
train,colon_n/colonn1077.jpeg,0,benign,colonn1077,colon_n,188,437
train,colon_n/colonn108.jpeg,0,benign,colonn108,colon_n,180,429
train,colon_n/colonn1081.jpeg,0,benign,colonn1081,colon_n,129,378
train,colon_n/colonn1082.jpeg,0,benign,colonn1082,colon_n,94,343
train,colon_n/colonn1083.jpeg,0,benign,colonn1083,colon_n,35,284
train,colon_n/colonn1084.jpeg,0,benign,colonn1084,colon_n,35,284
train,colon_n/colonn1085.jpeg,0,benign,colonn1085,colon_n,251,500
train,colon_n/colonn1088.jpeg,0,benign,colonn1088,colon_n,76,325
train,colon_n/colonn1089.jpeg,0,benign,colonn1089,colon_n,99,348
train,colon_n/colonn1090.jpeg,0,benign,colonn1090,colon_n,215,464
train,colon_n/colonn1092.jpeg,0,benign,colonn1092,colon_n,36,285
train,colon_n/colonn1093.jpeg,0,benign,colonn1093,colon_n,36,285
train,colon_n/colonn1094.jpeg,0,benign,colonn1094,colon_n,32,281
train,colon_n/colonn1095.jpeg,0,benign,colonn1095,colon_n,220,469
train,colon_n/colonn1098.jpeg,0,benign,colonn1098,colon_n,98,347
train,colon_n/colonn11.jpeg,0,benign,colonn11,colon_n,39,288
train,colon_n/colonn110.jpeg,0,benign,colonn110,colon_n,156,405
train,colon_n/colonn1101.jpeg,0,benign,colonn1101,colon_n,177,426
train,colon_n/colonn1105.jpeg,0,benign,colonn1105,colon_n,180,429
train,colon_n/colonn1106.jpeg,0,benign,colonn1106,colon_n,156,405
train,colon_n/colonn1107.jpeg,0,benign,colonn1107,colon_n,149,398
train,colon_n/colonn1108.jpeg,0,benign,colonn1108,colon_n,149,398
train,colon_n/colonn1109.jpeg,0,benign,colonn1109,colon_n,7,256
train,colon_n/colonn111.jpeg,0,benign,colonn111,colon_n,116,365
train,colon_n/colonn1110.jpeg,0,benign,colonn1110,colon_n,22,271
train,colon_n/colonn1113.jpeg,0,benign,colonn1113,colon_n,212,461
train,colon_n/colonn1114.jpeg,0,benign,colonn1114,colon_n,193,442
train,colon_n/colonn1115.jpeg,0,benign,colonn1115,colon_n,17,266
train,colon_n/colonn1116.jpeg,0,benign,colonn1116,colon_n,56,305
train,colon_n/colonn1117.jpeg,0,benign,colonn1117,colon_n,42,291
train,colon_n/colonn1118.jpeg,0,benign,colonn1118,colon_n,42,291
train,colon_n/colonn112.jpeg,0,benign,colonn112,colon_n,13,262
train,colon_n/colonn1120.jpeg,0,benign,colonn1120,colon_n,133,382
train,colon_n/colonn1121.jpeg,0,benign,colonn1121,colon_n,65,314
train,colon_n/colonn1125.jpeg,0,benign,colonn1125,colon_n,234,483
train,colon_n/colonn1126.jpeg,0,benign,colonn1126,colon_n,234,483
train,colon_n/colonn1127.jpeg,0,benign,colonn1127,colon_n,34,283
train,colon_n/colonn1128.jpeg,0,benign,colonn1128,colon_n,37,286
train,colon_n/colonn113.jpeg,0,benign,colonn113,colon_n,13,262
train,colon_n/colonn1130.jpeg,0,benign,colonn1130,colon_n,185,434
train,colon_n/colonn1131.jpeg,0,benign,colonn1131,colon_n,185,434
train,colon_n/colonn1132.jpeg,0,benign,colonn1132,colon_n,230,479
train,colon_n/colonn1134.jpeg,0,benign,colonn1134,colon_n,26,275
train,colon_n/colonn1135.jpeg,0,benign,colonn1135,colon_n,155,404
train,colon_n/colonn1137.jpeg,0,benign,colonn1137,colon_n,119,368
train,colon_n/colonn1138.jpeg,0,benign,colonn1138,colon_n,167,416
train,colon_n/colonn1139.jpeg,0,benign,colonn1139,colon_n,167,416
train,colon_n/colonn114.jpeg,0,benign,colonn114,colon_n,145,394
train,colon_n/colonn1140.jpeg,0,benign,colonn1140,colon_n,167,416
train,colon_n/colonn1141.jpeg,0,benign,colonn1141,colon_n,203,452
train,colon_n/colonn1142.jpeg,0,benign,colonn1142,colon_n,129,378
train,colon_n/colonn1143.jpeg,0,benign,colonn1143,colon_n,94,343
train,colon_n/colonn1144.jpeg,0,benign,colonn1144,colon_n,58,307
train,colon_n/colonn1145.jpeg,0,benign,colonn1145,colon_n,191,440
train,colon_n/colonn1149.jpeg,0,benign,colonn1149,colon_n,36,285
train,colon_n/colonn115.jpeg,0,benign,colonn115,colon_n,20,269
train,colon_n/colonn1150.jpeg,0,benign,colonn1150,colon_n,32,281
train,colon_n/colonn1151.jpeg,0,benign,colonn1151,colon_n,220,469
train,colon_n/colonn1157.jpeg,0,benign,colonn1157,colon_n,128,377
train,colon_n/colonn1159.jpeg,0,benign,colonn1159,colon_n,105,354
train,colon_n/colonn116.jpeg,0,benign,colonn116,colon_n,23,272
train,colon_n/colonn1160.jpeg,0,benign,colonn1160,colon_n,142,391
train,colon_n/colonn1161.jpeg,0,benign,colonn1161,colon_n,145,394
train,colon_n/colonn1162.jpeg,0,benign,colonn1162,colon_n,145,394
train,colon_n/colonn1163.jpeg,0,benign,colonn1163,colon_n,20,269
train,colon_n/colonn1164.jpeg,0,benign,colonn1164,colon_n,20,269
train,colon_n/colonn1165.jpeg,0,benign,colonn1165,colon_n,23,272
train,colon_n/colonn1166.jpeg,0,benign,colonn1166,colon_n,8,257
train,colon_n/colonn1167.jpeg,0,benign,colonn1167,colon_n,193,442
train,colon_n/colonn1168.jpeg,0,benign,colonn1168,colon_n,195,444
train,colon_n/colonn1169.jpeg,0,benign,colonn1169,colon_n,135,384
train,colon_n/colonn117.jpeg,0,benign,colonn117,colon_n,70,319
train,colon_n/colonn1171.jpeg,0,benign,colonn1171,colon_n,71,320
train,colon_n/colonn1172.jpeg,0,benign,colonn1172,colon_n,48,297
train,colon_n/colonn1173.jpeg,0,benign,colonn1173,colon_n,47,296
train,colon_n/colonn1174.jpeg,0,benign,colonn1174,colon_n,139,388
train,colon_n/colonn1175.jpeg,0,benign,colonn1175,colon_n,93,342
train,colon_n/colonn1176.jpeg,0,benign,colonn1176,colon_n,93,342
train,colon_n/colonn1177.jpeg,0,benign,colonn1177,colon_n,158,407
train,colon_n/colonn1178.jpeg,0,benign,colonn1178,colon_n,133,382
train,colon_n/colonn1179.jpeg,0,benign,colonn1179,colon_n,133,382
train,colon_n/colonn1180.jpeg,0,benign,colonn1180,colon_n,21,270
train,colon_n/colonn1181.jpeg,0,benign,colonn1181,colon_n,213,462
train,colon_n/colonn1182.jpeg,0,benign,colonn1182,colon_n,39,288
train,colon_n/colonn1183.jpeg,0,benign,colonn1183,colon_n,242,491
train,colon_n/colonn1185.jpeg,0,benign,colonn1185,colon_n,14,263
train,colon_n/colonn1186.jpeg,0,benign,colonn1186,colon_n,50,299
train,colon_n/colonn1187.jpeg,0,benign,colonn1187,colon_n,118,367
train,colon_n/colonn1188.jpeg,0,benign,colonn1188,colon_n,214,463
train,colon_n/colonn1189.jpeg,0,benign,colonn1189,colon_n,204,453
train,colon_n/colonn119.jpeg,0,benign,colonn119,colon_n,236,485
train,colon_n/colonn1191.jpeg,0,benign,colonn1191,colon_n,169,418
train,colon_n/colonn1192.jpeg,0,benign,colonn1192,colon_n,131,380
train,colon_n/colonn1193.jpeg,0,benign,colonn1193,colon_n,222,471
train,colon_n/colonn1194.jpeg,0,benign,colonn1194,colon_n,155,404
train,colon_n/colonn1196.jpeg,0,benign,colonn1196,colon_n,0,249
train,colon_n/colonn1198.jpeg,0,benign,colonn1198,colon_n,203,452
train,colon_n/colonn1199.jpeg,0,benign,colonn1199,colon_n,246,495
train,colon_n/colonn120.jpeg,0,benign,colonn120,colon_n,236,485
train,colon_n/colonn1200.jpeg,0,benign,colonn1200,colon_n,251,500
train,colon_n/colonn1203.jpeg,0,benign,colonn1203,colon_n,124,373
train,colon_n/colonn1204.jpeg,0,benign,colonn1204,colon_n,254,503
train,colon_n/colonn1205.jpeg,0,benign,colonn1205,colon_n,187,436
train,colon_n/colonn1206.jpeg,0,benign,colonn1206,colon_n,189,438
train,colon_n/colonn1207.jpeg,0,benign,colonn1207,colon_n,1,250
train,colon_n/colonn1209.jpeg,0,benign,colonn1209,colon_n,196,445
train,colon_n/colonn1210.jpeg,0,benign,colonn1210,colon_n,2,251
train,colon_n/colonn1212.jpeg,0,benign,colonn1212,colon_n,128,377
train,colon_n/colonn1213.jpeg,0,benign,colonn1213,colon_n,81,330
train,colon_n/colonn1214.jpeg,0,benign,colonn1214,colon_n,81,330
train,colon_n/colonn1215.jpeg,0,benign,colonn1215,colon_n,227,476
train,colon_n/colonn1216.jpeg,0,benign,colonn1216,colon_n,80,329
train,colon_n/colonn1220.jpeg,0,benign,colonn1220,colon_n,89,338
train,colon_n/colonn1222.jpeg,0,benign,colonn1222,colon_n,27,276
train,colon_n/colonn1223.jpeg,0,benign,colonn1223,colon_n,8,257
train,colon_n/colonn1224.jpeg,0,benign,colonn1224,colon_n,56,305
train,colon_n/colonn1225.jpeg,0,benign,colonn1225,colon_n,42,291
train,colon_n/colonn1226.jpeg,0,benign,colonn1226,colon_n,74,323
train,colon_n/colonn1229.jpeg,0,benign,colonn1229,colon_n,48,297
train,colon_n/colonn1231.jpeg,0,benign,colonn1231,colon_n,12,261
train,colon_n/colonn1232.jpeg,0,benign,colonn1232,colon_n,4,253
train,colon_n/colonn1233.jpeg,0,benign,colonn1233,colon_n,59,308
train,colon_n/colonn1234.jpeg,0,benign,colonn1234,colon_n,106,355
train,colon_n/colonn1235.jpeg,0,benign,colonn1235,colon_n,50,299
train,colon_n/colonn1236.jpeg,0,benign,colonn1236,colon_n,37,286
train,colon_n/colonn1237.jpeg,0,benign,colonn1237,colon_n,49,298
train,colon_n/colonn1238.jpeg,0,benign,colonn1238,colon_n,138,387
train,colon_n/colonn124.jpeg,0,benign,colonn124,colon_n,42,291
train,colon_n/colonn1240.jpeg,0,benign,colonn1240,colon_n,11,260
train,colon_n/colonn1241.jpeg,0,benign,colonn1241,colon_n,169,418
train,colon_n/colonn1242.jpeg,0,benign,colonn1242,colon_n,100,349
train,colon_n/colonn1243.jpeg,0,benign,colonn1243,colon_n,131,380
train,colon_n/colonn1244.jpeg,0,benign,colonn1244,colon_n,53,302
train,colon_n/colonn1246.jpeg,0,benign,colonn1246,colon_n,188,437
train,colon_n/colonn1247.jpeg,0,benign,colonn1247,colon_n,0,249
train,colon_n/colonn1248.jpeg,0,benign,colonn1248,colon_n,61,310
train,colon_n/colonn125.jpeg,0,benign,colonn125,colon_n,143,392
train,colon_n/colonn1251.jpeg,0,benign,colonn1251,colon_n,44,293
train,colon_n/colonn1253.jpeg,0,benign,colonn1253,colon_n,103,352
train,colon_n/colonn1254.jpeg,0,benign,colonn1254,colon_n,52,301
train,colon_n/colonn1255.jpeg,0,benign,colonn1255,colon_n,88,337
train,colon_n/colonn1256.jpeg,0,benign,colonn1256,colon_n,88,337
train,colon_n/colonn1257.jpeg,0,benign,colonn1257,colon_n,198,447
train,colon_n/colonn1258.jpeg,0,benign,colonn1258,colon_n,174,423
train,colon_n/colonn1259.jpeg,0,benign,colonn1259,colon_n,58,307
train,colon_n/colonn126.jpeg,0,benign,colonn126,colon_n,139,388
train,colon_n/colonn1261.jpeg,0,benign,colonn1261,colon_n,187,436
train,colon_n/colonn1262.jpeg,0,benign,colonn1262,colon_n,32,281
train,colon_n/colonn1264.jpeg,0,benign,colonn1264,colon_n,233,482
train,colon_n/colonn1265.jpeg,0,benign,colonn1265,colon_n,121,370
train,colon_n/colonn1266.jpeg,0,benign,colonn1266,colon_n,164,413
train,colon_n/colonn1267.jpeg,0,benign,colonn1267,colon_n,211,460
train,colon_n/colonn1268.jpeg,0,benign,colonn1268,colon_n,105,354
train,colon_n/colonn1269.jpeg,0,benign,colonn1269,colon_n,85,334
train,colon_n/colonn127.jpeg,0,benign,colonn127,colon_n,210,459
train,colon_n/colonn1270.jpeg,0,benign,colonn1270,colon_n,85,334
train,colon_n/colonn1271.jpeg,0,benign,colonn1271,colon_n,85,334
train,colon_n/colonn1272.jpeg,0,benign,colonn1272,colon_n,22,271
train,colon_n/colonn1273.jpeg,0,benign,colonn1273,colon_n,123,372
train,colon_n/colonn1274.jpeg,0,benign,colonn1274,colon_n,27,276
train,colon_n/colonn1275.jpeg,0,benign,colonn1275,colon_n,70,319
train,colon_n/colonn1276.jpeg,0,benign,colonn1276,colon_n,218,467
train,colon_n/colonn1277.jpeg,0,benign,colonn1277,colon_n,17,266
train,colon_n/colonn1278.jpeg,0,benign,colonn1278,colon_n,17,266
train,colon_n/colonn128.jpeg,0,benign,colonn128,colon_n,41,290
train,colon_n/colonn1280.jpeg,0,benign,colonn1280,colon_n,217,466
train,colon_n/colonn1281.jpeg,0,benign,colonn1281,colon_n,71,320
train,colon_n/colonn1282.jpeg,0,benign,colonn1282,colon_n,47,296
train,colon_n/colonn1283.jpeg,0,benign,colonn1283,colon_n,210,459
train,colon_n/colonn1285.jpeg,0,benign,colonn1285,colon_n,39,288
train,colon_n/colonn1286.jpeg,0,benign,colonn1286,colon_n,102,351
train,colon_n/colonn1287.jpeg,0,benign,colonn1287,colon_n,78,327
train,colon_n/colonn1288.jpeg,0,benign,colonn1288,colon_n,78,327
train,colon_n/colonn1289.jpeg,0,benign,colonn1289,colon_n,72,321
train,colon_n/colonn129.jpeg,0,benign,colonn129,colon_n,65,314
train,colon_n/colonn1293.jpeg,0,benign,colonn1293,colon_n,37,286
train,colon_n/colonn1294.jpeg,0,benign,colonn1294,colon_n,118,367
train,colon_n/colonn1295.jpeg,0,benign,colonn1295,colon_n,40,289
train,colon_n/colonn1296.jpeg,0,benign,colonn1296,colon_n,169,418
train,colon_n/colonn1297.jpeg,0,benign,colonn1297,colon_n,26,275
train,colon_n/colonn1298.jpeg,0,benign,colonn1298,colon_n,53,302
train,colon_n/colonn1301.jpeg,0,benign,colonn1301,colon_n,176,425
train,colon_n/colonn1308.jpeg,0,benign,colonn1308,colon_n,124,373
train,colon_n/colonn1309.jpeg,0,benign,colonn1309,colon_n,254,503
train,colon_n/colonn131.jpeg,0,benign,colonn131,colon_n,12,261
train,colon_n/colonn1310.jpeg,0,benign,colonn1310,colon_n,160,409
train,colon_n/colonn1311.jpeg,0,benign,colonn1311,colon_n,160,409
train,colon_n/colonn1312.jpeg,0,benign,colonn1312,colon_n,36,285
train,colon_n/colonn1313.jpeg,0,benign,colonn1313,colon_n,250,499
train,colon_n/colonn1314.jpeg,0,benign,colonn1314,colon_n,98,347
train,colon_n/colonn1317.jpeg,0,benign,colonn1317,colon_n,248,497
train,colon_n/colonn132.jpeg,0,benign,colonn132,colon_n,12,261
train,colon_n/colonn1320.jpeg,0,benign,colonn1320,colon_n,128,377
train,colon_n/colonn1321.jpeg,0,benign,colonn1321,colon_n,128,377
train,colon_n/colonn1324.jpeg,0,benign,colonn1324,colon_n,227,476
train,colon_n/colonn1325.jpeg,0,benign,colonn1325,colon_n,110,359
train,colon_n/colonn1327.jpeg,0,benign,colonn1327,colon_n,85,334
train,colon_n/colonn1328.jpeg,0,benign,colonn1328,colon_n,180,429
train,colon_n/colonn1329.jpeg,0,benign,colonn1329,colon_n,62,311
train,colon_n/colonn133.jpeg,0,benign,colonn133,colon_n,77,326
train,colon_n/colonn1330.jpeg,0,benign,colonn1330,colon_n,156,405
train,colon_n/colonn1331.jpeg,0,benign,colonn1331,colon_n,7,256
train,colon_n/colonn1332.jpeg,0,benign,colonn1332,colon_n,123,372
train,colon_n/colonn1333.jpeg,0,benign,colonn1333,colon_n,20,269
train,colon_n/colonn1334.jpeg,0,benign,colonn1334,colon_n,27,276
train,colon_n/colonn1335.jpeg,0,benign,colonn1335,colon_n,17,266
train,colon_n/colonn1337.jpeg,0,benign,colonn1337,colon_n,115,364
train,colon_n/colonn1338.jpeg,0,benign,colonn1338,colon_n,42,291
train,colon_n/colonn134.jpeg,0,benign,colonn134,colon_n,201,450
train,colon_n/colonn1340.jpeg,0,benign,colonn1340,colon_n,47,296
train,colon_n/colonn1341.jpeg,0,benign,colonn1341,colon_n,139,388
train,colon_n/colonn1342.jpeg,0,benign,colonn1342,colon_n,139,388
train,colon_n/colonn1345.jpeg,0,benign,colonn1345,colon_n,28,277
train,colon_n/colonn1346.jpeg,0,benign,colonn1346,colon_n,87,336
train,colon_n/colonn1348.jpeg,0,benign,colonn1348,colon_n,5,254
train,colon_n/colonn1349.jpeg,0,benign,colonn1349,colon_n,34,283
train,colon_n/colonn135.jpeg,0,benign,colonn135,colon_n,163,412
train,colon_n/colonn1350.jpeg,0,benign,colonn1350,colon_n,50,299
train,colon_n/colonn1351.jpeg,0,benign,colonn1351,colon_n,50,299
train,colon_n/colonn1353.jpeg,0,benign,colonn1353,colon_n,37,286
train,colon_n/colonn1354.jpeg,0,benign,colonn1354,colon_n,49,298
train,colon_n/colonn1355.jpeg,0,benign,colonn1355,colon_n,43,292
train,colon_n/colonn1356.jpeg,0,benign,colonn1356,colon_n,138,387
train,colon_n/colonn1358.jpeg,0,benign,colonn1358,colon_n,153,402
train,colon_n/colonn1359.jpeg,0,benign,colonn1359,colon_n,29,278
train,colon_n/colonn136.jpeg,0,benign,colonn136,colon_n,49,298
train,colon_n/colonn1360.jpeg,0,benign,colonn1360,colon_n,29,278
train,colon_n/colonn1361.jpeg,0,benign,colonn1361,colon_n,26,275
train,colon_n/colonn1362.jpeg,0,benign,colonn1362,colon_n,53,302
train,colon_n/colonn1363.jpeg,0,benign,colonn1363,colon_n,188,437
train,colon_n/colonn1364.jpeg,0,benign,colonn1364,colon_n,61,310
train,colon_n/colonn1365.jpeg,0,benign,colonn1365,colon_n,194,443
train,colon_n/colonn1367.jpeg,0,benign,colonn1367,colon_n,232,481
train,colon_n/colonn1368.jpeg,0,benign,colonn1368,colon_n,44,293
train,colon_n/colonn1369.jpeg,0,benign,colonn1369,colon_n,203,452
train,colon_n/colonn137.jpeg,0,benign,colonn137,colon_n,118,367
train,colon_n/colonn1370.jpeg,0,benign,colonn1370,colon_n,237,486
train,colon_n/colonn1371.jpeg,0,benign,colonn1371,colon_n,94,343
train,colon_n/colonn1372.jpeg,0,benign,colonn1372,colon_n,76,325
train,colon_n/colonn1373.jpeg,0,benign,colonn1373,colon_n,152,401
train,colon_n/colonn1374.jpeg,0,benign,colonn1374,colon_n,254,503
train,colon_n/colonn1375.jpeg,0,benign,colonn1375,colon_n,51,300
train,colon_n/colonn1376.jpeg,0,benign,colonn1376,colon_n,98,347
train,colon_n/colonn1377.jpeg,0,benign,colonn1377,colon_n,239,488
train,colon_n/colonn1378.jpeg,0,benign,colonn1378,colon_n,46,295
train,colon_n/colonn138.jpeg,0,benign,colonn138,colon_n,40,289
train,colon_n/colonn1381.jpeg,0,benign,colonn1381,colon_n,121,370
train,colon_n/colonn1382.jpeg,0,benign,colonn1382,colon_n,63,312
train,colon_n/colonn1383.jpeg,0,benign,colonn1383,colon_n,141,390
train,colon_n/colonn1387.jpeg,0,benign,colonn1387,colon_n,180,429
train,colon_n/colonn1388.jpeg,0,benign,colonn1388,colon_n,62,311
train,colon_n/colonn1389.jpeg,0,benign,colonn1389,colon_n,62,311
train,colon_n/colonn139.jpeg,0,benign,colonn139,colon_n,169,418
train,colon_n/colonn1391.jpeg,0,benign,colonn1391,colon_n,7,256
train,colon_n/colonn1393.jpeg,0,benign,colonn1393,colon_n,13,262
train,colon_n/colonn1394.jpeg,0,benign,colonn1394,colon_n,20,269
train,colon_n/colonn1395.jpeg,0,benign,colonn1395,colon_n,23,272
train,colon_n/colonn1396.jpeg,0,benign,colonn1396,colon_n,212,461
train,colon_n/colonn1397.jpeg,0,benign,colonn1397,colon_n,218,467
train,colon_n/colonn1398.jpeg,0,benign,colonn1398,colon_n,195,444
train,colon_n/colonn14.jpeg,0,benign,colonn14,colon_n,205,454
train,colon_n/colonn1402.jpeg,0,benign,colonn1402,colon_n,56,305
train,colon_n/colonn1403.jpeg,0,benign,colonn1403,colon_n,56,305
train,colon_n/colonn1404.jpeg,0,benign,colonn1404,colon_n,3,252
train,colon_n/colonn1406.jpeg,0,benign,colonn1406,colon_n,104,353
train,colon_n/colonn1407.jpeg,0,benign,colonn1407,colon_n,139,388
train,colon_n/colonn1408.jpeg,0,benign,colonn1408,colon_n,65,314
train,colon_n/colonn1409.jpeg,0,benign,colonn1409,colon_n,72,321
train,colon_n/colonn141.jpeg,0,benign,colonn141,colon_n,184,433
train,colon_n/colonn1413.jpeg,0,benign,colonn1413,colon_n,148,397
train,colon_n/colonn1415.jpeg,0,benign,colonn1415,colon_n,230,479
train,colon_n/colonn1417.jpeg,0,benign,colonn1417,colon_n,0,249
train,colon_n/colonn1418.jpeg,0,benign,colonn1418,colon_n,119,368
train,colon_n/colonn1419.jpeg,0,benign,colonn1419,colon_n,235,484
train,colon_n/colonn1420.jpeg,0,benign,colonn1420,colon_n,176,425
train,colon_n/colonn1423.jpeg,0,benign,colonn1423,colon_n,203,452
train,colon_n/colonn1424.jpeg,0,benign,colonn1424,colon_n,103,352
train,colon_n/colonn1427.jpeg,0,benign,colonn1427,colon_n,246,495
train,colon_n/colonn1428.jpeg,0,benign,colonn1428,colon_n,237,486
train,colon_n/colonn1429.jpeg,0,benign,colonn1429,colon_n,94,343
train,colon_n/colonn1430.jpeg,0,benign,colonn1430,colon_n,58,307
train,colon_n/colonn1432.jpeg,0,benign,colonn1432,colon_n,215,464
train,colon_n/colonn1433.jpeg,0,benign,colonn1433,colon_n,160,409
train,colon_n/colonn1435.jpeg,0,benign,colonn1435,colon_n,32,281
train,colon_n/colonn1436.jpeg,0,benign,colonn1436,colon_n,51,300
train,colon_n/colonn1437.jpeg,0,benign,colonn1437,colon_n,177,426
train,colon_n/colonn1439.jpeg,0,benign,colonn1439,colon_n,141,390
train,colon_n/colonn1440.jpeg,0,benign,colonn1440,colon_n,81,330
train,colon_n/colonn1442.jpeg,0,benign,colonn1442,colon_n,85,334
train,colon_n/colonn1444.jpeg,0,benign,colonn1444,colon_n,145,394
train,colon_n/colonn1445.jpeg,0,benign,colonn1445,colon_n,23,272
train,colon_n/colonn1446.jpeg,0,benign,colonn1446,colon_n,195,444
train,colon_n/colonn145.jpeg,0,benign,colonn145,colon_n,52,301
train,colon_n/colonn1450.jpeg,0,benign,colonn1450,colon_n,42,291
train,colon_n/colonn1451.jpeg,0,benign,colonn1451,colon_n,228,477
train,colon_n/colonn1452.jpeg,0,benign,colonn1452,colon_n,54,303
train,colon_n/colonn1453.jpeg,0,benign,colonn1453,colon_n,54,303
train,colon_n/colonn1454.jpeg,0,benign,colonn1454,colon_n,41,290
train,colon_n/colonn1455.jpeg,0,benign,colonn1455,colon_n,77,326
train,colon_n/colonn1457.jpeg,0,benign,colonn1457,colon_n,4,253
train,colon_n/colonn1458.jpeg,0,benign,colonn1458,colon_n,59,308
train,colon_n/colonn1459.jpeg,0,benign,colonn1459,colon_n,59,308
train,colon_n/colonn1460.jpeg,0,benign,colonn1460,colon_n,130,379
train,colon_n/colonn1461.jpeg,0,benign,colonn1461,colon_n,130,379
train,colon_n/colonn1463.jpeg,0,benign,colonn1463,colon_n,43,292
train,colon_n/colonn1464.jpeg,0,benign,colonn1464,colon_n,148,397
train,colon_n/colonn1465.jpeg,0,benign,colonn1465,colon_n,138,387
train,colon_n/colonn1466.jpeg,0,benign,colonn1466,colon_n,230,479
train,colon_n/colonn1468.jpeg,0,benign,colonn1468,colon_n,29,278
train,colon_n/colonn1470.jpeg,0,benign,colonn1470,colon_n,26,275
train,colon_n/colonn1472.jpeg,0,benign,colonn1472,colon_n,155,404
train,colon_n/colonn1473.jpeg,0,benign,colonn1473,colon_n,167,416
train,colon_n/colonn1475.jpeg,0,benign,colonn1475,colon_n,44,293
train,colon_n/colonn1476.jpeg,0,benign,colonn1476,colon_n,103,352
train,colon_n/colonn1477.jpeg,0,benign,colonn1477,colon_n,174,423
train,colon_n/colonn1478.jpeg,0,benign,colonn1478,colon_n,191,440
train,colon_n/colonn1479.jpeg,0,benign,colonn1479,colon_n,99,348
train,colon_n/colonn148.jpeg,0,benign,colonn148,colon_n,198,447
train,colon_n/colonn1480.jpeg,0,benign,colonn1480,colon_n,199,448
train,colon_n/colonn1481.jpeg,0,benign,colonn1481,colon_n,160,409
train,colon_n/colonn1482.jpeg,0,benign,colonn1482,colon_n,187,436
train,colon_n/colonn1483.jpeg,0,benign,colonn1483,colon_n,36,285
train,colon_n/colonn1484.jpeg,0,benign,colonn1484,colon_n,51,300
train,colon_n/colonn1485.jpeg,0,benign,colonn1485,colon_n,226,475
train,colon_n/colonn1487.jpeg,0,benign,colonn1487,colon_n,147,396
train,colon_n/colonn149.jpeg,0,benign,colonn149,colon_n,76,325
train,colon_n/colonn1490.jpeg,0,benign,colonn1490,colon_n,141,390
train,colon_n/colonn1491.jpeg,0,benign,colonn1491,colon_n,164,413
train,colon_n/colonn1492.jpeg,0,benign,colonn1492,colon_n,211,460
train,colon_n/colonn1493.jpeg,0,benign,colonn1493,colon_n,105,354
train,colon_n/colonn1494.jpeg,0,benign,colonn1494,colon_n,180,429
train,colon_n/colonn1495.jpeg,0,benign,colonn1495,colon_n,22,271
train,colon_n/colonn1496.jpeg,0,benign,colonn1496,colon_n,23,272
train,colon_n/colonn1497.jpeg,0,benign,colonn1497,colon_n,70,319
train,colon_n/colonn1498.jpeg,0,benign,colonn1498,colon_n,193,442
train,colon_n/colonn1499.jpeg,0,benign,colonn1499,colon_n,193,442
train,colon_n/colonn150.jpeg,0,benign,colonn150,colon_n,76,325
train,colon_n/colonn1501.jpeg,0,benign,colonn1501,colon_n,113,362
train,colon_n/colonn1502.jpeg,0,benign,colonn1502,colon_n,56,305
train,colon_n/colonn1503.jpeg,0,benign,colonn1503,colon_n,56,305
train,colon_n/colonn1505.jpeg,0,benign,colonn1505,colon_n,143,392
train,colon_n/colonn1506.jpeg,0,benign,colonn1506,colon_n,202,451
train,colon_n/colonn1507.jpeg,0,benign,colonn1507,colon_n,217,466
train,colon_n/colonn1508.jpeg,0,benign,colonn1508,colon_n,104,353
train,colon_n/colonn1509.jpeg,0,benign,colonn1509,colon_n,210,459
train,colon_n/colonn1510.jpeg,0,benign,colonn1510,colon_n,158,407
train,colon_n/colonn1513.jpeg,0,benign,colonn1513,colon_n,39,288
train,colon_n/colonn1514.jpeg,0,benign,colonn1514,colon_n,102,351
train,colon_n/colonn1515.jpeg,0,benign,colonn1515,colon_n,242,491
train,colon_n/colonn1516.jpeg,0,benign,colonn1516,colon_n,72,321
train,colon_n/colonn1519.jpeg,0,benign,colonn1519,colon_n,201,450
train,colon_n/colonn152.jpeg,0,benign,colonn152,colon_n,32,281
train,colon_n/colonn1520.jpeg,0,benign,colonn1520,colon_n,5,254
train,colon_n/colonn1521.jpeg,0,benign,colonn1521,colon_n,50,299
train,colon_n/colonn1523.jpeg,0,benign,colonn1523,colon_n,43,292
train,colon_n/colonn1525.jpeg,0,benign,colonn1525,colon_n,204,453
train,colon_n/colonn1528.jpeg,0,benign,colonn1528,colon_n,222,471
train,colon_n/colonn1529.jpeg,0,benign,colonn1529,colon_n,155,404
train,colon_n/colonn153.jpeg,0,benign,colonn153,colon_n,51,300
train,colon_n/colonn1530.jpeg,0,benign,colonn1530,colon_n,155,404
train,colon_n/colonn1531.jpeg,0,benign,colonn1531,colon_n,155,404
train,colon_n/colonn1533.jpeg,0,benign,colonn1533,colon_n,194,443
train,colon_n/colonn1534.jpeg,0,benign,colonn1534,colon_n,194,443
train,colon_n/colonn1538.jpeg,0,benign,colonn1538,colon_n,129,378
train,colon_n/colonn1539.jpeg,0,benign,colonn1539,colon_n,251,500
train,colon_n/colonn154.jpeg,0,benign,colonn154,colon_n,157,406
train,colon_n/colonn1541.jpeg,0,benign,colonn1541,colon_n,152,401
train,colon_n/colonn1542.jpeg,0,benign,colonn1542,colon_n,91,340
train,colon_n/colonn1543.jpeg,0,benign,colonn1543,colon_n,1,250
train,colon_n/colonn1546.jpeg,0,benign,colonn1546,colon_n,233,482
train,colon_n/colonn1548.jpeg,0,benign,colonn1548,colon_n,63,312
train,colon_n/colonn1549.jpeg,0,benign,colonn1549,colon_n,63,312
train,colon_n/colonn155.jpeg,0,benign,colonn155,colon_n,98,347
train,colon_n/colonn1551.jpeg,0,benign,colonn1551,colon_n,141,390
train,colon_n/colonn1552.jpeg,0,benign,colonn1552,colon_n,128,377
train,colon_n/colonn1554.jpeg,0,benign,colonn1554,colon_n,22,271
train,colon_n/colonn1555.jpeg,0,benign,colonn1555,colon_n,62,311
train,colon_n/colonn1557.jpeg,0,benign,colonn1557,colon_n,7,256
train,colon_n/colonn1558.jpeg,0,benign,colonn1558,colon_n,23,272
train,colon_n/colonn1559.jpeg,0,benign,colonn1559,colon_n,23,272
train,colon_n/colonn1560.jpeg,0,benign,colonn1560,colon_n,70,319
train,colon_n/colonn1562.jpeg,0,benign,colonn1562,colon_n,171,420
train,colon_n/colonn1565.jpeg,0,benign,colonn1565,colon_n,133,382
train,colon_n/colonn1566.jpeg,0,benign,colonn1566,colon_n,54,303
train,colon_n/colonn1568.jpeg,0,benign,colonn1568,colon_n,21,270
train,colon_n/colonn1569.jpeg,0,benign,colonn1569,colon_n,242,491
train,colon_n/colonn157.jpeg,0,benign,colonn157,colon_n,134,383
train,colon_n/colonn1570.jpeg,0,benign,colonn1570,colon_n,28,277
train,colon_n/colonn1571.jpeg,0,benign,colonn1571,colon_n,78,327
train,colon_n/colonn1572.jpeg,0,benign,colonn1572,colon_n,31,280
train,colon_n/colonn1573.jpeg,0,benign,colonn1573,colon_n,130,379
train,colon_n/colonn1574.jpeg,0,benign,colonn1574,colon_n,106,355
train,colon_n/colonn1575.jpeg,0,benign,colonn1575,colon_n,163,412
train,colon_n/colonn1576.jpeg,0,benign,colonn1576,colon_n,122,371
train,colon_n/colonn1577.jpeg,0,benign,colonn1577,colon_n,43,292
train,colon_n/colonn1578.jpeg,0,benign,colonn1578,colon_n,230,479
train,colon_n/colonn1579.jpeg,0,benign,colonn1579,colon_n,253,502
train,colon_n/colonn1580.jpeg,0,benign,colonn1580,colon_n,29,278
train,colon_n/colonn1581.jpeg,0,benign,colonn1581,colon_n,83,332
train,colon_n/colonn1582.jpeg,0,benign,colonn1582,colon_n,188,437
train,colon_n/colonn1584.jpeg,0,benign,colonn1584,colon_n,194,443
train,colon_n/colonn1587.jpeg,0,benign,colonn1587,colon_n,129,378
train,colon_n/colonn1588.jpeg,0,benign,colonn1588,colon_n,91,340
train,colon_n/colonn1589.jpeg,0,benign,colonn1589,colon_n,91,340
train,colon_n/colonn159.jpeg,0,benign,colonn159,colon_n,147,396
train,colon_n/colonn1590.jpeg,0,benign,colonn1590,colon_n,199,448
train,colon_n/colonn1591.jpeg,0,benign,colonn1591,colon_n,215,464
train,colon_n/colonn1592.jpeg,0,benign,colonn1592,colon_n,32,281
train,colon_n/colonn1593.jpeg,0,benign,colonn1593,colon_n,250,499
train,colon_n/colonn1594.jpeg,0,benign,colonn1594,colon_n,220,469
train,colon_n/colonn1595.jpeg,0,benign,colonn1595,colon_n,98,347
train,colon_n/colonn1596.jpeg,0,benign,colonn1596,colon_n,189,438
train,colon_n/colonn1597.jpeg,0,benign,colonn1597,colon_n,98,347
train,colon_n/colonn1598.jpeg,0,benign,colonn1598,colon_n,151,400
train,colon_n/colonn16.jpeg,0,benign,colonn16,colon_n,163,412
train,colon_n/colonn160.jpeg,0,benign,colonn160,colon_n,147,396
train,colon_n/colonn1600.jpeg,0,benign,colonn1600,colon_n,134,383
train,colon_n/colonn1601.jpeg,0,benign,colonn1601,colon_n,177,426
train,colon_n/colonn1602.jpeg,0,benign,colonn1602,colon_n,177,426
train,colon_n/colonn1604.jpeg,0,benign,colonn1604,colon_n,147,396
train,colon_n/colonn1605.jpeg,0,benign,colonn1605,colon_n,248,497
train,colon_n/colonn1606.jpeg,0,benign,colonn1606,colon_n,63,312
train,colon_n/colonn1607.jpeg,0,benign,colonn1607,colon_n,141,390
train,colon_n/colonn1608.jpeg,0,benign,colonn1608,colon_n,227,476
train,colon_n/colonn161.jpeg,0,benign,colonn161,colon_n,141,390
train,colon_n/colonn1610.jpeg,0,benign,colonn1610,colon_n,22,271
train,colon_n/colonn1611.jpeg,0,benign,colonn1611,colon_n,149,398
train,colon_n/colonn1612.jpeg,0,benign,colonn1612,colon_n,149,398
train,colon_n/colonn1613.jpeg,0,benign,colonn1613,colon_n,22,271
train,colon_n/colonn1614.jpeg,0,benign,colonn1614,colon_n,116,365
train,colon_n/colonn1615.jpeg,0,benign,colonn1615,colon_n,89,338
train,colon_n/colonn1616.jpeg,0,benign,colonn1616,colon_n,23,272
train,colon_n/colonn1617.jpeg,0,benign,colonn1617,colon_n,109,358
train,colon_n/colonn162.jpeg,0,benign,colonn162,colon_n,107,356
train,colon_n/colonn1620.jpeg,0,benign,colonn1620,colon_n,228,477
train,colon_n/colonn1621.jpeg,0,benign,colonn1621,colon_n,202,451
train,colon_n/colonn1622.jpeg,0,benign,colonn1622,colon_n,74,323
train,colon_n/colonn1623.jpeg,0,benign,colonn1623,colon_n,217,466
train,colon_n/colonn1624.jpeg,0,benign,colonn1624,colon_n,41,290
train,colon_n/colonn1625.jpeg,0,benign,colonn1625,colon_n,12,261
train,colon_n/colonn1626.jpeg,0,benign,colonn1626,colon_n,213,462
train,colon_n/colonn1627.jpeg,0,benign,colonn1627,colon_n,166,415
train,colon_n/colonn1628.jpeg,0,benign,colonn1628,colon_n,78,327
train,colon_n/colonn1629.jpeg,0,benign,colonn1629,colon_n,31,280
train,colon_n/colonn163.jpeg,0,benign,colonn163,colon_n,227,476
train,colon_n/colonn1630.jpeg,0,benign,colonn1630,colon_n,130,379
train,colon_n/colonn1631.jpeg,0,benign,colonn1631,colon_n,34,283
train,colon_n/colonn1633.jpeg,0,benign,colonn1633,colon_n,49,298
train,colon_n/colonn1636.jpeg,0,benign,colonn1636,colon_n,83,332
train,colon_n/colonn1637.jpeg,0,benign,colonn1637,colon_n,53,302
train,colon_n/colonn1638.jpeg,0,benign,colonn1638,colon_n,184,433
train,colon_n/colonn1639.jpeg,0,benign,colonn1639,colon_n,119,368
train,colon_n/colonn1640.jpeg,0,benign,colonn1640,colon_n,61,310
train,colon_n/colonn1642.jpeg,0,benign,colonn1642,colon_n,198,447
train,colon_n/colonn1644.jpeg,0,benign,colonn1644,colon_n,124,373
train,colon_n/colonn1645.jpeg,0,benign,colonn1645,colon_n,152,401
train,colon_n/colonn1648.jpeg,0,benign,colonn1648,colon_n,157,406
train,colon_n/colonn1649.jpeg,0,benign,colonn1649,colon_n,226,475
train,colon_n/colonn165.jpeg,0,benign,colonn165,colon_n,110,359
train,colon_n/colonn1650.jpeg,0,benign,colonn1650,colon_n,98,347
train,colon_n/colonn1651.jpeg,0,benign,colonn1651,colon_n,1,250
train,colon_n/colonn1653.jpeg,0,benign,colonn1653,colon_n,248,497
train,colon_n/colonn1656.jpeg,0,benign,colonn1656,colon_n,121,370
train,colon_n/colonn1657.jpeg,0,benign,colonn1657,colon_n,63,312
train,colon_n/colonn1658.jpeg,0,benign,colonn1658,colon_n,164,413
train,colon_n/colonn1659.jpeg,0,benign,colonn1659,colon_n,211,460
train,colon_n/colonn166.jpeg,0,benign,colonn166,colon_n,89,338
train,colon_n/colonn1660.jpeg,0,benign,colonn1660,colon_n,211,460
train,colon_n/colonn1661.jpeg,0,benign,colonn1661,colon_n,211,460
train,colon_n/colonn1664.jpeg,0,benign,colonn1664,colon_n,227,476
train,colon_n/colonn1666.jpeg,0,benign,colonn1666,colon_n,22,271
train,colon_n/colonn1667.jpeg,0,benign,colonn1667,colon_n,149,398
train,colon_n/colonn1668.jpeg,0,benign,colonn1668,colon_n,7,256
train,colon_n/colonn1670.jpeg,0,benign,colonn1670,colon_n,89,338
train,colon_n/colonn1671.jpeg,0,benign,colonn1671,colon_n,145,394
train,colon_n/colonn1672.jpeg,0,benign,colonn1672,colon_n,145,394
train,colon_n/colonn1673.jpeg,0,benign,colonn1673,colon_n,20,269
train,colon_n/colonn1675.jpeg,0,benign,colonn1675,colon_n,27,276
train,colon_n/colonn1676.jpeg,0,benign,colonn1676,colon_n,193,442
train,colon_n/colonn1677.jpeg,0,benign,colonn1677,colon_n,193,442
train,colon_n/colonn1678.jpeg,0,benign,colonn1678,colon_n,218,467
train,colon_n/colonn1679.jpeg,0,benign,colonn1679,colon_n,218,467
train,colon_n/colonn168.jpeg,0,benign,colonn168,colon_n,23,272
train,colon_n/colonn1682.jpeg,0,benign,colonn1682,colon_n,104,353
train,colon_n/colonn1683.jpeg,0,benign,colonn1683,colon_n,104,353
train,colon_n/colonn1684.jpeg,0,benign,colonn1684,colon_n,48,297
train,colon_n/colonn1685.jpeg,0,benign,colonn1685,colon_n,47,296
train,colon_n/colonn1686.jpeg,0,benign,colonn1686,colon_n,210,459
train,colon_n/colonn1687.jpeg,0,benign,colonn1687,colon_n,158,407
train,colon_n/colonn1688.jpeg,0,benign,colonn1688,colon_n,133,382
train,colon_n/colonn1690.jpeg,0,benign,colonn1690,colon_n,213,462
train,colon_n/colonn1691.jpeg,0,benign,colonn1691,colon_n,77,326
train,colon_n/colonn1692.jpeg,0,benign,colonn1692,colon_n,4,253
train,colon_n/colonn1693.jpeg,0,benign,colonn1693,colon_n,102,351
train,colon_n/colonn1694.jpeg,0,benign,colonn1694,colon_n,166,415
train,colon_n/colonn1695.jpeg,0,benign,colonn1695,colon_n,28,277
train,colon_n/colonn1697.jpeg,0,benign,colonn1697,colon_n,234,483
train,colon_n/colonn1698.jpeg,0,benign,colonn1698,colon_n,148,397
train,colon_n/colonn1699.jpeg,0,benign,colonn1699,colon_n,118,367
train,colon_n/colonn17.jpeg,0,benign,colonn17,colon_n,29,278
train,colon_n/colonn170.jpeg,0,benign,colonn170,colon_n,218,467
train,colon_n/colonn1700.jpeg,0,benign,colonn1700,colon_n,185,434
train,colon_n/colonn1703.jpeg,0,benign,colonn1703,colon_n,169,418
train,colon_n/colonn1704.jpeg,0,benign,colonn1704,colon_n,83,332
train,colon_n/colonn1705.jpeg,0,benign,colonn1705,colon_n,53,302
train,colon_n/colonn1708.jpeg,0,benign,colonn1708,colon_n,61,310
train,colon_n/colonn171.jpeg,0,benign,colonn171,colon_n,113,362
train,colon_n/colonn1710.jpeg,0,benign,colonn1710,colon_n,237,486
train,colon_n/colonn1713.jpeg,0,benign,colonn1713,colon_n,199,448
train,colon_n/colonn1714.jpeg,0,benign,colonn1714,colon_n,215,464
train,colon_n/colonn1716.jpeg,0,benign,colonn1716,colon_n,32,281
train,colon_n/colonn1717.jpeg,0,benign,colonn1717,colon_n,32,281
train,colon_n/colonn1718.jpeg,0,benign,colonn1718,colon_n,32,281
train,colon_n/colonn1719.jpeg,0,benign,colonn1719,colon_n,51,300
train,colon_n/colonn172.jpeg,0,benign,colonn172,colon_n,113,362
train,colon_n/colonn1721.jpeg,0,benign,colonn1721,colon_n,226,475
train,colon_n/colonn1722.jpeg,0,benign,colonn1722,colon_n,134,383
train,colon_n/colonn1724.jpeg,0,benign,colonn1724,colon_n,177,426
train,colon_n/colonn1725.jpeg,0,benign,colonn1725,colon_n,196,445
train,colon_n/colonn1729.jpeg,0,benign,colonn1729,colon_n,107,356
train,colon_n/colonn1730.jpeg,0,benign,colonn1730,colon_n,142,391
train,colon_n/colonn1731.jpeg,0,benign,colonn1731,colon_n,156,405
train,colon_n/colonn1732.jpeg,0,benign,colonn1732,colon_n,22,271
train,colon_n/colonn1735.jpeg,0,benign,colonn1735,colon_n,8,257
train,colon_n/colonn1736.jpeg,0,benign,colonn1736,colon_n,218,467
train,colon_n/colonn1737.jpeg,0,benign,colonn1737,colon_n,236,485
train,colon_n/colonn174.jpeg,0,benign,colonn174,colon_n,56,305
train,colon_n/colonn1740.jpeg,0,benign,colonn1740,colon_n,113,362
train,colon_n/colonn1741.jpeg,0,benign,colonn1741,colon_n,115,364
train,colon_n/colonn1742.jpeg,0,benign,colonn1742,colon_n,57,306
train,colon_n/colonn1743.jpeg,0,benign,colonn1743,colon_n,48,297
train,colon_n/colonn1744.jpeg,0,benign,colonn1744,colon_n,47,296
train,colon_n/colonn1745.jpeg,0,benign,colonn1745,colon_n,210,459
train,colon_n/colonn1746.jpeg,0,benign,colonn1746,colon_n,41,290
train,colon_n/colonn1748.jpeg,0,benign,colonn1748,colon_n,77,326
train,colon_n/colonn1749.jpeg,0,benign,colonn1749,colon_n,242,491
train,colon_n/colonn175.jpeg,0,benign,colonn175,colon_n,56,305
train,colon_n/colonn1750.jpeg,0,benign,colonn1750,colon_n,72,321
train,colon_n/colonn1751.jpeg,0,benign,colonn1751,colon_n,205,454
train,colon_n/colonn1752.jpeg,0,benign,colonn1752,colon_n,14,263
train,colon_n/colonn1753.jpeg,0,benign,colonn1753,colon_n,50,299
train,colon_n/colonn1754.jpeg,0,benign,colonn1754,colon_n,43,292
train,colon_n/colonn1755.jpeg,0,benign,colonn1755,colon_n,43,292
train,colon_n/colonn1758.jpeg,0,benign,colonn1758,colon_n,214,463
train,colon_n/colonn1759.jpeg,0,benign,colonn1759,colon_n,185,434
train,colon_n/colonn176.jpeg,0,benign,colonn176,colon_n,115,364
train,colon_n/colonn1760.jpeg,0,benign,colonn1760,colon_n,29,278
train,colon_n/colonn1761.jpeg,0,benign,colonn1761,colon_n,100,349
train,colon_n/colonn1762.jpeg,0,benign,colonn1762,colon_n,83,332
train,colon_n/colonn1763.jpeg,0,benign,colonn1763,colon_n,155,404
train,colon_n/colonn1765.jpeg,0,benign,colonn1765,colon_n,0,249
train,colon_n/colonn1768.jpeg,0,benign,colonn1768,colon_n,103,352
train,colon_n/colonn177.jpeg,0,benign,colonn177,colon_n,42,291
train,colon_n/colonn1770.jpeg,0,benign,colonn1770,colon_n,134,383
train,colon_n/colonn1771.jpeg,0,benign,colonn1771,colon_n,134,383
train,colon_n/colonn1774.jpeg,0,benign,colonn1774,colon_n,2,251
train,colon_n/colonn1776.jpeg,0,benign,colonn1776,colon_n,46,295
train,colon_n/colonn1778.jpeg,0,benign,colonn1778,colon_n,81,330
train,colon_n/colonn178.jpeg,0,benign,colonn178,colon_n,143,392
train,colon_n/colonn1780.jpeg,0,benign,colonn1780,colon_n,105,354
train,colon_n/colonn1781.jpeg,0,benign,colonn1781,colon_n,105,354
train,colon_n/colonn1784.jpeg,0,benign,colonn1784,colon_n,142,391
train,colon_n/colonn1785.jpeg,0,benign,colonn1785,colon_n,85,334
train,colon_n/colonn1786.jpeg,0,benign,colonn1786,colon_n,180,429
train,colon_n/colonn1787.jpeg,0,benign,colonn1787,colon_n,180,429
train,colon_n/colonn1788.jpeg,0,benign,colonn1788,colon_n,156,405
train,colon_n/colonn1789.jpeg,0,benign,colonn1789,colon_n,149,398
train,colon_n/colonn179.jpeg,0,benign,colonn179,colon_n,92,341
train,colon_n/colonn1790.jpeg,0,benign,colonn1790,colon_n,218,467
train,colon_n/colonn1791.jpeg,0,benign,colonn1791,colon_n,109,358
train,colon_n/colonn1793.jpeg,0,benign,colonn1793,colon_n,195,444
train,colon_n/colonn1794.jpeg,0,benign,colonn1794,colon_n,171,420
train,colon_n/colonn1796.jpeg,0,benign,colonn1796,colon_n,143,392
train,colon_n/colonn1798.jpeg,0,benign,colonn1798,colon_n,202,451
train,colon_n/colonn1799.jpeg,0,benign,colonn1799,colon_n,74,323
train,colon_n/colonn180.jpeg,0,benign,colonn180,colon_n,207,456
train,colon_n/colonn1801.jpeg,0,benign,colonn1801,colon_n,217,466
train,colon_n/colonn1802.jpeg,0,benign,colonn1802,colon_n,217,466
train,colon_n/colonn1803.jpeg,0,benign,colonn1803,colon_n,47,296
train,colon_n/colonn1804.jpeg,0,benign,colonn1804,colon_n,47,296
train,colon_n/colonn1805.jpeg,0,benign,colonn1805,colon_n,133,382
train,colon_n/colonn1806.jpeg,0,benign,colonn1806,colon_n,65,314
train,colon_n/colonn1807.jpeg,0,benign,colonn1807,colon_n,12,261
train,colon_n/colonn1808.jpeg,0,benign,colonn1808,colon_n,4,253
train,colon_n/colonn1809.jpeg,0,benign,colonn1809,colon_n,39,288
train,colon_n/colonn1810.jpeg,0,benign,colonn1810,colon_n,95,344
train,colon_n/colonn1811.jpeg,0,benign,colonn1811,colon_n,72,321
train,colon_n/colonn1812.jpeg,0,benign,colonn1812,colon_n,14,263
train,colon_n/colonn1813.jpeg,0,benign,colonn1813,colon_n,37,286
train,colon_n/colonn1814.jpeg,0,benign,colonn1814,colon_n,43,292
train,colon_n/colonn1815.jpeg,0,benign,colonn1815,colon_n,214,463
train,colon_n/colonn1816.jpeg,0,benign,colonn1816,colon_n,131,380
train,colon_n/colonn1822.jpeg,0,benign,colonn1822,colon_n,103,352
train,colon_n/colonn1823.jpeg,0,benign,colonn1823,colon_n,52,301
train,colon_n/colonn1825.jpeg,0,benign,colonn1825,colon_n,88,337
train,colon_n/colonn1826.jpeg,0,benign,colonn1826,colon_n,237,486
train,colon_n/colonn1827.jpeg,0,benign,colonn1827,colon_n,174,423
train,colon_n/colonn1828.jpeg,0,benign,colonn1828,colon_n,94,343
train,colon_n/colonn1829.jpeg,0,benign,colonn1829,colon_n,99,348
train,colon_n/colonn183.jpeg,0,benign,colonn183,colon_n,54,303
train,colon_n/colonn1830.jpeg,0,benign,colonn1830,colon_n,199,448
train,colon_n/colonn1831.jpeg,0,benign,colonn1831,colon_n,215,464
train,colon_n/colonn1832.jpeg,0,benign,colonn1832,colon_n,32,281
train,colon_n/colonn1833.jpeg,0,benign,colonn1833,colon_n,250,499
train,colon_n/colonn1834.jpeg,0,benign,colonn1834,colon_n,196,445
train,colon_n/colonn1835.jpeg,0,benign,colonn1835,colon_n,147,396
train,colon_n/colonn1837.jpeg,0,benign,colonn1837,colon_n,164,413
train,colon_n/colonn1838.jpeg,0,benign,colonn1838,colon_n,80,329
train,colon_n/colonn1839.jpeg,0,benign,colonn1839,colon_n,22,271
train,colon_n/colonn184.jpeg,0,benign,colonn184,colon_n,41,290
train,colon_n/colonn1840.jpeg,0,benign,colonn1840,colon_n,22,271
train,colon_n/colonn1841.jpeg,0,benign,colonn1841,colon_n,123,372
train,colon_n/colonn1842.jpeg,0,benign,colonn1842,colon_n,23,272
train,colon_n/colonn1843.jpeg,0,benign,colonn1843,colon_n,27,276
train,colon_n/colonn1844.jpeg,0,benign,colonn1844,colon_n,8,257
train,colon_n/colonn1845.jpeg,0,benign,colonn1845,colon_n,8,257
train,colon_n/colonn1846.jpeg,0,benign,colonn1846,colon_n,218,467
train,colon_n/colonn1847.jpeg,0,benign,colonn1847,colon_n,218,467
train,colon_n/colonn1848.jpeg,0,benign,colonn1848,colon_n,109,358
train,colon_n/colonn185.jpeg,0,benign,colonn185,colon_n,213,462
train,colon_n/colonn1852.jpeg,0,benign,colonn1852,colon_n,17,266
train,colon_n/colonn1853.jpeg,0,benign,colonn1853,colon_n,56,305
train,colon_n/colonn1854.jpeg,0,benign,colonn1854,colon_n,135,384
train,colon_n/colonn1855.jpeg,0,benign,colonn1855,colon_n,92,341
train,colon_n/colonn1858.jpeg,0,benign,colonn1858,colon_n,39,288
train,colon_n/colonn1859.jpeg,0,benign,colonn1859,colon_n,95,344
train,colon_n/colonn186.jpeg,0,benign,colonn186,colon_n,242,491
train,colon_n/colonn1860.jpeg,0,benign,colonn1860,colon_n,166,415
train,colon_n/colonn1861.jpeg,0,benign,colonn1861,colon_n,28,277
train,colon_n/colonn1865.jpeg,0,benign,colonn1865,colon_n,50,299
train,colon_n/colonn1867.jpeg,0,benign,colonn1867,colon_n,37,286
train,colon_n/colonn1868.jpeg,0,benign,colonn1868,colon_n,204,453
train,colon_n/colonn1869.jpeg,0,benign,colonn1869,colon_n,83,332
train,colon_n/colonn187.jpeg,0,benign,colonn187,colon_n,166,415
train,colon_n/colonn1870.jpeg,0,benign,colonn1870,colon_n,53,302
train,colon_n/colonn1876.jpeg,0,benign,colonn1876,colon_n,176,425
train,colon_n/colonn1877.jpeg,0,benign,colonn1877,colon_n,203,452
train,colon_n/colonn1879.jpeg,0,benign,colonn1879,colon_n,103,352
train,colon_n/colonn188.jpeg,0,benign,colonn188,colon_n,72,321
train,colon_n/colonn1880.jpeg,0,benign,colonn1880,colon_n,88,337
train,colon_n/colonn1882.jpeg,0,benign,colonn1882,colon_n,174,423
train,colon_n/colonn1883.jpeg,0,benign,colonn1883,colon_n,94,343
train,colon_n/colonn1884.jpeg,0,benign,colonn1884,colon_n,94,343
train,colon_n/colonn1886.jpeg,0,benign,colonn1886,colon_n,249,498
train,colon_n/colonn1888.jpeg,0,benign,colonn1888,colon_n,183,432
train,colon_n/colonn1889.jpeg,0,benign,colonn1889,colon_n,32,281
train,colon_n/colonn189.jpeg,0,benign,colonn189,colon_n,130,379
train,colon_n/colonn1890.jpeg,0,benign,colonn1890,colon_n,51,300
train,colon_n/colonn1891.jpeg,0,benign,colonn1891,colon_n,51,300
train,colon_n/colonn1892.jpeg,0,benign,colonn1892,colon_n,98,347
train,colon_n/colonn1894.jpeg,0,benign,colonn1894,colon_n,2,251
train,colon_n/colonn1896.jpeg,0,benign,colonn1896,colon_n,63,312
train,colon_n/colonn1897.jpeg,0,benign,colonn1897,colon_n,164,413
train,colon_n/colonn19.jpeg,0,benign,colonn19,colon_n,100,349
train,colon_n/colonn190.jpeg,0,benign,colonn190,colon_n,201,450
train,colon_n/colonn1901.jpeg,0,benign,colonn1901,colon_n,85,334
train,colon_n/colonn1902.jpeg,0,benign,colonn1902,colon_n,219,468
train,colon_n/colonn1904.jpeg,0,benign,colonn1904,colon_n,123,372
train,colon_n/colonn1905.jpeg,0,benign,colonn1905,colon_n,123,372
train,colon_n/colonn1906.jpeg,0,benign,colonn1906,colon_n,145,394
train,colon_n/colonn1907.jpeg,0,benign,colonn1907,colon_n,20,269
train,colon_n/colonn1908.jpeg,0,benign,colonn1908,colon_n,23,272
train,colon_n/colonn191.jpeg,0,benign,colonn191,colon_n,163,412
train,colon_n/colonn1912.jpeg,0,benign,colonn1912,colon_n,74,323
train,colon_n/colonn1913.jpeg,0,benign,colonn1913,colon_n,207,456
train,colon_n/colonn1915.jpeg,0,benign,colonn1915,colon_n,104,353
train,colon_n/colonn1916.jpeg,0,benign,colonn1916,colon_n,133,382
train,colon_n/colonn1917.jpeg,0,benign,colonn1917,colon_n,12,261
train,colon_n/colonn1918.jpeg,0,benign,colonn1918,colon_n,4,253
train,colon_n/colonn1919.jpeg,0,benign,colonn1919,colon_n,102,351
train,colon_n/colonn1921.jpeg,0,benign,colonn1921,colon_n,31,280
train,colon_n/colonn1922.jpeg,0,benign,colonn1922,colon_n,87,336
train,colon_n/colonn1924.jpeg,0,benign,colonn1924,colon_n,163,412
train,colon_n/colonn1925.jpeg,0,benign,colonn1925,colon_n,50,299
train,colon_n/colonn1926.jpeg,0,benign,colonn1926,colon_n,43,292
train,colon_n/colonn1927.jpeg,0,benign,colonn1927,colon_n,11,260
train,colon_n/colonn193.jpeg,0,benign,colonn193,colon_n,40,289
train,colon_n/colonn1932.jpeg,0,benign,colonn1932,colon_n,188,437
train,colon_n/colonn1933.jpeg,0,benign,colonn1933,colon_n,167,416
train,colon_n/colonn1934.jpeg,0,benign,colonn1934,colon_n,235,484
train,colon_n/colonn1935.jpeg,0,benign,colonn1935,colon_n,232,481
train,colon_n/colonn1936.jpeg,0,benign,colonn1936,colon_n,232,481
train,colon_n/colonn1938.jpeg,0,benign,colonn1938,colon_n,58,307
train,colon_n/colonn1939.jpeg,0,benign,colonn1939,colon_n,58,307
train,colon_n/colonn194.jpeg,0,benign,colonn194,colon_n,230,479
train,colon_n/colonn1943.jpeg,0,benign,colonn1943,colon_n,32,281
train,colon_n/colonn1944.jpeg,0,benign,colonn1944,colon_n,32,281
train,colon_n/colonn1946.jpeg,0,benign,colonn1946,colon_n,226,475
train,colon_n/colonn1947.jpeg,0,benign,colonn1947,colon_n,134,383
train,colon_n/colonn1948.jpeg,0,benign,colonn1948,colon_n,147,396
train,colon_n/colonn1949.jpeg,0,benign,colonn1949,colon_n,147,396
train,colon_n/colonn195.jpeg,0,benign,colonn195,colon_n,29,278
train,colon_n/colonn1950.jpeg,0,benign,colonn1950,colon_n,164,413
train,colon_n/colonn1954.jpeg,0,benign,colonn1954,colon_n,105,354
train,colon_n/colonn1956.jpeg,0,benign,colonn1956,colon_n,142,391
train,colon_n/colonn1959.jpeg,0,benign,colonn1959,colon_n,156,405
train,colon_n/colonn196.jpeg,0,benign,colonn196,colon_n,238,487
train,colon_n/colonn1960.jpeg,0,benign,colonn1960,colon_n,7,256
train,colon_n/colonn1961.jpeg,0,benign,colonn1961,colon_n,22,271
train,colon_n/colonn1962.jpeg,0,benign,colonn1962,colon_n,13,262
train,colon_n/colonn1963.jpeg,0,benign,colonn1963,colon_n,123,372
train,colon_n/colonn1964.jpeg,0,benign,colonn1964,colon_n,123,372
train,colon_n/colonn1965.jpeg,0,benign,colonn1965,colon_n,89,338
train,colon_n/colonn1966.jpeg,0,benign,colonn1966,colon_n,89,338
train,colon_n/colonn1967.jpeg,0,benign,colonn1967,colon_n,20,269
train,colon_n/colonn1968.jpeg,0,benign,colonn1968,colon_n,23,272
train,colon_n/colonn1969.jpeg,0,benign,colonn1969,colon_n,8,257
train,colon_n/colonn197.jpeg,0,benign,colonn197,colon_n,100,349
train,colon_n/colonn1970.jpeg,0,benign,colonn1970,colon_n,236,485
train,colon_n/colonn1971.jpeg,0,benign,colonn1971,colon_n,195,444
train,colon_n/colonn1975.jpeg,0,benign,colonn1975,colon_n,202,451
train,colon_n/colonn1976.jpeg,0,benign,colonn1976,colon_n,202,451
train,colon_n/colonn1977.jpeg,0,benign,colonn1977,colon_n,139,388
train,colon_n/colonn1978.jpeg,0,benign,colonn1978,colon_n,93,342
train,colon_n/colonn1979.jpeg,0,benign,colonn1979,colon_n,41,290
train,colon_n/colonn1980.jpeg,0,benign,colonn1980,colon_n,77,326
train,colon_n/colonn1983.jpeg,0,benign,colonn1983,colon_n,39,288
train,colon_n/colonn1984.jpeg,0,benign,colonn1984,colon_n,78,327
train,colon_n/colonn1985.jpeg,0,benign,colonn1985,colon_n,205,454
train,colon_n/colonn1986.jpeg,0,benign,colonn1986,colon_n,201,450
train,colon_n/colonn1992.jpeg,0,benign,colonn1992,colon_n,230,479
train,colon_n/colonn1994.jpeg,0,benign,colonn1994,colon_n,153,402
train,colon_n/colonn1996.jpeg,0,benign,colonn1996,colon_n,100,349
train,colon_n/colonn1998.jpeg,0,benign,colonn1998,colon_n,53,302
train,colon_n/colonn1999.jpeg,0,benign,colonn1999,colon_n,53,302
train,colon_n/colonn2.jpeg,0,benign,colonn2,colon_n,22,271
train,colon_n/colonn200.jpeg,0,benign,colonn200,colon_n,0,249
train,colon_n/colonn2002.jpeg,0,benign,colonn2002,colon_n,0,249
train,colon_n/colonn2003.jpeg,0,benign,colonn2003,colon_n,176,425
train,colon_n/colonn2004.jpeg,0,benign,colonn2004,colon_n,237,486
train,colon_n/colonn2006.jpeg,0,benign,colonn2006,colon_n,198,447
train,colon_n/colonn2007.jpeg,0,benign,colonn2007,colon_n,129,378
train,colon_n/colonn2008.jpeg,0,benign,colonn2008,colon_n,94,343
train,colon_n/colonn2009.jpeg,0,benign,colonn2009,colon_n,94,343
train,colon_n/colonn201.jpeg,0,benign,colonn201,colon_n,167,416
train,colon_n/colonn2012.jpeg,0,benign,colonn2012,colon_n,160,409
train,colon_n/colonn2013.jpeg,0,benign,colonn2013,colon_n,98,347
train,colon_n/colonn2014.jpeg,0,benign,colonn2014,colon_n,177,426
train,colon_n/colonn2015.jpeg,0,benign,colonn2015,colon_n,233,482
train,colon_n/colonn2016.jpeg,0,benign,colonn2016,colon_n,233,482
train,colon_n/colonn2017.jpeg,0,benign,colonn2017,colon_n,211,460
train,colon_n/colonn2018.jpeg,0,benign,colonn2018,colon_n,227,476
train,colon_n/colonn202.jpeg,0,benign,colonn202,colon_n,232,481
train,colon_n/colonn2020.jpeg,0,benign,colonn2020,colon_n,180,429
train,colon_n/colonn2022.jpeg,0,benign,colonn2022,colon_n,156,405
train,colon_n/colonn2024.jpeg,0,benign,colonn2024,colon_n,116,365
train,colon_n/colonn2025.jpeg,0,benign,colonn2025,colon_n,13,262
train,colon_n/colonn2026.jpeg,0,benign,colonn2026,colon_n,123,372
train,colon_n/colonn2027.jpeg,0,benign,colonn2027,colon_n,20,269
train,colon_n/colonn2029.jpeg,0,benign,colonn2029,colon_n,195,444
train,colon_n/colonn2030.jpeg,0,benign,colonn2030,colon_n,17,266
train,colon_n/colonn2032.jpeg,0,benign,colonn2032,colon_n,3,252
train,colon_n/colonn2033.jpeg,0,benign,colonn2033,colon_n,74,323
train,colon_n/colonn2034.jpeg,0,benign,colonn2034,colon_n,57,306
train,colon_n/colonn2035.jpeg,0,benign,colonn2035,colon_n,57,306
train,colon_n/colonn2038.jpeg,0,benign,colonn2038,colon_n,71,320
train,colon_n/colonn2039.jpeg,0,benign,colonn2039,colon_n,48,297
train,colon_n/colonn204.jpeg,0,benign,colonn204,colon_n,103,352
train,colon_n/colonn2041.jpeg,0,benign,colonn2041,colon_n,213,462
train,colon_n/colonn2043.jpeg,0,benign,colonn2043,colon_n,102,351
train,colon_n/colonn2044.jpeg,0,benign,colonn2044,colon_n,59,308
train,colon_n/colonn2045.jpeg,0,benign,colonn2045,colon_n,14,263
train,colon_n/colonn2046.jpeg,0,benign,colonn2046,colon_n,43,292
train,colon_n/colonn2047.jpeg,0,benign,colonn2047,colon_n,138,387
train,colon_n/colonn2049.jpeg,0,benign,colonn2049,colon_n,118,367
train,colon_n/colonn2050.jpeg,0,benign,colonn2050,colon_n,100,349
train,colon_n/colonn2051.jpeg,0,benign,colonn2051,colon_n,26,275
train,colon_n/colonn2053.jpeg,0,benign,colonn2053,colon_n,83,332
train,colon_n/colonn2054.jpeg,0,benign,colonn2054,colon_n,83,332
train,colon_n/colonn2055.jpeg,0,benign,colonn2055,colon_n,53,302
train,colon_n/colonn2057.jpeg,0,benign,colonn2057,colon_n,176,425
train,colon_n/colonn2059.jpeg,0,benign,colonn2059,colon_n,203,452
train,colon_n/colonn206.jpeg,0,benign,colonn206,colon_n,94,343
train,colon_n/colonn2060.jpeg,0,benign,colonn2060,colon_n,103,352
train,colon_n/colonn2062.jpeg,0,benign,colonn2062,colon_n,124,373
train,colon_n/colonn2063.jpeg,0,benign,colonn2063,colon_n,99,348
train,colon_n/colonn2064.jpeg,0,benign,colonn2064,colon_n,99,348
train,colon_n/colonn2065.jpeg,0,benign,colonn2065,colon_n,187,436
train,colon_n/colonn2066.jpeg,0,benign,colonn2066,colon_n,250,499
train,colon_n/colonn2067.jpeg,0,benign,colonn2067,colon_n,189,438
train,colon_n/colonn2068.jpeg,0,benign,colonn2068,colon_n,189,438
train,colon_n/colonn2069.jpeg,0,benign,colonn2069,colon_n,196,445
train,colon_n/colonn207.jpeg,0,benign,colonn207,colon_n,251,500
train,colon_n/colonn2071.jpeg,0,benign,colonn2071,colon_n,2,251
train,colon_n/colonn2072.jpeg,0,benign,colonn2072,colon_n,63,312
train,colon_n/colonn2073.jpeg,0,benign,colonn2073,colon_n,219,468
train,colon_n/colonn2074.jpeg,0,benign,colonn2074,colon_n,22,271
train,colon_n/colonn2076.jpeg,0,benign,colonn2076,colon_n,7,256
train,colon_n/colonn2077.jpeg,0,benign,colonn2077,colon_n,149,398
train,colon_n/colonn2078.jpeg,0,benign,colonn2078,colon_n,22,271
train,colon_n/colonn2079.jpeg,0,benign,colonn2079,colon_n,89,338
train,colon_n/colonn2080.jpeg,0,benign,colonn2080,colon_n,20,269
train,colon_n/colonn2082.jpeg,0,benign,colonn2082,colon_n,212,461
train,colon_n/colonn2085.jpeg,0,benign,colonn2085,colon_n,143,392
train,colon_n/colonn2086.jpeg,0,benign,colonn2086,colon_n,92,341
train,colon_n/colonn2088.jpeg,0,benign,colonn2088,colon_n,12,261
train,colon_n/colonn2089.jpeg,0,benign,colonn2089,colon_n,95,344
train,colon_n/colonn2091.jpeg,0,benign,colonn2091,colon_n,31,280
train,colon_n/colonn2092.jpeg,0,benign,colonn2092,colon_n,234,483
train,colon_n/colonn2093.jpeg,0,benign,colonn2093,colon_n,163,412
train,colon_n/colonn2095.jpeg,0,benign,colonn2095,colon_n,138,387
train,colon_n/colonn2096.jpeg,0,benign,colonn2096,colon_n,214,463
train,colon_n/colonn2097.jpeg,0,benign,colonn2097,colon_n,153,402
train,colon_n/colonn2098.jpeg,0,benign,colonn2098,colon_n,169,418
train,colon_n/colonn2099.jpeg,0,benign,colonn2099,colon_n,100,349
train,colon_n/colonn21.jpeg,0,benign,colonn21,colon_n,188,437
train,colon_n/colonn2100.jpeg,0,benign,colonn2100,colon_n,100,349
train,colon_n/colonn2101.jpeg,0,benign,colonn2101,colon_n,131,380
train,colon_n/colonn2102.jpeg,0,benign,colonn2102,colon_n,83,332
train,colon_n/colonn2103.jpeg,0,benign,colonn2103,colon_n,83,332
train,colon_n/colonn2105.jpeg,0,benign,colonn2105,colon_n,184,433
train,colon_n/colonn2106.jpeg,0,benign,colonn2106,colon_n,155,404
train,colon_n/colonn2108.jpeg,0,benign,colonn2108,colon_n,61,310
train,colon_n/colonn2109.jpeg,0,benign,colonn2109,colon_n,235,484
train,colon_n/colonn211.jpeg,0,benign,colonn211,colon_n,183,432
train,colon_n/colonn2114.jpeg,0,benign,colonn2114,colon_n,183,432
train,colon_n/colonn2115.jpeg,0,benign,colonn2115,colon_n,254,503
train,colon_n/colonn2116.jpeg,0,benign,colonn2116,colon_n,215,464
train,colon_n/colonn2119.jpeg,0,benign,colonn2119,colon_n,157,406
train,colon_n/colonn212.jpeg,0,benign,colonn212,colon_n,152,401
train,colon_n/colonn2121.jpeg,0,benign,colonn2121,colon_n,98,347
train,colon_n/colonn2122.jpeg,0,benign,colonn2122,colon_n,98,347
train,colon_n/colonn2123.jpeg,0,benign,colonn2123,colon_n,98,347
train,colon_n/colonn2124.jpeg,0,benign,colonn2124,colon_n,134,383
train,colon_n/colonn2127.jpeg,0,benign,colonn2127,colon_n,46,295
train,colon_n/colonn213.jpeg,0,benign,colonn213,colon_n,99,348
train,colon_n/colonn2130.jpeg,0,benign,colonn2130,colon_n,142,391
train,colon_n/colonn2131.jpeg,0,benign,colonn2131,colon_n,85,334
train,colon_n/colonn2133.jpeg,0,benign,colonn2133,colon_n,22,271
train,colon_n/colonn2135.jpeg,0,benign,colonn2135,colon_n,123,372
train,colon_n/colonn2136.jpeg,0,benign,colonn2136,colon_n,23,272
train,colon_n/colonn2137.jpeg,0,benign,colonn2137,colon_n,212,461
train,colon_n/colonn2138.jpeg,0,benign,colonn2138,colon_n,27,276
train,colon_n/colonn214.jpeg,0,benign,colonn214,colon_n,99,348
train,colon_n/colonn2140.jpeg,0,benign,colonn2140,colon_n,8,257
train,colon_n/colonn2141.jpeg,0,benign,colonn2141,colon_n,236,485
train,colon_n/colonn2142.jpeg,0,benign,colonn2142,colon_n,109,358
train,colon_n/colonn2143.jpeg,0,benign,colonn2143,colon_n,195,444
train,colon_n/colonn2144.jpeg,0,benign,colonn2144,colon_n,195,444
train,colon_n/colonn2145.jpeg,0,benign,colonn2145,colon_n,171,420
train,colon_n/colonn2146.jpeg,0,benign,colonn2146,colon_n,17,266
train,colon_n/colonn2147.jpeg,0,benign,colonn2147,colon_n,17,266
train,colon_n/colonn2150.jpeg,0,benign,colonn2150,colon_n,47,296
train,colon_n/colonn2151.jpeg,0,benign,colonn2151,colon_n,12,261
train,colon_n/colonn2153.jpeg,0,benign,colonn2153,colon_n,102,351
train,colon_n/colonn2154.jpeg,0,benign,colonn2154,colon_n,72,321
train,colon_n/colonn2155.jpeg,0,benign,colonn2155,colon_n,130,379
train,colon_n/colonn2156.jpeg,0,benign,colonn2156,colon_n,87,336
train,colon_n/colonn2157.jpeg,0,benign,colonn2157,colon_n,14,263
train,colon_n/colonn2158.jpeg,0,benign,colonn2158,colon_n,201,450
train,colon_n/colonn2159.jpeg,0,benign,colonn2159,colon_n,201,450
train,colon_n/colonn216.jpeg,0,benign,colonn216,colon_n,36,285
train,colon_n/colonn2160.jpeg,0,benign,colonn2160,colon_n,34,283
train,colon_n/colonn2163.jpeg,0,benign,colonn2163,colon_n,64,313
train,colon_n/colonn2164.jpeg,0,benign,colonn2164,colon_n,118,367
train,colon_n/colonn2165.jpeg,0,benign,colonn2165,colon_n,169,418
train,colon_n/colonn2166.jpeg,0,benign,colonn2166,colon_n,53,302
train,colon_n/colonn2167.jpeg,0,benign,colonn2167,colon_n,155,404
train,colon_n/colonn2168.jpeg,0,benign,colonn2168,colon_n,188,437
train,colon_n/colonn217.jpeg,0,benign,colonn217,colon_n,32,281
train,colon_n/colonn2171.jpeg,0,benign,colonn2171,colon_n,246,495
train,colon_n/colonn2172.jpeg,0,benign,colonn2172,colon_n,251,500
train,colon_n/colonn2174.jpeg,0,benign,colonn2174,colon_n,160,409
train,colon_n/colonn2175.jpeg,0,benign,colonn2175,colon_n,160,409
train,colon_n/colonn2176.jpeg,0,benign,colonn2176,colon_n,36,285
train,colon_n/colonn2177.jpeg,0,benign,colonn2177,colon_n,157,406
train,colon_n/colonn2178.jpeg,0,benign,colonn2178,colon_n,157,406
train,colon_n/colonn2179.jpeg,0,benign,colonn2179,colon_n,98,347
train,colon_n/colonn218.jpeg,0,benign,colonn218,colon_n,250,499
train,colon_n/colonn2180.jpeg,0,benign,colonn2180,colon_n,134,383
train,colon_n/colonn2183.jpeg,0,benign,colonn2183,colon_n,147,396
train,colon_n/colonn2186.jpeg,0,benign,colonn2186,colon_n,141,390
train,colon_n/colonn2187.jpeg,0,benign,colonn2187,colon_n,164,413
train,colon_n/colonn2188.jpeg,0,benign,colonn2188,colon_n,81,330
train,colon_n/colonn2189.jpeg,0,benign,colonn2189,colon_n,80,329
train,colon_n/colonn2193.jpeg,0,benign,colonn2193,colon_n,22,271
train,colon_n/colonn2194.jpeg,0,benign,colonn2194,colon_n,123,372
train,colon_n/colonn2195.jpeg,0,benign,colonn2195,colon_n,89,338
train,colon_n/colonn2198.jpeg,0,benign,colonn2198,colon_n,8,257
train,colon_n/colonn2199.jpeg,0,benign,colonn2199,colon_n,193,442
train,colon_n/colonn2200.jpeg,0,benign,colonn2200,colon_n,218,467
train,colon_n/colonn2203.jpeg,0,benign,colonn2203,colon_n,71,320
train,colon_n/colonn2204.jpeg,0,benign,colonn2204,colon_n,139,388
train,colon_n/colonn2205.jpeg,0,benign,colonn2205,colon_n,133,382
train,colon_n/colonn2206.jpeg,0,benign,colonn2206,colon_n,133,382
train,colon_n/colonn2208.jpeg,0,benign,colonn2208,colon_n,179,428
train,colon_n/colonn2209.jpeg,0,benign,colonn2209,colon_n,213,462
train,colon_n/colonn2210.jpeg,0,benign,colonn2210,colon_n,102,351
train,colon_n/colonn2212.jpeg,0,benign,colonn2212,colon_n,59,308
train,colon_n/colonn2213.jpeg,0,benign,colonn2213,colon_n,31,280
train,colon_n/colonn2214.jpeg,0,benign,colonn2214,colon_n,130,379
train,colon_n/colonn2216.jpeg,0,benign,colonn2216,colon_n,14,263
train,colon_n/colonn2218.jpeg,0,benign,colonn2218,colon_n,106,355
train,colon_n/colonn2219.jpeg,0,benign,colonn2219,colon_n,106,355
train,colon_n/colonn2220.jpeg,0,benign,colonn2220,colon_n,106,355
train,colon_n/colonn2221.jpeg,0,benign,colonn2221,colon_n,5,254
train,colon_n/colonn2222.jpeg,0,benign,colonn2222,colon_n,122,371
train,colon_n/colonn2223.jpeg,0,benign,colonn2223,colon_n,37,286
train,colon_n/colonn2225.jpeg,0,benign,colonn2225,colon_n,238,487
train,colon_n/colonn2226.jpeg,0,benign,colonn2226,colon_n,222,471
train,colon_n/colonn2228.jpeg,0,benign,colonn2228,colon_n,188,437
train,colon_n/colonn2229.jpeg,0,benign,colonn2229,colon_n,188,437
train,colon_n/colonn2230.jpeg,0,benign,colonn2230,colon_n,0,249
train,colon_n/colonn2231.jpeg,0,benign,colonn2231,colon_n,0,249
train,colon_n/colonn2232.jpeg,0,benign,colonn2232,colon_n,119,368
train,colon_n/colonn2234.jpeg,0,benign,colonn2234,colon_n,203,452
train,colon_n/colonn2235.jpeg,0,benign,colonn2235,colon_n,52,301
train,colon_n/colonn2237.jpeg,0,benign,colonn2237,colon_n,129,378
train,colon_n/colonn2238.jpeg,0,benign,colonn2238,colon_n,129,378
train,colon_n/colonn2239.jpeg,0,benign,colonn2239,colon_n,174,423
train,colon_n/colonn224.jpeg,0,benign,colonn224,colon_n,177,426
train,colon_n/colonn2242.jpeg,0,benign,colonn2242,colon_n,32,281
train,colon_n/colonn2243.jpeg,0,benign,colonn2243,colon_n,226,475
train,colon_n/colonn2245.jpeg,0,benign,colonn2245,colon_n,63,312
train,colon_n/colonn2246.jpeg,0,benign,colonn2246,colon_n,141,390
train,colon_n/colonn2247.jpeg,0,benign,colonn2247,colon_n,164,413
train,colon_n/colonn225.jpeg,0,benign,colonn225,colon_n,85,334
train,colon_n/colonn2250.jpeg,0,benign,colonn2250,colon_n,156,405
train,colon_n/colonn2251.jpeg,0,benign,colonn2251,colon_n,22,271
train,colon_n/colonn2252.jpeg,0,benign,colonn2252,colon_n,20,269
train,colon_n/colonn2253.jpeg,0,benign,colonn2253,colon_n,23,272
train,colon_n/colonn2254.jpeg,0,benign,colonn2254,colon_n,27,276
train,colon_n/colonn2255.jpeg,0,benign,colonn2255,colon_n,109,358
train,colon_n/colonn2256.jpeg,0,benign,colonn2256,colon_n,57,306
train,colon_n/colonn2257.jpeg,0,benign,colonn2257,colon_n,41,290
train,colon_n/colonn2258.jpeg,0,benign,colonn2258,colon_n,65,314
train,colon_n/colonn2259.jpeg,0,benign,colonn2259,colon_n,12,261
train,colon_n/colonn226.jpeg,0,benign,colonn226,colon_n,62,311
train,colon_n/colonn2262.jpeg,0,benign,colonn2262,colon_n,59,308
train,colon_n/colonn2263.jpeg,0,benign,colonn2263,colon_n,205,454
train,colon_n/colonn2265.jpeg,0,benign,colonn2265,colon_n,234,483
train,colon_n/colonn2266.jpeg,0,benign,colonn2266,colon_n,5,254
train,colon_n/colonn2267.jpeg,0,benign,colonn2267,colon_n,122,371
train,colon_n/colonn2268.jpeg,0,benign,colonn2268,colon_n,50,299
train,colon_n/colonn2269.jpeg,0,benign,colonn2269,colon_n,37,286
train,colon_n/colonn227.jpeg,0,benign,colonn227,colon_n,62,311
train,colon_n/colonn2270.jpeg,0,benign,colonn2270,colon_n,214,463
train,colon_n/colonn2271.jpeg,0,benign,colonn2271,colon_n,153,402
train,colon_n/colonn2272.jpeg,0,benign,colonn2272,colon_n,26,275
train,colon_n/colonn2274.jpeg,0,benign,colonn2274,colon_n,155,404
train,colon_n/colonn2275.jpeg,0,benign,colonn2275,colon_n,188,437
train,colon_n/colonn2276.jpeg,0,benign,colonn2276,colon_n,119,368
train,colon_n/colonn2281.jpeg,0,benign,colonn2281,colon_n,232,481
train,colon_n/colonn2282.jpeg,0,benign,colonn2282,colon_n,232,481
train,colon_n/colonn2284.jpeg,0,benign,colonn2284,colon_n,246,495
train,colon_n/colonn2285.jpeg,0,benign,colonn2285,colon_n,88,337
train,colon_n/colonn2286.jpeg,0,benign,colonn2286,colon_n,94,343
train,colon_n/colonn2289.jpeg,0,benign,colonn2289,colon_n,76,325
train,colon_n/colonn229.jpeg,0,benign,colonn229,colon_n,13,262
train,colon_n/colonn2291.jpeg,0,benign,colonn2291,colon_n,254,503
train,colon_n/colonn2292.jpeg,0,benign,colonn2292,colon_n,98,347
train,colon_n/colonn2293.jpeg,0,benign,colonn2293,colon_n,196,445
train,colon_n/colonn2294.jpeg,0,benign,colonn2294,colon_n,147,396
train,colon_n/colonn2297.jpeg,0,benign,colonn2297,colon_n,81,330
train,colon_n/colonn2298.jpeg,0,benign,colonn2298,colon_n,81,330
train,colon_n/colonn230.jpeg,0,benign,colonn230,colon_n,145,394
train,colon_n/colonn2301.jpeg,0,benign,colonn2301,colon_n,227,476
train,colon_n/colonn2302.jpeg,0,benign,colonn2302,colon_n,80,329
train,colon_n/colonn2305.jpeg,0,benign,colonn2305,colon_n,142,391
train,colon_n/colonn2306.jpeg,0,benign,colonn2306,colon_n,180,429
train,colon_n/colonn2307.jpeg,0,benign,colonn2307,colon_n,180,429
train,colon_n/colonn2309.jpeg,0,benign,colonn2309,colon_n,23,272
train,colon_n/colonn231.jpeg,0,benign,colonn231,colon_n,145,394
train,colon_n/colonn2310.jpeg,0,benign,colonn2310,colon_n,27,276
train,colon_n/colonn2311.jpeg,0,benign,colonn2311,colon_n,70,319
train,colon_n/colonn2312.jpeg,0,benign,colonn2312,colon_n,109,358
train,colon_n/colonn2313.jpeg,0,benign,colonn2313,colon_n,171,420
train,colon_n/colonn2314.jpeg,0,benign,colonn2314,colon_n,217,466
train,colon_n/colonn2317.jpeg,0,benign,colonn2317,colon_n,104,353
train,colon_n/colonn2318.jpeg,0,benign,colonn2318,colon_n,158,407
train,colon_n/colonn2319.jpeg,0,benign,colonn2319,colon_n,21,270
train,colon_n/colonn232.jpeg,0,benign,colonn232,colon_n,23,272
train,colon_n/colonn2320.jpeg,0,benign,colonn2320,colon_n,21,270
train,colon_n/colonn2322.jpeg,0,benign,colonn2322,colon_n,31,280
train,colon_n/colonn2323.jpeg,0,benign,colonn2323,colon_n,130,379
train,colon_n/colonn2324.jpeg,0,benign,colonn2324,colon_n,87,336
train,colon_n/colonn2326.jpeg,0,benign,colonn2326,colon_n,14,263
train,colon_n/colonn2327.jpeg,0,benign,colonn2327,colon_n,106,355
train,colon_n/colonn2328.jpeg,0,benign,colonn2328,colon_n,122,371
train,colon_n/colonn2329.jpeg,0,benign,colonn2329,colon_n,50,299
train,colon_n/colonn233.jpeg,0,benign,colonn233,colon_n,23,272
train,colon_n/colonn2330.jpeg,0,benign,colonn2330,colon_n,43,292
train,colon_n/colonn2331.jpeg,0,benign,colonn2331,colon_n,148,397
train,colon_n/colonn2335.jpeg,0,benign,colonn2335,colon_n,185,434
train,colon_n/colonn2336.jpeg,0,benign,colonn2336,colon_n,53,302
train,colon_n/colonn2337.jpeg,0,benign,colonn2337,colon_n,184,433
train,colon_n/colonn2338.jpeg,0,benign,colonn2338,colon_n,155,404
train,colon_n/colonn2339.jpeg,0,benign,colonn2339,colon_n,188,437
train,colon_n/colonn234.jpeg,0,benign,colonn234,colon_n,195,444
train,colon_n/colonn2343.jpeg,0,benign,colonn2343,colon_n,103,352
train,colon_n/colonn2346.jpeg,0,benign,colonn2346,colon_n,94,343
train,colon_n/colonn2347.jpeg,0,benign,colonn2347,colon_n,191,440
train,colon_n/colonn2348.jpeg,0,benign,colonn2348,colon_n,183,432
train,colon_n/colonn2349.jpeg,0,benign,colonn2349,colon_n,91,340
train,colon_n/colonn235.jpeg,0,benign,colonn235,colon_n,113,362
train,colon_n/colonn2350.jpeg,0,benign,colonn2350,colon_n,215,464
train,colon_n/colonn2351.jpeg,0,benign,colonn2351,colon_n,160,409
train,colon_n/colonn2352.jpeg,0,benign,colonn2352,colon_n,51,300
train,colon_n/colonn2353.jpeg,0,benign,colonn2353,colon_n,151,400
train,colon_n/colonn2356.jpeg,0,benign,colonn2356,colon_n,46,295
train,colon_n/colonn2358.jpeg,0,benign,colonn2358,colon_n,128,377
train,colon_n/colonn2364.jpeg,0,benign,colonn2364,colon_n,149,398
train,colon_n/colonn2365.jpeg,0,benign,colonn2365,colon_n,23,272
train,colon_n/colonn2366.jpeg,0,benign,colonn2366,colon_n,70,319
train,colon_n/colonn2367.jpeg,0,benign,colonn2367,colon_n,8,257
train,colon_n/colonn2368.jpeg,0,benign,colonn2368,colon_n,109,358
train,colon_n/colonn2369.jpeg,0,benign,colonn2369,colon_n,113,362
train,colon_n/colonn237.jpeg,0,benign,colonn237,colon_n,56,305
train,colon_n/colonn2372.jpeg,0,benign,colonn2372,colon_n,17,266
train,colon_n/colonn2373.jpeg,0,benign,colonn2373,colon_n,135,384
train,colon_n/colonn2374.jpeg,0,benign,colonn2374,colon_n,115,364
train,colon_n/colonn2375.jpeg,0,benign,colonn2375,colon_n,115,364
train,colon_n/colonn2376.jpeg,0,benign,colonn2376,colon_n,42,291
train,colon_n/colonn2378.jpeg,0,benign,colonn2378,colon_n,74,323
train,colon_n/colonn238.jpeg,0,benign,colonn238,colon_n,3,252
train,colon_n/colonn2380.jpeg,0,benign,colonn2380,colon_n,48,297
train,colon_n/colonn2381.jpeg,0,benign,colonn2381,colon_n,158,407
train,colon_n/colonn2383.jpeg,0,benign,colonn2383,colon_n,21,270
train,colon_n/colonn2384.jpeg,0,benign,colonn2384,colon_n,213,462
train,colon_n/colonn2385.jpeg,0,benign,colonn2385,colon_n,77,326
train,colon_n/colonn2386.jpeg,0,benign,colonn2386,colon_n,95,344
train,colon_n/colonn2387.jpeg,0,benign,colonn2387,colon_n,78,327
train,colon_n/colonn2388.jpeg,0,benign,colonn2388,colon_n,59,308
train,colon_n/colonn2389.jpeg,0,benign,colonn2389,colon_n,205,454
train,colon_n/colonn2391.jpeg,0,benign,colonn2391,colon_n,118,367
train,colon_n/colonn2393.jpeg,0,benign,colonn2393,colon_n,230,479
train,colon_n/colonn2394.jpeg,0,benign,colonn2394,colon_n,29,278
train,colon_n/colonn2395.jpeg,0,benign,colonn2395,colon_n,238,487
train,colon_n/colonn2396.jpeg,0,benign,colonn2396,colon_n,184,433
train,colon_n/colonn2397.jpeg,0,benign,colonn2397,colon_n,61,310
train,colon_n/colonn2399.jpeg,0,benign,colonn2399,colon_n,44,293
train,colon_n/colonn24.jpeg,0,benign,colonn24,colon_n,124,373
train,colon_n/colonn2401.jpeg,0,benign,colonn2401,colon_n,103,352
train,colon_n/colonn2402.jpeg,0,benign,colonn2402,colon_n,237,486
train,colon_n/colonn2404.jpeg,0,benign,colonn2404,colon_n,129,378
train,colon_n/colonn2405.jpeg,0,benign,colonn2405,colon_n,35,284
train,colon_n/colonn2408.jpeg,0,benign,colonn2408,colon_n,91,340
train,colon_n/colonn2409.jpeg,0,benign,colonn2409,colon_n,99,348
train,colon_n/colonn241.jpeg,0,benign,colonn241,colon_n,12,261
train,colon_n/colonn2410.jpeg,0,benign,colonn2410,colon_n,199,448
train,colon_n/colonn2411.jpeg,0,benign,colonn2411,colon_n,250,499
train,colon_n/colonn2414.jpeg,0,benign,colonn2414,colon_n,177,426
train,colon_n/colonn2415.jpeg,0,benign,colonn2415,colon_n,196,445
train,colon_n/colonn2419.jpeg,0,benign,colonn2419,colon_n,180,429
train,colon_n/colonn242.jpeg,0,benign,colonn242,colon_n,213,462
train,colon_n/colonn2421.jpeg,0,benign,colonn2421,colon_n,156,405
train,colon_n/colonn2422.jpeg,0,benign,colonn2422,colon_n,7,256
train,colon_n/colonn2423.jpeg,0,benign,colonn2423,colon_n,149,398
train,colon_n/colonn2424.jpeg,0,benign,colonn2424,colon_n,7,256
train,colon_n/colonn2425.jpeg,0,benign,colonn2425,colon_n,23,272
train,colon_n/colonn2426.jpeg,0,benign,colonn2426,colon_n,212,461
train,colon_n/colonn2427.jpeg,0,benign,colonn2427,colon_n,109,358
train,colon_n/colonn243.jpeg,0,benign,colonn243,colon_n,77,326
train,colon_n/colonn2430.jpeg,0,benign,colonn2430,colon_n,17,266
train,colon_n/colonn2431.jpeg,0,benign,colonn2431,colon_n,202,451
train,colon_n/colonn2432.jpeg,0,benign,colonn2432,colon_n,57,306
train,colon_n/colonn2433.jpeg,0,benign,colonn2433,colon_n,158,407
train,colon_n/colonn2434.jpeg,0,benign,colonn2434,colon_n,54,303
train,colon_n/colonn2435.jpeg,0,benign,colonn2435,colon_n,54,303
train,colon_n/colonn2436.jpeg,0,benign,colonn2436,colon_n,65,314
train,colon_n/colonn2438.jpeg,0,benign,colonn2438,colon_n,12,261
train,colon_n/colonn2439.jpeg,0,benign,colonn2439,colon_n,39,288
train,colon_n/colonn2441.jpeg,0,benign,colonn2441,colon_n,59,308
train,colon_n/colonn2442.jpeg,0,benign,colonn2442,colon_n,130,379
train,colon_n/colonn2443.jpeg,0,benign,colonn2443,colon_n,87,336
train,colon_n/colonn2445.jpeg,0,benign,colonn2445,colon_n,106,355
train,colon_n/colonn2446.jpeg,0,benign,colonn2446,colon_n,148,397
train,colon_n/colonn2447.jpeg,0,benign,colonn2447,colon_n,138,387
train,colon_n/colonn2448.jpeg,0,benign,colonn2448,colon_n,64,313
train,colon_n/colonn2449.jpeg,0,benign,colonn2449,colon_n,40,289
train,colon_n/colonn245.jpeg,0,benign,colonn245,colon_n,78,327
train,colon_n/colonn2451.jpeg,0,benign,colonn2451,colon_n,100,349
train,colon_n/colonn2453.jpeg,0,benign,colonn2453,colon_n,0,249
train,colon_n/colonn2454.jpeg,0,benign,colonn2454,colon_n,61,310
train,colon_n/colonn2455.jpeg,0,benign,colonn2455,colon_n,167,416
train,colon_n/colonn2457.jpeg,0,benign,colonn2457,colon_n,232,481
train,colon_n/colonn2458.jpeg,0,benign,colonn2458,colon_n,44,293
train,colon_n/colonn2459.jpeg,0,benign,colonn2459,colon_n,246,495
train,colon_n/colonn246.jpeg,0,benign,colonn246,colon_n,205,454
train,colon_n/colonn2460.jpeg,0,benign,colonn2460,colon_n,246,495
train,colon_n/colonn2461.jpeg,0,benign,colonn2461,colon_n,129,378
train,colon_n/colonn2462.jpeg,0,benign,colonn2462,colon_n,58,307
train,colon_n/colonn2465.jpeg,0,benign,colonn2465,colon_n,152,401
train,colon_n/colonn2466.jpeg,0,benign,colonn2466,colon_n,91,340
train,colon_n/colonn2467.jpeg,0,benign,colonn2467,colon_n,220,469
train,colon_n/colonn247.jpeg,0,benign,colonn247,colon_n,106,355
train,colon_n/colonn2470.jpeg,0,benign,colonn2470,colon_n,151,400
train,colon_n/colonn2471.jpeg,0,benign,colonn2471,colon_n,2,251
train,colon_n/colonn2472.jpeg,0,benign,colonn2472,colon_n,46,295
train,colon_n/colonn2473.jpeg,0,benign,colonn2473,colon_n,227,476
train,colon_n/colonn2477.jpeg,0,benign,colonn2477,colon_n,13,262
train,colon_n/colonn2478.jpeg,0,benign,colonn2478,colon_n,89,338
train,colon_n/colonn2479.jpeg,0,benign,colonn2479,colon_n,89,338
train,colon_n/colonn248.jpeg,0,benign,colonn248,colon_n,163,412
train,colon_n/colonn2480.jpeg,0,benign,colonn2480,colon_n,27,276
train,colon_n/colonn2482.jpeg,0,benign,colonn2482,colon_n,8,257
train,colon_n/colonn2484.jpeg,0,benign,colonn2484,colon_n,113,362
train,colon_n/colonn2485.jpeg,0,benign,colonn2485,colon_n,115,364
train,colon_n/colonn2486.jpeg,0,benign,colonn2486,colon_n,92,341
train,colon_n/colonn2487.jpeg,0,benign,colonn2487,colon_n,92,341
train,colon_n/colonn2488.jpeg,0,benign,colonn2488,colon_n,202,451
train,colon_n/colonn2489.jpeg,0,benign,colonn2489,colon_n,57,306
train,colon_n/colonn249.jpeg,0,benign,colonn249,colon_n,34,283
train,colon_n/colonn2491.jpeg,0,benign,colonn2491,colon_n,71,320
train,colon_n/colonn2492.jpeg,0,benign,colonn2492,colon_n,71,320
train,colon_n/colonn2493.jpeg,0,benign,colonn2493,colon_n,210,459
train,colon_n/colonn2495.jpeg,0,benign,colonn2495,colon_n,4,253
train,colon_n/colonn2496.jpeg,0,benign,colonn2496,colon_n,102,351
train,colon_n/colonn2497.jpeg,0,benign,colonn2497,colon_n,242,491
train,colon_n/colonn2498.jpeg,0,benign,colonn2498,colon_n,31,280
train,colon_n/colonn2499.jpeg,0,benign,colonn2499,colon_n,163,412
train,colon_n/colonn25.jpeg,0,benign,colonn25,colon_n,183,432
train,colon_n/colonn250.jpeg,0,benign,colonn250,colon_n,37,286
train,colon_n/colonn2501.jpeg,0,benign,colonn2501,colon_n,50,299
train,colon_n/colonn2502.jpeg,0,benign,colonn2502,colon_n,37,286
train,colon_n/colonn2503.jpeg,0,benign,colonn2503,colon_n,49,298
train,colon_n/colonn2504.jpeg,0,benign,colonn2504,colon_n,138,387
train,colon_n/colonn2508.jpeg,0,benign,colonn2508,colon_n,64,313
train,colon_n/colonn2509.jpeg,0,benign,colonn2509,colon_n,153,402
train,colon_n/colonn251.jpeg,0,benign,colonn251,colon_n,37,286
train,colon_n/colonn2510.jpeg,0,benign,colonn2510,colon_n,161,410
train,colon_n/colonn2512.jpeg,0,benign,colonn2512,colon_n,26,275
train,colon_n/colonn2513.jpeg,0,benign,colonn2513,colon_n,131,380
train,colon_n/colonn2515.jpeg,0,benign,colonn2515,colon_n,83,332
train,colon_n/colonn2516.jpeg,0,benign,colonn2516,colon_n,235,484
train,colon_n/colonn2518.jpeg,0,benign,colonn2518,colon_n,88,337
train,colon_n/colonn2519.jpeg,0,benign,colonn2519,colon_n,35,284
train,colon_n/colonn252.jpeg,0,benign,colonn252,colon_n,43,292
train,colon_n/colonn2520.jpeg,0,benign,colonn2520,colon_n,124,373
train,colon_n/colonn2521.jpeg,0,benign,colonn2521,colon_n,124,373
train,colon_n/colonn2522.jpeg,0,benign,colonn2522,colon_n,99,348
train,colon_n/colonn2523.jpeg,0,benign,colonn2523,colon_n,160,409
train,colon_n/colonn2525.jpeg,0,benign,colonn2525,colon_n,98,347
train,colon_n/colonn2526.jpeg,0,benign,colonn2526,colon_n,151,400
train,colon_n/colonn2528.jpeg,0,benign,colonn2528,colon_n,2,251
train,colon_n/colonn2529.jpeg,0,benign,colonn2529,colon_n,164,413
train,colon_n/colonn253.jpeg,0,benign,colonn253,colon_n,43,292
train,colon_n/colonn2530.jpeg,0,benign,colonn2530,colon_n,128,377
train,colon_n/colonn2531.jpeg,0,benign,colonn2531,colon_n,211,460
train,colon_n/colonn2532.jpeg,0,benign,colonn2532,colon_n,107,356
train,colon_n/colonn2534.jpeg,0,benign,colonn2534,colon_n,219,468
train,colon_n/colonn2535.jpeg,0,benign,colonn2535,colon_n,156,405
train,colon_n/colonn2537.jpeg,0,benign,colonn2537,colon_n,89,338
train,colon_n/colonn2538.jpeg,0,benign,colonn2538,colon_n,212,461
train,colon_n/colonn2539.jpeg,0,benign,colonn2539,colon_n,212,461
train,colon_n/colonn254.jpeg,0,benign,colonn254,colon_n,204,453
train,colon_n/colonn2542.jpeg,0,benign,colonn2542,colon_n,195,444
train,colon_n/colonn2543.jpeg,0,benign,colonn2543,colon_n,113,362
train,colon_n/colonn2547.jpeg,0,benign,colonn2547,colon_n,42,291
train,colon_n/colonn2548.jpeg,0,benign,colonn2548,colon_n,92,341
train,colon_n/colonn2549.jpeg,0,benign,colonn2549,colon_n,57,306
train,colon_n/colonn255.jpeg,0,benign,colonn255,colon_n,204,453
train,colon_n/colonn2551.jpeg,0,benign,colonn2551,colon_n,207,456
train,colon_n/colonn2552.jpeg,0,benign,colonn2552,colon_n,104,353
train,colon_n/colonn2553.jpeg,0,benign,colonn2553,colon_n,47,296
train,colon_n/colonn2555.jpeg,0,benign,colonn2555,colon_n,65,314
train,colon_n/colonn2556.jpeg,0,benign,colonn2556,colon_n,95,344
train,colon_n/colonn2557.jpeg,0,benign,colonn2557,colon_n,72,321
train,colon_n/colonn2558.jpeg,0,benign,colonn2558,colon_n,72,321
train,colon_n/colonn256.jpeg,0,benign,colonn256,colon_n,238,487
train,colon_n/colonn2560.jpeg,0,benign,colonn2560,colon_n,201,450
train,colon_n/colonn2561.jpeg,0,benign,colonn2561,colon_n,50,299
train,colon_n/colonn2562.jpeg,0,benign,colonn2562,colon_n,148,397
train,colon_n/colonn2564.jpeg,0,benign,colonn2564,colon_n,40,289
train,colon_n/colonn2565.jpeg,0,benign,colonn2565,colon_n,40,289
train,colon_n/colonn2566.jpeg,0,benign,colonn2566,colon_n,11,260
train,colon_n/colonn2567.jpeg,0,benign,colonn2567,colon_n,204,453
train,colon_n/colonn2568.jpeg,0,benign,colonn2568,colon_n,169,418
train,colon_n/colonn257.jpeg,0,benign,colonn257,colon_n,83,332
train,colon_n/colonn2571.jpeg,0,benign,colonn2571,colon_n,61,310
train,colon_n/colonn2575.jpeg,0,benign,colonn2575,colon_n,103,352
train,colon_n/colonn2577.jpeg,0,benign,colonn2577,colon_n,76,325
train,colon_n/colonn2580.jpeg,0,benign,colonn2580,colon_n,124,373
train,colon_n/colonn2581.jpeg,0,benign,colonn2581,colon_n,99,348
train,colon_n/colonn2582.jpeg,0,benign,colonn2582,colon_n,32,281
train,colon_n/colonn2583.jpeg,0,benign,colonn2583,colon_n,226,475
train,colon_n/colonn2584.jpeg,0,benign,colonn2584,colon_n,189,438
train,colon_n/colonn2585.jpeg,0,benign,colonn2585,colon_n,46,295
train,colon_n/colonn2588.jpeg,0,benign,colonn2588,colon_n,81,330
train,colon_n/colonn259.jpeg,0,benign,colonn259,colon_n,167,416
train,colon_n/colonn2590.jpeg,0,benign,colonn2590,colon_n,227,476
train,colon_n/colonn2592.jpeg,0,benign,colonn2592,colon_n,105,354
train,colon_n/colonn2593.jpeg,0,benign,colonn2593,colon_n,219,468
train,colon_n/colonn2594.jpeg,0,benign,colonn2594,colon_n,145,394
train,colon_n/colonn2595.jpeg,0,benign,colonn2595,colon_n,20,269
train,colon_n/colonn2596.jpeg,0,benign,colonn2596,colon_n,20,269
train,colon_n/colonn2598.jpeg,0,benign,colonn2598,colon_n,218,467
train,colon_n/colonn2599.jpeg,0,benign,colonn2599,colon_n,218,467
train,colon_n/colonn26.jpeg,0,benign,colonn26,colon_n,199,448
train,colon_n/colonn2601.jpeg,0,benign,colonn2601,colon_n,17,266
train,colon_n/colonn2602.jpeg,0,benign,colonn2602,colon_n,135,384
train,colon_n/colonn2605.jpeg,0,benign,colonn2605,colon_n,57,306
train,colon_n/colonn2606.jpeg,0,benign,colonn2606,colon_n,133,382
train,colon_n/colonn2608.jpeg,0,benign,colonn2608,colon_n,21,270
train,colon_n/colonn2609.jpeg,0,benign,colonn2609,colon_n,179,428
train,colon_n/colonn2610.jpeg,0,benign,colonn2610,colon_n,95,344
train,colon_n/colonn2611.jpeg,0,benign,colonn2611,colon_n,102,351
train,colon_n/colonn2612.jpeg,0,benign,colonn2612,colon_n,166,415
train,colon_n/colonn2614.jpeg,0,benign,colonn2614,colon_n,106,355
train,colon_n/colonn2617.jpeg,0,benign,colonn2617,colon_n,49,298
train,colon_n/colonn2618.jpeg,0,benign,colonn2618,colon_n,43,292
train,colon_n/colonn2619.jpeg,0,benign,colonn2619,colon_n,138,387
train,colon_n/colonn262.jpeg,0,benign,colonn262,colon_n,52,301
train,colon_n/colonn2620.jpeg,0,benign,colonn2620,colon_n,138,387
train,colon_n/colonn2621.jpeg,0,benign,colonn2621,colon_n,185,434
train,colon_n/colonn2622.jpeg,0,benign,colonn2622,colon_n,153,402
train,colon_n/colonn2623.jpeg,0,benign,colonn2623,colon_n,169,418
train,colon_n/colonn2625.jpeg,0,benign,colonn2625,colon_n,83,332
train,colon_n/colonn2626.jpeg,0,benign,colonn2626,colon_n,53,302
train,colon_n/colonn2629.jpeg,0,benign,colonn2629,colon_n,203,452
train,colon_n/colonn263.jpeg,0,benign,colonn263,colon_n,246,495
train,colon_n/colonn2631.jpeg,0,benign,colonn2631,colon_n,198,447
train,colon_n/colonn2632.jpeg,0,benign,colonn2632,colon_n,174,423
train,colon_n/colonn2633.jpeg,0,benign,colonn2633,colon_n,58,307
train,colon_n/colonn2634.jpeg,0,benign,colonn2634,colon_n,91,340
train,colon_n/colonn2635.jpeg,0,benign,colonn2635,colon_n,160,409
train,colon_n/colonn2637.jpeg,0,benign,colonn2637,colon_n,32,281
train,colon_n/colonn2638.jpeg,0,benign,colonn2638,colon_n,189,438
train,colon_n/colonn2641.jpeg,0,benign,colonn2641,colon_n,196,445
train,colon_n/colonn2645.jpeg,0,benign,colonn2645,colon_n,239,488
train,colon_n/colonn2647.jpeg,0,benign,colonn2647,colon_n,107,356
train,colon_n/colonn2648.jpeg,0,benign,colonn2648,colon_n,227,476
train,colon_n/colonn2649.jpeg,0,benign,colonn2649,colon_n,142,391
train,colon_n/colonn265.jpeg,0,benign,colonn265,colon_n,129,378
train,colon_n/colonn2650.jpeg,0,benign,colonn2650,colon_n,7,256
train,colon_n/colonn2651.jpeg,0,benign,colonn2651,colon_n,116,365
train,colon_n/colonn2653.jpeg,0,benign,colonn2653,colon_n,70,319
train,colon_n/colonn2656.jpeg,0,benign,colonn2656,colon_n,17,266
train,colon_n/colonn2657.jpeg,0,benign,colonn2657,colon_n,56,305
train,colon_n/colonn2658.jpeg,0,benign,colonn2658,colon_n,228,477
train,colon_n/colonn2659.jpeg,0,benign,colonn2659,colon_n,92,341
train,colon_n/colonn266.jpeg,0,benign,colonn266,colon_n,174,423
train,colon_n/colonn2660.jpeg,0,benign,colonn2660,colon_n,57,306
train,colon_n/colonn2662.jpeg,0,benign,colonn2662,colon_n,71,320
train,colon_n/colonn2663.jpeg,0,benign,colonn2663,colon_n,158,407
train,colon_n/colonn2665.jpeg,0,benign,colonn2665,colon_n,41,290
train,colon_n/colonn2666.jpeg,0,benign,colonn2666,colon_n,166,415
train,colon_n/colonn2668.jpeg,0,benign,colonn2668,colon_n,28,277
train,colon_n/colonn2669.jpeg,0,benign,colonn2669,colon_n,59,308
train,colon_n/colonn267.jpeg,0,benign,colonn267,colon_n,58,307
train,colon_n/colonn2670.jpeg,0,benign,colonn2670,colon_n,31,280
train,colon_n/colonn2672.jpeg,0,benign,colonn2672,colon_n,122,371
train,colon_n/colonn2673.jpeg,0,benign,colonn2673,colon_n,50,299
train,colon_n/colonn2674.jpeg,0,benign,colonn2674,colon_n,50,299
train,colon_n/colonn2675.jpeg,0,benign,colonn2675,colon_n,50,299
train,colon_n/colonn2676.jpeg,0,benign,colonn2676,colon_n,37,286
train,colon_n/colonn2679.jpeg,0,benign,colonn2679,colon_n,230,479
train,colon_n/colonn268.jpeg,0,benign,colonn268,colon_n,58,307
train,colon_n/colonn2681.jpeg,0,benign,colonn2681,colon_n,161,410
train,colon_n/colonn2682.jpeg,0,benign,colonn2682,colon_n,188,437
train,colon_n/colonn2683.jpeg,0,benign,colonn2683,colon_n,0,249
train,colon_n/colonn2684.jpeg,0,benign,colonn2684,colon_n,0,249
train,colon_n/colonn2686.jpeg,0,benign,colonn2686,colon_n,44,293
train,colon_n/colonn2688.jpeg,0,benign,colonn2688,colon_n,129,378
train,colon_n/colonn2689.jpeg,0,benign,colonn2689,colon_n,174,423
train,colon_n/colonn269.jpeg,0,benign,colonn269,colon_n,35,284
train,colon_n/colonn2690.jpeg,0,benign,colonn2690,colon_n,35,284
train,colon_n/colonn2691.jpeg,0,benign,colonn2691,colon_n,35,284
train,colon_n/colonn2692.jpeg,0,benign,colonn2692,colon_n,191,440
train,colon_n/colonn2693.jpeg,0,benign,colonn2693,colon_n,191,440
train,colon_n/colonn2694.jpeg,0,benign,colonn2694,colon_n,99,348
train,colon_n/colonn2695.jpeg,0,benign,colonn2695,colon_n,160,409
train,colon_n/colonn2697.jpeg,0,benign,colonn2697,colon_n,226,475
train,colon_n/colonn2698.jpeg,0,benign,colonn2698,colon_n,147,396
train,colon_n/colonn2699.jpeg,0,benign,colonn2699,colon_n,233,482
train,colon_n/colonn270.jpeg,0,benign,colonn270,colon_n,183,432
train,colon_n/colonn2700.jpeg,0,benign,colonn2700,colon_n,248,497
train,colon_n/colonn2702.jpeg,0,benign,colonn2702,colon_n,141,390
train,colon_n/colonn2705.jpeg,0,benign,colonn2705,colon_n,180,429
train,colon_n/colonn2706.jpeg,0,benign,colonn2706,colon_n,7,256
train,colon_n/colonn2707.jpeg,0,benign,colonn2707,colon_n,116,365
train,colon_n/colonn2708.jpeg,0,benign,colonn2708,colon_n,20,269
train,colon_n/colonn2709.jpeg,0,benign,colonn2709,colon_n,20,269
train,colon_n/colonn271.jpeg,0,benign,colonn271,colon_n,183,432
train,colon_n/colonn2710.jpeg,0,benign,colonn2710,colon_n,23,272
train,colon_n/colonn2712.jpeg,0,benign,colonn2712,colon_n,109,358
train,colon_n/colonn2713.jpeg,0,benign,colonn2713,colon_n,171,420
train,colon_n/colonn2714.jpeg,0,benign,colonn2714,colon_n,17,266
train,colon_n/colonn2715.jpeg,0,benign,colonn2715,colon_n,143,392
train,colon_n/colonn2716.jpeg,0,benign,colonn2716,colon_n,3,252
train,colon_n/colonn2717.jpeg,0,benign,colonn2717,colon_n,57,306
train,colon_n/colonn2718.jpeg,0,benign,colonn2718,colon_n,139,388
train,colon_n/colonn2719.jpeg,0,benign,colonn2719,colon_n,93,342
train,colon_n/colonn272.jpeg,0,benign,colonn272,colon_n,63,312
train,colon_n/colonn2721.jpeg,0,benign,colonn2721,colon_n,179,428
train,colon_n/colonn2722.jpeg,0,benign,colonn2722,colon_n,12,261
train,colon_n/colonn2723.jpeg,0,benign,colonn2723,colon_n,77,326
train,colon_n/colonn2727.jpeg,0,benign,colonn2727,colon_n,163,412
train,colon_n/colonn2729.jpeg,0,benign,colonn2729,colon_n,118,367
train,colon_n/colonn2730.jpeg,0,benign,colonn2730,colon_n,204,453
train,colon_n/colonn2732.jpeg,0,benign,colonn2732,colon_n,131,380
train,colon_n/colonn2733.jpeg,0,benign,colonn2733,colon_n,131,380
train,colon_n/colonn2734.jpeg,0,benign,colonn2734,colon_n,131,380
train,colon_n/colonn2735.jpeg,0,benign,colonn2735,colon_n,83,332
train,colon_n/colonn2737.jpeg,0,benign,colonn2737,colon_n,184,433
train,colon_n/colonn2738.jpeg,0,benign,colonn2738,colon_n,184,433
train,colon_n/colonn274.jpeg,0,benign,colonn274,colon_n,164,413
train,colon_n/colonn2741.jpeg,0,benign,colonn2741,colon_n,235,484
train,colon_n/colonn2743.jpeg,0,benign,colonn2743,colon_n,203,452
train,colon_n/colonn2744.jpeg,0,benign,colonn2744,colon_n,103,352
train,colon_n/colonn2745.jpeg,0,benign,colonn2745,colon_n,88,337
train,colon_n/colonn2746.jpeg,0,benign,colonn2746,colon_n,237,486
train,colon_n/colonn2747.jpeg,0,benign,colonn2747,colon_n,174,423
train,colon_n/colonn2748.jpeg,0,benign,colonn2748,colon_n,35,284
train,colon_n/colonn2749.jpeg,0,benign,colonn2749,colon_n,35,284
train,colon_n/colonn275.jpeg,0,benign,colonn275,colon_n,105,354
train,colon_n/colonn2750.jpeg,0,benign,colonn2750,colon_n,152,401
train,colon_n/colonn2751.jpeg,0,benign,colonn2751,colon_n,32,281
train,colon_n/colonn2752.jpeg,0,benign,colonn2752,colon_n,220,469
train,colon_n/colonn2753.jpeg,0,benign,colonn2753,colon_n,98,347
train,colon_n/colonn2754.jpeg,0,benign,colonn2754,colon_n,1,250
train,colon_n/colonn2756.jpeg,0,benign,colonn2756,colon_n,233,482
train,colon_n/colonn2758.jpeg,0,benign,colonn2758,colon_n,164,413
train,colon_n/colonn2759.jpeg,0,benign,colonn2759,colon_n,128,377
train,colon_n/colonn276.jpeg,0,benign,colonn276,colon_n,105,354
train,colon_n/colonn2761.jpeg,0,benign,colonn2761,colon_n,80,329
train,colon_n/colonn2763.jpeg,0,benign,colonn2763,colon_n,219,468
train,colon_n/colonn2765.jpeg,0,benign,colonn2765,colon_n,22,271
train,colon_n/colonn2767.jpeg,0,benign,colonn2767,colon_n,7,256
train,colon_n/colonn2768.jpeg,0,benign,colonn2768,colon_n,7,256
train,colon_n/colonn2769.jpeg,0,benign,colonn2769,colon_n,218,467
train,colon_n/colonn277.jpeg,0,benign,colonn277,colon_n,142,391
train,colon_n/colonn2770.jpeg,0,benign,colonn2770,colon_n,195,444
train,colon_n/colonn2771.jpeg,0,benign,colonn2771,colon_n,113,362
train,colon_n/colonn2773.jpeg,0,benign,colonn2773,colon_n,17,266
train,colon_n/colonn2774.jpeg,0,benign,colonn2774,colon_n,143,392
train,colon_n/colonn2776.jpeg,0,benign,colonn2776,colon_n,207,456
train,colon_n/colonn2779.jpeg,0,benign,colonn2779,colon_n,210,459
train,colon_n/colonn278.jpeg,0,benign,colonn278,colon_n,142,391
train,colon_n/colonn2781.jpeg,0,benign,colonn2781,colon_n,95,344
train,colon_n/colonn2782.jpeg,0,benign,colonn2782,colon_n,242,491
train,colon_n/colonn2783.jpeg,0,benign,colonn2783,colon_n,87,336
train,colon_n/colonn2784.jpeg,0,benign,colonn2784,colon_n,14,263
train,colon_n/colonn2785.jpeg,0,benign,colonn2785,colon_n,50,299
train,colon_n/colonn2786.jpeg,0,benign,colonn2786,colon_n,148,397
train,colon_n/colonn2789.jpeg,0,benign,colonn2789,colon_n,214,463
train,colon_n/colonn279.jpeg,0,benign,colonn279,colon_n,85,334
train,colon_n/colonn2790.jpeg,0,benign,colonn2790,colon_n,185,434
train,colon_n/colonn2791.jpeg,0,benign,colonn2791,colon_n,230,479
train,colon_n/colonn2792.jpeg,0,benign,colonn2792,colon_n,204,453
train,colon_n/colonn2794.jpeg,0,benign,colonn2794,colon_n,29,278
train,colon_n/colonn2795.jpeg,0,benign,colonn2795,colon_n,169,418
train,colon_n/colonn2798.jpeg,0,benign,colonn2798,colon_n,131,380
train,colon_n/colonn28.jpeg,0,benign,colonn28,colon_n,226,475
train,colon_n/colonn280.jpeg,0,benign,colonn280,colon_n,219,468
train,colon_n/colonn2800.jpeg,0,benign,colonn2800,colon_n,155,404
train,colon_n/colonn2801.jpeg,0,benign,colonn2801,colon_n,155,404
train,colon_n/colonn2802.jpeg,0,benign,colonn2802,colon_n,0,249
train,colon_n/colonn2803.jpeg,0,benign,colonn2803,colon_n,167,416
train,colon_n/colonn2807.jpeg,0,benign,colonn2807,colon_n,176,425
train,colon_n/colonn2809.jpeg,0,benign,colonn2809,colon_n,191,440
train,colon_n/colonn281.jpeg,0,benign,colonn281,colon_n,219,468
train,colon_n/colonn2810.jpeg,0,benign,colonn2810,colon_n,124,373
train,colon_n/colonn2811.jpeg,0,benign,colonn2811,colon_n,152,401
train,colon_n/colonn2812.jpeg,0,benign,colonn2812,colon_n,254,503
train,colon_n/colonn2813.jpeg,0,benign,colonn2813,colon_n,99,348
train,colon_n/colonn2814.jpeg,0,benign,colonn2814,colon_n,199,448
train,colon_n/colonn2815.jpeg,0,benign,colonn2815,colon_n,187,436
train,colon_n/colonn282.jpeg,0,benign,colonn282,colon_n,62,311
train,colon_n/colonn2820.jpeg,0,benign,colonn2820,colon_n,46,295
train,colon_n/colonn2822.jpeg,0,benign,colonn2822,colon_n,141,390
train,colon_n/colonn2823.jpeg,0,benign,colonn2823,colon_n,81,330
train,colon_n/colonn2825.jpeg,0,benign,colonn2825,colon_n,80,329
train,colon_n/colonn2827.jpeg,0,benign,colonn2827,colon_n,85,334
train,colon_n/colonn2828.jpeg,0,benign,colonn2828,colon_n,85,334
train,colon_n/colonn2829.jpeg,0,benign,colonn2829,colon_n,22,271
train,colon_n/colonn283.jpeg,0,benign,colonn283,colon_n,62,311
train,colon_n/colonn2830.jpeg,0,benign,colonn2830,colon_n,62,311
train,colon_n/colonn2831.jpeg,0,benign,colonn2831,colon_n,13,262
train,colon_n/colonn2834.jpeg,0,benign,colonn2834,colon_n,27,276
train,colon_n/colonn2836.jpeg,0,benign,colonn2836,colon_n,8,257
train,colon_n/colonn2837.jpeg,0,benign,colonn2837,colon_n,193,442
train,colon_n/colonn2838.jpeg,0,benign,colonn2838,colon_n,218,467
train,colon_n/colonn2839.jpeg,0,benign,colonn2839,colon_n,218,467
train,colon_n/colonn284.jpeg,0,benign,colonn284,colon_n,149,398
train,colon_n/colonn2840.jpeg,0,benign,colonn2840,colon_n,113,362
train,colon_n/colonn2843.jpeg,0,benign,colonn2843,colon_n,217,466
train,colon_n/colonn2844.jpeg,0,benign,colonn2844,colon_n,71,320
train,colon_n/colonn2845.jpeg,0,benign,colonn2845,colon_n,54,303
train,colon_n/colonn2846.jpeg,0,benign,colonn2846,colon_n,54,303
train,colon_n/colonn285.jpeg,0,benign,colonn285,colon_n,7,256
train,colon_n/colonn2850.jpeg,0,benign,colonn2850,colon_n,213,462
train,colon_n/colonn2851.jpeg,0,benign,colonn2851,colon_n,95,344
train,colon_n/colonn2852.jpeg,0,benign,colonn2852,colon_n,72,321
train,colon_n/colonn2853.jpeg,0,benign,colonn2853,colon_n,59,308
train,colon_n/colonn2854.jpeg,0,benign,colonn2854,colon_n,59,308
train,colon_n/colonn2855.jpeg,0,benign,colonn2855,colon_n,31,280
train,colon_n/colonn2856.jpeg,0,benign,colonn2856,colon_n,122,371
train,colon_n/colonn2857.jpeg,0,benign,colonn2857,colon_n,34,283
train,colon_n/colonn2858.jpeg,0,benign,colonn2858,colon_n,34,283
train,colon_n/colonn2859.jpeg,0,benign,colonn2859,colon_n,37,286
train,colon_n/colonn286.jpeg,0,benign,colonn286,colon_n,22,271
train,colon_n/colonn2861.jpeg,0,benign,colonn2861,colon_n,118,367
train,colon_n/colonn2862.jpeg,0,benign,colonn2862,colon_n,185,434
train,colon_n/colonn2863.jpeg,0,benign,colonn2863,colon_n,100,349
train,colon_n/colonn2864.jpeg,0,benign,colonn2864,colon_n,26,275
train,colon_n/colonn2865.jpeg,0,benign,colonn2865,colon_n,53,302
train,colon_n/colonn2866.jpeg,0,benign,colonn2866,colon_n,222,471
train,colon_n/colonn2867.jpeg,0,benign,colonn2867,colon_n,155,404
train,colon_n/colonn2868.jpeg,0,benign,colonn2868,colon_n,0,249
train,colon_n/colonn2869.jpeg,0,benign,colonn2869,colon_n,61,310
train,colon_n/colonn2872.jpeg,0,benign,colonn2872,colon_n,251,500
train,colon_n/colonn2873.jpeg,0,benign,colonn2873,colon_n,36,285
train,colon_n/colonn2875.jpeg,0,benign,colonn2875,colon_n,189,438
train,colon_n/colonn2876.jpeg,0,benign,colonn2876,colon_n,1,250
train,colon_n/colonn2878.jpeg,0,benign,colonn2878,colon_n,147,396
train,colon_n/colonn2880.jpeg,0,benign,colonn2880,colon_n,248,497
train,colon_n/colonn2881.jpeg,0,benign,colonn2881,colon_n,46,295
train,colon_n/colonn2886.jpeg,0,benign,colonn2886,colon_n,180,429
train,colon_n/colonn2887.jpeg,0,benign,colonn2887,colon_n,22,271
train,colon_n/colonn2888.jpeg,0,benign,colonn2888,colon_n,62,311
train,colon_n/colonn2889.jpeg,0,benign,colonn2889,colon_n,62,311
train,colon_n/colonn289.jpeg,0,benign,colonn289,colon_n,70,319
train,colon_n/colonn2890.jpeg,0,benign,colonn2890,colon_n,149,398
train,colon_n/colonn2891.jpeg,0,benign,colonn2891,colon_n,7,256
train,colon_n/colonn2892.jpeg,0,benign,colonn2892,colon_n,7,256
train,colon_n/colonn2893.jpeg,0,benign,colonn2893,colon_n,123,372
train,colon_n/colonn2894.jpeg,0,benign,colonn2894,colon_n,145,394
train,colon_n/colonn2895.jpeg,0,benign,colonn2895,colon_n,20,269
train,colon_n/colonn2896.jpeg,0,benign,colonn2896,colon_n,23,272
train,colon_n/colonn2897.jpeg,0,benign,colonn2897,colon_n,70,319
train,colon_n/colonn2898.jpeg,0,benign,colonn2898,colon_n,70,319
train,colon_n/colonn29.jpeg,0,benign,colonn29,colon_n,189,438
train,colon_n/colonn2901.jpeg,0,benign,colonn2901,colon_n,195,444
train,colon_n/colonn2902.jpeg,0,benign,colonn2902,colon_n,113,362
train,colon_n/colonn2904.jpeg,0,benign,colonn2904,colon_n,171,420
train,colon_n/colonn2907.jpeg,0,benign,colonn2907,colon_n,202,451
train,colon_n/colonn2908.jpeg,0,benign,colonn2908,colon_n,202,451
train,colon_n/colonn291.jpeg,0,benign,colonn291,colon_n,193,442
train,colon_n/colonn2910.jpeg,0,benign,colonn2910,colon_n,71,320
train,colon_n/colonn2911.jpeg,0,benign,colonn2911,colon_n,210,459
train,colon_n/colonn2912.jpeg,0,benign,colonn2912,colon_n,54,303
train,colon_n/colonn2913.jpeg,0,benign,colonn2913,colon_n,41,290
train,colon_n/colonn2914.jpeg,0,benign,colonn2914,colon_n,130,379
train,colon_n/colonn2919.jpeg,0,benign,colonn2919,colon_n,169,418
train,colon_n/colonn292.jpeg,0,benign,colonn292,colon_n,193,442
train,colon_n/colonn2920.jpeg,0,benign,colonn2920,colon_n,100,349
train,colon_n/colonn2921.jpeg,0,benign,colonn2921,colon_n,53,302
train,colon_n/colonn2923.jpeg,0,benign,colonn2923,colon_n,61,310
train,colon_n/colonn2924.jpeg,0,benign,colonn2924,colon_n,232,481
train,colon_n/colonn2925.jpeg,0,benign,colonn2925,colon_n,35,284
train,colon_n/colonn2926.jpeg,0,benign,colonn2926,colon_n,251,500
train,colon_n/colonn293.jpeg,0,benign,colonn293,colon_n,109,358
train,colon_n/colonn2930.jpeg,0,benign,colonn2930,colon_n,124,373
train,colon_n/colonn2931.jpeg,0,benign,colonn2931,colon_n,99,348
train,colon_n/colonn2932.jpeg,0,benign,colonn2932,colon_n,199,448
train,colon_n/colonn2934.jpeg,0,benign,colonn2934,colon_n,147,396
train,colon_n/colonn2936.jpeg,0,benign,colonn2936,colon_n,239,488
train,colon_n/colonn2937.jpeg,0,benign,colonn2937,colon_n,46,295
train,colon_n/colonn2939.jpeg,0,benign,colonn2939,colon_n,121,370
train,colon_n/colonn2940.jpeg,0,benign,colonn2940,colon_n,164,413
train,colon_n/colonn2941.jpeg,0,benign,colonn2941,colon_n,110,359
train,colon_n/colonn2942.jpeg,0,benign,colonn2942,colon_n,156,405
train,colon_n/colonn2943.jpeg,0,benign,colonn2943,colon_n,149,398
train,colon_n/colonn2944.jpeg,0,benign,colonn2944,colon_n,22,271
train,colon_n/colonn2946.jpeg,0,benign,colonn2946,colon_n,13,262
train,colon_n/colonn2947.jpeg,0,benign,colonn2947,colon_n,89,338
train,colon_n/colonn2948.jpeg,0,benign,colonn2948,colon_n,145,394
train,colon_n/colonn2950.jpeg,0,benign,colonn2950,colon_n,23,272
train,colon_n/colonn2951.jpeg,0,benign,colonn2951,colon_n,23,272
train,colon_n/colonn2952.jpeg,0,benign,colonn2952,colon_n,193,442
train,colon_n/colonn2955.jpeg,0,benign,colonn2955,colon_n,135,384
train,colon_n/colonn2956.jpeg,0,benign,colonn2956,colon_n,3,252
train,colon_n/colonn2957.jpeg,0,benign,colonn2957,colon_n,217,466
train,colon_n/colonn2958.jpeg,0,benign,colonn2958,colon_n,104,353
train,colon_n/colonn2959.jpeg,0,benign,colonn2959,colon_n,133,382
train,colon_n/colonn2961.jpeg,0,benign,colonn2961,colon_n,21,270
train,colon_n/colonn2963.jpeg,0,benign,colonn2963,colon_n,77,326
train,colon_n/colonn2964.jpeg,0,benign,colonn2964,colon_n,78,327
train,colon_n/colonn2965.jpeg,0,benign,colonn2965,colon_n,59,308
train,colon_n/colonn2966.jpeg,0,benign,colonn2966,colon_n,205,454
train,colon_n/colonn2967.jpeg,0,benign,colonn2967,colon_n,31,280
train,colon_n/colonn2968.jpeg,0,benign,colonn2968,colon_n,130,379
train,colon_n/colonn2969.jpeg,0,benign,colonn2969,colon_n,87,336
train,colon_n/colonn297.jpeg,0,benign,colonn297,colon_n,57,306
train,colon_n/colonn2970.jpeg,0,benign,colonn2970,colon_n,87,336
train,colon_n/colonn2972.jpeg,0,benign,colonn2972,colon_n,34,283
train,colon_n/colonn2973.jpeg,0,benign,colonn2973,colon_n,138,387
train,colon_n/colonn2975.jpeg,0,benign,colonn2975,colon_n,64,313
train,colon_n/colonn2976.jpeg,0,benign,colonn2976,colon_n,11,260
train,colon_n/colonn2978.jpeg,0,benign,colonn2978,colon_n,204,453
train,colon_n/colonn2979.jpeg,0,benign,colonn2979,colon_n,169,418
train,colon_n/colonn298.jpeg,0,benign,colonn298,colon_n,104,353
train,colon_n/colonn2980.jpeg,0,benign,colonn2980,colon_n,83,332
train,colon_n/colonn2982.jpeg,0,benign,colonn2982,colon_n,76,325
train,colon_n/colonn2984.jpeg,0,benign,colonn2984,colon_n,152,401
train,colon_n/colonn2985.jpeg,0,benign,colonn2985,colon_n,91,340
train,colon_n/colonn2986.jpeg,0,benign,colonn2986,colon_n,254,503
train,colon_n/colonn2988.jpeg,0,benign,colonn2988,colon_n,187,436
train,colon_n/colonn2989.jpeg,0,benign,colonn2989,colon_n,151,400
train,colon_n/colonn299.jpeg,0,benign,colonn299,colon_n,71,320
train,colon_n/colonn2992.jpeg,0,benign,colonn2992,colon_n,81,330
train,colon_n/colonn2993.jpeg,0,benign,colonn2993,colon_n,107,356
train,colon_n/colonn2994.jpeg,0,benign,colonn2994,colon_n,227,476
train,colon_n/colonn2995.jpeg,0,benign,colonn2995,colon_n,142,391
train,colon_n/colonn2997.jpeg,0,benign,colonn2997,colon_n,149,398
train,colon_n/colonn2998.jpeg,0,benign,colonn2998,colon_n,7,256
train,colon_n/colonn3.jpeg,0,benign,colonn3,colon_n,145,394
train,colon_n/colonn30.jpeg,0,benign,colonn30,colon_n,189,438
train,colon_n/colonn300.jpeg,0,benign,colonn300,colon_n,139,388
train,colon_n/colonn3000.jpeg,0,benign,colonn3000,colon_n,116,365
train,colon_n/colonn3001.jpeg,0,benign,colonn3001,colon_n,116,365
train,colon_n/colonn3002.jpeg,0,benign,colonn3002,colon_n,13,262
train,colon_n/colonn3003.jpeg,0,benign,colonn3003,colon_n,13,262
train,colon_n/colonn3004.jpeg,0,benign,colonn3004,colon_n,89,338
train,colon_n/colonn3005.jpeg,0,benign,colonn3005,colon_n,145,394
train,colon_n/colonn3006.jpeg,0,benign,colonn3006,colon_n,145,394
train,colon_n/colonn3007.jpeg,0,benign,colonn3007,colon_n,20,269
train,colon_n/colonn3008.jpeg,0,benign,colonn3008,colon_n,23,272
train,colon_n/colonn3009.jpeg,0,benign,colonn3009,colon_n,23,272
train,colon_n/colonn301.jpeg,0,benign,colonn301,colon_n,93,342
train,colon_n/colonn3010.jpeg,0,benign,colonn3010,colon_n,236,485
train,colon_n/colonn3013.jpeg,0,benign,colonn3013,colon_n,143,392
train,colon_n/colonn3014.jpeg,0,benign,colonn3014,colon_n,74,323
train,colon_n/colonn3015.jpeg,0,benign,colonn3015,colon_n,217,466
train,colon_n/colonn3018.jpeg,0,benign,colonn3018,colon_n,54,303
train,colon_n/colonn3019.jpeg,0,benign,colonn3019,colon_n,213,462
train,colon_n/colonn3020.jpeg,0,benign,colonn3020,colon_n,77,326
train,colon_n/colonn3021.jpeg,0,benign,colonn3021,colon_n,78,327
train,colon_n/colonn3022.jpeg,0,benign,colonn3022,colon_n,78,327
train,colon_n/colonn3023.jpeg,0,benign,colonn3023,colon_n,72,321
train,colon_n/colonn3024.jpeg,0,benign,colonn3024,colon_n,59,308
train,colon_n/colonn3025.jpeg,0,benign,colonn3025,colon_n,87,336
train,colon_n/colonn3026.jpeg,0,benign,colonn3026,colon_n,14,263
train,colon_n/colonn3027.jpeg,0,benign,colonn3027,colon_n,34,283
train,colon_n/colonn3029.jpeg,0,benign,colonn3029,colon_n,49,298
train,colon_n/colonn3030.jpeg,0,benign,colonn3030,colon_n,43,292
train,colon_n/colonn3031.jpeg,0,benign,colonn3031,colon_n,138,387
train,colon_n/colonn3032.jpeg,0,benign,colonn3032,colon_n,64,313
train,colon_n/colonn3033.jpeg,0,benign,colonn3033,colon_n,230,479
train,colon_n/colonn3034.jpeg,0,benign,colonn3034,colon_n,204,453
train,colon_n/colonn3035.jpeg,0,benign,colonn3035,colon_n,100,349
train,colon_n/colonn3036.jpeg,0,benign,colonn3036,colon_n,53,302
train,colon_n/colonn3037.jpeg,0,benign,colonn3037,colon_n,53,302
train,colon_n/colonn304.jpeg,0,benign,colonn304,colon_n,77,326
train,colon_n/colonn3040.jpeg,0,benign,colonn3040,colon_n,232,481
train,colon_n/colonn3042.jpeg,0,benign,colonn3042,colon_n,88,337
train,colon_n/colonn3043.jpeg,0,benign,colonn3043,colon_n,198,447
train,colon_n/colonn3046.jpeg,0,benign,colonn3046,colon_n,187,436
train,colon_n/colonn3047.jpeg,0,benign,colonn3047,colon_n,1,250
train,colon_n/colonn3048.jpeg,0,benign,colonn3048,colon_n,134,383
train,colon_n/colonn305.jpeg,0,benign,colonn305,colon_n,28,277
train,colon_n/colonn3051.jpeg,0,benign,colonn3051,colon_n,46,295
train,colon_n/colonn3052.jpeg,0,benign,colonn3052,colon_n,46,295
train,colon_n/colonn3053.jpeg,0,benign,colonn3053,colon_n,46,295
train,colon_n/colonn3056.jpeg,0,benign,colonn3056,colon_n,23,272
train,colon_n/colonn3057.jpeg,0,benign,colonn3057,colon_n,70,319
train,colon_n/colonn3058.jpeg,0,benign,colonn3058,colon_n,171,420
train,colon_n/colonn3060.jpeg,0,benign,colonn3060,colon_n,17,266
train,colon_n/colonn3061.jpeg,0,benign,colonn3061,colon_n,56,305
train,colon_n/colonn3062.jpeg,0,benign,colonn3062,colon_n,115,364
train,colon_n/colonn3063.jpeg,0,benign,colonn3063,colon_n,92,341
train,colon_n/colonn3065.jpeg,0,benign,colonn3065,colon_n,104,353
train,colon_n/colonn3066.jpeg,0,benign,colonn3066,colon_n,41,290
train,colon_n/colonn3069.jpeg,0,benign,colonn3069,colon_n,77,326
train,colon_n/colonn3070.jpeg,0,benign,colonn3070,colon_n,78,327
train,colon_n/colonn3071.jpeg,0,benign,colonn3071,colon_n,59,308
train,colon_n/colonn3072.jpeg,0,benign,colonn3072,colon_n,205,454
train,colon_n/colonn3073.jpeg,0,benign,colonn3073,colon_n,138,387
train,colon_n/colonn3075.jpeg,0,benign,colonn3075,colon_n,40,289
train,colon_n/colonn3076.jpeg,0,benign,colonn3076,colon_n,185,434
train,colon_n/colonn3077.jpeg,0,benign,colonn3077,colon_n,230,479
train,colon_n/colonn3079.jpeg,0,benign,colonn3079,colon_n,131,380
train,colon_n/colonn3080.jpeg,0,benign,colonn3080,colon_n,222,471
train,colon_n/colonn3082.jpeg,0,benign,colonn3082,colon_n,0,249
train,colon_n/colonn3083.jpeg,0,benign,colonn3083,colon_n,61,310
train,colon_n/colonn3084.jpeg,0,benign,colonn3084,colon_n,44,293
train,colon_n/colonn3087.jpeg,0,benign,colonn3087,colon_n,88,337
train,colon_n/colonn3088.jpeg,0,benign,colonn3088,colon_n,94,343
train,colon_n/colonn3089.jpeg,0,benign,colonn3089,colon_n,58,307
train,colon_n/colonn309.jpeg,0,benign,colonn309,colon_n,201,450
train,colon_n/colonn3090.jpeg,0,benign,colonn3090,colon_n,124,373
train,colon_n/colonn3091.jpeg,0,benign,colonn3091,colon_n,99,348
train,colon_n/colonn3094.jpeg,0,benign,colonn3094,colon_n,187,436
train,colon_n/colonn3095.jpeg,0,benign,colonn3095,colon_n,32,281
train,colon_n/colonn3097.jpeg,0,benign,colonn3097,colon_n,226,475
train,colon_n/colonn3098.jpeg,0,benign,colonn3098,colon_n,226,475
train,colon_n/colonn3099.jpeg,0,benign,colonn3099,colon_n,226,475
train,colon_n/colonn31.jpeg,0,benign,colonn31,colon_n,98,347
train,colon_n/colonn310.jpeg,0,benign,colonn310,colon_n,163,412
train,colon_n/colonn3100.jpeg,0,benign,colonn3100,colon_n,98,347
train,colon_n/colonn3101.jpeg,0,benign,colonn3101,colon_n,151,400
train,colon_n/colonn3105.jpeg,0,benign,colonn3105,colon_n,46,295
train,colon_n/colonn3106.jpeg,0,benign,colonn3106,colon_n,81,330
train,colon_n/colonn3108.jpeg,0,benign,colonn3108,colon_n,105,354
train,colon_n/colonn3109.jpeg,0,benign,colonn3109,colon_n,142,391
train,colon_n/colonn311.jpeg,0,benign,colonn311,colon_n,122,371
train,colon_n/colonn3110.jpeg,0,benign,colonn3110,colon_n,149,398
train,colon_n/colonn3111.jpeg,0,benign,colonn3111,colon_n,7,256
train,colon_n/colonn3113.jpeg,0,benign,colonn3113,colon_n,116,365
train,colon_n/colonn3114.jpeg,0,benign,colonn3114,colon_n,13,262
train,colon_n/colonn3115.jpeg,0,benign,colonn3115,colon_n,89,338
train,colon_n/colonn3116.jpeg,0,benign,colonn3116,colon_n,145,394
train,colon_n/colonn3117.jpeg,0,benign,colonn3117,colon_n,20,269
train,colon_n/colonn3119.jpeg,0,benign,colonn3119,colon_n,212,461
train,colon_n/colonn312.jpeg,0,benign,colonn312,colon_n,138,387
train,colon_n/colonn3120.jpeg,0,benign,colonn3120,colon_n,70,319
train,colon_n/colonn3122.jpeg,0,benign,colonn3122,colon_n,42,291
train,colon_n/colonn3124.jpeg,0,benign,colonn3124,colon_n,74,323
train,colon_n/colonn3125.jpeg,0,benign,colonn3125,colon_n,210,459
train,colon_n/colonn3127.jpeg,0,benign,colonn3127,colon_n,41,290
train,colon_n/colonn3128.jpeg,0,benign,colonn3128,colon_n,77,326
train,colon_n/colonn3130.jpeg,0,benign,colonn3130,colon_n,242,491
train,colon_n/colonn3131.jpeg,0,benign,colonn3131,colon_n,242,491
train,colon_n/colonn3134.jpeg,0,benign,colonn3134,colon_n,130,379
train,colon_n/colonn3135.jpeg,0,benign,colonn3135,colon_n,14,263
train,colon_n/colonn3136.jpeg,0,benign,colonn3136,colon_n,106,355
train,colon_n/colonn3137.jpeg,0,benign,colonn3137,colon_n,106,355
train,colon_n/colonn3138.jpeg,0,benign,colonn3138,colon_n,201,450
train,colon_n/colonn314.jpeg,0,benign,colonn314,colon_n,64,313
train,colon_n/colonn3140.jpeg,0,benign,colonn3140,colon_n,37,286
train,colon_n/colonn3141.jpeg,0,benign,colonn3141,colon_n,43,292
train,colon_n/colonn3142.jpeg,0,benign,colonn3142,colon_n,43,292
train,colon_n/colonn3143.jpeg,0,benign,colonn3143,colon_n,40,289
train,colon_n/colonn3144.jpeg,0,benign,colonn3144,colon_n,169,418
train,colon_n/colonn3145.jpeg,0,benign,colonn3145,colon_n,83,332
train,colon_n/colonn3146.jpeg,0,benign,colonn3146,colon_n,53,302
train,colon_n/colonn3147.jpeg,0,benign,colonn3147,colon_n,0,249
train,colon_n/colonn3148.jpeg,0,benign,colonn3148,colon_n,194,443
train,colon_n/colonn3149.jpeg,0,benign,colonn3149,colon_n,167,416
train,colon_n/colonn315.jpeg,0,benign,colonn315,colon_n,40,289
train,colon_n/colonn3150.jpeg,0,benign,colonn3150,colon_n,176,425
train,colon_n/colonn3151.jpeg,0,benign,colonn3151,colon_n,103,352
train,colon_n/colonn3155.jpeg,0,benign,colonn3155,colon_n,198,447
train,colon_n/colonn3156.jpeg,0,benign,colonn3156,colon_n,58,307
train,colon_n/colonn3157.jpeg,0,benign,colonn3157,colon_n,35,284
train,colon_n/colonn3158.jpeg,0,benign,colonn3158,colon_n,76,325
train,colon_n/colonn3159.jpeg,0,benign,colonn3159,colon_n,124,373
train,colon_n/colonn3161.jpeg,0,benign,colonn3161,colon_n,51,300
train,colon_n/colonn3162.jpeg,0,benign,colonn3162,colon_n,51,300
train,colon_n/colonn3163.jpeg,0,benign,colonn3163,colon_n,220,469
train,colon_n/colonn3164.jpeg,0,benign,colonn3164,colon_n,196,445
train,colon_n/colonn3166.jpeg,0,benign,colonn3166,colon_n,147,396
train,colon_n/colonn3167.jpeg,0,benign,colonn3167,colon_n,248,497
train,colon_n/colonn3168.jpeg,0,benign,colonn3168,colon_n,105,354
train,colon_n/colonn3169.jpeg,0,benign,colonn3169,colon_n,85,334
train,colon_n/colonn317.jpeg,0,benign,colonn317,colon_n,153,402
train,colon_n/colonn3170.jpeg,0,benign,colonn3170,colon_n,85,334
train,colon_n/colonn3171.jpeg,0,benign,colonn3171,colon_n,85,334
train,colon_n/colonn3172.jpeg,0,benign,colonn3172,colon_n,219,468
train,colon_n/colonn3173.jpeg,0,benign,colonn3173,colon_n,7,256
train,colon_n/colonn3176.jpeg,0,benign,colonn3176,colon_n,116,365
train,colon_n/colonn3177.jpeg,0,benign,colonn3177,colon_n,116,365
train,colon_n/colonn3179.jpeg,0,benign,colonn3179,colon_n,23,272
train,colon_n/colonn318.jpeg,0,benign,colonn318,colon_n,161,410
train,colon_n/colonn3180.jpeg,0,benign,colonn3180,colon_n,27,276
train,colon_n/colonn3181.jpeg,0,benign,colonn3181,colon_n,193,442
train,colon_n/colonn3182.jpeg,0,benign,colonn3182,colon_n,193,442
train,colon_n/colonn3183.jpeg,0,benign,colonn3183,colon_n,218,467
train,colon_n/colonn3184.jpeg,0,benign,colonn3184,colon_n,109,358
train,colon_n/colonn3185.jpeg,0,benign,colonn3185,colon_n,113,362
train,colon_n/colonn3186.jpeg,0,benign,colonn3186,colon_n,115,364
train,colon_n/colonn3187.jpeg,0,benign,colonn3187,colon_n,74,323
train,colon_n/colonn3188.jpeg,0,benign,colonn3188,colon_n,57,306
train,colon_n/colonn3189.jpeg,0,benign,colonn3189,colon_n,21,270
train,colon_n/colonn319.jpeg,0,benign,colonn319,colon_n,100,349
train,colon_n/colonn3190.jpeg,0,benign,colonn3190,colon_n,39,288
train,colon_n/colonn3192.jpeg,0,benign,colonn3192,colon_n,87,336
train,colon_n/colonn3193.jpeg,0,benign,colonn3193,colon_n,14,263
train,colon_n/colonn3194.jpeg,0,benign,colonn3194,colon_n,201,450
train,colon_n/colonn3195.jpeg,0,benign,colonn3195,colon_n,122,371
train,colon_n/colonn3196.jpeg,0,benign,colonn3196,colon_n,50,299
train,colon_n/colonn3199.jpeg,0,benign,colonn3199,colon_n,118,367
train,colon_n/colonn320.jpeg,0,benign,colonn320,colon_n,61,310
train,colon_n/colonn3200.jpeg,0,benign,colonn3200,colon_n,185,434
train,colon_n/colonn3201.jpeg,0,benign,colonn3201,colon_n,204,453
train,colon_n/colonn3204.jpeg,0,benign,colonn3204,colon_n,29,278
train,colon_n/colonn3205.jpeg,0,benign,colonn3205,colon_n,161,410
train,colon_n/colonn3206.jpeg,0,benign,colonn3206,colon_n,169,418
train,colon_n/colonn3207.jpeg,0,benign,colonn3207,colon_n,169,418
train,colon_n/colonn3208.jpeg,0,benign,colonn3208,colon_n,26,275
train,colon_n/colonn3209.jpeg,0,benign,colonn3209,colon_n,131,380
train,colon_n/colonn321.jpeg,0,benign,colonn321,colon_n,235,484
train,colon_n/colonn3210.jpeg,0,benign,colonn3210,colon_n,83,332
train,colon_n/colonn3212.jpeg,0,benign,colonn3212,colon_n,61,310
train,colon_n/colonn3214.jpeg,0,benign,colonn3214,colon_n,103,352
train,colon_n/colonn3216.jpeg,0,benign,colonn3216,colon_n,152,401
train,colon_n/colonn3217.jpeg,0,benign,colonn3217,colon_n,91,340
train,colon_n/colonn3218.jpeg,0,benign,colonn3218,colon_n,254,503
train,colon_n/colonn3219.jpeg,0,benign,colonn3219,colon_n,36,285
train,colon_n/colonn3220.jpeg,0,benign,colonn3220,colon_n,32,281
train,colon_n/colonn3221.jpeg,0,benign,colonn3221,colon_n,32,281
train,colon_n/colonn3222.jpeg,0,benign,colonn3222,colon_n,51,300
train,colon_n/colonn3223.jpeg,0,benign,colonn3223,colon_n,189,438
train,colon_n/colonn3224.jpeg,0,benign,colonn3224,colon_n,1,250
train,colon_n/colonn3227.jpeg,0,benign,colonn3227,colon_n,81,330
train,colon_n/colonn3228.jpeg,0,benign,colonn3228,colon_n,219,468
train,colon_n/colonn3229.jpeg,0,benign,colonn3229,colon_n,89,338
train,colon_n/colonn323.jpeg,0,benign,colonn323,colon_n,103,352
train,colon_n/colonn3230.jpeg,0,benign,colonn3230,colon_n,89,338
train,colon_n/colonn3231.jpeg,0,benign,colonn3231,colon_n,145,394
train,colon_n/colonn3232.jpeg,0,benign,colonn3232,colon_n,20,269
train,colon_n/colonn3233.jpeg,0,benign,colonn3233,colon_n,23,272
train,colon_n/colonn3235.jpeg,0,benign,colonn3235,colon_n,171,420
train,colon_n/colonn3236.jpeg,0,benign,colonn3236,colon_n,17,266
train,colon_n/colonn3237.jpeg,0,benign,colonn3237,colon_n,56,305
train,colon_n/colonn3238.jpeg,0,benign,colonn3238,colon_n,228,477
train,colon_n/colonn3239.jpeg,0,benign,colonn3239,colon_n,244,493
train,colon_n/colonn3240.jpeg,0,benign,colonn3240,colon_n,202,451
train,colon_n/colonn3241.jpeg,0,benign,colonn3241,colon_n,74,323
train,colon_n/colonn3242.jpeg,0,benign,colonn3242,colon_n,217,466
train,colon_n/colonn3243.jpeg,0,benign,colonn3243,colon_n,207,456
train,colon_n/colonn3245.jpeg,0,benign,colonn3245,colon_n,71,320
train,colon_n/colonn3246.jpeg,0,benign,colonn3246,colon_n,179,428
train,colon_n/colonn3247.jpeg,0,benign,colonn3247,colon_n,12,261
train,colon_n/colonn3248.jpeg,0,benign,colonn3248,colon_n,95,344
train,colon_n/colonn3251.jpeg,0,benign,colonn3251,colon_n,40,289
train,colon_n/colonn3252.jpeg,0,benign,colonn3252,colon_n,153,402
train,colon_n/colonn3254.jpeg,0,benign,colonn3254,colon_n,119,368
train,colon_n/colonn3255.jpeg,0,benign,colonn3255,colon_n,119,368
train,colon_n/colonn3256.jpeg,0,benign,colonn3256,colon_n,194,443
train,colon_n/colonn3260.jpeg,0,benign,colonn3260,colon_n,88,337
train,colon_n/colonn3261.jpeg,0,benign,colonn3261,colon_n,58,307
train,colon_n/colonn3262.jpeg,0,benign,colonn3262,colon_n,191,440
train,colon_n/colonn3263.jpeg,0,benign,colonn3263,colon_n,254,503
train,colon_n/colonn3264.jpeg,0,benign,colonn3264,colon_n,99,348
train,colon_n/colonn3265.jpeg,0,benign,colonn3265,colon_n,160,409
train,colon_n/colonn3266.jpeg,0,benign,colonn3266,colon_n,36,285
train,colon_n/colonn3267.jpeg,0,benign,colonn3267,colon_n,157,406
train,colon_n/colonn3269.jpeg,0,benign,colonn3269,colon_n,233,482
train,colon_n/colonn3270.jpeg,0,benign,colonn3270,colon_n,233,482
train,colon_n/colonn3271.jpeg,0,benign,colonn3271,colon_n,63,312
train,colon_n/colonn3273.jpeg,0,benign,colonn3273,colon_n,141,390
train,colon_n/colonn3274.jpeg,0,benign,colonn3274,colon_n,107,356
train,colon_n/colonn3275.jpeg,0,benign,colonn3275,colon_n,110,359
train,colon_n/colonn3276.jpeg,0,benign,colonn3276,colon_n,105,354
train,colon_n/colonn3277.jpeg,0,benign,colonn3277,colon_n,105,354
train,colon_n/colonn3279.jpeg,0,benign,colonn3279,colon_n,142,391
train,colon_n/colonn328.jpeg,0,benign,colonn328,colon_n,94,343
train,colon_n/colonn3280.jpeg,0,benign,colonn3280,colon_n,123,372
train,colon_n/colonn3281.jpeg,0,benign,colonn3281,colon_n,89,338
train,colon_n/colonn3282.jpeg,0,benign,colonn3282,colon_n,145,394
train,colon_n/colonn3283.jpeg,0,benign,colonn3283,colon_n,212,461
train,colon_n/colonn3287.jpeg,0,benign,colonn3287,colon_n,48,297
train,colon_n/colonn329.jpeg,0,benign,colonn329,colon_n,35,284
train,colon_n/colonn3290.jpeg,0,benign,colonn3290,colon_n,41,290
train,colon_n/colonn3291.jpeg,0,benign,colonn3291,colon_n,77,326
train,colon_n/colonn3292.jpeg,0,benign,colonn3292,colon_n,59,308
train,colon_n/colonn3294.jpeg,0,benign,colonn3294,colon_n,122,371
train,colon_n/colonn3297.jpeg,0,benign,colonn3297,colon_n,49,298
train,colon_n/colonn3298.jpeg,0,benign,colonn3298,colon_n,230,479
train,colon_n/colonn3299.jpeg,0,benign,colonn3299,colon_n,222,471
train,colon_n/colonn33.jpeg,0,benign,colonn33,colon_n,63,312
train,colon_n/colonn3300.jpeg,0,benign,colonn3300,colon_n,184,433
train,colon_n/colonn3303.jpeg,0,benign,colonn3303,colon_n,194,443
train,colon_n/colonn3304.jpeg,0,benign,colonn3304,colon_n,235,484
train,colon_n/colonn3305.jpeg,0,benign,colonn3305,colon_n,176,425
train,colon_n/colonn3306.jpeg,0,benign,colonn3306,colon_n,44,293
train,colon_n/colonn3307.jpeg,0,benign,colonn3307,colon_n,52,301
train,colon_n/colonn3309.jpeg,0,benign,colonn3309,colon_n,174,423
train,colon_n/colonn331.jpeg,0,benign,colonn331,colon_n,191,440
train,colon_n/colonn3310.jpeg,0,benign,colonn3310,colon_n,94,343
train,colon_n/colonn3314.jpeg,0,benign,colonn3314,colon_n,99,348
train,colon_n/colonn3315.jpeg,0,benign,colonn3315,colon_n,215,464
train,colon_n/colonn3316.jpeg,0,benign,colonn3316,colon_n,250,499
train,colon_n/colonn3317.jpeg,0,benign,colonn3317,colon_n,250,499
train,colon_n/colonn3318.jpeg,0,benign,colonn3318,colon_n,157,406
train,colon_n/colonn3319.jpeg,0,benign,colonn3319,colon_n,189,438
train,colon_n/colonn3320.jpeg,0,benign,colonn3320,colon_n,151,400
train,colon_n/colonn3323.jpeg,0,benign,colonn3323,colon_n,81,330
train,colon_n/colonn3324.jpeg,0,benign,colonn3324,colon_n,81,330
train,colon_n/colonn3325.jpeg,0,benign,colonn3325,colon_n,107,356
train,colon_n/colonn3326.jpeg,0,benign,colonn3326,colon_n,227,476
train,colon_n/colonn3327.jpeg,0,benign,colonn3327,colon_n,80,329
train,colon_n/colonn3329.jpeg,0,benign,colonn3329,colon_n,22,271
train,colon_n/colonn333.jpeg,0,benign,colonn333,colon_n,254,503
train,colon_n/colonn3330.jpeg,0,benign,colonn3330,colon_n,7,256
train,colon_n/colonn3331.jpeg,0,benign,colonn3331,colon_n,22,271
train,colon_n/colonn3332.jpeg,0,benign,colonn3332,colon_n,13,262
train,colon_n/colonn3334.jpeg,0,benign,colonn3334,colon_n,23,272
train,colon_n/colonn3335.jpeg,0,benign,colonn3335,colon_n,23,272
train,colon_n/colonn3336.jpeg,0,benign,colonn3336,colon_n,23,272
train,colon_n/colonn3337.jpeg,0,benign,colonn3337,colon_n,193,442
train,colon_n/colonn3338.jpeg,0,benign,colonn3338,colon_n,193,442
train,colon_n/colonn3339.jpeg,0,benign,colonn3339,colon_n,236,485
train,colon_n/colonn334.jpeg,0,benign,colonn334,colon_n,199,448
train,colon_n/colonn3340.jpeg,0,benign,colonn3340,colon_n,109,358
train,colon_n/colonn3342.jpeg,0,benign,colonn3342,colon_n,195,444
train,colon_n/colonn3343.jpeg,0,benign,colonn3343,colon_n,113,362
train,colon_n/colonn3345.jpeg,0,benign,colonn3345,colon_n,17,266
train,colon_n/colonn3346.jpeg,0,benign,colonn3346,colon_n,56,305
train,colon_n/colonn3347.jpeg,0,benign,colonn3347,colon_n,135,384
train,colon_n/colonn3348.jpeg,0,benign,colonn3348,colon_n,42,291
train,colon_n/colonn3349.jpeg,0,benign,colonn3349,colon_n,3,252
train,colon_n/colonn335.jpeg,0,benign,colonn335,colon_n,250,499
train,colon_n/colonn3350.jpeg,0,benign,colonn3350,colon_n,207,456
train,colon_n/colonn3351.jpeg,0,benign,colonn3351,colon_n,93,342
train,colon_n/colonn3352.jpeg,0,benign,colonn3352,colon_n,133,382
train,colon_n/colonn3353.jpeg,0,benign,colonn3353,colon_n,65,314
train,colon_n/colonn3354.jpeg,0,benign,colonn3354,colon_n,213,462
train,colon_n/colonn3355.jpeg,0,benign,colonn3355,colon_n,77,326
train,colon_n/colonn3356.jpeg,0,benign,colonn3356,colon_n,4,253
train,colon_n/colonn3357.jpeg,0,benign,colonn3357,colon_n,166,415
train,colon_n/colonn3358.jpeg,0,benign,colonn3358,colon_n,28,277
train,colon_n/colonn3359.jpeg,0,benign,colonn3359,colon_n,28,277
train,colon_n/colonn3360.jpeg,0,benign,colonn3360,colon_n,78,327
train,colon_n/colonn3361.jpeg,0,benign,colonn3361,colon_n,14,263
train,colon_n/colonn3362.jpeg,0,benign,colonn3362,colon_n,5,254
train,colon_n/colonn3364.jpeg,0,benign,colonn3364,colon_n,49,298
train,colon_n/colonn3367.jpeg,0,benign,colonn3367,colon_n,214,463
train,colon_n/colonn3368.jpeg,0,benign,colonn3368,colon_n,185,434
train,colon_n/colonn3369.jpeg,0,benign,colonn3369,colon_n,230,479
train,colon_n/colonn337.jpeg,0,benign,colonn337,colon_n,196,445
train,colon_n/colonn3370.jpeg,0,benign,colonn3370,colon_n,131,380
train,colon_n/colonn3371.jpeg,0,benign,colonn3371,colon_n,53,302
train,colon_n/colonn3373.jpeg,0,benign,colonn3373,colon_n,61,310
train,colon_n/colonn3374.jpeg,0,benign,colonn3374,colon_n,232,481
train,colon_n/colonn3375.jpeg,0,benign,colonn3375,colon_n,203,452
train,colon_n/colonn3376.jpeg,0,benign,colonn3376,colon_n,52,301
train,colon_n/colonn3377.jpeg,0,benign,colonn3377,colon_n,52,301
train,colon_n/colonn3378.jpeg,0,benign,colonn3378,colon_n,52,301
train,colon_n/colonn3380.jpeg,0,benign,colonn3380,colon_n,88,337
train,colon_n/colonn3383.jpeg,0,benign,colonn3383,colon_n,183,432
train,colon_n/colonn3384.jpeg,0,benign,colonn3384,colon_n,91,340
train,colon_n/colonn3385.jpeg,0,benign,colonn3385,colon_n,199,448
train,colon_n/colonn3386.jpeg,0,benign,colonn3386,colon_n,199,448
train,colon_n/colonn3387.jpeg,0,benign,colonn3387,colon_n,189,438
train,colon_n/colonn3389.jpeg,0,benign,colonn3389,colon_n,134,383
train,colon_n/colonn3390.jpeg,0,benign,colonn3390,colon_n,196,445
train,colon_n/colonn3391.jpeg,0,benign,colonn3391,colon_n,211,460
train,colon_n/colonn3392.jpeg,0,benign,colonn3392,colon_n,81,330
train,colon_n/colonn3395.jpeg,0,benign,colonn3395,colon_n,85,334
train,colon_n/colonn3396.jpeg,0,benign,colonn3396,colon_n,62,311
train,colon_n/colonn3397.jpeg,0,benign,colonn3397,colon_n,7,256
train,colon_n/colonn3399.jpeg,0,benign,colonn3399,colon_n,20,269
train,colon_n/colonn34.jpeg,0,benign,colonn34,colon_n,164,413
train,colon_n/colonn340.jpeg,0,benign,colonn340,colon_n,63,312
train,colon_n/colonn3401.jpeg,0,benign,colonn3401,colon_n,171,420
train,colon_n/colonn3402.jpeg,0,benign,colonn3402,colon_n,115,364
train,colon_n/colonn3404.jpeg,0,benign,colonn3404,colon_n,42,291
train,colon_n/colonn3405.jpeg,0,benign,colonn3405,colon_n,143,392
train,colon_n/colonn3406.jpeg,0,benign,colonn3406,colon_n,202,451
train,colon_n/colonn3407.jpeg,0,benign,colonn3407,colon_n,207,456
train,colon_n/colonn3408.jpeg,0,benign,colonn3408,colon_n,104,353
train,colon_n/colonn3409.jpeg,0,benign,colonn3409,colon_n,158,407
train,colon_n/colonn3411.jpeg,0,benign,colonn3411,colon_n,41,290
train,colon_n/colonn3412.jpeg,0,benign,colonn3412,colon_n,179,428
train,colon_n/colonn3413.jpeg,0,benign,colonn3413,colon_n,95,344
train,colon_n/colonn3414.jpeg,0,benign,colonn3414,colon_n,28,277
train,colon_n/colonn3415.jpeg,0,benign,colonn3415,colon_n,72,321
train,colon_n/colonn3416.jpeg,0,benign,colonn3416,colon_n,201,450
train,colon_n/colonn3417.jpeg,0,benign,colonn3417,colon_n,50,299
train,colon_n/colonn3418.jpeg,0,benign,colonn3418,colon_n,50,299
train,colon_n/colonn3419.jpeg,0,benign,colonn3419,colon_n,64,313
train,colon_n/colonn342.jpeg,0,benign,colonn342,colon_n,81,330
train,colon_n/colonn3421.jpeg,0,benign,colonn3421,colon_n,238,487
train,colon_n/colonn3422.jpeg,0,benign,colonn3422,colon_n,100,349
train,colon_n/colonn3424.jpeg,0,benign,colonn3424,colon_n,53,302
train,colon_n/colonn3425.jpeg,0,benign,colonn3425,colon_n,155,404
train,colon_n/colonn3427.jpeg,0,benign,colonn3427,colon_n,44,293
train,colon_n/colonn343.jpeg,0,benign,colonn343,colon_n,107,356
train,colon_n/colonn3432.jpeg,0,benign,colonn3432,colon_n,35,284
train,colon_n/colonn3433.jpeg,0,benign,colonn3433,colon_n,35,284
train,colon_n/colonn3434.jpeg,0,benign,colonn3434,colon_n,91,340
train,colon_n/colonn3435.jpeg,0,benign,colonn3435,colon_n,199,448
train,colon_n/colonn3436.jpeg,0,benign,colonn3436,colon_n,160,409
train,colon_n/colonn3437.jpeg,0,benign,colonn3437,colon_n,187,436
train,colon_n/colonn3438.jpeg,0,benign,colonn3438,colon_n,36,285
train,colon_n/colonn3439.jpeg,0,benign,colonn3439,colon_n,46,295
train,colon_n/colonn344.jpeg,0,benign,colonn344,colon_n,227,476
train,colon_n/colonn3441.jpeg,0,benign,colonn3441,colon_n,141,390
train,colon_n/colonn3442.jpeg,0,benign,colonn3442,colon_n,128,377
train,colon_n/colonn3443.jpeg,0,benign,colonn3443,colon_n,211,460
train,colon_n/colonn3444.jpeg,0,benign,colonn3444,colon_n,81,330
train,colon_n/colonn3446.jpeg,0,benign,colonn3446,colon_n,256,505
train,colon_n/colonn3447.jpeg,0,benign,colonn3447,colon_n,105,354
train,colon_n/colonn3448.jpeg,0,benign,colonn3448,colon_n,105,354
train,colon_n/colonn3449.jpeg,0,benign,colonn3449,colon_n,180,429
train,colon_n/colonn345.jpeg,0,benign,colonn345,colon_n,80,329
train,colon_n/colonn3450.jpeg,0,benign,colonn3450,colon_n,149,398
train,colon_n/colonn3451.jpeg,0,benign,colonn3451,colon_n,145,394
train,colon_n/colonn3452.jpeg,0,benign,colonn3452,colon_n,20,269
train,colon_n/colonn3453.jpeg,0,benign,colonn3453,colon_n,20,269
train,colon_n/colonn3454.jpeg,0,benign,colonn3454,colon_n,212,461
train,colon_n/colonn3455.jpeg,0,benign,colonn3455,colon_n,70,319
train,colon_n/colonn3456.jpeg,0,benign,colonn3456,colon_n,109,358
train,colon_n/colonn3458.jpeg,0,benign,colonn3458,colon_n,195,444
train,colon_n/colonn3461.jpeg,0,benign,colonn3461,colon_n,92,341
train,colon_n/colonn3462.jpeg,0,benign,colonn3462,colon_n,3,252
train,colon_n/colonn3464.jpeg,0,benign,colonn3464,colon_n,74,323
train,colon_n/colonn3466.jpeg,0,benign,colonn3466,colon_n,48,297
train,colon_n/colonn3467.jpeg,0,benign,colonn3467,colon_n,54,303
train,colon_n/colonn3468.jpeg,0,benign,colonn3468,colon_n,166,415
train,colon_n/colonn347.jpeg,0,benign,colonn347,colon_n,62,311
train,colon_n/colonn3470.jpeg,0,benign,colonn3470,colon_n,72,321
train,colon_n/colonn3471.jpeg,0,benign,colonn3471,colon_n,130,379
train,colon_n/colonn3472.jpeg,0,benign,colonn3472,colon_n,87,336
train,colon_n/colonn3474.jpeg,0,benign,colonn3474,colon_n,106,355
train,colon_n/colonn3475.jpeg,0,benign,colonn3475,colon_n,106,355
train,colon_n/colonn3476.jpeg,0,benign,colonn3476,colon_n,49,298
train,colon_n/colonn3477.jpeg,0,benign,colonn3477,colon_n,29,278
train,colon_n/colonn348.jpeg,0,benign,colonn348,colon_n,62,311
train,colon_n/colonn3480.jpeg,0,benign,colonn3480,colon_n,0,249
train,colon_n/colonn3483.jpeg,0,benign,colonn3483,colon_n,237,486
train,colon_n/colonn3485.jpeg,0,benign,colonn3485,colon_n,94,343
train,colon_n/colonn3486.jpeg,0,benign,colonn3486,colon_n,94,343
train,colon_n/colonn3487.jpeg,0,benign,colonn3487,colon_n,58,307
train,colon_n/colonn3488.jpeg,0,benign,colonn3488,colon_n,35,284
train,colon_n/colonn3489.jpeg,0,benign,colonn3489,colon_n,191,440
train,colon_n/colonn349.jpeg,0,benign,colonn349,colon_n,7,256
train,colon_n/colonn3491.jpeg,0,benign,colonn3491,colon_n,254,503
train,colon_n/colonn3492.jpeg,0,benign,colonn3492,colon_n,99,348
train,colon_n/colonn3494.jpeg,0,benign,colonn3494,colon_n,32,281
train,colon_n/colonn3495.jpeg,0,benign,colonn3495,colon_n,51,300
train,colon_n/colonn3496.jpeg,0,benign,colonn3496,colon_n,151,400
train,colon_n/colonn3498.jpeg,0,benign,colonn3498,colon_n,177,426
train,colon_n/colonn35.jpeg,0,benign,colonn35,colon_n,211,460
train,colon_n/colonn350.jpeg,0,benign,colonn350,colon_n,7,256
train,colon_n/colonn3501.jpeg,0,benign,colonn3501,colon_n,2,251
train,colon_n/colonn3502.jpeg,0,benign,colonn3502,colon_n,239,488
train,colon_n/colonn3503.jpeg,0,benign,colonn3503,colon_n,121,370
train,colon_n/colonn3505.jpeg,0,benign,colonn3505,colon_n,164,413
train,colon_n/colonn3508.jpeg,0,benign,colonn3508,colon_n,110,359
train,colon_n/colonn3509.jpeg,0,benign,colonn3509,colon_n,105,354
train,colon_n/colonn351.jpeg,0,benign,colonn351,colon_n,7,256
train,colon_n/colonn3511.jpeg,0,benign,colonn3511,colon_n,85,334
train,colon_n/colonn3512.jpeg,0,benign,colonn3512,colon_n,180,429
train,colon_n/colonn3513.jpeg,0,benign,colonn3513,colon_n,180,429
train,colon_n/colonn3515.jpeg,0,benign,colonn3515,colon_n,13,262
train,colon_n/colonn3516.jpeg,0,benign,colonn3516,colon_n,89,338
train,colon_n/colonn3517.jpeg,0,benign,colonn3517,colon_n,20,269
train,colon_n/colonn3518.jpeg,0,benign,colonn3518,colon_n,212,461
train,colon_n/colonn3519.jpeg,0,benign,colonn3519,colon_n,8,257
train,colon_n/colonn3520.jpeg,0,benign,colonn3520,colon_n,56,305
train,colon_n/colonn3521.jpeg,0,benign,colonn3521,colon_n,42,291
train,colon_n/colonn3523.jpeg,0,benign,colonn3523,colon_n,217,466
train,colon_n/colonn3525.jpeg,0,benign,colonn3525,colon_n,207,456
train,colon_n/colonn3526.jpeg,0,benign,colonn3526,colon_n,210,459
train,colon_n/colonn3527.jpeg,0,benign,colonn3527,colon_n,158,407
train,colon_n/colonn3528.jpeg,0,benign,colonn3528,colon_n,54,303
train,colon_n/colonn3529.jpeg,0,benign,colonn3529,colon_n,41,290
train,colon_n/colonn353.jpeg,0,benign,colonn353,colon_n,20,269
train,colon_n/colonn3530.jpeg,0,benign,colonn3530,colon_n,21,270
train,colon_n/colonn3531.jpeg,0,benign,colonn3531,colon_n,65,314
train,colon_n/colonn3532.jpeg,0,benign,colonn3532,colon_n,95,344
train,colon_n/colonn3533.jpeg,0,benign,colonn3533,colon_n,95,344
train,colon_n/colonn3534.jpeg,0,benign,colonn3534,colon_n,95,344
train,colon_n/colonn3536.jpeg,0,benign,colonn3536,colon_n,43,292
train,colon_n/colonn3537.jpeg,0,benign,colonn3537,colon_n,138,387
train,colon_n/colonn3538.jpeg,0,benign,colonn3538,colon_n,230,479
train,colon_n/colonn3539.jpeg,0,benign,colonn3539,colon_n,29,278
train,colon_n/colonn354.jpeg,0,benign,colonn354,colon_n,27,276
train,colon_n/colonn3540.jpeg,0,benign,colonn3540,colon_n,161,410
train,colon_n/colonn3541.jpeg,0,benign,colonn3541,colon_n,26,275
train,colon_n/colonn3542.jpeg,0,benign,colonn3542,colon_n,184,433
train,colon_n/colonn3543.jpeg,0,benign,colonn3543,colon_n,188,437
train,colon_n/colonn3545.jpeg,0,benign,colonn3545,colon_n,0,249
train,colon_n/colonn3548.jpeg,0,benign,colonn3548,colon_n,232,481
train,colon_n/colonn355.jpeg,0,benign,colonn355,colon_n,8,257
train,colon_n/colonn3551.jpeg,0,benign,colonn3551,colon_n,237,486
train,colon_n/colonn3552.jpeg,0,benign,colonn3552,colon_n,94,343
train,colon_n/colonn3553.jpeg,0,benign,colonn3553,colon_n,94,343
train,colon_n/colonn3555.jpeg,0,benign,colonn3555,colon_n,76,325
train,colon_n/colonn3557.jpeg,0,benign,colonn3557,colon_n,152,401
train,colon_n/colonn3559.jpeg,0,benign,colonn3559,colon_n,98,347
train,colon_n/colonn356.jpeg,0,benign,colonn356,colon_n,236,485
train,colon_n/colonn3560.jpeg,0,benign,colonn3560,colon_n,151,400
train,colon_n/colonn3561.jpeg,0,benign,colonn3561,colon_n,134,383
train,colon_n/colonn3563.jpeg,0,benign,colonn3563,colon_n,147,396
train,colon_n/colonn3564.jpeg,0,benign,colonn3564,colon_n,147,396
train,colon_n/colonn3567.jpeg,0,benign,colonn3567,colon_n,121,370
train,colon_n/colonn3568.jpeg,0,benign,colonn3568,colon_n,81,330
train,colon_n/colonn3571.jpeg,0,benign,colonn3571,colon_n,13,262
train,colon_n/colonn3572.jpeg,0,benign,colonn3572,colon_n,89,338
train,colon_n/colonn3573.jpeg,0,benign,colonn3573,colon_n,145,394
train,colon_n/colonn3574.jpeg,0,benign,colonn3574,colon_n,20,269
train,colon_n/colonn3575.jpeg,0,benign,colonn3575,colon_n,20,269
train,colon_n/colonn3576.jpeg,0,benign,colonn3576,colon_n,20,269
train,colon_n/colonn3577.jpeg,0,benign,colonn3577,colon_n,212,461
train,colon_n/colonn3579.jpeg,0,benign,colonn3579,colon_n,109,358
train,colon_n/colonn358.jpeg,0,benign,colonn358,colon_n,135,384
train,colon_n/colonn3580.jpeg,0,benign,colonn3580,colon_n,113,362
train,colon_n/colonn3582.jpeg,0,benign,colonn3582,colon_n,228,477
train,colon_n/colonn3583.jpeg,0,benign,colonn3583,colon_n,207,456
train,colon_n/colonn3584.jpeg,0,benign,colonn3584,colon_n,48,297
train,colon_n/colonn3585.jpeg,0,benign,colonn3585,colon_n,158,407
train,colon_n/colonn3586.jpeg,0,benign,colonn3586,colon_n,133,382
train,colon_n/colonn3588.jpeg,0,benign,colonn3588,colon_n,41,290
train,colon_n/colonn3589.jpeg,0,benign,colonn3589,colon_n,12,261
train,colon_n/colonn359.jpeg,0,benign,colonn359,colon_n,3,252
train,colon_n/colonn3591.jpeg,0,benign,colonn3591,colon_n,4,253
train,colon_n/colonn3592.jpeg,0,benign,colonn3592,colon_n,95,344
train,colon_n/colonn3593.jpeg,0,benign,colonn3593,colon_n,166,415
train,colon_n/colonn3594.jpeg,0,benign,colonn3594,colon_n,78,327
train,colon_n/colonn3595.jpeg,0,benign,colonn3595,colon_n,31,280
train,colon_n/colonn3596.jpeg,0,benign,colonn3596,colon_n,14,263
train,colon_n/colonn3597.jpeg,0,benign,colonn3597,colon_n,201,450
train,colon_n/colonn3598.jpeg,0,benign,colonn3598,colon_n,5,254
train,colon_n/colonn3599.jpeg,0,benign,colonn3599,colon_n,49,298
train,colon_n/colonn36.jpeg,0,benign,colonn36,colon_n,81,330
train,colon_n/colonn3602.jpeg,0,benign,colonn3602,colon_n,64,313
train,colon_n/colonn3603.jpeg,0,benign,colonn3603,colon_n,118,367
train,colon_n/colonn3604.jpeg,0,benign,colonn3604,colon_n,118,367
train,colon_n/colonn3605.jpeg,0,benign,colonn3605,colon_n,40,289
train,colon_n/colonn3606.jpeg,0,benign,colonn3606,colon_n,214,463
train,colon_n/colonn3607.jpeg,0,benign,colonn3607,colon_n,214,463
train,colon_n/colonn3608.jpeg,0,benign,colonn3608,colon_n,204,453
train,colon_n/colonn3609.jpeg,0,benign,colonn3609,colon_n,204,453
train,colon_n/colonn3610.jpeg,0,benign,colonn3610,colon_n,29,278
train,colon_n/colonn3611.jpeg,0,benign,colonn3611,colon_n,100,349
train,colon_n/colonn3612.jpeg,0,benign,colonn3612,colon_n,26,275
train,colon_n/colonn3613.jpeg,0,benign,colonn3613,colon_n,53,302
train,colon_n/colonn3615.jpeg,0,benign,colonn3615,colon_n,0,249
train,colon_n/colonn3618.jpeg,0,benign,colonn3618,colon_n,198,447
train,colon_n/colonn3619.jpeg,0,benign,colonn3619,colon_n,124,373
train,colon_n/colonn3620.jpeg,0,benign,colonn3620,colon_n,187,436
train,colon_n/colonn3621.jpeg,0,benign,colonn3621,colon_n,51,300
train,colon_n/colonn3622.jpeg,0,benign,colonn3622,colon_n,1,250
train,colon_n/colonn3623.jpeg,0,benign,colonn3623,colon_n,151,400
train,colon_n/colonn3626.jpeg,0,benign,colonn3626,colon_n,63,312
train,colon_n/colonn3629.jpeg,0,benign,colonn3629,colon_n,110,359
train,colon_n/colonn3631.jpeg,0,benign,colonn3631,colon_n,85,334
train,colon_n/colonn3632.jpeg,0,benign,colonn3632,colon_n,123,372
train,colon_n/colonn3633.jpeg,0,benign,colonn3633,colon_n,23,272
train,colon_n/colonn3634.jpeg,0,benign,colonn3634,colon_n,70,319
train,colon_n/colonn3635.jpeg,0,benign,colonn3635,colon_n,8,257
train,colon_n/colonn3637.jpeg,0,benign,colonn3637,colon_n,195,444
train,colon_n/colonn3638.jpeg,0,benign,colonn3638,colon_n,171,420
train,colon_n/colonn3639.jpeg,0,benign,colonn3639,colon_n,171,420
train,colon_n/colonn3640.jpeg,0,benign,colonn3640,colon_n,17,266
train,colon_n/colonn3642.jpeg,0,benign,colonn3642,colon_n,42,291
train,colon_n/colonn3643.jpeg,0,benign,colonn3643,colon_n,42,291
train,colon_n/colonn3644.jpeg,0,benign,colonn3644,colon_n,92,341
train,colon_n/colonn3645.jpeg,0,benign,colonn3645,colon_n,3,252
train,colon_n/colonn3646.jpeg,0,benign,colonn3646,colon_n,202,451
train,colon_n/colonn3647.jpeg,0,benign,colonn3647,colon_n,71,320
train,colon_n/colonn3648.jpeg,0,benign,colonn3648,colon_n,139,388
train,colon_n/colonn3649.jpeg,0,benign,colonn3649,colon_n,139,388
train,colon_n/colonn365.jpeg,0,benign,colonn365,colon_n,71,320
train,colon_n/colonn3650.jpeg,0,benign,colonn3650,colon_n,93,342
train,colon_n/colonn3653.jpeg,0,benign,colonn3653,colon_n,4,253
train,colon_n/colonn3654.jpeg,0,benign,colonn3654,colon_n,102,351
train,colon_n/colonn3657.jpeg,0,benign,colonn3657,colon_n,34,283
train,colon_n/colonn3658.jpeg,0,benign,colonn3658,colon_n,34,283
train,colon_n/colonn3659.jpeg,0,benign,colonn3659,colon_n,50,299
train,colon_n/colonn366.jpeg,0,benign,colonn366,colon_n,139,388
train,colon_n/colonn3661.jpeg,0,benign,colonn3661,colon_n,148,397
train,colon_n/colonn3662.jpeg,0,benign,colonn3662,colon_n,118,367
train,colon_n/colonn3663.jpeg,0,benign,colonn3663,colon_n,100,349
train,colon_n/colonn3665.jpeg,0,benign,colonn3665,colon_n,222,471
train,colon_n/colonn3666.jpeg,0,benign,colonn3666,colon_n,188,437
train,colon_n/colonn3667.jpeg,0,benign,colonn3667,colon_n,119,368
train,colon_n/colonn3668.jpeg,0,benign,colonn3668,colon_n,119,368
train,colon_n/colonn3669.jpeg,0,benign,colonn3669,colon_n,61,310
train,colon_n/colonn3670.jpeg,0,benign,colonn3670,colon_n,176,425
train,colon_n/colonn3671.jpeg,0,benign,colonn3671,colon_n,44,293
train,colon_n/colonn3673.jpeg,0,benign,colonn3673,colon_n,76,325
train,colon_n/colonn3674.jpeg,0,benign,colonn3674,colon_n,99,348
train,colon_n/colonn3678.jpeg,0,benign,colonn3678,colon_n,177,426
train,colon_n/colonn368.jpeg,0,benign,colonn368,colon_n,77,326
train,colon_n/colonn3680.jpeg,0,benign,colonn3680,colon_n,164,413
train,colon_n/colonn3687.jpeg,0,benign,colonn3687,colon_n,149,398
train,colon_n/colonn3688.jpeg,0,benign,colonn3688,colon_n,20,269
train,colon_n/colonn3689.jpeg,0,benign,colonn3689,colon_n,20,269
train,colon_n/colonn369.jpeg,0,benign,colonn369,colon_n,72,321
train,colon_n/colonn3690.jpeg,0,benign,colonn3690,colon_n,27,276
train,colon_n/colonn3691.jpeg,0,benign,colonn3691,colon_n,70,319
train,colon_n/colonn3692.jpeg,0,benign,colonn3692,colon_n,218,467
train,colon_n/colonn3693.jpeg,0,benign,colonn3693,colon_n,171,420
train,colon_n/colonn3695.jpeg,0,benign,colonn3695,colon_n,42,291
train,colon_n/colonn3696.jpeg,0,benign,colonn3696,colon_n,207,456
train,colon_n/colonn3697.jpeg,0,benign,colonn3697,colon_n,207,456
train,colon_n/colonn3698.jpeg,0,benign,colonn3698,colon_n,47,296
train,colon_n/colonn3699.jpeg,0,benign,colonn3699,colon_n,102,351
train,colon_n/colonn37.jpeg,0,benign,colonn37,colon_n,107,356
train,colon_n/colonn370.jpeg,0,benign,colonn370,colon_n,234,483
train,colon_n/colonn3700.jpeg,0,benign,colonn3700,colon_n,72,321
train,colon_n/colonn3701.jpeg,0,benign,colonn3701,colon_n,72,321
train,colon_n/colonn3702.jpeg,0,benign,colonn3702,colon_n,205,454
train,colon_n/colonn3704.jpeg,0,benign,colonn3704,colon_n,106,355
train,colon_n/colonn3705.jpeg,0,benign,colonn3705,colon_n,5,254
train,colon_n/colonn3708.jpeg,0,benign,colonn3708,colon_n,43,292
train,colon_n/colonn3709.jpeg,0,benign,colonn3709,colon_n,148,397
train,colon_n/colonn371.jpeg,0,benign,colonn371,colon_n,201,450
train,colon_n/colonn3710.jpeg,0,benign,colonn3710,colon_n,148,397
train,colon_n/colonn3711.jpeg,0,benign,colonn3711,colon_n,148,397
train,colon_n/colonn3714.jpeg,0,benign,colonn3714,colon_n,161,410
train,colon_n/colonn3715.jpeg,0,benign,colonn3715,colon_n,161,410
train,colon_n/colonn3716.jpeg,0,benign,colonn3716,colon_n,83,332
train,colon_n/colonn3717.jpeg,0,benign,colonn3717,colon_n,222,471
train,colon_n/colonn3718.jpeg,0,benign,colonn3718,colon_n,222,471
train,colon_n/colonn3719.jpeg,0,benign,colonn3719,colon_n,184,433
train,colon_n/colonn3721.jpeg,0,benign,colonn3721,colon_n,167,416
train,colon_n/colonn3722.jpeg,0,benign,colonn3722,colon_n,235,484
train,colon_n/colonn3724.jpeg,0,benign,colonn3724,colon_n,129,378
train,colon_n/colonn3725.jpeg,0,benign,colonn3725,colon_n,251,500
train,colon_n/colonn3728.jpeg,0,benign,colonn3728,colon_n,124,373
train,colon_n/colonn3729.jpeg,0,benign,colonn3729,colon_n,152,401
train,colon_n/colonn3730.jpeg,0,benign,colonn3730,colon_n,91,340
train,colon_n/colonn3731.jpeg,0,benign,colonn3731,colon_n,199,448
train,colon_n/colonn3732.jpeg,0,benign,colonn3732,colon_n,187,436
train,colon_n/colonn3733.jpeg,0,benign,colonn3733,colon_n,36,285
train,colon_n/colonn3734.jpeg,0,benign,colonn3734,colon_n,157,406
train,colon_n/colonn3736.jpeg,0,benign,colonn3736,colon_n,134,383
train,colon_n/colonn3737.jpeg,0,benign,colonn3737,colon_n,134,383
train,colon_n/colonn374.jpeg,0,benign,colonn374,colon_n,214,463
train,colon_n/colonn3740.jpeg,0,benign,colonn3740,colon_n,233,482
train,colon_n/colonn3743.jpeg,0,benign,colonn3743,colon_n,128,377
train,colon_n/colonn3745.jpeg,0,benign,colonn3745,colon_n,110,359
train,colon_n/colonn3746.jpeg,0,benign,colonn3746,colon_n,110,359
train,colon_n/colonn3748.jpeg,0,benign,colonn3748,colon_n,7,256
train,colon_n/colonn3749.jpeg,0,benign,colonn3749,colon_n,13,262
train,colon_n/colonn3750.jpeg,0,benign,colonn3750,colon_n,145,394
train,colon_n/colonn3752.jpeg,0,benign,colonn3752,colon_n,70,319
train,colon_n/colonn3753.jpeg,0,benign,colonn3753,colon_n,135,384
train,colon_n/colonn3754.jpeg,0,benign,colonn3754,colon_n,115,364
train,colon_n/colonn3755.jpeg,0,benign,colonn3755,colon_n,217,466
train,colon_n/colonn3756.jpeg,0,benign,colonn3756,colon_n,71,320
train,colon_n/colonn3757.jpeg,0,benign,colonn3757,colon_n,71,320
train,colon_n/colonn3758.jpeg,0,benign,colonn3758,colon_n,48,297
train,colon_n/colonn3759.jpeg,0,benign,colonn3759,colon_n,48,297
train,colon_n/colonn376.jpeg,0,benign,colonn376,colon_n,238,487
train,colon_n/colonn3760.jpeg,0,benign,colonn3760,colon_n,210,459
train,colon_n/colonn3761.jpeg,0,benign,colonn3761,colon_n,41,290
train,colon_n/colonn3762.jpeg,0,benign,colonn3762,colon_n,21,270
train,colon_n/colonn3763.jpeg,0,benign,colonn3763,colon_n,65,314
train,colon_n/colonn3764.jpeg,0,benign,colonn3764,colon_n,179,428
train,colon_n/colonn3765.jpeg,0,benign,colonn3765,colon_n,179,428
train,colon_n/colonn3766.jpeg,0,benign,colonn3766,colon_n,77,326
train,colon_n/colonn3767.jpeg,0,benign,colonn3767,colon_n,77,326
train,colon_n/colonn3768.jpeg,0,benign,colonn3768,colon_n,166,415
train,colon_n/colonn377.jpeg,0,benign,colonn377,colon_n,100,349
train,colon_n/colonn3770.jpeg,0,benign,colonn3770,colon_n,78,327
train,colon_n/colonn3771.jpeg,0,benign,colonn3771,colon_n,78,327
train,colon_n/colonn3773.jpeg,0,benign,colonn3773,colon_n,59,308
train,colon_n/colonn3774.jpeg,0,benign,colonn3774,colon_n,106,355
train,colon_n/colonn3775.jpeg,0,benign,colonn3775,colon_n,5,254
train,colon_n/colonn3776.jpeg,0,benign,colonn3776,colon_n,122,371
train,colon_n/colonn3777.jpeg,0,benign,colonn3777,colon_n,37,286
train,colon_n/colonn3778.jpeg,0,benign,colonn3778,colon_n,49,298
train,colon_n/colonn3779.jpeg,0,benign,colonn3779,colon_n,11,260
train,colon_n/colonn3781.jpeg,0,benign,colonn3781,colon_n,153,402
train,colon_n/colonn3782.jpeg,0,benign,colonn3782,colon_n,26,275
train,colon_n/colonn3783.jpeg,0,benign,colonn3783,colon_n,26,275
train,colon_n/colonn3784.jpeg,0,benign,colonn3784,colon_n,83,332
train,colon_n/colonn3785.jpeg,0,benign,colonn3785,colon_n,188,437
train,colon_n/colonn3786.jpeg,0,benign,colonn3786,colon_n,119,368
train,colon_n/colonn3787.jpeg,0,benign,colonn3787,colon_n,167,416
train,colon_n/colonn379.jpeg,0,benign,colonn379,colon_n,222,471
train,colon_n/colonn3790.jpeg,0,benign,colonn3790,colon_n,88,337
train,colon_n/colonn3791.jpeg,0,benign,colonn3791,colon_n,198,447
train,colon_n/colonn3792.jpeg,0,benign,colonn3792,colon_n,76,325
train,colon_n/colonn3793.jpeg,0,benign,colonn3793,colon_n,245,494
train,colon_n/colonn3794.jpeg,0,benign,colonn3794,colon_n,250,499
train,colon_n/colonn3795.jpeg,0,benign,colonn3795,colon_n,51,300
train,colon_n/colonn3796.jpeg,0,benign,colonn3796,colon_n,157,406
train,colon_n/colonn3797.jpeg,0,benign,colonn3797,colon_n,220,469
train,colon_n/colonn38.jpeg,0,benign,colonn38,colon_n,110,359
train,colon_n/colonn380.jpeg,0,benign,colonn380,colon_n,61,310
train,colon_n/colonn3800.jpeg,0,benign,colonn3800,colon_n,46,295
train,colon_n/colonn3802.jpeg,0,benign,colonn3802,colon_n,107,356
train,colon_n/colonn3803.jpeg,0,benign,colonn3803,colon_n,80,329
train,colon_n/colonn3804.jpeg,0,benign,colonn3804,colon_n,142,391
train,colon_n/colonn3806.jpeg,0,benign,colonn3806,colon_n,149,398
train,colon_n/colonn3807.jpeg,0,benign,colonn3807,colon_n,212,461
train,colon_n/colonn3808.jpeg,0,benign,colonn3808,colon_n,23,272
train,colon_n/colonn3809.jpeg,0,benign,colonn3809,colon_n,109,358
train,colon_n/colonn3810.jpeg,0,benign,colonn3810,colon_n,113,362
train,colon_n/colonn3813.jpeg,0,benign,colonn3813,colon_n,17,266
train,colon_n/colonn3816.jpeg,0,benign,colonn3816,colon_n,202,451
train,colon_n/colonn3817.jpeg,0,benign,colonn3817,colon_n,217,466
train,colon_n/colonn3819.jpeg,0,benign,colonn3819,colon_n,71,320
train,colon_n/colonn382.jpeg,0,benign,colonn382,colon_n,232,481
train,colon_n/colonn3820.jpeg,0,benign,colonn3820,colon_n,93,342
train,colon_n/colonn3821.jpeg,0,benign,colonn3821,colon_n,65,314
train,colon_n/colonn3822.jpeg,0,benign,colonn3822,colon_n,77,326
train,colon_n/colonn3823.jpeg,0,benign,colonn3823,colon_n,77,326
train,colon_n/colonn3825.jpeg,0,benign,colonn3825,colon_n,4,253
train,colon_n/colonn3826.jpeg,0,benign,colonn3826,colon_n,242,491
train,colon_n/colonn3827.jpeg,0,benign,colonn3827,colon_n,72,321
train,colon_n/colonn3828.jpeg,0,benign,colonn3828,colon_n,59,308
train,colon_n/colonn3829.jpeg,0,benign,colonn3829,colon_n,106,355
train,colon_n/colonn383.jpeg,0,benign,colonn383,colon_n,176,425
train,colon_n/colonn3835.jpeg,0,benign,colonn3835,colon_n,169,418
train,colon_n/colonn3837.jpeg,0,benign,colonn3837,colon_n,119,368
train,colon_n/colonn3838.jpeg,0,benign,colonn3838,colon_n,237,486
train,colon_n/colonn3839.jpeg,0,benign,colonn3839,colon_n,237,486
train,colon_n/colonn384.jpeg,0,benign,colonn384,colon_n,52,301
train,colon_n/colonn3840.jpeg,0,benign,colonn3840,colon_n,198,447
train,colon_n/colonn3841.jpeg,0,benign,colonn3841,colon_n,94,343
train,colon_n/colonn3842.jpeg,0,benign,colonn3842,colon_n,35,284
train,colon_n/colonn3845.jpeg,0,benign,colonn3845,colon_n,91,340
train,colon_n/colonn3846.jpeg,0,benign,colonn3846,colon_n,254,503
train,colon_n/colonn3847.jpeg,0,benign,colonn3847,colon_n,254,503
train,colon_n/colonn3848.jpeg,0,benign,colonn3848,colon_n,36,285
train,colon_n/colonn3849.jpeg,0,benign,colonn3849,colon_n,51,300
train,colon_n/colonn3850.jpeg,0,benign,colonn3850,colon_n,157,406
train,colon_n/colonn3851.jpeg,0,benign,colonn3851,colon_n,98,347
train,colon_n/colonn3852.jpeg,0,benign,colonn3852,colon_n,151,400
train,colon_n/colonn3853.jpeg,0,benign,colonn3853,colon_n,147,396
train,colon_n/colonn3854.jpeg,0,benign,colonn3854,colon_n,2,251
train,colon_n/colonn3855.jpeg,0,benign,colonn3855,colon_n,46,295
train,colon_n/colonn3857.jpeg,0,benign,colonn3857,colon_n,141,390
train,colon_n/colonn3858.jpeg,0,benign,colonn3858,colon_n,164,413
train,colon_n/colonn386.jpeg,0,benign,colonn386,colon_n,246,495
train,colon_n/colonn3860.jpeg,0,benign,colonn3860,colon_n,110,359
train,colon_n/colonn3862.jpeg,0,benign,colonn3862,colon_n,62,311
train,colon_n/colonn3864.jpeg,0,benign,colonn3864,colon_n,156,405
train,colon_n/colonn3865.jpeg,0,benign,colonn3865,colon_n,149,398
train,colon_n/colonn3866.jpeg,0,benign,colonn3866,colon_n,23,272
train,colon_n/colonn3867.jpeg,0,benign,colonn3867,colon_n,23,272
train,colon_n/colonn3869.jpeg,0,benign,colonn3869,colon_n,8,257
train,colon_n/colonn3870.jpeg,0,benign,colonn3870,colon_n,115,364
train,colon_n/colonn3871.jpeg,0,benign,colonn3871,colon_n,92,341
train,colon_n/colonn3872.jpeg,0,benign,colonn3872,colon_n,48,297
train,colon_n/colonn3873.jpeg,0,benign,colonn3873,colon_n,93,342
train,colon_n/colonn3874.jpeg,0,benign,colonn3874,colon_n,41,290
train,colon_n/colonn3875.jpeg,0,benign,colonn3875,colon_n,41,290
train,colon_n/colonn3878.jpeg,0,benign,colonn3878,colon_n,12,261
train,colon_n/colonn3879.jpeg,0,benign,colonn3879,colon_n,102,351
train,colon_n/colonn388.jpeg,0,benign,colonn388,colon_n,198,447
train,colon_n/colonn3880.jpeg,0,benign,colonn3880,colon_n,166,415
train,colon_n/colonn3881.jpeg,0,benign,colonn3881,colon_n,72,321
train,colon_n/colonn3882.jpeg,0,benign,colonn3882,colon_n,205,454
train,colon_n/colonn3883.jpeg,0,benign,colonn3883,colon_n,130,379
train,colon_n/colonn3885.jpeg,0,benign,colonn3885,colon_n,106,355
train,colon_n/colonn3886.jpeg,0,benign,colonn3886,colon_n,106,355
train,colon_n/colonn389.jpeg,0,benign,colonn389,colon_n,198,447
train,colon_n/colonn3891.jpeg,0,benign,colonn3891,colon_n,161,410
train,colon_n/colonn3892.jpeg,0,benign,colonn3892,colon_n,0,249
train,colon_n/colonn3894.jpeg,0,benign,colonn3894,colon_n,194,443
train,colon_n/colonn3895.jpeg,0,benign,colonn3895,colon_n,167,416
train,colon_n/colonn3896.jpeg,0,benign,colonn3896,colon_n,232,481
train,colon_n/colonn3897.jpeg,0,benign,colonn3897,colon_n,44,293
train,colon_n/colonn3899.jpeg,0,benign,colonn3899,colon_n,52,301
train,colon_n/colonn390.jpeg,0,benign,colonn390,colon_n,198,447
train,colon_n/colonn3900.jpeg,0,benign,colonn3900,colon_n,52,301
train,colon_n/colonn3902.jpeg,0,benign,colonn3902,colon_n,129,378
train,colon_n/colonn3903.jpeg,0,benign,colonn3903,colon_n,94,343
train,colon_n/colonn3904.jpeg,0,benign,colonn3904,colon_n,94,343
train,colon_n/colonn3905.jpeg,0,benign,colonn3905,colon_n,251,500
train,colon_n/colonn3906.jpeg,0,benign,colonn3906,colon_n,215,464
train,colon_n/colonn3907.jpeg,0,benign,colonn3907,colon_n,51,300
train,colon_n/colonn3908.jpeg,0,benign,colonn3908,colon_n,51,300
train,colon_n/colonn391.jpeg,0,benign,colonn391,colon_n,94,343
train,colon_n/colonn3910.jpeg,0,benign,colonn3910,colon_n,46,295
train,colon_n/colonn3911.jpeg,0,benign,colonn3911,colon_n,121,370
train,colon_n/colonn3912.jpeg,0,benign,colonn3912,colon_n,63,312
train,colon_n/colonn3913.jpeg,0,benign,colonn3913,colon_n,164,413
train,colon_n/colonn3914.jpeg,0,benign,colonn3914,colon_n,211,460
train,colon_n/colonn3917.jpeg,0,benign,colonn3917,colon_n,227,476
train,colon_n/colonn3920.jpeg,0,benign,colonn3920,colon_n,142,391
train,colon_n/colonn3921.jpeg,0,benign,colonn3921,colon_n,156,405
train,colon_n/colonn3922.jpeg,0,benign,colonn3922,colon_n,20,269
train,colon_n/colonn3923.jpeg,0,benign,colonn3923,colon_n,23,272
train,colon_n/colonn3924.jpeg,0,benign,colonn3924,colon_n,212,461
train,colon_n/colonn3925.jpeg,0,benign,colonn3925,colon_n,27,276
train,colon_n/colonn3927.jpeg,0,benign,colonn3927,colon_n,143,392
train,colon_n/colonn3929.jpeg,0,benign,colonn3929,colon_n,74,323
train,colon_n/colonn393.jpeg,0,benign,colonn393,colon_n,183,432
train,colon_n/colonn3934.jpeg,0,benign,colonn3934,colon_n,139,388
train,colon_n/colonn3935.jpeg,0,benign,colonn3935,colon_n,54,303
train,colon_n/colonn3936.jpeg,0,benign,colonn3936,colon_n,65,314
train,colon_n/colonn3937.jpeg,0,benign,colonn3937,colon_n,12,261
train,colon_n/colonn394.jpeg,0,benign,colonn394,colon_n,189,438
train,colon_n/colonn3940.jpeg,0,benign,colonn3940,colon_n,39,288
train,colon_n/colonn3941.jpeg,0,benign,colonn3941,colon_n,39,288
train,colon_n/colonn3942.jpeg,0,benign,colonn3942,colon_n,102,351
train,colon_n/colonn3944.jpeg,0,benign,colonn3944,colon_n,31,280
train,colon_n/colonn3945.jpeg,0,benign,colonn3945,colon_n,130,379
train,colon_n/colonn3946.jpeg,0,benign,colonn3946,colon_n,201,450
train,colon_n/colonn3947.jpeg,0,benign,colonn3947,colon_n,5,254
train,colon_n/colonn3948.jpeg,0,benign,colonn3948,colon_n,5,254
train,colon_n/colonn3949.jpeg,0,benign,colonn3949,colon_n,163,412
train,colon_n/colonn395.jpeg,0,benign,colonn395,colon_n,177,426
train,colon_n/colonn3950.jpeg,0,benign,colonn3950,colon_n,163,412
train,colon_n/colonn3951.jpeg,0,benign,colonn3951,colon_n,34,283
train,colon_n/colonn3952.jpeg,0,benign,colonn3952,colon_n,43,292
train,colon_n/colonn3954.jpeg,0,benign,colonn3954,colon_n,26,275
train,colon_n/colonn3956.jpeg,0,benign,colonn3956,colon_n,83,332
train,colon_n/colonn3958.jpeg,0,benign,colonn3958,colon_n,246,495
train,colon_n/colonn3959.jpeg,0,benign,colonn3959,colon_n,129,378
train,colon_n/colonn3960.jpeg,0,benign,colonn3960,colon_n,174,423
train,colon_n/colonn3961.jpeg,0,benign,colonn3961,colon_n,35,284
train,colon_n/colonn3962.jpeg,0,benign,colonn3962,colon_n,35,284
train,colon_n/colonn3963.jpeg,0,benign,colonn3963,colon_n,251,500
train,colon_n/colonn3964.jpeg,0,benign,colonn3964,colon_n,199,448
train,colon_n/colonn3965.jpeg,0,benign,colonn3965,colon_n,157,406
train,colon_n/colonn3966.jpeg,0,benign,colonn3966,colon_n,220,469
train,colon_n/colonn3967.jpeg,0,benign,colonn3967,colon_n,151,400
train,colon_n/colonn3968.jpeg,0,benign,colonn3968,colon_n,134,383
train,colon_n/colonn397.jpeg,0,benign,colonn397,colon_n,164,413
train,colon_n/colonn3970.jpeg,0,benign,colonn3970,colon_n,46,295
train,colon_n/colonn3972.jpeg,0,benign,colonn3972,colon_n,128,377
train,colon_n/colonn3973.jpeg,0,benign,colonn3973,colon_n,80,329
train,colon_n/colonn3974.jpeg,0,benign,colonn3974,colon_n,105,354
train,colon_n/colonn3975.jpeg,0,benign,colonn3975,colon_n,105,354
train,colon_n/colonn3977.jpeg,0,benign,colonn3977,colon_n,85,334
train,colon_n/colonn3978.jpeg,0,benign,colonn3978,colon_n,85,334
train,colon_n/colonn3979.jpeg,0,benign,colonn3979,colon_n,156,405
train,colon_n/colonn398.jpeg,0,benign,colonn398,colon_n,128,377
train,colon_n/colonn3980.jpeg,0,benign,colonn3980,colon_n,149,398
train,colon_n/colonn3981.jpeg,0,benign,colonn3981,colon_n,7,256
train,colon_n/colonn3982.jpeg,0,benign,colonn3982,colon_n,23,272
train,colon_n/colonn3983.jpeg,0,benign,colonn3983,colon_n,27,276
train,colon_n/colonn3984.jpeg,0,benign,colonn3984,colon_n,8,257
train,colon_n/colonn3985.jpeg,0,benign,colonn3985,colon_n,109,358
train,colon_n/colonn3986.jpeg,0,benign,colonn3986,colon_n,3,252
train,colon_n/colonn3987.jpeg,0,benign,colonn3987,colon_n,139,388
train,colon_n/colonn3988.jpeg,0,benign,colonn3988,colon_n,54,303
train,colon_n/colonn3989.jpeg,0,benign,colonn3989,colon_n,65,314
train,colon_n/colonn399.jpeg,0,benign,colonn399,colon_n,211,460
train,colon_n/colonn3990.jpeg,0,benign,colonn3990,colon_n,12,261
train,colon_n/colonn3991.jpeg,0,benign,colonn3991,colon_n,12,261
train,colon_n/colonn3992.jpeg,0,benign,colonn3992,colon_n,28,277
train,colon_n/colonn3994.jpeg,0,benign,colonn3994,colon_n,31,280
train,colon_n/colonn3995.jpeg,0,benign,colonn3995,colon_n,130,379
train,colon_n/colonn3996.jpeg,0,benign,colonn3996,colon_n,163,412
train,colon_n/colonn3998.jpeg,0,benign,colonn3998,colon_n,43,292
train,colon_n/colonn4.jpeg,0,benign,colonn4,colon_n,70,319
train,colon_n/colonn40.jpeg,0,benign,colonn40,colon_n,142,391
train,colon_n/colonn4001.jpeg,0,benign,colonn4001,colon_n,40,289
train,colon_n/colonn4003.jpeg,0,benign,colonn4003,colon_n,153,402
train,colon_n/colonn4004.jpeg,0,benign,colonn4004,colon_n,238,487
train,colon_n/colonn4005.jpeg,0,benign,colonn4005,colon_n,26,275
train,colon_n/colonn4007.jpeg,0,benign,colonn4007,colon_n,0,249
train,colon_n/colonn4009.jpeg,0,benign,colonn4009,colon_n,194,443
train,colon_n/colonn401.jpeg,0,benign,colonn401,colon_n,110,359
train,colon_n/colonn4011.jpeg,0,benign,colonn4011,colon_n,232,481
train,colon_n/colonn4012.jpeg,0,benign,colonn4012,colon_n,44,293
train,colon_n/colonn4015.jpeg,0,benign,colonn4015,colon_n,88,337
train,colon_n/colonn4016.jpeg,0,benign,colonn4016,colon_n,58,307
train,colon_n/colonn4018.jpeg,0,benign,colonn4018,colon_n,152,401
train,colon_n/colonn4021.jpeg,0,benign,colonn4021,colon_n,250,499
train,colon_n/colonn4022.jpeg,0,benign,colonn4022,colon_n,98,347
train,colon_n/colonn4023.jpeg,0,benign,colonn4023,colon_n,98,347
train,colon_n/colonn4027.jpeg,0,benign,colonn4027,colon_n,121,370
train,colon_n/colonn4028.jpeg,0,benign,colonn4028,colon_n,128,377
train,colon_n/colonn403.jpeg,0,benign,colonn403,colon_n,7,256
train,colon_n/colonn4032.jpeg,0,benign,colonn4032,colon_n,80,329
train,colon_n/colonn4034.jpeg,0,benign,colonn4034,colon_n,105,354
train,colon_n/colonn4035.jpeg,0,benign,colonn4035,colon_n,105,354
train,colon_n/colonn4036.jpeg,0,benign,colonn4036,colon_n,85,334
train,colon_n/colonn4037.jpeg,0,benign,colonn4037,colon_n,85,334
train,colon_n/colonn4038.jpeg,0,benign,colonn4038,colon_n,85,334
train,colon_n/colonn404.jpeg,0,benign,colonn404,colon_n,145,394
train,colon_n/colonn4042.jpeg,0,benign,colonn4042,colon_n,123,372
train,colon_n/colonn4043.jpeg,0,benign,colonn4043,colon_n,23,272
train,colon_n/colonn4044.jpeg,0,benign,colonn4044,colon_n,23,272
train,colon_n/colonn4045.jpeg,0,benign,colonn4045,colon_n,212,461
train,colon_n/colonn4046.jpeg,0,benign,colonn4046,colon_n,23,272
train,colon_n/colonn4047.jpeg,0,benign,colonn4047,colon_n,236,485
train,colon_n/colonn4048.jpeg,0,benign,colonn4048,colon_n,195,444
train,colon_n/colonn405.jpeg,0,benign,colonn405,colon_n,145,394
train,colon_n/colonn4050.jpeg,0,benign,colonn4050,colon_n,115,364
train,colon_n/colonn4051.jpeg,0,benign,colonn4051,colon_n,92,341
train,colon_n/colonn4052.jpeg,0,benign,colonn4052,colon_n,3,252
train,colon_n/colonn4053.jpeg,0,benign,colonn4053,colon_n,217,466
train,colon_n/colonn4054.jpeg,0,benign,colonn4054,colon_n,71,320
train,colon_n/colonn4055.jpeg,0,benign,colonn4055,colon_n,48,297
train,colon_n/colonn4056.jpeg,0,benign,colonn4056,colon_n,48,297
train,colon_n/colonn4058.jpeg,0,benign,colonn4058,colon_n,39,288
train,colon_n/colonn4059.jpeg,0,benign,colonn4059,colon_n,95,344
train,colon_n/colonn4060.jpeg,0,benign,colonn4060,colon_n,78,327
train,colon_n/colonn4061.jpeg,0,benign,colonn4061,colon_n,205,454
train,colon_n/colonn4062.jpeg,0,benign,colonn4062,colon_n,31,280
train,colon_n/colonn4063.jpeg,0,benign,colonn4063,colon_n,87,336
train,colon_n/colonn4064.jpeg,0,benign,colonn4064,colon_n,5,254
train,colon_n/colonn4065.jpeg,0,benign,colonn4065,colon_n,34,283
train,colon_n/colonn4066.jpeg,0,benign,colonn4066,colon_n,11,260
train,colon_n/colonn4071.jpeg,0,benign,colonn4071,colon_n,29,278
train,colon_n/colonn4072.jpeg,0,benign,colonn4072,colon_n,161,410
train,colon_n/colonn4075.jpeg,0,benign,colonn4075,colon_n,203,452
train,colon_n/colonn4076.jpeg,0,benign,colonn4076,colon_n,246,495
train,colon_n/colonn4077.jpeg,0,benign,colonn4077,colon_n,129,378
train,colon_n/colonn4078.jpeg,0,benign,colonn4078,colon_n,58,307
train,colon_n/colonn408.jpeg,0,benign,colonn408,colon_n,212,461
train,colon_n/colonn4080.jpeg,0,benign,colonn4080,colon_n,183,432
train,colon_n/colonn4081.jpeg,0,benign,colonn4081,colon_n,91,340
train,colon_n/colonn4082.jpeg,0,benign,colonn4082,colon_n,215,464
train,colon_n/colonn4083.jpeg,0,benign,colonn4083,colon_n,32,281
train,colon_n/colonn4084.jpeg,0,benign,colonn4084,colon_n,51,300
train,colon_n/colonn4085.jpeg,0,benign,colonn4085,colon_n,157,406
train,colon_n/colonn4086.jpeg,0,benign,colonn4086,colon_n,220,469
train,colon_n/colonn4087.jpeg,0,benign,colonn4087,colon_n,226,475
train,colon_n/colonn4088.jpeg,0,benign,colonn4088,colon_n,98,347
train,colon_n/colonn4089.jpeg,0,benign,colonn4089,colon_n,134,383
train,colon_n/colonn409.jpeg,0,benign,colonn409,colon_n,212,461
train,colon_n/colonn4090.jpeg,0,benign,colonn4090,colon_n,147,396
train,colon_n/colonn4092.jpeg,0,benign,colonn4092,colon_n,248,497
train,colon_n/colonn4094.jpeg,0,benign,colonn4094,colon_n,105,354
train,colon_n/colonn4096.jpeg,0,benign,colonn4096,colon_n,212,461
train,colon_n/colonn4097.jpeg,0,benign,colonn4097,colon_n,171,420
train,colon_n/colonn4098.jpeg,0,benign,colonn4098,colon_n,171,420
train,colon_n/colonn4099.jpeg,0,benign,colonn4099,colon_n,171,420
train,colon_n/colonn41.jpeg,0,benign,colonn41,colon_n,219,468
train,colon_n/colonn410.jpeg,0,benign,colonn410,colon_n,218,467
train,colon_n/colonn4102.jpeg,0,benign,colonn4102,colon_n,42,291
train,colon_n/colonn4103.jpeg,0,benign,colonn4103,colon_n,92,341
train,colon_n/colonn4105.jpeg,0,benign,colonn4105,colon_n,217,466
train,colon_n/colonn4106.jpeg,0,benign,colonn4106,colon_n,158,407
train,colon_n/colonn4107.jpeg,0,benign,colonn4107,colon_n,133,382
train,colon_n/colonn4109.jpeg,0,benign,colonn4109,colon_n,41,290
train,colon_n/colonn411.jpeg,0,benign,colonn411,colon_n,113,362
train,colon_n/colonn4110.jpeg,0,benign,colonn4110,colon_n,41,290
train,colon_n/colonn4111.jpeg,0,benign,colonn4111,colon_n,12,261
train,colon_n/colonn4113.jpeg,0,benign,colonn4113,colon_n,205,454
train,colon_n/colonn4114.jpeg,0,benign,colonn4114,colon_n,130,379
train,colon_n/colonn4115.jpeg,0,benign,colonn4115,colon_n,130,379
train,colon_n/colonn4117.jpeg,0,benign,colonn4117,colon_n,34,283
train,colon_n/colonn4118.jpeg,0,benign,colonn4118,colon_n,34,283
train,colon_n/colonn4119.jpeg,0,benign,colonn4119,colon_n,50,299
train,colon_n/colonn4120.jpeg,0,benign,colonn4120,colon_n,185,434
train,colon_n/colonn4121.jpeg,0,benign,colonn4121,colon_n,161,410
train,colon_n/colonn4122.jpeg,0,benign,colonn4122,colon_n,238,487
train,colon_n/colonn4123.jpeg,0,benign,colonn4123,colon_n,26,275
train,colon_n/colonn4124.jpeg,0,benign,colonn4124,colon_n,53,302
train,colon_n/colonn4125.jpeg,0,benign,colonn4125,colon_n,155,404
train,colon_n/colonn4126.jpeg,0,benign,colonn4126,colon_n,0,249
train,colon_n/colonn4127.jpeg,0,benign,colonn4127,colon_n,0,249
train,colon_n/colonn4129.jpeg,0,benign,colonn4129,colon_n,235,484
train,colon_n/colonn4132.jpeg,0,benign,colonn4132,colon_n,129,378
train,colon_n/colonn4133.jpeg,0,benign,colonn4133,colon_n,174,423
train,colon_n/colonn4134.jpeg,0,benign,colonn4134,colon_n,174,423
train,colon_n/colonn4136.jpeg,0,benign,colonn4136,colon_n,124,373
train,colon_n/colonn4137.jpeg,0,benign,colonn4137,colon_n,99,348
train,colon_n/colonn4138.jpeg,0,benign,colonn4138,colon_n,99,348
train,colon_n/colonn4139.jpeg,0,benign,colonn4139,colon_n,160,409
train,colon_n/colonn414.jpeg,0,benign,colonn414,colon_n,207,456
train,colon_n/colonn4140.jpeg,0,benign,colonn4140,colon_n,157,406
train,colon_n/colonn4141.jpeg,0,benign,colonn4141,colon_n,226,475
train,colon_n/colonn4142.jpeg,0,benign,colonn4142,colon_n,189,438
train,colon_n/colonn4144.jpeg,0,benign,colonn4144,colon_n,121,370
train,colon_n/colonn4145.jpeg,0,benign,colonn4145,colon_n,211,460
train,colon_n/colonn4146.jpeg,0,benign,colonn4146,colon_n,81,330
train,colon_n/colonn4149.jpeg,0,benign,colonn4149,colon_n,85,334
train,colon_n/colonn4150.jpeg,0,benign,colonn4150,colon_n,180,429
train,colon_n/colonn4151.jpeg,0,benign,colonn4151,colon_n,13,262
train,colon_n/colonn4152.jpeg,0,benign,colonn4152,colon_n,20,269
train,colon_n/colonn4154.jpeg,0,benign,colonn4154,colon_n,23,272
train,colon_n/colonn4155.jpeg,0,benign,colonn4155,colon_n,236,485
train,colon_n/colonn416.jpeg,0,benign,colonn416,colon_n,41,290
train,colon_n/colonn4161.jpeg,0,benign,colonn4161,colon_n,93,342
train,colon_n/colonn4162.jpeg,0,benign,colonn4162,colon_n,133,382
train,colon_n/colonn4163.jpeg,0,benign,colonn4163,colon_n,133,382
train,colon_n/colonn4166.jpeg,0,benign,colonn4166,colon_n,179,428
train,colon_n/colonn4167.jpeg,0,benign,colonn4167,colon_n,179,428
train,colon_n/colonn4168.jpeg,0,benign,colonn4168,colon_n,95,344
train,colon_n/colonn4169.jpeg,0,benign,colonn4169,colon_n,166,415
train,colon_n/colonn417.jpeg,0,benign,colonn417,colon_n,4,253
train,colon_n/colonn4170.jpeg,0,benign,colonn4170,colon_n,31,280
train,colon_n/colonn4171.jpeg,0,benign,colonn4171,colon_n,87,336
train,colon_n/colonn4172.jpeg,0,benign,colonn4172,colon_n,87,336
train,colon_n/colonn4173.jpeg,0,benign,colonn4173,colon_n,163,412
train,colon_n/colonn4174.jpeg,0,benign,colonn4174,colon_n,43,292
train,colon_n/colonn4176.jpeg,0,benign,colonn4176,colon_n,185,434
train,colon_n/colonn4177.jpeg,0,benign,colonn4177,colon_n,153,402
train,colon_n/colonn4178.jpeg,0,benign,colonn4178,colon_n,153,402
train,colon_n/colonn4179.jpeg,0,benign,colonn4179,colon_n,238,487
train,colon_n/colonn418.jpeg,0,benign,colonn418,colon_n,95,344
train,colon_n/colonn4180.jpeg,0,benign,colonn4180,colon_n,169,418
train,colon_n/colonn4182.jpeg,0,benign,colonn4182,colon_n,100,349
train,colon_n/colonn4184.jpeg,0,benign,colonn4184,colon_n,184,433
train,colon_n/colonn4185.jpeg,0,benign,colonn4185,colon_n,184,433
train,colon_n/colonn4187.jpeg,0,benign,colonn4187,colon_n,44,293
train,colon_n/colonn4188.jpeg,0,benign,colonn4188,colon_n,103,352
train,colon_n/colonn4189.jpeg,0,benign,colonn4189,colon_n,246,495
train,colon_n/colonn419.jpeg,0,benign,colonn419,colon_n,59,308
train,colon_n/colonn4190.jpeg,0,benign,colonn4190,colon_n,129,378
train,colon_n/colonn4192.jpeg,0,benign,colonn4192,colon_n,191,440
train,colon_n/colonn4193.jpeg,0,benign,colonn4193,colon_n,191,440
train,colon_n/colonn4194.jpeg,0,benign,colonn4194,colon_n,183,432
train,colon_n/colonn4195.jpeg,0,benign,colonn4195,colon_n,250,499
train,colon_n/colonn4197.jpeg,0,benign,colonn4197,colon_n,226,475
train,colon_n/colonn4198.jpeg,0,benign,colonn4198,colon_n,98,347
train,colon_n/colonn4199.jpeg,0,benign,colonn4199,colon_n,1,250
train,colon_n/colonn42.jpeg,0,benign,colonn42,colon_n,7,256
train,colon_n/colonn420.jpeg,0,benign,colonn420,colon_n,50,299
train,colon_n/colonn4201.jpeg,0,benign,colonn4201,colon_n,2,251
train,colon_n/colonn4202.jpeg,0,benign,colonn4202,colon_n,233,482
train,colon_n/colonn4203.jpeg,0,benign,colonn4203,colon_n,121,370
train,colon_n/colonn4206.jpeg,0,benign,colonn4206,colon_n,164,413
train,colon_n/colonn4208.jpeg,0,benign,colonn4208,colon_n,22,271
train,colon_n/colonn4209.jpeg,0,benign,colonn4209,colon_n,22,271
train,colon_n/colonn421.jpeg,0,benign,colonn421,colon_n,50,299
train,colon_n/colonn4210.jpeg,0,benign,colonn4210,colon_n,116,365
train,colon_n/colonn4211.jpeg,0,benign,colonn4211,colon_n,23,272
train,colon_n/colonn4214.jpeg,0,benign,colonn4214,colon_n,92,341
train,colon_n/colonn4215.jpeg,0,benign,colonn4215,colon_n,74,323
train,colon_n/colonn4218.jpeg,0,benign,colonn4218,colon_n,48,297
train,colon_n/colonn4219.jpeg,0,benign,colonn4219,colon_n,47,296
train,colon_n/colonn4220.jpeg,0,benign,colonn4220,colon_n,47,296
train,colon_n/colonn4221.jpeg,0,benign,colonn4221,colon_n,47,296
train,colon_n/colonn4222.jpeg,0,benign,colonn4222,colon_n,158,407
train,colon_n/colonn4223.jpeg,0,benign,colonn4223,colon_n,65,314
train,colon_n/colonn4224.jpeg,0,benign,colonn4224,colon_n,213,462
train,colon_n/colonn4225.jpeg,0,benign,colonn4225,colon_n,39,288
train,colon_n/colonn4226.jpeg,0,benign,colonn4226,colon_n,39,288
train,colon_n/colonn4227.jpeg,0,benign,colonn4227,colon_n,102,351
train,colon_n/colonn4228.jpeg,0,benign,colonn4228,colon_n,102,351
train,colon_n/colonn4229.jpeg,0,benign,colonn4229,colon_n,163,412
train,colon_n/colonn4230.jpeg,0,benign,colonn4230,colon_n,34,283
train,colon_n/colonn4231.jpeg,0,benign,colonn4231,colon_n,34,283
train,colon_n/colonn4233.jpeg,0,benign,colonn4233,colon_n,37,286
train,colon_n/colonn4237.jpeg,0,benign,colonn4237,colon_n,153,402
train,colon_n/colonn4238.jpeg,0,benign,colonn4238,colon_n,53,302
train,colon_n/colonn424.jpeg,0,benign,colonn424,colon_n,64,313
train,colon_n/colonn4240.jpeg,0,benign,colonn4240,colon_n,184,433
train,colon_n/colonn4241.jpeg,0,benign,colonn4241,colon_n,119,368
train,colon_n/colonn4242.jpeg,0,benign,colonn4242,colon_n,119,368
train,colon_n/colonn4243.jpeg,0,benign,colonn4243,colon_n,61,310
train,colon_n/colonn4244.jpeg,0,benign,colonn4244,colon_n,61,310
train,colon_n/colonn4245.jpeg,0,benign,colonn4245,colon_n,44,293
train,colon_n/colonn4246.jpeg,0,benign,colonn4246,colon_n,52,301
train,colon_n/colonn4247.jpeg,0,benign,colonn4247,colon_n,88,337
train,colon_n/colonn4248.jpeg,0,benign,colonn4248,colon_n,237,486
train,colon_n/colonn4249.jpeg,0,benign,colonn4249,colon_n,129,378
train,colon_n/colonn425.jpeg,0,benign,colonn425,colon_n,204,453
train,colon_n/colonn4251.jpeg,0,benign,colonn4251,colon_n,183,432
train,colon_n/colonn4252.jpeg,0,benign,colonn4252,colon_n,199,448
train,colon_n/colonn4253.jpeg,0,benign,colonn4253,colon_n,187,436
train,colon_n/colonn4254.jpeg,0,benign,colonn4254,colon_n,51,300
train,colon_n/colonn4255.jpeg,0,benign,colonn4255,colon_n,147,396
train,colon_n/colonn4256.jpeg,0,benign,colonn4256,colon_n,233,482
train,colon_n/colonn4257.jpeg,0,benign,colonn4257,colon_n,46,295
train,colon_n/colonn4258.jpeg,0,benign,colonn4258,colon_n,63,312
train,colon_n/colonn426.jpeg,0,benign,colonn426,colon_n,204,453
train,colon_n/colonn4260.jpeg,0,benign,colonn4260,colon_n,227,476
train,colon_n/colonn4262.jpeg,0,benign,colonn4262,colon_n,80,329
train,colon_n/colonn4263.jpeg,0,benign,colonn4263,colon_n,80,329
train,colon_n/colonn4264.jpeg,0,benign,colonn4264,colon_n,80,329
train,colon_n/colonn4266.jpeg,0,benign,colonn4266,colon_n,142,391
train,colon_n/colonn4268.jpeg,0,benign,colonn4268,colon_n,22,271
train,colon_n/colonn4269.jpeg,0,benign,colonn4269,colon_n,13,262
train,colon_n/colonn427.jpeg,0,benign,colonn427,colon_n,161,410
train,colon_n/colonn4270.jpeg,0,benign,colonn4270,colon_n,27,276
train,colon_n/colonn4271.jpeg,0,benign,colonn4271,colon_n,193,442
train,colon_n/colonn4272.jpeg,0,benign,colonn4272,colon_n,17,266
train,colon_n/colonn4273.jpeg,0,benign,colonn4273,colon_n,56,305
train,colon_n/colonn4274.jpeg,0,benign,colonn4274,colon_n,135,384
train,colon_n/colonn4275.jpeg,0,benign,colonn4275,colon_n,42,291
train,colon_n/colonn4278.jpeg,0,benign,colonn4278,colon_n,104,353
train,colon_n/colonn4279.jpeg,0,benign,colonn4279,colon_n,139,388
train,colon_n/colonn428.jpeg,0,benign,colonn428,colon_n,100,349
train,colon_n/colonn4280.jpeg,0,benign,colonn4280,colon_n,210,459
train,colon_n/colonn4281.jpeg,0,benign,colonn4281,colon_n,210,459
train,colon_n/colonn4282.jpeg,0,benign,colonn4282,colon_n,158,407
train,colon_n/colonn4284.jpeg,0,benign,colonn4284,colon_n,12,261
train,colon_n/colonn4286.jpeg,0,benign,colonn4286,colon_n,39,288
train,colon_n/colonn4287.jpeg,0,benign,colonn4287,colon_n,102,351
train,colon_n/colonn4288.jpeg,0,benign,colonn4288,colon_n,166,415
train,colon_n/colonn429.jpeg,0,benign,colonn429,colon_n,53,302
train,colon_n/colonn4290.jpeg,0,benign,colonn4290,colon_n,78,327
train,colon_n/colonn4291.jpeg,0,benign,colonn4291,colon_n,87,336
train,colon_n/colonn4293.jpeg,0,benign,colonn4293,colon_n,106,355
train,colon_n/colonn4294.jpeg,0,benign,colonn4294,colon_n,5,254
train,colon_n/colonn4295.jpeg,0,benign,colonn4295,colon_n,50,299
train,colon_n/colonn4296.jpeg,0,benign,colonn4296,colon_n,49,298
train,colon_n/colonn4298.jpeg,0,benign,colonn4298,colon_n,40,289
train,colon_n/colonn4299.jpeg,0,benign,colonn4299,colon_n,40,289
train,colon_n/colonn43.jpeg,0,benign,colonn43,colon_n,116,365
train,colon_n/colonn430.jpeg,0,benign,colonn430,colon_n,184,433
train,colon_n/colonn4300.jpeg,0,benign,colonn4300,colon_n,11,260
train,colon_n/colonn4301.jpeg,0,benign,colonn4301,colon_n,214,463
train,colon_n/colonn4302.jpeg,0,benign,colonn4302,colon_n,26,275
train,colon_n/colonn4305.jpeg,0,benign,colonn4305,colon_n,119,368
train,colon_n/colonn4306.jpeg,0,benign,colonn4306,colon_n,61,310
train,colon_n/colonn4307.jpeg,0,benign,colonn4307,colon_n,61,310
train,colon_n/colonn4309.jpeg,0,benign,colonn4309,colon_n,232,481
train,colon_n/colonn4310.jpeg,0,benign,colonn4310,colon_n,176,425
train,colon_n/colonn4312.jpeg,0,benign,colonn4312,colon_n,174,423
train,colon_n/colonn4313.jpeg,0,benign,colonn4313,colon_n,251,500
train,colon_n/colonn4315.jpeg,0,benign,colonn4315,colon_n,99,348
train,colon_n/colonn4316.jpeg,0,benign,colonn4316,colon_n,51,300
train,colon_n/colonn4317.jpeg,0,benign,colonn4317,colon_n,46,295
train,colon_n/colonn4318.jpeg,0,benign,colonn4318,colon_n,121,370
train,colon_n/colonn4319.jpeg,0,benign,colonn4319,colon_n,63,312
train,colon_n/colonn4321.jpeg,0,benign,colonn4321,colon_n,105,354
train,colon_n/colonn4323.jpeg,0,benign,colonn4323,colon_n,180,429
train,colon_n/colonn4324.jpeg,0,benign,colonn4324,colon_n,7,256
train,colon_n/colonn4325.jpeg,0,benign,colonn4325,colon_n,7,256
train,colon_n/colonn4326.jpeg,0,benign,colonn4326,colon_n,20,269
train,colon_n/colonn4328.jpeg,0,benign,colonn4328,colon_n,23,272
train,colon_n/colonn4329.jpeg,0,benign,colonn4329,colon_n,8,257
train,colon_n/colonn433.jpeg,0,benign,colonn433,colon_n,61,310
train,colon_n/colonn4330.jpeg,0,benign,colonn4330,colon_n,109,358
train,colon_n/colonn4331.jpeg,0,benign,colonn4331,colon_n,115,364
train,colon_n/colonn4332.jpeg,0,benign,colonn4332,colon_n,104,353
train,colon_n/colonn4333.jpeg,0,benign,colonn4333,colon_n,71,320
train,colon_n/colonn4334.jpeg,0,benign,colonn4334,colon_n,139,388
train,colon_n/colonn4335.jpeg,0,benign,colonn4335,colon_n,158,407
train,colon_n/colonn4341.jpeg,0,benign,colonn4341,colon_n,28,277
train,colon_n/colonn4342.jpeg,0,benign,colonn4342,colon_n,87,336
train,colon_n/colonn4343.jpeg,0,benign,colonn4343,colon_n,14,263
train,colon_n/colonn4344.jpeg,0,benign,colonn4344,colon_n,5,254
train,colon_n/colonn4347.jpeg,0,benign,colonn4347,colon_n,37,286
train,colon_n/colonn435.jpeg,0,benign,colonn435,colon_n,232,481
train,colon_n/colonn4350.jpeg,0,benign,colonn4350,colon_n,118,367
train,colon_n/colonn4351.jpeg,0,benign,colonn4351,colon_n,29,278
train,colon_n/colonn4352.jpeg,0,benign,colonn4352,colon_n,53,302
train,colon_n/colonn4353.jpeg,0,benign,colonn4353,colon_n,222,471
train,colon_n/colonn4354.jpeg,0,benign,colonn4354,colon_n,155,404
train,colon_n/colonn4355.jpeg,0,benign,colonn4355,colon_n,188,437
train,colon_n/colonn4357.jpeg,0,benign,colonn4357,colon_n,194,443
train,colon_n/colonn4358.jpeg,0,benign,colonn4358,colon_n,44,293
train,colon_n/colonn4359.jpeg,0,benign,colonn4359,colon_n,103,352
train,colon_n/colonn436.jpeg,0,benign,colonn436,colon_n,103,352
train,colon_n/colonn4360.jpeg,0,benign,colonn4360,colon_n,35,284
train,colon_n/colonn4361.jpeg,0,benign,colonn4361,colon_n,191,440
train,colon_n/colonn4363.jpeg,0,benign,colonn4363,colon_n,183,432
train,colon_n/colonn4364.jpeg,0,benign,colonn4364,colon_n,199,448
train,colon_n/colonn4367.jpeg,0,benign,colonn4367,colon_n,32,281
train,colon_n/colonn4369.jpeg,0,benign,colonn4369,colon_n,98,347
train,colon_n/colonn437.jpeg,0,benign,colonn437,colon_n,52,301
train,colon_n/colonn4370.jpeg,0,benign,colonn4370,colon_n,98,347
train,colon_n/colonn4371.jpeg,0,benign,colonn4371,colon_n,98,347
train,colon_n/colonn4372.jpeg,0,benign,colonn4372,colon_n,1,250
train,colon_n/colonn4374.jpeg,0,benign,colonn4374,colon_n,2,251
train,colon_n/colonn4375.jpeg,0,benign,colonn4375,colon_n,239,488
train,colon_n/colonn4377.jpeg,0,benign,colonn4377,colon_n,121,370
train,colon_n/colonn4379.jpeg,0,benign,colonn4379,colon_n,81,330
train,colon_n/colonn4380.jpeg,0,benign,colonn4380,colon_n,7,256
train,colon_n/colonn4381.jpeg,0,benign,colonn4381,colon_n,22,271
train,colon_n/colonn4382.jpeg,0,benign,colonn4382,colon_n,116,365
train,colon_n/colonn4383.jpeg,0,benign,colonn4383,colon_n,13,262
train,colon_n/colonn4384.jpeg,0,benign,colonn4384,colon_n,109,358
train,colon_n/colonn4385.jpeg,0,benign,colonn4385,colon_n,171,420
train,colon_n/colonn4386.jpeg,0,benign,colonn4386,colon_n,135,384
train,colon_n/colonn4387.jpeg,0,benign,colonn4387,colon_n,3,252
train,colon_n/colonn4388.jpeg,0,benign,colonn4388,colon_n,202,451
train,colon_n/colonn439.jpeg,0,benign,colonn439,colon_n,237,486
train,colon_n/colonn4390.jpeg,0,benign,colonn4390,colon_n,48,297
train,colon_n/colonn4391.jpeg,0,benign,colonn4391,colon_n,48,297
train,colon_n/colonn4392.jpeg,0,benign,colonn4392,colon_n,41,290
train,colon_n/colonn4393.jpeg,0,benign,colonn4393,colon_n,21,270
train,colon_n/colonn4394.jpeg,0,benign,colonn4394,colon_n,213,462
train,colon_n/colonn4395.jpeg,0,benign,colonn4395,colon_n,77,326
train,colon_n/colonn4396.jpeg,0,benign,colonn4396,colon_n,4,253
train,colon_n/colonn4397.jpeg,0,benign,colonn4397,colon_n,39,288
train,colon_n/colonn4398.jpeg,0,benign,colonn4398,colon_n,102,351
train,colon_n/colonn4399.jpeg,0,benign,colonn4399,colon_n,28,277
train,colon_n/colonn44.jpeg,0,benign,colonn44,colon_n,27,276
train,colon_n/colonn440.jpeg,0,benign,colonn440,colon_n,237,486
train,colon_n/colonn4400.jpeg,0,benign,colonn4400,colon_n,78,327
train,colon_n/colonn4401.jpeg,0,benign,colonn4401,colon_n,87,336
train,colon_n/colonn4402.jpeg,0,benign,colonn4402,colon_n,5,254
train,colon_n/colonn4403.jpeg,0,benign,colonn4403,colon_n,5,254
train,colon_n/colonn4404.jpeg,0,benign,colonn4404,colon_n,34,283
train,colon_n/colonn4405.jpeg,0,benign,colonn4405,colon_n,43,292
train,colon_n/colonn4408.jpeg,0,benign,colonn4408,colon_n,64,313
train,colon_n/colonn4409.jpeg,0,benign,colonn4409,colon_n,185,434
train,colon_n/colonn4410.jpeg,0,benign,colonn4410,colon_n,185,434
train,colon_n/colonn4411.jpeg,0,benign,colonn4411,colon_n,153,402
train,colon_n/colonn4412.jpeg,0,benign,colonn4412,colon_n,53,302
train,colon_n/colonn4414.jpeg,0,benign,colonn4414,colon_n,222,471
train,colon_n/colonn4416.jpeg,0,benign,colonn4416,colon_n,119,368
train,colon_n/colonn4417.jpeg,0,benign,colonn4417,colon_n,194,443
train,colon_n/colonn4419.jpeg,0,benign,colonn4419,colon_n,44,293
train,colon_n/colonn442.jpeg,0,benign,colonn442,colon_n,35,284
train,colon_n/colonn4421.jpeg,0,benign,colonn4421,colon_n,88,337
train,colon_n/colonn4422.jpeg,0,benign,colonn4422,colon_n,237,486
train,colon_n/colonn4424.jpeg,0,benign,colonn4424,colon_n,251,500
train,colon_n/colonn4425.jpeg,0,benign,colonn4425,colon_n,76,325
train,colon_n/colonn4426.jpeg,0,benign,colonn4426,colon_n,183,432
train,colon_n/colonn4427.jpeg,0,benign,colonn4427,colon_n,199,448
train,colon_n/colonn4428.jpeg,0,benign,colonn4428,colon_n,160,409
train,colon_n/colonn4429.jpeg,0,benign,colonn4429,colon_n,151,400
train,colon_n/colonn443.jpeg,0,benign,colonn443,colon_n,35,284
train,colon_n/colonn4431.jpeg,0,benign,colonn4431,colon_n,2,251
train,colon_n/colonn4432.jpeg,0,benign,colonn4432,colon_n,63,312
train,colon_n/colonn4433.jpeg,0,benign,colonn4433,colon_n,141,390
train,colon_n/colonn4435.jpeg,0,benign,colonn4435,colon_n,85,334
train,colon_n/colonn4436.jpeg,0,benign,colonn4436,colon_n,7,256
train,colon_n/colonn4437.jpeg,0,benign,colonn4437,colon_n,149,398
train,colon_n/colonn4438.jpeg,0,benign,colonn4438,colon_n,13,262
train,colon_n/colonn4439.jpeg,0,benign,colonn4439,colon_n,123,372
train,colon_n/colonn4440.jpeg,0,benign,colonn4440,colon_n,23,272
train,colon_n/colonn4443.jpeg,0,benign,colonn4443,colon_n,17,266
train,colon_n/colonn4444.jpeg,0,benign,colonn4444,colon_n,135,384
train,colon_n/colonn4445.jpeg,0,benign,colonn4445,colon_n,115,364
train,colon_n/colonn4446.jpeg,0,benign,colonn4446,colon_n,42,291
train,colon_n/colonn4447.jpeg,0,benign,colonn4447,colon_n,228,477
train,colon_n/colonn4448.jpeg,0,benign,colonn4448,colon_n,104,353
train,colon_n/colonn4449.jpeg,0,benign,colonn4449,colon_n,48,297
train,colon_n/colonn445.jpeg,0,benign,colonn445,colon_n,183,432
train,colon_n/colonn4450.jpeg,0,benign,colonn4450,colon_n,210,459
train,colon_n/colonn4451.jpeg,0,benign,colonn4451,colon_n,133,382
train,colon_n/colonn4452.jpeg,0,benign,colonn4452,colon_n,54,303
train,colon_n/colonn4453.jpeg,0,benign,colonn4453,colon_n,41,290
train,colon_n/colonn4454.jpeg,0,benign,colonn4454,colon_n,12,261
train,colon_n/colonn4458.jpeg,0,benign,colonn4458,colon_n,39,288
train,colon_n/colonn4459.jpeg,0,benign,colonn4459,colon_n,39,288
train,colon_n/colonn446.jpeg,0,benign,colonn446,colon_n,199,448
train,colon_n/colonn4460.jpeg,0,benign,colonn4460,colon_n,39,288
train,colon_n/colonn4461.jpeg,0,benign,colonn4461,colon_n,242,491
train,colon_n/colonn4462.jpeg,0,benign,colonn4462,colon_n,242,491
train,colon_n/colonn4463.jpeg,0,benign,colonn4463,colon_n,59,308
train,colon_n/colonn4465.jpeg,0,benign,colonn4465,colon_n,122,371
train,colon_n/colonn4467.jpeg,0,benign,colonn4467,colon_n,49,298
train,colon_n/colonn4468.jpeg,0,benign,colonn4468,colon_n,11,260
train,colon_n/colonn4470.jpeg,0,benign,colonn4470,colon_n,29,278
train,colon_n/colonn4471.jpeg,0,benign,colonn4471,colon_n,29,278
train,colon_n/colonn4472.jpeg,0,benign,colonn4472,colon_n,169,418
train,colon_n/colonn4475.jpeg,0,benign,colonn4475,colon_n,119,368
train,colon_n/colonn4476.jpeg,0,benign,colonn4476,colon_n,88,337
train,colon_n/colonn4477.jpeg,0,benign,colonn4477,colon_n,174,423
train,colon_n/colonn4478.jpeg,0,benign,colonn4478,colon_n,58,307
train,colon_n/colonn4479.jpeg,0,benign,colonn4479,colon_n,191,440
train,colon_n/colonn448.jpeg,0,benign,colonn448,colon_n,36,285
train,colon_n/colonn4480.jpeg,0,benign,colonn4480,colon_n,152,401
train,colon_n/colonn4481.jpeg,0,benign,colonn4481,colon_n,91,340
train,colon_n/colonn4482.jpeg,0,benign,colonn4482,colon_n,157,406
train,colon_n/colonn4483.jpeg,0,benign,colonn4483,colon_n,151,400
train,colon_n/colonn4488.jpeg,0,benign,colonn4488,colon_n,2,251
train,colon_n/colonn4489.jpeg,0,benign,colonn4489,colon_n,46,295
train,colon_n/colonn449.jpeg,0,benign,colonn449,colon_n,250,499
train,colon_n/colonn4490.jpeg,0,benign,colonn4490,colon_n,121,370
train,colon_n/colonn4491.jpeg,0,benign,colonn4491,colon_n,81,330
train,colon_n/colonn4494.jpeg,0,benign,colonn4494,colon_n,110,359
train,colon_n/colonn4495.jpeg,0,benign,colonn4495,colon_n,110,359
train,colon_n/colonn4496.jpeg,0,benign,colonn4496,colon_n,116,365
train,colon_n/colonn4497.jpeg,0,benign,colonn4497,colon_n,13,262
train,colon_n/colonn4498.jpeg,0,benign,colonn4498,colon_n,145,394
train,colon_n/colonn4499.jpeg,0,benign,colonn4499,colon_n,20,269
train,colon_n/colonn450.jpeg,0,benign,colonn450,colon_n,1,250
train,colon_n/colonn4500.jpeg,0,benign,colonn4500,colon_n,20,269
train,colon_n/colonn4501.jpeg,0,benign,colonn4501,colon_n,20,269
train,colon_n/colonn4502.jpeg,0,benign,colonn4502,colon_n,193,442
train,colon_n/colonn4503.jpeg,0,benign,colonn4503,colon_n,218,467
train,colon_n/colonn4504.jpeg,0,benign,colonn4504,colon_n,42,291
train,colon_n/colonn4505.jpeg,0,benign,colonn4505,colon_n,92,341
train,colon_n/colonn4506.jpeg,0,benign,colonn4506,colon_n,3,252
train,colon_n/colonn4507.jpeg,0,benign,colonn4507,colon_n,74,323
train,colon_n/colonn4508.jpeg,0,benign,colonn4508,colon_n,217,466
train,colon_n/colonn4509.jpeg,0,benign,colonn4509,colon_n,207,456
train,colon_n/colonn451.jpeg,0,benign,colonn451,colon_n,151,400
train,colon_n/colonn4510.jpeg,0,benign,colonn4510,colon_n,104,353
train,colon_n/colonn4511.jpeg,0,benign,colonn4511,colon_n,210,459
train,colon_n/colonn4512.jpeg,0,benign,colonn4512,colon_n,158,407
train,colon_n/colonn4513.jpeg,0,benign,colonn4513,colon_n,133,382
train,colon_n/colonn4517.jpeg,0,benign,colonn4517,colon_n,41,290
train,colon_n/colonn4518.jpeg,0,benign,colonn4518,colon_n,65,314
train,colon_n/colonn4519.jpeg,0,benign,colonn4519,colon_n,213,462
train,colon_n/colonn452.jpeg,0,benign,colonn452,colon_n,134,383
train,colon_n/colonn4520.jpeg,0,benign,colonn4520,colon_n,4,253
train,colon_n/colonn4521.jpeg,0,benign,colonn4521,colon_n,78,327
train,colon_n/colonn4522.jpeg,0,benign,colonn4522,colon_n,78,327
train,colon_n/colonn4523.jpeg,0,benign,colonn4523,colon_n,59,308
train,colon_n/colonn4524.jpeg,0,benign,colonn4524,colon_n,87,336
train,colon_n/colonn4526.jpeg,0,benign,colonn4526,colon_n,43,292
train,colon_n/colonn4527.jpeg,0,benign,colonn4527,colon_n,118,367
train,colon_n/colonn4528.jpeg,0,benign,colonn4528,colon_n,40,289
train,colon_n/colonn4529.jpeg,0,benign,colonn4529,colon_n,185,434
train,colon_n/colonn4533.jpeg,0,benign,colonn4533,colon_n,100,349
train,colon_n/colonn4534.jpeg,0,benign,colonn4534,colon_n,26,275
train,colon_n/colonn4535.jpeg,0,benign,colonn4535,colon_n,222,471
train,colon_n/colonn4536.jpeg,0,benign,colonn4536,colon_n,184,433
train,colon_n/colonn4538.jpeg,0,benign,colonn4538,colon_n,194,443
train,colon_n/colonn4539.jpeg,0,benign,colonn4539,colon_n,167,416
train,colon_n/colonn454.jpeg,0,benign,colonn454,colon_n,239,488
train,colon_n/colonn4540.jpeg,0,benign,colonn4540,colon_n,235,484
train,colon_n/colonn4542.jpeg,0,benign,colonn4542,colon_n,129,378
train,colon_n/colonn4543.jpeg,0,benign,colonn4543,colon_n,76,325
train,colon_n/colonn4544.jpeg,0,benign,colonn4544,colon_n,76,325
train,colon_n/colonn4546.jpeg,0,benign,colonn4546,colon_n,254,503
train,colon_n/colonn4547.jpeg,0,benign,colonn4547,colon_n,215,464
train,colon_n/colonn4548.jpeg,0,benign,colonn4548,colon_n,36,285
train,colon_n/colonn4549.jpeg,0,benign,colonn4549,colon_n,250,499
train,colon_n/colonn455.jpeg,0,benign,colonn455,colon_n,81,330
train,colon_n/colonn4551.jpeg,0,benign,colonn4551,colon_n,98,347
train,colon_n/colonn4553.jpeg,0,benign,colonn4553,colon_n,196,445
train,colon_n/colonn4554.jpeg,0,benign,colonn4554,colon_n,196,445
train,colon_n/colonn4556.jpeg,0,benign,colonn4556,colon_n,121,370
train,colon_n/colonn4557.jpeg,0,benign,colonn4557,colon_n,141,390
train,colon_n/colonn4558.jpeg,0,benign,colonn4558,colon_n,164,413
train,colon_n/colonn4559.jpeg,0,benign,colonn4559,colon_n,107,356
train,colon_n/colonn456.jpeg,0,benign,colonn456,colon_n,105,354
train,colon_n/colonn4560.jpeg,0,benign,colonn4560,colon_n,227,476
train,colon_n/colonn4562.jpeg,0,benign,colonn4562,colon_n,142,391
train,colon_n/colonn4563.jpeg,0,benign,colonn4563,colon_n,85,334
train,colon_n/colonn4566.jpeg,0,benign,colonn4566,colon_n,22,271
train,colon_n/colonn4567.jpeg,0,benign,colonn4567,colon_n,23,272
train,colon_n/colonn4570.jpeg,0,benign,colonn4570,colon_n,195,444
train,colon_n/colonn4572.jpeg,0,benign,colonn4572,colon_n,93,342
train,colon_n/colonn4574.jpeg,0,benign,colonn4574,colon_n,41,290
train,colon_n/colonn4575.jpeg,0,benign,colonn4575,colon_n,65,314
train,colon_n/colonn4577.jpeg,0,benign,colonn4577,colon_n,59,308
train,colon_n/colonn4578.jpeg,0,benign,colonn4578,colon_n,130,379
train,colon_n/colonn4579.jpeg,0,benign,colonn4579,colon_n,14,263
train,colon_n/colonn4580.jpeg,0,benign,colonn4580,colon_n,106,355
train,colon_n/colonn4581.jpeg,0,benign,colonn4581,colon_n,163,412
train,colon_n/colonn4582.jpeg,0,benign,colonn4582,colon_n,122,371
train,colon_n/colonn4583.jpeg,0,benign,colonn4583,colon_n,34,283
train,colon_n/colonn4585.jpeg,0,benign,colonn4585,colon_n,49,298
train,colon_n/colonn4588.jpeg,0,benign,colonn4588,colon_n,185,434
train,colon_n/colonn459.jpeg,0,benign,colonn459,colon_n,180,429
train,colon_n/colonn4590.jpeg,0,benign,colonn4590,colon_n,222,471
train,colon_n/colonn4591.jpeg,0,benign,colonn4591,colon_n,232,481
train,colon_n/colonn4592.jpeg,0,benign,colonn4592,colon_n,176,425
train,colon_n/colonn4594.jpeg,0,benign,colonn4594,colon_n,52,301
train,colon_n/colonn4595.jpeg,0,benign,colonn4595,colon_n,198,447
train,colon_n/colonn4596.jpeg,0,benign,colonn4596,colon_n,94,343
train,colon_n/colonn4597.jpeg,0,benign,colonn4597,colon_n,58,307
train,colon_n/colonn4598.jpeg,0,benign,colonn4598,colon_n,152,401
train,colon_n/colonn4599.jpeg,0,benign,colonn4599,colon_n,215,464
train,colon_n/colonn46.jpeg,0,benign,colonn46,colon_n,193,442
train,colon_n/colonn460.jpeg,0,benign,colonn460,colon_n,180,429
train,colon_n/colonn4600.jpeg,0,benign,colonn4600,colon_n,220,469
train,colon_n/colonn4601.jpeg,0,benign,colonn4601,colon_n,1,250
train,colon_n/colonn4602.jpeg,0,benign,colonn4602,colon_n,151,400
train,colon_n/colonn4606.jpeg,0,benign,colonn4606,colon_n,2,251
train,colon_n/colonn4607.jpeg,0,benign,colonn4607,colon_n,2,251
train,colon_n/colonn4609.jpeg,0,benign,colonn4609,colon_n,121,370
train,colon_n/colonn461.jpeg,0,benign,colonn461,colon_n,7,256
train,colon_n/colonn4610.jpeg,0,benign,colonn4610,colon_n,141,390
train,colon_n/colonn4611.jpeg,0,benign,colonn4611,colon_n,81,330
train,colon_n/colonn4616.jpeg,0,benign,colonn4616,colon_n,85,334
train,colon_n/colonn4617.jpeg,0,benign,colonn4617,colon_n,7,256
train,colon_n/colonn4618.jpeg,0,benign,colonn4618,colon_n,116,365
train,colon_n/colonn4619.jpeg,0,benign,colonn4619,colon_n,13,262
train,colon_n/colonn462.jpeg,0,benign,colonn462,colon_n,212,461
train,colon_n/colonn4620.jpeg,0,benign,colonn4620,colon_n,123,372
train,colon_n/colonn4621.jpeg,0,benign,colonn4621,colon_n,89,338
train,colon_n/colonn4622.jpeg,0,benign,colonn4622,colon_n,23,272
train,colon_n/colonn4623.jpeg,0,benign,colonn4623,colon_n,23,272
train,colon_n/colonn4624.jpeg,0,benign,colonn4624,colon_n,236,485
train,colon_n/colonn4625.jpeg,0,benign,colonn4625,colon_n,171,420
train,colon_n/colonn4626.jpeg,0,benign,colonn4626,colon_n,17,266
train,colon_n/colonn4627.jpeg,0,benign,colonn4627,colon_n,135,384
train,colon_n/colonn4628.jpeg,0,benign,colonn4628,colon_n,207,456
train,colon_n/colonn4629.jpeg,0,benign,colonn4629,colon_n,71,320
train,colon_n/colonn463.jpeg,0,benign,colonn463,colon_n,27,276
train,colon_n/colonn4630.jpeg,0,benign,colonn4630,colon_n,48,297
train,colon_n/colonn4631.jpeg,0,benign,colonn4631,colon_n,48,297
train,colon_n/colonn4632.jpeg,0,benign,colonn4632,colon_n,210,459
train,colon_n/colonn4633.jpeg,0,benign,colonn4633,colon_n,210,459
train,colon_n/colonn4636.jpeg,0,benign,colonn4636,colon_n,21,270
train,colon_n/colonn4637.jpeg,0,benign,colonn4637,colon_n,21,270
train,colon_n/colonn4639.jpeg,0,benign,colonn4639,colon_n,95,344
train,colon_n/colonn464.jpeg,0,benign,colonn464,colon_n,218,467
train,colon_n/colonn4640.jpeg,0,benign,colonn4640,colon_n,95,344
train,colon_n/colonn4641.jpeg,0,benign,colonn4641,colon_n,166,415
train,colon_n/colonn4642.jpeg,0,benign,colonn4642,colon_n,166,415
train,colon_n/colonn4644.jpeg,0,benign,colonn4644,colon_n,130,379
train,colon_n/colonn4646.jpeg,0,benign,colonn4646,colon_n,5,254
train,colon_n/colonn4647.jpeg,0,benign,colonn4647,colon_n,34,283
train,colon_n/colonn4649.jpeg,0,benign,colonn4649,colon_n,43,292
train,colon_n/colonn4651.jpeg,0,benign,colonn4651,colon_n,214,463
train,colon_n/colonn4654.jpeg,0,benign,colonn4654,colon_n,188,437
train,colon_n/colonn4656.jpeg,0,benign,colonn4656,colon_n,44,293
train,colon_n/colonn4659.jpeg,0,benign,colonn4659,colon_n,103,352
train,colon_n/colonn4662.jpeg,0,benign,colonn4662,colon_n,187,436
train,colon_n/colonn4663.jpeg,0,benign,colonn4663,colon_n,187,436
train,colon_n/colonn4664.jpeg,0,benign,colonn4664,colon_n,32,281
train,colon_n/colonn4665.jpeg,0,benign,colonn4665,colon_n,147,396
train,colon_n/colonn4668.jpeg,0,benign,colonn4668,colon_n,46,295
train,colon_n/colonn4669.jpeg,0,benign,colonn4669,colon_n,46,295
train,colon_n/colonn4670.jpeg,0,benign,colonn4670,colon_n,121,370
train,colon_n/colonn4671.jpeg,0,benign,colonn4671,colon_n,107,356
train,colon_n/colonn4672.jpeg,0,benign,colonn4672,colon_n,227,476
train,colon_n/colonn4673.jpeg,0,benign,colonn4673,colon_n,227,476
train,colon_n/colonn4674.jpeg,0,benign,colonn4674,colon_n,227,476
train,colon_n/colonn4675.jpeg,0,benign,colonn4675,colon_n,142,391
train,colon_n/colonn4676.jpeg,0,benign,colonn4676,colon_n,22,271
train,colon_n/colonn4677.jpeg,0,benign,colonn4677,colon_n,149,398
train,colon_n/colonn4678.jpeg,0,benign,colonn4678,colon_n,149,398
train,colon_n/colonn4679.jpeg,0,benign,colonn4679,colon_n,123,372
train,colon_n/colonn468.jpeg,0,benign,colonn468,colon_n,56,305
train,colon_n/colonn4680.jpeg,0,benign,colonn4680,colon_n,145,394
train,colon_n/colonn4681.jpeg,0,benign,colonn4681,colon_n,20,269
train,colon_n/colonn4682.jpeg,0,benign,colonn4682,colon_n,23,272
train,colon_n/colonn4683.jpeg,0,benign,colonn4683,colon_n,27,276
train,colon_n/colonn4684.jpeg,0,benign,colonn4684,colon_n,8,257
train,colon_n/colonn4685.jpeg,0,benign,colonn4685,colon_n,218,467
train,colon_n/colonn4686.jpeg,0,benign,colonn4686,colon_n,17,266
train,colon_n/colonn4688.jpeg,0,benign,colonn4688,colon_n,217,466
train,colon_n/colonn4689.jpeg,0,benign,colonn4689,colon_n,139,388
train,colon_n/colonn469.jpeg,0,benign,colonn469,colon_n,115,364
train,colon_n/colonn4690.jpeg,0,benign,colonn4690,colon_n,179,428
train,colon_n/colonn4691.jpeg,0,benign,colonn4691,colon_n,77,326
train,colon_n/colonn4692.jpeg,0,benign,colonn4692,colon_n,102,351
train,colon_n/colonn4693.jpeg,0,benign,colonn4693,colon_n,205,454
train,colon_n/colonn4695.jpeg,0,benign,colonn4695,colon_n,201,450
train,colon_n/colonn4696.jpeg,0,benign,colonn4696,colon_n,5,254
train,colon_n/colonn4697.jpeg,0,benign,colonn4697,colon_n,163,412
train,colon_n/colonn4698.jpeg,0,benign,colonn4698,colon_n,34,283
train,colon_n/colonn47.jpeg,0,benign,colonn47,colon_n,109,358
train,colon_n/colonn470.jpeg,0,benign,colonn470,colon_n,217,466
train,colon_n/colonn4704.jpeg,0,benign,colonn4704,colon_n,153,402
train,colon_n/colonn4705.jpeg,0,benign,colonn4705,colon_n,53,302
train,colon_n/colonn4707.jpeg,0,benign,colonn4707,colon_n,184,433
train,colon_n/colonn4709.jpeg,0,benign,colonn4709,colon_n,167,416
train,colon_n/colonn471.jpeg,0,benign,colonn471,colon_n,48,297
train,colon_n/colonn4711.jpeg,0,benign,colonn4711,colon_n,103,352
train,colon_n/colonn4712.jpeg,0,benign,colonn4712,colon_n,103,352
train,colon_n/colonn4715.jpeg,0,benign,colonn4715,colon_n,88,337
train,colon_n/colonn4717.jpeg,0,benign,colonn4717,colon_n,124,373
train,colon_n/colonn472.jpeg,0,benign,colonn472,colon_n,41,290
train,colon_n/colonn4723.jpeg,0,benign,colonn4723,colon_n,147,396
train,colon_n/colonn4725.jpeg,0,benign,colonn4725,colon_n,2,251
train,colon_n/colonn4726.jpeg,0,benign,colonn4726,colon_n,2,251
train,colon_n/colonn4728.jpeg,0,benign,colonn4728,colon_n,81,330
train,colon_n/colonn4729.jpeg,0,benign,colonn4729,colon_n,107,356
train,colon_n/colonn473.jpeg,0,benign,colonn473,colon_n,21,270
train,colon_n/colonn4730.jpeg,0,benign,colonn4730,colon_n,142,391
train,colon_n/colonn4732.jpeg,0,benign,colonn4732,colon_n,156,405
train,colon_n/colonn4733.jpeg,0,benign,colonn4733,colon_n,20,269
train,colon_n/colonn4734.jpeg,0,benign,colonn4734,colon_n,70,319
train,colon_n/colonn4735.jpeg,0,benign,colonn4735,colon_n,113,362
train,colon_n/colonn4736.jpeg,0,benign,colonn4736,colon_n,135,384
train,colon_n/colonn4738.jpeg,0,benign,colonn4738,colon_n,207,456
train,colon_n/colonn4739.jpeg,0,benign,colonn4739,colon_n,139,388
train,colon_n/colonn4740.jpeg,0,benign,colonn4740,colon_n,158,407
train,colon_n/colonn4741.jpeg,0,benign,colonn4741,colon_n,133,382
train,colon_n/colonn4742.jpeg,0,benign,colonn4742,colon_n,54,303
train,colon_n/colonn4744.jpeg,0,benign,colonn4744,colon_n,12,261
train,colon_n/colonn4745.jpeg,0,benign,colonn4745,colon_n,28,277
train,colon_n/colonn4746.jpeg,0,benign,colonn4746,colon_n,72,321
train,colon_n/colonn4747.jpeg,0,benign,colonn4747,colon_n,72,321
train,colon_n/colonn4748.jpeg,0,benign,colonn4748,colon_n,72,321
train,colon_n/colonn4749.jpeg,0,benign,colonn4749,colon_n,106,355
train,colon_n/colonn475.jpeg,0,benign,colonn475,colon_n,78,327
train,colon_n/colonn4750.jpeg,0,benign,colonn4750,colon_n,106,355
train,colon_n/colonn4751.jpeg,0,benign,colonn4751,colon_n,106,355
train,colon_n/colonn4752.jpeg,0,benign,colonn4752,colon_n,163,412
train,colon_n/colonn4753.jpeg,0,benign,colonn4753,colon_n,122,371
train,colon_n/colonn4754.jpeg,0,benign,colonn4754,colon_n,50,299
train,colon_n/colonn4755.jpeg,0,benign,colonn4755,colon_n,43,292
train,colon_n/colonn4756.jpeg,0,benign,colonn4756,colon_n,185,434
train,colon_n/colonn4757.jpeg,0,benign,colonn4757,colon_n,185,434
train,colon_n/colonn4759.jpeg,0,benign,colonn4759,colon_n,153,402
train,colon_n/colonn476.jpeg,0,benign,colonn476,colon_n,130,379
train,colon_n/colonn4760.jpeg,0,benign,colonn4760,colon_n,153,402
train,colon_n/colonn4761.jpeg,0,benign,colonn4761,colon_n,29,278
train,colon_n/colonn4762.jpeg,0,benign,colonn4762,colon_n,161,410
train,colon_n/colonn4763.jpeg,0,benign,colonn4763,colon_n,169,418
train,colon_n/colonn4765.jpeg,0,benign,colonn4765,colon_n,83,332
train,colon_n/colonn4767.jpeg,0,benign,colonn4767,colon_n,61,310
train,colon_n/colonn4768.jpeg,0,benign,colonn4768,colon_n,167,416
train,colon_n/colonn4769.jpeg,0,benign,colonn4769,colon_n,235,484
train,colon_n/colonn477.jpeg,0,benign,colonn477,colon_n,14,263
train,colon_n/colonn4772.jpeg,0,benign,colonn4772,colon_n,44,293
train,colon_n/colonn4774.jpeg,0,benign,colonn4774,colon_n,174,423
train,colon_n/colonn4775.jpeg,0,benign,colonn4775,colon_n,58,307
train,colon_n/colonn4776.jpeg,0,benign,colonn4776,colon_n,76,325
train,colon_n/colonn4777.jpeg,0,benign,colonn4777,colon_n,152,401
train,colon_n/colonn4778.jpeg,0,benign,colonn4778,colon_n,199,448
train,colon_n/colonn4779.jpeg,0,benign,colonn4779,colon_n,160,409
train,colon_n/colonn478.jpeg,0,benign,colonn478,colon_n,106,355
train,colon_n/colonn4780.jpeg,0,benign,colonn4780,colon_n,36,285
train,colon_n/colonn4781.jpeg,0,benign,colonn4781,colon_n,98,347
train,colon_n/colonn4782.jpeg,0,benign,colonn4782,colon_n,189,438
train,colon_n/colonn4783.jpeg,0,benign,colonn4783,colon_n,151,400
train,colon_n/colonn4787.jpeg,0,benign,colonn4787,colon_n,141,390
train,colon_n/colonn4789.jpeg,0,benign,colonn4789,colon_n,142,391
train,colon_n/colonn479.jpeg,0,benign,colonn479,colon_n,201,450
train,colon_n/colonn4790.jpeg,0,benign,colonn4790,colon_n,22,271
train,colon_n/colonn4791.jpeg,0,benign,colonn4791,colon_n,7,256
train,colon_n/colonn4792.jpeg,0,benign,colonn4792,colon_n,70,319
train,colon_n/colonn4793.jpeg,0,benign,colonn4793,colon_n,113,362
train,colon_n/colonn4794.jpeg,0,benign,colonn4794,colon_n,113,362
train,colon_n/colonn4796.jpeg,0,benign,colonn4796,colon_n,135,384
train,colon_n/colonn4797.jpeg,0,benign,colonn4797,colon_n,135,384
train,colon_n/colonn480.jpeg,0,benign,colonn480,colon_n,5,254
train,colon_n/colonn4800.jpeg,0,benign,colonn4800,colon_n,139,388
train,colon_n/colonn4802.jpeg,0,benign,colonn4802,colon_n,65,314
train,colon_n/colonn4803.jpeg,0,benign,colonn4803,colon_n,179,428
train,colon_n/colonn4805.jpeg,0,benign,colonn4805,colon_n,50,299
train,colon_n/colonn4806.jpeg,0,benign,colonn4806,colon_n,50,299
train,colon_n/colonn4807.jpeg,0,benign,colonn4807,colon_n,49,298
train,colon_n/colonn4808.jpeg,0,benign,colonn4808,colon_n,138,387
train,colon_n/colonn481.jpeg,0,benign,colonn481,colon_n,163,412
train,colon_n/colonn4810.jpeg,0,benign,colonn4810,colon_n,64,313
train,colon_n/colonn4811.jpeg,0,benign,colonn4811,colon_n,64,313
train,colon_n/colonn4812.jpeg,0,benign,colonn4812,colon_n,118,367
train,colon_n/colonn4813.jpeg,0,benign,colonn4813,colon_n,214,463
train,colon_n/colonn4814.jpeg,0,benign,colonn4814,colon_n,185,434
train,colon_n/colonn4818.jpeg,0,benign,colonn4818,colon_n,44,293
train,colon_n/colonn482.jpeg,0,benign,colonn482,colon_n,50,299
train,colon_n/colonn4820.jpeg,0,benign,colonn4820,colon_n,103,352
train,colon_n/colonn4821.jpeg,0,benign,colonn4821,colon_n,237,486
train,colon_n/colonn4822.jpeg,0,benign,colonn4822,colon_n,35,284
train,colon_n/colonn4823.jpeg,0,benign,colonn4823,colon_n,124,373
train,colon_n/colonn4824.jpeg,0,benign,colonn4824,colon_n,91,340
train,colon_n/colonn4825.jpeg,0,benign,colonn4825,colon_n,36,285
train,colon_n/colonn4826.jpeg,0,benign,colonn4826,colon_n,36,285
train,colon_n/colonn4827.jpeg,0,benign,colonn4827,colon_n,32,281
train,colon_n/colonn4828.jpeg,0,benign,colonn4828,colon_n,220,469
train,colon_n/colonn4829.jpeg,0,benign,colonn4829,colon_n,151,400
train,colon_n/colonn4830.jpeg,0,benign,colonn4830,colon_n,196,445
train,colon_n/colonn4834.jpeg,0,benign,colonn4834,colon_n,227,476
train,colon_n/colonn4838.jpeg,0,benign,colonn4838,colon_n,142,391
train,colon_n/colonn4839.jpeg,0,benign,colonn4839,colon_n,219,468
train,colon_n/colonn4841.jpeg,0,benign,colonn4841,colon_n,123,372
train,colon_n/colonn4842.jpeg,0,benign,colonn4842,colon_n,20,269
train,colon_n/colonn4843.jpeg,0,benign,colonn4843,colon_n,70,319
train,colon_n/colonn4845.jpeg,0,benign,colonn4845,colon_n,92,341
train,colon_n/colonn4846.jpeg,0,benign,colonn4846,colon_n,47,296
train,colon_n/colonn4847.jpeg,0,benign,colonn4847,colon_n,210,459
train,colon_n/colonn4848.jpeg,0,benign,colonn4848,colon_n,41,290
train,colon_n/colonn4849.jpeg,0,benign,colonn4849,colon_n,41,290
train,colon_n/colonn485.jpeg,0,benign,colonn485,colon_n,161,410
train,colon_n/colonn4850.jpeg,0,benign,colonn4850,colon_n,39,288
train,colon_n/colonn4851.jpeg,0,benign,colonn4851,colon_n,102,351
train,colon_n/colonn4852.jpeg,0,benign,colonn4852,colon_n,31,280
train,colon_n/colonn4853.jpeg,0,benign,colonn4853,colon_n,31,280
train,colon_n/colonn4854.jpeg,0,benign,colonn4854,colon_n,31,280
train,colon_n/colonn4855.jpeg,0,benign,colonn4855,colon_n,31,280
train,colon_n/colonn4856.jpeg,0,benign,colonn4856,colon_n,31,280
train,colon_n/colonn4857.jpeg,0,benign,colonn4857,colon_n,130,379
train,colon_n/colonn4858.jpeg,0,benign,colonn4858,colon_n,49,298
train,colon_n/colonn486.jpeg,0,benign,colonn486,colon_n,169,418
train,colon_n/colonn4862.jpeg,0,benign,colonn4862,colon_n,153,402
train,colon_n/colonn4863.jpeg,0,benign,colonn4863,colon_n,161,410
train,colon_n/colonn4864.jpeg,0,benign,colonn4864,colon_n,161,410
train,colon_n/colonn4865.jpeg,0,benign,colonn4865,colon_n,100,349
train,colon_n/colonn4866.jpeg,0,benign,colonn4866,colon_n,131,380
train,colon_n/colonn4867.jpeg,0,benign,colonn4867,colon_n,131,380
train,colon_n/colonn4868.jpeg,0,benign,colonn4868,colon_n,53,302
train,colon_n/colonn4869.jpeg,0,benign,colonn4869,colon_n,222,471
train,colon_n/colonn487.jpeg,0,benign,colonn487,colon_n,26,275
train,colon_n/colonn4870.jpeg,0,benign,colonn4870,colon_n,119,368
train,colon_n/colonn4873.jpeg,0,benign,colonn4873,colon_n,88,337
train,colon_n/colonn4874.jpeg,0,benign,colonn4874,colon_n,198,447
train,colon_n/colonn4875.jpeg,0,benign,colonn4875,colon_n,35,284
train,colon_n/colonn4876.jpeg,0,benign,colonn4876,colon_n,251,500
train,colon_n/colonn4879.jpeg,0,benign,colonn4879,colon_n,76,325
train,colon_n/colonn488.jpeg,0,benign,colonn488,colon_n,155,404
train,colon_n/colonn4881.jpeg,0,benign,colonn4881,colon_n,99,348
train,colon_n/colonn4882.jpeg,0,benign,colonn4882,colon_n,199,448
train,colon_n/colonn4883.jpeg,0,benign,colonn4883,colon_n,160,409
train,colon_n/colonn4884.jpeg,0,benign,colonn4884,colon_n,157,406
train,colon_n/colonn4885.jpeg,0,benign,colonn4885,colon_n,220,469
train,colon_n/colonn4886.jpeg,0,benign,colonn4886,colon_n,226,475
train,colon_n/colonn4887.jpeg,0,benign,colonn4887,colon_n,1,250
train,colon_n/colonn4888.jpeg,0,benign,colonn4888,colon_n,134,383
train,colon_n/colonn4889.jpeg,0,benign,colonn4889,colon_n,177,426
train,colon_n/colonn4890.jpeg,0,benign,colonn4890,colon_n,177,426
train,colon_n/colonn4891.jpeg,0,benign,colonn4891,colon_n,46,295
train,colon_n/colonn4897.jpeg,0,benign,colonn4897,colon_n,219,468
train,colon_n/colonn4898.jpeg,0,benign,colonn4898,colon_n,156,405
train,colon_n/colonn4899.jpeg,0,benign,colonn4899,colon_n,156,405
train,colon_n/colonn49.jpeg,0,benign,colonn49,colon_n,195,444
train,colon_n/colonn490.jpeg,0,benign,colonn490,colon_n,203,452
train,colon_n/colonn4900.jpeg,0,benign,colonn4900,colon_n,7,256
train,colon_n/colonn4901.jpeg,0,benign,colonn4901,colon_n,22,271
train,colon_n/colonn4902.jpeg,0,benign,colonn4902,colon_n,20,269
train,colon_n/colonn4903.jpeg,0,benign,colonn4903,colon_n,70,319
train,colon_n/colonn4904.jpeg,0,benign,colonn4904,colon_n,115,364
train,colon_n/colonn4905.jpeg,0,benign,colonn4905,colon_n,42,291
train,colon_n/colonn4906.jpeg,0,benign,colonn4906,colon_n,42,291
train,colon_n/colonn4909.jpeg,0,benign,colonn4909,colon_n,234,483
train,colon_n/colonn4910.jpeg,0,benign,colonn4910,colon_n,37,286
train,colon_n/colonn4911.jpeg,0,benign,colonn4911,colon_n,37,286
train,colon_n/colonn4912.jpeg,0,benign,colonn4912,colon_n,148,397
train,colon_n/colonn4913.jpeg,0,benign,colonn4913,colon_n,138,387
train,colon_n/colonn4914.jpeg,0,benign,colonn4914,colon_n,118,367
train,colon_n/colonn4915.jpeg,0,benign,colonn4915,colon_n,40,289
train,colon_n/colonn4916.jpeg,0,benign,colonn4916,colon_n,185,434
train,colon_n/colonn4918.jpeg,0,benign,colonn4918,colon_n,153,402
train,colon_n/colonn4919.jpeg,0,benign,colonn4919,colon_n,131,380
train,colon_n/colonn492.jpeg,0,benign,colonn492,colon_n,35,284
train,colon_n/colonn4921.jpeg,0,benign,colonn4921,colon_n,155,404
train,colon_n/colonn4922.jpeg,0,benign,colonn4922,colon_n,194,443
train,colon_n/colonn4925.jpeg,0,benign,colonn4925,colon_n,103,352
train,colon_n/colonn4927.jpeg,0,benign,colonn4927,colon_n,237,486
train,colon_n/colonn4928.jpeg,0,benign,colonn4928,colon_n,58,307
train,colon_n/colonn4929.jpeg,0,benign,colonn4929,colon_n,99,348
train,colon_n/colonn493.jpeg,0,benign,colonn493,colon_n,35,284
train,colon_n/colonn4930.jpeg,0,benign,colonn4930,colon_n,32,281
train,colon_n/colonn4931.jpeg,0,benign,colonn4931,colon_n,51,300
train,colon_n/colonn4932.jpeg,0,benign,colonn4932,colon_n,220,469
train,colon_n/colonn4935.jpeg,0,benign,colonn4935,colon_n,189,438
train,colon_n/colonn4936.jpeg,0,benign,colonn4936,colon_n,189,438
train,colon_n/colonn4939.jpeg,0,benign,colonn4939,colon_n,147,396
train,colon_n/colonn494.jpeg,0,benign,colonn494,colon_n,35,284
train,colon_n/colonn4940.jpeg,0,benign,colonn4940,colon_n,211,460
train,colon_n/colonn4941.jpeg,0,benign,colonn4941,colon_n,81,330
train,colon_n/colonn4942.jpeg,0,benign,colonn4942,colon_n,81,330
train,colon_n/colonn4943.jpeg,0,benign,colonn4943,colon_n,107,356
train,colon_n/colonn4945.jpeg,0,benign,colonn4945,colon_n,227,476
train,colon_n/colonn4946.jpeg,0,benign,colonn4946,colon_n,85,334
train,colon_n/colonn4947.jpeg,0,benign,colonn4947,colon_n,7,256
train,colon_n/colonn4948.jpeg,0,benign,colonn4948,colon_n,13,262
train,colon_n/colonn4949.jpeg,0,benign,colonn4949,colon_n,20,269
train,colon_n/colonn4950.jpeg,0,benign,colonn4950,colon_n,212,461
train,colon_n/colonn4951.jpeg,0,benign,colonn4951,colon_n,8,257
train,colon_n/colonn4952.jpeg,0,benign,colonn4952,colon_n,236,485
train,colon_n/colonn4953.jpeg,0,benign,colonn4953,colon_n,109,358
train,colon_n/colonn4954.jpeg,0,benign,colonn4954,colon_n,171,420
train,colon_n/colonn4955.jpeg,0,benign,colonn4955,colon_n,17,266
train,colon_n/colonn4956.jpeg,0,benign,colonn4956,colon_n,115,364
train,colon_n/colonn4961.jpeg,0,benign,colonn4961,colon_n,133,382
train,colon_n/colonn4962.jpeg,0,benign,colonn4962,colon_n,21,270
train,colon_n/colonn4963.jpeg,0,benign,colonn4963,colon_n,65,314
train,colon_n/colonn4964.jpeg,0,benign,colonn4964,colon_n,166,415
train,colon_n/colonn4965.jpeg,0,benign,colonn4965,colon_n,78,327
train,colon_n/colonn4966.jpeg,0,benign,colonn4966,colon_n,31,280
train,colon_n/colonn4967.jpeg,0,benign,colonn4967,colon_n,130,379
train,colon_n/colonn4968.jpeg,0,benign,colonn4968,colon_n,122,371
train,colon_n/colonn4969.jpeg,0,benign,colonn4969,colon_n,37,286
train,colon_n/colonn497.jpeg,0,benign,colonn497,colon_n,191,440
train,colon_n/colonn4970.jpeg,0,benign,colonn4970,colon_n,148,397
train,colon_n/colonn4971.jpeg,0,benign,colonn4971,colon_n,138,387
train,colon_n/colonn4973.jpeg,0,benign,colonn4973,colon_n,100,349
train,colon_n/colonn4975.jpeg,0,benign,colonn4975,colon_n,222,471
train,colon_n/colonn4976.jpeg,0,benign,colonn4976,colon_n,184,433
train,colon_n/colonn4979.jpeg,0,benign,colonn4979,colon_n,194,443
train,colon_n/colonn498.jpeg,0,benign,colonn498,colon_n,152,401
train,colon_n/colonn4980.jpeg,0,benign,colonn4980,colon_n,235,484
train,colon_n/colonn4981.jpeg,0,benign,colonn4981,colon_n,44,293
train,colon_n/colonn4982.jpeg,0,benign,colonn4982,colon_n,198,447
train,colon_n/colonn4983.jpeg,0,benign,colonn4983,colon_n,129,378
train,colon_n/colonn4984.jpeg,0,benign,colonn4984,colon_n,129,378
train,colon_n/colonn4985.jpeg,0,benign,colonn4985,colon_n,58,307
train,colon_n/colonn4987.jpeg,0,benign,colonn4987,colon_n,152,401
train,colon_n/colonn4988.jpeg,0,benign,colonn4988,colon_n,152,401
train,colon_n/colonn4989.jpeg,0,benign,colonn4989,colon_n,99,348
train,colon_n/colonn499.jpeg,0,benign,colonn499,colon_n,215,464
train,colon_n/colonn4990.jpeg,0,benign,colonn4990,colon_n,187,436
train,colon_n/colonn4991.jpeg,0,benign,colonn4991,colon_n,36,285
train,colon_n/colonn4992.jpeg,0,benign,colonn4992,colon_n,250,499
train,colon_n/colonn4993.jpeg,0,benign,colonn4993,colon_n,250,499
train,colon_n/colonn4996.jpeg,0,benign,colonn4996,colon_n,147,396
train,colon_n/colonn4997.jpeg,0,benign,colonn4997,colon_n,233,482
train,colon_n/colonn5.jpeg,0,benign,colonn5,colon_n,218,467
train,colon_n/colonn500.jpeg,0,benign,colonn500,colon_n,160,409
train,colon_n/colonn5000.jpeg,0,benign,colonn5000,colon_n,219,468
train,colon_n/colonn501.jpeg,0,benign,colonn501,colon_n,160,409
train,colon_n/colonn502.jpeg,0,benign,colonn502,colon_n,160,409
train,colon_n/colonn504.jpeg,0,benign,colonn504,colon_n,36,285
train,colon_n/colonn508.jpeg,0,benign,colonn508,colon_n,196,445
train,colon_n/colonn509.jpeg,0,benign,colonn509,colon_n,147,396
train,colon_n/colonn51.jpeg,0,benign,colonn51,colon_n,17,266
train,colon_n/colonn512.jpeg,0,benign,colonn512,colon_n,227,476
train,colon_n/colonn513.jpeg,0,benign,colonn513,colon_n,80,329
train,colon_n/colonn515.jpeg,0,benign,colonn515,colon_n,156,405
train,colon_n/colonn516.jpeg,0,benign,colonn516,colon_n,7,256
train,colon_n/colonn517.jpeg,0,benign,colonn517,colon_n,116,365
train,colon_n/colonn518.jpeg,0,benign,colonn518,colon_n,89,338
train,colon_n/colonn520.jpeg,0,benign,colonn520,colon_n,23,272
train,colon_n/colonn521.jpeg,0,benign,colonn521,colon_n,193,442
train,colon_n/colonn522.jpeg,0,benign,colonn522,colon_n,193,442
train,colon_n/colonn523.jpeg,0,benign,colonn523,colon_n,236,485
train,colon_n/colonn524.jpeg,0,benign,colonn524,colon_n,109,358
train,colon_n/colonn525.jpeg,0,benign,colonn525,colon_n,113,362
train,colon_n/colonn526.jpeg,0,benign,colonn526,colon_n,17,266
train,colon_n/colonn529.jpeg,0,benign,colonn529,colon_n,228,477
train,colon_n/colonn53.jpeg,0,benign,colonn53,colon_n,115,364
train,colon_n/colonn532.jpeg,0,benign,colonn532,colon_n,47,296
train,colon_n/colonn534.jpeg,0,benign,colonn534,colon_n,21,270
train,colon_n/colonn535.jpeg,0,benign,colonn535,colon_n,65,314
train,colon_n/colonn537.jpeg,0,benign,colonn537,colon_n,102,351
train,colon_n/colonn538.jpeg,0,benign,colonn538,colon_n,28,277
train,colon_n/colonn539.jpeg,0,benign,colonn539,colon_n,72,321
train,colon_n/colonn54.jpeg,0,benign,colonn54,colon_n,42,291
train,colon_n/colonn540.jpeg,0,benign,colonn540,colon_n,59,308
train,colon_n/colonn541.jpeg,0,benign,colonn541,colon_n,130,379
train,colon_n/colonn542.jpeg,0,benign,colonn542,colon_n,234,483
train,colon_n/colonn543.jpeg,0,benign,colonn543,colon_n,50,299
train,colon_n/colonn544.jpeg,0,benign,colonn544,colon_n,49,298
train,colon_n/colonn545.jpeg,0,benign,colonn545,colon_n,49,298
train,colon_n/colonn546.jpeg,0,benign,colonn546,colon_n,43,292
train,colon_n/colonn547.jpeg,0,benign,colonn547,colon_n,64,313
train,colon_n/colonn548.jpeg,0,benign,colonn548,colon_n,230,479
train,colon_n/colonn549.jpeg,0,benign,colonn549,colon_n,230,479
train,colon_n/colonn55.jpeg,0,benign,colonn55,colon_n,202,451
train,colon_n/colonn550.jpeg,0,benign,colonn550,colon_n,26,275
train,colon_n/colonn551.jpeg,0,benign,colonn551,colon_n,184,433
train,colon_n/colonn554.jpeg,0,benign,colonn554,colon_n,235,484
train,colon_n/colonn556.jpeg,0,benign,colonn556,colon_n,203,452
train,colon_n/colonn557.jpeg,0,benign,colonn557,colon_n,88,337
train,colon_n/colonn558.jpeg,0,benign,colonn558,colon_n,215,464
train,colon_n/colonn56.jpeg,0,benign,colonn56,colon_n,71,320
train,colon_n/colonn560.jpeg,0,benign,colonn560,colon_n,177,426
train,colon_n/colonn564.jpeg,0,benign,colonn564,colon_n,248,497
train,colon_n/colonn566.jpeg,0,benign,colonn566,colon_n,121,370
train,colon_n/colonn567.jpeg,0,benign,colonn567,colon_n,63,312
train,colon_n/colonn568.jpeg,0,benign,colonn568,colon_n,107,356
train,colon_n/colonn569.jpeg,0,benign,colonn569,colon_n,219,468
train,colon_n/colonn57.jpeg,0,benign,colonn57,colon_n,71,320
train,colon_n/colonn570.jpeg,0,benign,colonn570,colon_n,62,311
train,colon_n/colonn571.jpeg,0,benign,colonn571,colon_n,7,256
train,colon_n/colonn572.jpeg,0,benign,colonn572,colon_n,7,256
train,colon_n/colonn573.jpeg,0,benign,colonn573,colon_n,7,256
train,colon_n/colonn574.jpeg,0,benign,colonn574,colon_n,7,256
train,colon_n/colonn575.jpeg,0,benign,colonn575,colon_n,109,358
train,colon_n/colonn578.jpeg,0,benign,colonn578,colon_n,135,384
train,colon_n/colonn579.jpeg,0,benign,colonn579,colon_n,92,341
train,colon_n/colonn58.jpeg,0,benign,colonn58,colon_n,65,314
train,colon_n/colonn580.jpeg,0,benign,colonn580,colon_n,93,342
train,colon_n/colonn581.jpeg,0,benign,colonn581,colon_n,210,459
train,colon_n/colonn582.jpeg,0,benign,colonn582,colon_n,158,407
train,colon_n/colonn583.jpeg,0,benign,colonn583,colon_n,41,290
train,colon_n/colonn584.jpeg,0,benign,colonn584,colon_n,65,314
train,colon_n/colonn585.jpeg,0,benign,colonn585,colon_n,106,355
train,colon_n/colonn586.jpeg,0,benign,colonn586,colon_n,234,483
train,colon_n/colonn588.jpeg,0,benign,colonn588,colon_n,122,371
train,colon_n/colonn589.jpeg,0,benign,colonn589,colon_n,34,283
train,colon_n/colonn59.jpeg,0,benign,colonn59,colon_n,4,253
train,colon_n/colonn592.jpeg,0,benign,colonn592,colon_n,40,289
train,colon_n/colonn594.jpeg,0,benign,colonn594,colon_n,153,402
train,colon_n/colonn595.jpeg,0,benign,colonn595,colon_n,161,410
train,colon_n/colonn598.jpeg,0,benign,colonn598,colon_n,222,471
train,colon_n/colonn6.jpeg,0,benign,colonn6,colon_n,113,362
train,colon_n/colonn60.jpeg,0,benign,colonn60,colon_n,95,344
train,colon_n/colonn604.jpeg,0,benign,colonn604,colon_n,235,484
train,colon_n/colonn605.jpeg,0,benign,colonn605,colon_n,232,481
train,colon_n/colonn606.jpeg,0,benign,colonn606,colon_n,103,352
train,colon_n/colonn607.jpeg,0,benign,colonn607,colon_n,52,301
train,colon_n/colonn608.jpeg,0,benign,colonn608,colon_n,52,301
train,colon_n/colonn61.jpeg,0,benign,colonn61,colon_n,102,351
train,colon_n/colonn610.jpeg,0,benign,colonn610,colon_n,129,378
train,colon_n/colonn611.jpeg,0,benign,colonn611,colon_n,174,423
train,colon_n/colonn612.jpeg,0,benign,colonn612,colon_n,94,343
train,colon_n/colonn613.jpeg,0,benign,colonn613,colon_n,35,284
train,colon_n/colonn617.jpeg,0,benign,colonn617,colon_n,124,373
train,colon_n/colonn618.jpeg,0,benign,colonn618,colon_n,199,448
train,colon_n/colonn62.jpeg,0,benign,colonn62,colon_n,242,491
train,colon_n/colonn620.jpeg,0,benign,colonn620,colon_n,250,499
train,colon_n/colonn621.jpeg,0,benign,colonn621,colon_n,250,499
train,colon_n/colonn622.jpeg,0,benign,colonn622,colon_n,51,300
train,colon_n/colonn623.jpeg,0,benign,colonn623,colon_n,1,250
train,colon_n/colonn629.jpeg,0,benign,colonn629,colon_n,128,377
train,colon_n/colonn63.jpeg,0,benign,colonn63,colon_n,166,415
train,colon_n/colonn630.jpeg,0,benign,colonn630,colon_n,211,460
train,colon_n/colonn631.jpeg,0,benign,colonn631,colon_n,211,460
train,colon_n/colonn632.jpeg,0,benign,colonn632,colon_n,211,460
train,colon_n/colonn633.jpeg,0,benign,colonn633,colon_n,107,356
train,colon_n/colonn635.jpeg,0,benign,colonn635,colon_n,180,429
train,colon_n/colonn636.jpeg,0,benign,colonn636,colon_n,22,271
train,colon_n/colonn637.jpeg,0,benign,colonn637,colon_n,22,271
train,colon_n/colonn638.jpeg,0,benign,colonn638,colon_n,70,319
train,colon_n/colonn639.jpeg,0,benign,colonn639,colon_n,70,319
train,colon_n/colonn641.jpeg,0,benign,colonn641,colon_n,8,257
train,colon_n/colonn642.jpeg,0,benign,colonn642,colon_n,218,467
train,colon_n/colonn643.jpeg,0,benign,colonn643,colon_n,195,444
train,colon_n/colonn644.jpeg,0,benign,colonn644,colon_n,113,362
train,colon_n/colonn646.jpeg,0,benign,colonn646,colon_n,17,266
train,colon_n/colonn647.jpeg,0,benign,colonn647,colon_n,56,305
train,colon_n/colonn648.jpeg,0,benign,colonn648,colon_n,92,341
train,colon_n/colonn65.jpeg,0,benign,colonn65,colon_n,78,327
train,colon_n/colonn651.jpeg,0,benign,colonn651,colon_n,74,323
train,colon_n/colonn653.jpeg,0,benign,colonn653,colon_n,47,296
train,colon_n/colonn654.jpeg,0,benign,colonn654,colon_n,139,388
train,colon_n/colonn655.jpeg,0,benign,colonn655,colon_n,93,342
train,colon_n/colonn656.jpeg,0,benign,colonn656,colon_n,210,459
train,colon_n/colonn658.jpeg,0,benign,colonn658,colon_n,4,253
train,colon_n/colonn659.jpeg,0,benign,colonn659,colon_n,39,288
train,colon_n/colonn66.jpeg,0,benign,colonn66,colon_n,234,483
train,colon_n/colonn660.jpeg,0,benign,colonn660,colon_n,102,351
train,colon_n/colonn661.jpeg,0,benign,colonn661,colon_n,72,321
train,colon_n/colonn662.jpeg,0,benign,colonn662,colon_n,205,454
train,colon_n/colonn663.jpeg,0,benign,colonn663,colon_n,130,379
train,colon_n/colonn664.jpeg,0,benign,colonn664,colon_n,106,355
train,colon_n/colonn665.jpeg,0,benign,colonn665,colon_n,5,254
train,colon_n/colonn666.jpeg,0,benign,colonn666,colon_n,122,371
train,colon_n/colonn668.jpeg,0,benign,colonn668,colon_n,37,286
train,colon_n/colonn669.jpeg,0,benign,colonn669,colon_n,138,387
train,colon_n/colonn67.jpeg,0,benign,colonn67,colon_n,5,254
train,colon_n/colonn672.jpeg,0,benign,colonn672,colon_n,230,479
train,colon_n/colonn674.jpeg,0,benign,colonn674,colon_n,161,410
train,colon_n/colonn675.jpeg,0,benign,colonn675,colon_n,26,275
train,colon_n/colonn676.jpeg,0,benign,colonn676,colon_n,131,380
train,colon_n/colonn678.jpeg,0,benign,colonn678,colon_n,83,332
train,colon_n/colonn679.jpeg,0,benign,colonn679,colon_n,155,404
train,colon_n/colonn680.jpeg,0,benign,colonn680,colon_n,0,249
train,colon_n/colonn681.jpeg,0,benign,colonn681,colon_n,194,443
train,colon_n/colonn684.jpeg,0,benign,colonn684,colon_n,152,401
train,colon_n/colonn685.jpeg,0,benign,colonn685,colon_n,91,340
train,colon_n/colonn686.jpeg,0,benign,colonn686,colon_n,36,285
train,colon_n/colonn687.jpeg,0,benign,colonn687,colon_n,51,300
train,colon_n/colonn69.jpeg,0,benign,colonn69,colon_n,50,299
train,colon_n/colonn693.jpeg,0,benign,colonn693,colon_n,121,370
train,colon_n/colonn694.jpeg,0,benign,colonn694,colon_n,141,390
train,colon_n/colonn695.jpeg,0,benign,colonn695,colon_n,107,356
train,colon_n/colonn697.jpeg,0,benign,colonn697,colon_n,227,476
train,colon_n/colonn699.jpeg,0,benign,colonn699,colon_n,156,405
train,colon_n/colonn70.jpeg,0,benign,colonn70,colon_n,37,286
train,colon_n/colonn700.jpeg,0,benign,colonn700,colon_n,156,405
train,colon_n/colonn701.jpeg,0,benign,colonn701,colon_n,8,257
train,colon_n/colonn702.jpeg,0,benign,colonn702,colon_n,109,358
train,colon_n/colonn704.jpeg,0,benign,colonn704,colon_n,113,362
train,colon_n/colonn706.jpeg,0,benign,colonn706,colon_n,17,266
train,colon_n/colonn707.jpeg,0,benign,colonn707,colon_n,228,477
train,colon_n/colonn708.jpeg,0,benign,colonn708,colon_n,92,341
train,colon_n/colonn709.jpeg,0,benign,colonn709,colon_n,74,323
train,colon_n/colonn71.jpeg,0,benign,colonn71,colon_n,49,298
train,colon_n/colonn710.jpeg,0,benign,colonn710,colon_n,74,323
train,colon_n/colonn711.jpeg,0,benign,colonn711,colon_n,74,323
train,colon_n/colonn712.jpeg,0,benign,colonn712,colon_n,217,466
train,colon_n/colonn713.jpeg,0,benign,colonn713,colon_n,207,456
train,colon_n/colonn714.jpeg,0,benign,colonn714,colon_n,41,290
train,colon_n/colonn715.jpeg,0,benign,colonn715,colon_n,179,428
train,colon_n/colonn716.jpeg,0,benign,colonn716,colon_n,31,280
train,colon_n/colonn717.jpeg,0,benign,colonn717,colon_n,201,450
train,colon_n/colonn718.jpeg,0,benign,colonn718,colon_n,138,387
train,colon_n/colonn72.jpeg,0,benign,colonn72,colon_n,138,387
train,colon_n/colonn720.jpeg,0,benign,colonn720,colon_n,214,463
train,colon_n/colonn723.jpeg,0,benign,colonn723,colon_n,230,479
train,colon_n/colonn725.jpeg,0,benign,colonn725,colon_n,161,410
train,colon_n/colonn726.jpeg,0,benign,colonn726,colon_n,83,332
train,colon_n/colonn727.jpeg,0,benign,colonn727,colon_n,53,302
train,colon_n/colonn728.jpeg,0,benign,colonn728,colon_n,184,433
train,colon_n/colonn729.jpeg,0,benign,colonn729,colon_n,188,437
train,colon_n/colonn73.jpeg,0,benign,colonn73,colon_n,64,313
train,colon_n/colonn731.jpeg,0,benign,colonn731,colon_n,235,484
train,colon_n/colonn733.jpeg,0,benign,colonn733,colon_n,103,352
train,colon_n/colonn734.jpeg,0,benign,colonn734,colon_n,52,301
train,colon_n/colonn735.jpeg,0,benign,colonn735,colon_n,88,337
train,colon_n/colonn736.jpeg,0,benign,colonn736,colon_n,237,486
train,colon_n/colonn737.jpeg,0,benign,colonn737,colon_n,129,378
train,colon_n/colonn738.jpeg,0,benign,colonn738,colon_n,35,284
train,colon_n/colonn739.jpeg,0,benign,colonn739,colon_n,76,325
train,colon_n/colonn74.jpeg,0,benign,colonn74,colon_n,64,313
train,colon_n/colonn743.jpeg,0,benign,colonn743,colon_n,36,285
train,colon_n/colonn744.jpeg,0,benign,colonn744,colon_n,36,285
train,colon_n/colonn745.jpeg,0,benign,colonn745,colon_n,51,300
train,colon_n/colonn746.jpeg,0,benign,colonn746,colon_n,157,406
train,colon_n/colonn747.jpeg,0,benign,colonn747,colon_n,157,406
train,colon_n/colonn748.jpeg,0,benign,colonn748,colon_n,1,250
train,colon_n/colonn749.jpeg,0,benign,colonn749,colon_n,1,250
train,colon_n/colonn75.jpeg,0,benign,colonn75,colon_n,64,313
train,colon_n/colonn750.jpeg,0,benign,colonn750,colon_n,1,250
train,colon_n/colonn751.jpeg,0,benign,colonn751,colon_n,196,445
train,colon_n/colonn754.jpeg,0,benign,colonn754,colon_n,141,390
train,colon_n/colonn757.jpeg,0,benign,colonn757,colon_n,85,334
train,colon_n/colonn758.jpeg,0,benign,colonn758,colon_n,180,429
train,colon_n/colonn759.jpeg,0,benign,colonn759,colon_n,7,256
train,colon_n/colonn760.jpeg,0,benign,colonn760,colon_n,13,262
train,colon_n/colonn761.jpeg,0,benign,colonn761,colon_n,123,372
train,colon_n/colonn762.jpeg,0,benign,colonn762,colon_n,20,269
train,colon_n/colonn764.jpeg,0,benign,colonn764,colon_n,23,272
train,colon_n/colonn766.jpeg,0,benign,colonn766,colon_n,23,272
train,colon_n/colonn767.jpeg,0,benign,colonn767,colon_n,109,358
train,colon_n/colonn769.jpeg,0,benign,colonn769,colon_n,17,266
train,colon_n/colonn77.jpeg,0,benign,colonn77,colon_n,29,278
train,colon_n/colonn770.jpeg,0,benign,colonn770,colon_n,42,291
train,colon_n/colonn771.jpeg,0,benign,colonn771,colon_n,207,456
train,colon_n/colonn773.jpeg,0,benign,colonn773,colon_n,47,296
train,colon_n/colonn774.jpeg,0,benign,colonn774,colon_n,133,382
train,colon_n/colonn775.jpeg,0,benign,colonn775,colon_n,133,382
train,colon_n/colonn776.jpeg,0,benign,colonn776,colon_n,54,303
train,colon_n/colonn778.jpeg,0,benign,colonn778,colon_n,21,270
train,colon_n/colonn779.jpeg,0,benign,colonn779,colon_n,179,428
train,colon_n/colonn78.jpeg,0,benign,colonn78,colon_n,29,278
train,colon_n/colonn780.jpeg,0,benign,colonn780,colon_n,95,344
train,colon_n/colonn781.jpeg,0,benign,colonn781,colon_n,102,351
train,colon_n/colonn782.jpeg,0,benign,colonn782,colon_n,242,491
train,colon_n/colonn784.jpeg,0,benign,colonn784,colon_n,72,321
train,colon_n/colonn785.jpeg,0,benign,colonn785,colon_n,59,308
train,colon_n/colonn786.jpeg,0,benign,colonn786,colon_n,205,454
train,colon_n/colonn787.jpeg,0,benign,colonn787,colon_n,31,280
train,colon_n/colonn789.jpeg,0,benign,colonn789,colon_n,201,450
train,colon_n/colonn79.jpeg,0,benign,colonn79,colon_n,29,278
train,colon_n/colonn790.jpeg,0,benign,colonn790,colon_n,5,254
train,colon_n/colonn791.jpeg,0,benign,colonn791,colon_n,34,283
train,colon_n/colonn792.jpeg,0,benign,colonn792,colon_n,34,283
train,colon_n/colonn793.jpeg,0,benign,colonn793,colon_n,148,397
train,colon_n/colonn795.jpeg,0,benign,colonn795,colon_n,185,434
train,colon_n/colonn797.jpeg,0,benign,colonn797,colon_n,184,433
train,colon_n/colonn8.jpeg,0,benign,colonn8,colon_n,115,364
train,colon_n/colonn80.jpeg,0,benign,colonn80,colon_n,169,418
train,colon_n/colonn800.jpeg,0,benign,colonn800,colon_n,44,293
train,colon_n/colonn801.jpeg,0,benign,colonn801,colon_n,52,301
train,colon_n/colonn805.jpeg,0,benign,colonn805,colon_n,237,486
train,colon_n/colonn806.jpeg,0,benign,colonn806,colon_n,198,447
train,colon_n/colonn807.jpeg,0,benign,colonn807,colon_n,129,378
train,colon_n/colonn808.jpeg,0,benign,colonn808,colon_n,129,378
train,colon_n/colonn809.jpeg,0,benign,colonn809,colon_n,94,343
train,colon_n/colonn81.jpeg,0,benign,colonn81,colon_n,169,418
train,colon_n/colonn810.jpeg,0,benign,colonn810,colon_n,94,343
train,colon_n/colonn813.jpeg,0,benign,colonn813,colon_n,32,281
train,colon_n/colonn814.jpeg,0,benign,colonn814,colon_n,51,300
train,colon_n/colonn816.jpeg,0,benign,colonn816,colon_n,110,359
train,colon_n/colonn818.jpeg,0,benign,colonn818,colon_n,22,271
train,colon_n/colonn819.jpeg,0,benign,colonn819,colon_n,116,365
train,colon_n/colonn820.jpeg,0,benign,colonn820,colon_n,23,272
train,colon_n/colonn821.jpeg,0,benign,colonn821,colon_n,27,276
train,colon_n/colonn822.jpeg,0,benign,colonn822,colon_n,8,257
train,colon_n/colonn823.jpeg,0,benign,colonn823,colon_n,115,364
train,colon_n/colonn824.jpeg,0,benign,colonn824,colon_n,228,477
train,colon_n/colonn825.jpeg,0,benign,colonn825,colon_n,92,341
train,colon_n/colonn826.jpeg,0,benign,colonn826,colon_n,217,466
train,colon_n/colonn828.jpeg,0,benign,colonn828,colon_n,71,320
train,colon_n/colonn83.jpeg,0,benign,colonn83,colon_n,83,332
train,colon_n/colonn831.jpeg,0,benign,colonn831,colon_n,12,261
train,colon_n/colonn832.jpeg,0,benign,colonn832,colon_n,12,261
train,colon_n/colonn833.jpeg,0,benign,colonn833,colon_n,77,326
train,colon_n/colonn834.jpeg,0,benign,colonn834,colon_n,77,326
train,colon_n/colonn835.jpeg,0,benign,colonn835,colon_n,4,253
train,colon_n/colonn836.jpeg,0,benign,colonn836,colon_n,28,277
train,colon_n/colonn837.jpeg,0,benign,colonn837,colon_n,78,327
train,colon_n/colonn838.jpeg,0,benign,colonn838,colon_n,205,454
train,colon_n/colonn839.jpeg,0,benign,colonn839,colon_n,31,280
train,colon_n/colonn84.jpeg,0,benign,colonn84,colon_n,188,437
train,colon_n/colonn841.jpeg,0,benign,colonn841,colon_n,122,371
train,colon_n/colonn842.jpeg,0,benign,colonn842,colon_n,43,292
train,colon_n/colonn843.jpeg,0,benign,colonn843,colon_n,64,313
train,colon_n/colonn844.jpeg,0,benign,colonn844,colon_n,118,367
train,colon_n/colonn845.jpeg,0,benign,colonn845,colon_n,118,367
train,colon_n/colonn846.jpeg,0,benign,colonn846,colon_n,204,453
train,colon_n/colonn848.jpeg,0,benign,colonn848,colon_n,169,418
train,colon_n/colonn849.jpeg,0,benign,colonn849,colon_n,131,380
train,colon_n/colonn85.jpeg,0,benign,colonn85,colon_n,61,310
train,colon_n/colonn855.jpeg,0,benign,colonn855,colon_n,235,484
train,colon_n/colonn857.jpeg,0,benign,colonn857,colon_n,176,425
train,colon_n/colonn86.jpeg,0,benign,colonn86,colon_n,167,416
train,colon_n/colonn861.jpeg,0,benign,colonn861,colon_n,160,409
train,colon_n/colonn862.jpeg,0,benign,colonn862,colon_n,187,436
train,colon_n/colonn863.jpeg,0,benign,colonn863,colon_n,250,499
train,colon_n/colonn865.jpeg,0,benign,colonn865,colon_n,196,445
train,colon_n/colonn869.jpeg,0,benign,colonn869,colon_n,105,354
train,colon_n/colonn872.jpeg,0,benign,colonn872,colon_n,116,365
train,colon_n/colonn873.jpeg,0,benign,colonn873,colon_n,116,365
train,colon_n/colonn874.jpeg,0,benign,colonn874,colon_n,145,394
train,colon_n/colonn875.jpeg,0,benign,colonn875,colon_n,145,394
train,colon_n/colonn876.jpeg,0,benign,colonn876,colon_n,23,272
train,colon_n/colonn877.jpeg,0,benign,colonn877,colon_n,212,461
train,colon_n/colonn879.jpeg,0,benign,colonn879,colon_n,193,442
train,colon_n/colonn880.jpeg,0,benign,colonn880,colon_n,218,467
train,colon_n/colonn881.jpeg,0,benign,colonn881,colon_n,113,362
train,colon_n/colonn882.jpeg,0,benign,colonn882,colon_n,74,323
train,colon_n/colonn883.jpeg,0,benign,colonn883,colon_n,104,353
train,colon_n/colonn884.jpeg,0,benign,colonn884,colon_n,48,297
train,colon_n/colonn885.jpeg,0,benign,colonn885,colon_n,158,407
train,colon_n/colonn886.jpeg,0,benign,colonn886,colon_n,54,303
train,colon_n/colonn887.jpeg,0,benign,colonn887,colon_n,65,314
train,colon_n/colonn888.jpeg,0,benign,colonn888,colon_n,77,326
train,colon_n/colonn889.jpeg,0,benign,colonn889,colon_n,242,491
train,colon_n/colonn890.jpeg,0,benign,colonn890,colon_n,166,415
train,colon_n/colonn891.jpeg,0,benign,colonn891,colon_n,166,415
train,colon_n/colonn893.jpeg,0,benign,colonn893,colon_n,87,336
train,colon_n/colonn894.jpeg,0,benign,colonn894,colon_n,163,412
train,colon_n/colonn895.jpeg,0,benign,colonn895,colon_n,122,371
train,colon_n/colonn896.jpeg,0,benign,colonn896,colon_n,34,283
train,colon_n/colonn898.jpeg,0,benign,colonn898,colon_n,43,292
train,colon_n/colonn9.jpeg,0,benign,colonn9,colon_n,179,428
train,colon_n/colonn900.jpeg,0,benign,colonn900,colon_n,118,367
train,colon_n/colonn901.jpeg,0,benign,colonn901,colon_n,214,463
train,colon_n/colonn904.jpeg,0,benign,colonn904,colon_n,83,332
train,colon_n/colonn906.jpeg,0,benign,colonn906,colon_n,188,437
train,colon_n/colonn907.jpeg,0,benign,colonn907,colon_n,61,310
train,colon_n/colonn908.jpeg,0,benign,colonn908,colon_n,194,443
train,colon_n/colonn909.jpeg,0,benign,colonn909,colon_n,194,443
train,colon_n/colonn91.jpeg,0,benign,colonn91,colon_n,232,481
train,colon_n/colonn911.jpeg,0,benign,colonn911,colon_n,176,425
train,colon_n/colonn912.jpeg,0,benign,colonn912,colon_n,176,425
train,colon_n/colonn914.jpeg,0,benign,colonn914,colon_n,52,301
train,colon_n/colonn915.jpeg,0,benign,colonn915,colon_n,58,307
train,colon_n/colonn916.jpeg,0,benign,colonn916,colon_n,35,284
train,colon_n/colonn917.jpeg,0,benign,colonn917,colon_n,124,373
train,colon_n/colonn918.jpeg,0,benign,colonn918,colon_n,91,340
train,colon_n/colonn919.jpeg,0,benign,colonn919,colon_n,160,409
train,colon_n/colonn92.jpeg,0,benign,colonn92,colon_n,232,481
train,colon_n/colonn920.jpeg,0,benign,colonn920,colon_n,187,436
train,colon_n/colonn921.jpeg,0,benign,colonn921,colon_n,51,300
train,colon_n/colonn922.jpeg,0,benign,colonn922,colon_n,226,475
train,colon_n/colonn923.jpeg,0,benign,colonn923,colon_n,1,250
train,colon_n/colonn924.jpeg,0,benign,colonn924,colon_n,1,250
train,colon_n/colonn925.jpeg,0,benign,colonn925,colon_n,134,383
train,colon_n/colonn926.jpeg,0,benign,colonn926,colon_n,177,426
train,colon_n/colonn927.jpeg,0,benign,colonn927,colon_n,128,377
train,colon_n/colonn928.jpeg,0,benign,colonn928,colon_n,211,460
train,colon_n/colonn93.jpeg,0,benign,colonn93,colon_n,176,425
train,colon_n/colonn930.jpeg,0,benign,colonn930,colon_n,105,354
train,colon_n/colonn931.jpeg,0,benign,colonn931,colon_n,116,365
train,colon_n/colonn932.jpeg,0,benign,colonn932,colon_n,212,461
train,colon_n/colonn933.jpeg,0,benign,colonn933,colon_n,27,276
train,colon_n/colonn934.jpeg,0,benign,colonn934,colon_n,8,257
train,colon_n/colonn935.jpeg,0,benign,colonn935,colon_n,8,257
train,colon_n/colonn936.jpeg,0,benign,colonn936,colon_n,8,257
train,colon_n/colonn937.jpeg,0,benign,colonn937,colon_n,113,362
train,colon_n/colonn938.jpeg,0,benign,colonn938,colon_n,17,266
train,colon_n/colonn939.jpeg,0,benign,colonn939,colon_n,3,252
train,colon_n/colonn940.jpeg,0,benign,colonn940,colon_n,217,466
train,colon_n/colonn941.jpeg,0,benign,colonn941,colon_n,139,388
train,colon_n/colonn942.jpeg,0,benign,colonn942,colon_n,93,342
train,colon_n/colonn943.jpeg,0,benign,colonn943,colon_n,65,314
train,colon_n/colonn945.jpeg,0,benign,colonn945,colon_n,102,351
train,colon_n/colonn946.jpeg,0,benign,colonn946,colon_n,102,351
train,colon_n/colonn947.jpeg,0,benign,colonn947,colon_n,78,327
train,colon_n/colonn949.jpeg,0,benign,colonn949,colon_n,130,379
train,colon_n/colonn95.jpeg,0,benign,colonn95,colon_n,246,495
train,colon_n/colonn951.jpeg,0,benign,colonn951,colon_n,122,371
train,colon_n/colonn952.jpeg,0,benign,colonn952,colon_n,122,371
train,colon_n/colonn955.jpeg,0,benign,colonn955,colon_n,153,402
train,colon_n/colonn956.jpeg,0,benign,colonn956,colon_n,100,349
train,colon_n/colonn957.jpeg,0,benign,colonn957,colon_n,100,349
train,colon_n/colonn958.jpeg,0,benign,colonn958,colon_n,131,380
train,colon_n/colonn961.jpeg,0,benign,colonn961,colon_n,188,437
train,colon_n/colonn964.jpeg,0,benign,colonn964,colon_n,44,293
train,colon_n/colonn966.jpeg,0,benign,colonn966,colon_n,203,452
train,colon_n/colonn967.jpeg,0,benign,colonn967,colon_n,88,337
train,colon_n/colonn968.jpeg,0,benign,colonn968,colon_n,237,486
train,colon_n/colonn969.jpeg,0,benign,colonn969,colon_n,129,378
train,colon_n/colonn970.jpeg,0,benign,colonn970,colon_n,129,378
train,colon_n/colonn971.jpeg,0,benign,colonn971,colon_n,152,401
train,colon_n/colonn972.jpeg,0,benign,colonn972,colon_n,99,348
train,colon_n/colonn974.jpeg,0,benign,colonn974,colon_n,220,469
train,colon_n/colonn976.jpeg,0,benign,colonn976,colon_n,177,426
train,colon_n/colonn978.jpeg,0,benign,colonn978,colon_n,46,295
train,colon_n/colonn979.jpeg,0,benign,colonn979,colon_n,63,312
train,colon_n/colonn980.jpeg,0,benign,colonn980,colon_n,63,312
train,colon_n/colonn983.jpeg,0,benign,colonn983,colon_n,227,476
train,colon_n/colonn984.jpeg,0,benign,colonn984,colon_n,80,329
train,colon_n/colonn986.jpeg,0,benign,colonn986,colon_n,105,354
train,colon_n/colonn989.jpeg,0,benign,colonn989,colon_n,62,311
train,colon_n/colonn990.jpeg,0,benign,colonn990,colon_n,7,256
train,colon_n/colonn991.jpeg,0,benign,colonn991,colon_n,20,269
train,colon_n/colonn993.jpeg,0,benign,colonn993,colon_n,8,257
train,colon_n/colonn994.jpeg,0,benign,colonn994,colon_n,195,444
train,colon_aca/colonca1.jpeg,1,adenocarcinoma,colonca1,colon_aca,21,21
train,colon_aca/colonca10.jpeg,1,adenocarcinoma,colonca10,colon_aca,187,187
train,colon_aca/colonca1000.jpeg,1,adenocarcinoma,colonca1000,colon_aca,226,226
train,colon_aca/colonca1001.jpeg,1,adenocarcinoma,colonca1001,colon_aca,177,177
train,colon_aca/colonca1002.jpeg,1,adenocarcinoma,colonca1002,colon_aca,177,177
train,colon_aca/colonca1003.jpeg,1,adenocarcinoma,colonca1003,colon_aca,70,70
train,colon_aca/colonca1004.jpeg,1,adenocarcinoma,colonca1004,colon_aca,124,124
train,colon_aca/colonca1006.jpeg,1,adenocarcinoma,colonca1006,colon_aca,208,208
train,colon_aca/colonca1007.jpeg,1,adenocarcinoma,colonca1007,colon_aca,80,80
train,colon_aca/colonca1008.jpeg,1,adenocarcinoma,colonca1008,colon_aca,240,240
train,colon_aca/colonca101.jpeg,1,adenocarcinoma,colonca101,colon_aca,218,218
train,colon_aca/colonca1010.jpeg,1,adenocarcinoma,colonca1010,colon_aca,58,58
train,colon_aca/colonca1015.jpeg,1,adenocarcinoma,colonca1015,colon_aca,129,129
train,colon_aca/colonca1017.jpeg,1,adenocarcinoma,colonca1017,colon_aca,17,17
train,colon_aca/colonca1019.jpeg,1,adenocarcinoma,colonca1019,colon_aca,127,127
train,colon_aca/colonca102.jpeg,1,adenocarcinoma,colonca102,colon_aca,79,79
train,colon_aca/colonca1021.jpeg,1,adenocarcinoma,colonca1021,colon_aca,0,0
train,colon_aca/colonca1024.jpeg,1,adenocarcinoma,colonca1024,colon_aca,237,237
train,colon_aca/colonca1026.jpeg,1,adenocarcinoma,colonca1026,colon_aca,219,219
train,colon_aca/colonca1027.jpeg,1,adenocarcinoma,colonca1027,colon_aca,51,51
train,colon_aca/colonca1029.jpeg,1,adenocarcinoma,colonca1029,colon_aca,197,197
train,colon_aca/colonca103.jpeg,1,adenocarcinoma,colonca103,colon_aca,79,79
train,colon_aca/colonca1030.jpeg,1,adenocarcinoma,colonca1030,colon_aca,4,4
train,colon_aca/colonca1032.jpeg,1,adenocarcinoma,colonca1032,colon_aca,12,12
train,colon_aca/colonca1033.jpeg,1,adenocarcinoma,colonca1033,colon_aca,150,150
train,colon_aca/colonca1036.jpeg,1,adenocarcinoma,colonca1036,colon_aca,34,34
train,colon_aca/colonca1037.jpeg,1,adenocarcinoma,colonca1037,colon_aca,138,138
train,colon_aca/colonca1038.jpeg,1,adenocarcinoma,colonca1038,colon_aca,174,174
train,colon_aca/colonca1039.jpeg,1,adenocarcinoma,colonca1039,colon_aca,174,174
train,colon_aca/colonca104.jpeg,1,adenocarcinoma,colonca104,colon_aca,22,22
train,colon_aca/colonca1040.jpeg,1,adenocarcinoma,colonca1040,colon_aca,222,222
train,colon_aca/colonca1041.jpeg,1,adenocarcinoma,colonca1041,colon_aca,231,231
train,colon_aca/colonca1042.jpeg,1,adenocarcinoma,colonca1042,colon_aca,234,234
train,colon_aca/colonca1043.jpeg,1,adenocarcinoma,colonca1043,colon_aca,41,41
train,colon_aca/colonca1044.jpeg,1,adenocarcinoma,colonca1044,colon_aca,65,65
train,colon_aca/colonca1048.jpeg,1,adenocarcinoma,colonca1048,colon_aca,71,71
train,colon_aca/colonca1049.jpeg,1,adenocarcinoma,colonca1049,colon_aca,71,71
train,colon_aca/colonca105.jpeg,1,adenocarcinoma,colonca105,colon_aca,82,82
train,colon_aca/colonca1050.jpeg,1,adenocarcinoma,colonca1050,colon_aca,218,218
train,colon_aca/colonca1051.jpeg,1,adenocarcinoma,colonca1051,colon_aca,37,37
train,colon_aca/colonca1053.jpeg,1,adenocarcinoma,colonca1053,colon_aca,53,53
train,colon_aca/colonca1054.jpeg,1,adenocarcinoma,colonca1054,colon_aca,160,160
train,colon_aca/colonca1055.jpeg,1,adenocarcinoma,colonca1055,colon_aca,226,226
train,colon_aca/colonca1057.jpeg,1,adenocarcinoma,colonca1057,colon_aca,78,78
train,colon_aca/colonca1058.jpeg,1,adenocarcinoma,colonca1058,colon_aca,80,80
train,colon_aca/colonca106.jpeg,1,adenocarcinoma,colonca106,colon_aca,42,42
train,colon_aca/colonca1060.jpeg,1,adenocarcinoma,colonca1060,colon_aca,164,164
train,colon_aca/colonca1061.jpeg,1,adenocarcinoma,colonca1061,colon_aca,48,48
train,colon_aca/colonca1062.jpeg,1,adenocarcinoma,colonca1062,colon_aca,11,11
train,colon_aca/colonca1063.jpeg,1,adenocarcinoma,colonca1063,colon_aca,58,58
train,colon_aca/colonca1066.jpeg,1,adenocarcinoma,colonca1066,colon_aca,170,170
train,colon_aca/colonca1069.jpeg,1,adenocarcinoma,colonca1069,colon_aca,8,8
train,colon_aca/colonca107.jpeg,1,adenocarcinoma,colonca107,colon_aca,93,93
train,colon_aca/colonca1071.jpeg,1,adenocarcinoma,colonca1071,colon_aca,161,161
train,colon_aca/colonca1074.jpeg,1,adenocarcinoma,colonca1074,colon_aca,171,171
train,colon_aca/colonca1075.jpeg,1,adenocarcinoma,colonca1075,colon_aca,192,192
train,colon_aca/colonca1076.jpeg,1,adenocarcinoma,colonca1076,colon_aca,241,241
train,colon_aca/colonca1077.jpeg,1,adenocarcinoma,colonca1077,colon_aca,157,157
train,colon_aca/colonca1078.jpeg,1,adenocarcinoma,colonca1078,colon_aca,0,0
train,colon_aca/colonca1079.jpeg,1,adenocarcinoma,colonca1079,colon_aca,189,189
train,colon_aca/colonca108.jpeg,1,adenocarcinoma,colonca108,colon_aca,46,46
train,colon_aca/colonca1080.jpeg,1,adenocarcinoma,colonca1080,colon_aca,136,136
train,colon_aca/colonca1081.jpeg,1,adenocarcinoma,colonca1081,colon_aca,245,245
train,colon_aca/colonca1082.jpeg,1,adenocarcinoma,colonca1082,colon_aca,245,245
train,colon_aca/colonca1084.jpeg,1,adenocarcinoma,colonca1084,colon_aca,152,152
train,colon_aca/colonca1085.jpeg,1,adenocarcinoma,colonca1085,colon_aca,152,152
train,colon_aca/colonca1086.jpeg,1,adenocarcinoma,colonca1086,colon_aca,153,153
train,colon_aca/colonca1087.jpeg,1,adenocarcinoma,colonca1087,colon_aca,141,141
train,colon_aca/colonca1088.jpeg,1,adenocarcinoma,colonca1088,colon_aca,165,165
train,colon_aca/colonca1089.jpeg,1,adenocarcinoma,colonca1089,colon_aca,34,34
train,colon_aca/colonca109.jpeg,1,adenocarcinoma,colonca109,colon_aca,177,177
train,colon_aca/colonca1090.jpeg,1,adenocarcinoma,colonca1090,colon_aca,34,34
train,colon_aca/colonca1091.jpeg,1,adenocarcinoma,colonca1091,colon_aca,230,230
train,colon_aca/colonca1092.jpeg,1,adenocarcinoma,colonca1092,colon_aca,147,147
train,colon_aca/colonca1093.jpeg,1,adenocarcinoma,colonca1093,colon_aca,2,2
train,colon_aca/colonca1094.jpeg,1,adenocarcinoma,colonca1094,colon_aca,2,2
train,colon_aca/colonca1095.jpeg,1,adenocarcinoma,colonca1095,colon_aca,89,89
train,colon_aca/colonca1097.jpeg,1,adenocarcinoma,colonca1097,colon_aca,91,91
train,colon_aca/colonca1098.jpeg,1,adenocarcinoma,colonca1098,colon_aca,83,83
train,colon_aca/colonca11.jpeg,1,adenocarcinoma,colonca11,colon_aca,78,78
train,colon_aca/colonca110.jpeg,1,adenocarcinoma,colonca110,colon_aca,204,204
train,colon_aca/colonca1101.jpeg,1,adenocarcinoma,colonca1101,colon_aca,76,76
train,colon_aca/colonca1102.jpeg,1,adenocarcinoma,colonca1102,colon_aca,234,234
train,colon_aca/colonca1103.jpeg,1,adenocarcinoma,colonca1103,colon_aca,65,65
train,colon_aca/colonca1105.jpeg,1,adenocarcinoma,colonca1105,colon_aca,36,36
train,colon_aca/colonca1106.jpeg,1,adenocarcinoma,colonca1106,colon_aca,36,36
train,colon_aca/colonca1107.jpeg,1,adenocarcinoma,colonca1107,colon_aca,49,49
train,colon_aca/colonca1109.jpeg,1,adenocarcinoma,colonca1109,colon_aca,28,28
train,colon_aca/colonca1110.jpeg,1,adenocarcinoma,colonca1110,colon_aca,220,220
train,colon_aca/colonca1111.jpeg,1,adenocarcinoma,colonca1111,colon_aca,220,220
train,colon_aca/colonca1112.jpeg,1,adenocarcinoma,colonca1112,colon_aca,74,74
train,colon_aca/colonca1114.jpeg,1,adenocarcinoma,colonca1114,colon_aca,133,133
train,colon_aca/colonca1115.jpeg,1,adenocarcinoma,colonca1115,colon_aca,133,133
train,colon_aca/colonca1116.jpeg,1,adenocarcinoma,colonca1116,colon_aca,128,128
train,colon_aca/colonca1117.jpeg,1,adenocarcinoma,colonca1117,colon_aca,204,204
train,colon_aca/colonca1118.jpeg,1,adenocarcinoma,colonca1118,colon_aca,70,70
train,colon_aca/colonca1119.jpeg,1,adenocarcinoma,colonca1119,colon_aca,227,227
train,colon_aca/colonca112.jpeg,1,adenocarcinoma,colonca112,colon_aca,90,90
train,colon_aca/colonca1120.jpeg,1,adenocarcinoma,colonca1120,colon_aca,240,240
train,colon_aca/colonca1121.jpeg,1,adenocarcinoma,colonca1121,colon_aca,240,240
train,colon_aca/colonca1123.jpeg,1,adenocarcinoma,colonca1123,colon_aca,129,129
train,colon_aca/colonca1125.jpeg,1,adenocarcinoma,colonca1125,colon_aca,88,88
train,colon_aca/colonca1126.jpeg,1,adenocarcinoma,colonca1126,colon_aca,81,81
train,colon_aca/colonca1127.jpeg,1,adenocarcinoma,colonca1127,colon_aca,206,206
train,colon_aca/colonca1128.jpeg,1,adenocarcinoma,colonca1128,colon_aca,206,206
train,colon_aca/colonca1129.jpeg,1,adenocarcinoma,colonca1129,colon_aca,8,8
train,colon_aca/colonca113.jpeg,1,adenocarcinoma,colonca113,colon_aca,90,90
train,colon_aca/colonca1133.jpeg,1,adenocarcinoma,colonca1133,colon_aca,182,182
train,colon_aca/colonca1134.jpeg,1,adenocarcinoma,colonca1134,colon_aca,182,182
train,colon_aca/colonca1135.jpeg,1,adenocarcinoma,colonca1135,colon_aca,182,182
train,colon_aca/colonca1136.jpeg,1,adenocarcinoma,colonca1136,colon_aca,182,182
train,colon_aca/colonca1138.jpeg,1,adenocarcinoma,colonca1138,colon_aca,39,39
train,colon_aca/colonca1139.jpeg,1,adenocarcinoma,colonca1139,colon_aca,0,0
train,colon_aca/colonca114.jpeg,1,adenocarcinoma,colonca114,colon_aca,105,105
train,colon_aca/colonca1140.jpeg,1,adenocarcinoma,colonca1140,colon_aca,21,21
train,colon_aca/colonca1141.jpeg,1,adenocarcinoma,colonca1141,colon_aca,169,169
train,colon_aca/colonca1143.jpeg,1,adenocarcinoma,colonca1143,colon_aca,153,153
train,colon_aca/colonca1144.jpeg,1,adenocarcinoma,colonca1144,colon_aca,63,63
train,colon_aca/colonca1145.jpeg,1,adenocarcinoma,colonca1145,colon_aca,20,20
train,colon_aca/colonca1146.jpeg,1,adenocarcinoma,colonca1146,colon_aca,32,32
train,colon_aca/colonca1148.jpeg,1,adenocarcinoma,colonca1148,colon_aca,34,34
train,colon_aca/colonca1149.jpeg,1,adenocarcinoma,colonca1149,colon_aca,64,64
train,colon_aca/colonca115.jpeg,1,adenocarcinoma,colonca115,colon_aca,105,105
train,colon_aca/colonca1150.jpeg,1,adenocarcinoma,colonca1150,colon_aca,163,163
train,colon_aca/colonca1151.jpeg,1,adenocarcinoma,colonca1151,colon_aca,230,230
train,colon_aca/colonca1152.jpeg,1,adenocarcinoma,colonca1152,colon_aca,230,230
train,colon_aca/colonca1154.jpeg,1,adenocarcinoma,colonca1154,colon_aca,91,91
train,colon_aca/colonca1156.jpeg,1,adenocarcinoma,colonca1156,colon_aca,222,222
train,colon_aca/colonca1157.jpeg,1,adenocarcinoma,colonca1157,colon_aca,77,77
train,colon_aca/colonca116.jpeg,1,adenocarcinoma,colonca116,colon_aca,121,121
train,colon_aca/colonca1161.jpeg,1,adenocarcinoma,colonca1161,colon_aca,218,218
train,colon_aca/colonca1166.jpeg,1,adenocarcinoma,colonca1166,colon_aca,101,101
train,colon_aca/colonca1167.jpeg,1,adenocarcinoma,colonca1167,colon_aca,22,22
train,colon_aca/colonca1169.jpeg,1,adenocarcinoma,colonca1169,colon_aca,220,220
train,colon_aca/colonca1170.jpeg,1,adenocarcinoma,colonca1170,colon_aca,82,82
train,colon_aca/colonca1173.jpeg,1,adenocarcinoma,colonca1173,colon_aca,53,53
train,colon_aca/colonca1174.jpeg,1,adenocarcinoma,colonca1174,colon_aca,186,186
train,colon_aca/colonca1175.jpeg,1,adenocarcinoma,colonca1175,colon_aca,212,212
train,colon_aca/colonca1176.jpeg,1,adenocarcinoma,colonca1176,colon_aca,42,42
train,colon_aca/colonca1178.jpeg,1,adenocarcinoma,colonca1178,colon_aca,145,145
train,colon_aca/colonca1179.jpeg,1,adenocarcinoma,colonca1179,colon_aca,160,160
train,colon_aca/colonca118.jpeg,1,adenocarcinoma,colonca118,colon_aca,207,207
train,colon_aca/colonca1180.jpeg,1,adenocarcinoma,colonca1180,colon_aca,204,204
train,colon_aca/colonca1181.jpeg,1,adenocarcinoma,colonca1181,colon_aca,27,27
train,colon_aca/colonca1182.jpeg,1,adenocarcinoma,colonca1182,colon_aca,124,124
train,colon_aca/colonca1183.jpeg,1,adenocarcinoma,colonca1183,colon_aca,198,198
train,colon_aca/colonca1184.jpeg,1,adenocarcinoma,colonca1184,colon_aca,134,134
train,colon_aca/colonca1186.jpeg,1,adenocarcinoma,colonca1186,colon_aca,191,191
train,colon_aca/colonca1187.jpeg,1,adenocarcinoma,colonca1187,colon_aca,11,11
train,colon_aca/colonca119.jpeg,1,adenocarcinoma,colonca119,colon_aca,103,103
train,colon_aca/colonca1190.jpeg,1,adenocarcinoma,colonca1190,colon_aca,105,105
train,colon_aca/colonca1192.jpeg,1,adenocarcinoma,colonca1192,colon_aca,103,103
train,colon_aca/colonca1193.jpeg,1,adenocarcinoma,colonca1193,colon_aca,229,229
train,colon_aca/colonca1194.jpeg,1,adenocarcinoma,colonca1194,colon_aca,131,131
train,colon_aca/colonca1195.jpeg,1,adenocarcinoma,colonca1195,colon_aca,149,149
train,colon_aca/colonca1197.jpeg,1,adenocarcinoma,colonca1197,colon_aca,166,166
train,colon_aca/colonca1198.jpeg,1,adenocarcinoma,colonca1198,colon_aca,221,221
train,colon_aca/colonca12.jpeg,1,adenocarcinoma,colonca12,colon_aca,191,191
train,colon_aca/colonca120.jpeg,1,adenocarcinoma,colonca120,colon_aca,107,107
train,colon_aca/colonca1200.jpeg,1,adenocarcinoma,colonca1200,colon_aca,219,219
train,colon_aca/colonca1201.jpeg,1,adenocarcinoma,colonca1201,colon_aca,51,51
train,colon_aca/colonca1202.jpeg,1,adenocarcinoma,colonca1202,colon_aca,21,21
train,colon_aca/colonca1203.jpeg,1,adenocarcinoma,colonca1203,colon_aca,50,50
train,colon_aca/colonca1204.jpeg,1,adenocarcinoma,colonca1204,colon_aca,50,50
train,colon_aca/colonca1205.jpeg,1,adenocarcinoma,colonca1205,colon_aca,197,197
train,colon_aca/colonca1206.jpeg,1,adenocarcinoma,colonca1206,colon_aca,5,5
train,colon_aca/colonca1207.jpeg,1,adenocarcinoma,colonca1207,colon_aca,1,1
train,colon_aca/colonca1208.jpeg,1,adenocarcinoma,colonca1208,colon_aca,1,1
train,colon_aca/colonca1209.jpeg,1,adenocarcinoma,colonca1209,colon_aca,153,153
train,colon_aca/colonca121.jpeg,1,adenocarcinoma,colonca121,colon_aca,44,44
train,colon_aca/colonca1210.jpeg,1,adenocarcinoma,colonca1210,colon_aca,32,32
train,colon_aca/colonca1212.jpeg,1,adenocarcinoma,colonca1212,colon_aca,86,86
train,colon_aca/colonca1213.jpeg,1,adenocarcinoma,colonca1213,colon_aca,146,146
train,colon_aca/colonca1214.jpeg,1,adenocarcinoma,colonca1214,colon_aca,147,147
train,colon_aca/colonca1215.jpeg,1,adenocarcinoma,colonca1215,colon_aca,243,243
train,colon_aca/colonca1216.jpeg,1,adenocarcinoma,colonca1216,colon_aca,176,176
train,colon_aca/colonca1217.jpeg,1,adenocarcinoma,colonca1217,colon_aca,102,102
train,colon_aca/colonca1218.jpeg,1,adenocarcinoma,colonca1218,colon_aca,91,91
train,colon_aca/colonca1219.jpeg,1,adenocarcinoma,colonca1219,colon_aca,99,99
train,colon_aca/colonca122.jpeg,1,adenocarcinoma,colonca122,colon_aca,62,62
train,colon_aca/colonca1221.jpeg,1,adenocarcinoma,colonca1221,colon_aca,47,47
train,colon_aca/colonca1222.jpeg,1,adenocarcinoma,colonca1222,colon_aca,47,47
train,colon_aca/colonca1223.jpeg,1,adenocarcinoma,colonca1223,colon_aca,72,72
train,colon_aca/colonca1225.jpeg,1,adenocarcinoma,colonca1225,colon_aca,188,188
train,colon_aca/colonca1229.jpeg,1,adenocarcinoma,colonca1229,colon_aca,113,113
train,colon_aca/colonca123.jpeg,1,adenocarcinoma,colonca123,colon_aca,31,31
train,colon_aca/colonca1230.jpeg,1,adenocarcinoma,colonca1230,colon_aca,214,214
train,colon_aca/colonca1231.jpeg,1,adenocarcinoma,colonca1231,colon_aca,22,22
train,colon_aca/colonca1232.jpeg,1,adenocarcinoma,colonca1232,colon_aca,85,85
train,colon_aca/colonca1234.jpeg,1,adenocarcinoma,colonca1234,colon_aca,178,178
train,colon_aca/colonca1235.jpeg,1,adenocarcinoma,colonca1235,colon_aca,204,204
train,colon_aca/colonca1236.jpeg,1,adenocarcinoma,colonca1236,colon_aca,27,27
train,colon_aca/colonca1237.jpeg,1,adenocarcinoma,colonca1237,colon_aca,227,227
train,colon_aca/colonca1239.jpeg,1,adenocarcinoma,colonca1239,colon_aca,80,80
train,colon_aca/colonca1240.jpeg,1,adenocarcinoma,colonca1240,colon_aca,90,90
train,colon_aca/colonca1242.jpeg,1,adenocarcinoma,colonca1242,colon_aca,121,121
train,colon_aca/colonca1245.jpeg,1,adenocarcinoma,colonca1245,colon_aca,31,31
train,colon_aca/colonca1246.jpeg,1,adenocarcinoma,colonca1246,colon_aca,31,31
train,colon_aca/colonca1248.jpeg,1,adenocarcinoma,colonca1248,colon_aca,17,17
train,colon_aca/colonca1249.jpeg,1,adenocarcinoma,colonca1249,colon_aca,59,59
train,colon_aca/colonca1252.jpeg,1,adenocarcinoma,colonca1252,colon_aca,135,135
train,colon_aca/colonca1253.jpeg,1,adenocarcinoma,colonca1253,colon_aca,135,135
train,colon_aca/colonca1254.jpeg,1,adenocarcinoma,colonca1254,colon_aca,171,171
train,colon_aca/colonca1256.jpeg,1,adenocarcinoma,colonca1256,colon_aca,0,0
train,colon_aca/colonca1260.jpeg,1,adenocarcinoma,colonca1260,colon_aca,136,136
train,colon_aca/colonca1263.jpeg,1,adenocarcinoma,colonca1263,colon_aca,51,51
train,colon_aca/colonca1264.jpeg,1,adenocarcinoma,colonca1264,colon_aca,51,51
train,colon_aca/colonca1265.jpeg,1,adenocarcinoma,colonca1265,colon_aca,51,51
train,colon_aca/colonca1266.jpeg,1,adenocarcinoma,colonca1266,colon_aca,245,245
train,colon_aca/colonca1267.jpeg,1,adenocarcinoma,colonca1267,colon_aca,12,12
train,colon_aca/colonca1268.jpeg,1,adenocarcinoma,colonca1268,colon_aca,1,1
train,colon_aca/colonca1269.jpeg,1,adenocarcinoma,colonca1269,colon_aca,150,150
train,colon_aca/colonca127.jpeg,1,adenocarcinoma,colonca127,colon_aca,14,14
train,colon_aca/colonca1270.jpeg,1,adenocarcinoma,colonca1270,colon_aca,63,63
train,colon_aca/colonca1271.jpeg,1,adenocarcinoma,colonca1271,colon_aca,34,34
train,colon_aca/colonca1272.jpeg,1,adenocarcinoma,colonca1272,colon_aca,86,86
train,colon_aca/colonca1277.jpeg,1,adenocarcinoma,colonca1277,colon_aca,230,230
train,colon_aca/colonca1278.jpeg,1,adenocarcinoma,colonca1278,colon_aca,2,2
train,colon_aca/colonca1279.jpeg,1,adenocarcinoma,colonca1279,colon_aca,179,179
train,colon_aca/colonca128.jpeg,1,adenocarcinoma,colonca128,colon_aca,241,241
train,colon_aca/colonca1280.jpeg,1,adenocarcinoma,colonca1280,colon_aca,174,174
train,colon_aca/colonca1281.jpeg,1,adenocarcinoma,colonca1281,colon_aca,174,174
train,colon_aca/colonca1283.jpeg,1,adenocarcinoma,colonca1283,colon_aca,222,222
train,colon_aca/colonca1284.jpeg,1,adenocarcinoma,colonca1284,colon_aca,222,222
train,colon_aca/colonca1285.jpeg,1,adenocarcinoma,colonca1285,colon_aca,222,222
train,colon_aca/colonca1288.jpeg,1,adenocarcinoma,colonca1288,colon_aca,238,238
train,colon_aca/colonca1289.jpeg,1,adenocarcinoma,colonca1289,colon_aca,65,65
train,colon_aca/colonca1290.jpeg,1,adenocarcinoma,colonca1290,colon_aca,22,22
train,colon_aca/colonca1291.jpeg,1,adenocarcinoma,colonca1291,colon_aca,22,22
train,colon_aca/colonca1292.jpeg,1,adenocarcinoma,colonca1292,colon_aca,22,22
train,colon_aca/colonca1294.jpeg,1,adenocarcinoma,colonca1294,colon_aca,85,85
train,colon_aca/colonca1295.jpeg,1,adenocarcinoma,colonca1295,colon_aca,28,28
train,colon_aca/colonca1296.jpeg,1,adenocarcinoma,colonca1296,colon_aca,54,54
train,colon_aca/colonca1299.jpeg,1,adenocarcinoma,colonca1299,colon_aca,178,178
train,colon_aca/colonca1300.jpeg,1,adenocarcinoma,colonca1300,colon_aca,128,128
train,colon_aca/colonca1301.jpeg,1,adenocarcinoma,colonca1301,colon_aca,177,177
train,colon_aca/colonca1303.jpeg,1,adenocarcinoma,colonca1303,colon_aca,90,90
train,colon_aca/colonca1304.jpeg,1,adenocarcinoma,colonca1304,colon_aca,90,90
train,colon_aca/colonca1306.jpeg,1,adenocarcinoma,colonca1306,colon_aca,94,94
train,colon_aca/colonca1307.jpeg,1,adenocarcinoma,colonca1307,colon_aca,94,94
train,colon_aca/colonca1308.jpeg,1,adenocarcinoma,colonca1308,colon_aca,121,121
train,colon_aca/colonca1310.jpeg,1,adenocarcinoma,colonca1310,colon_aca,207,207
train,colon_aca/colonca1311.jpeg,1,adenocarcinoma,colonca1311,colon_aca,207,207
train,colon_aca/colonca1312.jpeg,1,adenocarcinoma,colonca1312,colon_aca,107,107
train,colon_aca/colonca1313.jpeg,1,adenocarcinoma,colonca1313,colon_aca,44,44
train,colon_aca/colonca1314.jpeg,1,adenocarcinoma,colonca1314,colon_aca,149,149
train,colon_aca/colonca1315.jpeg,1,adenocarcinoma,colonca1315,colon_aca,206,206
train,colon_aca/colonca1316.jpeg,1,adenocarcinoma,colonca1316,colon_aca,110,110
train,colon_aca/colonca1317.jpeg,1,adenocarcinoma,colonca1317,colon_aca,157,157
train,colon_aca/colonca132.jpeg,1,adenocarcinoma,colonca132,colon_aca,51,51
train,colon_aca/colonca1320.jpeg,1,adenocarcinoma,colonca1320,colon_aca,219,219
train,colon_aca/colonca1321.jpeg,1,adenocarcinoma,colonca1321,colon_aca,136,136
train,colon_aca/colonca1322.jpeg,1,adenocarcinoma,colonca1322,colon_aca,50,50
train,colon_aca/colonca1323.jpeg,1,adenocarcinoma,colonca1323,colon_aca,92,92
train,colon_aca/colonca1324.jpeg,1,adenocarcinoma,colonca1324,colon_aca,63,63
train,colon_aca/colonca1325.jpeg,1,adenocarcinoma,colonca1325,colon_aca,141,141
train,colon_aca/colonca1326.jpeg,1,adenocarcinoma,colonca1326,colon_aca,32,32
train,colon_aca/colonca1327.jpeg,1,adenocarcinoma,colonca1327,colon_aca,210,210
train,colon_aca/colonca1328.jpeg,1,adenocarcinoma,colonca1328,colon_aca,34,34
train,colon_aca/colonca1329.jpeg,1,adenocarcinoma,colonca1329,colon_aca,146,146
train,colon_aca/colonca133.jpeg,1,adenocarcinoma,colonca133,colon_aca,95,95
train,colon_aca/colonca1330.jpeg,1,adenocarcinoma,colonca1330,colon_aca,230,230
train,colon_aca/colonca1332.jpeg,1,adenocarcinoma,colonca1332,colon_aca,99,99
train,colon_aca/colonca1334.jpeg,1,adenocarcinoma,colonca1334,colon_aca,56,56
train,colon_aca/colonca1335.jpeg,1,adenocarcinoma,colonca1335,colon_aca,248,248
train,colon_aca/colonca1339.jpeg,1,adenocarcinoma,colonca1339,colon_aca,116,116
train,colon_aca/colonca134.jpeg,1,adenocarcinoma,colonca134,colon_aca,50,50
train,colon_aca/colonca1340.jpeg,1,adenocarcinoma,colonca1340,colon_aca,49,49
train,colon_aca/colonca1341.jpeg,1,adenocarcinoma,colonca1341,colon_aca,218,218
train,colon_aca/colonca1342.jpeg,1,adenocarcinoma,colonca1342,colon_aca,23,23
train,colon_aca/colonca1343.jpeg,1,adenocarcinoma,colonca1343,colon_aca,28,28
train,colon_aca/colonca1344.jpeg,1,adenocarcinoma,colonca1344,colon_aca,37,37
train,colon_aca/colonca1345.jpeg,1,adenocarcinoma,colonca1345,colon_aca,53,53
train,colon_aca/colonca1347.jpeg,1,adenocarcinoma,colonca1347,colon_aca,93,93
train,colon_aca/colonca1348.jpeg,1,adenocarcinoma,colonca1348,colon_aca,177,177
train,colon_aca/colonca1349.jpeg,1,adenocarcinoma,colonca1349,colon_aca,242,242
train,colon_aca/colonca135.jpeg,1,adenocarcinoma,colonca135,colon_aca,50,50
train,colon_aca/colonca1350.jpeg,1,adenocarcinoma,colonca1350,colon_aca,227,227
train,colon_aca/colonca1352.jpeg,1,adenocarcinoma,colonca1352,colon_aca,134,134
train,colon_aca/colonca1356.jpeg,1,adenocarcinoma,colonca1356,colon_aca,185,185
train,colon_aca/colonca1357.jpeg,1,adenocarcinoma,colonca1357,colon_aca,105,105
train,colon_aca/colonca1358.jpeg,1,adenocarcinoma,colonca1358,colon_aca,121,121
train,colon_aca/colonca1359.jpeg,1,adenocarcinoma,colonca1359,colon_aca,207,207
train,colon_aca/colonca136.jpeg,1,adenocarcinoma,colonca136,colon_aca,142,142
train,colon_aca/colonca1362.jpeg,1,adenocarcinoma,colonca1362,colon_aca,107,107
train,colon_aca/colonca1363.jpeg,1,adenocarcinoma,colonca1363,colon_aca,229,229
train,colon_aca/colonca1365.jpeg,1,adenocarcinoma,colonca1365,colon_aca,166,166
train,colon_aca/colonca1366.jpeg,1,adenocarcinoma,colonca1366,colon_aca,127,127
train,colon_aca/colonca1367.jpeg,1,adenocarcinoma,colonca1367,colon_aca,171,171
train,colon_aca/colonca1368.jpeg,1,adenocarcinoma,colonca1368,colon_aca,209,209
train,colon_aca/colonca1369.jpeg,1,adenocarcinoma,colonca1369,colon_aca,209,209
train,colon_aca/colonca137.jpeg,1,adenocarcinoma,colonca137,colon_aca,225,225
train,colon_aca/colonca1370.jpeg,1,adenocarcinoma,colonca1370,colon_aca,110,110
train,colon_aca/colonca1371.jpeg,1,adenocarcinoma,colonca1371,colon_aca,221,221
train,colon_aca/colonca1373.jpeg,1,adenocarcinoma,colonca1373,colon_aca,40,40
train,colon_aca/colonca1374.jpeg,1,adenocarcinoma,colonca1374,colon_aca,52,52
train,colon_aca/colonca1375.jpeg,1,adenocarcinoma,colonca1375,colon_aca,189,189
train,colon_aca/colonca1376.jpeg,1,adenocarcinoma,colonca1376,colon_aca,51,51
train,colon_aca/colonca1377.jpeg,1,adenocarcinoma,colonca1377,colon_aca,51,51
train,colon_aca/colonca1378.jpeg,1,adenocarcinoma,colonca1378,colon_aca,245,245
train,colon_aca/colonca1379.jpeg,1,adenocarcinoma,colonca1379,colon_aca,197,197
train,colon_aca/colonca138.jpeg,1,adenocarcinoma,colonca138,colon_aca,92,92
train,colon_aca/colonca1380.jpeg,1,adenocarcinoma,colonca1380,colon_aca,197,197
train,colon_aca/colonca1381.jpeg,1,adenocarcinoma,colonca1381,colon_aca,4,4
train,colon_aca/colonca1384.jpeg,1,adenocarcinoma,colonca1384,colon_aca,141,141
train,colon_aca/colonca1385.jpeg,1,adenocarcinoma,colonca1385,colon_aca,43,43
train,colon_aca/colonca1386.jpeg,1,adenocarcinoma,colonca1386,colon_aca,43,43
train,colon_aca/colonca1387.jpeg,1,adenocarcinoma,colonca1387,colon_aca,230,230
train,colon_aca/colonca1388.jpeg,1,adenocarcinoma,colonca1388,colon_aca,243,243
train,colon_aca/colonca1389.jpeg,1,adenocarcinoma,colonca1389,colon_aca,99,99
train,colon_aca/colonca139.jpeg,1,adenocarcinoma,colonca139,colon_aca,141,141
train,colon_aca/colonca1391.jpeg,1,adenocarcinoma,colonca1391,colon_aca,231,231
train,colon_aca/colonca1392.jpeg,1,adenocarcinoma,colonca1392,colon_aca,41,41
train,colon_aca/colonca1394.jpeg,1,adenocarcinoma,colonca1394,colon_aca,71,71
train,colon_aca/colonca1395.jpeg,1,adenocarcinoma,colonca1395,colon_aca,71,71
train,colon_aca/colonca1396.jpeg,1,adenocarcinoma,colonca1396,colon_aca,116,116
train,colon_aca/colonca1397.jpeg,1,adenocarcinoma,colonca1397,colon_aca,218,218
train,colon_aca/colonca14.jpeg,1,adenocarcinoma,colonca14,colon_aca,203,203
train,colon_aca/colonca140.jpeg,1,adenocarcinoma,colonca140,colon_aca,106,106
train,colon_aca/colonca1400.jpeg,1,adenocarcinoma,colonca1400,colon_aca,23,23
train,colon_aca/colonca1401.jpeg,1,adenocarcinoma,colonca1401,colon_aca,37,37
train,colon_aca/colonca1402.jpeg,1,adenocarcinoma,colonca1402,colon_aca,26,26
train,colon_aca/colonca1403.jpeg,1,adenocarcinoma,colonca1403,colon_aca,186,186
train,colon_aca/colonca1404.jpeg,1,adenocarcinoma,colonca1404,colon_aca,212,212
train,colon_aca/colonca1406.jpeg,1,adenocarcinoma,colonca1406,colon_aca,160,160
train,colon_aca/colonca1408.jpeg,1,adenocarcinoma,colonca1408,colon_aca,133,133
train,colon_aca/colonca1409.jpeg,1,adenocarcinoma,colonca1409,colon_aca,27,27
train,colon_aca/colonca141.jpeg,1,adenocarcinoma,colonca141,colon_aca,138,138
train,colon_aca/colonca1410.jpeg,1,adenocarcinoma,colonca1410,colon_aca,27,27
train,colon_aca/colonca1412.jpeg,1,adenocarcinoma,colonca1412,colon_aca,3,3
train,colon_aca/colonca1413.jpeg,1,adenocarcinoma,colonca1413,colon_aca,3,3
train,colon_aca/colonca1414.jpeg,1,adenocarcinoma,colonca1414,colon_aca,240,240
train,colon_aca/colonca1416.jpeg,1,adenocarcinoma,colonca1416,colon_aca,185,185
train,colon_aca/colonca1417.jpeg,1,adenocarcinoma,colonca1417,colon_aca,105,105
train,colon_aca/colonca1418.jpeg,1,adenocarcinoma,colonca1418,colon_aca,207,207
train,colon_aca/colonca1419.jpeg,1,adenocarcinoma,colonca1419,colon_aca,103,103
train,colon_aca/colonca142.jpeg,1,adenocarcinoma,colonca142,colon_aca,130,130
train,colon_aca/colonca1420.jpeg,1,adenocarcinoma,colonca1420,colon_aca,44,44
train,colon_aca/colonca1421.jpeg,1,adenocarcinoma,colonca1421,colon_aca,44,44
train,colon_aca/colonca1422.jpeg,1,adenocarcinoma,colonca1422,colon_aca,131,131
train,colon_aca/colonca1424.jpeg,1,adenocarcinoma,colonca1424,colon_aca,17,17
train,colon_aca/colonca1425.jpeg,1,adenocarcinoma,colonca1425,colon_aca,59,59
train,colon_aca/colonca1426.jpeg,1,adenocarcinoma,colonca1426,colon_aca,59,59
train,colon_aca/colonca143.jpeg,1,adenocarcinoma,colonca143,colon_aca,230,230
train,colon_aca/colonca1431.jpeg,1,adenocarcinoma,colonca1431,colon_aca,157,157
train,colon_aca/colonca1432.jpeg,1,adenocarcinoma,colonca1432,colon_aca,168,168
train,colon_aca/colonca1435.jpeg,1,adenocarcinoma,colonca1435,colon_aca,219,219
train,colon_aca/colonca1436.jpeg,1,adenocarcinoma,colonca1436,colon_aca,169,169
train,colon_aca/colonca1437.jpeg,1,adenocarcinoma,colonca1437,colon_aca,225,225
train,colon_aca/colonca1439.jpeg,1,adenocarcinoma,colonca1439,colon_aca,20,20
train,colon_aca/colonca144.jpeg,1,adenocarcinoma,colonca144,colon_aca,243,243
train,colon_aca/colonca1440.jpeg,1,adenocarcinoma,colonca1440,colon_aca,20,20
train,colon_aca/colonca1441.jpeg,1,adenocarcinoma,colonca1441,colon_aca,87,87
train,colon_aca/colonca1443.jpeg,1,adenocarcinoma,colonca1443,colon_aca,138,138
train,colon_aca/colonca1445.jpeg,1,adenocarcinoma,colonca1445,colon_aca,2,2
train,colon_aca/colonca1448.jpeg,1,adenocarcinoma,colonca1448,colon_aca,99,99
train,colon_aca/colonca1449.jpeg,1,adenocarcinoma,colonca1449,colon_aca,7,7
train,colon_aca/colonca1452.jpeg,1,adenocarcinoma,colonca1452,colon_aca,41,41
train,colon_aca/colonca1453.jpeg,1,adenocarcinoma,colonca1453,colon_aca,65,65
train,colon_aca/colonca1456.jpeg,1,adenocarcinoma,colonca1456,colon_aca,116,116
train,colon_aca/colonca1457.jpeg,1,adenocarcinoma,colonca1457,colon_aca,49,49
train,colon_aca/colonca1458.jpeg,1,adenocarcinoma,colonca1458,colon_aca,218,218
train,colon_aca/colonca1459.jpeg,1,adenocarcinoma,colonca1459,colon_aca,214,214
train,colon_aca/colonca146.jpeg,1,adenocarcinoma,colonca146,colon_aca,179,179
train,colon_aca/colonca1460.jpeg,1,adenocarcinoma,colonca1460,colon_aca,98,98
train,colon_aca/colonca1461.jpeg,1,adenocarcinoma,colonca1461,colon_aca,101,101
train,colon_aca/colonca1462.jpeg,1,adenocarcinoma,colonca1462,colon_aca,54,54
train,colon_aca/colonca1463.jpeg,1,adenocarcinoma,colonca1463,colon_aca,42,42
train,colon_aca/colonca1464.jpeg,1,adenocarcinoma,colonca1464,colon_aca,145,145
train,colon_aca/colonca1465.jpeg,1,adenocarcinoma,colonca1465,colon_aca,178,178
train,colon_aca/colonca1467.jpeg,1,adenocarcinoma,colonca1467,colon_aca,133,133
train,colon_aca/colonca1468.jpeg,1,adenocarcinoma,colonca1468,colon_aca,133,133
train,colon_aca/colonca1469.jpeg,1,adenocarcinoma,colonca1469,colon_aca,204,204
train,colon_aca/colonca1470.jpeg,1,adenocarcinoma,colonca1470,colon_aca,124,124
train,colon_aca/colonca1471.jpeg,1,adenocarcinoma,colonca1471,colon_aca,198,198
train,colon_aca/colonca1472.jpeg,1,adenocarcinoma,colonca1472,colon_aca,48,48
train,colon_aca/colonca1473.jpeg,1,adenocarcinoma,colonca1473,colon_aca,58,58
train,colon_aca/colonca1474.jpeg,1,adenocarcinoma,colonca1474,colon_aca,58,58
train,colon_aca/colonca1476.jpeg,1,adenocarcinoma,colonca1476,colon_aca,170,170
train,colon_aca/colonca1478.jpeg,1,adenocarcinoma,colonca1478,colon_aca,44,44
train,colon_aca/colonca1479.jpeg,1,adenocarcinoma,colonca1479,colon_aca,131,131
train,colon_aca/colonca1480.jpeg,1,adenocarcinoma,colonca1480,colon_aca,88,88
train,colon_aca/colonca1481.jpeg,1,adenocarcinoma,colonca1481,colon_aca,31,31
train,colon_aca/colonca1482.jpeg,1,adenocarcinoma,colonca1482,colon_aca,149,149
train,colon_aca/colonca1483.jpeg,1,adenocarcinoma,colonca1483,colon_aca,81,81
train,colon_aca/colonca1485.jpeg,1,adenocarcinoma,colonca1485,colon_aca,206,206
train,colon_aca/colonca1486.jpeg,1,adenocarcinoma,colonca1486,colon_aca,8,8
train,colon_aca/colonca1488.jpeg,1,adenocarcinoma,colonca1488,colon_aca,127,127
train,colon_aca/colonca1489.jpeg,1,adenocarcinoma,colonca1489,colon_aca,110,110
train,colon_aca/colonca149.jpeg,1,adenocarcinoma,colonca149,colon_aca,188,188
train,colon_aca/colonca1490.jpeg,1,adenocarcinoma,colonca1490,colon_aca,110,110
train,colon_aca/colonca1491.jpeg,1,adenocarcinoma,colonca1491,colon_aca,110,110
train,colon_aca/colonca1492.jpeg,1,adenocarcinoma,colonca1492,colon_aca,157,157
train,colon_aca/colonca1495.jpeg,1,adenocarcinoma,colonca1495,colon_aca,39,39
train,colon_aca/colonca1496.jpeg,1,adenocarcinoma,colonca1496,colon_aca,0,0
train,colon_aca/colonca1498.jpeg,1,adenocarcinoma,colonca1498,colon_aca,225,225
train,colon_aca/colonca1499.jpeg,1,adenocarcinoma,colonca1499,colon_aca,217,217
train,colon_aca/colonca150.jpeg,1,adenocarcinoma,colonca150,colon_aca,188,188
train,colon_aca/colonca1500.jpeg,1,adenocarcinoma,colonca1500,colon_aca,32,32
train,colon_aca/colonca1501.jpeg,1,adenocarcinoma,colonca1501,colon_aca,106,106
train,colon_aca/colonca1502.jpeg,1,adenocarcinoma,colonca1502,colon_aca,210,210
train,colon_aca/colonca1503.jpeg,1,adenocarcinoma,colonca1503,colon_aca,210,210
train,colon_aca/colonca1504.jpeg,1,adenocarcinoma,colonca1504,colon_aca,13,13
train,colon_aca/colonca1506.jpeg,1,adenocarcinoma,colonca1506,colon_aca,64,64
train,colon_aca/colonca1507.jpeg,1,adenocarcinoma,colonca1507,colon_aca,99,99
train,colon_aca/colonca1508.jpeg,1,adenocarcinoma,colonca1508,colon_aca,47,47
train,colon_aca/colonca1509.jpeg,1,adenocarcinoma,colonca1509,colon_aca,47,47
train,colon_aca/colonca1511.jpeg,1,adenocarcinoma,colonca1511,colon_aca,208,208
train,colon_aca/colonca1512.jpeg,1,adenocarcinoma,colonca1512,colon_aca,202,202
train,colon_aca/colonca1518.jpeg,1,adenocarcinoma,colonca1518,colon_aca,116,116
train,colon_aca/colonca1519.jpeg,1,adenocarcinoma,colonca1519,colon_aca,220,220
train,colon_aca/colonca152.jpeg,1,adenocarcinoma,colonca152,colon_aca,36,36
train,colon_aca/colonca1520.jpeg,1,adenocarcinoma,colonca1520,colon_aca,133,133
train,colon_aca/colonca1521.jpeg,1,adenocarcinoma,colonca1521,colon_aca,35,35
train,colon_aca/colonca1522.jpeg,1,adenocarcinoma,colonca1522,colon_aca,3,3
train,colon_aca/colonca1523.jpeg,1,adenocarcinoma,colonca1523,colon_aca,134,134
train,colon_aca/colonca1524.jpeg,1,adenocarcinoma,colonca1524,colon_aca,240,240
train,colon_aca/colonca1525.jpeg,1,adenocarcinoma,colonca1525,colon_aca,90,90
train,colon_aca/colonca1526.jpeg,1,adenocarcinoma,colonca1526,colon_aca,48,48
train,colon_aca/colonca1528.jpeg,1,adenocarcinoma,colonca1528,colon_aca,94,94
train,colon_aca/colonca153.jpeg,1,adenocarcinoma,colonca153,colon_aca,113,113
train,colon_aca/colonca1530.jpeg,1,adenocarcinoma,colonca1530,colon_aca,185,185
train,colon_aca/colonca1533.jpeg,1,adenocarcinoma,colonca1533,colon_aca,129,129
train,colon_aca/colonca1534.jpeg,1,adenocarcinoma,colonca1534,colon_aca,129,129
train,colon_aca/colonca1537.jpeg,1,adenocarcinoma,colonca1537,colon_aca,44,44
train,colon_aca/colonca1538.jpeg,1,adenocarcinoma,colonca1538,colon_aca,229,229
train,colon_aca/colonca1539.jpeg,1,adenocarcinoma,colonca1539,colon_aca,62,62
train,colon_aca/colonca154.jpeg,1,adenocarcinoma,colonca154,colon_aca,113,113
train,colon_aca/colonca1543.jpeg,1,adenocarcinoma,colonca1543,colon_aca,206,206
train,colon_aca/colonca1545.jpeg,1,adenocarcinoma,colonca1545,colon_aca,135,135
train,colon_aca/colonca1546.jpeg,1,adenocarcinoma,colonca1546,colon_aca,14,14
train,colon_aca/colonca1547.jpeg,1,adenocarcinoma,colonca1547,colon_aca,0,0
train,colon_aca/colonca1548.jpeg,1,adenocarcinoma,colonca1548,colon_aca,40,40
train,colon_aca/colonca155.jpeg,1,adenocarcinoma,colonca155,colon_aca,49,49
train,colon_aca/colonca1552.jpeg,1,adenocarcinoma,colonca1552,colon_aca,95,95
train,colon_aca/colonca1553.jpeg,1,adenocarcinoma,colonca1553,colon_aca,169,169
train,colon_aca/colonca1554.jpeg,1,adenocarcinoma,colonca1554,colon_aca,142,142
train,colon_aca/colonca1555.jpeg,1,adenocarcinoma,colonca1555,colon_aca,142,142
train,colon_aca/colonca1556.jpeg,1,adenocarcinoma,colonca1556,colon_aca,61,61
train,colon_aca/colonca1557.jpeg,1,adenocarcinoma,colonca1557,colon_aca,61,61
train,colon_aca/colonca1558.jpeg,1,adenocarcinoma,colonca1558,colon_aca,32,32
train,colon_aca/colonca1559.jpeg,1,adenocarcinoma,colonca1559,colon_aca,210,210
train,colon_aca/colonca1560.jpeg,1,adenocarcinoma,colonca1560,colon_aca,87,87
train,colon_aca/colonca1561.jpeg,1,adenocarcinoma,colonca1561,colon_aca,34,34
train,colon_aca/colonca1562.jpeg,1,adenocarcinoma,colonca1562,colon_aca,126,126
train,colon_aca/colonca1563.jpeg,1,adenocarcinoma,colonca1563,colon_aca,138,138
train,colon_aca/colonca1564.jpeg,1,adenocarcinoma,colonca1564,colon_aca,86,86
train,colon_aca/colonca1567.jpeg,1,adenocarcinoma,colonca1567,colon_aca,130,130
train,colon_aca/colonca1568.jpeg,1,adenocarcinoma,colonca1568,colon_aca,64,64
train,colon_aca/colonca1569.jpeg,1,adenocarcinoma,colonca1569,colon_aca,228,228
train,colon_aca/colonca1570.jpeg,1,adenocarcinoma,colonca1570,colon_aca,89,89
train,colon_aca/colonca1572.jpeg,1,adenocarcinoma,colonca1572,colon_aca,176,176
train,colon_aca/colonca1573.jpeg,1,adenocarcinoma,colonca1573,colon_aca,91,91
train,colon_aca/colonca1576.jpeg,1,adenocarcinoma,colonca1576,colon_aca,72,72
train,colon_aca/colonca1577.jpeg,1,adenocarcinoma,colonca1577,colon_aca,77,77
train,colon_aca/colonca1578.jpeg,1,adenocarcinoma,colonca1578,colon_aca,188,188
train,colon_aca/colonca1579.jpeg,1,adenocarcinoma,colonca1579,colon_aca,122,122
train,colon_aca/colonca158.jpeg,1,adenocarcinoma,colonca158,colon_aca,23,23
train,colon_aca/colonca1580.jpeg,1,adenocarcinoma,colonca1580,colon_aca,202,202
train,colon_aca/colonca1581.jpeg,1,adenocarcinoma,colonca1581,colon_aca,202,202
train,colon_aca/colonca1583.jpeg,1,adenocarcinoma,colonca1583,colon_aca,113,113
train,colon_aca/colonca1584.jpeg,1,adenocarcinoma,colonca1584,colon_aca,116,116
train,colon_aca/colonca1585.jpeg,1,adenocarcinoma,colonca1585,colon_aca,49,49
train,colon_aca/colonca1586.jpeg,1,adenocarcinoma,colonca1586,colon_aca,101,101
train,colon_aca/colonca1587.jpeg,1,adenocarcinoma,colonca1587,colon_aca,22,22
train,colon_aca/colonca1588.jpeg,1,adenocarcinoma,colonca1588,colon_aca,53,53
train,colon_aca/colonca1589.jpeg,1,adenocarcinoma,colonca1589,colon_aca,74,74
train,colon_aca/colonca159.jpeg,1,adenocarcinoma,colonca159,colon_aca,28,28
train,colon_aca/colonca1590.jpeg,1,adenocarcinoma,colonca1590,colon_aca,178,178
train,colon_aca/colonca1591.jpeg,1,adenocarcinoma,colonca1591,colon_aca,160,160
train,colon_aca/colonca1592.jpeg,1,adenocarcinoma,colonca1592,colon_aca,70,70
train,colon_aca/colonca1593.jpeg,1,adenocarcinoma,colonca1593,colon_aca,27,27
train,colon_aca/colonca1595.jpeg,1,adenocarcinoma,colonca1595,colon_aca,198,198
train,colon_aca/colonca1596.jpeg,1,adenocarcinoma,colonca1596,colon_aca,78,78
train,colon_aca/colonca1597.jpeg,1,adenocarcinoma,colonca1597,colon_aca,3,3
train,colon_aca/colonca1598.jpeg,1,adenocarcinoma,colonca1598,colon_aca,3,3
train,colon_aca/colonca1599.jpeg,1,adenocarcinoma,colonca1599,colon_aca,80,80
train,colon_aca/colonca16.jpeg,1,adenocarcinoma,colonca16,colon_aca,247,247
train,colon_aca/colonca160.jpeg,1,adenocarcinoma,colonca160,colon_aca,53,53
train,colon_aca/colonca1600.jpeg,1,adenocarcinoma,colonca1600,colon_aca,240,240
train,colon_aca/colonca1601.jpeg,1,adenocarcinoma,colonca1601,colon_aca,90,90
train,colon_aca/colonca1604.jpeg,1,adenocarcinoma,colonca1604,colon_aca,11,11
train,colon_aca/colonca1605.jpeg,1,adenocarcinoma,colonca1605,colon_aca,185,185
train,colon_aca/colonca1606.jpeg,1,adenocarcinoma,colonca1606,colon_aca,44,44
train,colon_aca/colonca1607.jpeg,1,adenocarcinoma,colonca1607,colon_aca,88,88
train,colon_aca/colonca1608.jpeg,1,adenocarcinoma,colonca1608,colon_aca,88,88
train,colon_aca/colonca1609.jpeg,1,adenocarcinoma,colonca1609,colon_aca,81,81
train,colon_aca/colonca161.jpeg,1,adenocarcinoma,colonca161,colon_aca,42,42
train,colon_aca/colonca1610.jpeg,1,adenocarcinoma,colonca1610,colon_aca,81,81
train,colon_aca/colonca1611.jpeg,1,adenocarcinoma,colonca1611,colon_aca,8,8
train,colon_aca/colonca1612.jpeg,1,adenocarcinoma,colonca1612,colon_aca,8,8
train,colon_aca/colonca1613.jpeg,1,adenocarcinoma,colonca1613,colon_aca,166,166
train,colon_aca/colonca1614.jpeg,1,adenocarcinoma,colonca1614,colon_aca,135,135
train,colon_aca/colonca1615.jpeg,1,adenocarcinoma,colonca1615,colon_aca,182,182
train,colon_aca/colonca1616.jpeg,1,adenocarcinoma,colonca1616,colon_aca,110,110
train,colon_aca/colonca1617.jpeg,1,adenocarcinoma,colonca1617,colon_aca,39,39
train,colon_aca/colonca1618.jpeg,1,adenocarcinoma,colonca1618,colon_aca,247,247
train,colon_aca/colonca1619.jpeg,1,adenocarcinoma,colonca1619,colon_aca,40,40
train,colon_aca/colonca1621.jpeg,1,adenocarcinoma,colonca1621,colon_aca,52,52
train,colon_aca/colonca1622.jpeg,1,adenocarcinoma,colonca1622,colon_aca,51,51
train,colon_aca/colonca1623.jpeg,1,adenocarcinoma,colonca1623,colon_aca,57,57
train,colon_aca/colonca1624.jpeg,1,adenocarcinoma,colonca1624,colon_aca,57,57
train,colon_aca/colonca1625.jpeg,1,adenocarcinoma,colonca1625,colon_aca,4,4
train,colon_aca/colonca1626.jpeg,1,adenocarcinoma,colonca1626,colon_aca,217,217
train,colon_aca/colonca1627.jpeg,1,adenocarcinoma,colonca1627,colon_aca,61,61
train,colon_aca/colonca1628.jpeg,1,adenocarcinoma,colonca1628,colon_aca,61,61
train,colon_aca/colonca1629.jpeg,1,adenocarcinoma,colonca1629,colon_aca,63,63
train,colon_aca/colonca163.jpeg,1,adenocarcinoma,colonca163,colon_aca,145,145
train,colon_aca/colonca1630.jpeg,1,adenocarcinoma,colonca1630,colon_aca,165,165
train,colon_aca/colonca1632.jpeg,1,adenocarcinoma,colonca1632,colon_aca,34,34
train,colon_aca/colonca1633.jpeg,1,adenocarcinoma,colonca1633,colon_aca,86,86
train,colon_aca/colonca1634.jpeg,1,adenocarcinoma,colonca1634,colon_aca,43,43
train,colon_aca/colonca1637.jpeg,1,adenocarcinoma,colonca1637,colon_aca,130,130
train,colon_aca/colonca1638.jpeg,1,adenocarcinoma,colonca1638,colon_aca,64,64
train,colon_aca/colonca1639.jpeg,1,adenocarcinoma,colonca1639,colon_aca,146,146
train,colon_aca/colonca164.jpeg,1,adenocarcinoma,colonca164,colon_aca,242,242
train,colon_aca/colonca1641.jpeg,1,adenocarcinoma,colonca1641,colon_aca,243,243
train,colon_aca/colonca1643.jpeg,1,adenocarcinoma,colonca1643,colon_aca,208,208
train,colon_aca/colonca1647.jpeg,1,adenocarcinoma,colonca1647,colon_aca,49,49
train,colon_aca/colonca1648.jpeg,1,adenocarcinoma,colonca1648,colon_aca,98,98
train,colon_aca/colonca1649.jpeg,1,adenocarcinoma,colonca1649,colon_aca,98,98
train,colon_aca/colonca165.jpeg,1,adenocarcinoma,colonca165,colon_aca,27,27
train,colon_aca/colonca1650.jpeg,1,adenocarcinoma,colonca1650,colon_aca,28,28
train,colon_aca/colonca1651.jpeg,1,adenocarcinoma,colonca1651,colon_aca,26,26
train,colon_aca/colonca1652.jpeg,1,adenocarcinoma,colonca1652,colon_aca,186,186
train,colon_aca/colonca1653.jpeg,1,adenocarcinoma,colonca1653,colon_aca,212,212
train,colon_aca/colonca1654.jpeg,1,adenocarcinoma,colonca1654,colon_aca,74,74
train,colon_aca/colonca1655.jpeg,1,adenocarcinoma,colonca1655,colon_aca,93,93
train,colon_aca/colonca1656.jpeg,1,adenocarcinoma,colonca1656,colon_aca,242,242
train,colon_aca/colonca1657.jpeg,1,adenocarcinoma,colonca1657,colon_aca,242,242
train,colon_aca/colonca1658.jpeg,1,adenocarcinoma,colonca1658,colon_aca,227,227
train,colon_aca/colonca1660.jpeg,1,adenocarcinoma,colonca1660,colon_aca,78,78
train,colon_aca/colonca1661.jpeg,1,adenocarcinoma,colonca1661,colon_aca,3,3
train,colon_aca/colonca1662.jpeg,1,adenocarcinoma,colonca1662,colon_aca,48,48
train,colon_aca/colonca1664.jpeg,1,adenocarcinoma,colonca1664,colon_aca,11,11
train,colon_aca/colonca1665.jpeg,1,adenocarcinoma,colonca1665,colon_aca,129,129
train,colon_aca/colonca1666.jpeg,1,adenocarcinoma,colonca1666,colon_aca,107,107
train,colon_aca/colonca1667.jpeg,1,adenocarcinoma,colonca1667,colon_aca,107,107
train,colon_aca/colonca1668.jpeg,1,adenocarcinoma,colonca1668,colon_aca,44,44
train,colon_aca/colonca1669.jpeg,1,adenocarcinoma,colonca1669,colon_aca,88,88
train,colon_aca/colonca1670.jpeg,1,adenocarcinoma,colonca1670,colon_aca,149,149
train,colon_aca/colonca1672.jpeg,1,adenocarcinoma,colonca1672,colon_aca,157,157
train,colon_aca/colonca1673.jpeg,1,adenocarcinoma,colonca1673,colon_aca,39,39
train,colon_aca/colonca1674.jpeg,1,adenocarcinoma,colonca1674,colon_aca,0,0
train,colon_aca/colonca1677.jpeg,1,adenocarcinoma,colonca1677,colon_aca,51,51
train,colon_aca/colonca1678.jpeg,1,adenocarcinoma,colonca1678,colon_aca,245,245
train,colon_aca/colonca1679.jpeg,1,adenocarcinoma,colonca1679,colon_aca,57,57
train,colon_aca/colonca168.jpeg,1,adenocarcinoma,colonca168,colon_aca,48,48
train,colon_aca/colonca1680.jpeg,1,adenocarcinoma,colonca1680,colon_aca,225,225
train,colon_aca/colonca1682.jpeg,1,adenocarcinoma,colonca1682,colon_aca,217,217
train,colon_aca/colonca1683.jpeg,1,adenocarcinoma,colonca1683,colon_aca,217,217
train,colon_aca/colonca1685.jpeg,1,adenocarcinoma,colonca1685,colon_aca,87,87
train,colon_aca/colonca1687.jpeg,1,adenocarcinoma,colonca1687,colon_aca,43,43
train,colon_aca/colonca1688.jpeg,1,adenocarcinoma,colonca1688,colon_aca,146,146
train,colon_aca/colonca1689.jpeg,1,adenocarcinoma,colonca1689,colon_aca,230,230
train,colon_aca/colonca1690.jpeg,1,adenocarcinoma,colonca1690,colon_aca,89,89
train,colon_aca/colonca1692.jpeg,1,adenocarcinoma,colonca1692,colon_aca,179,179
train,colon_aca/colonca1694.jpeg,1,adenocarcinoma,colonca1694,colon_aca,99,99
train,colon_aca/colonca1695.jpeg,1,adenocarcinoma,colonca1695,colon_aca,174,174
train,colon_aca/colonca1696.jpeg,1,adenocarcinoma,colonca1696,colon_aca,47,47
train,colon_aca/colonca1697.jpeg,1,adenocarcinoma,colonca1697,colon_aca,151,151
train,colon_aca/colonca1699.jpeg,1,adenocarcinoma,colonca1699,colon_aca,188,188
train,colon_aca/colonca170.jpeg,1,adenocarcinoma,colonca170,colon_aca,94,94
train,colon_aca/colonca1700.jpeg,1,adenocarcinoma,colonca1700,colon_aca,122,122
train,colon_aca/colonca1701.jpeg,1,adenocarcinoma,colonca1701,colon_aca,202,202
train,colon_aca/colonca1704.jpeg,1,adenocarcinoma,colonca1704,colon_aca,36,36
train,colon_aca/colonca1705.jpeg,1,adenocarcinoma,colonca1705,colon_aca,113,113
train,colon_aca/colonca1708.jpeg,1,adenocarcinoma,colonca1708,colon_aca,22,22
train,colon_aca/colonca1709.jpeg,1,adenocarcinoma,colonca1709,colon_aca,23,23
train,colon_aca/colonca171.jpeg,1,adenocarcinoma,colonca171,colon_aca,185,185
train,colon_aca/colonca1710.jpeg,1,adenocarcinoma,colonca1710,colon_aca,53,53
train,colon_aca/colonca1711.jpeg,1,adenocarcinoma,colonca1711,colon_aca,178,178
train,colon_aca/colonca1712.jpeg,1,adenocarcinoma,colonca1712,colon_aca,178,178
train,colon_aca/colonca1713.jpeg,1,adenocarcinoma,colonca1713,colon_aca,133,133
train,colon_aca/colonca1714.jpeg,1,adenocarcinoma,colonca1714,colon_aca,227,227
train,colon_aca/colonca1719.jpeg,1,adenocarcinoma,colonca1719,colon_aca,94,94
train,colon_aca/colonca1720.jpeg,1,adenocarcinoma,colonca1720,colon_aca,185,185
train,colon_aca/colonca1722.jpeg,1,adenocarcinoma,colonca1722,colon_aca,44,44
train,colon_aca/colonca1724.jpeg,1,adenocarcinoma,colonca1724,colon_aca,81,81
train,colon_aca/colonca1725.jpeg,1,adenocarcinoma,colonca1725,colon_aca,8,8
train,colon_aca/colonca1726.jpeg,1,adenocarcinoma,colonca1726,colon_aca,161,161
train,colon_aca/colonca1728.jpeg,1,adenocarcinoma,colonca1728,colon_aca,171,171
train,colon_aca/colonca173.jpeg,1,adenocarcinoma,colonca173,colon_aca,207,207
train,colon_aca/colonca1730.jpeg,1,adenocarcinoma,colonca1730,colon_aca,29,29
train,colon_aca/colonca1731.jpeg,1,adenocarcinoma,colonca1731,colon_aca,241,241
train,colon_aca/colonca1732.jpeg,1,adenocarcinoma,colonca1732,colon_aca,221,221
train,colon_aca/colonca1734.jpeg,1,adenocarcinoma,colonca1734,colon_aca,40,40
train,colon_aca/colonca1735.jpeg,1,adenocarcinoma,colonca1735,colon_aca,52,52
train,colon_aca/colonca1736.jpeg,1,adenocarcinoma,colonca1736,colon_aca,52,52
train,colon_aca/colonca1737.jpeg,1,adenocarcinoma,colonca1737,colon_aca,136,136
train,colon_aca/colonca1738.jpeg,1,adenocarcinoma,colonca1738,colon_aca,1,1
train,colon_aca/colonca1739.jpeg,1,adenocarcinoma,colonca1739,colon_aca,150,150
train,colon_aca/colonca1740.jpeg,1,adenocarcinoma,colonca1740,colon_aca,150,150
train,colon_aca/colonca1741.jpeg,1,adenocarcinoma,colonca1741,colon_aca,61,61
train,colon_aca/colonca1742.jpeg,1,adenocarcinoma,colonca1742,colon_aca,100,100
train,colon_aca/colonca1743.jpeg,1,adenocarcinoma,colonca1743,colon_aca,152,152
train,colon_aca/colonca1745.jpeg,1,adenocarcinoma,colonca1745,colon_aca,92,92
train,colon_aca/colonca1746.jpeg,1,adenocarcinoma,colonca1746,colon_aca,63,63
train,colon_aca/colonca1747.jpeg,1,adenocarcinoma,colonca1747,colon_aca,20,20
train,colon_aca/colonca1748.jpeg,1,adenocarcinoma,colonca1748,colon_aca,141,141
train,colon_aca/colonca175.jpeg,1,adenocarcinoma,colonca175,colon_aca,103,103
train,colon_aca/colonca1750.jpeg,1,adenocarcinoma,colonca1750,colon_aca,106,106
train,colon_aca/colonca1751.jpeg,1,adenocarcinoma,colonca1751,colon_aca,210,210
train,colon_aca/colonca1752.jpeg,1,adenocarcinoma,colonca1752,colon_aca,147,147
train,colon_aca/colonca1753.jpeg,1,adenocarcinoma,colonca1753,colon_aca,2,2
train,colon_aca/colonca1754.jpeg,1,adenocarcinoma,colonca1754,colon_aca,89,89
train,colon_aca/colonca1755.jpeg,1,adenocarcinoma,colonca1755,colon_aca,102,102
train,colon_aca/colonca1756.jpeg,1,adenocarcinoma,colonca1756,colon_aca,102,102
train,colon_aca/colonca1757.jpeg,1,adenocarcinoma,colonca1757,colon_aca,174,174
train,colon_aca/colonca1758.jpeg,1,adenocarcinoma,colonca1758,colon_aca,47,47
train,colon_aca/colonca176.jpeg,1,adenocarcinoma,colonca176,colon_aca,103,103
train,colon_aca/colonca1761.jpeg,1,adenocarcinoma,colonca1761,colon_aca,56,56
train,colon_aca/colonca1764.jpeg,1,adenocarcinoma,colonca1764,colon_aca,122,122
train,colon_aca/colonca1765.jpeg,1,adenocarcinoma,colonca1765,colon_aca,202,202
train,colon_aca/colonca1768.jpeg,1,adenocarcinoma,colonca1768,colon_aca,71,71
train,colon_aca/colonca1769.jpeg,1,adenocarcinoma,colonca1769,colon_aca,113,113
train,colon_aca/colonca177.jpeg,1,adenocarcinoma,colonca177,colon_aca,44,44
train,colon_aca/colonca1770.jpeg,1,adenocarcinoma,colonca1770,colon_aca,113,113
train,colon_aca/colonca1771.jpeg,1,adenocarcinoma,colonca1771,colon_aca,113,113
train,colon_aca/colonca1772.jpeg,1,adenocarcinoma,colonca1772,colon_aca,23,23
train,colon_aca/colonca1773.jpeg,1,adenocarcinoma,colonca1773,colon_aca,53,53
train,colon_aca/colonca1774.jpeg,1,adenocarcinoma,colonca1774,colon_aca,54,54
train,colon_aca/colonca1775.jpeg,1,adenocarcinoma,colonca1775,colon_aca,74,74
train,colon_aca/colonca1776.jpeg,1,adenocarcinoma,colonca1776,colon_aca,42,42
train,colon_aca/colonca1777.jpeg,1,adenocarcinoma,colonca1777,colon_aca,46,46
train,colon_aca/colonca1778.jpeg,1,adenocarcinoma,colonca1778,colon_aca,226,226
train,colon_aca/colonca1779.jpeg,1,adenocarcinoma,colonca1779,colon_aca,187,187
train,colon_aca/colonca178.jpeg,1,adenocarcinoma,colonca178,colon_aca,229,229
train,colon_aca/colonca1780.jpeg,1,adenocarcinoma,colonca1780,colon_aca,242,242
train,colon_aca/colonca1782.jpeg,1,adenocarcinoma,colonca1782,colon_aca,35,35
train,colon_aca/colonca1783.jpeg,1,adenocarcinoma,colonca1783,colon_aca,78,78
train,colon_aca/colonca1784.jpeg,1,adenocarcinoma,colonca1784,colon_aca,90,90
train,colon_aca/colonca1785.jpeg,1,adenocarcinoma,colonca1785,colon_aca,11,11
train,colon_aca/colonca1786.jpeg,1,adenocarcinoma,colonca1786,colon_aca,58,58
train,colon_aca/colonca1787.jpeg,1,adenocarcinoma,colonca1787,colon_aca,107,107
train,colon_aca/colonca1788.jpeg,1,adenocarcinoma,colonca1788,colon_aca,205,205
train,colon_aca/colonca1789.jpeg,1,adenocarcinoma,colonca1789,colon_aca,81,81
train,colon_aca/colonca179.jpeg,1,adenocarcinoma,colonca179,colon_aca,229,229
train,colon_aca/colonca1790.jpeg,1,adenocarcinoma,colonca1790,colon_aca,59,59
train,colon_aca/colonca1793.jpeg,1,adenocarcinoma,colonca1793,colon_aca,40,40
train,colon_aca/colonca1795.jpeg,1,adenocarcinoma,colonca1795,colon_aca,123,123
train,colon_aca/colonca1796.jpeg,1,adenocarcinoma,colonca1796,colon_aca,219,219
train,colon_aca/colonca1799.jpeg,1,adenocarcinoma,colonca1799,colon_aca,235,235
train,colon_aca/colonca18.jpeg,1,adenocarcinoma,colonca18,colon_aca,52,52
train,colon_aca/colonca180.jpeg,1,adenocarcinoma,colonca180,colon_aca,131,131
train,colon_aca/colonca1800.jpeg,1,adenocarcinoma,colonca1800,colon_aca,217,217
train,colon_aca/colonca1801.jpeg,1,adenocarcinoma,colonca1801,colon_aca,100,100
train,colon_aca/colonca1802.jpeg,1,adenocarcinoma,colonca1802,colon_aca,152,152
train,colon_aca/colonca1803.jpeg,1,adenocarcinoma,colonca1803,colon_aca,34,34
train,colon_aca/colonca1804.jpeg,1,adenocarcinoma,colonca1804,colon_aca,163,163
train,colon_aca/colonca1805.jpeg,1,adenocarcinoma,colonca1805,colon_aca,146,146
train,colon_aca/colonca1806.jpeg,1,adenocarcinoma,colonca1806,colon_aca,147,147
train,colon_aca/colonca1807.jpeg,1,adenocarcinoma,colonca1807,colon_aca,147,147
train,colon_aca/colonca1808.jpeg,1,adenocarcinoma,colonca1808,colon_aca,147,147
train,colon_aca/colonca1809.jpeg,1,adenocarcinoma,colonca1809,colon_aca,2,2
train,colon_aca/colonca181.jpeg,1,adenocarcinoma,colonca181,colon_aca,206,206
train,colon_aca/colonca1810.jpeg,1,adenocarcinoma,colonca1810,colon_aca,176,176
train,colon_aca/colonca1811.jpeg,1,adenocarcinoma,colonca1811,colon_aca,56,56
train,colon_aca/colonca1812.jpeg,1,adenocarcinoma,colonca1812,colon_aca,56,56
train,colon_aca/colonca1817.jpeg,1,adenocarcinoma,colonca1817,colon_aca,41,41
train,colon_aca/colonca1819.jpeg,1,adenocarcinoma,colonca1819,colon_aca,218,218
train,colon_aca/colonca1820.jpeg,1,adenocarcinoma,colonca1820,colon_aca,98,98
train,colon_aca/colonca1821.jpeg,1,adenocarcinoma,colonca1821,colon_aca,101,101
train,colon_aca/colonca1822.jpeg,1,adenocarcinoma,colonca1822,colon_aca,101,101
train,colon_aca/colonca1823.jpeg,1,adenocarcinoma,colonca1823,colon_aca,23,23
train,colon_aca/colonca1824.jpeg,1,adenocarcinoma,colonca1824,colon_aca,85,85
train,colon_aca/colonca1825.jpeg,1,adenocarcinoma,colonca1825,colon_aca,133,133
train,colon_aca/colonca1826.jpeg,1,adenocarcinoma,colonca1826,colon_aca,242,242
train,colon_aca/colonca1827.jpeg,1,adenocarcinoma,colonca1827,colon_aca,70,70
train,colon_aca/colonca183.jpeg,1,adenocarcinoma,colonca183,colon_aca,182,182
train,colon_aca/colonca1830.jpeg,1,adenocarcinoma,colonca1830,colon_aca,78,78
train,colon_aca/colonca1831.jpeg,1,adenocarcinoma,colonca1831,colon_aca,78,78
train,colon_aca/colonca1833.jpeg,1,adenocarcinoma,colonca1833,colon_aca,240,240
train,colon_aca/colonca1834.jpeg,1,adenocarcinoma,colonca1834,colon_aca,94,94
train,colon_aca/colonca1836.jpeg,1,adenocarcinoma,colonca1836,colon_aca,105,105
train,colon_aca/colonca1837.jpeg,1,adenocarcinoma,colonca1837,colon_aca,121,121
train,colon_aca/colonca1838.jpeg,1,adenocarcinoma,colonca1838,colon_aca,44,44
train,colon_aca/colonca1839.jpeg,1,adenocarcinoma,colonca1839,colon_aca,205,205
train,colon_aca/colonca184.jpeg,1,adenocarcinoma,colonca184,colon_aca,221,221
train,colon_aca/colonca1844.jpeg,1,adenocarcinoma,colonca1844,colon_aca,166,166
train,colon_aca/colonca1845.jpeg,1,adenocarcinoma,colonca1845,colon_aca,135,135
train,colon_aca/colonca1846.jpeg,1,adenocarcinoma,colonca1846,colon_aca,157,157
train,colon_aca/colonca1847.jpeg,1,adenocarcinoma,colonca1847,colon_aca,168,168
train,colon_aca/colonca1848.jpeg,1,adenocarcinoma,colonca1848,colon_aca,168,168
train,colon_aca/colonca185.jpeg,1,adenocarcinoma,colonca185,colon_aca,237,237
train,colon_aca/colonca1850.jpeg,1,adenocarcinoma,colonca1850,colon_aca,136,136
train,colon_aca/colonca1851.jpeg,1,adenocarcinoma,colonca1851,colon_aca,136,136
train,colon_aca/colonca1852.jpeg,1,adenocarcinoma,colonca1852,colon_aca,21,21
train,colon_aca/colonca1853.jpeg,1,adenocarcinoma,colonca1853,colon_aca,143,143
train,colon_aca/colonca1858.jpeg,1,adenocarcinoma,colonca1858,colon_aca,34,34
train,colon_aca/colonca1859.jpeg,1,adenocarcinoma,colonca1859,colon_aca,34,34
train,colon_aca/colonca1860.jpeg,1,adenocarcinoma,colonca1860,colon_aca,34,34
train,colon_aca/colonca1861.jpeg,1,adenocarcinoma,colonca1861,colon_aca,86,86
train,colon_aca/colonca1862.jpeg,1,adenocarcinoma,colonca1862,colon_aca,147,147
train,colon_aca/colonca1864.jpeg,1,adenocarcinoma,colonca1864,colon_aca,179,179
train,colon_aca/colonca1865.jpeg,1,adenocarcinoma,colonca1865,colon_aca,99,99
train,colon_aca/colonca1866.jpeg,1,adenocarcinoma,colonca1866,colon_aca,77,77
train,colon_aca/colonca1867.jpeg,1,adenocarcinoma,colonca1867,colon_aca,77,77
train,colon_aca/colonca1868.jpeg,1,adenocarcinoma,colonca1868,colon_aca,76,76
train,colon_aca/colonca1869.jpeg,1,adenocarcinoma,colonca1869,colon_aca,41,41
train,colon_aca/colonca187.jpeg,1,adenocarcinoma,colonca187,colon_aca,123,123
train,colon_aca/colonca1870.jpeg,1,adenocarcinoma,colonca1870,colon_aca,65,65
train,colon_aca/colonca1871.jpeg,1,adenocarcinoma,colonca1871,colon_aca,65,65
train,colon_aca/colonca1872.jpeg,1,adenocarcinoma,colonca1872,colon_aca,122,122
train,colon_aca/colonca1876.jpeg,1,adenocarcinoma,colonca1876,colon_aca,116,116
train,colon_aca/colonca1879.jpeg,1,adenocarcinoma,colonca1879,colon_aca,101,101
train,colon_aca/colonca1880.jpeg,1,adenocarcinoma,colonca1880,colon_aca,79,79
train,colon_aca/colonca1881.jpeg,1,adenocarcinoma,colonca1881,colon_aca,37,37
train,colon_aca/colonca1882.jpeg,1,adenocarcinoma,colonca1882,colon_aca,82,82
train,colon_aca/colonca1883.jpeg,1,adenocarcinoma,colonca1883,colon_aca,186,186
train,colon_aca/colonca1884.jpeg,1,adenocarcinoma,colonca1884,colon_aca,46,46
train,colon_aca/colonca1885.jpeg,1,adenocarcinoma,colonca1885,colon_aca,160,160
train,colon_aca/colonca1887.jpeg,1,adenocarcinoma,colonca1887,colon_aca,124,124
train,colon_aca/colonca1888.jpeg,1,adenocarcinoma,colonca1888,colon_aca,78,78
train,colon_aca/colonca1889.jpeg,1,adenocarcinoma,colonca1889,colon_aca,78,78
train,colon_aca/colonca189.jpeg,1,adenocarcinoma,colonca189,colon_aca,245,245
train,colon_aca/colonca1890.jpeg,1,adenocarcinoma,colonca1890,colon_aca,78,78
train,colon_aca/colonca1891.jpeg,1,adenocarcinoma,colonca1891,colon_aca,3,3
train,colon_aca/colonca1892.jpeg,1,adenocarcinoma,colonca1892,colon_aca,80,80
train,colon_aca/colonca1893.jpeg,1,adenocarcinoma,colonca1893,colon_aca,80,80
train,colon_aca/colonca1894.jpeg,1,adenocarcinoma,colonca1894,colon_aca,240,240
train,colon_aca/colonca1896.jpeg,1,adenocarcinoma,colonca1896,colon_aca,121,121
train,colon_aca/colonca1897.jpeg,1,adenocarcinoma,colonca1897,colon_aca,129,129
train,colon_aca/colonca1898.jpeg,1,adenocarcinoma,colonca1898,colon_aca,44,44
train,colon_aca/colonca1899.jpeg,1,adenocarcinoma,colonca1899,colon_aca,88,88
train,colon_aca/colonca19.jpeg,1,adenocarcinoma,colonca19,colon_aca,136,136
train,colon_aca/colonca190.jpeg,1,adenocarcinoma,colonca190,colon_aca,225,225
train,colon_aca/colonca1900.jpeg,1,adenocarcinoma,colonca1900,colon_aca,31,31
train,colon_aca/colonca1901.jpeg,1,adenocarcinoma,colonca1901,colon_aca,149,149
train,colon_aca/colonca1902.jpeg,1,adenocarcinoma,colonca1902,colon_aca,81,81
train,colon_aca/colonca1903.jpeg,1,adenocarcinoma,colonca1903,colon_aca,161,161
train,colon_aca/colonca1906.jpeg,1,adenocarcinoma,colonca1906,colon_aca,166,166
train,colon_aca/colonca1907.jpeg,1,adenocarcinoma,colonca1907,colon_aca,171,171
train,colon_aca/colonca1909.jpeg,1,adenocarcinoma,colonca1909,colon_aca,52,52
train,colon_aca/colonca191.jpeg,1,adenocarcinoma,colonca191,colon_aca,5,5
train,colon_aca/colonca1910.jpeg,1,adenocarcinoma,colonca1910,colon_aca,52,52
train,colon_aca/colonca1911.jpeg,1,adenocarcinoma,colonca1911,colon_aca,189,189
train,colon_aca/colonca1912.jpeg,1,adenocarcinoma,colonca1912,colon_aca,123,123
train,colon_aca/colonca1913.jpeg,1,adenocarcinoma,colonca1913,colon_aca,50,50
train,colon_aca/colonca1914.jpeg,1,adenocarcinoma,colonca1914,colon_aca,5,5
train,colon_aca/colonca1915.jpeg,1,adenocarcinoma,colonca1915,colon_aca,1,1
train,colon_aca/colonca1916.jpeg,1,adenocarcinoma,colonca1916,colon_aca,217,217
train,colon_aca/colonca1917.jpeg,1,adenocarcinoma,colonca1917,colon_aca,150,150
train,colon_aca/colonca1918.jpeg,1,adenocarcinoma,colonca1918,colon_aca,20,20
train,colon_aca/colonca192.jpeg,1,adenocarcinoma,colonca192,colon_aca,150,150
train,colon_aca/colonca1920.jpeg,1,adenocarcinoma,colonca1920,colon_aca,34,34
train,colon_aca/colonca1921.jpeg,1,adenocarcinoma,colonca1921,colon_aca,43,43
train,colon_aca/colonca1922.jpeg,1,adenocarcinoma,colonca1922,colon_aca,163,163
train,colon_aca/colonca1923.jpeg,1,adenocarcinoma,colonca1923,colon_aca,89,89
train,colon_aca/colonca1927.jpeg,1,adenocarcinoma,colonca1927,colon_aca,176,176
train,colon_aca/colonca1928.jpeg,1,adenocarcinoma,colonca1928,colon_aca,176,176
train,colon_aca/colonca1929.jpeg,1,adenocarcinoma,colonca1929,colon_aca,179,179
train,colon_aca/colonca1930.jpeg,1,adenocarcinoma,colonca1930,colon_aca,99,99
train,colon_aca/colonca1931.jpeg,1,adenocarcinoma,colonca1931,colon_aca,174,174
train,colon_aca/colonca1933.jpeg,1,adenocarcinoma,colonca1933,colon_aca,72,72
train,colon_aca/colonca1934.jpeg,1,adenocarcinoma,colonca1934,colon_aca,151,151
train,colon_aca/colonca1935.jpeg,1,adenocarcinoma,colonca1935,colon_aca,77,77
train,colon_aca/colonca1936.jpeg,1,adenocarcinoma,colonca1936,colon_aca,77,77
train,colon_aca/colonca1938.jpeg,1,adenocarcinoma,colonca1938,colon_aca,65,65
train,colon_aca/colonca1939.jpeg,1,adenocarcinoma,colonca1939,colon_aca,122,122
train,colon_aca/colonca194.jpeg,1,adenocarcinoma,colonca194,colon_aca,165,165
train,colon_aca/colonca1940.jpeg,1,adenocarcinoma,colonca1940,colon_aca,122,122
train,colon_aca/colonca1946.jpeg,1,adenocarcinoma,colonca1946,colon_aca,113,113
train,colon_aca/colonca1948.jpeg,1,adenocarcinoma,colonca1948,colon_aca,98,98
train,colon_aca/colonca1949.jpeg,1,adenocarcinoma,colonca1949,colon_aca,79,79
train,colon_aca/colonca195.jpeg,1,adenocarcinoma,colonca195,colon_aca,106,106
train,colon_aca/colonca1950.jpeg,1,adenocarcinoma,colonca1950,colon_aca,54,54
train,colon_aca/colonca1952.jpeg,1,adenocarcinoma,colonca1952,colon_aca,128,128
train,colon_aca/colonca1953.jpeg,1,adenocarcinoma,colonca1953,colon_aca,177,177
train,colon_aca/colonca1954.jpeg,1,adenocarcinoma,colonca1954,colon_aca,3,3
train,colon_aca/colonca1955.jpeg,1,adenocarcinoma,colonca1955,colon_aca,191,191
train,colon_aca/colonca1956.jpeg,1,adenocarcinoma,colonca1956,colon_aca,191,191
train,colon_aca/colonca1957.jpeg,1,adenocarcinoma,colonca1957,colon_aca,48,48
train,colon_aca/colonca1959.jpeg,1,adenocarcinoma,colonca1959,colon_aca,11,11
train,colon_aca/colonca196.jpeg,1,adenocarcinoma,colonca196,colon_aca,106,106
train,colon_aca/colonca1961.jpeg,1,adenocarcinoma,colonca1961,colon_aca,207,207
train,colon_aca/colonca1963.jpeg,1,adenocarcinoma,colonca1963,colon_aca,107,107
train,colon_aca/colonca1964.jpeg,1,adenocarcinoma,colonca1964,colon_aca,107,107
train,colon_aca/colonca1965.jpeg,1,adenocarcinoma,colonca1965,colon_aca,17,17
train,colon_aca/colonca1968.jpeg,1,adenocarcinoma,colonca1968,colon_aca,161,161
train,colon_aca/colonca197.jpeg,1,adenocarcinoma,colonca197,colon_aca,86,86
train,colon_aca/colonca1970.jpeg,1,adenocarcinoma,colonca1970,colon_aca,192,192
train,colon_aca/colonca1971.jpeg,1,adenocarcinoma,colonca1971,colon_aca,110,110
train,colon_aca/colonca1972.jpeg,1,adenocarcinoma,colonca1972,colon_aca,0,0
train,colon_aca/colonca1977.jpeg,1,adenocarcinoma,colonca1977,colon_aca,50,50
train,colon_aca/colonca1979.jpeg,1,adenocarcinoma,colonca1979,colon_aca,225,225
train,colon_aca/colonca198.jpeg,1,adenocarcinoma,colonca198,colon_aca,64,64
train,colon_aca/colonca1981.jpeg,1,adenocarcinoma,colonca1981,colon_aca,61,61
train,colon_aca/colonca1982.jpeg,1,adenocarcinoma,colonca1982,colon_aca,32,32
train,colon_aca/colonca1983.jpeg,1,adenocarcinoma,colonca1983,colon_aca,210,210
train,colon_aca/colonca1986.jpeg,1,adenocarcinoma,colonca1986,colon_aca,138,138
train,colon_aca/colonca1987.jpeg,1,adenocarcinoma,colonca1987,colon_aca,43,43
train,colon_aca/colonca1988.jpeg,1,adenocarcinoma,colonca1988,colon_aca,89,89
train,colon_aca/colonca199.jpeg,1,adenocarcinoma,colonca199,colon_aca,146,146
train,colon_aca/colonca1990.jpeg,1,adenocarcinoma,colonca1990,colon_aca,151,151
train,colon_aca/colonca1992.jpeg,1,adenocarcinoma,colonca1992,colon_aca,122,122
train,colon_aca/colonca1996.jpeg,1,adenocarcinoma,colonca1996,colon_aca,36,36
train,colon_aca/colonca1997.jpeg,1,adenocarcinoma,colonca1997,colon_aca,214,214
train,colon_aca/colonca1998.jpeg,1,adenocarcinoma,colonca1998,colon_aca,22,22
train,colon_aca/colonca1999.jpeg,1,adenocarcinoma,colonca1999,colon_aca,28,28
train,colon_aca/colonca20.jpeg,1,adenocarcinoma,colonca20,colon_aca,143,143
train,colon_aca/colonca200.jpeg,1,adenocarcinoma,colonca200,colon_aca,243,243
train,colon_aca/colonca2000.jpeg,1,adenocarcinoma,colonca2000,colon_aca,28,28
train,colon_aca/colonca2001.jpeg,1,adenocarcinoma,colonca2001,colon_aca,220,220
train,colon_aca/colonca2002.jpeg,1,adenocarcinoma,colonca2002,colon_aca,26,26
train,colon_aca/colonca2003.jpeg,1,adenocarcinoma,colonca2003,colon_aca,54,54
train,colon_aca/colonca2004.jpeg,1,adenocarcinoma,colonca2004,colon_aca,42,42
train,colon_aca/colonca2005.jpeg,1,adenocarcinoma,colonca2005,colon_aca,42,42
train,colon_aca/colonca2007.jpeg,1,adenocarcinoma,colonca2007,colon_aca,204,204
train,colon_aca/colonca2008.jpeg,1,adenocarcinoma,colonca2008,colon_aca,80,80
train,colon_aca/colonca2009.jpeg,1,adenocarcinoma,colonca2009,colon_aca,240,240
train,colon_aca/colonca2011.jpeg,1,adenocarcinoma,colonca2011,colon_aca,164,164
train,colon_aca/colonca2013.jpeg,1,adenocarcinoma,colonca2013,colon_aca,11,11
train,colon_aca/colonca2014.jpeg,1,adenocarcinoma,colonca2014,colon_aca,11,11
train,colon_aca/colonca2015.jpeg,1,adenocarcinoma,colonca2015,colon_aca,58,58
train,colon_aca/colonca2016.jpeg,1,adenocarcinoma,colonca2016,colon_aca,94,94
train,colon_aca/colonca2019.jpeg,1,adenocarcinoma,colonca2019,colon_aca,207,207
train,colon_aca/colonca2020.jpeg,1,adenocarcinoma,colonca2020,colon_aca,170,170
train,colon_aca/colonca2021.jpeg,1,adenocarcinoma,colonca2021,colon_aca,103,103
train,colon_aca/colonca2022.jpeg,1,adenocarcinoma,colonca2022,colon_aca,107,107
train,colon_aca/colonca2023.jpeg,1,adenocarcinoma,colonca2023,colon_aca,229,229
train,colon_aca/colonca2024.jpeg,1,adenocarcinoma,colonca2024,colon_aca,131,131
train,colon_aca/colonca2025.jpeg,1,adenocarcinoma,colonca2025,colon_aca,205,205
train,colon_aca/colonca2028.jpeg,1,adenocarcinoma,colonca2028,colon_aca,161,161
train,colon_aca/colonca2029.jpeg,1,adenocarcinoma,colonca2029,colon_aca,52,52
train,colon_aca/colonca203.jpeg,1,adenocarcinoma,colonca203,colon_aca,102,102
train,colon_aca/colonca2030.jpeg,1,adenocarcinoma,colonca2030,colon_aca,189,189
train,colon_aca/colonca2031.jpeg,1,adenocarcinoma,colonca2031,colon_aca,123,123
train,colon_aca/colonca2032.jpeg,1,adenocarcinoma,colonca2032,colon_aca,219,219
train,colon_aca/colonca2034.jpeg,1,adenocarcinoma,colonca2034,colon_aca,51,51
train,colon_aca/colonca2035.jpeg,1,adenocarcinoma,colonca2035,colon_aca,21,21
train,colon_aca/colonca2036.jpeg,1,adenocarcinoma,colonca2036,colon_aca,57,57
train,colon_aca/colonca2037.jpeg,1,adenocarcinoma,colonca2037,colon_aca,225,225
train,colon_aca/colonca2038.jpeg,1,adenocarcinoma,colonca2038,colon_aca,4,4
train,colon_aca/colonca2039.jpeg,1,adenocarcinoma,colonca2039,colon_aca,5,5
train,colon_aca/colonca204.jpeg,1,adenocarcinoma,colonca204,colon_aca,174,174
train,colon_aca/colonca2041.jpeg,1,adenocarcinoma,colonca2041,colon_aca,217,217
train,colon_aca/colonca2042.jpeg,1,adenocarcinoma,colonca2042,colon_aca,217,217
train,colon_aca/colonca2044.jpeg,1,adenocarcinoma,colonca2044,colon_aca,61,61
train,colon_aca/colonca2045.jpeg,1,adenocarcinoma,colonca2045,colon_aca,61,61
train,colon_aca/colonca2046.jpeg,1,adenocarcinoma,colonca2046,colon_aca,92,92
train,colon_aca/colonca2048.jpeg,1,adenocarcinoma,colonca2048,colon_aca,138,138
train,colon_aca/colonca2049.jpeg,1,adenocarcinoma,colonca2049,colon_aca,86,86
train,colon_aca/colonca205.jpeg,1,adenocarcinoma,colonca205,colon_aca,231,231
train,colon_aca/colonca2052.jpeg,1,adenocarcinoma,colonca2052,colon_aca,146,146
train,colon_aca/colonca2053.jpeg,1,adenocarcinoma,colonca2053,colon_aca,47,47
train,colon_aca/colonca2055.jpeg,1,adenocarcinoma,colonca2055,colon_aca,151,151
train,colon_aca/colonca2056.jpeg,1,adenocarcinoma,colonca2056,colon_aca,77,77
train,colon_aca/colonca2057.jpeg,1,adenocarcinoma,colonca2057,colon_aca,41,41
train,colon_aca/colonca2058.jpeg,1,adenocarcinoma,colonca2058,colon_aca,41,41
train,colon_aca/colonca2059.jpeg,1,adenocarcinoma,colonca2059,colon_aca,65,65
train,colon_aca/colonca206.jpeg,1,adenocarcinoma,colonca206,colon_aca,76,76
train,colon_aca/colonca2061.jpeg,1,adenocarcinoma,colonca2061,colon_aca,71,71
train,colon_aca/colonca2062.jpeg,1,adenocarcinoma,colonca2062,colon_aca,71,71
train,colon_aca/colonca2063.jpeg,1,adenocarcinoma,colonca2063,colon_aca,49,49
train,colon_aca/colonca2065.jpeg,1,adenocarcinoma,colonca2065,colon_aca,22,22
train,colon_aca/colonca2066.jpeg,1,adenocarcinoma,colonca2066,colon_aca,23,23
train,colon_aca/colonca2067.jpeg,1,adenocarcinoma,colonca2067,colon_aca,85,85
train,colon_aca/colonca2068.jpeg,1,adenocarcinoma,colonca2068,colon_aca,54,54
train,colon_aca/colonca2069.jpeg,1,adenocarcinoma,colonca2069,colon_aca,160,160
train,colon_aca/colonca207.jpeg,1,adenocarcinoma,colonca207,colon_aca,234,234
train,colon_aca/colonca2070.jpeg,1,adenocarcinoma,colonca2070,colon_aca,226,226
train,colon_aca/colonca2071.jpeg,1,adenocarcinoma,colonca2071,colon_aca,226,226
train,colon_aca/colonca2072.jpeg,1,adenocarcinoma,colonca2072,colon_aca,70,70
train,colon_aca/colonca2073.jpeg,1,adenocarcinoma,colonca2073,colon_aca,70,70
train,colon_aca/colonca2075.jpeg,1,adenocarcinoma,colonca2075,colon_aca,191,191
train,colon_aca/colonca2076.jpeg,1,adenocarcinoma,colonca2076,colon_aca,191,191
train,colon_aca/colonca2078.jpeg,1,adenocarcinoma,colonca2078,colon_aca,105,105
train,colon_aca/colonca2079.jpeg,1,adenocarcinoma,colonca2079,colon_aca,105,105
train,colon_aca/colonca2080.jpeg,1,adenocarcinoma,colonca2080,colon_aca,170,170
train,colon_aca/colonca2081.jpeg,1,adenocarcinoma,colonca2081,colon_aca,103,103
train,colon_aca/colonca2084.jpeg,1,adenocarcinoma,colonca2084,colon_aca,206,206
train,colon_aca/colonca2086.jpeg,1,adenocarcinoma,colonca2086,colon_aca,127,127
train,colon_aca/colonca2087.jpeg,1,adenocarcinoma,colonca2087,colon_aca,29,29
train,colon_aca/colonca2088.jpeg,1,adenocarcinoma,colonca2088,colon_aca,209,209
train,colon_aca/colonca2089.jpeg,1,adenocarcinoma,colonca2089,colon_aca,247,247
train,colon_aca/colonca2090.jpeg,1,adenocarcinoma,colonca2090,colon_aca,40,40
train,colon_aca/colonca2092.jpeg,1,adenocarcinoma,colonca2092,colon_aca,237,237
train,colon_aca/colonca2095.jpeg,1,adenocarcinoma,colonca2095,colon_aca,169,169
train,colon_aca/colonca2096.jpeg,1,adenocarcinoma,colonca2096,colon_aca,169,169
train,colon_aca/colonca2097.jpeg,1,adenocarcinoma,colonca2097,colon_aca,245,245
train,colon_aca/colonca2098.jpeg,1,adenocarcinoma,colonca2098,colon_aca,143,143
train,colon_aca/colonca2099.jpeg,1,adenocarcinoma,colonca2099,colon_aca,57,57
train,colon_aca/colonca21.jpeg,1,adenocarcinoma,colonca21,colon_aca,57,57
train,colon_aca/colonca2100.jpeg,1,adenocarcinoma,colonca2100,colon_aca,4,4
train,colon_aca/colonca2101.jpeg,1,adenocarcinoma,colonca2101,colon_aca,12,12
train,colon_aca/colonca2102.jpeg,1,adenocarcinoma,colonca2102,colon_aca,217,217
train,colon_aca/colonca2105.jpeg,1,adenocarcinoma,colonca2105,colon_aca,141,141
train,colon_aca/colonca2106.jpeg,1,adenocarcinoma,colonca2106,colon_aca,210,210
train,colon_aca/colonca2107.jpeg,1,adenocarcinoma,colonca2107,colon_aca,243,243
train,colon_aca/colonca2109.jpeg,1,adenocarcinoma,colonca2109,colon_aca,102,102
train,colon_aca/colonca2110.jpeg,1,adenocarcinoma,colonca2110,colon_aca,91,91
train,colon_aca/colonca2111.jpeg,1,adenocarcinoma,colonca2111,colon_aca,91,91
train,colon_aca/colonca2112.jpeg,1,adenocarcinoma,colonca2112,colon_aca,222,222
train,colon_aca/colonca2113.jpeg,1,adenocarcinoma,colonca2113,colon_aca,47,47
train,colon_aca/colonca2114.jpeg,1,adenocarcinoma,colonca2114,colon_aca,47,47
train,colon_aca/colonca2115.jpeg,1,adenocarcinoma,colonca2115,colon_aca,83,83
train,colon_aca/colonca2116.jpeg,1,adenocarcinoma,colonca2116,colon_aca,238,238
train,colon_aca/colonca2117.jpeg,1,adenocarcinoma,colonca2117,colon_aca,231,231
train,colon_aca/colonca2123.jpeg,1,adenocarcinoma,colonca2123,colon_aca,113,113
train,colon_aca/colonca2125.jpeg,1,adenocarcinoma,colonca2125,colon_aca,85,85
train,colon_aca/colonca2130.jpeg,1,adenocarcinoma,colonca2130,colon_aca,204,204
train,colon_aca/colonca2131.jpeg,1,adenocarcinoma,colonca2131,colon_aca,27,27
train,colon_aca/colonca2134.jpeg,1,adenocarcinoma,colonca2134,colon_aca,3,3
train,colon_aca/colonca2135.jpeg,1,adenocarcinoma,colonca2135,colon_aca,134,134
train,colon_aca/colonca2136.jpeg,1,adenocarcinoma,colonca2136,colon_aca,80,80
train,colon_aca/colonca2137.jpeg,1,adenocarcinoma,colonca2137,colon_aca,90,90
train,colon_aca/colonca2140.jpeg,1,adenocarcinoma,colonca2140,colon_aca,164,164
train,colon_aca/colonca2142.jpeg,1,adenocarcinoma,colonca2142,colon_aca,94,94
train,colon_aca/colonca2145.jpeg,1,adenocarcinoma,colonca2145,colon_aca,103,103
train,colon_aca/colonca2146.jpeg,1,adenocarcinoma,colonca2146,colon_aca,203,203
train,colon_aca/colonca2147.jpeg,1,adenocarcinoma,colonca2147,colon_aca,206,206
train,colon_aca/colonca2149.jpeg,1,adenocarcinoma,colonca2149,colon_aca,135,135
train,colon_aca/colonca215.jpeg,1,adenocarcinoma,colonca215,colon_aca,98,98
train,colon_aca/colonca2150.jpeg,1,adenocarcinoma,colonca2150,colon_aca,171,171
train,colon_aca/colonca2157.jpeg,1,adenocarcinoma,colonca2157,colon_aca,21,21
train,colon_aca/colonca2158.jpeg,1,adenocarcinoma,colonca2158,colon_aca,100,100
train,colon_aca/colonca2159.jpeg,1,adenocarcinoma,colonca2159,colon_aca,141,141
train,colon_aca/colonca216.jpeg,1,adenocarcinoma,colonca216,colon_aca,101,101
train,colon_aca/colonca2160.jpeg,1,adenocarcinoma,colonca2160,colon_aca,32,32
train,colon_aca/colonca2162.jpeg,1,adenocarcinoma,colonca2162,colon_aca,34,34
train,colon_aca/colonca2163.jpeg,1,adenocarcinoma,colonca2163,colon_aca,126,126
train,colon_aca/colonca2165.jpeg,1,adenocarcinoma,colonca2165,colon_aca,228,228
train,colon_aca/colonca2167.jpeg,1,adenocarcinoma,colonca2167,colon_aca,7,7
train,colon_aca/colonca2169.jpeg,1,adenocarcinoma,colonca2169,colon_aca,47,47
train,colon_aca/colonca217.jpeg,1,adenocarcinoma,colonca217,colon_aca,79,79
train,colon_aca/colonca2172.jpeg,1,adenocarcinoma,colonca2172,colon_aca,49,49
train,colon_aca/colonca2173.jpeg,1,adenocarcinoma,colonca2173,colon_aca,85,85
train,colon_aca/colonca2174.jpeg,1,adenocarcinoma,colonca2174,colon_aca,26,26
train,colon_aca/colonca2176.jpeg,1,adenocarcinoma,colonca2176,colon_aca,74,74
train,colon_aca/colonca2177.jpeg,1,adenocarcinoma,colonca2177,colon_aca,145,145
train,colon_aca/colonca2178.jpeg,1,adenocarcinoma,colonca2178,colon_aca,211,211
train,colon_aca/colonca218.jpeg,1,adenocarcinoma,colonca218,colon_aca,220,220
train,colon_aca/colonca2180.jpeg,1,adenocarcinoma,colonca2180,colon_aca,124,124
train,colon_aca/colonca2181.jpeg,1,adenocarcinoma,colonca2181,colon_aca,78,78
train,colon_aca/colonca2182.jpeg,1,adenocarcinoma,colonca2182,colon_aca,134,134
train,colon_aca/colonca2186.jpeg,1,adenocarcinoma,colonca2186,colon_aca,11,11
train,colon_aca/colonca2187.jpeg,1,adenocarcinoma,colonca2187,colon_aca,58,58
train,colon_aca/colonca2190.jpeg,1,adenocarcinoma,colonca2190,colon_aca,170,170
train,colon_aca/colonca2191.jpeg,1,adenocarcinoma,colonca2191,colon_aca,170,170
train,colon_aca/colonca2193.jpeg,1,adenocarcinoma,colonca2193,colon_aca,31,31
train,colon_aca/colonca2194.jpeg,1,adenocarcinoma,colonca2194,colon_aca,149,149
train,colon_aca/colonca2195.jpeg,1,adenocarcinoma,colonca2195,colon_aca,205,205
train,colon_aca/colonca2196.jpeg,1,adenocarcinoma,colonca2196,colon_aca,17,17
train,colon_aca/colonca2197.jpeg,1,adenocarcinoma,colonca2197,colon_aca,81,81
train,colon_aca/colonca2199.jpeg,1,adenocarcinoma,colonca2199,colon_aca,206,206
train,colon_aca/colonca22.jpeg,1,adenocarcinoma,colonca22,colon_aca,217,217
train,colon_aca/colonca2205.jpeg,1,adenocarcinoma,colonca2205,colon_aca,166,166
train,colon_aca/colonca2206.jpeg,1,adenocarcinoma,colonca2206,colon_aca,14,14
train,colon_aca/colonca2207.jpeg,1,adenocarcinoma,colonca2207,colon_aca,209,209
train,colon_aca/colonca2208.jpeg,1,adenocarcinoma,colonca2208,colon_aca,157,157
train,colon_aca/colonca2209.jpeg,1,adenocarcinoma,colonca2209,colon_aca,0,0
train,colon_aca/colonca2211.jpeg,1,adenocarcinoma,colonca2211,colon_aca,21,21
train,colon_aca/colonca2212.jpeg,1,adenocarcinoma,colonca2212,colon_aca,50,50
train,colon_aca/colonca2213.jpeg,1,adenocarcinoma,colonca2213,colon_aca,4,4
train,colon_aca/colonca2215.jpeg,1,adenocarcinoma,colonca2215,colon_aca,92,92
train,colon_aca/colonca2216.jpeg,1,adenocarcinoma,colonca2216,colon_aca,92,92
train,colon_aca/colonca2217.jpeg,1,adenocarcinoma,colonca2217,colon_aca,141,141
train,colon_aca/colonca2218.jpeg,1,adenocarcinoma,colonca2218,colon_aca,32,32
train,colon_aca/colonca222.jpeg,1,adenocarcinoma,colonca222,colon_aca,186,186
train,colon_aca/colonca2223.jpeg,1,adenocarcinoma,colonca2223,colon_aca,130,130
train,colon_aca/colonca2224.jpeg,1,adenocarcinoma,colonca2224,colon_aca,228,228
train,colon_aca/colonca2225.jpeg,1,adenocarcinoma,colonca2225,colon_aca,2,2
train,colon_aca/colonca2226.jpeg,1,adenocarcinoma,colonca2226,colon_aca,102,102
train,colon_aca/colonca2228.jpeg,1,adenocarcinoma,colonca2228,colon_aca,56,56
train,colon_aca/colonca2230.jpeg,1,adenocarcinoma,colonca2230,colon_aca,77,77
train,colon_aca/colonca2232.jpeg,1,adenocarcinoma,colonca2232,colon_aca,36,36
train,colon_aca/colonca2233.jpeg,1,adenocarcinoma,colonca2233,colon_aca,71,71
train,colon_aca/colonca2234.jpeg,1,adenocarcinoma,colonca2234,colon_aca,98,98
train,colon_aca/colonca2235.jpeg,1,adenocarcinoma,colonca2235,colon_aca,54,54
train,colon_aca/colonca2236.jpeg,1,adenocarcinoma,colonca2236,colon_aca,212,212
train,colon_aca/colonca2237.jpeg,1,adenocarcinoma,colonca2237,colon_aca,160,160
train,colon_aca/colonca2239.jpeg,1,adenocarcinoma,colonca2239,colon_aca,133,133
train,colon_aca/colonca2240.jpeg,1,adenocarcinoma,colonca2240,colon_aca,133,133
train,colon_aca/colonca2241.jpeg,1,adenocarcinoma,colonca2241,colon_aca,187,187
train,colon_aca/colonca2242.jpeg,1,adenocarcinoma,colonca2242,colon_aca,70,70
train,colon_aca/colonca2243.jpeg,1,adenocarcinoma,colonca2243,colon_aca,70,70
train,colon_aca/colonca2244.jpeg,1,adenocarcinoma,colonca2244,colon_aca,208,208
train,colon_aca/colonca2247.jpeg,1,adenocarcinoma,colonca2247,colon_aca,11,11
train,colon_aca/colonca2248.jpeg,1,adenocarcinoma,colonca2248,colon_aca,94,94
train,colon_aca/colonca2249.jpeg,1,adenocarcinoma,colonca2249,colon_aca,105,105
train,colon_aca/colonca2250.jpeg,1,adenocarcinoma,colonca2250,colon_aca,121,121
train,colon_aca/colonca2251.jpeg,1,adenocarcinoma,colonca2251,colon_aca,129,129
train,colon_aca/colonca2253.jpeg,1,adenocarcinoma,colonca2253,colon_aca,170,170
train,colon_aca/colonca2255.jpeg,1,adenocarcinoma,colonca2255,colon_aca,149,149
train,colon_aca/colonca2256.jpeg,1,adenocarcinoma,colonca2256,colon_aca,17,17
train,colon_aca/colonca2257.jpeg,1,adenocarcinoma,colonca2257,colon_aca,81,81
train,colon_aca/colonca2258.jpeg,1,adenocarcinoma,colonca2258,colon_aca,81,81
train,colon_aca/colonca2259.jpeg,1,adenocarcinoma,colonca2259,colon_aca,59,59
train,colon_aca/colonca226.jpeg,1,adenocarcinoma,colonca226,colon_aca,242,242
train,colon_aca/colonca2263.jpeg,1,adenocarcinoma,colonca2263,colon_aca,182,182
train,colon_aca/colonca2265.jpeg,1,adenocarcinoma,colonca2265,colon_aca,14,14
train,colon_aca/colonca2266.jpeg,1,adenocarcinoma,colonca2266,colon_aca,157,157
train,colon_aca/colonca2267.jpeg,1,adenocarcinoma,colonca2267,colon_aca,221,221
train,colon_aca/colonca2268.jpeg,1,adenocarcinoma,colonca2268,colon_aca,40,40
train,colon_aca/colonca227.jpeg,1,adenocarcinoma,colonca227,colon_aca,124,124
train,colon_aca/colonca2270.jpeg,1,adenocarcinoma,colonca2270,colon_aca,123,123
train,colon_aca/colonca2272.jpeg,1,adenocarcinoma,colonca2272,colon_aca,197,197
train,colon_aca/colonca2273.jpeg,1,adenocarcinoma,colonca2273,colon_aca,150,150
train,colon_aca/colonca2274.jpeg,1,adenocarcinoma,colonca2274,colon_aca,61,61
train,colon_aca/colonca2275.jpeg,1,adenocarcinoma,colonca2275,colon_aca,100,100
train,colon_aca/colonca2276.jpeg,1,adenocarcinoma,colonca2276,colon_aca,34,34
train,colon_aca/colonca2278.jpeg,1,adenocarcinoma,colonca2278,colon_aca,102,102
train,colon_aca/colonca2281.jpeg,1,adenocarcinoma,colonca2281,colon_aca,231,231
train,colon_aca/colonca2283.jpeg,1,adenocarcinoma,colonca2283,colon_aca,188,188
train,colon_aca/colonca2284.jpeg,1,adenocarcinoma,colonca2284,colon_aca,41,41
train,colon_aca/colonca2285.jpeg,1,adenocarcinoma,colonca2285,colon_aca,65,65
train,colon_aca/colonca2287.jpeg,1,adenocarcinoma,colonca2287,colon_aca,36,36
train,colon_aca/colonca2288.jpeg,1,adenocarcinoma,colonca2288,colon_aca,49,49
train,colon_aca/colonca229.jpeg,1,adenocarcinoma,colonca229,colon_aca,35,35
train,colon_aca/colonca2290.jpeg,1,adenocarcinoma,colonca2290,colon_aca,98,98
train,colon_aca/colonca2292.jpeg,1,adenocarcinoma,colonca2292,colon_aca,28,28
train,colon_aca/colonca2293.jpeg,1,adenocarcinoma,colonca2293,colon_aca,220,220
train,colon_aca/colonca2294.jpeg,1,adenocarcinoma,colonca2294,colon_aca,37,37
train,colon_aca/colonca2295.jpeg,1,adenocarcinoma,colonca2295,colon_aca,82,82
train,colon_aca/colonca2296.jpeg,1,adenocarcinoma,colonca2296,colon_aca,82,82
train,colon_aca/colonca2297.jpeg,1,adenocarcinoma,colonca2297,colon_aca,212,212
train,colon_aca/colonca23.jpeg,1,adenocarcinoma,colonca23,colon_aca,100,100
train,colon_aca/colonca230.jpeg,1,adenocarcinoma,colonca230,colon_aca,198,198
train,colon_aca/colonca2302.jpeg,1,adenocarcinoma,colonca2302,colon_aca,204,204
train,colon_aca/colonca2305.jpeg,1,adenocarcinoma,colonca2305,colon_aca,3,3
train,colon_aca/colonca2306.jpeg,1,adenocarcinoma,colonca2306,colon_aca,90,90
train,colon_aca/colonca231.jpeg,1,adenocarcinoma,colonca231,colon_aca,134,134
train,colon_aca/colonca2310.jpeg,1,adenocarcinoma,colonca2310,colon_aca,107,107
train,colon_aca/colonca2311.jpeg,1,adenocarcinoma,colonca2311,colon_aca,229,229
train,colon_aca/colonca2315.jpeg,1,adenocarcinoma,colonca2315,colon_aca,14,14
train,colon_aca/colonca2316.jpeg,1,adenocarcinoma,colonca2316,colon_aca,209,209
train,colon_aca/colonca2317.jpeg,1,adenocarcinoma,colonca2317,colon_aca,209,209
train,colon_aca/colonca2318.jpeg,1,adenocarcinoma,colonca2318,colon_aca,110,110
train,colon_aca/colonca2319.jpeg,1,adenocarcinoma,colonca2319,colon_aca,168,168
train,colon_aca/colonca232.jpeg,1,adenocarcinoma,colonca232,colon_aca,208,208
train,colon_aca/colonca2322.jpeg,1,adenocarcinoma,colonca2322,colon_aca,51,51
train,colon_aca/colonca2323.jpeg,1,adenocarcinoma,colonca2323,colon_aca,51,51
train,colon_aca/colonca2325.jpeg,1,adenocarcinoma,colonca2325,colon_aca,197,197
train,colon_aca/colonca2326.jpeg,1,adenocarcinoma,colonca2326,colon_aca,4,4
train,colon_aca/colonca2327.jpeg,1,adenocarcinoma,colonca2327,colon_aca,217,217
train,colon_aca/colonca2328.jpeg,1,adenocarcinoma,colonca2328,colon_aca,153,153
train,colon_aca/colonca2329.jpeg,1,adenocarcinoma,colonca2329,colon_aca,153,153
train,colon_aca/colonca2330.jpeg,1,adenocarcinoma,colonca2330,colon_aca,165,165
train,colon_aca/colonca2331.jpeg,1,adenocarcinoma,colonca2331,colon_aca,106,106
train,colon_aca/colonca2332.jpeg,1,adenocarcinoma,colonca2332,colon_aca,106,106
train,colon_aca/colonca2335.jpeg,1,adenocarcinoma,colonca2335,colon_aca,43,43
train,colon_aca/colonca2337.jpeg,1,adenocarcinoma,colonca2337,colon_aca,147,147
train,colon_aca/colonca2338.jpeg,1,adenocarcinoma,colonca2338,colon_aca,176,176
train,colon_aca/colonca2340.jpeg,1,adenocarcinoma,colonca2340,colon_aca,7,7
train,colon_aca/colonca2341.jpeg,1,adenocarcinoma,colonca2341,colon_aca,222,222
train,colon_aca/colonca2343.jpeg,1,adenocarcinoma,colonca2343,colon_aca,72,72
train,colon_aca/colonca2344.jpeg,1,adenocarcinoma,colonca2344,colon_aca,56,56
train,colon_aca/colonca2345.jpeg,1,adenocarcinoma,colonca2345,colon_aca,238,238
train,colon_aca/colonca2347.jpeg,1,adenocarcinoma,colonca2347,colon_aca,248,248
train,colon_aca/colonca235.jpeg,1,adenocarcinoma,colonca235,colon_aca,105,105
train,colon_aca/colonca2353.jpeg,1,adenocarcinoma,colonca2353,colon_aca,116,116
train,colon_aca/colonca2354.jpeg,1,adenocarcinoma,colonca2354,colon_aca,116,116
train,colon_aca/colonca2355.jpeg,1,adenocarcinoma,colonca2355,colon_aca,218,218
train,colon_aca/colonca2356.jpeg,1,adenocarcinoma,colonca2356,colon_aca,101,101
train,colon_aca/colonca2357.jpeg,1,adenocarcinoma,colonca2357,colon_aca,79,79
train,colon_aca/colonca2358.jpeg,1,adenocarcinoma,colonca2358,colon_aca,22,22
train,colon_aca/colonca2359.jpeg,1,adenocarcinoma,colonca2359,colon_aca,22,22
train,colon_aca/colonca236.jpeg,1,adenocarcinoma,colonca236,colon_aca,105,105
train,colon_aca/colonca2361.jpeg,1,adenocarcinoma,colonca2361,colon_aca,23,23
train,colon_aca/colonca2362.jpeg,1,adenocarcinoma,colonca2362,colon_aca,28,28
train,colon_aca/colonca2364.jpeg,1,adenocarcinoma,colonca2364,colon_aca,186,186
train,colon_aca/colonca2365.jpeg,1,adenocarcinoma,colonca2365,colon_aca,54,54
train,colon_aca/colonca2367.jpeg,1,adenocarcinoma,colonca2367,colon_aca,128,128
train,colon_aca/colonca2368.jpeg,1,adenocarcinoma,colonca2368,colon_aca,78,78
train,colon_aca/colonca2369.jpeg,1,adenocarcinoma,colonca2369,colon_aca,3,3
train,colon_aca/colonca237.jpeg,1,adenocarcinoma,colonca237,colon_aca,121,121
train,colon_aca/colonca2370.jpeg,1,adenocarcinoma,colonca2370,colon_aca,134,134
train,colon_aca/colonca2373.jpeg,1,adenocarcinoma,colonca2373,colon_aca,11,11
train,colon_aca/colonca2375.jpeg,1,adenocarcinoma,colonca2375,colon_aca,131,131
train,colon_aca/colonca2376.jpeg,1,adenocarcinoma,colonca2376,colon_aca,88,88
train,colon_aca/colonca2377.jpeg,1,adenocarcinoma,colonca2377,colon_aca,31,31
train,colon_aca/colonca2378.jpeg,1,adenocarcinoma,colonca2378,colon_aca,59,59
train,colon_aca/colonca2385.jpeg,1,adenocarcinoma,colonca2385,colon_aca,241,241
train,colon_aca/colonca2386.jpeg,1,adenocarcinoma,colonca2386,colon_aca,39,39
train,colon_aca/colonca2387.jpeg,1,adenocarcinoma,colonca2387,colon_aca,0,0
train,colon_aca/colonca2388.jpeg,1,adenocarcinoma,colonca2388,colon_aca,247,247
train,colon_aca/colonca2391.jpeg,1,adenocarcinoma,colonca2391,colon_aca,189,189
train,colon_aca/colonca2392.jpeg,1,adenocarcinoma,colonca2392,colon_aca,142,142
train,colon_aca/colonca2393.jpeg,1,adenocarcinoma,colonca2393,colon_aca,4,4
train,colon_aca/colonca2394.jpeg,1,adenocarcinoma,colonca2394,colon_aca,12,12
train,colon_aca/colonca2395.jpeg,1,adenocarcinoma,colonca2395,colon_aca,32,32
train,colon_aca/colonca2398.jpeg,1,adenocarcinoma,colonca2398,colon_aca,106,106
train,colon_aca/colonca2399.jpeg,1,adenocarcinoma,colonca2399,colon_aca,106,106
train,colon_aca/colonca24.jpeg,1,adenocarcinoma,colonca24,colon_aca,152,152
train,colon_aca/colonca240.jpeg,1,adenocarcinoma,colonca240,colon_aca,62,62
train,colon_aca/colonca2400.jpeg,1,adenocarcinoma,colonca2400,colon_aca,210,210
train,colon_aca/colonca2401.jpeg,1,adenocarcinoma,colonca2401,colon_aca,87,87
train,colon_aca/colonca2402.jpeg,1,adenocarcinoma,colonca2402,colon_aca,13,13
train,colon_aca/colonca2405.jpeg,1,adenocarcinoma,colonca2405,colon_aca,146,146
train,colon_aca/colonca2406.jpeg,1,adenocarcinoma,colonca2406,colon_aca,147,147
train,colon_aca/colonca2407.jpeg,1,adenocarcinoma,colonca2407,colon_aca,228,228
train,colon_aca/colonca2408.jpeg,1,adenocarcinoma,colonca2408,colon_aca,176,176
train,colon_aca/colonca2409.jpeg,1,adenocarcinoma,colonca2409,colon_aca,102,102
train,colon_aca/colonca241.jpeg,1,adenocarcinoma,colonca241,colon_aca,131,131
train,colon_aca/colonca2411.jpeg,1,adenocarcinoma,colonca2411,colon_aca,174,174
train,colon_aca/colonca2412.jpeg,1,adenocarcinoma,colonca2412,colon_aca,222,222
train,colon_aca/colonca2413.jpeg,1,adenocarcinoma,colonca2413,colon_aca,151,151
train,colon_aca/colonca2414.jpeg,1,adenocarcinoma,colonca2414,colon_aca,77,77
train,colon_aca/colonca2416.jpeg,1,adenocarcinoma,colonca2416,colon_aca,49,49
train,colon_aca/colonca2417.jpeg,1,adenocarcinoma,colonca2417,colon_aca,79,79
train,colon_aca/colonca2418.jpeg,1,adenocarcinoma,colonca2418,colon_aca,22,22
train,colon_aca/colonca242.jpeg,1,adenocarcinoma,colonca242,colon_aca,206,206
train,colon_aca/colonca2420.jpeg,1,adenocarcinoma,colonca2420,colon_aca,23,23
train,colon_aca/colonca2421.jpeg,1,adenocarcinoma,colonca2421,colon_aca,28,28
train,colon_aca/colonca2422.jpeg,1,adenocarcinoma,colonca2422,colon_aca,53,53
train,colon_aca/colonca2423.jpeg,1,adenocarcinoma,colonca2423,colon_aca,54,54
train,colon_aca/colonca2426.jpeg,1,adenocarcinoma,colonca2426,colon_aca,78,78
train,colon_aca/colonca2429.jpeg,1,adenocarcinoma,colonca2429,colon_aca,11,11
train,colon_aca/colonca243.jpeg,1,adenocarcinoma,colonca243,colon_aca,166,166
train,colon_aca/colonca2431.jpeg,1,adenocarcinoma,colonca2431,colon_aca,121,121
train,colon_aca/colonca2432.jpeg,1,adenocarcinoma,colonca2432,colon_aca,103,103
train,colon_aca/colonca2433.jpeg,1,adenocarcinoma,colonca2433,colon_aca,107,107
train,colon_aca/colonca2434.jpeg,1,adenocarcinoma,colonca2434,colon_aca,131,131
train,colon_aca/colonca2436.jpeg,1,adenocarcinoma,colonca2436,colon_aca,81,81
train,colon_aca/colonca2437.jpeg,1,adenocarcinoma,colonca2437,colon_aca,161,161
train,colon_aca/colonca2438.jpeg,1,adenocarcinoma,colonca2438,colon_aca,127,127
train,colon_aca/colonca244.jpeg,1,adenocarcinoma,colonca244,colon_aca,29,29
train,colon_aca/colonca2440.jpeg,1,adenocarcinoma,colonca2440,colon_aca,241,241
train,colon_aca/colonca2441.jpeg,1,adenocarcinoma,colonca2441,colon_aca,110,110
train,colon_aca/colonca2444.jpeg,1,adenocarcinoma,colonca2444,colon_aca,39,39
train,colon_aca/colonca2445.jpeg,1,adenocarcinoma,colonca2445,colon_aca,40,40
train,colon_aca/colonca2448.jpeg,1,adenocarcinoma,colonca2448,colon_aca,51,51
train,colon_aca/colonca2449.jpeg,1,adenocarcinoma,colonca2449,colon_aca,143,143
train,colon_aca/colonca245.jpeg,1,adenocarcinoma,colonca245,colon_aca,110,110
train,colon_aca/colonca2450.jpeg,1,adenocarcinoma,colonca2450,colon_aca,225,225
train,colon_aca/colonca2451.jpeg,1,adenocarcinoma,colonca2451,colon_aca,63,63
train,colon_aca/colonca2452.jpeg,1,adenocarcinoma,colonca2452,colon_aca,106,106
train,colon_aca/colonca2453.jpeg,1,adenocarcinoma,colonca2453,colon_aca,13,13
train,colon_aca/colonca2454.jpeg,1,adenocarcinoma,colonca2454,colon_aca,13,13
train,colon_aca/colonca2455.jpeg,1,adenocarcinoma,colonca2455,colon_aca,34,34
train,colon_aca/colonca2456.jpeg,1,adenocarcinoma,colonca2456,colon_aca,34,34
train,colon_aca/colonca2457.jpeg,1,adenocarcinoma,colonca2457,colon_aca,228,228
train,colon_aca/colonca2458.jpeg,1,adenocarcinoma,colonca2458,colon_aca,228,228
train,colon_aca/colonca2459.jpeg,1,adenocarcinoma,colonca2459,colon_aca,243,243
train,colon_aca/colonca246.jpeg,1,adenocarcinoma,colonca246,colon_aca,40,40
train,colon_aca/colonca2462.jpeg,1,adenocarcinoma,colonca2462,colon_aca,176,176
train,colon_aca/colonca2463.jpeg,1,adenocarcinoma,colonca2463,colon_aca,47,47
train,colon_aca/colonca2464.jpeg,1,adenocarcinoma,colonca2464,colon_aca,83,83
train,colon_aca/colonca2465.jpeg,1,adenocarcinoma,colonca2465,colon_aca,77,77
train,colon_aca/colonca2466.jpeg,1,adenocarcinoma,colonca2466,colon_aca,208,208
train,colon_aca/colonca2467.jpeg,1,adenocarcinoma,colonca2467,colon_aca,41,41
train,colon_aca/colonca2468.jpeg,1,adenocarcinoma,colonca2468,colon_aca,41,41
train,colon_aca/colonca2469.jpeg,1,adenocarcinoma,colonca2469,colon_aca,65,65
train,colon_aca/colonca247.jpeg,1,adenocarcinoma,colonca247,colon_aca,136,136
train,colon_aca/colonca2472.jpeg,1,adenocarcinoma,colonca2472,colon_aca,49,49
train,colon_aca/colonca2476.jpeg,1,adenocarcinoma,colonca2476,colon_aca,85,85
train,colon_aca/colonca2477.jpeg,1,adenocarcinoma,colonca2477,colon_aca,186,186
train,colon_aca/colonca2478.jpeg,1,adenocarcinoma,colonca2478,colon_aca,212,212
train,colon_aca/colonca2480.jpeg,1,adenocarcinoma,colonca2480,colon_aca,128,128
train,colon_aca/colonca2481.jpeg,1,adenocarcinoma,colonca2481,colon_aca,226,226
train,colon_aca/colonca2483.jpeg,1,adenocarcinoma,colonca2483,colon_aca,3,3
train,colon_aca/colonca2484.jpeg,1,adenocarcinoma,colonca2484,colon_aca,134,134
train,colon_aca/colonca2485.jpeg,1,adenocarcinoma,colonca2485,colon_aca,240,240
train,colon_aca/colonca2487.jpeg,1,adenocarcinoma,colonca2487,colon_aca,164,164
train,colon_aca/colonca2488.jpeg,1,adenocarcinoma,colonca2488,colon_aca,48,48
train,colon_aca/colonca2489.jpeg,1,adenocarcinoma,colonca2489,colon_aca,105,105
train,colon_aca/colonca249.jpeg,1,adenocarcinoma,colonca249,colon_aca,21,21
train,colon_aca/colonca2491.jpeg,1,adenocarcinoma,colonca2491,colon_aca,103,103
train,colon_aca/colonca2493.jpeg,1,adenocarcinoma,colonca2493,colon_aca,8,8
train,colon_aca/colonca2496.jpeg,1,adenocarcinoma,colonca2496,colon_aca,161,161
train,colon_aca/colonca2499.jpeg,1,adenocarcinoma,colonca2499,colon_aca,110,110
train,colon_aca/colonca25.jpeg,1,adenocarcinoma,colonca25,colon_aca,153,153
train,colon_aca/colonca250.jpeg,1,adenocarcinoma,colonca250,colon_aca,50,50
train,colon_aca/colonca2500.jpeg,1,adenocarcinoma,colonca2500,colon_aca,110,110
train,colon_aca/colonca2501.jpeg,1,adenocarcinoma,colonca2501,colon_aca,157,157
train,colon_aca/colonca2504.jpeg,1,adenocarcinoma,colonca2504,colon_aca,52,52
train,colon_aca/colonca2505.jpeg,1,adenocarcinoma,colonca2505,colon_aca,95,95
train,colon_aca/colonca2506.jpeg,1,adenocarcinoma,colonca2506,colon_aca,21,21
train,colon_aca/colonca2507.jpeg,1,adenocarcinoma,colonca2507,colon_aca,50,50
train,colon_aca/colonca2508.jpeg,1,adenocarcinoma,colonca2508,colon_aca,169,169
train,colon_aca/colonca251.jpeg,1,adenocarcinoma,colonca251,colon_aca,142,142
train,colon_aca/colonca2510.jpeg,1,adenocarcinoma,colonca2510,colon_aca,142,142
train,colon_aca/colonca2511.jpeg,1,adenocarcinoma,colonca2511,colon_aca,235,235
train,colon_aca/colonca2512.jpeg,1,adenocarcinoma,colonca2512,colon_aca,225,225
train,colon_aca/colonca2513.jpeg,1,adenocarcinoma,colonca2513,colon_aca,1,1
train,colon_aca/colonca2514.jpeg,1,adenocarcinoma,colonca2514,colon_aca,217,217
train,colon_aca/colonca2515.jpeg,1,adenocarcinoma,colonca2515,colon_aca,61,61
train,colon_aca/colonca2516.jpeg,1,adenocarcinoma,colonca2516,colon_aca,152,152
train,colon_aca/colonca2517.jpeg,1,adenocarcinoma,colonca2517,colon_aca,92,92
train,colon_aca/colonca2518.jpeg,1,adenocarcinoma,colonca2518,colon_aca,32,32
train,colon_aca/colonca2519.jpeg,1,adenocarcinoma,colonca2519,colon_aca,106,106
train,colon_aca/colonca252.jpeg,1,adenocarcinoma,colonca252,colon_aca,61,61
train,colon_aca/colonca2520.jpeg,1,adenocarcinoma,colonca2520,colon_aca,43,43
train,colon_aca/colonca2523.jpeg,1,adenocarcinoma,colonca2523,colon_aca,174,174
train,colon_aca/colonca2524.jpeg,1,adenocarcinoma,colonca2524,colon_aca,7,7
train,colon_aca/colonca2526.jpeg,1,adenocarcinoma,colonca2526,colon_aca,83,83
train,colon_aca/colonca2527.jpeg,1,adenocarcinoma,colonca2527,colon_aca,238,238
train,colon_aca/colonca253.jpeg,1,adenocarcinoma,colonca253,colon_aca,153,153
train,colon_aca/colonca2530.jpeg,1,adenocarcinoma,colonca2530,colon_aca,71,71
train,colon_aca/colonca2531.jpeg,1,adenocarcinoma,colonca2531,colon_aca,113,113
train,colon_aca/colonca2534.jpeg,1,adenocarcinoma,colonca2534,colon_aca,98,98
train,colon_aca/colonca2535.jpeg,1,adenocarcinoma,colonca2535,colon_aca,23,23
train,colon_aca/colonca2536.jpeg,1,adenocarcinoma,colonca2536,colon_aca,85,85
train,colon_aca/colonca2537.jpeg,1,adenocarcinoma,colonca2537,colon_aca,26,26
train,colon_aca/colonca2538.jpeg,1,adenocarcinoma,colonca2538,colon_aca,82,82
train,colon_aca/colonca2539.jpeg,1,adenocarcinoma,colonca2539,colon_aca,212,212
train,colon_aca/colonca254.jpeg,1,adenocarcinoma,colonca254,colon_aca,153,153
train,colon_aca/colonca2541.jpeg,1,adenocarcinoma,colonca2541,colon_aca,93,93
train,colon_aca/colonca2543.jpeg,1,adenocarcinoma,colonca2543,colon_aca,226,226
train,colon_aca/colonca2545.jpeg,1,adenocarcinoma,colonca2545,colon_aca,208,208
train,colon_aca/colonca2548.jpeg,1,adenocarcinoma,colonca2548,colon_aca,240,240
train,colon_aca/colonca2549.jpeg,1,adenocarcinoma,colonca2549,colon_aca,164,164
train,colon_aca/colonca2551.jpeg,1,adenocarcinoma,colonca2551,colon_aca,185,185
train,colon_aca/colonca2552.jpeg,1,adenocarcinoma,colonca2552,colon_aca,170,170
train,colon_aca/colonca2553.jpeg,1,adenocarcinoma,colonca2553,colon_aca,44,44
train,colon_aca/colonca2555.jpeg,1,adenocarcinoma,colonca2555,colon_aca,81,81
train,colon_aca/colonca2558.jpeg,1,adenocarcinoma,colonca2558,colon_aca,135,135
train,colon_aca/colonca2559.jpeg,1,adenocarcinoma,colonca2559,colon_aca,110,110
train,colon_aca/colonca2561.jpeg,1,adenocarcinoma,colonca2561,colon_aca,136,136
train,colon_aca/colonca2562.jpeg,1,adenocarcinoma,colonca2562,colon_aca,51,51
train,colon_aca/colonca2563.jpeg,1,adenocarcinoma,colonca2563,colon_aca,95,95
train,colon_aca/colonca2564.jpeg,1,adenocarcinoma,colonca2564,colon_aca,142,142
train,colon_aca/colonca2565.jpeg,1,adenocarcinoma,colonca2565,colon_aca,4,4
train,colon_aca/colonca2566.jpeg,1,adenocarcinoma,colonca2566,colon_aca,12,12
train,colon_aca/colonca2567.jpeg,1,adenocarcinoma,colonca2567,colon_aca,152,152
train,colon_aca/colonca2568.jpeg,1,adenocarcinoma,colonca2568,colon_aca,20,20
train,colon_aca/colonca2569.jpeg,1,adenocarcinoma,colonca2569,colon_aca,141,141
train,colon_aca/colonca257.jpeg,1,adenocarcinoma,colonca257,colon_aca,210,210
train,colon_aca/colonca2570.jpeg,1,adenocarcinoma,colonca2570,colon_aca,32,32
train,colon_aca/colonca2571.jpeg,1,adenocarcinoma,colonca2571,colon_aca,32,32
train,colon_aca/colonca2574.jpeg,1,adenocarcinoma,colonca2574,colon_aca,64,64
train,colon_aca/colonca2576.jpeg,1,adenocarcinoma,colonca2576,colon_aca,176,176
train,colon_aca/colonca2577.jpeg,1,adenocarcinoma,colonca2577,colon_aca,72,72
train,colon_aca/colonca2578.jpeg,1,adenocarcinoma,colonca2578,colon_aca,72,72
train,colon_aca/colonca2579.jpeg,1,adenocarcinoma,colonca2579,colon_aca,151,151
train,colon_aca/colonca258.jpeg,1,adenocarcinoma,colonca258,colon_aca,13,13
train,colon_aca/colonca2581.jpeg,1,adenocarcinoma,colonca2581,colon_aca,231,231
train,colon_aca/colonca2582.jpeg,1,adenocarcinoma,colonca2582,colon_aca,234,234
train,colon_aca/colonca2583.jpeg,1,adenocarcinoma,colonca2583,colon_aca,208,208
train,colon_aca/colonca2584.jpeg,1,adenocarcinoma,colonca2584,colon_aca,65,65
train,colon_aca/colonca259.jpeg,1,adenocarcinoma,colonca259,colon_aca,138,138
train,colon_aca/colonca2590.jpeg,1,adenocarcinoma,colonca2590,colon_aca,71,71
train,colon_aca/colonca2592.jpeg,1,adenocarcinoma,colonca2592,colon_aca,37,37
train,colon_aca/colonca2593.jpeg,1,adenocarcinoma,colonca2593,colon_aca,37,37
train,colon_aca/colonca2594.jpeg,1,adenocarcinoma,colonca2594,colon_aca,145,145
train,colon_aca/colonca2595.jpeg,1,adenocarcinoma,colonca2595,colon_aca,160,160
train,colon_aca/colonca2596.jpeg,1,adenocarcinoma,colonca2596,colon_aca,187,187
train,colon_aca/colonca2597.jpeg,1,adenocarcinoma,colonca2597,colon_aca,35,35
train,colon_aca/colonca2599.jpeg,1,adenocarcinoma,colonca2599,colon_aca,208,208
train,colon_aca/colonca26.jpeg,1,adenocarcinoma,colonca26,colon_aca,92,92
train,colon_aca/colonca260.jpeg,1,adenocarcinoma,colonca260,colon_aca,43,43
train,colon_aca/colonca2600.jpeg,1,adenocarcinoma,colonca2600,colon_aca,240,240
train,colon_aca/colonca2601.jpeg,1,adenocarcinoma,colonca2601,colon_aca,11,11
train,colon_aca/colonca2602.jpeg,1,adenocarcinoma,colonca2602,colon_aca,58,58
train,colon_aca/colonca2603.jpeg,1,adenocarcinoma,colonca2603,colon_aca,94,94
train,colon_aca/colonca2604.jpeg,1,adenocarcinoma,colonca2604,colon_aca,207,207
train,colon_aca/colonca2605.jpeg,1,adenocarcinoma,colonca2605,colon_aca,107,107
train,colon_aca/colonca2606.jpeg,1,adenocarcinoma,colonca2606,colon_aca,31,31
train,colon_aca/colonca2609.jpeg,1,adenocarcinoma,colonca2609,colon_aca,135,135
train,colon_aca/colonca261.jpeg,1,adenocarcinoma,colonca261,colon_aca,230,230
train,colon_aca/colonca2610.jpeg,1,adenocarcinoma,colonca2610,colon_aca,171,171
train,colon_aca/colonca2613.jpeg,1,adenocarcinoma,colonca2613,colon_aca,14,14
train,colon_aca/colonca2614.jpeg,1,adenocarcinoma,colonca2614,colon_aca,209,209
train,colon_aca/colonca2615.jpeg,1,adenocarcinoma,colonca2615,colon_aca,192,192
train,colon_aca/colonca2616.jpeg,1,adenocarcinoma,colonca2616,colon_aca,192,192
train,colon_aca/colonca2617.jpeg,1,adenocarcinoma,colonca2617,colon_aca,241,241
train,colon_aca/colonca262.jpeg,1,adenocarcinoma,colonca262,colon_aca,89,89
train,colon_aca/colonca2620.jpeg,1,adenocarcinoma,colonca2620,colon_aca,40,40
train,colon_aca/colonca2622.jpeg,1,adenocarcinoma,colonca2622,colon_aca,52,52
train,colon_aca/colonca2623.jpeg,1,adenocarcinoma,colonca2623,colon_aca,52,52
train,colon_aca/colonca2625.jpeg,1,adenocarcinoma,colonca2625,colon_aca,143,143
train,colon_aca/colonca2626.jpeg,1,adenocarcinoma,colonca2626,colon_aca,57,57
train,colon_aca/colonca2627.jpeg,1,adenocarcinoma,colonca2627,colon_aca,4,4
train,colon_aca/colonca2628.jpeg,1,adenocarcinoma,colonca2628,colon_aca,5,5
train,colon_aca/colonca263.jpeg,1,adenocarcinoma,colonca263,colon_aca,99,99
train,colon_aca/colonca2632.jpeg,1,adenocarcinoma,colonca2632,colon_aca,100,100
train,colon_aca/colonca2634.jpeg,1,adenocarcinoma,colonca2634,colon_aca,210,210
train,colon_aca/colonca2635.jpeg,1,adenocarcinoma,colonca2635,colon_aca,87,87
train,colon_aca/colonca2636.jpeg,1,adenocarcinoma,colonca2636,colon_aca,13,13
train,colon_aca/colonca2638.jpeg,1,adenocarcinoma,colonca2638,colon_aca,43,43
train,colon_aca/colonca2639.jpeg,1,adenocarcinoma,colonca2639,colon_aca,146,146
train,colon_aca/colonca264.jpeg,1,adenocarcinoma,colonca264,colon_aca,99,99
train,colon_aca/colonca2640.jpeg,1,adenocarcinoma,colonca2640,colon_aca,147,147
train,colon_aca/colonca2642.jpeg,1,adenocarcinoma,colonca2642,colon_aca,102,102
train,colon_aca/colonca2643.jpeg,1,adenocarcinoma,colonca2643,colon_aca,99,99
train,colon_aca/colonca2644.jpeg,1,adenocarcinoma,colonca2644,colon_aca,47,47
train,colon_aca/colonca2647.jpeg,1,adenocarcinoma,colonca2647,colon_aca,231,231
train,colon_aca/colonca2649.jpeg,1,adenocarcinoma,colonca2649,colon_aca,41,41
train,colon_aca/colonca265.jpeg,1,adenocarcinoma,colonca265,colon_aca,174,174
train,colon_aca/colonca2650.jpeg,1,adenocarcinoma,colonca2650,colon_aca,122,122
train,colon_aca/colonca2651.jpeg,1,adenocarcinoma,colonca2651,colon_aca,202,202
train,colon_aca/colonca2655.jpeg,1,adenocarcinoma,colonca2655,colon_aca,116,116
train,colon_aca/colonca2658.jpeg,1,adenocarcinoma,colonca2658,colon_aca,23,23
train,colon_aca/colonca2659.jpeg,1,adenocarcinoma,colonca2659,colon_aca,23,23
train,colon_aca/colonca2660.jpeg,1,adenocarcinoma,colonca2660,colon_aca,28,28
train,colon_aca/colonca2661.jpeg,1,adenocarcinoma,colonca2661,colon_aca,54,54
train,colon_aca/colonca2662.jpeg,1,adenocarcinoma,colonca2662,colon_aca,46,46
train,colon_aca/colonca2664.jpeg,1,adenocarcinoma,colonca2664,colon_aca,177,177
train,colon_aca/colonca2665.jpeg,1,adenocarcinoma,colonca2665,colon_aca,242,242
train,colon_aca/colonca2666.jpeg,1,adenocarcinoma,colonca2666,colon_aca,27,27
train,colon_aca/colonca2667.jpeg,1,adenocarcinoma,colonca2667,colon_aca,78,78
train,colon_aca/colonca2669.jpeg,1,adenocarcinoma,colonca2669,colon_aca,94,94
train,colon_aca/colonca267.jpeg,1,adenocarcinoma,colonca267,colon_aca,72,72
train,colon_aca/colonca2670.jpeg,1,adenocarcinoma,colonca2670,colon_aca,94,94
train,colon_aca/colonca2671.jpeg,1,adenocarcinoma,colonca2671,colon_aca,105,105
train,colon_aca/colonca2672.jpeg,1,adenocarcinoma,colonca2672,colon_aca,229,229
train,colon_aca/colonca2673.jpeg,1,adenocarcinoma,colonca2673,colon_aca,88,88
train,colon_aca/colonca2675.jpeg,1,adenocarcinoma,colonca2675,colon_aca,8,8
train,colon_aca/colonca2677.jpeg,1,adenocarcinoma,colonca2677,colon_aca,166,166
train,colon_aca/colonca2678.jpeg,1,adenocarcinoma,colonca2678,colon_aca,182,182
train,colon_aca/colonca2679.jpeg,1,adenocarcinoma,colonca2679,colon_aca,157,157
train,colon_aca/colonca268.jpeg,1,adenocarcinoma,colonca268,colon_aca,56,56
train,colon_aca/colonca2680.jpeg,1,adenocarcinoma,colonca2680,colon_aca,168,168
train,colon_aca/colonca2681.jpeg,1,adenocarcinoma,colonca2681,colon_aca,168,168
train,colon_aca/colonca2684.jpeg,1,adenocarcinoma,colonca2684,colon_aca,0,0
train,colon_aca/colonca2686.jpeg,1,adenocarcinoma,colonca2686,colon_aca,52,52
train,colon_aca/colonca2687.jpeg,1,adenocarcinoma,colonca2687,colon_aca,51,51
train,colon_aca/colonca2688.jpeg,1,adenocarcinoma,colonca2688,colon_aca,21,21
train,colon_aca/colonca2689.jpeg,1,adenocarcinoma,colonca2689,colon_aca,57,57
train,colon_aca/colonca2690.jpeg,1,adenocarcinoma,colonca2690,colon_aca,12,12
train,colon_aca/colonca2691.jpeg,1,adenocarcinoma,colonca2691,colon_aca,61,61
train,colon_aca/colonca2692.jpeg,1,adenocarcinoma,colonca2692,colon_aca,152,152
train,colon_aca/colonca2694.jpeg,1,adenocarcinoma,colonca2694,colon_aca,63,63
train,colon_aca/colonca2695.jpeg,1,adenocarcinoma,colonca2695,colon_aca,20,20
train,colon_aca/colonca2696.jpeg,1,adenocarcinoma,colonca2696,colon_aca,210,210
train,colon_aca/colonca2697.jpeg,1,adenocarcinoma,colonca2697,colon_aca,87,87
train,colon_aca/colonca2698.jpeg,1,adenocarcinoma,colonca2698,colon_aca,87,87
train,colon_aca/colonca27.jpeg,1,adenocarcinoma,colonca27,colon_aca,165,165
train,colon_aca/colonca270.jpeg,1,adenocarcinoma,colonca270,colon_aca,65,65
train,colon_aca/colonca2700.jpeg,1,adenocarcinoma,colonca2700,colon_aca,64,64
train,colon_aca/colonca2701.jpeg,1,adenocarcinoma,colonca2701,colon_aca,146,146
train,colon_aca/colonca2702.jpeg,1,adenocarcinoma,colonca2702,colon_aca,102,102
train,colon_aca/colonca2703.jpeg,1,adenocarcinoma,colonca2703,colon_aca,91,91
train,colon_aca/colonca2705.jpeg,1,adenocarcinoma,colonca2705,colon_aca,47,47
train,colon_aca/colonca2708.jpeg,1,adenocarcinoma,colonca2708,colon_aca,76,76
train,colon_aca/colonca2709.jpeg,1,adenocarcinoma,colonca2709,colon_aca,234,234
train,colon_aca/colonca271.jpeg,1,adenocarcinoma,colonca271,colon_aca,65,65
train,colon_aca/colonca2710.jpeg,1,adenocarcinoma,colonca2710,colon_aca,122,122
train,colon_aca/colonca2712.jpeg,1,adenocarcinoma,colonca2712,colon_aca,49,49
train,colon_aca/colonca2713.jpeg,1,adenocarcinoma,colonca2713,colon_aca,214,214
train,colon_aca/colonca2714.jpeg,1,adenocarcinoma,colonca2714,colon_aca,79,79
train,colon_aca/colonca2715.jpeg,1,adenocarcinoma,colonca2715,colon_aca,220,220
train,colon_aca/colonca2716.jpeg,1,adenocarcinoma,colonca2716,colon_aca,26,26
train,colon_aca/colonca2717.jpeg,1,adenocarcinoma,colonca2717,colon_aca,26,26
train,colon_aca/colonca2719.jpeg,1,adenocarcinoma,colonca2719,colon_aca,46,46
train,colon_aca/colonca272.jpeg,1,adenocarcinoma,colonca272,colon_aca,122,122
train,colon_aca/colonca2723.jpeg,1,adenocarcinoma,colonca2723,colon_aca,78,78
train,colon_aca/colonca2724.jpeg,1,adenocarcinoma,colonca2724,colon_aca,134,134
train,colon_aca/colonca2725.jpeg,1,adenocarcinoma,colonca2725,colon_aca,80,80
train,colon_aca/colonca2726.jpeg,1,adenocarcinoma,colonca2726,colon_aca,191,191
train,colon_aca/colonca2727.jpeg,1,adenocarcinoma,colonca2727,colon_aca,48,48
train,colon_aca/colonca2729.jpeg,1,adenocarcinoma,colonca2729,colon_aca,11,11
train,colon_aca/colonca273.jpeg,1,adenocarcinoma,colonca273,colon_aca,122,122
train,colon_aca/colonca2730.jpeg,1,adenocarcinoma,colonca2730,colon_aca,170,170
train,colon_aca/colonca2731.jpeg,1,adenocarcinoma,colonca2731,colon_aca,17,17
train,colon_aca/colonca2734.jpeg,1,adenocarcinoma,colonca2734,colon_aca,161,161
train,colon_aca/colonca2738.jpeg,1,adenocarcinoma,colonca2738,colon_aca,14,14
train,colon_aca/colonca2739.jpeg,1,adenocarcinoma,colonca2739,colon_aca,157,157
train,colon_aca/colonca274.jpeg,1,adenocarcinoma,colonca274,colon_aca,202,202
train,colon_aca/colonca2741.jpeg,1,adenocarcinoma,colonca2741,colon_aca,247,247
train,colon_aca/colonca2742.jpeg,1,adenocarcinoma,colonca2742,colon_aca,40,40
train,colon_aca/colonca2743.jpeg,1,adenocarcinoma,colonca2743,colon_aca,235,235
train,colon_aca/colonca2744.jpeg,1,adenocarcinoma,colonca2744,colon_aca,235,235
train,colon_aca/colonca2745.jpeg,1,adenocarcinoma,colonca2745,colon_aca,5,5
train,colon_aca/colonca2747.jpeg,1,adenocarcinoma,colonca2747,colon_aca,61,61
train,colon_aca/colonca2748.jpeg,1,adenocarcinoma,colonca2748,colon_aca,100,100
train,colon_aca/colonca2751.jpeg,1,adenocarcinoma,colonca2751,colon_aca,92,92
train,colon_aca/colonca2753.jpeg,1,adenocarcinoma,colonca2753,colon_aca,106,106
train,colon_aca/colonca2754.jpeg,1,adenocarcinoma,colonca2754,colon_aca,210,210
train,colon_aca/colonca2755.jpeg,1,adenocarcinoma,colonca2755,colon_aca,210,210
train,colon_aca/colonca2757.jpeg,1,adenocarcinoma,colonca2757,colon_aca,147,147
train,colon_aca/colonca2758.jpeg,1,adenocarcinoma,colonca2758,colon_aca,89,89
train,colon_aca/colonca2761.jpeg,1,adenocarcinoma,colonca2761,colon_aca,47,47
train,colon_aca/colonca2762.jpeg,1,adenocarcinoma,colonca2762,colon_aca,72,72
train,colon_aca/colonca2765.jpeg,1,adenocarcinoma,colonca2765,colon_aca,234,234
train,colon_aca/colonca2766.jpeg,1,adenocarcinoma,colonca2766,colon_aca,65,65
train,colon_aca/colonca2770.jpeg,1,adenocarcinoma,colonca2770,colon_aca,218,218
train,colon_aca/colonca2775.jpeg,1,adenocarcinoma,colonca2775,colon_aca,28,28
train,colon_aca/colonca2776.jpeg,1,adenocarcinoma,colonca2776,colon_aca,28,28
train,colon_aca/colonca2777.jpeg,1,adenocarcinoma,colonca2777,colon_aca,186,186
train,colon_aca/colonca2778.jpeg,1,adenocarcinoma,colonca2778,colon_aca,42,42
train,colon_aca/colonca2779.jpeg,1,adenocarcinoma,colonca2779,colon_aca,211,211
train,colon_aca/colonca2780.jpeg,1,adenocarcinoma,colonca2780,colon_aca,128,128
train,colon_aca/colonca2781.jpeg,1,adenocarcinoma,colonca2781,colon_aca,226,226
train,colon_aca/colonca2782.jpeg,1,adenocarcinoma,colonca2782,colon_aca,177,177
train,colon_aca/colonca2784.jpeg,1,adenocarcinoma,colonca2784,colon_aca,124,124
train,colon_aca/colonca2786.jpeg,1,adenocarcinoma,colonca2786,colon_aca,90,90
train,colon_aca/colonca2788.jpeg,1,adenocarcinoma,colonca2788,colon_aca,11,11
train,colon_aca/colonca2789.jpeg,1,adenocarcinoma,colonca2789,colon_aca,94,94
train,colon_aca/colonca279.jpeg,1,adenocarcinoma,colonca279,colon_aca,214,214
train,colon_aca/colonca2791.jpeg,1,adenocarcinoma,colonca2791,colon_aca,229,229
train,colon_aca/colonca2792.jpeg,1,adenocarcinoma,colonca2792,colon_aca,229,229
train,colon_aca/colonca2794.jpeg,1,adenocarcinoma,colonca2794,colon_aca,59,59
train,colon_aca/colonca2796.jpeg,1,adenocarcinoma,colonca2796,colon_aca,166,166
train,colon_aca/colonca2797.jpeg,1,adenocarcinoma,colonca2797,colon_aca,127,127
train,colon_aca/colonca2799.jpeg,1,adenocarcinoma,colonca2799,colon_aca,157,157
train,colon_aca/colonca28.jpeg,1,adenocarcinoma,colonca28,colon_aca,126,126
train,colon_aca/colonca280.jpeg,1,adenocarcinoma,colonca280,colon_aca,98,98
train,colon_aca/colonca2800.jpeg,1,adenocarcinoma,colonca2800,colon_aca,221,221
train,colon_aca/colonca2803.jpeg,1,adenocarcinoma,colonca2803,colon_aca,51,51
train,colon_aca/colonca2805.jpeg,1,adenocarcinoma,colonca2805,colon_aca,197,197
train,colon_aca/colonca2806.jpeg,1,adenocarcinoma,colonca2806,colon_aca,235,235
train,colon_aca/colonca2807.jpeg,1,adenocarcinoma,colonca2807,colon_aca,4,4
train,colon_aca/colonca281.jpeg,1,adenocarcinoma,colonca281,colon_aca,22,22
train,colon_aca/colonca2810.jpeg,1,adenocarcinoma,colonca2810,colon_aca,100,100
train,colon_aca/colonca2811.jpeg,1,adenocarcinoma,colonca2811,colon_aca,152,152
train,colon_aca/colonca2813.jpeg,1,adenocarcinoma,colonca2813,colon_aca,20,20
train,colon_aca/colonca2814.jpeg,1,adenocarcinoma,colonca2814,colon_aca,210,210
train,colon_aca/colonca2815.jpeg,1,adenocarcinoma,colonca2815,colon_aca,87,87
train,colon_aca/colonca2816.jpeg,1,adenocarcinoma,colonca2816,colon_aca,87,87
train,colon_aca/colonca2817.jpeg,1,adenocarcinoma,colonca2817,colon_aca,34,34
train,colon_aca/colonca2818.jpeg,1,adenocarcinoma,colonca2818,colon_aca,43,43
train,colon_aca/colonca2819.jpeg,1,adenocarcinoma,colonca2819,colon_aca,230,230
train,colon_aca/colonca282.jpeg,1,adenocarcinoma,colonca282,colon_aca,37,37
train,colon_aca/colonca2820.jpeg,1,adenocarcinoma,colonca2820,colon_aca,102,102
train,colon_aca/colonca2821.jpeg,1,adenocarcinoma,colonca2821,colon_aca,102,102
train,colon_aca/colonca2822.jpeg,1,adenocarcinoma,colonca2822,colon_aca,47,47
train,colon_aca/colonca2823.jpeg,1,adenocarcinoma,colonca2823,colon_aca,72,72
train,colon_aca/colonca2824.jpeg,1,adenocarcinoma,colonca2824,colon_aca,151,151
train,colon_aca/colonca2825.jpeg,1,adenocarcinoma,colonca2825,colon_aca,77,77
train,colon_aca/colonca2826.jpeg,1,adenocarcinoma,colonca2826,colon_aca,76,76
train,colon_aca/colonca2827.jpeg,1,adenocarcinoma,colonca2827,colon_aca,234,234
train,colon_aca/colonca2829.jpeg,1,adenocarcinoma,colonca2829,colon_aca,116,116
train,colon_aca/colonca283.jpeg,1,adenocarcinoma,colonca283,colon_aca,26,26
train,colon_aca/colonca2830.jpeg,1,adenocarcinoma,colonca2830,colon_aca,218,218
train,colon_aca/colonca2831.jpeg,1,adenocarcinoma,colonca2831,colon_aca,218,218
train,colon_aca/colonca2835.jpeg,1,adenocarcinoma,colonca2835,colon_aca,37,37
train,colon_aca/colonca2836.jpeg,1,adenocarcinoma,colonca2836,colon_aca,26,26
train,colon_aca/colonca2837.jpeg,1,adenocarcinoma,colonca2837,colon_aca,54,54
train,colon_aca/colonca2838.jpeg,1,adenocarcinoma,colonca2838,colon_aca,46,46
train,colon_aca/colonca284.jpeg,1,adenocarcinoma,colonca284,colon_aca,53,53
train,colon_aca/colonca2840.jpeg,1,adenocarcinoma,colonca2840,colon_aca,133,133
train,colon_aca/colonca2842.jpeg,1,adenocarcinoma,colonca2842,colon_aca,70,70
train,colon_aca/colonca2843.jpeg,1,adenocarcinoma,colonca2843,colon_aca,3,3
train,colon_aca/colonca2844.jpeg,1,adenocarcinoma,colonca2844,colon_aca,3,3
train,colon_aca/colonca2845.jpeg,1,adenocarcinoma,colonca2845,colon_aca,164,164
train,colon_aca/colonca2846.jpeg,1,adenocarcinoma,colonca2846,colon_aca,191,191
train,colon_aca/colonca2849.jpeg,1,adenocarcinoma,colonca2849,colon_aca,129,129
train,colon_aca/colonca285.jpeg,1,adenocarcinoma,colonca285,colon_aca,74,74
train,colon_aca/colonca2850.jpeg,1,adenocarcinoma,colonca2850,colon_aca,203,203
train,colon_aca/colonca2851.jpeg,1,adenocarcinoma,colonca2851,colon_aca,203,203
train,colon_aca/colonca2852.jpeg,1,adenocarcinoma,colonca2852,colon_aca,161,161
train,colon_aca/colonca2854.jpeg,1,adenocarcinoma,colonca2854,colon_aca,182,182
train,colon_aca/colonca2855.jpeg,1,adenocarcinoma,colonca2855,colon_aca,14,14
train,colon_aca/colonca2856.jpeg,1,adenocarcinoma,colonca2856,colon_aca,241,241
train,colon_aca/colonca2859.jpeg,1,adenocarcinoma,colonca2859,colon_aca,40,40
train,colon_aca/colonca286.jpeg,1,adenocarcinoma,colonca286,colon_aca,226,226
train,colon_aca/colonca2860.jpeg,1,adenocarcinoma,colonca2860,colon_aca,123,123
train,colon_aca/colonca2861.jpeg,1,adenocarcinoma,colonca2861,colon_aca,219,219
train,colon_aca/colonca2862.jpeg,1,adenocarcinoma,colonca2862,colon_aca,51,51
train,colon_aca/colonca2863.jpeg,1,adenocarcinoma,colonca2863,colon_aca,95,95
train,colon_aca/colonca2864.jpeg,1,adenocarcinoma,colonca2864,colon_aca,21,21
train,colon_aca/colonca2865.jpeg,1,adenocarcinoma,colonca2865,colon_aca,169,169
train,colon_aca/colonca2867.jpeg,1,adenocarcinoma,colonca2867,colon_aca,152,152
train,colon_aca/colonca2868.jpeg,1,adenocarcinoma,colonca2868,colon_aca,152,152
train,colon_aca/colonca287.jpeg,1,adenocarcinoma,colonca287,colon_aca,204,204
train,colon_aca/colonca2870.jpeg,1,adenocarcinoma,colonca2870,colon_aca,92,92
train,colon_aca/colonca2871.jpeg,1,adenocarcinoma,colonca2871,colon_aca,32,32
train,colon_aca/colonca2873.jpeg,1,adenocarcinoma,colonca2873,colon_aca,106,106
train,colon_aca/colonca2874.jpeg,1,adenocarcinoma,colonca2874,colon_aca,138,138
train,colon_aca/colonca2875.jpeg,1,adenocarcinoma,colonca2875,colon_aca,130,130
train,colon_aca/colonca2876.jpeg,1,adenocarcinoma,colonca2876,colon_aca,99,99
train,colon_aca/colonca2877.jpeg,1,adenocarcinoma,colonca2877,colon_aca,174,174
train,colon_aca/colonca2878.jpeg,1,adenocarcinoma,colonca2878,colon_aca,7,7
train,colon_aca/colonca288.jpeg,1,adenocarcinoma,colonca288,colon_aca,70,70
train,colon_aca/colonca2881.jpeg,1,adenocarcinoma,colonca2881,colon_aca,231,231
train,colon_aca/colonca2888.jpeg,1,adenocarcinoma,colonca2888,colon_aca,113,113
train,colon_aca/colonca2889.jpeg,1,adenocarcinoma,colonca2889,colon_aca,113,113
train,colon_aca/colonca289.jpeg,1,adenocarcinoma,colonca289,colon_aca,27,27
train,colon_aca/colonca2891.jpeg,1,adenocarcinoma,colonca2891,colon_aca,214,214
train,colon_aca/colonca2893.jpeg,1,adenocarcinoma,colonca2893,colon_aca,212,212
train,colon_aca/colonca2896.jpeg,1,adenocarcinoma,colonca2896,colon_aca,27,27
train,colon_aca/colonca2897.jpeg,1,adenocarcinoma,colonca2897,colon_aca,3,3
train,colon_aca/colonca2898.jpeg,1,adenocarcinoma,colonca2898,colon_aca,3,3
train,colon_aca/colonca2899.jpeg,1,adenocarcinoma,colonca2899,colon_aca,80,80
train,colon_aca/colonca29.jpeg,1,adenocarcinoma,colonca29,colon_aca,126,126
train,colon_aca/colonca290.jpeg,1,adenocarcinoma,colonca290,colon_aca,198,198
train,colon_aca/colonca2900.jpeg,1,adenocarcinoma,colonca2900,colon_aca,80,80
train,colon_aca/colonca2901.jpeg,1,adenocarcinoma,colonca2901,colon_aca,185,185
train,colon_aca/colonca2902.jpeg,1,adenocarcinoma,colonca2902,colon_aca,170,170
train,colon_aca/colonca2904.jpeg,1,adenocarcinoma,colonca2904,colon_aca,107,107
train,colon_aca/colonca2905.jpeg,1,adenocarcinoma,colonca2905,colon_aca,44,44
train,colon_aca/colonca2906.jpeg,1,adenocarcinoma,colonca2906,colon_aca,31,31
train,colon_aca/colonca2909.jpeg,1,adenocarcinoma,colonca2909,colon_aca,81,81
train,colon_aca/colonca291.jpeg,1,adenocarcinoma,colonca291,colon_aca,90,90
train,colon_aca/colonca2911.jpeg,1,adenocarcinoma,colonca2911,colon_aca,14,14
train,colon_aca/colonca2912.jpeg,1,adenocarcinoma,colonca2912,colon_aca,29,29
train,colon_aca/colonca2914.jpeg,1,adenocarcinoma,colonca2914,colon_aca,247,247
train,colon_aca/colonca2915.jpeg,1,adenocarcinoma,colonca2915,colon_aca,219,219
train,colon_aca/colonca2916.jpeg,1,adenocarcinoma,colonca2916,colon_aca,95,95
train,colon_aca/colonca2917.jpeg,1,adenocarcinoma,colonca2917,colon_aca,50,50
train,colon_aca/colonca2918.jpeg,1,adenocarcinoma,colonca2918,colon_aca,197,197
train,colon_aca/colonca2919.jpeg,1,adenocarcinoma,colonca2919,colon_aca,57,57
train,colon_aca/colonca292.jpeg,1,adenocarcinoma,colonca292,colon_aca,48,48
train,colon_aca/colonca2922.jpeg,1,adenocarcinoma,colonca2922,colon_aca,153,153
train,colon_aca/colonca2923.jpeg,1,adenocarcinoma,colonca2923,colon_aca,141,141
train,colon_aca/colonca2924.jpeg,1,adenocarcinoma,colonca2924,colon_aca,106,106
train,colon_aca/colonca2925.jpeg,1,adenocarcinoma,colonca2925,colon_aca,13,13
train,colon_aca/colonca2926.jpeg,1,adenocarcinoma,colonca2926,colon_aca,126,126
train,colon_aca/colonca2927.jpeg,1,adenocarcinoma,colonca2927,colon_aca,86,86
train,colon_aca/colonca2928.jpeg,1,adenocarcinoma,colonca2928,colon_aca,130,130
train,colon_aca/colonca2929.jpeg,1,adenocarcinoma,colonca2929,colon_aca,130,130
train,colon_aca/colonca2930.jpeg,1,adenocarcinoma,colonca2930,colon_aca,130,130
train,colon_aca/colonca2931.jpeg,1,adenocarcinoma,colonca2931,colon_aca,163,163
train,colon_aca/colonca2932.jpeg,1,adenocarcinoma,colonca2932,colon_aca,230,230
train,colon_aca/colonca2934.jpeg,1,adenocarcinoma,colonca2934,colon_aca,72,72
train,colon_aca/colonca2935.jpeg,1,adenocarcinoma,colonca2935,colon_aca,56,56
train,colon_aca/colonca2936.jpeg,1,adenocarcinoma,colonca2936,colon_aca,76,76
train,colon_aca/colonca2937.jpeg,1,adenocarcinoma,colonca2937,colon_aca,41,41
train,colon_aca/colonca2938.jpeg,1,adenocarcinoma,colonca2938,colon_aca,65,65
train,colon_aca/colonca2940.jpeg,1,adenocarcinoma,colonca2940,colon_aca,49,49
train,colon_aca/colonca2942.jpeg,1,adenocarcinoma,colonca2942,colon_aca,98,98
train,colon_aca/colonca2943.jpeg,1,adenocarcinoma,colonca2943,colon_aca,82,82
train,colon_aca/colonca2944.jpeg,1,adenocarcinoma,colonca2944,colon_aca,53,53
train,colon_aca/colonca2945.jpeg,1,adenocarcinoma,colonca2945,colon_aca,186,186
train,colon_aca/colonca2946.jpeg,1,adenocarcinoma,colonca2946,colon_aca,74,74
train,colon_aca/colonca2947.jpeg,1,adenocarcinoma,colonca2947,colon_aca,27,27
train,colon_aca/colonca2949.jpeg,1,adenocarcinoma,colonca2949,colon_aca,134,134
train,colon_aca/colonca2953.jpeg,1,adenocarcinoma,colonca2953,colon_aca,58,58
train,colon_aca/colonca2955.jpeg,1,adenocarcinoma,colonca2955,colon_aca,207,207
train,colon_aca/colonca2956.jpeg,1,adenocarcinoma,colonca2956,colon_aca,103,103
train,colon_aca/colonca2957.jpeg,1,adenocarcinoma,colonca2957,colon_aca,44,44
train,colon_aca/colonca2958.jpeg,1,adenocarcinoma,colonca2958,colon_aca,62,62
train,colon_aca/colonca2959.jpeg,1,adenocarcinoma,colonca2959,colon_aca,88,88
train,colon_aca/colonca296.jpeg,1,adenocarcinoma,colonca296,colon_aca,129,129
train,colon_aca/colonca2961.jpeg,1,adenocarcinoma,colonca2961,colon_aca,59,59
train,colon_aca/colonca2965.jpeg,1,adenocarcinoma,colonca2965,colon_aca,161,161
train,colon_aca/colonca2968.jpeg,1,adenocarcinoma,colonca2968,colon_aca,241,241
train,colon_aca/colonca2969.jpeg,1,adenocarcinoma,colonca2969,colon_aca,221,221
train,colon_aca/colonca2970.jpeg,1,adenocarcinoma,colonca2970,colon_aca,221,221
train,colon_aca/colonca2971.jpeg,1,adenocarcinoma,colonca2971,colon_aca,168,168
train,colon_aca/colonca2972.jpeg,1,adenocarcinoma,colonca2972,colon_aca,40,40
train,colon_aca/colonca2975.jpeg,1,adenocarcinoma,colonca2975,colon_aca,219,219
train,colon_aca/colonca2976.jpeg,1,adenocarcinoma,colonca2976,colon_aca,51,51
train,colon_aca/colonca2977.jpeg,1,adenocarcinoma,colonca2977,colon_aca,169,169
train,colon_aca/colonca2978.jpeg,1,adenocarcinoma,colonca2978,colon_aca,142,142
train,colon_aca/colonca2979.jpeg,1,adenocarcinoma,colonca2979,colon_aca,143,143
train,colon_aca/colonca298.jpeg,1,adenocarcinoma,colonca298,colon_aca,131,131
train,colon_aca/colonca2980.jpeg,1,adenocarcinoma,colonca2980,colon_aca,4,4
train,colon_aca/colonca2982.jpeg,1,adenocarcinoma,colonca2982,colon_aca,61,61
train,colon_aca/colonca2984.jpeg,1,adenocarcinoma,colonca2984,colon_aca,92,92
train,colon_aca/colonca2985.jpeg,1,adenocarcinoma,colonca2985,colon_aca,32,32
train,colon_aca/colonca2986.jpeg,1,adenocarcinoma,colonca2986,colon_aca,13,13
train,colon_aca/colonca2987.jpeg,1,adenocarcinoma,colonca2987,colon_aca,34,34
train,colon_aca/colonca2988.jpeg,1,adenocarcinoma,colonca2988,colon_aca,138,138
train,colon_aca/colonca2989.jpeg,1,adenocarcinoma,colonca2989,colon_aca,43,43
train,colon_aca/colonca2990.jpeg,1,adenocarcinoma,colonca2990,colon_aca,146,146
train,colon_aca/colonca2992.jpeg,1,adenocarcinoma,colonca2992,colon_aca,91,91
train,colon_aca/colonca2993.jpeg,1,adenocarcinoma,colonca2993,colon_aca,99,99
train,colon_aca/colonca2994.jpeg,1,adenocarcinoma,colonca2994,colon_aca,7,7
train,colon_aca/colonca2995.jpeg,1,adenocarcinoma,colonca2995,colon_aca,222,222
train,colon_aca/colonca2996.jpeg,1,adenocarcinoma,colonca2996,colon_aca,72,72
train,colon_aca/colonca2997.jpeg,1,adenocarcinoma,colonca2997,colon_aca,208,208
train,colon_aca/colonca2998.jpeg,1,adenocarcinoma,colonca2998,colon_aca,122,122
train,colon_aca/colonca3.jpeg,1,adenocarcinoma,colonca3,colon_aca,163,163
train,colon_aca/colonca30.jpeg,1,adenocarcinoma,colonca30,colon_aca,86,86
train,colon_aca/colonca300.jpeg,1,adenocarcinoma,colonca300,colon_aca,88,88
train,colon_aca/colonca3000.jpeg,1,adenocarcinoma,colonca3000,colon_aca,49,49
train,colon_aca/colonca3001.jpeg,1,adenocarcinoma,colonca3001,colon_aca,214,214
train,colon_aca/colonca3002.jpeg,1,adenocarcinoma,colonca3002,colon_aca,79,79
train,colon_aca/colonca3003.jpeg,1,adenocarcinoma,colonca3003,colon_aca,220,220
train,colon_aca/colonca3004.jpeg,1,adenocarcinoma,colonca3004,colon_aca,37,37
train,colon_aca/colonca3005.jpeg,1,adenocarcinoma,colonca3005,colon_aca,54,54
train,colon_aca/colonca3006.jpeg,1,adenocarcinoma,colonca3006,colon_aca,187,187
train,colon_aca/colonca3007.jpeg,1,adenocarcinoma,colonca3007,colon_aca,177,177
train,colon_aca/colonca3008.jpeg,1,adenocarcinoma,colonca3008,colon_aca,27,27
train,colon_aca/colonca3009.jpeg,1,adenocarcinoma,colonca3009,colon_aca,227,227
train,colon_aca/colonca301.jpeg,1,adenocarcinoma,colonca301,colon_aca,205,205
train,colon_aca/colonca3010.jpeg,1,adenocarcinoma,colonca3010,colon_aca,227,227
train,colon_aca/colonca3011.jpeg,1,adenocarcinoma,colonca3011,colon_aca,124,124
train,colon_aca/colonca3012.jpeg,1,adenocarcinoma,colonca3012,colon_aca,198,198
train,colon_aca/colonca3013.jpeg,1,adenocarcinoma,colonca3013,colon_aca,134,134
train,colon_aca/colonca3014.jpeg,1,adenocarcinoma,colonca3014,colon_aca,80,80
train,colon_aca/colonca3016.jpeg,1,adenocarcinoma,colonca3016,colon_aca,164,164
train,colon_aca/colonca3017.jpeg,1,adenocarcinoma,colonca3017,colon_aca,48,48
train,colon_aca/colonca3018.jpeg,1,adenocarcinoma,colonca3018,colon_aca,58,58
train,colon_aca/colonca3019.jpeg,1,adenocarcinoma,colonca3019,colon_aca,129,129
train,colon_aca/colonca302.jpeg,1,adenocarcinoma,colonca302,colon_aca,17,17
train,colon_aca/colonca3020.jpeg,1,adenocarcinoma,colonca3020,colon_aca,103,103
train,colon_aca/colonca3021.jpeg,1,adenocarcinoma,colonca3021,colon_aca,149,149
train,colon_aca/colonca3023.jpeg,1,adenocarcinoma,colonca3023,colon_aca,17,17
train,colon_aca/colonca3024.jpeg,1,adenocarcinoma,colonca3024,colon_aca,59,59
train,colon_aca/colonca3025.jpeg,1,adenocarcinoma,colonca3025,colon_aca,59,59
train,colon_aca/colonca3026.jpeg,1,adenocarcinoma,colonca3026,colon_aca,203,203
train,colon_aca/colonca3027.jpeg,1,adenocarcinoma,colonca3027,colon_aca,206,206
train,colon_aca/colonca3028.jpeg,1,adenocarcinoma,colonca3028,colon_aca,206,206
train,colon_aca/colonca3030.jpeg,1,adenocarcinoma,colonca3030,colon_aca,166,166
train,colon_aca/colonca3031.jpeg,1,adenocarcinoma,colonca3031,colon_aca,192,192
train,colon_aca/colonca3032.jpeg,1,adenocarcinoma,colonca3032,colon_aca,241,241
train,colon_aca/colonca3034.jpeg,1,adenocarcinoma,colonca3034,colon_aca,40,40
train,colon_aca/colonca3037.jpeg,1,adenocarcinoma,colonca3037,colon_aca,21,21
train,colon_aca/colonca3038.jpeg,1,adenocarcinoma,colonca3038,colon_aca,169,169
train,colon_aca/colonca3039.jpeg,1,adenocarcinoma,colonca3039,colon_aca,143,143
train,colon_aca/colonca3040.jpeg,1,adenocarcinoma,colonca3040,colon_aca,4,4
train,colon_aca/colonca3042.jpeg,1,adenocarcinoma,colonca3042,colon_aca,165,165
train,colon_aca/colonca3045.jpeg,1,adenocarcinoma,colonca3045,colon_aca,210,210
train,colon_aca/colonca3046.jpeg,1,adenocarcinoma,colonca3046,colon_aca,126,126
train,colon_aca/colonca3047.jpeg,1,adenocarcinoma,colonca3047,colon_aca,163,163
train,colon_aca/colonca3048.jpeg,1,adenocarcinoma,colonca3048,colon_aca,89,89
train,colon_aca/colonca3050.jpeg,1,adenocarcinoma,colonca3050,colon_aca,102,102
train,colon_aca/colonca3051.jpeg,1,adenocarcinoma,colonca3051,colon_aca,47,47
train,colon_aca/colonca3052.jpeg,1,adenocarcinoma,colonca3052,colon_aca,72,72
train,colon_aca/colonca3053.jpeg,1,adenocarcinoma,colonca3053,colon_aca,56,56
train,colon_aca/colonca3055.jpeg,1,adenocarcinoma,colonca3055,colon_aca,77,77
train,colon_aca/colonca3056.jpeg,1,adenocarcinoma,colonca3056,colon_aca,77,77
train,colon_aca/colonca3057.jpeg,1,adenocarcinoma,colonca3057,colon_aca,231,231
train,colon_aca/colonca3058.jpeg,1,adenocarcinoma,colonca3058,colon_aca,76,76
train,colon_aca/colonca3059.jpeg,1,adenocarcinoma,colonca3059,colon_aca,208,208
train,colon_aca/colonca3060.jpeg,1,adenocarcinoma,colonca3060,colon_aca,208,208
train,colon_aca/colonca3061.jpeg,1,adenocarcinoma,colonca3061,colon_aca,65,65
train,colon_aca/colonca3064.jpeg,1,adenocarcinoma,colonca3064,colon_aca,98,98
train,colon_aca/colonca3065.jpeg,1,adenocarcinoma,colonca3065,colon_aca,85,85
train,colon_aca/colonca3066.jpeg,1,adenocarcinoma,colonca3066,colon_aca,85,85
train,colon_aca/colonca3067.jpeg,1,adenocarcinoma,colonca3067,colon_aca,26,26
train,colon_aca/colonca3068.jpeg,1,adenocarcinoma,colonca3068,colon_aca,26,26
train,colon_aca/colonca3069.jpeg,1,adenocarcinoma,colonca3069,colon_aca,93,93
train,colon_aca/colonca307.jpeg,1,adenocarcinoma,colonca307,colon_aca,135,135
train,colon_aca/colonca3070.jpeg,1,adenocarcinoma,colonca3070,colon_aca,93,93
train,colon_aca/colonca3071.jpeg,1,adenocarcinoma,colonca3071,colon_aca,211,211
train,colon_aca/colonca3072.jpeg,1,adenocarcinoma,colonca3072,colon_aca,187,187
train,colon_aca/colonca3074.jpeg,1,adenocarcinoma,colonca3074,colon_aca,78,78
train,colon_aca/colonca3075.jpeg,1,adenocarcinoma,colonca3075,colon_aca,3,3
train,colon_aca/colonca3076.jpeg,1,adenocarcinoma,colonca3076,colon_aca,164,164
train,colon_aca/colonca308.jpeg,1,adenocarcinoma,colonca308,colon_aca,182,182
train,colon_aca/colonca3080.jpeg,1,adenocarcinoma,colonca3080,colon_aca,11,11
train,colon_aca/colonca3084.jpeg,1,adenocarcinoma,colonca3084,colon_aca,131,131
train,colon_aca/colonca3089.jpeg,1,adenocarcinoma,colonca3089,colon_aca,135,135
train,colon_aca/colonca309.jpeg,1,adenocarcinoma,colonca309,colon_aca,29,29
train,colon_aca/colonca3090.jpeg,1,adenocarcinoma,colonca3090,colon_aca,209,209
train,colon_aca/colonca3091.jpeg,1,adenocarcinoma,colonca3091,colon_aca,192,192
train,colon_aca/colonca3092.jpeg,1,adenocarcinoma,colonca3092,colon_aca,39,39
train,colon_aca/colonca3093.jpeg,1,adenocarcinoma,colonca3093,colon_aca,237,237
train,colon_aca/colonca3094.jpeg,1,adenocarcinoma,colonca3094,colon_aca,52,52
train,colon_aca/colonca3095.jpeg,1,adenocarcinoma,colonca3095,colon_aca,189,189
train,colon_aca/colonca3096.jpeg,1,adenocarcinoma,colonca3096,colon_aca,123,123
train,colon_aca/colonca3099.jpeg,1,adenocarcinoma,colonca3099,colon_aca,245,245
train,colon_aca/colonca31.jpeg,1,adenocarcinoma,colonca31,colon_aca,64,64
train,colon_aca/colonca310.jpeg,1,adenocarcinoma,colonca310,colon_aca,209,209
train,colon_aca/colonca3100.jpeg,1,adenocarcinoma,colonca3100,colon_aca,235,235
train,colon_aca/colonca3101.jpeg,1,adenocarcinoma,colonca3101,colon_aca,225,225
train,colon_aca/colonca3103.jpeg,1,adenocarcinoma,colonca3103,colon_aca,92,92
train,colon_aca/colonca3104.jpeg,1,adenocarcinoma,colonca3104,colon_aca,106,106
train,colon_aca/colonca3105.jpeg,1,adenocarcinoma,colonca3105,colon_aca,13,13
train,colon_aca/colonca3106.jpeg,1,adenocarcinoma,colonca3106,colon_aca,86,86
train,colon_aca/colonca3107.jpeg,1,adenocarcinoma,colonca3107,colon_aca,130,130
train,colon_aca/colonca3108.jpeg,1,adenocarcinoma,colonca3108,colon_aca,147,147
train,colon_aca/colonca3109.jpeg,1,adenocarcinoma,colonca3109,colon_aca,89,89
train,colon_aca/colonca311.jpeg,1,adenocarcinoma,colonca311,colon_aca,221,221
train,colon_aca/colonca3112.jpeg,1,adenocarcinoma,colonca3112,colon_aca,222,222
train,colon_aca/colonca3113.jpeg,1,adenocarcinoma,colonca3113,colon_aca,47,47
train,colon_aca/colonca3114.jpeg,1,adenocarcinoma,colonca3114,colon_aca,151,151
train,colon_aca/colonca3115.jpeg,1,adenocarcinoma,colonca3115,colon_aca,77,77
train,colon_aca/colonca3116.jpeg,1,adenocarcinoma,colonca3116,colon_aca,231,231
train,colon_aca/colonca3117.jpeg,1,adenocarcinoma,colonca3117,colon_aca,41,41
train,colon_aca/colonca3120.jpeg,1,adenocarcinoma,colonca3120,colon_aca,218,218
train,colon_aca/colonca3121.jpeg,1,adenocarcinoma,colonca3121,colon_aca,214,214
train,colon_aca/colonca3122.jpeg,1,adenocarcinoma,colonca3122,colon_aca,101,101
train,colon_aca/colonca3123.jpeg,1,adenocarcinoma,colonca3123,colon_aca,22,22
train,colon_aca/colonca3124.jpeg,1,adenocarcinoma,colonca3124,colon_aca,22,22
train,colon_aca/colonca3125.jpeg,1,adenocarcinoma,colonca3125,colon_aca,26,26
train,colon_aca/colonca3126.jpeg,1,adenocarcinoma,colonca3126,colon_aca,53,53
train,colon_aca/colonca3127.jpeg,1,adenocarcinoma,colonca3127,colon_aca,212,212
train,colon_aca/colonca3128.jpeg,1,adenocarcinoma,colonca3128,colon_aca,145,145
train,colon_aca/colonca3129.jpeg,1,adenocarcinoma,colonca3129,colon_aca,160,160
train,colon_aca/colonca313.jpeg,1,adenocarcinoma,colonca313,colon_aca,40,40
train,colon_aca/colonca3130.jpeg,1,adenocarcinoma,colonca3130,colon_aca,211,211
train,colon_aca/colonca3132.jpeg,1,adenocarcinoma,colonca3132,colon_aca,227,227
train,colon_aca/colonca3133.jpeg,1,adenocarcinoma,colonca3133,colon_aca,78,78
train,colon_aca/colonca3134.jpeg,1,adenocarcinoma,colonca3134,colon_aca,78,78
train,colon_aca/colonca3135.jpeg,1,adenocarcinoma,colonca3135,colon_aca,3,3
train,colon_aca/colonca3138.jpeg,1,adenocarcinoma,colonca3138,colon_aca,205,205
train,colon_aca/colonca3139.jpeg,1,adenocarcinoma,colonca3139,colon_aca,81,81
train,colon_aca/colonca3140.jpeg,1,adenocarcinoma,colonca3140,colon_aca,59,59
train,colon_aca/colonca3141.jpeg,1,adenocarcinoma,colonca3141,colon_aca,8,8
train,colon_aca/colonca3147.jpeg,1,adenocarcinoma,colonca3147,colon_aca,135,135
train,colon_aca/colonca3148.jpeg,1,adenocarcinoma,colonca3148,colon_aca,127,127
train,colon_aca/colonca3149.jpeg,1,adenocarcinoma,colonca3149,colon_aca,127,127
train,colon_aca/colonca315.jpeg,1,adenocarcinoma,colonca315,colon_aca,123,123
train,colon_aca/colonca3150.jpeg,1,adenocarcinoma,colonca3150,colon_aca,221,221
train,colon_aca/colonca3151.jpeg,1,adenocarcinoma,colonca3151,colon_aca,39,39
train,colon_aca/colonca3152.jpeg,1,adenocarcinoma,colonca3152,colon_aca,189,189
train,colon_aca/colonca3154.jpeg,1,adenocarcinoma,colonca3154,colon_aca,95,95
train,colon_aca/colonca3155.jpeg,1,adenocarcinoma,colonca3155,colon_aca,50,50
train,colon_aca/colonca3156.jpeg,1,adenocarcinoma,colonca3156,colon_aca,50,50
train,colon_aca/colonca3157.jpeg,1,adenocarcinoma,colonca3157,colon_aca,142,142
train,colon_aca/colonca3158.jpeg,1,adenocarcinoma,colonca3158,colon_aca,1,1
train,colon_aca/colonca3159.jpeg,1,adenocarcinoma,colonca3159,colon_aca,150,150
train,colon_aca/colonca316.jpeg,1,adenocarcinoma,colonca316,colon_aca,136,136
train,colon_aca/colonca3160.jpeg,1,adenocarcinoma,colonca3160,colon_aca,150,150
train,colon_aca/colonca3161.jpeg,1,adenocarcinoma,colonca3161,colon_aca,100,100
train,colon_aca/colonca3163.jpeg,1,adenocarcinoma,colonca3163,colon_aca,86,86
train,colon_aca/colonca3164.jpeg,1,adenocarcinoma,colonca3164,colon_aca,163,163
train,colon_aca/colonca3165.jpeg,1,adenocarcinoma,colonca3165,colon_aca,2,2
train,colon_aca/colonca3166.jpeg,1,adenocarcinoma,colonca3166,colon_aca,89,89
train,colon_aca/colonca3167.jpeg,1,adenocarcinoma,colonca3167,colon_aca,243,243
train,colon_aca/colonca3168.jpeg,1,adenocarcinoma,colonca3168,colon_aca,91,91
train,colon_aca/colonca3169.jpeg,1,adenocarcinoma,colonca3169,colon_aca,179,179
train,colon_aca/colonca3170.jpeg,1,adenocarcinoma,colonca3170,colon_aca,174,174
train,colon_aca/colonca3173.jpeg,1,adenocarcinoma,colonca3173,colon_aca,77,77
train,colon_aca/colonca3175.jpeg,1,adenocarcinoma,colonca3175,colon_aca,76,76
train,colon_aca/colonca3176.jpeg,1,adenocarcinoma,colonca3176,colon_aca,208,208
train,colon_aca/colonca3177.jpeg,1,adenocarcinoma,colonca3177,colon_aca,41,41
train,colon_aca/colonca3179.jpeg,1,adenocarcinoma,colonca3179,colon_aca,23,23
train,colon_aca/colonca318.jpeg,1,adenocarcinoma,colonca318,colon_aca,150,150
train,colon_aca/colonca3180.jpeg,1,adenocarcinoma,colonca3180,colon_aca,54,54
train,colon_aca/colonca3181.jpeg,1,adenocarcinoma,colonca3181,colon_aca,54,54
train,colon_aca/colonca3182.jpeg,1,adenocarcinoma,colonca3182,colon_aca,227,227
train,colon_aca/colonca3183.jpeg,1,adenocarcinoma,colonca3183,colon_aca,198,198
train,colon_aca/colonca3184.jpeg,1,adenocarcinoma,colonca3184,colon_aca,3,3
train,colon_aca/colonca3185.jpeg,1,adenocarcinoma,colonca3185,colon_aca,80,80
train,colon_aca/colonca3187.jpeg,1,adenocarcinoma,colonca3187,colon_aca,58,58
train,colon_aca/colonca3188.jpeg,1,adenocarcinoma,colonca3188,colon_aca,94,94
train,colon_aca/colonca319.jpeg,1,adenocarcinoma,colonca319,colon_aca,92,92
train,colon_aca/colonca3190.jpeg,1,adenocarcinoma,colonca3190,colon_aca,121,121
train,colon_aca/colonca3191.jpeg,1,adenocarcinoma,colonca3191,colon_aca,107,107
train,colon_aca/colonca3192.jpeg,1,adenocarcinoma,colonca3192,colon_aca,107,107
train,colon_aca/colonca3193.jpeg,1,adenocarcinoma,colonca3193,colon_aca,88,88
train,colon_aca/colonca3194.jpeg,1,adenocarcinoma,colonca3194,colon_aca,206,206
train,colon_aca/colonca3195.jpeg,1,adenocarcinoma,colonca3195,colon_aca,8,8
train,colon_aca/colonca3196.jpeg,1,adenocarcinoma,colonca3196,colon_aca,166,166
train,colon_aca/colonca3197.jpeg,1,adenocarcinoma,colonca3197,colon_aca,182,182
train,colon_aca/colonca3198.jpeg,1,adenocarcinoma,colonca3198,colon_aca,14,14
train,colon_aca/colonca3199.jpeg,1,adenocarcinoma,colonca3199,colon_aca,29,29
train,colon_aca/colonca32.jpeg,1,adenocarcinoma,colonca32,colon_aca,147,147
train,colon_aca/colonca320.jpeg,1,adenocarcinoma,colonca320,colon_aca,141,141
train,colon_aca/colonca3200.jpeg,1,adenocarcinoma,colonca3200,colon_aca,209,209
train,colon_aca/colonca3201.jpeg,1,adenocarcinoma,colonca3201,colon_aca,168,168
train,colon_aca/colonca3202.jpeg,1,adenocarcinoma,colonca3202,colon_aca,52,52
train,colon_aca/colonca3203.jpeg,1,adenocarcinoma,colonca3203,colon_aca,52,52
train,colon_aca/colonca3204.jpeg,1,adenocarcinoma,colonca3204,colon_aca,219,219
train,colon_aca/colonca3205.jpeg,1,adenocarcinoma,colonca3205,colon_aca,21,21
train,colon_aca/colonca3206.jpeg,1,adenocarcinoma,colonca3206,colon_aca,197,197
train,colon_aca/colonca3207.jpeg,1,adenocarcinoma,colonca3207,colon_aca,57,57
train,colon_aca/colonca3209.jpeg,1,adenocarcinoma,colonca3209,colon_aca,12,12
train,colon_aca/colonca321.jpeg,1,adenocarcinoma,colonca321,colon_aca,13,13
train,colon_aca/colonca3211.jpeg,1,adenocarcinoma,colonca3211,colon_aca,20,20
train,colon_aca/colonca3212.jpeg,1,adenocarcinoma,colonca3212,colon_aca,165,165
train,colon_aca/colonca3213.jpeg,1,adenocarcinoma,colonca3213,colon_aca,32,32
train,colon_aca/colonca3214.jpeg,1,adenocarcinoma,colonca3214,colon_aca,106,106
train,colon_aca/colonca3216.jpeg,1,adenocarcinoma,colonca3216,colon_aca,43,43
train,colon_aca/colonca3217.jpeg,1,adenocarcinoma,colonca3217,colon_aca,147,147
train,colon_aca/colonca3218.jpeg,1,adenocarcinoma,colonca3218,colon_aca,228,228
train,colon_aca/colonca322.jpeg,1,adenocarcinoma,colonca322,colon_aca,13,13
train,colon_aca/colonca3222.jpeg,1,adenocarcinoma,colonca3222,colon_aca,176,176
train,colon_aca/colonca3223.jpeg,1,adenocarcinoma,colonca3223,colon_aca,99,99
train,colon_aca/colonca3226.jpeg,1,adenocarcinoma,colonca3226,colon_aca,56,56
train,colon_aca/colonca3227.jpeg,1,adenocarcinoma,colonca3227,colon_aca,231,231
train,colon_aca/colonca3229.jpeg,1,adenocarcinoma,colonca3229,colon_aca,36,36
train,colon_aca/colonca323.jpeg,1,adenocarcinoma,colonca323,colon_aca,13,13
train,colon_aca/colonca3230.jpeg,1,adenocarcinoma,colonca3230,colon_aca,116,116
train,colon_aca/colonca3231.jpeg,1,adenocarcinoma,colonca3231,colon_aca,49,49
train,colon_aca/colonca3232.jpeg,1,adenocarcinoma,colonca3232,colon_aca,218,218
train,colon_aca/colonca3234.jpeg,1,adenocarcinoma,colonca3234,colon_aca,79,79
train,colon_aca/colonca3235.jpeg,1,adenocarcinoma,colonca3235,colon_aca,23,23
train,colon_aca/colonca3236.jpeg,1,adenocarcinoma,colonca3236,colon_aca,220,220
train,colon_aca/colonca3237.jpeg,1,adenocarcinoma,colonca3237,colon_aca,37,37
train,colon_aca/colonca3240.jpeg,1,adenocarcinoma,colonca3240,colon_aca,93,93
train,colon_aca/colonca3244.jpeg,1,adenocarcinoma,colonca3244,colon_aca,27,27
train,colon_aca/colonca3246.jpeg,1,adenocarcinoma,colonca3246,colon_aca,3,3
train,colon_aca/colonca325.jpeg,1,adenocarcinoma,colonca325,colon_aca,138,138
train,colon_aca/colonca3250.jpeg,1,adenocarcinoma,colonca3250,colon_aca,107,107
train,colon_aca/colonca3251.jpeg,1,adenocarcinoma,colonca3251,colon_aca,149,149
train,colon_aca/colonca3252.jpeg,1,adenocarcinoma,colonca3252,colon_aca,205,205
train,colon_aca/colonca3253.jpeg,1,adenocarcinoma,colonca3253,colon_aca,17,17
train,colon_aca/colonca3255.jpeg,1,adenocarcinoma,colonca3255,colon_aca,81,81
train,colon_aca/colonca326.jpeg,1,adenocarcinoma,colonca326,colon_aca,86,86
train,colon_aca/colonca3261.jpeg,1,adenocarcinoma,colonca3261,colon_aca,166,166
train,colon_aca/colonca3262.jpeg,1,adenocarcinoma,colonca3262,colon_aca,135,135
train,colon_aca/colonca3264.jpeg,1,adenocarcinoma,colonca3264,colon_aca,0,0
train,colon_aca/colonca3265.jpeg,1,adenocarcinoma,colonca3265,colon_aca,40,40
train,colon_aca/colonca3266.jpeg,1,adenocarcinoma,colonca3266,colon_aca,52,52
train,colon_aca/colonca3267.jpeg,1,adenocarcinoma,colonca3267,colon_aca,123,123
train,colon_aca/colonca3268.jpeg,1,adenocarcinoma,colonca3268,colon_aca,51,51
train,colon_aca/colonca3269.jpeg,1,adenocarcinoma,colonca3269,colon_aca,1,1
train,colon_aca/colonca327.jpeg,1,adenocarcinoma,colonca327,colon_aca,163,163
train,colon_aca/colonca3270.jpeg,1,adenocarcinoma,colonca3270,colon_aca,20,20
train,colon_aca/colonca3271.jpeg,1,adenocarcinoma,colonca3271,colon_aca,20,20
train,colon_aca/colonca3272.jpeg,1,adenocarcinoma,colonca3272,colon_aca,20,20
train,colon_aca/colonca3274.jpeg,1,adenocarcinoma,colonca3274,colon_aca,138,138
train,colon_aca/colonca3276.jpeg,1,adenocarcinoma,colonca3276,colon_aca,130,130
train,colon_aca/colonca3277.jpeg,1,adenocarcinoma,colonca3277,colon_aca,163,163
train,colon_aca/colonca3279.jpeg,1,adenocarcinoma,colonca3279,colon_aca,56,56
train,colon_aca/colonca328.jpeg,1,adenocarcinoma,colonca328,colon_aca,163,163
train,colon_aca/colonca3280.jpeg,1,adenocarcinoma,colonca3280,colon_aca,83,83
train,colon_aca/colonca3282.jpeg,1,adenocarcinoma,colonca3282,colon_aca,77,77
train,colon_aca/colonca3284.jpeg,1,adenocarcinoma,colonca3284,colon_aca,248,248
train,colon_aca/colonca3288.jpeg,1,adenocarcinoma,colonca3288,colon_aca,71,71
train,colon_aca/colonca3290.jpeg,1,adenocarcinoma,colonca3290,colon_aca,93,93
train,colon_aca/colonca3291.jpeg,1,adenocarcinoma,colonca3291,colon_aca,46,46
train,colon_aca/colonca3292.jpeg,1,adenocarcinoma,colonca3292,colon_aca,211,211
train,colon_aca/colonca3293.jpeg,1,adenocarcinoma,colonca3293,colon_aca,211,211
train,colon_aca/colonca3294.jpeg,1,adenocarcinoma,colonca3294,colon_aca,128,128
train,colon_aca/colonca3295.jpeg,1,adenocarcinoma,colonca3295,colon_aca,128,128
train,colon_aca/colonca3296.jpeg,1,adenocarcinoma,colonca3296,colon_aca,204,204
train,colon_aca/colonca3299.jpeg,1,adenocarcinoma,colonca3299,colon_aca,70,70
train,colon_aca/colonca330.jpeg,1,adenocarcinoma,colonca330,colon_aca,102,102
train,colon_aca/colonca3300.jpeg,1,adenocarcinoma,colonca3300,colon_aca,35,35
train,colon_aca/colonca3302.jpeg,1,adenocarcinoma,colonca3302,colon_aca,198,198
train,colon_aca/colonca3303.jpeg,1,adenocarcinoma,colonca3303,colon_aca,240,240
train,colon_aca/colonca3304.jpeg,1,adenocarcinoma,colonca3304,colon_aca,90,90
train,colon_aca/colonca3305.jpeg,1,adenocarcinoma,colonca3305,colon_aca,90,90
train,colon_aca/colonca3306.jpeg,1,adenocarcinoma,colonca3306,colon_aca,191,191
train,colon_aca/colonca3308.jpeg,1,adenocarcinoma,colonca3308,colon_aca,185,185
train,colon_aca/colonca3309.jpeg,1,adenocarcinoma,colonca3309,colon_aca,129,129
train,colon_aca/colonca331.jpeg,1,adenocarcinoma,colonca331,colon_aca,91,91
train,colon_aca/colonca3310.jpeg,1,adenocarcinoma,colonca3310,colon_aca,207,207
train,colon_aca/colonca3312.jpeg,1,adenocarcinoma,colonca3312,colon_aca,103,103
train,colon_aca/colonca3313.jpeg,1,adenocarcinoma,colonca3313,colon_aca,44,44
train,colon_aca/colonca3314.jpeg,1,adenocarcinoma,colonca3314,colon_aca,131,131
train,colon_aca/colonca3317.jpeg,1,adenocarcinoma,colonca3317,colon_aca,31,31
train,colon_aca/colonca3318.jpeg,1,adenocarcinoma,colonca3318,colon_aca,161,161
train,colon_aca/colonca332.jpeg,1,adenocarcinoma,colonca332,colon_aca,99,99
train,colon_aca/colonca3321.jpeg,1,adenocarcinoma,colonca3321,colon_aca,135,135
train,colon_aca/colonca3323.jpeg,1,adenocarcinoma,colonca3323,colon_aca,29,29
train,colon_aca/colonca3324.jpeg,1,adenocarcinoma,colonca3324,colon_aca,192,192
train,colon_aca/colonca3326.jpeg,1,adenocarcinoma,colonca3326,colon_aca,237,237
train,colon_aca/colonca3327.jpeg,1,adenocarcinoma,colonca3327,colon_aca,52,52
train,colon_aca/colonca3330.jpeg,1,adenocarcinoma,colonca3330,colon_aca,136,136
train,colon_aca/colonca3331.jpeg,1,adenocarcinoma,colonca3331,colon_aca,50,50
train,colon_aca/colonca3332.jpeg,1,adenocarcinoma,colonca3332,colon_aca,4,4
train,colon_aca/colonca3333.jpeg,1,adenocarcinoma,colonca3333,colon_aca,4,4
train,colon_aca/colonca3335.jpeg,1,adenocarcinoma,colonca3335,colon_aca,12,12
train,colon_aca/colonca3337.jpeg,1,adenocarcinoma,colonca3337,colon_aca,20,20
train,colon_aca/colonca3338.jpeg,1,adenocarcinoma,colonca3338,colon_aca,228,228
train,colon_aca/colonca3339.jpeg,1,adenocarcinoma,colonca3339,colon_aca,2,2
train,colon_aca/colonca3340.jpeg,1,adenocarcinoma,colonca3340,colon_aca,179,179
train,colon_aca/colonca3341.jpeg,1,adenocarcinoma,colonca3341,colon_aca,99,99
train,colon_aca/colonca3343.jpeg,1,adenocarcinoma,colonca3343,colon_aca,72,72
train,colon_aca/colonca3344.jpeg,1,adenocarcinoma,colonca3344,colon_aca,56,56
train,colon_aca/colonca3345.jpeg,1,adenocarcinoma,colonca3345,colon_aca,151,151
train,colon_aca/colonca3349.jpeg,1,adenocarcinoma,colonca3349,colon_aca,77,77
train,colon_aca/colonca3350.jpeg,1,adenocarcinoma,colonca3350,colon_aca,77,77
train,colon_aca/colonca3351.jpeg,1,adenocarcinoma,colonca3351,colon_aca,65,65
train,colon_aca/colonca3354.jpeg,1,adenocarcinoma,colonca3354,colon_aca,71,71
train,colon_aca/colonca3355.jpeg,1,adenocarcinoma,colonca3355,colon_aca,218,218
train,colon_aca/colonca3357.jpeg,1,adenocarcinoma,colonca3357,colon_aca,37,37
train,colon_aca/colonca3358.jpeg,1,adenocarcinoma,colonca3358,colon_aca,82,82
train,colon_aca/colonca3359.jpeg,1,adenocarcinoma,colonca3359,colon_aca,186,186
train,colon_aca/colonca336.jpeg,1,adenocarcinoma,colonca336,colon_aca,151,151
train,colon_aca/colonca3360.jpeg,1,adenocarcinoma,colonca3360,colon_aca,74,74
train,colon_aca/colonca3361.jpeg,1,adenocarcinoma,colonca3361,colon_aca,93,93
train,colon_aca/colonca3362.jpeg,1,adenocarcinoma,colonca3362,colon_aca,48,48
train,colon_aca/colonca3363.jpeg,1,adenocarcinoma,colonca3363,colon_aca,11,11
train,colon_aca/colonca3364.jpeg,1,adenocarcinoma,colonca3364,colon_aca,94,94
train,colon_aca/colonca3365.jpeg,1,adenocarcinoma,colonca3365,colon_aca,105,105
train,colon_aca/colonca3369.jpeg,1,adenocarcinoma,colonca3369,colon_aca,62,62
train,colon_aca/colonca337.jpeg,1,adenocarcinoma,colonca337,colon_aca,238,238
train,colon_aca/colonca3370.jpeg,1,adenocarcinoma,colonca3370,colon_aca,88,88
train,colon_aca/colonca3371.jpeg,1,adenocarcinoma,colonca3371,colon_aca,205,205
train,colon_aca/colonca3372.jpeg,1,adenocarcinoma,colonca3372,colon_aca,59,59
train,colon_aca/colonca3373.jpeg,1,adenocarcinoma,colonca3373,colon_aca,8,8
train,colon_aca/colonca3374.jpeg,1,adenocarcinoma,colonca3374,colon_aca,8,8
train,colon_aca/colonca3375.jpeg,1,adenocarcinoma,colonca3375,colon_aca,161,161
train,colon_aca/colonca3377.jpeg,1,adenocarcinoma,colonca3377,colon_aca,135,135
train,colon_aca/colonca3378.jpeg,1,adenocarcinoma,colonca3378,colon_aca,127,127
train,colon_aca/colonca3379.jpeg,1,adenocarcinoma,colonca3379,colon_aca,182,182
train,colon_aca/colonca3380.jpeg,1,adenocarcinoma,colonca3380,colon_aca,241,241
train,colon_aca/colonca3382.jpeg,1,adenocarcinoma,colonca3382,colon_aca,247,247
train,colon_aca/colonca3383.jpeg,1,adenocarcinoma,colonca3383,colon_aca,237,237
train,colon_aca/colonca3384.jpeg,1,adenocarcinoma,colonca3384,colon_aca,219,219
train,colon_aca/colonca3385.jpeg,1,adenocarcinoma,colonca3385,colon_aca,21,21
train,colon_aca/colonca3386.jpeg,1,adenocarcinoma,colonca3386,colon_aca,169,169
train,colon_aca/colonca3387.jpeg,1,adenocarcinoma,colonca3387,colon_aca,245,245
train,colon_aca/colonca3388.jpeg,1,adenocarcinoma,colonca3388,colon_aca,197,197
train,colon_aca/colonca3389.jpeg,1,adenocarcinoma,colonca3389,colon_aca,5,5
train,colon_aca/colonca3390.jpeg,1,adenocarcinoma,colonca3390,colon_aca,217,217
train,colon_aca/colonca3391.jpeg,1,adenocarcinoma,colonca3391,colon_aca,61,61
train,colon_aca/colonca3392.jpeg,1,adenocarcinoma,colonca3392,colon_aca,153,153
train,colon_aca/colonca3393.jpeg,1,adenocarcinoma,colonca3393,colon_aca,20,20
train,colon_aca/colonca3394.jpeg,1,adenocarcinoma,colonca3394,colon_aca,20,20
train,colon_aca/colonca3395.jpeg,1,adenocarcinoma,colonca3395,colon_aca,210,210
train,colon_aca/colonca3396.jpeg,1,adenocarcinoma,colonca3396,colon_aca,126,126
train,colon_aca/colonca3397.jpeg,1,adenocarcinoma,colonca3397,colon_aca,138,138
train,colon_aca/colonca3398.jpeg,1,adenocarcinoma,colonca3398,colon_aca,163,163
train,colon_aca/colonca3399.jpeg,1,adenocarcinoma,colonca3399,colon_aca,147,147
train,colon_aca/colonca34.jpeg,1,adenocarcinoma,colonca34,colon_aca,176,176
train,colon_aca/colonca340.jpeg,1,adenocarcinoma,colonca340,colon_aca,76,76
train,colon_aca/colonca3400.jpeg,1,adenocarcinoma,colonca3400,colon_aca,228,228
train,colon_aca/colonca3401.jpeg,1,adenocarcinoma,colonca3401,colon_aca,89,89
train,colon_aca/colonca3402.jpeg,1,adenocarcinoma,colonca3402,colon_aca,102,102
train,colon_aca/colonca3403.jpeg,1,adenocarcinoma,colonca3403,colon_aca,174,174
train,colon_aca/colonca3405.jpeg,1,adenocarcinoma,colonca3405,colon_aca,72,72
train,colon_aca/colonca3406.jpeg,1,adenocarcinoma,colonca3406,colon_aca,72,72
train,colon_aca/colonca3408.jpeg,1,adenocarcinoma,colonca3408,colon_aca,76,76
train,colon_aca/colonca3409.jpeg,1,adenocarcinoma,colonca3409,colon_aca,41,41
train,colon_aca/colonca341.jpeg,1,adenocarcinoma,colonca341,colon_aca,76,76
train,colon_aca/colonca3410.jpeg,1,adenocarcinoma,colonca3410,colon_aca,41,41
train,colon_aca/colonca3416.jpeg,1,adenocarcinoma,colonca3416,colon_aca,22,22
train,colon_aca/colonca3417.jpeg,1,adenocarcinoma,colonca3417,colon_aca,37,37
train,colon_aca/colonca3418.jpeg,1,adenocarcinoma,colonca3418,colon_aca,54,54
train,colon_aca/colonca3419.jpeg,1,adenocarcinoma,colonca3419,colon_aca,74,74
train,colon_aca/colonca342.jpeg,1,adenocarcinoma,colonca342,colon_aca,208,208
train,colon_aca/colonca3420.jpeg,1,adenocarcinoma,colonca3420,colon_aca,160,160
train,colon_aca/colonca3421.jpeg,1,adenocarcinoma,colonca3421,colon_aca,211,211
train,colon_aca/colonca3422.jpeg,1,adenocarcinoma,colonca3422,colon_aca,204,204
train,colon_aca/colonca3423.jpeg,1,adenocarcinoma,colonca3423,colon_aca,204,204
train,colon_aca/colonca3424.jpeg,1,adenocarcinoma,colonca3424,colon_aca,124,124
train,colon_aca/colonca3425.jpeg,1,adenocarcinoma,colonca3425,colon_aca,124,124
train,colon_aca/colonca3426.jpeg,1,adenocarcinoma,colonca3426,colon_aca,134,134
train,colon_aca/colonca3427.jpeg,1,adenocarcinoma,colonca3427,colon_aca,48,48
train,colon_aca/colonca3428.jpeg,1,adenocarcinoma,colonca3428,colon_aca,11,11
train,colon_aca/colonca3430.jpeg,1,adenocarcinoma,colonca3430,colon_aca,129,129
train,colon_aca/colonca3432.jpeg,1,adenocarcinoma,colonca3432,colon_aca,149,149
train,colon_aca/colonca3433.jpeg,1,adenocarcinoma,colonca3433,colon_aca,149,149
train,colon_aca/colonca3434.jpeg,1,adenocarcinoma,colonca3434,colon_aca,17,17
train,colon_aca/colonca3437.jpeg,1,adenocarcinoma,colonca3437,colon_aca,166,166
train,colon_aca/colonca3438.jpeg,1,adenocarcinoma,colonca3438,colon_aca,166,166
train,colon_aca/colonca3439.jpeg,1,adenocarcinoma,colonca3439,colon_aca,166,166
train,colon_aca/colonca3440.jpeg,1,adenocarcinoma,colonca3440,colon_aca,182,182
train,colon_aca/colonca3441.jpeg,1,adenocarcinoma,colonca3441,colon_aca,14,14
train,colon_aca/colonca3443.jpeg,1,adenocarcinoma,colonca3443,colon_aca,0,0
train,colon_aca/colonca3444.jpeg,1,adenocarcinoma,colonca3444,colon_aca,247,247
train,colon_aca/colonca3445.jpeg,1,adenocarcinoma,colonca3445,colon_aca,40,40
train,colon_aca/colonca3447.jpeg,1,adenocarcinoma,colonca3447,colon_aca,245,245
train,colon_aca/colonca3448.jpeg,1,adenocarcinoma,colonca3448,colon_aca,142,142
train,colon_aca/colonca3449.jpeg,1,adenocarcinoma,colonca3449,colon_aca,235,235
train,colon_aca/colonca3450.jpeg,1,adenocarcinoma,colonca3450,colon_aca,225,225
train,colon_aca/colonca3451.jpeg,1,adenocarcinoma,colonca3451,colon_aca,4,4
train,colon_aca/colonca3452.jpeg,1,adenocarcinoma,colonca3452,colon_aca,4,4
train,colon_aca/colonca3454.jpeg,1,adenocarcinoma,colonca3454,colon_aca,20,20
train,colon_aca/colonca3455.jpeg,1,adenocarcinoma,colonca3455,colon_aca,141,141
train,colon_aca/colonca3456.jpeg,1,adenocarcinoma,colonca3456,colon_aca,106,106
train,colon_aca/colonca3457.jpeg,1,adenocarcinoma,colonca3457,colon_aca,126,126
train,colon_aca/colonca3458.jpeg,1,adenocarcinoma,colonca3458,colon_aca,138,138
train,colon_aca/colonca3459.jpeg,1,adenocarcinoma,colonca3459,colon_aca,43,43
train,colon_aca/colonca346.jpeg,1,adenocarcinoma,colonca346,colon_aca,36,36
train,colon_aca/colonca3463.jpeg,1,adenocarcinoma,colonca3463,colon_aca,179,179
train,colon_aca/colonca3464.jpeg,1,adenocarcinoma,colonca3464,colon_aca,99,99
train,colon_aca/colonca3466.jpeg,1,adenocarcinoma,colonca3466,colon_aca,47,47
train,colon_aca/colonca3467.jpeg,1,adenocarcinoma,colonca3467,colon_aca,151,151
train,colon_aca/colonca3468.jpeg,1,adenocarcinoma,colonca3468,colon_aca,83,83
train,colon_aca/colonca347.jpeg,1,adenocarcinoma,colonca347,colon_aca,220,220
train,colon_aca/colonca3470.jpeg,1,adenocarcinoma,colonca3470,colon_aca,208,208
train,colon_aca/colonca3471.jpeg,1,adenocarcinoma,colonca3471,colon_aca,208,208
train,colon_aca/colonca3472.jpeg,1,adenocarcinoma,colonca3472,colon_aca,202,202
train,colon_aca/colonca3473.jpeg,1,adenocarcinoma,colonca3473,colon_aca,202,202
train,colon_aca/colonca3475.jpeg,1,adenocarcinoma,colonca3475,colon_aca,79,79
train,colon_aca/colonca3476.jpeg,1,adenocarcinoma,colonca3476,colon_aca,22,22
train,colon_aca/colonca3477.jpeg,1,adenocarcinoma,colonca3477,colon_aca,82,82
train,colon_aca/colonca3478.jpeg,1,adenocarcinoma,colonca3478,colon_aca,212,212
train,colon_aca/colonca3479.jpeg,1,adenocarcinoma,colonca3479,colon_aca,42,42
train,colon_aca/colonca348.jpeg,1,adenocarcinoma,colonca348,colon_aca,42,42
train,colon_aca/colonca3480.jpeg,1,adenocarcinoma,colonca3480,colon_aca,178,178
train,colon_aca/colonca3481.jpeg,1,adenocarcinoma,colonca3481,colon_aca,133,133
train,colon_aca/colonca3482.jpeg,1,adenocarcinoma,colonca3482,colon_aca,128,128
train,colon_aca/colonca3483.jpeg,1,adenocarcinoma,colonca3483,colon_aca,128,128
train,colon_aca/colonca3484.jpeg,1,adenocarcinoma,colonca3484,colon_aca,204,204
train,colon_aca/colonca3485.jpeg,1,adenocarcinoma,colonca3485,colon_aca,27,27
train,colon_aca/colonca3487.jpeg,1,adenocarcinoma,colonca3487,colon_aca,35,35
train,colon_aca/colonca3488.jpeg,1,adenocarcinoma,colonca3488,colon_aca,198,198
train,colon_aca/colonca3489.jpeg,1,adenocarcinoma,colonca3489,colon_aca,11,11
train,colon_aca/colonca349.jpeg,1,adenocarcinoma,colonca349,colon_aca,187,187
train,colon_aca/colonca3490.jpeg,1,adenocarcinoma,colonca3490,colon_aca,11,11
train,colon_aca/colonca3492.jpeg,1,adenocarcinoma,colonca3492,colon_aca,44,44
train,colon_aca/colonca3494.jpeg,1,adenocarcinoma,colonca3494,colon_aca,17,17
train,colon_aca/colonca3495.jpeg,1,adenocarcinoma,colonca3495,colon_aca,59,59
train,colon_aca/colonca3496.jpeg,1,adenocarcinoma,colonca3496,colon_aca,59,59
train,colon_aca/colonca3497.jpeg,1,adenocarcinoma,colonca3497,colon_aca,203,203
train,colon_aca/colonca3498.jpeg,1,adenocarcinoma,colonca3498,colon_aca,206,206
train,colon_aca/colonca3499.jpeg,1,adenocarcinoma,colonca3499,colon_aca,127,127
train,colon_aca/colonca35.jpeg,1,adenocarcinoma,colonca35,colon_aca,7,7
train,colon_aca/colonca350.jpeg,1,adenocarcinoma,colonca350,colon_aca,242,242
train,colon_aca/colonca3500.jpeg,1,adenocarcinoma,colonca3500,colon_aca,209,209
train,colon_aca/colonca3501.jpeg,1,adenocarcinoma,colonca3501,colon_aca,168,168
train,colon_aca/colonca3503.jpeg,1,adenocarcinoma,colonca3503,colon_aca,237,237
train,colon_aca/colonca3506.jpeg,1,adenocarcinoma,colonca3506,colon_aca,50,50
train,colon_aca/colonca3507.jpeg,1,adenocarcinoma,colonca3507,colon_aca,169,169
train,colon_aca/colonca3508.jpeg,1,adenocarcinoma,colonca3508,colon_aca,235,235
train,colon_aca/colonca3510.jpeg,1,adenocarcinoma,colonca3510,colon_aca,152,152
train,colon_aca/colonca3511.jpeg,1,adenocarcinoma,colonca3511,colon_aca,165,165
train,colon_aca/colonca3512.jpeg,1,adenocarcinoma,colonca3512,colon_aca,32,32
train,colon_aca/colonca3513.jpeg,1,adenocarcinoma,colonca3513,colon_aca,210,210
train,colon_aca/colonca3514.jpeg,1,adenocarcinoma,colonca3514,colon_aca,87,87
train,colon_aca/colonca3515.jpeg,1,adenocarcinoma,colonca3515,colon_aca,13,13
train,colon_aca/colonca3516.jpeg,1,adenocarcinoma,colonca3516,colon_aca,34,34
train,colon_aca/colonca3517.jpeg,1,adenocarcinoma,colonca3517,colon_aca,126,126
train,colon_aca/colonca3518.jpeg,1,adenocarcinoma,colonca3518,colon_aca,43,43
train,colon_aca/colonca3519.jpeg,1,adenocarcinoma,colonca3519,colon_aca,64,64
train,colon_aca/colonca352.jpeg,1,adenocarcinoma,colonca352,colon_aca,78,78
train,colon_aca/colonca3520.jpeg,1,adenocarcinoma,colonca3520,colon_aca,147,147
train,colon_aca/colonca3521.jpeg,1,adenocarcinoma,colonca3521,colon_aca,228,228
train,colon_aca/colonca3522.jpeg,1,adenocarcinoma,colonca3522,colon_aca,2,2
train,colon_aca/colonca3523.jpeg,1,adenocarcinoma,colonca3523,colon_aca,89,89
train,colon_aca/colonca3524.jpeg,1,adenocarcinoma,colonca3524,colon_aca,91,91
train,colon_aca/colonca3525.jpeg,1,adenocarcinoma,colonca3525,colon_aca,91,91
train,colon_aca/colonca3526.jpeg,1,adenocarcinoma,colonca3526,colon_aca,91,91
train,colon_aca/colonca3527.jpeg,1,adenocarcinoma,colonca3527,colon_aca,99,99
train,colon_aca/colonca3528.jpeg,1,adenocarcinoma,colonca3528,colon_aca,99,99
train,colon_aca/colonca3529.jpeg,1,adenocarcinoma,colonca3529,colon_aca,7,7
train,colon_aca/colonca353.jpeg,1,adenocarcinoma,colonca353,colon_aca,78,78
train,colon_aca/colonca3530.jpeg,1,adenocarcinoma,colonca3530,colon_aca,7,7
train,colon_aca/colonca3532.jpeg,1,adenocarcinoma,colonca3532,colon_aca,41,41
train,colon_aca/colonca3533.jpeg,1,adenocarcinoma,colonca3533,colon_aca,122,122
train,colon_aca/colonca3534.jpeg,1,adenocarcinoma,colonca3534,colon_aca,122,122
train,colon_aca/colonca3539.jpeg,1,adenocarcinoma,colonca3539,colon_aca,98,98
train,colon_aca/colonca354.jpeg,1,adenocarcinoma,colonca354,colon_aca,3,3
train,colon_aca/colonca3540.jpeg,1,adenocarcinoma,colonca3540,colon_aca,98,98
train,colon_aca/colonca3541.jpeg,1,adenocarcinoma,colonca3541,colon_aca,79,79
train,colon_aca/colonca3542.jpeg,1,adenocarcinoma,colonca3542,colon_aca,54,54
train,colon_aca/colonca3543.jpeg,1,adenocarcinoma,colonca3543,colon_aca,74,74
train,colon_aca/colonca3544.jpeg,1,adenocarcinoma,colonca3544,colon_aca,226,226
train,colon_aca/colonca3547.jpeg,1,adenocarcinoma,colonca3547,colon_aca,198,198
train,colon_aca/colonca3548.jpeg,1,adenocarcinoma,colonca3548,colon_aca,191,191
train,colon_aca/colonca355.jpeg,1,adenocarcinoma,colonca355,colon_aca,80,80
train,colon_aca/colonca3551.jpeg,1,adenocarcinoma,colonca3551,colon_aca,207,207
train,colon_aca/colonca3554.jpeg,1,adenocarcinoma,colonca3554,colon_aca,107,107
train,colon_aca/colonca3555.jpeg,1,adenocarcinoma,colonca3555,colon_aca,44,44
train,colon_aca/colonca3556.jpeg,1,adenocarcinoma,colonca3556,colon_aca,131,131
train,colon_aca/colonca3557.jpeg,1,adenocarcinoma,colonca3557,colon_aca,149,149
train,colon_aca/colonca3558.jpeg,1,adenocarcinoma,colonca3558,colon_aca,203,203
train,colon_aca/colonca3560.jpeg,1,adenocarcinoma,colonca3560,colon_aca,171,171
train,colon_aca/colonca3561.jpeg,1,adenocarcinoma,colonca3561,colon_aca,209,209
train,colon_aca/colonca3562.jpeg,1,adenocarcinoma,colonca3562,colon_aca,241,241
train,colon_aca/colonca3563.jpeg,1,adenocarcinoma,colonca3563,colon_aca,221,221
train,colon_aca/colonca3564.jpeg,1,adenocarcinoma,colonca3564,colon_aca,168,168
train,colon_aca/colonca3565.jpeg,1,adenocarcinoma,colonca3565,colon_aca,39,39
train,colon_aca/colonca3566.jpeg,1,adenocarcinoma,colonca3566,colon_aca,40,40
train,colon_aca/colonca3567.jpeg,1,adenocarcinoma,colonca3567,colon_aca,40,40
train,colon_aca/colonca3568.jpeg,1,adenocarcinoma,colonca3568,colon_aca,219,219
train,colon_aca/colonca3569.jpeg,1,adenocarcinoma,colonca3569,colon_aca,95,95
train,colon_aca/colonca357.jpeg,1,adenocarcinoma,colonca357,colon_aca,58,58
train,colon_aca/colonca3570.jpeg,1,adenocarcinoma,colonca3570,colon_aca,169,169
train,colon_aca/colonca3571.jpeg,1,adenocarcinoma,colonca3571,colon_aca,245,245
train,colon_aca/colonca3572.jpeg,1,adenocarcinoma,colonca3572,colon_aca,245,245
train,colon_aca/colonca3576.jpeg,1,adenocarcinoma,colonca3576,colon_aca,150,150
train,colon_aca/colonca3578.jpeg,1,adenocarcinoma,colonca3578,colon_aca,92,92
train,colon_aca/colonca3579.jpeg,1,adenocarcinoma,colonca3579,colon_aca,63,63
train,colon_aca/colonca358.jpeg,1,adenocarcinoma,colonca358,colon_aca,185,185
train,colon_aca/colonca3580.jpeg,1,adenocarcinoma,colonca3580,colon_aca,32,32
train,colon_aca/colonca3582.jpeg,1,adenocarcinoma,colonca3582,colon_aca,210,210
train,colon_aca/colonca3583.jpeg,1,adenocarcinoma,colonca3583,colon_aca,2,2
train,colon_aca/colonca3584.jpeg,1,adenocarcinoma,colonca3584,colon_aca,89,89
train,colon_aca/colonca3586.jpeg,1,adenocarcinoma,colonca3586,colon_aca,176,176
train,colon_aca/colonca3587.jpeg,1,adenocarcinoma,colonca3587,colon_aca,179,179
train,colon_aca/colonca3588.jpeg,1,adenocarcinoma,colonca3588,colon_aca,222,222
train,colon_aca/colonca3589.jpeg,1,adenocarcinoma,colonca3589,colon_aca,77,77
train,colon_aca/colonca359.jpeg,1,adenocarcinoma,colonca359,colon_aca,121,121
train,colon_aca/colonca3592.jpeg,1,adenocarcinoma,colonca3592,colon_aca,188,188
train,colon_aca/colonca3593.jpeg,1,adenocarcinoma,colonca3593,colon_aca,36,36
train,colon_aca/colonca3594.jpeg,1,adenocarcinoma,colonca3594,colon_aca,36,36
train,colon_aca/colonca3598.jpeg,1,adenocarcinoma,colonca3598,colon_aca,220,220
train,colon_aca/colonca3599.jpeg,1,adenocarcinoma,colonca3599,colon_aca,37,37
train,colon_aca/colonca36.jpeg,1,adenocarcinoma,colonca36,colon_aca,222,222
train,colon_aca/colonca3600.jpeg,1,adenocarcinoma,colonca3600,colon_aca,26,26
train,colon_aca/colonca3601.jpeg,1,adenocarcinoma,colonca3601,colon_aca,26,26
train,colon_aca/colonca3602.jpeg,1,adenocarcinoma,colonca3602,colon_aca,186,186
train,colon_aca/colonca3603.jpeg,1,adenocarcinoma,colonca3603,colon_aca,42,42
train,colon_aca/colonca3604.jpeg,1,adenocarcinoma,colonca3604,colon_aca,93,93
train,colon_aca/colonca3605.jpeg,1,adenocarcinoma,colonca3605,colon_aca,178,178
train,colon_aca/colonca3606.jpeg,1,adenocarcinoma,colonca3606,colon_aca,211,211
train,colon_aca/colonca3607.jpeg,1,adenocarcinoma,colonca3607,colon_aca,128,128
train,colon_aca/colonca3608.jpeg,1,adenocarcinoma,colonca3608,colon_aca,128,128
train,colon_aca/colonca3609.jpeg,1,adenocarcinoma,colonca3609,colon_aca,187,187
train,colon_aca/colonca361.jpeg,1,adenocarcinoma,colonca361,colon_aca,62,62
train,colon_aca/colonca3612.jpeg,1,adenocarcinoma,colonca3612,colon_aca,31,31
train,colon_aca/colonca3613.jpeg,1,adenocarcinoma,colonca3613,colon_aca,149,149
train,colon_aca/colonca3614.jpeg,1,adenocarcinoma,colonca3614,colon_aca,205,205
train,colon_aca/colonca3615.jpeg,1,adenocarcinoma,colonca3615,colon_aca,203,203
train,colon_aca/colonca3617.jpeg,1,adenocarcinoma,colonca3617,colon_aca,135,135
train,colon_aca/colonca3618.jpeg,1,adenocarcinoma,colonca3618,colon_aca,135,135
train,colon_aca/colonca3619.jpeg,1,adenocarcinoma,colonca3619,colon_aca,29,29
train,colon_aca/colonca3620.jpeg,1,adenocarcinoma,colonca3620,colon_aca,110,110
train,colon_aca/colonca3622.jpeg,1,adenocarcinoma,colonca3622,colon_aca,0,0
train,colon_aca/colonca3623.jpeg,1,adenocarcinoma,colonca3623,colon_aca,219,219
train,colon_aca/colonca3624.jpeg,1,adenocarcinoma,colonca3624,colon_aca,51,51
train,colon_aca/colonca3625.jpeg,1,adenocarcinoma,colonca3625,colon_aca,50,50
train,colon_aca/colonca3626.jpeg,1,adenocarcinoma,colonca3626,colon_aca,1,1
train,colon_aca/colonca3627.jpeg,1,adenocarcinoma,colonca3627,colon_aca,61,61
train,colon_aca/colonca3628.jpeg,1,adenocarcinoma,colonca3628,colon_aca,100,100
train,colon_aca/colonca3629.jpeg,1,adenocarcinoma,colonca3629,colon_aca,152,152
train,colon_aca/colonca363.jpeg,1,adenocarcinoma,colonca363,colon_aca,88,88
train,colon_aca/colonca3630.jpeg,1,adenocarcinoma,colonca3630,colon_aca,152,152
train,colon_aca/colonca3631.jpeg,1,adenocarcinoma,colonca3631,colon_aca,138,138
train,colon_aca/colonca3633.jpeg,1,adenocarcinoma,colonca3633,colon_aca,89,89
train,colon_aca/colonca3636.jpeg,1,adenocarcinoma,colonca3636,colon_aca,7,7
train,colon_aca/colonca3637.jpeg,1,adenocarcinoma,colonca3637,colon_aca,7,7
train,colon_aca/colonca3638.jpeg,1,adenocarcinoma,colonca3638,colon_aca,222,222
train,colon_aca/colonca364.jpeg,1,adenocarcinoma,colonca364,colon_aca,88,88
train,colon_aca/colonca3641.jpeg,1,adenocarcinoma,colonca3641,colon_aca,77,77
train,colon_aca/colonca3642.jpeg,1,adenocarcinoma,colonca3642,colon_aca,76,76
train,colon_aca/colonca3643.jpeg,1,adenocarcinoma,colonca3643,colon_aca,234,234
train,colon_aca/colonca365.jpeg,1,adenocarcinoma,colonca365,colon_aca,149,149
train,colon_aca/colonca3651.jpeg,1,adenocarcinoma,colonca3651,colon_aca,79,79
train,colon_aca/colonca3652.jpeg,1,adenocarcinoma,colonca3652,colon_aca,23,23
train,colon_aca/colonca3653.jpeg,1,adenocarcinoma,colonca3653,colon_aca,37,37
train,colon_aca/colonca3654.jpeg,1,adenocarcinoma,colonca3654,colon_aca,26,26
train,colon_aca/colonca3655.jpeg,1,adenocarcinoma,colonca3655,colon_aca,212,212
train,colon_aca/colonca3656.jpeg,1,adenocarcinoma,colonca3656,colon_aca,212,212
train,colon_aca/colonca3657.jpeg,1,adenocarcinoma,colonca3657,colon_aca,74,74
train,colon_aca/colonca3658.jpeg,1,adenocarcinoma,colonca3658,colon_aca,74,74
train,colon_aca/colonca3659.jpeg,1,adenocarcinoma,colonca3659,colon_aca,93,93
train,colon_aca/colonca366.jpeg,1,adenocarcinoma,colonca366,colon_aca,127,127
train,colon_aca/colonca3660.jpeg,1,adenocarcinoma,colonca3660,colon_aca,124,124
train,colon_aca/colonca3662.jpeg,1,adenocarcinoma,colonca3662,colon_aca,198,198
train,colon_aca/colonca3663.jpeg,1,adenocarcinoma,colonca3663,colon_aca,3,3
train,colon_aca/colonca3664.jpeg,1,adenocarcinoma,colonca3664,colon_aca,208,208
train,colon_aca/colonca3665.jpeg,1,adenocarcinoma,colonca3665,colon_aca,208,208
train,colon_aca/colonca3668.jpeg,1,adenocarcinoma,colonca3668,colon_aca,191,191
train,colon_aca/colonca3669.jpeg,1,adenocarcinoma,colonca3669,colon_aca,185,185
train,colon_aca/colonca367.jpeg,1,adenocarcinoma,colonca367,colon_aca,209,209
train,colon_aca/colonca3672.jpeg,1,adenocarcinoma,colonca3672,colon_aca,62,62
train,colon_aca/colonca3673.jpeg,1,adenocarcinoma,colonca3673,colon_aca,17,17
train,colon_aca/colonca368.jpeg,1,adenocarcinoma,colonca368,colon_aca,157,157
train,colon_aca/colonca3680.jpeg,1,adenocarcinoma,colonca3680,colon_aca,29,29
train,colon_aca/colonca3681.jpeg,1,adenocarcinoma,colonca3681,colon_aca,209,209
train,colon_aca/colonca3684.jpeg,1,adenocarcinoma,colonca3684,colon_aca,189,189
train,colon_aca/colonca3685.jpeg,1,adenocarcinoma,colonca3685,colon_aca,51,51
train,colon_aca/colonca3686.jpeg,1,adenocarcinoma,colonca3686,colon_aca,95,95
train,colon_aca/colonca3688.jpeg,1,adenocarcinoma,colonca3688,colon_aca,61,61
train,colon_aca/colonca3689.jpeg,1,adenocarcinoma,colonca3689,colon_aca,61,61
train,colon_aca/colonca3690.jpeg,1,adenocarcinoma,colonca3690,colon_aca,63,63
train,colon_aca/colonca3691.jpeg,1,adenocarcinoma,colonca3691,colon_aca,141,141
train,colon_aca/colonca3696.jpeg,1,adenocarcinoma,colonca3696,colon_aca,2,2
train,colon_aca/colonca3697.jpeg,1,adenocarcinoma,colonca3697,colon_aca,2,2
train,colon_aca/colonca3698.jpeg,1,adenocarcinoma,colonca3698,colon_aca,89,89
train,colon_aca/colonca3699.jpeg,1,adenocarcinoma,colonca3699,colon_aca,174,174
train,colon_aca/colonca3700.jpeg,1,adenocarcinoma,colonca3700,colon_aca,222,222
train,colon_aca/colonca3701.jpeg,1,adenocarcinoma,colonca3701,colon_aca,222,222
train,colon_aca/colonca3702.jpeg,1,adenocarcinoma,colonca3702,colon_aca,47,47
train,colon_aca/colonca3703.jpeg,1,adenocarcinoma,colonca3703,colon_aca,83,83
train,colon_aca/colonca3705.jpeg,1,adenocarcinoma,colonca3705,colon_aca,41,41
train,colon_aca/colonca3709.jpeg,1,adenocarcinoma,colonca3709,colon_aca,49,49
train,colon_aca/colonca3713.jpeg,1,adenocarcinoma,colonca3713,colon_aca,22,22
train,colon_aca/colonca3714.jpeg,1,adenocarcinoma,colonca3714,colon_aca,37,37
train,colon_aca/colonca3715.jpeg,1,adenocarcinoma,colonca3715,colon_aca,82,82
train,colon_aca/colonca3719.jpeg,1,adenocarcinoma,colonca3719,colon_aca,204,204
train,colon_aca/colonca372.jpeg,1,adenocarcinoma,colonca372,colon_aca,189,189
train,colon_aca/colonca3720.jpeg,1,adenocarcinoma,colonca3720,colon_aca,78,78
train,colon_aca/colonca3721.jpeg,1,adenocarcinoma,colonca3721,colon_aca,134,134
train,colon_aca/colonca3725.jpeg,1,adenocarcinoma,colonca3725,colon_aca,58,58
train,colon_aca/colonca3727.jpeg,1,adenocarcinoma,colonca3727,colon_aca,121,121
train,colon_aca/colonca3728.jpeg,1,adenocarcinoma,colonca3728,colon_aca,129,129
train,colon_aca/colonca3729.jpeg,1,adenocarcinoma,colonca3729,colon_aca,129,129
train,colon_aca/colonca373.jpeg,1,adenocarcinoma,colonca373,colon_aca,51,51
train,colon_aca/colonca3730.jpeg,1,adenocarcinoma,colonca3730,colon_aca,207,207
train,colon_aca/colonca3731.jpeg,1,adenocarcinoma,colonca3731,colon_aca,17,17
train,colon_aca/colonca3732.jpeg,1,adenocarcinoma,colonca3732,colon_aca,17,17
train,colon_aca/colonca3737.jpeg,1,adenocarcinoma,colonca3737,colon_aca,161,161
train,colon_aca/colonca3738.jpeg,1,adenocarcinoma,colonca3738,colon_aca,166,166
train,colon_aca/colonca374.jpeg,1,adenocarcinoma,colonca374,colon_aca,21,21
train,colon_aca/colonca3740.jpeg,1,adenocarcinoma,colonca3740,colon_aca,14,14
train,colon_aca/colonca3741.jpeg,1,adenocarcinoma,colonca3741,colon_aca,168,168
train,colon_aca/colonca3742.jpeg,1,adenocarcinoma,colonca3742,colon_aca,40,40
train,colon_aca/colonca3744.jpeg,1,adenocarcinoma,colonca3744,colon_aca,136,136
train,colon_aca/colonca3745.jpeg,1,adenocarcinoma,colonca3745,colon_aca,136,136
train,colon_aca/colonca3746.jpeg,1,adenocarcinoma,colonca3746,colon_aca,51,51
train,colon_aca/colonca3747.jpeg,1,adenocarcinoma,colonca3747,colon_aca,245,245
train,colon_aca/colonca3749.jpeg,1,adenocarcinoma,colonca3749,colon_aca,142,142
train,colon_aca/colonca375.jpeg,1,adenocarcinoma,colonca375,colon_aca,21,21
train,colon_aca/colonca3750.jpeg,1,adenocarcinoma,colonca3750,colon_aca,235,235
train,colon_aca/colonca3751.jpeg,1,adenocarcinoma,colonca3751,colon_aca,143,143
train,colon_aca/colonca3752.jpeg,1,adenocarcinoma,colonca3752,colon_aca,225,225
train,colon_aca/colonca3754.jpeg,1,adenocarcinoma,colonca3754,colon_aca,87,87
train,colon_aca/colonca3757.jpeg,1,adenocarcinoma,colonca3757,colon_aca,230,230
train,colon_aca/colonca3758.jpeg,1,adenocarcinoma,colonca3758,colon_aca,99,99
train,colon_aca/colonca3759.jpeg,1,adenocarcinoma,colonca3759,colon_aca,222,222
train,colon_aca/colonca376.jpeg,1,adenocarcinoma,colonca376,colon_aca,245,245
train,colon_aca/colonca3762.jpeg,1,adenocarcinoma,colonca3762,colon_aca,202,202
train,colon_aca/colonca3763.jpeg,1,adenocarcinoma,colonca3763,colon_aca,218,218
train,colon_aca/colonca3764.jpeg,1,adenocarcinoma,colonca3764,colon_aca,214,214
train,colon_aca/colonca3765.jpeg,1,adenocarcinoma,colonca3765,colon_aca,22,22
train,colon_aca/colonca3766.jpeg,1,adenocarcinoma,colonca3766,colon_aca,85,85
train,colon_aca/colonca3767.jpeg,1,adenocarcinoma,colonca3767,colon_aca,85,85
train,colon_aca/colonca3768.jpeg,1,adenocarcinoma,colonca3768,colon_aca,37,37
train,colon_aca/colonca377.jpeg,1,adenocarcinoma,colonca377,colon_aca,197,197
train,colon_aca/colonca3770.jpeg,1,adenocarcinoma,colonca3770,colon_aca,53,53
train,colon_aca/colonca3771.jpeg,1,adenocarcinoma,colonca3771,colon_aca,46,46
train,colon_aca/colonca3772.jpeg,1,adenocarcinoma,colonca3772,colon_aca,46,46
train,colon_aca/colonca3774.jpeg,1,adenocarcinoma,colonca3774,colon_aca,128,128
train,colon_aca/colonca3775.jpeg,1,adenocarcinoma,colonca3775,colon_aca,226,226
train,colon_aca/colonca3777.jpeg,1,adenocarcinoma,colonca3777,colon_aca,3,3
train,colon_aca/colonca3778.jpeg,1,adenocarcinoma,colonca3778,colon_aca,80,80
train,colon_aca/colonca3779.jpeg,1,adenocarcinoma,colonca3779,colon_aca,164,164
train,colon_aca/colonca378.jpeg,1,adenocarcinoma,colonca378,colon_aca,5,5
train,colon_aca/colonca3780.jpeg,1,adenocarcinoma,colonca3780,colon_aca,11,11
train,colon_aca/colonca3781.jpeg,1,adenocarcinoma,colonca3781,colon_aca,58,58
train,colon_aca/colonca3782.jpeg,1,adenocarcinoma,colonca3782,colon_aca,94,94
train,colon_aca/colonca3783.jpeg,1,adenocarcinoma,colonca3783,colon_aca,129,129
train,colon_aca/colonca3784.jpeg,1,adenocarcinoma,colonca3784,colon_aca,107,107
train,colon_aca/colonca3785.jpeg,1,adenocarcinoma,colonca3785,colon_aca,131,131
train,colon_aca/colonca3787.jpeg,1,adenocarcinoma,colonca3787,colon_aca,206,206
train,colon_aca/colonca3789.jpeg,1,adenocarcinoma,colonca3789,colon_aca,135,135
train,colon_aca/colonca379.jpeg,1,adenocarcinoma,colonca379,colon_aca,150,150
train,colon_aca/colonca3790.jpeg,1,adenocarcinoma,colonca3790,colon_aca,29,29
train,colon_aca/colonca3791.jpeg,1,adenocarcinoma,colonca3791,colon_aca,29,29
train,colon_aca/colonca3792.jpeg,1,adenocarcinoma,colonca3792,colon_aca,192,192
train,colon_aca/colonca3793.jpeg,1,adenocarcinoma,colonca3793,colon_aca,110,110
train,colon_aca/colonca3794.jpeg,1,adenocarcinoma,colonca3794,colon_aca,221,221
train,colon_aca/colonca3795.jpeg,1,adenocarcinoma,colonca3795,colon_aca,39,39
train,colon_aca/colonca3798.jpeg,1,adenocarcinoma,colonca3798,colon_aca,52,52
train,colon_aca/colonca38.jpeg,1,adenocarcinoma,colonca38,colon_aca,151,151
train,colon_aca/colonca3800.jpeg,1,adenocarcinoma,colonca3800,colon_aca,136,136
train,colon_aca/colonca3802.jpeg,1,adenocarcinoma,colonca3802,colon_aca,142,142
train,colon_aca/colonca3803.jpeg,1,adenocarcinoma,colonca3803,colon_aca,235,235
train,colon_aca/colonca3804.jpeg,1,adenocarcinoma,colonca3804,colon_aca,235,235
train,colon_aca/colonca3805.jpeg,1,adenocarcinoma,colonca3805,colon_aca,143,143
train,colon_aca/colonca3806.jpeg,1,adenocarcinoma,colonca3806,colon_aca,4,4
train,colon_aca/colonca3807.jpeg,1,adenocarcinoma,colonca3807,colon_aca,1,1
train,colon_aca/colonca3808.jpeg,1,adenocarcinoma,colonca3808,colon_aca,1,1
train,colon_aca/colonca3809.jpeg,1,adenocarcinoma,colonca3809,colon_aca,150,150
train,colon_aca/colonca3810.jpeg,1,adenocarcinoma,colonca3810,colon_aca,152,152
train,colon_aca/colonca3811.jpeg,1,adenocarcinoma,colonca3811,colon_aca,20,20
train,colon_aca/colonca3813.jpeg,1,adenocarcinoma,colonca3813,colon_aca,13,13
train,colon_aca/colonca3814.jpeg,1,adenocarcinoma,colonca3814,colon_aca,13,13
train,colon_aca/colonca3815.jpeg,1,adenocarcinoma,colonca3815,colon_aca,2,2
train,colon_aca/colonca3816.jpeg,1,adenocarcinoma,colonca3816,colon_aca,91,91
train,colon_aca/colonca3818.jpeg,1,adenocarcinoma,colonca3818,colon_aca,99,99
train,colon_aca/colonca3819.jpeg,1,adenocarcinoma,colonca3819,colon_aca,151,151
train,colon_aca/colonca382.jpeg,1,adenocarcinoma,colonca382,colon_aca,63,63
train,colon_aca/colonca3822.jpeg,1,adenocarcinoma,colonca3822,colon_aca,122,122
train,colon_aca/colonca3824.jpeg,1,adenocarcinoma,colonca3824,colon_aca,71,71
train,colon_aca/colonca3826.jpeg,1,adenocarcinoma,colonca3826,colon_aca,28,28
train,colon_aca/colonca3827.jpeg,1,adenocarcinoma,colonca3827,colon_aca,28,28
train,colon_aca/colonca3828.jpeg,1,adenocarcinoma,colonca3828,colon_aca,53,53
train,colon_aca/colonca383.jpeg,1,adenocarcinoma,colonca383,colon_aca,141,141
train,colon_aca/colonca3830.jpeg,1,adenocarcinoma,colonca3830,colon_aca,145,145
train,colon_aca/colonca3831.jpeg,1,adenocarcinoma,colonca3831,colon_aca,160,160
train,colon_aca/colonca3832.jpeg,1,adenocarcinoma,colonca3832,colon_aca,133,133
train,colon_aca/colonca3834.jpeg,1,adenocarcinoma,colonca3834,colon_aca,227,227
train,colon_aca/colonca3835.jpeg,1,adenocarcinoma,colonca3835,colon_aca,124,124
train,colon_aca/colonca3836.jpeg,1,adenocarcinoma,colonca3836,colon_aca,240,240
train,colon_aca/colonca3838.jpeg,1,adenocarcinoma,colonca3838,colon_aca,11,11
train,colon_aca/colonca3839.jpeg,1,adenocarcinoma,colonca3839,colon_aca,11,11
train,colon_aca/colonca384.jpeg,1,adenocarcinoma,colonca384,colon_aca,165,165
train,colon_aca/colonca3840.jpeg,1,adenocarcinoma,colonca3840,colon_aca,94,94
train,colon_aca/colonca3842.jpeg,1,adenocarcinoma,colonca3842,colon_aca,207,207
train,colon_aca/colonca3844.jpeg,1,adenocarcinoma,colonca3844,colon_aca,44,44
train,colon_aca/colonca3845.jpeg,1,adenocarcinoma,colonca3845,colon_aca,44,44
train,colon_aca/colonca3846.jpeg,1,adenocarcinoma,colonca3846,colon_aca,81,81
train,colon_aca/colonca3848.jpeg,1,adenocarcinoma,colonca3848,colon_aca,161,161
train,colon_aca/colonca385.jpeg,1,adenocarcinoma,colonca385,colon_aca,87,87
train,colon_aca/colonca3851.jpeg,1,adenocarcinoma,colonca3851,colon_aca,29,29
train,colon_aca/colonca3852.jpeg,1,adenocarcinoma,colonca3852,colon_aca,192,192
train,colon_aca/colonca3853.jpeg,1,adenocarcinoma,colonca3853,colon_aca,192,192
train,colon_aca/colonca3854.jpeg,1,adenocarcinoma,colonca3854,colon_aca,221,221
train,colon_aca/colonca3855.jpeg,1,adenocarcinoma,colonca3855,colon_aca,168,168
train,colon_aca/colonca3857.jpeg,1,adenocarcinoma,colonca3857,colon_aca,39,39
train,colon_aca/colonca3858.jpeg,1,adenocarcinoma,colonca3858,colon_aca,247,247
train,colon_aca/colonca3859.jpeg,1,adenocarcinoma,colonca3859,colon_aca,50,50
train,colon_aca/colonca386.jpeg,1,adenocarcinoma,colonca386,colon_aca,13,13
train,colon_aca/colonca3860.jpeg,1,adenocarcinoma,colonca3860,colon_aca,50,50
train,colon_aca/colonca3862.jpeg,1,adenocarcinoma,colonca3862,colon_aca,217,217
train,colon_aca/colonca3864.jpeg,1,adenocarcinoma,colonca3864,colon_aca,152,152
train,colon_aca/colonca3866.jpeg,1,adenocarcinoma,colonca3866,colon_aca,165,165
train,colon_aca/colonca3869.jpeg,1,adenocarcinoma,colonca3869,colon_aca,243,243
train,colon_aca/colonca387.jpeg,1,adenocarcinoma,colonca387,colon_aca,64,64
train,colon_aca/colonca3870.jpeg,1,adenocarcinoma,colonca3870,colon_aca,91,91
train,colon_aca/colonca3875.jpeg,1,adenocarcinoma,colonca3875,colon_aca,47,47
train,colon_aca/colonca3877.jpeg,1,adenocarcinoma,colonca3877,colon_aca,83,83
train,colon_aca/colonca388.jpeg,1,adenocarcinoma,colonca388,colon_aca,2,2
train,colon_aca/colonca3881.jpeg,1,adenocarcinoma,colonca3881,colon_aca,231,231
train,colon_aca/colonca3883.jpeg,1,adenocarcinoma,colonca3883,colon_aca,76,76
train,colon_aca/colonca3886.jpeg,1,adenocarcinoma,colonca3886,colon_aca,101,101
train,colon_aca/colonca3887.jpeg,1,adenocarcinoma,colonca3887,colon_aca,28,28
train,colon_aca/colonca3888.jpeg,1,adenocarcinoma,colonca3888,colon_aca,37,37
train,colon_aca/colonca3889.jpeg,1,adenocarcinoma,colonca3889,colon_aca,54,54
train,colon_aca/colonca389.jpeg,1,adenocarcinoma,colonca389,colon_aca,174,174
train,colon_aca/colonca3890.jpeg,1,adenocarcinoma,colonca3890,colon_aca,212,212
train,colon_aca/colonca3891.jpeg,1,adenocarcinoma,colonca3891,colon_aca,74,74
train,colon_aca/colonca3892.jpeg,1,adenocarcinoma,colonca3892,colon_aca,93,93
train,colon_aca/colonca3893.jpeg,1,adenocarcinoma,colonca3893,colon_aca,46,46
train,colon_aca/colonca3894.jpeg,1,adenocarcinoma,colonca3894,colon_aca,204,204
train,colon_aca/colonca3895.jpeg,1,adenocarcinoma,colonca3895,colon_aca,70,70
train,colon_aca/colonca3897.jpeg,1,adenocarcinoma,colonca3897,colon_aca,124,124
train,colon_aca/colonca390.jpeg,1,adenocarcinoma,colonca390,colon_aca,7,7
train,colon_aca/colonca3900.jpeg,1,adenocarcinoma,colonca3900,colon_aca,198,198
train,colon_aca/colonca3901.jpeg,1,adenocarcinoma,colonca3901,colon_aca,80,80
train,colon_aca/colonca3902.jpeg,1,adenocarcinoma,colonca3902,colon_aca,90,90
train,colon_aca/colonca3903.jpeg,1,adenocarcinoma,colonca3903,colon_aca,94,94
train,colon_aca/colonca3904.jpeg,1,adenocarcinoma,colonca3904,colon_aca,121,121
train,colon_aca/colonca3905.jpeg,1,adenocarcinoma,colonca3905,colon_aca,44,44
train,colon_aca/colonca3906.jpeg,1,adenocarcinoma,colonca3906,colon_aca,44,44
train,colon_aca/colonca3907.jpeg,1,adenocarcinoma,colonca3907,colon_aca,62,62
train,colon_aca/colonca3908.jpeg,1,adenocarcinoma,colonca3908,colon_aca,59,59
train,colon_aca/colonca3909.jpeg,1,adenocarcinoma,colonca3909,colon_aca,203,203
train,colon_aca/colonca391.jpeg,1,adenocarcinoma,colonca391,colon_aca,77,77
train,colon_aca/colonca3911.jpeg,1,adenocarcinoma,colonca3911,colon_aca,161,161
train,colon_aca/colonca3912.jpeg,1,adenocarcinoma,colonca3912,colon_aca,192,192
train,colon_aca/colonca3913.jpeg,1,adenocarcinoma,colonca3913,colon_aca,110,110
train,colon_aca/colonca3914.jpeg,1,adenocarcinoma,colonca3914,colon_aca,168,168
train,colon_aca/colonca3916.jpeg,1,adenocarcinoma,colonca3916,colon_aca,0,0
train,colon_aca/colonca3917.jpeg,1,adenocarcinoma,colonca3917,colon_aca,0,0
train,colon_aca/colonca3919.jpeg,1,adenocarcinoma,colonca3919,colon_aca,123,123
train,colon_aca/colonca392.jpeg,1,adenocarcinoma,colonca392,colon_aca,77,77
train,colon_aca/colonca3920.jpeg,1,adenocarcinoma,colonca3920,colon_aca,136,136
train,colon_aca/colonca3922.jpeg,1,adenocarcinoma,colonca3922,colon_aca,95,95
train,colon_aca/colonca3923.jpeg,1,adenocarcinoma,colonca3923,colon_aca,169,169
train,colon_aca/colonca3925.jpeg,1,adenocarcinoma,colonca3925,colon_aca,57,57
train,colon_aca/colonca3926.jpeg,1,adenocarcinoma,colonca3926,colon_aca,61,61
train,colon_aca/colonca3927.jpeg,1,adenocarcinoma,colonca3927,colon_aca,100,100
train,colon_aca/colonca3928.jpeg,1,adenocarcinoma,colonca3928,colon_aca,92,92
train,colon_aca/colonca3929.jpeg,1,adenocarcinoma,colonca3929,colon_aca,92,92
train,colon_aca/colonca393.jpeg,1,adenocarcinoma,colonca393,colon_aca,231,231
train,colon_aca/colonca3930.jpeg,1,adenocarcinoma,colonca3930,colon_aca,32,32
train,colon_aca/colonca3931.jpeg,1,adenocarcinoma,colonca3931,colon_aca,126,126
train,colon_aca/colonca3934.jpeg,1,adenocarcinoma,colonca3934,colon_aca,176,176
train,colon_aca/colonca3935.jpeg,1,adenocarcinoma,colonca3935,colon_aca,174,174
train,colon_aca/colonca3936.jpeg,1,adenocarcinoma,colonca3936,colon_aca,174,174
train,colon_aca/colonca3939.jpeg,1,adenocarcinoma,colonca3939,colon_aca,72,72
train,colon_aca/colonca394.jpeg,1,adenocarcinoma,colonca394,colon_aca,188,188
train,colon_aca/colonca3940.jpeg,1,adenocarcinoma,colonca3940,colon_aca,83,83
train,colon_aca/colonca3942.jpeg,1,adenocarcinoma,colonca3942,colon_aca,76,76
train,colon_aca/colonca3943.jpeg,1,adenocarcinoma,colonca3943,colon_aca,41,41
train,colon_aca/colonca3944.jpeg,1,adenocarcinoma,colonca3944,colon_aca,65,65
train,colon_aca/colonca3946.jpeg,1,adenocarcinoma,colonca3946,colon_aca,71,71
train,colon_aca/colonca3947.jpeg,1,adenocarcinoma,colonca3947,colon_aca,71,71
train,colon_aca/colonca395.jpeg,1,adenocarcinoma,colonca395,colon_aca,49,49
train,colon_aca/colonca3951.jpeg,1,adenocarcinoma,colonca3951,colon_aca,53,53
train,colon_aca/colonca3952.jpeg,1,adenocarcinoma,colonca3952,colon_aca,54,54
train,colon_aca/colonca3953.jpeg,1,adenocarcinoma,colonca3953,colon_aca,42,42
train,colon_aca/colonca3956.jpeg,1,adenocarcinoma,colonca3956,colon_aca,133,133
train,colon_aca/colonca3957.jpeg,1,adenocarcinoma,colonca3957,colon_aca,133,133
train,colon_aca/colonca3959.jpeg,1,adenocarcinoma,colonca3959,colon_aca,227,227
train,colon_aca/colonca396.jpeg,1,adenocarcinoma,colonca396,colon_aca,49,49
train,colon_aca/colonca3960.jpeg,1,adenocarcinoma,colonca3960,colon_aca,134,134
train,colon_aca/colonca3961.jpeg,1,adenocarcinoma,colonca3961,colon_aca,240,240
train,colon_aca/colonca3963.jpeg,1,adenocarcinoma,colonca3963,colon_aca,164,164
train,colon_aca/colonca3965.jpeg,1,adenocarcinoma,colonca3965,colon_aca,207,207
train,colon_aca/colonca3966.jpeg,1,adenocarcinoma,colonca3966,colon_aca,207,207
train,colon_aca/colonca3967.jpeg,1,adenocarcinoma,colonca3967,colon_aca,107,107
train,colon_aca/colonca3968.jpeg,1,adenocarcinoma,colonca3968,colon_aca,44,44
train,colon_aca/colonca3969.jpeg,1,adenocarcinoma,colonca3969,colon_aca,131,131
train,colon_aca/colonca397.jpeg,1,adenocarcinoma,colonca397,colon_aca,22,22
train,colon_aca/colonca3970.jpeg,1,adenocarcinoma,colonca3970,colon_aca,31,31
train,colon_aca/colonca3971.jpeg,1,adenocarcinoma,colonca3971,colon_aca,59,59
train,colon_aca/colonca3977.jpeg,1,adenocarcinoma,colonca3977,colon_aca,219,219
train,colon_aca/colonca3978.jpeg,1,adenocarcinoma,colonca3978,colon_aca,95,95
train,colon_aca/colonca3979.jpeg,1,adenocarcinoma,colonca3979,colon_aca,95,95
train,colon_aca/colonca3980.jpeg,1,adenocarcinoma,colonca3980,colon_aca,143,143
train,colon_aca/colonca3981.jpeg,1,adenocarcinoma,colonca3981,colon_aca,12,12
train,colon_aca/colonca3982.jpeg,1,adenocarcinoma,colonca3982,colon_aca,61,61
train,colon_aca/colonca3983.jpeg,1,adenocarcinoma,colonca3983,colon_aca,100,100
train,colon_aca/colonca3985.jpeg,1,adenocarcinoma,colonca3985,colon_aca,153,153
train,colon_aca/colonca3986.jpeg,1,adenocarcinoma,colonca3986,colon_aca,92,92
train,colon_aca/colonca3987.jpeg,1,adenocarcinoma,colonca3987,colon_aca,106,106
train,colon_aca/colonca3988.jpeg,1,adenocarcinoma,colonca3988,colon_aca,34,34
train,colon_aca/colonca3989.jpeg,1,adenocarcinoma,colonca3989,colon_aca,34,34
train,colon_aca/colonca399.jpeg,1,adenocarcinoma,colonca399,colon_aca,23,23
train,colon_aca/colonca3990.jpeg,1,adenocarcinoma,colonca3990,colon_aca,86,86
train,colon_aca/colonca3991.jpeg,1,adenocarcinoma,colonca3991,colon_aca,130,130
train,colon_aca/colonca3992.jpeg,1,adenocarcinoma,colonca3992,colon_aca,64,64
train,colon_aca/colonca3993.jpeg,1,adenocarcinoma,colonca3993,colon_aca,146,146
train,colon_aca/colonca3994.jpeg,1,adenocarcinoma,colonca3994,colon_aca,230,230
train,colon_aca/colonca3996.jpeg,1,adenocarcinoma,colonca3996,colon_aca,174,174
train,colon_aca/colonca3997.jpeg,1,adenocarcinoma,colonca3997,colon_aca,174,174
train,colon_aca/colonca3998.jpeg,1,adenocarcinoma,colonca3998,colon_aca,56,56
train,colon_aca/colonca3999.jpeg,1,adenocarcinoma,colonca3999,colon_aca,56,56
train,colon_aca/colonca4.jpeg,1,adenocarcinoma,colonca4,colon_aca,2,2
train,colon_aca/colonca40.jpeg,1,adenocarcinoma,colonca40,colon_aca,41,41
train,colon_aca/colonca4000.jpeg,1,adenocarcinoma,colonca4000,colon_aca,238,238
train,colon_aca/colonca4001.jpeg,1,adenocarcinoma,colonca4001,colon_aca,231,231
train,colon_aca/colonca4002.jpeg,1,adenocarcinoma,colonca4002,colon_aca,231,231
train,colon_aca/colonca4003.jpeg,1,adenocarcinoma,colonca4003,colon_aca,76,76
train,colon_aca/colonca4004.jpeg,1,adenocarcinoma,colonca4004,colon_aca,188,188
train,colon_aca/colonca4005.jpeg,1,adenocarcinoma,colonca4005,colon_aca,65,65
train,colon_aca/colonca4006.jpeg,1,adenocarcinoma,colonca4006,colon_aca,202,202
train,colon_aca/colonca4008.jpeg,1,adenocarcinoma,colonca4008,colon_aca,71,71
train,colon_aca/colonca4009.jpeg,1,adenocarcinoma,colonca4009,colon_aca,49,49
train,colon_aca/colonca401.jpeg,1,adenocarcinoma,colonca401,colon_aca,186,186
train,colon_aca/colonca4011.jpeg,1,adenocarcinoma,colonca4011,colon_aca,79,79
train,colon_aca/colonca4012.jpeg,1,adenocarcinoma,colonca4012,colon_aca,220,220
train,colon_aca/colonca4013.jpeg,1,adenocarcinoma,colonca4013,colon_aca,26,26
train,colon_aca/colonca4014.jpeg,1,adenocarcinoma,colonca4014,colon_aca,82,82
train,colon_aca/colonca4016.jpeg,1,adenocarcinoma,colonca4016,colon_aca,160,160
train,colon_aca/colonca4017.jpeg,1,adenocarcinoma,colonca4017,colon_aca,160,160
train,colon_aca/colonca4018.jpeg,1,adenocarcinoma,colonca4018,colon_aca,128,128
train,colon_aca/colonca4019.jpeg,1,adenocarcinoma,colonca4019,colon_aca,226,226
train,colon_aca/colonca402.jpeg,1,adenocarcinoma,colonca402,colon_aca,186,186
train,colon_aca/colonca4020.jpeg,1,adenocarcinoma,colonca4020,colon_aca,177,177
train,colon_aca/colonca4023.jpeg,1,adenocarcinoma,colonca4023,colon_aca,198,198
train,colon_aca/colonca4024.jpeg,1,adenocarcinoma,colonca4024,colon_aca,3,3
train,colon_aca/colonca4025.jpeg,1,adenocarcinoma,colonca4025,colon_aca,134,134
train,colon_aca/colonca4026.jpeg,1,adenocarcinoma,colonca4026,colon_aca,58,58
train,colon_aca/colonca4027.jpeg,1,adenocarcinoma,colonca4027,colon_aca,44,44
train,colon_aca/colonca4028.jpeg,1,adenocarcinoma,colonca4028,colon_aca,44,44
train,colon_aca/colonca4029.jpeg,1,adenocarcinoma,colonca4029,colon_aca,205,205
train,colon_aca/colonca403.jpeg,1,adenocarcinoma,colonca403,colon_aca,54,54
train,colon_aca/colonca4030.jpeg,1,adenocarcinoma,colonca4030,colon_aca,59,59
train,colon_aca/colonca4031.jpeg,1,adenocarcinoma,colonca4031,colon_aca,203,203
train,colon_aca/colonca4033.jpeg,1,adenocarcinoma,colonca4033,colon_aca,14,14
train,colon_aca/colonca4034.jpeg,1,adenocarcinoma,colonca4034,colon_aca,209,209
train,colon_aca/colonca4035.jpeg,1,adenocarcinoma,colonca4035,colon_aca,192,192
train,colon_aca/colonca4036.jpeg,1,adenocarcinoma,colonca4036,colon_aca,189,189
train,colon_aca/colonca4037.jpeg,1,adenocarcinoma,colonca4037,colon_aca,136,136
train,colon_aca/colonca4039.jpeg,1,adenocarcinoma,colonca4039,colon_aca,142,142
train,colon_aca/colonca404.jpeg,1,adenocarcinoma,colonca404,colon_aca,74,74
train,colon_aca/colonca4040.jpeg,1,adenocarcinoma,colonca4040,colon_aca,1,1
train,colon_aca/colonca4041.jpeg,1,adenocarcinoma,colonca4041,colon_aca,61,61
train,colon_aca/colonca4042.jpeg,1,adenocarcinoma,colonca4042,colon_aca,61,61
train,colon_aca/colonca4043.jpeg,1,adenocarcinoma,colonca4043,colon_aca,153,153
train,colon_aca/colonca4044.jpeg,1,adenocarcinoma,colonca4044,colon_aca,92,92
train,colon_aca/colonca4045.jpeg,1,adenocarcinoma,colonca4045,colon_aca,141,141
train,colon_aca/colonca4046.jpeg,1,adenocarcinoma,colonca4046,colon_aca,32,32
train,colon_aca/colonca4048.jpeg,1,adenocarcinoma,colonca4048,colon_aca,13,13
train,colon_aca/colonca4049.jpeg,1,adenocarcinoma,colonca4049,colon_aca,34,34
train,colon_aca/colonca405.jpeg,1,adenocarcinoma,colonca405,colon_aca,93,93
train,colon_aca/colonca4050.jpeg,1,adenocarcinoma,colonca4050,colon_aca,126,126
train,colon_aca/colonca4051.jpeg,1,adenocarcinoma,colonca4051,colon_aca,126,126
train,colon_aca/colonca4053.jpeg,1,adenocarcinoma,colonca4053,colon_aca,138,138
train,colon_aca/colonca4054.jpeg,1,adenocarcinoma,colonca4054,colon_aca,86,86
train,colon_aca/colonca4055.jpeg,1,adenocarcinoma,colonca4055,colon_aca,163,163
train,colon_aca/colonca4056.jpeg,1,adenocarcinoma,colonca4056,colon_aca,146,146
train,colon_aca/colonca4057.jpeg,1,adenocarcinoma,colonca4057,colon_aca,2,2
train,colon_aca/colonca4059.jpeg,1,adenocarcinoma,colonca4059,colon_aca,179,179
train,colon_aca/colonca406.jpeg,1,adenocarcinoma,colonca406,colon_aca,93,93
train,colon_aca/colonca4062.jpeg,1,adenocarcinoma,colonca4062,colon_aca,47,47
train,colon_aca/colonca4063.jpeg,1,adenocarcinoma,colonca4063,colon_aca,47,47
train,colon_aca/colonca4064.jpeg,1,adenocarcinoma,colonca4064,colon_aca,72,72
train,colon_aca/colonca4065.jpeg,1,adenocarcinoma,colonca4065,colon_aca,56,56
train,colon_aca/colonca4067.jpeg,1,adenocarcinoma,colonca4067,colon_aca,76,76
train,colon_aca/colonca4068.jpeg,1,adenocarcinoma,colonca4068,colon_aca,234,234
train,colon_aca/colonca4069.jpeg,1,adenocarcinoma,colonca4069,colon_aca,116,116
train,colon_aca/colonca407.jpeg,1,adenocarcinoma,colonca407,colon_aca,211,211
train,colon_aca/colonca4071.jpeg,1,adenocarcinoma,colonca4071,colon_aca,53,53
train,colon_aca/colonca4072.jpeg,1,adenocarcinoma,colonca4072,colon_aca,74,74
train,colon_aca/colonca4073.jpeg,1,adenocarcinoma,colonca4073,colon_aca,74,74
train,colon_aca/colonca4075.jpeg,1,adenocarcinoma,colonca4075,colon_aca,133,133
train,colon_aca/colonca4077.jpeg,1,adenocarcinoma,colonca4077,colon_aca,227,227
train,colon_aca/colonca4079.jpeg,1,adenocarcinoma,colonca4079,colon_aca,198,198
train,colon_aca/colonca408.jpeg,1,adenocarcinoma,colonca408,colon_aca,35,35
train,colon_aca/colonca4080.jpeg,1,adenocarcinoma,colonca4080,colon_aca,164,164
train,colon_aca/colonca4081.jpeg,1,adenocarcinoma,colonca4081,colon_aca,164,164
train,colon_aca/colonca4082.jpeg,1,adenocarcinoma,colonca4082,colon_aca,58,58
train,colon_aca/colonca4083.jpeg,1,adenocarcinoma,colonca4083,colon_aca,229,229
train,colon_aca/colonca4084.jpeg,1,adenocarcinoma,colonca4084,colon_aca,62,62
train,colon_aca/colonca4086.jpeg,1,adenocarcinoma,colonca4086,colon_aca,59,59
train,colon_aca/colonca4088.jpeg,1,adenocarcinoma,colonca4088,colon_aca,161,161
train,colon_aca/colonca4089.jpeg,1,adenocarcinoma,colonca4089,colon_aca,161,161
train,colon_aca/colonca4090.jpeg,1,adenocarcinoma,colonca4090,colon_aca,171,171
train,colon_aca/colonca4092.jpeg,1,adenocarcinoma,colonca4092,colon_aca,237,237
train,colon_aca/colonca4094.jpeg,1,adenocarcinoma,colonca4094,colon_aca,219,219
train,colon_aca/colonca4095.jpeg,1,adenocarcinoma,colonca4095,colon_aca,95,95
train,colon_aca/colonca4096.jpeg,1,adenocarcinoma,colonca4096,colon_aca,21,21
train,colon_aca/colonca4097.jpeg,1,adenocarcinoma,colonca4097,colon_aca,50,50
train,colon_aca/colonca4098.jpeg,1,adenocarcinoma,colonca4098,colon_aca,142,142
train,colon_aca/colonca4099.jpeg,1,adenocarcinoma,colonca4099,colon_aca,12,12
train,colon_aca/colonca410.jpeg,1,adenocarcinoma,colonca410,colon_aca,80,80
train,colon_aca/colonca4100.jpeg,1,adenocarcinoma,colonca4100,colon_aca,12,12
train,colon_aca/colonca4101.jpeg,1,adenocarcinoma,colonca4101,colon_aca,1,1
train,colon_aca/colonca4102.jpeg,1,adenocarcinoma,colonca4102,colon_aca,63,63
train,colon_aca/colonca4103.jpeg,1,adenocarcinoma,colonca4103,colon_aca,20,20
train,colon_aca/colonca4104.jpeg,1,adenocarcinoma,colonca4104,colon_aca,20,20
train,colon_aca/colonca4105.jpeg,1,adenocarcinoma,colonca4105,colon_aca,32,32
train,colon_aca/colonca4107.jpeg,1,adenocarcinoma,colonca4107,colon_aca,7,7
train,colon_aca/colonca4108.jpeg,1,adenocarcinoma,colonca4108,colon_aca,7,7
train,colon_aca/colonca4109.jpeg,1,adenocarcinoma,colonca4109,colon_aca,77,77
train,colon_aca/colonca411.jpeg,1,adenocarcinoma,colonca411,colon_aca,90,90
train,colon_aca/colonca4110.jpeg,1,adenocarcinoma,colonca4110,colon_aca,231,231
train,colon_aca/colonca4111.jpeg,1,adenocarcinoma,colonca4111,colon_aca,41,41
train,colon_aca/colonca4116.jpeg,1,adenocarcinoma,colonca4116,colon_aca,101,101
train,colon_aca/colonca4117.jpeg,1,adenocarcinoma,colonca4117,colon_aca,101,101
train,colon_aca/colonca4118.jpeg,1,adenocarcinoma,colonca4118,colon_aca,28,28
train,colon_aca/colonca4119.jpeg,1,adenocarcinoma,colonca4119,colon_aca,37,37
train,colon_aca/colonca412.jpeg,1,adenocarcinoma,colonca412,colon_aca,11,11
train,colon_aca/colonca4120.jpeg,1,adenocarcinoma,colonca4120,colon_aca,54,54
train,colon_aca/colonca4121.jpeg,1,adenocarcinoma,colonca4121,colon_aca,145,145
train,colon_aca/colonca4122.jpeg,1,adenocarcinoma,colonca4122,colon_aca,187,187
train,colon_aca/colonca4123.jpeg,1,adenocarcinoma,colonca4123,colon_aca,204,204
train,colon_aca/colonca4124.jpeg,1,adenocarcinoma,colonca4124,colon_aca,70,70
train,colon_aca/colonca4125.jpeg,1,adenocarcinoma,colonca4125,colon_aca,70,70
train,colon_aca/colonca4126.jpeg,1,adenocarcinoma,colonca4126,colon_aca,198,198
train,colon_aca/colonca4127.jpeg,1,adenocarcinoma,colonca4127,colon_aca,134,134
train,colon_aca/colonca4128.jpeg,1,adenocarcinoma,colonca4128,colon_aca,240,240
train,colon_aca/colonca4129.jpeg,1,adenocarcinoma,colonca4129,colon_aca,48,48
train,colon_aca/colonca413.jpeg,1,adenocarcinoma,colonca413,colon_aca,94,94
train,colon_aca/colonca4130.jpeg,1,adenocarcinoma,colonca4130,colon_aca,48,48
train,colon_aca/colonca4131.jpeg,1,adenocarcinoma,colonca4131,colon_aca,11,11
train,colon_aca/colonca4133.jpeg,1,adenocarcinoma,colonca4133,colon_aca,94,94
train,colon_aca/colonca4134.jpeg,1,adenocarcinoma,colonca4134,colon_aca,94,94
train,colon_aca/colonca4136.jpeg,1,adenocarcinoma,colonca4136,colon_aca,121,121
train,colon_aca/colonca4137.jpeg,1,adenocarcinoma,colonca4137,colon_aca,129,129
train,colon_aca/colonca4139.jpeg,1,adenocarcinoma,colonca4139,colon_aca,170,170
train,colon_aca/colonca414.jpeg,1,adenocarcinoma,colonca414,colon_aca,105,105
train,colon_aca/colonca4140.jpeg,1,adenocarcinoma,colonca4140,colon_aca,44,44
train,colon_aca/colonca4141.jpeg,1,adenocarcinoma,colonca4141,colon_aca,44,44
train,colon_aca/colonca4142.jpeg,1,adenocarcinoma,colonca4142,colon_aca,62,62
train,colon_aca/colonca4143.jpeg,1,adenocarcinoma,colonca4143,colon_aca,205,205
train,colon_aca/colonca4144.jpeg,1,adenocarcinoma,colonca4144,colon_aca,203,203
train,colon_aca/colonca4145.jpeg,1,adenocarcinoma,colonca4145,colon_aca,203,203
train,colon_aca/colonca4148.jpeg,1,adenocarcinoma,colonca4148,colon_aca,14,14
train,colon_aca/colonca4149.jpeg,1,adenocarcinoma,colonca4149,colon_aca,110,110
train,colon_aca/colonca415.jpeg,1,adenocarcinoma,colonca415,colon_aca,121,121
train,colon_aca/colonca4151.jpeg,1,adenocarcinoma,colonca4151,colon_aca,52,52
train,colon_aca/colonca4152.jpeg,1,adenocarcinoma,colonca4152,colon_aca,123,123
train,colon_aca/colonca4153.jpeg,1,adenocarcinoma,colonca4153,colon_aca,136,136
train,colon_aca/colonca4154.jpeg,1,adenocarcinoma,colonca4154,colon_aca,50,50
train,colon_aca/colonca4156.jpeg,1,adenocarcinoma,colonca4156,colon_aca,1,1
train,colon_aca/colonca4157.jpeg,1,adenocarcinoma,colonca4157,colon_aca,1,1
train,colon_aca/colonca4159.jpeg,1,adenocarcinoma,colonca4159,colon_aca,20,20
train,colon_aca/colonca416.jpeg,1,adenocarcinoma,colonca416,colon_aca,121,121
train,colon_aca/colonca4160.jpeg,1,adenocarcinoma,colonca4160,colon_aca,141,141
train,colon_aca/colonca4161.jpeg,1,adenocarcinoma,colonca4161,colon_aca,165,165
train,colon_aca/colonca4165.jpeg,1,adenocarcinoma,colonca4165,colon_aca,163,163
train,colon_aca/colonca4167.jpeg,1,adenocarcinoma,colonca4167,colon_aca,230,230
train,colon_aca/colonca4170.jpeg,1,adenocarcinoma,colonca4170,colon_aca,174,174
train,colon_aca/colonca4171.jpeg,1,adenocarcinoma,colonca4171,colon_aca,76,76
train,colon_aca/colonca4177.jpeg,1,adenocarcinoma,colonca4177,colon_aca,98,98
train,colon_aca/colonca4178.jpeg,1,adenocarcinoma,colonca4178,colon_aca,101,101
train,colon_aca/colonca4179.jpeg,1,adenocarcinoma,colonca4179,colon_aca,22,22
train,colon_aca/colonca418.jpeg,1,adenocarcinoma,colonca418,colon_aca,17,17
train,colon_aca/colonca4180.jpeg,1,adenocarcinoma,colonca4180,colon_aca,53,53
train,colon_aca/colonca4181.jpeg,1,adenocarcinoma,colonca4181,colon_aca,177,177
train,colon_aca/colonca4182.jpeg,1,adenocarcinoma,colonca4182,colon_aca,124,124
train,colon_aca/colonca4183.jpeg,1,adenocarcinoma,colonca4183,colon_aca,124,124
train,colon_aca/colonca4184.jpeg,1,adenocarcinoma,colonca4184,colon_aca,124,124
train,colon_aca/colonca419.jpeg,1,adenocarcinoma,colonca419,colon_aca,206,206
train,colon_aca/colonca4190.jpeg,1,adenocarcinoma,colonca4190,colon_aca,94,94
train,colon_aca/colonca4191.jpeg,1,adenocarcinoma,colonca4191,colon_aca,105,105
train,colon_aca/colonca4192.jpeg,1,adenocarcinoma,colonca4192,colon_aca,121,121
train,colon_aca/colonca4193.jpeg,1,adenocarcinoma,colonca4193,colon_aca,170,170
train,colon_aca/colonca4195.jpeg,1,adenocarcinoma,colonca4195,colon_aca,103,103
train,colon_aca/colonca4196.jpeg,1,adenocarcinoma,colonca4196,colon_aca,107,107
train,colon_aca/colonca4198.jpeg,1,adenocarcinoma,colonca4198,colon_aca,206,206
train,colon_aca/colonca420.jpeg,1,adenocarcinoma,colonca420,colon_aca,206,206
train,colon_aca/colonca4201.jpeg,1,adenocarcinoma,colonca4201,colon_aca,182,182
train,colon_aca/colonca4203.jpeg,1,adenocarcinoma,colonca4203,colon_aca,209,209
train,colon_aca/colonca4204.jpeg,1,adenocarcinoma,colonca4204,colon_aca,219,219
train,colon_aca/colonca4205.jpeg,1,adenocarcinoma,colonca4205,colon_aca,219,219
train,colon_aca/colonca4206.jpeg,1,adenocarcinoma,colonca4206,colon_aca,51,51
train,colon_aca/colonca4207.jpeg,1,adenocarcinoma,colonca4207,colon_aca,21,21
train,colon_aca/colonca4209.jpeg,1,adenocarcinoma,colonca4209,colon_aca,4,4
train,colon_aca/colonca4210.jpeg,1,adenocarcinoma,colonca4210,colon_aca,12,12
train,colon_aca/colonca4211.jpeg,1,adenocarcinoma,colonca4211,colon_aca,12,12
train,colon_aca/colonca4212.jpeg,1,adenocarcinoma,colonca4212,colon_aca,150,150
train,colon_aca/colonca4213.jpeg,1,adenocarcinoma,colonca4213,colon_aca,150,150
train,colon_aca/colonca4216.jpeg,1,adenocarcinoma,colonca4216,colon_aca,63,63
train,colon_aca/colonca4217.jpeg,1,adenocarcinoma,colonca4217,colon_aca,165,165
train,colon_aca/colonca4218.jpeg,1,adenocarcinoma,colonca4218,colon_aca,32,32
train,colon_aca/colonca4219.jpeg,1,adenocarcinoma,colonca4219,colon_aca,32,32
train,colon_aca/colonca4220.jpeg,1,adenocarcinoma,colonca4220,colon_aca,210,210
train,colon_aca/colonca4221.jpeg,1,adenocarcinoma,colonca4221,colon_aca,138,138
train,colon_aca/colonca4223.jpeg,1,adenocarcinoma,colonca4223,colon_aca,230,230
train,colon_aca/colonca4224.jpeg,1,adenocarcinoma,colonca4224,colon_aca,147,147
train,colon_aca/colonca4225.jpeg,1,adenocarcinoma,colonca4225,colon_aca,228,228
train,colon_aca/colonca4226.jpeg,1,adenocarcinoma,colonca4226,colon_aca,89,89
train,colon_aca/colonca4227.jpeg,1,adenocarcinoma,colonca4227,colon_aca,176,176
train,colon_aca/colonca4228.jpeg,1,adenocarcinoma,colonca4228,colon_aca,179,179
train,colon_aca/colonca423.jpeg,1,adenocarcinoma,colonca423,colon_aca,127,127
train,colon_aca/colonca4231.jpeg,1,adenocarcinoma,colonca4231,colon_aca,7,7
train,colon_aca/colonca4233.jpeg,1,adenocarcinoma,colonca4233,colon_aca,234,234
train,colon_aca/colonca4237.jpeg,1,adenocarcinoma,colonca4237,colon_aca,116,116
train,colon_aca/colonca4238.jpeg,1,adenocarcinoma,colonca4238,colon_aca,79,79
train,colon_aca/colonca4239.jpeg,1,adenocarcinoma,colonca4239,colon_aca,28,28
train,colon_aca/colonca424.jpeg,1,adenocarcinoma,colonca424,colon_aca,110,110
train,colon_aca/colonca4240.jpeg,1,adenocarcinoma,colonca4240,colon_aca,212,212
train,colon_aca/colonca4241.jpeg,1,adenocarcinoma,colonca4241,colon_aca,46,46
train,colon_aca/colonca4242.jpeg,1,adenocarcinoma,colonca4242,colon_aca,160,160
train,colon_aca/colonca4243.jpeg,1,adenocarcinoma,colonca4243,colon_aca,226,226
train,colon_aca/colonca4244.jpeg,1,adenocarcinoma,colonca4244,colon_aca,187,187
train,colon_aca/colonca4247.jpeg,1,adenocarcinoma,colonca4247,colon_aca,208,208
train,colon_aca/colonca425.jpeg,1,adenocarcinoma,colonca425,colon_aca,110,110
train,colon_aca/colonca4251.jpeg,1,adenocarcinoma,colonca4251,colon_aca,207,207
train,colon_aca/colonca4252.jpeg,1,adenocarcinoma,colonca4252,colon_aca,107,107
train,colon_aca/colonca4253.jpeg,1,adenocarcinoma,colonca4253,colon_aca,31,31
train,colon_aca/colonca4254.jpeg,1,adenocarcinoma,colonca4254,colon_aca,149,149
train,colon_aca/colonca4255.jpeg,1,adenocarcinoma,colonca4255,colon_aca,149,149
train,colon_aca/colonca4256.jpeg,1,adenocarcinoma,colonca4256,colon_aca,205,205
train,colon_aca/colonca4257.jpeg,1,adenocarcinoma,colonca4257,colon_aca,17,17
train,colon_aca/colonca4258.jpeg,1,adenocarcinoma,colonca4258,colon_aca,17,17
train,colon_aca/colonca4260.jpeg,1,adenocarcinoma,colonca4260,colon_aca,206,206
train,colon_aca/colonca4261.jpeg,1,adenocarcinoma,colonca4261,colon_aca,135,135
train,colon_aca/colonca4262.jpeg,1,adenocarcinoma,colonca4262,colon_aca,168,168
train,colon_aca/colonca4263.jpeg,1,adenocarcinoma,colonca4263,colon_aca,168,168
train,colon_aca/colonca4265.jpeg,1,adenocarcinoma,colonca4265,colon_aca,39,39
train,colon_aca/colonca4268.jpeg,1,adenocarcinoma,colonca4268,colon_aca,189,189
train,colon_aca/colonca4269.jpeg,1,adenocarcinoma,colonca4269,colon_aca,123,123
train,colon_aca/colonca4270.jpeg,1,adenocarcinoma,colonca4270,colon_aca,219,219
train,colon_aca/colonca4271.jpeg,1,adenocarcinoma,colonca4271,colon_aca,95,95
train,colon_aca/colonca4272.jpeg,1,adenocarcinoma,colonca4272,colon_aca,21,21
train,colon_aca/colonca4273.jpeg,1,adenocarcinoma,colonca4273,colon_aca,21,21
train,colon_aca/colonca4274.jpeg,1,adenocarcinoma,colonca4274,colon_aca,21,21
train,colon_aca/colonca4275.jpeg,1,adenocarcinoma,colonca4275,colon_aca,50,50
train,colon_aca/colonca4277.jpeg,1,adenocarcinoma,colonca4277,colon_aca,143,143
train,colon_aca/colonca4278.jpeg,1,adenocarcinoma,colonca4278,colon_aca,4,4
train,colon_aca/colonca4279.jpeg,1,adenocarcinoma,colonca4279,colon_aca,4,4
train,colon_aca/colonca428.jpeg,1,adenocarcinoma,colonca428,colon_aca,189,189
train,colon_aca/colonca4280.jpeg,1,adenocarcinoma,colonca4280,colon_aca,12,12
train,colon_aca/colonca4281.jpeg,1,adenocarcinoma,colonca4281,colon_aca,12,12
train,colon_aca/colonca4282.jpeg,1,adenocarcinoma,colonca4282,colon_aca,1,1
train,colon_aca/colonca4283.jpeg,1,adenocarcinoma,colonca4283,colon_aca,150,150
train,colon_aca/colonca4285.jpeg,1,adenocarcinoma,colonca4285,colon_aca,92,92
train,colon_aca/colonca4286.jpeg,1,adenocarcinoma,colonca4286,colon_aca,165,165
train,colon_aca/colonca4287.jpeg,1,adenocarcinoma,colonca4287,colon_aca,165,165
train,colon_aca/colonca4288.jpeg,1,adenocarcinoma,colonca4288,colon_aca,87,87
train,colon_aca/colonca4289.jpeg,1,adenocarcinoma,colonca4289,colon_aca,34,34
train,colon_aca/colonca429.jpeg,1,adenocarcinoma,colonca429,colon_aca,169,169
train,colon_aca/colonca4290.jpeg,1,adenocarcinoma,colonca4290,colon_aca,130,130
train,colon_aca/colonca4291.jpeg,1,adenocarcinoma,colonca4291,colon_aca,163,163
train,colon_aca/colonca4292.jpeg,1,adenocarcinoma,colonca4292,colon_aca,146,146
train,colon_aca/colonca4293.jpeg,1,adenocarcinoma,colonca4293,colon_aca,89,89
train,colon_aca/colonca4294.jpeg,1,adenocarcinoma,colonca4294,colon_aca,243,243
train,colon_aca/colonca4295.jpeg,1,adenocarcinoma,colonca4295,colon_aca,243,243
train,colon_aca/colonca4296.jpeg,1,adenocarcinoma,colonca4296,colon_aca,99,99
train,colon_aca/colonca4298.jpeg,1,adenocarcinoma,colonca4298,colon_aca,47,47
train,colon_aca/colonca4299.jpeg,1,adenocarcinoma,colonca4299,colon_aca,77,77
train,colon_aca/colonca430.jpeg,1,adenocarcinoma,colonca430,colon_aca,143,143
train,colon_aca/colonca4301.jpeg,1,adenocarcinoma,colonca4301,colon_aca,188,188
train,colon_aca/colonca4302.jpeg,1,adenocarcinoma,colonca4302,colon_aca,202,202
train,colon_aca/colonca4305.jpeg,1,adenocarcinoma,colonca4305,colon_aca,116,116
train,colon_aca/colonca4306.jpeg,1,adenocarcinoma,colonca4306,colon_aca,116,116
train,colon_aca/colonca4308.jpeg,1,adenocarcinoma,colonca4308,colon_aca,98,98
train,colon_aca/colonca4309.jpeg,1,adenocarcinoma,colonca4309,colon_aca,220,220
train,colon_aca/colonca431.jpeg,1,adenocarcinoma,colonca431,colon_aca,12,12
train,colon_aca/colonca4310.jpeg,1,adenocarcinoma,colonca4310,colon_aca,37,37
train,colon_aca/colonca4311.jpeg,1,adenocarcinoma,colonca4311,colon_aca,53,53
train,colon_aca/colonca4312.jpeg,1,adenocarcinoma,colonca4312,colon_aca,42,42
train,colon_aca/colonca4313.jpeg,1,adenocarcinoma,colonca4313,colon_aca,133,133
train,colon_aca/colonca4318.jpeg,1,adenocarcinoma,colonca4318,colon_aca,80,80
train,colon_aca/colonca4319.jpeg,1,adenocarcinoma,colonca4319,colon_aca,80,80
train,colon_aca/colonca432.jpeg,1,adenocarcinoma,colonca432,colon_aca,12,12
train,colon_aca/colonca4320.jpeg,1,adenocarcinoma,colonca4320,colon_aca,11,11
train,colon_aca/colonca4322.jpeg,1,adenocarcinoma,colonca4322,colon_aca,129,129
train,colon_aca/colonca4323.jpeg,1,adenocarcinoma,colonca4323,colon_aca,170,170
train,colon_aca/colonca4324.jpeg,1,adenocarcinoma,colonca4324,colon_aca,62,62
train,colon_aca/colonca4326.jpeg,1,adenocarcinoma,colonca4326,colon_aca,166,166
train,colon_aca/colonca4327.jpeg,1,adenocarcinoma,colonca4327,colon_aca,135,135
train,colon_aca/colonca4328.jpeg,1,adenocarcinoma,colonca4328,colon_aca,209,209
train,colon_aca/colonca4329.jpeg,1,adenocarcinoma,colonca4329,colon_aca,192,192
train,colon_aca/colonca433.jpeg,1,adenocarcinoma,colonca433,colon_aca,217,217
train,colon_aca/colonca4330.jpeg,1,adenocarcinoma,colonca4330,colon_aca,168,168
train,colon_aca/colonca4332.jpeg,1,adenocarcinoma,colonca4332,colon_aca,39,39
train,colon_aca/colonca4334.jpeg,1,adenocarcinoma,colonca4334,colon_aca,247,247
train,colon_aca/colonca4336.jpeg,1,adenocarcinoma,colonca4336,colon_aca,219,219
train,colon_aca/colonca4337.jpeg,1,adenocarcinoma,colonca4337,colon_aca,50,50
train,colon_aca/colonca4338.jpeg,1,adenocarcinoma,colonca4338,colon_aca,153,153
train,colon_aca/colonca4339.jpeg,1,adenocarcinoma,colonca4339,colon_aca,165,165
train,colon_aca/colonca434.jpeg,1,adenocarcinoma,colonca434,colon_aca,61,61
train,colon_aca/colonca4340.jpeg,1,adenocarcinoma,colonca4340,colon_aca,106,106
train,colon_aca/colonca4341.jpeg,1,adenocarcinoma,colonca4341,colon_aca,210,210
train,colon_aca/colonca4342.jpeg,1,adenocarcinoma,colonca4342,colon_aca,87,87
train,colon_aca/colonca4344.jpeg,1,adenocarcinoma,colonca4344,colon_aca,2,2
train,colon_aca/colonca4345.jpeg,1,adenocarcinoma,colonca4345,colon_aca,89,89
train,colon_aca/colonca4346.jpeg,1,adenocarcinoma,colonca4346,colon_aca,99,99
train,colon_aca/colonca4348.jpeg,1,adenocarcinoma,colonca4348,colon_aca,77,77
train,colon_aca/colonca435.jpeg,1,adenocarcinoma,colonca435,colon_aca,152,152
train,colon_aca/colonca4350.jpeg,1,adenocarcinoma,colonca4350,colon_aca,248,248
train,colon_aca/colonca4351.jpeg,1,adenocarcinoma,colonca4351,colon_aca,208,208
train,colon_aca/colonca4355.jpeg,1,adenocarcinoma,colonca4355,colon_aca,49,49
train,colon_aca/colonca4356.jpeg,1,adenocarcinoma,colonca4356,colon_aca,218,218
train,colon_aca/colonca4357.jpeg,1,adenocarcinoma,colonca4357,colon_aca,85,85
train,colon_aca/colonca4359.jpeg,1,adenocarcinoma,colonca4359,colon_aca,212,212
train,colon_aca/colonca436.jpeg,1,adenocarcinoma,colonca436,colon_aca,130,130
train,colon_aca/colonca4360.jpeg,1,adenocarcinoma,colonca4360,colon_aca,212,212
train,colon_aca/colonca4361.jpeg,1,adenocarcinoma,colonca4361,colon_aca,74,74
train,colon_aca/colonca4362.jpeg,1,adenocarcinoma,colonca4362,colon_aca,211,211
train,colon_aca/colonca4363.jpeg,1,adenocarcinoma,colonca4363,colon_aca,133,133
train,colon_aca/colonca4364.jpeg,1,adenocarcinoma,colonca4364,colon_aca,177,177
train,colon_aca/colonca4365.jpeg,1,adenocarcinoma,colonca4365,colon_aca,177,177
train,colon_aca/colonca4366.jpeg,1,adenocarcinoma,colonca4366,colon_aca,70,70
train,colon_aca/colonca4367.jpeg,1,adenocarcinoma,colonca4367,colon_aca,78,78
train,colon_aca/colonca4368.jpeg,1,adenocarcinoma,colonca4368,colon_aca,90,90
train,colon_aca/colonca4369.jpeg,1,adenocarcinoma,colonca4369,colon_aca,48,48
train,colon_aca/colonca437.jpeg,1,adenocarcinoma,colonca437,colon_aca,102,102
train,colon_aca/colonca4370.jpeg,1,adenocarcinoma,colonca4370,colon_aca,94,94
train,colon_aca/colonca4371.jpeg,1,adenocarcinoma,colonca4371,colon_aca,207,207
train,colon_aca/colonca4372.jpeg,1,adenocarcinoma,colonca4372,colon_aca,170,170
train,colon_aca/colonca4374.jpeg,1,adenocarcinoma,colonca4374,colon_aca,203,203
train,colon_aca/colonca4377.jpeg,1,adenocarcinoma,colonca4377,colon_aca,135,135
train,colon_aca/colonca4378.jpeg,1,adenocarcinoma,colonca4378,colon_aca,182,182
train,colon_aca/colonca4379.jpeg,1,adenocarcinoma,colonca4379,colon_aca,182,182
train,colon_aca/colonca438.jpeg,1,adenocarcinoma,colonca438,colon_aca,179,179
train,colon_aca/colonca4380.jpeg,1,adenocarcinoma,colonca4380,colon_aca,171,171
train,colon_aca/colonca4382.jpeg,1,adenocarcinoma,colonca4382,colon_aca,39,39
train,colon_aca/colonca4383.jpeg,1,adenocarcinoma,colonca4383,colon_aca,39,39
train,colon_aca/colonca4384.jpeg,1,adenocarcinoma,colonca4384,colon_aca,237,237
train,colon_aca/colonca4385.jpeg,1,adenocarcinoma,colonca4385,colon_aca,123,123
train,colon_aca/colonca4386.jpeg,1,adenocarcinoma,colonca4386,colon_aca,136,136
train,colon_aca/colonca4387.jpeg,1,adenocarcinoma,colonca4387,colon_aca,21,21
train,colon_aca/colonca4388.jpeg,1,adenocarcinoma,colonca4388,colon_aca,57,57
train,colon_aca/colonca439.jpeg,1,adenocarcinoma,colonca439,colon_aca,99,99
train,colon_aca/colonca4390.jpeg,1,adenocarcinoma,colonca4390,colon_aca,12,12
train,colon_aca/colonca4391.jpeg,1,adenocarcinoma,colonca4391,colon_aca,12,12
train,colon_aca/colonca4392.jpeg,1,adenocarcinoma,colonca4392,colon_aca,217,217
train,colon_aca/colonca4393.jpeg,1,adenocarcinoma,colonca4393,colon_aca,153,153
train,colon_aca/colonca4394.jpeg,1,adenocarcinoma,colonca4394,colon_aca,141,141
train,colon_aca/colonca4395.jpeg,1,adenocarcinoma,colonca4395,colon_aca,126,126
train,colon_aca/colonca4396.jpeg,1,adenocarcinoma,colonca4396,colon_aca,43,43
train,colon_aca/colonca4397.jpeg,1,adenocarcinoma,colonca4397,colon_aca,64,64
train,colon_aca/colonca4398.jpeg,1,adenocarcinoma,colonca4398,colon_aca,230,230
train,colon_aca/colonca4399.jpeg,1,adenocarcinoma,colonca4399,colon_aca,230,230
train,colon_aca/colonca440.jpeg,1,adenocarcinoma,colonca440,colon_aca,222,222
train,colon_aca/colonca4400.jpeg,1,adenocarcinoma,colonca4400,colon_aca,147,147
train,colon_aca/colonca4401.jpeg,1,adenocarcinoma,colonca4401,colon_aca,91,91
train,colon_aca/colonca4402.jpeg,1,adenocarcinoma,colonca4402,colon_aca,99,99
train,colon_aca/colonca4403.jpeg,1,adenocarcinoma,colonca4403,colon_aca,41,41
train,colon_aca/colonca4404.jpeg,1,adenocarcinoma,colonca4404,colon_aca,65,65
train,colon_aca/colonca4405.jpeg,1,adenocarcinoma,colonca4405,colon_aca,122,122
train,colon_aca/colonca4408.jpeg,1,adenocarcinoma,colonca4408,colon_aca,116,116
train,colon_aca/colonca4409.jpeg,1,adenocarcinoma,colonca4409,colon_aca,49,49
train,colon_aca/colonca4410.jpeg,1,adenocarcinoma,colonca4410,colon_aca,85,85
train,colon_aca/colonca4411.jpeg,1,adenocarcinoma,colonca4411,colon_aca,37,37
train,colon_aca/colonca4412.jpeg,1,adenocarcinoma,colonca4412,colon_aca,26,26
train,colon_aca/colonca4414.jpeg,1,adenocarcinoma,colonca4414,colon_aca,186,186
train,colon_aca/colonca4416.jpeg,1,adenocarcinoma,colonca4416,colon_aca,46,46
train,colon_aca/colonca4417.jpeg,1,adenocarcinoma,colonca4417,colon_aca,160,160
train,colon_aca/colonca4419.jpeg,1,adenocarcinoma,colonca4419,colon_aca,128,128
train,colon_aca/colonca4420.jpeg,1,adenocarcinoma,colonca4420,colon_aca,226,226
train,colon_aca/colonca4421.jpeg,1,adenocarcinoma,colonca4421,colon_aca,242,242
train,colon_aca/colonca4422.jpeg,1,adenocarcinoma,colonca4422,colon_aca,70,70
train,colon_aca/colonca4423.jpeg,1,adenocarcinoma,colonca4423,colon_aca,3,3
train,colon_aca/colonca4424.jpeg,1,adenocarcinoma,colonca4424,colon_aca,134,134
train,colon_aca/colonca4425.jpeg,1,adenocarcinoma,colonca4425,colon_aca,208,208
train,colon_aca/colonca4430.jpeg,1,adenocarcinoma,colonca4430,colon_aca,207,207
train,colon_aca/colonca4432.jpeg,1,adenocarcinoma,colonca4432,colon_aca,44,44
train,colon_aca/colonca4434.jpeg,1,adenocarcinoma,colonca4434,colon_aca,81,81
train,colon_aca/colonca4435.jpeg,1,adenocarcinoma,colonca4435,colon_aca,206,206
train,colon_aca/colonca4439.jpeg,1,adenocarcinoma,colonca4439,colon_aca,127,127
train,colon_aca/colonca444.jpeg,1,adenocarcinoma,colonca444,colon_aca,238,238
train,colon_aca/colonca4443.jpeg,1,adenocarcinoma,colonca4443,colon_aca,192,192
train,colon_aca/colonca4444.jpeg,1,adenocarcinoma,colonca4444,colon_aca,221,221
train,colon_aca/colonca4445.jpeg,1,adenocarcinoma,colonca4445,colon_aca,168,168
train,colon_aca/colonca4446.jpeg,1,adenocarcinoma,colonca4446,colon_aca,39,39
train,colon_aca/colonca4448.jpeg,1,adenocarcinoma,colonca4448,colon_aca,247,247
train,colon_aca/colonca4449.jpeg,1,adenocarcinoma,colonca4449,colon_aca,40,40
train,colon_aca/colonca445.jpeg,1,adenocarcinoma,colonca445,colon_aca,77,77
train,colon_aca/colonca4450.jpeg,1,adenocarcinoma,colonca4450,colon_aca,237,237
train,colon_aca/colonca4451.jpeg,1,adenocarcinoma,colonca4451,colon_aca,123,123
train,colon_aca/colonca4452.jpeg,1,adenocarcinoma,colonca4452,colon_aca,123,123
train,colon_aca/colonca4453.jpeg,1,adenocarcinoma,colonca4453,colon_aca,51,51
train,colon_aca/colonca4454.jpeg,1,adenocarcinoma,colonca4454,colon_aca,169,169
train,colon_aca/colonca4456.jpeg,1,adenocarcinoma,colonca4456,colon_aca,225,225
train,colon_aca/colonca4457.jpeg,1,adenocarcinoma,colonca4457,colon_aca,4,4
train,colon_aca/colonca4458.jpeg,1,adenocarcinoma,colonca4458,colon_aca,12,12
train,colon_aca/colonca4459.jpeg,1,adenocarcinoma,colonca4459,colon_aca,92,92
train,colon_aca/colonca446.jpeg,1,adenocarcinoma,colonca446,colon_aca,208,208
train,colon_aca/colonca4460.jpeg,1,adenocarcinoma,colonca4460,colon_aca,63,63
train,colon_aca/colonca4461.jpeg,1,adenocarcinoma,colonca4461,colon_aca,20,20
train,colon_aca/colonca4462.jpeg,1,adenocarcinoma,colonca4462,colon_aca,32,32
train,colon_aca/colonca4465.jpeg,1,adenocarcinoma,colonca4465,colon_aca,130,130
train,colon_aca/colonca4466.jpeg,1,adenocarcinoma,colonca4466,colon_aca,91,91
train,colon_aca/colonca4467.jpeg,1,adenocarcinoma,colonca4467,colon_aca,91,91
train,colon_aca/colonca4468.jpeg,1,adenocarcinoma,colonca4468,colon_aca,72,72
train,colon_aca/colonca4469.jpeg,1,adenocarcinoma,colonca4469,colon_aca,231,231
train,colon_aca/colonca447.jpeg,1,adenocarcinoma,colonca447,colon_aca,122,122
train,colon_aca/colonca4471.jpeg,1,adenocarcinoma,colonca4471,colon_aca,116,116
train,colon_aca/colonca4473.jpeg,1,adenocarcinoma,colonca4473,colon_aca,82,82
train,colon_aca/colonca4474.jpeg,1,adenocarcinoma,colonca4474,colon_aca,82,82
train,colon_aca/colonca4475.jpeg,1,adenocarcinoma,colonca4475,colon_aca,42,42
train,colon_aca/colonca4478.jpeg,1,adenocarcinoma,colonca4478,colon_aca,35,35
train,colon_aca/colonca4480.jpeg,1,adenocarcinoma,colonca4480,colon_aca,78,78
train,colon_aca/colonca4481.jpeg,1,adenocarcinoma,colonca4481,colon_aca,94,94
train,colon_aca/colonca4483.jpeg,1,adenocarcinoma,colonca4483,colon_aca,121,121
train,colon_aca/colonca4485.jpeg,1,adenocarcinoma,colonca4485,colon_aca,207,207
train,colon_aca/colonca4486.jpeg,1,adenocarcinoma,colonca4486,colon_aca,207,207
train,colon_aca/colonca4488.jpeg,1,adenocarcinoma,colonca4488,colon_aca,88,88
train,colon_aca/colonca4489.jpeg,1,adenocarcinoma,colonca4489,colon_aca,149,149
train,colon_aca/colonca449.jpeg,1,adenocarcinoma,colonca449,colon_aca,116,116
train,colon_aca/colonca4490.jpeg,1,adenocarcinoma,colonca4490,colon_aca,8,8
train,colon_aca/colonca4491.jpeg,1,adenocarcinoma,colonca4491,colon_aca,8,8
train,colon_aca/colonca4492.jpeg,1,adenocarcinoma,colonca4492,colon_aca,127,127
train,colon_aca/colonca4493.jpeg,1,adenocarcinoma,colonca4493,colon_aca,29,29
train,colon_aca/colonca4494.jpeg,1,adenocarcinoma,colonca4494,colon_aca,192,192
train,colon_aca/colonca4495.jpeg,1,adenocarcinoma,colonca4495,colon_aca,157,157
train,colon_aca/colonca4497.jpeg,1,adenocarcinoma,colonca4497,colon_aca,52,52
train,colon_aca/colonca4498.jpeg,1,adenocarcinoma,colonca4498,colon_aca,189,189
train,colon_aca/colonca4499.jpeg,1,adenocarcinoma,colonca4499,colon_aca,123,123
train,colon_aca/colonca450.jpeg,1,adenocarcinoma,colonca450,colon_aca,116,116
train,colon_aca/colonca4500.jpeg,1,adenocarcinoma,colonca4500,colon_aca,123,123
train,colon_aca/colonca4501.jpeg,1,adenocarcinoma,colonca4501,colon_aca,219,219
train,colon_aca/colonca4502.jpeg,1,adenocarcinoma,colonca4502,colon_aca,136,136
train,colon_aca/colonca4503.jpeg,1,adenocarcinoma,colonca4503,colon_aca,51,51
train,colon_aca/colonca4504.jpeg,1,adenocarcinoma,colonca4504,colon_aca,51,51
train,colon_aca/colonca4505.jpeg,1,adenocarcinoma,colonca4505,colon_aca,169,169
train,colon_aca/colonca4506.jpeg,1,adenocarcinoma,colonca4506,colon_aca,1,1
train,colon_aca/colonca4507.jpeg,1,adenocarcinoma,colonca4507,colon_aca,100,100
train,colon_aca/colonca4509.jpeg,1,adenocarcinoma,colonca4509,colon_aca,34,34
train,colon_aca/colonca451.jpeg,1,adenocarcinoma,colonca451,colon_aca,49,49
train,colon_aca/colonca4510.jpeg,1,adenocarcinoma,colonca4510,colon_aca,86,86
train,colon_aca/colonca4511.jpeg,1,adenocarcinoma,colonca4511,colon_aca,130,130
train,colon_aca/colonca4512.jpeg,1,adenocarcinoma,colonca4512,colon_aca,64,64
train,colon_aca/colonca4513.jpeg,1,adenocarcinoma,colonca4513,colon_aca,64,64
train,colon_aca/colonca4516.jpeg,1,adenocarcinoma,colonca4516,colon_aca,102,102
train,colon_aca/colonca4517.jpeg,1,adenocarcinoma,colonca4517,colon_aca,222,222
train,colon_aca/colonca452.jpeg,1,adenocarcinoma,colonca452,colon_aca,218,218
train,colon_aca/colonca4520.jpeg,1,adenocarcinoma,colonca4520,colon_aca,231,231
train,colon_aca/colonca4521.jpeg,1,adenocarcinoma,colonca4521,colon_aca,231,231
train,colon_aca/colonca4523.jpeg,1,adenocarcinoma,colonca4523,colon_aca,188,188
train,colon_aca/colonca4524.jpeg,1,adenocarcinoma,colonca4524,colon_aca,41,41
train,colon_aca/colonca4525.jpeg,1,adenocarcinoma,colonca4525,colon_aca,122,122
train,colon_aca/colonca453.jpeg,1,adenocarcinoma,colonca453,colon_aca,79,79
train,colon_aca/colonca4535.jpeg,1,adenocarcinoma,colonca4535,colon_aca,220,220
train,colon_aca/colonca4536.jpeg,1,adenocarcinoma,colonca4536,colon_aca,37,37
train,colon_aca/colonca4537.jpeg,1,adenocarcinoma,colonca4537,colon_aca,42,42
train,colon_aca/colonca4538.jpeg,1,adenocarcinoma,colonca4538,colon_aca,42,42
train,colon_aca/colonca4539.jpeg,1,adenocarcinoma,colonca4539,colon_aca,178,178
train,colon_aca/colonca454.jpeg,1,adenocarcinoma,colonca454,colon_aca,145,145
train,colon_aca/colonca4540.jpeg,1,adenocarcinoma,colonca4540,colon_aca,178,178
train,colon_aca/colonca4542.jpeg,1,adenocarcinoma,colonca4542,colon_aca,133,133
train,colon_aca/colonca4543.jpeg,1,adenocarcinoma,colonca4543,colon_aca,27,27
train,colon_aca/colonca4546.jpeg,1,adenocarcinoma,colonca4546,colon_aca,164,164
train,colon_aca/colonca4547.jpeg,1,adenocarcinoma,colonca4547,colon_aca,191,191
train,colon_aca/colonca4548.jpeg,1,adenocarcinoma,colonca4548,colon_aca,11,11
train,colon_aca/colonca4549.jpeg,1,adenocarcinoma,colonca4549,colon_aca,58,58
train,colon_aca/colonca455.jpeg,1,adenocarcinoma,colonca455,colon_aca,178,178
train,colon_aca/colonca4550.jpeg,1,adenocarcinoma,colonca4550,colon_aca,94,94
train,colon_aca/colonca4551.jpeg,1,adenocarcinoma,colonca4551,colon_aca,94,94
train,colon_aca/colonca4555.jpeg,1,adenocarcinoma,colonca4555,colon_aca,203,203
train,colon_aca/colonca4556.jpeg,1,adenocarcinoma,colonca4556,colon_aca,206,206
train,colon_aca/colonca456.jpeg,1,adenocarcinoma,colonca456,colon_aca,160,160
train,colon_aca/colonca4560.jpeg,1,adenocarcinoma,colonca4560,colon_aca,14,14
train,colon_aca/colonca4561.jpeg,1,adenocarcinoma,colonca4561,colon_aca,29,29
train,colon_aca/colonca4562.jpeg,1,adenocarcinoma,colonca4562,colon_aca,40,40
train,colon_aca/colonca4565.jpeg,1,adenocarcinoma,colonca4565,colon_aca,21,21
train,colon_aca/colonca4566.jpeg,1,adenocarcinoma,colonca4566,colon_aca,150,150
train,colon_aca/colonca4567.jpeg,1,adenocarcinoma,colonca4567,colon_aca,86,86
train,colon_aca/colonca4569.jpeg,1,adenocarcinoma,colonca4569,colon_aca,64,64
train,colon_aca/colonca457.jpeg,1,adenocarcinoma,colonca457,colon_aca,160,160
train,colon_aca/colonca4571.jpeg,1,adenocarcinoma,colonca4571,colon_aca,102,102
train,colon_aca/colonca4572.jpeg,1,adenocarcinoma,colonca4572,colon_aca,7,7
train,colon_aca/colonca4573.jpeg,1,adenocarcinoma,colonca4573,colon_aca,151,151
train,colon_aca/colonca4575.jpeg,1,adenocarcinoma,colonca4575,colon_aca,238,238
train,colon_aca/colonca4576.jpeg,1,adenocarcinoma,colonca4576,colon_aca,238,238
train,colon_aca/colonca4578.jpeg,1,adenocarcinoma,colonca4578,colon_aca,234,234
train,colon_aca/colonca4579.jpeg,1,adenocarcinoma,colonca4579,colon_aca,234,234
train,colon_aca/colonca4586.jpeg,1,adenocarcinoma,colonca4586,colon_aca,98,98
train,colon_aca/colonca4587.jpeg,1,adenocarcinoma,colonca4587,colon_aca,85,85
train,colon_aca/colonca4588.jpeg,1,adenocarcinoma,colonca4588,colon_aca,26,26
train,colon_aca/colonca4589.jpeg,1,adenocarcinoma,colonca4589,colon_aca,74,74
train,colon_aca/colonca459.jpeg,1,adenocarcinoma,colonca459,colon_aca,133,133
train,colon_aca/colonca4590.jpeg,1,adenocarcinoma,colonca4590,colon_aca,74,74
train,colon_aca/colonca4591.jpeg,1,adenocarcinoma,colonca4591,colon_aca,93,93
train,colon_aca/colonca4593.jpeg,1,adenocarcinoma,colonca4593,colon_aca,187,187
train,colon_aca/colonca4594.jpeg,1,adenocarcinoma,colonca4594,colon_aca,3,3
train,colon_aca/colonca4595.jpeg,1,adenocarcinoma,colonca4595,colon_aca,80,80
train,colon_aca/colonca4596.jpeg,1,adenocarcinoma,colonca4596,colon_aca,240,240
train,colon_aca/colonca4599.jpeg,1,adenocarcinoma,colonca4599,colon_aca,164,164
train,colon_aca/colonca4600.jpeg,1,adenocarcinoma,colonca4600,colon_aca,48,48
train,colon_aca/colonca4602.jpeg,1,adenocarcinoma,colonca4602,colon_aca,185,185
train,colon_aca/colonca4603.jpeg,1,adenocarcinoma,colonca4603,colon_aca,185,185
train,colon_aca/colonca4604.jpeg,1,adenocarcinoma,colonca4604,colon_aca,207,207
train,colon_aca/colonca4605.jpeg,1,adenocarcinoma,colonca4605,colon_aca,103,103
train,colon_aca/colonca4606.jpeg,1,adenocarcinoma,colonca4606,colon_aca,88,88
train,colon_aca/colonca4607.jpeg,1,adenocarcinoma,colonca4607,colon_aca,88,88
train,colon_aca/colonca4608.jpeg,1,adenocarcinoma,colonca4608,colon_aca,149,149
train,colon_aca/colonca4609.jpeg,1,adenocarcinoma,colonca4609,colon_aca,17,17
train,colon_aca/colonca461.jpeg,1,adenocarcinoma,colonca461,colon_aca,70,70
train,colon_aca/colonca4611.jpeg,1,adenocarcinoma,colonca4611,colon_aca,166,166
train,colon_aca/colonca4612.jpeg,1,adenocarcinoma,colonca4612,colon_aca,135,135
train,colon_aca/colonca4613.jpeg,1,adenocarcinoma,colonca4613,colon_aca,182,182
train,colon_aca/colonca4614.jpeg,1,adenocarcinoma,colonca4614,colon_aca,157,157
train,colon_aca/colonca4615.jpeg,1,adenocarcinoma,colonca4615,colon_aca,157,157
train,colon_aca/colonca4616.jpeg,1,adenocarcinoma,colonca4616,colon_aca,39,39
train,colon_aca/colonca4618.jpeg,1,adenocarcinoma,colonca4618,colon_aca,123,123
train,colon_aca/colonca4619.jpeg,1,adenocarcinoma,colonca4619,colon_aca,245,245
train,colon_aca/colonca4620.jpeg,1,adenocarcinoma,colonca4620,colon_aca,197,197
train,colon_aca/colonca4621.jpeg,1,adenocarcinoma,colonca4621,colon_aca,1,1
train,colon_aca/colonca4622.jpeg,1,adenocarcinoma,colonca4622,colon_aca,153,153
train,colon_aca/colonca4623.jpeg,1,adenocarcinoma,colonca4623,colon_aca,63,63
train,colon_aca/colonca4624.jpeg,1,adenocarcinoma,colonca4624,colon_aca,141,141
train,colon_aca/colonca4626.jpeg,1,adenocarcinoma,colonca4626,colon_aca,86,86
train,colon_aca/colonca4628.jpeg,1,adenocarcinoma,colonca4628,colon_aca,146,146
train,colon_aca/colonca463.jpeg,1,adenocarcinoma,colonca463,colon_aca,208,208
train,colon_aca/colonca4630.jpeg,1,adenocarcinoma,colonca4630,colon_aca,228,228
train,colon_aca/colonca4631.jpeg,1,adenocarcinoma,colonca4631,colon_aca,91,91
train,colon_aca/colonca4633.jpeg,1,adenocarcinoma,colonca4633,colon_aca,56,56
train,colon_aca/colonca4634.jpeg,1,adenocarcinoma,colonca4634,colon_aca,151,151
train,colon_aca/colonca4638.jpeg,1,adenocarcinoma,colonca4638,colon_aca,231,231
train,colon_aca/colonca4644.jpeg,1,adenocarcinoma,colonca4644,colon_aca,113,113
train,colon_aca/colonca4646.jpeg,1,adenocarcinoma,colonca4646,colon_aca,101,101
train,colon_aca/colonca4647.jpeg,1,adenocarcinoma,colonca4647,colon_aca,101,101
train,colon_aca/colonca4648.jpeg,1,adenocarcinoma,colonca4648,colon_aca,101,101
train,colon_aca/colonca4649.jpeg,1,adenocarcinoma,colonca4649,colon_aca,79,79
train,colon_aca/colonca465.jpeg,1,adenocarcinoma,colonca465,colon_aca,164,164
train,colon_aca/colonca4651.jpeg,1,adenocarcinoma,colonca4651,colon_aca,54,54
train,colon_aca/colonca4652.jpeg,1,adenocarcinoma,colonca4652,colon_aca,212,212
train,colon_aca/colonca4653.jpeg,1,adenocarcinoma,colonca4653,colon_aca,160,160
train,colon_aca/colonca4655.jpeg,1,adenocarcinoma,colonca4655,colon_aca,3,3
train,colon_aca/colonca4657.jpeg,1,adenocarcinoma,colonca4657,colon_aca,90,90
train,colon_aca/colonca4659.jpeg,1,adenocarcinoma,colonca4659,colon_aca,164,164
train,colon_aca/colonca466.jpeg,1,adenocarcinoma,colonca466,colon_aca,11,11
train,colon_aca/colonca4661.jpeg,1,adenocarcinoma,colonca4661,colon_aca,105,105
train,colon_aca/colonca4662.jpeg,1,adenocarcinoma,colonca4662,colon_aca,121,121
train,colon_aca/colonca4665.jpeg,1,adenocarcinoma,colonca4665,colon_aca,107,107
train,colon_aca/colonca4666.jpeg,1,adenocarcinoma,colonca4666,colon_aca,31,31
train,colon_aca/colonca4670.jpeg,1,adenocarcinoma,colonca4670,colon_aca,166,166
train,colon_aca/colonca4671.jpeg,1,adenocarcinoma,colonca4671,colon_aca,135,135
train,colon_aca/colonca4672.jpeg,1,adenocarcinoma,colonca4672,colon_aca,135,135
train,colon_aca/colonca4673.jpeg,1,adenocarcinoma,colonca4673,colon_aca,135,135
train,colon_aca/colonca4674.jpeg,1,adenocarcinoma,colonca4674,colon_aca,29,29
train,colon_aca/colonca4675.jpeg,1,adenocarcinoma,colonca4675,colon_aca,192,192
train,colon_aca/colonca4676.jpeg,1,adenocarcinoma,colonca4676,colon_aca,221,221
train,colon_aca/colonca4677.jpeg,1,adenocarcinoma,colonca4677,colon_aca,123,123
train,colon_aca/colonca4678.jpeg,1,adenocarcinoma,colonca4678,colon_aca,219,219
train,colon_aca/colonca468.jpeg,1,adenocarcinoma,colonca468,colon_aca,185,185
train,colon_aca/colonca4680.jpeg,1,adenocarcinoma,colonca4680,colon_aca,21,21
train,colon_aca/colonca4682.jpeg,1,adenocarcinoma,colonca4682,colon_aca,4,4
train,colon_aca/colonca4684.jpeg,1,adenocarcinoma,colonca4684,colon_aca,92,92
train,colon_aca/colonca4685.jpeg,1,adenocarcinoma,colonca4685,colon_aca,63,63
train,colon_aca/colonca4686.jpeg,1,adenocarcinoma,colonca4686,colon_aca,63,63
train,colon_aca/colonca4687.jpeg,1,adenocarcinoma,colonca4687,colon_aca,106,106
train,colon_aca/colonca4688.jpeg,1,adenocarcinoma,colonca4688,colon_aca,34,34
train,colon_aca/colonca469.jpeg,1,adenocarcinoma,colonca469,colon_aca,121,121
train,colon_aca/colonca4692.jpeg,1,adenocarcinoma,colonca4692,colon_aca,64,64
train,colon_aca/colonca4693.jpeg,1,adenocarcinoma,colonca4693,colon_aca,64,64
train,colon_aca/colonca4694.jpeg,1,adenocarcinoma,colonca4694,colon_aca,64,64
train,colon_aca/colonca4695.jpeg,1,adenocarcinoma,colonca4695,colon_aca,243,243
train,colon_aca/colonca4696.jpeg,1,adenocarcinoma,colonca4696,colon_aca,243,243
train,colon_aca/colonca4698.jpeg,1,adenocarcinoma,colonca4698,colon_aca,231,231
train,colon_aca/colonca4706.jpeg,1,adenocarcinoma,colonca4706,colon_aca,116,116
train,colon_aca/colonca4707.jpeg,1,adenocarcinoma,colonca4707,colon_aca,98,98
train,colon_aca/colonca4709.jpeg,1,adenocarcinoma,colonca4709,colon_aca,220,220
train,colon_aca/colonca471.jpeg,1,adenocarcinoma,colonca471,colon_aca,170,170
train,colon_aca/colonca4710.jpeg,1,adenocarcinoma,colonca4710,colon_aca,26,26
train,colon_aca/colonca4711.jpeg,1,adenocarcinoma,colonca4711,colon_aca,54,54
train,colon_aca/colonca4713.jpeg,1,adenocarcinoma,colonca4713,colon_aca,46,46
train,colon_aca/colonca4714.jpeg,1,adenocarcinoma,colonca4714,colon_aca,133,133
train,colon_aca/colonca4715.jpeg,1,adenocarcinoma,colonca4715,colon_aca,133,133
train,colon_aca/colonca4716.jpeg,1,adenocarcinoma,colonca4716,colon_aca,242,242
train,colon_aca/colonca4718.jpeg,1,adenocarcinoma,colonca4718,colon_aca,27,27
train,colon_aca/colonca4719.jpeg,1,adenocarcinoma,colonca4719,colon_aca,27,27
train,colon_aca/colonca472.jpeg,1,adenocarcinoma,colonca472,colon_aca,62,62
train,colon_aca/colonca4722.jpeg,1,adenocarcinoma,colonca4722,colon_aca,240,240
train,colon_aca/colonca4723.jpeg,1,adenocarcinoma,colonca4723,colon_aca,90,90
train,colon_aca/colonca4724.jpeg,1,adenocarcinoma,colonca4724,colon_aca,90,90
train,colon_aca/colonca4726.jpeg,1,adenocarcinoma,colonca4726,colon_aca,129,129
train,colon_aca/colonca4727.jpeg,1,adenocarcinoma,colonca4727,colon_aca,129,129
train,colon_aca/colonca4728.jpeg,1,adenocarcinoma,colonca4728,colon_aca,207,207
train,colon_aca/colonca4729.jpeg,1,adenocarcinoma,colonca4729,colon_aca,103,103
train,colon_aca/colonca473.jpeg,1,adenocarcinoma,colonca473,colon_aca,62,62
train,colon_aca/colonca4730.jpeg,1,adenocarcinoma,colonca4730,colon_aca,17,17
train,colon_aca/colonca4731.jpeg,1,adenocarcinoma,colonca4731,colon_aca,17,17
train,colon_aca/colonca4732.jpeg,1,adenocarcinoma,colonca4732,colon_aca,59,59
train,colon_aca/colonca4733.jpeg,1,adenocarcinoma,colonca4733,colon_aca,8,8
train,colon_aca/colonca4734.jpeg,1,adenocarcinoma,colonca4734,colon_aca,14,14
train,colon_aca/colonca4735.jpeg,1,adenocarcinoma,colonca4735,colon_aca,197,197
train,colon_aca/colonca4736.jpeg,1,adenocarcinoma,colonca4736,colon_aca,142,142
train,colon_aca/colonca4737.jpeg,1,adenocarcinoma,colonca4737,colon_aca,142,142
train,colon_aca/colonca4738.jpeg,1,adenocarcinoma,colonca4738,colon_aca,225,225
train,colon_aca/colonca4739.jpeg,1,adenocarcinoma,colonca4739,colon_aca,61,61
train,colon_aca/colonca4742.jpeg,1,adenocarcinoma,colonca4742,colon_aca,92,92
train,colon_aca/colonca4743.jpeg,1,adenocarcinoma,colonca4743,colon_aca,20,20
train,colon_aca/colonca4744.jpeg,1,adenocarcinoma,colonca4744,colon_aca,141,141
train,colon_aca/colonca4745.jpeg,1,adenocarcinoma,colonca4745,colon_aca,106,106
train,colon_aca/colonca4746.jpeg,1,adenocarcinoma,colonca4746,colon_aca,210,210
train,colon_aca/colonca4747.jpeg,1,adenocarcinoma,colonca4747,colon_aca,126,126
train,colon_aca/colonca4748.jpeg,1,adenocarcinoma,colonca4748,colon_aca,64,64
train,colon_aca/colonca4749.jpeg,1,adenocarcinoma,colonca4749,colon_aca,64,64
train,colon_aca/colonca4755.jpeg,1,adenocarcinoma,colonca4755,colon_aca,72,72
train,colon_aca/colonca4757.jpeg,1,adenocarcinoma,colonca4757,colon_aca,77,77
train,colon_aca/colonca4758.jpeg,1,adenocarcinoma,colonca4758,colon_aca,188,188
train,colon_aca/colonca4759.jpeg,1,adenocarcinoma,colonca4759,colon_aca,188,188
train,colon_aca/colonca476.jpeg,1,adenocarcinoma,colonca476,colon_aca,8,8
train,colon_aca/colonca4760.jpeg,1,adenocarcinoma,colonca4760,colon_aca,122,122
train,colon_aca/colonca4764.jpeg,1,adenocarcinoma,colonca4764,colon_aca,71,71
train,colon_aca/colonca4765.jpeg,1,adenocarcinoma,colonca4765,colon_aca,49,49
train,colon_aca/colonca4766.jpeg,1,adenocarcinoma,colonca4766,colon_aca,49,49
train,colon_aca/colonca4767.jpeg,1,adenocarcinoma,colonca4767,colon_aca,79,79
train,colon_aca/colonca4768.jpeg,1,adenocarcinoma,colonca4768,colon_aca,22,22
train,colon_aca/colonca4769.jpeg,1,adenocarcinoma,colonca4769,colon_aca,220,220
train,colon_aca/colonca4772.jpeg,1,adenocarcinoma,colonca4772,colon_aca,53,53
train,colon_aca/colonca4773.jpeg,1,adenocarcinoma,colonca4773,colon_aca,42,42
train,colon_aca/colonca4774.jpeg,1,adenocarcinoma,colonca4774,colon_aca,211,211
train,colon_aca/colonca4776.jpeg,1,adenocarcinoma,colonca4776,colon_aca,128,128
train,colon_aca/colonca4777.jpeg,1,adenocarcinoma,colonca4777,colon_aca,187,187
train,colon_aca/colonca4778.jpeg,1,adenocarcinoma,colonca4778,colon_aca,27,27
train,colon_aca/colonca4779.jpeg,1,adenocarcinoma,colonca4779,colon_aca,227,227
train,colon_aca/colonca478.jpeg,1,adenocarcinoma,colonca478,colon_aca,166,166
train,colon_aca/colonca4780.jpeg,1,adenocarcinoma,colonca4780,colon_aca,3,3
train,colon_aca/colonca4781.jpeg,1,adenocarcinoma,colonca4781,colon_aca,208,208
train,colon_aca/colonca4782.jpeg,1,adenocarcinoma,colonca4782,colon_aca,80,80
train,colon_aca/colonca4784.jpeg,1,adenocarcinoma,colonca4784,colon_aca,90,90
train,colon_aca/colonca4785.jpeg,1,adenocarcinoma,colonca4785,colon_aca,191,191
train,colon_aca/colonca4787.jpeg,1,adenocarcinoma,colonca4787,colon_aca,129,129
train,colon_aca/colonca4789.jpeg,1,adenocarcinoma,colonca4789,colon_aca,229,229
train,colon_aca/colonca479.jpeg,1,adenocarcinoma,colonca479,colon_aca,127,127
train,colon_aca/colonca4792.jpeg,1,adenocarcinoma,colonca4792,colon_aca,59,59
train,colon_aca/colonca4795.jpeg,1,adenocarcinoma,colonca4795,colon_aca,127,127
train,colon_aca/colonca4796.jpeg,1,adenocarcinoma,colonca4796,colon_aca,241,241
train,colon_aca/colonca4797.jpeg,1,adenocarcinoma,colonca4797,colon_aca,247,247
train,colon_aca/colonca4799.jpeg,1,adenocarcinoma,colonca4799,colon_aca,143,143
train,colon_aca/colonca48.jpeg,1,adenocarcinoma,colonca48,colon_aca,212,212
train,colon_aca/colonca480.jpeg,1,adenocarcinoma,colonca480,colon_aca,171,171
train,colon_aca/colonca4800.jpeg,1,adenocarcinoma,colonca4800,colon_aca,57,57
train,colon_aca/colonca4804.jpeg,1,adenocarcinoma,colonca4804,colon_aca,92,92
train,colon_aca/colonca4805.jpeg,1,adenocarcinoma,colonca4805,colon_aca,32,32
train,colon_aca/colonca4807.jpeg,1,adenocarcinoma,colonca4807,colon_aca,34,34
train,colon_aca/colonca481.jpeg,1,adenocarcinoma,colonca481,colon_aca,157,157
train,colon_aca/colonca4810.jpeg,1,adenocarcinoma,colonca4810,colon_aca,130,130
train,colon_aca/colonca4811.jpeg,1,adenocarcinoma,colonca4811,colon_aca,147,147
train,colon_aca/colonca4812.jpeg,1,adenocarcinoma,colonca4812,colon_aca,102,102
train,colon_aca/colonca4814.jpeg,1,adenocarcinoma,colonca4814,colon_aca,7,7
train,colon_aca/colonca4815.jpeg,1,adenocarcinoma,colonca4815,colon_aca,222,222
train,colon_aca/colonca4816.jpeg,1,adenocarcinoma,colonca4816,colon_aca,77,77
train,colon_aca/colonca4817.jpeg,1,adenocarcinoma,colonca4817,colon_aca,231,231
train,colon_aca/colonca4819.jpeg,1,adenocarcinoma,colonca4819,colon_aca,76,76
train,colon_aca/colonca4820.jpeg,1,adenocarcinoma,colonca4820,colon_aca,188,188
train,colon_aca/colonca4821.jpeg,1,adenocarcinoma,colonca4821,colon_aca,208,208
train,colon_aca/colonca4823.jpeg,1,adenocarcinoma,colonca4823,colon_aca,36,36
train,colon_aca/colonca4824.jpeg,1,adenocarcinoma,colonca4824,colon_aca,71,71
train,colon_aca/colonca4826.jpeg,1,adenocarcinoma,colonca4826,colon_aca,214,214
train,colon_aca/colonca4828.jpeg,1,adenocarcinoma,colonca4828,colon_aca,85,85
train,colon_aca/colonca4829.jpeg,1,adenocarcinoma,colonca4829,colon_aca,85,85
train,colon_aca/colonca4830.jpeg,1,adenocarcinoma,colonca4830,colon_aca,85,85
train,colon_aca/colonca4831.jpeg,1,adenocarcinoma,colonca4831,colon_aca,26,26
train,colon_aca/colonca4832.jpeg,1,adenocarcinoma,colonca4832,colon_aca,93,93
train,colon_aca/colonca4833.jpeg,1,adenocarcinoma,colonca4833,colon_aca,178,178
train,colon_aca/colonca4834.jpeg,1,adenocarcinoma,colonca4834,colon_aca,160,160
train,colon_aca/colonca4835.jpeg,1,adenocarcinoma,colonca4835,colon_aca,211,211
train,colon_aca/colonca4836.jpeg,1,adenocarcinoma,colonca4836,colon_aca,128,128
train,colon_aca/colonca4837.jpeg,1,adenocarcinoma,colonca4837,colon_aca,177,177
train,colon_aca/colonca4838.jpeg,1,adenocarcinoma,colonca4838,colon_aca,177,177
train,colon_aca/colonca4839.jpeg,1,adenocarcinoma,colonca4839,colon_aca,27,27
train,colon_aca/colonca484.jpeg,1,adenocarcinoma,colonca484,colon_aca,247,247
train,colon_aca/colonca4840.jpeg,1,adenocarcinoma,colonca4840,colon_aca,124,124
train,colon_aca/colonca4841.jpeg,1,adenocarcinoma,colonca4841,colon_aca,124,124
train,colon_aca/colonca4842.jpeg,1,adenocarcinoma,colonca4842,colon_aca,3,3
train,colon_aca/colonca4843.jpeg,1,adenocarcinoma,colonca4843,colon_aca,134,134
train,colon_aca/colonca4844.jpeg,1,adenocarcinoma,colonca4844,colon_aca,90,90
train,colon_aca/colonca4846.jpeg,1,adenocarcinoma,colonca4846,colon_aca,48,48
train,colon_aca/colonca4847.jpeg,1,adenocarcinoma,colonca4847,colon_aca,11,11
train,colon_aca/colonca485.jpeg,1,adenocarcinoma,colonca485,colon_aca,219,219
train,colon_aca/colonca4850.jpeg,1,adenocarcinoma,colonca4850,colon_aca,62,62
train,colon_aca/colonca4851.jpeg,1,adenocarcinoma,colonca4851,colon_aca,149,149
train,colon_aca/colonca4852.jpeg,1,adenocarcinoma,colonca4852,colon_aca,81,81
train,colon_aca/colonca4853.jpeg,1,adenocarcinoma,colonca4853,colon_aca,206,206
train,colon_aca/colonca4854.jpeg,1,adenocarcinoma,colonca4854,colon_aca,8,8
train,colon_aca/colonca4858.jpeg,1,adenocarcinoma,colonca4858,colon_aca,171,171
train,colon_aca/colonca4859.jpeg,1,adenocarcinoma,colonca4859,colon_aca,247,247
train,colon_aca/colonca4861.jpeg,1,adenocarcinoma,colonca4861,colon_aca,51,51
train,colon_aca/colonca4863.jpeg,1,adenocarcinoma,colonca4863,colon_aca,87,87
train,colon_aca/colonca4865.jpeg,1,adenocarcinoma,colonca4865,colon_aca,34,34
train,colon_aca/colonca4866.jpeg,1,adenocarcinoma,colonca4866,colon_aca,138,138
train,colon_aca/colonca4868.jpeg,1,adenocarcinoma,colonca4868,colon_aca,64,64
train,colon_aca/colonca487.jpeg,1,adenocarcinoma,colonca487,colon_aca,5,5
train,colon_aca/colonca4870.jpeg,1,adenocarcinoma,colonca4870,colon_aca,230,230
train,colon_aca/colonca4871.jpeg,1,adenocarcinoma,colonca4871,colon_aca,2,2
train,colon_aca/colonca4872.jpeg,1,adenocarcinoma,colonca4872,colon_aca,2,2
train,colon_aca/colonca4874.jpeg,1,adenocarcinoma,colonca4874,colon_aca,174,174
train,colon_aca/colonca4877.jpeg,1,adenocarcinoma,colonca4877,colon_aca,76,76
train,colon_aca/colonca4878.jpeg,1,adenocarcinoma,colonca4878,colon_aca,248,248
train,colon_aca/colonca4879.jpeg,1,adenocarcinoma,colonca4879,colon_aca,202,202
train,colon_aca/colonca488.jpeg,1,adenocarcinoma,colonca488,colon_aca,12,12
train,colon_aca/colonca4880.jpeg,1,adenocarcinoma,colonca4880,colon_aca,202,202
train,colon_aca/colonca4881.jpeg,1,adenocarcinoma,colonca4881,colon_aca,202,202
train,colon_aca/colonca4882.jpeg,1,adenocarcinoma,colonca4882,colon_aca,202,202
train,colon_aca/colonca4885.jpeg,1,adenocarcinoma,colonca4885,colon_aca,71,71
train,colon_aca/colonca4886.jpeg,1,adenocarcinoma,colonca4886,colon_aca,113,113
train,colon_aca/colonca4887.jpeg,1,adenocarcinoma,colonca4887,colon_aca,113,113
train,colon_aca/colonca4889.jpeg,1,adenocarcinoma,colonca4889,colon_aca,85,85
train,colon_aca/colonca489.jpeg,1,adenocarcinoma,colonca489,colon_aca,217,217
train,colon_aca/colonca4890.jpeg,1,adenocarcinoma,colonca4890,colon_aca,28,28
train,colon_aca/colonca4891.jpeg,1,adenocarcinoma,colonca4891,colon_aca,220,220
train,colon_aca/colonca4893.jpeg,1,adenocarcinoma,colonca4893,colon_aca,74,74
train,colon_aca/colonca4894.jpeg,1,adenocarcinoma,colonca4894,colon_aca,42,42
train,colon_aca/colonca4898.jpeg,1,adenocarcinoma,colonca4898,colon_aca,35,35
train,colon_aca/colonca4899.jpeg,1,adenocarcinoma,colonca4899,colon_aca,3,3
train,colon_aca/colonca49.jpeg,1,adenocarcinoma,colonca49,colon_aca,212,212
train,colon_aca/colonca4900.jpeg,1,adenocarcinoma,colonca4900,colon_aca,208,208
train,colon_aca/colonca4903.jpeg,1,adenocarcinoma,colonca4903,colon_aca,229,229
train,colon_aca/colonca4904.jpeg,1,adenocarcinoma,colonca4904,colon_aca,131,131
train,colon_aca/colonca4905.jpeg,1,adenocarcinoma,colonca4905,colon_aca,131,131
train,colon_aca/colonca4906.jpeg,1,adenocarcinoma,colonca4906,colon_aca,8,8
train,colon_aca/colonca4908.jpeg,1,adenocarcinoma,colonca4908,colon_aca,166,166
train,colon_aca/colonca491.jpeg,1,adenocarcinoma,colonca491,colon_aca,153,153
train,colon_aca/colonca4910.jpeg,1,adenocarcinoma,colonca4910,colon_aca,0,0
train,colon_aca/colonca4912.jpeg,1,adenocarcinoma,colonca4912,colon_aca,123,123
train,colon_aca/colonca4914.jpeg,1,adenocarcinoma,colonca4914,colon_aca,21,21
train,colon_aca/colonca4915.jpeg,1,adenocarcinoma,colonca4915,colon_aca,245,245
train,colon_aca/colonca4916.jpeg,1,adenocarcinoma,colonca4916,colon_aca,217,217
train,colon_aca/colonca4917.jpeg,1,adenocarcinoma,colonca4917,colon_aca,61,61
train,colon_aca/colonca4919.jpeg,1,adenocarcinoma,colonca4919,colon_aca,20,20
train,colon_aca/colonca492.jpeg,1,adenocarcinoma,colonca492,colon_aca,92,92
train,colon_aca/colonca4920.jpeg,1,adenocarcinoma,colonca4920,colon_aca,13,13
train,colon_aca/colonca4921.jpeg,1,adenocarcinoma,colonca4921,colon_aca,43,43
train,colon_aca/colonca4923.jpeg,1,adenocarcinoma,colonca4923,colon_aca,163,163
train,colon_aca/colonca4925.jpeg,1,adenocarcinoma,colonca4925,colon_aca,230,230
train,colon_aca/colonca4926.jpeg,1,adenocarcinoma,colonca4926,colon_aca,230,230
train,colon_aca/colonca4929.jpeg,1,adenocarcinoma,colonca4929,colon_aca,91,91
train,colon_aca/colonca493.jpeg,1,adenocarcinoma,colonca493,colon_aca,20,20
train,colon_aca/colonca4930.jpeg,1,adenocarcinoma,colonca4930,colon_aca,47,47
train,colon_aca/colonca4932.jpeg,1,adenocarcinoma,colonca4932,colon_aca,188,188
train,colon_aca/colonca4933.jpeg,1,adenocarcinoma,colonca4933,colon_aca,65,65
train,colon_aca/colonca4934.jpeg,1,adenocarcinoma,colonca4934,colon_aca,122,122
train,colon_aca/colonca4935.jpeg,1,adenocarcinoma,colonca4935,colon_aca,122,122
train,colon_aca/colonca4937.jpeg,1,adenocarcinoma,colonca4937,colon_aca,36,36
train,colon_aca/colonca4938.jpeg,1,adenocarcinoma,colonca4938,colon_aca,113,113
train,colon_aca/colonca4939.jpeg,1,adenocarcinoma,colonca4939,colon_aca,218,218
train,colon_aca/colonca494.jpeg,1,adenocarcinoma,colonca494,colon_aca,141,141
train,colon_aca/colonca4940.jpeg,1,adenocarcinoma,colonca4940,colon_aca,214,214
train,colon_aca/colonca4941.jpeg,1,adenocarcinoma,colonca4941,colon_aca,214,214
train,colon_aca/colonca4942.jpeg,1,adenocarcinoma,colonca4942,colon_aca,98,98
train,colon_aca/colonca4943.jpeg,1,adenocarcinoma,colonca4943,colon_aca,85,85
train,colon_aca/colonca4944.jpeg,1,adenocarcinoma,colonca4944,colon_aca,82,82
train,colon_aca/colonca4945.jpeg,1,adenocarcinoma,colonca4945,colon_aca,82,82
train,colon_aca/colonca4946.jpeg,1,adenocarcinoma,colonca4946,colon_aca,53,53
train,colon_aca/colonca4947.jpeg,1,adenocarcinoma,colonca4947,colon_aca,74,74
train,colon_aca/colonca4948.jpeg,1,adenocarcinoma,colonca4948,colon_aca,178,178
train,colon_aca/colonca4949.jpeg,1,adenocarcinoma,colonca4949,colon_aca,128,128
train,colon_aca/colonca4950.jpeg,1,adenocarcinoma,colonca4950,colon_aca,242,242
train,colon_aca/colonca4951.jpeg,1,adenocarcinoma,colonca4951,colon_aca,227,227
train,colon_aca/colonca4952.jpeg,1,adenocarcinoma,colonca4952,colon_aca,198,198
train,colon_aca/colonca4953.jpeg,1,adenocarcinoma,colonca4953,colon_aca,134,134
train,colon_aca/colonca4954.jpeg,1,adenocarcinoma,colonca4954,colon_aca,80,80
train,colon_aca/colonca4956.jpeg,1,adenocarcinoma,colonca4956,colon_aca,90,90
train,colon_aca/colonca4958.jpeg,1,adenocarcinoma,colonca4958,colon_aca,11,11
train,colon_aca/colonca4959.jpeg,1,adenocarcinoma,colonca4959,colon_aca,58,58
train,colon_aca/colonca496.jpeg,1,adenocarcinoma,colonca496,colon_aca,126,126
train,colon_aca/colonca4960.jpeg,1,adenocarcinoma,colonca4960,colon_aca,105,105
train,colon_aca/colonca4961.jpeg,1,adenocarcinoma,colonca4961,colon_aca,121,121
train,colon_aca/colonca4962.jpeg,1,adenocarcinoma,colonca4962,colon_aca,121,121
train,colon_aca/colonca4963.jpeg,1,adenocarcinoma,colonca4963,colon_aca,229,229
train,colon_aca/colonca4964.jpeg,1,adenocarcinoma,colonca4964,colon_aca,131,131
train,colon_aca/colonca4965.jpeg,1,adenocarcinoma,colonca4965,colon_aca,88,88
train,colon_aca/colonca4966.jpeg,1,adenocarcinoma,colonca4966,colon_aca,31,31
train,colon_aca/colonca4967.jpeg,1,adenocarcinoma,colonca4967,colon_aca,81,81
train,colon_aca/colonca4968.jpeg,1,adenocarcinoma,colonca4968,colon_aca,206,206
train,colon_aca/colonca4969.jpeg,1,adenocarcinoma,colonca4969,colon_aca,206,206
train,colon_aca/colonca4970.jpeg,1,adenocarcinoma,colonca4970,colon_aca,206,206
train,colon_aca/colonca4971.jpeg,1,adenocarcinoma,colonca4971,colon_aca,8,8
train,colon_aca/colonca4973.jpeg,1,adenocarcinoma,colonca4973,colon_aca,123,123
train,colon_aca/colonca4974.jpeg,1,adenocarcinoma,colonca4974,colon_aca,123,123
train,colon_aca/colonca4975.jpeg,1,adenocarcinoma,colonca4975,colon_aca,123,123
train,colon_aca/colonca4976.jpeg,1,adenocarcinoma,colonca4976,colon_aca,219,219
train,colon_aca/colonca4977.jpeg,1,adenocarcinoma,colonca4977,colon_aca,57,57
train,colon_aca/colonca4978.jpeg,1,adenocarcinoma,colonca4978,colon_aca,57,57
train,colon_aca/colonca4979.jpeg,1,adenocarcinoma,colonca4979,colon_aca,225,225
train,colon_aca/colonca4980.jpeg,1,adenocarcinoma,colonca4980,colon_aca,100,100
train,colon_aca/colonca4981.jpeg,1,adenocarcinoma,colonca4981,colon_aca,63,63
train,colon_aca/colonca4982.jpeg,1,adenocarcinoma,colonca4982,colon_aca,87,87
train,colon_aca/colonca4983.jpeg,1,adenocarcinoma,colonca4983,colon_aca,34,34
train,colon_aca/colonca4988.jpeg,1,adenocarcinoma,colonca4988,colon_aca,188,188
train,colon_aca/colonca499.jpeg,1,adenocarcinoma,colonca499,colon_aca,130,130
train,colon_aca/colonca4990.jpeg,1,adenocarcinoma,colonca4990,colon_aca,49,49
train,colon_aca/colonca4992.jpeg,1,adenocarcinoma,colonca4992,colon_aca,101,101
train,colon_aca/colonca4993.jpeg,1,adenocarcinoma,colonca4993,colon_aca,160,160
train,colon_aca/colonca4994.jpeg,1,adenocarcinoma,colonca4994,colon_aca,198,198
train,colon_aca/colonca4996.jpeg,1,adenocarcinoma,colonca4996,colon_aca,185,185
train,colon_aca/colonca4998.jpeg,1,adenocarcinoma,colonca4998,colon_aca,170,170
train,colon_aca/colonca4999.jpeg,1,adenocarcinoma,colonca4999,colon_aca,149,149
train,colon_aca/colonca50.jpeg,1,adenocarcinoma,colonca50,colon_aca,178,178
train,colon_aca/colonca500.jpeg,1,adenocarcinoma,colonca500,colon_aca,163,163
train,colon_aca/colonca501.jpeg,1,adenocarcinoma,colonca501,colon_aca,228,228
train,colon_aca/colonca502.jpeg,1,adenocarcinoma,colonca502,colon_aca,2,2
train,colon_aca/colonca504.jpeg,1,adenocarcinoma,colonca504,colon_aca,179,179
train,colon_aca/colonca505.jpeg,1,adenocarcinoma,colonca505,colon_aca,179,179
train,colon_aca/colonca508.jpeg,1,adenocarcinoma,colonca508,colon_aca,83,83
train,colon_aca/colonca509.jpeg,1,adenocarcinoma,colonca509,colon_aca,238,238
train,colon_aca/colonca510.jpeg,1,adenocarcinoma,colonca510,colon_aca,77,77
train,colon_aca/colonca511.jpeg,1,adenocarcinoma,colonca511,colon_aca,65,65
train,colon_aca/colonca512.jpeg,1,adenocarcinoma,colonca512,colon_aca,65,65
train,colon_aca/colonca513.jpeg,1,adenocarcinoma,colonca513,colon_aca,202,202
train,colon_aca/colonca514.jpeg,1,adenocarcinoma,colonca514,colon_aca,202,202
train,colon_aca/colonca516.jpeg,1,adenocarcinoma,colonca516,colon_aca,116,116
train,colon_aca/colonca517.jpeg,1,adenocarcinoma,colonca517,colon_aca,214,214
train,colon_aca/colonca519.jpeg,1,adenocarcinoma,colonca519,colon_aca,98,98
train,colon_aca/colonca52.jpeg,1,adenocarcinoma,colonca52,colon_aca,70,70
train,colon_aca/colonca520.jpeg,1,adenocarcinoma,colonca520,colon_aca,101,101
train,colon_aca/colonca522.jpeg,1,adenocarcinoma,colonca522,colon_aca,23,23
train,colon_aca/colonca523.jpeg,1,adenocarcinoma,colonca523,colon_aca,26,26
train,colon_aca/colonca525.jpeg,1,adenocarcinoma,colonca525,colon_aca,133,133
train,colon_aca/colonca526.jpeg,1,adenocarcinoma,colonca526,colon_aca,128,128
train,colon_aca/colonca527.jpeg,1,adenocarcinoma,colonca527,colon_aca,226,226
train,colon_aca/colonca529.jpeg,1,adenocarcinoma,colonca529,colon_aca,27,27
train,colon_aca/colonca53.jpeg,1,adenocarcinoma,colonca53,colon_aca,27,27
train,colon_aca/colonca530.jpeg,1,adenocarcinoma,colonca530,colon_aca,227,227
train,colon_aca/colonca532.jpeg,1,adenocarcinoma,colonca532,colon_aca,164,164
train,colon_aca/colonca534.jpeg,1,adenocarcinoma,colonca534,colon_aca,58,58
train,colon_aca/colonca535.jpeg,1,adenocarcinoma,colonca535,colon_aca,94,94
train,colon_aca/colonca536.jpeg,1,adenocarcinoma,colonca536,colon_aca,105,105
train,colon_aca/colonca537.jpeg,1,adenocarcinoma,colonca537,colon_aca,121,121
train,colon_aca/colonca540.jpeg,1,adenocarcinoma,colonca540,colon_aca,229,229
train,colon_aca/colonca542.jpeg,1,adenocarcinoma,colonca542,colon_aca,161,161
train,colon_aca/colonca543.jpeg,1,adenocarcinoma,colonca543,colon_aca,161,161
train,colon_aca/colonca544.jpeg,1,adenocarcinoma,colonca544,colon_aca,171,171
train,colon_aca/colonca545.jpeg,1,adenocarcinoma,colonca545,colon_aca,14,14
train,colon_aca/colonca546.jpeg,1,adenocarcinoma,colonca546,colon_aca,39,39
train,colon_aca/colonca547.jpeg,1,adenocarcinoma,colonca547,colon_aca,247,247
train,colon_aca/colonca548.jpeg,1,adenocarcinoma,colonca548,colon_aca,237,237
train,colon_aca/colonca553.jpeg,1,adenocarcinoma,colonca553,colon_aca,51,51
train,colon_aca/colonca554.jpeg,1,adenocarcinoma,colonca554,colon_aca,21,21
train,colon_aca/colonca555.jpeg,1,adenocarcinoma,colonca555,colon_aca,142,142
train,colon_aca/colonca556.jpeg,1,adenocarcinoma,colonca556,colon_aca,5,5
train,colon_aca/colonca558.jpeg,1,adenocarcinoma,colonca558,colon_aca,152,152
train,colon_aca/colonca559.jpeg,1,adenocarcinoma,colonca559,colon_aca,20,20
train,colon_aca/colonca56.jpeg,1,adenocarcinoma,colonca56,colon_aca,191,191
train,colon_aca/colonca560.jpeg,1,adenocarcinoma,colonca560,colon_aca,32,32
train,colon_aca/colonca561.jpeg,1,adenocarcinoma,colonca561,colon_aca,87,87
train,colon_aca/colonca564.jpeg,1,adenocarcinoma,colonca564,colon_aca,89,89
train,colon_aca/colonca566.jpeg,1,adenocarcinoma,colonca566,colon_aca,99,99
train,colon_aca/colonca567.jpeg,1,adenocarcinoma,colonca567,colon_aca,7,7
train,colon_aca/colonca568.jpeg,1,adenocarcinoma,colonca568,colon_aca,222,222
train,colon_aca/colonca569.jpeg,1,adenocarcinoma,colonca569,colon_aca,47,47
train,colon_aca/colonca570.jpeg,1,adenocarcinoma,colonca570,colon_aca,151,151
train,colon_aca/colonca571.jpeg,1,adenocarcinoma,colonca571,colon_aca,151,151
train,colon_aca/colonca573.jpeg,1,adenocarcinoma,colonca573,colon_aca,77,77
train,colon_aca/colonca574.jpeg,1,adenocarcinoma,colonca574,colon_aca,65,65
train,colon_aca/colonca576.jpeg,1,adenocarcinoma,colonca576,colon_aca,49,49
train,colon_aca/colonca577.jpeg,1,adenocarcinoma,colonca577,colon_aca,49,49
train,colon_aca/colonca578.jpeg,1,adenocarcinoma,colonca578,colon_aca,49,49
train,colon_aca/colonca579.jpeg,1,adenocarcinoma,colonca579,colon_aca,79,79
train,colon_aca/colonca580.jpeg,1,adenocarcinoma,colonca580,colon_aca,37,37
train,colon_aca/colonca581.jpeg,1,adenocarcinoma,colonca581,colon_aca,93,93
train,colon_aca/colonca582.jpeg,1,adenocarcinoma,colonca582,colon_aca,46,46
train,colon_aca/colonca584.jpeg,1,adenocarcinoma,colonca584,colon_aca,242,242
train,colon_aca/colonca586.jpeg,1,adenocarcinoma,colonca586,colon_aca,70,70
train,colon_aca/colonca587.jpeg,1,adenocarcinoma,colonca587,colon_aca,27,27
train,colon_aca/colonca589.jpeg,1,adenocarcinoma,colonca589,colon_aca,134,134
train,colon_aca/colonca59.jpeg,1,adenocarcinoma,colonca59,colon_aca,17,17
train,colon_aca/colonca590.jpeg,1,adenocarcinoma,colonca590,colon_aca,134,134
train,colon_aca/colonca592.jpeg,1,adenocarcinoma,colonca592,colon_aca,90,90
train,colon_aca/colonca595.jpeg,1,adenocarcinoma,colonca595,colon_aca,11,11
train,colon_aca/colonca596.jpeg,1,adenocarcinoma,colonca596,colon_aca,94,94
train,colon_aca/colonca598.jpeg,1,adenocarcinoma,colonca598,colon_aca,129,129
train,colon_aca/colonca599.jpeg,1,adenocarcinoma,colonca599,colon_aca,103,103
train,colon_aca/colonca60.jpeg,1,adenocarcinoma,colonca60,colon_aca,81,81
train,colon_aca/colonca600.jpeg,1,adenocarcinoma,colonca600,colon_aca,88,88
train,colon_aca/colonca601.jpeg,1,adenocarcinoma,colonca601,colon_aca,31,31
train,colon_aca/colonca602.jpeg,1,adenocarcinoma,colonca602,colon_aca,206,206
train,colon_aca/colonca604.jpeg,1,adenocarcinoma,colonca604,colon_aca,29,29
train,colon_aca/colonca607.jpeg,1,adenocarcinoma,colonca607,colon_aca,237,237
train,colon_aca/colonca609.jpeg,1,adenocarcinoma,colonca609,colon_aca,142,142
train,colon_aca/colonca61.jpeg,1,adenocarcinoma,colonca61,colon_aca,203,203
train,colon_aca/colonca610.jpeg,1,adenocarcinoma,colonca610,colon_aca,143,143
train,colon_aca/colonca611.jpeg,1,adenocarcinoma,colonca611,colon_aca,5,5
train,colon_aca/colonca613.jpeg,1,adenocarcinoma,colonca613,colon_aca,12,12
train,colon_aca/colonca615.jpeg,1,adenocarcinoma,colonca615,colon_aca,106,106
train,colon_aca/colonca616.jpeg,1,adenocarcinoma,colonca616,colon_aca,210,210
train,colon_aca/colonca617.jpeg,1,adenocarcinoma,colonca617,colon_aca,126,126
train,colon_aca/colonca618.jpeg,1,adenocarcinoma,colonca618,colon_aca,138,138
train,colon_aca/colonca619.jpeg,1,adenocarcinoma,colonca619,colon_aca,86,86
train,colon_aca/colonca620.jpeg,1,adenocarcinoma,colonca620,colon_aca,228,228
train,colon_aca/colonca621.jpeg,1,adenocarcinoma,colonca621,colon_aca,179,179
train,colon_aca/colonca622.jpeg,1,adenocarcinoma,colonca622,colon_aca,99,99
train,colon_aca/colonca624.jpeg,1,adenocarcinoma,colonca624,colon_aca,72,72
train,colon_aca/colonca625.jpeg,1,adenocarcinoma,colonca625,colon_aca,238,238
train,colon_aca/colonca627.jpeg,1,adenocarcinoma,colonca627,colon_aca,248,248
train,colon_aca/colonca630.jpeg,1,adenocarcinoma,colonca630,colon_aca,36,36
train,colon_aca/colonca631.jpeg,1,adenocarcinoma,colonca631,colon_aca,214,214
train,colon_aca/colonca632.jpeg,1,adenocarcinoma,colonca632,colon_aca,98,98
train,colon_aca/colonca633.jpeg,1,adenocarcinoma,colonca633,colon_aca,186,186
train,colon_aca/colonca634.jpeg,1,adenocarcinoma,colonca634,colon_aca,54,54
train,colon_aca/colonca635.jpeg,1,adenocarcinoma,colonca635,colon_aca,93,93
train,colon_aca/colonca636.jpeg,1,adenocarcinoma,colonca636,colon_aca,178,178
train,colon_aca/colonca639.jpeg,1,adenocarcinoma,colonca639,colon_aca,177,177
train,colon_aca/colonca64.jpeg,1,adenocarcinoma,colonca64,colon_aca,127,127
train,colon_aca/colonca640.jpeg,1,adenocarcinoma,colonca640,colon_aca,204,204
train,colon_aca/colonca641.jpeg,1,adenocarcinoma,colonca641,colon_aca,227,227
train,colon_aca/colonca642.jpeg,1,adenocarcinoma,colonca642,colon_aca,35,35
train,colon_aca/colonca643.jpeg,1,adenocarcinoma,colonca643,colon_aca,198,198
train,colon_aca/colonca644.jpeg,1,adenocarcinoma,colonca644,colon_aca,78,78
train,colon_aca/colonca645.jpeg,1,adenocarcinoma,colonca645,colon_aca,3,3
train,colon_aca/colonca646.jpeg,1,adenocarcinoma,colonca646,colon_aca,80,80
train,colon_aca/colonca647.jpeg,1,adenocarcinoma,colonca647,colon_aca,240,240
train,colon_aca/colonca648.jpeg,1,adenocarcinoma,colonca648,colon_aca,105,105
train,colon_aca/colonca649.jpeg,1,adenocarcinoma,colonca649,colon_aca,121,121
train,colon_aca/colonca651.jpeg,1,adenocarcinoma,colonca651,colon_aca,103,103
train,colon_aca/colonca652.jpeg,1,adenocarcinoma,colonca652,colon_aca,103,103
train,colon_aca/colonca653.jpeg,1,adenocarcinoma,colonca653,colon_aca,88,88
train,colon_aca/colonca654.jpeg,1,adenocarcinoma,colonca654,colon_aca,31,31
train,colon_aca/colonca656.jpeg,1,adenocarcinoma,colonca656,colon_aca,135,135
train,colon_aca/colonca657.jpeg,1,adenocarcinoma,colonca657,colon_aca,127,127
train,colon_aca/colonca658.jpeg,1,adenocarcinoma,colonca658,colon_aca,14,14
train,colon_aca/colonca659.jpeg,1,adenocarcinoma,colonca659,colon_aca,14,14
train,colon_aca/colonca66.jpeg,1,adenocarcinoma,colonca66,colon_aca,29,29
train,colon_aca/colonca660.jpeg,1,adenocarcinoma,colonca660,colon_aca,192,192
train,colon_aca/colonca661.jpeg,1,adenocarcinoma,colonca661,colon_aca,221,221
train,colon_aca/colonca662.jpeg,1,adenocarcinoma,colonca662,colon_aca,221,221
train,colon_aca/colonca666.jpeg,1,adenocarcinoma,colonca666,colon_aca,189,189
train,colon_aca/colonca667.jpeg,1,adenocarcinoma,colonca667,colon_aca,95,95
train,colon_aca/colonca668.jpeg,1,adenocarcinoma,colonca668,colon_aca,95,95
train,colon_aca/colonca669.jpeg,1,adenocarcinoma,colonca669,colon_aca,197,197
train,colon_aca/colonca67.jpeg,1,adenocarcinoma,colonca67,colon_aca,110,110
train,colon_aca/colonca670.jpeg,1,adenocarcinoma,colonca670,colon_aca,142,142
train,colon_aca/colonca671.jpeg,1,adenocarcinoma,colonca671,colon_aca,235,235
train,colon_aca/colonca672.jpeg,1,adenocarcinoma,colonca672,colon_aca,4,4
train,colon_aca/colonca673.jpeg,1,adenocarcinoma,colonca673,colon_aca,5,5
train,colon_aca/colonca674.jpeg,1,adenocarcinoma,colonca674,colon_aca,100,100
train,colon_aca/colonca675.jpeg,1,adenocarcinoma,colonca675,colon_aca,100,100
train,colon_aca/colonca678.jpeg,1,adenocarcinoma,colonca678,colon_aca,13,13
train,colon_aca/colonca679.jpeg,1,adenocarcinoma,colonca679,colon_aca,34,34
train,colon_aca/colonca68.jpeg,1,adenocarcinoma,colonca68,colon_aca,39,39
train,colon_aca/colonca681.jpeg,1,adenocarcinoma,colonca681,colon_aca,146,146
train,colon_aca/colonca682.jpeg,1,adenocarcinoma,colonca682,colon_aca,2,2
train,colon_aca/colonca683.jpeg,1,adenocarcinoma,colonca683,colon_aca,7,7
train,colon_aca/colonca685.jpeg,1,adenocarcinoma,colonca685,colon_aca,72,72
train,colon_aca/colonca686.jpeg,1,adenocarcinoma,colonca686,colon_aca,83,83
train,colon_aca/colonca688.jpeg,1,adenocarcinoma,colonca688,colon_aca,234,234
train,colon_aca/colonca689.jpeg,1,adenocarcinoma,colonca689,colon_aca,234,234
train,colon_aca/colonca69.jpeg,1,adenocarcinoma,colonca69,colon_aca,0,0
train,colon_aca/colonca690.jpeg,1,adenocarcinoma,colonca690,colon_aca,65,65
train,colon_aca/colonca693.jpeg,1,adenocarcinoma,colonca693,colon_aca,71,71
train,colon_aca/colonca694.jpeg,1,adenocarcinoma,colonca694,colon_aca,71,71
train,colon_aca/colonca695.jpeg,1,adenocarcinoma,colonca695,colon_aca,218,218
train,colon_aca/colonca697.jpeg,1,adenocarcinoma,colonca697,colon_aca,98,98
train,colon_aca/colonca698.jpeg,1,adenocarcinoma,colonca698,colon_aca,79,79
train,colon_aca/colonca7.jpeg,1,adenocarcinoma,colonca7,colon_aca,26,26
train,colon_aca/colonca70.jpeg,1,adenocarcinoma,colonca70,colon_aca,0,0
train,colon_aca/colonca700.jpeg,1,adenocarcinoma,colonca700,colon_aca,28,28
train,colon_aca/colonca701.jpeg,1,adenocarcinoma,colonca701,colon_aca,220,220
train,colon_aca/colonca702.jpeg,1,adenocarcinoma,colonca702,colon_aca,37,37
train,colon_aca/colonca703.jpeg,1,adenocarcinoma,colonca703,colon_aca,54,54
train,colon_aca/colonca704.jpeg,1,adenocarcinoma,colonca704,colon_aca,74,74
train,colon_aca/colonca705.jpeg,1,adenocarcinoma,colonca705,colon_aca,35,35
train,colon_aca/colonca708.jpeg,1,adenocarcinoma,colonca708,colon_aca,134,134
train,colon_aca/colonca710.jpeg,1,adenocarcinoma,colonca710,colon_aca,191,191
train,colon_aca/colonca711.jpeg,1,adenocarcinoma,colonca711,colon_aca,48,48
train,colon_aca/colonca713.jpeg,1,adenocarcinoma,colonca713,colon_aca,105,105
train,colon_aca/colonca714.jpeg,1,adenocarcinoma,colonca714,colon_aca,105,105
train,colon_aca/colonca715.jpeg,1,adenocarcinoma,colonca715,colon_aca,129,129
train,colon_aca/colonca716.jpeg,1,adenocarcinoma,colonca716,colon_aca,129,129
train,colon_aca/colonca718.jpeg,1,adenocarcinoma,colonca718,colon_aca,88,88
train,colon_aca/colonca719.jpeg,1,adenocarcinoma,colonca719,colon_aca,88,88
train,colon_aca/colonca720.jpeg,1,adenocarcinoma,colonca720,colon_aca,203,203
train,colon_aca/colonca723.jpeg,1,adenocarcinoma,colonca723,colon_aca,135,135
train,colon_aca/colonca724.jpeg,1,adenocarcinoma,colonca724,colon_aca,127,127
train,colon_aca/colonca725.jpeg,1,adenocarcinoma,colonca725,colon_aca,14,14
train,colon_aca/colonca728.jpeg,1,adenocarcinoma,colonca728,colon_aca,0,0
train,colon_aca/colonca729.jpeg,1,adenocarcinoma,colonca729,colon_aca,52,52
train,colon_aca/colonca73.jpeg,1,adenocarcinoma,colonca73,colon_aca,189,189
train,colon_aca/colonca730.jpeg,1,adenocarcinoma,colonca730,colon_aca,52,52
train,colon_aca/colonca731.jpeg,1,adenocarcinoma,colonca731,colon_aca,52,52
train,colon_aca/colonca732.jpeg,1,adenocarcinoma,colonca732,colon_aca,189,189
train,colon_aca/colonca733.jpeg,1,adenocarcinoma,colonca733,colon_aca,123,123
train,colon_aca/colonca734.jpeg,1,adenocarcinoma,colonca734,colon_aca,136,136
train,colon_aca/colonca735.jpeg,1,adenocarcinoma,colonca735,colon_aca,95,95
train,colon_aca/colonca736.jpeg,1,adenocarcinoma,colonca736,colon_aca,95,95
train,colon_aca/colonca737.jpeg,1,adenocarcinoma,colonca737,colon_aca,21,21
train,colon_aca/colonca738.jpeg,1,adenocarcinoma,colonca738,colon_aca,169,169
train,colon_aca/colonca739.jpeg,1,adenocarcinoma,colonca739,colon_aca,245,245
train,colon_aca/colonca74.jpeg,1,adenocarcinoma,colonca74,colon_aca,219,219
train,colon_aca/colonca740.jpeg,1,adenocarcinoma,colonca740,colon_aca,143,143
train,colon_aca/colonca741.jpeg,1,adenocarcinoma,colonca741,colon_aca,4,4
train,colon_aca/colonca742.jpeg,1,adenocarcinoma,colonca742,colon_aca,217,217
train,colon_aca/colonca744.jpeg,1,adenocarcinoma,colonca744,colon_aca,92,92
train,colon_aca/colonca745.jpeg,1,adenocarcinoma,colonca745,colon_aca,20,20
train,colon_aca/colonca746.jpeg,1,adenocarcinoma,colonca746,colon_aca,20,20
train,colon_aca/colonca749.jpeg,1,adenocarcinoma,colonca749,colon_aca,106,106
train,colon_aca/colonca75.jpeg,1,adenocarcinoma,colonca75,colon_aca,136,136
train,colon_aca/colonca751.jpeg,1,adenocarcinoma,colonca751,colon_aca,34,34
train,colon_aca/colonca752.jpeg,1,adenocarcinoma,colonca752,colon_aca,43,43
train,colon_aca/colonca753.jpeg,1,adenocarcinoma,colonca753,colon_aca,43,43
train,colon_aca/colonca754.jpeg,1,adenocarcinoma,colonca754,colon_aca,64,64
train,colon_aca/colonca755.jpeg,1,adenocarcinoma,colonca755,colon_aca,163,163
train,colon_aca/colonca756.jpeg,1,adenocarcinoma,colonca756,colon_aca,147,147
train,colon_aca/colonca758.jpeg,1,adenocarcinoma,colonca758,colon_aca,83,83
train,colon_aca/colonca762.jpeg,1,adenocarcinoma,colonca762,colon_aca,49,49
train,colon_aca/colonca764.jpeg,1,adenocarcinoma,colonca764,colon_aca,214,214
train,colon_aca/colonca766.jpeg,1,adenocarcinoma,colonca766,colon_aca,79,79
train,colon_aca/colonca767.jpeg,1,adenocarcinoma,colonca767,colon_aca,37,37
train,colon_aca/colonca768.jpeg,1,adenocarcinoma,colonca768,colon_aca,93,93
train,colon_aca/colonca769.jpeg,1,adenocarcinoma,colonca769,colon_aca,46,46
train,colon_aca/colonca77.jpeg,1,adenocarcinoma,colonca77,colon_aca,21,21
train,colon_aca/colonca770.jpeg,1,adenocarcinoma,colonca770,colon_aca,46,46
train,colon_aca/colonca771.jpeg,1,adenocarcinoma,colonca771,colon_aca,211,211
train,colon_aca/colonca772.jpeg,1,adenocarcinoma,colonca772,colon_aca,187,187
train,colon_aca/colonca773.jpeg,1,adenocarcinoma,colonca773,colon_aca,70,70
train,colon_aca/colonca774.jpeg,1,adenocarcinoma,colonca774,colon_aca,198,198
train,colon_aca/colonca775.jpeg,1,adenocarcinoma,colonca775,colon_aca,3,3
train,colon_aca/colonca776.jpeg,1,adenocarcinoma,colonca776,colon_aca,48,48
train,colon_aca/colonca778.jpeg,1,adenocarcinoma,colonca778,colon_aca,58,58
train,colon_aca/colonca78.jpeg,1,adenocarcinoma,colonca78,colon_aca,143,143
train,colon_aca/colonca782.jpeg,1,adenocarcinoma,colonca782,colon_aca,62,62
train,colon_aca/colonca784.jpeg,1,adenocarcinoma,colonca784,colon_aca,8,8
train,colon_aca/colonca787.jpeg,1,adenocarcinoma,colonca787,colon_aca,157,157
train,colon_aca/colonca788.jpeg,1,adenocarcinoma,colonca788,colon_aca,168,168
train,colon_aca/colonca79.jpeg,1,adenocarcinoma,colonca79,colon_aca,57,57
train,colon_aca/colonca790.jpeg,1,adenocarcinoma,colonca790,colon_aca,0,0
train,colon_aca/colonca791.jpeg,1,adenocarcinoma,colonca791,colon_aca,0,0
train,colon_aca/colonca796.jpeg,1,adenocarcinoma,colonca796,colon_aca,95,95
train,colon_aca/colonca797.jpeg,1,adenocarcinoma,colonca797,colon_aca,169,169
train,colon_aca/colonca799.jpeg,1,adenocarcinoma,colonca799,colon_aca,20,20
train,colon_aca/colonca8.jpeg,1,adenocarcinoma,colonca8,colon_aca,82,82
train,colon_aca/colonca800.jpeg,1,adenocarcinoma,colonca800,colon_aca,34,34
train,colon_aca/colonca801.jpeg,1,adenocarcinoma,colonca801,colon_aca,34,34
train,colon_aca/colonca802.jpeg,1,adenocarcinoma,colonca802,colon_aca,64,64
train,colon_aca/colonca803.jpeg,1,adenocarcinoma,colonca803,colon_aca,147,147
train,colon_aca/colonca805.jpeg,1,adenocarcinoma,colonca805,colon_aca,176,176
train,colon_aca/colonca806.jpeg,1,adenocarcinoma,colonca806,colon_aca,91,91
train,colon_aca/colonca807.jpeg,1,adenocarcinoma,colonca807,colon_aca,7,7
train,colon_aca/colonca810.jpeg,1,adenocarcinoma,colonca810,colon_aca,83,83
train,colon_aca/colonca811.jpeg,1,adenocarcinoma,colonca811,colon_aca,76,76
train,colon_aca/colonca812.jpeg,1,adenocarcinoma,colonca812,colon_aca,208,208
train,colon_aca/colonca814.jpeg,1,adenocarcinoma,colonca814,colon_aca,113,113
train,colon_aca/colonca815.jpeg,1,adenocarcinoma,colonca815,colon_aca,218,218
train,colon_aca/colonca819.jpeg,1,adenocarcinoma,colonca819,colon_aca,23,23
train,colon_aca/colonca82.jpeg,1,adenocarcinoma,colonca82,colon_aca,12,12
train,colon_aca/colonca820.jpeg,1,adenocarcinoma,colonca820,colon_aca,220,220
train,colon_aca/colonca823.jpeg,1,adenocarcinoma,colonca823,colon_aca,53,53
train,colon_aca/colonca824.jpeg,1,adenocarcinoma,colonca824,colon_aca,93,93
train,colon_aca/colonca825.jpeg,1,adenocarcinoma,colonca825,colon_aca,226,226
train,colon_aca/colonca826.jpeg,1,adenocarcinoma,colonca826,colon_aca,187,187
train,colon_aca/colonca827.jpeg,1,adenocarcinoma,colonca827,colon_aca,187,187
train,colon_aca/colonca828.jpeg,1,adenocarcinoma,colonca828,colon_aca,177,177
train,colon_aca/colonca829.jpeg,1,adenocarcinoma,colonca829,colon_aca,27,27
train,colon_aca/colonca830.jpeg,1,adenocarcinoma,colonca830,colon_aca,227,227
train,colon_aca/colonca832.jpeg,1,adenocarcinoma,colonca832,colon_aca,208,208
train,colon_aca/colonca833.jpeg,1,adenocarcinoma,colonca833,colon_aca,185,185
train,colon_aca/colonca834.jpeg,1,adenocarcinoma,colonca834,colon_aca,121,121
train,colon_aca/colonca836.jpeg,1,adenocarcinoma,colonca836,colon_aca,103,103
train,colon_aca/colonca837.jpeg,1,adenocarcinoma,colonca837,colon_aca,131,131
train,colon_aca/colonca838.jpeg,1,adenocarcinoma,colonca838,colon_aca,149,149
train,colon_aca/colonca839.jpeg,1,adenocarcinoma,colonca839,colon_aca,205,205
train,colon_aca/colonca84.jpeg,1,adenocarcinoma,colonca84,colon_aca,61,61
train,colon_aca/colonca842.jpeg,1,adenocarcinoma,colonca842,colon_aca,171,171
train,colon_aca/colonca844.jpeg,1,adenocarcinoma,colonca844,colon_aca,241,241
train,colon_aca/colonca845.jpeg,1,adenocarcinoma,colonca845,colon_aca,110,110
train,colon_aca/colonca846.jpeg,1,adenocarcinoma,colonca846,colon_aca,136,136
train,colon_aca/colonca847.jpeg,1,adenocarcinoma,colonca847,colon_aca,50,50
train,colon_aca/colonca849.jpeg,1,adenocarcinoma,colonca849,colon_aca,142,142
train,colon_aca/colonca850.jpeg,1,adenocarcinoma,colonca850,colon_aca,143,143
train,colon_aca/colonca851.jpeg,1,adenocarcinoma,colonca851,colon_aca,143,143
train,colon_aca/colonca852.jpeg,1,adenocarcinoma,colonca852,colon_aca,225,225
train,colon_aca/colonca853.jpeg,1,adenocarcinoma,colonca853,colon_aca,61,61
train,colon_aca/colonca856.jpeg,1,adenocarcinoma,colonca856,colon_aca,92,92
train,colon_aca/colonca857.jpeg,1,adenocarcinoma,colonca857,colon_aca,32,32
train,colon_aca/colonca86.jpeg,1,adenocarcinoma,colonca86,colon_aca,92,92
train,colon_aca/colonca860.jpeg,1,adenocarcinoma,colonca860,colon_aca,230,230
train,colon_aca/colonca861.jpeg,1,adenocarcinoma,colonca861,colon_aca,230,230
train,colon_aca/colonca862.jpeg,1,adenocarcinoma,colonca862,colon_aca,2,2
train,colon_aca/colonca863.jpeg,1,adenocarcinoma,colonca863,colon_aca,89,89
train,colon_aca/colonca865.jpeg,1,adenocarcinoma,colonca865,colon_aca,99,99
train,colon_aca/colonca866.jpeg,1,adenocarcinoma,colonca866,colon_aca,174,174
train,colon_aca/colonca868.jpeg,1,adenocarcinoma,colonca868,colon_aca,77,77
train,colon_aca/colonca869.jpeg,1,adenocarcinoma,colonca869,colon_aca,208,208
train,colon_aca/colonca87.jpeg,1,adenocarcinoma,colonca87,colon_aca,92,92
train,colon_aca/colonca870.jpeg,1,adenocarcinoma,colonca870,colon_aca,113,113
train,colon_aca/colonca871.jpeg,1,adenocarcinoma,colonca871,colon_aca,214,214
train,colon_aca/colonca872.jpeg,1,adenocarcinoma,colonca872,colon_aca,98,98
train,colon_aca/colonca873.jpeg,1,adenocarcinoma,colonca873,colon_aca,22,22
train,colon_aca/colonca874.jpeg,1,adenocarcinoma,colonca874,colon_aca,220,220
train,colon_aca/colonca875.jpeg,1,adenocarcinoma,colonca875,colon_aca,220,220
train,colon_aca/colonca876.jpeg,1,adenocarcinoma,colonca876,colon_aca,53,53
train,colon_aca/colonca877.jpeg,1,adenocarcinoma,colonca877,colon_aca,186,186
train,colon_aca/colonca878.jpeg,1,adenocarcinoma,colonca878,colon_aca,212,212
train,colon_aca/colonca879.jpeg,1,adenocarcinoma,colonca879,colon_aca,133,133
train,colon_aca/colonca88.jpeg,1,adenocarcinoma,colonca88,colon_aca,163,163
train,colon_aca/colonca880.jpeg,1,adenocarcinoma,colonca880,colon_aca,128,128
train,colon_aca/colonca881.jpeg,1,adenocarcinoma,colonca881,colon_aca,128,128
train,colon_aca/colonca882.jpeg,1,adenocarcinoma,colonca882,colon_aca,27,27
train,colon_aca/colonca884.jpeg,1,adenocarcinoma,colonca884,colon_aca,191,191
train,colon_aca/colonca887.jpeg,1,adenocarcinoma,colonca887,colon_aca,105,105
train,colon_aca/colonca888.jpeg,1,adenocarcinoma,colonca888,colon_aca,207,207
train,colon_aca/colonca89.jpeg,1,adenocarcinoma,colonca89,colon_aca,228,228
train,colon_aca/colonca890.jpeg,1,adenocarcinoma,colonca890,colon_aca,44,44
train,colon_aca/colonca891.jpeg,1,adenocarcinoma,colonca891,colon_aca,229,229
train,colon_aca/colonca892.jpeg,1,adenocarcinoma,colonca892,colon_aca,62,62
train,colon_aca/colonca893.jpeg,1,adenocarcinoma,colonca893,colon_aca,131,131
train,colon_aca/colonca894.jpeg,1,adenocarcinoma,colonca894,colon_aca,131,131
train,colon_aca/colonca895.jpeg,1,adenocarcinoma,colonca895,colon_aca,17,17
train,colon_aca/colonca896.jpeg,1,adenocarcinoma,colonca896,colon_aca,81,81
train,colon_aca/colonca897.jpeg,1,adenocarcinoma,colonca897,colon_aca,81,81
train,colon_aca/colonca898.jpeg,1,adenocarcinoma,colonca898,colon_aca,59,59
train,colon_aca/colonca9.jpeg,1,adenocarcinoma,colonca9,colon_aca,160,160
train,colon_aca/colonca90.jpeg,1,adenocarcinoma,colonca90,colon_aca,176,176
train,colon_aca/colonca900.jpeg,1,adenocarcinoma,colonca900,colon_aca,29,29
train,colon_aca/colonca901.jpeg,1,adenocarcinoma,colonca901,colon_aca,40,40
train,colon_aca/colonca904.jpeg,1,adenocarcinoma,colonca904,colon_aca,237,237
train,colon_aca/colonca905.jpeg,1,adenocarcinoma,colonca905,colon_aca,136,136
train,colon_aca/colonca906.jpeg,1,adenocarcinoma,colonca906,colon_aca,95,95
train,colon_aca/colonca907.jpeg,1,adenocarcinoma,colonca907,colon_aca,235,235
train,colon_aca/colonca909.jpeg,1,adenocarcinoma,colonca909,colon_aca,20,20
train,colon_aca/colonca91.jpeg,1,adenocarcinoma,colonca91,colon_aca,179,179
train,colon_aca/colonca910.jpeg,1,adenocarcinoma,colonca910,colon_aca,141,141
train,colon_aca/colonca911.jpeg,1,adenocarcinoma,colonca911,colon_aca,34,34
train,colon_aca/colonca912.jpeg,1,adenocarcinoma,colonca912,colon_aca,138,138
train,colon_aca/colonca916.jpeg,1,adenocarcinoma,colonca916,colon_aca,146,146
train,colon_aca/colonca917.jpeg,1,adenocarcinoma,colonca917,colon_aca,147,147
train,colon_aca/colonca918.jpeg,1,adenocarcinoma,colonca918,colon_aca,91,91
train,colon_aca/colonca920.jpeg,1,adenocarcinoma,colonca920,colon_aca,47,47
train,colon_aca/colonca921.jpeg,1,adenocarcinoma,colonca921,colon_aca,72,72
train,colon_aca/colonca923.jpeg,1,adenocarcinoma,colonca923,colon_aca,234,234
train,colon_aca/colonca924.jpeg,1,adenocarcinoma,colonca924,colon_aca,65,65
train,colon_aca/colonca926.jpeg,1,adenocarcinoma,colonca926,colon_aca,116,116
train,colon_aca/colonca927.jpeg,1,adenocarcinoma,colonca927,colon_aca,49,49
train,colon_aca/colonca928.jpeg,1,adenocarcinoma,colonca928,colon_aca,214,214
train,colon_aca/colonca929.jpeg,1,adenocarcinoma,colonca929,colon_aca,214,214
train,colon_aca/colonca930.jpeg,1,adenocarcinoma,colonca930,colon_aca,22,22
train,colon_aca/colonca931.jpeg,1,adenocarcinoma,colonca931,colon_aca,22,22
train,colon_aca/colonca932.jpeg,1,adenocarcinoma,colonca932,colon_aca,82,82
train,colon_aca/colonca933.jpeg,1,adenocarcinoma,colonca933,colon_aca,54,54
train,colon_aca/colonca934.jpeg,1,adenocarcinoma,colonca934,colon_aca,145,145
train,colon_aca/colonca936.jpeg,1,adenocarcinoma,colonca936,colon_aca,177,177
train,colon_aca/colonca937.jpeg,1,adenocarcinoma,colonca937,colon_aca,242,242
train,colon_aca/colonca938.jpeg,1,adenocarcinoma,colonca938,colon_aca,27,27
train,colon_aca/colonca939.jpeg,1,adenocarcinoma,colonca939,colon_aca,35,35
train,colon_aca/colonca94.jpeg,1,adenocarcinoma,colonca94,colon_aca,222,222
train,colon_aca/colonca940.jpeg,1,adenocarcinoma,colonca940,colon_aca,35,35
train,colon_aca/colonca942.jpeg,1,adenocarcinoma,colonca942,colon_aca,3,3
train,colon_aca/colonca943.jpeg,1,adenocarcinoma,colonca943,colon_aca,208,208
train,colon_aca/colonca944.jpeg,1,adenocarcinoma,colonca944,colon_aca,11,11
train,colon_aca/colonca945.jpeg,1,adenocarcinoma,colonca945,colon_aca,121,121
train,colon_aca/colonca948.jpeg,1,adenocarcinoma,colonca948,colon_aca,131,131
train,colon_aca/colonca949.jpeg,1,adenocarcinoma,colonca949,colon_aca,149,149
train,colon_aca/colonca95.jpeg,1,adenocarcinoma,colonca95,colon_aca,47,47
train,colon_aca/colonca950.jpeg,1,adenocarcinoma,colonca950,colon_aca,205,205
train,colon_aca/colonca954.jpeg,1,adenocarcinoma,colonca954,colon_aca,206,206
train,colon_aca/colonca955.jpeg,1,adenocarcinoma,colonca955,colon_aca,161,161
train,colon_aca/colonca957.jpeg,1,adenocarcinoma,colonca957,colon_aca,171,171
train,colon_aca/colonca959.jpeg,1,adenocarcinoma,colonca959,colon_aca,157,157
train,colon_aca/colonca96.jpeg,1,adenocarcinoma,colonca96,colon_aca,72,72
train,colon_aca/colonca960.jpeg,1,adenocarcinoma,colonca960,colon_aca,221,221
train,colon_aca/colonca962.jpeg,1,adenocarcinoma,colonca962,colon_aca,0,0
train,colon_aca/colonca964.jpeg,1,adenocarcinoma,colonca964,colon_aca,197,197
train,colon_aca/colonca965.jpeg,1,adenocarcinoma,colonca965,colon_aca,57,57
train,colon_aca/colonca966.jpeg,1,adenocarcinoma,colonca966,colon_aca,57,57
train,colon_aca/colonca967.jpeg,1,adenocarcinoma,colonca967,colon_aca,150,150
train,colon_aca/colonca968.jpeg,1,adenocarcinoma,colonca968,colon_aca,61,61
train,colon_aca/colonca969.jpeg,1,adenocarcinoma,colonca969,colon_aca,61,61
train,colon_aca/colonca970.jpeg,1,adenocarcinoma,colonca970,colon_aca,165,165
train,colon_aca/colonca971.jpeg,1,adenocarcinoma,colonca971,colon_aca,32,32
train,colon_aca/colonca972.jpeg,1,adenocarcinoma,colonca972,colon_aca,163,163
train,colon_aca/colonca973.jpeg,1,adenocarcinoma,colonca973,colon_aca,228,228
train,colon_aca/colonca974.jpeg,1,adenocarcinoma,colonca974,colon_aca,2,2
train,colon_aca/colonca975.jpeg,1,adenocarcinoma,colonca975,colon_aca,2,2
train,colon_aca/colonca976.jpeg,1,adenocarcinoma,colonca976,colon_aca,91,91
train,colon_aca/colonca978.jpeg,1,adenocarcinoma,colonca978,colon_aca,47,47
train,colon_aca/colonca979.jpeg,1,adenocarcinoma,colonca979,colon_aca,151,151
train,colon_aca/colonca980.jpeg,1,adenocarcinoma,colonca980,colon_aca,77,77
train,colon_aca/colonca981.jpeg,1,adenocarcinoma,colonca981,colon_aca,231,231
train,colon_aca/colonca982.jpeg,1,adenocarcinoma,colonca982,colon_aca,76,76
train,colon_aca/colonca983.jpeg,1,adenocarcinoma,colonca983,colon_aca,76,76
train,colon_aca/colonca984.jpeg,1,adenocarcinoma,colonca984,colon_aca,65,65
train,colon_aca/colonca985.jpeg,1,adenocarcinoma,colonca985,colon_aca,65,65
train,colon_aca/colonca986.jpeg,1,adenocarcinoma,colonca986,colon_aca,49,49
train,colon_aca/colonca987.jpeg,1,adenocarcinoma,colonca987,colon_aca,218,218
train,colon_aca/colonca989.jpeg,1,adenocarcinoma,colonca989,colon_aca,214,214
train,colon_aca/colonca990.jpeg,1,adenocarcinoma,colonca990,colon_aca,101,101
train,colon_aca/colonca991.jpeg,1,adenocarcinoma,colonca991,colon_aca,85,85
train,colon_aca/colonca992.jpeg,1,adenocarcinoma,colonca992,colon_aca,82,82
train,colon_aca/colonca994.jpeg,1,adenocarcinoma,colonca994,colon_aca,54,54
train,colon_aca/colonca995.jpeg,1,adenocarcinoma,colonca995,colon_aca,212,212
train,colon_aca/colonca996.jpeg,1,adenocarcinoma,colonca996,colon_aca,212,212
train,colon_aca/colonca997.jpeg,1,adenocarcinoma,colonca997,colon_aca,133,133
train,colon_aca/colonca998.jpeg,1,adenocarcinoma,colonca998,colon_aca,133,133
train,colon_aca/colonca999.jpeg,1,adenocarcinoma,colonca999,colon_aca,226,226
validation,colon_n/colonn1012.jpeg,0,benign,colonn1012,colon_n,75,324
validation,colon_n/colonn1014.jpeg,0,benign,colonn1014,colon_n,206,455
validation,colon_n/colonn1025.jpeg,0,benign,colonn1025,colon_n,9,258
validation,colon_n/colonn1026.jpeg,0,benign,colonn1026,colon_n,9,258
validation,colon_n/colonn1027.jpeg,0,benign,colonn1027,colon_n,9,258
validation,colon_n/colonn1030.jpeg,0,benign,colonn1030,colon_n,224,473
validation,colon_n/colonn1054.jpeg,0,benign,colonn1054,colon_n,16,265
validation,colon_n/colonn1055.jpeg,0,benign,colonn1055,colon_n,168,417
validation,colon_n/colonn1062.jpeg,0,benign,colonn1062,colon_n,67,316
validation,colon_n/colonn1070.jpeg,0,benign,colonn1070,colon_n,190,439
validation,colon_n/colonn1071.jpeg,0,benign,colonn1071,colon_n,120,369
validation,colon_n/colonn1078.jpeg,0,benign,colonn1078,colon_n,30,279
validation,colon_n/colonn1079.jpeg,0,benign,colonn1079,colon_n,224,473
validation,colon_n/colonn1091.jpeg,0,benign,colonn1091,colon_n,208,457
validation,colon_n/colonn1096.jpeg,0,benign,colonn1096,colon_n,114,363
validation,colon_n/colonn1097.jpeg,0,benign,colonn1097,colon_n,114,363
validation,colon_n/colonn1104.jpeg,0,benign,colonn1104,colon_n,38,287
validation,colon_n/colonn1124.jpeg,0,benign,colonn1124,colon_n,111,360
validation,colon_n/colonn1129.jpeg,0,benign,colonn1129,colon_n,125,374
validation,colon_n/colonn1136.jpeg,0,benign,colonn1136,colon_n,68,317
validation,colon_n/colonn1146.jpeg,0,benign,colonn1146,colon_n,33,282
validation,colon_n/colonn1147.jpeg,0,benign,colonn1147,colon_n,33,282
validation,colon_n/colonn1148.jpeg,0,benign,colonn1148,colon_n,33,282
validation,colon_n/colonn1152.jpeg,0,benign,colonn1152,colon_n,216,465
validation,colon_n/colonn1154.jpeg,0,benign,colonn1154,colon_n,192,441
validation,colon_n/colonn1155.jpeg,0,benign,colonn1155,colon_n,192,441
validation,colon_n/colonn1170.jpeg,0,benign,colonn1170,colon_n,209,458
validation,colon_n/colonn118.jpeg,0,benign,colonn118,colon_n,168,417
validation,colon_n/colonn1197.jpeg,0,benign,colonn1197,colon_n,30,279
validation,colon_n/colonn12.jpeg,0,benign,colonn12,colon_n,165,414
validation,colon_n/colonn1201.jpeg,0,benign,colonn1201,colon_n,252,501
validation,colon_n/colonn1208.jpeg,0,benign,colonn1208,colon_n,216,465
validation,colon_n/colonn122.jpeg,0,benign,colonn122,colon_n,221,470
validation,colon_n/colonn1221.jpeg,0,benign,colonn1221,colon_n,16,265
validation,colon_n/colonn123.jpeg,0,benign,colonn123,colon_n,221,470
validation,colon_n/colonn1239.jpeg,0,benign,colonn1239,colon_n,125,374
validation,colon_n/colonn1252.jpeg,0,benign,colonn1252,colon_n,30,279
validation,colon_n/colonn1263.jpeg,0,benign,colonn1263,colon_n,114,363
validation,colon_n/colonn1279.jpeg,0,benign,colonn1279,colon_n,209,458
validation,colon_n/colonn1290.jpeg,0,benign,colonn1290,colon_n,165,414
validation,colon_n/colonn1291.jpeg,0,benign,colonn1291,colon_n,165,414
validation,colon_n/colonn1292.jpeg,0,benign,colonn1292,colon_n,101,350
validation,colon_n/colonn1299.jpeg,0,benign,colonn1299,colon_n,178,427
validation,colon_n/colonn13.jpeg,0,benign,colonn13,colon_n,165,414
validation,colon_n/colonn1302.jpeg,0,benign,colonn1302,colon_n,224,473
validation,colon_n/colonn1303.jpeg,0,benign,colonn1303,colon_n,24,273
validation,colon_n/colonn1305.jpeg,0,benign,colonn1305,colon_n,252,501
validation,colon_n/colonn1306.jpeg,0,benign,colonn1306,colon_n,252,501
validation,colon_n/colonn1318.jpeg,0,benign,colonn1318,colon_n,10,259
validation,colon_n/colonn1319.jpeg,0,benign,colonn1319,colon_n,10,259
validation,colon_n/colonn1323.jpeg,0,benign,colonn1323,colon_n,38,287
validation,colon_n/colonn1352.jpeg,0,benign,colonn1352,colon_n,101,350
validation,colon_n/colonn1357.jpeg,0,benign,colonn1357,colon_n,154,403
validation,colon_n/colonn1385.jpeg,0,benign,colonn1385,colon_n,172,421
validation,colon_n/colonn1392.jpeg,0,benign,colonn1392,colon_n,126,375
validation,colon_n/colonn1399.jpeg,0,benign,colonn1399,colon_n,45,294
validation,colon_n/colonn1405.jpeg,0,benign,colonn1405,colon_n,209,458
validation,colon_n/colonn1412.jpeg,0,benign,colonn1412,colon_n,101,350
validation,colon_n/colonn1414.jpeg,0,benign,colonn1414,colon_n,154,403
validation,colon_n/colonn1416.jpeg,0,benign,colonn1416,colon_n,190,439
validation,colon_n/colonn142.jpeg,0,benign,colonn142,colon_n,79,328
validation,colon_n/colonn1421.jpeg,0,benign,colonn1421,colon_n,30,279
validation,colon_n/colonn1422.jpeg,0,benign,colonn1422,colon_n,30,279
validation,colon_n/colonn1425.jpeg,0,benign,colonn1425,colon_n,90,339
validation,colon_n/colonn1426.jpeg,0,benign,colonn1426,colon_n,24,273
validation,colon_n/colonn1434.jpeg,0,benign,colonn1434,colon_n,208,457
validation,colon_n/colonn1438.jpeg,0,benign,colonn1438,colon_n,192,441
validation,colon_n/colonn144.jpeg,0,benign,colonn144,colon_n,9,258
validation,colon_n/colonn1441.jpeg,0,benign,colonn1441,colon_n,172,421
validation,colon_n/colonn1443.jpeg,0,benign,colonn1443,colon_n,126,375
validation,colon_n/colonn1449.jpeg,0,benign,colonn1449,colon_n,221,470
validation,colon_n/colonn1456.jpeg,0,benign,colonn1456,colon_n,162,411
validation,colon_n/colonn146.jpeg,0,benign,colonn146,colon_n,224,473
validation,colon_n/colonn1462.jpeg,0,benign,colonn1462,colon_n,75,324
validation,colon_n/colonn1469.jpeg,0,benign,colonn1469,colon_n,190,439
validation,colon_n/colonn147.jpeg,0,benign,colonn147,colon_n,24,273
validation,colon_n/colonn1471.jpeg,0,benign,colonn1471,colon_n,120,369
validation,colon_n/colonn1488.jpeg,0,benign,colonn1488,colon_n,10,259
validation,colon_n/colonn1489.jpeg,0,benign,colonn1489,colon_n,10,259
validation,colon_n/colonn15.jpeg,0,benign,colonn15,colon_n,241,490
validation,colon_n/colonn1500.jpeg,0,benign,colonn1500,colon_n,86,335
validation,colon_n/colonn1504.jpeg,0,benign,colonn1504,colon_n,221,470
validation,colon_n/colonn1511.jpeg,0,benign,colonn1511,colon_n,67,316
validation,colon_n/colonn1512.jpeg,0,benign,colonn1512,colon_n,162,411
validation,colon_n/colonn1518.jpeg,0,benign,colonn1518,colon_n,241,490
validation,colon_n/colonn1522.jpeg,0,benign,colonn1522,colon_n,101,350
validation,colon_n/colonn1532.jpeg,0,benign,colonn1532,colon_n,178,427
validation,colon_n/colonn1536.jpeg,0,benign,colonn1536,colon_n,30,279
validation,colon_n/colonn1537.jpeg,0,benign,colonn1537,colon_n,24,273
validation,colon_n/colonn1544.jpeg,0,benign,colonn1544,colon_n,216,465
validation,colon_n/colonn1550.jpeg,0,benign,colonn1550,colon_n,10,259
validation,colon_n/colonn1553.jpeg,0,benign,colonn1553,colon_n,172,421
validation,colon_n/colonn156.jpeg,0,benign,colonn156,colon_n,216,465
validation,colon_n/colonn1561.jpeg,0,benign,colonn1561,colon_n,45,294
validation,colon_n/colonn1583.jpeg,0,benign,colonn1583,colon_n,178,427
validation,colon_n/colonn1585.jpeg,0,benign,colonn1585,colon_n,79,328
validation,colon_n/colonn1586.jpeg,0,benign,colonn1586,colon_n,9,258
validation,colon_n/colonn1599.jpeg,0,benign,colonn1599,colon_n,216,465
validation,colon_n/colonn1618.jpeg,0,benign,colonn1618,colon_n,86,335
validation,colon_n/colonn1619.jpeg,0,benign,colonn1619,colon_n,45,294
validation,colon_n/colonn1632.jpeg,0,benign,colonn1632,colon_n,75,324
validation,colon_n/colonn1635.jpeg,0,benign,colonn1635,colon_n,120,369
validation,colon_n/colonn1641.jpeg,0,benign,colonn1641,colon_n,178,427
validation,colon_n/colonn1643.jpeg,0,benign,colonn1643,colon_n,252,501
validation,colon_n/colonn1647.jpeg,0,benign,colonn1647,colon_n,33,282
validation,colon_n/colonn1662.jpeg,0,benign,colonn1662,colon_n,38,287
validation,colon_n/colonn1663.jpeg,0,benign,colonn1663,colon_n,38,287
validation,colon_n/colonn1669.jpeg,0,benign,colonn1669,colon_n,126,375
validation,colon_n/colonn1681.jpeg,0,benign,colonn1681,colon_n,221,470
validation,colon_n/colonn169.jpeg,0,benign,colonn169,colon_n,168,417
validation,colon_n/colonn1715.jpeg,0,benign,colonn1715,colon_n,33,282
validation,colon_n/colonn1720.jpeg,0,benign,colonn1720,colon_n,114,363
validation,colon_n/colonn1727.jpeg,0,benign,colonn1727,colon_n,192,441
validation,colon_n/colonn1728.jpeg,0,benign,colonn1728,colon_n,192,441
validation,colon_n/colonn173.jpeg,0,benign,colonn173,colon_n,45,294
validation,colon_n/colonn1733.jpeg,0,benign,colonn1733,colon_n,16,265
validation,colon_n/colonn1734.jpeg,0,benign,colonn1734,colon_n,16,265
validation,colon_n/colonn1738.jpeg,0,benign,colonn1738,colon_n,86,335
validation,colon_n/colonn1739.jpeg,0,benign,colonn1739,colon_n,86,335
validation,colon_n/colonn1756.jpeg,0,benign,colonn1756,colon_n,206,455
validation,colon_n/colonn1757.jpeg,0,benign,colonn1757,colon_n,154,403
validation,colon_n/colonn1764.jpeg,0,benign,colonn1764,colon_n,68,317
validation,colon_n/colonn1766.jpeg,0,benign,colonn1766,colon_n,79,328
validation,colon_n/colonn1769.jpeg,0,benign,colonn1769,colon_n,90,339
validation,colon_n/colonn1775.jpeg,0,benign,colonn1775,colon_n,192,441
validation,colon_n/colonn1777.jpeg,0,benign,colonn1777,colon_n,10,259
validation,colon_n/colonn1779.jpeg,0,benign,colonn1779,colon_n,225,474
validation,colon_n/colonn1792.jpeg,0,benign,colonn1792,colon_n,86,335
validation,colon_n/colonn1797.jpeg,0,benign,colonn1797,colon_n,209,458
validation,colon_n/colonn18.jpeg,0,benign,colonn18,colon_n,190,439
validation,colon_n/colonn1817.jpeg,0,benign,colonn1817,colon_n,79,328
validation,colon_n/colonn1818.jpeg,0,benign,colonn1818,colon_n,79,328
validation,colon_n/colonn1819.jpeg,0,benign,colonn1819,colon_n,79,328
validation,colon_n/colonn1820.jpeg,0,benign,colonn1820,colon_n,30,279
validation,colon_n/colonn1821.jpeg,0,benign,colonn1821,colon_n,9,258
validation,colon_n/colonn1824.jpeg,0,benign,colonn1824,colon_n,224,473
validation,colon_n/colonn1849.jpeg,0,benign,colonn1849,colon_n,86,335
validation,colon_n/colonn1850.jpeg,0,benign,colonn1850,colon_n,45,294
validation,colon_n/colonn1857.jpeg,0,benign,colonn1857,colon_n,67,316
validation,colon_n/colonn1866.jpeg,0,benign,colonn1866,colon_n,101,350
validation,colon_n/colonn1872.jpeg,0,benign,colonn1872,colon_n,68,317
validation,colon_n/colonn1878.jpeg,0,benign,colonn1878,colon_n,9,258
validation,colon_n/colonn1887.jpeg,0,benign,colonn1887,colon_n,252,501
validation,colon_n/colonn1898.jpeg,0,benign,colonn1898,colon_n,38,287
validation,colon_n/colonn1900.jpeg,0,benign,colonn1900,colon_n,225,474
validation,colon_n/colonn1903.jpeg,0,benign,colonn1903,colon_n,126,375
validation,colon_n/colonn1909.jpeg,0,benign,colonn1909,colon_n,168,417
validation,colon_n/colonn1910.jpeg,0,benign,colonn1910,colon_n,45,294
validation,colon_n/colonn1911.jpeg,0,benign,colonn1911,colon_n,209,458
validation,colon_n/colonn192.jpeg,0,benign,colonn192,colon_n,101,350
validation,colon_n/colonn1920.jpeg,0,benign,colonn1920,colon_n,111,360
validation,colon_n/colonn1929.jpeg,0,benign,colonn1929,colon_n,190,439
validation,colon_n/colonn1930.jpeg,0,benign,colonn1930,colon_n,68,317
validation,colon_n/colonn1937.jpeg,0,benign,colonn1937,colon_n,9,258
validation,colon_n/colonn1940.jpeg,0,benign,colonn1940,colon_n,252,501
validation,colon_n/colonn1942.jpeg,0,benign,colonn1942,colon_n,33,282
validation,colon_n/colonn1945.jpeg,0,benign,colonn1945,colon_n,114,363
validation,colon_n/colonn1953.jpeg,0,benign,colonn1953,colon_n,172,421
validation,colon_n/colonn1972.jpeg,0,benign,colonn1972,colon_n,45,294
validation,colon_n/colonn1981.jpeg,0,benign,colonn1981,colon_n,162,411
validation,colon_n/colonn1982.jpeg,0,benign,colonn1982,colon_n,162,411
validation,colon_n/colonn1987.jpeg,0,benign,colonn1987,colon_n,101,350
validation,colon_n/colonn1988.jpeg,0,benign,colonn1988,colon_n,101,350
validation,colon_n/colonn1989.jpeg,0,benign,colonn1989,colon_n,125,374
validation,colon_n/colonn1990.jpeg,0,benign,colonn1990,colon_n,154,403
validation,colon_n/colonn1991.jpeg,0,benign,colonn1991,colon_n,154,403
validation,colon_n/colonn1995.jpeg,0,benign,colonn1995,colon_n,190,439
validation,colon_n/colonn1997.jpeg,0,benign,colonn1997,colon_n,120,369
validation,colon_n/colonn20.jpeg,0,benign,colonn20,colon_n,68,317
validation,colon_n/colonn2011.jpeg,0,benign,colonn2011,colon_n,252,501
validation,colon_n/colonn2019.jpeg,0,benign,colonn2019,colon_n,225,474
validation,colon_n/colonn2023.jpeg,0,benign,colonn2023,colon_n,126,375
validation,colon_n/colonn203.jpeg,0,benign,colonn203,colon_n,9,258
validation,colon_n/colonn2040.jpeg,0,benign,colonn2040,colon_n,67,316
validation,colon_n/colonn2042.jpeg,0,benign,colonn2042,colon_n,162,411
validation,colon_n/colonn2048.jpeg,0,benign,colonn2048,colon_n,125,374
validation,colon_n/colonn2052.jpeg,0,benign,colonn2052,colon_n,120,369
validation,colon_n/colonn2056.jpeg,0,benign,colonn2056,colon_n,178,427
validation,colon_n/colonn2058.jpeg,0,benign,colonn2058,colon_n,30,279
validation,colon_n/colonn2061.jpeg,0,benign,colonn2061,colon_n,24,273
validation,colon_n/colonn208.jpeg,0,benign,colonn208,colon_n,252,501
validation,colon_n/colonn2081.jpeg,0,benign,colonn2081,colon_n,16,265
validation,colon_n/colonn2084.jpeg,0,benign,colonn2084,colon_n,221,470
validation,colon_n/colonn2090.jpeg,0,benign,colonn2090,colon_n,111,360
validation,colon_n/colonn2094.jpeg,0,benign,colonn2094,colon_n,75,324
validation,colon_n/colonn2111.jpeg,0,benign,colonn2111,colon_n,252,501
validation,colon_n/colonn2112.jpeg,0,benign,colonn2112,colon_n,252,501
validation,colon_n/colonn2117.jpeg,0,benign,colonn2117,colon_n,33,282
validation,colon_n/colonn2118.jpeg,0,benign,colonn2118,colon_n,33,282
validation,colon_n/colonn2120.jpeg,0,benign,colonn2120,colon_n,114,363
validation,colon_n/colonn2134.jpeg,0,benign,colonn2134,colon_n,126,375
validation,colon_n/colonn2139.jpeg,0,benign,colonn2139,colon_n,168,417
validation,colon_n/colonn215.jpeg,0,benign,colonn215,colon_n,33,282
validation,colon_n/colonn2152.jpeg,0,benign,colonn2152,colon_n,162,411
validation,colon_n/colonn2161.jpeg,0,benign,colonn2161,colon_n,125,374
validation,colon_n/colonn2162.jpeg,0,benign,colonn2162,colon_n,206,455
validation,colon_n/colonn2170.jpeg,0,benign,colonn2170,colon_n,90,339
validation,colon_n/colonn2173.jpeg,0,benign,colonn2173,colon_n,252,501
validation,colon_n/colonn2185.jpeg,0,benign,colonn2185,colon_n,10,259
validation,colon_n/colonn219.jpeg,0,benign,colonn219,colon_n,114,363
validation,colon_n/colonn2196.jpeg,0,benign,colonn2196,colon_n,168,417
validation,colon_n/colonn2197.jpeg,0,benign,colonn2197,colon_n,168,417
validation,colon_n/colonn220.jpeg,0,benign,colonn220,colon_n,216,465
validation,colon_n/colonn2201.jpeg,0,benign,colonn2201,colon_n,45,294
validation,colon_n/colonn2202.jpeg,0,benign,colonn2202,colon_n,221,470
validation,colon_n/colonn2207.jpeg,0,benign,colonn2207,colon_n,67,316
validation,colon_n/colonn221.jpeg,0,benign,colonn221,colon_n,216,465
validation,colon_n/colonn2211.jpeg,0,benign,colonn2211,colon_n,111,360
validation,colon_n/colonn2233.jpeg,0,benign,colonn2233,colon_n,79,328
validation,colon_n/colonn2236.jpeg,0,benign,colonn2236,colon_n,224,473
validation,colon_n/colonn2248.jpeg,0,benign,colonn2248,colon_n,172,421
validation,colon_n/colonn2260.jpeg,0,benign,colonn2260,colon_n,165,414
validation,colon_n/colonn2261.jpeg,0,benign,colonn2261,colon_n,165,414
validation,colon_n/colonn2273.jpeg,0,benign,colonn2273,colon_n,120,369
validation,colon_n/colonn2277.jpeg,0,benign,colonn2277,colon_n,79,328
validation,colon_n/colonn228.jpeg,0,benign,colonn228,colon_n,126,375
validation,colon_n/colonn2283.jpeg,0,benign,colonn2283,colon_n,24,273
validation,colon_n/colonn2295.jpeg,0,benign,colonn2295,colon_n,192,441
validation,colon_n/colonn2296.jpeg,0,benign,colonn2296,colon_n,10,259
validation,colon_n/colonn23.jpeg,0,benign,colonn23,colon_n,9,258
validation,colon_n/colonn2300.jpeg,0,benign,colonn2300,colon_n,38,287
validation,colon_n/colonn2321.jpeg,0,benign,colonn2321,colon_n,111,360
validation,colon_n/colonn2332.jpeg,0,benign,colonn2332,colon_n,170,419
validation,colon_n/colonn2333.jpeg,0,benign,colonn2333,colon_n,206,455
validation,colon_n/colonn2334.jpeg,0,benign,colonn2334,colon_n,206,455
validation,colon_n/colonn2342.jpeg,0,benign,colonn2342,colon_n,30,279
validation,colon_n/colonn2344.jpeg,0,benign,colonn2344,colon_n,224,473
validation,colon_n/colonn2345.jpeg,0,benign,colonn2345,colon_n,90,339
validation,colon_n/colonn2357.jpeg,0,benign,colonn2357,colon_n,10,259
validation,colon_n/colonn2359.jpeg,0,benign,colonn2359,colon_n,38,287
validation,colon_n/colonn2370.jpeg,0,benign,colonn2370,colon_n,45,294
validation,colon_n/colonn2371.jpeg,0,benign,colonn2371,colon_n,45,294
validation,colon_n/colonn2377.jpeg,0,benign,colonn2377,colon_n,209,458
validation,colon_n/colonn2390.jpeg,0,benign,colonn2390,colon_n,154,403
validation,colon_n/colonn2398.jpeg,0,benign,colonn2398,colon_n,178,427
validation,colon_n/colonn2400.jpeg,0,benign,colonn2400,colon_n,9,258
validation,colon_n/colonn2406.jpeg,0,benign,colonn2406,colon_n,252,501
validation,colon_n/colonn2412.jpeg,0,benign,colonn2412,colon_n,114,363
validation,colon_n/colonn2413.jpeg,0,benign,colonn2413,colon_n,216,465
validation,colon_n/colonn2416.jpeg,0,benign,colonn2416,colon_n,10,259
validation,colon_n/colonn2417.jpeg,0,benign,colonn2417,colon_n,172,421
validation,colon_n/colonn2418.jpeg,0,benign,colonn2418,colon_n,225,474
validation,colon_n/colonn2428.jpeg,0,benign,colonn2428,colon_n,86,335
validation,colon_n/colonn2429.jpeg,0,benign,colonn2429,colon_n,45,294
validation,colon_n/colonn244.jpeg,0,benign,colonn244,colon_n,111,360
validation,colon_n/colonn2440.jpeg,0,benign,colonn2440,colon_n,165,414
validation,colon_n/colonn2463.jpeg,0,benign,colonn2463,colon_n,252,501
validation,colon_n/colonn2468.jpeg,0,benign,colonn2468,colon_n,114,363
validation,colon_n/colonn2469.jpeg,0,benign,colonn2469,colon_n,114,363
validation,colon_n/colonn2474.jpeg,0,benign,colonn2474,colon_n,172,421
validation,colon_n/colonn2475.jpeg,0,benign,colonn2475,colon_n,225,474
validation,colon_n/colonn2481.jpeg,0,benign,colonn2481,colon_n,168,417
validation,colon_n/colonn2483.jpeg,0,benign,colonn2483,colon_n,86,335
validation,colon_n/colonn2494.jpeg,0,benign,colonn2494,colon_n,162,411
validation,colon_n/colonn2500.jpeg,0,benign,colonn2500,colon_n,75,324
validation,colon_n/colonn2505.jpeg,0,benign,colonn2505,colon_n,125,374
validation,colon_n/colonn2506.jpeg,0,benign,colonn2506,colon_n,125,374
validation,colon_n/colonn2507.jpeg,0,benign,colonn2507,colon_n,206,455
validation,colon_n/colonn2511.jpeg,0,benign,colonn2511,colon_n,190,439
validation,colon_n/colonn2514.jpeg,0,benign,colonn2514,colon_n,120,369
validation,colon_n/colonn2517.jpeg,0,benign,colonn2517,colon_n,224,473
validation,colon_n/colonn2524.jpeg,0,benign,colonn2524,colon_n,33,282
validation,colon_n/colonn2533.jpeg,0,benign,colonn2533,colon_n,38,287
validation,colon_n/colonn2536.jpeg,0,benign,colonn2536,colon_n,126,375
validation,colon_n/colonn2540.jpeg,0,benign,colonn2540,colon_n,168,417
validation,colon_n/colonn2541.jpeg,0,benign,colonn2541,colon_n,86,335
validation,colon_n/colonn2554.jpeg,0,benign,colonn2554,colon_n,67,316
validation,colon_n/colonn2563.jpeg,0,benign,colonn2563,colon_n,170,419
validation,colon_n/colonn2572.jpeg,0,benign,colonn2572,colon_n,30,279
validation,colon_n/colonn2573.jpeg,0,benign,colonn2573,colon_n,30,279
validation,colon_n/colonn2574.jpeg,0,benign,colonn2574,colon_n,30,279
validation,colon_n/colonn2576.jpeg,0,benign,colonn2576,colon_n,224,473
validation,colon_n/colonn2578.jpeg,0,benign,colonn2578,colon_n,252,501
validation,colon_n/colonn2586.jpeg,0,benign,colonn2586,colon_n,10,259
validation,colon_n/colonn2587.jpeg,0,benign,colonn2587,colon_n,10,259
validation,colon_n/colonn2589.jpeg,0,benign,colonn2589,colon_n,38,287
validation,colon_n/colonn2591.jpeg,0,benign,colonn2591,colon_n,172,421
validation,colon_n/colonn2597.jpeg,0,benign,colonn2597,colon_n,16,265
validation,colon_n/colonn2600.jpeg,0,benign,colonn2600,colon_n,86,335
validation,colon_n/colonn2603.jpeg,0,benign,colonn2603,colon_n,209,458
validation,colon_n/colonn2607.jpeg,0,benign,colonn2607,colon_n,67,316
validation,colon_n/colonn2613.jpeg,0,benign,colonn2613,colon_n,165,414
validation,colon_n/colonn2615.jpeg,0,benign,colonn2615,colon_n,241,490
validation,colon_n/colonn2616.jpeg,0,benign,colonn2616,colon_n,241,490
validation,colon_n/colonn2624.jpeg,0,benign,colonn2624,colon_n,190,439
validation,colon_n/colonn2628.jpeg,0,benign,colonn2628,colon_n,79,328
validation,colon_n/colonn2630.jpeg,0,benign,colonn2630,colon_n,24,273
validation,colon_n/colonn2643.jpeg,0,benign,colonn2643,colon_n,192,441
validation,colon_n/colonn2644.jpeg,0,benign,colonn2644,colon_n,192,441
validation,colon_n/colonn2654.jpeg,0,benign,colonn2654,colon_n,86,335
validation,colon_n/colonn2655.jpeg,0,benign,colonn2655,colon_n,45,294
validation,colon_n/colonn2664.jpeg,0,benign,colonn2664,colon_n,67,316
validation,colon_n/colonn2667.jpeg,0,benign,colonn2667,colon_n,111,360
validation,colon_n/colonn2677.jpeg,0,benign,colonn2677,colon_n,170,419
validation,colon_n/colonn2685.jpeg,0,benign,colonn2685,colon_n,79,328
validation,colon_n/colonn2687.jpeg,0,benign,colonn2687,colon_n,90,339
validation,colon_n/colonn27.jpeg,0,benign,colonn27,colon_n,33,282
validation,colon_n/colonn2703.jpeg,0,benign,colonn2703,colon_n,172,421
validation,colon_n/colonn2711.jpeg,0,benign,colonn2711,colon_n,168,417
validation,colon_n/colonn2724.jpeg,0,benign,colonn2724,colon_n,111,360
validation,colon_n/colonn2725.jpeg,0,benign,colonn2725,colon_n,165,414
validation,colon_n/colonn2726.jpeg,0,benign,colonn2726,colon_n,165,414
validation,colon_n/colonn2728.jpeg,0,benign,colonn2728,colon_n,170,419
validation,colon_n/colonn273.jpeg,0,benign,colonn273,colon_n,10,259
validation,colon_n/colonn2739.jpeg,0,benign,colonn2739,colon_n,79,328
validation,colon_n/colonn2740.jpeg,0,benign,colonn2740,colon_n,79,328
validation,colon_n/colonn2760.jpeg,0,benign,colonn2760,colon_n,172,421
validation,colon_n/colonn2762.jpeg,0,benign,colonn2762,colon_n,225,474
validation,colon_n/colonn2787.jpeg,0,benign,colonn2787,colon_n,170,419
validation,colon_n/colonn2788.jpeg,0,benign,colonn2788,colon_n,206,455
validation,colon_n/colonn2796.jpeg,0,benign,colonn2796,colon_n,190,439
validation,colon_n/colonn2797.jpeg,0,benign,colonn2797,colon_n,190,439
validation,colon_n/colonn2799.jpeg,0,benign,colonn2799,colon_n,120,369
validation,colon_n/colonn2808.jpeg,0,benign,colonn2808,colon_n,30,279
validation,colon_n/colonn2819.jpeg,0,benign,colonn2819,colon_n,192,441
validation,colon_n/colonn2833.jpeg,0,benign,colonn2833,colon_n,16,265
validation,colon_n/colonn2835.jpeg,0,benign,colonn2835,colon_n,168,417
validation,colon_n/colonn2842.jpeg,0,benign,colonn2842,colon_n,209,458
validation,colon_n/colonn2860.jpeg,0,benign,colonn2860,colon_n,154,403
validation,colon_n/colonn2870.jpeg,0,benign,colonn2870,colon_n,178,427
validation,colon_n/colonn2871.jpeg,0,benign,colonn2871,colon_n,30,279
validation,colon_n/colonn2874.jpeg,0,benign,colonn2874,colon_n,114,363
validation,colon_n/colonn288.jpeg,0,benign,colonn288,colon_n,16,265
validation,colon_n/colonn2885.jpeg,0,benign,colonn2885,colon_n,225,474
validation,colon_n/colonn2899.jpeg,0,benign,colonn2899,colon_n,86,335
validation,colon_n/colonn290.jpeg,0,benign,colonn290,colon_n,168,417
validation,colon_n/colonn2900.jpeg,0,benign,colonn2900,colon_n,86,335
validation,colon_n/colonn2903.jpeg,0,benign,colonn2903,colon_n,45,294
validation,colon_n/colonn2915.jpeg,0,benign,colonn2915,colon_n,241,490
validation,colon_n/colonn2916.jpeg,0,benign,colonn2916,colon_n,206,455
validation,colon_n/colonn2917.jpeg,0,benign,colonn2917,colon_n,154,403
validation,colon_n/colonn2928.jpeg,0,benign,colonn2928,colon_n,252,501
validation,colon_n/colonn2933.jpeg,0,benign,colonn2933,colon_n,33,282
validation,colon_n/colonn294.jpeg,0,benign,colonn294,colon_n,45,294
validation,colon_n/colonn2945.jpeg,0,benign,colonn2945,colon_n,126,375
validation,colon_n/colonn295.jpeg,0,benign,colonn295,colon_n,209,458
validation,colon_n/colonn2953.jpeg,0,benign,colonn2953,colon_n,86,335
validation,colon_n/colonn2960.jpeg,0,benign,colonn2960,colon_n,67,316
validation,colon_n/colonn2974.jpeg,0,benign,colonn2974,colon_n,154,403
validation,colon_n/colonn2981.jpeg,0,benign,colonn2981,colon_n,224,473
validation,colon_n/colonn2987.jpeg,0,benign,colonn2987,colon_n,33,282
validation,colon_n/colonn2999.jpeg,0,benign,colonn2999,colon_n,126,375
validation,colon_n/colonn302.jpeg,0,benign,colonn302,colon_n,67,316
validation,colon_n/colonn3028.jpeg,0,benign,colonn3028,colon_n,101,350
validation,colon_n/colonn3039.jpeg,0,benign,colonn3039,colon_n,79,328
validation,colon_n/colonn3041.jpeg,0,benign,colonn3041,colon_n,90,339
validation,colon_n/colonn3045.jpeg,0,benign,colonn3045,colon_n,252,501
validation,colon_n/colonn3055.jpeg,0,benign,colonn3055,colon_n,38,287
validation,colon_n/colonn3074.jpeg,0,benign,colonn3074,colon_n,170,419
validation,colon_n/colonn3078.jpeg,0,benign,colonn3078,colon_n,190,439
validation,colon_n/colonn308.jpeg,0,benign,colonn308,colon_n,241,490
validation,colon_n/colonn3081.jpeg,0,benign,colonn3081,colon_n,68,317
validation,colon_n/colonn3085.jpeg,0,benign,colonn3085,colon_n,9,258
validation,colon_n/colonn3086.jpeg,0,benign,colonn3086,colon_n,224,473
validation,colon_n/colonn3093.jpeg,0,benign,colonn3093,colon_n,33,282
validation,colon_n/colonn3096.jpeg,0,benign,colonn3096,colon_n,114,363
validation,colon_n/colonn3102.jpeg,0,benign,colonn3102,colon_n,216,465
validation,colon_n/colonn3107.jpeg,0,benign,colonn3107,colon_n,172,421
validation,colon_n/colonn3112.jpeg,0,benign,colonn3112,colon_n,126,375
validation,colon_n/colonn3118.jpeg,0,benign,colonn3118,colon_n,16,265
validation,colon_n/colonn3123.jpeg,0,benign,colonn3123,colon_n,209,458
validation,colon_n/colonn3129.jpeg,0,benign,colonn3129,colon_n,162,411
validation,colon_n/colonn313.jpeg,0,benign,colonn313,colon_n,170,419
validation,colon_n/colonn3132.jpeg,0,benign,colonn3132,colon_n,111,360
validation,colon_n/colonn3133.jpeg,0,benign,colonn3133,colon_n,165,414
validation,colon_n/colonn3139.jpeg,0,benign,colonn3139,colon_n,75,324
validation,colon_n/colonn3152.jpeg,0,benign,colonn3152,colon_n,90,339
validation,colon_n/colonn3153.jpeg,0,benign,colonn3153,colon_n,90,339
validation,colon_n/colonn3160.jpeg,0,benign,colonn3160,colon_n,208,457
validation,colon_n/colonn3174.jpeg,0,benign,colonn3174,colon_n,126,375
validation,colon_n/colonn3175.jpeg,0,benign,colonn3175,colon_n,126,375
validation,colon_n/colonn3191.jpeg,0,benign,colonn3191,colon_n,165,414
validation,colon_n/colonn3197.jpeg,0,benign,colonn3197,colon_n,170,419
validation,colon_n/colonn3198.jpeg,0,benign,colonn3198,colon_n,170,419
validation,colon_n/colonn3215.jpeg,0,benign,colonn3215,colon_n,24,273
validation,colon_n/colonn3225.jpeg,0,benign,colonn3225,colon_n,216,465
validation,colon_n/colonn3234.jpeg,0,benign,colonn3234,colon_n,86,335
validation,colon_n/colonn324.jpeg,0,benign,colonn324,colon_n,90,339
validation,colon_n/colonn3249.jpeg,0,benign,colonn3249,colon_n,111,360
validation,colon_n/colonn3250.jpeg,0,benign,colonn3250,colon_n,170,419
validation,colon_n/colonn3253.jpeg,0,benign,colonn3253,colon_n,68,317
validation,colon_n/colonn3258.jpeg,0,benign,colonn3258,colon_n,9,258
validation,colon_n/colonn3259.jpeg,0,benign,colonn3259,colon_n,90,339
validation,colon_n/colonn3272.jpeg,0,benign,colonn3272,colon_n,10,259
validation,colon_n/colonn3284.jpeg,0,benign,colonn3284,colon_n,45,294
validation,colon_n/colonn3285.jpeg,0,benign,colonn3285,colon_n,209,458
validation,colon_n/colonn3289.jpeg,0,benign,colonn3289,colon_n,67,316
validation,colon_n/colonn3295.jpeg,0,benign,colonn3295,colon_n,75,324
validation,colon_n/colonn3296.jpeg,0,benign,colonn3296,colon_n,101,350
validation,colon_n/colonn3302.jpeg,0,benign,colonn3302,colon_n,178,427
validation,colon_n/colonn3308.jpeg,0,benign,colonn3308,colon_n,24,273
validation,colon_n/colonn3311.jpeg,0,benign,colonn3311,colon_n,252,501
validation,colon_n/colonn3312.jpeg,0,benign,colonn3312,colon_n,252,501
validation,colon_n/colonn3313.jpeg,0,benign,colonn3313,colon_n,252,501
validation,colon_n/colonn3321.jpeg,0,benign,colonn3321,colon_n,216,465
validation,colon_n/colonn3341.jpeg,0,benign,colonn3341,colon_n,86,335
validation,colon_n/colonn3363.jpeg,0,benign,colonn3363,colon_n,101,350
validation,colon_n/colonn3365.jpeg,0,benign,colonn3365,colon_n,154,403
validation,colon_n/colonn3366.jpeg,0,benign,colonn3366,colon_n,154,403
validation,colon_n/colonn3379.jpeg,0,benign,colonn3379,colon_n,224,473
validation,colon_n/colonn3388.jpeg,0,benign,colonn3388,colon_n,216,465
validation,colon_n/colonn3393.jpeg,0,benign,colonn3393,colon_n,38,287
validation,colon_n/colonn3398.jpeg,0,benign,colonn3398,colon_n,126,375
validation,colon_n/colonn3400.jpeg,0,benign,colonn3400,colon_n,45,294
validation,colon_n/colonn3403.jpeg,0,benign,colonn3403,colon_n,221,470
validation,colon_n/colonn341.jpeg,0,benign,colonn341,colon_n,10,259
validation,colon_n/colonn3410.jpeg,0,benign,colonn3410,colon_n,67,316
validation,colon_n/colonn3423.jpeg,0,benign,colonn3423,colon_n,120,369
validation,colon_n/colonn3426.jpeg,0,benign,colonn3426,colon_n,68,317
validation,colon_n/colonn3428.jpeg,0,benign,colonn3428,colon_n,30,279
validation,colon_n/colonn3429.jpeg,0,benign,colonn3429,colon_n,224,473
validation,colon_n/colonn3430.jpeg,0,benign,colonn3430,colon_n,90,339
validation,colon_n/colonn3431.jpeg,0,benign,colonn3431,colon_n,24,273
validation,colon_n/colonn3440.jpeg,0,benign,colonn3440,colon_n,10,259
validation,colon_n/colonn3457.jpeg,0,benign,colonn3457,colon_n,86,335
validation,colon_n/colonn3459.jpeg,0,benign,colonn3459,colon_n,45,294
validation,colon_n/colonn3463.jpeg,0,benign,colonn3463,colon_n,209,458
validation,colon_n/colonn3469.jpeg,0,benign,colonn3469,colon_n,111,360
validation,colon_n/colonn3478.jpeg,0,benign,colonn3478,colon_n,120,369
validation,colon_n/colonn3482.jpeg,0,benign,colonn3482,colon_n,9,258
validation,colon_n/colonn3493.jpeg,0,benign,colonn3493,colon_n,33,282
validation,colon_n/colonn3504.jpeg,0,benign,colonn3504,colon_n,10,259
validation,colon_n/colonn3507.jpeg,0,benign,colonn3507,colon_n,38,287
validation,colon_n/colonn352.jpeg,0,benign,colonn352,colon_n,126,375
validation,colon_n/colonn3535.jpeg,0,benign,colonn3535,colon_n,75,324
validation,colon_n/colonn3546.jpeg,0,benign,colonn3546,colon_n,178,427
validation,colon_n/colonn3549.jpeg,0,benign,colonn3549,colon_n,90,339
validation,colon_n/colonn3550.jpeg,0,benign,colonn3550,colon_n,90,339
validation,colon_n/colonn3558.jpeg,0,benign,colonn3558,colon_n,114,363
validation,colon_n/colonn3569.jpeg,0,benign,colonn3569,colon_n,38,287
validation,colon_n/colonn3570.jpeg,0,benign,colonn3570,colon_n,225,474
validation,colon_n/colonn3578.jpeg,0,benign,colonn3578,colon_n,168,417
validation,colon_n/colonn3587.jpeg,0,benign,colonn3587,colon_n,67,316
validation,colon_n/colonn3590.jpeg,0,benign,colonn3590,colon_n,162,411
validation,colon_n/colonn360.jpeg,0,benign,colonn360,colon_n,209,458
validation,colon_n/colonn3600.jpeg,0,benign,colonn3600,colon_n,206,455
validation,colon_n/colonn3601.jpeg,0,benign,colonn3601,colon_n,154,403
validation,colon_n/colonn361.jpeg,0,benign,colonn361,colon_n,209,458
validation,colon_n/colonn3614.jpeg,0,benign,colonn3614,colon_n,68,317
validation,colon_n/colonn3627.jpeg,0,benign,colonn3627,colon_n,10,259
validation,colon_n/colonn3636.jpeg,0,benign,colonn3636,colon_n,86,335
validation,colon_n/colonn3652.jpeg,0,benign,colonn3652,colon_n,162,411
validation,colon_n/colonn3655.jpeg,0,benign,colonn3655,colon_n,165,414
validation,colon_n/colonn3660.jpeg,0,benign,colonn3660,colon_n,101,350
validation,colon_n/colonn3664.jpeg,0,benign,colonn3664,colon_n,120,369
validation,colon_n/colonn3672.jpeg,0,benign,colonn3672,colon_n,24,273
validation,colon_n/colonn3675.jpeg,0,benign,colonn3675,colon_n,33,282
validation,colon_n/colonn3676.jpeg,0,benign,colonn3676,colon_n,216,465
validation,colon_n/colonn3677.jpeg,0,benign,colonn3677,colon_n,216,465
validation,colon_n/colonn3682.jpeg,0,benign,colonn3682,colon_n,38,287
validation,colon_n/colonn3683.jpeg,0,benign,colonn3683,colon_n,172,421
validation,colon_n/colonn3706.jpeg,0,benign,colonn3706,colon_n,101,350
validation,colon_n/colonn3707.jpeg,0,benign,colonn3707,colon_n,101,350
validation,colon_n/colonn372.jpeg,0,benign,colonn372,colon_n,101,350
validation,colon_n/colonn3720.jpeg,0,benign,colonn3720,colon_n,178,427
validation,colon_n/colonn3723.jpeg,0,benign,colonn3723,colon_n,30,279
validation,colon_n/colonn373.jpeg,0,benign,colonn373,colon_n,125,374
validation,colon_n/colonn3735.jpeg,0,benign,colonn3735,colon_n,114,363
validation,colon_n/colonn3742.jpeg,0,benign,colonn3742,colon_n,10,259
validation,colon_n/colonn3744.jpeg,0,benign,colonn3744,colon_n,38,287
validation,colon_n/colonn3751.jpeg,0,benign,colonn3751,colon_n,16,265
validation,colon_n/colonn3769.jpeg,0,benign,colonn3769,colon_n,111,360
validation,colon_n/colonn3772.jpeg,0,benign,colonn3772,colon_n,165,414
validation,colon_n/colonn3788.jpeg,0,benign,colonn3788,colon_n,79,328
validation,colon_n/colonn3789.jpeg,0,benign,colonn3789,colon_n,30,279
validation,colon_n/colonn381.jpeg,0,benign,colonn381,colon_n,178,427
validation,colon_n/colonn3811.jpeg,0,benign,colonn3811,colon_n,45,294
validation,colon_n/colonn3824.jpeg,0,benign,colonn3824,colon_n,162,411
validation,colon_n/colonn3830.jpeg,0,benign,colonn3830,colon_n,101,350
validation,colon_n/colonn3831.jpeg,0,benign,colonn3831,colon_n,125,374
validation,colon_n/colonn3832.jpeg,0,benign,colonn3832,colon_n,170,419
validation,colon_n/colonn3833.jpeg,0,benign,colonn3833,colon_n,206,455
validation,colon_n/colonn3836.jpeg,0,benign,colonn3836,colon_n,190,439
validation,colon_n/colonn385.jpeg,0,benign,colonn385,colon_n,90,339
validation,colon_n/colonn3859.jpeg,0,benign,colonn3859,colon_n,38,287
validation,colon_n/colonn3868.jpeg,0,benign,colonn3868,colon_n,16,265
validation,colon_n/colonn3887.jpeg,0,benign,colonn3887,colon_n,125,374
validation,colon_n/colonn3888.jpeg,0,benign,colonn3888,colon_n,170,419
validation,colon_n/colonn3890.jpeg,0,benign,colonn3890,colon_n,175,424
validation,colon_n/colonn3893.jpeg,0,benign,colonn3893,colon_n,178,427
validation,colon_n/colonn3898.jpeg,0,benign,colonn3898,colon_n,30,279
validation,colon_n/colonn3901.jpeg,0,benign,colonn3901,colon_n,90,339
validation,colon_n/colonn3916.jpeg,0,benign,colonn3916,colon_n,38,287
validation,colon_n/colonn3918.jpeg,0,benign,colonn3918,colon_n,225,474
validation,colon_n/colonn3926.jpeg,0,benign,colonn3926,colon_n,221,470
validation,colon_n/colonn3928.jpeg,0,benign,colonn3928,colon_n,209,458
validation,colon_n/colonn3938.jpeg,0,benign,colonn3938,colon_n,162,411
validation,colon_n/colonn3939.jpeg,0,benign,colonn3939,colon_n,162,411
validation,colon_n/colonn3943.jpeg,0,benign,colonn3943,colon_n,165,414
validation,colon_n/colonn3955.jpeg,0,benign,colonn3955,colon_n,120,369
validation,colon_n/colonn3957.jpeg,0,benign,colonn3957,colon_n,224,473
validation,colon_n/colonn3971.jpeg,0,benign,colonn3971,colon_n,10,259
validation,colon_n/colonn3993.jpeg,0,benign,colonn3993,colon_n,165,414
validation,colon_n/colonn3997.jpeg,0,benign,colonn3997,colon_n,101,350
validation,colon_n/colonn3999.jpeg,0,benign,colonn3999,colon_n,125,374
validation,colon_n/colonn4000.jpeg,0,benign,colonn4000,colon_n,170,419
validation,colon_n/colonn4008.jpeg,0,benign,colonn4008,colon_n,178,427
validation,colon_n/colonn4010.jpeg,0,benign,colonn4010,colon_n,79,328
validation,colon_n/colonn4013.jpeg,0,benign,colonn4013,colon_n,224,473
validation,colon_n/colonn4014.jpeg,0,benign,colonn4014,colon_n,90,339
validation,colon_n/colonn4019.jpeg,0,benign,colonn4019,colon_n,33,282
validation,colon_n/colonn4020.jpeg,0,benign,colonn4020,colon_n,33,282
validation,colon_n/colonn4031.jpeg,0,benign,colonn4031,colon_n,172,421
validation,colon_n/colonn4033.jpeg,0,benign,colonn4033,colon_n,225,474
validation,colon_n/colonn4040.jpeg,0,benign,colonn4040,colon_n,126,375
validation,colon_n/colonn4041.jpeg,0,benign,colonn4041,colon_n,126,375
validation,colon_n/colonn4057.jpeg,0,benign,colonn4057,colon_n,162,411
validation,colon_n/colonn4069.jpeg,0,benign,colonn4069,colon_n,175,424
validation,colon_n/colonn4073.jpeg,0,benign,colonn4073,colon_n,190,439
validation,colon_n/colonn4074.jpeg,0,benign,colonn4074,colon_n,190,439
validation,colon_n/colonn4091.jpeg,0,benign,colonn4091,colon_n,192,441
validation,colon_n/colonn4093.jpeg,0,benign,colonn4093,colon_n,172,421
validation,colon_n/colonn4101.jpeg,0,benign,colonn4101,colon_n,221,470
validation,colon_n/colonn4108.jpeg,0,benign,colonn4108,colon_n,67,316
validation,colon_n/colonn4112.jpeg,0,benign,colonn4112,colon_n,162,411
validation,colon_n/colonn4128.jpeg,0,benign,colonn4128,colon_n,79,328
validation,colon_n/colonn4130.jpeg,0,benign,colonn4130,colon_n,30,279
validation,colon_n/colonn4153.jpeg,0,benign,colonn4153,colon_n,16,265
validation,colon_n/colonn4164.jpeg,0,benign,colonn4164,colon_n,67,316
validation,colon_n/colonn4165.jpeg,0,benign,colonn4165,colon_n,67,316
validation,colon_n/colonn4175.jpeg,0,benign,colonn4175,colon_n,170,419
validation,colon_n/colonn4181.jpeg,0,benign,colonn4181,colon_n,190,439
validation,colon_n/colonn4183.jpeg,0,benign,colonn4183,colon_n,120,369
validation,colon_n/colonn4196.jpeg,0,benign,colonn4196,colon_n,114,363
validation,colon_n/colonn4204.jpeg,0,benign,colonn4204,colon_n,10,259
validation,colon_n/colonn4205.jpeg,0,benign,colonn4205,colon_n,10,259
validation,colon_n/colonn4212.jpeg,0,benign,colonn4212,colon_n,168,417
validation,colon_n/colonn4213.jpeg,0,benign,colonn4213,colon_n,45,294
validation,colon_n/colonn422.jpeg,0,benign,colonn422,colon_n,125,374
validation,colon_n/colonn423.jpeg,0,benign,colonn423,colon_n,154,403
validation,colon_n/colonn4232.jpeg,0,benign,colonn4232,colon_n,75,324
validation,colon_n/colonn4234.jpeg,0,benign,colonn4234,colon_n,206,455
validation,colon_n/colonn4235.jpeg,0,benign,colonn4235,colon_n,154,403
validation,colon_n/colonn4259.jpeg,0,benign,colonn4259,colon_n,10,259
validation,colon_n/colonn4261.jpeg,0,benign,colonn4261,colon_n,172,421
validation,colon_n/colonn4276.jpeg,0,benign,colonn4276,colon_n,209,458
validation,colon_n/colonn4285.jpeg,0,benign,colonn4285,colon_n,162,411
validation,colon_n/colonn4289.jpeg,0,benign,colonn4289,colon_n,111,360
validation,colon_n/colonn4297.jpeg,0,benign,colonn4297,colon_n,154,403
validation,colon_n/colonn4308.jpeg,0,benign,colonn4308,colon_n,79,328
validation,colon_n/colonn4311.jpeg,0,benign,colonn4311,colon_n,90,339
validation,colon_n/colonn4327.jpeg,0,benign,colonn4327,colon_n,16,265
validation,colon_n/colonn4337.jpeg,0,benign,colonn4337,colon_n,67,316
validation,colon_n/colonn4339.jpeg,0,benign,colonn4339,colon_n,162,411
validation,colon_n/colonn434.jpeg,0,benign,colonn434,colon_n,79,328
validation,colon_n/colonn4340.jpeg,0,benign,colonn4340,colon_n,162,411
validation,colon_n/colonn4345.jpeg,0,benign,colonn4345,colon_n,75,324
validation,colon_n/colonn4346.jpeg,0,benign,colonn4346,colon_n,75,324
validation,colon_n/colonn4348.jpeg,0,benign,colonn4348,colon_n,125,374
validation,colon_n/colonn4349.jpeg,0,benign,colonn4349,colon_n,154,403
validation,colon_n/colonn4365.jpeg,0,benign,colonn4365,colon_n,33,282
validation,colon_n/colonn4366.jpeg,0,benign,colonn4366,colon_n,33,282
validation,colon_n/colonn4368.jpeg,0,benign,colonn4368,colon_n,114,363
validation,colon_n/colonn4378.jpeg,0,benign,colonn4378,colon_n,10,259
validation,colon_n/colonn438.jpeg,0,benign,colonn438,colon_n,224,473
validation,colon_n/colonn4406.jpeg,0,benign,colonn4406,colon_n,170,419
validation,colon_n/colonn4407.jpeg,0,benign,colonn4407,colon_n,206,455
validation,colon_n/colonn4415.jpeg,0,benign,colonn4415,colon_n,68,317
validation,colon_n/colonn4418.jpeg,0,benign,colonn4418,colon_n,79,328
validation,colon_n/colonn4420.jpeg,0,benign,colonn4420,colon_n,9,258
validation,colon_n/colonn4430.jpeg,0,benign,colonn4430,colon_n,216,465
validation,colon_n/colonn4434.jpeg,0,benign,colonn4434,colon_n,38,287
validation,colon_n/colonn4441.jpeg,0,benign,colonn4441,colon_n,168,417
validation,colon_n/colonn4442.jpeg,0,benign,colonn4442,colon_n,86,335
validation,colon_n/colonn4455.jpeg,0,benign,colonn4455,colon_n,162,411
validation,colon_n/colonn4456.jpeg,0,benign,colonn4456,colon_n,162,411
validation,colon_n/colonn4457.jpeg,0,benign,colonn4457,colon_n,162,411
validation,colon_n/colonn4466.jpeg,0,benign,colonn4466,colon_n,101,350
validation,colon_n/colonn447.jpeg,0,benign,colonn447,colon_n,33,282
validation,colon_n/colonn4492.jpeg,0,benign,colonn4492,colon_n,38,287
validation,colon_n/colonn4493.jpeg,0,benign,colonn4493,colon_n,172,421
validation,colon_n/colonn45.jpeg,0,benign,colonn45,colon_n,168,417
validation,colon_n/colonn4514.jpeg,0,benign,colonn4514,colon_n,67,316
validation,colon_n/colonn4515.jpeg,0,benign,colonn4515,colon_n,67,316
validation,colon_n/colonn4516.jpeg,0,benign,colonn4516,colon_n,67,316
validation,colon_n/colonn4525.jpeg,0,benign,colonn4525,colon_n,75,324
validation,colon_n/colonn4532.jpeg,0,benign,colonn4532,colon_n,190,439
validation,colon_n/colonn4537.jpeg,0,benign,colonn4537,colon_n,68,317
validation,colon_n/colonn4541.jpeg,0,benign,colonn4541,colon_n,9,258
validation,colon_n/colonn4550.jpeg,0,benign,colonn4550,colon_n,114,363
validation,colon_n/colonn4552.jpeg,0,benign,colonn4552,colon_n,216,465
validation,colon_n/colonn4555.jpeg,0,benign,colonn4555,colon_n,192,441
validation,colon_n/colonn4568.jpeg,0,benign,colonn4568,colon_n,86,335
validation,colon_n/colonn4569.jpeg,0,benign,colonn4569,colon_n,86,335
validation,colon_n/colonn4576.jpeg,0,benign,colonn4576,colon_n,162,411
validation,colon_n/colonn4584.jpeg,0,benign,colonn4584,colon_n,75,324
validation,colon_n/colonn4586.jpeg,0,benign,colonn4586,colon_n,170,419
validation,colon_n/colonn4587.jpeg,0,benign,colonn4587,colon_n,206,455
validation,colon_n/colonn4593.jpeg,0,benign,colonn4593,colon_n,30,279
validation,colon_n/colonn4614.jpeg,0,benign,colonn4614,colon_n,38,287
validation,colon_n/colonn4635.jpeg,0,benign,colonn4635,colon_n,67,316
validation,colon_n/colonn4643.jpeg,0,benign,colonn4643,colon_n,111,360
validation,colon_n/colonn4648.jpeg,0,benign,colonn4648,colon_n,75,324
validation,colon_n/colonn4650.jpeg,0,benign,colonn4650,colon_n,154,403
validation,colon_n/colonn4657.jpeg,0,benign,colonn4657,colon_n,30,279
validation,colon_n/colonn4658.jpeg,0,benign,colonn4658,colon_n,30,279
validation,colon_n/colonn4661.jpeg,0,benign,colonn4661,colon_n,252,501
validation,colon_n/colonn4699.jpeg,0,benign,colonn4699,colon_n,101,350
validation,colon_n/colonn4700.jpeg,0,benign,colonn4700,colon_n,206,455
validation,colon_n/colonn4701.jpeg,0,benign,colonn4701,colon_n,154,403
validation,colon_n/colonn4708.jpeg,0,benign,colonn4708,colon_n,68,317
validation,colon_n/colonn4710.jpeg,0,benign,colonn4710,colon_n,79,328
validation,colon_n/colonn4713.jpeg,0,benign,colonn4713,colon_n,224,473
validation,colon_n/colonn4714.jpeg,0,benign,colonn4714,colon_n,224,473
validation,colon_n/colonn4718.jpeg,0,benign,colonn4718,colon_n,33,282
validation,colon_n/colonn4719.jpeg,0,benign,colonn4719,colon_n,114,363
validation,colon_n/colonn4737.jpeg,0,benign,colonn4737,colon_n,209,458
validation,colon_n/colonn474.jpeg,0,benign,colonn474,colon_n,111,360
validation,colon_n/colonn4743.jpeg,0,benign,colonn4743,colon_n,67,316
validation,colon_n/colonn4764.jpeg,0,benign,colonn4764,colon_n,190,439
validation,colon_n/colonn4773.jpeg,0,benign,colonn4773,colon_n,24,273
validation,colon_n/colonn4784.jpeg,0,benign,colonn4784,colon_n,216,465
validation,colon_n/colonn48.jpeg,0,benign,colonn48,colon_n,86,335
validation,colon_n/colonn4804.jpeg,0,benign,colonn4804,colon_n,162,411
validation,colon_n/colonn4809.jpeg,0,benign,colonn4809,colon_n,125,374
validation,colon_n/colonn4817.jpeg,0,benign,colonn4817,colon_n,79,328
validation,colon_n/colonn4819.jpeg,0,benign,colonn4819,colon_n,9,258
validation,colon_n/colonn4832.jpeg,0,benign,colonn4832,colon_n,10,259
validation,colon_n/colonn4859.jpeg,0,benign,colonn4859,colon_n,170,419
validation,colon_n/colonn4860.jpeg,0,benign,colonn4860,colon_n,206,455
validation,colon_n/colonn4871.jpeg,0,benign,colonn4871,colon_n,30,279
validation,colon_n/colonn4872.jpeg,0,benign,colonn4872,colon_n,90,339
validation,colon_n/colonn489.jpeg,0,benign,colonn489,colon_n,79,328
validation,colon_n/colonn4892.jpeg,0,benign,colonn4892,colon_n,10,259
validation,colon_n/colonn4894.jpeg,0,benign,colonn4894,colon_n,38,287
validation,colon_n/colonn4895.jpeg,0,benign,colonn4895,colon_n,38,287
validation,colon_n/colonn4908.jpeg,0,benign,colonn4908,colon_n,165,414
validation,colon_n/colonn491.jpeg,0,benign,colonn491,colon_n,9,258
validation,colon_n/colonn4920.jpeg,0,benign,colonn4920,colon_n,120,369
validation,colon_n/colonn4926.jpeg,0,benign,colonn4926,colon_n,224,473
validation,colon_n/colonn4933.jpeg,0,benign,colonn4933,colon_n,114,363
validation,colon_n/colonn4934.jpeg,0,benign,colonn4934,colon_n,114,363
validation,colon_n/colonn4937.jpeg,0,benign,colonn4937,colon_n,216,465
validation,colon_n/colonn4944.jpeg,0,benign,colonn4944,colon_n,38,287
validation,colon_n/colonn4957.jpeg,0,benign,colonn4957,colon_n,209,458
validation,colon_n/colonn4958.jpeg,0,benign,colonn4958,colon_n,209,458
validation,colon_n/colonn4959.jpeg,0,benign,colonn4959,colon_n,209,458
validation,colon_n/colonn4972.jpeg,0,benign,colonn4972,colon_n,125,374
validation,colon_n/colonn4977.jpeg,0,benign,colonn4977,colon_n,178,427
validation,colon_n/colonn4978.jpeg,0,benign,colonn4978,colon_n,178,427
validation,colon_n/colonn4986.jpeg,0,benign,colonn4986,colon_n,252,501
validation,colon_n/colonn4994.jpeg,0,benign,colonn4994,colon_n,114,363
validation,colon_n/colonn4998.jpeg,0,benign,colonn4998,colon_n,10,259
validation,colon_n/colonn4999.jpeg,0,benign,colonn4999,colon_n,10,259
validation,colon_n/colonn50.jpeg,0,benign,colonn50,colon_n,45,294
validation,colon_n/colonn503.jpeg,0,benign,colonn503,colon_n,33,282
validation,colon_n/colonn505.jpeg,0,benign,colonn505,colon_n,216,465
validation,colon_n/colonn506.jpeg,0,benign,colonn506,colon_n,216,465
validation,colon_n/colonn514.jpeg,0,benign,colonn514,colon_n,225,474
validation,colon_n/colonn530.jpeg,0,benign,colonn530,colon_n,209,458
validation,colon_n/colonn533.jpeg,0,benign,colonn533,colon_n,67,316
validation,colon_n/colonn536.jpeg,0,benign,colonn536,colon_n,162,411
validation,colon_n/colonn553.jpeg,0,benign,colonn553,colon_n,79,328
validation,colon_n/colonn559.jpeg,0,benign,colonn559,colon_n,114,363
validation,colon_n/colonn563.jpeg,0,benign,colonn563,colon_n,192,441
validation,colon_n/colonn576.jpeg,0,benign,colonn576,colon_n,45,294
validation,colon_n/colonn587.jpeg,0,benign,colonn587,colon_n,241,490
validation,colon_n/colonn590.jpeg,0,benign,colonn590,colon_n,75,324
validation,colon_n/colonn591.jpeg,0,benign,colonn591,colon_n,101,350
validation,colon_n/colonn596.jpeg,0,benign,colonn596,colon_n,190,439
validation,colon_n/colonn597.jpeg,0,benign,colonn597,colon_n,120,369
validation,colon_n/colonn600.jpeg,0,benign,colonn600,colon_n,178,427
validation,colon_n/colonn601.jpeg,0,benign,colonn601,colon_n,178,427
validation,colon_n/colonn602.jpeg,0,benign,colonn602,colon_n,178,427
validation,colon_n/colonn603.jpeg,0,benign,colonn603,colon_n,79,328
validation,colon_n/colonn619.jpeg,0,benign,colonn619,colon_n,33,282
validation,colon_n/colonn624.jpeg,0,benign,colonn624,colon_n,216,465
validation,colon_n/colonn628.jpeg,0,benign,colonn628,colon_n,10,259
validation,colon_n/colonn64.jpeg,0,benign,colonn64,colon_n,111,360
validation,colon_n/colonn640.jpeg,0,benign,colonn640,colon_n,168,417
validation,colon_n/colonn645.jpeg,0,benign,colonn645,colon_n,45,294
validation,colon_n/colonn649.jpeg,0,benign,colonn649,colon_n,209,458
validation,colon_n/colonn650.jpeg,0,benign,colonn650,colon_n,209,458
validation,colon_n/colonn667.jpeg,0,benign,colonn667,colon_n,75,324
validation,colon_n/colonn670.jpeg,0,benign,colonn670,colon_n,170,419
validation,colon_n/colonn677.jpeg,0,benign,colonn677,colon_n,120,369
validation,colon_n/colonn68.jpeg,0,benign,colonn68,colon_n,75,324
validation,colon_n/colonn682.jpeg,0,benign,colonn682,colon_n,9,258
validation,colon_n/colonn688.jpeg,0,benign,colonn688,colon_n,114,363
validation,colon_n/colonn692.jpeg,0,benign,colonn692,colon_n,192,441
validation,colon_n/colonn703.jpeg,0,benign,colonn703,colon_n,86,335
validation,colon_n/colonn719.jpeg,0,benign,colonn719,colon_n,206,455
validation,colon_n/colonn722.jpeg,0,benign,colonn722,colon_n,175,424
validation,colon_n/colonn730.jpeg,0,benign,colonn730,colon_n,79,328
validation,colon_n/colonn732.jpeg,0,benign,colonn732,colon_n,9,258
validation,colon_n/colonn740.jpeg,0,benign,colonn740,colon_n,252,501
validation,colon_n/colonn742.jpeg,0,benign,colonn742,colon_n,33,282
validation,colon_n/colonn755.jpeg,0,benign,colonn755,colon_n,38,287
validation,colon_n/colonn765.jpeg,0,benign,colonn765,colon_n,16,265
validation,colon_n/colonn768.jpeg,0,benign,colonn768,colon_n,45,294
validation,colon_n/colonn783.jpeg,0,benign,colonn783,colon_n,111,360
validation,colon_n/colonn794.jpeg,0,benign,colonn794,colon_n,206,455
validation,colon_n/colonn798.jpeg,0,benign,colonn798,colon_n,68,317
validation,colon_n/colonn802.jpeg,0,benign,colonn802,colon_n,224,473
validation,colon_n/colonn803.jpeg,0,benign,colonn803,colon_n,90,339
validation,colon_n/colonn804.jpeg,0,benign,colonn804,colon_n,24,273
validation,colon_n/colonn812.jpeg,0,benign,colonn812,colon_n,208,457
validation,colon_n/colonn815.jpeg,0,benign,colonn815,colon_n,172,421
validation,colon_n/colonn82.jpeg,0,benign,colonn82,colon_n,120,369
validation,colon_n/colonn830.jpeg,0,benign,colonn830,colon_n,67,316
validation,colon_n/colonn850.jpeg,0,benign,colonn850,colon_n,120,369
validation,colon_n/colonn851.jpeg,0,benign,colonn851,colon_n,68,317
validation,colon_n/colonn854.jpeg,0,benign,colonn854,colon_n,178,427
validation,colon_n/colonn858.jpeg,0,benign,colonn858,colon_n,90,339
validation,colon_n/colonn859.jpeg,0,benign,colonn859,colon_n,24,273
validation,colon_n/colonn864.jpeg,0,benign,colonn864,colon_n,114,363
validation,colon_n/colonn867.jpeg,0,benign,colonn867,colon_n,38,287
validation,colon_n/colonn868.jpeg,0,benign,colonn868,colon_n,172,421
validation,colon_n/colonn87.jpeg,0,benign,colonn87,colon_n,79,328
validation,colon_n/colonn878.jpeg,0,benign,colonn878,colon_n,168,417
validation,colon_n/colonn88.jpeg,0,benign,colonn88,colon_n,79,328
validation,colon_n/colonn89.jpeg,0,benign,colonn89,colon_n,79,328
validation,colon_n/colonn892.jpeg,0,benign,colonn892,colon_n,111,360
validation,colon_n/colonn897.jpeg,0,benign,colonn897,colon_n,75,324
validation,colon_n/colonn899.jpeg,0,benign,colonn899,colon_n,125,374
validation,colon_n/colonn903.jpeg,0,benign,colonn903,colon_n,190,439
validation,colon_n/colonn905.jpeg,0,benign,colonn905,colon_n,68,317
validation,colon_n/colonn913.jpeg,0,benign,colonn913,colon_n,9,258
validation,colon_n/colonn929.jpeg,0,benign,colonn929,colon_n,38,287
validation,colon_n/colonn94.jpeg,0,benign,colonn94,colon_n,9,258
validation,colon_n/colonn944.jpeg,0,benign,colonn944,colon_n,162,411
validation,colon_n/colonn948.jpeg,0,benign,colonn948,colon_n,165,414
validation,colon_n/colonn953.jpeg,0,benign,colonn953,colon_n,125,374
validation,colon_n/colonn954.jpeg,0,benign,colonn954,colon_n,175,424
validation,colon_n/colonn959.jpeg,0,benign,colonn959,colon_n,68,317
validation,colon_n/colonn96.jpeg,0,benign,colonn96,colon_n,208,457
validation,colon_n/colonn965.jpeg,0,benign,colonn965,colon_n,30,279
validation,colon_n/colonn973.jpeg,0,benign,colonn973,colon_n,33,282
validation,colon_n/colonn981.jpeg,0,benign,colonn981,colon_n,10,259
validation,colon_n/colonn982.jpeg,0,benign,colonn982,colon_n,38,287
validation,colon_n/colonn99.jpeg,0,benign,colonn99,colon_n,33,282
validation,colon_n/colonn992.jpeg,0,benign,colonn992,colon_n,168,417
validation,colon_n/colonn995.jpeg,0,benign,colonn995,colon_n,45,294
validation,colon_n/colonn996.jpeg,0,benign,colonn996,colon_n,221,470
validation,colon_n/colonn997.jpeg,0,benign,colonn997,colon_n,209,458
validation,colon_n/colonn998.jpeg,0,benign,colonn998,colon_n,209,458
validation,colon_aca/colonca1009.jpeg,1,adenocarcinoma,colonca1009,colon_aca,9,9
validation,colon_aca/colonca1012.jpeg,1,adenocarcinoma,colonca1012,colon_aca,194,194
validation,colon_aca/colonca1013.jpeg,1,adenocarcinoma,colonca1013,colon_aca,194,194
validation,colon_aca/colonca1014.jpeg,1,adenocarcinoma,colonca1014,colon_aca,38,38
validation,colon_aca/colonca1020.jpeg,1,adenocarcinoma,colonca1020,colon_aca,120,120
validation,colon_aca/colonca1025.jpeg,1,adenocarcinoma,colonca1025,colon_aca,38,38
validation,colon_aca/colonca1028.jpeg,1,adenocarcinoma,colonca1028,colon_aca,224,224
validation,colon_aca/colonca1031.jpeg,1,adenocarcinoma,colonca1031,colon_aca,118,118
validation,colon_aca/colonca1052.jpeg,1,adenocarcinoma,colonca1052,colon_aca,67,67
validation,colon_aca/colonca1059.jpeg,1,adenocarcinoma,colonca1059,colon_aca,193,193
validation,colon_aca/colonca1064.jpeg,1,adenocarcinoma,colonca1064,colon_aca,194,194
validation,colon_aca/colonca1065.jpeg,1,adenocarcinoma,colonca1065,colon_aca,38,38
validation,colon_aca/colonca1068.jpeg,1,adenocarcinoma,colonca1068,colon_aca,33,33
validation,colon_aca/colonca1072.jpeg,1,adenocarcinoma,colonca1072,colon_aca,108,108
validation,colon_aca/colonca1073.jpeg,1,adenocarcinoma,colonca1073,colon_aca,108,108
validation,colon_aca/colonca1096.jpeg,1,adenocarcinoma,colonca1096,colon_aca,84,84
validation,colon_aca/colonca1099.jpeg,1,adenocarcinoma,colonca1099,colon_aca,195,195
validation,colon_aca/colonca1100.jpeg,1,adenocarcinoma,colonca1100,colon_aca,24,24
validation,colon_aca/colonca1108.jpeg,1,adenocarcinoma,colonca1108,colon_aca,115,115
validation,colon_aca/colonca1113.jpeg,1,adenocarcinoma,colonca1113,colon_aca,125,125
validation,colon_aca/colonca1122.jpeg,1,adenocarcinoma,colonca1122,colon_aca,75,75
validation,colon_aca/colonca1130.jpeg,1,adenocarcinoma,colonca1130,colon_aca,30,30
validation,colon_aca/colonca1131.jpeg,1,adenocarcinoma,colonca1131,colon_aca,30,30
validation,colon_aca/colonca1132.jpeg,1,adenocarcinoma,colonca1132,colon_aca,108,108
validation,colon_aca/colonca1142.jpeg,1,adenocarcinoma,colonca1142,colon_aca,112,112
validation,colon_aca/colonca1153.jpeg,1,adenocarcinoma,colonca1153,colon_aca,84,84
validation,colon_aca/colonca1162.jpeg,1,adenocarcinoma,colonca1162,colon_aca,16,16
validation,colon_aca/colonca1165.jpeg,1,adenocarcinoma,colonca1165,colon_aca,115,115
validation,colon_aca/colonca117.jpeg,1,adenocarcinoma,colonca117,colon_aca,194,194
validation,colon_aca/colonca1171.jpeg,1,adenocarcinoma,colonca1171,colon_aca,67,67
validation,colon_aca/colonca1172.jpeg,1,adenocarcinoma,colonca1172,colon_aca,67,67
validation,colon_aca/colonca1177.jpeg,1,adenocarcinoma,colonca1177,colon_aca,162,162
validation,colon_aca/colonca1185.jpeg,1,adenocarcinoma,colonca1185,colon_aca,193,193
validation,colon_aca/colonca1188.jpeg,1,adenocarcinoma,colonca1188,colon_aca,9,9
validation,colon_aca/colonca1196.jpeg,1,adenocarcinoma,colonca1196,colon_aca,180,180
validation,colon_aca/colonca1224.jpeg,1,adenocarcinoma,colonca1224,colon_aca,195,195
validation,colon_aca/colonca1228.jpeg,1,adenocarcinoma,colonca1228,colon_aca,45,45
validation,colon_aca/colonca1233.jpeg,1,adenocarcinoma,colonca1233,colon_aca,67,67
validation,colon_aca/colonca1238.jpeg,1,adenocarcinoma,colonca1238,colon_aca,172,172
validation,colon_aca/colonca124.jpeg,1,adenocarcinoma,colonca124,colon_aca,33,33
validation,colon_aca/colonca1243.jpeg,1,adenocarcinoma,colonca1243,colon_aca,190,190
validation,colon_aca/colonca1244.jpeg,1,adenocarcinoma,colonca1244,colon_aca,190,190
validation,colon_aca/colonca1251.jpeg,1,adenocarcinoma,colonca1251,colon_aca,180,180
validation,colon_aca/colonca1257.jpeg,1,adenocarcinoma,colonca1257,colon_aca,38,38
validation,colon_aca/colonca126.jpeg,1,adenocarcinoma,colonca126,colon_aca,213,213
validation,colon_aca/colonca1273.jpeg,1,adenocarcinoma,colonca1273,colon_aca,175,175
validation,colon_aca/colonca1274.jpeg,1,adenocarcinoma,colonca1274,colon_aca,175,175
validation,colon_aca/colonca1275.jpeg,1,adenocarcinoma,colonca1275,colon_aca,10,10
validation,colon_aca/colonca1276.jpeg,1,adenocarcinoma,colonca1276,colon_aca,173,173
validation,colon_aca/colonca1282.jpeg,1,adenocarcinoma,colonca1282,colon_aca,156,156
validation,colon_aca/colonca1286.jpeg,1,adenocarcinoma,colonca1286,colon_aca,195,195
validation,colon_aca/colonca1287.jpeg,1,adenocarcinoma,colonca1287,colon_aca,195,195
validation,colon_aca/colonca1297.jpeg,1,adenocarcinoma,colonca1297,colon_aca,162,162
validation,colon_aca/colonca1298.jpeg,1,adenocarcinoma,colonca1298,colon_aca,162,162
validation,colon_aca/colonca130.jpeg,1,adenocarcinoma,colonca130,colon_aca,216,216
validation,colon_aca/colonca1305.jpeg,1,adenocarcinoma,colonca1305,colon_aca,196,196
validation,colon_aca/colonca1309.jpeg,1,adenocarcinoma,colonca1309,colon_aca,38,38
validation,colon_aca/colonca131.jpeg,1,adenocarcinoma,colonca131,colon_aca,216,216
validation,colon_aca/colonca1318.jpeg,1,adenocarcinoma,colonca1318,colon_aca,120,120
validation,colon_aca/colonca1319.jpeg,1,adenocarcinoma,colonca1319,colon_aca,216,216
validation,colon_aca/colonca1331.jpeg,1,adenocarcinoma,colonca1331,colon_aca,68,68
validation,colon_aca/colonca1337.jpeg,1,adenocarcinoma,colonca1337,colon_aca,45,45
validation,colon_aca/colonca1346.jpeg,1,adenocarcinoma,colonca1346,colon_aca,162,162
validation,colon_aca/colonca1364.jpeg,1,adenocarcinoma,colonca1364,colon_aca,213,213
validation,colon_aca/colonca1405.jpeg,1,adenocarcinoma,colonca1405,colon_aca,162,162
validation,colon_aca/colonca1407.jpeg,1,adenocarcinoma,colonca1407,colon_aca,125,125
validation,colon_aca/colonca1411.jpeg,1,adenocarcinoma,colonca1411,colon_aca,172,172
validation,colon_aca/colonca1429.jpeg,1,adenocarcinoma,colonca1429,colon_aca,213,213
validation,colon_aca/colonca1438.jpeg,1,adenocarcinoma,colonca1438,colon_aca,118,118
validation,colon_aca/colonca1444.jpeg,1,adenocarcinoma,colonca1444,colon_aca,175,175
validation,colon_aca/colonca1446.jpeg,1,adenocarcinoma,colonca1446,colon_aca,68,68
validation,colon_aca/colonca1447.jpeg,1,adenocarcinoma,colonca1447,colon_aca,84,84
validation,colon_aca/colonca145.jpeg,1,adenocarcinoma,colonca145,colon_aca,84,84
validation,colon_aca/colonca1466.jpeg,1,adenocarcinoma,colonca1466,colon_aca,104,104
validation,colon_aca/colonca1475.jpeg,1,adenocarcinoma,colonca1475,colon_aca,194,194
validation,colon_aca/colonca1487.jpeg,1,adenocarcinoma,colonca1487,colon_aca,213,213
validation,colon_aca/colonca1493.jpeg,1,adenocarcinoma,colonca1493,colon_aca,120,120
validation,colon_aca/colonca1497.jpeg,1,adenocarcinoma,colonca1497,colon_aca,216,216
validation,colon_aca/colonca1505.jpeg,1,adenocarcinoma,colonca1505,colon_aca,10,10
validation,colon_aca/colonca1517.jpeg,1,adenocarcinoma,colonca1517,colon_aca,45,45
validation,colon_aca/colonca1527.jpeg,1,adenocarcinoma,colonca1527,colon_aca,196,196
validation,colon_aca/colonca1531.jpeg,1,adenocarcinoma,colonca1531,colon_aca,38,38
validation,colon_aca/colonca1532.jpeg,1,adenocarcinoma,colonca1532,colon_aca,38,38
validation,colon_aca/colonca1536.jpeg,1,adenocarcinoma,colonca1536,colon_aca,201,201
validation,colon_aca/colonca1540.jpeg,1,adenocarcinoma,colonca1540,colon_aca,190,190
validation,colon_aca/colonca1544.jpeg,1,adenocarcinoma,colonca1544,colon_aca,30,30
validation,colon_aca/colonca156.jpeg,1,adenocarcinoma,colonca156,colon_aca,16,16
validation,colon_aca/colonca1565.jpeg,1,adenocarcinoma,colonca1565,colon_aca,175,175
validation,colon_aca/colonca1566.jpeg,1,adenocarcinoma,colonca1566,colon_aca,10,10
validation,colon_aca/colonca1571.jpeg,1,adenocarcinoma,colonca1571,colon_aca,84,84
validation,colon_aca/colonca1575.jpeg,1,adenocarcinoma,colonca1575,colon_aca,156,156
validation,colon_aca/colonca1602.jpeg,1,adenocarcinoma,colonca1602,colon_aca,196,196
validation,colon_aca/colonca1603.jpeg,1,adenocarcinoma,colonca1603,colon_aca,75,75
validation,colon_aca/colonca162.jpeg,1,adenocarcinoma,colonca162,colon_aca,162,162
validation,colon_aca/colonca1635.jpeg,1,adenocarcinoma,colonca1635,colon_aca,175,175
validation,colon_aca/colonca1636.jpeg,1,adenocarcinoma,colonca1636,colon_aca,10,10
validation,colon_aca/colonca1640.jpeg,1,adenocarcinoma,colonca1640,colon_aca,173,173
validation,colon_aca/colonca166.jpeg,1,adenocarcinoma,colonca166,colon_aca,172,172
validation,colon_aca/colonca1663.jpeg,1,adenocarcinoma,colonca1663,colon_aca,75,75
validation,colon_aca/colonca1676.jpeg,1,adenocarcinoma,colonca1676,colon_aca,38,38
validation,colon_aca/colonca1681.jpeg,1,adenocarcinoma,colonca1681,colon_aca,118,118
validation,colon_aca/colonca1686.jpeg,1,adenocarcinoma,colonca1686,colon_aca,167,167
validation,colon_aca/colonca169.jpeg,1,adenocarcinoma,colonca169,colon_aca,196,196
validation,colon_aca/colonca1691.jpeg,1,adenocarcinoma,colonca1691,colon_aca,68,68
validation,colon_aca/colonca1698.jpeg,1,adenocarcinoma,colonca1698,colon_aca,24,24
validation,colon_aca/colonca17.jpeg,1,adenocarcinoma,colonca17,colon_aca,38,38
validation,colon_aca/colonca1703.jpeg,1,adenocarcinoma,colonca1703,colon_aca,45,45
validation,colon_aca/colonca1715.jpeg,1,adenocarcinoma,colonca1715,colon_aca,193,193
validation,colon_aca/colonca1716.jpeg,1,adenocarcinoma,colonca1716,colon_aca,244,244
validation,colon_aca/colonca1717.jpeg,1,adenocarcinoma,colonca1717,colon_aca,244,244
validation,colon_aca/colonca172.jpeg,1,adenocarcinoma,colonca172,colon_aca,38,38
validation,colon_aca/colonca1721.jpeg,1,adenocarcinoma,colonca1721,colon_aca,201,201
validation,colon_aca/colonca1727.jpeg,1,adenocarcinoma,colonca1727,colon_aca,108,108
validation,colon_aca/colonca1744.jpeg,1,adenocarcinoma,colonca1744,colon_aca,112,112
validation,colon_aca/colonca1762.jpeg,1,adenocarcinoma,colonca1762,colon_aca,195,195
validation,colon_aca/colonca1763.jpeg,1,adenocarcinoma,colonca1763,colon_aca,132,132
validation,colon_aca/colonca1798.jpeg,1,adenocarcinoma,colonca1798,colon_aca,224,224
validation,colon_aca/colonca1813.jpeg,1,adenocarcinoma,colonca1813,colon_aca,132,132
validation,colon_aca/colonca1814.jpeg,1,adenocarcinoma,colonca1814,colon_aca,24,24
validation,colon_aca/colonca1815.jpeg,1,adenocarcinoma,colonca1815,colon_aca,24,24
validation,colon_aca/colonca182.jpeg,1,adenocarcinoma,colonca182,colon_aca,180,180
validation,colon_aca/colonca1829.jpeg,1,adenocarcinoma,colonca1829,colon_aca,172,172
validation,colon_aca/colonca1832.jpeg,1,adenocarcinoma,colonca1832,colon_aca,193,193
validation,colon_aca/colonca1841.jpeg,1,adenocarcinoma,colonca1841,colon_aca,180,180
validation,colon_aca/colonca1842.jpeg,1,adenocarcinoma,colonca1842,colon_aca,108,108
validation,colon_aca/colonca1843.jpeg,1,adenocarcinoma,colonca1843,colon_aca,108,108
validation,colon_aca/colonca1863.jpeg,1,adenocarcinoma,colonca1863,colon_aca,84,84
validation,colon_aca/colonca1878.jpeg,1,adenocarcinoma,colonca1878,colon_aca,115,115
validation,colon_aca/colonca1895.jpeg,1,adenocarcinoma,colonca1895,colon_aca,196,196
validation,colon_aca/colonca1905.jpeg,1,adenocarcinoma,colonca1905,colon_aca,108,108
validation,colon_aca/colonca1924.jpeg,1,adenocarcinoma,colonca1924,colon_aca,68,68
validation,colon_aca/colonca1925.jpeg,1,adenocarcinoma,colonca1925,colon_aca,68,68
validation,colon_aca/colonca1926.jpeg,1,adenocarcinoma,colonca1926,colon_aca,84,84
validation,colon_aca/colonca1944.jpeg,1,adenocarcinoma,colonca1944,colon_aca,45,45
validation,colon_aca/colonca1951.jpeg,1,adenocarcinoma,colonca1951,colon_aca,125,125
validation,colon_aca/colonca1958.jpeg,1,adenocarcinoma,colonca1958,colon_aca,75,75
validation,colon_aca/colonca1962.jpeg,1,adenocarcinoma,colonca1962,colon_aca,201,201
validation,colon_aca/colonca1966.jpeg,1,adenocarcinoma,colonca1966,colon_aca,30,30
validation,colon_aca/colonca1976.jpeg,1,adenocarcinoma,colonca1976,colon_aca,216,216
validation,colon_aca/colonca1978.jpeg,1,adenocarcinoma,colonca1978,colon_aca,224,224
validation,colon_aca/colonca1980.jpeg,1,adenocarcinoma,colonca1980,colon_aca,118,118
validation,colon_aca/colonca1984.jpeg,1,adenocarcinoma,colonca1984,colon_aca,167,167
validation,colon_aca/colonca1985.jpeg,1,adenocarcinoma,colonca1985,colon_aca,167,167
validation,colon_aca/colonca2.jpeg,1,adenocarcinoma,colonca2,colon_aca,10,10
validation,colon_aca/colonca2006.jpeg,1,adenocarcinoma,colonca2006,colon_aca,162,162
validation,colon_aca/colonca201.jpeg,1,adenocarcinoma,colonca201,colon_aca,84,84
validation,colon_aca/colonca2012.jpeg,1,adenocarcinoma,colonca2012,colon_aca,75,75
validation,colon_aca/colonca2018.jpeg,1,adenocarcinoma,colonca2018,colon_aca,194,194
validation,colon_aca/colonca202.jpeg,1,adenocarcinoma,colonca202,colon_aca,84,84
validation,colon_aca/colonca2040.jpeg,1,adenocarcinoma,colonca2040,colon_aca,118,118
validation,colon_aca/colonca2050.jpeg,1,adenocarcinoma,colonca2050,colon_aca,175,175
validation,colon_aca/colonca2051.jpeg,1,adenocarcinoma,colonca2051,colon_aca,10,10
validation,colon_aca/colonca2064.jpeg,1,adenocarcinoma,colonca2064,colon_aca,115,115
validation,colon_aca/colonca2074.jpeg,1,adenocarcinoma,colonca2074,colon_aca,193,193
validation,colon_aca/colonca2082.jpeg,1,adenocarcinoma,colonca2082,colon_aca,190,190
validation,colon_aca/colonca2083.jpeg,1,adenocarcinoma,colonca2083,colon_aca,190,190
validation,colon_aca/colonca2085.jpeg,1,adenocarcinoma,colonca2085,colon_aca,30,30
validation,colon_aca/colonca2093.jpeg,1,adenocarcinoma,colonca2093,colon_aca,38,38
validation,colon_aca/colonca2103.jpeg,1,adenocarcinoma,colonca2103,colon_aca,112,112
validation,colon_aca/colonca2104.jpeg,1,adenocarcinoma,colonca2104,colon_aca,112,112
validation,colon_aca/colonca2108.jpeg,1,adenocarcinoma,colonca2108,colon_aca,68,68
validation,colon_aca/colonca2121.jpeg,1,adenocarcinoma,colonca2121,colon_aca,45,45
validation,colon_aca/colonca2122.jpeg,1,adenocarcinoma,colonca2122,colon_aca,45,45
validation,colon_aca/colonca2126.jpeg,1,adenocarcinoma,colonca2126,colon_aca,162,162
validation,colon_aca/colonca2127.jpeg,1,adenocarcinoma,colonca2127,colon_aca,162,162
validation,colon_aca/colonca2128.jpeg,1,adenocarcinoma,colonca2128,colon_aca,162,162
validation,colon_aca/colonca2129.jpeg,1,adenocarcinoma,colonca2129,colon_aca,125,125
validation,colon_aca/colonca213.jpeg,1,adenocarcinoma,colonca213,colon_aca,16,16
validation,colon_aca/colonca2141.jpeg,1,adenocarcinoma,colonca2141,colon_aca,75,75
validation,colon_aca/colonca2148.jpeg,1,adenocarcinoma,colonca2148,colon_aca,180,180
validation,colon_aca/colonca2152.jpeg,1,adenocarcinoma,colonca2152,colon_aca,120,120
validation,colon_aca/colonca2156.jpeg,1,adenocarcinoma,colonca2156,colon_aca,216,216
validation,colon_aca/colonca2164.jpeg,1,adenocarcinoma,colonca2164,colon_aca,173,173
validation,colon_aca/colonca2170.jpeg,1,adenocarcinoma,colonca2170,colon_aca,195,195
validation,colon_aca/colonca2175.jpeg,1,adenocarcinoma,colonca2175,colon_aca,67,67
validation,colon_aca/colonca2183.jpeg,1,adenocarcinoma,colonca2183,colon_aca,244,244
validation,colon_aca/colonca2184.jpeg,1,adenocarcinoma,colonca2184,colon_aca,196,196
validation,colon_aca/colonca2185.jpeg,1,adenocarcinoma,colonca2185,colon_aca,196,196
validation,colon_aca/colonca2189.jpeg,1,adenocarcinoma,colonca2189,colon_aca,201,201
validation,colon_aca/colonca219.jpeg,1,adenocarcinoma,colonca219,colon_aca,67,67
validation,colon_aca/colonca220.jpeg,1,adenocarcinoma,colonca220,colon_aca,67,67
validation,colon_aca/colonca2200.jpeg,1,adenocarcinoma,colonca2200,colon_aca,30,30
validation,colon_aca/colonca2203.jpeg,1,adenocarcinoma,colonca2203,colon_aca,213,213
validation,colon_aca/colonca2204.jpeg,1,adenocarcinoma,colonca2204,colon_aca,108,108
validation,colon_aca/colonca221.jpeg,1,adenocarcinoma,colonca221,colon_aca,67,67
validation,colon_aca/colonca2220.jpeg,1,adenocarcinoma,colonca2220,colon_aca,167,167
validation,colon_aca/colonca2221.jpeg,1,adenocarcinoma,colonca2221,colon_aca,167,167
validation,colon_aca/colonca2222.jpeg,1,adenocarcinoma,colonca2222,colon_aca,167,167
validation,colon_aca/colonca2229.jpeg,1,adenocarcinoma,colonca2229,colon_aca,195,195
validation,colon_aca/colonca223.jpeg,1,adenocarcinoma,colonca223,colon_aca,162,162
validation,colon_aca/colonca2238.jpeg,1,adenocarcinoma,colonca2238,colon_aca,104,104
validation,colon_aca/colonca224.jpeg,1,adenocarcinoma,colonca224,colon_aca,104,104
validation,colon_aca/colonca2245.jpeg,1,adenocarcinoma,colonca2245,colon_aca,193,193
validation,colon_aca/colonca2246.jpeg,1,adenocarcinoma,colonca2246,colon_aca,75,75
validation,colon_aca/colonca225.jpeg,1,adenocarcinoma,colonca225,colon_aca,125,125
validation,colon_aca/colonca2262.jpeg,1,adenocarcinoma,colonca2262,colon_aca,213,213
validation,colon_aca/colonca2269.jpeg,1,adenocarcinoma,colonca2269,colon_aca,216,216
validation,colon_aca/colonca2271.jpeg,1,adenocarcinoma,colonca2271,colon_aca,224,224
validation,colon_aca/colonca2277.jpeg,1,adenocarcinoma,colonca2277,colon_aca,84,84
validation,colon_aca/colonca2279.jpeg,1,adenocarcinoma,colonca2279,colon_aca,132,132
validation,colon_aca/colonca2280.jpeg,1,adenocarcinoma,colonca2280,colon_aca,24,24
validation,colon_aca/colonca2289.jpeg,1,adenocarcinoma,colonca2289,colon_aca,115,115
validation,colon_aca/colonca2298.jpeg,1,adenocarcinoma,colonca2298,colon_aca,162,162
validation,colon_aca/colonca2299.jpeg,1,adenocarcinoma,colonca2299,colon_aca,104,104
validation,colon_aca/colonca2300.jpeg,1,adenocarcinoma,colonca2300,colon_aca,125,125
validation,colon_aca/colonca2301.jpeg,1,adenocarcinoma,colonca2301,colon_aca,125,125
validation,colon_aca/colonca2307.jpeg,1,adenocarcinoma,colonca2307,colon_aca,196,196
validation,colon_aca/colonca2308.jpeg,1,adenocarcinoma,colonca2308,colon_aca,38,38
validation,colon_aca/colonca2309.jpeg,1,adenocarcinoma,colonca2309,colon_aca,38,38
validation,colon_aca/colonca2312.jpeg,1,adenocarcinoma,colonca2312,colon_aca,33,33
validation,colon_aca/colonca2313.jpeg,1,adenocarcinoma,colonca2313,colon_aca,180,180
validation,colon_aca/colonca2314.jpeg,1,adenocarcinoma,colonca2314,colon_aca,108,108
validation,colon_aca/colonca2320.jpeg,1,adenocarcinoma,colonca2320,colon_aca,120,120
validation,colon_aca/colonca2321.jpeg,1,adenocarcinoma,colonca2321,colon_aca,216,216
validation,colon_aca/colonca2324.jpeg,1,adenocarcinoma,colonca2324,colon_aca,224,224
validation,colon_aca/colonca2334.jpeg,1,adenocarcinoma,colonca2334,colon_aca,167,167
validation,colon_aca/colonca2336.jpeg,1,adenocarcinoma,colonca2336,colon_aca,175,175
validation,colon_aca/colonca2346.jpeg,1,adenocarcinoma,colonca2346,colon_aca,132,132
validation,colon_aca/colonca2352.jpeg,1,adenocarcinoma,colonca2352,colon_aca,45,45
validation,colon_aca/colonca2363.jpeg,1,adenocarcinoma,colonca2363,colon_aca,67,67
validation,colon_aca/colonca2366.jpeg,1,adenocarcinoma,colonca2366,colon_aca,104,104
validation,colon_aca/colonca2371.jpeg,1,adenocarcinoma,colonca2371,colon_aca,244,244
validation,colon_aca/colonca2374.jpeg,1,adenocarcinoma,colonca2374,colon_aca,9,9
validation,colon_aca/colonca238.jpeg,1,adenocarcinoma,colonca238,colon_aca,38,38
validation,colon_aca/colonca2382.jpeg,1,adenocarcinoma,colonca2382,colon_aca,180,180
validation,colon_aca/colonca2383.jpeg,1,adenocarcinoma,colonca2383,colon_aca,180,180
validation,colon_aca/colonca2384.jpeg,1,adenocarcinoma,colonca2384,colon_aca,108,108
validation,colon_aca/colonca2389.jpeg,1,adenocarcinoma,colonca2389,colon_aca,38,38
validation,colon_aca/colonca239.jpeg,1,adenocarcinoma,colonca239,colon_aca,201,201
validation,colon_aca/colonca2403.jpeg,1,adenocarcinoma,colonca2403,colon_aca,167,167
validation,colon_aca/colonca2404.jpeg,1,adenocarcinoma,colonca2404,colon_aca,175,175
validation,colon_aca/colonca2425.jpeg,1,adenocarcinoma,colonca2425,colon_aca,172,172
validation,colon_aca/colonca2427.jpeg,1,adenocarcinoma,colonca2427,colon_aca,193,193
validation,colon_aca/colonca2428.jpeg,1,adenocarcinoma,colonca2428,colon_aca,244,244
validation,colon_aca/colonca2430.jpeg,1,adenocarcinoma,colonca2430,colon_aca,9,9
validation,colon_aca/colonca2442.jpeg,1,adenocarcinoma,colonca2442,colon_aca,120,120
validation,colon_aca/colonca2460.jpeg,1,adenocarcinoma,colonca2460,colon_aca,68,68
validation,colon_aca/colonca2461.jpeg,1,adenocarcinoma,colonca2461,colon_aca,84,84
validation,colon_aca/colonca2473.jpeg,1,adenocarcinoma,colonca2473,colon_aca,16,16
validation,colon_aca/colonca2474.jpeg,1,adenocarcinoma,colonca2474,colon_aca,16,16
validation,colon_aca/colonca2479.jpeg,1,adenocarcinoma,colonca2479,colon_aca,125,125
validation,colon_aca/colonca2482.jpeg,1,adenocarcinoma,colonca2482,colon_aca,172,172
validation,colon_aca/colonca2495.jpeg,1,adenocarcinoma,colonca2495,colon_aca,180,180
validation,colon_aca/colonca2497.jpeg,1,adenocarcinoma,colonca2497,colon_aca,213,213
validation,colon_aca/colonca2498.jpeg,1,adenocarcinoma,colonca2498,colon_aca,108,108
validation,colon_aca/colonca2509.jpeg,1,adenocarcinoma,colonca2509,colon_aca,224,224
validation,colon_aca/colonca2521.jpeg,1,adenocarcinoma,colonca2521,colon_aca,173,173
validation,colon_aca/colonca2522.jpeg,1,adenocarcinoma,colonca2522,colon_aca,173,173
validation,colon_aca/colonca2528.jpeg,1,adenocarcinoma,colonca2528,colon_aca,132,132
validation,colon_aca/colonca2529.jpeg,1,adenocarcinoma,colonca2529,colon_aca,24,24
validation,colon_aca/colonca2540.jpeg,1,adenocarcinoma,colonca2540,colon_aca,162,162
validation,colon_aca/colonca2542.jpeg,1,adenocarcinoma,colonca2542,colon_aca,104,104
validation,colon_aca/colonca2544.jpeg,1,adenocarcinoma,colonca2544,colon_aca,172,172
validation,colon_aca/colonca2546.jpeg,1,adenocarcinoma,colonca2546,colon_aca,193,193
validation,colon_aca/colonca2547.jpeg,1,adenocarcinoma,colonca2547,colon_aca,244,244
validation,colon_aca/colonca2550.jpeg,1,adenocarcinoma,colonca2550,colon_aca,75,75
validation,colon_aca/colonca2554.jpeg,1,adenocarcinoma,colonca2554,colon_aca,190,190
validation,colon_aca/colonca2556.jpeg,1,adenocarcinoma,colonca2556,colon_aca,213,213
validation,colon_aca/colonca2560.jpeg,1,adenocarcinoma,colonca2560,colon_aca,216,216
validation,colon_aca/colonca2572.jpeg,1,adenocarcinoma,colonca2572,colon_aca,10,10
validation,colon_aca/colonca2573.jpeg,1,adenocarcinoma,colonca2573,colon_aca,10,10
validation,colon_aca/colonca2575.jpeg,1,adenocarcinoma,colonca2575,colon_aca,68,68
validation,colon_aca/colonca2580.jpeg,1,adenocarcinoma,colonca2580,colon_aca,24,24
validation,colon_aca/colonca2588.jpeg,1,adenocarcinoma,colonca2588,colon_aca,45,45
validation,colon_aca/colonca2591.jpeg,1,adenocarcinoma,colonca2591,colon_aca,16,16
validation,colon_aca/colonca2598.jpeg,1,adenocarcinoma,colonca2598,colon_aca,172,172
validation,colon_aca/colonca2607.jpeg,1,adenocarcinoma,colonca2607,colon_aca,30,30
validation,colon_aca/colonca2618.jpeg,1,adenocarcinoma,colonca2618,colon_aca,120,120
validation,colon_aca/colonca2621.jpeg,1,adenocarcinoma,colonca2621,colon_aca,38,38
validation,colon_aca/colonca2624.jpeg,1,adenocarcinoma,colonca2624,colon_aca,216,216
validation,colon_aca/colonca2629.jpeg,1,adenocarcinoma,colonca2629,colon_aca,118,118
validation,colon_aca/colonca2630.jpeg,1,adenocarcinoma,colonca2630,colon_aca,118,118
validation,colon_aca/colonca2631.jpeg,1,adenocarcinoma,colonca2631,colon_aca,118,118
validation,colon_aca/colonca2637.jpeg,1,adenocarcinoma,colonca2637,colon_aca,167,167
validation,colon_aca/colonca2641.jpeg,1,adenocarcinoma,colonca2641,colon_aca,84,84
validation,colon_aca/colonca2663.jpeg,1,adenocarcinoma,colonca2663,colon_aca,104,104
validation,colon_aca/colonca2668.jpeg,1,adenocarcinoma,colonca2668,colon_aca,244,244
validation,colon_aca/colonca2676.jpeg,1,adenocarcinoma,colonca2676,colon_aca,30,30
validation,colon_aca/colonca2682.jpeg,1,adenocarcinoma,colonca2682,colon_aca,120,120
validation,colon_aca/colonca2683.jpeg,1,adenocarcinoma,colonca2683,colon_aca,120,120
validation,colon_aca/colonca269.jpeg,1,adenocarcinoma,colonca269,colon_aca,132,132
validation,colon_aca/colonca2693.jpeg,1,adenocarcinoma,colonca2693,colon_aca,112,112
validation,colon_aca/colonca2699.jpeg,1,adenocarcinoma,colonca2699,colon_aca,175,175
validation,colon_aca/colonca2704.jpeg,1,adenocarcinoma,colonca2704,colon_aca,156,156
validation,colon_aca/colonca2706.jpeg,1,adenocarcinoma,colonca2706,colon_aca,195,195
validation,colon_aca/colonca2707.jpeg,1,adenocarcinoma,colonca2707,colon_aca,132,132
validation,colon_aca/colonca2718.jpeg,1,adenocarcinoma,colonca2718,colon_aca,67,67
validation,colon_aca/colonca2720.jpeg,1,adenocarcinoma,colonca2720,colon_aca,104,104
validation,colon_aca/colonca2722.jpeg,1,adenocarcinoma,colonca2722,colon_aca,172,172
validation,colon_aca/colonca2728.jpeg,1,adenocarcinoma,colonca2728,colon_aca,75,75
validation,colon_aca/colonca2732.jpeg,1,adenocarcinoma,colonca2732,colon_aca,33,33
validation,colon_aca/colonca2740.jpeg,1,adenocarcinoma,colonca2740,colon_aca,120,120
validation,colon_aca/colonca2746.jpeg,1,adenocarcinoma,colonca2746,colon_aca,118,118
validation,colon_aca/colonca2749.jpeg,1,adenocarcinoma,colonca2749,colon_aca,112,112
validation,colon_aca/colonca2750.jpeg,1,adenocarcinoma,colonca2750,colon_aca,112,112
validation,colon_aca/colonca2756.jpeg,1,adenocarcinoma,colonca2756,colon_aca,167,167
validation,colon_aca/colonca2759.jpeg,1,adenocarcinoma,colonca2759,colon_aca,84,84
validation,colon_aca/colonca2763.jpeg,1,adenocarcinoma,colonca2763,colon_aca,132,132
validation,colon_aca/colonca2767.jpeg,1,adenocarcinoma,colonca2767,colon_aca,45,45
validation,colon_aca/colonca2771.jpeg,1,adenocarcinoma,colonca2771,colon_aca,16,16
validation,colon_aca/colonca2773.jpeg,1,adenocarcinoma,colonca2773,colon_aca,115,115
validation,colon_aca/colonca2787.jpeg,1,adenocarcinoma,colonca2787,colon_aca,196,196
validation,colon_aca/colonca2790.jpeg,1,adenocarcinoma,colonca2790,colon_aca,194,194
validation,colon_aca/colonca2793.jpeg,1,adenocarcinoma,colonca2793,colon_aca,33,33
validation,colon_aca/colonca2804.jpeg,1,adenocarcinoma,colonca2804,colon_aca,224,224
validation,colon_aca/colonca2808.jpeg,1,adenocarcinoma,colonca2808,colon_aca,118,118
validation,colon_aca/colonca2812.jpeg,1,adenocarcinoma,colonca2812,colon_aca,112,112
validation,colon_aca/colonca2828.jpeg,1,adenocarcinoma,colonca2828,colon_aca,45,45
validation,colon_aca/colonca2832.jpeg,1,adenocarcinoma,colonca2832,colon_aca,16,16
validation,colon_aca/colonca2833.jpeg,1,adenocarcinoma,colonca2833,colon_aca,16,16
validation,colon_aca/colonca2839.jpeg,1,adenocarcinoma,colonca2839,colon_aca,104,104
validation,colon_aca/colonca2847.jpeg,1,adenocarcinoma,colonca2847,colon_aca,75,75
validation,colon_aca/colonca2853.jpeg,1,adenocarcinoma,colonca2853,colon_aca,108,108
validation,colon_aca/colonca2866.jpeg,1,adenocarcinoma,colonca2866,colon_aca,118,118
validation,colon_aca/colonca2869.jpeg,1,adenocarcinoma,colonca2869,colon_aca,112,112
validation,colon_aca/colonca2884.jpeg,1,adenocarcinoma,colonca2884,colon_aca,45,45
validation,colon_aca/colonca2894.jpeg,1,adenocarcinoma,colonca2894,colon_aca,104,104
validation,colon_aca/colonca2895.jpeg,1,adenocarcinoma,colonca2895,colon_aca,125,125
validation,colon_aca/colonca2908.jpeg,1,adenocarcinoma,colonca2908,colon_aca,33,33
validation,colon_aca/colonca2910.jpeg,1,adenocarcinoma,colonca2910,colon_aca,108,108
validation,colon_aca/colonca293.jpeg,1,adenocarcinoma,colonca293,colon_aca,196,196
validation,colon_aca/colonca294.jpeg,1,adenocarcinoma,colonca294,colon_aca,9,9
validation,colon_aca/colonca295.jpeg,1,adenocarcinoma,colonca295,colon_aca,38,38
validation,colon_aca/colonca2950.jpeg,1,adenocarcinoma,colonca2950,colon_aca,193,193
validation,colon_aca/colonca2951.jpeg,1,adenocarcinoma,colonca2951,colon_aca,193,193
validation,colon_aca/colonca2952.jpeg,1,adenocarcinoma,colonca2952,colon_aca,9,9
validation,colon_aca/colonca2960.jpeg,1,adenocarcinoma,colonca2960,colon_aca,33,33
validation,colon_aca/colonca2964.jpeg,1,adenocarcinoma,colonca2964,colon_aca,180,180
validation,colon_aca/colonca2983.jpeg,1,adenocarcinoma,colonca2983,colon_aca,112,112
validation,colon_aca/colonca299.jpeg,1,adenocarcinoma,colonca299,colon_aca,190,190
validation,colon_aca/colonca2991.jpeg,1,adenocarcinoma,colonca2991,colon_aca,84,84
validation,colon_aca/colonca3015.jpeg,1,adenocarcinoma,colonca3015,colon_aca,193,193
validation,colon_aca/colonca303.jpeg,1,adenocarcinoma,colonca303,colon_aca,33,33
validation,colon_aca/colonca3036.jpeg,1,adenocarcinoma,colonca3036,colon_aca,216,216
validation,colon_aca/colonca3041.jpeg,1,adenocarcinoma,colonca3041,colon_aca,112,112
validation,colon_aca/colonca3049.jpeg,1,adenocarcinoma,colonca3049,colon_aca,84,84
validation,colon_aca/colonca3077.jpeg,1,adenocarcinoma,colonca3077,colon_aca,196,196
validation,colon_aca/colonca3078.jpeg,1,adenocarcinoma,colonca3078,colon_aca,75,75
validation,colon_aca/colonca3079.jpeg,1,adenocarcinoma,colonca3079,colon_aca,75,75
validation,colon_aca/colonca3082.jpeg,1,adenocarcinoma,colonca3082,colon_aca,38,38
validation,colon_aca/colonca3085.jpeg,1,adenocarcinoma,colonca3085,colon_aca,190,190
validation,colon_aca/colonca3088.jpeg,1,adenocarcinoma,colonca3088,colon_aca,30,30
validation,colon_aca/colonca3110.jpeg,1,adenocarcinoma,colonca3110,colon_aca,84,84
validation,colon_aca/colonca3111.jpeg,1,adenocarcinoma,colonca3111,colon_aca,84,84
validation,colon_aca/colonca312.jpeg,1,adenocarcinoma,colonca312,colon_aca,120,120
validation,colon_aca/colonca3131.jpeg,1,adenocarcinoma,colonca3131,colon_aca,125,125
validation,colon_aca/colonca3136.jpeg,1,adenocarcinoma,colonca3136,colon_aca,194,194
validation,colon_aca/colonca3137.jpeg,1,adenocarcinoma,colonca3137,colon_aca,38,38
validation,colon_aca/colonca314.jpeg,1,adenocarcinoma,colonca314,colon_aca,216,216
validation,colon_aca/colonca3143.jpeg,1,adenocarcinoma,colonca3143,colon_aca,180,180
validation,colon_aca/colonca3144.jpeg,1,adenocarcinoma,colonca3144,colon_aca,213,213
validation,colon_aca/colonca3145.jpeg,1,adenocarcinoma,colonca3145,colon_aca,213,213
validation,colon_aca/colonca3162.jpeg,1,adenocarcinoma,colonca3162,colon_aca,112,112
validation,colon_aca/colonca317.jpeg,1,adenocarcinoma,colonca317,colon_aca,118,118
validation,colon_aca/colonca3171.jpeg,1,adenocarcinoma,colonca3171,colon_aca,156,156
validation,colon_aca/colonca3174.jpeg,1,adenocarcinoma,colonca3174,colon_aca,24,24
validation,colon_aca/colonca3186.jpeg,1,adenocarcinoma,colonca3186,colon_aca,75,75
validation,colon_aca/colonca3208.jpeg,1,adenocarcinoma,colonca3208,colon_aca,118,118
validation,colon_aca/colonca3219.jpeg,1,adenocarcinoma,colonca3219,colon_aca,68,68
validation,colon_aca/colonca3220.jpeg,1,adenocarcinoma,colonca3220,colon_aca,68,68
validation,colon_aca/colonca3221.jpeg,1,adenocarcinoma,colonca3221,colon_aca,68,68
validation,colon_aca/colonca3224.jpeg,1,adenocarcinoma,colonca3224,colon_aca,156,156
validation,colon_aca/colonca3238.jpeg,1,adenocarcinoma,colonca3238,colon_aca,67,67
validation,colon_aca/colonca3239.jpeg,1,adenocarcinoma,colonca3239,colon_aca,67,67
validation,colon_aca/colonca324.jpeg,1,adenocarcinoma,colonca324,colon_aca,167,167
validation,colon_aca/colonca3241.jpeg,1,adenocarcinoma,colonca3241,colon_aca,104,104
validation,colon_aca/colonca3242.jpeg,1,adenocarcinoma,colonca3242,colon_aca,104,104
validation,colon_aca/colonca3243.jpeg,1,adenocarcinoma,colonca3243,colon_aca,125,125
validation,colon_aca/colonca3247.jpeg,1,adenocarcinoma,colonca3247,colon_aca,9,9
validation,colon_aca/colonca3248.jpeg,1,adenocarcinoma,colonca3248,colon_aca,9,9
validation,colon_aca/colonca3249.jpeg,1,adenocarcinoma,colonca3249,colon_aca,201,201
validation,colon_aca/colonca3254.jpeg,1,adenocarcinoma,colonca3254,colon_aca,33,33
validation,colon_aca/colonca3260.jpeg,1,adenocarcinoma,colonca3260,colon_aca,180,180
validation,colon_aca/colonca3275.jpeg,1,adenocarcinoma,colonca3275,colon_aca,175,175
validation,colon_aca/colonca3283.jpeg,1,adenocarcinoma,colonca3283,colon_aca,24,24
validation,colon_aca/colonca329.jpeg,1,adenocarcinoma,colonca329,colon_aca,68,68
validation,colon_aca/colonca33.jpeg,1,adenocarcinoma,colonca33,colon_aca,84,84
validation,colon_aca/colonca3301.jpeg,1,adenocarcinoma,colonca3301,colon_aca,172,172
validation,colon_aca/colonca3307.jpeg,1,adenocarcinoma,colonca3307,colon_aca,75,75
validation,colon_aca/colonca3315.jpeg,1,adenocarcinoma,colonca3315,colon_aca,190,190
validation,colon_aca/colonca3316.jpeg,1,adenocarcinoma,colonca3316,colon_aca,190,190
validation,colon_aca/colonca3320.jpeg,1,adenocarcinoma,colonca3320,colon_aca,108,108
validation,colon_aca/colonca3328.jpeg,1,adenocarcinoma,colonca3328,colon_aca,216,216
validation,colon_aca/colonca3329.jpeg,1,adenocarcinoma,colonca3329,colon_aca,216,216
validation,colon_aca/colonca333.jpeg,1,adenocarcinoma,colonca333,colon_aca,156,156
validation,colon_aca/colonca3334.jpeg,1,adenocarcinoma,colonca3334,colon_aca,118,118
validation,colon_aca/colonca3336.jpeg,1,adenocarcinoma,colonca3336,colon_aca,112,112
validation,colon_aca/colonca3346.jpeg,1,adenocarcinoma,colonca3346,colon_aca,195,195
validation,colon_aca/colonca3366.jpeg,1,adenocarcinoma,colonca3366,colon_aca,194,194
validation,colon_aca/colonca3367.jpeg,1,adenocarcinoma,colonca3367,colon_aca,201,201
validation,colon_aca/colonca3376.jpeg,1,adenocarcinoma,colonca3376,colon_aca,213,213
validation,colon_aca/colonca338.jpeg,1,adenocarcinoma,colonca338,colon_aca,24,24
validation,colon_aca/colonca3381.jpeg,1,adenocarcinoma,colonca3381,colon_aca,120,120
validation,colon_aca/colonca3407.jpeg,1,adenocarcinoma,colonca3407,colon_aca,24,24
validation,colon_aca/colonca3412.jpeg,1,adenocarcinoma,colonca3412,colon_aca,45,45
validation,colon_aca/colonca3413.jpeg,1,adenocarcinoma,colonca3413,colon_aca,45,45
validation,colon_aca/colonca3414.jpeg,1,adenocarcinoma,colonca3414,colon_aca,45,45
validation,colon_aca/colonca3429.jpeg,1,adenocarcinoma,colonca3429,colon_aca,194,194
validation,colon_aca/colonca3431.jpeg,1,adenocarcinoma,colonca3431,colon_aca,190,190
validation,colon_aca/colonca3435.jpeg,1,adenocarcinoma,colonca3435,colon_aca,30,30
validation,colon_aca/colonca3442.jpeg,1,adenocarcinoma,colonca3442,colon_aca,120,120
validation,colon_aca/colonca3453.jpeg,1,adenocarcinoma,colonca3453,colon_aca,118,118
validation,colon_aca/colonca3460.jpeg,1,adenocarcinoma,colonca3460,colon_aca,68,68
validation,colon_aca/colonca3461.jpeg,1,adenocarcinoma,colonca3461,colon_aca,68,68
validation,colon_aca/colonca3462.jpeg,1,adenocarcinoma,colonca3462,colon_aca,84,84
validation,colon_aca/colonca3465.jpeg,1,adenocarcinoma,colonca3465,colon_aca,156,156
validation,colon_aca/colonca3469.jpeg,1,adenocarcinoma,colonca3469,colon_aca,132,132
validation,colon_aca/colonca3493.jpeg,1,adenocarcinoma,colonca3493,colon_aca,190,190
validation,colon_aca/colonca3509.jpeg,1,adenocarcinoma,colonca3509,colon_aca,118,118
validation,colon_aca/colonca3538.jpeg,1,adenocarcinoma,colonca3538,colon_aca,115,115
validation,colon_aca/colonca3549.jpeg,1,adenocarcinoma,colonca3549,colon_aca,75,75
validation,colon_aca/colonca3550.jpeg,1,adenocarcinoma,colonca3550,colon_aca,9,9
validation,colon_aca/colonca3553.jpeg,1,adenocarcinoma,colonca3553,colon_aca,201,201
validation,colon_aca/colonca356.jpeg,1,adenocarcinoma,colonca356,colon_aca,196,196
validation,colon_aca/colonca3573.jpeg,1,adenocarcinoma,colonca3573,colon_aca,224,224
validation,colon_aca/colonca3574.jpeg,1,adenocarcinoma,colonca3574,colon_aca,118,118
validation,colon_aca/colonca3575.jpeg,1,adenocarcinoma,colonca3575,colon_aca,118,118
validation,colon_aca/colonca3585.jpeg,1,adenocarcinoma,colonca3585,colon_aca,84,84
validation,colon_aca/colonca3590.jpeg,1,adenocarcinoma,colonca3590,colon_aca,24,24
validation,colon_aca/colonca3591.jpeg,1,adenocarcinoma,colonca3591,colon_aca,24,24
validation,colon_aca/colonca3595.jpeg,1,adenocarcinoma,colonca3595,colon_aca,16,16
validation,colon_aca/colonca3596.jpeg,1,adenocarcinoma,colonca3596,colon_aca,115,115
validation,colon_aca/colonca3597.jpeg,1,adenocarcinoma,colonca3597,colon_aca,115,115
validation,colon_aca/colonca3610.jpeg,1,adenocarcinoma,colonca3610,colon_aca,75,75
validation,colon_aca/colonca362.jpeg,1,adenocarcinoma,colonca362,colon_aca,190,190
validation,colon_aca/colonca3621.jpeg,1,adenocarcinoma,colonca3621,colon_aca,120,120
validation,colon_aca/colonca3632.jpeg,1,adenocarcinoma,colonca3632,colon_aca,173,173
validation,colon_aca/colonca3647.jpeg,1,adenocarcinoma,colonca3647,colon_aca,45,45
validation,colon_aca/colonca3650.jpeg,1,adenocarcinoma,colonca3650,colon_aca,115,115
validation,colon_aca/colonca3661.jpeg,1,adenocarcinoma,colonca3661,colon_aca,172,172
validation,colon_aca/colonca3666.jpeg,1,adenocarcinoma,colonca3666,colon_aca,193,193
validation,colon_aca/colonca3670.jpeg,1,adenocarcinoma,colonca3670,colon_aca,194,194
validation,colon_aca/colonca3674.jpeg,1,adenocarcinoma,colonca3674,colon_aca,33,33
validation,colon_aca/colonca3675.jpeg,1,adenocarcinoma,colonca3675,colon_aca,30,30
validation,colon_aca/colonca3676.jpeg,1,adenocarcinoma,colonca3676,colon_aca,108,108
validation,colon_aca/colonca3677.jpeg,1,adenocarcinoma,colonca3677,colon_aca,108,108
validation,colon_aca/colonca3682.jpeg,1,adenocarcinoma,colonca3682,colon_aca,120,120
validation,colon_aca/colonca3683.jpeg,1,adenocarcinoma,colonca3683,colon_aca,38,38
validation,colon_aca/colonca369.jpeg,1,adenocarcinoma,colonca369,colon_aca,120,120
validation,colon_aca/colonca3692.jpeg,1,adenocarcinoma,colonca3692,colon_aca,167,167
validation,colon_aca/colonca3693.jpeg,1,adenocarcinoma,colonca3693,colon_aca,175,175
validation,colon_aca/colonca3694.jpeg,1,adenocarcinoma,colonca3694,colon_aca,10,10
validation,colon_aca/colonca3695.jpeg,1,adenocarcinoma,colonca3695,colon_aca,10,10
validation,colon_aca/colonca3712.jpeg,1,adenocarcinoma,colonca3712,colon_aca,115,115
validation,colon_aca/colonca3716.jpeg,1,adenocarcinoma,colonca3716,colon_aca,162,162
validation,colon_aca/colonca3717.jpeg,1,adenocarcinoma,colonca3717,colon_aca,125,125
validation,colon_aca/colonca3718.jpeg,1,adenocarcinoma,colonca3718,colon_aca,125,125
validation,colon_aca/colonca3722.jpeg,1,adenocarcinoma,colonca3722,colon_aca,9,9
validation,colon_aca/colonca3723.jpeg,1,adenocarcinoma,colonca3723,colon_aca,9,9
validation,colon_aca/colonca3724.jpeg,1,adenocarcinoma,colonca3724,colon_aca,9,9
validation,colon_aca/colonca3733.jpeg,1,adenocarcinoma,colonca3733,colon_aca,33,33
validation,colon_aca/colonca3734.jpeg,1,adenocarcinoma,colonca3734,colon_aca,33,33
validation,colon_aca/colonca3735.jpeg,1,adenocarcinoma,colonca3735,colon_aca,30,30
validation,colon_aca/colonca3743.jpeg,1,adenocarcinoma,colonca3743,colon_aca,216,216
validation,colon_aca/colonca3748.jpeg,1,adenocarcinoma,colonca3748,colon_aca,224,224
validation,colon_aca/colonca3755.jpeg,1,adenocarcinoma,colonca3755,colon_aca,175,175
validation,colon_aca/colonca3756.jpeg,1,adenocarcinoma,colonca3756,colon_aca,173,173
validation,colon_aca/colonca3769.jpeg,1,adenocarcinoma,colonca3769,colon_aca,67,67
validation,colon_aca/colonca3773.jpeg,1,adenocarcinoma,colonca3773,colon_aca,104,104
validation,colon_aca/colonca3786.jpeg,1,adenocarcinoma,colonca3786,colon_aca,33,33
validation,colon_aca/colonca3788.jpeg,1,adenocarcinoma,colonca3788,colon_aca,213,213
validation,colon_aca/colonca3796.jpeg,1,adenocarcinoma,colonca3796,colon_aca,38,38
validation,colon_aca/colonca3797.jpeg,1,adenocarcinoma,colonca3797,colon_aca,38,38
validation,colon_aca/colonca3799.jpeg,1,adenocarcinoma,colonca3799,colon_aca,216,216
validation,colon_aca/colonca381.jpeg,1,adenocarcinoma,colonca381,colon_aca,112,112
validation,colon_aca/colonca3820.jpeg,1,adenocarcinoma,colonca3820,colon_aca,132,132
validation,colon_aca/colonca3823.jpeg,1,adenocarcinoma,colonca3823,colon_aca,45,45
validation,colon_aca/colonca3829.jpeg,1,adenocarcinoma,colonca3829,colon_aca,162,162
validation,colon_aca/colonca3837.jpeg,1,adenocarcinoma,colonca3837,colon_aca,75,75
validation,colon_aca/colonca3841.jpeg,1,adenocarcinoma,colonca3841,colon_aca,194,194
validation,colon_aca/colonca3847.jpeg,1,adenocarcinoma,colonca3847,colon_aca,30,30
validation,colon_aca/colonca3849.jpeg,1,adenocarcinoma,colonca3849,colon_aca,213,213
validation,colon_aca/colonca3856.jpeg,1,adenocarcinoma,colonca3856,colon_aca,120,120
validation,colon_aca/colonca3861.jpeg,1,adenocarcinoma,colonca3861,colon_aca,118,118
validation,colon_aca/colonca3865.jpeg,1,adenocarcinoma,colonca3865,colon_aca,112,112
validation,colon_aca/colonca3868.jpeg,1,adenocarcinoma,colonca3868,colon_aca,175,175
validation,colon_aca/colonca3871.jpeg,1,adenocarcinoma,colonca3871,colon_aca,156,156
validation,colon_aca/colonca3872.jpeg,1,adenocarcinoma,colonca3872,colon_aca,156,156
validation,colon_aca/colonca3878.jpeg,1,adenocarcinoma,colonca3878,colon_aca,195,195
validation,colon_aca/colonca3879.jpeg,1,adenocarcinoma,colonca3879,colon_aca,195,195
validation,colon_aca/colonca3880.jpeg,1,adenocarcinoma,colonca3880,colon_aca,195,195
validation,colon_aca/colonca3885.jpeg,1,adenocarcinoma,colonca3885,colon_aca,45,45
validation,colon_aca/colonca3899.jpeg,1,adenocarcinoma,colonca3899,colon_aca,172,172
validation,colon_aca/colonca3924.jpeg,1,adenocarcinoma,colonca3924,colon_aca,224,224
validation,colon_aca/colonca3932.jpeg,1,adenocarcinoma,colonca3932,colon_aca,175,175
validation,colon_aca/colonca3933.jpeg,1,adenocarcinoma,colonca3933,colon_aca,173,173
validation,colon_aca/colonca3937.jpeg,1,adenocarcinoma,colonca3937,colon_aca,156,156
validation,colon_aca/colonca3938.jpeg,1,adenocarcinoma,colonca3938,colon_aca,156,156
validation,colon_aca/colonca3941.jpeg,1,adenocarcinoma,colonca3941,colon_aca,132,132
validation,colon_aca/colonca3948.jpeg,1,adenocarcinoma,colonca3948,colon_aca,115,115
validation,colon_aca/colonca3950.jpeg,1,adenocarcinoma,colonca3950,colon_aca,67,67
validation,colon_aca/colonca3954.jpeg,1,adenocarcinoma,colonca3954,colon_aca,104,104
validation,colon_aca/colonca3955.jpeg,1,adenocarcinoma,colonca3955,colon_aca,125,125
validation,colon_aca/colonca3964.jpeg,1,adenocarcinoma,colonca3964,colon_aca,196,196
validation,colon_aca/colonca3984.jpeg,1,adenocarcinoma,colonca3984,colon_aca,112,112
validation,colon_aca/colonca400.jpeg,1,adenocarcinoma,colonca400,colon_aca,67,67
validation,colon_aca/colonca4015.jpeg,1,adenocarcinoma,colonca4015,colon_aca,162,162
validation,colon_aca/colonca4022.jpeg,1,adenocarcinoma,colonca4022,colon_aca,172,172
validation,colon_aca/colonca4032.jpeg,1,adenocarcinoma,colonca4032,colon_aca,108,108
validation,colon_aca/colonca4038.jpeg,1,adenocarcinoma,colonca4038,colon_aca,224,224
validation,colon_aca/colonca4052.jpeg,1,adenocarcinoma,colonca4052,colon_aca,167,167
validation,colon_aca/colonca4058.jpeg,1,adenocarcinoma,colonca4058,colon_aca,84,84
validation,colon_aca/colonca4066.jpeg,1,adenocarcinoma,colonca4066,colon_aca,195,195
validation,colon_aca/colonca4074.jpeg,1,adenocarcinoma,colonca4074,colon_aca,162,162
validation,colon_aca/colonca4087.jpeg,1,adenocarcinoma,colonca4087,colon_aca,180,180
validation,colon_aca/colonca409.jpeg,1,adenocarcinoma,colonca409,colon_aca,172,172
validation,colon_aca/colonca4093.jpeg,1,adenocarcinoma,colonca4093,colon_aca,38,38
validation,colon_aca/colonca4106.jpeg,1,adenocarcinoma,colonca4106,colon_aca,10,10
validation,colon_aca/colonca4114.jpeg,1,adenocarcinoma,colonca4114,colon_aca,45,45
validation,colon_aca/colonca4132.jpeg,1,adenocarcinoma,colonca4132,colon_aca,9,9
validation,colon_aca/colonca4138.jpeg,1,adenocarcinoma,colonca4138,colon_aca,201,201
validation,colon_aca/colonca4146.jpeg,1,adenocarcinoma,colonca4146,colon_aca,213,213
validation,colon_aca/colonca4155.jpeg,1,adenocarcinoma,colonca4155,colon_aca,118,118
validation,colon_aca/colonca4158.jpeg,1,adenocarcinoma,colonca4158,colon_aca,112,112
validation,colon_aca/colonca4166.jpeg,1,adenocarcinoma,colonca4166,colon_aca,173,173
validation,colon_aca/colonca4168.jpeg,1,adenocarcinoma,colonca4168,colon_aca,68,68
validation,colon_aca/colonca4169.jpeg,1,adenocarcinoma,colonca4169,colon_aca,68,68
validation,colon_aca/colonca4176.jpeg,1,adenocarcinoma,colonca4176,colon_aca,45,45
validation,colon_aca/colonca4187.jpeg,1,adenocarcinoma,colonca4187,colon_aca,193,193
validation,colon_aca/colonca4188.jpeg,1,adenocarcinoma,colonca4188,colon_aca,196,196
validation,colon_aca/colonca4189.jpeg,1,adenocarcinoma,colonca4189,colon_aca,75,75
validation,colon_aca/colonca4197.jpeg,1,adenocarcinoma,colonca4197,colon_aca,190,190
validation,colon_aca/colonca4208.jpeg,1,adenocarcinoma,colonca4208,colon_aca,224,224
validation,colon_aca/colonca421.jpeg,1,adenocarcinoma,colonca421,colon_aca,30,30
validation,colon_aca/colonca4215.jpeg,1,adenocarcinoma,colonca4215,colon_aca,112,112
validation,colon_aca/colonca4222.jpeg,1,adenocarcinoma,colonca4222,colon_aca,173,173
validation,colon_aca/colonca4229.jpeg,1,adenocarcinoma,colonca4229,colon_aca,156,156
validation,colon_aca/colonca4230.jpeg,1,adenocarcinoma,colonca4230,colon_aca,156,156
validation,colon_aca/colonca4232.jpeg,1,adenocarcinoma,colonca4232,colon_aca,195,195
validation,colon_aca/colonca4250.jpeg,1,adenocarcinoma,colonca4250,colon_aca,38,38
validation,colon_aca/colonca4259.jpeg,1,adenocarcinoma,colonca4259,colon_aca,33,33
validation,colon_aca/colonca4264.jpeg,1,adenocarcinoma,colonca4264,colon_aca,120,120
validation,colon_aca/colonca4276.jpeg,1,adenocarcinoma,colonca4276,colon_aca,224,224
validation,colon_aca/colonca4297.jpeg,1,adenocarcinoma,colonca4297,colon_aca,156,156
validation,colon_aca/colonca43.jpeg,1,adenocarcinoma,colonca43,colon_aca,45,45
validation,colon_aca/colonca4300.jpeg,1,adenocarcinoma,colonca4300,colon_aca,24,24
validation,colon_aca/colonca4343.jpeg,1,adenocarcinoma,colonca4343,colon_aca,10,10
validation,colon_aca/colonca4349.jpeg,1,adenocarcinoma,colonca4349,colon_aca,24,24
validation,colon_aca/colonca4354.jpeg,1,adenocarcinoma,colonca4354,colon_aca,45,45
validation,colon_aca/colonca4358.jpeg,1,adenocarcinoma,colonca4358,colon_aca,67,67
validation,colon_aca/colonca4376.jpeg,1,adenocarcinoma,colonca4376,colon_aca,108,108
validation,colon_aca/colonca4389.jpeg,1,adenocarcinoma,colonca4389,colon_aca,118,118
validation,colon_aca/colonca4413.jpeg,1,adenocarcinoma,colonca4413,colon_aca,67,67
validation,colon_aca/colonca4415.jpeg,1,adenocarcinoma,colonca4415,colon_aca,162,162
validation,colon_aca/colonca4418.jpeg,1,adenocarcinoma,colonca4418,colon_aca,125,125
validation,colon_aca/colonca4426.jpeg,1,adenocarcinoma,colonca4426,colon_aca,244,244
validation,colon_aca/colonca4427.jpeg,1,adenocarcinoma,colonca4427,colon_aca,196,196
validation,colon_aca/colonca4428.jpeg,1,adenocarcinoma,colonca4428,colon_aca,38,38
validation,colon_aca/colonca4429.jpeg,1,adenocarcinoma,colonca4429,colon_aca,38,38
validation,colon_aca/colonca4433.jpeg,1,adenocarcinoma,colonca4433,colon_aca,190,190
validation,colon_aca/colonca4436.jpeg,1,adenocarcinoma,colonca4436,colon_aca,30,30
validation,colon_aca/colonca4438.jpeg,1,adenocarcinoma,colonca4438,colon_aca,108,108
validation,colon_aca/colonca4455.jpeg,1,adenocarcinoma,colonca4455,colon_aca,224,224
validation,colon_aca/colonca4464.jpeg,1,adenocarcinoma,colonca4464,colon_aca,10,10
validation,colon_aca/colonca4472.jpeg,1,adenocarcinoma,colonca4472,colon_aca,16,16
validation,colon_aca/colonca4476.jpeg,1,adenocarcinoma,colonca4476,colon_aca,125,125
validation,colon_aca/colonca4479.jpeg,1,adenocarcinoma,colonca4479,colon_aca,172,172
validation,colon_aca/colonca4484.jpeg,1,adenocarcinoma,colonca4484,colon_aca,194,194
validation,colon_aca/colonca4514.jpeg,1,adenocarcinoma,colonca4514,colon_aca,173,173
validation,colon_aca/colonca4515.jpeg,1,adenocarcinoma,colonca4515,colon_aca,68,68
validation,colon_aca/colonca4518.jpeg,1,adenocarcinoma,colonca4518,colon_aca,195,195
validation,colon_aca/colonca4529.jpeg,1,adenocarcinoma,colonca4529,colon_aca,45,45
validation,colon_aca/colonca4541.jpeg,1,adenocarcinoma,colonca4541,colon_aca,125,125
validation,colon_aca/colonca4544.jpeg,1,adenocarcinoma,colonca4544,colon_aca,193,193
validation,colon_aca/colonca4545.jpeg,1,adenocarcinoma,colonca4545,colon_aca,244,244
validation,colon_aca/colonca4552.jpeg,1,adenocarcinoma,colonca4552,colon_aca,38,38
validation,colon_aca/colonca4553.jpeg,1,adenocarcinoma,colonca4553,colon_aca,38,38
validation,colon_aca/colonca4554.jpeg,1,adenocarcinoma,colonca4554,colon_aca,201,201
validation,colon_aca/colonca4558.jpeg,1,adenocarcinoma,colonca4558,colon_aca,180,180
validation,colon_aca/colonca4564.jpeg,1,adenocarcinoma,colonca4564,colon_aca,38,38
validation,colon_aca/colonca4568.jpeg,1,adenocarcinoma,colonca4568,colon_aca,10,10
validation,colon_aca/colonca4570.jpeg,1,adenocarcinoma,colonca4570,colon_aca,68,68
validation,colon_aca/colonca4574.jpeg,1,adenocarcinoma,colonca4574,colon_aca,195,195
validation,colon_aca/colonca4577.jpeg,1,adenocarcinoma,colonca4577,colon_aca,24,24
validation,colon_aca/colonca458.jpeg,1,adenocarcinoma,colonca458,colon_aca,104,104
validation,colon_aca/colonca4582.jpeg,1,adenocarcinoma,colonca4582,colon_aca,45,45
validation,colon_aca/colonca4583.jpeg,1,adenocarcinoma,colonca4583,colon_aca,45,45
validation,colon_aca/colonca4584.jpeg,1,adenocarcinoma,colonca4584,colon_aca,16,16
validation,colon_aca/colonca4592.jpeg,1,adenocarcinoma,colonca4592,colon_aca,104,104
validation,colon_aca/colonca4610.jpeg,1,adenocarcinoma,colonca4610,colon_aca,30,30
validation,colon_aca/colonca4617.jpeg,1,adenocarcinoma,colonca4617,colon_aca,38,38
validation,colon_aca/colonca462.jpeg,1,adenocarcinoma,colonca462,colon_aca,172,172
validation,colon_aca/colonca4625.jpeg,1,adenocarcinoma,colonca4625,colon_aca,167,167
validation,colon_aca/colonca4627.jpeg,1,adenocarcinoma,colonca4627,colon_aca,10,10
validation,colon_aca/colonca4629.jpeg,1,adenocarcinoma,colonca4629,colon_aca,173,173
validation,colon_aca/colonca4632.jpeg,1,adenocarcinoma,colonca4632,colon_aca,156,156
validation,colon_aca/colonca4635.jpeg,1,adenocarcinoma,colonca4635,colon_aca,195,195
validation,colon_aca/colonca4637.jpeg,1,adenocarcinoma,colonca4637,colon_aca,132,132
validation,colon_aca/colonca464.jpeg,1,adenocarcinoma,colonca464,colon_aca,193,193
validation,colon_aca/colonca4650.jpeg,1,adenocarcinoma,colonca4650,colon_aca,67,67
validation,colon_aca/colonca4654.jpeg,1,adenocarcinoma,colonca4654,colon_aca,104,104
validation,colon_aca/colonca4656.jpeg,1,adenocarcinoma,colonca4656,colon_aca,193,193
validation,colon_aca/colonca4667.jpeg,1,adenocarcinoma,colonca4667,colon_aca,30,30
validation,colon_aca/colonca4668.jpeg,1,adenocarcinoma,colonca4668,colon_aca,108,108
validation,colon_aca/colonca4669.jpeg,1,adenocarcinoma,colonca4669,colon_aca,108,108
validation,colon_aca/colonca467.jpeg,1,adenocarcinoma,colonca467,colon_aca,9,9
validation,colon_aca/colonca4681.jpeg,1,adenocarcinoma,colonca4681,colon_aca,224,224
validation,colon_aca/colonca4689.jpeg,1,adenocarcinoma,colonca4689,colon_aca,10,10
validation,colon_aca/colonca4690.jpeg,1,adenocarcinoma,colonca4690,colon_aca,10,10
validation,colon_aca/colonca4691.jpeg,1,adenocarcinoma,colonca4691,colon_aca,10,10
validation,colon_aca/colonca4697.jpeg,1,adenocarcinoma,colonca4697,colon_aca,24,24
validation,colon_aca/colonca470.jpeg,1,adenocarcinoma,colonca470,colon_aca,194,194
validation,colon_aca/colonca4704.jpeg,1,adenocarcinoma,colonca4704,colon_aca,45,45
validation,colon_aca/colonca4712.jpeg,1,adenocarcinoma,colonca4712,colon_aca,162,162
validation,colon_aca/colonca4725.jpeg,1,adenocarcinoma,colonca4725,colon_aca,9,9
validation,colon_aca/colonca474.jpeg,1,adenocarcinoma,colonca474,colon_aca,190,190
validation,colon_aca/colonca4740.jpeg,1,adenocarcinoma,colonca4740,colon_aca,112,112
validation,colon_aca/colonca4741.jpeg,1,adenocarcinoma,colonca4741,colon_aca,112,112
validation,colon_aca/colonca4750.jpeg,1,adenocarcinoma,colonca4750,colon_aca,68,68
validation,colon_aca/colonca4753.jpeg,1,adenocarcinoma,colonca4753,colon_aca,156,156
validation,colon_aca/colonca477.jpeg,1,adenocarcinoma,colonca477,colon_aca,213,213
validation,colon_aca/colonca4770.jpeg,1,adenocarcinoma,colonca4770,colon_aca,67,67
validation,colon_aca/colonca4771.jpeg,1,adenocarcinoma,colonca4771,colon_aca,67,67
validation,colon_aca/colonca4775.jpeg,1,adenocarcinoma,colonca4775,colon_aca,104,104
validation,colon_aca/colonca4783.jpeg,1,adenocarcinoma,colonca4783,colon_aca,193,193
validation,colon_aca/colonca4786.jpeg,1,adenocarcinoma,colonca4786,colon_aca,75,75
validation,colon_aca/colonca4788.jpeg,1,adenocarcinoma,colonca4788,colon_aca,201,201
validation,colon_aca/colonca4793.jpeg,1,adenocarcinoma,colonca4793,colon_aca,30,30
validation,colon_aca/colonca4794.jpeg,1,adenocarcinoma,colonca4794,colon_aca,180,180
validation,colon_aca/colonca4801.jpeg,1,adenocarcinoma,colonca4801,colon_aca,118,118
validation,colon_aca/colonca4808.jpeg,1,adenocarcinoma,colonca4808,colon_aca,10,10
validation,colon_aca/colonca4809.jpeg,1,adenocarcinoma,colonca4809,colon_aca,10,10
validation,colon_aca/colonca482.jpeg,1,adenocarcinoma,colonca482,colon_aca,120,120
validation,colon_aca/colonca4848.jpeg,1,adenocarcinoma,colonca4848,colon_aca,9,9
validation,colon_aca/colonca4855.jpeg,1,adenocarcinoma,colonca4855,colon_aca,30,30
validation,colon_aca/colonca4856.jpeg,1,adenocarcinoma,colonca4856,colon_aca,180,180
validation,colon_aca/colonca4857.jpeg,1,adenocarcinoma,colonca4857,colon_aca,213,213
validation,colon_aca/colonca486.jpeg,1,adenocarcinoma,colonca486,colon_aca,224,224
validation,colon_aca/colonca4867.jpeg,1,adenocarcinoma,colonca4867,colon_aca,175,175
validation,colon_aca/colonca4869.jpeg,1,adenocarcinoma,colonca4869,colon_aca,173,173
validation,colon_aca/colonca4873.jpeg,1,adenocarcinoma,colonca4873,colon_aca,68,68
validation,colon_aca/colonca4875.jpeg,1,adenocarcinoma,colonca4875,colon_aca,132,132
validation,colon_aca/colonca4876.jpeg,1,adenocarcinoma,colonca4876,colon_aca,132,132
validation,colon_aca/colonca4892.jpeg,1,adenocarcinoma,colonca4892,colon_aca,67,67
validation,colon_aca/colonca4895.jpeg,1,adenocarcinoma,colonca4895,colon_aca,162,162
validation,colon_aca/colonca4896.jpeg,1,adenocarcinoma,colonca4896,colon_aca,125,125
validation,colon_aca/colonca4897.jpeg,1,adenocarcinoma,colonca4897,colon_aca,125,125
validation,colon_aca/colonca4901.jpeg,1,adenocarcinoma,colonca4901,colon_aca,38,38
validation,colon_aca/colonca4909.jpeg,1,adenocarcinoma,colonca4909,colon_aca,120,120
validation,colon_aca/colonca4922.jpeg,1,adenocarcinoma,colonca4922,colon_aca,10,10
validation,colon_aca/colonca4924.jpeg,1,adenocarcinoma,colonca4924,colon_aca,173,173
validation,colon_aca/colonca4927.jpeg,1,adenocarcinoma,colonca4927,colon_aca,68,68
validation,colon_aca/colonca4928.jpeg,1,adenocarcinoma,colonca4928,colon_aca,84,84
validation,colon_aca/colonca4936.jpeg,1,adenocarcinoma,colonca4936,colon_aca,45,45
validation,colon_aca/colonca4955.jpeg,1,adenocarcinoma,colonca4955,colon_aca,244,244
validation,colon_aca/colonca497.jpeg,1,adenocarcinoma,colonca497,colon_aca,167,167
validation,colon_aca/colonca498.jpeg,1,adenocarcinoma,colonca498,colon_aca,167,167
validation,colon_aca/colonca4984.jpeg,1,adenocarcinoma,colonca4984,colon_aca,175,175
validation,colon_aca/colonca4985.jpeg,1,adenocarcinoma,colonca4985,colon_aca,68,68
validation,colon_aca/colonca4986.jpeg,1,adenocarcinoma,colonca4986,colon_aca,68,68
validation,colon_aca/colonca4987.jpeg,1,adenocarcinoma,colonca4987,colon_aca,84,84
validation,colon_aca/colonca503.jpeg,1,adenocarcinoma,colonca503,colon_aca,68,68
validation,colon_aca/colonca506.jpeg,1,adenocarcinoma,colonca506,colon_aca,156,156
validation,colon_aca/colonca518.jpeg,1,adenocarcinoma,colonca518,colon_aca,115,115
validation,colon_aca/colonca524.jpeg,1,adenocarcinoma,colonca524,colon_aca,162,162
validation,colon_aca/colonca531.jpeg,1,adenocarcinoma,colonca531,colon_aca,193,193
validation,colon_aca/colonca533.jpeg,1,adenocarcinoma,colonca533,colon_aca,75,75
validation,colon_aca/colonca54.jpeg,1,adenocarcinoma,colonca54,colon_aca,172,172
validation,colon_aca/colonca549.jpeg,1,adenocarcinoma,colonca549,colon_aca,38,38
validation,colon_aca/colonca552.jpeg,1,adenocarcinoma,colonca552,colon_aca,216,216
validation,colon_aca/colonca562.jpeg,1,adenocarcinoma,colonca562,colon_aca,167,167
validation,colon_aca/colonca563.jpeg,1,adenocarcinoma,colonca563,colon_aca,175,175
validation,colon_aca/colonca565.jpeg,1,adenocarcinoma,colonca565,colon_aca,68,68
validation,colon_aca/colonca57.jpeg,1,adenocarcinoma,colonca57,colon_aca,201,201
validation,colon_aca/colonca572.jpeg,1,adenocarcinoma,colonca572,colon_aca,132,132
validation,colon_aca/colonca58.jpeg,1,adenocarcinoma,colonca58,colon_aca,190,190
validation,colon_aca/colonca583.jpeg,1,adenocarcinoma,colonca583,colon_aca,125,125
validation,colon_aca/colonca591.jpeg,1,adenocarcinoma,colonca591,colon_aca,193,193
validation,colon_aca/colonca594.jpeg,1,adenocarcinoma,colonca594,colon_aca,196,196
validation,colon_aca/colonca597.jpeg,1,adenocarcinoma,colonca597,colon_aca,194,194
validation,colon_aca/colonca6.jpeg,1,adenocarcinoma,colonca6,colon_aca,115,115
validation,colon_aca/colonca603.jpeg,1,adenocarcinoma,colonca603,colon_aca,180,180
validation,colon_aca/colonca605.jpeg,1,adenocarcinoma,colonca605,colon_aca,120,120
validation,colon_aca/colonca612.jpeg,1,adenocarcinoma,colonca612,colon_aca,118,118
validation,colon_aca/colonca629.jpeg,1,adenocarcinoma,colonca629,colon_aca,45,45
validation,colon_aca/colonca637.jpeg,1,adenocarcinoma,colonca637,colon_aca,104,104
validation,colon_aca/colonca638.jpeg,1,adenocarcinoma,colonca638,colon_aca,125,125
validation,colon_aca/colonca663.jpeg,1,adenocarcinoma,colonca663,colon_aca,120,120
validation,colon_aca/colonca680.jpeg,1,adenocarcinoma,colonca680,colon_aca,10,10
validation,colon_aca/colonca687.jpeg,1,adenocarcinoma,colonca687,colon_aca,132,132
validation,colon_aca/colonca692.jpeg,1,adenocarcinoma,colonca692,colon_aca,45,45
validation,colon_aca/colonca696.jpeg,1,adenocarcinoma,colonca696,colon_aca,115,115
validation,colon_aca/colonca706.jpeg,1,adenocarcinoma,colonca706,colon_aca,172,172
validation,colon_aca/colonca707.jpeg,1,adenocarcinoma,colonca707,colon_aca,172,172
validation,colon_aca/colonca712.jpeg,1,adenocarcinoma,colonca712,colon_aca,196,196
validation,colon_aca/colonca72.jpeg,1,adenocarcinoma,colonca72,colon_aca,216,216
validation,colon_aca/colonca721.jpeg,1,adenocarcinoma,colonca721,colon_aca,180,180
validation,colon_aca/colonca722.jpeg,1,adenocarcinoma,colonca722,colon_aca,108,108
validation,colon_aca/colonca757.jpeg,1,adenocarcinoma,colonca757,colon_aca,84,84
validation,colon_aca/colonca759.jpeg,1,adenocarcinoma,colonca759,colon_aca,195,195
validation,colon_aca/colonca760.jpeg,1,adenocarcinoma,colonca760,colon_aca,132,132
validation,colon_aca/colonca765.jpeg,1,adenocarcinoma,colonca765,colon_aca,115,115
validation,colon_aca/colonca777.jpeg,1,adenocarcinoma,colonca777,colon_aca,196,196
validation,colon_aca/colonca780.jpeg,1,adenocarcinoma,colonca780,colon_aca,194,194
validation,colon_aca/colonca783.jpeg,1,adenocarcinoma,colonca783,colon_aca,33,33
validation,colon_aca/colonca793.jpeg,1,adenocarcinoma,colonca793,colon_aca,38,38
validation,colon_aca/colonca798.jpeg,1,adenocarcinoma,colonca798,colon_aca,112,112
validation,colon_aca/colonca80.jpeg,1,adenocarcinoma,colonca80,colon_aca,118,118
validation,colon_aca/colonca804.jpeg,1,adenocarcinoma,colonca804,colon_aca,84,84
validation,colon_aca/colonca81.jpeg,1,adenocarcinoma,colonca81,colon_aca,118,118
validation,colon_aca/colonca816.jpeg,1,adenocarcinoma,colonca816,colon_aca,16,16
validation,colon_aca/colonca817.jpeg,1,adenocarcinoma,colonca817,colon_aca,16,16
validation,colon_aca/colonca821.jpeg,1,adenocarcinoma,colonca821,colon_aca,67,67
validation,colon_aca/colonca822.jpeg,1,adenocarcinoma,colonca822,colon_aca,67,67
validation,colon_aca/colonca840.jpeg,1,adenocarcinoma,colonca840,colon_aca,33,33
validation,colon_aca/colonca841.jpeg,1,adenocarcinoma,colonca841,colon_aca,33,33
validation,colon_aca/colonca848.jpeg,1,adenocarcinoma,colonca848,colon_aca,224,224
validation,colon_aca/colonca85.jpeg,1,adenocarcinoma,colonca85,colon_aca,112,112
validation,colon_aca/colonca854.jpeg,1,adenocarcinoma,colonca854,colon_aca,112,112
validation,colon_aca/colonca855.jpeg,1,adenocarcinoma,colonca855,colon_aca,112,112
validation,colon_aca/colonca859.jpeg,1,adenocarcinoma,colonca859,colon_aca,173,173
validation,colon_aca/colonca864.jpeg,1,adenocarcinoma,colonca864,colon_aca,84,84
validation,colon_aca/colonca883.jpeg,1,adenocarcinoma,colonca883,colon_aca,193,193
validation,colon_aca/colonca885.jpeg,1,adenocarcinoma,colonca885,colon_aca,196,196
validation,colon_aca/colonca886.jpeg,1,adenocarcinoma,colonca886,colon_aca,75,75
validation,colon_aca/colonca908.jpeg,1,adenocarcinoma,colonca908,colon_aca,118,118
validation,colon_aca/colonca913.jpeg,1,adenocarcinoma,colonca913,colon_aca,10,10
validation,colon_aca/colonca914.jpeg,1,adenocarcinoma,colonca914,colon_aca,10,10
validation,colon_aca/colonca915.jpeg,1,adenocarcinoma,colonca915,colon_aca,10,10
validation,colon_aca/colonca922.jpeg,1,adenocarcinoma,colonca922,colon_aca,24,24
validation,colon_aca/colonca925.jpeg,1,adenocarcinoma,colonca925,colon_aca,45,45
validation,colon_aca/colonca93.jpeg,1,adenocarcinoma,colonca93,colon_aca,156,156
validation,colon_aca/colonca935.jpeg,1,adenocarcinoma,colonca935,colon_aca,125,125
validation,colon_aca/colonca941.jpeg,1,adenocarcinoma,colonca941,colon_aca,172,172
validation,colon_aca/colonca946.jpeg,1,adenocarcinoma,colonca946,colon_aca,201,201
validation,colon_aca/colonca947.jpeg,1,adenocarcinoma,colonca947,colon_aca,201,201
validation,colon_aca/colonca952.jpeg,1,adenocarcinoma,colonca952,colon_aca,33,33
validation,colon_aca/colonca956.jpeg,1,adenocarcinoma,colonca956,colon_aca,108,108
validation,colon_aca/colonca977.jpeg,1,adenocarcinoma,colonca977,colon_aca,156,156
validation,colon_aca/colonca993.jpeg,1,adenocarcinoma,colonca993,colon_aca,67,67
