split,relative_path,label,class_name
test,colon_n/colonn1001.jpeg,0,benign
test,colon_n/colonn1002.jpeg,0,benign
test,colon_n/colonn1006.jpeg,0,benign
test,colon_n/colonn1007.jpeg,0,benign
test,colon_n/colonn1008.jpeg,0,benign
test,colon_n/colonn1032.jpeg,0,benign
test,colon_n/colonn1033.jpeg,0,benign
test,colon_n/colonn1052.jpeg,0,benign
test,colon_n/colonn1065.jpeg,0,benign
test,colon_n/colonn1068.jpeg,0,benign
test,colon_n/colonn1083.jpeg,0,benign
test,colon_n/colonn1087.jpeg,0,benign
test,colon_n/colonn1103.jpeg,0,benign
test,colon_n/colonn1111.jpeg,0,benign
test,colon_n/colonn1112.jpeg,0,benign
test,colon_n/colonn1115.jpeg,0,benign
test,colon_n/colonn1118.jpeg,0,benign
test,colon_n/colonn1129.jpeg,0,benign
test,colon_n/colonn113.jpeg,0,benign
test,colon_n/colonn1130.jpeg,0,benign
test,colon_n/colonn1131.jpeg,0,benign
test,colon_n/colonn1136.jpeg,0,benign
test,colon_n/colonn1146.jpeg,0,benign
test,colon_n/colonn1149.jpeg,0,benign
test,colon_n/colonn1150.jpeg,0,benign
test,colon_n/colonn1152.jpeg,0,benign
test,colon_n/colonn1162.jpeg,0,benign
test,colon_n/colonn1169.jpeg,0,benign
test,colon_n/colonn1172.jpeg,0,benign
test,colon_n/colonn1176.jpeg,0,benign
test,colon_n/colonn118.jpeg,0,benign
test,colon_n/colonn1180.jpeg,0,benign
test,colon_n/colonn1184.jpeg,0,benign
test,colon_n/colonn1192.jpeg,0,benign
test,colon_n/colonn1207.jpeg,0,benign
test,colon_n/colonn121.jpeg,0,benign
test,colon_n/colonn1210.jpeg,0,benign
test,colon_n/colonn1222.jpeg,0,benign
test,colon_n/colonn1223.jpeg,0,benign
test,colon_n/colonn1226.jpeg,0,benign
test,colon_n/colonn1228.jpeg,0,benign
test,colon_n/colonn1232.jpeg,0,benign
test,colon_n/colonn1237.jpeg,0,benign
test,colon_n/colonn1242.jpeg,0,benign
test,colon_n/colonn1250.jpeg,0,benign
test,colon_n/colonn1254.jpeg,0,benign
test,colon_n/colonn1255.jpeg,0,benign
test,colon_n/colonn1261.jpeg,0,benign
test,colon_n/colonn127.jpeg,0,benign
test,colon_n/colonn128.jpeg,0,benign
test,colon_n/colonn1292.jpeg,0,benign
test,colon_n/colonn1293.jpeg,0,benign
test,colon_n/colonn1309.jpeg,0,benign
test,colon_n/colonn132.jpeg,0,benign
test,colon_n/colonn1324.jpeg,0,benign
test,colon_n/colonn134.jpeg,0,benign
test,colon_n/colonn1344.jpeg,0,benign
test,colon_n/colonn1348.jpeg,0,benign
test,colon_n/colonn1362.jpeg,0,benign
test,colon_n/colonn1384.jpeg,0,benign
test,colon_n/colonn1396.jpeg,0,benign
test,colon_n/colonn1406.jpeg,0,benign
test,colon_n/colonn1407.jpeg,0,benign
test,colon_n/colonn1427.jpeg,0,benign
test,colon_n/colonn1431.jpeg,0,benign
test,colon_n/colonn1438.jpeg,0,benign
test,colon_n/colonn1441.jpeg,0,benign
test,colon_n/colonn1448.jpeg,0,benign
test,colon_n/colonn1450.jpeg,0,benign
test,colon_n/colonn1452.jpeg,0,benign
test,colon_n/colonn1458.jpeg,0,benign
test,colon_n/colonn146.jpeg,0,benign
test,colon_n/colonn1460.jpeg,0,benign
test,colon_n/colonn1467.jpeg,0,benign
test,colon_n/colonn1481.jpeg,0,benign
test,colon_n/colonn1484.jpeg,0,benign
test,colon_n/colonn1501.jpeg,0,benign
test,colon_n/colonn1504.jpeg,0,benign
test,colon_n/colonn1510.jpeg,0,benign
test,colon_n/colonn1515.jpeg,0,benign
test,colon_n/colonn1520.jpeg,0,benign
test,colon_n/colonn1527.jpeg,0,benign
test,colon_n/colonn1534.jpeg,0,benign
test,colon_n/colonn1541.jpeg,0,benign
test,colon_n/colonn1544.jpeg,0,benign
test,colon_n/colonn1546.jpeg,0,benign
test,colon_n/colonn1547.jpeg,0,benign
test,colon_n/colonn1570.jpeg,0,benign
test,colon_n/colonn1573.jpeg,0,benign
test,colon_n/colonn1580.jpeg,0,benign
test,colon_n/colonn1592.jpeg,0,benign
test,colon_n/colonn1594.jpeg,0,benign
test,colon_n/colonn1596.jpeg,0,benign
test,colon_n/colonn16.jpeg,0,benign
test,colon_n/colonn1602.jpeg,0,benign
test,colon_n/colonn1621.jpeg,0,benign
test,colon_n/colonn1625.jpeg,0,benign
test,colon_n/colonn1627.jpeg,0,benign
test,colon_n/colonn1634.jpeg,0,benign
test,colon_n/colonn1640.jpeg,0,benign
test,colon_n/colonn1643.jpeg,0,benign
test,colon_n/colonn1654.jpeg,0,benign
test,colon_n/colonn1656.jpeg,0,benign
test,colon_n/colonn1660.jpeg,0,benign
test,colon_n/colonn1665.jpeg,0,benign
test,colon_n/colonn167.jpeg,0,benign
test,colon_n/colonn1671.jpeg,0,benign
test,colon_n/colonn1674.jpeg,0,benign
test,colon_n/colonn1677.jpeg,0,benign
test,colon_n/colonn1680.jpeg,0,benign
test,colon_n/colonn1681.jpeg,0,benign
test,colon_n/colonn1685.jpeg,0,benign
test,colon_n/colonn1689.jpeg,0,benign
test,colon_n/colonn1690.jpeg,0,benign
test,colon_n/colonn1691.jpeg,0,benign
test,colon_n/colonn1692.jpeg,0,benign
test,colon_n/colonn1696.jpeg,0,benign
test,colon_n/colonn1697.jpeg,0,benign
test,colon_n/colonn1699.jpeg,0,benign
test,colon_n/colonn1714.jpeg,0,benign
test,colon_n/colonn1716.jpeg,0,benign
test,colon_n/colonn1718.jpeg,0,benign
test,colon_n/colonn1730.jpeg,0,benign
test,colon_n/colonn1731.jpeg,0,benign
test,colon_n/colonn1732.jpeg,0,benign
test,colon_n/colonn1739.jpeg,0,benign
test,colon_n/colonn174.jpeg,0,benign
test,colon_n/colonn1741.jpeg,0,benign
test,colon_n/colonn1746.jpeg,0,benign
test,colon_n/colonn1748.jpeg,0,benign
test,colon_n/colonn1763.jpeg,0,benign
test,colon_n/colonn1765.jpeg,0,benign
test,colon_n/colonn1767.jpeg,0,benign
test,colon_n/colonn1768.jpeg,0,benign
test,colon_n/colonn1773.jpeg,0,benign
test,colon_n/colonn1776.jpeg,0,benign
test,colon_n/colonn1782.jpeg,0,benign
test,colon_n/colonn1784.jpeg,0,benign
test,colon_n/colonn1787.jpeg,0,benign
test,colon_n/colonn1801.jpeg,0,benign
test,colon_n/colonn1803.jpeg,0,benign
test,colon_n/colonn1804.jpeg,0,benign
test,colon_n/colonn1812.jpeg,0,benign
test,colon_n/colonn1817.jpeg,0,benign
test,colon_n/colonn1820.jpeg,0,benign
test,colon_n/colonn1821.jpeg,0,benign
test,colon_n/colonn1834.jpeg,0,benign
test,colon_n/colonn1843.jpeg,0,benign
test,colon_n/colonn1855.jpeg,0,benign
test,colon_n/colonn1857.jpeg,0,benign
test,colon_n/colonn186.jpeg,0,benign
test,colon_n/colonn1866.jpeg,0,benign
test,colon_n/colonn1876.jpeg,0,benign
test,colon_n/colonn1895.jpeg,0,benign
test,colon_n/colonn1900.jpeg,0,benign
test,colon_n/colonn191.jpeg,0,benign
test,colon_n/colonn1912.jpeg,0,benign
test,colon_n/colonn1913.jpeg,0,benign
test,colon_n/colonn1918.jpeg,0,benign
test,colon_n/colonn1924.jpeg,0,benign
test,colon_n/colonn1934.jpeg,0,benign
test,colon_n/colonn1935.jpeg,0,benign
test,colon_n/colonn1953.jpeg,0,benign
test,colon_n/colonn1955.jpeg,0,benign
test,colon_n/colonn1959.jpeg,0,benign
test,colon_n/colonn1961.jpeg,0,benign
test,colon_n/colonn1969.jpeg,0,benign
test,colon_n/colonn1973.jpeg,0,benign
test,colon_n/colonn1977.jpeg,0,benign
test,colon_n/colonn1996.jpeg,0,benign
test,colon_n/colonn2.jpeg,0,benign
test,colon_n/colonn2004.jpeg,0,benign
test,colon_n/colonn2006.jpeg,0,benign
test,colon_n/colonn2008.jpeg,0,benign
test,colon_n/colonn2016.jpeg,0,benign
test,colon_n/colonn2021.jpeg,0,benign
test,colon_n/colonn2025.jpeg,0,benign
test,colon_n/colonn2030.jpeg,0,benign
test,colon_n/colonn2031.jpeg,0,benign
test,colon_n/colonn2037.jpeg,0,benign
test,colon_n/colonn2038.jpeg,0,benign
test,colon_n/colonn2039.jpeg,0,benign
test,colon_n/colonn2047.jpeg,0,benign
test,colon_n/colonn2049.jpeg,0,benign
test,colon_n/colonn2062.jpeg,0,benign
test,colon_n/colonn2073.jpeg,0,benign
test,colon_n/colonn208.jpeg,0,benign
test,colon_n/colonn2080.jpeg,0,benign
test,colon_n/colonn2081.jpeg,0,benign
test,colon_n/colonn2083.jpeg,0,benign
test,colon_n/colonn21.jpeg,0,benign
test,colon_n/colonn2114.jpeg,0,benign
test,colon_n/colonn2117.jpeg,0,benign
test,colon_n/colonn2129.jpeg,0,benign
test,colon_n/colonn2134.jpeg,0,benign
test,colon_n/colonn2139.jpeg,0,benign
test,colon_n/colonn216.jpeg,0,benign
test,colon_n/colonn2160.jpeg,0,benign
test,colon_n/colonn2166.jpeg,0,benign
test,colon_n/colonn217.jpeg,0,benign
test,colon_n/colonn2171.jpeg,0,benign
test,colon_n/colonn218.jpeg,0,benign
test,colon_n/colonn2181.jpeg,0,benign
test,colon_n/colonn2186.jpeg,0,benign
test,colon_n/colonn2190.jpeg,0,benign
test,colon_n/colonn2191.jpeg,0,benign
test,colon_n/colonn2197.jpeg,0,benign
test,colon_n/colonn2198.jpeg,0,benign
test,colon_n/colonn2206.jpeg,0,benign
test,colon_n/colonn2211.jpeg,0,benign
test,colon_n/colonn2216.jpeg,0,benign
test,colon_n/colonn2227.jpeg,0,benign
test,colon_n/colonn2230.jpeg,0,benign
test,colon_n/colonn2240.jpeg,0,benign
test,colon_n/colonn2244.jpeg,0,benign
test,colon_n/colonn2246.jpeg,0,benign
test,colon_n/colonn2247.jpeg,0,benign
test,colon_n/colonn2249.jpeg,0,benign
test,colon_n/colonn226.jpeg,0,benign
test,colon_n/colonn2267.jpeg,0,benign
test,colon_n/colonn23.jpeg,0,benign
test,colon_n/colonn2302.jpeg,0,benign
test,colon_n/colonn2310.jpeg,0,benign
test,colon_n/colonn2318.jpeg,0,benign
test,colon_n/colonn2321.jpeg,0,benign
test,colon_n/colonn2329.jpeg,0,benign
test,colon_n/colonn2342.jpeg,0,benign
test,colon_n/colonn2349.jpeg,0,benign
test,colon_n/colonn2356.jpeg,0,benign
test,colon_n/colonn2363.jpeg,0,benign
test,colon_n/colonn2367.jpeg,0,benign
test,colon_n/colonn237.jpeg,0,benign
test,colon_n/colonn2375.jpeg,0,benign
test,colon_n/colonn2389.jpeg,0,benign
test,colon_n/colonn2399.jpeg,0,benign
test,colon_n/colonn2403.jpeg,0,benign
test,colon_n/colonn2412.jpeg,0,benign
test,colon_n/colonn2415.jpeg,0,benign
test,colon_n/colonn2421.jpeg,0,benign
test,colon_n/colonn2441.jpeg,0,benign
test,colon_n/colonn2443.jpeg,0,benign
test,colon_n/colonn2445.jpeg,0,benign
test,colon_n/colonn2482.jpeg,0,benign
test,colon_n/colonn2496.jpeg,0,benign
test,colon_n/colonn2504.jpeg,0,benign
test,colon_n/colonn2509.jpeg,0,benign
test,colon_n/colonn2510.jpeg,0,benign
test,colon_n/colonn253.jpeg,0,benign
test,colon_n/colonn2535.jpeg,0,benign
test,colon_n/colonn2539.jpeg,0,benign
test,colon_n/colonn2546.jpeg,0,benign
test,colon_n/colonn2549.jpeg,0,benign
test,colon_n/colonn2550.jpeg,0,benign
test,colon_n/colonn2574.jpeg,0,benign
test,colon_n/colonn2580.jpeg,0,benign
test,colon_n/colonn2584.jpeg,0,benign
test,colon_n/colonn2601.jpeg,0,benign
test,colon_n/colonn2605.jpeg,0,benign
test,colon_n/colonn2615.jpeg,0,benign
test,colon_n/colonn2618.jpeg,0,benign
test,colon_n/colonn2620.jpeg,0,benign
test,colon_n/colonn2622.jpeg,0,benign
test,colon_n/colonn2624.jpeg,0,benign
test,colon_n/colonn2628.jpeg,0,benign
test,colon_n/colonn2634.jpeg,0,benign
test,colon_n/colonn2643.jpeg,0,benign
test,colon_n/colonn265.jpeg,0,benign
test,colon_n/colonn266.jpeg,0,benign
test,colon_n/colonn2666.jpeg,0,benign
test,colon_n/colonn2667.jpeg,0,benign
test,colon_n/colonn2668.jpeg,0,benign
test,colon_n/colonn267.jpeg,0,benign
test,colon_n/colonn2670.jpeg,0,benign
test,colon_n/colonn2676.jpeg,0,benign
test,colon_n/colonn2680.jpeg,0,benign
test,colon_n/colonn2698.jpeg,0,benign
test,colon_n/colonn2704.jpeg,0,benign
test,colon_n/colonn2708.jpeg,0,benign
test,colon_n/colonn2714.jpeg,0,benign
test,colon_n/colonn2719.jpeg,0,benign
test,colon_n/colonn2721.jpeg,0,benign
test,colon_n/colonn2724.jpeg,0,benign
test,colon_n/colonn2727.jpeg,0,benign
test,colon_n/colonn2739.jpeg,0,benign
test,colon_n/colonn2744.jpeg,0,benign
test,colon_n/colonn2749.jpeg,0,benign
test,colon_n/colonn2762.jpeg,0,benign
test,colon_n/colonn2777.jpeg,0,benign
test,colon_n/colonn2782.jpeg,0,benign
test,colon_n/colonn2783.jpeg,0,benign
test,colon_n/colonn2790.jpeg,0,benign
test,colon_n/colonn2794.jpeg,0,benign
test,colon_n/colonn2796.jpeg,0,benign
test,colon_n/colonn2797.jpeg,0,benign
test,colon_n/colonn28.jpeg,0,benign
test,colon_n/colonn2805.jpeg,0,benign
test,colon_n/colonn2814.jpeg,0,benign
test,colon_n/colonn2828.jpeg,0,benign
test,colon_n/colonn2833.jpeg,0,benign
test,colon_n/colonn2835.jpeg,0,benign
test,colon_n/colonn2836.jpeg,0,benign
test,colon_n/colonn2841.jpeg,0,benign
test,colon_n/colonn2842.jpeg,0,benign
test,colon_n/colonn2843.jpeg,0,benign
test,colon_n/colonn2845.jpeg,0,benign
test,colon_n/colonn285.jpeg,0,benign
test,colon_n/colonn2851.jpeg,0,benign
test,colon_n/colonn2853.jpeg,0,benign
test,colon_n/colonn2855.jpeg,0,benign
test,colon_n/colonn2862.jpeg,0,benign
test,colon_n/colonn2866.jpeg,0,benign
test,colon_n/colonn2868.jpeg,0,benign
test,colon_n/colonn2872.jpeg,0,benign
test,colon_n/colonn2873.jpeg,0,benign
test,colon_n/colonn288.jpeg,0,benign
test,colon_n/colonn2895.jpeg,0,benign
test,colon_n/colonn2898.jpeg,0,benign
test,colon_n/colonn2909.jpeg,0,benign
test,colon_n/colonn2911.jpeg,0,benign
test,colon_n/colonn292.jpeg,0,benign
test,colon_n/colonn2926.jpeg,0,benign
test,colon_n/colonn2934.jpeg,0,benign
test,colon_n/colonn2936.jpeg,0,benign
test,colon_n/colonn294.jpeg,0,benign
test,colon_n/colonn2941.jpeg,0,benign
test,colon_n/colonn2948.jpeg,0,benign
test,colon_n/colonn2961.jpeg,0,benign
test,colon_n/colonn2969.jpeg,0,benign
test,colon_n/colonn2972.jpeg,0,benign
test,colon_n/colonn2978.jpeg,0,benign
test,colon_n/colonn298.jpeg,0,benign
test,colon_n/colonn2983.jpeg,0,benign
test,colon_n/colonn2992.jpeg,0,benign
test,colon_n/colonn2997.jpeg,0,benign
test,colon_n/colonn300.jpeg,0,benign
test,colon_n/colonn3009.jpeg,0,benign
test,colon_n/colonn301.jpeg,0,benign
test,colon_n/colonn3011.jpeg,0,benign
test,colon_n/colonn3017.jpeg,0,benign
test,colon_n/colonn3034.jpeg,0,benign
test,colon_n/colonn3035.jpeg,0,benign
test,colon_n/colonn3037.jpeg,0,benign
test,colon_n/colonn3042.jpeg,0,benign
test,colon_n/colonn3044.jpeg,0,benign
test,colon_n/colonn3063.jpeg,0,benign
test,colon_n/colonn3065.jpeg,0,benign
test,colon_n/colonn3074.jpeg,0,benign
test,colon_n/colonn3082.jpeg,0,benign
test,colon_n/colonn3089.jpeg,0,benign
test,colon_n/colonn3092.jpeg,0,benign
test,colon_n/colonn3100.jpeg,0,benign
test,colon_n/colonn3122.jpeg,0,benign
test,colon_n/colonn3124.jpeg,0,benign
test,colon_n/colonn313.jpeg,0,benign
test,colon_n/colonn3136.jpeg,0,benign
test,colon_n/colonn3146.jpeg,0,benign
test,colon_n/colonn3153.jpeg,0,benign
test,colon_n/colonn3156.jpeg,0,benign
test,colon_n/colonn3180.jpeg,0,benign
test,colon_n/colonn3208.jpeg,0,benign
test,colon_n/colonn3213.jpeg,0,benign
test,colon_n/colonn3218.jpeg,0,benign
test,colon_n/colonn3223.jpeg,0,benign
test,colon_n/colonn323.jpeg,0,benign
test,colon_n/colonn3235.jpeg,0,benign
test,colon_n/colonn3239.jpeg,0,benign
test,colon_n/colonn324.jpeg,0,benign
test,colon_n/colonn3240.jpeg,0,benign
test,colon_n/colonn3250.jpeg,0,benign
test,colon_n/colonn3256.jpeg,0,benign
test,colon_n/colonn3259.jpeg,0,benign
test,colon_n/colonn3282.jpeg,0,benign
test,colon_n/colonn3283.jpeg,0,benign
test,colon_n/colonn3286.jpeg,0,benign
test,colon_n/colonn3289.jpeg,0,benign
test,colon_n/colonn3295.jpeg,0,benign
test,colon_n/colonn33.jpeg,0,benign
test,colon_n/colonn3302.jpeg,0,benign
test,colon_n/colonn3307.jpeg,0,benign
test,colon_n/colonn331.jpeg,0,benign
test,colon_n/colonn3332.jpeg,0,benign
test,colon_n/colonn3336.jpeg,0,benign
test,colon_n/colonn335.jpeg,0,benign
test,colon_n/colonn3358.jpeg,0,benign
test,colon_n/colonn3361.jpeg,0,benign
test,colon_n/colonn3362.jpeg,0,benign
test,colon_n/colonn3376.jpeg,0,benign
test,colon_n/colonn3390.jpeg,0,benign
test,colon_n/colonn3401.jpeg,0,benign
test,colon_n/colonn3405.jpeg,0,benign
test,colon_n/colonn341.jpeg,0,benign
test,colon_n/colonn3412.jpeg,0,benign
test,colon_n/colonn3417.jpeg,0,benign
test,colon_n/colonn3436.jpeg,0,benign
test,colon_n/colonn3440.jpeg,0,benign
test,colon_n/colonn3444.jpeg,0,benign
test,colon_n/colonn3455.jpeg,0,benign
test,colon_n/colonn3459.jpeg,0,benign
test,colon_n/colonn346.jpeg,0,benign
test,colon_n/colonn3460.jpeg,0,benign
test,colon_n/colonn3463.jpeg,0,benign
test,colon_n/colonn3464.jpeg,0,benign
test,colon_n/colonn347.jpeg,0,benign
test,colon_n/colonn3471.jpeg,0,benign
test,colon_n/colonn3483.jpeg,0,benign
test,colon_n/colonn3484.jpeg,0,benign
test,colon_n/colonn3489.jpeg,0,benign
test,colon_n/colonn3499.jpeg,0,benign
test,colon_n/colonn350.jpeg,0,benign
test,colon_n/colonn3503.jpeg,0,benign
test,colon_n/colonn3506.jpeg,0,benign
test,colon_n/colonn3510.jpeg,0,benign
test,colon_n/colonn3519.jpeg,0,benign
test,colon_n/colonn3524.jpeg,0,benign
test,colon_n/colonn3529.jpeg,0,benign
test,colon_n/colonn3531.jpeg,0,benign
test,colon_n/colonn3533.jpeg,0,benign
test,colon_n/colonn3553.jpeg,0,benign
test,colon_n/colonn3563.jpeg,0,benign
test,colon_n/colonn3574.jpeg,0,benign
test,colon_n/colonn3575.jpeg,0,benign
test,colon_n/colonn3579.jpeg,0,benign
test,colon_n/colonn3582.jpeg,0,benign
test,colon_n/colonn3584.jpeg,0,benign
test,colon_n/colonn359.jpeg,0,benign
test,colon_n/colonn3596.jpeg,0,benign
test,colon_n/colonn3599.jpeg,0,benign
test,colon_n/colonn361.jpeg,0,benign
test,colon_n/colonn3612.jpeg,0,benign
test,colon_n/colonn362.jpeg,0,benign
test,colon_n/colonn3621.jpeg,0,benign
test,colon_n/colonn3626.jpeg,0,benign
test,colon_n/colonn363.jpeg,0,benign
test,colon_n/colonn3639.jpeg,0,benign
test,colon_n/colonn3643.jpeg,0,benign
test,colon_n/colonn3657.jpeg,0,benign
test,colon_n/colonn366.jpeg,0,benign
test,colon_n/colonn367.jpeg,0,benign
test,colon_n/colonn3671.jpeg,0,benign
test,colon_n/colonn3674.jpeg,0,benign
test,colon_n/colonn3675.jpeg,0,benign
test,colon_n/colonn3678.jpeg,0,benign
test,colon_n/colonn3682.jpeg,0,benign
test,colon_n/colonn3683.jpeg,0,benign
test,colon_n/colonn3684.jpeg,0,benign
test,colon_n/colonn3696.jpeg,0,benign
test,colon_n/colonn3703.jpeg,0,benign
test,colon_n/colonn3707.jpeg,0,benign
test,colon_n/colonn3716.jpeg,0,benign
test,colon_n/colonn372.jpeg,0,benign
test,colon_n/colonn3724.jpeg,0,benign
test,colon_n/colonn3725.jpeg,0,benign
test,colon_n/colonn3726.jpeg,0,benign
test,colon_n/colonn3727.jpeg,0,benign
test,colon_n/colonn3729.jpeg,0,benign
test,colon_n/colonn3745.jpeg,0,benign
test,colon_n/colonn3748.jpeg,0,benign
test,colon_n/colonn3750.jpeg,0,benign
test,colon_n/colonn3753.jpeg,0,benign
test,colon_n/colonn376.jpeg,0,benign
test,colon_n/colonn3760.jpeg,0,benign
test,colon_n/colonn3761.jpeg,0,benign
test,colon_n/colonn3777.jpeg,0,benign
test,colon_n/colonn3778.jpeg,0,benign
test,colon_n/colonn3779.jpeg,0,benign
test,colon_n/colonn3782.jpeg,0,benign
test,colon_n/colonn3789.jpeg,0,benign
test,colon_n/colonn3802.jpeg,0,benign
test,colon_n/colonn3809.jpeg,0,benign
test,colon_n/colonn3810.jpeg,0,benign
test,colon_n/colonn3821.jpeg,0,benign
test,colon_n/colonn3825.jpeg,0,benign
test,colon_n/colonn3826.jpeg,0,benign
test,colon_n/colonn3836.jpeg,0,benign
test,colon_n/colonn384.jpeg,0,benign
test,colon_n/colonn3840.jpeg,0,benign
test,colon_n/colonn3843.jpeg,0,benign
test,colon_n/colonn3852.jpeg,0,benign
test,colon_n/colonn386.jpeg,0,benign
test,colon_n/colonn3864.jpeg,0,benign
test,colon_n/colonn3884.jpeg,0,benign
test,colon_n/colonn3887.jpeg,0,benign
test,colon_n/colonn389.jpeg,0,benign
test,colon_n/colonn3890.jpeg,0,benign
test,colon_n/colonn3893.jpeg,0,benign
test,colon_n/colonn390.jpeg,0,benign
test,colon_n/colonn3904.jpeg,0,benign
test,colon_n/colonn3908.jpeg,0,benign
test,colon_n/colonn3911.jpeg,0,benign
test,colon_n/colonn3916.jpeg,0,benign
test,colon_n/colonn3917.jpeg,0,benign
test,colon_n/colonn3929.jpeg,0,benign
test,colon_n/colonn3939.jpeg,0,benign
test,colon_n/colonn394.jpeg,0,benign
test,colon_n/colonn3944.jpeg,0,benign
test,colon_n/colonn3951.jpeg,0,benign
test,colon_n/colonn3954.jpeg,0,benign
test,colon_n/colonn3963.jpeg,0,benign
test,colon_n/colonn3964.jpeg,0,benign
test,colon_n/colonn397.jpeg,0,benign
test,colon_n/colonn3970.jpeg,0,benign
test,colon_n/colonn3971.jpeg,0,benign
test,colon_n/colonn3973.jpeg,0,benign
test,colon_n/colonn3979.jpeg,0,benign
test,colon_n/colonn3982.jpeg,0,benign
test,colon_n/colonn3994.jpeg,0,benign
test,colon_n/colonn3999.jpeg,0,benign
test,colon_n/colonn4006.jpeg,0,benign
test,colon_n/colonn4007.jpeg,0,benign
test,colon_n/colonn4009.jpeg,0,benign
test,colon_n/colonn4011.jpeg,0,benign
test,colon_n/colonn4020.jpeg,0,benign
test,colon_n/colonn4021.jpeg,0,benign
test,colon_n/colonn4025.jpeg,0,benign
test,colon_n/colonn4029.jpeg,0,benign
test,colon_n/colonn4035.jpeg,0,benign
test,colon_n/colonn4037.jpeg,0,benign
test,colon_n/colonn4043.jpeg,0,benign
test,colon_n/colonn4045.jpeg,0,benign
test,colon_n/colonn4047.jpeg,0,benign
test,colon_n/colonn4050.jpeg,0,benign
test,colon_n/colonn4053.jpeg,0,benign
test,colon_n/colonn406.jpeg,0,benign
test,colon_n/colonn4072.jpeg,0,benign
test,colon_n/colonn4088.jpeg,0,benign
test,colon_n/colonn4091.jpeg,0,benign
test,colon_n/colonn4099.jpeg,0,benign
test,colon_n/colonn41.jpeg,0,benign
test,colon_n/colonn410.jpeg,0,benign
test,colon_n/colonn4101.jpeg,0,benign
test,colon_n/colonn4104.jpeg,0,benign
test,colon_n/colonn4105.jpeg,0,benign
test,colon_n/colonn411.jpeg,0,benign
test,colon_n/colonn4113.jpeg,0,benign
test,colon_n/colonn4117.jpeg,0,benign
test,colon_n/colonn4123.jpeg,0,benign
test,colon_n/colonn4136.jpeg,0,benign
test,colon_n/colonn4139.jpeg,0,benign
test,colon_n/colonn4144.jpeg,0,benign
test,colon_n/colonn4147.jpeg,0,benign
test,colon_n/colonn4155.jpeg,0,benign
test,colon_n/colonn4158.jpeg,0,benign
test,colon_n/colonn4159.jpeg,0,benign
test,colon_n/colonn416.jpeg,0,benign
test,colon_n/colonn4161.jpeg,0,benign
test,colon_n/colonn4164.jpeg,0,benign
test,colon_n/colonn4176.jpeg,0,benign
test,colon_n/colonn4193.jpeg,0,benign
test,colon_n/colonn4203.jpeg,0,benign
test,colon_n/colonn4206.jpeg,0,benign
test,colon_n/colonn4218.jpeg,0,benign
test,colon_n/colonn4219.jpeg,0,benign
test,colon_n/colonn4221.jpeg,0,benign
test,colon_n/colonn4222.jpeg,0,benign
test,colon_n/colonn4223.jpeg,0,benign
test,colon_n/colonn4227.jpeg,0,benign
test,colon_n/colonn423.jpeg,0,benign
test,colon_n/colonn4233.jpeg,0,benign
test,colon_n/colonn4236.jpeg,0,benign
test,colon_n/colonn4239.jpeg,0,benign
test,colon_n/colonn4240.jpeg,0,benign
test,colon_n/colonn4246.jpeg,0,benign
test,colon_n/colonn4256.jpeg,0,benign
test,colon_n/colonn4263.jpeg,0,benign
test,colon_n/colonn4265.jpeg,0,benign
test,colon_n/colonn4271.jpeg,0,benign
test,colon_n/colonn4272.jpeg,0,benign
test,colon_n/colonn4275.jpeg,0,benign
test,colon_n/colonn428.jpeg,0,benign
test,colon_n/colonn4284.jpeg,0,benign
test,colon_n/colonn4296.jpeg,0,benign
test,colon_n/colonn4303.jpeg,0,benign
test,colon_n/colonn4310.jpeg,0,benign
test,colon_n/colonn4317.jpeg,0,benign
test,colon_n/colonn4324.jpeg,0,benign
test,colon_n/colonn4325.jpeg,0,benign
test,colon_n/colonn4328.jpeg,0,benign
test,colon_n/colonn433.jpeg,0,benign
test,colon_n/colonn4341.jpeg,0,benign
test,colon_n/colonn435.jpeg,0,benign
test,colon_n/colonn4369.jpeg,0,benign
test,colon_n/colonn4370.jpeg,0,benign
test,colon_n/colonn4372.jpeg,0,benign
test,colon_n/colonn4377.jpeg,0,benign
test,colon_n/colonn4386.jpeg,0,benign
test,colon_n/colonn4389.jpeg,0,benign
test,colon_n/colonn4394.jpeg,0,benign
test,colon_n/colonn4397.jpeg,0,benign
test,colon_n/colonn4416.jpeg,0,benign
test,colon_n/colonn444.jpeg,0,benign
test,colon_n/colonn4468.jpeg,0,benign
test,colon_n/colonn4474.jpeg,0,benign
test,colon_n/colonn4476.jpeg,0,benign
test,colon_n/colonn4486.jpeg,0,benign
test,colon_n/colonn4489.jpeg,0,benign
test,colon_n/colonn4495.jpeg,0,benign
test,colon_n/colonn4504.jpeg,0,benign
test,colon_n/colonn4512.jpeg,0,benign
test,colon_n/colonn4517.jpeg,0,benign
test,colon_n/colonn4520.jpeg,0,benign
test,colon_n/colonn4531.jpeg,0,benign
test,colon_n/colonn4542.jpeg,0,benign
test,colon_n/colonn4547.jpeg,0,benign
test,colon_n/colonn4551.jpeg,0,benign
test,colon_n/colonn4556.jpeg,0,benign
test,colon_n/colonn4571.jpeg,0,benign
test,colon_n/colonn4586.jpeg,0,benign
test,colon_n/colonn459.jpeg,0,benign
test,colon_n/colonn4591.jpeg,0,benign
test,colon_n/colonn4601.jpeg,0,benign
test,colon_n/colonn4605.jpeg,0,benign
test,colon_n/colonn4607.jpeg,0,benign
test,colon_n/colonn4615.jpeg,0,benign
test,colon_n/colonn4621.jpeg,0,benign
test,colon_n/colonn4623.jpeg,0,benign
test,colon_n/colonn4625.jpeg,0,benign
test,colon_n/colonn4626.jpeg,0,benign
test,colon_n/colonn4629.jpeg,0,benign
test,colon_n/colonn4637.jpeg,0,benign
test,colon_n/colonn464.jpeg,0,benign
test,colon_n/colonn4656.jpeg,0,benign
test,colon_n/colonn4672.jpeg,0,benign
test,colon_n/colonn4680.jpeg,0,benign
test,colon_n/colonn4687.jpeg,0,benign
test,colon_n/colonn4691.jpeg,0,benign
test,colon_n/colonn4696.jpeg,0,benign
test,colon_n/colonn4702.jpeg,0,benign
test,colon_n/colonn4704.jpeg,0,benign
test,colon_n/colonn471.jpeg,0,benign
test,colon_n/colonn4710.jpeg,0,benign
test,colon_n/colonn472.jpeg,0,benign
test,colon_n/colonn4721.jpeg,0,benign
test,colon_n/colonn4723.jpeg,0,benign
test,colon_n/colonn4725.jpeg,0,benign
test,colon_n/colonn4727.jpeg,0,benign
test,colon_n/colonn4730.jpeg,0,benign
test,colon_n/colonn4733.jpeg,0,benign
test,colon_n/colonn474.jpeg,0,benign
test,colon_n/colonn4741.jpeg,0,benign
test,colon_n/colonn4743.jpeg,0,benign
test,colon_n/colonn4747.jpeg,0,benign
test,colon_n/colonn4771.jpeg,0,benign
test,colon_n/colonn4776.jpeg,0,benign
test,colon_n/colonn4787.jpeg,0,benign
test,colon_n/colonn4796.jpeg,0,benign
test,colon_n/colonn4798.jpeg,0,benign
test,colon_n/colonn4840.jpeg,0,benign
test,colon_n/colonn4854.jpeg,0,benign
test,colon_n/colonn487.jpeg,0,benign
test,colon_n/colonn4874.jpeg,0,benign
test,colon_n/colonn4880.jpeg,0,benign
test,colon_n/colonn4899.jpeg,0,benign
test,colon_n/colonn4903.jpeg,0,benign
test,colon_n/colonn491.jpeg,0,benign
test,colon_n/colonn4919.jpeg,0,benign
test,colon_n/colonn4923.jpeg,0,benign
test,colon_n/colonn4927.jpeg,0,benign
test,colon_n/colonn493.jpeg,0,benign
test,colon_n/colonn494.jpeg,0,benign
test,colon_n/colonn4944.jpeg,0,benign
test,colon_n/colonn495.jpeg,0,benign
test,colon_n/colonn4950.jpeg,0,benign
test,colon_n/colonn4954.jpeg,0,benign
test,colon_n/colonn496.jpeg,0,benign
test,colon_n/colonn4971.jpeg,0,benign
test,colon_n/colonn4984.jpeg,0,benign
test,colon_n/colonn4989.jpeg,0,benign
test,colon_n/colonn4997.jpeg,0,benign
test,colon_n/colonn504.jpeg,0,benign
test,colon_n/colonn505.jpeg,0,benign
test,colon_n/colonn517.jpeg,0,benign
test,colon_n/colonn525.jpeg,0,benign
test,colon_n/colonn531.jpeg,0,benign
test,colon_n/colonn54.jpeg,0,benign
test,colon_n/colonn542.jpeg,0,benign
test,colon_n/colonn544.jpeg,0,benign
test,colon_n/colonn548.jpeg,0,benign
test,colon_n/colonn551.jpeg,0,benign
test,colon_n/colonn556.jpeg,0,benign
test,colon_n/colonn563.jpeg,0,benign
test,colon_n/colonn564.jpeg,0,benign
test,colon_n/colonn568.jpeg,0,benign
test,colon_n/colonn572.jpeg,0,benign
test,colon_n/colonn577.jpeg,0,benign
test,colon_n/colonn580.jpeg,0,benign
test,colon_n/colonn581.jpeg,0,benign
test,colon_n/colonn587.jpeg,0,benign
test,colon_n/colonn591.jpeg,0,benign
test,colon_n/colonn595.jpeg,0,benign
test,colon_n/colonn6.jpeg,0,benign
test,colon_n/colonn606.jpeg,0,benign
test,colon_n/colonn607.jpeg,0,benign
test,colon_n/colonn609.jpeg,0,benign
test,colon_n/colonn626.jpeg,0,benign
test,colon_n/colonn631.jpeg,0,benign
test,colon_n/colonn637.jpeg,0,benign
test,colon_n/colonn639.jpeg,0,benign
test,colon_n/colonn640.jpeg,0,benign
test,colon_n/colonn647.jpeg,0,benign
test,colon_n/colonn65.jpeg,0,benign
test,colon_n/colonn651.jpeg,0,benign
test,colon_n/colonn655.jpeg,0,benign
test,colon_n/colonn665.jpeg,0,benign
test,colon_n/colonn668.jpeg,0,benign
test,colon_n/colonn674.jpeg,0,benign
test,colon_n/colonn677.jpeg,0,benign
test,colon_n/colonn68.jpeg,0,benign
test,colon_n/colonn694.jpeg,0,benign
test,colon_n/colonn698.jpeg,0,benign
test,colon_n/colonn702.jpeg,0,benign
test,colon_n/colonn715.jpeg,0,benign
test,colon_n/colonn730.jpeg,0,benign
test,colon_n/colonn740.jpeg,0,benign
test,colon_n/colonn751.jpeg,0,benign
test,colon_n/colonn754.jpeg,0,benign
test,colon_n/colonn756.jpeg,0,benign
test,colon_n/colonn757.jpeg,0,benign
test,colon_n/colonn760.jpeg,0,benign
test,colon_n/colonn761.jpeg,0,benign
test,colon_n/colonn763.jpeg,0,benign
test,colon_n/colonn804.jpeg,0,benign
test,colon_n/colonn807.jpeg,0,benign
test,colon_n/colonn822.jpeg,0,benign
test,colon_n/colonn835.jpeg,0,benign
test,colon_n/colonn84.jpeg,0,benign
test,colon_n/colonn844.jpeg,0,benign
test,colon_n/colonn851.jpeg,0,benign
test,colon_n/colonn855.jpeg,0,benign
test,colon_n/colonn859.jpeg,0,benign
test,colon_n/colonn864.jpeg,0,benign
test,colon_n/colonn865.jpeg,0,benign
test,colon_n/colonn866.jpeg,0,benign
test,colon_n/colonn867.jpeg,0,benign
test,colon_n/colonn870.jpeg,0,benign
test,colon_n/colonn872.jpeg,0,benign
test,colon_n/colonn911.jpeg,0,benign
test,colon_n/colonn912.jpeg,0,benign
test,colon_n/colonn918.jpeg,0,benign
test,colon_n/colonn919.jpeg,0,benign
test,colon_n/colonn92.jpeg,0,benign
test,colon_n/colonn933.jpeg,0,benign
test,colon_n/colonn943.jpeg,0,benign
test,colon_n/colonn951.jpeg,0,benign
test,colon_n/colonn959.jpeg,0,benign
test,colon_n/colonn973.jpeg,0,benign
test,colon_n/colonn981.jpeg,0,benign
test,colon_n/colonn983.jpeg,0,benign
test,colon_n/colonn986.jpeg,0,benign
test,colon_n/colonn992.jpeg,0,benign
test,colon_n/colonn994.jpeg,0,benign
test,colon_aca/colonca1008.jpeg,1,adenocarcinoma
test,colon_aca/colonca1012.jpeg,1,adenocarcinoma
test,colon_aca/colonca1014.jpeg,1,adenocarcinoma
test,colon_aca/colonca1022.jpeg,1,adenocarcinoma
test,colon_aca/colonca1029.jpeg,1,adenocarcinoma
test,colon_aca/colonca1044.jpeg,1,adenocarcinoma
test,colon_aca/colonca1062.jpeg,1,adenocarcinoma
test,colon_aca/colonca1066.jpeg,1,adenocarcinoma
test,colon_aca/colonca1069.jpeg,1,adenocarcinoma
test,colon_aca/colonca1072.jpeg,1,adenocarcinoma
test,colon_aca/colonca1107.jpeg,1,adenocarcinoma
test,colon_aca/colonca111.jpeg,1,adenocarcinoma
test,colon_aca/colonca1113.jpeg,1,adenocarcinoma
test,colon_aca/colonca1127.jpeg,1,adenocarcinoma
test,colon_aca/colonca1135.jpeg,1,adenocarcinoma
test,colon_aca/colonca1147.jpeg,1,adenocarcinoma
test,colon_aca/colonca1151.jpeg,1,adenocarcinoma
test,colon_aca/colonca1163.jpeg,1,adenocarcinoma
test,colon_aca/colonca1166.jpeg,1,adenocarcinoma
test,colon_aca/colonca1168.jpeg,1,adenocarcinoma
test,colon_aca/colonca117.jpeg,1,adenocarcinoma
test,colon_aca/colonca1177.jpeg,1,adenocarcinoma
test,colon_aca/colonca1192.jpeg,1,adenocarcinoma
test,colon_aca/colonca1196.jpeg,1,adenocarcinoma
test,colon_aca/colonca12.jpeg,1,adenocarcinoma
test,colon_aca/colonca1212.jpeg,1,adenocarcinoma
test,colon_aca/colonca1214.jpeg,1,adenocarcinoma
test,colon_aca/colonca1216.jpeg,1,adenocarcinoma
test,colon_aca/colonca1218.jpeg,1,adenocarcinoma
test,colon_aca/colonca1222.jpeg,1,adenocarcinoma
test,colon_aca/colonca1229.jpeg,1,adenocarcinoma
test,colon_aca/colonca124.jpeg,1,adenocarcinoma
test,colon_aca/colonca1242.jpeg,1,adenocarcinoma
test,colon_aca/colonca1243.jpeg,1,adenocarcinoma
test,colon_aca/colonca1244.jpeg,1,adenocarcinoma
test,colon_aca/colonca1257.jpeg,1,adenocarcinoma
test,colon_aca/colonca1263.jpeg,1,adenocarcinoma
test,colon_aca/colonca1265.jpeg,1,adenocarcinoma
test,colon_aca/colonca1267.jpeg,1,adenocarcinoma
test,colon_aca/colonca1273.jpeg,1,adenocarcinoma
test,colon_aca/colonca1278.jpeg,1,adenocarcinoma
test,colon_aca/colonca128.jpeg,1,adenocarcinoma
test,colon_aca/colonca1289.jpeg,1,adenocarcinoma
test,colon_aca/colonca1290.jpeg,1,adenocarcinoma
test,colon_aca/colonca1308.jpeg,1,adenocarcinoma
test,colon_aca/colonca1327.jpeg,1,adenocarcinoma
test,colon_aca/colonca1328.jpeg,1,adenocarcinoma
test,colon_aca/colonca1332.jpeg,1,adenocarcinoma
test,colon_aca/colonca1339.jpeg,1,adenocarcinoma
test,colon_aca/colonca1340.jpeg,1,adenocarcinoma
test,colon_aca/colonca1343.jpeg,1,adenocarcinoma
test,colon_aca/colonca1350.jpeg,1,adenocarcinoma
test,colon_aca/colonca1356.jpeg,1,adenocarcinoma
test,colon_aca/colonca1364.jpeg,1,adenocarcinoma
test,colon_aca/colonca1376.jpeg,1,adenocarcinoma
test,colon_aca/colonca1379.jpeg,1,adenocarcinoma
test,colon_aca/colonca1386.jpeg,1,adenocarcinoma
test,colon_aca/colonca1396.jpeg,1,adenocarcinoma
test,colon_aca/colonca1398.jpeg,1,adenocarcinoma
test,colon_aca/colonca140.jpeg,1,adenocarcinoma
test,colon_aca/colonca1410.jpeg,1,adenocarcinoma
test,colon_aca/colonca1415.jpeg,1,adenocarcinoma
test,colon_aca/colonca1416.jpeg,1,adenocarcinoma
test,colon_aca/colonca1422.jpeg,1,adenocarcinoma
test,colon_aca/colonca1429.jpeg,1,adenocarcinoma
test,colon_aca/colonca143.jpeg,1,adenocarcinoma
test,colon_aca/colonca1430.jpeg,1,adenocarcinoma
test,colon_aca/colonca1441.jpeg,1,adenocarcinoma
test,colon_aca/colonca1447.jpeg,1,adenocarcinoma
test,colon_aca/colonca1453.jpeg,1,adenocarcinoma
test,colon_aca/colonca1454.jpeg,1,adenocarcinoma
test,colon_aca/colonca146.jpeg,1,adenocarcinoma
test,colon_aca/colonca1464.jpeg,1,adenocarcinoma
test,colon_aca/colonca1473.jpeg,1,adenocarcinoma
test,colon_aca/colonca1481.jpeg,1,adenocarcinoma
test,colon_aca/colonca149.jpeg,1,adenocarcinoma
test,colon_aca/colonca1492.jpeg,1,adenocarcinoma
test,colon_aca/colonca1500.jpeg,1,adenocarcinoma
test,colon_aca/colonca1503.jpeg,1,adenocarcinoma
test,colon_aca/colonca1507.jpeg,1,adenocarcinoma
test,colon_aca/colonca1512.jpeg,1,adenocarcinoma
test,colon_aca/colonca1528.jpeg,1,adenocarcinoma
test,colon_aca/colonca1532.jpeg,1,adenocarcinoma
test,colon_aca/colonca1535.jpeg,1,adenocarcinoma
test,colon_aca/colonca1537.jpeg,1,adenocarcinoma
test,colon_aca/colonca1538.jpeg,1,adenocarcinoma
test,colon_aca/colonca1545.jpeg,1,adenocarcinoma
test,colon_aca/colonca1551.jpeg,1,adenocarcinoma
test,colon_aca/colonca1552.jpeg,1,adenocarcinoma
test,colon_aca/colonca1559.jpeg,1,adenocarcinoma
test,colon_aca/colonca1578.jpeg,1,adenocarcinoma
test,colon_aca/colonca1582.jpeg,1,adenocarcinoma
test,colon_aca/colonca159.jpeg,1,adenocarcinoma
test,colon_aca/colonca1590.jpeg,1,adenocarcinoma
test,colon_aca/colonca1595.jpeg,1,adenocarcinoma
test,colon_aca/colonca1603.jpeg,1,adenocarcinoma
test,colon_aca/colonca1608.jpeg,1,adenocarcinoma
test,colon_aca/colonca1614.jpeg,1,adenocarcinoma
test,colon_aca/colonca1627.jpeg,1,adenocarcinoma
test,colon_aca/colonca163.jpeg,1,adenocarcinoma
test,colon_aca/colonca1649.jpeg,1,adenocarcinoma
test,colon_aca/colonca1655.jpeg,1,adenocarcinoma
test,colon_aca/colonca1657.jpeg,1,adenocarcinoma
test,colon_aca/colonca1658.jpeg,1,adenocarcinoma
test,colon_aca/colonca166.jpeg,1,adenocarcinoma
test,colon_aca/colonca1676.jpeg,1,adenocarcinoma
test,colon_aca/colonca1680.jpeg,1,adenocarcinoma
test,colon_aca/colonca1692.jpeg,1,adenocarcinoma
test,colon_aca/colonca17.jpeg,1,adenocarcinoma
test,colon_aca/colonca1704.jpeg,1,adenocarcinoma
test,colon_aca/colonca1730.jpeg,1,adenocarcinoma
test,colon_aca/colonca1733.jpeg,1,adenocarcinoma
test,colon_aca/colonca1741.jpeg,1,adenocarcinoma
test,colon_aca/colonca1754.jpeg,1,adenocarcinoma
test,colon_aca/colonca1758.jpeg,1,adenocarcinoma
test,colon_aca/colonca1765.jpeg,1,adenocarcinoma
test,colon_aca/colonca1770.jpeg,1,adenocarcinoma
test,colon_aca/colonca1778.jpeg,1,adenocarcinoma
test,colon_aca/colonca1787.jpeg,1,adenocarcinoma
test,colon_aca/colonca1797.jpeg,1,adenocarcinoma
test,colon_aca/colonca1805.jpeg,1,adenocarcinoma
test,colon_aca/colonca1807.jpeg,1,adenocarcinoma
test,colon_aca/colonca1812.jpeg,1,adenocarcinoma
test,colon_aca/colonca1820.jpeg,1,adenocarcinoma
test,colon_aca/colonca1827.jpeg,1,adenocarcinoma
test,colon_aca/colonca1829.jpeg,1,adenocarcinoma
test,colon_aca/colonca1830.jpeg,1,adenocarcinoma
test,colon_aca/colonca1832.jpeg,1,adenocarcinoma
test,colon_aca/colonca1835.jpeg,1,adenocarcinoma
test,colon_aca/colonca1837.jpeg,1,adenocarcinoma
test,colon_aca/colonca1840.jpeg,1,adenocarcinoma
test,colon_aca/colonca1842.jpeg,1,adenocarcinoma
test,colon_aca/colonca1853.jpeg,1,adenocarcinoma
test,colon_aca/colonca1854.jpeg,1,adenocarcinoma
test,colon_aca/colonca1857.jpeg,1,adenocarcinoma
test,colon_aca/colonca1864.jpeg,1,adenocarcinoma
test,colon_aca/colonca1869.jpeg,1,adenocarcinoma
test,colon_aca/colonca1871.jpeg,1,adenocarcinoma
test,colon_aca/colonca1874.jpeg,1,adenocarcinoma
test,colon_aca/colonca1875.jpeg,1,adenocarcinoma
test,colon_aca/colonca1876.jpeg,1,adenocarcinoma
test,colon_aca/colonca1879.jpeg,1,adenocarcinoma
test,colon_aca/colonca188.jpeg,1,adenocarcinoma
test,colon_aca/colonca1884.jpeg,1,adenocarcinoma
test,colon_aca/colonca1886.jpeg,1,adenocarcinoma
test,colon_aca/colonca189.jpeg,1,adenocarcinoma
test,colon_aca/colonca190.jpeg,1,adenocarcinoma
test,colon_aca/colonca191.jpeg,1,adenocarcinoma
test,colon_aca/colonca1910.jpeg,1,adenocarcinoma
test,colon_aca/colonca1912.jpeg,1,adenocarcinoma
test,colon_aca/colonca1913.jpeg,1,adenocarcinoma
test,colon_aca/colonca1916.jpeg,1,adenocarcinoma
test,colon_aca/colonca1924.jpeg,1,adenocarcinoma
test,colon_aca/colonca1926.jpeg,1,adenocarcinoma
test,colon_aca/colonca1928.jpeg,1,adenocarcinoma
test,colon_aca/colonca1929.jpeg,1,adenocarcinoma
test,colon_aca/colonca194.jpeg,1,adenocarcinoma
test,colon_aca/colonca1942.jpeg,1,adenocarcinoma
test,colon_aca/colonca1945.jpeg,1,adenocarcinoma
test,colon_aca/colonca1965.jpeg,1,adenocarcinoma
test,colon_aca/colonca1973.jpeg,1,adenocarcinoma
test,colon_aca/colonca1974.jpeg,1,adenocarcinoma
test,colon_aca/colonca1977.jpeg,1,adenocarcinoma
test,colon_aca/colonca1981.jpeg,1,adenocarcinoma
test,colon_aca/colonca1982.jpeg,1,adenocarcinoma
test,colon_aca/colonca1984.jpeg,1,adenocarcinoma
test,colon_aca/colonca1986.jpeg,1,adenocarcinoma
test,colon_aca/colonca1988.jpeg,1,adenocarcinoma
test,colon_aca/colonca1995.jpeg,1,adenocarcinoma
test,colon_aca/colonca2005.jpeg,1,adenocarcinoma
test,colon_aca/colonca2016.jpeg,1,adenocarcinoma
test,colon_aca/colonca2025.jpeg,1,adenocarcinoma
test,colon_aca/colonca2034.jpeg,1,adenocarcinoma
test,colon_aca/colonca2043.jpeg,1,adenocarcinoma
test,colon_aca/colonca2055.jpeg,1,adenocarcinoma
test,colon_aca/colonca2061.jpeg,1,adenocarcinoma
test,colon_aca/colonca2066.jpeg,1,adenocarcinoma
test,colon_aca/colonca2070.jpeg,1,adenocarcinoma
test,colon_aca/colonca2085.jpeg,1,adenocarcinoma
test,colon_aca/colonca2100.jpeg,1,adenocarcinoma
test,colon_aca/colonca2105.jpeg,1,adenocarcinoma
test,colon_aca/colonca2106.jpeg,1,adenocarcinoma
test,colon_aca/colonca2107.jpeg,1,adenocarcinoma
test,colon_aca/colonca2121.jpeg,1,adenocarcinoma
test,colon_aca/colonca2124.jpeg,1,adenocarcinoma
test,colon_aca/colonca2129.jpeg,1,adenocarcinoma
test,colon_aca/colonca2132.jpeg,1,adenocarcinoma
test,colon_aca/colonca2153.jpeg,1,adenocarcinoma
test,colon_aca/colonca2179.jpeg,1,adenocarcinoma
test,colon_aca/colonca2184.jpeg,1,adenocarcinoma
test,colon_aca/colonca2186.jpeg,1,adenocarcinoma
test,colon_aca/colonca2188.jpeg,1,adenocarcinoma
test,colon_aca/colonca2206.jpeg,1,adenocarcinoma
test,colon_aca/colonca2214.jpeg,1,adenocarcinoma
test,colon_aca/colonca2215.jpeg,1,adenocarcinoma
test,colon_aca/colonca2216.jpeg,1,adenocarcinoma
test,colon_aca/colonca2219.jpeg,1,adenocarcinoma
test,colon_aca/colonca222.jpeg,1,adenocarcinoma
test,colon_aca/colonca2228.jpeg,1,adenocarcinoma
test,colon_aca/colonca2232.jpeg,1,adenocarcinoma
test,colon_aca/colonca2240.jpeg,1,adenocarcinoma
test,colon_aca/colonca2244.jpeg,1,adenocarcinoma
test,colon_aca/colonca225.jpeg,1,adenocarcinoma
test,colon_aca/colonca2257.jpeg,1,adenocarcinoma
test,colon_aca/colonca2265.jpeg,1,adenocarcinoma
test,colon_aca/colonca227.jpeg,1,adenocarcinoma
test,colon_aca/colonca228.jpeg,1,adenocarcinoma
test,colon_aca/colonca2291.jpeg,1,adenocarcinoma
test,colon_aca/colonca2300.jpeg,1,adenocarcinoma
test,colon_aca/colonca2303.jpeg,1,adenocarcinoma
test,colon_aca/colonca2314.jpeg,1,adenocarcinoma
test,colon_aca/colonca2318.jpeg,1,adenocarcinoma
test,colon_aca/colonca2322.jpeg,1,adenocarcinoma
test,colon_aca/colonca2324.jpeg,1,adenocarcinoma
test,colon_aca/colonca2337.jpeg,1,adenocarcinoma
test,colon_aca/colonca234.jpeg,1,adenocarcinoma
test,colon_aca/colonca2359.jpeg,1,adenocarcinoma
test,colon_aca/colonca2368.jpeg,1,adenocarcinoma
test,colon_aca/colonca238.jpeg,1,adenocarcinoma
test,colon_aca/colonca2386.jpeg,1,adenocarcinoma
test,colon_aca/colonca2395.jpeg,1,adenocarcinoma
test,colon_aca/colonca2397.jpeg,1,adenocarcinoma
test,colon_aca/colonca2406.jpeg,1,adenocarcinoma
test,colon_aca/colonca2408.jpeg,1,adenocarcinoma
test,colon_aca/colonca2418.jpeg,1,adenocarcinoma
test,colon_aca/colonca243.jpeg,1,adenocarcinoma
test,colon_aca/colonca244.jpeg,1,adenocarcinoma
test,colon_aca/colonca2447.jpeg,1,adenocarcinoma
test,colon_aca/colonca2449.jpeg,1,adenocarcinoma
test,colon_aca/colonca245.jpeg,1,adenocarcinoma
test,colon_aca/colonca2459.jpeg,1,adenocarcinoma
test,colon_aca/colonca2463.jpeg,1,adenocarcinoma
test,colon_aca/colonca2470.jpeg,1,adenocarcinoma
test,colon_aca/colonca2471.jpeg,1,adenocarcinoma
test,colon_aca/colonca2475.jpeg,1,adenocarcinoma
test,colon_aca/colonca2479.jpeg,1,adenocarcinoma
test,colon_aca/colonca2486.jpeg,1,adenocarcinoma
test,colon_aca/colonca2490.jpeg,1,adenocarcinoma
test,colon_aca/colonca2497.jpeg,1,adenocarcinoma
test,colon_aca/colonca2511.jpeg,1,adenocarcinoma
test,colon_aca/colonca2516.jpeg,1,adenocarcinoma
test,colon_aca/colonca2527.jpeg,1,adenocarcinoma
test,colon_aca/colonca2534.jpeg,1,adenocarcinoma
test,colon_aca/colonca2538.jpeg,1,adenocarcinoma
test,colon_aca/colonca2543.jpeg,1,adenocarcinoma
test,colon_aca/colonca2549.jpeg,1,adenocarcinoma
test,colon_aca/colonca255.jpeg,1,adenocarcinoma
test,colon_aca/colonca2560.jpeg,1,adenocarcinoma
test,colon_aca/colonca2561.jpeg,1,adenocarcinoma
test,colon_aca/colonca2572.jpeg,1,adenocarcinoma
test,colon_aca/colonca2578.jpeg,1,adenocarcinoma
test,colon_aca/colonca2584.jpeg,1,adenocarcinoma
test,colon_aca/colonca2587.jpeg,1,adenocarcinoma
test,colon_aca/colonca2601.jpeg,1,adenocarcinoma
test,colon_aca/colonca2604.jpeg,1,adenocarcinoma
test,colon_aca/colonca262.jpeg,1,adenocarcinoma
test,colon_aca/colonca2620.jpeg,1,adenocarcinoma
test,colon_aca/colonca2630.jpeg,1,adenocarcinoma
test,colon_aca/colonca2631.jpeg,1,adenocarcinoma
test,colon_aca/colonca2636.jpeg,1,adenocarcinoma
test,colon_aca/colonca2637.jpeg,1,adenocarcinoma
test,colon_aca/colonca2647.jpeg,1,adenocarcinoma
test,colon_aca/colonca2664.jpeg,1,adenocarcinoma
test,colon_aca/colonca2669.jpeg,1,adenocarcinoma
test,colon_aca/colonca2671.jpeg,1,adenocarcinoma
test,colon_aca/colonca2672.jpeg,1,adenocarcinoma
test,colon_aca/colonca2681.jpeg,1,adenocarcinoma
test,colon_aca/colonca2684.jpeg,1,adenocarcinoma
test,colon_aca/colonca2685.jpeg,1,adenocarcinoma
test,colon_aca/colonca2688.jpeg,1,adenocarcinoma
test,colon_aca/colonca2692.jpeg,1,adenocarcinoma
test,colon_aca/colonca2693.jpeg,1,adenocarcinoma
test,colon_aca/colonca2695.jpeg,1,adenocarcinoma
test,colon_aca/colonca2702.jpeg,1,adenocarcinoma
test,colon_aca/colonca2710.jpeg,1,adenocarcinoma
test,colon_aca/colonca2713.jpeg,1,adenocarcinoma
test,colon_aca/colonca2715.jpeg,1,adenocarcinoma
test,colon_aca/colonca2717.jpeg,1,adenocarcinoma
test,colon_aca/colonca2718.jpeg,1,adenocarcinoma
test,colon_aca/colonca2723.jpeg,1,adenocarcinoma
test,colon_aca/colonca2740.jpeg,1,adenocarcinoma
test,colon_aca/colonca2743.jpeg,1,adenocarcinoma
test,colon_aca/colonca2744.jpeg,1,adenocarcinoma
test,colon_aca/colonca2755.jpeg,1,adenocarcinoma
test,colon_aca/colonca276.jpeg,1,adenocarcinoma
test,colon_aca/colonca2761.jpeg,1,adenocarcinoma
test,colon_aca/colonca2764.jpeg,1,adenocarcinoma
test,colon_aca/colonca2774.jpeg,1,adenocarcinoma
test,colon_aca/colonca2780.jpeg,1,adenocarcinoma
test,colon_aca/colonca2784.jpeg,1,adenocarcinoma
test,colon_aca/colonca2786.jpeg,1,adenocarcinoma
test,colon_aca/colonca2788.jpeg,1,adenocarcinoma
test,colon_aca/colonca2790.jpeg,1,adenocarcinoma
test,colon_aca/colonca2814.jpeg,1,adenocarcinoma
test,colon_aca/colonca2816.jpeg,1,adenocarcinoma
test,colon_aca/colonca2820.jpeg,1,adenocarcinoma
test,colon_aca/colonca2824.jpeg,1,adenocarcinoma
test,colon_aca/colonca2830.jpeg,1,adenocarcinoma
test,colon_aca/colonca2842.jpeg,1,adenocarcinoma
test,colon_aca/colonca2844.jpeg,1,adenocarcinoma
test,colon_aca/colonca2847.jpeg,1,adenocarcinoma
test,colon_aca/colonca2853.jpeg,1,adenocarcinoma
test,colon_aca/colonca2860.jpeg,1,adenocarcinoma
test,colon_aca/colonca2869.jpeg,1,adenocarcinoma
test,colon_aca/colonca2871.jpeg,1,adenocarcinoma
test,colon_aca/colonca2895.jpeg,1,adenocarcinoma
test,colon_aca/colonca290.jpeg,1,adenocarcinoma
test,colon_aca/colonca2904.jpeg,1,adenocarcinoma
test,colon_aca/colonca2921.jpeg,1,adenocarcinoma
test,colon_aca/colonca2929.jpeg,1,adenocarcinoma
test,colon_aca/colonca2932.jpeg,1,adenocarcinoma
test,colon_aca/colonca2937.jpeg,1,adenocarcinoma
test,colon_aca/colonca2946.jpeg,1,adenocarcinoma
test,colon_aca/colonca2951.jpeg,1,adenocarcinoma
test,colon_aca/colonca2954.jpeg,1,adenocarcinoma
test,colon_aca/colonca2966.jpeg,1,adenocarcinoma
test,colon_aca/colonca2977.jpeg,1,adenocarcinoma
test,colon_aca/colonca2980.jpeg,1,adenocarcinoma
test,colon_aca/colonca2985.jpeg,1,adenocarcinoma
test,colon_aca/colonca2987.jpeg,1,adenocarcinoma
test,colon_aca/colonca2990.jpeg,1,adenocarcinoma
test,colon_aca/colonca2998.jpeg,1,adenocarcinoma
test,colon_aca/colonca3001.jpeg,1,adenocarcinoma
test,colon_aca/colonca3011.jpeg,1,adenocarcinoma
test,colon_aca/colonca3014.jpeg,1,adenocarcinoma
test,colon_aca/colonca3018.jpeg,1,adenocarcinoma
test,colon_aca/colonca3026.jpeg,1,adenocarcinoma
test,colon_aca/colonca3029.jpeg,1,adenocarcinoma
test,colon_aca/colonca3034.jpeg,1,adenocarcinoma
test,colon_aca/colonca3038.jpeg,1,adenocarcinoma
test,colon_aca/colonca3063.jpeg,1,adenocarcinoma
test,colon_aca/colonca3064.jpeg,1,adenocarcinoma
test,colon_aca/colonca3065.jpeg,1,adenocarcinoma
test,colon_aca/colonca3067.jpeg,1,adenocarcinoma
test,colon_aca/colonca3069.jpeg,1,adenocarcinoma
test,colon_aca/colonca3080.jpeg,1,adenocarcinoma
test,colon_aca/colonca3084.jpeg,1,adenocarcinoma
test,colon_aca/colonca3085.jpeg,1,adenocarcinoma
test,colon_aca/colonca3098.jpeg,1,adenocarcinoma
test,colon_aca/colonca3099.jpeg,1,adenocarcinoma
test,colon_aca/colonca31.jpeg,1,adenocarcinoma
test,colon_aca/colonca3102.jpeg,1,adenocarcinoma
test,colon_aca/colonca3103.jpeg,1,adenocarcinoma
test,colon_aca/colonca3113.jpeg,1,adenocarcinoma
test,colon_aca/colonca3115.jpeg,1,adenocarcinoma
test,colon_aca/colonca312.jpeg,1,adenocarcinoma
test,colon_aca/colonca3125.jpeg,1,adenocarcinoma
test,colon_aca/colonca3133.jpeg,1,adenocarcinoma
test,colon_aca/colonca3141.jpeg,1,adenocarcinoma
test,colon_aca/colonca3156.jpeg,1,adenocarcinoma
test,colon_aca/colonca3175.jpeg,1,adenocarcinoma
test,colon_aca/colonca3186.jpeg,1,adenocarcinoma
test,colon_aca/colonca32.jpeg,1,adenocarcinoma
test,colon_aca/colonca3202.jpeg,1,adenocarcinoma
test,colon_aca/colonca3214.jpeg,1,adenocarcinoma
test,colon_aca/colonca3215.jpeg,1,adenocarcinoma
test,colon_aca/colonca3218.jpeg,1,adenocarcinoma
test,colon_aca/colonca3223.jpeg,1,adenocarcinoma
test,colon_aca/colonca3227.jpeg,1,adenocarcinoma
test,colon_aca/colonca3244.jpeg,1,adenocarcinoma
test,colon_aca/colonca325.jpeg,1,adenocarcinoma
test,colon_aca/colonca3261.jpeg,1,adenocarcinoma
test,colon_aca/colonca3282.jpeg,1,adenocarcinoma
test,colon_aca/colonca3286.jpeg,1,adenocarcinoma
test,colon_aca/colonca3291.jpeg,1,adenocarcinoma
test,colon_aca/colonca3293.jpeg,1,adenocarcinoma
test,colon_aca/colonca3294.jpeg,1,adenocarcinoma
test,colon_aca/colonca3296.jpeg,1,adenocarcinoma
test,colon_aca/colonca3297.jpeg,1,adenocarcinoma
test,colon_aca/colonca3302.jpeg,1,adenocarcinoma
test,colon_aca/colonca331.jpeg,1,adenocarcinoma
test,colon_aca/colonca332.jpeg,1,adenocarcinoma
test,colon_aca/colonca3320.jpeg,1,adenocarcinoma
test,colon_aca/colonca3332.jpeg,1,adenocarcinoma
test,colon_aca/colonca3334.jpeg,1,adenocarcinoma
test,colon_aca/colonca3337.jpeg,1,adenocarcinoma
test,colon_aca/colonca3353.jpeg,1,adenocarcinoma
test,colon_aca/colonca3365.jpeg,1,adenocarcinoma
test,colon_aca/colonca3375.jpeg,1,adenocarcinoma
test,colon_aca/colonca338.jpeg,1,adenocarcinoma
test,colon_aca/colonca3380.jpeg,1,adenocarcinoma
test,colon_aca/colonca3391.jpeg,1,adenocarcinoma
test,colon_aca/colonca3392.jpeg,1,adenocarcinoma
test,colon_aca/colonca3393.jpeg,1,adenocarcinoma
test,colon_aca/colonca3395.jpeg,1,adenocarcinoma
test,colon_aca/colonca340.jpeg,1,adenocarcinoma
test,colon_aca/colonca3400.jpeg,1,adenocarcinoma
test,colon_aca/colonca3402.jpeg,1,adenocarcinoma
test,colon_aca/colonca3403.jpeg,1,adenocarcinoma
test,colon_aca/colonca3411.jpeg,1,adenocarcinoma
test,colon_aca/colonca3416.jpeg,1,adenocarcinoma
test,colon_aca/colonca3422.jpeg,1,adenocarcinoma
test,colon_aca/colonca3433.jpeg,1,adenocarcinoma
test,colon_aca/colonca3438.jpeg,1,adenocarcinoma
test,colon_aca/colonca3440.jpeg,1,adenocarcinoma
test,colon_aca/colonca3463.jpeg,1,adenocarcinoma
test,colon_aca/colonca3466.jpeg,1,adenocarcinoma
test,colon_aca/colonca3471.jpeg,1,adenocarcinoma
test,colon_aca/colonca348.jpeg,1,adenocarcinoma
test,colon_aca/colonca3495.jpeg,1,adenocarcinoma
test,colon_aca/colonca3496.jpeg,1,adenocarcinoma
test,colon_aca/colonca3498.jpeg,1,adenocarcinoma
test,colon_aca/colonca35.jpeg,1,adenocarcinoma
test,colon_aca/colonca3500.jpeg,1,adenocarcinoma
test,colon_aca/colonca3528.jpeg,1,adenocarcinoma
test,colon_aca/colonca3532.jpeg,1,adenocarcinoma
test,colon_aca/colonca3536.jpeg,1,adenocarcinoma
test,colon_aca/colonca3544.jpeg,1,adenocarcinoma
test,colon_aca/colonca3545.jpeg,1,adenocarcinoma
test,colon_aca/colonca3557.jpeg,1,adenocarcinoma
test,colon_aca/colonca3565.jpeg,1,adenocarcinoma
test,colon_aca/colonca3567.jpeg,1,adenocarcinoma
test,colon_aca/colonca3592.jpeg,1,adenocarcinoma
test,colon_aca/colonca3599.jpeg,1,adenocarcinoma
test,colon_aca/colonca3602.jpeg,1,adenocarcinoma
test,colon_aca/colonca3606.jpeg,1,adenocarcinoma
test,colon_aca/colonca3626.jpeg,1,adenocarcinoma
test,colon_aca/colonca3627.jpeg,1,adenocarcinoma
test,colon_aca/colonca364.jpeg,1,adenocarcinoma
test,colon_aca/colonca3641.jpeg,1,adenocarcinoma
test,colon_aca/colonca3643.jpeg,1,adenocarcinoma
test,colon_aca/colonca3645.jpeg,1,adenocarcinoma
test,colon_aca/colonca3646.jpeg,1,adenocarcinoma
test,colon_aca/colonca3656.jpeg,1,adenocarcinoma
test,colon_aca/colonca3662.jpeg,1,adenocarcinoma
test,colon_aca/colonca367.jpeg,1,adenocarcinoma
test,colon_aca/colonca3673.jpeg,1,adenocarcinoma
test,colon_aca/colonca3685.jpeg,1,adenocarcinoma
test,colon_aca/colonca3688.jpeg,1,adenocarcinoma
test,colon_aca/colonca3692.jpeg,1,adenocarcinoma
test,colon_aca/colonca3698.jpeg,1,adenocarcinoma
test,colon_aca/colonca3701.jpeg,1,adenocarcinoma
test,colon_aca/colonca3708.jpeg,1,adenocarcinoma
test,colon_aca/colonca3717.jpeg,1,adenocarcinoma
test,colon_aca/colonca3731.jpeg,1,adenocarcinoma
test,colon_aca/colonca3743.jpeg,1,adenocarcinoma
test,colon_aca/colonca3759.jpeg,1,adenocarcinoma
test,colon_aca/colonca3760.jpeg,1,adenocarcinoma
test,colon_aca/colonca3775.jpeg,1,adenocarcinoma
test,colon_aca/colonca3778.jpeg,1,adenocarcinoma
test,colon_aca/colonca3782.jpeg,1,adenocarcinoma
test,colon_aca/colonca3786.jpeg,1,adenocarcinoma
test,colon_aca/colonca3800.jpeg,1,adenocarcinoma
test,colon_aca/colonca3821.jpeg,1,adenocarcinoma
test,colon_aca/colonca3825.jpeg,1,adenocarcinoma
test,colon_aca/colonca3826.jpeg,1,adenocarcinoma
test,colon_aca/colonca3829.jpeg,1,adenocarcinoma
test,colon_aca/colonca3834.jpeg,1,adenocarcinoma
test,colon_aca/colonca3844.jpeg,1,adenocarcinoma
test,colon_aca/colonca3847.jpeg,1,adenocarcinoma
test,colon_aca/colonca3849.jpeg,1,adenocarcinoma
test,colon_aca/colonca3858.jpeg,1,adenocarcinoma
test,colon_aca/colonca3859.jpeg,1,adenocarcinoma
test,colon_aca/colonca3864.jpeg,1,adenocarcinoma
test,colon_aca/colonca3867.jpeg,1,adenocarcinoma
test,colon_aca/colonca3877.jpeg,1,adenocarcinoma
test,colon_aca/colonca3879.jpeg,1,adenocarcinoma
test,colon_aca/colonca3880.jpeg,1,adenocarcinoma
test,colon_aca/colonca3891.jpeg,1,adenocarcinoma
test,colon_aca/colonca3892.jpeg,1,adenocarcinoma
test,colon_aca/colonca3895.jpeg,1,adenocarcinoma
test,colon_aca/colonca3896.jpeg,1,adenocarcinoma
test,colon_aca/colonca3898.jpeg,1,adenocarcinoma
test,colon_aca/colonca390.jpeg,1,adenocarcinoma
test,colon_aca/colonca3905.jpeg,1,adenocarcinoma
test,colon_aca/colonca3911.jpeg,1,adenocarcinoma
test,colon_aca/colonca3918.jpeg,1,adenocarcinoma
test,colon_aca/colonca3920.jpeg,1,adenocarcinoma
test,colon_aca/colonca3922.jpeg,1,adenocarcinoma
test,colon_aca/colonca3927.jpeg,1,adenocarcinoma
test,colon_aca/colonca3928.jpeg,1,adenocarcinoma
test,colon_aca/colonca393.jpeg,1,adenocarcinoma
test,colon_aca/colonca3935.jpeg,1,adenocarcinoma
test,colon_aca/colonca3939.jpeg,1,adenocarcinoma
test,colon_aca/colonca3941.jpeg,1,adenocarcinoma
test,colon_aca/colonca3963.jpeg,1,adenocarcinoma
test,colon_aca/colonca3970.jpeg,1,adenocarcinoma
test,colon_aca/colonca3977.jpeg,1,adenocarcinoma
test,colon_aca/colonca399.jpeg,1,adenocarcinoma
test,colon_aca/colonca3998.jpeg,1,adenocarcinoma
test,colon_aca/colonca3999.jpeg,1,adenocarcinoma
test,colon_aca/colonca4004.jpeg,1,adenocarcinoma
test,colon_aca/colonca4005.jpeg,1,adenocarcinoma
test,colon_aca/colonca4008.jpeg,1,adenocarcinoma
test,colon_aca/colonca4012.jpeg,1,adenocarcinoma
test,colon_aca/colonca4017.jpeg,1,adenocarcinoma
test,colon_aca/colonca4021.jpeg,1,adenocarcinoma
test,colon_aca/colonca4024.jpeg,1,adenocarcinoma
test,colon_aca/colonca4029.jpeg,1,adenocarcinoma
test,colon_aca/colonca4030.jpeg,1,adenocarcinoma
test,colon_aca/colonca4032.jpeg,1,adenocarcinoma
test,colon_aca/colonca4038.jpeg,1,adenocarcinoma
test,colon_aca/colonca4044.jpeg,1,adenocarcinoma
test,colon_aca/colonca4049.jpeg,1,adenocarcinoma
test,colon_aca/colonca4054.jpeg,1,adenocarcinoma
test,colon_aca/colonca4057.jpeg,1,adenocarcinoma
test,colon_aca/colonca406.jpeg,1,adenocarcinoma
test,colon_aca/colonca4064.jpeg,1,adenocarcinoma
test,colon_aca/colonca4070.jpeg,1,adenocarcinoma
test,colon_aca/colonca4076.jpeg,1,adenocarcinoma
test,colon_aca/colonca4095.jpeg,1,adenocarcinoma
test,colon_aca/colonca4107.jpeg,1,adenocarcinoma
test,colon_aca/colonca4123.jpeg,1,adenocarcinoma
test,colon_aca/colonca4129.jpeg,1,adenocarcinoma
test,colon_aca/colonca4130.jpeg,1,adenocarcinoma
test,colon_aca/colonca4143.jpeg,1,adenocarcinoma
test,colon_aca/colonca4147.jpeg,1,adenocarcinoma
test,colon_aca/colonca4153.jpeg,1,adenocarcinoma
test,colon_aca/colonca4158.jpeg,1,adenocarcinoma
test,colon_aca/colonca4159.jpeg,1,adenocarcinoma
test,colon_aca/colonca416.jpeg,1,adenocarcinoma
test,colon_aca/colonca4162.jpeg,1,adenocarcinoma
test,colon_aca/colonca418.jpeg,1,adenocarcinoma
test,colon_aca/colonca4197.jpeg,1,adenocarcinoma
test,colon_aca/colonca42.jpeg,1,adenocarcinoma
test,colon_aca/colonca4207.jpeg,1,adenocarcinoma
test,colon_aca/colonca4212.jpeg,1,adenocarcinoma
test,colon_aca/colonca4220.jpeg,1,adenocarcinoma
test,colon_aca/colonca4229.jpeg,1,adenocarcinoma
test,colon_aca/colonca423.jpeg,1,adenocarcinoma
test,colon_aca/colonca4232.jpeg,1,adenocarcinoma
test,colon_aca/colonca4241.jpeg,1,adenocarcinoma
test,colon_aca/colonca4242.jpeg,1,adenocarcinoma
test,colon_aca/colonca4247.jpeg,1,adenocarcinoma
test,colon_aca/colonca4250.jpeg,1,adenocarcinoma
test,colon_aca/colonca4254.jpeg,1,adenocarcinoma
test,colon_aca/colonca4260.jpeg,1,adenocarcinoma
test,colon_aca/colonca4262.jpeg,1,adenocarcinoma
test,colon_aca/colonca4265.jpeg,1,adenocarcinoma
test,colon_aca/colonca4272.jpeg,1,adenocarcinoma
test,colon_aca/colonca4295.jpeg,1,adenocarcinoma
test,colon_aca/colonca4297.jpeg,1,adenocarcinoma
test,colon_aca/colonca4303.jpeg,1,adenocarcinoma
test,colon_aca/colonca4306.jpeg,1,adenocarcinoma
test,colon_aca/colonca4307.jpeg,1,adenocarcinoma
test,colon_aca/colonca4312.jpeg,1,adenocarcinoma
test,colon_aca/colonca4321.jpeg,1,adenocarcinoma
test,colon_aca/colonca4328.jpeg,1,adenocarcinoma
test,colon_aca/colonca4342.jpeg,1,adenocarcinoma
test,colon_aca/colonca4355.jpeg,1,adenocarcinoma
test,colon_aca/colonca4360.jpeg,1,adenocarcinoma
test,colon_aca/colonca4381.jpeg,1,adenocarcinoma
test,colon_aca/colonca4396.jpeg,1,adenocarcinoma
test,colon_aca/colonca44.jpeg,1,adenocarcinoma
test,colon_aca/colonca4403.jpeg,1,adenocarcinoma
test,colon_aca/colonca4406.jpeg,1,adenocarcinoma
test,colon_aca/colonca4408.jpeg,1,adenocarcinoma
test,colon_aca/colonca4412.jpeg,1,adenocarcinoma
test,colon_aca/colonca4416.jpeg,1,adenocarcinoma
test,colon_aca/colonca4421.jpeg,1,adenocarcinoma
test,colon_aca/colonca4424.jpeg,1,adenocarcinoma
test,colon_aca/colonca4427.jpeg,1,adenocarcinoma
test,colon_aca/colonca4445.jpeg,1,adenocarcinoma
test,colon_aca/colonca4456.jpeg,1,adenocarcinoma
test,colon_aca/colonca4461.jpeg,1,adenocarcinoma
test,colon_aca/colonca4474.jpeg,1,adenocarcinoma
test,colon_aca/colonca4475.jpeg,1,adenocarcinoma
test,colon_aca/colonca4482.jpeg,1,adenocarcinoma
test,colon_aca/colonca4495.jpeg,1,adenocarcinoma
test,colon_aca/colonca4500.jpeg,1,adenocarcinoma
test,colon_aca/colonca4501.jpeg,1,adenocarcinoma
test,colon_aca/colonca4505.jpeg,1,adenocarcinoma
test,colon_aca/colonca4523.jpeg,1,adenocarcinoma
test,colon_aca/colonca4524.jpeg,1,adenocarcinoma
test,colon_aca/colonca4530.jpeg,1,adenocarcinoma
test,colon_aca/colonca4531.jpeg,1,adenocarcinoma
test,colon_aca/colonca4538.jpeg,1,adenocarcinoma
test,colon_aca/colonca4542.jpeg,1,adenocarcinoma
test,colon_aca/colonca4544.jpeg,1,adenocarcinoma
test,colon_aca/colonca4551.jpeg,1,adenocarcinoma
test,colon_aca/colonca4554.jpeg,1,adenocarcinoma
test,colon_aca/colonca4560.jpeg,1,adenocarcinoma
test,colon_aca/colonca4569.jpeg,1,adenocarcinoma
test,colon_aca/colonca4581.jpeg,1,adenocarcinoma
test,colon_aca/colonca4583.jpeg,1,adenocarcinoma
test,colon_aca/colonca4586.jpeg,1,adenocarcinoma
test,colon_aca/colonca4587.jpeg,1,adenocarcinoma
test,colon_aca/colonca4590.jpeg,1,adenocarcinoma
test,colon_aca/colonca4604.jpeg,1,adenocarcinoma
test,colon_aca/colonca4608.jpeg,1,adenocarcinoma
test,colon_aca/colonca4613.jpeg,1,adenocarcinoma
test,colon_aca/colonca4617.jpeg,1,adenocarcinoma
test,colon_aca/colonca4626.jpeg,1,adenocarcinoma
test,colon_aca/colonca4629.jpeg,1,adenocarcinoma
test,colon_aca/colonca4632.jpeg,1,adenocarcinoma
test,colon_aca/colonca4634.jpeg,1,adenocarcinoma
test,colon_aca/colonca4636.jpeg,1,adenocarcinoma
test,colon_aca/colonca4637.jpeg,1,adenocarcinoma
test,colon_aca/colonca4642.jpeg,1,adenocarcinoma
test,colon_aca/colonca4645.jpeg,1,adenocarcinoma
test,colon_aca/colonca4648.jpeg,1,adenocarcinoma
test,colon_aca/colonca465.jpeg,1,adenocarcinoma
test,colon_aca/colonca4652.jpeg,1,adenocarcinoma
test,colon_aca/colonca4661.jpeg,1,adenocarcinoma
test,colon_aca/colonca467.jpeg,1,adenocarcinoma
test,colon_aca/colonca4670.jpeg,1,adenocarcinoma
test,colon_aca/colonca4676.jpeg,1,adenocarcinoma
test,colon_aca/colonca4692.jpeg,1,adenocarcinoma
test,colon_aca/colonca4695.jpeg,1,adenocarcinoma
test,colon_aca/colonca4723.jpeg,1,adenocarcinoma
test,colon_aca/colonca4726.jpeg,1,adenocarcinoma
test,colon_aca/colonca4730.jpeg,1,adenocarcinoma
test,colon_aca/colonca4742.jpeg,1,adenocarcinoma
test,colon_aca/colonca4753.jpeg,1,adenocarcinoma
test,colon_aca/colonca4754.jpeg,1,adenocarcinoma
test,colon_aca/colonca4757.jpeg,1,adenocarcinoma
test,colon_aca/colonca4759.jpeg,1,adenocarcinoma
test,colon_aca/colonca476.jpeg,1,adenocarcinoma
test,colon_aca/colonca4761.jpeg,1,adenocarcinoma
test,colon_aca/colonca4763.jpeg,1,adenocarcinoma
test,colon_aca/colonca4772.jpeg,1,adenocarcinoma
test,colon_aca/colonca4778.jpeg,1,adenocarcinoma
test,colon_aca/colonca478.jpeg,1,adenocarcinoma
test,colon_aca/colonca4783.jpeg,1,adenocarcinoma
test,colon_aca/colonca4790.jpeg,1,adenocarcinoma
test,colon_aca/colonca4791.jpeg,1,adenocarcinoma
test,colon_aca/colonca4793.jpeg,1,adenocarcinoma
test,colon_aca/colonca4794.jpeg,1,adenocarcinoma
test,colon_aca/colonca4796.jpeg,1,adenocarcinoma
test,colon_aca/colonca4808.jpeg,1,adenocarcinoma
test,colon_aca/colonca481.jpeg,1,adenocarcinoma
test,colon_aca/colonca4810.jpeg,1,adenocarcinoma
test,colon_aca/colonca4815.jpeg,1,adenocarcinoma
test,colon_aca/colonca4819.jpeg,1,adenocarcinoma
test,colon_aca/colonca4821.jpeg,1,adenocarcinoma
test,colon_aca/colonca4825.jpeg,1,adenocarcinoma
test,colon_aca/colonca4831.jpeg,1,adenocarcinoma
test,colon_aca/colonca4832.jpeg,1,adenocarcinoma
test,colon_aca/colonca4833.jpeg,1,adenocarcinoma
test,colon_aca/colonca4838.jpeg,1,adenocarcinoma
test,colon_aca/colonca4850.jpeg,1,adenocarcinoma
test,colon_aca/colonca4858.jpeg,1,adenocarcinoma
test,colon_aca/colonca4860.jpeg,1,adenocarcinoma
test,colon_aca/colonca4862.jpeg,1,adenocarcinoma
test,colon_aca/colonca4868.jpeg,1,adenocarcinoma
test,colon_aca/colonca4875.jpeg,1,adenocarcinoma
test,colon_aca/colonca4882.jpeg,1,adenocarcinoma
test,colon_aca/colonca4887.jpeg,1,adenocarcinoma
test,colon_aca/colonca489.jpeg,1,adenocarcinoma
test,colon_aca/colonca4896.jpeg,1,adenocarcinoma
test,colon_aca/colonca4897.jpeg,1,adenocarcinoma
test,colon_aca/colonca4898.jpeg,1,adenocarcinoma
test,colon_aca/colonca4899.jpeg,1,adenocarcinoma
test,colon_aca/colonca4903.jpeg,1,adenocarcinoma
test,colon_aca/colonca491.jpeg,1,adenocarcinoma
test,colon_aca/colonca4912.jpeg,1,adenocarcinoma
test,colon_aca/colonca4914.jpeg,1,adenocarcinoma
test,colon_aca/colonca4915.jpeg,1,adenocarcinoma
test,colon_aca/colonca4917.jpeg,1,adenocarcinoma
test,colon_aca/colonca4920.jpeg,1,adenocarcinoma
test,colon_aca/colonca4924.jpeg,1,adenocarcinoma
test,colon_aca/colonca4925.jpeg,1,adenocarcinoma
test,colon_aca/colonca4928.jpeg,1,adenocarcinoma
test,colon_aca/colonca4934.jpeg,1,adenocarcinoma
test,colon_aca/colonca4937.jpeg,1,adenocarcinoma
test,colon_aca/colonca4939.jpeg,1,adenocarcinoma
test,colon_aca/colonca4948.jpeg,1,adenocarcinoma
test,colon_aca/colonca4963.jpeg,1,adenocarcinoma
test,colon_aca/colonca4970.jpeg,1,adenocarcinoma
test,colon_aca/colonca4974.jpeg,1,adenocarcinoma
test,colon_aca/colonca4984.jpeg,1,adenocarcinoma
test,colon_aca/colonca4988.jpeg,1,adenocarcinoma
test,colon_aca/colonca499.jpeg,1,adenocarcinoma
test,colon_aca/colonca4993.jpeg,1,adenocarcinoma
test,colon_aca/colonca4996.jpeg,1,adenocarcinoma
test,colon_aca/colonca500.jpeg,1,adenocarcinoma
test,colon_aca/colonca509.jpeg,1,adenocarcinoma
test,colon_aca/colonca514.jpeg,1,adenocarcinoma
test,colon_aca/colonca515.jpeg,1,adenocarcinoma
test,colon_aca/colonca522.jpeg,1,adenocarcinoma
test,colon_aca/colonca526.jpeg,1,adenocarcinoma
test,colon_aca/colonca539.jpeg,1,adenocarcinoma
test,colon_aca/colonca54.jpeg,1,adenocarcinoma
test,colon_aca/colonca549.jpeg,1,adenocarcinoma
test,colon_aca/colonca557.jpeg,1,adenocarcinoma
test,colon_aca/colonca564.jpeg,1,adenocarcinoma
test,colon_aca/colonca568.jpeg,1,adenocarcinoma
test,colon_aca/colonca570.jpeg,1,adenocarcinoma
test,colon_aca/colonca583.jpeg,1,adenocarcinoma
test,colon_aca/colonca584.jpeg,1,adenocarcinoma
test,colon_aca/colonca596.jpeg,1,adenocarcinoma
test,colon_aca/colonca599.jpeg,1,adenocarcinoma
test,colon_aca/colonca6.jpeg,1,adenocarcinoma
test,colon_aca/colonca60.jpeg,1,adenocarcinoma
test,colon_aca/colonca603.jpeg,1,adenocarcinoma
test,colon_aca/colonca619.jpeg,1,adenocarcinoma
test,colon_aca/colonca624.jpeg,1,adenocarcinoma
test,colon_aca/colonca63.jpeg,1,adenocarcinoma
test,colon_aca/colonca660.jpeg,1,adenocarcinoma
test,colon_aca/colonca661.jpeg,1,adenocarcinoma
test,colon_aca/colonca664.jpeg,1,adenocarcinoma
test,colon_aca/colonca670.jpeg,1,adenocarcinoma
test,colon_aca/colonca676.jpeg,1,adenocarcinoma
test,colon_aca/colonca684.jpeg,1,adenocarcinoma
test,colon_aca/colonca685.jpeg,1,adenocarcinoma
test,colon_aca/colonca689.jpeg,1,adenocarcinoma
test,colon_aca/colonca692.jpeg,1,adenocarcinoma
test,colon_aca/colonca693.jpeg,1,adenocarcinoma
test,colon_aca/colonca698.jpeg,1,adenocarcinoma
test,colon_aca/colonca699.jpeg,1,adenocarcinoma
test,colon_aca/colonca7.jpeg,1,adenocarcinoma
test,colon_aca/colonca72.jpeg,1,adenocarcinoma
test,colon_aca/colonca723.jpeg,1,adenocarcinoma
test,colon_aca/colonca732.jpeg,1,adenocarcinoma
test,colon_aca/colonca737.jpeg,1,adenocarcinoma
test,colon_aca/colonca747.jpeg,1,adenocarcinoma
test,colon_aca/colonca754.jpeg,1,adenocarcinoma
test,colon_aca/colonca766.jpeg,1,adenocarcinoma
test,colon_aca/colonca774.jpeg,1,adenocarcinoma
test,colon_aca/colonca778.jpeg,1,adenocarcinoma
test,colon_aca/colonca780.jpeg,1,adenocarcinoma
test,colon_aca/colonca781.jpeg,1,adenocarcinoma
test,colon_aca/colonca783.jpeg,1,adenocarcinoma
test,colon_aca/colonca786.jpeg,1,adenocarcinoma
test,colon_aca/colonca787.jpeg,1,adenocarcinoma
test,colon_aca/colonca794.jpeg,1,adenocarcinoma
test,colon_aca/colonca80.jpeg,1,adenocarcinoma
test,colon_aca/colonca801.jpeg,1,adenocarcinoma
test,colon_aca/colonca813.jpeg,1,adenocarcinoma
test,colon_aca/colonca82.jpeg,1,adenocarcinoma
test,colon_aca/colonca820.jpeg,1,adenocarcinoma
test,colon_aca/colonca824.jpeg,1,adenocarcinoma
test,colon_aca/colonca829.jpeg,1,adenocarcinoma
test,colon_aca/colonca830.jpeg,1,adenocarcinoma
test,colon_aca/colonca841.jpeg,1,adenocarcinoma
test,colon_aca/colonca844.jpeg,1,adenocarcinoma
test,colon_aca/colonca850.jpeg,1,adenocarcinoma
test,colon_aca/colonca851.jpeg,1,adenocarcinoma
test,colon_aca/colonca856.jpeg,1,adenocarcinoma
test,colon_aca/colonca860.jpeg,1,adenocarcinoma
test,colon_aca/colonca868.jpeg,1,adenocarcinoma
test,colon_aca/colonca871.jpeg,1,adenocarcinoma
test,colon_aca/colonca881.jpeg,1,adenocarcinoma
test,colon_aca/colonca884.jpeg,1,adenocarcinoma
test,colon_aca/colonca889.jpeg,1,adenocarcinoma
test,colon_aca/colonca898.jpeg,1,adenocarcinoma
test,colon_aca/colonca906.jpeg,1,adenocarcinoma
test,colon_aca/colonca912.jpeg,1,adenocarcinoma
test,colon_aca/colonca913.jpeg,1,adenocarcinoma
test,colon_aca/colonca914.jpeg,1,adenocarcinoma
test,colon_aca/colonca921.jpeg,1,adenocarcinoma
test,colon_aca/colonca93.jpeg,1,adenocarcinoma
test,colon_aca/colonca941.jpeg,1,adenocarcinoma
test,colon_aca/colonca952.jpeg,1,adenocarcinoma
test,colon_aca/colonca958.jpeg,1,adenocarcinoma
test,colon_aca/colonca964.jpeg,1,adenocarcinoma
test,colon_aca/colonca969.jpeg,1,adenocarcinoma
test,colon_aca/colonca975.jpeg,1,adenocarcinoma
test,colon_aca/colonca982.jpeg,1,adenocarcinoma
test,colon_aca/colonca983.jpeg,1,adenocarcinoma
train,colon_n/colonn1.jpeg,0,benign
train,colon_n/colonn10.jpeg,0,benign
train,colon_n/colonn1003.jpeg,0,benign
train,colon_n/colonn1004.jpeg,0,benign
train,colon_n/colonn1005.jpeg,0,benign
train,colon_n/colonn1009.jpeg,0,benign
train,colon_n/colonn101.jpeg,0,benign
train,colon_n/colonn1010.jpeg,0,benign
train,colon_n/colonn1013.jpeg,0,benign
train,colon_n/colonn1014.jpeg,0,benign
train,colon_n/colonn1015.jpeg,0,benign
train,colon_n/colonn1016.jpeg,0,benign
train,colon_n/colonn1017.jpeg,0,benign
train,colon_n/colonn1018.jpeg,0,benign
train,colon_n/colonn1019.jpeg,0,benign
train,colon_n/colonn1020.jpeg,0,benign
train,colon_n/colonn1021.jpeg,0,benign
train,colon_n/colonn1022.jpeg,0,benign
train,colon_n/colonn1024.jpeg,0,benign
train,colon_n/colonn1025.jpeg,0,benign
train,colon_n/colonn1026.jpeg,0,benign
train,colon_n/colonn1027.jpeg,0,benign
train,colon_n/colonn1028.jpeg,0,benign
train,colon_n/colonn103.jpeg,0,benign
train,colon_n/colonn1035.jpeg,0,benign
train,colon_n/colonn1036.jpeg,0,benign
train,colon_n/colonn1037.jpeg,0,benign
train,colon_n/colonn1038.jpeg,0,benign
train,colon_n/colonn1039.jpeg,0,benign
train,colon_n/colonn1040.jpeg,0,benign
train,colon_n/colonn1041.jpeg,0,benign
train,colon_n/colonn1042.jpeg,0,benign
train,colon_n/colonn1043.jpeg,0,benign
train,colon_n/colonn1044.jpeg,0,benign
train,colon_n/colonn1045.jpeg,0,benign
train,colon_n/colonn1049.jpeg,0,benign
train,colon_n/colonn105.jpeg,0,benign
train,colon_n/colonn1050.jpeg,0,benign
train,colon_n/colonn1051.jpeg,0,benign
train,colon_n/colonn1053.jpeg,0,benign
train,colon_n/colonn1055.jpeg,0,benign
train,colon_n/colonn1057.jpeg,0,benign
train,colon_n/colonn1059.jpeg,0,benign
train,colon_n/colonn106.jpeg,0,benign
train,colon_n/colonn1060.jpeg,0,benign
train,colon_n/colonn1061.jpeg,0,benign
train,colon_n/colonn1062.jpeg,0,benign
train,colon_n/colonn1063.jpeg,0,benign
train,colon_n/colonn1064.jpeg,0,benign
train,colon_n/colonn1066.jpeg,0,benign
train,colon_n/colonn1067.jpeg,0,benign
train,colon_n/colonn1069.jpeg,0,benign
train,colon_n/colonn107.jpeg,0,benign
train,colon_n/colonn1070.jpeg,0,benign
train,colon_n/colonn1072.jpeg,0,benign
train,colon_n/colonn1073.jpeg,0,benign
train,colon_n/colonn1074.jpeg,0,benign
train,colon_n/colonn1075.jpeg,0,benign
train,colon_n/colonn1076.jpeg,0,benign
train,colon_n/colonn1077.jpeg,0,benign
train,colon_n/colonn1078.jpeg,0,benign
train,colon_n/colonn1079.jpeg,0,benign
train,colon_n/colonn108.jpeg,0,benign
train,colon_n/colonn1080.jpeg,0,benign
train,colon_n/colonn1081.jpeg,0,benign
train,colon_n/colonn1082.jpeg,0,benign
train,colon_n/colonn1084.jpeg,0,benign
train,colon_n/colonn1085.jpeg,0,benign
train,colon_n/colonn1088.jpeg,0,benign
train,colon_n/colonn1089.jpeg,0,benign
train,colon_n/colonn1090.jpeg,0,benign
train,colon_n/colonn1091.jpeg,0,benign
train,colon_n/colonn1092.jpeg,0,benign
train,colon_n/colonn1093.jpeg,0,benign
train,colon_n/colonn1094.jpeg,0,benign
train,colon_n/colonn1096.jpeg,0,benign
train,colon_n/colonn1097.jpeg,0,benign
train,colon_n/colonn1098.jpeg,0,benign
train,colon_n/colonn1099.jpeg,0,benign
train,colon_n/colonn11.jpeg,0,benign
train,colon_n/colonn110.jpeg,0,benign
train,colon_n/colonn1101.jpeg,0,benign
train,colon_n/colonn1104.jpeg,0,benign
train,colon_n/colonn1106.jpeg,0,benign
train,colon_n/colonn1107.jpeg,0,benign
train,colon_n/colonn1108.jpeg,0,benign
train,colon_n/colonn1109.jpeg,0,benign
train,colon_n/colonn111.jpeg,0,benign
train,colon_n/colonn1113.jpeg,0,benign
train,colon_n/colonn1116.jpeg,0,benign
train,colon_n/colonn1117.jpeg,0,benign
train,colon_n/colonn1119.jpeg,0,benign
train,colon_n/colonn112.jpeg,0,benign
train,colon_n/colonn1122.jpeg,0,benign
train,colon_n/colonn1123.jpeg,0,benign
train,colon_n/colonn1124.jpeg,0,benign
train,colon_n/colonn1125.jpeg,0,benign
train,colon_n/colonn1126.jpeg,0,benign
train,colon_n/colonn1128.jpeg,0,benign
train,colon_n/colonn1132.jpeg,0,benign
train,colon_n/colonn1133.jpeg,0,benign
train,colon_n/colonn1134.jpeg,0,benign
train,colon_n/colonn1135.jpeg,0,benign
train,colon_n/colonn1138.jpeg,0,benign
train,colon_n/colonn1139.jpeg,0,benign
train,colon_n/colonn114.jpeg,0,benign
train,colon_n/colonn1140.jpeg,0,benign
train,colon_n/colonn1144.jpeg,0,benign
train,colon_n/colonn1145.jpeg,0,benign
train,colon_n/colonn1147.jpeg,0,benign
train,colon_n/colonn1148.jpeg,0,benign
train,colon_n/colonn115.jpeg,0,benign
train,colon_n/colonn1151.jpeg,0,benign
train,colon_n/colonn1153.jpeg,0,benign
train,colon_n/colonn1154.jpeg,0,benign
train,colon_n/colonn1155.jpeg,0,benign
train,colon_n/colonn1156.jpeg,0,benign
train,colon_n/colonn1157.jpeg,0,benign
train,colon_n/colonn1158.jpeg,0,benign
train,colon_n/colonn1159.jpeg,0,benign
train,colon_n/colonn116.jpeg,0,benign
train,colon_n/colonn1160.jpeg,0,benign
train,colon_n/colonn1163.jpeg,0,benign
train,colon_n/colonn1164.jpeg,0,benign
train,colon_n/colonn1165.jpeg,0,benign
train,colon_n/colonn1167.jpeg,0,benign
train,colon_n/colonn1168.jpeg,0,benign
train,colon_n/colonn1170.jpeg,0,benign
train,colon_n/colonn1171.jpeg,0,benign
train,colon_n/colonn1173.jpeg,0,benign
train,colon_n/colonn1174.jpeg,0,benign
train,colon_n/colonn1175.jpeg,0,benign
train,colon_n/colonn1177.jpeg,0,benign
train,colon_n/colonn1178.jpeg,0,benign
train,colon_n/colonn1181.jpeg,0,benign
train,colon_n/colonn1182.jpeg,0,benign
train,colon_n/colonn1183.jpeg,0,benign
train,colon_n/colonn1185.jpeg,0,benign
train,colon_n/colonn1186.jpeg,0,benign
train,colon_n/colonn1187.jpeg,0,benign
train,colon_n/colonn1188.jpeg,0,benign
train,colon_n/colonn1189.jpeg,0,benign
train,colon_n/colonn119.jpeg,0,benign
train,colon_n/colonn1190.jpeg,0,benign
train,colon_n/colonn1191.jpeg,0,benign
train,colon_n/colonn1193.jpeg,0,benign
train,colon_n/colonn1194.jpeg,0,benign
train,colon_n/colonn1195.jpeg,0,benign
train,colon_n/colonn1196.jpeg,0,benign
train,colon_n/colonn1197.jpeg,0,benign
train,colon_n/colonn1198.jpeg,0,benign
train,colon_n/colonn1199.jpeg,0,benign
train,colon_n/colonn1201.jpeg,0,benign
train,colon_n/colonn1202.jpeg,0,benign
train,colon_n/colonn1203.jpeg,0,benign
train,colon_n/colonn1204.jpeg,0,benign
train,colon_n/colonn1205.jpeg,0,benign
train,colon_n/colonn1206.jpeg,0,benign
train,colon_n/colonn1208.jpeg,0,benign
train,colon_n/colonn1209.jpeg,0,benign
train,colon_n/colonn1211.jpeg,0,benign
train,colon_n/colonn1212.jpeg,0,benign
train,colon_n/colonn1213.jpeg,0,benign
train,colon_n/colonn1214.jpeg,0,benign
train,colon_n/colonn1217.jpeg,0,benign
train,colon_n/colonn1219.jpeg,0,benign
train,colon_n/colonn122.jpeg,0,benign
train,colon_n/colonn1220.jpeg,0,benign
train,colon_n/colonn1221.jpeg,0,benign
train,colon_n/colonn1224.jpeg,0,benign
train,colon_n/colonn1225.jpeg,0,benign
train,colon_n/colonn1227.jpeg,0,benign
train,colon_n/colonn1229.jpeg,0,benign
train,colon_n/colonn123.jpeg,0,benign
train,colon_n/colonn1230.jpeg,0,benign
train,colon_n/colonn1231.jpeg,0,benign
train,colon_n/colonn1233.jpeg,0,benign
train,colon_n/colonn1235.jpeg,0,benign
train,colon_n/colonn1236.jpeg,0,benign
train,colon_n/colonn1238.jpeg,0,benign
train,colon_n/colonn1239.jpeg,0,benign
train,colon_n/colonn124.jpeg,0,benign
train,colon_n/colonn1240.jpeg,0,benign
train,colon_n/colonn1241.jpeg,0,benign
train,colon_n/colonn1243.jpeg,0,benign
train,colon_n/colonn1244.jpeg,0,benign
train,colon_n/colonn1245.jpeg,0,benign
train,colon_n/colonn1246.jpeg,0,benign
train,colon_n/colonn1247.jpeg,0,benign
train,colon_n/colonn1248.jpeg,0,benign
train,colon_n/colonn1249.jpeg,0,benign
train,colon_n/colonn125.jpeg,0,benign
train,colon_n/colonn1251.jpeg,0,benign
train,colon_n/colonn1252.jpeg,0,benign
train,colon_n/colonn1253.jpeg,0,benign
train,colon_n/colonn1256.jpeg,0,benign
train,colon_n/colonn1257.jpeg,0,benign
train,colon_n/colonn1258.jpeg,0,benign
train,colon_n/colonn1259.jpeg,0,benign
train,colon_n/colonn126.jpeg,0,benign
train,colon_n/colonn1260.jpeg,0,benign
train,colon_n/colonn1262.jpeg,0,benign
train,colon_n/colonn1263.jpeg,0,benign
train,colon_n/colonn1264.jpeg,0,benign
train,colon_n/colonn1265.jpeg,0,benign
train,colon_n/colonn1266.jpeg,0,benign
train,colon_n/colonn1267.jpeg,0,benign
train,colon_n/colonn1268.jpeg,0,benign
train,colon_n/colonn1269.jpeg,0,benign
train,colon_n/colonn1271.jpeg,0,benign
train,colon_n/colonn1272.jpeg,0,benign
train,colon_n/colonn1273.jpeg,0,benign
train,colon_n/colonn1274.jpeg,0,benign
train,colon_n/colonn1275.jpeg,0,benign
train,colon_n/colonn1276.jpeg,0,benign
train,colon_n/colonn1277.jpeg,0,benign
train,colon_n/colonn1279.jpeg,0,benign
train,colon_n/colonn1280.jpeg,0,benign
train,colon_n/colonn1281.jpeg,0,benign
train,colon_n/colonn1282.jpeg,0,benign
train,colon_n/colonn1283.jpeg,0,benign
train,colon_n/colonn1285.jpeg,0,benign
train,colon_n/colonn1286.jpeg,0,benign
train,colon_n/colonn1288.jpeg,0,benign
train,colon_n/colonn1289.jpeg,0,benign
train,colon_n/colonn129.jpeg,0,benign
train,colon_n/colonn1290.jpeg,0,benign
train,colon_n/colonn1291.jpeg,0,benign
train,colon_n/colonn1294.jpeg,0,benign
train,colon_n/colonn1296.jpeg,0,benign
train,colon_n/colonn1297.jpeg,0,benign
train,colon_n/colonn1298.jpeg,0,benign
train,colon_n/colonn1299.jpeg,0,benign
train,colon_n/colonn1300.jpeg,0,benign
train,colon_n/colonn1304.jpeg,0,benign
train,colon_n/colonn1306.jpeg,0,benign
train,colon_n/colonn1307.jpeg,0,benign
train,colon_n/colonn1308.jpeg,0,benign
train,colon_n/colonn131.jpeg,0,benign
train,colon_n/colonn1310.jpeg,0,benign
train,colon_n/colonn1311.jpeg,0,benign
train,colon_n/colonn1312.jpeg,0,benign
train,colon_n/colonn1313.jpeg,0,benign
train,colon_n/colonn1314.jpeg,0,benign
train,colon_n/colonn1315.jpeg,0,benign
train,colon_n/colonn1316.jpeg,0,benign
train,colon_n/colonn1317.jpeg,0,benign
train,colon_n/colonn1318.jpeg,0,benign
train,colon_n/colonn1319.jpeg,0,benign
train,colon_n/colonn1320.jpeg,0,benign
train,colon_n/colonn1321.jpeg,0,benign
train,colon_n/colonn1322.jpeg,0,benign
train,colon_n/colonn1323.jpeg,0,benign
train,colon_n/colonn1327.jpeg,0,benign
train,colon_n/colonn1328.jpeg,0,benign
train,colon_n/colonn1329.jpeg,0,benign
train,colon_n/colonn133.jpeg,0,benign
train,colon_n/colonn1330.jpeg,0,benign
train,colon_n/colonn1331.jpeg,0,benign
train,colon_n/colonn1332.jpeg,0,benign
train,colon_n/colonn1333.jpeg,0,benign
train,colon_n/colonn1334.jpeg,0,benign
train,colon_n/colonn1335.jpeg,0,benign
train,colon_n/colonn1337.jpeg,0,benign
train,colon_n/colonn1338.jpeg,0,benign
train,colon_n/colonn1339.jpeg,0,benign
train,colon_n/colonn1340.jpeg,0,benign
train,colon_n/colonn1341.jpeg,0,benign
train,colon_n/colonn1342.jpeg,0,benign
train,colon_n/colonn1343.jpeg,0,benign
train,colon_n/colonn1346.jpeg,0,benign
train,colon_n/colonn1347.jpeg,0,benign
train,colon_n/colonn1349.jpeg,0,benign
train,colon_n/colonn1351.jpeg,0,benign
train,colon_n/colonn1352.jpeg,0,benign
train,colon_n/colonn1353.jpeg,0,benign
train,colon_n/colonn1355.jpeg,0,benign
train,colon_n/colonn1356.jpeg,0,benign
train,colon_n/colonn1358.jpeg,0,benign
train,colon_n/colonn1360.jpeg,0,benign
train,colon_n/colonn1361.jpeg,0,benign
train,colon_n/colonn1364.jpeg,0,benign
train,colon_n/colonn1365.jpeg,0,benign
train,colon_n/colonn1366.jpeg,0,benign
train,colon_n/colonn1367.jpeg,0,benign
train,colon_n/colonn1368.jpeg,0,benign
train,colon_n/colonn1369.jpeg,0,benign
train,colon_n/colonn1370.jpeg,0,benign
train,colon_n/colonn1371.jpeg,0,benign
train,colon_n/colonn1372.jpeg,0,benign
train,colon_n/colonn1373.jpeg,0,benign
train,colon_n/colonn1375.jpeg,0,benign
train,colon_n/colonn1377.jpeg,0,benign
train,colon_n/colonn1378.jpeg,0,benign
train,colon_n/colonn1379.jpeg,0,benign
train,colon_n/colonn138.jpeg,0,benign
train,colon_n/colonn1380.jpeg,0,benign
train,colon_n/colonn1381.jpeg,0,benign
train,colon_n/colonn1382.jpeg,0,benign
train,colon_n/colonn1383.jpeg,0,benign
train,colon_n/colonn1385.jpeg,0,benign
train,colon_n/colonn1386.jpeg,0,benign
train,colon_n/colonn1388.jpeg,0,benign
train,colon_n/colonn1389.jpeg,0,benign
train,colon_n/colonn139.jpeg,0,benign
train,colon_n/colonn1390.jpeg,0,benign
train,colon_n/colonn1391.jpeg,0,benign
train,colon_n/colonn1392.jpeg,0,benign
train,colon_n/colonn1393.jpeg,0,benign
train,colon_n/colonn1394.jpeg,0,benign
train,colon_n/colonn1395.jpeg,0,benign
train,colon_n/colonn1397.jpeg,0,benign
train,colon_n/colonn1398.jpeg,0,benign
train,colon_n/colonn1399.jpeg,0,benign
train,colon_n/colonn14.jpeg,0,benign
train,colon_n/colonn140.jpeg,0,benign
train,colon_n/colonn1400.jpeg,0,benign
train,colon_n/colonn1401.jpeg,0,benign
train,colon_n/colonn1402.jpeg,0,benign
train,colon_n/colonn1403.jpeg,0,benign
train,colon_n/colonn1405.jpeg,0,benign
train,colon_n/colonn1409.jpeg,0,benign
train,colon_n/colonn141.jpeg,0,benign
train,colon_n/colonn1410.jpeg,0,benign
train,colon_n/colonn1411.jpeg,0,benign
train,colon_n/colonn1412.jpeg,0,benign
train,colon_n/colonn1413.jpeg,0,benign
train,colon_n/colonn1414.jpeg,0,benign
train,colon_n/colonn1415.jpeg,0,benign
train,colon_n/colonn1416.jpeg,0,benign
train,colon_n/colonn1417.jpeg,0,benign
train,colon_n/colonn142.jpeg,0,benign
train,colon_n/colonn1420.jpeg,0,benign
train,colon_n/colonn1422.jpeg,0,benign
train,colon_n/colonn1423.jpeg,0,benign
train,colon_n/colonn1424.jpeg,0,benign
train,colon_n/colonn1426.jpeg,0,benign
train,colon_n/colonn1429.jpeg,0,benign
train,colon_n/colonn143.jpeg,0,benign
train,colon_n/colonn1430.jpeg,0,benign
train,colon_n/colonn1432.jpeg,0,benign
train,colon_n/colonn1433.jpeg,0,benign
train,colon_n/colonn1434.jpeg,0,benign
train,colon_n/colonn1435.jpeg,0,benign
train,colon_n/colonn1436.jpeg,0,benign
train,colon_n/colonn1437.jpeg,0,benign
train,colon_n/colonn1439.jpeg,0,benign
train,colon_n/colonn144.jpeg,0,benign
train,colon_n/colonn1440.jpeg,0,benign
train,colon_n/colonn1442.jpeg,0,benign
train,colon_n/colonn1443.jpeg,0,benign
train,colon_n/colonn1444.jpeg,0,benign
train,colon_n/colonn1445.jpeg,0,benign
train,colon_n/colonn1446.jpeg,0,benign
train,colon_n/colonn1447.jpeg,0,benign
train,colon_n/colonn1449.jpeg,0,benign
train,colon_n/colonn145.jpeg,0,benign
train,colon_n/colonn1451.jpeg,0,benign
train,colon_n/colonn1453.jpeg,0,benign
train,colon_n/colonn1454.jpeg,0,benign
train,colon_n/colonn1455.jpeg,0,benign
train,colon_n/colonn1456.jpeg,0,benign
train,colon_n/colonn1457.jpeg,0,benign
train,colon_n/colonn1459.jpeg,0,benign
train,colon_n/colonn1461.jpeg,0,benign
train,colon_n/colonn1462.jpeg,0,benign
train,colon_n/colonn1463.jpeg,0,benign
train,colon_n/colonn1464.jpeg,0,benign
train,colon_n/colonn1465.jpeg,0,benign
train,colon_n/colonn1466.jpeg,0,benign
train,colon_n/colonn1468.jpeg,0,benign
train,colon_n/colonn1469.jpeg,0,benign
train,colon_n/colonn1472.jpeg,0,benign
train,colon_n/colonn1473.jpeg,0,benign
train,colon_n/colonn1474.jpeg,0,benign
train,colon_n/colonn1475.jpeg,0,benign
train,colon_n/colonn1476.jpeg,0,benign
train,colon_n/colonn1477.jpeg,0,benign
train,colon_n/colonn1478.jpeg,0,benign
train,colon_n/colonn1479.jpeg,0,benign
train,colon_n/colonn148.jpeg,0,benign
train,colon_n/colonn1480.jpeg,0,benign
train,colon_n/colonn1483.jpeg,0,benign
train,colon_n/colonn1485.jpeg,0,benign
train,colon_n/colonn1486.jpeg,0,benign
train,colon_n/colonn1487.jpeg,0,benign
train,colon_n/colonn1488.jpeg,0,benign
train,colon_n/colonn1489.jpeg,0,benign
train,colon_n/colonn1490.jpeg,0,benign
train,colon_n/colonn1491.jpeg,0,benign
train,colon_n/colonn1492.jpeg,0,benign
train,colon_n/colonn1493.jpeg,0,benign
train,colon_n/colonn1494.jpeg,0,benign
train,colon_n/colonn1495.jpeg,0,benign
train,colon_n/colonn1496.jpeg,0,benign
train,colon_n/colonn1497.jpeg,0,benign
train,colon_n/colonn1498.jpeg,0,benign
train,colon_n/colonn1499.jpeg,0,benign
train,colon_n/colonn15.jpeg,0,benign
train,colon_n/colonn150.jpeg,0,benign
train,colon_n/colonn1500.jpeg,0,benign
train,colon_n/colonn1502.jpeg,0,benign
train,colon_n/colonn1503.jpeg,0,benign
train,colon_n/colonn1506.jpeg,0,benign
train,colon_n/colonn1507.jpeg,0,benign
train,colon_n/colonn1508.jpeg,0,benign
train,colon_n/colonn1509.jpeg,0,benign
train,colon_n/colonn151.jpeg,0,benign
train,colon_n/colonn1511.jpeg,0,benign
train,colon_n/colonn1512.jpeg,0,benign
train,colon_n/colonn1513.jpeg,0,benign
train,colon_n/colonn1514.jpeg,0,benign
train,colon_n/colonn1516.jpeg,0,benign
train,colon_n/colonn1517.jpeg,0,benign
train,colon_n/colonn1518.jpeg,0,benign
train,colon_n/colonn1519.jpeg,0,benign
train,colon_n/colonn1521.jpeg,0,benign
train,colon_n/colonn1522.jpeg,0,benign
train,colon_n/colonn1523.jpeg,0,benign
train,colon_n/colonn1524.jpeg,0,benign
train,colon_n/colonn1525.jpeg,0,benign
train,colon_n/colonn1526.jpeg,0,benign
train,colon_n/colonn1528.jpeg,0,benign
train,colon_n/colonn1529.jpeg,0,benign
train,colon_n/colonn153.jpeg,0,benign
train,colon_n/colonn1530.jpeg,0,benign
train,colon_n/colonn1532.jpeg,0,benign
train,colon_n/colonn1533.jpeg,0,benign
train,colon_n/colonn1535.jpeg,0,benign
train,colon_n/colonn1536.jpeg,0,benign
train,colon_n/colonn1537.jpeg,0,benign
train,colon_n/colonn1538.jpeg,0,benign
train,colon_n/colonn154.jpeg,0,benign
train,colon_n/colonn1540.jpeg,0,benign
train,colon_n/colonn1542.jpeg,0,benign
train,colon_n/colonn1543.jpeg,0,benign
train,colon_n/colonn1545.jpeg,0,benign
train,colon_n/colonn1548.jpeg,0,benign
train,colon_n/colonn1549.jpeg,0,benign
train,colon_n/colonn155.jpeg,0,benign
train,colon_n/colonn1550.jpeg,0,benign
train,colon_n/colonn1552.jpeg,0,benign
train,colon_n/colonn1554.jpeg,0,benign
train,colon_n/colonn1555.jpeg,0,benign
train,colon_n/colonn1556.jpeg,0,benign
train,colon_n/colonn1557.jpeg,0,benign
train,colon_n/colonn1558.jpeg,0,benign
train,colon_n/colonn1559.jpeg,0,benign
train,colon_n/colonn1560.jpeg,0,benign
train,colon_n/colonn1561.jpeg,0,benign
train,colon_n/colonn1562.jpeg,0,benign
train,colon_n/colonn1563.jpeg,0,benign
train,colon_n/colonn1565.jpeg,0,benign
train,colon_n/colonn1566.jpeg,0,benign
train,colon_n/colonn1567.jpeg,0,benign
train,colon_n/colonn1568.jpeg,0,benign
train,colon_n/colonn1569.jpeg,0,benign
train,colon_n/colonn157.jpeg,0,benign
train,colon_n/colonn1571.jpeg,0,benign
train,colon_n/colonn1572.jpeg,0,benign
train,colon_n/colonn1574.jpeg,0,benign
train,colon_n/colonn1575.jpeg,0,benign
train,colon_n/colonn1576.jpeg,0,benign
train,colon_n/colonn1577.jpeg,0,benign
train,colon_n/colonn1578.jpeg,0,benign
train,colon_n/colonn1579.jpeg,0,benign
train,colon_n/colonn1581.jpeg,0,benign
train,colon_n/colonn1582.jpeg,0,benign
train,colon_n/colonn1583.jpeg,0,benign
train,colon_n/colonn1584.jpeg,0,benign
train,colon_n/colonn1585.jpeg,0,benign
train,colon_n/colonn1586.jpeg,0,benign
train,colon_n/colonn1587.jpeg,0,benign
train,colon_n/colonn1588.jpeg,0,benign
train,colon_n/colonn1589.jpeg,0,benign
train,colon_n/colonn159.jpeg,0,benign
train,colon_n/colonn1590.jpeg,0,benign
train,colon_n/colonn1591.jpeg,0,benign
train,colon_n/colonn1593.jpeg,0,benign
train,colon_n/colonn1595.jpeg,0,benign
train,colon_n/colonn1597.jpeg,0,benign
train,colon_n/colonn1598.jpeg,0,benign
train,colon_n/colonn160.jpeg,0,benign
train,colon_n/colonn1600.jpeg,0,benign
train,colon_n/colonn1601.jpeg,0,benign
train,colon_n/colonn1603.jpeg,0,benign
train,colon_n/colonn1605.jpeg,0,benign
train,colon_n/colonn1607.jpeg,0,benign
train,colon_n/colonn1608.jpeg,0,benign
train,colon_n/colonn1609.jpeg,0,benign
train,colon_n/colonn161.jpeg,0,benign
train,colon_n/colonn1610.jpeg,0,benign
train,colon_n/colonn1611.jpeg,0,benign
train,colon_n/colonn1612.jpeg,0,benign
train,colon_n/colonn1613.jpeg,0,benign
train,colon_n/colonn1614.jpeg,0,benign
train,colon_n/colonn1615.jpeg,0,benign
train,colon_n/colonn1616.jpeg,0,benign
train,colon_n/colonn1617.jpeg,0,benign
train,colon_n/colonn1619.jpeg,0,benign
train,colon_n/colonn162.jpeg,0,benign
train,colon_n/colonn1620.jpeg,0,benign
train,colon_n/colonn1622.jpeg,0,benign
train,colon_n/colonn1623.jpeg,0,benign
train,colon_n/colonn1624.jpeg,0,benign
train,colon_n/colonn1626.jpeg,0,benign
train,colon_n/colonn1629.jpeg,0,benign
train,colon_n/colonn1630.jpeg,0,benign
train,colon_n/colonn1631.jpeg,0,benign
train,colon_n/colonn1633.jpeg,0,benign
train,colon_n/colonn1635.jpeg,0,benign
train,colon_n/colonn1636.jpeg,0,benign
train,colon_n/colonn1639.jpeg,0,benign
train,colon_n/colonn164.jpeg,0,benign
train,colon_n/colonn1641.jpeg,0,benign
train,colon_n/colonn1642.jpeg,0,benign
train,colon_n/colonn1645.jpeg,0,benign
train,colon_n/colonn1646.jpeg,0,benign
train,colon_n/colonn1647.jpeg,0,benign
train,colon_n/colonn1648.jpeg,0,benign
train,colon_n/colonn1650.jpeg,0,benign
train,colon_n/colonn1651.jpeg,0,benign
train,colon_n/colonn1653.jpeg,0,benign
train,colon_n/colonn1655.jpeg,0,benign
train,colon_n/colonn1657.jpeg,0,benign
train,colon_n/colonn1659.jpeg,0,benign
train,colon_n/colonn166.jpeg,0,benign
train,colon_n/colonn1661.jpeg,0,benign
train,colon_n/colonn1662.jpeg,0,benign
train,colon_n/colonn1664.jpeg,0,benign
train,colon_n/colonn1666.jpeg,0,benign
train,colon_n/colonn1667.jpeg,0,benign
train,colon_n/colonn1668.jpeg,0,benign
train,colon_n/colonn1669.jpeg,0,benign
train,colon_n/colonn1670.jpeg,0,benign
train,colon_n/colonn1672.jpeg,0,benign
train,colon_n/colonn1673.jpeg,0,benign
train,colon_n/colonn1675.jpeg,0,benign
train,colon_n/colonn1676.jpeg,0,benign
train,colon_n/colonn1678.jpeg,0,benign
train,colon_n/colonn1679.jpeg,0,benign
train,colon_n/colonn168.jpeg,0,benign
train,colon_n/colonn1682.jpeg,0,benign
train,colon_n/colonn1684.jpeg,0,benign
train,colon_n/colonn1686.jpeg,0,benign
train,colon_n/colonn1687.jpeg,0,benign
train,colon_n/colonn1688.jpeg,0,benign
train,colon_n/colonn169.jpeg,0,benign
train,colon_n/colonn1694.jpeg,0,benign
train,colon_n/colonn1695.jpeg,0,benign
train,colon_n/colonn1698.jpeg,0,benign
train,colon_n/colonn17.jpeg,0,benign
train,colon_n/colonn170.jpeg,0,benign
train,colon_n/colonn1701.jpeg,0,benign
train,colon_n/colonn1702.jpeg,0,benign
train,colon_n/colonn1703.jpeg,0,benign
train,colon_n/colonn1705.jpeg,0,benign
train,colon_n/colonn1706.jpeg,0,benign
train,colon_n/colonn1707.jpeg,0,benign
train,colon_n/colonn1708.jpeg,0,benign
train,colon_n/colonn1709.jpeg,0,benign
train,colon_n/colonn171.jpeg,0,benign
train,colon_n/colonn1710.jpeg,0,benign
train,colon_n/colonn1711.jpeg,0,benign
train,colon_n/colonn1713.jpeg,0,benign
train,colon_n/colonn1715.jpeg,0,benign
train,colon_n/colonn1717.jpeg,0,benign
train,colon_n/colonn1719.jpeg,0,benign
train,colon_n/colonn172.jpeg,0,benign
train,colon_n/colonn1720.jpeg,0,benign
train,colon_n/colonn1721.jpeg,0,benign
train,colon_n/colonn1723.jpeg,0,benign
train,colon_n/colonn1725.jpeg,0,benign
train,colon_n/colonn1726.jpeg,0,benign
train,colon_n/colonn1727.jpeg,0,benign
train,colon_n/colonn1728.jpeg,0,benign
train,colon_n/colonn1729.jpeg,0,benign
train,colon_n/colonn173.jpeg,0,benign
train,colon_n/colonn1733.jpeg,0,benign
train,colon_n/colonn1734.jpeg,0,benign
train,colon_n/colonn1735.jpeg,0,benign
train,colon_n/colonn1736.jpeg,0,benign
train,colon_n/colonn1737.jpeg,0,benign
train,colon_n/colonn1738.jpeg,0,benign
train,colon_n/colonn1744.jpeg,0,benign
train,colon_n/colonn1745.jpeg,0,benign
train,colon_n/colonn1747.jpeg,0,benign
train,colon_n/colonn1749.jpeg,0,benign
train,colon_n/colonn175.jpeg,0,benign
train,colon_n/colonn1750.jpeg,0,benign
train,colon_n/colonn1751.jpeg,0,benign
train,colon_n/colonn1752.jpeg,0,benign
train,colon_n/colonn1753.jpeg,0,benign
train,colon_n/colonn1754.jpeg,0,benign
train,colon_n/colonn1755.jpeg,0,benign
train,colon_n/colonn1756.jpeg,0,benign
train,colon_n/colonn1757.jpeg,0,benign
train,colon_n/colonn1758.jpeg,0,benign
train,colon_n/colonn1759.jpeg,0,benign
train,colon_n/colonn176.jpeg,0,benign
train,colon_n/colonn1761.jpeg,0,benign
train,colon_n/colonn1764.jpeg,0,benign
train,colon_n/colonn1766.jpeg,0,benign
train,colon_n/colonn1769.jpeg,0,benign
train,colon_n/colonn177.jpeg,0,benign
train,colon_n/colonn1770.jpeg,0,benign
train,colon_n/colonn1771.jpeg,0,benign
train,colon_n/colonn1772.jpeg,0,benign
train,colon_n/colonn1774.jpeg,0,benign
train,colon_n/colonn1775.jpeg,0,benign
train,colon_n/colonn1777.jpeg,0,benign
train,colon_n/colonn1778.jpeg,0,benign
train,colon_n/colonn1779.jpeg,0,benign
train,colon_n/colonn178.jpeg,0,benign
train,colon_n/colonn1780.jpeg,0,benign
train,colon_n/colonn1781.jpeg,0,benign
train,colon_n/colonn1783.jpeg,0,benign
train,colon_n/colonn1785.jpeg,0,benign
train,colon_n/colonn1786.jpeg,0,benign
train,colon_n/colonn1789.jpeg,0,benign
train,colon_n/colonn1790.jpeg,0,benign
train,colon_n/colonn1791.jpeg,0,benign
train,colon_n/colonn1792.jpeg,0,benign
train,colon_n/colonn1793.jpeg,0,benign
train,colon_n/colonn1794.jpeg,0,benign
train,colon_n/colonn1796.jpeg,0,benign
train,colon_n/colonn1797.jpeg,0,benign
train,colon_n/colonn1798.jpeg,0,benign
train,colon_n/colonn1799.jpeg,0,benign
train,colon_n/colonn18.jpeg,0,benign
train,colon_n/colonn180.jpeg,0,benign
train,colon_n/colonn1800.jpeg,0,benign
train,colon_n/colonn1802.jpeg,0,benign
train,colon_n/colonn1805.jpeg,0,benign
train,colon_n/colonn1806.jpeg,0,benign
train,colon_n/colonn1807.jpeg,0,benign
train,colon_n/colonn1809.jpeg,0,benign
train,colon_n/colonn1810.jpeg,0,benign
train,colon_n/colonn1811.jpeg,0,benign
train,colon_n/colonn1813.jpeg,0,benign
train,colon_n/colonn1814.jpeg,0,benign
train,colon_n/colonn1815.jpeg,0,benign
train,colon_n/colonn1816.jpeg,0,benign
train,colon_n/colonn1818.jpeg,0,benign
train,colon_n/colonn1819.jpeg,0,benign
train,colon_n/colonn182.jpeg,0,benign
train,colon_n/colonn1822.jpeg,0,benign
train,colon_n/colonn1823.jpeg,0,benign
train,colon_n/colonn1824.jpeg,0,benign
train,colon_n/colonn1828.jpeg,0,benign
train,colon_n/colonn183.jpeg,0,benign
train,colon_n/colonn1831.jpeg,0,benign
train,colon_n/colonn1832.jpeg,0,benign
train,colon_n/colonn1833.jpeg,0,benign
train,colon_n/colonn1835.jpeg,0,benign
train,colon_n/colonn1836.jpeg,0,benign
train,colon_n/colonn1837.jpeg,0,benign
train,colon_n/colonn1838.jpeg,0,benign
train,colon_n/colonn1840.jpeg,0,benign
train,colon_n/colonn1842.jpeg,0,benign
train,colon_n/colonn1844.jpeg,0,benign
train,colon_n/colonn1845.jpeg,0,benign
train,colon_n/colonn1846.jpeg,0,benign
train,colon_n/colonn1847.jpeg,0,benign
train,colon_n/colonn1849.jpeg,0,benign
train,colon_n/colonn185.jpeg,0,benign
train,colon_n/colonn1851.jpeg,0,benign
train,colon_n/colonn1852.jpeg,0,benign
train,colon_n/colonn1853.jpeg,0,benign
train,colon_n/colonn1856.jpeg,0,benign
train,colon_n/colonn1859.jpeg,0,benign
train,colon_n/colonn1861.jpeg,0,benign
train,colon_n/colonn1863.jpeg,0,benign
train,colon_n/colonn1864.jpeg,0,benign
train,colon_n/colonn1865.jpeg,0,benign
train,colon_n/colonn1867.jpeg,0,benign
train,colon_n/colonn1868.jpeg,0,benign
train,colon_n/colonn187.jpeg,0,benign
train,colon_n/colonn1870.jpeg,0,benign
train,colon_n/colonn1871.jpeg,0,benign
train,colon_n/colonn1872.jpeg,0,benign
train,colon_n/colonn1875.jpeg,0,benign
train,colon_n/colonn1878.jpeg,0,benign
train,colon_n/colonn1879.jpeg,0,benign
train,colon_n/colonn188.jpeg,0,benign
train,colon_n/colonn1880.jpeg,0,benign
train,colon_n/colonn1882.jpeg,0,benign
train,colon_n/colonn1883.jpeg,0,benign
train,colon_n/colonn1886.jpeg,0,benign
train,colon_n/colonn1887.jpeg,0,benign
train,colon_n/colonn1889.jpeg,0,benign
train,colon_n/colonn1890.jpeg,0,benign
train,colon_n/colonn1893.jpeg,0,benign
train,colon_n/colonn1894.jpeg,0,benign
train,colon_n/colonn1896.jpeg,0,benign
train,colon_n/colonn1897.jpeg,0,benign
train,colon_n/colonn1898.jpeg,0,benign
train,colon_n/colonn1899.jpeg,0,benign
train,colon_n/colonn19.jpeg,0,benign
train,colon_n/colonn190.jpeg,0,benign
train,colon_n/colonn1901.jpeg,0,benign
train,colon_n/colonn1902.jpeg,0,benign
train,colon_n/colonn1903.jpeg,0,benign
train,colon_n/colonn1904.jpeg,0,benign
train,colon_n/colonn1905.jpeg,0,benign
train,colon_n/colonn1906.jpeg,0,benign
train,colon_n/colonn1907.jpeg,0,benign
train,colon_n/colonn1908.jpeg,0,benign
train,colon_n/colonn1909.jpeg,0,benign
train,colon_n/colonn1910.jpeg,0,benign
train,colon_n/colonn1911.jpeg,0,benign
train,colon_n/colonn1914.jpeg,0,benign
train,colon_n/colonn1915.jpeg,0,benign
train,colon_n/colonn1916.jpeg,0,benign
train,colon_n/colonn1917.jpeg,0,benign
train,colon_n/colonn1919.jpeg,0,benign
train,colon_n/colonn192.jpeg,0,benign
train,colon_n/colonn1920.jpeg,0,benign
train,colon_n/colonn1921.jpeg,0,benign
train,colon_n/colonn1922.jpeg,0,benign
train,colon_n/colonn1923.jpeg,0,benign
train,colon_n/colonn1925.jpeg,0,benign
train,colon_n/colonn1926.jpeg,0,benign
train,colon_n/colonn1927.jpeg,0,benign
train,colon_n/colonn1928.jpeg,0,benign
train,colon_n/colonn1929.jpeg,0,benign
train,colon_n/colonn193.jpeg,0,benign
train,colon_n/colonn1930.jpeg,0,benign
train,colon_n/colonn1931.jpeg,0,benign
train,colon_n/colonn1932.jpeg,0,benign
train,colon_n/colonn1933.jpeg,0,benign
train,colon_n/colonn1936.jpeg,0,benign
train,colon_n/colonn1937.jpeg,0,benign
train,colon_n/colonn1939.jpeg,0,benign
train,colon_n/colonn1940.jpeg,0,benign
train,colon_n/colonn1941.jpeg,0,benign
train,colon_n/colonn1942.jpeg,0,benign
train,colon_n/colonn1943.jpeg,0,benign
train,colon_n/colonn1944.jpeg,0,benign
train,colon_n/colonn1945.jpeg,0,benign
train,colon_n/colonn1946.jpeg,0,benign
train,colon_n/colonn1947.jpeg,0,benign
train,colon_n/colonn1948.jpeg,0,benign
train,colon_n/colonn1949.jpeg,0,benign
train,colon_n/colonn195.jpeg,0,benign
train,colon_n/colonn1950.jpeg,0,benign
train,colon_n/colonn1951.jpeg,0,benign
train,colon_n/colonn1954.jpeg,0,benign
train,colon_n/colonn1957.jpeg,0,benign
train,colon_n/colonn196.jpeg,0,benign
train,colon_n/colonn1960.jpeg,0,benign
train,colon_n/colonn1962.jpeg,0,benign
train,colon_n/colonn1963.jpeg,0,benign
train,colon_n/colonn1964.jpeg,0,benign
train,colon_n/colonn1965.jpeg,0,benign
train,colon_n/colonn1966.jpeg,0,benign
train,colon_n/colonn1967.jpeg,0,benign
train,colon_n/colonn197.jpeg,0,benign
train,colon_n/colonn1970.jpeg,0,benign
train,colon_n/colonn1971.jpeg,0,benign
train,colon_n/colonn1974.jpeg,0,benign
train,colon_n/colonn1975.jpeg,0,benign
train,colon_n/colonn1978.jpeg,0,benign
train,colon_n/colonn1979.jpeg,0,benign
train,colon_n/colonn198.jpeg,0,benign
train,colon_n/colonn1980.jpeg,0,benign
train,colon_n/colonn1981.jpeg,0,benign
train,colon_n/colonn1982.jpeg,0,benign
train,colon_n/colonn1983.jpeg,0,benign
train,colon_n/colonn1984.jpeg,0,benign
train,colon_n/colonn1985.jpeg,0,benign
train,colon_n/colonn1986.jpeg,0,benign
train,colon_n/colonn1987.jpeg,0,benign
train,colon_n/colonn1988.jpeg,0,benign
train,colon_n/colonn1989.jpeg,0,benign
train,colon_n/colonn199.jpeg,0,benign
train,colon_n/colonn1990.jpeg,0,benign
train,colon_n/colonn1991.jpeg,0,benign
train,colon_n/colonn1992.jpeg,0,benign
train,colon_n/colonn1993.jpeg,0,benign
train,colon_n/colonn1994.jpeg,0,benign
train,colon_n/colonn1995.jpeg,0,benign
train,colon_n/colonn1997.jpeg,0,benign
train,colon_n/colonn1998.jpeg,0,benign
train,colon_n/colonn1999.jpeg,0,benign
train,colon_n/colonn200.jpeg,0,benign
train,colon_n/colonn2000.jpeg,0,benign
train,colon_n/colonn2001.jpeg,0,benign
train,colon_n/colonn2002.jpeg,0,benign
train,colon_n/colonn2003.jpeg,0,benign
train,colon_n/colonn2005.jpeg,0,benign
train,colon_n/colonn2009.jpeg,0,benign
train,colon_n/colonn201.jpeg,0,benign
train,colon_n/colonn2010.jpeg,0,benign
train,colon_n/colonn2011.jpeg,0,benign
train,colon_n/colonn2012.jpeg,0,benign
train,colon_n/colonn2013.jpeg,0,benign
train,colon_n/colonn2014.jpeg,0,benign
train,colon_n/colonn2015.jpeg,0,benign
train,colon_n/colonn2017.jpeg,0,benign
train,colon_n/colonn2018.jpeg,0,benign
train,colon_n/colonn2019.jpeg,0,benign
train,colon_n/colonn202.jpeg,0,benign
train,colon_n/colonn2022.jpeg,0,benign
train,colon_n/colonn2024.jpeg,0,benign
train,colon_n/colonn2026.jpeg,0,benign
train,colon_n/colonn2027.jpeg,0,benign
train,colon_n/colonn2028.jpeg,0,benign
train,colon_n/colonn203.jpeg,0,benign
train,colon_n/colonn2032.jpeg,0,benign
train,colon_n/colonn2034.jpeg,0,benign
train,colon_n/colonn2035.jpeg,0,benign
train,colon_n/colonn2036.jpeg,0,benign
train,colon_n/colonn204.jpeg,0,benign
train,colon_n/colonn2040.jpeg,0,benign
train,colon_n/colonn2041.jpeg,0,benign
train,colon_n/colonn2043.jpeg,0,benign
train,colon_n/colonn2044.jpeg,0,benign
train,colon_n/colonn2045.jpeg,0,benign
train,colon_n/colonn2046.jpeg,0,benign
train,colon_n/colonn205.jpeg,0,benign
train,colon_n/colonn2051.jpeg,0,benign
train,colon_n/colonn2052.jpeg,0,benign
train,colon_n/colonn2053.jpeg,0,benign
train,colon_n/colonn2054.jpeg,0,benign
train,colon_n/colonn2055.jpeg,0,benign
train,colon_n/colonn2056.jpeg,0,benign
train,colon_n/colonn2057.jpeg,0,benign
train,colon_n/colonn2058.jpeg,0,benign
train,colon_n/colonn2059.jpeg,0,benign
train,colon_n/colonn206.jpeg,0,benign
train,colon_n/colonn2060.jpeg,0,benign
train,colon_n/colonn2061.jpeg,0,benign
train,colon_n/colonn2063.jpeg,0,benign
train,colon_n/colonn2065.jpeg,0,benign
train,colon_n/colonn2066.jpeg,0,benign
train,colon_n/colonn2067.jpeg,0,benign
train,colon_n/colonn2068.jpeg,0,benign
train,colon_n/colonn2069.jpeg,0,benign
train,colon_n/colonn207.jpeg,0,benign
train,colon_n/colonn2071.jpeg,0,benign
train,colon_n/colonn2072.jpeg,0,benign
train,colon_n/colonn2074.jpeg,0,benign
train,colon_n/colonn2075.jpeg,0,benign
train,colon_n/colonn2076.jpeg,0,benign
train,colon_n/colonn2077.jpeg,0,benign
train,colon_n/colonn2079.jpeg,0,benign
train,colon_n/colonn2082.jpeg,0,benign
train,colon_n/colonn2084.jpeg,0,benign
train,colon_n/colonn2085.jpeg,0,benign
train,colon_n/colonn2086.jpeg,0,benign
train,colon_n/colonn2087.jpeg,0,benign
train,colon_n/colonn2088.jpeg,0,benign
train,colon_n/colonn2089.jpeg,0,benign
train,colon_n/colonn209.jpeg,0,benign
train,colon_n/colonn2090.jpeg,0,benign
train,colon_n/colonn2092.jpeg,0,benign
train,colon_n/colonn2093.jpeg,0,benign
train,colon_n/colonn2096.jpeg,0,benign
train,colon_n/colonn2097.jpeg,0,benign
train,colon_n/colonn2098.jpeg,0,benign
train,colon_n/colonn2099.jpeg,0,benign
train,colon_n/colonn210.jpeg,0,benign
train,colon_n/colonn2100.jpeg,0,benign
train,colon_n/colonn2101.jpeg,0,benign
train,colon_n/colonn2102.jpeg,0,benign
train,colon_n/colonn2103.jpeg,0,benign
train,colon_n/colonn2104.jpeg,0,benign
train,colon_n/colonn2105.jpeg,0,benign
train,colon_n/colonn2106.jpeg,0,benign
train,colon_n/colonn2107.jpeg,0,benign
train,colon_n/colonn2108.jpeg,0,benign
train,colon_n/colonn2109.jpeg,0,benign
train,colon_n/colonn211.jpeg,0,benign
train,colon_n/colonn2110.jpeg,0,benign
train,colon_n/colonn2111.jpeg,0,benign
train,colon_n/colonn2112.jpeg,0,benign
train,colon_n/colonn2113.jpeg,0,benign
train,colon_n/colonn2115.jpeg,0,benign
train,colon_n/colonn2116.jpeg,0,benign
train,colon_n/colonn2118.jpeg,0,benign
train,colon_n/colonn2119.jpeg,0,benign
train,colon_n/colonn212.jpeg,0,benign
train,colon_n/colonn2120.jpeg,0,benign
train,colon_n/colonn2122.jpeg,0,benign
train,colon_n/colonn2124.jpeg,0,benign
train,colon_n/colonn2126.jpeg,0,benign
train,colon_n/colonn2128.jpeg,0,benign
train,colon_n/colonn213.jpeg,0,benign
train,colon_n/colonn2130.jpeg,0,benign
train,colon_n/colonn2131.jpeg,0,benign
train,colon_n/colonn2132.jpeg,0,benign
train,colon_n/colonn2133.jpeg,0,benign
train,colon_n/colonn2135.jpeg,0,benign
train,colon_n/colonn2136.jpeg,0,benign
train,colon_n/colonn2137.jpeg,0,benign
train,colon_n/colonn2138.jpeg,0,benign
train,colon_n/colonn214.jpeg,0,benign
train,colon_n/colonn2140.jpeg,0,benign
train,colon_n/colonn2141.jpeg,0,benign
train,colon_n/colonn2142.jpeg,0,benign
train,colon_n/colonn2143.jpeg,0,benign
train,colon_n/colonn2144.jpeg,0,benign
train,colon_n/colonn2148.jpeg,0,benign
train,colon_n/colonn2149.jpeg,0,benign
train,colon_n/colonn2150.jpeg,0,benign
train,colon_n/colonn2151.jpeg,0,benign
train,colon_n/colonn2153.jpeg,0,benign
train,colon_n/colonn2154.jpeg,0,benign
train,colon_n/colonn2155.jpeg,0,benign
train,colon_n/colonn2156.jpeg,0,benign
train,colon_n/colonn2158.jpeg,0,benign
train,colon_n/colonn2159.jpeg,0,benign
train,colon_n/colonn2161.jpeg,0,benign
train,colon_n/colonn2162.jpeg,0,benign
train,colon_n/colonn2163.jpeg,0,benign
train,colon_n/colonn2164.jpeg,0,benign
train,colon_n/colonn2167.jpeg,0,benign
train,colon_n/colonn2168.jpeg,0,benign
train,colon_n/colonn2170.jpeg,0,benign
train,colon_n/colonn2173.jpeg,0,benign
train,colon_n/colonn2175.jpeg,0,benign
train,colon_n/colonn2177.jpeg,0,benign
train,colon_n/colonn2178.jpeg,0,benign
train,colon_n/colonn2180.jpeg,0,benign
train,colon_n/colonn2182.jpeg,0,benign
train,colon_n/colonn2183.jpeg,0,benign
train,colon_n/colonn2184.jpeg,0,benign
train,colon_n/colonn2187.jpeg,0,benign
train,colon_n/colonn2188.jpeg,0,benign
train,colon_n/colonn2189.jpeg,0,benign
train,colon_n/colonn219.jpeg,0,benign
train,colon_n/colonn2192.jpeg,0,benign
train,colon_n/colonn2193.jpeg,0,benign
train,colon_n/colonn2194.jpeg,0,benign
train,colon_n/colonn2196.jpeg,0,benign
train,colon_n/colonn22.jpeg,0,benign
train,colon_n/colonn220.jpeg,0,benign
train,colon_n/colonn2200.jpeg,0,benign
train,colon_n/colonn2201.jpeg,0,benign
train,colon_n/colonn2202.jpeg,0,benign
train,colon_n/colonn2203.jpeg,0,benign
train,colon_n/colonn2204.jpeg,0,benign
train,colon_n/colonn2207.jpeg,0,benign
train,colon_n/colonn2208.jpeg,0,benign
train,colon_n/colonn2209.jpeg,0,benign
train,colon_n/colonn221.jpeg,0,benign
train,colon_n/colonn2210.jpeg,0,benign
train,colon_n/colonn2212.jpeg,0,benign
train,colon_n/colonn2213.jpeg,0,benign
train,colon_n/colonn2214.jpeg,0,benign
train,colon_n/colonn2215.jpeg,0,benign
train,colon_n/colonn2217.jpeg,0,benign
train,colon_n/colonn2219.jpeg,0,benign
train,colon_n/colonn222.jpeg,0,benign
train,colon_n/colonn2221.jpeg,0,benign
train,colon_n/colonn2222.jpeg,0,benign
train,colon_n/colonn2223.jpeg,0,benign
train,colon_n/colonn2224.jpeg,0,benign
train,colon_n/colonn2226.jpeg,0,benign
train,colon_n/colonn2228.jpeg,0,benign
train,colon_n/colonn2229.jpeg,0,benign
train,colon_n/colonn223.jpeg,0,benign
train,colon_n/colonn2231.jpeg,0,benign
train,colon_n/colonn2232.jpeg,0,benign
train,colon_n/colonn2234.jpeg,0,benign
train,colon_n/colonn2235.jpeg,0,benign
train,colon_n/colonn2236.jpeg,0,benign
train,colon_n/colonn2237.jpeg,0,benign
train,colon_n/colonn2238.jpeg,0,benign
train,colon_n/colonn2239.jpeg,0,benign
train,colon_n/colonn2241.jpeg,0,benign
train,colon_n/colonn2242.jpeg,0,benign
train,colon_n/colonn2245.jpeg,0,benign
train,colon_n/colonn225.jpeg,0,benign
train,colon_n/colonn2250.jpeg,0,benign
train,colon_n/colonn2251.jpeg,0,benign
train,colon_n/colonn2252.jpeg,0,benign
train,colon_n/colonn2254.jpeg,0,benign
train,colon_n/colonn2256.jpeg,0,benign
train,colon_n/colonn2257.jpeg,0,benign
train,colon_n/colonn2258.jpeg,0,benign
train,colon_n/colonn2259.jpeg,0,benign
train,colon_n/colonn2260.jpeg,0,benign
train,colon_n/colonn2261.jpeg,0,benign
train,colon_n/colonn2262.jpeg,0,benign
train,colon_n/colonn2263.jpeg,0,benign
train,colon_n/colonn2264.jpeg,0,benign
train,colon_n/colonn2265.jpeg,0,benign
train,colon_n/colonn2266.jpeg,0,benign
train,colon_n/colonn2268.jpeg,0,benign
train,colon_n/colonn2269.jpeg,0,benign
train,colon_n/colonn227.jpeg,0,benign
train,colon_n/colonn2270.jpeg,0,benign
train,colon_n/colonn2271.jpeg,0,benign
train,colon_n/colonn2272.jpeg,0,benign
train,colon_n/colonn2273.jpeg,0,benign
train,colon_n/colonn2274.jpeg,0,benign
train,colon_n/colonn2276.jpeg,0,benign
train,colon_n/colonn2277.jpeg,0,benign
train,colon_n/colonn2278.jpeg,0,benign
train,colon_n/colonn2279.jpeg,0,benign
train,colon_n/colonn228.jpeg,0,benign
train,colon_n/colonn2280.jpeg,0,benign
train,colon_n/colonn2281.jpeg,0,benign
train,colon_n/colonn2282.jpeg,0,benign
train,colon_n/colonn2283.jpeg,0,benign
train,colon_n/colonn2284.jpeg,0,benign
train,colon_n/colonn2285.jpeg,0,benign
train,colon_n/colonn2286.jpeg,0,benign
train,colon_n/colonn2287.jpeg,0,benign
train,colon_n/colonn2288.jpeg,0,benign
train,colon_n/colonn2289.jpeg,0,benign
train,colon_n/colonn229.jpeg,0,benign
train,colon_n/colonn2290.jpeg,0,benign
train,colon_n/colonn2291.jpeg,0,benign
train,colon_n/colonn2292.jpeg,0,benign
train,colon_n/colonn2293.jpeg,0,benign
train,colon_n/colonn2294.jpeg,0,benign
train,colon_n/colonn2295.jpeg,0,benign
train,colon_n/colonn2296.jpeg,0,benign
train,colon_n/colonn2297.jpeg,0,benign
train,colon_n/colonn2298.jpeg,0,benign
train,colon_n/colonn2299.jpeg,0,benign
train,colon_n/colonn230.jpeg,0,benign
train,colon_n/colonn2300.jpeg,0,benign
train,colon_n/colonn2301.jpeg,0,benign
train,colon_n/colonn2303.jpeg,0,benign
train,colon_n/colonn2304.jpeg,0,benign
train,colon_n/colonn2305.jpeg,0,benign
train,colon_n/colonn2306.jpeg,0,benign
train,colon_n/colonn2307.jpeg,0,benign
train,colon_n/colonn2308.jpeg,0,benign
train,colon_n/colonn2309.jpeg,0,benign
train,colon_n/colonn231.jpeg,0,benign
train,colon_n/colonn2311.jpeg,0,benign
train,colon_n/colonn2313.jpeg,0,benign
train,colon_n/colonn2314.jpeg,0,benign
train,colon_n/colonn2316.jpeg,0,benign
train,colon_n/colonn2317.jpeg,0,benign
train,colon_n/colonn2319.jpeg,0,benign
train,colon_n/colonn232.jpeg,0,benign
train,colon_n/colonn2320.jpeg,0,benign
train,colon_n/colonn2322.jpeg,0,benign
train,colon_n/colonn2323.jpeg,0,benign
train,colon_n/colonn2324.jpeg,0,benign
train,colon_n/colonn2325.jpeg,0,benign
train,colon_n/colonn2326.jpeg,0,benign
train,colon_n/colonn2327.jpeg,0,benign
train,colon_n/colonn2328.jpeg,0,benign
train,colon_n/colonn233.jpeg,0,benign
train,colon_n/colonn2330.jpeg,0,benign
train,colon_n/colonn2332.jpeg,0,benign
train,colon_n/colonn2333.jpeg,0,benign
train,colon_n/colonn2335.jpeg,0,benign
train,colon_n/colonn2337.jpeg,0,benign
train,colon_n/colonn2338.jpeg,0,benign
train,colon_n/colonn2339.jpeg,0,benign
train,colon_n/colonn234.jpeg,0,benign
train,colon_n/colonn2340.jpeg,0,benign
train,colon_n/colonn2343.jpeg,0,benign
train,colon_n/colonn2345.jpeg,0,benign
train,colon_n/colonn2346.jpeg,0,benign
train,colon_n/colonn2347.jpeg,0,benign
train,colon_n/colonn2348.jpeg,0,benign
train,colon_n/colonn235.jpeg,0,benign
train,colon_n/colonn2350.jpeg,0,benign
train,colon_n/colonn2351.jpeg,0,benign
train,colon_n/colonn2352.jpeg,0,benign
train,colon_n/colonn2353.jpeg,0,benign
train,colon_n/colonn2354.jpeg,0,benign
train,colon_n/colonn2355.jpeg,0,benign
train,colon_n/colonn2357.jpeg,0,benign
train,colon_n/colonn2358.jpeg,0,benign
train,colon_n/colonn2359.jpeg,0,benign
train,colon_n/colonn236.jpeg,0,benign
train,colon_n/colonn2360.jpeg,0,benign
train,colon_n/colonn2361.jpeg,0,benign
train,colon_n/colonn2362.jpeg,0,benign
train,colon_n/colonn2364.jpeg,0,benign
train,colon_n/colonn2365.jpeg,0,benign
train,colon_n/colonn2366.jpeg,0,benign
train,colon_n/colonn2369.jpeg,0,benign
train,colon_n/colonn2371.jpeg,0,benign
train,colon_n/colonn2372.jpeg,0,benign
train,colon_n/colonn2376.jpeg,0,benign
train,colon_n/colonn2378.jpeg,0,benign
train,colon_n/colonn2379.jpeg,0,benign
train,colon_n/colonn238.jpeg,0,benign
train,colon_n/colonn2380.jpeg,0,benign
train,colon_n/colonn2381.jpeg,0,benign
train,colon_n/colonn2382.jpeg,0,benign
train,colon_n/colonn2383.jpeg,0,benign
train,colon_n/colonn2384.jpeg,0,benign
train,colon_n/colonn2386.jpeg,0,benign
train,colon_n/colonn2388.jpeg,0,benign
train,colon_n/colonn239.jpeg,0,benign
train,colon_n/colonn2390.jpeg,0,benign
train,colon_n/colonn2391.jpeg,0,benign
train,colon_n/colonn2392.jpeg,0,benign
train,colon_n/colonn2393.jpeg,0,benign
train,colon_n/colonn2394.jpeg,0,benign
train,colon_n/colonn2395.jpeg,0,benign
train,colon_n/colonn2396.jpeg,0,benign
train,colon_n/colonn2397.jpeg,0,benign
train,colon_n/colonn2398.jpeg,0,benign
train,colon_n/colonn24.jpeg,0,benign
train,colon_n/colonn240.jpeg,0,benign
train,colon_n/colonn2400.jpeg,0,benign
train,colon_n/colonn2401.jpeg,0,benign
train,colon_n/colonn2404.jpeg,0,benign
train,colon_n/colonn2405.jpeg,0,benign
train,colon_n/colonn2406.jpeg,0,benign
train,colon_n/colonn2407.jpeg,0,benign
train,colon_n/colonn2408.jpeg,0,benign
train,colon_n/colonn2409.jpeg,0,benign
train,colon_n/colonn2410.jpeg,0,benign
train,colon_n/colonn2413.jpeg,0,benign
train,colon_n/colonn2416.jpeg,0,benign
train,colon_n/colonn2417.jpeg,0,benign
train,colon_n/colonn2418.jpeg,0,benign
train,colon_n/colonn2419.jpeg,0,benign
train,colon_n/colonn242.jpeg,0,benign
train,colon_n/colonn2420.jpeg,0,benign
train,colon_n/colonn2422.jpeg,0,benign
train,colon_n/colonn2423.jpeg,0,benign
train,colon_n/colonn2424.jpeg,0,benign
train,colon_n/colonn2426.jpeg,0,benign
train,colon_n/colonn2427.jpeg,0,benign
train,colon_n/colonn2428.jpeg,0,benign
train,colon_n/colonn2429.jpeg,0,benign
train,colon_n/colonn243.jpeg,0,benign
train,colon_n/colonn2430.jpeg,0,benign
train,colon_n/colonn2431.jpeg,0,benign
train,colon_n/colonn2432.jpeg,0,benign
train,colon_n/colonn2434.jpeg,0,benign
train,colon_n/colonn2437.jpeg,0,benign
train,colon_n/colonn2439.jpeg,0,benign
train,colon_n/colonn244.jpeg,0,benign
train,colon_n/colonn2440.jpeg,0,benign
train,colon_n/colonn2444.jpeg,0,benign
train,colon_n/colonn2446.jpeg,0,benign
train,colon_n/colonn2447.jpeg,0,benign
train,colon_n/colonn2448.jpeg,0,benign
train,colon_n/colonn2449.jpeg,0,benign
train,colon_n/colonn245.jpeg,0,benign
train,colon_n/colonn2450.jpeg,0,benign
train,colon_n/colonn2451.jpeg,0,benign
train,colon_n/colonn2452.jpeg,0,benign
train,colon_n/colonn2453.jpeg,0,benign
train,colon_n/colonn2454.jpeg,0,benign
train,colon_n/colonn2455.jpeg,0,benign
train,colon_n/colonn2457.jpeg,0,benign
train,colon_n/colonn2458.jpeg,0,benign
train,colon_n/colonn246.jpeg,0,benign
train,colon_n/colonn2460.jpeg,0,benign
train,colon_n/colonn2462.jpeg,0,benign
train,colon_n/colonn2463.jpeg,0,benign
train,colon_n/colonn2464.jpeg,0,benign
train,colon_n/colonn2465.jpeg,0,benign
train,colon_n/colonn2466.jpeg,0,benign
train,colon_n/colonn2468.jpeg,0,benign
train,colon_n/colonn247.jpeg,0,benign
train,colon_n/colonn2472.jpeg,0,benign
train,colon_n/colonn2473.jpeg,0,benign
train,colon_n/colonn2476.jpeg,0,benign
train,colon_n/colonn2477.jpeg,0,benign
train,colon_n/colonn2478.jpeg,0,benign
train,colon_n/colonn2479.jpeg,0,benign
train,colon_n/colonn2481.jpeg,0,benign
train,colon_n/colonn2483.jpeg,0,benign
train,colon_n/colonn2484.jpeg,0,benign
train,colon_n/colonn2485.jpeg,0,benign
train,colon_n/colonn2486.jpeg,0,benign
train,colon_n/colonn2487.jpeg,0,benign
train,colon_n/colonn2488.jpeg,0,benign
train,colon_n/colonn2489.jpeg,0,benign
train,colon_n/colonn249.jpeg,0,benign
train,colon_n/colonn2490.jpeg,0,benign
train,colon_n/colonn2491.jpeg,0,benign
train,colon_n/colonn2492.jpeg,0,benign
train,colon_n/colonn2493.jpeg,0,benign
train,colon_n/colonn2494.jpeg,0,benign
train,colon_n/colonn2495.jpeg,0,benign
train,colon_n/colonn2498.jpeg,0,benign
train,colon_n/colonn2499.jpeg,0,benign
train,colon_n/colonn25.jpeg,0,benign
train,colon_n/colonn2500.jpeg,0,benign
train,colon_n/colonn2501.jpeg,0,benign
train,colon_n/colonn2502.jpeg,0,benign
train,colon_n/colonn2503.jpeg,0,benign
train,colon_n/colonn2505.jpeg,0,benign
train,colon_n/colonn2506.jpeg,0,benign
train,colon_n/colonn2507.jpeg,0,benign
train,colon_n/colonn2508.jpeg,0,benign
train,colon_n/colonn2511.jpeg,0,benign
train,colon_n/colonn2513.jpeg,0,benign
train,colon_n/colonn2514.jpeg,0,benign
train,colon_n/colonn2518.jpeg,0,benign
train,colon_n/colonn2519.jpeg,0,benign
train,colon_n/colonn252.jpeg,0,benign
train,colon_n/colonn2520.jpeg,0,benign
train,colon_n/colonn2521.jpeg,0,benign
train,colon_n/colonn2523.jpeg,0,benign
train,colon_n/colonn2524.jpeg,0,benign
train,colon_n/colonn2526.jpeg,0,benign
train,colon_n/colonn2527.jpeg,0,benign
train,colon_n/colonn2528.jpeg,0,benign
train,colon_n/colonn2530.jpeg,0,benign
train,colon_n/colonn2531.jpeg,0,benign
train,colon_n/colonn2532.jpeg,0,benign
train,colon_n/colonn2533.jpeg,0,benign
train,colon_n/colonn2534.jpeg,0,benign
train,colon_n/colonn2537.jpeg,0,benign
train,colon_n/colonn2538.jpeg,0,benign
train,colon_n/colonn254.jpeg,0,benign
train,colon_n/colonn2540.jpeg,0,benign
train,colon_n/colonn2541.jpeg,0,benign
train,colon_n/colonn2543.jpeg,0,benign
train,colon_n/colonn2544.jpeg,0,benign
train,colon_n/colonn2545.jpeg,0,benign
train,colon_n/colonn2547.jpeg,0,benign
train,colon_n/colonn2548.jpeg,0,benign
train,colon_n/colonn255.jpeg,0,benign
train,colon_n/colonn2551.jpeg,0,benign
train,colon_n/colonn2552.jpeg,0,benign
train,colon_n/colonn2553.jpeg,0,benign
train,colon_n/colonn2554.jpeg,0,benign
train,colon_n/colonn2555.jpeg,0,benign
train,colon_n/colonn2556.jpeg,0,benign
train,colon_n/colonn2557.jpeg,0,benign
train,colon_n/colonn2558.jpeg,0,benign
train,colon_n/colonn2560.jpeg,0,benign
train,colon_n/colonn2561.jpeg,0,benign
train,colon_n/colonn2562.jpeg,0,benign
train,colon_n/colonn2563.jpeg,0,benign
train,colon_n/colonn2564.jpeg,0,benign
train,colon_n/colonn2565.jpeg,0,benign
train,colon_n/colonn2566.jpeg,0,benign
train,colon_n/colonn2567.jpeg,0,benign
train,colon_n/colonn2568.jpeg,0,benign
train,colon_n/colonn2569.jpeg,0,benign
train,colon_n/colonn257.jpeg,0,benign
train,colon_n/colonn2570.jpeg,0,benign
train,colon_n/colonn2571.jpeg,0,benign
train,colon_n/colonn2572.jpeg,0,benign
train,colon_n/colonn2573.jpeg,0,benign
train,colon_n/colonn2575.jpeg,0,benign
train,colon_n/colonn2576.jpeg,0,benign
train,colon_n/colonn2578.jpeg,0,benign
train,colon_n/colonn2579.jpeg,0,benign
train,colon_n/colonn258.jpeg,0,benign
train,colon_n/colonn2581.jpeg,0,benign
train,colon_n/colonn2583.jpeg,0,benign
train,colon_n/colonn2586.jpeg,0,benign
train,colon_n/colonn2587.jpeg,0,benign
train,colon_n/colonn2588.jpeg,0,benign
train,colon_n/colonn2589.jpeg,0,benign
train,colon_n/colonn259.jpeg,0,benign
train,colon_n/colonn2590.jpeg,0,benign
train,colon_n/colonn2591.jpeg,0,benign
train,colon_n/colonn2592.jpeg,0,benign
train,colon_n/colonn2595.jpeg,0,benign
train,colon_n/colonn2596.jpeg,0,benign
train,colon_n/colonn2597.jpeg,0,benign
train,colon_n/colonn2599.jpeg,0,benign
train,colon_n/colonn26.jpeg,0,benign
train,colon_n/colonn260.jpeg,0,benign
train,colon_n/colonn2600.jpeg,0,benign
train,colon_n/colonn2602.jpeg,0,benign
train,colon_n/colonn2603.jpeg,0,benign
train,colon_n/colonn2604.jpeg,0,benign
train,colon_n/colonn2606.jpeg,0,benign
train,colon_n/colonn2607.jpeg,0,benign
train,colon_n/colonn2608.jpeg,0,benign
train,colon_n/colonn2609.jpeg,0,benign
train,colon_n/colonn2610.jpeg,0,benign
train,colon_n/colonn2612.jpeg,0,benign
train,colon_n/colonn2614.jpeg,0,benign
train,colon_n/colonn2616.jpeg,0,benign
train,colon_n/colonn2617.jpeg,0,benign
train,colon_n/colonn2619.jpeg,0,benign
train,colon_n/colonn262.jpeg,0,benign
train,colon_n/colonn2621.jpeg,0,benign
train,colon_n/colonn2623.jpeg,0,benign
train,colon_n/colonn2625.jpeg,0,benign
train,colon_n/colonn2626.jpeg,0,benign
train,colon_n/colonn2627.jpeg,0,benign
train,colon_n/colonn2629.jpeg,0,benign
train,colon_n/colonn263.jpeg,0,benign
train,colon_n/colonn2630.jpeg,0,benign
train,colon_n/colonn2631.jpeg,0,benign
train,colon_n/colonn2632.jpeg,0,benign
train,colon_n/colonn2635.jpeg,0,benign
train,colon_n/colonn2637.jpeg,0,benign
train,colon_n/colonn2638.jpeg,0,benign
train,colon_n/colonn2639.jpeg,0,benign
train,colon_n/colonn2641.jpeg,0,benign
train,colon_n/colonn2642.jpeg,0,benign
train,colon_n/colonn2645.jpeg,0,benign
train,colon_n/colonn2646.jpeg,0,benign
train,colon_n/colonn2647.jpeg,0,benign
train,colon_n/colonn2648.jpeg,0,benign
train,colon_n/colonn2649.jpeg,0,benign
train,colon_n/colonn2650.jpeg,0,benign
train,colon_n/colonn2651.jpeg,0,benign
train,colon_n/colonn2652.jpeg,0,benign
train,colon_n/colonn2654.jpeg,0,benign
train,colon_n/colonn2655.jpeg,0,benign
train,colon_n/colonn2657.jpeg,0,benign
train,colon_n/colonn2659.jpeg,0,benign
train,colon_n/colonn2660.jpeg,0,benign
train,colon_n/colonn2661.jpeg,0,benign
train,colon_n/colonn2663.jpeg,0,benign
train,colon_n/colonn2664.jpeg,0,benign
train,colon_n/colonn2665.jpeg,0,benign
train,colon_n/colonn2669.jpeg,0,benign
train,colon_n/colonn2672.jpeg,0,benign
train,colon_n/colonn2673.jpeg,0,benign
train,colon_n/colonn2674.jpeg,0,benign
train,colon_n/colonn2675.jpeg,0,benign
train,colon_n/colonn2677.jpeg,0,benign
train,colon_n/colonn2679.jpeg,0,benign
train,colon_n/colonn268.jpeg,0,benign
train,colon_n/colonn2681.jpeg,0,benign
train,colon_n/colonn2682.jpeg,0,benign
train,colon_n/colonn2683.jpeg,0,benign
train,colon_n/colonn2684.jpeg,0,benign
train,colon_n/colonn2685.jpeg,0,benign
train,colon_n/colonn2686.jpeg,0,benign
train,colon_n/colonn2687.jpeg,0,benign
train,colon_n/colonn2688.jpeg,0,benign
train,colon_n/colonn2689.jpeg,0,benign
train,colon_n/colonn269.jpeg,0,benign
train,colon_n/colonn2691.jpeg,0,benign
train,colon_n/colonn2692.jpeg,0,benign
train,colon_n/colonn2693.jpeg,0,benign
train,colon_n/colonn2694.jpeg,0,benign
train,colon_n/colonn2695.jpeg,0,benign
train,colon_n/colonn2696.jpeg,0,benign
train,colon_n/colonn2697.jpeg,0,benign
train,colon_n/colonn2699.jpeg,0,benign
train,colon_n/colonn27.jpeg,0,benign
train,colon_n/colonn2700.jpeg,0,benign
train,colon_n/colonn2701.jpeg,0,benign
train,colon_n/colonn2702.jpeg,0,benign
train,colon_n/colonn2703.jpeg,0,benign
train,colon_n/colonn2705.jpeg,0,benign
train,colon_n/colonn2706.jpeg,0,benign
train,colon_n/colonn2707.jpeg,0,benign
train,colon_n/colonn2709.jpeg,0,benign
train,colon_n/colonn2710.jpeg,0,benign
train,colon_n/colonn2711.jpeg,0,benign
train,colon_n/colonn2712.jpeg,0,benign
train,colon_n/colonn2713.jpeg,0,benign
train,colon_n/colonn2715.jpeg,0,benign
train,colon_n/colonn2717.jpeg,0,benign
train,colon_n/colonn2718.jpeg,0,benign
train,colon_n/colonn272.jpeg,0,benign
train,colon_n/colonn2722.jpeg,0,benign
train,colon_n/colonn2723.jpeg,0,benign
train,colon_n/colonn2725.jpeg,0,benign
train,colon_n/colonn2726.jpeg,0,benign
train,colon_n/colonn2728.jpeg,0,benign
train,colon_n/colonn2729.jpeg,0,benign
train,colon_n/colonn273.jpeg,0,benign
train,colon_n/colonn2730.jpeg,0,benign
train,colon_n/colonn2731.jpeg,0,benign
train,colon_n/colonn2732.jpeg,0,benign
train,colon_n/colonn2733.jpeg,0,benign
train,colon_n/colonn2734.jpeg,0,benign
train,colon_n/colonn2735.jpeg,0,benign
train,colon_n/colonn2738.jpeg,0,benign
train,colon_n/colonn274.jpeg,0,benign
train,colon_n/colonn2740.jpeg,0,benign
train,colon_n/colonn2741.jpeg,0,benign
train,colon_n/colonn2742.jpeg,0,benign
train,colon_n/colonn2743.jpeg,0,benign
train,colon_n/colonn2745.jpeg,0,benign
train,colon_n/colonn2746.jpeg,0,benign
train,colon_n/colonn2747.jpeg,0,benign
train,colon_n/colonn2748.jpeg,0,benign
train,colon_n/colonn275.jpeg,0,benign
train,colon_n/colonn2750.jpeg,0,benign
train,colon_n/colonn2751.jpeg,0,benign
train,colon_n/colonn2752.jpeg,0,benign
train,colon_n/colonn2753.jpeg,0,benign
train,colon_n/colonn2754.jpeg,0,benign
train,colon_n/colonn2755.jpeg,0,benign
train,colon_n/colonn2756.jpeg,0,benign
train,colon_n/colonn2757.jpeg,0,benign
train,colon_n/colonn2758.jpeg,0,benign
train,colon_n/colonn276.jpeg,0,benign
train,colon_n/colonn2760.jpeg,0,benign
train,colon_n/colonn2763.jpeg,0,benign
train,colon_n/colonn2764.jpeg,0,benign
train,colon_n/colonn2765.jpeg,0,benign
train,colon_n/colonn2766.jpeg,0,benign
train,colon_n/colonn2767.jpeg,0,benign
train,colon_n/colonn2768.jpeg,0,benign
train,colon_n/colonn2769.jpeg,0,benign
train,colon_n/colonn277.jpeg,0,benign
train,colon_n/colonn2773.jpeg,0,benign
train,colon_n/colonn2774.jpeg,0,benign
train,colon_n/colonn2775.jpeg,0,benign
train,colon_n/colonn2776.jpeg,0,benign
train,colon_n/colonn2779.jpeg,0,benign
train,colon_n/colonn278.jpeg,0,benign
train,colon_n/colonn2780.jpeg,0,benign
train,colon_n/colonn2781.jpeg,0,benign
train,colon_n/colonn2784.jpeg,0,benign
train,colon_n/colonn2786.jpeg,0,benign
train,colon_n/colonn2788.jpeg,0,benign
train,colon_n/colonn2789.jpeg,0,benign
train,colon_n/colonn279.jpeg,0,benign
train,colon_n/colonn2791.jpeg,0,benign
train,colon_n/colonn2792.jpeg,0,benign
train,colon_n/colonn2793.jpeg,0,benign
train,colon_n/colonn2795.jpeg,0,benign
train,colon_n/colonn2799.jpeg,0,benign
train,colon_n/colonn2800.jpeg,0,benign
train,colon_n/colonn2801.jpeg,0,benign
train,colon_n/colonn2802.jpeg,0,benign
train,colon_n/colonn2803.jpeg,0,benign
train,colon_n/colonn2806.jpeg,0,benign
train,colon_n/colonn2807.jpeg,0,benign
train,colon_n/colonn2808.jpeg,0,benign
train,colon_n/colonn2809.jpeg,0,benign
train,colon_n/colonn281.jpeg,0,benign
train,colon_n/colonn2810.jpeg,0,benign
train,colon_n/colonn2811.jpeg,0,benign
train,colon_n/colonn2812.jpeg,0,benign
train,colon_n/colonn2813.jpeg,0,benign
train,colon_n/colonn2815.jpeg,0,benign
train,colon_n/colonn2816.jpeg,0,benign
train,colon_n/colonn2817.jpeg,0,benign
train,colon_n/colonn2818.jpeg,0,benign
train,colon_n/colonn2819.jpeg,0,benign
train,colon_n/colonn282.jpeg,0,benign
train,colon_n/colonn2820.jpeg,0,benign
train,colon_n/colonn2821.jpeg,0,benign
train,colon_n/colonn2824.jpeg,0,benign
train,colon_n/colonn2825.jpeg,0,benign
train,colon_n/colonn2827.jpeg,0,benign
train,colon_n/colonn283.jpeg,0,benign
train,colon_n/colonn2831.jpeg,0,benign
train,colon_n/colonn2832.jpeg,0,benign
train,colon_n/colonn2837.jpeg,0,benign
train,colon_n/colonn2838.jpeg,0,benign
train,colon_n/colonn2839.jpeg,0,benign
train,colon_n/colonn284.jpeg,0,benign
train,colon_n/colonn2840.jpeg,0,benign
train,colon_n/colonn2846.jpeg,0,benign
train,colon_n/colonn2847.jpeg,0,benign
train,colon_n/colonn2850.jpeg,0,benign
train,colon_n/colonn2852.jpeg,0,benign
train,colon_n/colonn2856.jpeg,0,benign
train,colon_n/colonn2857.jpeg,0,benign
train,colon_n/colonn2859.jpeg,0,benign
train,colon_n/colonn286.jpeg,0,benign
train,colon_n/colonn2860.jpeg,0,benign
train,colon_n/colonn2861.jpeg,0,benign
train,colon_n/colonn2863.jpeg,0,benign
train,colon_n/colonn2864.jpeg,0,benign
train,colon_n/colonn2865.jpeg,0,benign
train,colon_n/colonn2869.jpeg,0,benign
train,colon_n/colonn287.jpeg,0,benign
train,colon_n/colonn2871.jpeg,0,benign
train,colon_n/colonn2874.jpeg,0,benign
train,colon_n/colonn2875.jpeg,0,benign
train,colon_n/colonn2876.jpeg,0,benign
train,colon_n/colonn2877.jpeg,0,benign
train,colon_n/colonn2878.jpeg,0,benign
train,colon_n/colonn2879.jpeg,0,benign
train,colon_n/colonn2880.jpeg,0,benign
train,colon_n/colonn2881.jpeg,0,benign
train,colon_n/colonn2882.jpeg,0,benign
train,colon_n/colonn2883.jpeg,0,benign
train,colon_n/colonn2884.jpeg,0,benign
train,colon_n/colonn2885.jpeg,0,benign
train,colon_n/colonn2886.jpeg,0,benign
train,colon_n/colonn2887.jpeg,0,benign
train,colon_n/colonn2888.jpeg,0,benign
train,colon_n/colonn2889.jpeg,0,benign
train,colon_n/colonn289.jpeg,0,benign
train,colon_n/colonn2890.jpeg,0,benign
train,colon_n/colonn2891.jpeg,0,benign
train,colon_n/colonn2892.jpeg,0,benign
train,colon_n/colonn2893.jpeg,0,benign
train,colon_n/colonn2896.jpeg,0,benign
train,colon_n/colonn2899.jpeg,0,benign
train,colon_n/colonn29.jpeg,0,benign
train,colon_n/colonn290.jpeg,0,benign
train,colon_n/colonn2900.jpeg,0,benign
train,colon_n/colonn2901.jpeg,0,benign
train,colon_n/colonn2902.jpeg,0,benign
train,colon_n/colonn2904.jpeg,0,benign
train,colon_n/colonn2905.jpeg,0,benign
train,colon_n/colonn2906.jpeg,0,benign
train,colon_n/colonn2908.jpeg,0,benign
train,colon_n/colonn291.jpeg,0,benign
train,colon_n/colonn2910.jpeg,0,benign
train,colon_n/colonn2912.jpeg,0,benign
train,colon_n/colonn2913.jpeg,0,benign
train,colon_n/colonn2915.jpeg,0,benign
train,colon_n/colonn2916.jpeg,0,benign
train,colon_n/colonn2917.jpeg,0,benign
train,colon_n/colonn2918.jpeg,0,benign
train,colon_n/colonn2919.jpeg,0,benign
train,colon_n/colonn2920.jpeg,0,benign
train,colon_n/colonn2922.jpeg,0,benign
train,colon_n/colonn2923.jpeg,0,benign
train,colon_n/colonn2924.jpeg,0,benign
train,colon_n/colonn2925.jpeg,0,benign
train,colon_n/colonn2927.jpeg,0,benign
train,colon_n/colonn2929.jpeg,0,benign
train,colon_n/colonn293.jpeg,0,benign
train,colon_n/colonn2930.jpeg,0,benign
train,colon_n/colonn2931.jpeg,0,benign
train,colon_n/colonn2932.jpeg,0,benign
train,colon_n/colonn2933.jpeg,0,benign
train,colon_n/colonn2937.jpeg,0,benign
train,colon_n/colonn2938.jpeg,0,benign
train,colon_n/colonn2939.jpeg,0,benign
train,colon_n/colonn2940.jpeg,0,benign
train,colon_n/colonn2942.jpeg,0,benign
train,colon_n/colonn2946.jpeg,0,benign
train,colon_n/colonn2947.jpeg,0,benign
train,colon_n/colonn2949.jpeg,0,benign
train,colon_n/colonn295.jpeg,0,benign
train,colon_n/colonn2950.jpeg,0,benign
train,colon_n/colonn2951.jpeg,0,benign
train,colon_n/colonn2952.jpeg,0,benign
train,colon_n/colonn2953.jpeg,0,benign
train,colon_n/colonn2954.jpeg,0,benign
train,colon_n/colonn2955.jpeg,0,benign
train,colon_n/colonn2956.jpeg,0,benign
train,colon_n/colonn2958.jpeg,0,benign
train,colon_n/colonn2959.jpeg,0,benign
train,colon_n/colonn296.jpeg,0,benign
train,colon_n/colonn2960.jpeg,0,benign
train,colon_n/colonn2962.jpeg,0,benign
train,colon_n/colonn2963.jpeg,0,benign
train,colon_n/colonn2964.jpeg,0,benign
train,colon_n/colonn2965.jpeg,0,benign
train,colon_n/colonn2966.jpeg,0,benign
train,colon_n/colonn2967.jpeg,0,benign
train,colon_n/colonn2968.jpeg,0,benign
train,colon_n/colonn297.jpeg,0,benign
train,colon_n/colonn2971.jpeg,0,benign
train,colon_n/colonn2974.jpeg,0,benign
train,colon_n/colonn2975.jpeg,0,benign
train,colon_n/colonn2976.jpeg,0,benign
train,colon_n/colonn2977.jpeg,0,benign
train,colon_n/colonn2979.jpeg,0,benign
train,colon_n/colonn2980.jpeg,0,benign
train,colon_n/colonn2981.jpeg,0,benign
train,colon_n/colonn2985.jpeg,0,benign
train,colon_n/colonn2986.jpeg,0,benign
train,colon_n/colonn2987.jpeg,0,benign
train,colon_n/colonn2989.jpeg,0,benign
train,colon_n/colonn299.jpeg,0,benign
train,colon_n/colonn2990.jpeg,0,benign
train,colon_n/colonn2991.jpeg,0,benign
train,colon_n/colonn2993.jpeg,0,benign
train,colon_n/colonn2994.jpeg,0,benign
train,colon_n/colonn2995.jpeg,0,benign
train,colon_n/colonn2996.jpeg,0,benign
train,colon_n/colonn2998.jpeg,0,benign
train,colon_n/colonn2999.jpeg,0,benign
train,colon_n/colonn3.jpeg,0,benign
train,colon_n/colonn30.jpeg,0,benign
train,colon_n/colonn3000.jpeg,0,benign
train,colon_n/colonn3001.jpeg,0,benign
train,colon_n/colonn3002.jpeg,0,benign
train,colon_n/colonn3003.jpeg,0,benign
train,colon_n/colonn3004.jpeg,0,benign
train,colon_n/colonn3005.jpeg,0,benign
train,colon_n/colonn3006.jpeg,0,benign
train,colon_n/colonn3007.jpeg,0,benign
train,colon_n/colonn3008.jpeg,0,benign
train,colon_n/colonn3010.jpeg,0,benign
train,colon_n/colonn3012.jpeg,0,benign
train,colon_n/colonn3013.jpeg,0,benign
train,colon_n/colonn3014.jpeg,0,benign
train,colon_n/colonn3015.jpeg,0,benign
train,colon_n/colonn3016.jpeg,0,benign
train,colon_n/colonn3018.jpeg,0,benign
train,colon_n/colonn3019.jpeg,0,benign
train,colon_n/colonn302.jpeg,0,benign
train,colon_n/colonn3020.jpeg,0,benign
train,colon_n/colonn3022.jpeg,0,benign
train,colon_n/colonn3023.jpeg,0,benign
train,colon_n/colonn3024.jpeg,0,benign
train,colon_n/colonn3025.jpeg,0,benign
train,colon_n/colonn3026.jpeg,0,benign
train,colon_n/colonn3027.jpeg,0,benign
train,colon_n/colonn3029.jpeg,0,benign
train,colon_n/colonn303.jpeg,0,benign
train,colon_n/colonn3030.jpeg,0,benign
train,colon_n/colonn3031.jpeg,0,benign
train,colon_n/colonn3032.jpeg,0,benign
train,colon_n/colonn3036.jpeg,0,benign
train,colon_n/colonn3038.jpeg,0,benign
train,colon_n/colonn3039.jpeg,0,benign
train,colon_n/colonn304.jpeg,0,benign
train,colon_n/colonn3040.jpeg,0,benign
train,colon_n/colonn3041.jpeg,0,benign
train,colon_n/colonn3043.jpeg,0,benign
train,colon_n/colonn3045.jpeg,0,benign
train,colon_n/colonn3046.jpeg,0,benign
train,colon_n/colonn3047.jpeg,0,benign
train,colon_n/colonn3048.jpeg,0,benign
train,colon_n/colonn305.jpeg,0,benign
train,colon_n/colonn3050.jpeg,0,benign
train,colon_n/colonn3051.jpeg,0,benign
train,colon_n/colonn3052.jpeg,0,benign
train,colon_n/colonn3053.jpeg,0,benign
train,colon_n/colonn3054.jpeg,0,benign
train,colon_n/colonn3055.jpeg,0,benign
train,colon_n/colonn3057.jpeg,0,benign
train,colon_n/colonn3058.jpeg,0,benign
train,colon_n/colonn3059.jpeg,0,benign
train,colon_n/colonn306.jpeg,0,benign
train,colon_n/colonn3061.jpeg,0,benign
train,colon_n/colonn3062.jpeg,0,benign
train,colon_n/colonn3064.jpeg,0,benign
train,colon_n/colonn3066.jpeg,0,benign
train,colon_n/colonn3067.jpeg,0,benign
train,colon_n/colonn3068.jpeg,0,benign
train,colon_n/colonn307.jpeg,0,benign
train,colon_n/colonn3070.jpeg,0,benign
train,colon_n/colonn3071.jpeg,0,benign
train,colon_n/colonn3072.jpeg,0,benign
train,colon_n/colonn3073.jpeg,0,benign
train,colon_n/colonn3075.jpeg,0,benign
train,colon_n/colonn3077.jpeg,0,benign
train,colon_n/colonn3078.jpeg,0,benign
train,colon_n/colonn3079.jpeg,0,benign
train,colon_n/colonn308.jpeg,0,benign
train,colon_n/colonn3080.jpeg,0,benign
train,colon_n/colonn3081.jpeg,0,benign
train,colon_n/colonn3083.jpeg,0,benign
train,colon_n/colonn3084.jpeg,0,benign
train,colon_n/colonn3085.jpeg,0,benign
train,colon_n/colonn3086.jpeg,0,benign
train,colon_n/colonn3087.jpeg,0,benign
train,colon_n/colonn3088.jpeg,0,benign
train,colon_n/colonn309.jpeg,0,benign
train,colon_n/colonn3091.jpeg,0,benign
train,colon_n/colonn3094.jpeg,0,benign
train,colon_n/colonn3095.jpeg,0,benign
train,colon_n/colonn3096.jpeg,0,benign
train,colon_n/colonn3097.jpeg,0,benign
train,colon_n/colonn3099.jpeg,0,benign
train,colon_n/colonn31.jpeg,0,benign
train,colon_n/colonn310.jpeg,0,benign
train,colon_n/colonn3101.jpeg,0,benign
train,colon_n/colonn3102.jpeg,0,benign
train,colon_n/colonn3103.jpeg,0,benign
train,colon_n/colonn3104.jpeg,0,benign
train,colon_n/colonn3105.jpeg,0,benign
train,colon_n/colonn3106.jpeg,0,benign
train,colon_n/colonn3108.jpeg,0,benign
train,colon_n/colonn3109.jpeg,0,benign
train,colon_n/colonn311.jpeg,0,benign
train,colon_n/colonn3110.jpeg,0,benign
train,colon_n/colonn3111.jpeg,0,benign
train,colon_n/colonn3113.jpeg,0,benign
train,colon_n/colonn3114.jpeg,0,benign
train,colon_n/colonn3115.jpeg,0,benign
train,colon_n/colonn3116.jpeg,0,benign
train,colon_n/colonn3117.jpeg,0,benign
train,colon_n/colonn3118.jpeg,0,benign
train,colon_n/colonn3119.jpeg,0,benign
train,colon_n/colonn312.jpeg,0,benign
train,colon_n/colonn3120.jpeg,0,benign
train,colon_n/colonn3121.jpeg,0,benign
train,colon_n/colonn3123.jpeg,0,benign
train,colon_n/colonn3126.jpeg,0,benign
train,colon_n/colonn3127.jpeg,0,benign
train,colon_n/colonn3128.jpeg,0,benign
train,colon_n/colonn3129.jpeg,0,benign
train,colon_n/colonn3130.jpeg,0,benign
train,colon_n/colonn3131.jpeg,0,benign
train,colon_n/colonn3133.jpeg,0,benign
train,colon_n/colonn3134.jpeg,0,benign
train,colon_n/colonn3135.jpeg,0,benign
train,colon_n/colonn3138.jpeg,0,benign
train,colon_n/colonn3139.jpeg,0,benign
train,colon_n/colonn314.jpeg,0,benign
train,colon_n/colonn3140.jpeg,0,benign
train,colon_n/colonn3141.jpeg,0,benign
train,colon_n/colonn3142.jpeg,0,benign
train,colon_n/colonn3143.jpeg,0,benign
train,colon_n/colonn3144.jpeg,0,benign
train,colon_n/colonn3147.jpeg,0,benign
train,colon_n/colonn3148.jpeg,0,benign
train,colon_n/colonn3149.jpeg,0,benign
train,colon_n/colonn315.jpeg,0,benign
train,colon_n/colonn3151.jpeg,0,benign
train,colon_n/colonn3154.jpeg,0,benign
train,colon_n/colonn3157.jpeg,0,benign
train,colon_n/colonn3158.jpeg,0,benign
train,colon_n/colonn3159.jpeg,0,benign
train,colon_n/colonn316.jpeg,0,benign
train,colon_n/colonn3160.jpeg,0,benign
train,colon_n/colonn3161.jpeg,0,benign
train,colon_n/colonn3162.jpeg,0,benign
train,colon_n/colonn3163.jpeg,0,benign
train,colon_n/colonn3164.jpeg,0,benign
train,colon_n/colonn3165.jpeg,0,benign
train,colon_n/colonn3166.jpeg,0,benign
train,colon_n/colonn3167.jpeg,0,benign
train,colon_n/colonn3168.jpeg,0,benign
train,colon_n/colonn3169.jpeg,0,benign
train,colon_n/colonn317.jpeg,0,benign
train,colon_n/colonn3170.jpeg,0,benign
train,colon_n/colonn3171.jpeg,0,benign
train,colon_n/colonn3172.jpeg,0,benign
train,colon_n/colonn3173.jpeg,0,benign
train,colon_n/colonn3174.jpeg,0,benign
train,colon_n/colonn3175.jpeg,0,benign
train,colon_n/colonn3177.jpeg,0,benign
train,colon_n/colonn3179.jpeg,0,benign
train,colon_n/colonn318.jpeg,0,benign
train,colon_n/colonn3181.jpeg,0,benign
train,colon_n/colonn3182.jpeg,0,benign
train,colon_n/colonn3184.jpeg,0,benign
train,colon_n/colonn3185.jpeg,0,benign
train,colon_n/colonn3186.jpeg,0,benign
train,colon_n/colonn3187.jpeg,0,benign
train,colon_n/colonn3188.jpeg,0,benign
train,colon_n/colonn319.jpeg,0,benign
train,colon_n/colonn3191.jpeg,0,benign
train,colon_n/colonn3192.jpeg,0,benign
train,colon_n/colonn3193.jpeg,0,benign
train,colon_n/colonn3194.jpeg,0,benign
train,colon_n/colonn3195.jpeg,0,benign
train,colon_n/colonn3196.jpeg,0,benign
train,colon_n/colonn3197.jpeg,0,benign
train,colon_n/colonn32.jpeg,0,benign
train,colon_n/colonn320.jpeg,0,benign
train,colon_n/colonn3200.jpeg,0,benign
train,colon_n/colonn3201.jpeg,0,benign
train,colon_n/colonn3203.jpeg,0,benign
train,colon_n/colonn3204.jpeg,0,benign
train,colon_n/colonn3205.jpeg,0,benign
train,colon_n/colonn3206.jpeg,0,benign
train,colon_n/colonn3209.jpeg,0,benign
train,colon_n/colonn321.jpeg,0,benign
train,colon_n/colonn3210.jpeg,0,benign
train,colon_n/colonn3211.jpeg,0,benign
train,colon_n/colonn3212.jpeg,0,benign
train,colon_n/colonn3214.jpeg,0,benign
train,colon_n/colonn3215.jpeg,0,benign
train,colon_n/colonn3216.jpeg,0,benign
train,colon_n/colonn3217.jpeg,0,benign
train,colon_n/colonn3219.jpeg,0,benign
train,colon_n/colonn322.jpeg,0,benign
train,colon_n/colonn3220.jpeg,0,benign
train,colon_n/colonn3221.jpeg,0,benign
train,colon_n/colonn3222.jpeg,0,benign
train,colon_n/colonn3224.jpeg,0,benign
train,colon_n/colonn3225.jpeg,0,benign
train,colon_n/colonn3226.jpeg,0,benign
train,colon_n/colonn3227.jpeg,0,benign
train,colon_n/colonn3228.jpeg,0,benign
train,colon_n/colonn3229.jpeg,0,benign
train,colon_n/colonn3230.jpeg,0,benign
train,colon_n/colonn3231.jpeg,0,benign
train,colon_n/colonn3233.jpeg,0,benign
train,colon_n/colonn3234.jpeg,0,benign
train,colon_n/colonn3236.jpeg,0,benign
train,colon_n/colonn3237.jpeg,0,benign
train,colon_n/colonn3238.jpeg,0,benign
train,colon_n/colonn3241.jpeg,0,benign
train,colon_n/colonn3242.jpeg,0,benign
train,colon_n/colonn3243.jpeg,0,benign
train,colon_n/colonn3244.jpeg,0,benign
train,colon_n/colonn3245.jpeg,0,benign
train,colon_n/colonn3246.jpeg,0,benign
train,colon_n/colonn3247.jpeg,0,benign
train,colon_n/colonn3248.jpeg,0,benign
train,colon_n/colonn3249.jpeg,0,benign
train,colon_n/colonn325.jpeg,0,benign
train,colon_n/colonn3251.jpeg,0,benign
train,colon_n/colonn3253.jpeg,0,benign
train,colon_n/colonn3254.jpeg,0,benign
train,colon_n/colonn3255.jpeg,0,benign
train,colon_n/colonn3257.jpeg,0,benign
train,colon_n/colonn3258.jpeg,0,benign
train,colon_n/colonn326.jpeg,0,benign
train,colon_n/colonn3261.jpeg,0,benign
train,colon_n/colonn3262.jpeg,0,benign
train,colon_n/colonn3264.jpeg,0,benign
train,colon_n/colonn3265.jpeg,0,benign
train,colon_n/colonn3266.jpeg,0,benign
train,colon_n/colonn3267.jpeg,0,benign
train,colon_n/colonn3268.jpeg,0,benign
train,colon_n/colonn3269.jpeg,0,benign
train,colon_n/colonn3271.jpeg,0,benign
train,colon_n/colonn3272.jpeg,0,benign
train,colon_n/colonn3273.jpeg,0,benign
train,colon_n/colonn3274.jpeg,0,benign
train,colon_n/colonn3275.jpeg,0,benign
train,colon_n/colonn3276.jpeg,0,benign
train,colon_n/colonn3277.jpeg,0,benign
train,colon_n/colonn3278.jpeg,0,benign
train,colon_n/colonn3279.jpeg,0,benign
train,colon_n/colonn328.jpeg,0,benign
train,colon_n/colonn3280.jpeg,0,benign
train,colon_n/colonn3281.jpeg,0,benign
train,colon_n/colonn3285.jpeg,0,benign
train,colon_n/colonn3287.jpeg,0,benign
train,colon_n/colonn3288.jpeg,0,benign
train,colon_n/colonn329.jpeg,0,benign
train,colon_n/colonn3291.jpeg,0,benign
train,colon_n/colonn3292.jpeg,0,benign
train,colon_n/colonn3294.jpeg,0,benign
train,colon_n/colonn3296.jpeg,0,benign
train,colon_n/colonn3298.jpeg,0,benign
train,colon_n/colonn3299.jpeg,0,benign
train,colon_n/colonn3301.jpeg,0,benign
train,colon_n/colonn3303.jpeg,0,benign
train,colon_n/colonn3304.jpeg,0,benign
train,colon_n/colonn3306.jpeg,0,benign
train,colon_n/colonn3308.jpeg,0,benign
train,colon_n/colonn3309.jpeg,0,benign
train,colon_n/colonn3310.jpeg,0,benign
train,colon_n/colonn3311.jpeg,0,benign
train,colon_n/colonn3313.jpeg,0,benign
train,colon_n/colonn3315.jpeg,0,benign
train,colon_n/colonn3316.jpeg,0,benign
train,colon_n/colonn3317.jpeg,0,benign
train,colon_n/colonn3318.jpeg,0,benign
train,colon_n/colonn3319.jpeg,0,benign
train,colon_n/colonn332.jpeg,0,benign
train,colon_n/colonn3320.jpeg,0,benign
train,colon_n/colonn3321.jpeg,0,benign
train,colon_n/colonn3322.jpeg,0,benign
train,colon_n/colonn3323.jpeg,0,benign
train,colon_n/colonn3324.jpeg,0,benign
train,colon_n/colonn3325.jpeg,0,benign
train,colon_n/colonn3326.jpeg,0,benign
train,colon_n/colonn3327.jpeg,0,benign
train,colon_n/colonn3328.jpeg,0,benign
train,colon_n/colonn3329.jpeg,0,benign
train,colon_n/colonn3330.jpeg,0,benign
train,colon_n/colonn3331.jpeg,0,benign
train,colon_n/colonn3333.jpeg,0,benign
train,colon_n/colonn3335.jpeg,0,benign
train,colon_n/colonn3337.jpeg,0,benign
train,colon_n/colonn3339.jpeg,0,benign
train,colon_n/colonn334.jpeg,0,benign
train,colon_n/colonn3340.jpeg,0,benign
train,colon_n/colonn3341.jpeg,0,benign
train,colon_n/colonn3342.jpeg,0,benign
train,colon_n/colonn3343.jpeg,0,benign
train,colon_n/colonn3344.jpeg,0,benign
train,colon_n/colonn3345.jpeg,0,benign
train,colon_n/colonn3347.jpeg,0,benign
train,colon_n/colonn3348.jpeg,0,benign
train,colon_n/colonn3351.jpeg,0,benign
train,colon_n/colonn3352.jpeg,0,benign
train,colon_n/colonn3354.jpeg,0,benign
train,colon_n/colonn3355.jpeg,0,benign
train,colon_n/colonn3356.jpeg,0,benign
train,colon_n/colonn3357.jpeg,0,benign
train,colon_n/colonn3359.jpeg,0,benign
train,colon_n/colonn336.jpeg,0,benign
train,colon_n/colonn3363.jpeg,0,benign
train,colon_n/colonn3364.jpeg,0,benign
train,colon_n/colonn3365.jpeg,0,benign
train,colon_n/colonn3366.jpeg,0,benign
train,colon_n/colonn3367.jpeg,0,benign
train,colon_n/colonn3369.jpeg,0,benign
train,colon_n/colonn337.jpeg,0,benign
train,colon_n/colonn3371.jpeg,0,benign
train,colon_n/colonn3373.jpeg,0,benign
train,colon_n/colonn3374.jpeg,0,benign
train,colon_n/colonn3375.jpeg,0,benign
train,colon_n/colonn3377.jpeg,0,benign
train,colon_n/colonn3378.jpeg,0,benign
train,colon_n/colonn3379.jpeg,0,benign
train,colon_n/colonn3380.jpeg,0,benign
train,colon_n/colonn3381.jpeg,0,benign
train,colon_n/colonn3382.jpeg,0,benign
train,colon_n/colonn3383.jpeg,0,benign
train,colon_n/colonn3384.jpeg,0,benign
train,colon_n/colonn3385.jpeg,0,benign
train,colon_n/colonn3386.jpeg,0,benign
train,colon_n/colonn3387.jpeg,0,benign
train,colon_n/colonn3388.jpeg,0,benign
train,colon_n/colonn3389.jpeg,0,benign
train,colon_n/colonn339.jpeg,0,benign
train,colon_n/colonn3391.jpeg,0,benign
train,colon_n/colonn3392.jpeg,0,benign
train,colon_n/colonn3394.jpeg,0,benign
train,colon_n/colonn3395.jpeg,0,benign
train,colon_n/colonn3396.jpeg,0,benign
train,colon_n/colonn3397.jpeg,0,benign
train,colon_n/colonn3398.jpeg,0,benign
train,colon_n/colonn3399.jpeg,0,benign
train,colon_n/colonn340.jpeg,0,benign
train,colon_n/colonn3400.jpeg,0,benign
train,colon_n/colonn3402.jpeg,0,benign
train,colon_n/colonn3403.jpeg,0,benign
train,colon_n/colonn3404.jpeg,0,benign
train,colon_n/colonn3407.jpeg,0,benign
train,colon_n/colonn3408.jpeg,0,benign
train,colon_n/colonn3409.jpeg,0,benign
train,colon_n/colonn3410.jpeg,0,benign
train,colon_n/colonn3413.jpeg,0,benign
train,colon_n/colonn3414.jpeg,0,benign
train,colon_n/colonn3415.jpeg,0,benign
train,colon_n/colonn3416.jpeg,0,benign
train,colon_n/colonn3418.jpeg,0,benign
train,colon_n/colonn3419.jpeg,0,benign
train,colon_n/colonn3420.jpeg,0,benign
train,colon_n/colonn3421.jpeg,0,benign
train,colon_n/colonn3423.jpeg,0,benign
train,colon_n/colonn3425.jpeg,0,benign
train,colon_n/colonn3426.jpeg,0,benign
train,colon_n/colonn3427.jpeg,0,benign
train,colon_n/colonn3428.jpeg,0,benign
train,colon_n/colonn3429.jpeg,0,benign
train,colon_n/colonn3430.jpeg,0,benign
train,colon_n/colonn3432.jpeg,0,benign
train,colon_n/colonn3433.jpeg,0,benign
train,colon_n/colonn3434.jpeg,0,benign
train,colon_n/colonn3435.jpeg,0,benign
train,colon_n/colonn3438.jpeg,0,benign
train,colon_n/colonn3441.jpeg,0,benign
train,colon_n/colonn3442.jpeg,0,benign
train,colon_n/colonn3443.jpeg,0,benign
train,colon_n/colonn3445.jpeg,0,benign
train,colon_n/colonn3446.jpeg,0,benign
train,colon_n/colonn3447.jpeg,0,benign
train,colon_n/colonn3448.jpeg,0,benign
train,colon_n/colonn3449.jpeg,0,benign
train,colon_n/colonn3451.jpeg,0,benign
train,colon_n/colonn3452.jpeg,0,benign
train,colon_n/colonn3453.jpeg,0,benign
train,colon_n/colonn3454.jpeg,0,benign
train,colon_n/colonn3458.jpeg,0,benign
train,colon_n/colonn3465.jpeg,0,benign
train,colon_n/colonn3466.jpeg,0,benign
train,colon_n/colonn3467.jpeg,0,benign
train,colon_n/colonn3468.jpeg,0,benign
train,colon_n/colonn3470.jpeg,0,benign
train,colon_n/colonn3472.jpeg,0,benign
train,colon_n/colonn3473.jpeg,0,benign
train,colon_n/colonn3474.jpeg,0,benign
train,colon_n/colonn3475.jpeg,0,benign
train,colon_n/colonn3476.jpeg,0,benign
train,colon_n/colonn3477.jpeg,0,benign
train,colon_n/colonn3478.jpeg,0,benign
train,colon_n/colonn3479.jpeg,0,benign
train,colon_n/colonn3480.jpeg,0,benign
train,colon_n/colonn3481.jpeg,0,benign
train,colon_n/colonn3482.jpeg,0,benign
train,colon_n/colonn3486.jpeg,0,benign
train,colon_n/colonn3487.jpeg,0,benign
train,colon_n/colonn3488.jpeg,0,benign
train,colon_n/colonn349.jpeg,0,benign
train,colon_n/colonn3492.jpeg,0,benign
train,colon_n/colonn3493.jpeg,0,benign
train,colon_n/colonn3494.jpeg,0,benign
train,colon_n/colonn3497.jpeg,0,benign
train,colon_n/colonn3498.jpeg,0,benign
train,colon_n/colonn35.jpeg,0,benign
train,colon_n/colonn3500.jpeg,0,benign
train,colon_n/colonn3501.jpeg,0,benign
train,colon_n/colonn3504.jpeg,0,benign
train,colon_n/colonn3507.jpeg,0,benign
train,colon_n/colonn3508.jpeg,0,benign
train,colon_n/colonn3509.jpeg,0,benign
train,colon_n/colonn3511.jpeg,0,benign
train,colon_n/colonn3512.jpeg,0,benign
train,colon_n/colonn3513.jpeg,0,benign
train,colon_n/colonn3514.jpeg,0,benign
train,colon_n/colonn3515.jpeg,0,benign
train,colon_n/colonn3517.jpeg,0,benign
train,colon_n/colonn3518.jpeg,0,benign
train,colon_n/colonn352.jpeg,0,benign
train,colon_n/colonn3520.jpeg,0,benign
train,colon_n/colonn3521.jpeg,0,benign
train,colon_n/colonn3522.jpeg,0,benign
train,colon_n/colonn3523.jpeg,0,benign
train,colon_n/colonn3525.jpeg,0,benign
train,colon_n/colonn3527.jpeg,0,benign
train,colon_n/colonn3528.jpeg,0,benign
train,colon_n/colonn353.jpeg,0,benign
train,colon_n/colonn3530.jpeg,0,benign
train,colon_n/colonn3532.jpeg,0,benign
train,colon_n/colonn3534.jpeg,0,benign
train,colon_n/colonn3535.jpeg,0,benign
train,colon_n/colonn3536.jpeg,0,benign
train,colon_n/colonn3537.jpeg,0,benign
train,colon_n/colonn3538.jpeg,0,benign
train,colon_n/colonn3539.jpeg,0,benign
train,colon_n/colonn354.jpeg,0,benign
train,colon_n/colonn3541.jpeg,0,benign
train,colon_n/colonn3542.jpeg,0,benign
train,colon_n/colonn3543.jpeg,0,benign
train,colon_n/colonn3544.jpeg,0,benign
train,colon_n/colonn3545.jpeg,0,benign
train,colon_n/colonn3546.jpeg,0,benign
train,colon_n/colonn3549.jpeg,0,benign
train,colon_n/colonn355.jpeg,0,benign
train,colon_n/colonn3550.jpeg,0,benign
train,colon_n/colonn3551.jpeg,0,benign
train,colon_n/colonn3552.jpeg,0,benign
train,colon_n/colonn3555.jpeg,0,benign
train,colon_n/colonn3556.jpeg,0,benign
train,colon_n/colonn3557.jpeg,0,benign
train,colon_n/colonn3558.jpeg,0,benign
train,colon_n/colonn3559.jpeg,0,benign
train,colon_n/colonn356.jpeg,0,benign
train,colon_n/colonn3560.jpeg,0,benign
train,colon_n/colonn3561.jpeg,0,benign
train,colon_n/colonn3562.jpeg,0,benign
train,colon_n/colonn3564.jpeg,0,benign
train,colon_n/colonn3565.jpeg,0,benign
train,colon_n/colonn3569.jpeg,0,benign
train,colon_n/colonn357.jpeg,0,benign
train,colon_n/colonn3570.jpeg,0,benign
train,colon_n/colonn3571.jpeg,0,benign
train,colon_n/colonn3572.jpeg,0,benign
train,colon_n/colonn3573.jpeg,0,benign
train,colon_n/colonn3576.jpeg,0,benign
train,colon_n/colonn3578.jpeg,0,benign
train,colon_n/colonn358.jpeg,0,benign
train,colon_n/colonn3585.jpeg,0,benign
train,colon_n/colonn3586.jpeg,0,benign
train,colon_n/colonn3587.jpeg,0,benign
train,colon_n/colonn3588.jpeg,0,benign
train,colon_n/colonn3589.jpeg,0,benign
train,colon_n/colonn3590.jpeg,0,benign
train,colon_n/colonn3591.jpeg,0,benign
train,colon_n/colonn3592.jpeg,0,benign
train,colon_n/colonn3593.jpeg,0,benign
train,colon_n/colonn3594.jpeg,0,benign
train,colon_n/colonn3595.jpeg,0,benign
train,colon_n/colonn3597.jpeg,0,benign
train,colon_n/colonn3598.jpeg,0,benign
train,colon_n/colonn36.jpeg,0,benign
train,colon_n/colonn360.jpeg,0,benign
train,colon_n/colonn3601.jpeg,0,benign
train,colon_n/colonn3602.jpeg,0,benign
train,colon_n/colonn3603.jpeg,0,benign
train,colon_n/colonn3604.jpeg,0,benign
train,colon_n/colonn3606.jpeg,0,benign
train,colon_n/colonn3608.jpeg,0,benign
train,colon_n/colonn3609.jpeg,0,benign
train,colon_n/colonn3610.jpeg,0,benign
train,colon_n/colonn3611.jpeg,0,benign
train,colon_n/colonn3613.jpeg,0,benign
train,colon_n/colonn3614.jpeg,0,benign
train,colon_n/colonn3615.jpeg,0,benign
train,colon_n/colonn3616.jpeg,0,benign
train,colon_n/colonn3617.jpeg,0,benign
train,colon_n/colonn3618.jpeg,0,benign
train,colon_n/colonn3622.jpeg,0,benign
train,colon_n/colonn3623.jpeg,0,benign
train,colon_n/colonn3624.jpeg,0,benign
train,colon_n/colonn3625.jpeg,0,benign
train,colon_n/colonn3627.jpeg,0,benign
train,colon_n/colonn3628.jpeg,0,benign
train,colon_n/colonn3629.jpeg,0,benign
train,colon_n/colonn3630.jpeg,0,benign
train,colon_n/colonn3631.jpeg,0,benign
train,colon_n/colonn3632.jpeg,0,benign
train,colon_n/colonn3633.jpeg,0,benign
train,colon_n/colonn3635.jpeg,0,benign
train,colon_n/colonn3638.jpeg,0,benign
train,colon_n/colonn364.jpeg,0,benign
train,colon_n/colonn3641.jpeg,0,benign
train,colon_n/colonn3642.jpeg,0,benign
train,colon_n/colonn3644.jpeg,0,benign
train,colon_n/colonn3645.jpeg,0,benign
train,colon_n/colonn3647.jpeg,0,benign
train,colon_n/colonn3648.jpeg,0,benign
train,colon_n/colonn3649.jpeg,0,benign
train,colon_n/colonn365.jpeg,0,benign
train,colon_n/colonn3650.jpeg,0,benign
train,colon_n/colonn3652.jpeg,0,benign
train,colon_n/colonn3653.jpeg,0,benign
train,colon_n/colonn3655.jpeg,0,benign
train,colon_n/colonn3656.jpeg,0,benign
train,colon_n/colonn3658.jpeg,0,benign
train,colon_n/colonn3659.jpeg,0,benign
train,colon_n/colonn3660.jpeg,0,benign
train,colon_n/colonn3663.jpeg,0,benign
train,colon_n/colonn3665.jpeg,0,benign
train,colon_n/colonn3666.jpeg,0,benign
train,colon_n/colonn3667.jpeg,0,benign
train,colon_n/colonn3669.jpeg,0,benign
train,colon_n/colonn3670.jpeg,0,benign
train,colon_n/colonn3672.jpeg,0,benign
train,colon_n/colonn3673.jpeg,0,benign
train,colon_n/colonn3676.jpeg,0,benign
train,colon_n/colonn3679.jpeg,0,benign
train,colon_n/colonn368.jpeg,0,benign
train,colon_n/colonn3680.jpeg,0,benign
train,colon_n/colonn3681.jpeg,0,benign
train,colon_n/colonn3685.jpeg,0,benign
train,colon_n/colonn3686.jpeg,0,benign
train,colon_n/colonn3687.jpeg,0,benign
train,colon_n/colonn3689.jpeg,0,benign
train,colon_n/colonn369.jpeg,0,benign
train,colon_n/colonn3690.jpeg,0,benign
train,colon_n/colonn3691.jpeg,0,benign
train,colon_n/colonn3692.jpeg,0,benign
train,colon_n/colonn3694.jpeg,0,benign
train,colon_n/colonn3695.jpeg,0,benign
train,colon_n/colonn3697.jpeg,0,benign
train,colon_n/colonn3698.jpeg,0,benign
train,colon_n/colonn37.jpeg,0,benign
train,colon_n/colonn370.jpeg,0,benign
train,colon_n/colonn3700.jpeg,0,benign
train,colon_n/colonn3701.jpeg,0,benign
train,colon_n/colonn3704.jpeg,0,benign
train,colon_n/colonn3705.jpeg,0,benign
train,colon_n/colonn3706.jpeg,0,benign
train,colon_n/colonn3708.jpeg,0,benign
train,colon_n/colonn3709.jpeg,0,benign
train,colon_n/colonn371.jpeg,0,benign
train,colon_n/colonn3710.jpeg,0,benign
train,colon_n/colonn3711.jpeg,0,benign
train,colon_n/colonn3712.jpeg,0,benign
train,colon_n/colonn3714.jpeg,0,benign
train,colon_n/colonn3715.jpeg,0,benign
train,colon_n/colonn3718.jpeg,0,benign
train,colon_n/colonn3719.jpeg,0,benign
train,colon_n/colonn3720.jpeg,0,benign
train,colon_n/colonn3721.jpeg,0,benign
train,colon_n/colonn3722.jpeg,0,benign
train,colon_n/colonn3723.jpeg,0,benign
train,colon_n/colonn3728.jpeg,0,benign
train,colon_n/colonn373.jpeg,0,benign
train,colon_n/colonn3730.jpeg,0,benign
train,colon_n/colonn3731.jpeg,0,benign
train,colon_n/colonn3733.jpeg,0,benign
train,colon_n/colonn3734.jpeg,0,benign
train,colon_n/colonn3735.jpeg,0,benign
train,colon_n/colonn3736.jpeg,0,benign
train,colon_n/colonn3738.jpeg,0,benign
train,colon_n/colonn3739.jpeg,0,benign
train,colon_n/colonn3740.jpeg,0,benign
train,colon_n/colonn3741.jpeg,0,benign
train,colon_n/colonn3742.jpeg,0,benign
train,colon_n/colonn3743.jpeg,0,benign
train,colon_n/colonn3744.jpeg,0,benign
train,colon_n/colonn3746.jpeg,0,benign
train,colon_n/colonn3747.jpeg,0,benign
train,colon_n/colonn3749.jpeg,0,benign
train,colon_n/colonn3751.jpeg,0,benign
train,colon_n/colonn3754.jpeg,0,benign
train,colon_n/colonn3755.jpeg,0,benign
train,colon_n/colonn3756.jpeg,0,benign
train,colon_n/colonn3757.jpeg,0,benign
train,colon_n/colonn3758.jpeg,0,benign
train,colon_n/colonn3759.jpeg,0,benign
train,colon_n/colonn3763.jpeg,0,benign
train,colon_n/colonn3766.jpeg,0,benign
train,colon_n/colonn3767.jpeg,0,benign
train,colon_n/colonn3768.jpeg,0,benign
train,colon_n/colonn3769.jpeg,0,benign
train,colon_n/colonn377.jpeg,0,benign
train,colon_n/colonn3771.jpeg,0,benign
train,colon_n/colonn3772.jpeg,0,benign
train,colon_n/colonn3773.jpeg,0,benign
train,colon_n/colonn3774.jpeg,0,benign
train,colon_n/colonn3775.jpeg,0,benign
train,colon_n/colonn3776.jpeg,0,benign
train,colon_n/colonn378.jpeg,0,benign
train,colon_n/colonn3781.jpeg,0,benign
train,colon_n/colonn3783.jpeg,0,benign
train,colon_n/colonn3784.jpeg,0,benign
train,colon_n/colonn3785.jpeg,0,benign
train,colon_n/colonn3786.jpeg,0,benign
train,colon_n/colonn3787.jpeg,0,benign
train,colon_n/colonn3788.jpeg,0,benign
train,colon_n/colonn379.jpeg,0,benign
train,colon_n/colonn3790.jpeg,0,benign
train,colon_n/colonn3791.jpeg,0,benign
train,colon_n/colonn3792.jpeg,0,benign
train,colon_n/colonn3794.jpeg,0,benign
train,colon_n/colonn3795.jpeg,0,benign
train,colon_n/colonn3796.jpeg,0,benign
train,colon_n/colonn3798.jpeg,0,benign
train,colon_n/colonn380.jpeg,0,benign
train,colon_n/colonn3800.jpeg,0,benign
train,colon_n/colonn3801.jpeg,0,benign
train,colon_n/colonn3803.jpeg,0,benign
train,colon_n/colonn3806.jpeg,0,benign
train,colon_n/colonn3808.jpeg,0,benign
train,colon_n/colonn381.jpeg,0,benign
train,colon_n/colonn3812.jpeg,0,benign
train,colon_n/colonn3813.jpeg,0,benign
train,colon_n/colonn3814.jpeg,0,benign
train,colon_n/colonn3815.jpeg,0,benign
train,colon_n/colonn3816.jpeg,0,benign
train,colon_n/colonn3817.jpeg,0,benign
train,colon_n/colonn3818.jpeg,0,benign
train,colon_n/colonn3819.jpeg,0,benign
train,colon_n/colonn382.jpeg,0,benign
train,colon_n/colonn3820.jpeg,0,benign
train,colon_n/colonn3822.jpeg,0,benign
train,colon_n/colonn3823.jpeg,0,benign
train,colon_n/colonn3824.jpeg,0,benign
train,colon_n/colonn3827.jpeg,0,benign
train,colon_n/colonn3828.jpeg,0,benign
train,colon_n/colonn3829.jpeg,0,benign
train,colon_n/colonn383.jpeg,0,benign
train,colon_n/colonn3832.jpeg,0,benign
train,colon_n/colonn3834.jpeg,0,benign
train,colon_n/colonn3835.jpeg,0,benign
train,colon_n/colonn3837.jpeg,0,benign
train,colon_n/colonn3838.jpeg,0,benign
train,colon_n/colonn3839.jpeg,0,benign
train,colon_n/colonn3841.jpeg,0,benign
train,colon_n/colonn3842.jpeg,0,benign
train,colon_n/colonn3844.jpeg,0,benign
train,colon_n/colonn3845.jpeg,0,benign
train,colon_n/colonn3846.jpeg,0,benign
train,colon_n/colonn3847.jpeg,0,benign
train,colon_n/colonn3848.jpeg,0,benign
train,colon_n/colonn3849.jpeg,0,benign
train,colon_n/colonn385.jpeg,0,benign
train,colon_n/colonn3850.jpeg,0,benign
train,colon_n/colonn3851.jpeg,0,benign
train,colon_n/colonn3854.jpeg,0,benign
train,colon_n/colonn3855.jpeg,0,benign
train,colon_n/colonn3856.jpeg,0,benign
train,colon_n/colonn3858.jpeg,0,benign
train,colon_n/colonn3860.jpeg,0,benign
train,colon_n/colonn3862.jpeg,0,benign
train,colon_n/colonn3863.jpeg,0,benign
train,colon_n/colonn3865.jpeg,0,benign
train,colon_n/colonn3866.jpeg,0,benign
train,colon_n/colonn3868.jpeg,0,benign
train,colon_n/colonn3869.jpeg,0,benign
train,colon_n/colonn387.jpeg,0,benign
train,colon_n/colonn3872.jpeg,0,benign
train,colon_n/colonn3873.jpeg,0,benign
train,colon_n/colonn3874.jpeg,0,benign
train,colon_n/colonn3876.jpeg,0,benign
train,colon_n/colonn3877.jpeg,0,benign
train,colon_n/colonn3878.jpeg,0,benign
train,colon_n/colonn3879.jpeg,0,benign
train,colon_n/colonn388.jpeg,0,benign
train,colon_n/colonn3880.jpeg,0,benign
train,colon_n/colonn3882.jpeg,0,benign
train,colon_n/colonn3883.jpeg,0,benign
train,colon_n/colonn3885.jpeg,0,benign
train,colon_n/colonn3886.jpeg,0,benign
train,colon_n/colonn3888.jpeg,0,benign
train,colon_n/colonn3889.jpeg,0,benign
train,colon_n/colonn3891.jpeg,0,benign
train,colon_n/colonn3892.jpeg,0,benign
train,colon_n/colonn3896.jpeg,0,benign
train,colon_n/colonn3898.jpeg,0,benign
train,colon_n/colonn3899.jpeg,0,benign
train,colon_n/colonn3901.jpeg,0,benign
train,colon_n/colonn3902.jpeg,0,benign
train,colon_n/colonn3903.jpeg,0,benign
train,colon_n/colonn3906.jpeg,0,benign
train,colon_n/colonn3907.jpeg,0,benign
train,colon_n/colonn3909.jpeg,0,benign
train,colon_n/colonn3910.jpeg,0,benign
train,colon_n/colonn3912.jpeg,0,benign
train,colon_n/colonn3913.jpeg,0,benign
train,colon_n/colonn3914.jpeg,0,benign
train,colon_n/colonn3915.jpeg,0,benign
train,colon_n/colonn3918.jpeg,0,benign
train,colon_n/colonn3919.jpeg,0,benign
train,colon_n/colonn392.jpeg,0,benign
train,colon_n/colonn3921.jpeg,0,benign
train,colon_n/colonn3922.jpeg,0,benign
train,colon_n/colonn3923.jpeg,0,benign
train,colon_n/colonn3924.jpeg,0,benign
train,colon_n/colonn3926.jpeg,0,benign
train,colon_n/colonn3927.jpeg,0,benign
train,colon_n/colonn3928.jpeg,0,benign
train,colon_n/colonn393.jpeg,0,benign
train,colon_n/colonn3930.jpeg,0,benign
train,colon_n/colonn3931.jpeg,0,benign
train,colon_n/colonn3932.jpeg,0,benign
train,colon_n/colonn3933.jpeg,0,benign
train,colon_n/colonn3935.jpeg,0,benign
train,colon_n/colonn3936.jpeg,0,benign
train,colon_n/colonn3937.jpeg,0,benign
train,colon_n/colonn3938.jpeg,0,benign
train,colon_n/colonn3940.jpeg,0,benign
train,colon_n/colonn3941.jpeg,0,benign
train,colon_n/colonn3942.jpeg,0,benign
train,colon_n/colonn3943.jpeg,0,benign
train,colon_n/colonn3945.jpeg,0,benign
train,colon_n/colonn3946.jpeg,0,benign
train,colon_n/colonn3947.jpeg,0,benign
train,colon_n/colonn3948.jpeg,0,benign
train,colon_n/colonn3949.jpeg,0,benign
train,colon_n/colonn3950.jpeg,0,benign
train,colon_n/colonn3953.jpeg,0,benign
train,colon_n/colonn3956.jpeg,0,benign
train,colon_n/colonn3957.jpeg,0,benign
train,colon_n/colonn3959.jpeg,0,benign
train,colon_n/colonn396.jpeg,0,benign
train,colon_n/colonn3960.jpeg,0,benign
train,colon_n/colonn3961.jpeg,0,benign
train,colon_n/colonn3962.jpeg,0,benign
train,colon_n/colonn3965.jpeg,0,benign
train,colon_n/colonn3966.jpeg,0,benign
train,colon_n/colonn3968.jpeg,0,benign
train,colon_n/colonn3969.jpeg,0,benign
train,colon_n/colonn3972.jpeg,0,benign
train,colon_n/colonn3974.jpeg,0,benign
train,colon_n/colonn3976.jpeg,0,benign
train,colon_n/colonn3977.jpeg,0,benign
train,colon_n/colonn3978.jpeg,0,benign
train,colon_n/colonn398.jpeg,0,benign
train,colon_n/colonn3980.jpeg,0,benign
train,colon_n/colonn3981.jpeg,0,benign
train,colon_n/colonn3984.jpeg,0,benign
train,colon_n/colonn3985.jpeg,0,benign
train,colon_n/colonn3986.jpeg,0,benign
train,colon_n/colonn3987.jpeg,0,benign
train,colon_n/colonn3988.jpeg,0,benign
train,colon_n/colonn3989.jpeg,0,benign
train,colon_n/colonn399.jpeg,0,benign
train,colon_n/colonn3990.jpeg,0,benign
train,colon_n/colonn3993.jpeg,0,benign
train,colon_n/colonn3995.jpeg,0,benign
train,colon_n/colonn3996.jpeg,0,benign
train,colon_n/colonn3998.jpeg,0,benign
train,colon_n/colonn4.jpeg,0,benign
train,colon_n/colonn40.jpeg,0,benign
train,colon_n/colonn4000.jpeg,0,benign
train,colon_n/colonn4001.jpeg,0,benign
train,colon_n/colonn4002.jpeg,0,benign
train,colon_n/colonn4003.jpeg,0,benign
train,colon_n/colonn4004.jpeg,0,benign
train,colon_n/colonn4005.jpeg,0,benign
train,colon_n/colonn4008.jpeg,0,benign
train,colon_n/colonn401.jpeg,0,benign
train,colon_n/colonn4010.jpeg,0,benign
train,colon_n/colonn4012.jpeg,0,benign
train,colon_n/colonn4013.jpeg,0,benign
train,colon_n/colonn4014.jpeg,0,benign
train,colon_n/colonn4015.jpeg,0,benign
train,colon_n/colonn4016.jpeg,0,benign
train,colon_n/colonn4018.jpeg,0,benign
train,colon_n/colonn402.jpeg,0,benign
train,colon_n/colonn4022.jpeg,0,benign
train,colon_n/colonn4023.jpeg,0,benign
train,colon_n/colonn4024.jpeg,0,benign
train,colon_n/colonn4026.jpeg,0,benign
train,colon_n/colonn4027.jpeg,0,benign
train,colon_n/colonn4028.jpeg,0,benign
train,colon_n/colonn4031.jpeg,0,benign
train,colon_n/colonn4032.jpeg,0,benign
train,colon_n/colonn4033.jpeg,0,benign
train,colon_n/colonn4036.jpeg,0,benign
train,colon_n/colonn4038.jpeg,0,benign
train,colon_n/colonn4039.jpeg,0,benign
train,colon_n/colonn404.jpeg,0,benign
train,colon_n/colonn4040.jpeg,0,benign
train,colon_n/colonn4041.jpeg,0,benign
train,colon_n/colonn4042.jpeg,0,benign
train,colon_n/colonn4044.jpeg,0,benign
train,colon_n/colonn4046.jpeg,0,benign
train,colon_n/colonn4048.jpeg,0,benign
train,colon_n/colonn4051.jpeg,0,benign
train,colon_n/colonn4052.jpeg,0,benign
train,colon_n/colonn4054.jpeg,0,benign
train,colon_n/colonn4055.jpeg,0,benign
train,colon_n/colonn4057.jpeg,0,benign
train,colon_n/colonn4058.jpeg,0,benign
train,colon_n/colonn4059.jpeg,0,benign
train,colon_n/colonn4060.jpeg,0,benign
train,colon_n/colonn4061.jpeg,0,benign
train,colon_n/colonn4062.jpeg,0,benign
train,colon_n/colonn4063.jpeg,0,benign
train,colon_n/colonn4064.jpeg,0,benign
train,colon_n/colonn4065.jpeg,0,benign
train,colon_n/colonn4066.jpeg,0,benign
train,colon_n/colonn4067.jpeg,0,benign
train,colon_n/colonn4068.jpeg,0,benign
train,colon_n/colonn4069.jpeg,0,benign
train,colon_n/colonn407.jpeg,0,benign
train,colon_n/colonn4070.jpeg,0,benign
train,colon_n/colonn4071.jpeg,0,benign
train,colon_n/colonn4073.jpeg,0,benign
train,colon_n/colonn4075.jpeg,0,benign
train,colon_n/colonn4079.jpeg,0,benign
train,colon_n/colonn408.jpeg,0,benign
train,colon_n/colonn4080.jpeg,0,benign
train,colon_n/colonn4081.jpeg,0,benign
train,colon_n/colonn4082.jpeg,0,benign
train,colon_n/colonn4083.jpeg,0,benign
train,colon_n/colonn4084.jpeg,0,benign
train,colon_n/colonn4085.jpeg,0,benign
train,colon_n/colonn4087.jpeg,0,benign
train,colon_n/colonn4089.jpeg,0,benign
train,colon_n/colonn409.jpeg,0,benign
train,colon_n/colonn4090.jpeg,0,benign
train,colon_n/colonn4092.jpeg,0,benign
train,colon_n/colonn4093.jpeg,0,benign
train,colon_n/colonn4094.jpeg,0,benign
train,colon_n/colonn4096.jpeg,0,benign
train,colon_n/colonn4097.jpeg,0,benign
train,colon_n/colonn4098.jpeg,0,benign
train,colon_n/colonn4100.jpeg,0,benign
train,colon_n/colonn4103.jpeg,0,benign
train,colon_n/colonn4106.jpeg,0,benign
train,colon_n/colonn4107.jpeg,0,benign
train,colon_n/colonn4108.jpeg,0,benign
train,colon_n/colonn4109.jpeg,0,benign
train,colon_n/colonn4110.jpeg,0,benign
train,colon_n/colonn4111.jpeg,0,benign
train,colon_n/colonn4112.jpeg,0,benign
train,colon_n/colonn4115.jpeg,0,benign
train,colon_n/colonn4116.jpeg,0,benign
train,colon_n/colonn4118.jpeg,0,benign
train,colon_n/colonn4119.jpeg,0,benign
train,colon_n/colonn4120.jpeg,0,benign
train,colon_n/colonn4121.jpeg,0,benign
train,colon_n/colonn4122.jpeg,0,benign
train,colon_n/colonn4124.jpeg,0,benign
train,colon_n/colonn4126.jpeg,0,benign
train,colon_n/colonn4128.jpeg,0,benign
train,colon_n/colonn4129.jpeg,0,benign
train,colon_n/colonn413.jpeg,0,benign
train,colon_n/colonn4130.jpeg,0,benign
train,colon_n/colonn4131.jpeg,0,benign
train,colon_n/colonn4132.jpeg,0,benign
train,colon_n/colonn4133.jpeg,0,benign
train,colon_n/colonn4134.jpeg,0,benign
train,colon_n/colonn4135.jpeg,0,benign
train,colon_n/colonn4138.jpeg,0,benign
train,colon_n/colonn4140.jpeg,0,benign
train,colon_n/colonn4141.jpeg,0,benign
train,colon_n/colonn4142.jpeg,0,benign
train,colon_n/colonn4143.jpeg,0,benign
train,colon_n/colonn4145.jpeg,0,benign
train,colon_n/colonn4146.jpeg,0,benign
train,colon_n/colonn4148.jpeg,0,benign
train,colon_n/colonn415.jpeg,0,benign
train,colon_n/colonn4151.jpeg,0,benign
train,colon_n/colonn4152.jpeg,0,benign
train,colon_n/colonn4153.jpeg,0,benign
train,colon_n/colonn4156.jpeg,0,benign
train,colon_n/colonn4157.jpeg,0,benign
train,colon_n/colonn4160.jpeg,0,benign
train,colon_n/colonn4162.jpeg,0,benign
train,colon_n/colonn4163.jpeg,0,benign
train,colon_n/colonn4165.jpeg,0,benign
train,colon_n/colonn4166.jpeg,0,benign
train,colon_n/colonn4167.jpeg,0,benign
train,colon_n/colonn417.jpeg,0,benign
train,colon_n/colonn4170.jpeg,0,benign
train,colon_n/colonn4171.jpeg,0,benign
train,colon_n/colonn4172.jpeg,0,benign
train,colon_n/colonn4173.jpeg,0,benign
train,colon_n/colonn4174.jpeg,0,benign
train,colon_n/colonn4175.jpeg,0,benign
train,colon_n/colonn4178.jpeg,0,benign
train,colon_n/colonn418.jpeg,0,benign
train,colon_n/colonn4180.jpeg,0,benign
train,colon_n/colonn4181.jpeg,0,benign
train,colon_n/colonn4182.jpeg,0,benign
train,colon_n/colonn4184.jpeg,0,benign
train,colon_n/colonn4185.jpeg,0,benign
train,colon_n/colonn4186.jpeg,0,benign
train,colon_n/colonn4187.jpeg,0,benign
train,colon_n/colonn4188.jpeg,0,benign
train,colon_n/colonn4189.jpeg,0,benign
train,colon_n/colonn419.jpeg,0,benign
train,colon_n/colonn4192.jpeg,0,benign
train,colon_n/colonn4194.jpeg,0,benign
train,colon_n/colonn4195.jpeg,0,benign
train,colon_n/colonn4196.jpeg,0,benign
train,colon_n/colonn4197.jpeg,0,benign
train,colon_n/colonn4198.jpeg,0,benign
train,colon_n/colonn4199.jpeg,0,benign
train,colon_n/colonn420.jpeg,0,benign
train,colon_n/colonn4200.jpeg,0,benign
train,colon_n/colonn4201.jpeg,0,benign
train,colon_n/colonn4202.jpeg,0,benign
train,colon_n/colonn4205.jpeg,0,benign
train,colon_n/colonn4207.jpeg,0,benign
train,colon_n/colonn4208.jpeg,0,benign
train,colon_n/colonn4209.jpeg,0,benign
train,colon_n/colonn421.jpeg,0,benign
train,colon_n/colonn4211.jpeg,0,benign
train,colon_n/colonn4212.jpeg,0,benign
train,colon_n/colonn4214.jpeg,0,benign
train,colon_n/colonn4215.jpeg,0,benign
train,colon_n/colonn4216.jpeg,0,benign
train,colon_n/colonn4217.jpeg,0,benign
train,colon_n/colonn4220.jpeg,0,benign
train,colon_n/colonn4225.jpeg,0,benign
train,colon_n/colonn4226.jpeg,0,benign
train,colon_n/colonn4228.jpeg,0,benign
train,colon_n/colonn4229.jpeg,0,benign
train,colon_n/colonn4230.jpeg,0,benign
train,colon_n/colonn4231.jpeg,0,benign
train,colon_n/colonn4232.jpeg,0,benign
train,colon_n/colonn4234.jpeg,0,benign
train,colon_n/colonn4238.jpeg,0,benign
train,colon_n/colonn424.jpeg,0,benign
train,colon_n/colonn4241.jpeg,0,benign
train,colon_n/colonn4242.jpeg,0,benign
train,colon_n/colonn4243.jpeg,0,benign
train,colon_n/colonn4244.jpeg,0,benign
train,colon_n/colonn4245.jpeg,0,benign
train,colon_n/colonn4247.jpeg,0,benign
train,colon_n/colonn4248.jpeg,0,benign
train,colon_n/colonn425.jpeg,0,benign
train,colon_n/colonn4250.jpeg,0,benign
train,colon_n/colonn4251.jpeg,0,benign
train,colon_n/colonn4252.jpeg,0,benign
train,colon_n/colonn4253.jpeg,0,benign
train,colon_n/colonn4254.jpeg,0,benign
train,colon_n/colonn4255.jpeg,0,benign
train,colon_n/colonn4257.jpeg,0,benign
train,colon_n/colonn4258.jpeg,0,benign
train,colon_n/colonn4259.jpeg,0,benign
train,colon_n/colonn426.jpeg,0,benign
train,colon_n/colonn4260.jpeg,0,benign
train,colon_n/colonn4261.jpeg,0,benign
train,colon_n/colonn4262.jpeg,0,benign
train,colon_n/colonn4264.jpeg,0,benign
train,colon_n/colonn4266.jpeg,0,benign
train,colon_n/colonn4267.jpeg,0,benign
train,colon_n/colonn4269.jpeg,0,benign
train,colon_n/colonn427.jpeg,0,benign
train,colon_n/colonn4270.jpeg,0,benign
train,colon_n/colonn4273.jpeg,0,benign
train,colon_n/colonn4274.jpeg,0,benign
train,colon_n/colonn4276.jpeg,0,benign
train,colon_n/colonn4280.jpeg,0,benign
train,colon_n/colonn4281.jpeg,0,benign
train,colon_n/colonn4282.jpeg,0,benign
train,colon_n/colonn4283.jpeg,0,benign
train,colon_n/colonn4285.jpeg,0,benign
train,colon_n/colonn4286.jpeg,0,benign
train,colon_n/colonn4287.jpeg,0,benign
train,colon_n/colonn4288.jpeg,0,benign
train,colon_n/colonn4289.jpeg,0,benign
train,colon_n/colonn429.jpeg,0,benign
train,colon_n/colonn4290.jpeg,0,benign
train,colon_n/colonn4291.jpeg,0,benign
train,colon_n/colonn4292.jpeg,0,benign
train,colon_n/colonn4293.jpeg,0,benign
train,colon_n/colonn4294.jpeg,0,benign
train,colon_n/colonn4295.jpeg,0,benign
train,colon_n/colonn4297.jpeg,0,benign
train,colon_n/colonn4298.jpeg,0,benign
train,colon_n/colonn4299.jpeg,0,benign
train,colon_n/colonn43.jpeg,0,benign
train,colon_n/colonn430.jpeg,0,benign
train,colon_n/colonn4300.jpeg,0,benign
train,colon_n/colonn4301.jpeg,0,benign
train,colon_n/colonn4302.jpeg,0,benign
train,colon_n/colonn4304.jpeg,0,benign
train,colon_n/colonn4305.jpeg,0,benign
train,colon_n/colonn4307.jpeg,0,benign
train,colon_n/colonn4309.jpeg,0,benign
train,colon_n/colonn431.jpeg,0,benign
train,colon_n/colonn4311.jpeg,0,benign
train,colon_n/colonn4312.jpeg,0,benign
train,colon_n/colonn4313.jpeg,0,benign
train,colon_n/colonn4314.jpeg,0,benign
train,colon_n/colonn4315.jpeg,0,benign
train,colon_n/colonn4316.jpeg,0,benign
train,colon_n/colonn4318.jpeg,0,benign
train,colon_n/colonn4319.jpeg,0,benign
train,colon_n/colonn432.jpeg,0,benign
train,colon_n/colonn4320.jpeg,0,benign
train,colon_n/colonn4321.jpeg,0,benign
train,colon_n/colonn4322.jpeg,0,benign
train,colon_n/colonn4323.jpeg,0,benign
train,colon_n/colonn4326.jpeg,0,benign
train,colon_n/colonn4327.jpeg,0,benign
train,colon_n/colonn4330.jpeg,0,benign
train,colon_n/colonn4331.jpeg,0,benign
train,colon_n/colonn4332.jpeg,0,benign
train,colon_n/colonn4333.jpeg,0,benign
train,colon_n/colonn4335.jpeg,0,benign
train,colon_n/colonn4336.jpeg,0,benign
train,colon_n/colonn4338.jpeg,0,benign
train,colon_n/colonn4339.jpeg,0,benign
train,colon_n/colonn434.jpeg,0,benign
train,colon_n/colonn4343.jpeg,0,benign
train,colon_n/colonn4344.jpeg,0,benign
train,colon_n/colonn4345.jpeg,0,benign
train,colon_n/colonn4347.jpeg,0,benign
train,colon_n/colonn4348.jpeg,0,benign
train,colon_n/colonn4349.jpeg,0,benign
train,colon_n/colonn4350.jpeg,0,benign
train,colon_n/colonn4351.jpeg,0,benign
train,colon_n/colonn4353.jpeg,0,benign
train,colon_n/colonn4354.jpeg,0,benign
train,colon_n/colonn4355.jpeg,0,benign
train,colon_n/colonn4357.jpeg,0,benign
train,colon_n/colonn4358.jpeg,0,benign
train,colon_n/colonn4359.jpeg,0,benign
train,colon_n/colonn436.jpeg,0,benign
train,colon_n/colonn4363.jpeg,0,benign
train,colon_n/colonn4364.jpeg,0,benign
train,colon_n/colonn4365.jpeg,0,benign
train,colon_n/colonn4366.jpeg,0,benign
train,colon_n/colonn4367.jpeg,0,benign
train,colon_n/colonn437.jpeg,0,benign
train,colon_n/colonn4371.jpeg,0,benign
train,colon_n/colonn4373.jpeg,0,benign
train,colon_n/colonn4374.jpeg,0,benign
train,colon_n/colonn4375.jpeg,0,benign
train,colon_n/colonn4376.jpeg,0,benign
train,colon_n/colonn4378.jpeg,0,benign
train,colon_n/colonn4379.jpeg,0,benign
train,colon_n/colonn4380.jpeg,0,benign
train,colon_n/colonn4381.jpeg,0,benign
train,colon_n/colonn4382.jpeg,0,benign
train,colon_n/colonn4383.jpeg,0,benign
train,colon_n/colonn4384.jpeg,0,benign
train,colon_n/colonn4387.jpeg,0,benign
train,colon_n/colonn4388.jpeg,0,benign
train,colon_n/colonn439.jpeg,0,benign
train,colon_n/colonn4390.jpeg,0,benign
train,colon_n/colonn4392.jpeg,0,benign
train,colon_n/colonn4395.jpeg,0,benign
train,colon_n/colonn4396.jpeg,0,benign
train,colon_n/colonn44.jpeg,0,benign
train,colon_n/colonn440.jpeg,0,benign
train,colon_n/colonn4401.jpeg,0,benign
train,colon_n/colonn4402.jpeg,0,benign
train,colon_n/colonn4403.jpeg,0,benign
train,colon_n/colonn4404.jpeg,0,benign
train,colon_n/colonn4405.jpeg,0,benign
train,colon_n/colonn4406.jpeg,0,benign
train,colon_n/colonn4407.jpeg,0,benign
train,colon_n/colonn4408.jpeg,0,benign
train,colon_n/colonn4409.jpeg,0,benign
train,colon_n/colonn441.jpeg,0,benign
train,colon_n/colonn4411.jpeg,0,benign
train,colon_n/colonn4412.jpeg,0,benign
train,colon_n/colonn4413.jpeg,0,benign
train,colon_n/colonn4414.jpeg,0,benign
train,colon_n/colonn4415.jpeg,0,benign
train,colon_n/colonn4418.jpeg,0,benign
train,colon_n/colonn4419.jpeg,0,benign
train,colon_n/colonn442.jpeg,0,benign
train,colon_n/colonn4420.jpeg,0,benign
train,colon_n/colonn4421.jpeg,0,benign
train,colon_n/colonn4422.jpeg,0,benign
train,colon_n/colonn4424.jpeg,0,benign
train,colon_n/colonn4425.jpeg,0,benign
train,colon_n/colonn4426.jpeg,0,benign
train,colon_n/colonn4427.jpeg,0,benign
train,colon_n/colonn4428.jpeg,0,benign
train,colon_n/colonn4429.jpeg,0,benign
train,colon_n/colonn4430.jpeg,0,benign
train,colon_n/colonn4431.jpeg,0,benign
train,colon_n/colonn4432.jpeg,0,benign
train,colon_n/colonn4434.jpeg,0,benign
train,colon_n/colonn4436.jpeg,0,benign
train,colon_n/colonn4437.jpeg,0,benign
train,colon_n/colonn4438.jpeg,0,benign
train,colon_n/colonn4439.jpeg,0,benign
train,colon_n/colonn4440.jpeg,0,benign
train,colon_n/colonn4441.jpeg,0,benign
train,colon_n/colonn4442.jpeg,0,benign
train,colon_n/colonn4443.jpeg,0,benign
train,colon_n/colonn4444.jpeg,0,benign
train,colon_n/colonn4445.jpeg,0,benign
train,colon_n/colonn4446.jpeg,0,benign
train,colon_n/colonn4447.jpeg,0,benign
train,colon_n/colonn4449.jpeg,0,benign
train,colon_n/colonn445.jpeg,0,benign
train,colon_n/colonn4450.jpeg,0,benign
train,colon_n/colonn4451.jpeg,0,benign
train,colon_n/colonn4452.jpeg,0,benign
train,colon_n/colonn4453.jpeg,0,benign
train,colon_n/colonn4454.jpeg,0,benign
train,colon_n/colonn4456.jpeg,0,benign
train,colon_n/colonn4457.jpeg,0,benign
train,colon_n/colonn4459.jpeg,0,benign
train,colon_n/colonn446.jpeg,0,benign
train,colon_n/colonn4460.jpeg,0,benign
train,colon_n/colonn4462.jpeg,0,benign
train,colon_n/colonn4463.jpeg,0,benign
train,colon_n/colonn4466.jpeg,0,benign
train,colon_n/colonn4467.jpeg,0,benign
train,colon_n/colonn4469.jpeg,0,benign
train,colon_n/colonn447.jpeg,0,benign
train,colon_n/colonn4470.jpeg,0,benign
train,colon_n/colonn4471.jpeg,0,benign
train,colon_n/colonn4472.jpeg,0,benign
train,colon_n/colonn4473.jpeg,0,benign
train,colon_n/colonn4475.jpeg,0,benign
train,colon_n/colonn4477.jpeg,0,benign
train,colon_n/colonn4478.jpeg,0,benign
train,colon_n/colonn4479.jpeg,0,benign
train,colon_n/colonn448.jpeg,0,benign
train,colon_n/colonn4480.jpeg,0,benign
train,colon_n/colonn4481.jpeg,0,benign
train,colon_n/colonn4482.jpeg,0,benign
train,colon_n/colonn4483.jpeg,0,benign
train,colon_n/colonn4484.jpeg,0,benign
train,colon_n/colonn4485.jpeg,0,benign
train,colon_n/colonn4487.jpeg,0,benign
train,colon_n/colonn449.jpeg,0,benign
train,colon_n/colonn4491.jpeg,0,benign
train,colon_n/colonn4492.jpeg,0,benign
train,colon_n/colonn4493.jpeg,0,benign
train,colon_n/colonn4496.jpeg,0,benign
train,colon_n/colonn4497.jpeg,0,benign
train,colon_n/colonn4498.jpeg,0,benign
train,colon_n/colonn4499.jpeg,0,benign
train,colon_n/colonn45.jpeg,0,benign
train,colon_n/colonn4500.jpeg,0,benign
train,colon_n/colonn4501.jpeg,0,benign
train,colon_n/colonn4502.jpeg,0,benign
train,colon_n/colonn4503.jpeg,0,benign
train,colon_n/colonn4505.jpeg,0,benign
train,colon_n/colonn4506.jpeg,0,benign
train,colon_n/colonn4507.jpeg,0,benign
train,colon_n/colonn4508.jpeg,0,benign
train,colon_n/colonn451.jpeg,0,benign
train,colon_n/colonn4510.jpeg,0,benign
train,colon_n/colonn4511.jpeg,0,benign
train,colon_n/colonn4513.jpeg,0,benign
train,colon_n/colonn4514.jpeg,0,benign
train,colon_n/colonn4515.jpeg,0,benign
train,colon_n/colonn4516.jpeg,0,benign
train,colon_n/colonn4518.jpeg,0,benign
train,colon_n/colonn4519.jpeg,0,benign
train,colon_n/colonn452.jpeg,0,benign
train,colon_n/colonn4521.jpeg,0,benign
train,colon_n/colonn4522.jpeg,0,benign
train,colon_n/colonn4523.jpeg,0,benign
train,colon_n/colonn4524.jpeg,0,benign
train,colon_n/colonn4525.jpeg,0,benign
train,colon_n/colonn4526.jpeg,0,benign
train,colon_n/colonn4527.jpeg,0,benign
train,colon_n/colonn4528.jpeg,0,benign
train,colon_n/colonn4529.jpeg,0,benign
train,colon_n/colonn4530.jpeg,0,benign
train,colon_n/colonn4532.jpeg,0,benign
train,colon_n/colonn4533.jpeg,0,benign
train,colon_n/colonn4534.jpeg,0,benign
train,colon_n/colonn4535.jpeg,0,benign
train,colon_n/colonn4536.jpeg,0,benign
train,colon_n/colonn4537.jpeg,0,benign
train,colon_n/colonn4538.jpeg,0,benign
train,colon_n/colonn4539.jpeg,0,benign
train,colon_n/colonn454.jpeg,0,benign
train,colon_n/colonn4540.jpeg,0,benign
train,colon_n/colonn4541.jpeg,0,benign
train,colon_n/colonn4543.jpeg,0,benign
train,colon_n/colonn4544.jpeg,0,benign
train,colon_n/colonn4545.jpeg,0,benign
train,colon_n/colonn4546.jpeg,0,benign
train,colon_n/colonn4549.jpeg,0,benign
train,colon_n/colonn455.jpeg,0,benign
train,colon_n/colonn4550.jpeg,0,benign
train,colon_n/colonn4552.jpeg,0,benign
train,colon_n/colonn4553.jpeg,0,benign
train,colon_n/colonn4554.jpeg,0,benign
train,colon_n/colonn4558.jpeg,0,benign
train,colon_n/colonn4559.jpeg,0,benign
train,colon_n/colonn456.jpeg,0,benign
train,colon_n/colonn4560.jpeg,0,benign
train,colon_n/colonn4561.jpeg,0,benign
train,colon_n/colonn4562.jpeg,0,benign
train,colon_n/colonn4563.jpeg,0,benign
train,colon_n/colonn4564.jpeg,0,benign
train,colon_n/colonn4566.jpeg,0,benign
train,colon_n/colonn4567.jpeg,0,benign
train,colon_n/colonn4568.jpeg,0,benign
train,colon_n/colonn4569.jpeg,0,benign
train,colon_n/colonn457.jpeg,0,benign
train,colon_n/colonn4570.jpeg,0,benign
train,colon_n/colonn4572.jpeg,0,benign
train,colon_n/colonn4573.jpeg,0,benign
train,colon_n/colonn4574.jpeg,0,benign
train,colon_n/colonn4575.jpeg,0,benign
train,colon_n/colonn4577.jpeg,0,benign
train,colon_n/colonn4578.jpeg,0,benign
train,colon_n/colonn4579.jpeg,0,benign
train,colon_n/colonn458.jpeg,0,benign
train,colon_n/colonn4580.jpeg,0,benign
train,colon_n/colonn4581.jpeg,0,benign
train,colon_n/colonn4585.jpeg,0,benign
train,colon_n/colonn4587.jpeg,0,benign
train,colon_n/colonn4589.jpeg,0,benign
train,colon_n/colonn4590.jpeg,0,benign
train,colon_n/colonn4592.jpeg,0,benign
train,colon_n/colonn4594.jpeg,0,benign
train,colon_n/colonn4595.jpeg,0,benign
train,colon_n/colonn4597.jpeg,0,benign
train,colon_n/colonn4598.jpeg,0,benign
train,colon_n/colonn4599.jpeg,0,benign
train,colon_n/colonn460.jpeg,0,benign
train,colon_n/colonn4600.jpeg,0,benign
train,colon_n/colonn4603.jpeg,0,benign
train,colon_n/colonn4604.jpeg,0,benign
train,colon_n/colonn4606.jpeg,0,benign
train,colon_n/colonn4608.jpeg,0,benign
train,colon_n/colonn4609.jpeg,0,benign
train,colon_n/colonn461.jpeg,0,benign
train,colon_n/colonn4610.jpeg,0,benign
train,colon_n/colonn4612.jpeg,0,benign
train,colon_n/colonn4613.jpeg,0,benign
train,colon_n/colonn4616.jpeg,0,benign
train,colon_n/colonn4617.jpeg,0,benign
train,colon_n/colonn4619.jpeg,0,benign
train,colon_n/colonn462.jpeg,0,benign
train,colon_n/colonn4620.jpeg,0,benign
train,colon_n/colonn4622.jpeg,0,benign
train,colon_n/colonn4624.jpeg,0,benign
train,colon_n/colonn4627.jpeg,0,benign
train,colon_n/colonn4628.jpeg,0,benign
train,colon_n/colonn463.jpeg,0,benign
train,colon_n/colonn4630.jpeg,0,benign
train,colon_n/colonn4631.jpeg,0,benign
train,colon_n/colonn4632.jpeg,0,benign
train,colon_n/colonn4633.jpeg,0,benign
train,colon_n/colonn4635.jpeg,0,benign
train,colon_n/colonn4636.jpeg,0,benign
train,colon_n/colonn4638.jpeg,0,benign
train,colon_n/colonn4639.jpeg,0,benign
train,colon_n/colonn4640.jpeg,0,benign
train,colon_n/colonn4641.jpeg,0,benign
train,colon_n/colonn4642.jpeg,0,benign
train,colon_n/colonn4643.jpeg,0,benign
train,colon_n/colonn4644.jpeg,0,benign
train,colon_n/colonn4646.jpeg,0,benign
train,colon_n/colonn4647.jpeg,0,benign
train,colon_n/colonn4648.jpeg,0,benign
train,colon_n/colonn4649.jpeg,0,benign
train,colon_n/colonn465.jpeg,0,benign
train,colon_n/colonn4651.jpeg,0,benign
train,colon_n/colonn4652.jpeg,0,benign
train,colon_n/colonn4655.jpeg,0,benign
train,colon_n/colonn4657.jpeg,0,benign
train,colon_n/colonn4658.jpeg,0,benign
train,colon_n/colonn4659.jpeg,0,benign
train,colon_n/colonn4660.jpeg,0,benign
train,colon_n/colonn4663.jpeg,0,benign
train,colon_n/colonn4664.jpeg,0,benign
train,colon_n/colonn4665.jpeg,0,benign
train,colon_n/colonn4666.jpeg,0,benign
train,colon_n/colonn4667.jpeg,0,benign
train,colon_n/colonn4668.jpeg,0,benign
train,colon_n/colonn4669.jpeg,0,benign
train,colon_n/colonn467.jpeg,0,benign
train,colon_n/colonn4671.jpeg,0,benign
train,colon_n/colonn4673.jpeg,0,benign
train,colon_n/colonn4674.jpeg,0,benign
train,colon_n/colonn4675.jpeg,0,benign
train,colon_n/colonn4678.jpeg,0,benign
train,colon_n/colonn4679.jpeg,0,benign
train,colon_n/colonn468.jpeg,0,benign
train,colon_n/colonn4681.jpeg,0,benign
train,colon_n/colonn4682.jpeg,0,benign
train,colon_n/colonn4683.jpeg,0,benign
train,colon_n/colonn4684.jpeg,0,benign
train,colon_n/colonn4685.jpeg,0,benign
train,colon_n/colonn4688.jpeg,0,benign
train,colon_n/colonn4689.jpeg,0,benign
train,colon_n/colonn469.jpeg,0,benign
train,colon_n/colonn4692.jpeg,0,benign
train,colon_n/colonn4693.jpeg,0,benign
train,colon_n/colonn4694.jpeg,0,benign
train,colon_n/colonn4697.jpeg,0,benign
train,colon_n/colonn4698.jpeg,0,benign
train,colon_n/colonn4699.jpeg,0,benign
train,colon_n/colonn47.jpeg,0,benign
train,colon_n/colonn470.jpeg,0,benign
train,colon_n/colonn4700.jpeg,0,benign
train,colon_n/colonn4701.jpeg,0,benign
train,colon_n/colonn4703.jpeg,0,benign
train,colon_n/colonn4705.jpeg,0,benign
train,colon_n/colonn4706.jpeg,0,benign
train,colon_n/colonn4707.jpeg,0,benign
train,colon_n/colonn4708.jpeg,0,benign
train,colon_n/colonn4712.jpeg,0,benign
train,colon_n/colonn4714.jpeg,0,benign
train,colon_n/colonn4715.jpeg,0,benign
train,colon_n/colonn4716.jpeg,0,benign
train,colon_n/colonn4719.jpeg,0,benign
train,colon_n/colonn4720.jpeg,0,benign
train,colon_n/colonn4724.jpeg,0,benign
train,colon_n/colonn4726.jpeg,0,benign
train,colon_n/colonn4729.jpeg,0,benign
train,colon_n/colonn473.jpeg,0,benign
train,colon_n/colonn4731.jpeg,0,benign
train,colon_n/colonn4732.jpeg,0,benign
train,colon_n/colonn4734.jpeg,0,benign
train,colon_n/colonn4735.jpeg,0,benign
train,colon_n/colonn4736.jpeg,0,benign
train,colon_n/colonn4737.jpeg,0,benign
train,colon_n/colonn4738.jpeg,0,benign
train,colon_n/colonn4739.jpeg,0,benign
train,colon_n/colonn4740.jpeg,0,benign
train,colon_n/colonn4742.jpeg,0,benign
train,colon_n/colonn4744.jpeg,0,benign
train,colon_n/colonn4745.jpeg,0,benign
train,colon_n/colonn4746.jpeg,0,benign
train,colon_n/colonn4748.jpeg,0,benign
train,colon_n/colonn4749.jpeg,0,benign
train,colon_n/colonn4751.jpeg,0,benign
train,colon_n/colonn4754.jpeg,0,benign
train,colon_n/colonn4755.jpeg,0,benign
train,colon_n/colonn4756.jpeg,0,benign
train,colon_n/colonn4758.jpeg,0,benign
train,colon_n/colonn4760.jpeg,0,benign
train,colon_n/colonn4761.jpeg,0,benign
train,colon_n/colonn4762.jpeg,0,benign
train,colon_n/colonn4763.jpeg,0,benign
train,colon_n/colonn4764.jpeg,0,benign
train,colon_n/colonn477.jpeg,0,benign
train,colon_n/colonn4770.jpeg,0,benign
train,colon_n/colonn4772.jpeg,0,benign
train,colon_n/colonn4773.jpeg,0,benign
train,colon_n/colonn4774.jpeg,0,benign
train,colon_n/colonn4775.jpeg,0,benign
train,colon_n/colonn4777.jpeg,0,benign
train,colon_n/colonn4778.jpeg,0,benign
train,colon_n/colonn478.jpeg,0,benign
train,colon_n/colonn4780.jpeg,0,benign
train,colon_n/colonn4782.jpeg,0,benign
train,colon_n/colonn4783.jpeg,0,benign
train,colon_n/colonn4784.jpeg,0,benign
train,colon_n/colonn4786.jpeg,0,benign
train,colon_n/colonn4788.jpeg,0,benign
train,colon_n/colonn4789.jpeg,0,benign
train,colon_n/colonn479.jpeg,0,benign
train,colon_n/colonn4790.jpeg,0,benign
train,colon_n/colonn4791.jpeg,0,benign
train,colon_n/colonn4792.jpeg,0,benign
train,colon_n/colonn4793.jpeg,0,benign
train,colon_n/colonn4794.jpeg,0,benign
train,colon_n/colonn4795.jpeg,0,benign
train,colon_n/colonn4797.jpeg,0,benign
train,colon_n/colonn4799.jpeg,0,benign
train,colon_n/colonn48.jpeg,0,benign
train,colon_n/colonn480.jpeg,0,benign
train,colon_n/colonn4800.jpeg,0,benign
train,colon_n/colonn4801.jpeg,0,benign
train,colon_n/colonn4802.jpeg,0,benign
train,colon_n/colonn4803.jpeg,0,benign
train,colon_n/colonn4804.jpeg,0,benign
train,colon_n/colonn4805.jpeg,0,benign
train,colon_n/colonn4806.jpeg,0,benign
train,colon_n/colonn4807.jpeg,0,benign
train,colon_n/colonn481.jpeg,0,benign
train,colon_n/colonn4811.jpeg,0,benign
train,colon_n/colonn4812.jpeg,0,benign
train,colon_n/colonn4813.jpeg,0,benign
train,colon_n/colonn4814.jpeg,0,benign
train,colon_n/colonn4815.jpeg,0,benign
train,colon_n/colonn4816.jpeg,0,benign
train,colon_n/colonn4817.jpeg,0,benign
train,colon_n/colonn4818.jpeg,0,benign
train,colon_n/colonn4819.jpeg,0,benign
train,colon_n/colonn482.jpeg,0,benign
train,colon_n/colonn4820.jpeg,0,benign
train,colon_n/colonn4821.jpeg,0,benign
train,colon_n/colonn4824.jpeg,0,benign
train,colon_n/colonn4825.jpeg,0,benign
train,colon_n/colonn4826.jpeg,0,benign
train,colon_n/colonn4827.jpeg,0,benign
train,colon_n/colonn4828.jpeg,0,benign
train,colon_n/colonn4829.jpeg,0,benign
train,colon_n/colonn483.jpeg,0,benign
train,colon_n/colonn4830.jpeg,0,benign
train,colon_n/colonn4831.jpeg,0,benign
train,colon_n/colonn4832.jpeg,0,benign
train,colon_n/colonn4835.jpeg,0,benign
train,colon_n/colonn4836.jpeg,0,benign
train,colon_n/colonn4837.jpeg,0,benign
train,colon_n/colonn4838.jpeg,0,benign
train,colon_n/colonn4839.jpeg,0,benign
train,colon_n/colonn484.jpeg,0,benign
train,colon_n/colonn4841.jpeg,0,benign
train,colon_n/colonn4843.jpeg,0,benign
train,colon_n/colonn4844.jpeg,0,benign
train,colon_n/colonn4845.jpeg,0,benign
train,colon_n/colonn4846.jpeg,0,benign
train,colon_n/colonn4847.jpeg,0,benign
train,colon_n/colonn4849.jpeg,0,benign
train,colon_n/colonn485.jpeg,0,benign
train,colon_n/colonn4850.jpeg,0,benign
train,colon_n/colonn4851.jpeg,0,benign
train,colon_n/colonn4852.jpeg,0,benign
train,colon_n/colonn4855.jpeg,0,benign
train,colon_n/colonn4857.jpeg,0,benign
train,colon_n/colonn4858.jpeg,0,benign
train,colon_n/colonn4859.jpeg,0,benign
train,colon_n/colonn486.jpeg,0,benign
train,colon_n/colonn4860.jpeg,0,benign
train,colon_n/colonn4861.jpeg,0,benign
train,colon_n/colonn4862.jpeg,0,benign
train,colon_n/colonn4864.jpeg,0,benign
train,colon_n/colonn4866.jpeg,0,benign
train,colon_n/colonn4869.jpeg,0,benign
train,colon_n/colonn4870.jpeg,0,benign
train,colon_n/colonn4871.jpeg,0,benign
train,colon_n/colonn4872.jpeg,0,benign
train,colon_n/colonn4873.jpeg,0,benign
train,colon_n/colonn4875.jpeg,0,benign
train,colon_n/colonn4876.jpeg,0,benign
train,colon_n/colonn4877.jpeg,0,benign
train,colon_n/colonn4878.jpeg,0,benign
train,colon_n/colonn4879.jpeg,0,benign
train,colon_n/colonn488.jpeg,0,benign
train,colon_n/colonn4881.jpeg,0,benign
train,colon_n/colonn4882.jpeg,0,benign
train,colon_n/colonn4883.jpeg,0,benign
train,colon_n/colonn4884.jpeg,0,benign
train,colon_n/colonn4885.jpeg,0,benign
train,colon_n/colonn4886.jpeg,0,benign
train,colon_n/colonn4887.jpeg,0,benign
train,colon_n/colonn4888.jpeg,0,benign
train,colon_n/colonn4889.jpeg,0,benign
train,colon_n/colonn489.jpeg,0,benign
train,colon_n/colonn4890.jpeg,0,benign
train,colon_n/colonn4891.jpeg,0,benign
train,colon_n/colonn4892.jpeg,0,benign
train,colon_n/colonn4893.jpeg,0,benign
train,colon_n/colonn4894.jpeg,0,benign
train,colon_n/colonn4895.jpeg,0,benign
train,colon_n/colonn4896.jpeg,0,benign
train,colon_n/colonn4898.jpeg,0,benign
train,colon_n/colonn49.jpeg,0,benign
train,colon_n/colonn490.jpeg,0,benign
train,colon_n/colonn4900.jpeg,0,benign
train,colon_n/colonn4901.jpeg,0,benign
train,colon_n/colonn4902.jpeg,0,benign
train,colon_n/colonn4904.jpeg,0,benign
train,colon_n/colonn4905.jpeg,0,benign
train,colon_n/colonn4907.jpeg,0,benign
train,colon_n/colonn4908.jpeg,0,benign
train,colon_n/colonn4910.jpeg,0,benign
train,colon_n/colonn4911.jpeg,0,benign
train,colon_n/colonn4913.jpeg,0,benign
train,colon_n/colonn4914.jpeg,0,benign
train,colon_n/colonn4916.jpeg,0,benign
train,colon_n/colonn4917.jpeg,0,benign
train,colon_n/colonn4918.jpeg,0,benign
train,colon_n/colonn4920.jpeg,0,benign
train,colon_n/colonn4921.jpeg,0,benign
train,colon_n/colonn4922.jpeg,0,benign
train,colon_n/colonn4924.jpeg,0,benign
train,colon_n/colonn4925.jpeg,0,benign
train,colon_n/colonn4928.jpeg,0,benign
train,colon_n/colonn4930.jpeg,0,benign
train,colon_n/colonn4931.jpeg,0,benign
train,colon_n/colonn4933.jpeg,0,benign
train,colon_n/colonn4935.jpeg,0,benign
train,colon_n/colonn4936.jpeg,0,benign
train,colon_n/colonn4937.jpeg,0,benign
train,colon_n/colonn4938.jpeg,0,benign
train,colon_n/colonn4939.jpeg,0,benign
train,colon_n/colonn4942.jpeg,0,benign
train,colon_n/colonn4943.jpeg,0,benign
train,colon_n/colonn4945.jpeg,0,benign
train,colon_n/colonn4946.jpeg,0,benign
train,colon_n/colonn4947.jpeg,0,benign
train,colon_n/colonn4949.jpeg,0,benign
train,colon_n/colonn4952.jpeg,0,benign
train,colon_n/colonn4955.jpeg,0,benign
train,colon_n/colonn4956.jpeg,0,benign
train,colon_n/colonn4957.jpeg,0,benign
train,colon_n/colonn4959.jpeg,0,benign
train,colon_n/colonn4960.jpeg,0,benign
train,colon_n/colonn4961.jpeg,0,benign
train,colon_n/colonn4962.jpeg,0,benign
train,colon_n/colonn4963.jpeg,0,benign
train,colon_n/colonn4964.jpeg,0,benign
train,colon_n/colonn4965.jpeg,0,benign
train,colon_n/colonn4966.jpeg,0,benign
train,colon_n/colonn4967.jpeg,0,benign
train,colon_n/colonn4968.jpeg,0,benign
train,colon_n/colonn4969.jpeg,0,benign
train,colon_n/colonn497.jpeg,0,benign
train,colon_n/colonn4970.jpeg,0,benign
train,colon_n/colonn4972.jpeg,0,benign
train,colon_n/colonn4973.jpeg,0,benign
train,colon_n/colonn4974.jpeg,0,benign
train,colon_n/colonn4976.jpeg,0,benign
train,colon_n/colonn4977.jpeg,0,benign
train,colon_n/colonn4978.jpeg,0,benign
train,colon_n/colonn4979.jpeg,0,benign
train,colon_n/colonn498.jpeg,0,benign
train,colon_n/colonn4980.jpeg,0,benign
train,colon_n/colonn4981.jpeg,0,benign
train,colon_n/colonn4982.jpeg,0,benign
train,colon_n/colonn4985.jpeg,0,benign
train,colon_n/colonn4987.jpeg,0,benign
train,colon_n/colonn4990.jpeg,0,benign
train,colon_n/colonn4991.jpeg,0,benign
train,colon_n/colonn4992.jpeg,0,benign
train,colon_n/colonn4993.jpeg,0,benign
train,colon_n/colonn4994.jpeg,0,benign
train,colon_n/colonn4995.jpeg,0,benign
train,colon_n/colonn4996.jpeg,0,benign
train,colon_n/colonn4998.jpeg,0,benign
train,colon_n/colonn4999.jpeg,0,benign
train,colon_n/colonn5.jpeg,0,benign
train,colon_n/colonn50.jpeg,0,benign
train,colon_n/colonn500.jpeg,0,benign
train,colon_n/colonn5000.jpeg,0,benign
train,colon_n/colonn502.jpeg,0,benign
train,colon_n/colonn503.jpeg,0,benign
train,colon_n/colonn506.jpeg,0,benign
train,colon_n/colonn507.jpeg,0,benign
train,colon_n/colonn508.jpeg,0,benign
train,colon_n/colonn509.jpeg,0,benign
train,colon_n/colonn51.jpeg,0,benign
train,colon_n/colonn510.jpeg,0,benign
train,colon_n/colonn511.jpeg,0,benign
train,colon_n/colonn512.jpeg,0,benign
train,colon_n/colonn513.jpeg,0,benign
train,colon_n/colonn514.jpeg,0,benign
train,colon_n/colonn515.jpeg,0,benign
train,colon_n/colonn518.jpeg,0,benign
train,colon_n/colonn519.jpeg,0,benign
train,colon_n/colonn52.jpeg,0,benign
train,colon_n/colonn521.jpeg,0,benign
train,colon_n/colonn522.jpeg,0,benign
train,colon_n/colonn523.jpeg,0,benign
train,colon_n/colonn524.jpeg,0,benign
train,colon_n/colonn526.jpeg,0,benign
train,colon_n/colonn527.jpeg,0,benign
train,colon_n/colonn528.jpeg,0,benign
train,colon_n/colonn529.jpeg,0,benign
train,colon_n/colonn53.jpeg,0,benign
train,colon_n/colonn530.jpeg,0,benign
train,colon_n/colonn532.jpeg,0,benign
train,colon_n/colonn533.jpeg,0,benign
train,colon_n/colonn534.jpeg,0,benign
train,colon_n/colonn537.jpeg,0,benign
train,colon_n/colonn539.jpeg,0,benign
train,colon_n/colonn543.jpeg,0,benign
train,colon_n/colonn546.jpeg,0,benign
train,colon_n/colonn549.jpeg,0,benign
train,colon_n/colonn55.jpeg,0,benign
train,colon_n/colonn550.jpeg,0,benign
train,colon_n/colonn552.jpeg,0,benign
train,colon_n/colonn553.jpeg,0,benign
train,colon_n/colonn554.jpeg,0,benign
train,colon_n/colonn555.jpeg,0,benign
train,colon_n/colonn557.jpeg,0,benign
train,colon_n/colonn558.jpeg,0,benign
train,colon_n/colonn56.jpeg,0,benign
train,colon_n/colonn560.jpeg,0,benign
train,colon_n/colonn562.jpeg,0,benign
train,colon_n/colonn565.jpeg,0,benign
train,colon_n/colonn566.jpeg,0,benign
train,colon_n/colonn567.jpeg,0,benign
train,colon_n/colonn569.jpeg,0,benign
train,colon_n/colonn57.jpeg,0,benign
train,colon_n/colonn570.jpeg,0,benign
train,colon_n/colonn571.jpeg,0,benign
train,colon_n/colonn574.jpeg,0,benign
train,colon_n/colonn575.jpeg,0,benign
train,colon_n/colonn576.jpeg,0,benign
train,colon_n/colonn58.jpeg,0,benign
train,colon_n/colonn582.jpeg,0,benign
train,colon_n/colonn583.jpeg,0,benign
train,colon_n/colonn584.jpeg,0,benign
train,colon_n/colonn585.jpeg,0,benign
train,colon_n/colonn586.jpeg,0,benign
train,colon_n/colonn589.jpeg,0,benign
train,colon_n/colonn59.jpeg,0,benign
train,colon_n/colonn590.jpeg,0,benign
train,colon_n/colonn593.jpeg,0,benign
train,colon_n/colonn594.jpeg,0,benign
train,colon_n/colonn596.jpeg,0,benign
train,colon_n/colonn597.jpeg,0,benign
train,colon_n/colonn598.jpeg,0,benign
train,colon_n/colonn60.jpeg,0,benign
train,colon_n/colonn601.jpeg,0,benign
train,colon_n/colonn602.jpeg,0,benign
train,colon_n/colonn603.jpeg,0,benign
train,colon_n/colonn604.jpeg,0,benign
train,colon_n/colonn605.jpeg,0,benign
train,colon_n/colonn608.jpeg,0,benign
train,colon_n/colonn61.jpeg,0,benign
train,colon_n/colonn611.jpeg,0,benign
train,colon_n/colonn613.jpeg,0,benign
train,colon_n/colonn614.jpeg,0,benign
train,colon_n/colonn615.jpeg,0,benign
train,colon_n/colonn616.jpeg,0,benign
train,colon_n/colonn617.jpeg,0,benign
train,colon_n/colonn618.jpeg,0,benign
train,colon_n/colonn619.jpeg,0,benign
train,colon_n/colonn620.jpeg,0,benign
train,colon_n/colonn621.jpeg,0,benign
train,colon_n/colonn622.jpeg,0,benign
train,colon_n/colonn624.jpeg,0,benign
train,colon_n/colonn625.jpeg,0,benign
train,colon_n/colonn627.jpeg,0,benign
train,colon_n/colonn628.jpeg,0,benign
train,colon_n/colonn629.jpeg,0,benign
train,colon_n/colonn63.jpeg,0,benign
train,colon_n/colonn632.jpeg,0,benign
train,colon_n/colonn633.jpeg,0,benign
train,colon_n/colonn634.jpeg,0,benign
train,colon_n/colonn635.jpeg,0,benign
train,colon_n/colonn636.jpeg,0,benign
train,colon_n/colonn638.jpeg,0,benign
train,colon_n/colonn64.jpeg,0,benign
train,colon_n/colonn641.jpeg,0,benign
train,colon_n/colonn642.jpeg,0,benign
train,colon_n/colonn643.jpeg,0,benign
train,colon_n/colonn644.jpeg,0,benign
train,colon_n/colonn645.jpeg,0,benign
train,colon_n/colonn646.jpeg,0,benign
train,colon_n/colonn648.jpeg,0,benign
train,colon_n/colonn649.jpeg,0,benign
train,colon_n/colonn650.jpeg,0,benign
train,colon_n/colonn652.jpeg,0,benign
train,colon_n/colonn653.jpeg,0,benign
train,colon_n/colonn656.jpeg,0,benign
train,colon_n/colonn657.jpeg,0,benign
train,colon_n/colonn658.jpeg,0,benign
train,colon_n/colonn659.jpeg,0,benign
train,colon_n/colonn66.jpeg,0,benign
train,colon_n/colonn660.jpeg,0,benign
train,colon_n/colonn661.jpeg,0,benign
train,colon_n/colonn662.jpeg,0,benign
train,colon_n/colonn663.jpeg,0,benign
train,colon_n/colonn664.jpeg,0,benign
train,colon_n/colonn666.jpeg,0,benign
train,colon_n/colonn667.jpeg,0,benign
train,colon_n/colonn669.jpeg,0,benign
train,colon_n/colonn670.jpeg,0,benign
train,colon_n/colonn673.jpeg,0,benign
train,colon_n/colonn675.jpeg,0,benign
train,colon_n/colonn676.jpeg,0,benign
train,colon_n/colonn678.jpeg,0,benign
train,colon_n/colonn679.jpeg,0,benign
train,colon_n/colonn681.jpeg,0,benign
train,colon_n/colonn682.jpeg,0,benign
train,colon_n/colonn683.jpeg,0,benign
train,colon_n/colonn684.jpeg,0,benign
train,colon_n/colonn685.jpeg,0,benign
train,colon_n/colonn686.jpeg,0,benign
train,colon_n/colonn687.jpeg,0,benign
train,colon_n/colonn688.jpeg,0,benign
train,colon_n/colonn69.jpeg,0,benign
train,colon_n/colonn690.jpeg,0,benign
train,colon_n/colonn693.jpeg,0,benign
train,colon_n/colonn695.jpeg,0,benign
train,colon_n/colonn696.jpeg,0,benign
train,colon_n/colonn697.jpeg,0,benign
train,colon_n/colonn699.jpeg,0,benign
train,colon_n/colonn7.jpeg,0,benign
train,colon_n/colonn700.jpeg,0,benign
train,colon_n/colonn701.jpeg,0,benign
train,colon_n/colonn703.jpeg,0,benign
train,colon_n/colonn704.jpeg,0,benign
train,colon_n/colonn705.jpeg,0,benign
train,colon_n/colonn706.jpeg,0,benign
train,colon_n/colonn707.jpeg,0,benign
train,colon_n/colonn708.jpeg,0,benign
train,colon_n/colonn709.jpeg,0,benign
train,colon_n/colonn71.jpeg,0,benign
train,colon_n/colonn710.jpeg,0,benign
train,colon_n/colonn711.jpeg,0,benign
train,colon_n/colonn713.jpeg,0,benign
train,colon_n/colonn714.jpeg,0,benign
train,colon_n/colonn716.jpeg,0,benign
train,colon_n/colonn717.jpeg,0,benign
train,colon_n/colonn718.jpeg,0,benign
train,colon_n/colonn719.jpeg,0,benign
train,colon_n/colonn720.jpeg,0,benign
train,colon_n/colonn721.jpeg,0,benign
train,colon_n/colonn722.jpeg,0,benign
train,colon_n/colonn723.jpeg,0,benign
train,colon_n/colonn725.jpeg,0,benign
train,colon_n/colonn726.jpeg,0,benign
train,colon_n/colonn727.jpeg,0,benign
train,colon_n/colonn728.jpeg,0,benign
train,colon_n/colonn729.jpeg,0,benign
train,colon_n/colonn73.jpeg,0,benign
train,colon_n/colonn733.jpeg,0,benign
train,colon_n/colonn735.jpeg,0,benign
train,colon_n/colonn736.jpeg,0,benign
train,colon_n/colonn737.jpeg,0,benign
train,colon_n/colonn738.jpeg,0,benign
train,colon_n/colonn739.jpeg,0,benign
train,colon_n/colonn74.jpeg,0,benign
train,colon_n/colonn741.jpeg,0,benign
train,colon_n/colonn742.jpeg,0,benign
train,colon_n/colonn743.jpeg,0,benign
train,colon_n/colonn745.jpeg,0,benign
train,colon_n/colonn746.jpeg,0,benign
train,colon_n/colonn747.jpeg,0,benign
train,colon_n/colonn748.jpeg,0,benign
train,colon_n/colonn749.jpeg,0,benign
train,colon_n/colonn750.jpeg,0,benign
train,colon_n/colonn752.jpeg,0,benign
train,colon_n/colonn755.jpeg,0,benign
train,colon_n/colonn758.jpeg,0,benign
train,colon_n/colonn76.jpeg,0,benign
train,colon_n/colonn764.jpeg,0,benign
train,colon_n/colonn765.jpeg,0,benign
train,colon_n/colonn766.jpeg,0,benign
train,colon_n/colonn768.jpeg,0,benign
train,colon_n/colonn77.jpeg,0,benign
train,colon_n/colonn770.jpeg,0,benign
train,colon_n/colonn771.jpeg,0,benign
train,colon_n/colonn773.jpeg,0,benign
train,colon_n/colonn774.jpeg,0,benign
train,colon_n/colonn775.jpeg,0,benign
train,colon_n/colonn776.jpeg,0,benign
train,colon_n/colonn777.jpeg,0,benign
train,colon_n/colonn778.jpeg,0,benign
train,colon_n/colonn779.jpeg,0,benign
train,colon_n/colonn78.jpeg,0,benign
train,colon_n/colonn780.jpeg,0,benign
train,colon_n/colonn781.jpeg,0,benign
train,colon_n/colonn782.jpeg,0,benign
train,colon_n/colonn783.jpeg,0,benign
train,colon_n/colonn784.jpeg,0,benign
train,colon_n/colonn785.jpeg,0,benign
train,colon_n/colonn786.jpeg,0,benign
train,colon_n/colonn787.jpeg,0,benign
train,colon_n/colonn788.jpeg,0,benign
train,colon_n/colonn789.jpeg,0,benign
train,colon_n/colonn79.jpeg,0,benign
train,colon_n/colonn791.jpeg,0,benign
train,colon_n/colonn792.jpeg,0,benign
train,colon_n/colonn793.jpeg,0,benign
train,colon_n/colonn794.jpeg,0,benign
train,colon_n/colonn795.jpeg,0,benign
train,colon_n/colonn796.jpeg,0,benign
train,colon_n/colonn798.jpeg,0,benign
train,colon_n/colonn799.jpeg,0,benign
train,colon_n/colonn8.jpeg,0,benign
train,colon_n/colonn801.jpeg,0,benign
train,colon_n/colonn802.jpeg,0,benign
train,colon_n/colonn803.jpeg,0,benign
train,colon_n/colonn805.jpeg,0,benign
train,colon_n/colonn806.jpeg,0,benign
train,colon_n/colonn808.jpeg,0,benign
train,colon_n/colonn809.jpeg,0,benign
train,colon_n/colonn81.jpeg,0,benign
train,colon_n/colonn810.jpeg,0,benign
train,colon_n/colonn811.jpeg,0,benign
train,colon_n/colonn812.jpeg,0,benign
train,colon_n/colonn813.jpeg,0,benign
train,colon_n/colonn815.jpeg,0,benign
train,colon_n/colonn816.jpeg,0,benign
train,colon_n/colonn819.jpeg,0,benign
train,colon_n/colonn82.jpeg,0,benign
train,colon_n/colonn820.jpeg,0,benign
train,colon_n/colonn823.jpeg,0,benign
train,colon_n/colonn826.jpeg,0,benign
train,colon_n/colonn827.jpeg,0,benign
train,colon_n/colonn828.jpeg,0,benign
train,colon_n/colonn829.jpeg,0,benign
train,colon_n/colonn83.jpeg,0,benign
train,colon_n/colonn830.jpeg,0,benign
train,colon_n/colonn832.jpeg,0,benign
train,colon_n/colonn833.jpeg,0,benign
train,colon_n/colonn834.jpeg,0,benign
train,colon_n/colonn836.jpeg,0,benign
train,colon_n/colonn838.jpeg,0,benign
train,colon_n/colonn839.jpeg,0,benign
train,colon_n/colonn840.jpeg,0,benign
train,colon_n/colonn841.jpeg,0,benign
train,colon_n/colonn842.jpeg,0,benign
train,colon_n/colonn843.jpeg,0,benign
train,colon_n/colonn845.jpeg,0,benign
train,colon_n/colonn846.jpeg,0,benign
train,colon_n/colonn847.jpeg,0,benign
train,colon_n/colonn848.jpeg,0,benign
train,colon_n/colonn849.jpeg,0,benign
train,colon_n/colonn85.jpeg,0,benign
train,colon_n/colonn850.jpeg,0,benign
train,colon_n/colonn853.jpeg,0,benign
train,colon_n/colonn854.jpeg,0,benign
train,colon_n/colonn856.jpeg,0,benign
train,colon_n/colonn857.jpeg,0,benign
train,colon_n/colonn86.jpeg,0,benign
train,colon_n/colonn860.jpeg,0,benign
train,colon_n/colonn861.jpeg,0,benign
train,colon_n/colonn862.jpeg,0,benign
train,colon_n/colonn863.jpeg,0,benign
train,colon_n/colonn868.jpeg,0,benign
train,colon_n/colonn869.jpeg,0,benign
train,colon_n/colonn871.jpeg,0,benign
train,colon_n/colonn874.jpeg,0,benign
train,colon_n/colonn875.jpeg,0,benign
train,colon_n/colonn876.jpeg,0,benign
train,colon_n/colonn878.jpeg,0,benign
train,colon_n/colonn879.jpeg,0,benign
train,colon_n/colonn880.jpeg,0,benign
train,colon_n/colonn882.jpeg,0,benign
train,colon_n/colonn883.jpeg,0,benign
train,colon_n/colonn884.jpeg,0,benign
train,colon_n/colonn885.jpeg,0,benign
train,colon_n/colonn886.jpeg,0,benign
train,colon_n/colonn889.jpeg,0,benign
train,colon_n/colonn89.jpeg,0,benign
train,colon_n/colonn891.jpeg,0,benign
train,colon_n/colonn892.jpeg,0,benign
train,colon_n/colonn894.jpeg,0,benign
train,colon_n/colonn895.jpeg,0,benign
train,colon_n/colonn896.jpeg,0,benign
train,colon_n/colonn897.jpeg,0,benign
train,colon_n/colonn899.jpeg,0,benign
train,colon_n/colonn9.jpeg,0,benign
train,colon_n/colonn90.jpeg,0,benign
train,colon_n/colonn901.jpeg,0,benign
train,colon_n/colonn902.jpeg,0,benign
train,colon_n/colonn903.jpeg,0,benign
train,colon_n/colonn904.jpeg,0,benign
train,colon_n/colonn906.jpeg,0,benign
train,colon_n/colonn907.jpeg,0,benign
train,colon_n/colonn909.jpeg,0,benign
train,colon_n/colonn91.jpeg,0,benign
train,colon_n/colonn910.jpeg,0,benign
train,colon_n/colonn913.jpeg,0,benign
train,colon_n/colonn914.jpeg,0,benign
train,colon_n/colonn915.jpeg,0,benign
train,colon_n/colonn917.jpeg,0,benign
train,colon_n/colonn920.jpeg,0,benign
train,colon_n/colonn921.jpeg,0,benign
train,colon_n/colonn922.jpeg,0,benign
train,colon_n/colonn923.jpeg,0,benign
train,colon_n/colonn924.jpeg,0,benign
train,colon_n/colonn925.jpeg,0,benign
train,colon_n/colonn927.jpeg,0,benign
train,colon_n/colonn928.jpeg,0,benign
train,colon_n/colonn93.jpeg,0,benign
train,colon_n/colonn931.jpeg,0,benign
train,colon_n/colonn932.jpeg,0,benign
train,colon_n/colonn934.jpeg,0,benign
train,colon_n/colonn936.jpeg,0,benign
train,colon_n/colonn937.jpeg,0,benign
train,colon_n/colonn938.jpeg,0,benign
train,colon_n/colonn939.jpeg,0,benign
train,colon_n/colonn940.jpeg,0,benign
train,colon_n/colonn941.jpeg,0,benign
train,colon_n/colonn942.jpeg,0,benign
train,colon_n/colonn944.jpeg,0,benign
train,colon_n/colonn945.jpeg,0,benign
train,colon_n/colonn946.jpeg,0,benign
train,colon_n/colonn947.jpeg,0,benign
train,colon_n/colonn948.jpeg,0,benign
train,colon_n/colonn949.jpeg,0,benign
train,colon_n/colonn95.jpeg,0,benign
train,colon_n/colonn952.jpeg,0,benign
train,colon_n/colonn955.jpeg,0,benign
train,colon_n/colonn956.jpeg,0,benign
train,colon_n/colonn958.jpeg,0,benign
train,colon_n/colonn960.jpeg,0,benign
train,colon_n/colonn961.jpeg,0,benign
train,colon_n/colonn962.jpeg,0,benign
train,colon_n/colonn964.jpeg,0,benign
train,colon_n/colonn965.jpeg,0,benign
train,colon_n/colonn966.jpeg,0,benign
train,colon_n/colonn968.jpeg,0,benign
train,colon_n/colonn969.jpeg,0,benign
train,colon_n/colonn97.jpeg,0,benign
train,colon_n/colonn970.jpeg,0,benign
train,colon_n/colonn971.jpeg,0,benign
train,colon_n/colonn972.jpeg,0,benign
train,colon_n/colonn974.jpeg,0,benign
train,colon_n/colonn975.jpeg,0,benign
train,colon_n/colonn976.jpeg,0,benign
train,colon_n/colonn977.jpeg,0,benign
train,colon_n/colonn979.jpeg,0,benign
train,colon_n/colonn98.jpeg,0,benign
train,colon_n/colonn980.jpeg,0,benign
train,colon_n/colonn982.jpeg,0,benign
train,colon_n/colonn984.jpeg,0,benign
train,colon_n/colonn985.jpeg,0,benign
train,colon_n/colonn988.jpeg,0,benign
train,colon_n/colonn989.jpeg,0,benign
train,colon_n/colonn99.jpeg,0,benign
train,colon_n/colonn990.jpeg,0,benign
train,colon_n/colonn993.jpeg,0,benign
train,colon_n/colonn995.jpeg,0,benign
train,colon_n/colonn996.jpeg,0,benign
train,colon_n/colonn997.jpeg,0,benign
train,colon_n/colonn998.jpeg,0,benign
train,colon_n/colonn999.jpeg,0,benign
train,colon_aca/colonca1.jpeg,1,adenocarcinoma
train,colon_aca/colonca10.jpeg,1,adenocarcinoma
train,colon_aca/colonca100.jpeg,1,adenocarcinoma
train,colon_aca/colonca1000.jpeg,1,adenocarcinoma
train,colon_aca/colonca1001.jpeg,1,adenocarcinoma
train,colon_aca/colonca1002.jpeg,1,adenocarcinoma
train,colon_aca/colonca1003.jpeg,1,adenocarcinoma
train,colon_aca/colonca1004.jpeg,1,adenocarcinoma
train,colon_aca/colonca1005.jpeg,1,adenocarcinoma
train,colon_aca/colonca1006.jpeg,1,adenocarcinoma
train,colon_aca/colonca1007.jpeg,1,adenocarcinoma
train,colon_aca/colonca1009.jpeg,1,adenocarcinoma
train,colon_aca/colonca101.jpeg,1,adenocarcinoma
train,colon_aca/colonca1010.jpeg,1,adenocarcinoma
train,colon_aca/colonca1013.jpeg,1,adenocarcinoma
train,colon_aca/colonca1015.jpeg,1,adenocarcinoma
train,colon_aca/colonca1016.jpeg,1,adenocarcinoma
train,colon_aca/colonca1017.jpeg,1,adenocarcinoma
train,colon_aca/colonca1018.jpeg,1,adenocarcinoma
train,colon_aca/colonca1019.jpeg,1,adenocarcinoma
train,colon_aca/colonca102.jpeg,1,adenocarcinoma
train,colon_aca/colonca1020.jpeg,1,adenocarcinoma
train,colon_aca/colonca1021.jpeg,1,adenocarcinoma
train,colon_aca/colonca1024.jpeg,1,adenocarcinoma
train,colon_aca/colonca1025.jpeg,1,adenocarcinoma
train,colon_aca/colonca1026.jpeg,1,adenocarcinoma
train,colon_aca/colonca1027.jpeg,1,adenocarcinoma
train,colon_aca/colonca1028.jpeg,1,adenocarcinoma
train,colon_aca/colonca103.jpeg,1,adenocarcinoma
train,colon_aca/colonca1030.jpeg,1,adenocarcinoma
train,colon_aca/colonca1031.jpeg,1,adenocarcinoma
train,colon_aca/colonca1032.jpeg,1,adenocarcinoma
train,colon_aca/colonca1033.jpeg,1,adenocarcinoma
train,colon_aca/colonca1034.jpeg,1,adenocarcinoma
train,colon_aca/colonca1035.jpeg,1,adenocarcinoma
train,colon_aca/colonca1036.jpeg,1,adenocarcinoma
train,colon_aca/colonca1037.jpeg,1,adenocarcinoma
train,colon_aca/colonca1039.jpeg,1,adenocarcinoma
train,colon_aca/colonca104.jpeg,1,adenocarcinoma
train,colon_aca/colonca1040.jpeg,1,adenocarcinoma
train,colon_aca/colonca1041.jpeg,1,adenocarcinoma
train,colon_aca/colonca1042.jpeg,1,adenocarcinoma
train,colon_aca/colonca1043.jpeg,1,adenocarcinoma
train,colon_aca/colonca1045.jpeg,1,adenocarcinoma
train,colon_aca/colonca1046.jpeg,1,adenocarcinoma
train,colon_aca/colonca1047.jpeg,1,adenocarcinoma
train,colon_aca/colonca1048.jpeg,1,adenocarcinoma
train,colon_aca/colonca1049.jpeg,1,adenocarcinoma
train,colon_aca/colonca1050.jpeg,1,adenocarcinoma
train,colon_aca/colonca1051.jpeg,1,adenocarcinoma
train,colon_aca/colonca1052.jpeg,1,adenocarcinoma
train,colon_aca/colonca1053.jpeg,1,adenocarcinoma
train,colon_aca/colonca1054.jpeg,1,adenocarcinoma
train,colon_aca/colonca1055.jpeg,1,adenocarcinoma
train,colon_aca/colonca1056.jpeg,1,adenocarcinoma
train,colon_aca/colonca1057.jpeg,1,adenocarcinoma
train,colon_aca/colonca1059.jpeg,1,adenocarcinoma
train,colon_aca/colonca106.jpeg,1,adenocarcinoma
train,colon_aca/colonca1060.jpeg,1,adenocarcinoma
train,colon_aca/colonca1061.jpeg,1,adenocarcinoma
train,colon_aca/colonca1064.jpeg,1,adenocarcinoma
train,colon_aca/colonca1065.jpeg,1,adenocarcinoma
train,colon_aca/colonca1067.jpeg,1,adenocarcinoma
train,colon_aca/colonca1068.jpeg,1,adenocarcinoma
train,colon_aca/colonca107.jpeg,1,adenocarcinoma
train,colon_aca/colonca1070.jpeg,1,adenocarcinoma
train,colon_aca/colonca1071.jpeg,1,adenocarcinoma
train,colon_aca/colonca1073.jpeg,1,adenocarcinoma
train,colon_aca/colonca1074.jpeg,1,adenocarcinoma
train,colon_aca/colonca1075.jpeg,1,adenocarcinoma
train,colon_aca/colonca1076.jpeg,1,adenocarcinoma
train,colon_aca/colonca1077.jpeg,1,adenocarcinoma
train,colon_aca/colonca1078.jpeg,1,adenocarcinoma
train,colon_aca/colonca1080.jpeg,1,adenocarcinoma
train,colon_aca/colonca1081.jpeg,1,adenocarcinoma
train,colon_aca/colonca1082.jpeg,1,adenocarcinoma
train,colon_aca/colonca1083.jpeg,1,adenocarcinoma
train,colon_aca/colonca1084.jpeg,1,adenocarcinoma
train,colon_aca/colonca1085.jpeg,1,adenocarcinoma
train,colon_aca/colonca1086.jpeg,1,adenocarcinoma
train,colon_aca/colonca1087.jpeg,1,adenocarcinoma
train,colon_aca/colonca1088.jpeg,1,adenocarcinoma
train,colon_aca/colonca1089.jpeg,1,adenocarcinoma
train,colon_aca/colonca109.jpeg,1,adenocarcinoma
train,colon_aca/colonca1090.jpeg,1,adenocarcinoma
train,colon_aca/colonca1091.jpeg,1,adenocarcinoma
train,colon_aca/colonca1092.jpeg,1,adenocarcinoma
train,colon_aca/colonca1093.jpeg,1,adenocarcinoma
train,colon_aca/colonca1094.jpeg,1,adenocarcinoma
train,colon_aca/colonca1095.jpeg,1,adenocarcinoma
train,colon_aca/colonca1096.jpeg,1,adenocarcinoma
train,colon_aca/colonca1097.jpeg,1,adenocarcinoma
train,colon_aca/colonca1099.jpeg,1,adenocarcinoma
train,colon_aca/colonca11.jpeg,1,adenocarcinoma
train,colon_aca/colonca110.jpeg,1,adenocarcinoma
train,colon_aca/colonca1100.jpeg,1,adenocarcinoma
train,colon_aca/colonca1102.jpeg,1,adenocarcinoma
train,colon_aca/colonca1103.jpeg,1,adenocarcinoma
train,colon_aca/colonca1104.jpeg,1,adenocarcinoma
train,colon_aca/colonca1105.jpeg,1,adenocarcinoma
train,colon_aca/colonca1106.jpeg,1,adenocarcinoma
train,colon_aca/colonca1108.jpeg,1,adenocarcinoma
train,colon_aca/colonca1109.jpeg,1,adenocarcinoma
train,colon_aca/colonca1110.jpeg,1,adenocarcinoma
train,colon_aca/colonca1112.jpeg,1,adenocarcinoma
train,colon_aca/colonca1115.jpeg,1,adenocarcinoma
train,colon_aca/colonca1116.jpeg,1,adenocarcinoma
train,colon_aca/colonca1117.jpeg,1,adenocarcinoma
train,colon_aca/colonca1118.jpeg,1,adenocarcinoma
train,colon_aca/colonca1119.jpeg,1,adenocarcinoma
train,colon_aca/colonca112.jpeg,1,adenocarcinoma
train,colon_aca/colonca1120.jpeg,1,adenocarcinoma
train,colon_aca/colonca1121.jpeg,1,adenocarcinoma
train,colon_aca/colonca1122.jpeg,1,adenocarcinoma
train,colon_aca/colonca1123.jpeg,1,adenocarcinoma
train,colon_aca/colonca1125.jpeg,1,adenocarcinoma
train,colon_aca/colonca1128.jpeg,1,adenocarcinoma
train,colon_aca/colonca113.jpeg,1,adenocarcinoma
train,colon_aca/colonca1131.jpeg,1,adenocarcinoma
train,colon_aca/colonca1132.jpeg,1,adenocarcinoma
train,colon_aca/colonca1133.jpeg,1,adenocarcinoma
train,colon_aca/colonca1134.jpeg,1,adenocarcinoma
train,colon_aca/colonca1136.jpeg,1,adenocarcinoma
train,colon_aca/colonca1138.jpeg,1,adenocarcinoma
train,colon_aca/colonca114.jpeg,1,adenocarcinoma
train,colon_aca/colonca1140.jpeg,1,adenocarcinoma
train,colon_aca/colonca1141.jpeg,1,adenocarcinoma
train,colon_aca/colonca1142.jpeg,1,adenocarcinoma
train,colon_aca/colonca1143.jpeg,1,adenocarcinoma
train,colon_aca/colonca1144.jpeg,1,adenocarcinoma
train,colon_aca/colonca1145.jpeg,1,adenocarcinoma
train,colon_aca/colonca1146.jpeg,1,adenocarcinoma
train,colon_aca/colonca1148.jpeg,1,adenocarcinoma
train,colon_aca/colonca1149.jpeg,1,adenocarcinoma
train,colon_aca/colonca115.jpeg,1,adenocarcinoma
train,colon_aca/colonca1150.jpeg,1,adenocarcinoma
train,colon_aca/colonca1153.jpeg,1,adenocarcinoma
train,colon_aca/colonca1154.jpeg,1,adenocarcinoma
train,colon_aca/colonca1155.jpeg,1,adenocarcinoma
train,colon_aca/colonca1156.jpeg,1,adenocarcinoma
train,colon_aca/colonca1157.jpeg,1,adenocarcinoma
train,colon_aca/colonca1158.jpeg,1,adenocarcinoma
train,colon_aca/colonca116.jpeg,1,adenocarcinoma
train,colon_aca/colonca1160.jpeg,1,adenocarcinoma
train,colon_aca/colonca1161.jpeg,1,adenocarcinoma
train,colon_aca/colonca1162.jpeg,1,adenocarcinoma
train,colon_aca/colonca1165.jpeg,1,adenocarcinoma
train,colon_aca/colonca1167.jpeg,1,adenocarcinoma
train,colon_aca/colonca1169.jpeg,1,adenocarcinoma
train,colon_aca/colonca1172.jpeg,1,adenocarcinoma
train,colon_aca/colonca1174.jpeg,1,adenocarcinoma
train,colon_aca/colonca1175.jpeg,1,adenocarcinoma
train,colon_aca/colonca1176.jpeg,1,adenocarcinoma
train,colon_aca/colonca1178.jpeg,1,adenocarcinoma
train,colon_aca/colonca1179.jpeg,1,adenocarcinoma
train,colon_aca/colonca118.jpeg,1,adenocarcinoma
train,colon_aca/colonca1180.jpeg,1,adenocarcinoma
train,colon_aca/colonca1181.jpeg,1,adenocarcinoma
train,colon_aca/colonca1182.jpeg,1,adenocarcinoma
train,colon_aca/colonca1183.jpeg,1,adenocarcinoma
train,colon_aca/colonca1184.jpeg,1,adenocarcinoma
train,colon_aca/colonca1185.jpeg,1,adenocarcinoma
train,colon_aca/colonca1187.jpeg,1,adenocarcinoma
train,colon_aca/colonca1188.jpeg,1,adenocarcinoma
train,colon_aca/colonca1189.jpeg,1,adenocarcinoma
train,colon_aca/colonca119.jpeg,1,adenocarcinoma
train,colon_aca/colonca1190.jpeg,1,adenocarcinoma
train,colon_aca/colonca1191.jpeg,1,adenocarcinoma
train,colon_aca/colonca1194.jpeg,1,adenocarcinoma
train,colon_aca/colonca1195.jpeg,1,adenocarcinoma
train,colon_aca/colonca1198.jpeg,1,adenocarcinoma
train,colon_aca/colonca1199.jpeg,1,adenocarcinoma
train,colon_aca/colonca1200.jpeg,1,adenocarcinoma
train,colon_aca/colonca1201.jpeg,1,adenocarcinoma
train,colon_aca/colonca1204.jpeg,1,adenocarcinoma
train,colon_aca/colonca1205.jpeg,1,adenocarcinoma
train,colon_aca/colonca1207.jpeg,1,adenocarcinoma
train,colon_aca/colonca1208.jpeg,1,adenocarcinoma
train,colon_aca/colonca1209.jpeg,1,adenocarcinoma
train,colon_aca/colonca121.jpeg,1,adenocarcinoma
train,colon_aca/colonca1210.jpeg,1,adenocarcinoma
train,colon_aca/colonca1211.jpeg,1,adenocarcinoma
train,colon_aca/colonca1213.jpeg,1,adenocarcinoma
train,colon_aca/colonca1215.jpeg,1,adenocarcinoma
train,colon_aca/colonca1219.jpeg,1,adenocarcinoma
train,colon_aca/colonca122.jpeg,1,adenocarcinoma
train,colon_aca/colonca1220.jpeg,1,adenocarcinoma
train,colon_aca/colonca1221.jpeg,1,adenocarcinoma
train,colon_aca/colonca1223.jpeg,1,adenocarcinoma
train,colon_aca/colonca1224.jpeg,1,adenocarcinoma
train,colon_aca/colonca1225.jpeg,1,adenocarcinoma
train,colon_aca/colonca1226.jpeg,1,adenocarcinoma
train,colon_aca/colonca1227.jpeg,1,adenocarcinoma
train,colon_aca/colonca1228.jpeg,1,adenocarcinoma
train,colon_aca/colonca123.jpeg,1,adenocarcinoma
train,colon_aca/colonca1230.jpeg,1,adenocarcinoma
train,colon_aca/colonca1231.jpeg,1,adenocarcinoma
train,colon_aca/colonca1232.jpeg,1,adenocarcinoma
train,colon_aca/colonca1233.jpeg,1,adenocarcinoma
train,colon_aca/colonca1235.jpeg,1,adenocarcinoma
train,colon_aca/colonca1237.jpeg,1,adenocarcinoma
train,colon_aca/colonca1238.jpeg,1,adenocarcinoma
train,colon_aca/colonca1239.jpeg,1,adenocarcinoma
train,colon_aca/colonca1240.jpeg,1,adenocarcinoma
train,colon_aca/colonca1245.jpeg,1,adenocarcinoma
train,colon_aca/colonca1246.jpeg,1,adenocarcinoma
train,colon_aca/colonca1247.jpeg,1,adenocarcinoma
train,colon_aca/colonca1249.jpeg,1,adenocarcinoma
train,colon_aca/colonca1250.jpeg,1,adenocarcinoma
train,colon_aca/colonca1251.jpeg,1,adenocarcinoma
train,colon_aca/colonca1252.jpeg,1,adenocarcinoma
train,colon_aca/colonca1253.jpeg,1,adenocarcinoma
train,colon_aca/colonca1255.jpeg,1,adenocarcinoma
train,colon_aca/colonca1256.jpeg,1,adenocarcinoma
train,colon_aca/colonca1258.jpeg,1,adenocarcinoma
train,colon_aca/colonca1259.jpeg,1,adenocarcinoma
train,colon_aca/colonca126.jpeg,1,adenocarcinoma
train,colon_aca/colonca1260.jpeg,1,adenocarcinoma
train,colon_aca/colonca1261.jpeg,1,adenocarcinoma
train,colon_aca/colonca1262.jpeg,1,adenocarcinoma
train,colon_aca/colonca1268.jpeg,1,adenocarcinoma
train,colon_aca/colonca1269.jpeg,1,adenocarcinoma
train,colon_aca/colonca127.jpeg,1,adenocarcinoma
train,colon_aca/colonca1270.jpeg,1,adenocarcinoma
train,colon_aca/colonca1271.jpeg,1,adenocarcinoma
train,colon_aca/colonca1272.jpeg,1,adenocarcinoma
train,colon_aca/colonca1274.jpeg,1,adenocarcinoma
train,colon_aca/colonca1276.jpeg,1,adenocarcinoma
train,colon_aca/colonca1277.jpeg,1,adenocarcinoma
train,colon_aca/colonca1279.jpeg,1,adenocarcinoma
train,colon_aca/colonca1280.jpeg,1,adenocarcinoma
train,colon_aca/colonca1281.jpeg,1,adenocarcinoma
train,colon_aca/colonca1282.jpeg,1,adenocarcinoma
train,colon_aca/colonca1283.jpeg,1,adenocarcinoma
train,colon_aca/colonca1284.jpeg,1,adenocarcinoma
train,colon_aca/colonca1285.jpeg,1,adenocarcinoma
train,colon_aca/colonca1286.jpeg,1,adenocarcinoma
train,colon_aca/colonca1288.jpeg,1,adenocarcinoma
train,colon_aca/colonca129.jpeg,1,adenocarcinoma
train,colon_aca/colonca1292.jpeg,1,adenocarcinoma
train,colon_aca/colonca1293.jpeg,1,adenocarcinoma
train,colon_aca/colonca1294.jpeg,1,adenocarcinoma
train,colon_aca/colonca1295.jpeg,1,adenocarcinoma
train,colon_aca/colonca1296.jpeg,1,adenocarcinoma
train,colon_aca/colonca1297.jpeg,1,adenocarcinoma
train,colon_aca/colonca1298.jpeg,1,adenocarcinoma
train,colon_aca/colonca1299.jpeg,1,adenocarcinoma
train,colon_aca/colonca13.jpeg,1,adenocarcinoma
train,colon_aca/colonca130.jpeg,1,adenocarcinoma
train,colon_aca/colonca1300.jpeg,1,adenocarcinoma
train,colon_aca/colonca1301.jpeg,1,adenocarcinoma
train,colon_aca/colonca1302.jpeg,1,adenocarcinoma
train,colon_aca/colonca1305.jpeg,1,adenocarcinoma
train,colon_aca/colonca1306.jpeg,1,adenocarcinoma
train,colon_aca/colonca1307.jpeg,1,adenocarcinoma
train,colon_aca/colonca1309.jpeg,1,adenocarcinoma
train,colon_aca/colonca131.jpeg,1,adenocarcinoma
train,colon_aca/colonca1310.jpeg,1,adenocarcinoma
train,colon_aca/colonca1311.jpeg,1,adenocarcinoma
train,colon_aca/colonca1312.jpeg,1,adenocarcinoma
train,colon_aca/colonca1313.jpeg,1,adenocarcinoma
train,colon_aca/colonca1315.jpeg,1,adenocarcinoma
train,colon_aca/colonca1316.jpeg,1,adenocarcinoma
train,colon_aca/colonca1317.jpeg,1,adenocarcinoma
train,colon_aca/colonca1318.jpeg,1,adenocarcinoma
train,colon_aca/colonca1319.jpeg,1,adenocarcinoma
train,colon_aca/colonca132.jpeg,1,adenocarcinoma
train,colon_aca/colonca1320.jpeg,1,adenocarcinoma
train,colon_aca/colonca1322.jpeg,1,adenocarcinoma
train,colon_aca/colonca1323.jpeg,1,adenocarcinoma
train,colon_aca/colonca1324.jpeg,1,adenocarcinoma
train,colon_aca/colonca1325.jpeg,1,adenocarcinoma
train,colon_aca/colonca1326.jpeg,1,adenocarcinoma
train,colon_aca/colonca1329.jpeg,1,adenocarcinoma
train,colon_aca/colonca133.jpeg,1,adenocarcinoma
train,colon_aca/colonca1330.jpeg,1,adenocarcinoma
train,colon_aca/colonca1331.jpeg,1,adenocarcinoma
train,colon_aca/colonca1333.jpeg,1,adenocarcinoma
train,colon_aca/colonca1334.jpeg,1,adenocarcinoma
train,colon_aca/colonca1335.jpeg,1,adenocarcinoma
train,colon_aca/colonca1337.jpeg,1,adenocarcinoma
train,colon_aca/colonca1338.jpeg,1,adenocarcinoma
train,colon_aca/colonca134.jpeg,1,adenocarcinoma
train,colon_aca/colonca1341.jpeg,1,adenocarcinoma
train,colon_aca/colonca1344.jpeg,1,adenocarcinoma
train,colon_aca/colonca1345.jpeg,1,adenocarcinoma
train,colon_aca/colonca1348.jpeg,1,adenocarcinoma
train,colon_aca/colonca1349.jpeg,1,adenocarcinoma
train,colon_aca/colonca1351.jpeg,1,adenocarcinoma
train,colon_aca/colonca1352.jpeg,1,adenocarcinoma
train,colon_aca/colonca1353.jpeg,1,adenocarcinoma
train,colon_aca/colonca1354.jpeg,1,adenocarcinoma
train,colon_aca/colonca1355.jpeg,1,adenocarcinoma
train,colon_aca/colonca1357.jpeg,1,adenocarcinoma
train,colon_aca/colonca1358.jpeg,1,adenocarcinoma
train,colon_aca/colonca1359.jpeg,1,adenocarcinoma
train,colon_aca/colonca136.jpeg,1,adenocarcinoma
train,colon_aca/colonca1360.jpeg,1,adenocarcinoma
train,colon_aca/colonca1361.jpeg,1,adenocarcinoma
train,colon_aca/colonca1363.jpeg,1,adenocarcinoma
train,colon_aca/colonca1365.jpeg,1,adenocarcinoma
train,colon_aca/colonca1366.jpeg,1,adenocarcinoma
train,colon_aca/colonca1367.jpeg,1,adenocarcinoma
train,colon_aca/colonca1368.jpeg,1,adenocarcinoma
train,colon_aca/colonca1369.jpeg,1,adenocarcinoma
train,colon_aca/colonca137.jpeg,1,adenocarcinoma
train,colon_aca/colonca1370.jpeg,1,adenocarcinoma
train,colon_aca/colonca1372.jpeg,1,adenocarcinoma
train,colon_aca/colonca1373.jpeg,1,adenocarcinoma
train,colon_aca/colonca1374.jpeg,1,adenocarcinoma
train,colon_aca/colonca1375.jpeg,1,adenocarcinoma
train,colon_aca/colonca1377.jpeg,1,adenocarcinoma
train,colon_aca/colonca1380.jpeg,1,adenocarcinoma
train,colon_aca/colonca1382.jpeg,1,adenocarcinoma
train,colon_aca/colonca1383.jpeg,1,adenocarcinoma
train,colon_aca/colonca1384.jpeg,1,adenocarcinoma
train,colon_aca/colonca1385.jpeg,1,adenocarcinoma
train,colon_aca/colonca1387.jpeg,1,adenocarcinoma
train,colon_aca/colonca1388.jpeg,1,adenocarcinoma
train,colon_aca/colonca1389.jpeg,1,adenocarcinoma
train,colon_aca/colonca139.jpeg,1,adenocarcinoma
train,colon_aca/colonca1390.jpeg,1,adenocarcinoma
train,colon_aca/colonca1391.jpeg,1,adenocarcinoma
train,colon_aca/colonca1392.jpeg,1,adenocarcinoma
train,colon_aca/colonca1393.jpeg,1,adenocarcinoma
train,colon_aca/colonca1394.jpeg,1,adenocarcinoma
train,colon_aca/colonca1395.jpeg,1,adenocarcinoma
train,colon_aca/colonca1397.jpeg,1,adenocarcinoma
train,colon_aca/colonca1399.jpeg,1,adenocarcinoma
train,colon_aca/colonca14.jpeg,1,adenocarcinoma
train,colon_aca/colonca1400.jpeg,1,adenocarcinoma
train,colon_aca/colonca1401.jpeg,1,adenocarcinoma
train,colon_aca/colonca1402.jpeg,1,adenocarcinoma
train,colon_aca/colonca1403.jpeg,1,adenocarcinoma
train,colon_aca/colonca1404.jpeg,1,adenocarcinoma
train,colon_aca/colonca1406.jpeg,1,adenocarcinoma
train,colon_aca/colonca1407.jpeg,1,adenocarcinoma
train,colon_aca/colonca1408.jpeg,1,adenocarcinoma
train,colon_aca/colonca1409.jpeg,1,adenocarcinoma
train,colon_aca/colonca141.jpeg,1,adenocarcinoma
train,colon_aca/colonca1411.jpeg,1,adenocarcinoma
train,colon_aca/colonca1412.jpeg,1,adenocarcinoma
train,colon_aca/colonca1413.jpeg,1,adenocarcinoma
train,colon_aca/colonca1414.jpeg,1,adenocarcinoma
train,colon_aca/colonca1417.jpeg,1,adenocarcinoma
train,colon_aca/colonca1418.jpeg,1,adenocarcinoma
train,colon_aca/colonca1419.jpeg,1,adenocarcinoma
train,colon_aca/colonca142.jpeg,1,adenocarcinoma
train,colon_aca/colonca1423.jpeg,1,adenocarcinoma
train,colon_aca/colonca1424.jpeg,1,adenocarcinoma
train,colon_aca/colonca1425.jpeg,1,adenocarcinoma
train,colon_aca/colonca1426.jpeg,1,adenocarcinoma
train,colon_aca/colonca1427.jpeg,1,adenocarcinoma
train,colon_aca/colonca1428.jpeg,1,adenocarcinoma
train,colon_aca/colonca1431.jpeg,1,adenocarcinoma
train,colon_aca/colonca1432.jpeg,1,adenocarcinoma
train,colon_aca/colonca1433.jpeg,1,adenocarcinoma
train,colon_aca/colonca1434.jpeg,1,adenocarcinoma
train,colon_aca/colonca1435.jpeg,1,adenocarcinoma
train,colon_aca/colonca1436.jpeg,1,adenocarcinoma
train,colon_aca/colonca1437.jpeg,1,adenocarcinoma
train,colon_aca/colonca1438.jpeg,1,adenocarcinoma
train,colon_aca/colonca1442.jpeg,1,adenocarcinoma
train,colon_aca/colonca1444.jpeg,1,adenocarcinoma
train,colon_aca/colonca1445.jpeg,1,adenocarcinoma
train,colon_aca/colonca1446.jpeg,1,adenocarcinoma
train,colon_aca/colonca1448.jpeg,1,adenocarcinoma
train,colon_aca/colonca1449.jpeg,1,adenocarcinoma
train,colon_aca/colonca1450.jpeg,1,adenocarcinoma
train,colon_aca/colonca1451.jpeg,1,adenocarcinoma
train,colon_aca/colonca1452.jpeg,1,adenocarcinoma
train,colon_aca/colonca1456.jpeg,1,adenocarcinoma
train,colon_aca/colonca1457.jpeg,1,adenocarcinoma
train,colon_aca/colonca1458.jpeg,1,adenocarcinoma
train,colon_aca/colonca1459.jpeg,1,adenocarcinoma
train,colon_aca/colonca1460.jpeg,1,adenocarcinoma
train,colon_aca/colonca1461.jpeg,1,adenocarcinoma
train,colon_aca/colonca1463.jpeg,1,adenocarcinoma
train,colon_aca/colonca1465.jpeg,1,adenocarcinoma
train,colon_aca/colonca1469.jpeg,1,adenocarcinoma
train,colon_aca/colonca147.jpeg,1,adenocarcinoma
train,colon_aca/colonca1470.jpeg,1,adenocarcinoma
train,colon_aca/colonca1471.jpeg,1,adenocarcinoma
train,colon_aca/colonca1474.jpeg,1,adenocarcinoma
train,colon_aca/colonca1476.jpeg,1,adenocarcinoma
train,colon_aca/colonca1477.jpeg,1,adenocarcinoma
train,colon_aca/colonca1478.jpeg,1,adenocarcinoma
train,colon_aca/colonca1479.jpeg,1,adenocarcinoma
train,colon_aca/colonca148.jpeg,1,adenocarcinoma
train,colon_aca/colonca1482.jpeg,1,adenocarcinoma
train,colon_aca/colonca1483.jpeg,1,adenocarcinoma
train,colon_aca/colonca1484.jpeg,1,adenocarcinoma
train,colon_aca/colonca1485.jpeg,1,adenocarcinoma
train,colon_aca/colonca1486.jpeg,1,adenocarcinoma
train,colon_aca/colonca1487.jpeg,1,adenocarcinoma
train,colon_aca/colonca1488.jpeg,1,adenocarcinoma
train,colon_aca/colonca1489.jpeg,1,adenocarcinoma
train,colon_aca/colonca1490.jpeg,1,adenocarcinoma
train,colon_aca/colonca1491.jpeg,1,adenocarcinoma
train,colon_aca/colonca1494.jpeg,1,adenocarcinoma
train,colon_aca/colonca1495.jpeg,1,adenocarcinoma
train,colon_aca/colonca1496.jpeg,1,adenocarcinoma
train,colon_aca/colonca1498.jpeg,1,adenocarcinoma
train,colon_aca/colonca1499.jpeg,1,adenocarcinoma
train,colon_aca/colonca150.jpeg,1,adenocarcinoma
train,colon_aca/colonca1501.jpeg,1,adenocarcinoma
train,colon_aca/colonca1502.jpeg,1,adenocarcinoma
train,colon_aca/colonca1504.jpeg,1,adenocarcinoma
train,colon_aca/colonca1505.jpeg,1,adenocarcinoma
train,colon_aca/colonca1506.jpeg,1,adenocarcinoma
train,colon_aca/colonca1508.jpeg,1,adenocarcinoma
train,colon_aca/colonca1509.jpeg,1,adenocarcinoma
train,colon_aca/colonca151.jpeg,1,adenocarcinoma
train,colon_aca/colonca1510.jpeg,1,adenocarcinoma
train,colon_aca/colonca1511.jpeg,1,adenocarcinoma
train,colon_aca/colonca1513.jpeg,1,adenocarcinoma
train,colon_aca/colonca1515.jpeg,1,adenocarcinoma
train,colon_aca/colonca1516.jpeg,1,adenocarcinoma
train,colon_aca/colonca1517.jpeg,1,adenocarcinoma
train,colon_aca/colonca1518.jpeg,1,adenocarcinoma
train,colon_aca/colonca1519.jpeg,1,adenocarcinoma
train,colon_aca/colonca152.jpeg,1,adenocarcinoma
train,colon_aca/colonca1520.jpeg,1,adenocarcinoma
train,colon_aca/colonca1521.jpeg,1,adenocarcinoma
train,colon_aca/colonca1522.jpeg,1,adenocarcinoma
train,colon_aca/colonca1523.jpeg,1,adenocarcinoma
train,colon_aca/colonca1525.jpeg,1,adenocarcinoma
train,colon_aca/colonca1526.jpeg,1,adenocarcinoma
train,colon_aca/colonca1527.jpeg,1,adenocarcinoma
train,colon_aca/colonca153.jpeg,1,adenocarcinoma
train,colon_aca/colonca1530.jpeg,1,adenocarcinoma
train,colon_aca/colonca1531.jpeg,1,adenocarcinoma
train,colon_aca/colonca1533.jpeg,1,adenocarcinoma
train,colon_aca/colonca1534.jpeg,1,adenocarcinoma
train,colon_aca/colonca1536.jpeg,1,adenocarcinoma
train,colon_aca/colonca154.jpeg,1,adenocarcinoma
train,colon_aca/colonca1540.jpeg,1,adenocarcinoma
train,colon_aca/colonca1541.jpeg,1,adenocarcinoma
train,colon_aca/colonca1542.jpeg,1,adenocarcinoma
train,colon_aca/colonca1543.jpeg,1,adenocarcinoma
train,colon_aca/colonca1544.jpeg,1,adenocarcinoma
train,colon_aca/colonca1546.jpeg,1,adenocarcinoma
train,colon_aca/colonca1549.jpeg,1,adenocarcinoma
train,colon_aca/colonca155.jpeg,1,adenocarcinoma
train,colon_aca/colonca1550.jpeg,1,adenocarcinoma
train,colon_aca/colonca1554.jpeg,1,adenocarcinoma
train,colon_aca/colonca1555.jpeg,1,adenocarcinoma
train,colon_aca/colonca1556.jpeg,1,adenocarcinoma
train,colon_aca/colonca1557.jpeg,1,adenocarcinoma
train,colon_aca/colonca1558.jpeg,1,adenocarcinoma
train,colon_aca/colonca156.jpeg,1,adenocarcinoma
train,colon_aca/colonca1560.jpeg,1,adenocarcinoma
train,colon_aca/colonca1561.jpeg,1,adenocarcinoma
train,colon_aca/colonca1564.jpeg,1,adenocarcinoma
train,colon_aca/colonca1565.jpeg,1,adenocarcinoma
train,colon_aca/colonca1566.jpeg,1,adenocarcinoma
train,colon_aca/colonca1567.jpeg,1,adenocarcinoma
train,colon_aca/colonca1568.jpeg,1,adenocarcinoma
train,colon_aca/colonca1569.jpeg,1,adenocarcinoma
train,colon_aca/colonca157.jpeg,1,adenocarcinoma
train,colon_aca/colonca1570.jpeg,1,adenocarcinoma
train,colon_aca/colonca1571.jpeg,1,adenocarcinoma
train,colon_aca/colonca1572.jpeg,1,adenocarcinoma
train,colon_aca/colonca1573.jpeg,1,adenocarcinoma
train,colon_aca/colonca1574.jpeg,1,adenocarcinoma
train,colon_aca/colonca1576.jpeg,1,adenocarcinoma
train,colon_aca/colonca1577.jpeg,1,adenocarcinoma
train,colon_aca/colonca1579.jpeg,1,adenocarcinoma
train,colon_aca/colonca158.jpeg,1,adenocarcinoma
train,colon_aca/colonca1580.jpeg,1,adenocarcinoma
train,colon_aca/colonca1581.jpeg,1,adenocarcinoma
train,colon_aca/colonca1583.jpeg,1,adenocarcinoma
train,colon_aca/colonca1584.jpeg,1,adenocarcinoma
train,colon_aca/colonca1585.jpeg,1,adenocarcinoma
train,colon_aca/colonca1587.jpeg,1,adenocarcinoma
train,colon_aca/colonca1588.jpeg,1,adenocarcinoma
train,colon_aca/colonca1589.jpeg,1,adenocarcinoma
train,colon_aca/colonca1591.jpeg,1,adenocarcinoma
train,colon_aca/colonca1592.jpeg,1,adenocarcinoma
train,colon_aca/colonca1593.jpeg,1,adenocarcinoma
train,colon_aca/colonca1594.jpeg,1,adenocarcinoma
train,colon_aca/colonca1596.jpeg,1,adenocarcinoma
train,colon_aca/colonca1597.jpeg,1,adenocarcinoma
train,colon_aca/colonca1598.jpeg,1,adenocarcinoma
train,colon_aca/colonca1599.jpeg,1,adenocarcinoma
train,colon_aca/colonca16.jpeg,1,adenocarcinoma
train,colon_aca/colonca160.jpeg,1,adenocarcinoma
train,colon_aca/colonca1600.jpeg,1,adenocarcinoma
train,colon_aca/colonca1601.jpeg,1,adenocarcinoma
train,colon_aca/colonca1602.jpeg,1,adenocarcinoma
train,colon_aca/colonca1604.jpeg,1,adenocarcinoma
train,colon_aca/colonca1605.jpeg,1,adenocarcinoma
train,colon_aca/colonca1606.jpeg,1,adenocarcinoma
train,colon_aca/colonca1607.jpeg,1,adenocarcinoma
train,colon_aca/colonca1609.jpeg,1,adenocarcinoma
train,colon_aca/colonca161.jpeg,1,adenocarcinoma
train,colon_aca/colonca1612.jpeg,1,adenocarcinoma
train,colon_aca/colonca1613.jpeg,1,adenocarcinoma
train,colon_aca/colonca1615.jpeg,1,adenocarcinoma
train,colon_aca/colonca1616.jpeg,1,adenocarcinoma
train,colon_aca/colonca1618.jpeg,1,adenocarcinoma
train,colon_aca/colonca162.jpeg,1,adenocarcinoma
train,colon_aca/colonca1622.jpeg,1,adenocarcinoma
train,colon_aca/colonca1623.jpeg,1,adenocarcinoma
train,colon_aca/colonca1624.jpeg,1,adenocarcinoma
train,colon_aca/colonca1625.jpeg,1,adenocarcinoma
train,colon_aca/colonca1626.jpeg,1,adenocarcinoma
train,colon_aca/colonca1628.jpeg,1,adenocarcinoma
train,colon_aca/colonca1629.jpeg,1,adenocarcinoma
train,colon_aca/colonca1630.jpeg,1,adenocarcinoma
train,colon_aca/colonca1631.jpeg,1,adenocarcinoma
train,colon_aca/colonca1632.jpeg,1,adenocarcinoma
train,colon_aca/colonca1633.jpeg,1,adenocarcinoma
train,colon_aca/colonca1634.jpeg,1,adenocarcinoma
train,colon_aca/colonca1636.jpeg,1,adenocarcinoma
train,colon_aca/colonca1638.jpeg,1,adenocarcinoma
train,colon_aca/colonca1639.jpeg,1,adenocarcinoma
train,colon_aca/colonca164.jpeg,1,adenocarcinoma
train,colon_aca/colonca1640.jpeg,1,adenocarcinoma
train,colon_aca/colonca1641.jpeg,1,adenocarcinoma
train,colon_aca/colonca1642.jpeg,1,adenocarcinoma
train,colon_aca/colonca1643.jpeg,1,adenocarcinoma
train,colon_aca/colonca1645.jpeg,1,adenocarcinoma
train,colon_aca/colonca1646.jpeg,1,adenocarcinoma
train,colon_aca/colonca1647.jpeg,1,adenocarcinoma
train,colon_aca/colonca1648.jpeg,1,adenocarcinoma
train,colon_aca/colonca165.jpeg,1,adenocarcinoma
train,colon_aca/colonca1650.jpeg,1,adenocarcinoma
train,colon_aca/colonca1652.jpeg,1,adenocarcinoma
train,colon_aca/colonca1653.jpeg,1,adenocarcinoma
train,colon_aca/colonca1654.jpeg,1,adenocarcinoma
train,colon_aca/colonca1656.jpeg,1,adenocarcinoma
train,colon_aca/colonca1659.jpeg,1,adenocarcinoma
train,colon_aca/colonca1660.jpeg,1,adenocarcinoma
train,colon_aca/colonca1661.jpeg,1,adenocarcinoma
train,colon_aca/colonca1662.jpeg,1,adenocarcinoma
train,colon_aca/colonca1663.jpeg,1,adenocarcinoma
train,colon_aca/colonca1664.jpeg,1,adenocarcinoma
train,colon_aca/colonca1665.jpeg,1,adenocarcinoma
train,colon_aca/colonca1666.jpeg,1,adenocarcinoma
train,colon_aca/colonca1667.jpeg,1,adenocarcinoma
train,colon_aca/colonca1668.jpeg,1,adenocarcinoma
train,colon_aca/colonca1669.jpeg,1,adenocarcinoma
train,colon_aca/colonca167.jpeg,1,adenocarcinoma
train,colon_aca/colonca1671.jpeg,1,adenocarcinoma
train,colon_aca/colonca1672.jpeg,1,adenocarcinoma
train,colon_aca/colonca1673.jpeg,1,adenocarcinoma
train,colon_aca/colonca1674.jpeg,1,adenocarcinoma
train,colon_aca/colonca1675.jpeg,1,adenocarcinoma
train,colon_aca/colonca1677.jpeg,1,adenocarcinoma
train,colon_aca/colonca1678.jpeg,1,adenocarcinoma
train,colon_aca/colonca1681.jpeg,1,adenocarcinoma
train,colon_aca/colonca1682.jpeg,1,adenocarcinoma
train,colon_aca/colonca1683.jpeg,1,adenocarcinoma
train,colon_aca/colonca1684.jpeg,1,adenocarcinoma
train,colon_aca/colonca1685.jpeg,1,adenocarcinoma
train,colon_aca/colonca1686.jpeg,1,adenocarcinoma
train,colon_aca/colonca1687.jpeg,1,adenocarcinoma
train,colon_aca/colonca1688.jpeg,1,adenocarcinoma
train,colon_aca/colonca1689.jpeg,1,adenocarcinoma
train,colon_aca/colonca169.jpeg,1,adenocarcinoma
train,colon_aca/colonca1690.jpeg,1,adenocarcinoma
train,colon_aca/colonca1691.jpeg,1,adenocarcinoma
train,colon_aca/colonca1693.jpeg,1,adenocarcinoma
train,colon_aca/colonca1694.jpeg,1,adenocarcinoma
train,colon_aca/colonca1695.jpeg,1,adenocarcinoma
train,colon_aca/colonca1696.jpeg,1,adenocarcinoma
train,colon_aca/colonca1697.jpeg,1,adenocarcinoma
train,colon_aca/colonca1698.jpeg,1,adenocarcinoma
train,colon_aca/colonca1699.jpeg,1,adenocarcinoma
train,colon_aca/colonca170.jpeg,1,adenocarcinoma
train,colon_aca/colonca1700.jpeg,1,adenocarcinoma
train,colon_aca/colonca1701.jpeg,1,adenocarcinoma
train,colon_aca/colonca1702.jpeg,1,adenocarcinoma
train,colon_aca/colonca1705.jpeg,1,adenocarcinoma
train,colon_aca/colonca1706.jpeg,1,adenocarcinoma
train,colon_aca/colonca1708.jpeg,1,adenocarcinoma
train,colon_aca/colonca1709.jpeg,1,adenocarcinoma
train,colon_aca/colonca1710.jpeg,1,adenocarcinoma
train,colon_aca/colonca1711.jpeg,1,adenocarcinoma
train,colon_aca/colonca1712.jpeg,1,adenocarcinoma
train,colon_aca/colonca1713.jpeg,1,adenocarcinoma
train,colon_aca/colonca1714.jpeg,1,adenocarcinoma
train,colon_aca/colonca1715.jpeg,1,adenocarcinoma
train,colon_aca/colonca1718.jpeg,1,adenocarcinoma
train,colon_aca/colonca1719.jpeg,1,adenocarcinoma
train,colon_aca/colonca1720.jpeg,1,adenocarcinoma
train,colon_aca/colonca1721.jpeg,1,adenocarcinoma
train,colon_aca/colonca1722.jpeg,1,adenocarcinoma
train,colon_aca/colonca1723.jpeg,1,adenocarcinoma
train,colon_aca/colonca1724.jpeg,1,adenocarcinoma
train,colon_aca/colonca1727.jpeg,1,adenocarcinoma
train,colon_aca/colonca1728.jpeg,1,adenocarcinoma
train,colon_aca/colonca1729.jpeg,1,adenocarcinoma
train,colon_aca/colonca173.jpeg,1,adenocarcinoma
train,colon_aca/colonca1731.jpeg,1,adenocarcinoma
train,colon_aca/colonca1732.jpeg,1,adenocarcinoma
train,colon_aca/colonca1735.jpeg,1,adenocarcinoma
train,colon_aca/colonca1737.jpeg,1,adenocarcinoma
train,colon_aca/colonca1738.jpeg,1,adenocarcinoma
train,colon_aca/colonca1739.jpeg,1,adenocarcinoma
train,colon_aca/colonca174.jpeg,1,adenocarcinoma
train,colon_aca/colonca1740.jpeg,1,adenocarcinoma
train,colon_aca/colonca1743.jpeg,1,adenocarcinoma
train,colon_aca/colonca1744.jpeg,1,adenocarcinoma
train,colon_aca/colonca1746.jpeg,1,adenocarcinoma
train,colon_aca/colonca1747.jpeg,1,adenocarcinoma
train,colon_aca/colonca1748.jpeg,1,adenocarcinoma
train,colon_aca/colonca1749.jpeg,1,adenocarcinoma
train,colon_aca/colonca175.jpeg,1,adenocarcinoma
train,colon_aca/colonca1750.jpeg,1,adenocarcinoma
train,colon_aca/colonca1751.jpeg,1,adenocarcinoma
train,colon_aca/colonca1752.jpeg,1,adenocarcinoma
train,colon_aca/colonca1756.jpeg,1,adenocarcinoma
train,colon_aca/colonca176.jpeg,1,adenocarcinoma
train,colon_aca/colonca1760.jpeg,1,adenocarcinoma
train,colon_aca/colonca1762.jpeg,1,adenocarcinoma
train,colon_aca/colonca1764.jpeg,1,adenocarcinoma
train,colon_aca/colonca1766.jpeg,1,adenocarcinoma
train,colon_aca/colonca1767.jpeg,1,adenocarcinoma
train,colon_aca/colonca1768.jpeg,1,adenocarcinoma
train,colon_aca/colonca1769.jpeg,1,adenocarcinoma
train,colon_aca/colonca177.jpeg,1,adenocarcinoma
train,colon_aca/colonca1771.jpeg,1,adenocarcinoma
train,colon_aca/colonca1772.jpeg,1,adenocarcinoma
train,colon_aca/colonca1773.jpeg,1,adenocarcinoma
train,colon_aca/colonca1775.jpeg,1,adenocarcinoma
train,colon_aca/colonca1776.jpeg,1,adenocarcinoma
train,colon_aca/colonca1779.jpeg,1,adenocarcinoma
train,colon_aca/colonca178.jpeg,1,adenocarcinoma
train,colon_aca/colonca1780.jpeg,1,adenocarcinoma
train,colon_aca/colonca1781.jpeg,1,adenocarcinoma
train,colon_aca/colonca1783.jpeg,1,adenocarcinoma
train,colon_aca/colonca1784.jpeg,1,adenocarcinoma
train,colon_aca/colonca1785.jpeg,1,adenocarcinoma
train,colon_aca/colonca1786.jpeg,1,adenocarcinoma
train,colon_aca/colonca1788.jpeg,1,adenocarcinoma
train,colon_aca/colonca1789.jpeg,1,adenocarcinoma
train,colon_aca/colonca179.jpeg,1,adenocarcinoma
train,colon_aca/colonca1790.jpeg,1,adenocarcinoma
train,colon_aca/colonca1791.jpeg,1,adenocarcinoma
train,colon_aca/colonca1792.jpeg,1,adenocarcinoma
train,colon_aca/colonca1794.jpeg,1,adenocarcinoma
train,colon_aca/colonca1795.jpeg,1,adenocarcinoma
train,colon_aca/colonca1796.jpeg,1,adenocarcinoma
train,colon_aca/colonca1798.jpeg,1,adenocarcinoma
train,colon_aca/colonca1800.jpeg,1,adenocarcinoma
train,colon_aca/colonca1801.jpeg,1,adenocarcinoma
train,colon_aca/colonca1804.jpeg,1,adenocarcinoma
train,colon_aca/colonca1806.jpeg,1,adenocarcinoma
train,colon_aca/colonca1808.jpeg,1,adenocarcinoma
train,colon_aca/colonca1809.jpeg,1,adenocarcinoma
train,colon_aca/colonca1810.jpeg,1,adenocarcinoma
train,colon_aca/colonca1813.jpeg,1,adenocarcinoma
train,colon_aca/colonca1814.jpeg,1,adenocarcinoma
train,colon_aca/colonca1816.jpeg,1,adenocarcinoma
train,colon_aca/colonca1817.jpeg,1,adenocarcinoma
train,colon_aca/colonca1818.jpeg,1,adenocarcinoma
train,colon_aca/colonca1821.jpeg,1,adenocarcinoma
train,colon_aca/colonca1823.jpeg,1,adenocarcinoma
train,colon_aca/colonca1824.jpeg,1,adenocarcinoma
train,colon_aca/colonca1828.jpeg,1,adenocarcinoma
train,colon_aca/colonca1833.jpeg,1,adenocarcinoma
train,colon_aca/colonca1834.jpeg,1,adenocarcinoma
train,colon_aca/colonca1836.jpeg,1,adenocarcinoma
train,colon_aca/colonca1838.jpeg,1,adenocarcinoma
train,colon_aca/colonca1839.jpeg,1,adenocarcinoma
train,colon_aca/colonca184.jpeg,1,adenocarcinoma
train,colon_aca/colonca1841.jpeg,1,adenocarcinoma
train,colon_aca/colonca1844.jpeg,1,adenocarcinoma
train,colon_aca/colonca1845.jpeg,1,adenocarcinoma
train,colon_aca/colonca1847.jpeg,1,adenocarcinoma
train,colon_aca/colonca1848.jpeg,1,adenocarcinoma
train,colon_aca/colonca1849.jpeg,1,adenocarcinoma
train,colon_aca/colonca185.jpeg,1,adenocarcinoma
train,colon_aca/colonca1851.jpeg,1,adenocarcinoma
train,colon_aca/colonca1852.jpeg,1,adenocarcinoma
train,colon_aca/colonca1855.jpeg,1,adenocarcinoma
train,colon_aca/colonca1856.jpeg,1,adenocarcinoma
train,colon_aca/colonca1858.jpeg,1,adenocarcinoma
train,colon_aca/colonca186.jpeg,1,adenocarcinoma
train,colon_aca/colonca1860.jpeg,1,adenocarcinoma
train,colon_aca/colonca1861.jpeg,1,adenocarcinoma
train,colon_aca/colonca1862.jpeg,1,adenocarcinoma
train,colon_aca/colonca1863.jpeg,1,adenocarcinoma
train,colon_aca/colonca1865.jpeg,1,adenocarcinoma
train,colon_aca/colonca1866.jpeg,1,adenocarcinoma
train,colon_aca/colonca1867.jpeg,1,adenocarcinoma
train,colon_aca/colonca1868.jpeg,1,adenocarcinoma
train,colon_aca/colonca187.jpeg,1,adenocarcinoma
train,colon_aca/colonca1870.jpeg,1,adenocarcinoma
train,colon_aca/colonca1872.jpeg,1,adenocarcinoma
train,colon_aca/colonca1873.jpeg,1,adenocarcinoma
train,colon_aca/colonca1877.jpeg,1,adenocarcinoma
train,colon_aca/colonca1880.jpeg,1,adenocarcinoma
train,colon_aca/colonca1881.jpeg,1,adenocarcinoma
train,colon_aca/colonca1883.jpeg,1,adenocarcinoma
train,colon_aca/colonca1887.jpeg,1,adenocarcinoma
train,colon_aca/colonca1888.jpeg,1,adenocarcinoma
train,colon_aca/colonca1890.jpeg,1,adenocarcinoma
train,colon_aca/colonca1891.jpeg,1,adenocarcinoma
train,colon_aca/colonca1892.jpeg,1,adenocarcinoma
train,colon_aca/colonca1893.jpeg,1,adenocarcinoma
train,colon_aca/colonca1894.jpeg,1,adenocarcinoma
train,colon_aca/colonca1895.jpeg,1,adenocarcinoma
train,colon_aca/colonca1896.jpeg,1,adenocarcinoma
train,colon_aca/colonca1897.jpeg,1,adenocarcinoma
train,colon_aca/colonca1899.jpeg,1,adenocarcinoma
train,colon_aca/colonca19.jpeg,1,adenocarcinoma
train,colon_aca/colonca1900.jpeg,1,adenocarcinoma
train,colon_aca/colonca1902.jpeg,1,adenocarcinoma
train,colon_aca/colonca1903.jpeg,1,adenocarcinoma
train,colon_aca/colonca1904.jpeg,1,adenocarcinoma
train,colon_aca/colonca1905.jpeg,1,adenocarcinoma
train,colon_aca/colonca1907.jpeg,1,adenocarcinoma
train,colon_aca/colonca1908.jpeg,1,adenocarcinoma
train,colon_aca/colonca1909.jpeg,1,adenocarcinoma
train,colon_aca/colonca1911.jpeg,1,adenocarcinoma
train,colon_aca/colonca1914.jpeg,1,adenocarcinoma
train,colon_aca/colonca1915.jpeg,1,adenocarcinoma
train,colon_aca/colonca1917.jpeg,1,adenocarcinoma
train,colon_aca/colonca1918.jpeg,1,adenocarcinoma
train,colon_aca/colonca1919.jpeg,1,adenocarcinoma
train,colon_aca/colonca192.jpeg,1,adenocarcinoma
train,colon_aca/colonca1921.jpeg,1,adenocarcinoma
train,colon_aca/colonca1922.jpeg,1,adenocarcinoma
train,colon_aca/colonca1923.jpeg,1,adenocarcinoma
train,colon_aca/colonca193.jpeg,1,adenocarcinoma
train,colon_aca/colonca1930.jpeg,1,adenocarcinoma
train,colon_aca/colonca1931.jpeg,1,adenocarcinoma
train,colon_aca/colonca1932.jpeg,1,adenocarcinoma
train,colon_aca/colonca1933.jpeg,1,adenocarcinoma
train,colon_aca/colonca1934.jpeg,1,adenocarcinoma
train,colon_aca/colonca1935.jpeg,1,adenocarcinoma
train,colon_aca/colonca1937.jpeg,1,adenocarcinoma
train,colon_aca/colonca1938.jpeg,1,adenocarcinoma
train,colon_aca/colonca1939.jpeg,1,adenocarcinoma
train,colon_aca/colonca1940.jpeg,1,adenocarcinoma
train,colon_aca/colonca1944.jpeg,1,adenocarcinoma
train,colon_aca/colonca1946.jpeg,1,adenocarcinoma
train,colon_aca/colonca1947.jpeg,1,adenocarcinoma
train,colon_aca/colonca1948.jpeg,1,adenocarcinoma
train,colon_aca/colonca1949.jpeg,1,adenocarcinoma
train,colon_aca/colonca195.jpeg,1,adenocarcinoma
train,colon_aca/colonca1950.jpeg,1,adenocarcinoma
train,colon_aca/colonca1952.jpeg,1,adenocarcinoma
train,colon_aca/colonca1953.jpeg,1,adenocarcinoma
train,colon_aca/colonca1954.jpeg,1,adenocarcinoma
train,colon_aca/colonca1955.jpeg,1,adenocarcinoma
train,colon_aca/colonca1956.jpeg,1,adenocarcinoma
train,colon_aca/colonca1957.jpeg,1,adenocarcinoma
train,colon_aca/colonca1958.jpeg,1,adenocarcinoma
train,colon_aca/colonca1959.jpeg,1,adenocarcinoma
train,colon_aca/colonca196.jpeg,1,adenocarcinoma
train,colon_aca/colonca1960.jpeg,1,adenocarcinoma
train,colon_aca/colonca1961.jpeg,1,adenocarcinoma
train,colon_aca/colonca1962.jpeg,1,adenocarcinoma
train,colon_aca/colonca1963.jpeg,1,adenocarcinoma
train,colon_aca/colonca1964.jpeg,1,adenocarcinoma
train,colon_aca/colonca1966.jpeg,1,adenocarcinoma
train,colon_aca/colonca1967.jpeg,1,adenocarcinoma
train,colon_aca/colonca1968.jpeg,1,adenocarcinoma
train,colon_aca/colonca197.jpeg,1,adenocarcinoma
train,colon_aca/colonca1971.jpeg,1,adenocarcinoma
train,colon_aca/colonca1972.jpeg,1,adenocarcinoma
train,colon_aca/colonca1975.jpeg,1,adenocarcinoma
train,colon_aca/colonca1976.jpeg,1,adenocarcinoma
train,colon_aca/colonca1978.jpeg,1,adenocarcinoma
train,colon_aca/colonca1979.jpeg,1,adenocarcinoma
train,colon_aca/colonca1980.jpeg,1,adenocarcinoma
train,colon_aca/colonca1983.jpeg,1,adenocarcinoma
train,colon_aca/colonca1985.jpeg,1,adenocarcinoma
train,colon_aca/colonca1989.jpeg,1,adenocarcinoma
train,colon_aca/colonca199.jpeg,1,adenocarcinoma
train,colon_aca/colonca1990.jpeg,1,adenocarcinoma
train,colon_aca/colonca1992.jpeg,1,adenocarcinoma
train,colon_aca/colonca1993.jpeg,1,adenocarcinoma
train,colon_aca/colonca1996.jpeg,1,adenocarcinoma
train,colon_aca/colonca1997.jpeg,1,adenocarcinoma
train,colon_aca/colonca1998.jpeg,1,adenocarcinoma
train,colon_aca/colonca1999.jpeg,1,adenocarcinoma
train,colon_aca/colonca2.jpeg,1,adenocarcinoma
train,colon_aca/colonca20.jpeg,1,adenocarcinoma
train,colon_aca/colonca200.jpeg,1,adenocarcinoma
train,colon_aca/colonca2000.jpeg,1,adenocarcinoma
train,colon_aca/colonca2001.jpeg,1,adenocarcinoma
train,colon_aca/colonca2002.jpeg,1,adenocarcinoma
train,colon_aca/colonca2003.jpeg,1,adenocarcinoma
train,colon_aca/colonca2006.jpeg,1,adenocarcinoma
train,colon_aca/colonca2007.jpeg,1,adenocarcinoma
train,colon_aca/colonca2008.jpeg,1,adenocarcinoma
train,colon_aca/colonca2009.jpeg,1,adenocarcinoma
train,colon_aca/colonca2010.jpeg,1,adenocarcinoma
train,colon_aca/colonca2011.jpeg,1,adenocarcinoma
train,colon_aca/colonca2012.jpeg,1,adenocarcinoma
train,colon_aca/colonca2015.jpeg,1,adenocarcinoma
train,colon_aca/colonca2017.jpeg,1,adenocarcinoma
train,colon_aca/colonca2019.jpeg,1,adenocarcinoma
train,colon_aca/colonca202.jpeg,1,adenocarcinoma
train,colon_aca/colonca2020.jpeg,1,adenocarcinoma
train,colon_aca/colonca2021.jpeg,1,adenocarcinoma
train,colon_aca/colonca2022.jpeg,1,adenocarcinoma
train,colon_aca/colonca2023.jpeg,1,adenocarcinoma
train,colon_aca/colonca2026.jpeg,1,adenocarcinoma
train,colon_aca/colonca2027.jpeg,1,adenocarcinoma
train,colon_aca/colonca2028.jpeg,1,adenocarcinoma
train,colon_aca/colonca2029.jpeg,1,adenocarcinoma
train,colon_aca/colonca2030.jpeg,1,adenocarcinoma
train,colon_aca/colonca2031.jpeg,1,adenocarcinoma
train,colon_aca/colonca2032.jpeg,1,adenocarcinoma
train,colon_aca/colonca2033.jpeg,1,adenocarcinoma
train,colon_aca/colonca2035.jpeg,1,adenocarcinoma
train,colon_aca/colonca2036.jpeg,1,adenocarcinoma
train,colon_aca/colonca2037.jpeg,1,adenocarcinoma
train,colon_aca/colonca2038.jpeg,1,adenocarcinoma
train,colon_aca/colonca2039.jpeg,1,adenocarcinoma
train,colon_aca/colonca204.jpeg,1,adenocarcinoma
train,colon_aca/colonca2041.jpeg,1,adenocarcinoma
train,colon_aca/colonca2044.jpeg,1,adenocarcinoma
train,colon_aca/colonca2045.jpeg,1,adenocarcinoma
train,colon_aca/colonca2047.jpeg,1,adenocarcinoma
train,colon_aca/colonca2048.jpeg,1,adenocarcinoma
train,colon_aca/colonca205.jpeg,1,adenocarcinoma
train,colon_aca/colonca2050.jpeg,1,adenocarcinoma
train,colon_aca/colonca2052.jpeg,1,adenocarcinoma
train,colon_aca/colonca2053.jpeg,1,adenocarcinoma
train,colon_aca/colonca2054.jpeg,1,adenocarcinoma
train,colon_aca/colonca2056.jpeg,1,adenocarcinoma
train,colon_aca/colonca2057.jpeg,1,adenocarcinoma
train,colon_aca/colonca2058.jpeg,1,adenocarcinoma
train,colon_aca/colonca2059.jpeg,1,adenocarcinoma
train,colon_aca/colonca206.jpeg,1,adenocarcinoma
train,colon_aca/colonca2060.jpeg,1,adenocarcinoma
train,colon_aca/colonca2063.jpeg,1,adenocarcinoma
train,colon_aca/colonca2065.jpeg,1,adenocarcinoma
train,colon_aca/colonca2068.jpeg,1,adenocarcinoma
train,colon_aca/colonca207.jpeg,1,adenocarcinoma
train,colon_aca/colonca2072.jpeg,1,adenocarcinoma
train,colon_aca/colonca2073.jpeg,1,adenocarcinoma
train,colon_aca/colonca2074.jpeg,1,adenocarcinoma
train,colon_aca/colonca2075.jpeg,1,adenocarcinoma
train,colon_aca/colonca2076.jpeg,1,adenocarcinoma
train,colon_aca/colonca2077.jpeg,1,adenocarcinoma
train,colon_aca/colonca2078.jpeg,1,adenocarcinoma
train,colon_aca/colonca2079.jpeg,1,adenocarcinoma
train,colon_aca/colonca208.jpeg,1,adenocarcinoma
train,colon_aca/colonca2080.jpeg,1,adenocarcinoma
train,colon_aca/colonca2081.jpeg,1,adenocarcinoma
train,colon_aca/colonca2082.jpeg,1,adenocarcinoma
train,colon_aca/colonca2083.jpeg,1,adenocarcinoma
train,colon_aca/colonca2084.jpeg,1,adenocarcinoma
train,colon_aca/colonca2086.jpeg,1,adenocarcinoma
train,colon_aca/colonca2088.jpeg,1,adenocarcinoma
train,colon_aca/colonca2090.jpeg,1,adenocarcinoma
train,colon_aca/colonca2091.jpeg,1,adenocarcinoma
train,colon_aca/colonca2094.jpeg,1,adenocarcinoma
train,colon_aca/colonca2095.jpeg,1,adenocarcinoma
train,colon_aca/colonca2096.jpeg,1,adenocarcinoma
train,colon_aca/colonca2097.jpeg,1,adenocarcinoma
train,colon_aca/colonca2098.jpeg,1,adenocarcinoma
train,colon_aca/colonca2099.jpeg,1,adenocarcinoma
train,colon_aca/colonca210.jpeg,1,adenocarcinoma
train,colon_aca/colonca2101.jpeg,1,adenocarcinoma
train,colon_aca/colonca2102.jpeg,1,adenocarcinoma
train,colon_aca/colonca2103.jpeg,1,adenocarcinoma
train,colon_aca/colonca2104.jpeg,1,adenocarcinoma
train,colon_aca/colonca2108.jpeg,1,adenocarcinoma
train,colon_aca/colonca2109.jpeg,1,adenocarcinoma
train,colon_aca/colonca2110.jpeg,1,adenocarcinoma
train,colon_aca/colonca2111.jpeg,1,adenocarcinoma
train,colon_aca/colonca2112.jpeg,1,adenocarcinoma
train,colon_aca/colonca2113.jpeg,1,adenocarcinoma
train,colon_aca/colonca2114.jpeg,1,adenocarcinoma
train,colon_aca/colonca2115.jpeg,1,adenocarcinoma
train,colon_aca/colonca2116.jpeg,1,adenocarcinoma
train,colon_aca/colonca2118.jpeg,1,adenocarcinoma
train,colon_aca/colonca2119.jpeg,1,adenocarcinoma
train,colon_aca/colonca212.jpeg,1,adenocarcinoma
train,colon_aca/colonca2120.jpeg,1,adenocarcinoma
train,colon_aca/colonca2122.jpeg,1,adenocarcinoma
train,colon_aca/colonca2123.jpeg,1,adenocarcinoma
train,colon_aca/colonca2125.jpeg,1,adenocarcinoma
train,colon_aca/colonca2126.jpeg,1,adenocarcinoma
train,colon_aca/colonca2127.jpeg,1,adenocarcinoma
train,colon_aca/colonca2128.jpeg,1,adenocarcinoma
train,colon_aca/colonca213.jpeg,1,adenocarcinoma
train,colon_aca/colonca2130.jpeg,1,adenocarcinoma
train,colon_aca/colonca2133.jpeg,1,adenocarcinoma
train,colon_aca/colonca2135.jpeg,1,adenocarcinoma
train,colon_aca/colonca2137.jpeg,1,adenocarcinoma
train,colon_aca/colonca2138.jpeg,1,adenocarcinoma
train,colon_aca/colonca2139.jpeg,1,adenocarcinoma
train,colon_aca/colonca2142.jpeg,1,adenocarcinoma
train,colon_aca/colonca2143.jpeg,1,adenocarcinoma
train,colon_aca/colonca2145.jpeg,1,adenocarcinoma
train,colon_aca/colonca2146.jpeg,1,adenocarcinoma
train,colon_aca/colonca2147.jpeg,1,adenocarcinoma
train,colon_aca/colonca2148.jpeg,1,adenocarcinoma
train,colon_aca/colonca2149.jpeg,1,adenocarcinoma
train,colon_aca/colonca2150.jpeg,1,adenocarcinoma
train,colon_aca/colonca2151.jpeg,1,adenocarcinoma
train,colon_aca/colonca2152.jpeg,1,adenocarcinoma
train,colon_aca/colonca2154.jpeg,1,adenocarcinoma
train,colon_aca/colonca2155.jpeg,1,adenocarcinoma
train,colon_aca/colonca2156.jpeg,1,adenocarcinoma
train,colon_aca/colonca2157.jpeg,1,adenocarcinoma
train,colon_aca/colonca2158.jpeg,1,adenocarcinoma
train,colon_aca/colonca2159.jpeg,1,adenocarcinoma
train,colon_aca/colonca216.jpeg,1,adenocarcinoma
train,colon_aca/colonca2160.jpeg,1,adenocarcinoma
train,colon_aca/colonca2162.jpeg,1,adenocarcinoma
train,colon_aca/colonca2163.jpeg,1,adenocarcinoma
train,colon_aca/colonca2164.jpeg,1,adenocarcinoma
train,colon_aca/colonca2166.jpeg,1,adenocarcinoma
train,colon_aca/colonca2167.jpeg,1,adenocarcinoma
train,colon_aca/colonca2168.jpeg,1,adenocarcinoma
train,colon_aca/colonca2169.jpeg,1,adenocarcinoma
train,colon_aca/colonca2170.jpeg,1,adenocarcinoma
train,colon_aca/colonca2171.jpeg,1,adenocarcinoma
train,colon_aca/colonca2172.jpeg,1,adenocarcinoma
train,colon_aca/colonca2174.jpeg,1,adenocarcinoma
train,colon_aca/colonca2176.jpeg,1,adenocarcinoma
train,colon_aca/colonca2177.jpeg,1,adenocarcinoma
train,colon_aca/colonca2178.jpeg,1,adenocarcinoma
train,colon_aca/colonca2180.jpeg,1,adenocarcinoma
train,colon_aca/colonca2181.jpeg,1,adenocarcinoma
train,colon_aca/colonca2182.jpeg,1,adenocarcinoma
train,colon_aca/colonca2183.jpeg,1,adenocarcinoma
train,colon_aca/colonca2185.jpeg,1,adenocarcinoma
train,colon_aca/colonca2187.jpeg,1,adenocarcinoma
train,colon_aca/colonca2189.jpeg,1,adenocarcinoma
train,colon_aca/colonca219.jpeg,1,adenocarcinoma
train,colon_aca/colonca2190.jpeg,1,adenocarcinoma
train,colon_aca/colonca2193.jpeg,1,adenocarcinoma
train,colon_aca/colonca2194.jpeg,1,adenocarcinoma
train,colon_aca/colonca2195.jpeg,1,adenocarcinoma
train,colon_aca/colonca2196.jpeg,1,adenocarcinoma
train,colon_aca/colonca2197.jpeg,1,adenocarcinoma
train,colon_aca/colonca2198.jpeg,1,adenocarcinoma
train,colon_aca/colonca2199.jpeg,1,adenocarcinoma
train,colon_aca/colonca22.jpeg,1,adenocarcinoma
train,colon_aca/colonca2200.jpeg,1,adenocarcinoma
train,colon_aca/colonca2201.jpeg,1,adenocarcinoma
train,colon_aca/colonca2202.jpeg,1,adenocarcinoma
train,colon_aca/colonca2203.jpeg,1,adenocarcinoma
train,colon_aca/colonca2205.jpeg,1,adenocarcinoma
train,colon_aca/colonca2207.jpeg,1,adenocarcinoma
train,colon_aca/colonca2208.jpeg,1,adenocarcinoma
train,colon_aca/colonca2209.jpeg,1,adenocarcinoma
train,colon_aca/colonca221.jpeg,1,adenocarcinoma
train,colon_aca/colonca2210.jpeg,1,adenocarcinoma
train,colon_aca/colonca2211.jpeg,1,adenocarcinoma
train,colon_aca/colonca2212.jpeg,1,adenocarcinoma
train,colon_aca/colonca2217.jpeg,1,adenocarcinoma
train,colon_aca/colonca2218.jpeg,1,adenocarcinoma
train,colon_aca/colonca2221.jpeg,1,adenocarcinoma
train,colon_aca/colonca2222.jpeg,1,adenocarcinoma
train,colon_aca/colonca2223.jpeg,1,adenocarcinoma
train,colon_aca/colonca2224.jpeg,1,adenocarcinoma
train,colon_aca/colonca2225.jpeg,1,adenocarcinoma
train,colon_aca/colonca2226.jpeg,1,adenocarcinoma
train,colon_aca/colonca2227.jpeg,1,adenocarcinoma
train,colon_aca/colonca223.jpeg,1,adenocarcinoma
train,colon_aca/colonca2230.jpeg,1,adenocarcinoma
train,colon_aca/colonca2233.jpeg,1,adenocarcinoma
train,colon_aca/colonca2234.jpeg,1,adenocarcinoma
train,colon_aca/colonca2235.jpeg,1,adenocarcinoma
train,colon_aca/colonca2237.jpeg,1,adenocarcinoma
train,colon_aca/colonca2238.jpeg,1,adenocarcinoma
train,colon_aca/colonca224.jpeg,1,adenocarcinoma
train,colon_aca/colonca2241.jpeg,1,adenocarcinoma
train,colon_aca/colonca2242.jpeg,1,adenocarcinoma
train,colon_aca/colonca2243.jpeg,1,adenocarcinoma
train,colon_aca/colonca2245.jpeg,1,adenocarcinoma
train,colon_aca/colonca2246.jpeg,1,adenocarcinoma
train,colon_aca/colonca2247.jpeg,1,adenocarcinoma
train,colon_aca/colonca2248.jpeg,1,adenocarcinoma
train,colon_aca/colonca2249.jpeg,1,adenocarcinoma
train,colon_aca/colonca2251.jpeg,1,adenocarcinoma
train,colon_aca/colonca2252.jpeg,1,adenocarcinoma
train,colon_aca/colonca2253.jpeg,1,adenocarcinoma
train,colon_aca/colonca2254.jpeg,1,adenocarcinoma
train,colon_aca/colonca2255.jpeg,1,adenocarcinoma
train,colon_aca/colonca2258.jpeg,1,adenocarcinoma
train,colon_aca/colonca2259.jpeg,1,adenocarcinoma
train,colon_aca/colonca226.jpeg,1,adenocarcinoma
train,colon_aca/colonca2260.jpeg,1,adenocarcinoma
train,colon_aca/colonca2261.jpeg,1,adenocarcinoma
train,colon_aca/colonca2263.jpeg,1,adenocarcinoma
train,colon_aca/colonca2264.jpeg,1,adenocarcinoma
train,colon_aca/colonca2266.jpeg,1,adenocarcinoma
train,colon_aca/colonca2268.jpeg,1,adenocarcinoma
train,colon_aca/colonca2270.jpeg,1,adenocarcinoma
train,colon_aca/colonca2271.jpeg,1,adenocarcinoma
train,colon_aca/colonca2272.jpeg,1,adenocarcinoma
train,colon_aca/colonca2273.jpeg,1,adenocarcinoma
train,colon_aca/colonca2274.jpeg,1,adenocarcinoma
train,colon_aca/colonca2275.jpeg,1,adenocarcinoma
train,colon_aca/colonca2276.jpeg,1,adenocarcinoma
train,colon_aca/colonca2277.jpeg,1,adenocarcinoma
train,colon_aca/colonca2278.jpeg,1,adenocarcinoma
train,colon_aca/colonca2279.jpeg,1,adenocarcinoma
train,colon_aca/colonca2280.jpeg,1,adenocarcinoma
train,colon_aca/colonca2282.jpeg,1,adenocarcinoma
train,colon_aca/colonca2283.jpeg,1,adenocarcinoma
train,colon_aca/colonca2284.jpeg,1,adenocarcinoma
train,colon_aca/colonca2285.jpeg,1,adenocarcinoma
train,colon_aca/colonca2286.jpeg,1,adenocarcinoma
train,colon_aca/colonca2287.jpeg,1,adenocarcinoma
train,colon_aca/colonca2288.jpeg,1,adenocarcinoma
train,colon_aca/colonca2289.jpeg,1,adenocarcinoma
train,colon_aca/colonca2292.jpeg,1,adenocarcinoma
train,colon_aca/colonca2293.jpeg,1,adenocarcinoma
train,colon_aca/colonca2294.jpeg,1,adenocarcinoma
train,colon_aca/colonca2295.jpeg,1,adenocarcinoma
train,colon_aca/colonca2296.jpeg,1,adenocarcinoma
train,colon_aca/colonca2297.jpeg,1,adenocarcinoma
train,colon_aca/colonca2298.jpeg,1,adenocarcinoma
train,colon_aca/colonca2299.jpeg,1,adenocarcinoma
train,colon_aca/colonca230.jpeg,1,adenocarcinoma
train,colon_aca/colonca2301.jpeg,1,adenocarcinoma
train,colon_aca/colonca2305.jpeg,1,adenocarcinoma
train,colon_aca/colonca2306.jpeg,1,adenocarcinoma
train,colon_aca/colonca2308.jpeg,1,adenocarcinoma
train,colon_aca/colonca2309.jpeg,1,adenocarcinoma
train,colon_aca/colonca231.jpeg,1,adenocarcinoma
train,colon_aca/colonca2310.jpeg,1,adenocarcinoma
train,colon_aca/colonca2311.jpeg,1,adenocarcinoma
train,colon_aca/colonca2312.jpeg,1,adenocarcinoma
train,colon_aca/colonca2313.jpeg,1,adenocarcinoma
train,colon_aca/colonca2315.jpeg,1,adenocarcinoma
train,colon_aca/colonca2317.jpeg,1,adenocarcinoma
train,colon_aca/colonca2319.jpeg,1,adenocarcinoma
train,colon_aca/colonca232.jpeg,1,adenocarcinoma
train,colon_aca/colonca2321.jpeg,1,adenocarcinoma
train,colon_aca/colonca2323.jpeg,1,adenocarcinoma
train,colon_aca/colonca2325.jpeg,1,adenocarcinoma
train,colon_aca/colonca2327.jpeg,1,adenocarcinoma
train,colon_aca/colonca2328.jpeg,1,adenocarcinoma
train,colon_aca/colonca233.jpeg,1,adenocarcinoma
train,colon_aca/colonca2330.jpeg,1,adenocarcinoma
train,colon_aca/colonca2332.jpeg,1,adenocarcinoma
train,colon_aca/colonca2333.jpeg,1,adenocarcinoma
train,colon_aca/colonca2334.jpeg,1,adenocarcinoma
train,colon_aca/colonca2336.jpeg,1,adenocarcinoma
train,colon_aca/colonca2338.jpeg,1,adenocarcinoma
train,colon_aca/colonca2339.jpeg,1,adenocarcinoma
train,colon_aca/colonca2340.jpeg,1,adenocarcinoma
train,colon_aca/colonca2341.jpeg,1,adenocarcinoma
train,colon_aca/colonca2342.jpeg,1,adenocarcinoma
train,colon_aca/colonca2343.jpeg,1,adenocarcinoma
train,colon_aca/colonca2344.jpeg,1,adenocarcinoma
train,colon_aca/colonca2345.jpeg,1,adenocarcinoma
train,colon_aca/colonca2346.jpeg,1,adenocarcinoma
train,colon_aca/colonca2347.jpeg,1,adenocarcinoma
train,colon_aca/colonca235.jpeg,1,adenocarcinoma
train,colon_aca/colonca2350.jpeg,1,adenocarcinoma
train,colon_aca/colonca2351.jpeg,1,adenocarcinoma
train,colon_aca/colonca2354.jpeg,1,adenocarcinoma
train,colon_aca/colonca2356.jpeg,1,adenocarcinoma
train,colon_aca/colonca2357.jpeg,1,adenocarcinoma
train,colon_aca/colonca236.jpeg,1,adenocarcinoma
train,colon_aca/colonca2360.jpeg,1,adenocarcinoma
train,colon_aca/colonca2363.jpeg,1,adenocarcinoma
train,colon_aca/colonca2365.jpeg,1,adenocarcinoma
train,colon_aca/colonca2366.jpeg,1,adenocarcinoma
train,colon_aca/colonca2367.jpeg,1,adenocarcinoma
train,colon_aca/colonca237.jpeg,1,adenocarcinoma
train,colon_aca/colonca2370.jpeg,1,adenocarcinoma
train,colon_aca/colonca2371.jpeg,1,adenocarcinoma
train,colon_aca/colonca2373.jpeg,1,adenocarcinoma
train,colon_aca/colonca2374.jpeg,1,adenocarcinoma
train,colon_aca/colonca2375.jpeg,1,adenocarcinoma
train,colon_aca/colonca2376.jpeg,1,adenocarcinoma
train,colon_aca/colonca2377.jpeg,1,adenocarcinoma
train,colon_aca/colonca2378.jpeg,1,adenocarcinoma
train,colon_aca/colonca2379.jpeg,1,adenocarcinoma
train,colon_aca/colonca2380.jpeg,1,adenocarcinoma
train,colon_aca/colonca2381.jpeg,1,adenocarcinoma
train,colon_aca/colonca2382.jpeg,1,adenocarcinoma
train,colon_aca/colonca2383.jpeg,1,adenocarcinoma
train,colon_aca/colonca2385.jpeg,1,adenocarcinoma
train,colon_aca/colonca2388.jpeg,1,adenocarcinoma
train,colon_aca/colonca2389.jpeg,1,adenocarcinoma
train,colon_aca/colonca239.jpeg,1,adenocarcinoma
train,colon_aca/colonca2390.jpeg,1,adenocarcinoma
train,colon_aca/colonca2392.jpeg,1,adenocarcinoma
train,colon_aca/colonca2393.jpeg,1,adenocarcinoma
train,colon_aca/colonca2394.jpeg,1,adenocarcinoma
train,colon_aca/colonca2396.jpeg,1,adenocarcinoma
train,colon_aca/colonca2399.jpeg,1,adenocarcinoma
train,colon_aca/colonca24.jpeg,1,adenocarcinoma
train,colon_aca/colonca240.jpeg,1,adenocarcinoma
train,colon_aca/colonca2400.jpeg,1,adenocarcinoma
train,colon_aca/colonca2401.jpeg,1,adenocarcinoma
train,colon_aca/colonca2403.jpeg,1,adenocarcinoma
train,colon_aca/colonca2404.jpeg,1,adenocarcinoma
train,colon_aca/colonca2405.jpeg,1,adenocarcinoma
train,colon_aca/colonca2407.jpeg,1,adenocarcinoma
train,colon_aca/colonca241.jpeg,1,adenocarcinoma
train,colon_aca/colonca2410.jpeg,1,adenocarcinoma
train,colon_aca/colonca2411.jpeg,1,adenocarcinoma
train,colon_aca/colonca2412.jpeg,1,adenocarcinoma
train,colon_aca/colonca2413.jpeg,1,adenocarcinoma
train,colon_aca/colonca2415.jpeg,1,adenocarcinoma
train,colon_aca/colonca2416.jpeg,1,adenocarcinoma
train,colon_aca/colonca2417.jpeg,1,adenocarcinoma
train,colon_aca/colonca2419.jpeg,1,adenocarcinoma
train,colon_aca/colonca242.jpeg,1,adenocarcinoma
train,colon_aca/colonca2422.jpeg,1,adenocarcinoma
train,colon_aca/colonca2424.jpeg,1,adenocarcinoma
train,colon_aca/colonca2425.jpeg,1,adenocarcinoma
train,colon_aca/colonca2426.jpeg,1,adenocarcinoma
train,colon_aca/colonca2428.jpeg,1,adenocarcinoma
train,colon_aca/colonca2429.jpeg,1,adenocarcinoma
train,colon_aca/colonca2431.jpeg,1,adenocarcinoma
train,colon_aca/colonca2432.jpeg,1,adenocarcinoma
train,colon_aca/colonca2433.jpeg,1,adenocarcinoma
train,colon_aca/colonca2434.jpeg,1,adenocarcinoma
train,colon_aca/colonca2435.jpeg,1,adenocarcinoma
train,colon_aca/colonca2436.jpeg,1,adenocarcinoma
train,colon_aca/colonca2437.jpeg,1,adenocarcinoma
train,colon_aca/colonca2438.jpeg,1,adenocarcinoma
train,colon_aca/colonca2439.jpeg,1,adenocarcinoma
train,colon_aca/colonca2440.jpeg,1,adenocarcinoma
train,colon_aca/colonca2441.jpeg,1,adenocarcinoma
train,colon_aca/colonca2442.jpeg,1,adenocarcinoma
train,colon_aca/colonca2444.jpeg,1,adenocarcinoma
train,colon_aca/colonca2445.jpeg,1,adenocarcinoma
train,colon_aca/colonca2446.jpeg,1,adenocarcinoma
train,colon_aca/colonca2448.jpeg,1,adenocarcinoma
train,colon_aca/colonca2450.jpeg,1,adenocarcinoma
train,colon_aca/colonca2451.jpeg,1,adenocarcinoma
train,colon_aca/colonca2452.jpeg,1,adenocarcinoma
train,colon_aca/colonca2453.jpeg,1,adenocarcinoma
train,colon_aca/colonca2454.jpeg,1,adenocarcinoma
train,colon_aca/colonca2455.jpeg,1,adenocarcinoma
train,colon_aca/colonca2456.jpeg,1,adenocarcinoma
train,colon_aca/colonca2458.jpeg,1,adenocarcinoma
train,colon_aca/colonca246.jpeg,1,adenocarcinoma
train,colon_aca/colonca2460.jpeg,1,adenocarcinoma
train,colon_aca/colonca2462.jpeg,1,adenocarcinoma
train,colon_aca/colonca2464.jpeg,1,adenocarcinoma
train,colon_aca/colonca2465.jpeg,1,adenocarcinoma
train,colon_aca/colonca2467.jpeg,1,adenocarcinoma
train,colon_aca/colonca2469.jpeg,1,adenocarcinoma
train,colon_aca/colonca2474.jpeg,1,adenocarcinoma
train,colon_aca/colonca2477.jpeg,1,adenocarcinoma
train,colon_aca/colonca2478.jpeg,1,adenocarcinoma
train,colon_aca/colonca2480.jpeg,1,adenocarcinoma
train,colon_aca/colonca2481.jpeg,1,adenocarcinoma
train,colon_aca/colonca2482.jpeg,1,adenocarcinoma
train,colon_aca/colonca2483.jpeg,1,adenocarcinoma
train,colon_aca/colonca2484.jpeg,1,adenocarcinoma
train,colon_aca/colonca2485.jpeg,1,adenocarcinoma
train,colon_aca/colonca2487.jpeg,1,adenocarcinoma
train,colon_aca/colonca2489.jpeg,1,adenocarcinoma
train,colon_aca/colonca249.jpeg,1,adenocarcinoma
train,colon_aca/colonca2491.jpeg,1,adenocarcinoma
train,colon_aca/colonca2492.jpeg,1,adenocarcinoma
train,colon_aca/colonca2493.jpeg,1,adenocarcinoma
train,colon_aca/colonca2494.jpeg,1,adenocarcinoma
train,colon_aca/colonca2495.jpeg,1,adenocarcinoma
train,colon_aca/colonca2496.jpeg,1,adenocarcinoma
train,colon_aca/colonca2498.jpeg,1,adenocarcinoma
train,colon_aca/colonca2499.jpeg,1,adenocarcinoma
train,colon_aca/colonca25.jpeg,1,adenocarcinoma
train,colon_aca/colonca250.jpeg,1,adenocarcinoma
train,colon_aca/colonca2500.jpeg,1,adenocarcinoma
train,colon_aca/colonca2501.jpeg,1,adenocarcinoma
train,colon_aca/colonca2502.jpeg,1,adenocarcinoma
train,colon_aca/colonca2503.jpeg,1,adenocarcinoma
train,colon_aca/colonca2504.jpeg,1,adenocarcinoma
train,colon_aca/colonca2505.jpeg,1,adenocarcinoma
train,colon_aca/colonca2506.jpeg,1,adenocarcinoma
train,colon_aca/colonca2507.jpeg,1,adenocarcinoma
train,colon_aca/colonca2509.jpeg,1,adenocarcinoma
train,colon_aca/colonca251.jpeg,1,adenocarcinoma
train,colon_aca/colonca2510.jpeg,1,adenocarcinoma
train,colon_aca/colonca2512.jpeg,1,adenocarcinoma
train,colon_aca/colonca2513.jpeg,1,adenocarcinoma
train,colon_aca/colonca2514.jpeg,1,adenocarcinoma
train,colon_aca/colonca2515.jpeg,1,adenocarcinoma
train,colon_aca/colonca2517.jpeg,1,adenocarcinoma
train,colon_aca/colonca2518.jpeg,1,adenocarcinoma
train,colon_aca/colonca252.jpeg,1,adenocarcinoma
train,colon_aca/colonca2520.jpeg,1,adenocarcinoma
train,colon_aca/colonca2521.jpeg,1,adenocarcinoma
train,colon_aca/colonca2522.jpeg,1,adenocarcinoma
train,colon_aca/colonca2524.jpeg,1,adenocarcinoma
train,colon_aca/colonca2525.jpeg,1,adenocarcinoma
train,colon_aca/colonca2526.jpeg,1,adenocarcinoma
train,colon_aca/colonca2528.jpeg,1,adenocarcinoma
train,colon_aca/colonca2529.jpeg,1,adenocarcinoma
train,colon_aca/colonca253.jpeg,1,adenocarcinoma
train,colon_aca/colonca2530.jpeg,1,adenocarcinoma
train,colon_aca/colonca2531.jpeg,1,adenocarcinoma
train,colon_aca/colonca2532.jpeg,1,adenocarcinoma
train,colon_aca/colonca2533.jpeg,1,adenocarcinoma
train,colon_aca/colonca2535.jpeg,1,adenocarcinoma
train,colon_aca/colonca2537.jpeg,1,adenocarcinoma
train,colon_aca/colonca254.jpeg,1,adenocarcinoma
train,colon_aca/colonca2540.jpeg,1,adenocarcinoma
train,colon_aca/colonca2542.jpeg,1,adenocarcinoma
train,colon_aca/colonca2544.jpeg,1,adenocarcinoma
train,colon_aca/colonca2545.jpeg,1,adenocarcinoma
train,colon_aca/colonca2547.jpeg,1,adenocarcinoma
train,colon_aca/colonca2548.jpeg,1,adenocarcinoma
train,colon_aca/colonca2552.jpeg,1,adenocarcinoma
train,colon_aca/colonca2553.jpeg,1,adenocarcinoma
train,colon_aca/colonca2554.jpeg,1,adenocarcinoma
train,colon_aca/colonca2555.jpeg,1,adenocarcinoma
train,colon_aca/colonca2556.jpeg,1,adenocarcinoma
train,colon_aca/colonca2557.jpeg,1,adenocarcinoma
train,colon_aca/colonca2558.jpeg,1,adenocarcinoma
train,colon_aca/colonca2559.jpeg,1,adenocarcinoma
train,colon_aca/colonca256.jpeg,1,adenocarcinoma
train,colon_aca/colonca2562.jpeg,1,adenocarcinoma
train,colon_aca/colonca2563.jpeg,1,adenocarcinoma
train,colon_aca/colonca2564.jpeg,1,adenocarcinoma
train,colon_aca/colonca2565.jpeg,1,adenocarcinoma
train,colon_aca/colonca2566.jpeg,1,adenocarcinoma
train,colon_aca/colonca2567.jpeg,1,adenocarcinoma
train,colon_aca/colonca2568.jpeg,1,adenocarcinoma
train,colon_aca/colonca2569.jpeg,1,adenocarcinoma
train,colon_aca/colonca257.jpeg,1,adenocarcinoma
train,colon_aca/colonca2570.jpeg,1,adenocarcinoma
train,colon_aca/colonca2571.jpeg,1,adenocarcinoma
train,colon_aca/colonca2574.jpeg,1,adenocarcinoma
train,colon_aca/colonca2576.jpeg,1,adenocarcinoma
train,colon_aca/colonca2577.jpeg,1,adenocarcinoma
train,colon_aca/colonca258.jpeg,1,adenocarcinoma
train,colon_aca/colonca2580.jpeg,1,adenocarcinoma
train,colon_aca/colonca2581.jpeg,1,adenocarcinoma
train,colon_aca/colonca2582.jpeg,1,adenocarcinoma
train,colon_aca/colonca2583.jpeg,1,adenocarcinoma
train,colon_aca/colonca2585.jpeg,1,adenocarcinoma
train,colon_aca/colonca2586.jpeg,1,adenocarcinoma
train,colon_aca/colonca2588.jpeg,1,adenocarcinoma
train,colon_aca/colonca2589.jpeg,1,adenocarcinoma
train,colon_aca/colonca2590.jpeg,1,adenocarcinoma
train,colon_aca/colonca2591.jpeg,1,adenocarcinoma
train,colon_aca/colonca2592.jpeg,1,adenocarcinoma
train,colon_aca/colonca2596.jpeg,1,adenocarcinoma
train,colon_aca/colonca2597.jpeg,1,adenocarcinoma
train,colon_aca/colonca2599.jpeg,1,adenocarcinoma
train,colon_aca/colonca26.jpeg,1,adenocarcinoma
train,colon_aca/colonca2600.jpeg,1,adenocarcinoma
train,colon_aca/colonca2603.jpeg,1,adenocarcinoma
train,colon_aca/colonca2605.jpeg,1,adenocarcinoma
train,colon_aca/colonca2607.jpeg,1,adenocarcinoma
train,colon_aca/colonca2608.jpeg,1,adenocarcinoma
train,colon_aca/colonca261.jpeg,1,adenocarcinoma
train,colon_aca/colonca2610.jpeg,1,adenocarcinoma
train,colon_aca/colonca2611.jpeg,1,adenocarcinoma
train,colon_aca/colonca2612.jpeg,1,adenocarcinoma
train,colon_aca/colonca2613.jpeg,1,adenocarcinoma
train,colon_aca/colonca2614.jpeg,1,adenocarcinoma
train,colon_aca/colonca2615.jpeg,1,adenocarcinoma
train,colon_aca/colonca2616.jpeg,1,adenocarcinoma
train,colon_aca/colonca2617.jpeg,1,adenocarcinoma
train,colon_aca/colonca2618.jpeg,1,adenocarcinoma
train,colon_aca/colonca2619.jpeg,1,adenocarcinoma
train,colon_aca/colonca2621.jpeg,1,adenocarcinoma
train,colon_aca/colonca2622.jpeg,1,adenocarcinoma
train,colon_aca/colonca2623.jpeg,1,adenocarcinoma
train,colon_aca/colonca2624.jpeg,1,adenocarcinoma
train,colon_aca/colonca2625.jpeg,1,adenocarcinoma
train,colon_aca/colonca2627.jpeg,1,adenocarcinoma
train,colon_aca/colonca263.jpeg,1,adenocarcinoma
train,colon_aca/colonca2632.jpeg,1,adenocarcinoma
train,colon_aca/colonca2633.jpeg,1,adenocarcinoma
train,colon_aca/colonca2634.jpeg,1,adenocarcinoma
train,colon_aca/colonca2635.jpeg,1,adenocarcinoma
train,colon_aca/colonca2639.jpeg,1,adenocarcinoma
train,colon_aca/colonca264.jpeg,1,adenocarcinoma
train,colon_aca/colonca2640.jpeg,1,adenocarcinoma
train,colon_aca/colonca2641.jpeg,1,adenocarcinoma
train,colon_aca/colonca2642.jpeg,1,adenocarcinoma
train,colon_aca/colonca2644.jpeg,1,adenocarcinoma
train,colon_aca/colonca2645.jpeg,1,adenocarcinoma
train,colon_aca/colonca2646.jpeg,1,adenocarcinoma
train,colon_aca/colonca2648.jpeg,1,adenocarcinoma
train,colon_aca/colonca2649.jpeg,1,adenocarcinoma
train,colon_aca/colonca265.jpeg,1,adenocarcinoma
train,colon_aca/colonca2650.jpeg,1,adenocarcinoma
train,colon_aca/colonca2651.jpeg,1,adenocarcinoma
train,colon_aca/colonca2652.jpeg,1,adenocarcinoma
train,colon_aca/colonca2653.jpeg,1,adenocarcinoma
train,colon_aca/colonca2654.jpeg,1,adenocarcinoma
train,colon_aca/colonca2655.jpeg,1,adenocarcinoma
train,colon_aca/colonca2656.jpeg,1,adenocarcinoma
train,colon_aca/colonca2657.jpeg,1,adenocarcinoma
train,colon_aca/colonca2658.jpeg,1,adenocarcinoma
train,colon_aca/colonca2659.jpeg,1,adenocarcinoma
train,colon_aca/colonca266.jpeg,1,adenocarcinoma
train,colon_aca/colonca2660.jpeg,1,adenocarcinoma
train,colon_aca/colonca2661.jpeg,1,adenocarcinoma
train,colon_aca/colonca2662.jpeg,1,adenocarcinoma
train,colon_aca/colonca2663.jpeg,1,adenocarcinoma
train,colon_aca/colonca2665.jpeg,1,adenocarcinoma
train,colon_aca/colonca2666.jpeg,1,adenocarcinoma
train,colon_aca/colonca2667.jpeg,1,adenocarcinoma
train,colon_aca/colonca267.jpeg,1,adenocarcinoma
train,colon_aca/colonca2673.jpeg,1,adenocarcinoma
train,colon_aca/colonca2674.jpeg,1,adenocarcinoma
train,colon_aca/colonca2675.jpeg,1,adenocarcinoma
train,colon_aca/colonca2676.jpeg,1,adenocarcinoma
train,colon_aca/colonca2677.jpeg,1,adenocarcinoma
train,colon_aca/colonca2678.jpeg,1,adenocarcinoma
train,colon_aca/colonca2679.jpeg,1,adenocarcinoma
train,colon_aca/colonca2680.jpeg,1,adenocarcinoma
train,colon_aca/colonca2682.jpeg,1,adenocarcinoma
train,colon_aca/colonca2687.jpeg,1,adenocarcinoma
train,colon_aca/colonca2689.jpeg,1,adenocarcinoma
train,colon_aca/colonca2690.jpeg,1,adenocarcinoma
train,colon_aca/colonca2691.jpeg,1,adenocarcinoma
train,colon_aca/colonca2694.jpeg,1,adenocarcinoma
train,colon_aca/colonca2696.jpeg,1,adenocarcinoma
train,colon_aca/colonca2697.jpeg,1,adenocarcinoma
train,colon_aca/colonca2699.jpeg,1,adenocarcinoma
train,colon_aca/colonca27.jpeg,1,adenocarcinoma
train,colon_aca/colonca270.jpeg,1,adenocarcinoma
train,colon_aca/colonca2700.jpeg,1,adenocarcinoma
train,colon_aca/colonca2701.jpeg,1,adenocarcinoma
train,colon_aca/colonca2705.jpeg,1,adenocarcinoma
train,colon_aca/colonca2706.jpeg,1,adenocarcinoma
train,colon_aca/colonca2707.jpeg,1,adenocarcinoma
train,colon_aca/colonca2708.jpeg,1,adenocarcinoma
train,colon_aca/colonca2709.jpeg,1,adenocarcinoma
train,colon_aca/colonca271.jpeg,1,adenocarcinoma
train,colon_aca/colonca2711.jpeg,1,adenocarcinoma
train,colon_aca/colonca2712.jpeg,1,adenocarcinoma
train,colon_aca/colonca2714.jpeg,1,adenocarcinoma
train,colon_aca/colonca2719.jpeg,1,adenocarcinoma
train,colon_aca/colonca2720.jpeg,1,adenocarcinoma
train,colon_aca/colonca2721.jpeg,1,adenocarcinoma
train,colon_aca/colonca2722.jpeg,1,adenocarcinoma
train,colon_aca/colonca2724.jpeg,1,adenocarcinoma
train,colon_aca/colonca2725.jpeg,1,adenocarcinoma
train,colon_aca/colonca2726.jpeg,1,adenocarcinoma
train,colon_aca/colonca2727.jpeg,1,adenocarcinoma
train,colon_aca/colonca2728.jpeg,1,adenocarcinoma
train,colon_aca/colonca2729.jpeg,1,adenocarcinoma
train,colon_aca/colonca273.jpeg,1,adenocarcinoma
train,colon_aca/colonca2730.jpeg,1,adenocarcinoma
train,colon_aca/colonca2731.jpeg,1,adenocarcinoma
train,colon_aca/colonca2732.jpeg,1,adenocarcinoma
train,colon_aca/colonca2733.jpeg,1,adenocarcinoma
train,colon_aca/colonca2734.jpeg,1,adenocarcinoma
train,colon_aca/colonca2735.jpeg,1,adenocarcinoma
train,colon_aca/colonca2736.jpeg,1,adenocarcinoma
train,colon_aca/colonca2737.jpeg,1,adenocarcinoma
train,colon_aca/colonca2738.jpeg,1,adenocarcinoma
train,colon_aca/colonca2739.jpeg,1,adenocarcinoma
train,colon_aca/colonca274.jpeg,1,adenocarcinoma
train,colon_aca/colonca2741.jpeg,1,adenocarcinoma
train,colon_aca/colonca2742.jpeg,1,adenocarcinoma
train,colon_aca/colonca2746.jpeg,1,adenocarcinoma
train,colon_aca/colonca2748.jpeg,1,adenocarcinoma
train,colon_aca/colonca275.jpeg,1,adenocarcinoma
train,colon_aca/colonca2750.jpeg,1,adenocarcinoma
train,colon_aca/colonca2751.jpeg,1,adenocarcinoma
train,colon_aca/colonca2752.jpeg,1,adenocarcinoma
train,colon_aca/colonca2753.jpeg,1,adenocarcinoma
train,colon_aca/colonca2754.jpeg,1,adenocarcinoma
train,colon_aca/colonca2756.jpeg,1,adenocarcinoma
train,colon_aca/colonca2757.jpeg,1,adenocarcinoma
train,colon_aca/colonca2758.jpeg,1,adenocarcinoma
train,colon_aca/colonca2759.jpeg,1,adenocarcinoma
train,colon_aca/colonca2760.jpeg,1,adenocarcinoma
train,colon_aca/colonca2762.jpeg,1,adenocarcinoma
train,colon_aca/colonca2765.jpeg,1,adenocarcinoma
train,colon_aca/colonca2766.jpeg,1,adenocarcinoma
train,colon_aca/colonca2768.jpeg,1,adenocarcinoma
train,colon_aca/colonca277.jpeg,1,adenocarcinoma
train,colon_aca/colonca2771.jpeg,1,adenocarcinoma
train,colon_aca/colonca2772.jpeg,1,adenocarcinoma
train,colon_aca/colonca2773.jpeg,1,adenocarcinoma
train,colon_aca/colonca2775.jpeg,1,adenocarcinoma
train,colon_aca/colonca2776.jpeg,1,adenocarcinoma
train,colon_aca/colonca2778.jpeg,1,adenocarcinoma
train,colon_aca/colonca278.jpeg,1,adenocarcinoma
train,colon_aca/colonca2781.jpeg,1,adenocarcinoma
train,colon_aca/colonca2782.jpeg,1,adenocarcinoma
train,colon_aca/colonca2783.jpeg,1,adenocarcinoma
train,colon_aca/colonca2789.jpeg,1,adenocarcinoma
train,colon_aca/colonca279.jpeg,1,adenocarcinoma
train,colon_aca/colonca2791.jpeg,1,adenocarcinoma
train,colon_aca/colonca2792.jpeg,1,adenocarcinoma
train,colon_aca/colonca2793.jpeg,1,adenocarcinoma
train,colon_aca/colonca2794.jpeg,1,adenocarcinoma
train,colon_aca/colonca2795.jpeg,1,adenocarcinoma
train,colon_aca/colonca2796.jpeg,1,adenocarcinoma
train,colon_aca/colonca2797.jpeg,1,adenocarcinoma
train,colon_aca/colonca2798.jpeg,1,adenocarcinoma
train,colon_aca/colonca2799.jpeg,1,adenocarcinoma
train,colon_aca/colonca28.jpeg,1,adenocarcinoma
train,colon_aca/colonca280.jpeg,1,adenocarcinoma
train,colon_aca/colonca2800.jpeg,1,adenocarcinoma
train,colon_aca/colonca2801.jpeg,1,adenocarcinoma
train,colon_aca/colonca2802.jpeg,1,adenocarcinoma
train,colon_aca/colonca2803.jpeg,1,adenocarcinoma
train,colon_aca/colonca2804.jpeg,1,adenocarcinoma
train,colon_aca/colonca2806.jpeg,1,adenocarcinoma
train,colon_aca/colonca2807.jpeg,1,adenocarcinoma
train,colon_aca/colonca2808.jpeg,1,adenocarcinoma
train,colon_aca/colonca281.jpeg,1,adenocarcinoma
train,colon_aca/colonca2810.jpeg,1,adenocarcinoma
train,colon_aca/colonca2812.jpeg,1,adenocarcinoma
train,colon_aca/colonca2813.jpeg,1,adenocarcinoma
train,colon_aca/colonca2815.jpeg,1,adenocarcinoma
train,colon_aca/colonca2817.jpeg,1,adenocarcinoma
train,colon_aca/colonca2818.jpeg,1,adenocarcinoma
train,colon_aca/colonca2819.jpeg,1,adenocarcinoma
train,colon_aca/colonca282.jpeg,1,adenocarcinoma
train,colon_aca/colonca2821.jpeg,1,adenocarcinoma
train,colon_aca/colonca2822.jpeg,1,adenocarcinoma
train,colon_aca/colonca2823.jpeg,1,adenocarcinoma
train,colon_aca/colonca2825.jpeg,1,adenocarcinoma
train,colon_aca/colonca2826.jpeg,1,adenocarcinoma
train,colon_aca/colonca2828.jpeg,1,adenocarcinoma
train,colon_aca/colonca2829.jpeg,1,adenocarcinoma
train,colon_aca/colonca283.jpeg,1,adenocarcinoma
train,colon_aca/colonca2831.jpeg,1,adenocarcinoma
train,colon_aca/colonca2834.jpeg,1,adenocarcinoma
train,colon_aca/colonca2836.jpeg,1,adenocarcinoma
train,colon_aca/colonca2838.jpeg,1,adenocarcinoma
train,colon_aca/colonca284.jpeg,1,adenocarcinoma
train,colon_aca/colonca2840.jpeg,1,adenocarcinoma
train,colon_aca/colonca2841.jpeg,1,adenocarcinoma
train,colon_aca/colonca2843.jpeg,1,adenocarcinoma
train,colon_aca/colonca2848.jpeg,1,adenocarcinoma
train,colon_aca/colonca2849.jpeg,1,adenocarcinoma
train,colon_aca/colonca2850.jpeg,1,adenocarcinoma
train,colon_aca/colonca2851.jpeg,1,adenocarcinoma
train,colon_aca/colonca2856.jpeg,1,adenocarcinoma
train,colon_aca/colonca2857.jpeg,1,adenocarcinoma
train,colon_aca/colonca2858.jpeg,1,adenocarcinoma
train,colon_aca/colonca2859.jpeg,1,adenocarcinoma
train,colon_aca/colonca286.jpeg,1,adenocarcinoma
train,colon_aca/colonca2861.jpeg,1,adenocarcinoma
train,colon_aca/colonca2862.jpeg,1,adenocarcinoma
train,colon_aca/colonca2863.jpeg,1,adenocarcinoma
train,colon_aca/colonca2864.jpeg,1,adenocarcinoma
train,colon_aca/colonca2865.jpeg,1,adenocarcinoma
train,colon_aca/colonca2867.jpeg,1,adenocarcinoma
train,colon_aca/colonca287.jpeg,1,adenocarcinoma
train,colon_aca/colonca2870.jpeg,1,adenocarcinoma
train,colon_aca/colonca2873.jpeg,1,adenocarcinoma
train,colon_aca/colonca2874.jpeg,1,adenocarcinoma
train,colon_aca/colonca2875.jpeg,1,adenocarcinoma
train,colon_aca/colonca2876.jpeg,1,adenocarcinoma
train,colon_aca/colonca2877.jpeg,1,adenocarcinoma
train,colon_aca/colonca2878.jpeg,1,adenocarcinoma
train,colon_aca/colonca2879.jpeg,1,adenocarcinoma
train,colon_aca/colonca288.jpeg,1,adenocarcinoma
train,colon_aca/colonca2880.jpeg,1,adenocarcinoma
train,colon_aca/colonca2882.jpeg,1,adenocarcinoma
train,colon_aca/colonca2883.jpeg,1,adenocarcinoma
train,colon_aca/colonca2884.jpeg,1,adenocarcinoma
train,colon_aca/colonca2886.jpeg,1,adenocarcinoma
train,colon_aca/colonca2887.jpeg,1,adenocarcinoma
train,colon_aca/colonca2888.jpeg,1,adenocarcinoma
train,colon_aca/colonca289.jpeg,1,adenocarcinoma
train,colon_aca/colonca2890.jpeg,1,adenocarcinoma
train,colon_aca/colonca2891.jpeg,1,adenocarcinoma
train,colon_aca/colonca2892.jpeg,1,adenocarcinoma
train,colon_aca/colonca2893.jpeg,1,adenocarcinoma
train,colon_aca/colonca2896.jpeg,1,adenocarcinoma
train,colon_aca/colonca2897.jpeg,1,adenocarcinoma
train,colon_aca/colonca2898.jpeg,1,adenocarcinoma
train,colon_aca/colonca2899.jpeg,1,adenocarcinoma
train,colon_aca/colonca29.jpeg,1,adenocarcinoma
train,colon_aca/colonca2900.jpeg,1,adenocarcinoma
train,colon_aca/colonca2901.jpeg,1,adenocarcinoma
train,colon_aca/colonca2902.jpeg,1,adenocarcinoma
train,colon_aca/colonca2903.jpeg,1,adenocarcinoma
train,colon_aca/colonca2906.jpeg,1,adenocarcinoma
train,colon_aca/colonca2907.jpeg,1,adenocarcinoma
train,colon_aca/colonca2908.jpeg,1,adenocarcinoma
train,colon_aca/colonca2909.jpeg,1,adenocarcinoma
train,colon_aca/colonca2910.jpeg,1,adenocarcinoma
train,colon_aca/colonca2913.jpeg,1,adenocarcinoma
train,colon_aca/colonca2914.jpeg,1,adenocarcinoma
train,colon_aca/colonca2915.jpeg,1,adenocarcinoma
train,colon_aca/colonca2916.jpeg,1,adenocarcinoma
train,colon_aca/colonca2917.jpeg,1,adenocarcinoma
train,colon_aca/colonca2918.jpeg,1,adenocarcinoma
train,colon_aca/colonca2919.jpeg,1,adenocarcinoma
train,colon_aca/colonca292.jpeg,1,adenocarcinoma
train,colon_aca/colonca2920.jpeg,1,adenocarcinoma
train,colon_aca/colonca2922.jpeg,1,adenocarcinoma
train,colon_aca/colonca2923.jpeg,1,adenocarcinoma
train,colon_aca/colonca2924.jpeg,1,adenocarcinoma
train,colon_aca/colonca2925.jpeg,1,adenocarcinoma
train,colon_aca/colonca2926.jpeg,1,adenocarcinoma
train,colon_aca/colonca2927.jpeg,1,adenocarcinoma
train,colon_aca/colonca2928.jpeg,1,adenocarcinoma
train,colon_aca/colonca293.jpeg,1,adenocarcinoma
train,colon_aca/colonca2931.jpeg,1,adenocarcinoma
train,colon_aca/colonca2933.jpeg,1,adenocarcinoma
train,colon_aca/colonca2934.jpeg,1,adenocarcinoma
train,colon_aca/colonca2935.jpeg,1,adenocarcinoma
train,colon_aca/colonca2936.jpeg,1,adenocarcinoma
train,colon_aca/colonca2938.jpeg,1,adenocarcinoma
train,colon_aca/colonca2940.jpeg,1,adenocarcinoma
train,colon_aca/colonca2944.jpeg,1,adenocarcinoma
train,colon_aca/colonca2945.jpeg,1,adenocarcinoma
train,colon_aca/colonca2947.jpeg,1,adenocarcinoma
train,colon_aca/colonca2948.jpeg,1,adenocarcinoma
train,colon_aca/colonca2949.jpeg,1,adenocarcinoma
train,colon_aca/colonca295.jpeg,1,adenocarcinoma
train,colon_aca/colonca2950.jpeg,1,adenocarcinoma
train,colon_aca/colonca2953.jpeg,1,adenocarcinoma
train,colon_aca/colonca2956.jpeg,1,adenocarcinoma
train,colon_aca/colonca2957.jpeg,1,adenocarcinoma
train,colon_aca/colonca2959.jpeg,1,adenocarcinoma
train,colon_aca/colonca296.jpeg,1,adenocarcinoma
train,colon_aca/colonca2960.jpeg,1,adenocarcinoma
train,colon_aca/colonca2961.jpeg,1,adenocarcinoma
train,colon_aca/colonca2964.jpeg,1,adenocarcinoma
train,colon_aca/colonca2965.jpeg,1,adenocarcinoma
train,colon_aca/colonca2968.jpeg,1,adenocarcinoma
train,colon_aca/colonca2969.jpeg,1,adenocarcinoma
train,colon_aca/colonca297.jpeg,1,adenocarcinoma
train,colon_aca/colonca2970.jpeg,1,adenocarcinoma
train,colon_aca/colonca2971.jpeg,1,adenocarcinoma
train,colon_aca/colonca2972.jpeg,1,adenocarcinoma
train,colon_aca/colonca2973.jpeg,1,adenocarcinoma
train,colon_aca/colonca2974.jpeg,1,adenocarcinoma
train,colon_aca/colonca2975.jpeg,1,adenocarcinoma
train,colon_aca/colonca2976.jpeg,1,adenocarcinoma
train,colon_aca/colonca2978.jpeg,1,adenocarcinoma
train,colon_aca/colonca2979.jpeg,1,adenocarcinoma
train,colon_aca/colonca298.jpeg,1,adenocarcinoma
train,colon_aca/colonca2981.jpeg,1,adenocarcinoma
train,colon_aca/colonca2982.jpeg,1,adenocarcinoma
train,colon_aca/colonca2983.jpeg,1,adenocarcinoma
train,colon_aca/colonca2984.jpeg,1,adenocarcinoma
train,colon_aca/colonca2986.jpeg,1,adenocarcinoma
train,colon_aca/colonca2989.jpeg,1,adenocarcinoma
train,colon_aca/colonca299.jpeg,1,adenocarcinoma
train,colon_aca/colonca2991.jpeg,1,adenocarcinoma
train,colon_aca/colonca2992.jpeg,1,adenocarcinoma
train,colon_aca/colonca2993.jpeg,1,adenocarcinoma
train,colon_aca/colonca2994.jpeg,1,adenocarcinoma
train,colon_aca/colonca2995.jpeg,1,adenocarcinoma
train,colon_aca/colonca2996.jpeg,1,adenocarcinoma
train,colon_aca/colonca2997.jpeg,1,adenocarcinoma
train,colon_aca/colonca2999.jpeg,1,adenocarcinoma
train,colon_aca/colonca3.jpeg,1,adenocarcinoma
train,colon_aca/colonca30.jpeg,1,adenocarcinoma
train,colon_aca/colonca300.jpeg,1,adenocarcinoma
train,colon_aca/colonca3000.jpeg,1,adenocarcinoma
train,colon_aca/colonca3002.jpeg,1,adenocarcinoma
train,colon_aca/colonca3003.jpeg,1,adenocarcinoma
train,colon_aca/colonca3006.jpeg,1,adenocarcinoma
train,colon_aca/colonca3007.jpeg,1,adenocarcinoma
train,colon_aca/colonca3008.jpeg,1,adenocarcinoma
train,colon_aca/colonca3009.jpeg,1,adenocarcinoma
train,colon_aca/colonca301.jpeg,1,adenocarcinoma
train,colon_aca/colonca3010.jpeg,1,adenocarcinoma
train,colon_aca/colonca3012.jpeg,1,adenocarcinoma
train,colon_aca/colonca3013.jpeg,1,adenocarcinoma
train,colon_aca/colonca3015.jpeg,1,adenocarcinoma
train,colon_aca/colonca3016.jpeg,1,adenocarcinoma
train,colon_aca/colonca3017.jpeg,1,adenocarcinoma
train,colon_aca/colonca3019.jpeg,1,adenocarcinoma
train,colon_aca/colonca302.jpeg,1,adenocarcinoma
train,colon_aca/colonca3020.jpeg,1,adenocarcinoma
train,colon_aca/colonca3021.jpeg,1,adenocarcinoma
train,colon_aca/colonca3022.jpeg,1,adenocarcinoma
train,colon_aca/colonca3023.jpeg,1,adenocarcinoma
train,colon_aca/colonca3024.jpeg,1,adenocarcinoma
train,colon_aca/colonca3025.jpeg,1,adenocarcinoma
train,colon_aca/colonca3027.jpeg,1,adenocarcinoma
train,colon_aca/colonca3028.jpeg,1,adenocarcinoma
train,colon_aca/colonca303.jpeg,1,adenocarcinoma
train,colon_aca/colonca3031.jpeg,1,adenocarcinoma
train,colon_aca/colonca3032.jpeg,1,adenocarcinoma
train,colon_aca/colonca3036.jpeg,1,adenocarcinoma
train,colon_aca/colonca3037.jpeg,1,adenocarcinoma
train,colon_aca/colonca3039.jpeg,1,adenocarcinoma
train,colon_aca/colonca304.jpeg,1,adenocarcinoma
train,colon_aca/colonca3040.jpeg,1,adenocarcinoma
train,colon_aca/colonca3041.jpeg,1,adenocarcinoma
train,colon_aca/colonca3043.jpeg,1,adenocarcinoma
train,colon_aca/colonca3044.jpeg,1,adenocarcinoma
train,colon_aca/colonca3045.jpeg,1,adenocarcinoma
train,colon_aca/colonca3046.jpeg,1,adenocarcinoma
train,colon_aca/colonca3047.jpeg,1,adenocarcinoma
train,colon_aca/colonca3048.jpeg,1,adenocarcinoma
train,colon_aca/colonca3049.jpeg,1,adenocarcinoma
train,colon_aca/colonca305.jpeg,1,adenocarcinoma
train,colon_aca/colonca3051.jpeg,1,adenocarcinoma
train,colon_aca/colonca3052.jpeg,1,adenocarcinoma
train,colon_aca/colonca3053.jpeg,1,adenocarcinoma
train,colon_aca/colonca3055.jpeg,1,adenocarcinoma
train,colon_aca/colonca3056.jpeg,1,adenocarcinoma
train,colon_aca/colonca3057.jpeg,1,adenocarcinoma
train,colon_aca/colonca3058.jpeg,1,adenocarcinoma
train,colon_aca/colonca3059.jpeg,1,adenocarcinoma
train,colon_aca/colonca306.jpeg,1,adenocarcinoma
train,colon_aca/colonca3060.jpeg,1,adenocarcinoma
train,colon_aca/colonca3061.jpeg,1,adenocarcinoma
train,colon_aca/colonca3062.jpeg,1,adenocarcinoma
train,colon_aca/colonca3066.jpeg,1,adenocarcinoma
train,colon_aca/colonca3068.jpeg,1,adenocarcinoma
train,colon_aca/colonca307.jpeg,1,adenocarcinoma
train,colon_aca/colonca3070.jpeg,1,adenocarcinoma
train,colon_aca/colonca3071.jpeg,1,adenocarcinoma
train,colon_aca/colonca3072.jpeg,1,adenocarcinoma
train,colon_aca/colonca3073.jpeg,1,adenocarcinoma
train,colon_aca/colonca3075.jpeg,1,adenocarcinoma
train,colon_aca/colonca3076.jpeg,1,adenocarcinoma
train,colon_aca/colonca3077.jpeg,1,adenocarcinoma
train,colon_aca/colonca3078.jpeg,1,adenocarcinoma
train,colon_aca/colonca3079.jpeg,1,adenocarcinoma
train,colon_aca/colonca308.jpeg,1,adenocarcinoma
train,colon_aca/colonca3082.jpeg,1,adenocarcinoma
train,colon_aca/colonca3083.jpeg,1,adenocarcinoma
train,colon_aca/colonca3086.jpeg,1,adenocarcinoma
train,colon_aca/colonca3087.jpeg,1,adenocarcinoma
train,colon_aca/colonca3088.jpeg,1,adenocarcinoma
train,colon_aca/colonca3089.jpeg,1,adenocarcinoma
train,colon_aca/colonca309.jpeg,1,adenocarcinoma
train,colon_aca/colonca3090.jpeg,1,adenocarcinoma
train,colon_aca/colonca3091.jpeg,1,adenocarcinoma
train,colon_aca/colonca3092.jpeg,1,adenocarcinoma
train,colon_aca/colonca3093.jpeg,1,adenocarcinoma
train,colon_aca/colonca3094.jpeg,1,adenocarcinoma
train,colon_aca/colonca3095.jpeg,1,adenocarcinoma
train,colon_aca/colonca310.jpeg,1,adenocarcinoma
train,colon_aca/colonca3100.jpeg,1,adenocarcinoma
train,colon_aca/colonca3101.jpeg,1,adenocarcinoma
train,colon_aca/colonca3104.jpeg,1,adenocarcinoma
train,colon_aca/colonca3106.jpeg,1,adenocarcinoma
train,colon_aca/colonca3107.jpeg,1,adenocarcinoma
train,colon_aca/colonca3108.jpeg,1,adenocarcinoma
train,colon_aca/colonca311.jpeg,1,adenocarcinoma
train,colon_aca/colonca3110.jpeg,1,adenocarcinoma
train,colon_aca/colonca3111.jpeg,1,adenocarcinoma
train,colon_aca/colonca3112.jpeg,1,adenocarcinoma
train,colon_aca/colonca3114.jpeg,1,adenocarcinoma
train,colon_aca/colonca3117.jpeg,1,adenocarcinoma
train,colon_aca/colonca3119.jpeg,1,adenocarcinoma
train,colon_aca/colonca3120.jpeg,1,adenocarcinoma
train,colon_aca/colonca3121.jpeg,1,adenocarcinoma
train,colon_aca/colonca3122.jpeg,1,adenocarcinoma
train,colon_aca/colonca3124.jpeg,1,adenocarcinoma
train,colon_aca/colonca3128.jpeg,1,adenocarcinoma
train,colon_aca/colonca3129.jpeg,1,adenocarcinoma
train,colon_aca/colonca3130.jpeg,1,adenocarcinoma
train,colon_aca/colonca3131.jpeg,1,adenocarcinoma
train,colon_aca/colonca3134.jpeg,1,adenocarcinoma
train,colon_aca/colonca3136.jpeg,1,adenocarcinoma
train,colon_aca/colonca3137.jpeg,1,adenocarcinoma
train,colon_aca/colonca3138.jpeg,1,adenocarcinoma
train,colon_aca/colonca314.jpeg,1,adenocarcinoma
train,colon_aca/colonca3140.jpeg,1,adenocarcinoma
train,colon_aca/colonca3142.jpeg,1,adenocarcinoma
train,colon_aca/colonca3143.jpeg,1,adenocarcinoma
train,colon_aca/colonca3144.jpeg,1,adenocarcinoma
train,colon_aca/colonca3145.jpeg,1,adenocarcinoma
train,colon_aca/colonca3146.jpeg,1,adenocarcinoma
train,colon_aca/colonca3148.jpeg,1,adenocarcinoma
train,colon_aca/colonca3149.jpeg,1,adenocarcinoma
train,colon_aca/colonca3151.jpeg,1,adenocarcinoma
train,colon_aca/colonca3152.jpeg,1,adenocarcinoma
train,colon_aca/colonca3155.jpeg,1,adenocarcinoma
train,colon_aca/colonca3158.jpeg,1,adenocarcinoma
train,colon_aca/colonca3159.jpeg,1,adenocarcinoma
train,colon_aca/colonca316.jpeg,1,adenocarcinoma
train,colon_aca/colonca3161.jpeg,1,adenocarcinoma
train,colon_aca/colonca3162.jpeg,1,adenocarcinoma
train,colon_aca/colonca3163.jpeg,1,adenocarcinoma
train,colon_aca/colonca3164.jpeg,1,adenocarcinoma
train,colon_aca/colonca3165.jpeg,1,adenocarcinoma
train,colon_aca/colonca3166.jpeg,1,adenocarcinoma
train,colon_aca/colonca3167.jpeg,1,adenocarcinoma
train,colon_aca/colonca3169.jpeg,1,adenocarcinoma
train,colon_aca/colonca317.jpeg,1,adenocarcinoma
train,colon_aca/colonca3170.jpeg,1,adenocarcinoma
train,colon_aca/colonca3171.jpeg,1,adenocarcinoma
train,colon_aca/colonca3173.jpeg,1,adenocarcinoma
train,colon_aca/colonca3174.jpeg,1,adenocarcinoma
train,colon_aca/colonca3176.jpeg,1,adenocarcinoma
train,colon_aca/colonca3177.jpeg,1,adenocarcinoma
train,colon_aca/colonca3178.jpeg,1,adenocarcinoma
train,colon_aca/colonca3179.jpeg,1,adenocarcinoma
train,colon_aca/colonca318.jpeg,1,adenocarcinoma
train,colon_aca/colonca3180.jpeg,1,adenocarcinoma
train,colon_aca/colonca3181.jpeg,1,adenocarcinoma
train,colon_aca/colonca3182.jpeg,1,adenocarcinoma
train,colon_aca/colonca3183.jpeg,1,adenocarcinoma
train,colon_aca/colonca3184.jpeg,1,adenocarcinoma
train,colon_aca/colonca3185.jpeg,1,adenocarcinoma
train,colon_aca/colonca3187.jpeg,1,adenocarcinoma
train,colon_aca/colonca319.jpeg,1,adenocarcinoma
train,colon_aca/colonca3190.jpeg,1,adenocarcinoma
train,colon_aca/colonca3191.jpeg,1,adenocarcinoma
train,colon_aca/colonca3192.jpeg,1,adenocarcinoma
train,colon_aca/colonca3193.jpeg,1,adenocarcinoma
train,colon_aca/colonca3194.jpeg,1,adenocarcinoma
train,colon_aca/colonca3195.jpeg,1,adenocarcinoma
train,colon_aca/colonca3196.jpeg,1,adenocarcinoma
train,colon_aca/colonca3197.jpeg,1,adenocarcinoma
train,colon_aca/colonca3199.jpeg,1,adenocarcinoma
train,colon_aca/colonca320.jpeg,1,adenocarcinoma
train,colon_aca/colonca3200.jpeg,1,adenocarcinoma
train,colon_aca/colonca3201.jpeg,1,adenocarcinoma
train,colon_aca/colonca3203.jpeg,1,adenocarcinoma
train,colon_aca/colonca3204.jpeg,1,adenocarcinoma
train,colon_aca/colonca3205.jpeg,1,adenocarcinoma
train,colon_aca/colonca3206.jpeg,1,adenocarcinoma
train,colon_aca/colonca3207.jpeg,1,adenocarcinoma
train,colon_aca/colonca3208.jpeg,1,adenocarcinoma
train,colon_aca/colonca3209.jpeg,1,adenocarcinoma
train,colon_aca/colonca321.jpeg,1,adenocarcinoma
train,colon_aca/colonca3210.jpeg,1,adenocarcinoma
train,colon_aca/colonca3211.jpeg,1,adenocarcinoma
train,colon_aca/colonca3212.jpeg,1,adenocarcinoma
train,colon_aca/colonca3213.jpeg,1,adenocarcinoma
train,colon_aca/colonca3216.jpeg,1,adenocarcinoma
train,colon_aca/colonca3217.jpeg,1,adenocarcinoma
train,colon_aca/colonca3219.jpeg,1,adenocarcinoma
train,colon_aca/colonca322.jpeg,1,adenocarcinoma
train,colon_aca/colonca3220.jpeg,1,adenocarcinoma
train,colon_aca/colonca3221.jpeg,1,adenocarcinoma
train,colon_aca/colonca3222.jpeg,1,adenocarcinoma
train,colon_aca/colonca3224.jpeg,1,adenocarcinoma
train,colon_aca/colonca3225.jpeg,1,adenocarcinoma
train,colon_aca/colonca3226.jpeg,1,adenocarcinoma
train,colon_aca/colonca3228.jpeg,1,adenocarcinoma
train,colon_aca/colonca3229.jpeg,1,adenocarcinoma
train,colon_aca/colonca323.jpeg,1,adenocarcinoma
train,colon_aca/colonca3230.jpeg,1,adenocarcinoma
train,colon_aca/colonca3231.jpeg,1,adenocarcinoma
train,colon_aca/colonca3232.jpeg,1,adenocarcinoma
train,colon_aca/colonca3233.jpeg,1,adenocarcinoma
train,colon_aca/colonca3234.jpeg,1,adenocarcinoma
train,colon_aca/colonca3235.jpeg,1,adenocarcinoma
train,colon_aca/colonca3236.jpeg,1,adenocarcinoma
train,colon_aca/colonca3237.jpeg,1,adenocarcinoma
train,colon_aca/colonca3239.jpeg,1,adenocarcinoma
train,colon_aca/colonca324.jpeg,1,adenocarcinoma
train,colon_aca/colonca3240.jpeg,1,adenocarcinoma
train,colon_aca/colonca3241.jpeg,1,adenocarcinoma
train,colon_aca/colonca3242.jpeg,1,adenocarcinoma
train,colon_aca/colonca3245.jpeg,1,adenocarcinoma
train,colon_aca/colonca3246.jpeg,1,adenocarcinoma
train,colon_aca/colonca3247.jpeg,1,adenocarcinoma
train,colon_aca/colonca3248.jpeg,1,adenocarcinoma
train,colon_aca/colonca3249.jpeg,1,adenocarcinoma
train,colon_aca/colonca3250.jpeg,1,adenocarcinoma
train,colon_aca/colonca3251.jpeg,1,adenocarcinoma
train,colon_aca/colonca3253.jpeg,1,adenocarcinoma
train,colon_aca/colonca3254.jpeg,1,adenocarcinoma
train,colon_aca/colonca3255.jpeg,1,adenocarcinoma
train,colon_aca/colonca3256.jpeg,1,adenocarcinoma
train,colon_aca/colonca3257.jpeg,1,adenocarcinoma
train,colon_aca/colonca3258.jpeg,1,adenocarcinoma
train,colon_aca/colonca326.jpeg,1,adenocarcinoma
train,colon_aca/colonca3260.jpeg,1,adenocarcinoma
train,colon_aca/colonca3262.jpeg,1,adenocarcinoma
train,colon_aca/colonca3263.jpeg,1,adenocarcinoma
train,colon_aca/colonca3264.jpeg,1,adenocarcinoma
train,colon_aca/colonca3266.jpeg,1,adenocarcinoma
train,colon_aca/colonca3267.jpeg,1,adenocarcinoma
train,colon_aca/colonca3269.jpeg,1,adenocarcinoma
train,colon_aca/colonca327.jpeg,1,adenocarcinoma
train,colon_aca/colonca3270.jpeg,1,adenocarcinoma
train,colon_aca/colonca3272.jpeg,1,adenocarcinoma
train,colon_aca/colonca3273.jpeg,1,adenocarcinoma
train,colon_aca/colonca3275.jpeg,1,adenocarcinoma
train,colon_aca/colonca3276.jpeg,1,adenocarcinoma
train,colon_aca/colonca3277.jpeg,1,adenocarcinoma
train,colon_aca/colonca3279.jpeg,1,adenocarcinoma
train,colon_aca/colonca328.jpeg,1,adenocarcinoma
train,colon_aca/colonca3280.jpeg,1,adenocarcinoma
train,colon_aca/colonca3281.jpeg,1,adenocarcinoma
train,colon_aca/colonca3283.jpeg,1,adenocarcinoma
train,colon_aca/colonca3284.jpeg,1,adenocarcinoma
train,colon_aca/colonca3285.jpeg,1,adenocarcinoma
train,colon_aca/colonca3287.jpeg,1,adenocarcinoma
train,colon_aca/colonca3288.jpeg,1,adenocarcinoma
train,colon_aca/colonca3289.jpeg,1,adenocarcinoma
train,colon_aca/colonca329.jpeg,1,adenocarcinoma
train,colon_aca/colonca3290.jpeg,1,adenocarcinoma
train,colon_aca/colonca3292.jpeg,1,adenocarcinoma
train,colon_aca/colonca3295.jpeg,1,adenocarcinoma
train,colon_aca/colonca3298.jpeg,1,adenocarcinoma
train,colon_aca/colonca3299.jpeg,1,adenocarcinoma
train,colon_aca/colonca33.jpeg,1,adenocarcinoma
train,colon_aca/colonca330.jpeg,1,adenocarcinoma
train,colon_aca/colonca3300.jpeg,1,adenocarcinoma
train,colon_aca/colonca3301.jpeg,1,adenocarcinoma
train,colon_aca/colonca3303.jpeg,1,adenocarcinoma
train,colon_aca/colonca3304.jpeg,1,adenocarcinoma
train,colon_aca/colonca3305.jpeg,1,adenocarcinoma
train,colon_aca/colonca3306.jpeg,1,adenocarcinoma
train,colon_aca/colonca3307.jpeg,1,adenocarcinoma
train,colon_aca/colonca3308.jpeg,1,adenocarcinoma
train,colon_aca/colonca3309.jpeg,1,adenocarcinoma
train,colon_aca/colonca3310.jpeg,1,adenocarcinoma
train,colon_aca/colonca3312.jpeg,1,adenocarcinoma
train,colon_aca/colonca3314.jpeg,1,adenocarcinoma
train,colon_aca/colonca3315.jpeg,1,adenocarcinoma
train,colon_aca/colonca3317.jpeg,1,adenocarcinoma
train,colon_aca/colonca3322.jpeg,1,adenocarcinoma
train,colon_aca/colonca3323.jpeg,1,adenocarcinoma
train,colon_aca/colonca3324.jpeg,1,adenocarcinoma
train,colon_aca/colonca3325.jpeg,1,adenocarcinoma
train,colon_aca/colonca3326.jpeg,1,adenocarcinoma
train,colon_aca/colonca3327.jpeg,1,adenocarcinoma
train,colon_aca/colonca3328.jpeg,1,adenocarcinoma
train,colon_aca/colonca333.jpeg,1,adenocarcinoma
train,colon_aca/colonca3330.jpeg,1,adenocarcinoma
train,colon_aca/colonca3331.jpeg,1,adenocarcinoma
train,colon_aca/colonca3333.jpeg,1,adenocarcinoma
train,colon_aca/colonca3335.jpeg,1,adenocarcinoma
train,colon_aca/colonca3338.jpeg,1,adenocarcinoma
train,colon_aca/colonca3339.jpeg,1,adenocarcinoma
train,colon_aca/colonca3340.jpeg,1,adenocarcinoma
train,colon_aca/colonca3341.jpeg,1,adenocarcinoma
train,colon_aca/colonca3342.jpeg,1,adenocarcinoma
train,colon_aca/colonca3343.jpeg,1,adenocarcinoma
train,colon_aca/colonca3345.jpeg,1,adenocarcinoma
train,colon_aca/colonca3346.jpeg,1,adenocarcinoma
train,colon_aca/colonca3347.jpeg,1,adenocarcinoma
train,colon_aca/colonca3348.jpeg,1,adenocarcinoma
train,colon_aca/colonca3349.jpeg,1,adenocarcinoma
train,colon_aca/colonca335.jpeg,1,adenocarcinoma
train,colon_aca/colonca3350.jpeg,1,adenocarcinoma
train,colon_aca/colonca3351.jpeg,1,adenocarcinoma
train,colon_aca/colonca3352.jpeg,1,adenocarcinoma
train,colon_aca/colonca3354.jpeg,1,adenocarcinoma
train,colon_aca/colonca3356.jpeg,1,adenocarcinoma
train,colon_aca/colonca3357.jpeg,1,adenocarcinoma
train,colon_aca/colonca3358.jpeg,1,adenocarcinoma
train,colon_aca/colonca336.jpeg,1,adenocarcinoma
train,colon_aca/colonca3360.jpeg,1,adenocarcinoma
train,colon_aca/colonca3361.jpeg,1,adenocarcinoma
train,colon_aca/colonca3362.jpeg,1,adenocarcinoma
train,colon_aca/colonca3363.jpeg,1,adenocarcinoma
train,colon_aca/colonca3364.jpeg,1,adenocarcinoma
train,colon_aca/colonca3366.jpeg,1,adenocarcinoma
train,colon_aca/colonca3367.jpeg,1,adenocarcinoma
train,colon_aca/colonca3368.jpeg,1,adenocarcinoma
train,colon_aca/colonca3369.jpeg,1,adenocarcinoma
train,colon_aca/colonca337.jpeg,1,adenocarcinoma
train,colon_aca/colonca3370.jpeg,1,adenocarcinoma
train,colon_aca/colonca3371.jpeg,1,adenocarcinoma
train,colon_aca/colonca3372.jpeg,1,adenocarcinoma
train,colon_aca/colonca3373.jpeg,1,adenocarcinoma
train,colon_aca/colonca3376.jpeg,1,adenocarcinoma
train,colon_aca/colonca3378.jpeg,1,adenocarcinoma
train,colon_aca/colonca3382.jpeg,1,adenocarcinoma
train,colon_aca/colonca3384.jpeg,1,adenocarcinoma
train,colon_aca/colonca3385.jpeg,1,adenocarcinoma
train,colon_aca/colonca3386.jpeg,1,adenocarcinoma
train,colon_aca/colonca3389.jpeg,1,adenocarcinoma
train,colon_aca/colonca3394.jpeg,1,adenocarcinoma
train,colon_aca/colonca3396.jpeg,1,adenocarcinoma
train,colon_aca/colonca3397.jpeg,1,adenocarcinoma
train,colon_aca/colonca3399.jpeg,1,adenocarcinoma
train,colon_aca/colonca34.jpeg,1,adenocarcinoma
train,colon_aca/colonca3404.jpeg,1,adenocarcinoma
train,colon_aca/colonca3405.jpeg,1,adenocarcinoma
train,colon_aca/colonca3406.jpeg,1,adenocarcinoma
train,colon_aca/colonca3408.jpeg,1,adenocarcinoma
train,colon_aca/colonca3409.jpeg,1,adenocarcinoma
train,colon_aca/colonca341.jpeg,1,adenocarcinoma
train,colon_aca/colonca3410.jpeg,1,adenocarcinoma
train,colon_aca/colonca3412.jpeg,1,adenocarcinoma
train,colon_aca/colonca3413.jpeg,1,adenocarcinoma
train,colon_aca/colonca3414.jpeg,1,adenocarcinoma
train,colon_aca/colonca3415.jpeg,1,adenocarcinoma
train,colon_aca/colonca3417.jpeg,1,adenocarcinoma
train,colon_aca/colonca3418.jpeg,1,adenocarcinoma
train,colon_aca/colonca3419.jpeg,1,adenocarcinoma
train,colon_aca/colonca342.jpeg,1,adenocarcinoma
train,colon_aca/colonca3420.jpeg,1,adenocarcinoma
train,colon_aca/colonca3421.jpeg,1,adenocarcinoma
train,colon_aca/colonca3423.jpeg,1,adenocarcinoma
train,colon_aca/colonca3424.jpeg,1,adenocarcinoma
train,colon_aca/colonca3425.jpeg,1,adenocarcinoma
train,colon_aca/colonca3426.jpeg,1,adenocarcinoma
train,colon_aca/colonca3427.jpeg,1,adenocarcinoma
train,colon_aca/colonca3428.jpeg,1,adenocarcinoma
train,colon_aca/colonca3429.jpeg,1,adenocarcinoma
train,colon_aca/colonca343.jpeg,1,adenocarcinoma
train,colon_aca/colonca3430.jpeg,1,adenocarcinoma
train,colon_aca/colonca3431.jpeg,1,adenocarcinoma
train,colon_aca/colonca3432.jpeg,1,adenocarcinoma
train,colon_aca/colonca3434.jpeg,1,adenocarcinoma
train,colon_aca/colonca3435.jpeg,1,adenocarcinoma
train,colon_aca/colonca3437.jpeg,1,adenocarcinoma
train,colon_aca/colonca3439.jpeg,1,adenocarcinoma
train,colon_aca/colonca3441.jpeg,1,adenocarcinoma
train,colon_aca/colonca3442.jpeg,1,adenocarcinoma
train,colon_aca/colonca3444.jpeg,1,adenocarcinoma
train,colon_aca/colonca3445.jpeg,1,adenocarcinoma
train,colon_aca/colonca3446.jpeg,1,adenocarcinoma
train,colon_aca/colonca3447.jpeg,1,adenocarcinoma
train,colon_aca/colonca345.jpeg,1,adenocarcinoma
train,colon_aca/colonca3450.jpeg,1,adenocarcinoma
train,colon_aca/colonca3451.jpeg,1,adenocarcinoma
train,colon_aca/colonca3452.jpeg,1,adenocarcinoma
train,colon_aca/colonca3453.jpeg,1,adenocarcinoma
train,colon_aca/colonca3454.jpeg,1,adenocarcinoma
train,colon_aca/colonca3455.jpeg,1,adenocarcinoma
train,colon_aca/colonca3456.jpeg,1,adenocarcinoma
train,colon_aca/colonca3457.jpeg,1,adenocarcinoma
train,colon_aca/colonca3458.jpeg,1,adenocarcinoma
train,colon_aca/colonca346.jpeg,1,adenocarcinoma
train,colon_aca/colonca3460.jpeg,1,adenocarcinoma
train,colon_aca/colonca3461.jpeg,1,adenocarcinoma
train,colon_aca/colonca3462.jpeg,1,adenocarcinoma
train,colon_aca/colonca3464.jpeg,1,adenocarcinoma
train,colon_aca/colonca3465.jpeg,1,adenocarcinoma
train,colon_aca/colonca3467.jpeg,1,adenocarcinoma
train,colon_aca/colonca3468.jpeg,1,adenocarcinoma
train,colon_aca/colonca3469.jpeg,1,adenocarcinoma
train,colon_aca/colonca3470.jpeg,1,adenocarcinoma
train,colon_aca/colonca3472.jpeg,1,adenocarcinoma
train,colon_aca/colonca3474.jpeg,1,adenocarcinoma
train,colon_aca/colonca3475.jpeg,1,adenocarcinoma
train,colon_aca/colonca3476.jpeg,1,adenocarcinoma
train,colon_aca/colonca3477.jpeg,1,adenocarcinoma
train,colon_aca/colonca3478.jpeg,1,adenocarcinoma
train,colon_aca/colonca3479.jpeg,1,adenocarcinoma
train,colon_aca/colonca3481.jpeg,1,adenocarcinoma
train,colon_aca/colonca3482.jpeg,1,adenocarcinoma
train,colon_aca/colonca3483.jpeg,1,adenocarcinoma
train,colon_aca/colonca3484.jpeg,1,adenocarcinoma
train,colon_aca/colonca3485.jpeg,1,adenocarcinoma
train,colon_aca/colonca3486.jpeg,1,adenocarcinoma
train,colon_aca/colonca3488.jpeg,1,adenocarcinoma
train,colon_aca/colonca3489.jpeg,1,adenocarcinoma
train,colon_aca/colonca349.jpeg,1,adenocarcinoma
train,colon_aca/colonca3490.jpeg,1,adenocarcinoma
train,colon_aca/colonca3491.jpeg,1,adenocarcinoma
train,colon_aca/colonca3492.jpeg,1,adenocarcinoma
train,colon_aca/colonca3493.jpeg,1,adenocarcinoma
train,colon_aca/colonca3494.jpeg,1,adenocarcinoma
train,colon_aca/colonca3497.jpeg,1,adenocarcinoma
train,colon_aca/colonca3499.jpeg,1,adenocarcinoma
train,colon_aca/colonca3501.jpeg,1,adenocarcinoma
train,colon_aca/colonca3502.jpeg,1,adenocarcinoma
train,colon_aca/colonca3503.jpeg,1,adenocarcinoma
train,colon_aca/colonca3504.jpeg,1,adenocarcinoma
train,colon_aca/colonca3505.jpeg,1,adenocarcinoma
train,colon_aca/colonca3506.jpeg,1,adenocarcinoma
train,colon_aca/colonca3507.jpeg,1,adenocarcinoma
train,colon_aca/colonca3508.jpeg,1,adenocarcinoma
train,colon_aca/colonca3509.jpeg,1,adenocarcinoma
train,colon_aca/colonca351.jpeg,1,adenocarcinoma
train,colon_aca/colonca3510.jpeg,1,adenocarcinoma
train,colon_aca/colonca3511.jpeg,1,adenocarcinoma
train,colon_aca/colonca3512.jpeg,1,adenocarcinoma
train,colon_aca/colonca3513.jpeg,1,adenocarcinoma
train,colon_aca/colonca3516.jpeg,1,adenocarcinoma
train,colon_aca/colonca3517.jpeg,1,adenocarcinoma
train,colon_aca/colonca3519.jpeg,1,adenocarcinoma
train,colon_aca/colonca352.jpeg,1,adenocarcinoma
train,colon_aca/colonca3520.jpeg,1,adenocarcinoma
train,colon_aca/colonca3522.jpeg,1,adenocarcinoma
train,colon_aca/colonca3523.jpeg,1,adenocarcinoma
train,colon_aca/colonca3525.jpeg,1,adenocarcinoma
train,colon_aca/colonca3526.jpeg,1,adenocarcinoma
train,colon_aca/colonca3529.jpeg,1,adenocarcinoma
train,colon_aca/colonca3530.jpeg,1,adenocarcinoma
train,colon_aca/colonca3531.jpeg,1,adenocarcinoma
train,colon_aca/colonca3533.jpeg,1,adenocarcinoma
train,colon_aca/colonca3534.jpeg,1,adenocarcinoma
train,colon_aca/colonca3535.jpeg,1,adenocarcinoma
train,colon_aca/colonca3537.jpeg,1,adenocarcinoma
train,colon_aca/colonca3539.jpeg,1,adenocarcinoma
train,colon_aca/colonca354.jpeg,1,adenocarcinoma
train,colon_aca/colonca3540.jpeg,1,adenocarcinoma
train,colon_aca/colonca3541.jpeg,1,adenocarcinoma
train,colon_aca/colonca3542.jpeg,1,adenocarcinoma
train,colon_aca/colonca3543.jpeg,1,adenocarcinoma
train,colon_aca/colonca3546.jpeg,1,adenocarcinoma
train,colon_aca/colonca3547.jpeg,1,adenocarcinoma
train,colon_aca/colonca3548.jpeg,1,adenocarcinoma
train,colon_aca/colonca3549.jpeg,1,adenocarcinoma
train,colon_aca/colonca355.jpeg,1,adenocarcinoma
train,colon_aca/colonca3550.jpeg,1,adenocarcinoma
train,colon_aca/colonca3552.jpeg,1,adenocarcinoma
train,colon_aca/colonca3553.jpeg,1,adenocarcinoma
train,colon_aca/colonca3554.jpeg,1,adenocarcinoma
train,colon_aca/colonca3555.jpeg,1,adenocarcinoma
train,colon_aca/colonca3559.jpeg,1,adenocarcinoma
train,colon_aca/colonca3560.jpeg,1,adenocarcinoma
train,colon_aca/colonca3561.jpeg,1,adenocarcinoma
train,colon_aca/colonca3562.jpeg,1,adenocarcinoma
train,colon_aca/colonca3563.jpeg,1,adenocarcinoma
train,colon_aca/colonca3564.jpeg,1,adenocarcinoma
train,colon_aca/colonca3566.jpeg,1,adenocarcinoma
train,colon_aca/colonca3568.jpeg,1,adenocarcinoma
train,colon_aca/colonca3569.jpeg,1,adenocarcinoma
train,colon_aca/colonca357.jpeg,1,adenocarcinoma
train,colon_aca/colonca3570.jpeg,1,adenocarcinoma
train,colon_aca/colonca3571.jpeg,1,adenocarcinoma
train,colon_aca/colonca3572.jpeg,1,adenocarcinoma
train,colon_aca/colonca3574.jpeg,1,adenocarcinoma
train,colon_aca/colonca3575.jpeg,1,adenocarcinoma
train,colon_aca/colonca3577.jpeg,1,adenocarcinoma
train,colon_aca/colonca3578.jpeg,1,adenocarcinoma
train,colon_aca/colonca358.jpeg,1,adenocarcinoma
train,colon_aca/colonca3580.jpeg,1,adenocarcinoma
train,colon_aca/colonca3581.jpeg,1,adenocarcinoma
train,colon_aca/colonca3582.jpeg,1,adenocarcinoma
train,colon_aca/colonca3583.jpeg,1,adenocarcinoma
train,colon_aca/colonca3584.jpeg,1,adenocarcinoma
train,colon_aca/colonca3585.jpeg,1,adenocarcinoma
train,colon_aca/colonca3586.jpeg,1,adenocarcinoma
train,colon_aca/colonca3587.jpeg,1,adenocarcinoma
train,colon_aca/colonca3588.jpeg,1,adenocarcinoma
train,colon_aca/colonca3589.jpeg,1,adenocarcinoma
train,colon_aca/colonca359.jpeg,1,adenocarcinoma
train,colon_aca/colonca3591.jpeg,1,adenocarcinoma
train,colon_aca/colonca3593.jpeg,1,adenocarcinoma
train,colon_aca/colonca3594.jpeg,1,adenocarcinoma
train,colon_aca/colonca3595.jpeg,1,adenocarcinoma
train,colon_aca/colonca3596.jpeg,1,adenocarcinoma
train,colon_aca/colonca3597.jpeg,1,adenocarcinoma
train,colon_aca/colonca36.jpeg,1,adenocarcinoma
train,colon_aca/colonca360.jpeg,1,adenocarcinoma
train,colon_aca/colonca3600.jpeg,1,adenocarcinoma
train,colon_aca/colonca3601.jpeg,1,adenocarcinoma
train,colon_aca/colonca3603.jpeg,1,adenocarcinoma
train,colon_aca/colonca3607.jpeg,1,adenocarcinoma
train,colon_aca/colonca361.jpeg,1,adenocarcinoma
train,colon_aca/colonca3610.jpeg,1,adenocarcinoma
train,colon_aca/colonca3611.jpeg,1,adenocarcinoma
train,colon_aca/colonca3612.jpeg,1,adenocarcinoma
train,colon_aca/colonca3613.jpeg,1,adenocarcinoma
train,colon_aca/colonca3614.jpeg,1,adenocarcinoma
train,colon_aca/colonca3615.jpeg,1,adenocarcinoma
train,colon_aca/colonca3616.jpeg,1,adenocarcinoma
train,colon_aca/colonca3617.jpeg,1,adenocarcinoma
train,colon_aca/colonca3618.jpeg,1,adenocarcinoma
train,colon_aca/colonca3619.jpeg,1,adenocarcinoma
train,colon_aca/colonca362.jpeg,1,adenocarcinoma
train,colon_aca/colonca3620.jpeg,1,adenocarcinoma
train,colon_aca/colonca3621.jpeg,1,adenocarcinoma
train,colon_aca/colonca3622.jpeg,1,adenocarcinoma
train,colon_aca/colonca3623.jpeg,1,adenocarcinoma
train,colon_aca/colonca3629.jpeg,1,adenocarcinoma
train,colon_aca/colonca363.jpeg,1,adenocarcinoma
train,colon_aca/colonca3630.jpeg,1,adenocarcinoma
train,colon_aca/colonca3632.jpeg,1,adenocarcinoma
train,colon_aca/colonca3633.jpeg,1,adenocarcinoma
train,colon_aca/colonca3634.jpeg,1,adenocarcinoma
train,colon_aca/colonca3636.jpeg,1,adenocarcinoma
train,colon_aca/colonca3638.jpeg,1,adenocarcinoma
train,colon_aca/colonca3640.jpeg,1,adenocarcinoma
train,colon_aca/colonca3647.jpeg,1,adenocarcinoma
train,colon_aca/colonca3648.jpeg,1,adenocarcinoma
train,colon_aca/colonca365.jpeg,1,adenocarcinoma
train,colon_aca/colonca3650.jpeg,1,adenocarcinoma
train,colon_aca/colonca3651.jpeg,1,adenocarcinoma
train,colon_aca/colonca3652.jpeg,1,adenocarcinoma
train,colon_aca/colonca3655.jpeg,1,adenocarcinoma
train,colon_aca/colonca3657.jpeg,1,adenocarcinoma
train,colon_aca/colonca3658.jpeg,1,adenocarcinoma
train,colon_aca/colonca3659.jpeg,1,adenocarcinoma
train,colon_aca/colonca366.jpeg,1,adenocarcinoma
train,colon_aca/colonca3660.jpeg,1,adenocarcinoma
train,colon_aca/colonca3661.jpeg,1,adenocarcinoma
train,colon_aca/colonca3663.jpeg,1,adenocarcinoma
train,colon_aca/colonca3664.jpeg,1,adenocarcinoma
train,colon_aca/colonca3666.jpeg,1,adenocarcinoma
train,colon_aca/colonca3670.jpeg,1,adenocarcinoma
train,colon_aca/colonca3672.jpeg,1,adenocarcinoma
train,colon_aca/colonca3674.jpeg,1,adenocarcinoma
train,colon_aca/colonca3675.jpeg,1,adenocarcinoma
train,colon_aca/colonca3676.jpeg,1,adenocarcinoma
train,colon_aca/colonca3677.jpeg,1,adenocarcinoma
train,colon_aca/colonca3678.jpeg,1,adenocarcinoma
train,colon_aca/colonca368.jpeg,1,adenocarcinoma
train,colon_aca/colonca3680.jpeg,1,adenocarcinoma
train,colon_aca/colonca3681.jpeg,1,adenocarcinoma
train,colon_aca/colonca3682.jpeg,1,adenocarcinoma
train,colon_aca/colonca3683.jpeg,1,adenocarcinoma
train,colon_aca/colonca3684.jpeg,1,adenocarcinoma
train,colon_aca/colonca3686.jpeg,1,adenocarcinoma
train,colon_aca/colonca3687.jpeg,1,adenocarcinoma
train,colon_aca/colonca369.jpeg,1,adenocarcinoma
train,colon_aca/colonca3690.jpeg,1,adenocarcinoma
train,colon_aca/colonca3691.jpeg,1,adenocarcinoma
train,colon_aca/colonca3693.jpeg,1,adenocarcinoma
train,colon_aca/colonca3695.jpeg,1,adenocarcinoma
train,colon_aca/colonca3696.jpeg,1,adenocarcinoma
train,colon_aca/colonca3697.jpeg,1,adenocarcinoma
train,colon_aca/colonca37.jpeg,1,adenocarcinoma
train,colon_aca/colonca370.jpeg,1,adenocarcinoma
train,colon_aca/colonca3700.jpeg,1,adenocarcinoma
train,colon_aca/colonca3702.jpeg,1,adenocarcinoma
train,colon_aca/colonca3703.jpeg,1,adenocarcinoma
train,colon_aca/colonca3704.jpeg,1,adenocarcinoma
train,colon_aca/colonca3705.jpeg,1,adenocarcinoma
train,colon_aca/colonca3709.jpeg,1,adenocarcinoma
train,colon_aca/colonca371.jpeg,1,adenocarcinoma
train,colon_aca/colonca3710.jpeg,1,adenocarcinoma
train,colon_aca/colonca3711.jpeg,1,adenocarcinoma
train,colon_aca/colonca3712.jpeg,1,adenocarcinoma
train,colon_aca/colonca3713.jpeg,1,adenocarcinoma
train,colon_aca/colonca3714.jpeg,1,adenocarcinoma
train,colon_aca/colonca3715.jpeg,1,adenocarcinoma
train,colon_aca/colonca3716.jpeg,1,adenocarcinoma
train,colon_aca/colonca3718.jpeg,1,adenocarcinoma
train,colon_aca/colonca3719.jpeg,1,adenocarcinoma
train,colon_aca/colonca372.jpeg,1,adenocarcinoma
train,colon_aca/colonca3720.jpeg,1,adenocarcinoma
train,colon_aca/colonca3721.jpeg,1,adenocarcinoma
train,colon_aca/colonca3722.jpeg,1,adenocarcinoma
train,colon_aca/colonca3723.jpeg,1,adenocarcinoma
train,colon_aca/colonca3725.jpeg,1,adenocarcinoma
train,colon_aca/colonca3726.jpeg,1,adenocarcinoma
train,colon_aca/colonca3727.jpeg,1,adenocarcinoma
train,colon_aca/colonca3728.jpeg,1,adenocarcinoma
train,colon_aca/colonca3729.jpeg,1,adenocarcinoma
train,colon_aca/colonca373.jpeg,1,adenocarcinoma
train,colon_aca/colonca3730.jpeg,1,adenocarcinoma
train,colon_aca/colonca3732.jpeg,1,adenocarcinoma
train,colon_aca/colonca3733.jpeg,1,adenocarcinoma
train,colon_aca/colonca3734.jpeg,1,adenocarcinoma
train,colon_aca/colonca3735.jpeg,1,adenocarcinoma
train,colon_aca/colonca3736.jpeg,1,adenocarcinoma
train,colon_aca/colonca3737.jpeg,1,adenocarcinoma
train,colon_aca/colonca3738.jpeg,1,adenocarcinoma
train,colon_aca/colonca3739.jpeg,1,adenocarcinoma
train,colon_aca/colonca374.jpeg,1,adenocarcinoma
train,colon_aca/colonca3740.jpeg,1,adenocarcinoma
train,colon_aca/colonca3741.jpeg,1,adenocarcinoma
train,colon_aca/colonca3742.jpeg,1,adenocarcinoma
train,colon_aca/colonca3744.jpeg,1,adenocarcinoma
train,colon_aca/colonca3745.jpeg,1,adenocarcinoma
train,colon_aca/colonca3746.jpeg,1,adenocarcinoma
train,colon_aca/colonca3747.jpeg,1,adenocarcinoma
train,colon_aca/colonca3748.jpeg,1,adenocarcinoma
train,colon_aca/colonca3749.jpeg,1,adenocarcinoma
train,colon_aca/colonca375.jpeg,1,adenocarcinoma
train,colon_aca/colonca3750.jpeg,1,adenocarcinoma
train,colon_aca/colonca3751.jpeg,1,adenocarcinoma
train,colon_aca/colonca3752.jpeg,1,adenocarcinoma
train,colon_aca/colonca3753.jpeg,1,adenocarcinoma
train,colon_aca/colonca3754.jpeg,1,adenocarcinoma
train,colon_aca/colonca3755.jpeg,1,adenocarcinoma
train,colon_aca/colonca3756.jpeg,1,adenocarcinoma
train,colon_aca/colonca3757.jpeg,1,adenocarcinoma
train,colon_aca/colonca3758.jpeg,1,adenocarcinoma
train,colon_aca/colonca376.jpeg,1,adenocarcinoma
train,colon_aca/colonca3761.jpeg,1,adenocarcinoma
train,colon_aca/colonca3762.jpeg,1,adenocarcinoma
train,colon_aca/colonca3763.jpeg,1,adenocarcinoma
train,colon_aca/colonca3764.jpeg,1,adenocarcinoma
train,colon_aca/colonca3765.jpeg,1,adenocarcinoma
train,colon_aca/colonca3766.jpeg,1,adenocarcinoma
train,colon_aca/colonca3769.jpeg,1,adenocarcinoma
train,colon_aca/colonca377.jpeg,1,adenocarcinoma
train,colon_aca/colonca3770.jpeg,1,adenocarcinoma
train,colon_aca/colonca3771.jpeg,1,adenocarcinoma
train,colon_aca/colonca3773.jpeg,1,adenocarcinoma
train,colon_aca/colonca3774.jpeg,1,adenocarcinoma
train,colon_aca/colonca3776.jpeg,1,adenocarcinoma
train,colon_aca/colonca3779.jpeg,1,adenocarcinoma
train,colon_aca/colonca378.jpeg,1,adenocarcinoma
train,colon_aca/colonca3780.jpeg,1,adenocarcinoma
train,colon_aca/colonca3781.jpeg,1,adenocarcinoma
train,colon_aca/colonca3783.jpeg,1,adenocarcinoma
train,colon_aca/colonca3784.jpeg,1,adenocarcinoma
train,colon_aca/colonca3785.jpeg,1,adenocarcinoma
train,colon_aca/colonca3787.jpeg,1,adenocarcinoma
train,colon_aca/colonca3789.jpeg,1,adenocarcinoma
train,colon_aca/colonca379.jpeg,1,adenocarcinoma
train,colon_aca/colonca3790.jpeg,1,adenocarcinoma
train,colon_aca/colonca3792.jpeg,1,adenocarcinoma
train,colon_aca/colonca3793.jpeg,1,adenocarcinoma
train,colon_aca/colonca3794.jpeg,1,adenocarcinoma
train,colon_aca/colonca3796.jpeg,1,adenocarcinoma
train,colon_aca/colonca3797.jpeg,1,adenocarcinoma
train,colon_aca/colonca3798.jpeg,1,adenocarcinoma
train,colon_aca/colonca3799.jpeg,1,adenocarcinoma
train,colon_aca/colonca38.jpeg,1,adenocarcinoma
train,colon_aca/colonca380.jpeg,1,adenocarcinoma
train,colon_aca/colonca3801.jpeg,1,adenocarcinoma
train,colon_aca/colonca3802.jpeg,1,adenocarcinoma
train,colon_aca/colonca3803.jpeg,1,adenocarcinoma
train,colon_aca/colonca3804.jpeg,1,adenocarcinoma
train,colon_aca/colonca3805.jpeg,1,adenocarcinoma
train,colon_aca/colonca3806.jpeg,1,adenocarcinoma
train,colon_aca/colonca3807.jpeg,1,adenocarcinoma
train,colon_aca/colonca3809.jpeg,1,adenocarcinoma
train,colon_aca/colonca381.jpeg,1,adenocarcinoma
train,colon_aca/colonca3811.jpeg,1,adenocarcinoma
train,colon_aca/colonca3812.jpeg,1,adenocarcinoma
train,colon_aca/colonca3813.jpeg,1,adenocarcinoma
train,colon_aca/colonca3814.jpeg,1,adenocarcinoma
train,colon_aca/colonca3815.jpeg,1,adenocarcinoma
train,colon_aca/colonca3816.jpeg,1,adenocarcinoma
train,colon_aca/colonca3817.jpeg,1,adenocarcinoma
train,colon_aca/colonca3818.jpeg,1,adenocarcinoma
train,colon_aca/colonca3819.jpeg,1,adenocarcinoma
train,colon_aca/colonca382.jpeg,1,adenocarcinoma
train,colon_aca/colonca3820.jpeg,1,adenocarcinoma
train,colon_aca/colonca3822.jpeg,1,adenocarcinoma
train,colon_aca/colonca3824.jpeg,1,adenocarcinoma
train,colon_aca/colonca3827.jpeg,1,adenocarcinoma
train,colon_aca/colonca3828.jpeg,1,adenocarcinoma
train,colon_aca/colonca383.jpeg,1,adenocarcinoma
train,colon_aca/colonca3830.jpeg,1,adenocarcinoma
train,colon_aca/colonca3831.jpeg,1,adenocarcinoma
train,colon_aca/colonca3832.jpeg,1,adenocarcinoma
train,colon_aca/colonca3833.jpeg,1,adenocarcinoma
train,colon_aca/colonca3835.jpeg,1,adenocarcinoma
train,colon_aca/colonca3836.jpeg,1,adenocarcinoma
train,colon_aca/colonca3838.jpeg,1,adenocarcinoma
train,colon_aca/colonca3839.jpeg,1,adenocarcinoma
train,colon_aca/colonca3840.jpeg,1,adenocarcinoma
train,colon_aca/colonca3843.jpeg,1,adenocarcinoma
train,colon_aca/colonca3845.jpeg,1,adenocarcinoma
train,colon_aca/colonca3846.jpeg,1,adenocarcinoma
train,colon_aca/colonca385.jpeg,1,adenocarcinoma
train,colon_aca/colonca3850.jpeg,1,adenocarcinoma
train,colon_aca/colonca3853.jpeg,1,adenocarcinoma
train,colon_aca/colonca3854.jpeg,1,adenocarcinoma
train,colon_aca/colonca3855.jpeg,1,adenocarcinoma
train,colon_aca/colonca3856.jpeg,1,adenocarcinoma
train,colon_aca/colonca3860.jpeg,1,adenocarcinoma
train,colon_aca/colonca3861.jpeg,1,adenocarcinoma
train,colon_aca/colonca3862.jpeg,1,adenocarcinoma
train,colon_aca/colonca3865.jpeg,1,adenocarcinoma
train,colon_aca/colonca3868.jpeg,1,adenocarcinoma
train,colon_aca/colonca387.jpeg,1,adenocarcinoma
train,colon_aca/colonca3871.jpeg,1,adenocarcinoma
train,colon_aca/colonca3872.jpeg,1,adenocarcinoma
train,colon_aca/colonca3873.jpeg,1,adenocarcinoma
train,colon_aca/colonca3874.jpeg,1,adenocarcinoma
train,colon_aca/colonca3876.jpeg,1,adenocarcinoma
train,colon_aca/colonca3878.jpeg,1,adenocarcinoma
train,colon_aca/colonca388.jpeg,1,adenocarcinoma
train,colon_aca/colonca3881.jpeg,1,adenocarcinoma
train,colon_aca/colonca3883.jpeg,1,adenocarcinoma
train,colon_aca/colonca3884.jpeg,1,adenocarcinoma
train,colon_aca/colonca3885.jpeg,1,adenocarcinoma
train,colon_aca/colonca3886.jpeg,1,adenocarcinoma
train,colon_aca/colonca3887.jpeg,1,adenocarcinoma
train,colon_aca/colonca3888.jpeg,1,adenocarcinoma
train,colon_aca/colonca3889.jpeg,1,adenocarcinoma
train,colon_aca/colonca389.jpeg,1,adenocarcinoma
train,colon_aca/colonca3893.jpeg,1,adenocarcinoma
train,colon_aca/colonca3894.jpeg,1,adenocarcinoma
train,colon_aca/colonca3897.jpeg,1,adenocarcinoma
train,colon_aca/colonca3899.jpeg,1,adenocarcinoma
train,colon_aca/colonca39.jpeg,1,adenocarcinoma
train,colon_aca/colonca3900.jpeg,1,adenocarcinoma
train,colon_aca/colonca3901.jpeg,1,adenocarcinoma
train,colon_aca/colonca3903.jpeg,1,adenocarcinoma
train,colon_aca/colonca3904.jpeg,1,adenocarcinoma
train,colon_aca/colonca3906.jpeg,1,adenocarcinoma
train,colon_aca/colonca3907.jpeg,1,adenocarcinoma
train,colon_aca/colonca3908.jpeg,1,adenocarcinoma
train,colon_aca/colonca3909.jpeg,1,adenocarcinoma
train,colon_aca/colonca391.jpeg,1,adenocarcinoma
train,colon_aca/colonca3910.jpeg,1,adenocarcinoma
train,colon_aca/colonca3912.jpeg,1,adenocarcinoma
train,colon_aca/colonca3913.jpeg,1,adenocarcinoma
train,colon_aca/colonca3914.jpeg,1,adenocarcinoma
train,colon_aca/colonca3915.jpeg,1,adenocarcinoma
train,colon_aca/colonca3916.jpeg,1,adenocarcinoma
train,colon_aca/colonca3917.jpeg,1,adenocarcinoma
train,colon_aca/colonca3919.jpeg,1,adenocarcinoma
train,colon_aca/colonca392.jpeg,1,adenocarcinoma
train,colon_aca/colonca3921.jpeg,1,adenocarcinoma
train,colon_aca/colonca3923.jpeg,1,adenocarcinoma
train,colon_aca/colonca3924.jpeg,1,adenocarcinoma
train,colon_aca/colonca3925.jpeg,1,adenocarcinoma
train,colon_aca/colonca3926.jpeg,1,adenocarcinoma
train,colon_aca/colonca3929.jpeg,1,adenocarcinoma
train,colon_aca/colonca3930.jpeg,1,adenocarcinoma
train,colon_aca/colonca3931.jpeg,1,adenocarcinoma
train,colon_aca/colonca3932.jpeg,1,adenocarcinoma
train,colon_aca/colonca3936.jpeg,1,adenocarcinoma
train,colon_aca/colonca3937.jpeg,1,adenocarcinoma
train,colon_aca/colonca3938.jpeg,1,adenocarcinoma
train,colon_aca/colonca3942.jpeg,1,adenocarcinoma
train,colon_aca/colonca3944.jpeg,1,adenocarcinoma
train,colon_aca/colonca3945.jpeg,1,adenocarcinoma
train,colon_aca/colonca3946.jpeg,1,adenocarcinoma
train,colon_aca/colonca3947.jpeg,1,adenocarcinoma
train,colon_aca/colonca3948.jpeg,1,adenocarcinoma
train,colon_aca/colonca395.jpeg,1,adenocarcinoma
train,colon_aca/colonca3950.jpeg,1,adenocarcinoma
train,colon_aca/colonca3952.jpeg,1,adenocarcinoma
train,colon_aca/colonca3953.jpeg,1,adenocarcinoma
train,colon_aca/colonca3955.jpeg,1,adenocarcinoma
train,colon_aca/colonca3956.jpeg,1,adenocarcinoma
train,colon_aca/colonca3957.jpeg,1,adenocarcinoma
train,colon_aca/colonca3958.jpeg,1,adenocarcinoma
train,colon_aca/colonca3959.jpeg,1,adenocarcinoma
train,colon_aca/colonca3960.jpeg,1,adenocarcinoma
train,colon_aca/colonca3961.jpeg,1,adenocarcinoma
train,colon_aca/colonca3962.jpeg,1,adenocarcinoma
train,colon_aca/colonca3964.jpeg,1,adenocarcinoma
train,colon_aca/colonca3965.jpeg,1,adenocarcinoma
train,colon_aca/colonca3967.jpeg,1,adenocarcinoma
train,colon_aca/colonca3968.jpeg,1,adenocarcinoma
train,colon_aca/colonca3969.jpeg,1,adenocarcinoma
train,colon_aca/colonca397.jpeg,1,adenocarcinoma
train,colon_aca/colonca3971.jpeg,1,adenocarcinoma
train,colon_aca/colonca3972.jpeg,1,adenocarcinoma
train,colon_aca/colonca3973.jpeg,1,adenocarcinoma
train,colon_aca/colonca3974.jpeg,1,adenocarcinoma
train,colon_aca/colonca3975.jpeg,1,adenocarcinoma
train,colon_aca/colonca3976.jpeg,1,adenocarcinoma
train,colon_aca/colonca3978.jpeg,1,adenocarcinoma
train,colon_aca/colonca3979.jpeg,1,adenocarcinoma
train,colon_aca/colonca398.jpeg,1,adenocarcinoma
train,colon_aca/colonca3980.jpeg,1,adenocarcinoma
train,colon_aca/colonca3981.jpeg,1,adenocarcinoma
train,colon_aca/colonca3982.jpeg,1,adenocarcinoma
train,colon_aca/colonca3983.jpeg,1,adenocarcinoma
train,colon_aca/colonca3984.jpeg,1,adenocarcinoma
train,colon_aca/colonca3985.jpeg,1,adenocarcinoma
train,colon_aca/colonca3986.jpeg,1,adenocarcinoma
train,colon_aca/colonca3987.jpeg,1,adenocarcinoma
train,colon_aca/colonca3988.jpeg,1,adenocarcinoma
train,colon_aca/colonca3989.jpeg,1,adenocarcinoma
train,colon_aca/colonca3990.jpeg,1,adenocarcinoma
train,colon_aca/colonca3992.jpeg,1,adenocarcinoma
train,colon_aca/colonca3993.jpeg,1,adenocarcinoma
train,colon_aca/colonca3994.jpeg,1,adenocarcinoma
train,colon_aca/colonca3995.jpeg,1,adenocarcinoma
train,colon_aca/colonca3996.jpeg,1,adenocarcinoma
train,colon_aca/colonca3997.jpeg,1,adenocarcinoma
train,colon_aca/colonca4.jpeg,1,adenocarcinoma
train,colon_aca/colonca40.jpeg,1,adenocarcinoma
train,colon_aca/colonca400.jpeg,1,adenocarcinoma
train,colon_aca/colonca4000.jpeg,1,adenocarcinoma
train,colon_aca/colonca4001.jpeg,1,adenocarcinoma
train,colon_aca/colonca4002.jpeg,1,adenocarcinoma
train,colon_aca/colonca4006.jpeg,1,adenocarcinoma
train,colon_aca/colonca4007.jpeg,1,adenocarcinoma
train,colon_aca/colonca4009.jpeg,1,adenocarcinoma
train,colon_aca/colonca4010.jpeg,1,adenocarcinoma
train,colon_aca/colonca4011.jpeg,1,adenocarcinoma
train,colon_aca/colonca4013.jpeg,1,adenocarcinoma
train,colon_aca/colonca4014.jpeg,1,adenocarcinoma
train,colon_aca/colonca4015.jpeg,1,adenocarcinoma
train,colon_aca/colonca4016.jpeg,1,adenocarcinoma
train,colon_aca/colonca4018.jpeg,1,adenocarcinoma
train,colon_aca/colonca4019.jpeg,1,adenocarcinoma
train,colon_aca/colonca402.jpeg,1,adenocarcinoma
train,colon_aca/colonca4022.jpeg,1,adenocarcinoma
train,colon_aca/colonca4023.jpeg,1,adenocarcinoma
train,colon_aca/colonca4025.jpeg,1,adenocarcinoma
train,colon_aca/colonca4028.jpeg,1,adenocarcinoma
train,colon_aca/colonca403.jpeg,1,adenocarcinoma
train,colon_aca/colonca4031.jpeg,1,adenocarcinoma
train,colon_aca/colonca4033.jpeg,1,adenocarcinoma
train,colon_aca/colonca4034.jpeg,1,adenocarcinoma
train,colon_aca/colonca4035.jpeg,1,adenocarcinoma
train,colon_aca/colonca4036.jpeg,1,adenocarcinoma
train,colon_aca/colonca4037.jpeg,1,adenocarcinoma
train,colon_aca/colonca4039.jpeg,1,adenocarcinoma
train,colon_aca/colonca404.jpeg,1,adenocarcinoma
train,colon_aca/colonca4040.jpeg,1,adenocarcinoma
train,colon_aca/colonca4041.jpeg,1,adenocarcinoma
train,colon_aca/colonca4042.jpeg,1,adenocarcinoma
train,colon_aca/colonca4043.jpeg,1,adenocarcinoma
train,colon_aca/colonca4045.jpeg,1,adenocarcinoma
train,colon_aca/colonca4046.jpeg,1,adenocarcinoma
train,colon_aca/colonca4047.jpeg,1,adenocarcinoma
train,colon_aca/colonca405.jpeg,1,adenocarcinoma
train,colon_aca/colonca4050.jpeg,1,adenocarcinoma
train,colon_aca/colonca4051.jpeg,1,adenocarcinoma
train,colon_aca/colonca4052.jpeg,1,adenocarcinoma
train,colon_aca/colonca4053.jpeg,1,adenocarcinoma
train,colon_aca/colonca4055.jpeg,1,adenocarcinoma
train,colon_aca/colonca4056.jpeg,1,adenocarcinoma
train,colon_aca/colonca4058.jpeg,1,adenocarcinoma
train,colon_aca/colonca4059.jpeg,1,adenocarcinoma
train,colon_aca/colonca4061.jpeg,1,adenocarcinoma
train,colon_aca/colonca4062.jpeg,1,adenocarcinoma
train,colon_aca/colonca4063.jpeg,1,adenocarcinoma
train,colon_aca/colonca4065.jpeg,1,adenocarcinoma
train,colon_aca/colonca4066.jpeg,1,adenocarcinoma
train,colon_aca/colonca4067.jpeg,1,adenocarcinoma
train,colon_aca/colonca4068.jpeg,1,adenocarcinoma
train,colon_aca/colonca4069.jpeg,1,adenocarcinoma
train,colon_aca/colonca407.jpeg,1,adenocarcinoma
train,colon_aca/colonca4072.jpeg,1,adenocarcinoma
train,colon_aca/colonca4073.jpeg,1,adenocarcinoma
train,colon_aca/colonca4074.jpeg,1,adenocarcinoma
train,colon_aca/colonca4078.jpeg,1,adenocarcinoma
train,colon_aca/colonca4079.jpeg,1,adenocarcinoma
train,colon_aca/colonca408.jpeg,1,adenocarcinoma
train,colon_aca/colonca4080.jpeg,1,adenocarcinoma
train,colon_aca/colonca4081.jpeg,1,adenocarcinoma
train,colon_aca/colonca4083.jpeg,1,adenocarcinoma
train,colon_aca/colonca4084.jpeg,1,adenocarcinoma
train,colon_aca/colonca4085.jpeg,1,adenocarcinoma
train,colon_aca/colonca4086.jpeg,1,adenocarcinoma
train,colon_aca/colonca4087.jpeg,1,adenocarcinoma
train,colon_aca/colonca4089.jpeg,1,adenocarcinoma
train,colon_aca/colonca409.jpeg,1,adenocarcinoma
train,colon_aca/colonca4090.jpeg,1,adenocarcinoma
train,colon_aca/colonca4091.jpeg,1,adenocarcinoma
train,colon_aca/colonca4093.jpeg,1,adenocarcinoma
train,colon_aca/colonca4094.jpeg,1,adenocarcinoma
train,colon_aca/colonca4096.jpeg,1,adenocarcinoma
train,colon_aca/colonca4097.jpeg,1,adenocarcinoma
train,colon_aca/colonca4098.jpeg,1,adenocarcinoma
train,colon_aca/colonca4099.jpeg,1,adenocarcinoma
train,colon_aca/colonca41.jpeg,1,adenocarcinoma
train,colon_aca/colonca4100.jpeg,1,adenocarcinoma
train,colon_aca/colonca4101.jpeg,1,adenocarcinoma
train,colon_aca/colonca4102.jpeg,1,adenocarcinoma
train,colon_aca/colonca4103.jpeg,1,adenocarcinoma
train,colon_aca/colonca4104.jpeg,1,adenocarcinoma
train,colon_aca/colonca4105.jpeg,1,adenocarcinoma
train,colon_aca/colonca4106.jpeg,1,adenocarcinoma
train,colon_aca/colonca4108.jpeg,1,adenocarcinoma
train,colon_aca/colonca4109.jpeg,1,adenocarcinoma
train,colon_aca/colonca411.jpeg,1,adenocarcinoma
train,colon_aca/colonca4110.jpeg,1,adenocarcinoma
train,colon_aca/colonca4111.jpeg,1,adenocarcinoma
train,colon_aca/colonca4112.jpeg,1,adenocarcinoma
train,colon_aca/colonca4114.jpeg,1,adenocarcinoma
train,colon_aca/colonca4115.jpeg,1,adenocarcinoma
train,colon_aca/colonca4116.jpeg,1,adenocarcinoma
train,colon_aca/colonca4117.jpeg,1,adenocarcinoma
train,colon_aca/colonca4118.jpeg,1,adenocarcinoma
train,colon_aca/colonca4119.jpeg,1,adenocarcinoma
train,colon_aca/colonca412.jpeg,1,adenocarcinoma
train,colon_aca/colonca4120.jpeg,1,adenocarcinoma
train,colon_aca/colonca4121.jpeg,1,adenocarcinoma
train,colon_aca/colonca4122.jpeg,1,adenocarcinoma
train,colon_aca/colonca4124.jpeg,1,adenocarcinoma
train,colon_aca/colonca4125.jpeg,1,adenocarcinoma
train,colon_aca/colonca4126.jpeg,1,adenocarcinoma
train,colon_aca/colonca4127.jpeg,1,adenocarcinoma
train,colon_aca/colonca4128.jpeg,1,adenocarcinoma
train,colon_aca/colonca4131.jpeg,1,adenocarcinoma
train,colon_aca/colonca4132.jpeg,1,adenocarcinoma
train,colon_aca/colonca4133.jpeg,1,adenocarcinoma
train,colon_aca/colonca4135.jpeg,1,adenocarcinoma
train,colon_aca/colonca4136.jpeg,1,adenocarcinoma
train,colon_aca/colonca4137.jpeg,1,adenocarcinoma
train,colon_aca/colonca4138.jpeg,1,adenocarcinoma
train,colon_aca/colonca4139.jpeg,1,adenocarcinoma
train,colon_aca/colonca414.jpeg,1,adenocarcinoma
train,colon_aca/colonca4140.jpeg,1,adenocarcinoma
train,colon_aca/colonca4141.jpeg,1,adenocarcinoma
train,colon_aca/colonca4142.jpeg,1,adenocarcinoma
train,colon_aca/colonca4144.jpeg,1,adenocarcinoma
train,colon_aca/colonca4146.jpeg,1,adenocarcinoma
train,colon_aca/colonca4148.jpeg,1,adenocarcinoma
train,colon_aca/colonca4149.jpeg,1,adenocarcinoma
train,colon_aca/colonca415.jpeg,1,adenocarcinoma
train,colon_aca/colonca4152.jpeg,1,adenocarcinoma
train,colon_aca/colonca4155.jpeg,1,adenocarcinoma
train,colon_aca/colonca4156.jpeg,1,adenocarcinoma
train,colon_aca/colonca4157.jpeg,1,adenocarcinoma
train,colon_aca/colonca4160.jpeg,1,adenocarcinoma
train,colon_aca/colonca4164.jpeg,1,adenocarcinoma
train,colon_aca/colonca4165.jpeg,1,adenocarcinoma
train,colon_aca/colonca4166.jpeg,1,adenocarcinoma
train,colon_aca/colonca4167.jpeg,1,adenocarcinoma
train,colon_aca/colonca4168.jpeg,1,adenocarcinoma
train,colon_aca/colonca4169.jpeg,1,adenocarcinoma
train,colon_aca/colonca417.jpeg,1,adenocarcinoma
train,colon_aca/colonca4170.jpeg,1,adenocarcinoma
train,colon_aca/colonca4171.jpeg,1,adenocarcinoma
train,colon_aca/colonca4172.jpeg,1,adenocarcinoma
train,colon_aca/colonca4173.jpeg,1,adenocarcinoma
train,colon_aca/colonca4174.jpeg,1,adenocarcinoma
train,colon_aca/colonca4175.jpeg,1,adenocarcinoma
train,colon_aca/colonca4176.jpeg,1,adenocarcinoma
train,colon_aca/colonca4177.jpeg,1,adenocarcinoma
train,colon_aca/colonca4178.jpeg,1,adenocarcinoma
train,colon_aca/colonca4179.jpeg,1,adenocarcinoma
train,colon_aca/colonca4180.jpeg,1,adenocarcinoma
train,colon_aca/colonca4182.jpeg,1,adenocarcinoma
train,colon_aca/colonca4183.jpeg,1,adenocarcinoma
train,colon_aca/colonca4184.jpeg,1,adenocarcinoma
train,colon_aca/colonca4185.jpeg,1,adenocarcinoma
train,colon_aca/colonca4186.jpeg,1,adenocarcinoma
train,colon_aca/colonca4187.jpeg,1,adenocarcinoma
train,colon_aca/colonca4188.jpeg,1,adenocarcinoma
train,colon_aca/colonca4189.jpeg,1,adenocarcinoma
train,colon_aca/colonca419.jpeg,1,adenocarcinoma
train,colon_aca/colonca4190.jpeg,1,adenocarcinoma
train,colon_aca/colonca4191.jpeg,1,adenocarcinoma
train,colon_aca/colonca4192.jpeg,1,adenocarcinoma
train,colon_aca/colonca4193.jpeg,1,adenocarcinoma
train,colon_aca/colonca4194.jpeg,1,adenocarcinoma
train,colon_aca/colonca4195.jpeg,1,adenocarcinoma
train,colon_aca/colonca4198.jpeg,1,adenocarcinoma
train,colon_aca/colonca4199.jpeg,1,adenocarcinoma
train,colon_aca/colonca420.jpeg,1,adenocarcinoma
train,colon_aca/colonca4201.jpeg,1,adenocarcinoma
train,colon_aca/colonca4204.jpeg,1,adenocarcinoma
train,colon_aca/colonca4206.jpeg,1,adenocarcinoma
train,colon_aca/colonca4208.jpeg,1,adenocarcinoma
train,colon_aca/colonca421.jpeg,1,adenocarcinoma
train,colon_aca/colonca4211.jpeg,1,adenocarcinoma
train,colon_aca/colonca4213.jpeg,1,adenocarcinoma
train,colon_aca/colonca4215.jpeg,1,adenocarcinoma
train,colon_aca/colonca4217.jpeg,1,adenocarcinoma
train,colon_aca/colonca4218.jpeg,1,adenocarcinoma
train,colon_aca/colonca4219.jpeg,1,adenocarcinoma
train,colon_aca/colonca4221.jpeg,1,adenocarcinoma
train,colon_aca/colonca4222.jpeg,1,adenocarcinoma
train,colon_aca/colonca4223.jpeg,1,adenocarcinoma
train,colon_aca/colonca4224.jpeg,1,adenocarcinoma
train,colon_aca/colonca4225.jpeg,1,adenocarcinoma
train,colon_aca/colonca4226.jpeg,1,adenocarcinoma
train,colon_aca/colonca4227.jpeg,1,adenocarcinoma
train,colon_aca/colonca4230.jpeg,1,adenocarcinoma
train,colon_aca/colonca4233.jpeg,1,adenocarcinoma
train,colon_aca/colonca4234.jpeg,1,adenocarcinoma
train,colon_aca/colonca4235.jpeg,1,adenocarcinoma
train,colon_aca/colonca4236.jpeg,1,adenocarcinoma
train,colon_aca/colonca4237.jpeg,1,adenocarcinoma
train,colon_aca/colonca4238.jpeg,1,adenocarcinoma
train,colon_aca/colonca4239.jpeg,1,adenocarcinoma
train,colon_aca/colonca424.jpeg,1,adenocarcinoma
train,colon_aca/colonca4240.jpeg,1,adenocarcinoma
train,colon_aca/colonca4243.jpeg,1,adenocarcinoma
train,colon_aca/colonca4244.jpeg,1,adenocarcinoma
train,colon_aca/colonca4245.jpeg,1,adenocarcinoma
train,colon_aca/colonca4246.jpeg,1,adenocarcinoma
train,colon_aca/colonca4248.jpeg,1,adenocarcinoma
train,colon_aca/colonca4249.jpeg,1,adenocarcinoma
train,colon_aca/colonca425.jpeg,1,adenocarcinoma
train,colon_aca/colonca4251.jpeg,1,adenocarcinoma
train,colon_aca/colonca4252.jpeg,1,adenocarcinoma
train,colon_aca/colonca4253.jpeg,1,adenocarcinoma
train,colon_aca/colonca4256.jpeg,1,adenocarcinoma
train,colon_aca/colonca4257.jpeg,1,adenocarcinoma
train,colon_aca/colonca4258.jpeg,1,adenocarcinoma
train,colon_aca/colonca4261.jpeg,1,adenocarcinoma
train,colon_aca/colonca4263.jpeg,1,adenocarcinoma
train,colon_aca/colonca4264.jpeg,1,adenocarcinoma
train,colon_aca/colonca4266.jpeg,1,adenocarcinoma
train,colon_aca/colonca4267.jpeg,1,adenocarcinoma
train,colon_aca/colonca4268.jpeg,1,adenocarcinoma
train,colon_aca/colonca4269.jpeg,1,adenocarcinoma
train,colon_aca/colonca4270.jpeg,1,adenocarcinoma
train,colon_aca/colonca4271.jpeg,1,adenocarcinoma
train,colon_aca/colonca4273.jpeg,1,adenocarcinoma
train,colon_aca/colonca4275.jpeg,1,adenocarcinoma
train,colon_aca/colonca4276.jpeg,1,adenocarcinoma
train,colon_aca/colonca4277.jpeg,1,adenocarcinoma
train,colon_aca/colonca4278.jpeg,1,adenocarcinoma
train,colon_aca/colonca4279.jpeg,1,adenocarcinoma
train,colon_aca/colonca428.jpeg,1,adenocarcinoma
train,colon_aca/colonca4280.jpeg,1,adenocarcinoma
train,colon_aca/colonca4281.jpeg,1,adenocarcinoma
train,colon_aca/colonca4282.jpeg,1,adenocarcinoma
train,colon_aca/colonca4283.jpeg,1,adenocarcinoma
train,colon_aca/colonca4284.jpeg,1,adenocarcinoma
train,colon_aca/colonca4285.jpeg,1,adenocarcinoma
train,colon_aca/colonca4286.jpeg,1,adenocarcinoma
train,colon_aca/colonca4287.jpeg,1,adenocarcinoma
train,colon_aca/colonca4288.jpeg,1,adenocarcinoma
train,colon_aca/colonca4290.jpeg,1,adenocarcinoma
train,colon_aca/colonca4292.jpeg,1,adenocarcinoma
train,colon_aca/colonca4293.jpeg,1,adenocarcinoma
train,colon_aca/colonca4294.jpeg,1,adenocarcinoma
train,colon_aca/colonca4298.jpeg,1,adenocarcinoma
train,colon_aca/colonca4299.jpeg,1,adenocarcinoma
train,colon_aca/colonca430.jpeg,1,adenocarcinoma
train,colon_aca/colonca4300.jpeg,1,adenocarcinoma
train,colon_aca/colonca4301.jpeg,1,adenocarcinoma
train,colon_aca/colonca4302.jpeg,1,adenocarcinoma
train,colon_aca/colonca4308.jpeg,1,adenocarcinoma
train,colon_aca/colonca4309.jpeg,1,adenocarcinoma
train,colon_aca/colonca431.jpeg,1,adenocarcinoma
train,colon_aca/colonca4310.jpeg,1,adenocarcinoma
train,colon_aca/colonca4313.jpeg,1,adenocarcinoma
train,colon_aca/colonca4314.jpeg,1,adenocarcinoma
train,colon_aca/colonca4315.jpeg,1,adenocarcinoma
train,colon_aca/colonca4316.jpeg,1,adenocarcinoma
train,colon_aca/colonca4317.jpeg,1,adenocarcinoma
train,colon_aca/colonca4318.jpeg,1,adenocarcinoma
train,colon_aca/colonca4319.jpeg,1,adenocarcinoma
train,colon_aca/colonca432.jpeg,1,adenocarcinoma
train,colon_aca/colonca4320.jpeg,1,adenocarcinoma
train,colon_aca/colonca4322.jpeg,1,adenocarcinoma
train,colon_aca/colonca4323.jpeg,1,adenocarcinoma
train,colon_aca/colonca4324.jpeg,1,adenocarcinoma
train,colon_aca/colonca4325.jpeg,1,adenocarcinoma
train,colon_aca/colonca4326.jpeg,1,adenocarcinoma
train,colon_aca/colonca4327.jpeg,1,adenocarcinoma
train,colon_aca/colonca4329.jpeg,1,adenocarcinoma
train,colon_aca/colonca433.jpeg,1,adenocarcinoma
train,colon_aca/colonca4330.jpeg,1,adenocarcinoma
train,colon_aca/colonca4331.jpeg,1,adenocarcinoma
train,colon_aca/colonca4332.jpeg,1,adenocarcinoma
train,colon_aca/colonca4333.jpeg,1,adenocarcinoma
train,colon_aca/colonca4334.jpeg,1,adenocarcinoma
train,colon_aca/colonca4335.jpeg,1,adenocarcinoma
train,colon_aca/colonca4336.jpeg,1,adenocarcinoma
train,colon_aca/colonca4337.jpeg,1,adenocarcinoma
train,colon_aca/colonca4338.jpeg,1,adenocarcinoma
train,colon_aca/colonca4339.jpeg,1,adenocarcinoma
train,colon_aca/colonca434.jpeg,1,adenocarcinoma
train,colon_aca/colonca4340.jpeg,1,adenocarcinoma
train,colon_aca/colonca4341.jpeg,1,adenocarcinoma
train,colon_aca/colonca4343.jpeg,1,adenocarcinoma
train,colon_aca/colonca4345.jpeg,1,adenocarcinoma
train,colon_aca/colonca4346.jpeg,1,adenocarcinoma
train,colon_aca/colonca4347.jpeg,1,adenocarcinoma
train,colon_aca/colonca435.jpeg,1,adenocarcinoma
train,colon_aca/colonca4350.jpeg,1,adenocarcinoma
train,colon_aca/colonca4351.jpeg,1,adenocarcinoma
train,colon_aca/colonca4352.jpeg,1,adenocarcinoma
train,colon_aca/colonca4353.jpeg,1,adenocarcinoma
train,colon_aca/colonca4354.jpeg,1,adenocarcinoma
train,colon_aca/colonca4356.jpeg,1,adenocarcinoma
train,colon_aca/colonca4358.jpeg,1,adenocarcinoma
train,colon_aca/colonca4361.jpeg,1,adenocarcinoma
train,colon_aca/colonca4362.jpeg,1,adenocarcinoma
train,colon_aca/colonca4363.jpeg,1,adenocarcinoma
train,colon_aca/colonca4364.jpeg,1,adenocarcinoma
train,colon_aca/colonca4366.jpeg,1,adenocarcinoma
train,colon_aca/colonca4367.jpeg,1,adenocarcinoma
train,colon_aca/colonca4368.jpeg,1,adenocarcinoma
train,colon_aca/colonca437.jpeg,1,adenocarcinoma
train,colon_aca/colonca4370.jpeg,1,adenocarcinoma
train,colon_aca/colonca4373.jpeg,1,adenocarcinoma
train,colon_aca/colonca4374.jpeg,1,adenocarcinoma
train,colon_aca/colonca4375.jpeg,1,adenocarcinoma
train,colon_aca/colonca4376.jpeg,1,adenocarcinoma
train,colon_aca/colonca4377.jpeg,1,adenocarcinoma
train,colon_aca/colonca4378.jpeg,1,adenocarcinoma
train,colon_aca/colonca4380.jpeg,1,adenocarcinoma
train,colon_aca/colonca4382.jpeg,1,adenocarcinoma
train,colon_aca/colonca4383.jpeg,1,adenocarcinoma
train,colon_aca/colonca4384.jpeg,1,adenocarcinoma
train,colon_aca/colonca4385.jpeg,1,adenocarcinoma
train,colon_aca/colonca4386.jpeg,1,adenocarcinoma
train,colon_aca/colonca4388.jpeg,1,adenocarcinoma
train,colon_aca/colonca4389.jpeg,1,adenocarcinoma
train,colon_aca/colonca439.jpeg,1,adenocarcinoma
train,colon_aca/colonca4390.jpeg,1,adenocarcinoma
train,colon_aca/colonca4391.jpeg,1,adenocarcinoma
train,colon_aca/colonca4392.jpeg,1,adenocarcinoma
train,colon_aca/colonca4393.jpeg,1,adenocarcinoma
train,colon_aca/colonca4394.jpeg,1,adenocarcinoma
train,colon_aca/colonca4395.jpeg,1,adenocarcinoma
train,colon_aca/colonca4397.jpeg,1,adenocarcinoma
train,colon_aca/colonca4398.jpeg,1,adenocarcinoma
train,colon_aca/colonca4399.jpeg,1,adenocarcinoma
train,colon_aca/colonca440.jpeg,1,adenocarcinoma
train,colon_aca/colonca4400.jpeg,1,adenocarcinoma
train,colon_aca/colonca4401.jpeg,1,adenocarcinoma
train,colon_aca/colonca4402.jpeg,1,adenocarcinoma
train,colon_aca/colonca4404.jpeg,1,adenocarcinoma
train,colon_aca/colonca4405.jpeg,1,adenocarcinoma
train,colon_aca/colonca4407.jpeg,1,adenocarcinoma
train,colon_aca/colonca441.jpeg,1,adenocarcinoma
train,colon_aca/colonca4410.jpeg,1,adenocarcinoma
train,colon_aca/colonca4413.jpeg,1,adenocarcinoma
train,colon_aca/colonca4414.jpeg,1,adenocarcinoma
train,colon_aca/colonca4415.jpeg,1,adenocarcinoma
train,colon_aca/colonca4417.jpeg,1,adenocarcinoma
train,colon_aca/colonca4418.jpeg,1,adenocarcinoma
train,colon_aca/colonca4419.jpeg,1,adenocarcinoma
train,colon_aca/colonca442.jpeg,1,adenocarcinoma
train,colon_aca/colonca4420.jpeg,1,adenocarcinoma
train,colon_aca/colonca4422.jpeg,1,adenocarcinoma
train,colon_aca/colonca4423.jpeg,1,adenocarcinoma
train,colon_aca/colonca4425.jpeg,1,adenocarcinoma
train,colon_aca/colonca4426.jpeg,1,adenocarcinoma
train,colon_aca/colonca4428.jpeg,1,adenocarcinoma
train,colon_aca/colonca4429.jpeg,1,adenocarcinoma
train,colon_aca/colonca443.jpeg,1,adenocarcinoma
train,colon_aca/colonca4430.jpeg,1,adenocarcinoma
train,colon_aca/colonca4432.jpeg,1,adenocarcinoma
train,colon_aca/colonca4433.jpeg,1,adenocarcinoma
train,colon_aca/colonca4434.jpeg,1,adenocarcinoma
train,colon_aca/colonca4435.jpeg,1,adenocarcinoma
train,colon_aca/colonca4438.jpeg,1,adenocarcinoma
train,colon_aca/colonca4439.jpeg,1,adenocarcinoma
train,colon_aca/colonca4440.jpeg,1,adenocarcinoma
train,colon_aca/colonca4441.jpeg,1,adenocarcinoma
train,colon_aca/colonca4442.jpeg,1,adenocarcinoma
train,colon_aca/colonca4443.jpeg,1,adenocarcinoma
train,colon_aca/colonca4444.jpeg,1,adenocarcinoma
train,colon_aca/colonca4446.jpeg,1,adenocarcinoma
train,colon_aca/colonca4447.jpeg,1,adenocarcinoma
train,colon_aca/colonca4448.jpeg,1,adenocarcinoma
train,colon_aca/colonca4449.jpeg,1,adenocarcinoma
train,colon_aca/colonca445.jpeg,1,adenocarcinoma
train,colon_aca/colonca4450.jpeg,1,adenocarcinoma
train,colon_aca/colonca4452.jpeg,1,adenocarcinoma
train,colon_aca/colonca4453.jpeg,1,adenocarcinoma
train,colon_aca/colonca4454.jpeg,1,adenocarcinoma
train,colon_aca/colonca4455.jpeg,1,adenocarcinoma
train,colon_aca/colonca4458.jpeg,1,adenocarcinoma
train,colon_aca/colonca4459.jpeg,1,adenocarcinoma
train,colon_aca/colonca446.jpeg,1,adenocarcinoma
train,colon_aca/colonca4460.jpeg,1,adenocarcinoma
train,colon_aca/colonca4462.jpeg,1,adenocarcinoma
train,colon_aca/colonca4463.jpeg,1,adenocarcinoma
train,colon_aca/colonca4464.jpeg,1,adenocarcinoma
train,colon_aca/colonca4465.jpeg,1,adenocarcinoma
train,colon_aca/colonca4466.jpeg,1,adenocarcinoma
train,colon_aca/colonca4467.jpeg,1,adenocarcinoma
train,colon_aca/colonca4469.jpeg,1,adenocarcinoma
train,colon_aca/colonca447.jpeg,1,adenocarcinoma
train,colon_aca/colonca4470.jpeg,1,adenocarcinoma
train,colon_aca/colonca4471.jpeg,1,adenocarcinoma
train,colon_aca/colonca4472.jpeg,1,adenocarcinoma
train,colon_aca/colonca4473.jpeg,1,adenocarcinoma
train,colon_aca/colonca4476.jpeg,1,adenocarcinoma
train,colon_aca/colonca4477.jpeg,1,adenocarcinoma
train,colon_aca/colonca4478.jpeg,1,adenocarcinoma
train,colon_aca/colonca4480.jpeg,1,adenocarcinoma
train,colon_aca/colonca4481.jpeg,1,adenocarcinoma
train,colon_aca/colonca4483.jpeg,1,adenocarcinoma
train,colon_aca/colonca4484.jpeg,1,adenocarcinoma
train,colon_aca/colonca4485.jpeg,1,adenocarcinoma
train,colon_aca/colonca4486.jpeg,1,adenocarcinoma
train,colon_aca/colonca4487.jpeg,1,adenocarcinoma
train,colon_aca/colonca4488.jpeg,1,adenocarcinoma
train,colon_aca/colonca4489.jpeg,1,adenocarcinoma
train,colon_aca/colonca4490.jpeg,1,adenocarcinoma
train,colon_aca/colonca4491.jpeg,1,adenocarcinoma
train,colon_aca/colonca4493.jpeg,1,adenocarcinoma
train,colon_aca/colonca4494.jpeg,1,adenocarcinoma
train,colon_aca/colonca4496.jpeg,1,adenocarcinoma
train,colon_aca/colonca4497.jpeg,1,adenocarcinoma
train,colon_aca/colonca4498.jpeg,1,adenocarcinoma
train,colon_aca/colonca4499.jpeg,1,adenocarcinoma
train,colon_aca/colonca45.jpeg,1,adenocarcinoma
train,colon_aca/colonca450.jpeg,1,adenocarcinoma
train,colon_aca/colonca4502.jpeg,1,adenocarcinoma
train,colon_aca/colonca4503.jpeg,1,adenocarcinoma
train,colon_aca/colonca4506.jpeg,1,adenocarcinoma
train,colon_aca/colonca4507.jpeg,1,adenocarcinoma
train,colon_aca/colonca4509.jpeg,1,adenocarcinoma
train,colon_aca/colonca451.jpeg,1,adenocarcinoma
train,colon_aca/colonca4510.jpeg,1,adenocarcinoma
train,colon_aca/colonca4511.jpeg,1,adenocarcinoma
train,colon_aca/colonca4513.jpeg,1,adenocarcinoma
train,colon_aca/colonca4514.jpeg,1,adenocarcinoma
train,colon_aca/colonca4516.jpeg,1,adenocarcinoma
train,colon_aca/colonca4517.jpeg,1,adenocarcinoma
train,colon_aca/colonca4518.jpeg,1,adenocarcinoma
train,colon_aca/colonca4519.jpeg,1,adenocarcinoma
train,colon_aca/colonca452.jpeg,1,adenocarcinoma
train,colon_aca/colonca4520.jpeg,1,adenocarcinoma
train,colon_aca/colonca4522.jpeg,1,adenocarcinoma
train,colon_aca/colonca4525.jpeg,1,adenocarcinoma
train,colon_aca/colonca4526.jpeg,1,adenocarcinoma
train,colon_aca/colonca4527.jpeg,1,adenocarcinoma
train,colon_aca/colonca4528.jpeg,1,adenocarcinoma
train,colon_aca/colonca4529.jpeg,1,adenocarcinoma
train,colon_aca/colonca453.jpeg,1,adenocarcinoma
train,colon_aca/colonca4533.jpeg,1,adenocarcinoma
train,colon_aca/colonca4534.jpeg,1,adenocarcinoma
train,colon_aca/colonca4535.jpeg,1,adenocarcinoma
train,colon_aca/colonca4536.jpeg,1,adenocarcinoma
train,colon_aca/colonca4537.jpeg,1,adenocarcinoma
train,colon_aca/colonca4539.jpeg,1,adenocarcinoma
train,colon_aca/colonca454.jpeg,1,adenocarcinoma
train,colon_aca/colonca4540.jpeg,1,adenocarcinoma
train,colon_aca/colonca4541.jpeg,1,adenocarcinoma
train,colon_aca/colonca4543.jpeg,1,adenocarcinoma
train,colon_aca/colonca4545.jpeg,1,adenocarcinoma
train,colon_aca/colonca4546.jpeg,1,adenocarcinoma
train,colon_aca/colonca4547.jpeg,1,adenocarcinoma
train,colon_aca/colonca4548.jpeg,1,adenocarcinoma
train,colon_aca/colonca4549.jpeg,1,adenocarcinoma
train,colon_aca/colonca455.jpeg,1,adenocarcinoma
train,colon_aca/colonca4550.jpeg,1,adenocarcinoma
train,colon_aca/colonca4552.jpeg,1,adenocarcinoma
train,colon_aca/colonca4553.jpeg,1,adenocarcinoma
train,colon_aca/colonca4555.jpeg,1,adenocarcinoma
train,colon_aca/colonca4556.jpeg,1,adenocarcinoma
train,colon_aca/colonca4557.jpeg,1,adenocarcinoma
train,colon_aca/colonca4558.jpeg,1,adenocarcinoma
train,colon_aca/colonca4559.jpeg,1,adenocarcinoma
train,colon_aca/colonca4561.jpeg,1,adenocarcinoma
train,colon_aca/colonca4562.jpeg,1,adenocarcinoma
train,colon_aca/colonca4563.jpeg,1,adenocarcinoma
train,colon_aca/colonca4566.jpeg,1,adenocarcinoma
train,colon_aca/colonca4568.jpeg,1,adenocarcinoma
train,colon_aca/colonca457.jpeg,1,adenocarcinoma
train,colon_aca/colonca4570.jpeg,1,adenocarcinoma
train,colon_aca/colonca4573.jpeg,1,adenocarcinoma
train,colon_aca/colonca4574.jpeg,1,adenocarcinoma
train,colon_aca/colonca4576.jpeg,1,adenocarcinoma
train,colon_aca/colonca4577.jpeg,1,adenocarcinoma
train,colon_aca/colonca4578.jpeg,1,adenocarcinoma
train,colon_aca/colonca458.jpeg,1,adenocarcinoma
train,colon_aca/colonca4580.jpeg,1,adenocarcinoma
train,colon_aca/colonca4584.jpeg,1,adenocarcinoma
train,colon_aca/colonca4585.jpeg,1,adenocarcinoma
train,colon_aca/colonca4588.jpeg,1,adenocarcinoma
train,colon_aca/colonca4589.jpeg,1,adenocarcinoma
train,colon_aca/colonca459.jpeg,1,adenocarcinoma
train,colon_aca/colonca4591.jpeg,1,adenocarcinoma
train,colon_aca/colonca4592.jpeg,1,adenocarcinoma
train,colon_aca/colonca4593.jpeg,1,adenocarcinoma
train,colon_aca/colonca4594.jpeg,1,adenocarcinoma
train,colon_aca/colonca4595.jpeg,1,adenocarcinoma
train,colon_aca/colonca4597.jpeg,1,adenocarcinoma
train,colon_aca/colonca4598.jpeg,1,adenocarcinoma
train,colon_aca/colonca4599.jpeg,1,adenocarcinoma
train,colon_aca/colonca46.jpeg,1,adenocarcinoma
train,colon_aca/colonca460.jpeg,1,adenocarcinoma
train,colon_aca/colonca4602.jpeg,1,adenocarcinoma
train,colon_aca/colonca4605.jpeg,1,adenocarcinoma
train,colon_aca/colonca4606.jpeg,1,adenocarcinoma
train,colon_aca/colonca4607.jpeg,1,adenocarcinoma
train,colon_aca/colonca4609.jpeg,1,adenocarcinoma
train,colon_aca/colonca461.jpeg,1,adenocarcinoma
train,colon_aca/colonca4611.jpeg,1,adenocarcinoma
train,colon_aca/colonca4612.jpeg,1,adenocarcinoma
train,colon_aca/colonca4614.jpeg,1,adenocarcinoma
train,colon_aca/colonca4615.jpeg,1,adenocarcinoma
train,colon_aca/colonca4619.jpeg,1,adenocarcinoma
train,colon_aca/colonca462.jpeg,1,adenocarcinoma
train,colon_aca/colonca4620.jpeg,1,adenocarcinoma
train,colon_aca/colonca4621.jpeg,1,adenocarcinoma
train,colon_aca/colonca4622.jpeg,1,adenocarcinoma
train,colon_aca/colonca4623.jpeg,1,adenocarcinoma
train,colon_aca/colonca4624.jpeg,1,adenocarcinoma
train,colon_aca/colonca4625.jpeg,1,adenocarcinoma
train,colon_aca/colonca4628.jpeg,1,adenocarcinoma
train,colon_aca/colonca463.jpeg,1,adenocarcinoma
train,colon_aca/colonca4630.jpeg,1,adenocarcinoma
train,colon_aca/colonca4631.jpeg,1,adenocarcinoma
train,colon_aca/colonca4633.jpeg,1,adenocarcinoma
train,colon_aca/colonca4635.jpeg,1,adenocarcinoma
train,colon_aca/colonca4638.jpeg,1,adenocarcinoma
train,colon_aca/colonca4639.jpeg,1,adenocarcinoma
train,colon_aca/colonca4640.jpeg,1,adenocarcinoma
train,colon_aca/colonca4641.jpeg,1,adenocarcinoma
train,colon_aca/colonca4643.jpeg,1,adenocarcinoma
train,colon_aca/colonca4646.jpeg,1,adenocarcinoma
train,colon_aca/colonca4647.jpeg,1,adenocarcinoma
train,colon_aca/colonca4649.jpeg,1,adenocarcinoma
train,colon_aca/colonca4651.jpeg,1,adenocarcinoma
train,colon_aca/colonca4653.jpeg,1,adenocarcinoma
train,colon_aca/colonca4654.jpeg,1,adenocarcinoma
train,colon_aca/colonca4656.jpeg,1,adenocarcinoma
train,colon_aca/colonca4657.jpeg,1,adenocarcinoma
train,colon_aca/colonca4658.jpeg,1,adenocarcinoma
train,colon_aca/colonca466.jpeg,1,adenocarcinoma
train,colon_aca/colonca4660.jpeg,1,adenocarcinoma
train,colon_aca/colonca4662.jpeg,1,adenocarcinoma
train,colon_aca/colonca4663.jpeg,1,adenocarcinoma
train,colon_aca/colonca4664.jpeg,1,adenocarcinoma
train,colon_aca/colonca4665.jpeg,1,adenocarcinoma
train,colon_aca/colonca4666.jpeg,1,adenocarcinoma
train,colon_aca/colonca4667.jpeg,1,adenocarcinoma
train,colon_aca/colonca4668.jpeg,1,adenocarcinoma
train,colon_aca/colonca4671.jpeg,1,adenocarcinoma
train,colon_aca/colonca4672.jpeg,1,adenocarcinoma
train,colon_aca/colonca4673.jpeg,1,adenocarcinoma
train,colon_aca/colonca4674.jpeg,1,adenocarcinoma
train,colon_aca/colonca4678.jpeg,1,adenocarcinoma
train,colon_aca/colonca4679.jpeg,1,adenocarcinoma
train,colon_aca/colonca468.jpeg,1,adenocarcinoma
train,colon_aca/colonca4680.jpeg,1,adenocarcinoma
train,colon_aca/colonca4681.jpeg,1,adenocarcinoma
train,colon_aca/colonca4682.jpeg,1,adenocarcinoma
train,colon_aca/colonca4683.jpeg,1,adenocarcinoma
train,colon_aca/colonca4684.jpeg,1,adenocarcinoma
train,colon_aca/colonca4685.jpeg,1,adenocarcinoma
train,colon_aca/colonca4686.jpeg,1,adenocarcinoma
train,colon_aca/colonca4688.jpeg,1,adenocarcinoma
train,colon_aca/colonca4689.jpeg,1,adenocarcinoma
train,colon_aca/colonca469.jpeg,1,adenocarcinoma
train,colon_aca/colonca4691.jpeg,1,adenocarcinoma
train,colon_aca/colonca4693.jpeg,1,adenocarcinoma
train,colon_aca/colonca4694.jpeg,1,adenocarcinoma
train,colon_aca/colonca4696.jpeg,1,adenocarcinoma
train,colon_aca/colonca4697.jpeg,1,adenocarcinoma
train,colon_aca/colonca4698.jpeg,1,adenocarcinoma
train,colon_aca/colonca4699.jpeg,1,adenocarcinoma
train,colon_aca/colonca47.jpeg,1,adenocarcinoma
train,colon_aca/colonca470.jpeg,1,adenocarcinoma
train,colon_aca/colonca4700.jpeg,1,adenocarcinoma
train,colon_aca/colonca4702.jpeg,1,adenocarcinoma
train,colon_aca/colonca4703.jpeg,1,adenocarcinoma
train,colon_aca/colonca4705.jpeg,1,adenocarcinoma
train,colon_aca/colonca4706.jpeg,1,adenocarcinoma
train,colon_aca/colonca4707.jpeg,1,adenocarcinoma
train,colon_aca/colonca4708.jpeg,1,adenocarcinoma
train,colon_aca/colonca4709.jpeg,1,adenocarcinoma
train,colon_aca/colonca471.jpeg,1,adenocarcinoma
train,colon_aca/colonca4710.jpeg,1,adenocarcinoma
train,colon_aca/colonca4713.jpeg,1,adenocarcinoma
train,colon_aca/colonca4715.jpeg,1,adenocarcinoma
train,colon_aca/colonca4718.jpeg,1,adenocarcinoma
train,colon_aca/colonca4719.jpeg,1,adenocarcinoma
train,colon_aca/colonca472.jpeg,1,adenocarcinoma
train,colon_aca/colonca4720.jpeg,1,adenocarcinoma
train,colon_aca/colonca4722.jpeg,1,adenocarcinoma
train,colon_aca/colonca4724.jpeg,1,adenocarcinoma
train,colon_aca/colonca4725.jpeg,1,adenocarcinoma
train,colon_aca/colonca4727.jpeg,1,adenocarcinoma
train,colon_aca/colonca4729.jpeg,1,adenocarcinoma
train,colon_aca/colonca473.jpeg,1,adenocarcinoma
train,colon_aca/colonca4731.jpeg,1,adenocarcinoma
train,colon_aca/colonca4732.jpeg,1,adenocarcinoma
train,colon_aca/colonca4733.jpeg,1,adenocarcinoma
train,colon_aca/colonca4734.jpeg,1,adenocarcinoma
train,colon_aca/colonca4735.jpeg,1,adenocarcinoma
train,colon_aca/colonca4736.jpeg,1,adenocarcinoma
train,colon_aca/colonca4737.jpeg,1,adenocarcinoma
train,colon_aca/colonca4738.jpeg,1,adenocarcinoma
train,colon_aca/colonca474.jpeg,1,adenocarcinoma
train,colon_aca/colonca4740.jpeg,1,adenocarcinoma
train,colon_aca/colonca4741.jpeg,1,adenocarcinoma
train,colon_aca/colonca4744.jpeg,1,adenocarcinoma
train,colon_aca/colonca4746.jpeg,1,adenocarcinoma
train,colon_aca/colonca4747.jpeg,1,adenocarcinoma
train,colon_aca/colonca4748.jpeg,1,adenocarcinoma
train,colon_aca/colonca4749.jpeg,1,adenocarcinoma
train,colon_aca/colonca475.jpeg,1,adenocarcinoma
train,colon_aca/colonca4750.jpeg,1,adenocarcinoma
train,colon_aca/colonca4751.jpeg,1,adenocarcinoma
train,colon_aca/colonca4752.jpeg,1,adenocarcinoma
train,colon_aca/colonca4755.jpeg,1,adenocarcinoma
train,colon_aca/colonca4756.jpeg,1,adenocarcinoma
train,colon_aca/colonca4758.jpeg,1,adenocarcinoma
train,colon_aca/colonca4760.jpeg,1,adenocarcinoma
train,colon_aca/colonca4762.jpeg,1,adenocarcinoma
train,colon_aca/colonca4764.jpeg,1,adenocarcinoma
train,colon_aca/colonca4765.jpeg,1,adenocarcinoma
train,colon_aca/colonca4766.jpeg,1,adenocarcinoma
train,colon_aca/colonca4767.jpeg,1,adenocarcinoma
train,colon_aca/colonca4768.jpeg,1,adenocarcinoma
train,colon_aca/colonca4769.jpeg,1,adenocarcinoma
train,colon_aca/colonca477.jpeg,1,adenocarcinoma
train,colon_aca/colonca4770.jpeg,1,adenocarcinoma
train,colon_aca/colonca4773.jpeg,1,adenocarcinoma
train,colon_aca/colonca4774.jpeg,1,adenocarcinoma
train,colon_aca/colonca4775.jpeg,1,adenocarcinoma
train,colon_aca/colonca4777.jpeg,1,adenocarcinoma
train,colon_aca/colonca4780.jpeg,1,adenocarcinoma
train,colon_aca/colonca4781.jpeg,1,adenocarcinoma
train,colon_aca/colonca4782.jpeg,1,adenocarcinoma
train,colon_aca/colonca4784.jpeg,1,adenocarcinoma
train,colon_aca/colonca4785.jpeg,1,adenocarcinoma
train,colon_aca/colonca4786.jpeg,1,adenocarcinoma
train,colon_aca/colonca4788.jpeg,1,adenocarcinoma
train,colon_aca/colonca4789.jpeg,1,adenocarcinoma
train,colon_aca/colonca479.jpeg,1,adenocarcinoma
train,colon_aca/colonca4792.jpeg,1,adenocarcinoma
train,colon_aca/colonca4795.jpeg,1,adenocarcinoma
train,colon_aca/colonca4797.jpeg,1,adenocarcinoma
train,colon_aca/colonca4798.jpeg,1,adenocarcinoma
train,colon_aca/colonca4799.jpeg,1,adenocarcinoma
train,colon_aca/colonca48.jpeg,1,adenocarcinoma
train,colon_aca/colonca480.jpeg,1,adenocarcinoma
train,colon_aca/colonca4800.jpeg,1,adenocarcinoma
train,colon_aca/colonca4801.jpeg,1,adenocarcinoma
train,colon_aca/colonca4802.jpeg,1,adenocarcinoma
train,colon_aca/colonca4803.jpeg,1,adenocarcinoma
train,colon_aca/colonca4804.jpeg,1,adenocarcinoma
train,colon_aca/colonca4805.jpeg,1,adenocarcinoma
train,colon_aca/colonca4806.jpeg,1,adenocarcinoma
train,colon_aca/colonca4809.jpeg,1,adenocarcinoma
train,colon_aca/colonca4811.jpeg,1,adenocarcinoma
train,colon_aca/colonca4812.jpeg,1,adenocarcinoma
train,colon_aca/colonca4813.jpeg,1,adenocarcinoma
train,colon_aca/colonca4816.jpeg,1,adenocarcinoma
train,colon_aca/colonca4817.jpeg,1,adenocarcinoma
train,colon_aca/colonca482.jpeg,1,adenocarcinoma
train,colon_aca/colonca4820.jpeg,1,adenocarcinoma
train,colon_aca/colonca4822.jpeg,1,adenocarcinoma
train,colon_aca/colonca4823.jpeg,1,adenocarcinoma
train,colon_aca/colonca4827.jpeg,1,adenocarcinoma
train,colon_aca/colonca4828.jpeg,1,adenocarcinoma
train,colon_aca/colonca4829.jpeg,1,adenocarcinoma
train,colon_aca/colonca483.jpeg,1,adenocarcinoma
train,colon_aca/colonca4830.jpeg,1,adenocarcinoma
train,colon_aca/colonca4834.jpeg,1,adenocarcinoma
train,colon_aca/colonca4835.jpeg,1,adenocarcinoma
train,colon_aca/colonca484.jpeg,1,adenocarcinoma
train,colon_aca/colonca4840.jpeg,1,adenocarcinoma
train,colon_aca/colonca4841.jpeg,1,adenocarcinoma
train,colon_aca/colonca4842.jpeg,1,adenocarcinoma
train,colon_aca/colonca4843.jpeg,1,adenocarcinoma
train,colon_aca/colonca4844.jpeg,1,adenocarcinoma
train,colon_aca/colonca4845.jpeg,1,adenocarcinoma
train,colon_aca/colonca4846.jpeg,1,adenocarcinoma
train,colon_aca/colonca4847.jpeg,1,adenocarcinoma
train,colon_aca/colonca4848.jpeg,1,adenocarcinoma
train,colon_aca/colonca4849.jpeg,1,adenocarcinoma
train,colon_aca/colonca485.jpeg,1,adenocarcinoma
train,colon_aca/colonca4851.jpeg,1,adenocarcinoma
train,colon_aca/colonca4852.jpeg,1,adenocarcinoma
train,colon_aca/colonca4854.jpeg,1,adenocarcinoma
train,colon_aca/colonca4855.jpeg,1,adenocarcinoma
train,colon_aca/colonca4856.jpeg,1,adenocarcinoma
train,colon_aca/colonca4857.jpeg,1,adenocarcinoma
train,colon_aca/colonca4859.jpeg,1,adenocarcinoma
train,colon_aca/colonca486.jpeg,1,adenocarcinoma
train,colon_aca/colonca4861.jpeg,1,adenocarcinoma
train,colon_aca/colonca4863.jpeg,1,adenocarcinoma
train,colon_aca/colonca4864.jpeg,1,adenocarcinoma
train,colon_aca/colonca4865.jpeg,1,adenocarcinoma
train,colon_aca/colonca4867.jpeg,1,adenocarcinoma
train,colon_aca/colonca4869.jpeg,1,adenocarcinoma
train,colon_aca/colonca487.jpeg,1,adenocarcinoma
train,colon_aca/colonca4870.jpeg,1,adenocarcinoma
train,colon_aca/colonca4871.jpeg,1,adenocarcinoma
train,colon_aca/colonca4872.jpeg,1,adenocarcinoma
train,colon_aca/colonca4873.jpeg,1,adenocarcinoma
train,colon_aca/colonca4878.jpeg,1,adenocarcinoma
train,colon_aca/colonca4879.jpeg,1,adenocarcinoma
train,colon_aca/colonca488.jpeg,1,adenocarcinoma
train,colon_aca/colonca4880.jpeg,1,adenocarcinoma
train,colon_aca/colonca4881.jpeg,1,adenocarcinoma
train,colon_aca/colonca4883.jpeg,1,adenocarcinoma
train,colon_aca/colonca4884.jpeg,1,adenocarcinoma
train,colon_aca/colonca4885.jpeg,1,adenocarcinoma
train,colon_aca/colonca4886.jpeg,1,adenocarcinoma
train,colon_aca/colonca4888.jpeg,1,adenocarcinoma
train,colon_aca/colonca4889.jpeg,1,adenocarcinoma
train,colon_aca/colonca4891.jpeg,1,adenocarcinoma
train,colon_aca/colonca4892.jpeg,1,adenocarcinoma
train,colon_aca/colonca4893.jpeg,1,adenocarcinoma
train,colon_aca/colonca4894.jpeg,1,adenocarcinoma
train,colon_aca/colonca4895.jpeg,1,adenocarcinoma
train,colon_aca/colonca49.jpeg,1,adenocarcinoma
train,colon_aca/colonca490.jpeg,1,adenocarcinoma
train,colon_aca/colonca4900.jpeg,1,adenocarcinoma
train,colon_aca/colonca4901.jpeg,1,adenocarcinoma
train,colon_aca/colonca4902.jpeg,1,adenocarcinoma
train,colon_aca/colonca4904.jpeg,1,adenocarcinoma
train,colon_aca/colonca4905.jpeg,1,adenocarcinoma
train,colon_aca/colonca4906.jpeg,1,adenocarcinoma
train,colon_aca/colonca4908.jpeg,1,adenocarcinoma
train,colon_aca/colonca4910.jpeg,1,adenocarcinoma
train,colon_aca/colonca4911.jpeg,1,adenocarcinoma
train,colon_aca/colonca4913.jpeg,1,adenocarcinoma
train,colon_aca/colonca4918.jpeg,1,adenocarcinoma
train,colon_aca/colonca492.jpeg,1,adenocarcinoma
train,colon_aca/colonca4921.jpeg,1,adenocarcinoma
train,colon_aca/colonca4922.jpeg,1,adenocarcinoma
train,colon_aca/colonca4923.jpeg,1,adenocarcinoma
train,colon_aca/colonca4926.jpeg,1,adenocarcinoma
train,colon_aca/colonca4927.jpeg,1,adenocarcinoma
train,colon_aca/colonca4929.jpeg,1,adenocarcinoma
train,colon_aca/colonca493.jpeg,1,adenocarcinoma
train,colon_aca/colonca4930.jpeg,1,adenocarcinoma
train,colon_aca/colonca4931.jpeg,1,adenocarcinoma
train,colon_aca/colonca4932.jpeg,1,adenocarcinoma
train,colon_aca/colonca4935.jpeg,1,adenocarcinoma
train,colon_aca/colonca4936.jpeg,1,adenocarcinoma
train,colon_aca/colonca4938.jpeg,1,adenocarcinoma
train,colon_aca/colonca494.jpeg,1,adenocarcinoma
train,colon_aca/colonca4940.jpeg,1,adenocarcinoma
train,colon_aca/colonca4941.jpeg,1,adenocarcinoma
train,colon_aca/colonca4942.jpeg,1,adenocarcinoma
train,colon_aca/colonca4944.jpeg,1,adenocarcinoma
train,colon_aca/colonca4945.jpeg,1,adenocarcinoma
train,colon_aca/colonca4946.jpeg,1,adenocarcinoma
train,colon_aca/colonca495.jpeg,1,adenocarcinoma
train,colon_aca/colonca4950.jpeg,1,adenocarcinoma
train,colon_aca/colonca4952.jpeg,1,adenocarcinoma
train,colon_aca/colonca4953.jpeg,1,adenocarcinoma
train,colon_aca/colonca4954.jpeg,1,adenocarcinoma
train,colon_aca/colonca4955.jpeg,1,adenocarcinoma
train,colon_aca/colonca4956.jpeg,1,adenocarcinoma
train,colon_aca/colonca4957.jpeg,1,adenocarcinoma
train,colon_aca/colonca4958.jpeg,1,adenocarcinoma
train,colon_aca/colonca4959.jpeg,1,adenocarcinoma
train,colon_aca/colonca496.jpeg,1,adenocarcinoma
train,colon_aca/colonca4960.jpeg,1,adenocarcinoma
train,colon_aca/colonca4961.jpeg,1,adenocarcinoma
train,colon_aca/colonca4962.jpeg,1,adenocarcinoma
train,colon_aca/colonca4964.jpeg,1,adenocarcinoma
train,colon_aca/colonca4965.jpeg,1,adenocarcinoma
train,colon_aca/colonca4967.jpeg,1,adenocarcinoma
train,colon_aca/colonca4968.jpeg,1,adenocarcinoma
train,colon_aca/colonca4969.jpeg,1,adenocarcinoma
train,colon_aca/colonca497.jpeg,1,adenocarcinoma
train,colon_aca/colonca4972.jpeg,1,adenocarcinoma
train,colon_aca/colonca4973.jpeg,1,adenocarcinoma
train,colon_aca/colonca4975.jpeg,1,adenocarcinoma
train,colon_aca/colonca4978.jpeg,1,adenocarcinoma
train,colon_aca/colonca498.jpeg,1,adenocarcinoma
train,colon_aca/colonca4980.jpeg,1,adenocarcinoma
train,colon_aca/colonca4981.jpeg,1,adenocarcinoma
train,colon_aca/colonca4982.jpeg,1,adenocarcinoma
train,colon_aca/colonca4983.jpeg,1,adenocarcinoma
train,colon_aca/colonca4986.jpeg,1,adenocarcinoma
train,colon_aca/colonca4987.jpeg,1,adenocarcinoma
train,colon_aca/colonca4989.jpeg,1,adenocarcinoma
train,colon_aca/colonca4990.jpeg,1,adenocarcinoma
train,colon_aca/colonca4991.jpeg,1,adenocarcinoma
train,colon_aca/colonca4992.jpeg,1,adenocarcinoma
train,colon_aca/colonca4994.jpeg,1,adenocarcinoma
train,colon_aca/colonca4995.jpeg,1,adenocarcinoma
train,colon_aca/colonca4997.jpeg,1,adenocarcinoma
train,colon_aca/colonca4998.jpeg,1,adenocarcinoma
train,colon_aca/colonca4999.jpeg,1,adenocarcinoma
train,colon_aca/colonca5.jpeg,1,adenocarcinoma
train,colon_aca/colonca5000.jpeg,1,adenocarcinoma
train,colon_aca/colonca501.jpeg,1,adenocarcinoma
train,colon_aca/colonca502.jpeg,1,adenocarcinoma
train,colon_aca/colonca503.jpeg,1,adenocarcinoma
train,colon_aca/colonca504.jpeg,1,adenocarcinoma
train,colon_aca/colonca505.jpeg,1,adenocarcinoma
train,colon_aca/colonca506.jpeg,1,adenocarcinoma
train,colon_aca/colonca507.jpeg,1,adenocarcinoma
train,colon_aca/colonca508.jpeg,1,adenocarcinoma
train,colon_aca/colonca510.jpeg,1,adenocarcinoma
train,colon_aca/colonca512.jpeg,1,adenocarcinoma
train,colon_aca/colonca513.jpeg,1,adenocarcinoma
train,colon_aca/colonca516.jpeg,1,adenocarcinoma
train,colon_aca/colonca517.jpeg,1,adenocarcinoma
train,colon_aca/colonca518.jpeg,1,adenocarcinoma
train,colon_aca/colonca519.jpeg,1,adenocarcinoma
train,colon_aca/colonca52.jpeg,1,adenocarcinoma
train,colon_aca/colonca520.jpeg,1,adenocarcinoma
train,colon_aca/colonca523.jpeg,1,adenocarcinoma
train,colon_aca/colonca524.jpeg,1,adenocarcinoma
train,colon_aca/colonca525.jpeg,1,adenocarcinoma
train,colon_aca/colonca527.jpeg,1,adenocarcinoma
train,colon_aca/colonca528.jpeg,1,adenocarcinoma
train,colon_aca/colonca529.jpeg,1,adenocarcinoma
train,colon_aca/colonca530.jpeg,1,adenocarcinoma
train,colon_aca/colonca531.jpeg,1,adenocarcinoma
train,colon_aca/colonca532.jpeg,1,adenocarcinoma
train,colon_aca/colonca533.jpeg,1,adenocarcinoma
train,colon_aca/colonca534.jpeg,1,adenocarcinoma
train,colon_aca/colonca536.jpeg,1,adenocarcinoma
train,colon_aca/colonca537.jpeg,1,adenocarcinoma
train,colon_aca/colonca538.jpeg,1,adenocarcinoma
train,colon_aca/colonca540.jpeg,1,adenocarcinoma
train,colon_aca/colonca541.jpeg,1,adenocarcinoma
train,colon_aca/colonca542.jpeg,1,adenocarcinoma
train,colon_aca/colonca544.jpeg,1,adenocarcinoma
train,colon_aca/colonca546.jpeg,1,adenocarcinoma
train,colon_aca/colonca547.jpeg,1,adenocarcinoma
train,colon_aca/colonca548.jpeg,1,adenocarcinoma
train,colon_aca/colonca550.jpeg,1,adenocarcinoma
train,colon_aca/colonca551.jpeg,1,adenocarcinoma
train,colon_aca/colonca552.jpeg,1,adenocarcinoma
train,colon_aca/colonca553.jpeg,1,adenocarcinoma
train,colon_aca/colonca555.jpeg,1,adenocarcinoma
train,colon_aca/colonca556.jpeg,1,adenocarcinoma
train,colon_aca/colonca559.jpeg,1,adenocarcinoma
train,colon_aca/colonca56.jpeg,1,adenocarcinoma
train,colon_aca/colonca561.jpeg,1,adenocarcinoma
train,colon_aca/colonca562.jpeg,1,adenocarcinoma
train,colon_aca/colonca565.jpeg,1,adenocarcinoma
train,colon_aca/colonca566.jpeg,1,adenocarcinoma
train,colon_aca/colonca567.jpeg,1,adenocarcinoma
train,colon_aca/colonca569.jpeg,1,adenocarcinoma
train,colon_aca/colonca57.jpeg,1,adenocarcinoma
train,colon_aca/colonca571.jpeg,1,adenocarcinoma
train,colon_aca/colonca572.jpeg,1,adenocarcinoma
train,colon_aca/colonca574.jpeg,1,adenocarcinoma
train,colon_aca/colonca576.jpeg,1,adenocarcinoma
train,colon_aca/colonca577.jpeg,1,adenocarcinoma
train,colon_aca/colonca579.jpeg,1,adenocarcinoma
train,colon_aca/colonca58.jpeg,1,adenocarcinoma
train,colon_aca/colonca580.jpeg,1,adenocarcinoma
train,colon_aca/colonca582.jpeg,1,adenocarcinoma
train,colon_aca/colonca585.jpeg,1,adenocarcinoma
train,colon_aca/colonca586.jpeg,1,adenocarcinoma
train,colon_aca/colonca588.jpeg,1,adenocarcinoma
train,colon_aca/colonca59.jpeg,1,adenocarcinoma
train,colon_aca/colonca591.jpeg,1,adenocarcinoma
train,colon_aca/colonca592.jpeg,1,adenocarcinoma
train,colon_aca/colonca593.jpeg,1,adenocarcinoma
train,colon_aca/colonca594.jpeg,1,adenocarcinoma
train,colon_aca/colonca595.jpeg,1,adenocarcinoma
train,colon_aca/colonca597.jpeg,1,adenocarcinoma
train,colon_aca/colonca598.jpeg,1,adenocarcinoma
train,colon_aca/colonca602.jpeg,1,adenocarcinoma
train,colon_aca/colonca604.jpeg,1,adenocarcinoma
train,colon_aca/colonca605.jpeg,1,adenocarcinoma
train,colon_aca/colonca606.jpeg,1,adenocarcinoma
train,colon_aca/colonca607.jpeg,1,adenocarcinoma
train,colon_aca/colonca61.jpeg,1,adenocarcinoma
train,colon_aca/colonca610.jpeg,1,adenocarcinoma
train,colon_aca/colonca611.jpeg,1,adenocarcinoma
train,colon_aca/colonca612.jpeg,1,adenocarcinoma
train,colon_aca/colonca613.jpeg,1,adenocarcinoma
train,colon_aca/colonca614.jpeg,1,adenocarcinoma
train,colon_aca/colonca615.jpeg,1,adenocarcinoma
train,colon_aca/colonca616.jpeg,1,adenocarcinoma
train,colon_aca/colonca617.jpeg,1,adenocarcinoma
train,colon_aca/colonca618.jpeg,1,adenocarcinoma
train,colon_aca/colonca62.jpeg,1,adenocarcinoma
train,colon_aca/colonca620.jpeg,1,adenocarcinoma
train,colon_aca/colonca621.jpeg,1,adenocarcinoma
train,colon_aca/colonca622.jpeg,1,adenocarcinoma
train,colon_aca/colonca623.jpeg,1,adenocarcinoma
train,colon_aca/colonca625.jpeg,1,adenocarcinoma
train,colon_aca/colonca627.jpeg,1,adenocarcinoma
train,colon_aca/colonca628.jpeg,1,adenocarcinoma
train,colon_aca/colonca629.jpeg,1,adenocarcinoma
train,colon_aca/colonca631.jpeg,1,adenocarcinoma
train,colon_aca/colonca632.jpeg,1,adenocarcinoma
train,colon_aca/colonca633.jpeg,1,adenocarcinoma
train,colon_aca/colonca634.jpeg,1,adenocarcinoma
train,colon_aca/colonca635.jpeg,1,adenocarcinoma
train,colon_aca/colonca636.jpeg,1,adenocarcinoma
train,colon_aca/colonca637.jpeg,1,adenocarcinoma
train,colon_aca/colonca638.jpeg,1,adenocarcinoma
train,colon_aca/colonca639.jpeg,1,adenocarcinoma
train,colon_aca/colonca640.jpeg,1,adenocarcinoma
train,colon_aca/colonca641.jpeg,1,adenocarcinoma
train,colon_aca/colonca642.jpeg,1,adenocarcinoma
train,colon_aca/colonca643.jpeg,1,adenocarcinoma
train,colon_aca/colonca644.jpeg,1,adenocarcinoma
train,colon_aca/colonca645.jpeg,1,adenocarcinoma
train,colon_aca/colonca647.jpeg,1,adenocarcinoma
train,colon_aca/colonca648.jpeg,1,adenocarcinoma
train,colon_aca/colonca649.jpeg,1,adenocarcinoma
train,colon_aca/colonca65.jpeg,1,adenocarcinoma
train,colon_aca/colonca650.jpeg,1,adenocarcinoma
train,colon_aca/colonca651.jpeg,1,adenocarcinoma
train,colon_aca/colonca652.jpeg,1,adenocarcinoma
train,colon_aca/colonca653.jpeg,1,adenocarcinoma
train,colon_aca/colonca654.jpeg,1,adenocarcinoma
train,colon_aca/colonca655.jpeg,1,adenocarcinoma
train,colon_aca/colonca656.jpeg,1,adenocarcinoma
train,colon_aca/colonca657.jpeg,1,adenocarcinoma
train,colon_aca/colonca659.jpeg,1,adenocarcinoma
train,colon_aca/colonca662.jpeg,1,adenocarcinoma
train,colon_aca/colonca663.jpeg,1,adenocarcinoma
train,colon_aca/colonca665.jpeg,1,adenocarcinoma
train,colon_aca/colonca666.jpeg,1,adenocarcinoma
train,colon_aca/colonca667.jpeg,1,adenocarcinoma
train,colon_aca/colonca668.jpeg,1,adenocarcinoma
train,colon_aca/colonca669.jpeg,1,adenocarcinoma
train,colon_aca/colonca67.jpeg,1,adenocarcinoma
train,colon_aca/colonca671.jpeg,1,adenocarcinoma
train,colon_aca/colonca672.jpeg,1,adenocarcinoma
train,colon_aca/colonca673.jpeg,1,adenocarcinoma
train,colon_aca/colonca674.jpeg,1,adenocarcinoma
train,colon_aca/colonca675.jpeg,1,adenocarcinoma
train,colon_aca/colonca679.jpeg,1,adenocarcinoma
train,colon_aca/colonca68.jpeg,1,adenocarcinoma
train,colon_aca/colonca680.jpeg,1,adenocarcinoma
train,colon_aca/colonca682.jpeg,1,adenocarcinoma
train,colon_aca/colonca683.jpeg,1,adenocarcinoma
train,colon_aca/colonca686.jpeg,1,adenocarcinoma
train,colon_aca/colonca687.jpeg,1,adenocarcinoma
train,colon_aca/colonca688.jpeg,1,adenocarcinoma
train,colon_aca/colonca690.jpeg,1,adenocarcinoma
train,colon_aca/colonca691.jpeg,1,adenocarcinoma
train,colon_aca/colonca694.jpeg,1,adenocarcinoma
train,colon_aca/colonca695.jpeg,1,adenocarcinoma
train,colon_aca/colonca696.jpeg,1,adenocarcinoma
train,colon_aca/colonca697.jpeg,1,adenocarcinoma
train,colon_aca/colonca700.jpeg,1,adenocarcinoma
train,colon_aca/colonca702.jpeg,1,adenocarcinoma
train,colon_aca/colonca703.jpeg,1,adenocarcinoma
train,colon_aca/colonca705.jpeg,1,adenocarcinoma
train,colon_aca/colonca707.jpeg,1,adenocarcinoma
train,colon_aca/colonca709.jpeg,1,adenocarcinoma
train,colon_aca/colonca71.jpeg,1,adenocarcinoma
train,colon_aca/colonca710.jpeg,1,adenocarcinoma
train,colon_aca/colonca711.jpeg,1,adenocarcinoma
train,colon_aca/colonca712.jpeg,1,adenocarcinoma
train,colon_aca/colonca713.jpeg,1,adenocarcinoma
train,colon_aca/colonca714.jpeg,1,adenocarcinoma
train,colon_aca/colonca715.jpeg,1,adenocarcinoma
train,colon_aca/colonca716.jpeg,1,adenocarcinoma
train,colon_aca/colonca717.jpeg,1,adenocarcinoma
train,colon_aca/colonca718.jpeg,1,adenocarcinoma
train,colon_aca/colonca719.jpeg,1,adenocarcinoma
train,colon_aca/colonca720.jpeg,1,adenocarcinoma
train,colon_aca/colonca721.jpeg,1,adenocarcinoma
train,colon_aca/colonca722.jpeg,1,adenocarcinoma
train,colon_aca/colonca724.jpeg,1,adenocarcinoma
train,colon_aca/colonca725.jpeg,1,adenocarcinoma
train,colon_aca/colonca726.jpeg,1,adenocarcinoma
train,colon_aca/colonca727.jpeg,1,adenocarcinoma
train,colon_aca/colonca728.jpeg,1,adenocarcinoma
train,colon_aca/colonca729.jpeg,1,adenocarcinoma
train,colon_aca/colonca730.jpeg,1,adenocarcinoma
train,colon_aca/colonca731.jpeg,1,adenocarcinoma
train,colon_aca/colonca733.jpeg,1,adenocarcinoma
train,colon_aca/colonca734.jpeg,1,adenocarcinoma
train,colon_aca/colonca735.jpeg,1,adenocarcinoma
train,colon_aca/colonca736.jpeg,1,adenocarcinoma
train,colon_aca/colonca739.jpeg,1,adenocarcinoma
train,colon_aca/colonca74.jpeg,1,adenocarcinoma
train,colon_aca/colonca740.jpeg,1,adenocarcinoma
train,colon_aca/colonca741.jpeg,1,adenocarcinoma
train,colon_aca/colonca742.jpeg,1,adenocarcinoma
train,colon_aca/colonca743.jpeg,1,adenocarcinoma
train,colon_aca/colonca744.jpeg,1,adenocarcinoma
train,colon_aca/colonca745.jpeg,1,adenocarcinoma
train,colon_aca/colonca746.jpeg,1,adenocarcinoma
train,colon_aca/colonca748.jpeg,1,adenocarcinoma
train,colon_aca/colonca75.jpeg,1,adenocarcinoma
train,colon_aca/colonca750.jpeg,1,adenocarcinoma
train,colon_aca/colonca752.jpeg,1,adenocarcinoma
train,colon_aca/colonca755.jpeg,1,adenocarcinoma
train,colon_aca/colonca756.jpeg,1,adenocarcinoma
train,colon_aca/colonca757.jpeg,1,adenocarcinoma
train,colon_aca/colonca759.jpeg,1,adenocarcinoma
train,colon_aca/colonca76.jpeg,1,adenocarcinoma
train,colon_aca/colonca760.jpeg,1,adenocarcinoma
train,colon_aca/colonca761.jpeg,1,adenocarcinoma
train,colon_aca/colonca762.jpeg,1,adenocarcinoma
train,colon_aca/colonca764.jpeg,1,adenocarcinoma
train,colon_aca/colonca765.jpeg,1,adenocarcinoma
train,colon_aca/colonca767.jpeg,1,adenocarcinoma
train,colon_aca/colonca77.jpeg,1,adenocarcinoma
train,colon_aca/colonca770.jpeg,1,adenocarcinoma
train,colon_aca/colonca771.jpeg,1,adenocarcinoma
train,colon_aca/colonca772.jpeg,1,adenocarcinoma
train,colon_aca/colonca773.jpeg,1,adenocarcinoma
train,colon_aca/colonca775.jpeg,1,adenocarcinoma
train,colon_aca/colonca776.jpeg,1,adenocarcinoma
train,colon_aca/colonca779.jpeg,1,adenocarcinoma
train,colon_aca/colonca782.jpeg,1,adenocarcinoma
train,colon_aca/colonca784.jpeg,1,adenocarcinoma
train,colon_aca/colonca785.jpeg,1,adenocarcinoma
train,colon_aca/colonca789.jpeg,1,adenocarcinoma
train,colon_aca/colonca79.jpeg,1,adenocarcinoma
train,colon_aca/colonca790.jpeg,1,adenocarcinoma
train,colon_aca/colonca795.jpeg,1,adenocarcinoma
train,colon_aca/colonca796.jpeg,1,adenocarcinoma
train,colon_aca/colonca797.jpeg,1,adenocarcinoma
train,colon_aca/colonca798.jpeg,1,adenocarcinoma
train,colon_aca/colonca8.jpeg,1,adenocarcinoma
train,colon_aca/colonca800.jpeg,1,adenocarcinoma
train,colon_aca/colonca802.jpeg,1,adenocarcinoma
train,colon_aca/colonca803.jpeg,1,adenocarcinoma
train,colon_aca/colonca804.jpeg,1,adenocarcinoma
train,colon_aca/colonca806.jpeg,1,adenocarcinoma
train,colon_aca/colonca808.jpeg,1,adenocarcinoma
train,colon_aca/colonca809.jpeg,1,adenocarcinoma
train,colon_aca/colonca810.jpeg,1,adenocarcinoma
train,colon_aca/colonca811.jpeg,1,adenocarcinoma
train,colon_aca/colonca812.jpeg,1,adenocarcinoma
train,colon_aca/colonca814.jpeg,1,adenocarcinoma
train,colon_aca/colonca815.jpeg,1,adenocarcinoma
train,colon_aca/colonca816.jpeg,1,adenocarcinoma
train,colon_aca/colonca817.jpeg,1,adenocarcinoma
train,colon_aca/colonca818.jpeg,1,adenocarcinoma
train,colon_aca/colonca819.jpeg,1,adenocarcinoma
train,colon_aca/colonca822.jpeg,1,adenocarcinoma
train,colon_aca/colonca823.jpeg,1,adenocarcinoma
train,colon_aca/colonca825.jpeg,1,adenocarcinoma
train,colon_aca/colonca827.jpeg,1,adenocarcinoma
train,colon_aca/colonca828.jpeg,1,adenocarcinoma
train,colon_aca/colonca83.jpeg,1,adenocarcinoma
train,colon_aca/colonca831.jpeg,1,adenocarcinoma
train,colon_aca/colonca832.jpeg,1,adenocarcinoma
train,colon_aca/colonca833.jpeg,1,adenocarcinoma
train,colon_aca/colonca834.jpeg,1,adenocarcinoma
train,colon_aca/colonca835.jpeg,1,adenocarcinoma
train,colon_aca/colonca836.jpeg,1,adenocarcinoma
train,colon_aca/colonca837.jpeg,1,adenocarcinoma
train,colon_aca/colonca838.jpeg,1,adenocarcinoma
train,colon_aca/colonca839.jpeg,1,adenocarcinoma
train,colon_aca/colonca84.jpeg,1,adenocarcinoma
train,colon_aca/colonca840.jpeg,1,adenocarcinoma
train,colon_aca/colonca842.jpeg,1,adenocarcinoma
train,colon_aca/colonca843.jpeg,1,adenocarcinoma
train,colon_aca/colonca845.jpeg,1,adenocarcinoma
train,colon_aca/colonca846.jpeg,1,adenocarcinoma
train,colon_aca/colonca847.jpeg,1,adenocarcinoma
train,colon_aca/colonca849.jpeg,1,adenocarcinoma
train,colon_aca/colonca852.jpeg,1,adenocarcinoma
train,colon_aca/colonca853.jpeg,1,adenocarcinoma
train,colon_aca/colonca854.jpeg,1,adenocarcinoma
train,colon_aca/colonca855.jpeg,1,adenocarcinoma
train,colon_aca/colonca857.jpeg,1,adenocarcinoma
train,colon_aca/colonca858.jpeg,1,adenocarcinoma
train,colon_aca/colonca859.jpeg,1,adenocarcinoma
train,colon_aca/colonca86.jpeg,1,adenocarcinoma
train,colon_aca/colonca862.jpeg,1,adenocarcinoma
train,colon_aca/colonca863.jpeg,1,adenocarcinoma
train,colon_aca/colonca865.jpeg,1,adenocarcinoma
train,colon_aca/colonca867.jpeg,1,adenocarcinoma
train,colon_aca/colonca869.jpeg,1,adenocarcinoma
train,colon_aca/colonca87.jpeg,1,adenocarcinoma
train,colon_aca/colonca870.jpeg,1,adenocarcinoma
train,colon_aca/colonca872.jpeg,1,adenocarcinoma
train,colon_aca/colonca873.jpeg,1,adenocarcinoma
train,colon_aca/colonca874.jpeg,1,adenocarcinoma
train,colon_aca/colonca875.jpeg,1,adenocarcinoma
train,colon_aca/colonca876.jpeg,1,adenocarcinoma
train,colon_aca/colonca878.jpeg,1,adenocarcinoma
train,colon_aca/colonca88.jpeg,1,adenocarcinoma
train,colon_aca/colonca880.jpeg,1,adenocarcinoma
train,colon_aca/colonca882.jpeg,1,adenocarcinoma
train,colon_aca/colonca883.jpeg,1,adenocarcinoma
train,colon_aca/colonca885.jpeg,1,adenocarcinoma
train,colon_aca/colonca886.jpeg,1,adenocarcinoma
train,colon_aca/colonca887.jpeg,1,adenocarcinoma
train,colon_aca/colonca888.jpeg,1,adenocarcinoma
train,colon_aca/colonca89.jpeg,1,adenocarcinoma
train,colon_aca/colonca890.jpeg,1,adenocarcinoma
train,colon_aca/colonca891.jpeg,1,adenocarcinoma
train,colon_aca/colonca892.jpeg,1,adenocarcinoma
train,colon_aca/colonca893.jpeg,1,adenocarcinoma
train,colon_aca/colonca894.jpeg,1,adenocarcinoma
train,colon_aca/colonca896.jpeg,1,adenocarcinoma
train,colon_aca/colonca897.jpeg,1,adenocarcinoma
train,colon_aca/colonca9.jpeg,1,adenocarcinoma
train,colon_aca/colonca90.jpeg,1,adenocarcinoma
train,colon_aca/colonca901.jpeg,1,adenocarcinoma
train,colon_aca/colonca902.jpeg,1,adenocarcinoma
train,colon_aca/colonca903.jpeg,1,adenocarcinoma
train,colon_aca/colonca904.jpeg,1,adenocarcinoma
train,colon_aca/colonca905.jpeg,1,adenocarcinoma
train,colon_aca/colonca907.jpeg,1,adenocarcinoma
train,colon_aca/colonca908.jpeg,1,adenocarcinoma
train,colon_aca/colonca909.jpeg,1,adenocarcinoma
train,colon_aca/colonca91.jpeg,1,adenocarcinoma
train,colon_aca/colonca910.jpeg,1,adenocarcinoma
train,colon_aca/colonca915.jpeg,1,adenocarcinoma
train,colon_aca/colonca916.jpeg,1,adenocarcinoma
train,colon_aca/colonca917.jpeg,1,adenocarcinoma
train,colon_aca/colonca918.jpeg,1,adenocarcinoma
train,colon_aca/colonca919.jpeg,1,adenocarcinoma
train,colon_aca/colonca92.jpeg,1,adenocarcinoma
train,colon_aca/colonca920.jpeg,1,adenocarcinoma
train,colon_aca/colonca922.jpeg,1,adenocarcinoma
train,colon_aca/colonca927.jpeg,1,adenocarcinoma
train,colon_aca/colonca928.jpeg,1,adenocarcinoma
train,colon_aca/colonca929.jpeg,1,adenocarcinoma
train,colon_aca/colonca930.jpeg,1,adenocarcinoma
train,colon_aca/colonca931.jpeg,1,adenocarcinoma
train,colon_aca/colonca932.jpeg,1,adenocarcinoma
train,colon_aca/colonca933.jpeg,1,adenocarcinoma
train,colon_aca/colonca934.jpeg,1,adenocarcinoma
train,colon_aca/colonca935.jpeg,1,adenocarcinoma
train,colon_aca/colonca936.jpeg,1,adenocarcinoma
train,colon_aca/colonca937.jpeg,1,adenocarcinoma
train,colon_aca/colonca938.jpeg,1,adenocarcinoma
train,colon_aca/colonca939.jpeg,1,adenocarcinoma
train,colon_aca/colonca94.jpeg,1,adenocarcinoma
train,colon_aca/colonca942.jpeg,1,adenocarcinoma
train,colon_aca/colonca943.jpeg,1,adenocarcinoma
train,colon_aca/colonca944.jpeg,1,adenocarcinoma
train,colon_aca/colonca945.jpeg,1,adenocarcinoma
train,colon_aca/colonca946.jpeg,1,adenocarcinoma
train,colon_aca/colonca947.jpeg,1,adenocarcinoma
train,colon_aca/colonca948.jpeg,1,adenocarcinoma
train,colon_aca/colonca949.jpeg,1,adenocarcinoma
train,colon_aca/colonca95.jpeg,1,adenocarcinoma
train,colon_aca/colonca953.jpeg,1,adenocarcinoma
train,colon_aca/colonca954.jpeg,1,adenocarcinoma
train,colon_aca/colonca955.jpeg,1,adenocarcinoma
train,colon_aca/colonca956.jpeg,1,adenocarcinoma
train,colon_aca/colonca957.jpeg,1,adenocarcinoma
train,colon_aca/colonca959.jpeg,1,adenocarcinoma
train,colon_aca/colonca96.jpeg,1,adenocarcinoma
train,colon_aca/colonca961.jpeg,1,adenocarcinoma
train,colon_aca/colonca962.jpeg,1,adenocarcinoma
train,colon_aca/colonca963.jpeg,1,adenocarcinoma
train,colon_aca/colonca965.jpeg,1,adenocarcinoma
train,colon_aca/colonca966.jpeg,1,adenocarcinoma
train,colon_aca/colonca97.jpeg,1,adenocarcinoma
train,colon_aca/colonca970.jpeg,1,adenocarcinoma
train,colon_aca/colonca971.jpeg,1,adenocarcinoma
train,colon_aca/colonca972.jpeg,1,adenocarcinoma
train,colon_aca/colonca973.jpeg,1,adenocarcinoma
train,colon_aca/colonca974.jpeg,1,adenocarcinoma
train,colon_aca/colonca976.jpeg,1,adenocarcinoma
train,colon_aca/colonca977.jpeg,1,adenocarcinoma
train,colon_aca/colonca978.jpeg,1,adenocarcinoma
train,colon_aca/colonca979.jpeg,1,adenocarcinoma
train,colon_aca/colonca98.jpeg,1,adenocarcinoma
train,colon_aca/colonca980.jpeg,1,adenocarcinoma
train,colon_aca/colonca981.jpeg,1,adenocarcinoma
train,colon_aca/colonca985.jpeg,1,adenocarcinoma
train,colon_aca/colonca986.jpeg,1,adenocarcinoma
train,colon_aca/colonca988.jpeg,1,adenocarcinoma
train,colon_aca/colonca989.jpeg,1,adenocarcinoma
train,colon_aca/colonca99.jpeg,1,adenocarcinoma
train,colon_aca/colonca991.jpeg,1,adenocarcinoma
train,colon_aca/colonca992.jpeg,1,adenocarcinoma
train,colon_aca/colonca993.jpeg,1,adenocarcinoma
train,colon_aca/colonca995.jpeg,1,adenocarcinoma
train,colon_aca/colonca996.jpeg,1,adenocarcinoma
train,colon_aca/colonca997.jpeg,1,adenocarcinoma
train,colon_aca/colonca998.jpeg,1,adenocarcinoma
validation,colon_n/colonn100.jpeg,0,benign
validation,colon_n/colonn1000.jpeg,0,benign
validation,colon_n/colonn1011.jpeg,0,benign
validation,colon_n/colonn1012.jpeg,0,benign
validation,colon_n/colonn102.jpeg,0,benign
validation,colon_n/colonn1023.jpeg,0,benign
validation,colon_n/colonn1029.jpeg,0,benign
validation,colon_n/colonn1030.jpeg,0,benign
validation,colon_n/colonn1031.jpeg,0,benign
validation,colon_n/colonn1034.jpeg,0,benign
validation,colon_n/colonn104.jpeg,0,benign
validation,colon_n/colonn1046.jpeg,0,benign
validation,colon_n/colonn1047.jpeg,0,benign
validation,colon_n/colonn1048.jpeg,0,benign
validation,colon_n/colonn1054.jpeg,0,benign
validation,colon_n/colonn1056.jpeg,0,benign
validation,colon_n/colonn1058.jpeg,0,benign
validation,colon_n/colonn1071.jpeg,0,benign
validation,colon_n/colonn1086.jpeg,0,benign
validation,colon_n/colonn109.jpeg,0,benign
validation,colon_n/colonn1095.jpeg,0,benign
validation,colon_n/colonn1100.jpeg,0,benign
validation,colon_n/colonn1102.jpeg,0,benign
validation,colon_n/colonn1105.jpeg,0,benign
validation,colon_n/colonn1110.jpeg,0,benign
validation,colon_n/colonn1114.jpeg,0,benign
validation,colon_n/colonn1120.jpeg,0,benign
validation,colon_n/colonn1121.jpeg,0,benign
validation,colon_n/colonn1127.jpeg,0,benign
validation,colon_n/colonn1137.jpeg,0,benign
validation,colon_n/colonn1141.jpeg,0,benign
validation,colon_n/colonn1142.jpeg,0,benign
validation,colon_n/colonn1143.jpeg,0,benign
validation,colon_n/colonn1161.jpeg,0,benign
validation,colon_n/colonn1166.jpeg,0,benign
validation,colon_n/colonn117.jpeg,0,benign
validation,colon_n/colonn1179.jpeg,0,benign
validation,colon_n/colonn12.jpeg,0,benign
validation,colon_n/colonn120.jpeg,0,benign
validation,colon_n/colonn1200.jpeg,0,benign
validation,colon_n/colonn1215.jpeg,0,benign
validation,colon_n/colonn1216.jpeg,0,benign
validation,colon_n/colonn1218.jpeg,0,benign
validation,colon_n/colonn1234.jpeg,0,benign
validation,colon_n/colonn1270.jpeg,0,benign
validation,colon_n/colonn1278.jpeg,0,benign
validation,colon_n/colonn1284.jpeg,0,benign
validation,colon_n/colonn1287.jpeg,0,benign
validation,colon_n/colonn1295.jpeg,0,benign
validation,colon_n/colonn13.jpeg,0,benign
validation,colon_n/colonn130.jpeg,0,benign
validation,colon_n/colonn1301.jpeg,0,benign
validation,colon_n/colonn1302.jpeg,0,benign
validation,colon_n/colonn1303.jpeg,0,benign
validation,colon_n/colonn1305.jpeg,0,benign
validation,colon_n/colonn1325.jpeg,0,benign
validation,colon_n/colonn1326.jpeg,0,benign
validation,colon_n/colonn1336.jpeg,0,benign
validation,colon_n/colonn1345.jpeg,0,benign
validation,colon_n/colonn135.jpeg,0,benign
validation,colon_n/colonn1350.jpeg,0,benign
validation,colon_n/colonn1354.jpeg,0,benign
validation,colon_n/colonn1357.jpeg,0,benign
validation,colon_n/colonn1359.jpeg,0,benign
validation,colon_n/colonn136.jpeg,0,benign
validation,colon_n/colonn1363.jpeg,0,benign
validation,colon_n/colonn137.jpeg,0,benign
validation,colon_n/colonn1374.jpeg,0,benign
validation,colon_n/colonn1376.jpeg,0,benign
validation,colon_n/colonn1387.jpeg,0,benign
validation,colon_n/colonn1404.jpeg,0,benign
validation,colon_n/colonn1408.jpeg,0,benign
validation,colon_n/colonn1418.jpeg,0,benign
validation,colon_n/colonn1419.jpeg,0,benign
validation,colon_n/colonn1421.jpeg,0,benign
validation,colon_n/colonn1425.jpeg,0,benign
validation,colon_n/colonn1428.jpeg,0,benign
validation,colon_n/colonn147.jpeg,0,benign
validation,colon_n/colonn1470.jpeg,0,benign
validation,colon_n/colonn1471.jpeg,0,benign
validation,colon_n/colonn1482.jpeg,0,benign
validation,colon_n/colonn149.jpeg,0,benign
validation,colon_n/colonn1505.jpeg,0,benign
validation,colon_n/colonn152.jpeg,0,benign
validation,colon_n/colonn1531.jpeg,0,benign
validation,colon_n/colonn1539.jpeg,0,benign
validation,colon_n/colonn1551.jpeg,0,benign
validation,colon_n/colonn1553.jpeg,0,benign
validation,colon_n/colonn156.jpeg,0,benign
validation,colon_n/colonn1564.jpeg,0,benign
validation,colon_n/colonn158.jpeg,0,benign
validation,colon_n/colonn1599.jpeg,0,benign
validation,colon_n/colonn1604.jpeg,0,benign
validation,colon_n/colonn1606.jpeg,0,benign
validation,colon_n/colonn1618.jpeg,0,benign
validation,colon_n/colonn1628.jpeg,0,benign
validation,colon_n/colonn163.jpeg,0,benign
validation,colon_n/colonn1632.jpeg,0,benign
validation,colon_n/colonn1637.jpeg,0,benign
validation,colon_n/colonn1638.jpeg,0,benign
validation,colon_n/colonn1644.jpeg,0,benign
validation,colon_n/colonn1649.jpeg,0,benign
validation,colon_n/colonn165.jpeg,0,benign
validation,colon_n/colonn1652.jpeg,0,benign
validation,colon_n/colonn1658.jpeg,0,benign
validation,colon_n/colonn1663.jpeg,0,benign
validation,colon_n/colonn1683.jpeg,0,benign
validation,colon_n/colonn1693.jpeg,0,benign
validation,colon_n/colonn1700.jpeg,0,benign
validation,colon_n/colonn1704.jpeg,0,benign
validation,colon_n/colonn1712.jpeg,0,benign
validation,colon_n/colonn1722.jpeg,0,benign
validation,colon_n/colonn1724.jpeg,0,benign
validation,colon_n/colonn1740.jpeg,0,benign
validation,colon_n/colonn1742.jpeg,0,benign
validation,colon_n/colonn1743.jpeg,0,benign
validation,colon_n/colonn1760.jpeg,0,benign
validation,colon_n/colonn1762.jpeg,0,benign
validation,colon_n/colonn1788.jpeg,0,benign
validation,colon_n/colonn179.jpeg,0,benign
validation,colon_n/colonn1795.jpeg,0,benign
validation,colon_n/colonn1808.jpeg,0,benign
validation,colon_n/colonn181.jpeg,0,benign
validation,colon_n/colonn1825.jpeg,0,benign
validation,colon_n/colonn1826.jpeg,0,benign
validation,colon_n/colonn1827.jpeg,0,benign
validation,colon_n/colonn1829.jpeg,0,benign
validation,colon_n/colonn1830.jpeg,0,benign
validation,colon_n/colonn1839.jpeg,0,benign
validation,colon_n/colonn184.jpeg,0,benign
validation,colon_n/colonn1841.jpeg,0,benign
validation,colon_n/colonn1848.jpeg,0,benign
validation,colon_n/colonn1850.jpeg,0,benign
validation,colon_n/colonn1854.jpeg,0,benign
validation,colon_n/colonn1858.jpeg,0,benign
validation,colon_n/colonn1860.jpeg,0,benign
validation,colon_n/colonn1862.jpeg,0,benign
validation,colon_n/colonn1869.jpeg,0,benign
validation,colon_n/colonn1873.jpeg,0,benign
validation,colon_n/colonn1874.jpeg,0,benign
validation,colon_n/colonn1877.jpeg,0,benign
validation,colon_n/colonn1881.jpeg,0,benign
validation,colon_n/colonn1884.jpeg,0,benign
validation,colon_n/colonn1885.jpeg,0,benign
validation,colon_n/colonn1888.jpeg,0,benign
validation,colon_n/colonn189.jpeg,0,benign
validation,colon_n/colonn1891.jpeg,0,benign
validation,colon_n/colonn1892.jpeg,0,benign
validation,colon_n/colonn1938.jpeg,0,benign
validation,colon_n/colonn194.jpeg,0,benign
validation,colon_n/colonn1952.jpeg,0,benign
validation,colon_n/colonn1956.jpeg,0,benign
validation,colon_n/colonn1958.jpeg,0,benign
validation,colon_n/colonn1968.jpeg,0,benign
validation,colon_n/colonn1972.jpeg,0,benign
validation,colon_n/colonn1976.jpeg,0,benign
validation,colon_n/colonn20.jpeg,0,benign
validation,colon_n/colonn2007.jpeg,0,benign
validation,colon_n/colonn2020.jpeg,0,benign
validation,colon_n/colonn2023.jpeg,0,benign
validation,colon_n/colonn2029.jpeg,0,benign
validation,colon_n/colonn2033.jpeg,0,benign
validation,colon_n/colonn2042.jpeg,0,benign
validation,colon_n/colonn2048.jpeg,0,benign
validation,colon_n/colonn2050.jpeg,0,benign
validation,colon_n/colonn2064.jpeg,0,benign
validation,colon_n/colonn2070.jpeg,0,benign
validation,colon_n/colonn2078.jpeg,0,benign
validation,colon_n/colonn2091.jpeg,0,benign
validation,colon_n/colonn2094.jpeg,0,benign
validation,colon_n/colonn2095.jpeg,0,benign
validation,colon_n/colonn2121.jpeg,0,benign
validation,colon_n/colonn2123.jpeg,0,benign
validation,colon_n/colonn2125.jpeg,0,benign
validation,colon_n/colonn2127.jpeg,0,benign
validation,colon_n/colonn2145.jpeg,0,benign
validation,colon_n/colonn2146.jpeg,0,benign
validation,colon_n/colonn2147.jpeg,0,benign
validation,colon_n/colonn215.jpeg,0,benign
validation,colon_n/colonn2152.jpeg,0,benign
validation,colon_n/colonn2157.jpeg,0,benign
validation,colon_n/colonn2165.jpeg,0,benign
validation,colon_n/colonn2169.jpeg,0,benign
validation,colon_n/colonn2172.jpeg,0,benign
validation,colon_n/colonn2174.jpeg,0,benign
validation,colon_n/colonn2176.jpeg,0,benign
validation,colon_n/colonn2179.jpeg,0,benign
validation,colon_n/colonn2185.jpeg,0,benign
validation,colon_n/colonn2195.jpeg,0,benign
validation,colon_n/colonn2199.jpeg,0,benign
validation,colon_n/colonn2205.jpeg,0,benign
validation,colon_n/colonn2218.jpeg,0,benign
validation,colon_n/colonn2220.jpeg,0,benign
validation,colon_n/colonn2225.jpeg,0,benign
validation,colon_n/colonn2233.jpeg,0,benign
validation,colon_n/colonn224.jpeg,0,benign
validation,colon_n/colonn2243.jpeg,0,benign
validation,colon_n/colonn2248.jpeg,0,benign
validation,colon_n/colonn2253.jpeg,0,benign
validation,colon_n/colonn2255.jpeg,0,benign
validation,colon_n/colonn2275.jpeg,0,benign
validation,colon_n/colonn2312.jpeg,0,benign
validation,colon_n/colonn2315.jpeg,0,benign
validation,colon_n/colonn2331.jpeg,0,benign
validation,colon_n/colonn2334.jpeg,0,benign
validation,colon_n/colonn2336.jpeg,0,benign
validation,colon_n/colonn2341.jpeg,0,benign
validation,colon_n/colonn2344.jpeg,0,benign
validation,colon_n/colonn2368.jpeg,0,benign
validation,colon_n/colonn2370.jpeg,0,benign
validation,colon_n/colonn2373.jpeg,0,benign
validation,colon_n/colonn2374.jpeg,0,benign
validation,colon_n/colonn2377.jpeg,0,benign
validation,colon_n/colonn2385.jpeg,0,benign
validation,colon_n/colonn2387.jpeg,0,benign
validation,colon_n/colonn2402.jpeg,0,benign
validation,colon_n/colonn241.jpeg,0,benign
validation,colon_n/colonn2411.jpeg,0,benign
validation,colon_n/colonn2414.jpeg,0,benign
validation,colon_n/colonn2425.jpeg,0,benign
validation,colon_n/colonn2433.jpeg,0,benign
validation,colon_n/colonn2435.jpeg,0,benign
validation,colon_n/colonn2436.jpeg,0,benign
validation,colon_n/colonn2438.jpeg,0,benign
validation,colon_n/colonn2442.jpeg,0,benign
validation,colon_n/colonn2456.jpeg,0,benign
validation,colon_n/colonn2459.jpeg,0,benign
validation,colon_n/colonn2461.jpeg,0,benign
validation,colon_n/colonn2467.jpeg,0,benign
validation,colon_n/colonn2469.jpeg,0,benign
validation,colon_n/colonn2470.jpeg,0,benign
validation,colon_n/colonn2471.jpeg,0,benign
validation,colon_n/colonn2474.jpeg,0,benign
validation,colon_n/colonn2475.jpeg,0,benign
validation,colon_n/colonn248.jpeg,0,benign
validation,colon_n/colonn2480.jpeg,0,benign
validation,colon_n/colonn2497.jpeg,0,benign
validation,colon_n/colonn250.jpeg,0,benign
validation,colon_n/colonn251.jpeg,0,benign
validation,colon_n/colonn2512.jpeg,0,benign
validation,colon_n/colonn2515.jpeg,0,benign
validation,colon_n/colonn2516.jpeg,0,benign
validation,colon_n/colonn2517.jpeg,0,benign
validation,colon_n/colonn2522.jpeg,0,benign
validation,colon_n/colonn2525.jpeg,0,benign
validation,colon_n/colonn2529.jpeg,0,benign
validation,colon_n/colonn2536.jpeg,0,benign
validation,colon_n/colonn2542.jpeg,0,benign
validation,colon_n/colonn2559.jpeg,0,benign
validation,colon_n/colonn256.jpeg,0,benign
validation,colon_n/colonn2577.jpeg,0,benign
validation,colon_n/colonn2582.jpeg,0,benign
validation,colon_n/colonn2585.jpeg,0,benign
validation,colon_n/colonn2593.jpeg,0,benign
validation,colon_n/colonn2594.jpeg,0,benign
validation,colon_n/colonn2598.jpeg,0,benign
validation,colon_n/colonn261.jpeg,0,benign
validation,colon_n/colonn2611.jpeg,0,benign
validation,colon_n/colonn2613.jpeg,0,benign
validation,colon_n/colonn2633.jpeg,0,benign
validation,colon_n/colonn2636.jpeg,0,benign
validation,colon_n/colonn264.jpeg,0,benign
validation,colon_n/colonn2640.jpeg,0,benign
validation,colon_n/colonn2644.jpeg,0,benign
validation,colon_n/colonn2653.jpeg,0,benign
validation,colon_n/colonn2656.jpeg,0,benign
validation,colon_n/colonn2658.jpeg,0,benign
validation,colon_n/colonn2662.jpeg,0,benign
validation,colon_n/colonn2671.jpeg,0,benign
validation,colon_n/colonn2678.jpeg,0,benign
validation,colon_n/colonn2690.jpeg,0,benign
validation,colon_n/colonn270.jpeg,0,benign
validation,colon_n/colonn271.jpeg,0,benign
validation,colon_n/colonn2716.jpeg,0,benign
validation,colon_n/colonn2720.jpeg,0,benign
validation,colon_n/colonn2736.jpeg,0,benign
validation,colon_n/colonn2737.jpeg,0,benign
validation,colon_n/colonn2759.jpeg,0,benign
validation,colon_n/colonn2761.jpeg,0,benign
validation,colon_n/colonn2770.jpeg,0,benign
validation,colon_n/colonn2771.jpeg,0,benign
validation,colon_n/colonn2772.jpeg,0,benign
validation,colon_n/colonn2778.jpeg,0,benign
validation,colon_n/colonn2785.jpeg,0,benign
validation,colon_n/colonn2787.jpeg,0,benign
validation,colon_n/colonn2798.jpeg,0,benign
validation,colon_n/colonn280.jpeg,0,benign
validation,colon_n/colonn2804.jpeg,0,benign
validation,colon_n/colonn2822.jpeg,0,benign
validation,colon_n/colonn2823.jpeg,0,benign
validation,colon_n/colonn2826.jpeg,0,benign
validation,colon_n/colonn2829.jpeg,0,benign
validation,colon_n/colonn2830.jpeg,0,benign
validation,colon_n/colonn2834.jpeg,0,benign
validation,colon_n/colonn2844.jpeg,0,benign
validation,colon_n/colonn2848.jpeg,0,benign
validation,colon_n/colonn2849.jpeg,0,benign
validation,colon_n/colonn2854.jpeg,0,benign
validation,colon_n/colonn2858.jpeg,0,benign
validation,colon_n/colonn2867.jpeg,0,benign
validation,colon_n/colonn2870.jpeg,0,benign
validation,colon_n/colonn2894.jpeg,0,benign
validation,colon_n/colonn2897.jpeg,0,benign
validation,colon_n/colonn2903.jpeg,0,benign
validation,colon_n/colonn2907.jpeg,0,benign
validation,colon_n/colonn2914.jpeg,0,benign
validation,colon_n/colonn2921.jpeg,0,benign
validation,colon_n/colonn2928.jpeg,0,benign
validation,colon_n/colonn2935.jpeg,0,benign
validation,colon_n/colonn2943.jpeg,0,benign
validation,colon_n/colonn2944.jpeg,0,benign
validation,colon_n/colonn2945.jpeg,0,benign
validation,colon_n/colonn2957.jpeg,0,benign
validation,colon_n/colonn2970.jpeg,0,benign
validation,colon_n/colonn2973.jpeg,0,benign
validation,colon_n/colonn2982.jpeg,0,benign
validation,colon_n/colonn2984.jpeg,0,benign
validation,colon_n/colonn2988.jpeg,0,benign
validation,colon_n/colonn3021.jpeg,0,benign
validation,colon_n/colonn3028.jpeg,0,benign
validation,colon_n/colonn3033.jpeg,0,benign
validation,colon_n/colonn3049.jpeg,0,benign
validation,colon_n/colonn3056.jpeg,0,benign
validation,colon_n/colonn3060.jpeg,0,benign
validation,colon_n/colonn3069.jpeg,0,benign
validation,colon_n/colonn3076.jpeg,0,benign
validation,colon_n/colonn3090.jpeg,0,benign
validation,colon_n/colonn3093.jpeg,0,benign
validation,colon_n/colonn3098.jpeg,0,benign
validation,colon_n/colonn3107.jpeg,0,benign
validation,colon_n/colonn3112.jpeg,0,benign
validation,colon_n/colonn3125.jpeg,0,benign
validation,colon_n/colonn3132.jpeg,0,benign
validation,colon_n/colonn3137.jpeg,0,benign
validation,colon_n/colonn3145.jpeg,0,benign
validation,colon_n/colonn3150.jpeg,0,benign
validation,colon_n/colonn3152.jpeg,0,benign
validation,colon_n/colonn3155.jpeg,0,benign
validation,colon_n/colonn3176.jpeg,0,benign
validation,colon_n/colonn3178.jpeg,0,benign
validation,colon_n/colonn3183.jpeg,0,benign
validation,colon_n/colonn3189.jpeg,0,benign
validation,colon_n/colonn3190.jpeg,0,benign
validation,colon_n/colonn3198.jpeg,0,benign
validation,colon_n/colonn3199.jpeg,0,benign
validation,colon_n/colonn3202.jpeg,0,benign
validation,colon_n/colonn3207.jpeg,0,benign
validation,colon_n/colonn3232.jpeg,0,benign
validation,colon_n/colonn3252.jpeg,0,benign
validation,colon_n/colonn3260.jpeg,0,benign
validation,colon_n/colonn3263.jpeg,0,benign
validation,colon_n/colonn327.jpeg,0,benign
validation,colon_n/colonn3270.jpeg,0,benign
validation,colon_n/colonn3284.jpeg,0,benign
validation,colon_n/colonn3290.jpeg,0,benign
validation,colon_n/colonn3293.jpeg,0,benign
validation,colon_n/colonn3297.jpeg,0,benign
validation,colon_n/colonn330.jpeg,0,benign
validation,colon_n/colonn3300.jpeg,0,benign
validation,colon_n/colonn3305.jpeg,0,benign
validation,colon_n/colonn3312.jpeg,0,benign
validation,colon_n/colonn3314.jpeg,0,benign
validation,colon_n/colonn333.jpeg,0,benign
validation,colon_n/colonn3334.jpeg,0,benign
validation,colon_n/colonn3338.jpeg,0,benign
validation,colon_n/colonn3346.jpeg,0,benign
validation,colon_n/colonn3349.jpeg,0,benign
validation,colon_n/colonn3350.jpeg,0,benign
validation,colon_n/colonn3353.jpeg,0,benign
validation,colon_n/colonn3360.jpeg,0,benign
validation,colon_n/colonn3368.jpeg,0,benign
validation,colon_n/colonn3370.jpeg,0,benign
validation,colon_n/colonn3372.jpeg,0,benign
validation,colon_n/colonn338.jpeg,0,benign
validation,colon_n/colonn3393.jpeg,0,benign
validation,colon_n/colonn34.jpeg,0,benign
validation,colon_n/colonn3406.jpeg,0,benign
validation,colon_n/colonn3411.jpeg,0,benign
validation,colon_n/colonn342.jpeg,0,benign
validation,colon_n/colonn3422.jpeg,0,benign
validation,colon_n/colonn3424.jpeg,0,benign
validation,colon_n/colonn343.jpeg,0,benign
validation,colon_n/colonn3431.jpeg,0,benign
validation,colon_n/colonn3437.jpeg,0,benign
validation,colon_n/colonn3439.jpeg,0,benign
validation,colon_n/colonn344.jpeg,0,benign
validation,colon_n/colonn345.jpeg,0,benign
validation,colon_n/colonn3450.jpeg,0,benign
validation,colon_n/colonn3456.jpeg,0,benign
validation,colon_n/colonn3457.jpeg,0,benign
validation,colon_n/colonn3461.jpeg,0,benign
validation,colon_n/colonn3462.jpeg,0,benign
validation,colon_n/colonn3469.jpeg,0,benign
validation,colon_n/colonn348.jpeg,0,benign
validation,colon_n/colonn3485.jpeg,0,benign
validation,colon_n/colonn3490.jpeg,0,benign
validation,colon_n/colonn3491.jpeg,0,benign
validation,colon_n/colonn3495.jpeg,0,benign
validation,colon_n/colonn3496.jpeg,0,benign
validation,colon_n/colonn3502.jpeg,0,benign
validation,colon_n/colonn3505.jpeg,0,benign
validation,colon_n/colonn351.jpeg,0,benign
validation,colon_n/colonn3516.jpeg,0,benign
validation,colon_n/colonn3526.jpeg,0,benign
validation,colon_n/colonn3540.jpeg,0,benign
validation,colon_n/colonn3547.jpeg,0,benign
validation,colon_n/colonn3548.jpeg,0,benign
validation,colon_n/colonn3554.jpeg,0,benign
validation,colon_n/colonn3566.jpeg,0,benign
validation,colon_n/colonn3567.jpeg,0,benign
validation,colon_n/colonn3568.jpeg,0,benign
validation,colon_n/colonn3577.jpeg,0,benign
validation,colon_n/colonn3580.jpeg,0,benign
validation,colon_n/colonn3581.jpeg,0,benign
validation,colon_n/colonn3583.jpeg,0,benign
validation,colon_n/colonn3600.jpeg,0,benign
validation,colon_n/colonn3605.jpeg,0,benign
validation,colon_n/colonn3607.jpeg,0,benign
validation,colon_n/colonn3619.jpeg,0,benign
validation,colon_n/colonn3620.jpeg,0,benign
validation,colon_n/colonn3634.jpeg,0,benign
validation,colon_n/colonn3636.jpeg,0,benign
validation,colon_n/colonn3637.jpeg,0,benign
validation,colon_n/colonn3640.jpeg,0,benign
validation,colon_n/colonn3646.jpeg,0,benign
validation,colon_n/colonn3651.jpeg,0,benign
validation,colon_n/colonn3654.jpeg,0,benign
validation,colon_n/colonn3661.jpeg,0,benign
validation,colon_n/colonn3662.jpeg,0,benign
validation,colon_n/colonn3664.jpeg,0,benign
validation,colon_n/colonn3668.jpeg,0,benign
validation,colon_n/colonn3677.jpeg,0,benign
validation,colon_n/colonn3688.jpeg,0,benign
validation,colon_n/colonn3693.jpeg,0,benign
validation,colon_n/colonn3699.jpeg,0,benign
validation,colon_n/colonn3702.jpeg,0,benign
validation,colon_n/colonn3713.jpeg,0,benign
validation,colon_n/colonn3717.jpeg,0,benign
validation,colon_n/colonn3732.jpeg,0,benign
validation,colon_n/colonn3737.jpeg,0,benign
validation,colon_n/colonn374.jpeg,0,benign
validation,colon_n/colonn375.jpeg,0,benign
validation,colon_n/colonn3752.jpeg,0,benign
validation,colon_n/colonn3762.jpeg,0,benign
validation,colon_n/colonn3764.jpeg,0,benign
validation,colon_n/colonn3765.jpeg,0,benign
validation,colon_n/colonn3770.jpeg,0,benign
validation,colon_n/colonn3780.jpeg,0,benign
validation,colon_n/colonn3793.jpeg,0,benign
validation,colon_n/colonn3797.jpeg,0,benign
validation,colon_n/colonn3799.jpeg,0,benign
validation,colon_n/colonn38.jpeg,0,benign
validation,colon_n/colonn3804.jpeg,0,benign
validation,colon_n/colonn3805.jpeg,0,benign
validation,colon_n/colonn3807.jpeg,0,benign
validation,colon_n/colonn3811.jpeg,0,benign
validation,colon_n/colonn3830.jpeg,0,benign
validation,colon_n/colonn3831.jpeg,0,benign
validation,colon_n/colonn3833.jpeg,0,benign
validation,colon_n/colonn3853.jpeg,0,benign
validation,colon_n/colonn3857.jpeg,0,benign
validation,colon_n/colonn3859.jpeg,0,benign
validation,colon_n/colonn3861.jpeg,0,benign
validation,colon_n/colonn3867.jpeg,0,benign
validation,colon_n/colonn3870.jpeg,0,benign
validation,colon_n/colonn3871.jpeg,0,benign
validation,colon_n/colonn3875.jpeg,0,benign
validation,colon_n/colonn3881.jpeg,0,benign
validation,colon_n/colonn3894.jpeg,0,benign
validation,colon_n/colonn3895.jpeg,0,benign
validation,colon_n/colonn3897.jpeg,0,benign
validation,colon_n/colonn39.jpeg,0,benign
validation,colon_n/colonn3900.jpeg,0,benign
validation,colon_n/colonn3905.jpeg,0,benign
validation,colon_n/colonn391.jpeg,0,benign
validation,colon_n/colonn3920.jpeg,0,benign
validation,colon_n/colonn3925.jpeg,0,benign
validation,colon_n/colonn3934.jpeg,0,benign
validation,colon_n/colonn395.jpeg,0,benign
validation,colon_n/colonn3952.jpeg,0,benign
validation,colon_n/colonn3955.jpeg,0,benign
validation,colon_n/colonn3958.jpeg,0,benign
validation,colon_n/colonn3967.jpeg,0,benign
validation,colon_n/colonn3975.jpeg,0,benign
validation,colon_n/colonn3983.jpeg,0,benign
validation,colon_n/colonn3991.jpeg,0,benign
validation,colon_n/colonn3992.jpeg,0,benign
validation,colon_n/colonn3997.jpeg,0,benign
validation,colon_n/colonn400.jpeg,0,benign
validation,colon_n/colonn4017.jpeg,0,benign
validation,colon_n/colonn4019.jpeg,0,benign
validation,colon_n/colonn403.jpeg,0,benign
validation,colon_n/colonn4030.jpeg,0,benign
validation,colon_n/colonn4034.jpeg,0,benign
validation,colon_n/colonn4049.jpeg,0,benign
validation,colon_n/colonn405.jpeg,0,benign
validation,colon_n/colonn4056.jpeg,0,benign
validation,colon_n/colonn4074.jpeg,0,benign
validation,colon_n/colonn4076.jpeg,0,benign
validation,colon_n/colonn4077.jpeg,0,benign
validation,colon_n/colonn4078.jpeg,0,benign
validation,colon_n/colonn4086.jpeg,0,benign
validation,colon_n/colonn4095.jpeg,0,benign
validation,colon_n/colonn4102.jpeg,0,benign
validation,colon_n/colonn4114.jpeg,0,benign
validation,colon_n/colonn412.jpeg,0,benign
validation,colon_n/colonn4125.jpeg,0,benign
validation,colon_n/colonn4127.jpeg,0,benign
validation,colon_n/colonn4137.jpeg,0,benign
validation,colon_n/colonn414.jpeg,0,benign
validation,colon_n/colonn4149.jpeg,0,benign
validation,colon_n/colonn4150.jpeg,0,benign
validation,colon_n/colonn4154.jpeg,0,benign
validation,colon_n/colonn4168.jpeg,0,benign
validation,colon_n/colonn4169.jpeg,0,benign
validation,colon_n/colonn4177.jpeg,0,benign
validation,colon_n/colonn4179.jpeg,0,benign
validation,colon_n/colonn4183.jpeg,0,benign
validation,colon_n/colonn4190.jpeg,0,benign
validation,colon_n/colonn4191.jpeg,0,benign
validation,colon_n/colonn42.jpeg,0,benign
validation,colon_n/colonn4204.jpeg,0,benign
validation,colon_n/colonn4210.jpeg,0,benign
validation,colon_n/colonn4213.jpeg,0,benign
validation,colon_n/colonn422.jpeg,0,benign
validation,colon_n/colonn4224.jpeg,0,benign
validation,colon_n/colonn4235.jpeg,0,benign
validation,colon_n/colonn4237.jpeg,0,benign
validation,colon_n/colonn4249.jpeg,0,benign
validation,colon_n/colonn4268.jpeg,0,benign
validation,colon_n/colonn4277.jpeg,0,benign
validation,colon_n/colonn4278.jpeg,0,benign
validation,colon_n/colonn4279.jpeg,0,benign
validation,colon_n/colonn4306.jpeg,0,benign
validation,colon_n/colonn4308.jpeg,0,benign
validation,colon_n/colonn4329.jpeg,0,benign
validation,colon_n/colonn4334.jpeg,0,benign
validation,colon_n/colonn4337.jpeg,0,benign
validation,colon_n/colonn4340.jpeg,0,benign
validation,colon_n/colonn4342.jpeg,0,benign
validation,colon_n/colonn4346.jpeg,0,benign
validation,colon_n/colonn4352.jpeg,0,benign
validation,colon_n/colonn4356.jpeg,0,benign
validation,colon_n/colonn4360.jpeg,0,benign
validation,colon_n/colonn4361.jpeg,0,benign
validation,colon_n/colonn4362.jpeg,0,benign
validation,colon_n/colonn4368.jpeg,0,benign
validation,colon_n/colonn438.jpeg,0,benign
validation,colon_n/colonn4385.jpeg,0,benign
validation,colon_n/colonn4391.jpeg,0,benign
validation,colon_n/colonn4393.jpeg,0,benign
validation,colon_n/colonn4398.jpeg,0,benign
validation,colon_n/colonn4399.jpeg,0,benign
validation,colon_n/colonn4400.jpeg,0,benign
validation,colon_n/colonn4410.jpeg,0,benign
validation,colon_n/colonn4417.jpeg,0,benign
validation,colon_n/colonn4423.jpeg,0,benign
validation,colon_n/colonn443.jpeg,0,benign
validation,colon_n/colonn4433.jpeg,0,benign
validation,colon_n/colonn4435.jpeg,0,benign
validation,colon_n/colonn4448.jpeg,0,benign
validation,colon_n/colonn4455.jpeg,0,benign
validation,colon_n/colonn4458.jpeg,0,benign
validation,colon_n/colonn4461.jpeg,0,benign
validation,colon_n/colonn4464.jpeg,0,benign
validation,colon_n/colonn4465.jpeg,0,benign
validation,colon_n/colonn4488.jpeg,0,benign
validation,colon_n/colonn4490.jpeg,0,benign
validation,colon_n/colonn4494.jpeg,0,benign
validation,colon_n/colonn450.jpeg,0,benign
validation,colon_n/colonn4509.jpeg,0,benign
validation,colon_n/colonn453.jpeg,0,benign
validation,colon_n/colonn4548.jpeg,0,benign
validation,colon_n/colonn4555.jpeg,0,benign
validation,colon_n/colonn4557.jpeg,0,benign
validation,colon_n/colonn4565.jpeg,0,benign
validation,colon_n/colonn4576.jpeg,0,benign
validation,colon_n/colonn4582.jpeg,0,benign
validation,colon_n/colonn4583.jpeg,0,benign
validation,colon_n/colonn4584.jpeg,0,benign
validation,colon_n/colonn4588.jpeg,0,benign
validation,colon_n/colonn4593.jpeg,0,benign
validation,colon_n/colonn4596.jpeg,0,benign
validation,colon_n/colonn46.jpeg,0,benign
validation,colon_n/colonn4602.jpeg,0,benign
validation,colon_n/colonn4611.jpeg,0,benign
validation,colon_n/colonn4614.jpeg,0,benign
validation,colon_n/colonn4618.jpeg,0,benign
validation,colon_n/colonn4634.jpeg,0,benign
validation,colon_n/colonn4645.jpeg,0,benign
validation,colon_n/colonn4650.jpeg,0,benign
validation,colon_n/colonn4653.jpeg,0,benign
validation,colon_n/colonn4654.jpeg,0,benign
validation,colon_n/colonn466.jpeg,0,benign
validation,colon_n/colonn4661.jpeg,0,benign
validation,colon_n/colonn4662.jpeg,0,benign
validation,colon_n/colonn4670.jpeg,0,benign
validation,colon_n/colonn4676.jpeg,0,benign
validation,colon_n/colonn4677.jpeg,0,benign
validation,colon_n/colonn4686.jpeg,0,benign
validation,colon_n/colonn4690.jpeg,0,benign
validation,colon_n/colonn4695.jpeg,0,benign
validation,colon_n/colonn4709.jpeg,0,benign
validation,colon_n/colonn4711.jpeg,0,benign
validation,colon_n/colonn4713.jpeg,0,benign
validation,colon_n/colonn4717.jpeg,0,benign
validation,colon_n/colonn4718.jpeg,0,benign
validation,colon_n/colonn4722.jpeg,0,benign
validation,colon_n/colonn4728.jpeg,0,benign
validation,colon_n/colonn475.jpeg,0,benign
validation,colon_n/colonn4750.jpeg,0,benign
validation,colon_n/colonn4752.jpeg,0,benign
validation,colon_n/colonn4753.jpeg,0,benign
validation,colon_n/colonn4757.jpeg,0,benign
validation,colon_n/colonn4759.jpeg,0,benign
validation,colon_n/colonn476.jpeg,0,benign
validation,colon_n/colonn4765.jpeg,0,benign
validation,colon_n/colonn4766.jpeg,0,benign
validation,colon_n/colonn4767.jpeg,0,benign
validation,colon_n/colonn4768.jpeg,0,benign
validation,colon_n/colonn4769.jpeg,0,benign
validation,colon_n/colonn4779.jpeg,0,benign
validation,colon_n/colonn4781.jpeg,0,benign
validation,colon_n/colonn4785.jpeg,0,benign
validation,colon_n/colonn4808.jpeg,0,benign
validation,colon_n/colonn4809.jpeg,0,benign
validation,colon_n/colonn4810.jpeg,0,benign
validation,colon_n/colonn4822.jpeg,0,benign
validation,colon_n/colonn4823.jpeg,0,benign
validation,colon_n/colonn4833.jpeg,0,benign
validation,colon_n/colonn4834.jpeg,0,benign
validation,colon_n/colonn4842.jpeg,0,benign
validation,colon_n/colonn4848.jpeg,0,benign
validation,colon_n/colonn4853.jpeg,0,benign
validation,colon_n/colonn4856.jpeg,0,benign
validation,colon_n/colonn4863.jpeg,0,benign
validation,colon_n/colonn4865.jpeg,0,benign
validation,colon_n/colonn4867.jpeg,0,benign
validation,colon_n/colonn4868.jpeg,0,benign
validation,colon_n/colonn4897.jpeg,0,benign
validation,colon_n/colonn4906.jpeg,0,benign
validation,colon_n/colonn4909.jpeg,0,benign
validation,colon_n/colonn4912.jpeg,0,benign
validation,colon_n/colonn4915.jpeg,0,benign
validation,colon_n/colonn492.jpeg,0,benign
validation,colon_n/colonn4926.jpeg,0,benign
validation,colon_n/colonn4929.jpeg,0,benign
validation,colon_n/colonn4932.jpeg,0,benign
validation,colon_n/colonn4934.jpeg,0,benign
validation,colon_n/colonn4940.jpeg,0,benign
validation,colon_n/colonn4941.jpeg,0,benign
validation,colon_n/colonn4948.jpeg,0,benign
validation,colon_n/colonn4951.jpeg,0,benign
validation,colon_n/colonn4953.jpeg,0,benign
validation,colon_n/colonn4958.jpeg,0,benign
validation,colon_n/colonn4975.jpeg,0,benign
validation,colon_n/colonn4983.jpeg,0,benign
validation,colon_n/colonn4986.jpeg,0,benign
validation,colon_n/colonn4988.jpeg,0,benign
validation,colon_n/colonn499.jpeg,0,benign
validation,colon_n/colonn501.jpeg,0,benign
validation,colon_n/colonn516.jpeg,0,benign
validation,colon_n/colonn520.jpeg,0,benign
validation,colon_n/colonn535.jpeg,0,benign
validation,colon_n/colonn536.jpeg,0,benign
validation,colon_n/colonn538.jpeg,0,benign
validation,colon_n/colonn540.jpeg,0,benign
validation,colon_n/colonn541.jpeg,0,benign
validation,colon_n/colonn545.jpeg,0,benign
validation,colon_n/colonn547.jpeg,0,benign
validation,colon_n/colonn559.jpeg,0,benign
validation,colon_n/colonn561.jpeg,0,benign
validation,colon_n/colonn573.jpeg,0,benign
validation,colon_n/colonn578.jpeg,0,benign
validation,colon_n/colonn579.jpeg,0,benign
validation,colon_n/colonn588.jpeg,0,benign
validation,colon_n/colonn592.jpeg,0,benign
validation,colon_n/colonn599.jpeg,0,benign
validation,colon_n/colonn600.jpeg,0,benign
validation,colon_n/colonn610.jpeg,0,benign
validation,colon_n/colonn612.jpeg,0,benign
validation,colon_n/colonn62.jpeg,0,benign
validation,colon_n/colonn623.jpeg,0,benign
validation,colon_n/colonn630.jpeg,0,benign
validation,colon_n/colonn654.jpeg,0,benign
validation,colon_n/colonn67.jpeg,0,benign
validation,colon_n/colonn671.jpeg,0,benign
validation,colon_n/colonn672.jpeg,0,benign
validation,colon_n/colonn680.jpeg,0,benign
validation,colon_n/colonn689.jpeg,0,benign
validation,colon_n/colonn691.jpeg,0,benign
validation,colon_n/colonn692.jpeg,0,benign
validation,colon_n/colonn70.jpeg,0,benign
validation,colon_n/colonn712.jpeg,0,benign
validation,colon_n/colonn72.jpeg,0,benign
validation,colon_n/colonn724.jpeg,0,benign
validation,colon_n/colonn731.jpeg,0,benign
validation,colon_n/colonn732.jpeg,0,benign
validation,colon_n/colonn734.jpeg,0,benign
validation,colon_n/colonn744.jpeg,0,benign
validation,colon_n/colonn75.jpeg,0,benign
validation,colon_n/colonn753.jpeg,0,benign
validation,colon_n/colonn759.jpeg,0,benign
validation,colon_n/colonn762.jpeg,0,benign
validation,colon_n/colonn767.jpeg,0,benign
validation,colon_n/colonn769.jpeg,0,benign
validation,colon_n/colonn772.jpeg,0,benign
validation,colon_n/colonn790.jpeg,0,benign
validation,colon_n/colonn797.jpeg,0,benign
validation,colon_n/colonn80.jpeg,0,benign
validation,colon_n/colonn800.jpeg,0,benign
validation,colon_n/colonn814.jpeg,0,benign
validation,colon_n/colonn817.jpeg,0,benign
validation,colon_n/colonn818.jpeg,0,benign
validation,colon_n/colonn821.jpeg,0,benign
validation,colon_n/colonn824.jpeg,0,benign
validation,colon_n/colonn825.jpeg,0,benign
validation,colon_n/colonn831.jpeg,0,benign
validation,colon_n/colonn837.jpeg,0,benign
validation,colon_n/colonn852.jpeg,0,benign
validation,colon_n/colonn858.jpeg,0,benign
validation,colon_n/colonn87.jpeg,0,benign
validation,colon_n/colonn873.jpeg,0,benign
validation,colon_n/colonn877.jpeg,0,benign
validation,colon_n/colonn88.jpeg,0,benign
validation,colon_n/colonn881.jpeg,0,benign
validation,colon_n/colonn887.jpeg,0,benign
validation,colon_n/colonn888.jpeg,0,benign
validation,colon_n/colonn890.jpeg,0,benign
validation,colon_n/colonn893.jpeg,0,benign
validation,colon_n/colonn898.jpeg,0,benign
validation,colon_n/colonn900.jpeg,0,benign
validation,colon_n/colonn905.jpeg,0,benign
validation,colon_n/colonn908.jpeg,0,benign
validation,colon_n/colonn916.jpeg,0,benign
validation,colon_n/colonn926.jpeg,0,benign
validation,colon_n/colonn929.jpeg,0,benign
validation,colon_n/colonn930.jpeg,0,benign
validation,colon_n/colonn935.jpeg,0,benign
validation,colon_n/colonn94.jpeg,0,benign
validation,colon_n/colonn950.jpeg,0,benign
validation,colon_n/colonn953.jpeg,0,benign
validation,colon_n/colonn954.jpeg,0,benign
validation,colon_n/colonn957.jpeg,0,benign
validation,colon_n/colonn96.jpeg,0,benign
validation,colon_n/colonn963.jpeg,0,benign
validation,colon_n/colonn967.jpeg,0,benign
validation,colon_n/colonn978.jpeg,0,benign
validation,colon_n/colonn987.jpeg,0,benign
validation,colon_n/colonn991.jpeg,0,benign
validation,colon_aca/colonca1011.jpeg,1,adenocarcinoma
validation,colon_aca/colonca1023.jpeg,1,adenocarcinoma
validation,colon_aca/colonca1038.jpeg,1,adenocarcinoma
validation,colon_aca/colonca105.jpeg,1,adenocarcinoma
validation,colon_aca/colonca1058.jpeg,1,adenocarcinoma
validation,colon_aca/colonca1063.jpeg,1,adenocarcinoma
validation,colon_aca/colonca1079.jpeg,1,adenocarcinoma
validation,colon_aca/colonca108.jpeg,1,adenocarcinoma
validation,colon_aca/colonca1098.jpeg,1,adenocarcinoma
validation,colon_aca/colonca1101.jpeg,1,adenocarcinoma
validation,colon_aca/colonca1111.jpeg,1,adenocarcinoma
validation,colon_aca/colonca1114.jpeg,1,adenocarcinoma
validation,colon_aca/colonca1124.jpeg,1,adenocarcinoma
validation,colon_aca/colonca1126.jpeg,1,adenocarcinoma
validation,colon_aca/colonca1129.jpeg,1,adenocarcinoma
validation,colon_aca/colonca1130.jpeg,1,adenocarcinoma
validation,colon_aca/colonca1137.jpeg,1,adenocarcinoma
validation,colon_aca/colonca1139.jpeg,1,adenocarcinoma
validation,colon_aca/colonca1152.jpeg,1,adenocarcinoma
validation,colon_aca/colonca1159.jpeg,1,adenocarcinoma
validation,colon_aca/colonca1164.jpeg,1,adenocarcinoma
validation,colon_aca/colonca1170.jpeg,1,adenocarcinoma
validation,colon_aca/colonca1171.jpeg,1,adenocarcinoma
validation,colon_aca/colonca1173.jpeg,1,adenocarcinoma
validation,colon_aca/colonca1186.jpeg,1,adenocarcinoma
validation,colon_aca/colonca1193.jpeg,1,adenocarcinoma
validation,colon_aca/colonca1197.jpeg,1,adenocarcinoma
validation,colon_aca/colonca120.jpeg,1,adenocarcinoma
validation,colon_aca/colonca1202.jpeg,1,adenocarcinoma
validation,colon_aca/colonca1203.jpeg,1,adenocarcinoma
validation,colon_aca/colonca1206.jpeg,1,adenocarcinoma
validation,colon_aca/colonca1217.jpeg,1,adenocarcinoma
validation,colon_aca/colonca1234.jpeg,1,adenocarcinoma
validation,colon_aca/colonca1236.jpeg,1,adenocarcinoma
validation,colon_aca/colonca1241.jpeg,1,adenocarcinoma
validation,colon_aca/colonca1248.jpeg,1,adenocarcinoma
validation,colon_aca/colonca125.jpeg,1,adenocarcinoma
validation,colon_aca/colonca1254.jpeg,1,adenocarcinoma
validation,colon_aca/colonca1264.jpeg,1,adenocarcinoma
validation,colon_aca/colonca1266.jpeg,1,adenocarcinoma
validation,colon_aca/colonca1275.jpeg,1,adenocarcinoma
validation,colon_aca/colonca1287.jpeg,1,adenocarcinoma
validation,colon_aca/colonca1291.jpeg,1,adenocarcinoma
validation,colon_aca/colonca1303.jpeg,1,adenocarcinoma
validation,colon_aca/colonca1304.jpeg,1,adenocarcinoma
validation,colon_aca/colonca1314.jpeg,1,adenocarcinoma
validation,colon_aca/colonca1321.jpeg,1,adenocarcinoma
validation,colon_aca/colonca1336.jpeg,1,adenocarcinoma
validation,colon_aca/colonca1342.jpeg,1,adenocarcinoma
validation,colon_aca/colonca1346.jpeg,1,adenocarcinoma
validation,colon_aca/colonca1347.jpeg,1,adenocarcinoma
validation,colon_aca/colonca135.jpeg,1,adenocarcinoma
validation,colon_aca/colonca1362.jpeg,1,adenocarcinoma
validation,colon_aca/colonca1371.jpeg,1,adenocarcinoma
validation,colon_aca/colonca1378.jpeg,1,adenocarcinoma
validation,colon_aca/colonca138.jpeg,1,adenocarcinoma
validation,colon_aca/colonca1381.jpeg,1,adenocarcinoma
validation,colon_aca/colonca1405.jpeg,1,adenocarcinoma
validation,colon_aca/colonca1420.jpeg,1,adenocarcinoma
validation,colon_aca/colonca1421.jpeg,1,adenocarcinoma
validation,colon_aca/colonca1439.jpeg,1,adenocarcinoma
validation,colon_aca/colonca144.jpeg,1,adenocarcinoma
validation,colon_aca/colonca1440.jpeg,1,adenocarcinoma
validation,colon_aca/colonca1443.jpeg,1,adenocarcinoma
validation,colon_aca/colonca145.jpeg,1,adenocarcinoma
validation,colon_aca/colonca1455.jpeg,1,adenocarcinoma
validation,colon_aca/colonca1462.jpeg,1,adenocarcinoma
validation,colon_aca/colonca1466.jpeg,1,adenocarcinoma
validation,colon_aca/colonca1467.jpeg,1,adenocarcinoma
validation,colon_aca/colonca1468.jpeg,1,adenocarcinoma
validation,colon_aca/colonca1472.jpeg,1,adenocarcinoma
validation,colon_aca/colonca1475.jpeg,1,adenocarcinoma
validation,colon_aca/colonca1480.jpeg,1,adenocarcinoma
validation,colon_aca/colonca1493.jpeg,1,adenocarcinoma
validation,colon_aca/colonca1497.jpeg,1,adenocarcinoma
validation,colon_aca/colonca15.jpeg,1,adenocarcinoma
validation,colon_aca/colonca1514.jpeg,1,adenocarcinoma
validation,colon_aca/colonca1524.jpeg,1,adenocarcinoma
validation,colon_aca/colonca1529.jpeg,1,adenocarcinoma
validation,colon_aca/colonca1539.jpeg,1,adenocarcinoma
validation,colon_aca/colonca1547.jpeg,1,adenocarcinoma
validation,colon_aca/colonca1548.jpeg,1,adenocarcinoma
validation,colon_aca/colonca1553.jpeg,1,adenocarcinoma
validation,colon_aca/colonca1562.jpeg,1,adenocarcinoma
validation,colon_aca/colonca1563.jpeg,1,adenocarcinoma
validation,colon_aca/colonca1575.jpeg,1,adenocarcinoma
validation,colon_aca/colonca1586.jpeg,1,adenocarcinoma
validation,colon_aca/colonca1610.jpeg,1,adenocarcinoma
validation,colon_aca/colonca1611.jpeg,1,adenocarcinoma
validation,colon_aca/colonca1617.jpeg,1,adenocarcinoma
validation,colon_aca/colonca1619.jpeg,1,adenocarcinoma
validation,colon_aca/colonca1620.jpeg,1,adenocarcinoma
validation,colon_aca/colonca1621.jpeg,1,adenocarcinoma
validation,colon_aca/colonca1635.jpeg,1,adenocarcinoma
validation,colon_aca/colonca1637.jpeg,1,adenocarcinoma
validation,colon_aca/colonca1644.jpeg,1,adenocarcinoma
validation,colon_aca/colonca1651.jpeg,1,adenocarcinoma
validation,colon_aca/colonca1670.jpeg,1,adenocarcinoma
validation,colon_aca/colonca1679.jpeg,1,adenocarcinoma
validation,colon_aca/colonca168.jpeg,1,adenocarcinoma
validation,colon_aca/colonca1703.jpeg,1,adenocarcinoma
validation,colon_aca/colonca1707.jpeg,1,adenocarcinoma
validation,colon_aca/colonca171.jpeg,1,adenocarcinoma
validation,colon_aca/colonca1716.jpeg,1,adenocarcinoma
validation,colon_aca/colonca1717.jpeg,1,adenocarcinoma
validation,colon_aca/colonca172.jpeg,1,adenocarcinoma
validation,colon_aca/colonca1725.jpeg,1,adenocarcinoma
validation,colon_aca/colonca1726.jpeg,1,adenocarcinoma
validation,colon_aca/colonca1734.jpeg,1,adenocarcinoma
validation,colon_aca/colonca1736.jpeg,1,adenocarcinoma
validation,colon_aca/colonca1742.jpeg,1,adenocarcinoma
validation,colon_aca/colonca1745.jpeg,1,adenocarcinoma
validation,colon_aca/colonca1753.jpeg,1,adenocarcinoma
validation,colon_aca/colonca1755.jpeg,1,adenocarcinoma
validation,colon_aca/colonca1757.jpeg,1,adenocarcinoma
validation,colon_aca/colonca1759.jpeg,1,adenocarcinoma
validation,colon_aca/colonca1761.jpeg,1,adenocarcinoma
validation,colon_aca/colonca1763.jpeg,1,adenocarcinoma
validation,colon_aca/colonca1774.jpeg,1,adenocarcinoma
validation,colon_aca/colonca1777.jpeg,1,adenocarcinoma
validation,colon_aca/colonca1782.jpeg,1,adenocarcinoma
validation,colon_aca/colonca1793.jpeg,1,adenocarcinoma
validation,colon_aca/colonca1799.jpeg,1,adenocarcinoma
validation,colon_aca/colonca18.jpeg,1,adenocarcinoma
validation,colon_aca/colonca180.jpeg,1,adenocarcinoma
validation,colon_aca/colonca1802.jpeg,1,adenocarcinoma
validation,colon_aca/colonca1803.jpeg,1,adenocarcinoma
validation,colon_aca/colonca181.jpeg,1,adenocarcinoma
validation,colon_aca/colonca1811.jpeg,1,adenocarcinoma
validation,colon_aca/colonca1815.jpeg,1,adenocarcinoma
validation,colon_aca/colonca1819.jpeg,1,adenocarcinoma
validation,colon_aca/colonca182.jpeg,1,adenocarcinoma
validation,colon_aca/colonca1822.jpeg,1,adenocarcinoma
validation,colon_aca/colonca1825.jpeg,1,adenocarcinoma
validation,colon_aca/colonca1826.jpeg,1,adenocarcinoma
validation,colon_aca/colonca183.jpeg,1,adenocarcinoma
validation,colon_aca/colonca1831.jpeg,1,adenocarcinoma
validation,colon_aca/colonca1843.jpeg,1,adenocarcinoma
validation,colon_aca/colonca1846.jpeg,1,adenocarcinoma
validation,colon_aca/colonca1850.jpeg,1,adenocarcinoma
validation,colon_aca/colonca1859.jpeg,1,adenocarcinoma
validation,colon_aca/colonca1878.jpeg,1,adenocarcinoma
validation,colon_aca/colonca1882.jpeg,1,adenocarcinoma
validation,colon_aca/colonca1885.jpeg,1,adenocarcinoma
validation,colon_aca/colonca1889.jpeg,1,adenocarcinoma
validation,colon_aca/colonca1898.jpeg,1,adenocarcinoma
validation,colon_aca/colonca1901.jpeg,1,adenocarcinoma
validation,colon_aca/colonca1906.jpeg,1,adenocarcinoma
validation,colon_aca/colonca1920.jpeg,1,adenocarcinoma
validation,colon_aca/colonca1925.jpeg,1,adenocarcinoma
validation,colon_aca/colonca1927.jpeg,1,adenocarcinoma
validation,colon_aca/colonca1936.jpeg,1,adenocarcinoma
validation,colon_aca/colonca1941.jpeg,1,adenocarcinoma
validation,colon_aca/colonca1943.jpeg,1,adenocarcinoma
validation,colon_aca/colonca1951.jpeg,1,adenocarcinoma
validation,colon_aca/colonca1969.jpeg,1,adenocarcinoma
validation,colon_aca/colonca1970.jpeg,1,adenocarcinoma
validation,colon_aca/colonca198.jpeg,1,adenocarcinoma
validation,colon_aca/colonca1987.jpeg,1,adenocarcinoma
validation,colon_aca/colonca1991.jpeg,1,adenocarcinoma
validation,colon_aca/colonca1994.jpeg,1,adenocarcinoma
validation,colon_aca/colonca2004.jpeg,1,adenocarcinoma
validation,colon_aca/colonca201.jpeg,1,adenocarcinoma
validation,colon_aca/colonca2013.jpeg,1,adenocarcinoma
validation,colon_aca/colonca2014.jpeg,1,adenocarcinoma
validation,colon_aca/colonca2018.jpeg,1,adenocarcinoma
validation,colon_aca/colonca2024.jpeg,1,adenocarcinoma
validation,colon_aca/colonca203.jpeg,1,adenocarcinoma
validation,colon_aca/colonca2040.jpeg,1,adenocarcinoma
validation,colon_aca/colonca2042.jpeg,1,adenocarcinoma
validation,colon_aca/colonca2046.jpeg,1,adenocarcinoma
validation,colon_aca/colonca2049.jpeg,1,adenocarcinoma
validation,colon_aca/colonca2051.jpeg,1,adenocarcinoma
validation,colon_aca/colonca2062.jpeg,1,adenocarcinoma
validation,colon_aca/colonca2064.jpeg,1,adenocarcinoma
validation,colon_aca/colonca2067.jpeg,1,adenocarcinoma
validation,colon_aca/colonca2069.jpeg,1,adenocarcinoma
validation,colon_aca/colonca2071.jpeg,1,adenocarcinoma
validation,colon_aca/colonca2087.jpeg,1,adenocarcinoma
validation,colon_aca/colonca2089.jpeg,1,adenocarcinoma
validation,colon_aca/colonca209.jpeg,1,adenocarcinoma
validation,colon_aca/colonca2092.jpeg,1,adenocarcinoma
validation,colon_aca/colonca2093.jpeg,1,adenocarcinoma
validation,colon_aca/colonca21.jpeg,1,adenocarcinoma
validation,colon_aca/colonca211.jpeg,1,adenocarcinoma
validation,colon_aca/colonca2117.jpeg,1,adenocarcinoma
validation,colon_aca/colonca2131.jpeg,1,adenocarcinoma
validation,colon_aca/colonca2134.jpeg,1,adenocarcinoma
validation,colon_aca/colonca2136.jpeg,1,adenocarcinoma
validation,colon_aca/colonca214.jpeg,1,adenocarcinoma
validation,colon_aca/colonca2140.jpeg,1,adenocarcinoma
validation,colon_aca/colonca2141.jpeg,1,adenocarcinoma
validation,colon_aca/colonca2144.jpeg,1,adenocarcinoma
validation,colon_aca/colonca215.jpeg,1,adenocarcinoma
validation,colon_aca/colonca2161.jpeg,1,adenocarcinoma
validation,colon_aca/colonca2165.jpeg,1,adenocarcinoma
validation,colon_aca/colonca217.jpeg,1,adenocarcinoma
validation,colon_aca/colonca2173.jpeg,1,adenocarcinoma
validation,colon_aca/colonca2175.jpeg,1,adenocarcinoma
validation,colon_aca/colonca218.jpeg,1,adenocarcinoma
validation,colon_aca/colonca2191.jpeg,1,adenocarcinoma
validation,colon_aca/colonca2192.jpeg,1,adenocarcinoma
validation,colon_aca/colonca220.jpeg,1,adenocarcinoma
validation,colon_aca/colonca2204.jpeg,1,adenocarcinoma
validation,colon_aca/colonca2213.jpeg,1,adenocarcinoma
validation,colon_aca/colonca2220.jpeg,1,adenocarcinoma
validation,colon_aca/colonca2229.jpeg,1,adenocarcinoma
validation,colon_aca/colonca2231.jpeg,1,adenocarcinoma
validation,colon_aca/colonca2236.jpeg,1,adenocarcinoma
validation,colon_aca/colonca2239.jpeg,1,adenocarcinoma
validation,colon_aca/colonca2250.jpeg,1,adenocarcinoma
validation,colon_aca/colonca2256.jpeg,1,adenocarcinoma
validation,colon_aca/colonca2262.jpeg,1,adenocarcinoma
validation,colon_aca/colonca2267.jpeg,1,adenocarcinoma
validation,colon_aca/colonca2269.jpeg,1,adenocarcinoma
validation,colon_aca/colonca2281.jpeg,1,adenocarcinoma
validation,colon_aca/colonca229.jpeg,1,adenocarcinoma
validation,colon_aca/colonca2290.jpeg,1,adenocarcinoma
validation,colon_aca/colonca23.jpeg,1,adenocarcinoma
validation,colon_aca/colonca2302.jpeg,1,adenocarcinoma
validation,colon_aca/colonca2304.jpeg,1,adenocarcinoma
validation,colon_aca/colonca2307.jpeg,1,adenocarcinoma
validation,colon_aca/colonca2316.jpeg,1,adenocarcinoma
validation,colon_aca/colonca2320.jpeg,1,adenocarcinoma
validation,colon_aca/colonca2326.jpeg,1,adenocarcinoma
validation,colon_aca/colonca2329.jpeg,1,adenocarcinoma
validation,colon_aca/colonca2331.jpeg,1,adenocarcinoma
validation,colon_aca/colonca2335.jpeg,1,adenocarcinoma
validation,colon_aca/colonca2348.jpeg,1,adenocarcinoma
validation,colon_aca/colonca2349.jpeg,1,adenocarcinoma
validation,colon_aca/colonca2352.jpeg,1,adenocarcinoma
validation,colon_aca/colonca2353.jpeg,1,adenocarcinoma
validation,colon_aca/colonca2355.jpeg,1,adenocarcinoma
validation,colon_aca/colonca2358.jpeg,1,adenocarcinoma
validation,colon_aca/colonca2361.jpeg,1,adenocarcinoma
validation,colon_aca/colonca2362.jpeg,1,adenocarcinoma
validation,colon_aca/colonca2364.jpeg,1,adenocarcinoma
validation,colon_aca/colonca2369.jpeg,1,adenocarcinoma
validation,colon_aca/colonca2372.jpeg,1,adenocarcinoma
validation,colon_aca/colonca2384.jpeg,1,adenocarcinoma
validation,colon_aca/colonca2387.jpeg,1,adenocarcinoma
validation,colon_aca/colonca2391.jpeg,1,adenocarcinoma
validation,colon_aca/colonca2398.jpeg,1,adenocarcinoma
validation,colon_aca/colonca2402.jpeg,1,adenocarcinoma
validation,colon_aca/colonca2409.jpeg,1,adenocarcinoma
validation,colon_aca/colonca2414.jpeg,1,adenocarcinoma
validation,colon_aca/colonca2420.jpeg,1,adenocarcinoma
validation,colon_aca/colonca2421.jpeg,1,adenocarcinoma
validation,colon_aca/colonca2423.jpeg,1,adenocarcinoma
validation,colon_aca/colonca2427.jpeg,1,adenocarcinoma
validation,colon_aca/colonca2430.jpeg,1,adenocarcinoma
validation,colon_aca/colonca2443.jpeg,1,adenocarcinoma
validation,colon_aca/colonca2457.jpeg,1,adenocarcinoma
validation,colon_aca/colonca2461.jpeg,1,adenocarcinoma
validation,colon_aca/colonca2466.jpeg,1,adenocarcinoma
validation,colon_aca/colonca2468.jpeg,1,adenocarcinoma
validation,colon_aca/colonca247.jpeg,1,adenocarcinoma
validation,colon_aca/colonca2472.jpeg,1,adenocarcinoma
validation,colon_aca/colonca2473.jpeg,1,adenocarcinoma
validation,colon_aca/colonca2476.jpeg,1,adenocarcinoma
validation,colon_aca/colonca248.jpeg,1,adenocarcinoma
validation,colon_aca/colonca2488.jpeg,1,adenocarcinoma
validation,colon_aca/colonca2508.jpeg,1,adenocarcinoma
validation,colon_aca/colonca2519.jpeg,1,adenocarcinoma
validation,colon_aca/colonca2523.jpeg,1,adenocarcinoma
validation,colon_aca/colonca2536.jpeg,1,adenocarcinoma
validation,colon_aca/colonca2539.jpeg,1,adenocarcinoma
validation,colon_aca/colonca2541.jpeg,1,adenocarcinoma
validation,colon_aca/colonca2546.jpeg,1,adenocarcinoma
validation,colon_aca/colonca2550.jpeg,1,adenocarcinoma
validation,colon_aca/colonca2551.jpeg,1,adenocarcinoma
validation,colon_aca/colonca2573.jpeg,1,adenocarcinoma
validation,colon_aca/colonca2575.jpeg,1,adenocarcinoma
validation,colon_aca/colonca2579.jpeg,1,adenocarcinoma
validation,colon_aca/colonca259.jpeg,1,adenocarcinoma
validation,colon_aca/colonca2593.jpeg,1,adenocarcinoma
validation,colon_aca/colonca2594.jpeg,1,adenocarcinoma
validation,colon_aca/colonca2595.jpeg,1,adenocarcinoma
validation,colon_aca/colonca2598.jpeg,1,adenocarcinoma
validation,colon_aca/colonca260.jpeg,1,adenocarcinoma
validation,colon_aca/colonca2602.jpeg,1,adenocarcinoma
validation,colon_aca/colonca2606.jpeg,1,adenocarcinoma
validation,colon_aca/colonca2609.jpeg,1,adenocarcinoma
validation,colon_aca/colonca2626.jpeg,1,adenocarcinoma
validation,colon_aca/colonca2628.jpeg,1,adenocarcinoma
validation,colon_aca/colonca2629.jpeg,1,adenocarcinoma
validation,colon_aca/colonca2638.jpeg,1,adenocarcinoma
validation,colon_aca/colonca2643.jpeg,1,adenocarcinoma
validation,colon_aca/colonca2668.jpeg,1,adenocarcinoma
validation,colon_aca/colonca2670.jpeg,1,adenocarcinoma
validation,colon_aca/colonca268.jpeg,1,adenocarcinoma
validation,colon_aca/colonca2683.jpeg,1,adenocarcinoma
validation,colon_aca/colonca2686.jpeg,1,adenocarcinoma
validation,colon_aca/colonca269.jpeg,1,adenocarcinoma
validation,colon_aca/colonca2698.jpeg,1,adenocarcinoma
validation,colon_aca/colonca2703.jpeg,1,adenocarcinoma
validation,colon_aca/colonca2704.jpeg,1,adenocarcinoma
validation,colon_aca/colonca2716.jpeg,1,adenocarcinoma
validation,colon_aca/colonca272.jpeg,1,adenocarcinoma
validation,colon_aca/colonca2745.jpeg,1,adenocarcinoma
validation,colon_aca/colonca2747.jpeg,1,adenocarcinoma
validation,colon_aca/colonca2749.jpeg,1,adenocarcinoma
validation,colon_aca/colonca2763.jpeg,1,adenocarcinoma
validation,colon_aca/colonca2767.jpeg,1,adenocarcinoma
validation,colon_aca/colonca2769.jpeg,1,adenocarcinoma
validation,colon_aca/colonca2770.jpeg,1,adenocarcinoma
validation,colon_aca/colonca2777.jpeg,1,adenocarcinoma
validation,colon_aca/colonca2779.jpeg,1,adenocarcinoma
validation,colon_aca/colonca2785.jpeg,1,adenocarcinoma
validation,colon_aca/colonca2787.jpeg,1,adenocarcinoma
validation,colon_aca/colonca2805.jpeg,1,adenocarcinoma
validation,colon_aca/colonca2809.jpeg,1,adenocarcinoma
validation,colon_aca/colonca2811.jpeg,1,adenocarcinoma
validation,colon_aca/colonca2827.jpeg,1,adenocarcinoma
validation,colon_aca/colonca2832.jpeg,1,adenocarcinoma
validation,colon_aca/colonca2833.jpeg,1,adenocarcinoma
validation,colon_aca/colonca2835.jpeg,1,adenocarcinoma
validation,colon_aca/colonca2837.jpeg,1,adenocarcinoma
validation,colon_aca/colonca2839.jpeg,1,adenocarcinoma
validation,colon_aca/colonca2845.jpeg,1,adenocarcinoma
validation,colon_aca/colonca2846.jpeg,1,adenocarcinoma
validation,colon_aca/colonca285.jpeg,1,adenocarcinoma
validation,colon_aca/colonca2852.jpeg,1,adenocarcinoma
validation,colon_aca/colonca2854.jpeg,1,adenocarcinoma
validation,colon_aca/colonca2855.jpeg,1,adenocarcinoma
validation,colon_aca/colonca2866.jpeg,1,adenocarcinoma
validation,colon_aca/colonca2868.jpeg,1,adenocarcinoma
validation,colon_aca/colonca2872.jpeg,1,adenocarcinoma
validation,colon_aca/colonca2881.jpeg,1,adenocarcinoma
validation,colon_aca/colonca2885.jpeg,1,adenocarcinoma
validation,colon_aca/colonca2889.jpeg,1,adenocarcinoma
validation,colon_aca/colonca2894.jpeg,1,adenocarcinoma
validation,colon_aca/colonca2905.jpeg,1,adenocarcinoma
validation,colon_aca/colonca291.jpeg,1,adenocarcinoma
validation,colon_aca/colonca2911.jpeg,1,adenocarcinoma
validation,colon_aca/colonca2912.jpeg,1,adenocarcinoma
validation,colon_aca/colonca2930.jpeg,1,adenocarcinoma
validation,colon_aca/colonca2939.jpeg,1,adenocarcinoma
validation,colon_aca/colonca294.jpeg,1,adenocarcinoma
validation,colon_aca/colonca2941.jpeg,1,adenocarcinoma
validation,colon_aca/colonca2942.jpeg,1,adenocarcinoma
validation,colon_aca/colonca2943.jpeg,1,adenocarcinoma
validation,colon_aca/colonca2952.jpeg,1,adenocarcinoma
validation,colon_aca/colonca2955.jpeg,1,adenocarcinoma
validation,colon_aca/colonca2958.jpeg,1,adenocarcinoma
validation,colon_aca/colonca2962.jpeg,1,adenocarcinoma
validation,colon_aca/colonca2963.jpeg,1,adenocarcinoma
validation,colon_aca/colonca2967.jpeg,1,adenocarcinoma
validation,colon_aca/colonca2988.jpeg,1,adenocarcinoma
validation,colon_aca/colonca3004.jpeg,1,adenocarcinoma
validation,colon_aca/colonca3005.jpeg,1,adenocarcinoma
validation,colon_aca/colonca3030.jpeg,1,adenocarcinoma
validation,colon_aca/colonca3033.jpeg,1,adenocarcinoma
validation,colon_aca/colonca3035.jpeg,1,adenocarcinoma
validation,colon_aca/colonca3042.jpeg,1,adenocarcinoma
validation,colon_aca/colonca3050.jpeg,1,adenocarcinoma
validation,colon_aca/colonca3054.jpeg,1,adenocarcinoma
validation,colon_aca/colonca3074.jpeg,1,adenocarcinoma
validation,colon_aca/colonca3081.jpeg,1,adenocarcinoma
validation,colon_aca/colonca3096.jpeg,1,adenocarcinoma
validation,colon_aca/colonca3097.jpeg,1,adenocarcinoma
validation,colon_aca/colonca3105.jpeg,1,adenocarcinoma
validation,colon_aca/colonca3109.jpeg,1,adenocarcinoma
validation,colon_aca/colonca3116.jpeg,1,adenocarcinoma
validation,colon_aca/colonca3118.jpeg,1,adenocarcinoma
validation,colon_aca/colonca3123.jpeg,1,adenocarcinoma
validation,colon_aca/colonca3126.jpeg,1,adenocarcinoma
validation,colon_aca/colonca3127.jpeg,1,adenocarcinoma
validation,colon_aca/colonca313.jpeg,1,adenocarcinoma
validation,colon_aca/colonca3132.jpeg,1,adenocarcinoma
validation,colon_aca/colonca3135.jpeg,1,adenocarcinoma
validation,colon_aca/colonca3139.jpeg,1,adenocarcinoma
validation,colon_aca/colonca3147.jpeg,1,adenocarcinoma
validation,colon_aca/colonca315.jpeg,1,adenocarcinoma
validation,colon_aca/colonca3150.jpeg,1,adenocarcinoma
validation,colon_aca/colonca3153.jpeg,1,adenocarcinoma
validation,colon_aca/colonca3154.jpeg,1,adenocarcinoma
validation,colon_aca/colonca3157.jpeg,1,adenocarcinoma
validation,colon_aca/colonca3160.jpeg,1,adenocarcinoma
validation,colon_aca/colonca3168.jpeg,1,adenocarcinoma
validation,colon_aca/colonca3172.jpeg,1,adenocarcinoma
validation,colon_aca/colonca3188.jpeg,1,adenocarcinoma
validation,colon_aca/colonca3189.jpeg,1,adenocarcinoma
validation,colon_aca/colonca3198.jpeg,1,adenocarcinoma
validation,colon_aca/colonca3238.jpeg,1,adenocarcinoma
validation,colon_aca/colonca3243.jpeg,1,adenocarcinoma
validation,colon_aca/colonca3252.jpeg,1,adenocarcinoma
validation,colon_aca/colonca3259.jpeg,1,adenocarcinoma
validation,colon_aca/colonca3265.jpeg,1,adenocarcinoma
validation,colon_aca/colonca3268.jpeg,1,adenocarcinoma
validation,colon_aca/colonca3271.jpeg,1,adenocarcinoma
validation,colon_aca/colonca3274.jpeg,1,adenocarcinoma
validation,colon_aca/colonca3278.jpeg,1,adenocarcinoma
validation,colon_aca/colonca3311.jpeg,1,adenocarcinoma
validation,colon_aca/colonca3313.jpeg,1,adenocarcinoma
validation,colon_aca/colonca3316.jpeg,1,adenocarcinoma
validation,colon_aca/colonca3318.jpeg,1,adenocarcinoma
validation,colon_aca/colonca3319.jpeg,1,adenocarcinoma
validation,colon_aca/colonca3321.jpeg,1,adenocarcinoma
validation,colon_aca/colonca3329.jpeg,1,adenocarcinoma
validation,colon_aca/colonca3336.jpeg,1,adenocarcinoma
validation,colon_aca/colonca334.jpeg,1,adenocarcinoma
validation,colon_aca/colonca3344.jpeg,1,adenocarcinoma
validation,colon_aca/colonca3355.jpeg,1,adenocarcinoma
validation,colon_aca/colonca3359.jpeg,1,adenocarcinoma
validation,colon_aca/colonca3374.jpeg,1,adenocarcinoma
validation,colon_aca/colonca3377.jpeg,1,adenocarcinoma
validation,colon_aca/colonca3379.jpeg,1,adenocarcinoma
validation,colon_aca/colonca3381.jpeg,1,adenocarcinoma
validation,colon_aca/colonca3383.jpeg,1,adenocarcinoma
validation,colon_aca/colonca3387.jpeg,1,adenocarcinoma
validation,colon_aca/colonca3388.jpeg,1,adenocarcinoma
validation,colon_aca/colonca339.jpeg,1,adenocarcinoma
validation,colon_aca/colonca3390.jpeg,1,adenocarcinoma
validation,colon_aca/colonca3398.jpeg,1,adenocarcinoma
validation,colon_aca/colonca3401.jpeg,1,adenocarcinoma
validation,colon_aca/colonca3407.jpeg,1,adenocarcinoma
validation,colon_aca/colonca3436.jpeg,1,adenocarcinoma
validation,colon_aca/colonca344.jpeg,1,adenocarcinoma
validation,colon_aca/colonca3443.jpeg,1,adenocarcinoma
validation,colon_aca/colonca3448.jpeg,1,adenocarcinoma
validation,colon_aca/colonca3449.jpeg,1,adenocarcinoma
validation,colon_aca/colonca3459.jpeg,1,adenocarcinoma
validation,colon_aca/colonca347.jpeg,1,adenocarcinoma
validation,colon_aca/colonca3473.jpeg,1,adenocarcinoma
validation,colon_aca/colonca3480.jpeg,1,adenocarcinoma
validation,colon_aca/colonca3487.jpeg,1,adenocarcinoma
validation,colon_aca/colonca350.jpeg,1,adenocarcinoma
validation,colon_aca/colonca3514.jpeg,1,adenocarcinoma
validation,colon_aca/colonca3515.jpeg,1,adenocarcinoma
validation,colon_aca/colonca3518.jpeg,1,adenocarcinoma
validation,colon_aca/colonca3521.jpeg,1,adenocarcinoma
validation,colon_aca/colonca3524.jpeg,1,adenocarcinoma
validation,colon_aca/colonca3527.jpeg,1,adenocarcinoma
validation,colon_aca/colonca353.jpeg,1,adenocarcinoma
validation,colon_aca/colonca3538.jpeg,1,adenocarcinoma
validation,colon_aca/colonca3551.jpeg,1,adenocarcinoma
validation,colon_aca/colonca3556.jpeg,1,adenocarcinoma
validation,colon_aca/colonca3558.jpeg,1,adenocarcinoma
validation,colon_aca/colonca356.jpeg,1,adenocarcinoma
validation,colon_aca/colonca3573.jpeg,1,adenocarcinoma
validation,colon_aca/colonca3576.jpeg,1,adenocarcinoma
validation,colon_aca/colonca3579.jpeg,1,adenocarcinoma
validation,colon_aca/colonca3590.jpeg,1,adenocarcinoma
validation,colon_aca/colonca3598.jpeg,1,adenocarcinoma
validation,colon_aca/colonca3604.jpeg,1,adenocarcinoma
validation,colon_aca/colonca3605.jpeg,1,adenocarcinoma
validation,colon_aca/colonca3608.jpeg,1,adenocarcinoma
validation,colon_aca/colonca3609.jpeg,1,adenocarcinoma
validation,colon_aca/colonca3624.jpeg,1,adenocarcinoma
validation,colon_aca/colonca3625.jpeg,1,adenocarcinoma
validation,colon_aca/colonca3628.jpeg,1,adenocarcinoma
validation,colon_aca/colonca3631.jpeg,1,adenocarcinoma
validation,colon_aca/colonca3635.jpeg,1,adenocarcinoma
validation,colon_aca/colonca3637.jpeg,1,adenocarcinoma
validation,colon_aca/colonca3639.jpeg,1,adenocarcinoma
validation,colon_aca/colonca3642.jpeg,1,adenocarcinoma
validation,colon_aca/colonca3644.jpeg,1,adenocarcinoma
validation,colon_aca/colonca3649.jpeg,1,adenocarcinoma
validation,colon_aca/colonca3653.jpeg,1,adenocarcinoma
validation,colon_aca/colonca3654.jpeg,1,adenocarcinoma
validation,colon_aca/colonca3665.jpeg,1,adenocarcinoma
validation,colon_aca/colonca3667.jpeg,1,adenocarcinoma
validation,colon_aca/colonca3668.jpeg,1,adenocarcinoma
validation,colon_aca/colonca3669.jpeg,1,adenocarcinoma
validation,colon_aca/colonca3671.jpeg,1,adenocarcinoma
validation,colon_aca/colonca3679.jpeg,1,adenocarcinoma
validation,colon_aca/colonca3689.jpeg,1,adenocarcinoma
validation,colon_aca/colonca3694.jpeg,1,adenocarcinoma
validation,colon_aca/colonca3699.jpeg,1,adenocarcinoma
validation,colon_aca/colonca3706.jpeg,1,adenocarcinoma
validation,colon_aca/colonca3707.jpeg,1,adenocarcinoma
validation,colon_aca/colonca3724.jpeg,1,adenocarcinoma
validation,colon_aca/colonca3767.jpeg,1,adenocarcinoma
validation,colon_aca/colonca3768.jpeg,1,adenocarcinoma
validation,colon_aca/colonca3772.jpeg,1,adenocarcinoma
validation,colon_aca/colonca3777.jpeg,1,adenocarcinoma
validation,colon_aca/colonca3788.jpeg,1,adenocarcinoma
validation,colon_aca/colonca3791.jpeg,1,adenocarcinoma
validation,colon_aca/colonca3795.jpeg,1,adenocarcinoma
validation,colon_aca/colonca3808.jpeg,1,adenocarcinoma
validation,colon_aca/colonca3810.jpeg,1,adenocarcinoma
validation,colon_aca/colonca3823.jpeg,1,adenocarcinoma
validation,colon_aca/colonca3837.jpeg,1,adenocarcinoma
validation,colon_aca/colonca384.jpeg,1,adenocarcinoma
validation,colon_aca/colonca3841.jpeg,1,adenocarcinoma
validation,colon_aca/colonca3842.jpeg,1,adenocarcinoma
validation,colon_aca/colonca3848.jpeg,1,adenocarcinoma
validation,colon_aca/colonca3851.jpeg,1,adenocarcinoma
validation,colon_aca/colonca3852.jpeg,1,adenocarcinoma
validation,colon_aca/colonca3857.jpeg,1,adenocarcinoma
validation,colon_aca/colonca386.jpeg,1,adenocarcinoma
validation,colon_aca/colonca3863.jpeg,1,adenocarcinoma
validation,colon_aca/colonca3866.jpeg,1,adenocarcinoma
validation,colon_aca/colonca3869.jpeg,1,adenocarcinoma
validation,colon_aca/colonca3870.jpeg,1,adenocarcinoma
validation,colon_aca/colonca3875.jpeg,1,adenocarcinoma
validation,colon_aca/colonca3882.jpeg,1,adenocarcinoma
validation,colon_aca/colonca3890.jpeg,1,adenocarcinoma
validation,colon_aca/colonca3902.jpeg,1,adenocarcinoma
validation,colon_aca/colonca3933.jpeg,1,adenocarcinoma
validation,colon_aca/colonca3934.jpeg,1,adenocarcinoma
validation,colon_aca/colonca394.jpeg,1,adenocarcinoma
validation,colon_aca/colonca3940.jpeg,1,adenocarcinoma
validation,colon_aca/colonca3943.jpeg,1,adenocarcinoma
validation,colon_aca/colonca3949.jpeg,1,adenocarcinoma
validation,colon_aca/colonca3951.jpeg,1,adenocarcinoma
validation,colon_aca/colonca3954.jpeg,1,adenocarcinoma
validation,colon_aca/colonca396.jpeg,1,adenocarcinoma
validation,colon_aca/colonca3966.jpeg,1,adenocarcinoma
validation,colon_aca/colonca3991.jpeg,1,adenocarcinoma
validation,colon_aca/colonca4003.jpeg,1,adenocarcinoma
validation,colon_aca/colonca401.jpeg,1,adenocarcinoma
validation,colon_aca/colonca4020.jpeg,1,adenocarcinoma
validation,colon_aca/colonca4026.jpeg,1,adenocarcinoma
validation,colon_aca/colonca4027.jpeg,1,adenocarcinoma
validation,colon_aca/colonca4048.jpeg,1,adenocarcinoma
validation,colon_aca/colonca4060.jpeg,1,adenocarcinoma
validation,colon_aca/colonca4071.jpeg,1,adenocarcinoma
validation,colon_aca/colonca4075.jpeg,1,adenocarcinoma
validation,colon_aca/colonca4077.jpeg,1,adenocarcinoma
validation,colon_aca/colonca4082.jpeg,1,adenocarcinoma
validation,colon_aca/colonca4088.jpeg,1,adenocarcinoma
validation,colon_aca/colonca4092.jpeg,1,adenocarcinoma
validation,colon_aca/colonca410.jpeg,1,adenocarcinoma
validation,colon_aca/colonca4113.jpeg,1,adenocarcinoma
validation,colon_aca/colonca413.jpeg,1,adenocarcinoma
validation,colon_aca/colonca4134.jpeg,1,adenocarcinoma
validation,colon_aca/colonca4145.jpeg,1,adenocarcinoma
validation,colon_aca/colonca4150.jpeg,1,adenocarcinoma
validation,colon_aca/colonca4151.jpeg,1,adenocarcinoma
validation,colon_aca/colonca4154.jpeg,1,adenocarcinoma
validation,colon_aca/colonca4161.jpeg,1,adenocarcinoma
validation,colon_aca/colonca4163.jpeg,1,adenocarcinoma
validation,colon_aca/colonca4181.jpeg,1,adenocarcinoma
validation,colon_aca/colonca4196.jpeg,1,adenocarcinoma
validation,colon_aca/colonca4200.jpeg,1,adenocarcinoma
validation,colon_aca/colonca4202.jpeg,1,adenocarcinoma
validation,colon_aca/colonca4203.jpeg,1,adenocarcinoma
validation,colon_aca/colonca4205.jpeg,1,adenocarcinoma
validation,colon_aca/colonca4209.jpeg,1,adenocarcinoma
validation,colon_aca/colonca4210.jpeg,1,adenocarcinoma
validation,colon_aca/colonca4214.jpeg,1,adenocarcinoma
validation,colon_aca/colonca4216.jpeg,1,adenocarcinoma
validation,colon_aca/colonca422.jpeg,1,adenocarcinoma
validation,colon_aca/colonca4228.jpeg,1,adenocarcinoma
validation,colon_aca/colonca4231.jpeg,1,adenocarcinoma
validation,colon_aca/colonca4255.jpeg,1,adenocarcinoma
validation,colon_aca/colonca4259.jpeg,1,adenocarcinoma
validation,colon_aca/colonca426.jpeg,1,adenocarcinoma
validation,colon_aca/colonca427.jpeg,1,adenocarcinoma
validation,colon_aca/colonca4274.jpeg,1,adenocarcinoma
validation,colon_aca/colonca4289.jpeg,1,adenocarcinoma
validation,colon_aca/colonca429.jpeg,1,adenocarcinoma
validation,colon_aca/colonca4291.jpeg,1,adenocarcinoma
validation,colon_aca/colonca4296.jpeg,1,adenocarcinoma
validation,colon_aca/colonca43.jpeg,1,adenocarcinoma
validation,colon_aca/colonca4304.jpeg,1,adenocarcinoma
validation,colon_aca/colonca4305.jpeg,1,adenocarcinoma
validation,colon_aca/colonca4311.jpeg,1,adenocarcinoma
validation,colon_aca/colonca4344.jpeg,1,adenocarcinoma
validation,colon_aca/colonca4348.jpeg,1,adenocarcinoma
validation,colon_aca/colonca4349.jpeg,1,adenocarcinoma
validation,colon_aca/colonca4357.jpeg,1,adenocarcinoma
validation,colon_aca/colonca4359.jpeg,1,adenocarcinoma
validation,colon_aca/colonca436.jpeg,1,adenocarcinoma
validation,colon_aca/colonca4365.jpeg,1,adenocarcinoma
validation,colon_aca/colonca4369.jpeg,1,adenocarcinoma
validation,colon_aca/colonca4371.jpeg,1,adenocarcinoma
validation,colon_aca/colonca4372.jpeg,1,adenocarcinoma
validation,colon_aca/colonca4379.jpeg,1,adenocarcinoma
validation,colon_aca/colonca438.jpeg,1,adenocarcinoma
validation,colon_aca/colonca4387.jpeg,1,adenocarcinoma
validation,colon_aca/colonca4409.jpeg,1,adenocarcinoma
validation,colon_aca/colonca4411.jpeg,1,adenocarcinoma
validation,colon_aca/colonca4431.jpeg,1,adenocarcinoma
validation,colon_aca/colonca4436.jpeg,1,adenocarcinoma
validation,colon_aca/colonca4437.jpeg,1,adenocarcinoma
validation,colon_aca/colonca444.jpeg,1,adenocarcinoma
validation,colon_aca/colonca4451.jpeg,1,adenocarcinoma
validation,colon_aca/colonca4457.jpeg,1,adenocarcinoma
validation,colon_aca/colonca4468.jpeg,1,adenocarcinoma
validation,colon_aca/colonca4479.jpeg,1,adenocarcinoma
validation,colon_aca/colonca448.jpeg,1,adenocarcinoma
validation,colon_aca/colonca449.jpeg,1,adenocarcinoma
validation,colon_aca/colonca4492.jpeg,1,adenocarcinoma
validation,colon_aca/colonca4504.jpeg,1,adenocarcinoma
validation,colon_aca/colonca4508.jpeg,1,adenocarcinoma
validation,colon_aca/colonca4512.jpeg,1,adenocarcinoma
validation,colon_aca/colonca4515.jpeg,1,adenocarcinoma
validation,colon_aca/colonca4521.jpeg,1,adenocarcinoma
validation,colon_aca/colonca4532.jpeg,1,adenocarcinoma
validation,colon_aca/colonca456.jpeg,1,adenocarcinoma
validation,colon_aca/colonca4564.jpeg,1,adenocarcinoma
validation,colon_aca/colonca4565.jpeg,1,adenocarcinoma
validation,colon_aca/colonca4567.jpeg,1,adenocarcinoma
validation,colon_aca/colonca4571.jpeg,1,adenocarcinoma
validation,colon_aca/colonca4572.jpeg,1,adenocarcinoma
validation,colon_aca/colonca4575.jpeg,1,adenocarcinoma
validation,colon_aca/colonca4579.jpeg,1,adenocarcinoma
validation,colon_aca/colonca4582.jpeg,1,adenocarcinoma
validation,colon_aca/colonca4596.jpeg,1,adenocarcinoma
validation,colon_aca/colonca4600.jpeg,1,adenocarcinoma
validation,colon_aca/colonca4601.jpeg,1,adenocarcinoma
validation,colon_aca/colonca4603.jpeg,1,adenocarcinoma
validation,colon_aca/colonca4610.jpeg,1,adenocarcinoma
validation,colon_aca/colonca4616.jpeg,1,adenocarcinoma
validation,colon_aca/colonca4618.jpeg,1,adenocarcinoma
validation,colon_aca/colonca4627.jpeg,1,adenocarcinoma
validation,colon_aca/colonca464.jpeg,1,adenocarcinoma
validation,colon_aca/colonca4644.jpeg,1,adenocarcinoma
validation,colon_aca/colonca4650.jpeg,1,adenocarcinoma
validation,colon_aca/colonca4655.jpeg,1,adenocarcinoma
validation,colon_aca/colonca4659.jpeg,1,adenocarcinoma
validation,colon_aca/colonca4669.jpeg,1,adenocarcinoma
validation,colon_aca/colonca4675.jpeg,1,adenocarcinoma
validation,colon_aca/colonca4677.jpeg,1,adenocarcinoma
validation,colon_aca/colonca4687.jpeg,1,adenocarcinoma
validation,colon_aca/colonca4690.jpeg,1,adenocarcinoma
validation,colon_aca/colonca4701.jpeg,1,adenocarcinoma
validation,colon_aca/colonca4704.jpeg,1,adenocarcinoma
validation,colon_aca/colonca4711.jpeg,1,adenocarcinoma
validation,colon_aca/colonca4712.jpeg,1,adenocarcinoma
validation,colon_aca/colonca4714.jpeg,1,adenocarcinoma
validation,colon_aca/colonca4716.jpeg,1,adenocarcinoma
validation,colon_aca/colonca4717.jpeg,1,adenocarcinoma
validation,colon_aca/colonca4721.jpeg,1,adenocarcinoma
validation,colon_aca/colonca4728.jpeg,1,adenocarcinoma
validation,colon_aca/colonca4739.jpeg,1,adenocarcinoma
validation,colon_aca/colonca4743.jpeg,1,adenocarcinoma
validation,colon_aca/colonca4745.jpeg,1,adenocarcinoma
validation,colon_aca/colonca4771.jpeg,1,adenocarcinoma
validation,colon_aca/colonca4776.jpeg,1,adenocarcinoma
validation,colon_aca/colonca4779.jpeg,1,adenocarcinoma
validation,colon_aca/colonca4787.jpeg,1,adenocarcinoma
validation,colon_aca/colonca4807.jpeg,1,adenocarcinoma
validation,colon_aca/colonca4814.jpeg,1,adenocarcinoma
validation,colon_aca/colonca4818.jpeg,1,adenocarcinoma
validation,colon_aca/colonca4824.jpeg,1,adenocarcinoma
validation,colon_aca/colonca4826.jpeg,1,adenocarcinoma
validation,colon_aca/colonca4836.jpeg,1,adenocarcinoma
validation,colon_aca/colonca4837.jpeg,1,adenocarcinoma
validation,colon_aca/colonca4839.jpeg,1,adenocarcinoma
validation,colon_aca/colonca4853.jpeg,1,adenocarcinoma
validation,colon_aca/colonca4866.jpeg,1,adenocarcinoma
validation,colon_aca/colonca4874.jpeg,1,adenocarcinoma
validation,colon_aca/colonca4876.jpeg,1,adenocarcinoma
validation,colon_aca/colonca4877.jpeg,1,adenocarcinoma
validation,colon_aca/colonca4890.jpeg,1,adenocarcinoma
validation,colon_aca/colonca4907.jpeg,1,adenocarcinoma
validation,colon_aca/colonca4909.jpeg,1,adenocarcinoma
validation,colon_aca/colonca4916.jpeg,1,adenocarcinoma
validation,colon_aca/colonca4919.jpeg,1,adenocarcinoma
validation,colon_aca/colonca4933.jpeg,1,adenocarcinoma
validation,colon_aca/colonca4943.jpeg,1,adenocarcinoma
validation,colon_aca/colonca4947.jpeg,1,adenocarcinoma
validation,colon_aca/colonca4949.jpeg,1,adenocarcinoma
validation,colon_aca/colonca4951.jpeg,1,adenocarcinoma
validation,colon_aca/colonca4966.jpeg,1,adenocarcinoma
validation,colon_aca/colonca4971.jpeg,1,adenocarcinoma
validation,colon_aca/colonca4976.jpeg,1,adenocarcinoma
validation,colon_aca/colonca4977.jpeg,1,adenocarcinoma
validation,colon_aca/colonca4979.jpeg,1,adenocarcinoma
validation,colon_aca/colonca4985.jpeg,1,adenocarcinoma
validation,colon_aca/colonca50.jpeg,1,adenocarcinoma
validation,colon_aca/colonca51.jpeg,1,adenocarcinoma
validation,colon_aca/colonca511.jpeg,1,adenocarcinoma
validation,colon_aca/colonca521.jpeg,1,adenocarcinoma
validation,colon_aca/colonca53.jpeg,1,adenocarcinoma
validation,colon_aca/colonca535.jpeg,1,adenocarcinoma
validation,colon_aca/colonca543.jpeg,1,adenocarcinoma
validation,colon_aca/colonca545.jpeg,1,adenocarcinoma
validation,colon_aca/colonca55.jpeg,1,adenocarcinoma
validation,colon_aca/colonca554.jpeg,1,adenocarcinoma
validation,colon_aca/colonca558.jpeg,1,adenocarcinoma
validation,colon_aca/colonca560.jpeg,1,adenocarcinoma
validation,colon_aca/colonca563.jpeg,1,adenocarcinoma
validation,colon_aca/colonca573.jpeg,1,adenocarcinoma
validation,colon_aca/colonca575.jpeg,1,adenocarcinoma
validation,colon_aca/colonca578.jpeg,1,adenocarcinoma
validation,colon_aca/colonca581.jpeg,1,adenocarcinoma
validation,colon_aca/colonca587.jpeg,1,adenocarcinoma
validation,colon_aca/colonca589.jpeg,1,adenocarcinoma
validation,colon_aca/colonca590.jpeg,1,adenocarcinoma
validation,colon_aca/colonca600.jpeg,1,adenocarcinoma
validation,colon_aca/colonca601.jpeg,1,adenocarcinoma
validation,colon_aca/colonca608.jpeg,1,adenocarcinoma
validation,colon_aca/colonca609.jpeg,1,adenocarcinoma
validation,colon_aca/colonca626.jpeg,1,adenocarcinoma
validation,colon_aca/colonca630.jpeg,1,adenocarcinoma
validation,colon_aca/colonca64.jpeg,1,adenocarcinoma
validation,colon_aca/colonca646.jpeg,1,adenocarcinoma
validation,colon_aca/colonca658.jpeg,1,adenocarcinoma
validation,colon_aca/colonca66.jpeg,1,adenocarcinoma
validation,colon_aca/colonca677.jpeg,1,adenocarcinoma
validation,colon_aca/colonca678.jpeg,1,adenocarcinoma
validation,colon_aca/colonca681.jpeg,1,adenocarcinoma
validation,colon_aca/colonca69.jpeg,1,adenocarcinoma
validation,colon_aca/colonca70.jpeg,1,adenocarcinoma
validation,colon_aca/colonca701.jpeg,1,adenocarcinoma
validation,colon_aca/colonca704.jpeg,1,adenocarcinoma
validation,colon_aca/colonca706.jpeg,1,adenocarcinoma
validation,colon_aca/colonca708.jpeg,1,adenocarcinoma
validation,colon_aca/colonca73.jpeg,1,adenocarcinoma
validation,colon_aca/colonca738.jpeg,1,adenocarcinoma
validation,colon_aca/colonca749.jpeg,1,adenocarcinoma
validation,colon_aca/colonca751.jpeg,1,adenocarcinoma
validation,colon_aca/colonca753.jpeg,1,adenocarcinoma
validation,colon_aca/colonca758.jpeg,1,adenocarcinoma
validation,colon_aca/colonca763.jpeg,1,adenocarcinoma
validation,colon_aca/colonca768.jpeg,1,adenocarcinoma
validation,colon_aca/colonca769.jpeg,1,adenocarcinoma
validation,colon_aca/colonca777.jpeg,1,adenocarcinoma
validation,colon_aca/colonca78.jpeg,1,adenocarcinoma
validation,colon_aca/colonca788.jpeg,1,adenocarcinoma
validation,colon_aca/colonca791.jpeg,1,adenocarcinoma
validation,colon_aca/colonca792.jpeg,1,adenocarcinoma
validation,colon_aca/colonca793.jpeg,1,adenocarcinoma
validation,colon_aca/colonca799.jpeg,1,adenocarcinoma
validation,colon_aca/colonca805.jpeg,1,adenocarcinoma
validation,colon_aca/colonca807.jpeg,1,adenocarcinoma
validation,colon_aca/colonca81.jpeg,1,adenocarcinoma
validation,colon_aca/colonca821.jpeg,1,adenocarcinoma
validation,colon_aca/colonca826.jpeg,1,adenocarcinoma
validation,colon_aca/colonca848.jpeg,1,adenocarcinoma
validation,colon_aca/colonca85.jpeg,1,adenocarcinoma
validation,colon_aca/colonca861.jpeg,1,adenocarcinoma
validation,colon_aca/colonca864.jpeg,1,adenocarcinoma
validation,colon_aca/colonca866.jpeg,1,adenocarcinoma
validation,colon_aca/colonca877.jpeg,1,adenocarcinoma
validation,colon_aca/colonca879.jpeg,1,adenocarcinoma
validation,colon_aca/colonca895.jpeg,1,adenocarcinoma
validation,colon_aca/colonca899.jpeg,1,adenocarcinoma
validation,colon_aca/colonca900.jpeg,1,adenocarcinoma
validation,colon_aca/colonca911.jpeg,1,adenocarcinoma
validation,colon_aca/colonca923.jpeg,1,adenocarcinoma
validation,colon_aca/colonca924.jpeg,1,adenocarcinoma
validation,colon_aca/colonca925.jpeg,1,adenocarcinoma
validation,colon_aca/colonca926.jpeg,1,adenocarcinoma
validation,colon_aca/colonca940.jpeg,1,adenocarcinoma
validation,colon_aca/colonca950.jpeg,1,adenocarcinoma
validation,colon_aca/colonca951.jpeg,1,adenocarcinoma
validation,colon_aca/colonca960.jpeg,1,adenocarcinoma
validation,colon_aca/colonca967.jpeg,1,adenocarcinoma
validation,colon_aca/colonca968.jpeg,1,adenocarcinoma
validation,colon_aca/colonca984.jpeg,1,adenocarcinoma
validation,colon_aca/colonca987.jpeg,1,adenocarcinoma
validation,colon_aca/colonca990.jpeg,1,adenocarcinoma
validation,colon_aca/colonca994.jpeg,1,adenocarcinoma
validation,colon_aca/colonca999.jpeg,1,adenocarcinoma
